0.3999999, 0, 0, 20.45816, 3.73353, 0, 604.0814, -1739.122, -5.741346, 0.01966487, 0.1582343, 34.02153, 3.283906, 2.807676, 61.75628
 
0.4099999, -0.1116458, 0, 20.94476, 3.726657, 1.1498939147800179549113446009, 640.0269, -1739.459, -5.741346, 0.01966487, 0.1582343, 35.01968, 3.283906, 2.807386, 61.77115
 
0.4199999, -0.1146303, -0.001116458, 21.43011, 3.719776, 1.1196728301278823993256553991, 676.9045, -1739.797, -5.741346, 0.01966487, 0.1582343, 36.01506, 3.283906, 2.807097, 61.78602
 
0.4299999, -0.1175618, -0.002262761, 21.90773, 3.707223, 1.091007392261431124965, 714.6393, -1740.135, -5.741346, 0.01966487, 0.1582343, 37.00592, 3.283906, 2.806807, 61.8009
 
0.4399998, -0.1204637, -0.00343838, 22.38778, 3.697489, 1.0638008040192505660806553991, 753.3524, -1740.474, -5.741346, 0.01966487, 0.1582343, 37.9957, 3.283906, 2.806517, 61.81577
 
0.4499998, -0.1233308, -0.004643016, 22.87723, 3.696724, 1.037822559502697030215, 793.1092, -1740.812, -5.741346, 0.01966487, 0.1582343, 38.9861, 3.283906, 2.806228, 61.83065
 
0.4599998, -0.126164, -0.005876324, 23.37339, 3.701394, 1.0129191923261056529486553991, 833.9826, -1741.151, -5.741346, 0.01966487, 0.1582343, 39.97881, 3.283906, 2.805938, 61.84552
 
0.4699998, -0.1289319, -0.007137964, 23.86654, 3.703465, 0.988956381111991805932, 875.8333, -1741.49, -5.741346, 0.01966487, 0.1582343, 40.97041, 3.283906, 2.805648, 61.8604
 
0.4799998, -0.1316209, -0.008427283, 24.34576, 3.693705, 0.9659373422217379536986553991, 918.5062, -1741.828, -5.741346, 0.01966487, 0.1582343, 41.95745, 3.283906, 2.805359, 61.87527
 
0.4899998, -0.1342896, -0.009743491, 24.83607, 3.69293, 0.943857634013437312427, 962.3716, -1742.168, -5.741346, 0.01966487, 0.1582343, 42.94852, 3.283906, 2.805069, 61.89015
 
0.4999998, -0.1368618, -0.01108639, 25.32771, 3.694759, 0.9224495326925291808903446009, 1007.126, -1742.507, -5.741346, 0.01966487, 0.1582343, 43.93672, 3.283906, 2.804779, 61.90502
 
0.5099998, -0.1393475, -0.01245501, 25.80276, 3.682131, 0.901802024257095310581, 1052.679, -1742.847, -5.741346, 0.01966487, 0.1582343, 44.92032, 3.283906, 2.80449, 61.9199
 
0.5199998, -0.1417768, -0.01384848, 26.28389, 3.675181, 0.8818832514134972736083446009, 1099.264, -1743.187, -5.741346, 0.01966487, 0.1582343, 45.90448, 3.283906, 2.8042, 61.93477
 
0.5299998, -0.1441362, -0.01526625, 26.77812, 3.680084, 0.862531323972465510448, 1146.965, -1743.527, -5.741346, 0.01966487, 0.1582343, 46.8909, 3.283906, 2.80391, 61.94965
 
0.5399998, -0.1463958, -0.01670761, 27.26906, 3.682142, 0.843667058180111292311, 1195.618, -1743.867, -5.741346, 0.01966487, 0.1582343, 47.87617, 3.283906, 2.803621, 61.96452
 
0.5499998, -0.1485627, -0.01817157, 27.75362, 3.678265, 0.825310977485218498872, 1245.219, -1744.208, -5.741346, 0.01966487, 0.1582343, 48.86028, 3.283906, 2.803331, 61.9794
 
0.5599998, -0.1506489, -0.0196572, 28.24536, 3.680323, 0.8074178996684513247853446009, 1295.942, -1744.549, -5.741346, 0.01966487, 0.1582343, 49.84666, 3.283906, 2.803041, 61.99427
 
0.5699998, -0.1526178, -0.02116369, 28.73639, 3.682141, 0.7898962350106199664743446009, 1347.611, -1744.889, -5.741346, 0.01966487, 0.1582343, 50.83185, 3.283906, 2.802752, 62.00915
 
0.5799997, -0.1544865, -0.02268986, 29.22496, 3.681108, 0.772767425920900011479, 1400.314, -1745.23, -5.741346, 0.01966487, 0.1582343, 51.81756, 3.283906, 2.802462, 62.02402
 
0.5899997, -0.1562222, -0.02423473, 29.70935, 3.677217, 0.7559721994539259826416553991, 1453.865, -1745.572, -5.741346, 0.01966487, 0.1582343, 52.80037, 3.283906, 2.802172, 62.03889
 
0.5999997, -0.1578879, -0.02579695, 30.20944, 3.685223, 0.7395293942977577574146553991, 1508.835, -1745.913, -5.741346, 0.01966487, 0.1582343, 53.79064, 3.283906, 2.801883, 62.05377
 
0.6099997, -0.1594018, -0.02737583, 30.71563, 3.698951, 0.723265786418269696457, 1564.85, -1746.255, -5.741346, 0.01966487, 0.1582343, 54.78143, 3.283906, 2.801593, 62.06865
 
0.6199997, -0.1607879, -0.02896985, 31.21053, 3.701015, 0.707258262168365898292, 1621.912, -1746.597, -5.741346, 0.01966487, 0.1582343, 55.77275, 3.283906, 2.801304, 62.08352
 
0.6299997, -0.162008, -0.03057773, 31.69419, 3.694021, 0.691483541218082764847, 1679.715, -1746.939, -5.741346, 0.01966487, 0.1582343, 56.75939, 3.283906, 2.801014, 62.0984
 
0.6399997, -0.1630914, -0.03219781, 32.1745, 3.684159, 0.675983589425378231736, 1738.453, -1747.282, -5.741346, 0.01966487, 0.1582343, 57.74484, 3.283906, 2.800724, 62.11327
 
0.6499997, -0.1640503, -0.03382872, 32.67563, 3.692181, 0.6606917821617439692746553991, 1798.547, -1747.624, -5.741346, 0.01966487, 0.1582343, 58.73602, 3.283906, 2.800434, 62.12814
 
0.6599997, -0.1648226, -0.03546922, 33.17604, 3.699971, 0.6455088717047039887323446009, 1859.58, -1747.967, -5.741346, 0.01966487, 0.1582343, 59.72598, 3.283906, 2.800145, 62.14302
 
0.6699997, -0.1654729, -0.03711745, 33.68337, 3.710872, 0.630500563722384101532, 1922.099, -1748.31, -5.741346, 0.01966487, 0.1582343, 60.72342, 3.283906, 2.799855, 62.15789
 
0.6799996, -0.1659097, -0.03877218, 34.18649, 3.718916, 0.615561177769555642681, 1985.456, -1748.653, -5.741346, 0.01966487, 0.1582343, 61.71789, 3.283906, 2.799566, 62.17277
 
0.6899996, -0.1661932, -0.04043128, 34.68174, 3.71788, 0.600786285727117048244, 2049.982, -1748.996, -5.741346, 0.01966487, 0.1582343, 62.71461, 3.283906, 2.799276, 62.18764
 
0.6999996, -0.1662654, -0.04209321, 35.17565, 3.716841, 0.5861097224467566082696553991, 2115.337, -1749.34, -5.741346, 0.01966487, 0.1582343, 63.70837, 3.283906, 2.798986, 62.20252
 
0.7099996, -0.1661724, -0.04375586, 35.67473, 3.718912, 0.5715680931841352982856553991, 2181.98, -1749.684, -5.741346, 0.01966487, 0.1582343, 64.70612, 3.283906, 2.798697, 62.21739
 
0.7199996, -0.1658573, -0.04541759, 36.17596, 3.723618, 0.5570868089873367132356553991, 2249.568, -1750.028, -5.741346, 0.01966487, 0.1582343, 65.70267, 3.283906, 2.798407, 62.23227
 
0.7299996, -0.1653446, -0.04707616, 36.67228, 3.723056, 0.5427024751120248918486553991, 2318.216, -1750.372, -5.741346, 0.01966487, 0.1582343, 66.69971, 3.283906, 2.798117, 62.24714
 
0.7399996, -0.1646171, -0.04872961, 37.1711, 3.724649, 0.5283907391077789882756553991, 2387.924, -1750.716, -5.741346, 0.01966487, 0.1582343, 67.69727, 3.283906, 2.797827, 62.26202
 
0.7499996, -0.1636892, -0.05037578, 37.68247, 3.735836, 0.5141419518904669249223446009, 2459.07, -1751.061, -5.741346, 0.01966487, 0.1582343, 68.70057, 3.283906, 2.797538, 62.27689
 
0.7599996, -0.1625194, -0.05201267, 38.19395, 3.746792, 0.499912769161548564979, 2531.289, -1751.406, -5.741346, 0.01966487, 0.1582343, 69.70438, 3.283906, 2.797248, 62.29177
 
0.7699996, -0.1611177, -0.05363787, 38.69292, 3.745755, 0.485736886135436562463, 2604.455, -1751.751, -5.741346, 0.01966487, 0.1582343, 70.70695, 3.283906, 2.796958, 62.30664
 
0.7799996, -0.1594819, -0.05524904, 39.19223, 3.744714, 0.47161966341442634586, 2678.693, -1752.096, -5.741346, 0.01966487, 0.1582343, 71.71002, 3.283906, 2.796669, 62.32152
 
0.7899995, -0.1575932, -0.05684386, 39.69104, 3.743672, 0.4575439470711789767386553991, 2753.873, -1752.441, -5.741346, 0.01966487, 0.1582343, 72.71186, 3.283906, 2.796379, 62.33639
 
0.7999995, -0.1554703, -0.05841979, 40.19817, 3.748878, 0.4435160166683754650473446009, 2830.393, -1752.787, -5.741346, 0.01966487, 0.1582343, 73.7177, 3.283906, 2.79609, 62.35127
 
0.8099995, -0.153085, -0.0599745, 40.71204, 3.75962, 0.429501104871147440593, 2908.128, -1753.133, -5.741346, 0.01966487, 0.1582343, 74.72578, 3.283906, 2.7958, 62.36614
 
0.8199995, -0.1504399, -0.06150534, 41.22047, 3.764596, 0.4155096265639470225216553991, 2986.946, -1753.479, -5.741346, 0.01966487, 0.1582343, 75.73436, 3.283906, 2.79551, 62.38102
 
0.8299995, -0.1475362, -0.06300974, 41.73036, 3.769816, 0.4015483207896564353166553991, 3066.991, -1753.825, -5.741346, 0.01966487, 0.1582343, 76.74521, 3.283906, 2.795221, 62.39589
 
0.8399995, -0.1443486, -0.0644851, 42.23261, 3.768777, 0.3876069258238829733403446009, 3147.843, -1754.172, -5.741346, 0.01966487, 0.1582343, 77.75306, 3.283906, 2.794931, 62.41077
 
0.8499995, -0.1409084, -0.06592859, 42.73981, 3.770628, 0.373713010478431478576, 3230.064, -1754.518, -5.741346, 0.01966487, 0.1582343, 78.7649, 3.283906, 2.794641, 62.42564
 
0.8599995, -0.1371745, -0.06733767, 43.25361, 3.778748, 0.359829816337566245981, 3313.378, -1754.865, -5.741346, 0.01966487, 0.1582343, 79.77724, 3.283906, 2.794352, 62.44052
 
0.8699995, -0.1331631, -0.06870942, 43.75796, 3.777949, 0.3459780200101382267416553991, 3397.636, -1755.212, -5.741346, 0.01966487, 0.1582343, 80.78831, 3.283906, 2.794062, 62.45539
 
0.8799995, -0.1288732, -0.07004105, 44.26215, 3.776665, 0.3321642073789625738296553991, 3482.985, -1755.56, -5.741346, 0.01966487, 0.1582343, 81.7999, 3.283906, 2.793772, 62.47026
 
0.8899994, -0.1242937, -0.07132978, 44.77028, 3.778999, 0.3183822520414161592043446009, 3569.423, -1755.907, -5.741346, 0.01966487, 0.1582343, 82.81195, 3.283906, 2.793483, 62.48514
 
0.8999994, -0.1194479, -0.07257272, 45.30513, 3.801629, 0.304635523518948518911, 3658.028, -1756.255, -5.741346, 0.01966487, 0.1582343, 83.8368, 3.283906, 2.793193, 62.50002
 
0.9099994, -0.1142718, -0.07376719, 45.82148, 3.809779, 0.2908820559535940593323446009, 3746.976, -1756.603, -5.741346, 0.01966487, 0.1582343, 84.85337, 3.283906, 2.792903, 62.51489
 
0.9199994, -0.1088483, -0.07490991, 46.31335, 3.793994, 0.277203330500226139523, 3836.869, -1756.951, -5.741346, 0.01966487, 0.1582343, 85.86868, 3.283906, 2.792614, 62.52977
 
0.9299994, -0.1031221, -0.0759984, 46.82029, 3.79295, 0.263574994708419318832, 3927.86, -1757.299, -5.741346, 0.01966487, 0.1582343, 86.88447, 3.283906, 2.792324, 62.54464
 
0.9399994, -0.09710781, -0.07702962, 47.33445, 3.797954, 0.24999858017883052797, 4020.11, -1757.648, -5.741346, 0.01966487, 0.1582343, 87.9025, 3.283906, 2.792034, 62.55951
 
0.9499994, -0.09080928, -0.07800069, 47.86428, 3.814829, 0.236472861630935447649, 4114.114, -1757.996, -5.741346, 0.01966487, 0.1582343, 88.92804, 3.283906, 2.791745, 62.57439
 
0.9599994, -0.0842163, -0.07890879, 48.39179, 3.829055, 0.222990027901391542408, 4209.241, -1758.345, -5.741346, 0.01966487, 0.1582343, 89.9541, 3.283906, 2.791455, 62.58926
 
0.9699994, -0.07735543, -0.07975095, 48.90751, 3.831172, 0.209574278280554118185, 4305.487, -1758.694, -5.741346, 0.01966487, 0.1582343, 90.98063, 3.283906, 2.791165, 62.60414
 
0.9799994, -0.07021853, -0.0805245, 49.42708, 3.835957, 0.196235874492814349017, 4403.022, -1759.044, -5.741346, 0.01966487, 0.1582343, 92.0094, 3.283906, 2.790876, 62.61901
 
0.9899994, -0.06280466, -0.08122669, 49.95123, 3.844144, 0.18297573549856547437, 4501.855, -1759.393, -5.741346, 0.01966487, 0.1582343, 93.04042, 3.283906, 2.790586, 62.63389
 
0.9999993, -0.05512371, -0.08185474, 50.4728, 3.849423, 0.169802285101412189349, 4601.82, -1759.743, -5.741346, 0.01966487, 0.1582343, 94.07194, 3.283906, 2.790296, 62.64876
 
1.009999, -0.04718558, -0.08240598, 50.98723, 3.848149, 0.156725478705614588169, 4702.74, -1760.093, -5.741346, 0.01966487, 0.1582343, 95.10215, 3.283906, 2.790007, 62.66364
 
1.019999, -0.03899459, -0.08287783, 51.50648, 3.850516, 0.1437585033928156571671, 4804.965, -1760.443, -5.741346, 0.01966487, 0.1582343, 96.13462, 3.283906, 2.789717, 62.67851
 
1.029999, -0.03055628, -0.08326778, 52.02066, 3.849238, 0.1309041313602016687324, 4907.967, -1760.794, -5.741346, 0.01966487, 0.1582343, 97.16403, 3.283906, 2.789427, 62.69339
 
1.039999, -0.02188305, -0.08357334, 52.5481, 3.857444, 0.1181787047867658845286655399, 5012.815, -1761.144, -5.741346, 0.01966487, 0.1582343, 98.20098, 3.283906, 2.789138, 62.70826
 
1.049999, -0.01294859, -0.08379217, 53.11687, 3.898753, 0.1055781496147644834431, 5120.453, -1761.495, -5.741346, 0.01966487, 0.1582343, 99.25436, 3.283906, 2.788848, 62.72314
 
1.059999, -0.003781179, -0.08392166, 53.69733, 3.94619, 0.0931050848813188105940655399, 5230.374, -1761.846, -5.741346, 0.01966487, 0.1582343, 100.3188, 3.283906, 2.788558, 62.73801
 
1.069999, 0.005570945, -0.08395947, 54.25467, 3.969311, 0.0807782573784503384477, 5341.686, -1762.197, -5.741346, 0.01966487, 0.1582343, 101.3856, 3.283906, 2.788269, 62.75289
 
1.079999, 0.01509216, -0.08390376, 54.78669, 3.968568, 0.0686157553098996368132344601, 5453.83, -1762.548, -5.741346, 0.01966487, 0.1582343, 102.4493, 3.283906, 2.787979, 62.76776
 
1.089999, 0.02476251, -0.08375284, 55.28846, 3.943439, 0.056634456914889510203, 5565.836, -1762.9, -5.741346, 0.01966487, 0.1582343, 103.501, 3.283906, 2.787689, 62.78263
 
1.099999, 0.03459135, -0.08350521, 55.79253, 3.921211, 0.0448489123996457906818, 5678.822, -1763.252, -5.741346, 0.01966487, 0.1582343, 104.5515, 3.283906, 2.7874, 62.79751
 
1.109999, 0.04460892, -0.0831593, 56.33384, 3.9324, 0.0332620624374271508609655399, 5793.759, -1763.604, -5.741346, 0.01966487, 0.1582343, 105.6095, 3.283906, 2.78711, 62.81239
 
1.119999, 0.05475319, -0.08271321, 56.87076, 3.940667, 0.0218808604952086432197, 5909.488, -1763.956, -5.741346, 0.01966487, 0.1582343, 106.6645, 3.283906, 2.78682, 62.82726
 
1.129999, 0.06500888, -0.08216568, 57.41125, 3.948697, 0.0107197311879632913721865540, 6027.192, -1764.308, -5.741346, 0.01966487, 0.1582343, 107.727, 3.283906, 2.786531, 62.84214
 
1.139999, 0.07535339, -0.0815156, 57.95053, 3.956977, -0.000209776909047263420438, 6145.69, -1764.661, -5.741346, 0.01966487, 0.1582343, 108.7865, 3.283906, 2.786241, 62.85701
 
1.149999, 0.0857602, -0.08076206, 58.48549, 3.958905, -0.01089540271993624317496, 6265.782, -1765.014, -5.741346, 0.01966487, 0.1582343, 109.85, 3.283906, 2.785952, 62.87189
 
1.159999, 0.0962116, -0.07990446, 59.01923, 3.961079, -0.0213266814300655832484, 6386.662, -1765.367, -5.741346, 0.01966487, 0.1582343, 110.9104, 3.283906, 2.785662, 62.88676
 
1.169999, 0.1066619, -0.07894234, 59.5354, 3.948076, -0.031492925836382039731, 6508.108, -1765.72, -5.741346, 0.01966487, 0.1582343, 111.9659, 3.283906, 2.785372, 62.90163
 
1.179999, 0.1171414, -0.07787573, 60.0735, 3.953185, -0.0413807099275403840245, 6631.569, -1766.073, -5.741346, 0.01966487, 0.1582343, 113.029, 3.283906, 2.785082, 62.91651
 
1.189999, 0.127619, -0.07670431, 60.62885, 3.973487, -0.0509789602308020805636, 6756.648, -1766.427, -5.741346, 0.01966487, 0.1582343, 114.0961, 3.283906, 2.784793, 62.93139
 
1.199999, 0.138035, -0.07542812, 61.17629, 3.984738, -0.0602742446084192791536, 6883.143, -1766.781, -5.741346, 0.01966487, 0.1582343, 115.1655, 3.283906, 2.784503, 62.94626
 
1.209999, 0.1483573, -0.07404777, 61.71381, 3.986676, -0.0692557499597648620779, 7010.629, -1767.135, -5.741346, 0.01966487, 0.1582343, 116.2336, 3.283906, 2.784214, 62.96114
 
1.219999, 0.1585503, -0.0725642, 62.23715, 3.976837, -0.0779146848970768384451, 7138.667, -1767.489, -5.741346, 0.01966487, 0.1582343, 117.2967, 3.283906, 2.783924, 62.97601
 
1.229999, 0.1686171, -0.07097869, 62.76345, 3.969688, -0.0862443410094847133134655399, 7267.896, -1767.844, -5.741346, 0.01966487, 0.1582343, 118.3604, 3.283906, 2.783634, 62.99088
 
1.239999, 0.1785667, -0.06929252, 63.319, 3.987093, -0.0942279779018245149305, 7399.426, -1768.198, -5.741346, 0.01966487, 0.1582343, 119.4334, 3.283906, 2.783345, 63.00576
 
1.249999, 0.1883094, -0.06750686, 63.87075, 4.00132, -0.1018510606838771183825655399, 7531.945, -1768.553, -5.741346, 0.01966487, 0.1582343, 120.505, 3.283906, 2.783055, 63.02063
 
1.259999, 0.1978145, -0.06562376, 64.40778, 4.000561, -0.1091102504662132941296655399, 7665.678, -1768.908, -5.741346, 0.01966487, 0.1582343, 121.5772, 3.283906, 2.782765, 63.03551
 
1.269999, 0.2070614, -0.06364562, 64.9439, 3.999553, -0.1159950098363237431349344601, 7800.387, -1769.264, -5.741346, 0.01966487, 0.1582343, 122.6479, 3.283906, 2.782475, 63.05038
 
1.279999, 0.216033, -0.061575, 65.48414, 4.001497, -0.1224968690425848741204, 7936.536, -1769.619, -5.741346, 0.01966487, 0.1582343, 123.7209, 3.283906, 2.782186, 63.06526
 
1.289999, 0.2246993, -0.05941467, 66.03192, 4.009842, -0.1286051681444343434801344601, 8074.128, -1769.975, -5.741346, 0.01966487, 0.1582343, 124.7962, 3.283906, 2.781896, 63.08013
 
1.299999, 0.2330129, -0.05716768, 66.57677, 4.014993, -0.1343108400659928011232, 8212.938, -1770.331, -5.741346, 0.01966487, 0.1582343, 125.8719, 3.283906, 2.781606, 63.09501
 
1.309999, 0.2409452, -0.05483755, 67.11888, 4.017187, -0.1396081413048020409069, 8352.962, -1770.687, -5.741346, 0.01966487, 0.1582343, 126.9481, 3.283906, 2.781317, 63.10988
 
1.319999, 0.2484666, -0.0524281, 67.66125, 4.019383, -0.1444892913295329416725655399, 8494.203, -1771.043, -5.741346, 0.01966487, 0.1582343, 128.0247, 3.283906, 2.781027, 63.12476
 
1.329999, 0.2555473, -0.04994344, 68.20364, 4.021334, -0.1489492358580223800370655399, 8636.661, -1771.4, -5.741346, 0.01966487, 0.1582343, 129.1017, 3.283906, 2.780738, 63.13963
 
1.339999, 0.2621544, -0.04738797, 68.7465, 4.023532, -0.1529805006790720083436, 8780.338, -1771.756, -5.741346, 0.01966487, 0.1582343, 130.1792, 3.283906, 2.780448, 63.15451
 
1.349999, 0.2682676, -0.04476642, 69.29346, 4.028695, -0.156579364003089513075, 8925.476, -1772.114, -5.741346, 0.01966487, 0.1582343, 131.259, 3.283906, 2.780158, 63.16938
 
1.359999, 0.2738456, -0.04208375, 69.84066, 4.03386, -0.159739975115571116471, 9071.834, -1772.471, -5.741346, 0.01966487, 0.1582343, 132.3391, 3.283906, 2.779869, 63.18426
 
1.369999, 0.2789107, -0.03934529, 70.4088, 4.054355, -0.162459025759101156454, 9220.912, -1772.828, -5.741346, 0.01966487, 0.1582343, 133.4306, 3.283906, 2.779579, 63.19913
 
1.379999, 0.2833236, -0.03655618, 70.95763, 4.059783, -0.1647236504881742805, 9369.981, -1773.185, -5.741346, 0.01966487, 0.1582343, 134.5134, 3.283906, 2.779289, 63.214
 
1.389999, 0.2871239, -0.03372295, 71.48788, 4.04641, -0.166554372751572836683, 9520.276, -1773.543, -5.741346, 0.01966487, 0.1582343, 135.5967, 3.283906, 2.779, 63.22888
 
1.399999, 0.2902943, -0.03085171, 72.03782, 4.051589, -0.167937561303463772924, 9672.058, -1773.901, -5.741346, 0.01966487, 0.1582343, 136.6823, 3.283906, 2.77871, 63.24376
 
1.409999, 0.2927928, -0.02794877, 72.58825, 4.057018, -0.168873522463978169045, 9825.071, -1774.259, -5.741346, 0.01966487, 0.1582343, 137.7683, 3.283906, 2.77842, 63.25863
 
1.419999, 0.2946064, -0.02502084, 73.1393, 4.061955, -0.169366238394820062732, 9979.578, -1774.618, -5.741346, 0.01966487, 0.1582343, 138.8565, 3.283906, 2.778131, 63.27351
 
1.429999, 0.2956829, -0.02207477, 73.68309, 4.061194, -0.169413105374875275498, 10134.8, -1774.976, -5.741346, 0.01966487, 0.1582343, 139.9416, 3.283906, 2.777841, 63.28838
 
1.439999, 0.2960322, -0.01911794, 74.22387, 4.057208, -0.169026069889255920401, 10291.25, -1775.335, -5.741346, 0.01966487, 0.1582343, 141.0271, 3.283906, 2.777551, 63.30325
 
1.449999, 0.2957753, -0.01615762, 74.84235, 4.114509, -0.168203753497372138242, 10453.71, -1775.694, -5.741346, 0.01966487, 0.1582343, 142.1456, 3.283906, 2.777261, 63.31813
 
1.459999, 0.2945341, -0.01319987, 75.39005, 4.116996, -0.166912460984805148601, 10612.66, -1776.053, -5.741346, 0.01966487, 0.1582343, 143.2319, 3.283906, 2.776972, 63.333
 
1.469999, 0.2925735, -0.01025453, 75.88594, 4.066576, -0.165236889867798522261, 10773.11, -1776.412, -5.741346, 0.01966487, 0.1582343, 144.3205, 3.283906, 2.776682, 63.34788
 
1.479999, 0.2898378, -0.007328793, 76.44569, 4.077986, -0.163141047530950380137, 10935.33, -1776.772, -5.741346, 0.01966487, 0.1582343, 145.4132, 3.283906, 2.776393, 63.36275
 
1.489999, 0.2862976, -0.004430415, 77.00656, 4.089406, -0.160633817258062037067, 11099.08, -1777.132, -5.741346, 0.01966487, 0.1582343, 146.5081, 3.283906, 2.776103, 63.37763
 
1.499999, 0.2819506, -0.001567439, 77.56557, 4.097849, -0.157727145534245606109, 11264.34, -1777.492, -5.741346, 0.01966487, 0.1582343, 147.6053, 3.283906, 2.775813, 63.39251
 
1.509999, 0.276742, 0.001252067, 78.0975, 4.0844, -0.15442976248323686219, 11429.19, -1777.852, -5.741346, 0.01966487, 0.1582343, 148.692, 3.283906, 2.775524, 63.40738
 
1.519999, 0.2707568, 0.004019486, 78.63464, 4.074173, -0.1507687008566035996015, 11595.83, -1778.213, -5.741346, 0.01966487, 0.1582343, 149.7828, 3.283906, 2.775234, 63.42225
 
1.529999, 0.2639618, 0.006727054, 79.19868, 4.088845, -0.1467391361122814643070655399, 11764.27, -1778.573, -5.741346, 0.01966487, 0.1582343, 150.8776, 3.283906, 2.774944, 63.43713
 
1.539999, 0.2563611, 0.009366672, 79.76035, 4.100041, -0.1423577320654007391433, 11934.24, -1778.934, -5.741346, 0.01966487, 0.1582343, 151.9747, 3.283906, 2.774655, 63.452
 
1.549999, 0.2479601, 0.01193028, 80.31651, 4.105511, -0.1376406777348894521831, 12105.45, -1779.295, -5.741346, 0.01966487, 0.1582343, 153.0722, 3.283906, 2.774365, 63.46688
 
1.559999, 0.2387676, 0.01440988, 80.86548, 4.104499, -0.1326046981999045617076655399, 12277.63, -1779.656, -5.741346, 0.01966487, 0.1582343, 154.1683, 3.283906, 2.774075, 63.48175
 
1.569999, 0.2288054, 0.01679756, 81.41074, 4.100489, -0.1272695817409135178980655399, 12450.76, -1780.018, -5.741346, 0.01966487, 0.1582343, 155.263, 3.283906, 2.773786, 63.49663
 
1.579999, 0.2181018, 0.01908561, 81.96307, 4.102466, -0.1216532327695779363502, 12625.42, -1780.379, -5.741346, 0.01966487, 0.1582343, 156.36, 3.283906, 2.773496, 63.5115
 
1.589999, 0.2066724, 0.02126663, 82.52302, 4.11094, -0.1157715186686879050037344601, 12801.63, -1780.741, -5.741346, 0.01966487, 0.1582343, 157.4592, 3.283906, 2.773206, 63.52638
 
1.599999, 0.1945384, 0.02333336, 83.08013, 4.116421, -0.1096432321782853240984344601, 12979.08, -1781.103, -5.741346, 0.01966487, 0.1582343, 158.5588, 3.283906, 2.772917, 63.54125
 
1.609999, 0.1817287, 0.02527874, 83.6259, 4.112154, -0.1032912707281684103288, 13157.18, -1781.466, -5.741346, 0.01966487, 0.1582343, 159.6552, 3.283906, 2.772627, 63.55613
 
1.619999, 0.1682927, 0.02709603, 84.17599, 4.111134, -0.0967400174007708112059, 13336.82, -1781.828, -5.741346, 0.01966487, 0.1582343, 160.7538, 3.283906, 2.772337, 63.571
 
1.629999, 0.154257, 0.02877895, 84.74082, 4.122877, -0.0900072387636954627258655399, 13518.32, -1782.191, -5.741346, 0.01966487, 0.1582343, 161.8565, 3.283906, 2.772048, 63.58588
 
1.639999, 0.1396565, 0.03032152, 85.29427, 4.124863, -0.0831160926188515399517, 13700.46, -1782.554, -5.741346, 0.01966487, 0.1582343, 162.956, 3.283906, 2.771758, 63.60075
 
1.649999, 0.1245576, 0.03171809, 85.85389, 4.130106, -0.0760945459942070901122, 13884.77, -1782.917, -5.741346, 0.01966487, 0.1582343, 164.0613, 3.283906, 2.771468, 63.61563
 
1.659999, 0.1089799, 0.03296366, 86.41602, 4.138612, -0.0689606105134694535809, 14070.02, -1783.28, -5.741346, 0.01966487, 0.1582343, 165.1652, 3.283906, 2.771179, 63.6305
 
1.669999, 0.09299519, 0.03405346, 86.97272, 4.140604, -0.0617430343209404716525, 14256.84, -1783.644, -5.741346, 0.01966487, 0.1582343, 166.2714, 3.283906, 2.770889, 63.64537
 
1.679999, 0.07663573, 0.03498342, 87.45657, 4.086894, -0.0544650824305755036478344601, 14438.92, -1784.007, -5.741346, 0.01966487, 0.1582343, 167.3432, 3.283906, 2.770599, 63.66025
 
1.689999, 0.06002118, 0.03574977, 88.09827, 4.154379, -0.0471643862704781651798, 14634.9, -1784.371, -5.741346, 0.01966487, 0.1582343, 168.4887, 3.283906, 2.77031, 63.67513
 
1.699999, 0.04306493, 0.03634998, 88.77541, 4.262616, -0.0398337626335741749423, 14830.3, -1784.735, -5.741346, 0.01966487, 0.1582343, 169.6236, 3.283906, 2.77002, 63.69
 
1.709999, 0.02600542, 0.03678063, 89.2997, 4.22421, -0.0325251787301013778977, 15024.77, -1785.1, -5.741346, 0.01966487, 0.1582343, 170.746, 3.283906, 2.769731, 63.70488
 
1.719999, 0.008829876, 0.03704069, 89.82278, 4.189036, -0.0252632780146051457259, 15218.89, -1785.464, -5.741346, 0.01966487, 0.1582343, 171.8598, 3.283906, 2.769441, 63.71975
 
1.729999, -0.00840176, 0.03712899, 90.35976, 4.169419, -0.0180706056487329533261, 15413.64, -1785.829, -5.741346, 0.01966487, 0.1582343, 172.9702, 3.283906, 2.769151, 63.73462
 
1.739999, -0.02561743, 0.03704497, 90.91247, 4.165382, -0.01097257241895852733231, 15609.64, -1786.194, -5.741346, 0.01966487, 0.1582343, 174.081, 3.283906, 2.768862, 63.7495
 
1.749999, -0.0427541, 0.0367888, 91.49154, 4.182992, -0.00399288750342744596733, 15808.56, -1786.559, -5.741346, 0.01966487, 0.1582343, 175.2015, 3.283906, 2.768572, 63.76437
 
1.759999, -0.05972642, 0.03636126, 92.07104, 4.20087, 0.0028430046161721300384034460, 16008.76, -1786.924, -5.741346, 0.01966487, 0.1582343, 176.3223, 3.283906, 2.768282, 63.77925
 
1.769999, -0.07643502, 0.03576399, 92.61092, 4.184491, 0.00951096744511181205842, 16208.22, -1787.29, -5.741346, 0.01966487, 0.1582343, 177.4324, 3.283906, 2.767992, 63.79412
 
1.779999, -0.0928231, 0.03499964, 93.14253, 4.16154, 0.0159880576055736754769, 16408.25, -1787.656, -5.741346, 0.01966487, 0.1582343, 178.5393, 3.283906, 2.767703, 63.809
 
1.789999, -0.1088301, 0.03407141, 93.69318, 4.157482, 0.0222508339495268522313, 16609.54, -1788.021, -5.741346, 0.01966487, 0.1582343, 179.6466, 3.283906, 2.767413, 63.82387
 
1.799999, -0.1243821, 0.03298311, 94.26208, 4.168816, 0.0282762121918931669357, 16813.09, -1788.388, -5.741346, 0.01966487, 0.1582343, 180.7598, 3.283906, 2.767123, 63.83875
 
1.809999, -0.1394103, 0.03173929, 94.84401, 4.190258, 0.0340452311165589317683655399, 17018.93, -1788.754, -5.741346, 0.01966487, 0.1582343, 181.8788, 3.283906, 2.766834, 63.85362
 
1.819999, -0.1538049, 0.03034519, 95.40359, 4.192015, 0.0395346869735943907326, 17225, -1789.121, -5.741346, 0.01966487, 0.1582343, 182.9927, 3.283906, 2.766544, 63.8685
 
1.829999, -0.167504, 0.02880714, 95.94633, 4.178608, 0.0447278087358233830541, 17431.63, -1789.488, -5.741346, 0.01966487, 0.1582343, 184.1033, 3.283906, 2.766254, 63.88337
 
1.839999, -0.180453, 0.0271321, 96.49877, 4.174796, 0.0496063703554465061638, 17639.51, -1789.855, -5.741346, 0.01966487, 0.1582343, 185.2143, 3.283906, 2.765965, 63.89825
 
1.849999, -0.1925946, 0.02532757, 97.06924, 4.186155, 0.0541534629612281538873, 17849.69, -1790.222, -5.741346, 0.01966487, 0.1582343, 186.3312, 3.283906, 2.765675, 63.91312
 
1.859999, -0.2038454, 0.02340162, 97.64011, 4.197779, 0.0583532344863847922760344601, 18061.13, -1790.589, -5.741346, 0.01966487, 0.1582343, 187.4485, 3.283906, 2.765386, 63.928
 
1.869999, -0.2141373, 0.02136317, 98.19752, 4.196751, 0.0621928960654442982417, 18273.46, -1790.957, -5.741346, 0.01966487, 0.1582343, 188.5643, 3.283906, 2.765096, 63.94287
 
1.879999, -0.2234181, 0.0192218, 98.75527, 4.195974, 0.0656597507289729536822, 18487.04, -1791.324, -5.741346, 0.01966487, 0.1582343, 189.6804, 3.283906, 2.764806, 63.95775
 
1.889999, -0.2316322, 0.01698761, 99.31199, 4.194942, 0.0687445016609926391599, 18701.53, -1791.693, -5.741346, 0.01966487, 0.1582343, 190.7951, 3.283906, 2.764517, 63.97262
 
1.899999, -0.2387353, 0.01467129, 99.87301, 4.197204, 0.0714374844613679394507655399, 18917.62, -1792.061, -5.741346, 0.01966487, 0.1582343, 191.9119, 3.283906, 2.764227, 63.9875
 
1.909999, -0.244676, 0.01228394, 100.4369, 4.202257, 0.0737313627629590333377, 19134.96, -1792.429, -5.741346, 0.01966487, 0.1582343, 193.0292, 3.283906, 2.763937, 64.00237
 
1.919999, -0.249423, 0.009837179, 101.0066, 4.211121, 0.0756210822836035632379, 19354.3, -1792.798, -5.741346, 0.01966487, 0.1582343, 194.1505, 3.283906, 2.763648, 64.01724
 
1.929999, -0.2531823, 0.00734295, 101.7796, 4.376927, 0.0771027068096170002786, 19593.51, -1793.167, -5.741346, 0.01966487, 0.1582343, 195.365, 3.283906, 2.763358, 64.03212
 
1.939999, -0.2553143, 0.004811127, 102.3594, 4.391977, 0.0781380535366602446475, 19816.96, -1793.536, -5.741346, 0.01966487, 0.1582343, 196.4945, 3.283906, 2.763068, 64.047
 
1.949998, -0.2562321, 0.002257984, 102.765, 4.236482, 0.0787976220429013173779, 20040.2, -1793.905, -5.741346, 0.01966487, 0.1582343, 197.617, 3.283906, 2.762779, 64.06187
 
1.959998, -0.255857, -0.000304337, 103.3076, 4.219688, 0.07905509942908046176, 20263.92, -1794.274, -5.741346, 0.01966487, 0.1582343, 198.7361, 3.283906, 2.762489, 64.07674
 
1.969998, -0.2541844, -0.002862907, 103.8751, 4.225012, 0.0789125533560823134322344601, 20490.04, -1794.644, -5.741346, 0.01966487, 0.1582343, 199.8611, 3.283906, 2.762199, 64.09162
 
1.979998, -0.2511888, -0.005404751, 104.4534, 4.240013, 0.0783727560210934511038344601, 20717.8, -1795.014, -5.741346, 0.01966487, 0.1582343, 200.9883, 3.283906, 2.76191, 64.10649
 
1.989998, -0.2468824, -0.00791664, 105.026, 4.248407, 0.0774458619364593240341655399, 20947.21, -1795.384, -5.741346, 0.01966487, 0.1582343, 202.1177, 3.283906, 2.76162, 64.12137
 
1.999998, -0.2412603, -0.01038546, 105.5835, 4.244321, 0.0761420868785508316466655399, 21176.73, -1795.754, -5.741346, 0.01966487, 0.1582343, 203.242, 3.283906, 2.76133, 64.13625
 
2.009999, -0.2343638, -0.01279807, 106.1295, 4.230541, 0.0744776504983086505162344601, 21406.72, -1796.125, -5.741346, 0.01966487, 0.1582343, 204.3628, 3.283906, 2.761041, 64.15112
 
2.019999, -0.2262149, -0.0151417, 106.6815, 4.223634, 0.0724639172725966078394, 21637.56, -1796.495, -5.741346, 0.01966487, 0.1582343, 205.4822, 3.283906, 2.760751, 64.16599
 
2.029999, -0.2168692, -0.01740385, 107.2557, 4.23509, 0.0701170149563154436042, 21871.23, -1796.866, -5.741346, 0.01966487, 0.1582343, 206.6093, 3.283906, 2.760461, 64.18087
 
2.039999, -0.206341, -0.01957255, 107.8335, 4.25013, 0.0674504216352328231387, 22106.16, -1797.237, -5.741346, 0.01966487, 0.1582343, 207.7369, 3.283906, 2.760172, 64.19575
 
2.049999, -0.194702, -0.02163596, 108.3984, 4.252158, 0.0644873257432714889683, 22342.36, -1797.609, -5.741346, 0.01966487, 0.1582343, 208.8648, 3.283906, 2.759882, 64.21062
 
2.059999, -0.1819829, -0.02358298, 108.9349, 4.232209, 0.061246106488296230413, 22576.98, -1797.98, -5.741346, 0.01966487, 0.1582343, 209.9799, 3.283906, 2.759593, 64.22549
 
2.069999, -0.1683121, -0.0254028, 109.5082, 4.240619, 0.0577542867340845694795, 22816.47, -1798.352, -5.741346, 0.01966487, 0.1582343, 211.1123, 3.283906, 2.759303, 64.24037
 
2.079998, -0.1536929, -0.02708593, 110.1, 4.268473, 0.0540260337866987947752344601, 23056.82, -1798.724, -5.741346, 0.01966487, 0.1582343, 212.2431, 3.283906, 2.759013, 64.25524
 
2.089998, -0.1382734, -0.02862285, 110.7207, 4.311961, 0.0500919183952212851760655399, 23304.16, -1799.096, -5.741346, 0.01966487, 0.1582343, 213.4005, 3.283906, 2.758723, 64.27012
 
2.099998, -0.1220695, -0.03000559, 111.328, 4.34576, 0.0459713459399548752852344601, 23551.17, -1799.468, -5.741346, 0.01966487, 0.1582343, 214.5508, 3.283906, 2.758434, 64.285
 
2.109998, -0.1052286, -0.03122628, 111.8544, 4.307106, 0.0416988693316865943048655399, 23795.75, -1799.841, -5.741346, 0.01966487, 0.1582343, 215.6845, 3.283906, 2.758144, 64.29987
 
2.119998, -0.08784191, -0.03227857, 112.4381, 4.315305, 0.0373017663780881814236655399, 24046.18, -1800.213, -5.741346, 0.01966487, 0.1582343, 216.8392, 3.283906, 2.757854, 64.31474
 
2.129998, -0.06996625, -0.03315699, 113.0388, 4.343253, 0.0328013875922960533951, 24296.66, -1800.586, -5.741346, 0.01966487, 0.1582343, 217.9887, 3.283906, 2.757565, 64.32962
 
2.139998, -0.05177009, -0.03385665, 113.5835, 4.319927, 0.0282318417209064078790655399, 24546.33, -1800.96, -5.741346, 0.01966487, 0.1582343, 219.1291, 3.283906, 2.757275, 64.34449
 
2.149998, -0.03334647, -0.03437435, 114.1338, 4.302993, 0.0236219228562401355033, 24796.84, -1801.333, -5.741346, 0.01966487, 0.1582343, 220.2679, 3.283906, 2.756985, 64.35937
 
2.159998, -0.01479807, -0.03470781, 114.7042, 4.305297, 0.018998127689636100351, 25049.04, -1801.707, -5.741346, 0.01966487, 0.1582343, 221.409, 3.283906, 2.756696, 64.37424
 
2.169998, 0.00374655, -0.03485579, 115.2778, 4.310684, 0.01438976952603783282839, 25302.51, -1802.08, -5.741346, 0.01966487, 0.1582343, 222.5504, 3.283906, 2.756406, 64.38911
 
2.179998, 0.0221553, -0.03481833, 115.836, 4.303483, 0.00982617698639557049286, 25555.95, -1802.454, -5.741346, 0.01966487, 0.1582343, 223.6865, 3.283906, 2.756116, 64.40399
 
2.189998, 0.04031288, -0.03459677, 116.3897, 4.292673, 0.0053344869711216900913965540, 25810.22, -1802.828, -5.741346, 0.01966487, 0.1582343, 224.821, 3.283906, 2.755827, 64.41887
 
2.199998, 0.05811073, -0.03419365, 116.9577, 4.295228, 0.000941235840011525115929, 26066.16, -1803.203, -5.741346, 0.01966487, 0.1582343, 225.9577, 3.283906, 2.755537, 64.43374
 
2.209998, 0.07542673, -0.03361254, 117.5326, 4.303703, -0.00332737791824408008924, 26323.79, -1803.578, -5.741346, 0.01966487, 0.1582343, 227.0966, 3.283906, 2.755247, 64.44862
 
2.219998, 0.0921343, -0.03285827, 118.1045, 4.309093, -0.00744503573746295915361, 26582.68, -1803.952, -5.741346, 0.01966487, 0.1582343, 228.2359, 3.283906, 2.754958, 64.46349
 
2.229998, 0.1081151, -0.03193693, 118.6606, 4.301608, -0.0113886792166180282522265540, 26841.49, -1804.327, -5.741346, 0.01966487, 0.1582343, 229.3698, 3.283906, 2.754668, 64.47836
 
2.239998, 0.1232662, -0.03085578, 119.2214, 4.297723, -0.01513442763829025851395, 27101.98, -1804.702, -5.741346, 0.01966487, 0.1582343, 230.5059, 3.283906, 2.754379, 64.49324
 
2.249998, 0.1374833, -0.02962312, 119.7954, 4.30621, -0.0186602872170681646672, 27364.15, -1805.078, -5.741346, 0.01966487, 0.1582343, 231.6442, 3.283906, 2.754089, 64.50812
 
2.259998, 0.1506588, -0.02824828, 120.3747, 4.318058, -0.0219454940428664856617, 27628.47, -1805.453, -5.741346, 0.01966487, 0.1582343, 232.7866, 3.283906, 2.753799, 64.52299
 
2.269998, 0.162686, -0.0267417, 120.9423, 4.320107, -0.024972289206085868817, 27893.13, -1805.829, -5.741346, 0.01966487, 0.1582343, 233.9255, 3.283906, 2.753509, 64.53786
 
2.279998, 0.1734829, -0.02511484, 121.4956, 4.309761, -0.0277261378165067297392655399, 28158.12, -1806.205, -5.741346, 0.01966487, 0.1582343, 235.0609, 3.283906, 2.75322, 64.55274
 
2.289998, 0.1829874, -0.02338001, 122.0632, 4.311805, -0.0301923365078369306523655399, 28425.26, -1806.581, -5.741346, 0.01966487, 0.1582343, 236.2004, 3.283906, 2.75293, 64.56761
 
2.299998, 0.191139, -0.02155013, 122.6583, 4.336593, -0.0323586324748332786763, 28695.93, -1806.958, -5.741346, 0.01966487, 0.1582343, 237.3497, 3.283906, 2.75264, 64.58249
 
2.309998, 0.1978461, -0.01963874, 123.247, 4.354939, -0.0342137378206659418505655399, 28967.85, -1807.335, -5.741346, 0.01966487, 0.1582343, 238.4993, 3.283906, 2.752351, 64.59737
 
2.319998, 0.2030316, -0.01766028, 123.7988, 4.341222, -0.0357491215296835813321344601, 29238.72, -1807.711, -5.741346, 0.01966487, 0.1582343, 239.6397, 3.283906, 2.752061, 64.61224
 
2.329998, 0.206708, -0.01562997, 124.3668, 4.339913, -0.0369622411447993067188655399, 29512.68, -1808.088, -5.741346, 0.01966487, 0.1582343, 240.788, 3.283906, 2.751772, 64.62711
 
2.339998, 0.2088153, -0.01356289, 124.9389, 4.345596, -0.037848609076091726498, 29786.49, -1808.466, -5.741346, 0.01966487, 0.1582343, 241.9309, 3.283906, 2.751482, 64.64199
 
2.349998, 0.2093813, -0.01147473, 125.5313, 4.363975, -0.0384100479283413782507, 30065.3, -1808.843, -5.741346, 0.01966487, 0.1582343, 243.0893, 3.283906, 2.751192, 64.65686
 
2.359998, 0.2083436, -0.00938092, 126.1081, 4.372521, -0.0386466495975874327635, 30342.53, -1809.221, -5.741346, 0.01966487, 0.1582343, 244.2365, 3.283906, 2.750902, 64.67174
 
2.369998, 0.2057344, -0.007297484, 126.6552, 4.352291, -0.0385647702265497963429, 30620.53, -1809.599, -5.741346, 0.01966487, 0.1582343, 245.3821, 3.283906, 2.750613, 64.68661
 
2.379998, 0.2015717, -0.00524014, 127.2174, 4.348122, -0.0381694947294042408740344601, 30899.27, -1809.977, -5.741346, 0.01966487, 0.1582343, 246.5261, 3.283906, 2.750323, 64.70148
 
2.389998, 0.1958908, -0.003224423, 127.7826, 4.347065, -0.0374700586581031293103344601, 31179.24, -1810.355, -5.741346, 0.01966487, 0.1582343, 247.6703, 3.283906, 2.750034, 64.71636
 
2.399998, 0.1887333, -0.001265515, 128.3555, 4.352757, -0.0364765246289522806444344601, 31460.92, -1810.733, -5.741346, 0.01966487, 0.1582343, 248.8168, 3.283906, 2.749744, 64.73124
 
2.409998, 0.1801554, 0.0006218176, 128.9113, 4.345202, -0.0352048825527943679048655399, 31741.89, -1811.112, -5.741346, 0.01966487, 0.1582343, 249.9558, 3.283906, 2.749454, 64.74611
 
2.419998, 0.1703237, 0.002423372, 129.6141, 4.450448, -0.0336692537876712519254344601, 32041.61, -1811.491, -5.741346, 0.01966487, 0.1582343, 251.1639, 3.283906, 2.749165, 64.76099
 
2.429998, 0.1591164, 0.004126608, 130.2342, 4.494939, -0.0318792108376800961040344601, 32331.42, -1811.87, -5.741346, 0.01966487, 0.1582343, 252.3283, 3.283906, 2.748875, 64.77586
 
2.439998, 0.1467542, 0.005717773, 130.7043, 4.397158, -0.0298671011086627764838, 32618.56, -1812.249, -5.741346, 0.01966487, 0.1582343, 253.4776, 3.283906, 2.748585, 64.79073
 
2.449998, 0.1333356, 0.007185314, 131.2529, 4.37685, -0.0276510740683854661981, 32907.42, -1812.629, -5.741346, 0.01966487, 0.1582343, 254.6292, 3.283906, 2.748296, 64.80561
 
2.459998, 0.1189527, 0.00851867, 131.8062, 4.366157, -0.025251040525368506837, 33195.02, -1813.009, -5.741346, 0.01966487, 0.1582343, 255.7713, 3.283906, 2.748006, 64.82049
 
2.469998, 0.1037507, 0.009708197, 132.3392, 4.339038, -0.0226931295867930072171, 33481.82, -1813.389, -5.741346, 0.01966487, 0.1582343, 256.9061, 3.283906, 2.747716, 64.83536
 
2.479998, 0.08785829, 0.0107457, 132.9056, 4.341609, -0.0200002233664506300418, 33771.8, -1813.769, -5.741346, 0.01966487, 0.1582343, 258.0488, 3.283906, 2.747427, 64.85023
 
2.489998, 0.07140133, 0.01162429, 133.4969, 4.366345, -0.0171963833106376953292, 34064.5, -1814.149, -5.741346, 0.01966487, 0.1582343, 259.1974, 3.283906, 2.747137, 64.86511
 
2.499998, 0.05453489, 0.0123383, 134.0837, 4.384582, -0.01430951977809754106083, 34359.42, -1814.53, -5.741346, 0.01966487, 0.1582343, 260.3502, 3.283906, 2.746847, 64.87998
 
2.509998, 0.03739747, 0.01288365, 134.6612, 4.393698, -0.01136486895282917837216, 34655.56, -1814.91, -5.741346, 0.01966487, 0.1582343, 261.5031, 3.283906, 2.746558, 64.89486
 
2.519998, 0.02015008, 0.01325762, 135.2191, 4.386108, -0.0083907930157692726661634460, 34951.38, -1815.291, -5.741346, 0.01966487, 0.1582343, 262.6506, 3.283906, 2.746268, 64.90974
 
2.529998, 0.002944439, 0.01345912, 135.7558, 4.362312, -0.0054133659364753843395, 35245.82, -1815.672, -5.741346, 0.01966487, 0.1582343, 263.7887, 3.283906, 2.745978, 64.92461
 
2.539998, -0.01406316, 0.01348857, 136.3234, 4.364628, -0.00246028977600167114672, 35544.03, -1816.054, -5.741346, 0.01966487, 0.1582343, 264.9366, 3.283906, 2.745689, 64.93948
 
2.549998, -0.03072957, 0.01334794, 136.8987, 4.376624, 0.000444474645518591299597, 35842.38, -1816.435, -5.741346, 0.01966487, 0.1582343, 266.0808, 3.283906, 2.745399, 64.95436
 
2.559998, -0.04688948, 0.01304064, 137.4532, 4.369005, 0.0032744626472007115538565540, 36141.4, -1816.817, -5.741346, 0.01966487, 0.1582343, 267.2234, 3.283906, 2.745109, 64.96923
 
2.569998, -0.06242581, 0.01257175, 138.0946, 4.429962, 0.00600528976817009997764, 36451.54, -1817.199, -5.741346, 0.01966487, 0.1582343, 268.4028, 3.283906, 2.74482, 64.98411
 
2.579998, -0.07714049, 0.01194749, 138.6586, 4.432049, 0.00861255500626518051818, 36752.95, -1817.581, -5.741346, 0.01966487, 0.1582343, 269.5457, 3.283906, 2.74453, 64.99899
 
2.589998, -0.09093593, 0.01117608, 139.1569, 4.369416, 0.01107928056822083872512, 37055, -1817.964, -5.741346, 0.01966487, 0.1582343, 270.687, 3.283906, 2.744241, 65.01385
 
2.599998, -0.1036839, 0.01026672, 139.7251, 4.374881, 0.0133806315494097933458165540, 37359.29, -1818.346, -5.741346, 0.01966487, 0.1582343, 271.8324, 3.283906, 2.743951, 65.02873
 
2.609998, -0.1152693, 0.009229885, 140.2881, 4.377204, 0.0155015599733927021765, 37663.67, -1818.729, -5.741346, 0.01966487, 0.1582343, 272.974, 3.283906, 2.743661, 65.04361
 
2.619998, -0.125567, 0.008077192, 140.8357, 4.366145, 0.0174229836276039936537, 37968.15, -1819.112, -5.741346, 0.01966487, 0.1582343, 274.112, 3.283906, 2.743371, 65.05848
 
2.629998, -0.1345008, 0.006821522, 141.3943, 4.365312, 0.0191322040110097384404, 38274.31, -1819.495, -5.741346, 0.01966487, 0.1582343, 275.2521, 3.283906, 2.743082, 65.07336
 
2.639998, -0.1419908, 0.005476514, 141.9592, 4.370779, 0.0206177034866813352294, 38581.63, -1819.879, -5.741346, 0.01966487, 0.1582343, 276.3925, 3.283906, 2.742792, 65.08823
 
2.649998, -0.1479599, 0.004056606, 142.5207, 4.373096, 0.0218682094737950465711, 38890.11, -1820.262, -5.741346, 0.01966487, 0.1582343, 277.533, 3.283906, 2.742502, 65.10311
 
2.659998, -0.1523606, 0.002577007, 143.0862, 4.378569, 0.0228766153453098205951, 39200.27, -1820.646, -5.741346, 0.01966487, 0.1582343, 278.6756, 3.283906, 2.742213, 65.11798
 
2.669998, -0.1551452, 0.0010534, 143.6347, 4.370896, 0.0236379280830890562028, 39509.39, -1821.03, -5.741346, 0.01966487, 0.1582343, 279.8107, 3.283906, 2.741923, 65.13286
 
2.679998, -0.1563235, -0.0004980519, 144.1885, 4.366898, 0.0241522089511589693586, 39820.74, -1821.414, -5.741346, 0.01966487, 0.1582343, 280.9498, 3.283906, 2.741633, 65.14774
 
2.689998, -0.1558767, -0.002061286, 144.7548, 4.375531, 0.0244179263488641609525, 40133.23, -1821.799, -5.741346, 0.01966487, 0.1582343, 282.0891, 3.283906, 2.741344, 65.16261
 
2.699998, -0.1538162, -0.003620054, 145.3103, 4.374426, 0.0244375767852729315338, 40446.3, -1822.183, -5.741346, 0.01966487, 0.1582343, 283.2267, 3.283906, 2.741054, 65.17748
 
2.709998, -0.1501782, -0.005158216, 145.8742, 4.379905, 0.0242161685945284361922, 40761.62, -1822.568, -5.741346, 0.01966487, 0.1582343, 284.3683, 3.283906, 2.740764, 65.19236
 
2.719998, -0.1449983, -0.006659998, 146.4158, 4.369044, 0.0237616661000387502997, 41074.7, -1822.953, -5.741346, 0.01966487, 0.1582343, 285.4984, 3.283906, 2.740475, 65.20723
 
2.729998, -0.138366, -0.008109981, 146.9635, 4.3616, 0.0230849436664572075373, 41390.57, -1823.339, -5.741346, 0.01966487, 0.1582343, 286.6345, 3.283906, 2.740185, 65.22211
 
2.739998, -0.1303415, -0.009493641, 147.5306, 4.373674, 0.0221964468102536298352, 41707.57, -1823.724, -5.741346, 0.01966487, 0.1582343, 287.7708, 3.283906, 2.739895, 65.23698
 
2.749998, -0.1210203, -0.01079706, 148.0833, 4.372556, 0.0211099293053135012012, 42025.11, -1824.11, -5.741346, 0.01966487, 0.1582343, 288.9052, 3.283906, 2.739606, 65.25185
 
2.759998, -0.1105204, -0.01200726, 148.6277, 4.365099, 0.0198428207670952635071, 42342.63, -1824.496, -5.741346, 0.01966487, 0.1582343, 290.036, 3.283906, 2.739316, 65.26673
 
2.769998, -0.09895483, -0.01311246, 149.1706, 4.357369, 0.018411218318487161399, 42660.67, -1824.882, -5.741346, 0.01966487, 0.1582343, 291.165, 3.283906, 2.739027, 65.28161
 
2.779998, -0.08647335, -0.01410201, 149.7158, 4.353067, 0.0168365031046385664525, 42979.23, -1825.268, -5.741346, 0.01966487, 0.1582343, 292.2921, 3.283906, 2.738737, 65.29648
 
2.789998, -0.07321699, -0.01496674, 150.2684, 4.355372, 0.01513830258794841826225, 43299.45, -1825.655, -5.741346, 0.01966487, 0.1582343, 293.4214, 3.283906, 2.738447, 65.31136
 
2.799998, -0.05933073, -0.01569891, 150.8196, 4.357415, 0.0133370820163741750520765540, 43620.16, -1826.041, -5.741346, 0.01966487, 0.1582343, 294.5489, 3.283906, 2.738157, 65.32623
 
2.809998, -0.04496967, -0.01629222, 151.3674, 4.356277, 0.01145407856460355493322, 43941.96, -1826.428, -5.741346, 0.01966487, 0.1582343, 295.6765, 3.283906, 2.737868, 65.3411
 
2.819998, -0.03030983, -0.01674192, 151.9229, 4.362026, 0.00951377027431119242972, 44265.43, -1826.815, -5.741346, 0.01966487, 0.1582343, 296.8062, 3.283906, 2.737578, 65.35598
 
2.829998, -0.01552687, -0.01704502, 152.478, 4.367514, 0.00754007308973112932822, 44589.96, -1827.203, -5.741346, 0.01966487, 0.1582343, 297.936, 3.283906, 2.737288, 65.37086
 
2.839998, -0.0007796668, -0.01720028, 153.0167, 4.359749, 0.00555419508513867710489, 44913.81, -1827.59, -5.741346, 0.01966487, 0.1582343, 299.0601, 3.283906, 2.736999, 65.38573
 
2.849998, 0.01375542, -0.01720808, 153.5554, 4.352242, 0.00358012265839804122144, 45238.71, -1827.978, -5.741346, 0.01966487, 0.1582343, 300.1844, 3.283906, 2.736709, 65.4006
 
2.859998, 0.02792604, -0.01707053, 154.1079, 4.357727, 0.00163873152644231154717, 45565.27, -1828.366, -5.741346, 0.01966487, 0.1582343, 301.3107, 3.283906, 2.73642, 65.41548
 
2.869998, 0.04154799, -0.01679127, 154.6644, 4.366402, -0.000245747928879901377987, 45893.48, -1828.754, -5.741346, 0.01966487, 0.1582343, 302.4391, 3.283906, 2.73613, 65.43035
 
2.879998, 0.05447427, -0.01637579, 155.2133, 4.368712, -0.00205421649423570511242, 46222.15, -1829.142, -5.741346, 0.01966487, 0.1582343, 303.5657, 3.283906, 2.73584, 65.44523
 
2.889998, 0.06656191, -0.01583104, 155.7544, 4.364377, -0.00376787851954210731812, 46551.27, -1829.531, -5.741346, 0.01966487, 0.1582343, 304.6904, 3.283906, 2.73555, 65.46011
 
2.899998, 0.07767458, -0.01516542, 156.2988, 4.363493, -0.0053684716580643103111734460, 46881.44, -1829.92, -5.741346, 0.01966487, 0.1582343, 305.8153, 3.283906, 2.735261, 65.47498
 
2.909998, 0.08768801, -0.01438868, 156.8458, 4.365531, -0.00683976247445578487271, 47212.65, -1830.308, -5.741346, 0.01966487, 0.1582343, 306.9402, 3.283906, 2.734971, 65.48985
 
2.919998, 0.09647729, -0.0135118, 157.393, 4.367837, -0.00816555122858432866824, 47544.92, -1830.698, -5.741346, 0.01966487, 0.1582343, 308.0654, 3.283906, 2.734682, 65.50473
 
2.929998, 0.1039542, -0.01254702, 157.9354, 4.366683, -0.00933452551800917918731, 47877.59, -1831.087, -5.741346, 0.01966487, 0.1582343, 309.1886, 3.283906, 2.734392, 65.5196
 
2.939998, 0.1100412, -0.01150748, 158.4734, 4.36233, -0.0103365185775797818217334460, 48210.7, -1831.477, -5.741346, 0.01966487, 0.1582343, 310.31, 3.283906, 2.734102, 65.53448
 
2.949998, 0.1146788, -0.01040707, 159.0144, 4.361169, -0.0111633317489878310837, 48544.81, -1831.866, -5.741346, 0.01966487, 0.1582343, 311.4314, 3.283906, 2.733813, 65.54935
 
2.959998, 0.1178176, -0.009260282, 159.5626, 4.366405, -0.01180811418250168080616, 48880.6, -1832.256, -5.741346, 0.01966487, 0.1582343, 312.5551, 3.283906, 2.733523, 65.56422
 
2.969998, 0.1194507, -0.008082106, 160.1414, 4.395649, -0.01226824530939995842791, 49221.73, -1832.646, -5.741346, 0.01966487, 0.1582343, 313.6926, 3.283906, 2.733233, 65.5791
 
2.979998, 0.1207713, -0.006887598, 164.017, 4.404371, -0.0126115612164201540773100558, 49560.79, -1872.004, -5.741346, 0.01966487, 0.1582343, 314.8203, 3.285544, 2.732944, 65.59398
 
2.989998, 0.1209304, -0.005679886, 168.8822, 4.38667, -0.01280109158942084921182, 49900.17, -1923.002, -5.741346, 0.01966487, 0.1582343, 315.9458, 3.287914, 2.732654, 65.60885
 
2.999998, 0.1193359, -0.004470582, 173.2236, 4.385511, -0.01280256494131152609402, 50240.54, -1967.38, -5.741346, 0.01966487, 0.1582343, 317.0714, 3.29028, 2.732364, 65.62373
 
3.009998, 0.1160126, -0.003277223, 177.0578, 4.387823, -0.01261605514607254203973, 50581.8, -2005.549, -5.741346, 0.01966487, 0.1582343, 318.1967, 3.292649, 2.732074, 65.6386
 
3.019998, 0.1109803, -0.002117097, 180.3897, 4.380242, -0.0122415328081414215647544946, 50921.98, -2037.82, -5.741346, 0.01966487, 0.1582343, 319.3155, 3.295021, 2.731785, 65.65347
 
3.029998, 0.1043309, -0.001007294, 183.2523, 4.379075, -0.01168614442351903347086, 51264.21, -2064.381, -5.741346, 0.01966487, 0.1582343, 320.4377, 3.297384, 2.731495, 65.66835
 
3.039998, 0.09616207, 3.601555E-05, 185.691, 4.387805, -0.0109583453198549292434667091, 51607.1, -2085.795, -5.741346, 0.01966487, 0.1582343, 321.5589, 3.299761, 2.731206, 65.68323
 
3.049998, 0.08656716, 0.0009976362, 187.6904, 4.379944, -0.0100669943815106540372, 51948.77, -2102.277, -5.741346, 0.01966487, 0.1582343, 322.6733, 3.302142, 2.730916, 65.6981
 
3.059998, 0.0756807, 0.001863308, 189.2732, 4.359217, -0.00902533139718444145671, 52288.7, -2114.103, -5.741346, 0.01966487, 0.1582343, 323.7794, 3.304517, 2.730626, 65.71297
 
3.069998, 0.06368938, 0.002620115, 190.5045, 4.354815, -0.00785189694283175636274, 52630.65, -2121.649, -5.741346, 0.01966487, 0.1582343, 324.8889, 3.306883, 2.730337, 65.72785
 
3.079998, 0.0507401, 0.003257009, 191.4204, 4.370248, -0.0065616515573135273612333303, 52974.63, -2125.323, -5.741346, 0.01966487, 0.1582343, 326.0017, 3.309263, 2.730047, 65.74272
 
3.089998, 0.03705671, 0.00376441, 192.0168, 4.382206, -0.0051784383471550272735914652, 53320.03, -2125.394, -5.741346, 0.01966487, 0.1582343, 327.116, 3.31166, 2.729757, 65.7576
 
3.099998, 0.02282321, 0.004134977, 192.2811, 4.364924, -0.00372219422874211192654, 53661.62, -2122.145, -5.741346, 0.01966487, 0.1582343, 328.2158, 3.314068, 2.729468, 65.77248
 
3.109998, 0.008267211, 0.004363209, 192.2754, 4.340108, -0.00221723196043802787576, 54003.3, -2115.982, -5.741346, 0.01966487, 0.1582343, 329.313, 3.316453, 2.729178, 65.78735
 
3.119998, -0.006366432, 0.004445881, 192.0466, 4.332189, -0.0006897918950372918979088885, 54344.34, -2107.2, -5.741346, 0.01966487, 0.1582343, 330.4056, 3.318841, 2.728888, 65.80222
 
3.129997, -0.02087273, 0.004382217, 191.6119, 4.328021, 0.0008381383979829307892365091, 54686.07, -2096.134, -5.741346, 0.01966487, 0.1582343, 331.4975, 3.321166, 2.728599, 65.8171
 
3.139997, -0.03500859, 0.00417349, 191.0671, 4.383533, 0.00234000681438876634833, 55039.05, -2083.05, -5.741346, 0.01966487, 0.1582343, 332.6208, 3.323438, 2.728309, 65.83197
 
3.149997, -0.04850819, 0.003823404, 190.2823, 4.412739, 0.0037885319448524443819363906, 55387.44, -2067.779, -5.741346, 0.01966487, 0.1582343, 333.7274, 3.325774, 2.728019, 65.84685
 
3.159997, -0.06113837, 0.003338322, 189.303, 4.374425, 0.0051593522869392039389114168, 55733.86, -2051.249, -5.741346, 0.01966487, 0.1582343, 334.8253, 3.328072, 2.72773, 65.86172
 
3.169997, -0.07269403, 0.002726938, 188.2304, 4.350073, 0.0064305900797347019815351229, 56078.39, -2033.687, -5.741346, 0.01966487, 0.1582343, 335.9149, 3.330352, 2.72744, 65.87659
 
3.179997, -0.0829243, 0.001999998, 187.1179, 4.355594, 0.0075758662574451596949, 56426.86, -2015.409, -5.741346, 0.01966487, 0.1582343, 337.0136, 3.332615, 2.72715, 65.89147
 
3.189997, -0.09166368, 0.001170755, 185.9784, 4.40154, 0.00857736213123341936952, 56781.39, -1996.413, -5.741346, 0.01966487, 0.1582343, 338.1278, 3.334901, 2.726861, 65.90635
 
3.199997, -0.09873398, 0.000254118, 184.73, 4.406819, 0.00941857075080677891728, 57131.84, -1976.873, -5.741346, 0.01966487, 0.1582343, 339.2271, 3.337223, 2.726571, 65.92122
 
3.209997, -0.1039376, -0.0007332218, 183.4309, 4.355729, 0.01008141589873149336792, 57476.93, -1957.622, -5.741346, 0.01966487, 0.1582343, 340.3079, 3.339521, 2.726281, 65.9361
 
3.219997, -0.1071417, -0.001772598, 182.1983, 4.32429, 0.01055282381982658806977, 57821.93, -1939.012, -5.741346, 0.01966487, 0.1582343, 341.386, 3.341788, 2.725992, 65.95097
 
3.229997, -0.1082693, -0.002844015, 181.0667, 4.340065, 0.01082491102618930992642, 58170.91, -1921.047, -5.741346, 0.01966487, 0.1582343, 342.4732, 3.344059, 2.725702, 65.96584
 
3.239997, -0.1072919, -0.003926707, 180.0172, 4.375569, 0.0108953061007716380970, 58523.89, -1903.813, -5.741346, 0.01966487, 0.1582343, 343.5697, 3.346359, 2.725412, 65.98072
 
3.249997, -0.1041949, -0.004999626, 179.0557, 4.408134, 0.01076381668985629653098, 58880.27, -1887.626, -5.741346, 0.01966487, 0.1582343, 344.6736, 3.348691, 2.725123, 65.9956
 
3.259997, -0.09893613, -0.006041575, 178.1409, 4.380169, 0.0104296769362571345424, 59228.36, -1872.838, -5.741346, 0.01966487, 0.1582343, 345.7508, 3.351052, 2.724833, 66.01047
 
3.269997, -0.09160133, -0.007030936, 177.4223, 4.355422, 0.00990209722410889467375, 59580.46, -1860.162, -5.741346, 0.01966487, 0.1582343, 346.8372, 3.353369, 2.724543, 66.02534
 
3.279997, -0.08229823, -0.007946949, 176.8979, 4.357711, 0.00919229124343720809465, 59929.71, -1849.413, -5.741346, 0.01966487, 0.1582343, 347.9129, 3.355719, 2.724254, 66.04022
 
3.289997, -0.07117042, -0.008769932, 176.571, 4.339695, 0.0083147174582527411889, 60278.84, -1841.069, -5.741346, 0.01966487, 0.1582343, 348.9858, 3.35806, 2.723964, 66.05509
 
3.299997, -0.05842254, -0.009481637, 176.4887, 4.331684, 0.00728911430359491537399, 60627.09, -1835.304, -5.741346, 0.01966487, 0.1582343, 350.0539, 3.360408, 2.723675, 66.06997
 
3.309997, -0.044331, -0.01006586, 176.6737, 4.327457, 0.0061408964783067002949465876, 60975.85, -1832.382, -5.741346, 0.01966487, 0.1582343, 351.1211, 3.362757, 2.723385, 66.08485
 
3.319997, -0.02918732, -0.01050917, 177.1574, 4.332714, 0.00489639730359065161920, 61325.86, -1832.541, -5.741346, 0.01966487, 0.1582343, 352.1896, 3.365115, 2.723095, 66.09972
 
3.329997, -0.01328695, -0.01080104, 177.9495, 4.331738, 0.0035817229445162622247727088, 61674.96, -1836.058, -5.741346, 0.01966487, 0.1582343, 353.2532, 3.367485, 2.722805, 66.11459
 
3.339997, 0.002991136, -0.01093391, 179.0709, 4.320444, 0.00222932913460570966354, 62023.16, -1843.17, -5.741346, 0.01966487, 0.1582343, 354.312, 3.369851, 2.722516, 66.12947
 
3.349997, 0.01925793, -0.010904, 180.5687, 4.319185, 0.000871908966634590374948, 62372.59, -1854.098, -5.741346, 0.01966487, 0.1582343, 355.3721, 3.372211, 2.722226, 66.14434
 
3.359997, 0.03513678, -0.01071142, 182.5068, 4.351603, -0.0004592866917084777929051688, 62728.23, -1869.159, -5.741346, 0.01966487, 0.1582343, 356.4476, 3.374509, 2.721936, 66.15922
 
3.369997, 0.05020645, -0.01036006, 184.87, 4.36068, -0.001731637630718973414062, 63080.03, -1888.909, -5.741346, 0.01966487, 0.1582343, 357.51, 3.376714, 2.721647, 66.1741
 
3.379997, 0.0640308, -0.009857992, 187.635, 4.335783, -0.0029120529147315690464, 63430.89, -1913.136, -5.741346, 0.01966487, 0.1582343, 358.5675, 3.378896, 2.721357, 66.18897
 
3.389997, 0.07623885, -0.009217684, 190.9201, 4.351656, -0.003970940065304451588, 63786.57, -1942.172, -5.741346, 0.01966487, 0.1582343, 359.6364, 3.381073, 2.721068, 66.20384
 
3.399997, 0.086487, -0.008455296, 194.735, 4.353667, -0.0048833368376669019547733476, 64138.34, -1976.78, -5.741346, 0.01966487, 0.1582343, 360.6921, 3.383284, 2.720778, 66.21872
 
3.409997, 0.09442353, -0.007590426, 199.0374, 4.339072, -0.0056242754770504229593544484, 64491.33, -2016.432, -5.741346, 0.01966487, 0.1582343, 361.7491, 3.385478, 2.720488, 66.2336
 
3.419997, 0.09980208, -0.006646191, 203.9342, 4.344891, -0.0061755157585828826777551267, 64844.75, -2061.822, -5.741346, 0.01966487, 0.1582343, 362.8053, 3.387689, 2.720198, 66.24847
 
3.429997, 0.1024322, -0.00564817, 209.403, 4.329731, -0.00652489334378348301552, 65194.96, -2113.163, -5.741346, 0.01966487, 0.1582343, 363.8503, 3.389914, 2.719909, 66.26334
 
3.439997, 0.1021504, -0.004623848, 215.4372, 4.31183, -0.00666133130627322123512, 65544.81, -2170.111, -5.741346, 0.01966487, 0.1582343, 364.8924, 3.392133, 2.719619, 66.27822
 
3.449997, 0.09856495, -0.003602344, 219.5837, 4.313818, -0.0065721363044594864104820749, 65895.94, -2207.216, -5.741346, 0.01966487, 0.1582343, 365.9359, 3.393694, 2.71933, 66.29309
 
3.459997, 0.09183921, -0.002616694, 220.7087, 4.326178, -0.0062647818139063785689577032, 66249.23, -2213.109, -5.741346, 0.01966487, 0.1582343, 366.9835, 3.394411, 2.71904, 66.30797
 
3.469997, 0.0826306, -0.001698302, 221.8078, 4.325171, -0.0057612277955308077025035864, 66601.14, -2218.889, -5.741346, 0.01966487, 0.1582343, 368.0251, 3.395127, 2.71875, 66.32285
 
3.479997, 0.07126547, -0.0008719963, 222.883, 4.313784, -0.0050829672683456107915307932, 66952.97, -2224.522, -5.741346, 0.01966487, 0.1582343, 369.0646, 3.395837, 2.718461, 66.33772
 
3.489997, 0.05806589, -0.0001593416, 223.9722, 4.322604, -0.0042512309845428037706170437, 67307.74, -2230.034, -5.741346, 0.01966487, 0.1582343, 370.1103, 3.396541, 2.718171, 66.35259
 
3.499997, 0.0434402, 0.0004213173, 225.0649, 4.338265, -0.0032941973666290309276970718, 67664, -2235.482, -5.741346, 0.01966487, 0.1582343, 371.1581, 3.397246, 2.717881, 66.36747
 
3.509997, 0.02786471, 0.0008557193, 226.1227, 4.330693, -0.0022452628482826068033319152, 68017.94, -2240.84, -5.741346, 0.01966487, 0.1582343, 372.1974, 3.397944, 2.717592, 66.38234
 
3.519997, 0.01180567, 0.001134366, 227.1514, 4.30861, -0.0011370008945095499446641397, 68370.41, -2246.07, -5.741346, 0.01966487, 0.1582343, 373.231, 3.398627, 2.717302, 66.39722
 
3.529997, -0.004242145, 0.001252423, 228.1486, 4.273641, -0.0000043481233941409322853487, 68717.57, -2251.192, -5.741346, 0.01966487, 0.1582343, 374.2481, 3.399296, 2.717012, 66.41209
 
3.539997, -0.01978351, 0.001210002, 229.2178, 4.302996, 0.0011174385671090090782833585, 69077.38, -2256.178, -5.741346, 0.01966487, 0.1582343, 375.2979, 3.399763, 2.716722, 66.42696
 
3.549997, -0.03437122, 0.001012167, 230.2802, 4.329087, 0.0021963700641441026019651223, 69431.08, -2261.223, -5.741346, 0.01966487, 0.1582343, 376.3291, 3.400237, 2.716433, 66.44184
 
3.559997, -0.04755408, 0.0006684546, 231.2658, 4.293526, 0.0031995564773496450720029689, 69783.96, -2266.125, -5.741346, 0.01966487, 0.1582343, 377.3563, 3.400699, 2.716143, 66.45672
 
3.569997, -0.05895435, 0.0001929138, 232.2859, 4.296051, 0.0040984769972503284288160641, 70138.99, -2270.951, -5.741346, 0.01966487, 0.1582343, 378.3875, 3.401159, 2.715854, 66.47159
 
3.579997, -0.0682348, -0.0003966297, 233.3138, 4.30818, 0.0048673793250081178348787182, 70495.48, -2275.731, -5.741346, 0.01966487, 0.1582343, 379.4207, 3.401623, 2.715564, 66.48647
 
3.589997, -0.07511311, -0.001078978, 234.3093, 4.296711, 0.0054843190521815928927280488, 70848.84, -2280.47, -5.741346, 0.01966487, 0.1582343, 380.4438, 3.402093, 2.715274, 66.50134
 
3.599997, -0.07942951, -0.001830109, 235.2834, 4.275072, 0.0059352005534896277074614910, 71201.26, -2285.11, -5.741346, 0.01966487, 0.1582343, 381.4626, 3.402562, 2.714984, 66.51621
 
3.609997, -0.08109839, -0.002624404, 236.2741, 4.273739, 0.0062107793704547498803589739, 71555.12, -2289.686, -5.741346, 0.01966487, 0.1582343, 382.4835, 3.403037, 2.714695, 66.53109
 
3.619997, -0.08009671, -0.003435388, 237.2745, 4.282851, 0.0063061461518676413166069509, 71910.44, -2294.226, -5.741346, 0.01966487, 0.1582343, 383.5066, 3.403521, 2.714405, 66.54597
 
3.629997, -0.07644287, -0.004236355, 238.2595, 4.281795, 0.0062193696629561429631980362, 72264.8, -2298.729, -5.741346, 0.01966487, 0.1582343, 384.5254, 3.404013, 2.714116, 66.56084
 
3.639997, -0.07040427, -0.005000784, 239.2217, 4.266429, 0.0059652051772462297584157227, 72617.48, -2303.171, -5.741346, 0.01966487, 0.1582343, 385.538, 3.404509, 2.713826, 66.57571
 
3.649997, -0.06211931, -0.005704826, 240.1953, 4.265362, 0.0055498083063796999374915672, 72972.3, -2307.55, -5.741346, 0.01966487, 0.1582343, 386.5546, 3.405009, 2.713536, 66.59059
 
3.659997, -0.05193961, -0.006326019, 241.1828, 4.277509, 0.0049939251469629328815408135, 73328.59, -2311.908, -5.741346, 0.01966487, 0.1582343, 387.5735, 3.405516, 2.713247, 66.60546
 
3.669997, -0.04025523, -0.006845416, 242.1666, 4.286912, 0.0043210593840687870565035801, 73686.23, -2316.234, -5.741346, 0.01966487, 0.1582343, 388.5942, 3.406027, 2.712957, 66.62034
 
3.679997, -0.02747389, -0.007247968, 243.1731, 4.312862, 0.0035562665804128711333687696, 74049.2, -2320.534, -5.741346, 0.01966487, 0.1582343, 389.6273, 3.406541, 2.712667, 66.63522
 
3.689997, -0.01399236, -0.007522707, 244.1504, 4.315118, 0.0027243769243906339712199099, 74408.15, -2324.842, -5.741346, 0.01966487, 0.1582343, 390.6481, 3.407059, 2.712378, 66.65009
 
3.699997, -0.0003021677, -0.007662631, 244.8397, 4.279302, 0.0018557111518247193649738549, 74763.75, -2326.782, -5.741346, 0.01966487, 0.1582343, 391.6585, 3.407121, 2.712088, 66.66496
 
3.709997, 0.01301875, -0.007665652, 245.2831, 4.274639, 0.0009860431510995532560221734, 75122.33, -2326.01, -5.741346, 0.01966487, 0.1582343, 392.6751, 3.406656, 2.711798, 66.67984
 
3.719997, 0.02553681, -0.007535465, 245.7431, 4.28737, 0.0001441298609709443985668385, 75481.44, -2325.243, -5.741346, 0.01966487, 0.1582343, 393.6915, 3.406191, 2.711509, 66.69471
 
3.729997, 0.03672379, -0.007280096, 246.1916, 4.289336, -0.0006349024843311117858442764, 75841.16, -2324.48, -5.741346, 0.01966487, 0.1582343, 394.7079, 3.405624, 2.711219, 66.70959
 
3.739997, 0.04631139, -0.006912859, 246.6166, 4.274166, -0.0013319060607846651733329935, 76197.5, -2323.727, -5.741346, 0.01966487, 0.1582343, 395.7138, 3.405044, 2.710929, 66.72446
 
3.749997, 0.05398106, -0.006449745, 247.0385, 4.255939, -0.0019236816592875405971593524, 76553.61, -2322.996, -5.741346, 0.01966487, 0.1582343, 396.7177, 3.404481, 2.71064, 66.73933
 
3.759997, 0.05955645, -0.005909934, 247.4864, 4.261486, -0.0023955943595705572983457885, 76911.98, -2322.271, -5.741346, 0.01966487, 0.1582343, 397.7259, 3.403931, 2.71035, 66.75421
 
3.769997, 0.0629582, -0.00531437, 247.9365, 4.270358, -0.0027393931025643556077058472, 77270.84, -2321.548, -5.741346, 0.01966487, 0.1582343, 398.7338, 3.403391, 2.71006, 66.76909
 
3.779997, 0.06399746, -0.004684788, 248.3614, 4.259023, -0.0029398842464033243851770288, 77627.06, -2320.835, -5.741346, 0.01966487, 0.1582343, 399.7334, 3.402867, 2.709771, 66.78396
 
3.789997, 0.06281286, -0.004044813, 248.772, 4.236596, -0.0030018897429486519569132188, 77981.47, -2320.138, -5.741346, 0.01966487, 0.1582343, 400.7269, 3.40236, 2.709481, 66.79884
 
3.799997, 0.05950315, -0.003416684, 249.2217, 4.246018, -0.0029276336907360699623211283, 78340.52, -2319.459, -5.741346, 0.01966487, 0.1582343, 401.7308, 3.401871, 2.709191, 66.81371
 
3.809997, 0.05424407, -0.002821653, 249.6787, 4.265431, -0.0027251271747848329337857976, 78700.15, -2318.764, -5.741346, 0.01966487, 0.1582343, 402.7347, 3.401387, 2.708902, 66.82858
 
3.819997, 0.04722942, -0.002279212, 250.1044, 4.25684, -0.0024035360942823853874587828, 79057.94, -2318.084, -5.741346, 0.01966487, 0.1582343, 403.7325, 3.400919, 2.708612, 66.84346
 
3.829997, 0.03876022, -0.001806918, 250.5068, 4.231867, -0.0019787841518900017595952357, 79412.29, -2317.407, -5.741346, 0.01966487, 0.1582343, 404.7201, 3.40046, 2.708323, 66.85834
 
3.839997, 0.02926318, -0.001419316, 250.9251, 4.21992, -0.0014747394030208443864949019, 79768.03, -2316.754, -5.741346, 0.01966487, 0.1582343, 405.7098, 3.400018, 2.708033, 66.87321
 
3.849997, 0.01907818, -0.001126684, 251.3744, 4.236017, -0.0009108041276496324202242215, 80126.73, -2316.104, -5.741346, 0.01966487, 0.1582343, 406.7057, 3.399582, 2.707743, 66.88808
 
3.859997, 0.008570588, -0.0009359022, 251.8279, 4.254907, -0.0003084686713269535676128445, 80487.67, -2315.452, -5.741346, 0.01966487, 0.1582343, 407.7058, 3.399148, 2.707453, 66.90296
 
3.869997, -0.001874726, -0.0008501963, 252.2464, 4.24712, 0.0003091928139679052236934087, 80845.02, -2314.792, -5.741346, 0.01966487, 0.1582343, 408.6955, 3.398664, 2.707164, 66.91783
 
3.879997, -0.01192566, -0.0008689435, 252.6495, 4.225139, 0.0009220289694775707155031646, 81201.31, -2314.154, -5.741346, 0.01966487, 0.1582343, 409.6811, 3.398139, 2.706874, 66.93271
 
3.889997, -0.02114922, -0.0009882001, 253.0561, 4.209815, 0.0015032042195221570553485151, 81555.67, -2313.53, -5.741346, 0.01966487, 0.1582343, 410.6605, 3.397621, 2.706584, 66.94759
 
3.899997, -0.02926698, -0.001199692, 253.4686, 4.201437, 0.0020345125846408443396942050, 81910.54, -2312.905, -5.741346, 0.01966487, 0.1582343, 411.6399, 3.397108, 2.706295, 66.96246
 
3.909997, -0.0360385, -0.001492362, 253.9392, 4.238174, 0.0024994663374657011599971278, 82274.27, -2312.293, -5.741346, 0.01966487, 0.1582343, 412.6403, 3.396606, 2.706005, 66.97733
 
3.919997, -0.04123748, -0.001852747, 254.4013, 4.271601, 0.0028825092397017626965905364, 82637.67, -2311.656, -5.741346, 0.01966487, 0.1582343, 413.6384, 3.3961, 2.705715, 66.99221
 
3.929997, -0.04472329, -0.002265122, 254.7814, 4.235631, 0.0031728154231546114652632325, 82993.34, -2311.026, -5.741346, 0.01966487, 0.1582343, 414.6159, 3.395605, 2.705426, 67.00708
 
3.939997, -0.0464056, -0.002712355, 255.1387, 4.182336, 0.0033622063882778797734695883, 83344.46, -2310.426, -5.741346, 0.01966487, 0.1582343, 415.5808, 3.39513, 2.705136, 67.02196
 
3.949997, -0.04633712, -0.003176411, 255.5314, 4.163595, 0.0034508552460873514005254256, 83696.06, -2309.843, -5.741346, 0.01966487, 0.1582343, 416.5457, 3.39467, 2.704846, 67.03683
 
3.959997, -0.04453333, -0.003639782, 255.9822, 4.193134, 0.0034367346526077176080716232, 84054.96, -2309.265, -5.741346, 0.01966487, 0.1582343, 417.5276, 3.39422, 2.704557, 67.0517
 
3.969997, -0.04107404, -0.004085115, 256.4167, 4.212923, 0.0033220121317539433567786065, 84411.77, -2308.671, -5.741346, 0.01966487, 0.1582343, 418.5029, 3.393773, 2.704267, 67.06658
 
3.979997, -0.03620579, -0.004495855, 256.8036, 4.190531, 0.0031183509783200358852886767, 84765.72, -2308.084, -5.741346, 0.01966487, 0.1582343, 419.47, 3.393337, 2.703978, 67.08146
 
3.989997, -0.03014127, -0.004857913, 257.1825, 4.164764, 0.0028360417134798087718829410, 85116.77, -2307.508, -5.741346, 0.01966487, 0.1582343, 420.4288, 3.392911, 2.703688, 67.09633
 
3.999997, -0.02311509, -0.005159326, 257.5717, 4.149881, 0.0024868289916644933214007362, 85467.45, -2306.949, -5.741346, 0.01966487, 0.1582343, 421.3854, 3.392497, 2.703398, 67.11121
 
4.009997, -0.01546368, -0.005390477, 257.9883, 4.158768, 0.0020887182808521716120950213, 85821.2, -2306.395, -5.741346, 0.01966487, 0.1582343, 422.3486, 3.39209, 2.703109, 67.12608
 
4.019997, -0.007392481, -0.005545114, 258.3965, 4.164301, 0.0016526201252865240911565140, 86173.69, -2305.828, -5.741346, 0.01966487, 0.1582343, 423.3074, 3.391682, 2.702819, 67.14096
 
4.029997, 0.0006563546, -0.005619038, 258.7861, 4.152474, 0.0012032024663438422424753441, 86525.01, -2305.28, -5.741346, 0.01966487, 0.1582343, 424.2623, 3.391282, 2.702529, 67.15583
 
4.039998, 0.008475036, -0.005612475, 259.1534, 4.126905, 0.0007524652895416995749939580, 86871.63, -2304.732, -5.741346, 0.01966487, 0.1582343, 425.2046, 3.390883, 2.70224, 67.17071
 
4.049998, 0.01570532, -0.005527725, 259.5279, 4.107759, 0.0003212919525804615317123935, 87218.7, -2304.199, -5.741346, 0.01966487, 0.1582343, 426.1469, 3.390489, 2.70195, 67.18559
 
4.059998, 0.02215065, -0.005370671, 259.9326, 4.11692, -0.0000780463007576087054328080, 87567.84, -2303.67, -5.741346, 0.01966487, 0.1582343, 427.0933, 3.39008, 2.70166, 67.20045
 
4.069998, 0.02751817, -0.005149165, 260.3842, 4.160882, -0.0004276209400665384215481485, 87926.16, -2303.145, -5.741346, 0.01966487, 0.1582343, 428.0609, 3.389624, 2.70137, 67.21533
 
4.079998, 0.03169788, -0.004873983, 260.7865, 4.169794, -0.0007199595665715690822270273, 88277.98, -2302.591, -5.741346, 0.01966487, 0.1582343, 429.0117, 3.389162, 2.701081, 67.23021
 
4.089999, 0.03456946, -0.004557004, 261.1221, 4.119453, -0.0009464441738060951701576967, 88624.15, -2302.058, -5.741346, 0.01966487, 0.1582343, 429.9476, 3.388714, 2.700791, 67.24509
 
4.099999, 0.03603856, -0.00421131, 261.4587, 4.076652, -0.0010994011282650980722435097, 88965.52, -2301.542, -5.741346, 0.01966487, 0.1582343, 430.871, 3.388278, 2.700501, 67.25996
 
4.109999, 0.03606033, -0.003850924, 261.8248, 4.060794, -0.0011739050793129609105719485, 89308.16, -2301.046, -5.741346, 0.01966487, 0.1582343, 431.7965, 3.387857, 2.700212, 67.27483
 
4.119999, 0.03475032, -0.003490321, 262.2163, 4.069952, -0.0011740975069907082178630254, 89652.1, -2300.55, -5.741346, 0.01966487, 0.1582343, 432.7242, 3.387443, 2.699922, 67.28971
 
4.13, 0.03213789, -0.003142818, 262.5928, 4.068425, -0.0010996553074761797895951497, 89994.66, -2300.047, -5.741346, 0.01966487, 0.1582343, 433.6475, 3.387032, 2.699633, 67.30458
 
4.14, 0.02838998, -0.002821439, 262.9517, 4.053104, -0.0009577203637472115154915920, 90335.02, -2299.551, -5.741346, 0.01966487, 0.1582343, 434.5647, 3.386631, 2.699343, 67.31946
 
4.15, 0.02374643, -0.002537539, 263.3175, 4.044245, -0.0007596041739950531800449469, 90675.75, -2299.067, -5.741346, 0.01966487, 0.1582343, 435.4819, 3.386238, 2.699053, 67.33434
 
4.16, 0.0183391, -0.002300075, 263.7079, 4.057069, -0.0005111173322697402188016577, 91019.44, -2298.585, -5.741346, 0.01966487, 0.1582343, 436.4052, 3.385851, 2.698763, 67.34921
 
4.170001, 0.01239, -0.002116684, 264.0676, 4.048481, -0.0002233759442479955113677571, 91358.21, -2298.096, -5.741346, 0.01966487, 0.1582343, 437.3159, 3.385465, 2.698474, 67.36408
 
4.180001, 0.006182991, -0.001992784, 264.4045, 4.019299, 0.0000890520404658224795250552, 91694.76, -2297.627, -5.741346, 0.01966487, 0.1582343, 438.2205, 3.385073, 2.698184, 67.37896
 
4.190001, 2.219954E-05, -0.001930954, 264.766, 4.01407, 0.0004101381110859685477829613, 92032.55, -2297.161, -5.741346, 0.01966487, 0.1582343, 439.1271, 3.384645, 2.697895, 67.39384
 
4.200001, -0.00592335, -0.001930732, 265.118, 4.005447, 0.0007305908736784015725206838, 92367.08, -2296.695, -5.741346, 0.01966487, 0.1582343, 440.0252, 3.384216, 2.697605, 67.40871
 
4.210001, -0.01145787, -0.001989966, 265.4477, 3.979591, 0.0010394628275982406085990138, 92698.44, -2296.234, -5.741346, 0.01966487, 0.1582343, 440.9149, 3.383791, 2.697315, 67.42358
 
4.220002, -0.01626554, -0.002104545, 265.782, 3.960208, 0.0013191099603550690219958299, 93028.3, -2295.788, -5.741346, 0.01966487, 0.1582343, 441.8003, 3.383374, 2.697026, 67.43846
 
4.230002, -0.02030288, -0.0022672, 266.1215, 3.948437, 0.0015659888189531616312079551, 93356.79, -2295.349, -5.741346, 0.01966487, 0.1582343, 442.6816, 3.382963, 2.696736, 67.45334
 
4.240002, -0.02330174, -0.002470229, 266.4864, 3.957296, 0.0017644489499833471587338256, 93689.1, -2294.917, -5.741346, 0.01966487, 0.1582343, 443.5713, 3.382559, 2.696446, 67.46821
 
4.250002, -0.02528955, -0.002703246, 266.823, 3.948622, 0.0019143364298678897393045950, 94015.47, -2294.474, -5.741346, 0.01966487, 0.1582343, 444.4462, 3.382155, 2.696157, 67.48309
 
4.260003, -0.0261851, -0.002956142, 267.1466, 3.926072, 0.0020095751816150900660550787, 94342.13, -2294.047, -5.741346, 0.01966487, 0.1582343, 445.3211, 3.381762, 2.695867, 67.49796
 
4.270003, -0.02596564, -0.003217993, 267.4991, 3.931815, 0.0020472803968718584596918668, 94670.02, -2293.622, -5.741346, 0.01966487, 0.1582343, 446.1981, 3.381374, 2.695577, 67.51284
 
4.280003, -0.02467243, -0.003477649, 267.8407, 3.930196, 0.0020278031504729929684564831, 94996.37, -2293.195, -5.741346, 0.01966487, 0.1582343, 447.0708, 3.380991, 2.695287, 67.52771
 
4.290003, -0.02242185, -0.003724374, 268.159, 3.91072, 0.0019555317320250142243233800, 95319.34, -2292.774, -5.741346, 0.01966487, 0.1582343, 447.935, 3.380616, 2.694998, 67.54259
 
4.300004, -0.01935194, -0.003948592, 268.4622, 3.881302, 0.0018361943862315102939941594, 95638.14, -2292.367, -5.741346, 0.01966487, 0.1582343, 448.7886, 3.38025, 2.694708, 67.55746
 
4.310004, -0.01558915, -0.004142112, 268.7738, 3.861783, 0.0016751060796511064275370847, 95956.28, -2291.968, -5.741346, 0.01966487, 0.1582343, 449.6401, 3.37989, 2.694419, 67.57233
 
4.320004, -0.0112911, -0.004298003, 269.1216, 3.874314, 0.0014794271867762682036559049, 96278.38, -2291.566, -5.741346, 0.01966487, 0.1582343, 450.5003, 3.379534, 2.694129, 67.58721
 
4.330004, -0.006647675, -0.004410914, 269.4767, 3.894239, 0.0012581793617906052170724756, 96601.68, -2291.16, -5.741346, 0.01966487, 0.1582343, 451.3626, 3.379177, 2.693839, 67.60209
 
4.340004, -0.001838074, -0.004477391, 269.7724, 3.867311, 0.0010200056536464895913170333, 96916.94, -2290.752, -5.741346, 0.01966487, 0.1582343, 452.2056, 3.378822, 2.693549, 67.61697
 
4.350005, 0.002836208, -0.004495771, 270.0349, 3.813362, 0.0007802468062695275736608975, 97226.09, -2290.372, -5.741346, 0.01966487, 0.1582343, 453.0338, 3.378478, 2.69326, 67.63184
 
4.360005, 0.007296312, -0.004467409, 270.3329, 3.793763, 0.0005433944101913152325638549, 97536.3, -2289.999, -5.741346, 0.01966487, 0.1582343, 453.8638, 3.378137, 2.69297, 67.64671
 
4.370005, 0.01131792, -0.004394446, 270.6701, 3.809982, 0.0003213663799099279349674011, 97849.51, -2289.631, -5.741346, 0.01966487, 0.1582343, 454.7003, 3.377796, 2.692681, 67.66159
 
4.380005, 0.01475467, -0.004281267, 270.9922, 3.815119, 0.0001222379402529071973299763, 98161.11, -2289.255, -5.741346, 0.01966487, 0.1582343, 455.5326, 3.37745, 2.692391, 67.67646
 
4.390006, 0.01745985, -0.00413372, 271.2895, 3.799476, -0.0000455706338387377545862784, 98470.15, -2288.885, -5.741346, 0.01966487, 0.1582343, 456.3584, 3.377097, 2.692101, 67.69134
 
4.400006, 0.01934302, -0.003959122, 271.5884, 3.787236, -0.0001761774920677452240927853, 98778.48, -2288.518, -5.741346, 0.01966487, 0.1582343, 457.182, 3.376727, 2.691812, 67.70621
 
4.410006, 0.02042296, -0.003765692, 271.8833, 3.774984, -0.0002692127216306847663303882, 99084.23, -2288.155, -5.741346, 0.01966487, 0.1582343, 457.9992, 3.376362, 2.691522, 67.72109
 
4.420006, 0.02061003, -0.003561462, 272.1579, 3.748466, -0.0003188771047493610039338588, 99385.65, -2287.801, -5.741346, 0.01966487, 0.1582343, 458.8059, 3.376004, 2.691232, 67.73596
 
4.430007, 0.02001581, -0.003355362, 272.43, 3.722209, -0.0003292933163297867654787677, 99684.47, -2287.461, -5.741346, 0.01966487, 0.1582343, 459.6062, 3.375655, 2.690942, 67.75084
 
4.440007, 0.01861085, -0.003155204, 272.7094, 3.706197, -0.0002976869670131898989417113, 99981.59, -2287.125, -5.741346, 0.01966487, 0.1582343, 460.4021, 3.375311, 2.690653, 67.76572
 
4.450007, 0.01651309, -0.002969095, 272.9802, 3.686745, -0.0002287165416482621858176455, 100275.1, -2286.793, -5.741346, 0.01966487, 0.1582343, 461.1895, 3.374973, 2.690363, 67.78059
 
4.460007, 0.01382668, -0.002803964, 273.2341, 3.656707, -0.0001264954787503388477987559, 100564.2, -2286.469, -5.741346, 0.01966487, 0.1582343, 461.966, 3.37464, 2.690073, 67.79546
 
4.470007, 0.0106614, -0.002665697, 273.5133, 3.647784, 0.0000045304928914674488922567, 100855.2, -2286.165, -5.741346, 0.01966487, 0.1582343, 462.7468, 3.374317, 2.689784, 67.81034
 
4.480008, 0.007189531, -0.002559083, 273.7891, 3.642569, 0.0001564711349234613761393845, 101142.7, -2285.849, -5.741346, 0.01966487, 0.1582343, 463.519, 3.373966, 2.689494, 67.82522
 
4.490008, 0.003589727, -0.002487188, 274.015, 3.598168, 0.0003208723823123429354554986, 101421.8, -2285.546, -5.741346, 0.01966487, 0.1582343, 464.2718, 3.373618, 2.689204, 67.84009
 
4.500008, -5.78876E-05, -0.002451291, 274.2377, 3.554012, 0.0004940439977358335288393288, 101697.3, -2285.261, -5.741346, 0.01966487, 0.1582343, 465.016, 3.373278, 2.688915, 67.85497
 
4.510008, -0.003524303, -0.002451869, 274.4732, 3.526989, 0.0006647493030226557813067490, 101969.1, -2284.989, -5.741346, 0.01966487, 0.1582343, 465.7515, 3.372941, 2.688625, 67.86984
 
4.520009, -0.006729002, -0.002487113, 274.7147, 3.507675, 0.0008286718200420042544648570, 102239.1, -2284.728, -5.741346, 0.01966487, 0.1582343, 466.4827, 3.37261, 2.688335, 67.88471
 
4.530009, -0.009546368, -0.002554402, 274.9404, 3.480892, 0.0009791751645935587506922979, 102503.6, -2284.468, -5.741346, 0.01966487, 0.1582343, 467.201, 3.372281, 2.688046, 67.89959
 
4.540009, -0.01184347, -0.002649866, 275.1699, 3.457809, 0.0011090604876409091208366662, 102767.2, -2284.224, -5.741346, 0.01966487, 0.1582343, 467.9171, 3.371959, 2.687756, 67.91447
 
4.550009, -0.01352096, -0.002768301, 275.3962, 3.438147, 0.0012126156657579731910464932, 103026.1, -2283.982, -5.741346, 0.01966487, 0.1582343, 468.6224, 3.371641, 2.687466, 67.92934
 
4.560009, -0.01455, -0.00290351, 275.6262, 3.421907, 0.0012873523227674612978994373, 103285.2, -2283.749, -5.741346, 0.01966487, 0.1582343, 469.3278, 3.371329, 2.687177, 67.94421
 
4.57001, -0.01487585, -0.00304901, 275.8447, 3.402207, 0.0013295583152231940832916983, 103538.6, -2283.517, -5.741346, 0.01966487, 0.1582343, 470.0201, 3.371021, 2.686887, 67.95909
 
4.58001, -0.0145602, -0.003197769, 276.0163, 3.346884, 0.0013410267546347805818748950, 103782.5, -2283.3, -5.741346, 0.01966487, 0.1582343, 470.6909, 3.370721, 2.686598, 67.97397
 
4.59001, -0.01363689, -0.003343371, 276.2163, 3.316503, 0.0013223588743973239429668506, 104027.5, -2283.108, -5.741346, 0.01966487, 0.1582343, 471.3639, 3.370433, 2.686308, 67.98884
 
4.60001, -0.01212892, -0.00347974, 276.4462, 3.318282, 0.0012737219265917115400473296, 104271.6, -2282.911, -5.741346, 0.01966487, 0.1582343, 472.0347, 3.370147, 2.686018, 68.00372
 
4.610011, -0.01012643, -0.003601029, 276.6474, 3.297921, 0.0011984099217734299380690031, 104511, -2282.718, -5.741346, 0.01966487, 0.1582343, 472.6948, 3.369864, 2.685729, 68.01859
 
4.620011, -0.007762969, -0.003702293, 276.8157, 3.253668, 0.0011020578522448488439276371, 104742.6, -2282.539, -5.741346, 0.01966487, 0.1582343, 473.3373, 3.369588, 2.685439, 68.03347
 
4.630011, -0.00514889, -0.003779923, 276.9879, 3.215702, 0.0009894254366708573067142070, 104971.4, -2282.375, -5.741346, 0.01966487, 0.1582343, 473.9733, 3.369321, 2.685149, 68.04834
 
4.640011, -0.002398727, -0.003831412, 277.1947, 3.210525, 0.0008656712894432512421820835, 105201.2, -2282.222, -5.741346, 0.01966487, 0.1582343, 474.6115, 3.369057, 2.68486, 68.06322
 
4.650012, 0.0003588833, -0.003855399, 277.3912, 3.201021, 0.0007366871038940538527482132, 105427.2, -2282.066, -5.741346, 0.01966487, 0.1582343, 475.2411, 3.368794, 2.68457, 68.07809
 
4.660012, 0.003032875, -0.00385181, 277.5653, 3.174217, 0.0006067933088077393562551610, 105649.4, -2281.913, -5.741346, 0.01966487, 0.1582343, 475.8621, 3.368532, 2.68428, 68.09297
 
4.670012, 0.005521242, -0.003821482, 277.7393, 3.150272, 0.0004810700383768150949892100, 105868.6, -2281.772, -5.741346, 0.01966487, 0.1582343, 476.4763, 3.368275, 2.68399, 68.10784
 
4.680012, 0.007656786, -0.003766269, 277.9147, 3.130919, 0.0003678228986743308536320342, 106085, -2281.641, -5.741346, 0.01966487, 0.1582343, 477.0841, 3.36802, 2.683701, 68.12272
 
4.690012, 0.009426658, -0.003689701, 278.0905, 3.114145, 0.0002682607874159179742054794, 106299.4, -2281.517, -5.741346, 0.01966487, 0.1582343, 477.6875, 3.367767, 2.683411, 68.1376
 
4.700013, 0.010738, -0.003595435, 278.2587, 3.094468, 0.0001874061311233564603412012, 106509.9, -2281.399, -5.741346, 0.01966487, 0.1582343, 478.2824, 3.367515, 2.683121, 68.15247
 
4.710013, 0.01154147, -0.003488055, 278.4096, 3.063797, 0.0001283544528156395358490139, 106715.7, -2281.285, -5.741346, 0.01966487, 0.1582343, 478.8664, 3.367262, 2.682832, 68.16734
 
4.720013, 0.01185914, -0.00337264, 278.5661, 3.040032, 0.0000909714653067575330268423, 106919.5, -2281.186, -5.741346, 0.01966487, 0.1582343, 479.4462, 3.367013, 2.682542, 68.18222
 
4.730013, 0.01167365, -0.003254049, 278.7401, 3.034457, 0.0000769263932480889867437109, 107123.2, -2281.086, -5.741346, 0.01966487, 0.1582343, 480.0256, 3.366762, 2.682252, 68.1971
 
4.740014, 0.01095708, -0.003137313, 278.9019, 3.021357, 0.0000883196277518555057834456, 107323, -2280.993, -5.741346, 0.01966487, 0.1582343, 480.5965, 3.366511, 2.681963, 68.21197
 
4.750014, 0.009820995, -0.003027742, 279.0494, 2.997828, 0.0001207862913364987058579547, 107519.9, -2280.903, -5.741346, 0.01966487, 0.1582343, 481.1608, 3.36626, 2.681673, 68.22684
 
4.760014, 0.008325756, -0.002929532, 279.1935, 2.974277, 0.0001722177339139830041072617, 107712.9, -2280.83, -5.741346, 0.01966487, 0.1582343, 481.7165, 3.366013, 2.681383, 68.24172
 
4.770014, 0.00652397, -0.002846274, 279.3471, 2.961128, 0.0002407661717889960617196362, 107905.8, -2280.754, -5.741346, 0.01966487, 0.1582343, 482.2722, 3.365764, 2.681094, 68.25659
 
4.780015, 0.004518625, -0.002781035, 279.5254, 2.969987, 0.0003221300673414649949518006, 108100.7, -2280.684, -5.741346, 0.01966487, 0.1582343, 482.8323, 3.365516, 2.680804, 68.27147
 
4.790015, 0.002361591, -0.002735849, 279.6878, 2.967839, 0.0004141487099431668855465954, 108292.6, -2280.608, -5.741346, 0.01966487, 0.1582343, 483.3859, 3.365265, 2.680515, 68.28635
 
4.800015, 0.0002682271, -0.002712233, 279.8386, 2.954668, 0.0005070012078942827715527826, 108483.5, -2280.542, -5.741346, 0.01966487, 0.1582343, 483.9373, 3.365018, 2.680225, 68.30122
 
4.810015, -0.001802785, -0.00270955, 279.9847, 2.941776, 0.0006025245378037567870769460, 108671.4, -2280.471, -5.741346, 0.01966487, 0.1582343, 484.4819, 3.364769, 2.679935, 68.31609
 
4.820015, -0.003704603, -0.002727578, 280.1118, 2.914648, 0.0006938095392356135644748072, 108854.3, -2280.415, -5.741346, 0.01966487, 0.1582343, 485.0157, 3.364526, 2.679645, 68.33097
 
4.830016, -0.005374121, -0.002764624, 280.24, 2.890688, 0.0007776481506404383272174519, 109035.3, -2280.367, -5.741346, 0.01966487, 0.1582343, 485.5452, 3.364286, 2.679356, 68.34585
 
4.840016, -0.00671833, -0.002818365, 280.3718, 2.873969, 0.0008493280668173451135367867, 109213.3, -2280.323, -5.741346, 0.01966487, 0.1582343, 486.0683, 3.36405, 2.679066, 68.36072
 
4.850016, -0.007693991, -0.002885549, 280.5108, 2.864501, 0.0009062692642730257773182534, 109391.3, -2280.283, -5.741346, 0.01966487, 0.1582343, 486.5913, 3.363816, 2.678777, 68.3756
 
4.860016, -0.008302306, -0.002962488, 280.6516, 2.859094, 0.0009479010616407238588329906, 109567.1, -2280.249, -5.741346, 0.01966487, 0.1582343, 487.1097, 3.363586, 2.678487, 68.39047
 
4.870017, -0.008527971, -0.003045511, 280.7762, 2.842045, 0.0009728626617010884693086926, 109739.9, -2280.212, -5.741346, 0.01966487, 0.1582343, 487.6217, 3.363358, 2.678197, 68.40535
 
4.880017, -0.008335152, -0.003130791, 280.8994, 2.825563, 0.0009788627152982543223845215, 109910.8, -2280.184, -5.741346, 0.01966487, 0.1582343, 488.1293, 3.363134, 2.677907, 68.42022
 
4.890017, -0.007790099, -0.003214143, 281.0289, 2.816052, 0.0009682557978022515106643247, 110080.6, -2280.163, -5.741346, 0.01966487, 0.1582343, 488.6348, 3.362914, 2.677618, 68.4351
 
4.900017, -0.006883891, -0.003292044, 281.1556, 2.806533, 0.0009400265049381440510457148, 110248.4, -2280.143, -5.741346, 0.01966487, 0.1582343, 489.136, 3.362697, 2.677328, 68.44997
 
4.910017, -0.00569646, -0.003360883, 281.2766, 2.793506, 0.0008972330432379722970054380, 110414.2, -2280.13, -5.741346, 0.01966487, 0.1582343, 489.6329, 3.362483, 2.677038, 68.46484
 
4.920018, -0.004298642, -0.003417847, 281.4001, 2.783966, 0.0008426680647485171489575496, 110579, -2280.121, -5.741346, 0.01966487, 0.1582343, 490.1276, 3.362272, 2.676749, 68.47972
 
4.930018, -0.002701828, -0.003460834, 281.5204, 2.774709, 0.0007765019745997708717907797, 110741.6, -2280.109, -5.741346, 0.01966487, 0.1582343, 490.6177, 3.362062, 2.676459, 68.4946
 
4.940018, -0.001130289, -0.003487852, 281.6346, 2.761065, 0.0007086652164877729783210265, 110902.2, -2280.108, -5.741346, 0.01966487, 0.1582343, 491.1035, 3.361855, 2.676169, 68.50948
 
4.950018, 0.0004845814, -0.003499155, 281.7423, 2.744781, 0.0006360760165719392753500753, 111059.8, -2280.108, -5.741346, 0.01966487, 0.1582343, 491.5828, 3.36165, 2.67588, 68.52435
 
4.960019, 0.002028525, -0.003494309, 281.8571, 2.735197, 0.0005639009686166970093760077, 111217.3, -2280.115, -5.741346, 0.01966487, 0.1582343, 492.0622, 3.361447, 2.67559, 68.53922
 
4.970019, 0.00343373, -0.003474024, 281.9776, 2.73291, 0.0004953675204560933274801188, 111373.8, -2280.121, -5.741346, 0.01966487, 0.1582343, 492.5394, 3.361244, 2.675301, 68.5541
 
4.980019, 0.004664734, -0.003439686, 282.0929, 2.726821, 0.0004323087747286181015993628, 111529.2, -2280.13, -5.741346, 0.01966487, 0.1582343, 493.0144, 3.361042, 2.675011, 68.56897
 
4.990019, 0.005684227, -0.003393039, 282.2019, 2.717216, 0.0003767258668345430162356231, 111682.5, -2280.142, -5.741346, 0.01966487, 0.1582343, 493.4848, 3.36084, 2.674721, 68.58385
 
5.00002, 0.006359632, -0.003336197, 282.3099, 2.707602, 0.0003350162964121663392226183, 111834.7, -2280.159, -5.741346, 0.01966487, 0.1582343, 493.9531, 3.360639, 2.674431, 68.59872
 
5.01002, 0.006735862, -0.0032726, 282.4199, 2.701783, 0.0003057377466580996480161660, 111985.8, -2280.174, -5.741346, 0.01966487, 0.1582343, 494.4193, 3.360435, 2.674142, 68.6136
 
5.02002, 0.006825341, -0.003205242, 282.534, 2.699765, 0.0002888364143289358906641383, 112136.9, -2280.196, -5.741346, 0.01966487, 0.1582343, 494.8854, 3.360234, 2.673852, 68.62847
 
5.03002, 0.006619685, -0.003136988, 282.6458, 2.697158, 0.0002851698963936621024669531, 112286.9, -2280.217, -5.741346, 0.01966487, 0.1582343, 495.3494, 3.360031, 2.673563, 68.64335
 
5.04002, 0.006095857, -0.003070792, 282.7527, 2.691324, 0.0002962749300415405255971193, 112435.8, -2280.237, -5.741346, 0.01966487, 0.1582343, 495.8112, 3.359827, 2.673273, 68.65823
 
5.050021, 0.005377613, -0.003009833, 282.8673, 2.692522, 0.0003171190875688813760432175, 112585.6, -2280.257, -5.741346, 0.01966487, 0.1582343, 496.2752, 3.359622, 2.672983, 68.6731
 
5.060021, 0.0044273, -0.002956057, 282.9762, 2.6902, 0.0003497079320571001032720701, 112733.4, -2280.281, -5.741346, 0.01966487, 0.1582343, 496.7349, 3.359417, 2.672693, 68.68797
 
5.070021, 0.003340687, -0.002911784, 283.0758, 2.680537, 0.0003901074320437648670865076, 112880.1, -2280.303, -5.741346, 0.01966487, 0.1582343, 497.1924, 3.359211, 2.672404, 68.70285
 
5.080021, 0.002176723, -0.002878377, 283.1782, 2.674683, 0.0004359132938092776845085816, 113025.8, -2280.331, -5.741346, 0.01966487, 0.1582343, 497.6477, 3.359006, 2.672114, 68.71773
 
5.090022, 0.0009653286, -0.00285661, 283.2837, 2.672347, 0.0004859030032680790717587060, 113171.4, -2280.358, -5.741346, 0.01966487, 0.1582343, 498.1031, 3.358802, 2.671824, 68.7326
 
5.100022, -0.000277661, -0.002846956, 283.3932, 2.673535, 0.0005394393789167242809139256, 113316.8, -2280.392, -5.741346, 0.01966487, 0.1582343, 498.5584, 3.358599, 2.671535, 68.74747
 
5.110022, -0.001421664, -0.002849733, 283.4966, 2.671196, 0.0005907026607825719587770793, 113461.2, -2280.419, -5.741346, 0.01966487, 0.1582343, 499.0117, 3.358395, 2.671245, 68.76235
 
5.120022, -0.002451955, -0.00286395, 283.6, 2.668853, 0.0006388637605029162759589376, 113605.5, -2280.449, -5.741346, 0.01966487, 0.1582343, 499.4648, 3.358191, 2.670955, 68.77723
 
5.130023, -0.003363594, -0.002888469, 283.7018, 2.666507, 0.0006835074898657108270954330, 113748.8, -2280.48, -5.741346, 0.01966487, 0.1582343, 499.9159, 3.357989, 2.670666, 68.7921
 
5.140023, -0.004041214, -0.002922105, 283.7986, 2.660626, 0.0007192652909348080935515118, 113890.9, -2280.511, -5.741346, 0.01966487, 0.1582343, 500.3648, 3.357788, 2.670376, 68.80698
 
5.150023, -0.004499034, -0.002962517, 283.8937, 2.654444, 0.0007463799637871558586614618, 114032, -2280.546, -5.741346, 0.01966487, 0.1582343, 500.8115, 3.357588, 2.670086, 68.82185
 
5.160023, -0.004765383, -0.003007508, 283.9922, 2.652381, 0.0007657462017221811704889756, 114172.9, -2280.576, -5.741346, 0.01966487, 0.1582343, 501.2582, 3.357388, 2.669797, 68.83672
 
5.170023, -0.004785483, -0.003055162, 284.0892, 2.649726, 0.0007745923037503542171134788, 114312.8, -2280.613, -5.741346, 0.01966487, 0.1582343, 501.7028, 3.357192, 2.669507, 68.8516
 
5.180024, -0.004587962, -0.003103016, 284.1818, 2.643824, 0.0007737722918487049573943923, 114451.7, -2280.653, -5.741346, 0.01966487, 0.1582343, 502.1452, 3.356998, 2.669217, 68.86648
 
5.190024, -0.004176461, -0.003148896, 284.2773, 2.641162, 0.0007630898514454204213179869, 114590.4, -2280.694, -5.741346, 0.01966487, 0.1582343, 502.5876, 3.356805, 2.668928, 68.88136
 
5.200024, -0.003560957, -0.003190661, 284.371, 2.639086, 0.0007426295147521343628036738, 114728, -2280.729, -5.741346, 0.01966487, 0.1582343, 503.0279, 3.356611, 2.668638, 68.89622
 
5.210024, -0.002815053, -0.00322627, 284.47, 2.640257, 0.0007153096379517676531556200, 114866.6, -2280.774, -5.741346, 0.01966487, 0.1582343, 503.4703, 3.356421, 2.668348, 68.9111
 
5.220025, -0.001944724, -0.003254421, 284.5712, 2.645269, 0.0006811871728890146684593099, 115005, -2280.808, -5.741346, 0.01966487, 0.1582343, 503.9128, 3.356229, 2.668059, 68.92598
 
5.230025, -0.001008725, -0.003273868, 284.6589, 2.639051, 0.0006426295307671633943965166, 115141.3, -2280.848, -5.741346, 0.01966487, 0.1582343, 504.3509, 3.356039, 2.667769, 68.94085
 
5.240025, -6.250564E-05, -0.003283955, 284.7415, 2.629279, 0.0006019934188909463353987528, 115276.6, -2280.887, -5.741346, 0.01966487, 0.1582343, 504.7869, 3.355849, 2.66748, 68.95573
 
5.250025, 0.0009088555, -0.00328458, 284.8324, 2.62719, 0.0005586273085808209336302356, 115411.8, -2280.936, -5.741346, 0.01966487, 0.1582343, 505.2229, 3.355662, 2.66719, 68.9706
 
5.260026, 0.00176424, -0.003275492, 284.9301, 2.631906, 0.0005187141846320622179378332, 115547.8, -2280.977, -5.741346, 0.01966487, 0.1582343, 505.661, 3.355473, 2.6669, 68.98548
 
5.270026, 0.002508531, -0.003257849, 285.0234, 2.633368, 0.0004822205089671539706374860, 115682.8, -2281.022, -5.741346, 0.01966487, 0.1582343, 506.097, 3.355285, 2.66661, 69.00035
 
5.280026, 0.003129732, -0.003232764, 285.1072, 2.627424, 0.0004498543415566097315467234, 115816.7, -2281.063, -5.741346, 0.01966487, 0.1582343, 506.5309, 3.355095, 2.666321, 69.01523
 
5.290026, 0.003604414, -0.003201467, 285.1891, 2.620881, 0.0004228685215900992146245902, 115949.5, -2281.106, -5.741346, 0.01966487, 0.1582343, 506.9625, 3.354906, 2.666031, 69.03011
 
5.300026, 0.003904591, -0.003165422, 285.2751, 2.61878, 0.0004027487257954165050893942, 116082.1, -2281.151, -5.741346, 0.01966487, 0.1582343, 507.3942, 3.354717, 2.665741, 69.04498
 
5.310027, 0.00403699, -0.003126377, 285.3652, 2.619939, 0.0003894918108190922931670286, 116214.7, -2281.204, -5.741346, 0.01966487, 0.1582343, 507.8259, 3.35453, 2.665452, 69.05985
 
5.320027, 0.003998429, -0.003086007, 285.4589, 2.624956, 0.0003835170391737908220725934, 116348.3, -2281.248, -5.741346, 0.01966487, 0.1582343, 508.2601, 3.35434, 2.665162, 69.07473
 
5.330027, 0.003768897, -0.003046022, 285.5418, 2.622555, 0.0003859677129238009983848421, 116479.7, -2281.29, -5.741346, 0.01966487, 0.1582343, 508.6896, 3.354147, 2.664872, 69.08961
 
5.340027, 0.003374532, -0.003008334, 285.6166, 2.612725, 0.0003960197873213846613335575, 116610, -2281.337, -5.741346, 0.01966487, 0.1582343, 509.117, 3.353957, 2.664583, 69.10448
 
5.350028, 0.002868499, -0.002974588, 285.6888, 2.602885, 0.0004116408262110670542230564, 116738.1, -2281.387, -5.741346, 0.01966487, 0.1582343, 509.5401, 3.353766, 2.664293, 69.11935
 
5.360028, 0.002243337, -0.002945903, 285.765, 2.596899, 0.0004333456256863699951547820, 116866.2, -2281.441, -5.741346, 0.01966487, 0.1582343, 509.9632, 3.353578, 2.664004, 69.13423
 
5.370028, 0.001535011, -0.00292347, 285.8432, 2.594479, 0.0004597640743368105269767041, 116993.2, -2281.496, -5.741346, 0.01966487, 0.1582343, 510.3841, 3.353388, 2.663714, 69.1491
 
5.380028, 0.000833875, -0.00290812, 285.9259, 2.595328, 0.0004870941786254259467722902, 117121, -2281.553, -5.741346, 0.01966487, 0.1582343, 510.8072, 3.3532, 2.663424, 69.16398
 
5.390028, 0.000120888, -0.002899781, 286.0066, 2.59707, 0.0005161482037203594094113530, 117247.8, -2281.601, -5.741346, 0.01966487, 0.1582343, 511.2281, 3.353008, 2.663134, 69.17886
 
5.400029, -0.0005853281, -0.002898572, 286.0842, 2.594643, 0.0005461214395381351148504267, 117374.6, -2281.658, -5.741346, 0.01966487, 0.1582343, 511.6493, 3.35282, 2.662845, 69.19373
 
5.410029, -0.001225536, -0.002904425, 286.1695, 2.599364, 0.0005744467234060539210406385, 117502.2, -2281.713, -5.741346, 0.01966487, 0.1582343, 512.0728, 3.352631, 2.662555, 69.2086
 
5.420029, -0.001777113, -0.002916681, 286.2391, 2.593059, 0.0006000079809144125478355066, 117626.6, -2281.765, -5.741346, 0.01966487, 0.1582343, 512.4893, 3.352442, 2.662266, 69.22348
 
5.430029, -0.002259435, -0.002934452, 286.3067, 2.583766, 0.0006235007158365803571594429, 117751, -2281.827, -5.741346, 0.01966487, 0.1582343, 512.9059, 3.352256, 2.661976, 69.23836
 
5.44003, -0.002596185, -0.002957046, 286.3831, 2.584608, 0.0006415283602284188575464997, 117875.3, -2281.88, -5.741346, 0.01966487, 0.1582343, 513.3229, 3.352068, 2.661686, 69.25323
 
5.45003, -0.002741588, -0.002983008, 286.4601, 2.585748, 0.0006518499792139658222737942, 117999.5, -2281.941, -5.741346, 0.01966487, 0.1582343, 513.7398, 3.351883, 2.661397, 69.2681
 
5.46003, -0.002784538, -0.003010424, 286.5362, 2.587187, 0.0006579872450116664705532129, 118123.6, -2281.993, -5.741346, 0.01966487, 0.1582343, 514.1567, 3.351696, 2.661107, 69.28298
 
5.47003, -0.002666408, -0.003038269, 286.6079, 2.584743, 0.0006572344959972889474060033, 118246.6, -2282.053, -5.741346, 0.01966487, 0.1582343, 514.5715, 3.351512, 2.660817, 69.29786
 
5.480031, -0.00241448, -0.003064933, 286.6796, 2.582596, 0.0006505044375064288985098328, 118369.5, -2282.116, -5.741346, 0.01966487, 0.1582343, 514.9863, 3.35133, 2.660527, 69.31273
 
5.490031, -0.002067179, -0.003089078, 286.7431, 2.57596, 0.0006392301666863853168654200, 118490.3, -2282.17, -5.741346, 0.01966487, 0.1582343, 515.3967, 3.351146, 2.660238, 69.32761
 
5.500031, -0.00160792, -0.00310975, 286.8075, 2.569916, 0.0006225424465472216882061155, 118610.9, -2282.229, -5.741346, 0.01966487, 0.1582343, 515.8072, 3.350964, 2.659948, 69.34248
 
5.510031, -0.001065439, -0.003125829, 286.8796, 2.571048, 0.0006015069923109125802366215, 118731.5, -2282.297, -5.741346, 0.01966487, 0.1582343, 516.2177, 3.350785, 2.659658, 69.35736
 
5.520031, -0.0004932806, -0.003136483, 286.951, 2.57278, 0.0005782745968865310621742648, 118851.9, -2282.356, -5.741346, 0.01966487, 0.1582343, 516.6281, 3.350604, 2.659369, 69.37223
 
5.530032, 5.424384E-05, -0.003141416, 287.0266, 2.577208, 0.0005551310725621891375324692, 118973.2, -2282.422, -5.741346, 0.01966487, 0.1582343, 517.0408, 3.350425, 2.659079, 69.38711
 
5.540032, 0.0005316709, -0.003140874, 287.0965, 2.578642, 0.0005340620768577916087683717, 119093.4, -2282.478, -5.741346, 0.01966487, 0.1582343, 517.4512, 3.350243, 2.658789, 69.40199
 
5.550032, 0.000995561, -0.003135557, 287.1573, 2.572283, 0.0005127537205294304198420841, 119212.4, -2282.536, -5.741346, 0.01966487, 0.1582343, 517.8596, 3.350061, 2.6585, 69.41685
 
5.560032, 0.001450551, -0.003125601, 287.2128, 2.562317, 0.0004910414952821998814855666, 119329.4, -2282.603, -5.741346, 0.01966487, 0.1582343, 518.2636, 3.349883, 2.65821, 69.43173
 
5.570033, 0.001850594, -0.003111096, 287.2868, 2.567646, 0.0004709373813691138765959812, 119449.3, -2282.669, -5.741346, 0.01966487, 0.1582343, 518.6744, 3.349705, 2.65792, 69.44661
 
5.580033, 0.002128043, -0.00309259, 287.3663, 2.579882, 0.0004554122504159736088427109, 119569.2, -2282.726, -5.741346, 0.01966487, 0.1582343, 519.0852, 3.349523, 2.657631, 69.46149
 
5.590033, 0.002332361, -0.003071309, 287.4349, 2.581017, 0.0004425247163925216837060744, 119688.9, -2282.789, -5.741346, 0.01966487, 0.1582343, 519.496, 3.349342, 2.657341, 69.47636
 
5.600033, 0.002422352, -0.003047986, 287.498, 2.578847, 0.0004341683468883401343080792, 119807.5, -2282.845, -5.741346, 0.01966487, 0.1582343, 519.9047, 3.349159, 2.657051, 69.49123
 
5.610034, 0.00240005, -0.003023762, 287.5303, 2.553529, 0.0004304160546541124170693892, 119919.7, -2282.905, -5.741346, 0.01966487, 0.1582343, 520.2998, 3.348977, 2.656762, 69.50611
 
5.620034, 0.002274631, -0.002999762, 287.5692, 2.532698, 0.0004311055045366887093404855, 120031.9, -2282.981, -5.741346, 0.01966487, 0.1582343, 520.6952, 3.348801, 2.656472, 69.52098
 
5.630034, 0.002083621, -0.002977015, 287.6441, 2.544943, 0.0004348580070951535867550530, 120147.1, -2283.056, -5.741346, 0.01966487, 0.1582343, 521.0974, 3.348624, 2.656183, 69.53586
 
5.640034, 0.001792949, -0.002956179, 287.718, 2.557498, 0.0004431717119849587412981938, 120262.3, -2283.122, -5.741346, 0.01966487, 0.1582343, 521.4996, 3.348444, 2.655893, 69.55074
 
5.650034, 0.001401753, -0.00293825, 287.7751, 2.555008, 0.0004562197487334077441171655, 120376.2, -2283.187, -5.741346, 0.01966487, 0.1582343, 521.8996, 3.348263, 2.655603, 69.56561
 
5.660035, 0.001004279, -0.002924232, 287.8071, 2.533536, 0.0004701724372376149409408983, 120484.8, -2283.256, -5.741346, 0.01966487, 0.1582343, 522.2883, 3.348083, 2.655313, 69.58048
 
5.670035, 0.0005547675, -0.002914189, 287.8341, 2.508731, 0.0004870000691359249215845058, 120591.3, -2283.333, -5.741346, 0.01966487, 0.1582343, 522.6725, 3.347905, 2.655024, 69.59536
 
5.680035, 8.937824E-05, -0.002908642, 287.8909, 2.510134, 0.0005053001542156995945485709, 120699.8, -2283.422, -5.741346, 0.01966487, 0.1582343, 523.0615, 3.347733, 2.654734, 69.61024
 
5.690035, -0.0003157302, -0.002907748, 287.9536, 2.518474, 0.0005218467764970478397913187, 120808.1, -2283.504, -5.741346, 0.01966487, 0.1582343, 523.4504, 3.347557, 2.654444, 69.62511
 
5.700036, -0.0007127924, -0.002910905, 287.9929, 2.508715, 0.0005387084434452287846701919, 120913.2, -2283.578, -5.741346, 0.01966487, 0.1582343, 523.8326, 3.34738, 2.654155, 69.63998
 
5.710036, -0.001088156, -0.002918033, 288.0328, 2.498645, 0.0005553186266973045093051057, 121018.2, -2283.662, -5.741346, 0.01966487, 0.1582343, 524.2148, 3.347206, 2.653865, 69.65486
 
5.720036, -0.001392636, -0.002928915, 288.0796, 2.496116, 0.0005695814548907477037846376, 121122, -2283.752, -5.741346, 0.01966487, 0.1582343, 524.5948, 3.347034, 2.653575, 69.66974
 
5.730036, -0.001603985, -0.002942841, 288.1203, 2.489656, 0.0005804219563464931105594067, 121224.7, -2283.839, -5.741346, 0.01966487, 0.1582343, 524.9727, 3.346861, 2.653286, 69.68461
 
5.740036, -0.001690428, -0.002958881, 288.1711, 2.49105, 0.0005863624325412032307559472, 121328.4, -2283.934, -5.741346, 0.01966487, 0.1582343, 525.353, 3.346693, 2.652996, 69.69949
 
5.750037, -0.001675149, -0.002975785, 288.2185, 2.492142, 0.0005881654983771115588648542, 121431, -2284.018, -5.741346, 0.01966487, 0.1582343, 525.7311, 3.34652, 2.652706, 69.71436
 
5.760037, -0.001599371, -0.002992537, 288.2574, 2.485972, 0.0005873848017002475622444406, 121532.3, -2284.105, -5.741346, 0.01966487, 0.1582343, 526.1069, 3.34635, 2.652417, 69.72923
 
5.770037, -0.001449708, -0.00300853, 288.2949, 2.479493, 0.0005833711663617533392669121, 121632.5, -2284.196, -5.741346, 0.01966487, 0.1582343, 526.4804, 3.34618, 2.652127, 69.74411
 
5.780037, -0.001229707, -0.003023027, 288.3364, 2.476945, 0.0005761567592315654154432534, 121732.6, -2284.289, -5.741346, 0.01966487, 0.1582343, 526.8542, 3.346013, 2.651837, 69.75899
 
5.790038, -0.0009296403, -0.003035324, 288.3724, 2.470759, 0.0005652119850922364441564497, 121830.6, -2284.39, -5.741346, 0.01966487, 0.1582343, 527.2235, 3.345847, 2.651548, 69.77386
 
5.800038, -0.0006088468, -0.003044621, 288.4173, 2.471841, 0.0005529027270637913340727572, 121930.5, -2284.487, -5.741346, 0.01966487, 0.1582343, 527.5974, 3.345682, 2.651258, 69.78873
 
5.810038, -0.0002374924, -0.003050709, 288.4637, 2.476562, 0.0005379490181190209609330701, 122029.3, -2284.578, -5.741346, 0.01966487, 0.1582343, 527.9691, 3.345514, 2.650968, 69.80361
 
5.820038, 0.0001204187, -0.003053084, 288.4982, 2.470667, 0.0005229213836903985333594639, 122126.9, -2284.672, -5.741346, 0.01966487, 0.1582343, 528.3387, 3.345348, 2.650679, 69.81849
 
5.830039, 0.0004696969, -0.00305188, 288.5305, 2.463857, 0.0005076588388269858981511848, 122223.4, -2284.768, -5.741346, 0.01966487, 0.1582343, 528.7061, 3.345182, 2.650389, 69.83336
 
5.840039, 0.0008058628, -0.003047183, 288.5675, 2.461595, 0.0004923727269771588663845995, 122319.8, -2284.867, -5.741346, 0.01966487, 0.1582343, 529.0735, 3.345018, 2.6501, 69.84824
 
5.850039, 0.00106946, -0.003039124, 288.6018, 2.459027, 0.0004795611769695665767417020, 122415.1, -2284.96, -5.741346, 0.01966487, 0.1582343, 529.4387, 3.344851, 2.64981, 69.86311
 
5.860039, 0.001263891, -0.00302843, 288.6265, 2.448554, 0.0004691899680488670214988536, 122508.1, -2285.062, -5.741346, 0.01966487, 0.1582343, 529.7994, 3.344687, 2.64952, 69.87799
 
5.870039, 0.001450327, -0.003015791, 288.6459, 2.43503, 0.0004588303020084027777898115, 122598.9, -2285.168, -5.741346, 0.01966487, 0.1582343, 530.1557, 3.344525, 2.64923, 69.89286
 
5.88004, 0.001530457, -0.003001288, 288.6833, 2.436095, 0.0004526178260254324079131867, 122691.8, -2285.282, -5.741346, 0.01966487, 0.1582343, 530.5166, 3.344365, 2.648941, 69.90774
 
5.89004, 0.001562444, -0.002985983, 288.7258, 2.444766, 0.0004482944982974647176383976, 122784.5, -2285.38, -5.741346, 0.01966487, 0.1582343, 530.8776, 3.3442, 2.648651, 69.92262
 
5.90004, 0.001537321, -0.002970359, 288.7566, 2.442181, 0.0004462809385700584182086752, 122876.1, -2285.487, -5.741346, 0.01966487, 0.1582343, 531.2364, 3.344037, 2.648361, 69.93749
 
5.91004, 0.001458396, -0.002954985, 288.7923, 2.443552, 0.0004465558323779045157987839, 122968.5, -2285.595, -5.741346, 0.01966487, 0.1582343, 531.5974, 3.343875, 2.648072, 69.95236
 
5.920041, 0.001252979, -0.002940401, 288.8148, 2.436697, 0.0004522122023518444332474354, 123057.8, -2285.693, -5.741346, 0.01966487, 0.1582343, 531.9518, 3.343709, 2.647782, 69.96724
 
5.930041, 0.001044622, -0.002927872, 288.8309, 2.423129, 0.0004583251835776040220417488, 123146, -2285.807, -5.741346, 0.01966487, 0.1582343, 532.3041, 3.343549, 2.647492, 69.98212
 
5.940041, 0.0007946137, -0.002917425, 288.8621, 2.424186, 0.0004665389317314875215539157, 123235, -2285.916, -5.741346, 0.01966487, 0.1582343, 532.6586, 3.343387, 2.647203, 69.99699
 
5.950041, 0.0005039806, -0.002909479, 288.8911, 2.425245, 0.0004768555381891087710895184, 123322.9, -2286.021, -5.741346, 0.01966487, 0.1582343, 533.011, 3.343223, 2.646913, 70.01186
 
5.960042, 0.000228982, -0.00290444, 288.9075, 2.415009, 0.0004869917526968291378401275, 123408.6, -2286.137, -5.741346, 0.01966487, 0.1582343, 533.3589, 3.343063, 2.646623, 70.02674
 
5.970042, 3.057484E-06, -0.00290215, 288.9274, 2.408734, 0.0004955591816468367507290294, 123494.3, -2286.252, -5.741346, 0.01966487, 0.1582343, 533.707, 3.342903, 2.646334, 70.04162
 
5.980042, -0.0002794156, -0.002902119, 288.9542, 2.409784, 0.0005068533435173859494645752, 123579.7, -2286.365, -5.741346, 0.01966487, 0.1582343, 534.055, 3.342742, 2.646044, 70.05649
 
5.990042, -0.000477571, -0.002904913, 288.9767, 2.407167, 0.0005151231440486115745308108, 123664.1, -2286.487, -5.741346, 0.01966487, 0.1582343, 534.4009, 3.342584, 2.645754, 70.07137
 
6.000042, -0.000664239, -0.002909689, 288.9931, 2.400572, 0.0005232403779326336589141742, 123747.3, -2286.602, -5.741346, 0.01966487, 0.1582343, 534.7446, 3.342425, 2.645465, 70.08624
 
6.010043, -0.0008207657, -0.002916332, 289.0137, 2.398254, 0.0005304270107941825306727785, 123830.3, -2286.721, -5.741346, 0.01966487, 0.1582343, 535.0883, 3.342267, 2.645175, 70.10111
 
6.020043, -0.0009250667, -0.002924539, 289.0374, 2.399298, 0.0005357206966008157258445151, 123913.3, -2286.839, -5.741346, 0.01966487, 0.1582343, 535.432, 3.342109, 2.644886, 70.11599
 
6.030043, -0.0009762985, -0.00293379, 289.0609, 2.400343, 0.0005389954069199138159531851, 123996.1, -2286.957, -5.741346, 0.01966487, 0.1582343, 535.7761, 3.341951, 2.644596, 70.13087
 
6.040043, -0.000918942, -0.002943553, 289.074, 2.394038, 0.0005378683850565661161590476, 124076.8, -2287.074, -5.741346, 0.01966487, 0.1582343, 536.1154, 3.341794, 2.644306, 70.14574
 
6.050044, -0.0008905555, -0.002952742, 289.0825, 2.383743, 0.0005378337124092427844067883, 124156.3, -2287.198, -5.741346, 0.01966487, 0.1582343, 536.4527, 3.341638, 2.644016, 70.16061
 
6.060044, -0.0007812417, -0.002961648, 289.0983, 2.380795, 0.0005344312119004546573425221, 124235.6, -2287.323, -5.741346, 0.01966487, 0.1582343, 536.7899, 3.341484, 2.643727, 70.17549
 
6.070044, -0.0006326264, -0.00296946, 289.1129, 2.378151, 0.0005292331128911337271567656, 124313.8, -2287.449, -5.741346, 0.01966487, 0.1582343, 537.125, 3.34133, 2.643437, 70.19037
 
6.080044, -0.0004879922, -0.002975787, 289.1076, 2.360468, 0.0005239356500026897251508105, 124387.7, -2287.577, -5.741346, 0.01966487, 0.1582343, 537.4512, 3.341177, 2.643147, 70.20524
 
6.090044, -0.0002916314, -0.002980666, 289.1226, 2.357812, 0.0005162923065544076625447596, 124464.8, -2287.718, -5.741346, 0.01966487, 0.1582343, 537.7844, 3.341028, 2.642858, 70.22012
 
6.100045, -7.847697E-05, -0.002983583, 289.1449, 2.366668, 0.0005076586915283667269405238, 124540.6, -2287.84, -5.741346, 0.01966487, 0.1582343, 538.1152, 3.340874, 2.642568, 70.23499
 
6.110045, 0.0001072863, -0.002984368, 289.1365, 2.348342, 0.0004997601980222657929522363, 124612.1, -2287.973, -5.741346, 0.01966487, 0.1582343, 538.4371, 3.340723, 2.642278, 70.24987
 
6.120045, 0.0003020561, -0.002983295, 289.1133, 2.318934, 0.0004911760400714130311856441, 124679.4, -2288.118, -5.741346, 0.01966487, 0.1582343, 538.7499, 3.340577, 2.641989, 70.26474
 
6.130045, 0.0005134997, -0.002980274, 289.1011, 2.301338, 0.0004816109196041769202586770, 124745.4, -2288.269, -5.741346, 0.01966487, 0.1582343, 539.0607, 3.340432, 2.641699, 70.27962
 
6.140046, 0.0006893638, -0.002975139, 289.1088, 2.302338, 0.0004731880322770998030062123, 124812.4, -2288.421, -5.741346, 0.01966487, 0.1582343, 539.3736, 3.340289, 2.641409, 70.29449
 
6.150046, 0.0007860991, -0.002968245, 289.1197, 2.307185, 0.0004677263148913667786982671, 124879.4, -2288.571, -5.741346, 0.01966487, 0.1582343, 539.6868, 3.340144, 2.64112, 70.30936
 
6.160046, 0.0009142259, -0.002960384, 289.1162, 2.300644, 0.0004608063334779655134222263, 124944, -2288.719, -5.741346, 0.01966487, 0.1582343, 539.9954, 3.339999, 2.64083, 70.32424
 
6.170046, 0.0009663729, -0.002951242, 289.1086, 2.2904, 0.0004567831886057557597060685, 125007.5, -2288.875, -5.741346, 0.01966487, 0.1582343, 540.3019, 3.339857, 2.64054, 70.33912
 
6.180047, 0.0009822338, -0.002941578, 289.0982, 2.279838, 0.0004541638987391608230518242, 125068.9, -2289.032, -5.741346, 0.01966487, 0.1582343, 540.604, 3.339715, 2.640251, 70.354
 
6.190047, 0.0009493196, -0.002931756, 289.0926, 2.273583, 0.0004535225634805898510772636, 125130.1, -2289.196, -5.741346, 0.01966487, 0.1582343, 540.9061, 3.339574, 2.639961, 70.36887
 
6.200047, 0.0009065248, -0.002922263, 289.0936, 2.274261, 0.0004533531591232036930936539, 125191.3, -2289.359, -5.741346, 0.01966487, 0.1582343, 541.2083, 3.339434, 2.639671, 70.38374
 
6.210047, 0.0007966871, -0.002913198, 289.0897, 2.271699, 0.0004559906316643014367812413, 125251.3, -2289.52, -5.741346, 0.01966487, 0.1582343, 541.5082, 3.339293, 2.639382, 70.39862
 
6.220047, 0.0006644616, -0.002905231, 289.091, 2.272684, 0.0004597282216256007908483254, 125312.2, -2289.687, -5.741346, 0.01966487, 0.1582343, 541.8107, 3.339154, 2.639092, 70.41349
 
6.230048, 0.0004677821, -0.002898586, 289.0954, 2.27784, 0.0004663204731969704921949753, 125373.1, -2289.847, -5.741346, 0.01966487, 0.1582343, 542.1132, 3.339012, 2.638802, 70.42837
 
6.240048, 0.0002832523, -0.002893908, 289.0949, 2.279137, 0.0004727343152341042724080506, 125433.9, -2290.001, -5.741346, 0.01966487, 0.1582343, 542.416, 3.338869, 2.638513, 70.44324
 
6.250048, 0.0001520202, -0.002891076, 289.0844, 2.272243, 0.0004772686337847844411011417, 125492.4, -2290.162, -5.741346, 0.01966487, 0.1582343, 542.7141, 3.338727, 2.638223, 70.45812
 
6.260048, -4.150119E-05, -0.002889556, 289.0694, 2.261631, 0.0004845515279951475336274172, 125549.8, -2290.328, -5.741346, 0.01966487, 0.1582343, 543.0101, 3.338588, 2.637933, 70.47299
 
6.270049, -0.0002272945, -0.002889971, 289.0679, 2.263076, 0.0004918543765173017656176944, 125608.3, -2290.498, -5.741346, 0.01966487, 0.1582343, 543.3085, 3.338449, 2.637644, 70.48787
 
6.280049, -0.0003232395, -0.002892243, 289.0682, 2.267924, 0.0004958092471971809623214616, 125666.5, -2290.657, -5.741346, 0.01966487, 0.1582343, 543.6069, 3.338308, 2.637354, 70.50275
 
6.290049, -0.0004365327, -0.002895476, 289.0804, 2.280673, 0.0005006319468327758024700591, 125727.9, -2290.821, -5.741346, 0.01966487, 0.1582343, 543.9125, 3.338169, 2.637064, 70.51762
 
6.300049, -0.0005142062, -0.002899841, 289.0959, 2.296685, 0.0005041940541199669680662534, 125790.3, -2290.977, -5.741346, 0.01966487, 0.1582343, 544.2205, 3.338026, 2.636775, 70.53249
 
6.31005, -0.0005746091, -0.002904983, 289.0995, 2.301708, 0.0005071615719883897877845654, 125852.6, -2291.127, -5.741346, 0.01966487, 0.1582343, 544.5285, 3.337882, 2.636485, 70.54737
 
6.32005, -0.0005860829, -0.002910729, 289.0684, 2.279452, 0.0005082065664282062582852362, 125908.5, -2291.279, -5.741346, 0.01966487, 0.1582343, 544.823, 3.337738, 2.636195, 70.56225
 
6.33005, -0.0005677005, -0.00291659, 289.0134, 2.238255, 0.0005080350771211889149325208, 125958.9, -2291.441, -5.741346, 0.01966487, 0.1582343, 545.106, 3.337599, 2.635906, 70.57712
 
6.34005, -0.0004962144, -0.002922267, 288.974, 2.212536, 0.0005057068264390753985691886, 126007, -2291.627, -5.741346, 0.01966487, 0.1582343, 545.3845, 3.337467, 2.635616, 70.592
 
6.35005, -0.0004486948, -0.002927229, 288.9586, 2.209922, 0.0005042701564101010024377884, 126056.2, -2291.811, -5.741346, 0.01966487, 0.1582343, 545.6653, 3.337336, 2.635326, 70.60687
 
6.360051, -0.0003491675, -0.002931716, 288.9655, 2.226563, 0.0005006717866123033687325157, 126108.5, -2291.991, -5.741346, 0.01966487, 0.1582343, 545.9533, 3.337203, 2.635037, 70.62175
 
6.370051, -0.0002306551, -0.002935208, 288.9612, 2.234827, 0.0004961298473084374152861823, 126159.6, -2292.162, -5.741346, 0.01966487, 0.1582343, 546.2391, 3.337067, 2.634747, 70.63662
 
6.380051, -9.287208E-05, -0.002937515, 288.9371, 2.224447, 0.0004905867314519264248808302, 126208.5, -2292.343, -5.741346, 0.01966487, 0.1582343, 546.5203, 3.336935, 2.634457, 70.6515
 
6.390051, 2.180589E-05, -0.002938443, 288.906, 2.210171, 0.0004857528747902645713802880, 126255.2, -2292.522, -5.741346, 0.01966487, 0.1582343, 546.7972, 3.336802, 2.634168, 70.66637
 
6.400052, 0.0001558277, -0.002938225, 288.8782, 2.199615, 0.0004799572887645065426509295, 126300.8, -2292.707, -5.741346, 0.01966487, 0.1582343, 547.072, 3.336671, 2.633878, 70.68124
 
6.410052, 0.0002853443, -0.002936667, 288.8629, 2.200564, 0.0004741444384716141840513099, 126347.3, -2292.895, -5.741346, 0.01966487, 0.1582343, 547.3489, 3.336542, 2.633589, 70.69612
 
6.420052, 0.0003896042, -0.002933813, 288.8513, 2.205564, 0.0004691504624942872103840748, 126393.7, -2293.079, -5.741346, 0.01966487, 0.1582343, 547.626, 3.336411, 2.633299, 70.711
 
6.430052, 0.0004868319, -0.002929918, 288.8304, 2.202934, 0.0004642622632936199863663890, 126439.1, -2293.263, -5.741346, 0.01966487, 0.1582343, 547.9011, 3.33628, 2.633009, 70.72588
 
6.440053, 0.0006009409, -0.002925049, 288.8094, 2.199833, 0.0004585342003802053130456910, 126484.3, -2293.45, -5.741346, 0.01966487, 0.1582343, 548.1761, 3.33615, 2.632719, 70.74075
 
6.450053, 0.0006451471, -0.00291904, 288.7925, 2.201251, 0.0004554552997764879693467830, 126529.5, -2293.636, -5.741346, 0.01966487, 0.1582343, 548.4515, 3.33602, 2.63243, 70.75562
 
6.460053, 0.0006879493, -0.002912588, 288.7746, 2.202201, 0.0004523623061438427773273017, 126574.5, -2293.821, -5.741346, 0.01966487, 0.1582343, 548.7269, 3.33589, 2.63214, 70.7705
 
6.470053, 0.0006918226, -0.002905709, 288.7566, 2.202995, 0.0004507736884068487696476690, 126619.4, -2294.007, -5.741346, 0.01966487, 0.1582343, 549.0023, 3.335759, 2.63185, 70.78537
 
6.480053, 0.0006221949, -0.002898791, 288.7334, 2.200198, 0.0004521439499877861418730311, 126663.2, -2294.192, -5.741346, 0.01966487, 0.1582343, 549.2755, 3.335629, 2.631561, 70.80025
 
6.490054, 0.0005524252, -0.002892569, 288.7103, 2.197399, 0.0004536340333307266159809641, 126707, -2294.379, -5.741346, 0.01966487, 0.1582343, 549.549, 3.335498, 2.631271, 70.81512
 
6.500054, 0.0004586023, -0.002887045, 288.691, 2.198659, 0.0004562153021678745188474992, 126750.6, -2294.566, -5.741346, 0.01966487, 0.1582343, 549.8225, 3.335368, 2.630981, 70.83
 
6.510054, 0.0003458085, -0.002882459, 288.661, 2.191792, 0.0004597050517783314313480774, 126792.1, -2294.753, -5.741346, 0.01966487, 0.1582343, 550.0917, 3.335238, 2.630692, 70.84487
 
6.520054, 0.0002722398, -0.002879001, 288.6314, 2.184919, 0.0004617960959473426767350669, 126833.5, -2294.946, -5.741346, 0.01966487, 0.1582343, 550.361, 3.33511, 2.630402, 70.85975
 
6.530055, 0.0001333353, -0.002876278, 288.6147, 2.189928, 0.0004666578109585784925135588, 126875.8, -2295.138, -5.741346, 0.01966487, 0.1582343, 550.6326, 3.334981, 2.630112, 70.87463
 
6.540055, 1.679506E-05, -0.002874945, 288.587, 2.187115, 0.0004708346293794305173605043, 126915.9, -2295.326, -5.741346, 0.01966487, 0.1582343, 550.8997, 3.334852, 2.629823, 70.8895
 
6.550055, -0.0001072587, -0.002874777, 288.5549, 2.180229, 0.0004754955510082686965579903, 126956, -2295.513, -5.741346, 0.01966487, 0.1582343, 551.1671, 3.334722, 2.629533, 70.90437
 
6.560055, -0.00019788, -0.002875849, 288.5267, 2.177722, 0.0004790194031335011314840683, 126994.9, -2295.707, -5.741346, 0.01966487, 0.1582343, 551.4323, 3.334594, 2.629243, 70.91925
 
6.570055, -0.0002703771, -0.002877828, 288.4876, 2.166593, 0.0004819498228620605593813637, 127031.6, -2295.905, -5.741346, 0.01966487, 0.1582343, 551.6928, 3.334468, 2.628954, 70.93413
 
6.580056, -0.0002967349, -0.002880532, 288.458, 2.164234, 0.0004831523519425849024432060, 127069.3, -2296.1, -5.741346, 0.01966487, 0.1582343, 551.9559, 3.334342, 2.628664, 70.949
 
6.590056, -0.0003004573, -0.002883499, 288.4251, 2.160617, 0.0004834883403163993743776216, 127104.8, -2296.299, -5.741346, 0.01966487, 0.1582343, 552.2146, 3.334216, 2.628374, 70.96387
 
6.600056, -0.0002864866, -0.002886504, 288.3946, 2.158408, 0.0004831187240651747021050882, 127141.4, -2296.498, -5.741346, 0.01966487, 0.1582343, 552.4758, 3.334091, 2.628085, 70.97875
 
6.610056, -0.0002746088, -0.002889369, 288.3712, 2.163261, 0.0004828217470367525659665814, 127177.8, -2296.699, -5.741346, 0.01966487, 0.1582343, 552.737, 3.333967, 2.627795, 70.99362
 
6.620057, -0.0002742655, -0.002892115, 288.3281, 2.152256, 0.0004829492939965102400766653, 127210.9, -2296.9, -5.741346, 0.01966487, 0.1582343, 552.9915, 3.333842, 2.627505, 71.0085
 
6.630057, -0.0002073189, -0.002894858, 288.2804, 2.137785, 0.0004803958669831768567603177, 127242.9, -2297.103, -5.741346, 0.01966487, 0.1582343, 553.2437, 3.333719, 2.627216, 71.02338
 
6.640057, -0.0001522889, -0.002896931, 288.2444, 2.134775, 0.0004782321772981297069568924, 127274.8, -2297.31, -5.741346, 0.01966487, 0.1582343, 553.496, 3.333597, 2.626926, 71.03825
 
6.650057, -0.0001054042, -0.002898454, 288.2184, 2.139938, 0.0004763179979076250903842172, 127307.7, -2297.523, -5.741346, 0.01966487, 0.1582343, 553.7507, 3.333477, 2.626636, 71.05312
 
6.660058, -3.930579E-05, -0.002899508, 288.1752, 2.13315, 0.0004735434101478348423167558, 127337.3, -2297.725, -5.741346, 0.01966487, 0.1582343, 553.9987, 3.333354, 2.626347, 71.068
 
6.670058, 2.62656E-05, -0.002899901, 288.1291, 2.12242, 0.0004706772729626794546129322, 127366.9, -2297.936, -5.741346, 0.01966487, 0.1582343, 554.2469, 3.333234, 2.626057, 71.08288
 
6.680058, 0.0001013038, -0.002899638, 288.0945, 2.123488, 0.0004673456899123925252945953, 127396.4, -2298.147, -5.741346, 0.01966487, 0.1582343, 554.4952, 3.333113, 2.625767, 71.09776
 
6.690058, 0.0001542503, -0.002898625, 288.0551, 2.120305, 0.0004647748066599334182596070, 127424.7, -2298.365, -5.741346, 0.01966487, 0.1582343, 554.7413, 3.332995, 2.625478, 71.11263
 
6.700058, 0.0002227009, -0.002897083, 288.0103, 2.113652, 0.0004614936365440112160099657, 127451.9, -2298.577, -5.741346, 0.01966487, 0.1582343, 554.9853, 3.332876, 2.625188, 71.1275
 
6.710059, 0.0002782475, -0.002894856, 287.9753, 2.11519, 0.0004586321571582251200380089, 127480.2, -2298.794, -5.741346, 0.01966487, 0.1582343, 555.2317, 3.332758, 2.624898, 71.14238
 
6.720059, 0.0003498151, -0.002892073, 287.9318, 2.111524, 0.0004550352574723064100020420, 127506.2, -2299.007, -5.741346, 0.01966487, 0.1582343, 555.4735, 3.332638, 2.624609, 71.15725
 
6.730059, 0.0003502745, -0.002888575, 287.8808, 2.100912, 0.0004541647737850705343464316, 127531, -2299.226, -5.741346, 0.01966487, 0.1582343, 555.7132, 3.332521, 2.624319, 71.17213
 
6.740059, 0.0003325532, -0.002885072, 287.8378, 2.098182, 0.0004540354726283592848369202, 127555.8, -2299.447, -5.741346, 0.01966487, 0.1582343, 555.9531, 3.332404, 2.624029, 71.187
 
6.75006, 0.0003471659, -0.002881747, 287.798, 2.099082, 0.0004526455603326187123970579, 127580.5, -2299.667, -5.741346, 0.01966487, 0.1582343, 556.1931, 3.332287, 2.62374, 71.20188
 
6.76006, 0.0003497665, -0.002878275, 287.7635, 2.103932, 0.0004517191935218772122556211, 127606.3, -2299.888, -5.741346, 0.01966487, 0.1582343, 556.4355, 3.332171, 2.62345, 71.21675
 
6.77006, 0.0002919276, -0.002874778, 287.7281, 2.108627, 0.0004532086228596287594097086, 127632, -2300.105, -5.741346, 0.01966487, 0.1582343, 556.6783, 3.332052, 2.62316, 71.23163
 
6.78006, 0.0002581611, -0.002871858, 287.6854, 2.106052, 0.0004538185642491258502207399, 127656.5, -2300.333, -5.741346, 0.01966487, 0.1582343, 556.9188, 3.331937, 2.622871, 71.24651
 
6.790061, 0.0002423506, -0.002869277, 287.6334, 2.094932, 0.0004537549288564238800905051, 127678.9, -2300.576, -5.741346, 0.01966487, 0.1582343, 557.1548, 3.331825, 2.622581, 71.26138
 
6.800061, 0.0002109603, -0.002866853, 287.5817, 2.084594, 0.0004543431541859395013846161, 127700.2, -2300.824, -5.741346, 0.01966487, 0.1582343, 557.3889, 3.331716, 2.622291, 71.27625
 
6.810061, 0.0001522598, -0.002864744, 287.5357, 2.081212, 0.0004560856324453737420050694, 127721.4, -2301.066, -5.741346, 0.01966487, 0.1582343, 557.623, 3.331604, 2.622002, 71.29113
 
6.820061, 7.660345E-05, -0.002863221, 287.4951, 2.08242, 0.0004586077017135675691236587, 127742.6, -2301.314, -5.741346, 0.01966487, 0.1582343, 557.8574, 3.331495, 2.621712, 71.30601
 
6.830061, 7.408917E-06, -0.002862455, 287.4591, 2.08759, 0.0004609970035478587442201559, 127764.8, -2301.558, -5.741346, 0.01966487, 0.1582343, 558.0943, 3.331385, 2.621422, 71.32088
 
6.840062, -5.610461E-05, -0.002862381, 287.4116, 2.084203, 0.0004632595564470853553992613, 127784.9, -2301.8, -5.741346, 0.01966487, 0.1582343, 558.3269, 3.331273, 2.621133, 71.33575
 
6.850062, -7.309442E-05, -0.002862942, 287.3553, 2.073835, 0.0004637547526700229932357986, 127803.9, -2302.037, -5.741346, 0.01966487, 0.1582343, 558.5573, 3.331161, 2.620843, 71.35063
 
6.860062, -0.0001135349, -0.002863673, 287.3015, 2.066313, 0.0004652201985034830704251551, 127821.7, -2302.282, -5.741346, 0.01966487, 0.1582343, 558.7856, 3.331052, 2.620553, 71.3655
 
6.870062, -0.0001545777, -0.002864808, 287.2519, 2.063863, 0.0004667822852494886783853458, 127839.6, -2302.522, -5.741346, 0.01966487, 0.1582343, 559.0141, 3.33094, 2.620264, 71.38038
 
6.880063, -0.0001678233, -0.002866354, 287.2063, 2.064746, 0.0004673039695939380821896949, 127857.5, -2302.767, -5.741346, 0.01966487, 0.1582343, 559.243, 3.330832, 2.619974, 71.39526
 
6.890063, -0.000121903, -0.002868032, 287.1594, 2.065629, 0.0004654837684108956387576712, 127875.2, -2303.004, -5.741346, 0.01966487, 0.1582343, 559.4719, 3.33072, 2.619684, 71.41013
 
6.900063, -9.755749E-05, -0.002869251, 287.113, 2.066512, 0.0004644516890455666946991517, 127892.9, -2303.246, -5.741346, 0.01966487, 0.1582343, 559.701, 3.33061, 2.619395, 71.425
 
6.910063, -7.13613E-05, -0.002870227, 287.0554, 2.059604, 0.0004632980639428802863644474, 127908.6, -2303.48, -5.741346, 0.01966487, 0.1582343, 559.926, 3.330498, 2.619105, 71.43988
 
6.920063, -3.868525E-05, -0.00287094, 286.9988, 2.05269, 0.0004618438353531131858506505, 127924.1, -2303.724, -5.741346, 0.01966487, 0.1582343, 560.1508, 3.330389, 2.618815, 71.45476
 
6.930064, -6.82436E-06, -0.002871327, 286.9488, 2.053567, 0.0004603824479743201942188637, 127939.6, -2303.959, -5.741346, 0.01966487, 0.1582343, 560.376, 3.330278, 2.618526, 71.46963
 
6.940064, 3.717833E-05, -0.002871396, 286.8989, 2.054762, 0.0004583866491181204858330618, 127955.1, -2304.194, -5.741346, 0.01966487, 0.1582343, 560.6015, 3.330167, 2.618236, 71.4845
 
6.950064, 8.679485E-05, -0.002871024, 286.8384, 2.047517, 0.0004560870758352459337759708, 127968.4, -2304.432, -5.741346, 0.01966487, 0.1582343, 560.8224, 3.330057, 2.617946, 71.49938
 
6.960064, 0.0001033395, -0.002870156, 286.7786, 2.040901, 0.0004550293705143558665719049, 127981.6, -2304.671, -5.741346, 0.01966487, 0.1582343, 561.0436, 3.329947, 2.617657, 71.51426
 
6.970065, 0.0001525396, -0.002869122, 286.7153, 2.033643, 0.0004526450825559735876636091, 127992.8, -2304.907, -5.741346, 0.01966487, 0.1582343, 561.2604, 3.329837, 2.617367, 71.52913
 
6.980065, 0.0002110415, -0.002867597, 286.653, 2.027015, 0.0004498130713118356631360846, 128003.9, -2305.147, -5.741346, 0.01966487, 0.1582343, 561.4773, 3.329728, 2.617077, 71.54401
 
6.990065, 0.0001716926, -0.002865487, 286.5983, 2.028199, 0.0004508033384764384139611052, 128014.9, -2305.387, -5.741346, 0.01966487, 0.1582343, 561.6945, 3.329619, 2.616788, 71.55888
 
7.000065, 0.0001640578, -0.00286377, 286.5425, 2.028745, 0.0004505905427362187027865853, 128026, -2305.624, -5.741346, 0.01966487, 0.1582343, 561.912, 3.329509, 2.616498, 71.57375
 
7.010066, 0.0001696547, -0.002862129, 286.4813, 2.025459, 0.0004498582258614801538131482, 128035.9, -2305.859, -5.741346, 0.01966487, 0.1582343, 562.1273, 3.329399, 2.616208, 71.58863
 
7.020066, 0.0001787346, -0.002860432, 286.4159, 2.018974, 0.0004489753550370801638396719, 128044.8, -2306.096, -5.741346, 0.01966487, 0.1582343, 562.3405, 3.32929, 2.615919, 71.60351
 
7.030066, 0.0001664818, -0.002858645, 286.354, 2.015679, 0.0004489334604025893745875835, 128053.7, -2306.336, -5.741346, 0.01966487, 0.1582343, 562.554, 3.329182, 2.615629, 71.61839
 
7.040066, 0.0001724738, -0.00285698, 286.2958, 2.016538, 0.0004481911409358424385660841, 128062.5, -2306.575, -5.741346, 0.01966487, 0.1582343, 562.7678, 3.329073, 2.615339, 71.63326
 
7.050066, 0.0001852284, -0.002855256, 286.2325, 2.013719, 0.0004471657999593552524923433, 128070.3, -2306.81, -5.741346, 0.01966487, 0.1582343, 562.9794, 3.328963, 2.61505, 71.64813
 
7.060067, 0.0001586719, -0.002853403, 286.169, 2.010736, 0.0004476865097060942959654332, 128078.1, -2307.048, -5.741346, 0.01966487, 0.1582343, 563.1913, 3.328855, 2.61476, 71.66301
 
7.070067, 0.0001203007, -0.002851817, 286.1033, 2.00775, 0.0004487222656476339307709347, 128084.7, -2307.278, -5.741346, 0.01966487, 0.1582343, 563.4011, 3.328743, 2.61447, 71.67789
 
7.080067, 8.193371E-05, -0.002850614, 286.038, 2.004441, 0.0004498184816902250336645630, 128091.2, -2307.516, -5.741346, 0.01966487, 0.1582343, 563.6109, 3.328635, 2.614181, 71.69276
 
7.090067, 2.471421E-05, -0.002849794, 285.9717, 2.00161, 0.0004517287945193583066460040, 128096.8, -2307.752, -5.741346, 0.01966487, 0.1582343, 563.8188, 3.328526, 2.613891, 71.70763
 
7.100068, 2.095124E-05, -0.002849547, 285.9003, 1.994447, 0.0004515953191530872823849450, 128101.2, -2307.992, -5.741346, 0.01966487, 0.1582343, 564.0247, 3.328418, 2.613601, 71.72251
 
7.110068, 8.141031E-06, -0.002849338, 285.8372, 1.995296, 0.0004518390311770260613656911, 128106.7, -2308.226, -5.741346, 0.01966487, 0.1582343, 564.2329, 3.328309, 2.613312, 71.73738
 
7.120068, -1.309488E-05, -0.002849256, 285.7729, 1.996305, 0.0004524408443868882691820844, 128110.9, -2308.461, -5.741346, 0.01966487, 0.1582343, 564.439, 3.3282, 2.613022, 71.75226
 
7.130068, -4.329903E-05, -0.002849387, 285.6994, 1.98945, 0.0004534225304363511989166386, 128114.3, -2308.692, -5.741346, 0.01966487, 0.1582343, 564.6432, 3.32809, 2.612732, 71.76714
 
7.140069, -4.8737E-05, -0.00284982, 285.6302, 1.986442, 0.0004534720374755453879650191, 128117.6, -2308.931, -5.741346, 0.01966487, 0.1582343, 564.8475, 3.327983, 2.612443, 71.78201
 
7.150069, -6.977843E-05, -0.002850307, 285.565, 1.987287, 0.0004541571865985550815753720, 128120.8, -2309.171, -5.741346, 0.01966487, 0.1582343, 565.0521, 3.327876, 2.612153, 71.79688
 
7.160069, -8.054692E-05, -0.002851005, 285.4932, 1.984114, 0.0004544617320783124334840875, 128122.9, -2309.4, -5.741346, 0.01966487, 0.1582343, 565.2545, 3.327766, 2.611863, 71.81176
 
7.170069, -9.037415E-05, -0.002851811, 285.4227, 1.981099, 0.0004547461360994153632521945, 128125.1, -2309.639, -5.741346, 0.01966487, 0.1582343, 565.4572, 3.327659, 2.611574, 71.82664
 
7.180069, -7.794513E-05, -0.002852714, 285.3547, 1.98178, 0.0004541654755648865954791794, 128127.3, -2309.87, -5.741346, 0.01966487, 0.1582343, 565.6602, 3.327549, 2.611284, 71.84151
 
7.19007, -6.135244E-05, -0.002853494, 285.2821, 1.979244, 0.0004533961259770819613201278, 128128.3, -2310.099, -5.741346, 0.01966487, 0.1582343, 565.8611, 3.327439, 2.610994, 71.85638
 
7.20007, -5.831615E-05, -0.002854107, 285.2144, 1.979601, 0.0004531430212710902487535356, 128130.4, -2310.337, -5.741346, 0.01966487, 0.1582343, 566.0644, 3.327332, 2.610705, 71.87126
 
7.21007, -6.412712E-05, -0.002854691, 285.1399, 1.976898, 0.0004532358846532395210629143, 128130.4, -2310.564, -5.741346, 0.01966487, 0.1582343, 566.2634, 3.327222, 2.610415, 71.88614
 
7.22007, -5.168839E-05, -0.002855332, 285.0623, 1.969843, 0.0004526043608775077921790877, 128130.3, -2310.803, -5.741346, 0.01966487, 0.1582343, 566.4628, 3.327115, 2.610125, 71.90101
 
7.230071, 3.745293E-05, -0.002855849, 284.9915, 1.970518, 0.0004489127644308177558050870, 128130.2, -2311.034, -5.741346, 0.01966487, 0.1582343, 566.6621, 3.327007, 2.609836, 71.91589
 
7.240071, 7.468614E-05, -0.002855474, 284.9105, 1.963614, 0.0004471383938514542810062249, 128128, -2311.264, -5.741346, 0.01966487, 0.1582343, 566.8571, 3.326898, 2.609546, 71.93076
 
7.250071, 0.0001330345, -0.002854727, 284.8403, 1.96477, 0.0004444741785522990523551587, 128127.9, -2311.499, -5.741346, 0.01966487, 0.1582343, 567.0571, 3.326791, 2.609256, 71.94563
 
7.260071, 0.0001425188, -0.002853397, 284.7825, 1.977385, 0.0004436792680307966101623926, 128128.7, -2311.732, -5.741346, 0.01966487, 0.1582343, 567.2595, 3.326683, 2.608967, 71.96051
 
7.270072, 0.0001428341, -0.002851972, 284.7102, 1.978224, 0.0004432176504665966611632885, 128128.5, -2311.954, -5.741346, 0.01966487, 0.1582343, 567.4597, 3.326571, 2.608677, 71.97539
 
7.280072, 0.0001322487, -0.002850543, 284.6245, 1.966949, 0.0004431738510775660915386862, 128126.2, -2312.185, -5.741346, 0.01966487, 0.1582343, 567.6557, 3.326463, 2.608387, 71.99026
 
7.290072, 0.0001664135, -0.002849221, 284.5271, 1.947906, 0.0004413594615272641900008024, 128120.7, -2312.414, -5.741346, 0.01966487, 0.1582343, 567.8448, 3.326354, 2.608098, 72.00513
 
7.300072, 0.0001841961, -0.002847557, 284.4393, 1.93693, 0.0004401560512948364479472761, 128115.3, -2312.655, -5.741346, 0.01966487, 0.1582343, 568.0343, 3.326249, 2.607808, 72.02001
 
7.310072, 0.0002106967, -0.002845715, 284.3681, 1.941956, 0.0004386013615745540955771360, 128110.8, -2312.893, -5.741346, 0.01966487, 0.1582343, 568.2263, 3.326144, 2.607518, 72.03489
 
7.320073, 0.0002248741, -0.002843608, 284.3012, 1.950707, 0.0004374997076404073507544131, 128107.4, -2313.126, -5.741346, 0.01966487, 0.1582343, 568.421, 3.326037, 2.607229, 72.04976
 
7.330073, 0.0002017347, -0.002841359, 284.2192, 1.947648, 0.0004378463627061410023018776, 128101.8, -2313.354, -5.741346, 0.01966487, 0.1582343, 568.6111, 3.325927, 2.606939, 72.06464
 
7.340073, 0.0001685388, -0.002839342, 284.1338, 1.940376, 0.0004386227048935487330036394, 128096.3, -2313.588, -5.741346, 0.01966487, 0.1582343, 568.8015, 3.325821, 2.606649, 72.07951
 
7.350073, 0.0001428572, -0.002837657, 284.046, 1.933421, 0.0004391565871835410830564084, 128088.5, -2313.821, -5.741346, 0.01966487, 0.1582343, 568.9872, 3.325714, 2.60636, 72.09439
 
7.360074, 0.0001117783, -0.002836228, 283.964, 1.930188, 0.0004399496069919221424918355, 128081.9, -2314.061, -5.741346, 0.01966487, 0.1582343, 569.1758, 3.325609, 2.60607, 72.10926
 
7.370074, 9.346315E-05, -0.00283511, 283.884, 1.931005, 0.0004402919949680379416660648, 128074.2, -2314.295, -5.741346, 0.01966487, 0.1582343, 569.3622, 3.325502, 2.60578, 72.12414
 
7.380074, 8.664124E-05, -0.002834175, 283.8057, 1.932147, 0.0004402038700069405224664582, 128067.6, -2314.532, -5.741346, 0.01966487, 0.1582343, 569.5514, 3.325397, 2.60549, 72.13902
 
7.390074, 8.701368E-05, -0.002833309, 283.7297, 1.937022, 0.0004398467472655084547565837, 128060.9, -2314.757, -5.741346, 0.01966487, 0.1582343, 569.7405, 3.325287, 2.605201, 72.15388
 
7.400074, 7.341612E-05, -0.002832439, 283.6449, 1.933782, 0.0004400338234067803390466379, 128053.2, -2314.987, -5.741346, 0.01966487, 0.1582343, 569.9279, 3.32518, 2.604911, 72.16876
 
7.410075, 8.595965E-05, -0.002831705, 283.5555, 1.926641, 0.0004391980455343946625869951, 128044.5, -2315.221, -5.741346, 0.01966487, 0.1582343, 570.113, 3.325073, 2.604622, 72.18364
 
7.420075, 0.0001011052, -0.002830845, 283.4648, 1.919494, 0.0004382403607681957749759708, 128034.6, -2315.455, -5.741346, 0.01966487, 0.1582343, 570.2961, 3.324968, 2.604332, 72.19852
 
7.430075, 5.135301E-05, -0.002829834, 283.3733, 1.91234, 0.0004398438097783684104534822, 128023.7, -2315.693, -5.741346, 0.01966487, 0.1582343, 570.4769, 3.324863, 2.604042, 72.21339
 
7.440075, 1.419291E-05, -0.002829321, 283.2961, 1.917864, 0.0004410401317798174044326657, 128014.8, -2315.927, -5.741346, 0.01966487, 0.1582343, 570.6627, 3.324757, 2.603753, 72.22826
 
7.450076, -4.139166E-05, -0.002829179, 283.2216, 1.926159, 0.0004430321588598470827434688, 128006, -2316.16, -5.741346, 0.01966487, 0.1582343, 570.8488, 3.32465, 2.603463, 72.24314
 
7.460076, -7.158843E-05, -0.002829593, 283.1341, 1.923229, 0.0004440849303787182100785822, 127996, -2316.39, -5.741346, 0.01966487, 0.1582343, 571.0328, 3.324543, 2.603173, 72.25802
 
7.470076, -0.0001129722, -0.002830309, 283.0363, 1.911829, 0.0004456201263184967393491274, 127984.1, -2316.623, -5.741346, 0.01966487, 0.1582343, 571.2123, 3.324436, 2.602884, 72.27289
 
7.480076, -0.0001232865, -0.002831438, 282.9433, 1.904817, 0.0004459902301059268463677194, 127972, -2316.862, -5.741346, 0.01966487, 0.1582343, 571.392, 3.324332, 2.602594, 72.28777
 
7.490077, -0.0001096426, -0.002832671, 282.8522, 1.901547, 0.0004454301531108615354807070, 127958.9, -2317.095, -5.741346, 0.01966487, 0.1582343, 571.5698, 3.324226, 2.602304, 72.30264
 
7.500077, -5.396247E-05, -0.002833768, 282.7725, 1.906589, 0.0004431843948052096447125599, 127948, -2317.335, -5.741346, 0.01966487, 0.1582343, 571.7525, 3.324123, 2.602015, 72.31751
 
7.510077, -1.986654E-05, -0.002834307, 282.6896, 1.911471, 0.0004417123930702851992882761, 127935.9, -2317.56, -5.741346, 0.01966487, 0.1582343, 571.933, 3.324015, 2.601725, 72.33239
 
7.520077, -4.820844E-06, -0.002834506, 282.589, 1.900039, 0.0004409238982721125268257087, 127921.7, -2317.795, -5.741346, 0.01966487, 0.1582343, 572.109, 3.32391, 2.601435, 72.34727
 
7.530077, 1.313799E-05, -0.002834554, 282.4928, 1.893004, 0.0004400030078624624343788664, 127907.5, -2318.03, -5.741346, 0.01966487, 0.1582343, 572.2852, 3.323805, 2.601146, 72.36214
 
7.540078, 4.621234E-05, -0.002834423, 282.3997, 1.889556, 0.0004384594642573766253131857, 127892.2, -2318.271, -5.741346, 0.01966487, 0.1582343, 572.4593, 3.323702, 2.600856, 72.37701
 
7.550078, 7.257756E-05, -0.002833961, 282.3118, 1.89068, 0.0004371363407222496805769652, 127878, -2318.508, -5.741346, 0.01966487, 0.1582343, 572.6362, 3.323598, 2.600566, 72.39189
 
7.560078, 0.0001024817, -0.002833235, 282.2275, 1.8954, 0.0004356370205082069404717020, 127863.9, -2318.746, -5.741346, 0.01966487, 0.1582343, 572.8134, 3.323494, 2.600277, 72.40677
 
7.570078, 0.0001493488, -0.00283221, 282.1331, 1.892275, 0.0004334051746524327318479899, 127848.6, -2318.976, -5.741346, 0.01966487, 0.1582343, 572.9883, 3.323388, 2.599987, 72.42164
 
7.580079, 0.0001860044, -0.002830717, 282.0399, 1.889146, 0.0004315074067319200913887715, 127833.4, -2319.216, -5.741346, 0.01966487, 0.1582343, 573.1637, 3.323285, 2.599697, 72.43652
 
7.590079, 0.0001771827, -0.002828856, 281.9388, 1.881759, 0.0004313607277729836132987003, 127816, -2319.446, -5.741346, 0.01966487, 0.1582343, 573.3344, 3.323179, 2.599407, 72.45139
 
7.600079, 0.0001488112, -0.002827085, 281.8345, 1.870599, 0.0004320028505532108149542785, 127797.5, -2319.692, -5.741346, 0.01966487, 0.1582343, 573.5029, 3.323078, 2.599118, 72.46627
 
7.610079, 0.0001186857, -0.002825597, 281.7433, 1.871715, 0.0004327763590578518814511047, 127780.2, -2319.935, -5.741346, 0.01966487, 0.1582343, 573.6743, 3.322976, 2.598828, 72.48114
 
7.62008, 0.0001090415, -0.00282441, 281.6493, 1.872175, 0.0004327814422571338927996802, 127761.8, -2320.169, -5.741346, 0.01966487, 0.1582343, 573.8434, 3.322872, 2.598539, 72.49602
 
7.63008, 0.0001081489, -0.002823319, 281.5471, 1.865258, 0.0004324432560949638118443850, 127742.3, -2320.409, -5.741346, 0.01966487, 0.1582343, 574.0104, 3.322769, 2.598249, 72.51089
 
7.64008, 8.918729E-05, -0.002822238, 281.45, 1.862271, 0.0004328326572993690731237074, 127722.8, -2320.658, -5.741346, 0.01966487, 0.1582343, 574.1777, 3.32267, 2.597959, 72.52576
 
7.65008, 9.082175E-05, -0.002821346, 281.3497, 1.858461, 0.0004324312271200490045506761, 127702.2, -2320.899, -5.741346, 0.01966487, 0.1582343, 574.3429, 3.322567, 2.59767, 72.54064
 
7.66008, 7.390333E-05, -0.002820438, 281.2456, 1.851528, 0.0004327640351856027179262462, 127680.6, -2321.143, -5.741346, 0.01966487, 0.1582343, 574.5059, 3.322466, 2.59738, 72.55552
 
7.670081, 6.580434E-05, -0.002819699, 281.1403, 1.84426, 0.0004327727703856526099066214, 127657.9, -2321.391, -5.741346, 0.01966487, 0.1582343, 574.6667, 3.322366, 2.59709, 72.5704
 
7.680081, 3.961345E-05, -0.002819041, 281.0445, 1.8452, 0.0004335259755474268454122580, 127636.3, -2321.64, -5.741346, 0.01966487, 0.1582343, 574.8303, 3.322267, 2.596801, 72.58527
 
7.690081, -6.502562E-06, -0.002818645, 280.9359, 1.83743, 0.0004351064497678782792807866, 127611.5, -2321.886, -5.741346, 0.01966487, 0.1582343, 574.9869, 3.322166, 2.596511, 72.60014
 
7.700081, -6.939258E-05, -0.002818709, 280.82, 1.822089, 0.0004374174176627090799270771, 127585.7, -2322.142, -5.741346, 0.01966487, 0.1582343, 575.1415, 3.322068, 2.596221, 72.61502
 
7.710082, -0.0001068442, -0.002819403, 280.7166, 1.819072, 0.0004388302449229980757226844, 127560, -2322.401, -5.741346, 0.01966487, 0.1582343, 575.2965, 3.321972, 2.595932, 72.62989
 
7.720082, -7.354344E-05, -0.002820472, 280.6115, 1.815557, 0.0004374799488515821486998123, 127533.1, -2322.66, -5.741346, 0.01966487, 0.1582343, 575.4493, 3.321876, 2.595642, 72.64477
 
7.730082, -5.345932E-05, -0.002821207, 280.5062, 1.812533, 0.0004366059101303837138411543, 127506.4, -2322.913, -5.741346, 0.01966487, 0.1582343, 575.6025, 3.321779, 2.595352, 72.65965
 
7.740082, -2.23163E-05, -0.002821742, 280.4, 1.809177, 0.0004352604485110841039796276, 127478.5, -2323.173, -5.741346, 0.01966487, 0.1582343, 575.7534, 3.321683, 2.595063, 72.67452
 
7.750082, -4.612235E-06, -0.002821965, 280.2893, 1.802029, 0.0004343985253753713192795601, 127449.6, -2323.436, -5.741346, 0.01966487, 0.1582343, 575.9022, 3.321589, 2.594773, 72.68939
 
7.760083, 1.943668E-05, -0.002822011, 280.1774, 1.794544, 0.0004332572986904226281198004, 127419.6, -2323.702, -5.741346, 0.01966487, 0.1582343, 576.0489, 3.321495, 2.594483, 72.70427
 
7.770083, 4.919471E-05, -0.002821817, 280.0533, 1.778971, 0.0004318435917554681442964845, 127386.4, -2323.965, -5.741346, 0.01966487, 0.1582343, 576.1885, 3.321401, 2.594193, 72.71915
 
7.780083, 4.5398E-05, -0.002821325, 279.9197, 1.754972, 0.0004317159474985127136421113, 127350.2, -2324.247, -5.741346, 0.01966487, 0.1582343, 576.3212, 3.321312, 2.593904, 72.73402
 
7.790083, 5.820768E-05, -0.002820871, 279.7939, 1.739534, 0.0004309457618263385423234515, 127312.8, -2324.533, -5.741346, 0.01966487, 0.1582343, 576.4518, 3.321225, 2.593614, 72.74889
 
7.800084, 8.378083E-05, -0.002820289, 279.6594, 1.71979, 0.0004296461281709710595045776, 127271.3, -2324.822, -5.741346, 0.01966487, 0.1582343, 576.5732, 3.321139, 2.593325, 72.76377
 
7.810084, 9.689416E-05, -0.002819451, 279.526, 1.700194, 0.0004288066355020870314167817, 127228.7, -2325.128, -5.741346, 0.01966487, 0.1582343, 576.6924, 3.321059, 2.593035, 72.77865
 
7.820084, 3.438567E-05, -0.002818482, 279.3987, 1.688679, 0.0004309853717723251525475316, 127184.1, -2325.437, -5.741346, 0.01966487, 0.1582343, 576.8073, 3.320979, 2.592745, 72.79352
 
7.830084, 1.155406E-06, -0.002818138, 279.2658, 1.67302, 0.0004320876432033057228372714, 127137.5, -2325.753, -5.741346, 0.01966487, 0.1582343, 576.9176, 3.320901, 2.592456, 72.8084
 
7.840085, -3.805777E-05, -0.002818126, 279.1362, 1.660986, 0.0004334880441616021301399428, 127089.7, -2326.076, -5.741346, 0.01966487, 0.1582343, 577.0257, 3.320827, 2.592166, 72.82327
 
7.850085, -7.088707E-05, -0.002818507, 279.0052, 1.6501, 0.0004346997919378098075406678, 127040, -2326.397, -5.741346, 0.01966487, 0.1582343, 577.1295, 3.32075, 2.591876, 72.83814
 
7.860085, -8.09574E-05, -0.002819216, 278.8737, 1.638377, 0.0004350518406405780728712418, 126989.3, -2326.731, -5.741346, 0.01966487, 0.1582343, 577.2311, 3.320679, 2.591587, 72.85302
 
7.870085, -5.37895E-05, -0.002820025, 278.7346, 1.622669, 0.0004339279901615034027077808, 126935.5, -2327.063, -5.741346, 0.01966487, 0.1582343, 577.3259, 3.320607, 2.591297, 72.8679
 
7.880085, -2.666637E-05, -0.002820563, 278.5909, 1.602641, 0.0004327603783762373945541389, 126879.6, -2327.414, -5.741346, 0.01966487, 0.1582343, 577.4161, 3.320541, 2.591007, 72.88277
 
7.890086, -4.493671E-06, -0.00282083, 278.4551, 1.591379, 0.0004317641580254583649221181, 126822.7, -2327.765, -5.741346, 0.01966487, 0.1582343, 577.5042, 3.320475, 2.590718, 72.89764
 
7.900086, 1.597874E-05, -0.002820875, 278.3224, 1.584087, 0.0004308088832973911516614161, 126765, -2328.119, -5.741346, 0.01966487, 0.1582343, 577.5904, 3.32041, 2.590428, 72.91252
 
7.910086, 5.412603E-05, -0.002820715, 278.194, 1.580603, 0.0004291193407365521006700720, 126707.1, -2328.478, -5.741346, 0.01966487, 0.1582343, 577.6766, 3.320346, 2.590138, 72.9274
 
7.920086, 7.273957E-05, -0.002820174, 278.0539, 1.568984, 0.0004281464309891653510369022, 126646.2, -2328.835, -5.741346, 0.01966487, 0.1582343, 577.756, 3.320282, 2.589849, 72.94228
 
7.930087, 9.472211E-05, -0.002819446, 277.9095, 1.553039, 0.0004270039355291486325477371, 126584.3, -2329.204, -5.741346, 0.01966487, 0.1582343, 577.8333, 3.320222, 2.589559, 72.95715
 
7.940087, 6.025994E-05, -0.002818499, 277.7679, 1.541233, 0.0004281020723749093827060531, 126520.4, -2329.578, -5.741346, 0.01966487, 0.1582343, 577.9062, 3.320163, 2.589269, 72.97202
 
7.950087, 2.924862E-05, -0.002817897, 277.6252, 1.529582, 0.0004291177462092388732451244, 126455.6, -2329.953, -5.741346, 0.01966487, 0.1582343, 577.9769, 3.320105, 2.588979, 72.9869
 
7.960087, 4.788836E-06, -0.002817604, 277.4867, 1.522077, 0.0004299266048254470253886200, 126389.7, -2330.337, -5.741346, 0.01966487, 0.1582343, 578.0456, 3.320049, 2.58869, 73.00177
 
7.970088, -2.412653E-05, -0.002817556, 277.3205, 1.493446, 0.0004309304444604932122614065, 126317.6, -2330.724, -5.741346, 0.01966487, 0.1582343, 578.1, 3.319995, 2.5884, 73.01665
 
7.980088, -5.778225E-05, -0.002817797, 277.1516, 1.461963, 0.0004321689704518217479741596, 126243.6, -2331.132, -5.741346, 0.01966487, 0.1582343, 578.1501, 3.319946, 2.58811, 73.03152
 
7.990088, -5.509326E-05, -0.002818375, 276.9806, 1.433115, 0.0004320114473744338470815058, 126164.4, -2331.547, -5.741346, 0.01966487, 0.1582343, 578.1885, 3.3199, 2.587821, 73.0464
 
8.000088, -7.992765E-05, -0.002818926, 276.8053, 1.401081, 0.0004329573624910072544693085, 126082.1, -2331.982, -5.741346, 0.01966487, 0.1582343, 578.2197, 3.319861, 2.587531, 73.06127
 
8.010088, -7.770866E-05, -0.002819726, 276.641, 1.380678, 0.0004328743310449569362300971, 125997.8, -2332.431, -5.741346, 0.01966487, 0.1582343, 578.2467, 3.319826, 2.587242, 73.07615
 
8.020088, -5.440507E-05, -0.002820503, 276.4796, 1.365258, 0.0004319493268231621347831975, 125911.8, -2332.879, -5.741346, 0.01966487, 0.1582343, 578.2693, 3.319791, 2.586952, 73.09103
 
8.030088, -1.316817E-05, -0.002821047, 276.3223, 1.353158, 0.0004302720244946578992657038, 125824.7, -2333.344, -5.741346, 0.01966487, 0.1582343, 578.2899, 3.319761, 2.586662, 73.1059
 
8.040089, 2.631179E-05, -0.002821179, 276.157, 1.337045, 0.0004285998326800346027367797, 125734.5, -2333.805, -5.741346, 0.01966487, 0.1582343, 578.3032, 3.31973, 2.586373, 73.12077
 
8.050089, 2.733159E-05, -0.002820916, 275.9883, 1.317248, 0.0004284149272228490484057986, 125642.4, -2334.286, -5.741346, 0.01966487, 0.1582343, 578.3123, 3.319705, 2.586083, 73.13565
 
8.060089, 5.095494E-05, -0.002820642, 275.8264, 1.305279, 0.0004273300104957734652291034, 125549.4, -2334.769, -5.741346, 0.01966487, 0.1582343, 578.3192, 3.31968, 2.585793, 73.15052
 
8.070089, 7.277363E-05, -0.002820133, 275.6576, 1.289292, 0.0004262794846602165890869253, 125453.4, -2335.254, -5.741346, 0.01966487, 0.1582343, 578.3193, 3.319657, 2.585504, 73.1654
 
8.08009, 9.452117E-05, -0.002819405, 275.4733, 1.260762, 0.0004251852408703524717670340, 125353.4, -2335.753, -5.741346, 0.01966487, 0.1582343, 578.3102, 3.319637, 2.585214, 73.18027
 
8.09009, 6.518212E-05, -0.00281846, 275.2869, 1.232375, 0.0004261284471905201251895956, 125250.4, -2336.262, -5.741346, 0.01966487, 0.1582343, 578.2939, 3.319621, 2.584924, 73.19515
 
8.10009, 8.20795E-06, -0.002817808, 275.1032, 1.207809, 0.0004282475074997962534488121, 125144.4, -2336.79, -5.741346, 0.01966487, 0.1582343, 578.2709, 3.31961, 2.584635, 73.21002
 
8.11009, -2.808199E-05, -0.002817726, 274.9123, 1.179711, 0.0004296201387584726682305215, 125034.5, -2337.324, -5.741346, 0.01966487, 0.1582343, 578.2386, 3.319601, 2.584345, 73.2249
 
8.12009, -7.275496E-05, -0.002818006, 274.7253, 1.155102, 0.0004313988553086680080471173, 124922.5, -2337.882, -5.741346, 0.01966487, 0.1582343, 578.2017, 3.3196, 2.584055, 73.23978
 
8.130091, -0.0001346988, -0.002818734, 274.5399, 1.13516, 0.0004339610023574976256921529, 124807.7, -2338.441, -5.741346, 0.01966487, 0.1582343, 578.158, 3.319598, 2.583766, 73.25465
 
8.140091, -0.0001210907, -0.002820081, 274.3525, 1.114532, 0.0004335564506981889907842564, 124690.9, -2339.007, -5.741346, 0.01966487, 0.1582343, 578.1097, 3.3196, 2.583476, 73.26952
 
8.150091, -0.0001324904, -0.002821292, 274.1587, 1.090199, 0.0004341475586995188421059115, 124570.2, -2339.588, -5.741346, 0.01966487, 0.1582343, 578.0521, 3.319606, 2.583186, 73.2844
 
8.160091, -0.0001366578, -0.002822617, 273.9591, 1.061489, 0.0004344606545035434560708089, 124446.6, -2340.187, -5.741346, 0.01966487, 0.1582343, 577.9878, 3.319617, 2.582896, 73.29928
 
8.170092, -0.0001645298, -0.002823983, 273.7722, 1.045665, 0.0004357672835855199480149887, 124322.1, -2340.791, -5.741346, 0.01966487, 0.1582343, 577.9213, 3.319629, 2.582607, 73.31415
 
8.180092, -0.0001956777, -0.002825628, 273.5869, 1.033351, 0.0004372601478869442071945743, 124195.8, -2341.399, -5.741346, 0.01966487, 0.1582343, 577.8504, 3.319643, 2.582317, 73.32903
 
8.190092, -0.0002037999, -0.002827585, 273.3968, 1.017167, 0.0004378612084329369524540360, 124067.8, -2342.015, -5.741346, 0.01966487, 0.1582343, 577.7752, 3.31966, 2.582028, 73.3439
 
8.200092, -0.0002130237, -0.002829623, 273.212, 1.005502, 0.0004385289409122328689896800, 123938.9, -2342.647, -5.741346, 0.01966487, 0.1582343, 577.6979, 3.319681, 2.581738, 73.35878
 
8.210093, -0.000219907, -0.002831753, 273.0241, 0.9933227, 0.0004391181272839024407844430, 123808.2, -2343.275, -5.741346, 0.01966487, 0.1582343, 577.6162, 3.319701, 2.581448, 73.37365
 
8.220093, -0.0001594848, -0.002833952, 272.8306, 0.9767646, 0.0004369652137076621155985880, 123675.5, -2343.912, -5.741346, 0.01966487, 0.1582343, 577.53, 3.319724, 2.581159, 73.38853
 
8.230093, -0.0001211742, -0.002835547, 272.6309, 0.9568309, 0.0004356203153019234926910006, 123540.1, -2344.552, -5.741346, 0.01966487, 0.1582343, 577.4369, 3.319747, 2.580869, 73.4034
 
8.240093, -9.66193E-05, -0.002836759, 272.4353, 0.9400751, 0.0004347841402433716870235942, 123403.8, -2345.209, -5.741346, 0.01966487, 0.1582343, 577.3417, 3.319777, 2.580579, 73.41827
 
8.250093, -7.875486E-05, -0.002837725, 272.2485, 0.9325581, 0.0004341991436960331468693055, 123266.8, -2345.871, -5.741346, 0.01966487, 0.1582343, 577.2446, 3.319807, 2.58029, 73.43315
 
8.260094, -5.302829E-05, -0.002838512, 272.0601, 0.92453, 0.0004332644890429012295301627, 123129, -2346.531, -5.741346, 0.01966487, 0.1582343, 577.1453, 3.319837, 2.58, 73.44803
 
8.270094, -3.474401E-05, -0.002839043, 271.867, 0.9127907, 0.0004325920569384904904510722, 122989.3, -2347.203, -5.741346, 0.01966487, 0.1582343, 577.0414, 3.31987, 2.57971, 73.46291
 
8.280094, -4.567744E-05, -0.00283939, 271.6503, 0.8830171, 0.0004330707928230934231625508, 122844.7, -2347.875, -5.741346, 0.01966487, 0.1582343, 576.9258, 3.319903, 2.579421, 73.47778
 
8.290094, -7.390568E-05, -0.002839847, 271.4085, 0.8331646, 0.0004342588878191116064938154, 122693.2, -2348.569, -5.741346, 0.01966487, 0.1582343, 576.7939, 3.319942, 2.579131, 73.49265
 
8.300095, -8.840976E-05, -0.002840586, 271.187, 0.8009726, 0.0004349565157941564816207860, 122541.1, -2349.294, -5.741346, 0.01966487, 0.1582343, 576.6601, 3.319992, 2.578841, 73.50753
 
8.310095, -7.586542E-05, -0.00284147, 270.9987, 0.8011364, 0.0004346127871381940380307903, 122390.2, -2350.016, -5.741346, 0.01966487, 0.1582343, 576.5291, 3.32004, 2.578552, 73.5224
 
8.320095, -0.0001045003, -0.002842229, 270.853, 0.8355523, 0.0004359886047470865232706509, 122246.9, -2350.74, -5.741346, 0.01966487, 0.1582343, 576.4153, 3.320089, 2.578262, 73.53728
 
8.330095, -0.0001155742, -0.002843274, 273.3103, 0.8777614, 0.0004366354665048303072595091, 123280.6, -2351.433, -5.741346, 0.01966487, 0.1582343, 576.3062, 3.320127, 2.577972, 73.55215
 
8.340096, -6.807631E-05, -0.002844429, 273.1656, 0.8772811, 0.0004348944619565257670798020, 123154.4, -2352.123, -5.741346, 0.01966487, 0.1582343, 576.19, 3.320166, 2.577682, 73.56703
 
8.350096, -5.338419E-05, -0.00284511, 272.9894, 0.8484183, 0.0004343840569854045873634700, 123024.3, -2352.822, -5.741346, 0.01966487, 0.1582343, 576.0645, 3.320206, 2.577393, 73.5819
 
8.360096, -4.35151E-05, -0.002845644, 272.827, 0.8322071, 0.0004340676363182579876800905, 122894.6, -2353.53, -5.741346, 0.01966487, 0.1582343, 575.9394, 3.32025, 2.577103, 73.59678
 
8.370096, -4.572472E-05, -0.002846079, 272.6608, 0.815644, 0.0004342377608431654221926898, 122761, -2354.245, -5.741346, 0.01966487, 0.1582343, 575.805, 3.320295, 2.576813, 73.61166
 
8.380096, -4.885898E-05, -0.002846536, 272.4972, 0.7995741, 0.0004344501028410120589892002, 122627.7, -2354.977, -5.741346, 0.01966487, 0.1582343, 575.6708, 3.320345, 2.576524, 73.62653
 
8.390097, -6.358844E-05, -0.002847025, 272.3445, 0.7960133, 0.0004351652000382719181099861, 122493.7, -2355.702, -5.741346, 0.01966487, 0.1582343, 575.5349, 3.320394, 2.576234, 73.6414
 
8.400097, -5.761642E-05, -0.002847661, 272.1817, 0.7833077, 0.0004350415262859412033656987, 122357.9, -2356.437, -5.741346, 0.01966487, 0.1582343, 575.3943, 3.320445, 2.575945, 73.65628
 
8.410097, -5.481335E-05, -0.002848237, 272.0089, 0.7626314, 0.0004350315167873825035825677, 122219.3, -2357.183, -5.741346, 0.01966487, 0.1582343, 575.2466, 3.320499, 2.575655, 73.67116
 
8.420097, -7.080042E-05, -0.002848785, 271.813, 0.7248255, 0.0004357748256418341413157866, 122074.8, -2357.934, -5.741346, 0.01966487, 0.1582343, 575.085, 3.320555, 2.575365, 73.68603
 
8.430098, -7.182133E-05, -0.002849493, 271.6226, 0.6915644, 0.0004359373045681637663825923, 121928.6, -2358.71, -5.741346, 0.01966487, 0.1582343, 574.9188, 3.320618, 2.575075, 73.7009
 
8.440098, -9.754595E-05, -0.002850211, 271.4429, 0.671163, 0.0004371469065139801903741318, 121779.7, -2359.497, -5.741346, 0.01966487, 0.1582343, 574.7458, 3.320685, 2.574786, 73.71578
 
8.450098, -0.0001086649, -0.002851187, 271.256, 0.6459942, 0.0004377922960144298119235935, 121628.1, -2360.289, -5.741346, 0.01966487, 0.1582343, 574.566, 3.320753, 2.574496, 73.73065
 
8.460098, -0.000138727, -0.002852274, 271.0677, 0.6209745, 0.0004392443006520558792838387, 121473.8, -2361.094, -5.741346, 0.01966487, 0.1582343, 574.3795, 3.320824, 2.574207, 73.74553
 
8.470098, -0.0001500048, -0.002853661, 270.8892, 0.6045927, 0.0004399824038146234049473179, 121318.7, -2361.918, -5.741346, 0.01966487, 0.1582343, 574.1907, 3.320902, 2.573917, 73.76041
 
8.480099, -0.0001903865, -0.002855161, 270.7177, 0.5965201, 0.0004419601163781143622021972, 121162.9, -2362.74, -5.741346, 0.01966487, 0.1582343, 573.9998, 3.320978, 2.573627, 73.77528
 
8.490099, -0.0001789548, -0.002857065, 270.53, 0.5756964, 0.0004418403506759677929832856, 121003.4, -2363.567, -5.741346, 0.01966487, 0.1582343, 573.7996, 3.321057, 2.573338, 73.79015
 
8.500099, -0.0001678216, -0.002858854, 270.3158, 0.5334363, 0.0004416918039066823527239773, 120838.1, -2364.409, -5.741346, 0.01966487, 0.1582343, 573.5853, 3.321139, 2.573048, 73.80503
 
8.510099, -0.0001809943, -0.002860533, 270.1063, 0.4957328, 0.0004425484117208490802991257, 120670.2, -2365.28, -5.741346, 0.01966487, 0.1582343, 573.3641, 3.32123, 2.572758, 73.81991
 
8.5201, -0.0002033285, -0.002862343, 269.9232, 0.4835179, 0.0004438486933780562359796059, 120502.6, -2366.156, -5.741346, 0.01966487, 0.1582343, 573.1433, 3.321323, 2.572469, 73.83479
 
8.5301, -0.0002261654, -0.002864376, 269.7527, 0.4837177, 0.0004452257057825569816750814, 120335.5, -2367.031, -5.741346, 0.01966487, 0.1582343, 572.9231, 3.321415, 2.572179, 73.84966
 
8.5401, -0.0002490846, -0.002866638, 269.5836, 0.484258, 0.0004466434810317383992237195, 120168.7, -2367.914, -5.741346, 0.01966487, 0.1582343, 572.7031, 3.321509, 2.571889, 73.86453
 
8.5501, -0.000216227, -0.002869128, 269.4134, 0.484458, 0.0004457696971029686569084753, 120002.3, -2368.788, -5.741346, 0.01966487, 0.1582343, 572.4835, 3.321601, 2.571599, 73.87941
 
8.560101, -0.0002005456, -0.002871291, 269.2391, 0.4803977, 0.0004455556202617647568813404, 119835.3, -2369.67, -5.741346, 0.01966487, 0.1582343, 572.2621, 3.321695, 2.57131, 73.89428
 
8.570101, -0.00017433, -0.002873296, 269.0592, 0.4720718, 0.0004448706619904181123896700, 119667.6, -2370.548, -5.741346, 0.01966487, 0.1582343, 572.0385, 3.321787, 2.57102, 73.90916
 
8.580101, -0.0001722575, -0.002875039, 268.8624, 0.4509471, 0.0004451414952057081638181416, 119496.3, -2371.429, -5.741346, 0.01966487, 0.1582343, 571.8056, 3.32188, 2.570731, 73.92403
 
8.590101, -0.0001885677, -0.002876762, 268.6779, 0.4385069, 0.0004461920285958716840648874, 119326.3, -2372.329, -5.741346, 0.01966487, 0.1582343, 571.5755, 3.321979, 2.570441, 73.93891
 
8.600101, -0.0002041239, -0.002878648, 268.4998, 0.434079, 0.0004472543464344890041160775, 119154.8, -2373.232, -5.741346, 0.01966487, 0.1582343, 571.3411, 3.322078, 2.570151, 73.95378
 
8.610102, -0.0001638662, -0.002880689, 268.3184, 0.426403, 0.0004459909631296523475408200, 118983.6, -2374.133, -5.741346, 0.01966487, 0.1582343, 571.1069, 3.322177, 2.569861, 73.96866
 
8.620102, -0.0001413367, -0.002882327, 268.1393, 0.4223079, 0.0004454161711424555883447084, 118811.9, -2375.03, -5.741346, 0.01966487, 0.1582343, 570.871, 3.322274, 2.569572, 73.98354
 
8.630102, -0.0001023693, -0.002883741, 267.9618, 0.4183803, 0.0004441127777422422776510279, 118640.6, -2375.937, -5.741346, 0.01966487, 0.1582343, 570.6353, 3.322374, 2.569282, 73.99841
 
8.640102, -8.375755E-05, -0.002884764, 267.783, 0.4142783, 0.0004436065335653351553159265, 118468.5, -2376.842, -5.741346, 0.01966487, 0.1582343, 570.3975, 3.322474, 2.568992, 74.01328
 
8.650103, -8.482551E-05, -0.002885602, 267.5941, 0.4014492, 0.0004438904916258774655456396, 118294.9, -2377.753, -5.741346, 0.01966487, 0.1582343, 570.1553, 3.322575, 2.568703, 74.02816
 
8.660103, -7.634678E-05, -0.00288645, 267.4, 0.384674, 0.0004437698431547382100690186, 118119.6, -2378.671, -5.741346, 0.01966487, 0.1582343, 569.9086, 3.322678, 2.568413, 74.04304
 
8.670103, -0.0001062251, -0.002887214, 267.1992, 0.3632626, 0.0004452565183811918120974428, 117941.8, -2379.599, -5.741346, 0.01966487, 0.1582343, 569.655, 3.322783, 2.568124, 74.05791
 
8.680103, -0.0001284854, -0.002888276, 266.9924, 0.3384084, 0.0004464693657251917486368180, 117761.3, -2380.531, -5.741346, 0.01966487, 0.1582343, 569.3947, 3.32289, 2.567834, 74.07278
 
8.690104, -0.0001687993, -0.002889561, 266.7996, 0.3258693, 0.0004485041903825897493567125, 117581.4, -2381.475, -5.741346, 0.01966487, 0.1582343, 569.1349, 3.323, 2.567544, 74.08766
 
8.700104, -0.0001911262, -0.002891249, 266.6261, 0.3302885, 0.0004498674758668133210678149, 117402.9, -2382.427, -5.741346, 0.01966487, 0.1582343, 568.8779, 3.323113, 2.567255, 74.10253
 
8.710104, -0.0001665009, -0.00289316, 266.4511, 0.3345398, 0.0004492702434009393119469647, 117224.7, -2383.367, -5.741346, 0.01966487, 0.1582343, 568.6213, 3.323221, 2.566965, 74.11741
 
8.720104, -0.0001763879, -0.002894825, 266.283, 0.343083, 0.0004501060057583739736568776, 117049, -2384.305, -5.741346, 0.01966487, 0.1582343, 568.3699, 3.323329, 2.566675, 74.13229
 
8.730104, -0.0001746682, -0.002896589, 266.099, 0.3391055, 0.0004504481072802624351682324, 116870.7, -2385.242, -5.741346, 0.01966487, 0.1582343, 568.1117, 3.323437, 2.566386, 74.14716
 
8.740105, -0.0001681208, -0.002898335, 265.9016, 0.3222484, 0.0004505623236419807695446339, 116691.7, -2386.184, -5.741346, 0.01966487, 0.1582343, 567.8514, 3.323545, 2.566096, 74.16203
 
8.750105, -0.0002025898, -0.002900017, 265.7068, 0.3091559, 0.0004524280987730731355932256, 116511.3, -2387.131, -5.741346, 0.01966487, 0.1582343, 567.5867, 3.323655, 2.565806, 74.17691
 
8.760105, -0.0002075684, -0.002902043, 265.5018, 0.2883205, 0.0004530820431097548910037365, 116328.3, -2388.085, -5.741346, 0.01966487, 0.1582343, 567.3152, 3.323767, 2.565516, 74.19179
 
8.770105, -0.0001843987, -0.002904118, 265.3065, 0.2755469, 0.0004525524702287494964657202, 116145.6, -2389.052, -5.741346, 0.01966487, 0.1582343, 567.044, 3.323882, 2.565227, 74.20666
 
8.780106, -0.0001840215, -0.002905962, 265.1193, 0.2717049, 0.0004529791119293351858411195, 115962.5, -2390.017, -5.741346, 0.01966487, 0.1582343, 566.771, 3.323997, 2.564937, 74.22153
 
8.790106, -0.0001668241, -0.002907803, 264.9376, 0.2716445, 0.0004526877976981936158138991, 115780.8, -2390.987, -5.741346, 0.01966487, 0.1582343, 566.5008, 3.324114, 2.564648, 74.23641
 
8.800106, -0.0001690605, -0.002909471, 264.7717, 0.2851805, 0.0004532225676192817753752043, 115601.5, -2391.953, -5.741346, 0.01966487, 0.1582343, 566.2358, 3.324228, 2.564358, 74.25129
 
8.810106, -0.0001761694, -0.002911161, 264.5887, 0.284609, 0.0004539511269471756266136084, 115420.6, -2392.909, -5.741346, 0.01966487, 0.1582343, 565.9665, 3.32434, 2.564068, 74.26616
 
8.820107, -0.0001855116, -0.002912923, 264.3987, 0.2762857, 0.0004547746078473151661261524, 115240.2, -2393.87, -5.741346, 0.01966487, 0.1582343, 565.6974, 3.324453, 2.563778, 74.28104
 
8.830107, -0.0001937115, -0.002914778, 264.2121, 0.2720912, 0.0004555737466323574886458707, 115059.1, -2394.833, -5.741346, 0.01966487, 0.1582343, 565.4263, 3.324566, 2.563489, 74.29591
 
8.840107, -0.0001882764, -0.002916715, 264.021, 0.2637557, 0.0004557922306941599598038959, 114877.5, -2395.801, -5.741346, 0.01966487, 0.1582343, 565.1533, 3.32468, 2.563199, 74.31078
 
8.850107, -0.000164264, -0.002918598, 263.823, 0.2509295, 0.0004551946067332221670693195, 114694.4, -2396.763, -5.741346, 0.01966487, 0.1582343, 564.8759, 3.324793, 2.56291, 74.32566
 
8.860107, -0.0001396024, -0.002920241, 263.6259, 0.2382651, 0.0004545318763791344513641964, 114510.7, -2397.741, -5.741346, 0.01966487, 0.1582343, 564.5964, 3.32491, 2.56262, 74.34054
 
8.870108, -0.0001444627, -0.002921637, 263.4157, 0.2164425, 0.0004551012194423612654873349, 114323.5, -2398.722, -5.741346, 0.01966487, 0.1582343, 564.3077, 3.325029, 2.56233, 74.35542
 
8.880108, -0.0001601828, -0.002923081, 263.2018, 0.1916664, 0.0004561492696185888326535525, 114134.9, -2399.715, -5.741346, 0.01966487, 0.1582343, 564.0146, 3.32515, 2.562041, 74.37029
 
8.890108, -0.0001803534, -0.002924683, 263.0376, 0.2088466, 0.0004574765353268501660225586, 113952.5, -2400.713, -5.741346, 0.01966487, 0.1582343, 563.7363, 3.325272, 2.561751, 74.38516
 
8.900108, -0.0002242842, -0.002926487, 262.8854, 0.2386563, 0.0004598914665448025612367021, 113771.5, -2401.693, -5.741346, 0.01966487, 0.1582343, 563.4608, 3.325389, 2.561461, 74.40004
 
8.910109, -0.0002247575, -0.00292873, 262.7014, 0.238927, 0.0004604359985497589771251692, 113590, -2402.66, -5.741346, 0.01966487, 0.1582343, 563.1835, 3.325502, 2.561172, 74.41491
 
8.920109, -0.0002004822, -0.002930977, 262.5037, 0.2260532, 0.0004598832448674227251167608, 113406.9, -2403.639, -5.741346, 0.01966487, 0.1582343, 562.9015, 3.325619, 2.560882, 74.42979
 
8.930109, -0.0001992341, -0.002932982, 262.2605, 0.1778714, 0.0004602542543434963559708815, 113215.4, -2404.617, -5.741346, 0.01966487, 0.1582343, 562.5982, 3.325734, 2.560592, 74.44466
 
8.940109, -0.000213205, -0.002934974, 261.9998, 0.1142444, 0.0004612745959229742247892071, 113018.7, -2405.634, -5.741346, 0.01966487, 0.1582343, 562.2811, 3.325862, 2.560302, 74.45954
 
8.950109, -0.000204506, -0.002937106, 261.7636, 0.07567462, 0.0004613740885807536615981999, 112819.6, -2406.675, -5.741346, 0.01966487, 0.1582343, 561.9571, 3.325996, 2.560013, 74.47441
 
8.96011, -0.0002029919, -0.002939151, 261.5543, 0.06305913, 0.0004618195041715497658323903, 112621, -2407.721, -5.741346, 0.01966487, 0.1582343, 561.6337, 3.326132, 2.559723, 74.48929
 
8.97011, -0.0001554519, -0.002941181, 261.3851, 0.08492202, 0.0004602898079362349444005646, 112427.6, -2408.765, -5.741346, 0.01966487, 0.1582343, 561.3228, 3.326267, 2.559434, 74.50417
 
8.98011, -0.0001328321, -0.002942736, 261.2199, 0.1107906, 0.0004597830304612442119481343, 112235.7, -2409.796, -5.741346, 0.01966487, 0.1582343, 561.0145, 3.326398, 2.559144, 74.51904
 
8.99011, -0.0001406613, -0.002944064, 261.0433, 0.1233245, 0.0004605532305800090441801307, 112046.3, -2410.82, -5.741346, 0.01966487, 0.1582343, 560.7119, 3.326527, 2.558854, 74.53391
 
9.000111, -0.0001345124, -0.002945471, 260.8894, 0.1539151, 0.0004607414752566610606805670, 111862, -2411.834, -5.741346, 0.01966487, 0.1582343, 560.4215, 3.326652, 2.558564, 74.54879
 
9.010111, -0.0001549376, -0.002946816, 260.7241, 0.1751565, 0.0004620774323934079569614120, 111678.2, -2412.826, -5.741346, 0.01966487, 0.1582343, 560.1315, 3.326771, 2.558275, 74.56367
 
9.020111, -0.0001691928, -0.002948365, 260.5273, 0.1668922, 0.0004631271716178152656726207, 111492.9, -2413.818, -5.741346, 0.01966487, 0.1582343, 559.8372, 3.326889, 2.557985, 74.57854
 
9.030111, -0.0001865004, -0.002950057, 260.3253, 0.1535828, 0.0004643294516910401790404349, 111307.1, -2414.816, -5.741346, 0.01966487, 0.1582343, 559.5407, 3.327009, 2.557695, 74.59341
 
9.040112, -0.0001830931, -0.002951922, 260.1273, 0.1449552, 0.0004646522373942413198358917, 111120.6, -2415.819, -5.741346, 0.01966487, 0.1582343, 559.2421, 3.327131, 2.557406, 74.60829
 
9.050112, -0.0001967221, -0.002953753, 259.9013, 0.1147596, 0.0004657005964593414621149053, 110928.9, -2416.818, -5.741346, 0.01966487, 0.1582343, 558.9295, 3.32725, 2.557116, 74.62317
 
9.060112, -0.0002083791, -0.00295572, 259.6721, 0.08019061, 0.0004666805629992572504682506, 110735.8, -2417.848, -5.741346, 0.01966487, 0.1582343, 558.6126, 3.327379, 2.556827, 74.63804
 
9.070112, -0.0002030366, -0.002957804, 259.4647, 0.06804195, 0.0004669645768769214368319230, 110542.2, -2418.879, -5.741346, 0.01966487, 0.1582343, 558.2939, 3.327508, 2.556537, 74.65292
 
9.080112, -0.0002136315, -0.002959834, 259.2708, 0.06789565, 0.0004679696602843788081771631, 110350.1, -2419.911, -5.741346, 0.01966487, 0.1582343, 557.978, 3.327638, 2.556247, 74.66779
 
9.090113, -0.0002429299, -0.002961971, 259.0875, 0.0768057, 0.0004698424492368028594709429, 110159.3, -2420.946, -5.741346, 0.01966487, 0.1582343, 557.6648, 3.327768, 2.555957, 74.68266
 
9.100113, -0.0002254608, -0.0029644, 258.9039, 0.08520028, 0.0004696699480936076344886220, 109969.9, -2421.968, -5.741346, 0.01966487, 0.1582343, 557.3544, 3.327894, 2.555668, 74.69754
 
9.110113, -0.0002276043, -0.002966654, 258.7275, 0.09813359, 0.0004703508677254842442690395, 109782.9, -2422.993, -5.741346, 0.01966487, 0.1582343, 557.0493, 3.328021, 2.555378, 74.71242
 
9.120113, -0.0002326932, -0.002968931, 258.5456, 0.1068924, 0.0004711603763459777881662316, 109596.4, -2424, -5.741346, 0.01966487, 0.1582343, 556.7448, 3.328142, 2.555089, 74.72729
 
9.130114, -0.0002487067, -0.002971258, 258.367, 0.1158329, 0.0004724655308844775859713149, 109412.2, -2425.014, -5.741346, 0.01966487, 0.1582343, 556.4454, 3.328265, 2.554799, 74.74216
 
9.140114, -0.000271056, -0.002973745, 258.1805, 0.1198941, 0.0004740761050412585289398238, 109227.4, -2426.009, -5.741346, 0.01966487, 0.1582343, 556.144, 3.328382, 2.554509, 74.75704
 
9.150114, -0.0002566231, -0.002976455, 257.9762, 0.1066741, 0.0004740413596054499004697490, 109041.3, -2427.017, -5.741346, 0.01966487, 0.1582343, 555.8383, 3.328504, 2.554219, 74.77192
 
9.160114, -0.000232055, -0.002979022, 257.7666, 0.08942625, 0.0004735229656047033423124434, 108853.6, -2428.032, -5.741346, 0.01966487, 0.1582343, 555.5279, 3.328626, 2.55393, 74.78679
 
9.170115, -0.0002423627, -0.002981342, 257.5497, 0.0679707, 0.0004745367524012644045525474, 108663.6, -2429.045, -5.741346, 0.01966487, 0.1582343, 555.211, 3.328749, 2.55364, 74.80167
 
9.180115, -0.0002252512, -0.002983766, 257.3481, 0.05925826, 0.0004743493318692219263196844, 108475, -2430.07, -5.741346, 0.01966487, 0.1582343, 554.8969, 3.328875, 2.55335, 74.81654
 
9.190115, -0.0002358459, -0.002986018, 257.171, 0.07292261, 0.0004754241877053252084645461, 108288.8, -2431.09, -5.741346, 0.01966487, 0.1582343, 554.588, 3.328999, 2.553061, 74.83142
 
9.200115, -0.000197361, -0.002988377, 256.9825, 0.07645123, 0.0004742751183574043855878580, 108102.1, -2432.107, -5.741346, 0.01966487, 0.1582343, 554.2773, 3.329122, 2.552771, 74.84629
 
9.210115, -0.0001655066, -0.00299035, 256.7979, 0.08155788, 0.0004733615163532061462365070, 107917.7, -2433.121, -5.741346, 0.01966487, 0.1582343, 553.9719, 3.329244, 2.552481, 74.86117
 
9.220116, -0.0001296822, -0.002992005, 256.6156, 0.08999533, 0.0004722198292332292218464461, 107733.7, -2434.123, -5.741346, 0.01966487, 0.1582343, 553.6667, 3.329362, 2.552192, 74.87605
 
9.230116, -0.0001320885, -0.002993302, 256.4369, 0.09878996, 0.0004727563084306824482015917, 107551.9, -2435.135, -5.741346, 0.01966487, 0.1582343, 553.3665, 3.329483, 2.551902, 74.89091
 
9.240116, -0.0002203923, -0.002994623, 256.1048, 0, 0.0004734113635933659820874819, 107334.2, -2436.119, -5.741346, 0.01966487, 0.1582343, 552.9731, 3.329598, 2.551616, 47.41694
 
9.250116, -0.0003082259, -0.002996827, 255.8238, 0, 0.0004766471077320957094149115, 107117, -2436.647, -5.741346, 0.01966487, 0.1582343, 552.5799, 3.329755, 2.551616, 47.41694
 
9.260117, -0.0003544207, -0.002999909, 255.5428, 0, 0.0004788225148521750335882285, 106900.4, -2437.17, -5.741346, 0.01966487, 0.1582343, 552.1874, 3.329911, 2.551616, 47.41694
 
9.270117, -0.0003825201, -0.003003453, 255.2621, 0, 0.0004805507622167809019068881, 106684.3, -2437.692, -5.741346, 0.01966487, 0.1582343, 551.7952, 3.330067, 2.551616, 47.41694
 
9.280117, -0.0004519439, -0.003007279, 254.9815, 0, 0.0004835283459371640370245383, 106468.8, -2438.21, -5.741346, 0.01966487, 0.1582343, 551.4036, 3.330222, 2.551616, 47.41694
 
9.290117, -0.0004912683, -0.003011798, 254.7002, 0, 0.0004857460422080396530848897, 106253.7, -2438.718, -5.741346, 0.01966487, 0.1582343, 551.0123, 3.330374, 2.551616, 47.41694
 
9.300117, -0.0004988246, -0.003016711, 254.4199, 0, 0.0004871027432388853930153916, 106039.3, -2439.229, -5.741346, 0.01966487, 0.1582343, 550.6216, 3.330527, 2.551616, 47.41694
 
9.310118, -0.0004972563, -0.003021699, 254.1396, 0, 0.0004882065224587619178225164, 105825.4, -2439.737, -5.741346, 0.01966487, 0.1582343, 550.2313, 3.33068, 2.551616, 47.41694
 
9.320118, -0.0004806925, -0.003026671, 253.8596, 0, 0.0004888694660011568727763570, 105612, -2440.242, -5.741346, 0.01966487, 0.1582343, 549.8415, 3.330831, 2.551616, 47.41694
 
9.330118, -0.0004563688, -0.003031478, 253.5789, 0, 0.0004892779368745059761082946, 105399.1, -2440.737, -5.741346, 0.01966487, 0.1582343, 549.4521, 3.33098, 2.551616, 47.41694
 
9.340118, -0.0004797223, -0.003036042, 253.2993, 0, 0.0004910489651637808629658545, 105186.9, -2441.237, -5.741346, 0.01966487, 0.1582343, 549.0632, 3.33113, 2.551616, 47.41694
 
9.350119, -0.0004069511, -0.003040839, 253.0193, 0, 0.0004900276382784278300280842, 104975, -2441.731, -5.741346, 0.01966487, 0.1582343, 548.6747, 3.33128, 2.551616, 47.41694
 
9.360119, -0.0003775929, -0.003044909, 252.7401, 0, 0.0004901670624772384241509371, 104763.9, -2442.224, -5.741346, 0.01966487, 0.1582343, 548.2868, 3.331428, 2.551616, 47.41694
 
9.370119, -0.0002552563, -0.003048685, 252.4597, 0, 0.0004875081601845015987564634, 104553.1, -2442.705, -5.741346, 0.01966487, 0.1582343, 547.8992, 3.331574, 2.551616, 47.41694
 
9.380119, -0.0001790017, -0.003051237, 252.1804, 0, 0.0004860090595307116458789512, 104343, -2443.189, -5.741346, 0.01966487, 0.1582343, 547.5123, 3.331721, 2.551616, 47.41694
 
9.39012, -0.0001366876, -0.003053027, 251.901, 0, 0.0004853896147095233524652816, 104133.3, -2443.67, -5.741346, 0.01966487, 0.1582343, 547.1256, 3.331867, 2.551616, 47.41694
 
9.40012, -0.0001253975, -0.003054394, 251.6222, 0, 0.0004856221100095862827751093, 103924.2, -2444.15, -5.741346, 0.01966487, 0.1582343, 546.7395, 3.332012, 2.551616, 47.41694
 
9.41012, -8.866648E-05, -0.003055648, 251.3474, 0, 0.0004850801654928919071659461, 103715.6, -2444.666, -5.741346, 0.01966487, 0.1582343, 546.3538, 3.332165, 2.551616, 47.41694
 
9.42012, -0.0001172408, -0.003056535, 251.073, 0, 0.0004864250267438716972554142, 103507.5, -2445.18, -5.741346, 0.01966487, 0.1582343, 545.9687, 3.332318, 2.551616, 47.41694
 
9.43012, -0.0001495363, -0.003057707, 250.7983, 0, 0.0004879295641263738548727783, 103300.1, -2445.686, -5.741346, 0.01966487, 0.1582343, 545.5842, 3.332468, 2.551616, 47.41694
 
9.440121, -9.662589E-05, -0.003059203, 250.525, 0, 0.0004869374780011074472712400, 103093.2, -2446.201, -5.741346, 0.01966487, 0.1582343, 545.2003, 3.33262, 2.551616, 47.41694
 
9.450121, -5.18235E-05, -0.003060169, 250.2518, 0, 0.0004860993907774187217106451, 102886.8, -2446.713, -5.741346, 0.01966487, 0.1582343, 544.8167, 3.332772, 2.551616, 47.41694
 
9.460121, -6.198866E-05, -0.003060687, 249.9785, 0, 0.0004868381483791823851685915, 102681, -2447.219, -5.741346, 0.01966487, 0.1582343, 544.4337, 3.332922, 2.551616, 47.41694
 
9.470121, -4.891262E-05, -0.003061307, 249.7064, 0, 0.0004868942015612401124233133, 102475.7, -2447.73, -5.741346, 0.01966487, 0.1582343, 544.0513, 3.333074, 2.551616, 47.41694
 
9.480122, -5.52432E-05, -0.003061796, 249.4343, 0, 0.0004875138137484034271181640, 102270.9, -2448.24, -5.741346, 0.01966487, 0.1582343, 543.6693, 3.333225, 2.551616, 47.41694
 
9.490122, -9.986454E-05, -0.003062349, 249.1623, 0, 0.0004893015548029822409634249, 102066.7, -2448.743, -5.741346, 0.01966487, 0.1582343, 543.2878, 3.333373, 2.551616, 47.41694
 
9.500122, -0.0001642973, -0.003063347, 248.8913, 0, 0.0004917648949090708668782606, 101863.1, -2449.252, -5.741346, 0.01966487, 0.1582343, 542.907, 3.333524, 2.551616, 47.41694
 
9.510122, -0.0001987366, -0.00306499, 248.6208, 0, 0.0004934287263945305764260345, 101659.9, -2449.762, -5.741346, 0.01966487, 0.1582343, 542.5266, 3.333674, 2.551616, 47.41694
 
9.520123, -0.0002833399, -0.003066978, 248.3506, 0, 0.0004966756024032512045714901, 101457.3, -2450.27, -5.741346, 0.01966487, 0.1582343, 542.1467, 3.333824, 2.551616, 47.41694
 
9.530123, -0.0003717725, -0.003069811, 248.081, 0, 0.0005001835514806915430559442, 101255.2, -2450.778, -5.741346, 0.01966487, 0.1582343, 541.7674, 3.333974, 2.551616, 47.41694
 
9.540123, -0.0003690538, -0.003073529, 247.8108, 0, 0.0005010632417590335613449454, 101053.6, -2451.277, -5.741346, 0.01966487, 0.1582343, 541.3884, 3.334121, 2.551616, 47.41694
 
9.550123, -0.0004047762, -0.003077219, 247.542, 0, 0.0005031135065119308356477372, 100852.6, -2451.784, -5.741346, 0.01966487, 0.1582343, 541.0101, 3.334271, 2.551616, 47.41694
 
9.560123, -0.0004604409, -0.003081267, 247.2735, 0, 0.0005058360573017179193068275, 100652.1, -2452.29, -5.741346, 0.01966487, 0.1582343, 540.6323, 3.33442, 2.551616, 47.41694
 
9.570124, -0.0004202587, -0.003085872, 247.0054, 0, 0.0005057160272709051483739725, 100452.1, -2452.795, -5.741346, 0.01966487, 0.1582343, 540.2549, 3.334569, 2.551616, 47.41694
 
9.580124, -0.000451559, -0.003090074, 246.7378, 0, 0.0005077240186091520854869895, 100252.7, -2453.3, -5.741346, 0.01966487, 0.1582343, 539.8781, 3.334718, 2.551616, 47.41694
 
9.590124, -0.0004717848, -0.00309459, 246.4697, 0, 0.0005094459777157688037481656, 100053.6, -2453.796, -5.741346, 0.01966487, 0.1582343, 539.5016, 3.334864, 2.551616, 47.41694
 
9.600124, -0.000452589, -0.003099308, 246.203, 0, 0.0005099883460603900696628573, 99855.2, -2454.301, -5.741346, 0.01966487, 0.1582343, 539.1257, 3.335012, 2.551616, 47.41694
 
9.610125, -0.0004182573, -0.003103834, 245.9365, 0, 0.0005100314873192414441189664, 99657.3, -2454.803, -5.741346, 0.01966487, 0.1582343, 538.7504, 3.33516, 2.551616, 47.41694
 
9.620125, -0.0003245003, -0.003108016, 245.6705, 0, 0.0005081785681020983442405174, 99459.88, -2455.305, -5.741346, 0.01966487, 0.1582343, 538.3755, 3.335308, 2.551616, 47.41694
 
9.630125, -0.0002908485, -0.003111261, 245.4048, 0, 0.0005080287869873269566084207, 99262.95, -2455.807, -5.741346, 0.01966487, 0.1582343, 538.0012, 3.335456, 2.551616, 47.41694
 
9.640125, -0.0002634718, -0.00311417, 245.1398, 0, 0.0005080168804997785466933408, 99066.63, -2456.308, -5.741346, 0.01966487, 0.1582343, 537.6274, 3.335603, 2.551616, 47.41694
 
9.650126, -0.0002244677, -0.003116804, 244.8748, 0, 0.0005075966990136266269709133, 98870.71, -2456.808, -5.741346, 0.01966487, 0.1582343, 537.254, 3.335751, 2.551616, 47.41694
 
9.660126, -0.0001464147, -0.003119049, 244.6097, 0, 0.0005058937064858845831595517, 98675.39, -2457.3, -5.741346, 0.01966487, 0.1582343, 536.8812, 3.335895, 2.551616, 47.41694
 
9.670126, -6.975503E-05, -0.003120513, 244.3457, 0, 0.0005041007220078144242198766, 98480.46, -2457.8, -5.741346, 0.01966487, 0.1582343, 536.5087, 3.336042, 2.551616, 47.41694
 
9.680126, -5.548549E-05, -0.003121211, 244.0821, 0, 0.0005041269960634644366334623, 98286.1, -2458.299, -5.741346, 0.01966487, 0.1582343, 536.1368, 3.336189, 2.551616, 47.41694
 
9.690126, -3.237184E-05, -0.003121766, 243.8191, 0, 0.0005038516416295447728948085, 98092.29, -2458.797, -5.741346, 0.01966487, 0.1582343, 535.7656, 3.336335, 2.551616, 47.41694
 
9.700127, -8.304663E-07, -0.003122089, 243.5562, 0, 0.0005032723619548454559293412, 97898.9, -2459.294, -5.741346, 0.01966487, 0.1582343, 535.3947, 3.336481, 2.551616, 47.41694
 
9.710127, -2.899491E-05, -0.003122098, 243.2939, 0, 0.0005045157951267418240000807, 97706.08, -2459.792, -5.741346, 0.01966487, 0.1582343, 535.0243, 3.336627, 2.551616, 47.41694
 
9.720127, -4.590494E-05, -0.003122387, 243.0319, 0, 0.0005054538918935986774624833, 97513.65, -2460.288, -5.741346, 0.01966487, 0.1582343, 534.6542, 3.336772, 2.551616, 47.41694
 
9.730127, -0.000105966, -0.003122847, 242.7703, 0, 0.0005077821496376092583824213, 97321.79, -2460.783, -5.741346, 0.01966487, 0.1582343, 534.2849, 3.336917, 2.551616, 47.41694
 
9.740128, -0.0001668246, -0.003123906, 242.509, 0, 0.0005102402414256996157617649, 97130.35, -2461.279, -5.741346, 0.01966487, 0.1582343, 533.9158, 3.337062, 2.551616, 47.41694
 
9.750128, -0.0002683666, -0.003125574, 242.2483, 0, 0.0005140918555664153666720851, 96939.45, -2461.774, -5.741346, 0.01966487, 0.1582343, 533.5472, 3.337207, 2.551616, 47.41694
 
9.760128, -0.0003443876, -0.003128258, 241.988, 0, 0.0005173102465675342872037504, 96749.11, -2462.268, -5.741346, 0.01966487, 0.1582343, 533.1794, 3.337351, 2.551616, 47.41694
 
9.770128, -0.0003287916, -0.003131702, 241.7279, 0, 0.0005177498108744058327116021, 96559.15, -2462.761, -5.741346, 0.01966487, 0.1582343, 532.8118, 3.337495, 2.551616, 47.41694
 
9.780128, -0.0003577477, -0.00313499, 241.4684, 0, 0.0005195814728324077366028088, 96369.76, -2463.255, -5.741346, 0.01966487, 0.1582343, 532.4449, 3.337639, 2.551616, 47.41694
 
9.790129, -0.0003956788, -0.003138567, 241.2091, 0, 0.0005217503516177624657530602, 96180.78, -2463.747, -5.741346, 0.01966487, 0.1582343, 532.0782, 3.337783, 2.551616, 47.41694
 
9.800129, -0.0004751994, -0.003142524, 240.9504, 0, 0.0005253147978640980536407891, 95992.36, -2464.239, -5.741346, 0.01966487, 0.1582343, 531.7122, 3.337926, 2.551616, 47.41694
 
9.810129, -0.0004632915, -0.003147276, 240.6918, 0, 0.0005260923139296221364979598, 95804.32, -2464.729, -5.741346, 0.01966487, 0.1582343, 531.3465, 3.33807, 2.551616, 47.41694
 
9.820129, -0.0004853304, -0.003151909, 240.4341, 0, 0.0005279389029414725146538769, 95616.84, -2465.222, -5.741346, 0.01966487, 0.1582343, 530.9814, 3.338213, 2.551616, 47.41694
 
9.83013, -0.0004462445, -0.003156762, 240.1762, 0, 0.0005278615224082897746136115, 95429.75, -2465.711, -5.741346, 0.01966487, 0.1582343, 530.6166, 3.338356, 2.551616, 47.41694
 
9.84013, -0.0004256115, -0.003161225, 239.9189, 0, 0.0005283108654518460863519709, 95243.2, -2466.2, -5.741346, 0.01966487, 0.1582343, 530.2524, 3.338499, 2.551616, 47.41694
 
9.85013, -0.0004163717, -0.003165481, 239.6623, 0, 0.0005290928526912580729409913, 95057.21, -2466.69, -5.741346, 0.01966487, 0.1582343, 529.8889, 3.338642, 2.551616, 47.41694
 
9.86013, -0.0003173249, -0.003169644, 239.4057, 0, 0.0005269598128221691068305234, 94871.59, -2467.177, -5.741346, 0.01966487, 0.1582343, 529.5256, 3.338784, 2.551616, 47.41694
 
9.870131, -0.000266759, -0.003172818, 239.1497, 0, 0.0005262233899843335065127913, 94686.43, -2467.667, -5.741346, 0.01966487, 0.1582343, 529.1627, 3.338927, 2.551616, 47.41694
 
9.880131, -0.0002554061, -0.003175485, 238.8938, 0, 0.0005266695021065909511751276, 94501.73, -2468.152, -5.741346, 0.01966487, 0.1582343, 528.8004, 3.339068, 2.551616, 47.41694
 
9.890131, -0.0002548028, -0.003178039, 238.6387, 0, 0.0005274461001385047185589872, 94317.59, -2468.64, -5.741346, 0.01966487, 0.1582343, 528.4387, 3.33921, 2.551616, 47.41694
 
9.900131, -0.0001744487, -0.003180587, 238.3837, 0, 0.0005256283440627597114167771, 94133.86, -2469.126, -5.741346, 0.01966487, 0.1582343, 528.0773, 3.339352, 2.551616, 47.41694
 
9.910131, -0.0001347005, -0.003182332, 238.1294, 0, 0.0005249935141326916279569424, 93950.67, -2469.613, -5.741346, 0.01966487, 0.1582343, 527.7165, 3.339493, 2.551616, 47.41694
 
9.920132, -7.668964E-05, -0.003183679, 237.875, 0, 0.0005236936076693579914342380, 93767.86, -2470.096, -5.741346, 0.01966487, 0.1582343, 527.356, 3.339634, 2.551616, 47.41694
 
9.930132, -6.463229E-05, -0.003184446, 237.6221, 0, 0.0005237944025860922524332859, 93585.58, -2470.588, -5.741346, 0.01966487, 0.1582343, 526.9962, 3.339777, 2.551616, 47.41694
 
9.940132, -2.616807E-05, -0.003185092, 237.3689, 0, 0.0005230099137043956283967765, 93403.7, -2471.074, -5.741346, 0.01966487, 0.1582343, 526.6366, 3.339918, 2.551616, 47.41694
 
9.950132, -3.247714E-05, -0.003185354, 237.1158, 0, 0.0005236265951190044832713535, 93222.34, -2471.556, -5.741346, 0.01966487, 0.1582343, 526.2776, 3.340059, 2.551616, 47.41694
 
9.960133, -4.827238E-05, -0.003185679, 236.8632, 0, 0.0005245663420921101141046890, 93041.37, -2472.04, -5.741346, 0.01966487, 0.1582343, 525.9191, 3.340199, 2.551616, 47.41694
 
9.970133, -0.000105907, -0.003186161, 236.6109, 0, 0.0005269115417714864607074692, 92860.91, -2472.522, -5.741346, 0.01966487, 0.1582343, 525.561, 3.340338, 2.551616, 47.41694
 
9.980133, -0.0001434713, -0.003187221, 236.3591, 0, 0.0005286966308423466164577401, 92680.88, -2473.004, -5.741346, 0.01966487, 0.1582343, 525.2033, 3.340478, 2.551616, 47.41694
 
9.990133, -0.000211543, -0.003188655, 236.1075, 0, 0.0005315562205044635685936666, 92501.22, -2473.485, -5.741346, 0.01966487, 0.1582343, 524.8459, 3.340617, 2.551616, 47.41694
 
10.00013, -0.0002499597, -0.003190771, 235.8571, 0, 0.0005335544087312923981396206, 92322.09, -2473.974, -5.741346, 0.01966487, 0.1582343, 524.4892, 3.340759, 2.551616, 47.41694
 
10.01013, -0.0002692921, -0.00319327, 235.6064, 0, 0.0005349885449982907926673494, 92143.35, -2474.454, -5.741346, 0.01966487, 0.1582343, 524.1327, 3.340898, 2.551616, 47.41694
 
10.02013, -0.0003265777, -0.003195963, 235.356, 0, 0.0005377176744354426759028692, 91965.11, -2474.934, -5.741346, 0.01966487, 0.1582343, 523.7769, 3.341037, 2.551616, 47.41694
 
10.03013, -0.0003537086, -0.003199229, 235.106, 0, 0.0005395456956973488223324236, 91787.3, -2475.413, -5.741346, 0.01966487, 0.1582343, 523.4213, 3.341175, 2.551616, 47.41694
 
10.04013, -0.0003468802, -0.003202766, 234.8565, 0, 0.0005402904682771240543176244, 91609.96, -2475.892, -5.741346, 0.01966487, 0.1582343, 523.0663, 3.341314, 2.551616, 47.41694
 
10.05013, -0.000336426, -0.003206235, 234.6073, 0, 0.0005409029794270094579480124, 91433.03, -2476.371, -5.741346, 0.01966487, 0.1582343, 522.7117, 3.341452, 2.551616, 47.41694
 
10.06013, -0.0003821062, -0.003209599, 234.3591, 0, 0.0005433755262285956778956740, 91256.59, -2476.856, -5.741346, 0.01966487, 0.1582343, 522.3577, 3.341593, 2.551616, 47.41694
 
10.07014, -0.0004147878, -0.00321342, 234.1107, 0, 0.0005454943981856461471992032, 91080.55, -2477.334, -5.741346, 0.01966487, 0.1582343, 522.004, 3.34173, 2.551616, 47.41694
 
10.08014, -0.0003734486, -0.003217568, 233.8626, 0, 0.0005451870445187679870223217, 90905.03, -2477.81, -5.741346, 0.01966487, 0.1582343, 521.651, 3.341868, 2.551616, 47.41694
 
10.09014, -0.0003634962, -0.003221302, 233.6148, 0, 0.0005458633738332034312687951, 90729.88, -2478.286, -5.741346, 0.01966487, 0.1582343, 521.2982, 3.342005, 2.551616, 47.41694
 
10.10014, -0.0003760494, -0.003224937, 233.3682, 0, 0.0005472810287107194019723165, 90555.21, -2478.769, -5.741346, 0.01966487, 0.1582343, 520.946, 3.342145, 2.551616, 47.41694
 
10.11014, -0.0003097107, -0.003228698, 233.1213, 0, 0.0005460593863932753476417891, 90380.97, -2479.244, -5.741346, 0.01966487, 0.1582343, 520.5942, 3.342282, 2.551616, 47.41694
 
10.12014, -0.0002820384, -0.003231795, 232.8746, 0, 0.0005460284895620457042114071, 90207.07, -2479.719, -5.741346, 0.01966487, 0.1582343, 520.2427, 3.342419, 2.551616, 47.41694
 
10.13014, -0.000294224, -0.003234615, 232.6283, 0, 0.0005472981108058550054317349, 90033.7, -2480.193, -5.741346, 0.01966487, 0.1582343, 519.8917, 3.342556, 2.551616, 47.41694
 
10.14014, -0.0002818625, -0.003237557, 232.3831, 0, 0.0005477579896736092602008314, 89860.7, -2480.674, -5.741346, 0.01966487, 0.1582343, 519.5411, 3.342695, 2.551616, 47.41694
 
10.15014, -0.0002512533, -0.003240376, 232.1376, 0, 0.0005475762075485605371835487, 89688.19, -2481.147, -5.741346, 0.01966487, 0.1582343, 519.1912, 3.342831, 2.551616, 47.41694
 
10.16014, -0.0001949137, -0.003242888, 231.8925, 0, 0.0005464647595031428862914912, 89516.09, -2481.621, -5.741346, 0.01966487, 0.1582343, 518.8414, 3.342968, 2.551616, 47.41694
 
10.17014, -0.0001730827, -0.003244838, 231.6484, 0, 0.0005464305494652977498517609, 89344.35, -2482.1, -5.741346, 0.01966487, 0.1582343, 518.4921, 3.343106, 2.551616, 47.41694
 
10.18014, -0.0001939112, -0.003246568, 231.404, 0, 0.0005478146731268184087583163, 89173.12, -2482.572, -5.741346, 0.01966487, 0.1582343, 518.1433, 3.343241, 2.551616, 47.41694
 
10.19014, -0.000202778, -0.003248507, 231.1597, 0, 0.0005488274720451596726278484, 89002.23, -2483.042, -5.741346, 0.01966487, 0.1582343, 517.7949, 3.343377, 2.551616, 47.41694
 
10.20014, -0.0001695236, -0.003250535, 230.9169, 0, 0.0005484125814023655268602536, 88831.85, -2483.522, -5.741346, 0.01966487, 0.1582343, 517.447, 3.343514, 2.551616, 47.41694
 
10.21014, -0.000127012, -0.00325223, 230.6735, 0, 0.0005476210429020783966064291, 88661.86, -2483.992, -5.741346, 0.01966487, 0.1582343, 517.0995, 3.34365, 2.551616, 47.41694
 
10.22014, -0.0001180905, -0.0032535, 230.4305, 0, 0.0005479091540200038971929587, 88492.23, -2484.462, -5.741346, 0.01966487, 0.1582343, 516.7523, 3.343785, 2.551616, 47.41694
 
10.23014, -0.0001443526, -0.003254681, 230.1886, 0, 0.0005493940764212729191458673, 88323.09, -2484.938, -5.741346, 0.01966487, 0.1582343, 516.4056, 3.343922, 2.551616, 47.41694
 
10.24014, -0.0001483849, -0.003256125, 229.9464, 0, 0.0005501592224392623663115704, 88154.35, -2485.407, -5.741346, 0.01966487, 0.1582343, 516.0593, 3.344056, 2.551616, 47.41694
 
10.25014, -0.0001933435, -0.003257609, 229.7044, 0, 0.0005523469129112820462658068, 87986.05, -2485.875, -5.741346, 0.01966487, 0.1582343, 515.7137, 3.34419, 2.551616, 47.41694
 
10.26014, -0.0002249277, -0.003259542, 229.4637, 0, 0.0005541529093898994612890432, 87818.15, -2486.351, -5.741346, 0.01966487, 0.1582343, 515.3683, 3.344327, 2.551616, 47.41694
 
10.27014, -0.0002135742, -0.003261792, 229.2223, 0, 0.0005545258616888900248624902, 87650.63, -2486.817, -5.741346, 0.01966487, 0.1582343, 515.0233, 3.34446, 2.551616, 47.41694
 
10.28014, -0.0002404656, -0.003263927, 228.9816, 0, 0.0005562087303764439997924423, 87483.58, -2487.284, -5.741346, 0.01966487, 0.1582343, 514.6788, 3.344594, 2.551616, 47.41694
 
10.29014, -0.0002516657, -0.003266332, 228.7418, 0, 0.0005573943268658381631091195, 87316.89, -2487.758, -5.741346, 0.01966487, 0.1582343, 514.3347, 3.34473, 2.551616, 47.41694
 
10.30014, -0.0002900176, -0.003268849, 228.5017, 0, 0.0005595477008672447400040758, 87150.58, -2488.224, -5.741346, 0.01966487, 0.1582343, 513.9908, 3.344863, 2.551616, 47.41694
 
10.31014, -0.0003705714, -0.003271749, 228.262, 0, 0.0005632455044844487652809540, 86984.73, -2488.69, -5.741346, 0.01966487, 0.1582343, 513.6476, 3.344996, 2.551616, 47.41694
 
10.32014, -0.0003507192, -0.003275455, 228.0231, 0, 0.0005635749390680525814921499, 86819.26, -2489.162, -5.741346, 0.01966487, 0.1582343, 513.3047, 3.345132, 2.551616, 47.41694
 
10.33014, -0.0003824002, -0.003278962, 227.7841, 0, 0.0005656766629926792684754223, 86654.17, -2489.627, -5.741346, 0.01966487, 0.1582343, 512.9621, 3.345265, 2.551616, 47.41694
 
10.34014, -0.0004433747, -0.003282786, 227.5461, 0, 0.0005688653110414952643278815, 86489.56, -2490.098, -5.741346, 0.01966487, 0.1582343, 512.6201, 3.345399, 2.551616, 47.41694
 
10.35014, -0.0004085258, -0.003287219, 227.3078, 0, 0.0005687936164773524046672866, 86325.27, -2490.563, -5.741346, 0.01966487, 0.1582343, 512.2784, 3.345532, 2.551616, 47.41694
 
10.36014, -0.0003866592, -0.003291305, 227.0705, 0, 0.0005691174516873442643946687, 86161.48, -2491.032, -5.741346, 0.01966487, 0.1582343, 511.9374, 3.345666, 2.551616, 47.41694
 
10.37014, -0.0003741049, -0.003295171, 226.8327, 0, 0.0005697316634280100173468897, 85998.05, -2491.494, -5.741346, 0.01966487, 0.1582343, 511.5966, 3.345798, 2.551616, 47.41694
 
10.38014, -0.0003083969, -0.003298912, 226.5955, 0, 0.0005684441250669014754869583, 85834.98, -2491.957, -5.741346, 0.01966487, 0.1582343, 511.2562, 3.345931, 2.551616, 47.41694
 
10.39014, -0.0002799302, -0.003301997, 226.3592, 0, 0.0005683582344419763482662168, 85672.28, -2492.427, -5.741346, 0.01966487, 0.1582343, 510.916, 3.346065, 2.551616, 47.41694
 
10.40014, -0.0002835398, -0.003304796, 226.1226, 0, 0.0005693594297410461526733979, 85510.06, -2492.888, -5.741346, 0.01966487, 0.1582343, 510.5765, 3.346196, 2.551616, 47.41694
 
10.41014, -0.000265819, -0.003307631, 225.8869, 0, 0.0005696097581130267801699101, 85348.17, -2493.356, -5.741346, 0.01966487, 0.1582343, 510.2373, 3.34633, 2.551616, 47.41694
 
10.42014, -0.0002182191, -0.003310289, 225.651, 0, 0.0005687647181926339209507197, 85186.64, -2493.817, -5.741346, 0.01966487, 0.1582343, 509.8984, 3.346462, 2.551616, 47.41694
 
10.43014, -0.0002197047, -0.003312472, 225.4161, 0, 0.0005695847187327192377046797, 85025.59, -2494.283, -5.741346, 0.01966487, 0.1582343, 509.5602, 3.346595, 2.551616, 47.41694
 
10.44014, -0.0001935167, -0.003314669, 225.181, 0, 0.0005694190815216365699704687, 84864.91, -2494.743, -5.741346, 0.01966487, 0.1582343, 509.2222, 3.346726, 2.551616, 47.41694
 
10.45014, -0.0002022855, -0.003316604, 224.9467, 0, 0.0005704577744409132572178663, 84704.58, -2495.21, -5.741346, 0.01966487, 0.1582343, 508.8845, 3.346859, 2.551616, 47.41694
 
10.46014, -0.0002474476, -0.003318626, 224.7123, 0, 0.0005728182443797418061766540, 84544.7, -2495.669, -5.741346, 0.01966487, 0.1582343, 508.5475, 3.346989, 2.551616, 47.41694
 
10.47014, -0.0002433009, -0.003321101, 224.4788, 0, 0.0005734901132421641337669843, 84385.17, -2496.135, -5.741346, 0.01966487, 0.1582343, 508.2107, 3.347122, 2.551616, 47.41694
 
10.48014, -0.0002055883, -0.003323534, 224.2448, 0, 0.0005729473030937540437408439, 84226, -2496.592, -5.741346, 0.01966487, 0.1582343, 507.8743, 3.347252, 2.551616, 47.41694
 
10.49014, -0.0002096622, -0.00332559, 224.012, 0, 0.0005738426037245550317056996, 84067.28, -2497.056, -5.741346, 0.01966487, 0.1582343, 507.5385, 3.347384, 2.551616, 47.41694
 
10.50014, -0.000185836, -0.003327687, 223.7789, 0, 0.0005737384860665890304636063, 83908.91, -2497.514, -5.741346, 0.01966487, 0.1582343, 507.2029, 3.347514, 2.551616, 47.41694
 
10.51015, -0.0002093988, -0.003329545, 223.5467, 0, 0.0005753053070863433660333981, 83750.91, -2497.977, -5.741346, 0.01966487, 0.1582343, 506.8678, 3.347646, 2.551616, 47.41694
 
10.52015, -0.0002554807, -0.003331639, 223.3143, 0, 0.0005777316161561999448549899, 83593.34, -2498.433, -5.741346, 0.01966487, 0.1582343, 506.5332, 3.347775, 2.551616, 47.41694
 
10.53015, -0.0002176293, -0.003334194, 223.0828, 0, 0.0005771967323084157226469276, 83436.15, -2498.896, -5.741346, 0.01966487, 0.1582343, 506.1989, 3.347907, 2.551616, 47.41694
 
10.54015, -0.0002180582, -0.00333637, 222.851, 0, 0.0005779851835297600636014453, 83279.27, -2499.352, -5.741346, 0.01966487, 0.1582343, 505.8649, 3.348036, 2.551616, 47.41694
 
10.55015, -0.0002227384, -0.003338551, 222.6202, 0, 0.0005789298694481234741060317, 83122.77, -2499.813, -5.741346, 0.01966487, 0.1582343, 505.5313, 3.348167, 2.551616, 47.41694
 
10.56015, -0.0002571263, -0.003340778, 222.3891, 0, 0.0005809672097847506546952684, 82966.72, -2500.268, -5.741346, 0.01966487, 0.1582343, 505.1982, 3.348296, 2.551616, 47.41694
 
10.57015, -0.0002780527, -0.00334335, 222.159, 0, 0.0005825764274990425376450987, 82811.01, -2500.729, -5.741346, 0.01966487, 0.1582343, 504.8655, 3.348426, 2.551616, 47.41694
 
10.58015, -0.0002582562, -0.00334613, 221.9292, 0, 0.0005827342303556118943590345, 82655.64, -2501.19, -5.741346, 0.01966487, 0.1582343, 504.5331, 3.348557, 2.551616, 47.41694
 
10.59015, -0.0002852325, -0.003348713, 221.699, 0, 0.0005845718203278072073492189, 82500.62, -2501.643, -5.741346, 0.01966487, 0.1582343, 504.201, 3.348685, 2.551616, 47.41694
 
10.60015, -0.0003150773, -0.003351565, 221.47, 0, 0.0005865647753242212318081938, 82346.04, -2502.103, -5.741346, 0.01966487, 0.1582343, 503.8694, 3.348816, 2.551616, 47.41694
 
10.61015, -0.0003124314, -0.003354716, 221.2404, 0, 0.0005874179393067820375632644, 82191.8, -2502.555, -5.741346, 0.01966487, 0.1582343, 503.5382, 3.348943, 2.551616, 47.41694
 
10.62015, -0.0002895931, -0.00335784, 221.012, 0, 0.0005875229165234404498744911, 82037.93, -2503.014, -5.741346, 0.01966487, 0.1582343, 503.2074, 3.349074, 2.551616, 47.41694
 
10.63015, -0.0002975076, -0.003360736, 220.7839, 0, 0.0005887218497145273022586646, 81884.47, -2503.472, -5.741346, 0.01966487, 0.1582343, 502.8771, 3.349203, 2.551616, 47.41694
 
10.64015, -0.0002835649, -0.003363711, 220.5555, 0, 0.0005891280380527203676520154, 81731.38, -2503.923, -5.741346, 0.01966487, 0.1582343, 502.5471, 3.349331, 2.551616, 47.41694
 
10.65015, -0.0003093875, -0.003366547, 220.3279, 0, 0.0005909823985042201001620132, 81578.59, -2504.38, -5.741346, 0.01966487, 0.1582343, 502.2175, 3.34946, 2.551616, 47.41694
 
10.66015, -0.0003106234, -0.003369641, 220.1001, 0, 0.0005919727832859532232646536, 81426.18, -2504.83, -5.741346, 0.01966487, 0.1582343, 501.8882, 3.349587, 2.551616, 47.41694
 
10.67015, -0.000296722, -0.003372747, 219.8734, 0, 0.0005924035500723476753900840, 81274.2, -2505.287, -5.741346, 0.01966487, 0.1582343, 501.5594, 3.349716, 2.551616, 47.41694
 
10.68015, -0.000281053, -0.003375714, 219.647, 0, 0.0005927435931842984609766466, 81122.55, -2505.744, -5.741346, 0.01966487, 0.1582343, 501.231, 3.349845, 2.551616, 47.41694
 
10.69015, -0.0002954986, -0.003378524, 219.4202, 0, 0.0005941788534561231611527099, 80971.25, -2506.193, -5.741346, 0.01966487, 0.1582343, 500.9029, 3.349972, 2.551616, 47.41694
 
10.70015, -0.0002765359, -0.00338148, 219.1944, 0, 0.0005943935112487762301998780, 80820.27, -2506.648, -5.741346, 0.01966487, 0.1582343, 500.5751, 3.350101, 2.551616, 47.41694
 
10.71015, -0.0002624149, -0.003384245, 218.9689, 0, 0.0005947546370909436040301418, 80669.73, -2507.103, -5.741346, 0.01966487, 0.1582343, 500.2479, 3.350229, 2.551616, 47.41694
 
10.72015, -0.0002274191, -0.003386869, 218.7431, 0, 0.0005943074955483871905652124, 80519.52, -2507.551, -5.741346, 0.01966487, 0.1582343, 499.921, 3.350355, 2.551616, 47.41694
 
10.73015, -0.0002327915, -0.003389143, 218.5182, 0, 0.0005953123771720904134703989, 80369.64, -2508.005, -5.741346, 0.01966487, 0.1582343, 499.5945, 3.350484, 2.551616, 47.41694
 
10.74015, -0.0002670546, -0.003391471, 218.2937, 0, 0.0005974151077978688437690441, 80220.1, -2508.459, -5.741346, 0.01966487, 0.1582343, 499.2682, 3.350611, 2.551616, 47.41694
 
10.75015, -0.0002418697, -0.003394142, 218.0689, 0, 0.0005973419936560024824535142, 80070.88, -2508.906, -5.741346, 0.01966487, 0.1582343, 498.9422, 3.350737, 2.551616, 47.41694
 
10.76015, -0.0002533441, -0.00339656, 217.8451, 0, 0.0005986062304941038939509261, 79922.13, -2509.359, -5.741346, 0.01966487, 0.1582343, 498.6169, 3.350865, 2.551616, 47.41694
 
10.77015, -0.0002394506, -0.003399094, 217.6215, 0, 0.0005989330911422681013070076, 79773.67, -2509.812, -5.741346, 0.01966487, 0.1582343, 498.2919, 3.350992, 2.551616, 47.41694
 
10.78015, -0.0002710104, -0.003401488, 217.3976, 0, 0.0006009566800510636892094954, 79625.57, -2510.256, -5.741346, 0.01966487, 0.1582343, 497.9672, 3.351117, 2.551616, 47.41694
 
10.79015, -0.0003205416, -0.003404198, 217.1747, 0, 0.0006037219701311545196751053, 79477.77, -2510.708, -5.741346, 0.01966487, 0.1582343, 497.6428, 3.351244, 2.551616, 47.41694
 
10.80015, -0.0003196913, -0.003407404, 216.9522, 0, 0.0006046653133191299318224784, 79330.41, -2511.161, -5.741346, 0.01966487, 0.1582343, 497.3189, 3.351372, 2.551616, 47.41694
 
10.81015, -0.0002877484, -0.003410601, 216.7294, 0, 0.0006044241509124524983194614, 79183.4, -2511.604, -5.741346, 0.01966487, 0.1582343, 496.9955, 3.351496, 2.551616, 47.41694
 
10.82015, -0.0003050287, -0.003413478, 216.5074, 0, 0.0006060016253084746280473677, 79036.67, -2512.055, -5.741346, 0.01966487, 0.1582343, 496.6723, 3.351623, 2.551616, 47.41694
 
10.83015, -0.0003345228, -0.003416529, 216.2858, 0, 0.0006080786301932620916674070, 78890.3, -2512.506, -5.741346, 0.01966487, 0.1582343, 496.3494, 3.35175, 2.551616, 47.41694
 
10.84015, -0.0003274176, -0.003419874, 216.0645, 0, 0.0006088114610017212541037548, 78744.25, -2512.955, -5.741346, 0.01966487, 0.1582343, 496.0269, 3.351876, 2.551616, 47.41694
 
10.85015, -0.000333689, -0.003423148, 215.8428, 0, 0.0006100443757867258306372655, 78598.52, -2513.398, -5.741346, 0.01966487, 0.1582343, 495.7046, 3.352, 2.551616, 47.41694
 
10.86015, -0.0003495273, -0.003426485, 215.6222, 0, 0.0006116571333576092388101339, 78453.21, -2513.847, -5.741346, 0.01966487, 0.1582343, 495.383, 3.352126, 2.551616, 47.41694
 
10.87015, -0.0002854026, -0.00342998, 215.4018, 0, 0.0006102252680356859067840342, 78308.23, -2514.296, -5.741346, 0.01966487, 0.1582343, 495.0616, 3.352252, 2.551616, 47.41694
 
10.88015, -0.0002592302, -0.003432834, 215.1818, 0, 0.0006101359540168644576219910, 78163.56, -2514.745, -5.741346, 0.01966487, 0.1582343, 494.7406, 3.352378, 2.551616, 47.41694
 
10.89015, -0.0002565681, -0.003435427, 214.9614, 0, 0.0006109057546549919658382679, 78019.22, -2515.185, -5.741346, 0.01966487, 0.1582343, 494.4199, 3.352502, 2.551616, 47.41694
 
10.90015, -0.0002638007, -0.003437992, 214.7421, 0, 0.0006120539329407137781808781, 77875.2, -2515.634, -5.741346, 0.01966487, 0.1582343, 494.0995, 3.352627, 2.551616, 47.41694
 
10.91015, -0.000248351, -0.00344063, 214.523, 0, 0.0006123376442541630390131933, 77731.59, -2516.081, -5.741346, 0.01966487, 0.1582343, 493.7797, 3.352753, 2.551616, 47.41694
 
10.92015, -0.0002055666, -0.003443114, 214.3042, 0, 0.0006115327021097508158460574, 77588.29, -2516.528, -5.741346, 0.01966487, 0.1582343, 493.4603, 3.352878, 2.551616, 47.41694
 
10.93015, -0.000199494, -0.00344517, 214.0852, 0, 0.0006120742640470242619713756, 77445.34, -2516.967, -5.741346, 0.01966487, 0.1582343, 493.1411, 3.353001, 2.551616, 47.41694
 
10.94016, -0.0001970717, -0.003447165, 213.867, 0, 0.0006127473513108548131545793, 77302.69, -2517.413, -5.741346, 0.01966487, 0.1582343, 492.8222, 3.353126, 2.551616, 47.41694
 
10.95016, -0.0002168136, -0.003449135, 213.6491, 0, 0.0006142804131849168262683570, 77160.34, -2517.859, -5.741346, 0.01966487, 0.1582343, 492.5037, 3.353251, 2.551616, 47.41694
 
10.96016, -0.0002515009, -0.003451303, 213.4317, 0, 0.0006164344080484412248157428, 77018.45, -2518.304, -5.741346, 0.01966487, 0.1582343, 492.1857, 3.353375, 2.551616, 47.41694
 
10.97016, -0.0001966788, -0.003453818, 213.2145, 0, 0.0006151536658003118013652489, 76876.83, -2518.75, -5.741346, 0.01966487, 0.1582343, 491.8681, 3.3535, 2.551616, 47.41694
 
10.98016, -0.0001882028, -0.003455785, 212.9971, 0, 0.0006155860103369556829350143, 76735.55, -2519.188, -5.741346, 0.01966487, 0.1582343, 491.5508, 3.353622, 2.551616, 47.41694
 
10.99016, -0.0001957634, -0.003457667, 212.7805, 0, 0.0006166321997426511565635836, 76594.56, -2519.632, -5.741346, 0.01966487, 0.1582343, 491.2338, 3.353746, 2.551616, 47.41694
 
11.00016, -0.0002187068, -0.003459625, 212.5642, 0, 0.0006182980644969623802489242, 76453.91, -2520.076, -5.741346, 0.01966487, 0.1582343, 490.9171, 3.35387, 2.551616, 47.41694
 
11.01016, -0.0002686357, -0.003461812, 212.3481, 0, 0.0006210709241313637577799608, 76313.55, -2520.52, -5.741346, 0.01966487, 0.1582343, 490.6007, 3.353994, 2.551616, 47.41694
 
11.02016, -0.0002508367, -0.003464498, 212.1326, 0, 0.0006212671495571763237151059, 76173.61, -2520.963, -5.741346, 0.01966487, 0.1582343, 490.2849, 3.354118, 2.551616, 47.41694
 
11.03016, -0.0002212096, -0.003467006, 211.9166, 0, 0.0006209626905880472409713783, 76033.97, -2521.397, -5.741346, 0.01966487, 0.1582343, 489.9694, 3.354239, 2.551616, 47.41694
 
11.04016, -0.0002301708, -0.003469218, 211.7016, 0, 0.0006221303326523188255302747, 75894.66, -2521.84, -5.741346, 0.01966487, 0.1582343, 489.6543, 3.354362, 2.551616, 47.41694
 
11.05016, -0.0002325529, -0.00347152, 211.4869, 0, 0.0006230550264904824504345943, 75755.65, -2522.283, -5.741346, 0.01966487, 0.1582343, 489.3394, 3.354486, 2.551616, 47.41694
 
11.06016, -0.00026888, -0.003473846, 211.2723, 0, 0.0006253328325088334749466630, 75616.92, -2522.724, -5.741346, 0.01966487, 0.1582343, 489.0249, 3.354609, 2.551616, 47.41694
 
11.07016, -0.0002754978, -0.003476535, 211.0583, 0, 0.0006264987716648117789548981, 75478.55, -2523.166, -5.741346, 0.01966487, 0.1582343, 488.7106, 3.354732, 2.551616, 47.41694
 
11.08016, -0.0002818542, -0.00347929, 210.8445, 0, 0.0006276675299669616928959079, 75340.46, -2523.607, -5.741346, 0.01966487, 0.1582343, 488.3967, 3.354855, 2.551616, 47.41694
 
11.09016, -0.0003249128, -0.003482108, 210.6309, 0, 0.0006303144984434334246707181, 75202.69, -2524.048, -5.741346, 0.01966487, 0.1582343, 488.0831, 3.354977, 2.551616, 47.41694
 
11.10016, -0.0003874867, -0.003485357, 210.4172, 0, 0.0006338240591088548400927590, 75065.31, -2524.481, -5.741346, 0.01966487, 0.1582343, 487.7701, 3.355097, 2.551616, 47.41694
 
11.11016, -0.000354307, -0.003489232, 210.2042, 0, 0.0006336194787495329296138322, 74928.21, -2524.921, -5.741346, 0.01966487, 0.1582343, 487.4574, 3.35522, 2.551616, 47.41694
 
11.12016, -0.0003440832, -0.003492775, 209.9917, 0, 0.0006342734503586491214924169, 74791.45, -2525.361, -5.741346, 0.01966487, 0.1582343, 487.145, 3.355342, 2.551616, 47.41694
 
11.13016, -0.0003280579, -0.003496216, 209.7793, 0, 0.0006346752610260587730841482, 74654.98, -2525.8, -5.741346, 0.01966487, 0.1582343, 486.8329, 3.355464, 2.551616, 47.41694
 
11.14016, -0.0003557194, -0.003499496, 209.5674, 0, 0.0006368064236273377272376986, 74518.83, -2526.24, -5.741346, 0.01966487, 0.1582343, 486.5211, 3.355586, 2.551616, 47.41694
 
11.15016, -0.0003267859, -0.003503054, 209.3557, 0, 0.0006367094800986068662067812, 74382.97, -2526.678, -5.741346, 0.01966487, 0.1582343, 486.2097, 3.355708, 2.551616, 47.41694
 
11.16016, -0.000323686, -0.003506321, 209.1443, 0, 0.0006376014587397922949780974, 74247.41, -2527.117, -5.741346, 0.01966487, 0.1582343, 485.8985, 3.35583, 2.551616, 47.41694
 
11.17016, -0.0003603717, -0.003509558, 208.9332, 0, 0.0006400979182180732784837913, 74112.16, -2527.555, -5.741346, 0.01966487, 0.1582343, 485.5877, 3.355952, 2.551616, 47.41694
 
11.18016, -0.0003648343, -0.003513162, 208.7217, 0, 0.0006413593174090181281113570, 73977.3, -2527.984, -5.741346, 0.01966487, 0.1582343, 485.2775, 3.356071, 2.551616, 47.41694
 
11.19016, -0.0003132728, -0.00351681, 208.5113, 0, 0.0006403567754963430089777269, 73842.73, -2528.422, -5.741346, 0.01966487, 0.1582343, 484.9675, 3.356193, 2.551616, 47.41694
 
11.20016, -0.0003067574, -0.003519943, 208.3011, 0, 0.0006410873140988769967203755, 73708.48, -2528.859, -5.741346, 0.01966487, 0.1582343, 484.6579, 3.356314, 2.551616, 47.41694
 
11.21016, -0.0002941571, -0.003523011, 208.0911, 0, 0.0006415585546020074117465317, 73574.51, -2529.294, -5.741346, 0.01966487, 0.1582343, 484.3486, 3.356435, 2.551616, 47.41694
 
11.22016, -0.0002517344, -0.003525952, 207.8816, 0, 0.0006407901522063159052245207, 73440.84, -2529.731, -5.741346, 0.01966487, 0.1582343, 484.0396, 3.356556, 2.551616, 47.41694
 
11.23016, -0.0002140299, -0.00352847, 207.6723, 0, 0.0006401333604761819461145278, 73307.48, -2530.167, -5.741346, 0.01966487, 0.1582343, 483.7309, 3.356677, 2.551616, 47.41694
 
11.24016, -0.0002114003, -0.00353061, 207.4632, 0, 0.0006408406718045945022056540, 73174.4, -2530.602, -5.741346, 0.01966487, 0.1582343, 483.4225, 3.356797, 2.551616, 47.41694
 
11.25016, -0.0002116155, -0.003532724, 207.2544, 0, 0.0006416596628777830134396107, 73041.63, -2531.037, -5.741346, 0.01966487, 0.1582343, 483.1145, 3.356918, 2.551616, 47.41694
 
11.26016, -0.000238929, -0.00353484, 207.0461, 0, 0.0006435929063507219266330814, 72909.14, -2531.473, -5.741346, 0.01966487, 0.1582343, 482.8067, 3.357038, 2.551616, 47.41694
 
11.27016, -0.0002439248, -0.00353723, 206.8378, 0, 0.0006446615157333910181124906, 72776.95, -2531.907, -5.741346, 0.01966487, 0.1582343, 482.4993, 3.357158, 2.551616, 47.41694
 
11.28016, -0.0002484487, -0.003539669, 206.63, 0, 0.0006457204566756839887342324, 72645.15, -2532.342, -5.741346, 0.01966487, 0.1582343, 482.1924, 3.357279, 2.551616, 47.41694
 
11.29016, -0.000233463, -0.003542153, 206.4226, 0, 0.0006459840099377075696566247, 72513.64, -2532.776, -5.741346, 0.01966487, 0.1582343, 481.8859, 3.357399, 2.551616, 47.41694
 
11.30016, -0.0002158533, -0.003544488, 206.2153, 0, 0.0006461108216714606861946772, 72382.42, -2533.209, -5.741346, 0.01966487, 0.1582343, 481.5797, 3.357518, 2.551616, 47.41694
 
11.31016, -0.0002379747, -0.003546647, 206.0085, 0, 0.0006478493628241897652561448, 72251.5, -2533.644, -5.741346, 0.01966487, 0.1582343, 481.2738, 3.357638, 2.551616, 47.41694
 
11.32016, -0.0001911434, -0.003549026, 205.8019, 0, 0.0006467716591032660516553396, 72120.86, -2534.077, -5.741346, 0.01966487, 0.1582343, 480.9682, 3.357758, 2.551616, 47.41694
 
11.33016, -0.0001884923, -0.003550938, 205.5954, 0, 0.0006474389459933294226398080, 71990.52, -2534.509, -5.741346, 0.01966487, 0.1582343, 480.6629, 3.357877, 2.551616, 47.41694
 
11.34016, -0.0002066282, -0.003552823, 205.3894, 0, 0.0006489668960597995617629521, 71860.46, -2534.942, -5.741346, 0.01966487, 0.1582343, 480.3579, 3.357997, 2.551616, 47.41694
 
11.35016, -0.0002387069, -0.003554889, 205.1828, 0, 0.0006511117883231629710977356, 71730.7, -2535.365, -5.741346, 0.01966487, 0.1582343, 480.0532, 3.358114, 2.551616, 47.41694
 
11.36016, -0.000289914, -0.003557276, 204.9773, 0, 0.0006541183112476954599903357, 71601.22, -2535.796, -5.741346, 0.01966487, 0.1582343, 479.7488, 3.358232, 2.551616, 47.41694
 
11.37016, -0.0002864092, -0.003560175, 204.772, 0, 0.0006549371210221490688287515, 71472.03, -2536.228, -5.741346, 0.01966487, 0.1582343, 479.4448, 3.358351, 2.551616, 47.41694
 
11.38017, -0.0003081261, -0.003563039, 204.5671, 0, 0.0006568062554087960175685002, 71343.13, -2536.659, -5.741346, 0.01966487, 0.1582343, 479.1411, 3.35847, 2.551616, 47.41694
 
11.39017, -0.0003344861, -0.003566121, 204.3624, 0, 0.0006589139615602956132207803, 71214.52, -2537.09, -5.741346, 0.01966487, 0.1582343, 478.8376, 3.358589, 2.551616, 47.41694
 
11.40017, -0.0003891547, -0.003569466, 204.1581, 0, 0.0006622634695262684510886649, 71086.2, -2537.521, -5.741346, 0.01966487, 0.1582343, 478.5345, 3.358707, 2.551616, 47.41694
 
11.41017, -0.0003846931, -0.003573357, 203.9539, 0, 0.0006632309045509719935161544, 70958.16, -2537.951, -5.741346, 0.01966487, 0.1582343, 478.2317, 3.358826, 2.551616, 47.41694
 
11.42017, -0.0004114613, -0.003577204, 203.7501, 0, 0.0006655078481496260639317211, 70830.4, -2538.38, -5.741346, 0.01966487, 0.1582343, 477.9291, 3.358944, 2.551616, 47.41694
 
11.43017, -0.000441009, -0.003581319, 203.5474, 0, 0.0006679554993239140822577559, 70703.02, -2538.82, -5.741346, 0.01966487, 0.1582343, 477.6272, 3.359065, 2.551616, 47.41694
 
11.44017, -0.0003893065, -0.003585729, 203.3442, 0, 0.0006670239102959595549121638, 70575.91, -2539.248, -5.741346, 0.01966487, 0.1582343, 477.3256, 3.359183, 2.551616, 47.41694
 
11.45017, -0.0003393392, -0.003589622, 203.1413, 0, 0.0006660662143384152641459248, 70449.1, -2539.677, -5.741346, 0.01966487, 0.1582343, 477.0244, 3.359301, 2.551616, 47.41694
 
11.46017, -0.0003269381, -0.003593015, 202.9387, 0, 0.0006666063962551996802032653, 70322.56, -2540.105, -5.741346, 0.01966487, 0.1582343, 476.7234, 3.359419, 2.551616, 47.41694
 
11.47017, -0.0002587878, -0.003596285, 202.7363, 0, 0.0006647527227310700673090438, 70196.32, -2540.533, -5.741346, 0.01966487, 0.1582343, 476.4227, 3.359536, 2.551616, 47.41694
 
11.48017, -0.0002183857, -0.003598873, 202.5343, 0, 0.0006639482808453701983616311, 70070.35, -2540.96, -5.741346, 0.01966487, 0.1582343, 476.1223, 3.359654, 2.551616, 47.41694
 
11.49017, -0.0001897131, -0.003601057, 202.3325, 0, 0.0006635658324634611711644552, 69944.66, -2541.388, -5.741346, 0.01966487, 0.1582343, 475.8223, 3.359772, 2.551616, 47.41694
 
11.50017, -0.0001869388, -0.003602954, 202.131, 0, 0.0006642342665095779567124773, 69819.25, -2541.815, -5.741346, 0.01966487, 0.1582343, 475.5225, 3.359889, 2.551616, 47.41694
 
11.51017, -0.0001880658, -0.003604823, 201.9298, 0, 0.0006650648843998511819539217, 69694.13, -2542.242, -5.741346, 0.01966487, 0.1582343, 475.2231, 3.360006, 2.551616, 47.41694
 
11.52017, -0.0002152649, -0.003606704, 201.7287, 0, 0.0006670162594366312477200056, 69569.24, -2542.668, -5.741346, 0.01966487, 0.1582343, 474.924, 3.360123, 2.551616, 47.41694
 
11.53017, -0.0001837068, -0.003608856, 201.5282, 0, 0.0006664984707920108351267098, 69444.67, -2543.095, -5.741346, 0.01966487, 0.1582343, 474.6252, 3.36024, 2.551616, 47.41694
 
11.54017, -0.0001885595, -0.003610693, 201.3277, 0, 0.0006674852652018487008328346, 69320.38, -2543.521, -5.741346, 0.01966487, 0.1582343, 474.3266, 3.360357, 2.551616, 47.41694
 
11.55017, -0.0001939384, -0.003612579, 201.1277, 0, 0.0006685050565062563333579555, 69196.37, -2543.947, -5.741346, 0.01966487, 0.1582343, 474.0284, 3.360474, 2.551616, 47.41694
 
11.56017, -0.000227595, -0.003614519, 200.9278, 0, 0.0006707563619806299015380835, 69072.59, -2544.373, -5.741346, 0.01966487, 0.1582343, 473.7306, 3.36059, 2.551616, 47.41694
 
11.57017, -0.0002634167, -0.003616794, 200.7282, 0, 0.0006731679964555906294086042, 68949.13, -2544.797, -5.741346, 0.01966487, 0.1582343, 473.433, 3.360707, 2.551616, 47.41694
 
11.58017, -0.0002626668, -0.003619429, 200.529, 0, 0.0006740678362793373615452551, 68825.95, -2545.223, -5.741346, 0.01966487, 0.1582343, 473.1357, 3.360823, 2.551616, 47.41694
 
11.59017, -0.0002716493, -0.003622055, 200.3299, 0, 0.0006753889257739264794198881, 68703.01, -2545.647, -5.741346, 0.01966487, 0.1582343, 472.8387, 3.360939, 2.551616, 47.41694
 
11.60017, -0.0002778018, -0.003624772, 200.1312, 0, 0.0006766055074646208476617343, 68580.37, -2546.071, -5.741346, 0.01966487, 0.1582343, 472.5421, 3.361055, 2.551616, 47.41694
 
11.61017, -0.0003139224, -0.00362755, 199.9335, 0, 0.0006791393017358597869354043, 68458, -2546.505, -5.741346, 0.01966487, 0.1582343, 472.2457, 3.361174, 2.551616, 47.41694
 
11.62017, -0.0003475587, -0.003630689, 199.7352, 0, 0.0006816369586507024627380450, 68335.88, -2546.927, -5.741346, 0.01966487, 0.1582343, 471.9497, 3.361289, 2.551616, 47.41694
 
11.63017, -0.0003538172, -0.003634165, 199.5374, 0, 0.0006830069354754621772927871, 68214.06, -2547.351, -5.741346, 0.01966487, 0.1582343, 471.6539, 3.361405, 2.551616, 47.41694
 
11.64017, -0.0003649522, -0.003637703, 199.3397, 0, 0.0006846033903550774263798132, 68092.49, -2547.775, -5.741346, 0.01966487, 0.1582343, 471.3585, 3.361521, 2.551616, 47.41694
 
11.65017, -0.0003996373, -0.003641352, 199.1424, 0, 0.0006872545890159097331219344, 67971.21, -2548.198, -5.741346, 0.01966487, 0.1582343, 471.0634, 3.361636, 2.551616, 47.41694
 
11.66017, -0.0003776545, -0.003645349, 198.9452, 0, 0.0006874896560164189164489351, 67850.18, -2548.62, -5.741346, 0.01966487, 0.1582343, 470.7686, 3.361752, 2.551616, 47.41694
 
11.67017, -0.0003910931, -0.003649125, 198.7484, 0, 0.0006892382921552442321270356, 67729.42, -2549.042, -5.741346, 0.01966487, 0.1582343, 470.4741, 3.361867, 2.551616, 47.41694
 
11.68017, -0.0004029997, -0.003653036, 198.5519, 0, 0.0006909475169951806096817345, 67608.95, -2549.464, -5.741346, 0.01966487, 0.1582343, 470.1799, 3.361982, 2.551616, 47.41694
 
11.69017, -0.0003578229, -0.003657066, 198.3556, 0, 0.0006901648205696015121087988, 67488.73, -2549.886, -5.741346, 0.01966487, 0.1582343, 469.886, 3.362098, 2.551616, 47.41694
 
11.70017, -0.0003505596, -0.003660644, 198.1596, 0, 0.0006909679607865137685792796, 67368.78, -2550.308, -5.741346, 0.01966487, 0.1582343, 469.5924, 3.362212, 2.551616, 47.41694
 
11.71017, -0.0003410295, -0.00366415, 197.9644, 0, 0.0006916569518267874403710019, 67249.09, -2550.736, -5.741346, 0.01966487, 0.1582343, 469.2992, 3.362329, 2.551616, 47.41694
 
11.72017, -0.0003035871, -0.00366756, 197.769, 0, 0.0006910913288541472990885551, 67129.68, -2551.158, -5.741346, 0.01966487, 0.1582343, 469.0062, 3.362445, 2.551616, 47.41694
 
11.73017, -0.0002651771, -0.003670596, 197.5739, 0, 0.0006904091654231557645262821, 67010.55, -2551.578, -5.741346, 0.01966487, 0.1582343, 468.7136, 3.362559, 2.551616, 47.41694
 
11.74017, -0.0002686079, -0.003673248, 197.3789, 0, 0.0006915111295889927236920031, 66891.66, -2551.999, -5.741346, 0.01966487, 0.1582343, 468.4212, 3.362674, 2.551616, 47.41694
 
11.75017, -0.0002648628, -0.003675934, 197.1843, 0, 0.0006923010966681468050995573, 66773.05, -2552.419, -5.741346, 0.01966487, 0.1582343, 468.1292, 3.362788, 2.551616, 47.41694
 
11.76017, -0.0002661988, -0.003678582, 196.99, 0, 0.0006933110487875722151456823, 66654.7, -2552.839, -5.741346, 0.01966487, 0.1582343, 467.8375, 3.362903, 2.551616, 47.41694
 
11.77017, -0.000242103, -0.003681244, 196.7965, 0, 0.0006931888266660716176810302, 66536.61, -2553.266, -5.741346, 0.01966487, 0.1582343, 467.5461, 3.363019, 2.551616, 47.41694
 
11.78017, -0.0002120084, -0.003683665, 196.6026, 0, 0.0006927503438444433250942823, 66418.76, -2553.686, -5.741346, 0.01966487, 0.1582343, 467.2549, 3.363133, 2.551616, 47.41694
 
11.79017, -0.0002187572, -0.003685785, 196.409, 0, 0.0006939031260627095974212429, 66301.2, -2554.105, -5.741346, 0.01966487, 0.1582343, 466.9641, 3.363247, 2.551616, 47.41694
 
11.80017, -0.0002180997, -0.003687973, 196.2158, 0, 0.0006947381437817557134753363, 66183.91, -2554.523, -5.741346, 0.01966487, 0.1582343, 466.6737, 3.363361, 2.551616, 47.41694
 
11.81017, -0.000231046, -0.003690154, 196.0228, 0, 0.0006961838353274237084424875, 66066.87, -2554.942, -5.741346, 0.01966487, 0.1582343, 466.3835, 3.363475, 2.551616, 47.41694
 
11.82018, -0.0002094883, -0.003692464, 195.83, 0, 0.0006961025419341575192704380, 65950.09, -2555.36, -5.741346, 0.01966487, 0.1582343, 466.0936, 3.363589, 2.551616, 47.41694
 
11.83018, -0.0001860952, -0.003694559, 195.6375, 0, 0.0006958956947198340066156029, 65833.55, -2555.779, -5.741346, 0.01966487, 0.1582343, 465.804, 3.363702, 2.551616, 47.41694
 
11.84018, -0.0001990227, -0.00369642, 195.446, 0, 0.0006972838721757981225435917, 65717.3, -2556.205, -5.741346, 0.01966487, 0.1582343, 465.5148, 3.363818, 2.551616, 47.41694
 
11.85018, -0.0002085783, -0.00369841, 195.254, 0, 0.0006985455978598010499249913, 65601.29, -2556.622, -5.741346, 0.01966487, 0.1582343, 465.2258, 3.363931, 2.551616, 47.41694
 
11.86018, -0.0002224458, -0.003700496, 195.0623, 0, 0.0007000223030196938527895746, 65485.56, -2557.039, -5.741346, 0.01966487, 0.1582343, 464.9372, 3.364044, 2.551616, 47.41694
 
11.87018, -0.0002063126, -0.003702721, 194.8709, 0, 0.0007001660361104831949724246, 65370.07, -2557.455, -5.741346, 0.01966487, 0.1582343, 464.6489, 3.364157, 2.551616, 47.41694
 
11.88018, -0.0001939758, -0.003704784, 194.6798, 0, 0.0007004503720748073385569547, 65254.85, -2557.872, -5.741346, 0.01966487, 0.1582343, 464.3608, 3.36427, 2.551616, 47.41694
 
11.89018, -0.0002053602, -0.003706723, 194.4895, 0, 0.0007017908302904488711977436, 65139.87, -2558.295, -5.741346, 0.01966487, 0.1582343, 464.0731, 3.364386, 2.551616, 47.41694
 
11.90018, -0.0002208928, -0.003708777, 194.2988, 0, 0.0007033446687211687554935409, 65025.06, -2558.712, -5.741346, 0.01966487, 0.1582343, 463.7854, 3.364498, 2.551616, 47.41694
 
11.91018, -0.00028041, -0.003710986, 194.1083, 0, 0.0007069403484714285662157932, 64910.52, -2559.128, -5.741346, 0.01966487, 0.1582343, 463.498, 3.364611, 2.551616, 47.41694
 
11.92018, -0.0003463276, -0.00371379, 193.9181, 0, 0.0007109498495921390743739879, 64796.22, -2559.543, -5.741346, 0.01966487, 0.1582343, 463.2109, 3.364723, 2.551616, 47.41694
 
11.93018, -0.0003802702, -0.003717253, 193.7282, 0, 0.0007136275114765676478093283, 64682.19, -2559.959, -5.741346, 0.01966487, 0.1582343, 462.9241, 3.364836, 2.551616, 47.41694
 
11.94018, -0.0004114146, -0.003721056, 193.5392, 0, 0.0007162469387157746302840821, 64568.4, -2560.383, -5.741346, 0.01966487, 0.1582343, 462.6376, 3.36495, 2.551616, 47.41694
 
11.95018, -0.0004642356, -0.00372517, 193.3499, 0, 0.0007199270566574301590079684, 64454.88, -2560.799, -5.741346, 0.01966487, 0.1582343, 462.3515, 3.365062, 2.551616, 47.41694
 
11.96018, -0.000471688, -0.003729813, 193.1608, 0, 0.0007216248694896156566813617, 64341.61, -2561.213, -5.741346, 0.01966487, 0.1582343, 462.0656, 3.365175, 2.551616, 47.41694
 
11.97018, -0.0004758449, -0.003734529, 192.9719, 0, 0.0007231873867394856132595039, 64228.59, -2561.628, -5.741346, 0.01966487, 0.1582343, 461.7801, 3.365287, 2.551616, 47.41694
 
11.98018, -0.0005043224, -0.003739288, 192.7834, 0, 0.0007258835673652614106715593, 64115.82, -2562.042, -5.741346, 0.01966487, 0.1582343, 461.4948, 3.365398, 2.551616, 47.41694
 
11.99018, -0.0004827025, -0.003744331, 192.5956, 0, 0.0007263198999300357865308617, 64003.29, -2562.464, -5.741346, 0.01966487, 0.1582343, 461.2099, 3.365512, 2.551616, 47.41694
 
12.00018, -0.0004649202, -0.003749158, 192.4076, 0, 0.0007268913939940027881855436, 63891.04, -2562.878, -5.741346, 0.01966487, 0.1582343, 460.9253, 3.365624, 2.551616, 47.41694
 
12.01018, -0.0004190588, -0.003753807, 192.2198, 0, 0.0007261237769809415065238639, 63779, -2563.291, -5.741346, 0.01966487, 0.1582343, 460.6409, 3.365736, 2.551616, 47.41694
 
12.02018, -0.0003796364, -0.003757998, 192.0323, 0, 0.0007255638680025252496880581, 63667.25, -2563.704, -5.741346, 0.01966487, 0.1582343, 460.3569, 3.365848, 2.551616, 47.41694
 
12.03018, -0.0003388298, -0.003761794, 191.8455, 0, 0.0007248605697782324719580687, 63555.72, -2564.124, -5.741346, 0.01966487, 0.1582343, 460.0732, 3.365962, 2.551616, 47.41694
 
12.04018, -0.0002769428, -0.003765182, 191.6586, 0, 0.0007230915001067789428778705, 63444.46, -2564.537, -5.741346, 0.01966487, 0.1582343, 459.7898, 3.366073, 2.551616, 47.41694
 
12.05018, -0.0002162117, -0.003767952, 191.4717, 0, 0.0007212514327981749312659082, 63333.36, -2564.949, -5.741346, 0.01966487, 0.1582343, 459.5064, 3.366185, 2.551616, 47.41694
 
12.06018, -0.0002080486, -0.003770114, 191.2851, 0, 0.0007217494824644057529007005, 63222.49, -2565.362, -5.741346, 0.01966487, 0.1582343, 459.2233, 3.366296, 2.551616, 47.41694
 
12.07018, -0.0002271388, -0.003772194, 191.0995, 0, 0.0007235100022027449864259993, 63111.88, -2565.782, -5.741346, 0.01966487, 0.1582343, 458.9406, 3.366409, 2.551616, 47.41694
 
12.08018, -0.0001944205, -0.003774466, 190.9135, 0, 0.0007228763236112901294243561, 63001.52, -2566.195, -5.741346, 0.01966487, 0.1582343, 458.6581, 3.366521, 2.551616, 47.41694
 
12.09018, -0.0001642652, -0.00377641, 190.7276, 0, 0.0007222969282329966612711113, 62891.4, -2566.606, -5.741346, 0.01966487, 0.1582343, 458.3759, 3.366632, 2.551616, 47.41694
 
12.10018, -0.0001595271, -0.003778053, 190.5422, 0, 0.0007228542419761247762092515, 62781.54, -2567.018, -5.741346, 0.01966487, 0.1582343, 458.0941, 3.366743, 2.551616, 47.41694
 
12.11018, -0.0001577146, -0.003779648, 190.3574, 0, 0.0007235403772706023358682022, 62671.89, -2567.436, -5.741346, 0.01966487, 0.1582343, 457.8125, 3.366855, 2.551616, 47.41694
 
12.12018, -0.0001528032, -0.003781225, 190.1725, 0, 0.0007240769461401559210021622, 62562.52, -2567.848, -5.741346, 0.01966487, 0.1582343, 457.5313, 3.366966, 2.551616, 47.41694
 
12.13018, -0.0001779729, -0.003782753, 189.9878, 0, 0.0007260282859131008535868749, 62453.38, -2568.259, -5.741346, 0.01966487, 0.1582343, 457.2504, 3.367077, 2.551616, 47.41694
 
12.14018, -0.0001988622, -0.003784533, 189.8033, 0, 0.0007278287213157536596324095, 62344.48, -2568.67, -5.741346, 0.01966487, 0.1582343, 456.9698, 3.367187, 2.551616, 47.41694
 
12.15018, -0.0001708553, -0.003786522, 189.6196, 0, 0.0007273497428084181908907516, 62235.84, -2569.087, -5.741346, 0.01966487, 0.1582343, 456.6895, 3.3673, 2.551616, 47.41694
 
12.16018, -0.0001721747, -0.00378823, 189.4356, 0, 0.0007282091593481965549953914, 62127.42, -2569.497, -5.741346, 0.01966487, 0.1582343, 456.4094, 3.36741, 2.551616, 47.41694
 
12.17018, -0.0001717734, -0.003789952, 189.2518, 0, 0.0007289903251959764834425617, 62019.16, -2569.907, -5.741346, 0.01966487, 0.1582343, 456.1295, 3.36752, 2.551616, 47.41694
 
12.18018, -0.0002149629, -0.00379167, 189.0689, 0, 0.0007318521981920185823370191, 61911.17, -2570.324, -5.741346, 0.01966487, 0.1582343, 455.8498, 3.367632, 2.551616, 47.41694
 
12.19018, -0.000264783, -0.00379382, 188.8857, 0, 0.0007351201383182225626520812, 61803.4, -2570.735, -5.741346, 0.01966487, 0.1582343, 455.5704, 3.367742, 2.551616, 47.41694
 
12.20018, -0.0003346616, -0.003796467, 188.7026, 0, 0.0007394516161455471034095662, 61695.87, -2571.143, -5.741346, 0.01966487, 0.1582343, 455.2913, 3.367851, 2.551616, 47.41694
 
12.21018, -0.0003496844, -0.003799814, 188.5199, 0, 0.0007412971609335879209947756, 61588.59, -2571.552, -5.741346, 0.01966487, 0.1582343, 455.0125, 3.367961, 2.551616, 47.41694
 
12.22018, -0.0003623592, -0.003803311, 188.3379, 0, 0.0007430615806708867823332065, 61481.54, -2571.968, -5.741346, 0.01966487, 0.1582343, 454.7341, 3.368073, 2.551616, 47.41694
 
12.23018, -0.0004066162, -0.003806934, 188.1557, 0, 0.0007463731909771818134655274, 61374.72, -2572.377, -5.741346, 0.01966487, 0.1582343, 454.4559, 3.368182, 2.551616, 47.41694
 
12.24018, -0.0003956572, -0.003811001, 187.9737, 0, 0.0007471156539836595608736317, 61268.15, -2572.785, -5.741346, 0.01966487, 0.1582343, 454.1781, 3.368292, 2.551616, 47.41694
 
12.25019, -0.0003892101, -0.003814957, 187.7924, 0, 0.0007480551524107494314082338, 61161.73, -2573.201, -5.741346, 0.01966487, 0.1582343, 453.9002, 3.368403, 2.551616, 47.41694
 
12.26019, -0.0004221009, -0.003818849, 187.611, 0, 0.0007508838821628421725554074, 61055.65, -2573.609, -5.741346, 0.01966487, 0.1582343, 453.623, 3.368513, 2.551616, 47.41694
 
12.27019, -0.0003891455, -0.00382307, 187.4296, 0, 0.0007505930505652107209918279, 60949.7, -2574.016, -5.741346, 0.01966487, 0.1582343, 453.3458, 3.368622, 2.551616, 47.41694
 
12.28019, -0.0004023812, -0.003826962, 187.2487, 0, 0.0007524762017389429980928040, 60844.01, -2574.425, -5.741346, 0.01966487, 0.1582343, 453.0689, 3.368731, 2.551616, 47.41694
 
12.29019, -0.0004174874, -0.003830985, 187.0685, 0, 0.0007544788113286818389801590, 60738.54, -2574.841, -5.741346, 0.01966487, 0.1582343, 452.7923, 3.368842, 2.551616, 47.41694
 
12.30019, -0.0003747278, -0.00383516, 186.8879, 0, 0.0007536979114928612989243606, 60633.3, -2575.247, -5.741346, 0.01966487, 0.1582343, 452.516, 3.368951, 2.551616, 47.41694
 
12.31019, -0.0003672046, -0.003838907, 186.7077, 0, 0.0007545464720363576353961379, 60528.31, -2575.655, -5.741346, 0.01966487, 0.1582343, 452.24, 3.36906, 2.551616, 47.41694
 
12.32019, -0.0003565411, -0.003842579, 186.5282, 0, 0.0007552271808330720316325798, 60423.55, -2576.068, -5.741346, 0.01966487, 0.1582343, 451.9643, 3.369171, 2.551616, 47.41694
 
12.33019, -0.0003486467, -0.003846145, 186.3483, 0, 0.0007560221956681083183614732, 60319.03, -2576.474, -5.741346, 0.01966487, 0.1582343, 451.6889, 3.36928, 2.551616, 47.41694
 
12.34019, -0.0003150413, -0.003849631, 186.1687, 0, 0.0007555432535026503782806571, 60214.64, -2576.88, -5.741346, 0.01966487, 0.1582343, 451.4135, 3.369389, 2.551616, 47.41694
 
12.35019, -0.0003257739, -0.003852782, 185.99, 0, 0.0007571705945626087578605699, 60110.5, -2577.295, -5.741346, 0.01966487, 0.1582343, 451.1385, 3.369499, 2.551616, 47.41694
 
12.36019, -0.0003442015, -0.003856039, 185.8109, 0, 0.0007591987047866410394525671, 60006.58, -2577.701, -5.741346, 0.01966487, 0.1582343, 450.8637, 3.369608, 2.551616, 47.41694
 
12.37019, -0.0003050633, -0.003859481, 185.6321, 0, 0.0007584334718066560840429968, 59902.91, -2578.108, -5.741346, 0.01966487, 0.1582343, 450.5893, 3.369716, 2.551616, 47.41694
 
12.38019, -0.0002756149, -0.003862532, 185.454, 0, 0.0007580650524978695811344513, 59799.46, -2578.52, -5.741346, 0.01966487, 0.1582343, 450.3152, 3.369827, 2.551616, 47.41694
 
12.39019, -0.0002689332, -0.003865288, 185.2756, 0, 0.0007587601816585560408904945, 59696.25, -2578.925, -5.741346, 0.01966487, 0.1582343, 450.0413, 3.369935, 2.551616, 47.41694
 
12.40019, -0.0002605842, -0.003867978, 185.0975, 0, 0.0007593596495708216598322442, 59593.26, -2579.33, -5.741346, 0.01966487, 0.1582343, 449.7678, 3.370043, 2.551616, 47.41694
 
12.41019, -0.0002001386, -0.003870583, 184.9201, 0, 0.0007573630326814801461757495, 59490.43, -2579.742, -5.741346, 0.01966487, 0.1582343, 449.4943, 3.370154, 2.551616, 47.41694
 
12.42019, -0.0001964386, -0.003872585, 184.7426, 0, 0.0007580556337942190849112721, 59387.83, -2580.148, -5.741346, 0.01966487, 0.1582343, 449.2211, 3.370262, 2.551616, 47.41694
 
12.43019, -0.0002143387, -0.003874549, 184.5651, 0, 0.0007598136793316850746833604, 59285.46, -2580.553, -5.741346, 0.01966487, 0.1582343, 448.9482, 3.37037, 2.551616, 47.41694
 
12.44019, -0.000235297, -0.003876693, 184.3886, 0, 0.0007617628280118892327547548, 59183.32, -2580.966, -5.741346, 0.01966487, 0.1582343, 448.6756, 3.37048, 2.551616, 47.41694
 
12.45019, -0.0002518035, -0.003879046, 184.2117, 0, 0.0007635339000853925835513740, 59081.39, -2581.37, -5.741346, 0.01966487, 0.1582343, 448.4033, 3.370587, 2.551616, 47.41694
 
12.46019, -0.0002113061, -0.003881564, 184.035, 0, 0.0007624948403833136196434295, 58979.71, -2581.773, -5.741346, 0.01966487, 0.1582343, 448.1313, 3.370695, 2.551616, 47.41694
 
12.47019, -0.0001803661, -0.003883677, 183.8591, 0, 0.0007618492365029262223631686, 58878.24, -2582.185, -5.741346, 0.01966487, 0.1582343, 447.8596, 3.370805, 2.551616, 47.41694
 
12.48019, -0.0001776783, -0.003885481, 183.6828, 0, 0.0007625548090374454405284408, 58776.92, -2582.587, -5.741346, 0.01966487, 0.1582343, 447.588, 3.370912, 2.551616, 47.41694
 
12.49019, -0.000213371, -0.003887257, 183.5068, 0, 0.0007651802600635996033662112, 58675.83, -2582.991, -5.741346, 0.01966487, 0.1582343, 447.3166, 3.371019, 2.551616, 47.41694
 
12.50019, -0.0002496814, -0.003889391, 183.3316, 0, 0.0007679123349164806449703913, 58574.97, -2583.403, -5.741346, 0.01966487, 0.1582343, 447.0456, 3.371129, 2.551616, 47.41694
 
12.51019, -0.0002923302, -0.003891888, 183.1562, 0, 0.0007710404238532628680384759, 58474.34, -2583.807, -5.741346, 0.01966487, 0.1582343, 446.7748, 3.371236, 2.551616, 47.41694
 
12.52019, -0.0003004766, -0.003894811, 182.9809, 0, 0.0007725198509681542072879913, 58373.93, -2584.209, -5.741346, 0.01966487, 0.1582343, 446.5044, 3.371343, 2.551616, 47.41694
 
12.53019, -0.0003119321, -0.003897816, 182.8064, 0, 0.0007741844293144407590206404, 58273.75, -2584.619, -5.741346, 0.01966487, 0.1582343, 446.2343, 3.371452, 2.551616, 47.41694
 
12.54019, -0.0003249057, -0.003900935, 182.6315, 0, 0.0007759512216487785816399042, 58173.7, -2585.021, -5.741346, 0.01966487, 0.1582343, 445.9641, 3.371559, 2.551616, 47.41694
 
12.55019, -0.0003753921, -0.003904184, 182.4576, 0, 0.0007796461989084888014838826, 58073.89, -2585.432, -5.741346, 0.01966487, 0.1582343, 445.6943, 3.371668, 2.551616, 47.41694
 
12.56019, -0.0003836906, -0.003907938, 182.2832, 0, 0.0007813085048490822567748334, 57974.29, -2585.834, -5.741346, 0.01966487, 0.1582343, 445.4248, 3.371774, 2.551616, 47.41694
 
12.57019, -0.0003878934, -0.003911775, 182.1091, 0, 0.0007827814980624590608503614, 57874.91, -2586.236, -5.741346, 0.01966487, 0.1582343, 445.1556, 3.371881, 2.551616, 47.41694
 
12.58019, -0.0004185783, -0.003915654, 181.9359, 0, 0.0007856119844976321492639261, 57775.77, -2586.647, -5.741346, 0.01966487, 0.1582343, 444.8867, 3.37199, 2.551616, 47.41694
 
12.59019, -0.0003981699, -0.00391984, 181.7622, 0, 0.0007859043070594263471812328, 57676.84, -2587.048, -5.741346, 0.01966487, 0.1582343, 444.6181, 3.372097, 2.551616, 47.41694
 
12.60019, -0.0003706461, -0.003923822, 181.5888, 0, 0.0007857924300386253762680881, 57578.05, -2587.45, -5.741346, 0.01966487, 0.1582343, 444.3495, 3.372203, 2.551616, 47.41694
 
12.61019, -0.0004017572, -0.003927528, 181.4162, 0, 0.0007886203194459596519663705, 57479.5, -2587.859, -5.741346, 0.01966487, 0.1582343, 444.0813, 3.372312, 2.551616, 47.41694
 
12.62019, -0.0004008519, -0.003931546, 181.2431, 0, 0.0007898761010702155738861248, 57381.14, -2588.259, -5.741346, 0.01966487, 0.1582343, 443.8133, 3.372418, 2.551616, 47.41694
 
12.63019, -0.0004018897, -0.003935555, 181.0711, 0, 0.0007912310640597332216102696, 57283.03, -2588.669, -5.741346, 0.01966487, 0.1582343, 443.5456, 3.372527, 2.551616, 47.41694
 
12.64019, -0.0004047553, -0.003939574, 180.8986, 0, 0.0007926826346614150704871149, 57185.13, -2589.07, -5.741346, 0.01966487, 0.1582343, 443.2783, 3.372633, 2.551616, 47.41694
 
12.65019, -0.0003579564, -0.003943621, 180.7263, 0, 0.0007915873291974373197405744, 57087.36, -2589.47, -5.741346, 0.01966487, 0.1582343, 443.0109, 3.372739, 2.551616, 47.41694
 
12.66019, -0.0003564664, -0.003947201, 180.5548, 0, 0.0007927278349098267638930351, 56989.83, -2589.878, -5.741346, 0.01966487, 0.1582343, 442.7439, 3.372847, 2.551616, 47.41694
 
12.67019, -0.0003511753, -0.003950765, 180.383, 0, 0.0007936703687502253824127462, 56892.49, -2590.279, -5.741346, 0.01966487, 0.1582343, 442.4772, 3.372953, 2.551616, 47.41694
 
12.68019, -0.0003065184, -0.003954277, 180.2119, 0, 0.0007925677316712721669422950, 56795.39, -2590.686, -5.741346, 0.01966487, 0.1582343, 442.2108, 3.373061, 2.551616, 47.41694
 
12.6902, -0.0002842903, -0.003957342, 180.0407, 0, 0.0007925322397583464400199578, 56698.5, -2591.088, -5.741346, 0.01966487, 0.1582343, 441.9446, 3.373168, 2.551616, 47.41694
 
12.7002, -0.0002606538, -0.003960185, 179.8696, 0, 0.0007923771648896566639140227, 56601.82, -2591.488, -5.741346, 0.01966487, 0.1582343, 441.6788, 3.373273, 2.551616, 47.41694
 
12.7102, -0.0002396927, -0.003962791, 179.6993, 0, 0.0007923120144160662296684357, 56505.3, -2591.895, -5.741346, 0.01966487, 0.1582343, 441.413, 3.373381, 2.551616, 47.41694
 
12.7202, -0.0002200162, -0.003965188, 179.5286, 0, 0.0007922696508890881127533879, 56408.98, -2592.294, -5.741346, 0.01966487, 0.1582343, 441.1475, 3.373487, 2.551616, 47.41694
 
12.7302, -0.0001988225, -0.003967388, 179.3587, 0, 0.0007921067473531550939445599, 56312.88, -2592.701, -5.741346, 0.01966487, 0.1582343, 440.8823, 3.373595, 2.551616, 47.41694
 
12.7402, -0.0001989441, -0.003969376, 179.1885, 0, 0.0007930113882792691330564408, 56216.99, -2593.101, -5.741346, 0.01966487, 0.1582343, 440.6175, 3.3737, 2.551616, 47.41694
 
12.7502, -0.0002007617, -0.003971366, 179.0186, 0, 0.0007940056794509669101960374, 56121.32, -2593.499, -5.741346, 0.01966487, 0.1582343, 440.3529, 3.373806, 2.551616, 47.41694
 
12.7602, -0.0002001116, -0.003973373, 178.8494, 0, 0.0007948761431867969408867022, 56025.79, -2593.907, -5.741346, 0.01966487, 0.1582343, 440.0883, 3.373913, 2.551616, 47.41694
 
12.7702, -0.0002465495, -0.003975374, 178.6799, 0, 0.0007982139481575772753208574, 55930.48, -2594.305, -5.741346, 0.01966487, 0.1582343, 439.824, 3.374018, 2.551616, 47.41694
 
12.7802, -0.0002423039, -0.00397784, 178.5106, 0, 0.0007989904623776343472545095, 55835.36, -2594.705, -5.741346, 0.01966487, 0.1582343, 439.5601, 3.374124, 2.551616, 47.41694
 
12.7902, -0.000239866, -0.003980263, 178.342, 0, 0.0007998539464238189758204904, 55740.46, -2595.11, -5.741346, 0.01966487, 0.1582343, 439.2964, 3.374231, 2.551616, 47.41694
 
12.8002, -0.0002391392, -0.003982661, 178.1731, 0, 0.0008008032498905674243180157, 55645.72, -2595.508, -5.741346, 0.01966487, 0.1582343, 439.0328, 3.374336, 2.551616, 47.41694
 
12.8102, -0.000299937, -0.003985052, 178.0051, 0, 0.0008049978071850059661184244, 55551.18, -2595.916, -5.741346, 0.01966487, 0.1582343, 438.7695, 3.374443, 2.551616, 47.41694
 
12.8202, -0.0003599369, -0.003988052, 177.8366, 0, 0.0008092811679323165074697507, 55456.85, -2596.313, -5.741346, 0.01966487, 0.1582343, 438.5064, 3.374547, 2.551616, 47.41694
 
12.8302, -0.0003730109, -0.003991651, 177.6685, 0, 0.0008112111104283622423827439, 55362.73, -2596.712, -5.741346, 0.01966487, 0.1582343, 438.2437, 3.374652, 2.551616, 47.41694
 
12.8402, -0.000383088, -0.003995381, 177.5012, 0, 0.0008130113026694144695533196, 55268.81, -2597.118, -5.741346, 0.01966487, 0.1582343, 437.9813, 3.374759, 2.551616, 47.41694
 
12.8502, -0.0003943076, -0.003999212, 177.3334, 0, 0.0008148945882475982488256413, 55175.12, -2597.515, -5.741346, 0.01966487, 0.1582343, 437.7192, 3.374864, 2.551616, 47.41694
 
12.8602, -0.0003566024, -0.004003156, 177.1664, 0, 0.0008142024340117060326495769, 55081.55, -2597.919, -5.741346, 0.01966487, 0.1582343, 437.4571, 3.37497, 2.551616, 47.41694
 
12.8702, -0.0003614259, -0.004006722, 176.9991, 0, 0.0008156946853630044438448548, 54988.2, -2598.317, -5.741346, 0.01966487, 0.1582343, 437.1953, 3.375075, 2.551616, 47.41694
 
12.8802, -0.000397371, -0.004010336, 176.8326, 0, 0.0008188589829969863902291011, 54895.04, -2598.723, -5.741346, 0.01966487, 0.1582343, 436.9338, 3.375182, 2.551616, 47.41694
 
12.8902, -0.0003820053, -0.004014309, 176.6658, 0, 0.0008193599091601716519139219, 54802.11, -2599.12, -5.741346, 0.01966487, 0.1582343, 436.6727, 3.375286, 2.551616, 47.41694
 
12.9002, -0.0003646955, -0.00401813, 176.4992, 0, 0.0008197256365814015006837266, 54709.31, -2599.517, -5.741346, 0.01966487, 0.1582343, 436.4115, 3.375391, 2.551616, 47.41694
 
12.9102, -0.0003946047, -0.004021777, 176.3332, 0, 0.0008225852318422850685865398, 54616.72, -2599.92, -5.741346, 0.01966487, 0.1582343, 436.1506, 3.375497, 2.551616, 47.41694
 
12.9202, -0.0003695932, -0.004025723, 176.1671, 0, 0.0008225628072990135605523991, 54524.33, -2600.318, -5.741346, 0.01966487, 0.1582343, 435.89, 3.375601, 2.551616, 47.41694
 
12.9302, -0.0003526378, -0.004029419, 176.0017, 0, 0.0008229209419319206375954702, 54432.16, -2600.723, -5.741346, 0.01966487, 0.1582343, 435.6298, 3.375708, 2.551616, 47.41694
 
12.9402, -0.000328149, -0.004032945, 175.836, 0, 0.0008228367679365778430994832, 54340.18, -2601.118, -5.741346, 0.01966487, 0.1582343, 435.3699, 3.375812, 2.551616, 47.41694
 
12.9502, -0.0003116132, -0.004036227, 175.671, 0, 0.0008231310927990920729267134, 54248.34, -2601.524, -5.741346, 0.01966487, 0.1582343, 435.1099, 3.375918, 2.551616, 47.41694
 
12.9602, -0.0002871101, -0.004039343, 175.5057, 0, 0.0008229592676287888546420944, 54156.7, -2601.919, -5.741346, 0.01966487, 0.1582343, 434.8503, 3.376022, 2.551616, 47.41694
 
12.9702, -0.0002929734, -0.004042214, 175.3406, 0, 0.0008243780058536097828246671, 54065.27, -2602.316, -5.741346, 0.01966487, 0.1582343, 434.591, 3.376126, 2.551616, 47.41694
 
12.9802, -0.000295988, -0.004045144, 175.1763, 0, 0.0008256558561970742569306150, 53974.05, -2602.719, -5.741346, 0.01966487, 0.1582343, 434.3319, 3.376232, 2.551616, 47.41694
 
12.9902, -0.0002946213, -0.004048104, 175.0116, 0, 0.0008267038107000178511422065, 53882.94, -2603.115, -5.741346, 0.01966487, 0.1582343, 434.0729, 3.376336, 2.551616, 47.41694
 
13.0002, -0.0002960123, -0.00405105, 174.8478, 0, 0.0008279000836509383630054473, 53792.07, -2603.519, -5.741346, 0.01966487, 0.1582343, 433.8142, 3.376442, 2.551616, 47.41694
 
13.0102, -0.0002931063, -0.00405401, 174.6835, 0, 0.0008288659627694216751935316, 53701.38, -2603.914, -5.741346, 0.01966487, 0.1582343, 433.5558, 3.376545, 2.551616, 47.41694
 
13.0202, -0.0002932584, -0.004056941, 174.5196, 0, 0.0008299929224334910951664941, 53610.89, -2604.311, -5.741346, 0.01966487, 0.1582343, 433.2977, 3.376649, 2.551616, 47.41694
 
13.0302, -0.0002890822, -0.004059874, 174.3563, 0, 0.0008308851834111511142890196, 53520.54, -2604.713, -5.741346, 0.01966487, 0.1582343, 433.0396, 3.376755, 2.551616, 47.41694
 
13.0402, -0.0002822888, -0.004062765, 174.1926, 0, 0.0008316257625748156724965316, 53430.38, -2605.108, -5.741346, 0.01966487, 0.1582343, 432.7819, 3.376858, 2.551616, 47.41694
 
13.0502, -0.0002714429, -0.004065588, 174.0299, 0, 0.0008321310910871589250238751, 53340.44, -2605.511, -5.741346, 0.01966487, 0.1582343, 432.5244, 3.376964, 2.551616, 47.41694
 
13.0602, -0.0002917214, -0.004068302, 173.8668, 0, 0.0008343205468544924495552461, 53250.69, -2605.907, -5.741346, 0.01966487, 0.1582343, 432.2672, 3.377068, 2.551616, 47.41694
 
13.0702, -0.0003124373, -0.004071219, 173.7044, 0, 0.0008365802234391608667086471, 53161.07, -2606.31, -5.741346, 0.01966487, 0.1582343, 432.0101, 3.377173, 2.551616, 47.41694
 
13.0802, -0.0003241001, -0.004074344, 173.5417, 0, 0.0008383873796523878690259664, 53071.65, -2606.705, -5.741346, 0.01966487, 0.1582343, 431.7532, 3.377276, 2.551616, 47.41694
 
13.0902, -0.000336564, -0.004077585, 173.3797, 0, 0.0008402646130122502356477936, 52982.44, -2607.107, -5.741346, 0.01966487, 0.1582343, 431.4967, 3.377381, 2.551616, 47.41694
 
13.1002, -0.0003457956, -0.004080951, 173.2175, 0, 0.0008419921500825941553924535, 52893.43, -2607.501, -5.741346, 0.01966487, 0.1582343, 431.2404, 3.377484, 2.551616, 47.41694
 
13.1102, -0.0003558505, -0.004084409, 173.0553, 0, 0.0008437856826406968845749110, 52804.6, -2607.895, -5.741346, 0.01966487, 0.1582343, 430.9845, 3.377587, 2.551616, 47.41694
 
13.1202, -0.0003183256, -0.004087967, 172.8941, 0, 0.0008429689526927110521535805, 52715.92, -2608.298, -5.741346, 0.01966487, 0.1582343, 430.7286, 3.377692, 2.551616, 47.41694
 
13.13021, -0.0003279789, -0.004091151, 172.7325, 0, 0.0008446866432303039498880386, 52627.43, -2608.692, -5.741346, 0.01966487, 0.1582343, 430.473, 3.377795, 2.551616, 47.41694
 
13.14021, -0.0003328435, -0.00409443, 172.5716, 0, 0.0008461606596843873819328489, 52539.14, -2609.094, -5.741346, 0.01966487, 0.1582343, 430.2177, 3.377901, 2.551616, 47.41694
 
13.15021, -0.0002960578, -0.004097759, 172.4103, 0, 0.0008453296054757309526260292, 52450.98, -2609.488, -5.741346, 0.01966487, 0.1582343, 429.9624, 3.378004, 2.551616, 47.41694
 
13.16021, -0.0002967994, -0.004100719, 172.2499, 0, 0.0008465100715084494118759648, 52363.01, -2609.89, -5.741346, 0.01966487, 0.1582343, 429.7074, 3.378109, 2.551616, 47.41694
 
13.17021, -0.0003025802, -0.004103688, 172.0891, 0, 0.0008479740122365193971350088, 52275.23, -2610.284, -5.741346, 0.01966487, 0.1582343, 429.4527, 3.378211, 2.551616, 47.41694
 
13.18021, -0.000301352, -0.004106713, 171.9291, 0, 0.0008490598025764392758081912, 52187.67, -2610.686, -5.741346, 0.01966487, 0.1582343, 429.1983, 3.378316, 2.551616, 47.41694
 
13.19021, -0.0002612069, -0.004109727, 171.7687, 0, 0.0008479653903213269312349828, 52100.21, -2611.079, -5.741346, 0.01966487, 0.1582343, 428.9439, 3.378419, 2.551616, 47.41694
 
13.20021, -0.0002821826, -0.004112339, 171.609, 0, 0.0008502101856739617285249247, 52012.96, -2611.48, -5.741346, 0.01966487, 0.1582343, 428.6898, 3.378524, 2.551616, 47.41694
 
13.21021, -0.0003089748, -0.004115161, 171.4491, 0, 0.0008528287819275624141759924, 51925.91, -2611.874, -5.741346, 0.01966487, 0.1582343, 428.4361, 3.378626, 2.551616, 47.41694
 
13.22021, -0.0003263246, -0.00411825, 171.2895, 0, 0.0008549760501529708798608115, 51839.06, -2612.268, -5.741346, 0.01966487, 0.1582343, 428.1826, 3.378729, 2.551616, 47.41694
 
13.23021, -0.0003097407, -0.004121514, 171.1304, 0, 0.0008552521208714879809194458, 51752.31, -2612.669, -5.741346, 0.01966487, 0.1582343, 427.9291, 3.378833, 2.551616, 47.41694
 
13.24021, -0.0003257561, -0.004124611, 170.9711, 0, 0.0008573309888571563755079944, 51665.78, -2613.061, -5.741346, 0.01966487, 0.1582343, 427.676, 3.378935, 2.551616, 47.41694
 
13.25021, -0.0003421865, -0.004127869, 170.8125, 0, 0.0008594696518089975484566532, 51579.43, -2613.462, -5.741346, 0.01966487, 0.1582343, 427.4232, 3.37904, 2.551616, 47.41694
 
13.26021, -0.0003534388, -0.004131291, 170.6537, 0, 0.0008613523184936534233868174, 51493.28, -2613.855, -5.741346, 0.01966487, 0.1582343, 427.1706, 3.379142, 2.551616, 47.41694
 
13.27021, -0.0003233126, -0.004134825, 170.4955, 0, 0.0008609169575660689619026654, 51407.25, -2614.256, -5.741346, 0.01966487, 0.1582343, 426.9181, 3.379246, 2.551616, 47.41694
 
13.28021, -0.0003395363, -0.004138058, 170.337, 0, 0.0008630461136915490867490986, 51321.4, -2614.649, -5.741346, 0.01966487, 0.1582343, 426.6659, 3.379349, 2.551616, 47.41694
 
13.29021, -0.0003466647, -0.004141453, 170.1793, 0, 0.0008646955256912784097935323, 51235.76, -2615.05, -5.741346, 0.01966487, 0.1582343, 426.4139, 3.379453, 2.551616, 47.41694
 
13.30021, -0.0003111098, -0.00414492, 170.0211, 0, 0.0008639313322852969836060644, 51150.24, -2615.442, -5.741346, 0.01966487, 0.1582343, 426.162, 3.379555, 2.551616, 47.41694
 
13.31021, -0.0003219915, -0.004148031, 169.8638, 0, 0.0008657379605550548611134883, 51064.9, -2615.843, -5.741346, 0.01966487, 0.1582343, 425.9104, 3.379659, 2.551616, 47.41694
 
13.32021, -0.0003350125, -0.004151251, 169.7061, 0, 0.0008676912156830674203220743, 50979.77, -2616.235, -5.741346, 0.01966487, 0.1582343, 425.6591, 3.379761, 2.551616, 47.41694
 
13.33021, -0.0003335087, -0.004154601, 169.5487, 0, 0.0008688437067697570509312695, 50894.82, -2616.627, -5.741346, 0.01966487, 0.1582343, 425.4081, 3.379863, 2.551616, 47.41694
 
13.34021, -0.0002992289, -0.004157936, 169.392, 0, 0.0008681164840081571171488877, 50810, -2617.028, -5.741346, 0.01966487, 0.1582343, 425.1572, 3.379967, 2.551616, 47.41694
 
13.35021, -0.0003034066, -0.004160929, 169.235, 0, 0.0008695207466929571340950209, 50725.36, -2617.421, -5.741346, 0.01966487, 0.1582343, 424.9065, 3.380069, 2.551616, 47.41694
 
13.36021, -0.0003027842, -0.004163963, 169.0786, 0, 0.0008706590325964163343528123, 50640.9, -2617.82, -5.741346, 0.01966487, 0.1582343, 424.6561, 3.380173, 2.551616, 47.41694
 
13.37021, -0.0003029985, -0.004166991, 168.922, 0, 0.0008718455543081935855767220, 50556.59, -2618.211, -5.741346, 0.01966487, 0.1582343, 424.4057, 3.380274, 2.551616, 47.41694
 
13.38021, -0.0003106675, -0.004170021, 168.7661, 0, 0.0008734634710930896017836240, 50472.44, -2618.612, -5.741346, 0.01966487, 0.1582343, 424.1557, 3.380378, 2.551616, 47.41694
 
13.39021, -0.0003095194, -0.004173127, 168.6099, 0, 0.0008745900650528713015649302, 50388.5, -2619.005, -5.741346, 0.01966487, 0.1582343, 423.9059, 3.38048, 2.551616, 47.41694
 
13.40021, -0.0002998406, -0.004176223, 168.4539, 0, 0.0008752213718599274060339240, 50304.75, -2619.396, -5.741346, 0.01966487, 0.1582343, 423.6565, 3.380581, 2.551616, 47.41694
 
13.41021, -0.0002967727, -0.004179221, 168.2985, 0, 0.0008762152636048408738523360, 50221.11, -2619.794, -5.741346, 0.01966487, 0.1582343, 423.407, 3.380685, 2.551616, 47.41694
 
13.42021, -0.0002958605, -0.004182189, 168.143, 0, 0.0008773286401824691881589423, 50137.65, -2620.187, -5.741346, 0.01966487, 0.1582343, 423.1579, 3.380786, 2.551616, 47.41694
 
13.43021, -0.0003095888, -0.004185148, 167.9882, 0, 0.0008792912901618835399849533, 50054.39, -2620.587, -5.741346, 0.01966487, 0.1582343, 422.9091, 3.38089, 2.551616, 47.41694
 
13.44021, -0.0003058549, -0.004188243, 167.8329, 0, 0.0008802698003217867731132308, 49971.25, -2620.978, -5.741346, 0.01966487, 0.1582343, 422.6602, 3.380991, 2.551616, 47.41694
 
13.45021, -0.0003374982, -0.004191302, 167.6785, 0, 0.0008833027087663598042525681, 49888.29, -2621.379, -5.741346, 0.01966487, 0.1582343, 422.4117, 3.381095, 2.551616, 47.41694
 
13.46021, -0.0003262665, -0.004194677, 167.5237, 0, 0.0008839046980752095071084495, 49805.51, -2621.77, -5.741346, 0.01966487, 0.1582343, 422.1635, 3.381196, 2.551616, 47.41694
 
13.47021, -0.0003123066, -0.00419794, 167.3695, 0, 0.0008843237164790639606409937, 49722.86, -2622.169, -5.741346, 0.01966487, 0.1582343, 421.9153, 3.3813, 2.551616, 47.41694
 
13.48021, -0.0003433389, -0.004201063, 167.2151, 0, 0.0008873459831028912503874579, 49640.38, -2622.56, -5.741346, 0.01966487, 0.1582343, 421.6674, 3.381401, 2.551616, 47.41694
 
13.49021, -0.0003492786, -0.004204496, 167.0615, 0, 0.0008889680813364631924874604, 49558.1, -2622.96, -5.741346, 0.01966487, 0.1582343, 421.4198, 3.381504, 2.551616, 47.41694
 
13.50021, -0.0003342418, -0.004207989, 166.9075, 0, 0.0008893723568881477235123760, 49476.01, -2623.351, -5.741346, 0.01966487, 0.1582343, 421.1725, 3.381605, 2.551616, 47.41694
 
13.51021, -0.0003380039, -0.004211332, 166.7537, 0, 0.0008908496867866163567468154, 49394.02, -2623.743, -5.741346, 0.01966487, 0.1582343, 420.9253, 3.381706, 2.551616, 47.41694
 
13.52021, -0.0003645391, -0.004214712, 166.6006, 0, 0.0008936783104721484959287594, 49312.24, -2624.14, -5.741346, 0.01966487, 0.1582343, 420.6783, 3.381809, 2.551616, 47.41694
 
13.53021, -0.0003432562, -0.004218357, 166.4473, 0, 0.0008937459656474292056075108, 49230.62, -2624.532, -5.741346, 0.01966487, 0.1582343, 420.4316, 3.38191, 2.551616, 47.41694
 
13.54021, -0.0003195197, -0.00422179, 166.2945, 0, 0.0008936228437023520050911018, 49149.12, -2624.931, -5.741346, 0.01966487, 0.1582343, 420.185, 3.382013, 2.551616, 47.41694
 
13.55021, -0.0003409064, -0.004224985, 166.1416, 0, 0.0008961173000625580494448060, 49067.8, -2625.322, -5.741346, 0.01966487, 0.1582343, 419.9386, 3.382114, 2.551616, 47.41694
 
13.56021, -0.0003109605, -0.004228394, 165.9893, 0, 0.0008956184882411098514878609, 48986.67, -2625.721, -5.741346, 0.01966487, 0.1582343, 419.6925, 3.382217, 2.551616, 47.41694
 
13.57022, -0.000288152, -0.004231504, 165.8367, 0, 0.0008954773730631068490542483, 48905.65, -2626.112, -5.741346, 0.01966487, 0.1582343, 419.4465, 3.382318, 2.551616, 47.41694
 
13.58022, -0.0003332594, -0.004234385, 165.6847, 0, 0.0008993224295733718761168310, 48824.81, -2626.51, -5.741346, 0.01966487, 0.1582343, 419.2008, 3.382421, 2.551616, 47.41694
 
13.59022, -0.0003451063, -0.004237718, 165.5326, 0, 0.0009012904906346363390973438, 48744.16, -2626.901, -5.741346, 0.01966487, 0.1582343, 418.9554, 3.382522, 2.551616, 47.41694
 
13.60022, -0.0003154041, -0.004241169, 165.3811, 0, 0.0009008095192144481095536397, 48663.63, -2627.301, -5.741346, 0.01966487, 0.1582343, 418.7099, 3.382625, 2.551616, 47.41694
 
13.61022, -0.0003499016, -0.004244323, 165.2292, 0, 0.0009040961348657614569549501, 48583.26, -2627.69, -5.741346, 0.01966487, 0.1582343, 418.4648, 3.382725, 2.551616, 47.41694
 
13.62022, -0.0003608265, -0.004247822, 165.0777, 0, 0.0009060514329553653735018113, 48503.1, -2628.081, -5.741346, 0.01966487, 0.1582343, 418.22, 3.382826, 2.551616, 47.41694
 
13.63022, -0.0003680354, -0.00425143, 164.9267, 0, 0.0009078105577229716188256780, 48423.03, -2628.479, -5.741346, 0.01966487, 0.1582343, 417.9752, 3.382929, 2.551616, 47.41694
 
13.64022, -0.000377487, -0.004255111, 164.7755, 0, 0.0009097219174515059777874178, 48343.14, -2628.871, -5.741346, 0.01966487, 0.1582343, 417.7307, 3.383029, 2.551616, 47.41694
 
13.65022, -0.0003778645, -0.004258886, 164.6251, 0, 0.0009111105029997348349380870, 48263.45, -2629.27, -5.741346, 0.01966487, 0.1582343, 417.4865, 3.383132, 2.551616, 47.41694
 
13.66022, -0.0003841285, -0.004262664, 164.4742, 0, 0.0009128546399472921297525039, 48183.91, -2629.659, -5.741346, 0.01966487, 0.1582343, 417.2426, 3.383232, 2.551616, 47.41694
 
13.67022, -0.0003401197, -0.004266506, 164.3242, 0, 0.0009115854860466590782957994, 48104.51, -2630.059, -5.741346, 0.01966487, 0.1582343, 416.9987, 3.383335, 2.551616, 47.41694
 
13.68022, -0.000341529, -0.004269907, 164.1738, 0, 0.0009129582055259255936822544, 48025.28, -2630.449, -5.741346, 0.01966487, 0.1582343, 416.7551, 3.383435, 2.551616, 47.41694
 
13.69022, -0.0003433316, -0.004273322, 164.024, 0, 0.0009143585318603696973405979, 47946.23, -2630.846, -5.741346, 0.01966487, 0.1582343, 416.5119, 3.383538, 2.551616, 47.41694
 
13.70022, -0.0003005883, -0.004276755, 163.874, 0, 0.0009130679254092870648989067, 47867.29, -2631.236, -5.741346, 0.01966487, 0.1582343, 416.2686, 3.383638, 2.551616, 47.41694
 
13.71022, -0.0003031188, -0.004279761, 163.7241, 0, 0.0009144260008767835094743849, 47788.52, -2631.627, -5.741346, 0.01966487, 0.1582343, 416.0256, 3.383739, 2.551616, 47.41694
 
13.72022, -0.0003021839, -0.004282792, 163.575, 0, 0.0009155804838663777715847046, 47709.93, -2632.026, -5.741346, 0.01966487, 0.1582343, 415.783, 3.383841, 2.551616, 47.41694
 
13.73022, -0.0002924641, -0.004285814, 163.4255, 0, 0.0009161995987775438375123895, 47631.44, -2632.415, -5.741346, 0.01966487, 0.1582343, 415.5403, 3.383941, 2.551616, 47.41694
 
13.74022, -0.0002895947, -0.004288739, 163.2767, 0, 0.0009172146275768443113433398, 47553.15, -2632.812, -5.741346, 0.01966487, 0.1582343, 415.298, 3.384043, 2.551616, 47.41694
 
13.75022, -0.0002888255, -0.004291635, 163.1276, 0, 0.0009183531284672140468284703, 47474.96, -2633.202, -5.741346, 0.01966487, 0.1582343, 415.0557, 3.384143, 2.551616, 47.41694
 
13.76022, -0.0003224637, -0.004294523, 162.9793, 0, 0.0009215930872761414433640380, 47396.96, -2633.601, -5.741346, 0.01966487, 0.1582343, 414.8136, 3.384246, 2.551616, 47.41694
 
13.77022, -0.0003552452, -0.004297747, 162.8306, 0, 0.0009248579182541359508075360, 47319.12, -2633.991, -5.741346, 0.01966487, 0.1582343, 414.5719, 3.384346, 2.551616, 47.41694
 
13.78022, -0.0003427232, -0.0043013, 162.6826, 0, 0.0009254234954997684110941920, 47241.38, -2634.391, -5.741346, 0.01966487, 0.1582343, 414.3302, 3.384448, 2.551616, 47.41694
 
13.79022, -0.0003741138, -0.004304727, 162.5343, 0, 0.0009286561111421261171936066, 47163.83, -2634.781, -5.741346, 0.01966487, 0.1582343, 414.0888, 3.384548, 2.551616, 47.41694
 
13.80022, -0.0003993096, -0.004308468, 162.3862, 0, 0.0009315807008797767810766223, 47086.46, -2635.171, -5.741346, 0.01966487, 0.1582343, 413.8477, 3.384648, 2.551616, 47.41694
 
13.81022, -0.000385023, -0.004312461, 162.2389, 0, 0.0009321329616534633544855084, 47009.25, -2635.569, -5.741346, 0.01966487, 0.1582343, 413.6069, 3.38475, 2.551616, 47.41694
 
13.82022, -0.0003661368, -0.004316311, 162.0912, 0, 0.0009323710545308530430964063, 46932.17, -2635.959, -5.741346, 0.01966487, 0.1582343, 413.3661, 3.38485, 2.551616, 47.41694
 
13.83022, -0.0003928649, -0.004319973, 161.9442, 0, 0.0009353838114397063959954268, 46855.25, -2636.357, -5.741346, 0.01966487, 0.1582343, 413.1256, 3.384952, 2.551616, 47.41694
 
13.84022, -0.0003731725, -0.004323902, 161.7967, 0, 0.0009355880564468208550613488, 46778.42, -2636.747, -5.741346, 0.01966487, 0.1582343, 412.8851, 3.385052, 2.551616, 47.41694
 
13.85022, -0.0003937149, -0.004327633, 161.6501, 0, 0.0009382406863686157458905762, 46701.79, -2637.145, -5.741346, 0.01966487, 0.1582343, 412.645, 3.385154, 2.551616, 47.41694
 
13.86022, -0.0004137787, -0.004331571, 161.5031, 0, 0.0009409119216545878550650852, 46625.31, -2637.534, -5.741346, 0.01966487, 0.1582343, 412.4051, 3.385253, 2.551616, 47.41694
 
13.87022, -0.0003616104, -0.004335708, 161.3564, 0, 0.0009391419511807503168333495, 46549.03, -2637.924, -5.741346, 0.01966487, 0.1582343, 412.1655, 3.385353, 2.551616, 47.41694
 
13.88022, -0.0003168835, -0.004339325, 161.2103, 0, 0.0009377174118575505206266328, 46472.82, -2638.323, -5.741346, 0.01966487, 0.1582343, 411.926, 3.385455, 2.551616, 47.41694
 
13.89022, -0.0003077777, -0.004342494, 161.0639, 0, 0.0009384098982216965978259926, 46396.82, -2638.712, -5.741346, 0.01966487, 0.1582343, 411.6867, 3.385555, 2.551616, 47.41694
 
13.90022, -0.0003008064, -0.004345571, 160.9181, 0, 0.0009392161713483175922235058, 46320.91, -2639.109, -5.741346, 0.01966487, 0.1582343, 411.4475, 3.385657, 2.551616, 47.41694
 
13.91022, -0.0002917908, -0.004348579, 160.7722, 0, 0.0009398800114608212110372853, 46245.17, -2639.5, -5.741346, 0.01966487, 0.1582343, 411.2085, 3.385756, 2.551616, 47.41694
 
13.92022, -0.0002833004, -0.004351497, 160.6269, 0, 0.0009405562859262251164074216, 46169.6, -2639.898, -5.741346, 0.01966487, 0.1582343, 410.9699, 3.385859, 2.551616, 47.41694
 
13.93022, -0.0002715345, -0.00435433, 160.4812, 0, 0.0009410091393246989283143824, 46094.14, -2640.289, -5.741346, 0.01966487, 0.1582343, 410.7313, 3.385958, 2.551616, 47.41694
 
13.94022, -0.0003031433, -0.004357046, 160.3358, 0, 0.0009441589854171853414721685, 46018.86, -2640.679, -5.741346, 0.01966487, 0.1582343, 410.493, 3.386058, 2.551616, 47.41694
 
13.95022, -0.000290256, -0.004360077, 160.1911, 0, 0.0009445850570186995723241461, 45943.73, -2641.076, -5.741346, 0.01966487, 0.1582343, 410.2549, 3.386159, 2.551616, 47.41694
 
13.96022, -0.0002779658, -0.004362979, 160.046, 0, 0.0009450193056716816330271028, 45868.71, -2641.466, -5.741346, 0.01966487, 0.1582343, 410.0169, 3.386259, 2.551616, 47.41694
 
13.97022, -0.0003036248, -0.004365759, 159.9016, 0, 0.0009478203941521071233693208, 45793.86, -2641.864, -5.741346, 0.01966487, 0.1582343, 409.7792, 3.38636, 2.551616, 47.41694
 
13.98022, -0.0003247641, -0.004368795, 159.7569, 0, 0.0009503958171620182885624013, 45719.19, -2642.254, -5.741346, 0.01966487, 0.1582343, 409.5418, 3.38646, 2.551616, 47.41694
 
13.99022, -0.000307264, -0.004372043, 159.6129, 0, 0.0009505778230932194710458857, 45644.61, -2642.652, -5.741346, 0.01966487, 0.1582343, 409.3044, 3.386561, 2.551616, 47.41694
 
14.00023, -0.0003315433, -0.004375115, 159.4686, 0, 0.0009533665673759718990786932, 45570.21, -2643.042, -5.741346, 0.01966487, 0.1582343, 409.0673, 3.386661, 2.551616, 47.41694
 
14.01023, -0.0003476079, -0.004378431, 159.3244, 0, 0.0009556922533986043365923032, 45495.91, -2643.432, -5.741346, 0.01966487, 0.1582343, 408.8303, 3.38676, 2.551616, 47.41694
 
14.02023, -0.000383601, -0.004381907, 159.181, 0, 0.0009593231516998447172670221, 45421.78, -2643.83, -5.741346, 0.01966487, 0.1582343, 408.5935, 3.386862, 2.551616, 47.41694
 
14.03023, -0.0003752963, -0.004385743, 159.0372, 0, 0.0009602184772056511364296332, 45347.8, -2644.22, -5.741346, 0.01966487, 0.1582343, 408.357, 3.386961, 2.551616, 47.41694
 
14.04023, -0.0003619718, -0.004389496, 158.8941, 0, 0.0009607765462777266704008773, 45273.95, -2644.618, -5.741346, 0.01966487, 0.1582343, 408.1205, 3.387062, 2.551616, 47.41694
 
14.05023, -0.0003933558, -0.004393115, 158.7508, 0, 0.0009641591182774407869032492, 45200.25, -2645.009, -5.741346, 0.01966487, 0.1582343, 407.8844, 3.387161, 2.551616, 47.41694
 
14.06023, -0.0003791079, -0.004397049, 158.6076, 0, 0.0009646975120171360623398264, 45126.72, -2645.398, -5.741346, 0.01966487, 0.1582343, 407.6485, 3.387261, 2.551616, 47.41694
 
14.07023, -0.0003653422, -0.00440084, 158.4651, 0, 0.0009652359081625366447614617, 45053.3, -2645.798, -5.741346, 0.01966487, 0.1582343, 407.4127, 3.387362, 2.551616, 47.41694
 
14.08023, -0.000396205, -0.004404493, 158.3222, 0, 0.0009686048187348850119250637, 44980.03, -2646.187, -5.741346, 0.01966487, 0.1582343, 407.1771, 3.387461, 2.551616, 47.41694
 
14.09023, -0.0003778998, -0.004408455, 158.18, 0, 0.0009688895197103688785366307, 44906.89, -2646.585, -5.741346, 0.01966487, 0.1582343, 406.9416, 3.387563, 2.551616, 47.41694
 
14.10023, -0.0004027087, -0.004412234, 158.0376, 0, 0.0009719058965431588130660976, 44833.89, -2646.975, -5.741346, 0.01966487, 0.1582343, 406.7064, 3.387662, 2.551616, 47.41694
 
14.11023, -0.0004266125, -0.004416261, 157.8953, 0, 0.0009749232898355761620934081, 44761.07, -2647.366, -5.741346, 0.01966487, 0.1582343, 406.4714, 3.387761, 2.551616, 47.41694
 
14.12023, -0.0004017146, -0.004420527, 157.7536, 0, 0.0009748493081659831694307425, 44688.33, -2647.764, -5.741346, 0.01966487, 0.1582343, 406.2365, 3.387862, 2.551616, 47.41694
 
14.13023, -0.0003996842, -0.004424544, 157.6118, 0, 0.0009761961036635311079173531, 44615.78, -2648.155, -5.741346, 0.01966487, 0.1582343, 406.0019, 3.387962, 2.551616, 47.41694
 
14.14023, -0.000392349, -0.004428541, 157.4705, 0, 0.0009771955158717191878412583, 44543.38, -2648.553, -5.741346, 0.01966487, 0.1582343, 405.7676, 3.388063, 2.551616, 47.41694
 
14.15023, -0.0003480335, -0.004432464, 157.3289, 0, 0.0009757823169471763097486401, 44471.08, -2648.942, -5.741346, 0.01966487, 0.1582343, 405.5333, 3.388162, 2.551616, 47.41694
 
14.16023, -0.0003422621, -0.004435945, 157.1876, 0, 0.0009767685542888346824068910, 44398.93, -2649.333, -5.741346, 0.01966487, 0.1582343, 405.2993, 3.388261, 2.551616, 47.41694
 
14.17023, -0.0003365648, -0.004439367, 157.0468, 0, 0.0009777480338697807024972749, 44326.91, -2649.732, -5.741346, 0.01966487, 0.1582343, 405.0653, 3.388363, 2.551616, 47.41694
 
14.18023, -0.0003310239, -0.004442733, 156.9059, 0, 0.0009787251447673216679116607, 44255.04, -2650.123, -5.741346, 0.01966487, 0.1582343, 404.8316, 3.388462, 2.551616, 47.41694
 
14.19023, -0.0003219225, -0.004446044, 156.765, 0, 0.0009794573276146168726586581, 44183.32, -2650.513, -5.741346, 0.01966487, 0.1582343, 404.5982, 3.388561, 2.551616, 47.41694
 
14.20023, -0.0003129839, -0.004449263, 156.6249, 0, 0.0009801810844093551540715553, 44111.71, -2650.913, -5.741346, 0.01966487, 0.1582343, 404.3649, 3.388662, 2.551616, 47.41694
 
14.21023, -0.000341194, -0.004452392, 156.4844, 0, 0.0009833138604861555393628717, 44040.27, -2651.302, -5.741346, 0.01966487, 0.1582343, 404.1318, 3.388761, 2.551616, 47.41694
 
14.22023, -0.000331495, -0.004455804, 156.3447, 0, 0.0009840310042225033007490716, 43968.98, -2651.701, -5.741346, 0.01966487, 0.1582343, 403.899, 3.388862, 2.551616, 47.41694
 
14.23023, -0.0002911646, -0.004459119, 156.2046, 0, 0.0009827170213677094210322285, 43897.79, -2652.092, -5.741346, 0.01966487, 0.1582343, 403.6663, 3.388961, 2.551616, 47.41694
 
14.24023, -0.0002942414, -0.004462031, 156.0646, 0, 0.0009841607499282837931238338, 43826.77, -2652.481, -5.741346, 0.01966487, 0.1582343, 403.4338, 3.38906, 2.551616, 47.41694
 
14.25023, -0.0002933512, -0.004464974, 155.9254, 0, 0.0009853527648647358446132358, 43755.85, -2652.881, -5.741346, 0.01966487, 0.1582343, 403.2014, 3.389161, 2.551616, 47.41694
 
14.26023, -0.0003015275, -0.004467907, 155.7859, 0, 0.0009871406088064398894864703, 43685.08, -2653.273, -5.741346, 0.01966487, 0.1582343, 402.9692, 3.38926, 2.551616, 47.41694
 
14.27023, -0.0003039239, -0.004470923, 155.6463, 0, 0.0009885674936795852976462771, 43614.41, -2653.662, -5.741346, 0.01966487, 0.1582343, 402.7371, 3.389359, 2.551616, 47.41694
 
14.28023, -0.0003392625, -0.004473962, 155.5076, 0, 0.0009921784703144504530256692, 43543.91, -2654.062, -5.741346, 0.01966487, 0.1582343, 402.5053, 3.38946, 2.551616, 47.41694
 
14.29023, -0.0003747687, -0.004477355, 155.3686, 0, 0.0009958850494953139787722611, 43473.55, -2654.452, -5.741346, 0.01966487, 0.1582343, 402.2737, 3.389559, 2.551616, 47.41694
 
14.30023, -0.00037077, -0.004481102, 155.2303, 0, 0.0009970587068773188087235477, 43403.31, -2654.853, -5.741346, 0.01966487, 0.1582343, 402.0422, 3.38966, 2.551616, 47.41694
 
14.31023, -0.0003780992, -0.00448481, 155.0916, 0, 0.0009989754117583988588646069, 43333.21, -2655.243, -5.741346, 0.01966487, 0.1582343, 401.811, 3.389759, 2.551616, 47.41694
 
14.32023, -0.0003901549, -0.004488591, 154.9531, 0, 0.0010012254951399251072367295, 43263.22, -2655.635, -5.741346, 0.01966487, 0.1582343, 401.5798, 3.389858, 2.551616, 47.41694
 
14.33023, -0.0003967909, -0.004492493, 154.8153, 0, 0.0010031452367144099059929086, 43193.38, -2656.035, -5.741346, 0.01966487, 0.1582343, 401.3489, 3.389958, 2.551616, 47.41694
 
14.34023, -0.0004029386, -0.004496461, 154.6772, 0, 0.0010050482254718750005200681, 43123.7, -2656.427, -5.741346, 0.01966487, 0.1582343, 401.1183, 3.390057, 2.551616, 47.41694
 
14.35023, -0.0004049378, -0.00450049, 154.5392, 0, 0.0010066907840446209427537673, 43054.12, -2656.818, -5.741346, 0.01966487, 0.1582343, 400.8877, 3.390156, 2.551616, 47.41694
 
14.36023, -0.000410806, -0.00450454, 154.4019, 0, 0.0010085978920643391320578214, 42984.7, -2657.217, -5.741346, 0.01966487, 0.1582343, 400.6574, 3.390257, 2.551616, 47.41694
 
14.37023, -0.0004125576, -0.004508648, 154.2643, 0, 0.0010102442473309355522833849, 42915.42, -2657.608, -5.741346, 0.01966487, 0.1582343, 400.4274, 3.390356, 2.551616, 47.41694
 
14.38023, -0.0003870224, -0.004512773, 154.1269, 0, 0.0010100655023612335331475106, 42846.26, -2658, -5.741346, 0.01966487, 0.1582343, 400.1974, 3.390455, 2.551616, 47.41694
 
14.39023, -0.0003679774, -0.004516643, 153.9902, 0, 0.0010102637059817664020904035, 42777.25, -2658.401, -5.741346, 0.01966487, 0.1582343, 399.9678, 3.390556, 2.551616, 47.41694
 
14.40023, -0.0003403811, -0.004520323, 153.853, 0, 0.0010098423697264563570962832, 42708.33, -2658.791, -5.741346, 0.01966487, 0.1582343, 399.7381, 3.390655, 2.551616, 47.41694
 
14.41023, -0.0003604859, -0.004523727, 153.7162, 0, 0.0010125713016560015628952804, 42639.55, -2659.183, -5.741346, 0.01966487, 0.1582343, 399.5088, 3.390753, 2.551616, 47.41694
 
14.42023, -0.000336864, -0.004527332, 153.5799, 0, 0.0010123980304487069606687919, 42570.89, -2659.583, -5.741346, 0.01966487, 0.1582343, 399.2794, 3.390855, 2.551616, 47.41694
 
14.43023, -0.000351924, -0.0045307, 153.4433, 0, 0.0010147844430048539658743158, 42502.38, -2659.975, -5.741346, 0.01966487, 0.1582343, 399.0504, 3.390953, 2.551616, 47.41694
 
14.44024, -0.0003660858, -0.00453422, 153.3071, 0, 0.0010171474804527959035813896, 42434.03, -2660.368, -5.741346, 0.01966487, 0.1582343, 398.8216, 3.391052, 2.551616, 47.41694
 
14.45024, -0.0003384796, -0.004537881, 153.1712, 0, 0.0010167135006547496232044854, 42365.75, -2660.768, -5.741346, 0.01966487, 0.1582343, 398.5929, 3.391153, 2.551616, 47.41694
 
14.46024, -0.0003280995, -0.004541266, 153.0353, 0, 0.0010173843249004918202943399, 42297.65, -2661.16, -5.741346, 0.01966487, 0.1582343, 398.3644, 3.391252, 2.551616, 47.41694
 
14.47024, -0.0003124233, -0.004544547, 152.8994, 0, 0.0010176715196259759948389791, 42229.64, -2661.552, -5.741346, 0.01966487, 0.1582343, 398.136, 3.391351, 2.551616, 47.41694
 
14.48024, -0.0003402344, -0.004547671, 152.7638, 0, 0.0010208835518568697427183952, 42161.78, -2661.945, -5.741346, 0.01966487, 0.1582343, 397.9079, 3.391449, 2.551616, 47.41694
 
14.49024, -0.0003243249, -0.004551073, 152.6288, 0, 0.0010211818602335467867022255, 42094.07, -2662.346, -5.741346, 0.01966487, 0.1582343, 397.6801, 3.39155, 2.551616, 47.41694
 
14.50024, -0.0003137156, -0.004554316, 152.4935, 0, 0.0010218052243495592736538394, 42026.46, -2662.739, -5.741346, 0.01966487, 0.1582343, 397.4523, 3.391649, 2.551616, 47.41694
 
14.51024, -0.0003359066, -0.004557454, 152.3584, 0, 0.0010246477635483681776890839, 41959, -2663.132, -5.741346, 0.01966487, 0.1582343, 397.2248, 3.391748, 2.551616, 47.41694
 
14.52024, -0.0003318543, -0.004560813, 152.2238, 0, 0.0010257469638734297232757597, 41891.64, -2663.531, -5.741346, 0.01966487, 0.1582343, 396.9973, 3.391849, 2.551616, 47.41694
 
14.53024, -0.000328616, -0.004564132, 152.089, 0, 0.0010268934059243354862967043, 41824.41, -2663.924, -5.741346, 0.01966487, 0.1582343, 396.7701, 3.391947, 2.551616, 47.41694
 
14.54024, -0.000324989, -0.004567418, 151.9543, 0, 0.0010280066777737566464331797, 41757.3, -2664.317, -5.741346, 0.01966487, 0.1582343, 396.5429, 3.392046, 2.551616, 47.41694
 
14.55024, -0.000362582, -0.004570668, 151.8204, 0, 0.0010319497968989133779546085, 41690.33, -2664.72, -5.741346, 0.01966487, 0.1582343, 396.316, 3.392147, 2.551616, 47.41694
 
14.56024, -0.0003528651, -0.004574293, 151.6862, 0, 0.0010327229164761326060538575, 41623.52, -2665.113, -5.741346, 0.01966487, 0.1582343, 396.0894, 3.392246, 2.551616, 47.41694
 
14.57024, -0.0003481439, -0.004577822, 151.552, 0, 0.0010338190181671847719359274, 41556.78, -2665.506, -5.741346, 0.01966487, 0.1582343, 395.8629, 3.392345, 2.551616, 47.41694
 
14.58024, -0.0003545149, -0.004581303, 151.4182, 0, 0.0010356716828153187947729459, 41490.22, -2665.9, -5.741346, 0.01966487, 0.1582343, 395.6366, 3.392443, 2.551616, 47.41694
 
14.59024, -0.000356526, -0.004584848, 151.2849, 0, 0.0010372400827476367120452775, 41423.73, -2666.302, -5.741346, 0.01966487, 0.1582343, 395.4103, 3.392544, 2.551616, 47.41694
 
14.60024, -0.000368045, -0.004588414, 151.1513, 0, 0.0010394725380956548730194007, 41357.41, -2666.695, -5.741346, 0.01966487, 0.1582343, 395.1844, 3.392643, 2.551616, 47.41694
 
14.61024, -0.0003734156, -0.004592094, 151.0179, 0, 0.0010413082894730338164220264, 41291.16, -2667.09, -5.741346, 0.01966487, 0.1582343, 394.9584, 3.392742, 2.551616, 47.41694
 
14.62024, -0.0004159601, -0.004595828, 150.8846, 0, 0.0010457423940001983558881351, 41225.06, -2667.484, -5.741346, 0.01966487, 0.1582343, 394.7328, 3.39284, 2.551616, 47.41694
 
14.63024, -0.0004165061, -0.004599988, 150.752, 0, 0.0010473558282137955991160414, 41159.13, -2667.885, -5.741346, 0.01966487, 0.1582343, 394.5074, 3.392941, 2.551616, 47.41694
 
14.64024, -0.0003900037, -0.004604153, 150.6191, 0, 0.0010470862533349172891577619, 41093.28, -2668.28, -5.741346, 0.01966487, 0.1582343, 394.2821, 3.39304, 2.551616, 47.41694
 
14.65024, -0.00040683, -0.004608053, 150.4864, 0, 0.0010497794552183737133354138, 41027.59, -2668.673, -5.741346, 0.01966487, 0.1582343, 394.057, 3.393139, 2.551616, 47.41694
 
14.66024, -0.0003861537, -0.004612121, 150.3538, 0, 0.0010498924456384340506499713, 40961.98, -2669.068, -5.741346, 0.01966487, 0.1582343, 393.832, 3.393238, 2.551616, 47.41694
 
14.67024, -0.0003982192, -0.004615983, 150.2219, 0, 0.0010522505723243505056940379, 40896.52, -2669.471, -5.741346, 0.01966487, 0.1582343, 393.6073, 3.393338, 2.551616, 47.41694
 
14.68024, -0.0004092506, -0.004619965, 150.0898, 0, 0.0010545657153219711008510681, 40831.21, -2669.865, -5.741346, 0.01966487, 0.1582343, 393.3829, 3.393437, 2.551616, 47.41694
 
14.69024, -0.0003847178, -0.004624058, 149.9577, 0, 0.0010544105282077088189465116, 40765.98, -2670.26, -5.741346, 0.01966487, 0.1582343, 393.1585, 3.393536, 2.551616, 47.41694
 
14.70024, -0.0003718369, -0.004627905, 149.8258, 0, 0.0010550168812336674487258887, 40700.9, -2670.654, -5.741346, 0.01966487, 0.1582343, 392.9344, 3.393635, 2.551616, 47.41694
 
14.71024, -0.0003586927, -0.004631624, 149.6945, 0, 0.0010555751599056098357632994, 40635.92, -2671.056, -5.741346, 0.01966487, 0.1582343, 392.7103, 3.393736, 2.551616, 47.41694
 
14.72024, -0.0003505747, -0.004635211, 149.563, 0, 0.0010564568584924360824985449, 40571.09, -2671.452, -5.741346, 0.01966487, 0.1582343, 392.4865, 3.393835, 2.551616, 47.41694
 
14.73024, -0.0003333469, -0.004638717, 149.4316, 0, 0.0010566773303441481785598860, 40506.34, -2671.847, -5.741346, 0.01966487, 0.1582343, 392.2627, 3.393934, 2.551616, 47.41694
 
14.74024, -0.0003589029, -0.00464205, 149.3005, 0, 0.0010598846843486976906426914, 40441.74, -2672.243, -5.741346, 0.01966487, 0.1582343, 392.0392, 3.394032, 2.551616, 47.41694
 
14.75024, -0.0003259311, -0.004645639, 149.1694, 0, 0.0010590068350515800805757562, 40377.23, -2672.638, -5.741346, 0.01966487, 0.1582343, 391.8157, 3.394131, 2.551616, 47.41694
 
14.76024, -0.0003258962, -0.004648898, 149.0391, 0, 0.0010603890221597552374841163, 40312.86, -2673.043, -5.741346, 0.01966487, 0.1582343, 391.5925, 3.394233, 2.551616, 47.41694
 
14.77024, -0.0003251531, -0.004652157, 148.9084, 0, 0.0010617199683695976454962519, 40248.64, -2673.438, -5.741346, 0.01966487, 0.1582343, 391.3697, 3.394331, 2.551616, 47.41694
 
14.78024, -0.0003253066, -0.004655409, 148.7779, 0, 0.0010631157327063999822316865, 40184.51, -2673.835, -5.741346, 0.01966487, 0.1582343, 391.1468, 3.39443, 2.551616, 47.41694
 
14.79024, -0.0003250092, -0.004658662, 148.6475, 0, 0.0010644797067520113089944531, 40120.53, -2674.23, -5.741346, 0.01966487, 0.1582343, 390.9243, 3.394529, 2.551616, 47.41694
 
14.80024, -0.0003204607, -0.004661913, 148.5174, 0, 0.0010655416763512206777307052, 40056.63, -2674.628, -5.741346, 0.01966487, 0.1582343, 390.7017, 3.394628, 2.551616, 47.41694
 
14.81024, -0.0003319234, -0.004665117, 148.3879, 0, 0.0010677384289752687118352703, 39992.88, -2675.032, -5.741346, 0.01966487, 0.1582343, 390.4794, 3.394729, 2.551616, 47.41694
 
14.82024, -0.0003422189, -0.004668436, 148.258, 0, 0.0010698812734905563561604180, 39929.21, -2675.429, -5.741346, 0.01966487, 0.1582343, 390.2572, 3.394828, 2.551616, 47.41694
 
14.83024, -0.0003483067, -0.004671859, 148.1283, 0, 0.0010717478222993344355672812, 39865.69, -2675.825, -5.741346, 0.01966487, 0.1582343, 390.0353, 3.394927, 2.551616, 47.41694
 
14.84024, -0.0003585237, -0.004675342, 147.9988, 0, 0.0010739279864319103010293956, 39802.26, -2676.222, -5.741346, 0.01966487, 0.1582343, 389.8133, 3.395026, 2.551616, 47.41694
 
14.85024, -0.0003791032, -0.004678927, 147.8694, 0, 0.0010768798666931112227159511, 39738.96, -2676.62, -5.741346, 0.01966487, 0.1582343, 389.5917, 3.395124, 2.551616, 47.41694
 
14.86024, -0.0003679138, -0.004682718, 147.7403, 0, 0.0010775938717098156053020640, 39675.82, -2677.017, -5.741346, 0.01966487, 0.1582343, 389.3704, 3.395224, 2.551616, 47.41694
 
14.87024, -0.0003476327, -0.004686397, 147.6117, 0, 0.0010776263044446565047009913, 39612.75, -2677.422, -5.741346, 0.01966487, 0.1582343, 389.149, 3.395325, 2.551616, 47.41694
 
14.88025, -0.0003681674, -0.004689873, 147.4829, 0, 0.0010805595382430846657536658, 39549.84, -2677.819, -5.741346, 0.01966487, 0.1582343, 388.928, 3.395424, 2.551616, 47.41694
 
14.89025, -0.000348414, -0.004693555, 147.3542, 0, 0.0010806289739169297160582161, 39487.02, -2678.216, -5.741346, 0.01966487, 0.1582343, 388.707, 3.395523, 2.551616, 47.41694
 
14.90025, -0.0003451, -0.004697039, 147.2257, 0, 0.0010818424533119611431098412, 39424.32, -2678.615, -5.741346, 0.01966487, 0.1582343, 388.4863, 3.395622, 2.551616, 47.41694
 
14.91025, -0.000341004, -0.00470049, 147.0974, 0, 0.0010829927056687896587638806, 39361.73, -2679.012, -5.741346, 0.01966487, 0.1582343, 388.2656, 3.395721, 2.551616, 47.41694
 
14.92025, -0.0003736131, -0.0047039, 146.9692, 0, 0.0010868017567356487004695082, 39299.26, -2679.411, -5.741346, 0.01966487, 0.1582343, 388.0453, 3.39582, 2.551616, 47.41694
 
14.93025, -0.0003691485, -0.004707636, 146.8416, 0, 0.0010879949586231660620111369, 39236.89, -2679.818, -5.741346, 0.01966487, 0.1582343, 387.8249, 3.395921, 2.551616, 47.41694
 
14.94025, -0.0003962724, -0.004711327, 146.7138, 0, 0.0010914801621465410758093401, 39174.65, -2680.217, -5.741346, 0.01966487, 0.1582343, 387.6048, 3.39602, 2.551616, 47.41694
 
14.95025, -0.0004059142, -0.00471529, 146.5861, 0, 0.0010937578255750110636217731, 39112.51, -2680.616, -5.741346, 0.01966487, 0.1582343, 387.3847, 3.396119, 2.551616, 47.41694
 
14.96025, -0.0004116525, -0.004719349, 146.4586, 0, 0.0010957752707641278395975099, 39050.5, -2681.015, -5.741346, 0.01966487, 0.1582343, 387.1649, 3.396219, 2.551616, 47.41694
 
14.97025, -0.0004128267, -0.004723466, 146.3313, 0, 0.0010974733678214413968984504, 38988.64, -2681.415, -5.741346, 0.01966487, 0.1582343, 386.9455, 3.396318, 2.551616, 47.41694
 
14.98025, -0.0004129896, -0.004727594, 146.2041, 0, 0.0010991025897461421861347783, 38926.86, -2681.813, -5.741346, 0.01966487, 0.1582343, 386.726, 3.396417, 2.551616, 47.41694
 
14.99025, -0.0003940024, -0.004731724, 146.0772, 0, 0.0010993266940035885071669731, 38865.23, -2682.214, -5.741346, 0.01966487, 0.1582343, 386.5068, 3.396516, 2.551616, 47.41694
 
15.00025, -0.0003746493, -0.004735664, 145.9503, 0, 0.0010994786522528951116352570, 38803.68, -2682.613, -5.741346, 0.01966487, 0.1582343, 386.2877, 3.396615, 2.551616, 47.41694
 
15.01025, -0.000392282, -0.00473941, 145.8236, 0, 0.0011023078137974093585311667, 38742.25, -2683.013, -5.741346, 0.01966487, 0.1582343, 386.0688, 3.396714, 2.551616, 47.41694
 
15.02025, -0.0003736405, -0.004743333, 145.6975, 0, 0.0011025076102857922306598543, 38680.92, -2683.422, -5.741346, 0.01966487, 0.1582343, 385.85, 3.396816, 2.551616, 47.41694
 
15.03025, -0.0003868329, -0.004747069, 145.5712, 0, 0.0011050130020869629566835432, 38619.73, -2683.822, -5.741346, 0.01966487, 0.1582343, 385.6314, 3.396915, 2.551616, 47.41694
 
15.04025, -0.0003830325, -0.004750938, 145.445, 0, 0.0011062961182158525738233269, 38558.62, -2684.223, -5.741346, 0.01966487, 0.1582343, 385.4129, 3.397015, 2.551616, 47.41694
 
15.05025, -0.0003725105, -0.004754768, 145.3189, 0, 0.0011070727478543724846758384, 38497.64, -2684.623, -5.741346, 0.01966487, 0.1582343, 385.1947, 3.397114, 2.551616, 47.41694
 
15.06025, -0.000369842, -0.004758494, 145.1931, 0, 0.0011084079832802250710487831, 38436.77, -2685.025, -5.741346, 0.01966487, 0.1582343, 384.9765, 3.397214, 2.551616, 47.41694
 
15.07025, -0.0003983902, -0.004762192, 145.0674, 0, 0.0011120568752619735214195146, 38376.02, -2685.426, -5.741346, 0.01966487, 0.1582343, 384.7585, 3.397313, 2.551616, 47.41694
 
15.08025, -0.0003871111, -0.004766176, 144.9418, 0, 0.0011128142927784526045770661, 38315.36, -2685.827, -5.741346, 0.01966487, 0.1582343, 384.5406, 3.397413, 2.551616, 47.41694
 
15.09025, -0.0003952162, -0.004770047, 144.8164, 0, 0.0011149900091647992339733763, 38254.83, -2686.228, -5.741346, 0.01966487, 0.1582343, 384.323, 3.397512, 2.551616, 47.41694
 
15.10025, -0.0003985807, -0.004773999, 144.6911, 0, 0.0011168339446286873156156860, 38194.38, -2686.63, -5.741346, 0.01966487, 0.1582343, 384.1054, 3.397611, 2.551616, 47.41694
 
15.11025, -0.0004036514, -0.004777984, 144.5661, 0, 0.0011188147361019473616946003, 38134.07, -2687.033, -5.741346, 0.01966487, 0.1582343, 383.8881, 3.397711, 2.551616, 47.41694
 
15.12025, -0.0003869645, -0.004782021, 144.4412, 0, 0.0011191815234348775441806134, 38073.85, -2687.436, -5.741346, 0.01966487, 0.1582343, 383.6708, 3.397811, 2.551616, 47.41694
 
15.13025, -0.0004018155, -0.00478589, 144.3165, 0, 0.0011218719528488624328381662, 38013.76, -2687.839, -5.741346, 0.01966487, 0.1582343, 383.4539, 3.39791, 2.551616, 47.41694
 
15.14025, -0.0003859911, -0.004789908, 144.192, 0, 0.0011222977513304144778199906, 37953.81, -2688.242, -5.741346, 0.01966487, 0.1582343, 383.2372, 3.39801, 2.551616, 47.41694
 
15.15025, -0.0003610824, -0.004793768, 144.0675, 0, 0.0011220024663513506176211594, 37893.93, -2688.644, -5.741346, 0.01966487, 0.1582343, 383.0205, 3.39811, 2.551616, 47.41694
 
15.16025, -0.0003763872, -0.004797379, 143.9433, 0, 0.0011246734379183773976360942, 37834.21, -2689.047, -5.741346, 0.01966487, 0.1582343, 382.8041, 3.398209, 2.551616, 47.41694
 
15.17025, -0.0003371925, -0.004801143, 143.8191, 0, 0.0011232759192938733272092045, 37774.55, -2689.45, -5.741346, 0.01966487, 0.1582343, 382.5878, 3.398309, 2.551616, 47.41694
 
15.18025, -0.0003301634, -0.004804515, 143.6953, 0, 0.0011242092172136024983806068, 37715.05, -2689.854, -5.741346, 0.01966487, 0.1582343, 382.3717, 3.398409, 2.551616, 47.41694
 
15.19025, -0.0003221986, -0.004807816, 143.5715, 0, 0.0011250566932627669922566225, 37655.6, -2690.259, -5.741346, 0.01966487, 0.1582343, 382.1556, 3.398509, 2.551616, 47.41694
 
15.20025, -0.0003503889, -0.004811038, 143.4479, 0, 0.0011286226644809034455155399, 37596.3, -2690.663, -5.741346, 0.01966487, 0.1582343, 381.9399, 3.398608, 2.551616, 47.41694
 
15.21025, -0.0003171552, -0.004814542, 143.3244, 0, 0.0011276024660478235884549336, 37537.08, -2691.067, -5.741346, 0.01966487, 0.1582343, 381.7241, 3.398709, 2.551616, 47.41694
 
15.22025, -0.0003258912, -0.004817714, 143.2012, 0, 0.0011296875812186485616616382, 37478, -2691.472, -5.741346, 0.01966487, 0.1582343, 381.5087, 3.398808, 2.551616, 47.41694
 
15.23025, -0.0003331588, -0.004820973, 143.0781, 0, 0.0011316845801542079379587262, 37418.99, -2691.877, -5.741346, 0.01966487, 0.1582343, 381.2932, 3.398908, 2.551616, 47.41694
 
15.24025, -0.0003371949, -0.004824304, 142.9551, 0, 0.0011334542752257185090830271, 37360.12, -2692.282, -5.741346, 0.01966487, 0.1582343, 381.0781, 3.399009, 2.551616, 47.41694
 
15.25025, -0.0003161509, -0.004827676, 142.8323, 0, 0.0011333231809523355638112331, 37301.34, -2692.687, -5.741346, 0.01966487, 0.1582343, 380.863, 3.399108, 2.551616, 47.41694
 
15.26025, -0.0003399767, -0.004830838, 142.7097, 0, 0.0011365672491335821723593249, 37242.69, -2693.093, -5.741346, 0.01966487, 0.1582343, 380.6482, 3.399209, 2.551616, 47.41694
 
15.27025, -0.0003533827, -0.004834238, 142.5872, 0, 0.0011390762910981821452991022, 37184.11, -2693.5, -5.741346, 0.01966487, 0.1582343, 380.4333, 3.399309, 2.551616, 47.41694
 
15.28025, -0.0003718589, -0.004837771, 142.4649, 0, 0.0011420083914974561182777745, 37125.67, -2693.906, -5.741346, 0.01966487, 0.1582343, 380.2188, 3.399409, 2.551616, 47.41694
 
15.29025, -0.0003614398, -0.00484149, 142.3427, 0, 0.0011427722425204420067589400, 37067.29, -2694.312, -5.741346, 0.01966487, 0.1582343, 380.0043, 3.399509, 2.551616, 47.41694
 
15.30025, -0.0003937806, -0.004845105, 142.2207, 0, 0.0011467957881207577999528117, 37009.07, -2694.719, -5.741346, 0.01966487, 0.1582343, 379.7901, 3.399609, 2.551616, 47.41694
 
15.31026, -0.0003869834, -0.004849042, 142.0989, 0, 0.0011478915007137132784696584, 36950.93, -2695.126, -5.741346, 0.01966487, 0.1582343, 379.5759, 3.399709, 2.551616, 47.41694
 
15.32026, -0.0004160278, -0.004852912, 141.9772, 0, 0.0011517330112383179265334789, 36892.89, -2695.533, -5.741346, 0.01966487, 0.1582343, 379.362, 3.399809, 2.551616, 47.41694
 
15.33026, -0.0004176029, -0.004857072, 141.8553, 0, 0.0011535301839149011213922583, 36834.96, -2695.934, -5.741346, 0.01966487, 0.1582343, 379.1481, 3.399908, 2.551616, 47.41694
 
15.34026, -0.0004263752, -0.004861248, 141.734, 0, 0.0011558888489294407644796582, 36777.16, -2696.343, -5.741346, 0.01966487, 0.1582343, 378.9345, 3.400008, 2.551616, 47.41694
 
15.35026, -0.0004251923, -0.004865512, 141.6127, 0, 0.0011575005775282935812357308, 36719.42, -2696.751, -5.741346, 0.01966487, 0.1582343, 378.721, 3.400109, 2.551616, 47.41694
 
15.36026, -0.0004477476, -0.004869764, 141.4916, 0, 0.0011609511798184874125930770, 36661.82, -2697.159, -5.741346, 0.01966487, 0.1582343, 378.5077, 3.400209, 2.551616, 47.41694
 
15.37026, -0.0004266712, -0.004874241, 141.3707, 0, 0.0011610737245179315654665808, 36604.3, -2697.567, -5.741346, 0.01966487, 0.1582343, 378.2944, 3.400309, 2.551616, 47.41694
 
15.38026, -0.0004451112, -0.004878508, 141.25, 0, 0.0011642166137865962537653321, 36546.91, -2697.978, -5.741346, 0.01966487, 0.1582343, 378.0815, 3.40041, 2.551616, 47.41694
 
15.39026, -0.0004582786, -0.004882959, 141.1294, 0, 0.0011669971557068367980552725, 36489.6, -2698.387, -5.741346, 0.01966487, 0.1582343, 377.8685, 3.400511, 2.551616, 47.41694
 
15.40026, -0.0004532142, -0.004887542, 141.009, 0, 0.0011683911508170713880192354, 36432.42, -2698.796, -5.741346, 0.01966487, 0.1582343, 377.6558, 3.400611, 2.551616, 47.41694
 
15.41026, -0.0004469815, -0.004892074, 140.8882, 0, 0.0011696822776013202617544711, 36375.31, -2699.198, -5.741346, 0.01966487, 0.1582343, 377.4432, 3.40071, 2.551616, 47.41694
 
15.42026, -0.0004433149, -0.004896544, 140.7682, 0, 0.0011711602283651782152920136, 36318.34, -2699.608, -5.741346, 0.01966487, 0.1582343, 377.2308, 3.400811, 2.551616, 47.41694
 
15.43026, -0.0004334, -0.004900977, 140.6482, 0, 0.0011721416169033139755559874, 36261.45, -2700.019, -5.741346, 0.01966487, 0.1582343, 377.0185, 3.400912, 2.551616, 47.41694
 
15.44026, -0.0004440714, -0.004905311, 140.5285, 0, 0.0011747136232096559232122583, 36204.68, -2700.431, -5.741346, 0.01966487, 0.1582343, 376.8065, 3.401013, 2.551616, 47.41694
 
15.45026, -0.0004117752, -0.004909751, 140.4089, 0, 0.0011739404271858906614934921, 36147.99, -2700.843, -5.741346, 0.01966487, 0.1582343, 376.5944, 3.401114, 2.551616, 47.41694
 
15.46026, -0.0004241513, -0.004913869, 140.2894, 0, 0.0011765991632287822612333827, 36091.43, -2701.254, -5.741346, 0.01966487, 0.1582343, 376.3827, 3.401215, 2.551616, 47.41694
 
15.47026, -0.0004063562, -0.004918111, 140.1696, 0, 0.0011769149126911881880765121, 36034.95, -2701.658, -5.741346, 0.01966487, 0.1582343, 376.171, 3.401314, 2.551616, 47.41694
 
15.48026, -0.0003949379, -0.004922174, 140.0505, 0, 0.0011776895742535401497532744, 35978.59, -2702.071, -5.741346, 0.01966487, 0.1582343, 375.9596, 3.401415, 2.551616, 47.41694
 
15.49026, -0.0003791376, -0.004926124, 139.9314, 0, 0.0011780906145865599804671386, 35922.31, -2702.483, -5.741346, 0.01966487, 0.1582343, 375.7481, 3.401516, 2.551616, 47.41694
 
15.50026, -0.0004073839, -0.004929915, 139.8127, 0, 0.0011819367005926007827069191, 35866.16, -2702.897, -5.741346, 0.01966487, 0.1582343, 375.537, 3.401617, 2.551616, 47.41694
 
15.51026, -0.0003640112, -0.004933989, 139.6939, 0, 0.0011801837275348293325274859, 35810.08, -2703.31, -5.741346, 0.01966487, 0.1582343, 375.3259, 3.401719, 2.551616, 47.41694
 
15.52026, -0.0003688246, -0.004937629, 139.575, 0, 0.0011821426951270241026914820, 35754.14, -2703.715, -5.741346, 0.01966487, 0.1582343, 375.1151, 3.401818, 2.551616, 47.41694
 
15.53026, -0.0003653816, -0.004941317, 139.4566, 0, 0.0011834600035672430024261953, 35698.27, -2704.129, -5.741346, 0.01966487, 0.1582343, 374.9043, 3.401919, 2.551616, 47.41694
 
15.54026, -0.0003480101, -0.004944971, 139.3384, 0, 0.0011836620368854601244792865, 35642.52, -2704.545, -5.741346, 0.01966487, 0.1582343, 374.6938, 3.402021, 2.551616, 47.41694
 
15.55026, -0.0003214029, -0.004948451, 139.2199, 0, 0.0011830845970450622321429790, 35586.86, -2704.95, -5.741346, 0.01966487, 0.1582343, 374.4834, 3.40212, 2.551616, 47.41694
 
15.56026, -0.0003390133, -0.004951665, 139.1021, 0, 0.0011859682629569385748221590, 35531.32, -2705.366, -5.741346, 0.01966487, 0.1582343, 374.2732, 3.402222, 2.551616, 47.41694
 
15.57026, -0.0003171967, -0.004955055, 138.9843, 0, 0.0011857488487877880713235539, 35475.85, -2705.782, -5.741346, 0.01966487, 0.1582343, 374.063, 3.402324, 2.551616, 47.41694
 
15.58026, -0.000307878, -0.004958227, 138.8667, 0, 0.0011864740355115466897513834, 35420.51, -2706.198, -5.741346, 0.01966487, 0.1582343, 373.8531, 3.402426, 2.551616, 47.41694
 
15.59026, -0.0002973485, -0.004961306, 138.7488, 0, 0.0011870791851836579234924257, 35365.24, -2706.604, -5.741346, 0.01966487, 0.1582343, 373.6432, 3.402525, 2.551616, 47.41694
 
15.60026, -0.0003254424, -0.00496428, 138.6316, 0, 0.0011907582124405317410595215, 35310.12, -2707.021, -5.741346, 0.01966487, 0.1582343, 373.4337, 3.402627, 2.551616, 47.41694
 
15.61026, -0.000315572, -0.004967534, 138.5144, 0, 0.0011914603437919966871475601, 35255.04, -2707.438, -5.741346, 0.01966487, 0.1582343, 373.2242, 3.402729, 2.551616, 47.41694
 
15.62026, -0.0003211048, -0.00497069, 138.3971, 0, 0.0011933772493574046652234411, 35200.11, -2707.847, -5.741346, 0.01966487, 0.1582343, 373.0149, 3.402829, 2.551616, 47.41694
 
15.63026, -0.0003216137, -0.004973901, 138.2803, 0, 0.0011949061008570149223452234, 35145.24, -2708.265, -5.741346, 0.01966487, 0.1582343, 372.8056, 3.402931, 2.551616, 47.41694
 
15.64026, -0.0003636108, -0.004977118, 138.1637, 0, 0.0011997854606328835813456434, 35090.51, -2708.685, -5.741346, 0.01966487, 0.1582343, 372.5967, 3.403033, 2.551616, 47.41694
 
15.65026, -0.000339268, -0.004980754, 138.0467, 0, 0.0011994114218237456125578677, 35035.85, -2709.093, -5.741346, 0.01966487, 0.1582343, 372.3878, 3.403133, 2.551616, 47.41694
 
15.66026, -0.0003587732, -0.004984146, 137.9304, 0, 0.0012025263487943543310022373, 34981.31, -2709.512, -5.741346, 0.01966487, 0.1582343, 372.1791, 3.403235, 2.551616, 47.41694
 
15.67026, -0.0003678342, -0.004987734, 137.8142, 0, 0.0012048465755549723113690900, 34926.84, -2709.931, -5.741346, 0.01966487, 0.1582343, 371.9705, 3.403337, 2.551616, 47.41694
 
15.68026, -0.0003827251, -0.004991413, 137.6978, 0, 0.0012076642983278368723392851, 34872.49, -2710.343, -5.741346, 0.01966487, 0.1582343, 371.7622, 3.403437, 2.551616, 47.41694
 
15.69026, -0.0003725204, -0.00499524, 137.582, 0, 0.0012084824427173445706812628, 34818.23, -2710.764, -5.741346, 0.01966487, 0.1582343, 371.5539, 3.40354, 2.551616, 47.41694
 
15.70026, -0.0004023241, -0.004998965, 137.4663, 0, 0.0012125326645582431003363718, 34764.09, -2711.184, -5.741346, 0.01966487, 0.1582343, 371.3459, 3.403642, 2.551616, 47.41694
 
15.71026, -0.0003878204, -0.005002989, 137.3503, 0, 0.0012130489971866977269031861, 34710.02, -2711.595, -5.741346, 0.01966487, 0.1582343, 371.1378, 3.403743, 2.551616, 47.41694
 
15.72026, -0.0004167195, -0.005006867, 137.2349, 0, 0.0012170727222610360617635861, 34656.07, -2712.017, -5.741346, 0.01966487, 0.1582343, 370.9301, 3.403845, 2.551616, 47.41694
 
15.73026, -0.0004168212, -0.005011034, 137.1192, 0, 0.0012188192054954370627082199, 34602.2, -2712.431, -5.741346, 0.01966487, 0.1582343, 370.7224, 3.403946, 2.551616, 47.41694
 
15.74026, -0.0004230998, -0.005015202, 137.0042, 0, 0.0012210729239018941966268415, 34548.45, -2712.853, -5.741346, 0.01966487, 0.1582343, 370.515, 3.404048, 2.551616, 47.41694
 
15.75027, -0.0004225989, -0.005019433, 136.8892, 0, 0.0012227890733705545066202168, 34494.77, -2713.275, -5.741346, 0.01966487, 0.1582343, 370.3076, 3.404151, 2.551616, 47.41694
 
15.76027, -0.0004616958, -0.005023659, 136.774, 0, 0.0012277556834997491296909344, 34441.21, -2713.689, -5.741346, 0.01966487, 0.1582343, 370.1006, 3.404252, 2.551616, 47.41694
 
15.77027, -0.0004383923, -0.005028276, 136.6594, 0, 0.0012276963659725999351240368, 34387.73, -2714.113, -5.741346, 0.01966487, 0.1582343, 369.8935, 3.404355, 2.551616, 47.41694
 
15.78027, -0.0004586082, -0.00503266, 136.5446, 0, 0.0012311604804661984738984187, 34334.36, -2714.529, -5.741346, 0.01966487, 0.1582343, 369.6867, 3.404456, 2.551616, 47.41694
 
15.79027, -0.0004683047, -0.005037246, 136.4303, 0, 0.0012338123573875007547518717, 34281.07, -2714.953, -5.741346, 0.01966487, 0.1582343, 369.4799, 3.404559, 2.551616, 47.41694
 
15.80027, -0.0004839921, -0.005041929, 136.3157, 0, 0.0012369850249481293205851897, 34227.91, -2715.368, -5.741346, 0.01966487, 0.1582343, 369.2735, 3.40466, 2.551616, 47.41694
 
15.81027, -0.0004746152, -0.005046769, 136.2017, 0, 0.0012381285389442135259651184, 34174.82, -2715.793, -5.741346, 0.01966487, 0.1582343, 369.067, 3.404763, 2.551616, 47.41694
 
15.82027, -0.0004685838, -0.005051515, 136.0875, 0, 0.0012395257047347216051654097, 34121.84, -2716.211, -5.741346, 0.01966487, 0.1582343, 368.8609, 3.404865, 2.551616, 47.41694
 
15.83027, -0.0004610141, -0.005056201, 135.9738, 0, 0.0012407819123792764183161348, 34068.94, -2716.637, -5.741346, 0.01966487, 0.1582343, 368.6547, 3.404968, 2.551616, 47.41694
 
15.84027, -0.0004685762, -0.005060811, 135.8598, 0, 0.0012432753202626135540712116, 34016.16, -2717.053, -5.741346, 0.01966487, 0.1582343, 368.4489, 3.405069, 2.551616, 47.41694
 
15.85027, -0.0004378943, -0.005065497, 135.7464, 0, 0.0012426104924846057573404951, 33963.44, -2717.48, -5.741346, 0.01966487, 0.1582343, 368.243, 3.405173, 2.551616, 47.41694
 
15.86027, -0.0004474879, -0.005069876, 135.6329, 0, 0.0012452216249266008577699768, 33910.86, -2717.9, -5.741346, 0.01966487, 0.1582343, 368.0375, 3.405275, 2.551616, 47.41694
 
15.87027, -0.0004468505, -0.005074351, 135.5199, 0, 0.0012470067594346760736666492, 33858.34, -2718.328, -5.741346, 0.01966487, 0.1582343, 367.832, 3.405379, 2.551616, 47.41694
 
15.88027, -0.0004380457, -0.00507882, 135.4065, 0, 0.0012481081488086553248431907, 33805.94, -2718.747, -5.741346, 0.01966487, 0.1582343, 367.6267, 3.40548, 2.551616, 47.41694
 
15.89027, -0.0004195625, -0.0050832, 135.2934, 0, 0.0012483796398812156190058315, 33753.61, -2719.168, -5.741346, 0.01966487, 0.1582343, 367.4215, 3.405582, 2.551616, 47.41694
 
15.90027, -0.0004080663, -0.005087396, 135.1808, 0, 0.0012491890928925015276924344, 33701.4, -2719.597, -5.741346, 0.01966487, 0.1582343, 367.2166, 3.405687, 2.551616, 47.41694
 
15.91027, -0.000391896, -0.005091476, 135.0679, 0, 0.0012495773505673917197443429, 33649.26, -2720.017, -5.741346, 0.01966487, 0.1582343, 367.0117, 3.405789, 2.551616, 47.41694
 
15.92027, -0.0003910322, -0.005095395, 134.9557, 0, 0.0012512111408768108709896551, 33597.24, -2720.448, -5.741346, 0.01966487, 0.1582343, 366.8071, 3.405893, 2.551616, 47.41694
 
15.93027, -0.0003573503, -0.005099305, 134.8432, 0, 0.0012500832252973495896568843, 33545.3, -2720.87, -5.741346, 0.01966487, 0.1582343, 366.6025, 3.405995, 2.551616, 47.41694
 
15.94027, -0.0003589456, -0.005102879, 134.7308, 0, 0.0012518393013724843271381211, 33493.47, -2721.292, -5.741346, 0.01966487, 0.1582343, 366.3982, 3.406098, 2.551616, 47.41694
 
15.95027, -0.0003343145, -0.005106468, 134.619, 0, 0.0012513897100291171010635844, 33441.71, -2721.723, -5.741346, 0.01966487, 0.1582343, 366.1939, 3.406202, 2.551616, 47.41694
 
15.96027, -0.000318611, -0.005109811, 134.5069, 0, 0.0012516295589950264733187813, 33390.06, -2722.147, -5.741346, 0.01966487, 0.1582343, 365.9899, 3.406305, 2.551616, 47.41694
 
15.97027, -0.0002983131, -0.005112997, 134.395, 0, 0.0012514411547634656254449910, 33338.5, -2722.57, -5.741346, 0.01966487, 0.1582343, 365.7859, 3.406407, 2.551616, 47.41694
 
15.98027, -0.0003111014, -0.00511598, 134.2837, 0, 0.0012540045091966394196864657, 33287.05, -2723.004, -5.741346, 0.01966487, 0.1582343, 365.5822, 3.406512, 2.551616, 47.41694
 
15.99027, -0.0002990375, -0.005119091, 134.1721, 0, 0.0012544939372001273257937154, 33235.66, -2723.429, -5.741346, 0.01966487, 0.1582343, 365.3786, 3.406615, 2.551616, 47.41694
 
16.00027, -0.0002987722, -0.005122082, 134.0605, 0, 0.0012559556788566470708020523, 33184.34, -2723.854, -5.741346, 0.01966487, 0.1582343, 365.1749, 3.406718, 2.551616, 47.41694
 
16.01027, -0.0003277338, -0.00512507, 133.9497, 0, 0.0012599053791954224771953303, 33133.14, -2724.29, -5.741346, 0.01966487, 0.1582343, 364.9716, 3.406823, 2.551616, 47.41694
 
16.02027, -0.0003539419, -0.005128347, 133.8385, 0, 0.0012636986908070122804535581, 33082.01, -2724.717, -5.741346, 0.01966487, 0.1582343, 364.7682, 3.406926, 2.551616, 47.41694
 
16.03027, -0.0003908906, -0.005131886, 133.7276, 0, 0.0012684784793569760941715147, 33031, -2725.144, -5.741346, 0.01966487, 0.1582343, 364.5651, 3.407029, 2.551616, 47.41694
 
16.04027, -0.0003974114, -0.005135795, 133.6166, 0, 0.0012707570616207758332553041, 32980.05, -2725.571, -5.741346, 0.01966487, 0.1582343, 364.3621, 3.407132, 2.551616, 47.41694
 
16.05027, -0.0004345271, -0.005139769, 133.5064, 0, 0.0012756739555138864619405176, 32929.23, -2726.008, -5.741346, 0.01966487, 0.1582343, 364.1593, 3.407238, 2.551616, 47.41694
 
16.06027, -0.0004444309, -0.005144114, 133.3959, 0, 0.0012783588878091923144092420, 32878.46, -2726.437, -5.741346, 0.01966487, 0.1582343, 363.9566, 3.407341, 2.551616, 47.41694
 
16.07027, -0.0004643153, -0.005148558, 133.2666, 0, 0.0012818356394746184746490362, 32827.82, -2726.479, -5.741346, 0.01966487, 0.1582343, 363.7542, 3.407388, 2.551616, 47.41694
 
16.08027, -0.0004754526, -0.005153202, 133.0931, 0, 0.0012844009761760453727916538, 32777.24, -2725.614, -5.741346, 0.01966487, 0.1582343, 363.5517, 3.407302, 2.551616, 47.41694
 
16.09027, -0.0005152103, -0.005157956, 132.9203, 0, 0.0012894618459520792760278753, 32726.78, -2724.757, -5.741346, 0.01966487, 0.1582343, 363.3496, 3.407218, 2.551616, 47.41694
 
16.10027, -0.0004990426, -0.005163108, 132.7473, 0, 0.0012898061716087734857719223, 32676.39, -2723.89, -5.741346, 0.01966487, 0.1582343, 363.1475, 3.407132, 2.551616, 47.41694
 
16.11027, -0.0005251886, -0.005168098, 132.5745, 0, 0.0012937631723419058779402059, 32626.12, -2723.023, -5.741346, 0.01966487, 0.1582343, 362.9457, 3.407046, 2.551616, 47.41694
 
16.12027, -0.0005134708, -0.00517335, 132.4019, 0, 0.0012945147048168425721563784, 32575.91, -2722.156, -5.741346, 0.01966487, 0.1582343, 362.7439, 3.40696, 2.551616, 47.41694
 
16.13027, -0.0005166685, -0.005178485, 132.2295, 0, 0.0012965276305513993877706194, 32525.82, -2721.285, -5.741346, 0.01966487, 0.1582343, 362.5424, 3.406873, 2.551616, 47.41694
 
16.14027, -0.0004845044, -0.005183652, 132.0573, 0, 0.0012954797855700268188214688, 32475.78, -2720.416, -5.741346, 0.01966487, 0.1582343, 362.3409, 3.406787, 2.551616, 47.41694
 
16.15027, -0.0004869095, -0.005188497, 131.8858, 0, 0.0012973516776845958486500987, 32425.88, -2719.552, -5.741346, 0.01966487, 0.1582343, 362.1396, 3.406703, 2.551616, 47.41694
 
16.16027, -0.0004633652, -0.005193366, 131.7141, 0, 0.0012969708551583520626741635, 32376.04, -2718.682, -5.741346, 0.01966487, 0.1582343, 361.9384, 3.406616, 2.551616, 47.41694
 
16.17027, -0.0004489417, -0.005198, 131.5424, 0, 0.0012973210030011902032546315, 32326.3, -2717.807, -5.741346, 0.01966487, 0.1582343, 361.7376, 3.40653, 2.551616, 47.41694
 
16.18027, -0.0004329365, -0.005202489, 131.3711, 0, 0.0012974959803107287761184573, 32276.64, -2716.934, -5.741346, 0.01966487, 0.1582343, 361.5367, 3.406443, 2.551616, 47.41694
 
16.19028, -0.0003972526, -0.005206818, 131.1999, 0, 0.0012959031749942232799174634, 32227.09, -2716.057, -5.741346, 0.01966487, 0.1582343, 361.3361, 3.406356, 2.551616, 47.41694
 
16.20028, -0.0003574715, -0.005210791, 131.029, 0, 0.0012938565283744933414692694, 32177.62, -2715.182, -5.741346, 0.01966487, 0.1582343, 361.1355, 3.40627, 2.551616, 47.41694
 
16.21028, -0.0003601674, -0.005214366, 130.8581, 0, 0.0012954329162727522330881021, 32128.19, -2714.302, -5.741346, 0.01966487, 0.1582343, 360.935, 3.406182, 2.551616, 47.41694
 
16.22028, -0.0003647737, -0.005217968, 130.6874, 0, 0.0012971840316690568941209569, 32078.88, -2713.423, -5.741346, 0.01966487, 0.1582343, 360.7347, 3.406095, 2.551616, 47.41694
 
16.23028, -0.0003420697, -0.005221615, 130.517, 0, 0.0012965426140607991461718073, 32029.64, -2712.543, -5.741346, 0.01966487, 0.1582343, 360.5344, 3.406008, 2.551616, 47.41694
 
16.24028, -0.0003563894, -0.005225036, 130.3467, 0, 0.0012991066825408569251801612, 31980.52, -2711.662, -5.741346, 0.01966487, 0.1582343, 360.3345, 3.40592, 2.551616, 47.41694
 
16.25028, -0.0003682001, -0.0052286, 130.1767, 0, 0.0013014887147481611241100447, 31931.46, -2710.78, -5.741346, 0.01966487, 0.1582343, 360.1345, 3.405832, 2.551616, 47.41694
 
16.26028, -0.0003614374, -0.005232282, 130.0068, 0, 0.0013022569668808502442808391, 31882.51, -2709.896, -5.741346, 0.01966487, 0.1582343, 359.9349, 3.405745, 2.551616, 47.41694
 
16.27028, -0.0003527959, -0.005235896, 129.8372, 0, 0.0013028421747382382868194223, 31833.63, -2709.012, -5.741346, 0.01966487, 0.1582343, 359.7352, 3.405657, 2.551616, 47.41694
 
16.28028, -0.0003805438, -0.005239424, 129.6677, 0, 0.0013066353272385088601050989, 31784.86, -2708.125, -5.741346, 0.01966487, 0.1582343, 359.5359, 3.405568, 2.551616, 47.41694
 
16.29028, -0.0003495311, -0.005243229, 129.4985, 0, 0.0013052767782361448845626774, 31736.16, -2707.24, -5.741346, 0.01966487, 0.1582343, 359.3366, 3.405481, 2.551616, 47.41694
 
16.30028, -0.0003571317, -0.005246724, 129.3293, 0, 0.0013072737072543571654755250, 31687.57, -2706.35, -5.741346, 0.01966487, 0.1582343, 359.1375, 3.405392, 2.551616, 47.41694
 
16.31028, -0.000357637, -0.005250296, 129.16, 0, 0.0013086594215671737060841041, 31639.04, -2705.454, -5.741346, 0.01966487, 0.1582343, 358.9385, 3.405302, 2.551616, 47.41694
 
16.32028, -0.0003666102, -0.005253872, 128.9914, 0, 0.0013108030239764321004211979, 31590.63, -2704.563, -5.741346, 0.01966487, 0.1582343, 358.7398, 3.405213, 2.551616, 47.41694
 
16.33028, -0.0003467631, -0.005257538, 128.8229, 0, 0.0013103906833608278488916031, 31542.28, -2703.672, -5.741346, 0.01966487, 0.1582343, 358.5411, 3.405125, 2.551616, 47.41694
 
16.34028, -0.000363305, -0.005261006, 128.6545, 0, 0.0013131899980898454136597727, 31493.98, -2702.78, -5.741346, 0.01966487, 0.1582343, 358.3424, 3.405036, 2.551616, 47.41694
 
16.35028, -0.0003934976, -0.005264639, 128.4864, 0, 0.0013172600412869379472841423, 31445.81, -2701.885, -5.741346, 0.01966487, 0.1582343, 358.144, 3.404947, 2.551616, 47.41694
 
16.36028, -0.0003887019, -0.005268574, 128.3183, 0, 0.0013182633035377816289563607, 31397.7, -2700.989, -5.741346, 0.01966487, 0.1582343, 357.9456, 3.404858, 2.551616, 47.41694
 
16.37028, -0.0004197273, -0.005272461, 128.1501, 0, 0.0013224830176107153251812937, 31349.69, -2700.084, -5.741346, 0.01966487, 0.1582343, 357.7475, 3.404766, 2.551616, 47.41694
 
16.38028, -0.0004261079, -0.005276658, 127.9825, 0, 0.0013245634800967976979720054, 31301.76, -2699.187, -5.741346, 0.01966487, 0.1582343, 357.5494, 3.404677, 2.551616, 47.41694
 
16.39028, -0.0004391892, -0.005280919, 127.815, 0, 0.0013272665224321336598979322, 31253.92, -2698.287, -5.741346, 0.01966487, 0.1582343, 357.3516, 3.404587, 2.551616, 47.41694
 
16.40028, -0.000441917, -0.005285311, 127.6478, 0, 0.0013290683663938603650864551, 31206.16, -2697.386, -5.741346, 0.01966487, 0.1582343, 357.1538, 3.404497, 2.551616, 47.41694
 
16.41028, -0.0004561883, -0.005289731, 127.4807, 0, 0.0013319243058435466986246376, 31158.51, -2696.485, -5.741346, 0.01966487, 0.1582343, 356.9563, 3.404408, 2.551616, 47.41694
 
16.42028, -0.0004433774, -0.005294293, 127.3134, 0, 0.0013323584378695129648253944, 31110.92, -2695.574, -5.741346, 0.01966487, 0.1582343, 356.7589, 3.404316, 2.551616, 47.41694
 
16.43028, -0.0004616157, -0.005298726, 127.1467, 0, 0.0013355840837006580209835559, 31063.45, -2694.668, -5.741346, 0.01966487, 0.1582343, 356.5617, 3.404226, 2.551616, 47.41694
 
16.44028, -0.0004487113, -0.005303342, 126.9802, 0, 0.0013360205079537804030252490, 31016.03, -2693.763, -5.741346, 0.01966487, 0.1582343, 356.3645, 3.404136, 2.551616, 47.41694
 
16.45028, -0.000450134, -0.005307829, 126.8134, 0, 0.0013377309855679129144284275, 30968.67, -2692.848, -5.741346, 0.01966487, 0.1582343, 356.1674, 3.404043, 2.551616, 47.41694
 
16.46028, -0.0004883805, -0.005312331, 126.6472, 0, 0.0013428143311670555422079143, 30921.42, -2691.938, -5.741346, 0.01966487, 0.1582343, 355.9705, 3.403952, 2.551616, 47.41694
 
16.47028, -0.0004903643, -0.005317215, 126.4811, 0, 0.0013446804758336272034593326, 30874.23, -2691.029, -5.741346, 0.01966487, 0.1582343, 355.7737, 3.403862, 2.551616, 47.41694
 
16.48028, -0.0005062029, -0.005322118, 126.3149, 0, 0.0013478226409727819863869648, 30827.16, -2690.108, -5.741346, 0.01966487, 0.1582343, 355.5771, 3.403769, 2.551616, 47.41694
 
16.49028, -0.0004835341, -0.00532718, 126.1492, 0, 0.0013474685774634277048367129, 30780.15, -2689.196, -5.741346, 0.01966487, 0.1582343, 355.3806, 3.403678, 2.551616, 47.41694
 
16.50028, -0.0004830861, -0.005332016, 125.9833, 0, 0.0013490986957911262761807321, 30733.24, -2688.273, -5.741346, 0.01966487, 0.1582343, 355.1844, 3.403585, 2.551616, 47.41694
 
16.51028, -0.0004773826, -0.005336847, 125.818, 0, 0.0013502443934307822870462484, 30686.4, -2687.359, -5.741346, 0.01966487, 0.1582343, 354.9881, 3.403494, 2.551616, 47.41694
 
16.52028, -0.0004758189, -0.005341621, 125.6524, 0, 0.0013517549341848126851711527, 30639.67, -2686.433, -5.741346, 0.01966487, 0.1582343, 354.7922, 3.4034, 2.551616, 47.41694
 
16.53028, -0.0004493314, -0.005346379, 125.4874, 0, 0.0013509563528633940804069710, 30593, -2685.514, -5.741346, 0.01966487, 0.1582343, 354.5963, 3.403309, 2.551616, 47.41694
 
16.54028, -0.0004322462, -0.005350872, 125.3222, 0, 0.0013509562033660411791736923, 30546.39, -2684.586, -5.741346, 0.01966487, 0.1582343, 354.4003, 3.403215, 2.551616, 47.41694
 
16.55028, -0.000442845, -0.005355194, 125.1575, 0, 0.0013534796475959665444781050, 30499.88, -2683.664, -5.741346, 0.01966487, 0.1582343, 354.2047, 3.403124, 2.551616, 47.41694
 
16.56028, -0.000432869, -0.005359623, 124.9925, 0, 0.0013541190310457264101234879, 30453.44, -2682.731, -5.741346, 0.01966487, 0.1582343, 354.0091, 3.403029, 2.551616, 47.41694
 
16.57028, -0.0004318334, -0.005363951, 124.8282, 0, 0.0013555641494964006273509933, 30407.11, -2681.807, -5.741346, 0.01966487, 0.1582343, 353.8138, 3.402937, 2.551616, 47.41694
 
16.58028, -0.0004239547, -0.00536827, 124.6637, 0, 0.0013563683838084778074340870, 30360.84, -2680.874, -5.741346, 0.01966487, 0.1582343, 353.6185, 3.402843, 2.551616, 47.41694
 
16.59028, -0.0004024339, -0.005372509, 124.4996, 0, 0.0013558744414326426375364674, 30314.67, -2679.943, -5.741346, 0.01966487, 0.1582343, 353.4235, 3.40275, 2.551616, 47.41694
 
16.60028, -0.0003762897, -0.005376534, 124.3354, 0, 0.0013548893783249954721038031, 30268.56, -2679.007, -5.741346, 0.01966487, 0.1582343, 353.2285, 3.402656, 2.551616, 47.41694
 
16.61028, -0.0003808284, -0.005380297, 124.1713, 0, 0.0013567081778060887565480965, 30222.57, -2678.067, -5.741346, 0.01966487, 0.1582343, 353.0338, 3.402561, 2.551616, 47.41694
 
16.62029, -0.0003845462, -0.005384105, 124.0079, 0, 0.0013584641599980192162821552, 30176.63, -2677.136, -5.741346, 0.01966487, 0.1582343, 352.8391, 3.402468, 2.551616, 47.41694
 
16.63029, -0.0003773728, -0.00538795, 123.8441, 0, 0.0013592054773134279121123531, 30130.75, -2676.193, -5.741346, 0.01966487, 0.1582343, 352.6445, 3.402373, 2.551616, 47.41694
 
16.64029, -0.0003972496, -0.005391724, 123.6804, 0, 0.0013624747485141835150389930, 30084.98, -2675.248, -5.741346, 0.01966487, 0.1582343, 352.4501, 3.402277, 2.551616, 47.41694
 
16.65029, -0.0004158378, -0.005395696, 123.5174, 0, 0.0013656795240290174490655340, 30039.27, -2674.312, -5.741346, 0.01966487, 0.1582343, 352.2557, 3.402184, 2.551616, 47.41694
 
16.66029, -0.0004186573, -0.005399855, 123.3541, 0, 0.0013674427234291238894400899, 29993.66, -2673.364, -5.741346, 0.01966487, 0.1582343, 352.0617, 3.402088, 2.551616, 47.41694
 
16.67029, -0.0004206774, -0.005404042, 123.1909, 0, 0.0013691388439340632057749063, 29948.12, -2672.414, -5.741346, 0.01966487, 0.1582343, 351.8676, 3.401992, 2.551616, 47.41694
 
16.68029, -0.0004045442, -0.005408248, 123.0281, 0, 0.0013691178973344148524527139, 29902.68, -2671.463, -5.741346, 0.01966487, 0.1582343, 351.6739, 3.401896, 2.551616, 47.41694
 
16.69029, -0.0003835732, -0.005412294, 122.8652, 0, 0.0013685936306864437409786807, 29857.3, -2670.51, -5.741346, 0.01966487, 0.1582343, 351.4801, 3.4018, 2.551616, 47.41694
 
16.70029, -0.0003972827, -0.00541613, 122.703, 0, 0.0013713127704000660002712817, 29811.98, -2669.566, -5.741346, 0.01966487, 0.1582343, 351.2863, 3.401706, 2.551616, 47.41694
 
16.71029, -0.0004001035, -0.005420103, 122.5404, 0, 0.0013730302616298055039798636, 29766.76, -2668.609, -5.741346, 0.01966487, 0.1582343, 351.0929, 3.401609, 2.551616, 47.41694
 
16.72029, -0.000394629, -0.005424104, 122.378, 0, 0.0013739639869109547450686201, 29721.6, -2667.651, -5.741346, 0.01966487, 0.1582343, 350.8995, 3.401512, 2.551616, 47.41694
 
16.73029, -0.0004057048, -0.00542805, 122.2158, 0, 0.0013764639319453831168257470, 29676.55, -2666.69, -5.741346, 0.01966487, 0.1582343, 350.7063, 3.401415, 2.551616, 47.41694
 
16.74029, -0.0003843811, -0.005432107, 122.0536, 0, 0.0013758921994435789051804874, 29631.55, -2665.727, -5.741346, 0.01966487, 0.1582343, 350.5132, 3.401318, 2.551616, 47.41694
 
16.75029, -0.0003975198, -0.005435951, 121.8917, 0, 0.0013785683088449136648975703, 29586.63, -2664.764, -5.741346, 0.01966487, 0.1582343, 350.3201, 3.401221, 2.551616, 47.41694
 
16.76029, -0.0004191794, -0.005439926, 121.7298, 0, 0.0013820983315026373224482508, 29541.79, -2663.798, -5.741346, 0.01966487, 0.1582343, 350.1273, 3.401123, 2.551616, 47.41694
 
16.77029, -0.0004128108, -0.005444118, 121.5682, 0, 0.0013829917896905396763289573, 29497.01, -2662.831, -5.741346, 0.01966487, 0.1582343, 349.9344, 3.401025, 2.551616, 47.41694
 
16.78029, -0.0004403551, -0.005448246, 121.4066, 0, 0.0013871355927660213217327777, 29452.35, -2661.86, -5.741346, 0.01966487, 0.1582343, 349.7419, 3.400927, 2.551616, 47.41694
 
16.79029, -0.0004398744, -0.00545265, 121.2452, 0, 0.0013886512486988164732524385, 29407.74, -2660.889, -5.741346, 0.01966487, 0.1582343, 349.5494, 3.400829, 2.551616, 47.41694
 
16.80029, -0.0004465726, -0.005457049, 121.084, 0, 0.0013908584042475542023635714, 29363.24, -2659.915, -5.741346, 0.01966487, 0.1582343, 349.3572, 3.40073, 2.551616, 47.41694
 
16.81029, -0.0004477727, -0.005461514, 120.923, 0, 0.0013925525425903675963251067, 29318.79, -2658.941, -5.741346, 0.01966487, 0.1582343, 349.165, 3.400632, 2.551616, 47.41694
 
16.82029, -0.0004667095, -0.005465992, 120.762, 0, 0.0013959716756560791180741552, 29274.39, -2657.964, -5.741346, 0.01966487, 0.1582343, 348.9728, 3.400533, 2.551616, 47.41694
 
16.83029, -0.0004849265, -0.00547066, 120.6007, 0, 0.0013993709973023529848893919, 29230.11, -2656.974, -5.741346, 0.01966487, 0.1582343, 348.7809, 3.400431, 2.551616, 47.41694
 
16.84029, -0.0004828989, -0.005475509, 120.4401, 0, 0.0014008526467947422241807277, 29185.88, -2655.993, -5.741346, 0.01966487, 0.1582343, 348.5891, 3.400332, 2.551616, 47.41694
 
16.85029, -0.0004852426, -0.005480338, 120.2795, 0, 0.0014027534193152292863855004, 29141.76, -2655.01, -5.741346, 0.01966487, 0.1582343, 348.3975, 3.400233, 2.551616, 47.41694
 
16.86029, -0.0004806089, -0.005485191, 120.1191, 0, 0.0014039802343143657868518645, 29097.69, -2654.024, -5.741346, 0.01966487, 0.1582343, 348.2059, 3.400133, 2.551616, 47.41694
 
16.87029, -0.0004937911, -0.005489997, 119.9589, 0, 0.0014069362917961750425181551, 29053.73, -2653.037, -5.741346, 0.01966487, 0.1582343, 348.0146, 3.400033, 2.551616, 47.41694
 
16.88029, -0.0004752355, -0.005494935, 119.7984, 0, 0.0014068184505739994071932184, 29009.82, -2652.038, -5.741346, 0.01966487, 0.1582343, 347.8233, 3.399931, 2.551616, 47.41694
 
16.89029, -0.000485932, -0.005499687, 119.6384, 0, 0.0014095220195651850414993324, 28965.96, -2651.047, -5.741346, 0.01966487, 0.1582343, 347.6321, 3.399831, 2.551616, 47.41694
 
16.90029, -0.0004851452, -0.005504546, 119.4785, 0, 0.0014111242600536978043889680, 28922.22, -2650.052, -5.741346, 0.01966487, 0.1582343, 347.4411, 3.39973, 2.551616, 47.41694
 
16.91029, -0.0004803481, -0.005509397, 119.3183, 0, 0.0014123294365066197977584537, 28878.53, -2649.047, -5.741346, 0.01966487, 0.1582343, 347.2502, 3.399627, 2.551616, 47.41694
 
16.92029, -0.0005103395, -0.005514201, 119.1587, 0, 0.0014169527971781221779316791, 28834.93, -2648.048, -5.741346, 0.01966487, 0.1582343, 347.0595, 3.399526, 2.551616, 47.41694
 
16.93029, -0.0004868731, -0.005519304, 118.9992, 0, 0.0014163788245292729872748453, 28791.41, -2647.047, -5.741346, 0.01966487, 0.1582343, 346.8689, 3.399425, 2.551616, 47.41694
 
16.94029, -0.0004942124, -0.005524173, 118.8395, 0, 0.0014187864310251786149421709, 28747.98, -2646.035, -5.741346, 0.01966487, 0.1582343, 346.6785, 3.399322, 2.551616, 47.41694
 
16.95029, -0.0004533072, -0.005529115, 118.68, 0, 0.0014164337392596680075453024, 28704.59, -2645.023, -5.741346, 0.01966487, 0.1582343, 346.4882, 3.399218, 2.551616, 47.41694
 
16.96029, -0.0004464244, -0.005533648, 118.5208, 0, 0.0014173446738037942334242070, 28661.27, -2644.016, -5.741346, 0.01966487, 0.1582343, 346.2979, 3.399116, 2.551616, 47.41694
 
16.97029, -0.0004725962, -0.005538112, 118.3614, 0, 0.0014215204893358687772737952, 28618.06, -2642.995, -5.741346, 0.01966487, 0.1582343, 346.1078, 3.399012, 2.551616, 47.41694
 
16.98029, -0.0004502238, -0.005542838, 118.2025, 0, 0.0014209360599355833507275489, 28574.9, -2641.983, -5.741346, 0.01966487, 0.1582343, 345.9178, 3.39891, 2.551616, 47.41694
 
16.99029, -0.0004584193, -0.00554734, 118.0433, 0, 0.0014233367162109905997762401, 28531.84, -2640.958, -5.741346, 0.01966487, 0.1582343, 345.7281, 3.398804, 2.551616, 47.41694
 
17.00029, -0.0004143261, -0.005551924, 117.8848, 0, 0.0014205366550118950451084210, 28488.84, -2639.941, -5.741346, 0.01966487, 0.1582343, 345.5384, 3.398702, 2.551616, 47.41694
 
17.01029, -0.000408517, -0.005556068, 117.7258, 0, 0.0014214442914555952330728399, 28445.88, -2638.914, -5.741346, 0.01966487, 0.1582343, 345.3486, 3.398597, 2.551616, 47.41694
 
17.02029, -0.0004283004, -0.005560153, 117.567, 0, 0.0014248994328807363796846203, 28403.03, -2637.882, -5.741346, 0.01966487, 0.1582343, 345.1592, 3.398491, 2.551616, 47.41694
 
17.03029, -0.0004044768, -0.005564436, 117.4086, 0, 0.0014240321184859020622078263, 28360.23, -2636.855, -5.741346, 0.01966487, 0.1582343, 344.9698, 3.398388, 2.551616, 47.41694
 
17.04029, -0.0004094915, -0.005568481, 117.2501, 0, 0.0014259967001869890293052987, 28317.55, -2635.82, -5.741346, 0.01966487, 0.1582343, 344.7807, 3.398282, 2.551616, 47.41694
 
17.05029, -0.0004133952, -0.005572576, 117.0917, 0, 0.0014278641564108441962752658, 28274.91, -2634.781, -5.741346, 0.01966487, 0.1582343, 344.5916, 3.398175, 2.551616, 47.41694
 
17.0603, -0.0004033683, -0.00557671, 116.9332, 0, 0.0014283361984802297115676019, 28232.32, -2633.739, -5.741346, 0.01966487, 0.1582343, 344.4026, 3.398069, 2.551616, 47.41694
 
17.0703, -0.0004204514, -0.005580744, 116.7749, 0, 0.0014315186534052066064421396, 28189.83, -2632.695, -5.741346, 0.01966487, 0.1582343, 344.2138, 3.397962, 2.551616, 47.41694
 
17.0803, -0.0004178022, -0.005584948, 116.6168, 0, 0.0014327529854771763684456793, 28147.41, -2631.649, -5.741346, 0.01966487, 0.1582343, 344.025, 3.397855, 2.551616, 47.41694
 
17.0903, -0.0004225487, -0.005589126, 116.4588, 0, 0.0014347271140135360938215831, 28105.08, -2630.599, -5.741346, 0.01966487, 0.1582343, 343.8365, 3.397747, 2.551616, 47.41694
 
17.1003, -0.0004218311, -0.005593352, 116.3008, 0, 0.0014361602859765249393881107, 28062.8, -2629.546, -5.741346, 0.01966487, 0.1582343, 343.648, 3.39764, 2.551616, 47.41694
 
17.1103, -0.0004339143, -0.00559757, 116.1433, 0, 0.0014388945637718224031801263, 28020.58, -2628.499, -5.741346, 0.01966487, 0.1582343, 343.4596, 3.397534, 2.551616, 47.41694
 
17.1203, -0.0004502359, -0.005601909, 115.9852, 0, 0.0014420915147372043116717128, 27978.46, -2627.431, -5.741346, 0.01966487, 0.1582343, 343.2714, 3.397423, 2.551616, 47.41694
 
17.1303, -0.000442633, -0.005606411, 115.8274, 0, 0.0014428932799862166910318320, 27936.38, -2626.37, -5.741346, 0.01966487, 0.1582343, 343.0832, 3.397315, 2.551616, 47.41694
 
17.1403, -0.0004688625, -0.005610838, 115.67, 0, 0.0014471326951810800799417196, 27894.42, -2625.307, -5.741346, 0.01966487, 0.1582343, 342.8954, 3.397205, 2.551616, 47.41694
 
17.1503, -0.0004627813, -0.005615526, 115.5125, 0, 0.0014481356781890434625522755, 27852.51, -2624.239, -5.741346, 0.01966487, 0.1582343, 342.7075, 3.397096, 2.551616, 47.41694
 
17.1603, -0.0004711362, -0.005620154, 115.355, 0, 0.0014506029048967121040596862, 27810.64, -2623.168, -5.741346, 0.01966487, 0.1582343, 342.5197, 3.396987, 2.551616, 47.41694
 
17.1703, -0.0004850423, -0.005624866, 115.1978, 0, 0.0014536628910040732123746423, 27768.88, -2622.095, -5.741346, 0.01966487, 0.1582343, 342.3321, 3.396877, 2.551616, 47.41694
 
17.1803, -0.0004783576, -0.005629716, 115.0402, 0, 0.0014546430046540333161797806, 27727.17, -2621.011, -5.741346, 0.01966487, 0.1582343, 342.1446, 3.396765, 2.551616, 47.41694
 
17.1903, -0.0004966493, -0.0056345, 114.883, 0, 0.0014581763049526790526857164, 27685.56, -2619.93, -5.741346, 0.01966487, 0.1582343, 341.9574, 3.396654, 2.551616, 47.41694
 
17.2003, -0.0004901289, -0.005639466, 114.726, 0, 0.0014592007404077928882639044, 27644, -2618.847, -5.741346, 0.01966487, 0.1582343, 341.7701, 3.396543, 2.551616, 47.41694
 
17.2103, -0.0004937008, -0.005644367, 114.5688, 0, 0.0014612486207364641961186800, 27602.54, -2617.754, -5.741346, 0.01966487, 0.1582343, 341.5832, 3.39643, 2.551616, 47.41694
 
17.2203, -0.0004702016, -0.005649304, 114.412, 0, 0.0014605028253010965626668196, 27561.13, -2616.666, -5.741346, 0.01966487, 0.1582343, 341.3963, 3.396319, 2.551616, 47.41694
 
17.2303, -0.0004599424, -0.005654006, 114.2548, 0, 0.0014610629529318622024994765, 27519.78, -2615.564, -5.741346, 0.01966487, 0.1582343, 341.2094, 3.396205, 2.551616, 47.41694
 
17.2403, -0.0004788488, -0.005658606, 114.0981, 0, 0.0014646241492365017429276370, 27478.53, -2614.469, -5.741346, 0.01966487, 0.1582343, 341.0227, 3.396093, 2.551616, 47.41694
 
17.2503, -0.0004498693, -0.005663394, 113.941, 0, 0.0014632531155754346212259134, 27437.32, -2613.36, -5.741346, 0.01966487, 0.1582343, 340.8361, 3.395979, 2.551616, 47.41694
 
17.2603, -0.0004547292, -0.005667893, 113.7845, 0, 0.0014653294007998598914085448, 27396.17, -2612.258, -5.741346, 0.01966487, 0.1582343, 340.6495, 3.395866, 2.551616, 47.41694
 
17.2703, -0.0004641638, -0.00567244, 113.6276, 0, 0.0014678940459921300270381506, 27355.12, -2611.143, -5.741346, 0.01966487, 0.1582343, 340.4632, 3.395751, 2.551616, 47.41694
 
17.2803, -0.0004502418, -0.005677082, 113.4707, 0, 0.0014680413210452100338648035, 27314.11, -2610.023, -5.741346, 0.01966487, 0.1582343, 340.2769, 3.395635, 2.551616, 47.41694
 
17.2903, -0.0004696384, -0.005681584, 113.3141, 0, 0.0014716395217809886370406638, 27273.21, -2608.902, -5.741346, 0.01966487, 0.1582343, 340.0909, 3.395519, 2.551616, 47.41694
 
17.3003, -0.0004576579, -0.00568628, 113.1578, 0, 0.0014720005188589167919222741, 27232.36, -2607.786, -5.741346, 0.01966487, 0.1582343, 339.9049, 3.395405, 2.551616, 47.41694
 
17.3103, -0.0004557774, -0.005690857, 113.0011, 0, 0.0014733868931144455042161050, 27191.56, -2606.655, -5.741346, 0.01966487, 0.1582343, 339.719, 3.395288, 2.551616, 47.41694
 
17.3203, -0.0004655939, -0.005695415, 112.8445, 0, 0.0014759978160477212564483183, 27150.85, -2605.52, -5.741346, 0.01966487, 0.1582343, 339.5333, 3.395171, 2.551616, 47.41694
 
17.3303, -0.0004521779, -0.005700071, 112.688, 0, 0.0014761868815072856850604793, 27110.2, -2604.384, -5.741346, 0.01966487, 0.1582343, 339.3476, 3.395054, 2.551616, 47.41694
 
17.3403, -0.0004649303, -0.005704592, 112.5316, 0, 0.0014790994420073654130631254, 27069.65, -2603.242, -5.741346, 0.01966487, 0.1582343, 339.1622, 3.394936, 2.551616, 47.41694
 
17.3503, -0.0004349205, -0.005709242, 112.3753, 0, 0.0014775244445763048772483200, 27029.14, -2602.099, -5.741346, 0.01966487, 0.1582343, 338.9769, 3.394818, 2.551616, 47.41694
 
17.3603, -0.0004341134, -0.005713591, 112.2188, 0, 0.0014789563791454733389888324, 26988.69, -2600.948, -5.741346, 0.01966487, 0.1582343, 338.7915, 3.394699, 2.551616, 47.41694
 
17.3703, -0.0004643553, -0.005717932, 112.0626, 0, 0.0014836817175125968248768481, 26948.33, -2599.795, -5.741346, 0.01966487, 0.1582343, 338.6064, 3.39458, 2.551616, 47.41694
 
17.3803, -0.0004489213, -0.005722576, 111.906, 0, 0.0014836343940635112210668361, 26908.03, -2598.63, -5.741346, 0.01966487, 0.1582343, 338.4214, 3.394458, 2.551616, 47.41694
 
17.3903, -0.0004606309, -0.005727065, 111.7498, 0, 0.0014864326539733650174684621, 26867.82, -2597.468, -5.741346, 0.01966487, 0.1582343, 338.2366, 3.394338, 2.551616, 47.41694
 
17.4003, -0.0004288351, -0.005731672, 111.5937, 0, 0.0014846231592084544011168375, 26827.66, -2596.302, -5.741346, 0.01966487, 0.1582343, 338.0519, 3.394218, 2.551616, 47.41694
 
17.4103, -0.0004245364, -0.00573596, 111.4375, 0, 0.0014856595049665299431042291, 26787.55, -2595.132, -5.741346, 0.01966487, 0.1582343, 337.8671, 3.394097, 2.551616, 47.41694
 
17.4203, -0.0004527055, -0.005740205, 111.2811, 0, 0.0014901561982106445475835270, 26747.53, -2593.949, -5.741346, 0.01966487, 0.1582343, 337.6827, 3.393974, 2.551616, 47.41694
 
17.4303, -0.0004340658, -0.005744732, 111.125, 0, 0.0014897150348582734123988731, 26707.57, -2592.77, -5.741346, 0.01966487, 0.1582343, 337.4983, 3.393852, 2.551616, 47.41694
 
17.4403, -0.0004829054, -0.005749073, 110.6146, 0, 0.001492183487666140325943, 26667.71, -2583.309, -5.741346, 0.01966487, 0.1582343, 337.3141, 3.393542, 2.551616, 47.41694
 
17.4503, -0.0005371568, -0.005753902, 109.9658, 0, 0.0014936809043836341275393774, 26627.9, -2570.592, -5.741346, 0.01966487, 0.1582343, 337.13, 3.393154, 2.551616, 47.41694
 
17.4603, -0.0005937869, -0.005759273, 109.3279, 0, 0.00149569582311704887904, 26588.18, -2558.102, -5.741346, 0.01966487, 0.1582343, 336.9462, 3.392767, 2.551616, 47.41694
 
17.4703, -0.0006453363, -0.005765211, 108.6997, 0, 0.0014974153579611821631668359, 26548.55, -2545.813, -5.741346, 0.01966487, 0.1582343, 336.7627, 3.39238, 2.551616, 47.41694
 
17.4803, -0.0006661739, -0.005771664, 108.0831, 0, 0.0014960717303464447100579603, 26508.98, -2533.77, -5.741346, 0.01966487, 0.1582343, 336.5792, 3.391994, 2.551616, 47.41694
 
17.4903, -0.0007119342, -0.005778326, 107.4751, 0, 0.00149756667939483609312, 26469.5, -2521.902, -5.741346, 0.01966487, 0.1582343, 336.396, 3.391608, 2.551616, 47.41694
 
17.50031, -0.0007315341, -0.005785445, 106.8776, 0, 0.001496447499009539610521, 26430.13, -2510.251, -5.741346, 0.01966487, 0.1582343, 336.2131, 3.391222, 2.551616, 47.41694
 
17.51031, -0.000720043, -0.005792761, 106.2912, 0, 0.001492107398933952793689, 26390.8, -2498.839, -5.741346, 0.01966487, 0.1582343, 336.0302, 3.390839, 2.551616, 47.41694
 
17.52031, -0.0007424817, -0.005799961, 105.7122, 0, 0.0014914985996713688733530921, 26351.56, -2487.575, -5.741346, 0.01966487, 0.1582343, 335.8477, 3.390453, 2.551616, 47.41694
 
17.53031, -0.0007468147, -0.005807386, 105.1441, 0, 0.001489082294385495756354, 26312.37, -2476.545, -5.741346, 0.01966487, 0.1582343, 335.6651, 3.390069, 2.551616, 47.41694
 
17.54031, -0.0007648201, -0.005814855, 104.5851, 0, 0.0014882588518772585950135513, 26273.28, -2465.703, -5.741346, 0.01966487, 0.1582343, 335.4828, 3.389685, 2.551616, 47.41694
 
17.55031, -0.0007691061, -0.005822503, 104.0359, 0, 0.00148607534053001623296, 26234.28, -2455.07, -5.741346, 0.01966487, 0.1582343, 335.3009, 3.389302, 2.551616, 47.41694
 
17.56031, -0.0007498277, -0.005830193, 103.4964, 0, 0.0014814074224376967355705170, 26195.33, -2444.643, -5.741346, 0.01966487, 0.1582343, 335.1189, 3.38892, 2.551616, 47.41694
 
17.57031, -0.0007576146, -0.005837691, 102.9648, 0, 0.001479738570491021470025, 26156.49, -2434.378, -5.741346, 0.01966487, 0.1582343, 334.9373, 3.388537, 2.551616, 47.41694
 
17.58031, -0.0007326512, -0.005845268, 102.4436, 0, 0.001474579565662238038523, 26117.73, -2424.336, -5.741346, 0.01966487, 0.1582343, 334.756, 3.388155, 2.551616, 47.41694
 
17.59031, -0.0006866435, -0.005852595, 101.9309, 0, 0.00146710664434249324220, 26079.02, -2414.474, -5.741346, 0.01966487, 0.1582343, 334.5746, 3.387774, 2.551616, 47.41694
 
17.60031, -0.000664039, -0.005859461, 101.4274, 0, 0.001462190394537095599686, 26040.4, -2404.81, -5.741346, 0.01966487, 0.1582343, 334.3936, 3.387393, 2.551616, 47.41694
 
17.61031, -0.0006204316, -0.005866101, 100.9323, 0, 0.0014549627461137363162104674, 26001.84, -2395.323, -5.741346, 0.01966487, 0.1582343, 334.2126, 3.387013, 2.551616, 47.41694
 
17.62031, -0.0006026357, -0.005872306, 100.4456, 0, 0.0014505679985289496473010947, 25963.37, -2386.013, -5.741346, 0.01966487, 0.1582343, 334.0319, 3.386632, 2.551616, 47.41694
 
17.63031, -0.0005572368, -0.005878333, 99.96776, 0, 0.00144313908053764271922, 25924.99, -2376.894, -5.741346, 0.01966487, 0.1582343, 333.8515, 3.386252, 2.551616, 47.41694
 
17.64031, -0.0005094589, -0.005883905, 99.49872, 0, 0.001435411274790355131834, 25886.66, -2367.964, -5.741346, 0.01966487, 0.1582343, 333.6711, 3.385873, 2.551616, 47.41694
 
17.65031, -0.0004670004, -0.005889, 99.03773, 0, 0.001428229997780532196028, 25848.42, -2359.206, -5.741346, 0.01966487, 0.1582343, 333.491, 3.385494, 2.551616, 47.41694
 
17.66031, -0.0004180969, -0.00589367, 98.58543, 0, 0.001420300517201355943562, 25810.28, -2350.634, -5.741346, 0.01966487, 0.1582343, 333.3112, 3.385116, 2.551616, 47.41694
 
17.67031, -0.0003465993, -0.005897851, 98.14159, 0, 0.0014097915917665343969170783, 25772.19, -2342.246, -5.741346, 0.01966487, 0.1582343, 333.1315, 3.384738, 2.551616, 47.41694
 
17.68031, -0.0003012798, -0.005901317, 97.70483, 0, 0.001402106740664816329375, 25734.18, -2334.008, -5.741346, 0.01966487, 0.1582343, 332.952, 3.38436, 2.551616, 47.41694
 
17.69031, -0.0002683948, -0.00590433, 97.27701, 0, 0.0013958005607618105927022310, 25696.23, -2325.966, -5.741346, 0.01966487, 0.1582343, 332.7726, 3.383983, 2.551616, 47.41694
 
17.70031, -0.0002684327, -0.005907014, 96.85674, 0, 0.001393206738301721897132, 25658.37, -2318.086, -5.741346, 0.01966487, 0.1582343, 332.5934, 3.383606, 2.551616, 47.41694
 
17.71031, -0.0002370111, -0.005909699, 96.44401, 0, 0.001387136409943189902687, 25620.6, -2310.368, -5.741346, 0.01966487, 0.1582343, 332.4146, 3.383229, 2.551616, 47.41694
 
17.72031, -0.0002027881, -0.005912069, 96.03927, 0, 0.001380754762845463680092, 25582.87, -2302.825, -5.741346, 0.01966487, 0.1582343, 332.2357, 3.382853, 2.551616, 47.41694
 
17.73031, -0.0001948867, -0.005914097, 95.64185, 0, 0.001377353154279899101452, 25545.24, -2295.44, -5.741346, 0.01966487, 0.1582343, 332.0572, 3.382476, 2.551616, 47.41694
 
17.74031, -0.0001796162, -0.005916046, 95.25285, 0, 0.0013731896300073876617614852, 25507.66, -2288.241, -5.741346, 0.01966487, 0.1582343, 331.8787, 3.382101, 2.551616, 47.41694
 
17.75031, -0.0001940106, -0.005917842, 94.87038, 0, 0.001372443488414451822792, 25470.16, -2281.183, -5.741346, 0.01966487, 0.1582343, 331.7005, 3.381725, 2.551616, 47.41694
 
17.76031, -0.0001832604, -0.005919782, 94.49559, 0, 0.001368951206429921176200, 25432.77, -2274.292, -5.741346, 0.01966487, 0.1582343, 331.5226, 3.38135, 2.551616, 47.41694
 
17.77031, -0.0001628284, -0.005921614, 94.12827, 0, 0.0013644112076098311749079387, 25395.41, -2267.566, -5.741346, 0.01966487, 0.1582343, 331.3446, 3.380976, 2.551616, 47.41694
 
17.78031, -0.0001704889, -0.005923242, 93.76785, 0, 0.001363118292732104935992, 25358.14, -2260.99, -5.741346, 0.01966487, 0.1582343, 331.1671, 3.380602, 2.551616, 47.41694
 
17.79031, -0.0001743804, -0.005924947, 93.41434, 0, 0.0013614945008071253252434135, 25320.98, -2254.565, -5.741346, 0.01966487, 0.1582343, 330.9897, 3.380227, 2.551616, 47.41694
 
17.80031, -0.0001721012, -0.005926691, 93.06851, 0, 0.0013592634405505126698241764, 25283.85, -2248.312, -5.741346, 0.01966487, 0.1582343, 330.8125, 3.379854, 2.551616, 47.41694
 
17.81031, -0.0001972729, -0.005928412, 92.72887, 0, 0.001360266615714980765869, 25246.82, -2242.192, -5.741346, 0.01966487, 0.1582343, 330.6355, 3.37948, 2.551616, 47.41694
 
17.82031, -0.0002157571, -0.005930385, 92.3967, 0, 0.001360656092254739805324, 25209.83, -2236.241, -5.741346, 0.01966487, 0.1582343, 330.4585, 3.379108, 2.551616, 47.41694
 
17.83031, -0.0002402753, -0.005932542, 92.07061, 0, 0.001361866655026253191719, 25172.93, -2230.422, -5.741346, 0.01966487, 0.1582343, 330.2819, 3.378735, 2.551616, 47.41694
 
17.84031, -0.0002543079, -0.005934945, 91.7518, 0, 0.0013620158040426222208832466, 25136.08, -2224.767, -5.741346, 0.01966487, 0.1582343, 330.1052, 3.378363, 2.551616, 47.41694
 
17.85031, -0.0002989723, -0.005937488, 91.43893, 0, 0.001365835746678404543949, 25099.32, -2219.242, -5.741346, 0.01966487, 0.1582343, 329.9289, 3.37799, 2.551616, 47.41694
 
17.86031, -0.0003327374, -0.005940477, 91.13273, 0, 0.001368586190259129405948, 25062.64, -2213.865, -5.741346, 0.01966487, 0.1582343, 329.7528, 3.377619, 2.551616, 47.41694
 
17.87031, -0.0003620433, -0.005943805, 90.83317, 0, 0.001370989278340236160056, 25026.02, -2208.637, -5.741346, 0.01966487, 0.1582343, 329.5768, 3.377248, 2.551616, 47.41694
 
17.88031, -0.0003970708, -0.005947425, 90.5397, 0, 0.001374213676259574184872, 24989.48, -2203.545, -5.741346, 0.01966487, 0.1582343, 329.401, 3.376877, 2.551616, 47.41694
 
17.89031, -0.0004252578, -0.005951396, 90.25266, 0, 0.001376811087004237698285, 24952.99, -2198.597, -5.741346, 0.01966487, 0.1582343, 329.2253, 3.376506, 2.551616, 47.41694
 
17.90031, -0.0004795674, -0.005955648, 89.97156, 0, 0.0013826224760566195717287027, 24916.59, -2193.782, -5.741346, 0.01966487, 0.1582343, 329.0499, 3.376136, 2.551616, 47.41694
 
17.91031, -0.0005062849, -0.005960444, 89.6967, 0, 0.0013854126207215057153378739, 24880.24, -2189.108, -5.741346, 0.01966487, 0.1582343, 328.8745, 3.375766, 2.551616, 47.41694
 
17.92031, -0.0005566873, -0.005965507, 89.42767, 0, 0.00139113667872859053325, 24843.97, -2184.565, -5.741346, 0.01966487, 0.1582343, 328.6994, 3.375396, 2.551616, 47.41694
 
17.93032, -0.0005844512, -0.005971074, 89.16439, 0, 0.0013943946011109949819699729, 24807.78, -2180.15, -5.741346, 0.01966487, 0.1582343, 328.5246, 3.375026, 2.551616, 47.41694
 
17.94032, -0.0006018187, -0.005976918, 88.90748, 0, 0.001396576584041024536020, 24771.65, -2175.881, -5.741346, 0.01966487, 0.1582343, 328.3498, 3.374658, 2.551616, 47.41694
 
17.95032, -0.0006228536, -0.005982936, 88.65577, 0, 0.0013993055225695323055554685, 24735.6, -2171.728, -5.741346, 0.01966487, 0.1582343, 328.1753, 3.37429, 2.551616, 47.41694
 
17.96032, -0.0006435291, -0.005989165, 88.40993, 0, 0.001402122932483625877195, 24699.61, -2167.709, -5.741346, 0.01966487, 0.1582343, 328.0008, 3.373921, 2.551616, 47.41694
 
17.97032, -0.0006500822, -0.0059956, 88.16986, 0, 0.0014033877961248473352174354, 24663.69, -2163.821, -5.741346, 0.01966487, 0.1582343, 327.8266, 3.373554, 2.551616, 47.41694
 
17.98032, -0.0006528728, -0.006002101, 87.93512, 0, 0.001404292727631131727883, 24627.82, -2160.056, -5.741346, 0.01966487, 0.1582343, 327.6525, 3.373187, 2.551616, 47.41694
 
17.99032, -0.0006596876, -0.00600863, 87.7057, 0, 0.001405752904385354588814, 24592.03, -2156.41, -5.741346, 0.01966487, 0.1582343, 327.4786, 3.37282, 2.551616, 47.41694
 
18.00032, -0.0006604349, -0.006015227, 87.48188, 0, 0.001406577419648565023352, 24556.34, -2152.892, -5.741346, 0.01966487, 0.1582343, 327.305, 3.372453, 2.551616, 47.41694
 
18.01032, -0.0006341015, -0.006021831, 87.26342, 0, 0.00140422920702904538829, 24520.69, -2149.497, -5.741346, 0.01966487, 0.1582343, 327.1315, 3.372087, 2.551616, 47.41694
 
18.02032, -0.0006381579, -0.006028172, 87.05009, 0, 0.0014055274446826203189535734, 24485.13, -2146.219, -5.741346, 0.01966487, 0.1582343, 326.9582, 3.371722, 2.551616, 47.41694
 
18.03032, -0.000612886, -0.006034554, 86.842, 0, 0.00140337918049118217552, 24449.61, -2143.063, -5.741346, 0.01966487, 0.1582343, 326.785, 3.371357, 2.551616, 47.41694
 
18.04032, -0.0006178526, -0.006040683, 86.63865, 0, 0.0014048721785246668536591167, 24414.18, -2140.015, -5.741346, 0.01966487, 0.1582343, 326.6121, 3.370991, 2.551616, 47.41694
 
18.05032, -0.0005959083, -0.006046861, 86.44065, 0, 0.001403200306472022758006, 24378.8, -2137.091, -5.741346, 0.01966487, 0.1582343, 326.4391, 3.370627, 2.551616, 47.41694
 
18.06032, -0.000598027, -0.00605282, 86.24749, 0, 0.001404448420214284600256, 24343.5, -2134.278, -5.741346, 0.01966487, 0.1582343, 326.2665, 3.370262, 2.551616, 47.41694
 
18.07032, -0.0005748397, -0.0060588, 86.05913, 0, 0.0014026985265889024814611358, 24308.29, -2131.575, -5.741346, 0.01966487, 0.1582343, 326.0942, 3.369898, 2.551616, 47.41694
 
18.08032, -0.0005485903, -0.006064549, 85.87562, 0, 0.001400583465985069001239, 24273.12, -2128.987, -5.741346, 0.01966487, 0.1582343, 325.9219, 3.369535, 2.551616, 47.41694
 
18.09032, -0.0005293107, -0.006070035, 85.69699, 0, 0.001399313332379168594288, 24238.04, -2126.51, -5.741346, 0.01966487, 0.1582343, 325.7499, 3.369172, 2.551616, 47.41694
 
18.10032, -0.0005046215, -0.006075328, 85.52284, 0, 0.001397397726239572522586, 24202.99, -2124.139, -5.741346, 0.01966487, 0.1582343, 325.5779, 3.368809, 2.551616, 47.41694
 
18.11032, -0.0004832212, -0.006080375, 85.35323, 0, 0.0013958813026708163057551333, 24168.04, -2121.873, -5.741346, 0.01966487, 0.1582343, 325.4062, 3.368447, 2.551616, 47.41694
 
18.12032, -0.0004601221, -0.006085207, 85.18819, 0, 0.0013941656383701525949530707, 24133.13, -2119.715, -5.741346, 0.01966487, 0.1582343, 325.2345, 3.368085, 2.551616, 47.41694
 
18.13032, -0.0004245771, -0.006089808, 85.02757, 0, 0.0013909260395400316056022748, 24098.31, -2117.659, -5.741346, 0.01966487, 0.1582343, 325.0631, 3.367723, 2.551616, 47.41694
 
18.14032, -0.0003898939, -0.006094054, 84.87138, 0, 0.0013877619362997795294822416, 24063.53, -2115.708, -5.741346, 0.01966487, 0.1582343, 324.8918, 3.367362, 2.551616, 47.41694
 
18.15032, -0.0003754842, -0.006097953, 84.71943, 0, 0.0013870619457724791833552084, 24028.83, -2113.856, -5.741346, 0.01966487, 0.1582343, 324.7207, 3.367001, 2.551616, 47.41694
 
18.16032, -0.0003389085, -0.006101707, 84.57177, 0, 0.0013836541593866867065200621, 23994.18, -2112.106, -5.741346, 0.01966487, 0.1582343, 324.5496, 3.36664, 2.551616, 47.41694
 
18.17032, -0.0003283783, -0.006105097, 84.42828, 0, 0.0013834271596097306813653326, 23959.61, -2110.454, -5.741346, 0.01966487, 0.1582343, 324.3789, 3.36628, 2.551616, 47.41694
 
18.18032, -0.0003122938, -0.00610838, 84.28877, 0, 0.001382545694825939509932, 23925.08, -2108.897, -5.741346, 0.01966487, 0.1582343, 324.2081, 3.365919, 2.551616, 47.41694
 
18.19032, -0.0003007137, -0.006111503, 84.15344, 0, 0.001382241013772220607464, 23890.64, -2107.438, -5.741346, 0.01966487, 0.1582343, 324.0377, 3.365559, 2.551616, 47.41694
 
18.20032, -0.0002880342, -0.00611451, 84.022, 0, 0.0013818284035961112356583815, 23856.24, -2106.072, -5.741346, 0.01966487, 0.1582343, 323.8672, 3.3652, 2.551616, 47.41694
 
18.21032, -0.0002926756, -0.00611739, 83.89459, 0, 0.0013835968650018576139786366, 23821.93, -2104.801, -5.741346, 0.01966487, 0.1582343, 323.6971, 3.36484, 2.551616, 47.41694
 
18.22032, -0.0002994018, -0.006120317, 83.77102, 0, 0.001385695856644389104790, 23787.7, -2103.621, -5.741346, 0.01966487, 0.1582343, 323.5273, 3.364481, 2.551616, 47.41694
 
18.23032, -0.0002759218, -0.006123311, 83.65129, 0, 0.001384097392649077485497, 23753.51, -2102.533, -5.741346, 0.01966487, 0.1582343, 323.3575, 3.364123, 2.551616, 47.41694
 
18.24032, -0.0002682195, -0.00612607, 83.53526, 0, 0.001384469477820728309516, 23719.36, -2101.535, -5.741346, 0.01966487, 0.1582343, 323.1877, 3.363765, 2.551616, 47.41694
 
18.25032, -0.0002818875, -0.006128753, 83.42285, 0, 0.0013875575099337621497107077, 23685.3, -2100.623, -5.741346, 0.01966487, 0.1582343, 323.0182, 3.363406, 2.551616, 47.41694
 
18.26032, -0.0002873502, -0.006131571, 83.3141, 0, 0.0013897065454336753524, 23651.32, -2099.798, -5.741346, 0.01966487, 0.1582343, 322.849, 3.363049, 2.551616, 47.41694
 
18.27032, -0.0002912879, -0.006134445, 83.20894, 0, 0.00139173439177716562878, 23617.39, -2099.061, -5.741346, 0.01966487, 0.1582343, 322.6798, 3.362692, 2.551616, 47.41694
 
18.28032, -0.0002992308, -0.006137358, 83.10722, 0, 0.0013943329259556391929351880, 23583.54, -2098.405, -5.741346, 0.01966487, 0.1582343, 322.5109, 3.362334, 2.551616, 47.41694
 
18.29032, -0.0003034553, -0.00614035, 83.00895, 0, 0.0013965375454175772097068820, 23549.73, -2097.833, -5.741346, 0.01966487, 0.1582343, 322.342, 3.361977, 2.551616, 47.41694
 
18.30032, -0.0003263861, -0.006143385, 82.91406, 0, 0.001401175120773915400012, 23516, -2097.344, -5.741346, 0.01966487, 0.1582343, 322.1734, 3.361621, 2.551616, 47.41694
 
18.31032, -0.0003465847, -0.006146648, 82.82246, 0, 0.00140558117289731363812, 23482.31, -2096.934, -5.741346, 0.01966487, 0.1582343, 322.0049, 3.361265, 2.551616, 47.41694
 
18.32032, -0.0003596848, -0.006150114, 82.73418, 0, 0.0014091941413291334354067987, 23448.71, -2096.604, -5.741346, 0.01966487, 0.1582343, 321.8366, 3.360909, 2.551616, 47.41694
 
18.33032, -0.0003633355, -0.006153711, 82.64902, 0, 0.001411690085117989462198, 23415.14, -2096.353, -5.741346, 0.01966487, 0.1582343, 321.6683, 3.360554, 2.551616, 47.41694
 
18.34032, -0.0003911039, -0.006157345, 82.56704, 0, 0.0014173249991780592032, 23381.67, -2096.176, -5.741346, 0.01966487, 0.1582343, 321.5004, 3.360198, 2.551616, 47.41694
 
18.35032, -0.0003946541, -0.006161256, 82.48816, 0, 0.001419990529753131764646, 23348.23, -2096.077, -5.741346, 0.01966487, 0.1582343, 321.3324, 3.359844, 2.551616, 47.41694
 
18.36032, -0.0004256856, -0.006165202, 82.41231, 0, 0.001426236020776210946928, 23314.88, -2096.051, -5.741346, 0.01966487, 0.1582343, 321.1648, 3.359489, 2.551616, 47.41694
 
18.37033, -0.0004490075, -0.006169459, 82.33936, 0, 0.0014316267942459097329952810, 23281.56, -2096.098, -5.741346, 0.01966487, 0.1582343, 320.9971, 3.359134, 2.551616, 47.41694
 
18.38033, -0.0004759305, -0.006173949, 82.26938, 0, 0.001437593041072742496516, 23248.33, -2096.217, -5.741346, 0.01966487, 0.1582343, 320.8298, 3.35878, 2.551616, 47.41694
 
18.39033, -0.0004804658, -0.006178709, 82.20222, 0, 0.001440799482656107427590, 23215.13, -2096.407, -5.741346, 0.01966487, 0.1582343, 320.6625, 3.358427, 2.551616, 47.41694
 
18.40033, -0.0004924517, -0.006183513, 82.13795, 0, 0.001445028677210750387658, 23182.03, -2096.667, -5.741346, 0.01966487, 0.1582343, 320.4955, 3.358073, 2.551616, 47.41694
 
18.41033, -0.0005006109, -0.006188438, 82.07635, 0, 0.0014488446688769079366598531, 23148.95, -2096.995, -5.741346, 0.01966487, 0.1582343, 320.3285, 3.35772, 2.551616, 47.41694
 
18.42033, -0.0005289671, -0.006193444, 82.01752, 0, 0.0014553454045863380326122667, 23115.97, -2097.389, -5.741346, 0.01966487, 0.1582343, 320.1617, 3.357368, 2.551616, 47.41694
 
18.43033, -0.0005369336, -0.006198734, 81.96124, 0, 0.0014593254465782556979334746, 23083.02, -2097.85, -5.741346, 0.01966487, 0.1582343, 319.9951, 3.357016, 2.551616, 47.41694
 
18.44033, -0.0005649893, -0.006204103, 81.90765, 0, 0.001465985839632363609624, 23050.15, -2098.375, -5.741346, 0.01966487, 0.1582343, 319.8286, 3.356663, 2.551616, 47.41694
 
18.45033, -0.0005568503, -0.006209753, 81.85653, 0, 0.0014680578845338752091974192, 23017.32, -2098.964, -5.741346, 0.01966487, 0.1582343, 319.6623, 3.356312, 2.551616, 47.41694
 
18.46033, -0.0005737935, -0.006215321, 81.80799, 0, 0.001473425389243094548114, 22984.58, -2099.616, -5.741346, 0.01966487, 0.1582343, 319.4962, 3.35596, 2.551616, 47.41694
 
18.47033, -0.0005660836, -0.006221059, 81.76178, 0, 0.0014756629600469539231736666, 22951.88, -2100.328, -5.741346, 0.01966487, 0.1582343, 319.3301, 3.355609, 2.551616, 47.41694
 
18.48033, -0.0005820338, -0.00622672, 81.71803, 0, 0.001481022889645781739785, 22919.25, -2101.101, -5.741346, 0.01966487, 0.1582343, 319.1643, 3.355258, 2.551616, 47.41694
 
18.49033, -0.0005693319, -0.006232541, 81.67654, 0, 0.0014827124691490692203632270, 22886.66, -2101.932, -5.741346, 0.01966487, 0.1582343, 318.9985, 3.354908, 2.551616, 47.41694
 
18.50033, -0.000585721, -0.006238234, 81.63743, 0, 0.001488234646105868044694, 22854.16, -2102.822, -5.741346, 0.01966487, 0.1582343, 318.8331, 3.354558, 2.551616, 47.41694
 
18.51033, -0.0005790096, -0.006244091, 81.60046, 0, 0.001490804397221410125853, 22821.7, -2103.767, -5.741346, 0.01966487, 0.1582343, 318.6676, 3.354208, 2.551616, 47.41694
 
18.52033, -0.000581376, -0.006249881, 81.5658, 0, 0.001494596883529973262060, 22789.31, -2104.771, -5.741346, 0.01966487, 0.1582343, 318.5025, 3.353858, 2.551616, 47.41694
 
18.53033, -0.0005597658, -0.006255695, 81.53313, 0, 0.0014952688981953727289360898, 22756.97, -2105.825, -5.741346, 0.01966487, 0.1582343, 318.3373, 3.35351, 2.551616, 47.41694
 
18.54033, -0.0005614249, -0.006261292, 81.50269, 0, 0.001499005838685081698508, 22724.71, -2106.936, -5.741346, 0.01966487, 0.1582343, 318.1725, 3.35316, 2.551616, 47.41694
 
18.55033, -0.0005578665, -0.006266907, 81.47412, 0, 0.001502094391034690280072, 22692.48, -2108.096, -5.741346, 0.01966487, 0.1582343, 318.0077, 3.352812, 2.551616, 47.41694
 
18.56033, -0.0005601715, -0.006272485, 81.4477, 0, 0.0015059951711831499287216631, 22660.33, -2109.31, -5.741346, 0.01966487, 0.1582343, 317.8431, 3.352464, 2.551616, 47.41694
 
18.57033, -0.0005572435, -0.006278087, 81.42313, 0, 0.0015092445639297266723749932, 22628.23, -2110.572, -5.741346, 0.01966487, 0.1582343, 317.6786, 3.352116, 2.551616, 47.41694
 
18.58033, -0.0005463943, -0.00628366, 81.4005, 0, 0.0015114703023124190762166996, 22596.2, -2111.885, -5.741346, 0.01966487, 0.1582343, 317.5144, 3.351768, 2.551616, 47.41694
 
18.59033, -0.00053024, -0.006289124, 81.37968, 0, 0.001512995405941522957788, 22564.21, -2113.243, -5.741346, 0.01966487, 0.1582343, 317.3502, 3.351421, 2.551616, 47.41694
 
18.60033, -0.0005206091, -0.006294427, 81.36069, 0, 0.001515386946880011070058, 22532.31, -2114.649, -5.741346, 0.01966487, 0.1582343, 317.1862, 3.351074, 2.551616, 47.41694
 
18.61033, -0.0005060214, -0.006299633, 81.3434, 0, 0.001517124792464694202832, 22500.44, -2116.101, -5.741346, 0.01966487, 0.1582343, 317.0224, 3.350728, 2.551616, 47.41694
 
18.62033, -0.0004959097, -0.006304693, 81.3279, 0, 0.0015194612771276039960776611, 22468.65, -2117.598, -5.741346, 0.01966487, 0.1582343, 316.8588, 3.350382, 2.551616, 47.41694
 
18.63033, -0.0004685209, -0.006309652, 81.31396, 0, 0.00151947938448193088603, 22436.89, -2119.137, -5.741346, 0.01966487, 0.1582343, 316.6952, 3.350036, 2.551616, 47.41694
 
18.64033, -0.0004644195, -0.006314337, 81.30177, 0, 0.001522597352406168612219, 22405.22, -2120.719, -5.741346, 0.01966487, 0.1582343, 316.5319, 3.34969, 2.551616, 47.41694
 
18.65033, -0.0004384234, -0.006318981, 81.29102, 0, 0.001522780262635743523485, 22373.58, -2122.343, -5.741346, 0.01966487, 0.1582343, 316.3686, 3.349345, 2.551616, 47.41694
 
18.66033, -0.0004335947, -0.006323365, 81.28195, 0, 0.0015257908882751226823208124, 22342.04, -2124.008, -5.741346, 0.01966487, 0.1582343, 316.2056, 3.349, 2.551616, 47.41694
 
18.67033, -0.0004093467, -0.006327701, 81.27416, 0, 0.0015261863133401554169743014, 22310.51, -2125.709, -5.741346, 0.01966487, 0.1582343, 316.0427, 3.348655, 2.551616, 47.41694
 
18.68033, -0.0003923176, -0.006331795, 81.26797, 0, 0.0015275273209343930243105848, 22279.08, -2127.45, -5.741346, 0.01966487, 0.1582343, 315.88, 3.348311, 2.551616, 47.41694
 
18.69033, -0.0003721487, -0.006335718, 81.26312, 0, 0.001528426339108888861834, 22247.67, -2129.229, -5.741346, 0.01966487, 0.1582343, 315.7173, 3.347967, 2.551616, 47.41694
 
18.70033, -0.0003566017, -0.00633944, 81.25956, 0, 0.0015299299879458796547663776, 22216.3, -2131.044, -5.741346, 0.01966487, 0.1582343, 315.5547, 3.347624, 2.551616, 47.41694
 
18.71033, -0.0003621088, -0.006343006, 81.2575, 0, 0.001534299903958523669175, 22185.02, -2132.897, -5.741346, 0.01966487, 0.1582343, 315.3923, 3.347279, 2.551616, 47.41694
 
18.72033, -0.0003656544, -0.006346627, 81.25657, 0, 0.0015384443618372775886228043, 22153.78, -2134.781, -5.741346, 0.01966487, 0.1582343, 315.23, 3.346936, 2.551616, 47.41694
 
18.73033, -0.0003580087, -0.006350283, 81.25699, 0, 0.0015410958129247720411306654, 22122.61, -2136.701, -5.741346, 0.01966487, 0.1582343, 315.068, 3.346593, 2.551616, 47.41694
 
18.74033, -0.0003470786, -0.006353863, 81.25841, 0, 0.0015433008649662033900490039, 22091.47, -2138.65, -5.741346, 0.01966487, 0.1582343, 314.9059, 3.34625, 2.551616, 47.41694
 
18.75033, -0.0003585223, -0.006357334, 81.26117, 0, 0.0015485847712749655481850793, 22060.41, -2140.634, -5.741346, 0.01966487, 0.1582343, 314.7442, 3.345907, 2.551616, 47.41694
 
18.76033, -0.0003643104, -0.006360919, 81.26492, 0, 0.001553147647835850565362, 22029.39, -2142.645, -5.741346, 0.01966487, 0.1582343, 314.5825, 3.345565, 2.551616, 47.41694
 
18.77033, -0.0003760856, -0.006364562, 81.2698, 0, 0.00155858171171669882448, 21998.46, -2144.686, -5.741346, 0.01966487, 0.1582343, 314.4211, 3.345223, 2.551616, 47.41694
 
18.78033, -0.0003690344, -0.006368323, 81.2756, 0, 0.0015614695567488730575400305, 21967.55, -2146.754, -5.741346, 0.01966487, 0.1582343, 314.2597, 3.344882, 2.551616, 47.41694
 
18.79033, -0.0003821382, -0.006372013, 81.28252, 0, 0.0015671603104711588127829067, 21936.72, -2148.852, -5.741346, 0.01966487, 0.1582343, 314.0986, 3.34454, 2.551616, 47.41694
 
18.80033, -0.0003756909, -0.006375834, 81.29027, 0, 0.0015701966745782668693059829, 21905.94, -2150.973, -5.741346, 0.01966487, 0.1582343, 313.9375, 3.344199, 2.551616, 47.41694
 
18.81034, -0.0003893223, -0.006379591, 81.299, 0, 0.001576034022116211852807, 21875.22, -2153.121, -5.741346, 0.01966487, 0.1582343, 313.7767, 3.343858, 2.551616, 47.41694
 
18.82034, -0.0003858012, -0.006383485, 81.30848, 0, 0.001579542474473523006426, 21844.55, -2155.291, -5.741346, 0.01966487, 0.1582343, 313.6159, 3.343518, 2.551616, 47.41694
 
18.83034, -0.000386837, -0.006387343, 81.31882, 0, 0.001583704094286632705864, 21813.91, -2157.487, -5.741346, 0.01966487, 0.1582343, 313.4551, 3.343178, 2.551616, 47.41694
 
18.84034, -0.0004111309, -0.006391211, 81.33012, 0, 0.001591148334761304657075, 21783.34, -2159.708, -5.741346, 0.01966487, 0.1582343, 313.2946, 3.342838, 2.551616, 47.41694
 
18.85034, -0.0004279752, -0.006395322, 81.34206, 0, 0.001597640318864704261591, 21752.82, -2161.947, -5.741346, 0.01966487, 0.1582343, 313.1342, 3.342498, 2.551616, 47.41694
 
18.86034, -0.0004372493, -0.006399602, 81.35478, 0, 0.0016031414763717697698528648, 21722.37, -2164.209, -5.741346, 0.01966487, 0.1582343, 312.974, 3.342158, 2.551616, 47.41694
 
18.87034, -0.0004428658, -0.006403975, 81.36806, 0, 0.001608176073221242498984, 21691.96, -2166.488, -5.741346, 0.01966487, 0.1582343, 312.8138, 3.341819, 2.551616, 47.41694
 
18.88034, -0.0004679919, -0.006408403, 81.3821, 0, 0.0016159989577984201557438987, 21661.62, -2168.788, -5.741346, 0.01966487, 0.1582343, 312.654, 3.34148, 2.551616, 47.41694
 
18.89034, -0.0004702555, -0.006413083, 81.39662, 0, 0.001620686547374587909164, 21631.32, -2171.102, -5.741346, 0.01966487, 0.1582343, 312.4941, 3.341142, 2.551616, 47.41694
 
18.90034, -0.0004826138, -0.006417786, 81.41182, 0, 0.001626830906977675198401, 21601.1, -2173.436, -5.741346, 0.01966487, 0.1582343, 312.3346, 3.340803, 2.551616, 47.41694
 
18.91034, -0.0004740367, -0.006422612, 81.42743, 0, 0.001630064106652397030505, 21570.9, -2175.783, -5.741346, 0.01966487, 0.1582343, 312.175, 3.340466, 2.551616, 47.41694
 
18.92034, -0.0004869883, -0.006427352, 81.44363, 0, 0.001636347578006501951179, 21540.79, -2178.147, -5.741346, 0.01966487, 0.1582343, 312.0158, 3.340128, 2.551616, 47.41694
 
18.93034, -0.0004943356, -0.006432222, 81.46019, 0, 0.00164189045053076746328, 21510.71, -2180.522, -5.741346, 0.01966487, 0.1582343, 311.8566, 3.339791, 2.551616, 47.41694
 
18.94034, -0.0004948216, -0.006437166, 81.47719, 0, 0.00164649845164058460228, 21480.67, -2182.913, -5.741346, 0.01966487, 0.1582343, 311.6974, 3.339454, 2.551616, 47.41694
 
18.95034, -0.000516176, -0.006442114, 81.49471, 0, 0.0016541061392089147492119779, 21450.71, -2185.317, -5.741346, 0.01966487, 0.1582343, 311.5384, 3.339117, 2.551616, 47.41694
 
18.96034, -0.0005151024, -0.006447276, 81.5125, 0, 0.0016585866359779051892439223, 21420.78, -2187.732, -5.741346, 0.01966487, 0.1582343, 311.3795, 3.33878, 2.551616, 47.41694
 
18.97034, -0.0005351657, -0.006452427, 81.53066, 0, 0.0016661094801898700212318014, 21390.91, -2190.158, -5.741346, 0.01966487, 0.1582343, 311.2208, 3.338444, 2.551616, 47.41694
 
18.98034, -0.0005460913, -0.006457779, 81.54907, 0, 0.001672397100737864176431, 21361.09, -2192.593, -5.741346, 0.01966487, 0.1582343, 311.0623, 3.338107, 2.551616, 47.41694
 
18.99034, -0.0005520946, -0.006463239, 81.56773, 0, 0.00167802520057778568989, 21331.33, -2195.036, -5.741346, 0.01966487, 0.1582343, 310.9038, 3.337771, 2.551616, 47.41694
 
19.00034, -0.0005649009, -0.00646876, 81.58659, 0, 0.001684666348958954210321, 21301.62, -2197.486, -5.741346, 0.01966487, 0.1582343, 310.7455, 3.337436, 2.551616, 47.41694
 
19.01034, -0.0005742876, -0.006474409, 81.60571, 0, 0.001690869260691970402587, 21271.96, -2199.945, -5.741346, 0.01966487, 0.1582343, 310.5874, 3.337101, 2.551616, 47.41694
 
19.02034, -0.0005791042, -0.006480152, 81.62489, 0, 0.001696452651175417713596, 21242.35, -2202.408, -5.741346, 0.01966487, 0.1582343, 310.4294, 3.336766, 2.551616, 47.41694
 
19.03034, -0.0005779854, -0.006485943, 81.64423, 0, 0.001701205012483129425936, 21212.8, -2204.877, -5.741346, 0.01966487, 0.1582343, 310.2715, 3.336431, 2.551616, 47.41694
 
19.04034, -0.0005864652, -0.006491723, 81.66367, 0, 0.0017073621336615586490085338, 21183.3, -2207.351, -5.741346, 0.01966487, 0.1582343, 310.1137, 3.336097, 2.551616, 47.41694
 
19.05034, -0.0005905075, -0.006497588, 81.68315, 0, 0.0017129108916126195677522272, 21153.85, -2209.827, -5.741346, 0.01966487, 0.1582343, 309.9561, 3.335763, 2.551616, 47.41694
 
19.06034, -0.0005901132, -0.006503493, 81.70268, 0, 0.0017178388242069562032933268, 21124.46, -2212.307, -5.741346, 0.01966487, 0.1582343, 309.7986, 3.335429, 2.551616, 47.41694
 
19.07034, -0.0005836825, -0.006509394, 81.72218, 0, 0.001721896622788164279646, 21095.11, -2214.787, -5.741346, 0.01966487, 0.1582343, 309.6413, 3.335095, 2.551616, 47.41694
 
19.08034, -0.0005887062, -0.006515231, 81.7416, 0, 0.0017276200758917376334409195, 21065.81, -2217.269, -5.741346, 0.01966487, 0.1582343, 309.484, 3.334762, 2.551616, 47.41694
 
19.09034, -0.0005783217, -0.006521117, 81.76098, 0, 0.001731113119995774606324, 21036.56, -2219.75, -5.741346, 0.01966487, 0.1582343, 309.3269, 3.334429, 2.551616, 47.41694
 
19.10034, -0.0005764175, -0.0065269, 81.78033, 0, 0.001735830546664985856775, 21007.38, -2222.232, -5.741346, 0.01966487, 0.1582343, 309.17, 3.334096, 2.551616, 47.41694
 
19.11034, -0.0005668238, -0.006532664, 81.79948, 0, 0.0017394192419580477249114017, 20978.23, -2224.712, -5.741346, 0.01966487, 0.1582343, 309.0132, 3.333764, 2.551616, 47.41694
 
19.12034, -0.0005692475, -0.006538332, 81.81848, 0, 0.00174475666347392180736, 20949.14, -2227.188, -5.741346, 0.01966487, 0.1582343, 308.8565, 3.333431, 2.551616, 47.41694
 
19.13034, -0.0005621466, -0.006544025, 81.83725, 0, 0.001748703818020966957614, 20920.1, -2229.661, -5.741346, 0.01966487, 0.1582343, 308.6999, 3.3331, 2.551616, 47.41694
 
19.14034, -0.0005559874, -0.006549646, 81.85582, 0, 0.001752775957461639046438, 20891.12, -2232.129, -5.741346, 0.01966487, 0.1582343, 308.5435, 3.332768, 2.551616, 47.41694
 
19.15034, -0.0005437846, -0.006555206, 81.87419, 0, 0.001755942604425088785612, 20862.18, -2234.594, -5.741346, 0.01966487, 0.1582343, 308.3872, 3.332437, 2.551616, 47.41694
 
19.16034, -0.0005432903, -0.006560644, 81.89216, 0, 0.001760811183206039555760, 20833.29, -2237.052, -5.741346, 0.01966487, 0.1582343, 308.231, 3.332106, 2.551616, 47.41694
 
19.17034, -0.0005260645, -0.006566077, 81.90994, 0, 0.001763200249390709158635, 20804.45, -2239.504, -5.741346, 0.01966487, 0.1582343, 308.075, 3.331775, 2.551616, 47.41694
 
19.18034, -0.0005173606, -0.006571338, 81.92732, 0, 0.001766807841049296287098, 20775.66, -2241.948, -5.741346, 0.01966487, 0.1582343, 307.9191, 3.331444, 2.551616, 47.41694
 
19.19034, -0.0005187186, -0.006576511, 81.94435, 0, 0.001771891930446186816176, 20746.93, -2244.384, -5.741346, 0.01966487, 0.1582343, 307.7633, 3.331114, 2.551616, 47.41694
 
19.20034, -0.0005019944, -0.006581698, 81.96098, 0, 0.00177428234889849911656, 20718.24, -2246.811, -5.741346, 0.01966487, 0.1582343, 307.6077, 3.330784, 2.551616, 47.41694
 
19.21034, -0.0004966373, -0.006586718, 81.9772, 0, 0.00177832457650438185203, 20689.6, -2249.229, -5.741346, 0.01966487, 0.1582343, 307.4522, 3.330454, 2.551616, 47.41694
 
19.22034, -0.0004856806, -0.006591684, 81.99293, 0, 0.00178151173968024066964, 20661.02, -2251.634, -5.741346, 0.01966487, 0.1582343, 307.2968, 3.330124, 2.551616, 47.41694
 
19.23034, -0.0004740049, -0.006596541, 82.00821, 0, 0.00178455814523721554688, 20632.47, -2254.03, -5.741346, 0.01966487, 0.1582343, 307.1415, 3.329795, 2.551616, 47.41694
 
19.24035, -0.0004598127, -0.006601281, 82.023, 0, 0.00178718873724397415672, 20603.99, -2256.413, -5.741346, 0.01966487, 0.1582343, 306.9864, 3.329466, 2.551616, 47.41694
 
19.25035, -0.0004539521, -0.006605879, 82.03725, 0, 0.0017910297092605921779, 20575.55, -2258.783, -5.741346, 0.01966487, 0.1582343, 306.8314, 3.329137, 2.551616, 47.41694
 
19.26035, -0.0004547628, -0.006610419, 82.0509, 0, 0.00179585905603683485096, 20547.16, -2261.139, -5.741346, 0.01966487, 0.1582343, 306.6765, 3.328809, 2.551616, 47.41694
 
19.27035, -0.000442473, -0.006614966, 82.06394, 0, 0.00179870553154220862770, 20518.81, -2263.479, -5.741346, 0.01966487, 0.1582343, 306.5218, 3.328481, 2.551616, 47.41694
 
19.28035, -0.0004383956, -0.006619391, 82.07645, 0, 0.0018027577061953549472, 20490.53, -2265.807, -5.741346, 0.01966487, 0.1582343, 306.3672, 3.328153, 2.551616, 47.41694
 
19.29035, -0.0004440828, -0.006623775, 82.08824, 0, 0.00180827333551001166336, 20462.28, -2268.115, -5.741346, 0.01966487, 0.1582343, 306.2127, 3.327825, 2.551616, 47.41694
 
19.30035, -0.0004349323, -0.006628216, 82.09942, 0, 0.00181154806386143163823, 20434.09, -2270.409, -5.741346, 0.01966487, 0.1582343, 306.0583, 3.327497, 2.551616, 47.41694
 
19.31035, -0.0004338982, -0.006632565, 82.10986, 0, 0.00181602357984881872148, 20405.94, -2272.684, -5.741346, 0.01966487, 0.1582343, 305.9041, 3.32717, 2.551616, 47.41694
 
19.32035, -0.000428783, -0.006636904, 82.11961, 0, 0.00181986945550917467824, 20377.84, -2274.941, -5.741346, 0.01966487, 0.1582343, 305.75, 3.326843, 2.551616, 47.41694
 
19.33035, -0.0004228679, -0.006641192, 82.12861, 0, 0.0018235700481013379865, 20349.79, -2277.179, -5.741346, 0.01966487, 0.1582343, 305.596, 3.326517, 2.551616, 47.41694
 
19.34035, -0.0004249291, -0.006645421, 82.13686, 0, 0.00182846731647660911704, 20321.79, -2279.398, -5.741346, 0.01966487, 0.1582343, 305.4422, 3.32619, 2.551616, 47.41694
 
19.35035, -0.0004229046, -0.00664967, 82.14427, 0, 0.00183273571219758483268, 20293.84, -2281.595, -5.741346, 0.01966487, 0.1582343, 305.2885, 3.325864, 2.551616, 47.41694
 
19.36035, -0.0004318525, -0.006653899, 82.15088, 0, 0.00183867603267315729024, 20265.94, -2283.77, -5.741346, 0.01966487, 0.1582343, 305.1348, 3.325538, 2.551616, 47.41694
 
19.37035, -0.0004380075, -0.006658217, 82.15663, 0, 0.00184420733611513223446, 20238.08, -2285.924, -5.741346, 0.01966487, 0.1582343, 304.9814, 3.325212, 2.551616, 47.41694
 
19.38035, -0.0004400217, -0.006662597, 82.16154, 0, 0.00184911086798901816015, 20210.27, -2288.055, -5.741346, 0.01966487, 0.1582343, 304.828, 3.324887, 2.551616, 47.41694
 
19.39035, -0.0004514336, -0.006666997, 82.16554, 0, 0.00185546308057359597390, 20182.5, -2290.162, -5.741346, 0.01966487, 0.1582343, 304.6747, 3.324561, 2.551616, 47.41694
 
19.40035, -0.0004616833, -0.006671512, 82.16869, 0, 0.00186166180549744919328, 20154.79, -2292.246, -5.741346, 0.01966487, 0.1582343, 304.5216, 3.324236, 2.551616, 47.41694
 
19.41035, -0.0004674937, -0.006676129, 82.17085, 0, 0.00186719540155340713728, 20127.13, -2294.304, -5.741346, 0.01966487, 0.1582343, 304.3687, 3.323912, 2.551616, 47.41694
 
19.42035, -0.0004825598, -0.006680803, 82.172, 0, 0.00187417305815140491176, 20099.5, -2296.335, -5.741346, 0.01966487, 0.1582343, 304.2158, 3.323587, 2.551616, 47.41694
 
19.43035, -0.0004800313, -0.006685629, 82.17224, 0, 0.00187844859592679985444, 20071.94, -2298.342, -5.741346, 0.01966487, 0.1582343, 304.063, 3.323263, 2.551616, 47.41694
 
19.44035, -0.0004899682, -0.00669043, 82.17142, 0, 0.0018846476097680182184, 20044.41, -2300.32, -5.741346, 0.01966487, 0.1582343, 303.9105, 3.322939, 2.551616, 47.41694
 
19.45035, -0.000505674, -0.006695329, 82.16959, 0, 0.00189176655333282792361, 20016.94, -2302.27, -5.741346, 0.01966487, 0.1582343, 303.758, 3.322615, 2.551616, 47.41694
 
19.46035, -0.0005086306, -0.006700386, 82.16666, 0, 0.00189692892102589486700, 19989.5, -2304.191, -5.741346, 0.01966487, 0.1582343, 303.6056, 3.322292, 2.551616, 47.41694
 
19.47035, -0.0005235717, -0.006705472, 82.1627, 0, 0.00190396438241105187819, 19962.12, -2306.084, -5.741346, 0.01966487, 0.1582343, 303.4533, 3.321968, 2.551616, 47.41694
 
19.48035, -0.0005299092, -0.006710708, 82.15763, 0, 0.00190968385616065581852, 19934.78, -2307.946, -5.741346, 0.01966487, 0.1582343, 303.3012, 3.321645, 2.551616, 47.41694
 
19.49035, -0.0005352285, -0.006716007, 82.15144, 0, 0.00191524569108891147591, 19907.49, -2309.778, -5.741346, 0.01966487, 0.1582343, 303.1492, 3.321323, 2.551616, 47.41694
 
19.50035, -0.0005363469, -0.00672136, 82.1441, 0, 0.00192015004357075903111, 19880.25, -2311.578, -5.741346, 0.01966487, 0.1582343, 302.9973, 3.321, 2.551616, 47.41694
 
19.51035, -0.0005480174, -0.006726723, 82.13561, 0, 0.00192670646730549697080, 19853.05, -2313.346, -5.741346, 0.01966487, 0.1582343, 302.8456, 3.320678, 2.551616, 47.41694
 
19.52035, -0.0005456068, -0.006732204, 82.12592, 0, 0.00193105510234982888074, 19825.9, -2315.081, -5.741346, 0.01966487, 0.1582343, 302.6939, 3.320356, 2.551616, 47.41694
 
19.53035, -0.0005537752, -0.00673766, 82.11501, 0, 0.00193705538104441519670, 19798.79, -2316.782, -5.741346, 0.01966487, 0.1582343, 302.5424, 3.320034, 2.551616, 47.41694
 
19.54035, -0.0005692621, -0.006743197, 82.1029, 0, 0.00194422729973417806432, 19771.73, -2318.45, -5.741346, 0.01966487, 0.1582343, 302.391, 3.319712, 2.551616, 47.41694
 
19.55035, -0.0005720709, -0.00674889, 82.08948, 0, 0.00194941378615043303355, 19744.71, -2320.082, -5.741346, 0.01966487, 0.1582343, 302.2397, 3.319391, 2.551616, 47.41694
 
19.56035, -0.000582537, -0.006754611, 82.07484, 0, 0.00195580927559422612137, 19717.75, -2321.679, -5.741346, 0.01966487, 0.1582343, 302.0886, 3.31907, 2.551616, 47.41694
 
19.57035, -0.000588813, -0.006760436, 82.05891, 0, 0.00196155035118488998341, 19690.83, -2323.239, -5.741346, 0.01966487, 0.1582343, 301.9375, 3.318749, 2.551616, 47.41694
 
19.58035, -0.0005954562, -0.006766324, 82.04163, 0, 0.00196735153251814936950, 19663.94, -2324.763, -5.741346, 0.01966487, 0.1582343, 301.7866, 3.318429, 2.551616, 47.41694
 
19.59035, -0.0005982801, -0.006772279, 82.02304, 0, 0.00197253992160311027208, 19637.11, -2326.249, -5.741346, 0.01966487, 0.1582343, 301.6358, 3.318108, 2.551616, 47.41694
 
19.60035, -0.0006001877, -0.006778262, 82.00311, 0, 0.00197756928019329615088, 19610.33, -2327.697, -5.741346, 0.01966487, 0.1582343, 301.4851, 3.317788, 2.551616, 47.41694
 
19.61035, -0.0005968107, -0.006784264, 81.9818, 0, 0.00198173329228843752813, 19583.59, -2329.106, -5.741346, 0.01966487, 0.1582343, 301.3345, 3.317468, 2.551616, 47.41694
 
19.62035, -0.0006024821, -0.006790231, 81.95908, 0, 0.00198731740827783572864, 19556.89, -2330.475, -5.741346, 0.01966487, 0.1582343, 301.1841, 3.317149, 2.551616, 47.41694
 
19.63035, -0.000595975, -0.006796256, 81.93494, 0, 0.00199093204818808464556, 19530.24, -2331.803, -5.741346, 0.01966487, 0.1582343, 301.0338, 3.316829, 2.551616, 47.41694
 
19.64035, -0.0005998889, -0.006802216, 81.90939, 0, 0.00199618383092450861625, 19503.63, -2333.091, -5.741346, 0.01966487, 0.1582343, 300.8835, 3.31651, 2.551616, 47.41694
 
19.65035, -0.0005985622, -0.006808215, 81.88235, 0, 0.00200057523881310101952, 19477.07, -2334.337, -5.741346, 0.01966487, 0.1582343, 300.7335, 3.316191, 2.551616, 47.41694
 
19.66035, -0.0005977751, -0.0068142, 81.85388, 0, 0.00200502274628874509511, 19450.55, -2335.541, -5.741346, 0.01966487, 0.1582343, 300.5835, 3.315873, 2.551616, 47.41694
 
19.67035, -0.0005921098, -0.006820178, 81.82396, 0, 0.0020086481859732307728, 19424.09, -2336.703, -5.741346, 0.01966487, 0.1582343, 300.4336, 3.315554, 2.551616, 47.41694
 
19.68036, -0.0005965474, -0.006826099, 81.79247, 0, 0.002013870973987306494, 19397.66, -2337.82, -5.741346, 0.01966487, 0.1582343, 300.2839, 3.315236, 2.551616, 47.41694
 
19.69036, -0.000587708, -0.006832065, 81.75946, 0, 0.00201691345120845394408, 19371.28, -2338.894, -5.741346, 0.01966487, 0.1582343, 300.1342, 3.314919, 2.551616, 47.41694
 
19.70036, -0.0005905494, -0.006837942, 81.72495, 0, 0.00202180717477548087642, 19344.94, -2339.923, -5.741346, 0.01966487, 0.1582343, 299.9847, 3.314601, 2.551616, 47.41694
 
19.71036, -0.0005882895, -0.006843847, 81.68881, 0, 0.0020258456315536244792, 19318.64, -2340.906, -5.741346, 0.01966487, 0.1582343, 299.8353, 3.314283, 2.551616, 47.41694
 
19.72036, -0.0005865998, -0.00684973, 81.65114, 0, 0.00202993872620024973202, 19292.38, -2341.844, -5.741346, 0.01966487, 0.1582343, 299.686, 3.313966, 2.551616, 47.41694
 
19.73036, -0.0005815006, -0.006855596, 81.61183, 0, 0.00203343451910681035371, 19266.17, -2342.734, -5.741346, 0.01966487, 0.1582343, 299.5369, 3.313649, 2.551616, 47.41694
 
19.74036, -0.0005757264, -0.006861411, 81.57094, 0, 0.00203676922089197984656, 19240.01, -2343.577, -5.741346, 0.01966487, 0.1582343, 299.3878, 3.313332, 2.551616, 47.41694
 
19.75036, -0.0005664301, -0.006867168, 81.52839, 0, 0.00203947054737461912489, 19213.89, -2344.373, -5.741346, 0.01966487, 0.1582343, 299.2389, 3.313016, 2.551616, 47.41694
 
19.76036, -0.0005673754, -0.006872833, 81.4842, 0, 0.00204379631476183647408, 19187.81, -2345.119, -5.741346, 0.01966487, 0.1582343, 299.09, 3.3127, 2.551616, 47.41694
 
19.77036, -0.0005554361, -0.006878506, 81.43833, 0, 0.00204596059341330150060, 19161.78, -2345.817, -5.741346, 0.01966487, 0.1582343, 298.9413, 3.312384, 2.551616, 47.41694
 
19.78036, -0.0005522128, -0.006884061, 81.3908, 0, 0.00204949405468976531422, 19135.79, -2346.465, -5.741346, 0.01966487, 0.1582343, 298.7927, 3.312068, 2.551616, 47.41694
 
19.79036, -0.0005377951, -0.006889583, 81.34156, 0, 0.00205112199185420518839, 19109.84, -2347.062, -5.741346, 0.01966487, 0.1582343, 298.6442, 3.311752, 2.551616, 47.41694
 
19.80036, -0.0005321407, -0.006894961, 81.29059, 0, 0.00205411931723549979888, 19083.94, -2347.608, -5.741346, 0.01966487, 0.1582343, 298.4959, 3.311437, 2.551616, 47.41694
 
19.81036, -0.0005230489, -0.006900283, 81.23788, 0, 0.00205648734562416624648, 19058.08, -2348.103, -5.741346, 0.01966487, 0.1582343, 298.3476, 3.311122, 2.551616, 47.41694
 
19.82036, -0.0005149307, -0.006905513, 81.18345, 0, 0.00205894898243819344784, 19032.27, -2348.545, -5.741346, 0.01966487, 0.1582343, 298.1995, 3.310807, 2.551616, 47.41694
 
19.83036, -0.0005153728, -0.006910662, 81.12724, 0, 0.00206277301580979315765, 19006.49, -2348.936, -5.741346, 0.01966487, 0.1582343, 298.0514, 3.310492, 2.551616, 47.41694
 
19.84036, -0.0005151155, -0.006915816, 81.06922, 0, 0.00206644337916216596928, 18980.76, -2349.271, -5.741346, 0.01966487, 0.1582343, 297.9035, 3.310178, 2.551616, 47.41694
 
19.85036, -0.0005141229, -0.006920967, 81.00941, 0, 0.00206994764472431025402, 18955.07, -2349.553, -5.741346, 0.01966487, 0.1582343, 297.7557, 3.309863, 2.551616, 47.41694
 
19.86036, -0.000510979, -0.006926109, 80.9478, 0, 0.00207304721859318211968, 18929.42, -2349.781, -5.741346, 0.01966487, 0.1582343, 297.608, 3.309549, 2.551616, 47.41694
 
19.87036, -0.0005164372, -0.006931218, 80.88432, 0, 0.00207754037920079870935, 18903.81, -2349.953, -5.741346, 0.01966487, 0.1582343, 297.4604, 3.309236, 2.551616, 47.41694
 
19.88036, -0.0005090953, -0.006936383, 80.81904, 0, 0.0020798508282224742608, 18878.25, -2350.069, -5.741346, 0.01966487, 0.1582343, 297.3129, 3.308922, 2.551616, 47.41694
 
19.89036, -0.0005119108, -0.006941474, 80.75189, 0, 0.00208381002066484808964, 18852.73, -2350.13, -5.741346, 0.01966487, 0.1582343, 297.1655, 3.308609, 2.551616, 47.41694
 
19.90036, -0.0005007802, -0.006946593, 80.68284, 0, 0.0020853725444419708464, 18827.26, -2350.132, -5.741346, 0.01966487, 0.1582343, 297.0183, 3.308295, 2.551616, 47.41694
 
19.91036, -0.0005009228, -0.0069516, 80.61191, 0, 0.00208876295160521910924, 18801.82, -2350.078, -5.741346, 0.01966487, 0.1582343, 296.8712, 3.307983, 2.551616, 47.41694
 
19.92036, -0.0005092862, -0.006956609, 80.53905, 0, 0.00209350435483946461764, 18776.43, -2349.966, -5.741346, 0.01966487, 0.1582343, 296.7241, 3.30767, 2.551616, 47.41694
 
19.93036, -0.0005079525, -0.006961702, 80.46429, 0, 0.0020965790753575709732, 18751.08, -2349.794, -5.741346, 0.01966487, 0.1582343, 296.5772, 3.307358, 2.551616, 47.41694
 
19.94036, -0.000513571, -0.006966782, 80.38759, 0, 0.00210078534831279171960, 18725.77, -2349.563, -5.741346, 0.01966487, 0.1582343, 296.4304, 3.307045, 2.551616, 47.41694
 
19.95036, -0.000508128, -0.006971918, 80.30893, 0, 0.00210307524339697713078, 18700.5, -2349.272, -5.741346, 0.01966487, 0.1582343, 296.2837, 3.306733, 2.551616, 47.41694
 
19.96036, -0.0005096958, -0.006976999, 80.22835, 0, 0.00210649763267142766624, 18675.28, -2348.922, -5.741346, 0.01966487, 0.1582343, 296.1371, 3.306422, 2.551616, 47.41694
 
19.97036, -0.0005223385, -0.006982096, 80.14573, 0, 0.00211177311996941130215, 18650.1, -2348.51, -5.741346, 0.01966487, 0.1582343, 295.9906, 3.30611, 2.551616, 47.41694
 
19.98036, -0.0005236379, -0.006987319, 80.06112, 0, 0.00211509594160953712020, 18624.95, -2348.036, -5.741346, 0.01966487, 0.1582343, 295.8442, 3.305799, 2.551616, 47.41694
 
19.99036, -0.0005330413, -0.006992556, 79.97449, 0, 0.0021197658102018368005, 18599.85, -2347.5, -5.741346, 0.01966487, 0.1582343, 295.698, 3.305487, 2.551616, 47.41694
 
20.00036, -0.0005303954, -0.006997886, 79.88587, 0, 0.00212234122018946964160, 18574.79, -2346.901, -5.741346, 0.01966487, 0.1582343, 295.5518, 3.305176, 2.551616, 47.41694
 
20.01036, -0.0005384074, -0.00700319, 79.79521, 0, 0.00212669429898919117484, 18549.77, -2346.239, -5.741346, 0.01966487, 0.1582343, 295.4058, 3.304866, 2.551616, 47.41694
 
20.02036, -0.0005432301, -0.007008574, 79.70247, 0, 0.0021304701774150407316, 18524.79, -2345.514, -5.741346, 0.01966487, 0.1582343, 295.2598, 3.304555, 2.551616, 47.41694
 
20.03036, -0.0005497736, -0.007014006, 79.60771, 0, 0.00213450839759511060052, 18499.85, -2344.724, -5.741346, 0.01966487, 0.1582343, 295.114, 3.304245, 2.551616, 47.41694
 
20.04036, -0.0005529893, -0.007019504, 79.51085, 0, 0.00213793679112909400865, 18474.96, -2343.869, -5.741346, 0.01966487, 0.1582343, 294.9682, 3.303935, 2.551616, 47.41694
 
20.05036, -0.0005554736, -0.007025034, 79.41192, 0, 0.00214119590023166696716, 18450.1, -2342.949, -5.741346, 0.01966487, 0.1582343, 294.8226, 3.303625, 2.551616, 47.41694
 
20.06036, -0.0005574287, -0.007030589, 79.31082, 0, 0.00214431344272248476922, 18425.28, -2341.962, -5.741346, 0.01966487, 0.1582343, 294.6771, 3.303315, 2.551616, 47.41694
 
20.07036, -0.0005700222, -0.007036163, 79.20764, 0, 0.0021492378936267685257, 18400.5, -2340.909, -5.741346, 0.01966487, 0.1582343, 294.5316, 3.303006, 2.551616, 47.41694
 
20.08036, -0.000579017, -0.007041863, 79.10235, 0, 0.00215352053842992080958, 18375.77, -2339.789, -5.741346, 0.01966487, 0.1582343, 294.3863, 3.302697, 2.551616, 47.41694
 
20.09036, -0.0005886087, -0.007047653, 78.99489, 0, 0.00215787907354197455406, 18351.07, -2338.601, -5.741346, 0.01966487, 0.1582343, 294.2411, 3.302388, 2.551616, 47.41694
 
20.10036, -0.0005961143, -0.007053539, 78.88528, 0, 0.00216184836892292120184, 18326.41, -2337.344, -5.741346, 0.01966487, 0.1582343, 294.096, 3.302079, 2.551616, 47.41694
 
20.11036, -0.0006030335, -0.0070595, 78.77355, 0, 0.00216568068023468791296, 18301.81, -2336.02, -5.741346, 0.01966487, 0.1582343, 293.9511, 3.30177, 2.551616, 47.41694
 
20.12037, -0.0006140355, -0.00706553, 78.6596, 0, 0.00217019380069754191386, 18277.24, -2334.626, -5.741346, 0.01966487, 0.1582343, 293.8063, 3.301462, 2.551616, 47.41694
 
20.13037, -0.000622969, -0.007071671, 78.54354, 0, 0.00217432272222167545947, 18252.72, -2333.164, -5.741346, 0.01966487, 0.1582343, 293.6616, 3.301154, 2.551616, 47.41694
 
20.14037, -0.0006312755, -0.0070779, 78.42526, 0, 0.00217830883797564027357, 18228.23, -2331.63, -5.741346, 0.01966487, 0.1582343, 293.517, 3.300846, 2.551616, 47.41694
 
20.15037, -0.0006351602, -0.007084213, 78.30476, 0, 0.00218147700241052396325, 18203.8, -2330.026, -5.741346, 0.01966487, 0.1582343, 293.3726, 3.300539, 2.551616, 47.41694
 
20.16037, -0.0006361252, -0.007090565, 78.18211, 0, 0.00218408111680609794060, 18179.4, -2328.353, -5.741346, 0.01966487, 0.1582343, 293.2283, 3.300231, 2.551616, 47.41694
 
20.17037, -0.0006352446, -0.007096926, 78.0572, 0, 0.00218629449609965266180, 18155.05, -2326.606, -5.741346, 0.01966487, 0.1582343, 293.0841, 3.299925, 2.551616, 47.41694
 
20.18037, -0.0006313923, -0.007103279, 77.93005, 0, 0.00218791129388421284085, 18130.74, -2324.788, -5.741346, 0.01966487, 0.1582343, 292.9401, 3.299618, 2.551616, 47.41694
 
20.19037, -0.0006356255, -0.007109593, 77.80068, 0, 0.002190889266611923779, 18106.46, -2322.898, -5.741346, 0.01966487, 0.1582343, 292.7961, 3.299312, 2.551616, 47.41694
 
20.20037, -0.000636799, -0.007115949, 77.66908, 0, 0.0021932703899832539268, 18082.24, -2320.935, -5.741346, 0.01966487, 0.1582343, 292.6523, 3.299005, 2.551616, 47.41694
 
20.21037, -0.0006387517, -0.007122317, 77.53519, 0, 0.002195726133520323690, 18058.05, -2318.898, -5.741346, 0.01966487, 0.1582343, 292.5086, 3.298699, 2.551616, 47.41694
 
20.22037, -0.0006365248, -0.007128704, 77.399, 0, 0.00219737145468651717307, 18033.91, -2316.787, -5.741346, 0.01966487, 0.1582343, 292.3651, 3.298394, 2.551616, 47.41694
 
20.23037, -0.0006420977, -0.007135069, 77.26059, 0, 0.0022003393759205830384, 18009.81, -2314.602, -5.741346, 0.01966487, 0.1582343, 292.2216, 3.298088, 2.551616, 47.41694
 
20.24037, -0.0006365082, -0.00714149, 77.11983, 0, 0.002201251372297113458, 17985.74, -2312.342, -5.741346, 0.01966487, 0.1582343, 292.0782, 3.297783, 2.551616, 47.41694
 
20.25037, -0.0006411537, -0.007147856, 76.97676, 0, 0.00220391562943204718460, 17961.71, -2310.006, -5.741346, 0.01966487, 0.1582343, 291.935, 3.297478, 2.551616, 47.41694
 
20.26037, -0.0006442113, -0.007154267, 76.83139, 0, 0.00220623765393829662735, 17937.72, -2307.595, -5.741346, 0.01966487, 0.1582343, 291.7919, 3.297174, 2.551616, 47.41694
 
20.27037, -0.000645251, -0.007160709, 76.68367, 0, 0.0022081337307667596364, 17913.78, -2305.106, -5.741346, 0.01966487, 0.1582343, 291.6488, 3.296869, 2.551616, 47.41694
 
20.28037, -0.0006459975, -0.007167162, 76.53357, 0, 0.0022099068704243486928, 17889.87, -2302.541, -5.741346, 0.01966487, 0.1582343, 291.506, 3.296565, 2.551616, 47.41694
 
20.29037, -0.0006545709, -0.007173622, 76.3812, 0, 0.0022130270440204385352, 17866, -2299.899, -5.741346, 0.01966487, 0.1582343, 291.3631, 3.296261, 2.551616, 47.41694
 
20.30037, -0.0006531223, -0.007180168, 76.22642, 0, 0.00221428409100795329784, 17842.18, -2297.178, -5.741346, 0.01966487, 0.1582343, 291.2204, 3.295957, 2.551616, 47.41694
 
20.31037, -0.0006489064, -0.007186699, 76.06926, 0, 0.00221495651024786367162, 17818.38, -2294.379, -5.741346, 0.01966487, 0.1582343, 291.0779, 3.295653, 2.551616, 47.41694
 
20.32037, -0.0006454198, -0.007193188, 75.90975, 0, 0.00221566891867548696238, 17794.64, -2291.501, -5.741346, 0.01966487, 0.1582343, 290.9354, 3.29535, 2.551616, 47.41694
 
20.33037, -0.0006405893, -0.007199642, 75.74782, 0, 0.0022160473048991929314, 17770.92, -2288.544, -5.741346, 0.01966487, 0.1582343, 290.793, 3.295046, 2.551616, 47.41694
 
20.34037, -0.0006353212, -0.007206048, 75.58348, 0, 0.00221624977150338335847, 17747.25, -2285.506, -5.741346, 0.01966487, 0.1582343, 290.6507, 3.294743, 2.551616, 47.41694
 
20.35037, -0.0006311287, -0.007212401, 75.41673, 0, 0.00221655170440785977252, 17723.61, -2282.388, -5.741346, 0.01966487, 0.1582343, 290.5085, 3.294441, 2.551616, 47.41694
 
20.36037, -0.0006345932, -0.007218712, 75.24755, 0, 0.00221816313301552888932, 17700.02, -2279.189, -5.741346, 0.01966487, 0.1582343, 290.3665, 3.294138, 2.551616, 47.41694
 
20.37037, -0.0006270184, -0.007225059, 75.07594, 0, 0.00221767855951575381641, 17676.45, -2275.909, -5.741346, 0.01966487, 0.1582343, 290.2245, 3.293835, 2.551616, 47.41694
 
20.38037, -0.0006310041, -0.007231329, 74.90186, 0, 0.00221921235462849420952, 17652.92, -2272.546, -5.741346, 0.01966487, 0.1582343, 290.0826, 3.293533, 2.551616, 47.41694
 
20.39037, -0.0006253438, -0.007237639, 74.72537, 0, 0.00221890027959784136208, 17629.44, -2269.102, -5.741346, 0.01966487, 0.1582343, 289.9408, 3.293231, 2.551616, 47.41694
 
20.40037, -0.0006296564, -0.007243892, 74.54636, 0, 0.00222032611383382293405, 17605.99, -2265.574, -5.741346, 0.01966487, 0.1582343, 289.7991, 3.292929, 2.551616, 47.41694
 
20.41037, -0.0006243866, -0.007250189, 74.36486, 0, 0.0022199077909951956482, 17582.57, -2261.961, -5.741346, 0.01966487, 0.1582343, 289.6575, 3.292628, 2.551616, 47.41694
 
20.42037, -0.0006255449, -0.007256433, 74.18089, 0, 0.00222058055988858770434, 17559.19, -2258.266, -5.741346, 0.01966487, 0.1582343, 289.516, 3.292326, 2.551616, 47.41694
 
20.43037, -0.0006220549, -0.007262688, 73.99443, 0, 0.00222030634161261123268, 17535.85, -2254.486, -5.741346, 0.01966487, 0.1582343, 289.3745, 3.292025, 2.551616, 47.41694
 
20.44037, -0.0006261077, -0.007268909, 73.80544, 0, 0.00222133401081435254306, 17512.55, -2250.62, -5.741346, 0.01966487, 0.1582343, 289.2332, 3.291723, 2.551616, 47.41694
 
20.45037, -0.0006206995, -0.00727517, 73.61396, 0, 0.0022205281470035803066, 17489.28, -2246.67, -5.741346, 0.01966487, 0.1582343, 289.092, 3.291423, 2.551616, 47.41694
 
20.46037, -0.0006164541, -0.007281377, 73.41991, 0, 0.00221982990501327211953, 17466.05, -2242.633, -5.741346, 0.01966487, 0.1582343, 288.9508, 3.291122, 2.551616, 47.41694
 
20.47037, -0.0006129764, -0.007287541, 73.22337, 0, 0.00221917160499665800350, 17442.85, -2238.511, -5.741346, 0.01966487, 0.1582343, 288.8098, 3.290821, 2.551616, 47.41694
 
20.48037, -0.0006093228, -0.007293671, 73.02419, 0, 0.00221837565007505250749, 17419.68, -2234.299, -5.741346, 0.01966487, 0.1582343, 288.6688, 3.290521, 2.551616, 47.41694
 
20.49037, -0.0006064345, -0.007299765, 72.82249, 0, 0.00221761921429321059748, 17396.56, -2230.001, -5.741346, 0.01966487, 0.1582343, 288.5279, 3.29022, 2.551616, 47.41694
 
20.50037, -0.0006046763, -0.007305829, 72.61826, 0, 0.00221697561878129112490, 17373.46, -2225.616, -5.741346, 0.01966487, 0.1582343, 288.387, 3.28992, 2.551616, 47.41694
 
20.51037, -0.000604804, -0.007311875, 72.41138, 0, 0.00221658394849053983887, 17350.41, -2221.14, -5.741346, 0.01966487, 0.1582343, 288.2463, 3.28962, 2.551616, 47.41694
 
20.52037, -0.0006035755, -0.007317923, 72.202, 0, 0.00221584623108761733794, 17327.38, -2216.578, -5.741346, 0.01966487, 0.1582343, 288.1056, 3.289321, 2.551616, 47.41694
 
20.53037, -0.0006066546, -0.007323959, 71.98991, 0, 0.00221582072208045594752, 17304.39, -2211.924, -5.741346, 0.01966487, 0.1582343, 287.965, 3.289021, 2.551616, 47.41694
 
20.54037, -0.0006083536, -0.007330026, 71.77525, 0, 0.00221544960566776894215, 17281.44, -2207.18, -5.741346, 0.01966487, 0.1582343, 287.8245, 3.288721, 2.551616, 47.41694
 
20.55037, -0.0006130053, -0.007336109, 71.55793, 0, 0.00221554449667145194005, 17258.51, -2202.345, -5.741346, 0.01966487, 0.1582343, 287.6841, 3.288422, 2.551616, 47.41694
 
20.56038, -0.0006072286, -0.007342239, 71.33798, 0, 0.00221358041228969938104, 17235.63, -2197.418, -5.741346, 0.01966487, 0.1582343, 287.5437, 3.288123, 2.551616, 47.41694
 
20.57038, -0.000614846, -0.007348312, 71.11547, 0, 0.00221404440753508308794, 17212.78, -2192.402, -5.741346, 0.01966487, 0.1582343, 287.4034, 3.287824, 2.551616, 47.41694
 
20.58038, -0.0006131849, -0.00735446, 70.89022, 0, 0.00221266668732793056808, 17189.96, -2187.292, -5.741346, 0.01966487, 0.1582343, 287.2632, 3.287525, 2.551616, 47.41694
 
20.59038, -0.0006146912, -0.007360592, 70.66229, 0, 0.00221178709565334793861, 17167.16, -2182.089, -5.741346, 0.01966487, 0.1582343, 287.1231, 3.287226, 2.551616, 47.41694
 
20.60038, -0.0006160498, -0.007366739, 70.43171, 0, 0.00221078220321309582605, 17144.41, -2176.792, -5.741346, 0.01966487, 0.1582343, 286.983, 3.286927, 2.551616, 47.41694
 
20.61038, -0.0006203529, -0.007372899, 70.19843, 0, 0.00221024380596815187782, 17121.68, -2171.402, -5.741346, 0.01966487, 0.1582343, 286.843, 3.286628, 2.551616, 47.41694
 
20.62038, -0.0006257648, -0.007379103, 69.96243, 0, 0.0022098267222948102516, 17098.99, -2165.917, -5.741346, 0.01966487, 0.1582343, 286.7031, 3.28633, 2.551616, 47.41694
 
20.63038, -0.0006338828, -0.007385361, 69.72375, 0, 0.0022098468049272827485, 17076.33, -2160.337, -5.741346, 0.01966487, 0.1582343, 286.5632, 3.286032, 2.551616, 47.41694
 
20.64038, -0.0006354447, -0.0073917, 69.4823, 0, 0.00220852543831055543508, 17053.71, -2154.661, -5.741346, 0.01966487, 0.1582343, 286.4234, 3.285733, 2.551616, 47.41694
 
20.65038, -0.0006475409, -0.007398054, 69.23817, 0, 0.00220913543476328465928, 17031.11, -2148.89, -5.741346, 0.01966487, 0.1582343, 286.2836, 3.285435, 2.551616, 47.41694
 
20.66038, -0.0006517855, -0.007404529, 68.99127, 0, 0.00220815939134060722654, 17008.55, -2143.021, -5.741346, 0.01966487, 0.1582343, 286.1439, 3.285137, 2.551616, 47.41694
 
20.67038, -0.000657823, -0.007411047, 68.74162, 0, 0.00220743857152404001766, 16986.02, -2137.055, -5.741346, 0.01966487, 0.1582343, 286.0043, 3.28484, 2.551616, 47.41694
 
20.68038, -0.0006671833, -0.007417626, 68.48923, 0, 0.00220727150961228934770, 16963.52, -2130.993, -5.741346, 0.01966487, 0.1582343, 285.8647, 3.284542, 2.551616, 47.41694
 
20.69038, -0.0006688382, -0.007424298, 68.23405, 0, 0.00220552926431237866112, 16941.05, -2124.832, -5.741346, 0.01966487, 0.1582343, 285.7252, 3.284244, 2.551616, 47.41694
 
20.70038, -0.0006732975, -0.007430986, 67.97608, 0, 0.00220422474241842184949, 16918.62, -2118.571, -5.741346, 0.01966487, 0.1582343, 285.5858, 3.283947, 2.551616, 47.41694
 
20.71038, -0.0006662532, -0.007437719, 67.89171, 0, 0.00220519709204298317889, 16896.21, -2117.713, -5.741346, 0.01966487, 0.1582343, 285.4464, 3.283906, 2.551616, 47.41694
 
20.72038, -0.0006583226, -0.007444382, 67.8349, 0, 0.00220669499748396350847, 16873.83, -2117.713, -5.741346, 0.01966487, 0.1582343, 285.3071, 3.283906, 2.551616, 47.41694
 
20.73038, -0.0006424717, -0.007450965, 67.77818, 0, 0.00220662148065250435119, 16851.49, -2117.713, -5.741346, 0.01966487, 0.1582343, 285.1678, 3.283906, 2.551616, 47.41694
 
20.74038, -0.000639101, -0.007457389, 67.72148, 0, 0.00220894032404477860373, 16829.18, -2117.713, -5.741346, 0.01966487, 0.1582343, 285.0287, 3.283906, 2.551616, 47.41694
 
20.75038, -0.000627757, -0.007463781, 67.66487, 0, 0.00220968774516461336941, 16806.9, -2117.713, -5.741346, 0.01966487, 0.1582343, 284.8895, 3.283906, 2.551616, 47.41694
 
20.76038, -0.0006178949, -0.007470058, 67.60832, 0, 0.00221069094359389978646, 16784.66, -2117.713, -5.741346, 0.01966487, 0.1582343, 284.7505, 3.283906, 2.551616, 47.41694
 
20.77038, -0.0006098457, -0.007476237, 67.55179, 0, 0.00221202037296278621394, 16762.44, -2117.713, -5.741346, 0.01966487, 0.1582343, 284.6115, 3.283906, 2.551616, 47.41694
 
20.78038, -0.0006032225, -0.007482335, 67.49532, 0, 0.00221360557964112429279, 16740.25, -2117.713, -5.741346, 0.01966487, 0.1582343, 284.4725, 3.283906, 2.551616, 47.41694
 
20.79038, -0.000591064, -0.007488368, 67.43894, 0, 0.002214081907444953416, 16718.1, -2117.713, -5.741346, 0.01966487, 0.1582343, 284.3336, 3.283906, 2.551616, 47.41694
 
20.80038, -0.0005802521, -0.007494278, 67.38258, 0, 0.00221478491214578160749, 16695.98, -2117.713, -5.741346, 0.01966487, 0.1582343, 284.1948, 3.283906, 2.551616, 47.41694
 
20.81038, -0.0005725239, -0.007500081, 67.3263, 0, 0.00221606379869303986434, 16673.88, -2117.713, -5.741346, 0.01966487, 0.1582343, 284.056, 3.283906, 2.551616, 47.41694
 
20.82038, -0.000566215, -0.007505806, 67.27006, 0, 0.00221759999415040517167, 16651.82, -2117.713, -5.741346, 0.01966487, 0.1582343, 283.9173, 3.283906, 2.551616, 47.41694
 
20.83038, -0.0005542653, -0.007511468, 67.21387, 0, 0.00221799974192146433938, 16629.79, -2117.713, -5.741346, 0.01966487, 0.1582343, 283.7787, 3.283906, 2.551616, 47.41694
 
20.84038, -0.000551217, -0.007517011, 67.15775, 0, 0.00222012713523181370317, 16607.79, -2117.713, -5.741346, 0.01966487, 0.1582343, 283.6401, 3.283906, 2.551616, 47.41694
 
20.85038, -0.0005426392, -0.007522523, 67.1017, 0, 0.00222114871286896490954, 16585.82, -2117.713, -5.741346, 0.01966487, 0.1582343, 283.5016, 3.283906, 2.551616, 47.41694
 
20.86038, -0.000534258, -0.007527949, 67.04565, 0, 0.0022221840749120147079, 16563.88, -2117.713, -5.741346, 0.01966487, 0.1582343, 283.3631, 3.283906, 2.551616, 47.41694
 
20.87038, -0.0005289395, -0.007533292, 66.98972, 0, 0.00222380144520411616806, 16541.97, -2117.713, -5.741346, 0.01966487, 0.1582343, 283.2247, 3.283906, 2.551616, 47.41694
 
20.88038, -0.0005250002, -0.007538581, 66.93381, 0, 0.00222567918760763547692, 16520.09, -2117.713, -5.741346, 0.01966487, 0.1582343, 283.0864, 3.283906, 2.551616, 47.41694
 
20.89038, -0.0005143499, -0.007543831, 66.87795, 0, 0.00222620758983374816987, 16498.24, -2117.713, -5.741346, 0.01966487, 0.1582343, 282.9481, 3.283906, 2.551616, 47.41694
 
20.90038, -0.0005073433, -0.007548975, 66.82213, 0, 0.00222742980715675665965, 16476.42, -2117.713, -5.741346, 0.01966487, 0.1582343, 282.8098, 3.283906, 2.551616, 47.41694
 
20.91038, -0.0005114265, -0.007554048, 66.7664, 0, 0.00223084987142026287228, 16454.63, -2117.713, -5.741346, 0.01966487, 0.1582343, 282.6717, 3.283906, 2.551616, 47.41694
 
20.92038, -0.0005076136, -0.007559163, 66.7107, 0, 0.00223270310821329579538, 16432.87, -2117.713, -5.741346, 0.01966487, 0.1582343, 282.5335, 3.283906, 2.551616, 47.41694
 
20.93038, -0.0005061008, -0.007564239, 66.65507, 0, 0.00223500816719967145593, 16411.15, -2117.713, -5.741346, 0.01966487, 0.1582343, 282.3955, 3.283906, 2.551616, 47.41694
 
20.94038, -0.000505385, -0.0075693, 66.59949, 0, 0.0022374694494528978257, 16389.45, -2117.713, -5.741346, 0.01966487, 0.1582343, 282.2575, 3.283906, 2.551616, 47.41694
 
20.95038, -0.0005059618, -0.007574353, 66.54398, 0, 0.00224019110381754204417, 16367.79, -2117.713, -5.741346, 0.01966487, 0.1582343, 282.1196, 3.283906, 2.551616, 47.41694
 
20.96038, -0.0005009231, -0.007579413, 66.48849, 0, 0.00224178550009981251768, 16346.15, -2117.713, -5.741346, 0.01966487, 0.1582343, 281.9817, 3.283906, 2.551616, 47.41694
 
20.97038, -0.0005058051, -0.007584422, 66.43307, 0, 0.00224536638243213563686, 16324.54, -2117.713, -5.741346, 0.01966487, 0.1582343, 281.8439, 3.283906, 2.551616, 47.41694
 
20.98038, -0.0005129721, -0.00758948, 66.37772, 0, 0.00224942665576959867747, 16302.97, -2117.713, -5.741346, 0.01966487, 0.1582343, 281.7062, 3.283906, 2.551616, 47.41694
 
20.99039, -0.0005133591, -0.00759461, 66.3224, 0, 0.0022521421837316212995, 16281.42, -2117.713, -5.741346, 0.01966487, 0.1582343, 281.5685, 3.283906, 2.551616, 47.41694
 
21.00039, -0.0005245049, -0.007599743, 66.26714, 0, 0.00225704024262758765328, 16259.9, -2117.713, -5.741346, 0.01966487, 0.1582343, 281.4308, 3.283906, 2.551616, 47.41694
 
21.01039, -0.0005277463, -0.007604988, 66.21195, 0, 0.00226037453725439151575, 16238.42, -2117.713, -5.741346, 0.01966487, 0.1582343, 281.2933, 3.283906, 2.551616, 47.41694
 
21.02039, -0.0005322116, -0.007610266, 66.1568, 0, 0.00226397073559326862603, 16216.96, -2117.713, -5.741346, 0.01966487, 0.1582343, 281.1558, 3.283906, 2.551616, 47.41694
 
21.03039, -0.0005322801, -0.007615588, 66.10172, 0, 0.00226669085835725744539, 16195.54, -2117.713, -5.741346, 0.01966487, 0.1582343, 281.0183, 3.283906, 2.551616, 47.41694
 
21.04039, -0.0005407851, -0.007620911, 66.04667, 0, 0.00227113096865725946528, 16174.14, -2117.713, -5.741346, 0.01966487, 0.1582343, 280.881, 3.283906, 2.551616, 47.41694
 
21.05039, -0.0005437662, -0.007626318, 65.99168, 0, 0.00227447598448865112152, 16152.77, -2117.713, -5.741346, 0.01966487, 0.1582343, 280.7437, 3.283906, 2.551616, 47.41694
 
21.06039, -0.0005479748, -0.007631756, 65.93675, 0, 0.00227808290403211602557, 16131.44, -2117.713, -5.741346, 0.01966487, 0.1582343, 280.6064, 3.283906, 2.551616, 47.41694
 
21.07039, -0.0005617426, -0.007637236, 65.88188, 0, 0.00228366099361907958419, 16110.14, -2117.713, -5.741346, 0.01966487, 0.1582343, 280.4692, 3.283906, 2.551616, 47.41694
 
21.08039, -0.000569927, -0.007642853, 65.82706, 0, 0.00228814552033808817827, 16088.86, -2117.713, -5.741346, 0.01966487, 0.1582343, 280.332, 3.283906, 2.551616, 47.41694
 
21.09039, -0.0005802048, -0.007648552, 65.77228, 0, 0.00229308799565306110624, 16067.6, -2117.713, -5.741346, 0.01966487, 0.1582343, 280.1949, 3.283906, 2.551616, 47.41694
 
21.10039, -0.0005837692, -0.007654354, 65.71757, 0, 0.00229669032039455981296, 16046.39, -2117.713, -5.741346, 0.01966487, 0.1582343, 280.0579, 3.283906, 2.551616, 47.41694
 
21.11039, -0.000598082, -0.007660192, 65.66289, 0, 0.0023025165292876980274, 16025.2, -2117.713, -5.741346, 0.01966487, 0.1582343, 279.9209, 3.283906, 2.551616, 47.41694
 
21.12039, -0.0006045586, -0.007666173, 65.60828, 0, 0.00230678050551232914964, 16004.04, -2117.713, -5.741346, 0.01966487, 0.1582343, 279.784, 3.283906, 2.551616, 47.41694
 
21.13039, -0.0006132767, -0.007672219, 65.55373, 0, 0.00231153153074537718886, 15982.91, -2117.713, -5.741346, 0.01966487, 0.1582343, 279.6471, 3.283906, 2.551616, 47.41694
 
21.14039, -0.0006247364, -0.007678351, 65.49922, 0, 0.00231687988023403088098, 15961.8, -2117.713, -5.741346, 0.01966487, 0.1582343, 279.5103, 3.283906, 2.551616, 47.41694
 
21.15039, -0.0006384884, -0.007684599, 65.44476, 0, 0.00232274284754289867406, 15940.73, -2117.713, -5.741346, 0.01966487, 0.1582343, 279.3736, 3.283906, 2.551616, 47.41694
 
21.16039, -0.0006443342, -0.007690983, 65.39034, 0, 0.00232701907657277298918, 15919.68, -2117.713, -5.741346, 0.01966487, 0.1582343, 279.2369, 3.283906, 2.551616, 47.41694
 
21.17039, -0.0006525531, -0.007697427, 65.33601, 0, 0.00233180992342286140526, 15898.67, -2117.713, -5.741346, 0.01966487, 0.1582343, 279.1003, 3.283906, 2.551616, 47.41694
 
21.18039, -0.0006624567, -0.007703952, 65.28172, 0, 0.00233698213883614419973, 15877.69, -2117.713, -5.741346, 0.01966487, 0.1582343, 278.9637, 3.283906, 2.551616, 47.41694
 
21.19039, -0.0006657538, -0.007710577, 65.22744, 0, 0.00234081726687726357117, 15856.72, -2117.713, -5.741346, 0.01966487, 0.1582343, 278.8271, 3.283906, 2.551616, 47.41694
 
21.20039, -0.000672415, -0.007717234, 65.17326, 0, 0.00234536612082379892787, 15835.8, -2117.713, -5.741346, 0.01966487, 0.1582343, 278.6907, 3.283906, 2.551616, 47.41694
 
21.21039, -0.0006786529, -0.007723958, 65.11913, 0, 0.00234985217914346292106, 15814.9, -2117.713, -5.741346, 0.01966487, 0.1582343, 278.5543, 3.283906, 2.551616, 47.41694
 
21.22039, -0.0006883321, -0.007730745, 65.06503, 0, 0.00235507953218034008349, 15794.03, -2117.713, -5.741346, 0.01966487, 0.1582343, 278.4179, 3.283906, 2.551616, 47.41694
 
21.23039, -0.0006903728, -0.007737628, 65.01101, 0, 0.00235874924735067635105, 15773.19, -2117.713, -5.741346, 0.01966487, 0.1582343, 278.2816, 3.283906, 2.551616, 47.41694
 
21.24039, -0.0006945984, -0.007744532, 64.95702, 0, 0.00236288456912025394805, 15752.37, -2117.713, -5.741346, 0.01966487, 0.1582343, 278.1454, 3.283906, 2.551616, 47.41694
 
21.25039, -0.0007007221, -0.007751478, 64.90307, 0, 0.00236743342306678930475, 15731.58, -2117.713, -5.741346, 0.01966487, 0.1582343, 278.0092, 3.283906, 2.551616, 47.41694
 
21.26039, -0.0007014467, -0.007758485, 64.84921, 0, 0.00237087646134012650403, 15710.83, -2117.713, -5.741346, 0.01966487, 0.1582343, 277.8731, 3.283906, 2.551616, 47.41694
 
21.27039, -0.0007034264, -0.007765499, 64.79538, 0, 0.00237458599812750314845, 15690.11, -2117.713, -5.741346, 0.01966487, 0.1582343, 277.7371, 3.283906, 2.551616, 47.41694
 
21.28039, -0.000706283, -0.007772534, 64.74159, 0, 0.00237849157979877087895, 15669.4, -2117.713, -5.741346, 0.01966487, 0.1582343, 277.601, 3.283906, 2.551616, 47.41694
 
21.29039, -0.0007146417, -0.007779596, 64.68786, 0, 0.00238356577277010813038, 15648.73, -2117.713, -5.741346, 0.01966487, 0.1582343, 277.4651, 3.283906, 2.551616, 47.41694
 
21.30039, -0.0007142799, -0.007786743, 64.63419, 0, 0.00238683574016938523023, 15628.09, -2117.713, -5.741346, 0.01966487, 0.1582343, 277.3292, 3.283906, 2.551616, 47.41694
 
21.31039, -0.0007163745, -0.007793886, 64.58058, 0, 0.00239062492019084262837, 15607.48, -2117.713, -5.741346, 0.01966487, 0.1582343, 277.1934, 3.283906, 2.551616, 47.41694
 
21.32039, -0.0007203084, -0.007801049, 64.52699, 0, 0.00239481231638270379511, 15586.89, -2117.713, -5.741346, 0.01966487, 0.1582343, 277.0576, 3.283906, 2.551616, 47.41694
 
21.33039, -0.000719069, -0.007808253, 64.47349, 0, 0.00239792146571316398841, 15566.33, -2117.713, -5.741346, 0.01966487, 0.1582343, 276.9218, 3.283906, 2.551616, 47.41694
 
21.34039, -0.0007200661, -0.007815443, 64.42001, 0, 0.0024015038796461425067, 15545.8, -2117.713, -5.741346, 0.01966487, 0.1582343, 276.7862, 3.283906, 2.551616, 47.41694
 
21.35039, -0.0007219878, -0.007822644, 64.36658, 0, 0.00240528846486563370751, 15525.3, -2117.713, -5.741346, 0.01966487, 0.1582343, 276.6505, 3.283906, 2.551616, 47.41694
 
21.36039, -0.0007164311, -0.007829864, 64.31323, 0, 0.00240749396980940842591, 15504.83, -2117.713, -5.741346, 0.01966487, 0.1582343, 276.515, 3.283906, 2.551616, 47.41694
 
21.37039, -0.0007134071, -0.007837028, 64.25993, 0, 0.00241022175057667424082, 15484.39, -2117.713, -5.741346, 0.01966487, 0.1582343, 276.3795, 3.283906, 2.551616, 47.41694
 
21.38039, -0.0007052504, -0.007844162, 64.20664, 0, 0.00241184984207336349475, 15463.97, -2117.713, -5.741346, 0.01966487, 0.1582343, 276.2441, 3.283906, 2.551616, 47.41694
 
21.39039, -0.0007066271, -0.007851215, 64.15343, 0, 0.00241548586202928098189, 15443.58, -2117.713, -5.741346, 0.01966487, 0.1582343, 276.1087, 3.283906, 2.551616, 47.41694
 
21.40039, -0.0007039997, -0.007858281, 64.10029, 0, 0.00241827337522210736209, 15423.22, -2117.713, -5.741346, 0.01966487, 0.1582343, 275.9733, 3.283906, 2.551616, 47.41694
 
21.41039, -0.0007036304, -0.007865321, 64.04716, 0, 0.00242153874781941826461, 15402.88, -2117.713, -5.741346, 0.01966487, 0.1582343, 275.838, 3.283906, 2.551616, 47.41694
 
21.42039, -0.0007042369, -0.007872357, 63.99411, 0, 0.00242501241810586344609, 15382.58, -2117.713, -5.741346, 0.01966487, 0.1582343, 275.7028, 3.283906, 2.551616, 47.41694
 
21.4304, -0.0006986429, -0.0078794, 63.94109, 0, 0.00242716431702669919564, 15362.3, -2117.713, -5.741346, 0.01966487, 0.1582343, 275.5677, 3.283906, 2.551616, 47.41694
 
21.4404, -0.0006954641, -0.007886386, 63.88815, 0, 0.00242981704936185045416, 15342.06, -2117.713, -5.741346, 0.01966487, 0.1582343, 275.4326, 3.283906, 2.551616, 47.41694
 
21.4504, -0.000684991, -0.007893341, 63.83524, 0, 0.00243089376462259602849, 15321.83, -2117.713, -5.741346, 0.01966487, 0.1582343, 275.2975, 3.283906, 2.551616, 47.41694
 
21.4604, -0.0006853233, -0.007900191, 63.78237, 0, 0.00243426328606447407049, 15301.64, -2117.713, -5.741346, 0.01966487, 0.1582343, 275.1625, 3.283906, 2.551616, 47.41694
 
21.4704, -0.0006804495, -0.007907044, 63.72958, 0, 0.00243651320742725536308, 15281.48, -2117.713, -5.741346, 0.01966487, 0.1582343, 275.0276, 3.283906, 2.551616, 47.41694
 
21.4804, -0.0006706843, -0.007913848, 63.67683, 0, 0.002437695603133223476, 15261.34, -2117.713, -5.741346, 0.01966487, 0.1582343, 274.8927, 3.283906, 2.551616, 47.41694
 
21.4904, -0.0006704174, -0.007920555, 63.62411, 0, 0.00244089818010366301501, 15241.23, -2117.713, -5.741346, 0.01966487, 0.1582343, 274.7579, 3.283906, 2.551616, 47.41694
 
21.5004, -0.0006629738, -0.007927259, 63.57146, 0, 0.0024425507772108386547, 15221.14, -2117.713, -5.741346, 0.01966487, 0.1582343, 274.6231, 3.283906, 2.551616, 47.41694
 
21.5104, -0.0006600906, -0.00793389, 63.51885, 0, 0.00244516675113026033458, 15201.08, -2117.713, -5.741346, 0.01966487, 0.1582343, 274.4884, 3.283906, 2.551616, 47.41694
 
21.5204, -0.0006500948, -0.007940491, 63.46631, 0, 0.00244623427678707351425, 15181.06, -2117.713, -5.741346, 0.01966487, 0.1582343, 274.3537, 3.283906, 2.551616, 47.41694
 
21.5304, -0.0006485109, -0.007946991, 63.41379, 0, 0.00244909683841201445084, 15161.05, -2117.713, -5.741346, 0.01966487, 0.1582343, 274.2191, 3.283906, 2.551616, 47.41694
 
21.5404, -0.0006441541, -0.007953476, 63.36135, 0, 0.00245135288617741733987, 15141.08, -2117.713, -5.741346, 0.01966487, 0.1582343, 274.0845, 3.283906, 2.551616, 47.41694
 
21.5504, -0.0006410218, -0.007959918, 63.30894, 0, 0.00245386317965161648116, 15121.14, -2117.713, -5.741346, 0.01966487, 0.1582343, 273.95, 3.283906, 2.551616, 47.41694
 
21.5604, -0.000633041, -0.007966328, 63.25657, 0, 0.00245530747906965784189, 15101.21, -2117.713, -5.741346, 0.01966487, 0.1582343, 273.8156, 3.283906, 2.551616, 47.41694
 
21.5704, -0.0006271666, -0.007972659, 63.20426, 0, 0.00245718675307383254986, 15081.32, -2117.713, -5.741346, 0.01966487, 0.1582343, 273.6812, 3.283906, 2.551616, 47.41694
 
21.5804, -0.0006226485, -0.00797893, 63.15202, 0, 0.00245934630999794529496, 15061.46, -2117.713, -5.741346, 0.01966487, 0.1582343, 273.5468, 3.283906, 2.551616, 47.41694
 
21.5904, -0.0006132276, -0.007985157, 63.09982, 0, 0.00246041843045672467196, 15041.62, -2117.713, -5.741346, 0.01966487, 0.1582343, 273.4125, 3.283906, 2.551616, 47.41694
 
21.6004, -0.0006143852, -0.007991289, 63.04766, 0, 0.0024637787622946703193, 15021.81, -2117.713, -5.741346, 0.01966487, 0.1582343, 273.2783, 3.283906, 2.551616, 47.41694
 
21.6104, -0.0006084648, -0.007997433, 62.99556, 0, 0.00246559217747066286554, 15002.02, -2117.713, -5.741346, 0.01966487, 0.1582343, 273.1441, 3.283906, 2.551616, 47.41694
 
21.6204, -0.0006048501, -0.008003517, 62.9435, 0, 0.00246789417325572772787, 14982.27, -2117.713, -5.741346, 0.01966487, 0.1582343, 273.01, 3.283906, 2.551616, 47.41694
 
21.6304, -0.0005964579, -0.008009566, 62.8915, 0, 0.00246913630138725640608, 14962.54, -2117.713, -5.741346, 0.01966487, 0.1582343, 272.8759, 3.283906, 2.551616, 47.41694
 
21.6404, -0.0005984925, -0.00801553, 62.83954, 0, 0.00247264826169008656531, 14942.83, -2117.713, -5.741346, 0.01966487, 0.1582343, 272.7419, 3.283906, 2.551616, 47.41694
 
21.6504, -0.0005945318, -0.008021515, 62.78762, 0, 0.00247484610863058428816, 14923.15, -2117.713, -5.741346, 0.01966487, 0.1582343, 272.608, 3.283906, 2.551616, 47.41694
 
21.6604, -0.0005929456, -0.00802746, 62.73576, 0, 0.00247755857339129611197, 14903.5, -2117.713, -5.741346, 0.01966487, 0.1582343, 272.4741, 3.283906, 2.551616, 47.41694
 
21.6704, -0.0005935011, -0.00803339, 62.68396, 0, 0.00248074123955321546255, 14883.88, -2117.713, -5.741346, 0.01966487, 0.1582343, 272.3402, 3.283906, 2.551616, 47.41694
 
21.6804, -0.00059636, -0.008039325, 62.6322, 0, 0.0024844400551360043132, 14864.29, -2117.713, -5.741346, 0.01966487, 0.1582343, 272.2065, 3.283906, 2.551616, 47.41694
 
21.6904, -0.0005942993, -0.008045289, 62.58049, 0, 0.0024870590922567367913, 14844.71, -2117.713, -5.741346, 0.01966487, 0.1582343, 272.0727, 3.283906, 2.551616, 47.41694
 
21.7004, -0.0005944829, -0.008051232, 62.52882, 0, 0.00249017130478850778282, 14825.17, -2117.713, -5.741346, 0.01966487, 0.1582343, 271.939, 3.283906, 2.551616, 47.41694
 
21.7104, -0.000596893, -0.008057176, 62.4772, 0, 0.0024937828191339388842, 14805.65, -2117.713, -5.741346, 0.01966487, 0.1582343, 271.8054, 3.283906, 2.551616, 47.41694
 
21.7204, -0.0006014748, -0.008063145, 62.42562, 0, 0.00249789057209171929722, 14786.16, -2117.713, -5.741346, 0.01966487, 0.1582343, 271.6718, 3.283906, 2.551616, 47.41694
 
21.7304, -0.0006001039, -0.008069159, 62.37412, 0, 0.00250068727488847807208, 14766.7, -2117.713, -5.741346, 0.01966487, 0.1582343, 271.5382, 3.283906, 2.551616, 47.41694
 
21.7404, -0.0006032496, -0.008075161, 62.32264, 0, 0.00250449177091648946132, 14747.26, -2117.713, -5.741346, 0.01966487, 0.1582343, 271.4047, 3.283906, 2.551616, 47.41694
 
21.7504, -0.0006063022, -0.008081193, 62.27123, 0, 0.00250828860894122385501, 14727.85, -2117.713, -5.741346, 0.01966487, 0.1582343, 271.2713, 3.283906, 2.551616, 47.41694
 
21.7604, -0.000610468, -0.008087256, 62.21984, 0, 0.00251234735067803149651, 14708.46, -2117.713, -5.741346, 0.01966487, 0.1582343, 271.1379, 3.283906, 2.551616, 47.41694
 
21.7704, -0.000610912, -0.008093361, 62.16852, 0, 0.00251558974926551141238, 14689.1, -2117.713, -5.741346, 0.01966487, 0.1582343, 271.0046, 3.283906, 2.551616, 47.41694
 
21.7804, -0.0006136504, -0.00809947, 62.11724, 0, 0.00251935136047517162654, 14669.77, -2117.713, -5.741346, 0.01966487, 0.1582343, 270.8714, 3.283906, 2.551616, 47.41694
 
21.7904, -0.0006174563, -0.008105607, 62.06602, 0, 0.00252336568579297269385, 14650.46, -2117.713, -5.741346, 0.01966487, 0.1582343, 270.7382, 3.283906, 2.551616, 47.41694
 
21.8004, -0.0006244515, -0.008111781, 62.01484, 0, 0.00252811364782470993485, 14631.18, -2117.713, -5.741346, 0.01966487, 0.1582343, 270.605, 3.283906, 2.551616, 47.41694
 
21.8104, -0.0006255369, -0.008118026, 61.96372, 0, 0.00253155821769870253324, 14611.93, -2117.713, -5.741346, 0.01966487, 0.1582343, 270.4719, 3.283906, 2.551616, 47.41694
 
21.8204, -0.0006289943, -0.008124282, 61.91264, 0, 0.00253554344260405101746, 14592.71, -2117.713, -5.741346, 0.01966487, 0.1582343, 270.3389, 3.283906, 2.551616, 47.41694
 
21.8304, -0.0006344723, -0.008130572, 61.86162, 0, 0.00254000040051126242756, 14573.51, -2117.713, -5.741346, 0.01966487, 0.1582343, 270.2059, 3.283906, 2.551616, 47.41694
 
21.8404, -0.0006421611, -0.008136917, 61.81064, 0, 0.00254497963424196493417, 14554.33, -2117.713, -5.741346, 0.01966487, 0.1582343, 270.0729, 3.283906, 2.551616, 47.41694
 
21.8504, -0.0006439663, -0.008143338, 61.7597, 0, 0.00254865547581492279817, 14535.18, -2117.713, -5.741346, 0.01966487, 0.1582343, 269.9401, 3.283906, 2.551616, 47.41694
 
21.8604, -0.0006548344, -0.008149778, 61.70881, 0, 0.00255439744667201406156, 14516.06, -2117.713, -5.741346, 0.01966487, 0.1582343, 269.8072, 3.283906, 2.551616, 47.41694
 
21.87041, -0.0006630054, -0.008156327, 61.65796, 0, 0.00255956813048464145692, 14496.96, -2117.713, -5.741346, 0.01966487, 0.1582343, 269.6744, 3.283906, 2.551616, 47.41694
 
21.88041, -0.000672215, -0.008162957, 61.60719, 0, 0.00256500531281130829742, 14477.89, -2117.713, -5.741346, 0.01966487, 0.1582343, 269.5417, 3.283906, 2.551616, 47.41694
 
21.89041, -0.0006756447, -0.008169679, 61.55643, 0, 0.00256916360859071688107, 14458.84, -2117.713, -5.741346, 0.01966487, 0.1582343, 269.409, 3.283906, 2.551616, 47.41694
 
21.90041, -0.0006811215, -0.008176436, 61.50575, 0, 0.00257380282697592078526, 14439.83, -2117.713, -5.741346, 0.01966487, 0.1582343, 269.2764, 3.283906, 2.551616, 47.41694
 
21.91041, -0.0006888068, -0.008183246, 61.45509, 0, 0.00257896891598658198329, 14420.83, -2117.713, -5.741346, 0.01966487, 0.1582343, 269.1438, 3.283906, 2.551616, 47.41694
 
21.92041, -0.0006927545, -0.008190135, 61.40449, 0, 0.00258331100384463846014, 14401.86, -2117.713, -5.741346, 0.01966487, 0.1582343, 269.0113, 3.283906, 2.551616, 47.41694
 
21.93041, -0.0006978926, -0.008197062, 61.35392, 0, 0.00258794256422656536878, 14382.92, -2117.713, -5.741346, 0.01966487, 0.1582343, 268.8788, 3.283906, 2.551616, 47.41694
 
21.94041, -0.0007061913, -0.008204041, 61.30341, 0, 0.0025933215457283270431, 14364, -2117.713, -5.741346, 0.01966487, 0.1582343, 268.7464, 3.283906, 2.551616, 47.41694
 
21.95041, -0.0007086987, -0.008211103, 61.25296, 0, 0.00259740172987431027214, 14345.11, -2117.713, -5.741346, 0.01966487, 0.1582343, 268.614, 3.283906, 2.551616, 47.41694
 
21.96041, -0.0007123324, -0.008218191, 61.20254, 0, 0.00260175453893695454276, 14326.24, -2117.713, -5.741346, 0.01966487, 0.1582343, 268.4817, 3.283906, 2.551616, 47.41694
 
21.97041, -0.0007124197, -0.008225314, 61.15218, 0, 0.00260530632085682507885, 14307.4, -2117.713, -5.741346, 0.01966487, 0.1582343, 268.3494, 3.283906, 2.551616, 47.41694
 
21.98041, -0.0007215253, -0.008232439, 61.10186, 0, 0.00261093954806738300543, 14288.58, -2117.713, -5.741346, 0.01966487, 0.1582343, 268.2172, 3.283906, 2.551616, 47.41694
 
21.99041, -0.0007238282, -0.008239654, 61.0516, 0, 0.00261503811142123102379, 14269.79, -2117.713, -5.741346, 0.01966487, 0.1582343, 268.0851, 3.283906, 2.551616, 47.41694
 
22.00041, -0.00073045, -0.008246892, 61.00137, 0, 0.00262014599960698705564, 14251.03, -2117.713, -5.741346, 0.01966487, 0.1582343, 267.953, 3.283906, 2.551616, 47.41694
 
22.01041, -0.0007391952, -0.008254196, 60.95118, 0, 0.00262577310041492338578, 14232.28, -2117.713, -5.741346, 0.01966487, 0.1582343, 267.8209, 3.283906, 2.551616, 47.41694
 
22.02041, -0.0007432458, -0.008261588, 60.90106, 0, 0.00263034645997194512824, 14213.57, -2117.713, -5.741346, 0.01966487, 0.1582343, 267.6889, 3.283906, 2.551616, 47.41694
 
22.03041, -0.0007495191, -0.008269021, 60.85096, 0, 0.00263545434815770116009, 14194.88, -2117.713, -5.741346, 0.01966487, 0.1582343, 267.5569, 3.283906, 2.551616, 47.41694
 
22.04041, -0.0007500346, -0.008276517, 60.80093, 0, 0.00263924965458178015467, 14176.21, -2117.713, -5.741346, 0.01966487, 0.1582343, 267.425, 3.283906, 2.551616, 47.41694
 
22.05041, -0.0007538989, -0.008284017, 60.75093, 0, 0.00264382760894076809446, 14157.57, -2117.713, -5.741346, 0.01966487, 0.1582343, 267.2931, 3.283906, 2.551616, 47.41694
 
22.06041, -0.0007599067, -0.008291556, 60.70099, 0, 0.00264892324432128093343, 14138.96, -2117.713, -5.741346, 0.01966487, 0.1582343, 267.1613, 3.283906, 2.551616, 47.41694
 
22.07041, -0.0007602754, -0.008299154, 60.6511, 0, 0.00265272927194994772178, 14120.37, -2117.713, -5.741346, 0.01966487, 0.1582343, 267.0295, 3.283906, 2.551616, 47.41694
 
22.08041, -0.0007551832, -0.008306757, 60.60126, 0, 0.00265526253943397784972, 14101.81, -2117.713, -5.741346, 0.01966487, 0.1582343, 266.8979, 3.283906, 2.551616, 47.41694
 
22.09041, -0.0007590346, -0.008314309, 60.55143, 0, 0.00265987418900738456993, 14083.26, -2117.713, -5.741346, 0.01966487, 0.1582343, 266.7662, 3.283906, 2.551616, 47.41694
 
22.10041, -0.0007584209, -0.008321899, 60.50169, 0, 0.00266345660294036308822, 14064.75, -2117.713, -5.741346, 0.01966487, 0.1582343, 266.6346, 3.283906, 2.551616, 47.41694
 
22.11041, -0.0007611242, -0.008329483, 60.45198, 0, 0.00266781707000628435439, 14046.26, -2117.713, -5.741346, 0.01966487, 0.1582343, 266.5031, 3.283906, 2.551616, 47.41694
 
22.12041, -0.0007593134, -0.008337094, 60.4023, 0, 0.00267113298542522342754, 14027.79, -2117.713, -5.741346, 0.01966487, 0.1582343, 266.3715, 3.283906, 2.551616, 47.41694
 
22.13041, -0.0007597176, -0.008344688, 60.35269, 0, 0.0026749650502650166847534460, 14009.35, -2117.713, -5.741346, 0.01966487, 0.1582343, 266.2401, 3.283906, 2.551616, 47.41694
 
22.14041, -0.000763507, -0.008352284, 60.30311, 0, 0.0026795981422476296245165540, 13990.93, -2117.713, -5.741346, 0.01966487, 0.1582343, 266.1087, 3.283906, 2.551616, 47.41694
 
22.15041, -0.000759633, -0.008359919, 60.25357, 0, 0.0026824423246646751397734460, 13972.54, -2117.713, -5.741346, 0.01966487, 0.1582343, 265.9773, 3.283906, 2.551616, 47.41694
 
22.16041, -0.0007524875, -0.008367515, 60.20409, 0, 0.00268450385914685765784, 13954.17, -2117.713, -5.741346, 0.01966487, 0.1582343, 265.846, 3.283906, 2.551616, 47.41694
 
22.17041, -0.0007532476, -0.00837504, 60.15466, 0, 0.00268841097241878078745, 13935.84, -2117.713, -5.741346, 0.01966487, 0.1582343, 265.7148, 3.283906, 2.551616, 47.41694
 
22.18041, -0.0007506828, -0.008382573, 60.10526, 0, 0.0026915385009571210860765540, 13917.51, -2117.713, -5.741346, 0.01966487, 0.1582343, 265.5836, 3.283906, 2.551616, 47.41694
 
22.19041, -0.0007514606, -0.008390079, 60.05592, 0, 0.00269545020903099509701, 13899.22, -2117.713, -5.741346, 0.01966487, 0.1582343, 265.4524, 3.283906, 2.551616, 47.41694
 
22.20041, -0.0007478278, -0.008397594, 60.00663, 0, 0.0026983234918605391433765540, 13880.95, -2117.713, -5.741346, 0.01966487, 0.1582343, 265.3213, 3.283906, 2.551616, 47.41694
 
22.21041, -0.0007465425, -0.008405073, 59.95737, 0, 0.00270174355612403004, 13862.71, -2117.713, -5.741346, 0.01966487, 0.1582343, 265.1902, 3.283906, 2.551616, 47.41694
 
22.22041, -0.0007454294, -0.008412538, 59.90815, 0, 0.00270520344200457662949, 13844.49, -2117.713, -5.741346, 0.01966487, 0.1582343, 265.0592, 3.283906, 2.551616, 47.41694
 
22.23041, -0.0007400379, -0.008419992, 59.859, 0, 0.00270764175024797201261, 13826.29, -2117.713, -5.741346, 0.01966487, 0.1582343, 264.9283, 3.283906, 2.551616, 47.41694
 
22.24041, -0.0007359297, -0.008427393, 59.8099, 0, 0.00271037259421654862574, 13808.13, -2117.713, -5.741346, 0.01966487, 0.1582343, 264.7974, 3.283906, 2.551616, 47.41694
 
22.25041, -0.0007362032, -0.008434752, 59.76082, 0, 0.0027141357370268795550165540, 13789.98, -2117.713, -5.741346, 0.01966487, 0.1582343, 264.6666, 3.283906, 2.551616, 47.41694
 
22.26041, -0.0007321291, -0.008442114, 59.71178, 0, 0.00271686504939478545303, 13771.86, -2117.713, -5.741346, 0.01966487, 0.1582343, 264.5358, 3.283906, 2.551616, 47.41694
 
22.27041, -0.0007314131, -0.008449435, 59.66281, 0, 0.0027203861993015326909134460, 13753.76, -2117.713, -5.741346, 0.01966487, 0.1582343, 264.405, 3.283906, 2.551616, 47.41694
 
22.28041, -0.0007253633, -0.008456749, 59.61388, 0, 0.00272262999426170770307, 13735.68, -2117.713, -5.741346, 0.01966487, 0.1582343, 264.2743, 3.283906, 2.551616, 47.41694
 
22.29041, -0.0007206993, -0.008464003, 59.56499, 0, 0.0027251862357555535016534460, 13717.64, -2117.713, -5.741346, 0.01966487, 0.1582343, 264.1437, 3.283906, 2.551616, 47.41694
 
22.30042, -0.0007172817, -0.00847121, 59.51615, 0, 0.00272803041817264496493, 13699.61, -2117.713, -5.741346, 0.01966487, 0.1582343, 264.0131, 3.283906, 2.551616, 47.41694
 
22.31042, -0.0007117315, -0.008478383, 59.46734, 0, 0.00273034926156491921747, 13681.61, -2117.713, -5.741346, 0.01966487, 0.1582343, 263.8825, 3.283906, 2.551616, 47.41694
 
22.32042, -0.000707499, -0.0084855, 59.41859, 0, 0.0027329713618869471777834460, 13663.63, -2117.713, -5.741346, 0.01966487, 0.1582343, 263.752, 3.283906, 2.551616, 47.41694
 
22.33042, -0.0007056006, -0.008492575, 59.3699, 0, 0.0027361433068442940506, 13645.68, -2117.713, -5.741346, 0.01966487, 0.1582343, 263.6216, 3.283906, 2.551616, 47.41694
 
22.34042, -0.000700552, -0.008499631, 59.32122, 0, 0.00273854945147392605241, 13627.75, -2117.713, -5.741346, 0.01966487, 0.1582343, 263.4912, 3.283906, 2.551616, 47.41694
 
22.35042, -0.0006977779, -0.008506636, 59.27261, 0, 0.00274149165633294774272, 13609.85, -2117.713, -5.741346, 0.01966487, 0.1582343, 263.3608, 3.283906, 2.551616, 47.41694
 
22.36042, -0.0006973147, -0.008513614, 59.22402, 0, 0.0027449867690285838277465540, 13591.96, -2117.713, -5.741346, 0.01966487, 0.1582343, 263.2305, 3.283906, 2.551616, 47.41694
 
22.37042, -0.0007002165, -0.008520586, 59.17549, 0, 0.00274929822487351700639, 13574.1, -2117.713, -5.741346, 0.01966487, 0.1582343, 263.1003, 3.283906, 2.551616, 47.41694
 
22.38042, -0.0006968079, -0.008527589, 59.12702, 0, 0.00275209186446896498303, 13556.27, -2117.713, -5.741346, 0.01966487, 0.1582343, 262.9701, 3.283906, 2.551616, 47.41694
 
22.39042, -0.0006892238, -0.008534557, 59.07859, 0, 0.0027538608632259356390734460, 13538.46, -2117.713, -5.741346, 0.01966487, 0.1582343, 262.8399, 3.283906, 2.551616, 47.41694
 
22.40042, -0.0006905197, -0.008541449, 59.03018, 0, 0.00275776644489721868558, 13520.68, -2117.713, -5.741346, 0.01966487, 0.1582343, 262.7098, 3.283906, 2.551616, 47.41694
 
22.41042, -0.0006875883, -0.008548354, 58.98184, 0, 0.00276065044893133520971, 13502.92, -2117.713, -5.741346, 0.01966487, 0.1582343, 262.5798, 3.283906, 2.551616, 47.41694
 
22.42042, -0.0006879811, -0.00855523, 58.93354, 0, 0.0027643385433095209505834460, 13485.18, -2117.713, -5.741346, 0.01966487, 0.1582343, 262.4498, 3.283906, 2.551616, 47.41694
 
22.43042, -0.0006852581, -0.008562109, 58.88527, 0, 0.00276726849536331476402, 13467.46, -2117.713, -5.741346, 0.01966487, 0.1582343, 262.3198, 3.283906, 2.551616, 47.41694
 
22.44042, -0.0006838621, -0.008568962, 58.83705, 0, 0.00277051702035341627633, 13449.77, -2117.713, -5.741346, 0.01966487, 0.1582343, 262.1899, 3.283906, 2.551616, 47.41694
 
22.45042, -0.0006826575, -0.008575801, 58.78889, 0, 0.00277380996176252436283, 13432.1, -2117.713, -5.741346, 0.01966487, 0.1582343, 262.06, 3.283906, 2.551616, 47.41694
 
22.46042, -0.0006794007, -0.008582627, 58.74076, 0, 0.0027765990065560214581465540, 13414.46, -2117.713, -5.741346, 0.01966487, 0.1582343, 261.9302, 3.283906, 2.551616, 47.41694
 
22.47042, -0.0006784532, -0.008589421, 58.69267, 0, 0.0027799455539880685134965540, 13396.84, -2117.713, -5.741346, 0.01966487, 0.1582343, 261.8005, 3.283906, 2.551616, 47.41694
 
22.48042, -0.0006733743, -0.008596206, 58.64463, 0, 0.0027822751185849152438, 13379.24, -2117.713, -5.741346, 0.01966487, 0.1582343, 261.6708, 3.283906, 2.551616, 47.41694
 
22.49042, -0.0006770799, -0.00860294, 58.59666, 0, 0.0027867535189012869254334460, 13361.67, -2117.713, -5.741346, 0.01966487, 0.1582343, 261.5411, 3.283906, 2.551616, 47.41694
 
22.50042, -0.0006776766, -0.00860971, 58.54868, 0, 0.0027904829664972143902965540, 13344.11, -2117.713, -5.741346, 0.01966487, 0.1582343, 261.4115, 3.283906, 2.551616, 47.41694
 
22.51042, -0.0006730743, -0.008616487, 58.50077, 0, 0.00279293199594518225118, 13326.59, -2117.713, -5.741346, 0.01966487, 0.1582343, 261.2819, 3.283906, 2.551616, 47.41694
 
22.52042, -0.0006793163, -0.008623217, 58.45292, 0, 0.0027980506053355260768, 13309.08, -2117.713, -5.741346, 0.01966487, 0.1582343, 261.1523, 3.283906, 2.551616, 47.41694
 
22.53042, -0.0006803611, -0.00863001, 58.40509, 0, 0.00280190870738647643489, 13291.6, -2117.713, -5.741346, 0.01966487, 0.1582343, 261.0229, 3.283906, 2.551616, 47.41694
 
22.54042, -0.0006846604, -0.008636814, 58.35733, 0, 0.00280658008938544372039, 13274.14, -2117.713, -5.741346, 0.01966487, 0.1582343, 260.8934, 3.283906, 2.551616, 47.41694
 
22.55042, -0.000683804, -0.00864366, 58.30958, 0, 0.0028099894324443468232434460, 13256.71, -2117.713, -5.741346, 0.01966487, 0.1582343, 260.764, 3.283906, 2.551616, 47.41694
 
22.56042, -0.0006862269, -0.008650498, 58.2619, 0, 0.00281421511865260828374, 13239.3, -2117.713, -5.741346, 0.01966487, 0.1582343, 260.6347, 3.283906, 2.551616, 47.41694
 
22.57042, -0.0006899469, -0.00865736, 58.21424, 0, 0.00281877622540438683332, 13221.91, -2117.713, -5.741346, 0.01966487, 0.1582343, 260.5054, 3.283906, 2.551616, 47.41694
 
22.58042, -0.0006886063, -0.008664259, 58.16666, 0, 0.0028220921408233412224765540, 13204.55, -2117.713, -5.741346, 0.01966487, 0.1582343, 260.3762, 3.283906, 2.551616, 47.41694
 
22.59042, -0.0006894826, -0.008671145, 58.11909, 0, 0.00282595943247820865922, 13187.2, -2117.713, -5.741346, 0.01966487, 0.1582343, 260.2471, 3.283906, 2.551616, 47.41694
 
22.60042, -0.0006863601, -0.00867804, 58.07159, 0, 0.00282883424690839278869, 13169.89, -2117.713, -5.741346, 0.01966487, 0.1582343, 260.118, 3.283906, 2.551616, 47.41694
 
22.61042, -0.0006939351, -0.008684903, 58.02412, 0, 0.00283437710968028216778, 13152.59, -2117.713, -5.741346, 0.01966487, 0.1582343, 259.9889, 3.283906, 2.551616, 47.41694
 
22.62042, -0.0006963693, -0.008691843, 57.97672, 0, 0.00283866559151539967578, 13135.32, -2117.713, -5.741346, 0.01966487, 0.1582343, 259.8598, 3.283906, 2.551616, 47.41694
 
22.63042, -0.0007020287, -0.008698806, 57.92932, 0, 0.00284377347970115570763, 13118.07, -2117.713, -5.741346, 0.01966487, 0.1582343, 259.7308, 3.283906, 2.551616, 47.41694
 
22.64042, -0.0007025937, -0.008705826, 57.88198, 0, 0.00284762545534948446928, 13100.84, -2117.713, -5.741346, 0.01966487, 0.1582343, 259.6019, 3.283906, 2.551616, 47.41694
 
22.65042, -0.0007065737, -0.008712852, 57.83468, 0, 0.0028523427853681290440865540, 13083.64, -2117.713, -5.741346, 0.01966487, 0.1582343, 259.473, 3.283906, 2.551616, 47.41694
 
22.66042, -0.0007126944, -0.008719918, 57.78741, 0, 0.00285761914962596366203, 13066.45, -2117.713, -5.741346, 0.01966487, 0.1582343, 259.3441, 3.283906, 2.551616, 47.41694
 
22.67042, -0.0007158066, -0.008727045, 57.74019, 0, 0.0028621603455692067071734460, 13049.29, -2117.713, -5.741346, 0.01966487, 0.1582343, 259.2153, 3.283906, 2.551616, 47.41694
 
22.68042, -0.000720065, -0.008734203, 57.69304, 0, 0.0028670078616435448903234460, 13032.16, -2117.713, -5.741346, 0.01966487, 0.1582343, 259.0865, 3.283906, 2.551616, 47.41694
 
22.69042, -0.0007276979, -0.008741404, 57.64592, 0, 0.00287272685849082048307, 13015.04, -2117.713, -5.741346, 0.01966487, 0.1582343, 258.9579, 3.283906, 2.551616, 47.41694
 
22.70042, -0.0007313196, -0.008748681, 57.59883, 0, 0.0028774625677173298471965540, 12997.95, -2117.713, -5.741346, 0.01966487, 0.1582343, 258.8292, 3.283906, 2.551616, 47.41694
 
22.71042, -0.0007370897, -0.008755994, 57.5518, 0, 0.00288275884278368465357, 12980.88, -2117.713, -5.741346, 0.01966487, 0.1582343, 258.7006, 3.283906, 2.551616, 47.41694
 
22.72042, -0.0007378369, -0.008763365, 57.5048, 0, 0.0028868053317152337861834460, 12963.84, -2117.713, -5.741346, 0.01966487, 0.1582343, 258.572, 3.283906, 2.551616, 47.41694
 
22.73042, -0.0007481947, -0.008770742, 57.45786, 0, 0.00289330238169545212681, 12946.82, -2117.713, -5.741346, 0.01966487, 0.1582343, 258.4435, 3.283906, 2.551616, 47.41694
 
22.74043, -0.0007534293, -0.008778225, 57.41095, 0, 0.0028985373927356216007965540, 12929.82, -2117.713, -5.741346, 0.01966487, 0.1582343, 258.3151, 3.283906, 2.551616, 47.41694
 
22.75043, -0.0007547263, -0.008785759, 57.36407, 0, 0.0029027906477556342972534460, 12912.84, -2117.713, -5.741346, 0.01966487, 0.1582343, 258.1866, 3.283906, 2.551616, 47.41694
 
22.76043, -0.0007602484, -0.008793307, 57.31725, 0, 0.0029081313392410416258365540, 12895.88, -2117.713, -5.741346, 0.01966487, 0.1582343, 258.0582, 3.283906, 2.551616, 47.41694
 
22.77043, -0.000769097, -0.008800909, 57.27045, 0, 0.00291434810630129129732, 12878.94, -2117.713, -5.741346, 0.01966487, 0.1582343, 257.9299, 3.283906, 2.551616, 47.41694
 
22.78043, -0.0007729371, -0.0088086, 57.22372, 0, 0.00291931815042806140927, 12862.03, -2117.713, -5.741346, 0.01966487, 0.1582343, 257.8016, 3.283906, 2.551616, 47.41694
 
22.79043, -0.0007790222, -0.008816329, 57.17702, 0, 0.0029248809240084862927965540, 12845.15, -2117.713, -5.741346, 0.01966487, 0.1582343, 257.6734, 3.283906, 2.551616, 47.41694
 
22.80043, -0.0007800985, -0.008824119, 57.13037, 0, 0.002929186253450797875, 12828.28, -2117.713, -5.741346, 0.01966487, 0.1582343, 257.5452, 3.283906, 2.551616, 47.41694
 
22.81043, -0.0007846261, -0.00883192, 57.08376, 0, 0.0029343845060752071383334460, 12811.44, -2117.713, -5.741346, 0.01966487, 0.1582343, 257.417, 3.283906, 2.551616, 47.41694
 
22.82043, -0.0007912865, -0.008839766, 57.03718, 0, 0.00294015404574411090171, 12794.61, -2117.713, -5.741346, 0.01966487, 0.1582343, 257.2889, 3.283906, 2.551616, 47.41694
 
22.83043, -0.0007940577, -0.008847679, 56.99065, 0, 0.0029449494873961808311265540, 12777.81, -2117.713, -5.741346, 0.01966487, 0.1582343, 257.1609, 3.283906, 2.551616, 47.41694
 
22.84043, -0.0007929531, -0.008855619, 56.94415, 0, 0.0029487585782261584176965540, 12761.03, -2117.713, -5.741346, 0.01966487, 0.1582343, 257.0328, 3.283906, 2.551616, 47.41694
 
22.85043, -0.0007951035, -0.008863549, 56.89771, 0, 0.0029534085178159194836434460, 12744.27, -2117.713, -5.741346, 0.01966487, 0.1582343, 256.9048, 3.283906, 2.551616, 47.41694
 
22.86043, -0.0007996581, -0.008871499, 56.85131, 0, 0.0029586925400770464131434460, 12727.54, -2117.713, -5.741346, 0.01966487, 0.1582343, 256.7769, 3.283906, 2.551616, 47.41694
 
22.87043, -0.0008003876, -0.008879496, 56.80495, 0, 0.0029630055275226503069034460, 12710.83, -2117.713, -5.741346, 0.01966487, 0.1582343, 256.649, 3.283906, 2.551616, 47.41694
 
22.88043, -0.0008033037, -0.0088875, 56.75863, 0, 0.0029678928652140594989265540, 12694.14, -2117.713, -5.741346, 0.01966487, 0.1582343, 256.5212, 3.283906, 2.551616, 47.41694
 
22.89043, -0.0008023849, -0.008895532, 56.71234, 0, 0.0029717999784859519965234460, 12677.46, -2117.713, -5.741346, 0.01966487, 0.1582343, 256.3934, 3.283906, 2.551616, 47.41694
 
22.90043, -0.000798734, -0.008903557, 56.6661, 0, 0.00297499489745312985599, 12660.82, -2117.713, -5.741346, 0.01966487, 0.1582343, 256.2657, 3.283906, 2.551616, 47.41694
 
22.91043, -0.0008036045, -0.008911544, 56.6199, 0, 0.0029803999161660179991734460, 12644.19, -2117.713, -5.741346, 0.01966487, 0.1582343, 256.138, 3.283906, 2.551616, 47.41694
 
22.92043, -0.0008046396, -0.00891958, 56.57375, 0, 0.00298482777366079214219, 12627.59, -2117.713, -5.741346, 0.01966487, 0.1582343, 256.0103, 3.283906, 2.551616, 47.41694
 
22.93043, -0.0007998735, -0.008927627, 56.52764, 0, 0.0029877470045099981618565540, 12611.01, -2117.713, -5.741346, 0.01966487, 0.1582343, 255.8827, 3.283906, 2.551616, 47.41694
 
22.94043, -0.0008066916, -0.008935626, 56.48158, 0, 0.0029936804254489836819834460, 12594.45, -2117.713, -5.741346, 0.01966487, 0.1582343, 255.7552, 3.283906, 2.551616, 47.41694
 
22.95043, -0.0008076455, -0.008943693, 56.43555, 0, 0.00299810981454441322411, 12577.91, -2117.713, -5.741346, 0.01966487, 0.1582343, 255.6277, 3.283906, 2.551616, 47.41694
 
22.96043, -0.0008058891, -0.008951769, 56.38956, 0, 0.00300183466733834385963, 12561.4, -2117.713, -5.741346, 0.01966487, 0.1582343, 255.5002, 3.283906, 2.551616, 47.41694
 
22.97043, -0.0008053657, -0.008959828, 56.34362, 0, 0.0030058811562699236242565540, 12544.91, -2117.713, -5.741346, 0.01966487, 0.1582343, 255.3728, 3.283906, 2.551616, 47.41694
 
22.98043, -0.0008011715, -0.008967882, 56.29772, 0, 0.0030089642683892114006734460, 12528.44, -2117.713, -5.741346, 0.01966487, 0.1582343, 255.2455, 3.283906, 2.551616, 47.41694
 
22.99043, -0.0007995113, -0.008975894, 56.25187, 0, 0.00301270137398840054508, 12511.99, -2117.713, -5.741346, 0.01966487, 0.1582343, 255.1181, 3.283906, 2.551616, 47.41694
 
23.00043, -0.0008020945, -0.00898389, 56.20605, 0, 0.00301755501646536032467, 12495.56, -2117.713, -5.741346, 0.01966487, 0.1582343, 254.9909, 3.283906, 2.551616, 47.41694
 
23.01043, -0.000798972, -0.00899191, 56.16028, 0, 0.0030209168799039460551134460, 12479.16, -2117.713, -5.741346, 0.01966487, 0.1582343, 254.8637, 3.283906, 2.551616, 47.41694
 
23.02043, -0.0007931947, -0.0089999, 56.11452, 0, 0.0030235680806384725465365540, 12462.76, -2117.713, -5.741346, 0.01966487, 0.1582343, 254.7365, 3.283906, 2.551616, 47.41694
 
23.03043, -0.0007979206, -0.009007832, 56.06884, 0, 0.00302898075735463768527, 12446.41, -2117.713, -5.741346, 0.01966487, 0.1582343, 254.6093, 3.283906, 2.551616, 47.41694
 
23.04043, -0.0007969005, -0.009015812, 56.02319, 0, 0.00303289246542852701221, 12430.06, -2117.713, -5.741346, 0.01966487, 0.1582343, 254.4823, 3.283906, 2.551616, 47.41694
 
23.05043, -0.0007932598, -0.009023781, 55.97757, 0, 0.00303611035840552054232, 12413.74, -2117.713, -5.741346, 0.01966487, 0.1582343, 254.3552, 3.283906, 2.551616, 47.41694
 
23.06043, -0.0007918717, -0.009031714, 55.932, 0, 0.00303991485443353193156, 12397.44, -2117.713, -5.741346, 0.01966487, 0.1582343, 254.2281, 3.283906, 2.551616, 47.41694
 
23.07043, -0.0007888713, -0.009039633, 55.88646, 0, 0.0030432905022780468860065540, 12381.16, -2117.713, -5.741346, 0.01966487, 0.1582343, 254.1012, 3.283906, 2.551616, 47.41694
 
23.08043, -0.0007864498, -0.009047521, 55.84097, 0, 0.0030468101205841540407865540, 12364.9, -2117.713, -5.741346, 0.01966487, 0.1582343, 253.9743, 3.283906, 2.551616, 47.41694
 
23.09043, -0.0007872841, -0.009055385, 55.79551, 0, 0.0030511950932605616927165540, 12348.66, -2117.713, -5.741346, 0.01966487, 0.1582343, 253.8474, 3.283906, 2.551616, 47.41694
 
23.10043, -0.0007854763, -0.009063258, 55.75009, 0, 0.00305488012443743663537, 12332.45, -2117.713, -5.741346, 0.01966487, 0.1582343, 253.7206, 3.283906, 2.551616, 47.41694
 
23.11043, -0.000779103, -0.009071113, 55.70473, 0, 0.00305733987509000760603, 12316.25, -2117.713, -5.741346, 0.01966487, 0.1582343, 253.5938, 3.283906, 2.551616, 47.41694
 
23.12043, -0.0007812076, -0.009078904, 55.65939, 0, 0.0030620510787059999523834460, 12300.08, -2117.713, -5.741346, 0.01966487, 0.1582343, 253.467, 3.283906, 2.551616, 47.41694
 
23.13043, -0.0007816595, -0.009086716, 55.61411, 0, 0.00306633037093720038173, 12283.93, -2117.713, -5.741346, 0.01966487, 0.1582343, 253.3403, 3.283906, 2.551616, 47.41694
 
23.14043, -0.000777541, -0.009094533, 55.56887, 0, 0.00306938744584537700529, 12267.8, -2117.713, -5.741346, 0.01966487, 0.1582343, 253.2137, 3.283906, 2.551616, 47.41694
 
23.15043, -0.000774699, -0.009102308, 55.52365, 0, 0.00307277534649511983661, 12251.69, -2117.713, -5.741346, 0.01966487, 0.1582343, 253.0871, 3.283906, 2.551616, 47.41694
 
23.16043, -0.0007764251, -0.009110055, 55.47848, 0, 0.00307738699606852655682, 12235.6, -2117.713, -5.741346, 0.01966487, 0.1582343, 252.9605, 3.283906, 2.551616, 47.41694
 
23.17043, -0.0007746057, -0.009117819, 55.43335, 0, 0.0030810521164369119430565540, 12219.53, -2117.713, -5.741346, 0.01966487, 0.1582343, 252.834, 3.283906, 2.551616, 47.41694
 
23.18044, -0.0007750162, -0.009125565, 55.38827, 0, 0.00308531609266152774929, 12203.49, -2117.713, -5.741346, 0.01966487, 0.1582343, 252.7076, 3.283906, 2.551616, 47.41694
 
23.19044, -0.0007699144, -0.009133316, 55.34323, 0, 0.0030880959478510618179334460, 12187.46, -2117.713, -5.741346, 0.01966487, 0.1582343, 252.5811, 3.283906, 2.551616, 47.41694
 
23.20044, -0.0007761699, -0.009141015, 55.29824, 0, 0.0030939328779488184581565540, 12171.46, -2117.713, -5.741346, 0.01966487, 0.1582343, 252.4547, 3.283906, 2.551616, 47.41694
 
23.21044, -0.0007788127, -0.009148777, 55.25327, 0, 0.0030988186840395109870434460, 12155.48, -2117.713, -5.741346, 0.01966487, 0.1582343, 252.3284, 3.283906, 2.551616, 47.41694
 
23.22044, -0.0007779023, -0.009156564, 55.20833, 0, 0.00310275489772390201575, 12139.52, -2117.713, -5.741346, 0.01966487, 0.1582343, 252.2021, 3.283906, 2.551616, 47.41694
 
23.23044, -0.0007782294, -0.009164344, 55.16346, 0, 0.0031070280635524502166434460, 12123.58, -2117.713, -5.741346, 0.01966487, 0.1582343, 252.0759, 3.283906, 2.551616, 47.41694
 
23.24044, -0.0007750767, -0.009172126, 55.11861, 0, 0.0031103592949779432808934460, 12107.66, -2117.713, -5.741346, 0.01966487, 0.1582343, 251.9497, 3.283906, 2.551616, 47.41694
 
23.25044, -0.0007755345, -0.009179876, 55.07381, 0, 0.00311466462442028549511, 12091.76, -2117.713, -5.741346, 0.01966487, 0.1582343, 251.8235, 3.283906, 2.551616, 47.41694
 
23.26044, -0.0007791669, -0.009187631, 55.02905, 0, 0.00311984143463553448691, 12075.88, -2117.713, -5.741346, 0.01966487, 0.1582343, 251.6974, 3.283906, 2.551616, 47.41694
 
23.27044, -0.0007792719, -0.009195423, 54.98431, 0, 0.0031240732472464175438465540, 12060.02, -2117.713, -5.741346, 0.01966487, 0.1582343, 251.5714, 3.283906, 2.551616, 47.41694
 
23.28044, -0.0007759359, -0.009203215, 54.93963, 0, 0.00312736772025616571345, 12044.18, -2117.713, -5.741346, 0.01966487, 0.1582343, 251.4453, 3.283906, 2.551616, 47.41694
 
23.29044, -0.0007808799, -0.009210975, 54.895, 0, 0.0031329213042326582023165540, 12028.37, -2117.713, -5.741346, 0.01966487, 0.1582343, 251.3193, 3.283906, 2.551616, 47.41694
 
23.30044, -0.0007833066, -0.009218784, 54.85038, 0, 0.0031378071103233507312034460, 12012.57, -2117.713, -5.741346, 0.01966487, 0.1582343, 251.1934, 3.283906, 2.551616, 47.41694
 
23.31044, -0.000783234, -0.009226617, 54.80583, 0, 0.00314202054372636899882, 11996.79, -2117.713, -5.741346, 0.01966487, 0.1582343, 251.0675, 3.283906, 2.551616, 47.41694
 
23.32044, -0.0007844202, -0.00923445, 54.76129, 0, 0.0031465831820787876315034460, 11981.04, -2117.713, -5.741346, 0.01966487, 0.1582343, 250.9416, 3.283906, 2.551616, 47.41694
 
23.33044, -0.0007811835, -0.009242294, 54.71681, 0, 0.00314993738751412699841, 11965.3, -2117.713, -5.741346, 0.01966487, 0.1582343, 250.8158, 3.283906, 2.551616, 47.41694
 
23.34044, -0.000782551, -0.009250106, 54.67237, 0, 0.0031545505686881738017234460, 11949.59, -2117.713, -5.741346, 0.01966487, 0.1582343, 250.6901, 3.283906, 2.551616, 47.41694
 
23.35044, -0.0007861059, -0.009257932, 54.62794, 0, 0.0031597779217250815961665540, 11933.89, -2117.713, -5.741346, 0.01966487, 0.1582343, 250.5643, 3.283906, 2.551616, 47.41694
 
23.36044, -0.0007862054, -0.009265793, 54.5836, 0, 0.00316406793516083918727, 11918.22, -2117.713, -5.741346, 0.01966487, 0.1582343, 250.4387, 3.283906, 2.551616, 47.41694
 
23.37044, -0.0007829333, -0.009273656, 54.53925, 0, 0.00316742979859944023372, 11902.57, -2117.713, -5.741346, 0.01966487, 0.1582343, 250.313, 3.283906, 2.551616, 47.41694
 
23.38044, -0.0007888963, -0.009281485, 54.49496, 0, 0.00317334024552862539921, 11886.94, -2117.713, -5.741346, 0.01966487, 0.1582343, 250.1875, 3.283906, 2.551616, 47.41694
 
23.39044, -0.0007904244, -0.009289375, 54.45073, 0, 0.0031780468543426821802465540, 11871.33, -2117.713, -5.741346, 0.01966487, 0.1582343, 250.0619, 3.283906, 2.551616, 47.41694
 
23.40044, -0.0007895298, -0.009297279, 54.40651, 0, 0.0031820918116735912297565540, 11855.73, -2117.713, -5.741346, 0.01966487, 0.1582343, 249.9364, 3.283906, 2.551616, 47.41694
 
23.41044, -0.0007918475, -0.009305174, 54.36233, 0, 0.00318702969218658264439, 11840.16, -2117.713, -5.741346, 0.01966487, 0.1582343, 249.8109, 3.283906, 2.551616, 47.41694
 
23.42044, -0.0007907773, -0.009313093, 54.31821, 0, 0.0031910378911017774312665540, 11824.61, -2117.713, -5.741346, 0.01966487, 0.1582343, 249.6855, 3.283906, 2.551616, 47.41694
 
23.43044, -0.0007923568, -0.009321, 54.27411, 0, 0.0031957843215328592731565540, 11809.08, -2117.713, -5.741346, 0.01966487, 0.1582343, 249.5601, 3.283906, 2.551616, 47.41694
 
23.44044, -0.0007961213, -0.009328924, 54.23006, 0, 0.0032011510502293471225834460, 11793.57, -2117.713, -5.741346, 0.01966487, 0.1582343, 249.4348, 3.283906, 2.551616, 47.41694
 
23.45044, -0.0007974938, -0.009336885, 54.18605, 0, 0.00320586684864733629828, 11778.08, -2117.713, -5.741346, 0.01966487, 0.1582343, 249.3095, 3.283906, 2.551616, 47.41694
 
23.46044, -0.0007945302, -0.00934486, 54.14206, 0, 0.00320937880895016645751, 11762.6, -2117.713, -5.741346, 0.01966487, 0.1582343, 249.1843, 3.283906, 2.551616, 47.41694
 
23.47044, -0.0007948236, -0.009352805, 54.09812, 0, 0.0032137959452403221747434460, 11747.15, -2117.713, -5.741346, 0.01966487, 0.1582343, 249.0591, 3.283906, 2.551616, 47.41694
 
23.48044, -0.000799678, -0.009360753, 54.05422, 0, 0.0032194980944804036932865540, 11731.72, -2117.713, -5.741346, 0.01966487, 0.1582343, 248.9339, 3.283906, 2.551616, 47.41694
 
23.49044, -0.0007982603, -0.009368749, 54.01037, 0, 0.0032234618769765765899665540, 11716.31, -2117.713, -5.741346, 0.01966487, 0.1582343, 248.8088, 3.283906, 2.551616, 47.41694
 
23.50044, -0.0008010247, -0.009376732, 53.96655, 0, 0.0032285988655747545728934460, 11700.92, -2117.713, -5.741346, 0.01966487, 0.1582343, 248.6837, 3.283906, 2.551616, 47.41694
 
23.51044, -0.0007994953, -0.009384742, 53.92278, 0, 0.0032325427372624379131565540, 11685.55, -2117.713, -5.741346, 0.01966487, 0.1582343, 248.5587, 3.283906, 2.551616, 47.41694
 
23.52044, -0.0008016085, -0.009392737, 53.87904, 0, 0.00323751124978853730999, 11670.2, -2117.713, -5.741346, 0.01966487, 0.1582343, 248.4337, 3.283906, 2.551616, 47.41694
 
23.53044, -0.0008078552, -0.009400753, 53.83533, 0, 0.00324366062641996473664, 11654.87, -2117.713, -5.741346, 0.01966487, 0.1582343, 248.3087, 3.283906, 2.551616, 47.41694
 
23.54044, -0.0008097722, -0.009408832, 53.79167, 0, 0.00324861229133887005927, 11639.56, -2117.713, -5.741346, 0.01966487, 0.1582343, 248.1839, 3.283906, 2.551616, 47.41694
 
23.55044, -0.0008084245, -0.009416929, 53.74804, 0, 0.0032526526538677975954434460, 11624.27, -2117.713, -5.741346, 0.01966487, 0.1582343, 248.059, 3.283906, 2.551616, 47.41694
 
23.56044, -0.0008161826, -0.009425013, 53.70445, 0, 0.0032592737635010879479734460, 11609, -2117.713, -5.741346, 0.01966487, 0.1582343, 247.9342, 3.283906, 2.551616, 47.41694
 
23.57044, -0.0008205966, -0.009433175, 53.6609, 0, 0.0032649789759424802647365540, 11593.74, -2117.713, -5.741346, 0.01966487, 0.1582343, 247.8094, 3.283906, 2.551616, 47.41694
 
23.58044, -0.0008236686, -0.009441381, 53.61738, 0, 0.00327032579383046324174, 11578.51, -2117.713, -5.741346, 0.01966487, 0.1582343, 247.6846, 3.283906, 2.551616, 47.41694
 
23.59044, -0.0008269792, -0.009449618, 53.57391, 0, 0.0032757553181538684026965540, 11563.3, -2117.713, -5.741346, 0.01966487, 0.1582343, 247.56, 3.283906, 2.551616, 47.41694
 
23.60044, -0.00082799, -0.009457888, 53.53046, 0, 0.00328054769660459690188, 11548.1, -2117.713, -5.741346, 0.01966487, 0.1582343, 247.4353, 3.283906, 2.551616, 47.41694
 
23.61045, -0.0008326327, -0.009466168, 53.48708, 0, 0.00328638309510166751098, 11532.93, -2117.713, -5.741346, 0.01966487, 0.1582343, 247.3107, 3.283906, 2.551616, 47.41694
 
23.62045, -0.0008394379, -0.009474494, 53.44372, 0, 0.0032928617658739904302734460, 11517.78, -2117.713, -5.741346, 0.01966487, 0.1582343, 247.1861, 3.283906, 2.551616, 47.41694
 
23.63045, -0.0008419828, -0.009482888, 53.40041, 0, 0.00329815038293709887311, 11502.65, -2117.713, -5.741346, 0.01966487, 0.1582343, 247.0616, 3.283906, 2.551616, 47.41694
 
23.64045, -0.0008413187, -0.009491308, 53.35711, 0, 0.0033025338240128358099234460, 11487.53, -2117.713, -5.741346, 0.01966487, 0.1582343, 246.9371, 3.283906, 2.551616, 47.41694
 
23.65045, -0.000838448, -0.009499721, 53.31388, 0, 0.00330628471401792354632, 11472.44, -2117.713, -5.741346, 0.01966487, 0.1582343, 246.8127, 3.283906, 2.551616, 47.41694
 
23.66045, -0.0008446475, -0.009508106, 53.27066, 0, 0.0033126377935365190546, 11457.36, -2117.713, -5.741346, 0.01966487, 0.1582343, 246.6883, 3.283906, 2.551616, 47.41694
 
23.67045, -0.0008485794, -0.009516552, 53.2275, 0, 0.0033183644483870716428965540, 11442.31, -2117.713, -5.741346, 0.01966487, 0.1582343, 246.5639, 3.283906, 2.551616, 47.41694
 
23.68045, -0.0008483308, -0.009525038, 53.18436, 0, 0.0033229071759309547711434460, 11427.27, -2117.713, -5.741346, 0.01966487, 0.1582343, 246.4396, 3.283906, 2.551616, 47.41694
 
23.69045, -0.0008503094, -0.009533522, 53.14126, 0, 0.00332809623895146227183, 11412.25, -2117.713, -5.741346, 0.01966487, 0.1582343, 246.3154, 3.283906, 2.551616, 47.41694
 
23.70045, -0.000856881, -0.009542025, 53.09822, 0, 0.00333462545254542867776, 11397.26, -2117.713, -5.741346, 0.01966487, 0.1582343, 246.1911, 3.283906, 2.551616, 47.41694
 
23.71045, -0.0008602375, -0.009550594, 53.0552, 0, 0.0033402525533533650079, 11382.28, -2117.713, -5.741346, 0.01966487, 0.1582343, 246.0669, 3.283906, 2.551616, 47.41694
 
23.72045, -0.0008604274, -0.009559196, 53.01222, 0, 0.0033449821361772221435734460, 11367.32, -2117.713, -5.741346, 0.01966487, 0.1582343, 245.9428, 3.283906, 2.551616, 47.41694
 
23.73045, -0.0008628385, -0.009567801, 52.96926, 0, 0.0033503611176789838178934460, 11352.38, -2117.713, -5.741346, 0.01966487, 0.1582343, 245.8187, 3.283906, 2.551616, 47.41694
 
23.74045, -0.0008621107, -0.00957643, 52.92636, 0, 0.00335484104959604153065, 11337.46, -2117.713, -5.741346, 0.01966487, 0.1582343, 245.6946, 3.283906, 2.551616, 47.41694
 
23.75045, -0.0008631383, -0.009585051, 52.88351, 0, 0.00335983406773264262925, 11322.56, -2117.713, -5.741346, 0.01966487, 0.1582343, 245.5706, 3.283906, 2.551616, 47.41694
 
23.76045, -0.0008692571, -0.009593682, 52.84068, 0, 0.00336631733330694706188, 11307.68, -2117.713, -5.741346, 0.01966487, 0.1582343, 245.4466, 3.283906, 2.551616, 47.41694
 
23.77045, -0.000871243, -0.009602375, 52.79787, 0, 0.0033716243295779202940365540, 11292.81, -2117.713, -5.741346, 0.01966487, 0.1582343, 245.3227, 3.283906, 2.551616, 47.41694
 
23.78045, -0.000870126, -0.009611088, 52.75513, 0, 0.00337603840266676521305, 11277.97, -2117.713, -5.741346, 0.01966487, 0.1582343, 245.1988, 3.283906, 2.551616, 47.41694
 
23.79045, -0.0008669205, -0.009619789, 52.71241, 0, 0.00337984136709412120318, 11263.15, -2117.713, -5.741346, 0.01966487, 0.1582343, 245.0749, 3.283906, 2.551616, 47.41694
 
23.80045, -0.0008717595, -0.009628458, 52.66974, 0, 0.00338599074372554862983, 11248.34, -2117.713, -5.741346, 0.01966487, 0.1582343, 244.9511, 3.283906, 2.551616, 47.41694
 
23.81045, -0.0008744377, -0.009637175, 52.62709, 0, 0.0033915290116954871275965540, 11233.56, -2117.713, -5.741346, 0.01966487, 0.1582343, 244.8273, 3.283906, 2.551616, 47.41694
 
23.82045, -0.0008740338, -0.009645919, 52.58448, 0, 0.00339618048288591890866, 11218.79, -2117.713, -5.741346, 0.01966487, 0.1582343, 244.7036, 3.283906, 2.551616, 47.41694
 
23.83045, -0.0008706007, -0.00965466, 52.54191, 0, 0.0033999436256962192059234460, 11204.04, -2117.713, -5.741346, 0.01966487, 0.1582343, 244.5799, 3.283906, 2.551616, 47.41694
 
23.84045, -0.0008694323, -0.009663366, 52.49938, 0, 0.00340436382518771635339, 11189.31, -2117.713, -5.741346, 0.01966487, 0.1582343, 244.4562, 3.283906, 2.551616, 47.41694
 
23.85045, -0.0008719669, -0.00967206, 52.45689, 0, 0.00340987452434584235117, 11174.6, -2117.713, -5.741346, 0.01966487, 0.1582343, 244.3326, 3.283906, 2.551616, 47.41694
 
23.86045, -0.0008714617, -0.00968078, 52.41444, 0, 0.00341450302152645846159, 11159.91, -2117.713, -5.741346, 0.01966487, 0.1582343, 244.209, 3.283906, 2.551616, 47.41694
 
23.87045, -0.0008741367, -0.009689494, 52.37201, 0, 0.00342007345311014502466, 11145.24, -2117.713, -5.741346, 0.01966487, 0.1582343, 244.0855, 3.283906, 2.551616, 47.41694
 
23.88045, -0.0008728184, -0.009698235, 52.32963, 0, 0.00342447680499441746591, 11130.58, -2117.713, -5.741346, 0.01966487, 0.1582343, 243.962, 3.283906, 2.551616, 47.41694
 
23.89045, -0.0008752178, -0.009706964, 52.28728, 0, 0.00342998137774992186725, 11115.95, -2117.713, -5.741346, 0.01966487, 0.1582343, 243.8386, 3.283906, 2.551616, 47.41694
 
23.90045, -0.0008755546, -0.009715716, 52.24497, 0, 0.00343488862624982061569, 11101.33, -2117.713, -5.741346, 0.01966487, 0.1582343, 243.7151, 3.283906, 2.551616, 47.41694
 
23.91045, -0.0008781116, -0.009724472, 52.2027, 0, 0.0034404605894341778938765540, 11086.73, -2117.713, -5.741346, 0.01966487, 0.1582343, 243.5918, 3.283906, 2.551616, 47.41694
 
23.92045, -0.0008776641, -0.009733253, 52.16045, 0, 0.00344515494544296085002, 11072.15, -2117.713, -5.741346, 0.01966487, 0.1582343, 243.4685, 3.283906, 2.551616, 47.41694
 
23.93045, -0.0008752128, -0.00974203, 52.11826, 0, 0.0034492550403974795834965540, 11057.59, -2117.713, -5.741346, 0.01966487, 0.1582343, 243.3452, 3.283906, 2.551616, 47.41694
 
23.94045, -0.0008755542, -0.009750783, 52.0761, 0, 0.00345418219970588320436, 11043.05, -2117.713, -5.741346, 0.01966487, 0.1582343, 243.2219, 3.283906, 2.551616, 47.41694
 
23.95045, -0.0008790659, -0.009759538, 52.03399, 0, 0.0034600604830212896725334460, 11028.53, -2117.713, -5.741346, 0.01966487, 0.1582343, 243.0987, 3.283906, 2.551616, 47.41694
 
23.96045, -0.0008795935, -0.009768329, 51.99189, 0, 0.00346506728556380467913, 11014.03, -2117.713, -5.741346, 0.01966487, 0.1582343, 242.9756, 3.283906, 2.551616, 47.41694
 
23.97045, -0.000876232, -0.009777125, 51.94983, 0, 0.0034689146664101825594565540, 10999.54, -2117.713, -5.741346, 0.01966487, 0.1582343, 242.8524, 3.283906, 2.551616, 47.41694
 
23.98045, -0.0008709417, -0.009785887, 51.90781, 0, 0.0034721769758061520317434460, 10985.07, -2117.713, -5.741346, 0.01966487, 0.1582343, 242.7293, 3.283906, 2.551616, 47.41694
 
23.99045, -0.0008745812, -0.009794597, 51.86585, 0, 0.0034780996755406110221265540, 10970.63, -2117.713, -5.741346, 0.01966487, 0.1582343, 242.6063, 3.283906, 2.551616, 47.41694
 
24.00045, -0.0008752633, -0.009803343, 51.82389, 0, 0.00348315548930406816823, 10956.2, -2117.713, -5.741346, 0.01966487, 0.1582343, 242.4833, 3.283906, 2.551616, 47.41694
 
24.01045, -0.0008720909, -0.009812095, 51.78199, 0, 0.0034870564761733697014, 10941.79, -2117.713, -5.741346, 0.01966487, 0.1582343, 242.3603, 3.283906, 2.551616, 47.41694
 
24.02045, -0.0008740171, -0.009820816, 51.74011, 0, 0.0034924875320973996294534460, 10927.39, -2117.713, -5.741346, 0.01966487, 0.1582343, 242.2374, 3.283906, 2.551616, 47.41694
 
24.03045, -0.000873034, -0.009829557, 51.69827, 0, 0.0034970517020504889772534460, 10913.02, -2117.713, -5.741346, 0.01966487, 0.1582343, 242.1145, 3.283906, 2.551616, 47.41694
 
24.04045, -0.0008748524, -0.009838287, 51.65649, 0, 0.00350246284716602934889, 10898.66, -2117.713, -5.741346, 0.01966487, 0.1582343, 241.9917, 3.283906, 2.551616, 47.41694
 
24.05046, -0.0008728334, -0.009847036, 51.61473, 0, 0.00350672529179000507202, 10884.33, -2117.713, -5.741346, 0.01966487, 0.1582343, 241.8689, 3.283906, 2.551616, 47.41694
 
24.06046, -0.0008749489, -0.009855764, 51.573, 0, 0.0035122359909481310698, 10870.01, -2117.713, -5.741346, 0.01966487, 0.1582343, 241.7461, 3.283906, 2.551616, 47.41694
 
24.07046, -0.0008741801, -0.009864514, 51.53131, 0, 0.00351688593053792276776, 10855.71, -2117.713, -5.741346, 0.01966487, 0.1582343, 241.6233, 3.283906, 2.551616, 47.41694
 
24.08046, -0.0008762239, -0.009873255, 51.48966, 0, 0.0035223905032934271691, 10841.43, -2117.713, -5.741346, 0.01966487, 0.1582343, 241.5007, 3.283906, 2.551616, 47.41694
 
24.09046, -0.0008753968, -0.009882017, 51.44804, 0, 0.00352703584808125266973, 10827.16, -2117.713, -5.741346, 0.01966487, 0.1582343, 241.378, 3.283906, 2.551616, 47.41694
 
24.10046, -0.0008777489, -0.009890771, 51.40646, 0, 0.00353265069608394580699, 10812.91, -2117.713, -5.741346, 0.01966487, 0.1582343, 241.2554, 3.283906, 2.551616, 47.41694
 
24.11046, -0.0008772444, -0.009899549, 51.3649, 0, 0.0035374078477196307586565540, 10798.68, -2117.713, -5.741346, 0.01966487, 0.1582343, 241.1328, 3.283906, 2.551616, 47.41694
 
24.12046, -0.0008748676, -0.009908321, 51.32341, 0, 0.0035415952439114612933834460, 10784.48, -2117.713, -5.741346, 0.01966487, 0.1582343, 241.0103, 3.283906, 2.551616, 47.41694
 
24.13046, -0.0008734554, -0.00991707, 51.28193, 0, 0.0035460736442278789230365540, 10770.29, -2117.713, -5.741346, 0.01966487, 0.1582343, 240.8879, 3.283906, 2.551616, 47.41694
 
24.14046, -0.0008771019, -0.009925805, 51.24051, 0, 0.00355209896120620370577, 10756.12, -2117.713, -5.741346, 0.01966487, 0.1582343, 240.7654, 3.283906, 2.551616, 47.41694
 
24.15046, -0.0008779054, -0.009934576, 51.1991, 0, 0.0035572727082201265833434460, 10741.96, -2117.713, -5.741346, 0.01966487, 0.1582343, 240.643, 3.283906, 2.551616, 47.41694
 
24.16046, -0.0008759109, -0.009943355, 51.15773, 0, 0.00356159488526967818777, 10727.82, -2117.713, -5.741346, 0.01966487, 0.1582343, 240.5206, 3.283906, 2.551616, 47.41694
 
24.17046, -0.0008771032, -0.009952114, 51.1164, 0, 0.00356689269193670370926, 10713.71, -2117.713, -5.741346, 0.01966487, 0.1582343, 240.3983, 3.283906, 2.551616, 47.41694
 
24.18046, -0.0008745621, -0.009960885, 51.07511, 0, 0.0035710525193167830080265540, 10699.61, -2117.713, -5.741346, 0.01966487, 0.1582343, 240.276, 3.283906, 2.551616, 47.41694
 
24.19046, -0.0008758229, -0.009969631, 51.03386, 0, 0.00357637636319493499838, 10685.53, -2117.713, -5.741346, 0.01966487, 0.1582343, 240.1538, 3.283906, 2.551616, 47.41694
 
24.20046, -0.000875239, -0.009978389, 50.99264, 0, 0.00358114117283388162959, 10671.46, -2117.713, -5.741346, 0.01966487, 0.1582343, 240.0316, 3.283906, 2.551616, 47.41694
 
24.21046, -0.000876893, -0.009987142, 50.95144, 0, 0.00358659979756972405763, 10657.41, -2117.713, -5.741346, 0.01966487, 0.1582343, 239.9094, 3.283906, 2.551616, 47.41694
 
24.22046, -0.0008748387, -0.009995911, 50.91029, 0, 0.00359092350621991574516, 10643.39, -2117.713, -5.741346, 0.01966487, 0.1582343, 239.7873, 3.283906, 2.551616, 47.41694
 
24.23046, -0.0008719394, -0.01000466, 50.86917, 0, 0.0035949807163560526715434460, 10629.37, -2117.713, -5.741346, 0.01966487, 0.1582343, 239.6652, 3.283906, 2.551616, 47.41694
 
24.24046, -0.000871921, -0.01001338, 50.8281, 0, 0.0035999247232717116306365540, 10615.38, -2117.713, -5.741346, 0.01966487, 0.1582343, 239.5432, 3.283906, 2.551616, 47.41694
 
24.25046, -0.0008750577, -0.0100221, 50.78705, 0, 0.00360585354940874626944, 10601.41, -2117.713, -5.741346, 0.01966487, 0.1582343, 239.4211, 3.283906, 2.551616, 47.41694
 
24.26046, -0.0008773149, -0.01003085, 50.74603, 0, 0.00361152506663568917377, 10587.45, -2117.713, -5.741346, 0.01966487, 0.1582343, 239.2991, 3.283906, 2.551616, 47.41694
 
24.27046, -0.0008759003, -0.01003962, 50.70505, 0, 0.0036160677941796182500365540, 10573.51, -2117.713, -5.741346, 0.01966487, 0.1582343, 239.1772, 3.283906, 2.551616, 47.41694
 
24.28046, -0.0008773569, -0.01004838, 50.6641, 0, 0.00362150497650626977453, 10559.58, -2117.713, -5.741346, 0.01966487, 0.1582343, 239.0553, 3.283906, 2.551616, 47.41694
 
24.29046, -0.000882878, -0.01005716, 50.6232, 0, 0.0036282225769808349549834460, 10545.68, -2117.713, -5.741346, 0.01966487, 0.1582343, 238.9334, 3.283906, 2.551616, 47.41694
 
24.30046, -0.0008847199, -0.01006598, 50.58233, 0, 0.00363381598257436782071, 10531.79, -2117.713, -5.741346, 0.01966487, 0.1582343, 238.8116, 3.283906, 2.551616, 47.41694
 
24.31046, -0.0008838447, -0.01007483, 50.54148, 0, 0.00363857313421003745637, 10517.92, -2117.713, -5.741346, 0.01966487, 0.1582343, 238.6898, 3.283906, 2.551616, 47.41694
 
24.32046, -0.0008803238, -0.01008367, 50.50068, 0, 0.0036425001582904654584034460, 10504.07, -2117.713, -5.741346, 0.01966487, 0.1582343, 238.5681, 3.283906, 2.551616, 47.41694
 
24.33046, -0.0008818572, -0.01009247, 50.45991, 0, 0.0036480047310459698597434460, 10490.23, -2117.713, -5.741346, 0.01966487, 0.1582343, 238.4464, 3.283906, 2.551616, 47.41694
 
24.34046, -0.0008853062, -0.01010129, 50.41919, 0, 0.0036541219440636645370965540, 10476.42, -2117.713, -5.741346, 0.01966487, 0.1582343, 238.3247, 3.283906, 2.551616, 47.41694
 
24.35046, -0.0008860618, -0.01011014, 50.37849, 0, 0.00365941056112674234792, 10462.62, -2117.713, -5.741346, 0.01966487, 0.1582343, 238.2031, 3.283906, 2.551616, 47.41694
 
24.36046, -0.0008899607, -0.01011901, 50.33784, 0, 0.0036656977818171403784634460, 10448.84, -2117.713, -5.741346, 0.01966487, 0.1582343, 238.0815, 3.283906, 2.551616, 47.41694
 
24.37046, -0.0008911719, -0.0101279, 50.29721, 0, 0.0036711579381536688376265540, 10435.08, -2117.713, -5.741346, 0.01966487, 0.1582343, 237.9599, 3.283906, 2.551616, 47.41694
 
24.38046, -0.0008961652, -0.01013682, 50.25662, 0, 0.00367782193260529504923, 10421.33, -2117.713, -5.741346, 0.01966487, 0.1582343, 237.8384, 3.283906, 2.551616, 47.41694
 
24.39046, -0.0008984736, -0.01014578, 50.21606, 0, 0.00368366345750498725477, 10407.61, -2117.713, -5.741346, 0.01966487, 0.1582343, 237.7169, 3.283906, 2.551616, 47.41694
 
24.40046, -0.0009039199, -0.01015476, 50.17554, 0, 0.0036905143072365874738, 10393.89, -2117.713, -5.741346, 0.01966487, 0.1582343, 237.5955, 3.283906, 2.551616, 47.41694
 
24.41046, -0.0009085375, -0.0101638, 50.13505, 0, 0.0036971277588665855147734460, 10380.2, -2117.713, -5.741346, 0.01966487, 0.1582343, 237.4741, 3.283906, 2.551616, 47.41694
 
24.42046, -0.0009095827, -0.01017289, 50.0946, 0, 0.0037026323316220899161134460, 10366.52, -2117.713, -5.741346, 0.01966487, 0.1582343, 237.3527, 3.283906, 2.551616, 47.41694
 
24.43046, -0.0009070745, -0.01018198, 50.05418, 0, 0.00370701577269785748494, 10352.86, -2117.713, -5.741346, 0.01966487, 0.1582343, 237.2314, 3.283906, 2.551616, 47.41694
 
24.44046, -0.0009084232, -0.01019106, 50.01379, 0, 0.00371262143109661822754, 10339.22, -2117.713, -5.741346, 0.01966487, 0.1582343, 237.1101, 3.283906, 2.551616, 47.41694
 
24.45046, -0.0009138362, -0.01020014, 49.97344, 0, 0.00371953507645508981008, 10325.6, -2117.713, -5.741346, 0.01966487, 0.1582343, 236.9888, 3.283906, 2.551616, 47.41694
 
24.46046, -0.000917521, -0.01020928, 49.93311, 0, 0.00372592338278875949789, 10311.99, -2117.713, -5.741346, 0.01966487, 0.1582343, 236.8676, 3.283906, 2.551616, 47.41694
 
24.47046, -0.000917687, -0.01021845, 49.89283, 0, 0.0037312058734492157122734460, 10298.4, -2117.713, -5.741346, 0.01966487, 0.1582343, 236.7464, 3.283906, 2.551616, 47.41694
 
24.48046, -0.0009143652, -0.01022763, 49.85258, 0, 0.0037353794852352089190365540, 10284.82, -2117.713, -5.741346, 0.01966487, 0.1582343, 236.6253, 3.283906, 2.551616, 47.41694
 
24.49047, -0.000920599, -0.01023677, 49.81237, 0, 0.0037426055771273512880034460, 10271.27, -2117.713, -5.741346, 0.01966487, 0.1582343, 236.5042, 3.283906, 2.551616, 47.41694
 
24.50047, -0.0009242113, -0.01024598, 49.77221, 0, 0.00374902298387348887491, 10257.73, -2117.713, -5.741346, 0.01966487, 0.1582343, 236.3832, 3.283906, 2.551616, 47.41694
 
24.51047, -0.0009252626, -0.01025522, 49.73205, 0, 0.0037546363002755419290665540, 10244.21, -2117.713, -5.741346, 0.01966487, 0.1582343, 236.2621, 3.283906, 2.551616, 47.41694
 
24.52047, -0.0009256071, -0.01026447, 49.69194, 0, 0.00376003212938449767759, 10230.71, -2117.713, -5.741346, 0.01966487, 0.1582343, 236.1411, 3.283906, 2.551616, 47.41694
 
24.53047, -0.0009281689, -0.01027373, 49.65187, 0, 0.00376614781080150632382, 10217.22, -2117.713, -5.741346, 0.01966487, 0.1582343, 236.0202, 3.283906, 2.551616, 47.41694
 
24.54047, -0.0009336162, -0.01028301, 49.61182, 0, 0.00377321155302420701914, 10203.75, -2117.713, -5.741346, 0.01966487, 0.1582343, 235.8993, 3.283906, 2.551616, 47.41694
 
24.55047, -0.0009364901, -0.01029235, 49.57183, 0, 0.00377947120490282318171, 10190.3, -2117.713, -5.741346, 0.01966487, 0.1582343, 235.7784, 3.283906, 2.551616, 47.41694
 
24.56047, -0.0009377312, -0.01030171, 49.53184, 0, 0.0037852208337631761246434460, 10176.86, -2117.713, -5.741346, 0.01966487, 0.1582343, 235.6576, 3.283906, 2.551616, 47.41694
 
24.57047, -0.0009355642, -0.01031109, 49.49191, 0, 0.0037898753681549646519465540, 10163.45, -2117.713, -5.741346, 0.01966487, 0.1582343, 235.5368, 3.283906, 2.551616, 47.41694
 
24.58047, -0.0009356373, -0.01032045, 49.45201, 0, 0.00379525281805605561115, 10150.05, -2117.713, -5.741346, 0.01966487, 0.1582343, 235.4161, 3.283906, 2.551616, 47.41694
 
24.59047, -0.000942321, -0.0103298, 49.41212, 0, 0.00380278369847865303502, 10136.66, -2117.713, -5.741346, 0.01966487, 0.1582343, 235.2953, 3.283906, 2.551616, 47.41694
 
24.60047, -0.0009455273, -0.01033923, 49.37228, 0, 0.00380921642123132929702, 10123.29, -2117.713, -5.741346, 0.01966487, 0.1582343, 235.1747, 3.283906, 2.551616, 47.41694
 
24.61047, -0.0009462305, -0.01034868, 49.33249, 0, 0.00381485271164319802182, 10109.94, -2117.713, -5.741346, 0.01966487, 0.1582343, 235.0541, 3.283906, 2.551616, 47.41694
 
24.62047, -0.0009435443, -0.01035814, 49.29271, 0, 0.00381939237598580098386, 10096.61, -2117.713, -5.741346, 0.01966487, 0.1582343, 234.9335, 3.283906, 2.551616, 47.41694
 
24.63047, -0.0009449557, -0.01036758, 49.25298, 0, 0.0038252630012979304564834460, 10083.29, -2117.713, -5.741346, 0.01966487, 0.1582343, 234.8129, 3.283906, 2.551616, 47.41694
 
24.64047, -0.0009502204, -0.01037703, 49.21327, 0, 0.00383240485515407182242, 10069.99, -2117.713, -5.741346, 0.01966487, 0.1582343, 234.6924, 3.283906, 2.551616, 47.41694
 
24.65047, -0.0009520613, -0.01038653, 49.17361, 0, 0.00383845314614224290781, 10056.71, -2117.713, -5.741346, 0.01966487, 0.1582343, 234.5719, 3.283906, 2.551616, 47.41694
 
24.66047, -0.0009541905, -0.01039605, 49.13397, 0, 0.0038446101807769626460165540, 10043.44, -2117.713, -5.741346, 0.01966487, 0.1582343, 234.4514, 3.283906, 2.551616, 47.41694
 
24.67047, -0.000957621, -0.01040559, 49.09436, 0, 0.0038512067847997359807734460, 10030.19, -2117.713, -5.741346, 0.01966487, 0.1582343, 234.331, 3.283906, 2.551616, 47.41694
 
24.68047, -0.0009585664, -0.01041517, 49.05481, 0, 0.0038570069564817630423565540, 10016.97, -2117.713, -5.741346, 0.01966487, 0.1582343, 234.2106, 3.283906, 2.551616, 47.41694
 
24.69047, -0.0009624835, -0.01042476, 49.01528, 0, 0.0038637950105864612658634460, 10003.75, -2117.713, -5.741346, 0.01966487, 0.1582343, 234.0903, 3.283906, 2.551616, 47.41694
 
24.70047, -0.0009648449, -0.01043438, 48.97577, 0, 0.00387009295248147772219, 9990.551, -2117.713, -5.741346, 0.01966487, 0.1582343, 233.97, 3.283906, 2.551616, 47.41694
 
24.71047, -0.0009647853, -0.01044403, 48.93631, 0, 0.00387560518324025911908, 9977.37, -2117.713, -5.741346, 0.01966487, 0.1582343, 233.8497, 3.283906, 2.551616, 47.41694
 
24.72047, -0.0009632599, -0.01045368, 48.89688, 0, 0.0038806395545945406776434460, 9964.204, -2117.713, -5.741346, 0.01966487, 0.1582343, 233.7295, 3.283906, 2.551616, 47.41694
 
24.73047, -0.0009648929, -0.01046331, 48.85747, 0, 0.00388671847759583506124, 9951.053, -2117.713, -5.741346, 0.01966487, 0.1582343, 233.6093, 3.283906, 2.551616, 47.41694
 
24.74047, -0.0009641326, -0.01047296, 48.8181, 0, 0.0038920162842628758987365540, 9937.92, -2117.713, -5.741346, 0.01966487, 0.1582343, 233.4891, 3.283906, 2.551616, 47.41694
 
24.75047, -0.0009681681, -0.0104826, 48.77876, 0, 0.0038989054240108304635034460, 9924.804, -2117.713, -5.741346, 0.01966487, 0.1582343, 233.369, 3.283906, 2.551616, 47.41694
 
24.76047, -0.0009670694, -0.01049228, 48.73947, 0, 0.00390411286623920275351, 9911.707, -2117.713, -5.741346, 0.01966487, 0.1582343, 233.2489, 3.283906, 2.551616, 47.41694
 
24.77047, -0.000965436, -0.01050195, 48.7002, 0, 0.0039091441743921735138534460, 9898.622, -2117.713, -5.741346, 0.01966487, 0.1582343, 233.1289, 3.283906, 2.551616, 47.41694
 
24.78047, -0.000967913, -0.01051161, 48.66095, 0, 0.0039155416703298062283365540, 9885.555, -2117.713, -5.741346, 0.01966487, 0.1582343, 233.0089, 3.283906, 2.551616, 47.41694
 
24.79047, -0.0009670714, -0.01052129, 48.62175, 0, 0.0039208486666007335124734460, 9872.505, -2117.713, -5.741346, 0.01966487, 0.1582343, 232.8889, 3.283906, 2.551616, 47.41694
 
24.80047, -0.0009701443, -0.01053096, 48.58258, 0, 0.0039274636498314022685634460, 9859.471, -2117.713, -5.741346, 0.01966487, 0.1582343, 232.769, 3.283906, 2.551616, 47.41694
 
24.81047, -0.0009717752, -0.01054066, 48.54345, 0, 0.0039336160896641404934334460, 9846.455, -2117.713, -5.741346, 0.01966487, 0.1582343, 232.649, 3.283906, 2.551616, 47.41694
 
24.82047, -0.0009701531, -0.01055038, 48.50434, 0, 0.00393869181423614845998, 9833.453, -2117.713, -5.741346, 0.01966487, 0.1582343, 232.5292, 3.283906, 2.551616, 47.41694
 
24.83047, -0.0009726049, -0.01056008, 48.46528, 0, 0.00394513219499210171753, 9820.471, -2117.713, -5.741346, 0.01966487, 0.1582343, 232.4093, 3.283906, 2.551616, 47.41694
 
24.84047, -0.0009727244, -0.0105698, 48.42625, 0, 0.00395080371221904462186, 9807.505, -2117.713, -5.741346, 0.01966487, 0.1582343, 232.2896, 3.283906, 2.551616, 47.41694
 
24.85047, -0.0009767219, -0.01057953, 48.38723, 0, 0.0039577862796069938483434460, 9794.551, -2117.713, -5.741346, 0.01966487, 0.1582343, 232.1698, 3.283906, 2.551616, 47.41694
 
24.86047, -0.0009784187, -0.0105893, 48.34827, 0, 0.00396401529947251734472, 9781.618, -2117.713, -5.741346, 0.01966487, 0.1582343, 232.0501, 3.283906, 2.551616, 47.41694
 
24.87047, -0.000976864, -0.01059908, 48.30933, 0, 0.0039691630092753290694365540, 9768.699, -2117.713, -5.741346, 0.01966487, 0.1582343, 231.9304, 3.283906, 2.551616, 47.41694
 
24.88047, -0.0009748819, -0.01060885, 48.27041, 0, 0.00397416521701584724669, 9755.793, -2117.713, -5.741346, 0.01966487, 0.1582343, 231.8107, 3.283906, 2.551616, 47.41694
 
24.89047, -0.0009760964, -0.0106186, 48.23154, 0, 0.0039802441400171416302865540, 9742.907, -2117.713, -5.741346, 0.01966487, 0.1582343, 231.6911, 3.283906, 2.551616, 47.41694
 
24.90047, -0.0009749994, -0.01062836, 48.19269, 0, 0.0039855511362880689144234460, 9730.036, -2117.713, -5.741346, 0.01966487, 0.1582343, 231.5716, 3.283906, 2.551616, 47.41694
 
24.91047, -0.0009769293, -0.01063811, 48.15389, 0, 0.00399188430499815955028, 9717.184, -2117.713, -5.741346, 0.01966487, 0.1582343, 231.452, 3.283906, 2.551616, 47.41694
 
24.92048, -0.00097659, -0.01064788, 48.11511, 0, 0.0039974623945851231089, 9704.345, -2117.713, -5.741346, 0.01966487, 0.1582343, 231.3325, 3.283906, 2.551616, 47.41694
 
24.93048, -0.0009749268, -0.01065765, 48.07636, 0, 0.00400259478838136552651, 9691.521, -2117.713, -5.741346, 0.01966487, 0.1582343, 231.2131, 3.283906, 2.551616, 47.41694
 
24.94048, -0.0009782085, -0.0106674, 48.03765, 0, 0.00400940734809658076779, 9678.715, -2117.713, -5.741346, 0.01966487, 0.1582343, 231.0936, 3.283906, 2.551616, 47.41694
 
24.95048, -0.000977436, -0.01067718, 47.99899, 0, 0.00401485678322849080117, 9665.93, -2117.713, -5.741346, 0.01966487, 0.1582343, 230.9742, 3.283906, 2.551616, 47.41694
 
24.96048, -0.0009797018, -0.01068695, 47.96033, 0, 0.00402134617520541683024, 9653.155, -2117.713, -5.741346, 0.01966487, 0.1582343, 230.8549, 3.283906, 2.551616, 47.41694
 
24.97048, -0.0009805965, -0.01069675, 47.92171, 0, 0.0040273837449889848058534460, 9640.396, -2117.713, -5.741346, 0.01966487, 0.1582343, 230.7356, 3.283906, 2.551616, 47.41694
 
24.98048, -0.0009801892, -0.01070655, 47.88313, 0, 0.00403298327698513926802, 9627.654, -2117.713, -5.741346, 0.01966487, 0.1582343, 230.6163, 3.283906, 2.551616, 47.41694
 
24.99048, -0.0009775875, -0.01071636, 47.84458, 0, 0.0040378353878614589645065540, 9614.93, -2117.713, -5.741346, 0.01966487, 0.1582343, 230.4971, 3.283906, 2.551616, 47.41694
 
25.00048, -0.0009772782, -0.01072613, 47.80608, 0, 0.0040434686150720168910865540, 9602.224, -2117.713, -5.741346, 0.01966487, 0.1582343, 230.3778, 3.283906, 2.551616, 47.41694
 
25.01048, -0.0009756559, -0.0107359, 47.76758, 0, 0.00404865461489118296154, 9589.528, -2117.713, -5.741346, 0.01966487, 0.1582343, 230.2587, 3.283906, 2.551616, 47.41694
 
25.02048, -0.0009770959, -0.01074566, 47.72915, 0, 0.00405489282436062353657, 9576.854, -2117.713, -5.741346, 0.01966487, 0.1582343, 230.1395, 3.283906, 2.551616, 47.41694
 
25.03048, -0.0009781235, -0.01075543, 47.69072, 0, 0.00406100084777435518725, 9564.191, -2117.713, -5.741346, 0.01966487, 0.1582343, 230.0204, 3.283906, 2.551616, 47.41694
 
25.04048, -0.0009770161, -0.01076521, 47.65232, 0, 0.0040663813608767569446734460, 9551.545, -2117.713, -5.741346, 0.01966487, 0.1582343, 229.9014, 3.283906, 2.551616, 47.41694
 
25.05048, -0.0009781431, -0.01077498, 47.61397, 0, 0.0040725368639108059677634460, 9538.915, -2117.713, -5.741346, 0.01966487, 0.1582343, 229.7823, 3.283906, 2.551616, 47.41694
 
25.06048, -0.0009788787, -0.01078477, 47.57565, 0, 0.00407856524409047218073, 9526.302, -2117.713, -5.741346, 0.01966487, 0.1582343, 229.6633, 3.283906, 2.551616, 47.41694
 
25.07048, -0.0009827025, -0.01079455, 47.53735, 0, 0.0040856718711315393671365540, 9513.702, -2117.713, -5.741346, 0.01966487, 0.1582343, 229.5443, 3.283906, 2.551616, 47.41694
 
25.08048, -0.000985208, -0.01080438, 47.4991, 0, 0.0040923435235864578902965540, 9501.121, -2117.713, -5.741346, 0.01966487, 0.1582343, 229.4254, 3.283906, 2.551616, 47.41694
 
25.09048, -0.0009855522, -0.01081423, 47.46085, 0, 0.0040982830709280650068634460, 9488.551, -2117.713, -5.741346, 0.01966487, 0.1582343, 229.3065, 3.283906, 2.551616, 47.41694
 
25.10048, -0.0009837726, -0.01082409, 47.42268, 0, 0.00410349051315643729687, 9476.005, -2117.713, -5.741346, 0.01966487, 0.1582343, 229.1876, 3.283906, 2.551616, 47.41694
 
25.11048, -0.0009842376, -0.01083393, 47.3845, 0, 0.00410947600851773701875, 9463.468, -2117.713, -5.741346, 0.01966487, 0.1582343, 229.0688, 3.283906, 2.551616, 47.41694
 
25.12048, -0.0009886685, -0.01084377, 47.34637, 0, 0.00411685219727413913251, 9450.95, -2117.713, -5.741346, 0.01966487, 0.1582343, 228.9501, 3.283906, 2.551616, 47.41694
 
25.13048, -0.0009909384, -0.01085366, 47.30828, 0, 0.00412349934411857126991, 9438.447, -2117.713, -5.741346, 0.01966487, 0.1582343, 228.8313, 3.283906, 2.551616, 47.41694
 
25.14048, -0.000993757, -0.01086357, 47.27021, 0, 0.00413035325705148228716, 9425.96, -2117.713, -5.741346, 0.01966487, 0.1582343, 228.7126, 3.283906, 2.551616, 47.41694
 
25.15048, -0.000991783, -0.0108735, 47.23217, 0, 0.0041355499780752667833965540, 9413.487, -2117.713, -5.741346, 0.01966487, 0.1582343, 228.5939, 3.283906, 2.551616, 47.41694
 
25.16048, -0.001009821, -0.01088342, 48.16404, 0, 0.00414063795545248731081, 9594.209, -2117.713, -5.741346, 0.01966487, 0.1582343, 228.4748, 3.283906, 2.551616, 47.41694
 
25.17048, -0.001009888, -0.01089352, 48.12546, 0, 0.00414662038761247623447, 9581.528, -2117.713, -5.741346, 0.01966487, 0.1582343, 228.3557, 3.283906, 2.551616, 47.41694
 
25.18048, -0.001014916, -0.01090362, 48.08692, 0, 0.00415431514930520136311, 9568.865, -2117.713, -5.741346, 0.01966487, 0.1582343, 228.2367, 3.283906, 2.551616, 47.41694
 
25.19048, -0.001015996, -0.01091377, 48.04841, 0, 0.00416067895002838466516, 9556.215, -2117.713, -5.741346, 0.01966487, 0.1582343, 228.1177, 3.283906, 2.551616, 47.41694
 
25.20048, -0.001016781, -0.01092393, 48.00991, 0, 0.00416695085471224402061, 9543.578, -2117.713, -5.741346, 0.01966487, 0.1582343, 227.9987, 3.283906, 2.551616, 47.41694
 
25.21048, -0.001016404, -0.0109341, 47.97144, 0, 0.00417283220122897660301, 9530.956, -2117.713, -5.741346, 0.01966487, 0.1582343, 227.8797, 3.283906, 2.551616, 47.41694
 
25.22048, -0.001012172, -0.01094426, 47.933, 0, 0.0041773825867761826748265540, 9518.35, -2117.713, -5.741346, 0.01966487, 0.1582343, 227.7608, 3.283906, 2.551616, 47.41694
 
25.23048, -0.001013914, -0.01095438, 47.8946, 0, 0.00418398991200355911936, 9505.76, -2117.713, -5.741346, 0.01966487, 0.1582343, 227.6419, 3.283906, 2.551616, 47.41694
 
25.24048, -0.001019737, -0.01096452, 47.85622, 0, 0.00419202622064243824953, 9493.182, -2117.713, -5.741346, 0.01966487, 0.1582343, 227.5231, 3.283906, 2.551616, 47.41694
 
25.25048, -0.001022477, -0.01097472, 47.81788, 0, 0.0041990241040369414671134460, 9480.624, -2117.713, -5.741346, 0.01966487, 0.1582343, 227.4043, 3.283906, 2.551616, 47.41694
 
25.26048, -0.001024111, -0.01098494, 47.77955, 0, 0.0042056544032741948463165540, 9468.076, -2117.713, -5.741346, 0.01966487, 0.1582343, 227.2855, 3.283906, 2.551616, 47.41694
 
25.27048, -0.001022775, -0.01099518, 47.74128, 0, 0.00421126465647490647024, 9455.549, -2117.713, -5.741346, 0.01966487, 0.1582343, 227.1667, 3.283906, 2.551616, 47.41694
 
25.28048, -0.001021217, -0.01100541, 47.703, 0, 0.00421679679804220805556, 9443.032, -2117.713, -5.741346, 0.01966487, 0.1582343, 227.048, 3.283906, 2.551616, 47.41694
 
25.29048, -0.001022007, -0.01101562, 47.66478, 0, 0.0042231468143594774496134460, 9430.535, -2117.713, -5.741346, 0.01966487, 0.1582343, 226.9294, 3.283906, 2.551616, 47.41694
 
25.30048, -0.001025947, -0.01102584, 47.62658, 0, 0.00423060877275259722954, 9418.052, -2117.713, -5.741346, 0.01966487, 0.1582343, 226.8108, 3.283906, 2.551616, 47.41694
 
25.31048, -0.001028748, -0.0110361, 47.58841, 0, 0.00423769548898512891151, 9405.582, -2117.713, -5.741346, 0.01966487, 0.1582343, 226.6922, 3.283906, 2.551616, 47.41694
 
25.32048, -0.001030435, -0.01104639, 47.55026, 0, 0.0042444100262584139257565540, 9393.128, -2117.713, -5.741346, 0.01966487, 0.1582343, 226.5736, 3.283906, 2.551616, 47.41694
 
25.33048, -0.001029193, -0.0110567, 47.51214, 0, 0.00425010758069648329895, 9380.688, -2117.713, -5.741346, 0.01966487, 0.1582343, 226.4551, 3.283906, 2.551616, 47.41694
 
25.34048, -0.001032084, -0.01106699, 47.47405, 0, 0.00425726168735785254176, 9368.263, -2117.713, -5.741346, 0.01966487, 0.1582343, 226.3366, 3.283906, 2.551616, 47.41694
 
25.35048, -0.001033881, -0.01107731, 47.43599, 0, 0.0042640482098619106821634460, 9355.854, -2117.713, -5.741346, 0.01966487, 0.1582343, 226.2182, 3.283906, 2.551616, 47.41694
 
25.36049, -0.001033635, -0.01108765, 47.39796, 0, 0.00427012866446386046487, 9343.461, -2117.713, -5.741346, 0.01966487, 0.1582343, 226.0997, 3.283906, 2.551616, 47.41694
 
25.37049, -0.001031482, -0.01109798, 47.35996, 0, 0.0042755413411800256036034460, 9331.082, -2117.713, -5.741346, 0.01966487, 0.1582343, 225.9814, 3.283906, 2.551616, 47.41694
 
25.38049, -0.001033423, -0.0111083, 47.32198, 0, 0.0042823983173142780510865540, 9318.714, -2117.713, -5.741346, 0.01966487, 0.1582343, 225.863, 3.283906, 2.551616, 47.41694
 
25.39049, -0.001034361, -0.01111863, 47.28403, 0, 0.00428891374650233054902, 9306.365, -2117.713, -5.741346, 0.01966487, 0.1582343, 225.7447, 3.283906, 2.551616, 47.41694
 
25.40049, -0.001037535, -0.01112898, 47.24612, 0, 0.0042962317344338428126065540, 9294.029, -2117.713, -5.741346, 0.01966487, 0.1582343, 225.6264, 3.283906, 2.551616, 47.41694
 
25.41049, -0.001039649, -0.01113935, 47.20824, 0, 0.00430319439101327185066, 9281.711, -2117.713, -5.741346, 0.01966487, 0.1582343, 225.5082, 3.283906, 2.551616, 47.41694
 
25.42049, -0.001040722, -0.01114975, 47.17037, 0, 0.0043098017162406789272065540, 9269.405, -2117.713, -5.741346, 0.01966487, 0.1582343, 225.39, 3.283906, 2.551616, 47.41694
 
25.43049, -0.001038942, -0.01116015, 47.13253, 0, 0.00431540584303876895469, 9257.113, -2117.713, -5.741346, 0.01966487, 0.1582343, 225.2718, 3.283906, 2.551616, 47.41694
 
25.44049, -0.00103618, -0.01117054, 47.09473, 0, 0.00432065923328678790199, 9244.838, -2117.713, -5.741346, 0.01966487, 0.1582343, 225.1536, 3.283906, 2.551616, 47.41694
 
25.45049, -0.001042716, -0.01118091, 47.05695, 0, 0.00432922088095046892689, 9232.576, -2117.713, -5.741346, 0.01966487, 0.1582343, 225.0355, 3.283906, 2.551616, 47.41694
 
25.46049, -0.001048125, -0.01119133, 47.01921, 0, 0.0043374164760575248805065540, 9220.331, -2117.713, -5.741346, 0.01966487, 0.1582343, 224.9175, 3.283906, 2.551616, 47.41694
 
25.47049, -0.001050717, -0.01120181, 46.98149, 0, 0.0043446349099464208859365540, 9208.099, -2117.713, -5.741346, 0.01966487, 0.1582343, 224.7994, 3.283906, 2.551616, 47.41694
 
25.48049, -0.001052239, -0.01121232, 46.94379, 0, 0.0043514888228793319031865540, 9195.88, -2117.713, -5.741346, 0.01966487, 0.1582343, 224.6814, 3.283906, 2.551616, 47.41694
 
25.49049, -0.001051918, -0.01122284, 46.90613, 0, 0.0043576948687350090969065540, 9183.678, -2117.713, -5.741346, 0.01966487, 0.1582343, 224.5634, 3.283906, 2.551616, 47.41694
 
25.50049, -0.001050577, -0.01123336, 46.86849, 0, 0.00436353792523534138555, 9171.491, -2117.713, -5.741346, 0.01966487, 0.1582343, 224.4455, 3.283906, 2.551616, 47.41694
 
25.51049, -0.001051585, -0.01124387, 46.83088, 0, 0.00437022642529746929892, 9159.316, -2117.713, -5.741346, 0.01966487, 0.1582343, 224.3276, 3.283906, 2.551616, 47.41694
 
25.52049, -0.001052539, -0.01125438, 46.79329, 0, 0.00437690726735632021674, 9147.157, -2117.713, -5.741346, 0.01966487, 0.1582343, 224.2098, 3.283906, 2.551616, 47.41694
 
25.53049, -0.001052533, -0.01126491, 46.75573, 0, 0.0043832526888716540454765540, 9135.011, -2117.713, -5.741346, 0.01966487, 0.1582343, 224.0919, 3.283906, 2.551616, 47.41694
 
25.54049, -0.001054831, -0.01127543, 46.71822, 0, 0.0043904343643447898402534460, 9122.885, -2117.713, -5.741346, 0.01966487, 0.1582343, 223.9742, 3.283906, 2.551616, 47.41694
 
25.55049, -0.001055252, -0.01128598, 46.68072, 0, 0.00439695591993549456664, 9110.768, -2117.713, -5.741346, 0.01966487, 0.1582343, 223.8564, 3.283906, 2.551616, 47.41694
 
25.56049, -0.001054739, -0.01129653, 46.64324, 0, 0.00440314664978461776926, 9098.666, -2117.713, -5.741346, 0.01966487, 0.1582343, 223.7386, 3.283906, 2.551616, 47.41694
 
25.57049, -0.001059249, -0.01130708, 46.60581, 0, 0.00441116151601432131189, 9086.582, -2117.713, -5.741346, 0.01966487, 0.1582343, 223.621, 3.283906, 2.551616, 47.41694
 
25.58049, -0.001059214, -0.01131768, 46.56839, 0, 0.0044175544171499418810234460, 9074.509, -2117.713, -5.741346, 0.01966487, 0.1582343, 223.5033, 3.283906, 2.551616, 47.41694
 
25.59049, -0.001060934, -0.01132827, 46.53101, 0, 0.00442459212216151610748, 9062.452, -2117.713, -5.741346, 0.01966487, 0.1582343, 223.3857, 3.283906, 2.551616, 47.41694
 
25.60049, -0.001059976, -0.01133888, 46.49364, 0, 0.0044306679819614996928565540, 9050.408, -2117.713, -5.741346, 0.01966487, 0.1582343, 223.2681, 3.283906, 2.551616, 47.41694
 
25.61049, -0.001058071, -0.01134948, 46.45632, 0, 0.0044364022948152833286834460, 9038.381, -2117.713, -5.741346, 0.01966487, 0.1582343, 223.1505, 3.283906, 2.551616, 47.41694
 
25.62049, -0.001059465, -0.01136006, 46.41903, 0, 0.00444333585098229041566, 9026.37, -2117.713, -5.741346, 0.01966487, 0.1582343, 223.033, 3.283906, 2.551616, 47.41694
 
25.63049, -0.001064048, -0.01137065, 46.38175, 0, 0.00445144873965393950133, 9014.371, -2117.713, -5.741346, 0.01966487, 0.1582343, 222.9155, 3.283906, 2.551616, 47.41694
 
25.64049, -0.001065888, -0.01138129, 46.34452, 0, 0.00445858293550678855571, 9002.39, -2117.713, -5.741346, 0.01966487, 0.1582343, 222.7981, 3.283906, 2.551616, 47.41694
 
25.65049, -0.001067671, -0.01139195, 46.3073, 0, 0.00446571406815832681187, 8990.42, -2117.713, -5.741346, 0.01966487, 0.1582343, 222.6807, 3.283906, 2.551616, 47.41694
 
25.66049, -0.001067722, -0.01140263, 46.27012, 0, 0.0044722233709437577133634460, 8978.467, -2117.713, -5.741346, 0.01966487, 0.1582343, 222.5633, 3.283906, 2.551616, 47.41694
 
25.67049, -0.0010651, -0.01141331, 46.23295, 0, 0.0044777570441117300138, 8966.524, -2117.713, -5.741346, 0.01966487, 0.1582343, 222.446, 3.283906, 2.551616, 47.41694
 
25.68049, -0.001068444, -0.01142396, 46.19582, 0, 0.00448547937461625232642, 8954.599, -2117.713, -5.741346, 0.01966487, 0.1582343, 222.3286, 3.283906, 2.551616, 47.41694
 
25.69049, -0.00107006, -0.01143464, 46.15873, 0, 0.0044925875332579442799234460, 8942.687, -2117.713, -5.741346, 0.01966487, 0.1582343, 222.2113, 3.283906, 2.551616, 47.41694
 
25.70049, -0.001070753, -0.01144534, 46.12164, 0, 0.0044993694609600515390034460, 8930.788, -2117.713, -5.741346, 0.01966487, 0.1582343, 222.0941, 3.283906, 2.551616, 47.41694
 
25.71049, -0.001068797, -0.01145605, 46.08458, 0, 0.0045051818854472911614534460, 8918.903, -2117.713, -5.741346, 0.01966487, 0.1582343, 221.9769, 3.283906, 2.551616, 47.41694
 
25.72049, -0.001070133, -0.01146674, 46.04756, 0, 0.00451221040085493299325, 8907.033, -2117.713, -5.741346, 0.01966487, 0.1582343, 221.8597, 3.283906, 2.551616, 47.41694
 
25.73049, -0.001071466, -0.01147744, 46.01056, 0, 0.00451924963746714730281, 8895.178, -2117.713, -5.741346, 0.01966487, 0.1582343, 221.7426, 3.283906, 2.551616, 47.41694
 
25.74049, -0.001076081, -0.01148815, 45.9736, 0, 0.00452751721780499169859, 8883.339, -2117.713, -5.741346, 0.01966487, 0.1582343, 221.6255, 3.283906, 2.551616, 47.41694
 
25.75049, -0.001078861, -0.01149891, 45.93666, 0, 0.00453513233626363607351, 8871.513, -2117.713, -5.741346, 0.01966487, 0.1582343, 221.5084, 3.283906, 2.551616, 47.41694
 
25.76049, -0.001079966, -0.0115097, 45.89975, 0, 0.0045421440040640685150965540, 8859.699, -2117.713, -5.741346, 0.01966487, 0.1582343, 221.3914, 3.283906, 2.551616, 47.41694
 
25.77049, -0.001080258, -0.0115205, 45.86287, 0, 0.00454886466773994449377, 8847.902, -2117.713, -5.741346, 0.01966487, 0.1582343, 221.2744, 3.283906, 2.551616, 47.41694
 
25.78049, -0.001077949, -0.0115313, 45.82601, 0, 0.00455462501780490054648, 8836.118, -2117.713, -5.741346, 0.01966487, 0.1582343, 221.1574, 3.283906, 2.551616, 47.41694
 
25.79049, -0.001075714, -0.01154208, 45.78918, 0, 0.0045604068102790475027365540, 8824.35, -2117.713, -5.741346, 0.01966487, 0.1582343, 221.0405, 3.283906, 2.551616, 47.41694
 
25.8005, -0.001077717, -0.01155284, 45.75238, 0, 0.0045677692146295357085, 8812.595, -2117.713, -5.741346, 0.01966487, 0.1582343, 220.9236, 3.283906, 2.551616, 47.41694
 
25.8105, -0.001077187, -0.01156362, 45.7156, 0, 0.0045742019373822119705, 8800.85, -2117.713, -5.741346, 0.01966487, 0.1582343, 220.8067, 3.283906, 2.551616, 47.41694
 
25.8205, -0.001082502, -0.01157439, 45.67885, 0, 0.00458282638067276435891, 8789.121, -2117.713, -5.741346, 0.01966487, 0.1582343, 220.6898, 3.283906, 2.551616, 47.41694
 
25.8305, -0.001086092, -0.01158521, 45.64212, 0, 0.0045908351204998463051, 8777.405, -2117.713, -5.741346, 0.01966487, 0.1582343, 220.573, 3.283906, 2.551616, 47.41694
 
25.8405, -0.001087986, -0.01159607, 45.60543, 0, 0.00459823122006476860729, 8765.708, -2117.713, -5.741346, 0.01966487, 0.1582343, 220.4562, 3.283906, 2.551616, 47.41694
 
25.8505, -0.00109228, -0.01160695, 45.56877, 0, 0.00460654321682161957726, 8754.023, -2117.713, -5.741346, 0.01966487, 0.1582343, 220.3395, 3.283906, 2.551616, 47.41694
 
25.8605, -0.001096605, -0.01161788, 45.53213, 0, 0.00461489503519551092409, 8742.35, -2117.713, -5.741346, 0.01966487, 0.1582343, 220.2228, 3.283906, 2.551616, 47.41694
 
25.8705, -0.001100213, -0.01162884, 45.49551, 0, 0.0046230033290651784964234460, 8730.691, -2117.713, -5.741346, 0.01966487, 0.1582343, 220.1061, 3.283906, 2.551616, 47.41694
 
25.8805, -0.001102151, -0.01163984, 45.45892, 0, 0.0046305035774746832541, 8719.046, -2117.713, -5.741346, 0.01966487, 0.1582343, 219.9894, 3.283906, 2.551616, 47.41694
 
25.8905, -0.001103267, -0.01165086, 45.42237, 0, 0.00463770975855833606665, 8707.416, -2117.713, -5.741346, 0.01966487, 0.1582343, 219.8728, 3.283906, 2.551616, 47.41694
 
25.9005, -0.001102826, -0.0116619, 45.38584, 0, 0.0046443385261949187307365540, 8695.8, -2117.713, -5.741346, 0.01966487, 0.1582343, 219.7562, 3.283906, 2.551616, 47.41694
 
25.9105, -0.001106552, -0.01167293, 45.34932, 0, 0.00465255096890915344255, 8684.195, -2117.713, -5.741346, 0.01966487, 0.1582343, 219.6397, 3.283906, 2.551616, 47.41694
 
25.9205, -0.001108635, -0.01168399, 45.31284, 0, 0.00466016302416648701925, 8672.606, -2117.713, -5.741346, 0.01966487, 0.1582343, 219.5232, 3.283906, 2.551616, 47.41694
 
25.9305, -0.001108199, -0.01169508, 45.2764, 0, 0.00466683467662140554241, 8661.036, -2117.713, -5.741346, 0.01966487, 0.1582343, 219.4067, 3.283906, 2.551616, 47.41694
 
25.9405, -0.001107071, -0.01170616, 45.23997, 0, 0.0046732490201662323310965540, 8649.474, -2117.713, -5.741346, 0.01966487, 0.1582343, 219.2903, 3.283906, 2.551616, 47.41694
 
25.9505, -0.001110057, -0.01171723, 45.20358, 0, 0.0046812301911815017773, 8637.93, -2117.713, -5.741346, 0.01966487, 0.1582343, 219.1739, 3.283906, 2.551616, 47.41694
 
25.9605, -0.001116355, -0.01172833, 45.16721, 0, 0.0046904994383479618750134460, 8626.396, -2117.713, -5.741346, 0.01966487, 0.1582343, 219.0575, 3.283906, 2.551616, 47.41694
 
25.9705, -0.001122723, -0.01173949, 45.13087, 0, 0.00469982994954066856914, 8614.877, -2117.713, -5.741346, 0.01966487, 0.1582343, 218.9411, 3.283906, 2.551616, 47.41694
 
25.9805, -0.001126631, -0.01175072, 45.09455, 0, 0.0047082552847460343892565540, 8603.373, -2117.713, -5.741346, 0.01966487, 0.1582343, 218.8249, 3.283906, 2.551616, 47.41694
 
25.9905, -0.001129749, -0.01176199, 45.05826, 0, 0.0047164049318334130535665540, 8591.88, -2117.713, -5.741346, 0.01966487, 0.1582343, 218.7086, 3.283906, 2.551616, 47.41694
 
26.0005, -0.001131354, -0.01177329, 45.022, 0, 0.00472399401308090032761, 8580.402, -2117.713, -5.741346, 0.01966487, 0.1582343, 218.5923, 3.283906, 2.551616, 47.41694
 
26.0105, -0.0011331, -0.0117846, 44.98576, 0, 0.00473165354795855127672, 8568.937, -2117.713, -5.741346, 0.01966487, 0.1582343, 218.4761, 3.283906, 2.551616, 47.41694
 
26.0205, -0.00113247, -0.01179593, 44.94955, 0, 0.00473841250165082754915, 8557.487, -2117.713, -5.741346, 0.01966487, 0.1582343, 218.3599, 3.283906, 2.551616, 47.41694
 
26.0305, -0.001136028, -0.01180726, 44.91337, 0, 0.00474678882563520528174, 8546.052, -2117.713, -5.741346, 0.01966487, 0.1582343, 218.2438, 3.283906, 2.551616, 47.41694
 
26.0405, -0.001138907, -0.01181862, 44.87721, 0, 0.0047549277515180114682865540, 8534.628, -2117.713, -5.741346, 0.01966487, 0.1582343, 218.1277, 3.283906, 2.551616, 47.41694
 
26.0505, -0.001140233, -0.01183, 44.84108, 0, 0.00476248620075239076013, 8523.219, -2117.713, -5.741346, 0.01966487, 0.1582343, 218.0116, 3.283906, 2.551616, 47.41694
 
26.0605, -0.001140921, -0.01184141, 44.80498, 0, 0.00476981184668716470326, 8511.823, -2117.713, -5.741346, 0.01966487, 0.1582343, 217.8955, 3.283906, 2.551616, 47.41694
 
26.0705, -0.001139197, -0.01185282, 44.76891, 0, 0.0047762139374267482990665540, 8500.442, -2117.713, -5.741346, 0.01966487, 0.1582343, 217.7795, 3.283906, 2.551616, 47.41694
 
26.0805, -0.001137772, -0.01186421, 44.73286, 0, 0.0047827308982154715121165540, 8489.072, -2117.713, -5.741346, 0.01966487, 0.1582343, 217.6635, 3.283906, 2.551616, 47.41694
 
26.0905, -0.001141426, -0.01187559, 44.69676, 0, 0.0047912297502522658575, 8477.69, -2117.713, -5.741346, 0.01966487, 0.1582343, 217.5472, 3.283906, 2.551616, 47.41694
 
26.1005, -0.001142466, -0.011887, 44.66071, 0, 0.0047987345934637214965, 8466.326, -2117.713, -5.741346, 0.01966487, 0.1582343, 217.431, 3.283906, 2.551616, 47.41694
 
26.1105, -0.001140245, -0.01189843, 44.62467, 0, 0.00480498046093643906708, 8454.975, -2117.713, -5.741346, 0.01966487, 0.1582343, 217.3148, 3.283906, 2.551616, 47.41694
 
26.1205, -0.001142336, -0.01190983, 44.58866, 0, 0.0048129064943281141453234460, 8443.636, -2117.713, -5.741346, 0.01966487, 0.1582343, 217.1986, 3.283906, 2.551616, 47.41694
 
26.1305, -0.001144646, -0.01192125, 44.55268, 0, 0.00482093514496373159595, 8432.311, -2117.713, -5.741346, 0.01966487, 0.1582343, 217.0825, 3.283906, 2.551616, 47.41694
 
26.1405, -0.001145561, -0.0119327, 44.51672, 0, 0.0048284353933732363536265540, 8420.999, -2117.713, -5.741346, 0.01966487, 0.1582343, 216.9664, 3.283906, 2.551616, 47.41694
 
26.1505, -0.001149605, -0.01194415, 44.48079, 0, 0.00483717317511227296017, 8409.701, -2117.713, -5.741346, 0.01966487, 0.1582343, 216.8503, 3.283906, 2.551616, 47.41694
 
26.1605, -0.00115313, -0.01195565, 44.4449, 0, 0.0048457332911752832699534460, 8398.418, -2117.713, -5.741346, 0.01966487, 0.1582343, 216.7343, 3.283906, 2.551616, 47.41694
 
26.1705, -0.001154291, -0.01196718, 44.40903, 0, 0.00485339129445229413596, 8387.147, -2117.713, -5.741346, 0.01966487, 0.1582343, 216.6182, 3.283906, 2.551616, 47.41694
 
26.1805, -0.001156594, -0.01197872, 44.37316, 0, 0.00486150877792590941896, 8375.887, -2117.713, -5.741346, 0.01966487, 0.1582343, 216.5023, 3.283906, 2.551616, 47.41694
 
26.1905, -0.001162284, -0.01199029, 44.33735, 0, 0.0048709786647782268000834460, 8364.646, -2117.713, -5.741346, 0.01966487, 0.1582343, 216.3863, 3.283906, 2.551616, 47.41694
 
26.2005, -0.001167381, -0.01200191, 44.30154, 0, 0.00488024944354537292892, 8353.412, -2117.713, -5.741346, 0.01966487, 0.1582343, 216.2704, 3.283906, 2.551616, 47.41694
 
26.2105, -0.001171013, -0.01201359, 44.26577, 0, 0.00488897190927787086037, 8342.195, -2117.713, -5.741346, 0.01966487, 0.1582343, 216.1545, 3.283906, 2.551616, 47.41694
 
26.2205, -0.001173202, -0.0120253, 44.23004, 0, 0.00489715065677770210777, 8330.993, -2117.713, -5.741346, 0.01966487, 0.1582343, 216.0387, 3.283906, 2.551616, 47.41694
 
26.2305, -0.001174856, -0.01203703, 44.19433, 0, 0.0049051348909942976682, 8319.804, -2117.713, -5.741346, 0.01966487, 0.1582343, 215.9228, 3.283906, 2.551616, 47.41694
 
26.24051, -0.001175102, -0.01204878, 44.15863, 0, 0.00491257540697822654458, 8308.627, -2117.713, -5.741346, 0.01966487, 0.1582343, 215.8071, 3.283906, 2.551616, 47.41694
 
26.25051, -0.001179571, -0.01206053, 44.12296, 0, 0.00492170221528374984107, 8297.462, -2117.713, -5.741346, 0.01966487, 0.1582343, 215.6913, 3.283906, 2.551616, 47.41694
 
26.26051, -0.001182696, -0.01207233, 44.08732, 0, 0.00493032359537299143126, 8286.311, -2117.713, -5.741346, 0.01966487, 0.1582343, 215.5756, 3.283906, 2.551616, 47.41694
 
26.27051, -0.001186987, -0.01208415, 44.05171, 0, 0.0049394304928700098553265540, 8275.174, -2117.713, -5.741346, 0.01966487, 0.1582343, 215.4598, 3.283906, 2.551616, 47.41694
 
26.28051, -0.001189066, -0.01209602, 44.01611, 0, 0.0049476842888019556591165540, 8264.046, -2117.713, -5.741346, 0.01966487, 0.1582343, 215.3442, 3.283906, 2.551616, 47.41694
 
26.29051, -0.001190566, -0.01210791, 43.98056, 0, 0.0049557236606421302715, 8252.939, -2117.713, -5.741346, 0.01966487, 0.1582343, 215.2285, 3.283906, 2.551616, 47.41694
 
26.30051, -0.00118981, -0.01211982, 43.94502, 0, 0.0049628777673034841983034460, 8241.841, -2117.713, -5.741346, 0.01966487, 0.1582343, 215.1129, 3.283906, 2.551616, 47.41694
 
26.31051, -0.001195154, -0.01213172, 43.90951, 0, 0.00497247630861088573668, 8230.756, -2117.713, -5.741346, 0.01966487, 0.1582343, 214.9974, 3.283906, 2.551616, 47.41694
 
26.32051, -0.001198215, -0.01214367, 43.87402, 0, 0.00498119264794076207169, 8219.685, -2117.713, -5.741346, 0.01966487, 0.1582343, 214.8818, 3.283906, 2.551616, 47.41694
 
26.33051, -0.001200795, -0.01215565, 43.83857, 0, 0.00498973897959788910549, 8208.628, -2117.713, -5.741346, 0.01966487, 0.1582343, 214.7663, 3.283906, 2.551616, 47.41694
 
26.34051, -0.001202018, -0.01216766, 43.80314, 0, 0.00499775997223021424456, 8197.583, -2117.713, -5.741346, 0.01966487, 0.1582343, 214.6508, 3.283906, 2.551616, 47.41694
 
26.35051, -0.001202789, -0.01217968, 43.76774, 0, 0.0050056124887904301655234460, 8186.553, -2117.713, -5.741346, 0.01966487, 0.1582343, 214.5354, 3.283906, 2.551616, 47.41694
 
26.36051, -0.001202237, -0.01219171, 43.73235, 0, 0.0050129442611278563371065540, 8175.533, -2117.713, -5.741346, 0.01966487, 0.1582343, 214.42, 3.283906, 2.551616, 47.41694
 
26.37051, -0.001201176, -0.01220373, 43.69701, 0, 0.0050200753937793639612534460, 8164.532, -2117.713, -5.741346, 0.01966487, 0.1582343, 214.3046, 3.283906, 2.551616, 47.41694
 
26.38051, -0.001203668, -0.01221574, 43.66167, 0, 0.00502864469944633729771, 8153.537, -2117.713, -5.741346, 0.01966487, 0.1582343, 214.1893, 3.283906, 2.551616, 47.41694
 
26.39051, -0.001207393, -0.01222778, 43.62637, 0, 0.00503773321773547561645, 8142.557, -2117.713, -5.741346, 0.01966487, 0.1582343, 214.0739, 3.283906, 2.551616, 47.41694
 
26.40051, -0.001209789, -0.01223985, 43.59109, 0, 0.00504630711820439983423, 8131.592, -2117.713, -5.741346, 0.01966487, 0.1582343, 213.9586, 3.283906, 2.551616, 47.41694
 
26.41051, -0.001210085, -0.01225195, 43.55585, 0, 0.0050540493595174576512865540, 8120.642, -2117.713, -5.741346, 0.01966487, 0.1582343, 213.8434, 3.283906, 2.551616, 47.41694
 
26.42051, -0.001209009, -0.01226405, 43.52063, 0, 0.00506124481939650735406, 8109.701, -2117.713, -5.741346, 0.01966487, 0.1582343, 213.7281, 3.283906, 2.551616, 47.41694
 
26.43051, -0.001209314, -0.01227614, 43.48544, 0, 0.0050690039083167439293134460, 8098.776, -2117.713, -5.741346, 0.01966487, 0.1582343, 213.6129, 3.283906, 2.551616, 47.41694
 
26.44051, -0.001212204, -0.01228823, 43.45024, 0, 0.00507782439649120271981, 8087.859, -2117.713, -5.741346, 0.01966487, 0.1582343, 213.4978, 3.283906, 2.551616, 47.41694
 
26.45051, -0.001214682, -0.01230036, 43.41511, 0, 0.0050864993826033679628434460, 8076.961, -2117.713, -5.741346, 0.01966487, 0.1582343, 213.3826, 3.283906, 2.551616, 47.41694
 
26.46051, -0.001215881, -0.0123125, 43.37998, 0, 0.0050946704720999528467065540, 8066.072, -2117.713, -5.741346, 0.01966487, 0.1582343, 213.2675, 3.283906, 2.551616, 47.41694
 
26.47051, -0.001217486, -0.01232466, 43.34488, 0, 0.0051030222904738135615234460, 8055.197, -2117.713, -5.741346, 0.01966487, 0.1582343, 213.1525, 3.283906, 2.551616, 47.41694
 
26.48051, -0.001217046, -0.01233684, 43.3098, 0, 0.0051105531708964109853934460, 8044.333, -2117.713, -5.741346, 0.01966487, 0.1582343, 213.0374, 3.283906, 2.551616, 47.41694
 
26.49051, -0.001217133, -0.01234901, 43.27475, 0, 0.0051183061334140719122265540, 8033.486, -2117.713, -5.741346, 0.01966487, 0.1582343, 212.9224, 3.283906, 2.551616, 47.41694
 
26.50051, -0.001219731, -0.01236118, 43.23973, 0, 0.00512709598957539208851, 8022.651, -2117.713, -5.741346, 0.01966487, 0.1582343, 212.8075, 3.283906, 2.551616, 47.41694
 
26.51051, -0.001222831, -0.01237338, 43.20475, 0, 0.0051361155858350527633065540, 8011.829, -2117.713, -5.741346, 0.01966487, 0.1582343, 212.6925, 3.283906, 2.551616, 47.41694
 
26.52051, -0.001225557, -0.0123856, 43.16978, 0, 0.00514500346443831848263, 8001.019, -2117.713, -5.741346, 0.01966487, 0.1582343, 212.5776, 3.283906, 2.551616, 47.41694
 
26.53051, -0.001226263, -0.01239786, 43.13482, 0, 0.0051530795946942533056665540, 7990.22, -2117.713, -5.741346, 0.01966487, 0.1582343, 212.4627, 3.283906, 2.551616, 47.41694
 
26.54051, -0.00122299, -0.01241012, 43.09991, 0, 0.0051595245702521727605465540, 7979.437, -2117.713, -5.741346, 0.01966487, 0.1582343, 212.3479, 3.283906, 2.551616, 47.41694
 
26.55051, -0.001218558, -0.01242235, 43.06502, 0, 0.00516548402840231538155, 7968.665, -2117.713, -5.741346, 0.01966487, 0.1582343, 212.233, 3.283906, 2.551616, 47.41694
 
26.56051, -0.001212989, -0.01243454, 43.03014, 0, 0.00517095796914471180069, 7957.906, -2117.713, -5.741346, 0.01966487, 0.1582343, 212.1182, 3.283906, 2.551616, 47.41694
 
26.57051, -0.001211853, -0.01244667, 42.9953, 0, 0.00517825145146572236251, 7947.161, -2117.713, -5.741346, 0.01966487, 0.1582343, 212.0035, 3.283906, 2.551616, 47.41694
 
26.58051, -0.001210334, -0.01245879, 42.9605, 0, 0.0051853871789192421320065540, 7936.432, -2117.713, -5.741346, 0.01966487, 0.1582343, 211.8888, 3.283906, 2.551616, 47.41694
 
26.59051, -0.001207757, -0.01247089, 42.9257, 0, 0.00519208333698463172492, 7925.71, -2117.713, -5.741346, 0.01966487, 0.1582343, 211.7741, 3.283906, 2.551616, 47.41694
 
26.60051, -0.001204043, -0.01248297, 42.89094, 0, 0.0051983031672461921946234460, 7915.005, -2117.713, -5.741346, 0.01966487, 0.1582343, 211.6594, 3.283906, 2.551616, 47.41694
 
26.61051, -0.001199988, -0.01249501, 42.8562, 0, 0.0052043698374422587013465540, 7904.311, -2117.713, -5.741346, 0.01966487, 0.1582343, 211.5448, 3.283906, 2.551616, 47.41694
 
26.62051, -0.001196668, -0.01250701, 42.82149, 0, 0.00521073210656477128828, 7893.63, -2117.713, -5.741346, 0.01966487, 0.1582343, 211.4302, 3.283906, 2.551616, 47.41694
 
26.63051, -0.001196801, -0.01251897, 42.7868, 0, 0.0052185279539007680741865540, 7882.96, -2117.713, -5.741346, 0.01966487, 0.1582343, 211.3156, 3.283906, 2.551616, 47.41694
 
26.64051, -0.001196663, -0.01253094, 42.75212, 0, 0.0052262196523921670886, 7872.303, -2117.713, -5.741346, 0.01966487, 0.1582343, 211.201, 3.283906, 2.551616, 47.41694
 
26.65051, -0.001196267, -0.01254291, 42.71749, 0, 0.00523381026524032507776, 7861.66, -2117.713, -5.741346, 0.01966487, 0.1582343, 211.0865, 3.283906, 2.551616, 47.41694
 
26.66051, -0.001193874, -0.01255487, 42.68288, 0, 0.0052405707505332567493, 7851.031, -2117.713, -5.741346, 0.01966487, 0.1582343, 210.9721, 3.283906, 2.551616, 47.41694
 
26.67052, -0.001191354, -0.01256681, 42.6483, 0, 0.00524727303500128325466, 7840.413, -2117.713, -5.741346, 0.01966487, 0.1582343, 210.8576, 3.283906, 2.551616, 47.41694
 
26.68052, -0.001189393, -0.01257872, 42.61374, 0, 0.0052542050595676043105134460, 7829.808, -2117.713, -5.741346, 0.01966487, 0.1582343, 210.7432, 3.283906, 2.551616, 47.41694
 
26.69052, -0.001190875, -0.01259062, 42.57919, 0, 0.0052625875099546036395434460, 7819.213, -2117.713, -5.741346, 0.01966487, 0.1582343, 210.6288, 3.283906, 2.551616, 47.41694
 
26.70052, -0.001191337, -0.01260253, 42.54467, 0, 0.00527055336496334972666, 7808.633, -2117.713, -5.741346, 0.01966487, 0.1582343, 210.5144, 3.283906, 2.551616, 47.41694
 
26.71052, -0.001193209, -0.01261444, 42.5102, 0, 0.00527912573383161854533, 7798.067, -2117.713, -5.741346, 0.01966487, 0.1582343, 210.4001, 3.283906, 2.551616, 47.41694
 
26.72052, -0.001192326, -0.01262637, 42.47572, 0, 0.00528655093380899343061, 7787.51, -2117.713, -5.741346, 0.01966487, 0.1582343, 210.2858, 3.283906, 2.551616, 47.41694
 
26.73052, -0.001192007, -0.0126383, 42.4413, 0, 0.0052942181266899366912765540, 7776.971, -2117.713, -5.741346, 0.01966487, 0.1582343, 210.1715, 3.283906, 2.551616, 47.41694
 
26.74052, -0.001189842, -0.01265022, 42.40688, 0, 0.00530110879803856197116, 7766.441, -2117.713, -5.741346, 0.01966487, 0.1582343, 210.0573, 3.283906, 2.551616, 47.41694
 
26.75052, -0.001192872, -0.01266211, 42.3725, 0, 0.00531020191112966648723, 7755.925, -2117.713, -5.741346, 0.01966487, 0.1582343, 209.9431, 3.283906, 2.551616, 47.41694
 
26.76052, -0.001194801, -0.01267404, 42.33813, 0, 0.0053188508600306899453934460, 7745.421, -2117.713, -5.741346, 0.01966487, 0.1582343, 209.8289, 3.283906, 2.551616, 47.41694
 
26.77052, -0.001195645, -0.01268599, 42.30381, 0, 0.0053270541131410382105665540, 7734.932, -2117.713, -5.741346, 0.01966487, 0.1582343, 209.7148, 3.283906, 2.551616, 47.41694
 
26.78052, -0.00119629, -0.01269795, 42.2695, 0, 0.0053351853810205520855565540, 7724.454, -2117.713, -5.741346, 0.01966487, 0.1582343, 209.6007, 3.283906, 2.551616, 47.41694
 
26.79052, -0.001195875, -0.01270991, 42.23522, 0, 0.00534287707951195109997, 7713.988, -2117.713, -5.741346, 0.01966487, 0.1582343, 209.4866, 3.283906, 2.551616, 47.41694
 
26.80052, -0.00119615, -0.01272187, 42.20095, 0, 0.00535087050333247905506, 7703.531, -2117.713, -5.741346, 0.01966487, 0.1582343, 209.3725, 3.283906, 2.551616, 47.41694
 
26.81052, -0.001196253, -0.01273383, 42.16673, 0, 0.00535879653672416944931, 7693.093, -2117.713, -5.741346, 0.01966487, 0.1582343, 209.2585, 3.283906, 2.551616, 47.41694
 
26.82052, -0.001200667, -0.01274579, 42.1325, 0, 0.0053685819333115143631, 7682.662, -2117.713, -5.741346, 0.01966487, 0.1582343, 209.1445, 3.283906, 2.551616, 47.41694
 
26.83052, -0.001203241, -0.0127578, 42.09832, 0, 0.0053776061243731106032134460, 7672.246, -2117.713, -5.741346, 0.01966487, 0.1582343, 209.0305, 3.283906, 2.551616, 47.41694
 
26.84052, -0.001205527, -0.01276983, 42.06416, 0, 0.00538652769819082573497, 7661.842, -2117.713, -5.741346, 0.01966487, 0.1582343, 208.9166, 3.283906, 2.551616, 47.41694
 
26.85052, -0.001206875, -0.01278189, 42.03002, 0, 0.0053950663718446910892265540, 7651.451, -2117.713, -5.741346, 0.01966487, 0.1582343, 208.8027, 3.283906, 2.551616, 47.41694
 
26.86052, -0.001207955, -0.01279396, 41.99591, 0, 0.00540350395985526947021, 7641.071, -2117.713, -5.741346, 0.01966487, 0.1582343, 208.6889, 3.283906, 2.551616, 47.41694
 
26.87052, -0.001210615, -0.01280604, 41.96181, 0, 0.0054126368945634296791465540, 7630.702, -2117.713, -5.741346, 0.01966487, 0.1582343, 208.575, 3.283906, 2.551616, 47.41694
 
26.88052, -0.001215942, -0.01281814, 41.92775, 0, 0.0054229445669742656894465540, 7620.348, -2117.713, -5.741346, 0.01966487, 0.1582343, 208.4612, 3.283906, 2.551616, 47.41694
 
26.89052, -0.001221083, -0.0128303, 41.89371, 0, 0.00543320475976476901133, 7610.004, -2117.713, -5.741346, 0.01966487, 0.1582343, 208.3474, 3.283906, 2.551616, 47.41694
 
26.90052, -0.001226044, -0.01284251, 41.8597, 0, 0.00544342359933759187325, 7599.676, -2117.713, -5.741346, 0.01966487, 0.1582343, 208.2337, 3.283906, 2.551616, 47.41694
 
26.91052, -0.001229106, -0.01285477, 41.82571, 0, 0.0054528490697709333121965540, 7589.359, -2117.713, -5.741346, 0.01966487, 0.1582343, 208.1199, 3.283906, 2.551616, 47.41694
 
26.92052, -0.001232883, -0.01286706, 41.79174, 0, 0.00546261149234843192333, 7579.051, -2117.713, -5.741346, 0.01966487, 0.1582343, 208.0062, 3.283906, 2.551616, 47.41694
 
26.93052, -0.001236512, -0.01287939, 41.7578, 0, 0.0054723356249095761887265540, 7568.757, -2117.713, -5.741346, 0.01966487, 0.1582343, 207.8926, 3.283906, 2.551616, 47.41694
 
26.94052, -0.001239136, -0.01289176, 41.72388, 0, 0.00548165082009569825974, 7558.476, -2117.713, -5.741346, 0.01966487, 0.1582343, 207.7789, 3.283906, 2.551616, 47.41694
 
26.95052, -0.001246925, -0.01290415, 41.69001, 0, 0.0054932373790538078428965540, 7548.209, -2117.713, -5.741346, 0.01966487, 0.1582343, 207.6653, 3.283906, 2.551616, 47.41694
 
26.96052, -0.001253676, -0.01291662, 41.65614, 0, 0.00550442112703951682811, 7537.953, -2117.713, -5.741346, 0.01966487, 0.1582343, 207.5517, 3.283906, 2.551616, 47.41694
 
26.97052, -0.001258651, -0.01292916, 41.6223, 0, 0.00551486817510999415742, 7527.708, -2117.713, -5.741346, 0.01966487, 0.1582343, 207.4382, 3.283906, 2.551616, 47.41694
 
26.98052, -0.001264246, -0.01294174, 41.58848, 0, 0.00552562154331155130873, 7517.478, -2117.713, -5.741346, 0.01966487, 0.1582343, 207.3247, 3.283906, 2.551616, 47.41694
 
26.99052, -0.001269704, -0.01295439, 41.55469, 0, 0.00553635193750327747339, 7507.258, -2117.713, -5.741346, 0.01966487, 0.1582343, 207.2112, 3.283906, 2.551616, 47.41694
 
27.00052, -0.001272555, -0.01296708, 41.52092, 0, 0.00554597345282049468241, 7497.049, -2117.713, -5.741346, 0.01966487, 0.1582343, 207.0978, 3.283906, 2.551616, 47.41694
 
27.01052, -0.001277783, -0.01297981, 41.48717, 0, 0.0055566640253951651542034460, 7486.853, -2117.713, -5.741346, 0.01966487, 0.1582343, 206.9843, 3.283906, 2.551616, 47.41694
 
27.02052, -0.001282036, -0.01299259, 41.45345, 0, 0.00556695944500077328763, 7476.669, -2117.713, -5.741346, 0.01966487, 0.1582343, 206.8709, 3.283906, 2.551616, 47.41694
 
27.03052, -0.00128983, -0.01300541, 41.41976, 0, 0.00557884772928798117945, 7466.499, -2117.713, -5.741346, 0.01966487, 0.1582343, 206.7576, 3.283906, 2.551616, 47.41694
 
27.04052, -0.001293357, -0.0130183, 41.3861, 0, 0.00558889962438936553838, 7456.341, -2117.713, -5.741346, 0.01966487, 0.1582343, 206.6442, 3.283906, 2.551616, 47.41694
 
27.05052, -0.001296694, -0.01303124, 41.35247, 0, 0.00559889331866584473113, 7446.197, -2117.713, -5.741346, 0.01966487, 0.1582343, 206.5309, 3.283906, 2.551616, 47.41694
 
27.06052, -0.001298348, -0.0130442, 41.31882, 0, 0.0056081702238355971404, 7436.058, -2117.713, -5.741346, 0.01966487, 0.1582343, 206.4176, 3.283906, 2.551616, 47.41694
 
27.07052, -0.001301675, -0.01305719, 41.28524, 0, 0.00561820373972911671001, 7425.938, -2117.713, -5.741346, 0.01966487, 0.1582343, 206.3044, 3.283906, 2.551616, 47.41694
 
27.08052, -0.001303221, -0.0130702, 41.25166, 0, 0.0056274745184962628388465540, 7415.825, -2117.713, -5.741346, 0.01966487, 0.1582343, 206.1912, 3.283906, 2.551616, 47.41694
 
27.09052, -0.001310816, -0.01308324, 41.21811, 0, 0.0056394501040207978479234460, 7405.727, -2117.713, -5.741346, 0.01966487, 0.1582343, 206.078, 3.283906, 2.551616, 47.41694
 
27.10052, -0.0013166, -0.01309634, 41.18459, 0, 0.00565066754722095624557, 7395.64, -2117.713, -5.741346, 0.01966487, 0.1582343, 205.9648, 3.283906, 2.551616, 47.41694
 
27.11053, -0.00132231, -0.01310951, 41.15108, 0, 0.0056618895852230808405465540, 7385.564, -2117.713, -5.741346, 0.01966487, 0.1582343, 205.8517, 3.283906, 2.551616, 47.41694
 
27.12053, -0.001328071, -0.01312273, 41.11761, 0, 0.0056731728872514060839165540, 7375.503, -2117.713, -5.741346, 0.01966487, 0.1582343, 205.7386, 3.283906, 2.551616, 47.41694
 
27.13053, -0.001331941, -0.01313601, 41.08416, 0, 0.0056836505673349607634134460, 7365.452, -2117.713, -5.741346, 0.01966487, 0.1582343, 205.6255, 3.283906, 2.551616, 47.41694
 
27.14053, -0.001335774, -0.01314933, 41.05074, 0, 0.0056941389686231491847, 7355.415, -2117.713, -5.741346, 0.01966487, 0.1582343, 205.5125, 3.283906, 2.551616, 47.41694
 
27.15053, -0.001340817, -0.01316269, 41.01733, 0, 0.0057052001885564568731265540, 7345.388, -2117.713, -5.741346, 0.01966487, 0.1582343, 205.3995, 3.283906, 2.551616, 47.41694
 
27.16053, -0.00134657, -0.0131761, 40.98394, 0, 0.0057166152082411464399565540, 7335.372, -2117.713, -5.741346, 0.01966487, 0.1582343, 205.2865, 3.283906, 2.551616, 47.41694
 
27.17053, -0.00134983, -0.01318957, 40.95059, 0, 0.00572694738626245352001, 7325.37, -2117.713, -5.741346, 0.01966487, 0.1582343, 205.1736, 3.283906, 2.551616, 47.41694
 
27.18053, -0.001353086, -0.01320306, 40.91728, 0, 0.00573730406989426230183, 7315.382, -2117.713, -5.741346, 0.01966487, 0.1582343, 205.0606, 3.283906, 2.551616, 47.41694
 
27.19053, -0.00135708, -0.0132166, 40.88395, 0, 0.00574801914807943447539, 7305.4, -2117.713, -5.741346, 0.01966487, 0.1582343, 204.9477, 3.283906, 2.551616, 47.41694
 
27.20053, -0.001360331, -0.01323017, 40.85067, 0, 0.00575843096933483762517, 7295.432, -2117.713, -5.741346, 0.01966487, 0.1582343, 204.8349, 3.283906, 2.551616, 47.41694
 
27.21053, -0.001363595, -0.01324377, 40.81742, 0, 0.0057688718910026780420334460, 7285.479, -2117.713, -5.741346, 0.01966487, 0.1582343, 204.722, 3.283906, 2.551616, 47.41694
 
27.22053, -0.001367154, -0.01325741, 40.78419, 0, 0.00577947363073936599746, 7275.537, -2117.713, -5.741346, 0.01966487, 0.1582343, 204.6092, 3.283906, 2.551616, 47.41694
 
27.23053, -0.001369878, -0.01327108, 40.75098, 0, 0.00578972463392595224069, 7265.605, -2117.713, -5.741346, 0.01966487, 0.1582343, 204.4965, 3.283906, 2.551616, 47.41694
 
27.24053, -0.001372636, -0.01328478, 40.7178, 0, 0.00580001392712892346167, 7255.688, -2117.713, -5.741346, 0.01966487, 0.1582343, 204.3837, 3.283906, 2.551616, 47.41694
 
27.25053, -0.001374577, -0.0132985, 40.68464, 0, 0.00580995707858377448379, 7245.779, -2117.713, -5.741346, 0.01966487, 0.1582343, 204.271, 3.283906, 2.551616, 47.41694
 
27.26053, -0.00137828, -0.01331225, 40.65149, 0, 0.00582072116798991942887, 7235.882, -2117.713, -5.741346, 0.01966487, 0.1582343, 204.1583, 3.283906, 2.551616, 47.41694
 
27.27053, -0.001380314, -0.01332603, 40.61838, 0, 0.00583075468388343899848, 7225.999, -2117.713, -5.741346, 0.01966487, 0.1582343, 204.0456, 3.283906, 2.551616, 47.41694
 
27.28053, -0.001386819, -0.01333983, 40.58529, 0, 0.00584284667105781497193, 7216.126, -2117.713, -5.741346, 0.01966487, 0.1582343, 203.933, 3.283906, 2.551616, 47.41694
 
27.29053, -0.001384092, -0.0133537, 40.55223, 0, 0.00585076351484557297152, 7206.268, -2117.713, -5.741346, 0.01966487, 0.1582343, 203.8204, 3.283906, 2.551616, 47.41694
 
27.30053, -0.001385888, -0.01336754, 40.51917, 0, 0.0058607464879174643705, 7196.416, -2117.713, -5.741346, 0.01966487, 0.1582343, 203.7078, 3.283906, 2.551616, 47.41694
 
27.31053, -0.001389351, -0.0133814, 40.48616, 0, 0.0058715136405249201138, 7186.58, -2117.713, -5.741346, 0.01966487, 0.1582343, 203.5953, 3.283906, 2.551616, 47.41694
 
27.32053, -0.001391302, -0.0133953, 40.45315, 0, 0.0058816130152466065291334460, 7176.752, -2117.713, -5.741346, 0.01966487, 0.1582343, 203.4827, 3.283906, 2.551616, 47.41694
 
27.33053, -0.001393224, -0.01340921, 40.42018, 0, 0.00589172004797160057203, 7166.939, -2117.713, -5.741346, 0.01966487, 0.1582343, 203.3703, 3.283906, 2.551616, 47.41694
 
27.34053, -0.00139451, -0.01342314, 40.38724, 0, 0.00590155292417926285823, 7157.137, -2117.713, -5.741346, 0.01966487, 0.1582343, 203.2578, 3.283906, 2.551616, 47.41694
 
27.35053, -0.001392675, -0.01343709, 40.35431, 0, 0.00590996447497871477035, 7147.346, -2117.713, -5.741346, 0.01966487, 0.1582343, 203.1454, 3.283906, 2.551616, 47.41694
 
27.36053, -0.001394512, -0.01345101, 40.3214, 0, 0.00592007150770369349724, 7137.566, -2117.713, -5.741346, 0.01966487, 0.1582343, 203.0329, 3.283906, 2.551616, 47.41694
 
27.37053, -0.001396465, -0.01346496, 40.28853, 0, 0.0059302520572601160654034460, 7127.8, -2117.713, -5.741346, 0.01966487, 0.1582343, 202.9206, 3.283906, 2.551616, 47.41694
 
27.38053, -0.001398539, -0.01347892, 40.25568, 0, 0.00594050765524868382197, 7118.045, -2117.713, -5.741346, 0.01966487, 0.1582343, 202.8082, 3.283906, 2.551616, 47.41694
 
27.39053, -0.001399886, -0.01349291, 40.22285, 0, 0.0059504462119015533307534460, 7108.301, -2117.713, -5.741346, 0.01966487, 0.1582343, 202.6959, 3.283906, 2.551616, 47.41694
 
27.40053, -0.001401367, -0.01350691, 40.19004, 0, 0.00596046594338918962438, 7098.568, -2117.713, -5.741346, 0.01966487, 0.1582343, 202.5836, 3.283906, 2.551616, 47.41694
 
27.41053, -0.001399059, -0.01352092, 40.15726, 0, 0.00596874118173031101571, 7088.849, -2117.713, -5.741346, 0.01966487, 0.1582343, 202.4714, 3.283906, 2.551616, 47.41694
 
27.42053, -0.001400442, -0.01353491, 40.12451, 0, 0.00597873181280547941024, 7079.141, -2117.713, -5.741346, 0.01966487, 0.1582343, 202.3591, 3.283906, 2.551616, 47.41694
 
27.43053, -0.001402703, -0.01354892, 40.09178, 0, 0.00598914976046350415646, 7069.444, -2117.713, -5.741346, 0.01966487, 0.1582343, 202.2469, 3.283906, 2.551616, 47.41694
 
27.44053, -0.001404389, -0.01356294, 40.05907, 0, 0.0059993211204159943299634460, 7059.758, -2117.713, -5.741346, 0.01966487, 0.1582343, 202.1348, 3.283906, 2.551616, 47.41694
 
27.45053, -0.00140611, -0.01357699, 40.02636, 0, 0.0060095277071836046310165540, 7050.081, -2117.713, -5.741346, 0.01966487, 0.1582343, 202.0226, 3.283906, 2.551616, 47.41694
 
27.46053, -0.001404216, -0.01359105, 39.99369, 0, 0.0060180617860354578399234460, 7040.417, -2117.713, -5.741346, 0.01966487, 0.1582343, 201.9105, 3.283906, 2.551616, 47.41694
 
27.47053, -0.001402408, -0.01360509, 39.96104, 0, 0.00602663721810505277282, 7030.764, -2117.713, -5.741346, 0.01966487, 0.1582343, 201.7984, 3.283906, 2.551616, 47.41694
 
27.48053, -0.001400092, -0.01361911, 39.92843, 0, 0.0060349752520730302116534460, 7021.125, -2117.713, -5.741346, 0.01966487, 0.1582343, 201.6863, 3.283906, 2.551616, 47.41694
 
27.49053, -0.001397873, -0.01363311, 39.89583, 0, 0.0060433577024600295406834460, 7011.495, -2117.713, -5.741346, 0.01966487, 0.1582343, 201.5743, 3.283906, 2.551616, 47.41694
 
27.50053, -0.001401057, -0.01364709, 39.86327, 0, 0.00605427648353238511188, 7001.88, -2117.713, -5.741346, 0.01966487, 0.1582343, 201.4623, 3.283906, 2.551616, 47.41694
 
27.51053, -0.001401877, -0.0136611, 39.83072, 0, 0.00606411089134070279719, 6992.273, -2117.713, -5.741346, 0.01966487, 0.1582343, 201.3503, 3.283906, 2.551616, 47.41694
 
27.52053, -0.001399877, -0.01367512, 39.7982, 0, 0.0060726296541860173310034460, 6982.681, -2117.713, -5.741346, 0.01966487, 0.1582343, 201.2384, 3.283906, 2.551616, 47.41694
 
27.53053, -0.001398119, -0.01368912, 39.76569, 0, 0.00608126175547986203097, 6973.097, -2117.713, -5.741346, 0.01966487, 0.1582343, 201.1264, 3.283906, 2.551616, 47.41694
 
27.54053, -0.001395763, -0.0137031, 39.73321, 0, 0.0060896120422531132946965540, 6963.526, -2117.713, -5.741346, 0.01966487, 0.1582343, 201.0146, 3.283906, 2.551616, 47.41694
 
27.55054, -0.001394379, -0.01371706, 39.70077, 0, 0.0060984202776222982603, 6953.969, -2117.713, -5.741346, 0.01966487, 0.1582343, 200.9027, 3.283906, 2.551616, 47.41694
 
27.56054, -0.001395986, -0.013731, 39.66833, 0, 0.0061086513700003643151, 6944.418, -2117.713, -5.741346, 0.01966487, 0.1582343, 200.7909, 3.283906, 2.551616, 47.41694
 
27.57054, -0.001400224, -0.01374496, 39.63591, 0, 0.0061201490961204301178634460, 6934.88, -2117.713, -5.741346, 0.01966487, 0.1582343, 200.6791, 3.283906, 2.551616, 47.41694
 
27.58054, -0.001398421, -0.01375897, 39.60354, 0, 0.0061288072346254166027, 6925.356, -2117.713, -5.741346, 0.01966487, 0.1582343, 200.5673, 3.283906, 2.551616, 47.41694
 
27.59054, -0.001397608, -0.01377295, 39.57118, 0, 0.00613793710613225069741, 6915.842, -2117.713, -5.741346, 0.01966487, 0.1582343, 200.4555, 3.283906, 2.551616, 47.41694
 
27.60054, -0.001397062, -0.01378693, 39.53885, 0, 0.0061472002268960891986834460, 6906.34, -2117.713, -5.741346, 0.01966487, 0.1582343, 200.3438, 3.283906, 2.551616, 47.41694
 
27.61054, -0.001394386, -0.0138009, 39.50653, 0, 0.00615545249122739491937, 6896.85, -2117.713, -5.741346, 0.01966487, 0.1582343, 200.2322, 3.283906, 2.551616, 47.41694
 
27.62054, -0.001392713, -0.01381484, 39.47424, 0, 0.0061641826149631851623765540, 6887.369, -2117.713, -5.741346, 0.01966487, 0.1582343, 200.1205, 3.283906, 2.551616, 47.41694
 
27.63054, -0.001392174, -0.01382877, 39.44197, 0, 0.00617345645693161145742, 6877.899, -2117.713, -5.741346, 0.01966487, 0.1582343, 200.0089, 3.283906, 2.551616, 47.41694
 
27.64054, -0.001392386, -0.01384269, 39.40973, 0, 0.0061830963514567087717665540, 6868.442, -2117.713, -5.741346, 0.01966487, 0.1582343, 199.8973, 3.283906, 2.551616, 47.41694
 
27.65054, -0.001391195, -0.01385661, 39.37751, 0, 0.00619207459449864303858, 6858.997, -2117.713, -5.741346, 0.01966487, 0.1582343, 199.7857, 3.283906, 2.551616, 47.41694
 
27.66054, -0.001391148, -0.01387053, 39.3453, 0, 0.00620160880857850249833, 6849.56, -2117.713, -5.741346, 0.01966487, 0.1582343, 199.6741, 3.283906, 2.551616, 47.41694
 
27.67054, -0.001392108, -0.01388444, 39.31312, 0, 0.0062116361980693851554934460, 6840.136, -2117.713, -5.741346, 0.01966487, 0.1582343, 199.5626, 3.283906, 2.551616, 47.41694
 
27.68054, -0.001391805, -0.01389836, 39.28096, 0, 0.0062210708581066589891, 6830.722, -2117.713, -5.741346, 0.01966487, 0.1582343, 199.4511, 3.283906, 2.551616, 47.41694
 
27.69054, -0.001391812, -0.01391228, 39.24884, 0, 0.0062306632730114082990234460, 6821.322, -2117.713, -5.741346, 0.01966487, 0.1582343, 199.3396, 3.283906, 2.551616, 47.41694
 
27.70054, -0.001387507, -0.01392619, 39.21673, 0, 0.00623818190062877784602, 6811.931, -2117.713, -5.741346, 0.01966487, 0.1582343, 199.2282, 3.283906, 2.551616, 47.41694
 
27.71054, -0.001390201, -0.01394007, 39.18464, 0, 0.0062490761760906470314565540, 6802.55, -2117.713, -5.741346, 0.01966487, 0.1582343, 199.1168, 3.283906, 2.551616, 47.41694
 
27.72054, -0.001391509, -0.01395397, 39.15258, 0, 0.00625932258447525176135, 6793.183, -2117.713, -5.741346, 0.01966487, 0.1582343, 199.0054, 3.283906, 2.551616, 47.41694
 
27.73054, -0.001393133, -0.01396789, 39.12054, 0, 0.00626974053213327650757, 6783.826, -2117.713, -5.741346, 0.01966487, 0.1582343, 198.8941, 3.283906, 2.551616, 47.41694
 
27.74054, -0.001393523, -0.01398182, 39.08854, 0, 0.00627957647154224959199, 6774.482, -2117.713, -5.741346, 0.01966487, 0.1582343, 198.7827, 3.283906, 2.551616, 47.41694
 
27.75054, -0.001394948, -0.01399575, 39.05655, 0, 0.0062899316235734029747, 6765.147, -2117.713, -5.741346, 0.01966487, 0.1582343, 198.6714, 3.283906, 2.551616, 47.41694
 
27.76054, -0.001393792, -0.0140097, 39.02457, 0, 0.0062990446474730276792, 6755.822, -2117.713, -5.741346, 0.01966487, 0.1582343, 198.5602, 3.283906, 2.551616, 47.41694
 
27.77054, -0.001396384, -0.01402364, 38.99262, 0, 0.0063099925289578052014734460, 6746.509, -2117.713, -5.741346, 0.01966487, 0.1582343, 198.4489, 3.283906, 2.551616, 47.41694
 
27.78054, -0.001400143, -0.0140376, 38.9607, 0, 0.0063215331398962681273365540, 6737.208, -2117.713, -5.741346, 0.01966487, 0.1582343, 198.3377, 3.283906, 2.551616, 47.41694
 
27.79054, -0.00140241, -0.01405161, 38.9288, 0, 0.0063323753409358384270265540, 6727.919, -2117.713, -5.741346, 0.01966487, 0.1582343, 198.2265, 3.283906, 2.551616, 47.41694
 
27.80054, -0.00140515, -0.01406563, 38.89692, 0, 0.00634347178768418966297, 6718.64, -2117.713, -5.741346, 0.01966487, 0.1582343, 198.1153, 3.283906, 2.551616, 47.41694
 
27.81054, -0.001408224, -0.01407968, 38.86506, 0, 0.0063547596845144657876634460, 6709.369, -2117.713, -5.741346, 0.01966487, 0.1582343, 198.0042, 3.283906, 2.551616, 47.41694
 
27.82054, -0.001409466, -0.01409376, 38.83321, 0, 0.00636517303737053965256, 6700.11, -2117.713, -5.741346, 0.01966487, 0.1582343, 197.8931, 3.283906, 2.551616, 47.41694
 
27.83054, -0.001408698, -0.01410786, 38.80141, 0, 0.00637461535541107516571, 6690.864, -2117.713, -5.741346, 0.01966487, 0.1582343, 197.782, 3.283906, 2.551616, 47.41694
 
27.84054, -0.001408321, -0.01412195, 38.76963, 0, 0.00638425524993615716405, 6681.63, -2117.713, -5.741346, 0.01966487, 0.1582343, 197.6709, 3.283906, 2.551616, 47.41694
 
27.85054, -0.001414069, -0.01413603, 38.73785, 0, 0.0063969277137589447161965540, 6672.404, -2117.713, -5.741346, 0.01966487, 0.1582343, 197.5599, 3.283906, 2.551616, 47.41694
 
27.86054, -0.001418483, -0.01415017, 38.70612, 0, 0.00640897987931626499678, 6663.194, -2117.713, -5.741346, 0.01966487, 0.1582343, 197.4489, 3.283906, 2.551616, 47.41694
 
27.87054, -0.001419555, -0.01416435, 38.6744, 0, 0.0064194146745815144492165540, 6653.992, -2117.713, -5.741346, 0.01966487, 0.1582343, 197.338, 3.283906, 2.551616, 47.41694
 
27.88054, -0.001420184, -0.01417855, 38.64271, 0, 0.0064296472985602052711134460, 6644.801, -2117.713, -5.741346, 0.01966487, 0.1582343, 197.227, 3.283906, 2.551616, 47.41694
 
27.89054, -0.001422887, -0.01419275, 38.61103, 0, 0.00644092141098461343583, 6635.62, -2117.713, -5.741346, 0.01966487, 0.1582343, 197.1161, 3.283906, 2.551616, 47.41694
 
27.90054, -0.001424305, -0.01420698, 38.57937, 0, 0.0064515844147474867236434460, 6626.449, -2117.713, -5.741346, 0.01966487, 0.1582343, 197.0052, 3.283906, 2.551616, 47.41694
 
27.91054, -0.001425431, -0.01422122, 38.54774, 0, 0.0064621187640553218022234460, 6617.291, -2117.713, -5.741346, 0.01966487, 0.1582343, 196.8944, 3.283906, 2.551616, 47.41694
 
27.92054, -0.001423996, -0.01423548, 38.51613, 0, 0.0064713956692250895275, 6608.143, -2117.713, -5.741346, 0.01966487, 0.1582343, 196.7835, 3.283906, 2.551616, 47.41694
 
27.93054, -0.00142787, -0.01424972, 38.48455, 0, 0.00648332377512933779618, 6599.006, -2117.713, -5.741346, 0.01966487, 0.1582343, 196.6727, 3.283906, 2.551616, 47.41694
 
27.94054, -0.001431444, -0.014264, 38.45299, 0, 0.0064951354793837757325, 6589.881, -2117.713, -5.741346, 0.01966487, 0.1582343, 196.562, 3.283906, 2.551616, 47.41694
 
27.95054, -0.001435281, -0.01427831, 38.42144, 0, 0.0065071080017070458913765540, 6580.765, -2117.713, -5.741346, 0.01966487, 0.1582343, 196.4512, 3.283906, 2.551616, 47.41694
 
27.96054, -0.001437995, -0.01429266, 38.38993, 0, 0.0065185490586028466110634460, 6571.661, -2117.713, -5.741346, 0.01966487, 0.1582343, 196.3405, 3.283906, 2.551616, 47.41694
 
27.97054, -0.001439157, -0.01430704, 38.35843, 0, 0.00652923809957689231576, 6562.567, -2117.713, -5.741346, 0.01966487, 0.1582343, 196.2298, 3.283906, 2.551616, 47.41694
 
27.98055, -0.001440622, -0.01432143, 38.32697, 0, 0.00654009714822367200566, 6553.486, -2117.713, -5.741346, 0.01966487, 0.1582343, 196.1191, 3.283906, 2.551616, 47.41694
 
27.99055, -0.001445845, -0.01433584, 38.29552, 0, 0.00655286457128707898662, 6544.416, -2117.713, -5.741346, 0.01966487, 0.1582343, 196.0085, 3.283906, 2.551616, 47.41694
 
28.00055, -0.001450646, -0.0143503, 38.26408, 0, 0.0065654604550770965832665540, 6535.353, -2117.713, -5.741346, 0.01966487, 0.1582343, 195.8979, 3.283906, 2.551616, 47.41694
 
28.01055, -0.001457532, -0.01436481, 38.23269, 0, 0.00657914530693307231511, 6526.304, -2117.713, -5.741346, 0.01966487, 0.1582343, 195.7873, 3.283906, 2.551616, 47.41694
 
28.02055, -0.001460377, -0.01437938, 38.20131, 0, 0.0065908360147357184057334460, 6517.265, -2117.713, -5.741346, 0.01966487, 0.1582343, 195.6767, 3.283906, 2.551616, 47.41694
 
28.03055, -0.001462842, -0.01439399, 38.16994, 0, 0.0066023628412682674236, 6508.235, -2117.713, -5.741346, 0.01966487, 0.1582343, 195.5662, 3.283906, 2.551616, 47.41694
 
28.04055, -0.001465765, -0.01440861, 38.1386, 0, 0.0066141469767108928599334460, 6499.218, -2117.713, -5.741346, 0.01966487, 0.1582343, 195.4557, 3.283906, 2.551616, 47.41694
 
28.05055, -0.001469145, -0.01442327, 38.10728, 0, 0.00662618995266431137787, 6490.21, -2117.713, -5.741346, 0.01966487, 0.1582343, 195.3452, 3.283906, 2.551616, 47.41694
 
28.06055, -0.001473517, -0.01443796, 38.076, 0, 0.00663876439404513807097, 6481.216, -2117.713, -5.741346, 0.01966487, 0.1582343, 195.2348, 3.283906, 2.551616, 47.41694
 
28.07055, -0.0014782, -0.0144527, 38.04472, 0, 0.00665153488030985585015, 6472.229, -2117.713, -5.741346, 0.01966487, 0.1582343, 195.1244, 3.283906, 2.551616, 47.41694
 
28.08055, -0.001482656, -0.01446748, 38.01348, 0, 0.0066642257233405081916165540, 6463.257, -2117.713, -5.741346, 0.01966487, 0.1582343, 195.014, 3.283906, 2.551616, 47.41694
 
28.09055, -0.00148743, -0.01448231, 37.98224, 0, 0.00667711567445633178537, 6454.291, -2117.713, -5.741346, 0.01966487, 0.1582343, 194.9036, 3.283906, 2.551616, 47.41694
 
28.10055, -0.001492815, -0.01449718, 37.95105, 0, 0.00669035483052160169221, 6445.34, -2117.713, -5.741346, 0.01966487, 0.1582343, 194.7933, 3.283906, 2.551616, 47.41694
 
28.11055, -0.001495779, -0.01451211, 37.91987, 0, 0.00670239627487434949503, 6436.396, -2117.713, -5.741346, 0.01966487, 0.1582343, 194.683, 3.283906, 2.551616, 47.41694
 
28.12055, -0.001496896, -0.01452707, 37.88871, 0, 0.00671351875883385783185, 6427.466, -2117.713, -5.741346, 0.01966487, 0.1582343, 194.5727, 3.283906, 2.551616, 47.41694
 
28.13055, -0.00150004, -0.01454204, 37.85757, 0, 0.00672570111044690235279, 6418.544, -2117.713, -5.741346, 0.01966487, 0.1582343, 194.4624, 3.283906, 2.551616, 47.41694
 
28.14055, -0.001504225, -0.01455704, 37.82645, 0, 0.0067384470911011490622165540, 6409.632, -2117.713, -5.741346, 0.01966487, 0.1582343, 194.3522, 3.283906, 2.551616, 47.41694
 
28.15055, -0.001508085, -0.01457208, 37.79536, 0, 0.0067510582908976747019434460, 6400.733, -2117.713, -5.741346, 0.01966487, 0.1582343, 194.242, 3.283906, 2.551616, 47.41694
 
28.16055, -0.001512447, -0.01458716, 37.76429, 0, 0.0067639635580200982348165540, 6391.844, -2117.713, -5.741346, 0.01966487, 0.1582343, 194.1319, 3.283906, 2.551616, 47.41694
 
28.17055, -0.001516488, -0.01460228, 37.73325, 0, 0.00677673863908676689532, 6382.965, -2117.713, -5.741346, 0.01966487, 0.1582343, 194.0217, 3.283906, 2.551616, 47.41694
 
28.18055, -0.001519161, -0.01461745, 37.70222, 0, 0.0067888413474657459785465540, 6374.097, -2117.713, -5.741346, 0.01966487, 0.1582343, 193.9116, 3.283906, 2.551616, 47.41694
 
28.19055, -0.001520713, -0.01463264, 37.6712, 0, 0.00680039114800809535105, 6365.237, -2117.713, -5.741346, 0.01966487, 0.1582343, 193.8015, 3.283906, 2.551616, 47.41694
 
28.20055, -0.001525146, -0.01464785, 37.64022, 0, 0.00681345416999799436024, 6356.39, -2117.713, -5.741346, 0.01966487, 0.1582343, 193.6914, 3.283906, 2.551616, 47.41694
 
28.21055, -0.001532672, -0.0146631, 37.60926, 0, 0.00682815600468917041713, 6347.553, -2117.713, -5.741346, 0.01966487, 0.1582343, 193.5813, 3.283906, 2.551616, 47.41694
 
28.22055, -0.001537033, -0.01467843, 37.57833, 0, 0.00684126956950069759695, 6338.729, -2117.713, -5.741346, 0.01966487, 0.1582343, 193.4713, 3.283906, 2.551616, 47.41694
 
28.23055, -0.001541253, -0.0146938, 37.54741, 0, 0.00685434484429583979902, 6329.912, -2117.713, -5.741346, 0.01966487, 0.1582343, 193.3613, 3.283906, 2.551616, 47.41694
 
28.24055, -0.001546692, -0.01470921, 37.51651, 0, 0.0068680924917787175263865540, 6321.105, -2117.713, -5.741346, 0.01966487, 0.1582343, 193.2514, 3.283906, 2.551616, 47.41694
 
28.25055, -0.00154917, -0.01472468, 37.48564, 0, 0.00688033610741796269572, 6312.311, -2117.713, -5.741346, 0.01966487, 0.1582343, 193.1414, 3.283906, 2.551616, 47.41694
 
28.26055, -0.001549892, -0.01474017, 37.45478, 0, 0.00689168833147578089904, 6303.527, -2117.713, -5.741346, 0.01966487, 0.1582343, 193.0316, 3.283906, 2.551616, 47.41694
 
28.27055, -0.001552703, -0.01475567, 37.42396, 0, 0.00690415096600876345711, 6294.753, -2117.713, -5.741346, 0.01966487, 0.1582343, 192.9216, 3.283906, 2.551616, 47.41694
 
28.28055, -0.001556916, -0.01477119, 37.39314, 0, 0.00691737480606747937285, 6285.988, -2117.713, -5.741346, 0.01966487, 0.1582343, 192.8118, 3.283906, 2.551616, 47.41694
 
28.29055, -0.001561432, -0.01478676, 37.36236, 0, 0.00693079315940943097556, 6277.235, -2117.713, -5.741346, 0.01966487, 0.1582343, 192.702, 3.283906, 2.551616, 47.41694
 
28.30055, -0.001565697, -0.01480238, 37.3316, 0, 0.0069441165535107325174434460, 6268.495, -2117.713, -5.741346, 0.01966487, 0.1582343, 192.5922, 3.283906, 2.551616, 47.41694
 
28.31055, -0.001570537, -0.01481804, 37.30087, 0, 0.0069577799629575786097665540, 6259.764, -2117.713, -5.741346, 0.01966487, 0.1582343, 192.4824, 3.283906, 2.551616, 47.41694
 
28.32055, -0.001571663, -0.01483374, 37.27014, 0, 0.00696952733998447446746, 6251.042, -2117.713, -5.741346, 0.01966487, 0.1582343, 192.3727, 3.283906, 2.551616, 47.41694
 
28.33055, -0.001575727, -0.01484946, 37.23944, 0, 0.00698284154448185893069, 6242.332, -2117.713, -5.741346, 0.01966487, 0.1582343, 192.263, 3.283906, 2.551616, 47.41694
 
28.34055, -0.001578066, -0.01486521, 37.20877, 0, 0.0069952812050049951861034460, 6233.629, -2117.713, -5.741346, 0.01966487, 0.1582343, 192.1532, 3.283906, 2.551616, 47.41694
 
28.35055, -0.001579215, -0.014881, 37.17811, 0, 0.0070071174148699501401965540, 6224.938, -2117.713, -5.741346, 0.01966487, 0.1582343, 192.0435, 3.283906, 2.551616, 47.41694
 
28.36055, -0.001580178, -0.01489679, 37.14746, 0, 0.0070188724499001076774334460, 6216.255, -2117.713, -5.741346, 0.01966487, 0.1582343, 191.9339, 3.283906, 2.551616, 47.41694
 
28.37055, -0.001585643, -0.01491259, 37.11686, 0, 0.0070330336295599278484934460, 6207.588, -2117.713, -5.741346, 0.01966487, 0.1582343, 191.8243, 3.283906, 2.551616, 47.41694
 
28.38055, -0.001588268, -0.01492845, 37.08626, 0, 0.0070457305989932017864, 6198.927, -2117.713, -5.741346, 0.01966487, 0.1582343, 191.7147, 3.283906, 2.551616, 47.41694
 
28.39055, -0.00159086, -0.01494433, 37.0557, 0, 0.00705843828963104820207, 6190.278, -2117.713, -5.741346, 0.01966487, 0.1582343, 191.6051, 3.283906, 2.551616, 47.41694
 
28.40055, -0.001594762, -0.01496024, 37.02515, 0, 0.00707186889577824299766, 6181.639, -2117.713, -5.741346, 0.01966487, 0.1582343, 191.4956, 3.283906, 2.551616, 47.41694
 
28.41055, -0.001595872, -0.01497619, 36.99463, 0, 0.00708384448130280863875, 6173.012, -2117.713, -5.741346, 0.01966487, 0.1582343, 191.3861, 3.283906, 2.551616, 47.41694
 
28.42056, -0.001596005, -0.01499214, 36.96413, 0, 0.00709531923341305877087, 6164.395, -2117.713, -5.741346, 0.01966487, 0.1582343, 191.2766, 3.283906, 2.551616, 47.41694
 
28.43056, -0.00159697, -0.0150081, 36.93364, 0, 0.00710725193411927323688, 6155.786, -2117.713, -5.741346, 0.01966487, 0.1582343, 191.1672, 3.283906, 2.551616, 47.41694
 
28.44056, -0.001595864, -0.01502407, 36.90318, 0, 0.00711809260355818813746, 6147.187, -2117.713, -5.741346, 0.01966487, 0.1582343, 191.0577, 3.283906, 2.551616, 47.41694
 
28.45056, -0.001600265, -0.01504003, 36.87274, 0, 0.00713189538866464491678, 6138.599, -2117.713, -5.741346, 0.01966487, 0.1582343, 190.9483, 3.283906, 2.551616, 47.41694
 
28.46056, -0.001605163, -0.01505604, 36.84232, 0, 0.00714600296230152611899, 6130.02, -2117.713, -5.741346, 0.01966487, 0.1582343, 190.8389, 3.283906, 2.551616, 47.41694
 
28.47056, -0.001606656, -0.01507209, 36.81192, 0, 0.0071583185631715750464934460, 6121.453, -2117.713, -5.741346, 0.01966487, 0.1582343, 190.7296, 3.283906, 2.551616, 47.41694
 
28.48056, -0.001608024, -0.01508815, 36.78155, 0, 0.0071705866844213219175934460, 6112.896, -2117.713, -5.741346, 0.01966487, 0.1582343, 190.6203, 3.283906, 2.551616, 47.41694
 
28.49056, -0.001610747, -0.01510423, 36.75118, 0, 0.0071836083531935557828265540, 6104.348, -2117.713, -5.741346, 0.01966487, 0.1582343, 190.5109, 3.283906, 2.551616, 47.41694
 
28.50056, -0.001610117, -0.01512034, 36.72085, 0, 0.0071948472388028744520065540, 6095.811, -2117.713, -5.741346, 0.01966487, 0.1582343, 190.4017, 3.283906, 2.551616, 47.41694
 
28.51056, -0.001610215, -0.01513644, 36.69056, 0, 0.0072064889353845324551034460, 6087.288, -2117.713, -5.741346, 0.01966487, 0.1582343, 190.2924, 3.283906, 2.551616, 47.41694
 
28.52056, -0.001615653, -0.01515254, 36.66026, 0, 0.007221037610010183917, 6078.769, -2117.713, -5.741346, 0.01966487, 0.1582343, 190.1832, 3.283906, 2.551616, 47.41694
 
28.53056, -0.001618405, -0.0151687, 36.62999, 0, 0.00723417108563023128525, 6070.263, -2117.713, -5.741346, 0.01966487, 0.1582343, 190.074, 3.283906, 2.551616, 47.41694
 
28.54056, -0.001621048, -0.01518488, 36.59975, 0, 0.00724727546083782607041, 6061.769, -2117.713, -5.741346, 0.01966487, 0.1582343, 189.9648, 3.283906, 2.551616, 47.41694
 
28.55056, -0.001624406, -0.01520109, 36.56952, 0, 0.0072607964314236740974834460, 6053.282, -2117.713, -5.741346, 0.01966487, 0.1582343, 189.8557, 3.283906, 2.551616, 47.41694
 
28.56056, -0.001624462, -0.01521734, 36.53931, 0, 0.00727255299805453298185, 6044.805, -2117.713, -5.741346, 0.01966487, 0.1582343, 189.7466, 3.283906, 2.551616, 47.41694
 
28.57056, -0.001625926, -0.01523358, 36.50913, 0, 0.00728509068101963009631, 6036.34, -2117.713, -5.741346, 0.01966487, 0.1582343, 189.6375, 3.283906, 2.551616, 47.41694
 
28.58056, -0.001624784, -0.01524984, 36.47897, 0, 0.0072962269493850217091134460, 6027.883, -2117.713, -5.741346, 0.01966487, 0.1582343, 189.5284, 3.283906, 2.551616, 47.41694
 
28.59056, -0.001625233, -0.01526609, 36.44882, 0, 0.0073082392933253475608565540, 6019.437, -2117.713, -5.741346, 0.01966487, 0.1582343, 189.4193, 3.283906, 2.551616, 47.41694
 
28.60056, -0.001625628, -0.01528234, 36.41871, 0, 0.00732023785285972887259, 6011.002, -2117.713, -5.741346, 0.01966487, 0.1582343, 189.3103, 3.283906, 2.551616, 47.41694
 
28.61056, -0.001626574, -0.0152986, 36.38861, 0, 0.0073325534537297931161, 6002.578, -2117.713, -5.741346, 0.01966487, 0.1582343, 189.2014, 3.283906, 2.551616, 47.41694
 
28.62056, -0.001628937, -0.01531486, 36.35853, 0, 0.00734566701854132029592, 5994.161, -2117.713, -5.741346, 0.01966487, 0.1582343, 189.0924, 3.283906, 2.551616, 47.41694
 
28.63056, -0.00163222, -0.01533115, 36.32848, 0, 0.0073593135803809110500134460, 5985.755, -2117.713, -5.741346, 0.01966487, 0.1582343, 188.9834, 3.283906, 2.551616, 47.41694
 
28.64056, -0.001632779, -0.01534748, 36.29844, 0, 0.00737149133719200468963, 5977.36, -2117.713, -5.741346, 0.01966487, 0.1582343, 188.8745, 3.283906, 2.551616, 47.41694
 
28.65056, -0.001632655, -0.0153638, 36.26843, 0, 0.00738330916784906422239, 5968.975, -2117.713, -5.741346, 0.01966487, 0.1582343, 188.7657, 3.283906, 2.551616, 47.41694
 
28.66056, -0.001633325, -0.01538013, 36.23843, 0, 0.0073955788206994664926, 5960.599, -2117.713, -5.741346, 0.01966487, 0.1582343, 188.6568, 3.283906, 2.551616, 47.41694
 
28.67056, -0.001632951, -0.01539647, 36.20846, 0, 0.00740728637610933728944, 5952.233, -2117.713, -5.741346, 0.01966487, 0.1582343, 188.548, 3.283906, 2.551616, 47.41694
 
28.68056, -0.001636476, -0.0154128, 36.17852, 0, 0.00742116727284921942337, 5943.88, -2117.713, -5.741346, 0.01966487, 0.1582343, 188.4392, 3.283906, 2.551616, 47.41694
 
28.69056, -0.001637481, -0.01542916, 36.14858, 0, 0.00743368351340514095029, 5935.532, -2117.713, -5.741346, 0.01966487, 0.1582343, 188.3304, 3.283906, 2.551616, 47.41694
 
28.70056, -0.001640109, -0.01544554, 36.11868, 0, 0.0074471202459549420263134460, 5927.198, -2117.713, -5.741346, 0.01966487, 0.1582343, 188.2216, 3.283906, 2.551616, 47.41694
 
28.71056, -0.001642713, -0.01546194, 36.08879, 0, 0.00746057382611198312456, 5918.872, -2117.713, -5.741346, 0.01966487, 0.1582343, 188.1129, 3.283906, 2.551616, 47.41694
 
28.72056, -0.001643653, -0.01547836, 36.05893, 0, 0.00747312835668428962923, 5910.555, -2117.713, -5.741346, 0.01966487, 0.1582343, 188.0042, 3.283906, 2.551616, 47.41694
 
28.73056, -0.0016446, -0.0154948, 36.02908, 0, 0.0074857058612664118045434460, 5902.249, -2117.713, -5.741346, 0.01966487, 0.1582343, 187.8955, 3.283906, 2.551616, 47.41694
 
28.74056, -0.001645721, -0.01551125, 35.99925, 0, 0.00749839976749837494423, 5893.951, -2117.713, -5.741346, 0.01966487, 0.1582343, 187.7868, 3.283906, 2.551616, 47.41694
 
28.75056, -0.001645056, -0.0155277, 35.96945, 0, 0.00751011344931086733751, 5885.667, -2117.713, -5.741346, 0.01966487, 0.1582343, 187.6782, 3.283906, 2.551616, 47.41694
 
28.76056, -0.001648951, -0.01554415, 35.93966, 0, 0.0075243925622211379240334460, 5877.389, -2117.713, -5.741346, 0.01966487, 0.1582343, 187.5696, 3.283906, 2.551616, 47.41694
 
28.77056, -0.001649757, -0.01556064, 35.9099, 0, 0.00753697466160525692869, 5869.123, -2117.713, -5.741346, 0.01966487, 0.1582343, 187.461, 3.283906, 2.551616, 47.41694
 
28.78056, -0.001652052, -0.01557714, 35.88015, 0, 0.00755041292575572871983, 5860.865, -2117.713, -5.741346, 0.01966487, 0.1582343, 187.3525, 3.283906, 2.551616, 47.41694
 
28.79056, -0.001655348, -0.01559366, 35.85044, 0, 0.0075644408561585138523134460, 5852.619, -2117.713, -5.741346, 0.01966487, 0.1582343, 187.2439, 3.283906, 2.551616, 47.41694
 
28.80056, -0.001656069, -0.01561022, 35.82074, 0, 0.0075770505243544453569565540, 5844.383, -2117.713, -5.741346, 0.01966487, 0.1582343, 187.1355, 3.283906, 2.551616, 47.41694
 
28.81056, -0.001656841, -0.01562678, 35.79106, 0, 0.00758970767217064828599, 5836.156, -2117.713, -5.741346, 0.01966487, 0.1582343, 187.027, 3.283906, 2.551616, 47.41694
 
28.82056, -0.001654601, -0.01564334, 35.76141, 0, 0.0076006800592659428260365540, 5827.939, -2117.713, -5.741346, 0.01966487, 0.1582343, 186.9185, 3.283906, 2.551616, 47.41694
 
28.83056, -0.001658564, -0.01565989, 35.73178, 0, 0.0076151644066640522093065540, 5819.732, -2117.713, -5.741346, 0.01966487, 0.1582343, 186.8101, 3.283906, 2.551616, 47.41694
 
28.84056, -0.001662564, -0.01567647, 35.70216, 0, 0.00762970542328639604364, 5811.534, -2117.713, -5.741346, 0.01966487, 0.1582343, 186.7017, 3.283906, 2.551616, 47.41694
 
28.85056, -0.00166419, -0.0156931, 35.67256, 0, 0.00764293845294904435404, 5803.347, -2117.713, -5.741346, 0.01966487, 0.1582343, 186.5934, 3.283906, 2.551616, 47.41694
 
28.86057, -0.001666694, -0.01570974, 35.64299, 0, 0.00765669375843518376095, 5795.168, -2117.713, -5.741346, 0.01966487, 0.1582343, 186.485, 3.283906, 2.551616, 47.41694
 
28.87057, -0.001666859, -0.01572641, 35.61344, 0, 0.00766914567176357852525, 5787.001, -2117.713, -5.741346, 0.01966487, 0.1582343, 186.3767, 3.283906, 2.551616, 47.41694
 
28.88057, -0.001667925, -0.01574308, 35.58391, 0, 0.00768212751891874138161, 5778.843, -2117.713, -5.741346, 0.01966487, 0.1582343, 186.2684, 3.283906, 2.551616, 47.41694
 
28.89057, -0.001669884, -0.01575976, 35.55439, 0, 0.0076956392999006876460365540, 5770.693, -2117.713, -5.741346, 0.01966487, 0.1582343, 186.1601, 3.283906, 2.551616, 47.41694
 
28.90057, -0.001670177, -0.01577646, 35.52491, 0, 0.0077082244624861021329065540, 5762.555, -2117.713, -5.741346, 0.01966487, 0.1582343, 186.0519, 3.283906, 2.551616, 47.41694
 
28.91057, -0.001674572, -0.01579316, 35.49543, 0, 0.00772317135328212673139, 5754.424, -2117.713, -5.741346, 0.01966487, 0.1582343, 185.9437, 3.283906, 2.551616, 47.41694
 
28.92057, -0.0016773, -0.0158099, 35.46598, 0, 0.0077372038784869086932165540, 5746.306, -2117.713, -5.741346, 0.01966487, 0.1582343, 185.8355, 3.283906, 2.551616, 47.41694
 
28.93057, -0.001678676, -0.01582668, 35.43656, 0, 0.00775048898257182525735, 5738.197, -2117.713, -5.741346, 0.01966487, 0.1582343, 185.7274, 3.283906, 2.551616, 47.41694
 
28.94057, -0.001682408, -0.01584346, 35.40715, 0, 0.0077651540588472717356, 5730.096, -2117.713, -5.741346, 0.01966487, 0.1582343, 185.6192, 3.283906, 2.551616, 47.41694
 
28.95057, -0.00168467, -0.01586029, 35.37777, 0, 0.0077790073867753720015565540, 5722.006, -2117.713, -5.741346, 0.01966487, 0.1582343, 185.5111, 3.283906, 2.551616, 47.41694
 
28.96057, -0.001686411, -0.01587714, 35.34841, 0, 0.0077925896213874513090365540, 5713.926, -2117.713, -5.741346, 0.01966487, 0.1582343, 185.403, 3.283906, 2.551616, 47.41694
 
28.97057, -0.00168574, -0.015894, 35.31906, 0, 0.0078048041366142592112865540, 5705.854, -2117.713, -5.741346, 0.01966487, 0.1582343, 185.2949, 3.283906, 2.551616, 47.41694
 
28.98057, -0.001687638, -0.01591086, 35.28974, 0, 0.00781851349408072132889, 5697.793, -2117.713, -5.741346, 0.01966487, 0.1582343, 185.1869, 3.283906, 2.551616, 47.41694
 
28.99057, -0.001693461, -0.01592773, 35.26042, 0, 0.00783452178413095282661, 5689.738, -2117.713, -5.741346, 0.01966487, 0.1582343, 185.0789, 3.283906, 2.551616, 47.41694
 
29.00057, -0.00169704, -0.01594467, 35.23114, 0, 0.00784927722484506785235, 5681.696, -2117.713, -5.741346, 0.01966487, 0.1582343, 184.9709, 3.283906, 2.551616, 47.41694
 
29.01057, -0.001702352, -0.01596164, 35.20187, 0, 0.00786507415400485427289, 5673.662, -2117.713, -5.741346, 0.01966487, 0.1582343, 184.8629, 3.283906, 2.551616, 47.41694
 
29.02057, -0.001703833, -0.01597866, 35.17262, 0, 0.0078786885522307122776865540, 5665.639, -2117.713, -5.741346, 0.01966487, 0.1582343, 184.755, 3.283906, 2.551616, 47.41694
 
29.03057, -0.001706269, -0.0159957, 35.14341, 0, 0.0078928849587055759962634460, 5657.626, -2117.713, -5.741346, 0.01966487, 0.1582343, 184.647, 3.283906, 2.551616, 47.41694
 
29.04057, -0.00170796, -0.01601276, 35.11421, 0, 0.00790667549100680489871, 5649.622, -2117.713, -5.741346, 0.01966487, 0.1582343, 184.5392, 3.283906, 2.551616, 47.41694
 
29.05057, -0.001709185, -0.01602984, 35.08502, 0, 0.0079202194356024839124334460, 5641.627, -2117.713, -5.741346, 0.01966487, 0.1582343, 184.4313, 3.283906, 2.551616, 47.41694
 
29.06057, -0.001711379, -0.01604693, 35.05587, 0, 0.0079343515148498821324165540, 5633.643, -2117.713, -5.741346, 0.01966487, 0.1582343, 184.3234, 3.283906, 2.551616, 47.41694
 
29.07057, -0.00171223, -0.01606405, 35.02671, 0, 0.00794772545177281184493, 5625.665, -2117.713, -5.741346, 0.01966487, 0.1582343, 184.2156, 3.283906, 2.551616, 47.41694
 
29.08057, -0.001717661, -0.01608117, 34.9976, 0, 0.00796380419545319170171, 5617.7, -2117.713, -5.741346, 0.01966487, 0.1582343, 184.1078, 3.283906, 2.551616, 47.41694
 
29.09057, -0.001721734, -0.01609834, 34.96849, 0, 0.00797913245481242599459, 5609.741, -2117.713, -5.741346, 0.01966487, 0.1582343, 184.0001, 3.283906, 2.551616, 47.41694
 
29.10057, -0.001725346, -0.01611556, 34.9394, 0, 0.0079942294424726797058534460, 5601.794, -2117.713, -5.741346, 0.01966487, 0.1582343, 183.8923, 3.283906, 2.551616, 47.41694
 
29.11057, -0.001727456, -0.01613281, 34.91035, 0, 0.0080084794549705283413, 5593.857, -2117.713, -5.741346, 0.01966487, 0.1582343, 183.7846, 3.283906, 2.551616, 47.41694
 
29.12057, -0.001731363, -0.01615009, 34.8813, 0, 0.00802381690393369502884, 5585.927, -2117.713, -5.741346, 0.01966487, 0.1582343, 183.6769, 3.283906, 2.551616, 47.41694
 
29.13057, -0.001734827, -0.0161674, 34.85229, 0, 0.0080389307392011581303134460, 5578.008, -2117.713, -5.741346, 0.01966487, 0.1582343, 183.5692, 3.283906, 2.551616, 47.41694
 
29.14057, -0.001737615, -0.01618475, 34.82328, 0, 0.00805368158511332227473, 5570.097, -2117.713, -5.741346, 0.01966487, 0.1582343, 183.4615, 3.283906, 2.551616, 47.41694
 
29.15057, -0.001740609, -0.01620213, 34.7943, 0, 0.0080685855910910263301465540, 5562.197, -2117.713, -5.741346, 0.01966487, 0.1582343, 183.3539, 3.283906, 2.551616, 47.41694
 
29.16057, -0.00174527, -0.01621953, 34.76534, 0, 0.00808451117470585095992, 5554.307, -2117.713, -5.741346, 0.01966487, 0.1582343, 183.2464, 3.283906, 2.551616, 47.41694
 
29.17057, -0.001750123, -0.01623699, 34.73641, 0, 0.00810059298158754161492, 5546.426, -2117.713, -5.741346, 0.01966487, 0.1582343, 183.1388, 3.283906, 2.551616, 47.41694
 
29.18057, -0.001754327, -0.01625449, 34.70749, 0, 0.00811633324152307826839, 5538.554, -2117.713, -5.741346, 0.01966487, 0.1582343, 183.0312, 3.283906, 2.551616, 47.41694
 
29.19057, -0.001758914, -0.01627203, 34.67859, 0, 0.00813234459477462056433, 5530.69, -2117.713, -5.741346, 0.01966487, 0.1582343, 182.9237, 3.283906, 2.551616, 47.41694
 
29.20057, -0.001762249, -0.01628962, 34.64971, 0, 0.0081476514117246945856765540, 5522.837, -2117.713, -5.741346, 0.01966487, 0.1582343, 182.8162, 3.283906, 2.551616, 47.41694
 
29.21057, -0.001765632, -0.01630724, 34.62085, 0, 0.00816302255590226473763, 5514.993, -2117.713, -5.741346, 0.01966487, 0.1582343, 182.7087, 3.283906, 2.551616, 47.41694
 
29.22057, -0.00176717, -0.0163249, 34.592, 0, 0.0081773261744230523419265540, 5507.158, -2117.713, -5.741346, 0.01966487, 0.1582343, 182.6013, 3.283906, 2.551616, 47.41694
 
29.23057, -0.001768163, -0.01634257, 34.56319, 0, 0.0081913265360140556064365540, 5499.335, -2117.713, -5.741346, 0.01966487, 0.1582343, 182.4939, 3.283906, 2.551616, 47.41694
 
29.24057, -0.001767168, -0.01636025, 34.53439, 0, 0.00820415828630497403401, 5491.519, -2117.713, -5.741346, 0.01966487, 0.1582343, 182.3865, 3.283906, 2.551616, 47.41694
 
29.25057, -0.001768676, -0.01637792, 34.50561, 0, 0.0082185001948421466160565540, 5483.712, -2117.713, -5.741346, 0.01966487, 0.1582343, 182.2791, 3.283906, 2.551616, 47.41694
 
29.26057, -0.001771919, -0.01639561, 34.47685, 0, 0.00823391422383806794309, 5475.916, -2117.713, -5.741346, 0.01966487, 0.1582343, 182.1718, 3.283906, 2.551616, 47.41694
 
29.27057, -0.0017756, -0.01641333, 34.44813, 0, 0.0082496253833611366974634460, 5468.13, -2117.713, -5.741346, 0.01966487, 0.1582343, 182.0645, 3.283906, 2.551616, 47.41694
 
29.28057, -0.001777924, -0.01643109, 34.4194, 0, 0.0082645569581506532528665540, 5460.349, -2117.713, -5.741346, 0.01966487, 0.1582343, 181.9572, 3.283906, 2.551616, 47.41694
 
29.29058, -0.001781323, -0.01644886, 34.3907, 0, 0.00828016703203046566598, 5452.58, -2117.713, -5.741346, 0.01966487, 0.1582343, 181.8499, 3.283906, 2.551616, 47.41694
 
29.30058, -0.001783564, -0.01646668, 34.36201, 0, 0.00829511392282650558047, 5444.818, -2117.713, -5.741346, 0.01966487, 0.1582343, 181.7426, 3.283906, 2.551616, 47.41694
 
29.31058, -0.001786891, -0.01648451, 34.33335, 0, 0.0083107485023168350113565540, 5437.067, -2117.713, -5.741346, 0.01966487, 0.1582343, 181.6354, 3.283906, 2.551616, 47.41694
 
29.32058, -0.001787489, -0.01650238, 34.30471, 0, 0.00832476264831372155185, 5429.326, -2117.713, -5.741346, 0.01966487, 0.1582343, 181.5282, 3.283906, 2.551616, 47.41694
 
29.33058, -0.001792879, -0.01652026, 34.2761, 0, 0.00834170827796505730489, 5421.594, -2117.713, -5.741346, 0.01966487, 0.1582343, 181.421, 3.283906, 2.551616, 47.41694
 
29.34058, -0.001797132, -0.01653818, 34.24749, 0, 0.00835801063534112543173, 5413.869, -2117.713, -5.741346, 0.01966487, 0.1582343, 181.3138, 3.283906, 2.551616, 47.41694
 
29.35058, -0.001802289, -0.01655615, 34.21891, 0, 0.0083749041905701929310365540, 5406.155, -2117.713, -5.741346, 0.01966487, 0.1582343, 181.2067, 3.283906, 2.551616, 47.41694
 
29.36058, -0.001804119, -0.01657418, 34.19036, 0, 0.00838981891775245414821, 5398.451, -2117.713, -5.741346, 0.01966487, 0.1582343, 181.0996, 3.283906, 2.551616, 47.41694
 
29.37058, -0.001809267, -0.01659222, 34.16181, 0, 0.00840678598981296548879, 5390.753, -2117.713, -5.741346, 0.01966487, 0.1582343, 180.9925, 3.283906, 2.551616, 47.41694
 
29.38058, -0.001811114, -0.01661031, 34.13329, 0, 0.0084217818918299934908065540, 5383.067, -2117.713, -5.741346, 0.01966487, 0.1582343, 180.8855, 3.283906, 2.551616, 47.41694
 
29.39058, -0.001814879, -0.01662842, 34.10478, 0, 0.0084379816319621192452634460, 5375.388, -2117.713, -5.741346, 0.01966487, 0.1582343, 180.7784, 3.283906, 2.551616, 47.41694
 
29.40058, -0.001816593, -0.01664657, 34.0763, 0, 0.0084529606863719225410634460, 5367.72, -2117.713, -5.741346, 0.01966487, 0.1582343, 180.6714, 3.283906, 2.551616, 47.41694
 
29.41058, -0.00181804, -0.01666474, 34.04784, 0, 0.0084678034283234259480865540, 5360.061, -2117.713, -5.741346, 0.01966487, 0.1582343, 180.5644, 3.283906, 2.551616, 47.41694
 
29.42058, -0.001821922, -0.01668292, 34.0194, 0, 0.0084841701129269902055334460, 5352.412, -2117.713, -5.741346, 0.01966487, 0.1582343, 180.4575, 3.283906, 2.551616, 47.41694
 
29.43058, -0.001827725, -0.01670114, 33.99098, 0, 0.00850175748325295350167, 5344.772, -2117.713, -5.741346, 0.01966487, 0.1582343, 180.3506, 3.283906, 2.551616, 47.41694
 
29.44058, -0.001831677, -0.01671942, 33.96258, 0, 0.0085182574171135834297065540, 5337.141, -2117.713, -5.741346, 0.01966487, 0.1582343, 180.2436, 3.283906, 2.551616, 47.41694
 
29.45058, -0.001836763, -0.01673773, 33.9342, 0, 0.0085354986456913805789634460, 5329.519, -2117.713, -5.741346, 0.01966487, 0.1582343, 180.1367, 3.283906, 2.551616, 47.41694
 
29.46058, -0.001840018, -0.0167561, 33.90584, 0, 0.0085516570326058411894634460, 5321.904, -2117.713, -5.741346, 0.01966487, 0.1582343, 180.0299, 3.283906, 2.551616, 47.41694
 
29.47058, -0.001844426, -0.0167745, 33.8775, 0, 0.00856856437224080728076, 5314.3, -2117.713, -5.741346, 0.01966487, 0.1582343, 179.923, 3.283906, 2.551616, 47.41694
 
29.48058, -0.001847031, -0.01679295, 33.84918, 0, 0.0085843980598163385959465540, 5306.705, -2117.713, -5.741346, 0.01966487, 0.1582343, 179.8162, 3.283906, 2.551616, 47.41694
 
29.49058, -0.001850799, -0.01681142, 33.82087, 0, 0.00860098682651495104035, 5299.118, -2117.713, -5.741346, 0.01966487, 0.1582343, 179.7094, 3.283906, 2.551616, 47.41694
 
29.50058, -0.001856421, -0.01682992, 33.79258, 0, 0.0086187687101241500234565540, 5291.54, -2117.713, -5.741346, 0.01966487, 0.1582343, 179.6026, 3.283906, 2.551616, 47.41694
 
29.51058, -0.001860862, -0.01684849, 33.76432, 0, 0.0086358674998410256874965540, 5283.972, -2117.713, -5.741346, 0.01966487, 0.1582343, 179.4959, 3.283906, 2.551616, 47.41694
 
29.52058, -0.00186507, -0.0168671, 33.73606, 0, 0.0086528636723139589791534460, 5276.412, -2117.713, -5.741346, 0.01966487, 0.1582343, 179.3892, 3.283906, 2.551616, 47.41694
 
29.53058, -0.001868917, -0.01688575, 33.70784, 0, 0.00866967758430894572474, 5268.862, -2117.713, -5.741346, 0.01966487, 0.1582343, 179.2825, 3.283906, 2.551616, 47.41694
 
29.54058, -0.001873332, -0.01690444, 33.67963, 0, 0.0086868912440749916380365540, 5261.32, -2117.713, -5.741346, 0.01966487, 0.1582343, 179.1758, 3.283906, 2.551616, 47.41694
 
29.55058, -0.001876615, -0.01692317, 33.65144, 0, 0.00870343559435459750825, 5253.787, -2117.713, -5.741346, 0.01966487, 0.1582343, 179.0692, 3.283906, 2.551616, 47.41694
 
29.56058, -0.001880485, -0.01694193, 33.62328, 0, 0.0087203873504085701737365540, 5246.265, -2117.713, -5.741346, 0.01966487, 0.1582343, 178.9626, 3.283906, 2.551616, 47.41694
 
29.57058, -0.001882447, -0.01696074, 33.59512, 0, 0.00873618274796768587916, 5238.75, -2117.713, -5.741346, 0.01966487, 0.1582343, 178.8559, 3.283906, 2.551616, 47.41694
 
29.58058, -0.001883698, -0.01697956, 33.56701, 0, 0.00875155848694723754445, 5231.246, -2117.713, -5.741346, 0.01966487, 0.1582343, 178.7494, 3.283906, 2.551616, 47.41694
 
29.59058, -0.001888799, -0.0169984, 33.5389, 0, 0.0087693847869754431017465540, 5223.75, -2117.713, -5.741346, 0.01966487, 0.1582343, 178.6428, 3.283906, 2.551616, 47.41694
 
29.60058, -0.001892196, -0.01701729, 33.51081, 0, 0.00878618644616515602244, 5216.264, -2117.713, -5.741346, 0.01966487, 0.1582343, 178.5363, 3.283906, 2.551616, 47.41694
 
29.61058, -0.001896015, -0.01703621, 33.48275, 0, 0.00880329289388530868203, 5208.788, -2117.713, -5.741346, 0.01966487, 0.1582343, 178.4298, 3.283906, 2.551616, 47.41694
 
29.62058, -0.001899738, -0.01705517, 33.45471, 0, 0.0088203794307969564691965540, 5201.319, -2117.713, -5.741346, 0.01966487, 0.1582343, 178.3234, 3.283906, 2.551616, 47.41694
 
29.63058, -0.001903103, -0.01707417, 33.42669, 0, 0.0088372775808279748498265540, 5193.861, -2117.713, -5.741346, 0.01966487, 0.1582343, 178.2169, 3.283906, 2.551616, 47.41694
 
29.64058, -0.001904811, -0.0170932, 33.39867, 0, 0.00885316640602706990096, 5186.409, -2117.713, -5.741346, 0.01966487, 0.1582343, 178.1105, 3.283906, 2.551616, 47.41694
 
29.65058, -0.001906467, -0.01711225, 33.37067, 0, 0.00886904910482355867166, 5178.966, -2117.713, -5.741346, 0.01966487, 0.1582343, 178.0041, 3.283906, 2.551616, 47.41694
 
29.66058, -0.001909373, -0.01713131, 33.34269, 0, 0.00888575733637330756265, 5171.529, -2117.713, -5.741346, 0.01966487, 0.1582343, 177.8977, 3.283906, 2.551616, 47.41694
 
29.67058, -0.001912042, -0.0171504, 33.31474, 0, 0.00890235069787390152039, 5164.104, -2117.713, -5.741346, 0.01966487, 0.1582343, 177.7913, 3.283906, 2.551616, 47.41694
 
29.68058, -0.001918155, -0.01716952, 33.2868, 0, 0.0089211756015294119814, 5156.688, -2117.713, -5.741346, 0.01966487, 0.1582343, 177.685, 3.283906, 2.551616, 47.41694
 
29.69058, -0.00192323, -0.01718871, 33.25889, 0, 0.00893939399132538439485, 5149.281, -2117.713, -5.741346, 0.01966487, 0.1582343, 177.5787, 3.283906, 2.551616, 47.41694
 
29.70058, -0.001926097, -0.01720794, 33.23099, 0, 0.0089562492565380516004, 5141.881, -2117.713, -5.741346, 0.01966487, 0.1582343, 177.4724, 3.283906, 2.551616, 47.41694
 
29.71058, -0.001931608, -0.0172272, 33.20311, 0, 0.00897483523049131980025, 5134.491, -2117.713, -5.741346, 0.01966487, 0.1582343, 177.3661, 3.283906, 2.551616, 47.41694
 
29.72058, -0.001935519, -0.01724651, 33.17524, 0, 0.00899244710642775416614, 5127.108, -2117.713, -5.741346, 0.01966487, 0.1582343, 177.2598, 3.283906, 2.551616, 47.41694
 
29.73059, -0.001936478, -0.01726587, 33.14741, 0, 0.00900820268236984481071, 5119.737, -2117.713, -5.741346, 0.01966487, 0.1582343, 177.1536, 3.283906, 2.551616, 47.41694
 
29.74059, -0.001939323, -0.01728523, 33.1196, 0, 0.00902519426004084253705, 5112.376, -2117.713, -5.741346, 0.01966487, 0.1582343, 177.0474, 3.283906, 2.551616, 47.41694
 
29.75059, -0.001939237, -0.01730463, 33.0918, 0, 0.0090403356641201028225034460, 5105.021, -2117.713, -5.741346, 0.01966487, 0.1582343, 176.9413, 3.283906, 2.551616, 47.41694
 
29.76059, -0.001941843, -0.01732402, 33.06403, 0, 0.00905723075094982572092, 5097.677, -2117.713, -5.741346, 0.01966487, 0.1582343, 176.8351, 3.283906, 2.551616, 47.41694
 
29.77059, -0.001946462, -0.01734344, 33.03627, 0, 0.00907546292515169672636, 5090.341, -2117.713, -5.741346, 0.01966487, 0.1582343, 176.729, 3.283906, 2.551616, 47.41694
 
29.78059, -0.001950325, -0.0173629, 33.00851, 0, 0.00909325399836481278812, 5083.011, -2117.713, -5.741346, 0.01966487, 0.1582343, 176.6229, 3.283906, 2.551616, 47.41694
 
29.79059, -0.00195391, -0.01738241, 32.9808, 0, 0.00911090569591828753087, 5075.692, -2117.713, -5.741346, 0.01966487, 0.1582343, 176.5168, 3.283906, 2.551616, 47.41694
 
29.80059, -0.001957353, -0.01740194, 32.9531, 0, 0.0091285099138514602172165540, 5068.383, -2117.713, -5.741346, 0.01966487, 0.1582343, 176.4108, 3.283906, 2.551616, 47.41694
 
29.81059, -0.001958708, -0.01742152, 32.9254, 0, 0.00914479236041899283962, 5061.08, -2117.713, -5.741346, 0.01966487, 0.1582343, 176.3048, 3.283906, 2.551616, 47.41694
 
29.82059, -0.001961385, -0.01744111, 32.89773, 0, 0.00916196619856798306005, 5053.785, -2117.713, -5.741346, 0.01966487, 0.1582343, 176.1987, 3.283906, 2.551616, 47.41694
 
29.83059, -0.001962587, -0.01746072, 32.87009, 0, 0.00917821035511914602071, 5046.502, -2117.713, -5.741346, 0.01966487, 0.1582343, 176.0928, 3.283906, 2.551616, 47.41694
 
29.84059, -0.001962329, -0.01748035, 32.84246, 0, 0.0091935278932737772038134460, 5039.227, -2117.713, -5.741346, 0.01966487, 0.1582343, 175.9868, 3.283906, 2.551616, 47.41694
 
29.85059, -0.001963426, -0.01749997, 32.81485, 0, 0.0092097490758151398098365540, 5031.959, -2117.713, -5.741346, 0.01966487, 0.1582343, 175.8809, 3.283906, 2.551616, 47.41694
 
29.86059, -0.001967189, -0.0175196, 32.78727, 0, 0.009227740788714097839, 5024.703, -2117.713, -5.741346, 0.01966487, 0.1582343, 175.775, 3.283906, 2.551616, 47.41694
 
29.87059, -0.001972276, -0.01753927, 32.7597, 0, 0.00924664686720434445284, 5017.453, -2117.713, -5.741346, 0.01966487, 0.1582343, 175.6691, 3.283906, 2.551616, 47.41694
 
29.88059, -0.00197669, -0.017559, 32.73215, 0, 0.0092651608559267935785134460, 5010.213, -2117.713, -5.741346, 0.01966487, 0.1582343, 175.5632, 3.283906, 2.551616, 47.41694
 
29.89059, -0.001978291, -0.01757876, 32.70462, 0, 0.00928187061907721318462, 5002.98, -2117.713, -5.741346, 0.01966487, 0.1582343, 175.4574, 3.283906, 2.551616, 47.41694
 
29.90059, -0.00198262, -0.01759855, 32.6771, 0, 0.0093004091134101486960534460, 4995.756, -2117.713, -5.741346, 0.01966487, 0.1582343, 175.3516, 3.283906, 2.551616, 47.41694
 
29.91059, -0.001984742, -0.01761837, 32.64961, 0, 0.00931753547193883686008, 4988.542, -2117.713, -5.741346, 0.01966487, 0.1582343, 175.2458, 3.283906, 2.551616, 47.41694
 
29.92059, -0.001984881, -0.01763822, 32.62214, 0, 0.0093333860071215775654765540, 4981.335, -2117.713, -5.741346, 0.01966487, 0.1582343, 175.14, 3.283906, 2.551616, 47.41694
 
29.93059, -0.001987774, -0.01765807, 32.59467, 0, 0.00935107752629207736908, 4974.137, -2117.713, -5.741346, 0.01966487, 0.1582343, 175.0343, 3.283906, 2.551616, 47.41694
 
29.94059, -0.001988499, -0.01767795, 32.56723, 0, 0.00936736916246355770215, 4966.948, -2117.713, -5.741346, 0.01966487, 0.1582343, 174.9286, 3.283906, 2.551616, 47.41694
 
29.95059, -0.001991349, -0.01769783, 32.53981, 0, 0.00938509590844914700129, 4959.768, -2117.713, -5.741346, 0.01966487, 0.1582343, 174.8229, 3.283906, 2.551616, 47.41694
 
29.96059, -0.001995579, -0.01771775, 32.51243, 0, 0.00940377531004239454685, 4952.598, -2117.713, -5.741346, 0.01966487, 0.1582343, 174.7172, 3.283906, 2.551616, 47.41694
 
29.97059, -0.001999014, -0.0177377, 32.48504, 0, 0.00942197378902984677187, 4945.435, -2117.713, -5.741346, 0.01966487, 0.1582343, 174.6116, 3.283906, 2.551616, 47.41694
 
29.98059, -0.00199973, -0.01775769, 32.45768, 0, 0.00943840020605900222662, 4938.28, -2117.713, -5.741346, 0.01966487, 0.1582343, 174.506, 3.283906, 2.551616, 47.41694
 
29.99059, -0.002002636, -0.01777769, 32.43035, 0, 0.0094563122757239101340765540, 4931.137, -2117.713, -5.741346, 0.01966487, 0.1582343, 174.4004, 3.283906, 2.551616, 47.41694
 
30.00059, -0.0020042, -0.01779772, 32.40302, 0, 0.00947336664902176390792, 4923.998, -2117.713, -5.741346, 0.01966487, 0.1582343, 174.2948, 3.283906, 2.551616, 47.41694
 
30.01059, -0.002005807, -0.01781776, 32.37572, 0, 0.00949047769154388276484, 4916.872, -2117.713, -5.741346, 0.01966487, 0.1582343, 174.1893, 3.283906, 2.551616, 47.41694
 
30.02059, -0.002004748, -0.01783782, 32.34843, 0, 0.0095058319881142741585965540, 4909.75, -2117.713, -5.741346, 0.01966487, 0.1582343, 174.0837, 3.283906, 2.551616, 47.41694
 
30.03059, -0.002005913, -0.01785787, 32.32117, 0, 0.0095226918481289075614765540, 4902.639, -2117.713, -5.741346, 0.01966487, 0.1582343, 173.9782, 3.283906, 2.551616, 47.41694
 
30.04059, -0.002009047, -0.01787793, 32.29393, 0, 0.00954090257992158766337, 4895.537, -2117.713, -5.741346, 0.01966487, 0.1582343, 173.8727, 3.283906, 2.551616, 47.41694
 
30.05059, -0.002011663, -0.01789802, 32.26669, 0, 0.0095588054599825631761665540, 4888.441, -2117.713, -5.741346, 0.01966487, 0.1582343, 173.7673, 3.283906, 2.551616, 47.41694
 
30.06059, -0.002015706, -0.01791813, 32.23948, 0, 0.00957770541207017287756, 4881.356, -2117.713, -5.741346, 0.01966487, 0.1582343, 173.6619, 3.283906, 2.551616, 47.41694
 
30.07059, -0.002017107, -0.01793829, 32.21228, 0, 0.0095948685290145906202265540, 4874.278, -2117.713, -5.741346, 0.01966487, 0.1582343, 173.5564, 3.283906, 2.551616, 47.41694
 
30.08059, -0.002018604, -0.01795846, 32.1851, 0, 0.0096121250735989417605834460, 4867.208, -2117.713, -5.741346, 0.01966487, 0.1582343, 173.4511, 3.283906, 2.551616, 47.41694
 
30.09059, -0.002021547, -0.01797865, 32.15795, 0, 0.0096303909430152621784565540, 4860.147, -2117.713, -5.741346, 0.01966487, 0.1582343, 173.3457, 3.283906, 2.551616, 47.41694
 
30.10059, -0.00202324, -0.01799886, 32.13082, 0, 0.0096478450640841904360165540, 4853.096, -2117.713, -5.741346, 0.01966487, 0.1582343, 173.2404, 3.283906, 2.551616, 47.41694
 
30.11059, -0.002023696, -0.01801909, 32.10369, 0, 0.00966449356320836344571, 4846.05, -2117.713, -5.741346, 0.01966487, 0.1582343, 173.135, 3.283906, 2.551616, 47.41694
 
30.12059, -0.002029836, -0.01803933, 32.0766, 0, 0.0096850307963966254277065540, 4839.017, -2117.713, -5.741346, 0.01966487, 0.1582343, 173.0297, 3.283906, 2.551616, 47.41694
 
30.13059, -0.002030512, -0.01805963, 32.04952, 0, 0.00970190444081714210657, 4831.99, -2117.713, -5.741346, 0.01966487, 0.1582343, 172.9245, 3.283906, 2.551616, 47.41694
 
30.14059, -0.002032642, -0.01807993, 32.02246, 0, 0.0097197920048715636282665540, 4824.973, -2117.713, -5.741346, 0.01966487, 0.1582343, 172.8193, 3.283906, 2.551616, 47.41694
 
30.15059, -0.002034137, -0.01810026, 31.99542, 0, 0.00973728288435620614846, 4817.963, -2117.713, -5.741346, 0.01966487, 0.1582343, 172.714, 3.283906, 2.551616, 47.41694
 
30.16059, -0.002037317, -0.0181206, 31.96841, 0, 0.00975595462794617669847, 4810.964, -2117.713, -5.741346, 0.01966487, 0.1582343, 172.6089, 3.283906, 2.551616, 47.41694
 
30.1706, -0.002038521, -0.01814098, 31.9414, 0, 0.00977331378977447021121, 4803.971, -2117.713, -5.741346, 0.01966487, 0.1582343, 172.5037, 3.283906, 2.551616, 47.41694
 
30.1806, -0.002040676, -0.01816136, 31.91442, 0, 0.00979135298229376092879, 4796.987, -2117.713, -5.741346, 0.01966487, 0.1582343, 172.3985, 3.283906, 2.551616, 47.41694
 
30.1906, -0.002042197, -0.01818177, 31.88744, 0, 0.0098089924270420077946665540, 4790.01, -2117.713, -5.741346, 0.01966487, 0.1582343, 172.2934, 3.283906, 2.551616, 47.41694
 
30.2006, -0.002042559, -0.01820219, 31.8605, 0, 0.00982586300826121367531, 4783.043, -2117.713, -5.741346, 0.01966487, 0.1582343, 172.1883, 3.283906, 2.551616, 47.41694
 
30.2106, -0.002043122, -0.01822262, 31.83357, 0, 0.0098428944075492670945165540, 4776.084, -2117.713, -5.741346, 0.01966487, 0.1582343, 172.0833, 3.283906, 2.551616, 47.41694
 
30.2206, -0.002049376, -0.01824305, 31.80665, 0, 0.00986388039972953038373, 4769.132, -2117.713, -5.741346, 0.01966487, 0.1582343, 171.9782, 3.283906, 2.551616, 47.41694
 
30.2306, -0.002053679, -0.01826354, 31.77975, 0, 0.00988357984735927373655, 4762.189, -2117.713, -5.741346, 0.01966487, 0.1582343, 171.8732, 3.283906, 2.551616, 47.41694
 
30.2406, -0.002058383, -0.01828408, 31.75289, 0, 0.0099036055259286324158065540, 4755.256, -2117.713, -5.741346, 0.01966487, 0.1582343, 171.7682, 3.283906, 2.551616, 47.41694
 
30.2506, -0.002060398, -0.01830466, 31.72602, 0, 0.0099218162577213125177, 4748.329, -2117.713, -5.741346, 0.01966487, 0.1582343, 171.6632, 3.283906, 2.551616, 47.41694
 
30.2606, -0.002063364, -0.01832527, 31.69919, 0, 0.00994072233621155913154, 4741.413, -2117.713, -5.741346, 0.01966487, 0.1582343, 171.5582, 3.283906, 2.551616, 47.41694
 
30.2706, -0.002067323, -0.0183459, 31.67236, 0, 0.0099603635830163820021734460, 4734.5, -2117.713, -5.741346, 0.01966487, 0.1582343, 171.4532, 3.283906, 2.551616, 47.41694
 
30.2806, -0.002070174, -0.01836658, 31.64557, 0, 0.00997927578790926552846, 4727.6, -2117.713, -5.741346, 0.01966487, 0.1582343, 171.3483, 3.283906, 2.551616, 47.41694
 
30.2906, -0.00207116, -0.01838728, 31.61879, 0, 0.00999692748546274027121, 4720.708, -2117.713, -5.741346, 0.01966487, 0.1582343, 171.2434, 3.283906, 2.551616, 47.41694
 
30.3006, -0.002073688, -0.01840799, 31.59201, 0, 0.0100156834670887730882765540, 4713.821, -2117.713, -5.741346, 0.01966487, 0.1582343, 171.1385, 3.283906, 2.551616, 47.41694
 
30.3106, -0.002075914, -0.01842873, 31.56527, 0, 0.01003426484624005977479, 4706.945, -2117.713, -5.741346, 0.01966487, 0.1582343, 171.0337, 3.283906, 2.551616, 47.41694
 
30.3206, -0.002080237, -0.01844949, 31.53854, 0, 0.01005435332043627450155, 4700.077, -2117.713, -5.741346, 0.01966487, 0.1582343, 170.9289, 3.283906, 2.551616, 47.41694
 
30.3306, -0.002083696, -0.01847029, 31.51182, 0, 0.0100738842919939392682765540, 4693.215, -2117.713, -5.741346, 0.01966487, 0.1582343, 170.8241, 3.283906, 2.551616, 47.41694
 
30.3406, -0.002088487, -0.01849112, 31.48513, 0, 0.01009439548797102883339, 4686.364, -2117.713, -5.741346, 0.01966487, 0.1582343, 170.7193, 3.283906, 2.551616, 47.41694
 
30.3506, -0.002091655, -0.01851201, 31.45846, 0, 0.01011381618428148954819, 4679.521, -2117.713, -5.741346, 0.01966487, 0.1582343, 170.6145, 3.283906, 2.551616, 47.41694
 
30.3606, -0.002094552, -0.01853292, 31.4318, 0, 0.01013308831532837654932, 4672.686, -2117.713, -5.741346, 0.01966487, 0.1582343, 170.5098, 3.283906, 2.551616, 47.41694
 
30.3706, -0.002096207, -0.01855387, 31.40516, 0, 0.0101515257240180710355, 4665.858, -2117.713, -5.741346, 0.01966487, 0.1582343, 170.4051, 3.283906, 2.551616, 47.41694
 
30.3806, -0.002099648, -0.01857483, 31.37854, 0, 0.01017125733526157776963, 4659.04, -2117.713, -5.741346, 0.01966487, 0.1582343, 170.3004, 3.283906, 2.551616, 47.41694
 
30.3906, -0.002102626, -0.01859583, 31.35194, 0, 0.01019070713198449106752, 4652.229, -2117.713, -5.741346, 0.01966487, 0.1582343, 170.1957, 3.283906, 2.551616, 47.41694
 
30.4006, -0.002104812, -0.01861685, 31.32536, 0, 0.0102096346528839285849065540, 4645.426, -2117.713, -5.741346, 0.01966487, 0.1582343, 170.0911, 3.283906, 2.551616, 47.41694
 
30.4106, -0.002105796, -0.0186379, 31.2988, 0, 0.01022774583063400774465, 4638.632, -2117.713, -5.741346, 0.01966487, 0.1582343, 169.9865, 3.283906, 2.551616, 47.41694
 
30.4206, -0.002111717, -0.01865896, 31.27225, 0, 0.0102493950058980741645, 4631.847, -2117.713, -5.741346, 0.01966487, 0.1582343, 169.8819, 3.283906, 2.551616, 47.41694
 
30.4306, -0.002117401, -0.01868008, 31.24573, 0, 0.01027093696911626264665, 4625.069, -2117.713, -5.741346, 0.01966487, 0.1582343, 169.7773, 3.283906, 2.551616, 47.41694
 
30.4406, -0.00212055, -0.01870125, 31.21921, 0, 0.0102907298443859700291734460, 4618.299, -2117.713, -5.741346, 0.01966487, 0.1582343, 169.6728, 3.283906, 2.551616, 47.41694
 
30.4506, -0.002122731, -0.01872246, 31.19272, 0, 0.01030987485257847422018, 4611.538, -2117.713, -5.741346, 0.01966487, 0.1582343, 169.5683, 3.283906, 2.551616, 47.41694
 
30.4606, -0.002128049, -0.01874368, 31.16624, 0, 0.01033130194574750776908, 4604.783, -2117.713, -5.741346, 0.01966487, 0.1582343, 169.4637, 3.283906, 2.551616, 47.41694
 
30.4706, -0.002132394, -0.01876496, 31.13979, 0, 0.01035209036144323988911, 4598.037, -2117.713, -5.741346, 0.01966487, 0.1582343, 169.3592, 3.283906, 2.551616, 47.41694
 
30.4806, -0.002136557, -0.01878629, 31.11334, 0, 0.0103727991339048759394134460, 4591.299, -2117.713, -5.741346, 0.01966487, 0.1582343, 169.2548, 3.283906, 2.551616, 47.41694
 
30.4906, -0.002139008, -0.01880765, 31.08692, 0, 0.0103923285738619006230365540, 4584.569, -2117.713, -5.741346, 0.01966487, 0.1582343, 169.1503, 3.283906, 2.551616, 47.41694
 
30.5006, -0.002140539, -0.01882904, 31.06052, 0, 0.0104112331207514918377665540, 4577.848, -2117.713, -5.741346, 0.01966487, 0.1582343, 169.0459, 3.283906, 2.551616, 47.41694
 
30.5106, -0.00214757, -0.01885045, 31.03413, 0, 0.01043413208215034861537, 4571.135, -2117.713, -5.741346, 0.01966487, 0.1582343, 168.9415, 3.283906, 2.551616, 47.41694
 
30.5206, -0.002153868, -0.01887193, 31.00777, 0, 0.0104565746265539117742, 4564.43, -2117.713, -5.741346, 0.01966487, 0.1582343, 168.8371, 3.283906, 2.551616, 47.41694
 
30.5306, -0.002159792, -0.01889346, 30.98143, 0, 0.0104788088732683253380634460, 4557.733, -2117.713, -5.741346, 0.01966487, 0.1582343, 168.7328, 3.283906, 2.551616, 47.41694
 
30.5406, -0.002164031, -0.01891506, 30.9551, 0, 0.0104998867614879278898834460, 4551.045, -2117.713, -5.741346, 0.01966487, 0.1582343, 168.6285, 3.283906, 2.551616, 47.41694
 
30.5506, -0.002166821, -0.0189367, 30.92878, 0, 0.01051996910928153633621, 4544.363, -2117.713, -5.741346, 0.01966487, 0.1582343, 168.5242, 3.283906, 2.551616, 47.41694
 
30.5606, -0.002172568, -0.01895837, 30.90248, 0, 0.0105422370512103993125065540, 4537.689, -2117.713, -5.741346, 0.01966487, 0.1582343, 168.4199, 3.283906, 2.551616, 47.41694
 
30.5706, -0.002177639, -0.0189801, 30.8762, 0, 0.0105640761449557352219965540, 4531.023, -2117.713, -5.741346, 0.01966487, 0.1582343, 168.3156, 3.283906, 2.551616, 47.41694
 
30.5806, -0.002181615, -0.01900187, 30.84995, 0, 0.01058517547558449804535, 4524.367, -2117.713, -5.741346, 0.01966487, 0.1582343, 168.2114, 3.283906, 2.551616, 47.41694
 
30.5906, -0.002183417, -0.01902369, 30.82371, 0, 0.01060473707915525547827, 4517.719, -2117.713, -5.741346, 0.01966487, 0.1582343, 168.1072, 3.283906, 2.551616, 47.41694
 
30.60061, -0.002184929, -0.01904552, 30.79749, 0, 0.0106241240802513127286565540, 4511.079, -2117.713, -5.741346, 0.01966487, 0.1582343, 168.003, 3.283906, 2.551616, 47.41694
 
30.61061, -0.002189668, -0.01906737, 30.77129, 0, 0.0106459003783697772746365540, 4504.447, -2117.713, -5.741346, 0.01966487, 0.1582343, 167.8989, 3.283906, 2.551616, 47.41694
 
30.62061, -0.002196053, -0.01908927, 30.74511, 0, 0.01066894024702893077036, 4497.823, -2117.713, -5.741346, 0.01966487, 0.1582343, 167.7947, 3.283906, 2.551616, 47.41694
 
30.63061, -0.002201589, -0.01911123, 30.71894, 0, 0.0106914226130495189900434460, 4491.206, -2117.713, -5.741346, 0.01966487, 0.1582343, 167.6906, 3.283906, 2.551616, 47.41694
 
30.64061, -0.002206072, -0.01913324, 30.69279, 0, 0.01071319278476537725559, 4484.599, -2117.713, -5.741346, 0.01966487, 0.1582343, 167.5866, 3.283906, 2.551616, 47.41694
 
30.65061, -0.002209187, -0.0191553, 30.66666, 0, 0.01073401183247421735782, 4477.999, -2117.713, -5.741346, 0.01966487, 0.1582343, 167.4825, 3.283906, 2.551616, 47.41694
 
30.66061, -0.002212267, -0.0191774, 30.64055, 0, 0.0107548507909915929644865540, 4471.407, -2117.713, -5.741346, 0.01966487, 0.1582343, 167.3785, 3.283906, 2.551616, 47.41694
 
30.67061, -0.002215319, -0.01919952, 30.61446, 0, 0.01077571272351876892579, 4464.822, -2117.713, -5.741346, 0.01966487, 0.1582343, 167.2744, 3.283906, 2.551616, 47.41694
 
30.68061, -0.002217588, -0.01922167, 30.58838, 0, 0.0107960416590178659968134460, 4458.245, -2117.713, -5.741346, 0.01966487, 0.1582343, 167.1704, 3.283906, 2.551616, 47.41694
 
30.69061, -0.002221561, -0.01924385, 30.56231, 0, 0.01081766939187277214513, 4451.675, -2117.713, -5.741346, 0.01966487, 0.1582343, 167.0665, 3.283906, 2.551616, 47.41694
 
30.70061, -0.002228557, -0.01926606, 30.53627, 0, 0.01084158686770748464689, 4445.114, -2117.713, -5.741346, 0.01966487, 0.1582343, 166.9625, 3.283906, 2.551616, 47.41694
 
30.71061, -0.002235527, -0.01928835, 30.51024, 0, 0.0108655579495651361175, 4438.561, -2117.713, -5.741346, 0.01966487, 0.1582343, 166.8586, 3.283906, 2.551616, 47.41694
 
30.72061, -0.002240407, -0.0193107, 30.48423, 0, 0.0108880479735890013327334460, 4432.016, -2117.713, -5.741346, 0.01966487, 0.1582343, 166.7547, 3.283906, 2.551616, 47.41694
 
30.73061, -0.002245834, -0.01933311, 30.45825, 0, 0.0109110005410108123951934460, 4425.479, -2117.713, -5.741346, 0.01966487, 0.1582343, 166.6508, 3.283906, 2.551616, 47.41694
 
30.74061, -0.002249742, -0.01935557, 30.43227, 0, 0.01093288558277582559399, 4418.948, -2117.713, -5.741346, 0.01966487, 0.1582343, 166.5469, 3.283906, 2.551616, 47.41694
 
30.75061, -0.002253902, -0.01937806, 30.40632, 0, 0.01095500802264241033883, 4412.427, -2117.713, -5.741346, 0.01966487, 0.1582343, 166.4431, 3.283906, 2.551616, 47.41694
 
30.76061, -0.002259554, -0.0194006, 30.38038, 0, 0.01097830060540972000371, 4405.912, -2117.713, -5.741346, 0.01966487, 0.1582343, 166.3392, 3.283906, 2.551616, 47.41694
 
30.77061, -0.002264474, -0.0194232, 30.35445, 0, 0.01100110767076926815072, 4399.405, -2117.713, -5.741346, 0.01966487, 0.1582343, 166.2354, 3.283906, 2.551616, 47.41694
 
30.78061, -0.002268677, -0.01944584, 30.32856, 0, 0.01102343228192236557808, 4392.909, -2117.713, -5.741346, 0.01966487, 0.1582343, 166.1317, 3.283906, 2.551616, 47.41694
 
30.79061, -0.002275402, -0.01946853, 30.30267, 0, 0.0110477066207098013884765540, 4386.418, -2117.713, -5.741346, 0.01966487, 0.1582343, 166.0279, 3.283906, 2.551616, 47.41694
 
30.80061, -0.00228217, -0.01949128, 30.2768, 0, 0.01107208357674111830723, 4379.936, -2117.713, -5.741346, 0.01966487, 0.1582343, 165.9242, 3.283906, 2.551616, 47.41694
 
30.81061, -0.002286708, -0.0195141, 30.25096, 0, 0.0110948523520842661604834460, 4373.463, -2117.713, -5.741346, 0.01966487, 0.1582343, 165.8205, 3.283906, 2.551616, 47.41694
 
30.82061, -0.002291317, -0.01953697, 30.22512, 0, 0.01111773293427528878078, 4366.995, -2117.713, -5.741346, 0.01966487, 0.1582343, 165.7168, 3.283906, 2.551616, 47.41694
 
30.83061, -0.002297308, -0.01955988, 30.19931, 0, 0.0111417132057368879620565540, 4360.536, -2117.713, -5.741346, 0.01966487, 0.1582343, 165.6132, 3.283906, 2.551616, 47.41694
 
30.84061, -0.002301323, -0.01958286, 30.17351, 0, 0.0111642660253876245408, 4354.084, -2117.713, -5.741346, 0.01966487, 0.1582343, 165.5095, 3.283906, 2.551616, 47.41694
 
30.85061, -0.002304302, -0.01960587, 30.14774, 0, 0.0111860867399251109769765540, 4347.641, -2117.713, -5.741346, 0.01966487, 0.1582343, 165.4059, 3.283906, 2.551616, 47.41694
 
30.86061, -0.002307402, -0.01962891, 30.12197, 0, 0.0112080452985215680170465540, 4341.205, -2117.713, -5.741346, 0.01966487, 0.1582343, 165.3023, 3.283906, 2.551616, 47.41694
 
30.87061, -0.002310024, -0.01965199, 30.09622, 0, 0.0112296868157823574413465540, 4334.776, -2117.713, -5.741346, 0.01966487, 0.1582343, 165.1987, 3.283906, 2.551616, 47.41694
 
30.88061, -0.002314655, -0.01967509, 30.07051, 0, 0.01125289669211426023828, 4328.358, -2117.713, -5.741346, 0.01966487, 0.1582343, 165.0952, 3.283906, 2.551616, 47.41694
 
30.89061, -0.002322006, -0.01969824, 30.0448, 0, 0.01127824161975980471056, 4321.946, -2117.713, -5.741346, 0.01966487, 0.1582343, 164.9917, 3.283906, 2.551616, 47.41694
 
30.90061, -0.002329472, -0.01972146, 30.01911, 0, 0.0113037488970748214885, 4315.542, -2117.713, -5.741346, 0.01966487, 0.1582343, 164.8882, 3.283906, 2.551616, 47.41694
 
30.91061, -0.002335009, -0.01974475, 29.99343, 0, 0.01132785935459211427812, 4309.144, -2117.713, -5.741346, 0.01966487, 0.1582343, 164.7847, 3.283906, 2.551616, 47.41694
 
30.92061, -0.00234122, -0.0197681, 29.96777, 0, 0.01135255182035845872954, 4302.753, -2117.713, -5.741346, 0.01966487, 0.1582343, 164.6812, 3.283906, 2.551616, 47.41694
 
30.93061, -0.002346444, -0.01979151, 29.94214, 0, 0.0113765535342292028663434460, 4296.375, -2117.713, -5.741346, 0.01966487, 0.1582343, 164.5778, 3.283906, 2.551616, 47.41694
 
30.94061, -0.002350692, -0.01981498, 29.91652, 0, 0.0113998706226070295489965540, 4290, -2117.713, -5.741346, 0.01966487, 0.1582343, 164.4744, 3.283906, 2.551616, 47.41694
 
30.95061, -0.002355116, -0.01983848, 29.89092, 0, 0.0114233776294660644572634460, 4283.635, -2117.713, -5.741346, 0.01966487, 0.1582343, 164.371, 3.283906, 2.551616, 47.41694
 
30.96061, -0.002358055, -0.01986203, 29.86533, 0, 0.01144580026306112274367, 4277.276, -2117.713, -5.741346, 0.01966487, 0.1582343, 164.2677, 3.283906, 2.551616, 47.41694
 
30.97061, -0.002361348, -0.01988561, 29.83975, 0, 0.01146854300119314412806, 4270.925, -2117.713, -5.741346, 0.01966487, 0.1582343, 164.1643, 3.283906, 2.551616, 47.41694
 
30.98061, -0.002364095, -0.01990923, 29.8142, 0, 0.0114909104971645927305, 4264.583, -2117.713, -5.741346, 0.01966487, 0.1582343, 164.061, 3.283906, 2.551616, 47.41694
 
30.99061, -0.002366684, -0.01993287, 29.78868, 0, 0.01151319988150261597833, 4258.25, -2117.713, -5.741346, 0.01966487, 0.1582343, 163.9577, 3.283906, 2.551616, 47.41694
 
31.00061, -0.002371533, -0.01995653, 29.76317, 0, 0.0115372858334094070661834460, 4251.923, -2117.713, -5.741346, 0.01966487, 0.1582343, 163.8544, 3.283906, 2.551616, 47.41694
 
31.01061, -0.002376603, -0.01998025, 29.73766, 0, 0.0115616030570152093676665540, 4245.602, -2117.713, -5.741346, 0.01966487, 0.1582343, 163.7512, 3.283906, 2.551616, 47.41694
 
31.02061, -0.002381287, -0.02000402, 29.71218, 0, 0.01158568288251937885908, 4239.289, -2117.713, -5.741346, 0.01966487, 0.1582343, 163.6479, 3.283906, 2.551616, 47.41694
 
31.03061, -0.002385304, -0.02002783, 29.68672, 0, 0.0116093032278269439335, 4232.986, -2117.713, -5.741346, 0.01966487, 0.1582343, 163.5448, 3.283906, 2.551616, 47.41694
 
31.04062, -0.002389335, -0.02005168, 29.66127, 0, 0.0116329909635633312527534460, 4226.688, -2117.713, -5.741346, 0.01966487, 0.1582343, 163.4416, 3.283906, 2.551616, 47.41694
 
31.05062, -0.002392721, -0.02007557, 29.63583, 0, 0.01165622840870706186568, 4220.398, -2117.713, -5.741346, 0.01966487, 0.1582343, 163.3384, 3.283906, 2.551616, 47.41694
 
31.06062, -0.002395618, -0.0200995, 29.61042, 0, 0.01167913655970986635395, 4214.117, -2117.713, -5.741346, 0.01966487, 0.1582343, 163.2353, 3.283906, 2.551616, 47.41694
 
31.07062, -0.002398943, -0.02012346, 29.58503, 0, 0.0117024245476751945054934460, 4207.843, -2117.713, -5.741346, 0.01966487, 0.1582343, 163.1321, 3.283906, 2.551616, 47.41694
 
31.08062, -0.002400895, -0.02014745, 29.55964, 0, 0.0117246878948021066004665540, 4201.576, -2117.713, -5.741346, 0.01966487, 0.1582343, 163.029, 3.283906, 2.551616, 47.41694
 
31.09062, -0.002406814, -0.02017146, 29.53429, 0, 0.01175010480767843951491, 4195.317, -2117.713, -5.741346, 0.01966487, 0.1582343, 162.926, 3.283906, 2.551616, 47.41694
 
31.10062, -0.002411509, -0.02019552, 29.50896, 0, 0.0117746242025707238669, 4189.069, -2117.713, -5.741346, 0.01966487, 0.1582343, 162.823, 3.283906, 2.551616, 47.41694
 
31.11062, -0.002415739, -0.02021964, 29.48363, 0, 0.01179884187213389459422, 4182.825, -2117.713, -5.741346, 0.01966487, 0.1582343, 162.7199, 3.283906, 2.551616, 47.41694
 
31.12062, -0.002419897, -0.0202438, 29.45832, 0, 0.0118230610732977054046434460, 4176.589, -2117.713, -5.741346, 0.01966487, 0.1582343, 162.6169, 3.283906, 2.551616, 47.41694
 
31.13062, -0.002423846, -0.020268, 29.43302, 0, 0.0118471715308149981942634460, 4170.36, -2117.713, -5.741346, 0.01966487, 0.1582343, 162.5139, 3.283906, 2.551616, 47.41694
 
31.14062, -0.002427509, -0.02029223, 29.40774, 0, 0.01187111351226021239779, 4164.137, -2117.713, -5.741346, 0.01966487, 0.1582343, 162.411, 3.283906, 2.551616, 47.41694
 
31.15062, -0.002431883, -0.02031651, 29.38248, 0, 0.01189566966556822632842, 4157.924, -2117.713, -5.741346, 0.01966487, 0.1582343, 162.308, 3.283906, 2.551616, 47.41694
 
31.16062, -0.002434712, -0.02034083, 29.35724, 0, 0.01191905720757617073812, 4151.718, -2117.713, -5.741346, 0.01966487, 0.1582343, 162.2051, 3.283906, 2.551616, 47.41694
 
31.17062, -0.002437141, -0.02036517, 29.33202, 0, 0.01194217671946942030357, 4145.521, -2117.713, -5.741346, 0.01966487, 0.1582343, 162.1022, 3.283906, 2.551616, 47.41694
 
31.18062, -0.002439558, -0.02038955, 29.30682, 0, 0.01196532992657708864944, 4139.331, -2117.713, -5.741346, 0.01966487, 0.1582343, 161.9994, 3.283906, 2.551616, 47.41694
 
31.19062, -0.002441595, -0.02041394, 29.28163, 0, 0.01198822582477464994483, 4133.147, -2117.713, -5.741346, 0.01966487, 0.1582343, 161.8965, 3.283906, 2.551616, 47.41694
 
31.20062, -0.002446747, -0.02043836, 29.25646, 0, 0.01201365039565427517083, 4126.971, -2117.713, -5.741346, 0.01966487, 0.1582343, 161.7937, 3.283906, 2.551616, 47.41694
 
31.21062, -0.002450498, -0.02046282, 29.2313, 0, 0.0120380181620816596949234460, 4120.803, -2117.713, -5.741346, 0.01966487, 0.1582343, 161.6909, 3.283906, 2.551616, 47.41694
 
31.22062, -0.002452992, -0.02048733, 29.20618, 0, 0.01206143480450207200372, 4114.644, -2117.713, -5.741346, 0.01966487, 0.1582343, 161.5882, 3.283906, 2.551616, 47.41694
 
31.23062, -0.002455278, -0.02051186, 29.18106, 0, 0.01208473045047069246682, 4108.491, -2117.713, -5.741346, 0.01966487, 0.1582343, 161.4854, 3.283906, 2.551616, 47.41694
 
31.24062, -0.002457457, -0.02053641, 29.15595, 0, 0.01210798780642292795217, 4102.344, -2117.713, -5.741346, 0.01966487, 0.1582343, 161.3826, 3.283906, 2.551616, 47.41694
 
31.25062, -0.002460199, -0.02056099, 29.13086, 0, 0.0121317383377862172669465540, 4096.205, -2117.713, -5.741346, 0.01966487, 0.1582343, 161.2799, 3.283906, 2.551616, 47.41694
 
31.26062, -0.002462098, -0.02058559, 29.10579, 0, 0.0121548593812801069155, 4090.073, -2117.713, -5.741346, 0.01966487, 0.1582343, 161.1772, 3.283906, 2.551616, 47.41694
 
31.27062, -0.002464572, -0.02061021, 29.08073, 0, 0.01217848585299029358636, 4083.949, -2117.713, -5.741346, 0.01966487, 0.1582343, 161.0746, 3.283906, 2.551616, 47.41694
 
31.28062, -0.002465851, -0.02063485, 29.05569, 0, 0.012201190301105929993, 4077.833, -2117.713, -5.741346, 0.01966487, 0.1582343, 160.9719, 3.283906, 2.551616, 47.41694
 
31.29062, -0.00247006, -0.02065951, 29.03068, 0, 0.01222630242545185380056, 4071.725, -2117.713, -5.741346, 0.01966487, 0.1582343, 160.8693, 3.283906, 2.551616, 47.41694
 
31.30062, -0.002474707, -0.02068421, 29.00568, 0, 0.01225182808197473536782, 4065.624, -2117.713, -5.741346, 0.01966487, 0.1582343, 160.7667, 3.283906, 2.551616, 47.41694
 
31.31062, -0.002478672, -0.02070896, 28.9807, 0, 0.01227686362628788921988, 4059.531, -2117.713, -5.741346, 0.01966487, 0.1582343, 160.6642, 3.283906, 2.551616, 47.41694
 
31.32062, -0.002482723, -0.02073375, 28.95573, 0, 0.0123020232302541457158565540, 4053.446, -2117.713, -5.741346, 0.01966487, 0.1582343, 160.5616, 3.283906, 2.551616, 47.41694
 
31.33062, -0.002486481, -0.02075857, 28.93078, 0, 0.01232700670014500068217, 4047.366, -2117.713, -5.741346, 0.01966487, 0.1582343, 160.4591, 3.283906, 2.551616, 47.41694
 
31.34062, -0.002490339, -0.02078344, 28.90585, 0, 0.01235212648249420148528, 4041.294, -2117.713, -5.741346, 0.01966487, 0.1582343, 160.3566, 3.283906, 2.551616, 47.41694
 
31.35062, -0.002494675, -0.02080834, 28.88093, 0, 0.0123776950238354189116134460, 4035.23, -2117.713, -5.741346, 0.01966487, 0.1582343, 160.2541, 3.283906, 2.551616, 47.41694
 
31.36062, -0.002496139, -0.02083329, 28.85603, 0, 0.01240097382219684530051, 4029.173, -2117.713, -5.741346, 0.01966487, 0.1582343, 160.1516, 3.283906, 2.551616, 47.41694
 
31.37062, -0.002496992, -0.02085825, 28.83114, 0, 0.01242379467196229203951, 4023.122, -2117.713, -5.741346, 0.01966487, 0.1582343, 160.0492, 3.283906, 2.551616, 47.41694
 
31.38062, -0.00249837, -0.02088322, 28.80628, 0, 0.0124470811283269954239565540, 4017.08, -2117.713, -5.741346, 0.01966487, 0.1582343, 159.9467, 3.283906, 2.551616, 47.41694
 
31.39062, -0.002499907, -0.0209082, 28.78142, 0, 0.01247053299756245128027, 4011.045, -2117.713, -5.741346, 0.01966487, 0.1582343, 159.8443, 3.283906, 2.551616, 47.41694
 
31.40062, -0.002504791, -0.0209332, 28.75659, 0, 0.0124967800379940411443465540, 4005.018, -2117.713, -5.741346, 0.01966487, 0.1582343, 159.742, 3.283906, 2.551616, 47.41694
 
31.41062, -0.00250931, -0.02095825, 28.73177, 0, 0.01252278968032401351436, 3998.997, -2117.713, -5.741346, 0.01966487, 0.1582343, 159.6396, 3.283906, 2.551616, 47.41694
 
31.42062, -0.002514114, -0.02098334, 28.70698, 0, 0.01254909798478180402683, 3992.985, -2117.713, -5.741346, 0.01966487, 0.1582343, 159.5373, 3.283906, 2.551616, 47.41694
 
31.43062, -0.002519077, -0.02100848, 28.6822, 0, 0.01257560233412348562538, 3986.979, -2117.713, -5.741346, 0.01966487, 0.1582343, 159.435, 3.283906, 2.551616, 47.41694
 
31.44062, -0.002522949, -0.02103367, 28.65743, 0, 0.01260126889790666391076, 3980.982, -2117.713, -5.741346, 0.01966487, 0.1582343, 159.3327, 3.283906, 2.551616, 47.41694
 
31.45062, -0.002526385, -0.0210589, 28.63268, 0, 0.0126266322047600884883665540, 3974.99, -2117.713, -5.741346, 0.01966487, 0.1582343, 159.2304, 3.283906, 2.551616, 47.41694
 
31.46062, -0.00252805, -0.02108417, 28.60795, 0, 0.01265058031260789365632, 3969.007, -2117.713, -5.741346, 0.01966487, 0.1582343, 159.1282, 3.283906, 2.551616, 47.41694
 
31.47062, -0.002529686, -0.02110945, 28.58323, 0, 0.0126745467996635789296, 3963.03, -2117.713, -5.741346, 0.01966487, 0.1582343, 159.026, 3.283906, 2.551616, 47.41694
 
31.48063, -0.002531032, -0.02113474, 28.55852, 0, 0.0126983172418353731168, 3957.059, -2117.713, -5.741346, 0.01966487, 0.1582343, 158.9238, 3.283906, 2.551616, 47.41694
 
31.49063, -0.002533487, -0.02116005, 28.53384, 0, 0.0127230479976181178619765540, 3951.098, -2117.713, -5.741346, 0.01966487, 0.1582343, 158.8216, 3.283906, 2.551616, 47.41694
 
31.50063, -0.002538448, -0.02118539, 28.50918, 0, 0.01274991993111707993092, 3945.144, -2117.713, -5.741346, 0.01966487, 0.1582343, 158.7194, 3.283906, 2.551616, 47.41694
 
31.51063, -0.002543995, -0.02121077, 28.48453, 0, 0.0127773463040532964776834460, 3939.196, -2117.713, -5.741346, 0.01966487, 0.1582343, 158.6173, 3.283906, 2.551616, 47.41694
 
31.52063, -0.002549018, -0.02123621, 28.4599, 0, 0.0128044035612316077869565540, 3933.257, -2117.713, -5.741346, 0.01966487, 0.1582343, 158.5152, 3.283906, 2.551616, 47.41694
 
31.53063, -0.00255352, -0.0212617, 28.43529, 0, 0.01283109476585323276092, 3927.325, -2117.713, -5.741346, 0.01966487, 0.1582343, 158.4131, 3.283906, 2.551616, 47.41694
 
31.54063, -0.002556589, -0.02128724, 28.41069, 0, 0.01285664492798660071394, 3921.4, -2117.713, -5.741346, 0.01966487, 0.1582343, 158.3111, 3.283906, 2.551616, 47.41694
 
31.55063, -0.002559042, -0.0213128, 28.38611, 0, 0.01288173101512138273663, 3915.481, -2117.713, -5.741346, 0.01966487, 0.1582343, 158.209, 3.283906, 2.551616, 47.41694
 
31.56063, -0.002561764, -0.0213384, 28.36155, 0, 0.01290709279037413659912, 3909.571, -2117.713, -5.741346, 0.01966487, 0.1582343, 158.107, 3.283906, 2.551616, 47.41694
 
31.57063, -0.002565134, -0.02136401, 28.33699, 0, 0.0129330518898824807985034460, 3903.665, -2117.713, -5.741346, 0.01966487, 0.1582343, 158.005, 3.283906, 2.551616, 47.41694
 
31.58063, -0.002568039, -0.02138966, 28.31245, 0, 0.0129586740372466678257, 3897.768, -2117.713, -5.741346, 0.01966487, 0.1582343, 157.903, 3.283906, 2.551616, 47.41694
 
31.59063, -0.002571604, -0.02141534, 28.28794, 0, 0.0129849057616716730666634460, 3891.879, -2117.713, -5.741346, 0.01966487, 0.1582343, 157.8011, 3.283906, 2.551616, 47.41694
 
31.60063, -0.002572563, -0.02144106, 28.26345, 0, 0.01300898558717587319009, 3885.997, -2117.713, -5.741346, 0.01966487, 0.1582343, 157.6991, 3.283906, 2.551616, 47.41694
 
31.61063, -0.002577703, -0.02146678, 28.23896, 0, 0.0130366524214149873971234460, 3880.122, -2117.713, -5.741346, 0.01966487, 0.1582343, 157.5972, 3.283906, 2.551616, 47.41694
 
31.62063, -0.002582022, -0.02149256, 28.2145, 0, 0.01306368976778476320196, 3874.254, -2117.713, -5.741346, 0.01966487, 0.1582343, 157.4953, 3.283906, 2.551616, 47.41694
 
31.63063, -0.002586894, -0.02151838, 28.19006, 0, 0.0130912616427832426641734460, 3868.394, -2117.713, -5.741346, 0.01966487, 0.1582343, 157.3935, 3.283906, 2.551616, 47.41694
 
31.64063, -0.002591458, -0.02154425, 28.16562, 0, 0.01311863900449851707143, 3862.54, -2117.713, -5.741346, 0.01966487, 0.1582343, 157.2917, 3.283906, 2.551616, 47.41694
 
31.65063, -0.00259671, -0.02157016, 28.1412, 0, 0.01314667035969363158265, 3856.693, -2117.713, -5.741346, 0.01966487, 0.1582343, 157.1898, 3.283906, 2.551616, 47.41694
 
31.66063, -0.002598909, -0.02159613, 28.1168, 0, 0.01317216232100209436949, 3850.853, -2117.713, -5.741346, 0.01966487, 0.1582343, 157.088, 3.283906, 2.551616, 47.41694
 
31.67063, -0.002602327, -0.02162212, 28.09241, 0, 0.0131987463135778414057534460, 3845.019, -2117.713, -5.741346, 0.01966487, 0.1582343, 156.9862, 3.283906, 2.551616, 47.41694
 
31.68063, -0.002606466, -0.02164814, 28.06804, 0, 0.01322600574204265008154, 3839.194, -2117.713, -5.741346, 0.01966487, 0.1582343, 156.8845, 3.283906, 2.551616, 47.41694
 
31.69063, -0.002609354, -0.02167421, 28.04369, 0, 0.0132522512508735539144934460, 3833.376, -2117.713, -5.741346, 0.01966487, 0.1582343, 156.7828, 3.283906, 2.551616, 47.41694
 
31.70063, -0.00261236, -0.0217003, 28.01935, 0, 0.01327865298297133908868, 3827.565, -2117.713, -5.741346, 0.01966487, 0.1582343, 156.681, 3.283906, 2.551616, 47.41694
 
31.71063, -0.002619448, -0.02172643, 27.99504, 0, 0.0133086218129955487900565540, 3821.762, -2117.713, -5.741346, 0.01966487, 0.1582343, 156.5794, 3.283906, 2.551616, 47.41694
 
31.72063, -0.002623656, -0.02175262, 27.97074, 0, 0.01333619368799402825227, 3815.966, -2117.713, -5.741346, 0.01966487, 0.1582343, 156.4777, 3.283906, 2.551616, 47.41694
 
31.73063, -0.002629106, -0.02177886, 27.94647, 0, 0.01336490507388013996833, 3810.178, -2117.713, -5.741346, 0.01966487, 0.1582343, 156.3761, 3.283906, 2.551616, 47.41694
 
31.74063, -0.0026337, -0.02180515, 27.9222, 0, 0.0133929456186792021902165540, 3804.396, -2117.713, -5.741346, 0.01966487, 0.1582343, 156.2745, 3.283906, 2.551616, 47.41694
 
31.75063, -0.002639049, -0.02183149, 27.89793, 0, 0.01342171367378954835734, 3798.617, -2117.713, -5.741346, 0.01966487, 0.1582343, 156.1729, 3.283906, 2.551616, 47.41694
 
31.76063, -0.002644795, -0.02185788, 27.8737, 0, 0.01345089372947621220106, 3792.85, -2117.713, -5.741346, 0.01966487, 0.1582343, 156.0713, 3.283906, 2.551616, 47.41694
 
31.77063, -0.002648954, -0.02188432, 27.84948, 0, 0.01347877345620644220039, 3787.088, -2117.713, -5.741346, 0.01966487, 0.1582343, 155.9697, 3.283906, 2.551616, 47.41694
 
31.78063, -0.00265304, -0.02191081, 27.82528, 0, 0.0135066531829366568837134460, 3781.333, -2117.713, -5.741346, 0.01966487, 0.1582343, 155.8682, 3.283906, 2.551616, 47.41694
 
31.79063, -0.002657177, -0.02193734, 27.80108, 0, 0.0135346416533134202198534460, 3775.584, -2117.713, -5.741346, 0.01966487, 0.1582343, 155.7667, 3.283906, 2.551616, 47.41694
 
31.80063, -0.002661747, -0.02196391, 27.77691, 0, 0.0135630712246789384996734460, 3769.844, -2117.713, -5.741346, 0.01966487, 0.1582343, 155.6652, 3.283906, 2.551616, 47.41694
 
31.81063, -0.002664411, -0.02199053, 27.75275, 0, 0.01358990027335958002555, 3764.111, -2117.713, -5.741346, 0.01966487, 0.1582343, 155.5637, 3.283906, 2.551616, 47.41694
 
31.82063, -0.002670348, -0.02201718, 27.72862, 0, 0.01361965008449005233819, 3758.385, -2117.713, -5.741346, 0.01966487, 0.1582343, 155.4623, 3.283906, 2.551616, 47.41694
 
31.83063, -0.0026761, -0.02204388, 27.7045, 0, 0.01364931565758447769978, 3752.666, -2117.713, -5.741346, 0.01966487, 0.1582343, 155.3608, 3.283906, 2.551616, 47.41694
 
31.84063, -0.002683039, -0.02207064, 27.68039, 0, 0.01368010083075799981078, 3746.954, -2117.713, -5.741346, 0.01966487, 0.1582343, 155.2595, 3.283906, 2.551616, 47.41694
 
31.85063, -0.002687236, -0.02209747, 27.65631, 0, 0.0137085610341366260728, 3741.249, -2117.713, -5.741346, 0.01966487, 0.1582343, 155.1581, 3.283906, 2.551616, 47.41694
 
31.86063, -0.002692158, -0.02212434, 27.63224, 0, 0.0137377242422160958423165540, 3735.551, -2117.713, -5.741346, 0.01966487, 0.1582343, 155.0567, 3.283906, 2.551616, 47.41694
 
31.87063, -0.002696931, -0.02215126, 27.60818, 0, 0.0137668307810712698967434460, 3729.859, -2117.713, -5.741346, 0.01966487, 0.1582343, 154.9554, 3.283906, 2.551616, 47.41694
 
31.88063, -0.002702555, -0.02217823, 27.58413, 0, 0.01379675825787778382215, 3724.174, -2117.713, -5.741346, 0.01966487, 0.1582343, 154.8541, 3.283906, 2.551616, 47.41694
 
31.89063, -0.00270586, -0.02220526, 27.5601, 0, 0.01382470843823816218054, 3718.496, -2117.713, -5.741346, 0.01966487, 0.1582343, 154.7528, 3.283906, 2.551616, 47.41694
 
31.90063, -0.002710042, -0.02223231, 27.5361, 0, 0.0138534948725564037689965540, 3712.827, -2117.713, -5.741346, 0.01966487, 0.1582343, 154.6515, 3.283906, 2.551616, 47.41694
 
31.91063, -0.002718009, -0.02225941, 27.51212, 0, 0.01388570902914139793362, 3707.164, -2117.713, -5.741346, 0.01966487, 0.1582343, 154.5503, 3.283906, 2.551616, 47.41694
 
31.92064, -0.002725357, -0.02228659, 27.48814, 0, 0.0139174683003317385625734460, 3701.508, -2117.713, -5.741346, 0.01966487, 0.1582343, 154.4491, 3.283906, 2.551616, 47.41694
 
31.93064, -0.002730896, -0.02231385, 27.46418, 0, 0.01394770822367195390642, 3695.858, -2117.713, -5.741346, 0.01966487, 0.1582343, 154.3479, 3.283906, 2.551616, 47.41694
 
31.94064, -0.002737205, -0.02234116, 27.44024, 0, 0.0139787139473398688052665540, 3690.215, -2117.713, -5.741346, 0.01966487, 0.1582343, 154.2467, 3.283906, 2.551616, 47.41694
 
31.95064, -0.002744034, -0.02236853, 27.41631, 0, 0.0140102664524417458703765540, 3684.58, -2117.713, -5.741346, 0.01966487, 0.1582343, 154.1455, 3.283906, 2.551616, 47.41694
 
31.96064, -0.002749091, -0.02239597, 27.3924, 0, 0.0140403195205019565747834460, 3678.951, -2117.713, -5.741346, 0.01966487, 0.1582343, 154.0444, 3.283906, 2.551616, 47.41694
 
31.97064, -0.002754577, -0.02242346, 27.3685, 0, 0.01407083206875883296021, 3673.328, -2117.713, -5.741346, 0.01966487, 0.1582343, 153.9433, 3.283906, 2.551616, 47.41694
 
31.98064, -0.002759872, -0.02245101, 27.34461, 0, 0.01410125272097637008303, 3667.712, -2117.713, -5.741346, 0.01966487, 0.1582343, 153.8422, 3.283906, 2.551616, 47.41694
 
31.99064, -0.002766574, -0.0224786, 27.32076, 0, 0.01413301199216672602799, 3662.105, -2117.713, -5.741346, 0.01966487, 0.1582343, 153.7411, 3.283906, 2.551616, 47.41694
 
32.00064, -0.002770212, -0.02250627, 27.29691, 0, 0.01416210168341472132422, 3656.504, -2117.713, -5.741346, 0.01966487, 0.1582343, 153.6401, 3.283906, 2.551616, 47.41694
 
32.01064, -0.002774803, -0.02253397, 27.27308, 0, 0.01419211033505595608645, 3650.909, -2117.713, -5.741346, 0.01966487, 0.1582343, 153.5391, 3.283906, 2.551616, 47.41694
 
32.02063, -0.002780084, -0.02256172, 27.24927, 0, 0.0142228143333947573606265540, 3645.322, -2117.713, -5.741346, 0.01966487, 0.1582343, 153.438, 3.283906, 2.551616, 47.41694
 
32.03063, -0.00278345, -0.02258952, 27.22546, 0, 0.01425186420302569696399, 3639.741, -2117.713, -5.741346, 0.01966487, 0.1582343, 153.3371, 3.283906, 2.551616, 47.41694
 
32.04063, -0.002791138, -0.02261735, 27.20168, 0, 0.01428489010795806797292, 3634.167, -2117.713, -5.741346, 0.01966487, 0.1582343, 153.2361, 3.283906, 2.551616, 47.41694
 
32.05063, -0.00279867, -0.02264527, 27.17791, 0, 0.01431787312807208780677, 3628.6, -2117.713, -5.741346, 0.01966487, 0.1582343, 153.1352, 3.283906, 2.551616, 47.41694
 
32.06063, -0.002805148, -0.02267325, 27.15415, 0, 0.0143499907938157918274634460, 3623.038, -2117.713, -5.741346, 0.01966487, 0.1582343, 153.0343, 3.283906, 2.551616, 47.41694
 
32.07063, -0.002810649, -0.0227013, 27.13042, 0, 0.0143813074324167374296334460, 3617.485, -2117.713, -5.741346, 0.01966487, 0.1582343, 152.9333, 3.283906, 2.551616, 47.41694
 
32.08062, -0.002815975, -0.02272941, 27.1067, 0, 0.01441254289618296219498, 3611.938, -2117.713, -5.741346, 0.01966487, 0.1582343, 152.8325, 3.283906, 2.551616, 47.41694
 
32.09062, -0.002820827, -0.02275757, 27.08299, 0, 0.0144434230285971190508, 3606.398, -2117.713, -5.741346, 0.01966487, 0.1582343, 152.7316, 3.283906, 2.551616, 47.41694
 
32.10062, -0.002827049, -0.02278578, 27.05931, 0, 0.0144756279955782114527765540, 3600.866, -2117.713, -5.741346, 0.01966487, 0.1582343, 152.6308, 3.283906, 2.551616, 47.41694
 
32.11062, -0.002830808, -0.02281405, 27.03564, 0, 0.0145056642160312433989865540, 3595.34, -2117.713, -5.741346, 0.01966487, 0.1582343, 152.53, 3.283906, 2.551616, 47.41694
 
32.12062, -0.002835591, -0.02284236, 27.01199, 0, 0.01453670669811485724446, 3589.821, -2117.713, -5.741346, 0.01966487, 0.1582343, 152.4292, 3.283906, 2.551616, 47.41694
 
32.13062, -0.002840298, -0.02287071, 26.98834, 0, 0.0145677537750004372872634460, 3584.307, -2117.713, -5.741346, 0.01966487, 0.1582343, 152.3285, 3.283906, 2.551616, 47.41694
 
32.14061, -0.002846894, -0.02289912, 26.96472, 0, 0.01460061273546138510921, 3578.802, -2117.713, -5.741346, 0.01966487, 0.1582343, 152.2277, 3.283906, 2.551616, 47.41694
 
32.15061, -0.002854623, -0.02292759, 26.94111, 0, 0.0146346020172059868423234460, 3573.303, -2117.713, -5.741346, 0.01966487, 0.1582343, 152.127, 3.283906, 2.551616, 47.41694
 
32.16061, -0.002860187, -0.02295613, 26.91751, 0, 0.0146666951773392504252765540, 3567.809, -2117.713, -5.741346, 0.01966487, 0.1582343, 152.0263, 3.283906, 2.551616, 47.41694
 
32.17061, -0.002866906, -0.02298474, 26.89394, 0, 0.0146999339747627219104965540, 3562.324, -2117.713, -5.741346, 0.01966487, 0.1582343, 151.9256, 3.283906, 2.551616, 47.41694
 
32.18061, -0.002873461, -0.02301341, 26.87037, 0, 0.0147331161029619129966334460, 3556.845, -2117.713, -5.741346, 0.01966487, 0.1582343, 151.825, 3.283906, 2.551616, 47.41694
 
32.19061, -0.002878737, -0.02304214, 26.84683, 0, 0.01476519547868926267159, 3551.374, -2117.713, -5.741346, 0.01966487, 0.1582343, 151.7243, 3.283906, 2.551616, 47.41694
 
32.2006, -0.002884452, -0.02307093, 26.82331, 0, 0.0147977649666263400617465540, 3545.908, -2117.713, -5.741346, 0.01966487, 0.1582343, 151.6237, 3.283906, 2.551616, 47.41694
 
32.2106, -0.002888803, -0.02309977, 26.79979, 0, 0.01482915052725676330786, 3540.45, -2117.713, -5.741346, 0.01966487, 0.1582343, 151.5231, 3.283906, 2.551616, 47.41694
 
32.2206, -0.002893618, -0.02312866, 26.7763, 0, 0.0148610369213015020629434460, 3534.998, -2117.713, -5.741346, 0.01966487, 0.1582343, 151.4226, 3.283906, 2.551616, 47.41694
 
32.2306, -0.002898691, -0.0231576, 26.75282, 0, 0.01489324035668193906581, 3529.554, -2117.713, -5.741346, 0.01966487, 0.1582343, 151.3221, 3.283906, 2.551616, 47.41694
 
32.2406, -0.002902641, -0.02318658, 26.72935, 0, 0.01492447428884749311604, 3524.114, -2117.713, -5.741346, 0.01966487, 0.1582343, 151.2215, 3.283906, 2.551616, 47.41694
 
32.2506, -0.002906867, -0.02321561, 26.70589, 0, 0.0149560375151539732909265540, 3518.681, -2117.713, -5.741346, 0.01966487, 0.1582343, 151.121, 3.283906, 2.551616, 47.41694
 
32.26059, -0.002913545, -0.02324468, 26.68246, 0, 0.01498996706447301445875, 3513.257, -2117.713, -5.741346, 0.01966487, 0.1582343, 151.0206, 3.283906, 2.551616, 47.41694
 
32.27059, -0.002920596, -0.02327381, 26.65905, 0, 0.0150243392463814659693634460, 3507.839, -2117.713, -5.741346, 0.01966487, 0.1582343, 150.9201, 3.283906, 2.551616, 47.41694
 
32.28059, -0.00292645, -0.02330302, 26.63564, 0, 0.01505768219264951991007, 3502.427, -2117.713, -5.741346, 0.01966487, 0.1582343, 150.8197, 3.283906, 2.551616, 47.41694
 
32.29059, -0.002932334, -0.02333228, 26.61225, 0, 0.01509113847736605806891, 3497.021, -2117.713, -5.741346, 0.01966487, 0.1582343, 150.7193, 3.283906, 2.551616, 47.41694
 
32.30059, -0.002938986, -0.02336161, 26.58888, 0, 0.01512540191562799155872, 3491.625, -2117.713, -5.741346, 0.01966487, 0.1582343, 150.6189, 3.283906, 2.551616, 47.41694
 
32.31059, -0.002944104, -0.023391, 26.56553, 0, 0.0151583129505112076344, 3486.233, -2117.713, -5.741346, 0.01966487, 0.1582343, 150.5185, 3.283906, 2.551616, 47.41694
 
32.32058, -0.002950371, -0.02342044, 26.54219, 0, 0.01519239259669449323101, 3480.847, -2117.713, -5.741346, 0.01966487, 0.1582343, 150.4181, 3.283906, 2.551616, 47.41694
 
32.33058, -0.002955494, -0.02344994, 26.51886, 0, 0.01522547670245176940612, 3475.468, -2117.713, -5.741346, 0.01966487, 0.1582343, 150.3178, 3.283906, 2.551616, 47.41694
 
32.34058, -0.002961055, -0.0234795, 26.49555, 0, 0.01525905551522073949376, 3470.096, -2117.713, -5.741346, 0.01966487, 0.1582343, 150.2175, 3.283906, 2.551616, 47.41694
 
32.35058, -0.002965495, -0.02350911, 26.47225, 0, 0.015291654103570254151, 3464.73, -2117.713, -5.741346, 0.01966487, 0.1582343, 150.1172, 3.283906, 2.551616, 47.41694
 
32.36058, -0.002970029, -0.02353876, 26.44897, 0, 0.0153244150415892411139, 3459.37, -2117.713, -5.741346, 0.01966487, 0.1582343, 150.017, 3.283906, 2.551616, 47.41694
 
32.37057, -0.002973835, -0.02356846, 26.42571, 0, 0.0153565633393460684328, 3454.019, -2117.713, -5.741346, 0.01966487, 0.1582343, 149.9167, 3.283906, 2.551616, 47.41694
 
32.38057, -0.002980994, -0.0235982, 26.40246, 0, 0.015391973946498895856, 3448.674, -2117.713, -5.741346, 0.01966487, 0.1582343, 149.8165, 3.283906, 2.551616, 47.41694
 
32.39057, -0.0029866, -0.02362801, 26.37924, 0, 0.0154260061130618640802, 3443.336, -2117.713, -5.741346, 0.01966487, 0.1582343, 149.7163, 3.283906, 2.551616, 47.41694
 
32.40057, -0.002993142, -0.02365788, 26.35602, 0, 0.0154610185040442877348, 3438.004, -2117.713, -5.741346, 0.01966487, 0.1582343, 149.6162, 3.283906, 2.551616, 47.41694
 
32.41057, -0.002998154, -0.02368781, 26.33282, 0, 0.0154946524544368521904, 3432.679, -2117.713, -5.741346, 0.01966487, 0.1582343, 149.516, 3.283906, 2.551616, 47.41694
 
32.42057, -0.003004117, -0.02371779, 26.30964, 0, 0.0155292819452554260675, 3427.36, -2117.713, -5.741346, 0.01966487, 0.1582343, 149.4159, 3.283906, 2.551616, 47.41694
 
32.43056, -0.003008577, -0.02374783, 26.28646, 0, 0.0155625483114906947367, 3422.047, -2117.713, -5.741346, 0.01966487, 0.1582343, 149.3158, 3.283906, 2.551616, 47.41694
 
32.44056, -0.003014733, -0.02377792, 26.26331, 0, 0.0155975300704600104091, 3416.74, -2117.713, -5.741346, 0.01966487, 0.1582343, 149.2157, 3.283906, 2.551616, 47.41694
 
32.45056, -0.003019138, -0.02380806, 26.24018, 0, 0.0156309189647477110071, 3411.442, -2117.713, -5.741346, 0.01966487, 0.1582343, 149.1156, 3.283906, 2.551616, 47.41694
 
32.46056, -0.003024335, -0.02383825, 26.21705, 0, 0.0156651502393958811156, 3406.149, -2117.713, -5.741346, 0.01966487, 0.1582343, 149.0156, 3.283906, 2.551616, 47.41694
 
32.47056, -0.0030279, -0.0238685, 26.19394, 0, 0.0156978805454017600963, 3400.863, -2117.713, -5.741346, 0.01966487, 0.1582343, 148.9156, 3.283906, 2.551616, 47.41694
 
32.48056, -0.003033972, -0.02389878, 26.17086, 0, 0.0157331073604759396263, 3395.584, -2117.713, -5.741346, 0.01966487, 0.1582343, 148.8156, 3.283906, 2.551616, 47.41694
 
32.49055, -0.003039851, -0.02392912, 26.14778, 0, 0.0157682269635042412186, 3390.312, -2117.713, -5.741346, 0.01966487, 0.1582343, 148.7157, 3.283906, 2.551616, 47.41694
 
32.50055, -0.003045477, -0.02395952, 26.12472, 0, 0.015803208722473556891, 3385.044, -2117.713, -5.741346, 0.01966487, 0.1582343, 148.6157, 3.283906, 2.551616, 47.41694
 
32.51055, -0.003052018, -0.02398997, 26.10168, 0, 0.0158391707058623279938, 3379.785, -2117.713, -5.741346, 0.01966487, 0.1582343, 148.5158, 3.283906, 2.551616, 47.41694
 
32.52055, -0.003056876, -0.02402049, 26.07865, 0, 0.0158735704565825920044, 3374.531, -2117.713, -5.741346, 0.01966487, 0.1582343, 148.4159, 3.283906, 2.551616, 47.41694
 
32.53055, -0.003063028, -0.02405106, 26.05563, 0, 0.0159093333318861612229, 3369.284, -2117.713, -5.741346, 0.01966487, 0.1582343, 148.316, 3.283906, 2.551616, 47.41694
 
32.54055, -0.003067516, -0.02408169, 26.03263, 0, 0.0159435492905277773403, 3364.043, -2117.713, -5.741346, 0.01966487, 0.1582343, 148.2161, 3.283906, 2.551616, 47.41694
 
32.55054, -0.003073315, -0.02411236, 26.00965, 0, 0.0159791283737526986656, 3358.809, -2117.713, -5.741346, 0.01966487, 0.1582343, 148.1163, 3.283906, 2.551616, 47.41694
 
32.56054, -0.003077932, -0.0241431, 25.98669, 0, 0.0160136353365188406139, 3353.583, -2117.713, -5.741346, 0.01966487, 0.1582343, 148.0165, 3.283906, 2.551616, 47.41694
 
32.57054, -0.003081195, -0.02417388, 25.96373, 0, 0.0160469017027541092831, 3348.361, -2117.713, -5.741346, 0.01966487, 0.1582343, 147.9167, 3.283906, 2.551616, 47.41694
 
32.58054, -0.003084713, -0.02420469, 25.9408, 0, 0.0160804743891204577743, 3343.148, -2117.713, -5.741346, 0.01966487, 0.1582343, 147.8169, 3.283906, 2.551616, 47.41694
 
32.59054, -0.003088081, -0.02423554, 25.91788, 0, 0.0161139858114605903011, 3337.939, -2117.713, -5.741346, 0.01966487, 0.1582343, 147.7172, 3.283906, 2.551616, 47.41694
 
32.60054, -0.003095616, -0.02426642, 25.89497, 0, 0.0161516785035899623982, 3332.738, -2117.713, -5.741346, 0.01966487, 0.1582343, 147.6174, 3.283906, 2.551616, 47.41694
 
32.61053, -0.003101095, -0.02429737, 25.87208, 0, 0.0161874260628869776256, 3327.542, -2117.713, -5.741346, 0.01966487, 0.1582343, 147.5177, 3.283906, 2.551616, 47.41694
 
32.62053, -0.003106532, -0.02432838, 25.84921, 0, 0.0162232348862102088174, 3322.355, -2117.713, -5.741346, 0.01966487, 0.1582343, 147.4181, 3.283906, 2.551616, 47.41694
 
32.63053, -0.003111791, -0.02435945, 25.82634, 0, 0.0162589518134941160626, 3317.171, -2117.713, -5.741346, 0.01966487, 0.1582343, 147.3184, 3.283906, 2.551616, 47.41694
 
32.64053, -0.003116667, -0.02439057, 25.80351, 0, 0.0162943777366534974769, 3311.997, -2117.713, -5.741346, 0.01966487, 0.1582343, 147.2188, 3.283906, 2.551616, 47.41694
 
32.65053, -0.003122194, -0.02442173, 25.78067, 0, 0.016330538828127470464, 3306.827, -2117.713, -5.741346, 0.01966487, 0.1582343, 147.1192, 3.283906, 2.551616, 47.41694
 
32.66053, -0.00312645, -0.02445295, 25.75786, 0, 0.0163655052710902321453, 3301.664, -2117.713, -5.741346, 0.01966487, 0.1582343, 147.0196, 3.283906, 2.551616, 47.41694
 
32.67052, -0.003131079, -0.02448422, 25.73506, 0, 0.0164009465102561675507, 3296.507, -2117.713, -5.741346, 0.01966487, 0.1582343, 146.92, 3.283906, 2.551616, 47.41694
 
32.68052, -0.003135663, -0.02451553, 25.71228, 0, 0.0164364030654286569472, 3291.357, -2117.713, -5.741346, 0.01966487, 0.1582343, 146.8204, 3.283906, 2.551616, 47.41694
 
32.69052, -0.003139378, -0.02454689, 25.68951, 0, 0.0164710785042668927976, 3286.214, -2117.713, -5.741346, 0.01966487, 0.1582343, 146.7209, 3.283906, 2.551616, 47.41694
 
32.70052, -0.003143871, -0.02457828, 25.66675, 0, 0.0165066116394721521496, 3281.075, -2117.713, -5.741346, 0.01966487, 0.1582343, 146.6214, 3.283906, 2.551616, 47.41694
 
32.71052, -0.003147964, -0.02460972, 25.64402, 0, 0.0165418231385397776885, 3275.945, -2117.713, -5.741346, 0.01966487, 0.1582343, 146.5219, 3.283906, 2.551616, 47.41694
 
32.72052, -0.003154357, -0.0246412, 25.62129, 0, 0.016579423934629825839, 3270.821, -2117.713, -5.741346, 0.01966487, 0.1582343, 146.4224, 3.283906, 2.551616, 47.41694
 
32.73051, -0.003160726, -0.02467274, 25.59859, 0, 0.016617101310752643945, 3265.703, -2117.713, -5.741346, 0.01966487, 0.1582343, 146.323, 3.283906, 2.551616, 47.41694
 
32.74051, -0.003165985, -0.02470435, 25.5759, 0, 0.0166537678304428986384, 3260.592, -2117.713, -5.741346, 0.01966487, 0.1582343, 146.2236, 3.283906, 2.551616, 47.41694
 
32.75051, -0.003170961, -0.02473601, 25.55322, 0, 0.0166902199260413974564, 3255.486, -2117.713, -5.741346, 0.01966487, 0.1582343, 146.1242, 3.283906, 2.551616, 47.41694
 
32.76051, -0.003176935, -0.02476772, 25.53056, 0, 0.0167277747741117836336, 3250.387, -2117.713, -5.741346, 0.01966487, 0.1582343, 146.0248, 3.283906, 2.551616, 47.41694
 
32.77051, -0.003181475, -0.02479949, 25.50791, 0, 0.0167639664975988646029, 3245.294, -2117.713, -5.741346, 0.01966487, 0.1582343, 145.9255, 3.283906, 2.551616, 47.41694
 
32.78051, -0.003185676, -0.0248313, 25.48528, 0, 0.0167998978489745277235, 3240.208, -2117.713, -5.741346, 0.01966487, 0.1582343, 145.8262, 3.283906, 2.551616, 47.41694
 
32.7905, -0.00319027, -0.02486316, 25.46268, 0, 0.0168363039965533645682, 3235.129, -2117.713, -5.741346, 0.01966487, 0.1582343, 145.7269, 3.283906, 2.551616, 47.41694
 
32.8005, -0.003194984, -0.02489506, 25.44006, 0, 0.0168729398842305112794, 3230.054, -2117.713, -5.741346, 0.01966487, 0.1582343, 145.6276, 3.283906, 2.551616, 47.41694
 
32.8105, -0.00319895, -0.02492701, 25.41747, 0, 0.0169088712356061744, 3224.986, -2117.713, -5.741346, 0.01966487, 0.1582343, 145.5283, 3.283906, 2.551616, 47.41694
 
32.8205, -0.00320297, -0.024959, 25.39491, 0, 0.0169449404310408234405, 3219.926, -2117.713, -5.741346, 0.01966487, 0.1582343, 145.4291, 3.283906, 2.551616, 47.41694
 
32.8305, -0.003210167, -0.02499103, 25.37236, 0, 0.0169843485159042425408, 3214.872, -2117.713, -5.741346, 0.01966487, 0.1582343, 145.3299, 3.283906, 2.551616, 47.41694
 
32.8405, -0.003215625, -0.02502313, 25.34982, 0, 0.0170220871560532766112, 3209.824, -2117.713, -5.741346, 0.01966487, 0.1582343, 145.2307, 3.283906, 2.551616, 47.41694
 
32.85049, -0.003222138, -0.02505529, 25.32728, 0, 0.0170609898127004140052, 3204.78, -2117.713, -5.741346, 0.01966487, 0.1582343, 145.1315, 3.283906, 2.551616, 47.41694
 
32.86049, -0.003228818, -0.02508751, 25.30478, 0, 0.017100168157465523239, 3199.745, -2117.713, -5.741346, 0.01966487, 0.1582343, 145.0323, 3.283906, 2.551616, 47.41694
 
32.87049, -0.003234153, -0.0251198, 25.28229, 0, 0.0171380752736866512115, 3194.716, -2117.713, -5.741346, 0.01966487, 0.1582343, 144.9332, 3.283906, 2.551616, 47.41694
 
32.88049, -0.003239241, -0.02515214, 25.25981, 0, 0.0171757985978291312908, 3189.693, -2117.713, -5.741346, 0.01966487, 0.1582343, 144.8341, 3.283906, 2.551616, 47.41694
 
32.89049, -0.00324434, -0.02518453, 25.23734, 0, 0.0172136444500240432989, 3184.675, -2117.713, -5.741346, 0.01966487, 0.1582343, 144.735, 3.283906, 2.551616, 47.41694
 
32.90049, -0.003249292, -0.02521698, 25.21489, 0, 0.0172514137221861853515, 3179.665, -2117.713, -5.741346, 0.01966487, 0.1582343, 144.636, 3.283906, 2.551616, 47.41694
 
32.91048, -0.00325331, -0.02524947, 25.19246, 0, 0.0172883099819747499114, 3174.661, -2117.713, -5.741346, 0.01966487, 0.1582343, 144.5369, 3.283906, 2.551616, 47.41694
 
32.92048, -0.00325852, -0.025282, 25.17004, 0, 0.0173265234183269577059, 3169.662, -2117.713, -5.741346, 0.01966487, 0.1582343, 144.4379, 3.283906, 2.551616, 47.41694
 
32.93048, -0.00326345, -0.02531459, 25.14763, 0, 0.0173645377465939636161, 3164.67, -2117.713, -5.741346, 0.01966487, 0.1582343, 144.3389, 3.283906, 2.551616, 47.41694
 
32.94048, -0.003267193, -0.02534723, 25.12524, 0, 0.0174014033743694201938, 3159.684, -2117.713, -5.741346, 0.01966487, 0.1582343, 144.2399, 3.283906, 2.551616, 47.41694
 
32.95048, -0.003270767, -0.0253799, 25.10287, 0, 0.0174381617900989988338, 3154.705, -2117.713, -5.741346, 0.01966487, 0.1582343, 144.1409, 3.283906, 2.551616, 47.41694
 
32.96048, -0.003277476, -0.02541261, 25.08051, 0, 0.0174782897272704555158, 3149.731, -2117.713, -5.741346, 0.01966487, 0.1582343, 144.042, 3.283906, 2.551616, 47.41694
 
32.97047, -0.003284443, -0.02544538, 25.05816, 0, 0.0175187852485992079842, 3144.764, -2117.713, -5.741346, 0.01966487, 0.1582343, 143.9431, 3.283906, 2.551616, 47.41694
 
32.98047, -0.003290451, -0.02547823, 25.03583, 0, 0.0175583771255412749777, 3139.804, -2117.713, -5.741346, 0.01966487, 0.1582343, 143.8442, 3.283906, 2.551616, 47.41694
 
32.99047, -0.003295585, -0.02551113, 25.01351, 0, 0.0175971572541359804429, 3134.848, -2117.713, -5.741346, 0.01966487, 0.1582343, 143.7453, 3.283906, 2.551616, 47.41694
 
33.00047, -0.003302401, -0.02554408, 24.99122, 0, 0.0176378059355302728223, 3129.9, -2117.713, -5.741346, 0.01966487, 0.1582343, 143.6465, 3.283906, 2.551616, 47.41694
 
33.01047, -0.003307923, -0.02557711, 24.96893, 0, 0.0176771987043871379315, 3124.958, -2117.713, -5.741346, 0.01966487, 0.1582343, 143.5477, 3.283906, 2.551616, 47.41694
 
33.02047, -0.003312964, -0.02561019, 24.94666, 0, 0.017716177941067045281, 3120.021, -2117.713, -5.741346, 0.01966487, 0.1582343, 143.4489, 3.283906, 2.551616, 47.41694
 
33.03046, -0.003318335, -0.02564332, 24.9244, 0, 0.0177555860259304643813, 3115.091, -2117.713, -5.741346, 0.01966487, 0.1582343, 143.3501, 3.283906, 2.551616, 47.41694
 
33.04046, -0.003322097, -0.0256765, 24.90216, 0, 0.0177934012461122684072, 3110.167, -2117.713, -5.741346, 0.01966487, 0.1582343, 143.2513, 3.283906, 2.551616, 47.41694
 
33.05046, -0.003327503, -0.02570972, 24.87994, 0, 0.0178330237550674433829, 3105.25, -2117.713, -5.741346, 0.01966487, 0.1582343, 143.1526, 3.283906, 2.551616, 47.41694
 
33.06046, -0.003332182, -0.02574299, 24.85772, 0, 0.0178719876757407967413, 3100.337, -2117.713, -5.741346, 0.01966487, 0.1582343, 143.0539, 3.283906, 2.551616, 47.41694
 
33.07046, -0.003338956, -0.02577632, 24.83552, 0, 0.0179132643134038027558, 3095.431, -2117.713, -5.741346, 0.01966487, 0.1582343, 142.9552, 3.283906, 2.551616, 47.41694
 
33.08046, -0.003345732, -0.02580971, 24.81334, 0, 0.017954648163112686708, 3090.533, -2117.713, -5.741346, 0.01966487, 0.1582343, 142.8565, 3.283906, 2.551616, 47.41694
 
33.09045, -0.003353438, -0.02584316, 24.79118, 0, 0.0179971347652934580194, 3085.64, -2117.713, -5.741346, 0.01966487, 0.1582343, 142.7579, 3.283906, 2.551616, 47.41694
 
33.10045, -0.003360721, -0.0258767, 24.76903, 0, 0.0180392844153300415266, 3080.753, -2117.713, -5.741346, 0.01966487, 0.1582343, 142.6593, 3.283906, 2.551616, 47.41694
 
33.11045, -0.003367237, -0.02591031, 24.74688, 0, 0.0180807295290651414432, 3075.872, -2117.713, -5.741346, 0.01966487, 0.1582343, 142.5607, 3.283906, 2.551616, 47.41694
 
33.12045, -0.003373362, -0.02594398, 24.72477, 0, 0.0181218530066626075467, 3070.998, -2117.713, -5.741346, 0.01966487, 0.1582343, 142.4621, 3.283906, 2.551616, 47.41694
 
33.13045, -0.00337839, -0.02597771, 24.70267, 0, 0.0181619196798078482643, 3066.13, -2117.713, -5.741346, 0.01966487, 0.1582343, 142.3635, 3.283906, 2.551616, 47.41694
 
33.14045, -0.003382976, -0.0260115, 24.68057, 0, 0.0182015881367826852133, 3061.267, -2117.713, -5.741346, 0.01966487, 0.1582343, 142.265, 3.283906, 2.551616, 47.41694
 
33.15044, -0.003389337, -0.02604533, 24.65849, 0, 0.0182432783066226489875, 3056.411, -2117.713, -5.741346, 0.01966487, 0.1582343, 142.1665, 3.283906, 2.551616, 47.41694
 
33.16044, -0.003394984, -0.02607922, 24.63642, 0, 0.0182842792561676831622, 3051.56, -2117.713, -5.741346, 0.01966487, 0.1582343, 142.068, 3.283906, 2.551616, 47.41694
 
33.17044, -0.00340064, -0.02611317, 24.61436, 0, 0.0183254180497717032568, 3046.714, -2117.713, -5.741346, 0.01966487, 0.1582343, 141.9695, 3.283906, 2.551616, 47.41694
 
33.18044, -0.003405968, -0.02614718, 24.59233, 0, 0.0183662811552577515116, 3041.876, -2117.713, -5.741346, 0.01966487, 0.1582343, 141.8711, 3.283906, 2.551616, 47.41694
 
33.19044, -0.003413181, -0.02618124, 24.57032, 0, 0.0184093038176679125115, 3037.045, -2117.713, -5.741346, 0.01966487, 0.1582343, 141.7726, 3.283906, 2.551616, 47.41694
 
33.20044, -0.003420499, -0.02621537, 24.54831, 0, 0.0184525409041698293868, 3032.219, -2117.713, -5.741346, 0.01966487, 0.1582343, 141.6743, 3.283906, 2.551616, 47.41694
 
33.21043, -0.003426357, -0.02624957, 24.52632, 0, 0.0184943076540425631165, 3027.399, -2117.713, -5.741346, 0.01966487, 0.1582343, 141.5759, 3.283906, 2.551616, 47.41694
 
33.22043, -0.00343438, -0.02628384, 24.50436, 0, 0.0185385402809704894133, 3022.587, -2117.713, -5.741346, 0.01966487, 0.1582343, 141.4775, 3.283906, 2.551616, 47.41694
 
33.23043, -0.003440956, -0.02631818, 24.48239, 0, 0.0185813178872757865556, 3017.778, -2117.713, -5.741346, 0.01966487, 0.1582343, 141.3792, 3.283906, 2.551616, 47.41694
 
33.24043, -0.003448026, -0.02635259, 24.46044, 0, 0.0186247387658563513241, 3012.976, -2117.713, -5.741346, 0.01966487, 0.1582343, 141.2809, 3.283906, 2.551616, 47.41694
 
33.25043, -0.003454395, -0.02638707, 24.43852, 0, 0.0186675163721616484664, 3008.182, -2117.713, -5.741346, 0.01966487, 0.1582343, 141.1826, 3.283906, 2.551616, 47.41694
 
33.26043, -0.003460136, -0.02642161, 24.41659, 0, 0.0187097119702178939469, 3003.391, -2117.713, -5.741346, 0.01966487, 0.1582343, 141.0843, 3.283906, 2.551616, 47.41694
 
33.27042, -0.003466409, -0.02645621, 24.39469, 0, 0.0187525814725625150358, 2998.607, -2117.713, -5.741346, 0.01966487, 0.1582343, 140.9861, 3.283906, 2.551616, 47.41694
 
33.28042, -0.003470945, -0.02649088, 24.37281, 0, 0.018793659002140319166, 2993.831, -2117.713, -5.741346, 0.01966487, 0.1582343, 140.8879, 3.283906, 2.551616, 47.41694
 
33.29042, -0.003476029, -0.02652559, 24.35094, 0, 0.0188354410680196068868, 2989.059, -2117.713, -5.741346, 0.01966487, 0.1582343, 140.7896, 3.283906, 2.551616, 47.41694
 
33.30042, -0.003480829, -0.02656035, 24.32909, 0, 0.0188770087098071387322, 2984.294, -2117.713, -5.741346, 0.01966487, 0.1582343, 140.6915, 3.283906, 2.551616, 47.41694
 
33.31042, -0.003487665, -0.02659516, 24.30724, 0, 0.0189209043845908772248, 2979.534, -2117.713, -5.741346, 0.01966487, 0.1582343, 140.5933, 3.283906, 2.551616, 47.41694
 
33.32042, -0.003496294, -0.02663003, 24.28541, 0, 0.0189669136682790664892, 2974.781, -2117.713, -5.741346, 0.01966487, 0.1582343, 140.4952, 3.283906, 2.551616, 47.41694
 
33.33041, -0.003503989, -0.026665, 24.2636, 0, 0.0190120193075805702787, 2970.034, -2117.713, -5.741346, 0.01966487, 0.1582343, 140.3971, 3.283906, 2.551616, 47.41694
 
33.34041, -0.003511833, -0.02670004, 24.2418, 0, 0.0190574159510065998991, 2965.291, -2117.713, -5.741346, 0.01966487, 0.1582343, 140.299, 3.283906, 2.551616, 47.41694
 
33.35041, -0.003519484, -0.02673515, 24.22001, 0, 0.0191027053823867515818, 2960.556, -2117.713, -5.741346, 0.01966487, 0.1582343, 140.2009, 3.283906, 2.551616, 47.41694
 
33.36041, -0.003526594, -0.02677035, 24.19824, 0, 0.0191475353335702835315, 2955.827, -2117.713, -5.741346, 0.01966487, 0.1582343, 140.1029, 3.283906, 2.551616, 47.41694
 
33.37041, -0.003533529, -0.02680562, 24.17649, 0, 0.0191922733887144915346, 2951.103, -2117.713, -5.741346, 0.01966487, 0.1582343, 140.0049, 3.283906, 2.551616, 47.41694
 
33.38041, -0.003540657, -0.02684095, 24.15475, 0, 0.0192373483960028873419, 2946.385, -2117.713, -5.741346, 0.01966487, 0.1582343, 139.9069, 3.283906, 2.551616, 47.41694
 
33.3904, -0.003547273, -0.02687636, 24.13302, 0, 0.0192819792391012174073, 2941.673, -2117.713, -5.741346, 0.01966487, 0.1582343, 139.8089, 3.283906, 2.551616, 47.41694
 
33.4004, -0.003553753, -0.02691183, 24.11131, 0, 0.0193265641341798854994, 2936.968, -2117.713, -5.741346, 0.01966487, 0.1582343, 139.7109, 3.283906, 2.551616, 47.41694
 
33.4104, -0.003559388, -0.02694737, 24.08961, 0, 0.019370306648898084081, 2932.267, -2117.713, -5.741346, 0.01966487, 0.1582343, 139.613, 3.283906, 2.551616, 47.41694
 
33.4204, -0.003564906, -0.02698296, 24.06792, 0, 0.0194140338476097286715, 2927.573, -2117.713, -5.741346, 0.01966487, 0.1582343, 139.5151, 3.283906, 2.551616, 47.41694
 
33.4304, -0.003569964, -0.02701861, 24.04626, 0, 0.0194573475141444155023, 2922.886, -2117.713, -5.741346, 0.01966487, 0.1582343, 139.4172, 3.283906, 2.551616, 47.41694
 
33.4404, -0.00357778, -0.02705431, 24.0246, 0, 0.019503862226048886473, 2918.204, -2117.713, -5.741346, 0.01966487, 0.1582343, 139.3193, 3.283906, 2.551616, 47.41694
 
33.45039, -0.003585906, -0.02709009, 24.00297, 0, 0.0195508670501630851589, 2913.528, -2117.713, -5.741346, 0.01966487, 0.1582343, 139.2215, 3.283906, 2.551616, 47.41694
 
33.46039, -0.003592808, -0.02712595, 23.98135, 0, 0.0195966159617398565746, 2908.859, -2117.713, -5.741346, 0.01966487, 0.1582343, 139.1237, 3.283906, 2.551616, 47.41694
 
33.47039, -0.003600748, -0.02716187, 23.95973, 0, 0.0196436514178671632427, 2904.194, -2117.713, -5.741346, 0.01966487, 0.1582343, 139.0259, 3.283906, 2.551616, 47.41694
 
33.48039, -0.003608195, -0.02719788, 23.93814, 0, 0.01969025802581095816, 2899.535, -2117.713, -5.741346, 0.01966487, 0.1582343, 138.9281, 3.283906, 2.551616, 47.41694
 
33.49039, -0.003615283, -0.02723396, 23.91656, 0, 0.0197365889456367812375, 2894.883, -2117.713, -5.741346, 0.01966487, 0.1582343, 138.8303, 3.283906, 2.551616, 47.41694
 
33.50039, -0.003622667, -0.02727011, 23.89499, 0, 0.019783379345659224048, 2890.237, -2117.713, -5.741346, 0.01966487, 0.1582343, 138.7326, 3.283906, 2.551616, 47.41694
 
33.51038, -0.003628879, -0.02730634, 23.87344, 0, 0.0198289444651573475705, 2885.596, -2117.713, -5.741346, 0.01966487, 0.1582343, 138.6349, 3.283906, 2.551616, 47.41694
 
33.52038, -0.003635822, -0.02734263, 23.8519, 0, 0.0198754744930683725323, 2880.961, -2117.713, -5.741346, 0.01966487, 0.1582343, 138.5372, 3.283906, 2.551616, 47.41694
 
33.53038, -0.003642325, -0.02737899, 23.83038, 0, 0.0199216063048089937255, 2876.332, -2117.713, -5.741346, 0.01966487, 0.1582343, 138.4395, 3.283906, 2.551616, 47.41694
 
33.54038, -0.003648868, -0.02741541, 23.80886, 0, 0.0199679219086282628119, 2871.708, -2117.713, -5.741346, 0.01966487, 0.1582343, 138.3419, 3.283906, 2.551616, 47.41694
 
33.55038, -0.003657881, -0.0274519, 23.78737, 0, 0.0200171781857058981895, 2867.093, -2117.713, -5.741346, 0.01966487, 0.1582343, 138.2443, 3.283906, 2.551616, 47.41694
 
33.56038, -0.003666166, -0.02748848, 23.76589, 0, 0.0200657299264820499765, 2862.481, -2117.713, -5.741346, 0.01966487, 0.1582343, 138.1467, 3.283906, 2.551616, 47.41694
 
33.57037, -0.003675148, -0.02752514, 23.74442, 0, 0.0201152312596645492117, 2857.875, -2117.713, -5.741346, 0.01966487, 0.1582343, 138.0491, 3.283906, 2.551616, 47.41694
 
33.58037, -0.003682553, -0.02756189, 23.72297, 0, 0.0201630478321261094259, 2853.277, -2117.713, -5.741346, 0.01966487, 0.1582343, 137.9516, 3.283906, 2.551616, 47.41694
 
33.59037, -0.003689271, -0.02759872, 23.70154, 0, 0.0202102058163058480228, 2848.683, -2117.713, -5.741346, 0.01966487, 0.1582343, 137.8541, 3.283906, 2.551616, 47.41694
 
33.60037, -0.003696373, -0.02763561, 23.68011, 0, 0.0202579304927280842904, 2844.094, -2117.713, -5.741346, 0.01966487, 0.1582343, 137.7565, 3.283906, 2.551616, 47.41694
 
33.61037, -0.003703872, -0.02767258, 23.6587, 0, 0.0203062371773993722198, 2839.512, -2117.713, -5.741346, 0.01966487, 0.1582343, 137.6591, 3.283906, 2.551616, 47.41694
 
33.62037, -0.003710359, -0.02770962, 23.6373, 0, 0.0203534870576184347633, 2834.935, -2117.713, -5.741346, 0.01966487, 0.1582343, 137.5616, 3.283906, 2.551616, 47.41694
 
33.63036, -0.003717614, -0.02774672, 23.61593, 0, 0.0204017631102766147105, 2830.365, -2117.713, -5.741346, 0.01966487, 0.1582343, 137.4642, 3.283906, 2.551616, 47.41694
 
33.64036, -0.003724285, -0.0277839, 23.59456, 0, 0.020449472470692296987, 2825.801, -2117.713, -5.741346, 0.01966487, 0.1582343, 137.3667, 3.283906, 2.551616, 47.41694
 
33.65036, -0.003731325, -0.02782114, 23.57321, 0, 0.0204977485233504769342, 2821.241, -2117.713, -5.741346, 0.01966487, 0.1582343, 137.2693, 3.283906, 2.551616, 47.41694
 
33.66036, -0.003738454, -0.02785845, 23.55186, 0, 0.0205462390001004127568, 2816.688, -2117.713, -5.741346, 0.01966487, 0.1582343, 137.172, 3.283906, 2.551616, 47.41694
 
33.67036, -0.003743411, -0.02789584, 23.53054, 0, 0.0205923248638213719767, 2812.14, -2117.713, -5.741346, 0.01966487, 0.1582343, 137.0746, 3.283906, 2.551616, 47.41694
 
33.68036, -0.003748838, -0.02793327, 23.50924, 0, 0.0206390693158241528139, 2807.599, -2117.713, -5.741346, 0.01966487, 0.1582343, 136.9773, 3.283906, 2.551616, 47.41694
 
33.69035, -0.003756528, -0.02797076, 23.48793, 0, 0.0206885706490066520491, 2803.063, -2117.713, -5.741346, 0.01966487, 0.1582343, 136.88, 3.283906, 2.551616, 47.41694
 
33.70035, -0.003764274, -0.02800833, 23.46665, 0, 0.0207382864062809071597, 2798.533, -2117.713, -5.741346, 0.01966487, 0.1582343, 136.7827, 3.283906, 2.551616, 47.41694
 
33.71035, -0.003772898, -0.02804597, 23.44538, 0, 0.0207891661800532655939, 2794.008, -2117.713, -5.741346, 0.01966487, 0.1582343, 136.6854, 3.283906, 2.551616, 47.41694
 
33.72035, -0.003781248, -0.0280837, 23.42413, 0, 0.0208398468457404221438, 2789.49, -2117.713, -5.741346, 0.01966487, 0.1582343, 136.5882, 3.283906, 2.551616, 47.41694
 
33.73035, -0.003789783, -0.02812151, 23.4029, 0, 0.0208909104115914284712, 2784.977, -2117.713, -5.741346, 0.01966487, 0.1582343, 136.491, 3.283906, 2.551616, 47.41694
 
33.74035, -0.003796922, -0.02815941, 23.38167, 0, 0.0209404423767870356886, 2780.469, -2117.713, -5.741346, 0.01966487, 0.1582343, 136.3938, 3.283906, 2.551616, 47.41694
 
33.75034, -0.003803466, -0.02819738, 23.36046, 0, 0.0209894076497401452353, 2775.969, -2117.713, -5.741346, 0.01966487, 0.1582343, 136.2966, 3.283906, 2.551616, 47.41694
 
33.76034, -0.003810593, -0.02823541, 23.33926, 0, 0.0210391846710406163103, 2771.472, -2117.713, -5.741346, 0.01966487, 0.1582343, 136.1995, 3.283906, 2.551616, 47.41694
 
33.77034, -0.003817194, -0.02827352, 23.31809, 0, 0.0210884715801313596701, 2766.983, -2117.713, -5.741346, 0.01966487, 0.1582343, 136.1024, 3.283906, 2.551616, 47.41694
 
33.78034, -0.003823932, -0.02831169, 23.29691, 0, 0.0211380494933466288608, 2762.498, -2117.713, -5.741346, 0.01966487, 0.1582343, 136.0052, 3.283906, 2.551616, 47.41694
 
33.79034, -0.003830097, -0.02834993, 23.27576, 0, 0.0211870607143194003808, 2758.021, -2117.713, -5.741346, 0.01966487, 0.1582343, 135.9082, 3.283906, 2.551616, 47.41694
 
33.80033, -0.00383818, -0.02838823, 23.25463, 0, 0.0212384918643277024946, 2753.549, -2117.713, -5.741346, 0.01966487, 0.1582343, 135.8111, 3.283906, 2.551616, 47.41694
 
33.81033, -0.003844067, -0.02842661, 23.23351, 0, 0.0212874265052677040591, 2749.083, -2117.713, -5.741346, 0.01966487, 0.1582343, 135.7141, 3.283906, 2.551616, 47.41694
 
33.82033, -0.003852235, -0.02846505, 23.21239, 0, 0.0213392252394333019593, 2744.621, -2117.713, -5.741346, 0.01966487, 0.1582343, 135.6171, 3.283906, 2.551616, 47.41694
 
33.83033, -0.003860626, -0.02850358, 23.1913, 0, 0.0213914221897693036281, 2740.166, -2117.713, -5.741346, 0.01966487, 0.1582343, 135.5201, 3.283906, 2.551616, 47.41694
 
33.84033, -0.003868079, -0.02854218, 23.17021, 0, 0.0214426389156858498665, 2735.716, -2117.713, -5.741346, 0.01966487, 0.1582343, 135.4232, 3.283906, 2.551616, 47.41694
 
33.85033, -0.003875828, -0.02858086, 23.14914, 0, 0.0214943457538121238201, 2731.272, -2117.713, -5.741346, 0.01966487, 0.1582343, 135.3262, 3.283906, 2.551616, 47.41694
 
33.86032, -0.003883428, -0.02861962, 23.12808, 0, 0.0215460219599252897915, 2726.833, -2117.713, -5.741346, 0.01966487, 0.1582343, 135.2293, 3.283906, 2.551616, 47.41694
 
33.87032, -0.003891641, -0.02865846, 23.10705, 0, 0.0215985558624054792645, 2722.4, -2117.713, -5.741346, 0.01966487, 0.1582343, 135.1324, 3.283906, 2.551616, 47.41694
 
33.88032, -0.003897912, -0.02869737, 23.08602, 0, 0.0216488995759484480102, 2717.973, -2117.713, -5.741346, 0.01966487, 0.1582343, 135.0355, 3.283906, 2.551616, 47.41694
 
33.89032, -0.003904821, -0.02873635, 23.06502, 0, 0.0217001316178715482397, 2713.552, -2117.713, -5.741346, 0.01966487, 0.1582343, 134.9387, 3.283906, 2.551616, 47.41694
 
33.90032, -0.00391277, -0.0287754, 23.04401, 0, 0.0217527574163910616593, 2709.135, -2117.713, -5.741346, 0.01966487, 0.1582343, 134.8419, 3.283906, 2.551616, 47.41694
 
33.91032, -0.003919565, -0.02881453, 23.02302, 0, 0.0218041273023731478087, 2704.725, -2117.713, -5.741346, 0.01966487, 0.1582343, 134.745, 3.283906, 2.551616, 47.41694
 
33.92031, -0.003925871, -0.02885373, 23.00205, 0, 0.0218550377081586142251, 2700.32, -2117.713, -5.741346, 0.01966487, 0.1582343, 134.6482, 3.283906, 2.551616, 47.41694
 
33.93031, -0.0039325, -0.02889298, 22.98109, 0, 0.0219064535421603623478, 2695.921, -2117.713, -5.741346, 0.01966487, 0.1582343, 134.5515, 3.283906, 2.551616, 47.41694
 
33.94031, -0.00394188, -0.02893231, 22.96015, 0, 0.0219613767416629744324, 2691.528, -2117.713, -5.741346, 0.01966487, 0.1582343, 134.4547, 3.283906, 2.551616, 47.41694
 
33.95031, -0.003950091, -0.02897173, 22.93923, 0, 0.0220150133966150512646, 2687.141, -2117.713, -5.741346, 0.01966487, 0.1582343, 134.358, 3.283906, 2.551616, 47.41694
 
33.96031, -0.003957541, -0.02901123, 22.91832, 0, 0.0220678689352328745507, 2682.76, -2117.713, -5.741346, 0.01966487, 0.1582343, 134.2614, 3.283906, 2.551616, 47.41694
 
33.97031, -0.003966082, -0.0290508, 22.89741, 0, 0.0221221948104798809824, 2678.383, -2117.713, -5.741346, 0.01966487, 0.1582343, 134.1647, 3.283906, 2.551616, 47.41694
 
33.9803, -0.003973838, -0.02909047, 22.87652, 0, 0.0221757089373795258858, 2674.012, -2117.713, -5.741346, 0.01966487, 0.1582343, 134.068, 3.283906, 2.551616, 47.41694
 
33.9903, -0.00398126, -0.0291302, 22.85565, 0, 0.0222289626921677529405, 2669.646, -2117.713, -5.741346, 0.01966487, 0.1582343, 133.9714, 3.283906, 2.551616, 47.41694
 
34.0003, -0.003989011, -0.02917002, 22.83479, 0, 0.0222827525071853696837, 2665.286, -2117.713, -5.741346, 0.01966487, 0.1582343, 133.8748, 3.283906, 2.551616, 47.41694
 
34.0103, -0.00399606, -0.02920991, 22.81394, 0, 0.0223358071538883948541, 2660.932, -2117.713, -5.741346, 0.01966487, 0.1582343, 133.7782, 3.283906, 2.551616, 47.41694
 
34.0203, -0.004003151, -0.02924987, 22.79311, 0, 0.0223890762246831758999, 2656.583, -2117.713, -5.741346, 0.01966487, 0.1582343, 133.6817, 3.283906, 2.551616, 47.41694
 
34.0303, -0.004010652, -0.0292899, 22.7723, 0, 0.0224429579357401165897, 2652.242, -2117.713, -5.741346, 0.01966487, 0.1582343, 133.5851, 3.283906, 2.551616, 47.41694
 
34.04029, -0.004016346, -0.02933001, 22.7515, 0, 0.0224947566699057144899, 2647.904, -2117.713, -5.741346, 0.01966487, 0.1582343, 133.4886, 3.283906, 2.551616, 47.41694
 
34.05029, -0.004022855, -0.02937017, 22.73071, 0, 0.0225476887885563077315, 2643.572, -2117.713, -5.741346, 0.01966487, 0.1582343, 133.3921, 3.283906, 2.551616, 47.41694
 
34.06029, -0.004030151, -0.0294104, 22.70993, 0, 0.0226017389756853423234, 2639.246, -2117.713, -5.741346, 0.01966487, 0.1582343, 133.2957, 3.283906, 2.551616, 47.41694
 
34.07029, -0.004038064, -0.0294507, 22.68918, 0, 0.0226566928072010623902, 2634.927, -2117.713, -5.741346, 0.01966487, 0.1582343, 133.1992, 3.283906, 2.551616, 47.41694
 
34.08029, -0.00404676, -0.02949108, 22.66842, 0, 0.0227127800232017777984, 2630.61, -2117.713, -5.741346, 0.01966487, 0.1582343, 133.1028, 3.283906, 2.551616, 47.41694
 
34.09029, -0.004055181, -0.02953155, 22.64769, 0, 0.0227686681311172913223, 2626.301, -2117.713, -5.741346, 0.01966487, 0.1582343, 133.0064, 3.283906, 2.551616, 47.41694
 
34.10028, -0.004062622, -0.0295721, 22.62697, 0, 0.0228234841185740254692, 2621.998, -2117.713, -5.741346, 0.01966487, 0.1582343, 132.9101, 3.283906, 2.551616, 47.41694
 
34.11028, -0.004071227, -0.02961273, 22.60627, 0, 0.0228798929707123746905, 2617.7, -2117.713, -5.741346, 0.01966487, 0.1582343, 132.8137, 3.283906, 2.551616, 47.41694
 
34.12028, -0.004078191, -0.02965344, 22.58558, 0, 0.0229344026380380290154, 2613.407, -2117.713, -5.741346, 0.01966487, 0.1582343, 132.7174, 3.283906, 2.551616, 47.41694
 
34.13028, -0.004085946, -0.02969422, 22.5649, 0, 0.0229900456898486786817, 2609.12, -2117.713, -5.741346, 0.01966487, 0.1582343, 132.6211, 3.283906, 2.551616, 47.41694
 
34.14028, -0.004092747, -0.02973508, 22.54423, 0, 0.0230446319372071029621, 2604.838, -2117.713, -5.741346, 0.01966487, 0.1582343, 132.5248, 3.283906, 2.551616, 47.41694
 
34.15028, -0.004101134, -0.02977601, 22.52359, 0, 0.0231013777414896399876, 2600.562, -2117.713, -5.741346, 0.01966487, 0.1582343, 132.4285, 3.283906, 2.551616, 47.41694
 
34.16027, -0.004107155, -0.02981702, 22.50294, 0, 0.0231552594525465806774, 2596.29, -2117.713, -5.741346, 0.01966487, 0.1582343, 132.3323, 3.283906, 2.551616, 47.41694
 
34.17027, -0.004114053, -0.02985809, 22.48232, 0, 0.0232103970761409486374, 2592.024, -2117.713, -5.741346, 0.01966487, 0.1582343, 132.2361, 3.283906, 2.551616, 47.41694
 
34.18027, -0.004120788, -0.02989923, 22.46171, 0, 0.0232654428036959926508, 2587.765, -2117.713, -5.741346, 0.01966487, 0.1582343, 132.1399, 3.283906, 2.551616, 47.41694
 
34.19027, -0.004127007, -0.02994044, 22.44111, 0, 0.023319998419041308949, 2583.51, -2117.713, -5.741346, 0.01966487, 0.1582343, 132.0437, 3.283906, 2.551616, 47.41694
 
34.20027, -0.004136788, -0.02998171, 22.42053, 0, 0.0233792101003790385416, 2579.262, -2117.713, -5.741346, 0.01966487, 0.1582343, 131.9476, 3.283906, 2.551616, 47.41694
 
34.21027, -0.004144596, -0.03002308, 22.39997, 0, 0.0234360784327140074959, 2575.02, -2117.713, -5.741346, 0.01966487, 0.1582343, 131.8515, 3.283906, 2.551616, 47.41694
 
34.22026, -0.004153345, -0.03006452, 22.37942, 0, 0.0234943098896322816581, 2570.782, -2117.713, -5.741346, 0.01966487, 0.1582343, 131.7554, 3.283906, 2.551616, 47.41694
 
34.23026, -0.004160881, -0.03010606, 22.35888, 0, 0.0235511322739475886391, 2566.55, -2117.713, -5.741346, 0.01966487, 0.1582343, 131.6593, 3.283906, 2.551616, 47.41694
 
34.24026, -0.004168985, -0.03014767, 22.33835, 0, 0.0236088429866430271039, 2562.323, -2117.713, -5.741346, 0.01966487, 0.1582343, 131.5633, 3.283906, 2.551616, 47.41694
 
34.25026, -0.004176598, -0.03018936, 22.31784, 0, 0.0236660635871287378535, 2558.101, -2117.713, -5.741346, 0.01966487, 0.1582343, 131.4673, 3.283906, 2.551616, 47.41694
 
34.26026, -0.004185151, -0.03023112, 22.29734, 0, 0.0237246626282043078021, 2553.885, -2117.713, -5.741346, 0.01966487, 0.1582343, 131.3713, 3.283906, 2.551616, 47.41694
 
34.27026, -0.004192187, -0.03027297, 22.27686, 0, 0.0237814543805065068009, 2549.675, -2117.713, -5.741346, 0.01966487, 0.1582343, 131.2753, 3.283906, 2.551616, 47.41694
 
34.28025, -0.004199799, -0.0303149, 22.25638, 0, 0.0238391344611888372835, 2545.47, -2117.713, -5.741346, 0.01966487, 0.1582343, 131.1793, 3.283906, 2.551616, 47.41694
 
34.29025, -0.004206309, -0.03035689, 22.23593, 0, 0.0238955279973206325137, 2541.271, -2117.713, -5.741346, 0.01966487, 0.1582343, 131.0834, 3.283906, 2.551616, 47.41694
 
34.30025, -0.004213793, -0.03039896, 22.21548, 0, 0.0239533306060553949251, 2537.076, -2117.713, -5.741346, 0.01966487, 0.1582343, 130.9875, 3.283906, 2.551616, 47.41694
 
34.31025, -0.004220844, -0.03044109, 22.19504, 0, 0.0240107349986197535679, 2532.886, -2117.713, -5.741346, 0.01966487, 0.1582343, 130.8916, 3.283906, 2.551616, 47.41694
 
34.32025, -0.004228548, -0.0304833, 22.17463, 0, 0.0240691196156035676411, 2528.703, -2117.713, -5.741346, 0.01966487, 0.1582343, 130.7957, 3.283906, 2.551616, 47.41694
 
34.33025, -0.004237433, -0.03052559, 22.15423, 0, 0.0241292043093148747264, 2524.525, -2117.713, -5.741346, 0.01966487, 0.1582343, 130.6999, 3.283906, 2.551616, 47.41694
 
34.34024, -0.004247347, -0.03056796, 22.13383, 0, 0.0241907899716684729395, 2520.353, -2117.713, -5.741346, 0.01966487, 0.1582343, 130.6041, 3.283906, 2.551616, 47.41694
 
34.35024, -0.004255445, -0.03061044, 22.11347, 0, 0.0242501854450848504253, 2516.187, -2117.713, -5.741346, 0.01966487, 0.1582343, 130.5083, 3.283906, 2.551616, 47.41694
 
34.36024, -0.004263505, -0.03065299, 22.0931, 0, 0.0243096881305471058488, 2512.024, -2117.713, -5.741346, 0.01966487, 0.1582343, 130.4125, 3.283906, 2.551616, 47.41694
 
34.37024, -0.004272627, -0.03069563, 22.07275, 0, 0.0243707377326713143734, 2507.869, -2117.713, -5.741346, 0.01966487, 0.1582343, 130.3168, 3.283906, 2.551616, 47.41694
 
34.38024, -0.004279968, -0.03073835, 22.05242, 0, 0.0244296124618648561618, 2503.718, -2117.713, -5.741346, 0.01966487, 0.1582343, 130.221, 3.283906, 2.551616, 47.41694
 
34.39024, -0.004288383, -0.03078115, 22.03209, 0, 0.0244900647397334590335, 2499.571, -2117.713, -5.741346, 0.01966487, 0.1582343, 130.1253, 3.283906, 2.551616, 47.41694
 
34.40023, -0.004296433, -0.03082404, 22.01178, 0, 0.0245501953814644280921, 2495.431, -2117.713, -5.741346, 0.01966487, 0.1582343, 130.0296, 3.283906, 2.551616, 47.41694
 
34.41023, -0.004303119, -0.030867, 21.99149, 0, 0.0246086718944875661119, 2491.296, -2117.713, -5.741346, 0.01966487, 0.1582343, 129.934, 3.283906, 2.551616, 47.41694
 
34.42023, -0.004311257, -0.03091003, 21.97121, 0, 0.0246692313844020469213, 2487.167, -2117.713, -5.741346, 0.01966487, 0.1582343, 129.8383, 3.283906, 2.551616, 47.41694
 
34.43023, -0.004318369, -0.03095314, 21.95094, 0, 0.0247285809097987624338, 2483.043, -2117.713, -5.741346, 0.01966487, 0.1582343, 129.7427, 3.283906, 2.551616, 47.41694
 
34.44023, -0.004326253, -0.03099633, 21.93069, 0, 0.024789109767700135261, 2478.924, -2117.713, -5.741346, 0.01966487, 0.1582343, 129.6471, 3.283906, 2.551616, 47.41694
 
34.45023, -0.004333133, -0.03103959, 21.91045, 0, 0.0248484592930968507735, 2474.811, -2117.713, -5.741346, 0.01966487, 0.1582343, 129.5516, 3.283906, 2.551616, 47.41694
 
34.46022, -0.004340124, -0.03108292, 21.89022, 0, 0.0249080998226180921169, 2470.702, -2117.713, -5.741346, 0.01966487, 0.1582343, 129.456, 3.283906, 2.551616, 47.41694
 
34.47022, -0.004349061, -0.03112632, 21.87, 0, 0.0249704972333190518583, 2466.599, -2117.713, -5.741346, 0.01966487, 0.1582343, 129.3605, 3.283906, 2.551616, 47.41694
 
34.48022, -0.004355877, -0.03116981, 21.84981, 0, 0.0250302296588796171483, 2462.503, -2117.713, -5.741346, 0.01966487, 0.1582343, 129.265, 3.283906, 2.551616, 47.41694
 
34.49022, -0.004363665, -0.03121337, 21.82963, 0, 0.0250914017890562576017, 2458.411, -2117.713, -5.741346, 0.01966487, 0.1582343, 129.1696, 3.283906, 2.551616, 47.41694
 
34.50022, -0.004372579, -0.03125701, 21.80945, 0, 0.0251542586799538370761, 2454.324, -2117.713, -5.741346, 0.01966487, 0.1582343, 129.0741, 3.283906, 2.551616, 47.41694
 
34.51022, -0.004381261, -0.03130073, 21.78929, 0, 0.0252169777267924306306, 2450.241, -2117.713, -5.741346, 0.01966487, 0.1582343, 128.9787, 3.283906, 2.551616, 47.41694
 
34.52021, -0.004389393, -0.03134455, 21.76914, 0, 0.0252791147653819725233, 2446.166, -2117.713, -5.741346, 0.01966487, 0.1582343, 128.8833, 3.283906, 2.551616, 47.41694
 
34.53021, -0.004397984, -0.03138844, 21.74902, 0, 0.0253420329203057679621, 2442.096, -2117.713, -5.741346, 0.01966487, 0.1582343, 128.7879, 3.283906, 2.551616, 47.41694
 
34.54021, -0.004406038, -0.03143242, 21.7289, 0, 0.0254043996989936197213, 2438.03, -2117.713, -5.741346, 0.01966487, 0.1582343, 128.6926, 3.283906, 2.551616, 47.41694
 
34.55021, -0.004413223, -0.03147648, 21.70879, 0, 0.0254657556212489080679, 2433.97, -2117.713, -5.741346, 0.01966487, 0.1582343, 128.5972, 3.283906, 2.551616, 47.41694
 
34.56021, -0.004421245, -0.03152062, 21.68869, 0, 0.0255283980880547316669, 2429.915, -2117.713, -5.741346, 0.01966487, 0.1582343, 128.5019, 3.283906, 2.551616, 47.41694
 
34.57021, -0.00442911, -0.03156483, 21.66862, 0, 0.0255909946068408932926, 2425.866, -2117.713, -5.741346, 0.01966487, 0.1582343, 128.4066, 3.283906, 2.551616, 47.41694
 
34.5802, -0.004435793, -0.03160912, 21.64856, 0, 0.0256521514210109797549, 2421.822, -2117.713, -5.741346, 0.01966487, 0.1582343, 128.3114, 3.283906, 2.551616, 47.41694
 
34.5902, -0.004445898, -0.03165348, 21.62851, 0, 0.0257181174612390194226, 2417.782, -2117.713, -5.741346, 0.01966487, 0.1582343, 128.2161, 3.283906, 2.551616, 47.41694
 
34.6002, -0.004453653, -0.03169793, 21.60847, 0, 0.0257810662481759228436, 2413.75, -2117.713, -5.741346, 0.01966487, 0.1582343, 128.121, 3.283906, 2.551616, 47.41694
 
34.6102, -0.004462836, -0.03174247, 21.58845, 0, 0.0258461286440172770364, 2409.722, -2117.713, -5.741346, 0.01966487, 0.1582343, 128.0258, 3.283906, 2.551616, 47.41694
 
34.6202, -0.004471188, -0.0317871, 21.56844, 0, 0.0259102261314457297899, 2405.698, -2117.713, -5.741346, 0.01966487, 0.1582343, 127.9306, 3.283906, 2.551616, 47.41694
 
34.6302, -0.004481484, -0.03183181, 21.54844, 0, 0.025977172396093224888, 2401.681, -2117.713, -5.741346, 0.01966487, 0.1582343, 127.8355, 3.283906, 2.551616, 47.41694
 
34.64019, -0.004489935, -0.03187662, 21.52846, 0, 0.0260417599957314053567, 2397.669, -2117.713, -5.741346, 0.01966487, 0.1582343, 127.7404, 3.283906, 2.551616, 47.41694
 
34.65019, -0.004499009, -0.03192152, 21.50849, 0, 0.0261074043998218112113, 2393.661, -2117.713, -5.741346, 0.01966487, 0.1582343, 127.6453, 3.283906, 2.551616, 47.41694
 
34.66019, -0.004507304, -0.03196651, 21.48853, 0, 0.0261721298435189775999, 2389.659, -2117.713, -5.741346, 0.01966487, 0.1582343, 127.5502, 3.283906, 2.551616, 47.41694
 
34.67019, -0.004516195, -0.03201159, 21.46859, 0, 0.0262378661436487074011, 2385.662, -2117.713, -5.741346, 0.01966487, 0.1582343, 127.4552, 3.283906, 2.551616, 47.41694
 
34.68019, -0.004524662, -0.03205675, 21.44866, 0, 0.0263031889116014794426, 2381.67, -2117.713, -5.741346, 0.01966487, 0.1582343, 127.3601, 3.283906, 2.551616, 47.41694
 
34.69019, -0.0045338, -0.032102, 21.42875, 0, 0.0263696144320261388433, 2377.684, -2117.713, -5.741346, 0.01966487, 0.1582343, 127.2651, 3.283906, 2.551616, 47.41694
 
34.70018, -0.004540822, -0.03214733, 21.40884, 0, 0.026433283071271079846, 2373.703, -2117.713, -5.741346, 0.01966487, 0.1582343, 127.1702, 3.283906, 2.551616, 47.41694
 
34.71018, -0.004548535, -0.03219274, 21.38894, 0, 0.026498069778994462199, 2369.726, -2117.713, -5.741346, 0.01966487, 0.1582343, 127.0752, 3.283906, 2.551616, 47.41694
 
34.72018, -0.004557194, -0.03223823, 21.36907, 0, 0.0265643421393535816887, 2365.756, -2117.713, -5.741346, 0.01966487, 0.1582343, 126.9803, 3.283906, 2.551616, 47.41694
 
34.73018, -0.004565189, -0.0322838, 21.34921, 0, 0.0266298793313981096056, 2361.791, -2117.713, -5.741346, 0.01966487, 0.1582343, 126.8854, 3.283906, 2.551616, 47.41694
 
34.74018, -0.004575034, -0.03232945, 21.32936, 0, 0.0266981580886158019294, 2357.83, -2117.713, -5.741346, 0.01966487, 0.1582343, 126.7905, 3.283906, 2.551616, 47.41694
 
34.75018, -0.004584204, -0.0323752, 21.30953, 0, 0.0267656710455057946982, 2353.876, -2117.713, -5.741346, 0.01966487, 0.1582343, 126.6957, 3.283906, 2.551616, 47.41694
 
34.76017, -0.004593051, -0.03242105, 21.2897, 0, 0.0268329389462910767694655399, 2349.926, -2117.713, -5.741346, 0.01966487, 0.1582343, 126.6009, 3.283906, 2.551616, 47.41694
 
34.77017, -0.004601934, -0.03246697, 21.26989, 0, 0.0269004365871743623871, 2345.981, -2117.713, -5.741346, 0.01966487, 0.1582343, 126.506, 3.283906, 2.551616, 47.41694
 
34.78017, -0.004612166, -0.03251299, 21.25009, 0, 0.0269700018889425899633, 2342.042, -2117.713, -5.741346, 0.01966487, 0.1582343, 126.4113, 3.283906, 2.551616, 47.41694
 
34.79017, -0.004621414, -0.03255912, 21.23031, 0, 0.0270383878582061602248, 2338.107, -2117.713, -5.741346, 0.01966487, 0.1582343, 126.3165, 3.283906, 2.551616, 47.41694
 
34.80017, -0.004630722, -0.03260533, 21.21054, 0, 0.0271070495155877023261, 2334.177, -2117.713, -5.741346, 0.01966487, 0.1582343, 126.2218, 3.283906, 2.551616, 47.41694
 
34.81017, -0.00464011, -0.03265164, 21.19078, 0, 0.0271760021770937702583, 2330.254, -2117.713, -5.741346, 0.01966487, 0.1582343, 126.1271, 3.283906, 2.551616, 47.41694
 
34.82016, -0.004648552, -0.03269804, 21.17104, 0, 0.0272438214541148428491, 2326.335, -2117.713, -5.741346, 0.01966487, 0.1582343, 126.0324, 3.283906, 2.551616, 47.41694
 
34.83016, -0.004657092, -0.03274452, 21.15131, 0, 0.0273119470512669952619, 2322.421, -2117.713, -5.741346, 0.01966487, 0.1582343, 125.9377, 3.283906, 2.551616, 47.41694
 
34.84016, -0.004665744, -0.03279109, 21.1316, 0, 0.0273804096005633354789, 2318.513, -2117.713, -5.741346, 0.01966487, 0.1582343, 125.8431, 3.283906, 2.551616, 47.41694
 
34.85016, -0.004673503, -0.03283775, 21.11189, 0, 0.0274478000294007431588344601, 2314.609, -2117.713, -5.741346, 0.01966487, 0.1582343, 125.7484, 3.283906, 2.551616, 47.41694
 
34.86016, -0.004681377, -0.03288449, 21.09219, 0, 0.0275155120943762441320655399, 2310.71, -2117.713, -5.741346, 0.01966487, 0.1582343, 125.6538, 3.283906, 2.551616, 47.41694
 
34.87016, -0.004691208, -0.0329313, 21.07252, 0, 0.0275861954646229130585655399, 2306.818, -2117.713, -5.741346, 0.01966487, 0.1582343, 125.5593, 3.283906, 2.551616, 47.41694
 
34.88015, -0.004699281, -0.03297821, 21.05285, 0, 0.0276545661178797761689, 2302.93, -2117.713, -5.741346, 0.01966487, 0.1582343, 125.4647, 3.283906, 2.551616, 47.41694
 
34.89015, -0.004710016, -0.03302521, 21.0332, 0, 0.0277269342488473841164, 2299.046, -2117.713, -5.741346, 0.01966487, 0.1582343, 125.3702, 3.283906, 2.551616, 47.41694
 
34.90015, -0.00472125, -0.0330723, 21.01356, 0, 0.0278002213402080783698344601, 2295.169, -2117.713, -5.741346, 0.01966487, 0.1582343, 125.2757, 3.283906, 2.551616, 47.41694
 
34.91015, -0.004730581, -0.03311952, 20.99395, 0, 0.0278709812904876704119, 2291.298, -2117.713, -5.741346, 0.01966487, 0.1582343, 125.1813, 3.283906, 2.551616, 47.41694
 
34.92015, -0.004740783, -0.03316683, 20.97433, 0, 0.0279431962613897384484, 2287.429, -2117.713, -5.741346, 0.01966487, 0.1582343, 125.0868, 3.283906, 2.551616, 47.41694
 
34.93015, -0.004750821, -0.03321423, 20.95474, 0, 0.0280153806002786985027, 2283.567, -2117.713, -5.741346, 0.01966487, 0.1582343, 124.9924, 3.283906, 2.551616, 47.41694
 
34.94014, -0.004760388, -0.03326174, 20.93515, 0, 0.0280870748269579308418, 2279.71, -2117.713, -5.741346, 0.01966487, 0.1582343, 124.898, 3.283906, 2.551616, 47.41694
 
34.95014, -0.004770158, -0.03330935, 20.91557, 0, 0.0281592744818535980472655399, 2275.857, -2117.713, -5.741346, 0.01966487, 0.1582343, 124.8036, 3.283906, 2.551616, 47.41694
 
34.96014, -0.004779461, -0.03335705, 20.89602, 0, 0.0282309840245392312174, 2272.01, -2117.713, -5.741346, 0.01966487, 0.1582343, 124.7093, 3.283906, 2.551616, 47.41694
 
34.97014, -0.004788663, -0.03340485, 20.87647, 0, 0.028302754831251233512, 2268.168, -2117.713, -5.741346, 0.01966487, 0.1582343, 124.6149, 3.283906, 2.551616, 47.41694
 
34.98014, -0.004797766, -0.03345273, 20.85694, 0, 0.0283745715859828977799, 2264.331, -2117.713, -5.741346, 0.01966487, 0.1582343, 124.5206, 3.283906, 2.551616, 47.41694
 
34.99014, -0.004806769, -0.03350071, 20.83742, 0, 0.0284464342887340708610344601, 2260.5, -2117.713, -5.741346, 0.01966487, 0.1582343, 124.4264, 3.283906, 2.551616, 47.41694
 
35.00013, -0.004815364, -0.03354878, 20.81791, 0, 0.0285178987753149933336344601, 2256.672, -2117.713, -5.741346, 0.01966487, 0.1582343, 124.3321, 3.283906, 2.551616, 47.41694
 
35.01013, -0.004823879, -0.03359693, 20.79841, 0, 0.0285894398419288389218, 2252.85, -2117.713, -5.741346, 0.01966487, 0.1582343, 124.2379, 3.283906, 2.551616, 47.41694
 
35.02013, -0.004833037, -0.03364517, 20.77894, 0, 0.0286621142930276798513655399, 2249.034, -2117.713, -5.741346, 0.01966487, 0.1582343, 124.1437, 3.283906, 2.551616, 47.41694
 
35.03013, -0.004843579, -0.0336935, 20.75947, 0, 0.0287369942490699891792, 2245.222, -2117.713, -5.741346, 0.01966487, 0.1582343, 124.0495, 3.283906, 2.551616, 47.41694
 
35.04013, -0.004854408, -0.03374194, 20.74002, 0, 0.0288125327933944264444655399, 2241.416, -2117.713, -5.741346, 0.01966487, 0.1582343, 123.9553, 3.283906, 2.551616, 47.41694
 
35.05013, -0.004864647, -0.03379048, 20.72058, 0, 0.0288874127494367357723, 2237.614, -2117.713, -5.741346, 0.01966487, 0.1582343, 123.8612, 3.283906, 2.551616, 47.41694
 
35.06012, -0.004874853, -0.03383913, 20.70115, 0, 0.0289624458655448913312655399, 2233.818, -2117.713, -5.741346, 0.01966487, 0.1582343, 123.7671, 3.283906, 2.551616, 47.41694
 
35.07012, -0.004884022, -0.03388787, 20.68174, 0, 0.0290361618050890973355, 2230.026, -2117.713, -5.741346, 0.01966487, 0.1582343, 123.673, 3.283906, 2.551616, 47.41694
 
35.08012, -0.004893867, -0.03393671, 20.66233, 0, 0.0291110877091512217967, 2226.239, -2117.713, -5.741346, 0.01966487, 0.1582343, 123.5789, 3.283906, 2.551616, 47.41694
 
35.09012, -0.004903723, -0.03398565, 20.64295, 0, 0.0291862280373051021333, 2222.458, -2117.713, -5.741346, 0.01966487, 0.1582343, 123.4849, 3.283906, 2.551616, 47.41694
 
35.10012, -0.004912914, -0.03403469, 20.62357, 0, 0.0292605872491247289238, 2218.681, -2117.713, -5.741346, 0.01966487, 0.1582343, 123.3909, 3.283906, 2.551616, 47.41694
 
35.11012, -0.004923159, -0.03408382, 20.6042, 0, 0.0293367231177046186819, 2214.909, -2117.713, -5.741346, 0.01966487, 0.1582343, 123.2969, 3.283906, 2.551616, 47.41694
 
35.12011, -0.004933091, -0.03413305, 20.58485, 0, 0.0294125986141732437513655399, 2211.143, -2117.713, -5.741346, 0.01966487, 0.1582343, 123.2029, 3.283906, 2.551616, 47.41694
 
35.13011, -0.004942391, -0.03418238, 20.56552, 0, 0.0294877389423269709279, 2207.382, -2117.713, -5.741346, 0.01966487, 0.1582343, 123.109, 3.283906, 2.551616, 47.41694
 
35.14011, -0.004952086, -0.0342318, 20.5462, 0, 0.0295636757028218119617655399, 2203.626, -2117.713, -5.741346, 0.01966487, 0.1582343, 123.0151, 3.283906, 2.551616, 47.41694
 
35.15011, -0.004959945, -0.03428132, 20.52688, 0, 0.0296370700062283841529, 2199.874, -2117.713, -5.741346, 0.01966487, 0.1582343, 122.9212, 3.283906, 2.551616, 47.41694
 
35.16011, -0.004967891, -0.03433092, 20.50759, 0, 0.0297107859457727433172, 2196.128, -2117.713, -5.741346, 0.01966487, 0.1582343, 122.8273, 3.283906, 2.551616, 47.41694
 
35.1701, -0.004976956, -0.0343806, 20.48831, 0, 0.0297863704381166893957, 2192.386, -2117.713, -5.741346, 0.01966487, 0.1582343, 122.7335, 3.283906, 2.551616, 47.41694
 
35.1801, -0.004988196, -0.03443037, 20.46904, 0, 0.0298654316639482382938344601, 2188.65, -2117.713, -5.741346, 0.01966487, 0.1582343, 122.6397, 3.283906, 2.551616, 47.41694
 
35.1901, -0.004998856, -0.03448026, 20.44978, 0, 0.0299438496175046727258344601, 2184.919, -2117.713, -5.741346, 0.01966487, 0.1582343, 122.5459, 3.283906, 2.551616, 47.41694
 
35.2001, -0.005008758, -0.03453024, 20.43054, 0, 0.0300213332946614668608, 2181.194, -2117.713, -5.741346, 0.01966487, 0.1582343, 122.4521, 3.283906, 2.551616, 47.41694
 
35.2101, -0.005018436, -0.03458033, 20.41131, 0, 0.030098709759772229898, 2177.473, -2117.713, -5.741346, 0.01966487, 0.1582343, 122.3584, 3.283906, 2.551616, 47.41694
 
35.2201, -0.005027906, -0.03463051, 20.39209, 0, 0.0301759636968305610064, 2173.757, -2117.713, -5.741346, 0.01966487, 0.1582343, 122.2647, 3.283906, 2.551616, 47.41694
 
35.23009, -0.005038198, -0.03468079, 20.37289, 0, 0.0302546879705179221003344601, 2170.045, -2117.713, -5.741346, 0.01966487, 0.1582343, 122.171, 3.283906, 2.551616, 47.41694
 
35.24009, -0.005048978, -0.03473118, 20.35369, 0, 0.0303343771526184909537, 2166.338, -2117.713, -5.741346, 0.01966487, 0.1582343, 122.0773, 3.283906, 2.551616, 47.41694
 
35.25009, -0.005057688, -0.03478166, 20.33451, 0, 0.0304111409774669411868344601, 2162.636, -2117.713, -5.741346, 0.01966487, 0.1582343, 121.9837, 3.283906, 2.551616, 47.41694
 
35.26009, -0.00506726, -0.03483224, 20.31533, 0, 0.0304894057709578357078344601, 2158.939, -2117.713, -5.741346, 0.01966487, 0.1582343, 121.8901, 3.283906, 2.551616, 47.41694
 
35.27009, -0.005077353, -0.03488291, 20.29619, 0, 0.0305686967368881539526655399, 2155.248, -2117.713, -5.741346, 0.01966487, 0.1582343, 121.7965, 3.283906, 2.551616, 47.41694
 
35.28009, -0.005087635, -0.03493369, 20.27705, 0, 0.0306484931310342944236, 2151.561, -2117.713, -5.741346, 0.01966487, 0.1582343, 121.7029, 3.283906, 2.551616, 47.41694
 
35.29008, -0.005096242, -0.03498456, 20.25792, 0, 0.0307259461761776742562344601, 2147.879, -2117.713, -5.741346, 0.01966487, 0.1582343, 121.6094, 3.283906, 2.551616, 47.41694
 
35.30008, -0.005105741, -0.03503552, 20.2388, 0, 0.0308049767699964214923, 2144.201, -2117.713, -5.741346, 0.01966487, 0.1582343, 121.5158, 3.283906, 2.551616, 47.41694
 
35.31008, -0.005115469, -0.03508658, 20.2197, 0, 0.0308845587400509592479, 2140.53, -2117.713, -5.741346, 0.01966487, 0.1582343, 121.4223, 3.283906, 2.551616, 47.41694
 
35.32008, -0.005127132, -0.03513774, 20.20061, 0, 0.0309673417554752811434, 2136.863, -2117.713, -5.741346, 0.01966487, 0.1582343, 121.3289, 3.283906, 2.551616, 47.41694
 
35.33008, -0.005137837, -0.03518901, 20.18153, 0, 0.0310488994903752837509, 2133.2, -2117.713, -5.741346, 0.01966487, 0.1582343, 121.2354, 3.283906, 2.551616, 47.41694
 
35.34008, -0.005149464, -0.03524039, 20.16247, 0, 0.0311320960379764102460344601, 2129.543, -2117.713, -5.741346, 0.01966487, 0.1582343, 121.142, 3.283906, 2.551616, 47.41694
 
35.35007, -0.005160318, -0.03529188, 20.14342, 0, 0.0312143583091780496042, 2125.891, -2117.713, -5.741346, 0.01966487, 0.1582343, 121.0486, 3.283906, 2.551616, 47.41694
 
35.36007, -0.005170592, -0.03534349, 20.12438, 0, 0.0312959313600846062028, 2122.243, -2117.713, -5.741346, 0.01966487, 0.1582343, 120.9552, 3.283906, 2.551616, 47.41694
 
35.37007, -0.005181819, -0.03539519, 20.10536, 0, 0.0313792198037252098046, 2118.601, -2117.713, -5.741346, 0.01966487, 0.1582343, 120.8619, 3.283906, 2.551616, 47.41694
 
35.38007, -0.005192306, -0.03544701, 20.08634, 0, 0.0314616046029791279315, 2114.963, -2117.713, -5.741346, 0.01966487, 0.1582343, 120.7686, 3.283906, 2.551616, 47.41694
 
35.39007, -0.005202248, -0.03549894, 20.06734, 0, 0.0315433614459644855833655399, 2111.33, -2117.713, -5.741346, 0.01966487, 0.1582343, 120.6753, 3.283906, 2.551616, 47.41694
 
35.40007, -0.005212498, -0.03555096, 20.04836, 0, 0.0316258228252510205057, 2107.703, -2117.713, -5.741346, 0.01966487, 0.1582343, 120.582, 3.283906, 2.551616, 47.41694
 
35.41006, -0.005223058, -0.03560308, 20.02938, 0, 0.0317090040568458993298655399, 2104.08, -2117.713, -5.741346, 0.01966487, 0.1582343, 120.4888, 3.283906, 2.551616, 47.41694
 
35.42006, -0.005232429, -0.03565532, 20.01042, 0, 0.0317905464757391947862, 2100.461, -2117.713, -5.741346, 0.01966487, 0.1582343, 120.3956, 3.283906, 2.551616, 47.41694
 
35.43006, -0.005242809, -0.03570764, 19.99147, 0, 0.0318739114994125683435, 2096.847, -2117.713, -5.741346, 0.01966487, 0.1582343, 120.3024, 3.283906, 2.551616, 47.41694
 
35.44006, -0.005252709, -0.03576007, 19.97254, 0, 0.0319567251468499982212, 2093.24, -2117.713, -5.741346, 0.01966487, 0.1582343, 120.2092, 3.283906, 2.551616, 47.41694
 
35.45006, -0.005262285, -0.0358126, 19.95362, 0, 0.0320392784221761634102655399, 2089.636, -2117.713, -5.741346, 0.01966487, 0.1582343, 120.116, 3.283906, 2.551616, 47.41694
 
35.46006, -0.005272222, -0.03586522, 19.9347, 0, 0.0321226281298428298164, 2086.036, -2117.713, -5.741346, 0.01966487, 0.1582343, 120.0229, 3.283906, 2.551616, 47.41694
 
35.47005, -0.005284065, -0.03591795, 19.9158, 0, 0.0322091941988859875136, 2082.443, -2117.713, -5.741346, 0.01966487, 0.1582343, 119.9298, 3.283906, 2.551616, 47.41694
 
35.48005, -0.005295603, -0.03597078, 19.89692, 0, 0.0322955305278308353443, 2078.854, -2117.713, -5.741346, 0.01966487, 0.1582343, 119.8368, 3.283906, 2.551616, 47.41694
 
35.49005, -0.0053067, -0.03602374, 19.87806, 0, 0.0323814226925854642730344601, 2075.27, -2117.713, -5.741346, 0.01966487, 0.1582343, 119.7437, 3.283906, 2.551616, 47.41694
 
35.50005, -0.005318195, -0.03607681, 19.8592, 0, 0.0324681878697139770146, 2071.691, -2117.713, -5.741346, 0.01966487, 0.1582343, 119.6507, 3.283906, 2.551616, 47.41694
 
35.51005, -0.005328263, -0.03612999, 19.84036, 0, 0.0325529466499836106019344601, 2068.117, -2117.713, -5.741346, 0.01966487, 0.1582343, 119.5577, 3.283906, 2.551616, 47.41694
 
35.52005, -0.005339413, -0.03618327, 19.82152, 0, 0.0326396505630859073791, 2064.546, -2117.713, -5.741346, 0.01966487, 0.1582343, 119.4648, 3.283906, 2.551616, 47.41694
 
35.53004, -0.005350179, -0.03623667, 19.80269, 0, 0.0327259868920307552098, 2060.981, -2117.713, -5.741346, 0.01966487, 0.1582343, 119.3718, 3.283906, 2.551616, 47.41694
 
35.54004, -0.005361378, -0.03629017, 19.78389, 0, 0.0328132728133819504887, 2057.422, -2117.713, -5.741346, 0.01966487, 0.1582343, 119.2789, 3.283906, 2.551616, 47.41694
 
35.55004, -0.005372675, -0.03634378, 19.76509, 0, 0.0329009569509037026962655399, 2053.865, -2117.713, -5.741346, 0.01966487, 0.1582343, 119.186, 3.283906, 2.551616, 47.41694
 
35.56004, -0.005382948, -0.03639751, 19.74632, 0, 0.0329872320158221814025, 2050.315, -2117.713, -5.741346, 0.01966487, 0.1582343, 119.0931, 3.283906, 2.551616, 47.41694
 
35.57004, -0.005393217, -0.03645134, 19.72754, 0, 0.0330737521368456771264, 2046.769, -2117.713, -5.741346, 0.01966487, 0.1582343, 119.0003, 3.283906, 2.551616, 47.41694
 
35.58004, -0.005403622, -0.03650527, 19.70879, 0, 0.0331607317380657925833, 2043.229, -2117.713, -5.741346, 0.01966487, 0.1582343, 118.9074, 3.283906, 2.551616, 47.41694
 
35.59003, -0.005413372, -0.03655931, 19.69004, 0, 0.0332468842749319925208, 2039.692, -2117.713, -5.741346, 0.01966487, 0.1582343, 118.8147, 3.283906, 2.551616, 47.41694
 
35.60003, -0.005423958, -0.03661344, 19.67131, 0, 0.0333346296764799606927655399, 2036.161, -2117.713, -5.741346, 0.01966487, 0.1582343, 118.7219, 3.283906, 2.551616, 47.41694
 
35.61003, -0.005435219, -0.03666768, 19.65259, 0, 0.0334237075705979729303655399, 2032.634, -2117.713, -5.741346, 0.01966487, 0.1582343, 118.6292, 3.283906, 2.551616, 47.41694
 
35.62003, -0.005445003, -0.03672203, 19.63388, 0, 0.0335106412237982732539, 2029.112, -2117.713, -5.741346, 0.01966487, 0.1582343, 118.5364, 3.283906, 2.551616, 47.41694
 
35.63003, -0.005456838, -0.03677648, 19.6152, 0, 0.0336011281905192526727, 2025.597, -2117.713, -5.741346, 0.01966487, 0.1582343, 118.4438, 3.283906, 2.551616, 47.41694
 
35.64003, -0.005468843, -0.03683105, 19.59652, 0, 0.0336921818494828829222655399, 2022.085, -2117.713, -5.741346, 0.01966487, 0.1582343, 118.3511, 3.283906, 2.551616, 47.41694
 
35.65002, -0.005479923, -0.03688573, 19.57785, 0, 0.0337819795959087795815, 2018.577, -2117.713, -5.741346, 0.01966487, 0.1582343, 118.2585, 3.283906, 2.551616, 47.41694
 
35.66002, -0.00549254, -0.03694053, 19.5592, 0, 0.0338745342235145477988, 2015.075, -2117.713, -5.741346, 0.01966487, 0.1582343, 118.1659, 3.283906, 2.551616, 47.41694
 
35.67002, -0.005504252, -0.03699546, 19.54055, 0, 0.0339658942026091047103, 2011.576, -2117.713, -5.741346, 0.01966487, 0.1582343, 118.0733, 3.283906, 2.551616, 47.41694
 
35.68002, -0.005515072, -0.0370505, 19.52192, 0, 0.0340560442171858963249, 2008.083, -2117.713, -5.741346, 0.01966487, 0.1582343, 117.9807, 3.283906, 2.551616, 47.41694
 
35.69002, -0.005526789, -0.03710565, 19.50331, 0, 0.0341479249405032889338, 2004.595, -2117.713, -5.741346, 0.01966487, 0.1582343, 117.8882, 3.283906, 2.551616, 47.41694
 
35.70002, -0.005537978, -0.03716092, 19.48471, 0, 0.0342391930235585218987, 2001.112, -2117.713, -5.741346, 0.01966487, 0.1582343, 117.7957, 3.283906, 2.551616, 47.41694
 
35.71001, -0.005548298, -0.0372163, 19.46612, 0, 0.0343292817741090975489, 1997.633, -2117.713, -5.741346, 0.01966487, 0.1582343, 117.7032, 3.283906, 2.551616, 47.41694
 
35.72001, -0.005559227, -0.03727178, 19.44754, 0, 0.0344206417532036544604, 1994.159, -2117.713, -5.741346, 0.01966487, 0.1582343, 117.6107, 3.283906, 2.551616, 47.41694
 
35.73001, -0.005569996, -0.03732738, 19.42898, 0, 0.0345119864162916573808, 1990.69, -2117.713, -5.741346, 0.01966487, 0.1582343, 117.5183, 3.283906, 2.551616, 47.41694
 
35.74001, -0.005579931, -0.03738308, 19.41043, 0, 0.0346021976948946649598, 1987.225, -2117.713, -5.741346, 0.01966487, 0.1582343, 117.4259, 3.283906, 2.551616, 47.41694
 
35.75001, -0.005590167, -0.03743888, 19.39188, 0, 0.0346931594578188181027, 1983.764, -2117.713, -5.741346, 0.01966487, 0.1582343, 117.3335, 3.283906, 2.551616, 47.41694
 
35.76001, -0.005600945, -0.03749478, 19.37336, 0, 0.034785254605227966587, 1980.31, -2117.713, -5.741346, 0.01966487, 0.1582343, 117.2412, 3.283906, 2.551616, 47.41694
 
35.77, -0.005612216, -0.03755079, 19.35484, 0, 0.0348784371891024484394, 1976.859, -2117.713, -5.741346, 0.01966487, 0.1582343, 117.1489, 3.283906, 2.551616, 47.41694
 
35.78, -0.00562252, -0.03760691, 19.33634, 0, 0.034970271964400179075, 1973.414, -2117.713, -5.741346, 0.01966487, 0.1582343, 117.0566, 3.283906, 2.551616, 47.41694
 
35.79, -0.00563467, -0.03766314, 19.31786, 0, 0.0350654303131201257793, 1969.974, -2117.713, -5.741346, 0.01966487, 0.1582343, 116.9643, 3.283906, 2.551616, 47.41694
 
35.8, -0.005646057, -0.03771948, 19.29938, 0, 0.0351595931214139099020344601, 1966.538, -2117.713, -5.741346, 0.01966487, 0.1582343, 116.8721, 3.283906, 2.551616, 47.41694
 
35.81, -0.005657026, -0.03777594, 19.28091, 0, 0.0352533270815243354340344601, 1963.105, -2117.713, -5.741346, 0.01966487, 0.1582343, 116.7799, 3.283906, 2.551616, 47.41694
 
35.82, -0.005669018, -0.03783251, 19.26246, 0, 0.035349036806480378978, 1959.678, -2117.713, -5.741346, 0.01966487, 0.1582343, 116.6877, 3.283906, 2.551616, 47.41694
 
35.82999, -0.005680948, -0.0378892, 19.24402, 0, 0.0354449150075085164240655399, 1956.256, -2117.713, -5.741346, 0.01966487, 0.1582343, 116.5955, 3.283906, 2.551616, 47.41694
 
35.83999, -0.005691828, -0.03794601, 19.2256, 0, 0.0355393075559006104133, 1952.839, -2117.713, -5.741346, 0.01966487, 0.1582343, 116.5034, 3.283906, 2.551616, 47.41694
 
35.84999, -0.005702352, -0.03800293, 19.20719, 0, 0.0356333478361421157673, 1949.427, -2117.713, -5.741346, 0.01966487, 0.1582343, 116.4113, 3.283906, 2.551616, 47.41694
 
35.85999, -0.005714255, -0.03805995, 19.18878, 0, 0.0357300071535043535994, 1946.017, -2117.713, -5.741346, 0.01966487, 0.1582343, 116.3192, 3.283906, 2.551616, 47.41694
 
35.86999, -0.005726146, -0.0381171, 19.1704, 0, 0.035826896210964901298, 1942.615, -2117.713, -5.741346, 0.01966487, 0.1582343, 116.2271, 3.283906, 2.551616, 47.41694
 
35.87999, -0.005736694, -0.03817436, 19.15202, 0, 0.0359217941875734301536, 1939.216, -2117.713, -5.741346, 0.01966487, 0.1582343, 116.1351, 3.283906, 2.551616, 47.41694
 
35.88998, -0.005747586, -0.03823172, 19.13366, 0, 0.0360175345445424285197, 1935.821, -2117.713, -5.741346, 0.01966487, 0.1582343, 116.0431, 3.283906, 2.551616, 47.41694
 
35.89998, -0.005758171, -0.0382892, 19.1153, 0, 0.0361130145294000090371, 1932.431, -2117.713, -5.741346, 0.01966487, 0.1582343, 115.9511, 3.283906, 2.551616, 47.41694
 
35.90998, -0.005769193, -0.03834678, 19.09696, 0, 0.0362095053706901529671, 1929.046, -2117.713, -5.741346, 0.01966487, 0.1582343, 115.8591, 3.283906, 2.551616, 47.41694
 
35.91998, -0.005779922, -0.03840448, 19.07863, 0, 0.0363057817878883878616344601, 1925.665, -2117.713, -5.741346, 0.01966487, 0.1582343, 115.7672, 3.283906, 2.551616, 47.41694
 
35.92998, -0.005790715, -0.03846227, 19.06033, 0, 0.0364023951572311168805, 1922.29, -2117.713, -5.741346, 0.01966487, 0.1582343, 115.6753, 3.283906, 2.551616, 47.41694
 
35.93998, -0.005802479, -0.03852018, 19.04203, 0, 0.0365009536594062027690655399, 1918.92, -2117.713, -5.741346, 0.01966487, 0.1582343, 115.5834, 3.283906, 2.551616, 47.41694
 
35.94997, -0.005814957, -0.0385782, 19.02374, 0, 0.0366010437622365346075655399, 1915.553, -2117.713, -5.741346, 0.01966487, 0.1582343, 115.4916, 3.283906, 2.551616, 47.41694
 
35.95997, -0.005826867, -0.03863635, 19.00547, 0, 0.0367004140127588288643655399, 1912.192, -2117.713, -5.741346, 0.01966487, 0.1582343, 115.3997, 3.283906, 2.551616, 47.41694
 
35.96997, -0.005840241, -0.03869462, 18.9872, 0, 0.0368026177244933051545344601, 1908.834, -2117.713, -5.741346, 0.01966487, 0.1582343, 115.308, 3.283906, 2.551616, 47.41694
 
35.97997, -0.005852063, -0.03875302, 18.96896, 0, 0.0369024321392058183133, 1905.483, -2117.713, -5.741346, 0.01966487, 0.1582343, 115.2162, 3.283906, 2.551616, 47.41694
 
35.98997, -0.005864639, -0.03881154, 18.95071, 0, 0.0370038394185997933864, 1902.134, -2117.713, -5.741346, 0.01966487, 0.1582343, 115.1244, 3.283906, 2.551616, 47.41694
 
35.99997, -0.005877024, -0.03887019, 18.93249, 0, 0.0371052007499741064862, 1898.791, -2117.713, -5.741346, 0.01966487, 0.1582343, 115.0327, 3.283906, 2.551616, 47.41694
 
36.00996, -0.005888525, -0.03892896, 18.91428, 0, 0.0372053214848175463069, 1895.453, -2117.713, -5.741346, 0.01966487, 0.1582343, 114.941, 3.283906, 2.551616, 47.41694
 
36.01996, -0.005900184, -0.03898785, 18.89608, 0, 0.0373060089119034837983, 1892.119, -2117.713, -5.741346, 0.01966487, 0.1582343, 114.8494, 3.283906, 2.551616, 47.41694
 
36.02996, -0.005911987, -0.03904685, 18.87789, 0, 0.0374072170832122569871, 1888.789, -2117.713, -5.741346, 0.01966487, 0.1582343, 114.7578, 3.283906, 2.551616, 47.41694
 
36.03996, -0.005922976, -0.03910597, 18.85971, 0, 0.0375072918700360348345, 1885.465, -2117.713, -5.741346, 0.01966487, 0.1582343, 114.6662, 3.283906, 2.551616, 47.41694
 
36.04996, -0.005934128, -0.0391652, 18.84156, 0, 0.0376079486651088643437, 1882.145, -2117.713, -5.741346, 0.01966487, 0.1582343, 114.5746, 3.283906, 2.551616, 47.41694
 
36.05996, -0.005945154, -0.03922454, 18.8234, 0, 0.0377086514082013558262, 1878.829, -2117.713, -5.741346, 0.01966487, 0.1582343, 114.483, 3.283906, 2.551616, 47.41694
 
36.06995, -0.005956702, -0.03928399, 18.80527, 0, 0.0378105487998050586145, 1875.518, -2117.713, -5.741346, 0.01966487, 0.1582343, 114.3915, 3.283906, 2.551616, 47.41694
 
36.07995, -0.005969342, -0.03934355, 18.78715, 0, 0.0379146363803461352901655399, 1872.212, -2117.713, -5.741346, 0.01966487, 0.1582343, 114.3, 3.283906, 2.551616, 47.41694
 
36.08995, -0.005982194, -0.03940325, 18.76904, 0, 0.0380194284971883892363, 1868.911, -2117.713, -5.741346, 0.01966487, 0.1582343, 114.2085, 3.283906, 2.551616, 47.41694
 
36.09995, -0.005995272, -0.03946307, 18.75094, 0, 0.0381248945183191719509, 1865.614, -2117.713, -5.741346, 0.01966487, 0.1582343, 114.1171, 3.283906, 2.551616, 47.41694
 
36.10995, -0.006007586, -0.03952302, 18.73285, 0, 0.0382293343670108372618, 1862.322, -2117.713, -5.741346, 0.01966487, 0.1582343, 114.0257, 3.283906, 2.551616, 47.41694
 
36.11995, -0.006019813, -0.03958309, 18.71478, 0, 0.0383339120597613353325344601, 1859.034, -2117.713, -5.741346, 0.01966487, 0.1582343, 113.9343, 3.283906, 2.551616, 47.41694
 
36.12994, -0.006032629, -0.03964329, 18.69671, 0, 0.0384398528770954449313, 1855.75, -2117.713, -5.741346, 0.01966487, 0.1582343, 113.8429, 3.283906, 2.551616, 47.41694
 
36.13994, -0.006045709, -0.03970362, 18.67867, 0, 0.038546559494757100925, 1852.47, -2117.713, -5.741346, 0.01966487, 0.1582343, 113.7516, 3.283906, 2.551616, 47.41694
 
36.14994, -0.006058738, -0.03976408, 18.66063, 0, 0.0386534958525170667852, 1849.196, -2117.713, -5.741346, 0.01966487, 0.1582343, 113.6603, 3.283906, 2.551616, 47.41694
 
36.15994, -0.006071387, -0.03982466, 18.6426, 0, 0.038760064626119736859, 1845.926, -2117.713, -5.741346, 0.01966487, 0.1582343, 113.569, 3.283906, 2.551616, 47.41694
 
36.16994, -0.006084002, -0.03988538, 18.62459, 0, 0.0388668784558274239504655399, 1842.66, -2117.713, -5.741346, 0.01966487, 0.1582343, 113.4777, 3.283906, 2.551616, 47.41694
 
36.17994, -0.006097569, -0.03994622, 18.60658, 0, 0.0389756986823933775559, 1839.399, -2117.713, -5.741346, 0.01966487, 0.1582343, 113.3865, 3.283906, 2.551616, 47.41694
 
36.18993, -0.006109816, -0.0400072, 18.5886, 0, 0.0390824818800878035051, 1836.143, -2117.713, -5.741346, 0.01966487, 0.1582343, 113.2953, 3.283906, 2.551616, 47.41694
 
36.19993, -0.006121376, -0.04006829, 18.57062, 0, 0.0391883308013824359972, 1832.89, -2117.713, -5.741346, 0.01966487, 0.1582343, 113.2041, 3.283906, 2.551616, 47.41694
 
36.20993, -0.006133288, -0.04012951, 18.55265, 0, 0.0392950986830703079553, 1829.643, -2117.713, -5.741346, 0.01966487, 0.1582343, 113.1129, 3.283906, 2.551616, 47.41694
 
36.21993, -0.006144564, -0.04019084, 18.53471, 0, 0.0394010241843975572428344601, 1826.401, -2117.713, -5.741346, 0.01966487, 0.1582343, 113.0218, 3.283906, 2.551616, 47.41694
 
36.22993, -0.006156207, -0.04025229, 18.51678, 0, 0.0395079145941380142898, 1823.163, -2117.713, -5.741346, 0.01966487, 0.1582343, 112.9307, 3.283906, 2.551616, 47.41694
 
36.23993, -0.006167902, -0.04031385, 18.49885, 0, 0.0396151879040421679542, 1819.929, -2117.713, -5.741346, 0.01966487, 0.1582343, 112.8397, 3.283906, 2.551616, 47.41694
 
36.24992, -0.00617932, -0.04037553, 18.48094, 0, 0.0397222621058612728943655399, 1816.7, -2117.713, -5.741346, 0.01966487, 0.1582343, 112.7486, 3.283906, 2.551616, 47.41694
 
36.25992, -0.006191968, -0.04043732, 18.46303, 0, 0.039831878764768034037, 1813.475, -2117.713, -5.741346, 0.01966487, 0.1582343, 112.6576, 3.283906, 2.551616, 47.41694
 
36.26992, -0.006204992, -0.04049924, 18.44514, 0, 0.0399424909641009577612, 1810.255, -2117.713, -5.741346, 0.01966487, 0.1582343, 112.5666, 3.283906, 2.551616, 47.41694
 
36.27992, -0.006218759, -0.04056128, 18.42727, 0, 0.0400547726081484196753655399, 1807.039, -2117.713, -5.741346, 0.01966487, 0.1582343, 112.4757, 3.283906, 2.551616, 47.41694
 
36.28992, -0.006232313, -0.04062347, 18.40941, 0, 0.040166992988169359305, 1803.829, -2117.713, -5.741346, 0.01966487, 0.1582343, 112.3848, 3.283906, 2.551616, 47.41694
 
36.29992, -0.006245604, -0.0406858, 18.39156, 0, 0.0402790755241314661748, 1800.622, -2117.713, -5.741346, 0.01966487, 0.1582343, 112.2939, 3.283906, 2.551616, 47.41694
 
36.30991, -0.006258667, -0.04074825, 18.37371, 0, 0.0403910661640540959379344601, 1797.419, -2117.713, -5.741346, 0.01966487, 0.1582343, 112.203, 3.283906, 2.551616, 47.41694
 
36.31991, -0.006271551, -0.04081083, 18.35589, 0, 0.0405030414879706311901655399, 1794.221, -2117.713, -5.741346, 0.01966487, 0.1582343, 112.1121, 3.283906, 2.551616, 47.41694
 
36.32991, -0.006284212, -0.04087355, 18.33807, 0, 0.0406149402318539370067, 1791.028, -2117.713, -5.741346, 0.01966487, 0.1582343, 112.0213, 3.283906, 2.551616, 47.41694
 
36.33991, -0.006297046, -0.04093639, 18.32028, 0, 0.0407274669320061096184, 1787.839, -2117.713, -5.741346, 0.01966487, 0.1582343, 111.9305, 3.283906, 2.551616, 47.41694
 
36.34991, -0.006309677, -0.04099936, 18.30248, 0, 0.0408399476841386202568, 1784.655, -2117.713, -5.741346, 0.01966487, 0.1582343, 111.8398, 3.283906, 2.551616, 47.41694
 
36.35991, -0.006321819, -0.04106246, 18.28471, 0, 0.0409518464280219260733344601, 1781.476, -2117.713, -5.741346, 0.01966487, 0.1582343, 111.749, 3.283906, 2.551616, 47.41694
 
36.3699, -0.00633383, -0.04112568, 18.26694, 0, 0.0410638217519384613255655399, 1778.3, -2117.713, -5.741346, 0.01966487, 0.1582343, 111.6583, 3.283906, 2.551616, 47.41694
 
36.3799, -0.006346009, -0.04118901, 18.24919, 0, 0.0411764250321232507327, 1775.129, -2117.713, -5.741346, 0.01966487, 0.1582343, 111.5676, 3.283906, 2.551616, 47.41694
 
36.3899, -0.006358421, -0.04125248, 18.23145, 0, 0.0412897787966293388638, 1771.963, -2117.713, -5.741346, 0.01966487, 0.1582343, 111.477, 3.283906, 2.551616, 47.41694
 
36.3999, -0.006370354, -0.04131606, 18.21372, 0, 0.0414025658688927761641344601, 1768.8, -2117.713, -5.741346, 0.01966487, 0.1582343, 111.3864, 3.283906, 2.551616, 47.41694
 
36.4099, -0.006383994, -0.04137976, 18.19601, 0, 0.0415188449906508297554, 1765.643, -2117.713, -5.741346, 0.01966487, 0.1582343, 111.2958, 3.283906, 2.551616, 47.41694
 
36.4199, -0.006397858, -0.0414436, 18.17831, 0, 0.0416358745967298757505, 1762.491, -2117.713, -5.741346, 0.01966487, 0.1582343, 111.2052, 3.283906, 2.551616, 47.41694
 
36.42989, -0.00641129, -0.04150758, 18.16062, 0, 0.0417524447226123020126, 1759.342, -2117.713, -5.741346, 0.01966487, 0.1582343, 111.1147, 3.283906, 2.551616, 47.41694
 
36.43989, -0.00642495, -0.04157169, 18.14295, 0, 0.0418697806488224278297, 1756.198, -2117.713, -5.741346, 0.01966487, 0.1582343, 111.0242, 3.283906, 2.551616, 47.41694
 
36.44989, -0.006438561, -0.04163594, 18.12528, 0, 0.0419873922631505254866, 1753.058, -2117.713, -5.741346, 0.01966487, 0.1582343, 110.9337, 3.283906, 2.551616, 47.41694
 
36.45989, -0.00645276, -0.04170033, 18.10762, 0, 0.0421064435820946983069, 1749.922, -2117.713, -5.741346, 0.01966487, 0.1582343, 110.8433, 3.283906, 2.551616, 47.41694
 
36.46989, -0.006466599, -0.04176485, 18.08998, 0, 0.042225157948894683323, 1746.792, -2117.713, -5.741346, 0.01966487, 0.1582343, 110.7528, 3.283906, 2.551616, 47.41694
 
36.47989, -0.006480058, -0.04182952, 18.07236, 0, 0.0423435047315375257127655399, 1743.665, -2117.713, -5.741346, 0.01966487, 0.1582343, 110.6624, 3.283906, 2.551616, 47.41694
 
36.48988, -0.00649317, -0.04189432, 18.05474, 0, 0.0424615605100553827914344601, 1740.542, -2117.713, -5.741346, 0.01966487, 0.1582343, 110.5721, 3.283906, 2.551616, 47.41694
 
36.49988, -0.006507225, -0.04195925, 18.03713, 0, 0.0425817145814717492910655399, 1737.425, -2117.713, -5.741346, 0.01966487, 0.1582343, 110.4817, 3.283906, 2.551616, 47.41694
 
36.50988, -0.006519341, -0.04202433, 18.01954, 0, 0.0426985603954719942329, 1734.311, -2117.713, -5.741346, 0.01966487, 0.1582343, 110.3914, 3.283906, 2.551616, 47.41694
 
36.51988, -0.006532447, -0.04208952, 18.00196, 0, 0.0428176117144161670532, 1731.202, -2117.713, -5.741346, 0.01966487, 0.1582343, 110.3011, 3.283906, 2.551616, 47.41694
 
36.52988, -0.006546221, -0.04215484, 17.98439, 0, 0.0429382865300552160901655399, 1728.097, -2117.713, -5.741346, 0.01966487, 0.1582343, 110.2109, 3.283906, 2.551616, 47.41694
 
36.53988, -0.006559384, -0.0422203, 17.96684, 0, 0.0430581342813401964476655399, 1724.997, -2117.713, -5.741346, 0.01966487, 0.1582343, 110.1206, 3.283906, 2.551616, 47.41694
 
36.54987, -0.006572571, -0.0422859, 17.94929, 0, 0.0431783802487954274137, 1721.901, -2117.713, -5.741346, 0.01966487, 0.1582343, 110.0304, 3.283906, 2.551616, 47.41694
 
36.55987, -0.006585174, -0.04235162, 17.93176, 0, 0.0432978604159229588247344601, 1718.809, -2117.713, -5.741346, 0.01966487, 0.1582343, 109.9402, 3.283906, 2.551616, 47.41694
 
36.56987, -0.006598789, -0.04241747, 17.91424, 0, 0.0434196073520207872387, 1715.722, -2117.713, -5.741346, 0.01966487, 0.1582343, 109.8501, 3.283906, 2.551616, 47.41694
 
36.57987, -0.006612653, -0.04248346, 17.89675, 0, 0.043542181352472378012, 1712.641, -2117.713, -5.741346, 0.01966487, 0.1582343, 109.76, 3.283906, 2.551616, 47.41694
 
36.58987, -0.006626579, -0.04254959, 17.87925, 0, 0.0436652454651338496605655399, 1709.562, -2117.713, -5.741346, 0.01966487, 0.1582343, 109.6699, 3.283906, 2.551616, 47.41694
 
36.59986, -0.006641564, -0.04261585, 17.86176, 0, 0.0437907141908239915917, 1706.488, -2117.713, -5.741346, 0.01966487, 0.1582343, 109.5799, 3.283906, 2.551616, 47.41694
 
36.60986, -0.006655727, -0.04268227, 17.84431, 0, 0.0439149576359899673949, 1703.419, -2117.713, -5.741346, 0.01966487, 0.1582343, 109.4899, 3.283906, 2.551616, 47.41694
 
36.61986, -0.006669614, -0.04274882, 17.82684, 0, 0.0440390326050836961359344601, 1700.354, -2117.713, -5.741346, 0.01966487, 0.1582343, 109.3999, 3.283906, 2.551616, 47.41694
 
36.62986, -0.006683649, -0.04281552, 17.8094, 0, 0.0441637661624595528144, 1697.293, -2117.713, -5.741346, 0.01966487, 0.1582343, 109.3099, 3.283906, 2.551616, 47.41694
 
36.63986, -0.006698454, -0.04288236, 17.79197, 0, 0.044290368272634843247, 1694.236, -2117.713, -5.741346, 0.01966487, 0.1582343, 109.22, 3.283906, 2.551616, 47.41694
 
36.64986, -0.006712803, -0.04294934, 17.77455, 0, 0.0444164649545938519733, 1691.184, -2117.713, -5.741346, 0.01966487, 0.1582343, 109.13, 3.283906, 2.551616, 47.41694
 
36.65985, -0.0067273, -0.04301647, 17.75714, 0, 0.0445432049088281283258, 1688.136, -2117.713, -5.741346, 0.01966487, 0.1582343, 109.0402, 3.283906, 2.551616, 47.41694
 
36.66985, -0.006741283, -0.04308374, 17.73974, 0, 0.0446693322228002450343, 1685.092, -2117.713, -5.741346, 0.01966487, 0.1582343, 108.9503, 3.283906, 2.551616, 47.41694
 
36.67985, -0.006755181, -0.04315116, 17.72236, 0, 0.0447956586448575636271, 1682.053, -2117.713, -5.741346, 0.01966487, 0.1582343, 108.8605, 3.283906, 2.551616, 47.41694
 
36.68985, -0.006768936, -0.04321871, 17.70499, 0, 0.0449220616469478053354655399, 1679.018, -2117.713, -5.741346, 0.01966487, 0.1582343, 108.7707, 3.283906, 2.551616, 47.41694
 
36.69985, -0.006782539, -0.04328639, 17.68762, 0, 0.0450485412290706638392655399, 1675.987, -2117.713, -5.741346, 0.01966487, 0.1582343, 108.6809, 3.283906, 2.551616, 47.41694
 
36.70985, -0.006796384, -0.04335422, 17.67028, 0, 0.0451758631915538386935, 1672.961, -2117.713, -5.741346, 0.01966487, 0.1582343, 108.5911, 3.283906, 2.551616, 47.41694
 
36.71984, -0.006809533, -0.04342218, 17.65294, 0, 0.0453021896136111572863, 1669.938, -2117.713, -5.741346, 0.01966487, 0.1582343, 108.5014, 3.283906, 2.551616, 47.41694
 
36.72984, -0.006823841, -0.04349028, 17.63561, 0, 0.0454311503887957623483, 1666.92, -2117.713, -5.741346, 0.01966487, 0.1582343, 108.4117, 3.283906, 2.551616, 47.41694
 
36.73984, -0.006837117, -0.04355852, 17.61831, 0, 0.0455584570352725363715, 1663.908, -2117.713, -5.741346, 0.01966487, 0.1582343, 108.3221, 3.283906, 2.551616, 47.41694
 
36.74984, -0.006852086, -0.04362689, 17.60101, 0, 0.0456894701553355294009655399, 1660.899, -2117.713, -5.741346, 0.01966487, 0.1582343, 108.2325, 3.283906, 2.551616, 47.41694
 
36.75984, -0.006867022, -0.04369541, 17.58372, 0, 0.0458208202275424039145, 1657.894, -2117.713, -5.741346, 0.01966487, 0.1582343, 108.1429, 3.283906, 2.551616, 47.41694
 
36.76984, -0.006882158, -0.04376408, 17.56645, 0, 0.0459529514160836851342, 1654.894, -2117.713, -5.741346, 0.01966487, 0.1582343, 108.0533, 3.283906, 2.551616, 47.41694
 
36.77983, -0.006896663, -0.0438329, 17.54919, 0, 0.0460842249082579428523, 1651.898, -2117.713, -5.741346, 0.01966487, 0.1582343, 107.9638, 3.283906, 2.551616, 47.41694
 
36.78983, -0.006911492, -0.04390187, 17.53194, 0, 0.0462165245728713179741, 1648.906, -2117.713, -5.741346, 0.01966487, 0.1582343, 107.8743, 3.283906, 2.551616, 47.41694
 
36.79983, -0.006926334, -0.04397098, 17.5147, 0, 0.0463492530856682048467, 1645.919, -2117.713, -5.741346, 0.01966487, 0.1582343, 107.7848, 3.283906, 2.551616, 47.41694
 
36.80983, -0.006942077, -0.04404025, 17.49748, 0, 0.0464841717874023124466, 1642.936, -2117.713, -5.741346, 0.01966487, 0.1582343, 107.6954, 3.283906, 2.551616, 47.41694
 
36.81983, -0.006956899, -0.04410967, 17.48026, 0, 0.0466176661005268988742, 1639.956, -2117.713, -5.741346, 0.01966487, 0.1582343, 107.606, 3.283906, 2.551616, 47.41694
 
36.82983, -0.006971444, -0.04417924, 17.46306, 0, 0.0467509919375792382396344601, 1636.981, -2117.713, -5.741346, 0.01966487, 0.1582343, 107.5166, 3.283906, 2.551616, 47.41694
 
36.83982, -0.00698638, -0.04424895, 17.44587, 0, 0.0468854817911301404088655399, 1634.011, -2117.713, -5.741346, 0.01966487, 0.1582343, 107.4272, 3.283906, 2.551616, 47.41694
 
36.84982, -0.007000359, -0.04431882, 17.42871, 0, 0.0470184400440251839879, 1631.046, -2117.713, -5.741346, 0.01966487, 0.1582343, 107.3379, 3.283906, 2.551616, 47.41694
 
36.85982, -0.007014133, -0.04438882, 17.41153, 0, 0.047151398296920380727, 1628.083, -2117.713, -5.741346, 0.01966487, 0.1582343, 107.2486, 3.283906, 2.551616, 47.41694
 
36.86982, -0.007028006, -0.04445896, 17.39438, 0, 0.0472849232420580751368, 1625.125, -2117.713, -5.741346, 0.01966487, 0.1582343, 107.1593, 3.283906, 2.551616, 47.41694
 
36.87982, -0.00704289, -0.04452924, 17.37724, 0, 0.0474208834322380072915655399, 1622.172, -2117.713, -5.741346, 0.01966487, 0.1582343, 107.0701, 3.283906, 2.551616, 47.41694
 
36.88982, -0.007057192, -0.04459967, 17.36011, 0, 0.0475560625060833795801, 1619.223, -2117.713, -5.741346, 0.01966487, 0.1582343, 106.9809, 3.283906, 2.551616, 47.41694
 
36.89981, -0.007071335, -0.04467024, 17.34299, 0, 0.0476913181599616749842, 1616.277, -2117.713, -5.741346, 0.01966487, 0.1582343, 106.8917, 3.283906, 2.551616, 47.41694
 
36.90981, -0.007085623, -0.04474096, 17.3259, 0, 0.0478272477181284991567655399, 1613.337, -2117.713, -5.741346, 0.01966487, 0.1582343, 106.8025, 3.283906, 2.551616, 47.41694
 
36.91981, -0.007101719, -0.04481181, 17.30881, 0, 0.0479672666500449326329, 1610.402, -2117.713, -5.741346, 0.01966487, 0.1582343, 106.7134, 3.283906, 2.551616, 47.41694
 
36.92981, -0.007117303, -0.04488283, 17.29172, 0, 0.0481066729416993596251, 1607.469, -2117.713, -5.741346, 0.01966487, 0.1582343, 106.6243, 3.283906, 2.551616, 47.41694
 
36.93981, -0.007133057, -0.044954, 17.27466, 0, 0.0482468297176747790211344601, 1604.542, -2117.713, -5.741346, 0.01966487, 0.1582343, 106.5353, 3.283906, 2.551616, 47.41694
 
36.94981, -0.007148663, -0.04502533, 17.2576, 0, 0.0483871243377093374971344601, 1601.618, -2117.713, -5.741346, 0.01966487, 0.1582343, 106.4463, 3.283906, 2.551616, 47.41694
 
36.9598, -0.007163195, -0.04509682, 17.24056, 0, 0.0485256116689708313434655399, 1598.699, -2117.713, -5.741346, 0.01966487, 0.1582343, 106.3573, 3.283906, 2.551616, 47.41694
 
36.9698, -0.007178538, -0.04516846, 17.22354, 0, 0.0486661819771232084992, 1595.785, -2117.713, -5.741346, 0.01966487, 0.1582343, 106.2683, 3.283906, 2.551616, 47.41694
 
36.9798, -0.007193766, -0.04524024, 17.20652, 0, 0.0488069360773543867082, 1592.874, -2117.713, -5.741346, 0.01966487, 0.1582343, 106.1794, 3.283906, 2.551616, 47.41694
 
36.9898, -0.00720922, -0.04531218, 17.18952, 0, 0.0489485631899589892498344601, 1589.967, -2117.713, -5.741346, 0.01966487, 0.1582343, 106.0905, 3.283906, 2.551616, 47.41694
 
36.9998, -0.007223928, -0.04538427, 17.17252, 0, 0.0490890722340853036012344601, 1587.065, -2117.713, -5.741346, 0.01966487, 0.1582343, 106.0016, 3.283906, 2.551616, 47.41694
 
37.0098, -0.007238602, -0.04545651, 17.15554, 0, 0.0492299182303559589169, 1584.167, -2117.713, -5.741346, 0.01966487, 0.1582343, 105.9128, 3.283906, 2.551616, 47.41694
 
37.01979, -0.007253814, -0.0455289, 17.13857, 0, 0.0493723111432884141736, 1581.272, -2117.713, -5.741346, 0.01966487, 0.1582343, 105.824, 3.283906, 2.551616, 47.41694
 
37.02979, -0.0072693, -0.04560144, 17.12161, 0, 0.0495156842806403248607, 1578.382, -2117.713, -5.741346, 0.01966487, 0.1582343, 105.7352, 3.283906, 2.551616, 47.41694
 
37.03979, -0.007284088, -0.04567413, 17.10467, 0, 0.0496580312455529649840344601, 1575.497, -2117.713, -5.741346, 0.01966487, 0.1582343, 105.6464, 3.283906, 2.551616, 47.41694
 
37.04979, -0.007299165, -0.04574697, 17.08774, 0, 0.0498013890668984748401, 1572.615, -2117.713, -5.741346, 0.01966487, 0.1582343, 105.5577, 3.283906, 2.551616, 47.41694
 
37.05979, -0.007313669, -0.04581996, 17.07082, 0, 0.0499439964039226859722, 1569.738, -2117.713, -5.741346, 0.01966487, 0.1582343, 105.469, 3.283906, 2.551616, 47.41694
 
37.06979, -0.007327894, -0.0458931, 17.05391, 0, 0.05008640463286169522, 1566.865, -2117.713, -5.741346, 0.01966487, 0.1582343, 105.3803, 3.283906, 2.551616, 47.41694
 
37.07978, -0.007342074, -0.04596638, 17.03701, 0, 0.0502291344979383382809, 1563.996, -2117.713, -5.741346, 0.01966487, 0.1582343, 105.2917, 3.283906, 2.551616, 47.41694
 
37.08978, -0.007356264, -0.0460398, 17.02012, 0, 0.0503723085272052002437655399, 1561.13, -2117.713, -5.741346, 0.01966487, 0.1582343, 105.2031, 3.283906, 2.551616, 47.41694
 
37.09978, -0.007371136, -0.04611336, 17.00325, 0, 0.0505173357932647888096, 1558.27, -2117.713, -5.741346, 0.01966487, 0.1582343, 105.1145, 3.283906, 2.551616, 47.41694
 
37.10978, -0.007387701, -0.04618708, 16.98639, 0, 0.0506663452210287213815655399, 1555.414, -2117.713, -5.741346, 0.01966487, 0.1582343, 105.026, 3.283906, 2.551616, 47.41694
 
37.11978, -0.007403066, -0.04626095, 16.96955, 0, 0.0508132716719011580038655399, 1552.563, -2117.713, -5.741346, 0.01966487, 0.1582343, 104.9375, 3.283906, 2.551616, 47.41694
 
37.12978, -0.007418851, -0.04633498, 16.95271, 0, 0.0509615306153434855317344601, 1549.714, -2117.713, -5.741346, 0.01966487, 0.1582343, 104.849, 3.283906, 2.551616, 47.41694
 
37.13977, -0.007434697, -0.04640917, 16.93589, 0, 0.0511103715670351710415344601, 1546.87, -2117.713, -5.741346, 0.01966487, 0.1582343, 104.7606, 3.283906, 2.551616, 47.41694
 
37.14977, -0.007451226, -0.04648352, 16.91908, 0, 0.0512610810715265966256, 1544.031, -2117.713, -5.741346, 0.01966487, 0.1582343, 104.6722, 3.283906, 2.551616, 47.41694
 
37.15977, -0.007466899, -0.04655803, 16.90228, 0, 0.0514104580834476718239, 1541.195, -2117.713, -5.741346, 0.01966487, 0.1582343, 104.5838, 3.283906, 2.551616, 47.41694
 
37.16977, -0.007482139, -0.0466327, 16.88549, 0, 0.0515593296671523121558344601, 1538.364, -2117.713, -5.741346, 0.01966487, 0.1582343, 104.4955, 3.283906, 2.551616, 47.41694
 
37.17977, -0.007498085, -0.04670752, 16.86872, 0, 0.0517101616996961696687, 1535.537, -2117.713, -5.741346, 0.01966487, 0.1582343, 104.4071, 3.283906, 2.551616, 47.41694
 
37.18977, -0.007514196, -0.0467825, 16.85196, 0, 0.0518618054805872355498, 1532.714, -2117.713, -5.741346, 0.01966487, 0.1582343, 104.3188, 3.283906, 2.551616, 47.41694
 
37.19976, -0.007530187, -0.04685765, 16.8352, 0, 0.0520136330535567961640344601, 1529.895, -2117.713, -5.741346, 0.01966487, 0.1582343, 104.2306, 3.283906, 2.551616, 47.41694
 
37.20976, -0.007545065, -0.04693295, 16.81846, 0, 0.0521635154936944593887655399, 1527.079, -2117.713, -5.741346, 0.01966487, 0.1582343, 104.1423, 3.283906, 2.551616, 47.41694
 
37.21976, -0.007560746, -0.0470084, 16.80173, 0, 0.0523155728067621767094344601, 1524.268, -2117.713, -5.741346, 0.01966487, 0.1582343, 104.0541, 3.283906, 2.551616, 47.41694
 
37.22976, -0.007576338, -0.04708401, 16.78501, 0, 0.0524679058079481721900344601, 1521.461, -2117.713, -5.741346, 0.01966487, 0.1582343, 103.966, 3.283906, 2.551616, 47.41694
 
37.23976, -0.007591842, -0.04715978, 16.76831, 0, 0.0526204685492326306972, 1518.658, -2117.713, -5.741346, 0.01966487, 0.1582343, 103.8778, 3.283906, 2.551616, 47.41694
 
37.24976, -0.007607203, -0.04723569, 16.75162, 0, 0.0527731844505824759553, 1515.86, -2117.713, -5.741346, 0.01966487, 0.1582343, 103.7897, 3.283906, 2.551616, 47.41694
 
37.25975, -0.007622192, -0.04731176, 16.73494, 0, 0.052925532767775025427, 1513.066, -2117.713, -5.741346, 0.01966487, 0.1582343, 103.7016, 3.283906, 2.551616, 47.41694
 
37.26975, -0.007639335, -0.04738799, 16.71828, 0, 0.0530830119471630087571344601, 1510.276, -2117.713, -5.741346, 0.01966487, 0.1582343, 103.6136, 3.283906, 2.551616, 47.41694
 
37.27975, -0.007656042, -0.04746438, 16.70163, 0, 0.0532400010143414175321344601, 1507.491, -2117.713, -5.741346, 0.01966487, 0.1582343, 103.5256, 3.283906, 2.551616, 47.41694
 
37.28975, -0.007672447, -0.04754094, 16.68498, 0, 0.0533968369214542863961344601, 1504.709, -2117.713, -5.741346, 0.01966487, 0.1582343, 103.4377, 3.283906, 2.551616, 47.41694
 
37.29975, -0.007689408, -0.04761767, 16.66835, 0, 0.0535553575892882474412, 1501.931, -2117.713, -5.741346, 0.01966487, 0.1582343, 103.3497, 3.283906, 2.551616, 47.41694
 
37.30975, -0.007706166, -0.04769456, 16.65174, 0, 0.0537138935731286093173, 1499.158, -2117.713, -5.741346, 0.01966487, 0.1582343, 103.2618, 3.283906, 2.551616, 47.41694
 
37.31974, -0.007722146, -0.04777163, 16.63513, 0, 0.0538712042764448050654655399, 1496.388, -2117.713, -5.741346, 0.01966487, 0.1582343, 103.1739, 3.283906, 2.551616, 47.41694
 
37.32974, -0.007738209, -0.04784885, 16.61855, 0, 0.0540291582520359621197, 1493.623, -2117.713, -5.741346, 0.01966487, 0.1582343, 103.0861, 3.283906, 2.551616, 47.41694
 
37.33974, -0.007754867, -0.04792623, 16.60196, 0, 0.0541889195164006432838, 1490.861, -2117.713, -5.741346, 0.01966487, 0.1582343, 102.9983, 3.283906, 2.551616, 47.41694
 
37.34974, -0.007771311, -0.04800378, 16.58538, 0, 0.0543486807807653244479, 1488.104, -2117.713, -5.741346, 0.01966487, 0.1582343, 102.9105, 3.283906, 2.551616, 47.41694
 
37.35974, -0.007788381, -0.04808149, 16.56882, 0, 0.0545102952819230385351, 1485.35, -2117.713, -5.741346, 0.01966487, 0.1582343, 102.8227, 3.283906, 2.551616, 47.41694
 
37.36974, -0.007803959, -0.04815938, 16.55228, 0, 0.0546690916378749714199655399, 1482.601, -2117.713, -5.741346, 0.01966487, 0.1582343, 102.735, 3.283906, 2.551616, 47.41694
 
37.37973, -0.007820504, -0.04823742, 16.53575, 0, 0.0548305223469540376139655399, 1479.856, -2117.713, -5.741346, 0.01966487, 0.1582343, 102.6473, 3.283906, 2.551616, 47.41694
 
37.38973, -0.00783657, -0.04831562, 16.51923, 0, 0.0549913404157707910039, 1477.116, -2117.713, -5.741346, 0.01966487, 0.1582343, 102.5597, 3.283906, 2.551616, 47.41694
 
37.39973, -0.007852321, -0.04839399, 16.50272, 0, 0.0551519440604959416785, 1474.378, -2117.713, -5.741346, 0.01966487, 0.1582343, 102.4721, 3.283906, 2.551616, 47.41694
 
37.40973, -0.007868257, -0.04847251, 16.48622, 0, 0.0553134207175948230058655399, 1471.646, -2117.713, -5.741346, 0.01966487, 0.1582343, 102.3845, 3.283906, 2.551616, 47.41694
 
37.41973, -0.007884552, -0.04855119, 16.46973, 0, 0.0554762145512570412477, 1468.916, -2117.713, -5.741346, 0.01966487, 0.1582343, 102.2969, 3.283906, 2.551616, 47.41694
 
37.42973, -0.007900734, -0.04863004, 16.45326, 0, 0.0556392074930046145339, 1466.191, -2117.713, -5.741346, 0.01966487, 0.1582343, 102.2094, 3.283906, 2.551616, 47.41694
 
37.43972, -0.007918396, -0.04870904, 16.4368, 0, 0.0558060294363906855951, 1463.471, -2117.713, -5.741346, 0.01966487, 0.1582343, 102.1219, 3.283906, 2.551616, 47.41694
 
37.44972, -0.007934217, -0.04878823, 16.42035, 0, 0.0559691908542105059434655399, 1460.754, -2117.713, -5.741346, 0.01966487, 0.1582343, 102.0344, 3.283906, 2.551616, 47.41694
 
37.45972, -0.007949956, -0.04886757, 16.40391, 0, 0.0561326585921610997937, 1458.041, -2117.713, -5.741346, 0.01966487, 0.1582343, 101.947, 3.283906, 2.551616, 47.41694
 
37.46972, -0.007967215, -0.04894707, 16.38749, 0, 0.0563000319117831145345, 1455.333, -2117.713, -5.741346, 0.01966487, 0.1582343, 101.8596, 3.283906, 2.551616, 47.41694
 
37.47972, -0.007984508, -0.04902674, 16.37108, 0, 0.0564679872396541809371, 1452.629, -2117.713, -5.741346, 0.01966487, 0.1582343, 101.7723, 3.283906, 2.551616, 47.41694
 
37.48972, -0.008001484, -0.04910658, 16.35468, 0, 0.0566357434594400454554, 1449.929, -2117.713, -5.741346, 0.01966487, 0.1582343, 101.6849, 3.283906, 2.551616, 47.41694
 
37.49971, -0.00801836, -0.0491866, 16.33829, 0, 0.0568037600513374809824655399, 1447.232, -2117.713, -5.741346, 0.01966487, 0.1582343, 101.5976, 3.283906, 2.551616, 47.41694
 
37.50971, -0.008036074, -0.04926678, 16.32191, 0, 0.0569742118882768479343655399, 1444.54, -2117.713, -5.741346, 0.01966487, 0.1582343, 101.5104, 3.283906, 2.551616, 47.41694
 
37.51971, -0.008053066, -0.04934714, 16.30556, 0, 0.0571434997087179584026, 1441.852, -2117.713, -5.741346, 0.01966487, 0.1582343, 101.4232, 3.283906, 2.551616, 47.41694
 
37.52971, -0.008069469, -0.04942767, 16.2892, 0, 0.0573119757808120136626655399, 1439.168, -2117.713, -5.741346, 0.01966487, 0.1582343, 101.336, 3.283906, 2.551616, 47.41694
 
37.53971, -0.008086142, -0.04950837, 16.27287, 0, 0.0574815699213842039529, 1436.488, -2117.713, -5.741346, 0.01966487, 0.1582343, 101.2488, 3.283906, 2.551616, 47.41694
 
37.54971, -0.008103687, -0.04958923, 16.25653, 0, 0.0576536758870312487835344601, 1433.811, -2117.713, -5.741346, 0.01966487, 0.1582343, 101.1617, 3.283906, 2.551616, 47.41694
 
37.5597, -0.008121213, -0.04967026, 16.24022, 0, 0.0578262566488817736584, 1431.139, -2117.713, -5.741346, 0.01966487, 0.1582343, 101.0746, 3.283906, 2.551616, 47.41694
 
37.5697, -0.008137554, -0.04975148, 16.22392, 0, 0.0579966012737751095125344601, 1428.471, -2117.713, -5.741346, 0.01966487, 0.1582343, 100.9875, 3.283906, 2.551616, 47.41694
 
37.5797, -0.008154529, -0.04983285, 16.20762, 0, 0.0581689522955273245209, 1425.806, -2117.713, -5.741346, 0.01966487, 0.1582343, 100.9005, 3.283906, 2.551616, 47.41694
 
37.5897, -0.008170992, -0.0499144, 16.19134, 0, 0.0583406294129910107608, 1423.146, -2117.713, -5.741346, 0.01966487, 0.1582343, 100.8135, 3.283906, 2.551616, 47.41694
 
37.5997, -0.008187807, -0.04999611, 16.17508, 0, 0.0585136083910117862442, 1420.49, -2117.713, -5.741346, 0.01966487, 0.1582343, 100.7265, 3.283906, 2.551616, 47.41694
 
37.6097, -0.008204269, -0.05007799, 16.15882, 0, 0.0586862963649080358967, 1417.837, -2117.713, -5.741346, 0.01966487, 0.1582343, 100.6396, 3.283906, 2.551616, 47.41694
 
37.61969, -0.008221097, -0.05016003, 16.14257, 0, 0.0588603474633877439171655399, 1415.189, -2117.713, -5.741346, 0.01966487, 0.1582343, 100.5527, 3.283906, 2.551616, 47.41694
 
37.62969, -0.008237463, -0.05024224, 16.12634, 0, 0.0590338471856312019379, 1412.544, -2117.713, -5.741346, 0.01966487, 0.1582343, 100.4658, 3.283906, 2.551616, 47.41694
 
37.63969, -0.008256095, -0.05032461, 16.11012, 0, 0.0592131057263391137723, 1409.905, -2117.713, -5.741346, 0.01966487, 0.1582343, 100.379, 3.283906, 2.551616, 47.41694
 
37.64969, -0.008273885, -0.05040717, 16.09392, 0, 0.0593909705104504592565344601, 1407.269, -2117.713, -5.741346, 0.01966487, 0.1582343, 100.2922, 3.283906, 2.551616, 47.41694
 
37.65969, -0.00829182, -0.05048991, 16.07773, 0, 0.0595697083069356885536, 1404.637, -2117.713, -5.741346, 0.01966487, 0.1582343, 100.2055, 3.283906, 2.551616, 47.41694
 
37.66969, -0.008309582, -0.05057283, 16.06154, 0, 0.0597486145794927054326344601, 1402.008, -2117.713, -5.741346, 0.01966487, 0.1582343, 100.1187, 3.283906, 2.551616, 47.41694
 
37.67968, -0.00832784, -0.05065592, 16.04537, 0, 0.0599292056127709676528, 1399.383, -2117.713, -5.741346, 0.01966487, 0.1582343, 100.032, 3.283906, 2.551616, 47.41694
 
37.68968, -0.008345959, -0.0507392, 16.02921, 0, 0.0601100110701408325883, 1396.763, -2117.713, -5.741346, 0.01966487, 0.1582343, 99.94537, 3.283906, 2.551616, 47.41694
 
37.69968, -0.008363622, -0.05082266, 16.01306, 0, 0.0602902957832880149864655399, 1394.147, -2117.713, -5.741346, 0.01966487, 0.1582343, 99.85875, 3.283906, 2.551616, 47.41694
 
37.70968, -0.008381171, -0.0509063, 15.99693, 0, 0.0604708715005594168954, 1391.534, -2117.713, -5.741346, 0.01966487, 0.1582343, 99.77216, 3.283906, 2.551616, 47.41694
 
37.71968, -0.008398932, -0.05099011, 15.9808, 0, 0.0606524887062766433592, 1388.925, -2117.713, -5.741346, 0.01966487, 0.1582343, 99.68559, 3.283906, 2.551616, 47.41694
 
37.72968, -0.008417252, -0.0510741, 15.96469, 0, 0.0608359591487869027461, 1386.321, -2117.713, -5.741346, 0.01966487, 0.1582343, 99.59907, 3.283906, 2.551616, 47.41694
 
37.73967, -0.008434521, -0.05115828, 15.9486, 0, 0.0610174844584648052633, 1383.721, -2117.713, -5.741346, 0.01966487, 0.1582343, 99.51258, 3.283906, 2.551616, 47.41694
 
37.74967, -0.008452038, -0.05124262, 15.93251, 0, 0.0612001737846408111041, 1381.124, -2117.713, -5.741346, 0.01966487, 0.1582343, 99.42612, 3.283906, 2.551616, 47.41694
 
37.75967, -0.008469818, -0.05132714, 15.91642, 0, 0.0613840271273149202685, 1378.53, -2117.713, -5.741346, 0.01966487, 0.1582343, 99.33968, 3.283906, 2.551616, 47.41694
 
37.76967, -0.008488134, -0.05141184, 15.90037, 0, 0.0615697030747688012137344601, 1375.942, -2117.713, -5.741346, 0.01966487, 0.1582343, 99.2533, 3.283906, 2.551616, 47.41694
 
37.77967, -0.008505192, -0.05149672, 15.88432, 0, 0.0617529284611741967430344601, 1373.357, -2117.713, -5.741346, 0.01966487, 0.1582343, 99.16695, 3.283906, 2.551616, 47.41694
 
37.78967, -0.008522867, -0.05158177, 15.86828, 0, 0.0619381908764515794087655399, 1370.776, -2117.713, -5.741346, 0.01966487, 0.1582343, 99.08063, 3.283906, 2.551616, 47.41694
 
37.79966, -0.008540092, -0.051667, 15.85225, 0, 0.0621229172314991129058, 1368.199, -2117.713, -5.741346, 0.01966487, 0.1582343, 98.99435, 3.283906, 2.551616, 47.41694
 
37.80966, -0.008559148, -0.0517524, 15.83623, 0, 0.0623126366046832475014344601, 1365.625, -2117.713, -5.741346, 0.01966487, 0.1582343, 98.90807, 3.283906, 2.551616, 47.41694
 
37.81966, -0.008577022, -0.05183799, 15.82023, 0, 0.0625000585768845897522, 1363.056, -2117.713, -5.741346, 0.01966487, 0.1582343, 98.82185, 3.283906, 2.551616, 47.41694
 
37.82966, -0.008593965, -0.05192376, 15.80424, 0, 0.0626857804723584389908655399, 1360.491, -2117.713, -5.741346, 0.01966487, 0.1582343, 98.73569, 3.283906, 2.551616, 47.41694
 
37.83966, -0.00861333, -0.0520097, 15.78826, 0, 0.0628779350905846581714, 1357.93, -2117.713, -5.741346, 0.01966487, 0.1582343, 98.64954, 3.283906, 2.551616, 47.41694
 
37.84966, -0.008631736, -0.05209583, 15.77229, 0, 0.0630683436840637223665344601, 1355.372, -2117.713, -5.741346, 0.01966487, 0.1582343, 98.56342, 3.283906, 2.551616, 47.41694
 
37.85965, -0.008650768, -0.05218215, 15.75634, 0, 0.0632608505704408365024344601, 1352.819, -2117.713, -5.741346, 0.01966487, 0.1582343, 98.47736, 3.283906, 2.551616, 47.41694
 
37.86965, -0.008669535, -0.05226866, 15.7404, 0, 0.0634533115087984418251, 1350.27, -2117.713, -5.741346, 0.01966487, 0.1582343, 98.39133, 3.283906, 2.551616, 47.41694
 
37.87965, -0.008688129, -0.05235536, 15.72447, 0, 0.0636459256072212807386344601, 1347.724, -2117.713, -5.741346, 0.01966487, 0.1582343, 98.30532, 3.283906, 2.551616, 47.41694
 
37.88965, -0.008706628, -0.05244224, 15.70855, 0, 0.0638389072898017217587, 1345.182, -2117.713, -5.741346, 0.01966487, 0.1582343, 98.21935, 3.283906, 2.551616, 47.41694
 
37.89965, -0.008725297, -0.05252931, 15.69265, 0, 0.0640328845128078658801344601, 1342.645, -2117.713, -5.741346, 0.01966487, 0.1582343, 98.13342, 3.283906, 2.551616, 47.41694
 
37.90965, -0.008743688, -0.05261656, 15.67675, 0, 0.064226754523768438384, 1340.111, -2117.713, -5.741346, 0.01966487, 0.1582343, 98.04752, 3.283906, 2.551616, 47.41694
 
37.91964, -0.008762511, -0.052704, 15.66087, 0, 0.0644222786634366887666, 1337.581, -2117.713, -5.741346, 0.01966487, 0.1582343, 97.96165, 3.283906, 2.551616, 47.41694
 
37.92964, -0.008780791, -0.05279162, 15.645, 0, 0.0646170829507969015675, 1335.054, -2117.713, -5.741346, 0.01966487, 0.1582343, 97.87582, 3.283906, 2.551616, 47.41694
 
37.93964, -0.00879979, -0.05287943, 15.62914, 0, 0.0648142305871598750067, 1332.532, -2117.713, -5.741346, 0.01966487, 0.1582343, 97.79003, 3.283906, 2.551616, 47.41694
 
37.94964, -0.008817685, -0.05296743, 15.61329, 0, 0.0650092339826052896919, 1330.014, -2117.713, -5.741346, 0.01966487, 0.1582343, 97.70428, 3.283906, 2.551616, 47.41694
 
37.95964, -0.008835626, -0.05305561, 15.59747, 0, 0.0652049419143521879677, 1327.5, -2117.713, -5.741346, 0.01966487, 0.1582343, 97.61855, 3.283906, 2.551616, 47.41694
 
37.96964, -0.008853764, -0.05314396, 15.58164, 0, 0.0654017525985709736027, 1324.988, -2117.713, -5.741346, 0.01966487, 0.1582343, 97.53286, 3.283906, 2.551616, 47.41694
 
37.97963, -0.008872292, -0.0532325, 15.56583, 0, 0.0656001101994517123388, 1322.481, -2117.713, -5.741346, 0.01966487, 0.1582343, 97.44719, 3.283906, 2.551616, 47.41694
 
37.98963, -0.008891029, -0.05332122, 15.55004, 0, 0.0657995705528043384341, 1319.979, -2117.713, -5.741346, 0.01966487, 0.1582343, 97.36157, 3.283906, 2.551616, 47.41694
 
37.99963, -0.008909035, -0.05341014, 15.53424, 0, 0.0659978362576457532236, 1317.479, -2117.713, -5.741346, 0.01966487, 0.1582343, 97.27599, 3.283906, 2.551616, 47.41694
 
38.00963, -0.008927154, -0.05349923, 15.51847, 0, 0.0661969443428476375236, 1314.984, -2117.713, -5.741346, 0.01966487, 0.1582343, 97.19045, 3.283906, 2.551616, 47.41694
 
38.01963, -0.008946931, -0.0535885, 15.50271, 0, 0.0664008157060876598956344601, 1312.494, -2117.713, -5.741346, 0.01966487, 0.1582343, 97.10497, 3.283906, 2.551616, 47.41694
 
38.02962, -0.008966264, -0.05367797, 15.48697, 0, 0.0666041816411117068815, 1310.007, -2117.713, -5.741346, 0.01966487, 0.1582343, 97.01952, 3.283906, 2.551616, 47.41694
 
38.03962, -0.008985478, -0.05376763, 15.47124, 0, 0.0668078692122733876804655399, 1307.524, -2117.713, -5.741346, 0.01966487, 0.1582343, 96.93409, 3.283906, 2.551616, 47.41694
 
38.04962, -0.009004907, -0.05385749, 15.45551, 0, 0.0670127361159395726340655399, 1305.044, -2117.713, -5.741346, 0.01966487, 0.1582343, 96.84869, 3.283906, 2.551616, 47.41694
 
38.05962, -0.009024805, -0.05394753, 15.43979, 0, 0.0672194256243856825285655399, 1302.568, -2117.713, -5.741346, 0.01966487, 0.1582343, 96.76333, 3.283906, 2.551616, 47.41694
 
38.06962, -0.009044696, -0.05403778, 15.42409, 0, 0.0674267430891003528981, 1300.095, -2117.713, -5.741346, 0.01966487, 0.1582343, 96.67799, 3.283906, 2.551616, 47.41694
 
38.07962, -0.009064485, -0.05412823, 15.4084, 0, 0.0676344128219660713830655399, 1297.627, -2117.713, -5.741346, 0.01966487, 0.1582343, 96.59271, 3.283906, 2.551616, 47.41694
 
38.08961, -0.009083578, -0.05421887, 15.39273, 0, 0.0678409491703466413665655399, 1295.163, -2117.713, -5.741346, 0.01966487, 0.1582343, 96.50746, 3.283906, 2.551616, 47.41694
 
38.09961, -0.009102948, -0.05430971, 15.37706, 0, 0.0680488180112972554157, 1292.703, -2117.713, -5.741346, 0.01966487, 0.1582343, 96.42224, 3.283906, 2.551616, 47.41694
 
38.10961, -0.009122598, -0.05440074, 15.36141, 0, 0.0682580652928378818239, 1290.246, -2117.713, -5.741346, 0.01966487, 0.1582343, 96.33704, 3.283906, 2.551616, 47.41694
 
38.11961, -0.009141884, -0.05449197, 15.34577, 0, 0.0684669756222343204279, 1287.793, -2117.713, -5.741346, 0.01966487, 0.1582343, 96.25191, 3.283906, 2.551616, 47.41694
 
38.12961, -0.009161081, -0.05458339, 15.33015, 0, 0.0686763147998142707827, 1285.344, -2117.713, -5.741346, 0.01966487, 0.1582343, 96.16681, 3.283906, 2.551616, 47.41694
 
38.13961, -0.009180034, -0.054675, 15.31453, 0, 0.0688856692934006219685344601, 1282.899, -2117.713, -5.741346, 0.01966487, 0.1582343, 96.08173, 3.283906, 2.551616, 47.41694
 
38.1496, -0.009199284, -0.0547668, 15.29892, 0, 0.0690964328595902466557, 1280.457, -2117.713, -5.741346, 0.01966487, 0.1582343, 95.99669, 3.283906, 2.551616, 47.41694
 
38.1596, -0.009218884, -0.05485879, 15.28333, 0, 0.0693087127104285633017, 1278.019, -2117.713, -5.741346, 0.01966487, 0.1582343, 95.91167, 3.283906, 2.551616, 47.41694
 
38.1696, -0.009238172, -0.05495098, 15.26774, 0, 0.0695208547172078940278, 1275.585, -2117.713, -5.741346, 0.01966487, 0.1582343, 95.82671, 3.283906, 2.551616, 47.41694
 
38.1796, -0.009256875, -0.05504336, 15.25218, 0, 0.0697321083956070932701, 1273.155, -2117.713, -5.741346, 0.01966487, 0.1582343, 95.74178, 3.283906, 2.551616, 47.41694
 
38.1896, -0.009275924, -0.05513593, 15.23662, 0, 0.0699448936746616916224, 1270.729, -2117.713, -5.741346, 0.01966487, 0.1582343, 95.65689, 3.283906, 2.551616, 47.41694
 
38.1996, -0.009295288, -0.05522869, 15.22108, 0, 0.0701591339743389191292, 1268.306, -2117.713, -5.741346, 0.01966487, 0.1582343, 95.57204, 3.283906, 2.551616, 47.41694
 
38.20959, -0.009315898, -0.05532164, 15.20554, 0, 0.0703772798556874143665, 1265.888, -2117.713, -5.741346, 0.01966487, 0.1582343, 95.48722, 3.283906, 2.551616, 47.41694
 
38.21959, -0.009334538, -0.0554148, 15.19003, 0, 0.0705909381471154370514344601, 1263.473, -2117.713, -5.741346, 0.01966487, 0.1582343, 95.40246, 3.283906, 2.551616, 47.41694
 
38.22959, -0.009354915, -0.05550815, 15.17452, 0, 0.0708097732487588618882344601, 1261.062, -2117.713, -5.741346, 0.01966487, 0.1582343, 95.31773, 3.283906, 2.551616, 47.41694
 
38.23959, -0.009375375, -0.0556017, 15.15903, 0, 0.0710294966787825713689, 1258.656, -2117.713, -5.741346, 0.01966487, 0.1582343, 95.23302, 3.283906, 2.551616, 47.41694
 
38.24959, -0.009396049, -0.05569545, 15.14354, 0, 0.0712504607053370009686, 1256.253, -2117.713, -5.741346, 0.01966487, 0.1582343, 95.14838, 3.283906, 2.551616, 47.41694
 
38.25959, -0.009416106, -0.05578941, 15.12807, 0, 0.0714704751394850831201, 1253.853, -2117.713, -5.741346, 0.01966487, 0.1582343, 95.06377, 3.283906, 2.551616, 47.41694
 
38.26958, -0.009436275, -0.05588357, 15.11261, 0, 0.071691469798052620702, 1251.457, -2117.713, -5.741346, 0.01966487, 0.1582343, 94.97919, 3.283906, 2.551616, 47.41694
 
38.27958, -0.009456258, -0.05597793, 15.09717, 0, 0.0719126482486986530170344601, 1249.065, -2117.713, -5.741346, 0.01966487, 0.1582343, 94.89464, 3.283906, 2.551616, 47.41694
 
38.28958, -0.009476823, -0.0560725, 15.08173, 0, 0.0721360322042889195306655399, 1246.677, -2117.713, -5.741346, 0.01966487, 0.1582343, 94.81014, 3.283906, 2.551616, 47.41694
 
38.29958, -0.0094965, -0.05616726, 15.06632, 0, 0.0723577467151643415342, 1244.293, -2117.713, -5.741346, 0.01966487, 0.1582343, 94.72568, 3.283906, 2.551616, 47.41694
 
38.30958, -0.009516664, -0.05626223, 15.05091, 0, 0.0725814216748788275586, 1241.913, -2117.713, -5.741346, 0.01966487, 0.1582343, 94.64124, 3.283906, 2.551616, 47.41694
 
38.31958, -0.009536448, -0.05635739, 15.03551, 0, 0.072804790314462233761, 1239.536, -2117.713, -5.741346, 0.01966487, 0.1582343, 94.55685, 3.283906, 2.551616, 47.41694
 
38.32957, -0.009556973, -0.05645276, 15.02012, 0, 0.0730308239391860344148, 1237.162, -2117.713, -5.741346, 0.01966487, 0.1582343, 94.47248, 3.283906, 2.551616, 47.41694
 
38.33957, -0.009577391, -0.05654833, 15.00475, 0, 0.0732572404640736848461, 1234.793, -2117.713, -5.741346, 0.01966487, 0.1582343, 94.38817, 3.283906, 2.551616, 47.41694
 
38.34957, -0.009596994, -0.0566441, 14.98938, 0, 0.0734821713363255981407, 1232.427, -2117.713, -5.741346, 0.01966487, 0.1582343, 94.30389, 3.283906, 2.551616, 47.41694
 
38.35957, -0.009616898, -0.05674007, 14.97404, 0, 0.073708587861213248572, 1230.066, -2117.713, -5.741346, 0.01966487, 0.1582343, 94.21964, 3.283906, 2.551616, 47.41694
 
38.36957, -0.009637038, -0.05683624, 14.9587, 0, 0.0739363215626645422379, 1227.708, -2117.713, -5.741346, 0.01966487, 0.1582343, 94.13542, 3.283906, 2.551616, 47.41694
 
38.37957, -0.009657013, -0.05693261, 14.94337, 0, 0.0741643309522338077436, 1225.353, -2117.713, -5.741346, 0.01966487, 0.1582343, 94.05125, 3.283906, 2.551616, 47.41694
 
38.38956, -0.009677329, -0.05702918, 14.92806, 0, 0.0743939332064846883237, 1223.002, -2117.713, -5.741346, 0.01966487, 0.1582343, 93.96712, 3.283906, 2.551616, 47.41694
 
38.39956, -0.009696967, -0.05712595, 14.91276, 0, 0.0746223867602440195713, 1220.655, -2117.713, -5.741346, 0.01966487, 0.1582343, 93.88303, 3.283906, 2.551616, 47.41694
 
38.40956, -0.009716894, -0.05722292, 14.89747, 0, 0.0748523259666390879556, 1218.312, -2117.713, -5.741346, 0.01966487, 0.1582343, 93.79898, 3.283906, 2.551616, 47.41694
 
38.41956, -0.009738007, -0.05732009, 14.88219, 0, 0.0750861707547055772304655399, 1215.972, -2117.713, -5.741346, 0.01966487, 0.1582343, 93.71497, 3.283906, 2.551616, 47.41694
 
38.42956, -0.009759576, -0.05741747, 14.86692, 0, 0.0753219913076173781971655399, 1213.636, -2117.713, -5.741346, 0.01966487, 0.1582343, 93.63097, 3.283906, 2.551616, 47.41694
 
38.43956, -0.00978009, -0.05751507, 14.85167, 0, 0.0755556369875985124276655399, 1211.305, -2117.713, -5.741346, 0.01966487, 0.1582343, 93.54705, 3.283906, 2.551616, 47.41694
 
38.44955, -0.00980087, -0.05761287, 14.83643, 0, 0.0757907223721955686615, 1208.977, -2117.713, -5.741346, 0.01966487, 0.1582343, 93.46317, 3.283906, 2.551616, 47.41694
 
38.45955, -0.009821981, -0.05771087, 14.8212, 0, 0.0760274465694940551031, 1206.652, -2117.713, -5.741346, 0.01966487, 0.1582343, 93.37931, 3.283906, 2.551616, 47.41694
 
38.46955, -0.009843265, -0.0578091, 14.80598, 0, 0.0762653654153035996904344601, 1204.331, -2117.713, -5.741346, 0.01966487, 0.1582343, 93.29549, 3.283906, 2.551616, 47.41694
 
38.47955, -0.009864984, -0.05790753, 14.79078, 0, 0.0765052140779392534765, 1202.014, -2117.713, -5.741346, 0.01966487, 0.1582343, 93.2117, 3.283906, 2.551616, 47.41694
 
38.48955, -0.009886517, -0.05800618, 14.77559, 0, 0.0767452771646665099779, 1199.701, -2117.713, -5.741346, 0.01966487, 0.1582343, 93.12797, 3.283906, 2.551616, 47.41694
 
38.49955, -0.009907478, -0.05810504, 14.76041, 0, 0.0769845131870400041199655399, 1197.391, -2117.713, -5.741346, 0.01966487, 0.1582343, 93.04427, 3.283906, 2.551616, 47.41694
 
38.50954, -0.009928342, -0.05820412, 14.74524, 0, 0.0772242393216227664970344601, 1195.085, -2117.713, -5.741346, 0.01966487, 0.1582343, 92.9606, 3.283906, 2.551616, 47.41694
 
38.51954, -0.00995, -0.0583034, 14.73009, 0, 0.0774668754974513998233655399, 1192.783, -2117.713, -5.741346, 0.01966487, 0.1582343, 92.87697, 3.283906, 2.551616, 47.41694
 
38.52954, -0.009971526, -0.0584029, 14.71494, 0, 0.0777098792574368694559, 1190.484, -2117.713, -5.741346, 0.01966487, 0.1582343, 92.7934, 3.283906, 2.551616, 47.41694
 
38.53954, -0.009992038, -0.05850261, 14.69981, 0, 0.0779508306725442574411, 1188.189, -2117.713, -5.741346, 0.01966487, 0.1582343, 92.70985, 3.283906, 2.551616, 47.41694
 
38.54954, -0.01001299, -0.05860253, 14.68469, 0, 0.0781937425364907094471655399, 1185.898, -2117.713, -5.741346, 0.01966487, 0.1582343, 92.62635, 3.283906, 2.551616, 47.41694
 
38.55954, -0.0100343, -0.05870266, 14.66958, 0, 0.0784383851091774561274, 1183.61, -2117.713, -5.741346, 0.01966487, 0.1582343, 92.54288, 3.283906, 2.551616, 47.41694
 
38.56953, -0.01005551, -0.05880301, 14.65448, 0, 0.0786835177940740836829, 1181.326, -2117.713, -5.741346, 0.01966487, 0.1582343, 92.45944, 3.283906, 2.551616, 47.41694
 
38.57953, -0.01007688, -0.05890356, 14.6394, 0, 0.0789298144954689677220655399, 1179.046, -2117.713, -5.741346, 0.01966487, 0.1582343, 92.37606, 3.283906, 2.551616, 47.41694
 
38.58953, -0.01009746, -0.05900433, 14.62433, 0, 0.0791746714922473171176344601, 1176.77, -2117.713, -5.741346, 0.01966487, 0.1582343, 92.29272, 3.283906, 2.551616, 47.41694
 
38.59953, -0.01011828, -0.05910531, 14.60927, 0, 0.0794209375616290931746, 1174.496, -2117.713, -5.741346, 0.01966487, 0.1582343, 92.2094, 3.283906, 2.551616, 47.41694
 
38.60953, -0.01013921, -0.05920649, 14.59422, 0, 0.0796683063834826034307, 1172.227, -2117.713, -5.741346, 0.01966487, 0.1582343, 92.12612, 3.283906, 2.551616, 47.41694
 
38.61953, -0.0101602, -0.05930788, 14.57919, 0, 0.0799165329017032903484655399, 1169.962, -2117.713, -5.741346, 0.01966487, 0.1582343, 92.04291, 3.283906, 2.551616, 47.41694
 
38.62952, -0.01018045, -0.05940948, 14.56417, 0, 0.0801634116113469197293, 1167.701, -2117.713, -5.741346, 0.01966487, 0.1582343, 91.95974, 3.283906, 2.551616, 47.41694
 
38.63952, -0.01020249, -0.05951129, 14.54916, 0, 0.0804161257194877728793, 1165.443, -2117.713, -5.741346, 0.01966487, 0.1582343, 91.87661, 3.283906, 2.551616, 47.41694
 
38.64952, -0.01022476, -0.05961331, 14.53417, 0, 0.0806702489002315932105, 1163.188, -2117.713, -5.741346, 0.01966487, 0.1582343, 91.79351, 3.283906, 2.551616, 47.41694
 
38.65952, -0.01024726, -0.05971556, 14.51918, 0, 0.0809258271015981958562655399, 1160.938, -2117.713, -5.741346, 0.01966487, 0.1582343, 91.71045, 3.283906, 2.551616, 47.41694
 
38.66952, -0.01027001, -0.05981803, 14.50421, 0, 0.0811829062716069364697655399, 1158.691, -2117.713, -5.741346, 0.01966487, 0.1582343, 91.62744, 3.283906, 2.551616, 47.41694
 
38.67952, -0.01029186, -0.05992073, 14.48925, 0, 0.0814381934688487069645, 1156.448, -2117.713, -5.741346, 0.01966487, 0.1582343, 91.54447, 3.283906, 2.551616, 47.41694
 
38.68951, -0.01031372, -0.06002365, 14.47431, 0, 0.0816943230464511001298, 1154.209, -2117.713, -5.741346, 0.01966487, 0.1582343, 91.46154, 3.283906, 2.551616, 47.41694
 
38.69951, -0.01033602, -0.06012679, 14.45937, 0, 0.0819525049689317281025, 1151.972, -2117.713, -5.741346, 0.01966487, 0.1582343, 91.37864, 3.283906, 2.551616, 47.41694
 
38.70951, -0.01035846, -0.06023015, 14.44444, 0, 0.082211881539923567381, 1149.74, -2117.713, -5.741346, 0.01966487, 0.1582343, 91.29578, 3.283906, 2.551616, 47.41694
 
38.71951, -0.01038105, -0.06033374, 14.42953, 0, 0.0824724987074464330986655399, 1147.51, -2117.713, -5.741346, 0.01966487, 0.1582343, 91.21294, 3.283906, 2.551616, 47.41694
 
38.72951, -0.01040358, -0.06043755, 14.41463, 0, 0.0827337285152311521402, 1145.285, -2117.713, -5.741346, 0.01966487, 0.1582343, 91.13018, 3.283906, 2.551616, 47.41694
 
38.73951, -0.01042572, -0.06054158, 14.39974, 0, 0.0829946366868783905287, 1143.064, -2117.713, -5.741346, 0.01966487, 0.1582343, 91.04745, 3.283906, 2.551616, 47.41694
 
38.7495, -0.01044788, -0.06064584, 14.38486, 0, 0.0832564331869056072409344601, 1140.846, -2117.713, -5.741346, 0.01966487, 0.1582343, 90.96474, 3.283906, 2.551616, 47.41694
 
38.7595, -0.0104704, -0.06075032, 14.37, 0, 0.0835200522917129020541344601, 1138.631, -2117.713, -5.741346, 0.01966487, 0.1582343, 90.88208, 3.283906, 2.551616, 47.41694
 
38.7695, -0.01049297, -0.06085502, 14.35515, 0, 0.0837846363049332514667, 1136.421, -2117.713, -5.741346, 0.01966487, 0.1582343, 90.79948, 3.283906, 2.551616, 47.41694
 
38.7795, -0.01051428, -0.06095995, 14.34031, 0, 0.0840463868569411125257655399, 1134.214, -2117.713, -5.741346, 0.01966487, 0.1582343, 90.71691, 3.283906, 2.551616, 47.41694
 
38.7895, -0.01053621, -0.06106509, 14.32549, 0, 0.0843107104980495846094344601, 1132.01, -2117.713, -5.741346, 0.01966487, 0.1582343, 90.63438, 3.283906, 2.551616, 47.41694
 
38.7995, -0.01055838, -0.06117046, 14.31067, 0, 0.0845765657398137621232344601, 1129.811, -2117.713, -5.741346, 0.01966487, 0.1582343, 90.55189, 3.283906, 2.551616, 47.41694
 
38.80949, -0.0105805, -0.06127604, 14.29587, 0, 0.0848430642538533604233, 1127.615, -2117.713, -5.741346, 0.01966487, 0.1582343, 90.46945, 3.283906, 2.551616, 47.41694
 
38.81949, -0.0106021, -0.06138184, 14.28109, 0, 0.0851088735475980291238655399, 1125.422, -2117.713, -5.741346, 0.01966487, 0.1582343, 90.38705, 3.283906, 2.551616, 47.41694
 
38.82949, -0.01062361, -0.06148786, 14.26631, 0, 0.0853752035855653803617655399, 1123.233, -2117.713, -5.741346, 0.01966487, 0.1582343, 90.30469, 3.283906, 2.551616, 47.41694
 
38.83949, -0.01064547, -0.0615941, 14.25154, 0, 0.0856434174923387193449, 1121.048, -2117.713, -5.741346, 0.01966487, 0.1582343, 90.22237, 3.283906, 2.551616, 47.41694
 
38.84949, -0.01066732, -0.06170056, 14.23678, 0, 0.0859124125154464650342, 1118.865, -2117.713, -5.741346, 0.01966487, 0.1582343, 90.14008, 3.283906, 2.551616, 47.41694
 
38.85949, -0.01068951, -0.06180723, 14.22205, 0, 0.0861831688793079197, 1116.688, -2117.713, -5.741346, 0.01966487, 0.1582343, 90.05786, 3.283906, 2.551616, 47.41694
 
38.86948, -0.01071238, -0.06191412, 14.20733, 0, 0.0864567587043817095592344601, 1114.514, -2117.713, -5.741346, 0.01966487, 0.1582343, 89.97569, 3.283906, 2.551616, 47.41694
 
38.87948, -0.0107358, -0.06202125, 14.19261, 0, 0.0867328450385241062879, 1112.343, -2117.713, -5.741346, 0.01966487, 0.1582343, 89.89355, 3.283906, 2.551616, 47.41694
 
38.88948, -0.01075903, -0.06212861, 14.17791, 0, 0.0870092376927974296785, 1110.176, -2117.713, -5.741346, 0.01966487, 0.1582343, 89.81145, 3.283906, 2.551616, 47.41694
 
38.89948, -0.01078247, -0.0622362, 14.16321, 0, 0.0872870853676933822236, 1108.012, -2117.713, -5.741346, 0.01966487, 0.1582343, 89.72939, 3.283906, 2.551616, 47.41694
 
38.90948, -0.01080604, -0.06234402, 14.14854, 0, 0.0875661736391203612078655399, 1105.853, -2117.713, -5.741346, 0.01966487, 0.1582343, 89.64738, 3.283906, 2.551616, 47.41694
 
38.91948, -0.01082866, -0.06245208, 14.13388, 0, 0.0878433167777146770023, 1103.697, -2117.713, -5.741346, 0.01966487, 0.1582343, 89.56542, 3.283906, 2.551616, 47.41694
 
38.92947, -0.01085153, -0.06256036, 14.11922, 0, 0.0881220527809906078711344601, 1101.544, -2117.713, -5.741346, 0.01966487, 0.1582343, 89.48349, 3.283906, 2.551616, 47.41694
 
38.93947, -0.01087471, -0.06266888, 14.10458, 0, 0.0884025654410269548676344601, 1099.395, -2117.713, -5.741346, 0.01966487, 0.1582343, 89.4016, 3.283906, 2.551616, 47.41694
 
38.94947, -0.01089809, -0.06277763, 14.08996, 0, 0.0886845484376926381698, 1097.249, -2117.713, -5.741346, 0.01966487, 0.1582343, 89.31975, 3.283906, 2.551616, 47.41694
 
38.95947, -0.01092175, -0.06288661, 14.07534, 0, 0.0889682468270923684751655399, 1095.107, -2117.713, -5.741346, 0.01966487, 0.1582343, 89.23795, 3.283906, 2.551616, 47.41694
 
38.96947, -0.0109445, -0.06299583, 14.06073, 0, 0.0892500919796986063772344601, 1092.968, -2117.713, -5.741346, 0.01966487, 0.1582343, 89.1562, 3.283906, 2.551616, 47.41694
 
38.97947, -0.01096734, -0.06310527, 14.04614, 0, 0.0895330552007838982698655399, 1090.833, -2117.713, -5.741346, 0.01966487, 0.1582343, 89.07449, 3.283906, 2.551616, 47.41694
 
38.98946, -0.01099019, -0.06321494, 14.03156, 0, 0.0898169067502490153261655399, 1088.702, -2117.713, -5.741346, 0.01966487, 0.1582343, 88.99281, 3.283906, 2.551616, 47.41694
 
38.99946, -0.01101357, -0.06332485, 14.01699, 0, 0.0901032701247889869228655399, 1086.574, -2117.713, -5.741346, 0.01966487, 0.1582343, 88.91116, 3.283906, 2.551616, 47.41694
 
39.00946, -0.01103708, -0.06343498, 14.00244, 0, 0.0903908587798531246475, 1084.45, -2117.713, -5.741346, 0.01966487, 0.1582343, 88.82959, 3.283906, 2.551616, 47.41694
 
39.01946, -0.0110599, -0.06354535, 13.9879, 0, 0.0906772681024126050574344601, 1082.329, -2117.713, -5.741346, 0.01966487, 0.1582343, 88.74805, 3.283906, 2.551616, 47.41694
 
39.02946, -0.01108286, -0.06365595, 13.97336, 0, 0.0909649946015360350221, 1080.211, -2117.713, -5.741346, 0.01966487, 0.1582343, 88.66654, 3.283906, 2.551616, 47.41694
 
39.03946, -0.01110573, -0.06376678, 13.95884, 0, 0.0912533337409213183106344601, 1078.098, -2117.713, -5.741346, 0.01966487, 0.1582343, 88.58508, 3.283906, 2.551616, 47.41694
 
39.04945, -0.01112905, -0.06387784, 13.94434, 0, 0.091543924333270344611, 1075.987, -2117.713, -5.741346, 0.01966487, 0.1582343, 88.50365, 3.283906, 2.551616, 47.41694
 
39.05945, -0.01115242, -0.06398913, 13.92985, 0, 0.0918354951500386731817, 1073.881, -2117.713, -5.741346, 0.01966487, 0.1582343, 88.42231, 3.283906, 2.551616, 47.41694
 
39.06945, -0.01117642, -0.06410065, 13.91537, 0, 0.0921298994280194901059, 1071.779, -2117.713, -5.741346, 0.01966487, 0.1582343, 88.341, 3.283906, 2.551616, 47.41694
 
39.07945, -0.01120052, -0.06421242, 13.9009, 0, 0.0924255596185377343003, 1069.68, -2117.713, -5.741346, 0.01966487, 0.1582343, 88.25974, 3.283906, 2.551616, 47.41694
 
39.08945, -0.01122504, -0.06432442, 13.88645, 0, 0.0927234253139997532131, 1067.584, -2117.713, -5.741346, 0.01966487, 0.1582343, 88.1785, 3.283906, 2.551616, 47.41694
 
39.09945, -0.0112497, -0.06443667, 13.87201, 0, 0.0930226388180385233427, 1065.491, -2117.713, -5.741346, 0.01966487, 0.1582343, 88.09731, 3.283906, 2.551616, 47.41694
 
39.10944, -0.01127451, -0.06454917, 13.85758, 0, 0.0933232460786737066624, 1063.403, -2117.713, -5.741346, 0.01966487, 0.1582343, 88.01619, 3.283906, 2.551616, 47.41694
 
39.11944, -0.01129833, -0.06466191, 13.84316, 0, 0.093621693782384777237, 1061.318, -2117.713, -5.741346, 0.01966487, 0.1582343, 87.9351, 3.283906, 2.551616, 47.41694
 
39.12944, -0.01132236, -0.06477489, 13.82875, 0, 0.0939217649827905708682, 1059.236, -2117.713, -5.741346, 0.01966487, 0.1582343, 87.85405, 3.283906, 2.551616, 47.41694
 
39.13944, -0.01134675, -0.06488812, 13.81437, 0, 0.0942238272640483833424, 1057.158, -2117.713, -5.741346, 0.01966487, 0.1582343, 87.77304, 3.283906, 2.551616, 47.41694
 
39.14944, -0.01137116, -0.06500158, 13.79998, 0, 0.0945269616657649751936, 1055.083, -2117.713, -5.741346, 0.01966487, 0.1582343, 87.69207, 3.283906, 2.551616, 47.41694
 
39.15944, -0.01139594, -0.0651153, 13.78561, 0, 0.0948321637283662026832344601, 1053.012, -2117.713, -5.741346, 0.01966487, 0.1582343, 87.61115, 3.283906, 2.551616, 47.41694
 
39.16943, -0.01142079, -0.06522925, 13.77126, 0, 0.0951384991754528849944655399, 1050.945, -2117.713, -5.741346, 0.01966487, 0.1582343, 87.53027, 3.283906, 2.551616, 47.41694
 
39.17943, -0.01144492, -0.06534346, 13.75691, 0, 0.0954435633939951265642, 1048.88, -2117.713, -5.741346, 0.01966487, 0.1582343, 87.44945, 3.283906, 2.551616, 47.41694
 
39.18943, -0.01146929, -0.06545791, 13.74258, 0, 0.0957503276892651674661655399, 1046.82, -2117.713, -5.741346, 0.01966487, 0.1582343, 87.36866, 3.283906, 2.551616, 47.41694
 
39.19943, -0.01149363, -0.0655726, 13.72826, 0, 0.0960579190488888175674, 1044.762, -2117.713, -5.741346, 0.01966487, 0.1582343, 87.28792, 3.283906, 2.551616, 47.41694
 
39.20943, -0.01151825, -0.06568754, 13.71396, 0, 0.0963673330132925457696, 1042.71, -2117.713, -5.741346, 0.01966487, 0.1582343, 87.20723, 3.283906, 2.551616, 47.41694
 
39.21943, -0.01154204, -0.06580272, 13.69966, 0, 0.0966750775329820421019655399, 1040.659, -2117.713, -5.741346, 0.01966487, 0.1582343, 87.12659, 3.283906, 2.551616, 47.41694
 
39.22942, -0.01156579, -0.06591814, 13.68538, 0, 0.0969836491170253007936655399, 1038.612, -2117.713, -5.741346, 0.01966487, 0.1582343, 87.04598, 3.283906, 2.551616, 47.41694
 
39.23942, -0.01158989, -0.0660338, 13.67111, 0, 0.0972942883619531951238, 1036.57, -2117.713, -5.741346, 0.01966487, 0.1582343, 86.96542, 3.283906, 2.551616, 47.41694
 
39.24942, -0.01161431, -0.0661497, 13.65686, 0, 0.0976068727397134463236344601, 1034.53, -2117.713, -5.741346, 0.01966487, 0.1582343, 86.8849, 3.283906, 2.551616, 47.41694
 
39.25942, -0.01163891, -0.06626584, 13.64261, 0, 0.097921049982155618918, 1032.493, -2117.713, -5.741346, 0.01966487, 0.1582343, 86.80442, 3.283906, 2.551616, 47.41694
 
39.26942, -0.01166371, -0.06638222, 13.62838, 0, 0.0982367588252528843022344601, 1030.461, -2117.713, -5.741346, 0.01966487, 0.1582343, 86.72401, 3.283906, 2.551616, 47.41694
 
39.27942, -0.01168762, -0.06649886, 13.61416, 0, 0.0985506603795770850568, 1028.432, -2117.713, -5.741346, 0.01966487, 0.1582343, 86.64363, 3.283906, 2.551616, 47.41694
 
39.28941, -0.0117119, -0.06661574, 13.59995, 0, 0.098866660226799029432, 1026.406, -2117.713, -5.741346, 0.01966487, 0.1582343, 86.56329, 3.283906, 2.551616, 47.41694
 
39.29941, -0.01173611, -0.06673285, 13.58576, 0, 0.0991834258743488265222655399, 1024.384, -2117.713, -5.741346, 0.01966487, 0.1582343, 86.48302, 3.283906, 2.551616, 47.41694
 
39.30941, -0.01176181, -0.06685022, 13.57158, 0, 0.0995058890763364019816, 1022.366, -2117.713, -5.741346, 0.01966487, 0.1582343, 86.40281, 3.283906, 2.551616, 47.41694
 
39.31941, -0.011787, -0.06696783, 13.55741, 0, 0.0998277243220552638058344601, 1020.351, -2117.713, -5.741346, 0.01966487, 0.1582343, 86.32264, 3.283906, 2.551616, 47.41694
 
39.32941, -0.01181226, -0.0670857, 13.54326, 0, 0.1001507848482987512382, 1018.339, -2117.713, -5.741346, 0.01966487, 0.1582343, 86.24252, 3.283906, 2.551616, 47.41694
 
39.33941, -0.01183769, -0.06720382, 13.52912, 0, 0.1004754382392238537449655399, 1016.331, -2117.713, -5.741346, 0.01966487, 0.1582343, 86.16243, 3.283906, 2.551616, 47.41694
 
39.3494, -0.01186306, -0.06732219, 13.51499, 0, 0.1008008880624894574688, 1014.327, -2117.713, -5.741346, 0.01966487, 0.1582343, 86.08238, 3.283906, 2.551616, 47.41694
 
39.3594, -0.0118888, -0.06744082, 13.50087, 0, 0.1011285127586857279288344601, 1012.326, -2117.713, -5.741346, 0.01966487, 0.1582343, 86.0024, 3.283906, 2.551616, 47.41694
 
39.3694, -0.01191356, -0.06755971, 13.48677, 0, 0.1014539625819516379728, 1010.328, -2117.713, -5.741346, 0.01966487, 0.1582343, 85.92246, 3.283906, 2.551616, 47.41694
 
39.3794, -0.0119385, -0.06767885, 13.47268, 0, 0.1017810205859055639222, 1008.334, -2117.713, -5.741346, 0.01966487, 0.1582343, 85.84258, 3.283906, 2.551616, 47.41694
 
39.3894, -0.01196383, -0.06779823, 13.4586, 0, 0.1021103606748360345455, 1006.344, -2117.713, -5.741346, 0.01966487, 0.1582343, 85.76272, 3.283906, 2.551616, 47.41694
 
39.39939, -0.011989, -0.06791788, 13.44453, 0, 0.1024402215079891877061344601, 1004.356, -2117.713, -5.741346, 0.01966487, 0.1582343, 85.68291, 3.283906, 2.551616, 47.41694
 
39.40939, -0.01201474, -0.06803776, 13.43047, 0, 0.1027729617503747975137, 1002.372, -2117.713, -5.741346, 0.01966487, 0.1582343, 85.60314, 3.283906, 2.551616, 47.41694
 
39.41939, -0.01204052, -0.06815791, 13.41643, 0, 0.1031068200612386955115, 1000.392, -2117.713, -5.741346, 0.01966487, 0.1582343, 85.52344, 3.283906, 2.551616, 47.41694
 
39.42939, -0.01206564, -0.06827832, 13.4024, 0, 0.1034395449876174450078344601, 998.415, -2117.713, -5.741346, 0.01966487, 0.1582343, 85.44378, 3.283906, 2.551616, 47.41694
 
39.43939, -0.0120908, -0.06839897, 13.38839, 0, 0.1037734645625078652901655399, 996.4415, -2117.713, -5.741346, 0.01966487, 0.1582343, 85.36416, 3.283906, 2.551616, 47.41694
 
39.44939, -0.01211615, -0.06851988, 13.37438, 0, 0.10410902295009910314, 994.4711, -2117.713, -5.741346, 0.01966487, 0.1582343, 85.28458, 3.283906, 2.551616, 47.41694
 
39.45938, -0.01214159, -0.06864104, 13.36039, 0, 0.1044458525662343222511344601, 992.5049, -2117.713, -5.741346, 0.01966487, 0.1582343, 85.20508, 3.283906, 2.551616, 47.41694
 
39.46938, -0.01216657, -0.06876246, 13.34642, 0, 0.1047822227021732279494, 990.542, -2117.713, -5.741346, 0.01966487, 0.1582343, 85.12561, 3.283906, 2.551616, 47.41694
 
39.47938, -0.01219121, -0.06888413, 13.33245, 0, 0.1051185162580793636921655399, 988.5821, -2117.713, -5.741346, 0.01966487, 0.1582343, 85.04619, 3.283906, 2.551616, 47.41694
 
39.48938, -0.01221652, -0.06900604, 13.31849, 0, 0.105458056807374639228, 986.6258, -2117.713, -5.741346, 0.01966487, 0.1582343, 84.96681, 3.283906, 2.551616, 47.41694
 
39.49938, -0.01224168, -0.06912821, 13.30455, 0, 0.1057981334168996107724655399, 984.6728, -2117.713, -5.741346, 0.01966487, 0.1582343, 84.88747, 3.283906, 2.551616, 47.41694
 
39.50938, -0.01226722, -0.06925063, 13.29062, 0, 0.1061404921114006675106344601, 982.7233, -2117.713, -5.741346, 0.01966487, 0.1582343, 84.8082, 3.283906, 2.551616, 47.41694
 
39.51937, -0.01229417, -0.0693733, 13.27672, 0, 0.1064886249403730383737, 980.778, -2117.713, -5.741346, 0.01966487, 0.1582343, 84.729, 3.283906, 2.551616, 47.41694
 
39.52937, -0.01232036, -0.06949624, 13.26281, 0, 0.1068353180647291809133, 978.8353, -2117.713, -5.741346, 0.01966487, 0.1582343, 84.64983, 3.283906, 2.551616, 47.41694
 
39.53937, -0.01234665, -0.06961945, 13.24893, 0, 0.1071833896296751826519, 976.8968, -2117.713, -5.741346, 0.01966487, 0.1582343, 84.57072, 3.283906, 2.551616, 47.41694
 
39.54937, -0.01237304, -0.06974291, 13.23505, 0, 0.1075328855832307055628, 974.9609, -2117.713, -5.741346, 0.01966487, 0.1582343, 84.49165, 3.283906, 2.551616, 47.41694
 
39.55937, -0.01239981, -0.06986664, 13.22118, 0, 0.1078847555178020970942, 973.0287, -2117.713, -5.741346, 0.01966487, 0.1582343, 84.41261, 3.283906, 2.551616, 47.41694
 
39.56937, -0.01242671, -0.06999064, 13.20734, 0, 0.1082381264210157797534, 971.1006, -2117.713, -5.741346, 0.01966487, 0.1582343, 84.33365, 3.283906, 2.551616, 47.41694
 
39.57936, -0.01245281, -0.07011491, 13.1935, 0, 0.1085898891435414465071655399, 969.1752, -2117.713, -5.741346, 0.01966487, 0.1582343, 84.25473, 3.283906, 2.551616, 47.41694
 
39.58936, -0.0124789, -0.07023944, 13.17968, 0, 0.1089427239865257394778655399, 967.2534, -2117.713, -5.741346, 0.01966487, 0.1582343, 84.17586, 3.283906, 2.551616, 47.41694
 
39.59936, -0.01250531, -0.07036423, 13.16586, 0, 0.1092977030704274380425, 965.3347, -2117.713, -5.741346, 0.01966487, 0.1582343, 84.09703, 3.283906, 2.551616, 47.41694
 
39.60936, -0.01253173, -0.07048928, 13.15206, 0, 0.1096538614868337939218344601, 963.4191, -2117.713, -5.741346, 0.01966487, 0.1582343, 84.01824, 3.283906, 2.551616, 47.41694
 
39.61936, -0.01255835, -0.0706146, 13.13827, 0, 0.1100117506119812102756655399, 961.5078, -2117.713, -5.741346, 0.01966487, 0.1582343, 83.93953, 3.283906, 2.551616, 47.41694
 
39.62936, -0.01258423, -0.07074019, 13.12451, 0, 0.1103681847165055379948, 959.6, -2117.713, -5.741346, 0.01966487, 0.1582343, 83.86086, 3.283906, 2.551616, 47.41694
 
39.63935, -0.01261032, -0.07086603, 13.11074, 0, 0.110726456741816497806, 957.6948, -2117.713, -5.741346, 0.01966487, 0.1582343, 83.78223, 3.283906, 2.551616, 47.41694
 
39.64935, -0.01263662, -0.07099213, 13.09699, 0, 0.1110865973199270445314, 955.7932, -2117.713, -5.741346, 0.01966487, 0.1582343, 83.70364, 3.283906, 2.551616, 47.41694
 
39.65935, -0.01266316, -0.0711185, 13.08326, 0, 0.1114486217668435790020344601, 953.8949, -2117.713, -5.741346, 0.01966487, 0.1582343, 83.62511, 3.283906, 2.551616, 47.41694
 
39.66935, -0.01268993, -0.07124513, 13.06953, 0, 0.1118126219786057314846344601, 951.9995, -2117.713, -5.741346, 0.01966487, 0.1582343, 83.54662, 3.283906, 2.551616, 47.41694
 
39.67935, -0.01271671, -0.07137202, 13.05582, 0, 0.1121777096268333704954, 950.1083, -2117.713, -5.741346, 0.01966487, 0.1582343, 83.46819, 3.283906, 2.551616, 47.41694
 
39.68935, -0.01274266, -0.07149919, 13.04212, 0, 0.1125410512503138545207655399, 948.2202, -2117.713, -5.741346, 0.01966487, 0.1582343, 83.38982, 3.283906, 2.551616, 47.41694
 
39.69934, -0.01276905, -0.07162662, 13.02844, 0, 0.1129070272269213186952, 946.3358, -2117.713, -5.741346, 0.01966487, 0.1582343, 83.31149, 3.283906, 2.551616, 47.41694
 
39.70934, -0.01279532, -0.07175431, 13.01477, 0, 0.1132736771078173116381, 944.4544, -2117.713, -5.741346, 0.01966487, 0.1582343, 83.2332, 3.283906, 2.551616, 47.41694
 
39.71934, -0.01282203, -0.07188226, 13.00111, 0, 0.1136430532378797618367344601, 942.5762, -2117.713, -5.741346, 0.01966487, 0.1582343, 83.15496, 3.283906, 2.551616, 47.41694
 
39.72934, -0.01284865, -0.07201048, 12.98746, 0, 0.1140132104842769250616655399, 940.7015, -2117.713, -5.741346, 0.01966487, 0.1582343, 83.07679, 3.283906, 2.551616, 47.41694
 
39.73934, -0.01287466, -0.07213897, 12.97382, 0, 0.1143823568742410653938, 938.8304, -2117.713, -5.741346, 0.01966487, 0.1582343, 82.99867, 3.283906, 2.551616, 47.41694
 
39.74934, -0.01290075, -0.07226771, 12.9602, 0, 0.1147529123368081729071344601, 936.9625, -2117.713, -5.741346, 0.01966487, 0.1582343, 82.92059, 3.283906, 2.551616, 47.41694
 
39.75933, -0.01292704, -0.07239672, 12.9466, 0, 0.1151252750881488045303344601, 935.0985, -2117.713, -5.741346, 0.01966487, 0.1582343, 82.84258, 3.283906, 2.551616, 47.41694
 
39.76933, -0.01295472, -0.07252599, 12.93301, 0, 0.1155036417140589069848655399, 933.2378, -2117.713, -5.741346, 0.01966487, 0.1582343, 82.76462, 3.283906, 2.551616, 47.41694
 
39.77933, -0.01298268, -0.07265554, 12.91943, 0, 0.1158842291609188786687, 931.3801, -2117.713, -5.741346, 0.01966487, 0.1582343, 82.6867, 3.283906, 2.551616, 47.41694
 
39.78933, -0.01301102, -0.07278536, 12.90586, 0, 0.1162673131168471509018344601, 929.5259, -2117.713, -5.741346, 0.01966487, 0.1582343, 82.60885, 3.283906, 2.551616, 47.41694
 
39.79933, -0.01303822, -0.07291547, 12.89231, 0, 0.1166475176635435791283, 927.6754, -2117.713, -5.741346, 0.01966487, 0.1582343, 82.53105, 3.283906, 2.551616, 47.41694
 
39.80933, -0.01306574, -0.07304586, 12.87877, 0, 0.1170300655592424616729344601, 925.8279, -2117.713, -5.741346, 0.01966487, 0.1582343, 82.45329, 3.283906, 2.551616, 47.41694
 
39.81932, -0.01309339, -0.07317652, 12.86524, 0, 0.1174142063196232656121, 923.984, -2117.713, -5.741346, 0.01966487, 0.1582343, 82.37559, 3.283906, 2.551616, 47.41694
 
39.82932, -0.01312124, -0.07330745, 12.85172, 0, 0.1178002615808231652787, 922.1432, -2117.713, -5.741346, 0.01966487, 0.1582343, 82.29795, 3.283906, 2.551616, 47.41694
 
39.83932, -0.01314815, -0.07343867, 12.83822, 0, 0.118184126653085844218, 920.306, -2117.713, -5.741346, 0.01966487, 0.1582343, 82.22037, 3.283906, 2.551616, 47.41694
 
39.84932, -0.01317528, -0.07357015, 12.82474, 0, 0.118569936858180880027, 918.4724, -2117.713, -5.741346, 0.01966487, 0.1582343, 82.14283, 3.283906, 2.551616, 47.41694
 
39.85932, -0.01320275, -0.0737019, 12.81126, 0, 0.1189582282563375092341344601, 916.6414, -2117.713, -5.741346, 0.01966487, 0.1582343, 82.06533, 3.283906, 2.551616, 47.41694
 
39.86932, -0.01323026, -0.07383393, 12.79779, 0, 0.1193478215150516871649655399, 914.8138, -2117.713, -5.741346, 0.01966487, 0.1582343, 81.98788, 3.283906, 2.551616, 47.41694
 
39.87931, -0.01325818, -0.07396623, 12.78434, 0, 0.1197400644428992460759, 912.9898, -2117.713, -5.741346, 0.01966487, 0.1582343, 81.91049, 3.283906, 2.551616, 47.41694
 
39.88931, -0.01328574, -0.07409881, 12.7709, 0, 0.1201322307907141881914, 911.1691, -2117.713, -5.741346, 0.01966487, 0.1582343, 81.83317, 3.283906, 2.551616, 47.41694
 
39.89931, -0.01331281, -0.07423167, 12.75748, 0, 0.1205237844982669706629, 909.3517, -2117.713, -5.741346, 0.01966487, 0.1582343, 81.75589, 3.283906, 2.551616, 47.41694
 
39.90931, -0.01334011, -0.0743648, 12.74407, 0, 0.1209173752346914339507, 907.538, -2117.713, -5.741346, 0.01966487, 0.1582343, 81.67866, 3.283906, 2.551616, 47.41694
 
39.91931, -0.01336744, -0.0744982, 12.73067, 0, 0.1213123444117059095975655399, 905.7268, -2117.713, -5.741346, 0.01966487, 0.1582343, 81.60148, 3.283906, 2.551616, 47.41694
 
39.92931, -0.01339507, -0.07463187, 12.71729, 0, 0.1217095344096702544737344601, 903.9197, -2117.713, -5.741346, 0.01966487, 0.1582343, 81.52435, 3.283906, 2.551616, 47.41694
 
39.9393, -0.01342282, -0.07476582, 12.70392, 0, 0.1221083632203363358778, 902.1157, -2117.713, -5.741346, 0.01966487, 0.1582343, 81.44729, 3.283906, 2.551616, 47.41694
 
39.9493, -0.01344986, -0.07490005, 12.69055, 0, 0.1225058595384320668961, 900.3146, -2117.713, -5.741346, 0.01966487, 0.1582343, 81.37028, 3.283906, 2.551616, 47.41694
 
39.9593, -0.01347689, -0.07503455, 12.67721, 0, 0.1229045045570195004069655399, 898.5172, -2117.713, -5.741346, 0.01966487, 0.1582343, 81.29331, 3.283906, 2.551616, 47.41694
 
39.9693, -0.01350435, -0.07516932, 12.66388, 0, 0.1233058605087666840224, 896.7237, -2117.713, -5.741346, 0.01966487, 0.1582343, 81.21642, 3.283906, 2.551616, 47.41694
 
39.9793, -0.01353297, -0.07530436, 12.65056, 0, 0.1237128068029063807094655399, 894.9328, -2117.713, -5.741346, 0.01966487, 0.1582343, 81.13958, 3.283906, 2.551616, 47.41694
 
39.9893, -0.01356179, -0.07543969, 12.63725, 0, 0.1241216982298779747860344601, 893.1454, -2117.713, -5.741346, 0.01966487, 0.1582343, 81.06278, 3.283906, 2.551616, 47.41694
 
39.99929, -0.01359088, -0.07557531, 12.62396, 0, 0.1245327951617938030612, 891.3617, -2117.713, -5.741346, 0.01966487, 0.1582343, 80.98605, 3.283906, 2.551616, 47.41694
 
40.00929, -0.01361791, -0.07571121, 12.61068, 0, 0.1249375972150157878342, 889.5809, -2117.713, -5.741346, 0.01966487, 0.1582343, 80.90937, 3.283906, 2.551616, 47.41694
 
40.01929, -0.01364617, -0.07584739, 12.59742, 0, 0.1253481427706955192697, 887.8036, -2117.713, -5.741346, 0.01966487, 0.1582343, 80.83275, 3.283906, 2.551616, 47.41694
 
40.02929, -0.01367456, -0.07598386, 12.58416, 0, 0.1257604649831356668328655399, 886.0294, -2117.713, -5.741346, 0.01966487, 0.1582343, 80.75618, 3.283906, 2.551616, 47.41694
 
40.03929, -0.01370336, -0.07612061, 12.57093, 0, 0.126175559392761780465, 884.2587, -2117.713, -5.741346, 0.01966487, 0.1582343, 80.67966, 3.283906, 2.551616, 47.41694
 
40.04929, -0.01373233, -0.07625764, 12.5577, 0, 0.1265925376711941881625, 882.491, -2117.713, -5.741346, 0.01966487, 0.1582343, 80.60319, 3.283906, 2.551616, 47.41694
 
40.05928, -0.01376148, -0.07639496, 12.54449, 0, 0.1270114763984655067208, 880.7269, -2117.713, -5.741346, 0.01966487, 0.1582343, 80.52679, 3.283906, 2.551616, 47.41694
 
40.06928, -0.01379007, -0.07653257, 12.53129, 0, 0.1274295727453763557686, 878.9664, -2117.713, -5.741346, 0.01966487, 0.1582343, 80.45045, 3.283906, 2.551616, 47.41694
 
40.07928, -0.01381827, -0.07667048, 12.5181, 0, 0.1278475618802413268787, 877.2083, -2117.713, -5.741346, 0.01966487, 0.1582343, 80.37415, 3.283906, 2.551616, 47.41694
 
40.08928, -0.01384685, -0.07680866, 12.50493, 0, 0.1282681853682337376180655399, 875.4542, -2117.713, -5.741346, 0.01966487, 0.1582343, 80.2979, 3.283906, 2.551616, 47.41694
 
40.09928, -0.01387549, -0.07694713, 12.49176, 0, 0.1286903864049009031206, 873.7027, -2117.713, -5.741346, 0.01966487, 0.1582343, 80.22171, 3.283906, 2.551616, 47.41694
 
40.10928, -0.01390453, -0.07708588, 12.47861, 0, 0.1291153290067415393501655399, 871.9547, -2117.713, -5.741346, 0.01966487, 0.1582343, 80.14557, 3.283906, 2.551616, 47.41694
 
40.11927, -0.01393342, -0.07722493, 12.46548, 0, 0.1295410067768964608324, 870.2101, -2117.713, -5.741346, 0.01966487, 0.1582343, 80.0695, 3.283906, 2.551616, 47.41694
 
40.12927, -0.01396164, -0.07736426, 12.45236, 0, 0.1299654592665272161867, 868.4691, -2117.713, -5.741346, 0.01966487, 0.1582343, 79.99348, 3.283906, 2.551616, 47.41694
 
40.13927, -0.01399014, -0.07750387, 12.43926, 0, 0.130392209157141070206, 866.7313, -2117.713, -5.741346, 0.01966487, 0.1582343, 79.91752, 3.283906, 2.551616, 47.41694
 
40.14927, -0.01401885, -0.07764377, 12.42616, 0, 0.1308210879726659289882, 864.9963, -2117.713, -5.741346, 0.01966487, 0.1582343, 79.84161, 3.283906, 2.551616, 47.41694
 
40.15927, -0.01404767, -0.07778396, 12.41308, 0, 0.131251743444951050738, 863.2644, -2117.713, -5.741346, 0.01966487, 0.1582343, 79.76574, 3.283906, 2.551616, 47.41694
 
40.16927, -0.01407657, -0.07792444, 12.40001, 0, 0.1316839305178915715978, 861.5364, -2117.713, -5.741346, 0.01966487, 0.1582343, 79.68995, 3.283906, 2.551616, 47.41694
 
40.17926, -0.01410469, -0.0780652, 12.38695, 0, 0.132114494094137369401, 859.8114, -2117.713, -5.741346, 0.01966487, 0.1582343, 79.61422, 3.283906, 2.551616, 47.41694
 
40.18926, -0.01413307, -0.07820625, 12.37392, 0, 0.1325472938073402030648655399, 858.09, -2117.713, -5.741346, 0.01966487, 0.1582343, 79.53854, 3.283906, 2.551616, 47.41694
 
40.19926, -0.01416138, -0.07834758, 12.36088, 0, 0.1329812115890211717589, 856.3711, -2117.713, -5.741346, 0.01966487, 0.1582343, 79.46291, 3.283906, 2.551616, 47.41694
 
40.20926, -0.0141902, -0.07848919, 12.34787, 0, 0.1334183763640918928862655399, 854.6556, -2117.713, -5.741346, 0.01966487, 0.1582343, 79.38732, 3.283906, 2.551616, 47.41694
 
40.21926, -0.01421901, -0.0786311, 12.33487, 0, 0.1338567357876736721593655399, 852.9443, -2117.713, -5.741346, 0.01966487, 0.1582343, 79.31183, 3.283906, 2.551616, 47.41694
 
40.22926, -0.0142472, -0.07877328, 12.32189, 0, 0.1342940384068030728865, 851.2362, -2117.713, -5.741346, 0.01966487, 0.1582343, 79.2364, 3.283906, 2.551616, 47.41694
 
40.23925, -0.0142764, -0.07891575, 12.30892, 0, 0.1347365637841675377388, 849.5311, -2117.713, -5.741346, 0.01966487, 0.1582343, 79.16102, 3.283906, 2.551616, 47.41694
 
40.24925, -0.01430578, -0.07905851, 12.29597, 0, 0.1351811261904035302473344601, 847.8296, -2117.713, -5.741346, 0.01966487, 0.1582343, 79.08569, 3.283906, 2.551616, 47.41694
 
40.25925, -0.01433546, -0.07920157, 12.28302, 0, 0.1356282616857407464207344601, 846.1306, -2117.713, -5.741346, 0.01966487, 0.1582343, 79.01042, 3.283906, 2.551616, 47.41694
 
40.26925, -0.01436515, -0.07934493, 12.27008, 0, 0.1360767756216678217931344601, 844.4351, -2117.713, -5.741346, 0.01966487, 0.1582343, 78.93521, 3.283906, 2.551616, 47.41694
 
40.27925, -0.01439521, -0.07948858, 12.25717, 0, 0.1365280311227680615724344601, 842.7434, -2117.713, -5.741346, 0.01966487, 0.1582343, 78.86007, 3.283906, 2.551616, 47.41694
 
40.28925, -0.01442438, -0.07963254, 12.24427, 0, 0.1369772189629836657133, 841.0548, -2117.713, -5.741346, 0.01966487, 0.1582343, 78.78498, 3.283906, 2.551616, 47.41694
 
40.29924, -0.01445375, -0.07977678, 12.23138, 0, 0.1374285204121037206259655399, 839.3692, -2117.713, -5.741346, 0.01966487, 0.1582343, 78.70995, 3.283906, 2.551616, 47.41694
 
40.30924, -0.01448334, -0.07992131, 12.2185, 0, 0.1378821192622065678835, 837.6866, -2117.713, -5.741346, 0.01966487, 0.1582343, 78.63497, 3.283906, 2.551616, 47.41694
 
40.31924, -0.01451294, -0.08006614, 12.20563, 0, 0.1383370965528992743400344601, 836.0074, -2117.713, -5.741346, 0.01966487, 0.1582343, 78.56005, 3.283906, 2.551616, 47.41694
 
40.32924, -0.01454261, -0.08021127, 12.19278, 0, 0.1387937279723002713155655399, 834.3312, -2117.713, -5.741346, 0.01966487, 0.1582343, 78.48518, 3.283906, 2.551616, 47.41694
 
40.33924, -0.01457286, -0.0803567, 12.17994, 0, 0.1392540352332737666749, 832.6585, -2117.713, -5.741346, 0.01966487, 0.1582343, 78.41039, 3.283906, 2.551616, 47.41694
 
40.34924, -0.01460192, -0.08050243, 12.16712, 0, 0.1397109882888119379833344601, 830.9891, -2117.713, -5.741346, 0.01966487, 0.1582343, 78.33565, 3.283906, 2.551616, 47.41694
 
40.35923, -0.01463123, -0.08064844, 12.15431, 0, 0.1401703459573793922146, 829.3229, -2117.713, -5.741346, 0.01966487, 0.1582343, 78.26097, 3.283906, 2.551616, 47.41694
 
40.36923, -0.01466078, -0.08079476, 12.14152, 0, 0.1406320010269297919508, 827.66, -2117.713, -5.741346, 0.01966487, 0.1582343, 78.18634, 3.283906, 2.551616, 47.41694
 
40.37923, -0.01469061, -0.08094136, 12.12873, 0, 0.1410962291855812621918, 825.9997, -2117.713, -5.741346, 0.01966487, 0.1582343, 78.11176, 3.283906, 2.551616, 47.41694
 
40.38923, -0.01472021, -0.08108827, 12.11596, 0, 0.1415609015084227981747, 824.3428, -2117.713, -5.741346, 0.01966487, 0.1582343, 78.03725, 3.283906, 2.551616, 47.41694
 
40.39923, -0.01475023, -0.08123547, 12.10321, 0, 0.1420286217165685783865, 822.6898, -2117.713, -5.741346, 0.01966487, 0.1582343, 77.96281, 3.283906, 2.551616, 47.41694
 
40.40923, -0.0147795, -0.08138297, 12.09047, 0, 0.142494764376039297515, 821.0393, -2117.713, -5.741346, 0.01966487, 0.1582343, 77.88843, 3.283906, 2.551616, 47.41694
 
40.41922, -0.01480871, -0.08153076, 12.07774, 0, 0.1429620863680148271182655399, 819.3923, -2117.713, -5.741346, 0.01966487, 0.1582343, 77.81409, 3.283906, 2.551616, 47.41694
 
40.42922, -0.01483839, -0.08167885, 12.06503, 0, 0.1434326094053598345413, 817.7487, -2117.713, -5.741346, 0.01966487, 0.1582343, 77.73983, 3.283906, 2.551616, 47.41694
 
40.43922, -0.01486803, -0.08182724, 12.05232, 0, 0.1439044955672883003323, 816.1075, -2117.713, -5.741346, 0.01966487, 0.1582343, 77.66561, 3.283906, 2.551616, 47.41694
 
40.44922, -0.01489765, -0.08197592, 12.03963, 0, 0.1443777295377935173401, 814.4698, -2117.713, -5.741346, 0.01966487, 0.1582343, 77.59145, 3.283906, 2.551616, 47.41694
 
40.45922, -0.01492763, -0.0821249, 12.02696, 0, 0.1448536897574653447637, 812.8362, -2117.713, -5.741346, 0.01966487, 0.1582343, 77.51737, 3.283906, 2.551616, 47.41694
 
40.46922, -0.01495685, -0.08227418, 12.0143, 0, 0.1453280417964488499617344601, 811.2053, -2117.713, -5.741346, 0.01966487, 0.1582343, 77.44337, 3.283906, 2.551616, 47.41694
 
40.47921, -0.01498709, -0.08242375, 12.00166, 0, 0.1458079535458117602492, 809.5778, -2117.713, -5.741346, 0.01966487, 0.1582343, 77.36942, 3.283906, 2.551616, 47.41694
 
40.48921, -0.01501768, -0.08257362, 11.98903, 0, 0.1462907293884001137123, 807.9534, -2117.713, -5.741346, 0.01966487, 0.1582343, 77.2955, 3.283906, 2.551616, 47.41694
 
40.49921, -0.01504747, -0.08272379, 11.97641, 0, 0.1467717132582216502167, 806.3318, -2117.713, -5.741346, 0.01966487, 0.1582343, 77.22167, 3.283906, 2.551616, 47.41694
 
40.50921, -0.01507833, -0.08287426, 11.96381, 0, 0.1472584099984878254014, 804.7142, -2117.713, -5.741346, 0.01966487, 0.1582343, 77.14792, 3.283906, 2.551616, 47.41694
 
40.51921, -0.01510826, -0.08302505, 11.95122, 0, 0.1477428093377710550811655399, 803.0996, -2117.713, -5.741346, 0.01966487, 0.1582343, 77.07422, 3.283906, 2.551616, 47.41694
 
40.52921, -0.01513874, -0.08317613, 11.93865, 0, 0.148230915150640044287, 801.4882, -2117.713, -5.741346, 0.01966487, 0.1582343, 77.00058, 3.283906, 2.551616, 47.41694
 
40.5392, -0.01516915, -0.08332752, 11.92609, 0, 0.1487201696640007359854, 799.8799, -2117.713, -5.741346, 0.01966487, 0.1582343, 76.927, 3.283906, 2.551616, 47.41694
 
40.5492, -0.01519959, -0.08347921, 11.91354, 0, 0.1492110476740561507404, 798.2746, -2117.713, -5.741346, 0.01966487, 0.1582343, 76.85348, 3.283906, 2.551616, 47.41694
 
40.5592, -0.01523029, -0.08363121, 11.90101, 0, 0.1497044834572060820091, 796.6726, -2117.713, -5.741346, 0.01966487, 0.1582343, 76.78001, 3.283906, 2.551616, 47.41694
 
40.5692, -0.01526122, -0.08378351, 11.88849, 0, 0.1502003085373784358894, 795.074, -2117.713, -5.741346, 0.01966487, 0.1582343, 76.70663, 3.283906, 2.551616, 47.41694
 
40.5792, -0.0152912, -0.08393613, 11.87598, 0, 0.1506936524244890432115, 793.4784, -2117.713, -5.741346, 0.01966487, 0.1582343, 76.6333, 3.283906, 2.551616, 47.41694
 
40.5892, -0.0153214, -0.08408903, 11.86349, 0, 0.1511894468726482891096, 791.8857, -2117.713, -5.741346, 0.01966487, 0.1582343, 76.56003, 3.283906, 2.551616, 47.41694
 
40.59919, -0.01535155, -0.08424225, 11.85101, 0, 0.1516864512853254534646655399, 790.2964, -2117.713, -5.741346, 0.01966487, 0.1582343, 76.48682, 3.283906, 2.551616, 47.41694
 
40.60919, -0.01538217, -0.08439577, 11.83855, 0, 0.1521869017994771126571655399, 788.7105, -2117.713, -5.741346, 0.01966487, 0.1582343, 76.41367, 3.283906, 2.551616, 47.41694
 
40.61919, -0.0154129, -0.08454959, 11.8261, 0, 0.1526893433944806375326, 787.1271, -2117.713, -5.741346, 0.01966487, 0.1582343, 76.34058, 3.283906, 2.551616, 47.41694
 
40.62919, -0.01544377, -0.08470372, 11.81366, 0, 0.15319376075432978042, 785.5475, -2117.713, -5.741346, 0.01966487, 0.1582343, 76.26756, 3.283906, 2.551616, 47.41694
 
40.63919, -0.01547368, -0.08485816, 11.80124, 0, 0.153695819449169608678, 783.9708, -2117.713, -5.741346, 0.01966487, 0.1582343, 76.19461, 3.283906, 2.551616, 47.41694
 
40.64919, -0.01550375, -0.08501289, 11.78883, 0, 0.154199869224861455779, 782.3972, -2117.713, -5.741346, 0.01966487, 0.1582343, 76.12172, 3.283906, 2.551616, 47.41694
 
40.65918, -0.01553413, -0.08516793, 11.77644, 0, 0.154706675881733021278, 780.8268, -2117.713, -5.741346, 0.01966487, 0.1582343, 76.04889, 3.283906, 2.551616, 47.41694
 
40.66918, -0.01556452, -0.08532327, 11.76406, 0, 0.155215167299325525798, 779.2598, -2117.713, -5.741346, 0.01966487, 0.1582343, 75.97611, 3.283906, 2.551616, 47.41694
 
40.67918, -0.01559508, -0.08547892, 11.75169, 0, 0.155725956117901128983, 777.6953, -2117.713, -5.741346, 0.01966487, 0.1582343, 75.9034, 3.283906, 2.551616, 47.41694
 
40.68918, -0.01562585, -0.08563486, 11.73934, 0, 0.156238889177394290922, 776.1348, -2117.713, -5.741346, 0.01966487, 0.1582343, 75.83077, 3.283906, 2.551616, 47.41694
 
40.69918, -0.01565589, -0.08579113, 11.727, 0, 0.156750443796297593662, 774.577, -2117.713, -5.741346, 0.01966487, 0.1582343, 75.75819, 3.283906, 2.551616, 47.41694
 
40.70918, -0.01568614, -0.08594768, 11.71467, 0, 0.157264295816183995067, 773.0222, -2117.713, -5.741346, 0.01966487, 0.1582343, 75.68568, 3.283906, 2.551616, 47.41694
 
40.71917, -0.01571624, -0.08610455, 11.70236, 0, 0.157779066796463635938, 771.4707, -2117.713, -5.741346, 0.01966487, 0.1582343, 75.61324, 3.283906, 2.551616, 47.41694
 
40.72917, -0.01574659, -0.08626171, 11.69007, 0, 0.158296288337791915385, 769.9227, -2117.713, -5.741346, 0.01966487, 0.1582343, 75.54087, 3.283906, 2.551616, 47.41694
 
40.73917, -0.01577823, -0.08641918, 11.67779, 0, 0.158820555242135030738, 768.3779, -2117.713, -5.741346, 0.01966487, 0.1582343, 75.46856, 3.283906, 2.551616, 47.41694
 
40.74917, -0.01580998, -0.08657696, 11.66553, 0, 0.159346966387395704845, 766.8362, -2117.713, -5.741346, 0.01966487, 0.1582343, 75.39634, 3.283906, 2.551616, 47.41694
 
40.75917, -0.01584105, -0.08673506, 11.65328, 0, 0.159871845932000979842, 765.2977, -2117.713, -5.741346, 0.01966487, 0.1582343, 75.32417, 3.283906, 2.551616, 47.41694
 
40.76917, -0.01587204, -0.08689347, 11.64104, 0, 0.160397950757130574127, 763.7626, -2117.713, -5.741346, 0.01966487, 0.1582343, 75.25208, 3.283906, 2.551616, 47.41694
 
40.77916, -0.01590324, -0.08705219, 11.62882, 0, 0.160926659303374346899, 762.2303, -2117.713, -5.741346, 0.01966487, 0.1582343, 75.18003, 3.283906, 2.551616, 47.41694
 
40.78916, -0.01593473, -0.08721122, 11.61661, 0, 0.161458124730797838069, 760.7011, -2117.713, -5.741346, 0.01966487, 0.1582343, 75.10806, 3.283906, 2.551616, 47.41694
 
40.79916, -0.01596631, -0.08737057, 11.60441, 0, 0.161991428079007808171, 759.1747, -2117.713, -5.741346, 0.01966487, 0.1582343, 75.03614, 3.283906, 2.551616, 47.41694
 
40.80916, -0.0159977, -0.08753023, 11.59224, 0, 0.162525650387611017739, 757.6521, -2117.713, -5.741346, 0.01966487, 0.1582343, 74.96431, 3.283906, 2.551616, 47.41694
 
40.81916, -0.01602858, -0.08769021, 11.58007, 0, 0.163059106895886527752, 756.1325, -2117.713, -5.741346, 0.01966487, 0.1582343, 74.89254, 3.283906, 2.551616, 47.41694
 
40.82915, -0.01605964, -0.0878505, 11.56792, 0, 0.16359486080514513643, 754.6157, -2117.713, -5.741346, 0.01966487, 0.1582343, 74.82083, 3.283906, 2.551616, 47.41694
 
40.83915, -0.01609084, -0.08801109, 11.55579, 0, 0.164132912115386843773, 753.1023, -2117.713, -5.741346, 0.01966487, 0.1582343, 74.74919, 3.283906, 2.551616, 47.41694
 
40.84915, -0.01612234, -0.088172, 11.54366, 0, 0.164673720306808269514, 751.5917, -2117.713, -5.741346, 0.01966487, 0.1582343, 74.6776, 3.283906, 2.551616, 47.41694
 
40.85915, -0.01615367, -0.08833323, 11.53155, 0, 0.165215600618688474632, 750.0841, -2117.713, -5.741346, 0.01966487, 0.1582343, 74.60609, 3.283906, 2.551616, 47.41694
 
40.86915, -0.01618534, -0.08849476, 11.51946, 0, 0.165760390971813938059, 748.5802, -2117.713, -5.741346, 0.01966487, 0.1582343, 74.53465, 3.283906, 2.551616, 47.41694
 
40.87915, -0.01621606, -0.08865662, 11.50738, 0, 0.166302577603825222999, 747.0793, -2117.713, -5.741346, 0.01966487, 0.1582343, 74.46328, 3.283906, 2.551616, 47.41694
 
40.88914, -0.01624696, -0.08881878, 11.49531, 0, 0.166847061636819606604, 745.5812, -2117.713, -5.741346, 0.01966487, 0.1582343, 74.39198, 3.283906, 2.551616, 47.41694
 
40.89914, -0.01627807, -0.08898125, 11.48326, 0, 0.167394149390928168696, 744.0864, -2117.713, -5.741346, 0.01966487, 0.1582343, 74.32073, 3.283906, 2.551616, 47.41694
 
40.90914, -0.01630907, -0.08914403, 11.47123, 0, 0.167942462425561050076, 742.5945, -2117.713, -5.741346, 0.01966487, 0.1582343, 74.24955, 3.283906, 2.551616, 47.41694
 
40.91914, -0.01634039, -0.08930712, 11.4592, 0, 0.168493685501439189765, 741.1055, -2117.713, -5.741346, 0.01966487, 0.1582343, 74.17844, 3.283906, 2.551616, 47.41694
 
40.92914, -0.01637195, -0.08947053, 11.4472, 0, 0.169047512298431507941, 739.6204, -2117.713, -5.741346, 0.01966487, 0.1582343, 74.10741, 3.283906, 2.551616, 47.41694
 
40.93914, -0.01640267, -0.08963425, 11.4352, 0, 0.169599194854506267363, 738.1376, -2117.713, -5.741346, 0.01966487, 0.1582343, 74.03645, 3.283906, 2.551616, 47.41694
 
40.94913, -0.0164333, -0.08979827, 11.42323, 0, 0.170152102691105346073, 736.6585, -2117.713, -5.741346, 0.01966487, 0.1582343, 73.96555, 3.283906, 2.551616, 47.41694
 
40.95913, -0.01646433, -0.0899626, 11.41126, 0, 0.170708380049146302825, 735.182, -2117.713, -5.741346, 0.01966487, 0.1582343, 73.89471, 3.283906, 2.551616, 47.41694
 
40.96913, -0.01649559, -0.09012724, 11.39931, 0, 0.171267414288366977975, 733.7091, -2117.713, -5.741346, 0.01966487, 0.1582343, 73.82394, 3.283906, 2.551616, 47.41694
 
40.97913, -0.01652678, -0.0902922, 11.38738, 0, 0.171827520648046432502, 732.2391, -2117.713, -5.741346, 0.01966487, 0.1582343, 73.75325, 3.283906, 2.551616, 47.41694
 
40.98913, -0.01655916, -0.09045747, 11.37546, 0, 0.172394672370740722935, 730.7721, -2117.713, -5.741346, 0.01966487, 0.1582343, 73.68263, 3.283906, 2.551616, 47.41694
 
40.99913, -0.01658984, -0.09062306, 11.36355, 0, 0.172955850850878956839, 729.3088, -2117.713, -5.741346, 0.01966487, 0.1582343, 73.61211, 3.283906, 2.551616, 47.41694
 
41.00912, -0.01662136, -0.09078895, 11.35166, 0, 0.173522389933311087628, 727.8483, -2117.713, -5.741346, 0.01966487, 0.1582343, 73.54164, 3.283906, 2.551616, 47.41694
 
41.01912, -0.0166533, -0.09095517, 11.33979, 0, 0.17409245169725063637, 726.3911, -2117.713, -5.741346, 0.01966487, 0.1582343, 73.47124, 3.283906, 2.551616, 47.41694
 
41.02912, -0.01668522, -0.0911217, 11.32794, 0, 0.174664045061845584222, 724.9368, -2117.713, -5.741346, 0.01966487, 0.1582343, 73.4009, 3.283906, 2.551616, 47.41694
 
41.03912, -0.01671712, -0.09128856, 11.31609, 0, 0.175237170027095931184, 723.4855, -2117.713, -5.741346, 0.01966487, 0.1582343, 73.33064, 3.283906, 2.551616, 47.41694
 
41.04912, -0.01674946, -0.09145573, 11.30426, 0, 0.17581397083391923601, 722.0373, -2117.713, -5.741346, 0.01966487, 0.1582343, 73.26046, 3.283906, 2.551616, 47.41694
 
41.05912, -0.01678076, -0.09162322, 11.29244, 0, 0.176387708439431742616, 720.5924, -2117.713, -5.741346, 0.01966487, 0.1582343, 73.19035, 3.283906, 2.551616, 47.41694
 
41.06911, -0.01681222, -0.09179103, 11.28064, 0, 0.176963743445927347887, 719.1505, -2117.713, -5.741346, 0.01966487, 0.1582343, 73.1203, 3.283906, 2.551616, 47.41694
 
41.07911, -0.016844, -0.09195916, 11.26886, 0, 0.177542994813799291289, 717.7118, -2117.713, -5.741346, 0.01966487, 0.1582343, 73.05032, 3.283906, 2.551616, 47.41694
 
41.08911, -0.01687582, -0.0921276, 11.25709, 0, 0.178124084102457713623, 716.276, -2117.713, -5.741346, 0.01966487, 0.1582343, 72.98041, 3.283906, 2.551616, 47.41694
 
41.09911, -0.01690765, -0.09229635, 11.24533, 0, 0.178706858151837074978, 714.8431, -2117.713, -5.741346, 0.01966487, 0.1582343, 72.91057, 3.283906, 2.551616, 47.41694
 
41.10911, -0.01693982, -0.09246543, 11.23359, 0, 0.179292848562592774464, 713.4133, -2117.713, -5.741346, 0.01966487, 0.1582343, 72.84081, 3.283906, 2.551616, 47.41694
 
41.11911, -0.01697117, -0.09263483, 11.22186, 0, 0.179876694732430915196, 711.9869, -2117.713, -5.741346, 0.01966487, 0.1582343, 72.77112, 3.283906, 2.551616, 47.41694
 
41.1291, -0.01700238, -0.09280454, 11.21015, 0, 0.180461613022727835305, 710.5634, -2117.713, -5.741346, 0.01966487, 0.1582343, 72.7015, 3.283906, 2.551616, 47.41694
 
41.1391, -0.01703414, -0.09297456, 11.19846, 0, 0.181050666634794333011, 709.1431, -2117.713, -5.741346, 0.01966487, 0.1582343, 72.63195, 3.283906, 2.551616, 47.41694
 
41.1491, -0.01706579, -0.0931449, 11.18677, 0, 0.181640945527385150005, 707.7253, -2117.713, -5.741346, 0.01966487, 0.1582343, 72.56246, 3.283906, 2.551616, 47.41694
 
41.1591, -0.01709755, -0.09331556, 11.1751, 0, 0.182233521820959065664, 706.3108, -2117.713, -5.741346, 0.01966487, 0.1582343, 72.49305, 3.283906, 2.551616, 47.41694
 
41.1691, -0.01712968, -0.09348653, 11.16345, 0, 0.182829314475909319454, 704.8994, -2117.713, -5.741346, 0.01966487, 0.1582343, 72.42371, 3.283906, 2.551616, 47.41694
 
41.1791, -0.01716159, -0.09365783, 11.15181, 0, 0.183425872931187272799, 703.491, -2117.713, -5.741346, 0.01966487, 0.1582343, 72.35445, 3.283906, 2.551616, 47.41694
 
41.18909, -0.01719269, -0.09382945, 11.14019, 0, 0.18402028714554766739, 702.0858, -2117.713, -5.741346, 0.01966487, 0.1582343, 72.28526, 3.283906, 2.551616, 47.41694
 
41.19909, -0.01722424, -0.09400138, 11.12858, 0, 0.184618377201481019845, 700.6839, -2117.713, -5.741346, 0.01966487, 0.1582343, 72.21614, 3.283906, 2.551616, 47.41694
 
41.20909, -0.01725574, -0.09417362, 11.11698, 0, 0.185218152018135311321, 699.2844, -2117.713, -5.741346, 0.01966487, 0.1582343, 72.14709, 3.283906, 2.551616, 47.41694
 
41.21909, -0.01728737, -0.09434617, 11.1054, 0, 0.185820071075707161551, 697.8882, -2117.713, -5.741346, 0.01966487, 0.1582343, 72.07812, 3.283906, 2.551616, 47.41694
 
41.22909, -0.01731928, -0.09451905, 11.09384, 0, 0.186425053334589810001, 696.4952, -2117.713, -5.741346, 0.01966487, 0.1582343, 72.00921, 3.283906, 2.551616, 47.41694
 
41.23909, -0.01735121, -0.09469225, 11.0823, 0, 0.187031720354193397472, 695.1055, -2117.713, -5.741346, 0.01966487, 0.1582343, 71.94041, 3.283906, 2.551616, 47.41694
 
41.24908, -0.01738337, -0.09486575, 11.07077, 0, 0.187641144254976703341, 693.7191, -2117.713, -5.741346, 0.01966487, 0.1582343, 71.87169, 3.283906, 2.551616, 47.41694
 
41.25908, -0.01741555, -0.09503959, 11.05926, 0, 0.188252406076546488142, 692.3358, -2117.713, -5.741346, 0.01966487, 0.1582343, 71.80303, 3.283906, 2.551616, 47.41694
 
41.26908, -0.01744769, -0.09521375, 11.04776, 0, 0.188865352658837211964, 690.9551, -2117.713, -5.741346, 0.01966487, 0.1582343, 71.73445, 3.283906, 2.551616, 47.41694
 
41.27908, -0.01748015, -0.09538823, 11.03627, 0, 0.189481362442438734006, 689.5775, -2117.713, -5.741346, 0.01966487, 0.1582343, 71.66593, 3.283906, 2.551616, 47.41694
 
41.28908, -0.01751252, -0.09556302, 11.0248, 0, 0.190098750666630115247, 688.2029, -2117.713, -5.741346, 0.01966487, 0.1582343, 71.59749, 3.283906, 2.551616, 47.41694
 
41.29908, -0.01754518, -0.09573815, 11.01335, 0, 0.190719355252197834619, 686.8314, -2117.713, -5.741346, 0.01966487, 0.1582343, 71.52912, 3.283906, 2.551616, 47.41694
 
41.30907, -0.01757791, -0.0959136, 11.00191, 0, 0.191341797758552032923, 685.4631, -2117.713, -5.741346, 0.01966487, 0.1582343, 71.46084, 3.283906, 2.551616, 47.41694
 
41.31907, -0.01760993, -0.09608939, 10.99048, 0, 0.191962708664250832117, 684.0977, -2117.713, -5.741346, 0.01966487, 0.1582343, 71.39263, 3.283906, 2.551616, 47.41694
 
41.32907, -0.017642, -0.09626549, 10.97908, 0, 0.192585610650801650154, 682.7356, -2117.713, -5.741346, 0.01966487, 0.1582343, 71.3245, 3.283906, 2.551616, 47.41694
 
41.33907, -0.0176743, -0.09644191, 10.96768, 0, 0.193211269518532186589, 681.3762, -2117.713, -5.741346, 0.01966487, 0.1582343, 71.25644, 3.283906, 2.551616, 47.41694
 
41.34907, -0.01770664, -0.09661865, 10.9563, 0, 0.193838919467114741867, 680.0198, -2117.713, -5.741346, 0.01966487, 0.1582343, 71.18845, 3.283906, 2.551616, 47.41694
 
41.35907, -0.01773905, -0.09679572, 10.94494, 0, 0.194468713656614855899, 678.6662, -2117.713, -5.741346, 0.01966487, 0.1582343, 71.12053, 3.283906, 2.551616, 47.41694
 
41.36906, -0.0177714, -0.09697311, 10.93359, 0, 0.19509988628670482913, 677.316, -2117.713, -5.741346, 0.01966487, 0.1582343, 71.0527, 3.283906, 2.551616, 47.41694
 
41.37906, -0.01780313, -0.09715082, 10.92226, 0, 0.195729833636270483073, 675.9692, -2117.713, -5.741346, 0.01966487, 0.1582343, 70.98495, 3.283906, 2.551616, 47.41694
 
41.38906, -0.01783493, -0.09732885, 10.91094, 0, 0.196361772066688155859, 674.6248, -2117.713, -5.741346, 0.01966487, 0.1582343, 70.91727, 3.283906, 2.551616, 47.41694
 
41.39906, -0.01786684, -0.0975072, 10.89964, 0, 0.19699600789808892731, 673.2836, -2117.713, -5.741346, 0.01966487, 0.1582343, 70.84966, 3.283906, 2.551616, 47.41694
 
41.40906, -0.01789902, -0.09768587, 10.88835, 0, 0.197633306930800496981, 671.9452, -2117.713, -5.741346, 0.01966487, 0.1582343, 70.78214, 3.283906, 2.551616, 47.41694
 
41.41906, -0.01793117, -0.09786486, 10.87708, 0, 0.198272290724233005673, 670.6101, -2117.713, -5.741346, 0.01966487, 0.1582343, 70.71469, 3.283906, 2.551616, 47.41694
 
41.42905, -0.01796255, -0.09804417, 10.86583, 0, 0.198909130276747955611, 669.2781, -2117.713, -5.741346, 0.01966487, 0.1582343, 70.64733, 3.283906, 2.551616, 47.41694
 
41.43905, -0.01799408, -0.0982238, 10.8546, 0, 0.199548573550377084036, 667.9494, -2117.713, -5.741346, 0.01966487, 0.1582343, 70.58004, 3.283906, 2.551616, 47.41694
 
41.44905, -0.0180256, -0.09840374, 10.84337, 0, 0.200189548424661611571, 666.6231, -2117.713, -5.741346, 0.01966487, 0.1582343, 70.51283, 3.283906, 2.551616, 47.41694
 
41.45905, -0.01805726, -0.098584, 10.83216, 0, 0.200833127020060317593, 665.3, -2117.713, -5.741346, 0.01966487, 0.1582343, 70.44569, 3.283906, 2.551616, 47.41694
 
41.46905, -0.0180891, -0.09876457, 10.82097, 0, 0.201479156176507662191, 663.9801, -2117.713, -5.741346, 0.01966487, 0.1582343, 70.37864, 3.283906, 2.551616, 47.41694
 
41.47905, -0.01812191, -0.09894546, 10.80979, 0, 0.202131924375838762873, 662.6626, -2117.713, -5.741346, 0.01966487, 0.1582343, 70.31165, 3.283906, 2.551616, 47.41694
 
41.48904, -0.01815396, -0.09912668, 10.79863, 0, 0.202782701494317844712, 661.3486, -2117.713, -5.741346, 0.01966487, 0.1582343, 70.24475, 3.283906, 2.551616, 47.41694
 
41.49904, -0.01818529, -0.09930822, 10.78749, 0, 0.203431487531944907708, 660.038, -2117.713, -5.741346, 0.01966487, 0.1582343, 70.17795, 3.283906, 2.551616, 47.41694
 
41.50904, -0.01821749, -0.09949008, 10.77636, 0, 0.204086399972193567144, 658.7305, -2117.713, -5.741346, 0.01966487, 0.1582343, 70.11123, 3.283906, 2.551616, 47.41694
 
41.51904, -0.01824983, -0.09967225, 10.76525, 0, 0.204743762973490865156, 657.4255, -2117.713, -5.741346, 0.01966487, 0.1582343, 70.04458, 3.283906, 2.551616, 47.41694
 
41.52904, -0.01828209, -0.09985475, 10.75415, 0, 0.205402657575443562278, 656.1237, -2117.713, -5.741346, 0.01966487, 0.1582343, 69.97801, 3.283906, 2.551616, 47.41694
 
41.53904, -0.01831486, -0.1000376, 10.74307, 0, 0.206065840659231376908, 654.8249, -2117.713, -5.741346, 0.01966487, 0.1582343, 69.91151, 3.283906, 2.551616, 47.41694
 
41.54903, -0.01834741, -0.1002207, 10.73201, 0, 0.206729636383281351182, 653.529, -2117.713, -5.741346, 0.01966487, 0.1582343, 69.84509, 3.283906, 2.551616, 47.41694
 
41.55903, -0.01838005, -0.1004042, 10.72096, 0, 0.20739557634824888421, 652.2363, -2117.713, -5.741346, 0.01966487, 0.1582343, 69.77878, 3.283906, 2.551616, 47.41694
 
41.56903, -0.01841215, -0.100588, 10.70992, 0, 0.208060750512888717683, 650.9464, -2117.713, -5.741346, 0.01966487, 0.1582343, 69.71253, 3.283906, 2.551616, 47.41694
 
41.57903, -0.01844406, -0.1007721, 10.69891, 0, 0.208726690477856250711, 649.6597, -2117.713, -5.741346, 0.01966487, 0.1582343, 69.64636, 3.283906, 2.551616, 47.41694
 
41.58903, -0.01847635, -0.1009566, 10.68791, 0, 0.209396459444462281514, 648.3757, -2117.713, -5.741346, 0.01966487, 0.1582343, 69.58027, 3.283906, 2.551616, 47.41694
 
41.59903, -0.01850861, -0.1011413, 10.67692, 0, 0.210067760011723711427, 647.0947, -2117.713, -5.741346, 0.01966487, 0.1582343, 69.51426, 3.283906, 2.551616, 47.41694
 
41.60902, -0.01854096, -0.1013264, 10.66595, 0, 0.210741357979968240005, 645.8167, -2117.713, -5.741346, 0.01966487, 0.1582343, 69.44833, 3.283906, 2.551616, 47.41694
 
41.61902, -0.01857347, -0.1015118, 10.655, 0, 0.21141755966932694707, 644.5419, -2117.713, -5.741346, 0.01966487, 0.1582343, 69.38248, 3.283906, 2.551616, 47.41694
 
41.62902, -0.01860518, -0.1016975, 10.64406, 0, 0.21209146395770255547, 643.2699, -2117.713, -5.741346, 0.01966487, 0.1582343, 69.31673, 3.283906, 2.551616, 47.41694
 
41.63902, -0.01863672, -0.1018836, 10.63314, 0, 0.212766287206471403336, 642.001, -2117.713, -5.741346, 0.01966487, 0.1582343, 69.25105, 3.283906, 2.551616, 47.41694
 
41.64902, -0.01866841, -0.10207, 10.62223, 0, 0.213443714176354429689, 640.735, -2117.713, -5.741346, 0.01966487, 0.1582343, 69.18545, 3.283906, 2.551616, 47.41694
 
41.65902, -0.01870039, -0.1022566, 10.61134, 0, 0.214124357507613794173, 639.4718, -2117.713, -5.741346, 0.01966487, 0.1582343, 69.11992, 3.283906, 2.551616, 47.41694
 
41.66901, -0.01873224, -0.1024437, 10.60047, 0, 0.214806226119397477945, 638.2117, -2117.713, -5.741346, 0.01966487, 0.1582343, 69.05447, 3.283906, 2.551616, 47.41694
 
41.67901, -0.01876453, -0.102631, 10.5896, 0, 0.215492076892885199403, 636.9541, -2117.713, -5.741346, 0.01966487, 0.1582343, 68.98911, 3.283906, 2.551616, 47.41694
 
41.68901, -0.01879676, -0.1028186, 10.57876, 0, 0.216179459267028319971, 635.7003, -2117.713, -5.741346, 0.01966487, 0.1582343, 68.92384, 3.283906, 2.551616, 47.41694
 
41.69901, -0.01882805, -0.1030066, 10.56793, 0, 0.216863778439860642319, 634.4489, -2117.713, -5.741346, 0.01966487, 0.1582343, 68.85866, 3.283906, 2.551616, 47.41694
 
41.70901, -0.01885958, -0.1031949, 10.55713, 0, 0.217551160814003762887, 633.2007, -2117.713, -5.741346, 0.01966487, 0.1582343, 68.79355, 3.283906, 2.551616, 47.41694
 
41.71901, -0.01889111, -0.1033835, 10.54633, 0, 0.218240381108933362387, 631.9553, -2117.713, -5.741346, 0.01966487, 0.1582343, 68.72852, 3.283906, 2.551616, 47.41694
 
41.729, -0.01892273, -0.1035724, 10.53555, 0, 0.218931745644780520641, 630.7129, -2117.713, -5.741346, 0.01966487, 0.1582343, 68.66357, 3.283906, 2.551616, 47.41694
 
41.739, -0.01895442, -0.1037616, 10.52479, 0, 0.219625254421545237649, 629.4734, -2117.713, -5.741346, 0.01966487, 0.1582343, 68.59871, 3.283906, 2.551616, 47.41694
 
41.749, -0.01898648, -0.1039511, 10.51405, 0, 0.220322439039882912521, 628.2375, -2117.713, -5.741346, 0.01966487, 0.1582343, 68.53397, 3.283906, 2.551616, 47.41694
 
41.759, -0.01901831, -0.104141, 10.50332, 0, 0.221020389458548286948, 627.0044, -2117.713, -5.741346, 0.01966487, 0.1582343, 68.46931, 3.283906, 2.551616, 47.41694
 
41.769, -0.01905023, -0.1043312, 10.49261, 0, 0.221720330958065680218, 625.7744, -2117.713, -5.741346, 0.01966487, 0.1582343, 68.40473, 3.283906, 2.551616, 47.41694
 
41.779, -0.01908222, -0.1045217, 10.48192, 0, 0.222422723018631712064, 624.5471, -2117.713, -5.741346, 0.01966487, 0.1582343, 68.34023, 3.283906, 2.551616, 47.41694
 
41.78899, -0.01911431, -0.1047125, 10.47124, 0, 0.223127412480180842575, 623.323, -2117.713, -5.741346, 0.01966487, 0.1582343, 68.27581, 3.283906, 2.551616, 47.41694
 
41.79899, -0.0191465, -0.1049037, 10.46058, 0, 0.223834399342713071751, 622.1016, -2117.713, -5.741346, 0.01966487, 0.1582343, 68.21148, 3.283906, 2.551616, 47.41694
 
41.80899, -0.0191788, -0.1050951, 10.44994, 0, 0.224543836766293939503, 620.8831, -2117.713, -5.741346, 0.01966487, 0.1582343, 68.14722, 3.283906, 2.551616, 47.41694
 
41.81899, -0.01921123, -0.1052869, 10.43931, 0, 0.225255724750923445831, 619.6676, -2117.713, -5.741346, 0.01966487, 0.1582343, 68.08308, 3.283906, 2.551616, 47.41694
 
41.82899, -0.01924288, -0.105479, 10.4287, 0, 0.225965315334569853494, 618.4553, -2117.713, -5.741346, 0.01966487, 0.1582343, 68.019, 3.283906, 2.551616, 47.41694
 
41.83899, -0.01927434, -0.1056715, 10.4181, 0, 0.226675824878609500623, 617.2458, -2117.713, -5.741346, 0.01966487, 0.1582343, 67.95502, 3.283906, 2.551616, 47.41694
 
41.84898, -0.01930595, -0.1058642, 10.40753, 0, 0.227388784983697786328, 616.0394, -2117.713, -5.741346, 0.01966487, 0.1582343, 67.89112, 3.283906, 2.551616, 47.41694
 
41.85898, -0.01933785, -0.1060573, 10.39696, 0, 0.228105267770293489986, 614.8353, -2117.713, -5.741346, 0.01966487, 0.1582343, 67.8273, 3.283906, 2.551616, 47.41694
 
41.86898, -0.01936959, -0.1062506, 10.38641, 0, 0.22882266951728243311, 613.6345, -2117.713, -5.741346, 0.01966487, 0.1582343, 67.76357, 3.283906, 2.551616, 47.41694
 
41.87898, -0.01940166, -0.1064443, 10.37588, 0, 0.229543747105844334098, 612.4366, -2117.713, -5.741346, 0.01966487, 0.1582343, 67.69991, 3.283906, 2.551616, 47.41694
 
41.88898, -0.01943359, -0.1066383, 10.36537, 0, 0.230265743654799474552, 611.2416, -2117.713, -5.741346, 0.01966487, 0.1582343, 67.63636, 3.283906, 2.551616, 47.41694
 
41.89898, -0.01946481, -0.1068327, 10.35488, 0, 0.230985749122902596163, 610.05, -2117.713, -5.741346, 0.01966487, 0.1582343, 67.5729, 3.283906, 2.551616, 47.41694
 
41.90897, -0.01949604, -0.1070273, 10.3444, 0, 0.231707745671857736617, 608.861, -2117.713, -5.741346, 0.01966487, 0.1582343, 67.50951, 3.283906, 2.551616, 47.41694
 
41.91897, -0.01952731, -0.1072223, 10.33393, 0, 0.232431733301664895914, 607.6749, -2117.713, -5.741346, 0.01966487, 0.1582343, 67.44622, 3.283906, 2.551616, 47.41694
 
41.92897, -0.01955879, -0.1074176, 10.32349, 0, 0.23315863097271731352, 606.4916, -2117.713, -5.741346, 0.01966487, 0.1582343, 67.38301, 3.283906, 2.551616, 47.41694
 
41.93897, -0.01959031, -0.1076131, 10.31305, 0, 0.23388767288468728988, 605.3112, -2117.713, -5.741346, 0.01966487, 0.1582343, 67.31989, 3.283906, 2.551616, 47.41694
 
41.94897, -0.01962189, -0.1078091, 10.30264, 0, 0.234618859037574824994, 604.1337, -2117.713, -5.741346, 0.01966487, 0.1582343, 67.25684, 3.283906, 2.551616, 47.41694
 
41.95897, -0.0196534, -0.1080053, 10.29224, 0, 0.235351423631052219307, 602.9594, -2117.713, -5.741346, 0.01966487, 0.1582343, 67.19391, 3.283906, 2.551616, 47.41694
 
41.96896, -0.01968422, -0.1082018, 10.28186, 0, 0.236081997143677594777, 601.7878, -2117.713, -5.741346, 0.01966487, 0.1582343, 67.13106, 3.283906, 2.551616, 47.41694
 
41.97896, -0.01971498, -0.1083986, 10.2715, 0, 0.236814102256958369357, 600.6193, -2117.713, -5.741346, 0.01966487, 0.1582343, 67.06829, 3.283906, 2.551616, 47.41694
 
41.98896, -0.01974598, -0.1085958, 10.26116, 0, 0.237549270571549942157, 599.4536, -2117.713, -5.741346, 0.01966487, 0.1582343, 67.00562, 3.283906, 2.551616, 47.41694
 
41.99896, -0.01977692, -0.1087933, 10.25083, 0, 0.238285970486796914067, 598.2906, -2117.713, -5.741346, 0.01966487, 0.1582343, 66.94302, 3.283906, 2.551616, 47.41694
 
42.00896, -0.01980799, -0.108991, 10.24052, 0, 0.239025120963092524553, 597.1312, -2117.713, -5.741346, 0.01966487, 0.1582343, 66.88054, 3.283906, 2.551616, 47.41694
 
42.01896, -0.01984004, -0.1091891, 10.23022, 0, 0.239771623122534050767, 595.9744, -2117.713, -5.741346, 0.01966487, 0.1582343, 66.81815, 3.283906, 2.551616, 47.41694
 
42.02895, -0.01987202, -0.1093875, 10.21995, 0, 0.240519350562499896269, 594.8208, -2117.713, -5.741346, 0.01966487, 0.1582343, 66.75586, 3.283906, 2.551616, 47.41694
 
42.03895, -0.0199031, -0.1095862, 10.20969, 0, 0.241264014801154943551, 593.67, -2117.713, -5.741346, 0.01966487, 0.1582343, 66.69366, 3.283906, 2.551616, 47.41694
 
42.04895, -0.01993429, -0.1097853, 10.19945, 0, 0.242011129600858629409, 592.5222, -2117.713, -5.741346, 0.01966487, 0.1582343, 66.63155, 3.283906, 2.551616, 47.41694
 
42.05895, -0.01996559, -0.1099846, 10.18922, 0, 0.242760541801545413932, 591.3771, -2117.713, -5.741346, 0.01966487, 0.1582343, 66.56953, 3.283906, 2.551616, 47.41694
 
42.06895, -0.01999693, -0.1101843, 10.17902, 0, 0.24351225140321529712, 590.2352, -2117.713, -5.741346, 0.01966487, 0.1582343, 66.50759, 3.283906, 2.551616, 47.41694
 
42.07895, -0.02002837, -0.1103842, 10.16883, 0, 0.244266258405868278973, 589.0959, -2117.713, -5.741346, 0.01966487, 0.1582343, 66.44574, 3.283906, 2.551616, 47.41694
 
42.08894, -0.02005987, -0.1105845, 10.15865, 0, 0.245022256489373279669, 587.9598, -2117.713, -5.741346, 0.01966487, 0.1582343, 66.384, 3.283906, 2.551616, 47.41694
 
42.09894, -0.02009043, -0.1107851, 10.1485, 0, 0.245775038211501942234, 586.8264, -2117.713, -5.741346, 0.01966487, 0.1582343, 66.32235, 3.283906, 2.551616, 47.41694
 
42.10894, -0.0201209, -0.110986, 10.13836, 0, 0.246529045214154924087, 585.696, -2117.713, -5.741346, 0.01966487, 0.1582343, 66.26079, 3.283906, 2.551616, 47.41694
 
42.11894, -0.02015166, -0.1111872, 10.12824, 0, 0.247286421738249783982, 584.5684, -2117.713, -5.741346, 0.01966487, 0.1582343, 66.19931, 3.283906, 2.551616, 47.41694
 
42.12894, -0.0201825, -0.1113887, 10.11813, 0, 0.248046095663327742542, 583.4438, -2117.713, -5.741346, 0.01966487, 0.1582343, 66.13793, 3.283906, 2.551616, 47.41694
 
42.13894, -0.02021333, -0.1115906, 10.10805, 0, 0.248807607509192180034, 582.3221, -2117.713, -5.741346, 0.01966487, 0.1582343, 66.07664, 3.283906, 2.551616, 47.41694
 
42.14893, -0.0202442, -0.1117927, 10.09798, 0, 0.249571110435908636369, 581.2029, -2117.713, -5.741346, 0.01966487, 0.1582343, 66.01543, 3.283906, 2.551616, 47.41694
 
42.15893, -0.02027503, -0.1119951, 10.08792, 0, 0.250336144963280491814, 580.087, -2117.713, -5.741346, 0.01966487, 0.1582343, 65.95434, 3.283906, 2.551616, 47.41694
 
42.16893, -0.02030513, -0.1121979, 10.07789, 0, 0.251098882089669248594, 578.974, -2117.713, -5.741346, 0.01966487, 0.1582343, 65.89333, 3.283906, 2.551616, 47.41694
 
42.17893, -0.02033517, -0.1124009, 10.06787, 0, 0.251863150816713404484, 577.8638, -2117.713, -5.741346, 0.01966487, 0.1582343, 65.83242, 3.283906, 2.551616, 47.41694
 
42.18893, -0.02036526, -0.1126043, 10.05787, 0, 0.252629257464544039306, 576.7567, -2117.713, -5.741346, 0.01966487, 0.1582343, 65.7716, 3.283906, 2.551616, 47.41694
 
42.19893, -0.02039548, -0.1128079, 10.04789, 0, 0.253398120993554392526, 575.6522, -2117.713, -5.741346, 0.01966487, 0.1582343, 65.71087, 3.283906, 2.551616, 47.41694
 
42.20892, -0.02042587, -0.1130119, 10.03792, 0, 0.254169741403744464144, 574.5501, -2117.713, -5.741346, 0.01966487, 0.1582343, 65.65022, 3.283906, 2.551616, 47.41694
 
42.21892, -0.02045611, -0.1132161, 10.02797, 0, 0.254942280774327775228, 573.4515, -2117.713, -5.741346, 0.01966487, 0.1582343, 65.58968, 3.283906, 2.551616, 47.41694
 
42.22892, -0.02048659, -0.1134207, 10.01804, 0, 0.255717883346221884532, 572.356, -2117.713, -5.741346, 0.01966487, 0.1582343, 65.52927, 3.283906, 2.551616, 47.41694
 
42.23892, -0.02051682, -0.1136256, 10.00814, 0, 0.256493639078181533747, 571.2638, -2117.713, -5.741346, 0.01966487, 0.1582343, 65.46895, 3.283906, 2.551616, 47.41694
 
42.24892, -0.02054712, -0.1138307, 9.998241, 0, 0.257271998531255361449, 570.1736, -2117.713, -5.741346, 0.01966487, 0.1582343, 65.4087, 3.283906, 2.551616, 47.41694
 
42.25891, -0.02057674, -0.1140362, 9.988369, 0, 0.258047907423280550575, 569.0869, -2117.713, -5.741346, 0.01966487, 0.1582343, 65.34856, 3.283906, 2.551616, 47.41694
 
42.26891, -0.02060723, -0.114242, 9.978512, 0, 0.258830708518255035696, 568.003, -2117.713, -5.741346, 0.01966487, 0.1582343, 65.28852, 3.283906, 2.551616, 47.41694
 
42.27891, -0.02063762, -0.1144481, 9.96867, 0, 0.259614734893753840105, 566.9217, -2117.713, -5.741346, 0.01966487, 0.1582343, 65.22857, 3.283906, 2.551616, 47.41694
 
42.28891, -0.02066808, -0.1146544, 9.958849, 0, 0.260401058670235743179, 565.8435, -2117.713, -5.741346, 0.01966487, 0.1582343, 65.16872, 3.283906, 2.551616, 47.41694
 
42.29891, -0.02069861, -0.1148611, 9.949046, 0, 0.261189373527569665096, 564.7682, -2117.713, -5.741346, 0.01966487, 0.1582343, 65.10897, 3.283906, 2.551616, 47.41694
 
42.30891, -0.02072816, -0.1150681, 9.939259, 0, 0.261973859383265089238, 563.6958, -2117.713, -5.741346, 0.01966487, 0.1582343, 65.04932, 3.283906, 2.551616, 47.41694
 
42.3189, -0.02075772, -0.1152754, 9.929493, 0, 0.262760183159746992312, 562.6263, -2117.713, -5.741346, 0.01966487, 0.1582343, 64.98977, 3.283906, 2.551616, 47.41694
 
42.3289, -0.02078743, -0.115483, 9.919738, 0, 0.263549263817408613784, 561.5593, -2117.713, -5.741346, 0.01966487, 0.1582343, 64.93031, 3.283906, 2.551616, 47.41694
 
42.3389, -0.02081729, -0.1156908, 9.910009, 0, 0.264340795036118873832, 560.4957, -2117.713, -5.741346, 0.01966487, 0.1582343, 64.87094, 3.283906, 2.551616, 47.41694
 
42.3489, -0.02084712, -0.115899, 9.900289, 0, 0.265134164175615612812, 559.4343, -2117.713, -5.741346, 0.01966487, 0.1582343, 64.81168, 3.283906, 2.551616, 47.41694
 
42.3589, -0.02087691, -0.1161075, 9.890593, 0, 0.265928911755702210991, 558.3761, -2117.713, -5.741346, 0.01966487, 0.1582343, 64.75249, 3.283906, 2.551616, 47.41694
 
42.3689, -0.02090677, -0.1163163, 9.880918, 0, 0.266725803576706367924, 557.3211, -2117.713, -5.741346, 0.01966487, 0.1582343, 64.69344, 3.283906, 2.551616, 47.41694
 
42.37889, -0.02093566, -0.1165253, 9.871254, 0, 0.2675188663960704954813446009, 556.2686, -2117.713, -5.741346, 0.01966487, 0.1582343, 64.63447, 3.283906, 2.551616, 47.41694
 
42.38889, -0.02096462, -0.1167347, 9.86161, 0, 0.2683140734563537133933446009, 555.219, -2117.713, -5.741346, 0.01966487, 0.1582343, 64.5756, 3.283906, 2.551616, 47.41694
 
42.39889, -0.02099364, -0.1169443, 9.851985, 0, 0.269111271597490481749, 554.1722, -2117.713, -5.741346, 0.01966487, 0.1582343, 64.51683, 3.283906, 2.551616, 47.41694
 
42.40889, -0.02102257, -0.1171543, 9.842379, 0, 0.2699096950191515693926553991, 553.1284, -2117.713, -5.741346, 0.01966487, 0.1582343, 64.45815, 3.283906, 2.551616, 47.41694
 
42.41889, -0.02105156, -0.1173645, 9.83279, 0, 0.2707102626817286841896553991, 552.0873, -2117.713, -5.741346, 0.01966487, 0.1582343, 64.39957, 3.283906, 2.551616, 47.41694
 
42.42889, -0.02108074, -0.117575, 9.823216, 0, 0.271513740385549525695, 551.049, -2117.713, -5.741346, 0.01966487, 0.1582343, 64.34109, 3.283906, 2.551616, 47.41694
 
42.43888, -0.0211099, -0.1177858, 9.813663, 0, 0.2723189028500913062213446009, 550.0135, -2117.713, -5.741346, 0.01966487, 0.1582343, 64.28272, 3.283906, 2.551616, 47.41694
 
42.44888, -0.02113803, -0.1179969, 9.804128, 0, 0.273119317352604412708, 548.9811, -2117.713, -5.741346, 0.01966487, 0.1582343, 64.22446, 3.283906, 2.551616, 47.41694
 
42.45888, -0.02116624, -0.1182083, 9.794612, 0, 0.2739221824161630945693446009, 547.9515, -2117.713, -5.741346, 0.01966487, 0.1582343, 64.16628, 3.283906, 2.551616, 47.41694
 
42.46888, -0.02119441, -0.1184199, 9.785116, 0, 0.274726579080380238742, 546.9248, -2117.713, -5.741346, 0.01966487, 0.1582343, 64.10821, 3.283906, 2.551616, 47.41694
 
42.47888, -0.02122269, -0.1186319, 9.775635, 0, 0.275533119985513410068, 545.9008, -2117.713, -5.741346, 0.01966487, 0.1582343, 64.05023, 3.283906, 2.551616, 47.41694
 
42.48888, -0.02125095, -0.1188441, 9.766177, 0, 0.276341192491301980504, 544.88, -2117.713, -5.741346, 0.01966487, 0.1582343, 63.99238, 3.283906, 2.551616, 47.41694
 
42.49887, -0.02127991, -0.1190566, 9.756733, 0, 0.2771553913997136789806553991, 543.8618, -2117.713, -5.741346, 0.01966487, 0.1582343, 63.93463, 3.283906, 2.551616, 47.41694
 
42.50887, -0.02130891, -0.1192694, 9.747313, 0, 0.2779712750688447848776553991, 542.8469, -2117.713, -5.741346, 0.01966487, 0.1582343, 63.877, 3.283906, 2.551616, 47.41694
 
42.51887, -0.02133701, -0.1194825, 9.73791, 0, 0.2787834828964029329106553991, 541.8348, -2117.713, -5.741346, 0.01966487, 0.1582343, 63.81946, 3.283906, 2.551616, 47.41694
 
42.52887, -0.02136501, -0.1196959, 9.728523, 0, 0.2795969160044854002316553991, 540.8253, -2117.713, -5.741346, 0.01966487, 0.1582343, 63.76202, 3.283906, 2.551616, 47.41694
 
42.53887, -0.02139298, -0.1199095, 9.719158, 0, 0.280411727553156195151, 539.8188, -2117.713, -5.741346, 0.01966487, 0.1582343, 63.70469, 3.283906, 2.551616, 47.41694
 
42.54887, -0.02142119, -0.1201235, 9.709809, 0, 0.2812297554632063914026553991, 538.8151, -2117.713, -5.741346, 0.01966487, 0.1582343, 63.64745, 3.283906, 2.551616, 47.41694
 
42.55886, -0.02144939, -0.1203377, 9.700478, 0, 0.2820494681339759950746553991, 537.814, -2117.713, -5.741346, 0.01966487, 0.1582343, 63.59031, 3.283906, 2.551616, 47.41694
 
42.56886, -0.0214775, -0.1205522, 9.691167, 0, 0.282870252925202846523, 536.8159, -2117.713, -5.741346, 0.01966487, 0.1582343, 63.53328, 3.283906, 2.551616, 47.41694
 
42.57886, -0.02150572, -0.120767, 9.681872, 0, 0.283693488277479868148, 535.8204, -2117.713, -5.741346, 0.01966487, 0.1582343, 63.47635, 3.283906, 2.551616, 47.41694
 
42.58886, -0.02153389, -0.120982, 9.672598, 0, 0.284517948910281209061, 534.828, -2117.713, -5.741346, 0.01966487, 0.1582343, 63.41953, 3.283906, 2.551616, 47.41694
 
42.59886, -0.02156109, -0.1211973, 9.663344, 0, 0.2853381210612459008653446009, 533.8386, -2117.713, -5.741346, 0.01966487, 0.1582343, 63.36282, 3.283906, 2.551616, 47.41694
 
42.60886, -0.02158827, -0.121413, 9.654108, 0, 0.286159824812869054981, 532.8518, -2117.713, -5.741346, 0.01966487, 0.1582343, 63.30621, 3.283906, 2.551616, 47.41694
 
42.61885, -0.0216154, -0.1216288, 9.644889, 0, 0.286983060165146076606, 531.8677, -2117.713, -5.741346, 0.01966487, 0.1582343, 63.24969, 3.283906, 2.551616, 47.41694
 
42.62885, -0.02164254, -0.121845, 9.63569, 0, 0.287807827118078497341, 530.8866, -2117.713, -5.741346, 0.01966487, 0.1582343, 63.19329, 3.283906, 2.551616, 47.41694
 
42.63885, -0.02166983, -0.1220614, 9.626509, 0, 0.2886351977921266281636553991, 529.9082, -2117.713, -5.741346, 0.01966487, 0.1582343, 63.13698, 3.283906, 2.551616, 47.41694
 
42.64885, -0.02169702, -0.1222781, 9.617346, 0, 0.289463640586630475162, 528.9325, -2117.713, -5.741346, 0.01966487, 0.1582343, 63.08078, 3.283906, 2.551616, 47.41694
 
42.65885, -0.02172411, -0.1224951, 9.608205, 0, 0.290293002341529093227, 527.96, -2117.713, -5.741346, 0.01966487, 0.1582343, 63.0247, 3.283906, 2.551616, 47.41694
 
42.66885, -0.02175046, -0.1227123, 9.599082, 0, 0.291119300895116913072, 526.9902, -2117.713, -5.741346, 0.01966487, 0.1582343, 62.96872, 3.283906, 2.551616, 47.41694
 
42.67884, -0.02177672, -0.1229298, 9.589974, 0, 0.2919468247292275206043446009, 526.0231, -2117.713, -5.741346, 0.01966487, 0.1582343, 62.91285, 3.283906, 2.551616, 47.41694
 
42.68884, -0.02180287, -0.1231476, 9.580886, 0, 0.2927752675237359624046553991, 525.0587, -2117.713, -5.741346, 0.01966487, 0.1582343, 62.85707, 3.283906, 2.551616, 47.41694
 
42.69884, -0.02182915, -0.1233656, 9.57182, 0, 0.293605854559157368157, 524.0975, -2117.713, -5.741346, 0.01966487, 0.1582343, 62.80143, 3.283906, 2.551616, 47.41694
 
42.70884, -0.02185588, -0.1235839, 9.562777, 0, 0.29444103639654650284, 523.1391, -2117.713, -5.741346, 0.01966487, 0.1582343, 62.74587, 3.283906, 2.551616, 47.41694
 
42.71884, -0.02188218, -0.1238025, 9.553747, 0, 0.295274992953411318235, 522.1834, -2117.713, -5.741346, 0.01966487, 0.1582343, 62.69044, 3.283906, 2.551616, 47.41694
 
42.72884, -0.02190904, -0.1240213, 9.544741, 0, 0.2961140037924374190923446009, 521.2309, -2117.713, -5.741346, 0.01966487, 0.1582343, 62.63513, 3.283906, 2.551616, 47.41694
 
42.73883, -0.0219348, -0.1242404, 9.535754, 0, 0.296947654029172686266, 520.2812, -2117.713, -5.741346, 0.01966487, 0.1582343, 62.57993, 3.283906, 2.551616, 47.41694
 
42.74883, -0.02196082, -0.1244597, 9.526789, 0, 0.2977845206272842915706553991, 519.3344, -2117.713, -5.741346, 0.01966487, 0.1582343, 62.52483, 3.283906, 2.551616, 47.41694
 
42.75883, -0.02198663, -0.1246793, 9.51784, 0, 0.2986215403854599051856553991, 518.3902, -2117.713, -5.741346, 0.01966487, 0.1582343, 62.46984, 3.283906, 2.551616, 47.41694
 
42.76883, -0.02201247, -0.1248992, 9.508907, 0, 0.299460398064420466132, 517.4487, -2117.713, -5.741346, 0.01966487, 0.1582343, 62.41495, 3.283906, 2.551616, 47.41694
 
42.77883, -0.02203819, -0.1251193, 9.499994, 0, 0.300300174703775798145, 516.5099, -2117.713, -5.741346, 0.01966487, 0.1582343, 62.36017, 3.283906, 2.551616, 47.41694
 
42.78883, -0.02206396, -0.1253397, 9.491102, 0, 0.3011417892639160774893446009, 515.574, -2117.713, -5.741346, 0.01966487, 0.1582343, 62.3055, 3.283906, 2.551616, 47.41694
 
42.79882, -0.02208975, -0.1255604, 9.48223, 0, 0.301984935424714819145, 514.6411, -2117.713, -5.741346, 0.01966487, 0.1582343, 62.25095, 3.283906, 2.551616, 47.41694
 
42.80882, -0.02211451, -0.1257813, 9.473375, 0, 0.3028230273033476805363446009, 513.7109, -2117.713, -5.741346, 0.01966487, 0.1582343, 62.19651, 3.283906, 2.551616, 47.41694
 
42.81882, -0.02213919, -0.1260024, 9.464543, 0, 0.3036621913024439161066553991, 512.7836, -2117.713, -5.741346, 0.01966487, 0.1582343, 62.14217, 3.283906, 2.551616, 47.41694
 
42.82882, -0.02216386, -0.1262238, 9.455729, 0, 0.3045027337421238844733446009, 511.8589, -2117.713, -5.741346, 0.01966487, 0.1582343, 62.08794, 3.283906, 2.551616, 47.41694
 
42.83882, -0.0221886, -0.1264454, 9.446937, 0, 0.305345267262660466485, 510.9373, -2117.713, -5.741346, 0.01966487, 0.1582343, 62.03383, 3.283906, 2.551616, 47.41694
 
42.84882, -0.02221321, -0.1266673, 9.438156, 0, 0.3061884134234561449393446009, 510.0179, -2117.713, -5.741346, 0.01966487, 0.1582343, 61.97982, 3.283906, 2.551616, 47.41694
 
42.85881, -0.02223779, -0.1268895, 9.429399, 0, 0.3070329380248462773946553991, 509.1016, -2117.713, -5.741346, 0.01966487, 0.1582343, 61.92591, 3.283906, 2.551616, 47.41694
 
42.86881, -0.02226232, -0.1271118, 9.420664, 0, 0.307878687906756134336, 508.1881, -2117.713, -5.741346, 0.01966487, 0.1582343, 61.87212, 3.283906, 2.551616, 47.41694
 
42.87881, -0.02228673, -0.1273345, 9.411949, 0, 0.3087248972688656742116553991, 507.2776, -2117.713, -5.741346, 0.01966487, 0.1582343, 61.81845, 3.283906, 2.551616, 47.41694
 
42.88881, -0.02231026, -0.1275573, 9.403253, 0, 0.309566818149137033378, 506.3698, -2117.713, -5.741346, 0.01966487, 0.1582343, 61.7649, 3.283906, 2.551616, 47.41694
 
42.89881, -0.02233382, -0.1277804, 9.394572, 0, 0.3104105769501979346776553991, 505.4646, -2117.713, -5.741346, 0.01966487, 0.1582343, 61.71145, 3.283906, 2.551616, 47.41694
 
42.90881, -0.02235716, -0.1280038, 9.385911, 0, 0.311254335751255772776, 504.5621, -2117.713, -5.741346, 0.01966487, 0.1582343, 61.65811, 3.283906, 2.551616, 47.41694
 
42.9188, -0.02238061, -0.1282273, 9.377272, 0, 0.3121000856331656297173446009, 503.6625, -2117.713, -5.741346, 0.01966487, 0.1582343, 61.60488, 3.283906, 2.551616, 47.41694
 
42.9288, -0.02240392, -0.1284511, 9.36866, 0, 0.3129461418352111612826553991, 502.7663, -2117.713, -5.741346, 0.01966487, 0.1582343, 61.55179, 3.283906, 2.551616, 47.41694
 
42.9388, -0.0224279, -0.1286752, 9.360065, 0, 0.313798171279808154575, 501.8727, -2117.713, -5.741346, 0.01966487, 0.1582343, 61.49881, 3.283906, 2.551616, 47.41694
 
42.9488, -0.02245179, -0.1288995, 9.351485, 0, 0.314650813364668839112, 500.9818, -2117.713, -5.741346, 0.01966487, 0.1582343, 61.44596, 3.283906, 2.551616, 47.41694
 
42.9588, -0.02247467, -0.129124, 9.34293, 0, 0.3154984011673682381866553991, 500.0938, -2117.713, -5.741346, 0.01966487, 0.1582343, 61.39321, 3.283906, 2.551616, 47.41694
 
42.9688, -0.02249745, -0.1293487, 9.334396, 0, 0.316346601610326733704, 499.2087, -2117.713, -5.741346, 0.01966487, 0.1582343, 61.34058, 3.283906, 2.551616, 47.41694
 
42.97879, -0.02252021, -0.1295737, 9.32588, 0, 0.3171960273338126117106553991, 498.3262, -2117.713, -5.741346, 0.01966487, 0.1582343, 61.28807, 3.283906, 2.551616, 47.41694
 
42.98879, -0.02254289, -0.1297989, 9.317384, 0, 0.318046372017688665982, 497.4465, -2117.713, -5.741346, 0.01966487, 0.1582343, 61.23566, 3.283906, 2.551616, 47.41694
 
42.99879, -0.02256548, -0.1300243, 9.308908, 0, 0.318897329341828411498, 496.5696, -2117.713, -5.741346, 0.01966487, 0.1582343, 61.18336, 3.283906, 2.551616, 47.41694
 
43.00879, -0.02258811, -0.13025, 9.300452, 0, 0.319750124586754635946, 495.6954, -2117.713, -5.741346, 0.01966487, 0.1582343, 61.13118, 3.283906, 2.551616, 47.41694
 
43.01879, -0.02261067, -0.1304758, 9.292014, 0, 0.320603685632008559949, 494.8238, -2117.713, -5.741346, 0.01966487, 0.1582343, 61.07912, 3.283906, 2.551616, 47.41694
 
43.02879, -0.02263315, -0.130702, 9.283594, 0, 0.3214581656376572550186553991, 493.9549, -2117.713, -5.741346, 0.01966487, 0.1582343, 61.02716, 3.283906, 2.551616, 47.41694
 
43.03878, -0.02265559, -0.1309283, 9.275198, 0, 0.322313564603696126353, 493.0891, -2117.713, -5.741346, 0.01966487, 0.1582343, 60.97534, 3.283906, 2.551616, 47.41694
 
43.04878, -0.02267697, -0.1311549, 9.266821, 0, 0.323163296647311552581, 492.226, -2117.713, -5.741346, 0.01966487, 0.1582343, 60.92363, 3.283906, 2.551616, 47.41694
 
43.05878, -0.02269821, -0.1313816, 9.258469, 0, 0.32401318185099251872, 491.3658, -2117.713, -5.741346, 0.01966487, 0.1582343, 60.87203, 3.283906, 2.551616, 47.41694
 
43.06878, -0.02271948, -0.1316086, 9.250133, 0, 0.324864598655328883969, 490.5083, -2117.713, -5.741346, 0.01966487, 0.1582343, 60.82055, 3.283906, 2.551616, 47.41694
 
43.07878, -0.02274068, -0.1318358, 9.241817, 0, 0.3257169344200569570833446009, 489.6534, -2117.713, -5.741346, 0.01966487, 0.1582343, 60.76918, 3.283906, 2.551616, 47.41694
 
43.08878, -0.02276181, -0.1320632, 9.233518, 0, 0.326570189145181332865, 488.8011, -2117.713, -5.741346, 0.01966487, 0.1582343, 60.71793, 3.283906, 2.551616, 47.41694
 
43.09877, -0.02278276, -0.1322908, 9.225243, 0, 0.3274232907102401687356553991, 487.9517, -2117.713, -5.741346, 0.01966487, 0.1582343, 60.66679, 3.283906, 2.551616, 47.41694
 
43.10877, -0.02280369, -0.1325186, 9.216989, 0, 0.328277464395754720782, 487.1053, -2117.713, -5.741346, 0.01966487, 0.1582343, 60.61579, 3.283906, 2.551616, 47.41694
 
43.11877, -0.02282362, -0.1327467, 9.208756, 0, 0.329125817998780287811, 486.2618, -2117.713, -5.741346, 0.01966487, 0.1582343, 60.56493, 3.283906, 2.551616, 47.41694
 
43.12877, -0.02284401, -0.1329749, 9.200543, 0, 0.3299787664037705205693446009, 485.4208, -2117.713, -5.741346, 0.01966487, 0.1582343, 60.51415, 3.283906, 2.551616, 47.41694
 
43.13877, -0.02286391, -0.1332034, 9.19235, 0, 0.330829723727911797686, 484.5826, -2117.713, -5.741346, 0.01966487, 0.1582343, 60.46349, 3.283906, 2.551616, 47.41694
 
43.14877, -0.02288359, -0.133432, 9.184179, 0, 0.331680068411789383558, 483.7473, -2117.713, -5.741346, 0.01966487, 0.1582343, 60.41298, 3.283906, 2.551616, 47.41694
 
43.15876, -0.02290368, -0.1336608, 9.17603, 0, 0.332534242097305467205, 482.915, -2117.713, -5.741346, 0.01966487, 0.1582343, 60.36259, 3.283906, 2.551616, 47.41694
 
43.16876, -0.02292345, -0.1338899, 9.167903, 0, 0.3333874968224298429866553991, 482.0854, -2117.713, -5.741346, 0.01966487, 0.1582343, 60.31231, 3.283906, 2.551616, 47.41694
 
43.17876, -0.02294321, -0.1341191, 9.159798, 0, 0.3342418236680114665446553991, 481.2587, -2117.713, -5.741346, 0.01966487, 0.1582343, 60.26216, 3.283906, 2.551616, 47.41694
 
43.18876, -0.02296255, -0.1343485, 9.151708, 0, 0.335094465752870619481, 480.4344, -2117.713, -5.741346, 0.01966487, 0.1582343, 60.21212, 3.283906, 2.551616, 47.41694
 
43.19876, -0.0229818, -0.1345782, 9.143641, 0, 0.335947567317927923751, 479.6131, -2117.713, -5.741346, 0.01966487, 0.1582343, 60.16221, 3.283906, 2.551616, 47.41694
 
43.20876, -0.02300082, -0.134808, 9.135594, 0, 0.3368003625628556797996553991, 478.7943, -2117.713, -5.741346, 0.01966487, 0.1582343, 60.11242, 3.283906, 2.551616, 47.41694
 
43.21875, -0.02301967, -0.135038, 9.12757, 0, 0.3376528514876477612243446009, 477.9785, -2117.713, -5.741346, 0.01966487, 0.1582343, 60.06274, 3.283906, 2.551616, 47.41694
 
43.22875, -0.0230382, -0.1352682, 9.119567, 0, 0.338504421452051197985, 477.1654, -2117.713, -5.741346, 0.01966487, 0.1582343, 60.01319, 3.283906, 2.551616, 47.41694
 
43.23875, -0.0230566, -0.1354986, 9.111581, 0, 0.3393561445765171114553446009, 476.3548, -2117.713, -5.741346, 0.01966487, 0.1582343, 59.96376, 3.283906, 2.551616, 47.41694
 
43.24875, -0.02307475, -0.1357291, 9.103621, 0, 0.340207101900658388572, 475.5472, -2117.713, -5.741346, 0.01966487, 0.1582343, 59.91444, 3.283906, 2.551616, 47.41694
 
43.25875, -0.0230926, -0.1359599, 9.095679, 0, 0.341056987104339354711, 474.7424, -2117.713, -5.741346, 0.01966487, 0.1582343, 59.86526, 3.283906, 2.551616, 47.41694
 
43.26875, -0.02311017, -0.1361908, 9.087758, 0, 0.341905953347627081384, 473.9402, -2117.713, -5.741346, 0.01966487, 0.1582343, 59.81619, 3.283906, 2.551616, 47.41694
 
43.27874, -0.02312757, -0.1364219, 9.07986, 0, 0.342754919590914808057, 473.1408, -2117.713, -5.741346, 0.01966487, 0.1582343, 59.76725, 3.283906, 2.551616, 47.41694
 
43.28874, -0.02314475, -0.1366532, 9.071977, 0, 0.343603273193940375086, 472.3439, -2117.713, -5.741346, 0.01966487, 0.1582343, 59.71843, 3.283906, 2.551616, 47.41694
 
43.29874, -0.02316173, -0.1368846, 9.064122, 0, 0.3444511673167708539826553991, 471.5501, -2117.713, -5.741346, 0.01966487, 0.1582343, 59.66973, 3.283906, 2.551616, 47.41694
 
43.30874, -0.02317848, -0.1371163, 9.056281, 0, 0.345298448799336110034, 470.7586, -2117.713, -5.741346, 0.01966487, 0.1582343, 59.62115, 3.283906, 2.551616, 47.41694
 
43.31874, -0.02319489, -0.1373481, 9.048467, 0, 0.346144198681247498576, 469.9702, -2117.713, -5.741346, 0.01966487, 0.1582343, 59.57271, 3.283906, 2.551616, 47.41694
 
43.32874, -0.02321108, -0.13758, 9.040671, 0, 0.3469896422430262756953446009, 469.1844, -2117.713, -5.741346, 0.01966487, 0.1582343, 59.52438, 3.283906, 2.551616, 47.41694
 
43.33873, -0.02322703, -0.1378121, 9.032904, 0, 0.3478338605242853283286553991, 468.4019, -2117.713, -5.741346, 0.01966487, 0.1582343, 59.4762, 3.283906, 2.551616, 47.41694
 
43.34873, -0.02324319, -0.1380444, 9.025152, 0, 0.348680529366588424736, 467.6218, -2117.713, -5.741346, 0.01966487, 0.1582343, 59.42815, 3.283906, 2.551616, 47.41694
 
43.35873, -0.02325914, -0.1382768, 9.017424, 0, 0.3495265855686308931, 466.8446, -2117.713, -5.741346, 0.01966487, 0.1582343, 59.38022, 3.283906, 2.551616, 47.41694
 
43.36873, -0.02327482, -0.1385094, 9.009719, 0, 0.350371569650214582087, 466.0702, -2117.713, -5.741346, 0.01966487, 0.1582343, 59.33242, 3.283906, 2.551616, 47.41694
 
43.37873, -0.02329044, -0.1387421, 9.002036, 0, 0.351217013211994890807, 465.2986, -2117.713, -5.741346, 0.01966487, 0.1582343, 59.28474, 3.283906, 2.551616, 47.41694
 
43.38873, -0.02330564, -0.1389751, 8.994372, 0, 0.3520604656929247122846553991, 464.5295, -2117.713, -5.741346, 0.01966487, 0.1582343, 59.23719, 3.283906, 2.551616, 47.41694
 
43.39872, -0.02332063, -0.1392081, 8.986729, 0, 0.3529031523735253026066553991, 463.7632, -2117.713, -5.741346, 0.01966487, 0.1582343, 59.18977, 3.283906, 2.551616, 47.41694
 
43.40872, -0.02333543, -0.1394413, 8.979109, 0, 0.353745379573927741595, 462.9997, -2117.713, -5.741346, 0.01966487, 0.1582343, 59.14247, 3.283906, 2.551616, 47.41694
 
43.41872, -0.02334995, -0.1396747, 8.971509, 0, 0.3545863814938058612953446009, 462.2388, -2117.713, -5.741346, 0.01966487, 0.1582343, 59.09529, 3.283906, 2.551616, 47.41694
 
43.42872, -0.02336434, -0.1399082, 8.963929, 0, 0.355427230253621504286, 461.4806, -2117.713, -5.741346, 0.01966487, 0.1582343, 59.04825, 3.283906, 2.551616, 47.41694
 
43.43872, -0.02337839, -0.1401418, 8.956375, 0, 0.356266547412780216566, 460.7253, -2117.713, -5.741346, 0.01966487, 0.1582343, 59.00132, 3.283906, 2.551616, 47.41694
 
43.44872, -0.02339196, -0.1403756, 8.948839, 0, 0.3571031076907576788473446009, 459.9726, -2117.713, -5.741346, 0.01966487, 0.1582343, 58.95453, 3.283906, 2.551616, 47.41694
 
43.45871, -0.02340543, -0.1406095, 8.94133, 0, 0.357939514808672664419, 459.2228, -2117.713, -5.741346, 0.01966487, 0.1582343, 58.90787, 3.283906, 2.551616, 47.41694
 
43.46871, -0.02341853, -0.1408436, 8.933834, 0, 0.3587742371658667109696553991, 458.4753, -2117.713, -5.741346, 0.01966487, 0.1582343, 58.86133, 3.283906, 2.551616, 47.41694
 
43.47871, -0.02343153, -0.1410778, 8.926365, 0, 0.3596088063629906228073446009, 457.7308, -2117.713, -5.741346, 0.01966487, 0.1582343, 58.81492, 3.283906, 2.551616, 47.41694
 
43.48871, -0.02344412, -0.1413121, 8.918915, 0, 0.360441231319201570693, 456.9889, -2117.713, -5.741346, 0.01966487, 0.1582343, 58.76864, 3.283906, 2.551616, 47.41694
 
43.49871, -0.02345654, -0.1415465, 8.91149, 0, 0.3612730436351503589346553991, 456.2499, -2117.713, -5.741346, 0.01966487, 0.1582343, 58.72249, 3.283906, 2.551616, 47.41694
 
43.50871, -0.02346861, -0.1417811, 8.904086, 0, 0.3621028648702425335313446009, 455.5136, -2117.713, -5.741346, 0.01966487, 0.1582343, 58.67647, 3.283906, 2.551616, 47.41694
 
43.5187, -0.02348045, -0.1420158, 8.896705, 0, 0.3629316139848820551536553991, 454.7802, -2117.713, -5.741346, 0.01966487, 0.1582343, 58.6306, 3.283906, 2.551616, 47.41694
 
43.5287, -0.02349247, -0.1422506, 8.889346, 0, 0.3637623541803705324176553991, 454.0493, -2117.713, -5.741346, 0.01966487, 0.1582343, 58.58484, 3.283906, 2.551616, 47.41694
 
43.5387, -0.02350369, -0.1424855, 8.882008, 0, 0.364587886933629121107, 453.3211, -2117.713, -5.741346, 0.01966487, 0.1582343, 58.5392, 3.283906, 2.551616, 47.41694
 
43.5487, -0.02351477, -0.1427205, 8.874693, 0, 0.3654128070466286133536553991, 452.5959, -2117.713, -5.741346, 0.01966487, 0.1582343, 58.49372, 3.283906, 2.551616, 47.41694
 
43.5587, -0.02352592, -0.1429557, 8.867404, 0, 0.3662387992800853533766553991, 451.8736, -2117.713, -5.741346, 0.01966487, 0.1582343, 58.44838, 3.283906, 2.551616, 47.41694
 
43.5687, -0.02353685, -0.1431909, 8.860135, 0, 0.367063719393081782422, 451.1538, -2117.713, -5.741346, 0.01966487, 0.1582343, 58.40316, 3.283906, 2.551616, 47.41694
 
43.57869, -0.02354745, -0.1434263, 8.852886, 0, 0.3678868015852917325353446009, 450.4367, -2117.713, -5.741346, 0.01966487, 0.1582343, 58.35807, 3.283906, 2.551616, 47.41694
 
43.58869, -0.0235578, -0.1436618, 8.845658, 0, 0.368708505336914886651, 449.7223, -2117.713, -5.741346, 0.01966487, 0.1582343, 58.31311, 3.283906, 2.551616, 47.41694
 
43.59869, -0.02356789, -0.1438973, 8.838455, 0, 0.369528830647946649967, 449.0107, -2117.713, -5.741346, 0.01966487, 0.1582343, 58.26829, 3.283906, 2.551616, 47.41694
 
43.60869, -0.02357765, -0.144133, 8.831275, 0, 0.3703471648781279260406553991, 448.3018, -2117.713, -5.741346, 0.01966487, 0.1582343, 58.2236, 3.283906, 2.551616, 47.41694
 
43.61869, -0.02358709, -0.1443688, 8.824118, 0, 0.371163661187519659981, 447.5956, -2117.713, -5.741346, 0.01966487, 0.1582343, 58.17904, 3.283906, 2.551616, 47.41694
 
43.62868, -0.02359626, -0.1446047, 8.816978, 0, 0.371978625896257526412, 446.8919, -2117.713, -5.741346, 0.01966487, 0.1582343, 58.13461, 3.283906, 2.551616, 47.41694
 
43.63868, -0.02360519, -0.1448406, 8.809867, 0, 0.3727922121644040020433446009, 446.1913, -2117.713, -5.741346, 0.01966487, 0.1582343, 58.09031, 3.283906, 2.551616, 47.41694
 
43.64868, -0.0236137, -0.1450767, 8.802773, 0, 0.3736030415513753540786553991, 445.493, -2117.713, -5.741346, 0.01966487, 0.1582343, 58.04615, 3.283906, 2.551616, 47.41694
 
43.65868, -0.02362189, -0.1453128, 8.795703, 0, 0.374411879857490092469, 444.7976, -2117.713, -5.741346, 0.01966487, 0.1582343, 58.00212, 3.283906, 2.551616, 47.41694
 
43.66868, -0.02362982, -0.145549, 8.788656, 0, 0.375219339723016503261, 444.1049, -2117.713, -5.741346, 0.01966487, 0.1582343, 57.95823, 3.283906, 2.551616, 47.41694
 
43.67868, -0.02363734, -0.1457853, 8.781629, 0, 0.3760238895472961241433446009, 443.4147, -2117.713, -5.741346, 0.01966487, 0.1582343, 57.91447, 3.283906, 2.551616, 47.41694
 
43.68867, -0.02364468, -0.1460217, 8.774627, 0, 0.3768275204111871003616553991, 442.7274, -2117.713, -5.741346, 0.01966487, 0.1582343, 57.87084, 3.283906, 2.551616, 47.41694
 
43.69867, -0.0236516, -0.1462582, 8.767646, 0, 0.377628241233828223469, 442.0428, -2117.713, -5.741346, 0.01966487, 0.1582343, 57.82735, 3.283906, 2.551616, 47.41694
 
43.70867, -0.02365828, -0.1464947, 8.760687, 0, 0.378427430455815479067, 441.3607, -2117.713, -5.741346, 0.01966487, 0.1582343, 57.78399, 3.283906, 2.551616, 47.41694
 
43.71867, -0.02366458, -0.1467313, 8.753757, 0, 0.3792238627966214846663446009, 440.6819, -2117.713, -5.741346, 0.01966487, 0.1582343, 57.74079, 3.283906, 2.551616, 47.41694
 
43.72867, -0.02367105, -0.1469679, 8.746848, 0, 0.3800218267380844209763446009, 440.0057, -2117.713, -5.741346, 0.01966487, 0.1582343, 57.69773, 3.283906, 2.551616, 47.41694
 
43.73867, -0.02367718, -0.1472046, 8.739965, 0, 0.3808173401184987187103446009, 439.3324, -2117.713, -5.741346, 0.01966487, 0.1582343, 57.6548, 3.283906, 2.551616, 47.41694
 
43.74866, -0.02368303, -0.1474414, 8.733099, 0, 0.381611015578128069113, 438.6614, -2117.713, -5.741346, 0.01966487, 0.1582343, 57.61201, 3.283906, 2.551616, 47.41694
 
43.75866, -0.02368848, -0.1476782, 8.726258, 0, 0.382401780996510629606, 437.9933, -2117.713, -5.741346, 0.01966487, 0.1582343, 57.56936, 3.283906, 2.551616, 47.41694
 
43.76866, -0.02369358, -0.1479151, 8.719444, 0, 0.383190095853844551523, 437.328, -2117.713, -5.741346, 0.01966487, 0.1582343, 57.52684, 3.283906, 2.551616, 47.41694
 
43.77866, -0.02369834, -0.148152, 8.712647, 0, 0.383976113310195374775, 436.6652, -2117.713, -5.741346, 0.01966487, 0.1582343, 57.48446, 3.283906, 2.551616, 47.41694
 
43.78866, -0.02370275, -0.148389, 8.705874, 0, 0.3847595270454335511406553991, 436.0051, -2117.713, -5.741346, 0.01966487, 0.1582343, 57.44221, 3.283906, 2.551616, 47.41694
 
43.79866, -0.02370682, -0.148626, 8.699123, 0, 0.3855403370595529542173446009, 435.3477, -2117.713, -5.741346, 0.01966487, 0.1582343, 57.40011, 3.283906, 2.551616, 47.41694
 
43.80865, -0.02371062, -0.1488631, 8.692399, 0, 0.386319309152890473164, 434.6931, -2117.713, -5.741346, 0.01966487, 0.1582343, 57.35814, 3.283906, 2.551616, 47.41694
 
43.81865, -0.02371407, -0.1491002, 8.685696, 0, 0.3870956775251138136236553991, 434.041, -2117.713, -5.741346, 0.01966487, 0.1582343, 57.31631, 3.283906, 2.551616, 47.41694
 
43.82865, -0.02371709, -0.1493373, 8.679013, 0, 0.387868829535957752751, 433.3916, -2117.713, -5.741346, 0.01966487, 0.1582343, 57.27461, 3.283906, 2.551616, 47.41694
 
43.83865, -0.02371985, -0.1495745, 8.672358, 0, 0.3886398373058871963256553991, 432.7451, -2117.713, -5.741346, 0.01966487, 0.1582343, 57.23306, 3.283906, 2.551616, 47.41694
 
43.84865, -0.02372218, -0.1498117, 8.665724, 0, 0.3894076287144387701686553991, 432.1011, -2117.713, -5.741346, 0.01966487, 0.1582343, 57.19164, 3.283906, 2.551616, 47.41694
 
43.85865, -0.02372422, -0.1500489, 8.659111, 0, 0.390173122722005713746, 431.4598, -2117.713, -5.741346, 0.01966487, 0.1582343, 57.15036, 3.283906, 2.551616, 47.41694
 
43.86864, -0.02372582, -0.1502862, 8.652519, 0, 0.3909354003681993823936553991, 430.821, -2117.713, -5.741346, 0.01966487, 0.1582343, 57.10922, 3.283906, 2.551616, 47.41694
 
43.87864, -0.02372717, -0.1505234, 8.645959, 0, 0.391695227453341349264, 430.1855, -2117.713, -5.741346, 0.01966487, 0.1582343, 57.06825, 3.283906, 2.551616, 47.41694
 
43.88864, -0.02372845, -0.1507607, 8.639416, 0, 0.3924547482183522363123446009, 429.5521, -2117.713, -5.741346, 0.01966487, 0.1582343, 57.02739, 3.283906, 2.551616, 47.41694
 
43.89864, -0.02372899, -0.150998, 8.632899, 0, 0.393208295740810130033, 428.9216, -2117.713, -5.741346, 0.01966487, 0.1582343, 56.98667, 3.283906, 2.551616, 47.41694
 
43.90864, -0.02372933, -0.1512353, 8.626409, 0, 0.393960005342480013221, 428.2942, -2117.713, -5.741346, 0.01966487, 0.1582343, 56.94612, 3.283906, 2.551616, 47.41694
 
43.91864, -0.02372961, -0.1514726, 8.619939, 0, 0.394711102303887736765, 427.6692, -2117.713, -5.741346, 0.01966487, 0.1582343, 56.9057, 3.283906, 2.551616, 47.41694
 
43.92863, -0.02372953, -0.1517099, 8.613492, 0, 0.3954592892240517336006553991, 427.0469, -2117.713, -5.741346, 0.01966487, 0.1582343, 56.86543, 3.283906, 2.551616, 47.41694
 
43.93863, -0.02372905, -0.1519472, 8.607071, 0, 0.3962041066227723207936553991, 426.4274, -2117.713, -5.741346, 0.01966487, 0.1582343, 56.8253, 3.283906, 2.551616, 47.41694
 
43.94863, -0.02372814, -0.1521844, 8.600672, 0, 0.3969452481799168869213446009, 425.8106, -2117.713, -5.741346, 0.01966487, 0.1582343, 56.78532, 3.283906, 2.551616, 47.41694
 
43.95863, -0.02372697, -0.1524217, 8.594295, 0, 0.397684245496148489097, 425.1963, -2117.713, -5.741346, 0.01966487, 0.1582343, 56.74547, 3.283906, 2.551616, 47.41694
 
43.96863, -0.02372529, -0.152659, 8.587945, 0, 0.398418801170477902253, 424.5848, -2117.713, -5.741346, 0.01966487, 0.1582343, 56.70576, 3.283906, 2.551616, 47.41694
 
43.97863, -0.02372329, -0.1528963, 8.581616, 0, 0.399150753123693136922, 423.9759, -2117.713, -5.741346, 0.01966487, 0.1582343, 56.6662, 3.283906, 2.551616, 47.41694
 
43.98862, -0.02372082, -0.1531335, 8.575311, 0, 0.3998787229152058655056553991, 423.3697, -2117.713, -5.741346, 0.01966487, 0.1582343, 56.62678, 3.283906, 2.551616, 47.41694
 
43.99862, -0.02371803, -0.1533707, 8.569031, 0, 0.400603629505404732668, 422.7662, -2117.713, -5.741346, 0.01966487, 0.1582343, 56.58751, 3.283906, 2.551616, 47.41694
 
44.00862, -0.02371498, -0.1536079, 8.562774, 0, 0.4013262386946235643666553991, 422.1653, -2117.713, -5.741346, 0.01966487, 0.1582343, 56.54837, 3.283906, 2.551616, 47.41694
 
44.01862, -0.02371133, -0.153845, 8.556543, 0, 0.4020437936016780474016553991, 421.5673, -2117.713, -5.741346, 0.01966487, 0.1582343, 56.50938, 3.283906, 2.551616, 47.41694
 
44.02862, -0.02370733, -0.1540821, 8.550329, 0, 0.4027581321473531291043446009, 420.9715, -2117.713, -5.741346, 0.01966487, 0.1582343, 56.47053, 3.283906, 2.551616, 47.41694
 
44.03862, -0.02370293, -0.1543192, 8.544145, 0, 0.403468794851459847745, 420.3787, -2117.713, -5.741346, 0.01966487, 0.1582343, 56.43183, 3.283906, 2.551616, 47.41694
 
44.04861, -0.02369812, -0.1545562, 8.53798, 0, 0.4041757817139936085216553991, 419.7884, -2117.713, -5.741346, 0.01966487, 0.1582343, 56.39327, 3.283906, 2.551616, 47.41694
 
44.05861, -0.0236929, -0.1547932, 8.531843, 0, 0.4048790927349528798336553991, 419.2009, -2117.713, -5.741346, 0.01966487, 0.1582343, 56.35485, 3.283906, 2.551616, 47.41694
 
44.06861, -0.02368728, -0.1550302, 8.525732, 0, 0.4055784215942050502583446009, 418.6164, -2117.713, -5.741346, 0.01966487, 0.1582343, 56.31661, 3.283906, 2.551616, 47.41694
 
44.07861, -0.02368167, -0.155267, 8.519644, 0, 0.4062772909732667273526553991, 418.0345, -2117.713, -5.741346, 0.01966487, 0.1582343, 56.27851, 3.283906, 2.551616, 47.41694
 
44.08861, -0.02367557, -0.1555039, 8.513583, 0, 0.4069715655503560807143446009, 417.4554, -2117.713, -5.741346, 0.01966487, 0.1582343, 56.24057, 3.283906, 2.551616, 47.41694
 
44.09861, -0.02366918, -0.1557406, 8.507545, 0, 0.4076629300862032389683446009, 416.8789, -2117.713, -5.741346, 0.01966487, 0.1582343, 56.20276, 3.283906, 2.551616, 47.41694
 
44.1086, -0.02366219, -0.1559773, 8.501528, 0, 0.408349087179823571849, 416.3049, -2117.713, -5.741346, 0.01966487, 0.1582343, 56.1651, 3.283906, 2.551616, 47.41694
 
44.1186, -0.0236549, -0.1562139, 8.495536, 0, 0.4090321810721300433083446009, 415.7336, -2117.713, -5.741346, 0.01966487, 0.1582343, 56.12758, 3.283906, 2.551616, 47.41694
 
44.1286, -0.02364717, -0.1564505, 8.489569, 0, 0.4097109864826029288603446009, 415.165, -2117.713, -5.741346, 0.01966487, 0.1582343, 56.09022, 3.283906, 2.551616, 47.41694
 
44.1386, -0.02363899, -0.1566869, 8.483629, 0, 0.410385503411242228505, 414.5992, -2117.713, -5.741346, 0.01966487, 0.1582343, 56.05299, 3.283906, 2.551616, 47.41694
 
44.1486, -0.02363035, -0.1569233, 8.477708, 0, 0.411055731858044879041, 414.0359, -2117.713, -5.741346, 0.01966487, 0.1582343, 56.01593, 3.283906, 2.551616, 47.41694
 
44.1586, -0.02362144, -0.1571596, 8.471815, 0, 0.411723050263602271268, 413.4753, -2117.713, -5.741346, 0.01966487, 0.1582343, 55.979, 3.283906, 2.551616, 47.41694
 
44.16859, -0.02361194, -0.1573958, 8.465944, 0, 0.412384701746734686788, 412.9173, -2117.713, -5.741346, 0.01966487, 0.1582343, 55.94222, 3.283906, 2.551616, 47.41694
 
44.17859, -0.02360211, -0.157632, 8.460099, 0, 0.413043136868490764177, 412.362, -2117.713, -5.741346, 0.01966487, 0.1582343, 55.90559, 3.283906, 2.551616, 47.41694
 
44.18859, -0.02359179, -0.157868, 8.454273, 0, 0.4136966708681480328133446009, 411.8091, -2117.713, -5.741346, 0.01966487, 0.1582343, 55.8691, 3.283906, 2.551616, 47.41694
 
44.19859, -0.02358099, -0.1581039, 8.448475, 0, 0.414345610065842167321, 411.2591, -2117.713, -5.741346, 0.01966487, 0.1582343, 55.83277, 3.283906, 2.551616, 47.41694
 
44.20859, -0.02356979, -0.1583397, 8.442705, 0, 0.41499026078169965272, 410.7118, -2117.713, -5.741346, 0.01966487, 0.1582343, 55.79658, 3.283906, 2.551616, 47.41694
 
44.21859, -0.02355815, -0.1585754, 8.436953, 0, 0.415630623015722020611, 410.1669, -2117.713, -5.741346, 0.01966487, 0.1582343, 55.76054, 3.283906, 2.551616, 47.41694
 
44.22858, -0.02354595, -0.158811, 8.431227, 0, 0.416265471487384951706, 409.6247, -2117.713, -5.741346, 0.01966487, 0.1582343, 55.72465, 3.283906, 2.551616, 47.41694
 
44.23858, -0.0235334, -0.1590464, 8.425529, 0, 0.4168964909574109166266553991, 409.0853, -2117.713, -5.741346, 0.01966487, 0.1582343, 55.68891, 3.283906, 2.551616, 47.41694
 
44.24858, -0.02352038, -0.1592818, 8.41986, 0, 0.417522302985205461372, 408.549, -2117.713, -5.741346, 0.01966487, 0.1582343, 55.65335, 3.283906, 2.551616, 47.41694
 
44.25858, -0.02350725, -0.159517, 8.414207, 0, 0.4181462770922135271853446009, 408.015, -2117.713, -5.741346, 0.01966487, 0.1582343, 55.61794, 3.283906, 2.551616, 47.41694
 
44.26858, -0.02349377, -0.159752, 8.408587, 0, 0.418766422197586158425, 407.484, -2117.713, -5.741346, 0.01966487, 0.1582343, 55.58268, 3.283906, 2.551616, 47.41694
 
44.27858, -0.02347968, -0.159987, 8.402992, 0, 0.419380440900335661624, 406.9556, -2117.713, -5.741346, 0.01966487, 0.1582343, 55.54757, 3.283906, 2.551616, 47.41694
 
44.28857, -0.02346516, -0.1602218, 8.397419, 0, 0.419990017961184507404, 406.4297, -2117.713, -5.741346, 0.01966487, 0.1582343, 55.51261, 3.283906, 2.551616, 47.41694
 
44.29857, -0.02345021, -0.1604564, 8.391869, 0, 0.4205950002200686874546553991, 405.9064, -2117.713, -5.741346, 0.01966487, 0.1582343, 55.4778, 3.283906, 2.551616, 47.41694
 
44.30857, -0.02343474, -0.1606909, 8.386347, 0, 0.421194468716590367508, 405.3859, -2117.713, -5.741346, 0.01966487, 0.1582343, 55.44314, 3.283906, 2.551616, 47.41694
 
44.31857, -0.02341885, -0.1609253, 8.380846, 0, 0.4217893424111489134326553991, 404.8679, -2117.713, -5.741346, 0.01966487, 0.1582343, 55.40863, 3.283906, 2.551616, 47.41694
 
44.32857, -0.02340242, -0.1611595, 8.375372, 0, 0.42237870234334495936, 404.3525, -2117.713, -5.741346, 0.01966487, 0.1582343, 55.37428, 3.283906, 2.551616, 47.41694
 
44.33857, -0.02338554, -0.1613935, 8.36992, 0, 0.422963161153445259736, 403.8398, -2117.713, -5.741346, 0.01966487, 0.1582343, 55.34008, 3.283906, 2.551616, 47.41694
 
44.34856, -0.0233682, -0.1616273, 8.364499, 0, 0.4235424125213156715373446009, 403.3299, -2117.713, -5.741346, 0.01966487, 0.1582343, 55.30603, 3.283906, 2.551616, 47.41694
 
44.35856, -0.02335028, -0.161861, 8.359097, 0, 0.424115690646633090011, 402.8224, -2117.713, -5.741346, 0.01966487, 0.1582343, 55.27213, 3.283906, 2.551616, 47.41694
 
44.36856, -0.0233319, -0.1620945, 8.353722, 0, 0.424684067649851699732, 402.3176, -2117.713, -5.741346, 0.01966487, 0.1582343, 55.23839, 3.283906, 2.551616, 47.41694
 
44.37856, -0.02331306, -0.1623278, 8.348371, 0, 0.425247084050776412568, 401.8154, -2117.713, -5.741346, 0.01966487, 0.1582343, 55.2048, 3.283906, 2.551616, 47.41694
 
44.38856, -0.02329366, -0.162561, 8.343045, 0, 0.4258042803692121403866553991, 401.3158, -2117.713, -5.741346, 0.01966487, 0.1582343, 55.17136, 3.283906, 2.551616, 47.41694
 
44.39856, -0.02327385, -0.1627939, 8.337751, 0, 0.4263562692454179796306553991, 400.8194, -2117.713, -5.741346, 0.01966487, 0.1582343, 55.1381, 3.283906, 2.551616, 47.41694
 
44.40855, -0.02325385, -0.1630266, 8.332478, 0, 0.4269055012404441004766553991, 400.3252, -2117.713, -5.741346, 0.01966487, 0.1582343, 55.10497, 3.283906, 2.551616, 47.41694
 
44.41855, -0.02323296, -0.1632592, 8.327231, 0, 0.427445849951667374884, 399.834, -2117.713, -5.741346, 0.01966487, 0.1582343, 55.07203, 3.283906, 2.551616, 47.41694
 
44.42855, -0.02321196, -0.1634915, 8.322008, 0, 0.4279837481018450739166553991, 399.3452, -2117.713, -5.741346, 0.01966487, 0.1582343, 55.03923, 3.283906, 2.551616, 47.41694
 
44.43855, -0.02319043, -0.1637236, 8.316813, 0, 0.4285156730094651848196553991, 398.8593, -2117.713, -5.741346, 0.01966487, 0.1582343, 55.00659, 3.283906, 2.551616, 47.41694
 
44.44855, -0.02316844, -0.1639555, 8.311643, 0, 0.4290422373147913988376553991, 398.3759, -2117.713, -5.741346, 0.01966487, 0.1582343, 54.97411, 3.283906, 2.551616, 47.41694
 
44.45855, -0.02314594, -0.1641872, 8.306499, 0, 0.429562981537625564637, 397.8953, -2117.713, -5.741346, 0.01966487, 0.1582343, 54.94178, 3.283906, 2.551616, 47.41694
 
44.46854, -0.02312282, -0.1644187, 8.301377, 0, 0.4300771398776415142633446009, 397.4171, -2117.713, -5.741346, 0.01966487, 0.1582343, 54.90961, 3.283906, 2.551616, 47.41694
 
44.47854, -0.02309917, -0.1646499, 8.296281, 0, 0.4305851718150373990503446009, 396.9415, -2117.713, -5.741346, 0.01966487, 0.1582343, 54.87759, 3.283906, 2.551616, 47.41694
 
44.48854, -0.023075, -0.1648809, 8.291216, 0, 0.431087230509878758909, 396.4688, -2117.713, -5.741346, 0.01966487, 0.1582343, 54.84573, 3.283906, 2.551616, 47.41694
 
44.49854, -0.02305028, -0.1651116, 8.286169, 0, 0.431583009642031450816, 395.9985, -2117.713, -5.741346, 0.01966487, 0.1582343, 54.81403, 3.283906, 2.551616, 47.41694
 
44.50854, -0.02302509, -0.1653421, 8.281154, 0, 0.432073121851759166016, 395.531, -2117.713, -5.741346, 0.01966487, 0.1582343, 54.78248, 3.283906, 2.551616, 47.41694
 
44.51854, -0.02299939, -0.1655724, 8.276159, 0, 0.4325574139789948329973446009, 395.0659, -2117.713, -5.741346, 0.01966487, 0.1582343, 54.75109, 3.283906, 2.551616, 47.41694
 
44.52853, -0.02297315, -0.1658024, 8.271194, 0, 0.433035273383480886918, 394.6036, -2117.713, -5.741346, 0.01966487, 0.1582343, 54.71985, 3.283906, 2.551616, 47.41694
 
44.53853, -0.02294633, -0.1660321, 8.26625, 0, 0.433506546905147193065, 394.1439, -2117.713, -5.741346, 0.01966487, 0.1582343, 54.68878, 3.283906, 2.551616, 47.41694
 
44.54853, -0.02291893, -0.1662616, 8.261333, 0, 0.4339712345439968146396553991, 393.6867, -2117.713, -5.741346, 0.01966487, 0.1582343, 54.65786, 3.283906, 2.551616, 47.41694
 
44.55853, -0.02289109, -0.1664908, 8.256447, 0, 0.434429795780221776573, 393.2326, -2117.713, -5.741346, 0.01966487, 0.1582343, 54.62712, 3.283906, 2.551616, 47.41694
 
44.56853, -0.02286302, -0.1667197, 8.251586, 0, 0.434884834334940852154, 392.7811, -2117.713, -5.741346, 0.01966487, 0.1582343, 54.59655, 3.283906, 2.551616, 47.41694
 
44.57853, -0.02283444, -0.1669483, 8.246749, 0, 0.4353335933269712597833446009, 392.3322, -2117.713, -5.741346, 0.01966487, 0.1582343, 54.56614, 3.283906, 2.551616, 47.41694
 
44.58852, -0.02280525, -0.1671767, 8.241937, 0, 0.435775306955989894708, 391.8859, -2117.713, -5.741346, 0.01966487, 0.1582343, 54.53588, 3.283906, 2.551616, 47.41694
 
44.59852, -0.02277554, -0.1674047, 8.237152, 0, 0.4362105878622527901693446009, 391.4422, -2117.713, -5.741346, 0.01966487, 0.1582343, 54.50578, 3.283906, 2.551616, 47.41694
 
44.60852, -0.02274516, -0.1676325, 8.232393, 0, 0.4366383639253057615923446009, 391.0011, -2117.713, -5.741346, 0.01966487, 0.1582343, 54.47583, 3.283906, 2.551616, 47.41694
 
44.61852, -0.02271427, -0.1678599, 8.227662, 0, 0.4370595541055405168423446009, 390.5628, -2117.713, -5.741346, 0.01966487, 0.1582343, 54.44606, 3.283906, 2.551616, 47.41694
 
44.62852, -0.02268276, -0.1680871, 8.222956, 0, 0.437473698922761967787, 390.127, -2117.713, -5.741346, 0.01966487, 0.1582343, 54.41644, 3.283906, 2.551616, 47.41694
 
44.63852, -0.02265077, -0.1683139, 8.218272, 0, 0.4378817173373618222916553991, 389.6937, -2117.713, -5.741346, 0.01966487, 0.1582343, 54.38697, 3.283906, 2.551616, 47.41694
 
44.64851, -0.02261813, -0.1685404, 8.21362, 0, 0.438282077748681618045, 389.2633, -2117.713, -5.741346, 0.01966487, 0.1582343, 54.35767, 3.283906, 2.551616, 47.41694
 
44.65851, -0.02258492, -0.1687666, 8.208987, 0, 0.438675545957053649404, 388.8351, -2117.713, -5.741346, 0.01966487, 0.1582343, 54.32853, 3.283906, 2.551616, 47.41694
 
44.66851, -0.02255114, -0.1689924, 8.204387, 0, 0.4390619688024093132563446009, 388.4099, -2117.713, -5.741346, 0.01966487, 0.1582343, 54.29955, 3.283906, 2.551616, 47.41694
 
44.67851, -0.02251681, -0.1692179, 8.199806, 0, 0.439441499444818744315, 387.9871, -2117.713, -5.741346, 0.01966487, 0.1582343, 54.27073, 3.283906, 2.551616, 47.41694
 
44.68851, -0.02248187, -0.1694431, 8.195256, 0, 0.4398136784040822596456553991, 387.567, -2117.713, -5.741346, 0.01966487, 0.1582343, 54.24207, 3.283906, 2.551616, 47.41694
 
44.69851, -0.02244638, -0.1696679, 8.19073, 0, 0.4401789651603918841793446009, 387.1494, -2117.713, -5.741346, 0.01966487, 0.1582343, 54.21357, 3.283906, 2.551616, 47.41694
 
44.7085, -0.02241031, -0.1698924, 8.186233, 0, 0.4405365939134275763643446009, 386.7348, -2117.713, -5.741346, 0.01966487, 0.1582343, 54.18526, 3.283906, 2.551616, 47.41694
 
44.7185, -0.02237389, -0.1701165, 8.18176, 0, 0.440889321544367522998, 386.3225, -2117.713, -5.741346, 0.01966487, 0.1582343, 54.15709, 3.283906, 2.551616, 47.41694
 
44.7285, -0.02233669, -0.1703402, 8.177316, 0, 0.4412327064113064718593446009, 385.9132, -2117.713, -5.741346, 0.01966487, 0.1582343, 54.1291, 3.283906, 2.551616, 47.41694
 
44.7385, -0.02229916, -0.1705636, 8.172901, 0, 0.441570883836020126948, 385.5066, -2117.713, -5.741346, 0.01966487, 0.1582343, 54.10128, 3.283906, 2.551616, 47.41694
 
44.7485, -0.02226097, -0.1707866, 8.168508, 0, 0.441901250097389714975, 385.1024, -2117.713, -5.741346, 0.01966487, 0.1582343, 54.07362, 3.283906, 2.551616, 47.41694
 
44.7585, -0.0222222, -0.1710092, 8.164144, 0, 0.4422241115155463157623446009, 384.7009, -2117.713, -5.741346, 0.01966487, 0.1582343, 54.04612, 3.283906, 2.551616, 47.41694
 
44.76849, -0.02218287, -0.1712314, 8.159807, 0, 0.4425396212505585324223446009, 384.3021, -2117.713, -5.741346, 0.01966487, 0.1582343, 54.01879, 3.283906, 2.551616, 47.41694
 
44.77849, -0.02214288, -0.1714533, 8.155492, 0, 0.442847166662164205311, 383.9057, -2117.713, -5.741346, 0.01966487, 0.1582343, 53.99162, 3.283906, 2.551616, 47.41694
 
44.78849, -0.0221023, -0.1716747, 8.151205, 0, 0.44314720723055689096, 383.512, -2117.713, -5.741346, 0.01966487, 0.1582343, 53.96461, 3.283906, 2.551616, 47.41694
 
44.79849, -0.02206103, -0.1718957, 8.14695, 0, 0.443438670835279341593, 383.121, -2117.713, -5.741346, 0.01966487, 0.1582343, 53.93777, 3.283906, 2.551616, 47.41694
 
44.80849, -0.0220191, -0.1721163, 8.142714, 0, 0.443721863796462637032, 382.7325, -2117.713, -5.741346, 0.01966487, 0.1582343, 53.91109, 3.283906, 2.551616, 47.41694
 
44.81849, -0.02197666, -0.1723365, 8.138507, 0, 0.4439981645546981680766553991, 382.3466, -2117.713, -5.741346, 0.01966487, 0.1582343, 53.88457, 3.283906, 2.551616, 47.41694
 
44.82848, -0.02193359, -0.1725563, 8.13433, 0, 0.4442665009895210289473446009, 381.9634, -2117.713, -5.741346, 0.01966487, 0.1582343, 53.85822, 3.283906, 2.551616, 47.41694
 
44.83848, -0.0218898, -0.1727756, 8.130172, 0, 0.4445259541405487013826553991, 381.5826, -2117.713, -5.741346, 0.01966487, 0.1582343, 53.83203, 3.283906, 2.551616, 47.41694
 
44.84848, -0.02184546, -0.1729945, 8.126045, 0, 0.4447779024483618549776553991, 381.2045, -2117.713, -5.741346, 0.01966487, 0.1582343, 53.80601, 3.283906, 2.551616, 47.41694
 
44.85848, -0.02180052, -0.173213, 8.121948, 0, 0.4450220395928324731116553991, 380.8292, -2117.713, -5.741346, 0.01966487, 0.1582343, 53.78015, 3.283906, 2.551616, 47.41694
 
44.86848, -0.02175489, -0.173431, 8.11787, 0, 0.4452575997736328562296553991, 380.4561, -2117.713, -5.741346, 0.01966487, 0.1582343, 53.75446, 3.283906, 2.551616, 47.41694
 
44.87848, -0.02170864, -0.1736485, 8.113828, 0, 0.4454844298306974644206553991, 380.0863, -2117.713, -5.741346, 0.01966487, 0.1582343, 53.72896, 3.283906, 2.551616, 47.41694
 
44.88847, -0.02166207, -0.1738656, 8.10981, 0, 0.445706052445532184037, 379.719, -2117.713, -5.741346, 0.01966487, 0.1582343, 53.70363, 3.283906, 2.551616, 47.41694
 
44.89847, -0.02161481, -0.1740822, 8.105822, 0, 0.445918638616501580505, 379.3544, -2117.713, -5.741346, 0.01966487, 0.1582343, 53.67847, 3.283906, 2.551616, 47.41694
 
44.90847, -0.02156686, -0.1742983, 8.101858, 0, 0.446122494663735202046, 378.9923, -2117.713, -5.741346, 0.01966487, 0.1582343, 53.65347, 3.283906, 2.551616, 47.41694
 
44.91847, -0.02151835, -0.174514, 8.097921, 0, 0.446318692707691828037, 378.6328, -2117.713, -5.741346, 0.01966487, 0.1582343, 53.62863, 3.283906, 2.551616, 47.41694
 
44.92847, -0.02146915, -0.1747292, 8.094009, 0, 0.44650600746784713919, 378.2758, -2117.713, -5.741346, 0.01966487, 0.1582343, 53.60396, 3.283906, 2.551616, 47.41694
 
44.93847, -0.02141922, -0.1749439, 8.090126, 0, 0.446683979464004515772, 377.9215, -2117.713, -5.741346, 0.01966487, 0.1582343, 53.57946, 3.283906, 2.551616, 47.41694
 
44.94846, -0.02136866, -0.1751581, 8.086268, 0, 0.4468536808166212055593446009, 377.5698, -2117.713, -5.741346, 0.01966487, 0.1582343, 53.55513, 3.283906, 2.551616, 47.41694
 
44.95846, -0.0213175, -0.1753718, 8.08244, 0, 0.447014958365636263443, 377.2208, -2117.713, -5.741346, 0.01966487, 0.1582343, 53.53096, 3.283906, 2.551616, 47.41694
 
44.96846, -0.02126558, -0.1755849, 8.078635, 0, 0.447167046310717395066, 376.8741, -2117.713, -5.741346, 0.01966487, 0.1582343, 53.50697, 3.283906, 2.551616, 47.41694
 
44.97846, -0.02121302, -0.1757976, 8.07486, 0, 0.447310250971997211851, 376.5302, -2117.713, -5.741346, 0.01966487, 0.1582343, 53.48313, 3.283906, 2.551616, 47.41694
 
44.98846, -0.02115984, -0.1760097, 8.071112, 0, 0.4474450318296708019303446009, 376.1889, -2117.713, -5.741346, 0.01966487, 0.1582343, 53.45947, 3.283906, 2.551616, 47.41694
 
44.99846, -0.02110592, -0.1762213, 8.067389, 0, 0.4475701636032199724186553991, 375.8502, -2117.713, -5.741346, 0.01966487, 0.1582343, 53.43597, 3.283906, 2.551616, 47.41694
 
45.00845, -0.0210514, -0.1764324, 8.063694, 0, 0.4476871778932924644226553991, 375.514, -2117.713, -5.741346, 0.01966487, 0.1582343, 53.41264, 3.283906, 2.551616, 47.41694
 
45.01845, -0.02099621, -0.1766429, 8.060024, 0, 0.4477951557394950384763446009, 375.1803, -2117.713, -5.741346, 0.01966487, 0.1582343, 53.38948, 3.283906, 2.551616, 47.41694
 
45.02845, -0.02094035, -0.1768529, 8.056383, 0, 0.4478939439817682810713446009, 374.8494, -2117.713, -5.741346, 0.01966487, 0.1582343, 53.36649, 3.283906, 2.551616, 47.41694
 
45.03845, -0.02088384, -0.1770623, 8.052773, 0, 0.447983695780176200518, 374.5214, -2117.713, -5.741346, 0.01966487, 0.1582343, 53.3437, 3.283906, 2.551616, 47.41694
 
45.04845, -0.0208268, -0.1772711, 8.049189, 0, 0.4480656364152385213023446009, 374.1959, -2117.713, -5.741346, 0.01966487, 0.1582343, 53.32108, 3.283906, 2.551616, 47.41694
 
45.05844, -0.02076918, -0.1774794, 8.045635, 0, 0.448139153246699210183, 373.8732, -2117.713, -5.741346, 0.01966487, 0.1582343, 53.29862, 3.283906, 2.551616, 47.41694
 
45.06844, -0.02071075, -0.1776871, 8.042107, 0, 0.4482024083537687250266553991, 373.5529, -2117.713, -5.741346, 0.01966487, 0.1582343, 53.27634, 3.283906, 2.551616, 47.41694
 
45.07844, -0.02065165, -0.1778942, 8.038603, 0, 0.448256473856902782009, 373.2352, -2117.713, -5.741346, 0.01966487, 0.1582343, 53.25422, 3.283906, 2.551616, 47.41694
 
45.08844, -0.02059187, -0.1781007, 8.035125, 0, 0.4483011965960419676216553991, 372.92, -2117.713, -5.741346, 0.01966487, 0.1582343, 53.23227, 3.283906, 2.551616, 47.41694
 
45.09844, -0.02053135, -0.1783066, 8.031678, 0, 0.44833627025104907564, 372.6075, -2117.713, -5.741346, 0.01966487, 0.1582343, 53.2105, 3.283906, 2.551616, 47.41694
 
45.10844, -0.02047015, -0.1785119, 8.028261, 0, 0.448361694821928700866, 372.2978, -2117.713, -5.741346, 0.01966487, 0.1582343, 53.18889, 3.283906, 2.551616, 47.41694
 
45.11843, -0.02040825, -0.1787166, 8.024866, 0, 0.448377776628810391521, 371.9904, -2117.713, -5.741346, 0.01966487, 0.1582343, 53.16746, 3.283906, 2.551616, 47.41694
 
45.12843, -0.0203457, -0.1789207, 8.021501, 0, 0.448384668831759687516, 371.6857, -2117.713, -5.741346, 0.01966487, 0.1582343, 53.14619, 3.283906, 2.551616, 47.41694
 
45.13843, -0.02028237, -0.1791242, 8.018162, 0, 0.4483814524703818177843446009, 371.3835, -2117.713, -5.741346, 0.01966487, 0.1582343, 53.1251, 3.283906, 2.551616, 47.41694
 
45.14843, -0.02021836, -0.179327, 8.014853, 0, 0.4483685870248764652603446009, 371.084, -2117.713, -5.741346, 0.01966487, 0.1582343, 53.10418, 3.283906, 2.551616, 47.41694
 
45.15843, -0.02015361, -0.1795292, 8.011569, 0, 0.4483459193351765584323446009, 370.787, -2117.713, -5.741346, 0.01966487, 0.1582343, 53.08342, 3.283906, 2.551616, 47.41694
 
45.16843, -0.02008812, -0.1797307, 8.008312, 0, 0.448312989921087009168, 370.4926, -2117.713, -5.741346, 0.01966487, 0.1582343, 53.06285, 3.283906, 2.551616, 47.41694
 
45.17842, -0.02002199, -0.1799316, 8.00509, 0, 0.448270564582932453821, 370.2013, -2117.713, -5.741346, 0.01966487, 0.1582343, 53.04247, 3.283906, 2.551616, 47.41694
 
45.18842, -0.01995534, -0.1801318, 8.001888, 0, 0.448220174921369823102, 369.9123, -2117.713, -5.741346, 0.01966487, 0.1582343, 53.02226, 3.283906, 2.551616, 47.41694
 
45.19842, -0.01988798, -0.1803314, 7.998718, 0, 0.448159829855547098168, 369.626, -2117.713, -5.741346, 0.01966487, 0.1582343, 53.00223, 3.283906, 2.551616, 47.41694
 
45.20842, -0.01981983, -0.1805303, 7.995579, 0, 0.4480889167452005877743446009, 369.3425, -2117.713, -5.741346, 0.01966487, 0.1582343, 52.98236, 3.283906, 2.551616, 47.41694
 
45.21842, -0.01975092, -0.1807285, 7.992461, 0, 0.448007588750400426634, 369.0612, -2117.713, -5.741346, 0.01966487, 0.1582343, 52.96267, 3.283906, 2.551616, 47.41694
 
45.22842, -0.01968133, -0.180926, 7.989377, 0, 0.4479166116714697195, 368.7829, -2117.713, -5.741346, 0.01966487, 0.1582343, 52.94316, 3.283906, 2.551616, 47.41694
 
45.23841, -0.01961095, -0.1811228, 7.986317, 0, 0.447815066548016758507, 368.5069, -2117.713, -5.741346, 0.01966487, 0.1582343, 52.92381, 3.283906, 2.551616, 47.41694
 
45.24841, -0.0195399, -0.1813189, 7.983285, 0, 0.4477038723404363147216553991, 368.2336, -2117.713, -5.741346, 0.01966487, 0.1582343, 52.90463, 3.283906, 2.551616, 47.41694
 
45.25841, -0.01946799, -0.1815143, 7.980279, 0, 0.447581344288002854321, 367.9627, -2117.713, -5.741346, 0.01966487, 0.1582343, 52.88564, 3.283906, 2.551616, 47.41694
 
45.26841, -0.0193954, -0.181709, 7.977302, 0, 0.4474491671514403795273446009, 367.6945, -2117.713, -5.741346, 0.01966487, 0.1582343, 52.86681, 3.283906, 2.551616, 47.41694
 
45.27841, -0.01932205, -0.1819029, 7.974353, 0, 0.447306115650227634254, 367.4289, -2117.713, -5.741346, 0.01966487, 0.1582343, 52.84816, 3.283906, 2.551616, 47.41694
 
45.28841, -0.01924798, -0.1820962, 7.971432, 0, 0.447153261904818803076, 367.1659, -2117.713, -5.741346, 0.01966487, 0.1582343, 52.82967, 3.283906, 2.551616, 47.41694
 
45.2984, -0.01917313, -0.1822886, 7.968537, 0, 0.4469895337947581698176553991, 366.9053, -2117.713, -5.741346, 0.01966487, 0.1582343, 52.81137, 3.283906, 2.551616, 47.41694
 
45.3084, -0.01909758, -0.1824804, 7.965672, 0, 0.446815697120368839232, 366.6475, -2117.713, -5.741346, 0.01966487, 0.1582343, 52.79324, 3.283906, 2.551616, 47.41694
 
45.3184, -0.01902128, -0.1826713, 7.962832, 0, 0.4466312924014572547873446009, 366.3921, -2117.713, -5.741346, 0.01966487, 0.1582343, 52.77528, 3.283906, 2.551616, 47.41694
 
45.3284, -0.01894421, -0.1828616, 7.960021, 0, 0.446436472798092019596, 366.1393, -2117.713, -5.741346, 0.01966487, 0.1582343, 52.7575, 3.283906, 2.551616, 47.41694
 
45.3384, -0.01886646, -0.183051, 7.957244, 0, 0.446231085150202998945, 365.8897, -2117.713, -5.741346, 0.01966487, 0.1582343, 52.73992, 3.283906, 2.551616, 47.41694
 
45.3484, -0.01878805, -0.1832397, 7.954494, 0, 0.4460160484181834323003446009, 365.6425, -2117.713, -5.741346, 0.01966487, 0.1582343, 52.72251, 3.283906, 2.551616, 47.41694
 
45.35839, -0.0187089, -0.1834275, 7.95177, 0, 0.4457904436416462065986553991, 365.3978, -2117.713, -5.741346, 0.01966487, 0.1582343, 52.70528, 3.283906, 2.551616, 47.41694
 
45.36839, -0.01862894, -0.1836146, 7.949071, 0, 0.445553811340385512503, 365.1556, -2117.713, -5.741346, 0.01966487, 0.1582343, 52.68822, 3.283906, 2.551616, 47.41694
 
45.37839, -0.01854825, -0.1838009, 7.946405, 0, 0.445306610994604096149, 364.9162, -2117.713, -5.741346, 0.01966487, 0.1582343, 52.67134, 3.283906, 2.551616, 47.41694
 
45.38839, -0.01846674, -0.1839864, 7.943765, 0, 0.445048076803972726381, 364.6792, -2117.713, -5.741346, 0.01966487, 0.1582343, 52.65464, 3.283906, 2.551616, 47.41694
 
45.39839, -0.01838449, -0.1841711, 7.941156, 0, 0.444778974568819102754, 364.445, -2117.713, -5.741346, 0.01966487, 0.1582343, 52.63811, 3.283906, 2.551616, 47.41694
 
45.40839, -0.01830142, -0.1843549, 7.938573, 0, 0.444498538488815525713, 364.2133, -2117.713, -5.741346, 0.01966487, 0.1582343, 52.62175, 3.283906, 2.551616, 47.41694
 
45.41838, -0.01821757, -0.1845379, 7.936017, 0, 0.444207228044158614991, 363.984, -2117.713, -5.741346, 0.01966487, 0.1582343, 52.60558, 3.283906, 2.551616, 47.41694
 
45.42838, -0.01813303, -0.1847201, 7.933486, 0, 0.443905502715044990321, 363.7573, -2117.713, -5.741346, 0.01966487, 0.1582343, 52.58957, 3.283906, 2.551616, 47.41694
 
45.43838, -0.01804762, -0.1849014, 7.930988, 0, 0.443591984060884792504, 363.5333, -2117.713, -5.741346, 0.01966487, 0.1582343, 52.57375, 3.283906, 2.551616, 47.41694
 
45.44838, -0.01796149, -0.1850819, 7.928515, 0, 0.443268050522267880739, 363.3118, -2117.713, -5.741346, 0.01966487, 0.1582343, 52.55809, 3.283906, 2.551616, 47.41694
 
45.45838, -0.01787448, -0.1852615, 7.926074, 0, 0.4429318641784062444933446009, 363.093, -2117.713, -5.741346, 0.01966487, 0.1582343, 52.54262, 3.283906, 2.551616, 47.41694
 
45.46838, -0.01778674, -0.1854403, 7.923659, 0, 0.4425852629500894259003446009, 362.8767, -2117.713, -5.741346, 0.01966487, 0.1582343, 52.52732, 3.283906, 2.551616, 47.41694
 
45.47837, -0.01769822, -0.1856181, 7.921272, 0, 0.4422273278769226538933446009, 362.6629, -2117.713, -5.741346, 0.01966487, 0.1582343, 52.5122, 3.283906, 2.551616, 47.41694
 
45.48837, -0.01760891, -0.1857951, 7.918915, 0, 0.441857905798841920162, 362.4521, -2117.713, -5.741346, 0.01966487, 0.1582343, 52.49729, 3.283906, 2.551616, 47.41694
 
45.49837, -0.01751898, -0.1859712, 7.916589, 0, 0.441478834636630640437, 362.2439, -2117.713, -5.741346, 0.01966487, 0.1582343, 52.48255, 3.283906, 2.551616, 47.41694
 
45.50837, -0.01742828, -0.1861464, 7.914291, 0, 0.44108873594970048712, 362.0382, -2117.713, -5.741346, 0.01966487, 0.1582343, 52.46799, 3.283906, 2.551616, 47.41694
 
45.51837, -0.01733671, -0.1863207, 7.912018, 0, 0.440686537617592680834, 361.835, -2117.713, -5.741346, 0.01966487, 0.1582343, 52.4536, 3.283906, 2.551616, 47.41694
 
45.52837, -0.01724439, -0.1864941, 7.909777, 0, 0.4402733117607644693553446009, 361.6346, -2117.713, -5.741346, 0.01966487, 0.1582343, 52.4394, 3.283906, 2.551616, 47.41694
 
45.53836, -0.01715128, -0.1866665, 7.907563, 0, 0.4398489052191564391756553991, 361.4366, -2117.713, -5.741346, 0.01966487, 0.1582343, 52.42537, 3.283906, 2.551616, 47.41694
 
45.54836, -0.01705732, -0.186838, 7.905375, 0, 0.4394127053524957094463446009, 361.2411, -2117.713, -5.741346, 0.01966487, 0.1582343, 52.41151, 3.283906, 2.551616, 47.41694
 
45.55836, -0.01696258, -0.1870086, 7.90322, 0, 0.4389650184809256127946553991, 361.0484, -2117.713, -5.741346, 0.01966487, 0.1582343, 52.39784, 3.283906, 2.551616, 47.41694
 
45.56836, -0.01686698, -0.1871782, 7.90109, 0, 0.4385052319641717367713446009, 360.8582, -2117.713, -5.741346, 0.01966487, 0.1582343, 52.38435, 3.283906, 2.551616, 47.41694
 
45.57836, -0.01677061, -0.1873469, 7.898988, 0, 0.438034417922703581958, 360.6704, -2117.713, -5.741346, 0.01966487, 0.1582343, 52.37103, 3.283906, 2.551616, 47.41694
 
45.58836, -0.01667341, -0.1875146, 7.896912, 0, 0.437551963716252862308, 360.4852, -2117.713, -5.741346, 0.01966487, 0.1582343, 52.35789, 3.283906, 2.551616, 47.41694
 
45.59835, -0.01657545, -0.1876813, 7.894868, 0, 0.437058175664952189244, 360.3026, -2117.713, -5.741346, 0.01966487, 0.1582343, 52.34492, 3.283906, 2.551616, 47.41694
 
45.60835, -0.01647663, -0.1878471, 7.892854, 0, 0.4365524411285409347226553991, 360.1228, -2117.713, -5.741346, 0.01966487, 0.1582343, 52.33214, 3.283906, 2.551616, 47.41694
 
45.61835, -0.01637701, -0.1880118, 7.890863, 0, 0.4360350664271440521633446009, 359.9452, -2117.713, -5.741346, 0.01966487, 0.1582343, 52.31954, 3.283906, 2.551616, 47.41694
 
45.62835, -0.01627659, -0.1881756, 7.888904, 0, 0.4355062047208378026816553991, 359.7704, -2117.713, -5.741346, 0.01966487, 0.1582343, 52.30711, 3.283906, 2.551616, 47.41694
 
45.63835, -0.01617537, -0.1883384, 7.886971, 0, 0.434965702849545925162, 359.598, -2117.713, -5.741346, 0.01966487, 0.1582343, 52.29486, 3.283906, 2.551616, 47.41694
 
45.64835, -0.01607333, -0.1885001, 7.885076, 0, 0.434413101333077926274, 359.4288, -2117.713, -5.741346, 0.01966487, 0.1582343, 52.28283, 3.283906, 2.551616, 47.41694
 
45.65834, -0.01597059, -0.1886609, 7.883201, 0, 0.433850084932153213438, 359.2618, -2117.713, -5.741346, 0.01966487, 0.1582343, 52.27096, 3.283906, 2.551616, 47.41694
 
45.66834, -0.01586703, -0.1888206, 7.881363, 0, 0.433274968886050847633, 359.0978, -2117.713, -5.741346, 0.01966487, 0.1582343, 52.25928, 3.283906, 2.551616, 47.41694
 
45.67834, -0.0157626, -0.1889792, 7.879549, 0, 0.432687753194770828859, 358.9361, -2117.713, -5.741346, 0.01966487, 0.1582343, 52.24778, 3.283906, 2.551616, 47.41694
 
45.68834, -0.01565735, -0.1891369, 7.877764, 0, 0.4320887441784427053373446009, 358.777, -2117.713, -5.741346, 0.01966487, 0.1582343, 52.23645, 3.283906, 2.551616, 47.41694
 
45.69834, -0.01555132, -0.1892934, 7.876007, 0, 0.4314780949971381433816553991, 358.6205, -2117.713, -5.741346, 0.01966487, 0.1582343, 52.22532, 3.283906, 2.551616, 47.41694
 
45.70834, -0.01544446, -0.1894489, 7.874277, 0, 0.430855805650847953388, 358.4665, -2117.713, -5.741346, 0.01966487, 0.1582343, 52.21435, 3.283906, 2.551616, 47.41694
 
45.71833, -0.01533669, -0.1896034, 7.872578, 0, 0.430220650859053942471, 358.3151, -2117.713, -5.741346, 0.01966487, 0.1582343, 52.20356, 3.283906, 2.551616, 47.41694
 
45.72833, -0.01522814, -0.1897568, 7.870907, 0, 0.429574009062344438229, 358.1663, -2117.713, -5.741346, 0.01966487, 0.1582343, 52.19296, 3.283906, 2.551616, 47.41694
 
45.73833, -0.01511878, -0.189909, 7.869267, 0, 0.428915727100653900751, 358.0201, -2117.713, -5.741346, 0.01966487, 0.1582343, 52.18253, 3.283906, 2.551616, 47.41694
 
45.74833, -0.01500858, -0.1900602, 7.86765, 0, 0.4282454986538527818156553991, 357.8763, -2117.713, -5.741346, 0.01966487, 0.1582343, 52.17229, 3.283906, 2.551616, 47.41694
 
45.75833, -0.01489748, -0.1902103, 7.866065, 0, 0.427562557921608787066, 357.7352, -2117.713, -5.741346, 0.01966487, 0.1582343, 52.16223, 3.283906, 2.551616, 47.41694
 
45.76833, -0.01478558, -0.1903593, 7.86451, 0, 0.4268678238643182191693446009, 357.5966, -2117.713, -5.741346, 0.01966487, 0.1582343, 52.15234, 3.283906, 2.551616, 47.41694
 
45.77832, -0.01467285, -0.1905071, 7.862978, 0, 0.426161143321918601416, 357.4605, -2117.713, -5.741346, 0.01966487, 0.1582343, 52.14264, 3.283906, 2.551616, 47.41694
 
45.78832, -0.0145593, -0.1906539, 7.861478, 0, 0.425442669454470878915, 357.327, -2117.713, -5.741346, 0.01966487, 0.1582343, 52.13311, 3.283906, 2.551616, 47.41694
 
45.79832, -0.01444494, -0.1907995, 7.86001, 0, 0.424712249101911043356, 357.1963, -2117.713, -5.741346, 0.01966487, 0.1582343, 52.12377, 3.283906, 2.551616, 47.41694
 
45.80832, -0.01432969, -0.1909439, 7.858569, 0, 0.423969116463911395184, 357.0682, -2117.713, -5.741346, 0.01966487, 0.1582343, 52.11464, 3.283906, 2.551616, 47.41694
 
45.81832, -0.01421371, -0.1910872, 7.85716, 0, 0.423214803141127333509, 356.9428, -2117.713, -5.741346, 0.01966487, 0.1582343, 52.10568, 3.283906, 2.551616, 47.41694
 
45.82832, -0.0140969, -0.1912293, 7.855778, 0, 0.4224483901731640872643446009, 356.82, -2117.713, -5.741346, 0.01966487, 0.1582343, 52.09692, 3.283906, 2.551616, 47.41694
 
45.83831, -0.01397928, -0.1913703, 7.854428, 0, 0.421670337040222870985, 356.6999, -2117.713, -5.741346, 0.01966487, 0.1582343, 52.08832, 3.283906, 2.551616, 47.41694
 
45.84831, -0.01386081, -0.1915101, 7.853105, 0, 0.4208800311020353986243446009, 356.5822, -2117.713, -5.741346, 0.01966487, 0.1582343, 52.07991, 3.283906, 2.551616, 47.41694
 
45.85831, -0.01374151, -0.1916487, 7.851809, 0, 0.4200776255186718048953446009, 356.467, -2117.713, -5.741346, 0.01966487, 0.1582343, 52.07168, 3.283906, 2.551616, 47.41694
 
45.86831, -0.01362128, -0.1917861, 7.85054, 0, 0.419262354489804390243, 356.3543, -2117.713, -5.741346, 0.01966487, 0.1582343, 52.06363, 3.283906, 2.551616, 47.41694
 
45.87831, -0.01350024, -0.1919223, 7.849302, 0, 0.418435136975823330932, 356.2443, -2117.713, -5.741346, 0.01966487, 0.1582343, 52.05576, 3.283906, 2.551616, 47.41694
 
45.88831, -0.01337838, -0.1920573, 7.848096, 0, 0.417595972976730158563, 356.137, -2117.713, -5.741346, 0.01966487, 0.1582343, 52.04808, 3.283906, 2.551616, 47.41694
 
45.8983, -0.01325567, -0.1921911, 7.846914, 0, 0.416744709332459333225, 356.032, -2117.713, -5.741346, 0.01966487, 0.1582343, 52.04058, 3.283906, 2.551616, 47.41694
 
45.9083, -0.01313211, -0.1923237, 7.845763, 0, 0.415881346043010854918, 355.9297, -2117.713, -5.741346, 0.01966487, 0.1582343, 52.03325, 3.283906, 2.551616, 47.41694
 
45.9183, -0.01300772, -0.192455, 7.844639, 0, 0.4150057299483207153316553991, 355.8298, -2117.713, -5.741346, 0.01966487, 0.1582343, 52.02611, 3.283906, 2.551616, 47.41694
 
45.9283, -0.01288251, -0.1925851, 7.843544, 0, 0.414118320528580939397, 355.7325, -2117.713, -5.741346, 0.01966487, 0.1582343, 52.01915, 3.283906, 2.551616, 47.41694
 
45.9383, -0.01275647, -0.1927139, 7.84248, 0, 0.413218658303599502183, 355.6379, -2117.713, -5.741346, 0.01966487, 0.1582343, 52.01237, 3.283906, 2.551616, 47.41694
 
45.9483, -0.01262959, -0.1928415, 7.841451, 0, 0.412306743273374872089, 355.5464, -2117.713, -5.741346, 0.01966487, 0.1582343, 52.0058, 3.283906, 2.551616, 47.41694
 
45.95829, -0.01250187, -0.1929678, 7.840442, 0, 0.4113830349181052004486553991, 355.4567, -2117.713, -5.741346, 0.01966487, 0.1582343, 51.99939, 3.283906, 2.551616, 47.41694
 
45.96829, -0.01237326, -0.1930928, 7.839459, 0, 0.410446767437458192905, 355.3696, -2117.713, -5.741346, 0.01966487, 0.1582343, 51.99316, 3.283906, 2.551616, 47.41694
 
45.97829, -0.01224385, -0.1932165, 7.838513, 0, 0.409498247151569524082, 355.2856, -2117.713, -5.741346, 0.01966487, 0.1582343, 51.98713, 3.283906, 2.551616, 47.41694
 
45.98829, -0.01211363, -0.193339, 7.837598, 0, 0.4085379335406358137126553991, 355.2042, -2117.713, -5.741346, 0.01966487, 0.1582343, 51.98129, 3.283906, 2.551616, 47.41694
 
45.99829, -0.01198259, -0.1934601, 7.836712, 0, 0.407565826604652466995, 355.1254, -2117.713, -5.741346, 0.01966487, 0.1582343, 51.97564, 3.283906, 2.551616, 47.41694
 
46.00829, -0.01185069, -0.1935799, 7.835853, 0, 0.406581313703361919087, 355.049, -2117.713, -5.741346, 0.01966487, 0.1582343, 51.97016, 3.283906, 2.551616, 47.41694
 
46.01828, -0.01171793, -0.1936984, 7.835021, 0, 0.405584547996828178299, 354.9751, -2117.713, -5.741346, 0.01966487, 0.1582343, 51.96486, 3.283906, 2.551616, 47.41694
 
46.02828, -0.01158433, -0.1938156, 7.83422, 0, 0.404575682645116784542, 354.904, -2117.713, -5.741346, 0.01966487, 0.1582343, 51.95975, 3.283906, 2.551616, 47.41694
 
46.03828, -0.01144989, -0.1939315, 7.833448, 0, 0.403554717648227737816, 354.8353, -2117.713, -5.741346, 0.01966487, 0.1582343, 51.95483, 3.283906, 2.551616, 47.41694
 
46.04828, -0.0113146, -0.194046, 7.832702, 0, 0.4025216530061595065203446009, 354.7691, -2117.713, -5.741346, 0.01966487, 0.1582343, 51.95007, 3.283906, 2.551616, 47.41694
 
46.05828, -0.01117849, -0.1941591, 7.831987, 0, 0.401476488718916685457, 354.7056, -2117.713, -5.741346, 0.01966487, 0.1582343, 51.94551, 3.283906, 2.551616, 47.41694
 
46.06828, -0.01104152, -0.1942709, 7.831298, 0, 0.400419224786494679824, 354.6444, -2117.713, -5.741346, 0.01966487, 0.1582343, 51.94113, 3.283906, 2.551616, 47.41694
 
46.07827, -0.01090371, -0.1943813, 7.830643, 0, 0.3993497080488279497103446009, 354.5861, -2117.713, -5.741346, 0.01966487, 0.1582343, 51.93693, 3.283906, 2.551616, 47.41694
 
46.08827, -0.01076505, -0.1944903, 7.830012, 0, 0.3982682448260506381393446009, 354.5301, -2117.713, -5.741346, 0.01966487, 0.1582343, 51.93291, 3.283906, 2.551616, 47.41694
 
46.09827, -0.01062556, -0.194598, 7.829412, 0, 0.3971746819580972052, 354.4767, -2117.713, -5.741346, 0.01966487, 0.1582343, 51.92907, 3.283906, 2.551616, 47.41694
 
46.10827, -0.01048522, -0.1947042, 7.828841, 0, 0.396069019444964587691, 354.4259, -2117.713, -5.741346, 0.01966487, 0.1582343, 51.92542, 3.283906, 2.551616, 47.41694
 
46.11827, -0.01034406, -0.1948091, 7.828301, 0, 0.394951410446719857124, 354.3778, -2117.713, -5.741346, 0.01966487, 0.1582343, 51.92195, 3.283906, 2.551616, 47.41694
 
46.12827, -0.01020206, -0.1949126, 7.827787, 0, 0.393821854963363013499, 354.3321, -2117.713, -5.741346, 0.01966487, 0.1582343, 51.91866, 3.283906, 2.551616, 47.41694
 
46.13826, -0.01005923, -0.1950146, 7.827302, 0, 0.392680352994894056816, 354.2889, -2117.713, -5.741346, 0.01966487, 0.1582343, 51.91555, 3.283906, 2.551616, 47.41694
 
46.14826, -0.009915564, -0.1951152, 7.826845, 0, 0.391526904541312987075, 354.2483, -2117.713, -5.741346, 0.01966487, 0.1582343, 51.91263, 3.283906, 2.551616, 47.41694
 
46.15826, -0.009771102, -0.1952143, 7.826424, 0, 0.390361509602619804276, 354.2107, -2117.713, -5.741346, 0.01966487, 0.1582343, 51.90992, 3.283906, 2.551616, 47.41694
 
46.16826, -0.009625792, -0.195312, 7.826026, 0, 0.3891843213388815799306553991, 354.1753, -2117.713, -5.741346, 0.01966487, 0.1582343, 51.90736, 3.283906, 2.551616, 47.41694
 
46.17826, -0.00947966, -0.1954083, 7.825663, 0, 0.3879950334299611078143446009, 354.1429, -2117.713, -5.741346, 0.01966487, 0.1582343, 51.90502, 3.283906, 2.551616, 47.41694
 
46.18826, -0.009332713, -0.1955031, 7.825324, 0, 0.3867941053560626656633446009, 354.1128, -2117.713, -5.741346, 0.01966487, 0.1582343, 51.90285, 3.283906, 2.551616, 47.41694
 
46.19825, -0.009184937, -0.1955964, 7.825018, 0, 0.3855812307970521104543446009, 354.0854, -2117.713, -5.741346, 0.01966487, 0.1582343, 51.90088, 3.283906, 2.551616, 47.41694
 
46.20825, -0.009036337, -0.1956883, 7.824743, 0, 0.38435671607306205361, 354.0607, -2117.713, -5.741346, 0.01966487, 0.1582343, 51.89908, 3.283906, 2.551616, 47.41694
 
46.21825, -0.008886914, -0.1957786, 7.824495, 0, 0.383120254863958352107, 354.0385, -2117.713, -5.741346, 0.01966487, 0.1582343, 51.89746, 3.283906, 2.551616, 47.41694
 
46.22825, -0.008736661, -0.1958675, 7.824275, 0, 0.3818720003298065458563446009, 354.0187, -2117.713, -5.741346, 0.01966487, 0.1582343, 51.89603, 3.283906, 2.551616, 47.41694
 
46.23825, -0.008585593, -0.1959549, 7.824083, 0, 0.380612105630676769571, 354.0016, -2117.713, -5.741346, 0.01966487, 0.1582343, 51.89479, 3.283906, 2.551616, 47.41694
 
46.24825, -0.008433701, -0.1960407, 7.823922, 0, 0.379340417606498888538, 353.987, -2117.713, -5.741346, 0.01966487, 0.1582343, 51.89372, 3.283906, 2.551616, 47.41694
 
46.25824, -0.008280988, -0.1961251, 7.823789, 0, 0.3780570894173415058696553991, 353.975, -2117.713, -5.741346, 0.01966487, 0.1582343, 51.89284, 3.283906, 2.551616, 47.41694
 
