time,longitude,latitude,pressure_hPa,geopotential height_m,temperature_C,dew point temperature_C,ice point temperature_C,relative humidity_%,humidity wrt ice_%,mixing ratio_g/kg,wind direction_degree,wind speed_m/s
2026-05-24 23:03:37,-102.1898,31.9428, 915.0,  874, 31.9, 12.2, 12.2, 30, 30, 9.80,124, 2.6
2026-05-24 23:03:38,-102.1898,31.9428, 914.4,  878, 31.8, 12.2, 12.2, 30, 30, 9.77,148, 4.8
2026-05-24 23:03:39,-102.1898,31.9429, 913.8,  882, 31.7, 12.1, 12.1, 30, 30, 9.77,148, 4.8
2026-05-24 23:03:40,-102.1899,31.9429, 913.2,  889, 31.5, 12.1, 12.1, 31, 31, 9.77,148, 4.8
2026-05-24 23:03:41,-102.1899,31.9429, 912.6,  896, 31.4, 12.1, 12.1, 31, 31, 9.76,148, 4.8
2026-05-24 23:03:42,-102.1900,31.9430, 912.2,  900, 31.3, 12.1, 12.1, 31, 31, 9.76,148, 4.8
2026-05-24 23:03:43,-102.1900,31.9430, 911.4,  909, 31.1, 12.1, 12.1, 31, 31, 9.75,148, 4.8
2026-05-24 23:03:44,-102.1900,31.9430, 910.6,  916, 31.0, 12.1, 12.1, 31, 31, 9.75,147, 4.7
2026-05-24 23:03:45,-102.1901,31.9430, 909.9,  924, 30.9, 12.0, 12.0, 32, 32, 9.75,146, 4.6
2026-05-24 23:03:46,-102.1901,31.9431, 909.2,  931, 30.8, 12.0, 12.0, 32, 32, 9.74,145, 4.4
2026-05-24 23:03:47,-102.1902,31.9431, 908.5,  938, 30.7, 12.0, 12.0, 32, 32, 9.73,145, 4.3
2026-05-24 23:03:48,-102.1902,31.9431, 907.7,  945, 30.5, 12.0, 12.0, 32, 32, 9.73,144, 4.2
2026-05-24 23:03:49,-102.1902,31.9432, 907.0,  953, 30.4, 12.0, 12.0, 32, 32, 9.72,143, 4.1
2026-05-24 23:03:50,-102.1903,31.9432, 906.3,  960, 30.3, 11.9, 11.9, 32, 32, 9.72,142, 4.0
2026-05-24 23:03:51,-102.1903,31.9432, 905.6,  967, 30.2, 11.9, 11.9, 33, 33, 9.71,141, 3.8
2026-05-24 23:03:52,-102.1903,31.9432, 904.8,  974, 30.1, 11.9, 11.9, 33, 33, 9.70,139, 3.7
2026-05-24 23:03:53,-102.1904,31.9432, 904.1,  981, 29.9, 11.9, 11.9, 33, 33, 9.70,139, 3.7
2026-05-24 23:03:54,-102.1904,31.9433, 903.4,  988, 29.8, 11.8, 11.8, 33, 33, 9.69,138, 3.7
2026-05-24 23:03:55,-102.1904,31.9433, 902.7,  995, 29.7, 11.8, 11.8, 33, 33, 9.69,137, 3.6
2026-05-24 23:03:56,-102.1905,31.9433, 902.1, 1002, 29.6, 11.8, 11.8, 33, 33, 9.67,136, 3.6
2026-05-24 23:03:57,-102.1905,31.9433, 901.4, 1008, 29.5, 11.8, 11.8, 34, 34, 9.67,135, 3.6
2026-05-24 23:03:58,-102.1905,31.9433, 900.8, 1014, 29.4, 11.8, 11.8, 34, 34, 9.66,134, 3.6
2026-05-24 23:03:59,-102.1905,31.9434, 900.1, 1021, 29.3, 11.7, 11.7, 34, 34, 9.66,133, 3.6
2026-05-24 23:04:00,-102.1906,31.9434, 899.5, 1027, 29.1, 11.7, 11.7, 34, 34, 9.65,132, 3.5
2026-05-24 23:04:01,-102.1906,31.9434, 898.8, 1033, 29.0, 11.7, 11.7, 34, 34, 9.64,131, 3.5
2026-05-24 23:04:02,-102.1906,31.9434, 898.2, 1040, 28.9, 11.7, 11.7, 34, 34, 9.63,130, 3.5
2026-05-24 23:04:03,-102.1907,31.9435, 897.6, 1046, 28.8, 11.6, 11.6, 35, 35, 9.63,129, 3.5
2026-05-24 23:04:04,-102.1907,31.9435, 897.0, 1052, 28.7, 11.6, 11.6, 35, 35, 9.62,128, 3.5
2026-05-24 23:04:05,-102.1907,31.9435, 896.3, 1058, 28.6, 11.6, 11.6, 35, 35, 9.61,127, 3.5
2026-05-24 23:04:06,-102.1908,31.9435, 895.7, 1064, 28.5, 11.6, 11.6, 35, 35, 9.60,127, 3.5
2026-05-24 23:04:07,-102.1908,31.9435, 895.1, 1070, 28.4, 11.5, 11.5, 35, 35, 9.59,127, 3.5
2026-05-24 23:04:08,-102.1908,31.9436, 894.5, 1077, 28.3, 11.5, 11.5, 35, 35, 9.58,127, 3.5
2026-05-24 23:04:09,-102.1909,31.9436, 893.8, 1083, 28.2, 11.5, 11.5, 36, 36, 9.57,127, 3.5
2026-05-24 23:04:10,-102.1909,31.9436, 893.2, 1089, 28.1, 11.5, 11.5, 36, 36, 9.56,128, 3.5
2026-05-24 23:04:11,-102.1909,31.9436, 892.5, 1095, 28.0, 11.5, 11.5, 36, 36, 9.56,128, 3.6
2026-05-24 23:04:12,-102.1910,31.9436, 891.9, 1102, 27.9, 11.4, 11.4, 36, 36, 9.55,128, 3.6
2026-05-24 23:04:13,-102.1910,31.9437, 891.2, 1109, 27.8, 11.4, 11.4, 36, 36, 9.54,128, 3.6
2026-05-24 23:04:14,-102.1910,31.9437, 890.5, 1116, 27.7, 11.4, 11.4, 36, 36, 9.54,128, 3.6
2026-05-24 23:04:15,-102.1910,31.9437, 889.8, 1123, 27.6, 11.4, 11.4, 37, 37, 9.53,129, 3.6
2026-05-24 23:04:16,-102.1911,31.9437, 889.2, 1130, 27.5, 11.3, 11.3, 37, 37, 9.52,129, 3.7
2026-05-24 23:04:17,-102.1911,31.9437, 888.5, 1137, 27.4, 11.3, 11.3, 37, 37, 9.51,129, 3.7
2026-05-24 23:04:18,-102.1911,31.9438, 887.8, 1143, 27.3, 11.3, 11.3, 37, 37, 9.51,129, 3.7
2026-05-24 23:04:19,-102.1912,31.9438, 887.1, 1150, 27.2, 11.3, 11.3, 37, 37, 9.50,129, 3.7
2026-05-24 23:04:20,-102.1912,31.9438, 886.4, 1156, 27.1, 11.2, 11.2, 37, 37, 9.49,130, 3.7
2026-05-24 23:04:21,-102.1912,31.9438, 885.7, 1163, 27.0, 11.2, 11.2, 37, 37, 9.48,130, 3.7
2026-05-24 23:04:22,-102.1913,31.9439, 885.0, 1169, 26.9, 11.2, 11.2, 38, 38, 9.47,130, 3.8
2026-05-24 23:04:23,-102.1913,31.9439, 884.4, 1176, 26.8, 11.2, 11.2, 38, 38, 9.46,130, 3.8
2026-05-24 23:04:24,-102.1914,31.9439, 883.7, 1183, 26.7, 11.1, 11.1, 38, 38, 9.46,129, 3.8
2026-05-24 23:04:25,-102.1914,31.9439, 883.0, 1191, 26.6, 11.1, 11.1, 38, 38, 9.45,129, 3.9
2026-05-24 23:04:26,-102.1914,31.9439, 882.1, 1200, 26.5, 11.1, 11.1, 38, 38, 9.44,128, 3.9
2026-05-24 23:04:27,-102.1915,31.9440, 881.5, 1206, 26.4, 11.1, 11.1, 38, 38, 9.44,128, 4.0
2026-05-24 23:04:28,-102.1915,31.9440, 880.8, 1213, 26.3, 11.1, 11.1, 38, 38, 9.44,127, 4.0
2026-05-24 23:04:29,-102.1916,31.9440, 880.1, 1221, 26.2, 11.0, 11.0, 39, 39, 9.43,127, 4.0
2026-05-24 23:04:30,-102.1916,31.9440, 879.4, 1228, 26.2, 11.0, 11.0, 39, 39, 9.42,126, 4.1
2026-05-24 23:04:31,-102.1916,31.9441, 878.6, 1234, 26.1, 11.0, 11.0, 39, 39, 9.42,126, 4.1
2026-05-24 23:04:32,-102.1917,31.9441, 878.0, 1241, 26.0, 11.0, 11.0, 39, 39, 9.41,126, 4.1
2026-05-24 23:04:33,-102.1917,31.9441, 877.3, 1247, 25.9, 10.9, 10.9, 39, 39, 9.40,125, 4.2
2026-05-24 23:04:34,-102.1918,31.9441, 876.7, 1254, 25.8, 10.9, 10.9, 39, 39, 9.39,125, 4.2
2026-05-24 23:04:35,-102.1918,31.9442, 876.0, 1261, 25.7, 10.9, 10.9, 39, 39, 9.39,125, 4.3
2026-05-24 23:04:36,-102.1919,31.9442, 875.3, 1267, 25.6, 10.9, 10.9, 40, 40, 9.38,124, 4.3
2026-05-24 23:04:37,-102.1919,31.9442, 874.7, 1274, 25.6, 10.9, 10.9, 40, 40, 9.37,124, 4.3
2026-05-24 23:04:38,-102.1919,31.9442, 874.0, 1281, 25.5, 10.8, 10.8, 40, 40, 9.37,123, 4.4
2026-05-24 23:04:39,-102.1920,31.9442, 873.3, 1287, 25.4, 10.8, 10.8, 40, 40, 9.36,123, 4.4
2026-05-24 23:04:40,-102.1920,31.9443, 872.6, 1294, 25.3, 10.8, 10.8, 40, 40, 9.36,123, 4.5
2026-05-24 23:04:41,-102.1921,31.9443, 871.9, 1301, 25.2, 10.8, 10.8, 40, 40, 9.36,122, 4.5
2026-05-24 23:04:42,-102.1921,31.9443, 871.2, 1308, 25.2, 10.8, 10.8, 40, 40, 9.35,122, 4.6
2026-05-24 23:04:43,-102.1921,31.9443, 870.6, 1315, 25.1, 10.7, 10.7, 41, 41, 9.35,122, 4.6
2026-05-24 23:04:44,-102.1922,31.9444, 869.8, 1323, 25.0, 10.7, 10.7, 41, 41, 9.34,122, 4.6
2026-05-24 23:04:45,-102.1922,31.9444, 869.1, 1331, 24.9, 10.7, 10.7, 41, 41, 9.34,122, 4.7
2026-05-24 23:04:46,-102.1923,31.9444, 868.3, 1338, 24.9, 10.7, 10.7, 41, 41, 9.33,122, 4.7
2026-05-24 23:04:47,-102.1923,31.9444, 867.6, 1346, 24.8, 10.7, 10.7, 41, 41, 9.33,122, 4.7
2026-05-24 23:04:48,-102.1924,31.9444, 866.8, 1353, 24.7, 10.6, 10.6, 41, 41, 9.32,122, 4.7
2026-05-24 23:04:49,-102.1924,31.9445, 866.1, 1361, 24.6, 10.6, 10.6, 41, 41, 9.31,122, 4.8
2026-05-24 23:04:50,-102.1924,31.9445, 865.3, 1369, 24.6, 10.6, 10.6, 41, 41, 9.31,122, 4.8
2026-05-24 23:04:51,-102.1925,31.9445, 864.5, 1377, 24.5, 10.6, 10.6, 42, 42, 9.30,122, 4.8
2026-05-24 23:04:52,-102.1925,31.9445, 863.7, 1385, 24.4, 10.6, 10.6, 42, 42, 9.30,123, 4.9
2026-05-24 23:04:53,-102.1925,31.9446, 862.9, 1392, 24.3, 10.5, 10.5, 42, 42, 9.29,123, 4.9
2026-05-24 23:04:54,-102.1926,31.9446, 862.1, 1400, 24.2, 10.5, 10.5, 42, 42, 9.29,123, 4.9
2026-05-24 23:04:55,-102.1926,31.9447, 861.3, 1409, 24.2, 10.5, 10.5, 42, 42, 9.28,123, 5.0
2026-05-24 23:04:56,-102.1926,31.9447, 860.6, 1417, 24.1, 10.5, 10.5, 42, 42, 9.27,123, 5.0
2026-05-24 23:04:57,-102.1926,31.9447, 859.8, 1426, 24.0, 10.4, 10.4, 42, 42, 9.26,123, 5.0
2026-05-24 23:04:58,-102.1926,31.9448, 859.0, 1434, 23.9, 10.4, 10.4, 43, 43, 9.25,123, 5.1
2026-05-24 23:04:59,-102.1927,31.9448, 858.2, 1442, 23.8, 10.4, 10.4, 43, 43, 9.25,123, 5.1
2026-05-24 23:05:00,-102.1927,31.9448, 857.4, 1449, 23.7, 10.3, 10.3, 43, 43, 9.24,123, 5.1
2026-05-24 23:05:01,-102.1927,31.9449, 856.6, 1457, 23.7, 10.3, 10.3, 43, 43, 9.23,123, 5.2
2026-05-24 23:05:02,-102.1927,31.9449, 855.9, 1464, 23.6, 10.3, 10.3, 43, 43, 9.22,123, 5.2
2026-05-24 23:05:03,-102.1928,31.9450, 855.3, 1472, 23.5, 10.3, 10.3, 43, 43, 9.21,125, 5.2
2026-05-24 23:05:04,-102.1928,31.9450, 854.6, 1479, 23.4, 10.2, 10.2, 43, 43, 9.21,127, 5.2
2026-05-24 23:05:05,-102.1928,31.9450, 853.9, 1486, 23.4, 10.2, 10.2, 43, 43, 9.21,129, 5.2
2026-05-24 23:05:06,-102.1928,31.9451, 853.2, 1492, 23.3, 10.2, 10.2, 44, 44, 9.20,131, 5.2
2026-05-24 23:05:07,-102.1928,31.9451, 852.4, 1500, 23.2, 10.2, 10.2, 44, 44, 9.20,134, 5.1
2026-05-24 23:05:08,-102.1929,31.9451, 851.8, 1505, 23.2, 10.2, 10.2, 44, 44, 9.20,136, 5.1
2026-05-24 23:05:09,-102.1929,31.9452, 851.2, 1512, 23.1, 10.2, 10.2, 44, 44, 9.19,138, 5.1
2026-05-24 23:05:10,-102.1929,31.9452, 850.5, 1518, 23.1, 10.2, 10.2, 44, 44, 9.19,140, 5.1
2026-05-24 23:05:11,-102.1929,31.9453, 850.0, 1524, 23.0, 10.1, 10.1, 44, 44, 9.19,142, 5.1
2026-05-24 23:05:12,-102.1930,31.9453, 849.2, 1532, 22.9, 10.1, 10.1, 44, 44, 9.19,145, 5.1
2026-05-24 23:05:13,-102.1930,31.9453, 848.6, 1539, 22.9, 10.1, 10.1, 44, 44, 9.18,148, 5.1
2026-05-24 23:05:14,-102.1930,31.9454, 847.9, 1546, 22.8, 10.1, 10.1, 45, 45, 9.18,150, 5.0
2026-05-24 23:05:15,-102.1930,31.9454, 847.2, 1553, 22.7, 10.1, 10.1, 45, 45, 9.18,153, 5.0
2026-05-24 23:05:16,-102.1930,31.9454, 846.5, 1560, 22.7, 10.1, 10.1, 45, 45, 9.18,155, 5.0
2026-05-24 23:05:17,-102.1931,31.9455, 845.8, 1567, 22.6, 10.0, 10.0, 45, 45, 9.18,158, 5.0
2026-05-24 23:05:18,-102.1931,31.9455, 845.2, 1574, 22.5, 10.0, 10.0, 45, 45, 9.15,160, 5.0
2026-05-24 23:05:19,-102.1931,31.9455, 844.5, 1581, 22.5, 10.0, 10.0, 45, 45, 9.14,162, 5.0
2026-05-24 23:05:20,-102.1931,31.9456, 843.7, 1588, 22.4,  9.9,  9.9, 45, 45, 9.11,165, 5.0
2026-05-24 23:05:21,-102.1932,31.9456, 842.9, 1595, 22.3,  9.9,  9.9, 45, 45, 9.09,167, 4.9
2026-05-24 23:05:22,-102.1932,31.9457, 842.2, 1603, 22.2,  9.8,  9.8, 45, 45, 9.07,169, 4.9
2026-05-24 23:05:23,-102.1932,31.9457, 841.4, 1612, 22.2,  9.8,  9.8, 45, 45, 9.05,169, 4.9
2026-05-24 23:05:24,-102.1932,31.9457, 840.6, 1621, 22.1,  9.7,  9.7, 45, 45, 9.02,169, 4.9
2026-05-24 23:05:25,-102.1932,31.9458, 839.8, 1629, 22.0,  9.7,  9.7, 45, 45, 9.00,169, 4.8
2026-05-24 23:05:26,-102.1932,31.9458, 839.0, 1638, 21.9,  9.6,  9.6, 45, 45, 8.98,169, 4.8
2026-05-24 23:05:27,-102.1932,31.9459, 838.2, 1646, 21.9,  9.6,  9.6, 45, 45, 8.96,169, 4.7
2026-05-24 23:05:28,-102.1933,31.9459, 837.4, 1654, 21.8,  9.5,  9.5, 46, 46, 8.94,169, 4.7
2026-05-24 23:05:29,-102.1933,31.9460, 836.6, 1663, 21.7,  9.5,  9.5, 46, 46, 8.91,169, 4.7
2026-05-24 23:05:30,-102.1933,31.9460, 835.8, 1671, 21.6,  9.4,  9.4, 46, 46, 8.89,168, 4.6
2026-05-24 23:05:31,-102.1933,31.9461, 835.0, 1679, 21.6,  9.4,  9.4, 46, 46, 8.88,168, 4.6
2026-05-24 23:05:32,-102.1933,31.9461, 834.3, 1687, 21.5,  9.4,  9.4, 46, 46, 8.88,168, 4.6
2026-05-24 23:05:33,-102.1933,31.9461, 833.6, 1695, 21.4,  9.3,  9.3, 46, 46, 8.88,168, 4.5
2026-05-24 23:05:34,-102.1933,31.9462, 832.9, 1703, 21.3,  9.3,  9.3, 46, 46, 8.89,168, 4.5
2026-05-24 23:05:35,-102.1933,31.9462, 832.1, 1710, 21.3,  9.3,  9.3, 46, 46, 8.89,168, 4.5
2026-05-24 23:05:36,-102.1934,31.9463, 831.4, 1717, 21.2,  9.3,  9.3, 47, 47, 8.89,168, 4.4
2026-05-24 23:05:37,-102.1934,31.9463, 830.7, 1724, 21.1,  9.3,  9.3, 47, 47, 8.90,168, 4.4
2026-05-24 23:05:38,-102.1934,31.9464, 830.0, 1732, 21.0,  9.3,  9.3, 47, 47, 8.90,168, 4.4
2026-05-24 23:05:39,-102.1934,31.9464, 829.3, 1739, 21.0,  9.3,  9.3, 47, 47, 8.90,168, 4.3
2026-05-24 23:05:40,-102.1934,31.9465, 828.6, 1746, 20.9,  9.3,  9.3, 47, 47, 8.90,168, 4.3
2026-05-24 23:05:41,-102.1934,31.9465, 827.9, 1753, 20.8,  9.3,  9.3, 48, 48, 8.91,167, 4.3
2026-05-24 23:05:42,-102.1934,31.9465, 827.2, 1761, 20.8,  9.3,  9.3, 48, 48, 8.91,167, 4.2
2026-05-24 23:05:43,-102.1935,31.9466, 826.5, 1768, 20.7,  9.3,  9.3, 48, 48, 8.92,167, 4.3
2026-05-24 23:05:44,-102.1935,31.9466, 825.7, 1775, 20.6,  9.3,  9.3, 48, 48, 8.92,166, 4.4
2026-05-24 23:05:45,-102.1935,31.9467, 825.0, 1783, 20.5,  9.2,  9.2, 48, 48, 8.91,166, 4.5
2026-05-24 23:05:46,-102.1935,31.9467, 824.2, 1791, 20.5,  9.2,  9.2, 48, 48, 8.90,166, 4.6
2026-05-24 23:05:47,-102.1935,31.9468, 823.4, 1800, 20.4,  9.2,  9.2, 49, 49, 8.89,165, 4.8
2026-05-24 23:05:48,-102.1935,31.9468, 822.7, 1808, 20.3,  9.1,  9.1, 49, 49, 8.88,165, 4.9
2026-05-24 23:05:49,-102.1935,31.9468, 821.9, 1816, 20.2,  9.1,  9.1, 49, 49, 8.87,164, 5.0
2026-05-24 23:05:50,-102.1935,31.9469, 821.1, 1825, 20.1,  9.1,  9.1, 49, 49, 8.85,164, 5.1
2026-05-24 23:05:51,-102.1936,31.9469, 820.4, 1833, 20.1,  9.0,  9.0, 49, 49, 8.84,164, 5.2
2026-05-24 23:05:52,-102.1936,31.9470, 819.6, 1841, 20.0,  9.0,  9.0, 49, 49, 8.83,163, 5.3
2026-05-24 23:05:53,-102.1936,31.9470, 818.8, 1849, 19.9,  9.0,  9.0, 49, 49, 8.82,163, 5.4
2026-05-24 23:05:54,-102.1936,31.9471, 818.1, 1857, 19.8,  8.9,  8.9, 50, 50, 8.81,163, 5.5
2026-05-24 23:05:55,-102.1936,31.9471, 817.3, 1865, 19.7,  8.9,  8.9, 50, 50, 8.80,162, 5.6
2026-05-24 23:05:56,-102.1936,31.9472, 816.5, 1873, 19.7,  8.9,  8.9, 50, 50, 8.79,162, 5.7
2026-05-24 23:05:57,-102.1937,31.9472, 815.7, 1881, 19.6,  8.8,  8.8, 50, 50, 8.77,162, 5.8
2026-05-24 23:05:58,-102.1937,31.9473, 815.0, 1889, 19.5,  8.8,  8.8, 50, 50, 8.77,162, 5.9
2026-05-24 23:05:59,-102.1937,31.9473, 814.1, 1898, 19.4,  8.8,  8.8, 50, 50, 8.74,161, 6.1
2026-05-24 23:06:00,-102.1937,31.9474, 813.3, 1906, 19.4,  8.7,  8.7, 50, 50, 8.71,161, 6.2
2026-05-24 23:06:01,-102.1937,31.9474, 812.6, 1915, 19.3,  8.6,  8.6, 50, 50, 8.68,161, 6.3
2026-05-24 23:06:02,-102.1938,31.9475, 811.9, 1923, 19.2,  8.6,  8.6, 50, 50, 8.65,161, 6.4
2026-05-24 23:06:03,-102.1938,31.9475, 811.3, 1931, 19.2,  8.5,  8.5, 50, 50, 8.61,161, 6.3
2026-05-24 23:06:04,-102.1938,31.9476, 810.6, 1937, 19.1,  8.4,  8.4, 50, 50, 8.58,161, 6.3
2026-05-24 23:06:05,-102.1938,31.9476, 810.0, 1943, 19.1,  8.4,  8.4, 50, 50, 8.55,161, 6.3
2026-05-24 23:06:06,-102.1938,31.9477, 809.3, 1950, 19.0,  8.3,  8.3, 50, 50, 8.52,161, 6.2
2026-05-24 23:06:07,-102.1939,31.9478, 808.7, 1956, 18.9,  8.2,  8.2, 50, 50, 8.49,161, 6.2
2026-05-24 23:06:08,-102.1939,31.9478, 808.2, 1962, 18.9,  8.2,  8.2, 50, 50, 8.46,161, 6.2
2026-05-24 23:06:09,-102.1939,31.9479, 807.6, 1968, 18.8,  8.1,  8.1, 50, 50, 8.42,161, 6.1
2026-05-24 23:06:10,-102.1939,31.9479, 807.1, 1973, 18.7,  8.0,  8.0, 50, 50, 8.39,161, 6.1
2026-05-24 23:06:11,-102.1939,31.9480, 806.6, 1979, 18.7,  8.0,  8.0, 50, 50, 8.36,161, 6.1
2026-05-24 23:06:12,-102.1940,31.9480, 806.1, 1983, 18.6,  8.0,  8.0, 50, 50, 8.35,161, 6.1
2026-05-24 23:06:13,-102.1940,31.9481, 805.6, 1989, 18.6,  7.9,  7.9, 50, 50, 8.35,161, 6.0
2026-05-24 23:06:14,-102.1940,31.9481, 805.1, 1994, 18.5,  7.9,  7.9, 50, 50, 8.35,162, 6.0
2026-05-24 23:06:15,-102.1940,31.9482, 804.5, 2000, 18.4,  7.9,  7.9, 50, 50, 8.34,162, 6.0
2026-05-24 23:06:16,-102.1940,31.9482, 804.0, 2006, 18.4,  7.9,  7.9, 50, 50, 8.33,162, 5.9
2026-05-24 23:06:17,-102.1941,31.9483, 803.4, 2012, 18.3,  7.9,  7.9, 51, 51, 8.33,162, 5.9
2026-05-24 23:06:18,-102.1941,31.9483, 802.9, 2017, 18.3,  7.8,  7.8, 51, 51, 8.32,162, 5.9
2026-05-24 23:06:19,-102.1941,31.9484, 802.3, 2023, 18.2,  7.8,  7.8, 51, 51, 8.32,162, 5.8
2026-05-24 23:06:20,-102.1941,31.9484, 801.8, 2029, 18.1,  7.8,  7.8, 51, 51, 8.31,162, 5.8
2026-05-24 23:06:21,-102.1941,31.9485, 801.2, 2035, 18.1,  7.8,  7.8, 51, 51, 8.31,162, 5.8
2026-05-24 23:06:22,-102.1942,31.9485, 800.7, 2041, 18.0,  7.8,  7.8, 51, 51, 8.31,162, 5.7
2026-05-24 23:06:23,-102.1942,31.9486, 800.1, 2047, 18.0,  7.8,  7.8, 51, 51, 8.30,162, 5.7
2026-05-24 23:06:24,-102.1942,31.9486, 799.6, 2053, 17.9,  7.7,  7.7, 51, 51, 8.29,163, 5.7
2026-05-24 23:06:25,-102.1942,31.9487, 799.0, 2059, 17.9,  7.7,  7.7, 51, 51, 8.29,163, 5.7
2026-05-24 23:06:26,-102.1942,31.9487, 798.5, 2065, 17.8,  7.7,  7.7, 52, 52, 8.28,163, 5.6
2026-05-24 23:06:27,-102.1942,31.9488, 797.9, 2071, 17.7,  7.7,  7.7, 52, 52, 8.28,163, 5.6
2026-05-24 23:06:28,-102.1943,31.9488, 797.4, 2077, 17.7,  7.7,  7.7, 52, 52, 8.28,163, 5.6
2026-05-24 23:06:29,-102.1943,31.9489, 796.8, 2082, 17.6,  7.7,  7.7, 52, 52, 8.28,164, 5.6
2026-05-24 23:06:30,-102.1943,31.9489, 796.3, 2088, 17.6,  7.6,  7.6, 52, 52, 8.27,164, 5.6
2026-05-24 23:06:31,-102.1943,31.9490, 795.7, 2094, 17.5,  7.6,  7.6, 52, 52, 8.27,164, 5.6
2026-05-24 23:06:32,-102.1943,31.9490, 795.2, 2100, 17.5,  7.6,  7.6, 52, 52, 8.27,164, 5.5
2026-05-24 23:06:33,-102.1943,31.9491, 794.7, 2106, 17.4,  7.6,  7.6, 52, 52, 8.26,164, 5.5
2026-05-24 23:06:34,-102.1943,31.9491, 794.2, 2111, 17.4,  7.6,  7.6, 53, 53, 8.25,164, 5.5
2026-05-24 23:06:35,-102.1944,31.9491, 793.6, 2117, 17.3,  7.6,  7.6, 53, 53, 8.25,165, 5.5
2026-05-24 23:06:36,-102.1944,31.9492, 793.1, 2123, 17.3,  7.5,  7.5, 53, 53, 8.25,165, 5.5
2026-05-24 23:06:37,-102.1944,31.9492, 792.6, 2128, 17.2,  7.5,  7.5, 53, 53, 8.24,165, 5.4
2026-05-24 23:06:38,-102.1944,31.9493, 792.1, 2134, 17.2,  7.5,  7.5, 53, 53, 8.24,165, 5.4
2026-05-24 23:06:39,-102.1944,31.9493, 791.5, 2139, 17.1,  7.5,  7.5, 53, 53, 8.23,165, 5.4
2026-05-24 23:06:40,-102.1944,31.9494, 791.0, 2144, 17.0,  7.5,  7.5, 53, 53, 8.22,166, 5.4
2026-05-24 23:06:41,-102.1944,31.9494, 790.5, 2150, 17.0,  7.4,  7.4, 53, 53, 8.22,166, 5.4
2026-05-24 23:06:42,-102.1945,31.9495, 790.0, 2156, 16.9,  7.4,  7.4, 53, 53, 8.21,166, 5.4
2026-05-24 23:06:43,-102.1945,31.9495, 789.5, 2161, 16.9,  7.4,  7.4, 54, 54, 8.21,166, 5.4
2026-05-24 23:06:44,-102.1945,31.9496, 789.0, 2167, 16.8,  7.4,  7.4, 54, 54, 8.20,166, 5.4
2026-05-24 23:06:45,-102.1945,31.9496, 788.4, 2173, 16.8,  7.3,  7.3, 54, 54, 8.19,165, 5.4
2026-05-24 23:06:46,-102.1945,31.9497, 787.9, 2179, 16.7,  7.3,  7.3, 54, 54, 8.18,165, 5.4
2026-05-24 23:06:47,-102.1945,31.9497, 787.3, 2185, 16.7,  7.3,  7.3, 54, 54, 8.18,165, 5.5
2026-05-24 23:06:48,-102.1945,31.9498, 786.8, 2190, 16.6,  7.3,  7.3, 54, 54, 8.17,165, 5.5
2026-05-24 23:06:49,-102.1946,31.9498, 786.3, 2196, 16.6,  7.3,  7.3, 54, 54, 8.16,165, 5.5
2026-05-24 23:06:50,-102.1946,31.9499, 785.7, 2202, 16.5,  7.2,  7.2, 54, 54, 8.16,164, 5.5
2026-05-24 23:06:51,-102.1946,31.9499, 785.2, 2208, 16.4,  7.2,  7.2, 54, 54, 8.15,164, 5.5
2026-05-24 23:06:52,-102.1946,31.9500, 784.7, 2214, 16.4,  7.2,  7.2, 54, 54, 8.14,164, 5.6
2026-05-24 23:06:53,-102.1946,31.9500, 784.1, 2220, 16.3,  7.1,  7.1, 54, 54, 8.12,164, 5.6
2026-05-24 23:06:54,-102.1946,31.9501, 783.6, 2225, 16.3,  7.1,  7.1, 55, 55, 8.10,163, 5.6
2026-05-24 23:06:55,-102.1947,31.9501, 783.1, 2231, 16.2,  7.1,  7.1, 55, 55, 8.09,163, 5.6
2026-05-24 23:06:56,-102.1947,31.9501, 782.6, 2237, 16.2,  7.0,  7.0, 55, 55, 8.08,163, 5.7
2026-05-24 23:06:57,-102.1947,31.9502, 782.1, 2242, 16.1,  7.0,  7.0, 55, 55, 8.06,163, 5.7
2026-05-24 23:06:58,-102.1947,31.9502, 781.6, 2248, 16.1,  7.0,  7.0, 55, 55, 8.04,163, 5.7
2026-05-24 23:06:59,-102.1948,31.9503, 781.1, 2253, 16.0,  6.9,  6.9, 55, 55, 8.02,162, 5.7
2026-05-24 23:07:00,-102.1948,31.9503, 780.6, 2259, 16.0,  6.9,  6.9, 55, 55, 8.01,162, 5.7
2026-05-24 23:07:01,-102.1948,31.9504, 780.0, 2264, 15.9,  6.8,  6.8, 55, 55, 8.00,162, 5.8
2026-05-24 23:07:02,-102.1948,31.9504, 779.5, 2269, 15.9,  6.8,  6.8, 55, 55, 7.98,162, 5.8
2026-05-24 23:07:03,-102.1949,31.9505, 779.0, 2274, 15.8,  6.8,  6.8, 55, 55, 7.96,161, 5.8
2026-05-24 23:07:04,-102.1949,31.9505, 778.5, 2280, 15.8,  6.7,  6.7, 55, 55, 7.95,161, 5.8
2026-05-24 23:07:05,-102.1949,31.9505, 778.0, 2286, 15.7,  6.7,  6.7, 55, 55, 7.93,161, 5.8
2026-05-24 23:07:06,-102.1949,31.9506, 777.5, 2291, 15.7,  6.7,  6.7, 55, 55, 7.93,160, 5.7
2026-05-24 23:07:07,-102.1950,31.9506, 777.0, 2297, 15.6,  6.7,  6.7, 55, 55, 7.94,160, 5.7
2026-05-24 23:07:08,-102.1950,31.9507, 776.5, 2303, 15.5,  6.7,  6.7, 56, 56, 7.94,159, 5.7
2026-05-24 23:07:09,-102.1950,31.9507, 776.0, 2308, 15.5,  6.7,  6.7, 56, 56, 7.94,159, 5.7
2026-05-24 23:07:10,-102.1950,31.9508, 775.4, 2314, 15.4,  6.7,  6.7, 56, 56, 7.94,158, 5.7
2026-05-24 23:07:11,-102.1951,31.9508, 774.9, 2320, 15.3,  6.7,  6.7, 56, 56, 7.94,158, 5.7
2026-05-24 23:07:12,-102.1951,31.9509, 774.4, 2326, 15.3,  6.7,  6.7, 56, 56, 7.95,158, 5.7
2026-05-24 23:07:13,-102.1951,31.9509, 773.9, 2331, 15.2,  6.6,  6.6, 57, 57, 7.95,157, 5.7
2026-05-24 23:07:14,-102.1951,31.9509, 773.3, 2337, 15.1,  6.6,  6.6, 57, 57, 7.95,157, 5.7
2026-05-24 23:07:15,-102.1952,31.9510, 772.8, 2343, 15.1,  6.6,  6.6, 57, 57, 7.95,156, 5.6
2026-05-24 23:07:16,-102.1952,31.9510, 772.2, 2349, 15.0,  6.6,  6.6, 57, 57, 7.96,156, 5.6
2026-05-24 23:07:17,-102.1952,31.9511, 771.7, 2355, 15.0,  6.6,  6.6, 57, 57, 7.95,155, 5.6
2026-05-24 23:07:18,-102.1952,31.9511, 771.0, 2363, 14.9,  6.6,  6.6, 58, 58, 7.96,155, 5.6
2026-05-24 23:07:19,-102.1953,31.9512, 770.6, 2367, 14.8,  6.6,  6.6, 58, 58, 7.94,155, 5.6
2026-05-24 23:07:20,-102.1953,31.9512, 770.0, 2374, 14.8,  6.5,  6.5, 57, 57, 7.91,154, 5.6
2026-05-24 23:07:21,-102.1953,31.9513, 769.5, 2380, 14.8,  6.4,  6.4, 57, 57, 7.87,154, 5.6
2026-05-24 23:07:22,-102.1953,31.9513, 769.0, 2385, 14.7,  6.4,  6.4, 57, 57, 7.84,153, 5.6
2026-05-24 23:07:23,-102.1954,31.9513, 768.4, 2391, 14.7,  6.3,  6.3, 57, 57, 7.81,153, 5.5
2026-05-24 23:07:24,-102.1954,31.9514, 767.9, 2397, 14.6,  6.2,  6.2, 57, 57, 7.77,153, 5.4
2026-05-24 23:07:25,-102.1954,31.9514, 767.4, 2403, 14.6,  6.2,  6.2, 57, 57, 7.75,153, 5.3
2026-05-24 23:07:26,-102.1954,31.9514, 766.9, 2409, 14.5,  6.1,  6.1, 57, 57, 7.71,153, 5.2
2026-05-24 23:07:27,-102.1954,31.9514, 766.3, 2414, 14.5,  6.0,  6.0, 57, 57, 7.68,153, 5.1
2026-05-24 23:07:28,-102.1954,31.9515, 765.8, 2420, 14.5,  5.9,  5.9, 57, 57, 7.65,153, 5.0
2026-05-24 23:07:29,-102.1954,31.9515, 765.3, 2425, 14.4,  5.9,  5.9, 56, 56, 7.62,153, 4.8
2026-05-24 23:07:30,-102.1955,31.9515, 764.8, 2431, 14.4,  5.8,  5.8, 56, 56, 7.59,153, 4.7
2026-05-24 23:07:31,-102.1955,31.9515, 764.3, 2437, 14.3,  5.7,  5.7, 56, 56, 7.55,153, 4.6
2026-05-24 23:07:32,-102.1955,31.9516, 763.8, 2442, 14.3,  5.7,  5.7, 56, 56, 7.52,153, 4.5
2026-05-24 23:07:33,-102.1955,31.9516, 763.4, 2447, 14.3,  5.5,  5.5, 56, 56, 7.44,153, 4.4
2026-05-24 23:07:34,-102.1955,31.9516, 762.9, 2452, 14.2,  5.3,  5.3, 55, 55, 7.36,153, 4.3
2026-05-24 23:07:35,-102.1955,31.9516, 762.4, 2458, 14.2,  5.2,  5.2, 55, 55, 7.29,153, 4.2
2026-05-24 23:07:36,-102.1955,31.9517, 762.0, 2463, 14.2,  5.0,  5.0, 54, 54, 7.21,153, 4.1
2026-05-24 23:07:37,-102.1956,31.9517, 761.5, 2468, 14.2,  4.9,  4.9, 53, 53, 7.14,153, 4.0
2026-05-24 23:07:38,-102.1956,31.9517, 761.0, 2473, 14.2,  4.7,  4.7, 53, 53, 7.07,153, 3.9
2026-05-24 23:07:39,-102.1956,31.9517, 760.5, 2479, 14.1,  4.6,  4.6, 52, 52, 6.99,153, 3.8
2026-05-24 23:07:40,-102.1956,31.9518, 760.0, 2485, 14.1,  4.4,  4.4, 52, 52, 6.92,153, 3.7
2026-05-24 23:07:41,-102.1956,31.9518, 759.5, 2490, 14.1,  4.2,  4.2, 51, 51, 6.84,153, 3.6
2026-05-24 23:07:42,-102.1956,31.9518, 759.0, 2496, 14.1,  4.1,  4.1, 51, 51, 6.77,153, 3.5
2026-05-24 23:07:43,-102.1956,31.9518, 758.4, 2502, 14.1,  3.9,  3.9, 50, 50, 6.69,153, 3.4
2026-05-24 23:07:44,-102.1956,31.9519, 757.9, 2507, 14.0,  3.7,  3.7, 50, 50, 6.62,153, 3.3
2026-05-24 23:07:45,-102.1957,31.9519, 757.4, 2513, 14.0,  3.6,  3.6, 49, 49, 6.54,153, 3.3
2026-05-24 23:07:46,-102.1957,31.9519, 756.9, 2518, 14.0,  3.4,  3.4, 49, 49, 6.48,154, 3.2
2026-05-24 23:07:47,-102.1957,31.9519, 756.4, 2524, 13.9,  3.3,  3.3, 49, 49, 6.43,154, 3.1
2026-05-24 23:07:48,-102.1957,31.9520, 755.9, 2529, 13.9,  3.2,  3.2, 48, 48, 6.37,154, 3.1
2026-05-24 23:07:49,-102.1957,31.9520, 755.4, 2535, 13.9,  3.0,  3.0, 48, 48, 6.31,154, 3.0
2026-05-24 23:07:50,-102.1957,31.9520, 754.9, 2541, 13.8,  2.9,  2.9, 48, 48, 6.26,155, 2.9
2026-05-24 23:07:51,-102.1957,31.9520, 754.3, 2548, 13.8,  2.8,  2.8, 47, 47, 6.21,155, 2.9
2026-05-24 23:07:52,-102.1958,31.9521, 753.7, 2554, 13.7,  2.6,  2.6, 47, 47, 6.15,155, 2.8
2026-05-24 23:07:53,-102.1958,31.9521, 753.2, 2560, 13.7,  2.5,  2.5, 47, 47, 6.10,155, 2.7
2026-05-24 23:07:54,-102.1958,31.9521, 752.6, 2567, 13.7,  2.4,  2.4, 46, 46, 6.04,156, 2.7
2026-05-24 23:07:55,-102.1958,31.9521, 752.1, 2573, 13.6,  2.2,  2.2, 46, 46, 5.99,156, 2.6
2026-05-24 23:07:56,-102.1958,31.9521, 751.5, 2580, 13.6,  2.1,  2.1, 46, 46, 5.93,156, 2.5
2026-05-24 23:07:57,-102.1958,31.9521, 750.9, 2586, 13.5,  2.0,  2.0, 45, 45, 5.88,157, 2.5
2026-05-24 23:07:58,-102.1958,31.9522, 750.3, 2593, 13.5,  1.8,  1.8, 45, 45, 5.83,157, 2.4
2026-05-24 23:07:59,-102.1958,31.9522, 749.9, 2597, 13.5,  1.7,  1.7, 45, 45, 5.79,157, 2.4
2026-05-24 23:08:00,-102.1958,31.9522, 749.1, 2607, 13.4,  1.7,  1.7, 45, 45, 5.79,158, 2.3
2026-05-24 23:08:01,-102.1958,31.9522, 748.5, 2612, 13.3,  1.7,  1.7, 45, 45, 5.78,158, 2.2
2026-05-24 23:08:02,-102.1958,31.9522, 748.0, 2618, 13.3,  1.7,  1.7, 45, 45, 5.78,159, 2.1
2026-05-24 23:08:03,-102.1958,31.9522, 747.5, 2624, 13.2,  1.6,  1.6, 45, 45, 5.77,158, 2.1
2026-05-24 23:08:04,-102.1959,31.9522, 747.0, 2630, 13.1,  1.6,  1.6, 45, 45, 5.76,158, 2.0
2026-05-24 23:08:05,-102.1959,31.9522, 746.5, 2636, 13.1,  1.6,  1.6, 46, 46, 5.76,157, 2.0
2026-05-24 23:08:06,-102.1959,31.9522, 746.0, 2642, 13.0,  1.6,  1.6, 46, 46, 5.76,156, 1.9
2026-05-24 23:08:07,-102.1959,31.9522, 745.5, 2647, 13.0,  1.6,  1.6, 46, 46, 5.75,155, 1.9
2026-05-24 23:08:08,-102.1959,31.9522, 745.0, 2652, 12.9,  1.5,  1.5, 46, 46, 5.75,155, 1.8
2026-05-24 23:08:09,-102.1959,31.9522, 744.5, 2657, 12.8,  1.5,  1.5, 46, 46, 5.74,154, 1.8
2026-05-24 23:08:10,-102.1959,31.9523, 744.1, 2663, 12.8,  1.5,  1.5, 46, 46, 5.73,153, 1.7
2026-05-24 23:08:11,-102.1959,31.9523, 743.6, 2668, 12.7,  1.5,  1.5, 46, 46, 5.73,152, 1.7
2026-05-24 23:08:12,-102.1959,31.9523, 743.2, 2672, 12.7,  1.5,  1.5, 46, 46, 5.73,151, 1.6
2026-05-24 23:08:13,-102.1959,31.9523, 742.7, 2679, 12.6,  1.4,  1.4, 46, 46, 5.70,149, 1.5
2026-05-24 23:08:14,-102.1959,31.9523, 742.2, 2684, 12.6,  1.3,  1.3, 46, 46, 5.69,148, 1.5
2026-05-24 23:08:15,-102.1959,31.9523, 741.7, 2689, 12.5,  1.3,  1.3, 46, 46, 5.67,147, 1.4
2026-05-24 23:08:16,-102.1959,31.9523, 741.2, 2695, 12.5,  1.2,  1.2, 46, 46, 5.65,145, 1.4
2026-05-24 23:08:17,-102.1960,31.9523, 740.8, 2700, 12.4,  1.2,  1.2, 46, 46, 5.63,143, 1.3
2026-05-24 23:08:18,-102.1960,31.9523, 740.3, 2706, 12.4,  1.1,  1.1, 46, 46, 5.61,142, 1.3
2026-05-24 23:08:19,-102.1960,31.9523, 739.8, 2711, 12.3,  1.1,  1.1, 46, 46, 5.59,140, 1.2
2026-05-24 23:08:20,-102.1960,31.9523, 739.3, 2716, 12.3,  1.0,  1.0, 46, 46, 5.58,138, 1.2
2026-05-24 23:08:21,-102.1960,31.9523, 738.8, 2722, 12.3,  1.0,  1.0, 46, 46, 5.56,135, 1.1
2026-05-24 23:08:22,-102.1960,31.9524, 738.4, 2727, 12.2,  0.9,  0.9, 46, 46, 5.54,133, 1.1
2026-05-24 23:08:23,-102.1960,31.9524, 737.9, 2733, 12.2,  0.9,  0.9, 46, 46, 5.52,133, 1.1
2026-05-24 23:08:24,-102.1960,31.9524, 737.4, 2738, 12.1,  0.8,  0.8, 46, 46, 5.51,132, 1.1
2026-05-24 23:08:25,-102.1960,31.9524, 736.9, 2744, 12.1,  0.7,  0.7, 46, 46, 5.49,132, 1.1
2026-05-24 23:08:26,-102.1960,31.9524, 736.4, 2749, 12.0,  0.7,  0.7, 46, 46, 5.45,132, 1.1
2026-05-24 23:08:27,-102.1960,31.9524, 736.0, 2755, 12.0,  0.6,  0.6, 45, 45, 5.43,132, 1.1
2026-05-24 23:08:28,-102.1961,31.9524, 735.5, 2760, 12.0,  0.5,  0.5, 45, 45, 5.39,132, 1.1
2026-05-24 23:08:29,-102.1961,31.9524, 735.0, 2766, 11.9,  0.4,  0.4, 45, 45, 5.36,131, 1.1
2026-05-24 23:08:30,-102.1961,31.9524, 734.5, 2771, 11.9,  0.3,  0.3, 45, 45, 5.33,131, 1.2
2026-05-24 23:08:31,-102.1961,31.9524, 734.0, 2777, 11.9,  0.2,  0.2, 45, 45, 5.30,131, 1.2
2026-05-24 23:08:32,-102.1961,31.9524, 733.6, 2782, 11.8,  0.1,  0.1, 45, 45, 5.27,131, 1.2
2026-05-24 23:08:33,-102.1961,31.9524, 733.1, 2787, 11.8,  0.0,  0.0, 44, 44, 5.24,130, 1.2
2026-05-24 23:08:34,-102.1962,31.9525, 732.7, 2793, 11.8, -0.1, -0.1, 44, 44, 5.21,130, 1.2
2026-05-24 23:08:35,-102.1962,31.9525, 732.2, 2798, 11.7, -0.1, -0.1, 44, 44, 5.17,130, 1.2
2026-05-24 23:08:36,-102.1962,31.9525, 731.8, 2803, 11.7, -0.2, -0.2, 44, 44, 5.14,130, 1.2
2026-05-24 23:08:37,-102.1962,31.9525, 731.3, 2808, 11.6, -0.3, -0.3, 44, 44, 5.11,130, 1.3
2026-05-24 23:08:38,-102.1962,31.9525, 730.8, 2813, 11.6, -0.4, -0.4, 43, 43, 5.08,129, 1.3
2026-05-24 23:08:39,-102.1962,31.9525, 730.3, 2818, 11.6, -0.5, -0.4, 43, 43, 5.07,129, 1.3
2026-05-24 23:08:40,-102.1963,31.9525, 729.8, 2824, 11.5, -0.5, -0.4, 43, 43, 5.06,129, 1.3
2026-05-24 23:08:41,-102.1963,31.9525, 729.3, 2830, 11.5, -0.5, -0.5, 43, 43, 5.06,129, 1.3
2026-05-24 23:08:42,-102.1963,31.9525, 728.9, 2836, 11.4, -0.5, -0.5, 44, 44, 5.05,129, 1.3
2026-05-24 23:08:43,-102.1963,31.9525, 728.4, 2842, 11.4, -0.6, -0.5, 44, 44, 5.04,127, 1.4
2026-05-24 23:08:44,-102.1963,31.9525, 727.9, 2848, 11.3, -0.6, -0.5, 44, 44, 5.04,125, 1.4
2026-05-24 23:08:45,-102.1963,31.9525, 727.4, 2853, 11.3, -0.6, -0.6, 44, 44, 5.03,124, 1.5
2026-05-24 23:08:46,-102.1964,31.9525, 726.9, 2859, 11.2, -0.7, -0.6, 44, 44, 5.02,122, 1.5
2026-05-24 23:08:47,-102.1964,31.9525, 726.4, 2864, 11.2, -0.7, -0.6, 44, 44, 5.01,121, 1.6
2026-05-24 23:08:48,-102.1964,31.9526, 726.0, 2869, 11.2, -0.7, -0.6, 44, 44, 5.00,119, 1.6
2026-05-24 23:08:49,-102.1964,31.9526, 725.5, 2875, 11.1, -0.8, -0.7, 44, 44, 5.00,118, 1.7
2026-05-24 23:08:50,-102.1964,31.9526, 725.0, 2880, 11.1, -0.8, -0.7, 44, 44, 4.99,117, 1.7
2026-05-24 23:08:51,-102.1964,31.9526, 724.5, 2886, 11.0, -0.8, -0.7, 44, 44, 4.99,116, 1.8
2026-05-24 23:08:52,-102.1965,31.9526, 724.0, 2892, 11.0, -0.8, -0.7, 44, 44, 4.98,115, 1.8
2026-05-24 23:08:53,-102.1965,31.9526, 723.4, 2898, 10.9, -0.9, -0.8, 44, 44, 4.97,114, 1.9
2026-05-24 23:08:54,-102.1965,31.9526, 722.9, 2904, 10.9, -0.9, -0.8, 44, 44, 4.96,113, 1.9
2026-05-24 23:08:55,-102.1965,31.9526, 722.4, 2910, 10.8, -0.9, -0.8, 44, 44, 4.96,112, 2.0
2026-05-24 23:08:56,-102.1966,31.9526, 721.9, 2916, 10.8, -1.0, -0.9, 44, 44, 4.95,111, 2.0
2026-05-24 23:08:57,-102.1966,31.9526, 721.4, 2922, 10.7, -1.0, -0.9, 44, 44, 4.94,110, 2.0
2026-05-24 23:08:58,-102.1966,31.9526, 720.9, 2927, 10.7, -1.0, -0.9, 44, 44, 4.93,110, 2.1
2026-05-24 23:08:59,-102.1967,31.9526, 720.4, 2933, 10.6, -1.0, -0.9, 44, 44, 4.92,109, 2.1
2026-05-24 23:09:00,-102.1967,31.9526, 719.9, 2939, 10.6, -1.1, -1.0, 44, 44, 4.92,108, 2.2
2026-05-24 23:09:01,-102.1967,31.9526, 719.4, 2945, 10.5, -1.1, -1.0, 44, 44, 4.91,107, 2.3
2026-05-24 23:09:02,-102.1968,31.9526, 718.9, 2950, 10.5, -1.1, -1.0, 44, 44, 4.90,107, 2.3
2026-05-24 23:09:03,-102.1968,31.9526, 718.4, 2956, 10.4, -1.2, -1.0, 44, 44, 4.89,106, 2.4
2026-05-24 23:09:04,-102.1968,31.9526, 717.9, 2962, 10.4, -1.2, -1.1, 45, 45, 4.89,104, 2.4
2026-05-24 23:09:05,-102.1969,31.9526, 717.4, 2967, 10.3, -1.2, -1.1, 45, 45, 4.88,103, 2.5
2026-05-24 23:09:06,-102.1969,31.9526, 716.9, 2973, 10.3, -1.3, -1.1, 45, 45, 4.87,102, 2.5
2026-05-24 23:09:07,-102.1969,31.9526, 716.5, 2979, 10.2, -1.3, -1.2, 45, 45, 4.86,101, 2.6
2026-05-24 23:09:08,-102.1970,31.9526, 716.1, 2983, 10.2, -1.3, -1.2, 45, 45, 4.84,100, 2.7
2026-05-24 23:09:09,-102.1970,31.9526, 715.7, 2988, 10.2, -1.4, -1.2, 44, 44, 4.83, 99, 2.7
2026-05-24 23:09:10,-102.1970,31.9526, 715.3, 2992, 10.1, -1.4, -1.3, 44, 44, 4.82, 98, 2.8
2026-05-24 23:09:11,-102.1971,31.9526, 714.9, 2996, 10.1, -1.5, -1.3, 44, 44, 4.81, 97, 2.9
2026-05-24 23:09:12,-102.1971,31.9526, 714.6, 3001, 10.0, -1.5, -1.4, 44, 44, 4.79, 97, 2.9
2026-05-24 23:09:13,-102.1971,31.9526, 714.2, 3005, 10.0, -1.6, -1.4, 44, 44, 4.78, 96, 3.0
2026-05-24 23:09:14,-102.1972,31.9526, 713.7, 3010, 10.0, -1.6, -1.4, 44, 44, 4.77, 95, 3.0
2026-05-24 23:09:15,-102.1972,31.9526, 713.3, 3015,  9.9, -1.6, -1.5, 44, 44, 4.76, 94, 3.1
2026-05-24 23:09:16,-102.1972,31.9526, 712.9, 3020,  9.9, -1.7, -1.5, 44, 44, 4.74, 94, 3.2
2026-05-24 23:09:17,-102.1973,31.9526, 712.4, 3025,  9.8, -1.7, -1.5, 44, 44, 4.73, 93, 3.2
2026-05-24 23:09:18,-102.1973,31.9526, 712.0, 3031,  9.8, -1.8, -1.6, 44, 44, 4.72, 92, 3.3
2026-05-24 23:09:19,-102.1973,31.9526, 711.6, 3036,  9.8, -1.8, -1.6, 44, 44, 4.70, 92, 3.4
2026-05-24 23:09:20,-102.1974,31.9526, 711.1, 3041,  9.7, -2.0, -1.8, 44, 44, 4.66, 91, 3.4
2026-05-24 23:09:21,-102.1974,31.9526, 710.6, 3047,  9.7, -2.1, -1.9, 44, 44, 4.62, 91, 3.5
2026-05-24 23:09:22,-102.1974,31.9526, 710.2, 3052,  9.7, -2.2, -2.0, 43, 43, 4.58, 90, 3.5
2026-05-24 23:09:23,-102.1975,31.9526, 709.7, 3058,  9.6, -2.3, -2.1, 43, 43, 4.54, 90, 3.5
2026-05-24 23:09:24,-102.1975,31.9526, 709.2, 3063,  9.6, -2.5, -2.2, 43, 43, 4.50, 91, 3.5
2026-05-24 23:09:25,-102.1975,31.9526, 708.8, 3069,  9.6, -2.6, -2.3, 42, 42, 4.46, 91, 3.4
2026-05-24 23:09:26,-102.1976,31.9526, 708.3, 3074,  9.5, -2.7, -2.4, 42, 42, 4.42, 91, 3.4
2026-05-24 23:09:27,-102.1976,31.9527, 707.8, 3080,  9.5, -2.8, -2.5, 42, 42, 4.39, 91, 3.4
2026-05-24 23:09:28,-102.1976,31.9527, 707.3, 3085,  9.4, -3.0, -2.6, 42, 42, 4.35, 92, 3.3
2026-05-24 23:09:29,-102.1977,31.9527, 706.8, 3091,  9.4, -3.1, -2.7, 41, 41, 4.31, 92, 3.3
2026-05-24 23:09:30,-102.1977,31.9527, 706.4, 3097,  9.4, -3.2, -2.9, 41, 41, 4.27, 92, 3.2
2026-05-24 23:09:31,-102.1977,31.9527, 705.9, 3102,  9.3, -3.3, -3.0, 41, 41, 4.23, 92, 3.2
2026-05-24 23:09:32,-102.1977,31.9527, 705.5, 3107,  9.3, -3.4, -3.1, 40, 40, 4.20, 93, 3.2
2026-05-24 23:09:33,-102.1978,31.9527, 704.9, 3114,  9.3, -3.4, -3.1, 41, 41, 4.21, 93, 3.1
2026-05-24 23:09:34,-102.1978,31.9527, 704.5, 3119,  9.2, -3.4, -3.1, 41, 41, 4.21, 93, 3.1
2026-05-24 23:09:35,-102.1978,31.9527, 704.0, 3125,  9.2, -3.4, -3.1, 41, 41, 4.21, 94, 3.1
2026-05-24 23:09:36,-102.1978,31.9527, 703.5, 3131,  9.2, -3.4, -3.1, 41, 41, 4.22, 94, 3.0
2026-05-24 23:09:37,-102.1979,31.9527, 703.0, 3136,  9.1, -3.4, -3.1, 41, 41, 4.22, 94, 3.0
2026-05-24 23:09:38,-102.1979,31.9527, 702.5, 3142,  9.1, -3.4, -3.1, 41, 41, 4.22, 95, 2.9
2026-05-24 23:09:39,-102.1979,31.9527, 702.1, 3147,  9.1, -3.4, -3.1, 41, 41, 4.23, 95, 2.9
2026-05-24 23:09:40,-102.1979,31.9527, 701.6, 3153,  9.0, -3.4, -3.1, 41, 41, 4.23, 96, 2.9
2026-05-24 23:09:41,-102.1980,31.9527, 701.1, 3158,  9.0, -3.4, -3.1, 41, 41, 4.23, 96, 2.8
2026-05-24 23:09:42,-102.1980,31.9527, 700.6, 3164,  9.0, -3.4, -3.1, 41, 41, 4.24, 96, 2.8
2026-05-24 23:09:43,-102.1980,31.9527, 700.0, 3172,  8.9, -3.4, -3.1, 42, 42, 4.24, 96, 2.8
2026-05-24 23:09:44,-102.1980,31.9527, 699.7, 3175,  8.9, -3.4, -3.1, 42, 42, 4.24, 96, 2.7
2026-05-24 23:09:45,-102.1981,31.9527, 699.3, 3181,  8.9, -3.4, -3.1, 42, 42, 4.24, 96, 2.7
2026-05-24 23:09:46,-102.1981,31.9527, 698.8, 3187,  8.9, -3.5, -3.1, 42, 42, 4.24, 96, 2.7
2026-05-24 23:09:47,-102.1981,31.9527, 698.4, 3192,  8.8, -3.5, -3.1, 42, 42, 4.23, 96, 2.6
2026-05-24 23:09:48,-102.1981,31.9527, 697.9, 3197,  8.8, -3.5, -3.1, 42, 42, 4.23, 96, 2.6
2026-05-24 23:09:49,-102.1982,31.9527, 697.5, 3202,  8.7, -3.5, -3.1, 42, 42, 4.22, 96, 2.6
2026-05-24 23:09:50,-102.1982,31.9527, 697.0, 3207,  8.7, -3.6, -3.2, 42, 42, 4.22, 96, 2.5
2026-05-24 23:09:51,-102.1982,31.9527, 696.6, 3211,  8.7, -3.6, -3.2, 42, 42, 4.21, 97, 2.5
2026-05-24 23:09:52,-102.1982,31.9527, 696.2, 3216,  8.6, -3.6, -3.2, 42, 42, 4.21, 97, 2.5
2026-05-24 23:09:53,-102.1983,31.9527, 695.8, 3222,  8.6, -3.6, -3.2, 42, 42, 4.20, 97, 2.5
2026-05-24 23:09:54,-102.1983,31.9527, 695.3, 3227,  8.6, -3.7, -3.3, 42, 42, 4.19, 97, 2.4
2026-05-24 23:09:55,-102.1983,31.9527, 694.9, 3232,  8.5, -3.7, -3.3, 42, 42, 4.19, 97, 2.4
2026-05-24 23:09:56,-102.1983,31.9527, 694.4, 3237,  8.5, -3.7, -3.3, 42, 42, 4.18, 97, 2.4
2026-05-24 23:09:57,-102.1984,31.9527, 694.0, 3243,  8.5, -3.8, -3.3, 42, 42, 4.18, 97, 2.3
2026-05-24 23:09:58,-102.1984,31.9527, 693.5, 3248,  8.4, -3.8, -3.4, 42, 42, 4.17, 97, 2.3
2026-05-24 23:09:59,-102.1984,31.9527, 693.1, 3254,  8.4, -3.8, -3.4, 42, 42, 4.17, 97, 2.3
2026-05-24 23:10:00,-102.1984,31.9527, 692.6, 3259,  8.4, -3.8, -3.4, 42, 42, 4.16, 97, 2.2
2026-05-24 23:10:01,-102.1984,31.9527, 692.2, 3265,  8.3, -3.9, -3.4, 42, 42, 4.15, 97, 2.2
2026-05-24 23:10:02,-102.1985,31.9526, 691.7, 3270,  8.3, -3.9, -3.5, 42, 42, 4.15, 97, 2.2
2026-05-24 23:10:03,-102.1985,31.9526, 691.2, 3276,  8.2, -3.9, -3.5, 42, 42, 4.14, 94, 2.2
2026-05-24 23:10:04,-102.1985,31.9526, 690.7, 3282,  8.2, -4.0, -3.5, 42, 42, 4.13, 92, 2.2
2026-05-24 23:10:05,-102.1985,31.9526, 690.2, 3287,  8.2, -4.0, -3.5, 42, 42, 4.13, 89, 2.2
2026-05-24 23:10:06,-102.1985,31.9526, 689.8, 3293,  8.1, -4.0, -3.6, 42, 42, 4.12, 87, 2.2
2026-05-24 23:10:07,-102.1986,31.9526, 689.3, 3299,  8.1, -4.0, -3.6, 42, 42, 4.11, 84, 2.2
2026-05-24 23:10:08,-102.1986,31.9526, 688.8, 3305,  8.0, -4.1, -3.6, 42, 42, 4.11, 81, 2.2
2026-05-24 23:10:09,-102.1986,31.9525, 688.3, 3311,  8.0, -4.1, -3.6, 42, 42, 4.10, 79, 2.3
2026-05-24 23:10:10,-102.1986,31.9525, 687.8, 3317,  8.0, -4.1, -3.7, 42, 42, 4.09, 76, 2.3
2026-05-24 23:10:11,-102.1986,31.9525, 687.3, 3323,  7.9, -4.2, -3.7, 42, 42, 4.09, 73, 2.3
2026-05-24 23:10:12,-102.1986,31.9525, 686.8, 3329,  7.9, -4.2, -3.7, 42, 42, 4.08, 70, 2.3
2026-05-24 23:10:13,-102.1987,31.9525, 686.3, 3334,  7.8, -4.2, -3.7, 42, 42, 4.09, 68, 2.3
2026-05-24 23:10:14,-102.1987,31.9525, 685.8, 3340,  7.8, -4.2, -3.7, 43, 43, 4.10, 65, 2.3
2026-05-24 23:10:15,-102.1987,31.9525, 685.3, 3346,  7.7, -4.2, -3.7, 43, 43, 4.10, 63, 2.3
2026-05-24 23:10:16,-102.1987,31.9524, 684.8, 3352,  7.7, -4.1, -3.7, 43, 43, 4.11, 60, 2.3
2026-05-24 23:10:17,-102.1987,31.9524, 684.3, 3358,  7.6, -4.1, -3.7, 43, 43, 4.12, 58, 2.3
2026-05-24 23:10:18,-102.1988,31.9524, 683.8, 3364,  7.6, -4.1, -3.6, 43, 43, 4.13, 55, 2.4
2026-05-24 23:10:19,-102.1988,31.9524, 683.3, 3370,  7.5, -4.1, -3.6, 43, 43, 4.13, 53, 2.4
2026-05-24 23:10:20,-102.1988,31.9524, 682.9, 3377,  7.5, -4.1, -3.6, 44, 44, 4.14, 51, 2.4
2026-05-24 23:10:21,-102.1988,31.9524, 682.4, 3382,  7.4, -4.1, -3.6, 44, 44, 4.15, 49, 2.4
2026-05-24 23:10:22,-102.1988,31.9524, 681.9, 3388,  7.4, -4.1, -3.6, 44, 44, 4.15, 47, 2.4
2026-05-24 23:10:23,-102.1988,31.9523, 681.4, 3394,  7.3, -4.0, -3.6, 44, 44, 4.16, 45, 2.4
2026-05-24 23:10:24,-102.1989,31.9523, 681.0, 3399,  7.3, -4.0, -3.6, 44, 44, 4.17, 43, 2.5
2026-05-24 23:10:25,-102.1989,31.9523, 680.5, 3405,  7.2, -4.0, -3.6, 45, 45, 4.18, 41, 2.6
2026-05-24 23:10:26,-102.1989,31.9523, 680.0, 3410,  7.2, -4.0, -3.5, 45, 45, 4.19, 39, 2.6
2026-05-24 23:10:27,-102.1989,31.9523, 679.6, 3416,  7.2, -4.0, -3.5, 45, 45, 4.19, 38, 2.7
2026-05-24 23:10:28,-102.1989,31.9522, 679.1, 3421,  7.1, -4.0, -3.5, 45, 45, 4.20, 36, 2.7
2026-05-24 23:10:29,-102.1989,31.9522, 678.7, 3427,  7.1, -3.9, -3.5, 45, 45, 4.21, 35, 2.8
2026-05-24 23:10:30,-102.1989,31.9522, 678.2, 3432,  7.1, -3.9, -3.5, 45, 45, 4.22, 33, 2.9
2026-05-24 23:10:31,-102.1989,31.9521, 677.8, 3438,  7.0, -3.9, -3.5, 46, 46, 4.22, 32, 2.9
2026-05-24 23:10:32,-102.1989,31.9521, 677.3, 3444,  7.0, -3.9, -3.5, 46, 46, 4.23, 30, 3.0
2026-05-24 23:10:33,-102.1990,31.9520, 676.8, 3449,  7.0, -3.9, -3.4, 46, 46, 4.24, 29, 3.0
2026-05-24 23:10:34,-102.1990,31.9520, 676.3, 3455,  6.9, -3.9, -3.4, 46, 46, 4.25, 28, 3.1
2026-05-24 23:10:35,-102.1990,31.9520, 675.8, 3461,  6.9, -3.9, -3.4, 46, 46, 4.26, 27, 3.1
2026-05-24 23:10:36,-102.1990,31.9519, 675.3, 3467,  6.9, -3.8, -3.4, 46, 46, 4.27, 26, 3.2
2026-05-24 23:10:37,-102.1990,31.9519, 674.9, 3473,  6.8, -3.8, -3.4, 47, 47, 4.27, 24, 3.3
2026-05-24 23:10:38,-102.1990,31.9518, 674.3, 3480,  6.8, -3.8, -3.4, 47, 47, 4.28, 23, 3.3
2026-05-24 23:10:39,-102.1990,31.9518, 673.8, 3486,  6.8, -3.8, -3.4, 47, 47, 4.29, 22, 3.4
2026-05-24 23:10:40,-102.1990,31.9518, 673.3, 3493,  6.7, -3.8, -3.4, 47, 47, 4.28, 21, 3.4
2026-05-24 23:10:41,-102.1990,31.9517, 672.8, 3499,  6.7, -3.9, -3.5, 47, 47, 4.26, 20, 3.5
2026-05-24 23:10:42,-102.1990,31.9517, 672.3, 3506,  6.7, -3.9, -3.5, 47, 47, 4.25, 19, 3.5
2026-05-24 23:10:43,-102.1990,31.9516, 671.7, 3511,  6.6, -4.0, -3.5, 47, 47, 4.24, 18, 3.6
2026-05-24 23:10:44,-102.1990,31.9516, 671.3, 3517,  6.6, -4.0, -3.6, 47, 47, 4.22, 17, 3.7
2026-05-24 23:10:45,-102.1990,31.9516, 670.9, 3522,  6.6, -4.1, -3.6, 46, 46, 4.21, 16, 3.8
2026-05-24 23:10:46,-102.1990,31.9515, 670.5, 3527,  6.5, -4.2, -3.7, 46, 46, 4.19, 15, 3.9
2026-05-24 23:10:47,-102.1991,31.9515, 670.0, 3532,  6.5, -4.2, -3.7, 46, 46, 4.18, 13, 3.9
2026-05-24 23:10:48,-102.1991,31.9515, 669.6, 3538,  6.5, -4.3, -3.8, 46, 46, 4.17, 12, 4.0
2026-05-24 23:10:49,-102.1991,31.9514, 669.2, 3543,  6.4, -4.3, -3.8, 46, 46, 4.15, 11, 4.1
2026-05-24 23:10:50,-102.1991,31.9514, 668.8, 3548,  6.4, -4.4, -3.9, 46, 46, 4.14, 10, 4.2
2026-05-24 23:10:51,-102.1991,31.9513, 668.4, 3553,  6.4, -4.4, -3.9, 46, 46, 4.13,  9, 4.3
2026-05-24 23:10:52,-102.1991,31.9513, 667.9, 3558,  6.4, -4.5, -4.0, 46, 46, 4.12,  9, 4.3
2026-05-24 23:10:53,-102.1991,31.9513, 667.5, 3562,  6.3, -4.5, -4.0, 46, 46, 4.10,  8, 4.4
2026-05-24 23:10:54,-102.1991,31.9512, 667.1, 3568,  6.3, -4.6, -4.0, 46, 46, 4.09,  7, 4.5
2026-05-24 23:10:55,-102.1991,31.9512, 666.7, 3573,  6.2, -4.6, -4.1, 46, 46, 4.08,  6, 4.6
2026-05-24 23:10:56,-102.1991,31.9511, 666.3, 3578,  6.2, -4.7, -4.1, 46, 46, 4.06,  5, 4.6
2026-05-24 23:10:57,-102.1991,31.9511, 665.8, 3584,  6.2, -4.7, -4.2, 46, 46, 4.05,  4, 4.7
2026-05-24 23:10:58,-102.1991,31.9510, 665.4, 3589,  6.1, -4.8, -4.2, 46, 46, 4.04,  4, 4.8
2026-05-24 23:10:59,-102.1991,31.9510, 664.9, 3595,  6.1, -4.8, -4.3, 46, 46, 4.03,  3, 4.9
2026-05-24 23:11:00,-102.1991,31.9509, 664.5, 3600,  6.0, -4.8, -4.3, 46, 46, 4.02,  2, 5.0
2026-05-24 23:11:01,-102.1991,31.9509, 664.0, 3606,  6.0, -4.9, -4.3, 46, 46, 4.01,  2, 5.1
2026-05-24 23:11:02,-102.1991,31.9508, 663.6, 3612,  5.9, -4.9, -4.4, 46, 46, 3.99,  1, 5.1
2026-05-24 23:11:03,-102.1991,31.9508, 663.1, 3617,  5.9, -5.0, -4.4, 45, 45, 3.98,  1, 5.2
2026-05-24 23:11:04,-102.1991,31.9507, 662.6, 3623,  5.9, -5.0, -4.5, 45, 45, 3.97,360, 5.3
2026-05-24 23:11:05,-102.1991,31.9507, 662.2, 3629,  5.8, -5.1, -4.5, 45, 45, 3.96,360, 5.3
2026-05-24 23:11:06,-102.1990,31.9506, 661.8, 3634,  5.8, -5.1, -4.6, 45, 45, 3.95,359, 5.4
2026-05-24 23:11:07,-102.1990,31.9505, 661.3, 3640,  5.7, -5.2, -4.6, 45, 45, 3.94,359, 5.4
2026-05-24 23:11:08,-102.1990,31.9505, 660.8, 3646,  5.7, -5.2, -4.6, 45, 45, 3.94,359, 5.5
2026-05-24 23:11:09,-102.1990,31.9504, 660.4, 3652,  5.7, -5.2, -4.6, 45, 45, 3.93,358, 5.5
2026-05-24 23:11:10,-102.1990,31.9504, 659.9, 3657,  5.6, -5.3, -4.7, 45, 45, 3.92,358, 5.6
2026-05-24 23:11:11,-102.1990,31.9503, 659.5, 3663,  5.6, -5.3, -4.7, 45, 45, 3.91,358, 5.6
2026-05-24 23:11:12,-102.1990,31.9503, 659.0, 3668,  5.5, -5.3, -4.7, 45, 45, 3.90,357, 5.7
2026-05-24 23:11:13,-102.1990,31.9502, 658.6, 3674,  5.5, -5.4, -4.8, 45, 45, 3.90,357, 5.7
2026-05-24 23:11:14,-102.1990,31.9501, 658.1, 3679,  5.5, -5.4, -4.8, 46, 46, 3.89,357, 5.8
2026-05-24 23:11:15,-102.1990,31.9501, 657.7, 3684,  5.4, -5.4, -4.8, 46, 46, 3.89,356, 5.9
2026-05-24 23:11:16,-102.1990,31.9500, 657.3, 3689,  5.4, -5.5, -4.8, 46, 46, 3.88,356, 5.9
2026-05-24 23:11:17,-102.1989,31.9500, 656.8, 3695,  5.3, -5.5, -4.9, 46, 46, 3.87,356, 6.0
2026-05-24 23:11:18,-102.1989,31.9499, 656.4, 3701,  5.3, -5.5, -4.9, 46, 46, 3.86,355, 6.0
2026-05-24 23:11:19,-102.1989,31.9499, 656.0, 3706,  5.3, -5.5, -4.9, 46, 46, 3.86,355, 6.1
2026-05-24 23:11:20,-102.1989,31.9498, 655.5, 3712,  5.2, -5.6, -5.0, 46, 46, 3.85,355, 6.1
2026-05-24 23:11:21,-102.1989,31.9498, 655.1, 3717,  5.2, -5.6, -5.0, 46, 46, 3.84,355, 6.2
2026-05-24 23:11:22,-102.1989,31.9497, 654.7, 3723,  5.1, -5.7, -5.0, 46, 46, 3.83,354, 6.3
2026-05-24 23:11:23,-102.1989,31.9496, 654.2, 3728,  5.1, -5.7, -5.1, 46, 46, 3.82,354, 6.3
2026-05-24 23:11:24,-102.1989,31.9496, 653.8, 3733,  5.1, -5.8, -5.1, 46, 46, 3.81,353, 6.3
2026-05-24 23:11:25,-102.1989,31.9495, 653.4, 3738,  5.0, -5.8, -5.1, 46, 46, 3.80,353, 6.3
2026-05-24 23:11:26,-102.1989,31.9495, 653.0, 3743,  5.0, -5.8, -5.2, 46, 46, 3.79,352, 6.3
2026-05-24 23:11:27,-102.1989,31.9494, 652.6, 3749,  4.9, -5.9, -5.2, 46, 46, 3.78,352, 6.4
2026-05-24 23:11:28,-102.1988,31.9494, 652.2, 3754,  4.9, -5.9, -5.2, 46, 46, 3.77,352, 6.4
2026-05-24 23:11:29,-102.1988,31.9493, 651.8, 3759,  4.8, -5.9, -5.3, 45, 45, 3.76,351, 6.4
2026-05-24 23:11:30,-102.1988,31.9492, 651.4, 3764,  4.8, -6.0, -5.3, 45, 45, 3.76,351, 6.4
2026-05-24 23:11:31,-102.1988,31.9492, 651.0, 3768,  4.8, -6.0, -5.4, 45, 45, 3.75,350, 6.4
2026-05-24 23:11:32,-102.1988,31.9491, 650.5, 3773,  4.7, -6.1, -5.4, 45, 45, 3.74,350, 6.5
2026-05-24 23:11:33,-102.1987,31.9491, 650.1, 3779,  4.7, -6.1, -5.4, 45, 45, 3.73,349, 6.5
2026-05-24 23:11:34,-102.1987,31.9490, 649.7, 3784,  4.6, -6.1, -5.5, 46, 46, 3.72,349, 6.5
2026-05-24 23:11:35,-102.1987,31.9490, 649.2, 3790,  4.6, -6.2, -5.5, 46, 46, 3.71,348, 6.5
2026-05-24 23:11:36,-102.1987,31.9489, 648.8, 3795,  4.5, -6.2, -5.5, 46, 46, 3.70,348, 6.6
2026-05-24 23:11:37,-102.1987,31.9488, 648.4, 3801,  4.5, -6.3, -5.6, 45, 45, 3.70,347, 6.6
2026-05-24 23:11:38,-102.1986,31.9488, 647.9, 3807,  4.5, -6.3, -5.6, 46, 46, 3.69,347, 6.6
2026-05-24 23:11:39,-102.1986,31.9487, 647.5, 3812,  4.4, -6.3, -5.6, 46, 46, 3.68,347, 6.6
2026-05-24 23:11:40,-102.1986,31.9487, 647.1, 3817,  4.4, -6.4, -5.7, 46, 46, 3.67,346, 6.6
2026-05-24 23:11:41,-102.1986,31.9486, 646.7, 3823,  4.3, -6.4, -5.7, 46, 46, 3.66,346, 6.7
2026-05-24 23:11:42,-102.1986,31.9486, 646.2, 3828,  4.3, -6.4, -5.7, 46, 46, 3.65,345, 6.7
2026-05-24 23:11:43,-102.1985,31.9485, 645.8, 3833,  4.2, -6.5, -5.8, 46, 46, 3.65,345, 6.7
2026-05-24 23:11:44,-102.1985,31.9484, 645.4, 3838,  4.2, -6.5, -5.8, 46, 46, 3.64,345, 6.7
2026-05-24 23:11:45,-102.1985,31.9484, 644.9, 3844,  4.2, -6.6, -5.8, 46, 46, 3.63,345, 6.7
2026-05-24 23:11:46,-102.1985,31.9483, 644.4, 3850,  4.1, -6.6, -5.8, 46, 46, 3.63,344, 6.7
2026-05-24 23:11:47,-102.1984,31.9483, 644.0, 3856,  4.1, -6.6, -5.9, 46, 46, 3.63,344, 6.7
2026-05-24 23:11:48,-102.1984,31.9482, 643.5, 3862,  4.0, -6.6, -5.9, 46, 46, 3.63,344, 6.7
2026-05-24 23:11:49,-102.1984,31.9482, 643.1, 3868,  4.0, -6.6, -5.9, 46, 46, 3.63,344, 6.7
2026-05-24 23:11:50,-102.1984,31.9481, 642.6, 3873,  4.0, -6.6, -5.9, 46, 46, 3.63,343, 6.7
2026-05-24 23:11:51,-102.1984,31.9480, 642.2, 3879,  3.9, -6.6, -5.9, 46, 46, 3.63,343, 6.7
2026-05-24 23:11:52,-102.1983,31.9480, 641.8, 3884,  3.9, -6.6, -5.9, 46, 46, 3.63,343, 6.8
2026-05-24 23:11:53,-102.1983,31.9479, 641.3, 3890,  3.8, -6.6, -5.9, 46, 46, 3.63,343, 6.8
2026-05-24 23:11:54,-102.1983,31.9479, 640.9, 3895,  3.8, -6.7, -5.9, 46, 46, 3.63,342, 6.8
2026-05-24 23:11:55,-102.1983,31.9478, 640.5, 3900,  3.8, -6.7, -5.9, 46, 46, 3.62,342, 6.8
2026-05-24 23:11:56,-102.1983,31.9478, 640.1, 3906,  3.7, -6.7, -5.9, 47, 47, 3.62,342, 6.8
2026-05-24 23:11:57,-102.1982,31.9477, 639.6, 3912,  3.7, -6.7, -5.9, 47, 47, 3.62,342, 6.8
2026-05-24 23:11:58,-102.1982,31.9476, 639.2, 3917,  3.7, -6.7, -6.0, 47, 47, 3.62,342, 6.8
2026-05-24 23:11:59,-102.1982,31.9476, 638.7, 3923,  3.6, -6.7, -6.0, 47, 47, 3.62,341, 6.8
2026-05-24 23:12:00,-102.1982,31.9475, 638.3, 3928,  3.6, -6.7, -6.0, 47, 47, 3.62,341, 6.8
2026-05-24 23:12:01,-102.1981,31.9475, 637.9, 3934,  3.5, -6.7, -6.0, 47, 47, 3.62,341, 6.8
2026-05-24 23:12:02,-102.1981,31.9474, 637.4, 3939,  3.5, -6.7, -6.0, 47, 47, 3.62,341, 6.8
2026-05-24 23:12:03,-102.1981,31.9474, 637.0, 3944,  3.4, -6.8, -6.0, 47, 47, 3.62,341, 6.8
2026-05-24 23:12:04,-102.1981,31.9473, 636.6, 3950,  3.4, -6.8, -6.0, 47, 47, 3.62,340, 6.8
2026-05-24 23:12:05,-102.1980,31.9473, 636.2, 3955,  3.3, -6.8, -6.0, 48, 48, 3.62,340, 6.8
2026-05-24 23:12:06,-102.1980,31.9472, 635.7, 3961,  3.3, -6.8, -6.0, 48, 48, 3.62,340, 6.8
2026-05-24 23:12:07,-102.1980,31.9471, 635.3, 3966,  3.2, -6.8, -6.0, 48, 48, 3.62,340, 6.8
2026-05-24 23:12:08,-102.1980,31.9471, 634.9, 3972,  3.2, -6.8, -6.0, 48, 48, 3.62,340, 6.7
2026-05-24 23:12:09,-102.1979,31.9470, 634.5, 3977,  3.1, -6.8, -6.0, 48, 48, 3.62,340, 6.7
2026-05-24 23:12:10,-102.1979,31.9470, 634.0, 3983,  3.1, -6.8, -6.1, 48, 48, 3.62,340, 6.7
2026-05-24 23:12:11,-102.1979,31.9469, 633.6, 3988,  3.0, -6.8, -6.1, 48, 48, 3.62,340, 6.7
2026-05-24 23:12:12,-102.1979,31.9469, 633.2, 3994,  3.0, -6.8, -6.1, 49, 49, 3.62,340, 6.7
2026-05-24 23:12:13,-102.1978,31.9468, 632.7, 3999,  2.9, -6.9, -6.1, 48, 48, 3.61,339, 6.7
2026-05-24 23:12:14,-102.1978,31.9468, 632.3, 4005,  2.9, -6.9, -6.1, 49, 49, 3.60,339, 6.7
2026-05-24 23:12:15,-102.1978,31.9467, 631.9, 4010,  2.8, -7.0, -6.2, 49, 49, 3.59,339, 6.7
2026-05-24 23:12:16,-102.1977,31.9466, 631.5, 4015,  2.8, -7.0, -6.2, 49, 49, 3.58,339, 6.7
2026-05-24 23:12:17,-102.1977,31.9466, 631.0, 4021,  2.7, -7.0, -6.3, 49, 49, 3.58,339, 6.6
2026-05-24 23:12:18,-102.1977,31.9465, 630.6, 4026,  2.7, -7.1, -6.3, 49, 49, 3.57,339, 6.6
2026-05-24 23:12:19,-102.1977,31.9465, 630.2, 4032,  2.6, -7.1, -6.3, 49, 49, 3.56,339, 6.6
2026-05-24 23:12:20,-102.1976,31.9464, 629.8, 4037,  2.6, -7.2, -6.4, 49, 49, 3.55,339, 6.6
2026-05-24 23:12:21,-102.1976,31.9464, 629.3, 4043,  2.6, -7.2, -6.4, 49, 49, 3.54,339, 6.6
2026-05-24 23:12:22,-102.1976,31.9463, 628.9, 4048,  2.5, -7.2, -6.4, 49, 49, 3.53,338, 6.6
2026-05-24 23:12:23,-102.1976,31.9463, 628.5, 4054,  2.5, -7.3, -6.5, 49, 49, 3.52,338, 6.6
2026-05-24 23:12:24,-102.1975,31.9462, 628.1, 4059,  2.4, -7.3, -6.5, 49, 49, 3.52,338, 6.5
2026-05-24 23:12:25,-102.1975,31.9462, 627.6, 4065,  2.4, -7.4, -6.5, 49, 49, 3.51,338, 6.5
2026-05-24 23:12:26,-102.1975,31.9461, 627.4, 4068,  2.3, -7.4, -6.6, 49, 49, 3.50,338, 6.5
2026-05-24 23:12:27,-102.1975,31.9460, 626.8, 4075,  2.3, -7.4, -6.6, 49, 49, 3.49,337, 6.5
2026-05-24 23:12:28,-102.1974,31.9460, 626.4, 4081,  2.2, -7.5, -6.7, 49, 49, 3.48,337, 6.4
2026-05-24 23:12:29,-102.1974,31.9459, 625.9, 4086,  2.2, -7.5, -6.7, 49, 49, 3.47,337, 6.4
2026-05-24 23:12:30,-102.1974,31.9459, 625.5, 4092,  2.1, -7.6, -6.7, 49, 49, 3.46,337, 6.4
2026-05-24 23:12:31,-102.1974,31.9458, 625.1, 4098,  2.1, -7.6, -6.8, 49, 49, 3.45,336, 6.4
2026-05-24 23:12:32,-102.1973,31.9458, 624.6, 4103,  2.0, -7.7, -6.8, 49, 49, 3.44,336, 6.4
2026-05-24 23:12:33,-102.1973,31.9457, 624.2, 4109,  2.0, -7.7, -6.9, 49, 49, 3.43,336, 6.3
2026-05-24 23:12:34,-102.1973,31.9457, 623.7, 4115,  1.9, -7.8, -6.9, 49, 49, 3.42,336, 6.3
2026-05-24 23:12:35,-102.1972,31.9456, 623.3, 4121,  1.9, -7.8, -6.9, 49, 49, 3.41,335, 6.3
2026-05-24 23:12:36,-102.1972,31.9456, 622.9, 4126,  1.8, -7.8, -7.0, 49, 49, 3.40,335, 6.3
2026-05-24 23:12:37,-102.1972,31.9455, 622.4, 4132,  1.8, -7.9, -7.0, 49, 49, 3.39,335, 6.2
2026-05-24 23:12:38,-102.1972,31.9455, 622.0, 4138,  1.7, -7.9, -7.1, 49, 49, 3.38,335, 6.2
2026-05-24 23:12:39,-102.1971,31.9454, 621.5, 4144,  1.7, -8.0, -7.1, 49, 49, 3.38,334, 6.2
2026-05-24 23:12:40,-102.1971,31.9454, 621.1, 4150,  1.6, -8.0, -7.1, 49, 49, 3.37,334, 6.2
2026-05-24 23:12:41,-102.1971,31.9453, 620.6, 4155,  1.6, -8.0, -7.1, 49, 49, 3.37,334, 6.2
2026-05-24 23:12:42,-102.1970,31.9453, 620.2, 4161,  1.5, -8.0, -7.1, 49, 49, 3.37,334, 6.1
2026-05-24 23:12:43,-102.1970,31.9452, 619.8, 4167,  1.5, -8.1, -7.2, 49, 49, 3.36,334, 6.2
2026-05-24 23:12:44,-102.1970,31.9451, 619.3, 4172,  1.4, -8.1, -7.2, 49, 49, 3.36,334, 6.2
2026-05-24 23:12:45,-102.1970,31.9451, 618.9, 4178,  1.4, -8.1, -7.2, 49, 49, 3.36,334, 6.2
2026-05-24 23:12:46,-102.1969,31.9450, 618.5, 4184,  1.3, -8.1, -7.2, 49, 49, 3.36,334, 6.2
2026-05-24 23:12:47,-102.1969,31.9450, 618.0, 4189,  1.3, -8.1, -7.2, 50, 50, 3.35,335, 6.3
2026-05-24 23:12:48,-102.1969,31.9449, 617.6, 4195,  1.2, -8.1, -7.2, 50, 50, 3.35,335, 6.3
2026-05-24 23:12:49,-102.1968,31.9449, 617.2, 4200,  1.2, -8.2, -7.3, 50, 50, 3.35,335, 6.3
2026-05-24 23:12:50,-102.1968,31.9448, 616.7, 4206,  1.1, -8.2, -7.3, 50, 50, 3.35,335, 6.4
2026-05-24 23:12:51,-102.1968,31.9448, 616.3, 4211,  1.1, -8.2, -7.3, 50, 50, 3.34,335, 6.4
2026-05-24 23:12:52,-102.1968,31.9447, 615.8, 4217,  1.0, -8.2, -7.3, 50, 50, 3.34,336, 6.4
2026-05-24 23:12:53,-102.1967,31.9447, 615.4, 4223,  0.9, -8.2, -7.3, 50, 50, 3.34,336, 6.4
2026-05-24 23:12:54,-102.1967,31.9446, 614.9, 4229,  0.9, -8.3, -7.4, 50, 50, 3.33,336, 6.5
2026-05-24 23:12:55,-102.1967,31.9446, 614.5, 4235,  0.8, -8.3, -7.4, 50, 50, 3.33,336, 6.5
2026-05-24 23:12:56,-102.1966,31.9445, 614.0, 4241,  0.8, -8.3, -7.4, 51, 51, 3.32,336, 6.5
2026-05-24 23:12:57,-102.1966,31.9445, 613.5, 4247,  0.7, -8.4, -7.4, 51, 51, 3.32,337, 6.5
2026-05-24 23:12:58,-102.1966,31.9444, 613.1, 4254,  0.6, -8.4, -7.5, 51, 51, 3.31,337, 6.6
2026-05-24 23:12:59,-102.1966,31.9444, 612.6, 4260,  0.6, -8.4, -7.5, 51, 51, 3.31,337, 6.6
2026-05-24 23:13:00,-102.1965,31.9443, 612.1, 4266,  0.5, -8.4, -7.5, 51, 51, 3.30,337, 6.6
2026-05-24 23:13:01,-102.1965,31.9442, 611.7, 4272,  0.5, -8.5, -7.5, 51, 51, 3.30,337, 6.7
2026-05-24 23:13:02,-102.1965,31.9442, 611.2, 4278,  0.4, -8.5, -7.6, 51, 51, 3.30,337, 6.7
2026-05-24 23:13:03,-102.1964,31.9441, 610.8, 4284,  0.3, -8.5, -7.6, 51, 51, 3.29,337, 6.7
2026-05-24 23:13:04,-102.1964,31.9441, 610.3, 4290,  0.3, -8.6, -7.6, 51, 51, 3.28,337, 6.8
2026-05-24 23:13:05,-102.1964,31.9440, 609.9, 4296,  0.2, -8.6, -7.6, 52, 52, 3.28,337, 6.8
2026-05-24 23:13:06,-102.1963,31.9439, 609.4, 4302,  0.2, -8.6, -7.7, 52, 52, 3.27,337, 6.9
2026-05-24 23:13:07,-102.1963,31.9439, 609.0, 4308,  0.1, -8.6, -7.7, 52, 52, 3.27,338, 6.9
2026-05-24 23:13:08,-102.1963,31.9438, 608.6, 4313,  0.1, -8.6, -7.7, 52, 52, 3.27,338, 6.9
2026-05-24 23:13:09,-102.1962,31.9437, 608.2, 4318,  0.0, -8.7, -7.7, 52, 52, 3.27,338, 7.0
2026-05-24 23:13:10,-102.1962,31.9437, 607.8, 4323, -0.0, -8.7, -7.7, 52, 52, 3.27,338, 7.0
2026-05-24 23:13:11,-102.1962,31.9436, 607.4, 4328, -0.1, -8.7, -7.7, 52, 52, 3.27,338, 7.1
2026-05-24 23:13:12,-102.1961,31.9436, 607.0, 4333, -0.2, -8.7, -7.7, 53, 53, 3.27,338, 7.1
2026-05-24 23:13:13,-102.1961,31.9435, 606.7, 4338, -0.2, -8.7, -7.7, 53, 53, 3.27,338, 7.1
2026-05-24 23:13:14,-102.1961,31.9434, 606.2, 4344, -0.3, -8.7, -7.8, 53, 53, 3.26,338, 7.2
2026-05-24 23:13:15,-102.1960,31.9434, 605.8, 4349, -0.3, -8.7, -7.8, 53, 53, 3.26,338, 7.2
2026-05-24 23:13:16,-102.1960,31.9433, 605.4, 4355, -0.4, -8.8, -7.8, 53, 53, 3.26,338, 7.3
2026-05-24 23:13:17,-102.1960,31.9433, 605.0, 4360, -0.4, -8.8, -7.8, 53, 53, 3.26,338, 7.3
2026-05-24 23:13:18,-102.1959,31.9432, 604.6, 4366, -0.5, -8.8, -7.8, 53, 54, 3.26,338, 7.3
2026-05-24 23:13:19,-102.1959,31.9431, 604.1, 4371, -0.5, -8.8, -7.8, 54, 54, 3.26,338, 7.4
2026-05-24 23:13:20,-102.1959,31.9431, 603.7, 4377, -0.6, -8.8, -7.9, 54, 54, 3.25,338, 7.4
2026-05-24 23:13:21,-102.1959,31.9430, 603.3, 4382, -0.6, -8.9, -7.9, 54, 54, 3.24,338, 7.5
2026-05-24 23:13:22,-102.1958,31.9430, 602.9, 4387, -0.7, -8.9, -7.9, 54, 54, 3.24,338, 7.5
2026-05-24 23:13:23,-102.1958,31.9429, 602.5, 4393, -0.8, -8.9, -8.0, 54, 54, 3.23,337, 7.5
2026-05-24 23:13:24,-102.1958,31.9428, 602.1, 4398, -0.8, -9.0, -8.0, 54, 54, 3.22,337, 7.5
2026-05-24 23:13:25,-102.1957,31.9428, 601.7, 4403, -0.9, -9.0, -8.0, 54, 54, 3.22,336, 7.4
2026-05-24 23:13:26,-102.1957,31.9427, 601.3, 4409, -0.9, -9.0, -8.1, 54, 54, 3.21,336, 7.4
2026-05-24 23:13:27,-102.1957,31.9427, 600.9, 4414, -1.0, -9.1, -8.1, 54, 55, 3.20,335, 7.4
2026-05-24 23:13:28,-102.1956,31.9426, 600.5, 4420, -1.0, -9.1, -8.1, 54, 55, 3.19,335, 7.4
2026-05-24 23:13:29,-102.1956,31.9425, 600.1, 4425, -1.1, -9.2, -8.1, 54, 55, 3.19,334, 7.4
2026-05-24 23:13:30,-102.1956,31.9425, 599.7, 4430, -1.1, -9.2, -8.2, 54, 55, 3.18,334, 7.3
2026-05-24 23:13:31,-102.1955,31.9424, 599.3, 4436, -1.2, -9.2, -8.2, 54, 55, 3.17,333, 7.3
2026-05-24 23:13:32,-102.1955,31.9424, 598.9, 4441, -1.2, -9.3, -8.2, 54, 55, 3.17,333, 7.3
2026-05-24 23:13:33,-102.1955,31.9423, 598.6, 4445, -1.3, -9.3, -8.3, 54, 55, 3.16,332, 7.3
2026-05-24 23:13:34,-102.1954,31.9423, 598.2, 4451, -1.3, -9.4, -8.4, 54, 55, 3.13,332, 7.3
2026-05-24 23:13:35,-102.1954,31.9422, 597.8, 4456, -1.4, -9.5, -8.5, 54, 55, 3.11,331, 7.3
2026-05-24 23:13:36,-102.1954,31.9422, 597.4, 4461, -1.4, -9.6, -8.6, 54, 54, 3.09,331, 7.3
2026-05-24 23:13:37,-102.1953,31.9421, 597.0, 4466, -1.5, -9.7, -8.7, 53, 54, 3.06,330, 7.2
2026-05-24 23:13:38,-102.1953,31.9421, 596.6, 4471, -1.5, -9.8, -8.7, 53, 54, 3.04,330, 7.2
2026-05-24 23:13:39,-102.1952,31.9420, 596.2, 4476, -1.6, -9.9, -8.8, 53, 54, 3.02,329, 7.2
2026-05-24 23:13:40,-102.1952,31.9420, 595.9, 4481, -1.6,-10.0, -8.9, 53, 54, 3.00,329, 7.2
2026-05-24 23:13:41,-102.1952,31.9419, 595.5, 4487, -1.7,-10.1, -9.0, 53, 53, 2.98,328, 7.2
2026-05-24 23:13:42,-102.1951,31.9419, 595.1, 4492, -1.7,-10.2, -9.1, 52, 53, 2.96,328, 7.2
2026-05-24 23:13:43,-102.1951,31.9418, 594.7, 4497, -1.8,-10.3, -9.2, 52, 53, 2.93,328, 7.1
2026-05-24 23:13:44,-102.1951,31.9418, 594.3, 4502, -1.8,-10.4, -9.3, 52, 53, 2.91,328, 7.1
2026-05-24 23:13:45,-102.1950,31.9417, 594.0, 4507, -1.9,-10.5, -9.4, 52, 53, 2.89,328, 7.0
2026-05-24 23:13:46,-102.1950,31.9417, 593.6, 4512, -1.9,-10.6, -9.5, 51, 52, 2.87,328, 7.0
2026-05-24 23:13:47,-102.1950,31.9416, 593.2, 4517, -2.0,-10.7, -9.6, 51, 52, 2.85,329, 6.9
2026-05-24 23:13:48,-102.1949,31.9416, 592.8, 4522, -2.0,-10.8, -9.6, 51, 52, 2.83,329, 6.8
2026-05-24 23:13:49,-102.1949,31.9415, 592.4, 4527, -2.1,-10.9, -9.7, 51, 52, 2.81,329, 6.8
2026-05-24 23:13:50,-102.1949,31.9415, 592.0, 4533, -2.2,-11.0, -9.8, 51, 52, 2.78,330, 6.7
2026-05-24 23:13:51,-102.1948,31.9414, 591.6, 4539, -2.2,-11.1, -9.9, 50, 51, 2.76,330, 6.7
2026-05-24 23:13:52,-102.1948,31.9414, 591.1, 4545, -2.3,-11.2,-10.0, 50, 51, 2.74,330, 6.6
2026-05-24 23:13:53,-102.1948,31.9413, 590.7, 4550, -2.3,-11.3,-10.1, 50, 51, 2.72,330, 6.5
2026-05-24 23:13:54,-102.1947,31.9413, 590.3, 4556, -2.4,-11.4,-10.2, 50, 51, 2.71,331, 6.5
2026-05-24 23:13:55,-102.1947,31.9412, 589.8, 4562, -2.4,-11.5,-10.3, 50, 51, 2.69,331, 6.4
2026-05-24 23:13:56,-102.1947,31.9412, 589.4, 4568, -2.5,-11.6,-10.4, 50, 51, 2.67,331, 6.4
2026-05-24 23:13:57,-102.1946,31.9411, 588.9, 4575, -2.6,-11.7,-10.4, 49, 51, 2.65,331, 6.3
2026-05-24 23:13:58,-102.1946,31.9411, 588.5, 4581, -2.6,-11.8,-10.5, 49, 50, 2.63,332, 6.2
2026-05-24 23:13:59,-102.1946,31.9410, 588.0, 4587, -2.7,-11.9,-10.6, 49, 50, 2.61,332, 6.2
2026-05-24 23:14:00,-102.1945,31.9410, 587.5, 4594, -2.7,-12.0,-10.7, 49, 50, 2.59,332, 6.1
2026-05-24 23:14:01,-102.1945,31.9409, 587.1, 4600, -2.8,-12.1,-10.8, 49, 50, 2.58,333, 6.1
2026-05-24 23:14:02,-102.1945,31.9409, 586.6, 4606, -2.9,-12.1,-10.8, 49, 50, 2.57,333, 6.0
2026-05-24 23:14:03,-102.1945,31.9408, 586.2, 4611, -2.9,-12.2,-10.9, 49, 50, 2.56,333, 6.0
2026-05-24 23:14:04,-102.1945,31.9408, 585.7, 4617, -3.0,-12.3,-10.9, 49, 50, 2.55,334, 6.0
2026-05-24 23:14:05,-102.1945,31.9407, 585.3, 4623, -3.0,-12.3,-11.0, 49, 50, 2.54,334, 6.0
2026-05-24 23:14:06,-102.1944,31.9406, 584.8, 4630, -3.1,-12.4,-11.0, 49, 50, 2.53,335, 6.0
2026-05-24 23:14:07,-102.1944,31.9406, 584.4, 4636, -3.2,-12.4,-11.1, 49, 50, 2.52,335, 6.0
2026-05-24 23:14:08,-102.1944,31.9405, 583.9, 4642, -3.2,-12.5,-11.2, 49, 50, 2.51,336, 6.0
2026-05-24 23:14:09,-102.1944,31.9405, 583.5, 4648, -3.3,-12.6,-11.2, 49, 50, 2.50,336, 6.0
2026-05-24 23:14:10,-102.1944,31.9404, 583.0, 4655, -3.3,-12.6,-11.3, 49, 50, 2.49,337, 6.0
2026-05-24 23:14:11,-102.1944,31.9404, 582.5, 4661, -3.4,-12.7,-11.3, 49, 50, 2.48,337, 6.0
2026-05-24 23:14:12,-102.1943,31.9403, 582.1, 4667, -3.5,-12.7,-11.4, 49, 50, 2.47,338, 6.0
2026-05-24 23:14:13,-102.1943,31.9403, 581.6, 4673, -3.5,-12.8,-11.4, 49, 50, 2.46,338, 5.9
2026-05-24 23:14:14,-102.1943,31.9402, 581.2, 4679, -3.6,-12.9,-11.5, 49, 50, 2.45,339, 5.9
2026-05-24 23:14:15,-102.1943,31.9402, 580.8, 4685, -3.6,-12.9,-11.5, 48, 50, 2.44,339, 5.9
2026-05-24 23:14:16,-102.1943,31.9401, 580.3, 4691, -3.7,-13.0,-11.6, 48, 50, 2.42,340, 5.9
2026-05-24 23:14:17,-102.1943,31.9401, 579.9, 4697, -3.7,-13.1,-11.7, 48, 50, 2.41,340, 5.9
2026-05-24 23:14:18,-102.1942,31.9400, 579.5, 4703, -3.8,-13.1,-11.7, 48, 50, 2.40,340, 5.9
2026-05-24 23:14:19,-102.1942,31.9400, 579.0, 4709, -3.8,-13.2,-11.8, 48, 50, 2.39,341, 5.9
2026-05-24 23:14:20,-102.1942,31.9399, 578.6, 4714, -3.9,-13.3,-11.9, 48, 50, 2.37,341, 5.9
2026-05-24 23:14:21,-102.1942,31.9399, 578.2, 4720, -3.9,-13.4,-11.9, 48, 50, 2.36,342, 5.9
2026-05-24 23:14:22,-102.1942,31.9398, 577.8, 4725, -4.0,-13.4,-12.0, 48, 50, 2.35,342, 5.9
2026-05-24 23:14:23,-102.1942,31.9398, 577.4, 4731, -4.0,-13.5,-12.1, 48, 50, 2.34,343, 6.0
2026-05-24 23:14:24,-102.1941,31.9397, 577.0, 4736, -4.1,-13.6,-12.1, 48, 49, 2.32,343, 6.0
2026-05-24 23:14:25,-102.1941,31.9396, 576.6, 4742, -4.1,-13.6,-12.2, 47, 49, 2.31,343, 6.1
2026-05-24 23:14:26,-102.1941,31.9396, 576.2, 4747, -4.2,-13.7,-12.3, 47, 49, 2.30,344, 6.1
2026-05-24 23:14:27,-102.1941,31.9395, 575.8, 4752, -4.2,-13.8,-12.3, 47, 49, 2.29,344, 6.2
2026-05-24 23:14:28,-102.1941,31.9395, 575.5, 4758, -4.3,-13.9,-12.4, 47, 49, 2.27,344, 6.2
2026-05-24 23:14:29,-102.1941,31.9394, 575.1, 4763, -4.3,-14.0,-12.5, 47, 49, 2.26,345, 6.2
2026-05-24 23:14:30,-102.1940,31.9394, 574.7, 4768, -4.3,-14.0,-12.5, 47, 49, 2.25,345, 6.3
2026-05-24 23:14:31,-102.1940,31.9393, 574.3, 4773, -4.4,-14.1,-12.6, 47, 49, 2.23,345, 6.3
2026-05-24 23:14:32,-102.1940,31.9393, 573.9, 4778, -4.4,-14.2,-12.7, 46, 48, 2.22,346, 6.4
2026-05-24 23:14:33,-102.1940,31.9392, 573.6, 4784, -4.5,-14.3,-12.8, 46, 48, 2.21,346, 6.4
2026-05-24 23:14:34,-102.1939,31.9392, 573.2, 4789, -4.5,-14.4,-12.8, 46, 48, 2.19,346, 6.5
2026-05-24 23:14:35,-102.1939,31.9391, 572.8, 4794, -4.6,-14.4,-12.9, 46, 48, 2.18,347, 6.5
2026-05-24 23:14:36,-102.1939,31.9391, 572.4, 4799, -4.6,-14.5,-13.0, 46, 48, 2.17,347, 6.5
2026-05-24 23:14:37,-102.1939,31.9390, 572.1, 4804, -4.7,-14.6,-13.1, 46, 48, 2.15,347, 6.6
2026-05-24 23:14:38,-102.1938,31.9389, 571.7, 4809, -4.7,-14.7,-13.1, 45, 48, 2.14,348, 6.6
2026-05-24 23:14:39,-102.1938,31.9389, 571.3, 4815, -4.8,-14.8,-13.2, 45, 47, 2.13,348, 6.7
2026-05-24 23:14:40,-102.1938,31.9388, 570.9, 4820, -4.8,-14.9,-13.3, 45, 47, 2.11,348, 6.7
2026-05-24 23:14:41,-102.1938,31.9388, 570.5, 4825, -4.8,-15.0,-13.4, 45, 47, 2.10,348, 6.8
2026-05-24 23:14:42,-102.1937,31.9387, 570.2, 4830, -4.9,-15.0,-13.5, 45, 47, 2.08,349, 6.8
2026-05-24 23:14:43,-102.1937,31.9387, 569.8, 4835, -4.9,-15.1,-13.5, 45, 47, 2.07,348, 6.8
2026-05-24 23:14:44,-102.1937,31.9386, 569.4, 4841, -5.0,-15.2,-13.6, 44, 47, 2.06,347, 6.8
2026-05-24 23:14:45,-102.1936,31.9386, 569.0, 4846, -5.0,-15.3,-13.7, 44, 46, 2.04,346, 6.7
2026-05-24 23:14:46,-102.1936,31.9385, 568.6, 4851, -5.0,-15.4,-13.8, 44, 46, 2.03,346, 6.7
2026-05-24 23:14:47,-102.1936,31.9384, 568.2, 4857, -5.1,-15.5,-13.9, 44, 46, 2.01,345, 6.7
2026-05-24 23:14:48,-102.1936,31.9384, 567.9, 4862, -5.1,-15.6,-14.0, 44, 46, 2.00,344, 6.6
2026-05-24 23:14:49,-102.1935,31.9383, 567.5, 4867, -5.2,-15.7,-14.0, 43, 46, 1.98,343, 6.6
2026-05-24 23:14:50,-102.1935,31.9383, 567.1, 4873, -5.2,-15.8,-14.1, 43, 45, 1.97,343, 6.6
2026-05-24 23:14:51,-102.1935,31.9382, 566.7, 4878, -5.3,-15.9,-14.2, 43, 45, 1.96,342, 6.6
2026-05-24 23:14:52,-102.1935,31.9382, 566.3, 4883, -5.3,-16.0,-14.3, 43, 45, 1.94,341, 6.6
2026-05-24 23:14:53,-102.1934,31.9381, 565.9, 4889, -5.3,-16.1,-14.4, 43, 45, 1.93,340, 6.5
2026-05-24 23:14:54,-102.1934,31.9381, 565.5, 4895, -5.4,-16.1,-14.4, 43, 45, 1.92,339, 6.5
2026-05-24 23:14:55,-102.1934,31.9380, 565.1, 4900, -5.4,-16.2,-14.5, 42, 45, 1.91,339, 6.5
2026-05-24 23:14:56,-102.1934,31.9379, 564.7, 4906, -5.5,-16.2,-14.5, 42, 45, 1.91,338, 6.5
2026-05-24 23:14:57,-102.1933,31.9379, 564.3, 4912, -5.5,-16.3,-14.6, 42, 45, 1.90,337, 6.5
2026-05-24 23:14:58,-102.1933,31.9378, 563.9, 4917, -5.6,-16.4,-14.6, 42, 45, 1.89,336, 6.5
2026-05-24 23:14:59,-102.1933,31.9378, 563.5, 4923, -5.6,-16.4,-14.7, 42, 45, 1.88,335, 6.4
2026-05-24 23:15:00,-102.1933,31.9377, 563.1, 4928, -5.7,-16.5,-14.7, 42, 45, 1.88,334, 6.4
2026-05-24 23:15:01,-102.1932,31.9377, 562.7, 4933, -5.7,-16.5,-14.8, 42, 45, 1.87,334, 6.4
2026-05-24 23:15:02,-102.1932,31.9376, 562.3, 4938, -5.8,-16.6,-14.8, 42, 45, 1.86,333, 6.4
2026-05-24 23:15:03,-102.1932,31.9376, 561.8, 4944, -5.8,-16.6,-14.9, 42, 45, 1.86,333, 6.4
2026-05-24 23:15:04,-102.1932,31.9375, 561.4, 4950, -5.9,-16.7,-14.9, 42, 45, 1.85,334, 6.5
2026-05-24 23:15:05,-102.1931,31.9374, 561.0, 4957, -5.9,-16.7,-15.0, 42, 45, 1.84,334, 6.5
2026-05-24 23:15:06,-102.1931,31.9374, 560.5, 4964, -6.0,-16.8,-15.0, 42, 45, 1.84,334, 6.5
2026-05-24 23:15:07,-102.1931,31.9373, 560.1, 4970, -6.0,-16.8,-15.1, 42, 45, 1.83,335, 6.5
2026-05-24 23:15:08,-102.1931,31.9373, 559.6, 4977, -6.1,-16.9,-15.1, 42, 45, 1.82,335, 6.5
2026-05-24 23:15:09,-102.1931,31.9372, 559.2, 4984, -6.1,-16.9,-15.1, 42, 45, 1.82,336, 6.6
2026-05-24 23:15:10,-102.1930,31.9372, 558.7, 4990, -6.2,-17.0,-15.2, 42, 45, 1.81,336, 6.6
2026-05-24 23:15:11,-102.1930,31.9371, 558.3, 4996, -6.2,-17.0,-15.2, 42, 45, 1.81,336, 6.6
2026-05-24 23:15:12,-102.1930,31.9371, 557.8, 5002, -6.3,-17.0,-15.3, 42, 45, 1.81,337, 6.6
2026-05-24 23:15:13,-102.1930,31.9370, 557.4, 5008, -6.3,-17.1,-15.3, 42, 45, 1.80,337, 6.6
2026-05-24 23:15:14,-102.1929,31.9370, 557.0, 5014, -6.4,-17.1,-15.3, 42, 45, 1.80,337, 6.7
2026-05-24 23:15:15,-102.1929,31.9369, 556.6, 5019, -6.4,-17.2,-15.4, 42, 45, 1.79,338, 6.7
2026-05-24 23:15:16,-102.1929,31.9368, 556.2, 5025, -6.5,-17.2,-15.4, 42, 45, 1.78,338, 6.7
2026-05-24 23:15:17,-102.1929,31.9368, 555.8, 5030, -6.5,-17.2,-15.4, 42, 45, 1.78,338, 6.7
2026-05-24 23:15:18,-102.1929,31.9367, 555.4, 5036, -6.6,-17.3,-15.5, 42, 45, 1.78,339, 6.7
2026-05-24 23:15:19,-102.1928,31.9367, 555.0, 5041, -6.6,-17.3,-15.5, 42, 45, 1.77,339, 6.8
2026-05-24 23:15:20,-102.1928,31.9366, 554.6, 5047, -6.7,-17.4,-15.6, 42, 45, 1.77,340, 6.8
2026-05-24 23:15:21,-102.1928,31.9366, 554.3, 5052, -6.7,-17.3,-15.5, 43, 45, 1.77,340, 6.8
2026-05-24 23:15:22,-102.1928,31.9365, 553.9, 5057, -6.8,-17.2,-15.4, 43, 46, 1.79,340, 6.8
2026-05-24 23:15:23,-102.1927,31.9365, 553.6, 5062, -6.8,-17.2,-15.4, 44, 47, 1.80,340, 6.8
2026-05-24 23:15:24,-102.1927,31.9364, 553.2, 5067, -6.9,-17.1,-15.3, 44, 47, 1.81,340, 6.7
2026-05-24 23:15:25,-102.1927,31.9364, 552.8, 5072, -6.9,-17.0,-15.2, 45, 48, 1.83,340, 6.7
2026-05-24 23:15:26,-102.1927,31.9363, 552.5, 5077, -7.0,-16.9,-15.1, 45, 48, 1.84,340, 6.6
2026-05-24 23:15:27,-102.1926,31.9362, 552.1, 5082, -7.0,-16.8,-15.1, 46, 49, 1.86,340, 6.6
2026-05-24 23:15:28,-102.1926,31.9362, 551.7, 5087, -7.1,-16.8,-15.0, 46, 49, 1.87,340, 6.6
2026-05-24 23:15:29,-102.1926,31.9361, 551.4, 5093, -7.1,-16.7,-14.9, 46, 50, 1.88,340, 6.5
2026-05-24 23:15:30,-102.1926,31.9361, 551.0, 5098, -7.2,-16.6,-14.8, 47, 50, 1.90,340, 6.5
2026-05-24 23:15:31,-102.1926,31.9360, 550.6, 5103, -7.2,-16.5,-14.8, 47, 51, 1.91,340, 6.4
2026-05-24 23:15:32,-102.1925,31.9360, 550.2, 5108, -7.3,-16.4,-14.7, 48, 51, 1.92,340, 6.4
2026-05-24 23:15:33,-102.1925,31.9359, 549.8, 5114, -7.3,-16.4,-14.6, 48, 52, 1.94,340, 6.3
2026-05-24 23:15:34,-102.1924,31.9359, 549.4, 5120, -7.4,-16.3,-14.6, 49, 53, 1.95,340, 6.3
2026-05-24 23:15:35,-102.1924,31.9358, 549.0, 5126, -7.4,-16.3,-14.6, 49, 52, 1.94,339, 6.2
2026-05-24 23:15:36,-102.1924,31.9358, 548.6, 5131, -7.5,-16.4,-14.7, 49, 52, 1.93,339, 6.2
2026-05-24 23:15:37,-102.1923,31.9357, 548.2, 5137, -7.5,-16.5,-14.7, 49, 52, 1.93,339, 6.1
2026-05-24 23:15:38,-102.1923,31.9357, 547.8, 5143, -7.5,-16.5,-14.8, 48, 52, 1.92,339, 6.1
2026-05-24 23:15:39,-102.1922,31.9356, 547.5, 5148, -7.6,-16.6,-14.9, 48, 52, 1.91,339, 6.0
2026-05-24 23:15:40,-102.1922,31.9356, 547.1, 5154, -7.6,-16.7,-14.9, 48, 52, 1.90,339, 6.0
2026-05-24 23:15:41,-102.1922,31.9355, 546.7, 5159, -7.7,-16.7,-15.0, 48, 52, 1.89,339, 5.9
2026-05-24 23:15:42,-102.1921,31.9355, 546.3, 5165, -7.7,-16.8,-15.0, 48, 52, 1.88,339, 5.9
2026-05-24 23:15:43,-102.1921,31.9354, 545.9, 5170, -7.7,-16.9,-15.1, 48, 52, 1.87,338, 5.9
2026-05-24 23:15:44,-102.1921,31.9354, 545.5, 5175, -7.8,-16.9,-15.2, 48, 52, 1.86,337, 6.0
2026-05-24 23:15:45,-102.1920,31.9353, 545.1, 5181, -7.8,-17.0,-15.2, 48, 51, 1.85,336, 6.0
2026-05-24 23:15:46,-102.1920,31.9353, 544.7, 5187, -7.8,-17.1,-15.3, 48, 51, 1.84,335, 6.0
2026-05-24 23:15:47,-102.1919,31.9352, 544.3, 5193, -7.9,-17.1,-15.3, 47, 51, 1.83,334, 6.1
2026-05-24 23:15:48,-102.1919,31.9352, 543.9, 5199, -7.9,-17.2,-15.4, 47, 51, 1.82,334, 6.1
2026-05-24 23:15:49,-102.1919,31.9351, 543.5, 5204, -8.0,-17.3,-15.5, 47, 51, 1.82,333, 6.2
2026-05-24 23:15:50,-102.1918,31.9351, 543.1, 5210, -8.0,-17.4,-15.5, 47, 51, 1.80,332, 6.3
2026-05-24 23:15:51,-102.1918,31.9350, 542.8, 5216, -8.0,-17.4,-15.6, 47, 51, 1.80,331, 6.3
2026-05-24 23:15:52,-102.1918,31.9350, 542.4, 5221, -8.1,-17.5,-15.7, 47, 50, 1.78,330, 6.4
2026-05-24 23:15:53,-102.1917,31.9349, 542.0, 5226, -8.1,-17.6,-15.8, 46, 50, 1.77,329, 6.4
2026-05-24 23:15:54,-102.1917,31.9349, 541.6, 5232, -8.1,-17.7,-15.8, 46, 50, 1.76,328, 6.4
2026-05-24 23:15:55,-102.1916,31.9348, 541.2, 5237, -8.2,-17.7,-15.9, 46, 50, 1.75,328, 6.4
2026-05-24 23:15:56,-102.1916,31.9348, 540.9, 5242, -8.2,-17.8,-16.0, 46, 50, 1.74,327, 6.5
2026-05-24 23:15:57,-102.1916,31.9347, 540.5, 5247, -8.2,-17.9,-16.0, 46, 50, 1.73,326, 6.5
2026-05-24 23:15:58,-102.1915,31.9347, 540.2, 5252, -8.3,-18.0,-16.1, 46, 49, 1.72,325, 6.6
2026-05-24 23:15:59,-102.1915,31.9346, 539.8, 5257, -8.3,-18.0,-16.2, 45, 49, 1.71,325, 6.7
2026-05-24 23:16:00,-102.1915,31.9346, 539.5, 5263, -8.4,-18.1,-16.2, 45, 49, 1.70,324, 6.7
2026-05-24 23:16:01,-102.1914,31.9345, 539.2, 5266, -8.4,-18.2,-16.3, 45, 49, 1.70,323, 6.7
2026-05-24 23:16:02,-102.1913,31.9345, 538.7, 5273, -8.4,-18.1,-16.2, 46, 49, 1.71,322, 6.8
2026-05-24 23:16:03,-102.1913,31.9344, 538.3, 5279, -8.5,-18.1,-16.2, 46, 50, 1.71,322, 6.9
2026-05-24 23:16:04,-102.1912,31.9344, 537.9, 5285, -8.5,-18.0,-16.2, 46, 50, 1.72,322, 6.9
2026-05-24 23:16:05,-102.1912,31.9343, 537.5, 5290, -8.5,-18.0,-16.1, 46, 50, 1.73,322, 7.0
2026-05-24 23:16:06,-102.1911,31.9343, 537.1, 5296, -8.6,-18.0,-16.1, 47, 51, 1.73,321, 7.0
2026-05-24 23:16:07,-102.1911,31.9342, 536.8, 5301, -8.6,-17.9,-16.1, 47, 51, 1.74,321, 7.1
2026-05-24 23:16:08,-102.1910,31.9342, 536.4, 5307, -8.7,-17.9,-16.0, 47, 51, 1.75,321, 7.1
2026-05-24 23:16:09,-102.1909,31.9341, 536.0, 5312, -8.7,-17.8,-16.0, 48, 52, 1.76,321, 7.1
2026-05-24 23:16:10,-102.1909,31.9341, 535.6, 5318, -8.7,-17.8,-15.9, 48, 52, 1.76,320, 7.2
2026-05-24 23:16:11,-102.1908,31.9340, 535.3, 5323, -8.8,-17.8,-15.9, 48, 52, 1.77,320, 7.2
2026-05-24 23:16:12,-102.1908,31.9340, 534.9, 5328, -8.8,-17.7,-15.9, 48, 53, 1.78,320, 7.3
2026-05-24 23:16:13,-102.1907,31.9339, 534.5, 5334, -8.8,-17.7,-15.8, 49, 53, 1.78,320, 7.3
2026-05-24 23:16:14,-102.1906,31.9339, 534.1, 5340, -8.9,-17.7,-15.8, 49, 53, 1.79,320, 7.4
2026-05-24 23:16:15,-102.1906,31.9338, 533.7, 5346, -8.9,-17.7,-15.8, 49, 54, 1.79,319, 7.4
2026-05-24 23:16:16,-102.1905,31.9338, 533.3, 5352, -9.0,-17.7,-15.9, 49, 54, 1.78,319, 7.5
2026-05-24 23:16:17,-102.1905,31.9337, 532.8, 5358, -9.0,-17.7,-15.9, 49, 54, 1.78,319, 7.5
2026-05-24 23:16:18,-102.1904,31.9337, 532.4, 5364, -9.1,-17.8,-15.9, 49, 54, 1.78,319, 7.6
2026-05-24 23:16:19,-102.1903,31.9336, 532.0, 5370, -9.1,-17.8,-15.9, 49, 54, 1.78,319, 7.6
2026-05-24 23:16:20,-102.1903,31.9336, 531.6, 5376, -9.2,-17.8,-16.0, 49, 54, 1.77,318, 7.7
2026-05-24 23:16:21,-102.1902,31.9335, 531.2, 5382, -9.2,-17.8,-16.0, 49, 54, 1.77,318, 7.7
2026-05-24 23:16:22,-102.1902,31.9335, 530.8, 5388, -9.2,-17.9,-16.0, 50, 54, 1.77,318, 7.8
2026-05-24 23:16:23,-102.1901,31.9334, 530.3, 5395, -9.3,-17.9,-16.0, 50, 54, 1.77,317, 7.8
2026-05-24 23:16:24,-102.1900,31.9334, 529.9, 5401, -9.3,-17.9,-16.1, 50, 54, 1.76,317, 7.8
2026-05-24 23:16:25,-102.1900,31.9333, 529.5, 5407, -9.4,-18.0,-16.1, 50, 54, 1.76,316, 7.8
2026-05-24 23:16:26,-102.1899,31.9333, 529.1, 5413, -9.4,-18.0,-16.1, 50, 55, 1.76,316, 7.8
2026-05-24 23:16:27,-102.1899,31.9333, 528.7, 5419, -9.5,-18.0,-16.1, 50, 55, 1.75,315, 7.9
2026-05-24 23:16:28,-102.1898,31.9332, 528.5, 5422, -9.5,-18.0,-16.2, 50, 55, 1.75,315, 7.9
2026-05-24 23:16:29,-102.1897,31.9331, 527.9, 5430, -9.6,-18.2,-16.3, 49, 54, 1.73,314, 7.9
2026-05-24 23:16:30,-102.1897,31.9331, 527.5, 5436, -9.6,-18.3,-16.4, 49, 54, 1.72,313, 7.9
2026-05-24 23:16:31,-102.1896,31.9331, 527.1, 5442, -9.6,-18.4,-16.5, 49, 54, 1.71,313, 8.0
2026-05-24 23:16:32,-102.1895,31.9330, 526.7, 5447, -9.7,-18.4,-16.5, 49, 54, 1.70,312, 8.0
2026-05-24 23:16:33,-102.1895,31.9330, 526.3, 5453, -9.7,-18.5,-16.6, 49, 53, 1.68,312, 8.0
2026-05-24 23:16:34,-102.1894,31.9329, 525.9, 5458, -9.8,-18.6,-16.7, 48, 53, 1.67,311, 8.0
2026-05-24 23:16:35,-102.1893,31.9329, 525.5, 5464, -9.8,-18.7,-16.8, 48, 53, 1.66,310, 8.1
2026-05-24 23:16:36,-102.1892,31.9329, 525.1, 5471, -9.9,-18.8,-16.9, 48, 53, 1.65,310, 8.1
2026-05-24 23:16:37,-102.1892,31.9328, 524.7, 5477, -9.9,-18.9,-17.0, 48, 53, 1.63,309, 8.1
2026-05-24 23:16:38,-102.1891,31.9328, 524.3, 5483,-10.0,-19.0,-17.1, 48, 52, 1.62,309, 8.1
2026-05-24 23:16:39,-102.1890,31.9328, 523.8, 5490,-10.0,-19.1,-17.1, 47, 52, 1.61,308, 8.2
2026-05-24 23:16:40,-102.1889,31.9327, 523.4, 5496,-10.0,-18.3,-16.4, 51, 56, 1.72,308, 8.2
2026-05-24 23:16:41,-102.1889,31.9327, 522.9, 5503,-10.1,-18.4,-16.5, 50, 56, 1.71,307, 8.2
2026-05-24 23:16:42,-102.1888,31.9326, 522.5, 5509,-10.1,-18.5,-16.6, 50, 55, 1.70,307, 8.3
2026-05-24 23:16:43,-102.1887,31.9326, 522.1, 5516,-10.2,-18.6,-16.7, 50, 55, 1.69,306, 8.3
2026-05-24 23:16:44,-102.1886,31.9326, 521.6, 5522,-10.2,-18.7,-16.7, 50, 55, 1.68,306, 8.3
2026-05-24 23:16:45,-102.1886,31.9325, 521.2, 5529,-10.2,-18.8,-16.8, 50, 55, 1.67,305, 8.2
2026-05-24 23:16:46,-102.1885,31.9325, 520.8, 5535,-10.3,-18.8,-16.9, 49, 55, 1.66,305, 8.2
2026-05-24 23:16:47,-102.1884,31.9325, 520.4, 5542,-10.3,-18.9,-17.0, 49, 54, 1.65,304, 8.2
2026-05-24 23:16:48,-102.1883,31.9324, 519.9, 5548,-10.3,-19.0,-17.0, 49, 54, 1.64,304, 8.2
2026-05-24 23:16:49,-102.1883,31.9324, 519.5, 5554,-10.4,-19.1,-17.1, 49, 54, 1.63,304, 8.2
2026-05-24 23:16:50,-102.1882,31.9323, 519.1, 5559,-10.4,-19.2,-17.2, 49, 54, 1.62,303, 8.2
2026-05-24 23:16:51,-102.1881,31.9323, 518.7, 5565,-10.5,-19.2,-17.3, 48, 54, 1.61,303, 8.2
2026-05-24 23:16:52,-102.1880,31.9323, 518.3, 5571,-10.5,-19.3,-17.3, 48, 53, 1.60,302, 8.2
2026-05-24 23:16:53,-102.1880,31.9322, 518.0, 5577,-10.5,-19.4,-17.4, 48, 53, 1.59,302, 8.2
2026-05-24 23:16:54,-102.1879,31.9322, 517.6, 5583,-10.6,-19.5,-17.5, 48, 53, 1.58,301, 8.2
2026-05-24 23:16:55,-102.1878,31.9322, 517.2, 5588,-10.6,-19.6,-17.5, 48, 53, 1.57,301, 8.2
2026-05-24 23:16:56,-102.1877,31.9321, 516.8, 5594,-10.7,-19.6,-17.6, 48, 53, 1.56,301, 8.2
2026-05-24 23:16:57,-102.1877,31.9321, 516.4, 5600,-10.7,-19.7,-17.7, 48, 53, 1.56,300, 8.2
2026-05-24 23:16:58,-102.1876,31.9321, 516.0, 5605,-10.7,-19.7,-17.7, 48, 53, 1.55,300, 8.2
2026-05-24 23:16:59,-102.1875,31.9320, 515.6, 5611,-10.8,-19.8,-17.8, 47, 53, 1.55,299, 8.2
2026-05-24 23:17:00,-102.1874,31.9320, 515.2, 5617,-10.8,-19.8,-17.8, 47, 53, 1.54,299, 8.2
2026-05-24 23:17:01,-102.1874,31.9319, 514.8, 5623,-10.9,-19.9,-17.9, 47, 53, 1.53,298, 8.1
2026-05-24 23:17:02,-102.1873,31.9319, 514.4, 5629,-10.9,-20.0,-17.9, 47, 52, 1.52,298, 8.1
2026-05-24 23:17:03,-102.1872,31.9319, 514.0, 5635,-10.9,-20.0,-18.0, 47, 52, 1.52,297, 8.2
2026-05-24 23:17:04,-102.1871,31.9319, 513.6, 5641,-11.0,-20.1,-18.0, 47, 52, 1.51,297, 8.3
2026-05-24 23:17:05,-102.1870,31.9318, 513.3, 5647,-11.0,-20.1,-18.1, 47, 52, 1.51,296, 8.3
2026-05-24 23:17:06,-102.1869,31.9318, 512.9, 5653,-11.1,-20.2,-18.1, 47, 52, 1.50,296, 8.4
2026-05-24 23:17:07,-102.1868,31.9318, 512.5, 5659,-11.1,-20.3,-18.2, 47, 52, 1.49,296, 8.4
2026-05-24 23:17:08,-102.1867,31.9318, 512.1, 5664,-11.1,-20.2,-18.2, 47, 52, 1.50,295, 8.5
2026-05-24 23:17:09,-102.1866,31.9317, 511.7, 5670,-11.2,-20.2,-18.2, 47, 53, 1.50,295, 8.5
2026-05-24 23:17:10,-102.1865,31.9317, 511.3, 5676,-11.2,-20.2,-18.2, 47, 53, 1.50,294, 8.6
2026-05-24 23:17:11,-102.1864,31.9317, 510.9, 5682,-11.3,-20.2,-18.2, 48, 53, 1.50,294, 8.7
2026-05-24 23:17:12,-102.1863,31.9316, 510.5, 5688,-11.4,-20.2,-18.2, 48, 53, 1.50,293, 8.7
2026-05-24 23:17:13,-102.1863,31.9316, 510.1, 5694,-11.4,-20.2,-18.2, 48, 54, 1.50,293, 8.8
2026-05-24 23:17:14,-102.1862,31.9316, 509.7, 5699,-11.5,-20.2,-18.2, 48, 54, 1.50,293, 8.8
2026-05-24 23:17:15,-102.1861,31.9316, 509.4, 5705,-11.5,-20.2,-18.2, 48, 54, 1.51,292, 8.9
2026-05-24 23:17:16,-102.1860,31.9315, 509.0, 5711,-11.6,-20.2,-18.2, 49, 54, 1.51,292, 9.0
2026-05-24 23:17:17,-102.1859,31.9315, 508.6, 5717,-11.6,-20.2,-18.2, 49, 55, 1.51,291, 9.0
2026-05-24 23:17:18,-102.1858,31.9315, 508.2, 5723,-11.7,-20.2,-18.2, 49, 55, 1.51,291, 9.1
2026-05-24 23:17:19,-102.1857,31.9315, 507.8, 5728,-11.7,-20.2,-18.2, 49, 55, 1.51,291, 9.2
2026-05-24 23:17:20,-102.1856,31.9314, 507.4, 5734,-11.8,-20.2,-18.2, 50, 56, 1.51,290, 9.2
2026-05-24 23:17:21,-102.1855,31.9314, 507.0, 5740,-11.8,-20.2,-18.2, 50, 56, 1.51,290, 9.3
2026-05-24 23:17:22,-102.1854,31.9314, 506.6, 5747,-11.9,-20.2,-18.2, 50, 56, 1.52,290, 9.3
2026-05-24 23:17:23,-102.1853,31.9313, 506.2, 5753,-11.9,-20.2,-18.1, 50, 56, 1.52,290, 9.3
2026-05-24 23:17:24,-102.1852,31.9313, 505.8, 5759,-12.0,-20.2,-18.1, 50, 57, 1.52,289, 9.3
2026-05-24 23:17:25,-102.1852,31.9313, 505.4, 5765,-12.0,-20.2,-18.1, 51, 57, 1.52,289, 9.3
2026-05-24 23:17:26,-102.1851,31.9313, 505.0, 5771,-12.1,-20.2,-18.1, 51, 57, 1.52,289, 9.3
2026-05-24 23:17:27,-102.1850,31.9312, 504.7, 5776,-12.2,-20.2,-18.1, 51, 58, 1.52,289, 9.3
2026-05-24 23:17:28,-102.1849,31.9312, 504.3, 5782,-12.2,-20.2,-18.1, 51, 58, 1.52,289, 9.3
2026-05-24 23:17:29,-102.1848,31.9312, 504.0, 5787,-12.3,-20.2,-18.1, 52, 58, 1.53,289, 9.2
2026-05-24 23:17:30,-102.1847,31.9312, 503.6, 5792,-12.3,-20.2,-18.1, 52, 58, 1.53,289, 9.2
2026-05-24 23:17:31,-102.1846,31.9311, 503.2, 5798,-12.4,-20.2,-18.1, 52, 59, 1.53,289, 9.2
2026-05-24 23:17:32,-102.1845,31.9311, 502.9, 5803,-12.4,-20.2,-18.1, 52, 59, 1.53,289, 9.2
2026-05-24 23:17:33,-102.1844,31.9311, 502.6, 5808,-12.5,-20.2,-18.1, 53, 59, 1.53,288, 9.2
2026-05-24 23:17:34,-102.1843,31.9310, 502.2, 5813,-12.5,-20.2,-18.1, 53, 60, 1.53,288, 9.2
2026-05-24 23:17:35,-102.1842,31.9310, 501.9, 5818,-12.6,-20.2,-18.2, 53, 60, 1.53,288, 9.2
2026-05-24 23:17:36,-102.1841,31.9310, 501.5, 5823,-12.6,-20.3,-18.2, 53, 60, 1.52,288, 9.1
2026-05-24 23:17:37,-102.1841,31.9310, 501.2, 5829,-12.7,-20.3,-18.2, 53, 60, 1.52,288, 9.1
2026-05-24 23:17:38,-102.1840,31.9309, 500.8, 5835,-12.8,-20.3,-18.3, 53, 60, 1.52,288, 9.1
2026-05-24 23:17:39,-102.1839,31.9309, 500.3, 5842,-12.8,-20.4,-18.3, 53, 60, 1.52,288, 9.1
2026-05-24 23:17:40,-102.1838,31.9309, 500.0, 5847,-12.8,-20.4,-18.3, 53, 60, 1.51,288, 9.1
2026-05-24 23:17:41,-102.1837,31.9308, 499.4, 5856,-12.9,-20.4,-18.3, 53, 60, 1.51,288, 9.1
2026-05-24 23:17:42,-102.1836,31.9308, 499.0, 5862,-12.9,-20.5,-18.4, 53, 60, 1.51,288, 9.1
2026-05-24 23:17:43,-102.1835,31.9308, 498.6, 5869,-13.0,-20.5,-18.4, 53, 61, 1.50,288, 9.1
2026-05-24 23:17:44,-102.1834,31.9307, 498.1, 5876,-13.1,-20.5,-18.4, 54, 61, 1.50,288, 9.1
2026-05-24 23:17:45,-102.1833,31.9307, 497.7, 5882,-13.1,-20.5,-18.5, 54, 61, 1.50,288, 9.1
2026-05-24 23:17:46,-102.1832,31.9307, 497.3, 5889,-13.2,-20.6,-18.5, 54, 61, 1.50,288, 9.1
2026-05-24 23:17:47,-102.1831,31.9307, 496.8, 5898,-13.2,-20.6,-18.5, 54, 61, 1.49,289, 9.1
2026-05-24 23:17:48,-102.1830,31.9306, 496.5, 5902,-13.3,-20.7,-18.6, 54, 61, 1.49,289, 9.1
2026-05-24 23:17:49,-102.1830,31.9306, 496.1, 5907,-13.3,-20.7,-18.6, 54, 61, 1.48,289, 9.2
2026-05-24 23:17:50,-102.1829,31.9306, 495.8, 5912,-13.3,-20.8,-18.6, 54, 61, 1.48,289, 9.2
2026-05-24 23:17:51,-102.1828,31.9305, 495.4, 5916,-13.4,-20.8,-18.7, 54, 61, 1.47,290, 9.2
2026-05-24 23:17:52,-102.1827,31.9305, 495.1, 5921,-13.4,-20.8,-18.7, 54, 61, 1.47,290, 9.2
2026-05-24 23:17:53,-102.1826,31.9305, 494.8, 5925,-13.5,-20.9,-18.8, 54, 61, 1.46,290, 9.2
2026-05-24 23:17:54,-102.1825,31.9304, 494.5, 5930,-13.5,-20.9,-18.8, 54, 61, 1.46,290, 9.2
2026-05-24 23:17:55,-102.1824,31.9304, 494.2, 5936,-13.5,-21.0,-18.8, 54, 61, 1.45,291, 9.2
2026-05-24 23:17:56,-102.1823,31.9304, 493.8, 5942,-13.6,-21.0,-18.9, 54, 61, 1.45,291, 9.3
2026-05-24 23:17:57,-102.1822,31.9304, 493.4, 5948,-13.6,-21.1,-18.9, 53, 61, 1.45,291, 9.3
2026-05-24 23:17:58,-102.1821,31.9303, 493.0, 5954,-13.7,-21.1,-19.0, 53, 61, 1.44,291, 9.3
2026-05-24 23:17:59,-102.1820,31.9303, 492.6, 5960,-13.7,-21.2,-19.0, 53, 61, 1.44,292, 9.3
2026-05-24 23:18:00,-102.1820,31.9303, 492.2, 5966,-13.8,-21.2,-19.0, 53, 61, 1.43,292, 9.3
2026-05-24 23:18:01,-102.1819,31.9302, 491.9, 5972,-13.8,-21.2,-19.1, 53, 61, 1.43,292, 9.3
2026-05-24 23:18:02,-102.1818,31.9302, 491.5, 5978,-13.8,-21.3,-19.1, 53, 61, 1.42,292, 9.3
2026-05-24 23:18:03,-102.1817,31.9302, 491.1, 5984,-13.9,-21.4,-19.2, 53, 61, 1.41,292, 9.3
2026-05-24 23:18:04,-102.1816,31.9301, 490.7, 5990,-13.9,-21.4,-19.3, 53, 61, 1.41,292, 9.3
2026-05-24 23:18:05,-102.1815,31.9301, 490.3, 5996,-14.0,-21.5,-19.3, 53, 61, 1.40,292, 9.3
2026-05-24 23:18:06,-102.1814,31.9301, 489.9, 6002,-14.0,-21.6,-19.4, 53, 60, 1.39,292, 9.3
2026-05-24 23:18:07,-102.1813,31.9301, 489.5, 6008,-14.0,-21.6,-19.4, 53, 60, 1.39,292, 9.3
2026-05-24 23:18:08,-102.1813,31.9300, 489.1, 6014,-14.1,-21.7,-19.5, 53, 60, 1.38,292, 9.2
2026-05-24 23:18:09,-102.1812,31.9300, 488.8, 6020,-14.1,-21.7,-19.5, 53, 60, 1.38,292, 9.2
2026-05-24 23:18:10,-102.1811,31.9300, 488.4, 6026,-14.2,-21.8,-19.6, 52, 60, 1.37,292, 9.2
2026-05-24 23:18:11,-102.1810,31.9299, 488.0, 6032,-14.2,-21.9,-19.7, 52, 60, 1.36,292, 9.2
2026-05-24 23:18:12,-102.1809,31.9299, 487.6, 6038,-14.2,-21.9,-19.7, 52, 60, 1.36,292, 9.2
2026-05-24 23:18:13,-102.1808,31.9299, 487.3, 6043,-14.3,-22.0,-19.8, 52, 60, 1.35,292, 9.2
2026-05-24 23:18:14,-102.1807,31.9298, 486.9, 6049,-14.3,-22.0,-19.8, 52, 60, 1.35,292, 9.2
2026-05-24 23:18:15,-102.1807,31.9298, 486.6, 6054,-14.4,-22.1,-19.9, 52, 60, 1.33,292, 9.1
2026-05-24 23:18:16,-102.1806,31.9298, 486.2, 6060,-14.4,-22.2,-20.0, 51, 59, 1.33,292, 9.1
2026-05-24 23:18:17,-102.1805,31.9297, 485.9, 6065,-14.4,-22.3,-20.1, 51, 59, 1.32,292, 9.1
2026-05-24 23:18:18,-102.1804,31.9297, 485.5, 6070,-14.5,-22.4,-20.2, 51, 59, 1.31,292, 9.1
2026-05-24 23:18:19,-102.1803,31.9297, 485.2, 6075,-14.5,-22.5,-20.2, 51, 58, 1.30,292, 9.1
2026-05-24 23:18:20,-102.1802,31.9296, 484.9, 6081,-14.5,-22.6,-20.3, 50, 58, 1.29,292, 9.1
2026-05-24 23:18:21,-102.1802,31.9296, 484.5, 6086,-14.5,-22.7,-20.4, 50, 58, 1.28,292, 9.0
2026-05-24 23:18:22,-102.1801,31.9296, 484.2, 6091,-14.6,-22.8,-20.5, 50, 57, 1.27,292, 9.0
2026-05-24 23:18:23,-102.1800,31.9296, 483.9, 6096,-14.6,-22.9,-20.6, 49, 57, 1.26,292, 9.0
2026-05-24 23:18:24,-102.1799,31.9295, 483.6, 6101,-14.6,-23.0,-20.7, 49, 57, 1.25,292, 9.0
2026-05-24 23:18:25,-102.1798,31.9295, 483.2, 6106,-14.6,-23.0,-20.7, 49, 56, 1.24,292, 8.9
2026-05-24 23:18:26,-102.1797,31.9295, 482.9, 6111,-14.7,-23.1,-20.8, 49, 56, 1.23,292, 8.9
2026-05-24 23:18:27,-102.1796,31.9294, 482.5, 6116,-14.7,-23.2,-20.9, 48, 56, 1.22,293, 8.9
2026-05-24 23:18:28,-102.1796,31.9294, 482.1, 6122,-14.7,-23.3,-21.0, 48, 55, 1.21,293, 8.9
2026-05-24 23:18:29,-102.1795,31.9294, 481.8, 6128,-14.8,-23.5,-21.1, 48, 55, 1.20,293, 8.8
2026-05-24 23:18:30,-102.1794,31.9293, 481.4, 6134,-14.8,-23.6,-21.2, 47, 54, 1.19,293, 8.8
2026-05-24 23:18:31,-102.1793,31.9293, 481.1, 6140,-14.8,-23.7,-21.3, 47, 54, 1.17,293, 8.8
2026-05-24 23:18:32,-102.1792,31.9293, 480.7, 6146,-14.8,-23.8,-21.5, 46, 53, 1.16,294, 8.8
2026-05-24 23:18:33,-102.1791,31.9292, 480.4, 6152,-14.8,-23.9,-21.6, 46, 53, 1.15,294, 8.7
2026-05-24 23:18:34,-102.1791,31.9292, 480.1, 6157,-14.8,-24.1,-21.7, 45, 52, 1.14,294, 8.7
2026-05-24 23:18:35,-102.1790,31.9292, 479.7, 6162,-14.9,-24.2,-21.8, 45, 52, 1.13,294, 8.7
2026-05-24 23:18:36,-102.1789,31.9291, 479.4, 6167,-14.9,-24.3,-21.9, 44, 51, 1.12,294, 8.6
2026-05-24 23:18:37,-102.1788,31.9291, 479.0, 6172,-14.9,-24.5,-22.0, 44, 51, 1.10,295, 8.6
2026-05-24 23:18:38,-102.1788,31.9290, 478.7, 6177,-14.9,-24.6,-22.2, 44, 50, 1.09,295, 8.6
2026-05-24 23:18:39,-102.1787,31.9290, 478.4, 6182,-14.9,-24.7,-22.3, 43, 50, 1.08,295, 8.6
2026-05-24 23:18:40,-102.1786,31.9290, 478.0, 6188,-15.0,-24.8,-22.4, 43, 49, 1.07,295, 8.5
2026-05-24 23:18:41,-102.1785,31.9289, 477.7, 6193,-15.0,-25.0,-22.5, 42, 49, 1.06,295, 8.5
2026-05-24 23:18:42,-102.1785,31.9289, 477.4, 6199,-15.0,-25.1,-22.7, 42, 48, 1.04,295, 8.5
2026-05-24 23:18:43,-102.1784,31.9289, 477.0, 6204,-15.0,-25.3,-22.8, 41, 48, 1.03,296, 8.5
2026-05-24 23:18:44,-102.1783,31.9288, 476.7, 6209,-15.0,-25.5,-23.0, 41, 47, 1.01,296, 8.5
2026-05-24 23:18:45,-102.1782,31.9288, 476.4, 6214,-15.0,-25.6,-23.1, 40, 46, 1.00,296, 8.5
2026-05-24 23:18:46,-102.1782,31.9287, 476.1, 6219,-15.0,-25.8,-23.3, 39, 46, 0.98,296, 8.5
2026-05-24 23:18:47,-102.1781,31.9287, 475.8, 6224,-15.0,-25.9,-23.4, 39, 45, 0.97,297, 8.5
2026-05-24 23:18:48,-102.1780,31.9287, 475.5, 6229,-15.0,-26.1,-23.6, 38, 44, 0.96,297, 8.5
2026-05-24 23:18:49,-102.1779,31.9286, 475.1, 6234,-15.0,-26.3,-23.7, 38, 44, 0.94,297, 8.5
2026-05-24 23:18:50,-102.1778,31.9286, 474.8, 6239,-15.0,-26.5,-23.9, 37, 43, 0.93,297, 8.6
2026-05-24 23:18:51,-102.1778,31.9286, 474.4, 6245,-15.0,-26.6,-24.0, 36, 42, 0.91,297, 8.6
2026-05-24 23:18:52,-102.1777,31.9285, 474.0, 6251,-15.0,-26.8,-24.2, 36, 42, 0.90,298, 8.6
2026-05-24 23:18:53,-102.1776,31.9285, 473.7, 6257,-15.0,-27.0,-24.4, 35, 41, 0.88,298, 8.6
2026-05-24 23:18:54,-102.1775,31.9284, 473.3, 6263,-15.0,-27.2,-24.6, 35, 40, 0.87,298, 8.6
2026-05-24 23:18:55,-102.1775,31.9284, 472.9, 6269,-15.0,-27.3,-24.7, 34, 40, 0.86,298, 8.6
2026-05-24 23:18:56,-102.1774,31.9284, 472.5, 6275,-15.0,-27.5,-24.8, 34, 39, 0.85,299, 8.6
2026-05-24 23:18:57,-102.1773,31.9283, 472.2, 6281,-15.1,-27.6,-24.9, 34, 39, 0.84,299, 8.6
2026-05-24 23:18:58,-102.1772,31.9283, 471.8, 6287,-15.1,-27.7,-25.0, 33, 38, 0.83,299, 8.6
2026-05-24 23:18:59,-102.1772,31.9283, 471.4, 6293,-15.1,-27.8,-25.2, 33, 38, 0.82,299, 8.6
2026-05-24 23:19:00,-102.1771,31.9282, 471.0, 6299,-15.1,-28.0,-25.3, 32, 38, 0.81,299, 8.6
2026-05-24 23:19:01,-102.1770,31.9282, 470.7, 6305,-15.1,-28.1,-25.4, 32, 37, 0.81,300, 8.7
2026-05-24 23:19:02,-102.1769,31.9281, 470.3, 6312,-15.1,-28.2,-25.5, 32, 37, 0.80,300, 8.7
2026-05-24 23:19:03,-102.1769,31.9281, 469.9, 6318,-15.1,-28.4,-25.6, 31, 36, 0.79,300, 8.6
2026-05-24 23:19:04,-102.1768,31.9280, 469.5, 6325,-15.1,-28.5,-25.8, 31, 36, 0.78,301, 8.5
2026-05-24 23:19:05,-102.1767,31.9280, 469.1, 6331,-15.1,-28.6,-25.9, 31, 35, 0.77,302, 8.4
2026-05-24 23:19:06,-102.1767,31.9280, 468.7, 6338,-15.1,-28.8,-26.0, 30, 35, 0.76,302, 8.3
2026-05-24 23:19:07,-102.1766,31.9279, 468.3, 6344,-15.1,-28.9,-26.1, 30, 35, 0.75,303, 8.2
2026-05-24 23:19:08,-102.1765,31.9279, 468.0, 6349,-15.2,-29.0,-26.3, 30, 34, 0.74,304, 8.2
2026-05-24 23:19:09,-102.1765,31.9278, 467.6, 6354,-15.2,-29.1,-26.3, 30, 34, 0.74,304, 8.1
2026-05-24 23:19:10,-102.1764,31.9278, 467.3, 6360,-15.2,-29.1,-26.3, 30, 34, 0.74,305, 8.0
2026-05-24 23:19:11,-102.1763,31.9277, 467.0, 6365,-15.2,-29.1,-26.3, 30, 34, 0.74,306, 7.9
2026-05-24 23:19:12,-102.1763,31.9277, 466.6, 6370,-15.3,-29.1,-26.4, 30, 34, 0.74,306, 7.8
2026-05-24 23:19:13,-102.1762,31.9276, 466.3, 6375,-15.3,-29.2,-26.4, 30, 34, 0.74,307, 7.7
2026-05-24 23:19:14,-102.1762,31.9276, 466.0, 6380,-15.3,-29.2,-26.4, 30, 34, 0.73,308, 7.7
2026-05-24 23:19:15,-102.1761,31.9275, 465.7, 6385,-15.4,-29.2,-26.4, 30, 34, 0.73,308, 7.6
2026-05-24 23:19:16,-102.1760,31.9275, 465.4, 6390,-15.4,-29.3,-26.5, 30, 34, 0.73,309, 7.5
2026-05-24 23:19:17,-102.1760,31.9275, 465.1, 6396,-15.4,-29.3,-26.5, 30, 34, 0.73,310, 7.4
2026-05-24 23:19:18,-102.1759,31.9274, 464.8, 6400,-15.5,-29.3,-26.5, 30, 34, 0.73,311, 7.4
2026-05-24 23:19:19,-102.1758,31.9274, 464.5, 6405,-15.5,-29.3,-26.5, 30, 34, 0.73,312, 7.3
2026-05-24 23:19:20,-102.1758,31.9273, 464.2, 6409,-15.5,-29.4,-26.6, 30, 34, 0.73,312, 7.2
2026-05-24 23:19:21,-102.1757,31.9273, 463.9, 6414,-15.6,-29.4,-26.6, 30, 34, 0.72,313, 7.2
2026-05-24 23:19:22,-102.1756,31.9272, 463.6, 6418,-15.6,-29.5,-26.7, 29, 34, 0.71,314, 7.1
2026-05-24 23:19:23,-102.1756,31.9272, 463.3, 6423,-15.7,-29.7,-26.9, 29, 34, 0.70,314, 7.2
2026-05-24 23:19:24,-102.1755,31.9271, 463.0, 6429,-15.7,-29.9,-27.1, 28, 33, 0.69,314, 7.3
2026-05-24 23:19:25,-102.1754,31.9271, 462.7, 6434,-15.7,-30.2,-27.3, 28, 32, 0.68,313, 7.4
2026-05-24 23:19:26,-102.1754,31.9270, 462.3, 6440,-15.8,-30.4,-27.5, 27, 32, 0.66,313, 7.5
2026-05-24 23:19:27,-102.1753,31.9270, 462.0, 6446,-15.8,-30.6,-27.7, 27, 31, 0.65,313, 7.6
2026-05-24 23:19:28,-102.1753,31.9270, 461.6, 6451,-15.8,-30.8,-27.9, 26, 31, 0.64,312, 7.6
2026-05-24 23:19:29,-102.1752,31.9269, 461.3, 6457,-15.9,-31.0,-28.1, 26, 30, 0.62,312, 7.7
2026-05-24 23:19:30,-102.1751,31.9269, 460.9, 6463,-15.9,-31.3,-28.3, 25, 30, 0.61,312, 7.8
2026-05-24 23:19:31,-102.1751,31.9268, 460.6, 6469,-15.9,-31.5,-28.5, 25, 29, 0.60,312, 7.9
2026-05-24 23:19:32,-102.1750,31.9268, 460.2, 6475,-16.0,-31.7,-28.8, 24, 29, 0.58,311, 8.0
2026-05-24 23:19:33,-102.1749,31.9267, 459.9, 6481,-16.0,-32.0,-29.0, 24, 28, 0.57,311, 8.1
2026-05-24 23:19:34,-102.1749,31.9267, 459.5, 6487,-16.0,-32.2,-29.2, 23, 27, 0.56,311, 8.2
2026-05-24 23:19:35,-102.1748,31.9266, 459.2, 6493,-16.1,-32.5,-29.4, 23, 27, 0.55,311, 8.3
2026-05-24 23:19:36,-102.1748,31.9265, 458.8, 6498,-16.1,-32.8,-29.7, 22, 26, 0.53,310, 8.4
2026-05-24 23:19:37,-102.1747,31.9265, 458.5, 6504,-16.1,-33.0,-30.0, 22, 26, 0.52,310, 8.5
2026-05-24 23:19:38,-102.1746,31.9264, 458.1, 6509,-16.1,-33.3,-30.3, 21, 25, 0.50,310, 8.6
2026-05-24 23:19:39,-102.1746,31.9263, 457.8, 6514,-16.1,-33.6,-30.5, 21, 24, 0.49,310, 8.7
2026-05-24 23:19:40,-102.1745,31.9263, 457.5, 6520,-16.2,-34.0,-30.8, 20, 23, 0.47,310, 8.8
2026-05-24 23:19:41,-102.1745,31.9262, 457.2, 6525,-16.2,-34.3,-31.1, 19, 23, 0.46,309, 8.9
2026-05-24 23:19:42,-102.1744,31.9261, 456.9, 6530,-16.2,-34.6,-31.5, 19, 22, 0.44,309, 9.0
2026-05-24 23:19:43,-102.1743,31.9261, 456.6, 6535,-16.2,-35.0,-31.8, 18, 21, 0.43,310, 9.0
2026-05-24 23:19:44,-102.1743,31.9260, 456.2, 6540,-16.2,-35.3,-32.1, 18, 21, 0.42,311, 9.0
2026-05-24 23:19:45,-102.1742,31.9259, 455.9, 6544,-16.3,-35.7,-32.4, 17, 20, 0.40,312, 9.0
2026-05-24 23:19:46,-102.1742,31.9259, 455.6, 6550,-16.3,-36.0,-32.8, 16, 19, 0.39,312, 9.0
2026-05-24 23:19:47,-102.1741,31.9258, 455.3, 6556,-16.3,-36.4,-33.2, 16, 19, 0.37,313, 9.0
2026-05-24 23:19:48,-102.1740,31.9258, 454.8, 6563,-16.3,-37.0,-33.6, 15, 18, 0.35,314, 9.0
2026-05-24 23:19:49,-102.1740,31.9257, 454.6, 6567,-16.3,-37.0,-33.6, 15, 18, 0.35,315, 9.0
2026-05-24 23:19:50,-102.1739,31.9256, 454.3, 6573,-16.4,-37.0,-33.6, 15, 18, 0.35,316, 9.0
2026-05-24 23:19:51,-102.1739,31.9256, 453.9, 6579,-16.4,-37.0,-33.6, 15, 18, 0.35,316, 9.0
2026-05-24 23:19:52,-102.1738,31.9255, 453.6, 6584,-16.4,-37.0,-33.7, 15, 18, 0.35,317, 9.0
2026-05-24 23:19:53,-102.1737,31.9254, 453.3, 6589,-16.4,-37.0,-33.7, 15, 18, 0.35,318, 9.0
2026-05-24 23:19:54,-102.1737,31.9254, 453.0, 6595,-16.5,-37.0,-33.7, 15, 18, 0.35,319, 9.1
2026-05-24 23:19:55,-102.1736,31.9253, 452.6, 6600,-16.5,-37.0,-33.7, 15, 18, 0.36,319, 9.1
2026-05-24 23:19:56,-102.1736,31.9252, 452.3, 6605,-16.5,-37.0,-33.7, 15, 18, 0.36,320, 9.1
2026-05-24 23:19:57,-102.1735,31.9252, 452.0, 6610,-16.5,-37.0,-33.7, 15, 18, 0.36,321, 9.1
2026-05-24 23:19:58,-102.1734,31.9251, 451.7, 6615,-16.6,-37.0,-33.7, 15, 18, 0.36,322, 9.1
2026-05-24 23:19:59,-102.1734,31.9250, 451.4, 6620,-16.6,-37.0,-33.7, 15, 18, 0.36,322, 9.2
2026-05-24 23:20:00,-102.1733,31.9250, 451.1, 6626,-16.6,-37.0,-33.7, 15, 18, 0.36,323, 9.2
2026-05-24 23:20:01,-102.1733,31.9249, 450.8, 6631,-16.6,-37.0,-33.7, 15, 18, 0.36,324, 9.2
2026-05-24 23:20:02,-102.1732,31.9249, 450.5, 6636,-16.7,-36.9,-33.6, 16, 18, 0.36,325, 9.3
2026-05-24 23:20:03,-102.1731,31.9248, 450.1, 6641,-16.7,-36.7,-33.4, 16, 19, 0.37,325, 9.2
2026-05-24 23:20:04,-102.1731,31.9247, 449.8, 6646,-16.7,-36.6,-33.3, 16, 19, 0.37,326, 9.2
2026-05-24 23:20:05,-102.1731,31.9247, 449.5, 6652,-16.8,-36.4,-33.1, 17, 20, 0.38,326, 9.1
2026-05-24 23:20:06,-102.1730,31.9246, 449.2, 6657,-16.8,-36.2,-32.9, 17, 20, 0.39,327, 9.1
2026-05-24 23:20:07,-102.1730,31.9245, 448.8, 6663,-16.8,-36.0,-32.8, 17, 20, 0.39,328, 9.0
2026-05-24 23:20:08,-102.1730,31.9244, 448.5, 6668,-16.8,-35.8,-32.6, 18, 21, 0.40,328, 9.0
2026-05-24 23:20:09,-102.1730,31.9244, 448.1, 6674,-16.9,-35.7,-32.4, 18, 21, 0.41,329, 8.9
2026-05-24 23:20:10,-102.1729,31.9243, 447.8, 6680,-16.9,-35.5,-32.3, 18, 22, 0.42,329, 8.9
2026-05-24 23:20:11,-102.1729,31.9242, 447.5, 6686,-16.9,-35.3,-32.1, 19, 22, 0.42,330, 8.8
2026-05-24 23:20:12,-102.1729,31.9241, 447.1, 6692,-16.9,-35.2,-32.0, 19, 22, 0.43,331, 8.8
2026-05-24 23:20:13,-102.1728,31.9241, 446.8, 6698,-17.0,-35.0,-31.8, 19, 23, 0.44,331, 8.7
2026-05-24 23:20:14,-102.1728,31.9240, 446.4, 6703,-17.0,-34.9,-31.7, 20, 23, 0.44,332, 8.7
2026-05-24 23:20:15,-102.1728,31.9239, 446.0, 6710,-17.0,-34.7,-31.5, 20, 24, 0.45,333, 8.6
2026-05-24 23:20:16,-102.1728,31.9238, 445.7, 6715,-17.1,-34.7,-31.5, 20, 24, 0.45,333, 8.6
2026-05-24 23:20:17,-102.1727,31.9238, 445.4, 6721,-17.1,-34.7,-31.6, 20, 24, 0.45,334, 8.6
2026-05-24 23:20:18,-102.1727,31.9237, 445.0, 6727,-17.1,-34.8,-31.6, 20, 24, 0.45,335, 8.5
2026-05-24 23:20:19,-102.1727,31.9236, 444.7, 6732,-17.1,-34.8,-31.6, 20, 24, 0.45,335, 8.5
2026-05-24 23:20:20,-102.1727,31.9236, 444.4, 6738,-17.1,-34.8,-31.7, 20, 24, 0.45,336, 8.4
2026-05-24 23:20:21,-102.1726,31.9235, 444.0, 6744,-17.2,-34.9,-31.7, 20, 24, 0.45,337, 8.4
2026-05-24 23:20:22,-102.1726,31.9234, 443.7, 6750,-17.2,-34.9,-31.7, 20, 24, 0.44,337, 8.4
2026-05-24 23:20:23,-102.1726,31.9233, 443.3, 6756,-17.2,-34.9,-31.8, 20, 23, 0.44,338, 8.4
2026-05-24 23:20:24,-102.1726,31.9233, 443.0, 6762,-17.2,-35.0,-31.8, 20, 23, 0.44,338, 8.4
2026-05-24 23:20:25,-102.1725,31.9232, 442.6, 6767,-17.2,-35.0,-31.8, 20, 23, 0.44,339, 8.4
2026-05-24 23:20:26,-102.1725,31.9231, 442.3, 6772,-17.3,-35.0,-31.9, 20, 23, 0.44,339, 8.4
2026-05-24 23:20:27,-102.1725,31.9230, 442.0, 6777,-17.3,-35.1,-31.9, 20, 23, 0.44,340, 8.5
2026-05-24 23:20:28,-102.1724,31.9230, 441.8, 6782,-17.3,-35.1,-31.9, 20, 23, 0.44,340, 8.5
2026-05-24 23:20:29,-102.1724,31.9229, 441.5, 6787,-17.3,-35.2,-32.0, 20, 23, 0.44,340, 8.5
2026-05-24 23:20:30,-102.1724,31.9228, 441.2, 6792,-17.4,-35.3,-32.1, 19, 23, 0.43,341, 8.5
2026-05-24 23:20:31,-102.1724,31.9228, 440.9, 6797,-17.4,-35.4,-32.2, 19, 23, 0.42,341, 8.6
2026-05-24 23:20:32,-102.1723,31.9227, 440.6, 6802,-17.4,-35.6,-32.4, 19, 23, 0.42,342, 8.6
2026-05-24 23:20:33,-102.1723,31.9226, 440.3, 6806,-17.5,-35.7,-32.5, 19, 22, 0.41,342, 8.6
2026-05-24 23:20:34,-102.1723,31.9225, 440.0, 6811,-17.5,-35.9,-32.6, 19, 22, 0.41,343, 8.6
2026-05-24 23:20:35,-102.1723,31.9225, 439.8, 6816,-17.6,-36.0,-32.8, 18, 22, 0.40,343, 8.7
2026-05-24 23:20:36,-102.1722,31.9224, 439.5, 6820,-17.6,-36.2,-32.9, 18, 22, 0.40,344, 8.7
2026-05-24 23:20:37,-102.1722,31.9223, 439.2, 6826,-17.6,-36.3,-33.0, 18, 21, 0.39,344, 8.7
2026-05-24 23:20:38,-102.1721,31.9222, 438.9, 6831,-17.7,-36.4,-33.2, 18, 21, 0.39,344, 8.7
2026-05-24 23:20:39,-102.1721,31.9221, 438.6, 6836,-17.7,-36.6,-33.3, 18, 21, 0.38,345, 8.8
2026-05-24 23:20:40,-102.1721,31.9220, 438.3, 6841,-17.7,-36.7,-33.4, 17, 21, 0.38,345, 8.8
2026-05-24 23:20:41,-102.1720,31.9219, 438.0, 6846,-17.8,-36.9,-33.6, 17, 20, 0.37,346, 8.8
2026-05-24 23:20:42,-102.1720,31.9218, 437.7, 6851,-17.8,-37.0,-33.7, 17, 20, 0.37,346, 8.8
2026-05-24 23:20:43,-102.1719,31.9218, 437.4, 6856,-17.9,-37.2,-33.9, 17, 20, 0.36,346, 8.9
2026-05-24 23:20:44,-102.1719,31.9217, 437.1, 6862,-17.9,-37.3,-34.0, 17, 20, 0.35,345, 9.0
2026-05-24 23:20:45,-102.1719,31.9216, 436.7, 6867,-18.0,-37.5,-34.1, 16, 20, 0.35,345, 9.1
2026-05-24 23:20:46,-102.1718,31.9215, 436.4, 6873,-18.0,-37.6,-34.3, 16, 19, 0.34,344, 9.2
2026-05-24 23:20:47,-102.1718,31.9214, 436.1, 6878,-18.0,-37.8,-34.4, 16, 19, 0.34,344, 9.3
2026-05-24 23:20:48,-102.1718,31.9213, 435.7, 6884,-18.1,-38.0,-34.6, 16, 19, 0.33,344, 9.4
2026-05-24 23:20:49,-102.1717,31.9212, 435.4, 6890,-18.1,-38.1,-34.7, 16, 19, 0.33,343, 9.5
2026-05-24 23:20:50,-102.1717,31.9211, 435.1, 6896,-18.2,-38.3,-34.9, 15, 18, 0.32,343, 9.6
2026-05-24 23:20:51,-102.1716,31.9210, 434.8, 6902,-18.2,-38.4,-35.0, 15, 18, 0.32,342, 9.7
2026-05-24 23:20:52,-102.1716,31.9210, 434.5, 6909,-18.3,-38.6,-35.2, 15, 18, 0.31,342, 9.9
2026-05-24 23:20:53,-102.1716,31.9209, 434.1, 6913,-18.3,-38.8,-35.3, 15, 18, 0.31,342,10.0
2026-05-24 23:20:54,-102.1715,31.9207, 433.8, 6918,-18.4,-38.9,-35.5, 15, 18, 0.30,341,10.1
2026-05-24 23:20:55,-102.1715,31.9207, 433.4, 6925,-18.4,-39.2,-35.7, 14, 17, 0.30,341,10.2
2026-05-24 23:20:56,-102.1714,31.9206, 433.2, 6928,-18.5,-39.2,-35.7, 14, 17, 0.30,340,10.3
2026-05-24 23:20:57,-102.1714,31.9205, 432.9, 6933,-18.5,-39.2,-35.7, 14, 17, 0.30,340,10.4
2026-05-24 23:20:58,-102.1714,31.9204, 432.6, 6938,-18.5,-39.2,-35.8, 14, 17, 0.30,340,10.5
2026-05-24 23:20:59,-102.1713,31.9203, 432.2, 6944,-18.6,-39.2,-35.8, 15, 17, 0.30,339,10.6
2026-05-24 23:21:00,-102.1713,31.9202, 431.9, 6950,-18.6,-39.2,-35.8, 15, 17, 0.30,339,10.7
2026-05-24 23:21:01,-102.1712,31.9202, 431.6, 6956,-18.7,-39.2,-35.8, 15, 17, 0.30,339,10.8
2026-05-24 23:21:02,-102.1712,31.9201, 431.3, 6962,-18.7,-39.3,-35.8, 15, 18, 0.30,338,10.9
2026-05-24 23:21:03,-102.1712,31.9200, 431.0, 6968,-18.7,-39.3,-35.8, 15, 18, 0.30,338,10.9
2026-05-24 23:21:04,-102.1711,31.9199, 430.7, 6973,-18.8,-39.3,-35.8, 15, 18, 0.30,338,10.9
2026-05-24 23:21:05,-102.1711,31.9198, 430.3, 6978,-18.8,-39.3,-35.8, 15, 18, 0.30,338,10.9
2026-05-24 23:21:06,-102.1710,31.9197, 430.0, 6983,-18.9,-39.3,-35.8, 15, 18, 0.29,338,10.9
2026-05-24 23:21:07,-102.1710,31.9196, 429.7, 6988,-18.9,-39.3,-35.9, 15, 18, 0.29,338,10.9
2026-05-24 23:21:08,-102.1710,31.9195, 429.5, 6994,-18.9,-39.3,-35.9, 15, 18, 0.29,338,10.9
2026-05-24 23:21:09,-102.1709,31.9194, 429.2, 6999,-19.0,-39.4,-35.9, 15, 18, 0.29,338,10.9
2026-05-24 23:21:10,-102.1709,31.9193, 428.9, 7003,-19.0,-39.4,-35.9, 15, 18, 0.29,338,10.9
2026-05-24 23:21:11,-102.1708,31.9192, 428.7, 7007,-19.1,-39.4,-35.9, 15, 18, 0.29,338,10.9
2026-05-24 23:21:12,-102.1708,31.9191, 428.4, 7011,-19.1,-39.4,-36.0, 15, 18, 0.29,338,10.9
2026-05-24 23:21:13,-102.1707,31.9190, 428.2, 7015,-19.1,-39.4,-36.0, 15, 18, 0.29,338,10.9
2026-05-24 23:21:14,-102.1707,31.9189, 427.9, 7019,-19.1,-39.5,-36.0, 15, 18, 0.29,338,10.9
2026-05-24 23:21:15,-102.1706,31.9188, 427.6, 7023,-19.2,-39.5,-36.0, 15, 18, 0.29,338,10.9
2026-05-24 23:21:16,-102.1706,31.9187, 427.3, 7028,-19.2,-39.5,-36.0, 15, 18, 0.29,338,10.9
2026-05-24 23:21:17,-102.1705,31.9186, 427.1, 7034,-19.2,-39.5,-36.1, 15, 18, 0.29,338,10.9
2026-05-24 23:21:18,-102.1705,31.9185, 426.8, 7039,-19.3,-39.6,-36.1, 15, 18, 0.29,338,10.9
2026-05-24 23:21:19,-102.1704,31.9184, 426.5, 7044,-19.3,-39.6,-36.1, 15, 18, 0.29,338,10.9
2026-05-24 23:21:20,-102.1704,31.9184, 426.2, 7050,-19.3,-39.6,-36.1, 15, 18, 0.29,338,10.9
2026-05-24 23:21:21,-102.1703,31.9183, 425.9, 7055,-19.4,-39.6,-36.2, 15, 18, 0.29,338,10.9
2026-05-24 23:21:22,-102.1703,31.9182, 425.6, 7061,-19.4,-39.6,-36.2, 15, 18, 0.29,338,10.9
2026-05-24 23:21:23,-102.1702,31.9181, 425.3, 7066,-19.4,-39.4,-35.9, 15, 19, 0.30,338,11.0
2026-05-24 23:21:24,-102.1702,31.9180, 424.9, 7071,-19.5,-39.0,-35.5, 16, 19, 0.31,338,11.1
2026-05-24 23:21:25,-102.1702,31.9179, 424.6, 7077,-19.5,-38.6,-35.2, 17, 20, 0.32,338,11.1
2026-05-24 23:21:26,-102.1701,31.9178, 424.3, 7082,-19.5,-38.2,-34.8, 17, 21, 0.33,338,11.2
2026-05-24 23:21:27,-102.1701,31.9177, 424.0, 7088,-19.5,-37.8,-34.5, 18, 22, 0.35,338,11.3
2026-05-24 23:21:28,-102.1700,31.9176, 423.7, 7093,-19.6,-37.5,-34.2, 19, 23, 0.36,338,11.3
2026-05-24 23:21:29,-102.1700,31.9175, 423.4, 7098,-19.6,-37.2,-33.8, 20, 24, 0.37,338,11.4
2026-05-24 23:21:30,-102.1699,31.9174, 423.1, 7104,-19.6,-36.9,-33.5, 20, 24, 0.38,338,11.5
2026-05-24 23:21:31,-102.1699,31.9173, 422.8, 7109,-19.7,-36.6,-33.3, 21, 25, 0.40,338,11.5
2026-05-24 23:21:32,-102.1698,31.9172, 422.5, 7114,-19.7,-36.3,-33.0, 22, 26, 0.41,337,11.6
2026-05-24 23:21:33,-102.1698,31.9171, 422.2, 7119,-19.7,-36.0,-32.7, 22, 27, 0.42,337,11.7
2026-05-24 23:21:34,-102.1697,31.9170, 421.9, 7125,-19.8,-35.7,-32.5, 23, 28, 0.43,337,11.7
2026-05-24 23:21:35,-102.1697,31.9169, 421.6, 7130,-19.8,-35.4,-32.2, 24, 29, 0.44,337,11.8
2026-05-24 23:21:36,-102.1696,31.9168, 421.4, 7135,-19.8,-35.2,-32.0, 24, 29, 0.46,337,11.8
2026-05-24 23:21:37,-102.1696,31.9167, 421.1, 7140,-19.8,-34.8,-31.6, 25, 31, 0.47,337,11.9
2026-05-24 23:21:38,-102.1695,31.9166, 420.8, 7144,-19.9,-34.4,-31.3, 26, 32, 0.49,337,12.0
2026-05-24 23:21:39,-102.1695,31.9165, 420.5, 7149,-19.9,-34.1,-30.9, 27, 33, 0.51,337,12.0
2026-05-24 23:21:40,-102.1694,31.9164, 420.3, 7153,-19.9,-33.7,-30.6, 28, 34, 0.53,337,12.1
2026-05-24 23:21:41,-102.1694,31.9163, 420.0, 7158,-20.0,-33.4,-30.3, 29, 35, 0.54,337,12.2
2026-05-24 23:21:42,-102.1694,31.9162, 419.8, 7162,-20.0,-33.1,-30.0, 30, 37, 0.56,336,12.2
2026-05-24 23:21:43,-102.1693,31.9161, 419.5, 7167,-20.0,-32.8,-29.8, 31, 38, 0.58,337,12.2
2026-05-24 23:21:44,-102.1693,31.9160, 419.2, 7172,-20.0,-32.5,-29.5, 32, 39, 0.60,337,12.2
2026-05-24 23:21:45,-102.1692,31.9159, 418.9, 7178,-20.1,-32.2,-29.2, 33, 40, 0.61,337,12.1
2026-05-24 23:21:46,-102.1692,31.9158, 418.6, 7184,-20.1,-31.9,-29.0, 34, 41, 0.63,337,12.1
2026-05-24 23:21:47,-102.1691,31.9157, 418.3, 7189,-20.1,-31.7,-28.7, 35, 43, 0.65,337,12.0
2026-05-24 23:21:48,-102.1691,31.9156, 417.9, 7195,-20.1,-31.4,-28.5, 36, 44, 0.66,337,12.0
2026-05-24 23:21:49,-102.1690,31.9156, 417.6, 7200,-20.2,-31.2,-28.2, 37, 45, 0.68,337,12.0
2026-05-24 23:21:50,-102.1690,31.9155, 417.4, 7205,-20.2,-31.0,-28.1, 38, 46, 0.69,337,11.9
2026-05-24 23:21:51,-102.1689,31.9154, 417.1, 7210,-20.2,-31.0,-28.0, 38, 46, 0.69,337,11.9
2026-05-24 23:21:52,-102.1689,31.9153, 416.8, 7215,-20.3,-30.9,-28.0, 38, 46, 0.70,337,11.8
2026-05-24 23:21:53,-102.1688,31.9152, 416.5, 7220,-20.3,-30.9,-28.0, 38, 47, 0.70,337,11.8
2026-05-24 23:21:54,-102.1688,31.9151, 416.2, 7225,-20.3,-30.9,-28.0, 38, 47, 0.70,337,11.8
2026-05-24 23:21:55,-102.1688,31.9150, 415.9, 7230,-20.4,-30.9,-28.0, 39, 47, 0.70,337,11.7
2026-05-24 23:21:56,-102.1687,31.9149, 415.6, 7236,-20.4,-30.9,-27.9, 39, 47, 0.70,337,11.7
2026-05-24 23:21:57,-102.1687,31.9148, 415.3, 7242,-20.4,-30.8,-27.9, 39, 48, 0.71,337,11.7
2026-05-24 23:21:58,-102.1686,31.9147, 415.0, 7247,-20.5,-30.8,-27.9, 39, 48, 0.71,337,11.6
2026-05-24 23:21:59,-102.1686,31.9146, 414.6, 7253,-20.5,-30.8,-27.9, 39, 48, 0.71,337,11.6
2026-05-24 23:22:00,-102.1685,31.9145, 414.3, 7259,-20.5,-30.8,-27.9, 39, 48, 0.71,337,11.5
2026-05-24 23:22:01,-102.1685,31.9144, 414.0, 7265,-20.5,-30.8,-27.9, 40, 48, 0.71,338,11.5
2026-05-24 23:22:02,-102.1684,31.9143, 413.7, 7270,-20.6,-30.7,-27.8, 40, 49, 0.71,338,11.5
2026-05-24 23:22:03,-102.1684,31.9142, 413.4, 7275,-20.6,-30.7,-27.8, 40, 49, 0.72,338,11.4
2026-05-24 23:22:04,-102.1683,31.9141, 413.2, 7280,-20.6,-30.7,-27.8, 40, 49, 0.72,338,11.4
2026-05-24 23:22:05,-102.1683,31.9140, 412.9, 7285,-20.7,-30.8,-27.9, 40, 49, 0.72,338,11.3
2026-05-24 23:22:06,-102.1682,31.9139, 412.6, 7289,-20.7,-30.8,-27.9, 40, 49, 0.71,338,11.3
2026-05-24 23:22:07,-102.1682,31.9138, 412.4, 7294,-20.8,-30.8,-27.9, 40, 49, 0.71,339,11.3
2026-05-24 23:22:08,-102.1682,31.9137, 412.1, 7298,-20.8,-30.8,-27.9, 40, 49, 0.71,339,11.2
2026-05-24 23:22:09,-102.1681,31.9137, 411.9, 7302,-20.8,-30.9,-27.9, 40, 49, 0.71,339,11.2
2026-05-24 23:22:10,-102.1681,31.9136, 411.7, 7307,-20.9,-30.9,-28.0, 40, 49, 0.71,339,11.1
2026-05-24 23:22:11,-102.1681,31.9135, 411.4, 7311,-20.9,-30.9,-28.0, 40, 49, 0.71,340,11.1
2026-05-24 23:22:12,-102.1681,31.9134, 411.2, 7315,-20.9,-30.9,-28.0, 40, 49, 0.71,340,11.0
2026-05-24 23:22:13,-102.1680,31.9133, 411.0, 7319,-21.0,-31.0,-28.1, 40, 50, 0.70,340,11.0
2026-05-24 23:22:14,-102.1680,31.9133, 410.7, 7323,-21.0,-31.0,-28.1, 40, 50, 0.70,340,11.0
2026-05-24 23:22:15,-102.1680,31.9132, 410.5, 7328,-21.1,-31.0,-28.1, 40, 50, 0.70,341,10.9
2026-05-24 23:22:16,-102.1679,31.9131, 410.2, 7332,-21.1,-31.0,-28.1, 40, 50, 0.70,341,10.9
2026-05-24 23:22:17,-102.1679,31.9130, 410.0, 7336,-21.1,-31.1,-28.2, 40, 50, 0.70,341,10.8
2026-05-24 23:22:18,-102.1679,31.9129, 409.7, 7341,-21.2,-31.1,-28.2, 40, 50, 0.69,341,10.8
2026-05-24 23:22:19,-102.1678,31.9128, 409.5, 7346,-21.2,-31.2,-28.3, 40, 49, 0.69,342,10.8
2026-05-24 23:22:20,-102.1678,31.9128, 409.2, 7351,-21.2,-31.3,-28.3, 40, 49, 0.69,342,10.7
2026-05-24 23:22:21,-102.1678,31.9127, 408.9, 7357,-21.3,-31.3,-28.4, 40, 49, 0.68,342,10.7
2026-05-24 23:22:22,-102.1677,31.9126, 408.5, 7363,-21.3,-31.4,-28.5, 40, 49, 0.68,342,10.6
2026-05-24 23:22:23,-102.1677,31.9125, 408.2, 7369,-21.3,-31.5,-28.5, 40, 49, 0.67,342,10.5
2026-05-24 23:22:24,-102.1677,31.9124, 407.9, 7375,-21.3,-31.5,-28.6, 39, 49, 0.67,342,10.4
2026-05-24 23:22:25,-102.1677,31.9124, 407.6, 7380,-21.4,-31.6,-28.7, 39, 48, 0.67,342,10.3
2026-05-24 23:22:26,-102.1676,31.9123, 407.3, 7385,-21.4,-31.7,-28.7, 39, 48, 0.66,342,10.2
2026-05-24 23:22:27,-102.1676,31.9122, 407.0, 7391,-21.4,-31.8,-28.8, 39, 48, 0.66,342,10.1
2026-05-24 23:22:28,-102.1676,31.9121, 406.7, 7396,-21.5,-31.8,-28.9, 39, 48, 0.66,342,10.0
2026-05-24 23:22:29,-102.1675,31.9120, 406.4, 7401,-21.5,-31.9,-28.9, 39, 48, 0.65,342, 9.8
2026-05-24 23:22:30,-102.1675,31.9120, 406.1, 7407,-21.5,-32.0,-29.0, 38, 47, 0.65,342, 9.7
2026-05-24 23:22:31,-102.1675,31.9119, 405.8, 7413,-21.6,-32.1,-29.1, 38, 47, 0.64,342, 9.6
2026-05-24 23:22:32,-102.1674,31.9118, 405.5, 7418,-21.6,-32.2,-29.2, 38, 47, 0.63,342, 9.5
2026-05-24 23:22:33,-102.1674,31.9117, 405.2, 7424,-21.6,-32.4,-29.4, 37, 46, 0.62,342, 9.4
2026-05-24 23:22:34,-102.1674,31.9116, 404.8, 7430,-21.6,-32.5,-29.5, 37, 45, 0.62,342, 9.3
2026-05-24 23:22:35,-102.1674,31.9115, 404.5, 7436,-21.6,-32.7,-29.6, 36, 45, 0.61,342, 9.2
2026-05-24 23:22:36,-102.1673,31.9115, 404.2, 7442,-21.7,-32.8,-29.8, 36, 44, 0.60,342, 9.0
2026-05-24 23:22:37,-102.1673,31.9114, 403.9, 7447,-21.7,-33.0,-29.9, 35, 44, 0.59,342, 8.9
2026-05-24 23:22:38,-102.1673,31.9113, 403.6, 7453,-21.7,-33.1,-30.1, 35, 43, 0.58,342, 8.8
2026-05-24 23:22:39,-102.1672,31.9112, 403.3, 7459,-21.7,-33.3,-30.2, 35, 43, 0.57,342, 8.7
2026-05-24 23:22:40,-102.1672,31.9112, 403.0, 7465,-21.8,-33.4,-30.3, 34, 42, 0.57,341, 8.6
2026-05-24 23:22:41,-102.1672,31.9111, 402.7, 7471,-21.8,-33.6,-30.5, 34, 42, 0.56,341, 8.5
2026-05-24 23:22:42,-102.1671,31.9110, 402.4, 7475,-21.8,-33.7,-30.6, 33, 41, 0.55,341, 8.4
2026-05-24 23:22:43,-102.1671,31.9110, 402.1, 7480,-21.8,-33.9,-30.8, 33, 40, 0.54,341, 8.4
2026-05-24 23:22:44,-102.1671,31.9109, 401.9, 7484,-21.8,-34.1,-30.9, 32, 40, 0.53,341, 8.4
2026-05-24 23:22:45,-102.1670,31.9108, 401.6, 7489,-21.9,-34.1,-31.0, 32, 40, 0.53,341, 8.4
2026-05-24 23:22:46,-102.1670,31.9108, 401.3, 7493,-21.9,-34.1,-31.0, 32, 40, 0.53,341, 8.4
2026-05-24 23:22:47,-102.1670,31.9107, 401.1, 7498,-21.9,-34.1,-31.0, 32, 40, 0.53,340, 8.4
2026-05-24 23:22:48,-102.1669,31.9106, 400.8, 7503,-21.9,-34.2,-31.0, 32, 40, 0.53,340, 8.5
2026-05-24 23:22:49,-102.1669,31.9106, 400.6, 7508,-22.0,-34.2,-31.0, 32, 40, 0.53,340, 8.5
2026-05-24 23:22:50,-102.1669,31.9105, 400.3, 7513,-22.0,-34.2,-31.1, 32, 40, 0.53,340, 8.5
2026-05-24 23:22:51,-102.1668,31.9104, 400.0, 7517,-22.0,-34.2,-31.1, 32, 40, 0.53,340, 8.5
2026-05-24 23:22:52,-102.1668,31.9103, 399.6, 7523,-22.0,-34.2,-31.1, 32, 40, 0.53,339, 8.5
2026-05-24 23:22:53,-102.1668,31.9103, 399.3, 7529,-22.1,-34.3,-31.1, 32, 40, 0.53,339, 8.5
2026-05-24 23:22:54,-102.1667,31.9102, 399.0, 7536,-22.1,-34.3,-31.2, 32, 40, 0.53,339, 8.5
2026-05-24 23:22:55,-102.1667,31.9101, 398.7, 7542,-22.1,-34.3,-31.2, 32, 40, 0.53,339, 8.6
2026-05-24 23:22:56,-102.1666,31.9100, 398.4, 7549,-22.1,-34.3,-31.2, 32, 40, 0.52,339, 8.6
2026-05-24 23:22:57,-102.1666,31.9100, 397.9, 7558,-22.2,-34.4,-31.2, 32, 40, 0.52,339, 8.6
2026-05-24 23:22:58,-102.1666,31.9099, 397.7, 7562,-22.2,-34.4,-31.2, 32, 40, 0.52,338, 8.6
2026-05-24 23:22:59,-102.1665,31.9099, 397.3, 7568,-22.2,-34.3,-31.2, 32, 40, 0.53,338, 8.6
2026-05-24 23:23:00,-102.1665,31.9098, 397.0, 7575,-22.2,-34.3,-31.2, 33, 40, 0.53,338, 8.6
2026-05-24 23:23:01,-102.1665,31.9097, 396.6, 7581,-22.3,-34.3,-31.2, 33, 41, 0.53,338, 8.7
2026-05-24 23:23:02,-102.1664,31.9097, 396.3, 7588,-22.3,-34.3,-31.1, 33, 41, 0.53,338, 8.7
2026-05-24 23:23:03,-102.1664,31.9096, 396.0, 7594,-22.3,-34.3,-31.1, 33, 41, 0.53,338, 8.6
2026-05-24 23:23:04,-102.1664,31.9095, 395.7, 7600,-22.4,-34.3,-31.1, 33, 41, 0.53,337, 8.6
2026-05-24 23:23:05,-102.1663,31.9094, 395.4, 7605,-22.4,-34.2,-31.1, 33, 41, 0.53,337, 8.5
2026-05-24 23:23:06,-102.1663,31.9094, 395.1, 7609,-22.4,-34.2,-31.1, 33, 42, 0.53,337, 8.5
2026-05-24 23:23:07,-102.1663,31.9093, 394.8, 7614,-22.4,-34.2,-31.1, 33, 42, 0.54,337, 8.4
2026-05-24 23:23:08,-102.1662,31.9092, 394.5, 7619,-22.5,-34.2,-31.1, 34, 42, 0.54,337, 8.4
2026-05-24 23:23:09,-102.1662,31.9092, 394.3, 7624,-22.5,-34.2,-31.1, 34, 42, 0.54,337, 8.3
2026-05-24 23:23:10,-102.1662,31.9091, 394.0, 7629,-22.5,-34.2,-31.0, 34, 42, 0.54,337, 8.3
2026-05-24 23:23:11,-102.1661,31.9091, 393.7, 7634,-22.6,-34.2,-31.0, 34, 42, 0.54,337, 8.2
2026-05-24 23:23:12,-102.1661,31.9090, 393.5, 7639,-22.6,-34.2,-31.0, 34, 43, 0.54,337, 8.2
2026-05-24 23:23:13,-102.1661,31.9089, 393.2, 7644,-22.6,-34.2,-31.0, 34, 43, 0.54,336, 8.1
2026-05-24 23:23:14,-102.1660,31.9089, 392.9, 7649,-22.7,-34.2,-31.0, 34, 43, 0.54,336, 8.1
2026-05-24 23:23:15,-102.1660,31.9088, 392.7, 7654,-22.7,-34.2,-31.1, 34, 43, 0.54,336, 8.0
2026-05-24 23:23:16,-102.1660,31.9088, 392.4, 7659,-22.7,-34.2,-31.1, 34, 43, 0.54,336, 8.0
2026-05-24 23:23:17,-102.1659,31.9087, 392.1, 7664,-22.8,-34.2,-31.1, 35, 43, 0.54,336, 7.9
2026-05-24 23:23:18,-102.1659,31.9086, 391.9, 7669,-22.8,-34.2,-31.1, 35, 43, 0.54,336, 7.8
2026-05-24 23:23:19,-102.1659,31.9086, 391.6, 7674,-22.9,-34.2,-31.1, 35, 43, 0.54,336, 7.8
2026-05-24 23:23:20,-102.1658,31.9085, 391.4, 7679,-22.9,-34.2,-31.1, 35, 44, 0.54,336, 7.7
2026-05-24 23:23:21,-102.1658,31.9085, 391.1, 7684,-22.9,-34.2,-31.1, 35, 44, 0.54,335, 7.7
2026-05-24 23:23:22,-102.1657,31.9084, 390.8, 7689,-23.0,-34.3,-31.1, 35, 44, 0.54,335, 7.6
2026-05-24 23:23:23,-102.1657,31.9083, 390.6, 7694,-23.0,-34.3,-31.1, 35, 44, 0.54,335, 7.6
2026-05-24 23:23:24,-102.1657,31.9083, 390.3, 7698,-23.1,-34.3,-31.1, 35, 44, 0.54,335, 7.6
2026-05-24 23:23:25,-102.1656,31.9082, 390.0, 7703,-23.1,-34.3,-31.1, 35, 44, 0.54,335, 7.6
2026-05-24 23:23:26,-102.1656,31.9082, 389.8, 7708,-23.1,-34.3,-31.2, 35, 44, 0.54,335, 7.6
2026-05-24 23:23:27,-102.1656,31.9081, 389.5, 7713,-23.2,-34.3,-31.2, 35, 44, 0.54,335, 7.6
2026-05-24 23:23:28,-102.1655,31.9080, 389.3, 7717,-23.2,-34.3,-31.2, 35, 44, 0.54,334, 7.6
2026-05-24 23:23:29,-102.1655,31.9080, 389.0, 7722,-23.3,-34.3,-31.2, 36, 45, 0.54,334, 7.6
2026-05-24 23:23:30,-102.1655,31.9079, 388.8, 7727,-23.3,-34.4,-31.2, 36, 45, 0.54,334, 7.6
2026-05-24 23:23:31,-102.1654,31.9078, 388.5, 7732,-23.3,-34.4,-31.2, 36, 45, 0.54,334, 7.6
2026-05-24 23:23:32,-102.1654,31.9078, 388.3, 7736,-23.4,-34.4,-31.2, 36, 45, 0.54,334, 7.5
2026-05-24 23:23:33,-102.1654,31.9077, 388.0, 7741,-23.4,-34.4,-31.3, 36, 45, 0.53,334, 7.5
2026-05-24 23:23:34,-102.1653,31.9077, 387.8, 7746,-23.5,-34.4,-31.3, 36, 45, 0.53,333, 7.5
2026-05-24 23:23:35,-102.1653,31.9076, 387.5, 7751,-23.5,-34.4,-31.3, 36, 45, 0.53,333, 7.5
2026-05-24 23:23:36,-102.1652,31.9075, 387.3, 7756,-23.5,-34.5,-31.3, 36, 45, 0.53,333, 7.5
2026-05-24 23:23:37,-102.1652,31.9075, 387.0, 7761,-23.6,-34.5,-31.3, 36, 45, 0.53,333, 7.5
2026-05-24 23:23:38,-102.1652,31.9074, 386.7, 7766,-23.6,-34.5,-31.4, 36, 45, 0.53,333, 7.5
2026-05-24 23:23:39,-102.1651,31.9074, 386.4, 7771,-23.7,-34.6,-31.4, 36, 45, 0.53,333, 7.5
2026-05-24 23:23:40,-102.1651,31.9073, 386.2, 7776,-23.7,-34.6,-31.5, 36, 45, 0.52,332, 7.5
2026-05-24 23:23:41,-102.1650,31.9072, 385.9, 7782,-23.8,-34.7,-31.5, 36, 45, 0.52,332, 7.5
2026-05-24 23:23:42,-102.1650,31.9072, 385.6, 7787,-23.8,-34.8,-31.6, 36, 45, 0.52,332, 7.5
2026-05-24 23:23:43,-102.1649,31.9071, 385.3, 7792,-23.9,-34.8,-31.6, 36, 45, 0.52,331, 7.5
2026-05-24 23:23:44,-102.1649,31.9071, 385.0, 7798,-23.9,-34.9,-31.7, 36, 45, 0.51,331, 7.5
2026-05-24 23:23:45,-102.1648,31.9070, 384.7, 7804,-23.9,-34.9,-31.8, 36, 45, 0.51,330, 7.6
2026-05-24 23:23:46,-102.1648,31.9070, 384.4, 7810,-24.0,-35.0,-31.8, 36, 45, 0.51,330, 7.6
2026-05-24 23:23:47,-102.1647,31.9069, 384.1, 7816,-24.0,-35.1,-31.9, 36, 45, 0.51,329, 7.6
2026-05-24 23:23:48,-102.1647,31.9068, 383.8, 7821,-24.1,-35.1,-31.9, 35, 45, 0.50,329, 7.7
2026-05-24 23:23:49,-102.1646,31.9068, 383.5, 7827,-24.1,-35.2,-32.0, 35, 45, 0.50,328, 7.7
2026-05-24 23:23:50,-102.1646,31.9067, 383.2, 7833,-24.2,-35.2,-32.0, 35, 45, 0.50,328, 7.7
2026-05-24 23:23:51,-102.1645,31.9067, 382.9, 7838,-24.2,-35.3,-32.1, 35, 45, 0.50,327, 7.8
2026-05-24 23:23:52,-102.1645,31.9066, 382.6, 7844,-24.3,-35.3,-32.1, 35, 45, 0.50,327, 7.8
2026-05-24 23:23:53,-102.1644,31.9065, 382.3, 7850,-24.3,-35.3,-32.1, 35, 45, 0.49,326, 7.9
2026-05-24 23:23:54,-102.1644,31.9065, 382.0, 7855,-24.4,-35.4,-32.2, 35, 45, 0.49,326, 7.9
2026-05-24 23:23:55,-102.1643,31.9064, 381.8, 7860,-24.4,-35.4,-32.2, 36, 45, 0.49,326, 7.9
2026-05-24 23:23:56,-102.1643,31.9064, 381.5, 7865,-24.5,-35.4,-32.2, 36, 45, 0.49,325, 8.0
2026-05-24 23:23:57,-102.1642,31.9063, 381.2, 7871,-24.5,-35.5,-32.2, 36, 45, 0.49,325, 8.0
2026-05-24 23:23:58,-102.1642,31.9062, 380.9, 7876,-24.5,-35.5,-32.3, 36, 45, 0.49,324, 8.1
2026-05-24 23:23:59,-102.1641,31.9062, 380.7, 7881,-24.6,-35.5,-32.3, 36, 45, 0.49,324, 8.1
2026-05-24 23:24:00,-102.1641,31.9061, 380.4, 7886,-24.6,-35.5,-32.3, 36, 45, 0.49,323, 8.2
2026-05-24 23:24:01,-102.1640,31.9061, 380.1, 7892,-24.7,-35.6,-32.3, 36, 46, 0.49,323, 8.2
2026-05-24 23:24:02,-102.1640,31.9060, 379.9, 7897,-24.7,-35.6,-32.4, 36, 46, 0.49,322, 8.3
2026-05-24 23:24:03,-102.1639,31.9059, 379.6, 7902,-24.8,-35.6,-32.4, 36, 46, 0.48,322, 8.3
2026-05-24 23:24:04,-102.1639,31.9059, 379.3, 7907,-24.8,-35.6,-32.4, 36, 46, 0.48,322, 8.3
2026-05-24 23:24:05,-102.1638,31.9058, 379.1, 7913,-24.9,-35.7,-32.4, 36, 46, 0.48,322, 8.3
2026-05-24 23:24:06,-102.1638,31.9058, 378.8, 7917,-24.9,-35.7,-32.4, 36, 46, 0.48,322, 8.3
2026-05-24 23:24:07,-102.1637,31.9057, 378.5, 7922,-24.9,-35.7,-32.5, 36, 46, 0.48,323, 8.3
2026-05-24 23:24:08,-102.1637,31.9056, 378.3, 7926,-25.0,-35.7,-32.5, 36, 46, 0.48,323, 8.3
2026-05-24 23:24:09,-102.1636,31.9056, 378.0, 7930,-25.0,-35.7,-32.5, 36, 47, 0.48,323, 8.3
2026-05-24 23:24:10,-102.1635,31.9055, 377.8, 7935,-25.1,-35.7,-32.5, 36, 47, 0.48,323, 8.3
2026-05-24 23:24:11,-102.1635,31.9055, 377.5, 7940,-25.1,-35.7,-32.5, 37, 47, 0.48,323, 8.3
2026-05-24 23:24:12,-102.1634,31.9054, 377.3, 7945,-25.2,-35.7,-32.5, 37, 47, 0.48,323, 8.3
2026-05-24 23:24:13,-102.1634,31.9053, 377.0, 7951,-25.2,-35.8,-32.5, 37, 47, 0.48,323, 8.3
2026-05-24 23:24:14,-102.1633,31.9053, 376.7, 7956,-25.3,-35.8,-32.5, 37, 47, 0.48,323, 8.3
2026-05-24 23:24:15,-102.1633,31.9052, 376.5, 7962,-25.3,-35.8,-32.5, 37, 47, 0.48,323, 8.3
2026-05-24 23:24:16,-102.1632,31.9051, 376.2, 7967,-25.3,-35.8,-32.6, 37, 48, 0.48,323, 8.3
2026-05-24 23:24:17,-102.1631,31.9051, 375.9, 7973,-25.4,-35.8,-32.6, 37, 48, 0.48,323, 8.3
2026-05-24 23:24:18,-102.1631,31.9050, 375.6, 7979,-25.4,-35.8,-32.6, 37, 48, 0.48,323, 8.3
2026-05-24 23:24:19,-102.1630,31.9049, 375.3, 7985,-25.5,-35.9,-32.6, 37, 48, 0.48,323, 8.3
2026-05-24 23:24:20,-102.1630,31.9049, 375.0, 7990,-25.5,-35.9,-32.6, 37, 48, 0.48,323, 8.3
2026-05-24 23:24:21,-102.1629,31.9048, 374.7, 7996,-25.6,-35.9,-32.7, 37, 48, 0.48,323, 8.3
2026-05-24 23:24:22,-102.1628,31.9048, 374.5, 8002,-25.6,-35.9,-32.7, 38, 48, 0.48,323, 8.3
2026-05-24 23:24:23,-102.1628,31.9047, 374.2, 8006,-25.7,-36.0,-32.7, 38, 48, 0.48,323, 8.4
2026-05-24 23:24:24,-102.1627,31.9046, 374.0, 8011,-25.7,-36.0,-32.7, 38, 48, 0.47,323, 8.4
2026-05-24 23:24:25,-102.1627,31.9046, 373.7, 8015,-25.8,-36.0,-32.8, 38, 48, 0.47,323, 8.5
2026-05-24 23:24:26,-102.1626,31.9045, 373.4, 8020,-25.8,-36.0,-32.8, 38, 49, 0.47,323, 8.5
2026-05-24 23:24:27,-102.1626,31.9044, 373.2, 8024,-25.8,-36.1,-32.8, 38, 49, 0.47,323, 8.6
2026-05-24 23:24:28,-102.1625,31.9044, 372.9, 8029,-25.9,-36.1,-32.8, 38, 49, 0.47,323, 8.6
2026-05-24 23:24:29,-102.1624,31.9043, 372.7, 8034,-25.9,-36.1,-32.9, 38, 49, 0.47,323, 8.7
2026-05-24 23:24:30,-102.1624,31.9042, 372.4, 8039,-26.0,-36.1,-32.9, 38, 49, 0.47,323, 8.7
2026-05-24 23:24:31,-102.1623,31.9042, 372.2, 8045,-26.0,-36.2,-32.9, 38, 49, 0.47,323, 8.8
2026-05-24 23:24:32,-102.1623,31.9041, 371.9, 8050,-26.1,-36.2,-32.9, 38, 49, 0.47,323, 8.8
2026-05-24 23:24:33,-102.1622,31.9041, 371.6, 8055,-26.1,-36.2,-33.0, 38, 49, 0.47,323, 8.9
2026-05-24 23:24:34,-102.1622,31.9040, 371.3, 8060,-26.2,-36.3,-33.0, 38, 49, 0.46,323, 8.9
2026-05-24 23:24:35,-102.1621,31.9039, 371.0, 8066,-26.2,-36.3,-33.0, 38, 49, 0.46,323, 9.0
2026-05-24 23:24:36,-102.1620,31.9039, 370.8, 8072,-26.3,-36.3,-33.1, 38, 49, 0.46,323, 9.1
2026-05-24 23:24:37,-102.1620,31.9038, 370.5, 8078,-26.3,-36.4,-33.1, 38, 49, 0.46,323, 9.1
2026-05-24 23:24:38,-102.1619,31.9037, 370.2, 8083,-26.4,-36.4,-33.1, 38, 50, 0.46,323, 9.2
2026-05-24 23:24:39,-102.1619,31.9037, 370.0, 8089,-26.4,-36.4,-33.2, 38, 50, 0.46,323, 9.2
2026-05-24 23:24:40,-102.1618,31.9036, 369.7, 8093,-26.5,-36.5,-33.2, 38, 50, 0.46,323, 9.3
2026-05-24 23:24:41,-102.1617,31.9035, 369.5, 8098,-26.5,-36.5,-33.2, 38, 50, 0.46,323, 9.3
2026-05-24 23:24:42,-102.1617,31.9034, 369.2, 8103,-26.6,-36.5,-33.3, 38, 50, 0.45,323, 9.4
2026-05-24 23:24:43,-102.1616,31.9034, 369.0, 8107,-26.6,-36.6,-33.3, 38, 50, 0.45,323, 9.4
2026-05-24 23:24:44,-102.1616,31.9033, 368.7, 8112,-26.7,-36.6,-33.3, 39, 50, 0.45,323, 9.5
2026-05-24 23:24:45,-102.1615,31.9032, 368.4, 8117,-26.7,-36.7,-33.4, 39, 50, 0.45,323, 9.5
2026-05-24 23:24:46,-102.1614,31.9031, 368.1, 8123,-26.8,-36.7,-33.4, 39, 50, 0.45,323, 9.6
2026-05-24 23:24:47,-102.1614,31.9031, 367.8, 8129,-26.8,-36.7,-33.4, 39, 50, 0.45,323, 9.6
2026-05-24 23:24:48,-102.1613,31.9030, 367.5, 8135,-26.9,-36.8,-33.5, 39, 50, 0.45,323, 9.7
2026-05-24 23:24:49,-102.1612,31.9029, 367.2, 8141,-26.9,-36.8,-33.5, 39, 50, 0.44,323, 9.8
2026-05-24 23:24:50,-102.1612,31.9028, 367.0, 8147,-27.0,-36.9,-33.6, 39, 50, 0.44,323, 9.8
2026-05-24 23:24:51,-102.1611,31.9028, 366.7, 8152,-27.0,-36.9,-33.6, 39, 50, 0.44,323, 9.9
2026-05-24 23:24:52,-102.1610,31.9027, 366.4, 8158,-27.1,-37.0,-33.7, 39, 50, 0.44,323, 9.9
2026-05-24 23:24:53,-102.1610,31.9026, 366.1, 8164,-27.1,-37.0,-33.7, 39, 50, 0.44,323,10.0
2026-05-24 23:24:54,-102.1609,31.9025, 365.8, 8169,-27.2,-37.1,-33.7, 39, 50, 0.44,323,10.0
2026-05-24 23:24:55,-102.1609,31.9025, 365.5, 8175,-27.2,-37.1,-33.8, 39, 50, 0.43,323,10.1
2026-05-24 23:24:56,-102.1608,31.9024, 365.2, 8181,-27.3,-37.1,-33.8, 39, 50, 0.43,323,10.1
2026-05-24 23:24:57,-102.1607,31.9023, 364.9, 8187,-27.3,-37.2,-33.9, 39, 50, 0.43,323,10.2
2026-05-24 23:24:58,-102.1607,31.9022, 364.5, 8194,-27.4,-37.2,-33.9, 39, 51, 0.43,323,10.2
2026-05-24 23:24:59,-102.1606,31.9022, 364.2, 8200,-27.4,-37.2,-33.9, 39, 51, 0.43,323,10.3
2026-05-24 23:25:00,-102.1605,31.9021, 363.9, 8207,-27.5,-37.2,-33.9, 39, 51, 0.43,322,10.3
2026-05-24 23:25:01,-102.1605,31.9020, 363.6, 8213,-27.5,-37.3,-33.9, 39, 51, 0.43,322,10.4
2026-05-24 23:25:02,-102.1604,31.9019, 363.3, 8219,-27.6,-37.3,-33.9, 39, 51, 0.43,322,10.5
2026-05-24 23:25:03,-102.1604,31.9019, 363.0, 8225,-27.6,-37.3,-34.0, 39, 52, 0.43,323,10.4
2026-05-24 23:25:04,-102.1603,31.9018, 362.7, 8231,-27.7,-37.3,-34.0, 39, 52, 0.43,323,10.4
2026-05-24 23:25:05,-102.1602,31.9017, 362.4, 8237,-27.7,-37.3,-34.0, 40, 52, 0.43,323,10.4
2026-05-24 23:25:06,-102.1602,31.9016, 362.1, 8242,-27.8,-37.3,-34.0, 40, 52, 0.43,324,10.4
2026-05-24 23:25:07,-102.1601,31.9016, 361.8, 8248,-27.8,-37.3,-34.0, 40, 52, 0.43,324,10.3
2026-05-24 23:25:08,-102.1600,31.9015, 361.6, 8253,-27.9,-37.4,-34.0, 40, 52, 0.43,324,10.3
2026-05-24 23:25:09,-102.1600,31.9014, 361.3, 8259,-27.9,-37.4,-34.0, 40, 53, 0.43,325,10.3
2026-05-24 23:25:10,-102.1599,31.9013, 361.0, 8264,-28.0,-37.4,-34.0, 40, 53, 0.43,325,10.3
2026-05-24 23:25:11,-102.1599,31.9012, 360.8, 8269,-28.0,-37.4,-34.1, 40, 53, 0.43,325,10.3
2026-05-24 23:25:12,-102.1598,31.9012, 360.5, 8274,-28.1,-37.4,-34.1, 40, 53, 0.43,326,10.3
2026-05-24 23:25:13,-102.1598,31.9011, 360.3, 8279,-28.1,-37.4,-34.1, 41, 53, 0.43,326,10.2
2026-05-24 23:25:14,-102.1597,31.9010, 360.0, 8284,-28.2,-37.4,-34.1, 41, 54, 0.43,326,10.2
2026-05-24 23:25:15,-102.1597,31.9009, 359.8, 8288,-28.2,-37.4,-34.1, 41, 54, 0.43,327,10.2
2026-05-24 23:25:16,-102.1596,31.9009, 359.6, 8293,-28.3,-37.4,-34.1, 41, 54, 0.43,327,10.2
2026-05-24 23:25:17,-102.1596,31.9008, 359.3, 8297,-28.3,-37.5,-34.1, 41, 54, 0.43,327,10.2
2026-05-24 23:25:18,-102.1595,31.9007, 359.1, 8302,-28.4,-37.5,-34.1, 41, 55, 0.43,328,10.1
2026-05-24 23:25:19,-102.1595,31.9006, 358.8, 8307,-28.4,-37.5,-34.1, 41, 55, 0.43,328,10.1
2026-05-24 23:25:20,-102.1594,31.9005, 358.6, 8312,-28.5,-37.5,-34.1, 42, 55, 0.43,328,10.1
2026-05-24 23:25:21,-102.1594,31.9005, 358.3, 8317,-28.5,-37.5,-34.2, 42, 55, 0.42,329,10.1
2026-05-24 23:25:22,-102.1593,31.9004, 358.1, 8323,-28.6,-37.5,-34.2, 42, 55, 0.42,329,10.1
2026-05-24 23:25:23,-102.1593,31.9003, 357.8, 8328,-28.6,-37.5,-34.2, 42, 56, 0.42,329,10.1
2026-05-24 23:25:24,-102.1592,31.9002, 357.6, 8333,-28.7,-37.5,-34.2, 42, 56, 0.42,329,10.1
2026-05-24 23:25:25,-102.1592,31.9001, 357.3, 8338,-28.7,-37.6,-34.2, 42, 56, 0.42,330,10.1
2026-05-24 23:25:26,-102.1591,31.9001, 357.0, 8343,-28.8,-37.6,-34.2, 42, 56, 0.42,330,10.1
2026-05-24 23:25:27,-102.1591,31.9000, 356.8, 8348,-28.8,-37.6,-34.3, 43, 56, 0.42,330,10.1
2026-05-24 23:25:28,-102.1590,31.8999, 356.5, 8353,-28.9,-37.6,-34.3, 43, 56, 0.42,330,10.1
2026-05-24 23:25:29,-102.1590,31.8998, 356.2, 8359,-28.9,-37.7,-34.3, 43, 57, 0.42,331,10.1
2026-05-24 23:25:30,-102.1589,31.8997, 356.0, 8365,-29.0,-37.7,-34.3, 43, 57, 0.42,331,10.1
2026-05-24 23:25:31,-102.1589,31.8997, 355.7, 8370,-29.0,-37.7,-34.4, 43, 57, 0.42,331,10.1
2026-05-24 23:25:32,-102.1588,31.8996, 355.4, 8376,-29.0,-37.7,-34.4, 43, 57, 0.42,331,10.1
2026-05-24 23:25:33,-102.1588,31.8995, 355.1, 8382,-29.1,-37.8,-34.4, 43, 57, 0.42,332,10.1
2026-05-24 23:25:34,-102.1587,31.8994, 354.8, 8388,-29.1,-37.8,-34.4, 43, 57, 0.42,332,10.1
2026-05-24 23:25:35,-102.1587,31.8993, 354.5, 8394,-29.2,-37.8,-34.4, 43, 57, 0.42,332,10.1
2026-05-24 23:25:36,-102.1586,31.8993, 354.2, 8400,-29.2,-37.8,-34.5, 43, 58, 0.42,332,10.1
2026-05-24 23:25:37,-102.1586,31.8992, 353.9, 8406,-29.3,-37.9,-34.5, 43, 58, 0.42,332,10.1
2026-05-24 23:25:38,-102.1585,31.8991, 353.6, 8412,-29.3,-37.9,-34.5, 43, 58, 0.41,333,10.1
2026-05-24 23:25:39,-102.1585,31.8990, 353.4, 8418,-29.4,-37.9,-34.6, 43, 58, 0.41,333,10.1
2026-05-24 23:25:40,-102.1584,31.8989, 353.1, 8425,-29.4,-38.0,-34.6, 44, 58, 0.41,333,10.1
2026-05-24 23:25:41,-102.1583,31.8988, 352.8, 8430,-29.5,-38.0,-34.6, 44, 58, 0.41,333,10.1
2026-05-24 23:25:42,-102.1583,31.8988, 352.5, 8435,-29.5,-38.0,-34.6, 44, 58, 0.41,334,10.1
2026-05-24 23:25:43,-102.1582,31.8987, 352.3, 8440,-29.5,-38.0,-34.7, 44, 58, 0.41,333,10.1
2026-05-24 23:25:44,-102.1581,31.8986, 352.0, 8445,-29.6,-38.1,-34.7, 44, 58, 0.41,333,10.2
2026-05-24 23:25:45,-102.1581,31.8985, 351.7, 8450,-29.6,-38.1,-34.7, 44, 58, 0.41,333,10.3
2026-05-24 23:25:46,-102.1580,31.8984, 351.5, 8455,-29.7,-38.1,-34.7, 44, 59, 0.41,332,10.4
2026-05-24 23:25:47,-102.1579,31.8983, 351.2, 8460,-29.7,-38.1,-34.7, 44, 59, 0.41,332,10.5
2026-05-24 23:25:48,-102.1579,31.8982, 351.0, 8466,-29.8,-38.2,-34.8, 44, 59, 0.41,332,10.5
2026-05-24 23:25:49,-102.1578,31.8981, 350.7, 8471,-29.8,-38.2,-34.8, 44, 59, 0.41,332,10.6
2026-05-24 23:25:50,-102.1577,31.8980, 350.4, 8476,-29.8,-38.2,-34.8, 44, 59, 0.40,331,10.7
2026-05-24 23:25:51,-102.1577,31.8979, 350.1, 8483,-29.9,-38.3,-34.9, 44, 59, 0.40,331,10.8
2026-05-24 23:25:52,-102.1576,31.8978, 349.9, 8488,-29.9,-38.3,-34.9, 44, 59, 0.40,331,10.9
2026-05-24 23:25:53,-102.1575,31.8978, 349.6, 8494,-30.0,-38.4,-35.0, 44, 59, 0.40,330,11.0
2026-05-24 23:25:54,-102.1575,31.8977, 349.3, 8500,-30.0,-38.4,-35.0, 44, 59, 0.40,330,11.1
2026-05-24 23:25:55,-102.1574,31.8976, 349.0, 8506,-30.0,-38.5,-35.1, 44, 59, 0.40,330,11.1
2026-05-24 23:25:56,-102.1573,31.8975, 348.7, 8512,-30.1,-38.5,-35.1, 44, 58, 0.39,330,11.2
2026-05-24 23:25:57,-102.1573,31.8974, 348.4, 8518,-30.1,-38.6,-35.2, 44, 58, 0.39,329,11.3
2026-05-24 23:25:58,-102.1572,31.8973, 348.2, 8524,-30.1,-38.6,-35.2, 43, 58, 0.39,329,11.4
2026-05-24 23:25:59,-102.1572,31.8972, 347.9, 8529,-30.2,-38.7,-35.3, 43, 58, 0.39,329,11.5
2026-05-24 23:26:00,-102.1571,31.8971, 347.6, 8534,-30.2,-38.8,-35.3, 43, 58, 0.39,329,11.6
2026-05-24 23:26:01,-102.1570,31.8970, 347.4, 8539,-30.3,-38.8,-35.4, 43, 58, 0.38,328,11.6
2026-05-24 23:26:02,-102.1570,31.8969, 347.1, 8545,-30.3,-38.9,-35.4, 43, 58, 0.38,328,11.7
2026-05-24 23:26:03,-102.1569,31.8968, 346.8, 8550,-30.3,-38.9,-35.5, 43, 58, 0.38,328,11.8
2026-05-24 23:26:04,-102.1568,31.8967, 346.6, 8555,-30.4,-39.0,-35.5, 43, 58, 0.38,328,11.8
2026-05-24 23:26:05,-102.1568,31.8967, 346.3, 8561,-30.4,-39.0,-35.6, 43, 57, 0.38,328,11.9
2026-05-24 23:26:06,-102.1567,31.8966, 346.1, 8566,-30.4,-39.1,-35.6, 43, 58, 0.38,328,11.9
2026-05-24 23:26:07,-102.1566,31.8965, 345.8, 8572,-30.5,-39.1,-35.7, 43, 58, 0.37,328,12.0
2026-05-24 23:26:08,-102.1566,31.8964, 345.5, 8577,-30.5,-39.1,-35.7, 43, 58, 0.37,327,12.0
2026-05-24 23:26:09,-102.1565,31.8963, 345.3, 8582,-30.5,-39.2,-35.7, 43, 57, 0.37,327,12.0
2026-05-24 23:26:10,-102.1564,31.8962, 345.0, 8587,-30.6,-39.2,-35.8, 43, 57, 0.37,327,12.1
2026-05-24 23:26:11,-102.1564,31.8961, 344.8, 8592,-30.6,-39.3,-35.8, 43, 57, 0.37,327,12.1
2026-05-24 23:26:12,-102.1563,31.8960, 344.6, 8597,-30.7,-39.3,-35.8, 43, 58, 0.37,327,12.2
2026-05-24 23:26:13,-102.1562,31.8959, 344.3, 8602,-30.7,-39.3,-35.9, 43, 58, 0.37,327,12.2
2026-05-24 23:26:14,-102.1561,31.8958, 344.1, 8607,-30.7,-39.4,-35.9, 43, 58, 0.37,327,12.3
2026-05-24 23:26:15,-102.1561,31.8957, 343.8, 8612,-30.8,-39.4,-36.0, 43, 58, 0.36,327,12.3
2026-05-24 23:26:16,-102.1560,31.8956, 343.6, 8617,-30.8,-39.5,-36.0, 43, 58, 0.36,326,12.4
2026-05-24 23:26:17,-102.1559,31.8955, 343.4, 8622,-30.9,-39.5,-36.0, 43, 58, 0.36,326,12.4
2026-05-24 23:26:18,-102.1559,31.8954, 343.1, 8627,-30.9,-39.5,-36.1, 43, 58, 0.36,326,12.4
2026-05-24 23:26:19,-102.1558,31.8953, 342.9, 8632,-30.9,-39.6,-36.1, 43, 58, 0.36,326,12.5
2026-05-24 23:26:20,-102.1557,31.8953, 342.6, 8637,-31.0,-39.6,-36.1, 43, 58, 0.36,326,12.5
2026-05-24 23:26:21,-102.1556,31.8952, 342.3, 8643,-31.0,-39.6,-36.1, 43, 58, 0.36,326,12.6
2026-05-24 23:26:22,-102.1556,31.8951, 342.0, 8649,-31.1,-39.6,-36.2, 43, 58, 0.36,326,12.6
2026-05-24 23:26:23,-102.1555,31.8950, 341.8, 8654,-31.1,-39.6,-36.2, 43, 58, 0.36,326,12.6
2026-05-24 23:26:24,-102.1554,31.8949, 341.5, 8660,-31.2,-39.7,-36.2, 43, 58, 0.36,326,12.6
2026-05-24 23:26:25,-102.1554,31.8948, 341.2, 8666,-31.2,-39.7,-36.2, 43, 58, 0.36,326,12.6
2026-05-24 23:26:26,-102.1553,31.8947, 340.9, 8672,-31.3,-39.7,-36.2, 43, 59, 0.36,326,12.6
2026-05-24 23:26:27,-102.1552,31.8946, 340.7, 8677,-31.3,-39.8,-36.3, 43, 59, 0.36,327,12.5
2026-05-24 23:26:28,-102.1552,31.8945, 340.4, 8683,-31.3,-39.8,-36.3, 43, 59, 0.36,327,12.5
2026-05-24 23:26:29,-102.1551,31.8944, 340.1, 8689,-31.4,-39.8,-36.3, 43, 59, 0.35,327,12.5
2026-05-24 23:26:30,-102.1550,31.8943, 339.9, 8694,-31.4,-39.8,-36.3, 43, 59, 0.35,327,12.5
2026-05-24 23:26:31,-102.1549,31.8942, 339.6, 8700,-31.5,-39.9,-36.4, 44, 59, 0.35,327,12.5
2026-05-24 23:26:32,-102.1549,31.8941, 339.3, 8706,-31.5,-39.9,-36.4, 44, 59, 0.35,327,12.5
2026-05-24 23:26:33,-102.1548,31.8940, 339.1, 8711,-31.6,-39.9,-36.4, 44, 60, 0.35,327,12.4
2026-05-24 23:26:34,-102.1547,31.8939, 338.8, 8717,-31.6,-39.9,-36.4, 44, 60, 0.35,328,12.4
2026-05-24 23:26:35,-102.1547,31.8938, 338.5, 8723,-31.7,-39.8,-36.4, 44, 60, 0.35,328,12.4
2026-05-24 23:26:36,-102.1546,31.8938, 338.3, 8728,-31.7,-39.8,-36.4, 45, 61, 0.35,328,12.4
2026-05-24 23:26:37,-102.1545,31.8937, 338.0, 8733,-31.8,-39.8,-36.3, 45, 61, 0.36,328,12.4
2026-05-24 23:26:38,-102.1545,31.8936, 337.8, 8738,-31.8,-39.8,-36.3, 45, 61, 0.36,328,12.3
2026-05-24 23:26:39,-102.1544,31.8935, 337.5, 8743,-31.9,-39.8,-36.3, 45, 62, 0.36,328,12.3
2026-05-24 23:26:40,-102.1543,31.8934, 337.3, 8748,-31.9,-39.8,-36.3, 45, 62, 0.36,328,12.3
2026-05-24 23:26:41,-102.1542,31.8933, 337.1, 8752,-31.9,-39.8,-36.3, 46, 62, 0.36,329,12.3
2026-05-24 23:26:42,-102.1542,31.8932, 336.9, 8757,-32.0,-39.8,-36.3, 46, 63, 0.36,329,12.3
2026-05-24 23:26:43,-102.1541,31.8931, 336.6, 8762,-32.0,-39.8,-36.3, 46, 63, 0.36,329,12.3
2026-05-24 23:26:44,-102.1541,31.8930, 336.4, 8767,-32.1,-39.8,-36.3, 46, 63, 0.36,329,12.2
2026-05-24 23:26:45,-102.1540,31.8929, 336.2, 8771,-32.1,-39.8,-36.3, 46, 64, 0.36,329,12.2
2026-05-24 23:26:46,-102.1540,31.8928, 335.9, 8776,-32.2,-39.9,-36.4, 46, 63, 0.36,329,12.2
2026-05-24 23:26:47,-102.1539,31.8927, 335.7, 8781,-32.2,-39.9,-36.4, 46, 63, 0.35,329,12.2
2026-05-24 23:26:48,-102.1538,31.8926, 335.5, 8786,-32.3,-40.0,-36.5, 46, 63, 0.35,329,12.1
2026-05-24 23:26:49,-102.1538,31.8925, 335.3, 8791,-32.3,-40.1,-36.6, 46, 63, 0.35,329,12.1
2026-05-24 23:26:50,-102.1537,31.8924, 335.0, 8796,-32.4,-40.1,-36.6, 46, 63, 0.35,329,12.1
2026-05-24 23:26:51,-102.1537,31.8923, 334.8, 8800,-32.4,-40.2,-36.7, 46, 63, 0.35,329,12.1
2026-05-24 23:26:52,-102.1536,31.8922, 334.5, 8805,-32.5,-40.3,-36.8, 46, 63, 0.34,329,12.0
2026-05-24 23:26:53,-102.1536,31.8921, 334.3, 8810,-32.5,-40.3,-36.8, 46, 63, 0.34,329,12.0
2026-05-24 23:26:54,-102.1535,31.8920, 334.0, 8816,-32.6,-40.4,-36.9, 46, 63, 0.34,329,12.0
2026-05-24 23:26:55,-102.1534,31.8920, 333.8, 8822,-32.6,-40.5,-36.9, 46, 63, 0.34,329,12.0
2026-05-24 23:26:56,-102.1534,31.8919, 333.5, 8828,-32.7,-40.5,-37.0, 45, 62, 0.33,329,11.9
2026-05-24 23:26:57,-102.1533,31.8918, 333.2, 8834,-32.7,-40.6,-37.1, 45, 62, 0.33,329,11.9
2026-05-24 23:26:58,-102.1533,31.8917, 332.9, 8839,-32.7,-40.7,-37.1, 45, 62, 0.33,329,11.9
2026-05-24 23:26:59,-102.1532,31.8916, 332.6, 8845,-32.8,-40.7,-37.2, 45, 62, 0.33,329,11.9
2026-05-24 23:27:00,-102.1532,31.8915, 332.3, 8852,-32.8,-40.8,-37.3, 45, 62, 0.33,330,11.9
2026-05-24 23:27:01,-102.1531,31.8914, 332.1, 8858,-32.9,-40.9,-37.4, 45, 61, 0.32,330,11.8
2026-05-24 23:27:02,-102.1530,31.8913, 331.7, 8865,-32.9,-41.0,-37.5, 44, 61, 0.32,330,11.8
2026-05-24 23:27:03,-102.1530,31.8912, 331.4, 8871,-33.0,-41.1,-37.5, 44, 61, 0.32,330,11.8
2026-05-24 23:27:04,-102.1529,31.8911, 331.1, 8878,-33.0,-41.2,-37.6, 44, 61, 0.31,331,11.8
2026-05-24 23:27:05,-102.1529,31.8910, 330.8, 8884,-33.1,-41.3,-37.7, 44, 60, 0.31,331,11.8
2026-05-24 23:27:06,-102.1528,31.8909, 330.5, 8890,-33.1,-41.4,-37.8, 43, 60, 0.31,332,11.8
2026-05-24 23:27:07,-102.1528,31.8908, 330.2, 8897,-33.1,-41.5,-37.9, 43, 60, 0.31,332,11.8
2026-05-24 23:27:08,-102.1527,31.8907, 330.0, 8903,-33.2,-41.6,-38.0, 43, 59, 0.30,333,11.8
2026-05-24 23:27:09,-102.1526,31.8906, 329.7, 8910,-33.2,-41.6,-38.1, 43, 59, 0.30,333,11.8
2026-05-24 23:27:10,-102.1526,31.8905, 329.4, 8916,-33.3,-41.7,-38.1, 42, 59, 0.30,334,11.9
2026-05-24 23:27:11,-102.1525,31.8904, 329.2, 8921,-33.3,-41.8,-38.2, 42, 58, 0.30,334,11.9
2026-05-24 23:27:12,-102.1525,31.8903, 328.9, 8926,-33.3,-41.9,-38.3, 42, 58, 0.29,335,11.9
2026-05-24 23:27:13,-102.1525,31.8902, 328.7, 8931,-33.4,-42.0,-38.4, 42, 58, 0.29,335,11.9
2026-05-24 23:27:14,-102.1524,31.8901, 328.4, 8935,-33.4,-42.1,-38.5, 42, 58, 0.29,336,11.9
2026-05-24 23:27:15,-102.1524,31.8900, 328.2, 8940,-33.5,-42.2,-38.5, 41, 58, 0.29,336,11.9
2026-05-24 23:27:16,-102.1524,31.8900, 328.0, 8944,-33.5,-42.2,-38.6, 41, 57, 0.28,337,11.9
2026-05-24 23:27:17,-102.1523,31.8899, 327.8, 8949,-33.6,-42.3,-38.7, 41, 57, 0.28,337,11.9
2026-05-24 23:27:18,-102.1523,31.8898, 327.6, 8953,-33.6,-42.4,-38.8, 41, 57, 0.28,338,12.0
2026-05-24 23:27:19,-102.1523,31.8897, 327.4, 8958,-33.6,-42.5,-38.8, 41, 57, 0.28,338,12.0
2026-05-24 23:27:20,-102.1522,31.8896, 327.2, 8962,-33.7,-42.6,-38.9, 41, 56, 0.28,339,12.0
2026-05-24 23:27:21,-102.1522,31.8895, 326.9, 8966,-33.7,-42.6,-39.0, 40, 56, 0.27,340,12.0
2026-05-24 23:27:22,-102.1522,31.8894, 326.7, 8971,-33.8,-42.7,-39.1, 40, 56, 0.27,340,12.0
2026-05-24 23:27:23,-102.1521,31.8893, 326.5, 8976,-33.8,-42.8,-39.2, 40, 56, 0.27,340,12.0
2026-05-24 23:27:24,-102.1521,31.8892, 326.3, 8981,-33.8,-42.9,-39.2, 40, 55, 0.27,341,11.9
2026-05-24 23:27:25,-102.1521,31.8891, 326.0, 8986,-33.9,-43.0,-39.3, 40, 55, 0.27,341,11.8
2026-05-24 23:27:26,-102.1521,31.8890, 325.8, 8991,-33.9,-43.0,-39.4, 39, 55, 0.26,341,11.7
2026-05-24 23:27:27,-102.1520,31.8889, 325.5, 8997,-34.0,-43.1,-39.5, 39, 55, 0.26,341,11.7
2026-05-24 23:27:28,-102.1520,31.8888, 325.2, 9003,-34.0,-43.2,-39.5, 39, 54, 0.26,342,11.6
2026-05-24 23:27:29,-102.1520,31.8887, 325.0, 9009,-34.0,-43.3,-39.6, 39, 54, 0.26,342,11.5
2026-05-24 23:27:30,-102.1519,31.8886, 324.7, 9015,-34.1,-43.4,-39.7, 39, 54, 0.25,342,11.4
2026-05-24 23:27:31,-102.1519,31.8885, 324.4, 9022,-34.1,-43.5,-39.8, 38, 54, 0.25,343,11.4
2026-05-24 23:27:32,-102.1519,31.8884, 324.2, 9028,-34.2,-43.6,-39.9, 38, 53, 0.25,343,11.3
2026-05-24 23:27:33,-102.1518,31.8883, 323.9, 9033,-34.2,-43.6,-39.9, 38, 53, 0.25,343,11.2
2026-05-24 23:27:34,-102.1518,31.8882, 323.7, 9038,-34.3,-43.7,-40.0, 38, 53, 0.25,344,11.1
2026-05-24 23:27:35,-102.1518,31.8881, 323.4, 9043,-34.3,-43.8,-40.1, 38, 53, 0.24,344,11.1
2026-05-24 23:27:36,-102.1517,31.8880, 323.2, 9048,-34.4,-43.9,-40.2, 38, 53, 0.24,344,11.0
2026-05-24 23:27:37,-102.1517,31.8879, 323.0, 9053,-34.4,-44.0,-40.3, 37, 52, 0.24,345,10.9
2026-05-24 23:27:38,-102.1517,31.8878, 322.7, 9058,-34.5,-44.1,-40.3, 37, 52, 0.24,345,10.9
2026-05-24 23:27:39,-102.1516,31.8877, 322.5, 9063,-34.5,-44.1,-40.4, 37, 52, 0.24,345,10.8
2026-05-24 23:27:40,-102.1516,31.8876, 322.2, 9068,-34.5,-44.2,-40.5, 37, 52, 0.24,346,10.7
2026-05-24 23:27:41,-102.1516,31.8875, 322.0, 9074,-34.6,-44.3,-40.5, 37, 52, 0.23,346,10.7
2026-05-24 23:27:42,-102.1516,31.8874, 321.8, 9079,-34.6,-44.3,-40.6, 37, 52, 0.23,347,10.6
2026-05-24 23:27:43,-102.1515,31.8873, 321.5, 9084,-34.7,-44.4,-40.6, 37, 52, 0.23,346,10.6
2026-05-24 23:27:44,-102.1515,31.8872, 321.3, 9089,-34.7,-44.4,-40.7, 37, 52, 0.23,346,10.7
2026-05-24 23:27:45,-102.1514,31.8871, 321.1, 9093,-34.8,-44.5,-40.8, 37, 52, 0.23,346,10.8
2026-05-24 23:27:46,-102.1514,31.8870, 320.9, 9098,-34.8,-44.6,-40.8, 37, 52, 0.23,346,10.8
2026-05-24 23:27:47,-102.1514,31.8869, 320.7, 9103,-34.9,-44.6,-40.9, 37, 52, 0.23,346,10.9
2026-05-24 23:27:48,-102.1513,31.8868, 320.5, 9107,-34.9,-44.7,-40.9, 37, 51, 0.22,346,10.9
2026-05-24 23:27:49,-102.1513,31.8867, 320.2, 9112,-35.0,-44.7,-41.0, 37, 51, 0.22,346,11.0
2026-05-24 23:27:50,-102.1513,31.8866, 320.0, 9117,-35.1,-44.8,-41.0, 37, 51, 0.22,346,11.0
2026-05-24 23:27:51,-102.1512,31.8865, 319.7, 9123,-35.1,-44.9,-41.1, 36, 51, 0.22,346,11.1
2026-05-24 23:27:52,-102.1512,31.8864, 319.5, 9128,-35.2,-44.9,-41.2, 36, 51, 0.22,345,11.2
2026-05-24 23:27:53,-102.1512,31.8863, 319.3, 9133,-35.2,-45.0,-41.2, 36, 51, 0.22,345,11.2
2026-05-24 23:27:54,-102.1511,31.8862, 319.0, 9138,-35.3,-45.1,-41.3, 36, 51, 0.22,345,11.3
2026-05-24 23:27:55,-102.1511,31.8861, 318.8, 9144,-35.3,-45.2,-41.4, 36, 51, 0.21,345,11.3
2026-05-24 23:27:56,-102.1511,31.8860, 318.5, 9151,-35.4,-45.3,-41.5, 36, 50, 0.21,345,11.4
2026-05-24 23:27:57,-102.1510,31.8859, 318.2, 9157,-35.4,-45.4,-41.6, 36, 50, 0.21,345,11.5
2026-05-24 23:27:58,-102.1510,31.8858, 317.9, 9164,-35.5,-45.5,-41.7, 35, 50, 0.21,345,11.5
2026-05-24 23:27:59,-102.1510,31.8857, 317.6, 9170,-35.5,-45.5,-41.7, 35, 50, 0.21,345,11.6
2026-05-24 23:28:00,-102.1509,31.8856, 317.3, 9177,-35.6,-45.6,-41.8, 35, 49, 0.20,345,11.6
2026-05-24 23:28:01,-102.1509,31.8855, 317.0, 9184,-35.6,-45.7,-41.9, 35, 49, 0.20,345,11.7
2026-05-24 23:28:02,-102.1509,31.8854, 316.7, 9190,-35.7,-45.8,-42.0, 35, 49, 0.20,345,11.7
2026-05-24 23:28:03,-102.1508,31.8853, 316.4, 9197,-35.7,-45.9,-42.1, 35, 49, 0.20,344,11.8
2026-05-24 23:28:04,-102.1508,31.8852, 316.1, 9204,-35.8,-46.0,-42.2, 34, 49, 0.20,344,11.8
2026-05-24 23:28:05,-102.1508,31.8851, 315.8, 9211,-35.8,-46.1,-42.3, 34, 48, 0.20,344,11.8
2026-05-24 23:28:06,-102.1507,31.8850, 315.5, 9217,-35.9,-46.2,-42.4, 34, 48, 0.19,344,11.8
2026-05-24 23:28:07,-102.1507,31.8849, 315.2, 9223,-35.9,-46.3,-42.4, 34, 48, 0.19,344,11.8
2026-05-24 23:28:08,-102.1507,31.8848, 314.9, 9229,-36.0,-46.3,-42.5, 34, 48, 0.19,344,11.9
2026-05-24 23:28:09,-102.1506,31.8847, 314.6, 9235,-36.0,-46.4,-42.6, 34, 48, 0.19,344,11.9
2026-05-24 23:28:10,-102.1506,31.8846, 314.4, 9240,-36.0,-46.5,-42.6, 34, 48, 0.19,344,11.9
2026-05-24 23:28:11,-102.1506,31.8845, 314.1, 9246,-36.1,-46.5,-42.7, 33, 47, 0.19,344,11.9
2026-05-24 23:28:12,-102.1505,31.8844, 313.8, 9252,-36.1,-46.6,-42.7, 33, 47, 0.19,344,11.9
2026-05-24 23:28:13,-102.1505,31.8843, 313.5, 9259,-36.1,-46.7,-42.8, 33, 47, 0.18,344,12.0
2026-05-24 23:28:14,-102.1505,31.8842, 313.3, 9265,-36.2,-46.7,-42.9, 33, 47, 0.18,343,12.0
2026-05-24 23:28:15,-102.1504,31.8840, 313.0, 9272,-36.2,-46.8,-42.9, 33, 47, 0.18,343,12.0
2026-05-24 23:28:16,-102.1504,31.8839, 312.8, 9278,-36.2,-46.8,-43.0, 33, 47, 0.18,343,12.0
2026-05-24 23:28:17,-102.1503,31.8838, 312.5, 9285,-36.3,-46.9,-43.0, 33, 47, 0.18,343,12.0
2026-05-24 23:28:18,-102.1503,31.8837, 312.2, 9289,-36.3,-47.0,-43.1, 33, 46, 0.18,343,12.0
2026-05-24 23:28:19,-102.1503,31.8836, 312.0, 9294,-36.3,-47.0,-43.2, 32, 46, 0.18,343,12.1
2026-05-24 23:28:20,-102.1502,31.8835, 311.8, 9298,-36.4,-47.0,-43.2, 33, 46, 0.18,343,12.1
2026-05-24 23:28:21,-102.1502,31.8834, 311.6, 9303,-36.4,-47.0,-43.2, 33, 47, 0.18,343,12.1
2026-05-24 23:28:22,-102.1502,31.8833, 311.4, 9307,-36.4,-47.0,-43.1, 33, 47, 0.18,343,12.1
2026-05-24 23:28:23,-102.1501,31.8832, 311.2, 9312,-36.4,-47.0,-43.1, 33, 47, 0.18,343,12.2
2026-05-24 23:28:24,-102.1501,31.8831, 311.0, 9316,-36.5,-47.0,-43.1, 33, 47, 0.18,343,12.2
2026-05-24 23:28:25,-102.1501,31.8830, 310.8, 9321,-36.5,-47.0,-43.1, 33, 47, 0.18,343,12.2
2026-05-24 23:28:26,-102.1500,31.8828, 310.6, 9325,-36.5,-47.0,-43.1, 33, 48, 0.18,343,12.2
2026-05-24 23:28:27,-102.1500,31.8827, 310.4, 9329,-36.5,-47.0,-43.1, 33, 48, 0.18,343,12.3
2026-05-24 23:28:28,-102.1499,31.8826, 310.2, 9334,-36.6,-46.9,-43.1, 34, 48, 0.18,343,12.3
2026-05-24 23:28:29,-102.1499,31.8825, 310.0, 9338,-36.6,-46.9,-43.1, 34, 48, 0.18,344,12.3
2026-05-24 23:28:30,-102.1499,31.8824, 309.8, 9343,-36.6,-46.9,-43.1, 34, 48, 0.18,344,12.4
2026-05-24 23:28:31,-102.1498,31.8823, 309.6, 9347,-36.6,-46.9,-43.1, 34, 48, 0.18,344,12.4
2026-05-24 23:28:32,-102.1498,31.8822, 309.3, 9353,-36.7,-46.9,-43.0, 34, 49, 0.18,344,12.4
2026-05-24 23:28:33,-102.1498,31.8821, 309.2, 9356,-36.7,-46.9,-43.1, 34, 49, 0.18,344,12.5
2026-05-24 23:28:34,-102.1497,31.8820, 309.0, 9360,-36.7,-47.0,-43.1, 34, 49, 0.18,344,12.5
2026-05-24 23:28:35,-102.1497,31.8819, 308.8, 9364,-36.7,-47.0,-43.1, 34, 49, 0.18,344,12.5
2026-05-24 23:28:36,-102.1497,31.8818, 308.6, 9369,-36.8,-47.0,-43.2, 34, 49, 0.18,344,12.5
2026-05-24 23:28:37,-102.1496,31.8816, 308.4, 9373,-36.8,-47.1,-43.2, 34, 48, 0.18,344,12.6
2026-05-24 23:28:38,-102.1496,31.8815, 308.2, 9378,-36.8,-47.1,-43.3, 34, 48, 0.18,345,12.6
2026-05-24 23:28:39,-102.1496,31.8814, 308.0, 9382,-36.9,-47.2,-43.3, 34, 48, 0.18,345,12.6
2026-05-24 23:28:40,-102.1495,31.8813, 307.8, 9386,-36.9,-47.2,-43.3, 34, 48, 0.18,345,12.7
2026-05-24 23:28:41,-102.1495,31.8812, 307.7, 9390,-36.9,-47.2,-43.4, 34, 48, 0.18,345,12.7
2026-05-24 23:28:42,-102.1494,31.8811, 307.5, 9395,-37.0,-47.3,-43.4, 34, 48, 0.18,345,12.7
2026-05-24 23:28:43,-102.1494,31.8810, 307.3, 9399,-37.0,-47.3,-43.4, 34, 48, 0.18,345,12.8
2026-05-24 23:28:44,-102.1494,31.8809, 307.1, 9403,-37.0,-47.4,-43.5, 33, 48, 0.17,345,12.8
2026-05-24 23:28:45,-102.1493,31.8808, 306.9, 9407,-37.1,-47.4,-43.5, 33, 48, 0.17,345,12.8
2026-05-24 23:28:46,-102.1493,31.8806, 306.7, 9411,-37.1,-47.5,-43.6, 33, 48, 0.17,345,12.8
2026-05-24 23:28:47,-102.1493,31.8805, 306.6, 9415,-37.1,-47.5,-43.6, 33, 48, 0.17,345,12.9
2026-05-24 23:28:48,-102.1492,31.8804, 306.4, 9419,-37.2,-47.6,-43.7, 33, 48, 0.17,345,12.9
2026-05-24 23:28:49,-102.1492,31.8803, 306.2, 9423,-37.2,-47.6,-43.7, 33, 48, 0.17,344,12.9
2026-05-24 23:28:50,-102.1491,31.8802, 306.0, 9427,-37.2,-47.7,-43.8, 33, 48, 0.17,344,12.9
2026-05-24 23:28:51,-102.1491,31.8801, 305.8, 9431,-37.3,-47.7,-43.8, 33, 47, 0.17,344,13.0
2026-05-24 23:28:52,-102.1491,31.8800, 305.6, 9436,-37.3,-47.8,-43.9, 33, 47, 0.17,344,13.0
2026-05-24 23:28:53,-102.1490,31.8799, 305.4, 9440,-37.4,-47.9,-44.0, 33, 47, 0.17,344,13.0
2026-05-24 23:28:54,-102.1490,31.8797, 305.2, 9445,-37.4,-47.9,-44.0, 33, 47, 0.17,344,13.0
2026-05-24 23:28:55,-102.1489,31.8796, 305.0, 9450,-37.4,-48.0,-44.1, 33, 47, 0.16,344,13.1
2026-05-24 23:28:56,-102.1489,31.8795, 304.8, 9454,-37.5,-48.0,-44.1, 33, 47, 0.16,344,13.1
2026-05-24 23:28:57,-102.1489,31.8794, 304.6, 9459,-37.5,-48.1,-44.2, 32, 47, 0.16,344,13.1
2026-05-24 23:28:58,-102.1488,31.8793, 304.4, 9464,-37.6,-48.2,-44.2, 32, 47, 0.16,344,13.1
2026-05-24 23:28:59,-102.1488,31.8792, 304.1, 9469,-37.6,-48.2,-44.3, 32, 47, 0.16,344,13.2
2026-05-24 23:29:00,-102.1487,31.8791, 303.9, 9474,-37.6,-48.3,-44.3, 32, 47, 0.16,344,13.2
2026-05-24 23:29:01,-102.1487,31.8789, 303.7, 9479,-37.7,-48.3,-44.4, 32, 47, 0.16,344,13.2
2026-05-24 23:29:02,-102.1487,31.8788, 303.5, 9484,-37.7,-48.4,-44.5, 32, 46, 0.16,344,13.3
2026-05-24 23:29:03,-102.1486,31.8787, 303.3, 9489,-37.8,-48.4,-44.5, 32, 46, 0.16,344,13.2
2026-05-24 23:29:04,-102.1486,31.8786, 303.1, 9494,-37.8,-48.5,-44.6, 32, 46, 0.16,344,13.2
2026-05-24 23:29:05,-102.1485,31.8785, 302.8, 9499,-37.9,-48.5,-44.6, 32, 46, 0.16,344,13.2
2026-05-24 23:29:06,-102.1485,31.8784, 302.6, 9504,-37.9,-48.6,-44.7, 32, 46, 0.15,344,13.2
2026-05-24 23:29:07,-102.1485,31.8783, 302.4, 9509,-38.0,-48.7,-44.7, 32, 46, 0.15,344,13.2
2026-05-24 23:29:08,-102.1484,31.8781, 302.2, 9514,-38.0,-48.7,-44.8, 32, 46, 0.15,344,13.2
2026-05-24 23:29:09,-102.1484,31.8780, 302.0, 9519,-38.1,-48.8,-44.8, 32, 46, 0.15,343,13.2
2026-05-24 23:29:10,-102.1483,31.8779, 301.8, 9523,-38.1,-48.8,-44.9, 32, 46, 0.15,343,13.1
2026-05-24 23:29:11,-102.1483,31.8778, 301.6, 9528,-38.2,-48.9,-44.9, 32, 46, 0.15,343,13.1
2026-05-24 23:29:12,-102.1483,31.8777, 301.4, 9533,-38.2,-48.9,-45.0, 32, 46, 0.15,343,13.1
2026-05-24 23:29:13,-102.1482,31.8776, 301.1, 9538,-38.3,-49.0,-45.0, 32, 46, 0.15,343,13.1
2026-05-24 23:29:14,-102.1482,31.8775, 300.9, 9543,-38.3,-49.0,-45.1, 32, 46, 0.15,343,13.1
2026-05-24 23:29:15,-102.1481,31.8774, 300.7, 9548,-38.4,-49.1,-45.1, 32, 46, 0.15,343,13.1
2026-05-24 23:29:16,-102.1481,31.8772, 300.5, 9553,-38.4,-49.1,-45.1, 32, 46, 0.15,343,13.1
2026-05-24 23:29:17,-102.1481,31.8771, 300.3, 9557,-38.5,-49.2,-45.2, 32, 46, 0.15,343,13.1
2026-05-24 23:29:18,-102.1480,31.8770, 300.0, 9564,-38.5,-49.2,-45.2, 32, 46, 0.15,343,13.0
2026-05-24 23:29:19,-102.1480,31.8769, 299.9, 9567,-38.5,-49.2,-45.3, 32, 46, 0.14,343,13.0
2026-05-24 23:29:20,-102.1480,31.8768, 299.6, 9572,-38.6,-49.3,-45.3, 32, 46, 0.14,343,13.0
2026-05-24 23:29:21,-102.1479,31.8767, 299.4, 9577,-38.6,-49.3,-45.3, 32, 46, 0.14,343,13.0
2026-05-24 23:29:22,-102.1479,31.8766, 299.2, 9581,-38.7,-49.4,-45.4, 32, 46, 0.14,343,13.0
2026-05-24 23:29:23,-102.1478,31.8765, 299.0, 9586,-38.7,-49.4,-45.4, 32, 46, 0.14,343,13.0
2026-05-24 23:29:24,-102.1478,31.8764, 298.8, 9591,-38.8,-49.5,-45.5, 32, 46, 0.14,343,13.0
2026-05-24 23:29:25,-102.1478,31.8762, 298.6, 9596,-38.8,-49.5,-45.5, 32, 46, 0.14,343,13.0
2026-05-24 23:29:26,-102.1477,31.8761, 298.4, 9601,-38.9,-49.5,-45.6, 32, 46, 0.14,343,12.9
2026-05-24 23:29:27,-102.1477,31.8760, 298.2, 9605,-38.9,-49.6,-45.6, 32, 46, 0.14,343,12.9
2026-05-24 23:29:28,-102.1476,31.8759, 298.0, 9610,-39.0,-49.6,-45.6, 32, 46, 0.14,343,12.9
2026-05-24 23:29:29,-102.1476,31.8758, 297.8, 9615,-39.0,-49.6,-45.6, 32, 46, 0.14,343,12.9
2026-05-24 23:29:30,-102.1476,31.8757, 297.6, 9619,-39.0,-49.7,-45.7, 32, 47, 0.14,343,12.9
2026-05-24 23:29:31,-102.1475,31.8756, 297.4, 9625,-39.1,-49.7,-45.7, 32, 47, 0.14,343,12.9
2026-05-24 23:29:32,-102.1475,31.8755, 297.1, 9630,-39.1,-49.7,-45.7, 32, 47, 0.14,343,12.9
2026-05-24 23:29:33,-102.1475,31.8754, 296.9, 9635,-39.2,-49.7,-45.7, 32, 47, 0.14,343,12.9
2026-05-24 23:29:34,-102.1474,31.8753, 296.7, 9640,-39.2,-49.8,-45.8, 32, 47, 0.14,343,12.9
2026-05-24 23:29:35,-102.1474,31.8752, 296.5, 9645,-39.3,-49.8,-45.8, 32, 47, 0.14,343,12.9
2026-05-24 23:29:36,-102.1473,31.8750, 296.3, 9649,-39.3,-49.8,-45.8, 32, 47, 0.14,343,12.9
2026-05-24 23:29:37,-102.1473,31.8749, 296.1, 9654,-39.3,-49.8,-45.8, 32, 47, 0.14,343,12.8
2026-05-24 23:29:38,-102.1473,31.8748, 295.9, 9659,-39.4,-49.9,-45.9, 32, 47, 0.14,343,12.8
2026-05-24 23:29:39,-102.1472,31.8747, 295.7, 9663,-39.4,-49.9,-45.9, 32, 47, 0.14,343,12.8
2026-05-24 23:29:40,-102.1472,31.8746, 295.5, 9668,-39.5,-49.9,-45.9, 32, 47, 0.14,343,12.8
2026-05-24 23:29:41,-102.1471,31.8745, 295.3, 9673,-39.5,-50.0,-46.0, 32, 47, 0.14,343,12.8
2026-05-24 23:29:42,-102.1471,31.8744, 295.1, 9677,-39.6,-50.0,-46.0, 32, 47, 0.14,343,12.8
2026-05-24 23:29:43,-102.1471,31.8743, 294.9, 9682,-39.6,-50.0,-46.0, 32, 48, 0.13,343,12.8
2026-05-24 23:29:44,-102.1470,31.8742, 294.7, 9686,-39.6,-50.1,-46.1, 32, 48, 0.13,343,12.8
2026-05-24 23:29:45,-102.1470,31.8741, 294.5, 9691,-39.7,-50.1,-46.1, 32, 48, 0.13,343,12.8
2026-05-24 23:29:46,-102.1470,31.8739, 294.3, 9695,-39.7,-50.1,-46.1, 32, 48, 0.13,343,12.7
2026-05-24 23:29:47,-102.1469,31.8738, 294.1, 9700,-39.8,-50.2,-46.2, 32, 48, 0.13,344,12.7
2026-05-24 23:29:48,-102.1469,31.8737, 293.9, 9704,-39.8,-50.2,-46.2, 32, 48, 0.13,344,12.7
2026-05-24 23:29:49,-102.1468,31.8736, 293.7, 9709,-39.9,-50.2,-46.2, 32, 48, 0.13,344,12.7
2026-05-24 23:29:50,-102.1468,31.8735, 293.5, 9714,-39.9,-50.3,-46.2, 32, 48, 0.13,344,12.7
2026-05-24 23:29:51,-102.1468,31.8734, 293.3, 9718,-40.0,-50.3,-46.3, 32, 48, 0.13,344,12.7
2026-05-24 23:29:52,-102.1467,31.8733, 293.1, 9723,-40.0,-50.3,-46.3, 32, 48, 0.13,344,12.7
2026-05-24 23:29:53,-102.1467,31.8732, 292.9, 9727,-40.0,-50.4,-46.4, 32, 48, 0.13,344,12.6
2026-05-24 23:29:54,-102.1467,31.8731, 292.8, 9731,-40.1,-50.4,-46.4, 33, 48, 0.13,344,12.6
2026-05-24 23:29:55,-102.1466,31.8730, 292.6, 9736,-40.1,-50.4,-46.4, 33, 48, 0.13,344,12.6
2026-05-24 23:29:56,-102.1466,31.8729, 292.4, 9740,-40.2,-50.5,-46.4, 33, 48, 0.13,344,12.6
2026-05-24 23:29:57,-102.1466,31.8728, 292.2, 9744,-40.2,-50.5,-46.4, 33, 48, 0.13,344,12.6
2026-05-24 23:29:58,-102.1465,31.8726, 292.0, 9749,-40.3,-50.5,-46.5, 33, 48, 0.13,344,12.6
2026-05-24 23:29:59,-102.1465,31.8725, 291.8, 9754,-40.3,-50.5,-46.5, 33, 49, 0.13,345,12.6
2026-05-24 23:30:00,-102.1464,31.8724, 291.6, 9758,-40.3,-50.6,-46.5, 33, 49, 0.13,345,12.6
2026-05-24 23:30:01,-102.1464,31.8723, 291.4, 9763,-40.4,-50.6,-46.6, 33, 49, 0.13,345,12.5
2026-05-24 23:30:02,-102.1464,31.8722, 291.2, 9768,-40.4,-50.6,-46.6, 33, 49, 0.13,345,12.5
2026-05-24 23:30:03,-102.1463,31.8721, 291.0, 9772,-40.5,-50.6,-46.6, 33, 49, 0.13,345,12.5
2026-05-24 23:30:04,-102.1463,31.8720, 290.8, 9777,-40.5,-50.7,-46.6, 33, 49, 0.13,345,12.5
2026-05-24 23:30:05,-102.1463,31.8719, 290.6, 9781,-40.5,-50.7,-46.6, 33, 49, 0.13,344,12.5
2026-05-24 23:30:06,-102.1462,31.8718, 290.4, 9785,-40.6,-50.7,-46.7, 33, 49, 0.13,344,12.5
2026-05-24 23:30:07,-102.1462,31.8717, 290.3, 9788,-40.6,-50.7,-46.7, 33, 49, 0.13,344,12.5
2026-05-24 23:30:08,-102.1462,31.8716, 290.1, 9794,-40.7,-50.8,-46.8, 33, 49, 0.13,344,12.5
2026-05-24 23:30:09,-102.1461,31.8715, 289.9, 9799,-40.7,-50.9,-46.8, 33, 49, 0.12,344,12.5
2026-05-24 23:30:10,-102.1461,31.8714, 289.7, 9803,-40.7,-50.9,-46.9, 33, 49, 0.12,344,12.5
2026-05-24 23:30:11,-102.1460,31.8712, 289.5, 9808,-40.8,-51.0,-47.0, 33, 48, 0.12,344,12.5
2026-05-24 23:30:12,-102.1460,31.8711, 289.3, 9812,-40.8,-51.1,-47.0, 32, 48, 0.12,344,12.5
2026-05-24 23:30:13,-102.1460,31.8710, 289.1, 9817,-40.8,-51.1,-47.1, 32, 48, 0.12,343,12.5
2026-05-24 23:30:14,-102.1459,31.8709, 288.9, 9821,-40.9,-51.2,-47.1, 32, 48, 0.12,343,12.5
2026-05-24 23:30:15,-102.1459,31.8708, 288.7, 9826,-40.9,-51.3,-47.2, 32, 48, 0.12,343,12.5
2026-05-24 23:30:16,-102.1459,31.8707, 288.5, 9831,-41.0,-51.3,-47.3, 32, 48, 0.12,343,12.4
2026-05-24 23:30:17,-102.1458,31.8706, 288.3, 9835,-41.0,-51.4,-47.3, 32, 48, 0.12,343,12.4
2026-05-24 23:30:18,-102.1458,31.8705, 288.1, 9840,-41.0,-51.4,-47.4, 32, 47, 0.12,343,12.4
2026-05-24 23:30:19,-102.1457,31.8704, 287.9, 9845,-41.1,-51.5,-47.4, 32, 47, 0.12,343,12.4
2026-05-24 23:30:20,-102.1457,31.8703, 287.7, 9850,-41.1,-51.6,-47.5, 32, 47, 0.12,343,12.4
2026-05-24 23:30:21,-102.1456,31.8702, 287.5, 9854,-41.1,-51.7,-47.6, 31, 47, 0.11,343,12.4
2026-05-24 23:30:22,-102.1456,31.8701, 287.3, 9859,-41.2,-51.8,-47.7, 31, 47, 0.11,342,12.4
2026-05-24 23:30:23,-102.1455,31.8699, 287.1, 9863,-41.2,-51.8,-47.8, 31, 46, 0.11,342,12.4
2026-05-24 23:30:24,-102.1455,31.8698, 287.0, 9867,-41.2,-51.9,-47.8, 31, 46, 0.11,342,12.5
2026-05-24 23:30:25,-102.1454,31.8697, 286.8, 9872,-41.3,-52.0,-47.9, 31, 46, 0.11,342,12.5
2026-05-24 23:30:26,-102.1454,31.8696, 286.6, 9877,-41.3,-52.1,-48.0, 30, 45, 0.11,342,12.5
2026-05-24 23:30:27,-102.1453,31.8695, 286.3, 9882,-41.3,-52.2,-48.1, 30, 45, 0.11,342,12.5
2026-05-24 23:30:28,-102.1453,31.8694, 286.1, 9887,-41.4,-52.3,-48.2, 30, 45, 0.11,342,12.5
2026-05-24 23:30:29,-102.1453,31.8693, 285.9, 9892,-41.4,-52.4,-48.3, 30, 45, 0.11,342,12.6
2026-05-24 23:30:30,-102.1452,31.8692, 285.7, 9897,-41.5,-52.5,-48.4, 30, 44, 0.10,341,12.6
2026-05-24 23:30:31,-102.1452,31.8691, 285.5, 9902,-41.5,-52.6,-48.5, 29, 44, 0.10,341,12.6
2026-05-24 23:30:32,-102.1451,31.8690, 285.3, 9907,-41.5,-52.7,-48.5, 29, 44, 0.10,341,12.6
2026-05-24 23:30:33,-102.1451,31.8689, 285.1, 9911,-41.6,-52.8,-48.6, 29, 43, 0.10,341,12.7
2026-05-24 23:30:34,-102.1450,31.8688, 284.9, 9916,-41.6,-52.8,-48.7, 29, 43, 0.10,341,12.7
2026-05-24 23:30:35,-102.1450,31.8686, 284.7, 9921,-41.6,-52.9,-48.8, 29, 43, 0.10,341,12.7
2026-05-24 23:30:36,-102.1449,31.8685, 284.5, 9925,-41.7,-52.9,-48.8, 29, 43, 0.10,341,12.7
2026-05-24 23:30:37,-102.1449,31.8684, 284.3, 9930,-41.7,-53.0,-48.9, 28, 43, 0.10,341,12.7
2026-05-24 23:30:38,-102.1448,31.8683, 284.1, 9935,-41.7,-53.0,-48.9, 28, 43, 0.10,341,12.8
2026-05-24 23:30:39,-102.1448,31.8682, 283.9, 9939,-41.7,-53.1,-49.0, 28, 43, 0.10,340,12.8
2026-05-24 23:30:40,-102.1448,31.8681, 283.7, 9944,-41.8,-53.1,-49.0, 28, 42, 0.10,340,12.8
2026-05-24 23:30:41,-102.1447,31.8680, 283.5, 9949,-41.8,-53.2,-49.1, 28, 42, 0.10,340,12.8
2026-05-24 23:30:42,-102.1447,31.8679, 283.3, 9953,-41.8,-53.2,-49.1, 28, 42, 0.10,340,12.9
2026-05-24 23:30:43,-102.1446,31.8678, 283.2, 9958,-41.9,-53.3,-49.2, 28, 42, 0.10,340,12.9
2026-05-24 23:30:44,-102.1446,31.8677, 283.0, 9962,-41.9,-53.4,-49.2, 28, 42, 0.10,340,12.9
2026-05-24 23:30:45,-102.1445,31.8676, 282.8, 9967,-41.9,-53.4,-49.3, 28, 42, 0.09,340,12.9
2026-05-24 23:30:46,-102.1445,31.8675, 282.6, 9972,-42.0,-53.5,-49.3, 28, 42, 0.09,340,12.9
2026-05-24 23:30:47,-102.1444,31.8673, 282.4, 9976,-42.0,-53.5,-49.4, 28, 42, 0.09,340,13.0
2026-05-24 23:30:48,-102.1444,31.8672, 282.2, 9981,-42.0,-53.5,-49.4, 28, 42, 0.09,339,13.0
2026-05-24 23:30:49,-102.1443,31.8671, 282.0, 9985,-42.0,-53.6,-49.4, 28, 42, 0.09,339,13.0
2026-05-24 23:30:50,-102.1443,31.8670, 281.8, 9989,-42.1,-53.6,-49.4, 28, 42, 0.09,339,13.0
2026-05-24 23:30:51,-102.1442,31.8669, 281.7, 9994,-42.1,-53.6,-49.4, 28, 42, 0.09,339,13.1
2026-05-24 23:30:52,-102.1442,31.8668, 281.5, 9998,-42.1,-53.6,-49.5, 28, 42, 0.09,339,13.1
2026-05-24 23:30:53,-102.1441,31.8666, 281.3,10002,-42.1,-53.6,-49.5, 28, 42, 0.09,339,13.1
2026-05-24 23:30:54,-102.1440,31.8665, 281.1,10007,-42.2,-53.7,-49.5, 28, 42, 0.09,339,13.1
2026-05-24 23:30:55,-102.1440,31.8664, 280.9,10011,-42.2,-53.7,-49.5, 28, 42, 0.09,339,13.2
2026-05-24 23:30:56,-102.1439,31.8663, 280.8,10015,-42.2,-53.7,-49.6, 28, 42, 0.09,339,13.2
2026-05-24 23:30:57,-102.1439,31.8662, 280.6,10020,-42.2,-53.7,-49.6, 28, 42, 0.09,339,13.2
2026-05-24 23:30:58,-102.1438,31.8661, 280.4,10024,-42.2,-53.8,-49.6, 28, 42, 0.09,338,13.2
2026-05-24 23:30:59,-102.1438,31.8660, 280.2,10028,-42.3,-53.8,-49.6, 28, 42, 0.09,338,13.2
2026-05-24 23:31:00,-102.1437,31.8658, 280.0,10033,-42.3,-53.8,-49.6, 28, 42, 0.09,338,13.3
2026-05-24 23:31:01,-102.1437,31.8657, 279.8,10037,-42.3,-53.8,-49.7, 28, 42, 0.09,338,13.3
2026-05-24 23:31:02,-102.1436,31.8656, 279.7,10042,-42.3,-53.9,-49.7, 28, 42, 0.09,338,13.3
2026-05-24 23:31:03,-102.1436,31.8655, 279.5,10046,-42.4,-53.9,-49.7, 28, 42, 0.09,338,13.4
2026-05-24 23:31:04,-102.1435,31.8654, 279.3,10051,-42.4,-53.9,-49.7, 27, 41, 0.09,338,13.4
2026-05-24 23:31:05,-102.1435,31.8653, 279.1,10055,-42.4,-53.9,-49.8, 27, 41, 0.09,338,13.4
2026-05-24 23:31:06,-102.1434,31.8652, 278.9,10060,-42.4,-54.0,-49.8, 27, 41, 0.09,338,13.5
2026-05-24 23:31:07,-102.1434,31.8650, 278.7,10065,-42.4,-54.0,-49.8, 27, 41, 0.09,338,13.5
2026-05-24 23:31:08,-102.1433,31.8649, 278.5,10069,-42.4,-54.0,-49.8, 27, 41, 0.09,338,13.5
2026-05-24 23:31:09,-102.1432,31.8648, 278.3,10074,-42.4,-54.0,-49.9, 27, 41, 0.09,338,13.6
2026-05-24 23:31:10,-102.1432,31.8647, 278.1,10079,-42.5,-54.1,-49.9, 27, 41, 0.09,338,13.6
2026-05-24 23:31:11,-102.1431,31.8646, 277.9,10083,-42.5,-54.1,-49.9, 27, 41, 0.09,338,13.7
2026-05-24 23:31:12,-102.1431,31.8645, 277.7,10089,-42.5,-54.1,-49.9, 27, 41, 0.09,338,13.7
2026-05-24 23:31:13,-102.1430,31.8643, 277.5,10094,-42.5,-54.1,-50.0, 27, 41, 0.09,338,13.7
2026-05-24 23:31:14,-102.1430,31.8642, 277.3,10099,-42.5,-54.2,-50.0, 27, 41, 0.09,338,13.8
2026-05-24 23:31:15,-102.1429,31.8641, 277.1,10104,-42.5,-54.2,-50.0, 27, 41, 0.09,338,13.8
2026-05-24 23:31:16,-102.1429,31.8640, 276.9,10109,-42.5,-54.3,-50.1, 27, 41, 0.09,338,13.9
2026-05-24 23:31:17,-102.1428,31.8639, 276.7,10114,-42.6,-54.3,-50.2, 27, 40, 0.09,338,13.9
2026-05-24 23:31:18,-102.1428,31.8638, 276.5,10119,-42.6,-54.4,-50.2, 26, 40, 0.09,338,13.9
2026-05-24 23:31:19,-102.1427,31.8637, 276.2,10125,-42.6,-54.5,-50.3, 26, 40, 0.09,339,14.0
2026-05-24 23:31:20,-102.1426,31.8635, 276.0,10130,-42.6,-54.5,-50.3, 26, 40, 0.09,339,14.0
2026-05-24 23:31:21,-102.1426,31.8634, 275.8,10135,-42.6,-54.6,-50.4, 26, 40, 0.08,339,14.1
2026-05-24 23:31:22,-102.1425,31.8633, 275.6,10140,-42.7,-54.6,-50.4, 26, 39, 0.08,339,14.1
2026-05-24 23:31:23,-102.1424,31.8632, 275.4,10145,-42.7,-54.7,-50.5, 26, 39, 0.08,338,14.1
2026-05-24 23:31:24,-102.1424,31.8631, 275.2,10150,-42.7,-54.8,-50.6, 26, 39, 0.08,338,14.1
2026-05-24 23:31:25,-102.1423,31.8629, 275.0,10154,-42.7,-54.8,-50.6, 26, 39, 0.08,338,14.1
2026-05-24 23:31:26,-102.1423,31.8628, 274.8,10159,-42.7,-54.9,-50.7, 25, 39, 0.08,338,14.1
2026-05-24 23:31:27,-102.1422,31.8627, 274.7,10164,-42.8,-55.0,-50.7, 25, 38, 0.08,338,14.1
2026-05-24 23:31:28,-102.1421,31.8626, 274.5,10168,-42.8,-55.0,-50.8, 25, 38, 0.08,338,14.1
2026-05-24 23:31:29,-102.1421,31.8625, 274.3,10173,-42.8,-55.0,-50.8, 25, 38, 0.08,338,14.1
2026-05-24 23:31:30,-102.1420,31.8624, 274.1,10177,-42.8,-55.1,-50.9, 25, 38, 0.08,337,14.1
2026-05-24 23:31:31,-102.1420,31.8622, 273.9,10182,-42.9,-55.1,-50.9, 25, 38, 0.08,337,14.1
2026-05-24 23:31:32,-102.1419,31.8621, 273.7,10186,-42.9,-55.2,-51.0, 25, 38, 0.08,337,14.1
2026-05-24 23:31:33,-102.1418,31.8620, 273.5,10191,-42.9,-55.2,-51.0, 25, 38, 0.08,337,14.1
2026-05-24 23:31:34,-102.1418,31.8619, 273.3,10196,-43.0,-55.3,-51.1, 25, 38, 0.08,337,14.1
2026-05-24 23:31:35,-102.1417,31.8618, 273.1,10201,-43.0,-55.3,-51.1, 25, 38, 0.08,337,14.1
2026-05-24 23:31:36,-102.1417,31.8616, 272.9,10206,-43.0,-55.4,-51.2, 25, 38, 0.08,337,14.1
2026-05-24 23:31:37,-102.1416,31.8615, 272.7,10211,-43.1,-55.4,-51.2, 25, 38, 0.08,336,14.1
2026-05-24 23:31:38,-102.1415,31.8614, 272.5,10216,-43.1,-55.5,-51.3, 25, 38, 0.08,336,14.1
2026-05-24 23:31:39,-102.1415,31.8613, 272.3,10222,-43.1,-55.5,-51.3, 25, 37, 0.08,336,14.1
2026-05-24 23:31:40,-102.1414,31.8612, 272.1,10227,-43.2,-55.6,-51.4, 25, 37, 0.08,336,14.2
2026-05-24 23:31:41,-102.1414,31.8611, 271.9,10230,-43.2,-55.6,-51.4, 24, 37, 0.08,336,14.2
2026-05-24 23:31:42,-102.1413,31.8609, 271.6,10238,-43.2,-55.6,-51.4, 25, 37, 0.08,336,14.2
2026-05-24 23:31:43,-102.1412,31.8608, 271.4,10243,-43.3,-55.7,-51.4, 25, 37, 0.08,336,14.2
2026-05-24 23:31:44,-102.1412,31.8607, 271.2,10249,-43.3,-55.7,-51.4, 25, 38, 0.08,336,14.3
2026-05-24 23:31:45,-102.1411,31.8606, 271.0,10254,-43.4,-55.7,-51.4, 25, 38, 0.08,336,14.3
2026-05-24 23:31:46,-102.1411,31.8605, 270.8,10260,-43.4,-55.7,-51.5, 25, 38, 0.08,336,14.4
2026-05-24 23:31:47,-102.1410,31.8603, 270.6,10264,-43.4,-55.7,-51.5, 25, 38, 0.08,336,14.4
2026-05-24 23:31:48,-102.1409,31.8602, 270.4,10269,-43.5,-55.7,-51.5, 25, 38, 0.08,336,14.5
2026-05-24 23:31:49,-102.1409,31.8601, 270.2,10274,-43.5,-55.8,-51.5, 25, 38, 0.08,336,14.5
2026-05-24 23:31:50,-102.1408,31.8600, 270.0,10278,-43.5,-55.8,-51.5, 25, 38, 0.07,336,14.6
2026-05-24 23:31:51,-102.1407,31.8598, 269.8,10283,-43.6,-55.8,-51.5, 25, 38, 0.07,336,14.6
2026-05-24 23:31:52,-102.1407,31.8597, 269.6,10288,-43.6,-55.8,-51.6, 25, 38, 0.07,336,14.7
2026-05-24 23:31:53,-102.1406,31.8596, 269.4,10293,-43.6,-55.8,-51.6, 25, 38, 0.07,336,14.7
2026-05-24 23:31:54,-102.1405,31.8594, 269.3,10297,-43.7,-55.8,-51.6, 25, 38, 0.07,336,14.8
2026-05-24 23:31:55,-102.1405,31.8593, 269.1,10302,-43.7,-55.9,-51.6, 25, 38, 0.07,336,14.8
2026-05-24 23:31:56,-102.1404,31.8592, 268.9,10307,-43.7,-55.9,-51.6, 25, 39, 0.07,336,14.9
2026-05-24 23:31:57,-102.1403,31.8591, 268.7,10311,-43.8,-55.9,-51.6, 25, 39, 0.07,336,14.9
2026-05-24 23:31:58,-102.1403,31.8589, 268.5,10316,-43.8,-55.9,-51.7, 25, 39, 0.07,336,15.0
2026-05-24 23:31:59,-102.1402,31.8588, 268.3,10320,-43.8,-55.9,-51.7, 25, 39, 0.07,336,15.0
2026-05-24 23:32:00,-102.1401,31.8587, 268.2,10324,-43.9,-55.9,-51.7, 25, 39, 0.07,336,15.1
2026-05-24 23:32:01,-102.1401,31.8586, 268.0,10329,-43.9,-55.9,-51.7, 25, 39, 0.07,336,15.1
2026-05-24 23:32:02,-102.1400,31.8584, 267.8,10333,-44.0,-55.9,-51.7, 25, 39, 0.07,336,15.2
2026-05-24 23:32:03,-102.1399,31.8583, 267.6,10338,-44.0,-56.0,-51.7, 26, 39, 0.07,336,15.2
2026-05-24 23:32:04,-102.1399,31.8582, 267.5,10342,-44.0,-56.0,-51.7, 26, 39, 0.07,336,15.2
2026-05-24 23:32:05,-102.1398,31.8581, 267.3,10346,-44.1,-56.0,-51.7, 26, 39, 0.07,336,15.3
2026-05-24 23:32:06,-102.1397,31.8579, 267.1,10351,-44.1,-56.0,-51.8, 26, 39, 0.07,336,15.3
2026-05-24 23:32:07,-102.1397,31.8578, 266.8,10357,-44.1,-56.0,-51.8, 26, 40, 0.07,336,15.3
2026-05-24 23:32:08,-102.1396,31.8577, 266.7,10360,-44.2,-56.0,-51.8, 26, 40, 0.07,336,15.3
2026-05-24 23:32:09,-102.1395,31.8575, 266.6,10365,-44.2,-56.1,-51.8, 26, 40, 0.07,336,15.4
2026-05-24 23:32:10,-102.1395,31.8574, 266.4,10369,-44.2,-56.1,-51.9, 26, 40, 0.07,336,15.4
2026-05-24 23:32:11,-102.1394,31.8573, 266.2,10374,-44.3,-56.2,-51.9, 26, 40, 0.07,336,15.4
2026-05-24 23:32:12,-102.1393,31.8572, 266.0,10379,-44.3,-56.2,-52.0, 26, 39, 0.07,336,15.4
2026-05-24 23:32:13,-102.1393,31.8570, 265.8,10384,-44.4,-56.3,-52.0, 26, 39, 0.07,336,15.4
2026-05-24 23:32:14,-102.1392,31.8569, 265.6,10389,-44.4,-56.3,-52.1, 26, 39, 0.07,336,15.5
2026-05-24 23:32:15,-102.1391,31.8568, 265.4,10393,-44.4,-56.4,-52.1, 26, 39, 0.07,336,15.5
2026-05-24 23:32:16,-102.1391,31.8567, 265.2,10398,-44.5,-56.4,-52.1, 25, 39, 0.07,336,15.5
2026-05-24 23:32:17,-102.1390,31.8565, 265.0,10403,-44.5,-56.5,-52.2, 25, 39, 0.07,336,15.5
2026-05-24 23:32:18,-102.1390,31.8564, 264.9,10408,-44.6,-56.5,-52.2, 25, 39, 0.07,336,15.6
2026-05-24 23:32:19,-102.1389,31.8563, 264.7,10413,-44.6,-56.5,-52.3, 25, 39, 0.07,336,15.6
2026-05-24 23:32:20,-102.1388,31.8561, 264.5,10417,-44.6,-56.6,-52.3, 25, 39, 0.07,336,15.6
2026-05-24 23:32:21,-102.1388,31.8560, 264.3,10423,-44.7,-56.6,-52.4, 25, 39, 0.07,336,15.6
2026-05-24 23:32:22,-102.1387,31.8558, 264.1,10428,-44.7,-56.7,-52.4, 25, 39, 0.07,336,15.6
2026-05-24 23:32:23,-102.1386,31.8557, 263.9,10433,-44.8,-56.7,-52.5, 25, 39, 0.07,336,15.7
2026-05-24 23:32:24,-102.1386,31.8556, 263.7,10438,-44.8,-56.8,-52.5, 25, 39, 0.07,336,15.7
2026-05-24 23:32:25,-102.1385,31.8554, 263.5,10443,-44.8,-56.8,-52.5, 25, 39, 0.07,336,15.7
2026-05-24 23:32:26,-102.1385,31.8553, 263.3,10448,-44.9,-56.9,-52.6, 25, 39, 0.07,337,15.8
2026-05-24 23:32:27,-102.1384,31.8552, 263.1,10453,-44.9,-56.9,-52.6, 25, 39, 0.07,337,15.8
2026-05-24 23:32:28,-102.1383,31.8550, 262.9,10458,-45.0,-56.9,-52.7, 25, 39, 0.07,337,15.8
2026-05-24 23:32:29,-102.1383,31.8549, 262.7,10463,-45.0,-57.0,-52.7, 25, 39, 0.07,337,15.8
2026-05-24 23:32:30,-102.1382,31.8548, 262.5,10468,-45.0,-57.0,-52.7, 25, 39, 0.07,337,15.9
2026-05-24 23:32:31,-102.1382,31.8546, 262.3,10473,-45.1,-57.1,-52.8, 25, 39, 0.07,337,15.9
2026-05-24 23:32:32,-102.1381,31.8545, 262.1,10478,-45.1,-57.1,-52.8, 25, 39, 0.07,337,15.9
2026-05-24 23:32:33,-102.1380,31.8544, 261.9,10483,-45.2,-57.2,-52.9, 25, 39, 0.07,337,16.0
2026-05-24 23:32:34,-102.1380,31.8542, 261.7,10488,-45.2,-57.2,-52.9, 25, 39, 0.07,338,16.0
2026-05-24 23:32:35,-102.1379,31.8541, 261.5,10493,-45.3,-57.2,-53.0, 25, 39, 0.06,338,16.0
2026-05-24 23:32:36,-102.1378,31.8540, 261.3,10498,-45.3,-57.3,-53.0, 25, 39, 0.06,338,16.0
2026-05-24 23:32:37,-102.1378,31.8538, 261.1,10503,-45.3,-57.3,-53.1, 25, 39, 0.06,338,16.1
2026-05-24 23:32:38,-102.1377,31.8537, 260.9,10508,-45.3,-57.4,-53.1, 25, 39, 0.06,338,16.1
2026-05-24 23:32:39,-102.1377,31.8536, 260.7,10513,-45.4,-57.4,-53.1, 25, 39, 0.06,338,16.1
2026-05-24 23:32:40,-102.1376,31.8534, 260.5,10518,-45.4,-57.5,-53.2, 25, 39, 0.06,338,16.2
2026-05-24 23:32:41,-102.1375,31.8533, 260.3,10524,-45.4,-57.5,-53.2, 25, 38, 0.06,338,16.2
2026-05-24 23:32:42,-102.1375,31.8532, 260.1,10529,-45.5,-57.6,-53.3, 25, 38, 0.06,338,16.2
2026-05-24 23:32:43,-102.1374,31.8530, 259.9,10534,-45.5,-57.6,-53.3, 25, 38, 0.06,339,16.2
2026-05-24 23:32:44,-102.1373,31.8529, 259.7,10539,-45.5,-57.7,-53.4, 25, 38, 0.06,339,16.1
2026-05-24 23:32:45,-102.1373,31.8528, 259.5,10544,-45.6,-57.7,-53.4, 24, 38, 0.06,339,16.1
2026-05-24 23:32:46,-102.1372,31.8526, 259.3,10549,-45.6,-57.8,-53.4, 24, 38, 0.06,339,16.1
2026-05-24 23:32:47,-102.1372,31.8525, 259.1,10554,-45.6,-57.8,-53.5, 24, 38, 0.06,339,16.0
2026-05-24 23:32:48,-102.1371,31.8524, 258.9,10559,-45.7,-57.8,-53.5, 24, 38, 0.06,339,16.0
2026-05-24 23:32:49,-102.1371,31.8522, 258.7,10564,-45.7,-57.9,-53.6, 24, 38, 0.06,339,16.0
2026-05-24 23:32:50,-102.1370,31.8521, 258.6,10568,-45.7,-57.9,-53.6, 24, 38, 0.06,340,15.9
2026-05-24 23:32:51,-102.1370,31.8520, 258.4,10573,-45.8,-58.0,-53.7, 24, 38, 0.06,340,15.9
2026-05-24 23:32:52,-102.1369,31.8518, 258.2,10578,-45.8,-58.0,-53.7, 24, 38, 0.06,340,15.9
2026-05-24 23:32:53,-102.1369,31.8517, 258.0,10583,-45.8,-58.1,-53.8, 24, 38, 0.06,340,15.8
2026-05-24 23:32:54,-102.1368,31.8516, 257.8,10588,-45.8,-58.1,-53.8, 24, 37, 0.06,340,15.8
2026-05-24 23:32:55,-102.1368,31.8515, 257.6,10592,-45.9,-58.2,-53.9, 24, 37, 0.06,340,15.7
2026-05-24 23:32:56,-102.1367,31.8513, 257.4,10597,-45.9,-58.2,-53.9, 24, 37, 0.06,341,15.7
2026-05-24 23:32:57,-102.1367,31.8512, 257.3,10602,-45.9,-58.3,-54.0, 24, 37, 0.06,341,15.7
2026-05-24 23:32:58,-102.1366,31.8511, 257.1,10606,-46.0,-58.3,-54.0, 24, 37, 0.06,341,15.6
2026-05-24 23:32:59,-102.1366,31.8510, 256.9,10611,-46.0,-58.4,-54.1, 24, 37, 0.06,341,15.6
2026-05-24 23:33:00,-102.1365,31.8508, 256.7,10616,-46.0,-58.4,-54.1, 24, 37, 0.06,341,15.6
2026-05-24 23:33:01,-102.1365,31.8507, 256.5,10620,-46.1,-58.5,-54.1, 24, 37, 0.06,341,15.5
2026-05-24 23:33:02,-102.1364,31.8506, 256.4,10625,-46.1,-58.5,-54.2, 23, 37, 0.06,342,15.5
2026-05-24 23:33:03,-102.1364,31.8504, 256.2,10630,-46.1,-58.6,-54.2, 23, 37, 0.06,342,15.5
2026-05-24 23:33:04,-102.1363,31.8503, 256.0,10634,-46.2,-58.6,-54.3, 23, 37, 0.06,342,15.4
2026-05-24 23:33:05,-102.1363,31.8502, 255.8,10639,-46.2,-58.7,-54.3, 23, 36, 0.06,342,15.3
2026-05-24 23:33:06,-102.1362,31.8501, 255.6,10644,-46.2,-58.7,-54.4, 23, 36, 0.06,342,15.3
2026-05-24 23:33:07,-102.1362,31.8499, 255.4,10649,-46.2,-58.8,-54.4, 23, 36, 0.05,342,15.2
2026-05-24 23:33:08,-102.1361,31.8498, 255.3,10654,-46.3,-58.8,-54.5, 23, 36, 0.05,342,15.2
2026-05-24 23:33:09,-102.1361,31.8497, 255.1,10659,-46.3,-58.9,-54.5, 23, 36, 0.05,342,15.1
2026-05-24 23:33:10,-102.1360,31.8495, 254.9,10664,-46.3,-58.9,-54.6, 23, 36, 0.05,342,15.1
2026-05-24 23:33:11,-102.1360,31.8494, 254.7,10668,-46.3,-59.0,-54.6, 23, 36, 0.05,341,15.0
2026-05-24 23:33:12,-102.1359,31.8493, 254.5,10673,-46.4,-59.0,-54.7, 23, 36, 0.05,341,15.0
2026-05-24 23:33:13,-102.1359,31.8492, 254.3,10678,-46.4,-59.1,-54.8, 23, 35, 0.05,341,14.9
2026-05-24 23:33:14,-102.1358,31.8491, 254.1,10683,-46.4,-59.2,-54.8, 22, 35, 0.05,341,14.9
2026-05-24 23:33:15,-102.1358,31.8489, 254.0,10686,-46.4,-59.2,-54.8, 22, 35, 0.05,341,14.8
2026-05-24 23:33:16,-102.1357,31.8488, 253.8,10692,-46.5,-59.2,-54.9, 22, 35, 0.05,341,14.8
2026-05-24 23:33:17,-102.1357,31.8487, 253.6,10697,-46.5,-59.2,-54.9, 22, 35, 0.05,341,14.7
2026-05-24 23:33:18,-102.1356,31.8485, 253.4,10702,-46.5,-59.2,-54.9, 22, 35, 0.05,341,14.7
2026-05-24 23:33:19,-102.1356,31.8484, 253.2,10706,-46.5,-59.3,-54.9, 22, 35, 0.05,341,14.6
2026-05-24 23:33:20,-102.1355,31.8483, 253.0,10711,-46.5,-59.3,-54.9, 22, 35, 0.05,341,14.6
2026-05-24 23:33:21,-102.1355,31.8482, 252.9,10716,-46.6,-59.3,-54.9, 22, 35, 0.05,341,14.5
2026-05-24 23:33:22,-102.1354,31.8481, 252.7,10721,-46.6,-59.3,-55.0, 22, 35, 0.05,341,14.4
2026-05-24 23:33:23,-102.1354,31.8480, 252.5,10726,-46.6,-59.3,-55.0, 22, 35, 0.05,341,14.4
2026-05-24 23:33:24,-102.1353,31.8479, 252.3,10731,-46.6,-59.3,-55.0, 22, 35, 0.05,341,14.4
2026-05-24 23:33:25,-102.1353,31.8477, 252.1,10736,-46.6,-59.4,-55.0, 22, 35, 0.05,341,14.3
2026-05-24 23:33:26,-102.1352,31.8476, 251.9,10741,-46.6,-59.4,-55.0, 22, 35, 0.05,341,14.3
2026-05-24 23:33:27,-102.1352,31.8475, 251.7,10746,-46.7,-59.4,-55.0, 22, 35, 0.05,341,14.2
2026-05-24 23:33:28,-102.1351,31.8474, 251.5,10751,-46.7,-59.4,-55.1, 22, 35, 0.05,340,14.2
2026-05-24 23:33:29,-102.1351,31.8473, 251.3,10756,-46.7,-59.4,-55.1, 22, 35, 0.05,340,14.1
2026-05-24 23:33:30,-102.1350,31.8472, 251.2,10761,-46.7,-59.5,-55.1, 22, 35, 0.05,340,14.1
2026-05-24 23:33:31,-102.1350,31.8471, 251.0,10766,-46.7,-59.5,-55.1, 22, 35, 0.05,340,14.1
2026-05-24 23:33:32,-102.1349,31.8469, 250.8,10771,-46.7,-59.5,-55.1, 22, 35, 0.05,340,14.0
2026-05-24 23:33:33,-102.1349,31.8468, 250.6,10776,-46.8,-59.5,-55.2, 22, 35, 0.05,340,14.0
2026-05-24 23:33:34,-102.1348,31.8467, 250.4,10781,-46.8,-59.6,-55.2, 22, 35, 0.05,340,13.9
2026-05-24 23:33:35,-102.1348,31.8466, 250.2,10786,-46.8,-59.6,-55.2, 22, 35, 0.05,340,13.9
2026-05-24 23:33:36,-102.1347,31.8465, 250.0,10792,-46.8,-59.6,-55.3, 22, 35, 0.05,339,13.8
2026-05-24 23:33:37,-102.1347,31.8464, 249.8,10796,-46.8,-59.6,-55.3, 22, 35, 0.05,339,13.8
2026-05-24 23:33:38,-102.1346,31.8463, 249.7,10801,-46.9,-59.7,-55.3, 22, 35, 0.05,339,13.8
2026-05-24 23:33:39,-102.1346,31.8461, 249.5,10806,-46.9,-59.7,-55.3, 22, 35, 0.05,339,13.7
2026-05-24 23:33:40,-102.1345,31.8460, 249.3,10810,-46.9,-59.7,-55.4, 22, 35, 0.05,339,13.7
2026-05-24 23:33:41,-102.1345,31.8459, 249.1,10815,-46.9,-59.7,-55.4, 22, 35, 0.05,339,13.6
2026-05-24 23:33:42,-102.1344,31.8458, 248.9,10820,-46.9,-59.8,-55.4, 22, 35, 0.05,338,13.6
2026-05-24 23:33:43,-102.1344,31.8457, 248.8,10825,-47.0,-59.9,-55.5, 22, 35, 0.05,339,13.6
2026-05-24 23:33:44,-102.1343,31.8456, 248.6,10829,-47.0,-59.9,-55.5, 22, 34, 0.05,339,13.6
2026-05-24 23:33:45,-102.1343,31.8455, 248.4,10834,-47.0,-60.0,-55.6, 22, 34, 0.05,339,13.6
2026-05-24 23:33:46,-102.1342,31.8453, 248.2,10838,-47.1,-60.0,-55.7, 22, 34, 0.05,339,13.5
2026-05-24 23:33:47,-102.1342,31.8452, 248.1,10843,-47.1,-60.1,-55.7, 21, 34, 0.05,339,13.5
2026-05-24 23:33:48,-102.1341,31.8451, 247.9,10848,-47.1,-60.2,-55.8, 21, 34, 0.05,339,13.5
2026-05-24 23:33:49,-102.1341,31.8450, 247.7,10852,-47.1,-60.2,-55.8, 21, 34, 0.05,339,13.5
2026-05-24 23:33:50,-102.1340,31.8449, 247.6,10857,-47.2,-60.3,-55.9, 21, 33, 0.05,339,13.5
2026-05-24 23:33:51,-102.1339,31.8448, 247.4,10862,-47.2,-60.4,-56.0, 21, 33, 0.05,339,13.5
2026-05-24 23:33:52,-102.1339,31.8447, 247.2,10866,-47.2,-60.4,-56.0, 21, 33, 0.05,339,13.4
2026-05-24 23:33:53,-102.1338,31.8446, 247.0,10871,-47.2,-60.5,-56.1, 21, 33, 0.05,339,13.4
2026-05-24 23:33:54,-102.1338,31.8445, 246.8,10876,-47.3,-60.6,-56.2, 21, 33, 0.05,339,13.4
2026-05-24 23:33:55,-102.1337,31.8443, 246.6,10881,-47.3,-60.6,-56.2, 21, 33, 0.04,340,13.4
2026-05-24 23:33:56,-102.1337,31.8442, 246.4,10887,-47.3,-60.7,-56.3, 20, 32, 0.04,340,13.4
2026-05-24 23:33:57,-102.1336,31.8441, 246.2,10892,-47.4,-60.8,-56.4, 20, 32, 0.04,340,13.4
2026-05-24 23:33:58,-102.1336,31.8440, 246.0,10898,-47.4,-60.9,-56.5, 20, 32, 0.04,340,13.4
2026-05-24 23:33:59,-102.1335,31.8439, 245.8,10903,-47.4,-61.0,-56.6, 20, 32, 0.04,340,13.3
2026-05-24 23:34:00,-102.1335,31.8438, 245.6,10909,-47.5,-61.1,-56.7, 20, 31, 0.04,340,13.3
2026-05-24 23:34:01,-102.1334,31.8437, 245.4,10915,-47.5,-61.2,-56.8, 20, 31, 0.04,340,13.3
2026-05-24 23:34:02,-102.1333,31.8436, 245.2,10921,-47.5,-61.3,-56.9, 19, 31, 0.04,340,13.3
2026-05-24 23:34:03,-102.1333,31.8435, 245.0,10926,-47.6,-61.4,-57.0, 19, 31, 0.04,340,13.3
2026-05-24 23:34:04,-102.1332,31.8434, 244.7,10932,-47.6,-61.5,-57.1, 19, 30, 0.04,340,13.3
2026-05-24 23:34:05,-102.1332,31.8432, 244.5,10938,-47.6,-61.6,-57.1, 19, 30, 0.04,339,13.3
2026-05-24 23:34:06,-102.1331,31.8431, 244.3,10944,-47.6,-61.7,-57.2, 19, 30, 0.04,339,13.3
2026-05-24 23:34:07,-102.1331,31.8430, 244.1,10950,-47.7,-61.8,-57.3, 19, 29, 0.04,339,13.2
2026-05-24 23:34:08,-102.1330,31.8429, 243.9,10955,-47.7,-61.9,-57.4, 18, 29, 0.04,339,13.2
2026-05-24 23:34:09,-102.1330,31.8428, 243.7,10961,-47.7,-62.0,-57.5, 18, 29, 0.04,338,13.2
2026-05-24 23:34:10,-102.1329,31.8427, 243.5,10967,-47.8,-62.0,-57.6, 18, 29, 0.04,338,13.2
2026-05-24 23:34:11,-102.1329,31.8426, 243.2,10973,-47.8,-62.1,-57.6, 18, 29, 0.04,338,13.2
2026-05-24 23:34:12,-102.1328,31.8425, 243.0,10979,-47.8,-62.2,-57.7, 18, 29, 0.04,337,13.2
2026-05-24 23:34:13,-102.1328,31.8424, 242.8,10985,-47.9,-62.2,-57.8, 18, 28, 0.04,337,13.2
2026-05-24 23:34:14,-102.1327,31.8423, 242.6,10991,-47.9,-62.3,-57.8, 18, 28, 0.04,337,13.2
2026-05-24 23:34:15,-102.1326,31.8422, 242.4,10996,-47.9,-62.4,-57.9, 18, 28, 0.04,337,13.2
2026-05-24 23:34:16,-102.1326,31.8420, 242.2,11002,-48.0,-62.4,-58.0, 18, 28, 0.04,336,13.2
2026-05-24 23:34:17,-102.1325,31.8419, 242.0,11008,-48.0,-62.5,-58.0, 18, 28, 0.04,336,13.2
2026-05-24 23:34:18,-102.1325,31.8418, 241.8,11013,-48.0,-62.6,-58.1, 17, 28, 0.04,336,13.2
2026-05-24 23:34:19,-102.1324,31.8417, 241.6,11018,-48.1,-62.6,-58.2, 17, 28, 0.04,336,13.2
2026-05-24 23:34:20,-102.1324,31.8416, 241.4,11023,-48.1,-62.7,-58.2, 17, 28, 0.04,335,13.2
2026-05-24 23:34:21,-102.1323,31.8415, 241.2,11028,-48.1,-62.8,-58.3, 17, 27, 0.03,335,13.1
2026-05-24 23:34:22,-102.1322,31.8414, 241.1,11032,-48.2,-62.8,-58.4, 17, 27, 0.03,335,13.1
2026-05-24 23:34:23,-102.1322,31.8413, 240.9,11038,-48.2,-62.9,-58.4, 17, 27, 0.03,335,13.1
2026-05-24 23:34:24,-102.1321,31.8412, 240.7,11043,-48.3,-62.9,-58.5, 17, 27, 0.03,335,13.1
2026-05-24 23:34:25,-102.1320,31.8411, 240.5,11048,-48.3,-63.0,-58.5, 17, 27, 0.03,334,13.1
2026-05-24 23:34:26,-102.1320,31.8410, 240.3,11053,-48.4,-63.0,-58.5, 17, 27, 0.03,334,13.1
2026-05-24 23:34:27,-102.1319,31.8409, 240.1,11058,-48.4,-63.0,-58.6, 17, 27, 0.03,334,13.1
2026-05-24 23:34:28,-102.1319,31.8408, 239.9,11063,-48.5,-63.1,-58.6, 17, 27, 0.03,334,13.1
2026-05-24 23:34:29,-102.1318,31.8407, 239.8,11068,-48.5,-63.1,-58.7, 17, 27, 0.03,334,13.1
2026-05-24 23:34:30,-102.1317,31.8405, 239.6,11073,-48.6,-63.2,-58.7, 17, 27, 0.03,334,13.1
2026-05-24 23:34:31,-102.1317,31.8404, 239.4,11078,-48.6,-63.2,-58.7, 17, 27, 0.03,334,13.1
2026-05-24 23:34:32,-102.1316,31.8403, 239.2,11083,-48.7,-63.3,-58.8, 17, 28, 0.03,334,13.1
2026-05-24 23:34:33,-102.1315,31.8402, 239.0,11088,-48.7,-63.3,-58.8, 17, 28, 0.03,334,13.1
2026-05-24 23:34:34,-102.1315,31.8401, 238.8,11094,-48.8,-63.3,-58.9, 17, 28, 0.03,334,13.1
2026-05-24 23:34:35,-102.1314,31.8400, 238.6,11099,-48.8,-63.4,-58.9, 17, 28, 0.03,334,13.1
2026-05-24 23:34:36,-102.1313,31.8399, 238.4,11105,-48.9,-63.5,-59.0, 17, 27, 0.03,334,13.1
2026-05-24 23:34:37,-102.1313,31.8398, 238.2,11110,-48.9,-63.6,-59.1, 17, 27, 0.03,334,13.1
2026-05-24 23:34:38,-102.1312,31.8397, 238.0,11116,-49.0,-63.7,-59.2, 17, 27, 0.03,333,13.1
2026-05-24 23:34:39,-102.1312,31.8396, 237.8,11121,-49.0,-63.7,-59.3, 17, 27, 0.03,333,13.1
2026-05-24 23:34:40,-102.1311,31.8395, 237.6,11127,-49.1,-63.8,-59.3, 17, 27, 0.03,333,13.1
2026-05-24 23:34:41,-102.1310,31.8394, 237.3,11134,-49.2,-63.9,-59.4, 17, 27, 0.03,333,13.1
2026-05-24 23:34:42,-102.1310,31.8393, 237.1,11141,-49.2,-64.0,-59.5, 16, 27, 0.03,333,13.1
2026-05-24 23:34:43,-102.1309,31.8392, 236.9,11147,-49.3,-64.1,-59.6, 16, 26, 0.03,333,13.1
2026-05-24 23:34:44,-102.1308,31.8391, 236.7,11154,-49.3,-64.2,-59.7, 16, 26, 0.03,333,13.2
2026-05-24 23:34:45,-102.1308,31.8389, 236.5,11160,-49.4,-64.3,-59.8, 16, 26, 0.03,333,13.2
2026-05-24 23:34:46,-102.1307,31.8388, 236.2,11166,-49.4,-64.4,-59.9, 16, 26, 0.03,333,13.3
2026-05-24 23:34:47,-102.1307,31.8387, 236.0,11171,-49.5,-64.5,-60.0, 16, 26, 0.03,333,13.3
2026-05-24 23:34:48,-102.1306,31.8386, 235.8,11177,-49.5,-64.6,-60.1, 16, 26, 0.03,333,13.4
2026-05-24 23:34:49,-102.1305,31.8385, 235.6,11182,-49.6,-64.6,-60.1, 16, 26, 0.03,333,13.4
2026-05-24 23:34:50,-102.1305,31.8384, 235.4,11188,-49.6,-64.7,-60.2, 16, 26, 0.03,333,13.4
2026-05-24 23:34:51,-102.1304,31.8383, 235.3,11193,-49.7,-64.7,-60.2, 16, 26, 0.03,333,13.5
2026-05-24 23:34:52,-102.1303,31.8382, 235.1,11198,-49.7,-64.7,-60.2, 16, 26, 0.03,333,13.5
2026-05-24 23:34:53,-102.1303,31.8381, 234.9,11203,-49.8,-64.8,-60.3, 16, 26, 0.03,333,13.6
2026-05-24 23:34:54,-102.1302,31.8380, 234.7,11208,-49.8,-64.8,-60.3, 16, 26, 0.03,333,13.6
2026-05-24 23:34:55,-102.1301,31.8378, 234.5,11213,-49.9,-64.8,-60.3, 16, 26, 0.03,333,13.7
2026-05-24 23:34:56,-102.1301,31.8377, 234.3,11218,-49.9,-64.9,-60.4, 16, 26, 0.03,333,13.7
2026-05-24 23:34:57,-102.1300,31.8376, 234.1,11223,-50.0,-64.9,-60.4, 16, 26, 0.03,333,13.7
2026-05-24 23:34:58,-102.1299,31.8375, 233.9,11228,-50.0,-64.9,-60.4, 16, 26, 0.03,333,13.8
2026-05-24 23:34:59,-102.1298,31.8374, 233.8,11234,-50.1,-65.0,-60.5, 16, 26, 0.03,333,13.8
2026-05-24 23:35:00,-102.1298,31.8373, 233.6,11239,-50.1,-65.0,-60.5, 16, 26, 0.03,333,13.9
2026-05-24 23:35:01,-102.1297,31.8372, 233.4,11245,-50.2,-65.0,-60.5, 16, 26, 0.03,334,13.9
2026-05-24 23:35:02,-102.1296,31.8370, 233.2,11250,-50.2,-65.1,-60.6, 16, 26, 0.03,334,14.0
2026-05-24 23:35:03,-102.1296,31.8369, 233.0,11255,-50.3,-65.1,-60.6, 16, 26, 0.03,333,14.0
2026-05-24 23:35:04,-102.1295,31.8368, 232.8,11260,-50.3,-65.2,-60.7, 16, 26, 0.03,333,14.0
2026-05-24 23:35:05,-102.1294,31.8367, 232.6,11265,-50.4,-65.2,-60.7, 16, 26, 0.03,333,14.0
2026-05-24 23:35:06,-102.1294,31.8366, 232.5,11270,-50.4,-65.3,-60.8, 16, 26, 0.03,333,14.0
2026-05-24 23:35:07,-102.1293,31.8365, 232.3,11275,-50.5,-65.3,-60.8, 16, 26, 0.03,333,14.0
2026-05-24 23:35:08,-102.1292,31.8364, 232.1,11280,-50.5,-65.4,-60.9, 16, 26, 0.03,333,14.1
2026-05-24 23:35:09,-102.1292,31.8363, 231.9,11286,-50.6,-65.4,-60.9, 16, 26, 0.03,333,14.1
2026-05-24 23:35:10,-102.1291,31.8361, 231.7,11291,-50.6,-65.5,-61.0, 16, 26, 0.03,333,14.1
2026-05-24 23:35:11,-102.1290,31.8360, 231.5,11296,-50.7,-65.5,-61.0, 16, 26, 0.03,333,14.1
2026-05-24 23:35:12,-102.1290,31.8359, 231.3,11302,-50.8,-65.6,-61.1, 16, 26, 0.03,333,14.1
2026-05-24 23:35:13,-102.1289,31.8358, 231.1,11307,-50.8,-65.7,-61.1, 16, 26, 0.02,333,14.1
2026-05-24 23:35:14,-102.1288,31.8357, 231.0,11312,-50.9,-65.7,-61.2, 16, 26, 0.02,333,14.1
2026-05-24 23:35:15,-102.1288,31.8356, 230.8,11317,-50.9,-65.8,-61.2, 16, 26, 0.02,333,14.2
2026-05-24 23:35:16,-102.1287,31.8355, 230.6,11322,-51.0,-65.8,-61.3, 16, 26, 0.02,333,14.2
2026-05-24 23:35:17,-102.1286,31.8353, 230.4,11327,-51.0,-65.9,-61.3, 16, 26, 0.02,333,14.2
2026-05-24 23:35:18,-102.1286,31.8352, 230.2,11332,-51.1,-66.0,-61.4, 16, 26, 0.02,333,14.2
2026-05-24 23:35:19,-102.1285,31.8351, 230.1,11338,-51.1,-66.0,-61.5, 16, 26, 0.02,333,14.2
2026-05-24 23:35:20,-102.1284,31.8350, 229.9,11343,-51.2,-66.1,-61.6, 16, 26, 0.02,333,14.2
2026-05-24 23:35:21,-102.1283,31.8349, 229.7,11349,-51.2,-66.2,-61.6, 16, 26, 0.02,333,14.3
2026-05-24 23:35:22,-102.1283,31.8348, 229.5,11355,-51.3,-66.2,-61.7, 15, 26, 0.02,333,14.3
2026-05-24 23:35:23,-102.1282,31.8347, 229.3,11360,-51.3,-66.3,-61.7, 15, 25, 0.02,332,14.2
2026-05-24 23:35:24,-102.1281,31.8346, 229.1,11366,-51.4,-66.4,-61.8, 15, 25, 0.02,332,14.2
2026-05-24 23:35:25,-102.1281,31.8345, 228.9,11372,-51.4,-66.4,-61.9, 15, 25, 0.02,332,14.2
2026-05-24 23:35:26,-102.1280,31.8343, 228.7,11378,-51.4,-66.5,-62.0, 15, 25, 0.02,332,14.2
2026-05-24 23:35:27,-102.1279,31.8342, 228.4,11384,-51.5,-66.6,-62.0, 15, 25, 0.02,332,14.2
2026-05-24 23:35:28,-102.1279,31.8341, 228.2,11389,-51.5,-66.6,-62.1, 15, 25, 0.02,332,14.1
2026-05-24 23:35:29,-102.1278,31.8340, 228.0,11395,-51.6,-66.7,-62.1, 15, 25, 0.02,332,14.1
2026-05-24 23:35:30,-102.1277,31.8339, 227.8,11401,-51.6,-66.7,-62.2, 15, 25, 0.02,332,14.1
2026-05-24 23:35:31,-102.1277,31.8338, 227.6,11407,-51.7,-66.7,-62.2, 15, 25, 0.02,332,14.1
2026-05-24 23:35:32,-102.1276,31.8337, 227.5,11412,-51.7,-66.8,-62.2, 15, 25, 0.02,332,14.1
2026-05-24 23:35:33,-102.1275,31.8336, 227.3,11417,-51.7,-66.8,-62.2, 15, 25, 0.02,332,14.1
2026-05-24 23:35:34,-102.1275,31.8335, 227.1,11422,-51.8,-66.8,-62.2, 15, 25, 0.02,332,14.0
2026-05-24 23:35:35,-102.1274,31.8333, 227.0,11426,-51.8,-66.8,-62.3, 15, 25, 0.02,332,14.0
2026-05-24 23:35:36,-102.1273,31.8332, 226.8,11431,-51.9,-66.8,-62.3, 15, 25, 0.02,332,14.0
2026-05-24 23:35:37,-102.1272,31.8331, 226.6,11435,-51.9,-66.9,-62.3, 15, 25, 0.02,332,14.0
2026-05-24 23:35:38,-102.1272,31.8330, 226.5,11440,-51.9,-66.9,-62.3, 15, 25, 0.02,332,14.0
2026-05-24 23:35:39,-102.1271,31.8329, 226.3,11445,-52.0,-66.9,-62.3, 15, 25, 0.02,332,13.9
2026-05-24 23:35:40,-102.1270,31.8328, 226.1,11449,-52.0,-66.9,-62.4, 15, 26, 0.02,332,13.9
2026-05-24 23:35:41,-102.1270,31.8327, 226.0,11454,-52.0,-66.9,-62.4, 15, 26, 0.02,332,13.9
2026-05-24 23:35:42,-102.1269,31.8326, 225.8,11459,-52.1,-67.0,-62.4, 15, 26, 0.02,332,13.9
2026-05-24 23:35:43,-102.1268,31.8324, 225.6,11464,-52.1,-67.0,-62.4, 15, 26, 0.02,332,13.9
2026-05-24 23:35:44,-102.1268,31.8323, 225.5,11468,-52.1,-67.0,-62.4, 15, 26, 0.02,332,13.9
2026-05-24 23:35:45,-102.1267,31.8322, 225.3,11473,-52.1,-67.0,-62.5, 15, 26, 0.02,332,13.9
2026-05-24 23:35:46,-102.1266,31.8321, 225.2,11478,-52.2,-67.1,-62.5, 15, 26, 0.02,332,13.9
2026-05-24 23:35:47,-102.1266,31.8320, 225.0,11482,-52.2,-67.1,-62.5, 15, 26, 0.02,332,13.9
2026-05-24 23:35:48,-102.1265,31.8319, 224.8,11487,-52.2,-67.1,-62.5, 15, 26, 0.02,332,13.9
2026-05-24 23:35:49,-102.1264,31.8318, 224.7,11491,-52.3,-67.1,-62.6, 15, 26, 0.02,332,13.9
2026-05-24 23:35:50,-102.1264,31.8317, 224.5,11496,-52.3,-67.2,-62.6, 15, 26, 0.02,332,13.9
2026-05-24 23:35:51,-102.1263,31.8316, 224.4,11501,-52.3,-67.2,-62.6, 15, 26, 0.02,332,13.9
2026-05-24 23:35:52,-102.1262,31.8315, 224.2,11505,-52.3,-67.2,-62.6, 15, 26, 0.02,332,13.9
2026-05-24 23:35:53,-102.1262,31.8314, 224.0,11510,-52.4,-67.2,-62.7, 15, 26, 0.02,332,13.9
2026-05-24 23:35:54,-102.1261,31.8313, 223.9,11514,-52.4,-67.2,-62.7, 15, 26, 0.02,332,13.9
2026-05-24 23:35:55,-102.1260,31.8312, 223.7,11519,-52.4,-67.3,-62.7, 15, 26, 0.02,332,13.9
2026-05-24 23:35:56,-102.1260,31.8311, 223.6,11524,-52.4,-67.3,-62.7, 15, 26, 0.02,332,13.9
2026-05-24 23:35:57,-102.1259,31.8310, 223.4,11528,-52.5,-67.4,-62.8, 15, 25, 0.02,332,13.9
2026-05-24 23:35:58,-102.1258,31.8309, 223.2,11533,-52.5,-67.4,-62.8, 15, 25, 0.02,332,14.0
2026-05-24 23:35:59,-102.1258,31.8308, 223.1,11538,-52.5,-67.5,-62.9, 15, 25, 0.02,332,14.0
2026-05-24 23:36:00,-102.1257,31.8307, 222.9,11542,-52.6,-67.5,-62.9, 15, 25, 0.02,332,14.0
2026-05-24 23:36:01,-102.1256,31.8306, 222.7,11547,-52.6,-67.6,-63.0, 15, 25, 0.02,332,14.0
2026-05-24 23:36:02,-102.1256,31.8305, 222.6,11552,-52.6,-67.6,-63.0, 15, 25, 0.02,332,14.0
2026-05-24 23:36:03,-102.1255,31.8304, 222.4,11557,-52.7,-67.7,-63.1, 15, 25, 0.02,332,13.9
2026-05-24 23:36:04,-102.1254,31.8303, 222.2,11562,-52.7,-67.7,-63.1, 15, 25, 0.02,332,13.8
2026-05-24 23:36:05,-102.1254,31.8302, 222.0,11567,-52.7,-67.8,-63.2, 15, 25, 0.02,332,13.7
2026-05-24 23:36:06,-102.1253,31.8301, 221.8,11572,-52.7,-67.8,-63.2, 15, 25, 0.02,332,13.6
2026-05-24 23:36:07,-102.1252,31.8300, 221.7,11579,-52.8,-67.9,-63.3, 15, 25, 0.02,332,13.5
2026-05-24 23:36:08,-102.1252,31.8299, 221.4,11585,-52.8,-67.9,-63.3, 15, 25, 0.02,331,13.4
2026-05-24 23:36:09,-102.1251,31.8298, 221.2,11591,-52.8,-68.0,-63.4, 15, 25, 0.02,331,13.3
2026-05-24 23:36:10,-102.1250,31.8297, 221.0,11597,-52.9,-68.0,-63.5, 15, 24, 0.02,331,13.2
2026-05-24 23:36:11,-102.1250,31.8296, 220.8,11603,-52.9,-68.1,-63.5, 15, 24, 0.02,331,13.1
2026-05-24 23:36:12,-102.1249,31.8295, 220.6,11609,-53.0,-68.2,-63.6, 15, 24, 0.02,331,13.0
2026-05-24 23:36:13,-102.1248,31.8294, 220.4,11616,-53.0,-68.2,-63.6, 14, 24, 0.02,331,12.9
2026-05-24 23:36:14,-102.1248,31.8293, 220.1,11622,-53.1,-68.3,-63.7, 14, 24, 0.02,331,12.8
2026-05-24 23:36:15,-102.1247,31.8292, 219.9,11629,-53.1,-68.4,-63.8, 14, 24, 0.02,330,12.7
2026-05-24 23:36:16,-102.1246,31.8291, 219.7,11635,-53.1,-68.4,-63.8, 14, 24, 0.02,330,12.5
2026-05-24 23:36:17,-102.1246,31.8290, 219.4,11642,-53.2,-68.5,-63.9, 14, 24, 0.02,330,12.4
2026-05-24 23:36:18,-102.1245,31.8289, 219.2,11650,-53.2,-68.5,-63.9, 14, 24, 0.02,330,12.3
2026-05-24 23:36:19,-102.1244,31.8288, 219.0,11658,-53.3,-68.6,-64.0, 14, 24, 0.02,330,12.2
2026-05-24 23:36:20,-102.1244,31.8287, 218.7,11665,-53.3,-68.7,-64.1, 14, 24, 0.02,330,12.1
2026-05-24 23:36:21,-102.1243,31.8286, 218.4,11673,-53.3,-68.7,-64.1, 14, 24, 0.02,330,12.0
2026-05-24 23:36:22,-102.1242,31.8285, 218.2,11680,-53.4,-68.8,-64.2, 14, 24, 0.02,329,11.9
2026-05-24 23:36:23,-102.1241,31.8284, 217.9,11688,-53.4,-68.8,-64.2, 14, 24, 0.02,329,12.0
2026-05-24 23:36:24,-102.1240,31.8284, 217.7,11696,-53.5,-68.8,-64.2, 14, 24, 0.02,328,12.0
2026-05-24 23:36:25,-102.1239,31.8283, 217.4,11704,-53.5,-68.8,-64.2, 14, 24, 0.02,328,12.1
2026-05-24 23:36:26,-102.1238,31.8282, 217.1,11712,-53.6,-68.9,-64.3, 14, 24, 0.02,327,12.1
2026-05-24 23:36:27,-102.1237,31.8281, 216.9,11719,-53.6,-68.9,-64.3, 14, 24, 0.02,326,12.1
2026-05-24 23:36:28,-102.1236,31.8280, 216.6,11727,-53.7,-68.9,-64.3, 14, 24, 0.02,326,12.2
2026-05-24 23:36:29,-102.1235,31.8280, 216.4,11734,-53.8,-68.9,-64.3, 14, 24, 0.02,325,12.2
2026-05-24 23:36:30,-102.1234,31.8279, 216.1,11741,-53.8,-68.9,-64.3, 14, 24, 0.02,325,12.3
2026-05-24 23:36:31,-102.1233,31.8278, 215.9,11748,-53.9,-69.0,-64.4, 14, 24, 0.02,324,12.3
2026-05-24 23:36:32,-102.1232,31.8277, 215.7,11756,-53.9,-69.0,-64.4, 14, 24, 0.02,323,12.4
2026-05-24 23:36:33,-102.1231,31.8276, 215.5,11763,-54.0,-69.0,-64.4, 15, 25, 0.02,323,12.4
2026-05-24 23:36:34,-102.1230,31.8275, 215.3,11769,-54.0,-69.0,-64.4, 15, 25, 0.02,322,12.5
2026-05-24 23:36:35,-102.1229,31.8275, 215.1,11774,-54.1,-69.0,-64.4, 15, 25, 0.02,322,12.5
2026-05-24 23:36:36,-102.1228,31.8274, 214.9,11779,-54.1,-69.1,-64.5, 15, 25, 0.02,321,12.6
2026-05-24 23:36:37,-102.1227,31.8273, 214.7,11784,-54.2,-69.1,-64.5, 15, 25, 0.02,320,12.6
2026-05-24 23:36:38,-102.1226,31.8272, 214.5,11790,-54.2,-69.1,-64.5, 15, 25, 0.02,320,12.7
2026-05-24 23:36:39,-102.1225,31.8271, 214.3,11795,-54.3,-69.1,-64.5, 15, 25, 0.02,319,12.7
2026-05-24 23:36:40,-102.1224,31.8271, 214.0,11802,-54.3,-69.1,-64.5, 15, 25, 0.02,319,12.8
2026-05-24 23:36:41,-102.1223,31.8270, 213.8,11809,-54.4,-69.1,-64.5, 15, 25, 0.02,318,12.9
2026-05-24 23:36:42,-102.1222,31.8269, 213.6,11816,-54.4,-69.1,-64.5, 15, 26, 0.02,318,12.9
2026-05-24 23:36:43,-102.1221,31.8268, 213.4,11823,-54.4,-69.2,-64.5, 15, 26, 0.02,317,13.0
2026-05-24 23:36:44,-102.1220,31.8267, 213.2,11829,-54.5,-69.2,-64.6, 15, 26, 0.02,316,13.0
2026-05-24 23:36:45,-102.1219,31.8267, 213.0,11836,-54.5,-69.2,-64.6, 15, 26, 0.02,315,13.1
2026-05-24 23:36:46,-102.1218,31.8266, 212.8,11842,-54.6,-69.2,-64.6, 15, 26, 0.02,315,13.2
2026-05-24 23:36:47,-102.1217,31.8265, 212.6,11848,-54.6,-69.2,-64.6, 15, 26, 0.02,314,13.2
2026-05-24 23:36:48,-102.1216,31.8264, 212.4,11854,-54.7,-69.2,-64.6, 15, 26, 0.02,313,13.3
2026-05-24 23:36:49,-102.1215,31.8263, 212.2,11860,-54.7,-69.2,-64.6, 15, 26, 0.02,313,13.4
2026-05-24 23:36:50,-102.1214,31.8262, 212.0,11866,-54.8,-69.2,-64.6, 16, 26, 0.02,312,13.5
2026-05-24 23:36:51,-102.1213,31.8262, 211.8,11872,-54.8,-69.2,-64.6, 16, 27, 0.02,311,13.5
2026-05-24 23:36:52,-102.1211,31.8261, 211.6,11877,-54.9,-69.2,-64.6, 16, 27, 0.02,310,13.6
2026-05-24 23:36:53,-102.1210,31.8260, 211.4,11883,-54.9,-69.2,-64.6, 16, 27, 0.02,310,13.7
2026-05-24 23:36:54,-102.1209,31.8259, 211.2,11889,-54.9,-69.2,-64.6, 16, 27, 0.02,309,13.8
2026-05-24 23:36:55,-102.1207,31.8259, 211.0,11894,-55.0,-69.2,-64.6, 16, 27, 0.02,308,13.9
2026-05-24 23:36:56,-102.1206,31.8258, 210.9,11900,-55.0,-69.2,-64.6, 16, 27, 0.02,308,13.9
2026-05-24 23:36:57,-102.1205,31.8257, 210.7,11905,-55.0,-69.2,-64.6, 16, 27, 0.02,307,14.0
2026-05-24 23:36:58,-102.1204,31.8256, 210.5,11910,-55.1,-69.2,-64.6, 16, 28, 0.02,306,14.1
2026-05-24 23:36:59,-102.1202,31.8256, 210.3,11915,-55.1,-69.2,-64.6, 16, 28, 0.02,306,14.2
2026-05-24 23:37:00,-102.1201,31.8255, 210.2,11920,-55.2,-69.2,-64.6, 16, 28, 0.02,305,14.3
2026-05-24 23:37:01,-102.1200,31.8254, 210.0,11926,-55.2,-69.2,-64.6, 16, 28, 0.02,304,14.4
2026-05-24 23:37:02,-102.1198,31.8254, 209.8,11931,-55.2,-69.2,-64.6, 17, 28, 0.02,304,14.5
2026-05-24 23:37:03,-102.1197,31.8253, 209.7,11935,-55.3,-69.2,-64.6, 17, 28, 0.02,304,14.5
2026-05-24 23:37:04,-102.1196,31.8252, 209.5,11940,-55.3,-69.1,-64.5, 17, 29, 0.02,304,14.5
2026-05-24 23:37:05,-102.1195,31.8251, 209.4,11945,-55.3,-69.1,-64.5, 17, 29, 0.02,304,14.5
2026-05-24 23:37:06,-102.1193,31.8251, 209.2,11949,-55.4,-69.1,-64.5, 17, 29, 0.02,304,14.5
2026-05-24 23:37:07,-102.1192,31.8250, 209.1,11954,-55.4,-69.1,-64.5, 17, 29, 0.02,304,14.5
2026-05-24 23:37:08,-102.1191,31.8249, 208.9,11959,-55.4,-69.0,-64.4, 17, 30, 0.02,304,14.5
2026-05-24 23:37:09,-102.1189,31.8248, 208.8,11963,-55.5,-69.0,-64.4, 17, 30, 0.02,304,14.5
2026-05-24 23:37:10,-102.1188,31.8248, 208.6,11968,-55.5,-69.0,-64.4, 17, 30, 0.02,304,14.6
2026-05-24 23:37:11,-102.1187,31.8247, 208.5,11972,-55.5,-69.0,-64.4, 18, 30, 0.02,304,14.6
2026-05-24 23:37:12,-102.1186,31.8246, 208.3,11977,-55.6,-68.9,-64.3, 18, 30, 0.02,304,14.6
2026-05-24 23:37:13,-102.1184,31.8245, 208.2,11981,-55.6,-68.9,-64.3, 18, 31, 0.02,304,14.6
2026-05-24 23:37:14,-102.1183,31.8245, 208.0,11986,-55.6,-68.9,-64.3, 18, 31, 0.02,304,14.6
2026-05-24 23:37:15,-102.1182,31.8244, 207.9,11990,-55.6,-68.9,-64.3, 18, 31, 0.02,304,14.6
2026-05-24 23:37:16,-102.1180,31.8243, 207.7,11995,-55.7,-68.9,-64.3, 18, 31, 0.02,304,14.6
2026-05-24 23:37:17,-102.1179,31.8242, 207.6,11999,-55.7,-68.9,-64.3, 18, 31, 0.02,304,14.6
2026-05-24 23:37:18,-102.1178,31.8242, 207.4,12004,-55.7,-68.9,-64.3, 18, 32, 0.02,304,14.6
2026-05-24 23:37:19,-102.1177,31.8241, 207.3,12008,-55.8,-68.9,-64.3, 18, 32, 0.02,304,14.6
2026-05-24 23:37:20,-102.1175,31.8240, 207.1,12012,-55.8,-68.9,-64.3, 18, 32, 0.02,304,14.6
2026-05-24 23:37:21,-102.1174,31.8240, 207.0,12017,-55.8,-68.9,-64.3, 19, 32, 0.02,304,14.6
2026-05-24 23:37:22,-102.1173,31.8239, 206.9,12021,-55.9,-68.9,-64.3, 19, 32, 0.02,304,14.6
2026-05-24 23:37:23,-102.1171,31.8238, 206.7,12025,-55.9,-68.9,-64.3, 19, 32, 0.02,304,14.6
2026-05-24 23:37:24,-102.1170,31.8237, 206.6,12030,-55.9,-68.9,-64.3, 19, 32, 0.02,304,14.6
2026-05-24 23:37:25,-102.1169,31.8237, 206.4,12034,-55.9,-68.9,-64.3, 19, 32, 0.02,304,14.6
2026-05-24 23:37:26,-102.1168,31.8236, 206.3,12038,-56.0,-68.9,-64.3, 19, 33, 0.02,304,14.6
2026-05-24 23:37:27,-102.1166,31.8235, 206.2,12043,-56.0,-68.9,-64.3, 19, 33, 0.02,304,14.5
2026-05-24 23:37:28,-102.1165,31.8235, 206.0,12047,-56.0,-68.9,-64.3, 19, 33, 0.02,304,14.5
2026-05-24 23:37:29,-102.1164,31.8234, 205.9,12051,-56.1,-68.9,-64.3, 19, 33, 0.02,304,14.5
2026-05-24 23:37:30,-102.1163,31.8233, 205.7,12056,-56.1,-68.9,-64.3, 19, 33, 0.02,304,14.5
2026-05-24 23:37:31,-102.1161,31.8233, 205.6,12060,-56.1,-68.9,-64.3, 19, 33, 0.02,304,14.5
2026-05-24 23:37:32,-102.1160,31.8232, 205.5,12064,-56.2,-68.9,-64.3, 19, 33, 0.02,304,14.4
2026-05-24 23:37:33,-102.1159,31.8231, 205.3,12069,-56.2,-68.9,-64.3, 19, 33, 0.02,304,14.4
2026-05-24 23:37:34,-102.1158,31.8231, 205.2,12073,-56.3,-68.9,-64.3, 19, 33, 0.02,304,14.4
2026-05-24 23:37:35,-102.1156,31.8230, 205.0,12077,-56.3,-68.9,-64.3, 19, 34, 0.02,304,14.4
2026-05-24 23:37:36,-102.1155,31.8229, 204.9,12082,-56.3,-68.9,-64.3, 19, 34, 0.02,304,14.4
2026-05-24 23:37:37,-102.1154,31.8228, 204.8,12086,-56.4,-69.0,-64.3, 20, 34, 0.02,304,14.3
2026-05-24 23:37:38,-102.1153,31.8228, 204.6,12090,-56.4,-69.0,-64.4, 20, 34, 0.02,304,14.3
2026-05-24 23:37:39,-102.1151,31.8227, 204.5,12094,-56.4,-69.0,-64.4, 20, 34, 0.02,304,14.3
2026-05-24 23:37:40,-102.1150,31.8226, 204.4,12098,-56.5,-69.0,-64.4, 20, 34, 0.02,304,14.3
2026-05-24 23:37:41,-102.1149,31.8226, 204.2,12103,-56.5,-69.0,-64.4, 20, 34, 0.02,304,14.3
2026-05-24 23:37:42,-102.1148,31.8225, 204.1,12107,-56.5,-69.0,-64.4, 20, 34, 0.02,304,14.2
2026-05-24 23:37:43,-102.1146,31.8224, 204.0,12111,-56.6,-69.0,-64.4, 20, 34, 0.02,304,14.2
2026-05-24 23:37:44,-102.1145,31.8224, 203.8,12115,-56.6,-69.1,-64.4, 20, 34, 0.02,303,14.2
2026-05-24 23:37:45,-102.1144,31.8223, 203.7,12120,-56.6,-69.1,-64.5, 20, 34, 0.02,303,14.2
2026-05-24 23:37:46,-102.1143,31.8222, 203.5,12124,-56.7,-69.1,-64.5, 20, 35, 0.02,303,14.2
2026-05-24 23:37:47,-102.1141,31.8222, 203.4,12128,-56.7,-69.1,-64.5, 20, 35, 0.02,303,14.2
2026-05-24 23:37:48,-102.1140,31.8221, 203.3,12132,-56.7,-69.1,-64.5, 20, 35, 0.02,303,14.2
2026-05-24 23:37:49,-102.1139,31.8220, 203.1,12137,-56.8,-69.2,-64.5, 20, 35, 0.02,303,14.2
2026-05-24 23:37:50,-102.1138,31.8219, 203.0,12141,-56.8,-69.2,-64.6, 20, 35, 0.02,303,14.2
2026-05-24 23:37:51,-102.1136,31.8219, 202.9,12145,-56.9,-69.2,-64.6, 20, 35, 0.02,302,14.2
2026-05-24 23:37:52,-102.1135,31.8218, 202.7,12149,-56.9,-69.2,-64.6, 20, 35, 0.02,302,14.2
2026-05-24 23:37:53,-102.1134,31.8217, 202.6,12153,-56.9,-69.2,-64.6, 20, 35, 0.02,302,14.2
2026-05-24 23:37:54,-102.1132,31.8217, 202.5,12158,-57.0,-69.3,-64.7, 20, 35, 0.02,302,14.2
2026-05-24 23:37:55,-102.1131,31.8216, 202.3,12162,-57.0,-69.3,-64.7, 20, 35, 0.02,302,14.2
2026-05-24 23:37:56,-102.1130,31.8215, 202.2,12166,-57.0,-69.3,-64.7, 20, 35, 0.02,302,14.2
2026-05-24 23:37:57,-102.1129,31.8215, 202.1,12170,-57.1,-69.3,-64.7, 20, 35, 0.02,301,14.2
2026-05-24 23:37:58,-102.1127,31.8214, 201.9,12174,-57.1,-69.3,-64.7, 20, 35, 0.02,301,14.2
2026-05-24 23:37:59,-102.1126,31.8213, 201.8,12178,-57.1,-69.3,-64.7, 20, 36, 0.02,301,14.2
2026-05-24 23:38:00,-102.1125,31.8213, 201.7,12182,-57.2,-69.3,-64.7, 20, 36, 0.02,301,14.2
2026-05-24 23:38:01,-102.1123,31.8212, 201.5,12186,-57.2,-69.3,-64.7, 21, 36, 0.02,301,14.2
2026-05-24 23:38:02,-102.1122,31.8211, 201.4,12190,-57.2,-69.3,-64.7, 21, 36, 0.02,301,14.2
2026-05-24 23:38:03,-102.1121,31.8211, 201.3,12194,-57.3,-69.3,-64.7, 21, 36, 0.02,301,14.2
2026-05-24 23:38:04,-102.1119,31.8210, 201.1,12199,-57.3,-69.4,-64.7, 21, 36, 0.02,301,14.2
2026-05-24 23:38:05,-102.1118,31.8209, 201.0,12203,-57.4,-69.4,-64.8, 21, 36, 0.02,301,14.3
2026-05-24 23:38:06,-102.1117,31.8209, 200.9,12207,-57.4,-69.4,-64.8, 21, 36, 0.02,301,14.3
2026-05-24 23:38:07,-102.1116,31.8208, 200.8,12211,-57.4,-69.4,-64.8, 21, 37, 0.02,301,14.3
2026-05-24 23:38:08,-102.1114,31.8207, 200.6,12215,-57.5,-69.4,-64.8, 21, 37, 0.02,301,14.3
2026-05-24 23:38:09,-102.1113,31.8207, 200.4,12221,-57.5,-69.4,-64.8, 21, 37, 0.02,301,14.3
2026-05-24 23:38:10,-102.1112,31.8206, 200.3,12224,-57.5,-69.4,-64.8, 21, 37, 0.02,301,14.3
2026-05-24 23:38:11,-102.1110,31.8205, 200.2,12228,-57.6,-69.4,-64.8, 21, 37, 0.02,301,14.3
2026-05-24 23:38:12,-102.1110,31.8205, 200.1,12232,-57.6,-69.5,-64.9, 21, 37, 0.02,301,14.3
2026-05-24 23:38:13,-102.1108,31.8204, 200.0,12235,-57.6,-69.5,-64.9, 21, 37, 0.02,301,14.3
2026-05-24 23:38:14,-102.1107,31.8203, 199.8,12241,-57.7,-69.5,-64.9, 21, 37, 0.02,301,14.3
2026-05-24 23:38:15,-102.1105,31.8203, 199.7,12245,-57.7,-69.6,-65.0, 21, 37, 0.02,301,14.3
2026-05-24 23:38:16,-102.1104,31.8202, 199.5,12250,-57.7,-69.6,-65.0, 21, 37, 0.02,301,14.3
2026-05-24 23:38:17,-102.1103,31.8201, 199.4,12254,-57.8,-69.6,-65.0, 21, 37, 0.02,301,14.4
2026-05-24 23:38:18,-102.1101,31.8201, 199.3,12258,-57.8,-69.7,-65.0, 21, 37, 0.02,301,14.4
2026-05-24 23:38:19,-102.1100,31.8200, 199.1,12263,-57.8,-69.7,-65.1, 21, 37, 0.02,302,14.4
2026-05-24 23:38:20,-102.1099,31.8199, 199.0,12267,-57.9,-69.7,-65.1, 21, 37, 0.02,302,14.4
2026-05-24 23:38:21,-102.1097,31.8199, 198.8,12271,-57.9,-69.8,-65.1, 21, 37, 0.02,302,14.4
2026-05-24 23:38:22,-102.1096,31.8198, 198.7,12276,-58.0,-69.8,-65.2, 21, 37, 0.02,302,14.4
2026-05-24 23:38:23,-102.1095,31.8197, 198.6,12281,-58.0,-69.8,-65.2, 21, 37, 0.02,302,14.4
2026-05-24 23:38:24,-102.1093,31.8197, 198.4,12285,-58.0,-69.9,-65.2, 21, 37, 0.02,302,14.4
2026-05-24 23:38:25,-102.1092,31.8196, 198.3,12290,-58.0,-69.9,-65.3, 21, 37, 0.02,302,14.4
2026-05-24 23:38:26,-102.1091,31.8195, 198.1,12294,-58.1,-69.9,-65.3, 21, 37, 0.02,301,14.5
2026-05-24 23:38:27,-102.1089,31.8195, 198.0,12299,-58.1,-69.9,-65.3, 21, 37, 0.02,301,14.5
2026-05-24 23:38:28,-102.1088,31.8194, 197.8,12304,-58.1,-70.0,-65.4, 21, 37, 0.02,301,14.5
2026-05-24 23:38:29,-102.1087,31.8193, 197.7,12308,-58.1,-70.0,-65.4, 21, 37, 0.02,301,14.5
2026-05-24 23:38:30,-102.1086,31.8193, 197.5,12313,-58.2,-70.0,-65.4, 21, 37, 0.02,301,14.5
2026-05-24 23:38:31,-102.1084,31.8192, 197.4,12318,-58.2,-70.1,-65.4, 21, 37, 0.02,301,14.5
2026-05-24 23:38:32,-102.1083,31.8191, 197.3,12322,-58.2,-70.1,-65.5, 21, 37, 0.02,301,14.5
2026-05-24 23:38:33,-102.1082,31.8191, 197.1,12326,-58.2,-70.1,-65.5, 21, 37, 0.02,301,14.6
2026-05-24 23:38:34,-102.1080,31.8190, 197.0,12331,-58.3,-70.2,-65.5, 21, 37, 0.02,301,14.6
2026-05-24 23:38:35,-102.1079,31.8189, 196.8,12335,-58.3,-70.2,-65.6, 21, 37, 0.02,301,14.6
2026-05-24 23:38:36,-102.1078,31.8189, 196.7,12340,-58.3,-70.2,-65.6, 21, 37, 0.02,301,14.6
2026-05-24 23:38:37,-102.1076,31.8188, 196.6,12344,-58.3,-70.2,-65.6, 21, 37, 0.02,301,14.6
2026-05-24 23:38:38,-102.1075,31.8187, 196.4,12348,-58.4,-70.2,-65.6, 21, 37, 0.02,301,14.6
2026-05-24 23:38:39,-102.1074,31.8187, 196.3,12352,-58.4,-70.2,-65.5, 21, 37, 0.02,301,14.6
2026-05-24 23:38:40,-102.1072,31.8186, 196.2,12357,-58.4,-70.1,-65.5, 21, 37, 0.02,301,14.7
2026-05-24 23:38:41,-102.1071,31.8185, 196.0,12361,-58.4,-70.1,-65.5, 21, 38, 0.02,301,14.7
2026-05-24 23:38:42,-102.1070,31.8185, 195.9,12365,-58.4,-70.1,-65.5, 21, 38, 0.02,301,14.7
2026-05-24 23:38:43,-102.1068,31.8184, 195.8,12369,-58.5,-70.1,-65.5, 22, 38, 0.02,301,14.7
2026-05-24 23:38:44,-102.1067,31.8183, 195.7,12373,-58.5,-70.1,-65.4, 22, 38, 0.02,301,14.7
2026-05-24 23:38:45,-102.1066,31.8183, 195.5,12377,-58.5,-70.0,-65.4, 22, 38, 0.02,301,14.6
2026-05-24 23:38:46,-102.1064,31.8182, 195.4,12381,-58.5,-70.0,-65.4, 22, 39, 0.02,301,14.6
2026-05-24 23:38:47,-102.1063,31.8181, 195.3,12385,-58.5,-70.0,-65.4, 22, 39, 0.02,301,14.6
2026-05-24 23:38:48,-102.1062,31.8181, 195.2,12389,-58.6,-70.0,-65.4, 22, 39, 0.02,301,14.6
2026-05-24 23:38:49,-102.1060,31.8180, 195.0,12393,-58.6,-70.0,-65.3, 22, 39, 0.02,301,14.6
2026-05-24 23:38:50,-102.1059,31.8179, 194.9,12397,-58.6,-70.0,-65.3, 22, 39, 0.02,301,14.6
2026-05-24 23:38:51,-102.1058,31.8179, 194.8,12401,-58.6,-70.0,-65.3, 22, 39, 0.02,301,14.6
2026-05-24 23:38:52,-102.1056,31.8178, 194.7,12404,-58.6,-70.0,-65.4, 22, 39, 0.02,301,14.5
2026-05-24 23:38:53,-102.1055,31.8177, 194.6,12408,-58.6,-70.0,-65.4, 22, 40, 0.02,301,14.5
2026-05-24 23:38:54,-102.1054,31.8177, 194.4,12412,-58.6,-70.0,-65.4, 22, 40, 0.02,301,14.5
2026-05-24 23:38:55,-102.1053,31.8176, 194.3,12416,-58.7,-70.0,-65.4, 22, 40, 0.02,301,14.5
2026-05-24 23:38:56,-102.1051,31.8175, 194.2,12421,-58.7,-70.0,-65.4, 22, 40, 0.02,301,14.5
2026-05-24 23:38:57,-102.1050,31.8175, 194.1,12425,-58.7,-70.0,-65.4, 22, 40, 0.02,301,14.5
2026-05-24 23:38:58,-102.1049,31.8174, 193.9,12429,-58.7,-70.0,-65.4, 22, 40, 0.02,301,14.5
2026-05-24 23:38:59,-102.1047,31.8173, 193.8,12433,-58.7,-70.0,-65.4, 22, 40, 0.02,301,14.4
2026-05-24 23:39:00,-102.1046,31.8173, 193.7,12437,-58.7,-70.1,-65.4, 22, 40, 0.02,301,14.4
2026-05-24 23:39:01,-102.1045,31.8172, 193.5,12441,-58.8,-70.1,-65.4, 22, 40, 0.02,301,14.4
2026-05-24 23:39:02,-102.1043,31.8171, 193.4,12445,-58.8,-70.1,-65.4, 22, 40, 0.02,301,14.4
2026-05-24 23:39:03,-102.1042,31.8171, 193.3,12450,-58.8,-70.1,-65.5, 22, 40, 0.02,301,14.4
2026-05-24 23:39:04,-102.1041,31.8170, 193.2,12454,-58.8,-70.1,-65.5, 22, 40, 0.02,301,14.4
2026-05-24 23:39:05,-102.1040,31.8169, 193.1,12458,-58.8,-70.1,-65.5, 22, 40, 0.02,301,14.4
2026-05-24 23:39:06,-102.1038,31.8169, 192.9,12461,-58.8,-70.2,-65.6, 22, 39, 0.02,301,14.4
2026-05-24 23:39:07,-102.1037,31.8168, 192.8,12465,-58.9,-70.2,-65.6, 22, 39, 0.02,301,14.4
2026-05-24 23:39:08,-102.1036,31.8167, 192.7,12469,-58.9,-70.2,-65.6, 22, 39, 0.02,301,14.4
2026-05-24 23:39:09,-102.1034,31.8167, 192.6,12473,-58.9,-70.3,-65.7, 22, 39, 0.02,301,14.4
2026-05-24 23:39:10,-102.1033,31.8166, 192.4,12477,-58.9,-70.3,-65.7, 22, 39, 0.02,301,14.4
2026-05-24 23:39:11,-102.1032,31.8165, 192.3,12481,-58.9,-70.3,-65.7, 22, 39, 0.02,301,14.4
2026-05-24 23:39:12,-102.1030,31.8165, 192.2,12485,-58.9,-70.4,-65.7, 22, 39, 0.02,301,14.4
2026-05-24 23:39:13,-102.1029,31.8164, 192.1,12489,-59.0,-70.4,-65.8, 22, 39, 0.02,301,14.4
2026-05-24 23:39:14,-102.1028,31.8163, 191.9,12494,-59.0,-70.4,-65.8, 22, 39, 0.02,301,14.4
2026-05-24 23:39:15,-102.1027,31.8163, 191.8,12498,-59.0,-70.5,-65.8, 22, 39, 0.02,301,14.4
2026-05-24 23:39:16,-102.1025,31.8162, 191.7,12502,-59.0,-70.5,-65.9, 22, 39, 0.02,300,14.4
2026-05-24 23:39:17,-102.1024,31.8161, 191.6,12506,-59.0,-70.5,-65.9, 22, 39, 0.02,300,14.4
2026-05-24 23:39:18,-102.1023,31.8161, 191.4,12510,-59.1,-70.5,-65.9, 22, 39, 0.02,300,14.4
2026-05-24 23:39:19,-102.1021,31.8160, 191.3,12514,-59.1,-70.5,-65.9, 22, 39, 0.02,300,14.4
2026-05-24 23:39:20,-102.1020,31.8159, 191.2,12518,-59.1,-70.5,-65.9, 22, 39, 0.02,300,14.4
2026-05-24 23:39:21,-102.1019,31.8159, 191.1,12521,-59.1,-70.5,-65.9, 22, 39, 0.02,300,14.4
2026-05-24 23:39:22,-102.1017,31.8158, 191.0,12525,-59.1,-70.5,-65.9, 22, 39, 0.02,300,14.4
2026-05-24 23:39:23,-102.1016,31.8157, 190.9,12529,-59.2,-70.5,-65.9, 22, 39, 0.02,300,14.4
2026-05-24 23:39:24,-102.1015,31.8157, 190.7,12533,-59.2,-70.5,-65.9, 22, 39, 0.02,300,14.4
2026-05-24 23:39:25,-102.1013,31.8156, 190.6,12537,-59.2,-70.5,-65.9, 22, 40, 0.02,300,14.4
2026-05-24 23:39:26,-102.1012,31.8155, 190.5,12540,-59.2,-70.5,-65.9, 22, 40, 0.02,300,14.4
2026-05-24 23:39:27,-102.1011,31.8155, 190.4,12544,-59.2,-70.5,-65.9, 22, 40, 0.02,300,14.4
2026-05-24 23:39:28,-102.1009,31.8154, 190.3,12548,-59.3,-70.5,-65.9, 22, 40, 0.02,300,14.5
2026-05-24 23:39:29,-102.1008,31.8153, 190.1,12552,-59.3,-70.5,-65.9, 22, 40, 0.02,300,14.5
2026-05-24 23:39:30,-102.1007,31.8153, 190.0,12556,-59.3,-70.5,-65.9, 23, 40, 0.02,299,14.5
2026-05-24 23:39:31,-102.1005,31.8152, 189.9,12561,-59.3,-70.5,-65.9, 23, 40, 0.02,299,14.5
2026-05-24 23:39:32,-102.1004,31.8151, 189.8,12565,-59.3,-70.5,-65.9, 23, 40, 0.02,299,14.5
2026-05-24 23:39:33,-102.1003,31.8151, 189.6,12569,-59.4,-70.6,-65.9, 23, 40, 0.02,299,14.5
2026-05-24 23:39:34,-102.1001,31.8150, 189.5,12573,-59.4,-70.6,-65.9, 23, 40, 0.02,299,14.5
2026-05-24 23:39:35,-102.1000,31.8150, 189.4,12577,-59.4,-70.6,-65.9, 23, 40, 0.02,299,14.5
2026-05-24 23:39:36,-102.0999,31.8149, 189.3,12581,-59.4,-70.6,-65.9, 23, 40, 0.02,299,14.6
2026-05-24 23:39:37,-102.0997,31.8148, 189.1,12585,-59.5,-70.6,-65.9, 23, 41, 0.02,299,14.6
2026-05-24 23:39:38,-102.0996,31.8148, 189.0,12590,-59.5,-70.6,-66.0, 23, 41, 0.02,299,14.6
2026-05-24 23:39:39,-102.0995,31.8147, 188.9,12594,-59.5,-70.6,-66.0, 23, 41, 0.02,299,14.6
2026-05-24 23:39:40,-102.0993,31.8146, 188.8,12598,-59.5,-70.6,-66.0, 23, 41, 0.02,299,14.6
2026-05-24 23:39:41,-102.0992,31.8146, 188.7,12601,-59.5,-70.6,-66.0, 23, 41, 0.02,299,14.6
2026-05-24 23:39:42,-102.0991,31.8145, 188.5,12605,-59.6,-70.6,-66.0, 23, 41, 0.02,299,14.6
2026-05-24 23:39:43,-102.0990,31.8145, 188.4,12609,-59.6,-70.6,-66.0, 23, 41, 0.02,299,14.6
2026-05-24 23:39:44,-102.0988,31.8144, 188.4,12611,-59.6,-70.6,-66.0, 23, 41, 0.02,299,14.6
2026-05-24 23:39:45,-102.0987,31.8143, 188.2,12617,-59.6,-70.7,-66.0, 23, 41, 0.02,299,14.6
2026-05-24 23:39:46,-102.0985,31.8142, 188.1,12621,-59.6,-70.7,-66.1, 23, 41, 0.02,299,14.6
2026-05-24 23:39:47,-102.0984,31.8142, 187.9,12626,-59.7,-70.7,-66.1, 23, 41, 0.02,299,14.6
2026-05-24 23:39:48,-102.0983,31.8141, 187.8,12630,-59.7,-70.8,-66.1, 23, 41, 0.02,299,14.6
2026-05-24 23:39:49,-102.0981,31.8141, 187.7,12634,-59.7,-70.8,-66.2, 23, 41, 0.02,299,14.6
2026-05-24 23:39:50,-102.0980,31.8140, 187.6,12638,-59.7,-70.8,-66.2, 23, 40, 0.02,300,14.6
2026-05-24 23:39:51,-102.0979,31.8139, 187.4,12642,-59.7,-70.9,-66.2, 23, 40, 0.02,300,14.6
2026-05-24 23:39:52,-102.0977,31.8139, 187.3,12646,-59.7,-70.9,-66.2, 23, 40, 0.02,300,14.6
2026-05-24 23:39:53,-102.0976,31.8138, 187.2,12651,-59.7,-70.9,-66.3, 23, 40, 0.01,300,14.5
2026-05-24 23:39:54,-102.0975,31.8137, 187.1,12655,-59.7,-70.9,-66.3, 22, 40, 0.01,300,14.5
2026-05-24 23:39:55,-102.0973,31.8137, 186.9,12659,-59.8,-71.0,-66.3, 22, 40, 0.01,300,14.5
2026-05-24 23:39:56,-102.0972,31.8136, 186.8,12663,-59.8,-71.0,-66.4, 22, 40, 0.01,300,14.5
2026-05-24 23:39:57,-102.0971,31.8136, 186.7,12667,-59.8,-71.0,-66.4, 22, 40, 0.01,300,14.5
2026-05-24 23:39:58,-102.0970,31.8135, 186.6,12671,-59.8,-71.1,-66.4, 22, 40, 0.01,301,14.5
2026-05-24 23:39:59,-102.0968,31.8134, 186.5,12675,-59.8,-71.1,-66.5, 22, 39, 0.01,301,14.5
2026-05-24 23:40:00,-102.0967,31.8134, 186.3,12679,-59.8,-71.1,-66.5, 22, 39, 0.01,301,14.5
2026-05-24 23:40:01,-102.0966,31.8133, 186.2,12683,-59.8,-71.2,-66.5, 22, 39, 0.01,301,14.5
2026-05-24 23:40:02,-102.0964,31.8133, 186.1,12688,-59.8,-71.2,-66.6, 22, 39, 0.01,301,14.5
2026-05-24 23:40:03,-102.0963,31.8132, 185.9,12692,-59.8,-71.3,-66.6, 22, 39, 0.01,301,14.4
2026-05-24 23:40:04,-102.0962,31.8131, 185.8,12697,-59.8,-71.3,-66.7, 22, 38, 0.01,301,14.4
2026-05-24 23:40:05,-102.0961,31.8131, 185.7,12702,-59.8,-71.3,-66.7, 21, 38, 0.01,301,14.3
2026-05-24 23:40:06,-102.0959,31.8130, 185.5,12706,-59.8,-71.4,-66.7, 21, 38, 0.01,300,14.3
2026-05-24 23:40:07,-102.0958,31.8130, 185.4,12710,-59.8,-71.4,-66.8, 21, 38, 0.01,300,14.2
2026-05-24 23:40:08,-102.0957,31.8129, 185.3,12714,-59.8,-71.5,-66.8, 21, 38, 0.01,300,14.2
2026-05-24 23:40:09,-102.0956,31.8129, 185.2,12718,-59.8,-71.5,-66.9, 21, 38, 0.01,300,14.2
2026-05-24 23:40:10,-102.0954,31.8128, 185.0,12722,-59.9,-71.5,-66.9, 21, 37, 0.01,300,14.1
2026-05-24 23:40:11,-102.0953,31.8127, 184.9,12726,-59.9,-71.6,-66.9, 21, 37, 0.01,300,14.1
2026-05-24 23:40:12,-102.0952,31.8127, 184.8,12731,-59.9,-71.6,-66.9, 21, 37, 0.01,300,14.0
2026-05-24 23:40:13,-102.0950,31.8126, 184.7,12735,-59.9,-71.6,-67.0, 21, 37, 0.01,299,14.0
2026-05-24 23:40:14,-102.0949,31.8126, 184.6,12739,-59.9,-71.6,-67.0, 21, 37, 0.01,299,13.9
2026-05-24 23:40:15,-102.0948,31.8125, 184.4,12743,-59.9,-71.6,-67.0, 21, 37, 0.01,299,13.9
2026-05-24 23:40:16,-102.0947,31.8124, 184.3,12747,-59.9,-71.6,-67.0, 21, 37, 0.01,299,13.8
2026-05-24 23:40:17,-102.0945,31.8124, 184.2,12751,-59.9,-71.7,-67.0, 21, 37, 0.01,299,13.8
2026-05-24 23:40:18,-102.0944,31.8123, 184.1,12755,-59.9,-71.7,-67.0, 21, 37, 0.01,299,13.8
2026-05-24 23:40:19,-102.0943,31.8123, 184.0,12759,-59.9,-71.7,-67.0, 21, 37, 0.01,298,13.7
2026-05-24 23:40:20,-102.0941,31.8122, 183.8,12763,-60.0,-71.7,-67.0, 21, 37, 0.01,298,13.7
2026-05-24 23:40:21,-102.0940,31.8121, 183.7,12767,-60.0,-71.7,-67.1, 21, 37, 0.01,298,13.6
2026-05-24 23:40:22,-102.0939,31.8121, 183.6,12772,-60.0,-71.7,-67.1, 21, 37, 0.01,298,13.6
2026-05-24 23:40:23,-102.0938,31.8120, 183.5,12776,-60.0,-71.7,-67.1, 21, 37, 0.01,298,13.6
2026-05-24 23:40:24,-102.0936,31.8120, 183.3,12780,-60.0,-71.8,-67.1, 21, 37, 0.01,298,13.6
2026-05-24 23:40:25,-102.0935,31.8119, 183.2,12784,-60.0,-71.8,-67.1, 21, 37, 0.01,297,13.6
2026-05-24 23:40:26,-102.0934,31.8119, 183.1,12788,-60.0,-71.8,-67.1, 21, 37, 0.01,297,13.6
2026-05-24 23:40:27,-102.0932,31.8118, 183.0,12792,-60.1,-71.7,-67.1, 21, 37, 0.01,297,13.6
2026-05-24 23:40:28,-102.0931,31.8118, 182.8,12796,-60.1,-71.7,-67.1, 21, 38, 0.01,297,13.6
2026-05-24 23:40:29,-102.0930,31.8117, 182.7,12801,-60.1,-71.7,-67.1, 21, 38, 0.01,296,13.6
2026-05-24 23:40:30,-102.0928,31.8117, 182.6,12805,-60.1,-71.7,-67.1, 21, 38, 0.01,296,13.6
2026-05-24 23:40:31,-102.0927,31.8116, 182.5,12810,-60.2,-71.7,-67.1, 21, 38, 0.01,296,13.6
2026-05-24 23:40:32,-102.0926,31.8116, 182.3,12814,-60.2,-71.7,-67.1, 21, 38, 0.01,296,13.6
2026-05-24 23:40:33,-102.0925,31.8115, 182.2,12818,-60.2,-71.7,-67.1, 21, 38, 0.01,296,13.6
2026-05-24 23:40:34,-102.0923,31.8115, 182.1,12823,-60.2,-71.7,-67.1, 21, 38, 0.01,295,13.6
2026-05-24 23:40:35,-102.0922,31.8114, 182.0,12827,-60.2,-71.7,-67.1, 21, 38, 0.01,295,13.6
2026-05-24 23:40:36,-102.0921,31.8114, 181.8,12831,-60.3,-71.7,-67.1, 21, 38, 0.01,295,13.6
2026-05-24 23:40:37,-102.0919,31.8113, 181.7,12836,-60.3,-71.7,-67.1, 21, 39, 0.01,295,13.6
2026-05-24 23:40:38,-102.0918,31.8113, 181.6,12840,-60.3,-71.8,-67.1, 22, 39, 0.01,294,13.6
2026-05-24 23:40:39,-102.0917,31.8112, 181.5,12844,-60.3,-71.8,-67.1, 22, 39, 0.01,294,13.6
2026-05-24 23:40:40,-102.0915,31.8112, 181.3,12849,-60.4,-71.8,-67.1, 21, 39, 0.01,294,13.6
2026-05-24 23:40:41,-102.0914,31.8111, 181.2,12853,-60.4,-71.8,-67.1, 22, 39, 0.01,294,13.6
2026-05-24 23:40:42,-102.0913,31.8111, 181.1,12858,-60.4,-71.8,-67.2, 22, 39, 0.01,294,13.6
2026-05-24 23:40:43,-102.0911,31.8110, 180.9,12862,-60.4,-71.8,-67.2, 22, 39, 0.01,294,13.6
2026-05-24 23:40:44,-102.0910,31.8109, 180.8,12866,-60.5,-71.9,-67.2, 22, 39, 0.01,294,13.7
2026-05-24 23:40:45,-102.0909,31.8109, 180.7,12871,-60.5,-71.9,-67.2, 22, 39, 0.01,294,13.7
2026-05-24 23:40:46,-102.0907,31.8108, 180.6,12875,-60.5,-71.9,-67.2, 22, 39, 0.01,294,13.7
2026-05-24 23:40:47,-102.0906,31.8108, 180.4,12879,-60.5,-71.9,-67.3, 22, 39, 0.01,294,13.7
2026-05-24 23:40:48,-102.0905,31.8107, 180.3,12883,-60.5,-71.9,-67.3, 22, 39, 0.01,294,13.7
2026-05-24 23:40:49,-102.0903,31.8107, 180.2,12888,-60.6,-71.9,-67.3, 22, 39, 0.01,294,13.7
2026-05-24 23:40:50,-102.0902,31.8106, 180.1,12892,-60.6,-72.0,-67.3, 22, 39, 0.01,294,13.7
2026-05-24 23:40:51,-102.0901,31.8106, 179.9,12896,-60.6,-72.0,-67.3, 22, 39, 0.01,294,13.7
2026-05-24 23:40:52,-102.0900,31.8105, 179.8,12900,-60.6,-72.0,-67.4, 22, 39, 0.01,295,13.7
2026-05-24 23:40:53,-102.0898,31.8105, 179.7,12905,-60.6,-72.1,-67.4, 21, 39, 0.01,295,13.7
2026-05-24 23:40:54,-102.0897,31.8104, 179.6,12909,-60.6,-72.1,-67.4, 21, 38, 0.01,295,13.7
2026-05-24 23:40:55,-102.0896,31.8104, 179.4,12914,-60.7,-72.1,-67.5, 21, 38, 0.01,295,13.7
2026-05-24 23:40:56,-102.0894,31.8103, 179.3,12918,-60.7,-72.2,-67.5, 21, 38, 0.01,295,13.8
2026-05-24 23:40:57,-102.0893,31.8103, 179.2,12923,-60.7,-72.2,-67.6, 21, 38, 0.01,295,13.8
2026-05-24 23:40:58,-102.0892,31.8103, 179.1,12927,-60.7,-72.2,-67.6, 21, 38, 0.01,295,13.8
2026-05-24 23:40:59,-102.0890,31.8102, 178.9,12932,-60.7,-72.3,-67.6, 21, 38, 0.01,295,13.8
2026-05-24 23:41:00,-102.0889,31.8102, 178.8,12936,-60.7,-72.3,-67.7, 21, 38, 0.01,295,13.8
2026-05-24 23:41:01,-102.0888,31.8101, 178.7,12941,-60.7,-72.4,-67.7, 21, 37, 0.01,296,13.8
2026-05-24 23:41:02,-102.0886,31.8101, 178.5,12945,-60.7,-72.4,-67.7, 21, 37, 0.01,296,13.8
2026-05-24 23:41:03,-102.0885,31.8100, 178.4,12949,-60.8,-72.4,-67.8, 21, 37, 0.01,295,13.8
2026-05-24 23:41:04,-102.0884,31.8100, 178.3,12953,-60.8,-72.5,-67.8, 21, 37, 0.01,295,13.8
2026-05-24 23:41:05,-102.0882,31.8099, 178.2,12958,-60.8,-72.5,-67.8, 21, 37, 0.01,295,13.7
2026-05-24 23:41:06,-102.0881,31.8099, 178.1,12962,-60.8,-72.5,-67.8, 20, 37, 0.01,295,13.7
2026-05-24 23:41:07,-102.0880,31.8098, 177.9,12966,-60.8,-72.5,-67.8, 20, 37, 0.01,294,13.7
2026-05-24 23:41:08,-102.0878,31.8098, 177.8,12970,-60.8,-72.5,-67.9, 20, 37, 0.01,294,13.7
2026-05-24 23:41:09,-102.0877,31.8098, 177.7,12974,-60.8,-72.5,-67.9, 20, 37, 0.01,294,13.7
2026-05-24 23:41:10,-102.0876,31.8097, 177.6,12979,-60.8,-72.5,-67.9, 20, 37, 0.01,293,13.7
2026-05-24 23:41:11,-102.0875,31.8097, 177.5,12983,-60.8,-72.6,-67.9, 20, 37, 0.01,293,13.6
2026-05-24 23:41:12,-102.0873,31.8096, 177.3,12987,-60.8,-72.6,-67.9, 20, 37, 0.01,293,13.6
2026-05-24 23:41:13,-102.0872,31.8096, 177.2,12991,-60.8,-72.6,-67.9, 20, 37, 0.01,293,13.6
2026-05-24 23:41:14,-102.0871,31.8095, 177.1,12995,-60.8,-72.6,-67.9, 20, 37, 0.01,292,13.6
2026-05-24 23:41:15,-102.0869,31.8095, 177.0,13000,-60.8,-72.6,-67.9, 20, 36, 0.01,292,13.6
2026-05-24 23:41:16,-102.0867,31.8094, 176.9,13004,-60.8,-72.6,-67.9, 20, 36, 0.01,292,13.6
2026-05-24 23:41:17,-102.0867,31.8094, 176.7,13010,-60.8,-72.6,-68.0, 20, 36, 0.01,291,13.5
2026-05-24 23:41:18,-102.0865,31.8093, 176.6,13013,-60.8,-72.6,-68.0, 20, 36, 0.01,291,13.5
2026-05-24 23:41:19,-102.0864,31.8093, 176.5,13018,-60.8,-72.6,-67.9, 20, 36, 0.01,291,13.5
2026-05-24 23:41:20,-102.0863,31.8092, 176.3,13022,-60.8,-72.6,-67.9, 20, 36, 0.01,291,13.5
2026-05-24 23:41:21,-102.0861,31.8092, 176.2,13026,-60.8,-72.6,-67.9, 20, 36, 0.01,290,13.5
2026-05-24 23:41:22,-102.0860,31.8092, 176.1,13030,-60.8,-72.6,-67.9, 20, 36, 0.01,290,13.5
2026-05-24 23:41:23,-102.0859,31.8091, 176.0,13035,-60.8,-72.6,-67.9, 20, 37, 0.01,290,13.4
2026-05-24 23:41:24,-102.0858,31.8091, 175.9,13039,-60.8,-72.6,-67.9, 20, 37, 0.01,291,13.4
2026-05-24 23:41:25,-102.0856,31.8090, 175.7,13043,-60.8,-72.6,-67.9, 20, 37, 0.01,291,13.4
2026-05-24 23:41:26,-102.0855,31.8089, 175.6,13047,-60.8,-72.6,-67.9, 20, 37, 0.01,291,13.3
2026-05-24 23:41:27,-102.0854,31.8089, 175.5,13052,-60.8,-72.6,-67.9, 20, 37, 0.01,292,13.3
2026-05-24 23:41:28,-102.0853,31.8088, 175.4,13056,-60.8,-72.6,-67.9, 20, 37, 0.01,292,13.2
2026-05-24 23:41:29,-102.0852,31.8088, 175.3,13060,-60.8,-72.5,-67.9, 20, 37, 0.01,292,13.2
2026-05-24 23:41:30,-102.0851,31.8087, 175.1,13065,-60.8,-72.5,-67.9, 20, 37, 0.01,293,13.2
2026-05-24 23:41:31,-102.0850,31.8087, 175.0,13069,-60.8,-72.5,-67.9, 20, 37, 0.01,293,13.1
2026-05-24 23:41:32,-102.0849,31.8086, 174.9,13073,-60.8,-72.5,-67.8, 20, 37, 0.01,293,13.1
2026-05-24 23:41:33,-102.0847,31.8086, 174.8,13078,-60.8,-72.5,-67.8, 20, 37, 0.01,294,13.0
2026-05-24 23:41:34,-102.0846,31.8085, 174.6,13082,-60.8,-72.5,-67.8, 20, 37, 0.01,294,13.0
2026-05-24 23:41:35,-102.0845,31.8085, 174.5,13087,-60.8,-72.5,-67.8, 20, 37, 0.01,294,13.0
2026-05-24 23:41:36,-102.0844,31.8084, 174.4,13091,-60.8,-72.5,-67.8, 21, 37, 0.01,295,12.9
2026-05-24 23:41:37,-102.0843,31.8084, 174.3,13096,-60.8,-72.5,-67.8, 21, 37, 0.01,295,12.9
2026-05-24 23:41:38,-102.0842,31.8083, 174.1,13100,-60.8,-72.5,-67.8, 21, 37, 0.01,295,12.9
2026-05-24 23:41:39,-102.0841,31.8083, 174.0,13104,-60.8,-72.5,-67.8, 21, 37, 0.01,296,12.8
2026-05-24 23:41:40,-102.0839,31.8082, 173.9,13109,-60.8,-72.4,-67.8, 21, 37, 0.01,296,12.8
2026-05-24 23:41:41,-102.0838,31.8081, 173.8,13113,-60.8,-72.4,-67.8, 21, 37, 0.01,296,12.8
2026-05-24 23:41:42,-102.0837,31.8081, 173.6,13118,-60.8,-72.4,-67.8, 21, 37, 0.01,297,12.7
2026-05-24 23:41:43,-102.0836,31.8080, 173.5,13123,-60.8,-72.4,-67.7, 21, 37, 0.01,297,12.7
2026-05-24 23:41:44,-102.0835,31.8080, 173.4,13127,-60.8,-72.4,-67.7, 21, 37, 0.01,297,12.6
2026-05-24 23:41:45,-102.0834,31.8079, 173.3,13132,-60.8,-72.4,-67.7, 21, 37, 0.01,297,12.6
2026-05-24 23:41:46,-102.0833,31.8079, 173.1,13137,-60.8,-72.4,-67.7, 21, 37, 0.01,298,12.5
2026-05-24 23:41:47,-102.0831,31.8078, 173.0,13142,-60.8,-72.4,-67.7, 21, 37, 0.01,298,12.4
2026-05-24 23:41:48,-102.0830,31.8078, 172.9,13146,-60.8,-72.4,-67.7, 21, 37, 0.01,298,12.4
2026-05-24 23:41:49,-102.0829,31.8077, 172.7,13151,-60.8,-72.4,-67.7, 21, 37, 0.01,298,12.3
2026-05-24 23:41:50,-102.0828,31.8077, 172.6,13156,-60.8,-72.4,-67.7, 21, 37, 0.01,299,12.3
2026-05-24 23:41:51,-102.0827,31.8076, 172.5,13160,-60.8,-72.4,-67.7, 21, 37, 0.01,299,12.2
2026-05-24 23:41:52,-102.0826,31.8076, 172.3,13165,-60.8,-72.4,-67.7, 21, 38, 0.01,299,12.2
2026-05-24 23:41:53,-102.0825,31.8075, 172.2,13170,-60.8,-72.4,-67.8, 21, 37, 0.01,299,12.1
2026-05-24 23:41:54,-102.0823,31.8075, 172.1,13175,-60.8,-72.4,-67.8, 21, 37, 0.01,300,12.0
2026-05-24 23:41:55,-102.0822,31.8074, 171.9,13180,-60.8,-72.4,-67.8, 21, 38, 0.01,300,12.0
2026-05-24 23:41:56,-102.0821,31.8074, 171.8,13184,-60.8,-72.4,-67.8, 21, 38, 0.01,300,11.9
2026-05-24 23:41:57,-102.0820,31.8073, 171.7,13189,-60.8,-72.4,-67.8, 21, 38, 0.01,300,11.9
2026-05-24 23:41:58,-102.0819,31.8073, 171.5,13194,-60.8,-72.4,-67.8, 21, 38, 0.01,301,11.8
2026-05-24 23:41:59,-102.0817,31.8072, 171.4,13199,-60.8,-72.4,-67.8, 21, 38, 0.01,301,11.8
2026-05-24 23:42:00,-102.0816,31.8072, 171.3,13204,-60.8,-72.5,-67.8, 21, 37, 0.01,301,11.7
2026-05-24 23:42:01,-102.0815,31.8071, 171.1,13209,-60.8,-72.5,-67.8, 21, 37, 0.01,302,11.7
2026-05-24 23:42:02,-102.0814,31.8071, 171.0,13214,-60.9,-72.5,-67.8, 21, 37, 0.01,302,11.6
2026-05-24 23:42:03,-102.0813,31.8070, 170.9,13219,-60.9,-72.5,-67.8, 21, 37, 0.01,301,11.7
2026-05-24 23:42:04,-102.0812,31.8070, 170.7,13224,-60.9,-72.5,-67.9, 21, 37, 0.01,301,11.7
2026-05-24 23:42:05,-102.0810,31.8070, 170.6,13229,-60.9,-72.5,-67.9, 21, 37, 0.01,300,11.7
2026-05-24 23:42:06,-102.0809,31.8069, 170.5,13233,-60.9,-72.6,-67.9, 21, 37, 0.01,300,11.8
2026-05-24 23:42:07,-102.0808,31.8069, 170.3,13238,-60.9,-72.6,-67.9, 21, 37, 0.01,299,11.8
2026-05-24 23:42:08,-102.0807,31.8068, 170.2,13243,-60.9,-72.6,-67.9, 21, 37, 0.01,299,11.9
2026-05-24 23:42:09,-102.0806,31.8068, 170.0,13248,-60.9,-72.6,-67.9, 21, 37, 0.01,298,11.9
2026-05-24 23:42:10,-102.0804,31.8067, 169.9,13252,-60.9,-72.6,-68.0, 21, 37, 0.01,298,11.9
2026-05-24 23:42:11,-102.0803,31.8067, 169.8,13258,-60.9,-72.6,-68.0, 20, 37, 0.01,297,12.0
2026-05-24 23:42:12,-102.0802,31.8066, 169.6,13263,-60.9,-72.7,-68.0, 20, 37, 0.01,297,12.0
2026-05-24 23:42:13,-102.0801,31.8066, 169.5,13268,-61.0,-72.7,-68.0, 20, 37, 0.01,296,12.1
2026-05-24 23:42:14,-102.0800,31.8066, 169.4,13274,-61.0,-72.7,-68.1, 20, 37, 0.01,296,12.1
2026-05-24 23:42:15,-102.0798,31.8065, 169.2,13279,-61.0,-72.8,-68.1, 20, 36, 0.01,296,12.2
2026-05-24 23:42:16,-102.0797,31.8065, 169.1,13284,-61.0,-72.8,-68.1, 20, 36, 0.01,295,12.2
2026-05-24 23:42:17,-102.0796,31.8064, 168.9,13289,-61.0,-72.9,-68.2, 20, 36, 0.01,295,12.3
2026-05-24 23:42:18,-102.0795,31.8064, 168.8,13295,-61.0,-72.9,-68.2, 20, 36, 0.01,294,12.3
2026-05-24 23:42:19,-102.0794,31.8063, 168.6,13300,-61.0,-72.9,-68.3, 20, 36, 0.01,294,12.4
2026-05-24 23:42:20,-102.0792,31.8063, 168.5,13305,-61.1,-73.0,-68.3, 20, 36, 0.01,293,12.4
2026-05-24 23:42:21,-102.0791,31.8062, 168.4,13310,-61.1,-73.0,-68.3, 20, 36, 0.01,293,12.5
2026-05-24 23:42:22,-102.0790,31.8062, 168.2,13315,-61.1,-73.0,-68.4, 20, 36, 0.01,292,12.5
2026-05-24 23:42:23,-102.0789,31.8061, 168.1,13320,-61.1,-73.1,-68.4, 20, 36, 0.01,292,12.6
2026-05-24 23:42:24,-102.0788,31.8061, 168.0,13325,-61.1,-73.1,-68.4, 20, 35, 0.01,292,12.7
2026-05-24 23:42:25,-102.0786,31.8061, 167.9,13328,-61.1,-73.1,-68.5, 20, 35, 0.01,292,12.7
2026-05-24 23:42:26,-102.0785,31.8060, 167.7,13334,-61.1,-73.1,-68.5, 20, 35, 0.01,292,12.8
2026-05-24 23:42:27,-102.0783,31.8060, 167.6,13339,-61.1,-73.1,-68.4, 20, 36, 0.01,291,12.9
2026-05-24 23:42:28,-102.0782,31.8060, 167.5,13343,-61.2,-73.1,-68.4, 20, 36, 0.01,291,13.0
2026-05-24 23:42:29,-102.0781,31.8059, 167.3,13348,-61.2,-73.1,-68.4, 20, 36, 0.01,291,13.1
2026-05-24 23:42:30,-102.0779,31.8059, 167.2,13353,-61.2,-73.1,-68.4, 20, 36, 0.01,291,13.1
2026-05-24 23:42:31,-102.0778,31.8058, 167.1,13357,-61.2,-73.1,-68.4, 20, 36, 0.01,291,13.2
2026-05-24 23:42:32,-102.0776,31.8058, 167.0,13362,-61.2,-73.1,-68.4, 20, 36, 0.01,290,13.3
2026-05-24 23:42:33,-102.0775,31.8058, 166.8,13366,-61.2,-73.0,-68.4, 20, 36, 0.01,290,13.4
2026-05-24 23:42:34,-102.0774,31.8057, 166.7,13371,-61.2,-73.0,-68.4, 20, 36, 0.01,290,13.4
2026-05-24 23:42:35,-102.0772,31.8057, 166.6,13376,-61.2,-73.0,-68.3, 20, 36, 0.01,290,13.5
2026-05-24 23:42:36,-102.0771,31.8056, 166.5,13380,-61.2,-73.0,-68.3, 20, 37, 0.01,290,13.6
2026-05-24 23:42:37,-102.0769,31.8056, 166.3,13385,-61.2,-73.0,-68.3, 20, 37, 0.01,289,13.7
2026-05-24 23:42:38,-102.0768,31.8056, 166.2,13390,-61.3,-73.0,-68.3, 20, 37, 0.01,289,13.7
2026-05-24 23:42:39,-102.0767,31.8055, 166.1,13394,-61.3,-73.0,-68.3, 20, 37, 0.01,289,13.8
2026-05-24 23:42:40,-102.0765,31.8055, 166.0,13399,-61.3,-73.0,-68.3, 20, 37, 0.01,289,13.9
2026-05-24 23:42:41,-102.0764,31.8054, 165.8,13403,-61.3,-73.0,-68.3, 20, 37, 0.01,289,14.0
2026-05-24 23:42:42,-102.0762,31.8054, 165.7,13408,-61.3,-73.0,-68.3, 20, 37, 0.01,289,14.1
2026-05-24 23:42:43,-102.0761,31.8054, 165.6,13413,-61.3,-73.0,-68.3, 20, 37, 0.01,288,14.0
2026-05-24 23:42:44,-102.0760,31.8053, 165.5,13417,-61.3,-73.0,-68.3, 21, 37, 0.01,288,14.0
2026-05-24 23:42:45,-102.0758,31.8053, 165.4,13422,-61.3,-73.0,-68.3, 21, 37, 0.01,288,14.0
2026-05-24 23:42:46,-102.0757,31.8053, 165.2,13426,-61.3,-73.0,-68.3, 21, 37, 0.01,288,14.0
2026-05-24 23:42:47,-102.0755,31.8052, 165.1,13431,-61.3,-73.0,-68.3, 21, 37, 0.01,288,14.0
2026-05-24 23:42:48,-102.0754,31.8052, 165.0,13435,-61.3,-73.0,-68.3, 21, 37, 0.01,288,14.0
2026-05-24 23:42:49,-102.0753,31.8051, 164.9,13440,-61.4,-73.0,-68.3, 21, 37, 0.01,288,14.0
2026-05-24 23:42:50,-102.0751,31.8051, 164.8,13444,-61.4,-73.0,-68.3, 21, 37, 0.01,288,14.0
2026-05-24 23:42:51,-102.0750,31.8051, 164.6,13449,-61.4,-73.0,-68.3, 21, 38, 0.01,288,14.0
2026-05-24 23:42:52,-102.0748,31.8050, 164.5,13452,-61.4,-73.0,-68.3, 21, 38, 0.01,288,14.0
2026-05-24 23:42:53,-102.0747,31.8050, 164.4,13458,-61.4,-73.0,-68.3, 21, 37, 0.01,288,14.0
2026-05-24 23:42:54,-102.0746,31.8049, 164.3,13463,-61.4,-73.0,-68.3, 21, 37, 0.01,288,13.9
2026-05-24 23:42:55,-102.0744,31.8049, 164.1,13468,-61.4,-73.0,-68.4, 21, 37, 0.01,288,13.9
2026-05-24 23:42:56,-102.0743,31.8049, 164.0,13472,-61.4,-73.1,-68.4, 21, 37, 0.01,287,13.9
2026-05-24 23:42:57,-102.0742,31.8048, 163.9,13477,-61.4,-73.1,-68.4, 21, 37, 0.01,287,13.9
2026-05-24 23:42:58,-102.0740,31.8048, 163.8,13482,-61.5,-73.1,-68.4, 20, 37, 0.01,287,13.9
2026-05-24 23:42:59,-102.0739,31.8048, 163.6,13486,-61.5,-73.1,-68.4, 20, 37, 0.01,287,13.9
2026-05-24 23:43:00,-102.0738,31.8047, 163.5,13491,-61.5,-73.1,-68.5, 20, 37, 0.01,287,13.9
2026-05-24 23:43:01,-102.0737,31.8047, 163.4,13496,-61.5,-73.2,-68.5, 20, 37, 0.01,287,13.9
2026-05-24 23:43:02,-102.0735,31.8047, 163.3,13501,-61.5,-73.2,-68.5, 20, 37, 0.01,287,13.9
2026-05-24 23:43:03,-102.0734,31.8046, 163.1,13506,-61.5,-73.2,-68.5, 20, 37, 0.01,287,13.8
2026-05-24 23:43:04,-102.0733,31.8046, 163.0,13511,-61.5,-73.2,-68.5, 20, 37, 0.01,287,13.8
2026-05-24 23:43:05,-102.0731,31.8046, 162.9,13515,-61.5,-73.2,-68.6, 20, 37, 0.01,287,13.7
2026-05-24 23:43:06,-102.0730,31.8045, 162.7,13520,-61.5,-73.3,-68.6, 20, 37, 0.01,287,13.7
2026-05-24 23:43:07,-102.0729,31.8045, 162.6,13525,-61.6,-73.3,-68.6, 20, 37, 0.01,287,13.6
2026-05-24 23:43:08,-102.0728,31.8045, 162.5,13530,-61.6,-73.3,-68.6, 20, 37, 0.01,287,13.5
2026-05-24 23:43:09,-102.0726,31.8044, 162.4,13535,-61.6,-73.3,-68.6, 20, 37, 0.01,287,13.5
2026-05-24 23:43:10,-102.0725,31.8044, 162.2,13540,-61.6,-73.3,-68.7, 20, 36, 0.01,287,13.4
2026-05-24 23:43:11,-102.0724,31.8044, 162.1,13545,-61.6,-73.4,-68.7, 20, 36, 0.01,287,13.4
2026-05-24 23:43:12,-102.0723,31.8043, 162.0,13549,-61.6,-73.4,-68.7, 20, 36, 0.01,287,13.3
2026-05-24 23:43:13,-102.0721,31.8043, 161.9,13554,-61.6,-73.4,-68.7, 20, 36, 0.01,287,13.3
2026-05-24 23:43:14,-102.0720,31.8043, 161.7,13558,-61.6,-73.4,-68.8, 20, 36, 0.01,287,13.2
2026-05-24 23:43:15,-102.0719,31.8043, 161.6,13563,-61.6,-73.5,-68.8, 20, 36, 0.01,287,13.2
2026-05-24 23:43:16,-102.0717,31.8042, 161.5,13567,-61.6,-73.5,-68.8, 20, 36, 0.01,287,13.1
2026-05-24 23:43:17,-102.0716,31.8042, 161.4,13572,-61.6,-73.5,-68.8, 20, 36, 0.01,287,13.1
2026-05-24 23:43:18,-102.0715,31.8042, 161.2,13578,-61.6,-73.5,-68.8, 20, 36, 0.01,287,13.0
2026-05-24 23:43:19,-102.0714,31.8041, 161.2,13581,-61.6,-73.5,-68.8, 20, 36, 0.01,287,12.9
2026-05-24 23:43:20,-102.0712,31.8041, 161.0,13586,-61.6,-73.5,-68.9, 20, 36, 0.01,287,12.9
2026-05-24 23:43:21,-102.0711,31.8041, 160.9,13590,-61.6,-73.6,-68.9, 20, 36, 0.01,287,12.8
2026-05-24 23:43:22,-102.0710,31.8040, 160.8,13595,-61.6,-73.6,-68.9, 20, 36, 0.01,287,12.8
2026-05-24 23:43:23,-102.0709,31.8040, 160.7,13600,-61.6,-73.6,-68.9, 20, 35, 0.01,287,12.7
2026-05-24 23:43:24,-102.0707,31.8040, 160.6,13604,-61.6,-73.6,-68.9, 19, 35, 0.01,287,12.5
2026-05-24 23:43:25,-102.0706,31.8039, 160.4,13609,-61.6,-73.6,-68.9, 19, 35, 0.01,287,12.4
2026-05-24 23:43:26,-102.0705,31.8039, 160.3,13613,-61.6,-73.6,-68.9, 19, 35, 0.01,287,12.3
2026-05-24 23:43:27,-102.0704,31.8039, 160.2,13618,-61.6,-73.6,-69.0, 19, 35, 0.01,287,12.2
2026-05-24 23:43:28,-102.0703,31.8038, 160.1,13622,-61.6,-73.7,-69.0, 19, 35, 0.01,287,12.1
2026-05-24 23:43:29,-102.0702,31.8038, 160.0,13627,-61.6,-73.7,-69.0, 19, 35, 0.01,287,12.0
2026-05-24 23:43:30,-102.0701,31.8038, 159.8,13632,-61.6,-73.7,-69.0, 19, 35, 0.01,287,11.9
2026-05-24 23:43:31,-102.0700,31.8038, 159.7,13637,-61.6,-73.7,-69.0, 19, 35, 0.01,287,11.8
2026-05-24 23:43:32,-102.0699,31.8037, 159.6,13641,-61.6,-73.7,-69.0, 19, 35, 0.01,287,11.6
2026-05-24 23:43:33,-102.0698,31.8037, 159.5,13646,-61.6,-73.7,-69.0, 19, 35, 0.01,287,11.5
2026-05-24 23:43:34,-102.0697,31.8037, 159.4,13650,-61.6,-73.7,-69.0, 19, 35, 0.01,287,11.4
2026-05-24 23:43:35,-102.0696,31.8036, 159.3,13655,-61.6,-73.7,-69.0, 19, 35, 0.01,287,11.3
2026-05-24 23:43:36,-102.0695,31.8036, 159.1,13659,-61.6,-73.7,-69.0, 19, 35, 0.01,287,11.2
2026-05-24 23:43:37,-102.0694,31.8036, 159.0,13663,-61.6,-73.7,-69.0, 19, 35, 0.01,287,11.1
2026-05-24 23:43:38,-102.0693,31.8036, 158.9,13667,-61.6,-73.7,-69.0, 19, 35, 0.01,287,11.0
2026-05-24 23:43:39,-102.0692,31.8035, 158.8,13672,-61.6,-73.7,-69.0, 19, 35, 0.01,287,10.8
2026-05-24 23:43:40,-102.0691,31.8035, 158.7,13676,-61.6,-73.7,-69.0, 19, 35, 0.01,287,10.7
2026-05-24 23:43:41,-102.0689,31.8035, 158.6,13680,-61.6,-73.7,-69.0, 19, 35, 0.01,287,10.6
2026-05-24 23:43:42,-102.0688,31.8034, 158.5,13685,-61.6,-73.7,-69.0, 19, 35, 0.01,287,10.5
2026-05-24 23:43:43,-102.0687,31.8034, 158.4,13689,-61.6,-73.7,-69.0, 19, 35, 0.01,287,10.5
2026-05-24 23:43:44,-102.0686,31.8034, 158.3,13693,-61.6,-73.7,-69.0, 19, 35, 0.01,287,10.4
2026-05-24 23:43:45,-102.0685,31.8034, 158.2,13698,-61.6,-73.7,-69.0, 19, 35, 0.01,287,10.4
2026-05-24 23:43:46,-102.0684,31.8033, 158.0,13702,-61.6,-73.7,-69.0, 19, 35, 0.01,287,10.4
2026-05-24 23:43:47,-102.0683,31.8033, 157.9,13706,-61.6,-73.7,-69.0, 19, 35, 0.01,288,10.3
2026-05-24 23:43:48,-102.0682,31.8033, 157.8,13710,-61.6,-73.7,-69.0, 19, 35, 0.01,288,10.3
2026-05-24 23:43:49,-102.0681,31.8032, 157.7,13715,-61.7,-73.7,-69.0, 19, 35, 0.01,288,10.3
2026-05-24 23:43:50,-102.0680,31.8032, 157.6,13719,-61.7,-73.7,-69.0, 19, 35, 0.01,288,10.3
2026-05-24 23:43:51,-102.0679,31.8032, 157.5,13723,-61.7,-73.7,-69.0, 19, 35, 0.01,288,10.2
2026-05-24 23:43:52,-102.0678,31.8032, 157.4,13728,-61.7,-73.7,-69.0, 19, 35, 0.01,288,10.2
2026-05-24 23:43:53,-102.0677,31.8031, 157.3,13732,-61.7,-73.7,-69.0, 19, 35, 0.01,288,10.2
2026-05-24 23:43:54,-102.0676,31.8031, 157.2,13736,-61.7,-73.7,-69.0, 19, 35, 0.01,288,10.1
2026-05-24 23:43:55,-102.0675,31.8031, 157.1,13741,-61.7,-73.7,-69.0, 19, 35, 0.01,288,10.1
2026-05-24 23:43:56,-102.0674,31.8030, 156.9,13745,-61.7,-73.7,-69.0, 19, 35, 0.01,288,10.1
2026-05-24 23:43:57,-102.0673,31.8030, 156.8,13750,-61.7,-73.7,-69.0, 19, 35, 0.01,289,10.1
2026-05-24 23:43:58,-102.0672,31.8030, 156.7,13754,-61.8,-73.7,-69.0, 20, 36, 0.01,289,10.0
2026-05-24 23:43:59,-102.0671,31.8029, 156.6,13758,-61.8,-73.7,-69.0, 20, 36, 0.01,289,10.0
2026-05-24 23:44:00,-102.0670,31.8029, 156.5,13763,-61.8,-73.7,-69.0, 20, 36, 0.01,289,10.0
2026-05-24 23:44:01,-102.0669,31.8029, 156.4,13767,-61.8,-73.7,-69.0, 20, 36, 0.01,289, 9.9
2026-05-24 23:44:02,-102.0668,31.8028, 156.3,13771,-61.8,-73.7,-69.0, 20, 36, 0.01,289, 9.9
2026-05-24 23:44:03,-102.0667,31.8028, 156.2,13776,-61.8,-73.7,-69.0, 20, 36, 0.01,289, 9.9
2026-05-24 23:44:04,-102.0666,31.8027, 156.0,13781,-61.8,-73.7,-69.0, 20, 36, 0.01,290,10.0
2026-05-24 23:44:05,-102.0665,31.8027, 155.9,13785,-61.8,-73.7,-69.0, 20, 36, 0.01,290,10.0
2026-05-24 23:44:06,-102.0664,31.8027, 155.8,13790,-61.8,-73.7,-69.1, 20, 36, 0.01,290,10.0
2026-05-24 23:44:07,-102.0663,31.8026, 155.7,13795,-61.9,-73.7,-69.1, 20, 36, 0.01,290,10.1
2026-05-24 23:44:08,-102.0662,31.8026, 155.6,13799,-61.9,-73.7,-69.1, 20, 36, 0.01,291,10.1
2026-05-24 23:44:09,-102.0661,31.8026, 155.5,13804,-61.9,-73.7,-69.1, 20, 36, 0.01,291,10.1
2026-05-24 23:44:10,-102.0660,31.8025, 155.3,13808,-61.9,-73.8,-69.1, 20, 36, 0.01,291,10.2
2026-05-24 23:44:11,-102.0659,31.8025, 155.2,13813,-61.9,-73.8,-69.1, 20, 36, 0.01,291,10.2
2026-05-24 23:44:12,-102.0658,31.8025, 155.1,13817,-61.9,-73.8,-69.1, 20, 36, 0.01,292,10.2
2026-05-24 23:44:13,-102.0657,31.8024, 155.0,13822,-61.9,-73.8,-69.1, 20, 36, 0.01,292,10.3
2026-05-24 23:44:14,-102.0656,31.8024, 154.9,13827,-62.0,-73.8,-69.1, 20, 36, 0.01,292,10.3
2026-05-24 23:44:15,-102.0655,31.8023, 154.8,13831,-62.0,-73.8,-69.1, 20, 36, 0.01,292,10.3
2026-05-24 23:44:16,-102.0654,31.8023, 154.7,13836,-62.0,-73.8,-69.1, 20, 36, 0.01,293,10.4
2026-05-24 23:44:17,-102.0653,31.8023, 154.5,13841,-62.0,-73.8,-69.1, 20, 36, 0.01,293,10.4
2026-05-24 23:44:18,-102.0652,31.8022, 154.4,13846,-62.0,-73.8,-69.2, 20, 36, 0.01,293,10.4
2026-05-24 23:44:19,-102.0651,31.8022, 154.3,13850,-62.0,-73.9,-69.2, 20, 36, 0.01,293,10.5
2026-05-24 23:44:20,-102.0650,31.8022, 154.2,13855,-62.1,-73.9,-69.2, 20, 36, 0.01,294,10.5
2026-05-24 23:44:21,-102.0649,31.8021, 154.1,13860,-62.1,-73.9,-69.2, 20, 36, 0.01,294,10.6
2026-05-24 23:44:22,-102.0648,31.8021, 153.9,13864,-62.1,-73.9,-69.2, 20, 36, 0.01,294,10.6
2026-05-24 23:44:23,-102.0647,31.8021, 153.8,13869,-62.1,-73.9,-69.2, 20, 36, 0.01,294,10.6
2026-05-24 23:44:24,-102.0646,31.8020, 153.7,13874,-62.1,-73.9,-69.2, 20, 36, 0.01,293,10.6
2026-05-24 23:44:25,-102.0645,31.8020, 153.6,13878,-62.1,-73.9,-69.3, 20, 36, 0.01,293,10.6
2026-05-24 23:44:26,-102.0644,31.8020, 153.5,13883,-62.2,-74.0,-69.3, 20, 36, 0.01,293,10.6
2026-05-24 23:44:27,-102.0643,31.8019, 153.4,13888,-62.2,-74.0,-69.3, 20, 36, 0.01,293,10.6
2026-05-24 23:44:28,-102.0641,31.8019, 153.2,13892,-62.2,-74.0,-69.3, 20, 36, 0.01,292,10.6
2026-05-24 23:44:29,-102.0640,31.8019, 153.1,13897,-62.2,-74.1,-69.4, 20, 36, 0.01,292,10.6
2026-05-24 23:44:30,-102.0639,31.8019, 153.0,13902,-62.2,-74.1,-69.4, 20, 36, 0.01,292,10.6
2026-05-24 23:44:31,-102.0638,31.8018, 152.9,13906,-62.3,-74.1,-69.4, 20, 36, 0.01,291,10.6
2026-05-24 23:44:32,-102.0637,31.8018, 152.8,13911,-62.3,-74.2,-69.5, 20, 36, 0.01,291,10.6
2026-05-24 23:44:33,-102.0636,31.8018, 152.7,13916,-62.3,-74.2,-69.5, 19, 36, 0.01,291,10.6
2026-05-24 23:44:34,-102.0635,31.8018, 152.6,13920,-62.3,-74.2,-69.5, 19, 36, 0.01,291,10.7
2026-05-24 23:44:35,-102.0634,31.8018, 152.4,13925,-62.4,-74.3,-69.6, 19, 36, 0.01,290,10.7
2026-05-24 23:44:36,-102.0632,31.8017, 152.3,13930,-62.4,-74.3,-69.6, 19, 35, 0.01,290,10.7
2026-05-24 23:44:37,-102.0631,31.8017, 152.2,13934,-62.4,-74.3,-69.6, 19, 35, 0.01,290,10.7
2026-05-24 23:44:38,-102.0630,31.8017, 152.1,13939,-62.4,-74.4,-69.7, 19, 35, 0.01,289,10.7
2026-05-24 23:44:39,-102.0629,31.8017, 152.0,13944,-62.4,-74.4,-69.7, 19, 35, 0.01,289,10.7
2026-05-24 23:44:40,-102.0628,31.8016, 151.9,13949,-62.5,-74.4,-69.7, 19, 35, 0.01,289,10.7
2026-05-24 23:44:41,-102.0627,31.8016, 151.7,13954,-62.5,-74.5,-69.8, 19, 35, 0.01,288,10.7
2026-05-24 23:44:42,-102.0626,31.8016, 151.6,13959,-62.5,-74.5,-69.8, 19, 35, 0.01,288,10.7
2026-05-24 23:44:43,-102.0625,31.8016, 151.5,13963,-62.5,-74.6,-69.9, 19, 35, 0.01,288,10.7
2026-05-24 23:44:44,-102.0623,31.8016, 151.4,13968,-62.5,-74.6,-69.9, 19, 35, 0.01,287,10.7
2026-05-24 23:44:45,-102.0622,31.8015, 151.3,13973,-62.5,-74.7,-70.0, 19, 34, 0.01,287,10.8
2026-05-24 23:44:46,-102.0621,31.8015, 151.1,13978,-62.6,-74.7,-70.0, 19, 34, 0.01,286,10.8
2026-05-24 23:44:47,-102.0620,31.8015, 151.0,13983,-62.6,-74.8,-70.1, 19, 34, 0.01,286,10.8
2026-05-24 23:44:48,-102.0619,31.8015, 150.9,13987,-62.6,-74.8,-70.1, 19, 34, 0.01,285,10.8
2026-05-24 23:44:49,-102.0618,31.8014, 150.8,13992,-62.6,-74.8,-70.1, 18, 34, 0.01,285,10.8
2026-05-24 23:44:50,-102.0617,31.8014, 150.7,13996,-62.6,-74.9,-70.2, 18, 34, 0.01,284,10.8
2026-05-24 23:44:51,-102.0616,31.8014, 150.6,14000,-62.6,-74.9,-70.2, 18, 34, 0.01,284,10.8
2026-05-24 23:44:52,-102.0615,31.8014, 150.5,14005,-62.7,-75.0,-70.3, 18, 33, 0.01,283,10.9
2026-05-24 23:44:53,-102.0613,31.8014, 150.4,14009,-62.7,-75.0,-70.3, 18, 33, 0.01,283,10.9
2026-05-24 23:44:54,-102.0612,31.8013, 150.3,14014,-62.7,-75.0,-70.3, 18, 33, 0.01,282,10.9
2026-05-24 23:44:55,-102.0611,31.8013, 150.2,14018,-62.7,-75.1,-70.4, 18, 33, 0.01,282,10.9
2026-05-24 23:44:56,-102.0610,31.8013, 150.0,14024,-62.7,-75.1,-70.4, 18, 33, 0.01,281,10.9
2026-05-24 23:44:57,-102.0609,31.8013, 149.9,14027,-62.7,-75.1,-70.4, 18, 33, 0.01,281,11.0
2026-05-24 23:44:58,-102.0608,31.8013, 149.8,14031,-62.7,-75.1,-70.4, 18, 33, 0.01,280,11.0
2026-05-24 23:44:59,-102.0607,31.8012, 149.7,14036,-62.8,-75.1,-70.4, 18, 33, 0.01,280,11.0
2026-05-24 23:45:00,-102.0605,31.8012, 149.6,14041,-62.8,-75.2,-70.5, 18, 33, 0.01,279,11.0
2026-05-24 23:45:01,-102.0604,31.8012, 149.5,14046,-62.8,-75.2,-70.5, 18, 33, 0.01,279,11.0
2026-05-24 23:45:02,-102.0603,31.8012, 149.4,14050,-62.8,-75.2,-70.5, 18, 33, 0.01,278,11.1
2026-05-24 23:45:03,-102.0602,31.8012, 149.3,14055,-62.8,-75.2,-70.5, 18, 33, 0.01,278,11.1
2026-05-24 23:45:04,-102.0601,31.8012, 149.1,14060,-62.8,-75.2,-70.5, 18, 33, 0.01,278,11.1
2026-05-24 23:45:05,-102.0599,31.8011, 149.0,14065,-62.8,-75.3,-70.6, 18, 33, 0.01,279,11.1
2026-05-24 23:45:06,-102.0598,31.8011, 148.9,14070,-62.9,-75.3,-70.6, 18, 33, 0.01,279,11.2
2026-05-24 23:45:07,-102.0597,31.8011, 148.8,14074,-62.9,-75.3,-70.6, 18, 33, 0.01,279,11.2
2026-05-24 23:45:08,-102.0596,31.8011, 148.7,14079,-62.9,-75.3,-70.6, 18, 33, 0.01,279,11.2
2026-05-24 23:45:09,-102.0595,31.8011, 148.6,14084,-62.9,-75.3,-70.6, 18, 33, 0.01,279,11.2
2026-05-24 23:45:10,-102.0593,31.8011, 148.4,14088,-62.9,-75.3,-70.6, 18, 33, 0.01,279,11.3
2026-05-24 23:45:11,-102.0592,31.8010, 148.3,14093,-62.9,-75.3,-70.6, 18, 33, 0.01,279,11.3
2026-05-24 23:45:12,-102.0591,31.8010, 148.2,14098,-62.9,-75.2,-70.5, 18, 33, 0.01,279,11.3
2026-05-24 23:45:13,-102.0590,31.8010, 148.1,14103,-62.9,-75.2,-70.5, 18, 33, 0.01,279,11.3
2026-05-24 23:45:14,-102.0589,31.8010, 148.0,14108,-62.9,-75.2,-70.5, 18, 33, 0.01,279,11.3
2026-05-24 23:45:15,-102.0587,31.8010, 147.9,14112,-62.9,-75.2,-70.5, 18, 33, 0.01,279,11.4
2026-05-24 23:45:16,-102.0586,31.8010, 147.8,14117,-62.9,-75.2,-70.5, 18, 33, 0.01,279,11.4
2026-05-24 23:45:17,-102.0585,31.8009, 147.7,14121,-62.9,-75.2,-70.5, 18, 34, 0.01,279,11.4
2026-05-24 23:45:18,-102.0584,31.8009, 147.5,14126,-63.0,-75.2,-70.5, 18, 34, 0.01,279,11.4
2026-05-24 23:45:19,-102.0583,31.8009, 147.4,14130,-63.0,-75.2,-70.5, 18, 34, 0.01,280,11.5
2026-05-24 23:45:20,-102.0581,31.8009, 147.3,14135,-63.0,-75.2,-70.5, 18, 34, 0.01,280,11.5
2026-05-24 23:45:21,-102.0580,31.8009, 147.2,14140,-63.0,-75.3,-70.6, 18, 33, 0.01,280,11.5
2026-05-24 23:45:22,-102.0579,31.8009, 147.1,14144,-63.0,-75.3,-70.6, 18, 33, 0.01,280,11.5
2026-05-24 23:45:23,-102.0578,31.8008, 147.0,14148,-63.0,-75.3,-70.6, 18, 33, 0.01,280,11.6
2026-05-24 23:45:24,-102.0577,31.8008, 146.9,14153,-63.0,-75.4,-70.7, 18, 33, 0.01,279,11.6
2026-05-24 23:45:25,-102.0575,31.8008, 146.8,14157,-63.0,-75.4,-70.7, 18, 33, 0.01,279,11.6
2026-05-24 23:45:26,-102.0574,31.8008, 146.7,14162,-63.0,-75.4,-70.7, 18, 33, 0.01,279,11.6
2026-05-24 23:45:27,-102.0573,31.8008, 146.6,14167,-63.0,-75.5,-70.8, 18, 33, 0.01,279,11.6
2026-05-24 23:45:28,-102.0572,31.8008, 146.5,14171,-63.0,-75.5,-70.8, 18, 32, 0.01,279,11.6
2026-05-24 23:45:29,-102.0570,31.8008, 146.4,14176,-63.0,-75.5,-70.8, 18, 32, 0.01,278,11.6
2026-05-24 23:45:30,-102.0569,31.8008, 146.2,14180,-63.0,-75.6,-70.9, 17, 32, 0.01,278,11.7
2026-05-24 23:45:31,-102.0568,31.8008, 146.1,14185,-63.0,-75.6,-70.9, 17, 32, 0.01,278,11.7
2026-05-24 23:45:32,-102.0567,31.8008, 146.0,14190,-63.0,-75.6,-70.9, 17, 32, 0.01,278,11.7
2026-05-24 23:45:33,-102.0565,31.8008, 145.9,14193,-63.0,-75.7,-71.0, 17, 32, 0.01,278,11.7
2026-05-24 23:45:34,-102.0564,31.8008, 145.8,14199,-63.0,-75.7,-71.0, 17, 32, 0.01,277,11.7
2026-05-24 23:45:35,-102.0562,31.8008, 145.7,14204,-63.0,-75.7,-71.0, 17, 31, 0.01,277,11.7
2026-05-24 23:45:36,-102.0561,31.8008, 145.6,14208,-63.0,-75.8,-71.1, 17, 31, 0.01,277,11.7
2026-05-24 23:45:37,-102.0560,31.8008, 145.5,14213,-63.0,-75.8,-71.1, 17, 31, 0.01,277,11.8
2026-05-24 23:45:38,-102.0559,31.8008, 145.4,14217,-63.0,-75.8,-71.1, 17, 31, 0.01,277,11.8
2026-05-24 23:45:39,-102.0557,31.8008, 145.3,14222,-63.0,-75.9,-71.2, 17, 31, 0.01,277,11.8
2026-05-24 23:45:40,-102.0556,31.8008, 145.2,14226,-63.0,-75.9,-71.2, 17, 30, 0.01,276,11.8
2026-05-24 23:45:41,-102.0555,31.8008, 145.1,14230,-63.0,-75.9,-71.2, 16, 30, 0.01,276,11.8
2026-05-24 23:45:42,-102.0553,31.8008, 145.0,14235,-63.0,-76.0,-71.3, 16, 30, 0.01,276,11.8
2026-05-24 23:45:43,-102.0552,31.8008, 144.9,14239,-63.0,-76.0,-71.3, 16, 30, 0.01,275,11.9
2026-05-24 23:45:44,-102.0551,31.8008, 144.7,14244,-63.0,-76.0,-71.3, 16, 30, 0.01,275,12.0
2026-05-24 23:45:45,-102.0549,31.8008, 144.6,14248,-63.0,-76.1,-71.4, 16, 30, 0.01,274,12.0
2026-05-24 23:45:46,-102.0548,31.8008, 144.5,14253,-63.0,-76.1,-71.4, 16, 29, 0.01,274,12.1
2026-05-24 23:45:47,-102.0547,31.8008, 144.4,14257,-62.9,-76.1,-71.4, 16, 29, 0.01,273,12.1
2026-05-24 23:45:48,-102.0545,31.8008, 144.3,14261,-62.9,-76.1,-71.4, 16, 29, 0.01,272,12.2
2026-05-24 23:45:49,-102.0544,31.8008, 144.2,14267,-62.9,-76.1,-71.4, 16, 29, 0.01,272,12.3
2026-05-24 23:45:50,-102.0543,31.8008, 144.1,14272,-62.9,-76.1,-71.4, 16, 29, 0.01,271,12.3
2026-05-24 23:45:51,-102.0541,31.8008, 144.0,14277,-62.9,-76.1,-71.4, 16, 29, 0.01,271,12.4
2026-05-24 23:45:52,-102.0540,31.8008, 143.9,14282,-62.9,-76.1,-71.4, 16, 29, 0.01,270,12.4
2026-05-24 23:45:53,-102.0539,31.8008, 143.7,14287,-62.9,-76.1,-71.4, 16, 29, 0.01,270,12.5
2026-05-24 23:45:54,-102.0537,31.8008, 143.6,14292,-62.9,-76.1,-71.4, 16, 29, 0.01,269,12.6
2026-05-24 23:45:55,-102.0536,31.8008, 143.5,14297,-62.8,-76.1,-71.4, 16, 29, 0.01,269,12.7
2026-05-24 23:45:56,-102.0535,31.8008, 143.4,14302,-62.8,-76.1,-71.3, 16, 29, 0.01,268,12.7
2026-05-24 23:45:57,-102.0533,31.8008, 143.3,14307,-62.8,-76.1,-71.3, 16, 29, 0.01,268,12.8
2026-05-24 23:45:58,-102.0532,31.8008, 143.2,14311,-62.8,-76.0,-71.3, 16, 29, 0.01,267,12.9
2026-05-24 23:45:59,-102.0531,31.8008, 143.1,14316,-62.8,-76.0,-71.3, 16, 29, 0.01,267,12.9
2026-05-24 23:46:00,-102.0529,31.8008, 143.0,14321,-62.8,-76.0,-71.3, 16, 29, 0.01,266,13.0
2026-05-24 23:46:01,-102.0528,31.8008, 142.8,14325,-62.8,-76.0,-71.3, 16, 29, 0.01,266,13.1
2026-05-24 23:46:02,-102.0526,31.8008, 142.7,14330,-62.8,-76.0,-71.3, 16, 29, 0.01,265,13.2
2026-05-24 23:46:03,-102.0525,31.8008, 142.6,14335,-62.8,-76.0,-71.3, 16, 29, 0.01,265,13.2
2026-05-24 23:46:04,-102.0524,31.8008, 142.5,14339,-62.7,-76.0,-71.3, 16, 29, 0.01,265,13.2
2026-05-24 23:46:05,-102.0522,31.8009, 142.4,14344,-62.7,-76.0,-71.3, 16, 29, 0.01,265,13.2
2026-05-24 23:46:06,-102.0521,31.8009, 142.3,14348,-62.7,-76.0,-71.3, 16, 29, 0.01,265,13.2
2026-05-24 23:46:07,-102.0519,31.8009, 142.2,14353,-62.7,-76.0,-71.3, 16, 29, 0.01,265,13.2
2026-05-24 23:46:08,-102.0518,31.8009, 142.1,14357,-62.7,-76.0,-71.3, 16, 29, 0.01,265,13.3
2026-05-24 23:46:09,-102.0517,31.8009, 142.0,14362,-62.7,-76.0,-71.3, 16, 29, 0.01,265,13.3
2026-05-24 23:46:10,-102.0515,31.8009, 141.9,14366,-62.7,-76.0,-71.3, 16, 29, 0.01,265,13.3
2026-05-24 23:46:11,-102.0514,31.8009, 141.8,14371,-62.7,-76.0,-71.3, 16, 29, 0.01,265,13.3
2026-05-24 23:46:12,-102.0512,31.8009, 141.7,14376,-62.7,-76.0,-71.3, 16, 29, 0.01,265,13.3
2026-05-24 23:46:13,-102.0511,31.8009, 141.6,14380,-62.7,-76.0,-71.3, 16, 29, 0.01,265,13.3
2026-05-24 23:46:14,-102.0509,31.8009, 141.5,14385,-62.7,-76.0,-71.3, 16, 29, 0.01,265,13.4
2026-05-24 23:46:15,-102.0508,31.8009, 141.4,14389,-62.7,-76.0,-71.3, 16, 29, 0.01,265,13.4
2026-05-24 23:46:16,-102.0507,31.8010, 141.3,14394,-62.7,-76.0,-71.3, 16, 29, 0.01,265,13.4
2026-05-24 23:46:17,-102.0505,31.8010, 141.2,14399,-62.7,-76.0,-71.3, 16, 29, 0.01,265,13.4
2026-05-24 23:46:18,-102.0504,31.8010, 141.0,14403,-62.7,-76.0,-71.3, 16, 29, 0.01,265,13.4
2026-05-24 23:46:19,-102.0502,31.8010, 140.9,14408,-62.7,-76.0,-71.3, 16, 29, 0.01,265,13.4
2026-05-24 23:46:20,-102.0501,31.8010, 140.8,14413,-62.7,-76.0,-71.3, 16, 29, 0.01,265,13.4
2026-05-24 23:46:21,-102.0500,31.8010, 140.7,14417,-62.7,-76.0,-71.3, 16, 29, 0.01,265,13.5
2026-05-24 23:46:22,-102.0498,31.8010, 140.6,14422,-62.7,-76.0,-71.3, 16, 29, 0.01,265,13.5
2026-05-24 23:46:23,-102.0497,31.8010, 140.5,14426,-62.7,-76.0,-71.3, 16, 29, 0.01,265,13.5
2026-05-24 23:46:24,-102.0495,31.8010, 140.4,14431,-62.7,-76.0,-71.3, 16, 29, 0.01,266,13.5
2026-05-24 23:46:25,-102.0494,31.8010, 140.3,14435,-62.7,-76.0,-71.3, 16, 29, 0.01,266,13.5
2026-05-24 23:46:26,-102.0493,31.8010, 140.2,14440,-62.7,-76.0,-71.3, 16, 29, 0.01,266,13.6
2026-05-24 23:46:27,-102.0491,31.8011, 140.1,14443,-62.7,-76.0,-71.3, 16, 29, 0.01,266,13.6
2026-05-24 23:46:28,-102.0490,31.8011, 140.0,14449,-62.7,-76.0,-71.3, 16, 29, 0.01,266,13.6
2026-05-24 23:46:29,-102.0488,31.8011, 139.9,14454,-62.7,-76.0,-71.3, 16, 29, 0.01,267,13.6
2026-05-24 23:46:30,-102.0487,31.8011, 139.8,14458,-62.7,-76.0,-71.3, 16, 29, 0.01,267,13.6
2026-05-24 23:46:31,-102.0485,31.8011, 139.7,14463,-62.7,-76.0,-71.3, 16, 29, 0.01,267,13.7
2026-05-24 23:46:32,-102.0484,31.8011, 139.6,14468,-62.7,-76.0,-71.3, 16, 29, 0.01,267,13.7
2026-05-24 23:46:33,-102.0482,31.8011, 139.5,14472,-62.7,-76.0,-71.3, 16, 29, 0.01,267,13.7
2026-05-24 23:46:34,-102.0481,31.8011, 139.4,14477,-62.7,-76.0,-71.2, 16, 29, 0.01,268,13.7
2026-05-24 23:46:35,-102.0479,31.8011, 139.3,14482,-62.7,-76.0,-71.2, 16, 29, 0.01,268,13.7
2026-05-24 23:46:36,-102.0478,31.8011, 139.2,14486,-62.7,-75.9,-71.2, 16, 29, 0.01,268,13.8
2026-05-24 23:46:37,-102.0476,31.8011, 139.0,14491,-62.7,-75.9,-71.2, 16, 29, 0.01,268,13.8
2026-05-24 23:46:38,-102.0475,31.8011, 138.9,14496,-62.7,-75.9,-71.2, 16, 29, 0.01,268,13.8
2026-05-24 23:46:39,-102.0473,31.8011, 138.8,14501,-62.7,-75.9,-71.2, 16, 29, 0.01,269,13.8
2026-05-24 23:46:40,-102.0472,31.8011, 138.7,14505,-62.7,-75.9,-71.2, 16, 29, 0.01,269,13.8
2026-05-24 23:46:41,-102.0470,31.8011, 138.6,14510,-62.7,-75.9,-71.2, 16, 29, 0.01,269,13.9
2026-05-24 23:46:42,-102.0469,31.8011, 138.5,14514,-62.7,-75.9,-71.2, 16, 29, 0.01,269,13.9
2026-05-24 23:46:43,-102.0467,31.8011, 138.4,14519,-62.7,-75.9,-71.2, 16, 29, 0.01,269,13.9
2026-05-24 23:46:44,-102.0466,31.8011, 138.3,14524,-62.7,-75.9,-71.2, 16, 29, 0.01,269,14.0
2026-05-24 23:46:45,-102.0464,31.8011, 138.2,14528,-62.7,-75.9,-71.2, 16, 29, 0.01,269,14.0
2026-05-24 23:46:46,-102.0462,31.8011, 138.1,14533,-62.7,-76.0,-71.2, 16, 29, 0.01,269,14.1
2026-05-24 23:46:47,-102.0461,31.8011, 138.0,14538,-62.7,-76.0,-71.3, 16, 29, 0.01,269,14.1
2026-05-24 23:46:48,-102.0459,31.8011, 137.9,14543,-62.7,-76.0,-71.3, 16, 29, 0.01,269,14.2
2026-05-24 23:46:49,-102.0458,31.8012, 137.8,14547,-62.7,-76.0,-71.3, 16, 29, 0.01,269,14.2
2026-05-24 23:46:50,-102.0456,31.8012, 137.7,14552,-62.8,-76.0,-71.3, 16, 29, 0.01,269,14.2
2026-05-24 23:46:51,-102.0455,31.8012, 137.6,14557,-62.8,-76.0,-71.3, 16, 29, 0.01,268,14.3
2026-05-24 23:46:52,-102.0453,31.8012, 137.5,14561,-62.8,-76.0,-71.3, 16, 29, 0.01,268,14.3
2026-05-24 23:46:53,-102.0452,31.8012, 137.4,14566,-62.8,-76.0,-71.3, 16, 29, 0.01,268,14.4
2026-05-24 23:46:54,-102.0450,31.8012, 137.3,14570,-62.8,-76.0,-71.3, 16, 29, 0.01,268,14.4
2026-05-24 23:46:55,-102.0449,31.8012, 137.2,14575,-62.8,-76.0,-71.3, 16, 29, 0.01,268,14.5
2026-05-24 23:46:56,-102.0447,31.8012, 137.1,14579,-62.8,-76.0,-71.3, 16, 29, 0.01,268,14.5
2026-05-24 23:46:57,-102.0446,31.8012, 137.0,14584,-62.8,-76.1,-71.4, 16, 29, 0.01,268,14.6
2026-05-24 23:46:58,-102.0444,31.8012, 136.9,14588,-62.8,-76.1,-71.4, 16, 29, 0.01,268,14.6
2026-05-24 23:46:59,-102.0443,31.8012, 136.8,14593,-62.8,-76.1,-71.4, 16, 29, 0.01,268,14.6
2026-05-24 23:47:00,-102.0441,31.8012, 136.7,14598,-62.8,-76.1,-71.4, 16, 29, 0.01,268,14.7
2026-05-24 23:47:01,-102.0440,31.8012, 136.6,14602,-62.8,-76.2,-71.4, 15, 28, 0.01,268,14.7
2026-05-24 23:47:02,-102.0438,31.8012, 136.5,14607,-62.8,-76.2,-71.5, 15, 28, 0.01,268,14.8
2026-05-24 23:47:03,-102.0437,31.8012, 136.4,14612,-62.8,-76.2,-71.5, 15, 28, 0.01,267,14.7
2026-05-24 23:47:04,-102.0435,31.8013, 136.3,14616,-62.8,-76.2,-71.5, 15, 28, 0.01,267,14.7
2026-05-24 23:47:05,-102.0434,31.8013, 136.2,14621,-62.8,-76.2,-71.5, 15, 28, 0.01,267,14.7
2026-05-24 23:47:06,-102.0432,31.8013, 136.0,14626,-62.8,-76.3,-71.5, 15, 28, 0.01,267,14.6
2026-05-24 23:47:07,-102.0431,31.8013, 136.0,14630,-62.8,-76.3,-71.6, 15, 28, 0.01,267,14.6
2026-05-24 23:47:08,-102.0429,31.8013, 135.8,14635,-62.8,-76.3,-71.6, 15, 28, 0.01,267,14.6
2026-05-24 23:47:09,-102.0428,31.8013, 135.7,14639,-62.8,-76.3,-71.6, 15, 28, 0.01,267,14.5
2026-05-24 23:47:10,-102.0426,31.8013, 135.6,14644,-62.8,-76.3,-71.6, 15, 28, 0.01,266,14.5
2026-05-24 23:47:11,-102.0425,31.8013, 135.5,14649,-62.8,-76.3,-71.6, 15, 28, 0.01,266,14.4
2026-05-24 23:47:12,-102.0423,31.8014, 135.4,14653,-62.8,-76.3,-71.6, 15, 28, 0.01,266,14.4
2026-05-24 23:47:13,-102.0422,31.8014, 135.3,14658,-62.8,-76.3,-71.6, 15, 28, 0.01,266,14.4
2026-05-24 23:47:14,-102.0421,31.8014, 135.2,14662,-62.8,-76.3,-71.6, 15, 28, 0.01,266,14.3
2026-05-24 23:47:15,-102.0419,31.8014, 135.1,14667,-62.8,-76.3,-71.6, 15, 28, 0.01,266,14.3
2026-05-24 23:47:16,-102.0418,31.8014, 135.0,14672,-62.8,-76.3,-71.6, 15, 28, 0.01,265,14.3
2026-05-24 23:47:17,-102.0416,31.8014, 134.9,14676,-62.7,-76.3,-71.6, 15, 28, 0.01,265,14.2
2026-05-24 23:47:18,-102.0415,31.8014, 134.8,14681,-62.7,-76.3,-71.6, 15, 28, 0.01,265,14.2
2026-05-24 23:47:19,-102.0413,31.8014, 134.7,14686,-62.7,-76.3,-71.6, 15, 28, 0.01,265,14.2
2026-05-24 23:47:20,-102.0412,31.8015, 134.6,14690,-62.7,-76.3,-71.6, 15, 28, 0.01,265,14.1
2026-05-24 23:47:21,-102.0410,31.8015, 134.5,14695,-62.7,-76.3,-71.6, 15, 28, 0.01,265,14.1
2026-05-24 23:47:22,-102.0409,31.8015, 134.4,14700,-62.7,-76.4,-71.6, 15, 27, 0.01,265,14.1
2026-05-24 23:47:23,-102.0407,31.8015, 134.3,14704,-62.7,-76.4,-71.7, 15, 27, 0.01,264,14.1
2026-05-24 23:47:24,-102.0406,31.8015, 134.2,14709,-62.7,-76.4,-71.7, 15, 27, 0.01,264,14.1
2026-05-24 23:47:25,-102.0404,31.8015, 134.1,14713,-62.7,-76.4,-71.7, 15, 27, 0.01,264,14.1
2026-05-24 23:47:26,-102.0403,31.8015, 134.0,14718,-62.7,-76.5,-71.7, 15, 27, 0.01,264,14.1
2026-05-24 23:47:27,-102.0401,31.8015, 133.9,14722,-62.7,-76.5,-71.8, 15, 27, 0.01,264,14.1
2026-05-24 23:47:28,-102.0400,31.8016, 133.8,14727,-62.7,-76.5,-71.8, 15, 27, 0.01,264,14.1
2026-05-24 23:47:29,-102.0398,31.8016, 133.7,14731,-62.7,-76.6,-71.8, 14, 27, 0.01,264,14.1
2026-05-24 23:47:30,-102.0397,31.8016, 133.6,14736,-62.7,-76.6,-71.9, 14, 26, 0.01,263,14.1
2026-05-24 23:47:31,-102.0395,31.8016, 133.5,14741,-62.7,-76.6,-71.9, 14, 26, 0.01,263,14.1
2026-05-24 23:47:32,-102.0394,31.8016, 133.4,14746,-62.7,-76.6,-71.9, 14, 26, 0.01,263,14.1
2026-05-24 23:47:33,-102.0392,31.8016, 133.3,14750,-62.7,-76.7,-71.9, 14, 26, 0.01,263,14.1
2026-05-24 23:47:34,-102.0391,31.8017, 133.2,14755,-62.7,-76.7,-72.0, 14, 26, 0.01,263,14.1
2026-05-24 23:47:35,-102.0390,31.8017, 133.1,14760,-62.7,-76.7,-72.0, 14, 26, 0.01,263,14.1
2026-05-24 23:47:36,-102.0388,31.8017, 133.0,14764,-62.7,-76.7,-72.0, 14, 26, 0.01,263,14.1
2026-05-24 23:47:37,-102.0387,31.8017, 132.9,14769,-62.7,-76.7,-72.0, 14, 26, 0.01,263,14.1
2026-05-24 23:47:38,-102.0385,31.8017, 132.8,14773,-62.7,-76.8,-72.0, 14, 26, 0.01,262,14.1
2026-05-24 23:47:39,-102.0384,31.8018, 132.7,14778,-62.6,-76.8,-72.1, 14, 25, 0.01,262,14.1
2026-05-24 23:47:40,-102.0382,31.8018, 132.6,14783,-62.6,-76.8,-72.1, 14, 25, 0.01,262,14.1
2026-05-24 23:47:41,-102.0381,31.8018, 132.5,14787,-62.6,-76.8,-72.1, 14, 25, 0.01,262,14.1
2026-05-24 23:47:42,-102.0379,31.8018, 132.4,14792,-62.6,-76.8,-72.1, 14, 25, 0.01,262,14.1
2026-05-24 23:47:43,-102.0378,31.8018, 132.3,14796,-62.6,-76.9,-72.1, 14, 25, 0.01,262,14.1
2026-05-24 23:47:44,-102.0377,31.8019, 132.2,14801,-62.6,-76.9,-72.1, 14, 25, 0.01,262,14.1
2026-05-24 23:47:45,-102.0375,31.8019, 132.1,14805,-62.6,-76.9,-72.2, 14, 25, 0.01,262,14.1
2026-05-24 23:47:46,-102.0374,31.8019, 132.0,14810,-62.6,-76.9,-72.2, 14, 25, 0.01,262,14.1
2026-05-24 23:47:47,-102.0372,31.8019, 131.9,14814,-62.6,-76.9,-72.2, 14, 25, 0.01,261,14.0
2026-05-24 23:47:48,-102.0371,31.8019, 131.8,14819,-62.6,-76.9,-72.2, 14, 25, 0.01,261,14.0
2026-05-24 23:47:49,-102.0369,31.8020, 131.7,14824,-62.6,-76.9,-72.2, 13, 25, 0.01,261,14.0
2026-05-24 23:47:50,-102.0368,31.8020, 131.6,14828,-62.6,-76.9,-72.2, 13, 25, 0.01,261,14.0
2026-05-24 23:47:51,-102.0366,31.8020, 131.5,14833,-62.6,-76.9,-72.2, 13, 25, 0.01,261,14.0
2026-05-24 23:47:52,-102.0365,31.8020, 131.5,14837,-62.6,-76.9,-72.2, 13, 25, 0.01,261,13.9
2026-05-24 23:47:53,-102.0363,31.8020, 131.4,14842,-62.6,-77.0,-72.2, 13, 25, 0.01,261,13.9
2026-05-24 23:47:54,-102.0362,31.8021, 131.3,14846,-62.6,-77.0,-72.2, 13, 25, 0.01,261,13.9
2026-05-24 23:47:55,-102.0361,31.8021, 131.2,14851,-62.6,-77.0,-72.2, 13, 24, 0.01,261,13.9
2026-05-24 23:47:56,-102.0359,31.8021, 131.1,14855,-62.6,-77.0,-72.2, 13, 24, 0.01,261,13.8
2026-05-24 23:47:57,-102.0358,31.8021, 131.0,14860,-62.5,-77.0,-72.3, 13, 24, 0.01,261,13.8
2026-05-24 23:47:58,-102.0356,31.8021, 130.9,14864,-62.5,-77.0,-72.3, 13, 24, 0.01,261,13.8
2026-05-24 23:47:59,-102.0355,31.8022, 130.8,14869,-62.5,-77.0,-72.3, 13, 24, 0.01,261,13.8
2026-05-24 23:48:00,-102.0353,31.8022, 130.7,14873,-62.5,-77.0,-72.3, 13, 24, 0.01,260,13.8
2026-05-24 23:48:01,-102.0352,31.8022, 130.6,14877,-62.5,-77.0,-72.3, 13, 24, 0.01,260,13.7
2026-05-24 23:48:02,-102.0351,31.8022, 130.5,14882,-62.5,-77.0,-72.3, 13, 24, 0.01,260,13.7
2026-05-24 23:48:03,-102.0349,31.8022, 130.4,14886,-62.5,-77.0,-72.3, 13, 24, 0.01,260,13.7
2026-05-24 23:48:04,-102.0348,31.8022, 130.3,14891,-62.5,-77.0,-72.3, 13, 24, 0.01,261,13.6
2026-05-24 23:48:05,-102.0347,31.8023, 130.2,14895,-62.5,-77.0,-72.3, 13, 24, 0.01,261,13.5
2026-05-24 23:48:06,-102.0346,31.8023, 130.1,14899,-62.5,-77.0,-72.3, 13, 24, 0.01,261,13.5
2026-05-24 23:48:07,-102.0344,31.8023, 130.0,14904,-62.5,-77.0,-72.3, 13, 24, 0.01,261,13.4
2026-05-24 23:48:08,-102.0343,31.8023, 129.9,14908,-62.5,-77.0,-72.3, 13, 24, 0.01,261,13.3
2026-05-24 23:48:09,-102.0342,31.8023, 129.8,14913,-62.5,-77.0,-72.3, 13, 24, 0.01,261,13.3
2026-05-24 23:48:10,-102.0341,31.8023, 129.8,14917,-62.5,-77.0,-72.3, 13, 24, 0.01,262,13.2
2026-05-24 23:48:11,-102.0339,31.8024, 129.7,14922,-62.5,-77.0,-72.3, 13, 24, 0.01,262,13.2
2026-05-24 23:48:12,-102.0338,31.8024, 129.6,14927,-62.5,-77.0,-72.3, 13, 24, 0.01,262,13.1
2026-05-24 23:48:13,-102.0337,31.8024, 129.5,14931,-62.5,-77.0,-72.3, 13, 24, 0.01,262,13.0
2026-05-24 23:48:14,-102.0336,31.8024, 129.4,14936,-62.5,-77.0,-72.3, 13, 24, 0.01,262,13.0
2026-05-24 23:48:15,-102.0334,31.8024, 129.3,14940,-62.5,-77.0,-72.3, 13, 24, 0.01,263,12.9
2026-05-24 23:48:16,-102.0333,31.8024, 129.2,14945,-62.5,-77.0,-72.3, 13, 24, 0.01,263,12.8
2026-05-24 23:48:17,-102.0332,31.8025, 129.1,14949,-62.5,-77.0,-72.3, 13, 24, 0.01,263,12.8
2026-05-24 23:48:18,-102.0330,31.8025, 129.0,14954,-62.5,-77.0,-72.3, 13, 24, 0.01,263,12.7
2026-05-24 23:48:19,-102.0329,31.8025, 128.9,14958,-62.5,-77.0,-72.3, 13, 24, 0.01,263,12.7
2026-05-24 23:48:20,-102.0328,31.8025, 128.8,14963,-62.5,-77.1,-72.3, 13, 24, 0.01,263,12.6
2026-05-24 23:48:21,-102.0327,31.8025, 128.7,14967,-62.5,-77.1,-72.3, 13, 24, 0.01,264,12.5
2026-05-24 23:48:22,-102.0325,31.8025, 128.6,14971,-62.6,-77.1,-72.3, 13, 24, 0.01,264,12.5
2026-05-24 23:48:23,-102.0324,31.8025, 128.5,14976,-62.6,-77.1,-72.4, 13, 24, 0.01,263,12.4
2026-05-24 23:48:24,-102.0323,31.8026, 128.4,14980,-62.6,-77.1,-72.4, 13, 24, 0.01,263,12.4
2026-05-24 23:48:25,-102.0322,31.8026, 128.3,14985,-62.6,-77.1,-72.4, 13, 24, 0.01,263,12.3
2026-05-24 23:48:26,-102.0320,31.8026, 128.2,14989,-62.6,-77.1,-72.4, 13, 24, 0.01,262,12.3
2026-05-24 23:48:27,-102.0319,31.8026, 128.2,14994,-62.6,-77.1,-72.4, 13, 24, 0.01,262,12.2
2026-05-24 23:48:28,-102.0318,31.8026, 128.1,14998,-62.6,-77.1,-72.4, 13, 24, 0.01,262,12.2
2026-05-24 23:48:29,-102.0317,31.8026, 128.0,15003,-62.6,-77.1,-72.4, 13, 24, 0.01,261,12.1
2026-05-24 23:48:30,-102.0315,31.8027, 127.9,15007,-62.6,-77.2,-72.4, 13, 24, 0.01,261,12.1
2026-05-24 23:48:31,-102.0314,31.8027, 127.8,15011,-62.6,-77.2,-72.5, 13, 24, 0.01,261,12.0
2026-05-24 23:48:32,-102.0313,31.8027, 127.7,15016,-62.6,-77.2,-72.5, 13, 24, 0.01,260,12.0
2026-05-24 23:48:33,-102.0312,31.8027, 127.6,15020,-62.6,-77.2,-72.5, 13, 24, 0.01,260,11.9
2026-05-24 23:48:34,-102.0310,31.8027, 127.5,15025,-62.6,-77.3,-72.5, 13, 24, 0.01,259,11.9
2026-05-24 23:48:35,-102.0309,31.8028, 127.4,15029,-62.6,-77.3,-72.6, 13, 24, 0.01,259,11.8
2026-05-24 23:48:36,-102.0308,31.8028, 127.3,15033,-62.6,-77.3,-72.6, 13, 23, 0.01,259,11.8
2026-05-24 23:48:37,-102.0307,31.8028, 127.2,15038,-62.6,-77.3,-72.6, 13, 23, 0.01,258,11.7
2026-05-24 23:48:38,-102.0305,31.8028, 127.2,15042,-62.6,-77.4,-72.6, 13, 23, 0.01,258,11.7
2026-05-24 23:48:39,-102.0304,31.8029, 127.1,15046,-62.7,-77.4,-72.7, 13, 23, 0.01,257,11.6
2026-05-24 23:48:40,-102.0303,31.8029, 127.0,15050,-62.7,-77.4,-72.7, 13, 23, 0.01,257,11.6
2026-05-24 23:48:41,-102.0302,31.8029, 126.9,15054,-62.7,-77.4,-72.7, 13, 23, 0.01,257,11.5
2026-05-24 23:48:42,-102.0300,31.8029, 126.8,15059,-62.7,-77.4,-72.7, 13, 23, 0.01,256,11.5
2026-05-24 23:48:43,-102.0299,31.8030, 126.7,15064,-62.7,-77.4,-72.7, 13, 23, 0.01,256,11.5
2026-05-24 23:48:44,-102.0298,31.8030, 126.6,15068,-62.7,-77.4,-72.7, 13, 23, 0.01,256,11.6
2026-05-24 23:48:45,-102.0297,31.8030, 126.5,15073,-62.7,-77.4,-72.7, 13, 23, 0.01,257,11.6
2026-05-24 23:48:46,-102.0295,31.8030, 126.4,15077,-62.7,-77.4,-72.7, 13, 23, 0.01,257,11.7
2026-05-24 23:48:47,-102.0294,31.8031, 126.3,15082,-62.7,-77.4,-72.7, 13, 23, 0.01,257,11.7
2026-05-24 23:48:48,-102.0293,31.8031, 126.2,15087,-62.7,-77.4,-72.7, 13, 23, 0.01,257,11.7
2026-05-24 23:48:49,-102.0292,31.8031, 126.1,15091,-62.7,-77.4,-72.7, 13, 23, 0.01,257,11.8
2026-05-24 23:48:50,-102.0290,31.8031, 126.0,15096,-62.7,-77.4,-72.7, 13, 23, 0.01,257,11.8
2026-05-24 23:48:51,-102.0289,31.8032, 125.9,15101,-62.7,-77.4,-72.6, 13, 23, 0.01,257,11.9
2026-05-24 23:48:52,-102.0288,31.8032, 125.9,15105,-62.7,-77.4,-72.6, 13, 23, 0.01,257,11.9
2026-05-24 23:48:53,-102.0287,31.8032, 125.8,15110,-62.7,-77.4,-72.6, 13, 23, 0.01,257,11.9
2026-05-24 23:48:54,-102.0285,31.8032, 125.7,15115,-62.7,-77.4,-72.6, 13, 23, 0.01,257,12.0
2026-05-24 23:48:55,-102.0284,31.8032, 125.6,15120,-62.7,-77.4,-72.6, 13, 23, 0.01,257,12.0
2026-05-24 23:48:56,-102.0283,31.8033, 125.5,15124,-62.7,-77.4,-72.6, 13, 24, 0.01,257,12.1
2026-05-24 23:48:57,-102.0282,31.8033, 125.4,15129,-62.7,-77.4,-72.6, 13, 24, 0.01,258,12.1
2026-05-24 23:48:58,-102.0280,31.8033, 125.3,15134,-62.7,-77.4,-72.6, 13, 24, 0.01,258,12.1
2026-05-24 23:48:59,-102.0279,31.8033, 125.2,15138,-62.7,-77.4,-72.6, 13, 24, 0.01,258,12.2
2026-05-24 23:49:00,-102.0278,31.8034, 125.1,15143,-62.7,-77.4,-72.6, 13, 24, 0.01,258,12.2
2026-05-24 23:49:01,-102.0277,31.8034, 125.0,15147,-62.7,-77.4,-72.6, 13, 24, 0.01,258,12.3
2026-05-24 23:49:02,-102.0275,31.8034, 124.9,15152,-62.7,-77.4,-72.6, 13, 24, 0.01,258,12.3
2026-05-24 23:49:03,-102.0274,31.8034, 124.8,15156,-62.7,-77.4,-72.6, 13, 24, 0.01,258,12.4
2026-05-24 23:49:04,-102.0273,31.8035, 124.7,15161,-62.7,-77.4,-72.6, 13, 24, 0.01,258,12.5
2026-05-24 23:49:05,-102.0271,31.8035, 124.6,15166,-62.7,-77.4,-72.6, 13, 24, 0.01,258,12.6
2026-05-24 23:49:06,-102.0269,31.8035, 124.5,15170,-62.7,-77.3,-72.6, 13, 24, 0.01,258,12.7
2026-05-24 23:49:07,-102.0268,31.8035, 124.4,15175,-62.7,-77.3,-72.6, 13, 24, 0.01,259,12.8
2026-05-24 23:49:08,-102.0266,31.8035, 124.3,15179,-62.7,-77.4,-72.6, 13, 24, 0.01,259,12.9
2026-05-24 23:49:09,-102.0265,31.8036, 124.3,15184,-62.8,-77.4,-72.7, 13, 24, 0.01,259,13.0
2026-05-24 23:49:10,-102.0263,31.8036, 124.2,15189,-62.8,-77.4,-72.7, 13, 24, 0.01,259,13.1
2026-05-24 23:49:11,-102.0262,31.8036, 124.1,15194,-62.8,-77.4,-72.7, 13, 24, 0.01,259,13.2
2026-05-24 23:49:12,-102.0260,31.8036, 124.0,15198,-62.8,-77.4,-72.7, 13, 24, 0.01,259,13.3
2026-05-24 23:49:13,-102.0259,31.8036, 123.9,15203,-62.8,-77.5,-72.7, 13, 24, 0.01,259,13.4
2026-05-24 23:49:14,-102.0257,31.8037, 123.8,15208,-62.8,-77.5,-72.8, 13, 23, 0.01,260,13.5
2026-05-24 23:49:15,-102.0255,31.8037, 123.7,15213,-62.9,-77.5,-72.8, 13, 23, 0.01,260,13.6
2026-05-24 23:49:16,-102.0254,31.8037, 123.6,15218,-62.9,-77.5,-72.8, 13, 23, 0.01,260,13.7
2026-05-24 23:49:17,-102.0252,31.8037, 123.5,15222,-62.9,-77.6,-72.8, 13, 23, 0.01,260,13.8
2026-05-24 23:49:18,-102.0251,31.8037, 123.4,15227,-62.9,-77.6,-72.8, 13, 23, 0.01,260,13.9
2026-05-24 23:49:19,-102.0249,31.8038, 123.3,15232,-62.9,-77.6,-72.9, 13, 23, 0.01,260,14.0
2026-05-24 23:49:20,-102.0248,31.8038, 123.2,15236,-62.9,-77.6,-72.9, 13, 23, 0.01,260,14.0
2026-05-24 23:49:21,-102.0246,31.8038, 123.1,15241,-63.0,-77.6,-72.9, 13, 23, 0.01,260,14.1
2026-05-24 23:49:22,-102.0245,31.8038, 123.0,15245,-63.0,-77.7,-73.0, 13, 23, 0.01,260,14.2
2026-05-24 23:49:23,-102.0243,31.8038, 122.9,15250,-63.0,-77.7,-73.0, 13, 23, 0.01,261,14.3
2026-05-24 23:49:24,-102.0241,31.8039, 122.8,15254,-63.0,-77.8,-73.0, 13, 23, 0.01,261,14.4
2026-05-24 23:49:25,-102.0240,31.8039, 122.8,15259,-63.0,-77.8,-73.1, 12, 23, 0.01,261,14.5
2026-05-24 23:49:26,-102.0238,31.8039, 122.7,15263,-63.1,-77.9,-73.1, 12, 23, 0.01,261,14.6
2026-05-24 23:49:27,-102.0237,31.8039, 122.6,15268,-63.1,-77.9,-73.2, 12, 23, 0.01,261,14.6
2026-05-24 23:49:28,-102.0235,31.8039, 122.5,15273,-63.1,-77.9,-73.2, 12, 23, 0.01,261,14.7
2026-05-24 23:49:29,-102.0234,31.8040, 122.4,15277,-63.1,-78.0,-73.3, 12, 23, 0.01,261,14.8
2026-05-24 23:49:30,-102.0232,31.8040, 122.3,15282,-63.1,-78.0,-73.3, 12, 22, 0.01,261,14.9
2026-05-24 23:49:31,-102.0231,31.8040, 122.2,15286,-63.1,-78.1,-73.3, 12, 22, 0.01,261,15.0
2026-05-24 23:49:32,-102.0229,31.8040, 122.1,15291,-63.2,-78.1,-73.4, 12, 22, 0.01,261,15.0
2026-05-24 23:49:33,-102.0227,31.8040, 122.0,15296,-63.2,-78.2,-73.4, 12, 22, 0.01,262,15.1
2026-05-24 23:49:34,-102.0226,31.8041, 121.9,15300,-63.2,-78.2,-73.5, 12, 22, 0.01,262,15.2
2026-05-24 23:49:35,-102.0224,31.8041, 121.8,15305,-63.2,-78.2,-73.5, 12, 22, 0.01,262,15.3
2026-05-24 23:49:36,-102.0223,31.8041, 121.7,15310,-63.2,-78.3,-73.5, 12, 22, 0.01,262,15.4
2026-05-24 23:49:37,-102.0221,31.8041, 121.7,15314,-63.3,-78.3,-73.6, 12, 22, 0.01,262,15.4
2026-05-24 23:49:38,-102.0220,31.8041, 121.6,15319,-63.3,-78.4,-73.6, 12, 22, 0.01,262,15.5
2026-05-24 23:49:39,-102.0219,31.8041, 121.5,15324,-63.3,-78.4,-73.7, 12, 22, 0.01,262,15.6
2026-05-24 23:49:40,-102.0217,31.8041, 121.4,15329,-63.3,-78.4,-73.7, 12, 22, 0.01,262,15.7
2026-05-24 23:49:41,-102.0216,31.8041, 121.3,15334,-63.4,-78.5,-73.7, 12, 22, 0.01,262,15.8
2026-05-24 23:49:42,-102.0214,31.8042, 121.2,15339,-63.4,-78.5,-73.8, 12, 22, 0.01,262,15.8
2026-05-24 23:49:43,-102.0213,31.8042, 121.1,15344,-63.4,-78.5,-73.8, 12, 22, 0.01,262,15.7
2026-05-24 23:49:44,-102.0211,31.8042, 121.0,15349,-63.4,-78.6,-73.8, 12, 22, 0.01,263,15.6
2026-05-24 23:49:45,-102.0210,31.8042, 120.9,15353,-63.5,-78.6,-73.9, 12, 22, 0.01,263,15.5
2026-05-24 23:49:46,-102.0208,31.8042, 120.8,15358,-63.5,-78.6,-73.9, 12, 22, 0.01,263,15.4
2026-05-24 23:49:47,-102.0207,31.8042, 120.7,15363,-63.5,-78.7,-73.9, 12, 22, 0.01,263,15.3
2026-05-24 23:49:48,-102.0206,31.8042, 120.6,15368,-63.5,-78.7,-74.0, 12, 21, 0.01,263,15.2
2026-05-24 23:49:49,-102.0204,31.8042, 120.5,15372,-63.6,-78.8,-74.0, 12, 21, 0.01,263,15.1
2026-05-24 23:49:50,-102.0203,31.8043, 120.4,15377,-63.6,-78.8,-74.1, 11, 21, 0.01,263,15.0
2026-05-24 23:49:51,-102.0201,31.8043, 120.3,15382,-63.6,-78.9,-74.2, 11, 21, 0.01,263,14.9
2026-05-24 23:49:52,-102.0200,31.8043, 120.2,15387,-63.6,-79.0,-74.2, 11, 21, 0.01,264,14.8
2026-05-24 23:49:53,-102.0198,31.8043, 120.1,15392,-63.6,-79.0,-74.3, 11, 21, 0.01,264,14.7
2026-05-24 23:49:54,-102.0197,31.8043, 120.0,15397,-63.6,-79.1,-74.3, 11, 21, 0.01,264,14.6
2026-05-24 23:49:55,-102.0195,31.8043, 119.9,15402,-63.6,-79.1,-74.4, 11, 20, 0.01,264,14.5
2026-05-24 23:49:56,-102.0194,31.8043, 119.8,15407,-63.7,-79.2,-74.4, 11, 20, 0.01,264,14.4
2026-05-24 23:49:57,-102.0193,31.8043, 119.7,15412,-63.7,-79.2,-74.5, 11, 20, 0.01,264,14.3
2026-05-24 23:49:58,-102.0191,31.8043, 119.6,15417,-63.7,-79.3,-74.6, 11, 20, 0.01,264,14.2
2026-05-24 23:49:59,-102.0190,31.8044, 119.5,15422,-63.7,-79.4,-74.6, 11, 20, 0.01,265,14.0
2026-05-24 23:50:00,-102.0188,31.8044, 119.5,15426,-63.7,-79.4,-74.7, 11, 20, 0.01,265,13.9
2026-05-24 23:50:01,-102.0187,31.8044, 119.4,15431,-63.7,-79.5,-74.7, 11, 20, 0.01,265,13.8
2026-05-24 23:50:02,-102.0185,31.8044, 119.3,15436,-63.8,-79.5,-74.8, 11, 20, 0.01,265,13.7
2026-05-24 23:50:03,-102.0184,31.8044, 119.2,15441,-63.8,-79.5,-74.8, 11, 20, 0.01,265,13.6
2026-05-24 23:50:04,-102.0182,31.8044, 119.1,15445,-63.8,-79.6,-74.8, 11, 19, 0.01,265,13.4
2026-05-24 23:50:05,-102.0181,31.8044, 119.0,15450,-63.8,-79.6,-74.8, 10, 19, 0.01,265,13.3
2026-05-24 23:50:06,-102.0180,31.8044, 118.9,15455,-63.8,-79.6,-74.9, 10, 19, 0.01,265,13.1
2026-05-24 23:50:07,-102.0179,31.8045, 118.8,15460,-63.8,-79.6,-74.9, 10, 19, 0.01,265,13.0
2026-05-24 23:50:08,-102.0178,31.8045, 118.7,15464,-63.8,-79.7,-74.9, 10, 19, 0.01,265,12.8
2026-05-24 23:50:09,-102.0177,31.8045, 118.6,15469,-63.8,-79.7,-74.9, 10, 19, 0.01,265,12.7
2026-05-24 23:50:10,-102.0176,31.8045, 118.5,15474,-63.8,-79.7,-75.0, 10, 19, 0.01,265,12.5
2026-05-24 23:50:11,-102.0175,31.8045, 118.4,15479,-63.8,-79.7,-75.0, 10, 19, 0.01,265,12.3
2026-05-24 23:50:12,-102.0174,31.8045, 118.3,15484,-63.9,-79.7,-75.0, 10, 19, 0.01,265,12.2
2026-05-24 23:50:13,-102.0173,31.8045, 118.2,15489,-63.9,-79.8,-75.0, 10, 19, 0.01,265,12.0
2026-05-24 23:50:14,-102.0171,31.8046, 118.2,15493,-63.9,-79.8,-75.1, 10, 19, 0.01,265,11.9
2026-05-24 23:50:15,-102.0170,31.8046, 118.1,15498,-63.9,-79.8,-75.1, 10, 19, 0.01,265,11.7
2026-05-24 23:50:16,-102.0169,31.8046, 118.0,15503,-63.9,-79.8,-75.1, 10, 19, 0.01,265,11.6
2026-05-24 23:50:17,-102.0168,31.8046, 117.9,15508,-63.9,-79.8,-75.1, 10, 19, 0.01,265,11.4
2026-05-24 23:50:18,-102.0167,31.8046, 117.8,15513,-63.9,-79.8,-75.0, 10, 19, 0.01,265,11.3
2026-05-24 23:50:19,-102.0166,31.8046, 117.7,15517,-63.9,-79.8,-75.0, 10, 19, 0.01,265,11.1
2026-05-24 23:50:20,-102.0165,31.8046, 117.6,15522,-63.9,-79.8,-75.0, 10, 19, 0.01,265,10.9
2026-05-24 23:50:21,-102.0164,31.8046, 117.5,15527,-64.0,-79.8,-75.0, 10, 19, 0.01,265,10.8
2026-05-24 23:50:22,-102.0163,31.8047, 117.4,15531,-64.0,-79.8,-75.0, 10, 19, 0.01,265,10.6
2026-05-24 23:50:23,-102.0162,31.8047, 117.3,15536,-64.0,-79.8,-75.0, 10, 19, 0.01,265,10.6
2026-05-24 23:50:24,-102.0161,31.8047, 117.2,15541,-64.0,-79.8,-75.0, 10, 19, 0.01,264,10.6
2026-05-24 23:50:25,-102.0160,31.8047, 117.1,15546,-64.0,-79.8,-75.0, 10, 19, 0.01,264,10.5
2026-05-24 23:50:26,-102.0159,31.8047, 117.1,15551,-64.0,-79.8,-75.0, 11, 20, 0.01,264,10.5
2026-05-24 23:50:27,-102.0158,31.8047, 117.0,15555,-64.0,-79.8,-75.0, 11, 20, 0.01,263,10.4
2026-05-24 23:50:28,-102.0156,31.8047, 116.9,15558,-64.0,-79.8,-75.0, 11, 20, 0.01,263,10.4
2026-05-24 23:50:29,-102.0155,31.8047, 116.8,15565,-64.0,-79.8,-75.0, 11, 20, 0.01,262,10.3
2026-05-24 23:50:30,-102.0154,31.8048, 116.7,15569,-64.0,-79.8,-75.1, 10, 19, 0.01,262,10.3
2026-05-24 23:50:31,-102.0153,31.8048, 116.6,15574,-64.1,-79.8,-75.1, 10, 19, 0.01,262,10.3
2026-05-24 23:50:32,-102.0152,31.8048, 116.5,15579,-64.1,-79.9,-75.1, 10, 19, 0.01,261,10.2
2026-05-24 23:50:33,-102.0151,31.8048, 116.4,15583,-64.1,-79.9,-75.1, 10, 19, 0.01,261,10.2
2026-05-24 23:50:34,-102.0150,31.8048, 116.3,15588,-64.1,-79.9,-75.2, 10, 19, 0.01,261,10.1
2026-05-24 23:50:35,-102.0149,31.8048, 116.2,15593,-64.1,-80.0,-75.2, 10, 19, 0.01,260,10.1
2026-05-24 23:50:36,-102.0148,31.8049, 116.2,15598,-64.1,-80.0,-75.2, 10, 19, 0.01,260,10.1
2026-05-24 23:50:37,-102.0147,31.8049, 116.1,15603,-64.1,-80.0,-75.3, 10, 19, 0.01,259,10.0
2026-05-24 23:50:38,-102.0145,31.8049, 116.0,15608,-64.1,-80.0,-75.3, 10, 19, 0.01,259,10.0
2026-05-24 23:50:39,-102.0144,31.8049, 115.9,15612,-64.1,-80.1,-75.3, 10, 19, 0.01,259,10.0
2026-05-24 23:50:40,-102.0143,31.8050, 115.8,15617,-64.1,-80.1,-75.3, 10, 19, 0.01,258, 9.9
2026-05-24 23:50:41,-102.0142,31.8050, 115.7,15622,-64.1,-80.1,-75.4, 10, 19, 0.01,258, 9.9
2026-05-24 23:50:42,-102.0141,31.8050, 115.6,15627,-64.1,-80.1,-75.4, 10, 19, 0.01,257, 9.9
2026-05-24 23:50:43,-102.0140,31.8050, 115.5,15632,-64.1,-80.2,-75.4, 10, 18, 0.01,257, 9.9
2026-05-24 23:50:44,-102.0138,31.8051, 115.4,15636,-64.1,-80.2,-75.4, 10, 18, 0.01,257,10.0
2026-05-24 23:50:45,-102.0137,31.8051, 115.3,15641,-64.1,-80.2,-75.5, 10, 18, 0.01,257,10.1
2026-05-24 23:50:46,-102.0136,31.8051, 115.2,15646,-64.1,-80.2,-75.5, 10, 18, 0.01,257,10.2
2026-05-24 23:50:47,-102.0135,31.8051, 115.1,15651,-64.1,-80.3,-75.5, 10, 18, 0.01,256,10.3
2026-05-24 23:50:48,-102.0134,31.8052, 115.1,15656,-64.1,-80.3,-75.5, 10, 18, 0.01,256,10.4
2026-05-24 23:50:49,-102.0133,31.8052, 115.0,15661,-64.1,-80.3,-75.5, 10, 18, 0.01,256,10.5
2026-05-24 23:50:50,-102.0131,31.8052, 114.9,15666,-64.1,-80.3,-75.6, 10, 18, 0.01,256,10.6
2026-05-24 23:50:51,-102.0130,31.8053, 114.8,15670,-64.1,-80.3,-75.6, 10, 18, 0.01,256,10.6
2026-05-24 23:50:52,-102.0129,31.8053, 114.7,15675,-64.1,-80.4,-75.6, 10, 18, 0.01,256,10.7
2026-05-24 23:50:53,-102.0128,31.8053, 114.6,15680,-64.1,-80.4,-75.6, 10, 18, 0.01,256,10.8
2026-05-24 23:50:54,-102.0127,31.8053, 114.5,15685,-64.1,-80.4,-75.7, 10, 18, 0.01,255,10.9
2026-05-24 23:50:55,-102.0126,31.8054, 114.4,15689,-64.1,-80.4,-75.7, 10, 18, 0.01,255,11.0
2026-05-24 23:50:56,-102.0124,31.8054, 114.3,15694,-64.1,-80.4,-75.6, 10, 18, 0.01,255,11.1
2026-05-24 23:50:57,-102.0123,31.8054, 114.2,15699,-64.1,-80.4,-75.6, 10, 18, 0.01,255,11.2
2026-05-24 23:50:58,-102.0122,31.8054, 114.2,15704,-64.1,-80.3,-75.6, 10, 18, 0.01,255,11.2
2026-05-24 23:50:59,-102.0121,31.8055, 114.1,15709,-64.1,-80.3,-75.6, 10, 18, 0.01,255,11.3
2026-05-24 23:51:00,-102.0120,31.8055, 114.0,15714,-64.1,-80.3,-75.5, 10, 18, 0.01,255,11.4
2026-05-24 23:51:01,-102.0119,31.8055, 113.9,15719,-64.1,-80.2,-75.5, 10, 18, 0.01,254,11.5
2026-05-24 23:51:02,-102.0117,31.8055, 113.8,15724,-64.1,-80.2,-75.5, 10, 18, 0.01,254,11.6
2026-05-24 23:51:03,-102.0116,31.8056, 113.7,15729,-64.1,-80.2,-75.4, 10, 18, 0.01,255,11.7
2026-05-24 23:51:04,-102.0115,31.8056, 113.6,15735,-64.1,-80.2,-75.4, 10, 19, 0.01,255,11.8
2026-05-24 23:51:05,-102.0114,31.8056, 113.5,15740,-64.1,-80.1,-75.4, 10, 19, 0.01,255,11.8
2026-05-24 23:51:06,-102.0113,31.8056, 113.4,15745,-64.1,-80.1,-75.4, 10, 19, 0.01,255,11.9
2026-05-24 23:51:07,-102.0111,31.8057, 113.3,15750,-64.1,-80.1,-75.3, 10, 19, 0.01,255,12.0
2026-05-24 23:51:08,-102.0110,31.8057, 113.2,15754,-64.1,-80.1,-75.3, 10, 19, 0.01,255,12.1
2026-05-24 23:51:09,-102.0109,31.8057, 113.1,15760,-64.1,-80.0,-75.3, 10, 19, 0.01,256,12.2
2026-05-24 23:51:10,-102.0107,31.8057, 113.0,15765,-64.1,-80.0,-75.3, 10, 19, 0.01,256,12.3
2026-05-24 23:51:11,-102.0106,31.8058, 112.9,15770,-64.1,-80.0,-75.3, 10, 19, 0.01,256,12.3
2026-05-24 23:51:12,-102.0104,31.8058, 112.8,15776,-64.1,-80.0,-75.3, 10, 19, 0.01,256,12.4
2026-05-24 23:51:13,-102.0103,31.8058, 112.7,15781,-64.1,-80.0,-75.2, 10, 19, 0.01,256,12.5
2026-05-24 23:51:14,-102.0102,31.8058, 112.6,15786,-64.1,-80.0,-75.2, 10, 19, 0.01,257,12.6
2026-05-24 23:51:15,-102.0100,31.8058, 112.6,15791,-64.1,-80.0,-75.2, 10, 19, 0.01,257,12.7
2026-05-24 23:51:16,-102.0099,31.8059, 112.5,15796,-64.1,-80.0,-75.2, 10, 19, 0.01,257,12.8
2026-05-24 23:51:17,-102.0098,31.8059, 112.4,15801,-64.1,-80.0,-75.2, 10, 19, 0.01,257,12.8
2026-05-24 23:51:18,-102.0096,31.8059, 112.3,15806,-64.1,-79.9,-75.2, 10, 19, 0.01,257,12.9
2026-05-24 23:51:19,-102.0095,31.8059, 112.2,15811,-64.1,-79.9,-75.2, 10, 19, 0.01,257,13.0
2026-05-24 23:51:20,-102.0094,31.8060, 112.1,15816,-64.1,-79.9,-75.2, 10, 19, 0.01,258,13.1
2026-05-24 23:51:21,-102.0092,31.8060, 112.0,15821,-64.1,-79.9,-75.2, 10, 19, 0.01,258,13.2
2026-05-24 23:51:22,-102.0091,31.8060, 111.9,15826,-64.1,-79.9,-75.2, 10, 19, 0.01,258,13.3
2026-05-24 23:51:23,-102.0089,31.8060, 111.8,15831,-64.1,-80.0,-75.2, 10, 19, 0.01,258,13.2
2026-05-24 23:51:24,-102.0088,31.8061, 111.7,15836,-64.1,-80.0,-75.3, 10, 19, 0.01,258,13.2
2026-05-24 23:51:25,-102.0087,31.8061, 111.6,15841,-64.1,-80.0,-75.3, 10, 19, 0.01,258,13.2
2026-05-24 23:51:26,-102.0085,31.8061, 111.5,15846,-64.1,-80.1,-75.3, 10, 19, 0.01,258,13.2
2026-05-24 23:51:27,-102.0084,31.8061, 111.4,15851,-64.1,-80.1,-75.4, 10, 19, 0.01,258,13.2
2026-05-24 23:51:28,-102.0083,31.8062, 111.3,15856,-64.1,-80.2,-75.4, 10, 19, 0.01,258,13.2
2026-05-24 23:51:29,-102.0081,31.8062, 111.3,15862,-64.1,-80.2,-75.5, 10, 19, 0.01,258,13.2
2026-05-24 23:51:30,-102.0080,31.8062, 111.2,15867,-64.1,-80.2,-75.5, 10, 18, 0.01,259,13.1
2026-05-24 23:51:31,-102.0079,31.8062, 111.1,15872,-64.1,-80.3,-75.5, 10, 18, 0.01,259,13.1
2026-05-24 23:51:32,-102.0077,31.8062, 111.0,15877,-64.2,-80.3,-75.6, 10, 18, 0.01,259,13.1
2026-05-24 23:51:33,-102.0076,31.8063, 110.9,15882,-64.2,-80.4,-75.6, 10, 18, 0.01,259,13.1
2026-05-24 23:51:34,-102.0074,31.8063, 110.8,15887,-64.2,-80.4,-75.7, 10, 18, 0.01,259,13.1
2026-05-24 23:51:35,-102.0073,31.8063, 110.7,15892,-64.2,-80.5,-75.7, 10, 18, 0.01,259,13.1
2026-05-24 23:51:36,-102.0072,31.8063, 110.6,15897,-64.2,-80.5,-75.7, 10, 18, 0.01,259,13.1
2026-05-24 23:51:37,-102.0070,31.8063, 110.5,15902,-64.2,-80.5,-75.8, 10, 18, 0.01,259,13.0
2026-05-24 23:51:38,-102.0069,31.8064, 110.4,15907,-64.2,-80.6,-75.8,  9, 18, 0.01,259,13.0
2026-05-24 23:51:39,-102.0067,31.8064, 110.3,15912,-64.2,-80.6,-75.9,  9, 18, 0.01,259,13.0
2026-05-24 23:51:40,-102.0066,31.8064, 110.3,15917,-64.2,-80.7,-75.9,  9, 18, 0.01,259,13.0
2026-05-24 23:51:41,-102.0064,31.8064, 110.2,15921,-64.3,-80.7,-75.9,  9, 17, 0.01,259,13.0
2026-05-24 23:51:42,-102.0063,31.8064, 110.1,15926,-64.3,-80.7,-76.0,  9, 17, 0.01,259,13.0
2026-05-24 23:51:43,-102.0062,31.8064, 110.0,15931,-64.3,-80.8,-76.0,  9, 17, 0.01,260,13.0
2026-05-24 23:51:44,-102.0060,31.8064, 109.9,15936,-64.3,-80.8,-76.1,  9, 17, 0.01,260,13.0
2026-05-24 23:51:45,-102.0059,31.8064, 109.8,15941,-64.3,-80.8,-76.1,  9, 17, 0.01,260,13.1
2026-05-24 23:51:46,-102.0057,31.8064, 109.7,15945,-64.3,-80.9,-76.1,  9, 17, 0.01,260,13.1
2026-05-24 23:51:47,-102.0055,31.8065, 109.6,15950,-64.3,-80.9,-76.2,  9, 17, 0.01,261,13.1
2026-05-24 23:51:48,-102.0054,31.8065, 109.5,15957,-64.3,-81.0,-76.2,  9, 17, 0.01,261,13.2
2026-05-24 23:51:49,-102.0053,31.8065, 109.5,15960,-64.4,-81.0,-76.2,  9, 17, 0.01,261,13.2
2026-05-24 23:51:50,-102.0051,31.8065, 109.4,15965,-64.4,-81.0,-76.3,  9, 17, 0.01,261,13.2
2026-05-24 23:51:51,-102.0050,31.8065, 109.3,15970,-64.4,-81.0,-76.3,  9, 17, 0.01,262,13.3
2026-05-24 23:51:52,-102.0049,31.8065, 109.2,15975,-64.4,-81.0,-76.3,  9, 17, 0.01,262,13.3
2026-05-24 23:51:53,-102.0047,31.8065, 109.1,15980,-64.4,-81.0,-76.3,  9, 17, 0.01,262,13.3
2026-05-24 23:51:54,-102.0046,31.8065, 109.0,15985,-64.4,-81.1,-76.3,  9, 17, 0.01,262,13.4
2026-05-24 23:51:55,-102.0044,31.8065, 108.9,15990,-64.5,-81.1,-76.3,  9, 17, 0.01,262,13.4
2026-05-24 23:51:56,-102.0043,31.8066, 108.8,15995,-64.5,-81.1,-76.3,  9, 17, 0.01,263,13.4
2026-05-24 23:51:57,-102.0041,31.8066, 108.8,16000,-64.5,-81.1,-76.3,  9, 17, 0.01,263,13.5
2026-05-24 23:51:58,-102.0040,31.8066, 108.7,16005,-64.5,-81.1,-76.4,  9, 17, 0.01,263,13.5
2026-05-24 23:51:59,-102.0039,31.8066, 108.6,16010,-64.5,-81.1,-76.4,  9, 17, 0.01,263,13.6
2026-05-24 23:52:00,-102.0037,31.8066, 108.5,16015,-64.5,-81.1,-76.4,  9, 17, 0.01,264,13.6
2026-05-24 23:52:01,-102.0036,31.8066, 108.4,16021,-64.6,-81.1,-76.4,  9, 17, 0.01,264,13.6
2026-05-24 23:52:02,-102.0034,31.8066, 108.3,16026,-64.6,-81.2,-76.4,  9, 17, 0.01,264,13.7
2026-05-24 23:52:03,-102.0033,31.8066, 108.2,16031,-64.6,-81.2,-76.4,  9, 17, 0.01,264,13.7
2026-05-24 23:52:04,-102.0031,31.8066, 108.1,16036,-64.6,-81.2,-76.5,  9, 17, 0.01,265,13.8
2026-05-24 23:52:05,-102.0030,31.8066, 108.0,16041,-64.6,-81.3,-76.5,  9, 17, 0.01,265,13.9
2026-05-24 23:52:06,-102.0028,31.8067, 108.0,16046,-64.6,-81.3,-76.6,  9, 17, 0.01,266,14.0
2026-05-24 23:52:07,-102.0027,31.8067, 107.9,16051,-64.6,-81.3,-76.6,  9, 17, 0.01,266,14.0
2026-05-24 23:52:08,-102.0025,31.8067, 107.8,16056,-64.6,-81.4,-76.6,  9, 17, 0.01,267,14.1
2026-05-24 23:52:09,-102.0024,31.8066, 107.7,16061,-64.6,-81.4,-76.7,  9, 16, 0.01,267,14.2
2026-05-24 23:52:10,-102.0022,31.8066, 107.6,16066,-64.7,-81.5,-76.7,  9, 16, 0.01,268,14.3
2026-05-24 23:52:11,-102.0021,31.8066, 107.5,16071,-64.7,-81.5,-76.7,  9, 16, 0.01,268,14.4
2026-05-24 23:52:12,-102.0019,31.8066, 107.4,16076,-64.7,-81.5,-76.8,  9, 16, 0.01,268,14.5
2026-05-24 23:52:13,-102.0017,31.8066, 107.3,16081,-64.7,-81.6,-76.8,  9, 16, 0.01,269,14.5
2026-05-24 23:52:14,-102.0016,31.8066, 107.2,16086,-64.7,-81.6,-76.9,  9, 16, 0.01,269,14.6
2026-05-24 23:52:15,-102.0014,31.8066, 107.2,16091,-64.7,-81.6,-76.9,  9, 16, 0.01,270,14.7
2026-05-24 23:52:16,-102.0013,31.8066, 107.1,16096,-64.7,-81.7,-76.9,  9, 16, 0.01,270,14.8
2026-05-24 23:52:17,-102.0011,31.8066, 107.0,16101,-64.7,-81.7,-76.9,  9, 16, 0.01,271,14.9
2026-05-24 23:52:18,-102.0010,31.8066, 106.9,16106,-64.7,-81.7,-76.9,  9, 16, 0.01,271,15.0
2026-05-24 23:52:19,-102.0008,31.8066, 106.8,16111,-64.7,-81.7,-76.9,  8, 16, 0.01,271,15.1
2026-05-24 23:52:20,-102.0006,31.8066, 106.7,16116,-64.7,-81.7,-77.0,  8, 16, 0.01,272,15.2
2026-05-24 23:52:21,-102.0005,31.8065, 106.6,16121,-64.7,-81.7,-77.0,  8, 16, 0.01,272,15.3
2026-05-24 23:52:22,-102.0003,31.8065, 106.5,16126,-64.7,-81.7,-77.0,  8, 16, 0.01,272,15.3
2026-05-24 23:52:23,-102.0002,31.8065, 106.5,16131,-64.7,-81.7,-77.0,  8, 16, 0.01,273,15.3
2026-05-24 23:52:24,-102.0000,31.8065, 106.4,16136,-64.7,-81.7,-77.0,  8, 16, 0.01,273,15.3
2026-05-24 23:52:25,-101.9999,31.8065, 106.3,16141,-64.7,-81.7,-77.0,  8, 16, 0.01,273,15.2
2026-05-24 23:52:26,-101.9997,31.8065, 106.2,16146,-64.8,-81.8,-77.0,  8, 16, 0.01,273,15.2
2026-05-24 23:52:27,-101.9995,31.8065, 106.1,16151,-64.8,-81.8,-77.0,  8, 16, 0.01,273,15.1
2026-05-24 23:52:28,-101.9994,31.8065, 106.0,16159,-64.8,-81.8,-77.0,  8, 16, 0.01,273,15.1
2026-05-24 23:52:29,-101.9992,31.8065, 105.9,16161,-64.8,-81.8,-77.0,  8, 16, 0.01,273,15.1
2026-05-24 23:52:30,-101.9991,31.8065, 105.8,16166,-64.8,-81.8,-77.0,  8, 16, 0.01,273,15.0
2026-05-24 23:52:31,-101.9989,31.8065, 105.8,16171,-64.7,-81.8,-77.0,  8, 16, 0.01,273,15.0
2026-05-24 23:52:32,-101.9987,31.8065, 105.7,16176,-64.7,-81.8,-77.0,  8, 16, 0.01,273,14.9
2026-05-24 23:52:33,-101.9986,31.8064, 105.6,16181,-64.7,-81.8,-77.0,  8, 16, 0.01,273,14.9
2026-05-24 23:52:34,-101.9984,31.8064, 105.5,16186,-64.7,-81.8,-77.0,  8, 16, 0.01,273,14.9
2026-05-24 23:52:35,-101.9983,31.8064, 105.4,16191,-64.7,-81.8,-77.0,  8, 16, 0.01,273,14.8
2026-05-24 23:52:36,-101.9981,31.8064, 105.3,16196,-64.7,-81.8,-77.1,  8, 16, 0.01,273,14.8
2026-05-24 23:52:37,-101.9980,31.8064, 105.2,16201,-64.7,-81.8,-77.1,  8, 16, 0.01,274,14.7
2026-05-24 23:52:38,-101.9978,31.8064, 105.2,16205,-64.7,-81.8,-77.1,  8, 16, 0.01,274,14.7
2026-05-24 23:52:39,-101.9977,31.8064, 105.1,16210,-64.7,-81.8,-77.1,  8, 16, 0.01,274,14.7
2026-05-24 23:52:40,-101.9976,31.8064, 105.0,16215,-64.7,-81.8,-77.1,  8, 15, 0.01,274,14.6
2026-05-24 23:52:41,-101.9974,31.8064, 104.9,16220,-64.7,-81.8,-77.1,  8, 15, 0.01,274,14.6
2026-05-24 23:52:42,-101.9973,31.8064, 104.8,16225,-64.7,-81.8,-77.1,  8, 15, 0.01,274,14.5
2026-05-24 23:52:43,-101.9971,31.8064, 104.7,16229,-64.7,-81.9,-77.1,  8, 15, 0.01,274,14.5
2026-05-24 23:52:44,-101.9970,31.8064, 104.7,16234,-64.7,-81.9,-77.1,  8, 15, 0.01,274,14.4
2026-05-24 23:52:45,-101.9969,31.8064, 104.6,16239,-64.7,-81.9,-77.2,  8, 15, 0.01,274,14.3
2026-05-24 23:52:46,-101.9967,31.8064, 104.5,16244,-64.7,-81.9,-77.2,  8, 15, 0.01,274,14.2
2026-05-24 23:52:47,-101.9966,31.8063, 104.4,16249,-64.7,-82.0,-77.2,  8, 15, 0.01,274,14.1
2026-05-24 23:52:48,-101.9965,31.8063, 104.3,16253,-64.7,-82.0,-77.2,  8, 15, 0.01,274,14.1
2026-05-24 23:52:49,-101.9963,31.8063, 104.3,16258,-64.7,-82.0,-77.3,  8, 15, 0.01,274,14.0
2026-05-24 23:52:50,-101.9962,31.8063, 104.2,16263,-64.7,-82.0,-77.3,  8, 15, 0.01,274,13.9
2026-05-24 23:52:51,-101.9961,31.8063, 104.1,16268,-64.7,-82.1,-77.3,  8, 15, 0.01,274,13.8
2026-05-24 23:52:52,-101.9959,31.8063, 104.0,16273,-64.7,-82.1,-77.3,  8, 15, 0.01,274,13.7
2026-05-24 23:52:53,-101.9958,31.8063, 103.9,16278,-64.7,-82.1,-77.4,  8, 15, 0.00,274,13.7
2026-05-24 23:52:54,-101.9957,31.8063, 103.8,16282,-64.7,-82.2,-77.4,  8, 15, 0.00,274,13.6
2026-05-24 23:52:55,-101.9955,31.8063, 103.8,16287,-64.7,-82.2,-77.4,  8, 15, 0.00,274,13.5
2026-05-24 23:52:56,-101.9954,31.8063, 103.7,16292,-64.7,-82.2,-77.5,  8, 15, 0.00,274,13.4
2026-05-24 23:52:57,-101.9953,31.8063, 103.6,16297,-64.7,-82.2,-77.5,  8, 15, 0.00,274,13.3
2026-05-24 23:52:58,-101.9951,31.8063, 103.5,16302,-64.7,-82.3,-77.5,  8, 14, 0.00,274,13.3
2026-05-24 23:52:59,-101.9950,31.8063, 103.4,16307,-64.7,-82.3,-77.5,  8, 14, 0.00,274,13.2
2026-05-24 23:53:00,-101.9948,31.8062, 103.4,16311,-64.7,-82.3,-77.5,  8, 14, 0.00,274,13.1
2026-05-24 23:53:01,-101.9947,31.8062, 103.3,16316,-64.7,-82.3,-77.6,  8, 14, 0.00,274,13.0
2026-05-24 23:53:02,-101.9946,31.8062, 103.2,16320,-64.7,-82.4,-77.6,  8, 14, 0.00,274,12.9
2026-05-24 23:53:03,-101.9944,31.8062, 103.1,16325,-64.7,-82.4,-77.6,  8, 14, 0.00,274,12.9
2026-05-24 23:53:04,-101.9943,31.8062, 103.0,16329,-64.7,-82.4,-77.6,  8, 14, 0.00,273,12.8
2026-05-24 23:53:05,-101.9942,31.8062, 103.0,16334,-64.7,-82.4,-77.7,  8, 14, 0.00,273,12.7
2026-05-24 23:53:06,-101.9940,31.8062, 102.9,16339,-64.7,-82.5,-77.7,  7, 14, 0.00,273,12.7
2026-05-24 23:53:07,-101.9939,31.8062, 102.8,16344,-64.7,-82.5,-77.7,  7, 14, 0.00,273,12.6
2026-05-24 23:53:08,-101.9938,31.8062, 102.7,16349,-64.7,-82.5,-77.7,  7, 14, 0.00,273,12.6
2026-05-24 23:53:09,-101.9937,31.8062, 102.6,16354,-64.7,-82.5,-77.8,  7, 14, 0.00,273,12.5
2026-05-24 23:53:10,-101.9935,31.8062, 102.6,16359,-64.7,-82.5,-77.7,  7, 14, 0.00,273,12.4
2026-05-24 23:53:11,-101.9934,31.8062, 102.5,16364,-64.7,-82.5,-77.7,  7, 14, 0.00,273,12.4
2026-05-24 23:53:12,-101.9933,31.8062, 102.4,16368,-64.7,-82.5,-77.7,  7, 14, 0.00,273,12.3
2026-05-24 23:53:13,-101.9932,31.8062, 102.3,16373,-64.7,-82.5,-77.7,  7, 14, 0.00,273,12.2
2026-05-24 23:53:14,-101.9931,31.8062, 102.2,16377,-64.7,-82.4,-77.7,  7, 14, 0.00,273,12.2
2026-05-24 23:53:15,-101.9929,31.8062, 102.2,16382,-64.7,-82.4,-77.7,  8, 14, 0.00,272,12.1
2026-05-24 23:53:16,-101.9928,31.8062, 102.1,16386,-64.7,-82.4,-77.6,  8, 14, 0.00,272,12.1
2026-05-24 23:53:17,-101.9927,31.8062, 102.0,16391,-64.7,-82.4,-77.6,  8, 14, 0.00,272,12.0
2026-05-24 23:53:18,-101.9926,31.8062, 101.9,16396,-64.7,-82.4,-77.6,  8, 14, 0.00,272,11.9
2026-05-24 23:53:19,-101.9925,31.8062, 101.8,16401,-64.7,-82.3,-77.6,  8, 14, 0.00,272,11.9
2026-05-24 23:53:20,-101.9923,31.8062, 101.8,16406,-64.7,-82.3,-77.6,  8, 14, 0.00,272,11.8
2026-05-24 23:53:21,-101.9922,31.8062, 101.7,16410,-64.6,-82.3,-77.6,  8, 14, 0.00,272,11.7
2026-05-24 23:53:22,-101.9921,31.8062, 101.6,16415,-64.6,-82.3,-77.5,  8, 14, 0.00,272,11.7
2026-05-24 23:53:23,-101.9920,31.8062, 101.5,16420,-64.6,-82.3,-77.5,  8, 14, 0.00,272,11.7
2026-05-24 23:53:24,-101.9918,31.8062, 101.5,16425,-64.6,-82.2,-77.5,  8, 14, 0.01,271,11.7
2026-05-24 23:53:25,-101.9917,31.8062, 101.4,16429,-64.6,-82.2,-77.4,  8, 14, 0.01,271,11.7
2026-05-24 23:53:26,-101.9916,31.8062, 101.3,16434,-64.6,-82.2,-77.4,  8, 15, 0.01,271,11.7
2026-05-24 23:53:27,-101.9915,31.8062, 101.2,16439,-64.6,-82.1,-77.4,  8, 15, 0.01,271,11.7
2026-05-24 23:53:28,-101.9914,31.8062, 101.1,16444,-64.6,-82.1,-77.4,  8, 15, 0.01,271,11.7
2026-05-24 23:53:29,-101.9912,31.8062, 101.1,16449,-64.6,-82.1,-77.3,  8, 15, 0.01,271,11.7
2026-05-24 23:53:30,-101.9911,31.8062, 101.0,16453,-64.6,-82.1,-77.3,  8, 15, 0.01,271,11.7
2026-05-24 23:53:31,-101.9910,31.8062, 100.9,16458,-64.6,-82.0,-77.3,  8, 15, 0.01,271,11.7
2026-05-24 23:53:32,-101.9909,31.8062, 100.8,16463,-64.6,-82.0,-77.2,  8, 15, 0.01,270,11.7
2026-05-24 23:53:33,-101.9908,31.8062, 100.7,16468,-64.6,-82.0,-77.2,  8, 15, 0.01,270,11.7
2026-05-24 23:53:34,-101.9906,31.8062, 100.7,16472,-64.6,-81.9,-77.2,  8, 15, 0.01,270,11.7
2026-05-24 23:53:35,-101.9905,31.8062, 100.6,16477,-64.6,-81.9,-77.2,  8, 15, 0.01,270,11.7
2026-05-24 23:53:36,-101.9904,31.8062, 100.5,16482,-64.6,-81.9,-77.1,  8, 15, 0.01,270,11.7
2026-05-24 23:53:37,-101.9903,31.8062, 100.4,16487,-64.6,-81.9,-77.2,  8, 15, 0.01,270,11.7
2026-05-24 23:53:38,-101.9902,31.8062, 100.4,16491,-64.6,-82.0,-77.2,  8, 15, 0.01,270,11.7
2026-05-24 23:53:39,-101.9900,31.8062, 100.3,16496,-64.6,-82.0,-77.2,  8, 15, 0.01,269,11.7
2026-05-24 23:53:40,-101.9899,31.8063, 100.2,16501,-64.6,-82.0,-77.3,  8, 15, 0.01,269,11.7
2026-05-24 23:53:41,-101.9898,31.8063, 100.1,16505,-64.6,-82.0,-77.3,  8, 15, 0.01,269,11.7
2026-05-24 23:53:42,-101.9898,31.8063, 100.0,16510,-64.6,-82.1,-77.3,  8, 15, 0.01,269,11.7
2026-05-24 23:53:43,-101.9896,31.8063, 100.0,16513,-64.6,-82.1,-77.3,  8, 15, 0.01,269,11.6
2026-05-24 23:53:44,-101.9895,31.8063,  99.9,16520,-64.6,-82.1,-77.4,  8, 14, 0.01,268,11.6
2026-05-24 23:53:45,-101.9894,31.8063,  99.8,16524,-64.5,-82.2,-77.4,  8, 14, 0.01,268,11.5
2026-05-24 23:53:46,-101.9892,31.8063,  99.7,16529,-64.5,-82.2,-77.4,  8, 14, 0.01,268,11.4
2026-05-24 23:53:47,-101.9891,31.8063,  99.7,16533,-64.5,-82.2,-77.5,  8, 14, 0.01,268,11.4
2026-05-24 23:53:48,-101.9890,31.8063,  99.6,16538,-64.5,-82.3,-77.5,  8, 14, 0.01,267,11.3
2026-05-24 23:53:49,-101.9889,31.8063,  99.5,16542,-64.5,-82.3,-77.5,  8, 14, 0.01,267,11.2
2026-05-24 23:53:50,-101.9888,31.8064,  99.4,16547,-64.5,-82.3,-77.6,  7, 14, 0.01,267,11.2
2026-05-24 23:53:51,-101.9887,31.8064,  99.4,16552,-64.5,-82.3,-77.6,  7, 14, 0.01,267,11.1
2026-05-24 23:53:52,-101.9886,31.8064,  99.3,16557,-64.5,-82.3,-77.6,  7, 14, 0.01,266,11.1
2026-05-24 23:53:53,-101.9884,31.8064,  99.2,16561,-64.5,-82.3,-77.6,  7, 14, 0.01,266,11.0
2026-05-24 23:53:54,-101.9883,31.8064,  99.1,16566,-64.5,-82.3,-77.6,  7, 14, 0.01,266,10.9
2026-05-24 23:53:55,-101.9882,31.8064,  99.1,16571,-64.5,-82.3,-77.6,  7, 14, 0.01,265,10.9
2026-05-24 23:53:56,-101.9881,31.8064,  99.0,16575,-64.4,-82.4,-77.6,  7, 14, 0.01,265,10.8
2026-05-24 23:53:57,-101.9880,31.8064,  98.9,16580,-64.4,-82.4,-77.6,  7, 14, 0.01,265,10.8
2026-05-24 23:53:58,-101.9879,31.8064,  98.8,16585,-64.4,-82.4,-77.6,  7, 14, 0.01,264,10.7
2026-05-24 23:53:59,-101.9878,31.8065,  98.7,16589,-64.4,-82.4,-77.6,  7, 14, 0.01,264,10.6
2026-05-24 23:54:00,-101.9876,31.8065,  98.7,16594,-64.4,-82.4,-77.6,  7, 14, 0.01,264,10.6
2026-05-24 23:54:01,-101.9875,31.8065,  98.6,16599,-64.4,-82.4,-77.6,  7, 14, 0.01,264,10.5
2026-05-24 23:54:02,-101.9874,31.8065,  98.5,16604,-64.4,-82.4,-77.6,  7, 14, 0.01,263,10.5
2026-05-24 23:54:03,-101.9873,31.8065,  98.4,16608,-64.4,-82.4,-77.6,  7, 14, 0.01,263,10.5
2026-05-24 23:54:04,-101.9872,31.8065,  98.4,16613,-64.4,-82.4,-77.6,  7, 14, 0.01,263,10.6
2026-05-24 23:54:05,-101.9871,31.8065,  98.3,16618,-64.3,-82.4,-77.6,  7, 14, 0.01,263,10.7
2026-05-24 23:54:06,-101.9869,31.8065,  98.2,16622,-64.3,-82.4,-77.6,  7, 13, 0.01,263,10.7
2026-05-24 23:54:07,-101.9868,31.8065,  98.1,16627,-64.3,-82.4,-77.6,  7, 13, 0.01,263,10.8
2026-05-24 23:54:08,-101.9867,31.8065,  98.1,16631,-64.3,-82.4,-77.6,  7, 13, 0.01,263,10.9
2026-05-24 23:54:09,-101.9866,31.8066,  98.0,16636,-64.2,-82.4,-77.6,  7, 13, 0.01,263,10.9
2026-05-24 23:54:10,-101.9865,31.8066,  97.9,16640,-64.2,-82.4,-77.6,  7, 13, 0.01,263,11.0
2026-05-24 23:54:11,-101.9864,31.8066,  97.9,16645,-64.2,-82.3,-77.6,  7, 13, 0.01,263,11.1
2026-05-24 23:54:12,-101.9862,31.8066,  97.8,16649,-64.2,-82.3,-77.6,  7, 13, 0.01,263,11.1
2026-05-24 23:54:13,-101.9861,31.8066,  97.7,16654,-64.2,-82.3,-77.6,  7, 13, 0.01,263,11.2
2026-05-24 23:54:14,-101.9860,31.8066,  97.6,16658,-64.1,-82.3,-77.6,  7, 13, 0.01,263,11.3
2026-05-24 23:54:15,-101.9859,31.8066,  97.6,16663,-64.1,-82.3,-77.6,  7, 13, 0.01,263,11.3
2026-05-24 23:54:16,-101.9857,31.8066,  97.5,16667,-64.1,-82.3,-77.6,  7, 13, 0.01,263,11.4
2026-05-24 23:54:17,-101.9856,31.8066,  97.4,16672,-64.1,-82.3,-77.6,  7, 13, 0.01,263,11.5
2026-05-24 23:54:18,-101.9855,31.8066,  97.4,16676,-64.1,-82.3,-77.6,  7, 13, 0.01,263,11.6
2026-05-24 23:54:19,-101.9854,31.8066,  97.3,16681,-64.0,-82.3,-77.6,  7, 13, 0.01,263,11.6
2026-05-24 23:54:20,-101.9852,31.8066,  97.2,16686,-64.0,-82.3,-77.6,  7, 13, 0.01,263,11.7
2026-05-24 23:54:21,-101.9851,31.8066,  97.1,16691,-64.0,-82.3,-77.6,  7, 13, 0.01,263,11.8
2026-05-24 23:54:22,-101.9850,31.8066,  97.1,16695,-64.0,-82.3,-77.6,  7, 13, 0.01,263,11.8
2026-05-24 23:54:23,-101.9849,31.8067,  97.0,16700,-63.9,-82.3,-77.6,  7, 13, 0.01,263,11.8
2026-05-24 23:54:24,-101.9847,31.8067,  96.9,16705,-63.9,-82.3,-77.6,  7, 13, 0.01,263,11.8
2026-05-24 23:54:25,-101.9846,31.8067,  96.8,16709,-63.9,-82.3,-77.6,  7, 13, 0.01,264,11.8
2026-05-24 23:54:26,-101.9845,31.8067,  96.8,16714,-63.9,-82.3,-77.6,  7, 13, 0.01,264,11.8
2026-05-24 23:54:27,-101.9844,31.8067,  96.7,16719,-63.9,-82.3,-77.6,  7, 13, 0.01,264,11.8
2026-05-24 23:54:28,-101.9842,31.8067,  96.6,16723,-63.8,-82.3,-77.6,  7, 13, 0.01,264,11.8
2026-05-24 23:54:29,-101.9841,31.8067,  96.5,16728,-63.8,-82.3,-77.6,  7, 13, 0.01,265,11.8
2026-05-24 23:54:30,-101.9840,31.8067,  96.5,16733,-63.8,-82.3,-77.5,  7, 13, 0.01,265,11.8
2026-05-24 23:54:31,-101.9839,31.8067,  96.4,16737,-63.8,-82.3,-77.5,  7, 13, 0.01,265,11.8
2026-05-24 23:54:32,-101.9837,31.8067,  96.3,16742,-63.7,-82.3,-77.5,  7, 13, 0.01,266,11.8
2026-05-24 23:54:33,-101.9836,31.8067,  96.2,16747,-63.7,-82.3,-77.5,  7, 13, 0.01,266,11.8
2026-05-24 23:54:34,-101.9835,31.8067,  96.2,16751,-63.7,-82.3,-77.5,  7, 13, 0.01,266,11.8
2026-05-24 23:54:35,-101.9834,31.8067,  96.1,16756,-63.7,-82.2,-77.5,  7, 13, 0.01,266,11.8
2026-05-24 23:54:36,-101.9832,31.8067,  96.0,16761,-63.6,-82.2,-77.5,  7, 13, 0.01,267,11.8
2026-05-24 23:54:37,-101.9831,31.8068,  95.9,16766,-63.6,-82.2,-77.5,  7, 13, 0.01,267,11.8
2026-05-24 23:54:38,-101.9830,31.8068,  95.9,16771,-63.6,-82.2,-77.4,  7, 13, 0.01,267,11.8
2026-05-24 23:54:39,-101.9828,31.8068,  95.8,16775,-63.6,-82.2,-77.4,  7, 12, 0.01,267,11.8
2026-05-24 23:54:40,-101.9827,31.8068,  95.7,16780,-63.6,-82.2,-77.4,  7, 12, 0.01,268,11.8
2026-05-24 23:54:41,-101.9826,31.8068,  95.6,16785,-63.5,-82.2,-77.4,  7, 12, 0.01,268,11.8
2026-05-24 23:54:42,-101.9825,31.8068,  95.6,16790,-63.5,-82.2,-77.4,  7, 12, 0.01,268,11.8
2026-05-24 23:54:43,-101.9824,31.8067,  95.5,16794,-63.5,-82.1,-77.4,  7, 12, 0.01,269,11.8
2026-05-24 23:54:44,-101.9823,31.8067,  95.4,16799,-63.5,-82.1,-77.4,  7, 12, 0.01,269,11.7
2026-05-24 23:54:45,-101.9821,31.8067,  95.3,16804,-63.5,-82.1,-77.4,  7, 12, 0.01,269,11.7
2026-05-24 23:54:46,-101.9820,31.8067,  95.3,16809,-63.5,-82.1,-77.3,  7, 12, 0.01,269,11.6
2026-05-24 23:54:47,-101.9819,31.8067,  95.2,16814,-63.4,-82.1,-77.3,  7, 12, 0.01,270,11.6
2026-05-24 23:54:48,-101.9818,31.8067,  95.1,16818,-63.4,-82.1,-77.3,  7, 12, 0.01,270,11.5
2026-05-24 23:54:49,-101.9817,31.8067,  95.1,16823,-63.4,-82.1,-77.3,  7, 13, 0.01,270,11.5
2026-05-24 23:54:50,-101.9816,31.8067,  95.0,16828,-63.4,-82.0,-77.3,  7, 13, 0.01,270,11.4
2026-05-24 23:54:51,-101.9814,31.8067,  94.9,16832,-63.4,-82.0,-77.3,  7, 13, 0.01,271,11.4
2026-05-24 23:54:52,-101.9813,31.8067,  94.8,16837,-63.4,-82.0,-77.3,  7, 13, 0.01,271,11.3
2026-05-24 23:54:53,-101.9812,31.8067,  94.8,16842,-63.4,-82.0,-77.2,  7, 13, 0.01,271,11.3
2026-05-24 23:54:54,-101.9811,31.8067,  94.7,16846,-63.4,-82.0,-77.2,  7, 13, 0.01,271,11.2
2026-05-24 23:54:55,-101.9809,31.8067,  94.6,16851,-63.4,-82.0,-77.2,  7, 13, 0.01,272,11.2
2026-05-24 23:54:56,-101.9809,31.8067,  94.5,16857,-63.4,-81.9,-77.2,  7, 13, 0.01,272,11.1
2026-05-24 23:54:57,-101.9808,31.8067,  94.5,16860,-63.4,-82.0,-77.2,  7, 13, 0.01,272,11.1
2026-05-24 23:54:58,-101.9806,31.8067,  94.4,16865,-63.4,-82.0,-77.2,  7, 13, 0.01,273,11.1
2026-05-24 23:54:59,-101.9805,31.8067,  94.3,16870,-63.4,-82.0,-77.2,  7, 13, 0.01,273,11.0
2026-05-24 23:55:00,-101.9804,31.8066,  94.2,16875,-63.4,-82.0,-77.2,  7, 13, 0.01,273,11.0
2026-05-24 23:55:01,-101.9803,31.8066,  94.2,16880,-63.4,-82.0,-77.3,  7, 12, 0.01,273,10.9
2026-05-24 23:55:02,-101.9802,31.8066,  94.1,16885,-63.4,-82.0,-77.3,  7, 12, 0.01,274,10.9
2026-05-24 23:55:03,-101.9801,31.8066,  94.0,16890,-63.4,-82.1,-77.3,  7, 12, 0.01,274,10.9
2026-05-24 23:55:04,-101.9799,31.8066,  93.9,16895,-63.4,-82.1,-77.3,  7, 12, 0.01,274,10.9
2026-05-24 23:55:05,-101.9798,31.8066,  93.9,16900,-63.4,-82.1,-77.3,  7, 12, 0.01,274,11.0
2026-05-24 23:55:06,-101.9797,31.8066,  93.8,16905,-63.4,-82.1,-77.3,  7, 12, 0.01,273,11.0
2026-05-24 23:55:07,-101.9796,31.8066,  93.7,16910,-63.4,-82.1,-77.4,  7, 12, 0.01,273,11.0
2026-05-24 23:55:08,-101.9795,31.8066,  93.6,16915,-63.4,-82.1,-77.4,  7, 12, 0.01,273,11.0
2026-05-24 23:55:09,-101.9794,31.8066,  93.6,16920,-63.4,-82.2,-77.4,  7, 12, 0.01,273,11.1
2026-05-24 23:55:10,-101.9792,31.8066,  93.5,16924,-63.4,-82.2,-77.4,  7, 12, 0.01,273,11.1
2026-05-24 23:55:11,-101.9791,31.8066,  93.4,16929,-63.4,-82.2,-77.4,  7, 12, 0.01,273,11.1
2026-05-24 23:55:12,-101.9790,31.8066,  93.4,16934,-63.4,-82.2,-77.5,  7, 12, 0.01,273,11.1
2026-05-24 23:55:13,-101.9789,31.8066,  93.3,16938,-63.4,-82.2,-77.5,  7, 12, 0.01,273,11.2
2026-05-24 23:55:14,-101.9787,31.8065,  93.2,16943,-63.4,-82.3,-77.5,  7, 12, 0.01,273,11.2
2026-05-24 23:55:15,-101.9786,31.8065,  93.1,16948,-63.4,-82.3,-77.5,  6, 12, 0.01,273,11.2
2026-05-24 23:55:16,-101.9785,31.8065,  93.1,16953,-63.4,-82.3,-77.6,  6, 12, 0.01,273,11.2
2026-05-24 23:55:17,-101.9784,31.8065,  93.0,16958,-63.4,-82.4,-77.6,  6, 12, 0.01,273,11.3
2026-05-24 23:55:18,-101.9783,31.8065,  92.9,16963,-63.4,-82.4,-77.6,  6, 12, 0.01,273,11.3
2026-05-24 23:55:19,-101.9781,31.8065,  92.8,16968,-63.4,-82.4,-77.7,  6, 12, 0.01,273,11.3
2026-05-24 23:55:20,-101.9780,31.8065,  92.8,16973,-63.4,-82.4,-77.7,  6, 12, 0.01,272,11.3
2026-05-24 23:55:21,-101.9779,31.8065,  92.7,16978,-63.4,-82.5,-77.7,  6, 12, 0.01,272,11.4
2026-05-24 23:55:22,-101.9778,31.8065,  92.6,16983,-63.4,-82.5,-77.7,  6, 12, 0.01,272,11.4
2026-05-24 23:55:23,-101.9777,31.8064,  92.5,16989,-63.4,-82.5,-77.8,  6, 12, 0.01,273,11.4
2026-05-24 23:55:24,-101.9775,31.8064,  92.4,16994,-63.4,-82.5,-77.8,  6, 12, 0.01,273,11.4
2026-05-24 23:55:25,-101.9774,31.8064,  92.4,16999,-63.4,-82.5,-77.8,  6, 12, 0.01,273,11.5
2026-05-24 23:55:26,-101.9773,31.8064,  92.3,17004,-63.4,-82.5,-77.8,  6, 12, 0.01,273,11.5
2026-05-24 23:55:27,-101.9772,31.8064,  92.2,17009,-63.4,-82.5,-77.8,  6, 12, 0.01,274,11.5
2026-05-24 23:55:28,-101.9770,31.8064,  92.1,17015,-63.4,-82.5,-77.8,  6, 12, 0.01,274,11.5
2026-05-24 23:55:29,-101.9769,31.8064,  92.1,17020,-63.4,-82.5,-77.8,  6, 12, 0.01,274,11.6
2026-05-24 23:55:30,-101.9768,31.8064,  92.0,17025,-63.4,-82.5,-77.8,  6, 12, 0.01,275,11.6
2026-05-24 23:55:31,-101.9767,31.8064,  91.9,17030,-63.4,-82.5,-77.8,  6, 12, 0.01,275,11.6
2026-05-24 23:55:32,-101.9766,31.8064,  91.8,17035,-63.4,-82.5,-77.8,  6, 12, 0.01,275,11.6
2026-05-24 23:55:33,-101.9764,31.8063,  91.7,17041,-63.4,-82.5,-77.8,  6, 12, 0.01,275,11.7
2026-05-24 23:55:34,-101.9763,31.8063,  91.7,17046,-63.4,-82.5,-77.8,  6, 12, 0.01,276,11.7
2026-05-24 23:55:35,-101.9762,31.8063,  91.6,17051,-63.4,-82.5,-77.8,  6, 12, 0.01,276,11.7
2026-05-24 23:55:36,-101.9761,31.8063,  91.5,17056,-63.4,-82.5,-77.8,  6, 12, 0.01,276,11.8
2026-05-24 23:55:37,-101.9759,31.8063,  91.4,17061,-63.4,-82.5,-77.8,  6, 12, 0.01,276,11.8
2026-05-24 23:55:38,-101.9758,31.8063,  91.4,17066,-63.4,-82.6,-77.8,  6, 12, 0.01,277,11.8
2026-05-24 23:55:39,-101.9757,31.8063,  91.3,17071,-63.4,-82.6,-77.8,  6, 11, 0.01,277,11.8
2026-05-24 23:55:40,-101.9756,31.8063,  91.2,17077,-63.4,-82.6,-77.9,  6, 11, 0.01,277,11.9
2026-05-24 23:55:41,-101.9755,31.8063,  91.1,17082,-63.4,-82.7,-77.9,  6, 11, 0.01,277,11.9
2026-05-24 23:55:42,-101.9754,31.8062,  91.1,17087,-63.4,-82.7,-77.9,  6, 11, 0.01,278,11.9
2026-05-24 23:55:43,-101.9753,31.8062,  91.0,17092,-63.4,-82.7,-78.0,  6, 11, 0.01,278,11.8
2026-05-24 23:55:44,-101.9752,31.8062,  90.9,17097,-63.4,-82.8,-78.0,  6, 11, 0.01,278,11.7
2026-05-24 23:55:45,-101.9751,31.8062,  90.8,17103,-63.4,-82.8,-78.1,  6, 11, 0.01,278,11.5
2026-05-24 23:55:46,-101.9750,31.8062,  90.7,17108,-63.4,-82.8,-78.1,  6, 11, 0.01,278,11.4
2026-05-24 23:55:47,-101.9749,31.8062,  90.7,17113,-63.4,-82.9,-78.1,  6, 11, 0.01,279,11.3
2026-05-24 23:55:48,-101.9748,31.8062,  90.6,17118,-63.4,-82.9,-78.2,  6, 11, 0.01,279,11.1
2026-05-24 23:55:49,-101.9747,31.8061,  90.5,17123,-63.4,-83.0,-78.2,  6, 11, 0.01,279,11.0
2026-05-24 23:55:50,-101.9747,31.8061,  90.4,17128,-63.4,-83.0,-78.2,  6, 11, 0.00,279,10.9
2026-05-24 23:55:51,-101.9746,31.8061,  90.4,17133,-63.4,-83.0,-78.3,  6, 11, 0.00,279,10.7
2026-05-24 23:55:52,-101.9745,31.8061,  90.3,17138,-63.4,-83.0,-78.3,  6, 11, 0.00,280,10.6
2026-05-24 23:55:53,-101.9744,31.8061,  90.2,17143,-63.4,-83.0,-78.3,  6, 11, 0.00,280,10.5
2026-05-24 23:55:54,-101.9743,31.8061,  90.1,17148,-63.4,-83.1,-78.3,  6, 11, 0.00,280,10.3
2026-05-24 23:55:55,-101.9742,31.8061,  90.1,17153,-63.5,-83.1,-78.3,  6, 11, 0.00,280,10.2
2026-05-24 23:55:56,-101.9741,31.8060,  90.0,17158,-63.5,-83.1,-78.3,  6, 11, 0.00,280,10.1
2026-05-24 23:55:57,-101.9740,31.8060,  89.9,17164,-63.5,-83.1,-78.3,  6, 11, 0.00,281, 9.9
2026-05-24 23:55:58,-101.9739,31.8060,  89.8,17169,-63.5,-83.1,-78.3,  6, 11, 0.00,281, 9.8
2026-05-24 23:55:59,-101.9738,31.8060,  89.8,17174,-63.5,-83.1,-78.3,  6, 11, 0.00,281, 9.7
2026-05-24 23:56:00,-101.9737,31.8060,  89.7,17179,-63.5,-83.1,-78.4,  6, 11, 0.00,281, 9.5
2026-05-24 23:56:01,-101.9736,31.8060,  89.6,17184,-63.5,-83.1,-78.4,  6, 11, 0.00,282, 9.4
2026-05-24 23:56:02,-101.9735,31.8060,  89.5,17189,-63.5,-83.1,-78.4,  6, 11, 0.00,282, 9.3
2026-05-24 23:56:03,-101.9735,31.8059,  89.5,17194,-63.5,-83.1,-78.4,  6, 11, 0.00,282, 9.2
2026-05-24 23:56:04,-101.9734,31.8059,  89.4,17198,-63.5,-83.2,-78.4,  6, 11, 0.00,281, 9.1
2026-05-24 23:56:05,-101.9733,31.8059,  89.3,17205,-63.5,-83.2,-78.4,  6, 11, 0.00,281, 9.0
2026-05-24 23:56:06,-101.9732,31.8059,  89.3,17210,-63.6,-83.2,-78.4,  6, 11, 0.00,281, 8.9
2026-05-24 23:56:07,-101.9731,31.8059,  89.2,17215,-63.6,-83.2,-78.4,  6, 11, 0.00,281, 8.9
2026-05-24 23:56:08,-101.9730,31.8059,  89.1,17220,-63.6,-83.2,-78.4,  6, 11, 0.00,280, 8.8
2026-05-24 23:56:09,-101.9729,31.8059,  89.0,17225,-63.6,-83.2,-78.4,  6, 11, 0.00,280, 8.7
2026-05-24 23:56:10,-101.9728,31.8058,  89.0,17230,-63.6,-83.2,-78.4,  6, 11, 0.00,280, 8.6
2026-05-24 23:56:11,-101.9727,31.8058,  88.9,17235,-63.6,-83.2,-78.4,  6, 11, 0.00,279, 8.5
2026-05-24 23:56:12,-101.9726,31.8058,  88.8,17240,-63.7,-83.2,-78.4,  6, 11, 0.00,279, 8.5
2026-05-24 23:56:13,-101.9726,31.8058,  88.7,17245,-63.7,-83.2,-78.4,  6, 11, 0.00,279, 8.4
2026-05-24 23:56:14,-101.9725,31.8058,  88.7,17250,-63.7,-83.2,-78.4,  6, 11, 0.00,278, 8.3
2026-05-24 23:56:15,-101.9724,31.8058,  88.6,17255,-63.7,-83.2,-78.4,  6, 11, 0.00,278, 8.2
2026-05-24 23:56:16,-101.9724,31.8059,  88.5,17260,-63.7,-83.2,-78.4,  6, 11, 0.00,278, 8.2
2026-05-24 23:56:17,-101.9723,31.8059,  88.4,17265,-63.7,-83.2,-78.5,  6, 11, 0.00,277, 8.1
2026-05-24 23:56:18,-101.9722,31.8059,  88.4,17270,-63.8,-83.3,-78.5,  6, 11, 0.00,277, 8.0
2026-05-24 23:56:19,-101.9721,31.8059,  88.3,17275,-63.8,-83.3,-78.5,  6, 11, 0.00,277, 7.9
2026-05-24 23:56:20,-101.9721,31.8059,  88.2,17280,-63.8,-83.4,-78.6,  6, 11, 0.00,276, 7.9
2026-05-24 23:56:21,-101.9720,31.8059,  88.1,17286,-63.8,-83.4,-78.6,  6, 11, 0.00,276, 7.8
2026-05-24 23:56:22,-101.9719,31.8059,  88.1,17291,-63.8,-83.5,-78.7,  6, 11, 0.00,276, 7.7
2026-05-24 23:56:23,-101.9719,31.8059,  88.0,17297,-63.8,-83.5,-78.7,  6, 10, 0.00,275, 7.6
2026-05-24 23:56:24,-101.9718,31.8059,  87.9,17302,-63.8,-83.6,-78.8,  6, 10, 0.00,274, 7.5
2026-05-24 23:56:25,-101.9717,31.8059,  87.8,17308,-63.8,-83.6,-78.8,  6, 10, 0.00,274, 7.5
2026-05-24 23:56:26,-101.9716,31.8059,  87.8,17313,-63.8,-83.7,-78.9,  6, 10, 0.00,273, 7.4
2026-05-24 23:56:27,-101.9716,31.8059,  87.7,17318,-63.8,-83.7,-79.0,  5, 10, 0.00,272, 7.3
2026-05-24 23:56:28,-101.9715,31.8059,  87.6,17324,-63.8,-83.8,-79.0,  5, 10, 0.00,272, 7.3
2026-05-24 23:56:29,-101.9714,31.8059,  87.5,17329,-63.8,-83.8,-79.1,  5, 10, 0.00,271, 7.2
2026-05-24 23:56:30,-101.9713,31.8059,  87.5,17334,-63.9,-83.9,-79.1,  5, 10, 0.00,270, 7.1
2026-05-24 23:56:31,-101.9713,31.8059,  87.4,17339,-63.9,-83.9,-79.2,  5, 10, 0.00,269, 7.0
2026-05-24 23:56:32,-101.9712,31.8059,  87.3,17345,-63.9,-84.0,-79.2,  5, 10, 0.00,269, 7.0
2026-05-24 23:56:33,-101.9711,31.8059,  87.2,17350,-63.9,-84.0,-79.3,  5, 10, 0.00,268, 6.9
2026-05-24 23:56:34,-101.9711,31.8059,  87.2,17355,-63.9,-84.1,-79.3,  5, 10, 0.00,267, 6.8
2026-05-24 23:56:35,-101.9710,31.8059,  87.1,17360,-63.9,-84.1,-79.4,  5, 10, 0.00,266, 6.8
2026-05-24 23:56:36,-101.9709,31.8059,  87.0,17366,-63.9,-84.2,-79.4,  5,  9, 0.00,265, 6.7
2026-05-24 23:56:37,-101.9708,31.8059,  86.9,17371,-63.9,-84.2,-79.5,  5,  9, 0.00,264, 6.7
2026-05-24 23:56:38,-101.9708,31.8059,  86.9,17376,-63.9,-84.3,-79.5,  5,  9, 0.00,263, 6.6
2026-05-24 23:56:39,-101.9707,31.8059,  86.8,17381,-63.9,-84.3,-79.6,  5,  9, 0.00,263, 6.5
2026-05-24 23:56:40,-101.9706,31.8060,  86.7,17386,-63.9,-84.4,-79.6,  5,  9, 0.00,262, 6.5
2026-05-24 23:56:41,-101.9706,31.8060,  86.7,17391,-63.9,-84.4,-79.7,  5,  9, 0.00,261, 6.4
2026-05-24 23:56:42,-101.9706,31.8060,  86.6,17396,-63.9,-84.5,-79.7,  5,  9, 0.00,260, 6.4
2026-05-24 23:56:43,-101.9705,31.8060,  86.5,17400,-63.9,-84.5,-79.8,  5,  9, 0.00,259, 6.3
2026-05-24 23:56:44,-101.9705,31.8061,  86.5,17405,-63.9,-84.6,-79.8,  5,  9, 0.00,258, 6.2
2026-05-24 23:56:45,-101.9704,31.8061,  86.4,17411,-63.9,-84.6,-79.9,  5,  9, 0.00,257, 6.2
2026-05-24 23:56:46,-101.9704,31.8061,  86.3,17416,-63.9,-84.6,-79.9,  5,  9, 0.00,256, 6.2
2026-05-24 23:56:47,-101.9704,31.8062,  86.2,17421,-63.8,-84.7,-79.9,  5,  9, 0.00,254, 6.1
2026-05-24 23:56:48,-101.9703,31.8062,  86.2,17426,-63.8,-84.7,-79.9,  5,  9, 0.00,253, 6.1
2026-05-24 23:56:49,-101.9703,31.8062,  86.1,17431,-63.8,-84.7,-79.9,  5,  9, 0.00,252, 6.0
2026-05-24 23:56:50,-101.9702,31.8063,  86.0,17436,-63.8,-84.7,-80.0,  5,  9, 0.00,251, 6.0
2026-05-24 23:56:51,-101.9702,31.8063,  85.9,17441,-63.8,-84.7,-80.0,  5,  9, 0.00,250, 6.0
2026-05-24 23:56:52,-101.9701,31.8063,  85.9,17447,-63.8,-84.8,-80.0,  5,  8, 0.00,249, 5.9
2026-05-24 23:56:53,-101.9701,31.8064,  85.8,17452,-63.8,-84.8,-80.0,  5,  8, 0.00,247, 5.9
2026-05-24 23:56:54,-101.9701,31.8064,  85.7,17457,-63.8,-84.8,-80.0,  5,  8, 0.00,246, 5.8
2026-05-24 23:56:55,-101.9700,31.8064,  85.6,17462,-63.8,-84.8,-80.1,  5,  8, 0.00,245, 5.8
2026-05-24 23:56:56,-101.9700,31.8064,  85.6,17468,-63.8,-84.8,-80.1,  4,  8, 0.00,244, 5.7
2026-05-24 23:56:57,-101.9699,31.8065,  85.5,17473,-63.8,-84.9,-80.1,  4,  8, 0.00,242, 5.7
2026-05-24 23:56:58,-101.9699,31.8065,  85.4,17478,-63.7,-84.9,-80.1,  4,  8, 0.00,241, 5.6
2026-05-24 23:56:59,-101.9699,31.8065,  85.3,17484,-63.7,-84.9,-80.1,  4,  8, 0.00,240, 5.6
2026-05-24 23:57:00,-101.9698,31.8066,  85.3,17489,-63.7,-84.9,-80.2,  4,  8, 0.00,238, 5.5
2026-05-24 23:57:01,-101.9698,31.8066,  85.2,17495,-63.7,-84.9,-80.2,  4,  8, 0.00,237, 5.5
2026-05-24 23:57:02,-101.9697,31.8066,  85.1,17500,-63.7,-85.0,-80.2,  4,  8, 0.00,235, 5.4
2026-05-24 23:57:03,-101.9697,31.8067,  85.0,17505,-63.7,-85.0,-80.2,  4,  8, 0.00,234, 5.4
2026-05-24 23:57:04,-101.9697,31.8067,  85.0,17511,-63.7,-85.0,-80.2,  4,  8, 0.00,233, 5.3
2026-05-24 23:57:05,-101.9696,31.8067,  84.9,17516,-63.7,-85.0,-80.3,  4,  8, 0.00,232, 5.4
2026-05-24 23:57:06,-101.9696,31.8068,  84.8,17521,-63.7,-85.0,-80.3,  4,  8, 0.00,231, 5.4
2026-05-24 23:57:07,-101.9695,31.8068,  84.8,17526,-63.7,-85.1,-80.3,  4,  8, 0.00,229, 5.3
2026-05-24 23:57:08,-101.9695,31.8068,  84.7,17532,-63.7,-85.1,-80.3,  4,  8, 0.00,228, 5.3
2026-05-24 23:57:09,-101.9695,31.8068,  84.6,17537,-63.7,-85.1,-80.3,  4,  8, 0.00,227, 5.3
2026-05-24 23:57:10,-101.9694,31.8069,  84.5,17542,-63.7,-85.1,-80.4,  4,  8, 0.00,226, 5.3
2026-05-24 23:57:11,-101.9694,31.8069,  84.5,17547,-63.6,-85.2,-80.4,  4,  8, 0.00,224, 5.3
2026-05-24 23:57:12,-101.9693,31.8069,  84.4,17552,-63.6,-85.2,-80.4,  4,  8, 0.00,223, 5.2
2026-05-24 23:57:13,-101.9693,31.8070,  84.3,17557,-63.6,-85.2,-80.4,  4,  8, 0.00,222, 5.2
2026-05-24 23:57:14,-101.9693,31.8070,  84.3,17562,-63.6,-85.2,-80.4,  4,  8, 0.00,220, 5.2
2026-05-24 23:57:15,-101.9692,31.8070,  84.2,17567,-63.6,-85.2,-80.4,  4,  8, 0.00,219, 5.2
2026-05-24 23:57:16,-101.9692,31.8071,  84.1,17572,-63.6,-85.2,-80.4,  4,  8, 0.00,218, 5.1
2026-05-24 23:57:17,-101.9692,31.8071,  84.1,17576,-63.6,-85.2,-80.4,  4,  8, 0.00,216, 5.1
2026-05-24 23:57:18,-101.9691,31.8071,  84.0,17581,-63.6,-85.2,-80.4,  4,  8, 0.00,215, 5.1
2026-05-24 23:57:19,-101.9691,31.8072,  83.9,17586,-63.6,-85.2,-80.4,  4,  8, 0.00,214, 5.1
2026-05-24 23:57:20,-101.9691,31.8072,  83.9,17591,-63.6,-85.2,-80.4,  4,  8, 0.00,212, 5.0
2026-05-24 23:57:21,-101.9690,31.8072,  83.8,17596,-63.6,-85.2,-80.4,  4,  8, 0.00,211, 5.0
2026-05-24 23:57:22,-101.9690,31.8073,  83.7,17601,-63.6,-85.2,-80.5,  4,  8, 0.00,209, 5.0
2026-05-24 23:57:23,-101.9689,31.8073,  83.7,17606,-63.6,-85.2,-80.5,  4,  8, 0.00,210, 5.0
2026-05-24 23:57:24,-101.9689,31.8073,  83.6,17611,-63.6,-85.2,-80.5,  4,  8, 0.00,212, 5.0
2026-05-24 23:57:25,-101.9689,31.8074,  83.5,17616,-63.6,-85.2,-80.5,  4,  8, 0.00,213, 5.0
2026-05-24 23:57:26,-101.9688,31.8074,  83.5,17621,-63.6,-85.3,-80.5,  4,  8, 0.00,214, 5.0
2026-05-24 23:57:27,-101.9688,31.8074,  83.4,17626,-63.6,-85.3,-80.5,  4,  8, 0.00,215, 5.0
2026-05-24 23:57:28,-101.9688,31.8075,  83.3,17630,-63.6,-85.3,-80.6,  4,  8, 0.00,216, 5.0
2026-05-24 23:57:29,-101.9687,31.8075,  83.3,17635,-63.6,-85.4,-80.6,  4,  8, 0.00,217, 5.0
2026-05-24 23:57:30,-101.9687,31.8075,  83.2,17640,-63.6,-85.4,-80.6,  4,  7, 0.00,218, 5.0
2026-05-24 23:57:31,-101.9687,31.8075,  83.1,17645,-63.6,-85.4,-80.7,  4,  7, 0.00,219, 5.0
2026-05-24 23:57:32,-101.9686,31.8076,  83.1,17650,-63.6,-85.4,-80.7,  4,  7, 0.00,220, 5.0
2026-05-24 23:57:33,-101.9686,31.8076,  83.0,17655,-63.6,-85.5,-80.7,  4,  7, 0.00,221, 5.0
2026-05-24 23:57:34,-101.9686,31.8076,  82.9,17660,-63.6,-85.5,-80.7,  4,  7, 0.00,222, 4.9
2026-05-24 23:57:35,-101.9685,31.8077,  82.9,17665,-63.6,-85.5,-80.8,  4,  7, 0.00,223, 4.9
2026-05-24 23:57:36,-101.9685,31.8077,  82.8,17669,-63.6,-85.6,-80.8,  4,  7, 0.00,224, 4.9
2026-05-24 23:57:37,-101.9684,31.8077,  82.7,17674,-63.6,-85.6,-80.8,  4,  7, 0.00,226, 4.9
2026-05-24 23:57:38,-101.9684,31.8078,  82.7,17679,-63.6,-85.6,-80.9,  4,  7, 0.00,227, 4.9
2026-05-24 23:57:39,-101.9684,31.8078,  82.6,17684,-63.6,-85.6,-80.9,  4,  7, 0.00,228, 4.9
2026-05-24 23:57:40,-101.9683,31.8078,  82.5,17689,-63.6,-85.7,-80.9,  4,  7, 0.00,229, 4.9
2026-05-24 23:57:41,-101.9683,31.8079,  82.5,17694,-63.6,-85.7,-80.9,  4,  7, 0.00,230, 4.9
2026-05-24 23:57:42,-101.9683,31.8079,  82.4,17699,-63.6,-85.7,-81.0,  4,  7, 0.00,231, 4.9
2026-05-24 23:57:43,-101.9682,31.8079,  82.3,17704,-63.6,-85.8,-81.0,  4,  7, 0.00,231, 5.0
2026-05-24 23:57:44,-101.9681,31.8080,  82.3,17708,-63.6,-85.8,-81.0,  4,  7, 0.00,231, 5.1
2026-05-24 23:57:45,-101.9681,31.8080,  82.2,17713,-63.6,-85.8,-81.1,  4,  7, 0.00,231, 5.2
2026-05-24 23:57:46,-101.9680,31.8081,  82.1,17718,-63.6,-85.9,-81.1,  4,  7, 0.00,230, 5.3
2026-05-24 23:57:47,-101.9680,31.8081,  82.1,17723,-63.6,-85.9,-81.1,  4,  7, 0.00,230, 5.4
2026-05-24 23:57:48,-101.9679,31.8082,  82.0,17728,-63.6,-85.9,-81.2,  4,  7, 0.00,230, 5.5
2026-05-24 23:57:49,-101.9679,31.8082,  82.0,17733,-63.5,-85.9,-81.2,  4,  7, 0.00,230, 5.6
2026-05-24 23:57:50,-101.9678,31.8083,  81.9,17737,-63.5,-86.0,-81.2,  4,  7, 0.00,230, 5.7
2026-05-24 23:57:51,-101.9677,31.8083,  81.8,17742,-63.5,-86.0,-81.3,  4,  7, 0.00,230, 5.7
2026-05-24 23:57:52,-101.9677,31.8084,  81.8,17747,-63.5,-86.0,-81.3,  4,  7, 0.00,230, 5.8
2026-05-24 23:57:53,-101.9676,31.8084,  81.7,17752,-63.5,-86.0,-81.2,  4,  7, 0.00,230, 5.9
2026-05-24 23:57:54,-101.9676,31.8084,  81.6,17757,-63.4,-86.0,-81.2,  4,  7, 0.00,229, 6.0
2026-05-24 23:57:55,-101.9675,31.8085,  81.6,17762,-63.4,-86.0,-81.2,  4,  7, 0.00,229, 6.1
2026-05-24 23:57:56,-101.9675,31.8085,  81.5,17767,-63.3,-86.0,-81.2,  4,  6, 0.00,229, 6.2
2026-05-24 23:57:57,-101.9674,31.8086,  81.4,17772,-63.3,-86.0,-81.2,  4,  6, 0.00,229, 6.3
2026-05-24 23:57:58,-101.9673,31.8086,  81.4,17777,-63.3,-86.0,-81.2,  3,  6, 0.00,229, 6.4
2026-05-24 23:57:59,-101.9673,31.8087,  81.3,17781,-63.2,-86.0,-81.2,  3,  6, 0.00,229, 6.5
2026-05-24 23:58:00,-101.9672,31.8087,  81.2,17786,-63.2,-86.0,-81.2,  3,  6, 0.00,229, 6.6
2026-05-24 23:58:01,-101.9672,31.8088,  81.2,17790,-63.2,-86.0,-81.2,  3,  6, 0.00,229, 6.7
2026-05-24 23:58:02,-101.9671,31.8088,  81.1,17795,-63.1,-86.0,-81.2,  3,  6, 0.00,229, 6.8
2026-05-24 23:58:03,-101.9671,31.8089,  81.1,17800,-63.1,-86.0,-81.2,  3,  6, 0.00,229, 6.9
2026-05-24 23:58:04,-101.9670,31.8089,  81.0,17804,-63.1,-86.0,-81.2,  3,  6, 0.00,229, 6.9
2026-05-24 23:58:05,-101.9669,31.8089,  80.9,17809,-63.0,-86.0,-81.2,  3,  6, 0.00,229, 7.0
2026-05-24 23:58:06,-101.9669,31.8090,  80.9,17813,-63.0,-86.0,-81.2,  3,  6, 0.00,229, 7.1
2026-05-24 23:58:07,-101.9668,31.8090,  80.8,17818,-63.0,-85.9,-81.2,  3,  6, 0.00,229, 7.2
2026-05-24 23:58:08,-101.9668,31.8091,  80.8,17822,-62.9,-85.9,-81.2,  3,  6, 0.00,229, 7.3
2026-05-24 23:58:09,-101.9667,31.8091,  80.7,17826,-62.9,-85.9,-81.2,  3,  6, 0.00,229, 7.3
2026-05-24 23:58:10,-101.9667,31.8092,  80.7,17831,-62.8,-85.9,-81.1,  3,  6, 0.00,229, 7.4
2026-05-24 23:58:11,-101.9666,31.8092,  80.6,17836,-62.8,-85.9,-81.1,  3,  6, 0.00,229, 7.5
2026-05-24 23:58:12,-101.9665,31.8093,  80.5,17840,-62.8,-85.9,-81.1,  3,  6, 0.00,229, 7.6
2026-05-24 23:58:13,-101.9665,31.8093,  80.5,17845,-62.7,-85.9,-81.1,  3,  6, 0.00,229, 7.7
2026-05-24 23:58:14,-101.9664,31.8093,  80.4,17849,-62.7,-85.9,-81.1,  3,  6, 0.00,229, 7.7
2026-05-24 23:58:15,-101.9663,31.8094,  80.4,17854,-62.7,-85.8,-81.1,  3,  6, 0.00,229, 7.8
2026-05-24 23:58:16,-101.9663,31.8094,  80.3,17858,-62.6,-85.8,-81.1,  3,  6, 0.00,229, 7.9
2026-05-24 23:58:17,-101.9662,31.8094,  80.2,17862,-62.6,-85.8,-81.1,  3,  6, 0.00,229, 8.0
2026-05-24 23:58:18,-101.9661,31.8094,  80.2,17867,-62.6,-85.8,-81.0,  3,  6, 0.00,229, 8.1
2026-05-24 23:58:19,-101.9660,31.8095,  80.1,17871,-62.5,-85.7,-81.0,  3,  6, 0.00,229, 8.1
2026-05-24 23:58:20,-101.9660,31.8095,  80.1,17876,-62.5,-85.6,-80.9,  3,  6, 0.00,229, 8.2
2026-05-24 23:58:21,-101.9659,31.8095,  80.0,17880,-62.4,-85.5,-80.8,  3,  6, 0.00,228, 8.3
2026-05-24 23:58:22,-101.9658,31.8096,  80.0,17885,-62.4,-85.5,-80.7,  3,  6, 0.00,228, 8.4
2026-05-24 23:58:23,-101.9657,31.8096,  79.9,17889,-62.4,-85.4,-80.6,  3,  6, 0.00,229, 8.3
2026-05-24 23:58:24,-101.9657,31.8096,  79.8,17893,-62.3,-85.3,-80.5,  3,  6, 0.00,230, 8.2
2026-05-24 23:58:25,-101.9656,31.8096,  79.8,17898,-62.3,-85.2,-80.4,  3,  6, 0.00,231, 8.2
2026-05-24 23:58:26,-101.9655,31.8097,  79.7,17902,-62.2,-85.1,-80.4,  4,  6, 0.00,233, 8.2
2026-05-24 23:58:27,-101.9654,31.8097,  79.7,17907,-62.2,-85.0,-80.3,  4,  6, 0.00,234, 8.1
2026-05-24 23:58:28,-101.9654,31.8097,  79.6,17911,-62.1,-84.9,-80.2,  4,  7, 0.00,235, 8.1
2026-05-24 23:58:29,-101.9653,31.8097,  79.6,17916,-62.1,-84.9,-80.1,  4,  7, 0.00,236, 8.1
2026-05-24 23:58:30,-101.9652,31.8098,  79.5,17920,-62.1,-84.8,-80.0,  4,  7, 0.00,237, 8.0
2026-05-24 23:58:31,-101.9651,31.8098,  79.4,17925,-62.0,-84.7,-79.9,  4,  7, 0.00,238, 8.0
2026-05-24 23:58:32,-101.9651,31.8098,  79.4,17929,-62.0,-84.6,-79.9,  4,  7, 0.00,239, 7.9
2026-05-24 23:58:33,-101.9650,31.8099,  79.3,17933,-61.9,-84.6,-79.9,  4,  7, 0.00,240, 7.9
2026-05-24 23:58:34,-101.9649,31.8099,  79.3,17937,-61.9,-84.6,-79.9,  4,  7, 0.00,241, 7.8
2026-05-24 23:58:35,-101.9648,31.8099,  79.2,17942,-61.9,-84.6,-79.9,  4,  7, 0.00,243, 7.8
2026-05-24 23:58:36,-101.9648,31.8099,  79.2,17946,-61.8,-84.6,-79.9,  4,  7, 0.00,244, 7.7
2026-05-24 23:58:37,-101.9647,31.8100,  79.1,17950,-61.8,-84.6,-79.9,  4,  7, 0.00,245, 7.7
2026-05-24 23:58:38,-101.9646,31.8100,  79.1,17955,-61.7,-84.6,-79.9,  4,  7, 0.00,246, 7.6
2026-05-24 23:58:39,-101.9645,31.8100,  79.0,17959,-61.7,-84.6,-79.8,  4,  7, 0.00,247, 7.6
2026-05-24 23:58:40,-101.9645,31.8100,  78.9,17963,-61.7,-84.6,-79.8,  4,  6, 0.00,249, 7.5
2026-05-24 23:58:41,-101.9644,31.8101,  78.9,17968,-61.6,-84.6,-79.8,  4,  6, 0.00,250, 7.5
2026-05-24 23:58:42,-101.9643,31.8101,  78.8,17972,-61.6,-84.6,-79.8,  4,  6, 0.00,251, 7.5
2026-05-24 23:58:43,-101.9642,31.8101,  78.8,17976,-61.5,-84.6,-79.8,  4,  6, 0.00,252, 7.5
2026-05-24 23:58:44,-101.9642,31.8101,  78.7,17981,-61.5,-84.6,-79.8,  4,  6, 0.00,252, 7.5
2026-05-24 23:58:45,-101.9641,31.8102,  78.7,17985,-61.5,-84.6,-79.8,  3,  6, 0.00,253, 7.6
2026-05-24 23:58:46,-101.9640,31.8102,  78.6,17989,-61.5,-84.6,-79.8,  3,  6, 0.00,253, 7.6
2026-05-24 23:58:47,-101.9639,31.8102,  78.6,17993,-61.4,-84.5,-79.8,  4,  6, 0.00,254, 7.7
2026-05-24 23:58:48,-101.9639,31.8102,  78.5,17998,-61.4,-84.5,-79.7,  4,  6, 0.00,254, 7.7
2026-05-24 23:58:49,-101.9638,31.8102,  78.5,18002,-61.4,-84.5,-79.7,  4,  6, 0.00,255, 7.8
2026-05-24 23:58:50,-101.9637,31.8102,  78.4,18006,-61.4,-84.4,-79.7,  4,  6, 0.00,255, 7.8
2026-05-24 23:58:51,-101.9637,31.8102,  78.3,18010,-61.4,-84.4,-79.6,  4,  6, 0.00,256, 7.9
2026-05-24 23:58:52,-101.9636,31.8103,  78.3,18014,-61.3,-84.4,-79.6,  4,  6, 0.00,256, 7.9
2026-05-24 23:58:53,-101.9635,31.8103,  78.2,18018,-61.3,-84.3,-79.6,  4,  6, 0.00,257, 8.0
2026-05-24 23:58:54,-101.9634,31.8103,  78.2,18022,-61.3,-84.3,-79.5,  4,  6, 0.00,257, 8.0
2026-05-24 23:58:55,-101.9634,31.8103,  78.1,18027,-61.3,-84.3,-79.5,  4,  6, 0.00,258, 8.1
2026-05-24 23:58:56,-101.9633,31.8103,  78.1,18031,-61.3,-84.2,-79.5,  4,  7, 0.00,258, 8.1
2026-05-24 23:58:57,-101.9632,31.8103,  78.0,18035,-61.2,-84.2,-79.4,  4,  7, 0.00,259, 8.2
2026-05-24 23:58:58,-101.9631,31.8103,  78.0,18039,-61.2,-84.2,-79.4,  4,  7, 0.00,259, 8.2
2026-05-24 23:58:59,-101.9631,31.8104,  77.9,18044,-61.2,-84.2,-79.4,  4,  7, 0.00,260, 8.3
2026-05-24 23:59:00,-101.9630,31.8104,  77.9,18048,-61.2,-84.2,-79.4,  4,  7, 0.00,260, 8.3
2026-05-24 23:59:01,-101.9629,31.8104,  77.8,18052,-61.2,-84.2,-79.4,  4,  6, 0.00,261, 8.4
2026-05-24 23:59:02,-101.9628,31.8104,  77.8,18056,-61.2,-84.2,-79.4,  4,  6, 0.00,261, 8.4
2026-05-24 23:59:03,-101.9628,31.8104,  77.7,18060,-61.1,-84.2,-79.5,  4,  6, 0.00,261, 8.3
2026-05-24 23:59:04,-101.9627,31.8104,  77.7,18065,-61.1,-84.2,-79.5,  4,  6, 0.00,260, 8.2
2026-05-24 23:59:05,-101.9626,31.8104,  77.6,18069,-61.1,-84.2,-79.5,  4,  6, 0.00,260, 8.0
2026-05-24 23:59:06,-101.9625,31.8105,  77.6,18073,-61.1,-84.3,-79.5,  4,  6, 0.00,260, 7.9
2026-05-24 23:59:07,-101.9625,31.8105,  77.5,18077,-61.1,-84.3,-79.5,  4,  6, 0.00,259, 7.8
2026-05-24 23:59:08,-101.9624,31.8105,  77.5,18081,-61.1,-84.3,-79.5,  3,  6, 0.00,259, 7.7
2026-05-24 23:59:09,-101.9623,31.8105,  77.4,18086,-61.1,-84.3,-79.5,  3,  6, 0.00,258, 7.5
2026-05-24 23:59:10,-101.9622,31.8105,  77.3,18090,-61.0,-84.3,-79.5,  3,  6, 0.00,258, 7.4
2026-05-24 23:59:11,-101.9622,31.8105,  77.3,18094,-61.0,-84.3,-79.6,  3,  6, 0.00,257, 7.3
2026-05-24 23:59:12,-101.9621,31.8105,  77.2,18099,-61.0,-84.3,-79.6,  3,  6, 0.00,256, 7.1
2026-05-24 23:59:13,-101.9620,31.8106,  77.2,18103,-61.0,-84.4,-79.6,  3,  6, 0.00,256, 7.0
2026-05-24 23:59:14,-101.9619,31.8106,  77.1,18108,-61.0,-84.4,-79.6,  3,  6, 0.00,255, 6.9
2026-05-24 23:59:15,-101.9619,31.8106,  77.1,18112,-61.0,-84.4,-79.7,  3,  6, 0.00,255, 6.8
2026-05-24 23:59:16,-101.9618,31.8106,  77.0,18117,-61.0,-84.4,-79.7,  3,  6, 0.00,254, 6.6
2026-05-24 23:59:17,-101.9618,31.8107,  77.0,18121,-61.0,-84.5,-79.7,  3,  6, 0.00,253, 6.5
2026-05-24 23:59:18,-101.9617,31.8107,  76.9,18126,-61.0,-84.5,-79.7,  3,  6, 0.00,253, 6.4
2026-05-24 23:59:19,-101.9617,31.8107,  76.8,18131,-61.0,-84.5,-79.8,  3,  6, 0.00,252, 6.3
2026-05-24 23:59:20,-101.9616,31.8108,  76.8,18135,-61.0,-84.6,-79.8,  3,  6, 0.00,251, 6.2
2026-05-24 23:59:21,-101.9616,31.8108,  76.7,18140,-61.0,-84.6,-79.8,  3,  6, 0.00,250, 6.0
2026-05-24 23:59:22,-101.9616,31.8108,  76.7,18145,-61.0,-84.6,-79.9,  3,  6, 0.00,250, 5.9
2026-05-24 23:59:23,-101.9615,31.8109,  76.6,18149,-61.0,-84.7,-79.9,  3,  6, 0.00,248, 5.9
2026-05-24 23:59:24,-101.9615,31.8109,  76.6,18154,-60.9,-84.7,-79.9,  3,  6, 0.00,247, 5.9
2026-05-24 23:59:25,-101.9614,31.8109,  76.5,18160,-60.9,-84.7,-80.0,  3,  6, 0.00,245, 5.9
2026-05-24 23:59:26,-101.9614,31.8110,  76.4,18163,-60.9,-84.7,-80.0,  3,  6, 0.00,244, 5.9
2026-05-24 23:59:27,-101.9613,31.8110,  76.4,18168,-60.9,-84.7,-79.9,  3,  6, 0.00,243, 5.8
2026-05-24 23:59:28,-101.9613,31.8110,  76.3,18172,-61.0,-84.7,-79.9,  3,  6, 0.00,242, 5.8
2026-05-24 23:59:29,-101.9612,31.8111,  76.3,18177,-61.0,-84.7,-79.9,  3,  6, 0.00,240, 5.8
2026-05-24 23:59:30,-101.9612,31.8111,  76.2,18181,-61.0,-84.7,-79.9,  3,  6, 0.00,239, 5.8
2026-05-24 23:59:31,-101.9612,31.8112,  76.2,18186,-61.0,-84.6,-79.9,  3,  6, 0.00,237, 5.8
2026-05-24 23:59:32,-101.9611,31.8112,  76.1,18190,-61.0,-84.6,-79.9,  3,  6, 0.00,236, 5.8
2026-05-24 23:59:33,-101.9611,31.8112,  76.1,18194,-61.0,-84.6,-79.9,  3,  6, 0.00,234, 5.8
2026-05-24 23:59:34,-101.9610,31.8113,  76.0,18199,-61.0,-84.6,-79.9,  3,  6, 0.00,233, 5.7
2026-05-24 23:59:35,-101.9610,31.8113,  75.9,18204,-61.0,-84.6,-79.8,  3,  6, 0.00,231, 5.7
2026-05-24 23:59:36,-101.9609,31.8113,  75.9,18208,-61.0,-84.6,-79.8,  3,  6, 0.00,230, 5.7
2026-05-24 23:59:37,-101.9609,31.8114,  75.8,18213,-61.0,-84.6,-79.8,  3,  6, 0.00,229, 5.7
2026-05-24 23:59:38,-101.9609,31.8114,  75.8,18218,-61.0,-84.6,-79.8,  3,  6, 0.00,227, 5.7
2026-05-24 23:59:39,-101.9608,31.8114,  75.7,18222,-61.0,-84.6,-79.8,  3,  6, 0.00,226, 5.7
2026-05-24 23:59:40,-101.9608,31.8115,  75.7,18227,-61.0,-84.5,-79.8,  3,  6, 0.00,224, 5.6
2026-05-24 23:59:41,-101.9607,31.8115,  75.6,18231,-61.0,-84.5,-79.8,  3,  6, 0.00,223, 5.6
2026-05-24 23:59:42,-101.9607,31.8115,  75.5,18236,-61.0,-84.5,-79.8,  3,  6, 0.00,221, 5.6
2026-05-24 23:59:43,-101.9606,31.8116,  75.5,18240,-61.0,-84.5,-79.8,  3,  6, 0.00,222, 5.7
2026-05-24 23:59:44,-101.9606,31.8116,  75.4,18245,-61.0,-84.5,-79.8,  3,  6, 0.00,222, 5.8
2026-05-24 23:59:45,-101.9605,31.8116,  75.4,18249,-61.1,-84.5,-79.8,  3,  6, 0.00,222, 5.8
2026-05-24 23:59:46,-101.9605,31.8117,  75.3,18254,-61.1,-84.5,-79.8,  3,  6, 0.00,223, 5.9
2026-05-24 23:59:47,-101.9604,31.8117,  75.3,18258,-61.1,-84.5,-79.8,  3,  6, 0.00,223, 6.0
2026-05-24 23:59:48,-101.9604,31.8118,  75.2,18262,-61.1,-84.5,-79.7,  3,  6, 0.00,223, 6.0
2026-05-24 23:59:49,-101.9603,31.8118,  75.2,18267,-61.1,-84.5,-79.7,  3,  6, 0.00,224, 6.1
2026-05-24 23:59:50,-101.9603,31.8119,  75.1,18271,-61.1,-84.5,-79.7,  3,  6, 0.00,224, 6.2
2026-05-24 23:59:51,-101.9602,31.8119,  75.1,18276,-61.1,-84.5,-79.7,  3,  6, 0.00,224, 6.2
2026-05-24 23:59:52,-101.9601,31.8119,  75.0,18280,-61.2,-84.5,-79.7,  3,  6, 0.00,225, 6.3
2026-05-24 23:59:53,-101.9601,31.8120,  75.0,18285,-61.2,-84.5,-79.7,  3,  6, 0.00,225, 6.4
2026-05-24 23:59:54,-101.9600,31.8120,  74.9,18290,-61.2,-84.5,-79.7,  3,  6, 0.00,225, 6.5
2026-05-24 23:59:55,-101.9600,31.8121,  74.8,18294,-61.2,-84.5,-79.7,  3,  6, 0.00,225, 6.5
2026-05-24 23:59:56,-101.9599,31.8121,  74.8,18299,-61.2,-84.5,-79.7,  3,  6, 0.00,226, 6.6
2026-05-24 23:59:57,-101.9598,31.8122,  74.7,18303,-61.2,-84.5,-79.7,  3,  6, 0.00,226, 6.7
2026-05-24 23:59:58,-101.9598,31.8122,  74.7,18308,-61.2,-84.5,-79.7,  3,  6, 0.00,226, 6.7
2026-05-24 23:59:59,-101.9597,31.8122,  74.6,18313,-61.2,-84.5,-79.7,  3,  6, 0.00,226, 6.8
2026-05-25 00:00:00,-101.9597,31.8123,  74.6,18317,-61.2,-84.4,-79.7,  3,  6, 0.00,227, 6.9
2026-05-25 00:00:01,-101.9596,31.8123,  74.5,18322,-61.3,-84.4,-79.7,  3,  6, 0.00,227, 7.0
2026-05-25 00:00:02,-101.9595,31.8124,  74.5,18327,-61.3,-84.4,-79.7,  3,  6, 0.00,227, 7.0
2026-05-25 00:00:03,-101.9595,31.8124,  74.4,18332,-61.3,-84.4,-79.7,  3,  6, 0.00,227, 7.1
2026-05-25 00:00:04,-101.9594,31.8125,  74.3,18336,-61.3,-84.4,-79.7,  3,  6, 0.00,228, 7.1
2026-05-25 00:00:05,-101.9594,31.8125,  74.3,18341,-61.3,-84.4,-79.7,  4,  6, 0.00,228, 7.2
2026-05-25 00:00:06,-101.9593,31.8126,  74.2,18346,-61.3,-84.4,-79.7,  4,  6, 0.00,228, 7.2
2026-05-25 00:00:07,-101.9593,31.8126,  74.2,18351,-61.3,-84.4,-79.7,  4,  6, 0.00,228, 7.3
2026-05-25 00:00:08,-101.9592,31.8126,  74.1,18356,-61.3,-84.4,-79.7,  4,  6, 0.00,229, 7.3
2026-05-25 00:00:09,-101.9591,31.8127,  74.0,18360,-61.3,-84.4,-79.7,  4,  6, 0.00,229, 7.3
2026-05-25 00:00:10,-101.9591,31.8127,  74.0,18365,-61.3,-84.4,-79.7,  4,  6, 0.00,229, 7.4
2026-05-25 00:00:11,-101.9590,31.8128,  73.9,18370,-61.3,-84.4,-79.7,  4,  6, 0.00,229, 7.4
2026-05-25 00:00:12,-101.9590,31.8128,  73.9,18375,-61.3,-84.4,-79.7,  4,  6, 0.00,230, 7.5
2026-05-25 00:00:13,-101.9589,31.8129,  73.8,18380,-61.3,-84.4,-79.7,  4,  6, 0.00,230, 7.5
2026-05-25 00:00:14,-101.9588,31.8129,  73.8,18385,-61.3,-84.4,-79.7,  4,  6, 0.00,230, 7.6
2026-05-25 00:00:15,-101.9588,31.8129,  73.7,18390,-61.3,-84.4,-79.7,  4,  6, 0.00,230, 7.6
2026-05-25 00:00:16,-101.9587,31.8130,  73.6,18395,-61.3,-84.4,-79.7,  4,  6, 0.00,231, 7.7
2026-05-25 00:00:17,-101.9587,31.8130,  73.6,18400,-61.3,-84.4,-79.7,  4,  6, 0.00,231, 7.7
2026-05-25 00:00:18,-101.9586,31.8130,  73.5,18405,-61.3,-84.4,-79.7,  4,  6, 0.00,231, 7.8
2026-05-25 00:00:19,-101.9586,31.8131,  73.5,18410,-61.3,-84.4,-79.7,  4,  6, 0.00,231, 7.8
2026-05-25 00:00:20,-101.9585,31.8131,  73.4,18416,-61.3,-84.4,-79.7,  4,  6, 0.00,232, 7.9
2026-05-25 00:00:21,-101.9585,31.8131,  73.3,18421,-61.3,-84.4,-79.7,  4,  6, 0.00,232, 7.9
2026-05-25 00:00:22,-101.9585,31.8131,  73.3,18426,-61.3,-84.4,-79.7,  4,  6, 0.00,232, 8.0
2026-05-25 00:00:23,-101.9584,31.8132,  73.2,18432,-61.3,-84.4,-79.7,  4,  6, 0.00,232, 7.8
2026-05-25 00:00:24,-101.9584,31.8132,  73.1,18437,-61.3,-84.4,-79.7,  4,  6, 0.00,232, 7.6
2026-05-25 00:00:25,-101.9583,31.8132,  73.1,18443,-61.3,-84.4,-79.7,  4,  6, 0.00,233, 7.5
2026-05-25 00:00:26,-101.9583,31.8132,  73.0,18448,-61.3,-84.4,-79.7,  4,  6, 0.00,233, 7.3
2026-05-25 00:00:27,-101.9583,31.8133,  72.9,18453,-61.3,-84.4,-79.7,  4,  6, 0.00,233, 7.2
2026-05-25 00:00:28,-101.9582,31.8133,  72.9,18459,-61.3,-84.4,-79.7,  4,  6, 0.00,233, 7.0
2026-05-25 00:00:29,-101.9582,31.8133,  72.8,18464,-61.3,-84.4,-79.7,  3,  6, 0.00,234, 6.9
2026-05-25 00:00:30,-101.9581,31.8133,  72.8,18470,-61.3,-84.4,-79.7,  3,  6, 0.00,234, 6.7
2026-05-25 00:00:31,-101.9581,31.8134,  72.7,18475,-61.3,-84.4,-79.7,  3,  6, 0.00,234, 6.6
2026-05-25 00:00:32,-101.9581,31.8134,  72.6,18481,-61.3,-84.4,-79.7,  3,  6, 0.00,234, 6.4
2026-05-25 00:00:33,-101.9580,31.8134,  72.6,18486,-61.3,-84.4,-79.7,  3,  6, 0.00,235, 6.3
2026-05-25 00:00:34,-101.9580,31.8134,  72.5,18492,-61.3,-84.4,-79.7,  3,  6, 0.00,235, 6.1
2026-05-25 00:00:35,-101.9579,31.8135,  72.4,18497,-61.3,-84.4,-79.7,  3,  6, 0.00,235, 6.0
2026-05-25 00:00:36,-101.9579,31.8135,  72.4,18503,-61.3,-84.4,-79.7,  3,  6, 0.00,236, 5.8
2026-05-25 00:00:37,-101.9579,31.8135,  72.3,18508,-61.3,-84.4,-79.7,  3,  6, 0.00,236, 5.7
2026-05-25 00:00:38,-101.9578,31.8135,  72.2,18514,-61.3,-84.4,-79.7,  3,  6, 0.00,237, 5.5
2026-05-25 00:00:39,-101.9578,31.8136,  72.2,18520,-61.2,-84.4,-79.6,  3,  6, 0.00,237, 5.4
2026-05-25 00:00:40,-101.9577,31.8136,  72.1,18526,-61.2,-84.4,-79.6,  3,  6, 0.00,237, 5.2
2026-05-25 00:00:41,-101.9577,31.8136,  72.0,18531,-61.2,-84.4,-79.6,  3,  6, 0.00,238, 5.0
2026-05-25 00:00:42,-101.9576,31.8136,  72.0,18537,-61.2,-84.4,-79.6,  3,  6, 0.00,238, 4.9
2026-05-25 00:00:43,-101.9576,31.8136,  71.9,18542,-61.2,-84.4,-79.6,  3,  6, 0.00,238, 4.7
2026-05-25 00:00:44,-101.9576,31.8137,  71.8,18548,-61.2,-84.4,-79.6,  3,  6, 0.00,237, 4.5
2026-05-25 00:00:45,-101.9575,31.8137,  71.8,18554,-61.2,-84.4,-79.6,  3,  6, 0.00,237, 4.4
2026-05-25 00:00:46,-101.9575,31.8137,  71.7,18559,-61.2,-84.4,-79.6,  3,  6, 0.01,236, 4.2
2026-05-25 00:00:47,-101.9574,31.8137,  71.7,18564,-61.2,-84.4,-79.6,  3,  6, 0.01,236, 4.0
2026-05-25 00:00:48,-101.9574,31.8138,  71.6,18570,-61.2,-84.4,-79.6,  4,  6, 0.01,235, 3.9
2026-05-25 00:00:49,-101.9574,31.8138,  71.5,18575,-61.2,-84.3,-79.6,  4,  6, 0.01,234, 3.7
2026-05-25 00:00:50,-101.9574,31.8138,  71.5,18580,-61.2,-84.3,-79.6,  4,  6, 0.01,234, 3.5
2026-05-25 00:00:51,-101.9574,31.8138,  71.4,18585,-61.2,-84.3,-79.6,  4,  6, 0.01,233, 3.4
2026-05-25 00:00:52,-101.9574,31.8138,  71.4,18590,-61.3,-84.3,-79.5,  4,  6, 0.01,232, 3.2
2026-05-25 00:00:53,-101.9574,31.8138,  71.3,18596,-61.3,-84.3,-79.5,  4,  6, 0.01,231, 3.0
2026-05-25 00:00:54,-101.9575,31.8138,  71.2,18601,-61.3,-84.3,-79.5,  4,  6, 0.01,229, 2.8
2026-05-25 00:00:55,-101.9575,31.8138,  71.2,18606,-61.3,-84.3,-79.5,  4,  6, 0.01,228, 2.7
2026-05-25 00:00:56,-101.9575,31.8138,  71.1,18611,-61.3,-84.2,-79.5,  4,  7, 0.01,226, 2.5
2026-05-25 00:00:57,-101.9575,31.8139,  71.1,18616,-61.3,-84.2,-79.5,  4,  7, 0.01,225, 2.3
2026-05-25 00:00:58,-101.9575,31.8139,  71.0,18621,-61.3,-84.2,-79.4,  4,  7, 0.01,222, 2.2
2026-05-25 00:00:59,-101.9575,31.8139,  70.9,18626,-61.3,-84.2,-79.4,  4,  7, 0.01,220, 2.0
2026-05-25 00:01:00,-101.9575,31.8139,  70.9,18631,-61.3,-84.2,-79.4,  4,  7, 0.01,217, 1.8
2026-05-25 00:01:01,-101.9575,31.8139,  70.8,18636,-61.3,-84.2,-79.4,  4,  7, 0.01,213, 1.6
2026-05-25 00:01:02,-101.9575,31.8139,  70.8,18641,-61.4,-84.2,-79.4,  4,  7, 0.01,209, 1.5
2026-05-25 00:01:03,-101.9575,31.8139,  70.7,18646,-61.4,-84.2,-79.4,  4,  7, 0.01,205, 1.5
2026-05-25 00:01:04,-101.9575,31.8139,  70.7,18651,-61.4,-84.2,-79.4,  4,  7, 0.01,200, 1.5
2026-05-25 00:01:05,-101.9576,31.8139,  70.6,18656,-61.4,-84.2,-79.5,  4,  7, 0.01,195, 1.6
2026-05-25 00:01:06,-101.9576,31.8139,  70.5,18661,-61.5,-84.2,-79.5,  4,  7, 0.01,190, 1.6
2026-05-25 00:01:07,-101.9576,31.8140,  70.5,18667,-61.5,-84.2,-79.5,  4,  7, 0.01,184, 1.6
2026-05-25 00:01:08,-101.9576,31.8140,  70.4,18672,-61.5,-84.2,-79.5,  4,  7, 0.01,178, 1.6
2026-05-25 00:01:09,-101.9576,31.8140,  70.4,18677,-61.5,-84.2,-79.5,  4,  7, 0.01,172, 1.7
2026-05-25 00:01:10,-101.9576,31.8140,  70.3,18682,-61.5,-84.2,-79.5,  4,  7, 0.01,166, 1.7
2026-05-25 00:01:11,-101.9576,31.8140,  70.2,18687,-61.6,-84.2,-79.5,  4,  7, 0.01,160, 1.7
2026-05-25 00:01:12,-101.9576,31.8140,  70.2,18693,-61.6,-84.2,-79.5,  4,  7, 0.01,154, 1.8
2026-05-25 00:01:13,-101.9576,31.8140,  70.1,18698,-61.6,-84.3,-79.5,  4,  7, 0.01,149, 1.8
2026-05-25 00:01:14,-101.9576,31.8140,  70.1,18703,-61.7,-84.3,-79.5,  4,  7, 0.01,144, 1.8
2026-05-25 00:01:15,-101.9576,31.8140,  70.0,18709,-61.7,-84.3,-79.5,  4,  7, 0.01,139, 1.9
2026-05-25 00:01:16,-101.9577,31.8140,  69.9,18714,-61.7,-84.3,-79.6,  4,  7, 0.01,136, 1.9
2026-05-25 00:01:17,-101.9577,31.8141,  69.9,18719,-61.8,-84.3,-79.6,  4,  7, 0.01,132, 1.9
2026-05-25 00:01:18,-101.9577,31.8141,  69.8,18724,-61.8,-84.4,-79.6,  4,  7, 0.01,129, 1.9
2026-05-25 00:01:19,-101.9577,31.8141,  69.8,18730,-61.8,-84.4,-79.6,  4,  7, 0.01,126, 2.0
2026-05-25 00:01:20,-101.9577,31.8141,  69.7,18735,-61.8,-84.4,-79.6,  4,  7, 0.01,123, 2.0
2026-05-25 00:01:21,-101.9577,31.8141,  69.6,18740,-61.9,-84.4,-79.7,  4,  7, 0.01,121, 2.0
2026-05-25 00:01:22,-101.9578,31.8141,  69.6,18746,-61.9,-84.4,-79.7,  4,  7, 0.01,118, 2.0
2026-05-25 00:01:23,-101.9578,31.8141,  69.5,18751,-61.9,-84.5,-79.7,  4,  7, 0.01,118, 2.1
2026-05-25 00:01:24,-101.9579,31.8141,  69.5,18757,-62.0,-84.5,-79.7,  4,  7, 0.01,117, 2.2
2026-05-25 00:01:25,-101.9579,31.8141,  69.4,18762,-62.0,-84.5,-79.7,  4,  7, 0.01,116, 2.2
2026-05-25 00:01:26,-101.9579,31.8141,  69.3,18767,-62.0,-84.5,-79.8,  4,  7, 0.01,116, 2.3
2026-05-25 00:01:27,-101.9580,31.8142,  69.3,18772,-62.1,-84.5,-79.8,  4,  7, 0.01,115, 2.4
2026-05-25 00:01:28,-101.9580,31.8142,  69.2,18778,-62.1,-84.5,-79.8,  4,  7, 0.01,115, 2.4
2026-05-25 00:01:29,-101.9580,31.8142,  69.2,18783,-62.1,-84.6,-79.8,  4,  7, 0.01,114, 2.5
2026-05-25 00:01:30,-101.9581,31.8142,  69.1,18788,-62.2,-84.6,-79.8,  4,  7, 0.01,114, 2.5
2026-05-25 00:01:31,-101.9581,31.8142,  69.1,18793,-62.2,-84.6,-79.8,  4,  7, 0.01,113, 2.6
2026-05-25 00:01:32,-101.9581,31.8142,  69.0,18798,-62.3,-84.6,-79.8,  4,  7, 0.01,113, 2.7
2026-05-25 00:01:33,-101.9582,31.8142,  68.9,18803,-62.3,-84.6,-79.8,  4,  7, 0.01,112, 2.7
2026-05-25 00:01:34,-101.9582,31.8142,  68.9,18808,-62.3,-84.6,-79.8,  4,  7, 0.01,112, 2.8
2026-05-25 00:01:35,-101.9582,31.8142,  68.8,18814,-62.4,-84.6,-79.9,  4,  7, 0.01,111, 2.9
2026-05-25 00:01:36,-101.9583,31.8143,  68.8,18819,-62.4,-84.6,-79.9,  4,  7, 0.01,111, 2.9
2026-05-25 00:01:37,-101.9583,31.8143,  68.7,18824,-62.4,-84.6,-79.9,  4,  7, 0.01,111, 3.0
2026-05-25 00:01:38,-101.9583,31.8143,  68.7,18829,-62.5,-84.6,-79.9,  4,  7, 0.01,110, 3.1
2026-05-25 00:01:39,-101.9584,31.8143,  68.6,18834,-62.5,-84.6,-79.9,  4,  7, 0.01,110, 3.1
2026-05-25 00:01:40,-101.9584,31.8143,  68.5,18839,-62.5,-84.7,-79.9,  4,  7, 0.01,110, 3.2
2026-05-25 00:01:41,-101.9584,31.8143,  68.5,18844,-62.6,-84.7,-79.9,  4,  7, 0.00,109, 3.3
2026-05-25 00:01:42,-101.9585,31.8143,  68.4,18849,-62.6,-84.7,-79.9,  4,  7, 0.00,109, 3.3
2026-05-25 00:01:43,-101.9585,31.8143,  68.4,18854,-62.6,-84.7,-80.0,  4,  7, 0.00,109, 3.4
2026-05-25 00:01:44,-101.9585,31.8143,  68.3,18859,-62.7,-84.7,-80.0,  4,  7, 0.00,109, 3.4
2026-05-25 00:01:45,-101.9586,31.8143,  68.3,18864,-62.7,-84.8,-80.0,  4,  7, 0.00,110, 3.4
2026-05-25 00:01:46,-101.9586,31.8144,  68.2,18868,-62.8,-84.8,-80.0,  4,  7, 0.00,110, 3.5
2026-05-25 00:01:47,-101.9586,31.8144,  68.2,18873,-62.8,-84.8,-80.0,  4,  7, 0.00,110, 3.5
2026-05-25 00:01:48,-101.9587,31.8144,  68.1,18878,-62.8,-84.8,-80.1,  4,  7, 0.00,110, 3.5
2026-05-25 00:01:49,-101.9587,31.8144,  68.0,18883,-62.9,-84.9,-80.1,  4,  7, 0.00,110, 3.6
2026-05-25 00:01:50,-101.9588,31.8144,  68.0,18889,-62.9,-84.9,-80.1,  4,  7, 0.00,110, 3.6
2026-05-25 00:01:51,-101.9588,31.8144,  67.9,18894,-62.9,-84.9,-80.1,  4,  7, 0.00,111, 3.7
2026-05-25 00:01:52,-101.9588,31.8144,  67.9,18899,-63.0,-84.9,-80.2,  4,  7, 0.00,111, 3.7
2026-05-25 00:01:53,-101.9589,31.8145,  67.8,18904,-63.0,-84.9,-80.2,  4,  7, 0.00,111, 3.7
2026-05-25 00:01:54,-101.9589,31.8145,  67.8,18908,-63.0,-85.0,-80.2,  4,  7, 0.00,111, 3.8
2026-05-25 00:01:55,-101.9589,31.8145,  67.7,18913,-63.1,-85.0,-80.2,  4,  7, 0.00,111, 3.8
2026-05-25 00:01:56,-101.9590,31.8145,  67.7,18918,-63.1,-85.0,-80.2,  4,  7, 0.00,111, 3.8
2026-05-25 00:01:57,-101.9590,31.8146,  67.6,18923,-63.1,-85.0,-80.3,  4,  7, 0.00,112, 3.9
2026-05-25 00:01:58,-101.9591,31.8146,  67.6,18928,-63.2,-85.1,-80.3,  4,  7, 0.00,112, 3.9
2026-05-25 00:01:59,-101.9591,31.8146,  67.5,18933,-63.2,-85.1,-80.3,  4,  7, 0.00,112, 3.9
2026-05-25 00:02:00,-101.9591,31.8146,  67.5,18938,-63.2,-85.1,-80.3,  4,  7, 0.00,112, 4.0
2026-05-25 00:02:01,-101.9592,31.8146,  67.4,18943,-63.2,-85.1,-80.4,  4,  7, 0.00,112, 4.0
2026-05-25 00:02:02,-101.9592,31.8147,  67.3,18948,-63.3,-85.1,-80.4,  4,  7, 0.00,112, 4.1
2026-05-25 00:02:03,-101.9592,31.8147,  67.3,18953,-63.3,-85.2,-80.4,  4,  7, 0.00,113, 4.1
2026-05-25 00:02:04,-101.9593,31.8147,  67.2,18958,-63.3,-85.2,-80.4,  4,  7, 0.00,114, 4.1
2026-05-25 00:02:05,-101.9593,31.8147,  67.2,18963,-63.4,-85.2,-80.5,  4,  7, 0.00,115, 4.1
2026-05-25 00:02:06,-101.9593,31.8147,  67.1,18968,-63.4,-85.2,-80.5,  4,  7, 0.00,116, 4.1
2026-05-25 00:02:07,-101.9594,31.8148,  67.1,18971,-63.4,-85.2,-80.5,  4,  7, 0.00,116, 4.1
2026-05-25 00:02:08,-101.9594,31.8148,  67.0,18977,-63.4,-85.3,-80.5,  4,  7, 0.00,118, 4.1
2026-05-25 00:02:09,-101.9595,31.8148,  67.0,18982,-63.4,-85.3,-80.5,  4,  7, 0.00,118, 4.1
2026-05-25 00:02:10,-101.9595,31.8148,  66.9,18987,-63.4,-85.3,-80.5,  4,  7, 0.00,119, 4.2
2026-05-25 00:02:11,-101.9595,31.8148,  66.9,18992,-63.4,-85.3,-80.5,  4,  7, 0.00,120, 4.2
2026-05-25 00:02:12,-101.9596,31.8149,  66.8,18997,-63.5,-85.3,-80.5,  4,  7, 0.00,121, 4.2
2026-05-25 00:02:13,-101.9596,31.8149,  66.7,19002,-63.5,-85.3,-80.5,  4,  7, 0.00,122, 4.3
2026-05-25 00:02:14,-101.9597,31.8149,  66.7,19007,-63.5,-85.3,-80.6,  4,  7, 0.00,123, 4.2
2026-05-25 00:02:15,-101.9597,31.8149,  66.6,19013,-63.5,-85.3,-80.6,  4,  7, 0.00,123, 4.3
2026-05-25 00:02:16,-101.9597,31.8150,  66.6,19018,-63.5,-85.3,-80.6,  4,  7, 0.00,124, 4.3
2026-05-25 00:02:17,-101.9598,31.8150,  66.5,19022,-63.5,-85.3,-80.6,  4,  7, 0.00,125, 4.3
2026-05-25 00:02:18,-101.9598,31.8150,  66.5,19027,-63.5,-85.4,-80.6,  4,  7, 0.00,126, 4.3
2026-05-25 00:02:19,-101.9598,31.8150,  66.4,19032,-63.5,-85.4,-80.6,  4,  7, 0.00,127, 4.4
2026-05-25 00:02:20,-101.9599,31.8151,  66.4,19037,-63.5,-85.4,-80.6,  4,  7, 0.00,127, 4.4
2026-05-25 00:02:21,-101.9599,31.8151,  66.3,19042,-63.5,-85.4,-80.6,  4,  7, 0.00,128, 4.4
2026-05-25 00:02:22,-101.9600,31.8151,  66.3,19047,-63.4,-85.4,-80.6,  4,  7, 0.00,129, 4.4
2026-05-25 00:02:23,-101.9600,31.8152,  66.2,19052,-63.4,-85.4,-80.6,  4,  7, 0.00,130, 4.5
2026-05-25 00:02:24,-101.9601,31.8152,  66.2,19057,-63.4,-85.4,-80.6,  4,  7, 0.00,130, 4.6
2026-05-25 00:02:25,-101.9601,31.8153,  66.1,19062,-63.3,-85.4,-80.6,  4,  7, 0.00,131, 4.7
2026-05-25 00:02:26,-101.9602,31.8153,  66.0,19067,-63.3,-85.4,-80.6,  4,  7, 0.00,131, 4.8
2026-05-25 00:02:27,-101.9602,31.8154,  66.0,19072,-63.3,-85.4,-80.6,  4,  7, 0.00,132, 4.9
2026-05-25 00:02:28,-101.9602,31.8154,  65.9,19077,-63.3,-85.4,-80.6,  4,  7, 0.00,132, 5.0
2026-05-25 00:02:29,-101.9603,31.8155,  65.9,19082,-63.2,-85.4,-80.6,  4,  7, 0.00,133, 5.1
2026-05-25 00:02:30,-101.9603,31.8155,  65.8,19087,-63.2,-85.4,-80.6,  4,  7, 0.00,133, 5.2
2026-05-25 00:02:31,-101.9604,31.8156,  65.8,19092,-63.2,-85.4,-80.6,  4,  7, 0.00,134, 5.3
2026-05-25 00:02:32,-101.9604,31.8156,  65.7,19098,-63.1,-85.4,-80.6,  4,  7, 0.00,134, 5.4
2026-05-25 00:02:33,-101.9605,31.8157,  65.7,19102,-63.1,-85.4,-80.6,  4,  7, 0.00,135, 5.5
2026-05-25 00:02:34,-101.9605,31.8157,  65.6,19107,-63.1,-85.4,-80.6,  4,  7, 0.00,135, 5.6
2026-05-25 00:02:35,-101.9606,31.8158,  65.6,19112,-63.0,-85.3,-80.6,  4,  7, 0.00,135, 5.7
2026-05-25 00:02:36,-101.9606,31.8158,  65.5,19117,-63.0,-85.3,-80.6,  4,  7, 0.00,136, 5.8
2026-05-25 00:02:37,-101.9606,31.8159,  65.5,19122,-63.0,-85.3,-80.5,  4,  7, 0.00,136, 5.9
2026-05-25 00:02:38,-101.9607,31.8159,  65.4,19126,-62.9,-85.3,-80.5,  4,  7, 0.00,137, 6.0
2026-05-25 00:02:39,-101.9607,31.8160,  65.4,19131,-62.9,-85.3,-80.5,  4,  7, 0.00,137, 6.1
2026-05-25 00:02:40,-101.9608,31.8160,  65.3,19136,-62.8,-85.2,-80.5,  4,  7, 0.00,137, 6.2
2026-05-25 00:02:41,-101.9608,31.8161,  65.3,19141,-62.8,-85.2,-80.5,  4,  7, 0.00,138, 6.3
2026-05-25 00:02:42,-101.9609,31.8161,  65.2,19146,-62.8,-85.2,-80.4,  4,  7, 0.00,138, 6.4
2026-05-25 00:02:43,-101.9609,31.8162,  65.1,19151,-62.7,-85.2,-80.4,  4,  7, 0.00,139, 6.5
2026-05-25 00:02:44,-101.9610,31.8162,  65.1,19156,-62.7,-85.2,-80.4,  4,  7, 0.00,139, 6.6
2026-05-25 00:02:45,-101.9610,31.8163,  65.0,19161,-62.7,-85.1,-80.4,  4,  7, 0.00,140, 6.7
2026-05-25 00:02:46,-101.9611,31.8163,  65.0,19166,-62.6,-85.1,-80.4,  4,  7, 0.00,141, 6.8
2026-05-25 00:02:47,-101.9611,31.8164,  64.9,19171,-62.6,-85.1,-80.3,  4,  7, 0.00,141, 6.9
2026-05-25 00:02:48,-101.9611,31.8164,  64.9,19176,-62.5,-85.1,-80.3,  4,  7, 0.00,142, 7.0
2026-05-25 00:02:49,-101.9612,31.8165,  64.8,19181,-62.5,-85.0,-80.3,  4,  7, 0.00,143, 7.1
2026-05-25 00:02:50,-101.9612,31.8165,  64.8,19186,-62.5,-85.0,-80.3,  4,  7, 0.01,143, 7.3
2026-05-25 00:02:51,-101.9613,31.8166,  64.7,19190,-62.4,-85.0,-80.2,  4,  7, 0.01,144, 7.4
2026-05-25 00:02:52,-101.9613,31.8166,  64.7,19195,-62.4,-84.9,-80.2,  4,  7, 0.01,145, 7.5
2026-05-25 00:02:53,-101.9613,31.8167,  64.6,19199,-62.3,-84.9,-80.2,  4,  7, 0.01,145, 7.6
2026-05-25 00:02:54,-101.9614,31.8168,  64.6,19204,-62.3,-84.9,-80.1,  4,  7, 0.01,146, 7.7
2026-05-25 00:02:55,-101.9614,31.8168,  64.5,19209,-62.3,-84.9,-80.1,  4,  7, 0.01,146, 7.8
2026-05-25 00:02:56,-101.9615,31.8169,  64.5,19214,-62.2,-84.8,-80.1,  4,  7, 0.01,147, 8.0
2026-05-25 00:02:57,-101.9615,31.8170,  64.4,19218,-62.2,-84.8,-80.0,  4,  7, 0.01,147, 8.1
2026-05-25 00:02:58,-101.9615,31.8170,  64.4,19223,-62.1,-84.8,-80.0,  4,  7, 0.01,148, 8.2
2026-05-25 00:02:59,-101.9616,31.8171,  64.3,19228,-62.1,-84.7,-80.0,  4,  7, 0.01,148, 8.3
2026-05-25 00:03:00,-101.9616,31.8172,  64.3,19233,-62.0,-84.7,-79.9,  4,  7, 0.01,148, 8.4
2026-05-25 00:03:01,-101.9616,31.8172,  64.2,19238,-62.0,-84.7,-79.9,  4,  7, 0.01,149, 8.6
2026-05-25 00:03:02,-101.9617,31.8173,  64.2,19243,-62.0,-84.7,-79.9,  4,  7, 0.01,149, 8.7
2026-05-25 00:03:03,-101.9617,31.8174,  64.1,19248,-62.0,-84.7,-79.9,  4,  7, 0.01,150, 8.6
2026-05-25 00:03:04,-101.9617,31.8174,  64.1,19253,-61.9,-84.6,-79.9,  4,  7, 0.01,150, 8.6
2026-05-25 00:03:05,-101.9618,31.8175,  64.0,19258,-61.9,-84.6,-79.9,  4,  7, 0.01,151, 8.5
2026-05-25 00:03:06,-101.9618,31.8176,  64.0,19262,-61.9,-84.6,-79.8,  4,  7, 0.01,151, 8.5
2026-05-25 00:03:07,-101.9619,31.8176,  63.9,19267,-61.8,-84.6,-79.8,  4,  7, 0.01,151, 8.4
2026-05-25 00:03:08,-101.9619,31.8177,  63.9,19272,-61.8,-84.6,-79.8,  4,  7, 0.01,152, 8.4
2026-05-25 00:03:09,-101.9619,31.8178,  63.8,19277,-61.8,-84.6,-79.8,  4,  7, 0.01,152, 8.3
2026-05-25 00:03:10,-101.9620,31.8178,  63.8,19282,-61.8,-84.5,-79.8,  4,  7, 0.01,153, 8.3
2026-05-25 00:03:11,-101.9620,31.8179,  63.7,19287,-61.7,-84.5,-79.8,  4,  7, 0.01,153, 8.2
2026-05-25 00:03:12,-101.9620,31.8180,  63.7,19292,-61.7,-84.5,-79.7,  4,  7, 0.01,153, 8.2
2026-05-25 00:03:13,-101.9621,31.8180,  63.6,19297,-61.7,-84.5,-79.7,  4,  7, 0.01,154, 8.1
2026-05-25 00:03:14,-101.9621,31.8181,  63.6,19300,-61.7,-84.5,-79.7,  4,  7, 0.01,154, 8.1
2026-05-25 00:03:15,-101.9621,31.8182,  63.5,19307,-61.7,-84.5,-79.7,  4,  7, 0.01,155, 8.0
2026-05-25 00:03:16,-101.9622,31.8182,  63.5,19311,-61.7,-84.5,-79.7,  4,  7, 0.01,155, 8.0
2026-05-25 00:03:17,-101.9622,31.8183,  63.4,19316,-61.7,-84.5,-79.7,  4,  7, 0.01,156, 7.9
2026-05-25 00:03:18,-101.9623,31.8184,  63.4,19321,-61.7,-84.4,-79.7,  4,  7, 0.01,156, 7.9
2026-05-25 00:03:19,-101.9623,31.8184,  63.3,19326,-61.7,-84.4,-79.7,  4,  7, 0.01,157, 7.8
2026-05-25 00:03:20,-101.9623,31.8185,  63.3,19330,-61.7,-84.4,-79.7,  4,  7, 0.01,157, 7.8
2026-05-25 00:03:21,-101.9623,31.8185,  63.2,19335,-61.7,-84.4,-79.7,  4,  7, 0.01,158, 7.8
2026-05-25 00:03:22,-101.9623,31.8186,  63.2,19340,-61.7,-84.4,-79.7,  4,  7, 0.01,158, 7.7
2026-05-25 00:03:23,-101.9623,31.8186,  63.1,19345,-61.7,-84.4,-79.6,  4,  7, 0.01,158, 7.6
2026-05-25 00:03:24,-101.9623,31.8187,  63.1,19349,-61.7,-84.4,-79.6,  4,  7, 0.01,159, 7.5
2026-05-25 00:03:25,-101.9623,31.8187,  63.0,19354,-61.7,-84.4,-79.6,  4,  7, 0.01,159, 7.4
2026-05-25 00:03:26,-101.9624,31.8188,  63.0,19359,-61.7,-84.4,-79.6,  4,  7, 0.01,160, 7.4
2026-05-25 00:03:27,-101.9624,31.8188,  62.9,19363,-61.7,-84.4,-79.6,  4,  7, 0.01,160, 7.3
2026-05-25 00:03:28,-101.9624,31.8189,  62.9,19368,-61.7,-84.4,-79.6,  4,  7, 0.01,161, 7.2
2026-05-25 00:03:29,-101.9624,31.8189,  62.8,19373,-61.7,-84.4,-79.6,  4,  7, 0.01,161, 7.1
2026-05-25 00:03:30,-101.9624,31.8190,  62.8,19378,-61.7,-84.3,-79.6,  4,  7, 0.01,162, 7.0
2026-05-25 00:03:31,-101.9624,31.8190,  62.8,19383,-61.7,-84.3,-79.6,  4,  7, 0.01,162, 6.9
2026-05-25 00:03:32,-101.9624,31.8191,  62.7,19388,-61.7,-84.3,-79.6,  4,  7, 0.01,163, 6.8
2026-05-25 00:03:33,-101.9624,31.8192,  62.6,19393,-61.7,-84.3,-79.6,  4,  7, 0.01,163, 6.8
2026-05-25 00:03:34,-101.9624,31.8192,  62.6,19398,-61.7,-84.3,-79.6,  4,  7, 0.01,164, 6.7
2026-05-25 00:03:35,-101.9624,31.8193,  62.5,19403,-61.7,-84.3,-79.6,  4,  7, 0.01,164, 6.6
2026-05-25 00:03:36,-101.9624,31.8193,  62.5,19408,-61.7,-84.3,-79.5,  4,  7, 0.01,165, 6.5
2026-05-25 00:03:37,-101.9624,31.8194,  62.4,19413,-61.7,-84.3,-79.5,  4,  7, 0.01,165, 6.4
2026-05-25 00:03:38,-101.9624,31.8194,  62.4,19418,-61.7,-84.3,-79.5,  4,  7, 0.01,166, 6.4
2026-05-25 00:03:39,-101.9624,31.8195,  62.3,19423,-61.7,-84.3,-79.5,  4,  7, 0.01,166, 6.3
2026-05-25 00:03:40,-101.9624,31.8195,  62.3,19428,-61.7,-84.3,-79.5,  4,  7, 0.01,167, 6.2
2026-05-25 00:03:41,-101.9625,31.8196,  62.2,19433,-61.7,-84.3,-79.5,  4,  7, 0.01,168, 6.1
2026-05-25 00:03:42,-101.9625,31.8196,  62.2,19438,-61.7,-84.3,-79.5,  4,  7, 0.01,168, 6.0
2026-05-25 00:03:43,-101.9625,31.8197,  62.1,19443,-61.7,-84.2,-79.5,  4,  7, 0.01,170, 5.9
2026-05-25 00:03:44,-101.9625,31.8197,  62.1,19448,-61.7,-84.2,-79.5,  4,  7, 0.01,171, 5.9
2026-05-25 00:03:45,-101.9625,31.8198,  62.0,19453,-61.6,-84.2,-79.5,  4,  7, 0.01,172, 5.9
2026-05-25 00:03:46,-101.9625,31.8198,  62.0,19458,-61.6,-84.2,-79.5,  4,  7, 0.01,174, 5.8
2026-05-25 00:03:47,-101.9625,31.8199,  61.9,19463,-61.6,-84.2,-79.4,  4,  7, 0.01,175, 5.8
2026-05-25 00:03:48,-101.9625,31.8199,  61.9,19468,-61.6,-84.2,-79.4,  4,  7, 0.01,177, 5.7
2026-05-25 00:03:49,-101.9625,31.8200,  61.8,19473,-61.6,-84.2,-79.4,  4,  7, 0.01,178, 5.7
2026-05-25 00:03:50,-101.9625,31.8200,  61.8,19478,-61.6,-84.2,-79.4,  4,  7, 0.01,180, 5.6
2026-05-25 00:03:51,-101.9625,31.8201,  61.7,19483,-61.6,-84.2,-79.4,  4,  7, 0.01,182, 5.5
2026-05-25 00:03:52,-101.9625,31.8201,  61.7,19488,-61.5,-84.1,-79.4,  4,  7, 0.01,183, 5.5
2026-05-25 00:03:53,-101.9625,31.8201,  61.6,19493,-61.5,-84.1,-79.4,  4,  7, 0.01,185, 5.4
2026-05-25 00:03:54,-101.9624,31.8202,  61.6,19498,-61.5,-84.1,-79.4,  4,  7, 0.01,187, 5.4
2026-05-25 00:03:55,-101.9624,31.8202,  61.5,19503,-61.5,-84.1,-79.3,  4,  7, 0.01,189, 5.3
2026-05-25 00:03:56,-101.9624,31.8203,  61.5,19509,-61.5,-84.1,-79.3,  4,  7, 0.01,191, 5.3
2026-05-25 00:03:57,-101.9624,31.8203,  61.4,19513,-61.4,-84.1,-79.3,  4,  7, 0.01,192, 5.2
2026-05-25 00:03:58,-101.9624,31.8203,  61.4,19518,-61.4,-84.0,-79.3,  4,  7, 0.01,194, 5.2
2026-05-25 00:03:59,-101.9624,31.8204,  61.3,19523,-61.4,-84.0,-79.3,  4,  7, 0.01,196, 5.1
2026-05-25 00:04:00,-101.9623,31.8204,  61.3,19528,-61.4,-84.0,-79.2,  4,  7, 0.01,198, 5.0
2026-05-25 00:04:01,-101.9623,31.8205,  61.2,19533,-61.3,-84.0,-79.2,  4,  7, 0.01,200, 4.9
2026-05-25 00:04:02,-101.9623,31.8205,  61.2,19538,-61.3,-84.0,-79.2,  4,  7, 0.01,202, 4.9
2026-05-25 00:04:03,-101.9623,31.8205,  61.1,19543,-61.3,-83.9,-79.2,  4,  7, 0.01,202, 4.9
2026-05-25 00:04:04,-101.9623,31.8206,  61.1,19548,-61.3,-83.9,-79.2,  4,  7, 0.01,201, 4.9
2026-05-25 00:04:05,-101.9623,31.8206,  61.0,19553,-61.2,-83.9,-79.1,  4,  7, 0.01,201, 4.9
2026-05-25 00:04:06,-101.9622,31.8207,  61.0,19558,-61.2,-83.9,-79.1,  4,  7, 0.01,200, 4.9
2026-05-25 00:04:07,-101.9622,31.8207,  61.0,19563,-61.2,-83.9,-79.1,  4,  7, 0.01,200, 4.9
2026-05-25 00:04:08,-101.9622,31.8207,  60.9,19568,-61.2,-83.8,-79.1,  4,  7, 0.01,199, 4.9
2026-05-25 00:04:09,-101.9622,31.8208,  60.9,19573,-61.1,-83.8,-79.1,  4,  7, 0.01,199, 4.9
2026-05-25 00:04:10,-101.9622,31.8208,  60.8,19578,-61.1,-83.8,-79.1,  4,  7, 0.01,199, 4.9
2026-05-25 00:04:11,-101.9622,31.8209,  60.8,19583,-61.1,-83.8,-79.1,  4,  7, 0.01,198, 4.8
2026-05-25 00:04:12,-101.9621,31.8209,  60.7,19588,-61.0,-83.8,-79.1,  4,  7, 0.01,198, 4.8
2026-05-25 00:04:13,-101.9621,31.8210,  60.7,19593,-61.0,-83.8,-79.0,  4,  7, 0.01,197, 4.8
2026-05-25 00:04:14,-101.9621,31.8210,  60.6,19598,-61.0,-83.8,-79.0,  4,  7, 0.01,197, 4.8
2026-05-25 00:04:15,-101.9621,31.8210,  60.6,19603,-60.9,-83.8,-79.0,  4,  7, 0.01,196, 4.8
2026-05-25 00:04:16,-101.9621,31.8211,  60.5,19608,-60.9,-83.8,-79.0,  4,  7, 0.01,196, 4.8
2026-05-25 00:04:17,-101.9621,31.8211,  60.5,19613,-60.9,-83.8,-79.0,  4,  7, 0.01,195, 4.8
2026-05-25 00:04:18,-101.9620,31.8212,  60.4,19618,-60.8,-83.8,-79.0,  4,  7, 0.01,195, 4.8
2026-05-25 00:04:19,-101.9620,31.8212,  60.4,19623,-60.8,-83.8,-79.0,  4,  7, 0.01,195, 4.8
2026-05-25 00:04:20,-101.9620,31.8212,  60.3,19628,-60.8,-83.8,-79.0,  4,  7, 0.01,194, 4.8
2026-05-25 00:04:21,-101.9620,31.8213,  60.3,19633,-60.8,-83.8,-79.0,  4,  7, 0.01,194, 4.8
2026-05-25 00:04:22,-101.9621,31.8214,  60.2,19638,-60.7,-83.7,-79.0,  4,  7, 0.01,193, 4.8
2026-05-25 00:04:23,-101.9621,31.8214,  60.2,19643,-60.7,-83.7,-79.0,  4,  7, 0.01,192, 4.8
2026-05-25 00:04:24,-101.9621,31.8215,  60.1,19649,-60.7,-83.7,-78.9,  4,  7, 0.01,190, 4.9
2026-05-25 00:04:25,-101.9621,31.8215,  60.1,19653,-60.7,-83.7,-78.9,  4,  7, 0.01,189, 4.9
2026-05-25 00:04:26,-101.9621,31.8216,  60.0,19658,-60.6,-83.7,-78.9,  4,  7, 0.01,187, 5.0
2026-05-25 00:04:27,-101.9621,31.8216,  60.0,19663,-60.6,-83.6,-78.9,  4,  7, 0.01,186, 5.0
2026-05-25 00:04:28,-101.9621,31.8217,  59.9,19668,-60.6,-83.6,-78.9,  4,  7, 0.01,184, 5.1
2026-05-25 00:04:29,-101.9622,31.8218,  59.9,19673,-60.6,-83.6,-78.8,  4,  7, 0.01,183, 5.1
2026-05-25 00:04:30,-101.9622,31.8218,  59.8,19678,-60.6,-83.6,-78.8,  4,  7, 0.01,181, 5.2
2026-05-25 00:04:31,-101.9622,31.8219,  59.8,19683,-60.5,-83.6,-78.8,  4,  7, 0.01,180, 5.2
2026-05-25 00:04:32,-101.9622,31.8219,  59.7,19688,-60.5,-83.5,-78.8,  4,  7, 0.01,179, 5.3
2026-05-25 00:04:33,-101.9622,31.8220,  59.7,19693,-60.5,-83.5,-78.8,  4,  7, 0.01,177, 5.3
2026-05-25 00:04:34,-101.9622,31.8220,  59.6,19699,-60.5,-83.5,-78.7,  4,  7, 0.01,176, 5.4
2026-05-25 00:04:35,-101.9623,31.8221,  59.6,19704,-60.5,-83.5,-78.7,  4,  7, 0.01,175, 5.4
2026-05-25 00:04:36,-101.9623,31.8222,  59.5,19709,-60.4,-83.5,-78.7,  4,  7, 0.01,173, 5.5
2026-05-25 00:04:37,-101.9623,31.8222,  59.5,19714,-60.4,-83.5,-78.7,  4,  7, 0.01,172, 5.5
2026-05-25 00:04:38,-101.9623,31.8223,  59.4,19719,-60.4,-83.5,-78.7,  4,  7, 0.01,171, 5.6
2026-05-25 00:04:39,-101.9623,31.8223,  59.4,19724,-60.4,-83.5,-78.7,  4,  7, 0.01,170, 5.7
2026-05-25 00:04:40,-101.9623,31.8224,  59.4,19729,-60.4,-83.5,-78.7,  4,  7, 0.01,169, 5.7
2026-05-25 00:04:41,-101.9624,31.8224,  59.3,19733,-60.4,-83.5,-78.7,  4,  7, 0.01,168, 5.7
2026-05-25 00:04:42,-101.9624,31.8225,  59.3,19738,-60.4,-83.5,-78.7,  4,  7, 0.01,167, 5.8
2026-05-25 00:04:43,-101.9624,31.8226,  59.2,19743,-60.4,-83.5,-78.7,  4,  7, 0.01,166, 6.0
2026-05-25 00:04:44,-101.9624,31.8226,  59.2,19748,-60.4,-83.5,-78.7,  4,  7, 0.01,166, 6.1
2026-05-25 00:04:45,-101.9624,31.8227,  59.1,19753,-60.4,-83.5,-78.7,  4,  7, 0.01,166, 6.3
2026-05-25 00:04:46,-101.9624,31.8227,  59.1,19758,-60.4,-83.5,-78.7,  4,  7, 0.01,166, 6.4
2026-05-25 00:04:47,-101.9625,31.8228,  59.0,19763,-60.4,-83.5,-78.7,  4,  7, 0.01,165, 6.6
2026-05-25 00:04:48,-101.9625,31.8228,  59.0,19768,-60.3,-83.5,-78.7,  4,  7, 0.01,165, 6.8
2026-05-25 00:04:49,-101.9625,31.8229,  58.9,19773,-60.3,-83.5,-78.7,  4,  7, 0.01,165, 6.9
2026-05-25 00:04:50,-101.9625,31.8230,  58.9,19779,-60.3,-83.4,-78.7,  4,  7, 0.01,165, 7.1
2026-05-25 00:04:51,-101.9625,31.8231,  58.8,19784,-60.3,-83.4,-78.7,  4,  7, 0.01,165, 7.2
2026-05-25 00:04:52,-101.9626,31.8231,  58.8,19789,-60.3,-83.4,-78.7,  4,  7, 0.01,164, 7.4
2026-05-25 00:04:53,-101.9626,31.8232,  58.7,19794,-60.3,-83.4,-78.7,  4,  7, 0.01,164, 7.6
2026-05-25 00:04:54,-101.9626,31.8233,  58.7,19799,-60.3,-83.4,-78.6,  4,  7, 0.01,164, 7.7
2026-05-25 00:04:55,-101.9626,31.8234,  58.6,19805,-60.3,-83.4,-78.6,  4,  7, 0.01,164, 7.9
2026-05-25 00:04:56,-101.9627,31.8235,  58.6,19810,-60.3,-83.4,-78.6,  4,  7, 0.01,164, 8.0
2026-05-25 00:04:57,-101.9627,31.8235,  58.5,19815,-60.3,-83.4,-78.6,  4,  7, 0.01,164, 8.2
2026-05-25 00:04:58,-101.9627,31.8236,  58.5,19821,-60.3,-83.4,-78.6,  4,  7, 0.01,164, 8.3
2026-05-25 00:04:59,-101.9627,31.8237,  58.4,19826,-60.3,-83.4,-78.6,  4,  7, 0.01,163, 8.5
2026-05-25 00:05:00,-101.9628,31.8238,  58.4,19831,-60.3,-83.3,-78.6,  4,  7, 0.01,163, 8.7
2026-05-25 00:05:01,-101.9628,31.8239,  58.3,19837,-60.3,-83.3,-78.6,  4,  7, 0.01,163, 8.8
2026-05-25 00:05:02,-101.9628,31.8240,  58.3,19842,-60.2,-83.3,-78.6,  4,  7, 0.01,163, 9.0
2026-05-25 00:05:03,-101.9628,31.8240,  58.2,19847,-60.2,-83.3,-78.6,  4,  7, 0.01,163, 9.0
2026-05-25 00:05:04,-101.9628,31.8241,  58.2,19853,-60.2,-83.3,-78.5,  4,  7, 0.01,164, 9.0
2026-05-25 00:05:05,-101.9629,31.8242,  58.1,19858,-60.2,-83.3,-78.5,  4,  7, 0.01,164, 9.1
2026-05-25 00:05:06,-101.9629,31.8243,  58.1,19863,-60.2,-83.3,-78.5,  4,  7, 0.01,164, 9.1
2026-05-25 00:05:07,-101.9629,31.8244,  58.0,19868,-60.2,-83.3,-78.5,  4,  7, 0.01,164, 9.1
2026-05-25 00:05:08,-101.9629,31.8244,  58.0,19873,-60.2,-83.3,-78.5,  4,  7, 0.01,165, 9.2
2026-05-25 00:05:09,-101.9630,31.8245,  57.9,19878,-60.2,-83.2,-78.5,  4,  7, 0.01,165, 9.2
2026-05-25 00:05:10,-101.9630,31.8246,  57.9,19883,-60.1,-83.2,-78.5,  4,  7, 0.01,165, 9.2
2026-05-25 00:05:11,-101.9630,31.8247,  57.9,19888,-60.1,-83.2,-78.5,  4,  7, 0.01,166, 9.3
2026-05-25 00:05:12,-101.9630,31.8248,  57.8,19893,-60.1,-83.2,-78.5,  4,  7, 0.01,166, 9.3
2026-05-25 00:05:13,-101.9631,31.8249,  57.8,19898,-60.1,-83.2,-78.4,  4,  7, 0.01,166, 9.3
2026-05-25 00:05:14,-101.9631,31.8249,  57.7,19903,-60.1,-83.2,-78.4,  4,  7, 0.01,166, 9.4
2026-05-25 00:05:15,-101.9631,31.8250,  57.7,19908,-60.1,-83.2,-78.4,  4,  7, 0.01,167, 9.4
2026-05-25 00:05:16,-101.9631,31.8251,  57.6,19914,-60.1,-83.2,-78.4,  4,  7, 0.01,167, 9.4
2026-05-25 00:05:17,-101.9631,31.8252,  57.6,19919,-60.1,-83.1,-78.4,  4,  7, 0.01,167, 9.5
2026-05-25 00:05:18,-101.9632,31.8253,  57.5,19925,-60.0,-83.1,-78.4,  4,  7, 0.01,168, 9.5
2026-05-25 00:05:19,-101.9632,31.8253,  57.5,19930,-60.0,-83.1,-78.4,  4,  7, 0.01,168, 9.5
2026-05-25 00:05:20,-101.9632,31.8254,  57.4,19936,-60.0,-83.1,-78.3,  4,  7, 0.01,168, 9.6
2026-05-25 00:05:21,-101.9632,31.8255,  57.4,19941,-60.0,-83.1,-78.3,  4,  7, 0.01,168, 9.6
2026-05-25 00:05:22,-101.9632,31.8255,  57.3,19946,-60.0,-83.1,-78.3,  4,  7, 0.01,169, 9.7
2026-05-25 00:05:23,-101.9633,31.8255,  57.3,19951,-60.0,-83.1,-78.3,  4,  7, 0.01,169, 9.5
2026-05-25 00:05:24,-101.9633,31.8256,  57.2,19957,-59.9,-83.0,-78.3,  4,  7, 0.01,169, 9.3
2026-05-25 00:05:25,-101.9633,31.8256,  57.2,19962,-59.9,-83.0,-78.3,  4,  7, 0.01,169, 9.1
2026-05-25 00:05:26,-101.9633,31.8257,  57.1,19967,-59.9,-83.0,-78.2,  4,  7, 0.01,169, 8.9
2026-05-25 00:05:27,-101.9633,31.8257,  57.1,19972,-59.9,-83.0,-78.2,  4,  7, 0.01,169, 8.7
2026-05-25 00:05:28,-101.9633,31.8258,  57.0,19979,-59.9,-83.0,-78.2,  4,  7, 0.01,169, 8.4
2026-05-25 00:05:29,-101.9633,31.8258,  57.0,19983,-59.9,-83.0,-78.2,  4,  7, 0.01,169, 8.2
2026-05-25 00:05:30,-101.9633,31.8259,  56.9,19988,-59.8,-83.0,-78.2,  4,  7, 0.01,169, 8.0
2026-05-25 00:05:31,-101.9634,31.8259,  56.9,19994,-59.8,-83.0,-78.2,  4,  7, 0.01,169, 7.8
2026-05-25 00:05:32,-101.9634,31.8260,  56.8,19999,-59.8,-82.9,-78.2,  4,  7, 0.01,169, 7.6
2026-05-25 00:05:33,-101.9634,31.8260,  56.8,20004,-59.8,-82.9,-78.2,  4,  7, 0.01,169, 7.4
2026-05-25 00:05:34,-101.9634,31.8260,  56.7,20010,-59.7,-82.9,-78.2,  4,  7, 0.01,169, 7.2
2026-05-25 00:05:35,-101.9634,31.8261,  56.7,20015,-59.7,-82.9,-78.2,  4,  7, 0.01,169, 7.0
2026-05-25 00:05:36,-101.9634,31.8261,  56.6,20020,-59.7,-82.9,-78.2,  4,  7, 0.01,169, 6.8
2026-05-25 00:05:37,-101.9634,31.8262,  56.6,20025,-59.7,-82.9,-78.2,  4,  7, 0.01,170, 6.6
2026-05-25 00:05:38,-101.9635,31.8262,  56.5,20030,-59.7,-82.9,-78.2,  4,  7, 0.01,170, 6.4
2026-05-25 00:05:39,-101.9635,31.8263,  56.5,20035,-59.6,-82.9,-78.1,  4,  6, 0.01,170, 6.2
2026-05-25 00:05:40,-101.9635,31.8263,  56.5,20040,-59.6,-82.9,-78.1,  4,  6, 0.01,170, 6.0
2026-05-25 00:05:41,-101.9635,31.8264,  56.4,20046,-59.6,-82.9,-78.1,  4,  6, 0.01,170, 5.8
2026-05-25 00:05:42,-101.9635,31.8264,  56.4,20051,-59.6,-82.9,-78.1,  4,  6, 0.01,170, 5.6
2026-05-25 00:05:43,-101.9635,31.8264,  56.3,20056,-59.6,-82.9,-78.1,  4,  6, 0.01,169, 5.5
2026-05-25 00:05:44,-101.9635,31.8265,  56.3,20061,-59.6,-82.8,-78.1,  4,  6, 0.01,168, 5.3
2026-05-25 00:05:45,-101.9635,31.8265,  56.2,20065,-59.5,-82.8,-78.1,  4,  6, 0.01,167, 5.3
2026-05-25 00:05:46,-101.9636,31.8266,  56.2,20070,-59.5,-82.8,-78.0,  4,  7, 0.01,166, 5.1
2026-05-25 00:05:47,-101.9636,31.8266,  56.1,20075,-59.5,-82.8,-78.0,  4,  7, 0.01,165, 5.0
2026-05-25 00:05:48,-101.9636,31.8267,  56.1,20080,-59.5,-82.7,-78.0,  4,  7, 0.01,164, 4.9
2026-05-25 00:05:49,-101.9636,31.8267,  56.0,20086,-59.5,-82.7,-78.0,  4,  7, 0.01,163, 4.7
2026-05-25 00:05:50,-101.9636,31.8268,  56.0,20091,-59.5,-82.7,-77.9,  4,  7, 0.01,161, 4.6
2026-05-25 00:05:51,-101.9636,31.8268,  56.0,20096,-59.4,-82.7,-77.9,  4,  7, 0.01,160, 4.5
2026-05-25 00:05:52,-101.9636,31.8268,  55.9,20101,-59.4,-82.7,-77.9,  4,  7, 0.01,158, 4.4
2026-05-25 00:05:53,-101.9637,31.8268,  55.9,20106,-59.4,-82.6,-77.9,  4,  7, 0.01,157, 4.2
2026-05-25 00:05:54,-101.9637,31.8268,  55.8,20111,-59.4,-82.6,-77.9,  4,  7, 0.01,155, 4.1
2026-05-25 00:05:55,-101.9637,31.8268,  55.8,20117,-59.4,-82.6,-77.8,  4,  7, 0.01,153, 4.0
2026-05-25 00:05:56,-101.9637,31.8268,  55.7,20122,-59.4,-82.6,-77.8,  4,  7, 0.01,151, 3.9
2026-05-25 00:05:57,-101.9637,31.8268,  55.7,20127,-59.4,-82.6,-77.8,  4,  7, 0.01,149, 3.7
2026-05-25 00:05:58,-101.9637,31.8268,  55.6,20133,-59.4,-82.6,-77.8,  4,  7, 0.01,147, 3.6
2026-05-25 00:05:59,-101.9637,31.8268,  55.6,20138,-59.4,-82.5,-77.8,  4,  7, 0.01,145, 3.5
2026-05-25 00:06:00,-101.9637,31.8268,  55.5,20144,-59.4,-82.5,-77.8,  4,  7, 0.01,142, 3.3
2026-05-25 00:06:01,-101.9638,31.8268,  55.5,20149,-59.4,-82.5,-77.8,  4,  7, 0.01,140, 3.2
2026-05-25 00:06:02,-101.9638,31.8268,  55.4,20154,-59.3,-82.5,-77.7,  4,  7, 0.01,137, 3.1
2026-05-25 00:06:03,-101.9638,31.8268,  55.4,20160,-59.3,-82.5,-77.7,  4,  7, 0.01,136, 3.0
2026-05-25 00:06:04,-101.9638,31.8268,  55.3,20165,-59.3,-82.5,-77.7,  4,  7, 0.01,136, 2.9
2026-05-25 00:06:05,-101.9638,31.8268,  55.3,20170,-59.3,-82.5,-77.7,  4,  7, 0.01,135, 2.8
2026-05-25 00:06:06,-101.9638,31.8268,  55.3,20175,-59.3,-82.5,-77.7,  4,  7, 0.01,134, 2.6
2026-05-25 00:06:07,-101.9638,31.8268,  55.2,20180,-59.3,-82.4,-77.7,  4,  7, 0.01,133, 2.5
2026-05-25 00:06:08,-101.9639,31.8268,  55.2,20185,-59.3,-82.4,-77.7,  4,  7, 0.01,131, 2.4
2026-05-25 00:06:09,-101.9639,31.8268,  55.1,20191,-59.3,-82.4,-77.7,  4,  7, 0.01,130, 2.3
2026-05-25 00:06:10,-101.9639,31.8268,  55.1,20196,-59.3,-82.4,-77.6,  4,  7, 0.01,129, 2.2
2026-05-25 00:06:11,-101.9639,31.8268,  55.0,20201,-59.3,-82.4,-77.6,  4,  7, 0.01,127, 2.1
2026-05-25 00:06:12,-101.9639,31.8269,  55.0,20206,-59.3,-82.4,-77.6,  4,  7, 0.01,125, 2.0
2026-05-25 00:06:13,-101.9639,31.8269,  54.9,20211,-59.3,-82.4,-77.6,  4,  7, 0.01,123, 1.8
2026-05-25 00:06:14,-101.9639,31.8269,  54.9,20217,-59.3,-82.4,-77.6,  4,  7, 0.01,120, 1.7
2026-05-25 00:06:15,-101.9640,31.8269,  54.8,20222,-59.3,-82.4,-77.6,  4,  7, 0.01,117, 1.6
2026-05-25 00:06:16,-101.9640,31.8269,  54.8,20227,-59.3,-82.4,-77.6,  4,  7, 0.01,113, 1.5
2026-05-25 00:06:17,-101.9640,31.8269,  54.7,20232,-59.3,-82.3,-77.6,  4,  7, 0.01,109, 1.4
2026-05-25 00:06:18,-101.9640,31.8269,  54.7,20238,-59.3,-82.3,-77.6,  4,  7, 0.01,103, 1.3
2026-05-25 00:06:19,-101.9640,31.8269,  54.7,20243,-59.3,-82.3,-77.6,  4,  7, 0.01, 97, 1.2
2026-05-25 00:06:20,-101.9640,31.8269,  54.6,20248,-59.3,-82.3,-77.6,  4,  7, 0.01, 90, 1.0
2026-05-25 00:06:21,-101.9640,31.8269,  54.6,20253,-59.3,-82.3,-77.6,  4,  7, 0.01, 81, 0.9
2026-05-25 00:06:22,-101.9640,31.8268,  54.5,20259,-59.3,-82.3,-77.6,  4,  7, 0.01, 72, 0.8
2026-05-25 00:06:23,-101.9640,31.8268,  54.5,20264,-59.3,-82.3,-77.6,  4,  7, 0.01, 63, 0.9
2026-05-25 00:06:24,-101.9640,31.8268,  54.4,20269,-59.2,-82.3,-77.6,  4,  7, 0.01, 54, 1.0
2026-05-25 00:06:25,-101.9640,31.8268,  54.4,20274,-59.2,-82.3,-77.6,  4,  7, 0.01, 45, 1.0
2026-05-25 00:06:26,-101.9640,31.8267,  54.3,20279,-59.2,-82.3,-77.6,  4,  7, 0.01, 37, 1.1
2026-05-25 00:06:27,-101.9640,31.8267,  54.3,20284,-59.2,-82.3,-77.6,  4,  7, 0.01, 29, 1.2
2026-05-25 00:06:28,-101.9640,31.8267,  54.3,20290,-59.2,-82.3,-77.6,  4,  7, 0.01, 22, 1.3
2026-05-25 00:06:29,-101.9639,31.8267,  54.2,20295,-59.2,-82.3,-77.6,  4,  7, 0.01, 17, 1.3
2026-05-25 00:06:30,-101.9639,31.8266,  54.2,20300,-59.2,-82.3,-77.6,  4,  7, 0.01, 12, 1.4
2026-05-25 00:06:31,-101.9639,31.8266,  54.1,20305,-59.2,-82.3,-77.6,  4,  7, 0.01,  7, 1.5
2026-05-25 00:06:32,-101.9639,31.8266,  54.1,20310,-59.2,-82.3,-77.6,  4,  7, 0.01,  4, 1.6
2026-05-25 00:06:33,-101.9639,31.8266,  54.0,20315,-59.2,-82.3,-77.6,  4,  7, 0.01,360, 1.7
2026-05-25 00:06:34,-101.9639,31.8265,  54.0,20320,-59.2,-82.3,-77.6,  4,  7, 0.01,358, 1.7
2026-05-25 00:06:35,-101.9639,31.8265,  53.9,20325,-59.2,-82.3,-77.6,  4,  7, 0.01,355, 1.8
2026-05-25 00:06:36,-101.9639,31.8265,  53.9,20330,-59.2,-82.3,-77.6,  4,  7, 0.01,353, 1.9
2026-05-25 00:06:37,-101.9639,31.8265,  53.9,20335,-59.2,-82.3,-77.5,  4,  7, 0.01,351, 2.0
2026-05-25 00:06:38,-101.9639,31.8264,  53.8,20340,-59.2,-82.3,-77.5,  4,  7, 0.01,350, 2.0
2026-05-25 00:06:39,-101.9639,31.8264,  53.8,20345,-59.2,-82.3,-77.5,  4,  7, 0.01,348, 2.1
2026-05-25 00:06:40,-101.9638,31.8264,  53.7,20351,-59.2,-82.3,-77.5,  4,  7, 0.01,347, 2.2
2026-05-25 00:06:41,-101.9638,31.8264,  53.7,20356,-59.2,-82.3,-77.5,  4,  7, 0.01,346, 2.3
2026-05-25 00:06:42,-101.9638,31.8263,  53.6,20361,-59.2,-82.3,-77.5,  4,  7, 0.01,345, 2.3
2026-05-25 00:06:43,-101.9638,31.8263,  53.6,20366,-59.2,-82.3,-77.5,  4,  7, 0.01,345, 2.4
2026-05-25 00:06:44,-101.9638,31.8263,  53.6,20371,-59.2,-82.3,-77.5,  4,  7, 0.01,345, 2.5
2026-05-25 00:06:45,-101.9638,31.8263,  53.5,20376,-59.2,-82.2,-77.5,  4,  7, 0.01,345, 2.6
2026-05-25 00:06:46,-101.9638,31.8262,  53.5,20381,-59.1,-82.2,-77.5,  4,  7, 0.01,345, 2.7
2026-05-25 00:06:47,-101.9638,31.8262,  53.4,20386,-59.1,-82.2,-77.5,  4,  7, 0.01,346, 2.8
2026-05-25 00:06:48,-101.9638,31.8262,  53.4,20392,-59.1,-82.2,-77.5,  4,  7, 0.01,346, 2.9
2026-05-25 00:06:49,-101.9638,31.8262,  53.3,20397,-59.1,-82.2,-77.5,  4,  7, 0.01,346, 2.9
2026-05-25 00:06:50,-101.9638,31.8261,  53.3,20402,-59.1,-82.2,-77.5,  4,  7, 0.01,346, 3.0
2026-05-25 00:06:51,-101.9637,31.8261,  53.2,20407,-59.1,-82.2,-77.5,  4,  7, 0.01,346, 3.1
2026-05-25 00:06:52,-101.9637,31.8261,  53.2,20412,-59.1,-82.2,-77.4,  4,  7, 0.01,346, 3.2
2026-05-25 00:06:53,-101.9637,31.8261,  53.2,20417,-59.1,-82.2,-77.4,  4,  7, 0.01,346, 3.3
2026-05-25 00:06:54,-101.9638,31.8261,  53.1,20422,-59.1,-82.2,-77.4,  4,  7, 0.01,346, 3.4
2026-05-25 00:06:55,-101.9638,31.8260,  53.1,20428,-59.1,-82.2,-77.4,  4,  7, 0.01,346, 3.5
2026-05-25 00:06:56,-101.9638,31.8260,  53.0,20433,-59.1,-82.2,-77.4,  4,  7, 0.01,346, 3.6
2026-05-25 00:06:57,-101.9638,31.8260,  53.0,20438,-59.1,-82.2,-77.4,  4,  7, 0.01,347, 3.6
2026-05-25 00:06:58,-101.9638,31.8260,  52.9,20443,-59.1,-82.2,-77.4,  4,  7, 0.01,347, 3.7
2026-05-25 00:06:59,-101.9638,31.8260,  52.9,20448,-59.1,-82.2,-77.4,  4,  7, 0.01,347, 3.8
2026-05-25 00:07:00,-101.9638,31.8259,  52.9,20453,-59.1,-82.2,-77.4,  4,  7, 0.01,347, 3.9
2026-05-25 00:07:01,-101.9638,31.8259,  52.8,20459,-59.1,-82.2,-77.4,  4,  7, 0.01,347, 4.0
2026-05-25 00:07:02,-101.9638,31.8259,  52.8,20464,-59.1,-82.2,-77.4,  4,  7, 0.01,347, 4.1
2026-05-25 00:07:03,-101.9638,31.8259,  52.7,20469,-59.1,-82.2,-77.4,  4,  7, 0.01,347, 3.9
2026-05-25 00:07:04,-101.9638,31.8259,  52.7,20474,-59.1,-82.2,-77.4,  4,  7, 0.01,347, 3.8
2026-05-25 00:07:05,-101.9638,31.8258,  52.6,20479,-59.2,-82.1,-77.4,  4,  7, 0.01,348, 3.7
2026-05-25 00:07:06,-101.9638,31.8258,  52.6,20484,-59.2,-82.1,-77.4,  4,  7, 0.01,348, 3.5
2026-05-25 00:07:07,-101.9638,31.8258,  52.6,20489,-59.2,-82.1,-77.4,  4,  7, 0.01,348, 3.4
2026-05-25 00:07:08,-101.9638,31.8258,  52.5,20494,-59.2,-82.1,-77.4,  4,  7, 0.01,349, 3.3
2026-05-25 00:07:09,-101.9638,31.8258,  52.5,20499,-59.2,-82.1,-77.4,  4,  7, 0.01,349, 3.2
2026-05-25 00:07:10,-101.9638,31.8257,  52.4,20505,-59.2,-82.1,-77.4,  4,  7, 0.01,350, 3.0
2026-05-25 00:07:11,-101.9638,31.8257,  52.4,20510,-59.2,-82.1,-77.4,  4,  7, 0.01,350, 2.9
2026-05-25 00:07:12,-101.9638,31.8257,  52.3,20515,-59.2,-82.1,-77.4,  4,  7, 0.01,351, 2.8
2026-05-25 00:07:13,-101.9638,31.8257,  52.3,20520,-59.2,-82.1,-77.4,  4,  7, 0.01,352, 2.6
2026-05-25 00:07:14,-101.9638,31.8257,  52.2,20526,-59.2,-82.1,-77.3,  4,  7, 0.01,352, 2.5
2026-05-25 00:07:15,-101.9638,31.8256,  52.2,20531,-59.2,-82.1,-77.3,  4,  7, 0.01,353, 2.4
2026-05-25 00:07:16,-101.9638,31.8256,  52.2,20536,-59.2,-82.1,-77.3,  4,  7, 0.01,354, 2.2
2026-05-25 00:07:17,-101.9638,31.8256,  52.1,20542,-59.2,-82.1,-77.4,  4,  7, 0.01,355, 2.1
2026-05-25 00:07:18,-101.9638,31.8256,  52.1,20547,-59.2,-82.1,-77.4,  4,  7, 0.01,356, 2.0
2026-05-25 00:07:19,-101.9638,31.8256,  52.0,20552,-59.2,-82.1,-77.4,  4,  7, 0.01,357, 1.9
2026-05-25 00:07:20,-101.9638,31.8255,  52.0,20557,-59.2,-82.1,-77.4,  4,  7, 0.01,358, 1.7
2026-05-25 00:07:21,-101.9638,31.8256,  51.9,20563,-59.2,-82.1,-77.4,  4,  7, 0.01,360, 1.6
2026-05-25 00:07:22,-101.9638,31.8256,  51.9,20568,-59.2,-82.1,-77.4,  4,  7, 0.01,  2, 1.5
2026-05-25 00:07:23,-101.9638,31.8256,  51.8,20573,-59.2,-82.1,-77.4,  4,  7, 0.01,  5, 1.5
2026-05-25 00:07:24,-101.9638,31.8256,  51.8,20578,-59.2,-82.1,-77.4,  4,  7, 0.01,  9, 1.6
2026-05-25 00:07:25,-101.9638,31.8256,  51.8,20584,-59.2,-82.1,-77.4,  4,  7, 0.01, 13, 1.6
2026-05-25 00:07:26,-101.9638,31.8256,  51.7,20589,-59.2,-82.1,-77.4,  4,  7, 0.01, 20, 1.6
2026-05-25 00:07:27,-101.9638,31.8257,  51.7,20594,-59.2,-82.1,-77.4,  4,  7, 0.01, 28, 1.6
2026-05-25 00:07:28,-101.9638,31.8257,  51.6,20600,-59.2,-82.2,-77.4,  4,  7, 0.01, 38, 1.7
2026-05-25 00:07:29,-101.9638,31.8257,  51.6,20605,-59.2,-82.2,-77.4,  4,  7, 0.01, 52, 1.7
2026-05-25 00:07:30,-101.9638,31.8257,  51.5,20610,-59.2,-82.2,-77.4,  4,  7, 0.01, 67, 1.7
2026-05-25 00:07:31,-101.9638,31.8257,  51.5,20615,-59.2,-82.2,-77.4,  4,  7, 0.01, 83, 1.8
2026-05-25 00:07:32,-101.9638,31.8257,  51.5,20620,-59.2,-82.2,-77.4,  4,  7, 0.01, 96, 1.8
2026-05-25 00:07:33,-101.9638,31.8258,  51.4,20625,-59.2,-82.2,-77.4,  4,  7, 0.01,107, 1.8
2026-05-25 00:07:34,-101.9639,31.8258,  51.4,20631,-59.2,-82.2,-77.4,  4,  7, 0.01,115, 1.9
2026-05-25 00:07:35,-101.9639,31.8258,  51.3,20636,-59.2,-82.2,-77.4,  4,  7, 0.01,122, 1.9
2026-05-25 00:07:36,-101.9639,31.8258,  51.3,20641,-59.2,-82.2,-77.4,  4,  7, 0.01,127, 1.9
2026-05-25 00:07:37,-101.9639,31.8258,  51.3,20646,-59.2,-82.2,-77.4,  4,  7, 0.01,130, 2.0
2026-05-25 00:07:38,-101.9639,31.8259,  51.2,20651,-59.2,-82.2,-77.4,  4,  7, 0.01,133, 2.0
2026-05-25 00:07:39,-101.9639,31.8259,  51.2,20656,-59.2,-82.2,-77.4,  4,  7, 0.01,136, 2.0
2026-05-25 00:07:40,-101.9639,31.8259,  51.1,20661,-59.2,-82.2,-77.4,  4,  7, 0.01,138, 2.1
2026-05-25 00:07:41,-101.9639,31.8259,  51.1,20666,-59.2,-82.2,-77.4,  4,  7, 0.01,139, 2.1
2026-05-25 00:07:42,-101.9639,31.8259,  51.0,20671,-59.2,-82.2,-77.4,  4,  7, 0.01,141, 2.1
2026-05-25 00:07:43,-101.9639,31.8259,  51.0,20675,-59.2,-82.2,-77.4,  4,  7, 0.01,145, 2.2
2026-05-25 00:07:44,-101.9639,31.8260,  51.0,20680,-59.2,-82.1,-77.4,  4,  7, 0.01,149, 2.2
2026-05-25 00:07:45,-101.9639,31.8260,  50.9,20685,-59.2,-82.1,-77.4,  4,  7, 0.01,153, 2.3
2026-05-25 00:07:46,-101.9639,31.8260,  50.9,20690,-59.2,-82.1,-77.3,  4,  7, 0.01,157, 2.4
2026-05-25 00:07:47,-101.9639,31.8260,  50.8,20695,-59.2,-82.1,-77.3,  4,  7, 0.01,161, 2.4
2026-05-25 00:07:48,-101.9639,31.8260,  50.8,20700,-59.2,-82.1,-77.3,  4,  7, 0.01,165, 2.5
2026-05-25 00:07:49,-101.9639,31.8261,  50.8,20706,-59.2,-82.0,-77.3,  4,  7, 0.01,169, 2.6
2026-05-25 00:07:50,-101.9640,31.8261,  50.7,20711,-59.2,-82.0,-77.3,  4,  7, 0.01,172, 2.6
2026-05-25 00:07:51,-101.9639,31.8261,  50.7,20716,-59.2,-82.0,-77.2,  4,  7, 0.01,176, 2.7
2026-05-25 00:07:52,-101.9639,31.8261,  50.6,20721,-59.2,-82.0,-77.2,  4,  7, 0.01,179, 2.7
2026-05-25 00:07:53,-101.9639,31.8262,  50.6,20726,-59.2,-82.0,-77.2,  4,  7, 0.01,182, 2.8
2026-05-25 00:07:54,-101.9638,31.8262,  50.6,20732,-59.2,-81.9,-77.2,  4,  7, 0.01,185, 2.9
2026-05-25 00:07:55,-101.9638,31.8262,  50.5,20737,-59.2,-81.9,-77.2,  4,  7, 0.01,187, 2.9
2026-05-25 00:07:56,-101.9638,31.8263,  50.5,20742,-59.2,-81.9,-77.2,  4,  7, 0.01,190, 3.0
2026-05-25 00:07:57,-101.9638,31.8263,  50.4,20748,-59.2,-81.9,-77.2,  4,  7, 0.01,192, 3.1
2026-05-25 00:07:58,-101.9637,31.8263,  50.4,20753,-59.2,-81.9,-77.1,  4,  7, 0.01,194, 3.1
2026-05-25 00:07:59,-101.9637,31.8264,  50.3,20758,-59.2,-81.9,-77.1,  4,  7, 0.01,196, 3.2
2026-05-25 00:08:00,-101.9637,31.8264,  50.3,20763,-59.2,-81.9,-77.1,  4,  7, 0.01,198, 3.2
2026-05-25 00:08:01,-101.9636,31.8264,  50.3,20768,-59.2,-81.9,-77.1,  4,  7, 0.01,200, 3.3
2026-05-25 00:08:02,-101.9636,31.8265,  50.2,20773,-59.2,-81.9,-77.1,  4,  7, 0.01,201, 3.4
2026-05-25 00:08:03,-101.9636,31.8265,  50.2,20779,-59.2,-81.9,-77.1,  4,  7, 0.01,203, 3.4
2026-05-25 00:08:04,-101.9635,31.8265,  50.1,20784,-59.2,-81.9,-77.1,  4,  7, 0.01,204, 3.5
2026-05-25 00:08:05,-101.9635,31.8266,  50.1,20789,-59.2,-81.9,-77.1,  4,  7, 0.01,206, 3.6
2026-05-25 00:08:06,-101.9635,31.8266,  50.0,20795,-59.2,-81.9,-77.1,  4,  7, 0.01,207, 3.7
2026-05-25 00:08:07,-101.9635,31.8266,  50.0,20801,-59.2,-81.9,-77.1,  4,  7, 0.01,208, 3.8
2026-05-25 00:08:08,-101.9634,31.8267,  50.0,20805,-59.2,-81.9,-77.1,  4,  7, 0.01,209, 3.9
2026-05-25 00:08:09,-101.9634,31.8267,  49.9,20811,-59.2,-81.8,-77.1,  4,  7, 0.01,210, 4.0
2026-05-25 00:08:10,-101.9634,31.8267,  49.9,20816,-59.1,-81.8,-77.1,  4,  7, 0.01,211, 4.1
2026-05-25 00:08:11,-101.9633,31.8268,  49.8,20821,-59.1,-81.8,-77.1,  4,  7, 0.01,213, 4.2
2026-05-25 00:08:12,-101.9633,31.8268,  49.8,20827,-59.1,-81.8,-77.1,  4,  7, 0.01,213, 4.3
2026-05-25 00:08:13,-101.9633,31.8268,  49.8,20832,-59.1,-81.8,-77.1,  4,  7, 0.01,214, 4.3
2026-05-25 00:08:14,-101.9632,31.8269,  49.7,20837,-59.1,-81.8,-77.1,  4,  7, 0.01,215, 4.4
2026-05-25 00:08:15,-101.9632,31.8269,  49.7,20843,-59.1,-81.8,-77.1,  4,  7, 0.01,216, 4.5
2026-05-25 00:08:16,-101.9632,31.8269,  49.6,20848,-59.1,-81.8,-77.1,  4,  7, 0.01,217, 4.6
2026-05-25 00:08:17,-101.9632,31.8269,  49.6,20853,-59.1,-81.8,-77.1,  4,  7, 0.01,218, 4.7
2026-05-25 00:08:18,-101.9631,31.8270,  49.5,20858,-59.1,-81.8,-77.1,  4,  7, 0.01,219, 4.8
2026-05-25 00:08:19,-101.9631,31.8270,  49.5,20864,-59.1,-81.8,-77.0,  4,  7, 0.01,219, 4.8
2026-05-25 00:08:20,-101.9631,31.8270,  49.5,20869,-59.1,-81.8,-77.0,  4,  7, 0.01,220, 4.9
2026-05-25 00:08:21,-101.9630,31.8271,  49.4,20875,-59.1,-81.8,-77.0,  4,  7, 0.01,221, 5.0
2026-05-25 00:08:22,-101.9630,31.8271,  49.4,20880,-59.1,-81.8,-77.0,  4,  7, 0.01,221, 5.1
2026-05-25 00:08:23,-101.9629,31.8271,  49.3,20886,-59.1,-81.8,-77.0,  4,  7, 0.01,223, 5.2
2026-05-25 00:08:24,-101.9628,31.8271,  49.3,20891,-59.1,-81.8,-77.0,  4,  7, 0.01,224, 5.3
2026-05-25 00:08:25,-101.9628,31.8272,  49.2,20897,-59.1,-81.8,-77.0,  4,  7, 0.01,225, 5.4
2026-05-25 00:08:26,-101.9627,31.8272,  49.2,20902,-59.1,-81.7,-77.0,  4,  7, 0.01,227, 5.5
2026-05-25 00:08:27,-101.9627,31.8272,  49.2,20908,-59.1,-81.7,-77.0,  4,  7, 0.01,228, 5.6
2026-05-25 00:08:28,-101.9626,31.8272,  49.1,20913,-59.1,-81.7,-77.0,  4,  7, 0.01,229, 5.7
2026-05-25 00:08:29,-101.9625,31.8273,  49.1,20919,-59.1,-81.7,-77.0,  4,  7, 0.01,230, 5.7
2026-05-25 00:08:30,-101.9625,31.8273,  49.0,20924,-59.1,-81.7,-77.0,  4,  7, 0.01,232, 5.8
2026-05-25 00:08:31,-101.9624,31.8273,  49.0,20929,-59.1,-81.7,-76.9,  4,  7, 0.01,233, 5.9
2026-05-25 00:08:32,-101.9623,31.8273,  48.9,20935,-59.1,-81.7,-76.9,  4,  7, 0.01,234, 6.0
2026-05-25 00:08:33,-101.9623,31.8274,  48.9,20940,-59.1,-81.7,-76.9,  4,  7, 0.01,235, 6.1
2026-05-25 00:08:34,-101.9622,31.8274,  48.8,20947,-59.1,-81.7,-76.9,  4,  7, 0.01,236, 6.2
2026-05-25 00:08:35,-101.9622,31.8274,  48.8,20951,-59.1,-81.7,-76.9,  4,  7, 0.01,237, 6.3
2026-05-25 00:08:36,-101.9621,31.8274,  48.8,20956,-59.1,-81.7,-76.9,  4,  7, 0.01,238, 6.3
2026-05-25 00:08:37,-101.9620,31.8275,  48.7,20961,-59.1,-81.7,-76.9,  4,  7, 0.01,239, 6.4
2026-05-25 00:08:38,-101.9620,31.8275,  48.7,20967,-59.1,-81.7,-76.9,  4,  7, 0.01,240, 6.4
2026-05-25 00:08:39,-101.9619,31.8275,  48.7,20972,-59.1,-81.7,-76.9,  4,  7, 0.01,241, 6.5
2026-05-25 00:08:40,-101.9619,31.8275,  48.6,20977,-59.1,-81.7,-77.0,  4,  7, 0.01,242, 6.7
2026-05-25 00:08:41,-101.9618,31.8275,  48.6,20982,-59.1,-81.7,-77.0,  4,  7, 0.01,242, 6.8
2026-05-25 00:08:42,-101.9617,31.8276,  48.5,20988,-59.1,-81.7,-77.0,  4,  7, 0.01,243, 6.9
2026-05-25 00:08:43,-101.9617,31.8276,  48.5,20994,-59.1,-81.7,-77.0,  4,  7, 0.01,244, 6.8
2026-05-25 00:08:44,-101.9616,31.8276,  48.4,20999,-59.1,-81.7,-77.0,  4,  7, 0.01,244, 6.7
2026-05-25 00:08:45,-101.9615,31.8276,  48.4,21005,-59.1,-81.7,-77.0,  4,  7, 0.01,245, 6.6
2026-05-25 00:08:46,-101.9615,31.8277,  48.4,21010,-59.1,-81.7,-77.0,  4,  7, 0.01,246, 6.5
2026-05-25 00:08:47,-101.9614,31.8277,  48.3,21016,-59.1,-81.7,-77.0,  4,  7, 0.01,246, 6.4
2026-05-25 00:08:48,-101.9614,31.8277,  48.3,21022,-59.1,-81.7,-77.0,  4,  7, 0.01,247, 6.3
2026-05-25 00:08:49,-101.9613,31.8277,  48.2,21027,-59.1,-81.7,-77.0,  4,  7, 0.01,248, 6.2
2026-05-25 00:08:50,-101.9612,31.8278,  48.2,21033,-59.1,-81.7,-77.0,  4,  7, 0.01,249, 6.1
2026-05-25 00:08:51,-101.9612,31.8278,  48.1,21038,-59.1,-81.7,-77.0,  4,  7, 0.01,249, 6.0
2026-05-25 00:08:52,-101.9612,31.8278,  48.1,21044,-59.1,-81.7,-77.0,  4,  7, 0.01,250, 6.0
2026-05-25 00:08:53,-101.9611,31.8278,  48.1,21049,-59.1,-81.7,-77.0,  4,  7, 0.01,251, 5.9
2026-05-25 00:08:54,-101.9611,31.8278,  48.0,21055,-59.1,-81.7,-77.0,  4,  7, 0.01,252, 5.8
2026-05-25 00:08:55,-101.9611,31.8278,  48.0,21060,-59.1,-81.7,-77.0,  4,  7, 0.01,253, 5.7
2026-05-25 00:08:56,-101.9611,31.8278,  47.9,21065,-59.1,-81.7,-77.0,  4,  7, 0.01,253, 5.6
2026-05-25 00:08:57,-101.9610,31.8277,  47.9,21071,-59.1,-81.7,-77.0,  4,  7, 0.01,254, 5.6
2026-05-25 00:08:58,-101.9610,31.8277,  47.8,21076,-59.1,-81.7,-77.0,  4,  7, 0.01,255, 5.5
2026-05-25 00:08:59,-101.9610,31.8277,  47.8,21082,-59.1,-81.7,-77.0,  4,  7, 0.01,256, 5.4
2026-05-25 00:09:00,-101.9610,31.8277,  47.8,21088,-59.1,-81.7,-77.0,  4,  7, 0.01,257, 5.3
2026-05-25 00:09:01,-101.9609,31.8277,  47.7,21093,-59.1,-81.7,-77.0,  4,  7, 0.01,258, 5.3
2026-05-25 00:09:02,-101.9609,31.8277,  47.7,21099,-59.1,-81.7,-77.0,  4,  7, 0.01,259, 5.2
2026-05-25 00:09:03,-101.9609,31.8277,  47.6,21105,-59.1,-81.7,-77.0,  4,  7, 0.01,260, 5.0
2026-05-25 00:09:04,-101.9609,31.8277,  47.6,21111,-59.1,-81.7,-77.0,  4,  7, 0.01,260, 4.8
2026-05-25 00:09:05,-101.9608,31.8277,  47.6,21116,-59.1,-81.7,-77.0,  4,  7, 0.01,261, 4.6
2026-05-25 00:09:06,-101.9608,31.8277,  47.5,21121,-59.1,-81.7,-77.0,  4,  7, 0.01,262, 4.5
2026-05-25 00:09:07,-101.9608,31.8277,  47.5,21126,-59.1,-81.7,-77.0,  4,  7, 0.01,263, 4.3
2026-05-25 00:09:08,-101.9608,31.8277,  47.4,21132,-59.1,-81.7,-77.0,  4,  7, 0.01,264, 4.1
2026-05-25 00:09:09,-101.9607,31.8277,  47.4,21137,-59.1,-81.7,-77.0,  4,  7, 0.01,265, 3.9
2026-05-25 00:09:10,-101.9607,31.8277,  47.3,21142,-59.1,-81.7,-76.9,  4,  7, 0.01,266, 3.7
2026-05-25 00:09:11,-101.9607,31.8277,  47.3,21148,-59.1,-81.7,-76.9,  4,  7, 0.01,267, 3.5
2026-05-25 00:09:12,-101.9607,31.8277,  47.3,21154,-59.1,-81.7,-76.9,  4,  7, 0.01,269, 3.4
2026-05-25 00:09:13,-101.9606,31.8277,  47.2,21159,-59.1,-81.7,-76.9,  4,  7, 0.01,270, 3.2
2026-05-25 00:09:14,-101.9606,31.8277,  47.2,21165,-59.1,-81.7,-76.9,  4,  7, 0.01,272, 3.0
2026-05-25 00:09:15,-101.9606,31.8277,  47.1,21170,-59.1,-81.7,-76.9,  4,  7, 0.01,274, 2.8
2026-05-25 00:09:16,-101.9606,31.8277,  47.1,21176,-59.2,-81.7,-76.9,  4,  7, 0.01,277, 2.6
2026-05-25 00:09:17,-101.9606,31.8277,  47.1,21181,-59.2,-81.7,-76.9,  4,  7, 0.01,279, 2.4
2026-05-25 00:09:18,-101.9605,31.8277,  47.0,21187,-59.2,-81.7,-76.9,  4,  7, 0.01,283, 2.3
2026-05-25 00:09:19,-101.9605,31.8277,  47.0,21192,-59.2,-81.7,-76.9,  4,  7, 0.01,287, 2.1
2026-05-25 00:09:20,-101.9605,31.8277,  46.9,21198,-59.2,-81.7,-76.9,  4,  8, 0.01,291, 1.9
2026-05-25 00:09:21,-101.9605,31.8277,  46.9,21203,-59.3,-81.6,-76.9,  4,  8, 0.01,296, 1.7
2026-05-25 00:09:22,-101.9605,31.8277,  46.8,21209,-59.3,-81.6,-76.9,  4,  8, 0.01,303, 1.5
2026-05-25 00:09:23,-101.9605,31.8277,  46.8,21214,-59.3,-81.6,-76.9,  4,  8, 0.01,306, 1.5
2026-05-25 00:09:24,-101.9605,31.8276,  46.8,21220,-59.3,-81.6,-76.9,  4,  8, 0.01,310, 1.6
2026-05-25 00:09:25,-101.9605,31.8276,  46.7,21225,-59.3,-81.6,-76.9,  4,  8, 0.01,315, 1.6
2026-05-25 00:09:26,-101.9606,31.8276,  46.7,21231,-59.4,-81.6,-76.9,  4,  8, 0.01,321, 1.6
2026-05-25 00:09:27,-101.9606,31.8276,  46.6,21236,-59.4,-81.6,-76.9,  4,  8, 0.01,327, 1.6
2026-05-25 00:09:28,-101.9606,31.8276,  46.6,21242,-59.4,-81.6,-76.9,  4,  8, 0.01,334, 1.6
2026-05-25 00:09:29,-101.9606,31.8276,  46.6,21247,-59.4,-81.6,-76.9,  4,  8, 0.01,341, 1.7
2026-05-25 00:09:30,-101.9607,31.8276,  46.5,21252,-59.4,-81.6,-76.9,  4,  8, 0.01,349, 1.7
2026-05-25 00:09:31,-101.9607,31.8276,  46.5,21258,-59.5,-81.6,-76.9,  4,  8, 0.01,357, 1.7
2026-05-25 00:09:32,-101.9607,31.8276,  46.4,21263,-59.5,-81.7,-76.9,  4,  8, 0.01,  4, 1.7
2026-05-25 00:09:33,-101.9607,31.8276,  46.4,21268,-59.5,-81.7,-76.9,  4,  8, 0.01, 11, 1.7
2026-05-25 00:09:34,-101.9608,31.8276,  46.4,21273,-59.5,-81.7,-76.9,  4,  8, 0.01, 18, 1.7
2026-05-25 00:09:35,-101.9608,31.8276,  46.3,21278,-59.6,-81.7,-76.9,  4,  8, 0.01, 24, 1.8
2026-05-25 00:09:36,-101.9608,31.8276,  46.3,21283,-59.6,-81.7,-76.9,  4,  8, 0.01, 29, 1.8
2026-05-25 00:09:37,-101.9608,31.8275,  46.3,21288,-59.6,-81.7,-76.9,  4,  8, 0.01, 34, 1.8
2026-05-25 00:09:38,-101.9608,31.8275,  46.2,21293,-59.6,-81.7,-76.9,  4,  8, 0.01, 38, 1.8
2026-05-25 00:09:39,-101.9609,31.8275,  46.2,21299,-59.7,-81.7,-77.0,  4,  8, 0.01, 41, 1.8
2026-05-25 00:09:40,-101.9609,31.8275,  46.1,21304,-59.7,-81.7,-77.0,  4,  8, 0.01, 44, 1.9
2026-05-25 00:09:41,-101.9609,31.8275,  46.1,21310,-59.7,-81.7,-77.0,  4,  8, 0.01, 47, 1.9
2026-05-25 00:09:42,-101.9609,31.8275,  46.1,21315,-59.7,-81.7,-77.0,  4,  8, 0.01, 49, 1.9
2026-05-25 00:09:43,-101.9610,31.8275,  46.0,21321,-59.7,-81.7,-77.0,  4,  8, 0.01, 53, 2.0
2026-05-25 00:09:44,-101.9610,31.8275,  46.0,21326,-59.8,-81.7,-77.0,  4,  8, 0.01, 57, 2.1
2026-05-25 00:09:45,-101.9610,31.8275,  45.9,21331,-59.8,-81.7,-77.0,  4,  8, 0.01, 60, 2.2
2026-05-25 00:09:46,-101.9610,31.8275,  45.9,21337,-59.8,-81.8,-77.0,  4,  8, 0.01, 63, 2.3
2026-05-25 00:09:47,-101.9611,31.8275,  45.9,21342,-59.8,-81.8,-77.0,  4,  8, 0.01, 66, 2.5
2026-05-25 00:09:48,-101.9611,31.8275,  45.8,21347,-59.8,-81.8,-77.0,  4,  8, 0.01, 69, 2.6
2026-05-25 00:09:49,-101.9611,31.8274,  45.8,21353,-59.8,-81.8,-77.0,  4,  8, 0.01, 71, 2.7
2026-05-25 00:09:50,-101.9611,31.8274,  45.7,21358,-59.9,-81.8,-77.0,  4,  8, 0.01, 74, 2.8
2026-05-25 00:09:51,-101.9611,31.8274,  45.7,21363,-59.9,-81.8,-77.0,  4,  8, 0.01, 76, 2.9
2026-05-25 00:09:52,-101.9612,31.8274,  45.7,21369,-59.9,-81.8,-77.0,  4,  8, 0.01, 77, 3.0
2026-05-25 00:09:53,-101.9612,31.8274,  45.6,21374,-59.9,-81.8,-77.0,  4,  8, 0.01, 79, 3.1
2026-05-25 00:09:54,-101.9613,31.8275,  45.6,21380,-59.9,-81.8,-77.0,  4,  8, 0.01, 81, 3.2
2026-05-25 00:09:55,-101.9613,31.8275,  45.5,21385,-59.9,-81.8,-77.1,  4,  8, 0.01, 82, 3.3
2026-05-25 00:09:56,-101.9614,31.8275,  45.5,21390,-59.9,-81.8,-77.1,  4,  8, 0.01, 84, 3.5
2026-05-25 00:09:57,-101.9614,31.8275,  45.5,21395,-60.0,-81.9,-77.1,  4,  8, 0.01, 85, 3.6
2026-05-25 00:09:58,-101.9615,31.8275,  45.4,21401,-60.0,-81.9,-77.1,  4,  8, 0.01, 86, 3.7
2026-05-25 00:09:59,-101.9615,31.8275,  45.4,21406,-60.0,-81.9,-77.1,  4,  8, 0.01, 87, 3.8
2026-05-25 00:10:00,-101.9616,31.8275,  45.4,21411,-60.0,-81.9,-77.1,  4,  8, 0.01, 88, 3.9
2026-05-25 00:10:01,-101.9616,31.8276,  45.3,21416,-60.0,-81.9,-77.2,  4,  8, 0.01, 89, 4.0
2026-05-25 00:10:02,-101.9616,31.8276,  45.3,21421,-60.0,-81.9,-77.2,  4,  8, 0.01, 90, 4.1
2026-05-25 00:10:03,-101.9617,31.8276,  45.2,21426,-60.0,-82.0,-77.2,  4,  8, 0.01, 91, 4.1
2026-05-25 00:10:04,-101.9617,31.8276,  45.2,21432,-60.1,-82.0,-77.2,  4,  8, 0.01, 93, 4.2
2026-05-25 00:10:05,-101.9618,31.8276,  45.2,21437,-60.1,-82.0,-77.2,  4,  8, 0.01, 94, 4.2
2026-05-25 00:10:06,-101.9618,31.8276,  45.1,21442,-60.1,-82.0,-77.2,  4,  8, 0.01, 95, 4.3
2026-05-25 00:10:07,-101.9619,31.8276,  45.1,21447,-60.1,-82.0,-77.3,  4,  8, 0.01, 97, 4.3
2026-05-25 00:10:08,-101.9619,31.8276,  45.1,21452,-60.1,-82.0,-77.3,  4,  8, 0.01, 98, 4.3
2026-05-25 00:10:09,-101.9620,31.8277,  45.0,21457,-60.1,-82.0,-77.3,  4,  8, 0.01, 99, 4.4
2026-05-25 00:10:10,-101.9620,31.8277,  45.0,21462,-60.1,-82.0,-77.3,  4,  8, 0.01,100, 4.4
2026-05-25 00:10:11,-101.9621,31.8277,  44.9,21468,-60.1,-82.1,-77.3,  4,  8, 0.01,102, 4.4
2026-05-25 00:10:12,-101.9621,31.8277,  44.9,21473,-60.1,-82.1,-77.3,  4,  8, 0.01,103, 4.5
2026-05-25 00:10:13,-101.9622,31.8277,  44.9,21479,-60.2,-82.1,-77.3,  4,  8, 0.01,104, 4.5
2026-05-25 00:10:14,-101.9622,31.8277,  44.8,21484,-60.2,-82.1,-77.3,  4,  8, 0.01,105, 4.5
2026-05-25 00:10:15,-101.9623,31.8277,  44.8,21489,-60.2,-82.1,-77.3,  4,  8, 0.01,106, 4.6
2026-05-25 00:10:16,-101.9623,31.8277,  44.7,21495,-60.2,-82.1,-77.3,  4,  8, 0.01,108, 4.6
2026-05-25 00:10:17,-101.9623,31.8278,  44.7,21500,-60.2,-82.1,-77.3,  4,  8, 0.01,109, 4.7
2026-05-25 00:10:18,-101.9624,31.8278,  44.7,21506,-60.2,-82.1,-77.3,  4,  8, 0.01,110, 4.7
2026-05-25 00:10:19,-101.9624,31.8278,  44.6,21511,-60.2,-82.1,-77.3,  4,  8, 0.01,111, 4.7
2026-05-25 00:10:20,-101.9625,31.8278,  44.6,21517,-60.2,-82.1,-77.3,  4,  8, 0.01,112, 4.7
2026-05-25 00:10:21,-101.9625,31.8278,  44.6,21522,-60.2,-82.1,-77.3,  4,  8, 0.01,113, 4.8
2026-05-25 00:10:22,-101.9626,31.8278,  44.5,21527,-60.2,-82.1,-77.3,  4,  8, 0.01,114, 4.8
2026-05-25 00:10:23,-101.9626,31.8278,  44.5,21533,-60.2,-82.1,-77.3,  4,  8, 0.01,114, 4.8
2026-05-25 00:10:24,-101.9626,31.8278,  44.4,21538,-60.2,-82.1,-77.3,  4,  8, 0.01,114, 4.7
2026-05-25 00:10:25,-101.9627,31.8278,  44.4,21543,-60.2,-82.1,-77.3,  4,  8, 0.01,113, 4.7
2026-05-25 00:10:26,-101.9627,31.8278,  44.4,21548,-60.2,-82.1,-77.3,  4,  8, 0.01,113, 4.6
2026-05-25 00:10:27,-101.9627,31.8278,  44.3,21554,-60.2,-82.0,-77.3,  4,  8, 0.01,113, 4.6
2026-05-25 00:10:28,-101.9628,31.8278,  44.3,21559,-60.2,-82.0,-77.3,  4,  8, 0.01,113, 4.6
2026-05-25 00:10:29,-101.9628,31.8279,  44.3,21564,-60.1,-82.0,-77.3,  4,  8, 0.01,113, 4.5
2026-05-25 00:10:30,-101.9628,31.8279,  44.2,21570,-60.1,-82.0,-77.3,  4,  8, 0.01,113, 4.5
2026-05-25 00:10:31,-101.9629,31.8279,  44.2,21575,-60.1,-82.0,-77.2,  4,  8, 0.01,112, 4.4
2026-05-25 00:10:32,-101.9629,31.8279,  44.1,21581,-60.1,-82.0,-77.2,  4,  8, 0.01,112, 4.4
2026-05-25 00:10:33,-101.9629,31.8279,  44.1,21586,-60.1,-82.0,-77.2,  4,  8, 0.01,112, 4.3
2026-05-25 00:10:34,-101.9630,31.8279,  44.1,21592,-60.1,-82.0,-77.2,  4,  8, 0.01,112, 4.3
2026-05-25 00:10:35,-101.9630,31.8279,  44.0,21597,-60.1,-82.0,-77.2,  4,  8, 0.01,112, 4.2
2026-05-25 00:10:36,-101.9630,31.8279,  44.0,21603,-60.1,-82.0,-77.2,  4,  8, 0.01,111, 4.2
2026-05-25 00:10:37,-101.9631,31.8279,  43.9,21608,-60.1,-82.0,-77.2,  4,  8, 0.01,111, 4.1
2026-05-25 00:10:38,-101.9631,31.8279,  43.9,21614,-60.1,-82.0,-77.2,  4,  8, 0.01,111, 4.1
2026-05-25 00:10:39,-101.9631,31.8279,  43.9,21619,-60.1,-82.0,-77.2,  4,  8, 0.01,111, 4.0
2026-05-25 00:10:40,-101.9632,31.8279,  43.8,21624,-60.0,-82.0,-77.2,  4,  8, 0.01,111, 4.0
2026-05-25 00:10:41,-101.9632,31.8279,  43.8,21629,-60.0,-82.0,-77.2,  4,  8, 0.01,110, 3.9
2026-05-25 00:10:42,-101.9632,31.8279,  43.8,21635,-60.0,-82.0,-77.2,  4,  8, 0.01,110, 3.9
2026-05-25 00:10:43,-101.9633,31.8279,  43.7,21640,-60.0,-82.0,-77.2,  4,  8, 0.01,108, 3.8
2026-05-25 00:10:44,-101.9633,31.8279,  43.7,21645,-60.0,-82.0,-77.2,  4,  8, 0.01,107, 3.8
2026-05-25 00:10:45,-101.9633,31.8279,  43.6,21650,-60.0,-82.0,-77.2,  4,  8, 0.01,105, 3.7
2026-05-25 00:10:46,-101.9634,31.8279,  43.6,21656,-60.0,-82.0,-77.2,  4,  8, 0.01,103, 3.6
2026-05-25 00:10:47,-101.9634,31.8279,  43.6,21662,-60.0,-82.0,-77.2,  4,  8, 0.01,100, 3.6
2026-05-25 00:10:48,-101.9634,31.8279,  43.5,21667,-60.0,-81.9,-77.2,  4,  8, 0.01, 98, 3.5
2026-05-25 00:10:49,-101.9635,31.8279,  43.5,21672,-60.0,-81.9,-77.2,  4,  8, 0.01, 96, 3.4
2026-05-25 00:10:50,-101.9635,31.8279,  43.5,21678,-60.0,-81.9,-77.2,  4,  8, 0.01, 93, 3.4
2026-05-25 00:10:51,-101.9635,31.8279,  43.4,21683,-59.9,-81.9,-77.1,  4,  8, 0.01, 90, 3.3
2026-05-25 00:10:52,-101.9636,31.8279,  43.4,21689,-59.9,-81.9,-77.1,  4,  8, 0.01, 87, 3.2
2026-05-25 00:10:53,-101.9636,31.8279,  43.3,21694,-59.9,-81.9,-77.1,  4,  8, 0.01, 84, 3.2
2026-05-25 00:10:54,-101.9636,31.8279,  43.3,21700,-59.9,-81.9,-77.1,  4,  8, 0.01, 81, 3.1
2026-05-25 00:10:55,-101.9636,31.8279,  43.3,21705,-59.9,-81.9,-77.1,  4,  8, 0.01, 78, 3.1
2026-05-25 00:10:56,-101.9637,31.8278,  43.2,21711,-59.9,-81.8,-77.1,  4,  8, 0.01, 74, 3.0
2026-05-25 00:10:57,-101.9637,31.8278,  43.2,21717,-59.9,-81.8,-77.1,  4,  8, 0.01, 71, 2.9
2026-05-25 00:10:58,-101.9637,31.8278,  43.1,21722,-59.9,-81.8,-77.1,  4,  8, 0.01, 67, 2.9
2026-05-25 00:10:59,-101.9637,31.8277,  43.1,21728,-59.9,-81.8,-77.1,  4,  8, 0.01, 63, 2.8
2026-05-25 00:11:00,-101.9637,31.8277,  43.1,21733,-59.9,-81.8,-77.0,  4,  8, 0.01, 60, 2.7
2026-05-25 00:11:01,-101.9638,31.8277,  43.0,21739,-59.9,-81.8,-77.0,  4,  8, 0.01, 56, 2.7
2026-05-25 00:11:02,-101.9638,31.8276,  43.0,21744,-59.9,-81.8,-77.0,  4,  8, 0.01, 52, 2.6
2026-05-25 00:11:03,-101.9638,31.8276,  43.0,21750,-59.9,-81.8,-77.0,  5,  8, 0.01, 50, 2.7
2026-05-25 00:11:04,-101.9638,31.8276,  42.9,21755,-59.9,-81.7,-77.0,  5,  8, 0.01, 48, 2.8
2026-05-25 00:11:05,-101.9638,31.8275,  42.9,21761,-59.9,-81.7,-77.0,  5,  8, 0.01, 46, 2.9
2026-05-25 00:11:06,-101.9639,31.8275,  42.8,21767,-59.9,-81.7,-77.0,  5,  8, 0.01, 44, 3.0
2026-05-25 00:11:07,-101.9639,31.8275,  42.8,21772,-59.8,-81.7,-76.9,  5,  8, 0.01, 42, 3.1
2026-05-25 00:11:08,-101.9639,31.8274,  42.8,21778,-59.8,-81.7,-76.9,  5,  8, 0.01, 40, 3.2
2026-05-25 00:11:09,-101.9639,31.8274,  42.7,21784,-59.8,-81.7,-76.9,  5,  8, 0.01, 38, 3.3
2026-05-25 00:11:10,-101.9639,31.8274,  42.7,21789,-59.8,-81.7,-76.9,  5,  8, 0.01, 37, 3.4
2026-05-25 00:11:11,-101.9640,31.8273,  42.6,21795,-59.8,-81.6,-76.9,  5,  8, 0.01, 35, 3.5
2026-05-25 00:11:12,-101.9640,31.8273,  42.6,21800,-59.8,-81.6,-76.9,  5,  8, 0.01, 34, 3.5
2026-05-25 00:11:13,-101.9640,31.8273,  42.6,21806,-59.8,-81.6,-76.9,  5,  8, 0.01, 33, 3.6
2026-05-25 00:11:14,-101.9640,31.8272,  42.5,21811,-59.8,-81.6,-76.8,  5,  8, 0.01, 31, 3.7
2026-05-25 00:11:15,-101.9640,31.8272,  42.5,21817,-59.8,-81.6,-76.8,  5,  8, 0.01, 30, 3.8
2026-05-25 00:11:16,-101.9641,31.8272,  42.5,21822,-59.8,-81.6,-76.8,  5,  8, 0.01, 29, 3.9
2026-05-25 00:11:17,-101.9641,31.8271,  42.4,21828,-59.8,-81.6,-76.8,  5,  8, 0.01, 28, 4.0
2026-05-25 00:11:18,-101.9641,31.8271,  42.4,21833,-59.8,-81.6,-76.8,  5,  8, 0.01, 27, 4.1
2026-05-25 00:11:19,-101.9641,31.8271,  42.3,21839,-59.8,-81.5,-76.8,  5,  8, 0.01, 26, 4.2
2026-05-25 00:11:20,-101.9641,31.8270,  42.3,21844,-59.8,-81.5,-76.8,  5,  8, 0.01, 25, 4.3
2026-05-25 00:11:21,-101.9642,31.8270,  42.3,21849,-59.8,-81.5,-76.8,  5,  8, 0.01, 24, 4.4
2026-05-25 00:11:22,-101.9642,31.8270,  42.2,21855,-59.8,-81.5,-76.8,  5,  8, 0.01, 24, 4.5
2026-05-25 00:11:23,-101.9642,31.8269,  42.2,21860,-59.7,-81.5,-76.8,  5,  8, 0.01, 24, 4.5
2026-05-25 00:11:24,-101.9642,31.8269,  42.2,21865,-59.7,-81.5,-76.7,  5,  8, 0.01, 25, 4.6
2026-05-25 00:11:25,-101.9643,31.8269,  42.1,21871,-59.7,-81.5,-76.7,  5,  8, 0.01, 26, 4.7
2026-05-25 00:11:26,-101.9643,31.8268,  42.1,21877,-59.7,-81.5,-76.7,  5,  8, 0.01, 26, 4.7
2026-05-25 00:11:27,-101.9644,31.8268,  42.1,21882,-59.7,-81.5,-76.7,  5,  8, 0.01, 27, 4.8
2026-05-25 00:11:28,-101.9644,31.8268,  42.0,21888,-59.7,-81.5,-76.7,  5,  8, 0.01, 28, 4.8
2026-05-25 00:11:29,-101.9644,31.8267,  42.0,21894,-59.7,-81.5,-76.7,  5,  8, 0.01, 28, 4.9
2026-05-25 00:11:30,-101.9645,31.8267,  41.9,21899,-59.7,-81.5,-76.7,  5,  8, 0.01, 29, 5.0
2026-05-25 00:11:31,-101.9645,31.8267,  41.9,21905,-59.7,-81.5,-76.8,  5,  8, 0.01, 29, 5.0
2026-05-25 00:11:32,-101.9646,31.8266,  41.9,21910,-59.7,-81.5,-76.8,  5,  8, 0.01, 30, 5.1
2026-05-25 00:11:33,-101.9646,31.8266,  41.8,21916,-59.7,-81.6,-76.8,  5,  8, 0.01, 31, 5.1
2026-05-25 00:11:34,-101.9646,31.8265,  41.8,21922,-59.7,-81.6,-76.8,  5,  8, 0.01, 31, 5.2
2026-05-25 00:11:35,-101.9647,31.8265,  41.8,21927,-59.8,-81.6,-76.9,  5,  8, 0.01, 32, 5.3
2026-05-25 00:11:36,-101.9647,31.8265,  41.7,21933,-59.8,-81.6,-76.9,  5,  8, 0.01, 32, 5.3
2026-05-25 00:11:37,-101.9647,31.8264,  41.7,21938,-59.8,-81.6,-76.9,  5,  8, 0.01, 33, 5.4
2026-05-25 00:11:38,-101.9648,31.8264,  41.6,21944,-59.8,-81.7,-76.9,  5,  8, 0.01, 33, 5.5
2026-05-25 00:11:39,-101.9648,31.8264,  41.6,21950,-59.8,-81.7,-76.9,  4,  8, 0.01, 34, 5.5
2026-05-25 00:11:40,-101.9649,31.8263,  41.6,21955,-59.8,-81.7,-77.0,  4,  8, 0.01, 34, 5.6
2026-05-25 00:11:41,-101.9649,31.8263,  41.5,21961,-59.8,-81.7,-77.0,  4,  8, 0.01, 35, 5.7
2026-05-25 00:11:42,-101.9649,31.8263,  41.5,21967,-59.8,-81.7,-77.0,  4,  8, 0.01, 35, 5.7
2026-05-25 00:11:43,-101.9650,31.8262,  41.5,21972,-59.8,-81.7,-77.0,  4,  8, 0.01, 36, 5.7
2026-05-25 00:11:44,-101.9650,31.8262,  41.4,21978,-59.8,-81.7,-77.0,  5,  8, 0.01, 37, 5.6
2026-05-25 00:11:45,-101.9651,31.8262,  41.4,21984,-59.8,-81.7,-76.9,  5,  8, 0.01, 38, 5.6
2026-05-25 00:11:46,-101.9651,31.8261,  41.3,21990,-59.8,-81.7,-76.9,  5,  8, 0.01, 39, 5.5
2026-05-25 00:11:47,-101.9651,31.8261,  41.3,21995,-59.8,-81.7,-76.9,  5,  8, 0.01, 40, 5.6
2026-05-25 00:11:48,-101.9652,31.8261,  41.3,22001,-59.8,-81.7,-76.9,  5,  8, 0.01, 41, 5.5
2026-05-25 00:11:49,-101.9652,31.8260,  41.2,22006,-59.8,-81.7,-76.9,  5,  8, 0.01, 42, 5.5
2026-05-25 00:11:50,-101.9653,31.8260,  41.2,22012,-59.9,-81.6,-76.9,  5,  8, 0.01, 43, 5.5
2026-05-25 00:11:51,-101.9653,31.8259,  41.2,22018,-59.9,-81.6,-76.9,  5,  8, 0.01, 44, 5.4
2026-05-25 00:11:52,-101.9653,31.8259,  41.1,22023,-59.9,-81.6,-76.9,  5,  8, 0.01, 45, 5.4
2026-05-25 00:11:53,-101.9654,31.8259,  41.1,22029,-59.9,-81.6,-76.9,  5,  8, 0.01, 46, 5.4
2026-05-25 00:11:54,-101.9654,31.8258,  41.0,22034,-59.9,-81.6,-76.9,  5,  8, 0.01, 47, 5.4
2026-05-25 00:11:55,-101.9655,31.8258,  41.0,22040,-59.9,-81.6,-76.9,  5,  8, 0.01, 48, 5.3
2026-05-25 00:11:56,-101.9655,31.8258,  41.0,22045,-59.9,-81.6,-76.9,  5,  8, 0.01, 49, 5.3
2026-05-25 00:11:57,-101.9656,31.8258,  40.9,22051,-59.9,-81.6,-76.9,  5,  8, 0.01, 50, 5.3
2026-05-25 00:11:58,-101.9656,31.8258,  40.9,22056,-59.9,-81.6,-76.9,  5,  8, 0.01, 51, 5.2
2026-05-25 00:11:59,-101.9657,31.8258,  40.9,22062,-59.9,-81.6,-76.9,  5,  8, 0.01, 52, 5.2
2026-05-25 00:12:00,-101.9657,31.8258,  40.8,22067,-59.9,-81.6,-76.9,  5,  8, 0.01, 53, 5.1
2026-05-25 00:12:01,-101.9658,31.8257,  40.8,22073,-59.9,-81.6,-76.9,  5,  8, 0.01, 55, 5.1
2026-05-25 00:12:02,-101.9658,31.8257,  40.8,22078,-59.9,-81.6,-76.9,  5,  8, 0.01, 56, 5.1
2026-05-25 00:12:03,-101.9659,31.8257,  40.7,22084,-59.9,-81.6,-76.9,  5,  8, 0.01, 57, 5.1
2026-05-25 00:12:04,-101.9659,31.8257,  40.7,22090,-59.9,-81.6,-76.9,  5,  8, 0.01, 57, 5.1
2026-05-25 00:12:05,-101.9660,31.8257,  40.6,22095,-59.9,-81.6,-76.9,  5,  8, 0.01, 58, 5.1
2026-05-25 00:12:06,-101.9660,31.8257,  40.6,22101,-59.9,-81.6,-76.9,  5,  8, 0.01, 59, 5.1
2026-05-25 00:12:07,-101.9661,31.8257,  40.6,22107,-59.9,-81.6,-76.9,  5,  8, 0.01, 60, 5.1
2026-05-25 00:12:08,-101.9661,31.8256,  40.5,22112,-59.9,-81.6,-76.9,  5,  8, 0.01, 61, 5.1
2026-05-25 00:12:09,-101.9662,31.8256,  40.5,22118,-59.9,-81.6,-76.9,  5,  8, 0.01, 62, 5.1
2026-05-25 00:12:10,-101.9662,31.8256,  40.5,22123,-59.9,-81.6,-76.9,  5,  8, 0.01, 63, 5.1
2026-05-25 00:12:11,-101.9663,31.8256,  40.4,22129,-59.9,-81.6,-76.9,  5,  8, 0.01, 63, 5.1
2026-05-25 00:12:12,-101.9663,31.8256,  40.4,22134,-59.9,-81.6,-76.9,  5,  8, 0.01, 64, 5.1
2026-05-25 00:12:13,-101.9664,31.8256,  40.4,22140,-59.9,-81.7,-76.9,  5,  8, 0.01, 65, 5.1
2026-05-25 00:12:14,-101.9664,31.8255,  40.3,22145,-59.9,-81.7,-76.9,  5,  8, 0.01, 66, 5.1
2026-05-25 00:12:15,-101.9665,31.8255,  40.3,22151,-59.9,-81.7,-76.9,  5,  8, 0.01, 67, 5.1
2026-05-25 00:12:16,-101.9665,31.8255,  40.2,22156,-59.9,-81.7,-76.9,  5,  8, 0.01, 68, 5.1
2026-05-25 00:12:17,-101.9666,31.8255,  40.2,22162,-59.9,-81.7,-76.9,  5,  8, 0.01, 69, 5.1
2026-05-25 00:12:18,-101.9666,31.8255,  40.2,22168,-59.9,-81.7,-76.9,  5,  8, 0.01, 70, 5.1
2026-05-25 00:12:19,-101.9667,31.8255,  40.1,22174,-59.9,-81.7,-76.9,  5,  8, 0.01, 70, 5.1
2026-05-25 00:12:20,-101.9667,31.8255,  40.1,22180,-59.8,-81.7,-76.9,  5,  8, 0.01, 71, 5.1
2026-05-25 00:12:21,-101.9668,31.8254,  40.1,22185,-59.8,-81.7,-76.9,  5,  8, 0.01, 72, 5.1
2026-05-25 00:12:22,-101.9668,31.8254,  40.0,22191,-59.8,-81.7,-76.9,  5,  8, 0.01, 73, 5.1
2026-05-25 00:12:23,-101.9669,31.8254,  40.0,22196,-59.8,-81.7,-76.9,  5,  8, 0.01, 73, 5.1
2026-05-25 00:12:24,-101.9669,31.8254,  40.0,22202,-59.8,-81.7,-76.9,  5,  8, 0.01, 73, 5.0
2026-05-25 00:12:25,-101.9669,31.8254,  39.9,22207,-59.8,-81.7,-76.9,  5,  8, 0.01, 73, 5.0
2026-05-25 00:12:26,-101.9670,31.8254,  39.9,22213,-59.8,-81.7,-76.9,  5,  8, 0.01, 73, 5.0
2026-05-25 00:12:27,-101.9670,31.8253,  39.9,22218,-59.8,-81.7,-76.9,  5,  8, 0.01, 73, 4.9
2026-05-25 00:12:28,-101.9670,31.8253,  39.8,22224,-59.8,-81.7,-76.9,  4,  8, 0.01, 73, 4.9
2026-05-25 00:12:29,-101.9671,31.8253,  39.8,22229,-59.8,-81.7,-76.9,  4,  8, 0.01, 73, 4.8
2026-05-25 00:12:30,-101.9671,31.8253,  39.7,22235,-59.8,-81.7,-77.0,  4,  8, 0.01, 73, 4.8
2026-05-25 00:12:31,-101.9671,31.8253,  39.7,22241,-59.7,-81.7,-77.0,  4,  8, 0.01, 73, 4.8
2026-05-25 00:12:32,-101.9671,31.8253,  39.7,22246,-59.7,-81.7,-77.0,  4,  8, 0.01, 73, 4.7
2026-05-25 00:12:33,-101.9672,31.8252,  39.6,22252,-59.7,-81.7,-77.0,  4,  8, 0.01, 73, 4.7
2026-05-25 00:12:34,-101.9672,31.8252,  39.6,22258,-59.7,-81.7,-77.0,  4,  8, 0.01, 73, 4.7
2026-05-25 00:12:35,-101.9672,31.8252,  39.6,22263,-59.7,-81.7,-77.0,  4,  8, 0.01, 73, 4.6
2026-05-25 00:12:36,-101.9673,31.8252,  39.5,22269,-59.7,-81.7,-77.0,  4,  8, 0.01, 73, 4.6
2026-05-25 00:12:37,-101.9673,31.8252,  39.5,22274,-59.7,-81.7,-77.0,  4,  8, 0.01, 73, 4.5
2026-05-25 00:12:38,-101.9673,31.8252,  39.5,22280,-59.7,-81.7,-77.0,  4,  8, 0.01, 73, 4.5
2026-05-25 00:12:39,-101.9674,31.8251,  39.4,22285,-59.6,-81.7,-77.0,  4,  8, 0.01, 73, 4.5
2026-05-25 00:12:40,-101.9674,31.8251,  39.4,22291,-59.6,-81.8,-77.0,  4,  8, 0.01, 73, 4.4
2026-05-25 00:12:41,-101.9674,31.8251,  39.4,22296,-59.6,-81.8,-77.0,  4,  8, 0.01, 73, 4.4
2026-05-25 00:12:42,-101.9674,31.8251,  39.3,22302,-59.6,-81.8,-77.0,  4,  8, 0.01, 73, 4.3
2026-05-25 00:12:43,-101.9675,31.8251,  39.3,22307,-59.5,-81.8,-77.0,  4,  8, 0.01, 72, 4.3
2026-05-25 00:12:44,-101.9675,31.8251,  39.3,22312,-59.5,-81.8,-77.0,  4,  8, 0.01, 71, 4.2
2026-05-25 00:12:45,-101.9675,31.8250,  39.2,22318,-59.5,-81.8,-77.0,  4,  8, 0.01, 69, 4.1
2026-05-25 00:12:46,-101.9676,31.8250,  39.2,22323,-59.5,-81.8,-77.0,  4,  8, 0.01, 67, 4.0
2026-05-25 00:12:47,-101.9676,31.8250,  39.2,22329,-59.5,-81.8,-77.0,  4,  8, 0.01, 65, 3.9
2026-05-25 00:12:48,-101.9676,31.8250,  39.1,22334,-59.4,-81.8,-77.0,  4,  8, 0.01, 63, 3.9
2026-05-25 00:12:49,-101.9676,31.8250,  39.1,22339,-59.4,-81.8,-77.0,  4,  8, 0.01, 61, 3.8
2026-05-25 00:12:50,-101.9677,31.8250,  39.1,22345,-59.4,-81.7,-77.0,  4,  8, 0.01, 59, 3.7
2026-05-25 00:12:51,-101.9677,31.8250,  39.0,22350,-59.4,-81.7,-77.0,  4,  8, 0.01, 57, 3.6
2026-05-25 00:12:52,-101.9677,31.8249,  39.0,22356,-59.3,-81.7,-76.9,  4,  8, 0.01, 54, 3.5
2026-05-25 00:12:53,-101.9678,31.8249,  38.9,22361,-59.3,-81.7,-76.9,  4,  8, 0.01, 52, 3.5
2026-05-25 00:12:54,-101.9678,31.8249,  38.9,22367,-59.3,-81.6,-76.9,  4,  8, 0.01, 49, 3.4
2026-05-25 00:12:55,-101.9678,31.8249,  38.9,22372,-59.3,-81.6,-76.9,  4,  8, 0.01, 46, 3.3
2026-05-25 00:12:56,-101.9679,31.8249,  38.8,22378,-59.3,-81.6,-76.8,  4,  8, 0.01, 43, 3.2
2026-05-25 00:12:57,-101.9679,31.8248,  38.8,22384,-59.2,-81.6,-76.8,  4,  8, 0.01, 40, 3.1
2026-05-25 00:12:58,-101.9679,31.8248,  38.8,22389,-59.2,-81.6,-76.8,  4,  8, 0.01, 37, 3.1
2026-05-25 00:12:59,-101.9679,31.8248,  38.7,22395,-59.2,-81.5,-76.8,  4,  8, 0.01, 34, 3.0
2026-05-25 00:13:00,-101.9680,31.8247,  38.7,22400,-59.2,-81.5,-76.8,  4,  8, 0.01, 30, 2.9
2026-05-25 00:13:01,-101.9680,31.8247,  38.7,22406,-59.1,-81.5,-76.7,  4,  8, 0.01, 27, 2.8
2026-05-25 00:13:02,-101.9680,31.8247,  38.6,22412,-59.1,-81.5,-76.7,  4,  8, 0.01, 23, 2.7
2026-05-25 00:13:03,-101.9680,31.8246,  38.6,22417,-59.1,-81.4,-76.7,  4,  8, 0.01, 24, 2.8
2026-05-25 00:13:04,-101.9681,31.8246,  38.6,22423,-59.1,-81.4,-76.7,  4,  8, 0.02, 25, 2.9
2026-05-25 00:13:05,-101.9681,31.8246,  38.5,22429,-59.1,-81.4,-76.7,  4,  8, 0.02, 25, 3.0
2026-05-25 00:13:06,-101.9681,31.8245,  38.5,22434,-59.0,-81.4,-76.6,  4,  8, 0.02, 26, 3.0
2026-05-25 00:13:07,-101.9681,31.8245,  38.5,22440,-59.0,-81.4,-76.6,  4,  8, 0.02, 27, 3.1
2026-05-25 00:13:08,-101.9682,31.8245,  38.4,22445,-59.0,-81.4,-76.6,  4,  8, 0.02, 27, 3.2
2026-05-25 00:13:09,-101.9682,31.8245,  38.4,22451,-59.0,-81.3,-76.6,  4,  8, 0.02, 28, 3.3
2026-05-25 00:13:10,-101.9682,31.8244,  38.4,22456,-59.0,-81.3,-76.6,  4,  8, 0.02, 29, 3.3
2026-05-25 00:13:11,-101.9682,31.8244,  38.3,22461,-58.9,-81.3,-76.6,  4,  8, 0.02, 29, 3.4
2026-05-25 00:13:12,-101.9683,31.8244,  38.3,22467,-58.9,-81.3,-76.5,  4,  8, 0.02, 30, 3.5
2026-05-25 00:13:13,-101.9683,31.8243,  38.3,22473,-58.9,-81.3,-76.5,  4,  8, 0.02, 30, 3.6
2026-05-25 00:13:14,-101.9683,31.8243,  38.2,22478,-58.9,-81.2,-76.5,  4,  8, 0.02, 31, 3.6
2026-05-25 00:13:15,-101.9684,31.8243,  38.2,22484,-58.9,-81.2,-76.5,  4,  8, 0.02, 31, 3.7
2026-05-25 00:13:16,-101.9684,31.8242,  38.2,22490,-58.8,-81.2,-76.5,  4,  8, 0.02, 31, 3.8
2026-05-25 00:13:17,-101.9684,31.8242,  38.1,22495,-58.8,-81.2,-76.5,  4,  8, 0.02, 32, 3.9
2026-05-25 00:13:18,-101.9684,31.8242,  38.1,22500,-58.8,-81.2,-76.5,  4,  8, 0.02, 32, 4.0
2026-05-25 00:13:19,-101.9685,31.8241,  38.1,22506,-58.8,-81.2,-76.5,  4,  8, 0.02, 33, 4.0
2026-05-25 00:13:20,-101.9685,31.8241,  38.0,22511,-58.7,-81.2,-76.5,  4,  8, 0.02, 33, 4.1
2026-05-25 00:13:21,-101.9685,31.8241,  38.0,22516,-58.7,-81.2,-76.4,  4,  8, 0.02, 33, 4.2
2026-05-25 00:13:22,-101.9685,31.8240,  38.0,22522,-58.7,-81.2,-76.4,  4,  8, 0.02, 34, 4.3
2026-05-25 00:13:23,-101.9686,31.8240,  37.9,22527,-58.7,-81.2,-76.4,  4,  7, 0.02, 35, 4.4
2026-05-25 00:13:24,-101.9686,31.8240,  37.9,22532,-58.6,-81.2,-76.4,  4,  7, 0.02, 36, 4.6
2026-05-25 00:13:25,-101.9686,31.8239,  37.9,22538,-58.6,-81.2,-76.4,  4,  7, 0.02, 37, 4.7
2026-05-25 00:13:26,-101.9687,31.8239,  37.8,22543,-58.6,-81.2,-76.4,  4,  7, 0.02, 38, 4.9
2026-05-25 00:13:27,-101.9687,31.8239,  37.8,22549,-58.6,-81.2,-76.4,  4,  7, 0.02, 39, 5.0
2026-05-25 00:13:28,-101.9688,31.8238,  37.8,22554,-58.5,-81.2,-76.4,  4,  7, 0.02, 40, 5.2
2026-05-25 00:13:29,-101.9689,31.8238,  37.7,22559,-58.5,-81.2,-76.4,  4,  7, 0.02, 40, 5.3
2026-05-25 00:13:30,-101.9689,31.8237,  37.7,22564,-58.5,-81.2,-76.4,  4,  7, 0.02, 41, 5.5
2026-05-25 00:13:31,-101.9690,31.8237,  37.7,22569,-58.5,-81.2,-76.4,  4,  7, 0.02, 42, 5.7
2026-05-25 00:13:32,-101.9690,31.8236,  37.6,22574,-58.4,-81.2,-76.4,  4,  7, 0.02, 42, 5.8
2026-05-25 00:13:33,-101.9691,31.8236,  37.6,22579,-58.4,-81.2,-76.4,  4,  7, 0.02, 43, 6.0
2026-05-25 00:13:34,-101.9692,31.8235,  37.6,22584,-58.4,-81.2,-76.4,  4,  7, 0.02, 44, 6.1
2026-05-25 00:13:35,-101.9692,31.8235,  37.6,22590,-58.4,-81.2,-76.4,  4,  7, 0.02, 44, 6.3
2026-05-25 00:13:36,-101.9693,31.8234,  37.5,22595,-58.3,-81.2,-76.4,  4,  7, 0.02, 45, 6.5
2026-05-25 00:13:37,-101.9694,31.8234,  37.5,22600,-58.3,-81.2,-76.4,  4,  7, 0.02, 45, 6.6
2026-05-25 00:13:38,-101.9694,31.8234,  37.5,22606,-58.3,-81.2,-76.4,  4,  7, 0.02, 46, 6.8
2026-05-25 00:13:39,-101.9695,31.8233,  37.4,22611,-58.3,-81.2,-76.4,  4,  7, 0.02, 46, 7.0
2026-05-25 00:13:40,-101.9696,31.8233,  37.4,22617,-58.2,-81.2,-76.4,  4,  7, 0.02, 47, 7.1
2026-05-25 00:13:41,-101.9696,31.8232,  37.4,22622,-58.2,-81.2,-76.5,  4,  7, 0.02, 47, 7.3
2026-05-25 00:13:42,-101.9697,31.8232,  37.3,22627,-58.2,-81.2,-76.5,  4,  7, 0.02, 48, 7.5
2026-05-25 00:13:43,-101.9697,31.8231,  37.3,22633,-58.1,-81.2,-76.5,  4,  7, 0.02, 48, 7.5
2026-05-25 00:13:44,-101.9698,31.8231,  37.3,22638,-58.1,-81.2,-76.4,  4,  7, 0.02, 48, 7.5
2026-05-25 00:13:45,-101.9699,31.8230,  37.2,22644,-58.1,-81.2,-76.4,  4,  7, 0.02, 48, 7.6
2026-05-25 00:13:46,-101.9699,31.8230,  37.2,22649,-58.1,-81.2,-76.4,  4,  7, 0.02, 48, 7.6
2026-05-25 00:13:47,-101.9700,31.8229,  37.2,22654,-58.0,-81.2,-76.4,  4,  7, 0.02, 49, 7.6
2026-05-25 00:13:48,-101.9701,31.8229,  37.1,22660,-58.0,-81.2,-76.4,  4,  7, 0.02, 49, 7.6
2026-05-25 00:13:49,-101.9701,31.8229,  37.1,22665,-58.0,-81.2,-76.4,  4,  7, 0.02, 49, 7.7
2026-05-25 00:13:50,-101.9702,31.8228,  37.1,22670,-57.9,-81.1,-76.4,  4,  7, 0.02, 49, 7.7
2026-05-25 00:13:51,-101.9703,31.8228,  37.0,22676,-57.9,-81.1,-76.4,  4,  7, 0.02, 50, 7.7
2026-05-25 00:13:52,-101.9703,31.8227,  37.0,22681,-57.9,-81.1,-76.4,  4,  7, 0.02, 50, 7.8
2026-05-25 00:13:53,-101.9704,31.8227,  37.0,22687,-57.8,-81.1,-76.4,  4,  7, 0.02, 50, 7.8
2026-05-25 00:13:54,-101.9705,31.8226,  37.0,22692,-57.8,-81.1,-76.4,  4,  7, 0.02, 50, 7.8
2026-05-25 00:13:55,-101.9705,31.8226,  36.9,22697,-57.8,-81.1,-76.3,  4,  7, 0.02, 50, 7.9
2026-05-25 00:13:56,-101.9706,31.8225,  36.9,22703,-57.8,-81.1,-76.3,  4,  7, 0.02, 51, 7.9
2026-05-25 00:13:57,-101.9706,31.8225,  36.9,22708,-57.7,-81.1,-76.3,  4,  7, 0.02, 51, 7.9
2026-05-25 00:13:58,-101.9707,31.8224,  36.8,22713,-57.7,-81.0,-76.3,  4,  7, 0.02, 51, 8.0
2026-05-25 00:13:59,-101.9707,31.8224,  36.8,22718,-57.6,-81.0,-76.3,  4,  7, 0.02, 51, 8.0
2026-05-25 00:14:00,-101.9708,31.8223,  36.8,22723,-57.6,-81.0,-76.2,  4,  7, 0.02, 52, 8.0
2026-05-25 00:14:01,-101.9708,31.8223,  36.7,22729,-57.6,-81.0,-76.2,  4,  7, 0.02, 52, 8.1
2026-05-25 00:14:02,-101.9708,31.8222,  36.7,22734,-57.5,-80.9,-76.2,  4,  7, 0.02, 52, 8.1
2026-05-25 00:14:03,-101.9709,31.8222,  36.7,22739,-57.5,-80.9,-76.1,  4,  7, 0.02, 51, 8.0
2026-05-25 00:14:04,-101.9709,31.8221,  36.6,22744,-57.4,-80.9,-76.1,  4,  7, 0.02, 50, 8.0
2026-05-25 00:14:05,-101.9710,31.8221,  36.6,22749,-57.4,-80.8,-76.1,  4,  7, 0.02, 49, 7.9
2026-05-25 00:14:06,-101.9710,31.8220,  36.6,22755,-57.4,-80.8,-76.1,  4,  7, 0.02, 48, 7.8
2026-05-25 00:14:07,-101.9711,31.8220,  36.6,22760,-57.3,-80.8,-76.0,  4,  7, 0.02, 47, 7.8
2026-05-25 00:14:08,-101.9711,31.8219,  36.5,22765,-57.3,-80.8,-76.0,  4,  7, 0.02, 46, 7.8
2026-05-25 00:14:09,-101.9712,31.8219,  36.5,22771,-57.2,-80.7,-76.0,  4,  7, 0.02, 45, 7.7
2026-05-25 00:14:10,-101.9712,31.8218,  36.5,22776,-57.2,-80.7,-76.0,  4,  7, 0.02, 45, 7.7
2026-05-25 00:14:11,-101.9712,31.8218,  36.4,22781,-57.2,-80.7,-75.9,  4,  7, 0.02, 44, 7.6
2026-05-25 00:14:12,-101.9713,31.8217,  36.4,22787,-57.1,-80.7,-75.9,  4,  7, 0.02, 42, 7.6
2026-05-25 00:14:13,-101.9713,31.8217,  36.4,22792,-57.1,-80.6,-75.9,  4,  7, 0.02, 41, 7.5
2026-05-25 00:14:14,-101.9714,31.8216,  36.3,22797,-57.0,-80.6,-75.9,  4,  7, 0.02, 40, 7.5
2026-05-25 00:14:15,-101.9714,31.8216,  36.3,22803,-57.0,-80.6,-75.8,  4,  7, 0.02, 39, 7.4
2026-05-25 00:14:16,-101.9715,31.8215,  36.3,22808,-56.9,-80.6,-75.8,  4,  7, 0.02, 38, 7.4
2026-05-25 00:14:17,-101.9715,31.8215,  36.2,22814,-56.9,-80.5,-75.8,  4,  7, 0.02, 37, 7.3
2026-05-25 00:14:18,-101.9716,31.8214,  36.2,22819,-56.9,-80.5,-75.8,  4,  7, 0.02, 36, 7.3
2026-05-25 00:14:19,-101.9716,31.8214,  36.2,22824,-56.8,-80.5,-75.7,  4,  7, 0.02, 35, 7.2
2026-05-25 00:14:20,-101.9716,31.8213,  36.2,22830,-56.8,-80.5,-75.7,  4,  7, 0.02, 34, 7.1
2026-05-25 00:14:21,-101.9717,31.8213,  36.1,22836,-56.7,-80.4,-75.7,  4,  7, 0.02, 33, 7.1
2026-05-25 00:14:22,-101.9717,31.8212,  36.1,22841,-56.7,-80.4,-75.7,  4,  7, 0.02, 32, 7.1
2026-05-25 00:14:23,-101.9718,31.8211,  36.1,22847,-56.7,-80.4,-75.6,  4,  7, 0.02, 32, 7.1
2026-05-25 00:14:24,-101.9718,31.8211,  36.0,22852,-56.6,-80.4,-75.6,  4,  6, 0.02, 33, 7.1
2026-05-25 00:14:25,-101.9719,31.8210,  36.0,22857,-56.6,-80.3,-75.6,  4,  6, 0.02, 33, 7.1
2026-05-25 00:14:26,-101.9719,31.8210,  36.0,22863,-56.5,-80.3,-75.6,  4,  6, 0.02, 33, 7.1
2026-05-25 00:14:27,-101.9720,31.8209,  35.9,22868,-56.5,-80.3,-75.6,  4,  6, 0.02, 34, 7.1
2026-05-25 00:14:28,-101.9720,31.8209,  35.9,22873,-56.4,-80.3,-75.5,  4,  6, 0.02, 34, 7.1
2026-05-25 00:14:29,-101.9721,31.8209,  35.9,22878,-56.4,-80.3,-75.5,  4,  6, 0.02, 35, 7.1
2026-05-25 00:14:30,-101.9721,31.8208,  35.8,22884,-56.4,-80.2,-75.5,  4,  6, 0.02, 35, 7.1
2026-05-25 00:14:31,-101.9722,31.8208,  35.8,22889,-56.3,-80.2,-75.5,  4,  6, 0.02, 36, 7.1
2026-05-25 00:14:32,-101.9722,31.8207,  35.8,22894,-56.3,-80.2,-75.4,  4,  6, 0.02, 36, 7.1
2026-05-25 00:14:33,-101.9723,31.8207,  35.8,22899,-56.2,-80.2,-75.4,  4,  6, 0.02, 37, 7.1
2026-05-25 00:14:34,-101.9723,31.8206,  35.7,22904,-56.2,-80.2,-75.4,  4,  6, 0.02, 37, 7.1
2026-05-25 00:14:35,-101.9724,31.8206,  35.7,22910,-56.2,-80.1,-75.4,  4,  6, 0.02, 37, 7.1
2026-05-25 00:14:36,-101.9724,31.8206,  35.7,22915,-56.1,-80.1,-75.4,  4,  6, 0.02, 38, 7.1
2026-05-25 00:14:37,-101.9725,31.8205,  35.6,22920,-56.1,-80.1,-75.3,  4,  6, 0.02, 38, 7.1
2026-05-25 00:14:38,-101.9726,31.8205,  35.6,22925,-56.0,-80.0,-75.3,  4,  6, 0.02, 39, 7.1
2026-05-25 00:14:39,-101.9726,31.8204,  35.6,22931,-56.0,-80.0,-75.3,  4,  6, 0.02, 39, 7.1
2026-05-25 00:14:40,-101.9727,31.8204,  35.6,22936,-56.0,-80.0,-75.2,  4,  6, 0.02, 40, 7.1
2026-05-25 00:14:41,-101.9727,31.8204,  35.5,22941,-55.9,-80.0,-75.2,  4,  6, 0.02, 40, 7.1
2026-05-25 00:14:42,-101.9728,31.8203,  35.5,22946,-55.9,-79.9,-75.2,  4,  6, 0.02, 41, 7.1
2026-05-25 00:14:43,-101.9728,31.8203,  35.5,22952,-55.8,-79.9,-75.2,  4,  6, 0.02, 41, 7.1
2026-05-25 00:14:44,-101.9729,31.8202,  35.4,22957,-55.8,-79.9,-75.1,  4,  6, 0.02, 42, 7.1
2026-05-25 00:14:45,-101.9729,31.8202,  35.4,22962,-55.8,-79.8,-75.1,  4,  6, 0.02, 43, 7.0
2026-05-25 00:14:46,-101.9730,31.8202,  35.4,22967,-55.7,-79.8,-75.1,  4,  6, 0.02, 44, 7.0
2026-05-25 00:14:47,-101.9730,31.8201,  35.3,22973,-55.7,-79.8,-75.1,  4,  6, 0.02, 44, 7.0
2026-05-25 00:14:48,-101.9731,31.8201,  35.3,22978,-55.7,-79.8,-75.0,  4,  6, 0.02, 45, 7.0
2026-05-25 00:14:49,-101.9731,31.8200,  35.3,22984,-55.6,-79.7,-75.0,  4,  6, 0.02, 46, 6.9
2026-05-25 00:14:50,-101.9732,31.8200,  35.3,22989,-55.6,-79.7,-74.9,  4,  6, 0.02, 47, 6.9
2026-05-25 00:14:51,-101.9733,31.8200,  35.2,22995,-55.5,-79.6,-74.9,  4,  6, 0.02, 47, 6.9
2026-05-25 00:14:52,-101.9733,31.8199,  35.2,23000,-55.5,-79.6,-74.9,  4,  6, 0.02, 48, 6.9
2026-05-25 00:14:53,-101.9734,31.8199,  35.2,23005,-55.5,-79.6,-74.8,  4,  6, 0.02, 49, 6.8
2026-05-25 00:14:54,-101.9734,31.8198,  35.1,23011,-55.5,-79.5,-74.8,  4,  6, 0.02, 50, 6.8
2026-05-25 00:14:55,-101.9735,31.8198,  35.1,23016,-55.4,-79.5,-74.8,  4,  6, 0.02, 51, 6.8
2026-05-25 00:14:56,-101.9735,31.8197,  35.1,23021,-55.4,-79.5,-74.7,  4,  6, 0.02, 51, 6.8
2026-05-25 00:14:57,-101.9736,31.8197,  35.1,23027,-55.4,-79.4,-74.7,  4,  6, 0.02, 52, 6.8
2026-05-25 00:14:58,-101.9736,31.8197,  35.0,23032,-55.3,-79.4,-74.7,  4,  6, 0.02, 53, 6.8
2026-05-25 00:14:59,-101.9737,31.8196,  35.0,23037,-55.3,-79.4,-74.6,  4,  6, 0.02, 54, 6.8
2026-05-25 00:15:00,-101.9737,31.8196,  35.0,23043,-55.3,-79.3,-74.6,  4,  6, 0.02, 55, 6.8
2026-05-25 00:15:01,-101.9737,31.8195,  34.9,23048,-55.2,-79.3,-74.6,  4,  6, 0.02, 55, 6.8
2026-05-25 00:15:02,-101.9738,31.8195,  34.9,23053,-55.2,-79.3,-74.5,  4,  6, 0.02, 56, 6.7
2026-05-25 00:15:03,-101.9738,31.8195,  34.9,23059,-55.2,-79.2,-74.5,  4,  6, 0.02, 55, 6.7
2026-05-25 00:15:04,-101.9738,31.8194,  34.8,23064,-55.1,-79.2,-74.5,  4,  6, 0.02, 54, 6.6
2026-05-25 00:15:05,-101.9739,31.8194,  34.8,23070,-55.1,-79.2,-74.5,  4,  6, 0.02, 53, 6.5
2026-05-25 00:15:06,-101.9739,31.8193,  34.8,23075,-55.1,-79.2,-74.4,  4,  6, 0.02, 52, 6.5
2026-05-25 00:15:07,-101.9739,31.8193,  34.8,23080,-55.1,-79.1,-74.4,  4,  6, 0.02, 51, 6.4
2026-05-25 00:15:08,-101.9740,31.8193,  34.7,23086,-55.1,-79.1,-74.4,  4,  6, 0.02, 50, 6.3
2026-05-25 00:15:09,-101.9740,31.8192,  34.7,23091,-55.0,-79.1,-74.4,  4,  6, 0.02, 48, 6.3
2026-05-25 00:15:10,-101.9740,31.8192,  34.7,23097,-55.0,-79.1,-74.3,  4,  6, 0.02, 47, 6.2
2026-05-25 00:15:11,-101.9741,31.8191,  34.6,23102,-55.0,-79.1,-74.3,  4,  6, 0.02, 46, 6.1
2026-05-25 00:15:12,-101.9741,31.8191,  34.6,23108,-55.0,-79.0,-74.3,  4,  6, 0.02, 45, 6.1
2026-05-25 00:15:13,-101.9741,31.8191,  34.6,23113,-54.9,-79.0,-74.3,  4,  6, 0.02, 43, 6.0
2026-05-25 00:15:14,-101.9742,31.8190,  34.6,23119,-54.9,-79.0,-74.3,  4,  6, 0.02, 42, 6.0
2026-05-25 00:15:15,-101.9742,31.8190,  34.5,23124,-54.9,-79.0,-74.2,  4,  6, 0.02, 41, 5.9
2026-05-25 00:15:16,-101.9742,31.8189,  34.5,23130,-54.9,-79.0,-74.2,  4,  6, 0.02, 39, 5.8
2026-05-25 00:15:17,-101.9743,31.8189,  34.5,23135,-54.8,-78.9,-74.2,  4,  6, 0.02, 38, 5.8
2026-05-25 00:15:18,-101.9743,31.8189,  34.4,23141,-54.8,-78.9,-74.2,  4,  6, 0.02, 36, 5.7
2026-05-25 00:15:19,-101.9743,31.8188,  34.4,23146,-54.8,-78.9,-74.2,  4,  6, 0.03, 35, 5.6
2026-05-25 00:15:20,-101.9744,31.8188,  34.4,23152,-54.8,-78.9,-74.1,  4,  6, 0.03, 33, 5.6
2026-05-25 00:15:21,-101.9744,31.8187,  34.3,23157,-54.7,-78.9,-74.1,  4,  6, 0.03, 32, 5.5
2026-05-25 00:15:22,-101.9744,31.8187,  34.3,23163,-54.7,-78.8,-74.1,  4,  6, 0.03, 30, 5.4
2026-05-25 00:15:23,-101.9745,31.8187,  34.3,23169,-54.7,-78.8,-74.1,  4,  6, 0.03, 30, 5.4
2026-05-25 00:15:24,-101.9745,31.8186,  34.3,23174,-54.7,-78.8,-74.0,  4,  6, 0.03, 30, 5.4
2026-05-25 00:15:25,-101.9745,31.8186,  34.2,23180,-54.7,-78.8,-74.0,  4,  6, 0.03, 30, 5.5
2026-05-25 00:15:26,-101.9746,31.8185,  34.2,23185,-54.6,-78.7,-74.0,  4,  6, 0.03, 29, 5.5
2026-05-25 00:15:27,-101.9746,31.8185,  34.2,23191,-54.6,-78.7,-74.0,  4,  6, 0.03, 29, 5.5
2026-05-25 00:15:28,-101.9746,31.8185,  34.1,23197,-54.6,-78.7,-74.0,  4,  6, 0.03, 29, 5.5
2026-05-25 00:15:29,-101.9747,31.8184,  34.1,23202,-54.6,-78.7,-73.9,  4,  6, 0.03, 29, 5.5
2026-05-25 00:15:30,-101.9747,31.8183,  34.1,23208,-54.5,-78.7,-73.9,  4,  6, 0.03, 29, 5.5
2026-05-25 00:15:31,-101.9747,31.8183,  34.0,23214,-54.5,-78.6,-73.9,  4,  6, 0.03, 28, 5.5
2026-05-25 00:15:32,-101.9747,31.8182,  34.0,23219,-54.5,-78.6,-73.9,  4,  6, 0.03, 28, 5.5
2026-05-25 00:15:33,-101.9748,31.8182,  34.0,23225,-54.5,-78.6,-73.9,  4,  6, 0.03, 28, 5.6
2026-05-25 00:15:34,-101.9748,31.8181,  34.0,23231,-54.5,-78.6,-73.9,  4,  6, 0.03, 28, 5.6
2026-05-25 00:15:35,-101.9748,31.8181,  33.9,23236,-54.4,-78.6,-73.8,  4,  6, 0.03, 28, 5.6
2026-05-25 00:15:36,-101.9749,31.8180,  33.9,23242,-54.4,-78.6,-73.8,  4,  6, 0.03, 27, 5.6
2026-05-25 00:15:37,-101.9749,31.8180,  33.9,23248,-54.4,-78.6,-73.8,  4,  6, 0.03, 27, 5.6
2026-05-25 00:15:38,-101.9749,31.8179,  33.8,23253,-54.4,-78.5,-73.8,  4,  6, 0.03, 27, 5.6
2026-05-25 00:15:39,-101.9750,31.8178,  33.8,23259,-54.4,-78.5,-73.8,  4,  6, 0.03, 27, 5.6
2026-05-25 00:15:40,-101.9750,31.8178,  33.8,23264,-54.4,-78.5,-73.8,  4,  6, 0.03, 27, 5.7
2026-05-25 00:15:41,-101.9750,31.8177,  33.7,23270,-54.4,-78.5,-73.8,  4,  6, 0.03, 27, 5.7
2026-05-25 00:15:42,-101.9751,31.8177,  33.7,23276,-54.3,-78.5,-73.7,  4,  6, 0.03, 26, 5.7
2026-05-25 00:15:43,-101.9751,31.8176,  33.7,23281,-54.3,-78.5,-73.7,  4,  7, 0.03, 26, 5.8
2026-05-25 00:15:44,-101.9751,31.8176,  33.7,23287,-54.3,-78.4,-73.7,  4,  7, 0.03, 26, 5.9
2026-05-25 00:15:45,-101.9752,31.8175,  33.6,23293,-54.3,-78.4,-73.7,  4,  7, 0.03, 26, 6.0
2026-05-25 00:15:46,-101.9752,31.8175,  33.6,23298,-54.3,-78.4,-73.7,  4,  7, 0.03, 26, 6.1
2026-05-25 00:15:47,-101.9752,31.8174,  33.6,23304,-54.3,-78.4,-73.7,  4,  7, 0.03, 26, 6.2
2026-05-25 00:15:48,-101.9753,31.8173,  33.5,23310,-54.3,-78.4,-73.7,  4,  7, 0.03, 26, 6.3
2026-05-25 00:15:49,-101.9753,31.8173,  33.5,23315,-54.3,-78.4,-73.6,  4,  7, 0.03, 26, 6.4
2026-05-25 00:15:50,-101.9753,31.8172,  33.5,23321,-54.3,-78.4,-73.6,  4,  7, 0.03, 26, 6.5
2026-05-25 00:15:51,-101.9753,31.8172,  33.4,23327,-54.3,-78.3,-73.6,  4,  7, 0.03, 25, 6.6
2026-05-25 00:15:52,-101.9754,31.8171,  33.4,23332,-54.2,-78.3,-73.6,  4,  7, 0.03, 25, 6.7
2026-05-25 00:15:53,-101.9754,31.8171,  33.4,23338,-54.2,-78.3,-73.6,  4,  7, 0.03, 25, 6.8
2026-05-25 00:15:54,-101.9754,31.8170,  33.4,23344,-54.2,-78.3,-73.6,  4,  7, 0.03, 25, 6.9
2026-05-25 00:15:55,-101.9755,31.8169,  33.3,23349,-54.2,-78.3,-73.6,  4,  7, 0.03, 25, 7.0
2026-05-25 00:15:56,-101.9755,31.8169,  33.3,23355,-54.2,-78.3,-73.5,  4,  7, 0.03, 25, 7.1
2026-05-25 00:15:57,-101.9755,31.8168,  33.3,23361,-54.2,-78.3,-73.5,  4,  7, 0.03, 25, 7.2
2026-05-25 00:15:58,-101.9756,31.8168,  33.2,23366,-54.2,-78.3,-73.5,  4,  7, 0.03, 25, 7.3
2026-05-25 00:15:59,-101.9756,31.8167,  33.2,23372,-54.2,-78.3,-73.5,  4,  7, 0.03, 25, 7.4
2026-05-25 00:16:00,-101.9756,31.8167,  33.2,23378,-54.2,-78.2,-73.5,  4,  7, 0.03, 25, 7.5
2026-05-25 00:16:01,-101.9757,31.8166,  33.2,23383,-54.2,-78.2,-73.5,  4,  7, 0.03, 25, 7.7
2026-05-25 00:16:02,-101.9757,31.8165,  33.1,23389,-54.2,-78.2,-73.5,  4,  7, 0.03, 25, 7.8
2026-05-25 00:16:03,-101.9758,31.8165,  33.1,23395,-54.2,-78.2,-73.5,  4,  7, 0.03, 25, 7.8
2026-05-25 00:16:04,-101.9758,31.8164,  33.1,23400,-54.2,-78.2,-73.5,  4,  7, 0.03, 25, 7.8
2026-05-25 00:16:05,-101.9759,31.8163,  33.0,23405,-54.2,-78.2,-73.5,  4,  7, 0.03, 25, 7.9
2026-05-25 00:16:06,-101.9759,31.8163,  33.0,23411,-54.2,-78.2,-73.5,  4,  7, 0.03, 24, 7.9
2026-05-25 00:16:07,-101.9759,31.8162,  33.0,23416,-54.2,-78.2,-73.5,  4,  7, 0.03, 24, 7.9
2026-05-25 00:16:08,-101.9760,31.8161,  33.0,23421,-54.1,-78.2,-73.5,  4,  7, 0.03, 24, 8.0
2026-05-25 00:16:09,-101.9760,31.8161,  32.9,23426,-54.1,-78.2,-73.5,  4,  7, 0.03, 24, 8.0
2026-05-25 00:16:10,-101.9761,31.8160,  32.9,23432,-54.1,-78.2,-73.5,  4,  7, 0.03, 24, 8.0
2026-05-25 00:16:11,-101.9761,31.8159,  32.9,23438,-54.1,-78.2,-73.5,  4,  7, 0.03, 24, 8.1
2026-05-25 00:16:12,-101.9762,31.8159,  32.8,23444,-54.1,-78.2,-73.5,  4,  7, 0.03, 24, 8.1
2026-05-25 00:16:13,-101.9762,31.8158,  32.8,23449,-54.1,-78.2,-73.5,  4,  7, 0.03, 24, 8.1
2026-05-25 00:16:14,-101.9762,31.8157,  32.8,23455,-54.1,-78.2,-73.5,  4,  7, 0.03, 24, 8.2
2026-05-25 00:16:15,-101.9763,31.8157,  32.8,23461,-54.1,-78.2,-73.5,  4,  7, 0.03, 24, 8.2
2026-05-25 00:16:16,-101.9763,31.8156,  32.7,23467,-54.1,-78.3,-73.5,  4,  7, 0.03, 24, 8.2
2026-05-25 00:16:17,-101.9764,31.8155,  32.7,23472,-54.1,-78.3,-73.5,  4,  7, 0.03, 24, 8.3
2026-05-25 00:16:18,-101.9764,31.8155,  32.7,23478,-54.1,-78.3,-73.5,  4,  6, 0.03, 24, 8.3
2026-05-25 00:16:19,-101.9765,31.8154,  32.6,23484,-54.1,-78.3,-73.5,  4,  6, 0.03, 24, 8.3
2026-05-25 00:16:20,-101.9765,31.8153,  32.6,23489,-54.1,-78.3,-73.5,  4,  6, 0.03, 24, 8.4
2026-05-25 00:16:21,-101.9765,31.8153,  32.6,23495,-54.1,-78.3,-73.6,  4,  6, 0.03, 24, 8.4
2026-05-25 00:16:22,-101.9766,31.8152,  32.5,23501,-54.1,-78.3,-73.5,  4,  6, 0.03, 24, 8.4
2026-05-25 00:16:23,-101.9766,31.8151,  32.5,23507,-54.0,-78.3,-73.5,  4,  6, 0.03, 25, 8.4
2026-05-25 00:16:24,-101.9767,31.8151,  32.5,23513,-54.0,-78.3,-73.5,  4,  6, 0.03, 26, 8.5
2026-05-25 00:16:25,-101.9767,31.8150,  32.5,23519,-54.0,-78.3,-73.5,  4,  6, 0.03, 27, 8.5
2026-05-25 00:16:26,-101.9768,31.8149,  32.4,23525,-54.0,-78.2,-73.5,  4,  6, 0.03, 28, 8.6
2026-05-25 00:16:27,-101.9768,31.8149,  32.4,23531,-54.0,-78.2,-73.5,  4,  6, 0.03, 29, 8.6
2026-05-25 00:16:28,-101.9768,31.8148,  32.4,23537,-54.0,-78.2,-73.5,  4,  6, 0.03, 30, 8.7
2026-05-25 00:16:29,-101.9769,31.8147,  32.3,23543,-54.0,-78.2,-73.5,  4,  6, 0.03, 31, 8.7
2026-05-25 00:16:30,-101.9769,31.8147,  32.3,23549,-54.0,-78.2,-73.5,  4,  6, 0.03, 32, 8.7
2026-05-25 00:16:31,-101.9770,31.8146,  32.3,23555,-54.0,-78.2,-73.5,  4,  6, 0.03, 33, 8.8
2026-05-25 00:16:32,-101.9771,31.8146,  32.2,23561,-54.0,-78.2,-73.5,  4,  6, 0.03, 34, 8.8
2026-05-25 00:16:33,-101.9772,31.8145,  32.2,23567,-54.0,-78.2,-73.4,  4,  6, 0.03, 35, 8.8
2026-05-25 00:16:34,-101.9773,31.8145,  32.2,23573,-54.0,-78.2,-73.4,  4,  6, 0.03, 36, 8.9
2026-05-25 00:16:35,-101.9774,31.8144,  32.2,23579,-54.0,-78.2,-73.4,  4,  6, 0.03, 37, 8.9
2026-05-25 00:16:36,-101.9774,31.8144,  32.1,23585,-53.9,-78.1,-73.4,  4,  6, 0.03, 38, 8.9
2026-05-25 00:16:37,-101.9775,31.8143,  32.1,23591,-53.9,-78.1,-73.4,  4,  6, 0.03, 39, 9.0
2026-05-25 00:16:38,-101.9776,31.8143,  32.1,23597,-53.9,-78.1,-73.4,  4,  6, 0.03, 40, 8.9
2026-05-25 00:16:39,-101.9777,31.8142,  32.0,23603,-53.9,-78.1,-73.4,  4,  7, 0.03, 41, 9.0
2026-05-25 00:16:40,-101.9778,31.8142,  32.0,23609,-53.9,-78.1,-73.4,  4,  7, 0.03, 42, 9.0
2026-05-25 00:16:41,-101.9779,31.8141,  32.0,23615,-53.9,-78.1,-73.3,  4,  7, 0.03, 43, 9.1
2026-05-25 00:16:42,-101.9780,31.8141,  31.9,23621,-53.9,-78.1,-73.3,  4,  7, 0.03, 44, 9.2
2026-05-25 00:16:43,-101.9780,31.8140,  31.9,23627,-53.9,-78.0,-73.3,  4,  7, 0.03, 45, 9.2
2026-05-25 00:16:44,-101.9781,31.8140,  31.9,23633,-53.9,-78.0,-73.3,  4,  7, 0.03, 46, 9.2
2026-05-25 00:16:45,-101.9782,31.8140,  31.9,23639,-53.9,-78.0,-73.3,  4,  7, 0.03, 47, 9.2
2026-05-25 00:16:46,-101.9783,31.8139,  31.8,23645,-53.9,-78.0,-73.3,  4,  7, 0.03, 48, 9.2
2026-05-25 00:16:47,-101.9784,31.8139,  31.8,23651,-53.9,-78.0,-73.3,  4,  7, 0.03, 49, 9.3
2026-05-25 00:16:48,-101.9785,31.8138,  31.8,23657,-53.8,-78.0,-73.2,  4,  7, 0.03, 50, 9.4
2026-05-25 00:16:49,-101.9786,31.8138,  31.7,23663,-53.8,-78.0,-73.2,  4,  7, 0.03, 51, 9.4
2026-05-25 00:16:50,-101.9786,31.8137,  31.7,23669,-53.8,-77.9,-73.2,  4,  7, 0.03, 52, 9.5
2026-05-25 00:16:51,-101.9787,31.8137,  31.7,23676,-53.8,-77.9,-73.2,  4,  7, 0.03, 53, 9.5
2026-05-25 00:16:52,-101.9788,31.8136,  31.6,23682,-53.8,-77.9,-73.1,  4,  7, 0.03, 54, 9.5
2026-05-25 00:16:53,-101.9789,31.8136,  31.6,23688,-53.8,-77.8,-73.1,  4,  7, 0.03, 55, 9.6
2026-05-25 00:16:54,-101.9790,31.8135,  31.6,23694,-53.8,-77.8,-73.1,  4,  7, 0.03, 56, 9.6
2026-05-25 00:16:55,-101.9791,31.8135,  31.6,23700,-53.8,-77.8,-73.1,  4,  7, 0.03, 57, 9.6
2026-05-25 00:16:56,-101.9792,31.8134,  31.5,23706,-53.8,-77.8,-73.0,  4,  7, 0.03, 57, 9.7
2026-05-25 00:16:57,-101.9792,31.8134,  31.5,23712,-53.7,-77.7,-73.0,  4,  7, 0.03, 58, 9.6
2026-05-25 00:16:58,-101.9793,31.8134,  31.5,23718,-53.7,-77.7,-73.0,  4,  7, 0.03, 59, 9.7
2026-05-25 00:16:59,-101.9794,31.8133,  31.4,23725,-53.7,-77.7,-72.9,  4,  7, 0.03, 60, 9.7
2026-05-25 00:17:00,-101.9795,31.8133,  31.4,23731,-53.7,-77.6,-72.9,  4,  7, 0.03, 61, 9.8
2026-05-25 00:17:01,-101.9796,31.8132,  31.4,23737,-53.7,-77.6,-72.9,  4,  7, 0.03, 62, 9.8
2026-05-25 00:17:02,-101.9796,31.8132,  31.3,23743,-53.7,-77.6,-72.9,  4,  7, 0.03, 63, 9.9
2026-05-25 00:17:03,-101.9797,31.8132,  31.3,23748,-53.7,-77.6,-72.8,  4,  7, 0.03, 63, 9.8
2026-05-25 00:17:04,-101.9798,31.8131,  31.3,23754,-53.6,-77.6,-72.8,  4,  7, 0.03, 63, 9.7
2026-05-25 00:17:05,-101.9799,31.8131,  31.3,23760,-53.6,-77.6,-72.8,  4,  7, 0.03, 63, 9.6
2026-05-25 00:17:06,-101.9799,31.8131,  31.2,23766,-53.6,-77.5,-72.8,  4,  7, 0.03, 63, 9.6
2026-05-25 00:17:07,-101.9800,31.8130,  31.2,23772,-53.6,-77.5,-72.8,  4,  7, 0.03, 63, 9.5
2026-05-25 00:17:08,-101.9801,31.8130,  31.2,23778,-53.6,-77.5,-72.8,  4,  7, 0.03, 63, 9.4
2026-05-25 00:17:09,-101.9802,31.8130,  31.1,23785,-53.5,-77.5,-72.8,  4,  7, 0.03, 63, 9.3
2026-05-25 00:17:10,-101.9802,31.8129,  31.1,23791,-53.5,-77.5,-72.8,  4,  7, 0.03, 63, 9.2
2026-05-25 00:17:11,-101.9803,31.8129,  31.1,23797,-53.5,-77.5,-72.7,  4,  7, 0.03, 63, 9.1
2026-05-25 00:17:12,-101.9804,31.8129,  31.1,23803,-53.5,-77.5,-72.7,  4,  7, 0.03, 63, 9.1
2026-05-25 00:17:13,-101.9804,31.8128,  31.0,23809,-53.5,-77.4,-72.7,  4,  7, 0.03, 63, 9.0
2026-05-25 00:17:14,-101.9805,31.8128,  31.0,23815,-53.4,-77.4,-72.7,  4,  7, 0.03, 63, 8.9
2026-05-25 00:17:15,-101.9806,31.8128,  31.0,23821,-53.4,-77.4,-72.7,  4,  7, 0.03, 63, 8.8
2026-05-25 00:17:16,-101.9807,31.8127,  30.9,23827,-53.4,-77.4,-72.7,  4,  7, 0.04, 63, 8.7
2026-05-25 00:17:17,-101.9807,31.8127,  30.9,23833,-53.4,-77.4,-72.7,  4,  7, 0.04, 63, 8.6
2026-05-25 00:17:18,-101.9808,31.8127,  30.9,23839,-53.4,-77.4,-72.6,  4,  7, 0.04, 63, 8.5
2026-05-25 00:17:19,-101.9809,31.8126,  30.9,23845,-53.3,-77.4,-72.6,  4,  7, 0.04, 63, 8.5
2026-05-25 00:17:20,-101.9810,31.8126,  30.8,23850,-53.3,-77.4,-72.6,  4,  7, 0.04, 63, 8.4
2026-05-25 00:17:21,-101.9810,31.8126,  30.8,23856,-53.3,-77.3,-72.6,  4,  7, 0.04, 64, 8.3
2026-05-25 00:17:22,-101.9811,31.8125,  30.8,23862,-53.3,-77.3,-72.6,  4,  7, 0.04, 64, 8.2
2026-05-25 00:17:23,-101.9812,31.8125,  30.7,23868,-53.3,-77.3,-72.6,  4,  7, 0.04, 63, 8.1
2026-05-25 00:17:24,-101.9812,31.8125,  30.7,23874,-53.3,-77.3,-72.6,  4,  7, 0.04, 63, 8.0
2026-05-25 00:17:25,-101.9813,31.8124,  30.7,23880,-53.3,-77.3,-72.6,  4,  7, 0.04, 63, 8.0
2026-05-25 00:17:26,-101.9814,31.8124,  30.7,23886,-53.2,-77.3,-72.6,  4,  7, 0.04, 63, 7.9
2026-05-25 00:17:27,-101.9815,31.8124,  30.6,23892,-53.2,-77.3,-72.6,  4,  7, 0.04, 62, 7.8
2026-05-25 00:17:28,-101.9815,31.8123,  30.6,23898,-53.2,-77.3,-72.6,  4,  7, 0.04, 62, 7.7
2026-05-25 00:17:29,-101.9816,31.8123,  30.6,23904,-53.2,-77.3,-72.6,  4,  7, 0.04, 62, 7.6
2026-05-25 00:17:30,-101.9817,31.8123,  30.5,23910,-53.2,-77.2,-72.5,  4,  7, 0.04, 62, 7.5
2026-05-25 00:17:31,-101.9817,31.8123,  30.5,23916,-53.2,-77.2,-72.5,  4,  7, 0.04, 61, 7.5
2026-05-25 00:17:32,-101.9818,31.8122,  30.5,23922,-53.2,-77.2,-72.5,  4,  7, 0.04, 61, 7.4
2026-05-25 00:17:33,-101.9819,31.8122,  30.5,23927,-53.2,-77.2,-72.5,  4,  7, 0.04, 61, 7.3
2026-05-25 00:17:34,-101.9819,31.8122,  30.4,23933,-53.1,-77.2,-72.4,  4,  7, 0.04, 61, 7.2
2026-05-25 00:17:35,-101.9820,31.8122,  30.4,23939,-53.1,-77.1,-72.4,  4,  7, 0.04, 60, 7.1
2026-05-25 00:17:36,-101.9820,31.8122,  30.4,23945,-53.1,-77.1,-72.4,  4,  7, 0.04, 60, 7.0
2026-05-25 00:17:37,-101.9821,31.8122,  30.3,23951,-53.1,-77.1,-72.4,  4,  7, 0.04, 60, 7.0
2026-05-25 00:17:38,-101.9822,31.8121,  30.3,23957,-53.1,-77.1,-72.4,  4,  7, 0.04, 59, 6.9
2026-05-25 00:17:39,-101.9822,31.8121,  30.3,23962,-53.1,-77.1,-72.3,  4,  7, 0.04, 59, 6.8
2026-05-25 00:17:40,-101.9823,31.8121,  30.3,23968,-53.1,-77.0,-72.3,  4,  7, 0.04, 59, 6.7
2026-05-25 00:17:41,-101.9824,31.8121,  30.2,23974,-53.1,-77.0,-72.3,  4,  7, 0.04, 59, 6.6
2026-05-25 00:17:42,-101.9824,31.8121,  30.2,23980,-53.1,-77.0,-72.3,  4,  7, 0.04, 58, 6.5
2026-05-25 00:17:43,-101.9825,31.8121,  30.2,23986,-53.1,-77.0,-72.3,  4,  7, 0.04, 59, 6.5
2026-05-25 00:17:44,-101.9825,31.8120,  30.2,23992,-53.0,-77.0,-72.3,  4,  7, 0.04, 60, 6.5
2026-05-25 00:17:45,-101.9826,31.8120,  30.1,23998,-53.0,-77.0,-72.3,  4,  7, 0.04, 61, 6.4
2026-05-25 00:17:46,-101.9827,31.8120,  30.1,24004,-53.0,-77.0,-72.2,  4,  7, 0.04, 62, 6.4
2026-05-25 00:17:47,-101.9827,31.8120,  30.1,24009,-53.0,-76.9,-72.2,  4,  7, 0.04, 63, 6.5
2026-05-25 00:17:48,-101.9828,31.8120,  30.0,24015,-53.0,-76.9,-72.2,  4,  7, 0.04, 64, 6.5
2026-05-25 00:17:49,-101.9828,31.8120,  30.0,24021,-53.0,-76.9,-72.2,  4,  7, 0.04, 65, 6.4
2026-05-25 00:17:50,-101.9829,31.8119,  30.0,24025,-53.0,-76.9,-72.2,  4,  7, 0.04, 66, 6.4
2026-05-25 00:17:51,-101.9830,31.8119,  30.0,24033,-53.0,-76.9,-72.2,  4,  7, 0.04, 67, 6.4
2026-05-25 00:17:52,-101.9830,31.8119,  29.9,24039,-52.9,-76.9,-72.2,  4,  7, 0.04, 68, 6.4
2026-05-25 00:17:53,-101.9831,31.8119,  29.9,24046,-52.9,-76.9,-72.1,  4,  7, 0.04, 69, 6.4
2026-05-25 00:17:54,-101.9832,31.8119,  29.9,24052,-52.9,-76.9,-72.1,  4,  7, 0.04, 70, 6.4
2026-05-25 00:17:55,-101.9832,31.8119,  29.8,24058,-52.9,-76.8,-72.1,  4,  7, 0.04, 71, 6.3
2026-05-25 00:17:56,-101.9833,31.8118,  29.8,24065,-52.9,-76.8,-72.1,  4,  7, 0.04, 72, 6.3
2026-05-25 00:17:57,-101.9834,31.8118,  29.8,24070,-52.9,-76.8,-72.1,  4,  7, 0.04, 73, 6.3
2026-05-25 00:17:58,-101.9834,31.8118,  29.8,24076,-52.8,-76.8,-72.1,  4,  7, 0.04, 74, 6.3
2026-05-25 00:17:59,-101.9835,31.8118,  29.7,24082,-52.8,-76.8,-72.1,  4,  7, 0.04, 75, 6.2
2026-05-25 00:18:00,-101.9835,31.8118,  29.7,24088,-52.8,-76.8,-72.1,  4,  7, 0.04, 77, 6.2
2026-05-25 00:18:01,-101.9836,31.8118,  29.7,24094,-52.8,-76.8,-72.1,  4,  7, 0.04, 78, 6.2
2026-05-25 00:18:02,-101.9837,31.8118,  29.7,24100,-52.8,-76.8,-72.1,  4,  7, 0.04, 79, 6.2
2026-05-25 00:18:03,-101.9837,31.8118,  29.6,24106,-52.8,-76.8,-72.1,  4,  7, 0.04, 80, 6.2
2026-05-25 00:18:04,-101.9838,31.8118,  29.6,24111,-52.8,-76.8,-72.0,  4,  7, 0.04, 80, 6.2
2026-05-25 00:18:05,-101.9839,31.8118,  29.6,24117,-52.8,-76.8,-72.0,  4,  7, 0.04, 81, 6.2
2026-05-25 00:18:06,-101.9839,31.8118,  29.5,24123,-52.7,-76.8,-72.0,  4,  7, 0.04, 82, 6.2
2026-05-25 00:18:07,-101.9840,31.8118,  29.5,24129,-52.7,-76.7,-72.0,  4,  7, 0.04, 83, 6.2
2026-05-25 00:18:08,-101.9841,31.8118,  29.5,24135,-52.7,-76.7,-72.0,  4,  7, 0.04, 84, 6.2
2026-05-25 00:18:09,-101.9841,31.8118,  29.5,24141,-52.7,-76.7,-72.0,  4,  7, 0.04, 85, 6.2
2026-05-25 00:18:10,-101.9842,31.8118,  29.4,24146,-52.7,-76.7,-72.0,  4,  7, 0.04, 86, 6.2
2026-05-25 00:18:11,-101.9842,31.8119,  29.4,24152,-52.7,-76.7,-72.0,  4,  7, 0.04, 87, 6.2
2026-05-25 00:18:12,-101.9843,31.8119,  29.4,24158,-52.7,-76.7,-72.0,  4,  7, 0.04, 88, 6.2
2026-05-25 00:18:13,-101.9844,31.8119,  29.4,24164,-52.7,-76.7,-72.0,  4,  7, 0.04, 89, 6.2
2026-05-25 00:18:14,-101.9844,31.8119,  29.3,24170,-52.7,-76.7,-72.0,  4,  7, 0.04, 90, 6.2
2026-05-25 00:18:15,-101.9845,31.8119,  29.3,24176,-52.7,-76.7,-72.0,  4,  7, 0.04, 91, 6.2
2026-05-25 00:18:16,-101.9846,31.8119,  29.3,24181,-52.7,-76.7,-71.9,  4,  7, 0.04, 92, 6.2
2026-05-25 00:18:17,-101.9846,31.8119,  29.3,24187,-52.6,-76.7,-71.9,  4,  7, 0.04, 93, 6.2
2026-05-25 00:18:18,-101.9847,31.8119,  29.2,24193,-52.6,-76.7,-71.9,  4,  7, 0.04, 94, 6.1
2026-05-25 00:18:19,-101.9847,31.8119,  29.2,24199,-52.6,-76.7,-71.9,  4,  7, 0.04, 95, 6.1
2026-05-25 00:18:20,-101.9848,31.8119,  29.2,24205,-52.6,-76.6,-71.9,  4,  7, 0.04, 96, 6.1
2026-05-25 00:18:21,-101.9849,31.8119,  29.1,24211,-52.6,-76.6,-71.9,  4,  7, 0.04, 97, 6.1
2026-05-25 00:18:22,-101.9849,31.8120,  29.1,24217,-52.6,-76.6,-71.9,  4,  7, 0.04, 98, 6.1
2026-05-25 00:18:23,-101.9850,31.8120,  29.1,24223,-52.6,-76.6,-71.9,  4,  7, 0.04, 99, 6.1
2026-05-25 00:18:24,-101.9851,31.8120,  29.1,24229,-52.6,-76.6,-71.9,  4,  7, 0.04, 99, 6.1
2026-05-25 00:18:25,-101.9851,31.8120,  29.0,24235,-52.6,-76.6,-71.9,  4,  7, 0.04,100, 6.1
2026-05-25 00:18:26,-101.9852,31.8120,  29.0,24241,-52.6,-76.6,-71.9,  4,  7, 0.04,100, 6.1
2026-05-25 00:18:27,-101.9853,31.8120,  29.0,24246,-52.6,-76.6,-71.9,  4,  7, 0.04,101, 6.1
2026-05-25 00:18:28,-101.9853,31.8120,  29.0,24252,-52.6,-76.6,-71.9,  4,  7, 0.04,101, 6.1
2026-05-25 00:18:29,-101.9854,31.8120,  28.9,24258,-52.6,-76.6,-71.9,  4,  7, 0.04,102, 6.1
2026-05-25 00:18:30,-101.9854,31.8120,  28.9,24264,-52.6,-76.6,-71.9,  4,  7, 0.04,102, 6.1
2026-05-25 00:18:31,-101.9855,31.8120,  28.9,24269,-52.6,-76.6,-71.8,  4,  7, 0.04,103, 6.1
2026-05-25 00:18:32,-101.9856,31.8121,  28.9,24275,-52.6,-76.6,-71.8,  4,  7, 0.04,103, 6.1
2026-05-25 00:18:33,-101.9856,31.8121,  28.8,24281,-52.6,-76.6,-71.8,  4,  7, 0.04,104, 6.1
2026-05-25 00:18:34,-101.9857,31.8121,  28.8,24287,-52.6,-76.5,-71.8,  4,  7, 0.04,104, 6.1
2026-05-25 00:18:35,-101.9858,31.8121,  28.8,24292,-52.6,-76.5,-71.8,  4,  7, 0.04,105, 6.1
2026-05-25 00:18:36,-101.9859,31.8121,  28.8,24297,-52.6,-76.5,-71.8,  4,  7, 0.04,105, 6.1
2026-05-25 00:18:37,-101.9859,31.8121,  28.7,24304,-52.6,-76.5,-71.8,  4,  7, 0.04,106, 6.1
2026-05-25 00:18:38,-101.9860,31.8122,  28.7,24310,-52.6,-76.5,-71.8,  4,  7, 0.04,106, 6.1
2026-05-25 00:18:39,-101.9861,31.8122,  28.7,24315,-52.6,-76.5,-71.8,  4,  7, 0.04,107, 6.1
2026-05-25 00:18:40,-101.9861,31.8122,  28.7,24321,-52.6,-76.5,-71.8,  4,  7, 0.04,107, 6.2
2026-05-25 00:18:41,-101.9862,31.8122,  28.6,24327,-52.6,-76.5,-71.8,  4,  7, 0.04,107, 6.2
2026-05-25 00:18:42,-101.9863,31.8122,  28.6,24333,-52.6,-76.5,-71.8,  4,  7, 0.04,108, 6.2
2026-05-25 00:18:43,-101.9863,31.8122,  28.6,24338,-52.6,-76.5,-71.8,  4,  7, 0.04,108, 6.2
2026-05-25 00:18:44,-101.9864,31.8123,  28.6,24344,-52.6,-76.5,-71.8,  4,  7, 0.04,108, 6.3
2026-05-25 00:18:45,-101.9865,31.8123,  28.5,24350,-52.6,-76.5,-71.8,  4,  7, 0.04,107, 6.3
2026-05-25 00:18:46,-101.9865,31.8123,  28.5,24355,-52.6,-76.5,-71.8,  4,  7, 0.04,107, 6.4
2026-05-25 00:18:47,-101.9866,31.8123,  28.5,24361,-52.6,-76.5,-71.8,  4,  7, 0.04,107, 6.4
2026-05-25 00:18:48,-101.9867,31.8123,  28.5,24367,-52.5,-76.5,-71.8,  4,  7, 0.04,107, 6.5
2026-05-25 00:18:49,-101.9868,31.8123,  28.4,24373,-52.5,-76.5,-71.8,  4,  7, 0.04,107, 6.5
2026-05-25 00:18:50,-101.9868,31.8124,  28.4,24378,-52.5,-76.5,-71.8,  4,  7, 0.04,107, 6.5
2026-05-25 00:18:51,-101.9869,31.8124,  28.4,24384,-52.5,-76.5,-71.8,  4,  7, 0.04,106, 6.6
2026-05-25 00:18:52,-101.9870,31.8124,  28.4,24390,-52.5,-76.5,-71.8,  4,  7, 0.04,106, 6.6
2026-05-25 00:18:53,-101.9870,31.8124,  28.3,24395,-52.5,-76.5,-71.8,  4,  7, 0.04,106, 6.7
2026-05-25 00:18:54,-101.9871,31.8124,  28.3,24401,-52.5,-76.5,-71.8,  4,  7, 0.04,106, 6.7
2026-05-25 00:18:55,-101.9872,31.8124,  28.3,24406,-52.5,-76.5,-71.8,  4,  7, 0.04,106, 6.8
2026-05-25 00:18:56,-101.9872,31.8125,  28.3,24412,-52.5,-76.5,-71.8,  4,  7, 0.04,106, 6.8
2026-05-25 00:18:57,-101.9873,31.8125,  28.2,24417,-52.5,-76.6,-71.8,  4,  7, 0.04,105, 6.9
2026-05-25 00:18:58,-101.9874,31.8125,  28.2,24423,-52.5,-76.6,-71.8,  4,  7, 0.04,105, 6.9
2026-05-25 00:18:59,-101.9875,31.8125,  28.2,24428,-52.5,-76.6,-71.8,  4,  7, 0.04,105, 7.0
2026-05-25 00:19:00,-101.9875,31.8125,  28.2,24434,-52.5,-76.6,-71.9,  4,  7, 0.04,105, 7.0
2026-05-25 00:19:01,-101.9876,31.8126,  28.1,24440,-52.5,-76.6,-71.9,  4,  7, 0.04,105, 7.1
2026-05-25 00:19:02,-101.9877,31.8126,  28.1,24445,-52.5,-76.6,-71.9,  4,  7, 0.04,105, 7.1
2026-05-25 00:19:03,-101.9878,31.8126,  28.1,24451,-52.5,-76.6,-71.9,  4,  7, 0.04,104, 7.1
2026-05-25 00:19:04,-101.9878,31.8125,  28.1,24457,-52.5,-76.6,-71.9,  4,  7, 0.04,103, 7.1
2026-05-25 00:19:05,-101.9879,31.8125,  28.0,24462,-52.5,-76.6,-71.9,  4,  7, 0.04,102, 7.1
2026-05-25 00:19:06,-101.9880,31.8125,  28.0,24468,-52.5,-76.6,-71.9,  4,  7, 0.04,102, 7.1
2026-05-25 00:19:07,-101.9881,31.8125,  28.0,24474,-52.5,-76.6,-71.9,  4,  7, 0.04,101, 7.1
2026-05-25 00:19:08,-101.9882,31.8125,  28.0,24479,-52.5,-76.6,-71.9,  4,  7, 0.04,100, 7.1
2026-05-25 00:19:09,-101.9882,31.8125,  27.9,24485,-52.5,-76.6,-71.9,  4,  7, 0.04,100, 7.2
2026-05-25 00:19:10,-101.9883,31.8125,  27.9,24491,-52.5,-76.7,-71.9,  4,  7, 0.04, 99, 7.2
2026-05-25 00:19:11,-101.9884,31.8125,  27.9,24496,-52.5,-76.7,-71.9,  4,  7, 0.04, 98, 7.2
2026-05-25 00:19:12,-101.9885,31.8125,  27.9,24502,-52.5,-76.7,-72.0,  4,  7, 0.04, 97, 7.2
2026-05-25 00:19:13,-101.9886,31.8125,  27.8,24508,-52.4,-76.7,-72.0,  4,  7, 0.04, 97, 7.2
2026-05-25 00:19:14,-101.9886,31.8125,  27.8,24513,-52.4,-76.7,-72.0,  4,  7, 0.04, 96, 7.2
2026-05-25 00:19:15,-101.9887,31.8125,  27.8,24519,-52.4,-76.7,-72.0,  4,  7, 0.04, 95, 7.2
2026-05-25 00:19:16,-101.9888,31.8125,  27.8,24526,-52.4,-76.7,-72.0,  4,  7, 0.04, 94, 7.2
2026-05-25 00:19:17,-101.9889,31.8125,  27.7,24531,-52.4,-76.7,-72.0,  4,  7, 0.04, 94, 7.3
2026-05-25 00:19:18,-101.9890,31.8125,  27.7,24537,-52.4,-76.7,-72.0,  4,  7, 0.04, 93, 7.3
2026-05-25 00:19:19,-101.9891,31.8125,  27.7,24542,-52.4,-76.7,-72.0,  4,  7, 0.04, 92, 7.3
2026-05-25 00:19:20,-101.9891,31.8125,  27.7,24548,-52.4,-76.7,-72.0,  4,  7, 0.04, 92, 7.3
2026-05-25 00:19:21,-101.9892,31.8125,  27.6,24554,-52.4,-76.7,-72.0,  4,  7, 0.04, 91, 7.3
2026-05-25 00:19:22,-101.9893,31.8125,  27.6,24560,-52.4,-76.7,-72.0,  4,  7, 0.04, 90, 7.4
2026-05-25 00:19:23,-101.9894,31.8125,  27.6,24565,-52.4,-76.7,-71.9,  4,  7, 0.04, 90, 7.4
2026-05-25 00:19:24,-101.9895,31.8125,  27.6,24571,-52.4,-76.7,-71.9,  4,  7, 0.04, 89, 7.5
2026-05-25 00:19:25,-101.9895,31.8125,  27.5,24577,-52.4,-76.7,-71.9,  4,  7, 0.04, 88, 7.5
2026-05-25 00:19:26,-101.9896,31.8125,  27.5,24583,-52.4,-76.6,-71.9,  4,  7, 0.04, 88, 7.6
2026-05-25 00:19:27,-101.9897,31.8124,  27.5,24589,-52.4,-76.6,-71.9,  4,  7, 0.04, 87, 7.6
2026-05-25 00:19:28,-101.9898,31.8124,  27.5,24594,-52.4,-76.6,-71.9,  4,  7, 0.04, 86, 7.7
2026-05-25 00:19:29,-101.9899,31.8124,  27.4,24600,-52.4,-76.6,-71.9,  4,  7, 0.04, 86, 7.8
2026-05-25 00:19:30,-101.9899,31.8124,  27.4,24606,-52.4,-76.6,-71.9,  4,  7, 0.04, 85, 7.8
2026-05-25 00:19:31,-101.9900,31.8124,  27.4,24611,-52.4,-76.6,-71.9,  4,  7, 0.04, 84, 7.9
2026-05-25 00:19:32,-101.9901,31.8124,  27.4,24617,-52.4,-76.6,-71.9,  4,  7, 0.04, 84, 8.0
2026-05-25 00:19:33,-101.9902,31.8124,  27.3,24623,-52.3,-76.6,-71.9,  4,  7, 0.04, 83, 8.0
2026-05-25 00:19:34,-101.9903,31.8124,  27.3,24628,-52.3,-76.6,-71.9,  4,  7, 0.04, 83, 8.1
2026-05-25 00:19:35,-101.9904,31.8124,  27.3,24634,-52.3,-76.6,-71.9,  4,  7, 0.04, 82, 8.2
2026-05-25 00:19:36,-101.9905,31.8123,  27.3,24639,-52.3,-76.6,-71.9,  4,  7, 0.04, 82, 8.2
2026-05-25 00:19:37,-101.9906,31.8123,  27.3,24645,-52.3,-76.6,-71.9,  4,  7, 0.04, 81, 8.3
2026-05-25 00:19:38,-101.9907,31.8123,  27.2,24651,-52.3,-76.6,-71.9,  4,  7, 0.05, 80, 8.4
2026-05-25 00:19:39,-101.9908,31.8123,  27.2,24656,-52.3,-76.6,-71.8,  4,  7, 0.05, 80, 8.4
2026-05-25 00:19:40,-101.9909,31.8122,  27.2,24662,-52.3,-76.6,-71.8,  4,  7, 0.05, 79, 8.5
2026-05-25 00:19:41,-101.9910,31.8122,  27.2,24668,-52.3,-76.6,-71.8,  4,  7, 0.05, 79, 8.6
2026-05-25 00:19:42,-101.9911,31.8122,  27.1,24674,-52.3,-76.5,-71.8,  4,  7, 0.05, 78, 8.7
2026-05-25 00:19:43,-101.9912,31.8122,  27.1,24680,-52.3,-76.5,-71.8,  4,  7, 0.05, 78, 8.7
2026-05-25 00:19:44,-101.9913,31.8122,  27.1,24685,-52.2,-76.5,-71.8,  4,  7, 0.05, 78, 8.7
2026-05-25 00:19:45,-101.9913,31.8121,  27.1,24691,-52.2,-76.5,-71.8,  4,  7, 0.05, 78, 8.8
2026-05-25 00:19:46,-101.9914,31.8121,  27.0,24697,-52.2,-76.5,-71.8,  4,  7, 0.05, 77, 8.8
2026-05-25 00:19:47,-101.9915,31.8121,  27.0,24703,-52.2,-76.5,-71.8,  4,  7, 0.05, 77, 8.9
2026-05-25 00:19:48,-101.9916,31.8121,  27.0,24709,-52.2,-76.5,-71.7,  4,  7, 0.05, 77, 8.9
2026-05-25 00:19:49,-101.9917,31.8120,  27.0,24715,-52.2,-76.4,-71.7,  4,  7, 0.05, 76, 8.9
2026-05-25 00:19:50,-101.9918,31.8120,  26.9,24721,-52.2,-76.4,-71.7,  4,  7, 0.05, 76, 9.0
2026-05-25 00:19:51,-101.9919,31.8120,  26.9,24727,-52.1,-76.4,-71.7,  4,  7, 0.05, 76, 9.0
2026-05-25 00:19:52,-101.9920,31.8120,  26.9,24733,-52.1,-76.4,-71.7,  4,  7, 0.05, 76, 9.1
2026-05-25 00:19:53,-101.9921,31.8120,  26.9,24738,-52.1,-76.4,-71.6,  4,  7, 0.05, 75, 9.1
2026-05-25 00:19:54,-101.9922,31.8119,  26.8,24744,-52.1,-76.3,-71.6,  4,  7, 0.05, 75, 9.1
2026-05-25 00:19:55,-101.9923,31.8119,  26.8,24750,-52.1,-76.3,-71.6,  4,  7, 0.05, 75, 9.2
2026-05-25 00:19:56,-101.9924,31.8119,  26.8,24756,-52.0,-76.3,-71.6,  4,  7, 0.05, 75, 9.2
2026-05-25 00:19:57,-101.9925,31.8119,  26.8,24762,-52.0,-76.3,-71.6,  4,  7, 0.05, 74, 9.3
2026-05-25 00:19:58,-101.9926,31.8119,  26.7,24768,-52.0,-76.3,-71.6,  4,  7, 0.05, 74, 9.3
2026-05-25 00:19:59,-101.9927,31.8118,  26.7,24774,-52.0,-76.2,-71.5,  4,  7, 0.05, 74, 9.3
2026-05-25 00:20:00,-101.9928,31.8118,  26.7,24780,-52.0,-76.2,-71.5,  4,  7, 0.05, 74, 9.4
2026-05-25 00:20:01,-101.9929,31.8118,  26.7,24786,-51.9,-76.2,-71.5,  4,  7, 0.05, 73, 9.4
2026-05-25 00:20:02,-101.9930,31.8118,  26.6,24792,-51.9,-76.2,-71.5,  4,  7, 0.05, 73, 9.5
2026-05-25 00:20:03,-101.9931,31.8118,  26.6,24798,-51.9,-76.2,-71.5,  4,  7, 0.05, 74, 9.5
2026-05-25 00:20:04,-101.9932,31.8117,  26.6,24804,-51.9,-76.2,-71.5,  4,  7, 0.05, 74, 9.6
2026-05-25 00:20:05,-101.9933,31.8117,  26.6,24810,-51.9,-76.2,-71.5,  4,  7, 0.05, 74, 9.6
2026-05-25 00:20:06,-101.9934,31.8117,  26.5,24816,-51.9,-76.2,-71.4,  4,  7, 0.05, 74, 9.7
2026-05-25 00:20:07,-101.9935,31.8117,  26.5,24822,-51.9,-76.1,-71.4,  4,  7, 0.05, 75, 9.7
2026-05-25 00:20:08,-101.9936,31.8117,  26.5,24828,-51.9,-76.1,-71.4,  4,  7, 0.05, 75, 9.8
2026-05-25 00:20:09,-101.9937,31.8117,  26.5,24833,-51.8,-76.1,-71.4,  4,  7, 0.05, 75, 9.8
2026-05-25 00:20:10,-101.9938,31.8116,  26.4,24839,-51.8,-76.1,-71.4,  4,  7, 0.05, 75, 9.9
2026-05-25 00:20:11,-101.9940,31.8116,  26.4,24845,-51.8,-76.1,-71.4,  4,  7, 0.05, 75,10.0
2026-05-25 00:20:12,-101.9941,31.8116,  26.4,24851,-51.8,-76.1,-71.4,  4,  7, 0.05, 76,10.0
2026-05-25 00:20:13,-101.9942,31.8116,  26.4,24858,-51.8,-76.1,-71.4,  4,  7, 0.05, 76,10.1
2026-05-25 00:20:14,-101.9943,31.8116,  26.4,24863,-51.8,-76.1,-71.4,  4,  7, 0.05, 76,10.1
2026-05-25 00:20:15,-101.9944,31.8116,  26.3,24869,-51.8,-76.1,-71.4,  4,  7, 0.05, 76,10.2
2026-05-25 00:20:16,-101.9945,31.8115,  26.3,24875,-51.8,-76.1,-71.4,  4,  7, 0.05, 77,10.2
2026-05-25 00:20:17,-101.9946,31.8115,  26.3,24880,-51.8,-76.1,-71.4,  4,  7, 0.05, 77,10.3
2026-05-25 00:20:18,-101.9947,31.8115,  26.3,24886,-51.8,-76.1,-71.4,  4,  7, 0.05, 77,10.3
2026-05-25 00:20:19,-101.9949,31.8115,  26.2,24892,-51.8,-76.1,-71.4,  4,  7, 0.05, 77,10.4
2026-05-25 00:20:20,-101.9950,31.8115,  26.2,24897,-51.8,-76.1,-71.4,  4,  7, 0.05, 78,10.5
2026-05-25 00:20:21,-101.9951,31.8115,  26.2,24903,-51.8,-76.1,-71.4,  4,  7, 0.05, 78,10.5
2026-05-25 00:20:22,-101.9952,31.8114,  26.2,24909,-51.8,-76.1,-71.4,  4,  7, 0.05, 78,10.6
2026-05-25 00:20:23,-101.9953,31.8114,  26.1,24914,-51.8,-76.1,-71.4,  4,  7, 0.05, 78,10.6
2026-05-25 00:20:24,-101.9954,31.8114,  26.1,24920,-51.8,-76.1,-71.4,  4,  7, 0.05, 79,10.6
2026-05-25 00:20:25,-101.9955,31.8114,  26.1,24926,-51.8,-76.1,-71.3,  4,  7, 0.05, 79,10.6
2026-05-25 00:20:26,-101.9956,31.8114,  26.1,24932,-51.8,-76.0,-71.3,  4,  7, 0.05, 80,10.6
2026-05-25 00:20:27,-101.9957,31.8114,  26.0,24937,-51.8,-76.0,-71.3,  4,  7, 0.05, 80,10.6
2026-05-25 00:20:28,-101.9959,31.8113,  26.0,24943,-51.8,-76.0,-71.3,  4,  7, 0.05, 81,10.6
2026-05-25 00:20:29,-101.9960,31.8113,  26.0,24949,-51.8,-76.0,-71.3,  4,  7, 0.05, 81,10.7
2026-05-25 00:20:30,-101.9961,31.8113,  26.0,24955,-51.8,-76.0,-71.3,  4,  7, 0.05, 81,10.7
2026-05-25 00:20:31,-101.9962,31.8113,  26.0,24961,-51.8,-76.0,-71.3,  4,  7, 0.05, 82,10.7
2026-05-25 00:20:32,-101.9963,31.8113,  25.9,24967,-51.8,-76.0,-71.2,  4,  7, 0.05, 82,10.7
2026-05-25 00:20:33,-101.9964,31.8113,  25.9,24973,-51.8,-75.9,-71.2,  4,  7, 0.05, 83,10.7
2026-05-25 00:20:34,-101.9965,31.8113,  25.9,24979,-51.9,-75.9,-71.2,  4,  7, 0.05, 83,10.7
2026-05-25 00:20:35,-101.9966,31.8113,  25.9,24985,-51.9,-75.9,-71.2,  4,  7, 0.05, 84,10.7
2026-05-25 00:20:36,-101.9967,31.8113,  25.8,24991,-51.9,-75.9,-71.2,  4,  7, 0.05, 84,10.8
2026-05-25 00:20:37,-101.9968,31.8113,  25.8,24997,-51.9,-75.9,-71.2,  4,  7, 0.05, 84,10.8
2026-05-25 00:20:38,-101.9970,31.8113,  25.8,25003,-51.9,-75.9,-71.2,  4,  7, 0.05, 85,10.8
2026-05-25 00:20:39,-101.9971,31.8113,  25.8,25008,-51.9,-75.9,-71.2,  4,  7, 0.05, 85,10.8
2026-05-25 00:20:40,-101.9972,31.8113,  25.7,25015,-51.9,-75.9,-71.2,  4,  7, 0.05, 86,10.8
2026-05-25 00:20:41,-101.9973,31.8114,  25.7,25021,-51.9,-75.9,-71.2,  4,  7, 0.05, 86,10.9
2026-05-25 00:20:42,-101.9974,31.8114,  25.7,25027,-51.9,-75.9,-71.2,  4,  7, 0.05, 86,10.9
2026-05-25 00:20:43,-101.9975,31.8114,  25.7,25033,-51.9,-75.9,-71.2,  4,  7, 0.05, 87,10.8
2026-05-25 00:20:44,-101.9976,31.8114,  25.6,25039,-51.9,-75.9,-71.2,  4,  7, 0.05, 87,10.8
2026-05-25 00:20:45,-101.9977,31.8114,  25.6,25044,-51.9,-75.9,-71.2,  4,  7, 0.05, 88,10.8
2026-05-25 00:20:46,-101.9978,31.8114,  25.6,25050,-51.9,-75.9,-71.1,  4,  7, 0.05, 88,10.8
2026-05-25 00:20:47,-101.9979,31.8114,  25.6,25056,-51.9,-75.8,-71.1,  4,  7, 0.05, 89,10.7
2026-05-25 00:20:48,-101.9981,31.8114,  25.6,25062,-51.9,-75.8,-71.1,  4,  7, 0.05, 89,10.7
2026-05-25 00:20:49,-101.9982,31.8114,  25.5,25070,-51.9,-75.8,-71.1,  4,  7, 0.05, 90,10.7
2026-05-25 00:20:50,-101.9983,31.8114,  25.5,25073,-51.9,-75.8,-71.1,  4,  7, 0.05, 90,10.7
2026-05-25 00:20:51,-101.9984,31.8114,  25.5,25079,-51.9,-75.8,-71.1,  4,  7, 0.05, 91,10.6
2026-05-25 00:20:52,-101.9985,31.8114,  25.5,25085,-51.9,-75.8,-71.1,  4,  7, 0.05, 91,10.6
2026-05-25 00:20:53,-101.9986,31.8114,  25.4,25091,-51.9,-75.8,-71.1,  4,  7, 0.05, 92,10.6
2026-05-25 00:20:54,-101.9987,31.8115,  25.4,25095,-51.9,-75.9,-71.1,  4,  7, 0.05, 92,10.6
2026-05-25 00:20:55,-101.9988,31.8115,  25.4,25103,-51.9,-75.9,-71.1,  4,  7, 0.05, 93,10.6
2026-05-25 00:20:56,-101.9989,31.8115,  25.4,25109,-51.9,-75.9,-71.1,  4,  7, 0.05, 93,10.5
2026-05-25 00:20:57,-101.9990,31.8115,  25.3,25115,-51.9,-75.9,-71.1,  4,  7, 0.05, 94,10.5
2026-05-25 00:20:58,-101.9992,31.8115,  25.3,25121,-51.9,-75.9,-71.1,  4,  7, 0.05, 94,10.5
2026-05-25 00:20:59,-101.9993,31.8115,  25.3,25127,-51.9,-75.9,-71.1,  4,  7, 0.05, 95,10.5
2026-05-25 00:21:00,-101.9994,31.8115,  25.3,25133,-51.9,-75.9,-71.1,  4,  7, 0.05, 95,10.5
2026-05-25 00:21:01,-101.9995,31.8115,  25.3,25139,-51.9,-75.9,-71.1,  4,  7, 0.05, 96,10.5
2026-05-25 00:21:02,-101.9996,31.8115,  25.2,25145,-51.9,-75.9,-71.1,  4,  7, 0.05, 96,10.5
2026-05-25 00:21:03,-101.9997,31.8116,  25.2,25151,-51.9,-75.9,-71.1,  4,  7, 0.05, 97,10.4
2026-05-25 00:21:04,-101.9998,31.8116,  25.2,25157,-51.9,-75.9,-71.1,  4,  7, 0.05, 98,10.3
2026-05-25 00:21:05,-101.9998,31.8116,  25.2,25163,-51.9,-75.9,-71.1,  4,  7, 0.05, 98,10.2
2026-05-25 00:21:06,-101.9999,31.8117,  25.1,25169,-51.9,-75.9,-71.2,  4,  7, 0.05, 99,10.2
2026-05-25 00:21:07,-102.0000,31.8117,  25.1,25175,-51.9,-75.9,-71.2,  4,  7, 0.05, 99,10.1
2026-05-25 00:21:08,-102.0001,31.8117,  25.1,25181,-51.9,-75.9,-71.1,  4,  7, 0.05,100,10.0
2026-05-25 00:21:09,-102.0002,31.8117,  25.1,25187,-51.9,-75.9,-71.1,  4,  7, 0.05,100,10.0
2026-05-25 00:21:10,-102.0002,31.8118,  25.0,25193,-51.9,-75.8,-71.1,  4,  7, 0.05,101, 9.9
2026-05-25 00:21:11,-102.0003,31.8118,  25.0,25199,-51.8,-75.8,-71.1,  4,  7, 0.05,102, 9.8
2026-05-25 00:21:12,-102.0004,31.8118,  25.0,25205,-51.8,-75.8,-71.1,  4,  7, 0.05,102, 9.8
2026-05-25 00:21:13,-102.0005,31.8119,  25.0,25211,-51.8,-75.8,-71.1,  4,  7, 0.05,103, 9.7
2026-05-25 00:21:14,-102.0006,31.8119,  24.9,25218,-51.8,-75.8,-71.1,  4,  7, 0.06,104, 9.6
2026-05-25 00:21:15,-102.0006,31.8119,  24.9,25224,-51.8,-75.8,-71.1,  4,  7, 0.06,104, 9.6
2026-05-25 00:21:16,-102.0007,31.8120,  24.9,25230,-51.8,-75.8,-71.1,  4,  7, 0.06,105, 9.5
2026-05-25 00:21:17,-102.0008,31.8120,  24.9,25236,-51.8,-75.8,-71.1,  4,  7, 0.06,106, 9.5
2026-05-25 00:21:18,-102.0009,31.8120,  24.9,25242,-51.8,-75.8,-71.1,  4,  7, 0.06,106, 9.4
2026-05-25 00:21:19,-102.0010,31.8121,  24.8,25248,-51.8,-75.8,-71.1,  4,  7, 0.06,107, 9.4
2026-05-25 00:21:20,-102.0011,31.8121,  24.8,25254,-51.8,-75.9,-71.1,  4,  7, 0.06,108, 9.3
2026-05-25 00:21:21,-102.0011,31.8121,  24.8,25260,-51.7,-75.9,-71.2,  4,  7, 0.06,108, 9.2
2026-05-25 00:21:22,-102.0012,31.8122,  24.8,25265,-51.7,-75.9,-71.2,  4,  7, 0.06,109, 9.2
2026-05-25 00:21:23,-102.0013,31.8122,  24.7,25271,-51.7,-75.9,-71.2,  4,  7, 0.06,110, 9.1
2026-05-25 00:21:24,-102.0014,31.8122,  24.7,25277,-51.7,-75.9,-71.2,  4,  7, 0.06,111, 9.0
2026-05-25 00:21:25,-102.0015,31.8123,  24.7,25283,-51.7,-75.9,-71.2,  4,  7, 0.06,112, 8.9
2026-05-25 00:21:26,-102.0015,31.8123,  24.7,25289,-51.6,-75.9,-71.2,  4,  7, 0.06,113, 8.8
2026-05-25 00:21:27,-102.0016,31.8123,  24.7,25294,-51.6,-75.9,-71.2,  4,  7, 0.06,114, 8.8
2026-05-25 00:21:28,-102.0017,31.8123,  24.6,25300,-51.6,-75.9,-71.2,  4,  7, 0.06,115, 8.7
2026-05-25 00:21:29,-102.0018,31.8124,  24.6,25306,-51.6,-75.9,-71.2,  4,  7, 0.06,116, 8.6
2026-05-25 00:21:30,-102.0019,31.8124,  24.6,25311,-51.5,-75.9,-71.2,  4,  7, 0.06,117, 8.5
2026-05-25 00:21:31,-102.0019,31.8124,  24.6,25317,-51.5,-75.9,-71.2,  4,  7, 0.06,118, 8.4
2026-05-25 00:21:32,-102.0020,31.8125,  24.5,25323,-51.5,-75.9,-71.1,  4,  7, 0.06,119, 8.3
2026-05-25 00:21:33,-102.0021,31.8125,  24.5,25328,-51.5,-75.9,-71.1,  4,  7, 0.06,120, 8.2
2026-05-25 00:21:34,-102.0021,31.8125,  24.5,25334,-51.5,-75.8,-71.1,  4,  7, 0.06,121, 8.1
2026-05-25 00:21:35,-102.0022,31.8126,  24.5,25340,-51.4,-75.8,-71.1,  4,  7, 0.06,122, 8.1
2026-05-25 00:21:36,-102.0023,31.8126,  24.5,25345,-51.4,-75.8,-71.1,  4,  7, 0.06,123, 8.0
2026-05-25 00:21:37,-102.0023,31.8126,  24.4,25351,-51.4,-75.8,-71.1,  4,  7, 0.06,125, 7.9
2026-05-25 00:21:38,-102.0024,31.8127,  24.4,25357,-51.3,-75.8,-71.1,  4,  7, 0.06,126, 7.8
2026-05-25 00:21:39,-102.0024,31.8127,  24.4,25363,-51.3,-75.8,-71.1,  4,  7, 0.06,127, 7.7
2026-05-25 00:21:40,-102.0025,31.8127,  24.4,25369,-51.3,-75.8,-71.1,  4,  7, 0.06,128, 7.6
2026-05-25 00:21:41,-102.0025,31.8128,  24.3,25375,-51.3,-75.8,-71.1,  4,  7, 0.06,130, 7.5
2026-05-25 00:21:42,-102.0026,31.8128,  24.3,25381,-51.2,-75.8,-71.1,  4,  7, 0.06,131, 7.4
2026-05-25 00:21:43,-102.0026,31.8128,  24.3,25387,-51.2,-75.8,-71.1,  4,  7, 0.06,131, 7.4
2026-05-25 00:21:44,-102.0027,31.8129,  24.3,25392,-51.2,-75.8,-71.0,  4,  7, 0.06,131, 7.3
2026-05-25 00:21:45,-102.0027,31.8129,  24.3,25398,-51.2,-75.7,-71.0,  4,  7, 0.06,130, 7.2
2026-05-25 00:21:46,-102.0028,31.8130,  24.2,25404,-51.1,-75.7,-71.0,  4,  7, 0.06,130, 7.2
2026-05-25 00:21:47,-102.0029,31.8130,  24.2,25410,-51.1,-75.7,-71.0,  4,  7, 0.06,130, 7.1
2026-05-25 00:21:48,-102.0029,31.8130,  24.2,25416,-51.1,-75.7,-70.9,  4,  7, 0.06,129, 7.0
2026-05-25 00:21:49,-102.0030,31.8131,  24.2,25422,-51.1,-75.6,-70.9,  4,  7, 0.06,129, 6.9
2026-05-25 00:21:50,-102.0030,31.8131,  24.2,25427,-51.0,-75.6,-70.9,  4,  7, 0.06,129, 6.9
2026-05-25 00:21:51,-102.0031,31.8131,  24.1,25433,-51.0,-75.6,-70.9,  4,  7, 0.06,128, 6.8
2026-05-25 00:21:52,-102.0031,31.8132,  24.1,25439,-51.0,-75.5,-70.8,  4,  7, 0.06,128, 6.7
2026-05-25 00:21:53,-102.0032,31.8132,  24.1,25445,-51.0,-75.5,-70.8,  4,  7, 0.06,128, 6.7
2026-05-25 00:21:54,-102.0032,31.8132,  24.1,25451,-50.9,-75.5,-70.8,  4,  7, 0.06,127, 6.6
2026-05-25 00:21:55,-102.0033,31.8133,  24.0,25457,-50.9,-75.5,-70.8,  4,  7, 0.06,127, 6.5
2026-05-25 00:21:56,-102.0033,31.8133,  24.0,25464,-50.9,-75.4,-70.7,  4,  7, 0.06,127, 6.4
2026-05-25 00:21:57,-102.0034,31.8133,  24.0,25470,-50.8,-75.4,-70.7,  4,  7, 0.06,126, 6.4
2026-05-25 00:21:58,-102.0034,31.8134,  24.0,25476,-50.8,-75.4,-70.7,  4,  7, 0.06,126, 6.3
2026-05-25 00:21:59,-102.0035,31.8134,  23.9,25482,-50.8,-75.4,-70.7,  4,  7, 0.06,125, 6.2
2026-05-25 00:22:00,-102.0036,31.8134,  23.9,25488,-50.8,-75.4,-70.7,  4,  7, 0.06,125, 6.2
2026-05-25 00:22:01,-102.0036,31.8135,  23.9,25495,-50.7,-75.4,-70.7,  4,  7, 0.06,125, 6.1
2026-05-25 00:22:02,-102.0037,31.8135,  23.9,25501,-50.7,-75.4,-70.7,  4,  7, 0.06,124, 6.0
2026-05-25 00:22:03,-102.0037,31.8135,  23.9,25507,-50.7,-75.3,-70.6,  4,  7, 0.06,123, 6.0
2026-05-25 00:22:04,-102.0038,31.8135,  23.8,25513,-50.7,-75.3,-70.6,  4,  7, 0.06,122, 6.0
2026-05-25 00:22:05,-102.0038,31.8136,  23.8,25519,-50.6,-75.3,-70.6,  4,  7, 0.06,120, 6.1
2026-05-25 00:22:06,-102.0039,31.8136,  23.8,25525,-50.6,-75.3,-70.6,  4,  7, 0.06,119, 6.1
2026-05-25 00:22:07,-102.0040,31.8136,  23.8,25531,-50.6,-75.3,-70.6,  4,  7, 0.06,118, 6.1
2026-05-25 00:22:08,-102.0040,31.8136,  23.7,25537,-50.6,-75.3,-70.6,  4,  7, 0.06,117, 6.2
2026-05-25 00:22:09,-102.0041,31.8136,  23.7,25543,-50.6,-75.3,-70.6,  4,  7, 0.06,115, 6.2
2026-05-25 00:22:10,-102.0042,31.8136,  23.7,25548,-50.5,-75.3,-70.6,  4,  7, 0.06,114, 6.2
2026-05-25 00:22:11,-102.0042,31.8136,  23.7,25555,-50.5,-75.2,-70.5,  4,  7, 0.06,113, 6.2
2026-05-25 00:22:12,-102.0043,31.8136,  23.7,25561,-50.5,-75.2,-70.5,  4,  7, 0.06,112, 6.2
2026-05-25 00:22:13,-102.0044,31.8136,  23.6,25568,-50.5,-75.2,-70.5,  4,  7, 0.06,110, 6.2
2026-05-25 00:22:14,-102.0044,31.8136,  23.6,25574,-50.4,-75.2,-70.5,  4,  7, 0.06,109, 6.3
2026-05-25 00:22:15,-102.0045,31.8136,  23.6,25580,-50.4,-75.2,-70.5,  4,  7, 0.06,108, 6.3
2026-05-25 00:22:16,-102.0046,31.8137,  23.6,25586,-50.4,-75.2,-70.5,  4,  7, 0.06,107, 6.3
2026-05-25 00:22:17,-102.0046,31.8137,  23.6,25592,-50.4,-75.1,-70.4,  4,  7, 0.06,105, 6.3
2026-05-25 00:22:18,-102.0047,31.8137,  23.5,25598,-50.4,-75.1,-70.4,  4,  7, 0.06,104, 6.3
2026-05-25 00:22:19,-102.0047,31.8137,  23.5,25604,-50.4,-75.1,-70.4,  4,  7, 0.06,103, 6.4
2026-05-25 00:22:20,-102.0048,31.8137,  23.5,25610,-50.4,-75.1,-70.4,  4,  7, 0.06,102, 6.3
2026-05-25 00:22:21,-102.0049,31.8137,  23.5,25616,-50.4,-75.1,-70.4,  4,  7, 0.06,101, 6.4
2026-05-25 00:22:22,-102.0049,31.8137,  23.4,25622,-50.4,-75.1,-70.4,  4,  7, 0.07,100, 6.4
2026-05-25 00:22:23,-102.0050,31.8137,  23.4,25628,-50.3,-75.1,-70.4,  4,  7, 0.07,100, 6.4
2026-05-25 00:22:24,-102.0051,31.8137,  23.4,25634,-50.3,-75.1,-70.4,  4,  7, 0.07,100, 6.4
2026-05-25 00:22:25,-102.0051,31.8137,  23.4,25641,-50.3,-75.1,-70.4,  4,  7, 0.07,100, 6.3
2026-05-25 00:22:26,-102.0052,31.8137,  23.4,25647,-50.3,-75.0,-70.3,  4,  7, 0.07,100, 6.3
2026-05-25 00:22:27,-102.0053,31.8138,  23.3,25653,-50.3,-75.0,-70.3,  4,  7, 0.07,100, 6.2
2026-05-25 00:22:28,-102.0053,31.8138,  23.3,25659,-50.3,-75.0,-70.3,  4,  7, 0.07,100, 6.2
2026-05-25 00:22:29,-102.0054,31.8138,  23.3,25665,-50.3,-75.0,-70.3,  4,  7, 0.07,100, 6.2
2026-05-25 00:22:30,-102.0054,31.8138,  23.3,25671,-50.3,-75.0,-70.3,  4,  7, 0.07,100, 6.1
2026-05-25 00:22:31,-102.0055,31.8138,  23.2,25677,-50.2,-75.0,-70.3,  4,  7, 0.07,100, 6.1
2026-05-25 00:22:32,-102.0056,31.8138,  23.2,25683,-50.2,-74.9,-70.2,  4,  7, 0.07,100, 6.1
2026-05-25 00:22:33,-102.0056,31.8138,  23.2,25689,-50.2,-74.9,-70.2,  4,  7, 0.07, 99, 6.0
2026-05-25 00:22:34,-102.0057,31.8138,  23.2,25696,-50.2,-74.9,-70.2,  4,  7, 0.07, 99, 6.0
2026-05-25 00:22:35,-102.0057,31.8138,  23.2,25702,-50.2,-74.9,-70.2,  4,  7, 0.07, 99, 6.0
2026-05-25 00:22:36,-102.0058,31.8139,  23.1,25708,-50.2,-74.9,-70.2,  4,  7, 0.07, 99, 5.9
2026-05-25 00:22:37,-102.0058,31.8139,  23.1,25714,-50.1,-74.9,-70.2,  4,  7, 0.07, 99, 5.9
2026-05-25 00:22:38,-102.0059,31.8139,  23.1,25720,-50.1,-74.8,-70.1,  4,  7, 0.07, 99, 5.9
2026-05-25 00:22:39,-102.0059,31.8139,  23.1,25726,-50.1,-74.8,-70.1,  4,  7, 0.07, 99, 5.8
2026-05-25 00:22:40,-102.0060,31.8139,  23.0,25732,-50.1,-74.8,-70.1,  4,  7, 0.07, 99, 5.8
2026-05-25 00:22:41,-102.0060,31.8139,  23.0,25738,-50.1,-74.8,-70.1,  4,  7, 0.07, 99, 5.8
2026-05-25 00:22:42,-102.0060,31.8139,  23.0,25744,-50.1,-74.8,-70.1,  4,  7, 0.07, 99, 5.7
2026-05-25 00:22:43,-102.0061,31.8140,  23.0,25750,-50.1,-74.8,-70.1,  4,  7, 0.07,100, 5.7
2026-05-25 00:22:44,-102.0061,31.8140,  23.0,25756,-50.1,-74.8,-70.1,  4,  7, 0.07,101, 5.6
2026-05-25 00:22:45,-102.0062,31.8140,  22.9,25762,-50.1,-74.8,-70.1,  4,  7, 0.07,101, 5.5
2026-05-25 00:22:46,-102.0062,31.8140,  22.9,25768,-50.1,-74.8,-70.1,  4,  7, 0.07,102, 5.4
2026-05-25 00:22:47,-102.0063,31.8140,  22.9,25774,-50.1,-74.8,-70.1,  4,  7, 0.07,103, 5.3
2026-05-25 00:22:48,-102.0063,31.8140,  22.9,25781,-50.0,-74.8,-70.1,  4,  7, 0.07,104, 5.3
2026-05-25 00:22:49,-102.0063,31.8141,  22.9,25787,-50.0,-74.7,-70.0,  4,  7, 0.07,104, 5.2
2026-05-25 00:22:50,-102.0064,31.8141,  22.8,25793,-50.0,-74.7,-70.0,  4,  7, 0.07,105, 5.2
2026-05-25 00:22:51,-102.0064,31.8141,  22.8,25799,-50.0,-74.7,-70.0,  4,  7, 0.07,106, 5.1
2026-05-25 00:22:52,-102.0065,31.8141,  22.8,25805,-50.0,-74.7,-70.0,  4,  7, 0.07,107, 5.0
2026-05-25 00:22:53,-102.0065,31.8141,  22.8,25811,-50.0,-74.7,-70.0,  4,  7, 0.07,108, 4.9
2026-05-25 00:22:54,-102.0066,31.8141,  22.8,25817,-50.0,-74.7,-70.0,  4,  7, 0.07,109, 4.9
2026-05-25 00:22:55,-102.0066,31.8142,  22.7,25823,-50.0,-74.7,-70.0,  4,  7, 0.07,110, 4.8
2026-05-25 00:22:56,-102.0066,31.8142,  22.7,25829,-50.0,-74.7,-70.0,  4,  7, 0.07,111, 4.7
2026-05-25 00:22:57,-102.0067,31.8142,  22.7,25836,-50.0,-74.7,-70.0,  4,  7, 0.07,112, 4.6
2026-05-25 00:22:58,-102.0067,31.8142,  22.7,25842,-50.0,-74.7,-70.0,  4,  7, 0.07,113, 4.5
2026-05-25 00:22:59,-102.0068,31.8142,  22.6,25848,-50.0,-74.7,-70.0,  4,  7, 0.07,114, 4.5
2026-05-25 00:23:00,-102.0068,31.8142,  22.6,25855,-50.0,-74.7,-70.0,  4,  7, 0.07,115, 4.4
2026-05-25 00:23:01,-102.0068,31.8142,  22.6,25861,-50.0,-74.7,-70.0,  4,  7, 0.07,116, 4.3
2026-05-25 00:23:02,-102.0069,31.8143,  22.6,25868,-50.0,-74.7,-70.0,  4,  7, 0.07,117, 4.3
2026-05-25 00:23:03,-102.0069,31.8143,  22.6,25874,-50.0,-74.7,-70.0,  4,  7, 0.07,118, 4.2
2026-05-25 00:23:04,-102.0070,31.8143,  22.5,25880,-50.0,-74.6,-69.9,  4,  7, 0.07,118, 4.1
2026-05-25 00:23:05,-102.0070,31.8143,  22.5,25886,-50.0,-74.6,-69.9,  4,  7, 0.07,119, 4.0
2026-05-25 00:23:06,-102.0070,31.8143,  22.5,25892,-50.0,-74.6,-69.9,  4,  7, 0.07,120, 3.9
2026-05-25 00:23:07,-102.0070,31.8143,  22.5,25899,-50.0,-74.6,-69.9,  4,  7, 0.07,121, 3.8
2026-05-25 00:23:08,-102.0070,31.8144,  22.4,25905,-50.0,-74.6,-69.9,  4,  7, 0.07,121, 3.8
2026-05-25 00:23:09,-102.0070,31.8144,  22.4,25911,-50.0,-74.6,-69.9,  4,  7, 0.07,122, 3.7
2026-05-25 00:23:10,-102.0070,31.8144,  22.4,25917,-50.0,-74.5,-69.8,  4,  7, 0.07,123, 3.6
2026-05-25 00:23:11,-102.0070,31.8144,  22.4,25923,-50.0,-74.5,-69.8,  4,  7, 0.07,124, 3.5
2026-05-25 00:23:12,-102.0070,31.8144,  22.4,25929,-50.0,-74.5,-69.8,  4,  7, 0.07,125, 3.5
2026-05-25 00:23:13,-102.0070,31.8144,  22.3,25935,-50.0,-74.5,-69.8,  4,  7, 0.08,126, 3.4
2026-05-25 00:23:14,-102.0071,31.8145,  22.3,25941,-49.9,-74.5,-69.8,  4,  7, 0.08,127, 3.3
2026-05-25 00:23:15,-102.0071,31.8145,  22.3,25947,-49.9,-74.4,-69.7,  4,  7, 0.08,128, 3.2
2026-05-25 00:23:16,-102.0071,31.8145,  22.3,25953,-49.9,-74.4,-69.7,  4,  7, 0.08,129, 3.1
2026-05-25 00:23:17,-102.0071,31.8145,  22.3,25959,-49.9,-74.4,-69.7,  4,  7, 0.08,130, 3.1
2026-05-25 00:23:18,-102.0071,31.8145,  22.2,25965,-49.9,-74.4,-69.7,  4,  7, 0.08,132, 3.0
2026-05-25 00:23:19,-102.0071,31.8145,  22.2,25971,-49.9,-74.4,-69.7,  4,  7, 0.08,133, 2.9
2026-05-25 00:23:20,-102.0071,31.8145,  22.2,25977,-49.9,-74.4,-69.7,  4,  7, 0.08,134, 2.8
2026-05-25 00:23:21,-102.0071,31.8146,  22.2,25983,-49.9,-74.4,-69.7,  4,  7, 0.08,136, 2.7
2026-05-25 00:23:22,-102.0071,31.8146,  22.2,25989,-49.9,-74.4,-69.7,  4,  7, 0.08,137, 2.7
2026-05-25 00:23:23,-102.0071,31.8146,  22.1,25995,-49.9,-74.4,-69.7,  4,  7, 0.08,139, 2.6
2026-05-25 00:23:24,-102.0071,31.8146,  22.1,26002,-49.9,-74.4,-69.7,  4,  7, 0.08,140, 2.5
2026-05-25 00:23:25,-102.0072,31.8146,  22.1,26008,-49.9,-74.4,-69.7,  4,  7, 0.08,142, 2.5
2026-05-25 00:23:26,-102.0072,31.8146,  22.1,26014,-49.9,-74.4,-69.7,  4,  7, 0.08,144, 2.4
2026-05-25 00:23:27,-102.0072,31.8147,  22.1,26020,-49.9,-74.4,-69.7,  4,  7, 0.08,146, 2.4
2026-05-25 00:23:28,-102.0072,31.8147,  22.0,26027,-49.9,-74.4,-69.7,  4,  7, 0.08,148, 2.3
2026-05-25 00:23:29,-102.0072,31.8147,  22.0,26033,-49.9,-74.4,-69.7,  4,  7, 0.08,150, 2.2
2026-05-25 00:23:30,-102.0072,31.8147,  22.0,26039,-49.9,-74.4,-69.7,  4,  7, 0.08,153, 2.2
2026-05-25 00:23:31,-102.0072,31.8147,  22.0,26046,-49.9,-74.4,-69.7,  4,  7, 0.08,155, 2.1
2026-05-25 00:23:32,-102.0072,31.8147,  21.9,26052,-49.9,-74.4,-69.7,  4,  7, 0.08,158, 2.1
2026-05-25 00:23:33,-102.0072,31.8147,  21.9,26058,-49.9,-74.4,-69.7,  4,  7, 0.08,161, 2.0
2026-05-25 00:23:34,-102.0072,31.8148,  21.9,26064,-49.9,-74.4,-69.7,  4,  7, 0.08,165, 1.9
2026-05-25 00:23:35,-102.0072,31.8148,  21.9,26070,-49.9,-74.4,-69.7,  4,  7, 0.08,168, 1.9
2026-05-25 00:23:36,-102.0072,31.8148,  21.9,26076,-49.8,-74.3,-69.7,  4,  7, 0.08,172, 1.8
2026-05-25 00:23:37,-102.0072,31.8148,  21.8,26082,-49.8,-74.3,-69.6,  4,  7, 0.08,176, 1.8
2026-05-25 00:23:38,-102.0072,31.8148,  21.8,26089,-49.8,-74.3,-69.6,  4,  7, 0.08,180, 1.7
2026-05-25 00:23:39,-102.0072,31.8148,  21.8,26095,-49.8,-74.3,-69.6,  4,  7, 0.08,185, 1.6
2026-05-25 00:23:40,-102.0072,31.8148,  21.8,26101,-49.8,-74.3,-69.6,  4,  7, 0.08,189, 1.6
2026-05-25 00:23:41,-102.0072,31.8148,  21.8,26107,-49.8,-74.3,-69.6,  4,  7, 0.08,194, 1.5
2026-05-25 00:23:42,-102.0072,31.8148,  21.7,26113,-49.8,-74.2,-69.6,  4,  7, 0.08,198, 1.5
2026-05-25 00:23:43,-102.0072,31.8148,  21.7,26120,-49.8,-74.2,-69.5,  4,  7, 0.08,200, 1.4
2026-05-25 00:23:44,-102.0072,31.8148,  21.7,26126,-49.8,-74.2,-69.5,  4,  7, 0.08,201, 1.4
2026-05-25 00:23:45,-102.0072,31.8148,  21.7,26132,-49.8,-74.2,-69.5,  4,  7, 0.08,202, 1.4
2026-05-25 00:23:46,-102.0071,31.8148,  21.7,26139,-49.7,-74.2,-69.5,  4,  7, 0.08,204, 1.3
2026-05-25 00:23:47,-102.0071,31.8148,  21.6,26145,-49.7,-74.1,-69.4,  4,  7, 0.08,205, 1.3
2026-05-25 00:23:48,-102.0071,31.8148,  21.6,26152,-49.7,-74.1,-69.4,  4,  7, 0.08,207, 1.3
2026-05-25 00:23:49,-102.0071,31.8148,  21.6,26158,-49.7,-74.1,-69.4,  4,  7, 0.08,209, 1.2
2026-05-25 00:23:50,-102.0071,31.8148,  21.6,26164,-49.7,-74.1,-69.4,  4,  7, 0.08,211, 1.2
2026-05-25 00:23:51,-102.0071,31.8148,  21.6,26170,-49.7,-74.1,-69.4,  4,  7, 0.08,213, 1.1
2026-05-25 00:23:52,-102.0071,31.8148,  21.5,26177,-49.7,-74.0,-69.4,  4,  7, 0.08,216, 1.1
2026-05-25 00:23:53,-102.0071,31.8149,  21.5,26183,-49.7,-74.0,-69.3,  4,  7, 0.08,218, 1.1
2026-05-25 00:23:54,-102.0071,31.8149,  21.5,26189,-49.8,-74.0,-69.3,  4,  7, 0.08,221, 1.0
2026-05-25 00:23:55,-102.0071,31.8149,  21.5,26196,-49.8,-74.0,-69.3,  4,  7, 0.08,224, 1.0
2026-05-25 00:23:56,-102.0071,31.8149,  21.4,26202,-49.8,-74.0,-69.3,  4,  7, 0.08,227, 1.0
2026-05-25 00:23:57,-102.0071,31.8149,  21.4,26208,-49.8,-74.0,-69.3,  4,  7, 0.08,231, 0.9
2026-05-25 00:23:58,-102.0071,31.8149,  21.4,26215,-49.8,-74.0,-69.3,  4,  7, 0.08,234, 0.9
2026-05-25 00:23:59,-102.0070,31.8149,  21.4,26221,-49.8,-74.0,-69.3,  4,  7, 0.08,238, 0.9
2026-05-25 00:24:00,-102.0070,31.8149,  21.4,26227,-49.8,-74.0,-69.3,  4,  7, 0.08,242, 0.8
2026-05-25 00:24:01,-102.0070,31.8149,  21.3,26233,-49.8,-74.0,-69.3,  4,  7, 0.08,246, 0.8
2026-05-25 00:24:02,-102.0070,31.8149,  21.3,26239,-49.8,-74.0,-69.3,  4,  7, 0.08,250, 0.8
2026-05-25 00:24:03,-102.0070,31.8149,  21.3,26246,-49.8,-74.0,-69.3,  4,  7, 0.08,251, 0.8
2026-05-25 00:24:04,-102.0070,31.8149,  21.3,26252,-49.8,-74.0,-69.3,  4,  7, 0.08,251, 0.8
2026-05-25 00:24:05,-102.0070,31.8149,  21.3,26258,-49.8,-74.0,-69.3,  4,  7, 0.08,251, 0.8
2026-05-25 00:24:06,-102.0070,31.8149,  21.2,26264,-49.8,-74.0,-69.3,  4,  7, 0.08,251, 0.9
2026-05-25 00:24:07,-102.0070,31.8149,  21.2,26270,-49.8,-74.0,-69.3,  4,  7, 0.08,252, 0.9
2026-05-25 00:24:08,-102.0070,31.8149,  21.2,26276,-49.7,-74.0,-69.3,  4,  7, 0.09,252, 0.9
2026-05-25 00:24:09,-102.0069,31.8149,  21.2,26283,-49.7,-74.0,-69.3,  4,  7, 0.09,252, 0.9
2026-05-25 00:24:10,-102.0069,31.8149,  21.2,26289,-49.7,-74.0,-69.3,  4,  7, 0.09,252, 1.0
2026-05-25 00:24:11,-102.0069,31.8149,  21.1,26295,-49.7,-74.0,-69.3,  4,  7, 0.09,252, 1.0
2026-05-25 00:24:12,-102.0069,31.8149,  21.1,26301,-49.7,-73.9,-69.3,  4,  7, 0.09,252, 1.0
2026-05-25 00:24:13,-102.0069,31.8149,  21.1,26308,-49.7,-73.9,-69.2,  4,  7, 0.09,253, 1.1
2026-05-25 00:24:14,-102.0069,31.8149,  21.1,26314,-49.7,-73.9,-69.2,  4,  7, 0.09,253, 1.1
2026-05-25 00:24:15,-102.0069,31.8149,  21.1,26320,-49.7,-73.9,-69.2,  4,  7, 0.09,253, 1.1
2026-05-25 00:24:16,-102.0069,31.8149,  21.0,26327,-49.7,-73.9,-69.2,  4,  7, 0.09,253, 1.1
2026-05-25 00:24:17,-102.0068,31.8149,  21.0,26333,-49.7,-73.9,-69.2,  4,  7, 0.09,253, 1.2
2026-05-25 00:24:18,-102.0068,31.8149,  21.0,26339,-49.7,-73.9,-69.2,  4,  7, 0.09,253, 1.2
2026-05-25 00:24:19,-102.0068,31.8149,  21.0,26346,-49.7,-73.9,-69.2,  4,  7, 0.09,253, 1.2
2026-05-25 00:24:20,-102.0068,31.8149,  21.0,26352,-49.6,-73.9,-69.2,  4,  7, 0.09,254, 1.2
2026-05-25 00:24:21,-102.0068,31.8149,  20.9,26359,-49.6,-73.9,-69.2,  4,  7, 0.09,254, 1.3
2026-05-25 00:24:22,-102.0068,31.8149,  20.9,26365,-49.6,-73.9,-69.2,  4,  7, 0.09,254, 1.3
2026-05-25 00:24:23,-102.0068,31.8149,  20.9,26374,-49.6,-73.8,-69.2,  4,  7, 0.09,257, 1.3
2026-05-25 00:24:24,-102.0067,31.8149,  20.9,26378,-49.6,-73.8,-69.2,  4,  7, 0.09,258, 1.3
2026-05-25 00:24:25,-102.0067,31.8149,  20.9,26384,-49.6,-73.8,-69.2,  4,  7, 0.09,260, 1.3
2026-05-25 00:24:26,-102.0067,31.8149,  20.8,26390,-49.6,-73.8,-69.1,  4,  7, 0.09,262, 1.3
2026-05-25 00:24:27,-102.0067,31.8149,  20.8,26396,-49.6,-73.8,-69.1,  4,  7, 0.09,264, 1.3
2026-05-25 00:24:28,-102.0067,31.8149,  20.8,26402,-49.6,-73.8,-69.1,  4,  7, 0.09,266, 1.3
2026-05-25 00:24:29,-102.0067,31.8149,  20.8,26408,-49.6,-73.8,-69.1,  4,  7, 0.09,268, 1.3
2026-05-25 00:24:30,-102.0067,31.8149,  20.8,26415,-49.6,-73.8,-69.1,  4,  7, 0.09,270, 1.3
2026-05-25 00:24:31,-102.0067,31.8149,  20.7,26421,-49.6,-73.8,-69.1,  4,  7, 0.09,272, 1.3
2026-05-25 00:24:32,-102.0066,31.8149,  20.7,26427,-49.5,-73.8,-69.1,  4,  7, 0.09,274, 1.3
2026-05-25 00:24:33,-102.0066,31.8149,  20.7,26434,-49.5,-73.8,-69.1,  4,  7, 0.09,275, 1.3
2026-05-25 00:24:34,-102.0066,31.8149,  20.7,26440,-49.5,-73.8,-69.1,  4,  7, 0.09,277, 1.3
2026-05-25 00:24:35,-102.0066,31.8149,  20.7,26446,-49.5,-73.8,-69.1,  4,  7, 0.09,279, 1.4
2026-05-25 00:24:36,-102.0066,31.8149,  20.6,26452,-49.5,-73.8,-69.1,  4,  7, 0.09,281, 1.4
2026-05-25 00:24:37,-102.0066,31.8149,  20.6,26458,-49.5,-73.8,-69.1,  4,  7, 0.09,283, 1.4
2026-05-25 00:24:38,-102.0066,31.8148,  20.6,26464,-49.5,-73.8,-69.1,  4,  7, 0.09,285, 1.4
2026-05-25 00:24:39,-102.0066,31.8148,  20.6,26471,-49.5,-73.8,-69.1,  4,  7, 0.09,287, 1.4
2026-05-25 00:24:40,-102.0066,31.8148,  20.6,26477,-49.5,-73.8,-69.1,  4,  7, 0.09,288, 1.4
2026-05-25 00:24:41,-102.0066,31.8148,  20.5,26483,-49.5,-73.8,-69.1,  4,  7, 0.09,290, 1.4
2026-05-25 00:24:42,-102.0066,31.8147,  20.5,26489,-49.5,-73.8,-69.1,  4,  7, 0.09,292, 1.4
2026-05-25 00:24:43,-102.0066,31.8147,  20.5,26495,-49.5,-73.8,-69.1,  4,  7, 0.09,298, 1.5
2026-05-25 00:24:44,-102.0066,31.8147,  20.5,26501,-49.5,-73.8,-69.1,  4,  7, 0.09,303, 1.6
2026-05-25 00:24:45,-102.0065,31.8146,  20.5,26508,-49.5,-73.8,-69.1,  4,  7, 0.09,309, 1.7
2026-05-25 00:24:46,-102.0065,31.8146,  20.5,26514,-49.5,-73.8,-69.1,  4,  7, 0.09,313, 1.8
2026-05-25 00:24:47,-102.0065,31.8146,  20.4,26520,-49.5,-73.8,-69.1,  4,  7, 0.09,318, 1.9
2026-05-25 00:24:48,-102.0065,31.8146,  20.4,26526,-49.5,-73.8,-69.1,  4,  7, 0.09,322, 2.0
2026-05-25 00:24:49,-102.0065,31.8145,  20.4,26532,-49.5,-73.8,-69.1,  4,  7, 0.09,325, 2.1
2026-05-25 00:24:50,-102.0065,31.8145,  20.4,26538,-49.4,-73.8,-69.1,  4,  7, 0.09,328, 2.2
2026-05-25 00:24:51,-102.0065,31.8145,  20.4,26544,-49.4,-73.8,-69.1,  4,  7, 0.09,331, 2.3
2026-05-25 00:24:52,-102.0065,31.8144,  20.3,26550,-49.4,-73.8,-69.1,  4,  7, 0.09,334, 2.4
2026-05-25 00:24:53,-102.0065,31.8144,  20.3,26557,-49.4,-73.8,-69.1,  4,  7, 0.09,336, 2.6
2026-05-25 00:24:54,-102.0065,31.8144,  20.3,26564,-49.4,-73.8,-69.1,  4,  7, 0.09,338, 2.7
2026-05-25 00:24:55,-102.0065,31.8144,  20.3,26570,-49.4,-73.8,-69.1,  4,  7, 0.09,340, 2.8
2026-05-25 00:24:56,-102.0065,31.8143,  20.3,26577,-49.4,-73.8,-69.1,  4,  7, 0.09,342, 2.9
2026-05-25 00:24:57,-102.0065,31.8143,  20.2,26583,-49.4,-73.8,-69.1,  4,  7, 0.09,343, 3.0
2026-05-25 00:24:58,-102.0065,31.8143,  20.2,26589,-49.4,-73.8,-69.1,  4,  7, 0.09,345, 3.1
2026-05-25 00:24:59,-102.0065,31.8142,  20.2,26595,-49.4,-73.8,-69.1,  4,  7, 0.09,346, 3.2
2026-05-25 00:25:00,-102.0065,31.8142,  20.2,26601,-49.4,-73.7,-69.1,  4,  7, 0.09,347, 3.3
2026-05-25 00:25:01,-102.0065,31.8142,  20.2,26607,-49.4,-73.7,-69.1,  4,  7, 0.09,348, 3.4
2026-05-25 00:25:02,-102.0065,31.8142,  20.1,26613,-49.4,-73.7,-69.1,  4,  7, 0.09,349, 3.5
2026-05-25 00:25:03,-102.0065,31.8141,  20.1,26620,-49.4,-73.7,-69.0,  4,  7, 0.09,351, 3.6
2026-05-25 00:25:04,-102.0065,31.8141,  20.1,26626,-49.4,-73.7,-69.0,  4,  7, 0.09,353, 3.7
2026-05-25 00:25:05,-102.0065,31.8141,  20.1,26632,-49.4,-73.7,-69.0,  4,  7, 0.09,355, 3.7
2026-05-25 00:25:06,-102.0064,31.8140,  20.1,26638,-49.4,-73.7,-69.0,  4,  7, 0.09,357, 3.8
2026-05-25 00:25:07,-102.0064,31.8140,  20.0,26645,-49.4,-73.7,-69.0,  4,  7, 0.09,359, 3.9
2026-05-25 00:25:08,-102.0065,31.8140,  20.0,26651,-49.4,-73.7,-69.0,  4,  7, 0.09,360, 4.0
2026-05-25 00:25:09,-102.0065,31.8140,  20.0,26657,-49.4,-73.7,-69.0,  4,  7, 0.09,  2, 4.0
2026-05-25 00:25:10,-102.0066,31.8139,  20.0,26660,-49.3,-73.7,-69.0,  4,  7, 0.09,  3, 4.1
2026-05-25 00:25:11,-102.0066,31.8139,  20.0,26669,-49.3,-73.7,-69.0,  4,  7, 0.09,  5, 4.2
2026-05-25 00:25:12,-102.0066,31.8138,  20.0,26675,-49.3,-73.7,-69.0,  4,  7, 0.09,  7, 4.3
2026-05-25 00:25:13,-102.0067,31.8138,  19.9,26681,-49.3,-73.7,-69.0,  4,  7, 0.09,  8, 4.3
2026-05-25 00:25:14,-102.0067,31.8137,  19.9,26687,-49.3,-73.7,-69.0,  4,  7, 0.09, 10, 4.4
2026-05-25 00:25:15,-102.0068,31.8137,  19.9,26694,-49.3,-73.7,-69.0,  4,  7, 0.09, 11, 4.5
2026-05-25 00:25:16,-102.0068,31.8136,  19.9,26700,-49.3,-73.6,-69.0,  4,  7, 0.10, 12, 4.6
2026-05-25 00:25:17,-102.0069,31.8136,  19.9,26707,-49.3,-73.6,-69.0,  4,  7, 0.10, 14, 4.6
2026-05-25 00:25:18,-102.0069,31.8136,  19.8,26713,-49.3,-73.6,-69.0,  4,  7, 0.10, 15, 4.7
2026-05-25 00:25:19,-102.0069,31.8135,  19.8,26719,-49.3,-73.6,-69.0,  4,  7, 0.10, 16, 4.8
2026-05-25 00:25:20,-102.0070,31.8135,  19.8,26726,-49.3,-73.6,-69.0,  4,  7, 0.10, 17, 4.8
2026-05-25 00:25:21,-102.0070,31.8134,  19.8,26732,-49.2,-73.6,-69.0,  4,  7, 0.10, 18, 4.9
2026-05-25 00:25:22,-102.0071,31.8134,  19.8,26739,-49.2,-73.6,-69.0,  4,  7, 0.10, 19, 5.0
2026-05-25 00:25:23,-102.0071,31.8134,  19.7,26745,-49.2,-73.6,-69.0,  4,  7, 0.10, 21, 5.1
2026-05-25 00:25:24,-102.0071,31.8133,  19.7,26751,-49.2,-73.6,-69.0,  4,  7, 0.10, 24, 5.2
2026-05-25 00:25:25,-102.0072,31.8133,  19.7,26757,-49.2,-73.6,-68.9,  4,  7, 0.10, 26, 5.3
2026-05-25 00:25:26,-102.0072,31.8132,  19.7,26763,-49.2,-73.6,-68.9,  4,  7, 0.10, 28, 5.4
2026-05-25 00:25:27,-102.0073,31.8132,  19.7,26769,-49.2,-73.6,-68.9,  4,  7, 0.10, 30, 5.5
2026-05-25 00:25:28,-102.0073,31.8131,  19.7,26775,-49.2,-73.6,-68.9,  4,  7, 0.10, 32, 5.6
2026-05-25 00:25:29,-102.0073,31.8131,  19.6,26781,-49.2,-73.6,-68.9,  4,  7, 0.10, 33, 5.7
2026-05-25 00:25:30,-102.0074,31.8131,  19.6,26787,-49.2,-73.6,-68.9,  4,  7, 0.10, 35, 5.8
2026-05-25 00:25:31,-102.0074,31.8130,  19.6,26793,-49.1,-73.6,-68.9,  4,  7, 0.10, 37, 5.9
2026-05-25 00:25:32,-102.0075,31.8130,  19.6,26799,-49.1,-73.6,-68.9,  4,  7, 0.10, 39, 6.0
2026-05-25 00:25:33,-102.0075,31.8129,  19.6,26806,-49.1,-73.6,-68.9,  4,  7, 0.10, 40, 6.1
2026-05-25 00:25:34,-102.0076,31.8129,  19.5,26812,-49.1,-73.6,-68.9,  4,  7, 0.10, 42, 6.3
2026-05-25 00:25:35,-102.0076,31.8129,  19.5,26818,-49.1,-73.6,-68.9,  4,  7, 0.10, 43, 6.4
2026-05-25 00:25:36,-102.0076,31.8128,  19.5,26824,-49.1,-73.6,-68.9,  4,  7, 0.10, 45, 6.5
2026-05-25 00:25:37,-102.0077,31.8128,  19.5,26830,-49.1,-73.6,-68.9,  4,  7, 0.10, 46, 6.6
2026-05-25 00:25:38,-102.0077,31.8128,  19.5,26836,-49.0,-73.6,-68.9,  4,  7, 0.10, 48, 6.7
2026-05-25 00:25:39,-102.0078,31.8127,  19.5,26842,-49.0,-73.6,-68.9,  4,  7, 0.10, 49, 6.8
2026-05-25 00:25:40,-102.0079,31.8127,  19.4,26848,-49.0,-73.6,-68.9,  4,  7, 0.10, 50, 6.9
2026-05-25 00:25:41,-102.0079,31.8127,  19.4,26854,-49.0,-73.6,-68.9,  4,  7, 0.10, 51, 6.9
2026-05-25 00:25:42,-102.0080,31.8127,  19.4,26860,-48.9,-73.6,-68.9,  4,  7, 0.10, 52, 7.1
2026-05-25 00:25:43,-102.0081,31.8127,  19.4,26866,-48.9,-73.6,-68.9,  4,  7, 0.10, 54, 7.0
2026-05-25 00:25:44,-102.0082,31.8127,  19.4,26873,-48.9,-73.6,-68.9,  4,  7, 0.10, 55, 7.0
2026-05-25 00:25:45,-102.0082,31.8127,  19.3,26879,-48.9,-73.6,-68.9,  4,  7, 0.10, 56, 7.1
2026-05-25 00:25:46,-102.0083,31.8126,  19.3,26885,-48.9,-73.6,-68.9,  4,  7, 0.10, 57, 7.1
2026-05-25 00:25:47,-102.0084,31.8126,  19.3,26891,-48.8,-73.6,-68.9,  4,  7, 0.10, 59, 7.1
2026-05-25 00:25:48,-102.0084,31.8126,  19.3,26897,-48.8,-73.6,-68.9,  4,  7, 0.10, 60, 7.1
2026-05-25 00:25:49,-102.0085,31.8126,  19.3,26904,-48.8,-73.6,-68.9,  4,  7, 0.10, 61, 7.1
2026-05-25 00:25:50,-102.0086,31.8126,  19.3,26910,-48.8,-73.6,-68.9,  4,  7, 0.10, 63, 7.1
2026-05-25 00:25:51,-102.0087,31.8126,  19.2,26916,-48.7,-73.6,-68.9,  4,  7, 0.10, 64, 7.1
2026-05-25 00:25:52,-102.0087,31.8126,  19.2,26922,-48.7,-73.6,-68.9,  4,  7, 0.10, 65, 7.1
2026-05-25 00:25:53,-102.0088,31.8126,  19.2,26928,-48.7,-73.6,-68.9,  4,  7, 0.10, 67, 7.1
2026-05-25 00:25:54,-102.0089,31.8125,  19.2,26934,-48.6,-73.6,-68.9,  4,  7, 0.10, 68, 7.1
2026-05-25 00:25:55,-102.0090,31.8125,  19.2,26940,-48.6,-73.6,-68.9,  4,  7, 0.10, 69, 7.1
2026-05-25 00:25:56,-102.0090,31.8125,  19.1,26945,-48.6,-73.6,-68.9,  4,  7, 0.10, 71, 7.1
2026-05-25 00:25:57,-102.0091,31.8125,  19.1,26951,-48.5,-73.6,-68.9,  4,  7, 0.10, 72, 7.1
2026-05-25 00:25:58,-102.0092,31.8125,  19.1,26957,-48.5,-73.5,-68.9,  4,  7, 0.10, 73, 7.1
2026-05-25 00:25:59,-102.0092,31.8125,  19.1,26963,-48.5,-73.5,-68.8,  4,  7, 0.10, 74, 7.1
2026-05-25 00:26:00,-102.0093,31.8125,  19.1,26969,-48.4,-73.5,-68.8,  4,  7, 0.10, 76, 7.0
2026-05-25 00:26:01,-102.0094,31.8125,  19.1,26975,-48.4,-73.5,-68.8,  4,  6, 0.10, 77, 7.1
2026-05-25 00:26:02,-102.0095,31.8124,  19.0,26982,-48.4,-73.5,-68.8,  4,  6, 0.10, 78, 7.1
2026-05-25 00:26:03,-102.0095,31.8124,  19.0,26988,-48.3,-73.5,-68.8,  4,  6, 0.10, 79, 7.1
2026-05-25 00:26:04,-102.0096,31.8124,  19.0,26994,-48.3,-73.4,-68.8,  4,  6, 0.10, 79, 7.0
2026-05-25 00:26:05,-102.0097,31.8124,  19.0,27000,-48.3,-73.4,-68.8,  4,  6, 0.10, 80, 7.0
2026-05-25 00:26:06,-102.0097,31.8124,  19.0,27006,-48.2,-73.4,-68.7,  4,  6, 0.10, 80, 7.0
2026-05-25 00:26:07,-102.0098,31.8124,  19.0,27012,-48.2,-73.4,-68.7,  4,  6, 0.10, 80, 7.0
2026-05-25 00:26:08,-102.0099,31.8124,  18.9,27018,-48.1,-73.4,-68.7,  4,  6, 0.10, 81, 6.9
2026-05-25 00:26:09,-102.0099,31.8124,  18.9,27025,-48.1,-73.4,-68.7,  4,  6, 0.10, 81, 6.9
2026-05-25 00:26:10,-102.0100,31.8124,  18.9,27030,-48.1,-73.3,-68.7,  4,  6, 0.10, 82, 6.9
2026-05-25 00:26:11,-102.0101,31.8124,  18.9,27036,-48.0,-73.3,-68.6,  4,  6, 0.11, 82, 6.9
2026-05-25 00:26:12,-102.0102,31.8124,  18.9,27042,-48.0,-73.3,-68.6,  4,  6, 0.11, 82, 6.9
2026-05-25 00:26:13,-102.0102,31.8123,  18.9,27048,-47.9,-73.3,-68.6,  4,  6, 0.11, 83, 6.8
2026-05-25 00:26:14,-102.0103,31.8123,  18.8,27053,-47.9,-73.2,-68.6,  4,  6, 0.11, 83, 6.8
2026-05-25 00:26:15,-102.0104,31.8123,  18.8,27059,-47.9,-73.2,-68.5,  4,  6, 0.11, 84, 6.8
2026-05-25 00:26:16,-102.0104,31.8123,  18.8,27065,-47.8,-73.2,-68.5,  4,  6, 0.11, 84, 6.8
2026-05-25 00:26:17,-102.0105,31.8123,  18.8,27071,-47.8,-73.2,-68.5,  4,  6, 0.11, 85, 6.7
2026-05-25 00:26:18,-102.0106,31.8123,  18.8,27077,-47.7,-73.1,-68.5,  4,  6, 0.11, 85, 6.7
2026-05-25 00:26:19,-102.0106,31.8123,  18.8,27083,-47.7,-73.1,-68.4,  4,  6, 0.11, 86, 6.7
2026-05-25 00:26:20,-102.0107,31.8123,  18.7,27089,-47.7,-73.1,-68.4,  4,  6, 0.11, 86, 6.7
2026-05-25 00:26:21,-102.0108,31.8123,  18.7,27095,-47.6,-73.1,-68.4,  4,  6, 0.11, 86, 6.7
2026-05-25 00:26:22,-102.0108,31.8123,  18.7,27101,-47.6,-73.0,-68.4,  4,  6, 0.11, 87, 6.6
2026-05-25 00:26:23,-102.0109,31.8123,  18.7,27107,-47.5,-73.0,-68.3,  4,  6, 0.11, 87, 6.6
2026-05-25 00:26:24,-102.0110,31.8123,  18.7,27114,-47.5,-73.0,-68.3,  4,  6, 0.11, 87, 6.6
2026-05-25 00:26:25,-102.0110,31.8123,  18.6,27120,-47.5,-72.9,-68.3,  4,  6, 0.11, 86, 6.6
2026-05-25 00:26:26,-102.0111,31.8123,  18.6,27126,-47.4,-72.9,-68.2,  4,  6, 0.11, 86, 6.6
2026-05-25 00:26:27,-102.0112,31.8123,  18.6,27132,-47.4,-72.9,-68.2,  4,  6, 0.11, 86, 6.6
2026-05-25 00:26:28,-102.0112,31.8123,  18.6,27138,-47.3,-72.8,-68.2,  4,  6, 0.11, 86, 6.6
2026-05-25 00:26:29,-102.0113,31.8123,  18.6,27144,-47.3,-72.8,-68.1,  4,  6, 0.11, 86, 6.6
2026-05-25 00:26:30,-102.0114,31.8123,  18.6,27150,-47.3,-72.8,-68.1,  4,  6, 0.12, 86, 6.6
2026-05-25 00:26:31,-102.0114,31.8123,  18.5,27156,-47.2,-72.7,-68.1,  4,  6, 0.12, 86, 6.5
2026-05-25 00:26:32,-102.0115,31.8122,  18.5,27162,-47.2,-72.7,-68.0,  4,  6, 0.12, 85, 6.5
2026-05-25 00:26:33,-102.0116,31.8122,  18.5,27168,-47.1,-72.7,-68.0,  4,  6, 0.12, 85, 6.5
2026-05-25 00:26:34,-102.0117,31.8122,  18.5,27175,-47.1,-72.6,-68.0,  4,  6, 0.12, 85, 6.5
2026-05-25 00:26:35,-102.0117,31.8122,  18.5,27180,-47.1,-72.6,-67.9,  4,  6, 0.12, 85, 6.5
2026-05-25 00:26:36,-102.0118,31.8122,  18.5,27186,-47.0,-72.6,-67.9,  4,  6, 0.12, 85, 6.5
2026-05-25 00:26:37,-102.0119,31.8122,  18.4,27192,-47.0,-72.5,-67.9,  4,  6, 0.12, 85, 6.5
2026-05-25 00:26:38,-102.0119,31.8122,  18.4,27198,-46.9,-72.5,-67.8,  4,  6, 0.12, 85, 6.5
2026-05-25 00:26:39,-102.0120,31.8122,  18.4,27204,-46.9,-72.5,-67.8,  4,  6, 0.12, 84, 6.4
2026-05-25 00:26:40,-102.0121,31.8122,  18.4,27210,-46.9,-72.5,-67.8,  4,  6, 0.12, 84, 6.4
2026-05-25 00:26:41,-102.0121,31.8122,  18.4,27216,-46.8,-72.4,-67.8,  4,  6, 0.12, 84, 6.4
2026-05-25 00:26:42,-102.0122,31.8122,  18.4,27222,-46.8,-72.4,-67.7,  4,  6, 0.12, 84, 6.4
2026-05-25 00:26:43,-102.0122,31.8122,  18.3,27229,-46.7,-72.4,-67.7,  4,  6, 0.12, 84, 6.4
2026-05-25 00:26:44,-102.0123,31.8122,  18.3,27235,-46.7,-72.3,-67.7,  4,  6, 0.12, 84, 6.4
2026-05-25 00:26:45,-102.0124,31.8121,  18.3,27241,-46.7,-72.3,-67.7,  4,  6, 0.13, 83, 6.3
2026-05-25 00:26:46,-102.0124,31.8121,  18.3,27247,-46.6,-72.3,-67.6,  4,  6, 0.13, 83, 6.3
2026-05-25 00:26:47,-102.0125,31.8121,  18.3,27253,-46.6,-72.3,-67.6,  4,  6, 0.13, 83, 6.3
2026-05-25 00:26:48,-102.0125,31.8121,  18.3,27258,-46.6,-72.3,-67.6,  4,  6, 0.13, 82, 6.3
2026-05-25 00:26:49,-102.0126,31.8121,  18.2,27264,-46.5,-72.2,-67.6,  4,  6, 0.13, 82, 6.2
2026-05-25 00:26:50,-102.0127,31.8121,  18.2,27270,-46.5,-72.2,-67.6,  4,  6, 0.13, 82, 6.2
2026-05-25 00:26:51,-102.0127,31.8121,  18.2,27278,-46.5,-72.2,-67.5,  4,  6, 0.13, 82, 6.2
2026-05-25 00:26:52,-102.0128,31.8121,  18.2,27282,-46.4,-72.2,-67.5,  4,  6, 0.13, 81, 6.2
2026-05-25 00:26:53,-102.0128,31.8120,  18.2,27288,-46.4,-72.2,-67.5,  4,  6, 0.13, 81, 6.1
2026-05-25 00:26:54,-102.0129,31.8120,  18.2,27294,-46.4,-72.1,-67.5,  4,  6, 0.13, 81, 6.1
2026-05-25 00:26:55,-102.0129,31.8120,  18.1,27300,-46.3,-72.1,-67.4,  4,  6, 0.13, 81, 6.1
2026-05-25 00:26:56,-102.0130,31.8120,  18.1,27307,-46.3,-72.1,-67.4,  4,  6, 0.13, 80, 6.1
2026-05-25 00:26:57,-102.0131,31.8120,  18.1,27313,-46.3,-72.0,-67.4,  4,  6, 0.13, 80, 6.0
2026-05-25 00:26:58,-102.0131,31.8120,  18.1,27319,-46.3,-72.0,-67.4,  4,  6, 0.13, 80, 6.0
2026-05-25 00:26:59,-102.0132,31.8120,  18.1,27325,-46.2,-72.0,-67.3,  4,  6, 0.13, 79, 6.0
2026-05-25 00:27:00,-102.0132,31.8120,  18.1,27331,-46.2,-72.0,-67.3,  4,  6, 0.13, 79, 6.0
2026-05-25 00:27:01,-102.0133,31.8119,  18.0,27337,-46.2,-72.0,-67.3,  4,  6, 0.13, 79, 6.0
2026-05-25 00:27:02,-102.0133,31.8119,  18.0,27343,-46.2,-71.9,-67.3,  4,  6, 0.13, 78, 5.9
2026-05-25 00:27:03,-102.0134,31.8119,  18.0,27349,-46.2,-71.9,-67.3,  4,  6, 0.13, 78, 5.9
2026-05-25 00:27:04,-102.0135,31.8119,  18.0,27355,-46.1,-71.9,-67.2,  4,  6, 0.14, 77, 5.9
2026-05-25 00:27:05,-102.0135,31.8119,  18.0,27361,-46.1,-71.9,-67.2,  4,  6, 0.14, 76, 5.9
2026-05-25 00:27:06,-102.0136,31.8119,  18.0,27367,-46.1,-71.9,-67.2,  4,  6, 0.14, 76, 5.8
2026-05-25 00:27:07,-102.0136,31.8119,  17.9,27373,-46.1,-71.8,-67.2,  4,  6, 0.14, 75, 5.8
2026-05-25 00:27:08,-102.0137,31.8119,  17.9,27379,-46.0,-71.8,-67.2,  4,  6, 0.14, 74, 5.8
2026-05-25 00:27:09,-102.0138,31.8118,  17.9,27385,-46.0,-71.8,-67.1,  4,  6, 0.14, 74, 5.8
2026-05-25 00:27:10,-102.0138,31.8118,  17.9,27391,-46.0,-71.8,-67.1,  4,  6, 0.14, 73, 5.7
2026-05-25 00:27:11,-102.0139,31.8118,  17.9,27398,-46.0,-71.8,-67.1,  4,  6, 0.14, 72, 5.7
2026-05-25 00:27:12,-102.0139,31.8118,  17.9,27404,-46.0,-71.8,-67.1,  4,  6, 0.14, 72, 5.7
2026-05-25 00:27:13,-102.0140,31.8117,  17.8,27410,-46.0,-71.7,-67.1,  4,  6, 0.14, 71, 5.7
2026-05-25 00:27:14,-102.0140,31.8117,  17.8,27416,-46.0,-71.7,-67.1,  4,  6, 0.14, 70, 5.7
2026-05-25 00:27:15,-102.0141,31.8117,  17.8,27422,-45.9,-71.7,-67.1,  4,  6, 0.14, 69, 5.6
2026-05-25 00:27:16,-102.0142,31.8116,  17.8,27428,-45.9,-71.7,-67.1,  4,  6, 0.14, 69, 5.6
2026-05-25 00:27:17,-102.0142,31.8116,  17.8,27434,-45.9,-71.7,-67.1,  4,  6, 0.14, 68, 5.6
2026-05-25 00:27:18,-102.0143,31.8116,  17.8,27440,-45.9,-71.7,-67.0,  4,  6, 0.14, 67, 5.6
2026-05-25 00:27:19,-102.0143,31.8115,  17.8,27446,-45.9,-71.7,-67.0,  4,  6, 0.14, 66, 5.6
2026-05-25 00:27:20,-102.0144,31.8115,  17.7,27451,-45.9,-71.7,-67.0,  4,  6, 0.14, 66, 5.6
2026-05-25 00:27:21,-102.0144,31.8115,  17.7,27457,-45.9,-71.7,-67.0,  4,  6, 0.14, 65, 5.6
2026-05-25 00:27:22,-102.0145,31.8114,  17.7,27463,-45.9,-71.7,-67.0,  4,  6, 0.14, 64, 5.5
2026-05-25 00:27:23,-102.0145,31.8114,  17.7,27471,-45.9,-71.7,-67.0,  4,  6, 0.14, 63, 5.6
2026-05-25 00:27:24,-102.0146,31.8113,  17.7,27475,-45.9,-71.7,-67.0,  4,  6, 0.14, 62, 5.7
2026-05-25 00:27:25,-102.0147,31.8113,  17.7,27480,-45.9,-71.7,-67.0,  4,  6, 0.14, 61, 5.7
2026-05-25 00:27:26,-102.0147,31.8113,  17.6,27486,-45.9,-71.7,-67.0,  4,  6, 0.14, 61, 5.8
2026-05-25 00:27:27,-102.0148,31.8112,  17.6,27493,-45.9,-71.7,-67.0,  4,  6, 0.14, 60, 5.9
2026-05-25 00:27:28,-102.0148,31.8112,  17.6,27499,-45.9,-71.7,-67.0,  4,  6, 0.14, 59, 5.9
2026-05-25 00:27:29,-102.0149,31.8112,  17.6,27505,-45.9,-71.7,-67.1,  4,  6, 0.14, 58, 6.0
2026-05-25 00:27:30,-102.0149,31.8111,  17.6,27512,-45.9,-71.7,-67.1,  4,  6, 0.14, 57, 6.1
2026-05-25 00:27:31,-102.0150,31.8111,  17.6,27518,-45.9,-71.7,-67.1,  4,  6, 0.14, 57, 6.2
2026-05-25 00:27:32,-102.0151,31.8111,  17.5,27524,-45.9,-71.7,-67.1,  4,  6, 0.14, 56, 6.2
2026-05-25 00:27:33,-102.0151,31.8110,  17.5,27530,-45.9,-71.7,-67.1,  4,  6, 0.14, 55, 6.3
2026-05-25 00:27:34,-102.0152,31.8110,  17.5,27536,-45.9,-71.7,-67.0,  4,  6, 0.14, 54, 6.4
2026-05-25 00:27:35,-102.0152,31.8110,  17.5,27542,-45.9,-71.7,-67.0,  4,  6, 0.14, 54, 6.5
2026-05-25 00:27:36,-102.0153,31.8109,  17.5,27548,-45.9,-71.7,-67.0,  4,  6, 0.14, 53, 6.6
2026-05-25 00:27:37,-102.0153,31.8109,  17.5,27554,-45.9,-71.6,-67.0,  4,  6, 0.14, 52, 6.6
2026-05-25 00:27:38,-102.0154,31.8108,  17.5,27561,-45.9,-71.6,-67.0,  4,  6, 0.14, 52, 6.7
2026-05-25 00:27:39,-102.0154,31.8108,  17.4,27567,-45.9,-71.6,-67.0,  4,  6, 0.15, 51, 6.8
2026-05-25 00:27:40,-102.0155,31.8108,  17.4,27573,-45.9,-71.6,-67.0,  4,  6, 0.15, 51, 6.9
2026-05-25 00:27:41,-102.0156,31.8107,  17.4,27579,-45.9,-71.6,-67.0,  4,  6, 0.15, 50, 7.0
2026-05-25 00:27:42,-102.0156,31.8107,  17.4,27586,-46.0,-71.6,-66.9,  4,  6, 0.15, 49, 7.0
2026-05-25 00:27:43,-102.0157,31.8107,  17.4,27592,-46.0,-71.6,-66.9,  4,  6, 0.15, 50, 7.1
2026-05-25 00:27:44,-102.0158,31.8106,  17.4,27598,-46.0,-71.6,-66.9,  4,  6, 0.15, 50, 7.1
2026-05-25 00:27:45,-102.0159,31.8106,  17.3,27604,-46.0,-71.6,-66.9,  4,  6, 0.15, 50, 7.2
2026-05-25 00:27:46,-102.0159,31.8106,  17.3,27610,-46.0,-71.6,-66.9,  4,  6, 0.15, 51, 7.2
2026-05-25 00:27:47,-102.0160,31.8105,  17.3,27616,-46.0,-71.6,-66.9,  4,  6, 0.15, 51, 7.3
2026-05-25 00:27:48,-102.0161,31.8105,  17.3,27622,-46.0,-71.5,-66.9,  4,  6, 0.15, 51, 7.3
2026-05-25 00:27:49,-102.0162,31.8104,  17.3,27628,-46.0,-71.5,-66.9,  4,  6, 0.15, 52, 7.4
2026-05-25 00:27:50,-102.0162,31.8104,  17.3,27635,-46.0,-71.5,-66.9,  4,  6, 0.15, 52, 7.4
2026-05-25 00:27:51,-102.0163,31.8104,  17.2,27641,-46.1,-71.5,-66.9,  4,  6, 0.15, 52, 7.5
2026-05-25 00:27:52,-102.0164,31.8103,  17.2,27647,-46.1,-71.5,-66.9,  4,  7, 0.15, 52, 7.5
2026-05-25 00:27:53,-102.0165,31.8103,  17.2,27653,-46.1,-71.5,-66.9,  4,  7, 0.15, 53, 7.6
2026-05-25 00:27:54,-102.0166,31.8103,  17.2,27659,-46.1,-71.5,-66.9,  4,  7, 0.15, 53, 7.6
2026-05-25 00:27:55,-102.0166,31.8102,  17.2,27666,-46.1,-71.5,-66.9,  4,  7, 0.15, 53, 7.7
2026-05-25 00:27:56,-102.0167,31.8102,  17.2,27672,-46.1,-71.5,-66.8,  4,  7, 0.15, 53, 7.7
2026-05-25 00:27:57,-102.0168,31.8101,  17.1,27678,-46.1,-71.5,-66.8,  4,  7, 0.15, 54, 7.8
2026-05-25 00:27:58,-102.0169,31.8101,  17.1,27685,-46.1,-71.5,-66.8,  4,  7, 0.15, 54, 7.8
2026-05-25 00:27:59,-102.0170,31.8101,  17.1,27691,-46.2,-71.5,-66.8,  4,  7, 0.15, 54, 7.9
2026-05-25 00:28:00,-102.0170,31.8100,  17.1,27697,-46.2,-71.5,-66.8,  4,  7, 0.15, 54, 7.9
2026-05-25 00:28:01,-102.0171,31.8100,  17.1,27704,-46.2,-71.5,-66.9,  4,  7, 0.15, 55, 8.0
2026-05-25 00:28:02,-102.0172,31.8099,  17.1,27710,-46.2,-71.5,-66.9,  4,  7, 0.15, 55, 8.0
2026-05-25 00:28:03,-102.0173,31.8099,  17.0,27716,-46.2,-71.5,-66.9,  4,  7, 0.15, 56, 8.1
2026-05-25 00:28:04,-102.0174,31.8099,  17.0,27722,-46.2,-71.5,-66.9,  4,  7, 0.15, 57, 8.2
2026-05-25 00:28:05,-102.0174,31.8098,  17.0,27728,-46.2,-71.5,-66.9,  4,  7, 0.15, 58, 8.3
2026-05-25 00:28:06,-102.0175,31.8098,  17.0,27734,-46.2,-71.5,-66.9,  4,  7, 0.15, 59, 8.4
2026-05-25 00:28:07,-102.0176,31.8098,  17.0,27740,-46.2,-71.6,-66.9,  4,  7, 0.15, 60, 8.5
2026-05-25 00:28:08,-102.0177,31.8097,  17.0,27746,-46.3,-71.6,-66.9,  4,  7, 0.15, 61, 8.6
2026-05-25 00:28:09,-102.0177,31.8097,  17.0,27752,-46.3,-71.6,-66.9,  4,  7, 0.15, 61, 8.7
2026-05-25 00:28:10,-102.0178,31.8096,  16.9,27758,-46.3,-71.6,-66.9,  4,  7, 0.15, 62, 8.8
2026-05-25 00:28:11,-102.0179,31.8096,  16.9,27764,-46.3,-71.6,-66.9,  4,  7, 0.15, 63, 8.9
2026-05-25 00:28:12,-102.0180,31.8096,  16.9,27770,-46.3,-71.6,-66.9,  4,  7, 0.15, 64, 9.0
2026-05-25 00:28:13,-102.0181,31.8095,  16.9,27777,-46.3,-71.6,-66.9,  4,  7, 0.15, 65, 9.1
2026-05-25 00:28:14,-102.0182,31.8095,  16.9,27783,-46.3,-71.6,-66.9,  4,  7, 0.15, 66, 9.2
2026-05-25 00:28:15,-102.0183,31.8095,  16.9,27789,-46.3,-71.6,-67.0,  4,  7, 0.15, 66, 9.3
2026-05-25 00:28:16,-102.0185,31.8095,  16.8,27795,-46.3,-71.6,-67.0,  4,  7, 0.15, 67, 9.5
2026-05-25 00:28:17,-102.0186,31.8095,  16.8,27801,-46.4,-71.6,-67.0,  4,  7, 0.15, 68, 9.6
2026-05-25 00:28:18,-102.0187,31.8095,  16.8,27807,-46.4,-71.6,-67.0,  4,  7, 0.15, 68, 9.7
2026-05-25 00:28:19,-102.0188,31.8094,  16.8,27812,-46.4,-71.6,-67.0,  4,  7, 0.15, 69, 9.8
2026-05-25 00:28:20,-102.0189,31.8094,  16.8,27818,-46.4,-71.6,-67.0,  4,  7, 0.15, 70, 9.9
2026-05-25 00:28:21,-102.0191,31.8094,  16.8,27824,-46.4,-71.6,-67.0,  4,  7, 0.15, 70,10.0
2026-05-25 00:28:22,-102.0192,31.8094,  16.8,27830,-46.4,-71.7,-67.0,  4,  7, 0.15, 71,10.2
2026-05-25 00:28:23,-102.0193,31.8094,  16.7,27836,-46.4,-71.7,-67.0,  4,  7, 0.15, 72,10.3
2026-05-25 00:28:24,-102.0194,31.8094,  16.7,27842,-46.4,-71.7,-67.0,  4,  7, 0.15, 72,10.3
2026-05-25 00:28:25,-102.0195,31.8093,  16.7,27847,-46.4,-71.7,-67.0,  4,  7, 0.15, 73,10.4
2026-05-25 00:28:26,-102.0197,31.8093,  16.7,27853,-46.5,-71.7,-67.0,  4,  7, 0.15, 74,10.5
2026-05-25 00:28:27,-102.0198,31.8093,  16.7,27859,-46.5,-71.7,-67.0,  4,  7, 0.15, 74,10.6
2026-05-25 00:28:28,-102.0199,31.8093,  16.7,27865,-46.5,-71.7,-67.0,  4,  7, 0.15, 75,10.7
2026-05-25 00:28:29,-102.0200,31.8093,  16.7,27871,-46.5,-71.6,-67.0,  4,  7, 0.15, 76,10.8
2026-05-25 00:28:30,-102.0202,31.8093,  16.6,27876,-46.5,-71.6,-67.0,  4,  7, 0.15, 76,10.9
2026-05-25 00:28:31,-102.0203,31.8093,  16.6,27882,-46.5,-71.6,-67.0,  4,  7, 0.15, 77,11.0
2026-05-25 00:28:32,-102.0204,31.8092,  16.6,27887,-46.5,-71.6,-67.0,  4,  7, 0.15, 78,11.1
2026-05-25 00:28:33,-102.0205,31.8092,  16.6,27893,-46.5,-71.6,-66.9,  4,  7, 0.15, 78,11.2
2026-05-25 00:28:34,-102.0206,31.8092,  16.6,27900,-46.5,-71.6,-66.9,  4,  7, 0.15, 79,11.3
2026-05-25 00:28:35,-102.0208,31.8092,  16.6,27906,-46.6,-71.6,-66.9,  4,  7, 0.15, 79,11.4
2026-05-25 00:28:36,-102.0209,31.8092,  16.5,27912,-46.6,-71.6,-66.9,  4,  7, 0.15, 80,11.5
2026-05-25 00:28:37,-102.0210,31.8092,  16.5,27919,-46.6,-71.5,-66.9,  4,  7, 0.16, 80,11.6
2026-05-25 00:28:38,-102.0211,31.8091,  16.5,27925,-46.6,-71.5,-66.9,  4,  7, 0.16, 81,11.7
2026-05-25 00:28:39,-102.0213,31.8091,  16.5,27931,-46.6,-71.5,-66.9,  4,  7, 0.16, 81,11.8
2026-05-25 00:28:40,-102.0214,31.8091,  16.5,27937,-46.6,-71.5,-66.9,  4,  7, 0.16, 82,11.9
2026-05-25 00:28:41,-102.0215,31.8091,  16.5,27943,-46.6,-71.5,-66.9,  4,  7, 0.16, 82,12.0
2026-05-25 00:28:42,-102.0216,31.8091,  16.5,27949,-46.6,-71.5,-66.9,  4,  7, 0.16, 83,12.1
2026-05-25 00:28:43,-102.0217,31.8091,  16.4,27955,-46.6,-71.5,-66.9,  4,  7, 0.16, 83,12.1
2026-05-25 00:28:44,-102.0219,31.8091,  16.4,27961,-46.6,-71.5,-66.9,  4,  7, 0.16, 84,12.2
2026-05-25 00:28:45,-102.0220,31.8091,  16.4,27967,-46.6,-71.5,-66.9,  4,  7, 0.16, 84,12.2
2026-05-25 00:28:46,-102.0221,31.8091,  16.4,27973,-46.6,-71.5,-66.8,  4,  7, 0.16, 84,12.2
2026-05-25 00:28:47,-102.0223,31.8091,  16.4,27979,-46.6,-71.5,-66.8,  4,  7, 0.16, 84,12.2
2026-05-25 00:28:48,-102.0224,31.8090,  16.4,27985,-46.6,-71.5,-66.8,  4,  7, 0.16, 85,12.2
2026-05-25 00:28:49,-102.0225,31.8090,  16.4,27991,-46.6,-71.5,-66.8,  4,  7, 0.16, 85,12.2
2026-05-25 00:28:50,-102.0226,31.8090,  16.3,27997,-46.6,-71.5,-66.8,  4,  7, 0.16, 85,12.2
2026-05-25 00:28:51,-102.0227,31.8090,  16.3,28003,-46.6,-71.5,-66.8,  4,  7, 0.16, 86,12.2
2026-05-25 00:28:52,-102.0229,31.8090,  16.3,28007,-46.7,-71.5,-66.8,  4,  7, 0.16, 86,12.2
2026-05-25 00:28:53,-102.0230,31.8090,  16.3,28015,-46.7,-71.5,-66.8,  4,  7, 0.16, 86,12.3
2026-05-25 00:28:54,-102.0231,31.8090,  16.3,28021,-46.7,-71.5,-66.8,  4,  7, 0.16, 86,12.3
2026-05-25 00:28:55,-102.0233,31.8090,  16.3,28027,-46.7,-71.5,-66.8,  4,  7, 0.16, 87,12.3
2026-05-25 00:28:56,-102.0234,31.8090,  16.3,28033,-46.7,-71.5,-66.8,  4,  7, 0.16, 87,12.3
2026-05-25 00:28:57,-102.0235,31.8090,  16.2,28039,-46.7,-71.5,-66.8,  4,  7, 0.16, 87,12.3
2026-05-25 00:28:58,-102.0236,31.8090,  16.2,28043,-46.7,-71.5,-66.8,  4,  7, 0.16, 88,12.3
2026-05-25 00:28:59,-102.0238,31.8090,  16.2,28051,-46.7,-71.5,-66.8,  4,  7, 0.16, 88,12.4
2026-05-25 00:29:00,-102.0239,31.8090,  16.2,28058,-46.7,-71.5,-66.8,  4,  7, 0.16, 88,12.4
2026-05-25 00:29:01,-102.0240,31.8090,  16.2,28064,-46.7,-71.5,-66.8,  4,  7, 0.16, 89,12.4
2026-05-25 00:29:02,-102.0241,31.8090,  16.2,28070,-46.7,-71.5,-66.8,  4,  7, 0.16, 89,12.4
2026-05-25 00:29:03,-102.0243,31.8090,  16.1,28076,-46.7,-71.5,-66.8,  4,  7, 0.16, 89,12.3
2026-05-25 00:29:04,-102.0244,31.8090,  16.1,28082,-46.7,-71.5,-66.8,  4,  7, 0.16, 89,12.3
2026-05-25 00:29:05,-102.0245,31.8090,  16.1,28088,-46.7,-71.5,-66.8,  4,  7, 0.16, 88,12.2
2026-05-25 00:29:06,-102.0247,31.8090,  16.1,28094,-46.7,-71.5,-66.8,  4,  7, 0.16, 88,12.2
2026-05-25 00:29:07,-102.0248,31.8090,  16.1,28100,-46.7,-71.5,-66.8,  4,  7, 0.16, 88,12.1
2026-05-25 00:29:08,-102.0249,31.8090,  16.1,28106,-46.7,-71.5,-66.8,  4,  7, 0.16, 88,12.0
2026-05-25 00:29:09,-102.0250,31.8090,  16.1,28112,-46.7,-71.5,-66.8,  4,  7, 0.16, 88,12.0
2026-05-25 00:29:10,-102.0252,31.8090,  16.0,28118,-46.7,-71.5,-66.8,  4,  7, 0.16, 88,11.9
2026-05-25 00:29:11,-102.0253,31.8090,  16.0,28124,-46.7,-71.5,-66.8,  4,  7, 0.16, 88,11.9
2026-05-25 00:29:12,-102.0254,31.8090,  16.0,28130,-46.7,-71.5,-66.8,  4,  7, 0.16, 88,11.8
2026-05-25 00:29:13,-102.0255,31.8090,  16.0,28136,-46.7,-71.5,-66.8,  4,  7, 0.16, 87,11.7
2026-05-25 00:29:14,-102.0257,31.8090,  16.0,28142,-46.7,-71.5,-66.8,  4,  7, 0.16, 87,11.7
2026-05-25 00:29:15,-102.0258,31.8090,  16.0,28148,-46.6,-71.5,-66.8,  4,  7, 0.16, 87,11.6
2026-05-25 00:29:16,-102.0259,31.8089,  16.0,28155,-46.6,-71.5,-66.8,  4,  7, 0.16, 87,11.5
2026-05-25 00:29:17,-102.0260,31.8089,  15.9,28161,-46.6,-71.5,-66.8,  4,  7, 0.16, 87,11.5
2026-05-25 00:29:18,-102.0261,31.8089,  15.9,28167,-46.6,-71.5,-66.8,  4,  7, 0.16, 87,11.4
2026-05-25 00:29:19,-102.0262,31.8089,  15.9,28173,-46.6,-71.5,-66.8,  4,  7, 0.16, 87,11.4
2026-05-25 00:29:20,-102.0263,31.8089,  15.9,28179,-46.6,-71.5,-66.8,  4,  7, 0.16, 87,11.3
2026-05-25 00:29:21,-102.0264,31.8089,  15.9,28185,-46.6,-71.5,-66.8,  4,  7, 0.16, 86,11.2
2026-05-25 00:29:22,-102.0265,31.8089,  15.9,28192,-46.6,-71.5,-66.8,  4,  7, 0.16, 86,11.2
2026-05-25 00:29:23,-102.0266,31.8089,  15.9,28198,-46.6,-71.5,-66.8,  4,  7, 0.16, 86,11.2
2026-05-25 00:29:24,-102.0268,31.8089,  15.8,28204,-46.6,-71.4,-66.8,  4,  7, 0.16, 86,11.1
2026-05-25 00:29:25,-102.0269,31.8089,  15.8,28210,-46.6,-71.4,-66.8,  4,  7, 0.16, 86,11.1
2026-05-25 00:29:26,-102.0270,31.8089,  15.8,28216,-46.6,-71.4,-66.8,  4,  7, 0.16, 86,11.1
2026-05-25 00:29:27,-102.0271,31.8089,  15.8,28223,-46.6,-71.4,-66.8,  4,  7, 0.16, 86,11.0
2026-05-25 00:29:28,-102.0272,31.8089,  15.8,28229,-46.6,-71.4,-66.8,  4,  7, 0.16, 86,11.0
2026-05-25 00:29:29,-102.0273,31.8089,  15.8,28235,-46.6,-71.4,-66.8,  4,  7, 0.17, 85,11.0
2026-05-25 00:29:30,-102.0274,31.8089,  15.7,28241,-46.6,-71.4,-66.8,  4,  7, 0.17, 85,11.0
2026-05-25 00:29:31,-102.0275,31.8088,  15.7,28248,-46.6,-71.4,-66.8,  4,  7, 0.17, 85,10.9
2026-05-25 00:29:32,-102.0276,31.8088,  15.7,28254,-46.5,-71.4,-66.7,  4,  7, 0.17, 85,10.9
2026-05-25 00:29:33,-102.0277,31.8088,  15.7,28260,-46.5,-71.4,-66.7,  4,  7, 0.17, 85,10.9
2026-05-25 00:29:34,-102.0279,31.8088,  15.7,28266,-46.5,-71.4,-66.7,  4,  7, 0.17, 85,10.8
2026-05-25 00:29:35,-102.0280,31.8088,  15.7,28272,-46.5,-71.4,-66.7,  4,  7, 0.17, 85,10.8
2026-05-25 00:29:36,-102.0281,31.8088,  15.7,28279,-46.5,-71.4,-66.7,  4,  7, 0.17, 85,10.8
2026-05-25 00:29:37,-102.0282,31.8088,  15.6,28285,-46.5,-71.4,-66.7,  4,  7, 0.17, 85,10.7
2026-05-25 00:29:38,-102.0283,31.8088,  15.6,28291,-46.5,-71.4,-66.7,  4,  7, 0.17, 84,10.7
2026-05-25 00:29:39,-102.0284,31.8088,  15.6,28297,-46.5,-71.4,-66.7,  4,  7, 0.17, 84,10.7
2026-05-25 00:29:40,-102.0285,31.8088,  15.6,28303,-46.5,-71.4,-66.7,  4,  7, 0.17, 84,10.7
2026-05-25 00:29:41,-102.0286,31.8088,  15.6,28309,-46.5,-71.4,-66.7,  4,  7, 0.17, 84,10.6
2026-05-25 00:29:42,-102.0287,31.8088,  15.6,28315,-46.4,-71.4,-66.7,  4,  7, 0.17, 84,10.6
2026-05-25 00:29:43,-102.0289,31.8088,  15.6,28321,-46.4,-71.4,-66.7,  4,  7, 0.17, 84,10.5
2026-05-25 00:29:44,-102.0290,31.8088,  15.5,28327,-46.4,-71.3,-66.7,  4,  7, 0.17, 85,10.5
2026-05-25 00:29:45,-102.0291,31.8088,  15.5,28333,-46.4,-71.3,-66.7,  4,  7, 0.17, 85,10.4
2026-05-25 00:29:46,-102.0291,31.8088,  15.5,28339,-46.4,-71.3,-66.7,  4,  7, 0.17, 86,10.3
2026-05-25 00:29:47,-102.0292,31.8088,  15.5,28345,-46.4,-71.3,-66.7,  4,  7, 0.17, 86,10.2
2026-05-25 00:29:48,-102.0293,31.8088,  15.5,28351,-46.4,-71.3,-66.7,  4,  7, 0.17, 87,10.2
2026-05-25 00:29:49,-102.0294,31.8088,  15.5,28358,-46.4,-71.3,-66.7,  4,  7, 0.17, 88,10.1
2026-05-25 00:29:50,-102.0295,31.8088,  15.5,28364,-46.4,-71.3,-66.7,  4,  7, 0.17, 88,10.0
2026-05-25 00:29:51,-102.0296,31.8088,  15.4,28370,-46.3,-71.3,-66.7,  4,  7, 0.17, 89, 9.9
2026-05-25 00:29:52,-102.0296,31.8088,  15.4,28377,-46.3,-71.3,-66.7,  4,  7, 0.17, 89, 9.9
2026-05-25 00:29:53,-102.0297,31.8088,  15.4,28383,-46.3,-71.3,-66.7,  4,  7, 0.17, 90, 9.8
2026-05-25 00:29:54,-102.0298,31.8088,  15.4,28389,-46.3,-71.3,-66.6,  4,  7, 0.17, 90, 9.7
2026-05-25 00:29:55,-102.0299,31.8088,  15.4,28395,-46.3,-71.3,-66.6,  4,  7, 0.17, 91, 9.7
2026-05-25 00:29:56,-102.0300,31.8088,  15.4,28402,-46.3,-71.3,-66.6,  4,  7, 0.17, 92, 9.6
2026-05-25 00:29:57,-102.0301,31.8088,  15.4,28408,-46.3,-71.3,-66.6,  4,  7, 0.17, 92, 9.6
2026-05-25 00:29:58,-102.0301,31.8088,  15.3,28414,-46.3,-71.3,-66.6,  4,  7, 0.17, 93, 9.5
2026-05-25 00:29:59,-102.0302,31.8088,  15.3,28418,-46.3,-71.3,-66.6,  4,  7, 0.17, 93, 9.5
2026-05-25 00:30:00,-102.0303,31.8088,  15.3,28427,-46.3,-71.3,-66.6,  4,  7, 0.17, 94, 9.4
2026-05-25 00:30:01,-102.0304,31.8088,  15.3,28433,-46.3,-71.2,-66.6,  4,  7, 0.17, 95, 9.3
2026-05-25 00:30:02,-102.0305,31.8088,  15.3,28440,-46.3,-71.2,-66.6,  4,  7, 0.17, 95, 9.2
2026-05-25 00:30:03,-102.0306,31.8088,  15.3,28446,-46.2,-71.2,-66.6,  4,  7, 0.18, 95, 9.1
2026-05-25 00:30:04,-102.0306,31.8088,  15.3,28452,-46.2,-71.2,-66.6,  4,  7, 0.18, 95, 8.9
2026-05-25 00:30:05,-102.0307,31.8088,  15.2,28459,-46.2,-71.2,-66.5,  4,  7, 0.18, 94, 8.8
2026-05-25 00:30:06,-102.0308,31.8088,  15.2,28465,-46.2,-71.2,-66.5,  4,  7, 0.18, 94, 8.6
2026-05-25 00:30:07,-102.0309,31.8088,  15.2,28471,-46.2,-71.2,-66.5,  4,  7, 0.18, 93, 8.4
2026-05-25 00:30:08,-102.0310,31.8088,  15.2,28477,-46.2,-71.1,-66.5,  4,  7, 0.18, 92, 8.3
2026-05-25 00:30:09,-102.0311,31.8088,  15.2,28484,-46.2,-71.1,-66.5,  4,  7, 0.18, 92, 8.1
2026-05-25 00:30:10,-102.0311,31.8088,  15.2,28490,-46.2,-71.1,-66.5,  4,  7, 0.18, 91, 7.9
2026-05-25 00:30:11,-102.0312,31.8088,  15.2,28496,-46.2,-71.1,-66.5,  4,  7, 0.18, 91, 7.8
2026-05-25 00:30:12,-102.0313,31.8088,  15.1,28502,-46.2,-71.1,-66.5,  4,  7, 0.18, 90, 7.6
2026-05-25 00:30:13,-102.0314,31.8088,  15.1,28508,-46.2,-71.1,-66.4,  4,  7, 0.18, 89, 7.5
2026-05-25 00:30:14,-102.0315,31.8088,  15.1,28514,-46.2,-71.1,-66.4,  4,  7, 0.18, 89, 7.3
2026-05-25 00:30:15,-102.0316,31.8088,  15.1,28520,-46.1,-71.1,-66.4,  4,  7, 0.18, 88, 7.1
2026-05-25 00:30:16,-102.0316,31.8088,  15.1,28527,-46.1,-71.1,-66.4,  4,  7, 0.18, 87, 7.0
2026-05-25 00:30:17,-102.0316,31.8087,  15.1,28533,-46.1,-71.1,-66.4,  4,  7, 0.18, 86, 6.8
2026-05-25 00:30:18,-102.0317,31.8087,  15.1,28539,-46.1,-71.1,-66.4,  4,  7, 0.18, 85, 6.7
2026-05-25 00:30:19,-102.0317,31.8087,  15.0,28546,-46.1,-71.1,-66.4,  4,  7, 0.18, 85, 6.5
2026-05-25 00:30:20,-102.0317,31.8087,  15.0,28552,-46.1,-71.1,-66.4,  4,  7, 0.18, 84, 6.4
2026-05-25 00:30:21,-102.0318,31.8087,  15.0,28558,-46.1,-71.1,-66.4,  4,  7, 0.18, 83, 6.2
2026-05-25 00:30:22,-102.0318,31.8086,  15.0,28564,-46.1,-71.1,-66.4,  4,  7, 0.18, 82, 6.1
2026-05-25 00:30:23,-102.0318,31.8086,  15.0,28570,-46.1,-71.1,-66.4,  4,  7, 0.18, 81, 6.0
2026-05-25 00:30:24,-102.0319,31.8086,  15.0,28577,-46.1,-71.1,-66.4,  4,  7, 0.18, 80, 5.8
2026-05-25 00:30:25,-102.0319,31.8086,  15.0,28583,-46.1,-71.1,-66.4,  4,  7, 0.18, 79, 5.8
2026-05-25 00:30:26,-102.0319,31.8085,  14.9,28589,-46.0,-71.1,-66.4,  4,  7, 0.18, 77, 5.7
2026-05-25 00:30:27,-102.0320,31.8085,  14.9,28595,-46.0,-71.0,-66.4,  4,  7, 0.18, 76, 5.6
2026-05-25 00:30:28,-102.0320,31.8085,  14.9,28601,-46.0,-71.0,-66.4,  4,  7, 0.19, 75, 5.5
2026-05-25 00:30:29,-102.0321,31.8085,  14.9,28607,-46.0,-71.0,-66.4,  4,  7, 0.19, 74, 5.4
2026-05-25 00:30:30,-102.0321,31.8085,  14.9,28614,-46.0,-71.0,-66.4,  4,  7, 0.19, 72, 5.3
2026-05-25 00:30:31,-102.0321,31.8084,  14.9,28620,-46.0,-71.0,-66.3,  4,  7, 0.19, 71, 5.2
2026-05-25 00:30:32,-102.0322,31.8084,  14.9,28626,-46.0,-71.0,-66.3,  4,  7, 0.19, 69, 5.1
2026-05-25 00:30:33,-102.0322,31.8084,  14.8,28632,-46.0,-71.0,-66.3,  4,  7, 0.19, 68, 5.1
2026-05-25 00:30:34,-102.0322,31.8084,  14.8,28638,-46.0,-71.0,-66.3,  4,  7, 0.19, 66, 5.0
2026-05-25 00:30:35,-102.0323,31.8083,  14.8,28644,-46.0,-71.0,-66.3,  4,  7, 0.19, 65, 4.9
2026-05-25 00:30:36,-102.0323,31.8083,  14.8,28651,-46.0,-70.9,-66.3,  4,  7, 0.19, 63, 4.8
2026-05-25 00:30:37,-102.0323,31.8083,  14.8,28657,-46.0,-70.9,-66.3,  4,  7, 0.19, 61, 4.7
2026-05-25 00:30:38,-102.0324,31.8083,  14.8,28663,-46.0,-70.9,-66.3,  4,  7, 0.19, 59, 4.6
2026-05-25 00:30:39,-102.0324,31.8083,  14.8,28669,-46.0,-70.9,-66.3,  4,  7, 0.19, 57, 4.5
2026-05-25 00:30:40,-102.0324,31.8082,  14.8,28676,-46.0,-70.9,-66.3,  4,  7, 0.19, 56, 4.4
2026-05-25 00:30:41,-102.0325,31.8082,  14.7,28682,-46.0,-70.9,-66.3,  4,  7, 0.19, 54, 4.3
2026-05-25 00:30:42,-102.0325,31.8082,  14.7,28689,-46.0,-70.9,-66.3,  4,  7, 0.19, 51, 4.2
2026-05-25 00:30:43,-102.0326,31.8082,  14.7,28695,-46.0,-70.9,-66.3,  4,  7, 0.19, 50, 4.2
2026-05-25 00:30:44,-102.0326,31.8082,  14.7,28701,-46.0,-70.9,-66.3,  4,  7, 0.19, 49, 4.2
2026-05-25 00:30:45,-102.0326,31.8081,  14.7,28706,-46.0,-70.9,-66.3,  4,  7, 0.19, 47, 4.2
2026-05-25 00:30:46,-102.0326,31.8081,  14.7,28713,-46.0,-70.9,-66.3,  4,  7, 0.19, 46, 4.1
2026-05-25 00:30:47,-102.0327,31.8080,  14.7,28719,-46.0,-70.9,-66.3,  5,  7, 0.19, 44, 4.1
2026-05-25 00:30:48,-102.0327,31.8080,  14.6,28725,-46.0,-70.9,-66.3,  5,  7, 0.19, 43, 4.1
2026-05-25 00:30:49,-102.0327,31.8080,  14.6,28731,-46.0,-70.9,-66.3,  5,  7, 0.19, 41, 4.1
2026-05-25 00:30:50,-102.0327,31.8079,  14.6,28737,-46.0,-70.9,-66.3,  5,  7, 0.19, 40, 4.1
2026-05-25 00:30:51,-102.0328,31.8079,  14.6,28743,-46.0,-70.9,-66.3,  5,  7, 0.19, 38, 4.1
2026-05-25 00:30:52,-102.0328,31.8078,  14.6,28749,-46.0,-70.9,-66.3,  5,  7, 0.19, 37, 4.1
2026-05-25 00:30:53,-102.0328,31.8078,  14.6,28755,-46.0,-70.9,-66.2,  5,  7, 0.19, 35, 4.0
2026-05-25 00:30:54,-102.0328,31.8078,  14.6,28761,-46.0,-70.9,-66.2,  5,  7, 0.19, 34, 4.0
2026-05-25 00:30:55,-102.0329,31.8077,  14.5,28767,-46.0,-70.9,-66.2,  5,  7, 0.19, 32, 4.0
2026-05-25 00:30:56,-102.0329,31.8077,  14.5,28773,-46.1,-70.9,-66.2,  5,  7, 0.19, 30, 4.0
2026-05-25 00:30:57,-102.0329,31.8076,  14.5,28780,-46.1,-70.9,-66.2,  5,  7, 0.19, 29, 4.0
2026-05-25 00:30:58,-102.0329,31.8076,  14.5,28786,-46.1,-70.9,-66.2,  5,  7, 0.19, 27, 4.0
2026-05-25 00:30:59,-102.0330,31.8076,  14.5,28793,-46.1,-70.9,-66.2,  5,  7, 0.19, 26, 4.0
2026-05-25 00:31:00,-102.0330,31.8075,  14.5,28799,-46.1,-70.9,-66.2,  5,  7, 0.19, 24, 3.9
2026-05-25 00:31:01,-102.0330,31.8075,  14.5,28805,-46.1,-70.9,-66.2,  5,  7, 0.19, 22, 3.9
2026-05-25 00:31:02,-102.0330,31.8074,  14.5,28811,-46.1,-70.9,-66.2,  5,  7, 0.19, 21, 3.9
2026-05-25 00:31:03,-102.0330,31.8074,  14.4,28818,-46.1,-70.9,-66.2,  5,  7, 0.20, 22, 4.0
2026-05-25 00:31:04,-102.0331,31.8074,  14.4,28824,-46.1,-70.9,-66.2,  5,  7, 0.20, 23, 4.1
2026-05-25 00:31:05,-102.0331,31.8073,  14.4,28830,-46.1,-70.9,-66.2,  5,  7, 0.20, 24, 4.3
2026-05-25 00:31:06,-102.0331,31.8073,  14.4,28836,-46.1,-70.9,-66.2,  5,  7, 0.20, 24, 4.4
2026-05-25 00:31:07,-102.0331,31.8072,  14.4,28843,-46.1,-70.9,-66.2,  5,  7, 0.20, 25, 4.5
2026-05-25 00:31:08,-102.0332,31.8072,  14.4,28849,-46.2,-70.9,-66.2,  5,  7, 0.20, 26, 4.6
2026-05-25 00:31:09,-102.0332,31.8072,  14.4,28855,-46.2,-70.9,-66.2,  5,  7, 0.20, 27, 4.7
2026-05-25 00:31:10,-102.0332,31.8071,  14.3,28862,-46.2,-70.9,-66.2,  5,  7, 0.20, 27, 4.9
2026-05-25 00:31:11,-102.0332,31.8071,  14.3,28868,-46.2,-70.9,-66.2,  5,  7, 0.20, 28, 5.0
2026-05-25 00:31:12,-102.0333,31.8070,  14.3,28875,-46.2,-70.9,-66.2,  5,  7, 0.20, 28, 5.1
2026-05-25 00:31:13,-102.0333,31.8070,  14.3,28881,-46.2,-70.9,-66.2,  5,  7, 0.20, 29, 5.2
2026-05-25 00:31:14,-102.0333,31.8070,  14.3,28887,-46.2,-70.9,-66.3,  5,  7, 0.20, 30, 5.4
2026-05-25 00:31:15,-102.0334,31.8069,  14.3,28894,-46.2,-70.9,-66.3,  5,  7, 0.20, 30, 5.5
2026-05-25 00:31:16,-102.0334,31.8069,  14.3,28900,-46.3,-70.9,-66.3,  5,  7, 0.20, 31, 5.6
2026-05-25 00:31:17,-102.0335,31.8068,  14.2,28906,-46.3,-70.9,-66.3,  5,  7, 0.20, 31, 5.8
2026-05-25 00:31:18,-102.0336,31.8068,  14.2,28912,-46.3,-70.9,-66.3,  5,  7, 0.20, 32, 5.9
2026-05-25 00:31:19,-102.0337,31.8067,  14.2,28919,-46.3,-70.9,-66.3,  5,  7, 0.20, 32, 6.0
2026-05-25 00:31:20,-102.0337,31.8067,  14.2,28925,-46.3,-70.9,-66.3,  5,  7, 0.20, 32, 6.1
2026-05-25 00:31:21,-102.0338,31.8066,  14.2,28932,-46.3,-70.9,-66.3,  5,  7, 0.20, 33, 6.3
2026-05-25 00:31:22,-102.0339,31.8065,  14.2,28938,-46.3,-71.0,-66.3,  5,  7, 0.20, 33, 6.4
2026-05-25 00:31:23,-102.0339,31.8065,  14.2,28945,-46.4,-71.0,-66.3,  5,  7, 0.20, 34, 6.5
2026-05-25 00:31:24,-102.0340,31.8064,  14.2,28951,-46.4,-71.0,-66.4,  5,  7, 0.19, 35, 6.6
2026-05-25 00:31:25,-102.0341,31.8064,  14.1,28957,-46.4,-71.0,-66.4,  5,  7, 0.20, 36, 6.8
2026-05-25 00:31:26,-102.0342,31.8063,  14.1,28964,-46.4,-71.0,-66.4,  5,  7, 0.20, 37, 6.9
2026-05-25 00:31:27,-102.0342,31.8063,  14.1,28971,-46.4,-71.1,-66.4,  5,  7, 0.19, 38, 7.0
2026-05-25 00:31:28,-102.0343,31.8062,  14.1,28977,-46.4,-71.1,-66.4,  5,  7, 0.19, 39, 7.2
2026-05-25 00:31:29,-102.0344,31.8062,  14.1,28984,-46.4,-71.1,-66.4,  5,  7, 0.19, 40, 7.3
2026-05-25 00:31:30,-102.0344,31.8061,  14.1,28990,-46.5,-71.1,-66.5,  5,  7, 0.19, 41, 7.5
2026-05-25 00:31:31,-102.0345,31.8061,  14.1,28996,-46.5,-71.1,-66.5,  5,  7, 0.19, 42, 7.6
2026-05-25 00:31:32,-102.0346,31.8060,  14.0,29002,-46.5,-71.1,-66.5,  5,  7, 0.19, 42, 7.7
2026-05-25 00:31:33,-102.0346,31.8060,  14.0,29008,-46.5,-71.2,-66.5,  5,  7, 0.19, 43, 7.9
2026-05-25 00:31:34,-102.0347,31.8059,  14.0,29014,-46.5,-71.2,-66.5,  5,  7, 0.19, 44, 8.0
2026-05-25 00:31:35,-102.0348,31.8058,  14.0,29020,-46.5,-71.2,-66.5,  5,  7, 0.19, 45, 8.2
2026-05-25 00:31:36,-102.0349,31.8058,  14.0,29026,-46.6,-71.2,-66.5,  5,  7, 0.19, 45, 8.3
2026-05-25 00:31:37,-102.0349,31.8057,  14.0,29033,-46.6,-71.2,-66.5,  5,  7, 0.19, 46, 8.5
2026-05-25 00:31:38,-102.0350,31.8057,  14.0,29039,-46.6,-71.2,-66.5,  5,  7, 0.19, 47, 8.6
2026-05-25 00:31:39,-102.0351,31.8056,  14.0,29045,-46.6,-71.2,-66.5,  5,  7, 0.19, 47, 8.8
2026-05-25 00:31:40,-102.0351,31.8056,  13.9,29052,-46.6,-71.2,-66.5,  5,  7, 0.19, 48, 8.9
2026-05-25 00:31:41,-102.0352,31.8055,  13.9,29058,-46.6,-71.2,-66.5,  5,  7, 0.19, 48, 9.1
2026-05-25 00:31:42,-102.0353,31.8055,  13.9,29065,-46.7,-71.2,-66.5,  5,  7, 0.19, 49, 9.2
2026-05-25 00:31:43,-102.0354,31.8054,  13.9,29071,-46.7,-71.2,-66.6,  5,  7, 0.19, 49, 9.3
2026-05-25 00:31:44,-102.0354,31.8054,  13.9,29077,-46.7,-71.2,-66.6,  5,  7, 0.19, 50, 9.5
2026-05-25 00:31:45,-102.0355,31.8053,  13.9,29084,-46.7,-71.2,-66.6,  5,  7, 0.19, 50, 9.6
2026-05-25 00:31:46,-102.0356,31.8053,  13.9,29090,-46.7,-71.2,-66.6,  5,  7, 0.19, 51, 9.7
2026-05-25 00:31:47,-102.0357,31.8052,  13.8,29097,-46.8,-71.2,-66.6,  5,  7, 0.19, 51, 9.8
2026-05-25 00:31:48,-102.0358,31.8052,  13.8,29104,-46.8,-71.2,-66.6,  5,  7, 0.19, 52, 9.9
2026-05-25 00:31:49,-102.0359,31.8051,  13.8,29111,-46.8,-71.2,-66.6,  5,  7, 0.19, 52,10.1
2026-05-25 00:31:50,-102.0360,31.8051,  13.8,29117,-46.8,-71.2,-66.6,  5,  7, 0.19, 53,10.2
2026-05-25 00:31:51,-102.0362,31.8050,  13.8,29124,-46.8,-71.2,-66.6,  5,  7, 0.19, 53,10.3
2026-05-25 00:31:52,-102.0363,31.8050,  13.8,29131,-46.8,-71.2,-66.6,  5,  7, 0.19, 54,10.4
2026-05-25 00:31:53,-102.0364,31.8049,  13.8,29138,-46.9,-71.2,-66.6,  5,  7, 0.19, 54,10.5
2026-05-25 00:31:54,-102.0365,31.8049,  13.7,29144,-46.9,-71.2,-66.6,  5,  7, 0.20, 55,10.7
2026-05-25 00:31:55,-102.0366,31.8048,  13.7,29151,-46.9,-71.2,-66.6,  5,  7, 0.20, 55,10.8
2026-05-25 00:31:56,-102.0367,31.8048,  13.7,29157,-46.9,-71.3,-66.6,  5,  7, 0.19, 56,10.9
2026-05-25 00:31:57,-102.0368,31.8047,  13.7,29164,-46.9,-71.3,-66.6,  5,  7, 0.19, 56,11.0
2026-05-25 00:31:58,-102.0370,31.8047,  13.7,29170,-46.9,-71.3,-66.6,  5,  8, 0.19, 56,11.2
2026-05-25 00:31:59,-102.0370,31.8047,  13.7,29177,-47.0,-71.3,-66.6,  5,  8, 0.19, 57,11.3
2026-05-25 00:32:00,-102.0372,31.8046,  13.7,29180,-47.0,-71.3,-66.6,  5,  8, 0.19, 57,11.4
2026-05-25 00:32:01,-102.0373,31.8046,  13.7,29190,-47.0,-71.3,-66.6,  5,  8, 0.19, 57,11.5
2026-05-25 00:32:02,-102.0374,31.8045,  13.6,29196,-47.0,-71.3,-66.6,  5,  8, 0.20, 58,11.7
2026-05-25 00:32:03,-102.0375,31.8045,  13.6,29202,-47.0,-71.3,-66.7,  5,  8, 0.19, 59,11.7
2026-05-25 00:32:04,-102.0376,31.8044,  13.6,29209,-47.0,-71.3,-66.7,  5,  8, 0.19, 59,11.7
2026-05-25 00:32:05,-102.0378,31.8044,  13.6,29216,-47.0,-71.3,-66.7,  5,  8, 0.19, 60,11.7
2026-05-25 00:32:06,-102.0379,31.8043,  13.6,29222,-47.0,-71.4,-66.7,  5,  7, 0.19, 61,11.8
2026-05-25 00:32:07,-102.0380,31.8043,  13.6,29229,-47.1,-71.4,-66.7,  5,  7, 0.19, 61,11.8
2026-05-25 00:32:08,-102.0381,31.8042,  13.6,29236,-47.1,-71.4,-66.7,  5,  7, 0.19, 62,11.8
2026-05-25 00:32:09,-102.0382,31.8042,  13.5,29242,-47.1,-71.4,-66.7,  5,  7, 0.19, 63,11.8
2026-05-25 00:32:10,-102.0383,31.8041,  13.5,29249,-47.1,-71.4,-66.7,  5,  7, 0.19, 64,11.9
2026-05-25 00:32:11,-102.0384,31.8041,  13.5,29255,-47.1,-71.4,-66.7,  5,  7, 0.19, 64,11.9
2026-05-25 00:32:12,-102.0386,31.8040,  13.5,29262,-47.1,-71.4,-66.8,  5,  7, 0.19, 65,11.9
2026-05-25 00:32:13,-102.0387,31.8040,  13.5,29268,-47.1,-71.4,-66.8,  5,  7, 0.19, 66,12.0
2026-05-25 00:32:14,-102.0388,31.8040,  13.5,29275,-47.1,-71.4,-66.8,  5,  7, 0.19, 66,12.0
2026-05-25 00:32:15,-102.0389,31.8039,  13.5,29281,-47.1,-71.4,-66.8,  5,  7, 0.19, 67,12.1
2026-05-25 00:32:16,-102.0390,31.8039,  13.5,29288,-47.1,-71.5,-66.8,  5,  7, 0.19, 68,12.1
2026-05-25 00:32:17,-102.0392,31.8039,  13.4,29294,-47.1,-71.5,-66.8,  5,  7, 0.19, 69,12.1
2026-05-25 00:32:18,-102.0393,31.8039,  13.4,29302,-47.1,-71.5,-66.8,  5,  7, 0.19, 69,12.2
2026-05-25 00:32:19,-102.0394,31.8039,  13.4,29307,-47.1,-71.5,-66.8,  5,  7, 0.19, 70,12.2
2026-05-25 00:32:20,-102.0395,31.8038,  13.4,29314,-47.1,-71.5,-66.8,  5,  7, 0.19, 71,12.3
2026-05-25 00:32:21,-102.0397,31.8038,  13.4,29320,-47.1,-71.5,-66.8,  5,  7, 0.19, 71,12.3
2026-05-25 00:32:22,-102.0398,31.8038,  13.4,29327,-47.1,-71.5,-66.8,  5,  7, 0.19, 72,12.4
2026-05-25 00:32:23,-102.0399,31.8038,  13.4,29334,-47.0,-71.5,-66.8,  5,  7, 0.19, 72,12.4
2026-05-25 00:32:24,-102.0400,31.8038,  13.3,29341,-47.0,-71.5,-66.8,  5,  7, 0.19, 73,12.4
2026-05-25 00:32:25,-102.0402,31.8038,  13.3,29347,-47.0,-71.5,-66.8,  5,  7, 0.19, 74,12.4
2026-05-25 00:32:26,-102.0403,31.8038,  13.3,29354,-47.0,-71.5,-66.8,  5,  7, 0.19, 74,12.4
2026-05-25 00:32:27,-102.0404,31.8038,  13.3,29360,-47.0,-71.5,-66.8,  5,  7, 0.19, 75,12.4
2026-05-25 00:32:28,-102.0405,31.8038,  13.3,29367,-47.0,-71.5,-66.8,  5,  7, 0.19, 76,12.4
2026-05-25 00:32:29,-102.0407,31.8038,  13.3,29373,-47.0,-71.5,-66.8,  5,  7, 0.19, 76,12.4
2026-05-25 00:32:30,-102.0408,31.8038,  13.3,29380,-46.9,-71.5,-66.8,  5,  7, 0.19, 77,12.4
2026-05-25 00:32:31,-102.0409,31.8038,  13.3,29386,-46.9,-71.5,-66.8,  5,  7, 0.19, 77,12.4
2026-05-25 00:32:32,-102.0410,31.8038,  13.2,29393,-46.9,-71.5,-66.8,  5,  7, 0.20, 78,12.4
2026-05-25 00:32:33,-102.0412,31.8037,  13.2,29400,-46.9,-71.5,-66.8,  5,  7, 0.20, 79,12.4
2026-05-25 00:32:34,-102.0413,31.8037,  13.2,29407,-46.9,-71.5,-66.8,  5,  7, 0.20, 79,12.4
2026-05-25 00:32:35,-102.0414,31.8037,  13.2,29414,-46.8,-71.4,-66.8,  5,  7, 0.20, 80,12.4
2026-05-25 00:32:36,-102.0416,31.8037,  13.2,29421,-46.8,-71.4,-66.8,  5,  7, 0.20, 81,12.4
2026-05-25 00:32:37,-102.0417,31.8037,  13.2,29428,-46.8,-71.4,-66.8,  5,  7, 0.20, 81,12.4
2026-05-25 00:32:38,-102.0418,31.8037,  13.2,29435,-46.7,-71.4,-66.8,  5,  7, 0.20, 82,12.4
2026-05-25 00:32:39,-102.0419,31.8037,  13.1,29442,-46.7,-71.4,-66.8,  5,  7, 0.20, 82,12.4
2026-05-25 00:32:40,-102.0421,31.8037,  13.1,29448,-46.7,-71.4,-66.7,  5,  7, 0.20, 83,12.4
2026-05-25 00:32:41,-102.0422,31.8037,  13.1,29455,-46.7,-71.4,-66.8,  5,  7, 0.20, 84,12.4
2026-05-25 00:32:42,-102.0423,31.8037,  13.1,29462,-46.6,-71.4,-66.8,  4,  7, 0.20, 84,12.5
2026-05-25 00:32:43,-102.0424,31.8037,  13.1,29469,-46.6,-71.4,-66.8,  4,  7, 0.20, 85,12.3
2026-05-25 00:32:44,-102.0426,31.8037,  13.1,29476,-46.6,-71.4,-66.8,  4,  7, 0.20, 86,12.2
2026-05-25 00:32:45,-102.0427,31.8036,  13.1,29483,-46.6,-71.4,-66.8,  4,  7, 0.20, 87,12.1
2026-05-25 00:32:46,-102.0428,31.8036,  13.0,29489,-46.5,-71.4,-66.8,  4,  7, 0.20, 87,12.0
2026-05-25 00:32:47,-102.0429,31.8036,  13.0,29496,-46.5,-71.4,-66.8,  4,  7, 0.20, 88,11.9
2026-05-25 00:32:48,-102.0430,31.8037,  13.0,29503,-46.4,-71.4,-66.7,  4,  7, 0.20, 89,11.8
2026-05-25 00:32:49,-102.0431,31.8037,  13.0,29510,-46.4,-71.4,-66.7,  4,  7, 0.20, 90,11.8
2026-05-25 00:32:50,-102.0432,31.8037,  13.0,29517,-46.4,-71.4,-66.7,  4,  7, 0.20, 91,11.7
2026-05-25 00:32:51,-102.0433,31.8037,  13.0,29523,-46.3,-71.4,-66.7,  4,  7, 0.20, 92,11.6
2026-05-25 00:32:52,-102.0434,31.8037,  13.0,29530,-46.3,-71.4,-66.7,  4,  7, 0.20, 92,11.5
2026-05-25 00:32:53,-102.0434,31.8037,  13.0,29537,-46.2,-71.4,-66.7,  4,  7, 0.20, 93,11.4
2026-05-25 00:32:54,-102.0435,31.8038,  12.9,29544,-46.2,-71.4,-66.7,  4,  7, 0.20, 94,11.3
2026-05-25 00:32:55,-102.0436,31.8038,  12.9,29550,-46.2,-71.3,-66.7,  4,  7, 0.20, 95,11.2
2026-05-25 00:32:56,-102.0437,31.8038,  12.9,29557,-46.1,-71.3,-66.7,  4,  7, 0.20, 96,11.1
2026-05-25 00:32:57,-102.0438,31.8038,  12.9,29563,-46.1,-71.3,-66.7,  4,  7, 0.20, 97,10.9
2026-05-25 00:32:58,-102.0439,31.8038,  12.9,29570,-46.0,-71.3,-66.7,  4,  7, 0.21, 98,10.8
2026-05-25 00:32:59,-102.0439,31.8038,  12.9,29576,-46.0,-71.3,-66.6,  4,  7, 0.21, 99,10.7
2026-05-25 00:33:00,-102.0440,31.8039,  12.9,29582,-46.0,-71.3,-66.6,  4,  7, 0.21,100,10.6
2026-05-25 00:33:01,-102.0441,31.8039,  12.9,29589,-45.9,-71.3,-66.6,  4,  7, 0.21,101,10.5
2026-05-25 00:33:02,-102.0442,31.8039,  12.8,29595,-45.9,-71.2,-66.6,  4,  7, 0.21,102,10.5
2026-05-25 00:33:03,-102.0443,31.8039,  12.8,29601,-45.8,-71.2,-66.6,  4,  7, 0.21,102,10.3
2026-05-25 00:33:04,-102.0444,31.8039,  12.8,29608,-45.8,-71.2,-66.6,  4,  7, 0.21,102,10.1
2026-05-25 00:33:05,-102.0445,31.8039,  12.8,29614,-45.7,-71.2,-66.5,  4,  7, 0.21,102, 9.8
2026-05-25 00:33:06,-102.0445,31.8040,  12.8,29620,-45.7,-71.2,-66.5,  4,  7, 0.21,102, 9.6
2026-05-25 00:33:07,-102.0446,31.8040,  12.8,29626,-45.6,-71.1,-66.5,  4,  7, 0.21,102, 9.4
2026-05-25 00:33:08,-102.0447,31.8040,  12.8,29633,-45.6,-71.1,-66.5,  4,  7, 0.21,102, 9.2
2026-05-25 00:33:09,-102.0448,31.8040,  12.8,29639,-45.5,-71.1,-66.5,  4,  6, 0.21,102, 9.0
2026-05-25 00:33:10,-102.0449,31.8040,  12.7,29645,-45.5,-71.1,-66.4,  4,  6, 0.22,103, 8.8
2026-05-25 00:33:11,-102.0450,31.8040,  12.7,29651,-45.4,-71.1,-66.4,  4,  6, 0.22,103, 8.6
2026-05-25 00:33:12,-102.0451,31.8041,  12.7,29657,-45.4,-71.0,-66.4,  4,  6, 0.22,103, 8.4
2026-05-25 00:33:13,-102.0451,31.8041,  12.7,29664,-45.4,-71.0,-66.4,  4,  6, 0.22,103, 8.1
2026-05-25 00:33:14,-102.0452,31.8041,  12.7,29670,-45.3,-71.0,-66.3,  4,  6, 0.22,103, 7.9
2026-05-25 00:33:15,-102.0453,31.8041,  12.7,29676,-45.3,-71.0,-66.3,  4,  6, 0.22,103, 7.7
2026-05-25 00:33:16,-102.0454,31.8041,  12.7,29682,-45.2,-70.9,-66.3,  4,  6, 0.22,103, 7.5
2026-05-25 00:33:17,-102.0455,31.8041,  12.7,29689,-45.2,-70.9,-66.3,  4,  6, 0.22,103, 7.3
2026-05-25 00:33:18,-102.0455,31.8042,  12.7,29695,-45.1,-70.9,-66.3,  4,  6, 0.22,103, 7.1
2026-05-25 00:33:19,-102.0456,31.8042,  12.6,29701,-45.1,-70.9,-66.2,  4,  6, 0.22,103, 6.9
2026-05-25 00:33:20,-102.0457,31.8042,  12.6,29707,-45.0,-70.9,-66.2,  4,  6, 0.22,103, 6.7
2026-05-25 00:33:21,-102.0457,31.8042,  12.6,29714,-45.0,-70.8,-66.2,  4,  6, 0.22,103, 6.5
2026-05-25 00:33:22,-102.0458,31.8042,  12.6,29720,-45.0,-70.8,-66.2,  4,  6, 0.23,103, 6.2
2026-05-25 00:33:23,-102.0458,31.8042,  12.6,29726,-44.9,-70.8,-66.1,  4,  6, 0.23,103, 6.2
2026-05-25 00:33:24,-102.0459,31.8042,  12.6,29732,-44.9,-70.7,-66.1,  4,  6, 0.23,103, 6.2
2026-05-25 00:33:25,-102.0460,31.8042,  12.6,29738,-44.8,-70.7,-66.1,  4,  6, 0.23,102, 6.2
2026-05-25 00:33:26,-102.0460,31.8042,  12.6,29745,-44.8,-70.7,-66.1,  4,  6, 0.23,102, 6.2
2026-05-25 00:33:27,-102.0461,31.8042,  12.5,29751,-44.7,-70.7,-66.0,  4,  6, 0.23,101, 6.1
2026-05-25 00:33:28,-102.0461,31.8042,  12.5,29757,-44.7,-70.6,-66.0,  4,  6, 0.23,101, 6.1
2026-05-25 00:33:29,-102.0462,31.8042,  12.5,29763,-44.6,-70.6,-66.0,  4,  6, 0.23,100, 6.1
2026-05-25 00:33:30,-102.0463,31.8043,  12.5,29769,-44.6,-70.6,-65.9,  4,  6, 0.24,100, 6.1
2026-05-25 00:33:31,-102.0463,31.8043,  12.5,29776,-44.6,-70.6,-65.9,  4,  6, 0.24,100, 6.1
2026-05-25 00:33:32,-102.0464,31.8043,  12.5,29782,-44.5,-70.5,-65.9,  4,  6, 0.24, 99, 6.0
2026-05-25 00:33:33,-102.0465,31.8043,  12.5,29788,-44.5,-70.5,-65.9,  4,  6, 0.24, 99, 6.0
2026-05-25 00:33:34,-102.0465,31.8043,  12.5,29794,-44.4,-70.5,-65.8,  4,  6, 0.24, 98, 6.0
2026-05-25 00:33:35,-102.0466,31.8043,  12.5,29801,-44.4,-70.4,-65.8,  4,  6, 0.24, 98, 6.0
2026-05-25 00:33:36,-102.0466,31.8043,  12.4,29807,-44.3,-70.4,-65.8,  4,  6, 0.24, 97, 6.0
2026-05-25 00:33:37,-102.0467,31.8043,  12.4,29813,-44.3,-70.4,-65.7,  4,  6, 0.24, 97, 6.0
2026-05-25 00:33:38,-102.0468,31.8043,  12.4,29819,-44.3,-70.3,-65.7,  4,  6, 0.24, 96, 5.9
2026-05-25 00:33:39,-102.0468,31.8043,  12.4,29825,-44.2,-70.3,-65.7,  4,  6, 0.25, 96, 5.9
2026-05-25 00:33:40,-102.0469,31.8043,  12.4,29831,-44.2,-70.3,-65.7,  4,  6, 0.25, 95, 5.9
2026-05-25 00:33:41,-102.0469,31.8044,  12.4,29837,-44.1,-70.3,-65.6,  4,  6, 0.25, 95, 5.9
2026-05-25 00:33:42,-102.0470,31.8044,  12.4,29843,-44.1,-70.2,-65.6,  4,  6, 0.25, 95, 5.9
2026-05-25 00:33:43,-102.0471,31.8044,  12.4,29850,-44.1,-70.2,-65.6,  4,  6, 0.25, 95, 5.9
2026-05-25 00:33:44,-102.0471,31.8044,  12.4,29856,-44.0,-70.2,-65.6,  4,  6, 0.25, 96, 6.0
2026-05-25 00:33:45,-102.0472,31.8044,  12.3,29862,-44.0,-70.2,-65.5,  4,  6, 0.25, 97, 6.0
2026-05-25 00:33:46,-102.0473,31.8044,  12.3,29868,-43.9,-70.1,-65.5,  4,  6, 0.25, 98, 6.0
2026-05-25 00:33:47,-102.0473,31.8044,  12.3,29874,-43.9,-70.1,-65.5,  4,  6, 0.26, 99, 6.1
2026-05-25 00:33:48,-102.0474,31.8044,  12.3,29880,-43.9,-70.1,-65.4,  4,  6, 0.26, 99, 6.1
2026-05-25 00:33:49,-102.0475,31.8044,  12.3,29886,-43.8,-70.1,-65.4,  4,  6, 0.26,100, 6.2
2026-05-25 00:33:50,-102.0475,31.8045,  12.3,29892,-43.8,-70.0,-65.4,  4,  6, 0.26,101, 6.2
2026-05-25 00:33:51,-102.0476,31.8045,  12.3,29898,-43.8,-70.0,-65.4,  4,  6, 0.26,102, 6.3
2026-05-25 00:33:52,-102.0477,31.8045,  12.3,29904,-43.7,-70.0,-65.4,  4,  6, 0.26,103, 6.3
2026-05-25 00:33:53,-102.0478,31.8045,  12.3,29909,-43.7,-70.0,-65.4,  4,  6, 0.26,103, 6.3
2026-05-25 00:33:54,-102.0479,31.8045,  12.2,29915,-43.7,-70.0,-65.3,  4,  6, 0.26,104, 6.4
2026-05-25 00:33:55,-102.0480,31.8046,  12.2,29921,-43.7,-70.0,-65.3,  4,  6, 0.26,105, 6.4
2026-05-25 00:33:56,-102.0480,31.8046,  12.2,29927,-43.6,-69.9,-65.3,  4,  6, 0.26,105, 6.5
2026-05-25 00:33:57,-102.0481,31.8046,  12.2,29933,-43.6,-69.9,-65.3,  4,  6, 0.26,106, 6.5
2026-05-25 00:33:58,-102.0482,31.8046,  12.2,29939,-43.6,-69.9,-65.3,  4,  6, 0.26,107, 6.6
2026-05-25 00:33:59,-102.0483,31.8047,  12.2,29945,-43.6,-69.9,-65.3,  4,  6, 0.26,107, 6.7
2026-05-25 00:34:00,-102.0484,31.8047,  12.2,29954,-43.5,-69.9,-65.3,  4,  6, 0.27,108, 6.7
2026-05-25 00:34:01,-102.0485,31.8047,  12.2,29957,-43.5,-69.9,-65.2,  4,  6, 0.27,109, 6.8
2026-05-25 00:34:02,-102.0485,31.8047,  12.2,29963,-43.5,-69.8,-65.2,  4,  6, 0.27,109, 6.8
2026-05-25 00:34:03,-102.0486,31.8047,  12.1,29968,-43.5,-69.8,-65.2,  4,  6, 0.27,109, 6.9
2026-05-25 00:34:04,-102.0487,31.8048,  12.1,29974,-43.4,-69.8,-65.2,  4,  6, 0.27,109, 7.0
2026-05-25 00:34:05,-102.0488,31.8048,  12.1,29980,-43.4,-69.8,-65.2,  4,  6, 0.27,108, 7.2
2026-05-25 00:34:06,-102.0489,31.8048,  12.1,29986,-43.4,-69.8,-65.1,  4,  6, 0.27,108, 7.3
2026-05-25 00:34:07,-102.0490,31.8048,  12.1,29991,-43.4,-69.7,-65.1,  4,  6, 0.27,108, 7.4
2026-05-25 00:34:08,-102.0490,31.8048,  12.1,29996,-43.4,-69.7,-65.1,  4,  6, 0.27,108, 7.5
2026-05-25 00:34:09,-102.0491,31.8049,  12.1,30002,-43.3,-69.7,-65.1,  4,  6, 0.27,107, 7.6
2026-05-25 00:34:10,-102.0492,31.8049,  12.1,30007,-43.3,-69.7,-65.1,  4,  6, 0.27,107, 7.7
2026-05-25 00:34:11,-102.0493,31.8049,  12.1,30013,-43.3,-69.7,-65.1,  4,  6, 0.28,107, 7.9
2026-05-25 00:34:12,-102.0494,31.8049,  12.1,30019,-43.3,-69.7,-65.0,  4,  6, 0.28,107, 8.0
2026-05-25 00:34:13,-102.0494,31.8050,  12.0,30025,-43.3,-69.6,-65.0,  4,  6, 0.28,106, 8.1
2026-05-25 00:34:14,-102.0495,31.8050,  12.0,30031,-43.2,-69.6,-65.0,  4,  6, 0.28,106, 8.2
2026-05-25 00:34:15,-102.0496,31.8050,  12.0,30037,-43.2,-69.6,-65.0,  4,  6, 0.28,106, 8.3
2026-05-25 00:34:16,-102.0497,31.8050,  12.0,30042,-43.2,-69.6,-65.0,  4,  6, 0.28,106, 8.4
2026-05-25 00:34:17,-102.0498,31.8050,  12.0,30048,-43.2,-69.5,-64.9,  4,  6, 0.28,106, 8.6
2026-05-25 00:34:18,-102.0499,31.8051,  12.0,30054,-43.2,-69.5,-64.9,  4,  6, 0.28,105, 8.7
2026-05-25 00:34:19,-102.0500,31.8051,  12.0,30059,-43.2,-69.5,-64.9,  4,  6, 0.28,105, 8.8
2026-05-25 00:34:20,-102.0501,31.8051,  12.0,30065,-43.1,-69.5,-64.9,  4,  6, 0.29,105, 8.9
2026-05-25 00:34:21,-102.0502,31.8052,  12.0,30070,-43.1,-69.5,-64.8,  4,  6, 0.29,105, 9.0
2026-05-25 00:34:22,-102.0503,31.8052,  12.0,30076,-43.1,-69.4,-64.8,  4,  6, 0.29,105, 9.1
2026-05-25 00:34:23,-102.0504,31.8053,  11.9,30082,-43.1,-69.4,-64.8,  4,  6, 0.29,105, 9.2
2026-05-25 00:34:24,-102.0505,31.8053,  11.9,30087,-43.1,-69.4,-64.8,  4,  6, 0.29,106, 9.3
2026-05-25 00:34:25,-102.0506,31.8054,  11.9,30093,-43.1,-69.4,-64.8,  4,  6, 0.29,107, 9.4
2026-05-25 00:34:26,-102.0507,31.8054,  11.9,30099,-43.1,-69.4,-64.7,  4,  6, 0.29,107, 9.5
2026-05-25 00:34:27,-102.0508,31.8055,  11.9,30104,-43.1,-69.3,-64.7,  4,  6, 0.29,108, 9.6
2026-05-25 00:34:28,-102.0509,31.8055,  11.9,30110,-43.1,-69.3,-64.7,  4,  6, 0.29,109, 9.7
2026-05-25 00:34:29,-102.0510,31.8055,  11.9,30115,-43.1,-69.3,-64.7,  4,  6, 0.29,109, 9.8
2026-05-25 00:34:30,-102.0511,31.8056,  11.9,30121,-43.0,-69.3,-64.7,  4,  6, 0.30,110, 9.9
2026-05-25 00:34:31,-102.0512,31.8056,  11.9,30126,-43.0,-69.3,-64.7,  4,  6, 0.30,111,10.0
2026-05-25 00:34:32,-102.0513,31.8057,  11.9,30131,-43.0,-69.3,-64.7,  4,  6, 0.30,111,10.1
2026-05-25 00:34:33,-102.0514,31.8057,  11.8,30137,-43.0,-69.3,-64.7,  4,  6, 0.30,112,10.2
2026-05-25 00:34:34,-102.0515,31.8058,  11.8,30142,-43.0,-69.3,-64.6,  4,  6, 0.30,112,10.3
2026-05-25 00:34:35,-102.0516,31.8058,  11.8,30148,-43.0,-69.3,-64.6,  4,  6, 0.30,113,10.5
2026-05-25 00:34:36,-102.0517,31.8058,  11.8,30153,-43.0,-69.2,-64.6,  4,  6, 0.30,114,10.6
2026-05-25 00:34:37,-102.0518,31.8059,  11.8,30159,-43.0,-69.2,-64.6,  4,  6, 0.30,114,10.7
2026-05-25 00:34:38,-102.0519,31.8059,  11.8,30164,-43.0,-69.2,-64.6,  4,  6, 0.30,115,10.8
2026-05-25 00:34:39,-102.0520,31.8060,  11.8,30170,-43.0,-69.2,-64.6,  4,  6, 0.30,115,10.9
2026-05-25 00:34:40,-102.0521,31.8060,  11.8,30175,-43.0,-69.2,-64.6,  4,  6, 0.30,116,11.0
2026-05-25 00:34:41,-102.0522,31.8061,  11.8,30181,-43.0,-69.2,-64.6,  4,  6, 0.30,116,11.1
2026-05-25 00:34:42,-102.0523,31.8061,  11.8,30186,-43.0,-69.2,-64.6,  4,  6, 0.30,117,11.2
2026-05-25 00:34:43,-102.0524,31.8062,  11.7,30191,-43.0,-69.2,-64.6,  4,  6, 0.30,117,11.2
2026-05-25 00:34:44,-102.0525,31.8062,  11.7,30197,-43.0,-69.2,-64.6,  4,  6, 0.30,117,11.1
2026-05-25 00:34:45,-102.0526,31.8062,  11.7,30203,-42.9,-69.2,-64.6,  4,  6, 0.31,118,11.0
2026-05-25 00:34:46,-102.0527,31.8063,  11.7,30208,-42.9,-69.2,-64.6,  4,  6, 0.31,118,11.0
2026-05-25 00:34:47,-102.0528,31.8063,  11.7,30214,-42.9,-69.2,-64.6,  4,  6, 0.31,119,10.9
2026-05-25 00:34:48,-102.0529,31.8064,  11.7,30220,-42.9,-69.2,-64.6,  4,  6, 0.31,119,10.8
2026-05-25 00:34:49,-102.0530,31.8064,  11.7,30225,-42.9,-69.2,-64.6,  4,  6, 0.31,120,10.8
2026-05-25 00:34:50,-102.0531,31.8065,  11.7,30231,-42.9,-69.2,-64.5,  4,  6, 0.31,120,10.7
2026-05-25 00:34:51,-102.0531,31.8065,  11.7,30237,-42.9,-69.2,-64.5,  4,  6, 0.31,120,10.7
2026-05-25 00:34:52,-102.0532,31.8066,  11.7,30243,-42.9,-69.1,-64.5,  4,  6, 0.31,121,10.6
2026-05-25 00:34:53,-102.0533,31.8066,  11.7,30248,-42.9,-69.1,-64.5,  4,  6, 0.31,121,10.5
2026-05-25 00:34:54,-102.0533,31.8067,  11.6,30254,-42.9,-69.1,-64.5,  4,  6, 0.31,122,10.5
2026-05-25 00:34:55,-102.0534,31.8067,  11.6,30260,-42.9,-69.1,-64.5,  4,  6, 0.31,122,10.4
2026-05-25 00:34:56,-102.0535,31.8068,  11.6,30265,-42.8,-69.1,-64.5,  4,  6, 0.31,123,10.4
2026-05-25 00:34:57,-102.0536,31.8068,  11.6,30271,-42.8,-69.1,-64.5,  4,  6, 0.31,123,10.3
2026-05-25 00:34:58,-102.0536,31.8069,  11.6,30277,-42.8,-69.1,-64.5,  4,  6, 0.31,123,10.3
2026-05-25 00:34:59,-102.0537,31.8069,  11.6,30282,-42.8,-69.0,-64.4,  4,  6, 0.31,124,10.2
2026-05-25 00:35:00,-102.0538,31.8070,  11.6,30288,-42.8,-69.0,-64.4,  4,  6, 0.31,124,10.1
2026-05-25 00:35:01,-102.0539,31.8070,  11.6,30293,-42.8,-69.0,-64.4,  4,  6, 0.32,125,10.1
2026-05-25 00:35:02,-102.0539,31.8071,  11.6,30299,-42.8,-69.0,-64.4,  4,  6, 0.32,125,10.0
2026-05-25 00:35:03,-102.0540,31.8072,  11.6,30304,-42.8,-69.0,-64.4,  4,  6, 0.32,126,10.0
2026-05-25 00:35:04,-102.0541,31.8072,  11.5,30310,-42.8,-69.0,-64.3,  4,  6, 0.32,126, 9.9
2026-05-25 00:35:05,-102.0541,31.8073,  11.5,30315,-42.7,-68.9,-64.3,  4,  6, 0.32,126, 9.8
2026-05-25 00:35:06,-102.0542,31.8073,  11.5,30321,-42.7,-68.9,-64.3,  4,  6, 0.32,127, 9.7
2026-05-25 00:35:07,-102.0543,31.8073,  11.5,30326,-42.7,-68.9,-64.3,  4,  6, 0.32,127, 9.6
2026-05-25 00:35:08,-102.0544,31.8074,  11.5,30330,-42.7,-68.9,-64.3,  4,  6, 0.32,127, 9.6
2026-05-25 00:35:09,-102.0544,31.8075,  11.5,30337,-42.7,-68.9,-64.3,  4,  6, 0.32,127, 9.5
2026-05-25 00:35:10,-102.0545,31.8075,  11.5,30342,-42.7,-68.9,-64.3,  4,  6, 0.32,128, 9.4
2026-05-25 00:35:11,-102.0546,31.8076,  11.5,30347,-42.7,-68.9,-64.3,  4,  6, 0.32,128, 9.3
2026-05-25 00:35:12,-102.0547,31.8076,  11.5,30353,-42.7,-68.9,-64.3,  4,  6, 0.32,128, 9.3
2026-05-25 00:35:13,-102.0547,31.8077,  11.5,30358,-42.7,-68.9,-64.3,  4,  6, 0.32,129, 9.2
2026-05-25 00:35:14,-102.0548,31.8077,  11.5,30364,-42.6,-68.9,-64.3,  4,  6, 0.32,129, 9.1
2026-05-25 00:35:15,-102.0549,31.8078,  11.4,30369,-42.6,-68.8,-64.2,  4,  6, 0.33,129, 9.0
2026-05-25 00:35:16,-102.0549,31.8078,  11.4,30375,-42.6,-68.8,-64.2,  4,  6, 0.33,130, 9.0
2026-05-25 00:35:17,-102.0550,31.8079,  11.4,30380,-42.6,-68.8,-64.2,  4,  6, 0.33,130, 8.9
2026-05-25 00:35:18,-102.0551,31.8079,  11.4,30386,-42.6,-68.8,-64.2,  4,  6, 0.33,131, 8.8
2026-05-25 00:35:19,-102.0552,31.8080,  11.4,30391,-42.6,-68.8,-64.2,  4,  6, 0.33,131, 8.7
2026-05-25 00:35:20,-102.0552,31.8080,  11.4,30396,-42.6,-68.8,-64.2,  4,  6, 0.33,131, 8.7
2026-05-25 00:35:21,-102.0553,31.8081,  11.4,30401,-42.5,-68.8,-64.2,  4,  6, 0.33,132, 8.6
2026-05-25 00:35:22,-102.0554,31.8081,  11.4,30406,-42.5,-68.8,-64.2,  4,  6, 0.33,132, 8.5
2026-05-25 00:35:23,-102.0554,31.8082,  11.4,30411,-42.5,-68.8,-64.2,  4,  6, 0.33,132, 8.5
2026-05-25 00:35:24,-102.0555,31.8082,  11.4,30417,-42.5,-68.8,-64.2,  4,  6, 0.33,132, 8.4
2026-05-25 00:35:25,-102.0555,31.8083,  11.4,30423,-42.5,-68.8,-64.2,  4,  6, 0.33,132, 8.3
2026-05-25 00:35:26,-102.0556,31.8083,  11.3,30428,-42.5,-68.8,-64.2,  4,  6, 0.33,132, 8.3
2026-05-25 00:35:27,-102.0557,31.8084,  11.3,30434,-42.5,-68.8,-64.2,  4,  6, 0.33,131, 8.2
2026-05-25 00:35:28,-102.0557,31.8084,  11.3,30440,-42.5,-68.8,-64.2,  4,  6, 0.33,131, 8.2
2026-05-25 00:35:29,-102.0558,31.8085,  11.3,30446,-42.4,-68.8,-64.2,  4,  6, 0.33,131, 8.1
2026-05-25 00:35:30,-102.0558,31.8085,  11.3,30451,-42.4,-68.8,-64.2,  4,  6, 0.33,131, 8.1
2026-05-25 00:35:31,-102.0559,31.8085,  11.3,30457,-42.4,-68.8,-64.2,  4,  6, 0.33,131, 8.0
2026-05-25 00:35:32,-102.0560,31.8086,  11.3,30463,-42.4,-68.8,-64.2,  4,  6, 0.33,131, 7.9
2026-05-25 00:35:33,-102.0560,31.8086,  11.3,30469,-42.4,-68.8,-64.2,  4,  6, 0.33,131, 7.9
2026-05-25 00:35:34,-102.0561,31.8087,  11.3,30475,-42.4,-68.8,-64.2,  4,  6, 0.33,130, 7.8
2026-05-25 00:35:35,-102.0561,31.8087,  11.3,30481,-42.4,-68.8,-64.2,  4,  6, 0.33,130, 7.8
2026-05-25 00:35:36,-102.0562,31.8088,  11.2,30486,-42.4,-68.8,-64.2,  4,  6, 0.34,130, 7.7
2026-05-25 00:35:37,-102.0563,31.8088,  11.2,30492,-42.4,-68.8,-64.2,  4,  6, 0.34,130, 7.6
2026-05-25 00:35:38,-102.0563,31.8089,  11.2,30498,-42.4,-68.8,-64.2,  4,  6, 0.34,130, 7.6
2026-05-25 00:35:39,-102.0564,31.8089,  11.2,30503,-42.3,-68.8,-64.2,  4,  6, 0.34,130, 7.5
2026-05-25 00:35:40,-102.0564,31.8090,  11.2,30509,-42.3,-68.7,-64.1,  4,  6, 0.34,129, 7.5
2026-05-25 00:35:41,-102.0565,31.8090,  11.2,30515,-42.3,-68.7,-64.1,  4,  6, 0.34,129, 7.4
2026-05-25 00:35:42,-102.0566,31.8090,  11.2,30521,-42.3,-68.7,-64.1,  4,  6, 0.34,129, 7.4
2026-05-25 00:35:43,-102.0566,31.8091,  11.2,30527,-42.3,-68.7,-64.1,  4,  6, 0.34,129, 7.4
2026-05-25 00:35:44,-102.0567,31.8091,  11.2,30533,-42.3,-68.7,-64.1,  4,  6, 0.34,130, 7.4
2026-05-25 00:35:45,-102.0567,31.8092,  11.2,30538,-42.3,-68.7,-64.1,  4,  6, 0.34,130, 7.4
2026-05-25 00:35:46,-102.0568,31.8092,  11.2,30544,-42.3,-68.7,-64.1,  4,  6, 0.34,130, 7.5
2026-05-25 00:35:47,-102.0569,31.8093,  11.1,30550,-42.3,-68.6,-64.0,  4,  6, 0.35,131, 7.5
2026-05-25 00:35:48,-102.0569,31.8093,  11.1,30556,-42.3,-68.6,-64.0,  4,  6, 0.35,131, 7.5
2026-05-25 00:35:49,-102.0570,31.8094,  11.1,30562,-42.3,-68.6,-64.0,  4,  6, 0.35,132, 7.6
2026-05-25 00:35:50,-102.0570,31.8094,  11.1,30568,-42.2,-68.6,-64.0,  4,  6, 0.35,132, 7.6
2026-05-25 00:35:51,-102.0571,31.8095,  11.1,30575,-42.2,-68.6,-64.0,  4,  6, 0.35,132, 7.6
2026-05-25 00:35:52,-102.0571,31.8095,  11.1,30580,-42.2,-68.6,-64.0,  4,  6, 0.35,133, 7.6
2026-05-25 00:35:53,-102.0572,31.8095,  11.1,30585,-42.2,-68.6,-64.0,  4,  6, 0.35,133, 7.7
2026-05-25 00:35:54,-102.0572,31.8096,  11.1,30591,-42.2,-68.6,-64.0,  4,  6, 0.35,133, 7.7
2026-05-25 00:35:55,-102.0573,31.8096,  11.1,30596,-42.2,-68.6,-64.0,  4,  6, 0.35,134, 7.7
2026-05-25 00:35:56,-102.0573,31.8097,  11.1,30602,-42.2,-68.6,-64.0,  4,  6, 0.35,134, 7.8
2026-05-25 00:35:57,-102.0574,31.8097,  11.0,30608,-42.1,-68.6,-64.0,  4,  6, 0.35,134, 7.8
2026-05-25 00:35:58,-102.0574,31.8097,  11.0,30613,-42.1,-68.6,-64.0,  4,  6, 0.35,135, 7.8
2026-05-25 00:35:59,-102.0575,31.8098,  11.0,30619,-42.1,-68.6,-64.0,  4,  6, 0.35,135, 7.9
2026-05-25 00:36:00,-102.0575,31.8098,  11.0,30625,-42.1,-68.6,-64.0,  4,  6, 0.35,135, 7.9
2026-05-25 00:36:01,-102.0576,31.8099,  11.0,30631,-42.1,-68.6,-64.0,  4,  6, 0.35,135, 7.9
2026-05-25 00:36:02,-102.0576,31.8099,  11.0,30636,-42.1,-68.6,-64.0,  4,  6, 0.35,136, 8.0
2026-05-25 00:36:03,-102.0576,31.8099,  11.0,30642,-42.1,-68.6,-64.0,  4,  6, 0.35,136, 7.8
2026-05-25 00:36:04,-102.0577,31.8100,  11.0,30648,-42.0,-68.5,-63.9,  4,  6, 0.35,136, 7.7
2026-05-25 00:36:05,-102.0577,31.8100,  11.0,30654,-42.0,-68.5,-63.9,  4,  6, 0.35,136, 7.6
2026-05-25 00:36:06,-102.0578,31.8101,  11.0,30660,-42.0,-68.5,-63.9,  4,  6, 0.36,136, 7.5
2026-05-25 00:36:07,-102.0578,31.8101,  11.0,30666,-42.0,-68.5,-63.9,  4,  6, 0.36,136, 7.3
2026-05-25 00:36:08,-102.0579,31.8101,  10.9,30672,-42.0,-68.5,-63.9,  4,  6, 0.36,136, 7.2
2026-05-25 00:36:09,-102.0579,31.8102,  10.9,30678,-42.0,-68.5,-63.9,  4,  6, 0.36,135, 7.1
2026-05-25 00:36:10,-102.0580,31.8102,  10.9,30684,-41.9,-68.5,-63.9,  4,  6, 0.36,135, 7.0
2026-05-25 00:36:11,-102.0580,31.8103,  10.9,30690,-41.9,-68.5,-63.9,  4,  6, 0.36,135, 6.9
2026-05-25 00:36:12,-102.0581,31.8103,  10.9,30696,-41.9,-68.5,-63.9,  4,  6, 0.36,135, 6.7
2026-05-25 00:36:13,-102.0581,31.8103,  10.9,30702,-41.9,-68.4,-63.8,  4,  6, 0.36,135, 6.6
2026-05-25 00:36:14,-102.0581,31.8104,  10.9,30708,-41.9,-68.4,-63.8,  4,  6, 0.36,135, 6.5
2026-05-25 00:36:15,-102.0582,31.8104,  10.9,30714,-41.9,-68.4,-63.8,  4,  6, 0.36,135, 6.4
2026-05-25 00:36:16,-102.0582,31.8105,  10.9,30720,-41.9,-68.4,-63.8,  4,  6, 0.36,135, 6.2
2026-05-25 00:36:17,-102.0583,31.8105,  10.9,30726,-41.8,-68.4,-63.8,  4,  6, 0.36,135, 6.1
2026-05-25 00:36:18,-102.0583,31.8105,  10.8,30732,-41.8,-68.4,-63.8,  4,  6, 0.37,135, 6.0
2026-05-25 00:36:19,-102.0584,31.8106,  10.8,30739,-41.8,-68.4,-63.8,  4,  6, 0.37,135, 5.9
2026-05-25 00:36:20,-102.0584,31.8106,  10.8,30745,-41.8,-68.4,-63.8,  4,  6, 0.37,135, 5.7
2026-05-25 00:36:21,-102.0585,31.8106,  10.8,30751,-41.8,-68.4,-63.8,  4,  6, 0.37,135, 5.6
2026-05-25 00:36:22,-102.0585,31.8107,  10.8,30758,-41.8,-68.4,-63.8,  4,  6, 0.37,135, 5.5
2026-05-25 00:36:23,-102.0585,31.8107,  10.8,30764,-41.8,-68.4,-63.8,  4,  6, 0.37,135, 5.4
2026-05-25 00:36:24,-102.0586,31.8107,  10.8,30770,-41.7,-68.4,-63.8,  4,  6, 0.37,135, 5.3
2026-05-25 00:36:25,-102.0586,31.8108,  10.8,30776,-41.7,-68.4,-63.8,  4,  6, 0.37,136, 5.3
2026-05-25 00:36:26,-102.0586,31.8108,  10.8,30782,-41.7,-68.4,-63.8,  4,  6, 0.37,136, 5.2
2026-05-25 00:36:27,-102.0587,31.8108,  10.8,30788,-41.7,-68.4,-63.8,  4,  6, 0.37,136, 5.1
2026-05-25 00:36:28,-102.0587,31.8108,  10.7,30794,-41.7,-68.4,-63.8,  4,  6, 0.37,137, 5.0
2026-05-25 00:36:29,-102.0587,31.8109,  10.7,30801,-41.7,-68.3,-63.8,  4,  6, 0.37,137, 5.0
2026-05-25 00:36:30,-102.0587,31.8109,  10.7,30807,-41.6,-68.3,-63.7,  4,  6, 0.38,138, 4.9
2026-05-25 00:36:31,-102.0588,31.8109,  10.7,30813,-41.6,-68.3,-63.7,  4,  6, 0.38,138, 4.8
2026-05-25 00:36:32,-102.0588,31.8109,  10.7,30819,-41.6,-68.3,-63.7,  4,  6, 0.38,139, 4.7
2026-05-25 00:36:33,-102.0588,31.8110,  10.7,30825,-41.6,-68.3,-63.7,  4,  6, 0.38,139, 4.7
2026-05-25 00:36:34,-102.0589,31.8110,  10.7,30832,-41.6,-68.3,-63.7,  4,  6, 0.38,139, 4.6
2026-05-25 00:36:35,-102.0589,31.8110,  10.7,30838,-41.6,-68.3,-63.7,  4,  6, 0.38,140, 4.5
2026-05-25 00:36:36,-102.0589,31.8110,  10.7,30845,-41.6,-68.3,-63.7,  4,  6, 0.38,140, 4.4
2026-05-25 00:36:37,-102.0590,31.8111,  10.7,30851,-41.6,-68.3,-63.7,  4,  6, 0.38,141, 4.4
2026-05-25 00:36:38,-102.0590,31.8111,  10.6,30858,-41.5,-68.3,-63.7,  4,  6, 0.38,142, 4.3
2026-05-25 00:36:39,-102.0590,31.8111,  10.6,30864,-41.5,-68.3,-63.7,  4,  6, 0.38,142, 4.2
2026-05-25 00:36:40,-102.0591,31.8112,  10.6,30870,-41.5,-68.3,-63.7,  4,  6, 0.38,143, 4.2
2026-05-25 00:36:41,-102.0591,31.8112,  10.6,30877,-41.5,-68.3,-63.7,  4,  6, 0.38,143, 4.1
2026-05-25 00:36:42,-102.0591,31.8112,  10.6,30883,-41.5,-68.3,-63.7,  4,  6, 0.38,144, 4.0
2026-05-25 00:36:43,-102.0592,31.8112,  10.6,30889,-41.5,-68.3,-63.7,  4,  6, 0.38,142, 4.0
2026-05-25 00:36:44,-102.0592,31.8113,  10.6,30896,-41.5,-68.3,-63.7,  4,  6, 0.38,141, 4.0
2026-05-25 00:36:45,-102.0592,31.8113,  10.6,30902,-41.5,-68.3,-63.7,  4,  6, 0.38,140, 4.1
2026-05-25 00:36:46,-102.0592,31.8113,  10.6,30909,-41.5,-68.2,-63.7,  4,  6, 0.38,138, 4.2
2026-05-25 00:36:47,-102.0593,31.8113,  10.6,30916,-41.5,-68.2,-63.6,  4,  6, 0.38,137, 4.2
2026-05-25 00:36:48,-102.0593,31.8114,  10.5,30922,-41.5,-68.2,-63.6,  4,  6, 0.39,136, 4.2
2026-05-25 00:36:49,-102.0593,31.8114,  10.5,30929,-41.4,-68.2,-63.6,  4,  6, 0.39,134, 4.3
2026-05-25 00:36:50,-102.0594,31.8114,  10.5,30936,-41.4,-68.2,-63.6,  4,  6, 0.39,133, 4.3
2026-05-25 00:36:51,-102.0594,31.8114,  10.5,30943,-41.4,-68.2,-63.6,  4,  6, 0.39,132, 4.4
2026-05-25 00:36:52,-102.0594,31.8115,  10.5,30950,-41.4,-68.2,-63.6,  4,  6, 0.39,130, 4.4
2026-05-25 00:36:53,-102.0595,31.8115,  10.5,30956,-41.4,-68.1,-63.6,  4,  6, 0.39,129, 4.4
2026-05-25 00:36:54,-102.0595,31.8115,  10.5,30963,-41.4,-68.1,-63.5,  4,  6, 0.39,128, 4.5
2026-05-25 00:36:55,-102.0596,31.8116,  10.5,30970,-41.4,-68.1,-63.5,  4,  6, 0.39,127, 4.5
2026-05-25 00:36:56,-102.0596,31.8116,  10.5,30977,-41.4,-68.1,-63.5,  4,  6, 0.39,126, 4.5
2026-05-25 00:36:57,-102.0596,31.8117,  10.5,30984,-41.4,-68.1,-63.5,  4,  6, 0.39,124, 4.6
2026-05-25 00:36:58,-102.0597,31.8117,  10.4,30990,-41.4,-68.1,-63.5,  4,  6, 0.40,123, 4.6
2026-05-25 00:36:59,-102.0597,31.8117,  10.4,30997,-41.4,-68.1,-63.5,  4,  6, 0.40,122, 4.7
2026-05-25 00:37:00,-102.0598,31.8118,  10.4,31004,-41.4,-68.1,-63.5,  4,  6, 0.40,121, 4.7
2026-05-25 00:37:01,-102.0598,31.8118,  10.4,31011,-41.4,-68.0,-63.5,  4,  6, 0.40,120, 4.7
2026-05-25 00:37:02,-102.0599,31.8118,  10.4,31017,-41.3,-68.0,-63.4,  4,  6, 0.40,119, 4.8
2026-05-25 00:37:03,-102.0599,31.8119,  10.4,31024,-41.3,-68.0,-63.4,  4,  6, 0.40,120, 4.8
2026-05-25 00:37:04,-102.0599,31.8119,  10.4,31031,-41.3,-68.0,-63.4,  4,  6, 0.40,122, 4.9
2026-05-25 00:37:05,-102.0600,31.8119,  10.4,31037,-41.3,-68.0,-63.4,  4,  6, 0.41,123, 5.0
2026-05-25 00:37:06,-102.0600,31.8120,  10.4,31044,-41.3,-68.0,-63.4,  4,  6, 0.41,124, 5.0
2026-05-25 00:37:07,-102.0601,31.8120,  10.3,31051,-41.3,-67.9,-63.4,  4,  6, 0.41,126, 5.1
2026-05-25 00:37:08,-102.0601,31.8121,  10.3,31058,-41.3,-67.9,-63.3,  4,  6, 0.41,127, 5.1
2026-05-25 00:37:09,-102.0601,31.8121,  10.3,31065,-41.3,-67.9,-63.3,  4,  6, 0.41,128, 5.2
2026-05-25 00:37:10,-102.0602,31.8121,  10.3,31072,-41.2,-67.9,-63.3,  4,  6, 0.41,129, 5.3
2026-05-25 00:37:11,-102.0602,31.8122,  10.3,31079,-41.2,-67.9,-63.3,  4,  6, 0.41,130, 5.3
2026-05-25 00:37:12,-102.0603,31.8122,  10.3,31086,-41.2,-67.9,-63.3,  4,  6, 0.41,131, 5.4
2026-05-25 00:37:13,-102.0603,31.8122,  10.3,31094,-41.2,-67.9,-63.3,  4,  6, 0.42,133, 5.4
2026-05-25 00:37:14,-102.0603,31.8123,  10.3,31101,-41.2,-67.9,-63.3,  4,  6, 0.42,134, 5.5
2026-05-25 00:37:15,-102.0604,31.8123,  10.3,31108,-41.2,-67.9,-63.3,  4,  6, 0.42,135, 5.6
2026-05-25 00:37:16,-102.0604,31.8124,  10.3,31115,-41.2,-67.8,-63.3,  4,  6, 0.42,136, 5.6
2026-05-25 00:37:17,-102.0605,31.8124,  10.2,31122,-41.1,-67.8,-63.3,  4,  6, 0.42,137, 5.7
2026-05-25 00:37:18,-102.0605,31.8124,  10.2,31129,-41.1,-67.8,-63.2,  4,  6, 0.42,138, 5.8
2026-05-25 00:37:19,-102.0606,31.8125,  10.2,31136,-41.1,-67.8,-63.2,  4,  6, 0.42,139, 5.8
2026-05-25 00:37:20,-102.0606,31.8125,  10.2,31143,-41.1,-67.8,-63.2,  4,  6, 0.42,139, 5.8
2026-05-25 00:37:21,-102.0606,31.8125,  10.2,31150,-41.1,-67.8,-63.2,  4,  6, 0.42,140, 5.9
2026-05-25 00:37:22,-102.0607,31.8126,  10.2,31157,-41.1,-67.8,-63.2,  4,  6, 0.42,141, 6.0
2026-05-25 00:37:23,-102.0607,31.8127,  10.2,31164,-41.1,-67.8,-63.2,  4,  6, 0.42,143, 6.0
2026-05-25 00:37:24,-102.0607,31.8127,  10.2,31171,-41.0,-67.8,-63.2,  4,  6, 0.43,144, 6.2
2026-05-25 00:37:25,-102.0607,31.8128,  10.2,31178,-41.0,-67.8,-63.2,  4,  6, 0.43,146, 6.2
2026-05-25 00:37:26,-102.0607,31.8129,  10.1,31185,-41.0,-67.7,-63.2,  4,  6, 0.43,147, 6.3
2026-05-25 00:37:27,-102.0607,31.8129,  10.1,31191,-41.0,-67.7,-63.2,  4,  6, 0.43,149, 6.4
2026-05-25 00:37:28,-102.0608,31.8130,  10.1,31198,-41.0,-67.7,-63.1,  4,  6, 0.43,150, 6.5
2026-05-25 00:37:29,-102.0608,31.8131,  10.1,31205,-41.0,-67.7,-63.1,  4,  6, 0.43,152, 6.6
2026-05-25 00:37:30,-102.0608,31.8131,  10.1,31212,-41.0,-67.7,-63.1,  4,  6, 0.43,153, 6.6
2026-05-25 00:37:31,-102.0608,31.8132,  10.1,31219,-40.9,-67.7,-63.1,  4,  6, 0.43,154, 6.7
2026-05-25 00:37:32,-102.0608,31.8133,  10.1,31226,-40.9,-67.7,-63.1,  4,  6, 0.43,156, 6.8
2026-05-25 00:37:33,-102.0608,31.8134,  10.1,31232,-40.9,-67.7,-63.1,  4,  6, 0.44,157, 6.9
2026-05-25 00:37:34,-102.0608,31.8134,  10.1,31239,-40.9,-67.7,-63.1,  4,  6, 0.44,158, 7.0
2026-05-25 00:37:35,-102.0608,31.8135,  10.1,31246,-40.9,-67.7,-63.1,  4,  6, 0.44,159, 7.0
2026-05-25 00:37:36,-102.0609,31.8136,  10.0,31253,-40.9,-67.7,-63.1,  4,  6, 0.44,160, 7.1
2026-05-25 00:37:37,-102.0609,31.8136,  10.0,31260,-40.9,-67.6,-63.1,  4,  6, 0.44,161, 7.2
2026-05-25 00:37:38,-102.0609,31.8137,  10.0,31267,-40.9,-67.6,-63.1,  4,  6, 0.44,163, 7.3
2026-05-25 00:37:39,-102.0609,31.8138,  10.0,31274,-40.8,-67.6,-63.0,  4,  6, 0.44,164, 7.4
2026-05-25 00:37:40,-102.0609,31.8139,  10.0,31283,-40.8,-67.6,-63.0,  4,  6, 0.44,165, 7.4
2026-05-25 00:37:41,-102.0609,31.8139,  10.0,31288,-40.8,-67.6,-63.0,  4,  6, 0.44,166, 7.5
2026-05-25 00:37:42,-102.0609,31.8140,  10.0,31295,-40.8,-67.6,-63.0,  4,  6, 0.44,167, 7.6
2026-05-25 00:37:43,-102.0610,31.8141,  10.0,31302,-40.8,-67.6,-63.0,  4,  6, 0.44,167, 7.7
2026-05-25 00:37:44,-102.0610,31.8141,  10.0,31309,-40.8,-67.6,-63.0,  4,  6, 0.45,168, 7.8
2026-05-25 00:37:45,-102.0610,31.8142,  10.0,31316,-40.7,-67.6,-63.0,  4,  6, 0.45,169, 7.8
2026-05-25 00:37:46,-102.0610,31.8143,   9.9,31323,-40.7,-67.5,-63.0,  4,  6, 0.45,169, 7.9
2026-05-25 00:37:47,-102.0610,31.8143,   9.9,31329,-40.7,-67.5,-63.0,  4,  6, 0.45,170, 8.0
2026-05-25 00:37:48,-102.0610,31.8144,   9.9,31336,-40.7,-67.5,-62.9,  4,  6, 0.45,170, 8.1
2026-05-25 00:37:49,-102.0610,31.8145,   9.9,31343,-40.7,-67.5,-62.9,  4,  6, 0.45,171, 8.1
2026-05-25 00:37:50,-102.0610,31.8146,   9.9,31350,-40.6,-67.5,-62.9,  4,  6, 0.45,171, 8.2
2026-05-25 00:37:51,-102.0611,31.8146,   9.9,31357,-40.6,-67.5,-62.9,  4,  6, 0.45,172, 8.3
2026-05-25 00:37:52,-102.0611,31.8147,   9.9,31364,-40.6,-67.5,-62.9,  4,  6, 0.46,172, 8.4
2026-05-25 00:37:53,-102.0611,31.8148,   9.9,31371,-40.6,-67.5,-62.9,  4,  6, 0.46,173, 8.5
2026-05-25 00:37:54,-102.0611,31.8149,   9.9,31378,-40.6,-67.5,-62.9,  4,  6, 0.46,173, 8.5
2026-05-25 00:37:55,-102.0611,31.8150,   9.9,31385,-40.6,-67.4,-62.9,  4,  6, 0.46,174, 8.6
2026-05-25 00:37:56,-102.0611,31.8151,   9.8,31392,-40.5,-67.4,-62.9,  4,  6, 0.46,174, 8.7
2026-05-25 00:37:57,-102.0611,31.8151,   9.8,31399,-40.5,-67.4,-62.8,  4,  6, 0.46,175, 8.8
2026-05-25 00:37:58,-102.0611,31.8152,   9.8,31407,-40.5,-67.4,-62.8,  4,  6, 0.47,175, 8.9
2026-05-25 00:37:59,-102.0611,31.8153,   9.8,31414,-40.5,-67.4,-62.8,  4,  6, 0.47,176, 9.0
2026-05-25 00:38:00,-102.0611,31.8154,   9.8,31421,-40.4,-67.4,-62.8,  4,  6, 0.47,176, 9.0
2026-05-25 00:38:01,-102.0611,31.8155,   9.8,31428,-40.4,-67.4,-62.8,  4,  6, 0.47,177, 9.1
2026-05-25 00:38:02,-102.0611,31.8156,   9.8,31435,-40.4,-67.3,-62.8,  4,  6, 0.47,177, 9.2
2026-05-25 00:38:03,-102.0611,31.8156,   9.8,31442,-40.4,-67.3,-62.8,  4,  6, 0.47,177, 9.2
2026-05-25 00:38:04,-102.0611,31.8157,   9.8,31449,-40.4,-67.3,-62.7,  4,  6, 0.47,177, 9.2
2026-05-25 00:38:05,-102.0612,31.8158,   9.8,31455,-40.3,-67.3,-62.7,  4,  6, 0.47,177, 9.2
2026-05-25 00:38:06,-102.0612,31.8159,   9.7,31462,-40.3,-67.3,-62.7,  4,  6, 0.48,177, 9.2
2026-05-25 00:38:07,-102.0612,31.8160,   9.7,31469,-40.3,-67.3,-62.7,  4,  6, 0.48,177, 9.3
2026-05-25 00:38:08,-102.0612,31.8161,   9.7,31476,-40.3,-67.2,-62.7,  4,  6, 0.48,176, 9.3
2026-05-25 00:38:09,-102.0612,31.8161,   9.7,31483,-40.2,-67.2,-62.6,  4,  6, 0.48,176, 9.3
2026-05-25 00:38:10,-102.0612,31.8162,   9.7,31490,-40.2,-67.2,-62.6,  4,  6, 0.48,176, 9.3
2026-05-25 00:38:11,-102.0612,31.8163,   9.7,31497,-40.2,-67.2,-62.6,  4,  6, 0.49,176, 9.3
2026-05-25 00:38:12,-102.0612,31.8164,   9.7,31504,-40.1,-67.1,-62.6,  4,  6, 0.49,176, 9.3
2026-05-25 00:38:13,-102.0612,31.8165,   9.7,31511,-40.1,-67.1,-62.5,  4,  6, 0.49,176, 9.3
2026-05-25 00:38:14,-102.0612,31.8166,   9.7,31518,-40.1,-67.1,-62.5,  4,  6, 0.49,176, 9.3
2026-05-25 00:38:15,-102.0612,31.8167,   9.7,31524,-40.1,-67.1,-62.5,  4,  6, 0.49,176, 9.3
2026-05-25 00:38:16,-102.0612,31.8167,   9.6,31531,-40.0,-67.0,-62.5,  4,  6, 0.50,176, 9.3
2026-05-25 00:38:17,-102.0612,31.8168,   9.6,31537,-40.0,-67.0,-62.4,  4,  6, 0.50,175, 9.3
2026-05-25 00:38:18,-102.0612,31.8169,   9.6,31544,-40.0,-67.0,-62.4,  4,  6, 0.50,175, 9.3
2026-05-25 00:38:19,-102.0613,31.8170,   9.6,31551,-39.9,-67.0,-62.4,  4,  6, 0.50,175, 9.3
2026-05-25 00:38:20,-102.0613,31.8171,   9.6,31557,-39.9,-67.0,-62.4,  4,  6, 0.50,175, 9.3
2026-05-25 00:38:21,-102.0613,31.8172,   9.6,31564,-39.9,-66.9,-62.4,  4,  6, 0.51,175, 9.3
2026-05-25 00:38:22,-102.0613,31.8172,   9.6,31571,-39.8,-66.9,-62.4,  4,  6, 0.51,175, 9.3
2026-05-25 00:38:23,-102.0613,31.8173,   9.6,31577,-39.8,-66.9,-62.3,  4,  6, 0.51,175, 9.3
2026-05-25 00:38:24,-102.0613,31.8174,   9.6,31584,-39.8,-66.9,-62.3,  4,  6, 0.51,176, 9.2
2026-05-25 00:38:25,-102.0613,31.8174,   9.6,31590,-39.8,-66.9,-62.3,  4,  6, 0.51,176, 9.2
2026-05-25 00:38:26,-102.0613,31.8175,   9.6,31597,-39.7,-66.8,-62.3,  4,  6, 0.51,176, 9.1
2026-05-25 00:38:27,-102.0613,31.8175,   9.5,31603,-39.7,-66.8,-62.3,  4,  6, 0.52,177, 9.1
2026-05-25 00:38:28,-102.0613,31.8176,   9.5,31609,-39.7,-66.8,-62.2,  4,  6, 0.52,177, 9.0
2026-05-25 00:38:29,-102.0613,31.8176,   9.5,31615,-39.6,-66.8,-62.2,  4,  6, 0.52,177, 8.9
2026-05-25 00:38:30,-102.0613,31.8177,   9.5,31621,-39.6,-66.8,-62.2,  4,  6, 0.52,178, 8.9
2026-05-25 00:38:31,-102.0613,31.8178,   9.5,31627,-39.6,-66.7,-62.2,  4,  6, 0.52,178, 8.8
2026-05-25 00:38:32,-102.0613,31.8178,   9.5,31633,-39.5,-66.7,-62.2,  4,  6, 0.53,178, 8.8
2026-05-25 00:38:33,-102.0613,31.8179,   9.5,31639,-39.5,-66.7,-62.2,  4,  6, 0.53,179, 8.7
2026-05-25 00:38:34,-102.0613,31.8179,   9.5,31645,-39.5,-66.7,-62.1,  4,  6, 0.53,179, 8.7
2026-05-25 00:38:35,-102.0613,31.8180,   9.5,31651,-39.5,-66.7,-62.1,  4,  6, 0.53,180, 8.6
2026-05-25 00:38:36,-102.0613,31.8180,   9.5,31657,-39.4,-66.7,-62.1,  4,  6, 0.53,180, 8.6
2026-05-25 00:38:37,-102.0613,31.8181,   9.5,31665,-39.4,-66.7,-62.1,  4,  6, 0.53,180, 8.5
2026-05-25 00:38:38,-102.0614,31.8181,   9.4,31672,-39.4,-66.7,-62.1,  4,  6, 0.54,181, 8.4
2026-05-25 00:38:39,-102.0614,31.8182,   9.4,31680,-39.4,-66.6,-62.1,  4,  6, 0.54,181, 8.4
2026-05-25 00:38:40,-102.0614,31.8183,   9.4,31687,-39.3,-66.6,-62.1,  4,  6, 0.54,182, 8.3
2026-05-25 00:38:41,-102.0614,31.8183,   9.4,31693,-39.3,-66.6,-62.1,  4,  6, 0.54,182, 8.3
2026-05-25 00:38:42,-102.0614,31.8184,   9.4,31699,-39.3,-66.6,-62.0,  4,  6, 0.54,183, 8.2
2026-05-25 00:38:43,-102.0614,31.8184,   9.4,31705,-39.2,-66.6,-62.0,  4,  6, 0.54,182, 8.0
2026-05-25 00:38:44,-102.0614,31.8185,   9.4,31711,-39.2,-66.6,-62.0,  4,  6, 0.54,181, 7.7
2026-05-25 00:38:45,-102.0614,31.8185,   9.4,31716,-39.2,-66.6,-62.0,  4,  6, 0.54,180, 7.5
2026-05-25 00:38:46,-102.0614,31.8186,   9.4,31722,-39.2,-66.5,-62.0,  4,  6, 0.55,180, 7.3
2026-05-25 00:38:47,-102.0614,31.8186,   9.4,31728,-39.1,-66.5,-62.0,  4,  6, 0.55,179, 7.1
2026-05-25 00:38:48,-102.0614,31.8187,   9.4,31734,-39.1,-66.5,-62.0,  4,  6, 0.55,178, 6.9
2026-05-25 00:38:49,-102.0614,31.8188,   9.4,31739,-39.1,-66.5,-61.9,  4,  6, 0.55,177, 6.6
2026-05-25 00:38:50,-102.0614,31.8188,   9.3,31745,-39.1,-66.5,-61.9,  4,  6, 0.56,176, 6.4
2026-05-25 00:38:51,-102.0614,31.8189,   9.3,31751,-39.1,-66.5,-61.9,  4,  6, 0.56,175, 6.2
2026-05-25 00:38:52,-102.0614,31.8189,   9.3,31757,-39.0,-66.4,-61.9,  4,  6, 0.56,173, 5.9
2026-05-25 00:38:53,-102.0614,31.8190,   9.3,31763,-39.0,-66.4,-61.9,  4,  6, 0.56,172, 5.7
2026-05-25 00:38:54,-102.0614,31.8190,   9.3,31769,-39.0,-66.4,-61.9,  4,  6, 0.56,171, 5.5
2026-05-25 00:38:55,-102.0614,31.8191,   9.3,31775,-39.0,-66.4,-61.9,  4,  6, 0.56,169, 5.3
2026-05-25 00:38:56,-102.0615,31.8191,   9.3,31782,-38.9,-66.4,-61.8,  4,  6, 0.56,167, 5.0
2026-05-25 00:38:57,-102.0615,31.8191,   9.3,31788,-38.9,-66.4,-61.8,  4,  6, 0.56,165, 4.8
2026-05-25 00:38:58,-102.0616,31.8191,   9.3,31795,-38.9,-66.4,-61.8,  4,  6, 0.57,163, 4.6
2026-05-25 00:38:59,-102.0616,31.8192,   9.3,31802,-38.9,-66.3,-61.8,  4,  6, 0.57,161, 4.3
2026-05-25 00:39:00,-102.0617,31.8192,   9.3,31808,-38.8,-66.3,-61.8,  4,  6, 0.57,158, 4.1
2026-05-25 00:39:01,-102.0617,31.8192,   9.3,31814,-38.8,-66.3,-61.8,  4,  6, 0.57,155, 3.9
2026-05-25 00:39:02,-102.0618,31.8192,   9.2,31820,-38.8,-66.3,-61.7,  4,  6, 0.58,152, 3.7
2026-05-25 00:39:03,-102.0618,31.8192,   9.2,31826,-38.8,-66.3,-61.7,  4,  6, 0.58,150, 3.7
2026-05-25 00:39:04,-102.0619,31.8193,   9.2,31832,-38.8,-66.3,-61.7,  4,  6, 0.58,147, 3.8
2026-05-25 00:39:05,-102.0619,31.8193,   9.2,31838,-38.8,-66.3,-61.7,  4,  6, 0.58,145, 3.9
2026-05-25 00:39:06,-102.0619,31.8193,   9.2,31844,-38.7,-66.2,-61.7,  4,  6, 0.58,142, 4.0
2026-05-25 00:39:07,-102.0620,31.8193,   9.2,31850,-38.7,-66.2,-61.7,  4,  6, 0.58,140, 4.0
2026-05-25 00:39:08,-102.0620,31.8193,   9.2,31857,-38.7,-66.2,-61.7,  4,  6, 0.58,137, 4.1
2026-05-25 00:39:09,-102.0621,31.8193,   9.2,31863,-38.7,-66.2,-61.6,  4,  6, 0.58,135, 4.2
2026-05-25 00:39:10,-102.0621,31.8194,   9.2,31869,-38.7,-66.2,-61.6,  4,  6, 0.58,133, 4.3
2026-05-25 00:39:11,-102.0622,31.8194,   9.2,31875,-38.7,-66.2,-61.6,  4,  6, 0.59,131, 4.3
2026-05-25 00:39:12,-102.0622,31.8194,   9.2,31882,-38.6,-66.2,-61.6,  4,  6, 0.59,128, 4.4
2026-05-25 00:39:13,-102.0623,31.8194,   9.2,31888,-38.6,-66.2,-61.6,  4,  6, 0.59,126, 4.5
2026-05-25 00:39:14,-102.0623,31.8194,   9.1,31894,-38.6,-66.1,-61.6,  4,  6, 0.59,124, 4.6
2026-05-25 00:39:15,-102.0624,31.8195,   9.1,31900,-38.6,-66.1,-61.6,  4,  6, 0.60,123, 4.6
2026-05-25 00:39:16,-102.0624,31.8195,   9.1,31906,-38.6,-66.1,-61.6,  4,  6, 0.60,121, 4.7
2026-05-25 00:39:17,-102.0625,31.8195,   9.1,31913,-38.6,-66.1,-61.6,  4,  6, 0.60,119, 4.8
2026-05-25 00:39:18,-102.0625,31.8195,   9.1,31919,-38.6,-66.1,-61.6,  4,  6, 0.60,118, 4.9
2026-05-25 00:39:19,-102.0625,31.8195,   9.1,31926,-38.6,-66.1,-61.6,  4,  6, 0.60,116, 4.9
2026-05-25 00:39:20,-102.0626,31.8195,   9.1,31932,-38.5,-66.1,-61.6,  4,  6, 0.60,114, 5.0
2026-05-25 00:39:21,-102.0626,31.8196,   9.1,31938,-38.5,-66.1,-61.6,  4,  6, 0.60,113, 5.0
2026-05-25 00:39:22,-102.0627,31.8196,   9.1,31945,-38.5,-66.1,-61.5,  4,  6, 0.60,112, 5.1
2026-05-25 00:39:23,-102.0627,31.8196,   9.1,31951,-38.5,-66.1,-61.5,  4,  6, 0.60,111, 5.2
2026-05-25 00:39:24,-102.0628,31.8196,   9.1,31957,-38.5,-66.1,-61.5,  4,  6, 0.60,110, 5.2
2026-05-25 00:39:25,-102.0629,31.8196,   9.1,31963,-38.5,-66.1,-61.5,  4,  6, 0.60,109, 5.3
2026-05-25 00:39:26,-102.0629,31.8196,   9.0,31970,-38.5,-66.1,-61.5,  4,  6, 0.61,109, 5.3
2026-05-25 00:39:27,-102.0630,31.8196,   9.0,31976,-38.5,-66.1,-61.5,  4,  6, 0.61,108, 5.4
2026-05-25 00:39:28,-102.0630,31.8196,   9.0,31982,-38.5,-66.1,-61.5,  4,  6, 0.61,107, 5.4
2026-05-25 00:39:29,-102.0631,31.8196,   9.0,31989,-38.5,-66.1,-61.5,  4,  6, 0.61,107, 5.5
2026-05-25 00:39:30,-102.0632,31.8196,   9.0,31995,-38.5,-66.0,-61.5,  4,  6, 0.61,106, 5.6
2026-05-25 00:39:31,-102.0632,31.8196,   9.0,32001,-38.5,-66.0,-61.5,  4,  6, 0.61,105, 5.6
2026-05-25 00:39:32,-102.0633,31.8196,   9.0,32008,-38.4,-66.0,-61.5,  4,  6, 0.61,105, 5.7
2026-05-25 00:39:33,-102.0634,31.8196,   9.0,32014,-38.4,-66.0,-61.5,  4,  6, 0.61,104, 5.7
2026-05-25 00:39:34,-102.0634,31.8196,   9.0,32020,-38.4,-66.0,-61.5,  4,  6, 0.61,103, 5.8
2026-05-25 00:39:35,-102.0635,31.8196,   9.0,32026,-38.4,-66.0,-61.5,  4,  6, 0.61,103, 5.8
2026-05-25 00:39:36,-102.0635,31.8196,   9.0,32032,-38.4,-66.0,-61.5,  4,  6, 0.61,102, 5.9
2026-05-25 00:39:37,-102.0636,31.8196,   9.0,32035,-38.4,-66.0,-61.5,  4,  6, 0.61,102, 5.9
2026-05-25 00:39:38,-102.0637,31.8196,   8.9,32044,-38.4,-66.0,-61.5,  4,  6, 0.62,101, 6.0
2026-05-25 00:39:39,-102.0637,31.8196,   8.9,32050,-38.4,-66.0,-61.5,  4,  6, 0.62,101, 6.1
2026-05-25 00:39:40,-102.0638,31.8196,   8.9,32057,-38.4,-66.0,-61.5,  4,  6, 0.62,100, 6.1
2026-05-25 00:39:41,-102.0638,31.8196,   8.9,32063,-38.4,-66.0,-61.5,  4,  6, 0.62,100, 6.2
2026-05-25 00:39:42,-102.0639,31.8196,   8.9,32069,-38.4,-66.0,-61.5,  4,  6, 0.62, 99, 6.3
2026-05-25 00:39:43,-102.0640,31.8196,   8.9,32075,-38.4,-66.0,-61.5,  4,  6, 0.62, 98, 6.2
2026-05-25 00:39:44,-102.0640,31.8196,   8.9,32081,-38.4,-66.0,-61.5,  4,  6, 0.62, 97, 6.2
2026-05-25 00:39:45,-102.0641,31.8196,   8.9,32087,-38.4,-66.0,-61.5,  4,  6, 0.62, 95, 6.2
2026-05-25 00:39:46,-102.0642,31.8196,   8.9,32093,-38.4,-66.0,-61.5,  4,  6, 0.62, 94, 6.2
2026-05-25 00:39:47,-102.0642,31.8196,   8.9,32100,-38.4,-66.0,-61.5,  4,  6, 0.62, 93, 6.2
2026-05-25 00:39:48,-102.0643,31.8196,   8.9,32106,-38.4,-66.0,-61.5,  4,  6, 0.62, 92, 6.1
2026-05-25 00:39:49,-102.0643,31.8196,   8.9,32112,-38.4,-66.0,-61.5,  4,  6, 0.62, 90, 6.1
2026-05-25 00:39:50,-102.0644,31.8196,   8.9,32118,-38.4,-66.0,-61.5,  4,  6, 0.62, 89, 6.1
2026-05-25 00:39:51,-102.0645,31.8196,   8.8,32124,-38.4,-66.0,-61.4,  4,  6, 0.63, 88, 6.1
2026-05-25 00:39:52,-102.0645,31.8196,   8.8,32130,-38.4,-66.0,-61.4,  4,  6, 0.63, 86, 6.1
2026-05-25 00:39:53,-102.0646,31.8196,   8.8,32136,-38.4,-66.0,-61.4,  4,  6, 0.63, 85, 6.0
2026-05-25 00:39:54,-102.0647,31.8196,   8.8,32142,-38.4,-66.0,-61.4,  4,  6, 0.63, 84, 6.0
2026-05-25 00:39:55,-102.0647,31.8196,   8.8,32148,-38.4,-66.0,-61.4,  4,  6, 0.63, 82, 6.0
2026-05-25 00:39:56,-102.0648,31.8195,   8.8,32155,-38.4,-66.0,-61.4,  4,  6, 0.63, 81, 6.0
2026-05-25 00:39:57,-102.0648,31.8195,   8.8,32161,-38.4,-65.9,-61.4,  4,  6, 0.63, 79, 6.0
2026-05-25 00:39:58,-102.0649,31.8195,   8.8,32167,-38.3,-65.9,-61.4,  4,  6, 0.63, 78, 5.9
2026-05-25 00:39:59,-102.0649,31.8194,   8.8,32173,-38.3,-65.9,-61.4,  4,  6, 0.63, 77, 5.9
2026-05-25 00:40:00,-102.0650,31.8194,   8.8,32179,-38.3,-65.9,-61.4,  4,  6, 0.63, 75, 5.9
2026-05-25 00:40:01,-102.0651,31.8194,   8.8,32186,-38.3,-65.9,-61.4,  4,  6, 0.63, 74, 5.9
2026-05-25 00:40:02,-102.0651,31.8193,   8.8,32192,-38.3,-65.9,-61.4,  4,  6, 0.63, 73, 5.9
2026-05-25 00:40:03,-102.0652,31.8193,   8.7,32198,-38.3,-65.9,-61.4,  4,  6, 0.64, 72, 5.9
2026-05-25 00:40:04,-102.0652,31.8193,   8.7,32204,-38.3,-65.9,-61.4,  4,  6, 0.64, 70, 6.0
2026-05-25 00:40:05,-102.0653,31.8192,   8.7,32210,-38.3,-65.9,-61.3,  4,  6, 0.64, 69, 6.0
2026-05-25 00:40:06,-102.0653,31.8192,   8.7,32216,-38.3,-65.9,-61.3,  4,  6, 0.64, 68, 6.1
2026-05-25 00:40:07,-102.0654,31.8191,   8.7,32222,-38.3,-65.9,-61.3,  4,  6, 0.65, 67, 6.2
2026-05-25 00:40:08,-102.0655,31.8191,   8.7,32228,-38.3,-65.8,-61.3,  4,  6, 0.65, 66, 6.2
2026-05-25 00:40:09,-102.0655,31.8191,   8.7,32234,-38.3,-65.8,-61.3,  4,  6, 0.65, 65, 6.3
2026-05-25 00:40:10,-102.0656,31.8190,   8.7,32240,-38.3,-65.8,-61.3,  4,  6, 0.65, 64, 6.3
2026-05-25 00:40:11,-102.0656,31.8190,   8.7,32246,-38.3,-65.8,-61.3,  4,  6, 0.65, 63, 6.4
2026-05-25 00:40:12,-102.0657,31.8190,   8.7,32252,-38.3,-65.8,-61.2,  4,  6, 0.65, 62, 6.5
2026-05-25 00:40:13,-102.0658,31.8189,   8.7,32258,-38.3,-65.8,-61.2,  4,  6, 0.65, 61, 6.5
2026-05-25 00:40:14,-102.0658,31.8189,   8.7,32264,-38.3,-65.8,-61.2,  4,  6, 0.65, 60, 6.6
2026-05-25 00:40:15,-102.0659,31.8189,   8.7,32271,-38.2,-65.7,-61.2,  4,  6, 0.66, 59, 6.6
2026-05-25 00:40:16,-102.0659,31.8188,   8.6,32277,-38.2,-65.7,-61.2,  4,  6, 0.67, 58, 6.7
2026-05-25 00:40:17,-102.0660,31.8188,   8.6,32284,-38.2,-65.7,-61.2,  4,  6, 0.67, 57, 6.8
2026-05-25 00:40:18,-102.0660,31.8188,   8.6,32290,-38.2,-65.7,-61.2,  4,  6, 0.67, 56, 6.8
2026-05-25 00:40:19,-102.0661,31.8187,   8.6,32296,-38.2,-65.7,-61.2,  4,  6, 0.67, 55, 6.8
2026-05-25 00:40:20,-102.0662,31.8187,   8.6,32302,-38.2,-65.7,-61.2,  4,  6, 0.67, 54, 6.9
2026-05-25 00:40:21,-102.0662,31.8187,   8.6,32308,-38.2,-65.7,-61.2,  4,  6, 0.67, 54, 7.0
2026-05-25 00:40:22,-102.0663,31.8186,   8.6,32313,-38.2,-65.7,-61.2,  4,  6, 0.67, 53, 7.0
2026-05-25 00:40:23,-102.0663,31.8186,   8.6,32319,-38.2,-65.7,-61.2,  4,  6, 0.67, 52, 7.0
2026-05-25 00:40:24,-102.0664,31.8186,   8.6,32325,-38.2,-65.7,-61.2,  4,  6, 0.67, 52, 7.0
2026-05-25 00:40:25,-102.0664,31.8185,   8.6,32331,-38.2,-65.7,-61.2,  4,  6, 0.67, 51, 7.0
2026-05-25 00:40:26,-102.0665,31.8185,   8.6,32337,-38.2,-65.7,-61.2,  4,  6, 0.67, 51, 7.0
2026-05-25 00:40:27,-102.0666,31.8184,   8.6,32343,-38.2,-65.7,-61.2,  4,  6, 0.67, 51, 7.0
2026-05-25 00:40:28,-102.0666,31.8183,   8.6,32349,-38.2,-65.7,-61.2,  4,  6, 0.67, 50, 7.0
2026-05-25 00:40:29,-102.0667,31.8183,   8.6,32355,-38.2,-65.7,-61.2,  4,  6, 0.67, 50, 7.0
2026-05-25 00:40:30,-102.0668,31.8182,   8.5,32361,-38.2,-65.7,-61.2,  4,  6, 0.68, 49, 7.0
2026-05-25 00:40:31,-102.0668,31.8182,   8.5,32367,-38.1,-65.7,-61.1,  4,  6, 0.68, 49, 7.0
2026-05-25 00:40:32,-102.0669,31.8181,   8.5,32373,-38.1,-65.7,-61.1,  4,  6, 0.68, 49, 7.0
2026-05-25 00:40:33,-102.0670,31.8181,   8.5,32380,-38.1,-65.7,-61.1,  4,  6, 0.68, 48, 7.0
2026-05-25 00:40:34,-102.0670,31.8180,   8.5,32386,-38.1,-65.7,-61.1,  4,  6, 0.68, 48, 7.0
2026-05-25 00:40:35,-102.0671,31.8180,   8.5,32392,-38.1,-65.7,-61.1,  4,  6, 0.68, 47, 7.0
2026-05-25 00:40:36,-102.0672,31.8179,   8.5,32398,-38.1,-65.7,-61.1,  4,  6, 0.68, 47, 7.0
2026-05-25 00:40:37,-102.0672,31.8179,   8.5,32405,-38.1,-65.6,-61.1,  4,  6, 0.68, 46, 7.0
2026-05-25 00:40:38,-102.0673,31.8178,   8.5,32411,-38.1,-65.6,-61.1,  4,  6, 0.68, 46, 7.0
2026-05-25 00:40:39,-102.0674,31.8178,   8.5,32417,-38.1,-65.6,-61.1,  4,  6, 0.68, 46, 7.0
2026-05-25 00:40:40,-102.0674,31.8177,   8.5,32423,-38.1,-65.6,-61.1,  4,  6, 0.68, 45, 7.0
2026-05-25 00:40:41,-102.0675,31.8176,   8.5,32429,-38.1,-65.6,-61.1,  4,  6, 0.68, 45, 7.0
2026-05-25 00:40:42,-102.0675,31.8176,   8.5,32435,-38.1,-65.6,-61.1,  4,  6, 0.68, 44, 7.0
2026-05-25 00:40:43,-102.0676,31.8175,   8.4,32441,-38.1,-65.6,-61.1,  4,  6, 0.69, 45, 7.2
2026-05-25 00:40:44,-102.0677,31.8175,   8.4,32448,-38.1,-65.6,-61.1,  4,  6, 0.69, 45, 7.4
2026-05-25 00:40:45,-102.0677,31.8174,   8.4,32454,-38.1,-65.6,-61.1,  4,  6, 0.69, 45, 7.5
2026-05-25 00:40:46,-102.0678,31.8174,   8.4,32460,-38.1,-65.6,-61.1,  4,  6, 0.69, 45, 7.7
2026-05-25 00:40:47,-102.0679,31.8173,   8.4,32466,-38.1,-65.6,-61.1,  4,  6, 0.69, 45, 7.9
2026-05-25 00:40:48,-102.0679,31.8173,   8.4,32472,-38.1,-65.6,-61.0,  4,  6, 0.69, 45, 8.1
2026-05-25 00:40:49,-102.0680,31.8172,   8.4,32478,-38.1,-65.6,-61.0,  4,  6, 0.70, 45, 8.3
2026-05-25 00:40:50,-102.0681,31.8172,   8.4,32484,-38.1,-65.6,-61.0,  4,  6, 0.70, 45, 8.5
2026-05-25 00:40:51,-102.0681,31.8171,   8.4,32490,-38.1,-65.5,-61.0,  4,  6, 0.70, 45, 8.7
2026-05-25 00:40:52,-102.0682,31.8171,   8.4,32496,-38.1,-65.5,-61.0,  4,  6, 0.70, 46, 8.9
2026-05-25 00:40:53,-102.0683,31.8170,   8.4,32502,-38.1,-65.5,-61.0,  4,  6, 0.70, 46, 9.0
2026-05-25 00:40:54,-102.0683,31.8170,   8.4,32508,-38.1,-65.5,-61.0,  4,  6, 0.70, 46, 9.2
2026-05-25 00:40:55,-102.0684,31.8169,   8.4,32515,-38.1,-65.5,-61.0,  4,  6, 0.70, 46, 9.4
2026-05-25 00:40:56,-102.0685,31.8168,   8.3,32521,-38.1,-65.5,-61.0,  4,  6, 0.71, 46, 9.6
2026-05-25 00:40:57,-102.0686,31.8168,   8.3,32527,-38.1,-65.5,-61.0,  4,  6, 0.71, 46, 9.8
2026-05-25 00:40:58,-102.0687,31.8167,   8.3,32534,-38.1,-65.5,-61.0,  4,  6, 0.71, 46,10.0
2026-05-25 00:40:59,-102.0688,31.8166,   8.3,32540,-38.1,-65.5,-61.0,  4,  6, 0.71, 46,10.2
2026-05-25 00:41:00,-102.0689,31.8166,   8.3,32546,-38.1,-65.5,-61.0,  4,  6, 0.71, 46,10.4
2026-05-25 00:41:01,-102.0690,31.8165,   8.3,32553,-38.1,-65.5,-61.0,  4,  6, 0.71, 46,10.5
2026-05-25 00:41:02,-102.0691,31.8165,   8.3,32559,-38.1,-65.5,-61.0,  4,  6, 0.71, 46,10.7
2026-05-25 00:41:03,-102.0692,31.8164,   8.3,32565,-38.1,-65.5,-60.9,  4,  6, 0.71, 47,10.8
2026-05-25 00:41:04,-102.0693,31.8163,   8.3,32571,-38.1,-65.5,-60.9,  4,  6, 0.71, 47,10.9
2026-05-25 00:41:05,-102.0694,31.8163,   8.3,32577,-38.1,-65.5,-60.9,  4,  6, 0.71, 48,11.0
2026-05-25 00:41:06,-102.0696,31.8162,   8.3,32583,-38.0,-65.5,-60.9,  4,  6, 0.71, 48,11.0
2026-05-25 00:41:07,-102.0697,31.8161,   8.3,32589,-38.0,-65.5,-60.9,  4,  6, 0.71, 49,11.1
2026-05-25 00:41:08,-102.0698,31.8161,   8.3,32595,-38.0,-65.4,-60.9,  4,  6, 0.72, 49,11.2
2026-05-25 00:41:09,-102.0699,31.8160,   8.3,32601,-38.0,-65.4,-60.9,  4,  6, 0.72, 50,11.3
2026-05-25 00:41:10,-102.0699,31.8160,   8.2,32607,-38.0,-65.4,-60.9,  4,  6, 0.73, 50,11.4
2026-05-25 00:41:11,-102.0701,31.8159,   8.2,32611,-38.0,-65.4,-60.9,  4,  6, 0.73, 51,11.4
2026-05-25 00:41:12,-102.0702,31.8158,   8.2,32619,-38.0,-65.4,-60.9,  4,  6, 0.73, 51,11.5
2026-05-25 00:41:13,-102.0703,31.8158,   8.2,32626,-38.0,-65.4,-60.9,  4,  6, 0.73, 52,11.6
2026-05-25 00:41:14,-102.0704,31.8157,   8.2,32632,-38.0,-65.4,-60.9,  4,  6, 0.73, 52,11.7
2026-05-25 00:41:15,-102.0705,31.8156,   8.2,32638,-38.0,-65.4,-60.9,  4,  6, 0.73, 53,11.8
2026-05-25 00:41:16,-102.0706,31.8156,   8.2,32644,-38.0,-65.4,-60.9,  4,  6, 0.73, 53,11.9
2026-05-25 00:41:17,-102.0707,31.8155,   8.2,32650,-38.0,-65.4,-60.9,  4,  6, 0.73, 53,12.0
2026-05-25 00:41:18,-102.0708,31.8154,   8.2,32656,-38.0,-65.4,-60.9,  4,  6, 0.73, 54,12.1
2026-05-25 00:41:19,-102.0709,31.8154,   8.2,32663,-38.0,-65.4,-60.9,  4,  6, 0.73, 54,12.2
2026-05-25 00:41:20,-102.0710,31.8153,   8.2,32669,-38.0,-65.4,-60.9,  4,  6, 0.73, 55,12.2
2026-05-25 00:41:21,-102.0711,31.8153,   8.2,32675,-38.0,-65.4,-60.9,  4,  6, 0.73, 55,12.3
2026-05-25 00:41:22,-102.0712,31.8152,   8.2,32681,-38.0,-65.4,-60.9,  4,  6, 0.73, 55,12.4
2026-05-25 00:41:23,-102.0714,31.8151,   8.1,32687,-38.0,-65.4,-60.9,  4,  6, 0.74, 56,12.5
2026-05-25 00:41:24,-102.0715,31.8151,   8.1,32693,-38.0,-65.4,-60.9,  4,  6, 0.74, 57,12.6
2026-05-25 00:41:25,-102.0716,31.8150,   8.1,32699,-38.0,-65.4,-60.9,  4,  6, 0.74, 57,12.6
2026-05-25 00:41:26,-102.0717,31.8150,   8.1,32705,-38.0,-65.4,-60.9,  4,  6, 0.74, 58,12.7
2026-05-25 00:41:27,-102.0719,31.8149,   8.1,32711,-38.0,-65.4,-60.9,  4,  6, 0.74, 58,12.8
2026-05-25 00:41:28,-102.0720,31.8149,   8.1,32717,-37.9,-65.4,-60.9,  4,  6, 0.74, 59,12.8
2026-05-25 00:41:29,-102.0722,31.8148,   8.1,32724,-37.9,-65.4,-60.9,  4,  6, 0.74, 60,12.9
2026-05-25 00:41:30,-102.0723,31.8148,   8.1,32730,-37.9,-65.4,-60.9,  4,  6, 0.74, 60,13.0
2026-05-25 00:41:31,-102.0725,31.8148,   8.1,32736,-37.9,-65.4,-60.9,  4,  6, 0.74, 61,13.1
2026-05-25 00:41:32,-102.0726,31.8147,   8.1,32742,-37.9,-65.4,-60.9,  4,  6, 0.74, 61,13.1
2026-05-25 00:41:33,-102.0727,31.8147,   8.1,32748,-37.9,-65.4,-60.9,  4,  6, 0.74, 62,13.2
2026-05-25 00:41:34,-102.0729,31.8146,   8.1,32755,-37.9,-65.4,-60.9,  4,  6, 0.74, 62,13.3
2026-05-25 00:41:35,-102.0730,31.8146,   8.1,32761,-37.9,-65.4,-60.9,  4,  6, 0.74, 63,13.4
2026-05-25 00:41:36,-102.0732,31.8146,   8.1,32767,-37.9,-65.4,-60.9,  4,  6, 0.74, 63,13.5
2026-05-25 00:41:37,-102.0733,31.8145,   8.0,32774,-37.9,-65.4,-60.9,  4,  6, 0.75, 64,13.5
2026-05-25 00:41:38,-102.0735,31.8145,   8.0,32780,-37.9,-65.4,-60.9,  4,  6, 0.75, 65,13.6
2026-05-25 00:41:39,-102.0736,31.8144,   8.0,32786,-37.9,-65.4,-60.9,  4,  6, 0.75, 65,13.7
2026-05-25 00:41:40,-102.0738,31.8144,   8.0,32793,-37.9,-65.4,-60.9,  4,  6, 0.75, 66,13.8
2026-05-25 00:41:41,-102.0739,31.8144,   8.0,32799,-37.9,-65.4,-60.9,  4,  6, 0.74, 66,13.9
2026-05-25 00:41:42,-102.0741,31.8143,   8.0,32804,-37.9,-65.4,-60.9,  4,  6, 0.74, 66,13.9
2026-05-25 00:41:43,-102.0742,31.8143,   8.0,32812,-37.9,-65.4,-60.9,  4,  6, 0.74, 67,14.0
2026-05-25 00:41:44,-102.0743,31.8142,   8.0,32818,-37.9,-65.4,-60.9,  4,  6, 0.74, 68,14.1
2026-05-25 00:41:45,-102.0745,31.8142,   8.0,32824,-37.9,-65.4,-60.9,  4,  6, 0.74, 68,14.1
2026-05-25 00:41:46,-102.0746,31.8141,   8.0,32830,-37.9,-65.5,-60.9,  4,  6, 0.74, 69,14.2
2026-05-25 00:41:47,-102.0748,31.8141,   8.0,32836,-37.9,-65.5,-60.9,  4,  6, 0.74, 69,14.2
2026-05-25 00:41:48,-102.0749,31.8141,   8.0,32842,-37.9,-65.5,-60.9,  4,  6, 0.74, 70,14.3
2026-05-25 00:41:49,-102.0751,31.8140,   8.0,32848,-37.9,-65.5,-60.9,  4,  6, 0.74, 70,14.3
2026-05-25 00:41:50,-102.0752,31.8140,   8.0,32854,-38.0,-65.5,-61.0,  4,  6, 0.74, 71,14.4
2026-05-25 00:41:51,-102.0754,31.8139,   7.9,32860,-38.0,-65.5,-61.0,  4,  6, 0.75, 72,14.5
2026-05-25 00:41:52,-102.0755,31.8139,   7.9,32867,-38.0,-65.5,-61.0,  4,  6, 0.75, 72,14.5
2026-05-25 00:41:53,-102.0757,31.8139,   7.9,32873,-38.0,-65.5,-61.0,  4,  6, 0.75, 73,14.6
2026-05-25 00:41:54,-102.0758,31.8138,   7.9,32879,-38.0,-65.5,-61.0,  4,  6, 0.74, 73,14.6
2026-05-25 00:41:55,-102.0760,31.8138,   7.9,32885,-38.0,-65.5,-61.0,  4,  6, 0.74, 74,14.7
2026-05-25 00:41:56,-102.0761,31.8138,   7.9,32891,-38.0,-65.5,-61.0,  4,  6, 0.74, 74,14.8
2026-05-25 00:41:57,-102.0763,31.8138,   7.9,32897,-38.0,-65.5,-61.0,  4,  6, 0.74, 75,14.8
2026-05-25 00:41:58,-102.0764,31.8138,   7.9,32904,-38.0,-65.5,-61.0,  4,  6, 0.74, 75,14.9
2026-05-25 00:41:59,-102.0766,31.8138,   7.9,32910,-38.0,-65.5,-61.0,  4,  6, 0.74, 76,15.0
2026-05-25 00:42:00,-102.0767,31.8137,   7.9,32916,-38.0,-65.6,-61.0,  4,  6, 0.74, 76,15.1
2026-05-25 00:42:01,-102.0769,31.8137,   7.9,32922,-38.0,-65.6,-61.0,  4,  6, 0.74, 77,15.1
2026-05-25 00:42:02,-102.0770,31.8137,   7.9,32928,-38.0,-65.6,-61.0,  4,  6, 0.74, 77,15.2
2026-05-25 00:42:03,-102.0772,31.8137,   7.9,32934,-38.0,-65.6,-61.0,  4,  6, 0.74, 78,15.2
2026-05-25 00:42:04,-102.0774,31.8137,   7.9,32942,-38.0,-65.6,-61.0,  4,  6, 0.74, 78,15.1
2026-05-25 00:42:05,-102.0775,31.8137,   7.8,32946,-38.0,-65.6,-61.0,  4,  6, 0.75, 79,15.1
2026-05-25 00:42:06,-102.0777,31.8137,   7.8,32953,-38.0,-65.6,-61.0,  4,  6, 0.75, 79,15.0
2026-05-25 00:42:07,-102.0778,31.8137,   7.8,32959,-38.0,-65.6,-61.0,  4,  6, 0.75, 79,15.0
2026-05-25 00:42:08,-102.0780,31.8137,   7.8,32965,-38.0,-65.6,-61.0,  4,  6, 0.75, 80,15.0
2026-05-25 00:42:09,-102.0781,31.8137,   7.8,32971,-38.0,-65.6,-61.0,  4,  6, 0.75, 80,14.9
2026-05-25 00:42:10,-102.0783,31.8137,   7.8,32978,-38.0,-65.5,-61.0,  4,  6, 0.75, 81,14.9
2026-05-25 00:42:11,-102.0784,31.8137,   7.8,32984,-38.0,-65.5,-61.0,  4,  6, 0.75, 81,14.8
2026-05-25 00:42:12,-102.0786,31.8136,   7.8,32990,-38.0,-65.5,-61.0,  4,  6, 0.75, 82,14.8
2026-05-25 00:42:13,-102.0788,31.8136,   7.8,32996,-38.0,-65.5,-61.0,  4,  6, 0.75, 82,14.8
2026-05-25 00:42:14,-102.0789,31.8136,   7.8,33001,-38.0,-65.5,-61.0,  4,  6, 0.75, 83,14.7
2026-05-25 00:42:15,-102.0791,31.8136,   7.8,33007,-38.0,-65.5,-61.0,  4,  6, 0.75, 83,14.7
2026-05-25 00:42:16,-102.0792,31.8136,   7.8,33014,-38.0,-65.5,-61.0,  4,  6, 0.76, 84,14.7
2026-05-25 00:42:17,-102.0794,31.8136,   7.8,33020,-37.9,-65.5,-61.0,  4,  6, 0.76, 84,14.7
2026-05-25 00:42:18,-102.0795,31.8136,   7.8,33027,-37.9,-65.5,-61.0,  4,  6, 0.76, 85,14.6
2026-05-25 00:42:19,-102.0797,31.8136,   7.7,33034,-37.9,-65.5,-61.0,  4,  6, 0.77, 85,14.6
2026-05-25 00:42:20,-102.0798,31.8136,   7.7,33040,-37.9,-65.5,-61.0,  4,  6, 0.77, 86,14.6
2026-05-25 00:42:21,-102.0800,31.8136,   7.7,33047,-37.9,-65.5,-61.0,  4,  6, 0.77, 86,14.6
2026-05-25 00:42:22,-102.0802,31.8136,   7.7,33054,-37.9,-65.5,-61.0,  4,  6, 0.77, 87,14.5
2026-05-25 00:42:23,-102.0803,31.8136,   7.7,33060,-37.9,-65.5,-61.0,  4,  6, 0.77, 87,14.6
2026-05-25 00:42:24,-102.0805,31.8136,   7.7,33066,-37.9,-65.5,-61.0,  4,  6, 0.77, 88,14.7
2026-05-25 00:42:25,-102.0806,31.8135,   7.7,33072,-37.9,-65.5,-61.0,  4,  6, 0.77, 88,14.8
2026-05-25 00:42:26,-102.0808,31.8136,   7.7,33078,-37.9,-65.5,-61.0,  4,  6, 0.77, 89,14.9
2026-05-25 00:42:27,-102.0810,31.8136,   7.7,33084,-37.9,-65.5,-60.9,  4,  6, 0.77, 89,15.0
2026-05-25 00:42:28,-102.0812,31.8136,   7.7,33090,-37.9,-65.5,-60.9,  4,  6, 0.77, 90,15.2
2026-05-25 00:42:29,-102.0813,31.8136,   7.7,33096,-37.8,-65.5,-60.9,  4,  6, 0.77, 90,15.3
2026-05-25 00:42:30,-102.0815,31.8136,   7.7,33102,-37.8,-65.5,-60.9,  4,  6, 0.77, 91,15.4
2026-05-25 00:42:31,-102.0817,31.8136,   7.7,33108,-37.8,-65.5,-60.9,  4,  6, 0.77, 91,15.5
2026-05-25 00:42:32,-102.0819,31.8137,   7.7,33114,-37.8,-65.5,-60.9,  4,  6, 0.77, 92,15.6
2026-05-25 00:42:33,-102.0820,31.8137,   7.7,33120,-37.8,-65.4,-60.9,  4,  6, 0.77, 92,15.7
2026-05-25 00:42:34,-102.0822,31.8137,   7.6,33126,-37.8,-65.4,-60.9,  4,  6, 0.78, 93,15.8
2026-05-25 00:42:35,-102.0824,31.8137,   7.6,33132,-37.8,-65.4,-60.9,  4,  6, 0.78, 93,15.9
2026-05-25 00:42:36,-102.0826,31.8137,   7.6,33139,-37.7,-65.4,-60.9,  4,  6, 0.78, 93,16.0
2026-05-25 00:42:37,-102.0828,31.8137,   7.6,33145,-37.7,-65.4,-60.9,  4,  6, 0.78, 94,16.2
2026-05-25 00:42:38,-102.0829,31.8137,   7.6,33151,-37.7,-65.4,-60.9,  4,  6, 0.78, 94,16.3
2026-05-25 00:42:39,-102.0831,31.8138,   7.6,33157,-37.7,-65.4,-60.9,  4,  6, 0.79, 95,16.4
2026-05-25 00:42:40,-102.0833,31.8138,   7.6,33164,-37.7,-65.4,-60.9,  4,  6, 0.79, 95,16.5
2026-05-25 00:42:41,-102.0835,31.8138,   7.6,33170,-37.7,-65.4,-60.9,  4,  6, 0.79, 95,16.6
2026-05-25 00:42:42,-102.0836,31.8138,   7.6,33176,-37.6,-65.4,-60.8,  4,  6, 0.79, 96,16.8
2026-05-25 00:42:43,-102.0838,31.8138,   7.6,33183,-37.6,-65.4,-60.8,  4,  6, 0.79, 96,16.8
2026-05-25 00:42:44,-102.0840,31.8138,   7.6,33189,-37.6,-65.4,-60.8,  4,  6, 0.79, 96,16.8
2026-05-25 00:42:45,-102.0842,31.8138,   7.6,33195,-37.6,-65.3,-60.8,  4,  6, 0.79, 96,16.8
2026-05-25 00:42:46,-102.0844,31.8139,   7.6,33201,-37.6,-65.3,-60.8,  4,  6, 0.79, 96,16.9
2026-05-25 00:42:47,-102.0845,31.8139,   7.6,33208,-37.5,-65.3,-60.8,  4,  6, 0.79, 96,16.9
2026-05-25 00:42:48,-102.0847,31.8139,   7.5,33214,-37.5,-65.3,-60.8,  4,  6, 0.80, 95,16.9
2026-05-25 00:42:49,-102.0849,31.8139,   7.5,33220,-37.5,-65.3,-60.8,  4,  6, 0.80, 95,17.0
2026-05-25 00:42:50,-102.0851,31.8139,   7.5,33226,-37.5,-65.3,-60.8,  4,  6, 0.80, 95,17.0
2026-05-25 00:42:51,-102.0853,31.8139,   7.5,33233,-37.5,-65.3,-60.8,  4,  6, 0.80, 95,17.0
2026-05-25 00:42:52,-102.0854,31.8139,   7.5,33239,-37.5,-65.3,-60.8,  4,  6, 0.80, 95,17.0
2026-05-25 00:42:53,-102.0856,31.8140,   7.5,33245,-37.4,-65.3,-60.8,  4,  6, 0.80, 95,17.1
2026-05-25 00:42:54,-102.0858,31.8140,   7.5,33251,-37.4,-65.3,-60.8,  4,  6, 0.80, 95,17.1
2026-05-25 00:42:55,-102.0860,31.8140,   7.5,33257,-37.4,-65.3,-60.8,  4,  6, 0.80, 95,17.1
2026-05-25 00:42:56,-102.0861,31.8140,   7.5,33263,-37.4,-65.3,-60.8,  4,  6, 0.80, 95,17.2
2026-05-25 00:42:57,-102.0863,31.8139,   7.5,33269,-37.4,-65.3,-60.8,  4,  6, 0.80, 95,17.2
2026-05-25 00:42:58,-102.0865,31.8139,   7.5,33275,-37.3,-65.3,-60.8,  4,  6, 0.80, 95,17.2
2026-05-25 00:42:59,-102.0866,31.8139,   7.5,33281,-37.3,-65.3,-60.8,  4,  6, 0.80, 95,17.3
2026-05-25 00:43:00,-102.0868,31.8139,   7.5,33287,-37.3,-65.3,-60.8,  4,  6, 0.80, 95,17.3
2026-05-25 00:43:01,-102.0870,31.8139,   7.5,33293,-37.3,-65.3,-60.8,  4,  6, 0.80, 95,17.3
2026-05-25 00:43:02,-102.0871,31.8139,   7.5,33300,-37.3,-65.3,-60.8,  4,  6, 0.80, 95,17.3
2026-05-25 00:43:03,-102.0873,31.8139,   7.4,33307,-37.3,-65.3,-60.8,  4,  6, 0.81, 94,17.2
2026-05-25 00:43:04,-102.0875,31.8139,   7.4,33313,-37.2,-65.4,-60.8,  4,  6, 0.81, 94,17.1
2026-05-25 00:43:05,-102.0876,31.8139,   7.4,33320,-37.2,-65.4,-60.8,  4,  6, 0.81, 93,17.0
2026-05-25 00:43:06,-102.0878,31.8138,   7.4,33326,-37.2,-65.4,-60.8,  4,  6, 0.81, 92,16.9
2026-05-25 00:43:07,-102.0880,31.8138,   7.4,33333,-37.2,-65.4,-60.9,  4,  5, 0.81, 92,16.8
2026-05-25 00:43:08,-102.0881,31.8138,   7.4,33339,-37.2,-65.4,-60.9,  4,  5, 0.81, 91,16.7
2026-05-25 00:43:09,-102.0883,31.8138,   7.4,33345,-37.2,-65.4,-60.9,  4,  5, 0.81, 91,16.7
2026-05-25 00:43:10,-102.0885,31.8138,   7.4,33352,-37.2,-65.4,-60.9,  4,  5, 0.81, 90,16.6
2026-05-25 00:43:11,-102.0886,31.8138,   7.4,33358,-37.2,-65.4,-60.9,  4,  5, 0.80, 89,16.5
2026-05-25 00:43:12,-102.0888,31.8138,   7.4,33364,-37.2,-65.4,-60.9,  4,  5, 0.80, 89,16.4
2026-05-25 00:43:13,-102.0890,31.8138,   7.4,33370,-37.2,-65.5,-60.9,  4,  5, 0.80, 88,16.3
2026-05-25 00:43:14,-102.0891,31.8137,   7.4,33376,-37.2,-65.5,-61.0,  4,  5, 0.80, 88,16.2
2026-05-25 00:43:15,-102.0893,31.8137,   7.4,33382,-37.2,-65.5,-61.0,  4,  5, 0.79, 87,16.1
2026-05-25 00:43:16,-102.0895,31.8137,   7.4,33387,-37.2,-65.6,-61.0,  4,  5, 0.79, 86,16.1
2026-05-25 00:43:17,-102.0896,31.8137,   7.4,33395,-37.2,-65.6,-61.1,  4,  5, 0.78, 86,16.0
2026-05-25 00:43:18,-102.0898,31.8137,   7.3,33401,-37.2,-65.7,-61.1,  4,  5, 0.79, 85,15.9
2026-05-25 00:43:19,-102.0900,31.8137,   7.3,33407,-37.2,-65.7,-61.2,  4,  5, 0.78, 84,15.8
2026-05-25 00:43:20,-102.0901,31.8137,   7.3,33413,-37.2,-65.8,-61.2,  4,  5, 0.78, 84,15.8
2026-05-25 00:43:21,-102.0903,31.8137,   7.3,33420,-37.2,-65.8,-61.3,  4,  5, 0.77, 83,15.7
2026-05-25 00:43:22,-102.0905,31.8137,   7.3,33426,-37.2,-65.9,-61.3,  4,  5, 0.77, 82,15.6
2026-05-25 00:43:23,-102.0906,31.8136,   7.3,33432,-37.2,-65.9,-61.4,  4,  5, 0.76, 82,15.6
2026-05-25 00:43:24,-102.0908,31.8136,   7.3,33438,-37.2,-66.0,-61.4,  4,  5, 0.76, 82,15.6
2026-05-25 00:43:25,-102.0910,31.8136,   7.3,33444,-37.2,-66.0,-61.5,  4,  5, 0.75, 83,15.6
2026-05-25 00:43:26,-102.0911,31.8136,   7.3,33450,-37.2,-66.1,-61.6,  3,  5, 0.75, 83,15.6
2026-05-25 00:43:27,-102.0913,31.8136,   7.3,33456,-37.2,-66.2,-61.6,  3,  5, 0.74, 83,15.6
2026-05-25 00:43:28,-102.0915,31.8136,   7.3,33463,-37.3,-66.2,-61.7,  3,  5, 0.73, 83,15.6
2026-05-25 00:43:29,-102.0916,31.8136,   7.3,33469,-37.3,-66.3,-61.7,  3,  5, 0.73, 83,15.6
2026-05-25 00:43:30,-102.0918,31.8136,   7.3,33475,-37.3,-66.4,-61.8,  3,  5, 0.72, 83,15.6
2026-05-25 00:43:31,-102.0919,31.8136,   7.3,33481,-37.3,-66.4,-61.9,  3,  5, 0.71, 83,15.6
2026-05-25 00:43:32,-102.0921,31.8136,   7.3,33487,-37.3,-66.5,-61.9,  3,  5, 0.71, 83,15.6
2026-05-25 00:43:33,-102.0923,31.8136,   7.2,33494,-37.3,-66.6,-62.0,  3,  5, 0.71, 83,15.6
2026-05-25 00:43:34,-102.0924,31.8136,   7.2,33500,-37.3,-66.6,-62.1,  3,  5, 0.70, 84,15.6
2026-05-25 00:43:35,-102.0926,31.8136,   7.2,33506,-37.3,-66.7,-62.1,  3,  5, 0.70, 84,15.6
2026-05-25 00:43:36,-102.0927,31.8135,   7.2,33512,-37.3,-66.8,-62.2,  3,  5, 0.69, 84,15.7
2026-05-25 00:43:37,-102.0929,31.8135,   7.2,33518,-37.3,-66.8,-62.3,  3,  5, 0.68, 84,15.7
2026-05-25 00:43:38,-102.0931,31.8135,   7.2,33524,-37.3,-66.9,-62.4,  3,  5, 0.68, 84,15.7
2026-05-25 00:43:39,-102.0932,31.8135,   7.2,33531,-37.3,     ,     ,   ,   ,     , 84,15.7
2026-05-25 00:43:40,-102.0934,31.8135,   7.2,33537,-37.4,     ,     ,   ,   ,     , 84,15.7
2026-05-25 00:43:41,-102.0936,31.8135,   7.2,33543,-37.4,     ,     ,   ,   ,     , 84,15.7
2026-05-25 00:43:42,-102.0937,31.8135,   7.2,33549,-37.4,     ,     ,   ,   ,     , 84,15.7
2026-05-25 00:43:43,-102.0939,31.8135,   7.2,33556,-37.4,     ,     ,   ,   ,     , 85,15.6
2026-05-25 00:43:44,-102.0940,31.8135,   7.2,33562,-37.4,     ,     ,   ,   ,     , 85,15.6
