time,longitude,latitude,pressure_hPa,geopotential height_m,temperature_C,dew point temperature_C,ice point temperature_C,relative humidity_%,humidity wrt ice_%,mixing ratio_g/kg,wind direction_degree,wind speed_m/s
2026-05-25 11:04:07,-102.1898,31.9428, 915.6,  874, 17.2, 14.4, 14.4, 84, 84,11.33, 57, 2.6
2026-05-25 11:04:08,-102.1898,31.9428, 914.9,  883, 17.6, 13.9, 13.9, 79, 79,10.96, 48, 3.8
2026-05-25 11:04:09,-102.1898,31.9428, 914.2,  890, 18.0, 14.0, 14.0, 77, 77,11.07, 49, 3.7
2026-05-25 11:04:10,-102.1898,31.9428, 913.5,  896, 18.4, 14.2, 14.2, 76, 76,11.18, 50, 3.6
2026-05-25 11:04:11,-102.1899,31.9428, 913.1,  900, 18.7, 14.3, 14.3, 75, 75,11.25, 51, 3.5
2026-05-25 11:04:12,-102.1899,31.9428, 912.1,  908, 19.3, 14.4, 14.4, 74, 74,11.40, 53, 3.3
2026-05-25 11:04:13,-102.1899,31.9428, 911.4,  914, 19.7, 14.6, 14.6, 72, 72,11.51, 54, 3.2
2026-05-25 11:04:14,-102.1900,31.9428, 910.8,  920, 19.9, 14.5, 14.5, 71, 71,11.46, 58, 3.1
2026-05-25 11:04:15,-102.1900,31.9428, 910.2,  926, 19.9, 14.4, 14.4, 71, 71,11.43, 63, 3.0
2026-05-25 11:04:16,-102.1900,31.9428, 909.6,  931, 19.9, 14.4, 14.4, 71, 71,11.44, 70, 2.8
2026-05-25 11:04:17,-102.1900,31.9428, 909.0,  937, 19.9, 14.4, 14.4, 71, 71,11.44, 77, 2.7
2026-05-25 11:04:18,-102.1901,31.9428, 908.4,  942, 19.9, 14.4, 14.4, 71, 71,11.45, 86, 2.6
2026-05-25 11:04:19,-102.1901,31.9428, 907.8,  948, 20.0, 14.4, 14.4, 71, 71,11.45, 97, 2.4
2026-05-25 11:04:20,-102.1901,31.9428, 907.3,  953, 20.0, 14.4, 14.4, 70, 70,11.45,108, 2.3
2026-05-25 11:04:21,-102.1901,31.9428, 906.8,  958, 20.0, 14.4, 14.4, 70, 70,11.46,119, 2.2
2026-05-25 11:04:22,-102.1901,31.9429, 906.3,  963, 20.0, 14.4, 14.4, 70, 70,11.46,129, 2.0
2026-05-25 11:04:23,-102.1901,31.9429, 905.8,  968, 20.0, 14.4, 14.4, 70, 70,11.47,133, 2.1
2026-05-25 11:04:24,-102.1901,31.9430, 905.3,  972, 20.0, 14.4, 14.4, 70, 70,11.46,137, 2.2
2026-05-25 11:04:25,-102.1901,31.9430, 904.8,  977, 20.0, 14.4, 14.4, 70, 70,11.47,141, 2.3
2026-05-25 11:04:26,-102.1901,31.9431, 904.1,  982, 20.1, 14.4, 14.4, 70, 70,11.48,145, 2.3
2026-05-25 11:04:27,-102.1901,31.9431, 903.6,  987, 20.1, 14.4, 14.4, 70, 70,11.49,148, 2.4
2026-05-25 11:04:28,-102.1902,31.9431, 902.9,  994, 20.0, 14.4, 14.4, 70, 70,11.50,152, 2.5
2026-05-25 11:04:29,-102.1902,31.9432, 902.3, 1000, 20.0, 14.4, 14.4, 70, 70,11.50,155, 2.5
2026-05-25 11:04:30,-102.1902,31.9432, 901.7, 1007, 20.0, 14.4, 14.4, 70, 70,11.50,158, 2.6
2026-05-25 11:04:31,-102.1902,31.9433, 901.0, 1013, 20.0, 14.4, 14.4, 70, 70,11.51,161, 2.7
2026-05-25 11:04:32,-102.1902,31.9433, 900.4, 1019, 20.0, 14.4, 14.4, 70, 70,11.51,163, 2.8
2026-05-25 11:04:33,-102.1902,31.9434, 899.8, 1024, 20.0, 14.4, 14.4, 70, 70,11.52,166, 2.8
2026-05-25 11:04:34,-102.1902,31.9434, 899.2, 1030, 19.9, 14.4, 14.4, 70, 70,11.53,168, 2.9
2026-05-25 11:04:35,-102.1902,31.9434, 898.6, 1036, 19.9, 14.4, 14.4, 70, 70,11.53,170, 3.0
2026-05-25 11:04:36,-102.1902,31.9435, 898.0, 1042, 19.9, 14.4, 14.4, 70, 70,11.54,171, 3.2
2026-05-25 11:04:37,-102.1902,31.9435, 897.4, 1048, 19.9, 14.4, 14.4, 70, 70,11.54,171, 3.4
2026-05-25 11:04:38,-102.1902,31.9436, 896.8, 1053, 19.9, 14.4, 14.4, 71, 71,11.54,172, 3.6
2026-05-25 11:04:39,-102.1902,31.9436, 896.2, 1059, 19.9, 14.4, 14.4, 71, 71,11.54,172, 3.8
2026-05-25 11:04:40,-102.1902,31.9437, 895.6, 1065, 19.8, 14.4, 14.4, 71, 71,11.56,172, 4.0
2026-05-25 11:04:41,-102.1902,31.9437, 895.0, 1070, 19.8, 14.4, 14.4, 71, 71,11.58,173, 4.2
2026-05-25 11:04:42,-102.1902,31.9437, 894.4, 1076, 19.8, 14.4, 14.4, 71, 71,11.62,173, 4.5
2026-05-25 11:04:43,-102.1902,31.9438, 893.8, 1082, 19.8, 14.5, 14.5, 71, 71,11.65,173, 4.7
2026-05-25 11:04:44,-102.1902,31.9438, 893.2, 1088, 19.8, 14.5, 14.5, 71, 71,11.68,173, 4.9
2026-05-25 11:04:45,-102.1903,31.9439, 892.5, 1095, 19.8, 14.5, 14.5, 71, 71,11.72,174, 5.1
2026-05-25 11:04:46,-102.1903,31.9439, 891.9, 1101, 19.8, 14.5, 14.5, 72, 72,11.75,174, 5.3
2026-05-25 11:04:47,-102.1903,31.9440, 891.2, 1108, 19.8, 14.6, 14.6, 72, 72,11.79,174, 5.5
2026-05-25 11:04:48,-102.1903,31.9440, 890.6, 1114, 19.8, 14.6, 14.6, 72, 72,11.82,174, 5.7
2026-05-25 11:04:49,-102.1903,31.9440, 889.9, 1120, 19.8, 14.6, 14.6, 72, 72,11.85,174, 5.9
2026-05-25 11:04:50,-102.1903,31.9441, 889.3, 1126, 19.8, 14.7, 14.7, 72, 72,11.88,174, 6.1
2026-05-25 11:04:51,-102.1903,31.9442, 888.7, 1132, 19.8, 14.7, 14.7, 72, 72,11.92,174, 6.4
2026-05-25 11:04:52,-102.1903,31.9443, 888.0, 1138, 19.8, 14.7, 14.7, 73, 73,11.95,175, 6.6
2026-05-25 11:04:53,-102.1903,31.9444, 887.5, 1143, 19.8, 14.8, 14.8, 73, 73,11.98,175, 6.7
2026-05-25 11:04:54,-102.1903,31.9445, 886.8, 1150, 19.8, 14.8, 14.8, 73, 73,11.98,175, 7.0
2026-05-25 11:04:55,-102.1903,31.9446, 886.2, 1156, 19.8, 14.7, 14.7, 73, 73,11.98,176, 7.2
2026-05-25 11:04:56,-102.1903,31.9447, 885.6, 1162, 19.8, 14.7, 14.7, 73, 73,11.98,176, 7.4
2026-05-25 11:04:57,-102.1903,31.9448, 885.0, 1168, 19.8, 14.7, 14.7, 73, 73,11.98,176, 7.6
2026-05-25 11:04:58,-102.1903,31.9449, 884.4, 1174, 19.8, 14.7, 14.7, 73, 73,11.98,177, 7.8
2026-05-25 11:04:59,-102.1903,31.9450, 883.8, 1180, 19.8, 14.7, 14.7, 73, 73,11.99,177, 8.0
2026-05-25 11:05:00,-102.1903,31.9451, 883.2, 1186, 19.8, 14.7, 14.7, 73, 73,11.99,177, 8.3
2026-05-25 11:05:01,-102.1903,31.9452, 882.6, 1191, 19.8, 14.7, 14.7, 73, 73,11.99,178, 8.5
2026-05-25 11:05:02,-102.1903,31.9453, 882.1, 1196, 19.8, 14.7, 14.7, 72, 72,11.99,178, 8.7
2026-05-25 11:05:03,-102.1903,31.9454, 881.7, 1200, 19.8, 14.7, 14.7, 72, 72,11.99,178, 8.8
2026-05-25 11:05:04,-102.1903,31.9455, 881.0, 1207, 19.8, 14.7, 14.7, 72, 72,11.99,178, 9.1
2026-05-25 11:05:05,-102.1903,31.9456, 880.5, 1212, 19.8, 14.7, 14.7, 72, 72,11.99,178, 9.3
2026-05-25 11:05:06,-102.1903,31.9457, 880.0, 1217, 19.8, 14.6, 14.6, 72, 72,11.99,179, 9.5
2026-05-25 11:05:07,-102.1903,31.9458, 879.2, 1224, 19.8, 14.6, 14.6, 72, 72,11.94,179, 9.8
2026-05-25 11:05:08,-102.1903,31.9459, 878.9, 1228, 19.8, 14.6, 14.6, 72, 72,11.94,179,10.0
2026-05-25 11:05:09,-102.1903,31.9460, 878.3, 1233, 19.8, 14.6, 14.6, 72, 72,11.94,179,10.2
2026-05-25 11:05:10,-102.1903,31.9461, 877.7, 1239, 19.9, 14.5, 14.5, 71, 71,11.94,179,10.4
2026-05-25 11:05:11,-102.1903,31.9462, 877.1, 1245, 19.9, 14.5, 14.5, 71, 71,11.94,180,10.6
2026-05-25 11:05:12,-102.1903,31.9462, 876.5, 1251, 19.9, 14.5, 14.5, 71, 71,11.94,180,10.8
2026-05-25 11:05:13,-102.1903,31.9463, 875.9, 1257, 20.0, 14.5, 14.5, 71, 71,11.94,180,10.8
2026-05-25 11:05:14,-102.1903,31.9464, 875.3, 1263, 20.0, 14.5, 14.5, 71, 71,11.94,180,10.9
2026-05-25 11:05:15,-102.1903,31.9465, 874.7, 1269, 20.1, 14.5, 14.5, 70, 70,11.94,180,10.9
2026-05-25 11:05:16,-102.1903,31.9466, 874.1, 1275, 20.1, 14.5, 14.5, 70, 70,11.94,180,10.9
2026-05-25 11:05:17,-102.1903,31.9467, 873.4, 1281, 20.2, 14.5, 14.5, 70, 70,11.95,180,10.9
2026-05-25 11:05:18,-102.1903,31.9468, 872.8, 1287, 20.2, 14.5, 14.5, 70, 70,11.94,180,11.0
2026-05-25 11:05:19,-102.1903,31.9469, 872.2, 1293, 20.2, 14.4, 14.4, 69, 69,11.94,181,11.0
2026-05-25 11:05:20,-102.1903,31.9470, 871.6, 1299, 20.3, 14.5, 14.5, 69, 69,11.96,181,11.0
2026-05-25 11:05:21,-102.1903,31.9471, 871.2, 1303, 20.3, 14.5, 14.5, 69, 69,11.97,181,11.0
2026-05-25 11:05:22,-102.1903,31.9472, 870.4, 1311, 20.3, 14.4, 14.4, 69, 69,11.94,181,11.1
2026-05-25 11:05:23,-102.1903,31.9473, 869.8, 1317, 20.3, 14.4, 14.4, 69, 69,11.93,181,11.1
2026-05-25 11:05:24,-102.1903,31.9474, 869.2, 1323, 20.3, 14.4, 14.4, 69, 69,11.91,181,11.1
2026-05-25 11:05:25,-102.1902,31.9475, 868.6, 1329, 20.3, 14.3, 14.3, 69, 69,11.89,181,11.2
2026-05-25 11:05:26,-102.1902,31.9475, 868.0, 1335, 20.3, 14.3, 14.3, 68, 68,11.87,181,11.2
2026-05-25 11:05:27,-102.1902,31.9476, 867.5, 1341, 20.3, 14.3, 14.3, 68, 68,11.86,182,11.2
2026-05-25 11:05:28,-102.1902,31.9477, 866.9, 1347, 20.3, 14.2, 14.2, 68, 68,11.84,182,11.3
2026-05-25 11:05:29,-102.1902,31.9478, 866.3, 1353, 20.3, 14.2, 14.2, 68, 68,11.83,182,11.3
2026-05-25 11:05:30,-102.1902,31.9479, 865.7, 1358, 20.3, 14.2, 14.2, 68, 68,11.80,182,11.3
2026-05-25 11:05:31,-102.1902,31.9480, 865.2, 1364, 20.3, 14.1, 14.1, 68, 68,11.79,182,11.3
2026-05-25 11:05:32,-102.1902,31.9481, 864.6, 1369, 20.3, 14.1, 14.1, 68, 68,11.77,182,11.4
2026-05-25 11:05:33,-102.1902,31.9481, 864.1, 1374, 20.3, 14.1, 14.1, 67, 67,11.75,182,11.2
2026-05-25 11:05:34,-102.1902,31.9482, 863.5, 1379, 20.3, 14.0, 14.0, 67, 67,11.72,182,11.1
2026-05-25 11:05:35,-102.1902,31.9483, 863.0, 1385, 20.2, 14.0, 14.0, 67, 67,11.68,183,11.0
2026-05-25 11:05:36,-102.1901,31.9484, 862.4, 1391, 20.2, 13.9, 13.9, 67, 67,11.65,183,10.9
2026-05-25 11:05:37,-102.1901,31.9485, 861.9, 1396, 20.2, 13.8, 13.8, 67, 67,11.61,183,10.7
2026-05-25 11:05:38,-102.1901,31.9486, 861.3, 1402, 20.2, 13.8, 13.8, 67, 67,11.56,183,10.6
2026-05-25 11:05:39,-102.1901,31.9487, 860.7, 1408, 20.1, 13.7, 13.7, 67, 67,11.52,184,10.5
2026-05-25 11:05:40,-102.1901,31.9488, 860.2, 1414, 20.1, 13.6, 13.6, 66, 66,11.49,184,10.3
2026-05-25 11:05:41,-102.1901,31.9488, 859.6, 1419, 20.1, 13.6, 13.6, 66, 66,11.45,184,10.2
2026-05-25 11:05:42,-102.1901,31.9489, 859.0, 1425, 20.1, 13.5, 13.5, 66, 66,11.41,184,10.1
2026-05-25 11:05:43,-102.1901,31.9490, 858.4, 1431, 20.0, 13.5, 13.5, 66, 66,11.37,185,10.0
2026-05-25 11:05:44,-102.1901,31.9491, 857.9, 1437, 20.0, 13.4, 13.4, 66, 66,11.33,185, 9.8
2026-05-25 11:05:45,-102.1901,31.9492, 857.3, 1443, 20.0, 13.3, 13.3, 66, 66,11.29,185, 9.7
2026-05-25 11:05:46,-102.1900,31.9493, 856.8, 1448, 19.9, 13.3, 13.3, 65, 65,11.26,185, 9.6
2026-05-25 11:05:47,-102.1900,31.9494, 856.2, 1454, 19.9, 13.2, 13.2, 65, 65,11.23,186, 9.4
2026-05-25 11:05:48,-102.1900,31.9494, 855.6, 1460, 19.9, 13.2, 13.2, 65, 65,11.19,186, 9.3
2026-05-25 11:05:49,-102.1900,31.9495, 855.1, 1465, 19.8, 13.1, 13.1, 65, 65,11.15,186, 9.2
2026-05-25 11:05:50,-102.1900,31.9496, 854.5, 1470, 19.8, 13.0, 13.0, 65, 65,11.11,187, 9.1
2026-05-25 11:05:51,-102.1900,31.9497, 854.0, 1476, 19.8, 13.0, 13.0, 65, 65,11.07,187, 8.9
2026-05-25 11:05:52,-102.1900,31.9497, 853.5, 1481, 19.7, 12.9, 12.9, 65, 65,11.03,187, 8.8
2026-05-25 11:05:53,-102.1900,31.9498, 852.9, 1487, 19.7, 12.9, 12.9, 65, 65,10.99,187, 8.8
2026-05-25 11:05:54,-102.1900,31.9499, 852.4, 1492, 19.6, 12.8, 12.8, 65, 65,10.96,187, 8.7
2026-05-25 11:05:55,-102.1900,31.9500, 851.6, 1500, 19.6, 12.7, 12.7, 65, 65,10.90,186, 8.6
2026-05-25 11:05:56,-102.1900,31.9500, 851.3, 1503, 19.5, 12.7, 12.7, 65, 65,10.88,186, 8.6
2026-05-25 11:05:57,-102.1900,31.9501, 850.8, 1508, 19.5, 12.6, 12.6, 64, 64,10.84,185, 8.5
2026-05-25 11:05:58,-102.1900,31.9502, 850.0, 1516, 19.5, 12.5, 12.5, 64, 64,10.79,185, 8.4
2026-05-25 11:05:59,-102.1901,31.9502, 849.6, 1519, 19.4, 12.5, 12.5, 64, 64,10.77,185, 8.4
2026-05-25 11:06:00,-102.1901,31.9503, 849.1, 1525, 19.4, 12.4, 12.4, 64, 64,10.74,184, 8.4
2026-05-25 11:06:01,-102.1901,31.9504, 848.5, 1531, 19.3, 12.4, 12.4, 64, 64,10.70,184, 8.3
2026-05-25 11:06:02,-102.1901,31.9504, 848.0, 1537, 19.3, 12.3, 12.3, 64, 64,10.67,183, 8.2
2026-05-25 11:06:03,-102.1901,31.9505, 847.4, 1543, 19.2, 12.3, 12.3, 64, 64,10.64,183, 8.2
2026-05-25 11:06:04,-102.1901,31.9506, 846.8, 1549, 19.2, 12.2, 12.2, 64, 64,10.61,182, 8.1
2026-05-25 11:06:05,-102.1901,31.9506, 846.2, 1555, 19.2, 12.2, 12.2, 64, 64,10.58,182, 8.1
2026-05-25 11:06:06,-102.1901,31.9507, 845.7, 1560, 19.1, 12.1, 12.1, 64, 64,10.54,181, 8.0
2026-05-25 11:06:07,-102.1901,31.9508, 845.1, 1566, 19.1, 12.0, 12.0, 64, 64,10.51,181, 8.0
2026-05-25 11:06:08,-102.1901,31.9508, 844.5, 1572, 19.0, 12.0, 12.0, 64, 64,10.48,180, 7.9
2026-05-25 11:06:09,-102.1901,31.9509, 843.9, 1578, 19.0, 11.9, 11.9, 64, 64,10.45,180, 7.9
2026-05-25 11:06:10,-102.1901,31.9510, 843.3, 1584, 18.9, 11.9, 11.9, 64, 64,10.42,179, 7.8
2026-05-25 11:06:11,-102.1901,31.9511, 842.7, 1590, 18.9, 11.8, 11.8, 64, 64,10.39,179, 7.8
2026-05-25 11:06:12,-102.1901,31.9511, 842.2, 1596, 18.8, 11.8, 11.8, 64, 64,10.35,178, 7.7
2026-05-25 11:06:13,-102.1901,31.9512, 841.6, 1602, 18.8, 11.7, 11.7, 63, 63,10.32,178, 7.7
2026-05-25 11:06:14,-102.1901,31.9513, 841.0, 1608, 18.7, 11.7, 11.7, 63, 63,10.29,178, 7.7
2026-05-25 11:06:15,-102.1901,31.9513, 840.4, 1614, 18.7, 11.6, 11.6, 63, 63,10.26,177, 7.7
2026-05-25 11:06:16,-102.1901,31.9514, 839.8, 1620, 18.7, 11.5, 11.5, 63, 63,10.23,177, 7.6
2026-05-25 11:06:17,-102.1901,31.9515, 839.3, 1626, 18.6, 11.5, 11.5, 63, 63,10.20,177, 7.6
2026-05-25 11:06:18,-102.1901,31.9515, 838.7, 1632, 18.6, 11.4, 11.4, 63, 63,10.17,176, 7.6
2026-05-25 11:06:19,-102.1901,31.9516, 838.1, 1638, 18.5, 11.4, 11.4, 63, 63,10.14,176, 7.6
2026-05-25 11:06:20,-102.1901,31.9517, 837.5, 1643, 18.5, 11.3, 11.3, 63, 63,10.11,175, 7.6
2026-05-25 11:06:21,-102.1901,31.9517, 837.0, 1649, 18.4, 11.3, 11.3, 63, 63,10.08,175, 7.6
2026-05-25 11:06:22,-102.1901,31.9518, 836.4, 1655, 18.4, 11.2, 11.2, 63, 63,10.05,175, 7.5
2026-05-25 11:06:23,-102.1902,31.9519, 835.8, 1661, 18.4, 11.2, 11.2, 63, 63,10.02,174, 7.5
2026-05-25 11:06:24,-102.1902,31.9519, 835.3, 1667, 18.3, 11.1, 11.1, 63, 63, 9.99,174, 7.5
2026-05-25 11:06:25,-102.1902,31.9520, 834.5, 1674, 18.3, 11.0, 11.0, 63, 63, 9.96,173, 7.5
2026-05-25 11:06:26,-102.1902,31.9520, 834.1, 1678, 18.2, 11.0, 11.0, 63, 63, 9.95,173, 7.5
2026-05-25 11:06:27,-102.1903,31.9521, 833.5, 1685, 18.2, 11.0, 11.0, 63, 63, 9.95,173, 7.5
2026-05-25 11:06:28,-102.1903,31.9522, 832.9, 1691, 18.1, 11.0, 11.0, 63, 63, 9.95,172, 7.5
2026-05-25 11:06:29,-102.1903,31.9522, 832.4, 1697, 18.1, 11.0, 11.0, 63, 63, 9.95,172, 7.4
2026-05-25 11:06:30,-102.1903,31.9523, 831.8, 1703, 18.0, 11.0, 11.0, 63, 63, 9.94,172, 7.4
2026-05-25 11:06:31,-102.1904,31.9523, 831.2, 1709, 18.0, 11.0, 11.0, 63, 63, 9.94,171, 7.4
2026-05-25 11:06:32,-102.1904,31.9524, 830.7, 1715, 17.9, 10.9, 10.9, 64, 64, 9.93,171, 7.4
2026-05-25 11:06:33,-102.1904,31.9524, 830.2, 1720, 17.9, 10.9, 10.9, 64, 64, 9.93,170, 7.4
2026-05-25 11:06:34,-102.1904,31.9525, 829.7, 1725, 17.8, 10.9, 10.9, 64, 64, 9.93,170, 7.3
2026-05-25 11:06:35,-102.1905,31.9526, 829.1, 1730, 17.8, 10.9, 10.9, 64, 64, 9.92,169, 7.3
2026-05-25 11:06:36,-102.1905,31.9526, 828.6, 1735, 17.7, 10.9, 10.9, 64, 64, 9.92,168, 7.2
2026-05-25 11:06:37,-102.1905,31.9527, 828.1, 1740, 17.7, 10.9, 10.9, 64, 64, 9.91,168, 7.2
2026-05-25 11:06:38,-102.1905,31.9527, 827.6, 1745, 17.6, 10.8, 10.8, 64, 64, 9.91,167, 7.1
2026-05-25 11:06:39,-102.1906,31.9528, 827.0, 1750, 17.6, 10.8, 10.8, 65, 65, 9.90,167, 7.1
2026-05-25 11:06:40,-102.1906,31.9528, 826.5, 1756, 17.5, 10.8, 10.8, 65, 65, 9.89,166, 7.1
2026-05-25 11:06:41,-102.1906,31.9529, 825.9, 1762, 17.5, 10.8, 10.8, 65, 65, 9.89,165, 7.0
2026-05-25 11:06:42,-102.1906,31.9530, 825.4, 1768, 17.4, 10.8, 10.8, 65, 65, 9.88,165, 7.0
2026-05-25 11:06:43,-102.1906,31.9530, 824.8, 1774, 17.4, 10.7, 10.7, 65, 65, 9.87,164, 7.0
2026-05-25 11:06:44,-102.1907,31.9531, 824.3, 1780, 17.3, 10.7, 10.7, 65, 65, 9.86,163, 6.9
2026-05-25 11:06:45,-102.1907,31.9531, 823.7, 1786, 17.3, 10.7, 10.7, 65, 65, 9.85,163, 6.9
2026-05-25 11:06:46,-102.1907,31.9532, 823.1, 1792, 17.2, 10.7, 10.7, 65, 65, 9.85,162, 6.8
2026-05-25 11:06:47,-102.1907,31.9533, 822.4, 1800, 17.2, 10.6, 10.6, 65, 65, 9.84,161, 6.8
2026-05-25 11:06:48,-102.1908,31.9533, 821.9, 1805, 17.1, 10.6, 10.6, 66, 66, 9.83,161, 6.8
2026-05-25 11:06:49,-102.1908,31.9534, 821.3, 1811, 17.1, 10.6, 10.6, 66, 66, 9.82,160, 6.8
2026-05-25 11:06:50,-102.1908,31.9534, 820.7, 1817, 17.0, 10.6, 10.6, 66, 66, 9.81,159, 6.7
2026-05-25 11:06:51,-102.1909,31.9535, 820.2, 1823, 17.0, 10.6, 10.6, 66, 66, 9.80,159, 6.7
2026-05-25 11:06:52,-102.1909,31.9535, 819.4, 1831, 16.9, 10.5, 10.5, 66, 66, 9.79,158, 6.7
2026-05-25 11:06:53,-102.1909,31.9536, 819.0, 1835, 16.9, 10.5, 10.5, 66, 66, 9.76,157, 6.6
2026-05-25 11:06:54,-102.1909,31.9537, 818.4, 1841, 16.8, 10.4, 10.4, 66, 66, 9.70,157, 6.6
2026-05-25 11:06:55,-102.1910,31.9537, 817.8, 1847, 16.8, 10.3, 10.3, 66, 66, 9.67,156, 6.6
2026-05-25 11:06:56,-102.1910,31.9537, 817.2, 1854, 16.7, 10.2, 10.2, 65, 65, 9.63,156, 6.5
2026-05-25 11:06:57,-102.1910,31.9538, 816.7, 1860, 16.7, 10.2, 10.2, 65, 65, 9.58,156, 6.5
2026-05-25 11:06:58,-102.1911,31.9538, 816.1, 1866, 16.7, 10.1, 10.1, 65, 65, 9.54,155, 6.5
2026-05-25 11:06:59,-102.1911,31.9539, 815.5, 1872, 16.6, 10.0, 10.0, 65, 65, 9.50,155, 6.5
2026-05-25 11:07:00,-102.1911,31.9539, 814.9, 1877, 16.6,  9.9,  9.9, 65, 65, 9.46,154, 6.4
2026-05-25 11:07:01,-102.1912,31.9540, 814.4, 1883, 16.5,  9.9,  9.9, 65, 65, 9.41,154, 6.4
2026-05-25 11:07:02,-102.1912,31.9540, 813.8, 1889, 16.5,  9.8,  9.8, 65, 65, 9.38,153, 6.4
2026-05-25 11:07:03,-102.1912,31.9541, 813.3, 1895, 16.5,  9.7,  9.7, 64, 64, 9.33,153, 6.3
2026-05-25 11:07:04,-102.1913,31.9541, 812.7, 1901, 16.4,  9.6,  9.6, 64, 64, 9.29,152, 6.3
2026-05-25 11:07:05,-102.1913,31.9541, 812.2, 1906, 16.4,  9.6,  9.6, 64, 64, 9.25,152, 6.3
2026-05-25 11:07:06,-102.1913,31.9542, 811.7, 1912, 16.3,  9.4,  9.4, 64, 64, 9.19,151, 6.3
2026-05-25 11:07:07,-102.1914,31.9542, 811.1, 1917, 16.3,  9.2,  9.2, 63, 63, 9.04,151, 6.2
2026-05-25 11:07:08,-102.1914,31.9543, 810.6, 1923, 16.3,  9.0,  9.0, 62, 62, 8.90,150, 6.2
2026-05-25 11:07:09,-102.1915,31.9543, 810.0, 1929, 16.3,  8.7,  8.7, 61, 61, 8.78,150, 6.2
2026-05-25 11:07:10,-102.1915,31.9544, 809.4, 1935, 16.3,  8.5,  8.5, 60, 60, 8.65,149, 6.2
2026-05-25 11:07:11,-102.1915,31.9544, 808.9, 1941, 16.2,  8.3,  8.3, 59, 59, 8.52,149, 6.1
2026-05-25 11:07:12,-102.1916,31.9545, 808.3, 1947, 16.2,  8.1,  8.1, 58, 58, 8.39,148, 6.1
2026-05-25 11:07:13,-102.1916,31.9545, 807.7, 1953, 16.2,  7.8,  7.8, 58, 58, 8.27,148, 6.1
2026-05-25 11:07:14,-102.1916,31.9545, 807.2, 1959, 16.2,  7.6,  7.6, 57, 57, 8.14,147, 6.0
2026-05-25 11:07:15,-102.1917,31.9546, 806.6, 1965, 16.2,  7.4,  7.4, 56, 56, 8.01,147, 6.0
2026-05-25 11:07:16,-102.1917,31.9546, 806.0, 1971, 16.2,  7.1,  7.1, 55, 55, 7.88,147, 6.0
2026-05-25 11:07:17,-102.1917,31.9547, 805.5, 1977, 16.2,  6.9,  6.9, 54, 54, 7.75,147, 5.9
2026-05-25 11:07:18,-102.1918,31.9547, 804.9, 1983, 16.2,  6.6,  6.6, 53, 53, 7.62,146, 5.9
2026-05-25 11:07:19,-102.1918,31.9548, 804.3, 1989, 16.2,  6.4,  6.4, 52, 52, 7.50,146, 5.9
2026-05-25 11:07:20,-102.1918,31.9548, 803.8, 1995, 16.1,  6.1,  6.1, 51, 51, 7.38,146, 5.8
2026-05-25 11:07:21,-102.1919,31.9549, 803.2, 2001, 16.1,  5.9,  5.9, 51, 51, 7.26,145, 5.8
2026-05-25 11:07:22,-102.1919,31.9549, 802.6, 2007, 16.1,  5.6,  5.6, 50, 50, 7.14,145, 5.7
2026-05-25 11:07:23,-102.1920,31.9549, 802.1, 2013, 16.1,  5.4,  5.4, 49, 49, 7.02,145, 5.7
2026-05-25 11:07:24,-102.1920,31.9550, 801.5, 2019, 16.1,  5.1,  5.1, 48, 48, 6.90,144, 5.7
2026-05-25 11:07:25,-102.1920,31.9550, 800.9, 2025, 16.1,  4.9,  4.9, 47, 47, 6.78,144, 5.6
2026-05-25 11:07:26,-102.1921,31.9550, 800.4, 2031, 16.1,  4.6,  4.6, 47, 47, 6.66,144, 5.6
2026-05-25 11:07:27,-102.1921,31.9551, 799.8, 2037, 16.0,  4.3,  4.3, 46, 46, 6.54,143, 5.6
2026-05-25 11:07:28,-102.1922,31.9551, 799.3, 2043, 16.0,  4.1,  4.1, 45, 45, 6.42,143, 5.5
2026-05-25 11:07:29,-102.1922,31.9551, 798.8, 2048, 16.0,  3.8,  3.8, 44, 44, 6.30,143, 5.5
2026-05-25 11:07:30,-102.1923,31.9552, 798.2, 2054, 16.0,  3.5,  3.5, 43, 43, 6.18,142, 5.5
2026-05-25 11:07:31,-102.1923,31.9552, 797.7, 2060, 16.0,  3.2,  3.2, 42, 42, 6.06,142, 5.4
2026-05-25 11:07:32,-102.1923,31.9552, 797.1, 2066, 16.0,  2.9,  2.9, 42, 42, 5.94,142, 5.4
2026-05-25 11:07:33,-102.1924,31.9553, 796.6, 2071, 16.0,  2.7,  2.7, 41, 41, 5.86,141, 5.4
2026-05-25 11:07:34,-102.1924,31.9553, 796.0, 2077, 15.9,  2.7,  2.7, 41, 41, 5.85,141, 5.4
2026-05-25 11:07:35,-102.1925,31.9553, 795.5, 2083, 15.9,  2.6,  2.6, 41, 41, 5.83,140, 5.4
2026-05-25 11:07:36,-102.1925,31.9554, 794.9, 2089, 15.9,  2.6,  2.6, 41, 41, 5.81,139, 5.4
2026-05-25 11:07:37,-102.1925,31.9554, 794.4, 2095, 15.8,  2.5,  2.5, 41, 41, 5.79,139, 5.4
2026-05-25 11:07:38,-102.1926,31.9554, 793.9, 2100, 15.8,  2.5,  2.5, 41, 41, 5.77,138, 5.4
2026-05-25 11:07:39,-102.1926,31.9555, 793.3, 2107, 15.8,  2.4,  2.4, 41, 41, 5.75,138, 5.4
2026-05-25 11:07:40,-102.1927,31.9555, 792.7, 2112, 15.7,  2.4,  2.4, 41, 41, 5.73,137, 5.4
2026-05-25 11:07:41,-102.1927,31.9555, 792.2, 2118, 15.7,  2.3,  2.3, 40, 40, 5.71,137, 5.4
2026-05-25 11:07:42,-102.1928,31.9556, 791.7, 2124, 15.7,  2.2,  2.2, 40, 40, 5.68,136, 5.4
2026-05-25 11:07:43,-102.1928,31.9556, 791.1, 2130, 15.6,  2.2,  2.2, 40, 40, 5.66,136, 5.4
2026-05-25 11:07:44,-102.1928,31.9556, 790.6, 2135, 15.6,  2.1,  2.1, 40, 40, 5.64,135, 5.4
2026-05-25 11:07:45,-102.1929,31.9557, 790.1, 2141, 15.6,  2.1,  2.1, 40, 40, 5.62,135, 5.4
2026-05-25 11:07:46,-102.1929,31.9557, 789.6, 2147, 15.5,  2.0,  2.0, 40, 40, 5.60,134, 5.5
2026-05-25 11:07:47,-102.1930,31.9557, 789.1, 2152, 15.5,  2.1,  2.1, 40, 40, 5.64,133, 5.5
2026-05-25 11:07:48,-102.1930,31.9558, 788.6, 2157, 15.5,  2.2,  2.2, 41, 41, 5.67,133, 5.5
2026-05-25 11:07:49,-102.1931,31.9558, 788.1, 2162, 15.4,  2.2,  2.2, 41, 41, 5.71,132, 5.5
2026-05-25 11:07:50,-102.1931,31.9558, 787.5, 2168, 15.4,  2.3,  2.3, 41, 41, 5.74,132, 5.5
2026-05-25 11:07:51,-102.1931,31.9559, 787.0, 2174, 15.3,  2.4,  2.4, 42, 42, 5.78,131, 5.5
2026-05-25 11:07:52,-102.1932,31.9559, 786.5, 2179, 15.3,  2.4,  2.4, 42, 42, 5.81,131, 5.5
2026-05-25 11:07:53,-102.1932,31.9559, 786.0, 2185, 15.2,  2.5,  2.5, 42, 42, 5.84,130, 5.5
2026-05-25 11:07:54,-102.1933,31.9559, 785.5, 2190, 15.2,  2.6,  2.6, 43, 43, 5.88,130, 5.5
2026-05-25 11:07:55,-102.1933,31.9560, 785.0, 2196, 15.1,  2.7,  2.7, 43, 43, 5.91,130, 5.5
2026-05-25 11:07:56,-102.1934,31.9560, 784.4, 2202, 15.1,  2.7,  2.7, 43, 43, 5.94,129, 5.4
2026-05-25 11:07:57,-102.1934,31.9560, 783.9, 2208, 15.0,  2.8,  2.8, 44, 44, 5.97,129, 5.4
2026-05-25 11:07:58,-102.1934,31.9560, 783.3, 2214, 15.0,  2.9,  2.9, 44, 44, 6.01,128, 5.4
2026-05-25 11:07:59,-102.1935,31.9560, 782.7, 2220, 14.9,  2.9,  2.9, 44, 44, 6.04,128, 5.4
2026-05-25 11:08:00,-102.1935,31.9561, 782.2, 2226, 14.9,  3.0,  3.0, 45, 45, 6.09,128, 5.4
2026-05-25 11:08:01,-102.1936,31.9561, 781.6, 2232, 14.8,  3.1,  3.1, 45, 45, 6.14,127, 5.4
2026-05-25 11:08:02,-102.1936,31.9561, 781.1, 2238, 14.8,  3.2,  3.2, 46, 46, 6.19,127, 5.4
2026-05-25 11:08:03,-102.1937,31.9561, 780.5, 2245, 14.8,  3.3,  3.3, 46, 46, 6.24,126, 5.4
2026-05-25 11:08:04,-102.1937,31.9561, 779.9, 2251, 14.7,  3.5,  3.5, 47, 47, 6.30,126, 5.3
2026-05-25 11:08:05,-102.1938,31.9562, 779.3, 2258, 14.7,  3.6,  3.6, 47, 47, 6.35,126, 5.3
2026-05-25 11:08:06,-102.1938,31.9562, 778.7, 2264, 14.6,  3.7,  3.7, 48, 48, 6.40,125, 5.3
2026-05-25 11:08:07,-102.1939,31.9562, 778.1, 2270, 14.6,  3.8,  3.8, 48, 48, 6.46,125, 5.3
2026-05-25 11:08:08,-102.1939,31.9562, 777.6, 2276, 14.5,  3.9,  3.9, 49, 49, 6.51,124, 5.3
2026-05-25 11:08:09,-102.1939,31.9563, 777.1, 2281, 14.5,  4.0,  4.0, 49, 49, 6.56,124, 5.3
2026-05-25 11:08:10,-102.1940,31.9563, 776.6, 2287, 14.4,  4.1,  4.1, 50, 50, 6.61,123, 5.3
2026-05-25 11:08:11,-102.1940,31.9563, 776.1, 2292, 14.4,  4.2,  4.2, 50, 50, 6.66,123, 5.3
2026-05-25 11:08:12,-102.1941,31.9563, 775.5, 2298, 14.3,  4.3,  4.3, 51, 51, 6.71,123, 5.3
2026-05-25 11:08:13,-102.1941,31.9563, 775.1, 2303, 14.3,  4.4,  4.4, 51, 51, 6.76,122, 5.2
2026-05-25 11:08:14,-102.1942,31.9564, 774.5, 2309, 14.2,  4.3,  4.3, 51, 51, 6.74,121, 5.1
2026-05-25 11:08:15,-102.1942,31.9564, 774.0, 2315, 14.2,  4.3,  4.3, 51, 51, 6.72,121, 5.1
2026-05-25 11:08:16,-102.1943,31.9564, 773.4, 2321, 14.2,  4.2,  4.2, 51, 51, 6.70,120, 5.0
2026-05-25 11:08:17,-102.1943,31.9564, 772.9, 2327, 14.1,  4.2,  4.2, 51, 51, 6.69,119, 4.9
2026-05-25 11:08:18,-102.1944,31.9564, 772.4, 2332, 14.1,  4.1,  4.1, 51, 51, 6.68,118, 4.9
2026-05-25 11:08:19,-102.1944,31.9565, 771.9, 2338, 14.1,  4.1,  4.1, 51, 51, 6.66,117, 4.8
2026-05-25 11:08:20,-102.1944,31.9565, 771.3, 2344, 14.0,  4.0,  4.0, 51, 51, 6.64,117, 4.8
2026-05-25 11:08:21,-102.1945,31.9565, 770.7, 2351, 14.0,  4.0,  4.0, 51, 51, 6.63,116, 4.7
2026-05-25 11:08:22,-102.1945,31.9565, 770.1, 2357, 14.0,  4.0,  4.0, 51, 51, 6.61,115, 4.7
2026-05-25 11:08:23,-102.1946,31.9565, 769.5, 2363, 14.0,  3.9,  3.9, 51, 51, 6.60,114, 4.6
2026-05-25 11:08:24,-102.1946,31.9565, 769.0, 2370, 13.9,  3.9,  3.9, 51, 51, 6.58,113, 4.6
2026-05-25 11:08:25,-102.1947,31.9565, 768.4, 2376, 13.9,  3.8,  3.8, 51, 51, 6.57,112, 4.5
2026-05-25 11:08:26,-102.1947,31.9565, 767.8, 2382, 13.9,  3.8,  3.8, 51, 51, 6.55,111, 4.4
2026-05-25 11:08:27,-102.1947,31.9565, 767.3, 2389, 13.9,  3.5,  3.5, 50, 50, 6.44,110, 4.3
2026-05-25 11:08:28,-102.1948,31.9565, 766.8, 2394, 13.9,  3.3,  3.3, 49, 49, 6.32,109, 4.3
2026-05-25 11:08:29,-102.1948,31.9565, 766.2, 2400, 13.9,  2.9,  2.9, 48, 48, 6.18,108, 4.2
2026-05-25 11:08:30,-102.1949,31.9565, 765.7, 2406, 13.9,  2.6,  2.6, 46, 46, 6.04,107, 4.2
2026-05-25 11:08:31,-102.1949,31.9565, 765.1, 2412, 14.0,  2.3,  2.3, 45, 45, 5.91,106, 4.2
2026-05-25 11:08:32,-102.1950,31.9566, 764.5, 2419, 14.0,  1.9,  1.9, 44, 44, 5.77,105, 4.1
2026-05-25 11:08:33,-102.1950,31.9566, 763.9, 2426, 14.0,  1.6,  1.6, 43, 43, 5.63,105, 4.1
2026-05-25 11:08:34,-102.1950,31.9566, 763.3, 2432, 14.0,  1.2,  1.2, 42, 42, 5.49,104, 4.1
2026-05-25 11:08:35,-102.1951,31.9566, 762.7, 2439, 14.1,  0.9,  0.9, 41, 41, 5.35,104, 4.1
2026-05-25 11:08:36,-102.1951,31.9566, 762.2, 2446, 14.1,  0.5,  0.5, 39, 39, 5.21,103, 4.1
2026-05-25 11:08:37,-102.1952,31.9566, 761.6, 2452, 14.1,  0.1,  0.1, 38, 38, 5.07,103, 4.1
2026-05-25 11:08:38,-102.1952,31.9566, 761.1, 2457, 14.1, -0.3, -0.3, 37, 37, 4.93,102, 4.1
2026-05-25 11:08:39,-102.1953,31.9566, 760.6, 2462, 14.2, -0.7, -0.6, 36, 36, 4.78,102, 4.1
2026-05-25 11:08:40,-102.1953,31.9566, 760.1, 2468, 14.2, -1.0, -0.9, 35, 35, 4.67,101, 4.1
2026-05-25 11:08:41,-102.1953,31.9566, 759.8, 2470, 14.2, -1.0, -0.9, 35, 35, 4.69,101, 4.1
2026-05-25 11:08:42,-102.1954,31.9566, 759.1, 2478, 14.2, -0.9, -0.8, 36, 36, 4.73,100, 4.1
2026-05-25 11:08:43,-102.1954,31.9566, 758.6, 2484, 14.1, -0.8, -0.7, 36, 36, 4.76,100, 4.0
2026-05-25 11:08:44,-102.1955,31.9566, 758.1, 2490, 14.1, -0.7, -0.7, 36, 36, 4.78, 99, 4.0
2026-05-25 11:08:45,-102.1955,31.9566, 757.6, 2495, 14.1, -0.7, -0.6, 36, 36, 4.81, 99, 4.0
2026-05-25 11:08:46,-102.1956,31.9566, 757.1, 2501, 14.0, -0.6, -0.5, 37, 37, 4.84, 98, 4.0
2026-05-25 11:08:47,-102.1956,31.9566, 756.5, 2506, 14.0, -0.5, -0.5, 37, 37, 4.86, 98, 4.0
2026-05-25 11:08:48,-102.1956,31.9566, 756.0, 2512, 13.9, -0.5, -0.4, 37, 37, 4.89, 97, 4.0
2026-05-25 11:08:49,-102.1957,31.9566, 755.5, 2519, 13.9, -0.4, -0.4, 37, 37, 4.92, 97, 4.0
2026-05-25 11:08:50,-102.1957,31.9566, 754.9, 2525, 13.9, -0.4, -0.3, 38, 38, 4.94, 96, 4.0
2026-05-25 11:08:51,-102.1958,31.9566, 754.4, 2532, 13.8, -0.3, -0.3, 38, 38, 4.97, 96, 4.0
2026-05-25 11:08:52,-102.1958,31.9566, 753.8, 2538, 13.8, -0.2, -0.2, 38, 38, 4.99, 95, 4.0
2026-05-25 11:08:53,-102.1959,31.9566, 753.2, 2545, 13.8, -0.2, -0.2, 38, 38, 5.02, 94, 4.1
2026-05-25 11:08:54,-102.1959,31.9566, 752.7, 2551, 13.7, -0.1, -0.1, 39, 39, 5.03, 93, 4.1
2026-05-25 11:08:55,-102.1960,31.9566, 752.1, 2557, 13.7, -0.1, -0.1, 39, 39, 5.04, 92, 4.2
2026-05-25 11:08:56,-102.1960,31.9566, 751.6, 2563, 13.7, -0.1, -0.1, 39, 39, 5.05, 91, 4.2
2026-05-25 11:08:57,-102.1961,31.9566, 751.0, 2569, 13.6, -0.1, -0.1, 39, 39, 5.05, 90, 4.3
2026-05-25 11:08:58,-102.1961,31.9565, 750.5, 2575, 13.6, -0.1, -0.1, 39, 39, 5.06, 89, 4.4
2026-05-25 11:08:59,-102.1962,31.9565, 750.0, 2581, 13.6, -0.1, -0.1, 39, 39, 5.07, 88, 4.5
2026-05-25 11:09:00,-102.1962,31.9565, 749.4, 2587, 13.5, -0.1, -0.1, 39, 39, 5.08, 87, 4.5
2026-05-25 11:09:01,-102.1963,31.9565, 748.9, 2593, 13.5, -0.1, -0.1, 39, 39, 5.09, 86, 4.6
2026-05-25 11:09:02,-102.1964,31.9565, 748.4, 2599, 13.5, -0.1, -0.1, 39, 39, 5.10, 86, 4.7
2026-05-25 11:09:03,-102.1964,31.9565, 747.9, 2605, 13.4, -0.0, -0.1, 40, 40, 5.10, 85, 4.7
2026-05-25 11:09:04,-102.1965,31.9565, 747.3, 2611, 13.4, -0.0, -0.0, 40, 40, 5.11, 84, 4.7
2026-05-25 11:09:05,-102.1965,31.9565, 746.8, 2616, 13.4, -0.0, -0.0, 40, 40, 5.12, 83, 4.8
2026-05-25 11:09:06,-102.1966,31.9564, 746.3, 2622, 13.3, -0.0, -0.0, 40, 40, 5.12, 82, 4.9
2026-05-25 11:09:07,-102.1966,31.9564, 745.7, 2628, 13.3, -0.0, -0.0, 40, 40, 5.13, 82, 5.0
2026-05-25 11:09:08,-102.1967,31.9564, 745.2, 2634, 13.3,  0.0,  0.0, 40, 40, 5.14, 81, 5.0
2026-05-25 11:09:09,-102.1968,31.9564, 744.7, 2640, 13.2,  0.0,  0.0, 40, 40, 5.14, 80, 5.1
2026-05-25 11:09:10,-102.1968,31.9564, 744.2, 2646, 13.2,  0.0,  0.0, 40, 40, 5.15, 80, 5.2
2026-05-25 11:09:11,-102.1969,31.9564, 743.7, 2652, 13.1,  0.0,  0.0, 41, 41, 5.15, 79, 5.2
2026-05-25 11:09:12,-102.1969,31.9564, 743.2, 2657, 13.1,  0.0,  0.0, 41, 41, 5.16, 78, 5.3
2026-05-25 11:09:13,-102.1970,31.9563, 742.7, 2662, 13.0,  0.0,  0.0, 41, 41, 5.16, 78, 5.3
2026-05-25 11:09:14,-102.1970,31.9563, 742.2, 2668, 13.0,  0.0,  0.0, 41, 41, 5.16, 77, 5.4
2026-05-25 11:09:15,-102.1971,31.9563, 741.7, 2673, 12.9,  0.0,  0.0, 41, 41, 5.17, 77, 5.4
2026-05-25 11:09:16,-102.1972,31.9563, 741.2, 2679, 12.9,  0.0,  0.0, 41, 41, 5.18, 76, 5.5
2026-05-25 11:09:17,-102.1972,31.9563, 740.6, 2685, 12.8,  0.0,  0.0, 41, 41, 5.18, 76, 5.5
2026-05-25 11:09:18,-102.1973,31.9563, 740.1, 2692, 12.8,  0.0,  0.0, 41, 41, 5.18, 75, 5.5
2026-05-25 11:09:19,-102.1973,31.9563, 739.6, 2698, 12.7,  0.0,  0.0, 42, 42, 5.19, 75, 5.6
2026-05-25 11:09:20,-102.1974,31.9563, 738.9, 2706, 12.7,  0.0,  0.0, 42, 42, 5.19, 74, 5.6
2026-05-25 11:09:21,-102.1974,31.9562, 738.5, 2711, 12.7, -0.0, -0.0, 42, 42, 5.18, 74, 5.7
2026-05-25 11:09:22,-102.1975,31.9562, 737.9, 2717, 12.6, -0.1, -0.1, 42, 42, 5.17, 73, 5.7
2026-05-25 11:09:23,-102.1975,31.9562, 737.4, 2723, 12.6, -0.1, -0.1, 42, 42, 5.16, 73, 5.7
2026-05-25 11:09:24,-102.1976,31.9562, 736.8, 2729, 12.5, -0.1, -0.1, 42, 42, 5.14, 72, 5.8
2026-05-25 11:09:25,-102.1977,31.9562, 736.3, 2736, 12.5, -0.2, -0.2, 42, 42, 5.13, 72, 5.8
2026-05-25 11:09:26,-102.1977,31.9561, 735.8, 2742, 12.5, -0.2, -0.2, 42, 42, 5.12, 71, 5.9
2026-05-25 11:09:27,-102.1978,31.9561, 735.3, 2748, 12.4, -0.3, -0.3, 42, 42, 5.10, 71, 5.9
2026-05-25 11:09:28,-102.1979,31.9561, 734.7, 2753, 12.4, -0.3, -0.3, 42, 42, 5.09, 70, 5.9
2026-05-25 11:09:29,-102.1979,31.9560, 734.2, 2759, 12.3, -0.4, -0.3, 42, 42, 5.08, 70, 6.0
2026-05-25 11:09:30,-102.1980,31.9560, 733.7, 2765, 12.3, -0.4, -0.4, 41, 41, 5.07, 70, 6.0
2026-05-25 11:09:31,-102.1981,31.9560, 733.2, 2771, 12.3, -0.4, -0.4, 41, 41, 5.05, 69, 6.1
2026-05-25 11:09:32,-102.1981,31.9559, 732.7, 2776, 12.2, -0.5, -0.4, 41, 41, 5.04, 69, 6.1
2026-05-25 11:09:33,-102.1982,31.9559, 732.2, 2782, 12.2, -0.5, -0.5, 41, 41, 5.03, 68, 6.2
2026-05-25 11:09:34,-102.1983,31.9559, 731.6, 2788, 12.2, -0.6, -0.5, 41, 41, 5.02, 68, 6.2
2026-05-25 11:09:35,-102.1983,31.9559, 731.1, 2795, 12.1, -0.6, -0.6, 41, 41, 5.00, 67, 6.3
2026-05-25 11:09:36,-102.1984,31.9558, 730.6, 2801, 12.1, -0.7, -0.6, 41, 41, 4.98, 67, 6.4
2026-05-25 11:09:37,-102.1985,31.9558, 730.0, 2807, 12.0, -0.8, -0.7, 41, 41, 4.97, 66, 6.4
2026-05-25 11:09:38,-102.1985,31.9558, 729.5, 2813, 12.0, -0.8, -0.7, 41, 41, 4.95, 66, 6.5
2026-05-25 11:09:39,-102.1986,31.9557, 729.0, 2819, 11.9, -0.9, -0.8, 41, 41, 4.93, 66, 6.5
2026-05-25 11:09:40,-102.1987,31.9557, 728.6, 2824, 11.9, -0.9, -0.8, 41, 41, 4.91, 65, 6.6
2026-05-25 11:09:41,-102.1987,31.9557, 728.1, 2830, 11.9, -1.0, -0.9, 41, 41, 4.89, 65, 6.6
2026-05-25 11:09:42,-102.1988,31.9556, 727.6, 2835, 11.8, -1.0, -0.9, 41, 41, 4.87, 64, 6.7
2026-05-25 11:09:43,-102.1989,31.9556, 727.1, 2841, 11.8, -1.1, -1.0, 41, 41, 4.86, 64, 6.8
2026-05-25 11:09:44,-102.1989,31.9556, 726.6, 2846, 11.7, -1.2, -1.0, 41, 41, 4.84, 64, 6.8
2026-05-25 11:09:45,-102.1990,31.9555, 726.1, 2852, 11.7, -1.2, -1.1, 41, 41, 4.82, 63, 6.9
2026-05-25 11:09:46,-102.1991,31.9555, 725.6, 2858, 11.6, -1.3, -1.1, 41, 41, 4.80, 63, 7.0
2026-05-25 11:09:47,-102.1991,31.9555, 725.1, 2864, 11.6, -1.3, -1.2, 41, 41, 4.79, 62, 7.0
2026-05-25 11:09:48,-102.1992,31.9554, 724.6, 2869, 11.5, -1.4, -1.2, 41, 41, 4.77, 62, 7.1
2026-05-25 11:09:49,-102.1992,31.9554, 724.1, 2875, 11.5, -1.4, -1.3, 41, 41, 4.76, 62, 7.1
2026-05-25 11:09:50,-102.1993,31.9554, 723.6, 2881, 11.4, -1.5, -1.3, 41, 41, 4.74, 61, 7.2
2026-05-25 11:09:51,-102.1994,31.9553, 723.1, 2887, 11.4, -1.5, -1.4, 41, 41, 4.73, 61, 7.3
2026-05-25 11:09:52,-102.1994,31.9553, 722.6, 2893, 11.3, -1.6, -1.4, 41, 41, 4.72, 61, 7.3
2026-05-25 11:09:53,-102.1995,31.9553, 722.1, 2899, 11.3, -1.6, -1.5, 41, 41, 4.70, 60, 7.4
2026-05-25 11:09:54,-102.1996,31.9553, 721.6, 2905, 11.2, -1.7, -1.5, 41, 41, 4.69, 60, 7.4
2026-05-25 11:09:55,-102.1996,31.9552, 721.1, 2910, 11.2, -1.7, -1.5, 40, 40, 4.67, 59, 7.4
2026-05-25 11:09:56,-102.1997,31.9552, 720.5, 2917, 11.1, -1.8, -1.6, 40, 40, 4.66, 59, 7.5
2026-05-25 11:09:57,-102.1998,31.9551, 720.0, 2923, 11.1, -1.8, -1.6, 40, 40, 4.65, 59, 7.5
2026-05-25 11:09:58,-102.1999,31.9551, 719.5, 2929, 11.0, -1.9, -1.7, 40, 40, 4.63, 58, 7.5
2026-05-25 11:09:59,-102.1999,31.9550, 719.0, 2935, 11.0, -1.9, -1.7, 40, 40, 4.62, 58, 7.6
2026-05-25 11:10:00,-102.2000,31.9550, 718.5, 2941, 10.9, -2.0, -1.8, 40, 40, 4.60, 57, 7.6
2026-05-25 11:10:01,-102.2001,31.9549, 717.9, 2947, 10.9, -2.0, -1.8, 40, 40, 4.59, 57, 7.6
2026-05-25 11:10:02,-102.2001,31.9549, 717.4, 2952, 10.8, -2.1, -1.9, 40, 40, 4.57, 57, 7.7
2026-05-25 11:10:03,-102.2002,31.9548, 716.9, 2958, 10.8, -2.2, -1.9, 40, 40, 4.55, 56, 7.7
2026-05-25 11:10:04,-102.2003,31.9548, 716.4, 2964, 10.8, -2.2, -2.0, 40, 40, 4.53, 56, 7.7
2026-05-25 11:10:05,-102.2003,31.9548, 715.9, 2970, 10.7, -2.3, -2.0, 40, 40, 4.52, 56, 7.8
2026-05-25 11:10:06,-102.2004,31.9547, 715.4, 2976, 10.7, -2.4, -2.1, 40, 40, 4.49, 55, 7.8
2026-05-25 11:10:07,-102.2005,31.9547, 714.9, 2982, 10.6, -2.4, -2.2, 40, 40, 4.48, 55, 7.9
2026-05-25 11:10:08,-102.2006,31.9546, 714.4, 2988, 10.6, -2.5, -2.2, 40, 40, 4.46, 54, 7.9
2026-05-25 11:10:09,-102.2006,31.9546, 713.9, 2994, 10.6, -2.6, -2.3, 40, 40, 4.44, 54, 7.9
2026-05-25 11:10:10,-102.2007,31.9545, 713.3, 3000, 10.5, -2.6, -2.3, 40, 40, 4.42, 54, 8.0
2026-05-25 11:10:11,-102.2008,31.9545, 712.8, 3006, 10.5, -2.7, -2.4, 40, 40, 4.41, 53, 8.0
2026-05-25 11:10:12,-102.2008,31.9544, 712.3, 3012, 10.4, -2.7, -2.4, 40, 40, 4.39, 53, 8.0
2026-05-25 11:10:13,-102.2009,31.9544, 711.8, 3018, 10.4, -2.8, -2.5, 39, 39, 4.37, 53, 8.1
2026-05-25 11:10:14,-102.2010,31.9543, 711.3, 3025, 10.4, -2.9, -2.5, 39, 39, 4.36, 53, 8.1
2026-05-25 11:10:15,-102.2010,31.9543, 710.7, 3031, 10.3, -2.9, -2.6, 39, 39, 4.34, 53, 8.1
2026-05-25 11:10:16,-102.2011,31.9543, 710.2, 3037, 10.3, -3.0, -2.6, 39, 39, 4.33, 53, 8.1
2026-05-25 11:10:17,-102.2012,31.9542, 709.7, 3043, 10.2, -3.0, -2.7, 39, 39, 4.32, 53, 8.1
2026-05-25 11:10:18,-102.2012,31.9542, 709.2, 3049, 10.2, -3.1, -2.7, 39, 39, 4.30, 53, 8.1
2026-05-25 11:10:19,-102.2013,31.9541, 708.7, 3055, 10.2, -3.1, -2.8, 39, 39, 4.29, 53, 8.1
2026-05-25 11:10:20,-102.2014,31.9541, 708.2, 3060, 10.1, -3.2, -2.8, 39, 39, 4.27, 52, 8.1
2026-05-25 11:10:21,-102.2015,31.9540, 707.7, 3066, 10.1, -3.2, -2.9, 39, 39, 4.26, 52, 8.1
2026-05-25 11:10:22,-102.2015,31.9540, 707.2, 3071, 10.0, -3.3, -2.9, 39, 39, 4.25, 52, 8.2
2026-05-25 11:10:23,-102.2016,31.9539, 706.7, 3077, 10.0, -3.3, -3.0, 39, 39, 4.23, 52, 8.2
2026-05-25 11:10:24,-102.2017,31.9539, 706.2, 3083, 10.0, -3.4, -3.0, 39, 39, 4.22, 52, 8.2
2026-05-25 11:10:25,-102.2017,31.9539, 705.7, 3089,  9.9, -3.4, -3.0, 39, 39, 4.21, 52, 8.2
2026-05-25 11:10:26,-102.2018,31.9538, 705.2, 3096,  9.9, -3.5, -3.1, 39, 39, 4.19, 52, 8.2
2026-05-25 11:10:27,-102.2018,31.9538, 704.4, 3104,  9.8, -3.6, -3.2, 39, 39, 4.18, 52, 8.2
2026-05-25 11:10:28,-102.2019,31.9537, 704.1, 3108,  9.8, -3.6, -3.2, 39, 39, 4.17, 52, 8.2
2026-05-25 11:10:29,-102.2019,31.9537, 703.6, 3114,  9.7, -3.6, -3.2, 39, 39, 4.17, 52, 8.2
2026-05-25 11:10:30,-102.2020,31.9536, 703.0, 3121,  9.7, -3.6, -3.2, 39, 39, 4.17, 52, 8.3
2026-05-25 11:10:31,-102.2020,31.9536, 702.5, 3127,  9.6, -3.6, -3.2, 39, 39, 4.16, 52, 8.3
2026-05-25 11:10:32,-102.2021,31.9536, 702.0, 3134,  9.6, -3.7, -3.3, 39, 39, 4.16, 52, 8.3
2026-05-25 11:10:33,-102.2022,31.9535, 701.4, 3141,  9.6, -3.7, -3.3, 39, 39, 4.15, 51, 8.2
2026-05-25 11:10:34,-102.2022,31.9535, 700.9, 3147,  9.5, -3.7, -3.3, 39, 39, 4.15, 51, 8.1
2026-05-25 11:10:35,-102.2023,31.9534, 700.4, 3153,  9.5, -3.8, -3.3, 39, 39, 4.14, 51, 8.0
2026-05-25 11:10:36,-102.2023,31.9534, 700.0, 3157,  9.4, -3.8, -3.3, 39, 39, 4.14, 51, 8.0
2026-05-25 11:10:37,-102.2024,31.9533, 699.3, 3165,  9.4, -3.8, -3.4, 39, 39, 4.13, 50, 7.9
2026-05-25 11:10:38,-102.2024,31.9533, 698.9, 3171,  9.3, -3.8, -3.4, 39, 39, 4.12, 50, 7.8
2026-05-25 11:10:39,-102.2025,31.9533, 698.5, 3176,  9.3, -3.8, -3.4, 39, 39, 4.12, 50, 7.7
2026-05-25 11:10:40,-102.2025,31.9532, 698.0, 3182,  9.2, -3.9, -3.4, 39, 39, 4.11, 50, 7.6
2026-05-25 11:10:41,-102.2026,31.9532, 697.6, 3187,  9.2, -3.9, -3.5, 39, 39, 4.10, 49, 7.5
2026-05-25 11:10:42,-102.2027,31.9531, 697.1, 3192,  9.1, -4.0, -3.5, 39, 39, 4.08, 49, 7.5
2026-05-25 11:10:43,-102.2027,31.9531, 696.7, 3196,  9.1, -4.1, -3.6, 39, 39, 4.06, 49, 7.4
2026-05-25 11:10:44,-102.2028,31.9530, 696.3, 3201,  9.0, -4.2, -3.7, 39, 39, 4.04, 48, 7.3
2026-05-25 11:10:45,-102.2028,31.9530, 695.8, 3206,  9.0, -4.2, -3.8, 39, 39, 4.02, 48, 7.2
2026-05-25 11:10:46,-102.2029,31.9530, 695.4, 3211,  8.9, -4.3, -3.8, 39, 39, 4.00, 48, 7.1
2026-05-25 11:10:47,-102.2029,31.9529, 695.0, 3216,  8.9, -4.4, -3.9, 39, 39, 3.98, 48, 7.1
2026-05-25 11:10:48,-102.2030,31.9529, 694.6, 3221,  8.9, -4.5, -4.0, 39, 39, 3.95, 47, 7.0
2026-05-25 11:10:49,-102.2030,31.9528, 694.2, 3226,  8.8, -4.5, -4.0, 39, 39, 3.93, 47, 6.9
2026-05-25 11:10:50,-102.2031,31.9528, 693.7, 3231,  8.8, -4.6, -4.1, 38, 38, 3.91, 47, 6.8
2026-05-25 11:10:51,-102.2031,31.9527, 693.2, 3237,  8.7, -4.7, -4.2, 38, 38, 3.89, 46, 6.7
2026-05-25 11:10:52,-102.2032,31.9527, 692.7, 3243,  8.7, -4.8, -4.3, 38, 38, 3.87, 46, 6.7
2026-05-25 11:10:53,-102.2033,31.9527, 692.2, 3249,  8.6, -4.9, -4.3, 38, 38, 3.85, 46, 6.7
2026-05-25 11:10:54,-102.2033,31.9526, 691.7, 3256,  8.6, -5.0, -4.4, 38, 38, 3.83, 47, 6.7
2026-05-25 11:10:55,-102.2034,31.9526, 691.2, 3262,  8.6, -5.1, -4.5, 38, 38, 3.79, 47, 6.7
2026-05-25 11:10:56,-102.2034,31.9525, 690.7, 3268,  8.5, -5.2, -4.6, 37, 37, 3.76, 47, 6.7
2026-05-25 11:10:57,-102.2035,31.9525, 690.2, 3274,  8.5, -5.4, -4.8, 37, 37, 3.72, 47, 6.7
2026-05-25 11:10:58,-102.2035,31.9525, 689.7, 3280,  8.4, -5.5, -4.9, 37, 37, 3.68, 48, 6.8
2026-05-25 11:10:59,-102.2036,31.9524, 689.3, 3285,  8.4, -5.6, -5.0, 36, 36, 3.64, 48, 6.8
2026-05-25 11:11:00,-102.2036,31.9524, 688.8, 3291,  8.4, -5.8, -5.1, 36, 36, 3.61, 48, 6.8
2026-05-25 11:11:01,-102.2037,31.9523, 688.3, 3296,  8.3, -5.9, -5.3, 36, 36, 3.57, 49, 6.8
2026-05-25 11:11:02,-102.2038,31.9523, 687.9, 3301,  8.3, -6.1, -5.4, 36, 36, 3.53, 49, 6.8
2026-05-25 11:11:03,-102.2038,31.9523, 687.5, 3306,  8.2, -6.2, -5.5, 35, 35, 3.49, 49, 6.9
2026-05-25 11:11:04,-102.2039,31.9522, 687.0, 3312,  8.2, -6.4, -5.7, 35, 35, 3.46, 49, 6.9
2026-05-25 11:11:05,-102.2039,31.9522, 686.6, 3317,  8.2, -6.5, -5.8, 35, 35, 3.42, 50, 6.9
2026-05-25 11:11:06,-102.2040,31.9521, 686.2, 3322,  8.1, -6.7, -5.9, 34, 34, 3.38, 50, 6.9
2026-05-25 11:11:07,-102.2040,31.9521, 685.7, 3327,  8.1, -6.8, -6.0, 34, 34, 3.35, 50, 6.9
2026-05-25 11:11:08,-102.2041,31.9521, 685.3, 3333,  8.1, -6.9, -6.2, 34, 34, 3.32, 50, 7.0
2026-05-25 11:11:09,-102.2041,31.9520, 684.8, 3338,  8.0, -7.0, -6.3, 34, 34, 3.29, 51, 7.0
2026-05-25 11:11:10,-102.2042,31.9520, 684.3, 3344,  8.0, -7.1, -6.3, 33, 33, 3.27, 51, 7.0
2026-05-25 11:11:11,-102.2043,31.9519, 683.8, 3350,  7.9, -7.2, -6.4, 33, 33, 3.25, 51, 7.0
2026-05-25 11:11:12,-102.2043,31.9519, 683.3, 3356,  7.9, -7.3, -6.5, 33, 33, 3.22, 52, 7.0
2026-05-25 11:11:13,-102.2044,31.9519, 682.8, 3362,  7.8, -7.4, -6.6, 33, 33, 3.20, 51, 7.0
2026-05-25 11:11:14,-102.2044,31.9518, 682.4, 3368,  7.8, -7.5, -6.7, 33, 33, 3.18, 51, 7.0
2026-05-25 11:11:15,-102.2045,31.9518, 681.9, 3374,  7.7, -7.6, -6.8, 33, 33, 3.15, 51, 7.0
2026-05-25 11:11:16,-102.2045,31.9517, 681.4, 3380,  7.7, -7.8, -6.9, 33, 33, 3.13, 51, 7.0
2026-05-25 11:11:17,-102.2046,31.9517, 680.9, 3385,  7.7, -7.8, -7.0, 32, 32, 3.11, 51, 7.0
2026-05-25 11:11:18,-102.2047,31.9517, 680.4, 3391,  7.6, -7.9, -7.1, 32, 32, 3.09, 50, 7.0
2026-05-25 11:11:19,-102.2047,31.9516, 680.0, 3397,  7.6, -8.0, -7.2, 32, 32, 3.07, 50, 7.0
2026-05-25 11:11:20,-102.2048,31.9516, 679.5, 3402,  7.5, -8.2, -7.3, 32, 32, 3.04, 50, 7.0
2026-05-25 11:11:21,-102.2048,31.9515, 679.1, 3408,  7.5, -8.3, -7.3, 32, 32, 3.02, 50, 6.9
2026-05-25 11:11:22,-102.2049,31.9515, 678.6, 3413,  7.4, -8.4, -7.5, 32, 32, 2.99, 50, 6.9
2026-05-25 11:11:23,-102.2049,31.9515, 678.2, 3418,  7.4, -8.5, -7.6, 31, 31, 2.97, 49, 6.9
2026-05-25 11:11:24,-102.2050,31.9514, 677.7, 3424,  7.4, -8.6, -7.7, 31, 31, 2.94, 49, 6.9
2026-05-25 11:11:25,-102.2050,31.9514, 677.2, 3430,  7.4, -8.7, -7.8, 31, 31, 2.92, 49, 6.9
2026-05-25 11:11:26,-102.2051,31.9513, 676.8, 3436,  7.4, -8.9, -7.9, 30, 30, 2.89, 49, 6.9
2026-05-25 11:11:27,-102.2051,31.9513, 676.3, 3442,  7.4, -9.0, -8.0, 30, 30, 2.87, 48, 6.9
2026-05-25 11:11:28,-102.2051,31.9512, 675.8, 3448,  7.4, -9.1, -8.1, 30, 30, 2.84, 48, 6.9
2026-05-25 11:11:29,-102.2052,31.9512, 675.3, 3454,  7.3, -9.2, -8.2, 30, 30, 2.82, 48, 6.9
2026-05-25 11:11:30,-102.2052,31.9511, 674.8, 3460,  7.3, -9.3, -8.3, 29, 29, 2.79, 48, 6.9
2026-05-25 11:11:31,-102.2053,31.9511, 674.4, 3465,  7.3, -9.5, -8.4, 29, 29, 2.77, 48, 6.9
2026-05-25 11:11:32,-102.2053,31.9511, 673.9, 3470,  7.3, -9.6, -8.5, 29, 29, 2.74, 47, 6.8
2026-05-25 11:11:33,-102.2053,31.9510, 673.5, 3476,  7.3, -9.7, -8.6, 29, 29, 2.72, 47, 6.8
2026-05-25 11:11:34,-102.2054,31.9510, 673.1, 3481,  7.3, -9.8, -8.7, 28, 28, 2.69, 46, 6.8
2026-05-25 11:11:35,-102.2054,31.9509, 672.6, 3486,  7.3, -9.9, -8.8, 28, 28, 2.67, 45, 6.7
2026-05-25 11:11:36,-102.2054,31.9509, 672.2, 3492,  7.3,-10.0, -8.9, 28, 28, 2.66, 45, 6.7
2026-05-25 11:11:37,-102.2055,31.9508, 671.8, 3497,  7.2,-10.1, -9.0, 28, 28, 2.65, 44, 6.7
2026-05-25 11:11:38,-102.2055,31.9508, 671.4, 3501,  7.2,-10.1, -9.0, 28, 28, 2.64, 43, 6.6
2026-05-25 11:11:39,-102.2056,31.9507, 670.9, 3506,  7.2,-10.2, -9.1, 28, 28, 2.63, 42, 6.6
2026-05-25 11:11:40,-102.2056,31.9507, 670.5, 3511,  7.2,-10.3, -9.1, 28, 28, 2.61, 42, 6.6
2026-05-25 11:11:41,-102.2056,31.9506, 670.1, 3516,  7.2,-10.3, -9.2, 28, 28, 2.60, 41, 6.5
2026-05-25 11:11:42,-102.2057,31.9506, 669.7, 3522,  7.1,-10.4, -9.3, 27, 27, 2.59, 40, 6.5
2026-05-25 11:11:43,-102.2057,31.9505, 669.3, 3527,  7.1,-10.5, -9.3, 27, 27, 2.58, 39, 6.5
2026-05-25 11:11:44,-102.2058,31.9505, 668.9, 3532,  7.1,-10.5, -9.4, 27, 27, 2.56, 38, 6.5
2026-05-25 11:11:45,-102.2058,31.9504, 668.5, 3537,  7.1,-10.6, -9.4, 27, 27, 2.55, 38, 6.4
2026-05-25 11:11:46,-102.2058,31.9504, 668.0, 3542,  7.1,-10.7, -9.5, 27, 27, 2.54, 37, 6.4
2026-05-25 11:11:47,-102.2059,31.9504, 667.6, 3548,  7.1,-10.7, -9.6, 27, 27, 2.53, 36, 6.4
2026-05-25 11:11:48,-102.2059,31.9503, 667.2, 3553,  7.0,-10.8, -9.6, 27, 27, 2.52, 35, 6.4
2026-05-25 11:11:49,-102.2059,31.9503, 666.8, 3558,  7.0,-10.7, -9.6, 27, 27, 2.53, 34, 6.4
2026-05-25 11:11:50,-102.2060,31.9502, 666.3, 3563,  7.0,-10.7, -9.5, 27, 27, 2.54, 34, 6.3
2026-05-25 11:11:51,-102.2060,31.9502, 665.9, 3569,  6.9,-10.6, -9.5, 27, 27, 2.55, 33, 6.3
2026-05-25 11:11:52,-102.2061,31.9501, 665.5, 3574,  6.9,-10.6, -9.4, 28, 28, 2.56, 32, 6.3
2026-05-25 11:11:53,-102.2061,31.9501, 665.0, 3579,  6.8,-10.5, -9.4, 28, 28, 2.58, 31, 6.2
2026-05-25 11:11:54,-102.2061,31.9500, 664.6, 3585,  6.8,-10.5, -9.3, 28, 28, 2.59, 30, 6.2
2026-05-25 11:11:55,-102.2061,31.9500, 664.2, 3590,  6.7,-10.4, -9.3, 28, 28, 2.60, 28, 6.2
2026-05-25 11:11:56,-102.2061,31.9499, 663.7, 3595,  6.7,-10.4, -9.3, 28, 28, 2.61, 27, 6.2
2026-05-25 11:11:57,-102.2061,31.9499, 663.3, 3601,  6.6,-10.3, -9.2, 29, 29, 2.62, 26, 6.2
2026-05-25 11:11:58,-102.2061,31.9498, 662.8, 3606,  6.6,-10.3, -9.2, 29, 29, 2.64, 25, 6.1
2026-05-25 11:11:59,-102.2061,31.9497, 662.3, 3612,  6.6,-10.2, -9.1, 29, 29, 2.65, 23, 6.1
2026-05-25 11:12:00,-102.2062,31.9497, 661.9, 3618,  6.5,-10.2, -9.1, 29, 29, 2.66, 22, 6.1
2026-05-25 11:12:01,-102.2062,31.9496, 661.4, 3624,  6.5,-10.2, -9.1, 29, 29, 2.67, 21, 6.0
2026-05-25 11:12:02,-102.2062,31.9496, 661.0, 3630,  6.4,-10.1, -9.0, 29, 29, 2.68, 20, 6.0
2026-05-25 11:12:03,-102.2062,31.9495, 660.6, 3636,  6.4,-10.1, -9.0, 30, 30, 2.69, 18, 6.0
2026-05-25 11:12:04,-102.2062,31.9495, 660.2, 3641,  6.3,-10.1, -9.0, 30, 30, 2.69, 17, 5.9
2026-05-25 11:12:05,-102.2062,31.9494, 659.7, 3646,  6.3,-10.0, -8.9, 30, 30, 2.70, 15, 5.9
2026-05-25 11:12:06,-102.2062,31.9494, 659.3, 3651,  6.3,-10.0, -8.9, 30, 30, 2.71, 14, 5.9
2026-05-25 11:12:07,-102.2062,31.9493, 658.9, 3655,  6.2,-10.0, -8.9, 30, 30, 2.72, 13, 5.8
2026-05-25 11:12:08,-102.2062,31.9492, 658.5, 3660,  6.2,-10.0, -8.9, 30, 30, 2.73, 11, 5.8
2026-05-25 11:12:09,-102.2062,31.9492, 658.2, 3665,  6.1, -9.9, -8.8, 31, 31, 2.73, 10, 5.8
2026-05-25 11:12:10,-102.2062,31.9491, 657.8, 3669,  6.1, -9.9, -8.8, 31, 31, 2.74,  9, 5.7
2026-05-25 11:12:11,-102.2063,31.9491, 657.4, 3674,  6.0, -9.9, -8.8, 31, 31, 2.75,  7, 5.7
2026-05-25 11:12:12,-102.2063,31.9490, 657.1, 3678,  6.0, -9.8, -8.8, 31, 31, 2.75,  6, 5.7
2026-05-25 11:12:13,-102.2063,31.9490, 656.7, 3683,  5.9, -9.8, -8.7, 31, 31, 2.76,  6, 5.8
2026-05-25 11:12:14,-102.2063,31.9489, 656.3, 3687,  5.9, -9.8, -8.7, 31, 31, 2.77,  6, 5.8
2026-05-25 11:12:15,-102.2063,31.9489, 656.0, 3691,  5.9, -9.8, -8.7, 32, 32, 2.78,  7, 5.9
2026-05-25 11:12:16,-102.2063,31.9488, 655.6, 3696,  5.8, -9.8, -8.7, 32, 32, 2.78,  7, 5.9
2026-05-25 11:12:17,-102.2063,31.9487, 655.3, 3700,  5.8, -9.8, -8.7, 32, 32, 2.78,  7, 6.0
2026-05-25 11:12:18,-102.2063,31.9487, 654.9, 3704,  5.7, -9.8, -8.7, 32, 32, 2.78,  7, 6.1
2026-05-25 11:12:19,-102.2063,31.9486, 654.6, 3709,  5.7, -9.8, -8.7, 32, 32, 2.78,  8, 6.1
2026-05-25 11:12:20,-102.2063,31.9486, 654.2, 3714,  5.6, -9.8, -8.7, 32, 32, 2.78,  8, 6.2
2026-05-25 11:12:21,-102.2063,31.9485, 653.8, 3718,  5.6, -9.8, -8.7, 32, 32, 2.78,  8, 6.3
2026-05-25 11:12:22,-102.2064,31.9485, 653.3, 3723,  5.5, -9.8, -8.7, 32, 32, 2.79,  8, 6.3
2026-05-25 11:12:23,-102.2064,31.9484, 652.9, 3728,  5.4, -9.8, -8.7, 32, 32, 2.79,  9, 6.4
2026-05-25 11:12:24,-102.2064,31.9484, 652.5, 3734,  5.4, -9.8, -8.7, 33, 33, 2.79,  9, 6.5
2026-05-25 11:12:25,-102.2064,31.9483, 652.1, 3740,  5.3, -9.8, -8.7, 33, 33, 2.79,  9, 6.5
2026-05-25 11:12:26,-102.2064,31.9482, 651.6, 3746,  5.3, -9.8, -8.7, 33, 33, 2.79,  9, 6.6
2026-05-25 11:12:27,-102.2064,31.9482, 651.1, 3752,  5.2, -9.8, -8.7, 33, 33, 2.79, 10, 6.7
2026-05-25 11:12:28,-102.2063,31.9481, 650.6, 3758,  5.2, -9.8, -8.7, 33, 33, 2.80, 10, 6.7
2026-05-25 11:12:29,-102.2063,31.9480, 650.2, 3764,  5.1, -9.8, -8.7, 33, 33, 2.80, 10, 6.8
2026-05-25 11:12:30,-102.2063,31.9480, 649.7, 3771,  5.1, -9.8, -8.7, 33, 33, 2.80, 10, 6.9
2026-05-25 11:12:31,-102.2063,31.9479, 649.2, 3777,  5.0, -9.8, -8.7, 33, 33, 2.81, 10, 6.9
2026-05-25 11:12:32,-102.2063,31.9478, 648.8, 3783,  5.0, -9.7, -8.7, 34, 34, 2.81, 11, 7.0
2026-05-25 11:12:33,-102.2063,31.9478, 648.3, 3789,  4.9, -9.7, -8.7, 34, 34, 2.82, 10, 7.0
2026-05-25 11:12:34,-102.2063,31.9477, 647.9, 3795,  4.9, -9.7, -8.6, 34, 34, 2.83,  9, 7.0
2026-05-25 11:12:35,-102.2063,31.9476, 647.5, 3799,  4.8, -9.7, -8.6, 34, 34, 2.83,  8, 7.0
2026-05-25 11:12:36,-102.2063,31.9476, 647.1, 3804,  4.8, -9.7, -8.6, 34, 34, 2.83,  7, 7.0
2026-05-25 11:12:37,-102.2063,31.9475, 646.6, 3809,  4.7, -9.7, -8.6, 34, 34, 2.84,  6, 7.1
2026-05-25 11:12:38,-102.2063,31.9474, 646.2, 3814,  4.7, -9.7, -8.6, 35, 35, 2.84,  5, 7.1
2026-05-25 11:12:39,-102.2063,31.9474, 645.8, 3818,  4.6, -9.6, -8.6, 35, 35, 2.85,  4, 7.1
2026-05-25 11:12:40,-102.2063,31.9473, 645.4, 3824,  4.6, -9.6, -8.6, 35, 35, 2.85,  3, 7.1
2026-05-25 11:12:41,-102.2063,31.9472, 645.0, 3829,  4.5, -9.6, -8.6, 35, 35, 2.86,  2, 7.2
2026-05-25 11:12:42,-102.2063,31.9472, 644.6, 3834,  4.5, -9.6, -8.6, 35, 35, 2.86,  1, 7.2
2026-05-25 11:12:43,-102.2062,31.9471, 644.2, 3840,  4.4, -9.6, -8.6, 35, 35, 2.86,360, 7.2
2026-05-25 11:12:44,-102.2062,31.9471, 643.7, 3845,  4.4, -9.6, -8.6, 35, 35, 2.86,359, 7.2
2026-05-25 11:12:45,-102.2062,31.9470, 643.2, 3850,  4.3, -9.6, -8.6, 35, 35, 2.86,358, 7.2
2026-05-25 11:12:46,-102.2062,31.9469, 642.8, 3857,  4.3, -9.7, -8.6, 36, 36, 2.86,357, 7.2
2026-05-25 11:12:47,-102.2062,31.9469, 642.3, 3863,  4.2, -9.7, -8.6, 36, 36, 2.86,356, 7.3
2026-05-25 11:12:48,-102.2062,31.9468, 641.8, 3869,  4.2, -9.7, -8.6, 36, 36, 2.86,355, 7.2
2026-05-25 11:12:49,-102.2062,31.9467, 641.4, 3875,  4.1, -9.7, -8.6, 36, 36, 2.86,354, 7.2
2026-05-25 11:12:50,-102.2062,31.9467, 640.9, 3881,  4.1, -9.7, -8.6, 36, 36, 2.86,353, 7.3
2026-05-25 11:12:51,-102.2062,31.9466, 640.5, 3887,  4.0, -9.7, -8.7, 36, 36, 2.86,352, 7.3
2026-05-25 11:12:52,-102.2062,31.9465, 640.0, 3893,  3.9, -9.7, -8.7, 36, 36, 2.86,352, 7.3
2026-05-25 11:12:53,-102.2062,31.9465, 639.6, 3899,  3.9, -9.7, -8.7, 36, 36, 2.86,351, 7.4
2026-05-25 11:12:54,-102.2062,31.9464, 639.1, 3904,  3.8, -9.8, -8.7, 36, 36, 2.86,351, 7.4
2026-05-25 11:12:55,-102.2062,31.9463, 638.6, 3910,  3.8, -9.8, -8.7, 36, 36, 2.85,351, 7.4
2026-05-25 11:12:56,-102.2061,31.9463, 638.2, 3916,  3.7, -9.8, -8.7, 37, 37, 2.85,351, 7.4
2026-05-25 11:12:57,-102.2061,31.9462, 637.7, 3922,  3.7, -9.8, -8.7, 37, 37, 2.85,351, 7.4
2026-05-25 11:12:58,-102.2061,31.9461, 637.3, 3927,  3.6, -9.8, -8.7, 37, 37, 2.85,350, 7.4
2026-05-25 11:12:59,-102.2061,31.9461, 636.8, 3933,  3.6, -9.8, -8.7, 37, 37, 2.85,350, 7.5
2026-05-25 11:13:00,-102.2061,31.9460, 636.4, 3939,  3.6, -9.8, -8.7, 37, 37, 2.85,350, 7.5
2026-05-25 11:13:01,-102.2061,31.9459, 635.9, 3945,  3.5, -9.8, -8.7, 37, 37, 2.85,350, 7.5
2026-05-25 11:13:02,-102.2060,31.9459, 635.5, 3950,  3.5, -9.8, -8.7, 37, 37, 2.85,350, 7.5
2026-05-25 11:13:03,-102.2060,31.9458, 635.1, 3955,  3.4, -9.8, -8.8, 37, 37, 2.85,350, 7.5
2026-05-25 11:13:04,-102.2060,31.9457, 634.7, 3960,  3.4, -9.8, -8.8, 37, 37, 2.85,349, 7.5
2026-05-25 11:13:05,-102.2060,31.9456, 634.4, 3965,  3.3, -9.9, -8.8, 37, 37, 2.85,349, 7.6
2026-05-25 11:13:06,-102.2060,31.9456, 634.0, 3969,  3.3, -9.9, -8.8, 37, 37, 2.85,349, 7.6
2026-05-25 11:13:07,-102.2060,31.9455, 633.6, 3974,  3.2, -9.9, -8.8, 38, 38, 2.85,349, 7.6
2026-05-25 11:13:08,-102.2059,31.9454, 633.2, 3979,  3.2, -9.9, -8.8, 38, 38, 2.85,349, 7.6
2026-05-25 11:13:09,-102.2059,31.9454, 632.8, 3984,  3.2, -9.9, -8.8, 38, 38, 2.85,349, 7.6
2026-05-25 11:13:10,-102.2059,31.9453, 632.5, 3989,  3.1, -9.9, -8.8, 38, 38, 2.85,348, 7.6
2026-05-25 11:13:11,-102.2059,31.9452, 632.1, 3993,  3.1, -9.9, -8.8, 38, 38, 2.85,348, 7.7
2026-05-25 11:13:12,-102.2059,31.9452, 631.7, 3998,  3.0, -9.9, -8.8, 38, 38, 2.85,348, 7.7
2026-05-25 11:13:13,-102.2059,31.9451, 631.3, 4003,  3.0, -9.9, -8.8, 38, 38, 2.86,348, 7.7
2026-05-25 11:13:14,-102.2058,31.9450, 630.9, 4009,  2.9, -9.9, -8.8, 38, 38, 2.86,348, 7.7
2026-05-25 11:13:15,-102.2058,31.9449, 630.5, 4014,  2.9, -9.9, -8.8, 38, 38, 2.86,348, 7.7
2026-05-25 11:13:16,-102.2058,31.9449, 630.0, 4020,  2.9, -9.9, -8.8, 39, 39, 2.86,348, 7.7
2026-05-25 11:13:17,-102.2058,31.9448, 629.6, 4026,  2.8, -9.9, -8.8, 39, 39, 2.87,348, 7.7
2026-05-25 11:13:18,-102.2058,31.9447, 629.1, 4031,  2.8, -9.9, -8.8, 39, 39, 2.87,348, 7.8
2026-05-25 11:13:19,-102.2058,31.9447, 628.7, 4037,  2.7, -9.9, -8.8, 39, 39, 2.87,348, 7.8
2026-05-25 11:13:20,-102.2057,31.9446, 628.2, 4043,  2.7, -9.9, -8.8, 39, 39, 2.87,348, 7.8
2026-05-25 11:13:21,-102.2057,31.9445, 627.8, 4049,  2.7, -9.9, -8.8, 39, 39, 2.87,348, 7.8
2026-05-25 11:13:22,-102.2057,31.9445, 627.3, 4055,  2.6, -9.9, -8.8, 39, 39, 2.88,348, 7.8
2026-05-25 11:13:23,-102.2057,31.9444, 626.9, 4060,  2.6, -9.9, -8.8, 39, 39, 2.88,348, 7.8
2026-05-25 11:13:24,-102.2057,31.9443, 626.4, 4066,  2.5, -9.9, -8.8, 39, 39, 2.88,348, 7.8
2026-05-25 11:13:25,-102.2057,31.9443, 626.0, 4072,  2.5, -9.9, -8.8, 40, 40, 2.89,349, 7.8
2026-05-25 11:13:26,-102.2056,31.9442, 625.5, 4078,  2.5, -9.9, -8.8, 40, 40, 2.89,349, 7.8
2026-05-25 11:13:27,-102.2056,31.9441, 625.1, 4084,  2.4, -9.9, -8.8, 40, 40, 2.89,349, 7.9
2026-05-25 11:13:28,-102.2056,31.9441, 624.6, 4089,  2.4, -9.9, -8.8, 40, 40, 2.90,349, 7.9
2026-05-25 11:13:29,-102.2056,31.9440, 624.2, 4095,  2.4, -9.8, -8.8, 40, 40, 2.90,349, 7.9
2026-05-25 11:13:30,-102.2056,31.9439, 623.7, 4101,  2.4, -9.8, -8.8, 40, 40, 2.90,349, 7.9
2026-05-25 11:13:31,-102.2056,31.9439, 623.3, 4107,  2.3, -9.8, -8.8, 40, 40, 2.91,349, 7.9
2026-05-25 11:13:32,-102.2056,31.9438, 622.8, 4113,  2.3, -9.8, -8.8, 40, 40, 2.91,349, 7.9
2026-05-25 11:13:33,-102.2056,31.9437, 622.4, 4119,  2.3, -9.8, -8.7, 40, 40, 2.91,349, 7.9
2026-05-25 11:13:34,-102.2056,31.9437, 621.9, 4125,  2.2, -9.8, -8.7, 41, 41, 2.92,349, 7.8
2026-05-25 11:13:35,-102.2056,31.9436, 621.5, 4131,  2.2, -9.8, -8.7, 41, 41, 2.92,349, 7.8
2026-05-25 11:13:36,-102.2055,31.9435, 621.2, 4134,  2.2, -9.8, -8.7, 41, 41, 2.92,350, 7.8
2026-05-25 11:13:37,-102.2055,31.9435, 620.6, 4142,  2.1, -9.9, -8.8, 41, 41, 2.90,350, 7.7
2026-05-25 11:13:38,-102.2055,31.9434, 620.1, 4148,  2.1,-10.0, -8.9, 40, 40, 2.89,350, 7.7
2026-05-25 11:13:39,-102.2055,31.9433, 619.7, 4153,  2.0,-10.1, -9.0, 40, 40, 2.87,350, 7.7
2026-05-25 11:13:40,-102.2055,31.9433, 619.2, 4159,  2.0,-10.1, -9.0, 40, 40, 2.86,351, 7.6
2026-05-25 11:13:41,-102.2055,31.9432, 618.8, 4165,  1.9,-10.2, -9.1, 40, 40, 2.84,351, 7.6
2026-05-25 11:13:42,-102.2055,31.9432, 618.3, 4171,  1.9,-10.3, -9.2, 40, 40, 2.83,351, 7.6
2026-05-25 11:13:43,-102.2055,31.9431, 617.9, 4177,  1.9,-10.4, -9.2, 40, 40, 2.81,351, 7.5
2026-05-25 11:13:44,-102.2055,31.9430, 617.4, 4184,  1.8,-10.4, -9.3, 40, 40, 2.80,351, 7.5
2026-05-25 11:13:45,-102.2054,31.9430, 616.9, 4190,  1.8,-10.5, -9.4, 40, 40, 2.79,352, 7.4
2026-05-25 11:13:46,-102.2054,31.9429, 616.4, 4197,  1.7,-10.6, -9.4, 40, 40, 2.77,352, 7.4
2026-05-25 11:13:47,-102.2054,31.9428, 616.2, 4200,  1.7,-10.6, -9.5, 39, 39, 2.76,352, 7.4
2026-05-25 11:13:48,-102.2054,31.9428, 615.5, 4209,  1.6,-10.7, -9.6, 39, 39, 2.74,352, 7.3
2026-05-25 11:13:49,-102.2054,31.9427, 615.1, 4214,  1.6,-10.8, -9.6, 39, 39, 2.73,353, 7.3
2026-05-25 11:13:50,-102.2054,31.9426, 614.6, 4221,  1.5,-10.8, -9.6, 39, 39, 2.73,353, 7.3
2026-05-25 11:13:51,-102.2054,31.9426, 614.1, 4227,  1.5,-10.8, -9.7, 39, 39, 2.73,353, 7.2
2026-05-25 11:13:52,-102.2054,31.9425, 613.7, 4233,  1.4,-10.8, -9.7, 40, 40, 2.72,353, 7.2
2026-05-25 11:13:53,-102.2054,31.9424, 613.3, 4238,  1.4,-10.9, -9.7, 40, 40, 2.72,353, 7.2
2026-05-25 11:13:54,-102.2053,31.9424, 612.8, 4244,  1.3,-10.9, -9.7, 40, 40, 2.72,353, 7.2
2026-05-25 11:13:55,-102.2053,31.9423, 612.4, 4249,  1.3,-10.9, -9.7, 40, 40, 2.72,353, 7.2
2026-05-25 11:13:56,-102.2053,31.9422, 611.9, 4255,  1.2,-10.9, -9.7, 40, 40, 2.72,352, 7.2
2026-05-25 11:13:57,-102.2053,31.9422, 611.5, 4260,  1.2,-10.9, -9.8, 40, 40, 2.71,352, 7.2
2026-05-25 11:13:58,-102.2053,31.9421, 611.1, 4266,  1.1,-11.0, -9.8, 40, 40, 2.71,352, 7.1
2026-05-25 11:13:59,-102.2053,31.9420, 610.6, 4272,  1.0,-11.0, -9.8, 40, 40, 2.71,351, 7.1
2026-05-25 11:14:00,-102.2052,31.9420, 610.2, 4278,  1.0,-11.0, -9.8, 40, 40, 2.71,351, 7.1
2026-05-25 11:14:01,-102.2052,31.9419, 609.7, 4284,  0.9,-11.0, -9.8, 40, 40, 2.70,351, 7.1
2026-05-25 11:14:02,-102.2052,31.9418, 609.3, 4290,  0.9,-11.0, -9.8, 41, 41, 2.70,350, 7.1
2026-05-25 11:14:03,-102.2052,31.9418, 608.9, 4296,  0.8,-11.1, -9.9, 41, 41, 2.70,350, 7.1
2026-05-25 11:14:04,-102.2052,31.9417, 608.4, 4302,  0.8,-11.1, -9.9, 41, 41, 2.70,350, 7.1
2026-05-25 11:14:05,-102.2052,31.9416, 608.0, 4307,  0.7,-11.1, -9.9, 41, 41, 2.70,350, 7.1
2026-05-25 11:14:06,-102.2051,31.9416, 607.6, 4313,  0.7,-11.1, -9.9, 41, 41, 2.70,349, 7.1
2026-05-25 11:14:07,-102.2051,31.9415, 607.1, 4319,  0.6,-11.1, -9.9, 41, 41, 2.70,349, 7.1
2026-05-25 11:14:08,-102.2051,31.9414, 606.7, 4324,  0.6,-11.1, -9.9, 41, 41, 2.70,349, 7.1
2026-05-25 11:14:09,-102.2051,31.9414, 606.3, 4330,  0.5,-11.1, -9.9, 41, 41, 2.70,348, 7.1
2026-05-25 11:14:10,-102.2051,31.9413, 605.9, 4335,  0.5,-11.1, -9.9, 41, 41, 2.70,348, 7.1
2026-05-25 11:14:11,-102.2051,31.9412, 605.5, 4340,  0.4,-11.1, -9.9, 42, 42, 2.70,348, 7.1
2026-05-25 11:14:12,-102.2050,31.9411, 605.1, 4345,  0.4,-11.1, -9.9, 42, 42, 2.70,347, 7.1
2026-05-25 11:14:13,-102.2050,31.9411, 604.7, 4351,  0.3,-11.1, -9.9, 42, 42, 2.70,347, 7.1
2026-05-25 11:14:14,-102.2050,31.9410, 604.3, 4356,  0.3,-11.1, -9.9, 42, 42, 2.70,348, 7.2
2026-05-25 11:14:15,-102.2050,31.9409, 603.9, 4361,  0.2,-11.1, -9.9, 42, 42, 2.70,348, 7.3
2026-05-25 11:14:16,-102.2050,31.9409, 603.5, 4366,  0.2,-11.2, -9.9, 42, 42, 2.70,348, 7.4
2026-05-25 11:14:17,-102.2050,31.9408, 603.1, 4372,  0.1,-11.2,-10.0, 42, 42, 2.69,348, 7.5
2026-05-25 11:14:18,-102.2049,31.9407, 602.7, 4377,  0.1,-11.3,-10.0, 42, 42, 2.69,348, 7.6
2026-05-25 11:14:19,-102.2049,31.9407, 602.3, 4382,  0.0,-11.3,-10.1, 42, 42, 2.68,348, 7.6
2026-05-25 11:14:20,-102.2049,31.9406, 601.9, 4387, -0.0,-11.3,-10.1, 42, 42, 2.67,348, 7.7
2026-05-25 11:14:21,-102.2049,31.9405, 601.4, 4393, -0.1,-11.4,-10.2, 42, 42, 2.66,348, 7.8
2026-05-25 11:14:22,-102.2049,31.9405, 601.0, 4400, -0.2,-11.4,-10.2, 42, 42, 2.65,348, 7.9
2026-05-25 11:14:23,-102.2049,31.9404, 600.5, 4406, -0.2,-11.5,-10.2, 42, 42, 2.64,348, 8.0
2026-05-25 11:14:24,-102.2048,31.9403, 600.1, 4412, -0.3,-11.5,-10.3, 42, 42, 2.64,348, 8.1
2026-05-25 11:14:25,-102.2048,31.9403, 599.6, 4418, -0.3,-11.6,-10.3, 42, 42, 2.63,348, 8.1
2026-05-25 11:14:26,-102.2048,31.9402, 599.2, 4424, -0.4,-11.6,-10.4, 42, 42, 2.62,348, 8.2
2026-05-25 11:14:27,-102.2048,31.9401, 598.7, 4430, -0.4,-11.7,-10.4, 42, 42, 2.61,348, 8.3
2026-05-25 11:14:28,-102.2048,31.9400, 598.3, 4436, -0.5,-11.7,-10.5, 42, 43, 2.60,348, 8.4
2026-05-25 11:14:29,-102.2047,31.9400, 597.8, 4442, -0.5,-11.8,-10.5, 42, 43, 2.60,348, 8.5
2026-05-25 11:14:30,-102.2047,31.9399, 597.4, 4448, -0.6,-11.8,-10.5, 42, 43, 2.59,348, 8.6
2026-05-25 11:14:31,-102.2047,31.9398, 597.0, 4454, -0.7,-11.9,-10.6, 42, 43, 2.58,348, 8.6
2026-05-25 11:14:32,-102.2047,31.9397, 596.5, 4460, -0.7,-11.9,-10.6, 43, 43, 2.58,348, 8.7
2026-05-25 11:14:33,-102.2047,31.9396, 596.1, 4466, -0.8,-11.9,-10.6, 43, 43, 2.57,348, 8.7
2026-05-25 11:14:34,-102.2046,31.9396, 595.6, 4472, -0.8,-12.0,-10.7, 43, 43, 2.57,348, 8.7
2026-05-25 11:14:35,-102.2046,31.9395, 595.2, 4478, -0.9,-12.0,-10.7, 43, 43, 2.56,348, 8.7
2026-05-25 11:14:36,-102.2046,31.9394, 594.7, 4484, -0.9,-12.0,-10.7, 43, 43, 2.56,348, 8.7
2026-05-25 11:14:37,-102.2046,31.9393, 594.3, 4490, -1.0,-12.1,-10.8, 43, 43, 2.55,348, 8.7
2026-05-25 11:14:38,-102.2046,31.9393, 593.9, 4495, -1.0,-12.1,-10.8, 43, 43, 2.55,348, 8.7
2026-05-25 11:14:39,-102.2045,31.9392, 593.5, 4501, -1.1,-12.1,-10.8, 43, 43, 2.54,348, 8.7
2026-05-25 11:14:40,-102.2045,31.9391, 593.1, 4506, -1.2,-12.2,-10.9, 43, 43, 2.54,348, 8.6
2026-05-25 11:14:41,-102.2045,31.9390, 592.7, 4511, -1.2,-12.2,-10.9, 43, 43, 2.53,348, 8.6
2026-05-25 11:14:42,-102.2045,31.9390, 592.2, 4517, -1.3,-12.2,-10.9, 43, 44, 2.53,348, 8.6
2026-05-25 11:14:43,-102.2045,31.9389, 591.8, 4523, -1.3,-12.3,-10.9, 43, 44, 2.52,348, 8.6
2026-05-25 11:14:44,-102.2044,31.9388, 591.4, 4528, -1.4,-12.3,-11.0, 43, 44, 2.52,348, 8.6
2026-05-25 11:14:45,-102.2044,31.9387, 591.0, 4534, -1.4,-12.3,-11.0, 43, 44, 2.51,348, 8.6
2026-05-25 11:14:46,-102.2044,31.9387, 590.6, 4539, -1.5,-12.3,-11.0, 43, 44, 2.51,348, 8.6
2026-05-25 11:14:47,-102.2044,31.9386, 590.2, 4545, -1.5,-12.4,-11.0, 43, 44, 2.51,348, 8.6
2026-05-25 11:14:48,-102.2044,31.9385, 589.7, 4551, -1.6,-12.4,-11.1, 44, 44, 2.50,348, 8.6
2026-05-25 11:14:49,-102.2043,31.9384, 589.3, 4556, -1.7,-12.4,-11.1, 44, 44, 2.50,348, 8.6
2026-05-25 11:14:50,-102.2043,31.9384, 588.9, 4562, -1.7,-12.4,-11.1, 44, 44, 2.50,348, 8.6
2026-05-25 11:14:51,-102.2043,31.9383, 588.5, 4568, -1.8,-12.5,-11.1, 44, 45, 2.49,348, 8.5
2026-05-25 11:14:52,-102.2043,31.9382, 588.0, 4574, -1.8,-12.5,-11.2, 44, 45, 2.49,347, 8.5
2026-05-25 11:14:53,-102.2043,31.9381, 587.6, 4580, -1.9,-12.5,-11.2, 44, 45, 2.49,348, 8.5
2026-05-25 11:14:54,-102.2043,31.9381, 587.2, 4585, -1.9,-12.5,-11.2, 44, 45, 2.48,348, 8.5
2026-05-25 11:14:55,-102.2042,31.9380, 586.7, 4591, -2.0,-12.6,-11.2, 44, 45, 2.48,348, 8.5
2026-05-25 11:14:56,-102.2042,31.9379, 586.3, 4597, -2.0,-12.6,-11.2, 44, 45, 2.48,348, 8.5
2026-05-25 11:14:57,-102.2042,31.9378, 585.9, 4603, -2.1,-12.6,-11.3, 44, 45, 2.48,348, 8.5
2026-05-25 11:14:58,-102.2042,31.9378, 585.4, 4609, -2.2,-12.6,-11.3, 45, 45, 2.48,348, 8.5
2026-05-25 11:14:59,-102.2042,31.9377, 585.0, 4615, -2.2,-12.6,-11.3, 45, 46, 2.47,348, 8.5
2026-05-25 11:15:00,-102.2042,31.9376, 584.5, 4621, -2.3,-12.7,-11.3, 45, 46, 2.47,348, 8.5
2026-05-25 11:15:01,-102.2042,31.9376, 584.1, 4627, -2.3,-12.7,-11.3, 45, 46, 2.47,348, 8.5
2026-05-25 11:15:02,-102.2042,31.9375, 583.7, 4633, -2.4,-12.7,-11.3, 45, 46, 2.47,348, 8.5
2026-05-25 11:15:03,-102.2041,31.9374, 583.2, 4639, -2.5,-12.7,-11.3, 45, 46, 2.47,349, 8.4
2026-05-25 11:15:04,-102.2041,31.9374, 582.8, 4645, -2.5,-12.7,-11.4, 45, 46, 2.47,349, 8.4
2026-05-25 11:15:05,-102.2041,31.9373, 582.3, 4651, -2.6,-12.8,-11.4, 46, 47, 2.46,349, 8.4
2026-05-25 11:15:06,-102.2041,31.9372, 581.9, 4657, -2.6,-12.8,-11.4, 46, 47, 2.46,349, 8.4
2026-05-25 11:15:07,-102.2041,31.9372, 581.4, 4663, -2.7,-12.8,-11.4, 46, 47, 2.46,349, 8.4
2026-05-25 11:15:08,-102.2041,31.9371, 581.0, 4670, -2.8,-12.8,-11.4, 46, 47, 2.46,349, 8.4
2026-05-25 11:15:09,-102.2041,31.9370, 580.5, 4676, -2.8,-12.8,-11.4, 46, 47, 2.46,349, 8.4
2026-05-25 11:15:10,-102.2041,31.9370, 580.0, 4682, -2.9,-12.8,-11.5, 46, 47, 2.46,349, 8.4
2026-05-25 11:15:11,-102.2040,31.9369, 579.6, 4688, -2.9,-12.9,-11.5, 46, 48, 2.45,349, 8.4
2026-05-25 11:15:12,-102.2040,31.9368, 579.1, 4695, -3.0,-12.9,-11.5, 46, 48, 2.45,349, 8.4
2026-05-25 11:15:13,-102.2040,31.9368, 578.6, 4702, -3.0,-12.9,-11.5, 46, 48, 2.44,350, 8.3
2026-05-25 11:15:14,-102.2040,31.9367, 578.2, 4708, -3.1,-13.0,-11.6, 46, 48, 2.44,350, 8.2
2026-05-25 11:15:15,-102.2040,31.9366, 577.8, 4715, -3.2,-13.0,-11.6, 46, 48, 2.43,350, 8.1
2026-05-25 11:15:16,-102.2040,31.9366, 577.4, 4721, -3.2,-13.0,-11.6, 47, 48, 2.43,350, 8.0
2026-05-25 11:15:17,-102.2040,31.9365, 577.0, 4726, -3.3,-13.1,-11.7, 47, 48, 2.42,350, 7.9
2026-05-25 11:15:18,-102.2040,31.9364, 576.6, 4730, -3.3,-13.1,-11.7, 47, 48, 2.42,351, 7.8
2026-05-25 11:15:19,-102.2040,31.9364, 576.2, 4735, -3.4,-13.1,-11.7, 47, 48, 2.41,351, 7.7
2026-05-25 11:15:20,-102.2039,31.9363, 575.8, 4740, -3.4,-13.2,-11.8, 47, 48, 2.41,351, 7.6
2026-05-25 11:15:21,-102.2039,31.9362, 575.4, 4745, -3.5,-13.2,-11.8, 47, 48, 2.40,351, 7.6
2026-05-25 11:15:22,-102.2039,31.9361, 575.1, 4750, -3.5,-13.2,-11.8, 47, 48, 2.40,351, 7.5
2026-05-25 11:15:23,-102.2039,31.9361, 574.7, 4756, -3.6,-13.3,-11.9, 47, 49, 2.39,352, 7.4
2026-05-25 11:15:24,-102.2039,31.9360, 574.3, 4761, -3.6,-13.4,-11.9, 47, 48, 2.38,352, 7.3
2026-05-25 11:15:25,-102.2039,31.9359, 573.9, 4767, -3.7,-13.4,-12.0, 47, 48, 2.36,352, 7.2
2026-05-25 11:15:26,-102.2039,31.9359, 573.5, 4772, -3.7,-13.5,-12.1, 46, 48, 2.35,352, 7.1
2026-05-25 11:15:27,-102.2039,31.9358, 573.1, 4778, -3.8,-13.6,-12.2, 46, 48, 2.33,353, 7.0
2026-05-25 11:15:28,-102.2039,31.9357, 572.6, 4784, -3.8,-13.7,-12.2, 46, 48, 2.32,353, 6.9
2026-05-25 11:15:29,-102.2039,31.9357, 572.2, 4790, -3.8,-13.8,-12.3, 46, 48, 2.31,353, 6.8
2026-05-25 11:15:30,-102.2039,31.9356, 571.8, 4796, -3.9,-13.9,-12.4, 46, 48, 2.29,354, 6.7
2026-05-25 11:15:31,-102.2039,31.9355, 571.4, 4802, -3.9,-13.9,-12.5, 46, 47, 2.28,354, 6.7
2026-05-25 11:15:32,-102.2039,31.9355, 571.0, 4807, -4.0,-14.0,-12.5, 45, 47, 2.26,354, 6.6
2026-05-25 11:15:33,-102.2039,31.9354, 570.6, 4813, -4.0,-14.1,-12.6, 45, 47, 2.25,354, 6.6
2026-05-25 11:15:34,-102.2039,31.9353, 570.1, 4819, -4.1,-14.2,-12.7, 45, 47, 2.23,355, 6.7
2026-05-25 11:15:35,-102.2039,31.9353, 569.7, 4824, -4.1,-14.3,-12.8, 45, 47, 2.22,355, 6.7
2026-05-25 11:15:36,-102.2039,31.9352, 569.3, 4830, -4.2,-14.4,-12.8, 45, 47, 2.21,355, 6.8
2026-05-25 11:15:37,-102.2039,31.9351, 568.9, 4836, -4.2,-14.5,-12.9, 45, 47, 2.19,356, 6.8
2026-05-25 11:15:38,-102.2039,31.9351, 568.5, 4841, -4.3,-14.5,-13.0, 45, 47, 2.18,356, 6.9
2026-05-25 11:15:39,-102.2039,31.9350, 568.1, 4847, -4.3,-14.6,-13.0, 45, 47, 2.18,356, 6.9
2026-05-25 11:15:40,-102.2039,31.9349, 567.7, 4853, -4.4,-14.6,-13.1, 45, 47, 2.17,357, 7.0
2026-05-25 11:15:41,-102.2039,31.9349, 567.3, 4858, -4.4,-14.7,-13.1, 45, 47, 2.16,357, 7.0
2026-05-25 11:15:42,-102.2039,31.9348, 566.8, 4864, -4.5,-14.7,-13.2, 45, 47, 2.15,357, 7.1
2026-05-25 11:15:43,-102.2039,31.9347, 566.4, 4870, -4.6,-14.8,-13.2, 45, 47, 2.14,358, 7.1
2026-05-25 11:15:44,-102.2039,31.9347, 566.0, 4876, -4.6,-14.8,-13.3, 45, 47, 2.14,358, 7.2
2026-05-25 11:15:45,-102.2039,31.9346, 565.6, 4882, -4.7,-14.9,-13.3, 45, 47, 2.13,358, 7.2
2026-05-25 11:15:46,-102.2039,31.9345, 565.1, 4888, -4.7,-15.0,-13.4, 45, 47, 2.12,358, 7.3
2026-05-25 11:15:47,-102.2039,31.9344, 564.7, 4894, -4.8,-15.0,-13.4, 45, 47, 2.11,359, 7.3
2026-05-25 11:15:48,-102.2039,31.9344, 564.3, 4900, -4.8,-15.1,-13.5, 45, 47, 2.10,359, 7.4
2026-05-25 11:15:49,-102.2038,31.9343, 563.8, 4906, -4.9,-15.1,-13.5, 45, 47, 2.09,359, 7.5
2026-05-25 11:15:50,-102.2038,31.9342, 563.3, 4914, -5.0,-15.2,-13.6, 45, 47, 2.09,360, 7.5
2026-05-25 11:15:51,-102.2038,31.9342, 562.8, 4920, -5.0,-15.2,-13.6, 45, 47, 2.08,360, 7.6
2026-05-25 11:15:52,-102.2038,31.9341, 562.3, 4928, -5.1,-15.2,-13.6, 45, 47, 2.08,360, 7.6
2026-05-25 11:15:53,-102.2038,31.9340, 561.8, 4935, -5.1,-15.3,-13.7, 45, 47, 2.07,360, 7.7
2026-05-25 11:15:54,-102.2038,31.9340, 561.2, 4942, -5.2,-15.3,-13.7, 45, 47, 2.07,360, 7.7
2026-05-25 11:15:55,-102.2038,31.9339, 560.7, 4950, -5.3,-15.3,-13.7, 45, 47, 2.07,360, 7.8
2026-05-25 11:15:56,-102.2039,31.9338, 560.3, 4956, -5.3,-15.4,-13.8, 45, 47, 2.06,360, 7.8
2026-05-25 11:15:57,-102.2039,31.9338, 559.8, 4963, -5.4,-15.4,-13.8, 45, 48, 2.06,  1, 7.9
2026-05-25 11:15:58,-102.2039,31.9337, 559.3, 4969, -5.4,-15.4,-13.8, 45, 48, 2.06,  1, 7.9
2026-05-25 11:15:59,-102.2039,31.9336, 558.9, 4976, -5.5,-15.5,-13.8, 45, 48, 2.05,  1, 8.0
2026-05-25 11:16:00,-102.2039,31.9336, 558.4, 4982, -5.6,-15.5,-13.9, 45, 48, 2.05,  1, 8.0
2026-05-25 11:16:01,-102.2039,31.9335, 558.0, 4988, -5.6,-15.5,-13.9, 45, 48, 2.05,  1, 8.1
2026-05-25 11:16:02,-102.2039,31.9334, 557.6, 4994, -5.7,-15.6,-13.9, 46, 48, 2.04,  1, 8.2
2026-05-25 11:16:03,-102.2039,31.9333, 557.1, 5001, -5.8,-15.6,-14.0, 46, 48, 2.04,  1, 8.2
2026-05-25 11:16:04,-102.2039,31.9333, 556.8, 5004, -5.8,-15.6,-14.0, 46, 48, 2.03,  1, 8.3
2026-05-25 11:16:05,-102.2040,31.9332, 556.5, 5010, -5.8,-15.7,-14.1, 46, 48, 2.02,  1, 8.3
2026-05-25 11:16:06,-102.2040,31.9331, 556.1, 5015, -5.9,-15.8,-14.1, 46, 48, 2.01,  1, 8.4
2026-05-25 11:16:07,-102.2040,31.9331, 555.7, 5020, -5.9,-15.8,-14.2, 46, 48, 2.01,  2, 8.4
2026-05-25 11:16:08,-102.2040,31.9330, 555.3, 5026, -6.0,-15.9,-14.2, 45, 48, 2.00,  2, 8.5
2026-05-25 11:16:09,-102.2040,31.9329, 554.9, 5031, -6.0,-15.9,-14.3, 45, 48, 1.99,  2, 8.5
2026-05-25 11:16:10,-102.2040,31.9329, 554.6, 5036, -6.1,-16.0,-14.3, 45, 48, 1.98,  2, 8.6
2026-05-25 11:16:11,-102.2040,31.9328, 554.2, 5042, -6.1,-16.1,-14.4, 45, 48, 1.97,  2, 8.6
2026-05-25 11:16:12,-102.2040,31.9327, 553.8, 5047, -6.2,-16.1,-14.4, 45, 48, 1.96,  2, 8.7
2026-05-25 11:16:13,-102.2040,31.9326, 553.4, 5053, -6.2,-16.2,-14.5, 45, 48, 1.96,  3, 8.6
2026-05-25 11:16:14,-102.2041,31.9326, 553.0, 5058, -6.3,-16.2,-14.5, 45, 48, 1.95,  3, 8.5
2026-05-25 11:16:15,-102.2041,31.9325, 552.6, 5064, -6.3,-16.3,-14.6, 45, 48, 1.94,  4, 8.4
2026-05-25 11:16:16,-102.2041,31.9324, 552.2, 5069, -6.4,-16.3,-14.6, 45, 48, 1.93,  5, 8.3
2026-05-25 11:16:17,-102.2041,31.9324, 551.8, 5075, -6.4,-16.4,-14.7, 45, 48, 1.92,  5, 8.2
2026-05-25 11:16:18,-102.2041,31.9323, 551.4, 5080, -6.5,-16.7,-14.9, 44, 47, 1.89,  6, 8.1
2026-05-25 11:16:19,-102.2041,31.9322, 551.1, 5086, -6.5,-16.9,-15.1, 44, 46, 1.85,  7, 8.0
2026-05-25 11:16:20,-102.2041,31.9322, 550.7, 5091, -6.5,-17.1,-15.3, 43, 46, 1.82,  8, 7.9
2026-05-25 11:16:21,-102.2041,31.9321, 550.3, 5097, -6.6,-17.3,-15.5, 42, 45, 1.78,  8, 7.8
2026-05-25 11:16:22,-102.2042,31.9320, 549.8, 5103, -6.6,-17.6,-15.7, 41, 44, 1.75,  9, 7.8
2026-05-25 11:16:23,-102.2042,31.9320, 549.4, 5108, -6.6,-17.8,-15.9, 41, 43, 1.72, 10, 7.7
2026-05-25 11:16:24,-102.2042,31.9319, 549.0, 5114, -6.7,-18.0,-16.2, 40, 43, 1.69, 11, 7.6
2026-05-25 11:16:25,-102.2042,31.9318, 548.6, 5120, -6.7,-18.3,-16.4, 39, 42, 1.65, 12, 7.4
2026-05-25 11:16:26,-102.2042,31.9317, 548.2, 5126, -6.8,-18.5,-16.6, 39, 41, 1.62, 13, 7.3
2026-05-25 11:16:27,-102.2043,31.9317, 547.8, 5132, -6.8,-18.8,-16.8, 38, 41, 1.59, 14, 7.2
2026-05-25 11:16:28,-102.2043,31.9316, 547.3, 5138, -6.8,-19.0,-17.1, 37, 40, 1.56, 14, 7.2
2026-05-25 11:16:29,-102.2043,31.9316, 546.9, 5145, -6.9,-19.3,-17.3, 37, 39, 1.52, 15, 7.1
2026-05-25 11:16:30,-102.2043,31.9315, 546.5, 5151, -6.9,-19.5,-17.5, 36, 38, 1.49, 16, 7.0
2026-05-25 11:16:31,-102.2044,31.9314, 546.0, 5158, -7.0,-19.8,-17.7, 35, 38, 1.46, 17, 6.9
2026-05-25 11:16:32,-102.2044,31.9314, 545.6, 5164, -7.0,-19.9,-17.9, 35, 38, 1.45, 18, 6.8
2026-05-25 11:16:33,-102.2044,31.9313, 545.2, 5170, -7.1,-20.0,-18.0, 35, 37, 1.43, 18, 6.9
2026-05-25 11:16:34,-102.2045,31.9312, 544.7, 5177, -7.1,-20.1,-18.1, 35, 37, 1.42, 19, 7.0
2026-05-25 11:16:35,-102.2045,31.9312, 544.3, 5183, -7.2,-20.3,-18.2, 34, 37, 1.40, 19, 7.0
2026-05-25 11:16:36,-102.2045,31.9311, 543.9, 5189, -7.2,-20.4,-18.3, 34, 37, 1.39, 19, 7.1
2026-05-25 11:16:37,-102.2045,31.9310, 543.4, 5195, -7.3,-20.5,-18.4, 34, 36, 1.37, 19, 7.1
2026-05-25 11:16:38,-102.2046,31.9310, 543.0, 5201, -7.3,-20.7,-18.6, 33, 36, 1.36, 19, 7.2
2026-05-25 11:16:39,-102.2046,31.9309, 542.6, 5206, -7.3,-20.8,-18.7, 33, 36, 1.35, 19, 7.2
2026-05-25 11:16:40,-102.2046,31.9308, 542.1, 5212, -7.4,-20.9,-18.8, 33, 35, 1.33, 19, 7.3
2026-05-25 11:16:41,-102.2047,31.9308, 541.7, 5219, -7.4,-21.1,-18.9, 33, 35, 1.32, 19, 7.4
2026-05-25 11:16:42,-102.2047,31.9307, 541.3, 5225, -7.5,-21.2,-19.0, 32, 35, 1.30, 19, 7.4
2026-05-25 11:16:43,-102.2047,31.9306, 540.8, 5232, -7.5,-21.3,-19.2, 32, 35, 1.29, 19, 7.5
2026-05-25 11:16:44,-102.2047,31.9306, 540.4, 5238, -7.6,-21.4,-19.3, 32, 34, 1.28, 19, 7.5
2026-05-25 11:16:45,-102.2048,31.9305, 540.0, 5245, -7.7,-21.5,-19.3, 32, 35, 1.27, 19, 7.6
2026-05-25 11:16:46,-102.2048,31.9304, 539.5, 5251, -7.7,-21.5,-19.4, 32, 35, 1.27, 19, 7.7
2026-05-25 11:16:47,-102.2048,31.9304, 539.1, 5257, -7.8,-21.6,-19.4, 32, 35, 1.26, 19, 7.7
2026-05-25 11:16:48,-102.2048,31.9303, 538.7, 5263, -7.8,-21.6,-19.5, 32, 35, 1.26, 19, 7.8
2026-05-25 11:16:49,-102.2049,31.9302, 538.2, 5270, -7.9,-21.7,-19.5, 32, 35, 1.25, 19, 7.8
2026-05-25 11:16:50,-102.2049,31.9302, 537.8, 5276, -7.9,-21.8,-19.6, 32, 35, 1.25, 19, 7.9
2026-05-25 11:16:51,-102.2049,31.9301, 537.4, 5282, -8.0,-21.8,-19.6, 32, 35, 1.24, 19, 8.0
2026-05-25 11:16:52,-102.2050,31.9300, 537.0, 5288, -8.1,-21.9,-19.7, 32, 35, 1.24, 19, 8.0
2026-05-25 11:16:53,-102.2050,31.9300, 536.5, 5294, -8.1,-21.9,-19.7, 32, 35, 1.23, 20, 8.1
2026-05-25 11:16:54,-102.2050,31.9299, 536.1, 5300, -8.2,-22.0,-19.8, 32, 35, 1.23, 20, 8.1
2026-05-25 11:16:55,-102.2050,31.9298, 535.7, 5306, -8.2,-22.0,-19.8, 32, 35, 1.22, 20, 8.1
2026-05-25 11:16:56,-102.2051,31.9298, 535.3, 5312, -8.3,-22.1,-19.8, 32, 35, 1.22, 20, 8.2
2026-05-25 11:16:57,-102.2051,31.9297, 534.9, 5318, -8.3,-22.1,-19.9, 32, 35, 1.21, 20, 8.2
2026-05-25 11:16:58,-102.2052,31.9296, 534.5, 5324, -8.4,-22.1,-19.9, 32, 35, 1.22, 20, 8.2
2026-05-25 11:16:59,-102.2052,31.9295, 534.1, 5330, -8.5,-22.0,-19.8, 33, 35, 1.23, 20, 8.3
2026-05-25 11:17:00,-102.2052,31.9295, 533.6, 5336, -8.5,-22.0,-19.8, 33, 36, 1.23, 20, 8.3
2026-05-25 11:17:01,-102.2053,31.9294, 533.2, 5342, -8.6,-21.9,-19.7, 33, 36, 1.24, 20, 8.4
2026-05-25 11:17:02,-102.2053,31.9293, 532.8, 5348, -8.6,-21.9,-19.7, 33, 36, 1.25, 20, 8.4
2026-05-25 11:17:03,-102.2053,31.9292, 532.4, 5354, -8.7,-21.8,-19.6, 34, 37, 1.25, 20, 8.4
2026-05-25 11:17:04,-102.2054,31.9292, 532.0, 5360, -8.7,-21.8,-19.6, 34, 37, 1.26, 20, 8.5
2026-05-25 11:17:05,-102.2054,31.9291, 531.6, 5365, -8.8,-21.7,-19.6, 34, 37, 1.26, 20, 8.5
2026-05-25 11:17:06,-102.2054,31.9290, 531.2, 5371, -8.9,-21.7,-19.5, 35, 38, 1.27, 20, 8.5
2026-05-25 11:17:07,-102.2055,31.9289, 530.8, 5377, -8.9,-21.7,-19.5, 35, 38, 1.28, 20, 8.6
2026-05-25 11:17:08,-102.2055,31.9289, 530.4, 5383, -9.0,-21.6,-19.4, 35, 38, 1.28, 20, 8.6
2026-05-25 11:17:09,-102.2055,31.9288, 530.0, 5389, -9.0,-21.6,-19.4, 35, 39, 1.29, 20, 8.7
2026-05-25 11:17:10,-102.2056,31.9287, 529.5, 5395, -9.1,-21.5,-19.3, 36, 39, 1.29, 20, 8.7
2026-05-25 11:17:11,-102.2056,31.9286, 529.1, 5401, -9.1,-21.4,-19.3, 36, 39, 1.31, 20, 8.7
2026-05-25 11:17:12,-102.2056,31.9286, 528.7, 5408, -9.2,-21.3,-19.1, 37, 40, 1.32, 20, 8.8
2026-05-25 11:17:13,-102.2057,31.9285, 528.3, 5414, -9.2,-21.1,-19.0, 37, 41, 1.34, 20, 8.8
2026-05-25 11:17:14,-102.2057,31.9284, 527.9, 5420, -9.3,-21.0,-18.9, 38, 41, 1.36, 21, 8.8
2026-05-25 11:17:15,-102.2057,31.9283, 527.5, 5426, -9.3,-20.9,-18.7, 38, 42, 1.38, 21, 8.9
2026-05-25 11:17:16,-102.2058,31.9283, 527.0, 5432, -9.3,-20.7,-18.6, 39, 43, 1.39, 21, 8.9
2026-05-25 11:17:17,-102.2058,31.9282, 526.6, 5438, -9.4,-20.6,-18.5, 40, 43, 1.41, 21, 8.9
2026-05-25 11:17:18,-102.2059,31.9281, 526.2, 5445, -9.4,-20.5,-18.4, 40, 44, 1.43, 21, 9.0
2026-05-25 11:17:19,-102.2059,31.9280, 525.8, 5451, -9.5,-20.3,-18.3, 41, 45, 1.44, 21, 9.0
2026-05-25 11:17:20,-102.2059,31.9280, 525.3, 5457, -9.5,-20.2,-18.2, 41, 45, 1.46, 21, 9.0
2026-05-25 11:17:21,-102.2060,31.9279, 524.9, 5464, -9.6,-20.1,-18.0, 42, 46, 1.48, 21, 9.1
2026-05-25 11:17:22,-102.2060,31.9278, 524.4, 5470, -9.6,-20.0,-17.9, 43, 47, 1.49, 22, 9.1
2026-05-25 11:17:23,-102.2060,31.9277, 524.0, 5477, -9.7,-19.9,-17.8, 43, 47, 1.51, 22, 9.1
2026-05-25 11:17:24,-102.2061,31.9277, 523.6, 5482, -9.7,-19.7,-17.7, 44, 48, 1.53, 22, 9.2
2026-05-25 11:17:25,-102.2061,31.9276, 523.1, 5490, -9.7,-19.9,-17.9, 43, 47, 1.50, 22, 9.2
2026-05-25 11:17:26,-102.2061,31.9275, 522.7, 5495, -9.7,-20.1,-18.0, 43, 47, 1.48, 22, 9.2
2026-05-25 11:17:27,-102.2062,31.9274, 522.4, 5501, -9.8,-20.3,-18.2, 42, 46, 1.46, 22, 9.3
2026-05-25 11:17:28,-102.2062,31.9274, 522.0, 5507, -9.8,-20.4,-18.3, 42, 46, 1.44, 22, 9.3
2026-05-25 11:17:29,-102.2063,31.9273, 521.6, 5512, -9.8,-20.6,-18.5, 41, 45, 1.43, 22, 9.3
2026-05-25 11:17:30,-102.2063,31.9272, 521.2, 5518, -9.8,-20.8,-18.6, 40, 45, 1.41, 23, 9.4
2026-05-25 11:17:31,-102.2064,31.9271, 520.8, 5524, -9.9,-20.9,-18.8, 40, 44, 1.39, 23, 9.4
2026-05-25 11:17:32,-102.2065,31.9271, 520.5, 5529, -9.9,-21.1,-19.0, 39, 43, 1.37, 23, 9.4
2026-05-25 11:17:33,-102.2065,31.9270, 520.1, 5534, -9.9,-21.3,-19.1, 39, 43, 1.35, 23, 9.4
2026-05-25 11:17:34,-102.2066,31.9269, 519.7, 5540, -9.9,-21.5,-19.3, 38, 42, 1.33, 24, 9.4
2026-05-25 11:17:35,-102.2066,31.9269, 519.4, 5545, -9.9,-21.6,-19.4, 38, 42, 1.31, 24, 9.4
2026-05-25 11:17:36,-102.2067,31.9268, 519.0, 5551,-10.0,-21.8,-19.6, 37, 41, 1.29, 25, 9.4
2026-05-25 11:17:37,-102.2067,31.9267, 518.6, 5556,-10.0,-20.9,-18.8, 41, 45, 1.40, 25, 9.4
2026-05-25 11:17:38,-102.2068,31.9266, 518.2, 5562,-10.0,-21.1,-19.0, 40, 44, 1.37, 26, 9.4
2026-05-25 11:17:39,-102.2068,31.9266, 517.9, 5568,-10.1,-21.3,-19.2, 39, 43, 1.34, 26, 9.4
2026-05-25 11:17:40,-102.2069,31.9265, 517.5, 5573,-10.1,-21.6,-19.4, 38, 42, 1.32, 27, 9.4
2026-05-25 11:17:41,-102.2069,31.9264, 517.1, 5579,-10.1,-21.8,-19.6, 38, 42, 1.29, 27, 9.5
2026-05-25 11:17:42,-102.2070,31.9264, 516.7, 5585,-10.1,-22.1,-19.9, 37, 41, 1.26, 28, 9.5
2026-05-25 11:17:43,-102.2070,31.9263, 516.3, 5591,-10.2,-22.4,-20.1, 36, 40, 1.23, 28, 9.5
2026-05-25 11:17:44,-102.2071,31.9262, 515.9, 5597,-10.2,-22.6,-20.4, 35, 39, 1.20, 29, 9.5
2026-05-25 11:17:45,-102.2071,31.9261, 515.5, 5603,-10.2,-22.9,-20.6, 35, 38, 1.18, 29, 9.5
2026-05-25 11:17:46,-102.2072,31.9261, 515.1, 5609,-10.2,-23.2,-20.9, 34, 37, 1.15, 30, 9.5
2026-05-25 11:17:47,-102.2072,31.9260, 514.7, 5615,-10.3,-23.5,-21.1, 33, 36, 1.12, 30, 9.5
2026-05-25 11:17:48,-102.2073,31.9259, 514.3, 5621,-10.3,-23.8,-21.4, 32, 36, 1.09, 31, 9.5
2026-05-25 11:17:49,-102.2073,31.9259, 513.9, 5627,-10.3,-24.1,-21.7, 31, 35, 1.06, 31, 9.5
2026-05-25 11:17:50,-102.2074,31.9258, 513.5, 5633,-10.4,-24.4,-22.0, 31, 34, 1.04, 32, 9.5
2026-05-25 11:17:51,-102.2074,31.9257, 513.1, 5640,-10.4,-24.7,-22.3, 30, 33, 1.01, 32, 9.5
2026-05-25 11:17:52,-102.2075,31.9256, 512.7, 5646,-10.4,-24.8,-22.4, 30, 33, 1.00, 33, 9.6
2026-05-25 11:17:53,-102.2075,31.9256, 512.2, 5652,-10.5,-25.0,-22.5, 29, 33, 0.98, 33, 9.5
2026-05-25 11:17:54,-102.2076,31.9255, 511.8, 5658,-10.5,-25.1,-22.6, 29, 32, 0.97, 33, 9.4
2026-05-25 11:17:55,-102.2076,31.9254, 511.4, 5664,-10.6,-25.2,-22.8, 29, 32, 0.96, 33, 9.3
2026-05-25 11:17:56,-102.2077,31.9253, 511.0, 5670,-10.6,-25.4,-22.9, 29, 32, 0.95, 33, 9.2
2026-05-25 11:17:57,-102.2077,31.9253, 510.6, 5676,-10.6,-25.5,-23.0, 28, 31, 0.94, 33, 9.1
2026-05-25 11:17:58,-102.2077,31.9252, 510.2, 5681,-10.7,-25.7,-23.1, 28, 31, 0.93, 33, 8.9
2026-05-25 11:17:59,-102.2078,31.9252, 509.8, 5688,-10.7,-25.8,-23.3, 28, 31, 0.92, 33, 8.8
2026-05-25 11:18:00,-102.2078,31.9251, 509.4, 5694,-10.8,-25.9,-23.4, 27, 31, 0.91, 33, 8.7
2026-05-25 11:18:01,-102.2079,31.9251, 509.0, 5700,-10.8,-26.1,-23.5, 27, 30, 0.90, 33, 8.6
2026-05-25 11:18:02,-102.2079,31.9250, 508.6, 5706,-10.8,-26.2,-23.7, 27, 30, 0.89, 33, 8.5
2026-05-25 11:18:03,-102.2079,31.9249, 508.2, 5712,-10.9,-26.4,-23.8, 27, 30, 0.87, 33, 8.4
2026-05-25 11:18:04,-102.2080,31.9249, 507.8, 5718,-10.9,-26.5,-23.9, 26, 29, 0.86, 33, 8.3
2026-05-25 11:18:05,-102.2080,31.9248, 507.4, 5724,-11.0,-26.6,-24.0, 26, 29, 0.86, 33, 8.2
2026-05-25 11:18:06,-102.2080,31.9248, 507.1, 5730,-11.0,-26.6,-24.0, 26, 29, 0.86, 33, 8.1
2026-05-25 11:18:07,-102.2081,31.9247, 506.7, 5736,-11.1,-26.7,-24.1, 26, 29, 0.85, 33, 8.0
2026-05-25 11:18:08,-102.2081,31.9246, 506.2, 5742,-11.1,-26.7,-24.1, 26, 29, 0.85, 33, 7.9
2026-05-25 11:18:09,-102.2082,31.9246, 505.8, 5748,-11.2,-26.8,-24.2, 26, 29, 0.84, 33, 7.8
2026-05-25 11:18:10,-102.2082,31.9245, 505.4, 5754,-11.2,-26.8,-24.2, 26, 29, 0.84, 33, 7.7
2026-05-25 11:18:11,-102.2082,31.9245, 505.0, 5760,-11.3,-26.9,-24.3, 26, 29, 0.84, 33, 7.6
2026-05-25 11:18:12,-102.2083,31.9244, 504.6, 5767,-11.4,-26.9,-24.3, 26, 29, 0.84, 33, 7.5
2026-05-25 11:18:13,-102.2083,31.9243, 504.2, 5773,-11.4,-27.0,-24.4, 26, 29, 0.83, 32, 7.5
2026-05-25 11:18:14,-102.2083,31.9243, 503.8, 5780,-11.5,-27.1,-24.4, 26, 29, 0.83, 32, 7.5
2026-05-25 11:18:15,-102.2084,31.9242, 503.3, 5786,-11.5,-27.1,-24.5, 26, 29, 0.83, 32, 7.5
2026-05-25 11:18:16,-102.2084,31.9242, 502.9, 5793,-11.6,-27.2,-24.5, 26, 29, 0.82, 31, 7.5
2026-05-25 11:18:17,-102.2085,31.9241, 502.5, 5799,-11.6,-27.2,-24.6, 26, 29, 0.82, 31, 7.5
2026-05-25 11:18:18,-102.2085,31.9240, 502.1, 5806,-11.7,-27.3,-24.6, 26, 29, 0.81, 31, 7.5
2026-05-25 11:18:19,-102.2085,31.9240, 501.6, 5812,-11.7,-27.4,-24.7, 26, 29, 0.81, 30, 7.5
2026-05-25 11:18:20,-102.2086,31.9239, 501.3, 5819,-11.8,-27.4,-24.8, 26, 29, 0.80, 30, 7.5
2026-05-25 11:18:21,-102.2086,31.9239, 500.9, 5824,-11.8,-27.5,-24.8, 26, 29, 0.80, 29, 7.5
2026-05-25 11:18:22,-102.2087,31.9238, 500.6, 5829,-11.8,-27.6,-24.9, 26, 29, 0.79, 29, 7.5
2026-05-25 11:18:23,-102.2087,31.9238, 500.3, 5834,-11.9,-27.7,-25.0, 26, 29, 0.79, 29, 7.5
2026-05-25 11:18:24,-102.2087,31.9237, 500.0, 5838,-11.9,-27.7,-25.0, 26, 29, 0.79, 28, 7.5
2026-05-25 11:18:25,-102.2088,31.9236, 499.6, 5844,-11.9,-27.8,-25.1, 25, 29, 0.78, 28, 7.5
2026-05-25 11:18:26,-102.2088,31.9236, 499.2, 5849,-12.0,-27.9,-25.2, 25, 29, 0.77, 28, 7.5
2026-05-25 11:18:27,-102.2088,31.9235, 498.8, 5855,-12.0,-28.0,-25.3, 25, 28, 0.77, 27, 7.5
2026-05-25 11:18:28,-102.2089,31.9235, 498.4, 5861,-12.0,-28.0,-25.3, 25, 28, 0.77, 27, 7.5
2026-05-25 11:18:29,-102.2089,31.9234, 498.1, 5867,-12.1,-28.1,-25.4, 25, 28, 0.76, 27, 7.5
2026-05-25 11:18:30,-102.2090,31.9233, 497.7, 5872,-12.1,-28.2,-25.5, 25, 28, 0.76, 26, 7.5
2026-05-25 11:18:31,-102.2090,31.9233, 497.3, 5878,-12.2,-28.2,-25.5, 25, 28, 0.75, 26, 7.5
2026-05-25 11:18:32,-102.2090,31.9232, 497.0, 5883,-12.2,-28.3,-25.6, 25, 28, 0.75, 26, 7.5
2026-05-25 11:18:33,-102.2091,31.9232, 496.8, 5887,-12.2,-28.4,-25.6, 25, 28, 0.74, 26, 7.5
2026-05-25 11:18:34,-102.2091,31.9231, 496.5, 5892,-12.3,-28.4,-25.7, 25, 28, 0.74, 26, 7.5
2026-05-25 11:18:35,-102.2092,31.9230, 496.2, 5896,-12.3,-28.5,-25.8, 25, 28, 0.74, 26, 7.6
2026-05-25 11:18:36,-102.2092,31.9230, 495.9, 5900,-12.4,-28.5,-25.8, 25, 28, 0.73, 27, 7.6
2026-05-25 11:18:37,-102.2092,31.9229, 495.6, 5905,-12.4,-28.6,-25.9, 25, 28, 0.73, 27, 7.6
2026-05-25 11:18:38,-102.2093,31.9229, 495.3, 5909,-12.4,-28.7,-25.9, 25, 28, 0.73, 27, 7.6
2026-05-25 11:18:39,-102.2093,31.9228, 494.9, 5915,-12.5,-28.7,-26.0, 24, 28, 0.72, 27, 7.6
2026-05-25 11:18:40,-102.2093,31.9227, 494.6, 5920,-12.5,-28.8,-26.0, 24, 28, 0.72, 28, 7.6
2026-05-25 11:18:41,-102.2094,31.9227, 494.3, 5925,-12.6,-28.9,-26.1, 24, 28, 0.71, 28, 7.6
2026-05-25 11:18:42,-102.2094,31.9226, 493.9, 5931,-12.6,-28.9,-26.2, 24, 27, 0.71, 28, 7.6
2026-05-25 11:18:43,-102.2095,31.9226, 493.6, 5936,-12.7,-29.0,-26.2, 24, 27, 0.71, 28, 7.7
2026-05-25 11:18:44,-102.2095,31.9225, 493.3, 5940,-12.7,-29.0,-26.2, 24, 27, 0.71, 29, 7.7
2026-05-25 11:18:45,-102.2095,31.9225, 492.9, 5947,-12.7,-29.1,-26.3, 24, 27, 0.70, 29, 7.7
2026-05-25 11:18:46,-102.2096,31.9224, 492.5, 5952,-12.8,-29.1,-26.3, 24, 27, 0.70, 29, 7.7
2026-05-25 11:18:47,-102.2096,31.9223, 492.2, 5958,-12.8,-29.1,-26.4, 24, 27, 0.70, 29, 7.7
2026-05-25 11:18:48,-102.2097,31.9223, 491.8, 5963,-12.9,-29.2,-26.4, 24, 27, 0.70, 30, 7.7
2026-05-25 11:18:49,-102.2097,31.9222, 491.5, 5969,-12.9,-29.2,-26.4, 24, 27, 0.69, 30, 7.7
2026-05-25 11:18:50,-102.2097,31.9222, 491.2, 5973,-12.9,-29.3,-26.5, 24, 27, 0.69, 30, 7.7
2026-05-25 11:18:51,-102.2098,31.9221, 490.9, 5978,-13.0,-29.3,-26.5, 24, 27, 0.69, 30, 7.8
2026-05-25 11:18:52,-102.2098,31.9220, 490.6, 5982,-13.0,-29.3,-26.5, 24, 27, 0.69, 31, 7.8
2026-05-25 11:18:53,-102.2099,31.9220, 490.3, 5987,-13.1,-29.4,-26.6, 24, 27, 0.69, 30, 7.7
2026-05-25 11:18:54,-102.2099,31.9219, 490.0, 5991,-13.1,-29.4,-26.6, 24, 27, 0.68, 30, 7.7
2026-05-25 11:18:55,-102.2099,31.9219, 489.7, 5997,-13.2,-29.4,-26.6, 24, 27, 0.68, 30, 7.6
2026-05-25 11:18:56,-102.2100,31.9218, 489.3, 6002,-13.2,-29.5,-26.7, 24, 27, 0.68, 30, 7.6
2026-05-25 11:18:57,-102.2100,31.9217, 489.0, 6008,-13.2,-29.5,-26.7, 24, 27, 0.68, 30, 7.5
2026-05-25 11:18:58,-102.2100,31.9217, 488.6, 6013,-13.3,-29.6,-26.8, 24, 27, 0.67, 30, 7.4
2026-05-25 11:18:59,-102.2101,31.9216, 488.2, 6019,-13.3,-29.7,-26.8, 24, 27, 0.67, 29, 7.4
2026-05-25 11:19:00,-102.2101,31.9216, 487.9, 6024,-13.4,-29.7,-26.9, 24, 27, 0.67, 29, 7.3
2026-05-25 11:19:01,-102.2101,31.9215, 487.5, 6030,-13.4,-29.8,-27.0, 24, 27, 0.66, 29, 7.3
2026-05-25 11:19:02,-102.2102,31.9215, 487.2, 6035,-13.4,-29.9,-27.0, 24, 27, 0.66, 29, 7.2
2026-05-25 11:19:03,-102.2102,31.9214, 486.8, 6040,-13.5,-29.9,-27.1, 24, 27, 0.65, 29, 7.2
2026-05-25 11:19:04,-102.2102,31.9214, 486.5, 6046,-13.5,-30.0,-27.2, 24, 27, 0.65, 29, 7.1
2026-05-25 11:19:05,-102.2103,31.9213, 486.1, 6051,-13.6,-30.1,-27.2, 23, 27, 0.65, 28, 7.1
2026-05-25 11:19:06,-102.2103,31.9213, 485.8, 6057,-13.6,-30.2,-27.3, 23, 27, 0.64, 28, 7.0
2026-05-25 11:19:07,-102.2103,31.9212, 485.4, 6062,-13.6,-30.2,-27.4, 23, 27, 0.64, 28, 7.0
2026-05-25 11:19:08,-102.2104,31.9211, 485.1, 6068,-13.7,-30.3,-27.4, 23, 27, 0.63, 28, 6.9
2026-05-25 11:19:09,-102.2104,31.9211, 484.7, 6074,-13.7,-30.4,-27.5, 23, 26, 0.63, 28, 6.9
2026-05-25 11:19:10,-102.2104,31.9210, 484.3, 6080,-13.8,-30.5,-27.6, 23, 26, 0.63, 27, 6.8
2026-05-25 11:19:11,-102.2105,31.9210, 484.0, 6085,-13.8,-30.5,-27.7, 23, 26, 0.62, 27, 6.7
2026-05-25 11:19:12,-102.2105,31.9209, 483.6, 6091,-13.8,-30.7,-27.8, 23, 26, 0.62, 27, 6.7
2026-05-25 11:19:13,-102.2105,31.9209, 483.3, 6097,-13.9,-30.8,-27.9, 22, 26, 0.61, 27, 6.7
2026-05-25 11:19:14,-102.2106,31.9208, 482.9, 6102,-13.9,-31.0,-28.0, 22, 25, 0.60, 27, 6.7
2026-05-25 11:19:15,-102.2106,31.9208, 482.5, 6108,-13.9,-31.1,-28.2, 22, 25, 0.59, 27, 6.7
2026-05-25 11:19:16,-102.2106,31.9207, 482.2, 6114,-13.9,-31.2,-28.3, 22, 25, 0.59, 27, 6.7
2026-05-25 11:19:17,-102.2107,31.9207, 481.8, 6119,-14.0,-31.4,-28.4, 21, 25, 0.58, 27, 6.7
2026-05-25 11:19:18,-102.2107,31.9206, 481.5, 6125,-14.0,-31.5,-28.6, 21, 24, 0.57, 27, 6.7
2026-05-25 11:19:19,-102.2107,31.9206, 481.1, 6130,-14.0,-31.7,-28.7, 21, 24, 0.56, 27, 6.7
2026-05-25 11:19:20,-102.2108,31.9205, 480.7, 6137,-14.0,-31.8,-28.8, 21, 24, 0.56, 27, 6.7
2026-05-25 11:19:21,-102.2108,31.9204, 480.3, 6143,-14.1,-31.9,-29.0, 21, 24, 0.55, 27, 6.7
2026-05-25 11:19:22,-102.2108,31.9204, 480.0, 6149,-14.1,-32.1,-29.1, 20, 23, 0.54, 27, 6.7
2026-05-25 11:19:23,-102.2109,31.9203, 479.6, 6156,-14.1,-32.2,-29.2, 20, 23, 0.53, 27, 6.7
2026-05-25 11:19:24,-102.2109,31.9203, 479.2, 6162,-14.2,-32.4,-29.4, 20, 23, 0.53, 27, 6.7
2026-05-25 11:19:25,-102.2109,31.9202, 478.8, 6167,-14.2,-32.5,-29.5, 20, 23, 0.52, 27, 6.7
2026-05-25 11:19:26,-102.2110,31.9202, 478.5, 6172,-14.2,-32.6,-29.6, 19, 22, 0.52, 27, 6.7
2026-05-25 11:19:27,-102.2110,31.9201, 478.2, 6177,-14.2,-32.7,-29.7, 19, 22, 0.51, 27, 6.7
2026-05-25 11:19:28,-102.2110,31.9201, 477.8, 6183,-14.2,-32.8,-29.8, 19, 22, 0.51, 26, 6.7
2026-05-25 11:19:29,-102.2111,31.9200, 477.5, 6188,-14.2,-32.9,-29.8, 19, 22, 0.50, 26, 6.7
2026-05-25 11:19:30,-102.2111,31.9200, 477.2, 6193,-14.2,-33.0,-29.9, 19, 22, 0.50, 26, 6.7
2026-05-25 11:19:31,-102.2111,31.9199, 476.9, 6197,-14.2,-33.1,-30.0, 19, 21, 0.50, 26, 6.7
2026-05-25 11:19:32,-102.2111,31.9199, 476.6, 6202,-14.2,-33.2,-30.1, 19, 21, 0.49, 26, 6.7
2026-05-25 11:19:33,-102.2112,31.9198, 476.3, 6206,-14.2,-33.3,-30.2, 18, 21, 0.49, 26, 6.7
2026-05-25 11:19:34,-102.2112,31.9198, 476.1, 6211,-14.3,-33.4,-30.3, 18, 21, 0.48, 26, 6.6
2026-05-25 11:19:35,-102.2112,31.9198, 475.8, 6215,-14.3,-33.5,-30.4, 18, 21, 0.48, 26, 6.6
2026-05-25 11:19:36,-102.2112,31.9197, 475.5, 6219,-14.3,-33.6,-30.5, 18, 21, 0.47, 27, 6.5
2026-05-25 11:19:37,-102.2113,31.9197, 475.2, 6224,-14.3,-33.6,-30.5, 18, 20, 0.47, 27, 6.5
2026-05-25 11:19:38,-102.2113,31.9196, 474.9, 6229,-14.3,-33.8,-30.7, 18, 20, 0.46, 27, 6.4
2026-05-25 11:19:39,-102.2113,31.9196, 474.6, 6232,-14.3,-33.9,-30.8, 17, 20, 0.46, 27, 6.4
2026-05-25 11:19:40,-102.2113,31.9195, 474.4, 6236,-14.3,-34.0,-30.9, 17, 20, 0.46, 27, 6.4
2026-05-25 11:19:41,-102.2114,31.9195, 474.1, 6241,-14.3,-34.1,-31.0, 17, 19, 0.45, 27, 6.3
2026-05-25 11:19:42,-102.2114,31.9195, 473.8, 6247,-14.3,-34.2,-31.1, 17, 19, 0.45, 27, 6.3
2026-05-25 11:19:43,-102.2114,31.9194, 473.5, 6252,-14.3,-34.3,-31.2, 17, 19, 0.44, 27, 6.2
2026-05-25 11:19:44,-102.2114,31.9194, 473.1, 6257,-14.3,-34.4,-31.3, 16, 19, 0.44, 27, 6.2
2026-05-25 11:19:45,-102.2115,31.9193, 472.8, 6263,-14.3,-34.6,-31.4, 16, 19, 0.43, 27, 6.1
2026-05-25 11:19:46,-102.2115,31.9193, 472.4, 6268,-14.3,-34.7,-31.5, 16, 18, 0.43, 27, 6.1
2026-05-25 11:19:47,-102.2115,31.9192, 472.1, 6274,-14.3,-34.8,-31.6, 16, 18, 0.42, 27, 6.1
2026-05-25 11:19:48,-102.2115,31.9192, 471.7, 6280,-14.3,-34.9,-31.7, 16, 18, 0.42, 27, 6.0
2026-05-25 11:19:49,-102.2116,31.9191, 471.4, 6286,-14.3,-35.0,-31.8, 15, 18, 0.41, 27, 6.0
2026-05-25 11:19:50,-102.2116,31.9191, 471.0, 6291,-14.3,-35.2,-32.0, 15, 18, 0.41, 27, 5.9
2026-05-25 11:19:51,-102.2116,31.9191, 470.6, 6297,-14.3,-35.3,-32.1, 15, 17, 0.40, 27, 5.9
2026-05-25 11:19:52,-102.2116,31.9190, 470.3, 6303,-14.3,-35.3,-32.1, 15, 17, 0.40, 27, 5.8
2026-05-25 11:19:53,-102.2117,31.9190, 469.9, 6309,-14.3,-35.4,-32.2, 15, 17, 0.40, 27, 5.7
2026-05-25 11:19:54,-102.2117,31.9189, 469.5, 6315,-14.3,-35.5,-32.2, 15, 17, 0.40, 28, 5.6
2026-05-25 11:19:55,-102.2117,31.9189, 469.2, 6321,-14.3,-35.5,-32.3, 15, 17, 0.40, 28, 5.5
2026-05-25 11:19:56,-102.2117,31.9188, 468.8, 6327,-14.4,-35.6,-32.4, 15, 17, 0.39, 28, 5.4
2026-05-25 11:19:57,-102.2118,31.9188, 468.4, 6333,-14.4,-35.7,-32.4, 15, 17, 0.39, 28, 5.3
2026-05-25 11:19:58,-102.2118,31.9188, 468.0, 6339,-14.4,-35.7,-32.5, 15, 17, 0.39, 28, 5.2
2026-05-25 11:19:59,-102.2118,31.9187, 467.6, 6346,-14.4,-35.8,-32.6, 14, 17, 0.39, 29, 5.1
2026-05-25 11:20:00,-102.2118,31.9187, 467.2, 6352,-14.5,-35.9,-32.6, 14, 17, 0.38, 29, 5.0
2026-05-25 11:20:01,-102.2118,31.9187, 466.9, 6358,-14.5,-35.9,-32.7, 14, 17, 0.38, 29, 4.9
2026-05-25 11:20:02,-102.2119,31.9186, 466.5, 6365,-14.5,-36.0,-32.8, 14, 16, 0.38, 29, 4.8
2026-05-25 11:20:03,-102.2119,31.9186, 466.2, 6371,-14.5,-36.1,-32.8, 14, 16, 0.38, 30, 4.7
2026-05-25 11:20:04,-102.2119,31.9186, 465.7, 6378,-14.6,-36.2,-32.9, 14, 16, 0.37, 30, 4.5
2026-05-25 11:20:05,-102.2119,31.9185, 465.5, 6381,-14.6,-36.2,-32.9, 14, 16, 0.37, 30, 4.5
2026-05-25 11:20:06,-102.2119,31.9185, 465.2, 6386,-14.6,-36.2,-33.0, 14, 16, 0.37, 30, 4.4
2026-05-25 11:20:07,-102.2119,31.9185, 464.8, 6391,-14.7,-36.3,-33.0, 14, 16, 0.37, 31, 4.3
2026-05-25 11:20:08,-102.2120,31.9185, 464.5, 6397,-14.7,-36.3,-33.0, 14, 16, 0.37, 31, 4.1
2026-05-25 11:20:09,-102.2120,31.9184, 464.2, 6402,-14.8,-36.3,-33.1, 14, 16, 0.37, 31, 4.0
2026-05-25 11:20:10,-102.2120,31.9184, 463.8, 6407,-14.8,-36.4,-33.1, 14, 16, 0.37, 32, 3.9
2026-05-25 11:20:11,-102.2120,31.9184, 463.5, 6413,-14.9,-36.4,-33.1, 14, 16, 0.37, 32, 3.8
2026-05-25 11:20:12,-102.2120,31.9183, 463.1, 6419,-14.9,-36.5,-33.2, 14, 16, 0.37, 33, 3.7
2026-05-25 11:20:13,-102.2120,31.9183, 462.8, 6425,-14.9,-36.5,-33.2, 14, 16, 0.36, 32, 3.7
2026-05-25 11:20:14,-102.2120,31.9183, 462.4, 6430,-15.0,-36.5,-33.3, 14, 16, 0.36, 31, 3.7
2026-05-25 11:20:15,-102.2121,31.9182, 462.0, 6437,-15.0,-36.6,-33.3, 14, 16, 0.36, 30, 3.7
2026-05-25 11:20:16,-102.2121,31.9182, 461.6, 6444,-15.1,-36.6,-33.3, 14, 16, 0.36, 29, 3.7
2026-05-25 11:20:17,-102.2121,31.9182, 461.2, 6451,-15.1,-36.7,-33.4, 14, 16, 0.36, 29, 3.7
2026-05-25 11:20:18,-102.2121,31.9181, 460.8, 6457,-15.2,-36.7,-33.4, 14, 16, 0.36, 28, 3.7
2026-05-25 11:20:19,-102.2121,31.9181, 460.3, 6465,-15.2,-36.7,-33.4, 14, 16, 0.36, 27, 3.7
2026-05-25 11:20:20,-102.2121,31.9181, 459.9, 6472,-15.3,-36.7,-33.4, 14, 16, 0.36, 26, 3.8
2026-05-25 11:20:21,-102.2122,31.9181, 459.5, 6479,-15.3,-36.8,-33.5, 14, 16, 0.36, 25, 3.8
2026-05-25 11:20:22,-102.2122,31.9180, 459.1, 6485,-15.4,-36.8,-33.5, 14, 17, 0.36, 25, 3.8
2026-05-25 11:20:23,-102.2122,31.9180, 458.7, 6492,-15.4,-36.8,-33.5, 14, 17, 0.36, 24, 3.8
2026-05-25 11:20:24,-102.2122,31.9180, 458.3, 6498,-15.5,-36.8,-33.5, 14, 17, 0.36, 23, 3.8
2026-05-25 11:20:25,-102.2122,31.9179, 457.9, 6505,-15.5,-36.8,-33.5, 14, 17, 0.36, 22, 3.8
2026-05-25 11:20:26,-102.2122,31.9179, 457.5, 6511,-15.6,-36.8,-33.5, 14, 17, 0.36, 22, 3.8
2026-05-25 11:20:27,-102.2123,31.9179, 457.2, 6517,-15.6,-36.9,-33.6, 14, 17, 0.36, 21, 3.8
2026-05-25 11:20:28,-102.2123,31.9178, 456.8, 6523,-15.7,-36.9,-33.6, 14, 17, 0.36, 20, 3.8
2026-05-25 11:20:29,-102.2123,31.9178, 456.4, 6529,-15.7,-36.9,-33.6, 14, 17, 0.36, 19, 3.8
2026-05-25 11:20:30,-102.2123,31.9178, 456.1, 6535,-15.8,-36.9,-33.6, 15, 17, 0.35, 18, 3.8
2026-05-25 11:20:31,-102.2123,31.9177, 455.7, 6541,-15.8,-36.9,-33.6, 15, 17, 0.35, 18, 3.9
2026-05-25 11:20:32,-102.2124,31.9177, 455.4, 6547,-15.9,-36.9,-33.6, 15, 17, 0.35, 17, 3.9
2026-05-25 11:20:33,-102.2124,31.9177, 455.0, 6553,-15.9,-36.9,-33.6, 15, 17, 0.36, 18, 3.9
2026-05-25 11:20:34,-102.2124,31.9176, 454.6, 6559,-16.0,-36.9,-33.6, 15, 17, 0.36, 19, 3.9
2026-05-25 11:20:35,-102.2124,31.9176, 454.3, 6565,-16.0,-36.9,-33.6, 15, 17, 0.36, 20, 3.8
2026-05-25 11:20:36,-102.2125,31.9176, 453.9, 6570,-16.0,-36.9,-33.6, 15, 17, 0.36, 21, 3.8
2026-05-25 11:20:37,-102.2125,31.9175, 453.6, 6576,-16.1,-36.9,-33.6, 15, 17, 0.36, 22, 3.9
2026-05-25 11:20:38,-102.2125,31.9175, 453.2, 6582,-16.1,-36.9,-33.5, 15, 18, 0.36, 23, 3.9
2026-05-25 11:20:39,-102.2125,31.9175, 452.9, 6588,-16.2,-36.8,-33.5, 15, 18, 0.36, 24, 3.9
2026-05-25 11:20:40,-102.2125,31.9175, 452.5, 6594,-16.2,-36.8,-33.5, 15, 18, 0.36, 25, 3.9
2026-05-25 11:20:41,-102.2126,31.9174, 452.2, 6599,-16.3,-36.8,-33.5, 15, 18, 0.36, 26, 3.9
2026-05-25 11:20:42,-102.2126,31.9174, 451.8, 6605,-16.3,-36.8,-33.5, 15, 18, 0.36, 27, 3.9
2026-05-25 11:20:43,-102.2126,31.9174, 451.5, 6611,-16.3,-36.8,-33.5, 15, 18, 0.36, 28, 3.9
2026-05-25 11:20:44,-102.2126,31.9173, 451.2, 6616,-16.4,-36.8,-33.5, 15, 18, 0.36, 29, 3.9
2026-05-25 11:20:45,-102.2127,31.9173, 450.9, 6621,-16.4,-36.8,-33.5, 16, 18, 0.36, 30, 3.9
2026-05-25 11:20:46,-102.2127,31.9173, 450.6, 6626,-16.5,-36.8,-33.5, 16, 18, 0.36, 31, 3.9
2026-05-25 11:20:47,-102.2127,31.9172, 450.4, 6630,-16.5,-36.8,-33.5, 16, 18, 0.36, 32, 3.9
2026-05-25 11:20:48,-102.2127,31.9172, 450.1, 6635,-16.6,-36.8,-33.5, 16, 18, 0.36, 33, 3.9
2026-05-25 11:20:49,-102.2128,31.9172, 449.8, 6639,-16.6,-36.8,-33.5, 16, 18, 0.36, 34, 3.9
2026-05-25 11:20:50,-102.2128,31.9171, 449.5, 6644,-16.6,-36.8,-33.5, 16, 18, 0.36, 35, 3.9
2026-05-25 11:20:51,-102.2128,31.9171, 449.2, 6649,-16.7,-36.8,-33.5, 16, 19, 0.36, 35, 3.9
2026-05-25 11:20:52,-102.2128,31.9171, 448.9, 6653,-16.7,-36.8,-33.5, 16, 19, 0.36, 36, 3.9
2026-05-25 11:20:53,-102.2129,31.9170, 448.7, 6658,-16.8,-36.8,-33.5, 16, 19, 0.36, 35, 4.0
2026-05-25 11:20:54,-102.2129,31.9170, 448.4, 6663,-16.8,-36.9,-33.5, 16, 19, 0.36, 35, 4.0
2026-05-25 11:20:55,-102.2129,31.9170, 448.1, 6668,-16.8,-36.9,-33.6, 16, 19, 0.36, 34, 4.1
2026-05-25 11:20:56,-102.2129,31.9169, 447.8, 6672,-16.9,-36.9,-33.6, 16, 19, 0.36, 33, 4.1
2026-05-25 11:20:57,-102.2129,31.9169, 447.5, 6678,-16.9,-36.9,-33.6, 16, 19, 0.36, 32, 4.2
2026-05-25 11:20:58,-102.2130,31.9169, 447.2, 6683,-17.0,-36.9,-33.6, 16, 19, 0.36, 31, 4.2
2026-05-25 11:20:59,-102.2130,31.9168, 446.9, 6688,-17.0,-36.9,-33.6, 16, 19, 0.36, 31, 4.3
2026-05-25 11:21:00,-102.2130,31.9168, 446.6, 6693,-17.0,-36.8,-33.5, 16, 19, 0.37, 30, 4.4
2026-05-25 11:21:01,-102.2130,31.9168, 446.3, 6698,-17.1,-36.8,-33.5, 16, 19, 0.37, 29, 4.4
2026-05-25 11:21:02,-102.2130,31.9167, 446.0, 6703,-17.1,-36.8,-33.5, 16, 19, 0.37, 28, 4.5
2026-05-25 11:21:03,-102.2130,31.9167, 445.7, 6708,-17.1,-36.7,-33.4, 17, 20, 0.37, 28, 4.6
2026-05-25 11:21:04,-102.2130,31.9166, 445.4, 6713,-17.2,-36.7,-33.4, 17, 20, 0.37, 27, 4.6
2026-05-25 11:21:05,-102.2131,31.9166, 445.1, 6717,-17.2,-36.7,-33.4, 17, 20, 0.37, 26, 4.7
2026-05-25 11:21:06,-102.2131,31.9166, 444.8, 6722,-17.2,-36.6,-33.4, 17, 20, 0.37, 26, 4.8
2026-05-25 11:21:07,-102.2131,31.9165, 444.5, 6727,-17.3,-36.6,-33.3, 17, 20, 0.37, 25, 4.8
2026-05-25 11:21:08,-102.2131,31.9165, 444.2, 6733,-17.3,-36.6,-33.3, 17, 20, 0.38, 24, 4.9
2026-05-25 11:21:09,-102.2131,31.9164, 443.9, 6738,-17.4,-36.6,-33.3, 17, 20, 0.38, 24, 5.0
2026-05-25 11:21:10,-102.2131,31.9164, 443.6, 6743,-17.4,-36.5,-33.2, 17, 20, 0.38, 23, 5.0
2026-05-25 11:21:11,-102.2131,31.9164, 443.3, 6748,-17.4,-36.5,-33.2, 17, 21, 0.38, 23, 5.1
2026-05-25 11:21:12,-102.2131,31.9163, 443.0, 6753,-17.5,-36.5,-33.2, 17, 21, 0.38, 22, 5.2
2026-05-25 11:21:13,-102.2131,31.9163, 442.7, 6758,-17.5,-36.4,-33.1, 18, 21, 0.39, 22, 5.1
2026-05-25 11:21:14,-102.2131,31.9162, 442.4, 6764,-17.5,-36.3,-33.0, 18, 21, 0.39, 21, 5.0
2026-05-25 11:21:15,-102.2131,31.9162, 442.1, 6769,-17.5,-36.2,-33.0, 18, 21, 0.39, 20, 5.0
2026-05-25 11:21:16,-102.2132,31.9162, 441.8, 6775,-17.5,-36.2,-32.9, 18, 21, 0.39, 20, 4.9
2026-05-25 11:21:17,-102.2132,31.9161, 441.5, 6780,-17.6,-36.1,-32.8, 18, 22, 0.40, 19, 4.9
2026-05-25 11:21:18,-102.2132,31.9161, 441.2, 6785,-17.6,-36.0,-32.8, 18, 22, 0.40, 18, 4.8
2026-05-25 11:21:19,-102.2132,31.9160, 440.9, 6788,-17.6,-36.0,-32.7, 19, 22, 0.40, 18, 4.7
2026-05-25 11:21:20,-102.2132,31.9160, 440.7, 6792,-17.6,-35.9,-32.7, 19, 22, 0.41, 17, 4.7
2026-05-25 11:21:21,-102.2132,31.9159, 440.5, 6796,-17.7,-35.8,-32.6, 19, 22, 0.41, 16, 4.6
2026-05-25 11:21:22,-102.2132,31.9159, 440.2, 6800,-17.7,-35.8,-32.5, 19, 23, 0.41, 15, 4.6
2026-05-25 11:21:23,-102.2132,31.9159, 440.0, 6804,-17.7,-35.7,-32.5, 19, 23, 0.41, 15, 4.5
2026-05-25 11:21:24,-102.2132,31.9158, 439.7, 6808,-17.7,-35.7,-32.4, 19, 23, 0.42, 14, 4.4
2026-05-25 11:21:25,-102.2132,31.9158, 439.5, 6813,-17.8,-35.6,-32.4, 20, 23, 0.42, 13, 4.4
2026-05-25 11:21:26,-102.2132,31.9157, 439.2, 6817,-17.8,-35.6,-32.4, 19, 23, 0.42, 12, 4.3
2026-05-25 11:21:27,-102.2133,31.9157, 438.9, 6822,-17.8,-35.7,-32.4, 19, 23, 0.42, 11, 4.3
2026-05-25 11:21:28,-102.2133,31.9157, 438.6, 6826,-17.9,-35.7,-32.5, 19, 23, 0.42, 10, 4.2
2026-05-25 11:21:29,-102.2133,31.9156, 438.3, 6831,-17.9,-35.7,-32.5, 19, 23, 0.42,  9, 4.2
2026-05-25 11:21:30,-102.2133,31.9156, 438.0, 6837,-17.9,-35.8,-32.5, 19, 23, 0.41,  9, 4.1
2026-05-25 11:21:31,-102.2133,31.9155, 437.7, 6843,-18.0,-35.8,-32.6, 19, 23, 0.41,  8, 4.1
2026-05-25 11:21:32,-102.2133,31.9155, 437.4, 6849,-18.0,-35.8,-32.6, 19, 23, 0.41,  7, 4.0
2026-05-25 11:21:33,-102.2133,31.9155, 437.0, 6855,-18.0,-35.9,-32.6, 19, 23, 0.41,  6, 4.1
2026-05-25 11:21:34,-102.2133,31.9154, 436.7, 6861,-18.1,-35.9,-32.7, 19, 23, 0.41,  6, 4.1
2026-05-25 11:21:35,-102.2133,31.9154, 436.4, 6867,-18.1,-35.9,-32.7, 19, 23, 0.41,  5, 4.1
2026-05-25 11:21:36,-102.2133,31.9153, 436.0, 6872,-18.1,-36.0,-32.7, 19, 23, 0.41,  5, 4.2
2026-05-25 11:21:37,-102.2133,31.9153, 435.7, 6878,-18.2,-36.0,-32.8, 19, 23, 0.41,  5, 4.2
2026-05-25 11:21:38,-102.2133,31.9153, 435.4, 6883,-18.2,-36.0,-32.8, 19, 23, 0.41,  4, 4.2
2026-05-25 11:21:39,-102.2133,31.9152, 435.0, 6889,-18.2,-36.1,-32.8, 19, 23, 0.40,  4, 4.3
2026-05-25 11:21:40,-102.2133,31.9152, 434.7, 6894,-18.3,-36.0,-32.8, 20, 23, 0.41,  4, 4.3
2026-05-25 11:21:41,-102.2133,31.9151, 434.4, 6900,-18.3,-36.0,-32.8, 20, 23, 0.41,  3, 4.3
2026-05-25 11:21:42,-102.2133,31.9151, 434.1, 6905,-18.4,-36.0,-32.8, 20, 24, 0.41,  3, 4.4
2026-05-25 11:21:43,-102.2133,31.9150, 433.8, 6911,-18.4,-36.0,-32.8, 20, 24, 0.41,  3, 4.4
2026-05-25 11:21:44,-102.2133,31.9150, 433.5, 6916,-18.5,-36.0,-32.7, 20, 24, 0.41,  2, 4.4
2026-05-25 11:21:45,-102.2133,31.9150, 433.1, 6922,-18.5,-36.0,-32.7, 20, 24, 0.41,  2, 4.5
2026-05-25 11:21:46,-102.2133,31.9149, 432.8, 6927,-18.6,-36.0,-32.7, 20, 24, 0.41,  2, 4.5
2026-05-25 11:21:47,-102.2133,31.9149, 432.5, 6933,-18.6,-36.0,-32.7, 20, 24, 0.41,  1, 4.6
2026-05-25 11:21:48,-102.2133,31.9148, 432.2, 6938,-18.7,-35.9,-32.7, 20, 24, 0.41,  1, 4.6
2026-05-25 11:21:49,-102.2133,31.9148, 431.9, 6943,-18.7,-35.9,-32.7, 20, 25, 0.41,  1, 4.6
2026-05-25 11:21:50,-102.2133,31.9148, 431.6, 6948,-18.8,-35.9,-32.7, 21, 25, 0.41,  1, 4.7
2026-05-25 11:21:51,-102.2133,31.9147, 431.3, 6953,-18.8,-35.9,-32.7, 21, 25, 0.41,360, 4.7
2026-05-25 11:21:52,-102.2133,31.9147, 431.0, 6958,-18.8,-35.9,-32.7, 21, 25, 0.42,360, 4.7
2026-05-25 11:21:53,-102.2133,31.9146, 430.7, 6964,-18.9,-35.9,-32.7, 21, 25, 0.42,360, 4.7
2026-05-25 11:21:54,-102.2133,31.9146, 430.4, 6969,-18.9,-35.9,-32.7, 21, 25, 0.42,360, 4.8
2026-05-25 11:21:55,-102.2133,31.9146, 430.1, 6974,-19.0,-35.9,-32.7, 21, 25, 0.42,360, 4.8
2026-05-25 11:21:56,-102.2133,31.9145, 429.8, 6979,-19.0,-35.9,-32.7, 21, 25, 0.42,360, 4.8
2026-05-25 11:21:57,-102.2133,31.9145, 429.4, 6985,-19.1,-35.9,-32.7, 21, 25, 0.42,360, 4.8
2026-05-25 11:21:58,-102.2133,31.9144, 429.1, 6991,-19.1,-35.9,-32.7, 21, 26, 0.42,360, 4.8
2026-05-25 11:21:59,-102.2133,31.9144, 428.7, 6997,-19.1,-35.9,-32.7, 21, 26, 0.42,360, 4.8
2026-05-25 11:22:00,-102.2133,31.9143, 428.4, 7003,-19.2,-35.9,-32.7, 21, 26, 0.42,360, 4.9
2026-05-25 11:22:01,-102.2133,31.9143, 428.1, 7009,-19.2,-35.9,-32.7, 21, 26, 0.42,360, 4.9
2026-05-25 11:22:02,-102.2133,31.9143, 427.8, 7015,-19.3,-35.9,-32.7, 21, 26, 0.42,  1, 4.9
2026-05-25 11:22:03,-102.2133,31.9142, 427.5, 7022,-19.3,-35.9,-32.7, 22, 26, 0.42,  1, 4.9
2026-05-25 11:22:04,-102.2133,31.9142, 427.2, 7026,-19.3,-35.9,-32.7, 22, 26, 0.42,  1, 4.9
2026-05-25 11:22:05,-102.2133,31.9141, 426.9, 7030,-19.4,-35.9,-32.7, 22, 26, 0.42,  1, 4.9
2026-05-25 11:22:06,-102.2133,31.9141, 426.6, 7035,-19.4,-35.9,-32.7, 22, 26, 0.42,  1, 4.9
2026-05-25 11:22:07,-102.2133,31.9140, 426.3, 7039,-19.4,-35.9,-32.7, 22, 26, 0.42,  1, 5.0
2026-05-25 11:22:08,-102.2133,31.9140, 426.1, 7044,-19.5,-35.9,-32.7, 22, 26, 0.42,  1, 5.0
2026-05-25 11:22:09,-102.2133,31.9139, 425.8, 7048,-19.5,-36.0,-32.7, 22, 26, 0.42,  1, 5.0
2026-05-25 11:22:10,-102.2133,31.9139, 425.6, 7052,-19.5,-36.0,-32.7, 22, 26, 0.42,  1, 5.0
2026-05-25 11:22:11,-102.2133,31.9138, 425.3, 7057,-19.5,-36.0,-32.7, 22, 26, 0.42,  1, 5.0
2026-05-25 11:22:12,-102.2133,31.9138, 425.1, 7061,-19.6,-36.0,-32.7, 22, 26, 0.42,  1, 5.0
2026-05-25 11:22:13,-102.2133,31.9137, 424.9, 7065,-19.6,-36.0,-32.8, 22, 26, 0.42,  1, 5.1
2026-05-25 11:22:14,-102.2133,31.9137, 424.5, 7070,-19.6,-36.0,-32.8, 22, 27, 0.42,  1, 5.1
2026-05-25 11:22:15,-102.2133,31.9136, 424.2, 7076,-19.6,-36.0,-32.8, 22, 27, 0.42,  1, 5.1
2026-05-25 11:22:16,-102.2133,31.9136, 423.9, 7081,-19.6,-36.1,-32.8, 22, 27, 0.42,360, 5.2
2026-05-25 11:22:17,-102.2133,31.9135, 423.6, 7087,-19.7,-36.1,-32.8, 22, 27, 0.42,360, 5.2
2026-05-25 11:22:18,-102.2133,31.9135, 423.3, 7093,-19.7,-36.1,-32.8, 22, 27, 0.42,360, 5.3
2026-05-25 11:22:19,-102.2133,31.9134, 423.0, 7097,-19.7,-36.1,-32.8, 22, 27, 0.42,360, 5.3
2026-05-25 11:22:20,-102.2133,31.9134, 422.7, 7104,-19.7,-36.2,-32.9, 22, 26, 0.41,360, 5.3
2026-05-25 11:22:21,-102.2133,31.9133, 422.4, 7109,-19.8,-36.2,-33.0, 22, 26, 0.41,360, 5.4
2026-05-25 11:22:22,-102.2133,31.9133, 422.1, 7114,-19.8,-36.3,-33.1, 22, 26, 0.41,360, 5.4
2026-05-25 11:22:23,-102.2133,31.9132, 421.8, 7119,-19.8,-36.4,-33.1, 21, 26, 0.40,360, 5.4
2026-05-25 11:22:24,-102.2133,31.9132, 421.5, 7125,-19.8,-36.5,-33.2, 21, 26, 0.40,359, 5.5
2026-05-25 11:22:25,-102.2133,31.9131, 421.2, 7130,-19.8,-36.5,-33.3, 21, 26, 0.40,359, 5.5
2026-05-25 11:22:26,-102.2133,31.9131, 420.8, 7135,-19.9,-36.6,-33.3, 21, 26, 0.40,359, 5.5
2026-05-25 11:22:27,-102.2133,31.9131, 420.5, 7141,-19.9,-36.7,-33.4, 21, 25, 0.39,359, 5.6
2026-05-25 11:22:28,-102.2133,31.9130, 420.2, 7147,-19.9,-36.8,-33.5, 21, 25, 0.39,359, 5.6
2026-05-25 11:22:29,-102.2133,31.9130, 419.8, 7153,-19.9,-36.8,-33.5, 21, 25, 0.39,359, 5.7
2026-05-25 11:22:30,-102.2133,31.9129, 419.5, 7159,-19.9,-36.9,-33.6, 21, 25, 0.39,359, 5.7
2026-05-25 11:22:31,-102.2133,31.9129, 419.2, 7165,-19.9,-37.0,-33.7, 20, 25, 0.38,359, 5.7
2026-05-25 11:22:32,-102.2132,31.9128, 418.8, 7172,-20.0,-37.1,-33.8, 20, 25, 0.38,358, 5.8
2026-05-25 11:22:33,-102.2132,31.9128, 418.4, 7179,-20.0,-37.2,-33.9, 20, 24, 0.37,358, 5.7
2026-05-25 11:22:34,-102.2132,31.9127, 418.1, 7187,-20.0,-37.5,-34.1, 20, 24, 0.37,357, 5.6
2026-05-25 11:22:35,-102.2132,31.9127, 417.7, 7194,-20.0,-37.7,-34.3, 19, 23, 0.36,355, 5.6
2026-05-25 11:22:36,-102.2131,31.9126, 417.3, 7200,-20.0,-37.9,-34.5, 19, 23, 0.35,354, 5.5
2026-05-25 11:22:37,-102.2131,31.9126, 417.0, 7204,-20.0,-38.1,-34.7, 18, 22, 0.34,353, 5.4
2026-05-25 11:22:38,-102.2131,31.9126, 416.7, 7208,-20.0,-38.3,-34.9, 18, 22, 0.34,352, 5.4
2026-05-25 11:22:39,-102.2131,31.9125, 416.5, 7213,-20.1,-38.6,-35.1, 18, 21, 0.33,351, 5.3
2026-05-25 11:22:40,-102.2131,31.9125, 416.2, 7217,-20.1,-38.8,-35.4, 17, 21, 0.32,350, 5.2
2026-05-25 11:22:41,-102.2130,31.9124, 416.0, 7221,-20.1,-39.0,-35.6, 17, 20, 0.31,349, 5.1
2026-05-25 11:22:42,-102.2130,31.9124, 415.7, 7226,-20.1,-39.3,-35.8, 16, 20, 0.31,347, 5.1
2026-05-25 11:22:43,-102.2130,31.9124, 415.4, 7231,-20.1,-39.5,-36.0, 16, 20, 0.30,346, 5.0
2026-05-25 11:22:44,-102.2130,31.9123, 415.2, 7236,-20.1,-39.8,-36.3, 16, 19, 0.29,345, 4.9
2026-05-25 11:22:45,-102.2129,31.9123, 414.9, 7242,-20.1,-40.0,-36.5, 15, 19, 0.28,343, 4.9
2026-05-25 11:22:46,-102.2129,31.9122, 414.6, 7247,-20.2,-40.3,-36.8, 15, 18, 0.28,342, 4.8
2026-05-25 11:22:47,-102.2129,31.9122, 414.3, 7252,-20.2,-40.4,-36.9, 15, 18, 0.27,341, 4.7
2026-05-25 11:22:48,-102.2129,31.9121, 414.0, 7257,-20.2,-40.6,-37.1, 14, 18, 0.27,339, 4.7
2026-05-25 11:22:49,-102.2128,31.9121, 413.8, 7261,-20.2,-40.8,-37.2, 14, 17, 0.26,338, 4.6
2026-05-25 11:22:50,-102.2128,31.9121, 413.5, 7266,-20.3,-40.9,-37.4, 14, 17, 0.26,336, 4.5
2026-05-25 11:22:51,-102.2128,31.9120, 413.2, 7271,-20.3,-41.1,-37.6, 14, 17, 0.25,334, 4.4
2026-05-25 11:22:52,-102.2128,31.9120, 412.9, 7275,-20.3,-41.3,-37.7, 14, 17, 0.25,333, 4.4
2026-05-25 11:22:53,-102.2128,31.9119, 412.7, 7280,-20.3,-41.5,-37.9, 13, 16, 0.25,333, 4.5
2026-05-25 11:22:54,-102.2127,31.9119, 412.4, 7285,-20.4,-41.6,-38.1, 13, 16, 0.24,333, 4.6
2026-05-25 11:22:55,-102.2127,31.9118, 412.1, 7291,-20.4,-41.8,-38.2, 13, 16, 0.24,333, 4.7
2026-05-25 11:22:56,-102.2127,31.9118, 411.8, 7296,-20.4,-42.0,-38.4, 13, 15, 0.23,333, 4.8
2026-05-25 11:22:57,-102.2127,31.9118, 411.5, 7301,-20.4,-42.2,-38.6, 12, 15, 0.23,333, 4.8
2026-05-25 11:22:58,-102.2126,31.9117, 411.2, 7307,-20.5,-42.4,-38.8, 12, 15, 0.22,333, 4.9
2026-05-25 11:22:59,-102.2126,31.9117, 410.9, 7312,-20.5,-42.6,-39.0, 12, 15, 0.22,333, 5.0
2026-05-25 11:23:00,-102.2126,31.9116, 410.6, 7317,-20.5,-42.7,-39.0, 12, 15, 0.22,333, 5.1
2026-05-25 11:23:01,-102.2126,31.9116, 410.4, 7323,-20.6,-42.7,-39.1, 12, 15, 0.22,333, 5.2
2026-05-25 11:23:02,-102.2125,31.9115, 410.1, 7328,-20.6,-42.8,-39.2, 12, 15, 0.21,333, 5.3
2026-05-25 11:23:03,-102.2125,31.9115, 409.8, 7333,-20.7,-42.9,-39.2, 12, 14, 0.21,333, 5.4
2026-05-25 11:23:04,-102.2124,31.9115, 409.5, 7338,-20.7,-42.9,-39.3, 12, 14, 0.21,333, 5.5
2026-05-25 11:23:05,-102.2124,31.9114, 409.2, 7344,-20.8,-43.0,-39.3, 12, 14, 0.21,333, 5.6
2026-05-25 11:23:06,-102.2123,31.9114, 408.9, 7349,-20.8,-43.1,-39.4, 12, 14, 0.21,333, 5.7
2026-05-25 11:23:07,-102.2123,31.9114, 408.6, 7355,-20.8,-43.2,-39.5, 12, 14, 0.21,333, 5.7
2026-05-25 11:23:08,-102.2123,31.9113, 408.3, 7360,-20.9,-43.2,-39.5, 12, 14, 0.21,333, 5.8
2026-05-25 11:23:09,-102.2122,31.9113, 408.0, 7366,-20.9,-43.3,-39.6, 12, 14, 0.20,333, 5.9
2026-05-25 11:23:10,-102.2122,31.9112, 407.7, 7371,-21.0,-43.4,-39.7, 12, 14, 0.20,333, 6.0
2026-05-25 11:23:11,-102.2121,31.9112, 407.4, 7377,-21.0,-43.4,-39.7, 12, 14, 0.20,333, 6.1
2026-05-25 11:23:12,-102.2121,31.9112, 407.1, 7382,-21.1,-43.5,-39.8, 11, 14, 0.20,333, 6.2
2026-05-25 11:23:13,-102.2120,31.9111, 406.9, 7385,-21.1,-43.5,-39.9, 11, 14, 0.20,332, 6.2
2026-05-25 11:23:14,-102.2120,31.9111, 406.4, 7393,-21.2,-43.6,-39.9, 11, 14, 0.20,330, 6.1
2026-05-25 11:23:15,-102.2119,31.9111, 406.1, 7398,-21.2,-43.6,-39.9, 12, 14, 0.20,329, 6.2
2026-05-25 11:23:16,-102.2119,31.9110, 405.8, 7404,-21.3,-43.6,-39.9, 12, 14, 0.20,327, 6.2
2026-05-25 11:23:17,-102.2118,31.9110, 405.4, 7410,-21.3,-43.6,-39.9, 12, 14, 0.20,326, 6.2
2026-05-25 11:23:18,-102.2118,31.9109, 405.1, 7417,-21.4,-43.6,-39.9, 12, 14, 0.20,325, 6.2
2026-05-25 11:23:19,-102.2117,31.9109, 404.8, 7423,-21.4,-43.6,-39.9, 12, 14, 0.20,323, 6.2
2026-05-25 11:23:20,-102.2117,31.9109, 404.4, 7430,-21.5,-43.7,-40.0, 12, 14, 0.20,322, 6.2
2026-05-25 11:23:21,-102.2116,31.9108, 404.1, 7436,-21.5,-43.7,-40.0, 12, 14, 0.20,321, 6.2
2026-05-25 11:23:22,-102.2116,31.9108, 403.7, 7443,-21.6,-43.7,-40.0, 12, 15, 0.20,319, 6.2
2026-05-25 11:23:23,-102.2115,31.9108, 403.4, 7449,-21.6,-43.7,-40.0, 12, 15, 0.20,318, 6.2
2026-05-25 11:23:24,-102.2115,31.9107, 403.0, 7456,-21.7,-43.7,-40.0, 12, 15, 0.20,317, 6.2
2026-05-25 11:23:25,-102.2115,31.9107, 402.7, 7462,-21.7,-43.7,-40.0, 12, 15, 0.20,315, 6.2
2026-05-25 11:23:26,-102.2114,31.9106, 402.3, 7469,-21.8,-43.8,-40.1, 12, 15, 0.20,314, 6.2
2026-05-25 11:23:27,-102.2114,31.9106, 402.0, 7475,-21.8,-43.7,-40.0, 12, 15, 0.20,313, 6.2
2026-05-25 11:23:28,-102.2113,31.9106, 401.7, 7480,-21.9,-43.6,-39.9, 12, 15, 0.20,311, 6.2
2026-05-25 11:23:29,-102.2113,31.9105, 401.4, 7486,-21.9,-43.5,-39.8, 12, 15, 0.20,310, 6.2
2026-05-25 11:23:30,-102.2112,31.9105, 401.1, 7491,-22.0,-43.4,-39.7, 13, 16, 0.21,309, 6.2
2026-05-25 11:23:31,-102.2112,31.9105, 400.8, 7497,-22.0,-43.3,-39.7, 13, 16, 0.21,307, 6.2
2026-05-25 11:23:32,-102.2111,31.9104, 400.5, 7503,-22.1,-43.3,-39.6, 13, 16, 0.21,306, 6.2
2026-05-25 11:23:33,-102.2111,31.9104, 400.2, 7508,-22.1,-43.2,-39.5, 13, 16, 0.21,305, 6.3
2026-05-25 11:23:34,-102.2110,31.9104, 400.0, 7511,-22.1,-43.2,-39.5, 13, 16, 0.21,305, 6.3
2026-05-25 11:23:35,-102.2109,31.9104, 399.6, 7519,-22.2,-43.0,-39.4, 13, 17, 0.21,304, 6.4
2026-05-25 11:23:36,-102.2108,31.9103, 399.3, 7524,-22.3,-43.0,-39.3, 13, 17, 0.22,303, 6.4
2026-05-25 11:23:37,-102.2107,31.9103, 399.0, 7529,-22.3,-42.9,-39.2, 14, 17, 0.22,302, 6.4
2026-05-25 11:23:38,-102.2106,31.9103, 398.7, 7535,-22.4,-42.8,-39.2, 14, 17, 0.22,301, 6.5
2026-05-25 11:23:39,-102.2106,31.9103, 398.4, 7540,-22.4,-42.8,-39.1, 14, 17, 0.22,300, 6.5
2026-05-25 11:23:40,-102.2105,31.9102, 398.1, 7546,-22.4,-42.7,-39.1, 14, 17, 0.22,300, 6.6
2026-05-25 11:23:41,-102.2104,31.9102, 397.8, 7552,-22.5,-42.7,-39.1, 14, 18, 0.22,299, 6.6
2026-05-25 11:23:42,-102.2103,31.9102, 397.5, 7558,-22.5,-42.7,-39.1, 14, 18, 0.22,298, 6.7
2026-05-25 11:23:43,-102.2102,31.9102, 397.2, 7563,-22.6,-42.7,-39.0, 14, 18, 0.22,298, 6.7
2026-05-25 11:23:44,-102.2102,31.9101, 396.9, 7569,-22.6,-42.7,-39.0, 14, 18, 0.22,297, 6.8
2026-05-25 11:23:45,-102.2101,31.9101, 396.6, 7574,-22.7,-42.7,-39.0, 14, 18, 0.23,296, 6.8
2026-05-25 11:23:46,-102.2100,31.9101, 396.3, 7579,-22.7,-42.6,-39.0, 15, 18, 0.23,295, 6.9
2026-05-25 11:23:47,-102.2099,31.9101, 396.1, 7584,-22.7,-42.6,-39.0, 15, 18, 0.23,295, 7.0
2026-05-25 11:23:48,-102.2099,31.9100, 395.8, 7589,-22.8,-42.6,-39.0, 15, 18, 0.23,294, 7.0
2026-05-25 11:23:49,-102.2098,31.9100, 395.5, 7594,-22.8,-42.6,-39.0, 15, 18, 0.23,294, 7.1
2026-05-25 11:23:50,-102.2097,31.9100, 395.2, 7599,-22.9,-42.6,-38.9, 15, 19, 0.23,293, 7.1
2026-05-25 11:23:51,-102.2096,31.9100, 394.9, 7605,-22.9,-42.6,-38.9, 15, 19, 0.23,292, 7.2
2026-05-25 11:23:52,-102.2095,31.9100, 394.6, 7610,-23.0,-42.6,-38.9, 15, 19, 0.23,292, 7.3
2026-05-25 11:23:53,-102.2095,31.9099, 394.4, 7615,-23.0,-42.5,-38.9, 15, 19, 0.23,291, 7.3
2026-05-25 11:23:54,-102.2094,31.9099, 394.0, 7621,-23.0,-42.8,-39.1, 15, 18, 0.22,291, 7.4
2026-05-25 11:23:55,-102.2093,31.9099, 393.7, 7626,-23.1,-43.0,-39.3, 14, 18, 0.22,291, 7.5
2026-05-25 11:23:56,-102.2092,31.9099, 393.5, 7631,-23.1,-43.2,-39.5, 14, 18, 0.22,290, 7.6
2026-05-25 11:23:57,-102.2091,31.9098, 393.2, 7636,-23.1,-43.4,-39.7, 14, 17, 0.21,290, 7.7
2026-05-25 11:23:58,-102.2091,31.9098, 392.9, 7641,-23.2,-43.6,-39.9, 14, 17, 0.21,290, 7.8
2026-05-25 11:23:59,-102.2090,31.9098, 392.7, 7646,-23.2,-43.8,-40.1, 13, 17, 0.20,289, 7.9
2026-05-25 11:24:00,-102.2089,31.9098, 392.4, 7651,-23.2,-44.0,-40.3, 13, 16, 0.20,289, 8.0
2026-05-25 11:24:01,-102.2088,31.9097, 392.1, 7657,-23.3,-44.2,-40.5, 13, 16, 0.19,289, 8.1
2026-05-25 11:24:02,-102.2087,31.9097, 391.8, 7662,-23.3,-44.5,-40.7, 13, 16, 0.19,289, 8.1
2026-05-25 11:24:03,-102.2087,31.9097, 391.5, 7668,-23.3,-44.7,-40.9, 12, 15, 0.18,288, 8.2
2026-05-25 11:24:04,-102.2086,31.9097, 391.2, 7674,-23.4,-44.9,-41.2, 12, 15, 0.18,288, 8.3
2026-05-25 11:24:05,-102.2085,31.9096, 390.9, 7679,-23.4,-45.1,-41.4, 12, 15, 0.18,288, 8.4
2026-05-25 11:24:06,-102.2084,31.9096, 390.5, 7686,-23.4,-45.4,-41.6, 12, 14, 0.17,288, 8.5
2026-05-25 11:24:07,-102.2083,31.9096, 390.2, 7692,-23.5,-45.6,-41.8, 11, 14, 0.17,287, 8.6
2026-05-25 11:24:08,-102.2082,31.9096, 389.9, 7699,-23.5,-45.8,-42.0, 11, 14, 0.16,287, 8.7
2026-05-25 11:24:09,-102.2081,31.9095, 389.6, 7706,-23.5,-46.0,-42.2, 11, 14, 0.16,287, 8.8
2026-05-25 11:24:10,-102.2080,31.9095, 389.2, 7712,-23.6,-46.2,-42.4, 11, 13, 0.16,287, 8.9
2026-05-25 11:24:11,-102.2080,31.9095, 388.9, 7718,-23.6,-46.4,-42.6, 10, 13, 0.15,286, 9.0
2026-05-25 11:24:12,-102.2079,31.9095, 388.6, 7724,-23.6,-46.6,-42.8, 10, 13, 0.15,286, 9.1
2026-05-25 11:24:13,-102.2078,31.9095, 388.2, 7730,-23.7,-46.8,-43.0, 10, 13, 0.15,286, 9.0
2026-05-25 11:24:14,-102.2077,31.9094, 388.0, 7735,-23.7,-47.1,-43.2, 10, 12, 0.14,286, 9.0
2026-05-25 11:24:15,-102.2076,31.9094, 387.7, 7741,-23.7,-47.3,-43.4, 10, 12, 0.14,286, 9.0
2026-05-25 11:24:16,-102.2075,31.9094, 387.4, 7747,-23.8,-47.5,-43.6,  9, 12, 0.14,286, 8.9
2026-05-25 11:24:17,-102.2074,31.9094, 387.2, 7752,-23.8,-47.7,-43.8,  9, 12, 0.13,286, 8.9
2026-05-25 11:24:18,-102.2074,31.9093, 386.9, 7756,-23.8,-48.0,-44.1,  9, 11, 0.13,286, 8.9
2026-05-25 11:24:19,-102.2073,31.9093, 386.6, 7760,-23.9,-48.2,-44.3,  9, 11, 0.13,286, 8.8
2026-05-25 11:24:20,-102.2072,31.9093, 386.5, 7763,-23.9,-48.4,-44.5,  9, 11, 0.12,286, 8.8
2026-05-25 11:24:21,-102.2071,31.9093, 386.2, 7768,-23.9,-48.4,-44.4,  9, 11, 0.12,287, 8.8
2026-05-25 11:24:22,-102.2070,31.9092, 386.0, 7772,-24.0,-48.4,-44.4,  9, 11, 0.12,287, 8.7
2026-05-25 11:24:23,-102.2069,31.9092, 385.8, 7776,-24.0,-48.3,-44.4,  9, 11, 0.12,287, 8.7
2026-05-25 11:24:24,-102.2068,31.9092, 385.5, 7780,-24.1,-48.3,-44.4,  9, 11, 0.13,287, 8.7
2026-05-25 11:24:25,-102.2067,31.9092, 385.3, 7784,-24.1,-48.3,-44.4,  9, 11, 0.13,287, 8.7
2026-05-25 11:24:26,-102.2067,31.9091, 385.1, 7789,-24.2,-48.3,-44.4,  9, 11, 0.13,287, 8.6
2026-05-25 11:24:27,-102.2066,31.9091, 384.8, 7793,-24.2,-48.3,-44.3,  9, 11, 0.13,287, 8.6
2026-05-25 11:24:28,-102.2065,31.9091, 384.5, 7797,-24.3,-48.2,-44.3,  9, 11, 0.13,287, 8.6
2026-05-25 11:24:29,-102.2064,31.9091, 384.2, 7803,-24.3,-48.2,-44.3,  9, 12, 0.13,287, 8.5
2026-05-25 11:24:30,-102.2063,31.9090, 384.0, 7809,-24.4,-48.2,-44.3,  9, 12, 0.13,287, 8.5
2026-05-25 11:24:31,-102.2062,31.9090, 383.7, 7815,-24.4,-48.2,-44.3,  9, 12, 0.13,287, 8.5
2026-05-25 11:24:32,-102.2061,31.9090, 383.4, 7821,-24.4,-48.2,-44.3,  9, 12, 0.13,287, 8.4
2026-05-25 11:24:33,-102.2061,31.9090, 383.0, 7827,-24.5,-48.2,-44.2,  9, 12, 0.13,287, 8.4
2026-05-25 11:24:34,-102.2060,31.9089, 382.6, 7834,-24.5,-48.2,-44.3,  9, 12, 0.13,288, 8.4
2026-05-25 11:24:35,-102.2059,31.9089, 382.3, 7841,-24.6,-48.2,-44.3,  9, 12, 0.13,288, 8.5
2026-05-25 11:24:36,-102.2058,31.9089, 381.9, 7849,-24.6,-48.2,-44.3,  9, 12, 0.13,289, 8.5
2026-05-25 11:24:37,-102.2057,31.9089, 381.6, 7856,-24.7,-48.2,-44.3,  9, 12, 0.13,289, 8.5
2026-05-25 11:24:38,-102.2057,31.9088, 381.2, 7863,-24.7,-48.3,-44.3,  9, 12, 0.13,290, 8.5
2026-05-25 11:24:39,-102.2056,31.9088, 380.9, 7870,-24.7,-48.3,-44.3,  9, 12, 0.13,290, 8.5
2026-05-25 11:24:40,-102.2055,31.9088, 380.6, 7877,-24.8,-48.3,-44.4,  9, 12, 0.13,290, 8.5
2026-05-25 11:24:41,-102.2054,31.9088, 380.3, 7882,-24.8,-48.3,-44.4,  9, 12, 0.13,291, 8.5
2026-05-25 11:24:42,-102.2054,31.9087, 380.0, 7888,-24.9,-48.3,-44.4,  9, 12, 0.13,291, 8.5
2026-05-25 11:24:43,-102.2053,31.9087, 379.6, 7893,-24.9,-48.3,-44.4,  9, 12, 0.13,292, 8.5
2026-05-25 11:24:44,-102.2052,31.9087, 379.4, 7898,-24.9,-48.4,-44.4, 10, 12, 0.13,292, 8.5
2026-05-25 11:24:45,-102.2051,31.9086, 379.2, 7903,-25.0,-48.4,-44.4, 10, 12, 0.13,293, 8.5
2026-05-25 11:24:46,-102.2050,31.9086, 378.9, 7908,-25.0,-48.4,-44.5, 10, 12, 0.13,293, 8.5
2026-05-25 11:24:47,-102.2050,31.9086, 378.7, 7912,-25.1,-48.4,-44.5, 10, 12, 0.13,294, 8.5
2026-05-25 11:24:48,-102.2049,31.9086, 378.4, 7916,-25.1,-48.5,-44.5, 10, 12, 0.13,294, 8.5
2026-05-25 11:24:49,-102.2048,31.9085, 378.2, 7920,-25.1,-48.5,-44.6,  9, 12, 0.12,294, 8.5
2026-05-25 11:24:50,-102.2047,31.9085, 377.9, 7925,-25.2,-48.6,-44.6,  9, 12, 0.12,295, 8.5
2026-05-25 11:24:51,-102.2047,31.9085, 377.7, 7929,-25.2,-48.6,-44.7,  9, 12, 0.12,295, 8.5
2026-05-25 11:24:52,-102.2046,31.9085, 377.4, 7934,-25.2,-48.7,-44.7,  9, 12, 0.12,296, 8.6
2026-05-25 11:24:53,-102.2045,31.9084, 377.2, 7939,-25.3,-48.7,-44.8,  9, 12, 0.12,295, 8.5
2026-05-25 11:24:54,-102.2044,31.9084, 376.9, 7944,-25.3,-48.8,-44.8,  9, 12, 0.12,295, 8.4
2026-05-25 11:24:55,-102.2043,31.9084, 376.7, 7949,-25.3,-48.8,-44.9,  9, 12, 0.12,295, 8.3
2026-05-25 11:24:56,-102.2043,31.9084, 376.4, 7954,-25.4,-48.8,-44.9,  9, 12, 0.12,294, 8.2
2026-05-25 11:24:57,-102.2042,31.9083, 376.2, 7959,-25.4,-48.9,-44.9,  9, 12, 0.12,294, 8.1
2026-05-25 11:24:58,-102.2041,31.9083, 376.0, 7964,-25.4,-48.9,-45.0,  9, 12, 0.12,293, 8.0
2026-05-25 11:24:59,-102.2040,31.9083, 375.7, 7968,-25.5,-49.0,-45.0,  9, 12, 0.12,293, 8.0
2026-05-25 11:25:00,-102.2040,31.9082, 375.5, 7973,-25.5,-49.0,-45.1,  9, 12, 0.12,293, 7.9
2026-05-25 11:25:01,-102.2039,31.9082, 375.2, 7977,-25.5,-49.0,-45.0,  9, 12, 0.12,292, 7.8
2026-05-25 11:25:02,-102.2038,31.9082, 375.0, 7982,-25.6,-48.9,-45.0,  9, 12, 0.12,292, 7.7
2026-05-25 11:25:03,-102.2037,31.9082, 374.8, 7986,-25.6,-48.9,-44.9, 10, 12, 0.12,291, 7.6
2026-05-25 11:25:04,-102.2037,31.9082, 374.6, 7990,-25.7,-48.8,-44.9, 10, 12, 0.12,291, 7.5
2026-05-25 11:25:05,-102.2036,31.9081, 374.4, 7994,-25.7,-48.8,-44.8, 10, 12, 0.12,290, 7.4
2026-05-25 11:25:06,-102.2035,31.9081, 374.1, 7998,-25.8,-48.7,-44.8, 10, 13, 0.12,290, 7.4
2026-05-25 11:25:07,-102.2035,31.9081, 373.9, 8003,-25.8,-48.7,-44.7, 10, 13, 0.12,289, 7.3
2026-05-25 11:25:08,-102.2034,31.9081, 373.7, 8007,-25.8,-48.6,-44.7, 10, 13, 0.12,289, 7.2
2026-05-25 11:25:09,-102.2033,31.9081, 373.4, 8012,-25.9,-48.6,-44.6, 10, 13, 0.13,289, 7.1
2026-05-25 11:25:10,-102.2033,31.9081, 373.1, 8018,-25.9,-48.5,-44.6, 10, 13, 0.13,288, 7.0
2026-05-25 11:25:11,-102.2032,31.9080, 372.9, 8023,-26.0,-48.5,-44.5, 10, 13, 0.13,287, 7.0
2026-05-25 11:25:12,-102.2031,31.9080, 372.6, 8028,-26.0,-48.4,-44.5, 10, 13, 0.13,287, 6.9
2026-05-25 11:25:13,-102.2031,31.9080, 372.3, 8034,-26.1,-48.4,-44.5, 10, 14, 0.13,287, 6.9
2026-05-25 11:25:14,-102.2030,31.9080, 372.0, 8039,-26.1,-48.3,-44.4, 11, 14, 0.13,287, 6.9
2026-05-25 11:25:15,-102.2029,31.9080, 371.8, 8044,-26.2,-48.1,-44.2, 11, 14, 0.13,287, 6.9
2026-05-25 11:25:16,-102.2029,31.9080, 371.5, 8050,-26.2,-48.0,-44.1, 11, 14, 0.13,287, 6.8
2026-05-25 11:25:17,-102.2028,31.9080, 371.2, 8055,-26.3,-47.8,-43.9, 11, 15, 0.14,287, 6.8
2026-05-25 11:25:18,-102.2027,31.9079, 370.9, 8060,-26.3,-47.7,-43.8, 12, 15, 0.14,287, 6.8
2026-05-25 11:25:19,-102.2027,31.9079, 370.7, 8066,-26.4,-47.5,-43.6, 12, 15, 0.14,287, 6.8
2026-05-25 11:25:20,-102.2026,31.9079, 370.4, 8072,-26.4,-47.4,-43.5, 12, 16, 0.14,287, 6.8
2026-05-25 11:25:21,-102.2025,31.9079, 370.1, 8078,-26.5,-47.3,-43.4, 12, 16, 0.15,287, 6.8
2026-05-25 11:25:22,-102.2025,31.9079, 369.8, 8084,-26.5,-47.1,-43.3, 13, 16, 0.15,287, 6.8
2026-05-25 11:25:23,-102.2024,31.9079, 369.5, 8090,-26.6,-47.0,-43.1, 13, 17, 0.15,287, 6.8
2026-05-25 11:25:24,-102.2023,31.9078, 369.2, 8096,-26.7,-46.9,-43.0, 13, 17, 0.15,287, 6.8
2026-05-25 11:25:25,-102.2023,31.9078, 368.9, 8101,-26.7,-46.8,-42.9, 13, 17, 0.16,287, 6.8
2026-05-25 11:25:26,-102.2022,31.9078, 368.6, 8106,-26.8,-46.6,-42.8, 14, 18, 0.16,287, 6.7
2026-05-25 11:25:27,-102.2021,31.9078, 368.3, 8111,-26.8,-46.5,-42.7, 14, 18, 0.16,287, 6.7
2026-05-25 11:25:28,-102.2021,31.9078, 368.0, 8116,-26.9,-46.4,-42.6, 14, 18, 0.16,287, 6.7
2026-05-25 11:25:29,-102.2020,31.9078, 367.7, 8121,-26.9,-46.4,-42.5, 14, 18, 0.16,287, 6.7
2026-05-25 11:25:30,-102.2020,31.9077, 367.4, 8127,-27.0,-46.3,-42.5, 14, 19, 0.16,287, 6.7
2026-05-25 11:25:31,-102.2019,31.9077, 367.2, 8135,-27.0,-46.2,-42.4, 15, 19, 0.17,287, 6.7
2026-05-25 11:25:32,-102.2018,31.9077, 366.8, 8142,-27.1,-46.1,-42.3, 15, 19, 0.17,287, 6.7
2026-05-25 11:25:33,-102.2018,31.9077, 366.4, 8149,-27.1,-46.1,-42.3, 15, 19, 0.17,287, 6.6
2026-05-25 11:25:34,-102.2017,31.9077, 366.1, 8157,-27.2,-46.0,-42.2, 15, 20, 0.17,287, 6.6
2026-05-25 11:25:35,-102.2016,31.9077, 365.7, 8164,-27.3,-45.9,-42.1, 15, 20, 0.17,287, 6.5
2026-05-25 11:25:36,-102.2016,31.9076, 365.3, 8171,-27.3,-45.9,-42.1, 16, 20, 0.17,287, 6.4
2026-05-25 11:25:37,-102.2015,31.9076, 365.0, 8177,-27.4,-45.8,-42.0, 16, 21, 0.17,287, 6.4
2026-05-25 11:25:38,-102.2015,31.9076, 364.7, 8183,-27.4,-45.7,-41.9, 16, 21, 0.18,287, 6.3
2026-05-25 11:25:39,-102.2014,31.9076, 364.4, 8189,-27.5,-45.7,-41.9, 16, 21, 0.18,287, 6.3
2026-05-25 11:25:40,-102.2013,31.9076, 364.1, 8195,-27.5,-45.6,-41.8, 16, 21, 0.18,287, 6.2
2026-05-25 11:25:41,-102.2013,31.9076, 363.9, 8201,-27.6,-45.6,-41.8, 16, 22, 0.18,287, 6.2
2026-05-25 11:25:42,-102.2012,31.9075, 363.6, 8206,-27.6,-45.6,-41.8, 17, 22, 0.18,287, 6.1
2026-05-25 11:25:43,-102.2012,31.9075, 363.3, 8211,-27.7,-45.6,-41.8, 17, 22, 0.18,287, 6.0
2026-05-25 11:25:44,-102.2011,31.9075, 363.0, 8215,-27.8,-45.5,-41.7, 17, 22, 0.18,287, 6.0
2026-05-25 11:25:45,-102.2011,31.9075, 362.8, 8220,-27.8,-45.5,-41.7, 17, 22, 0.18,287, 5.9
2026-05-25 11:25:46,-102.2010,31.9075, 362.6, 8224,-27.9,-45.5,-41.7, 17, 22, 0.18,287, 5.9
2026-05-25 11:25:47,-102.2009,31.9074, 362.3, 8229,-27.9,-45.5,-41.7, 17, 22, 0.18,287, 5.8
2026-05-25 11:25:48,-102.2009,31.9074, 362.1, 8234,-28.0,-45.5,-41.7, 17, 23, 0.18,287, 5.7
2026-05-25 11:25:49,-102.2008,31.9074, 361.8, 8239,-28.0,-45.5,-41.7, 17, 23, 0.18,287, 5.7
2026-05-25 11:25:50,-102.2008,31.9074, 361.6, 8245,-28.1,-45.5,-41.7, 17, 23, 0.18,287, 5.6
2026-05-25 11:25:51,-102.2007,31.9074, 361.3, 8250,-28.1,-45.5,-41.7, 17, 23, 0.18,287, 5.6
2026-05-25 11:25:52,-102.2006,31.9074, 361.0, 8255,-28.2,-45.5,-41.7, 18, 23, 0.18,287, 5.5
2026-05-25 11:25:53,-102.2006,31.9073, 360.7, 8261,-28.2,-45.4,-41.7, 18, 23, 0.18,287, 5.5
2026-05-25 11:25:54,-102.2005,31.9073, 360.5, 8266,-28.3,-45.4,-41.6, 18, 23, 0.18,288, 5.6
2026-05-25 11:25:55,-102.2005,31.9073, 360.2, 8272,-28.3,-45.4,-41.6, 18, 24, 0.18,288, 5.6
2026-05-25 11:25:56,-102.2004,31.9073, 359.9, 8278,-28.4,-45.4,-41.6, 18, 24, 0.18,288, 5.6
2026-05-25 11:25:57,-102.2004,31.9073, 359.6, 8284,-28.4,-45.4,-41.6, 18, 24, 0.18,288, 5.6
2026-05-25 11:25:58,-102.2003,31.9072, 359.3, 8290,-28.5,-45.4,-41.6, 18, 24, 0.18,288, 5.7
2026-05-25 11:25:59,-102.2002,31.9072, 359.0, 8296,-28.5,-45.4,-41.6, 18, 24, 0.18,288, 5.7
2026-05-25 11:26:00,-102.2002,31.9072, 358.7, 8302,-28.6,-45.4,-41.6, 18, 24, 0.18,288, 5.7
2026-05-25 11:26:01,-102.2001,31.9072, 358.4, 8307,-28.7,-45.4,-41.7, 18, 24, 0.18,288, 5.7
2026-05-25 11:26:02,-102.2001,31.9072, 358.1, 8313,-28.7,-45.4,-41.7, 19, 24, 0.18,288, 5.8
2026-05-25 11:26:03,-102.2000,31.9072, 357.8, 8319,-28.8,-45.4,-41.7, 19, 25, 0.19,288, 5.8
2026-05-25 11:26:04,-102.1999,31.9071, 357.5, 8325,-28.8,-45.4,-41.7, 19, 25, 0.19,288, 5.8
2026-05-25 11:26:05,-102.1999,31.9071, 357.2, 8332,-28.9,-45.4,-41.7, 19, 25, 0.19,288, 5.8
2026-05-25 11:26:06,-102.1998,31.9071, 356.8, 8339,-28.9,-45.4,-41.7, 19, 25, 0.19,288, 5.9
2026-05-25 11:26:07,-102.1997,31.9071, 356.5, 8347,-29.0,-45.5,-41.7, 19, 25, 0.19,288, 5.9
2026-05-25 11:26:08,-102.1997,31.9071, 356.3, 8352,-29.0,-45.6,-41.8, 19, 25, 0.18,288, 5.9
2026-05-25 11:26:09,-102.1996,31.9071, 356.0, 8359,-29.1,-45.7,-41.9, 19, 25, 0.18,288, 5.9
2026-05-25 11:26:10,-102.1996,31.9070, 355.8, 8363,-29.1,-45.8,-42.0, 18, 24, 0.18,288, 6.0
2026-05-25 11:26:11,-102.1995,31.9070, 355.5, 8368,-29.1,-46.0,-42.1, 18, 24, 0.18,288, 6.0
2026-05-25 11:26:12,-102.1994,31.9070, 355.2, 8372,-29.2,-46.1,-42.3, 18, 24, 0.17,288, 6.0
2026-05-25 11:26:13,-102.1994,31.9070, 355.0, 8377,-29.2,-46.2,-42.4, 18, 24, 0.17,288, 6.0
2026-05-25 11:26:14,-102.1993,31.9070, 354.7, 8381,-29.3,-46.4,-42.5, 18, 23, 0.17,288, 6.1
2026-05-25 11:26:15,-102.1992,31.9070, 354.5, 8386,-29.3,-46.5,-42.7, 17, 23, 0.17,288, 6.1
2026-05-25 11:26:16,-102.1992,31.9069, 354.2, 8391,-29.4,-46.7,-42.8, 17, 23, 0.16,288, 6.1
2026-05-25 11:26:17,-102.1991,31.9069, 354.0, 8396,-29.4,-46.8,-42.9, 17, 23, 0.16,288, 6.2
2026-05-25 11:26:18,-102.1990,31.9069, 353.7, 8401,-29.4,-46.9,-43.1, 17, 22, 0.16,288, 6.2
2026-05-25 11:26:19,-102.1990,31.9069, 353.5, 8406,-29.5,-47.1,-43.2, 17, 22, 0.16,288, 6.2
2026-05-25 11:26:20,-102.1989,31.9069, 353.2, 8412,-29.5,-47.2,-43.4, 16, 22, 0.15,288, 6.2
2026-05-25 11:26:21,-102.1988,31.9068, 352.9, 8418,-29.6,-47.4,-43.5, 16, 22, 0.15,288, 6.3
2026-05-25 11:26:22,-102.1988,31.9068, 352.5, 8425,-29.6,-47.6,-43.7, 16, 21, 0.15,288, 6.3
2026-05-25 11:26:23,-102.1987,31.9068, 352.2, 8431,-29.7,-47.7,-43.8, 16, 21, 0.15,288, 6.3
2026-05-25 11:26:24,-102.1987,31.9068, 351.9, 8438,-29.7,-47.9,-44.0, 16, 21, 0.14,288, 6.3
2026-05-25 11:26:25,-102.1986,31.9068, 351.6, 8445,-29.8,-48.1,-44.2, 15, 20, 0.14,288, 6.4
2026-05-25 11:26:26,-102.1985,31.9068, 351.3, 8451,-29.8,-48.3,-44.3, 15, 20, 0.14,288, 6.4
2026-05-25 11:26:27,-102.1985,31.9067, 350.9, 8458,-29.9,-48.4,-44.5, 15, 20, 0.14,288, 6.4
2026-05-25 11:26:28,-102.1984,31.9067, 350.6, 8465,-29.9,-48.6,-44.7, 15, 20, 0.13,288, 6.4
2026-05-25 11:26:29,-102.1983,31.9067, 350.2, 8472,-30.0,-48.8,-44.9, 14, 19, 0.13,288, 6.5
2026-05-25 11:26:30,-102.1983,31.9067, 349.9, 8479,-30.0,-49.0,-45.0, 14, 19, 0.13,288, 6.5
2026-05-25 11:26:31,-102.1982,31.9067, 349.6, 8486,-30.1,-49.2,-45.2, 14, 19, 0.13,288, 6.5
2026-05-25 11:26:32,-102.1981,31.9067, 349.2, 8493,-30.1,-49.4,-45.4, 14, 18, 0.12,288, 6.6
2026-05-25 11:26:33,-102.1981,31.9066, 348.9, 8500,-30.2,-49.6,-45.6, 13, 18, 0.12,288, 6.5
2026-05-25 11:26:34,-102.1980,31.9066, 348.5, 8507,-30.2,-49.8,-45.8, 13, 18, 0.12,288, 6.5
2026-05-25 11:26:35,-102.1979,31.9066, 348.2, 8514,-30.3,-49.8,-45.8, 13, 18, 0.12,289, 6.5
2026-05-25 11:26:36,-102.1979,31.9066, 347.9, 8521,-30.3,-49.9,-45.9, 13, 18, 0.12,289, 6.5
2026-05-25 11:26:37,-102.1978,31.9066, 347.5, 8528,-30.4,-50.0,-46.0, 13, 18, 0.11,289, 6.5
2026-05-25 11:26:38,-102.1978,31.9065, 347.2, 8535,-30.4,-50.1,-46.0, 13, 18, 0.11,289, 6.5
2026-05-25 11:26:39,-102.1977,31.9065, 346.8, 8542,-30.5,-50.1,-46.1, 13, 17, 0.11,289, 6.5
2026-05-25 11:26:40,-102.1976,31.9065, 346.5, 8549,-30.5,-50.2,-46.2, 13, 17, 0.11,289, 6.5
2026-05-25 11:26:41,-102.1976,31.9065, 346.2, 8556,-30.6,-50.3,-46.2, 13, 17, 0.11,289, 6.5
2026-05-25 11:26:42,-102.1975,31.9065, 345.8, 8563,-30.7,-50.3,-46.3, 13, 17, 0.11,289, 6.5
2026-05-25 11:26:43,-102.1975,31.9064, 345.5, 8570,-30.7,-50.4,-46.4, 13, 17, 0.11,289, 6.4
2026-05-25 11:26:44,-102.1974,31.9064, 345.2, 8576,-30.8,-50.5,-46.4, 13, 17, 0.11,290, 6.4
2026-05-25 11:26:45,-102.1973,31.9064, 344.9, 8582,-30.8,-50.5,-46.5, 13, 17, 0.11,290, 6.4
2026-05-25 11:26:46,-102.1973,31.9064, 344.6, 8588,-30.9,-50.6,-46.6, 13, 17, 0.11,290, 6.4
2026-05-25 11:26:47,-102.1972,31.9064, 344.3, 8594,-30.9,-50.7,-46.6, 13, 17, 0.11,290, 6.4
2026-05-25 11:26:48,-102.1971,31.9063, 344.0, 8600,-31.0,-50.7,-46.7, 13, 17, 0.11,290, 6.4
2026-05-25 11:26:49,-102.1971,31.9063, 343.7, 8606,-31.0,-50.8,-46.8, 13, 17, 0.11,290, 6.4
2026-05-25 11:26:50,-102.1970,31.9063, 343.5, 8611,-31.1,-50.9,-46.8, 13, 17, 0.10,290, 6.4
2026-05-25 11:26:51,-102.1970,31.9063, 343.2, 8616,-31.1,-51.0,-46.9, 13, 17, 0.10,290, 6.4
2026-05-25 11:26:52,-102.1969,31.9063, 342.9, 8621,-31.2,-51.0,-47.0, 13, 17, 0.10,290, 6.4
2026-05-25 11:26:53,-102.1968,31.9062, 342.7, 8627,-31.3,-51.1,-47.0, 12, 17, 0.10,291, 6.4
2026-05-25 11:26:54,-102.1968,31.9062, 342.4, 8632,-31.3,-51.2,-47.1, 12, 17, 0.10,291, 6.4
2026-05-25 11:26:55,-102.1967,31.9062, 342.2, 8638,-31.4,-51.2,-47.2, 12, 17, 0.10,291, 6.4
2026-05-25 11:26:56,-102.1967,31.9062, 341.9, 8644,-31.4,-51.3,-47.2, 12, 17, 0.10,291, 6.3
2026-05-25 11:26:57,-102.1966,31.9062, 341.6, 8650,-31.5,-51.4,-47.3, 12, 17, 0.10,291, 6.3
2026-05-25 11:26:58,-102.1965,31.9061, 341.3, 8655,-31.5,-51.4,-47.4, 12, 17, 0.10,292, 6.3
2026-05-25 11:26:59,-102.1965,31.9061, 341.0, 8661,-31.6,-51.5,-47.4, 12, 17, 0.10,292, 6.3
2026-05-25 11:27:00,-102.1964,31.9061, 340.8, 8667,-31.6,-51.6,-47.5, 12, 17, 0.10,292, 6.3
2026-05-25 11:27:01,-102.1963,31.9061, 340.5, 8673,-31.7,-51.6,-47.6, 12, 17, 0.10,292, 6.3
2026-05-25 11:27:02,-102.1963,31.9061, 340.2, 8678,-31.7,-51.8,-47.7, 12, 16, 0.10,292, 6.3
2026-05-25 11:27:03,-102.1962,31.9060, 339.9, 8684,-31.8,-51.9,-47.8, 12, 16, 0.09,293, 6.3
2026-05-25 11:27:04,-102.1962,31.9060, 339.7, 8689,-31.8,-52.0,-48.0, 12, 16, 0.09,293, 6.3
2026-05-25 11:27:05,-102.1961,31.9060, 339.4, 8695,-31.9,-52.2,-48.1, 12, 16, 0.09,293, 6.3
2026-05-25 11:27:06,-102.1960,31.9059, 339.1, 8701,-31.9,-52.3,-48.2, 12, 16, 0.09,293, 6.3
2026-05-25 11:27:07,-102.1960,31.9059, 338.8, 8707,-32.0,-52.4,-48.3, 11, 16, 0.09,294, 6.3
2026-05-25 11:27:08,-102.1959,31.9059, 338.6, 8713,-32.0,-52.6,-48.5, 11, 15, 0.09,294, 6.3
2026-05-25 11:27:09,-102.1958,31.9058, 338.3, 8718,-32.0,-52.7,-48.6, 11, 15, 0.09,294, 6.3
2026-05-25 11:27:10,-102.1958,31.9058, 338.0, 8724,-32.1,-52.9,-48.7, 11, 15, 0.08,294, 6.3
2026-05-25 11:27:11,-102.1957,31.9058, 337.7, 8730,-32.1,-53.0,-48.9, 11, 15, 0.08,294, 6.3
2026-05-25 11:27:12,-102.1957,31.9057, 337.4, 8736,-32.2,-53.1,-49.0, 11, 15, 0.08,295, 6.3
2026-05-25 11:27:13,-102.1956,31.9057, 337.2, 8742,-32.2,-53.3,-49.1, 11, 15, 0.08,295, 6.3
2026-05-25 11:27:14,-102.1955,31.9057, 336.9, 8748,-32.3,-53.4,-49.3, 10, 14, 0.08,296, 6.4
2026-05-25 11:27:15,-102.1955,31.9056, 336.6, 8753,-32.3,-53.6,-49.4, 10, 14, 0.08,296, 6.4
2026-05-25 11:27:16,-102.1954,31.9056, 336.3, 8759,-32.4,-53.7,-49.5, 10, 14, 0.08,296, 6.5
2026-05-25 11:27:17,-102.1953,31.9056, 336.0, 8766,-32.4,-53.8,-49.7, 10, 14, 0.08,297, 6.5
2026-05-25 11:27:18,-102.1953,31.9056, 335.7, 8772,-32.5,-54.0,-49.8, 10, 14, 0.07,297, 6.6
2026-05-25 11:27:19,-102.1952,31.9055, 335.4, 8779,-32.5,-54.1,-49.9, 10, 14, 0.07,298, 6.6
2026-05-25 11:27:20,-102.1951,31.9055, 335.1, 8785,-32.5,-54.2,-50.1, 10, 13, 0.07,298, 6.7
2026-05-25 11:27:21,-102.1951,31.9055, 334.8, 8791,-32.6,-54.4,-50.2, 10, 13, 0.07,298, 6.7
2026-05-25 11:27:22,-102.1950,31.9054, 334.5, 8798,-32.6,-54.5,-50.3, 10, 13, 0.07,299, 6.8
2026-05-25 11:27:23,-102.1950,31.9054, 334.2, 8804,-32.7,-54.7,-50.5,  9, 13, 0.07,299, 6.8
2026-05-25 11:27:24,-102.1949,31.9054, 333.9, 8811,-32.7,-54.8,-50.6,  9, 13, 0.07,300, 6.9
2026-05-25 11:27:25,-102.1948,31.9053, 333.6, 8817,-32.8,-54.9,-50.7,  9, 13, 0.07,300, 6.9
2026-05-25 11:27:26,-102.1948,31.9053, 333.3, 8824,-32.8,-55.1,-50.9,  9, 12, 0.07,300, 7.0
2026-05-25 11:27:27,-102.1947,31.9053, 333.0, 8831,-32.8,-55.2,-51.0,  9, 12, 0.06,301, 7.0
2026-05-25 11:27:28,-102.1946,31.9052, 332.7, 8837,-32.9,-55.4,-51.2,  9, 12, 0.06,301, 7.1
2026-05-25 11:27:29,-102.1946,31.9052, 332.4, 8844,-32.9,-55.5,-51.2,  9, 12, 0.06,301, 7.1
2026-05-25 11:27:30,-102.1945,31.9052, 332.1, 8850,-33.0,-55.6,-51.3,  9, 12, 0.06,302, 7.2
2026-05-25 11:27:31,-102.1944,31.9051, 331.8, 8855,-33.0,-55.6,-51.4,  9, 12, 0.06,302, 7.3
2026-05-25 11:27:32,-102.1944,31.9051, 331.5, 8860,-33.0,-55.7,-51.5,  9, 12, 0.06,302, 7.3
2026-05-25 11:27:33,-102.1943,31.9051, 331.2, 8866,-33.1,-55.8,-51.5,  9, 12, 0.06,302, 7.2
2026-05-25 11:27:34,-102.1943,31.9051, 331.0, 8871,-33.1,-55.9,-51.6,  9, 12, 0.06,302, 7.2
2026-05-25 11:27:35,-102.1942,31.9050, 330.7, 8877,-33.1,-55.9,-51.7,  8, 12, 0.06,302, 7.1
2026-05-25 11:27:36,-102.1941,31.9050, 330.4, 8883,-33.2,-56.0,-51.8,  8, 12, 0.06,301, 7.1
2026-05-25 11:27:37,-102.1941,31.9050, 330.1, 8890,-33.2,-56.1,-51.8,  8, 12, 0.06,301, 7.0
2026-05-25 11:27:38,-102.1940,31.9049, 329.8, 8896,-33.3,-56.2,-51.9,  8, 11, 0.06,301, 6.9
2026-05-25 11:27:39,-102.1940,31.9049, 329.5, 8903,-33.3,-56.2,-52.0,  8, 11, 0.06,301, 6.9
2026-05-25 11:27:40,-102.1939,31.9049, 329.1, 8910,-33.3,-56.3,-52.1,  8, 11, 0.06,300, 6.8
2026-05-25 11:27:41,-102.1938,31.9049, 328.7, 8920,-33.4,-56.4,-52.2,  8, 11, 0.06,300, 6.7
2026-05-25 11:27:42,-102.1938,31.9048, 328.5, 8925,-33.4,-56.4,-52.2,  8, 11, 0.06,300, 6.7
2026-05-25 11:27:43,-102.1937,31.9048, 328.1, 8933,-33.4,-56.4,-52.1,  8, 11, 0.06,299, 6.6
2026-05-25 11:27:44,-102.1937,31.9048, 327.8, 8941,-33.5,-56.4,-52.1,  8, 11, 0.06,299, 6.6
2026-05-25 11:27:45,-102.1936,31.9048, 327.5, 8949,-33.5,-56.4,-52.1,  8, 12, 0.06,299, 6.5
2026-05-25 11:27:46,-102.1935,31.9047, 327.2, 8957,-33.5,-56.4,-52.1,  8, 12, 0.06,299, 6.5
2026-05-25 11:27:47,-102.1935,31.9047, 326.9, 8962,-33.6,-56.3,-52.1,  8, 12, 0.06,298, 6.4
2026-05-25 11:27:48,-102.1934,31.9047, 326.6, 8967,-33.6,-56.3,-52.1,  8, 12, 0.06,298, 6.3
2026-05-25 11:27:49,-102.1934,31.9046, 326.3, 8972,-33.7,-56.3,-52.1,  8, 12, 0.06,298, 6.3
2026-05-25 11:27:50,-102.1933,31.9046, 326.1, 8977,-33.7,-56.3,-52.0,  9, 12, 0.06,297, 6.2
2026-05-25 11:27:51,-102.1932,31.9046, 325.9, 8982,-33.7,-56.3,-52.0,  9, 12, 0.06,297, 6.2
2026-05-25 11:27:52,-102.1932,31.9046, 325.6, 8987,-33.8,-56.3,-52.0,  9, 12, 0.06,297, 6.1
2026-05-25 11:27:53,-102.1931,31.9045, 325.4, 8992,-33.8,-56.3,-52.0,  9, 12, 0.06,297, 6.1
2026-05-25 11:27:54,-102.1931,31.9045, 325.2, 8996,-33.8,-56.2,-52.0,  9, 12, 0.06,297, 6.2
2026-05-25 11:27:55,-102.1930,31.9045, 325.0, 9001,-33.9,-56.2,-52.0,  9, 12, 0.06,297, 6.2
2026-05-25 11:27:56,-102.1929,31.9045, 324.7, 9006,-33.9,-56.2,-52.0,  9, 12, 0.06,297, 6.3
2026-05-25 11:27:57,-102.1929,31.9044, 324.5, 9010,-34.0,-56.2,-51.9,  9, 12, 0.06,297, 6.3
2026-05-25 11:27:58,-102.1928,31.9044, 324.2, 9015,-34.0,-56.2,-51.9,  9, 12, 0.06,297, 6.3
2026-05-25 11:27:59,-102.1928,31.9044, 324.0, 9021,-34.1,-56.1,-51.9,  9, 13, 0.06,297, 6.4
2026-05-25 11:28:00,-102.1927,31.9044, 323.8, 9027,-34.1,-56.1,-51.9,  9, 13, 0.06,297, 6.4
2026-05-25 11:28:01,-102.1926,31.9043, 323.5, 9032,-34.1,-56.1,-51.9,  9, 13, 0.06,297, 6.5
2026-05-25 11:28:02,-102.1926,31.9043, 323.3, 9038,-34.2,-56.1,-51.8,  9, 13, 0.06,297, 6.5
2026-05-25 11:28:03,-102.1925,31.9043, 323.0, 9043,-34.2,-56.1,-51.8,  9, 13, 0.06,297, 6.5
2026-05-25 11:28:04,-102.1925,31.9042, 322.8, 9048,-34.3,-56.1,-51.8,  9, 13, 0.06,297, 6.6
2026-05-25 11:28:05,-102.1924,31.9042, 322.6, 9053,-34.3,-56.0,-51.8,  9, 13, 0.06,297, 6.6
2026-05-25 11:28:06,-102.1923,31.9042, 322.3, 9058,-34.4,-56.0,-51.8,  9, 13, 0.06,297, 6.7
2026-05-25 11:28:07,-102.1923,31.9042, 322.1, 9063,-34.4,-56.0,-51.8,  9, 13, 0.06,297, 6.7
2026-05-25 11:28:08,-102.1922,31.9041, 321.8, 9068,-34.4,-56.0,-51.7, 10, 13, 0.06,297, 6.7
2026-05-25 11:28:09,-102.1922,31.9041, 321.6, 9073,-34.5,-56.0,-51.7, 10, 13, 0.06,297, 6.8
2026-05-25 11:28:10,-102.1921,31.9041, 321.3, 9079,-34.5,-56.0,-51.7, 10, 14, 0.06,297, 6.8
2026-05-25 11:28:11,-102.1920,31.9040, 321.1, 9084,-34.6,-56.0,-51.7, 10, 14, 0.06,297, 6.9
2026-05-25 11:28:12,-102.1920,31.9040, 320.8, 9090,-34.6,-56.0,-51.7, 10, 14, 0.06,298, 6.9
2026-05-25 11:28:13,-102.1919,31.9040, 320.6, 9095,-34.6,-55.9,-51.7, 10, 14, 0.06,298, 6.9
2026-05-25 11:28:14,-102.1919,31.9040, 320.4, 9101,-34.7,-55.9,-51.7, 10, 14, 0.06,298, 6.9
2026-05-25 11:28:15,-102.1918,31.9039, 320.1, 9106,-34.7,-55.9,-51.7, 10, 14, 0.06,298, 6.8
2026-05-25 11:28:16,-102.1918,31.9039, 319.9, 9112,-34.8,-55.9,-51.7, 10, 14, 0.06,298, 6.8
2026-05-25 11:28:17,-102.1917,31.9039, 319.6, 9117,-34.8,-55.9,-51.7, 10, 14, 0.06,298, 6.8
2026-05-25 11:28:18,-102.1916,31.9038, 319.4, 9122,-34.8,-55.9,-51.7, 10, 14, 0.06,299, 6.8
2026-05-25 11:28:19,-102.1916,31.9038, 319.1, 9128,-34.9,-55.9,-51.7, 10, 14, 0.06,299, 6.7
2026-05-25 11:28:20,-102.1915,31.9038, 318.8, 9134,-34.9,-55.9,-51.6, 10, 14, 0.06,299, 6.7
2026-05-25 11:28:21,-102.1915,31.9038, 318.5, 9140,-34.9,-55.9,-51.6, 10, 14, 0.06,299, 6.7
2026-05-25 11:28:22,-102.1914,31.9037, 318.3, 9144,-35.0,-55.9,-51.6, 10, 14, 0.06,299, 6.7
2026-05-25 11:28:23,-102.1914,31.9037, 317.9, 9153,-35.0,-55.9,-51.7, 10, 14, 0.06,300, 6.6
2026-05-25 11:28:24,-102.1913,31.9037, 317.7, 9160,-35.1,-56.0,-51.7, 10, 14, 0.06,300, 6.6
2026-05-25 11:28:25,-102.1912,31.9036, 317.4, 9166,-35.1,-56.0,-51.8, 10, 14, 0.06,300, 6.6
2026-05-25 11:28:26,-102.1912,31.9036, 317.1, 9172,-35.1,-56.1,-51.8, 10, 14, 0.06,300, 6.6
2026-05-25 11:28:27,-102.1911,31.9036, 316.9, 9177,-35.2,-56.2,-51.9, 10, 14, 0.06,300, 6.6
2026-05-25 11:28:28,-102.1911,31.9036, 316.6, 9183,-35.2,-56.2,-52.0, 10, 14, 0.06,300, 6.5
2026-05-25 11:28:29,-102.1910,31.9035, 316.4, 9188,-35.3,-56.3,-52.0, 10, 14, 0.06,301, 6.5
2026-05-25 11:28:30,-102.1909,31.9035, 316.1, 9194,-35.3,-56.3,-52.0, 10, 14, 0.06,301, 6.5
2026-05-25 11:28:31,-102.1909,31.9035, 315.9, 9199,-35.3,-56.4,-52.1, 10, 14, 0.06,301, 6.5
2026-05-25 11:28:32,-102.1908,31.9034, 315.6, 9205,-35.4,-56.4,-52.1, 10, 14, 0.06,301, 6.4
2026-05-25 11:28:33,-102.1908,31.9034, 315.4, 9210,-35.4,-56.5,-52.2, 10, 14, 0.06,301, 6.3
2026-05-25 11:28:34,-102.1907,31.9034, 315.1, 9216,-35.5,-56.5,-52.2, 10, 14, 0.06,301, 6.3
2026-05-25 11:28:35,-102.1907,31.9034, 314.9, 9221,-35.5,-56.6,-52.3, 10, 14, 0.06,301, 6.2
2026-05-25 11:28:36,-102.1906,31.9033, 314.6, 9227,-35.5,-56.6,-52.4, 10, 14, 0.06,301, 6.1
2026-05-25 11:28:37,-102.1906,31.9033, 314.3, 9233,-35.6,-56.7,-52.5, 10, 14, 0.06,301, 6.0
2026-05-25 11:28:38,-102.1905,31.9033, 314.1, 9239,-35.6,-56.8,-52.6, 10, 14, 0.06,301, 5.9
2026-05-25 11:28:39,-102.1905,31.9033, 313.8, 9245,-35.7,-56.9,-52.7, 10, 14, 0.06,301, 5.8
2026-05-25 11:28:40,-102.1905,31.9033, 313.5, 9251,-35.7,-57.0,-52.8, 10, 14, 0.06,301, 5.7
2026-05-25 11:28:41,-102.1904,31.9033, 313.3, 9257,-35.8,-57.1,-52.8,  9, 13, 0.05,301, 5.6
2026-05-25 11:28:42,-102.1904,31.9032, 313.0, 9263,-35.8,-57.2,-52.9,  9, 13, 0.05,301, 5.5
2026-05-25 11:28:43,-102.1903,31.9032, 312.7, 9269,-35.9,-57.3,-53.0,  9, 13, 0.05,300, 5.4
2026-05-25 11:28:44,-102.1903,31.9032, 312.4, 9275,-35.9,-57.4,-53.1,  9, 13, 0.05,300, 5.3
2026-05-25 11:28:45,-102.1903,31.9032, 312.2, 9281,-36.0,-57.5,-53.2,  9, 13, 0.05,300, 5.2
2026-05-25 11:28:46,-102.1902,31.9032, 311.9, 9288,-36.0,-57.6,-53.3,  9, 13, 0.05,300, 5.2
2026-05-25 11:28:47,-102.1902,31.9031, 311.6, 9294,-36.1,-57.7,-53.4,  9, 13, 0.05,300, 5.1
2026-05-25 11:28:48,-102.1901,31.9031, 311.3, 9300,-36.1,-57.8,-53.5,  9, 13, 0.05,300, 5.0
2026-05-25 11:28:49,-102.1901,31.9031, 311.0, 9306,-36.2,-57.9,-53.6,  9, 13, 0.05,300, 4.9
2026-05-25 11:28:50,-102.1901,31.9031, 310.8, 9312,-36.2,-58.0,-53.6,  9, 13, 0.05,300, 4.8
2026-05-25 11:28:51,-102.1900,31.9031, 310.5, 9317,-36.3,-58.0,-53.7,  9, 13, 0.05,300, 4.7
2026-05-25 11:28:52,-102.1900,31.9031, 310.3, 9323,-36.4,-58.0,-53.7,  9, 13, 0.05,299, 4.6
2026-05-25 11:28:53,-102.1899,31.9030, 310.0, 9328,-36.4,-58.1,-53.8,  9, 13, 0.05,299, 4.6
2026-05-25 11:28:54,-102.1899,31.9030, 309.8, 9335,-36.5,-58.1,-53.8,  9, 13, 0.05,299, 4.5
2026-05-25 11:28:55,-102.1898,31.9030, 309.5, 9341,-36.5,-58.2,-53.9,  9, 13, 0.05,299, 4.5
2026-05-25 11:28:56,-102.1898,31.9030, 309.2, 9347,-36.6,-58.2,-53.9,  9, 13, 0.05,299, 4.5
2026-05-25 11:28:57,-102.1898,31.9030, 308.9, 9353,-36.6,-58.3,-53.9,  9, 13, 0.05,298, 4.4
2026-05-25 11:28:58,-102.1897,31.9029, 308.7, 9359,-36.7,-58.3,-54.0,  9, 13, 0.05,298, 4.4
2026-05-25 11:28:59,-102.1897,31.9029, 308.4, 9365,-36.7,-58.4,-54.0,  9, 13, 0.05,298, 4.4
2026-05-25 11:29:00,-102.1896,31.9029, 308.1, 9372,-36.8,-58.4,-54.1,  9, 13, 0.05,298, 4.4
2026-05-25 11:29:01,-102.1896,31.9029, 307.8, 9378,-36.8,-58.4,-54.1,  9, 13, 0.05,298, 4.3
2026-05-25 11:29:02,-102.1896,31.9029, 307.5, 9385,-36.9,-58.5,-54.2,  9, 13, 0.05,297, 4.3
2026-05-25 11:29:03,-102.1895,31.9029, 307.2, 9391,-36.9,-58.6,-54.2,  9, 13, 0.05,297, 4.3
2026-05-25 11:29:04,-102.1895,31.9028, 307.0, 9398,-37.0,-58.6,-54.3,  9, 13, 0.05,297, 4.2
2026-05-25 11:29:05,-102.1894,31.9028, 306.7, 9404,-37.0,-58.7,-54.3,  9, 13, 0.05,297, 4.2
2026-05-25 11:29:06,-102.1894,31.9028, 306.4, 9411,-37.1,-58.8,-54.4,  9, 13, 0.05,297, 4.2
2026-05-25 11:29:07,-102.1894,31.9028, 306.1, 9417,-37.1,-58.8,-54.5,  9, 13, 0.05,296, 4.1
2026-05-25 11:29:08,-102.1893,31.9028, 305.8, 9423,-37.2,-58.9,-54.5,  9, 13, 0.05,296, 4.1
2026-05-25 11:29:09,-102.1893,31.9028, 305.6, 9429,-37.2,-58.9,-54.6,  9, 13, 0.04,296, 4.1
2026-05-25 11:29:10,-102.1892,31.9028, 305.3, 9436,-37.3,-59.0,-54.7,  9, 13, 0.04,296, 4.0
2026-05-25 11:29:11,-102.1892,31.9028, 305.0, 9442,-37.3,-59.1,-54.7,  9, 13, 0.04,295, 4.0
2026-05-25 11:29:12,-102.1891,31.9028, 304.8, 9447,-37.4,-59.1,-54.8,  9, 13, 0.04,295, 4.0
2026-05-25 11:29:13,-102.1891,31.9028, 304.5, 9453,-37.4,-59.2,-54.8,  9, 13, 0.04,294, 4.0
2026-05-25 11:29:14,-102.1890,31.9028, 304.2, 9459,-37.5,-59.3,-54.9,  9, 12, 0.04,293, 4.0
2026-05-25 11:29:15,-102.1890,31.9028, 303.9, 9465,-37.5,-59.3,-55.0,  9, 12, 0.04,292, 4.0
2026-05-25 11:29:16,-102.1890,31.9028, 303.7, 9471,-37.6,-59.4,-55.0,  9, 12, 0.04,291, 4.0
2026-05-25 11:29:17,-102.1889,31.9028, 303.4, 9478,-37.6,-59.4,-55.1,  9, 12, 0.04,290, 4.0
2026-05-25 11:29:18,-102.1889,31.9027, 303.1, 9484,-37.7,-59.5,-55.1,  9, 12, 0.04,289, 4.0
2026-05-25 11:29:19,-102.1888,31.9027, 302.9, 9490,-37.7,-59.6,-55.2,  9, 12, 0.04,288, 4.1
2026-05-25 11:29:20,-102.1888,31.9027, 302.6, 9497,-37.8,-59.6,-55.2,  9, 12, 0.04,287, 4.1
2026-05-25 11:29:21,-102.1887,31.9027, 302.4, 9503,-37.8,-59.7,-55.3,  8, 12, 0.04,286, 4.1
2026-05-25 11:29:22,-102.1887,31.9027, 302.1, 9509,-37.9,-59.7,-55.4,  8, 12, 0.04,284, 4.1
2026-05-25 11:29:23,-102.1887,31.9027, 301.8, 9514,-37.9,-59.8,-55.4,  8, 12, 0.04,283, 4.1
2026-05-25 11:29:24,-102.1886,31.9027, 301.6, 9519,-38.0,-59.9,-55.5,  8, 12, 0.04,282, 4.1
2026-05-25 11:29:25,-102.1886,31.9027, 301.3, 9525,-38.0,-59.9,-55.5,  8, 12, 0.04,281, 4.1
2026-05-25 11:29:26,-102.1885,31.9027, 301.1, 9530,-38.1,-60.0,-55.6,  8, 12, 0.04,280, 4.1
2026-05-25 11:29:27,-102.1885,31.9027, 300.9, 9536,-38.1,-60.0,-55.6,  8, 12, 0.04,279, 4.1
2026-05-25 11:29:28,-102.1884,31.9027, 300.6, 9541,-38.2,-60.1,-55.7,  8, 12, 0.04,278, 4.1
2026-05-25 11:29:29,-102.1884,31.9027, 300.4, 9547,-38.2,-60.1,-55.8,  8, 12, 0.04,277, 4.1
2026-05-25 11:29:30,-102.1883,31.9027, 300.0, 9556,-38.3,-60.2,-55.8,  8, 12, 0.04,276, 4.1
2026-05-25 11:29:31,-102.1883,31.9027, 299.9, 9559,-38.3,-60.2,-55.9,  8, 12, 0.04,275, 4.2
2026-05-25 11:29:32,-102.1883,31.9027, 299.6, 9564,-38.4,-60.3,-55.9,  8, 12, 0.04,274, 4.2
2026-05-25 11:29:33,-102.1882,31.9027, 299.3, 9570,-38.4,-60.4,-56.0,  8, 12, 0.04,274, 4.2
2026-05-25 11:29:34,-102.1882,31.9027, 299.1, 9577,-38.4,-60.4,-56.0,  8, 12, 0.04,274, 4.3
2026-05-25 11:29:35,-102.1881,31.9027, 298.8, 9583,-38.5,-60.5,-56.1,  8, 12, 0.04,274, 4.3
2026-05-25 11:29:36,-102.1881,31.9027, 298.5, 9590,-38.5,-60.5,-56.1,  8, 12, 0.04,274, 4.4
2026-05-25 11:29:37,-102.1880,31.9027, 298.2, 9596,-38.6,-60.6,-56.2,  8, 12, 0.04,274, 4.4
2026-05-25 11:29:38,-102.1880,31.9027, 298.0, 9603,-38.6,-60.6,-56.2,  8, 12, 0.04,274, 4.4
2026-05-25 11:29:39,-102.1879,31.9027, 297.7, 9608,-38.7,-60.7,-56.3,  8, 12, 0.04,274, 4.5
2026-05-25 11:29:40,-102.1878,31.9027, 297.5, 9614,-38.7,-60.7,-56.3,  8, 12, 0.04,274, 4.5
2026-05-25 11:29:41,-102.1878,31.9026, 297.2, 9620,-38.8,-60.8,-56.4,  8, 12, 0.04,274, 4.6
2026-05-25 11:29:42,-102.1877,31.9026, 296.9, 9628,-38.8,-60.8,-56.4,  8, 12, 0.04,273, 4.6
2026-05-25 11:29:43,-102.1877,31.9026, 296.7, 9632,-38.9,-60.7,-56.3,  8, 12, 0.04,273, 4.7
2026-05-25 11:29:44,-102.1876,31.9026, 296.4, 9637,-38.9,-60.6,-56.2,  8, 12, 0.04,273, 4.7
2026-05-25 11:29:45,-102.1875,31.9026, 296.2, 9643,-39.0,-60.5,-56.1,  9, 13, 0.04,273, 4.7
2026-05-25 11:29:46,-102.1875,31.9026, 295.9, 9649,-39.0,-60.4,-56.0,  9, 13, 0.04,273, 4.8
2026-05-25 11:29:47,-102.1874,31.9026, 295.7, 9655,-39.1,-60.3,-55.9,  9, 13, 0.04,273, 4.8
2026-05-25 11:29:48,-102.1874,31.9026, 295.4, 9662,-39.1,-60.2,-55.8,  9, 13, 0.04,273, 4.9
2026-05-25 11:29:49,-102.1873,31.9026, 295.1, 9668,-39.2,-60.1,-55.7,  9, 14, 0.04,273, 4.9
2026-05-25 11:29:50,-102.1872,31.9026, 294.9, 9674,-39.2,-60.0,-55.6,  9, 14, 0.04,273, 5.0
2026-05-25 11:29:51,-102.1872,31.9026, 294.6, 9680,-39.3,-59.9,-55.5, 10, 14, 0.04,273, 5.0
2026-05-25 11:29:52,-102.1871,31.9026, 294.4, 9686,-39.3,-59.8,-55.4, 10, 14, 0.04,273, 5.0
2026-05-25 11:29:53,-102.1871,31.9026, 294.1, 9692,-39.3,-59.7,-55.3, 10, 15, 0.04,273, 5.1
2026-05-25 11:29:54,-102.1870,31.9026, 293.8, 9698,-39.4,-59.6,-55.2, 10, 15, 0.04,273, 5.2
2026-05-25 11:29:55,-102.1869,31.9026, 293.6, 9704,-39.4,-59.5,-55.2, 10, 15, 0.04,274, 5.3
2026-05-25 11:29:56,-102.1869,31.9026, 293.3, 9710,-39.5,-59.5,-55.1, 10, 15, 0.04,274, 5.3
2026-05-25 11:29:57,-102.1868,31.9026, 293.0, 9717,-39.5,-59.5,-55.1, 10, 15, 0.04,274, 5.4
2026-05-25 11:29:58,-102.1867,31.9026, 292.8, 9723,-39.6,-59.5,-55.1, 10, 15, 0.04,274, 5.5
2026-05-25 11:29:59,-102.1867,31.9026, 292.5, 9730,-39.6,-59.5,-55.1, 10, 15, 0.04,274, 5.5
2026-05-25 11:30:00,-102.1866,31.9026, 292.2, 9736,-39.7,-59.5,-55.1, 11, 16, 0.04,275, 5.6
2026-05-25 11:30:01,-102.1866,31.9026, 291.9, 9742,-39.7,-59.5,-55.1, 11, 16, 0.04,275, 5.7
2026-05-25 11:30:02,-102.1865,31.9026, 291.7, 9748,-39.8,-59.5,-55.1, 11, 16, 0.04,275, 5.7
2026-05-25 11:30:03,-102.1864,31.9025, 291.4, 9754,-39.8,-59.5,-55.1, 11, 16, 0.04,275, 5.8
2026-05-25 11:30:04,-102.1864,31.9025, 291.2, 9760,-39.9,-59.5,-55.1, 11, 16, 0.04,275, 5.9
2026-05-25 11:30:05,-102.1863,31.9025, 290.9, 9766,-39.9,-59.5,-55.1, 11, 16, 0.04,275, 5.9
2026-05-25 11:30:06,-102.1863,31.9025, 290.7, 9772,-40.0,-59.5,-55.1, 11, 16, 0.04,276, 6.0
2026-05-25 11:30:07,-102.1862,31.9025, 290.4, 9778,-40.0,-59.5,-55.1, 11, 16, 0.04,276, 6.1
2026-05-25 11:30:08,-102.1861,31.9025, 290.2, 9783,-40.1,-59.5,-55.1, 11, 16, 0.04,276, 6.1
2026-05-25 11:30:09,-102.1861,31.9025, 289.9, 9789,-40.1,-59.5,-55.1, 11, 16, 0.04,276, 6.2
2026-05-25 11:30:10,-102.1860,31.9025, 289.7, 9795,-40.2,-59.5,-55.1, 11, 16, 0.04,276, 6.3
2026-05-25 11:30:11,-102.1859,31.9025, 289.4, 9800,-40.2,-59.5,-55.2, 11, 16, 0.04,276, 6.4
2026-05-25 11:30:12,-102.1858,31.9025, 289.2, 9806,-40.3,-59.5,-55.2, 11, 16, 0.04,276, 6.4
2026-05-25 11:30:13,-102.1858,31.9025, 288.9, 9813,-40.3,-59.5,-55.2, 11, 17, 0.04,277, 6.5
2026-05-25 11:30:14,-102.1857,31.9025, 288.6, 9820,-40.4,-59.5,-55.2, 11, 17, 0.04,277, 6.5
2026-05-25 11:30:15,-102.1856,31.9024, 288.4, 9826,-40.4,-59.6,-55.2, 11, 17, 0.04,277, 6.5
2026-05-25 11:30:16,-102.1855,31.9024, 288.1, 9833,-40.5,-59.6,-55.2, 11, 17, 0.04,277, 6.6
2026-05-25 11:30:17,-102.1855,31.9024, 287.8, 9840,-40.5,-59.6,-55.2, 11, 17, 0.04,277, 6.6
2026-05-25 11:30:18,-102.1854,31.9024, 287.5, 9846,-40.6,-59.6,-55.2, 11, 17, 0.04,277, 6.7
2026-05-25 11:30:19,-102.1853,31.9024, 287.3, 9853,-40.6,-59.6,-55.2, 11, 17, 0.04,277, 6.7
2026-05-25 11:30:20,-102.1852,31.9024, 287.0, 9859,-40.7,-59.6,-55.2, 11, 17, 0.04,277, 6.8
2026-05-25 11:30:21,-102.1852,31.9024, 286.7, 9865,-40.7,-59.6,-55.2, 12, 17, 0.04,277, 6.8
2026-05-25 11:30:22,-102.1851,31.9024, 286.5, 9872,-40.8,-59.6,-55.2, 12, 17, 0.04,277, 6.8
2026-05-25 11:30:23,-102.1850,31.9024, 286.2, 9878,-40.8,-59.6,-55.3, 12, 17, 0.04,277, 6.9
2026-05-25 11:30:24,-102.1850,31.9024, 286.0, 9884,-40.9,-59.6,-55.3, 12, 17, 0.04,278, 6.9
2026-05-25 11:30:25,-102.1849,31.9024, 285.7, 9890,-40.9,-59.7,-55.3, 12, 17, 0.04,278, 7.0
2026-05-25 11:30:26,-102.1848,31.9023, 285.4, 9896,-40.9,-59.7,-55.3, 12, 17, 0.04,278, 7.0
2026-05-25 11:30:27,-102.1847,31.9023, 285.2, 9902,-41.0,-59.7,-55.3, 12, 17, 0.04,278, 7.1
2026-05-25 11:30:28,-102.1847,31.9023, 284.9, 9907,-41.0,-59.7,-55.3, 12, 18, 0.04,278, 7.1
2026-05-25 11:30:29,-102.1846,31.9023, 284.7, 9914,-41.1,-59.7,-55.3, 12, 18, 0.04,278, 7.1
2026-05-25 11:30:30,-102.1845,31.9023, 284.4, 9920,-41.1,-59.7,-55.4, 12, 18, 0.04,278, 7.2
2026-05-25 11:30:31,-102.1844,31.9023, 284.2, 9926,-41.1,-59.7,-55.4, 12, 18, 0.04,278, 7.2
2026-05-25 11:30:32,-102.1844,31.9023, 283.9, 9933,-41.2,-59.8,-55.4, 12, 18, 0.04,278, 7.3
2026-05-25 11:30:33,-102.1843,31.9023, 283.6, 9939,-41.2,-59.8,-55.4, 12, 18, 0.04,278, 7.3
2026-05-25 11:30:34,-102.1842,31.9023, 283.4, 9945,-41.3,-59.8,-55.4, 12, 18, 0.04,279, 7.2
2026-05-25 11:30:35,-102.1841,31.9023, 283.1, 9951,-41.3,-59.8,-55.4, 12, 18, 0.04,279, 7.2
2026-05-25 11:30:36,-102.1841,31.9022, 282.9, 9957,-41.4,-59.8,-55.4, 12, 18, 0.04,279, 7.2
2026-05-25 11:30:37,-102.1840,31.9022, 282.6, 9963,-41.4,-59.8,-55.5, 12, 18, 0.04,280, 7.2
2026-05-25 11:30:38,-102.1839,31.9022, 282.4, 9969,-41.4,-59.9,-55.5, 12, 18, 0.04,280, 7.1
2026-05-25 11:30:39,-102.1838,31.9022, 282.1, 9975,-41.5,-59.9,-55.5, 12, 18, 0.04,280, 7.1
2026-05-25 11:30:40,-102.1838,31.9022, 281.9, 9980,-41.5,-59.9,-55.5, 12, 18, 0.04,280, 7.1
2026-05-25 11:30:41,-102.1837,31.9022, 281.6, 9987,-41.6,-59.9,-55.5, 12, 18, 0.04,281, 7.1
2026-05-25 11:30:42,-102.1836,31.9021, 281.4, 9993,-41.6,-59.9,-55.6, 12, 18, 0.04,281, 7.0
2026-05-25 11:30:43,-102.1835,31.9021, 281.1, 9999,-41.6,-60.0,-55.6, 12, 18, 0.04,281, 7.0
2026-05-25 11:30:44,-102.1835,31.9021, 280.9,10005,-41.7,-60.0,-55.6, 12, 18, 0.04,282, 7.0
2026-05-25 11:30:45,-102.1834,31.9021, 280.6,10011,-41.7,-60.0,-55.6, 12, 18, 0.04,282, 7.0
2026-05-25 11:30:46,-102.1833,31.9020, 280.4,10017,-41.7,-60.0,-55.6, 12, 18, 0.04,282, 7.0
2026-05-25 11:30:47,-102.1832,31.9020, 280.1,10023,-41.8,-60.0,-55.7, 12, 18, 0.04,282, 6.9
2026-05-25 11:30:48,-102.1832,31.9020, 279.9,10029,-41.8,-60.1,-55.7, 12, 18, 0.04,283, 6.9
2026-05-25 11:30:49,-102.1831,31.9020, 279.6,10036,-41.9,-60.1,-55.7, 12, 18, 0.04,283, 6.9
2026-05-25 11:30:50,-102.1830,31.9020, 279.4,10042,-41.9,-60.1,-55.7, 12, 19, 0.04,283, 6.9
2026-05-25 11:30:51,-102.1829,31.9019, 279.1,10048,-41.9,-60.0,-55.7, 12, 19, 0.04,284, 6.9
2026-05-25 11:30:52,-102.1828,31.9019, 278.9,10053,-42.0,-60.0,-55.6, 13, 19, 0.04,284, 6.8
2026-05-25 11:30:53,-102.1828,31.9019, 278.7,10059,-42.0,-60.0,-55.6, 13, 19, 0.04,284, 6.9
2026-05-25 11:30:54,-102.1827,31.9019, 278.5,10064,-42.1,-59.9,-55.5, 13, 19, 0.04,285, 7.0
2026-05-25 11:30:55,-102.1826,31.9019, 278.2,10069,-42.1,-59.9,-55.5, 13, 19, 0.04,285, 7.0
2026-05-25 11:30:56,-102.1825,31.9018, 278.0,10074,-42.1,-59.9,-55.5, 13, 20, 0.04,286, 7.1
2026-05-25 11:30:57,-102.1825,31.9018, 277.7,10081,-42.2,-59.8,-55.4, 13, 20, 0.04,286, 7.2
2026-05-25 11:30:58,-102.1824,31.9018, 277.4,10088,-42.2,-59.8,-55.4, 13, 20, 0.04,286, 7.2
2026-05-25 11:30:59,-102.1823,31.9018, 277.2,10095,-42.3,-59.8,-55.4, 13, 20, 0.04,287, 7.3
2026-05-25 11:31:00,-102.1822,31.9017, 276.9,10101,-42.3,-59.7,-55.4, 13, 20, 0.04,287, 7.4
2026-05-25 11:31:01,-102.1822,31.9017, 276.6,10108,-42.3,-59.7,-55.3, 14, 20, 0.05,287, 7.4
2026-05-25 11:31:02,-102.1821,31.9017, 276.4,10115,-42.4,-59.7,-55.3, 14, 21, 0.05,288, 7.5
2026-05-25 11:31:03,-102.1820,31.9017, 276.2,10120,-42.4,-59.6,-55.3, 14, 21, 0.05,288, 7.6
2026-05-25 11:31:04,-102.1819,31.9017, 275.9,10126,-42.5,-59.5,-55.2, 14, 21, 0.05,288, 7.6
2026-05-25 11:31:05,-102.1818,31.9016, 275.7,10131,-42.5,-59.5,-55.1, 14, 21, 0.05,289, 7.7
2026-05-25 11:31:06,-102.1818,31.9016, 275.5,10137,-42.6,-59.4,-55.0, 14, 22, 0.05,289, 7.8
2026-05-25 11:31:07,-102.1817,31.9016, 275.2,10142,-42.6,-59.3,-55.0, 15, 22, 0.05,289, 7.9
2026-05-25 11:31:08,-102.1816,31.9016, 275.0,10148,-42.7,-59.2,-54.9, 15, 22, 0.05,290, 7.9
2026-05-25 11:31:09,-102.1815,31.9015, 274.7,10154,-42.7,-59.2,-54.8, 15, 23, 0.05,290, 8.0
2026-05-25 11:31:10,-102.1814,31.9015, 274.5,10161,-42.7,-59.1,-54.8, 15, 23, 0.05,290, 8.1
2026-05-25 11:31:11,-102.1814,31.9015, 274.2,10167,-42.8,-59.0,-54.7, 15, 23, 0.05,291, 8.1
2026-05-25 11:31:12,-102.1813,31.9014, 274.0,10173,-42.8,-59.0,-54.6, 16, 24, 0.05,291, 8.2
2026-05-25 11:31:13,-102.1812,31.9014, 273.7,10179,-42.9,-58.9,-54.6, 16, 24, 0.05,291, 8.3
2026-05-25 11:31:14,-102.1811,31.9014, 273.5,10185,-42.9,-58.8,-54.5, 16, 24, 0.05,291, 8.3
2026-05-25 11:31:15,-102.1810,31.9014, 273.3,10191,-43.0,-58.8,-54.4, 16, 25, 0.05,291, 8.4
2026-05-25 11:31:16,-102.1809,31.9013, 273.0,10197,-43.0,-58.7,-54.4, 16, 25, 0.05,291, 8.5
2026-05-25 11:31:17,-102.1808,31.9013, 272.8,10203,-43.1,-58.7,-54.3, 17, 25, 0.05,291, 8.5
2026-05-25 11:31:18,-102.1807,31.9013, 272.5,10209,-43.1,-58.6,-54.3, 17, 26, 0.05,291, 8.6
2026-05-25 11:31:19,-102.1806,31.9012, 272.3,10214,-43.2,-58.6,-54.2, 17, 26, 0.05,291, 8.6
2026-05-25 11:31:20,-102.1805,31.9012, 272.1,10220,-43.2,-58.5,-54.2, 17, 26, 0.05,291, 8.7
2026-05-25 11:31:21,-102.1804,31.9012, 271.8,10226,-43.3,-58.5,-54.2, 17, 26, 0.05,291, 8.8
2026-05-25 11:31:22,-102.1804,31.9011, 271.6,10232,-43.3,-58.4,-54.1, 18, 27, 0.05,290, 8.8
2026-05-25 11:31:23,-102.1803,31.9011, 271.3,10238,-43.4,-58.4,-54.1, 18, 27, 0.05,290, 8.9
2026-05-25 11:31:24,-102.1802,31.9011, 271.1,10244,-43.4,-58.4,-54.0, 18, 27, 0.05,290, 8.9
2026-05-25 11:31:25,-102.1801,31.9011, 270.9,10250,-43.5,-58.3,-54.0, 18, 28, 0.05,290, 9.0
2026-05-25 11:31:26,-102.1800,31.9010, 270.6,10257,-43.5,-58.3,-53.9, 18, 28, 0.06,290, 9.1
2026-05-25 11:31:27,-102.1799,31.9010, 270.3,10264,-43.6,-58.2,-53.9, 18, 28, 0.06,290, 9.1
2026-05-25 11:31:28,-102.1798,31.9010, 270.1,10270,-43.6,-58.2,-53.9, 19, 29, 0.06,290, 9.2
2026-05-25 11:31:29,-102.1797,31.9009, 269.8,10277,-43.7,-58.2,-53.8, 19, 29, 0.06,290, 9.2
2026-05-25 11:31:30,-102.1796,31.9009, 269.6,10283,-43.7,-58.1,-53.8, 19, 29, 0.06,290, 9.3
2026-05-25 11:31:31,-102.1795,31.9009, 269.3,10289,-43.8,-58.1,-53.8, 19, 29, 0.06,290, 9.4
2026-05-25 11:31:32,-102.1795,31.9008, 269.1,10295,-43.8,-58.1,-53.8, 19, 30, 0.06,290, 9.4
2026-05-25 11:31:33,-102.1794,31.9008, 268.8,10301,-43.9,-58.1,-53.8, 20, 30, 0.06,290, 9.4
2026-05-25 11:31:34,-102.1793,31.9008, 268.6,10306,-43.9,-58.1,-53.7, 20, 30, 0.06,290, 9.4
2026-05-25 11:31:35,-102.1792,31.9008, 268.4,10312,-44.0,-58.0,-53.7, 20, 30, 0.06,291, 9.3
2026-05-25 11:31:36,-102.1791,31.9007, 268.1,10318,-44.1,-58.0,-53.7, 20, 31, 0.06,291, 9.3
2026-05-25 11:31:37,-102.1790,31.9007, 267.9,10324,-44.1,-58.0,-53.7, 20, 31, 0.06,291, 9.3
2026-05-25 11:31:38,-102.1789,31.9007, 267.7,10330,-44.2,-58.0,-53.7, 20, 31, 0.06,291, 9.2
2026-05-25 11:31:39,-102.1788,31.9006, 267.4,10336,-44.2,-58.0,-53.6, 21, 32, 0.06,291, 9.2
2026-05-25 11:31:40,-102.1787,31.9006, 267.2,10342,-44.3,-57.9,-53.6, 21, 32, 0.06,291, 9.2
2026-05-25 11:31:41,-102.1786,31.9006, 266.9,10348,-44.3,-57.9,-53.6, 21, 32, 0.06,292, 9.1
2026-05-25 11:31:42,-102.1786,31.9005, 266.7,10354,-44.4,-57.9,-53.6, 21, 32, 0.06,292, 9.1
2026-05-25 11:31:43,-102.1785,31.9005, 266.5,10360,-44.5,-57.9,-53.6, 21, 33, 0.06,292, 9.1
2026-05-25 11:31:44,-102.1784,31.9005, 266.2,10366,-44.5,-57.9,-53.6, 21, 33, 0.06,292, 9.0
2026-05-25 11:31:45,-102.1783,31.9005, 266.0,10372,-44.6,-57.9,-53.6, 21, 33, 0.06,292, 9.0
2026-05-25 11:31:46,-102.1782,31.9004, 265.7,10378,-44.6,-57.9,-53.6, 22, 33, 0.06,292, 9.0
2026-05-25 11:31:47,-102.1781,31.9004, 265.5,10384,-44.7,-57.9,-53.6, 22, 33, 0.06,293, 9.0
2026-05-25 11:31:48,-102.1780,31.9004, 265.3,10390,-44.7,-57.9,-53.6, 22, 34, 0.06,293, 8.9
2026-05-25 11:31:49,-102.1780,31.9003, 265.0,10396,-44.8,-57.9,-53.6, 22, 34, 0.06,293, 8.9
2026-05-25 11:31:50,-102.1779,31.9003, 264.8,10402,-44.8,-57.9,-53.6, 22, 34, 0.06,293, 8.9
2026-05-25 11:31:51,-102.1778,31.9003, 264.6,10409,-44.9,-58.0,-53.6, 22, 34, 0.06,293, 8.8
2026-05-25 11:31:52,-102.1777,31.9002, 264.3,10415,-45.0,-58.0,-53.6, 22, 34, 0.06,293, 8.8
2026-05-25 11:31:53,-102.1776,31.9002, 264.1,10420,-45.0,-58.0,-53.7, 22, 35, 0.06,293, 8.8
2026-05-25 11:31:54,-102.1775,31.9002, 263.9,10426,-45.1,-58.0,-53.7, 22, 35, 0.06,293, 8.8
2026-05-25 11:31:55,-102.1774,31.9001, 263.6,10431,-45.1,-58.0,-53.7, 23, 35, 0.06,293, 8.8
2026-05-25 11:31:56,-102.1774,31.9001, 263.4,10437,-45.2,-58.0,-53.7, 23, 35, 0.06,293, 8.8
2026-05-25 11:31:57,-102.1773,31.9001, 263.2,10442,-45.2,-58.0,-53.7, 23, 35, 0.06,293, 8.8
2026-05-25 11:31:58,-102.1772,31.9001, 263.0,10448,-45.3,-58.0,-53.7, 23, 35, 0.06,293, 8.8
2026-05-25 11:31:59,-102.1771,31.9000, 262.8,10453,-45.3,-58.1,-53.8, 23, 35, 0.06,293, 8.8
2026-05-25 11:32:00,-102.1770,31.9000, 262.5,10459,-45.4,-58.1,-53.8, 23, 36, 0.06,293, 8.8
2026-05-25 11:32:01,-102.1769,31.9000, 262.3,10465,-45.4,-58.1,-53.8, 23, 36, 0.06,293, 8.9
2026-05-25 11:32:02,-102.1768,31.8999, 262.1,10470,-45.5,-58.2,-53.8, 23, 36, 0.06,293, 8.9
2026-05-25 11:32:03,-102.1768,31.8999, 261.9,10476,-45.5,-58.2,-53.9, 23, 36, 0.06,292, 8.9
2026-05-25 11:32:04,-102.1767,31.8999, 261.6,10481,-45.6,-58.2,-53.9, 23, 36, 0.06,292, 8.9
2026-05-25 11:32:05,-102.1766,31.8998, 261.4,10487,-45.6,-58.2,-53.9, 23, 36, 0.06,292, 8.9
2026-05-25 11:32:06,-102.1765,31.8998, 261.2,10493,-45.7,-58.3,-53.9, 23, 36, 0.06,292, 8.9
2026-05-25 11:32:07,-102.1764,31.8998, 261.0,10499,-45.7,-58.3,-54.0, 23, 36, 0.06,292, 8.9
2026-05-25 11:32:08,-102.1763,31.8998, 260.7,10505,-45.8,-58.3,-54.0, 23, 36, 0.06,292, 8.9
2026-05-25 11:32:09,-102.1762,31.8997, 260.5,10511,-45.8,-58.4,-54.0, 23, 36, 0.06,292, 8.9
2026-05-25 11:32:10,-102.1762,31.8997, 260.2,10518,-45.9,-58.4,-54.1, 23, 36, 0.06,292, 8.9
2026-05-25 11:32:11,-102.1761,31.8997, 260.0,10523,-45.9,-58.5,-54.1, 23, 36, 0.06,292, 8.9
2026-05-25 11:32:12,-102.1760,31.8996, 259.8,10529,-45.9,-58.5,-54.2, 23, 36, 0.06,292, 8.9
2026-05-25 11:32:13,-102.1759,31.8996, 259.5,10535,-46.0,-58.6,-54.3, 23, 36, 0.06,292, 8.9
2026-05-25 11:32:14,-102.1758,31.8996, 259.3,10542,-46.0,-58.7,-54.4, 23, 36, 0.05,292, 8.9
2026-05-25 11:32:15,-102.1757,31.8995, 259.1,10548,-46.1,-58.8,-54.4, 23, 36, 0.05,292, 8.9
2026-05-25 11:32:16,-102.1756,31.8995, 258.8,10554,-46.1,-58.8,-54.5, 23, 35, 0.05,292, 8.9
2026-05-25 11:32:17,-102.1756,31.8995, 258.6,10561,-46.2,-58.9,-54.6, 22, 35, 0.05,292, 8.9
2026-05-25 11:32:18,-102.1755,31.8994, 258.3,10567,-46.2,-59.0,-54.7, 22, 35, 0.05,292, 8.9
2026-05-25 11:32:19,-102.1754,31.8994, 258.1,10573,-46.2,-59.1,-54.7, 22, 35, 0.05,293, 8.9
2026-05-25 11:32:20,-102.1753,31.8994, 257.8,10579,-46.3,-59.2,-54.8, 22, 35, 0.05,293, 8.9
2026-05-25 11:32:21,-102.1752,31.8993, 257.6,10586,-46.3,-59.2,-54.9, 22, 35, 0.05,293, 8.9
2026-05-25 11:32:22,-102.1751,31.8993, 257.4,10591,-46.4,-59.3,-55.0, 22, 34, 0.05,293, 8.9
2026-05-25 11:32:23,-102.1750,31.8993, 257.2,10597,-46.4,-59.4,-55.0, 22, 34, 0.05,293, 8.9
2026-05-25 11:32:24,-102.1749,31.8992, 256.9,10603,-46.4,-59.5,-55.1, 22, 34, 0.05,293, 8.9
2026-05-25 11:32:25,-102.1749,31.8992, 256.7,10609,-46.5,-59.5,-55.2, 22, 34, 0.05,293, 8.9
2026-05-25 11:32:26,-102.1748,31.8992, 256.5,10615,-46.5,-59.6,-55.2, 22, 34, 0.05,293, 8.9
2026-05-25 11:32:27,-102.1747,31.8992, 256.2,10621,-46.6,-59.6,-55.3, 21, 34, 0.05,294, 8.9
2026-05-25 11:32:28,-102.1746,31.8991, 256.0,10627,-46.6,-59.7,-55.3, 21, 34, 0.05,294, 8.9
2026-05-25 11:32:29,-102.1745,31.8991, 255.8,10633,-46.6,-59.8,-55.4, 21, 34, 0.05,294, 8.9
2026-05-25 11:32:30,-102.1744,31.8991, 255.5,10639,-46.7,-59.8,-55.4, 21, 34, 0.05,294, 8.9
2026-05-25 11:32:31,-102.1743,31.8990, 255.3,10645,-46.7,-59.9,-55.5, 21, 33, 0.05,294, 8.9
2026-05-25 11:32:32,-102.1742,31.8990, 255.1,10651,-46.7,-59.9,-55.5, 21, 33, 0.05,294, 8.9
2026-05-25 11:32:33,-102.1742,31.8990, 254.8,10657,-46.8,-60.0,-55.6, 21, 33, 0.05,294, 8.9
2026-05-25 11:32:34,-102.1741,31.8989, 254.6,10663,-46.8,-60.0,-55.7, 21, 33, 0.05,294, 8.9
2026-05-25 11:32:35,-102.1740,31.8989, 254.4,10669,-46.9,-60.1,-55.7, 21, 33, 0.05,294, 8.9
2026-05-25 11:32:36,-102.1739,31.8989, 254.1,10676,-46.9,-60.2,-55.8, 21, 33, 0.05,294, 8.9
2026-05-25 11:32:37,-102.1738,31.8988, 253.9,10682,-46.9,-60.2,-55.8, 21, 33, 0.05,294, 9.0
2026-05-25 11:32:38,-102.1737,31.8988, 253.6,10688,-47.0,-60.3,-55.9, 21, 33, 0.05,293, 9.0
2026-05-25 11:32:39,-102.1736,31.8988, 253.4,10695,-47.0,-60.4,-56.0, 21, 32, 0.05,293, 9.0
2026-05-25 11:32:40,-102.1735,31.8987, 253.1,10702,-47.1,-60.5,-56.1, 20, 32, 0.04,293, 9.0
2026-05-25 11:32:41,-102.1735,31.8987, 252.9,10709,-47.1,-60.6,-56.2, 20, 32, 0.04,293, 9.0
2026-05-25 11:32:42,-102.1734,31.8987, 252.6,10715,-47.2,-60.7,-56.3, 20, 32, 0.04,293, 9.0
2026-05-25 11:32:43,-102.1733,31.8986, 252.3,10722,-47.2,-60.8,-56.4, 20, 32, 0.04,293, 9.0
2026-05-25 11:32:44,-102.1732,31.8986, 252.1,10729,-47.2,-60.9,-56.5, 20, 31, 0.04,293, 9.0
2026-05-25 11:32:45,-102.1731,31.8986, 251.8,10735,-47.3,-61.0,-56.5, 20, 31, 0.04,293, 9.0
2026-05-25 11:32:46,-102.1730,31.8985, 251.6,10742,-47.3,-61.1,-56.6, 20, 31, 0.04,292, 9.0
2026-05-25 11:32:47,-102.1729,31.8985, 251.3,10748,-47.4,-61.1,-56.7, 19, 31, 0.04,292, 9.0
2026-05-25 11:32:48,-102.1728,31.8985, 251.1,10755,-47.4,-61.2,-56.8, 19, 31, 0.04,292, 9.0
2026-05-25 11:32:49,-102.1727,31.8985, 250.9,10761,-47.4,-61.3,-56.9, 19, 30, 0.04,292, 9.0
2026-05-25 11:32:50,-102.1726,31.8984, 250.6,10767,-47.5,-61.4,-57.0, 19, 30, 0.04,292, 9.1
2026-05-25 11:32:51,-102.1725,31.8984, 250.4,10774,-47.5,-61.5,-57.1, 19, 30, 0.04,292, 9.1
2026-05-25 11:32:52,-102.1725,31.8984, 250.2,10780,-47.6,-61.6,-57.1, 19, 30, 0.04,292, 9.1
2026-05-25 11:32:53,-102.1723,31.8983, 250.0,10784,-47.6,-61.6,-57.2, 19, 30, 0.04,292, 9.1
2026-05-25 11:32:54,-102.1723,31.8983, 249.7,10792,-47.7,-61.7,-57.3, 19, 30, 0.04,292, 9.1
2026-05-25 11:32:55,-102.1722,31.8983, 249.5,10798,-47.7,-61.7,-57.3, 19, 30, 0.04,292, 9.2
2026-05-25 11:32:56,-102.1721,31.8982, 249.2,10803,-47.8,-61.8,-57.4, 19, 30, 0.04,292, 9.2
2026-05-25 11:32:57,-102.1720,31.8982, 249.0,10809,-47.8,-61.9,-57.4, 19, 30, 0.04,292, 9.2
2026-05-25 11:32:58,-102.1719,31.8982, 248.8,10815,-47.9,-61.9,-57.5, 19, 30, 0.04,292, 9.3
2026-05-25 11:32:59,-102.1718,31.8981, 248.6,10820,-47.9,-62.0,-57.5, 19, 30, 0.04,292, 9.3
2026-05-25 11:33:00,-102.1717,31.8981, 248.4,10826,-47.9,-62.0,-57.6, 18, 29, 0.04,292, 9.3
2026-05-25 11:33:01,-102.1716,31.8981, 248.2,10832,-48.0,-62.1,-57.7, 18, 29, 0.04,292, 9.4
2026-05-25 11:33:02,-102.1715,31.8980, 247.9,10838,-48.0,-62.1,-57.7, 18, 29, 0.04,292, 9.4
2026-05-25 11:33:03,-102.1714,31.8980, 247.7,10845,-48.1,-62.2,-57.8, 18, 29, 0.04,292, 9.4
2026-05-25 11:33:04,-102.1713,31.8980, 247.5,10851,-48.1,-62.3,-57.8, 18, 29, 0.04,292, 9.4
2026-05-25 11:33:05,-102.1712,31.8979, 247.2,10857,-48.2,-62.3,-57.8, 18, 29, 0.04,292, 9.5
2026-05-25 11:33:06,-102.1711,31.8979, 247.0,10863,-48.2,-62.3,-57.9, 18, 29, 0.04,292, 9.5
2026-05-25 11:33:07,-102.1710,31.8979, 246.8,10869,-48.3,-62.4,-57.9, 18, 29, 0.04,292, 9.5
2026-05-25 11:33:08,-102.1710,31.8978, 246.5,10876,-48.3,-62.4,-57.9, 18, 29, 0.04,292, 9.6
2026-05-25 11:33:09,-102.1709,31.8978, 246.3,10882,-48.4,-62.4,-58.0, 18, 30, 0.04,292, 9.6
2026-05-25 11:33:10,-102.1708,31.8978, 246.1,10888,-48.4,-62.4,-58.0, 18, 30, 0.04,292, 9.6
2026-05-25 11:33:11,-102.1707,31.8977, 245.9,10894,-48.5,-62.5,-58.0, 19, 30, 0.04,292, 9.7
2026-05-25 11:33:12,-102.1706,31.8977, 245.6,10900,-48.5,-62.5,-58.1, 19, 30, 0.04,292, 9.7
2026-05-25 11:33:13,-102.1705,31.8977, 245.4,10905,-48.6,-62.5,-58.1, 19, 30, 0.04,292, 9.7
2026-05-25 11:33:14,-102.1704,31.8977, 245.2,10911,-48.6,-62.6,-58.1, 19, 30, 0.04,292, 9.7
2026-05-25 11:33:15,-102.1703,31.8976, 245.0,10917,-48.7,-62.6,-58.1, 19, 30, 0.04,292, 9.7
2026-05-25 11:33:16,-102.1702,31.8976, 244.8,10922,-48.7,-62.6,-58.2, 19, 30, 0.04,292, 9.7
2026-05-25 11:33:17,-102.1701,31.8976, 244.6,10928,-48.8,-62.7,-58.2, 19, 30, 0.03,292, 9.8
2026-05-25 11:33:18,-102.1700,31.8975, 244.3,10934,-48.8,-62.7,-58.2, 19, 30, 0.03,292, 9.8
2026-05-25 11:33:19,-102.1699,31.8975, 244.1,10940,-48.9,-62.7,-58.3, 19, 30, 0.03,292, 9.8
2026-05-25 11:33:20,-102.1698,31.8975, 243.9,10946,-48.9,-62.8,-58.3, 19, 30, 0.03,291, 9.8
2026-05-25 11:33:21,-102.1697,31.8974, 243.7,10952,-49.0,-62.8,-58.4, 19, 30, 0.03,291, 9.8
2026-05-25 11:33:22,-102.1696,31.8974, 243.5,10958,-49.0,-62.9,-58.4, 19, 30, 0.03,291, 9.8
2026-05-25 11:33:23,-102.1695,31.8974, 243.3,10963,-49.1,-62.9,-58.5, 19, 30, 0.03,291, 9.9
2026-05-25 11:33:24,-102.1694,31.8973, 243.1,10969,-49.1,-63.0,-58.5, 19, 30, 0.03,291, 9.9
2026-05-25 11:33:25,-102.1693,31.8973, 242.9,10974,-49.2,-63.0,-58.6, 19, 30, 0.03,291, 9.9
2026-05-25 11:33:26,-102.1691,31.8973, 242.7,10980,-49.2,-63.1,-58.6, 19, 30, 0.03,291, 9.9
2026-05-25 11:33:27,-102.1690,31.8972, 242.5,10985,-49.3,-63.1,-58.6, 19, 30, 0.03,290, 9.9
2026-05-25 11:33:28,-102.1689,31.8972, 242.3,10990,-49.3,-63.2,-58.7, 19, 30, 0.03,290, 9.9
2026-05-25 11:33:29,-102.1688,31.8972, 242.1,10996,-49.4,-63.2,-58.7, 19, 30, 0.03,290,10.0
2026-05-25 11:33:30,-102.1687,31.8972, 241.9,11001,-49.4,-63.3,-58.8, 19, 30, 0.03,290,10.0
2026-05-25 11:33:31,-102.1686,31.8971, 241.7,11007,-49.4,-63.3,-58.8, 19, 30, 0.03,290,10.0
2026-05-25 11:33:32,-102.1685,31.8971, 241.4,11012,-49.5,-63.4,-58.9, 19, 30, 0.03,290,10.0
2026-05-25 11:33:33,-102.1684,31.8971, 241.2,11018,-49.5,-63.4,-58.9, 18, 30, 0.03,290,10.0
2026-05-25 11:33:34,-102.1683,31.8970, 241.0,11023,-49.6,-63.5,-59.0, 18, 30, 0.03,290,10.1
2026-05-25 11:33:35,-102.1682,31.8970, 240.8,11029,-49.6,-63.5,-59.0, 18, 30, 0.03,290,10.1
2026-05-25 11:33:36,-102.1681,31.8970, 240.6,11035,-49.7,-63.6,-59.1, 18, 30, 0.03,290,10.1
2026-05-25 11:33:37,-102.1680,31.8969, 240.4,11040,-49.7,-63.6,-59.1, 18, 30, 0.03,290,10.2
2026-05-25 11:33:38,-102.1679,31.8969, 240.2,11046,-49.8,-63.7,-59.2, 18, 30, 0.03,290,10.2
2026-05-25 11:33:39,-102.1678,31.8969, 240.0,11052,-49.8,-63.7,-59.2, 18, 30, 0.03,290,10.2
2026-05-25 11:33:40,-102.1677,31.8968, 239.8,11057,-49.9,-63.8,-59.3, 18, 30, 0.03,290,10.3
2026-05-25 11:33:41,-102.1676,31.8968, 239.6,11063,-49.9,-63.8,-59.4, 18, 30, 0.03,290,10.3
2026-05-25 11:33:42,-102.1675,31.8968, 239.4,11069,-49.9,-63.9,-59.4, 18, 30, 0.03,290,10.3
2026-05-25 11:33:43,-102.1674,31.8967, 239.1,11075,-50.0,-64.0,-59.5, 18, 29, 0.03,290,10.4
2026-05-25 11:33:44,-102.1673,31.8967, 238.9,11083,-50.0,-64.0,-59.5, 18, 29, 0.03,290,10.4
2026-05-25 11:33:45,-102.1672,31.8967, 238.7,11088,-50.1,-64.0,-59.5, 18, 29, 0.03,290,10.4
2026-05-25 11:33:46,-102.1671,31.8966, 238.5,11094,-50.1,-64.1,-59.6, 18, 29, 0.03,290,10.5
2026-05-25 11:33:47,-102.1670,31.8966, 238.2,11100,-50.2,-64.1,-59.6, 18, 29, 0.03,290,10.5
2026-05-25 11:33:48,-102.1669,31.8966, 238.0,11107,-50.2,-64.2,-59.7, 18, 30, 0.03,290,10.5
2026-05-25 11:33:49,-102.1668,31.8966, 237.8,11113,-50.3,-64.2,-59.7, 18, 30, 0.03,290,10.5
2026-05-25 11:33:50,-102.1667,31.8965, 237.5,11119,-50.3,-64.2,-59.7, 18, 30, 0.03,290,10.6
2026-05-25 11:33:51,-102.1666,31.8965, 237.3,11126,-50.3,-64.3,-59.8, 18, 30, 0.03,290,10.6
2026-05-25 11:33:52,-102.1664,31.8965, 237.1,11132,-50.4,-64.3,-59.8, 18, 30, 0.03,289,10.6
2026-05-25 11:33:53,-102.1663,31.8964, 236.9,11138,-50.4,-64.3,-59.8, 18, 30, 0.03,289,10.7
2026-05-25 11:33:54,-102.1662,31.8964, 236.7,11144,-50.5,-64.4,-59.9, 18, 30, 0.03,289,10.7
2026-05-25 11:33:55,-102.1661,31.8964, 236.4,11149,-50.5,-64.4,-59.9, 18, 30, 0.03,289,10.7
2026-05-25 11:33:56,-102.1660,31.8963, 236.2,11155,-50.6,-64.4,-59.9, 18, 30, 0.03,289,10.7
2026-05-25 11:33:57,-102.1659,31.8963, 236.0,11161,-50.6,-64.5,-60.0, 18, 30, 0.03,289,10.7
2026-05-25 11:33:58,-102.1658,31.8963, 235.8,11167,-50.7,-64.5,-60.0, 18, 30, 0.03,289,10.7
2026-05-25 11:33:59,-102.1657,31.8962, 235.6,11173,-50.7,-64.5,-60.0, 18, 30, 0.03,289,10.8
2026-05-25 11:34:00,-102.1656,31.8962, 235.3,11180,-50.7,-64.6,-60.1, 18, 30, 0.03,289,10.8
2026-05-25 11:34:01,-102.1655,31.8962, 235.1,11186,-50.8,-64.6,-60.1, 18, 30, 0.03,289,10.8
2026-05-25 11:34:02,-102.1654,31.8961, 234.9,11193,-50.8,-64.6,-60.1, 18, 30, 0.03,289,10.8
2026-05-25 11:34:03,-102.1653,31.8961, 234.7,11199,-50.9,-64.7,-60.1, 18, 30, 0.03,289,10.8
2026-05-25 11:34:04,-102.1652,31.8961, 234.5,11205,-50.9,-64.7,-60.2, 18, 30, 0.03,289,10.8
2026-05-25 11:34:05,-102.1650,31.8960, 234.2,11211,-51.0,-64.7,-60.2, 18, 30, 0.03,289,10.9
2026-05-25 11:34:06,-102.1649,31.8960, 234.0,11216,-51.0,-64.7,-60.2, 18, 30, 0.03,289,10.9
2026-05-25 11:34:07,-102.1648,31.8960, 233.8,11222,-51.0,-64.8,-60.3, 18, 30, 0.03,289,10.9
2026-05-25 11:34:08,-102.1647,31.8959, 233.6,11228,-51.1,-64.8,-60.3, 18, 30, 0.03,289,10.9
2026-05-25 11:34:09,-102.1646,31.8959, 233.4,11234,-51.1,-64.8,-60.3, 18, 30, 0.03,289,10.9
2026-05-25 11:34:10,-102.1645,31.8959, 233.1,11240,-51.2,-64.9,-60.3, 18, 30, 0.03,289,10.9
2026-05-25 11:34:11,-102.1644,31.8958, 232.9,11247,-51.2,-64.9,-60.4, 18, 30, 0.03,289,11.0
2026-05-25 11:34:12,-102.1643,31.8958, 232.7,11253,-51.3,-64.9,-60.4, 18, 30, 0.03,289,11.0
2026-05-25 11:34:13,-102.1642,31.8958, 232.5,11259,-51.3,-64.9,-60.4, 18, 30, 0.03,290,11.0
2026-05-25 11:34:14,-102.1641,31.8957, 232.3,11266,-51.3,-64.9,-60.4, 19, 31, 0.03,290,11.0
2026-05-25 11:34:15,-102.1640,31.8957, 232.1,11272,-51.4,-65.0,-60.4, 19, 31, 0.03,290,11.0
2026-05-25 11:34:16,-102.1639,31.8956, 231.9,11277,-51.4,-65.0,-60.5, 19, 31, 0.03,290,11.0
2026-05-25 11:34:17,-102.1637,31.8956, 231.6,11283,-51.5,-65.0,-60.5, 19, 31, 0.03,290,11.0
2026-05-25 11:34:18,-102.1636,31.8956, 231.4,11289,-51.5,-65.0,-60.5, 19, 31, 0.03,291,11.0
2026-05-25 11:34:19,-102.1635,31.8955, 231.2,11294,-51.5,-65.0,-60.5, 19, 31, 0.03,291,11.1
2026-05-25 11:34:20,-102.1634,31.8955, 231.0,11300,-51.6,-65.1,-60.5, 19, 31, 0.03,291,11.1
2026-05-25 11:34:21,-102.1633,31.8955, 230.8,11305,-51.6,-65.1,-60.6, 19, 31, 0.03,291,11.1
2026-05-25 11:34:22,-102.1632,31.8954, 230.7,11311,-51.7,-65.1,-60.6, 19, 31, 0.03,291,11.1
2026-05-25 11:34:23,-102.1631,31.8954, 230.5,11316,-51.7,-65.1,-60.6, 19, 31, 0.03,291,11.1
2026-05-25 11:34:24,-102.1630,31.8953, 230.3,11321,-51.7,-65.1,-60.6, 19, 31, 0.03,292,11.1
2026-05-25 11:34:25,-102.1629,31.8953, 230.1,11327,-51.8,-65.1,-60.6, 19, 31, 0.03,292,11.1
2026-05-25 11:34:26,-102.1628,31.8953, 229.9,11332,-51.8,-65.1,-60.6, 19, 32, 0.03,292,11.1
2026-05-25 11:34:27,-102.1626,31.8952, 229.6,11338,-51.8,-65.1,-60.6, 19, 32, 0.03,292,11.2
2026-05-25 11:34:28,-102.1625,31.8952, 229.4,11345,-51.9,-65.1,-60.6, 19, 32, 0.03,292,11.2
2026-05-25 11:34:29,-102.1624,31.8952, 229.2,11351,-51.9,-65.1,-60.6, 19, 32, 0.03,292,11.2
2026-05-25 11:34:30,-102.1623,31.8951, 229.0,11357,-51.9,-65.1,-60.6, 19, 32, 0.03,293,11.2
2026-05-25 11:34:31,-102.1622,31.8951, 228.8,11363,-52.0,-65.1,-60.6, 20, 32, 0.03,293,11.2
2026-05-25 11:34:32,-102.1621,31.8951, 228.6,11369,-52.0,-65.1,-60.6, 20, 33, 0.03,293,11.2
2026-05-25 11:34:33,-102.1620,31.8950, 228.4,11374,-52.1,-65.1,-60.6, 20, 33, 0.03,293,11.2
2026-05-25 11:34:34,-102.1619,31.8950, 228.2,11380,-52.1,-65.1,-60.6, 20, 33, 0.03,293,11.2
2026-05-25 11:34:35,-102.1618,31.8949, 228.0,11386,-52.1,-65.1,-60.6, 20, 33, 0.03,292,11.2
2026-05-25 11:34:36,-102.1617,31.8949, 227.8,11392,-52.2,-65.1,-60.6, 20, 33, 0.03,292,11.2
2026-05-25 11:34:37,-102.1615,31.8949, 227.6,11398,-52.2,-65.1,-60.6, 20, 33, 0.03,292,11.2
2026-05-25 11:34:38,-102.1614,31.8948, 227.3,11404,-52.2,-65.1,-60.6, 20, 34, 0.03,292,11.2
2026-05-25 11:34:39,-102.1613,31.8948, 227.1,11411,-52.3,-65.1,-60.6, 20, 34, 0.03,291,11.2
2026-05-25 11:34:40,-102.1612,31.8948, 226.9,11418,-52.3,-65.1,-60.6, 20, 34, 0.03,291,11.2
2026-05-25 11:34:41,-102.1611,31.8947, 226.6,11424,-52.4,-65.1,-60.6, 20, 34, 0.03,291,11.2
2026-05-25 11:34:42,-102.1610,31.8947, 226.4,11431,-52.4,-65.1,-60.6, 20, 34, 0.03,291,11.2
2026-05-25 11:34:43,-102.1609,31.8946, 226.2,11437,-52.4,-65.2,-60.6, 21, 34, 0.03,291,11.2
2026-05-25 11:34:44,-102.1608,31.8946, 226.0,11443,-52.5,-65.2,-60.6, 21, 34, 0.03,290,11.2
2026-05-25 11:34:45,-102.1606,31.8946, 225.8,11448,-52.5,-65.2,-60.7, 21, 34, 0.03,290,11.2
2026-05-25 11:34:46,-102.1605,31.8946, 225.6,11454,-52.6,-65.2,-60.7, 21, 35, 0.03,290,11.2
2026-05-25 11:34:47,-102.1604,31.8945, 225.4,11459,-52.6,-65.2,-60.7, 21, 35, 0.03,290,11.2
2026-05-25 11:34:48,-102.1603,31.8945, 225.2,11465,-52.7,-65.2,-60.7, 21, 35, 0.03,290,11.2
2026-05-25 11:34:49,-102.1601,31.8945, 225.0,11471,-52.7,-65.2,-60.7, 21, 35, 0.03,289,11.2
2026-05-25 11:34:50,-102.1600,31.8945, 224.8,11477,-52.7,-65.2,-60.7, 21, 35, 0.03,289,11.2
2026-05-25 11:34:51,-102.1599,31.8944, 224.5,11485,-52.8,-65.2,-60.7, 21, 35, 0.03,289,11.2
2026-05-25 11:34:52,-102.1598,31.8944, 224.4,11489,-52.8,-65.3,-60.7, 21, 35, 0.03,289,11.2
2026-05-25 11:34:53,-102.1597,31.8944, 224.2,11495,-52.9,-65.3,-60.8, 21, 35, 0.03,288,11.2
2026-05-25 11:34:54,-102.1595,31.8944, 224.0,11501,-52.9,-65.4,-60.8, 21, 35, 0.03,288,11.3
2026-05-25 11:34:55,-102.1594,31.8943, 223.8,11507,-53.0,-65.4,-60.9, 21, 35, 0.03,288,11.3
2026-05-25 11:34:56,-102.1593,31.8943, 223.6,11512,-53.0,-65.4,-60.9, 21, 35, 0.03,288,11.4
2026-05-25 11:34:57,-102.1592,31.8943, 223.4,11518,-53.0,-65.5,-61.0, 21, 35, 0.03,287,11.4
2026-05-25 11:34:58,-102.1591,31.8942, 223.2,11523,-53.1,-65.5,-61.0, 21, 35, 0.03,287,11.5
2026-05-25 11:34:59,-102.1589,31.8942, 223.0,11529,-53.1,-65.6,-61.0, 21, 35, 0.03,287,11.5
2026-05-25 11:35:00,-102.1588,31.8942, 222.8,11534,-53.2,-65.6,-61.1, 21, 35, 0.03,286,11.6
2026-05-25 11:35:01,-102.1587,31.8942, 222.6,11539,-53.2,-65.7,-61.1, 21, 35, 0.03,286,11.6
2026-05-25 11:35:02,-102.1586,31.8941, 222.5,11544,-53.3,-65.7,-61.2, 21, 35, 0.03,286,11.7
2026-05-25 11:35:03,-102.1584,31.8941, 222.3,11549,-53.3,-65.8,-61.2, 21, 35, 0.03,286,11.7
2026-05-25 11:35:04,-102.1583,31.8941, 222.1,11553,-53.3,-65.8,-61.3, 21, 35, 0.03,285,11.8
2026-05-25 11:35:05,-102.1582,31.8941, 222.0,11558,-53.4,-65.8,-61.3, 21, 35, 0.03,285,11.8
2026-05-25 11:35:06,-102.1581,31.8940, 221.8,11563,-53.4,-65.9,-61.3, 21, 35, 0.03,285,11.9
2026-05-25 11:35:07,-102.1580,31.8940, 221.6,11568,-53.5,-65.9,-61.4, 21, 35, 0.03,285,11.9
2026-05-25 11:35:08,-102.1578,31.8940, 221.5,11573,-53.5,-66.0,-61.4, 21, 35, 0.02,284,12.0
2026-05-25 11:35:09,-102.1577,31.8940, 221.3,11577,-53.6,-66.0,-61.5, 21, 35, 0.02,284,12.0
2026-05-25 11:35:10,-102.1576,31.8939, 221.2,11582,-53.6,-66.1,-61.5, 21, 35, 0.02,284,12.1
2026-05-25 11:35:11,-102.1575,31.8939, 221.0,11587,-53.6,-66.1,-61.6, 21, 35, 0.02,283,12.1
2026-05-25 11:35:12,-102.1573,31.8939, 220.8,11591,-53.7,-66.1,-61.6, 21, 35, 0.02,283,12.2
2026-05-25 11:35:13,-102.1572,31.8939, 220.7,11596,-53.7,-66.2,-61.6, 21, 35, 0.02,283,12.2
2026-05-25 11:35:14,-102.1571,31.8938, 220.5,11601,-53.7,-66.2,-61.7, 21, 35, 0.02,283,12.2
2026-05-25 11:35:15,-102.1570,31.8938, 220.3,11605,-53.8,-66.3,-61.7, 21, 35, 0.02,283,12.2
2026-05-25 11:35:16,-102.1569,31.8938, 220.2,11610,-53.8,-66.3,-61.7, 21, 35, 0.02,283,12.2
2026-05-25 11:35:17,-102.1567,31.8937, 220.0,11615,-53.9,-66.3,-61.8, 21, 35, 0.02,283,12.2
2026-05-25 11:35:18,-102.1566,31.8937, 219.9,11619,-53.9,-66.4,-61.8, 21, 35, 0.02,283,12.2
2026-05-25 11:35:19,-102.1565,31.8937, 219.7,11624,-53.9,-66.4,-61.9, 21, 35, 0.02,283,12.2
2026-05-25 11:35:20,-102.1564,31.8937, 219.5,11629,-54.0,-66.5,-61.9, 21, 35, 0.02,283,12.2
2026-05-25 11:35:21,-102.1562,31.8936, 219.4,11634,-54.0,-66.5,-61.9, 21, 35, 0.02,283,12.2
2026-05-25 11:35:22,-102.1561,31.8936, 219.2,11638,-54.0,-66.5,-62.0, 21, 35, 0.02,283,12.2
2026-05-25 11:35:23,-102.1560,31.8936, 219.0,11643,-54.1,-66.6,-62.0, 21, 35, 0.02,283,12.2
2026-05-25 11:35:24,-102.1559,31.8936, 218.9,11648,-54.1,-66.6,-62.0, 21, 35, 0.02,283,12.2
2026-05-25 11:35:25,-102.1557,31.8935, 218.7,11654,-54.2,-66.6,-62.1, 21, 35, 0.02,283,12.2
2026-05-25 11:35:26,-102.1556,31.8935, 218.5,11659,-54.2,-66.7,-62.1, 21, 35, 0.02,283,12.2
2026-05-25 11:35:27,-102.1555,31.8935, 218.3,11664,-54.2,-66.7,-62.1, 21, 35, 0.02,283,12.2
2026-05-25 11:35:28,-102.1554,31.8935, 218.2,11669,-54.3,-66.7,-62.2, 21, 35, 0.02,283,12.2
2026-05-25 11:35:29,-102.1552,31.8934, 218.0,11674,-54.3,-66.8,-62.2, 21, 35, 0.02,283,12.2
2026-05-25 11:35:30,-102.1551,31.8934, 217.8,11679,-54.3,-66.8,-62.3, 20, 35, 0.02,283,12.3
2026-05-25 11:35:31,-102.1550,31.8934, 217.6,11685,-54.4,-66.8,-62.3, 20, 35, 0.02,283,12.3
2026-05-25 11:35:32,-102.1549,31.8933, 217.5,11690,-54.4,-66.9,-62.3, 20, 35, 0.02,283,12.3
2026-05-25 11:35:33,-102.1547,31.8933, 217.3,11695,-54.4,-66.9,-62.4, 20, 35, 0.02,283,12.3
2026-05-25 11:35:34,-102.1546,31.8933, 217.1,11700,-54.4,-67.0,-62.4, 20, 35, 0.02,284,12.2
2026-05-25 11:35:35,-102.1545,31.8933, 217.0,11705,-54.5,-67.0,-62.4, 20, 35, 0.02,284,12.2
2026-05-25 11:35:36,-102.1544,31.8932, 216.8,11710,-54.5,-67.0,-62.5, 20, 34, 0.02,284,12.2
2026-05-25 11:35:37,-102.1542,31.8932, 216.6,11715,-54.5,-67.1,-62.5, 20, 34, 0.02,284,12.2
2026-05-25 11:35:38,-102.1541,31.8932, 216.5,11720,-54.6,-67.1,-62.5, 20, 34, 0.02,284,12.2
2026-05-25 11:35:39,-102.1540,31.8932, 216.3,11725,-54.6,-67.2,-62.6, 20, 34, 0.02,284,12.2
2026-05-25 11:35:40,-102.1539,31.8931, 216.1,11729,-54.6,-67.2,-62.6, 20, 34, 0.02,284,12.2
2026-05-25 11:35:41,-102.1537,31.8931, 216.0,11734,-54.6,-67.2,-62.7, 20, 34, 0.02,284,12.1
2026-05-25 11:35:42,-102.1536,31.8931, 215.8,11738,-54.7,-67.3,-62.7, 20, 34, 0.02,284,12.1
2026-05-25 11:35:43,-102.1535,31.8931, 215.7,11743,-54.7,-67.3,-62.7, 20, 34, 0.02,284,12.1
2026-05-25 11:35:44,-102.1534,31.8930, 215.5,11747,-54.7,-67.3,-62.8, 20, 34, 0.02,284,12.1
2026-05-25 11:35:45,-102.1532,31.8930, 215.4,11752,-54.7,-67.4,-62.8, 20, 34, 0.02,285,12.1
2026-05-25 11:35:46,-102.1531,31.8930, 215.2,11756,-54.8,-67.4,-62.8, 20, 34, 0.02,285,12.1
2026-05-25 11:35:47,-102.1530,31.8929, 215.1,11761,-54.8,-67.5,-62.9, 20, 34, 0.02,285,12.1
2026-05-25 11:35:48,-102.1528,31.8929, 214.9,11765,-54.8,-67.5,-62.9, 20, 34, 0.02,285,12.0
2026-05-25 11:35:49,-102.1527,31.8929, 214.8,11769,-54.8,-67.5,-62.9, 20, 34, 0.02,285,12.0
2026-05-25 11:35:50,-102.1526,31.8929, 214.6,11774,-54.9,-67.6,-63.0, 20, 34, 0.02,285,12.0
2026-05-25 11:35:51,-102.1525,31.8928, 214.5,11778,-54.9,-67.6,-63.0, 20, 34, 0.02,285,12.0
2026-05-25 11:35:52,-102.1523,31.8928, 214.3,11782,-54.9,-67.6,-63.1, 20, 34, 0.02,285,12.0
2026-05-25 11:35:53,-102.1522,31.8928, 214.2,11787,-54.9,-67.7,-63.1, 20, 33, 0.02,285,12.0
2026-05-25 11:35:54,-102.1521,31.8928, 214.0,11792,-55.0,-67.7,-63.1, 20, 33, 0.02,285,12.1
2026-05-25 11:35:55,-102.1519,31.8927, 213.8,11797,-55.0,-67.7,-63.2, 20, 33, 0.02,285,12.1
2026-05-25 11:35:56,-102.1518,31.8927, 213.7,11802,-55.0,-67.8,-63.2, 20, 33, 0.02,285,12.2
2026-05-25 11:35:57,-102.1517,31.8927, 213.5,11807,-55.0,-67.8,-63.2, 19, 33, 0.02,285,12.2
2026-05-25 11:35:58,-102.1515,31.8927, 213.4,11812,-55.1,-67.9,-63.3, 19, 33, 0.02,284,12.2
2026-05-25 11:35:59,-102.1514,31.8926, 213.2,11816,-55.1,-67.9,-63.3, 19, 33, 0.02,284,12.3
2026-05-25 11:36:00,-102.1513,31.8926, 213.0,11821,-55.1,-67.9,-63.3, 19, 33, 0.02,284,12.3
2026-05-25 11:36:01,-102.1511,31.8926, 212.9,11826,-55.1,-67.9,-63.4, 19, 33, 0.02,284,12.4
2026-05-25 11:36:02,-102.1510,31.8925, 212.7,11831,-55.2,-68.0,-63.4, 19, 33, 0.02,284,12.4
2026-05-25 11:36:03,-102.1509,31.8925, 212.5,11836,-55.2,-68.0,-63.4, 19, 33, 0.02,284,12.5
2026-05-25 11:36:04,-102.1508,31.8925, 212.3,11842,-55.2,-68.0,-63.4, 19, 33, 0.02,284,12.5
2026-05-25 11:36:05,-102.1506,31.8925, 212.2,11847,-55.3,-68.1,-63.5, 19, 33, 0.02,284,12.5
2026-05-25 11:36:06,-102.1505,31.8924, 212.0,11853,-55.3,-68.1,-63.5, 19, 33, 0.02,284,12.6
2026-05-25 11:36:07,-102.1504,31.8924, 211.8,11859,-55.3,-68.1,-63.5, 19, 33, 0.02,283,12.6
2026-05-25 11:36:08,-102.1502,31.8924, 211.6,11865,-55.3,-68.2,-63.6, 19, 33, 0.02,283,12.7
2026-05-25 11:36:09,-102.1501,31.8924, 211.4,11870,-55.4,-68.2,-63.6, 19, 33, 0.02,283,12.7
2026-05-25 11:36:10,-102.1500,31.8923, 211.2,11875,-55.4,-68.2,-63.6, 19, 33, 0.02,283,12.7
2026-05-25 11:36:11,-102.1498,31.8923, 211.1,11881,-55.4,-68.3,-63.7, 19, 33, 0.02,283,12.8
2026-05-25 11:36:12,-102.1497,31.8923, 210.9,11886,-55.5,-68.3,-63.7, 19, 33, 0.02,283,12.8
2026-05-25 11:36:13,-102.1496,31.8922, 210.7,11891,-55.5,-68.3,-63.7, 19, 33, 0.02,283,12.9
2026-05-25 11:36:14,-102.1495,31.8922, 210.6,11896,-55.5,-68.3,-63.7, 19, 33, 0.02,283,13.0
2026-05-25 11:36:15,-102.1493,31.8922, 210.4,11901,-55.5,-68.4,-63.8, 19, 33, 0.02,283,13.0
2026-05-25 11:36:16,-102.1492,31.8922, 210.2,11906,-55.6,-68.4,-63.8, 19, 33, 0.02,283,13.1
2026-05-25 11:36:17,-102.1490,31.8921, 210.1,11911,-55.6,-68.4,-63.8, 19, 33, 0.02,284,13.1
2026-05-25 11:36:18,-102.1489,31.8921, 209.9,11915,-55.6,-68.4,-63.8, 19, 33, 0.02,284,13.2
2026-05-25 11:36:19,-102.1487,31.8920, 209.8,11920,-55.7,-68.5,-63.9, 19, 33, 0.02,284,13.3
2026-05-25 11:36:20,-102.1486,31.8920, 209.6,11925,-55.7,-68.5,-63.9, 19, 33, 0.02,284,13.3
2026-05-25 11:36:21,-102.1484,31.8920, 209.5,11929,-55.7,-68.5,-63.9, 19, 33, 0.02,284,13.4
2026-05-25 11:36:22,-102.1483,31.8919, 209.3,11934,-55.7,-68.5,-63.9, 19, 33, 0.02,284,13.4
2026-05-25 11:36:23,-102.1481,31.8919, 209.2,11938,-55.8,-68.6,-64.0, 19, 33, 0.02,284,13.5
2026-05-25 11:36:24,-102.1480,31.8919, 209.0,11943,-55.8,-68.6,-64.0, 19, 33, 0.02,284,13.6
2026-05-25 11:36:25,-102.1478,31.8918, 208.9,11948,-55.8,-68.6,-64.0, 19, 33, 0.02,284,13.6
2026-05-25 11:36:26,-102.1477,31.8918, 208.7,11952,-55.8,-68.6,-64.0, 19, 33, 0.02,284,13.7
2026-05-25 11:36:27,-102.1475,31.8917, 208.6,11957,-55.9,-68.7,-64.1, 19, 33, 0.02,285,13.8
2026-05-25 11:36:28,-102.1474,31.8917, 208.4,11961,-55.9,-68.7,-64.1, 19, 33, 0.02,285,13.8
2026-05-25 11:36:29,-102.1472,31.8917, 208.3,11966,-55.9,-68.8,-64.2, 19, 33, 0.02,285,13.9
2026-05-25 11:36:30,-102.1471,31.8916, 208.1,11970,-55.9,-68.8,-64.2, 19, 33, 0.02,285,13.9
2026-05-25 11:36:31,-102.1469,31.8916, 208.0,11975,-56.0,-68.8,-64.2, 19, 33, 0.02,285,14.0
2026-05-25 11:36:32,-102.1468,31.8916, 207.8,11980,-56.0,-68.9,-64.3, 19, 33, 0.02,285,14.1
2026-05-25 11:36:33,-102.1466,31.8915, 207.6,11985,-56.0,-68.9,-64.3, 19, 33, 0.02,285,14.2
2026-05-25 11:36:34,-102.1465,31.8915, 207.5,11990,-56.1,-68.9,-64.3, 19, 33, 0.02,285,14.2
2026-05-25 11:36:35,-102.1463,31.8915, 207.3,11995,-56.1,-69.0,-64.4, 19, 33, 0.02,285,14.3
2026-05-25 11:36:36,-102.1462,31.8914, 207.2,12000,-56.1,-69.0,-64.4, 19, 32, 0.02,286,14.4
2026-05-25 11:36:37,-102.1460,31.8914, 207.0,12004,-56.1,-69.0,-64.4, 19, 32, 0.02,286,14.5
2026-05-25 11:36:38,-102.1459,31.8913, 206.9,12009,-56.2,-69.1,-64.5, 19, 32, 0.02,286,14.6
2026-05-25 11:36:39,-102.1457,31.8913, 206.7,12013,-56.2,-69.1,-64.5, 19, 32, 0.02,286,14.7
2026-05-25 11:36:40,-102.1455,31.8913, 206.6,12018,-56.2,-69.1,-64.5, 19, 32, 0.02,286,14.8
2026-05-25 11:36:41,-102.1454,31.8912, 206.4,12023,-56.3,-69.1,-64.5, 19, 32, 0.02,286,14.9
2026-05-25 11:36:42,-102.1452,31.8912, 206.3,12027,-56.3,-69.2,-64.6, 19, 32, 0.02,286,15.0
2026-05-25 11:36:43,-102.1451,31.8912, 206.1,12032,-56.3,-69.2,-64.6, 19, 32, 0.02,286,15.1
2026-05-25 11:36:44,-102.1449,31.8911, 206.0,12036,-56.3,-69.2,-64.6, 19, 33, 0.02,286,15.2
2026-05-25 11:36:45,-102.1448,31.8911, 205.8,12041,-56.4,-69.2,-64.6, 19, 33, 0.02,286,15.2
2026-05-25 11:36:46,-102.1446,31.8910, 205.7,12046,-56.4,-69.2,-64.6, 19, 33, 0.02,287,15.3
2026-05-25 11:36:47,-102.1445,31.8910, 205.5,12050,-56.4,-69.3,-64.7, 19, 33, 0.02,287,15.4
2026-05-25 11:36:48,-102.1443,31.8909, 205.4,12055,-56.4,-69.3,-64.7, 19, 33, 0.02,287,15.5
2026-05-25 11:36:49,-102.1441,31.8909, 205.2,12059,-56.5,-69.3,-64.7, 19, 33, 0.02,287,15.6
2026-05-25 11:36:50,-102.1440,31.8908, 205.1,12064,-56.5,-69.3,-64.7, 19, 33, 0.02,287,15.7
2026-05-25 11:36:51,-102.1438,31.8908, 204.9,12068,-56.5,-69.3,-64.7, 19, 33, 0.02,287,15.8
2026-05-25 11:36:52,-102.1437,31.8907, 204.8,12072,-56.5,-69.4,-64.8, 19, 33, 0.02,287,15.9
2026-05-25 11:36:53,-102.1435,31.8907, 204.7,12077,-56.6,-69.4,-64.8, 19, 33, 0.02,287,15.9
2026-05-25 11:36:54,-102.1433,31.8907, 204.5,12081,-56.6,-69.4,-64.8, 19, 33, 0.02,287,15.9
2026-05-25 11:36:55,-102.1432,31.8906, 204.4,12086,-56.6,-69.4,-64.8, 19, 33, 0.02,287,16.0
2026-05-25 11:36:56,-102.1430,31.8906, 204.2,12090,-56.7,-69.4,-64.8, 19, 33, 0.02,288,16.0
2026-05-25 11:36:57,-102.1428,31.8905, 204.1,12095,-56.7,-69.5,-64.8, 19, 33, 0.02,288,16.0
2026-05-25 11:36:58,-102.1427,31.8905, 203.9,12099,-56.7,-69.5,-64.9, 19, 33, 0.02,288,16.0
2026-05-25 11:36:59,-102.1425,31.8904, 203.8,12104,-56.7,-69.5,-64.9, 19, 33, 0.02,288,16.1
2026-05-25 11:37:00,-102.1424,31.8904, 203.6,12108,-56.8,-69.5,-64.9, 19, 33, 0.02,288,16.1
2026-05-25 11:37:01,-102.1422,31.8903, 203.5,12113,-56.8,-69.5,-64.9, 19, 33, 0.02,288,16.1
2026-05-25 11:37:02,-102.1420,31.8903, 203.4,12117,-56.8,-69.6,-64.9, 19, 33, 0.02,288,16.1
2026-05-25 11:37:03,-102.1419,31.8902, 203.2,12121,-56.9,-69.6,-65.0, 19, 33, 0.02,288,16.2
2026-05-25 11:37:04,-102.1417,31.8902, 203.1,12126,-56.9,-69.6,-65.0, 19, 33, 0.02,288,16.2
2026-05-25 11:37:05,-102.1415,31.8901, 202.9,12130,-56.9,-69.6,-65.0, 19, 33, 0.02,288,16.2
2026-05-25 11:37:06,-102.1414,31.8901, 202.8,12134,-56.9,-69.6,-65.0, 19, 33, 0.02,288,16.2
2026-05-25 11:37:07,-102.1412,31.8900, 202.7,12139,-57.0,-69.7,-65.0, 19, 33, 0.02,289,16.3
2026-05-25 11:37:08,-102.1410,31.8900, 202.5,12143,-57.0,-69.7,-65.1, 19, 33, 0.02,289,16.3
2026-05-25 11:37:09,-102.1409,31.8899, 202.4,12147,-57.0,-69.7,-65.1, 19, 33, 0.02,289,16.3
2026-05-25 11:37:10,-102.1407,31.8899, 202.3,12151,-57.0,-69.7,-65.1, 19, 33, 0.02,289,16.3
2026-05-25 11:37:11,-102.1406,31.8898, 202.1,12156,-57.1,-69.7,-65.1, 19, 33, 0.02,289,16.4
2026-05-25 11:37:12,-102.1404,31.8898, 202.0,12160,-57.1,-69.7,-65.1, 19, 33, 0.02,289,16.4
2026-05-25 11:37:13,-102.1402,31.8897, 201.9,12164,-57.1,-69.8,-65.1, 19, 33, 0.02,289,16.4
2026-05-25 11:37:14,-102.1401,31.8897, 201.7,12168,-57.1,-69.8,-65.2, 19, 33, 0.02,289,16.4
2026-05-25 11:37:15,-102.1399,31.8896, 201.6,12173,-57.2,-69.8,-65.2, 19, 33, 0.02,289,16.4
2026-05-25 11:37:16,-102.1397,31.8896, 201.4,12177,-57.2,-69.8,-65.2, 19, 33, 0.02,289,16.3
2026-05-25 11:37:17,-102.1396,31.8895, 201.3,12181,-57.2,-69.8,-65.2, 19, 33, 0.02,290,16.3
2026-05-25 11:37:18,-102.1394,31.8895, 201.2,12185,-57.2,-69.9,-65.2, 19, 33, 0.02,290,16.3
2026-05-25 11:37:19,-102.1393,31.8894, 201.0,12190,-57.3,-69.9,-65.2, 19, 34, 0.02,290,16.3
2026-05-25 11:37:20,-102.1391,31.8894, 200.9,12194,-57.3,-69.9,-65.3, 19, 34, 0.02,290,16.3
2026-05-25 11:37:21,-102.1390,31.8893, 200.7,12199,-57.3,-69.9,-65.3, 19, 34, 0.02,290,16.3
2026-05-25 11:37:22,-102.1388,31.8893, 200.6,12203,-57.3,-69.9,-65.3, 19, 34, 0.02,290,16.3
2026-05-25 11:37:23,-102.1386,31.8892, 200.5,12208,-57.4,-69.9,-65.3, 19, 34, 0.02,290,16.3
2026-05-25 11:37:24,-102.1385,31.8891, 200.3,12212,-57.4,-69.9,-65.3, 19, 34, 0.02,290,16.3
2026-05-25 11:37:25,-102.1383,31.8891, 200.2,12216,-57.4,-70.0,-65.3, 19, 34, 0.02,290,16.3
2026-05-25 11:37:26,-102.1382,31.8890, 200.0,12222,-57.5,-70.0,-65.4, 19, 34, 0.02,291,16.3
2026-05-25 11:37:27,-102.1380,31.8890, 199.9,12225,-57.5,-70.0,-65.4, 19, 34, 0.02,291,16.3
2026-05-25 11:37:28,-102.1378,31.8889, 199.8,12230,-57.5,-70.0,-65.4, 19, 34, 0.02,291,16.3
2026-05-25 11:37:29,-102.1377,31.8889, 199.6,12234,-57.5,-70.0,-65.4, 19, 34, 0.02,291,16.2
2026-05-25 11:37:30,-102.1375,31.8888, 199.5,12239,-57.6,-70.0,-65.4, 19, 34, 0.02,291,16.2
2026-05-25 11:37:31,-102.1374,31.8888, 199.3,12243,-57.6,-70.1,-65.4, 19, 34, 0.02,291,16.2
2026-05-25 11:37:32,-102.1372,31.8887, 199.2,12248,-57.6,-70.1,-65.4, 20, 34, 0.02,291,16.2
2026-05-25 11:37:33,-102.1370,31.8886, 199.0,12252,-57.7,-70.1,-65.5, 20, 34, 0.02,291,16.2
2026-05-25 11:37:34,-102.1369,31.8886, 198.9,12257,-57.7,-70.1,-65.5, 20, 34, 0.02,291,16.2
2026-05-25 11:37:35,-102.1367,31.8885, 198.8,12262,-57.7,-70.1,-65.5, 20, 34, 0.02,292,16.2
2026-05-25 11:37:36,-102.1366,31.8885, 198.6,12266,-57.7,-70.1,-65.5, 20, 34, 0.02,292,16.3
2026-05-25 11:37:37,-102.1364,31.8884, 198.5,12271,-57.8,-70.1,-65.5, 20, 35, 0.02,292,16.3
2026-05-25 11:37:38,-102.1362,31.8884, 198.3,12275,-57.8,-70.2,-65.5, 20, 35, 0.02,292,16.3
2026-05-25 11:37:39,-102.1361,31.8883, 198.2,12280,-57.8,-70.2,-65.5, 20, 35, 0.02,292,16.3
2026-05-25 11:37:40,-102.1359,31.8883, 198.1,12284,-57.9,-70.2,-65.5, 20, 35, 0.02,292,16.3
2026-05-25 11:37:41,-102.1358,31.8882, 197.9,12288,-57.9,-70.2,-65.6, 20, 35, 0.02,292,16.3
2026-05-25 11:37:42,-102.1356,31.8881, 197.8,12293,-57.9,-70.2,-65.6, 20, 35, 0.02,292,16.3
2026-05-25 11:37:43,-102.1354,31.8881, 197.6,12297,-58.0,-70.2,-65.6, 20, 35, 0.02,293,16.3
2026-05-25 11:37:44,-102.1353,31.8880, 197.5,12301,-58.0,-70.2,-65.6, 20, 35, 0.02,293,16.3
2026-05-25 11:37:45,-102.1351,31.8880, 197.3,12306,-58.0,-70.2,-65.6, 20, 35, 0.02,293,16.3
2026-05-25 11:37:46,-102.1350,31.8879, 197.2,12310,-58.1,-70.3,-65.6, 20, 35, 0.02,293,16.3
2026-05-25 11:37:47,-102.1348,31.8879, 197.0,12315,-58.1,-70.3,-65.6, 20, 35, 0.02,293,16.4
2026-05-25 11:37:48,-102.1347,31.8878, 196.9,12321,-58.1,-70.3,-65.7, 20, 35, 0.02,293,16.4
2026-05-25 11:37:49,-102.1345,31.8877, 196.7,12326,-58.2,-70.3,-65.7, 20, 36, 0.02,293,16.4
2026-05-25 11:37:50,-102.1344,31.8877, 196.6,12331,-58.2,-70.3,-65.7, 20, 36, 0.02,293,16.4
2026-05-25 11:37:51,-102.1342,31.8876, 196.4,12336,-58.2,-70.3,-65.7, 20, 36, 0.02,294,16.4
2026-05-25 11:37:52,-102.1340,31.8875, 196.3,12341,-58.3,-70.4,-65.7, 20, 36, 0.02,294,16.4
2026-05-25 11:37:53,-102.1339,31.8875, 196.1,12346,-58.3,-70.4,-65.8, 20, 36, 0.02,294,16.4
2026-05-25 11:37:54,-102.1337,31.8874, 196.0,12350,-58.3,-70.4,-65.8, 20, 36, 0.02,294,16.4
2026-05-25 11:37:55,-102.1336,31.8873, 195.8,12355,-58.4,-70.4,-65.8, 20, 36, 0.02,294,16.4
2026-05-25 11:37:56,-102.1334,31.8873, 195.7,12360,-58.4,-70.4,-65.8, 20, 36, 0.02,294,16.4
2026-05-25 11:37:57,-102.1333,31.8872, 195.5,12364,-58.4,-70.5,-65.8, 20, 36, 0.02,294,16.4
2026-05-25 11:37:58,-102.1331,31.8872, 195.4,12369,-58.5,-70.5,-65.8, 20, 36, 0.02,294,16.3
2026-05-25 11:37:59,-102.1330,31.8871, 195.3,12373,-58.5,-70.5,-65.9, 21, 36, 0.02,294,16.3
2026-05-25 11:38:00,-102.1328,31.8870, 195.1,12378,-58.5,-70.5,-65.9, 21, 36, 0.02,294,16.3
2026-05-25 11:38:01,-102.1327,31.8870, 195.0,12383,-58.6,-70.5,-65.9, 21, 36, 0.02,295,16.3
2026-05-25 11:38:02,-102.1325,31.8869, 194.8,12387,-58.6,-70.5,-65.9, 21, 36, 0.02,295,16.3
2026-05-25 11:38:03,-102.1323,31.8868, 194.7,12391,-58.6,-70.6,-65.9, 21, 36, 0.02,295,16.3
2026-05-25 11:38:04,-102.1322,31.8868, 194.6,12395,-58.6,-70.6,-65.9, 21, 36, 0.02,295,16.3
2026-05-25 11:38:05,-102.1320,31.8867, 194.4,12400,-58.7,-70.6,-66.0, 21, 36, 0.02,295,16.3
2026-05-25 11:38:06,-102.1319,31.8866, 194.3,12404,-58.7,-70.6,-66.0, 21, 37, 0.02,295,16.3
2026-05-25 11:38:07,-102.1317,31.8866, 194.2,12408,-58.7,-70.6,-66.0, 21, 37, 0.02,295,16.3
2026-05-25 11:38:08,-102.1316,31.8865, 194.1,12412,-58.8,-70.6,-66.0, 21, 37, 0.01,295,16.3
2026-05-25 11:38:09,-102.1314,31.8865, 193.9,12416,-58.8,-70.7,-66.0, 21, 37, 0.01,295,16.2
2026-05-25 11:38:10,-102.1313,31.8864, 193.8,12421,-58.8,-70.7,-66.0, 21, 37, 0.01,296,16.2
2026-05-25 11:38:11,-102.1311,31.8863, 193.7,12425,-58.8,-70.7,-66.1, 21, 37, 0.01,296,16.2
2026-05-25 11:38:12,-102.1310,31.8863, 193.5,12429,-58.9,-70.7,-66.1, 21, 37, 0.01,296,16.2
2026-05-25 11:38:13,-102.1308,31.8862, 193.4,12433,-58.9,-70.7,-66.1, 21, 37, 0.01,296,16.2
2026-05-25 11:38:14,-102.1307,31.8861, 193.3,12437,-58.9,-70.7,-66.1, 21, 37, 0.01,296,16.2
2026-05-25 11:38:15,-102.1305,31.8861, 193.1,12441,-59.0,-70.8,-66.1, 21, 37, 0.01,296,16.2
2026-05-25 11:38:16,-102.1303,31.8860, 193.0,12446,-59.0,-70.8,-66.1, 21, 37, 0.01,296,16.1
2026-05-25 11:38:17,-102.1302,31.8860, 192.9,12450,-59.0,-70.8,-66.1, 21, 37, 0.01,296,16.1
2026-05-25 11:38:18,-102.1301,31.8859, 192.7,12455,-59.0,-70.8,-66.1, 21, 37, 0.01,296,16.1
2026-05-25 11:38:19,-102.1299,31.8858, 192.6,12459,-59.1,-70.8,-66.1, 21, 37, 0.01,296,16.1
2026-05-25 11:38:20,-102.1298,31.8858, 192.5,12463,-59.1,-70.8,-66.2, 21, 37, 0.01,296,16.1
2026-05-25 11:38:21,-102.1296,31.8857, 192.4,12467,-59.1,-70.8,-66.2, 21, 38, 0.01,296,16.0
2026-05-25 11:38:22,-102.1295,31.8856, 192.2,12472,-59.1,-70.8,-66.2, 21, 38, 0.01,296,16.0
2026-05-25 11:38:23,-102.1293,31.8856, 192.1,12476,-59.2,-70.8,-66.2, 21, 38, 0.01,296,16.0
2026-05-25 11:38:24,-102.1292,31.8855, 192.0,12480,-59.2,-70.8,-66.2, 21, 38, 0.01,297,16.0
2026-05-25 11:38:25,-102.1290,31.8854, 191.8,12484,-59.2,-70.8,-66.2, 21, 38, 0.01,297,16.0
2026-05-25 11:38:26,-102.1289,31.8854, 191.7,12488,-59.2,-70.9,-66.2, 21, 38, 0.01,297,15.9
2026-05-25 11:38:27,-102.1287,31.8853, 191.6,12493,-59.3,-70.9,-66.2, 21, 38, 0.01,297,15.9
2026-05-25 11:38:28,-102.1286,31.8853, 191.4,12497,-59.3,-70.9,-66.2, 21, 38, 0.01,297,15.9
2026-05-25 11:38:29,-102.1284,31.8852, 191.3,12501,-59.3,-70.9,-66.3, 21, 38, 0.01,297,15.9
2026-05-25 11:38:30,-102.1283,31.8851, 191.2,12506,-59.4,-70.9,-66.3, 21, 38, 0.01,297,15.9
2026-05-25 11:38:31,-102.1281,31.8851, 191.1,12510,-59.4,-70.9,-66.3, 22, 38, 0.01,297,15.8
2026-05-25 11:38:32,-102.1280,31.8850, 190.9,12514,-59.4,-70.9,-66.3, 22, 38, 0.01,297,15.8
2026-05-25 11:38:33,-102.1278,31.8849, 190.8,12518,-59.4,-71.0,-66.3, 22, 38, 0.01,297,15.8
2026-05-25 11:38:34,-102.1277,31.8849, 190.7,12522,-59.5,-71.0,-66.3, 22, 39, 0.01,297,15.8
2026-05-25 11:38:35,-102.1275,31.8848, 190.6,12526,-59.5,-71.0,-66.4, 22, 39, 0.01,297,15.8
2026-05-25 11:38:36,-102.1274,31.8848, 190.4,12530,-59.5,-71.0,-66.4, 22, 39, 0.01,297,15.8
2026-05-25 11:38:37,-102.1272,31.8847, 190.3,12534,-59.6,-71.0,-66.4, 22, 39, 0.01,297,15.9
2026-05-25 11:38:38,-102.1271,31.8846, 190.2,12538,-59.6,-71.0,-66.4, 22, 39, 0.01,297,15.9
2026-05-25 11:38:39,-102.1269,31.8846, 190.1,12543,-59.6,-71.1,-66.4, 22, 39, 0.01,297,15.9
2026-05-25 11:38:40,-102.1268,31.8845, 189.9,12547,-59.6,-71.1,-66.4, 22, 39, 0.01,296,15.9
2026-05-25 11:38:41,-102.1266,31.8844, 189.8,12551,-59.7,-71.1,-66.5, 22, 39, 0.01,296,15.9
2026-05-25 11:38:42,-102.1265,31.8844, 189.7,12555,-59.7,-71.1,-66.5, 22, 39, 0.01,296,15.9
2026-05-25 11:38:43,-102.1263,31.8843, 189.6,12559,-59.7,-71.2,-66.5, 22, 39, 0.01,296,15.9
2026-05-25 11:38:44,-102.1262,31.8842, 189.4,12563,-59.8,-71.2,-66.5, 22, 39, 0.01,296,15.9
2026-05-25 11:38:45,-102.1260,31.8842, 189.3,12567,-59.8,-71.2,-66.6, 22, 39, 0.01,296,15.9
2026-05-25 11:38:46,-102.1259,31.8841, 189.2,12572,-59.8,-71.2,-66.6, 22, 39, 0.01,296,15.9
2026-05-25 11:38:47,-102.1257,31.8841, 189.1,12576,-59.8,-71.3,-66.6, 22, 39, 0.01,296,15.9
2026-05-25 11:38:48,-102.1255,31.8840, 188.9,12580,-59.9,-71.3,-66.6, 22, 39, 0.01,296,15.9
2026-05-25 11:38:49,-102.1254,31.8839, 188.8,12584,-59.9,-71.3,-66.7, 22, 39, 0.01,296,15.9
2026-05-25 11:38:50,-102.1252,31.8839, 188.7,12588,-59.9,-71.3,-66.7, 22, 39, 0.01,296,15.9
2026-05-25 11:38:51,-102.1251,31.8838, 188.6,12592,-59.9,-71.4,-66.7, 22, 39, 0.01,296,15.9
2026-05-25 11:38:52,-102.1249,31.8837, 188.4,12596,-60.0,-71.4,-66.7, 22, 39, 0.01,296,15.9
2026-05-25 11:38:53,-102.1247,31.8837, 188.3,12600,-60.0,-71.4,-66.8, 22, 39, 0.01,296,16.0
2026-05-25 11:38:54,-102.1246,31.8836, 188.2,12604,-60.0,-71.5,-66.8, 22, 39, 0.01,296,16.0
2026-05-25 11:38:55,-102.1244,31.8835, 188.1,12608,-60.1,-71.5,-66.8, 22, 39, 0.01,296,16.1
2026-05-25 11:38:56,-102.1243,31.8835, 187.9,12612,-60.1,-71.5,-66.8, 22, 39, 0.01,296,16.1
2026-05-25 11:38:57,-102.1241,31.8834, 187.8,12616,-60.1,-71.5,-66.9, 22, 39, 0.01,296,16.2
2026-05-25 11:38:58,-102.1240,31.8834, 187.7,12620,-60.1,-71.5,-66.9, 22, 39, 0.01,296,16.2
2026-05-25 11:38:59,-102.1238,31.8833, 187.6,12624,-60.1,-71.6,-66.9, 22, 39, 0.01,296,16.2
2026-05-25 11:39:00,-102.1236,31.8832, 187.5,12629,-60.2,-71.6,-66.9, 22, 39, 0.01,296,16.3
2026-05-25 11:39:01,-102.1235,31.8832, 187.3,12633,-60.2,-71.6,-66.9, 22, 39, 0.01,295,16.3
2026-05-25 11:39:02,-102.1233,31.8831, 187.2,12637,-60.2,-71.6,-67.0, 22, 39, 0.01,295,16.4
2026-05-25 11:39:03,-102.1232,31.8830, 187.1,12641,-60.2,-71.6,-67.0, 22, 39, 0.01,295,16.4
2026-05-25 11:39:04,-102.1230,31.8830, 186.9,12646,-60.2,-71.7,-67.0, 22, 39, 0.01,295,16.5
2026-05-25 11:39:05,-102.1228,31.8829, 186.8,12650,-60.3,-71.7,-67.0, 22, 39, 0.01,295,16.5
2026-05-25 11:39:06,-102.1227,31.8828, 186.7,12654,-60.3,-71.7,-67.0, 22, 39, 0.01,295,16.6
2026-05-25 11:39:07,-102.1225,31.8828, 186.6,12659,-60.3,-71.7,-67.1, 22, 39, 0.01,295,16.6
2026-05-25 11:39:08,-102.1224,31.8827, 186.4,12663,-60.3,-71.7,-67.1, 22, 39, 0.01,295,16.7
2026-05-25 11:39:09,-102.1222,31.8827, 186.3,12667,-60.3,-71.8,-67.1, 22, 39, 0.01,295,16.7
2026-05-25 11:39:10,-102.1220,31.8826, 186.2,12671,-60.3,-71.8,-67.1, 22, 39, 0.01,295,16.8
2026-05-25 11:39:11,-102.1219,31.8825, 186.1,12676,-60.4,-71.8,-67.1, 22, 39, 0.01,295,16.8
2026-05-25 11:39:12,-102.1217,31.8825, 185.9,12680,-60.4,-71.8,-67.1, 22, 39, 0.01,295,16.8
2026-05-25 11:39:13,-102.1216,31.8824, 185.8,12684,-60.4,-71.8,-67.2, 22, 39, 0.01,295,16.8
2026-05-25 11:39:14,-102.1214,31.8823, 185.7,12688,-60.4,-71.8,-67.2, 22, 39, 0.01,295,16.8
2026-05-25 11:39:15,-102.1213,31.8823, 185.6,12692,-60.4,-71.9,-67.2, 22, 39, 0.01,295,16.7
2026-05-25 11:39:16,-102.1211,31.8822, 185.4,12696,-60.4,-71.9,-67.2, 21, 39, 0.01,295,16.7
2026-05-25 11:39:17,-102.1210,31.8821, 185.3,12700,-60.5,-71.9,-67.2, 21, 39, 0.01,295,16.7
2026-05-25 11:39:18,-102.1208,31.8821, 185.2,12704,-60.5,-71.9,-67.2, 21, 39, 0.01,295,16.6
2026-05-25 11:39:19,-102.1207,31.8820, 185.1,12708,-60.5,-71.9,-67.3, 21, 39, 0.01,295,16.6
2026-05-25 11:39:20,-102.1205,31.8819, 184.9,12713,-60.5,-71.9,-67.3, 21, 39, 0.01,295,16.5
2026-05-25 11:39:21,-102.1204,31.8819, 184.8,12717,-60.5,-72.0,-67.3, 21, 39, 0.01,296,16.5
2026-05-25 11:39:22,-102.1202,31.8818, 184.7,12721,-60.5,-72.0,-67.3, 21, 39, 0.01,296,16.5
2026-05-25 11:39:23,-102.1201,31.8817, 184.6,12725,-60.6,-72.0,-67.3, 21, 39, 0.01,296,16.4
2026-05-25 11:39:24,-102.1199,31.8817, 184.5,12729,-60.6,-72.0,-67.3, 21, 39, 0.01,296,16.4
2026-05-25 11:39:25,-102.1198,31.8816, 184.3,12733,-60.6,-72.0,-67.4, 21, 39, 0.01,296,16.4
2026-05-25 11:39:26,-102.1196,31.8815, 184.2,12737,-60.6,-72.0,-67.4, 21, 39, 0.01,296,16.3
2026-05-25 11:39:27,-102.1195,31.8815, 184.1,12741,-60.6,-72.0,-67.4, 21, 39, 0.01,296,16.3
2026-05-25 11:39:28,-102.1193,31.8814, 184.0,12746,-60.7,-72.1,-67.4, 21, 39, 0.01,296,16.3
2026-05-25 11:39:29,-102.1192,31.8813, 183.8,12750,-60.7,-72.1,-67.4, 22, 39, 0.01,296,16.2
2026-05-25 11:39:30,-102.1190,31.8813, 183.7,12754,-60.7,-72.1,-67.4, 22, 39, 0.01,296,16.2
2026-05-25 11:39:31,-102.1189,31.8812, 183.6,12758,-60.7,-72.1,-67.4, 22, 39, 0.01,296,16.1
2026-05-25 11:39:32,-102.1187,31.8811, 183.5,12762,-60.7,-72.1,-67.5, 21, 39, 0.01,296,16.1
2026-05-25 11:39:33,-102.1186,31.8811, 183.3,12766,-60.7,-72.1,-67.5, 22, 39, 0.01,296,16.1
2026-05-25 11:39:34,-102.1184,31.8810, 183.2,12770,-60.8,-72.2,-67.5, 22, 39, 0.01,296,16.0
2026-05-25 11:39:35,-102.1183,31.8809, 183.1,12775,-60.8,-72.2,-67.5, 22, 39, 0.01,296,16.0
2026-05-25 11:39:36,-102.1182,31.8809, 183.0,12779,-60.8,-72.2,-67.5, 22, 39, 0.01,296,16.0
2026-05-25 11:39:37,-102.1180,31.8808, 182.8,12784,-60.8,-72.2,-67.6, 22, 39, 0.01,297,15.9
2026-05-25 11:39:38,-102.1179,31.8807, 182.7,12788,-60.9,-72.2,-67.6, 22, 39, 0.01,297,15.9
2026-05-25 11:39:39,-102.1177,31.8807, 182.6,12793,-60.9,-72.3,-67.6, 22, 39, 0.01,297,15.9
2026-05-25 11:39:40,-102.1176,31.8806, 182.5,12797,-60.9,-72.3,-67.6, 22, 39, 0.01,297,15.9
2026-05-25 11:39:41,-102.1174,31.8805, 182.3,12801,-60.9,-72.3,-67.6, 22, 39, 0.01,297,15.8
2026-05-25 11:39:42,-102.1173,31.8805, 182.2,12806,-61.0,-72.3,-67.7, 22, 39, 0.01,298,15.8
2026-05-25 11:39:43,-102.1171,31.8804, 182.1,12810,-61.0,-72.3,-67.7, 22, 39, 0.01,298,15.8
2026-05-25 11:39:44,-102.1170,31.8804, 182.0,12814,-61.0,-72.4,-67.7, 22, 39, 0.01,298,15.7
2026-05-25 11:39:45,-102.1168,31.8803, 181.8,12818,-61.0,-72.4,-67.7, 22, 39, 0.01,298,15.7
2026-05-25 11:39:46,-102.1167,31.8802, 181.7,12823,-61.0,-72.4,-67.7, 22, 39, 0.01,298,15.7
2026-05-25 11:39:47,-102.1165,31.8801, 181.6,12827,-61.1,-72.4,-67.8, 22, 39, 0.01,299,15.6
2026-05-25 11:39:48,-102.1164,31.8801, 181.4,12831,-61.1,-72.4,-67.8, 22, 39, 0.01,299,15.6
2026-05-25 11:39:49,-102.1163,31.8800, 181.3,12835,-61.1,-72.5,-67.8, 22, 39, 0.01,299,15.6
2026-05-25 11:39:50,-102.1161,31.8799, 181.2,12840,-61.1,-72.5,-67.8, 22, 39, 0.01,299,15.6
2026-05-25 11:39:51,-102.1160,31.8799, 181.1,12844,-61.2,-72.5,-67.8, 22, 39, 0.01,299,15.5
2026-05-25 11:39:52,-102.1159,31.8798, 181.0,12848,-61.2,-72.5,-67.9, 22, 39, 0.01,300,15.5
2026-05-25 11:39:53,-102.1157,31.8797, 180.8,12852,-61.2,-72.5,-67.9, 22, 39, 0.01,300,15.5
2026-05-25 11:39:54,-102.1156,31.8797, 180.7,12856,-61.2,-72.6,-67.9, 22, 39, 0.01,300,15.5
2026-05-25 11:39:55,-102.1154,31.8796, 180.6,12860,-61.3,-72.6,-67.9, 22, 39, 0.01,300,15.4
2026-05-25 11:39:56,-102.1153,31.8795, 180.5,12865,-61.3,-72.6,-67.9, 22, 39, 0.01,300,15.4
2026-05-25 11:39:57,-102.1152,31.8794, 180.4,12869,-61.3,-72.6,-68.0, 22, 39, 0.01,300,15.4
2026-05-25 11:39:58,-102.1150,31.8794, 180.2,12873,-61.3,-72.6,-68.0, 22, 39, 0.01,300,15.4
2026-05-25 11:39:59,-102.1149,31.8793, 180.1,12877,-61.3,-72.7,-68.0, 21, 39, 0.01,300,15.3
2026-05-25 11:40:00,-102.1148,31.8792, 180.0,12881,-61.4,-72.7,-68.0, 22, 39, 0.01,300,15.3
2026-05-25 11:40:01,-102.1146,31.8792, 179.9,12886,-61.4,-72.7,-68.0, 22, 39, 0.01,301,15.3
2026-05-25 11:40:02,-102.1145,31.8791, 179.7,12890,-61.4,-72.7,-68.0, 22, 39, 0.01,301,15.3
2026-05-25 11:40:03,-102.1143,31.8790, 179.6,12894,-61.4,-72.7,-68.0, 22, 39, 0.01,301,15.2
2026-05-25 11:40:04,-102.1142,31.8790, 179.5,12898,-61.4,-72.7,-68.1, 22, 39, 0.01,301,15.2
2026-05-25 11:40:05,-102.1141,31.8789, 179.4,12902,-61.4,-72.7,-68.1, 22, 39, 0.01,301,15.2
2026-05-25 11:40:06,-102.1139,31.8788, 179.3,12907,-61.5,-72.7,-68.1, 22, 39, 0.01,301,15.2
2026-05-25 11:40:07,-102.1138,31.8788, 179.1,12911,-61.5,-72.8,-68.1, 22, 39, 0.01,301,15.1
2026-05-25 11:40:08,-102.1137,31.8787, 179.0,12915,-61.5,-72.8,-68.1, 22, 39, 0.01,301,15.1
2026-05-25 11:40:09,-102.1135,31.8786, 178.9,12919,-61.5,-72.8,-68.1, 22, 39, 0.01,301,15.1
2026-05-25 11:40:10,-102.1134,31.8785, 178.8,12923,-61.5,-72.8,-68.1, 22, 39, 0.01,302,15.1
2026-05-25 11:40:11,-102.1132,31.8785, 178.6,12928,-61.5,-72.8,-68.1, 22, 39, 0.01,302,15.0
2026-05-25 11:40:12,-102.1131,31.8784, 178.5,12932,-61.5,-72.8,-68.1, 22, 39, 0.01,302,15.0
2026-05-25 11:40:13,-102.1130,31.8783, 178.4,12937,-61.6,-72.8,-68.1, 22, 39, 0.01,301,15.1
2026-05-25 11:40:14,-102.1128,31.8783, 178.3,12941,-61.6,-72.8,-68.1, 22, 39, 0.01,301,15.1
2026-05-25 11:40:15,-102.1127,31.8782, 178.1,12945,-61.6,-72.8,-68.2, 22, 39, 0.01,301,15.1
2026-05-25 11:40:16,-102.1126,31.8781, 178.0,12950,-61.6,-72.8,-68.2, 22, 39, 0.01,300,15.2
2026-05-25 11:40:17,-102.1124,31.8781, 177.9,12954,-61.6,-72.9,-68.2, 22, 39, 0.01,300,15.2
2026-05-25 11:40:18,-102.1122,31.8780, 177.8,12959,-61.6,-72.9,-68.2, 22, 39, 0.01,300,15.2
2026-05-25 11:40:19,-102.1121,31.8780, 177.6,12963,-61.7,-72.9,-68.2, 22, 39, 0.01,299,15.3
2026-05-25 11:40:20,-102.1119,31.8779, 177.5,12967,-61.7,-72.9,-68.2, 22, 39, 0.01,299,15.3
2026-05-25 11:40:21,-102.1117,31.8778, 177.4,12972,-61.7,-72.9,-68.2, 22, 39, 0.01,299,15.4
2026-05-25 11:40:22,-102.1116,31.8778, 177.3,12976,-61.7,-72.9,-68.3, 22, 39, 0.01,298,15.4
2026-05-25 11:40:23,-102.1114,31.8777, 177.1,12981,-61.7,-72.9,-68.3, 22, 40, 0.01,298,15.5
2026-05-25 11:40:24,-102.1113,31.8777, 177.0,12985,-61.8,-73.0,-68.3, 22, 40, 0.01,298,15.5
2026-05-25 11:40:25,-102.1111,31.8776, 176.9,12989,-61.8,-73.0,-68.3, 22, 40, 0.01,297,15.5
2026-05-25 11:40:26,-102.1110,31.8776, 176.8,12993,-61.8,-73.0,-68.3, 22, 40, 0.01,297,15.6
2026-05-25 11:40:27,-102.1108,31.8775, 176.7,12996,-61.8,-73.0,-68.3, 22, 40, 0.01,297,15.6
2026-05-25 11:40:28,-102.1106,31.8775, 176.5,13002,-61.8,-73.0,-68.4, 22, 40, 0.01,296,15.7
2026-05-25 11:40:29,-102.1105,31.8774, 176.4,13007,-61.8,-73.0,-68.4, 22, 40, 0.01,296,15.7
2026-05-25 11:40:30,-102.1103,31.8773, 176.2,13012,-61.8,-73.1,-68.4, 22, 39, 0.01,296,15.8
2026-05-25 11:40:31,-102.1101,31.8773, 176.1,13016,-61.9,-73.1,-68.4, 22, 39, 0.01,295,15.8
2026-05-25 11:40:32,-102.1100,31.8772, 176.0,13021,-61.9,-73.1,-68.4, 22, 39, 0.01,295,15.9
2026-05-25 11:40:33,-102.1098,31.8772, 175.8,13026,-61.9,-73.1,-68.5, 22, 39, 0.01,295,15.9
2026-05-25 11:40:34,-102.1096,31.8771, 175.7,13031,-61.9,-73.2,-68.5, 22, 39, 0.01,295,16.0
2026-05-25 11:40:35,-102.1095,31.8771, 175.6,13035,-61.9,-73.2,-68.5, 22, 39, 0.01,294,16.1
2026-05-25 11:40:36,-102.1093,31.8770, 175.4,13040,-61.9,-73.2,-68.5, 22, 39, 0.01,294,16.1
2026-05-25 11:40:37,-102.1092,31.8769, 175.3,13045,-62.0,-73.2,-68.5, 21, 39, 0.01,294,16.2
2026-05-25 11:40:38,-102.1090,31.8769, 175.2,13050,-62.0,-73.2,-68.6, 21, 39, 0.01,293,16.3
2026-05-25 11:40:39,-102.1088,31.8768, 175.0,13054,-62.0,-73.3,-68.6, 21, 39, 0.01,293,16.4
2026-05-25 11:40:40,-102.1087,31.8768, 174.9,13059,-62.0,-73.3,-68.6, 21, 39, 0.01,293,16.4
2026-05-25 11:40:41,-102.1085,31.8767, 174.8,13062,-62.0,-73.3,-68.6, 21, 39, 0.01,292,16.5
2026-05-25 11:40:42,-102.1083,31.8767, 174.7,13067,-62.0,-73.3,-68.6, 21, 39, 0.01,292,16.6
2026-05-25 11:40:43,-102.1082,31.8766, 174.5,13072,-62.0,-73.3,-68.6, 21, 39, 0.01,292,16.6
2026-05-25 11:40:44,-102.1080,31.8765, 174.4,13076,-62.0,-73.3,-68.6, 21, 39, 0.01,291,16.7
2026-05-25 11:40:45,-102.1079,31.8765, 174.3,13081,-62.0,-73.3,-68.6, 21, 39, 0.01,291,16.8
2026-05-25 11:40:46,-102.1077,31.8764, 174.2,13085,-62.0,-73.3,-68.6, 21, 39, 0.01,291,16.9
2026-05-25 11:40:47,-102.1075,31.8764, 174.0,13089,-62.0,-73.3,-68.6, 21, 39, 0.01,291,16.9
2026-05-25 11:40:48,-102.1073,31.8763, 173.9,13094,-62.0,-73.3,-68.6, 21, 39, 0.01,290,17.0
2026-05-25 11:40:49,-102.1071,31.8763, 173.8,13098,-62.0,-73.3,-68.6, 21, 39, 0.01,290,17.1
2026-05-25 11:40:50,-102.1070,31.8762, 173.7,13102,-62.0,-73.3,-68.6, 21, 39, 0.01,290,17.2
2026-05-25 11:40:51,-102.1068,31.8761, 173.5,13107,-62.0,-73.3,-68.6, 21, 39, 0.01,290,17.2
2026-05-25 11:40:52,-102.1066,31.8761, 173.4,13111,-62.0,-73.3,-68.6, 21, 39, 0.01,289,17.3
2026-05-25 11:40:53,-102.1064,31.8760, 173.3,13116,-62.0,-73.3,-68.6, 22, 39, 0.01,289,17.4
2026-05-25 11:40:54,-102.1062,31.8760, 173.2,13121,-62.0,-73.3,-68.6, 22, 39, 0.01,290,17.5
2026-05-25 11:40:55,-102.1060,31.8759, 173.0,13125,-62.0,-73.3,-68.6, 22, 39, 0.01,290,17.5
2026-05-25 11:40:56,-102.1059,31.8758, 172.9,13129,-62.0,-73.3,-68.6, 22, 39, 0.01,290,17.6
2026-05-25 11:40:57,-102.1057,31.8758, 172.8,13134,-62.0,-73.2,-68.6, 22, 39, 0.01,290,17.7
2026-05-25 11:40:58,-102.1055,31.8757, 172.7,13138,-62.0,-73.2,-68.5, 22, 39, 0.01,290,17.7
2026-05-25 11:40:59,-102.1053,31.8756, 172.5,13143,-62.0,-73.2,-68.5, 22, 39, 0.01,290,17.8
2026-05-25 11:41:00,-102.1051,31.8756, 172.4,13147,-62.0,-73.2,-68.5, 22, 39, 0.01,290,17.9
2026-05-25 11:41:01,-102.1049,31.8755, 172.3,13152,-62.0,-73.2,-68.5, 22, 39, 0.01,290,18.0
2026-05-25 11:41:02,-102.1048,31.8755, 172.2,13157,-61.9,-73.1,-68.5, 22, 40, 0.01,291,18.0
2026-05-25 11:41:03,-102.1046,31.8754, 172.0,13161,-61.9,-73.1,-68.4, 22, 40, 0.01,291,18.1
2026-05-25 11:41:04,-102.1044,31.8753, 171.9,13166,-61.9,-73.1,-68.4, 22, 40, 0.01,291,18.2
2026-05-25 11:41:05,-102.1042,31.8753, 171.8,13171,-61.9,-73.1,-68.4, 22, 40, 0.01,291,18.2
2026-05-25 11:41:06,-102.1041,31.8752, 171.6,13176,-61.9,-73.1,-68.4, 22, 40, 0.01,291,18.3
2026-05-25 11:41:07,-102.1038,31.8752, 171.5,13180,-61.9,-73.1,-68.4, 22, 40, 0.01,291,18.4
2026-05-25 11:41:08,-102.1037,31.8751, 171.4,13185,-61.9,-73.1,-68.4, 22, 40, 0.01,291,18.4
2026-05-25 11:41:09,-102.1035,31.8750, 171.2,13189,-61.9,-73.0,-68.4, 22, 40, 0.01,291,18.5
2026-05-25 11:41:10,-102.1033,31.8750, 171.1,13194,-61.8,-73.0,-68.4, 22, 40, 0.01,292,18.6
2026-05-25 11:41:11,-102.1031,31.8749, 171.0,13198,-61.8,-73.0,-68.4, 22, 39, 0.01,292,18.7
2026-05-25 11:41:12,-102.1029,31.8749, 170.9,13203,-61.8,-73.0,-68.4, 22, 39, 0.01,292,18.7
2026-05-25 11:41:13,-102.1027,31.8748, 170.7,13207,-61.8,-73.0,-68.4, 22, 39, 0.01,292,18.8
2026-05-25 11:41:14,-102.1026,31.8747, 170.6,13212,-61.8,-73.0,-68.4, 22, 39, 0.01,292,18.8
2026-05-25 11:41:15,-102.1024,31.8747, 170.5,13217,-61.8,-73.0,-68.4, 22, 39, 0.01,292,18.9
2026-05-25 11:41:16,-102.1022,31.8746, 170.4,13221,-61.8,-73.0,-68.4, 22, 39, 0.01,292,18.9
2026-05-25 11:41:17,-102.1020,31.8746, 170.2,13226,-61.8,-73.0,-68.3, 22, 39, 0.01,292,18.9
2026-05-25 11:41:18,-102.1018,31.8745, 170.1,13230,-61.7,-73.0,-68.3, 22, 39, 0.01,292,19.0
2026-05-25 11:41:19,-102.1016,31.8744, 170.0,13235,-61.7,-73.0,-68.3, 22, 39, 0.01,292,19.0
2026-05-25 11:41:20,-102.1014,31.8743, 169.9,13240,-61.7,-73.0,-68.3, 22, 39, 0.01,292,19.1
2026-05-25 11:41:21,-102.1012,31.8743, 169.7,13244,-61.7,-73.0,-68.3, 21, 39, 0.01,292,19.1
2026-05-25 11:41:22,-102.1010,31.8742, 169.6,13249,-61.7,-73.0,-68.4, 21, 39, 0.01,292,19.2
2026-05-25 11:41:23,-102.1009,31.8741, 169.5,13254,-61.7,-73.0,-68.4, 21, 39, 0.01,292,19.2
2026-05-25 11:41:24,-102.1007,31.8740, 169.3,13259,-61.7,-73.1,-68.4, 21, 39, 0.01,292,19.3
2026-05-25 11:41:25,-102.1005,31.8740, 169.2,13263,-61.7,-73.1,-68.4, 21, 39, 0.01,292,19.3
2026-05-25 11:41:26,-102.1003,31.8739, 169.1,13268,-61.7,-73.1,-68.4, 21, 38, 0.01,292,19.4
2026-05-25 11:41:27,-102.1001,31.8738, 168.9,13273,-61.7,-73.1,-68.4, 21, 38, 0.01,292,19.4
2026-05-25 11:41:28,-102.0999,31.8738, 168.8,13278,-61.7,-73.1,-68.5, 21, 38, 0.01,292,19.4
2026-05-25 11:41:29,-102.0997,31.8737, 168.7,13283,-61.7,-73.2,-68.5, 21, 38, 0.01,292,19.5
2026-05-25 11:41:30,-102.0995,31.8736, 168.5,13288,-61.7,-73.2,-68.5, 21, 38, 0.01,292,19.5
2026-05-25 11:41:31,-102.0993,31.8735, 168.4,13293,-61.7,-73.2,-68.5, 21, 38, 0.01,292,19.6
2026-05-25 11:41:32,-102.0991,31.8735, 168.3,13298,-61.7,-73.2,-68.5, 21, 38, 0.01,292,19.6
2026-05-25 11:41:33,-102.0989,31.8734, 168.1,13304,-61.7,-73.2,-68.5, 21, 38, 0.01,292,19.6
2026-05-25 11:41:34,-102.0988,31.8733, 167.9,13311,-61.7,-73.2,-68.6, 21, 38, 0.01,292,19.7
2026-05-25 11:41:35,-102.0986,31.8733, 167.8,13314,-61.7,-73.3,-68.6, 21, 38, 0.01,292,19.7
2026-05-25 11:41:36,-102.0984,31.8732, 167.7,13319,-61.7,-73.3,-68.6, 21, 37, 0.01,293,19.7
2026-05-25 11:41:37,-102.0982,31.8731, 167.6,13324,-61.7,-73.3,-68.6, 21, 37, 0.01,293,19.7
2026-05-25 11:41:38,-102.0980,31.8730, 167.4,13329,-61.7,-73.3,-68.7, 20, 37, 0.01,293,19.7
2026-05-25 11:41:39,-102.0978,31.8730, 167.3,13334,-61.7,-73.4,-68.7, 20, 37, 0.01,293,19.8
2026-05-25 11:41:40,-102.0976,31.8729, 167.2,13339,-61.7,-73.4,-68.7, 20, 37, 0.01,293,19.8
2026-05-25 11:41:41,-102.0974,31.8728, 167.0,13344,-61.7,-73.4,-68.8, 20, 37, 0.01,294,19.8
2026-05-25 11:41:42,-102.0972,31.8727, 166.9,13348,-61.8,-73.5,-68.8, 20, 37, 0.01,294,19.8
2026-05-25 11:41:43,-102.0970,31.8727, 166.8,13353,-61.8,-73.5,-68.8, 20, 37, 0.01,294,19.8
2026-05-25 11:41:44,-102.0968,31.8726, 166.6,13358,-61.8,-73.5,-68.8, 20, 37, 0.01,294,19.9
2026-05-25 11:41:45,-102.0967,31.8725, 166.5,13363,-61.8,-73.5,-68.9, 20, 36, 0.01,294,19.9
2026-05-25 11:41:46,-102.0965,31.8725, 166.4,13368,-61.8,-73.6,-68.9, 20, 36, 0.01,295,19.9
2026-05-25 11:41:47,-102.0963,31.8724, 166.2,13373,-61.8,-73.6,-68.9, 20, 36, 0.01,295,19.9
2026-05-25 11:41:48,-102.0961,31.8723, 166.1,13378,-61.8,-73.6,-68.9, 20, 36, 0.01,295,20.0
2026-05-25 11:41:49,-102.0959,31.8722, 166.0,13383,-61.8,-73.6,-69.0, 20, 36, 0.01,295,20.0
2026-05-25 11:41:50,-102.0957,31.8721, 165.8,13388,-61.8,-73.7,-69.0, 20, 36, 0.01,295,20.0
2026-05-25 11:41:51,-102.0955,31.8721, 165.7,13393,-61.8,-73.7,-69.0, 20, 36, 0.01,296,20.0
2026-05-25 11:41:52,-102.0954,31.8720, 165.6,13398,-61.9,-73.7,-69.0, 20, 36, 0.01,296,20.0
2026-05-25 11:41:53,-102.0952,31.8719, 165.5,13402,-61.9,-73.8,-69.1, 20, 36, 0.01,296,20.0
2026-05-25 11:41:54,-102.0950,31.8718, 165.3,13407,-61.9,-73.8,-69.1, 20, 36, 0.01,296,20.0
2026-05-25 11:41:55,-102.0948,31.8717, 165.2,13411,-61.9,-73.8,-69.1, 20, 36, 0.01,296,20.0
2026-05-25 11:41:56,-102.0946,31.8716, 165.1,13416,-61.9,-73.8,-69.1, 20, 36, 0.01,296,20.0
2026-05-25 11:41:57,-102.0944,31.8716, 165.0,13420,-61.9,-73.9,-69.2, 20, 36, 0.01,296,20.0
2026-05-25 11:41:58,-102.0942,31.8715, 164.8,13425,-62.0,-73.9,-69.2, 19, 35, 0.01,296,20.0
2026-05-25 11:41:59,-102.0941,31.8714, 164.7,13430,-62.0,-73.9,-69.2, 19, 35, 0.01,296,20.0
2026-05-25 11:42:00,-102.0939,31.8713, 164.6,13434,-62.0,-73.9,-69.3, 19, 35, 0.01,296,19.9
2026-05-25 11:42:01,-102.0937,31.8712, 164.5,13439,-62.0,-74.0,-69.3, 19, 35, 0.01,296,19.9
2026-05-25 11:42:02,-102.0935,31.8712, 164.3,13444,-62.0,-74.0,-69.3, 19, 35, 0.01,296,19.9
2026-05-25 11:42:03,-102.0933,31.8711, 164.2,13449,-62.0,-74.0,-69.3, 19, 35, 0.01,296,19.9
2026-05-25 11:42:04,-102.0931,31.8710, 164.1,13453,-62.0,-74.0,-69.4, 19, 35, 0.01,296,19.9
2026-05-25 11:42:05,-102.0929,31.8709, 164.0,13458,-62.1,-74.1,-69.4, 19, 35, 0.01,297,19.9
2026-05-25 11:42:06,-102.0928,31.8708, 163.8,13463,-62.1,-74.1,-69.4, 19, 35, 0.01,297,19.9
2026-05-25 11:42:07,-102.0926,31.8707, 163.7,13468,-62.1,-74.1,-69.4, 19, 35, 0.01,297,19.9
2026-05-25 11:42:08,-102.0924,31.8707, 163.6,13473,-62.1,-74.1,-69.5, 19, 35, 0.01,297,19.9
2026-05-25 11:42:09,-102.0922,31.8706, 163.4,13478,-62.1,-74.2,-69.5, 19, 35, 0.01,297,19.8
2026-05-25 11:42:10,-102.0920,31.8705, 163.3,13483,-62.1,-74.2,-69.5, 19, 35, 0.01,297,19.8
2026-05-25 11:42:11,-102.0918,31.8704, 163.2,13488,-62.2,-74.2,-69.5, 19, 35, 0.01,297,19.8
2026-05-25 11:42:12,-102.0917,31.8703, 163.1,13492,-62.2,-74.2,-69.6, 19, 35, 0.01,297,19.8
2026-05-25 11:42:13,-102.0915,31.8702, 162.9,13497,-62.2,-74.3,-69.6, 19, 35, 0.01,297,19.8
2026-05-25 11:42:14,-102.0913,31.8702, 162.8,13502,-62.2,-74.3,-69.6, 19, 35, 0.01,297,19.7
2026-05-25 11:42:15,-102.0911,31.8701, 162.7,13507,-62.2,-74.3,-69.6, 19, 35, 0.01,297,19.7
2026-05-25 11:42:16,-102.0909,31.8700, 162.5,13512,-62.2,-74.3,-69.7, 19, 34, 0.01,298,19.7
2026-05-25 11:42:17,-102.0907,31.8699, 162.4,13516,-62.2,-74.4,-69.7, 19, 34, 0.01,298,19.6
2026-05-25 11:42:18,-102.0906,31.8698, 162.3,13521,-62.2,-74.4,-69.7, 19, 34, 0.01,298,19.6
2026-05-25 11:42:19,-102.0904,31.8698, 162.2,13526,-62.3,-74.4,-69.7, 19, 34, 0.01,298,19.6
2026-05-25 11:42:20,-102.0902,31.8697, 162.0,13531,-62.3,-74.4,-69.8, 19, 34, 0.01,298,19.5
2026-05-25 11:42:21,-102.0901,31.8696, 161.9,13536,-62.3,-74.5,-69.8, 19, 34, 0.01,298,19.5
2026-05-25 11:42:22,-102.0899,31.8695, 161.8,13541,-62.3,-74.5,-69.8, 19, 34, 0.01,298,19.5
2026-05-25 11:42:23,-102.0898,31.8694, 161.7,13545,-62.3,-74.5,-69.8, 19, 34, 0.01,299,19.4
2026-05-25 11:42:24,-102.0896,31.8693, 161.5,13550,-62.3,-74.6,-69.9, 18, 34, 0.01,299,19.4
2026-05-25 11:42:25,-102.0894,31.8692, 161.4,13555,-62.3,-74.6,-69.9, 18, 34, 0.01,299,19.4
2026-05-25 11:42:26,-102.0893,31.8692, 161.3,13560,-62.3,-74.6,-69.9, 18, 34, 0.01,299,19.3
2026-05-25 11:42:27,-102.0891,31.8691, 161.1,13565,-62.3,-74.6,-69.9, 18, 34, 0.01,299,19.3
2026-05-25 11:42:28,-102.0890,31.8690, 161.0,13570,-62.3,-74.6,-69.9, 18, 34, 0.01,299,19.3
2026-05-25 11:42:29,-102.0888,31.8689, 160.9,13575,-62.3,-74.7,-70.0, 18, 33, 0.01,299,19.2
2026-05-25 11:42:30,-102.0886,31.8688, 160.8,13580,-62.4,-74.7,-70.0, 18, 33, 0.01,300,19.2
2026-05-25 11:42:31,-102.0885,31.8687, 160.6,13585,-62.4,-74.7,-70.0, 18, 33, 0.01,300,19.2
2026-05-25 11:42:32,-102.0883,31.8687, 160.5,13591,-62.4,-74.7,-70.0, 18, 33, 0.01,300,19.1
2026-05-25 11:42:33,-102.0882,31.8686, 160.3,13596,-62.4,-74.7,-70.0, 18, 33, 0.01,300,19.0
2026-05-25 11:42:34,-102.0880,31.8685, 160.2,13601,-62.4,-74.7,-70.0, 18, 33, 0.01,300,18.9
2026-05-25 11:42:35,-102.0878,31.8684, 160.1,13606,-62.4,-74.8,-70.1, 18, 33, 0.01,300,18.8
2026-05-25 11:42:36,-102.0877,31.8683, 159.9,13611,-62.4,-74.8,-70.1, 18, 33, 0.01,300,18.6
2026-05-25 11:42:37,-102.0875,31.8682, 159.8,13617,-62.4,-74.8,-70.1, 18, 33, 0.01,301,18.5
2026-05-25 11:42:38,-102.0874,31.8682, 159.7,13622,-62.4,-74.8,-70.1, 18, 33, 0.01,301,18.4
2026-05-25 11:42:39,-102.0872,31.8681, 159.5,13627,-62.4,-74.8,-70.1, 18, 33, 0.01,301,18.3
2026-05-25 11:42:40,-102.0871,31.8680, 159.4,13632,-62.4,-74.8,-70.1, 18, 33, 0.01,301,18.1
2026-05-25 11:42:41,-102.0869,31.8679, 159.3,13637,-62.5,-74.8,-70.1, 18, 33, 0.01,301,18.0
2026-05-25 11:42:42,-102.0867,31.8678, 159.1,13643,-62.5,-74.8,-70.1, 18, 33, 0.01,301,17.9
2026-05-25 11:42:43,-102.0866,31.8677, 159.0,13648,-62.5,-74.9,-70.2, 18, 33, 0.01,302,17.8
2026-05-25 11:42:44,-102.0864,31.8677, 158.9,13653,-62.5,-74.9,-70.2, 18, 33, 0.01,302,17.6
2026-05-25 11:42:45,-102.0863,31.8676, 158.7,13658,-62.5,-74.9,-70.2, 18, 33, 0.01,302,17.5
2026-05-25 11:42:46,-102.0861,31.8675, 158.6,13663,-62.6,-74.9,-70.2, 18, 33, 0.01,302,17.4
2026-05-25 11:42:47,-102.0859,31.8674, 158.5,13668,-62.6,-74.9,-70.2, 18, 33, 0.01,302,17.3
2026-05-25 11:42:48,-102.0858,31.8673, 158.4,13673,-62.6,-74.9,-70.2, 18, 33, 0.01,302,17.1
2026-05-25 11:42:49,-102.0857,31.8673, 158.2,13678,-62.6,-74.9,-70.2, 18, 34, 0.01,303,17.0
2026-05-25 11:42:50,-102.0855,31.8672, 158.1,13683,-62.6,-74.9,-70.2, 18, 34, 0.01,303,16.9
2026-05-25 11:42:51,-102.0854,31.8671, 158.0,13687,-62.7,-74.9,-70.2, 18, 34, 0.01,303,16.8
2026-05-25 11:42:52,-102.0853,31.8670, 157.9,13692,-62.7,-74.9,-70.2, 18, 34, 0.01,303,16.7
2026-05-25 11:42:53,-102.0852,31.8670, 157.7,13697,-62.7,-74.9,-70.2, 18, 34, 0.01,303,16.5
2026-05-25 11:42:54,-102.0850,31.8669, 157.6,13702,-62.7,-74.9,-70.2, 18, 34, 0.01,303,16.4
2026-05-25 11:42:55,-102.0849,31.8668, 157.5,13707,-62.7,-75.0,-70.3, 18, 34, 0.01,304,16.3
2026-05-25 11:42:56,-102.0848,31.8667, 157.3,13712,-62.8,-75.0,-70.3, 18, 34, 0.01,304,16.2
2026-05-25 11:42:57,-102.0847,31.8667, 157.2,13717,-62.8,-75.0,-70.3, 18, 34, 0.01,304,16.1
2026-05-25 11:42:58,-102.0845,31.8666, 157.1,13722,-62.8,-75.1,-70.4, 18, 34, 0.01,304,16.0
2026-05-25 11:42:59,-102.0844,31.8665, 157.0,13728,-62.9,-75.1,-70.4, 18, 34, 0.01,304,15.9
2026-05-25 11:43:00,-102.0843,31.8664, 156.8,13733,-62.9,-75.1,-70.4, 18, 34, 0.01,304,15.8
2026-05-25 11:43:01,-102.0842,31.8664, 156.7,13738,-62.9,-75.2,-70.5, 18, 34, 0.01,304,15.7
2026-05-25 11:43:02,-102.0841,31.8663, 156.6,13743,-63.0,-75.2,-70.5, 18, 34, 0.01,304,15.5
2026-05-25 11:43:03,-102.0839,31.8662, 156.4,13748,-63.0,-75.2,-70.5, 18, 34, 0.01,305,15.4
2026-05-25 11:43:04,-102.0838,31.8661, 156.3,13753,-63.0,-75.3,-70.6, 18, 34, 0.01,305,15.3
2026-05-25 11:43:05,-102.0837,31.8661, 156.2,13758,-63.1,-75.3,-70.6, 18, 34, 0.01,305,15.2
2026-05-25 11:43:06,-102.0836,31.8660, 156.0,13763,-63.1,-75.3,-70.6, 18, 34, 0.01,305,15.1
2026-05-25 11:43:07,-102.0834,31.8659, 155.9,13768,-63.1,-75.4,-70.7, 18, 34, 0.01,305,15.0
2026-05-25 11:43:08,-102.0833,31.8658, 155.8,13774,-63.2,-75.4,-70.7, 18, 34, 0.01,305,14.9
2026-05-25 11:43:09,-102.0832,31.8658, 155.6,13779,-63.2,-75.4,-70.7, 18, 34, 0.01,306,14.8
2026-05-25 11:43:10,-102.0831,31.8657, 155.5,13784,-63.2,-75.4,-70.7, 18, 34, 0.01,306,14.7
2026-05-25 11:43:11,-102.0829,31.8656, 155.4,13790,-63.3,-75.5,-70.8, 18, 34, 0.01,306,14.5
2026-05-25 11:43:12,-102.0828,31.8655, 155.2,13795,-63.3,-75.5,-70.8, 18, 34, 0.01,306,14.4
2026-05-25 11:43:13,-102.0827,31.8655, 155.1,13800,-63.3,-75.5,-70.8, 18, 34, 0.01,306,14.4
2026-05-25 11:43:14,-102.0826,31.8654, 155.0,13806,-63.4,-75.6,-70.8, 18, 34, 0.01,306,14.3
2026-05-25 11:43:15,-102.0824,31.8653, 154.9,13811,-63.4,-75.6,-70.9, 18, 34, 0.01,306,14.3
2026-05-25 11:43:16,-102.0823,31.8652, 154.7,13816,-63.4,-75.6,-70.9, 18, 34, 0.01,305,14.2
2026-05-25 11:43:17,-102.0822,31.8652, 154.6,13821,-63.4,-75.6,-70.9, 18, 34, 0.01,305,14.1
2026-05-25 11:43:18,-102.0821,31.8651, 154.5,13826,-63.5,-75.7,-71.0, 18, 34, 0.01,305,14.1
2026-05-25 11:43:19,-102.0819,31.8650, 154.4,13830,-63.5,-75.7,-71.0, 18, 34, 0.01,305,14.0
2026-05-25 11:43:20,-102.0818,31.8650, 154.2,13835,-63.5,-75.7,-71.0, 18, 34, 0.01,305,13.9
2026-05-25 11:43:21,-102.0817,31.8649, 154.1,13840,-63.6,-75.8,-71.1, 18, 34, 0.01,304,13.9
2026-05-25 11:43:22,-102.0816,31.8649, 154.0,13845,-63.6,-75.8,-71.1, 18, 34, 0.01,304,13.8
2026-05-25 11:43:23,-102.0815,31.8648, 153.9,13849,-63.6,-75.8,-71.1, 18, 34, 0.01,304,13.8
2026-05-25 11:43:24,-102.0813,31.8648, 153.8,13854,-63.6,-75.8,-71.1, 18, 34, 0.01,304,13.7
2026-05-25 11:43:25,-102.0812,31.8647, 153.7,13858,-63.6,-75.9,-71.1, 18, 34, 0.01,304,13.6
2026-05-25 11:43:26,-102.0811,31.8646, 153.5,13862,-63.7,-75.9,-71.2, 18, 34, 0.01,304,13.6
2026-05-25 11:43:27,-102.0810,31.8646, 153.4,13867,-63.7,-75.9,-71.2, 18, 34, 0.01,303,13.5
2026-05-25 11:43:28,-102.0808,31.8645, 153.3,13871,-63.7,-75.9,-71.2, 18, 34, 0.01,303,13.5
2026-05-25 11:43:29,-102.0807,31.8645, 153.2,13876,-63.7,-75.9,-71.2, 18, 34, 0.01,303,13.4
2026-05-25 11:43:30,-102.0806,31.8644, 153.1,13881,-63.7,-76.0,-71.2, 18, 33, 0.01,303,13.3
2026-05-25 11:43:31,-102.0805,31.8644, 153.0,13886,-63.7,-76.0,-71.3, 18, 33, 0.01,303,13.3
2026-05-25 11:43:32,-102.0804,31.8643, 152.8,13891,-63.7,-76.0,-71.3, 18, 33, 0.01,302,13.2
2026-05-25 11:43:33,-102.0802,31.8643, 152.7,13896,-63.8,-76.0,-71.3, 18, 33, 0.01,302,13.2
2026-05-25 11:43:34,-102.0801,31.8642, 152.6,13901,-63.8,-76.0,-71.3, 18, 33, 0.01,302,13.2
2026-05-25 11:43:35,-102.0800,31.8642, 152.4,13908,-63.8,-76.1,-71.4, 18, 33, 0.01,301,13.2
2026-05-25 11:43:36,-102.0799,31.8641, 152.3,13911,-63.8,-76.1,-71.4, 18, 33, 0.01,301,13.2
2026-05-25 11:43:37,-102.0798,31.8641, 152.2,13916,-63.8,-76.1,-71.4, 18, 33, 0.01,300,13.2
2026-05-25 11:43:38,-102.0796,31.8640, 152.1,13921,-63.8,-76.2,-71.4, 18, 33, 0.01,300,13.2
2026-05-25 11:43:39,-102.0795,31.8639, 152.0,13926,-63.8,-76.2,-71.5, 18, 33, 0.01,300,13.2
2026-05-25 11:43:40,-102.0794,31.8639, 151.9,13930,-63.8,-76.2,-71.5, 18, 33, 0.01,299,13.2
2026-05-25 11:43:41,-102.0793,31.8638, 151.7,13935,-63.8,-76.3,-71.5, 17, 32, 0.01,299,13.2
2026-05-25 11:43:42,-102.0791,31.8638, 151.6,13940,-63.8,-76.3,-71.6, 17, 32, 0.01,298,13.2
2026-05-25 11:43:43,-102.0790,31.8637, 151.5,13944,-63.8,-76.3,-71.6, 17, 32, 0.01,298,13.2
2026-05-25 11:43:44,-102.0789,31.8637, 151.4,13949,-63.8,-76.3,-71.6, 17, 32, 0.01,298,13.1
2026-05-25 11:43:45,-102.0788,31.8636, 151.3,13954,-63.8,-76.4,-71.7, 17, 32, 0.01,297,13.1
2026-05-25 11:43:46,-102.0787,31.8636, 151.2,13958,-63.8,-76.4,-71.7, 17, 32, 0.01,297,13.1
2026-05-25 11:43:47,-102.0785,31.8635, 151.1,13963,-63.8,-76.4,-71.7, 17, 32, 0.01,296,13.1
2026-05-25 11:43:48,-102.0784,31.8635, 150.9,13967,-63.8,-76.5,-71.8, 17, 32, 0.01,296,13.1
2026-05-25 11:43:49,-102.0783,31.8634, 150.8,13972,-63.8,-76.5,-71.8, 17, 31, 0.01,295,13.1
2026-05-25 11:43:50,-102.0781,31.8634, 150.7,13976,-63.8,-76.5,-71.8, 17, 31, 0.01,295,13.1
2026-05-25 11:43:51,-102.0780,31.8633, 150.6,13981,-63.8,-76.5,-71.8, 17, 31, 0.01,295,13.1
2026-05-25 11:43:52,-102.0779,31.8633, 150.5,13986,-63.8,-76.5,-71.8, 17, 31, 0.01,294,13.1
2026-05-25 11:43:53,-102.0777,31.8632, 150.4,13991,-63.8,-76.5,-71.8, 17, 31, 0.01,294,13.2
2026-05-25 11:43:54,-102.0776,31.8632, 150.2,13996,-63.8,-76.5,-71.8, 17, 31, 0.01,294,13.2
2026-05-25 11:43:55,-102.0774,31.8631, 150.1,14001,-63.8,-76.5,-71.8, 17, 31, 0.01,294,13.3
2026-05-25 11:43:56,-102.0773,31.8631, 150.0,14006,-63.8,-76.5,-71.8, 17, 31, 0.01,293,13.3
2026-05-25 11:43:57,-102.0771,31.8631, 149.9,14010,-63.8,-76.6,-71.8, 17, 31, 0.01,293,13.4
2026-05-25 11:43:58,-102.0770,31.8630, 149.8,14015,-63.8,-76.6,-71.8, 17, 31, 0.01,293,13.4
2026-05-25 11:43:59,-102.0769,31.8630, 149.7,14019,-63.8,-76.6,-71.8, 17, 31, 0.01,293,13.5
2026-05-25 11:44:00,-102.0767,31.8629, 149.6,14024,-63.8,-76.6,-71.9, 17, 31, 0.01,293,13.5
2026-05-25 11:44:01,-102.0766,31.8629, 149.4,14029,-63.8,-76.6,-71.9, 17, 31, 0.01,292,13.6
2026-05-25 11:44:02,-102.0764,31.8628, 149.4,14031,-63.8,-76.6,-71.9, 17, 31, 0.01,292,13.6
2026-05-25 11:44:03,-102.0763,31.8628, 149.2,14038,-63.8,-76.6,-71.9, 17, 31, 0.01,292,13.7
2026-05-25 11:44:04,-102.0761,31.8628, 149.1,14043,-63.8,-76.6,-71.9, 17, 31, 0.01,292,13.7
2026-05-25 11:44:05,-102.0760,31.8627, 149.0,14048,-63.8,-76.6,-71.9, 17, 31, 0.01,292,13.8
2026-05-25 11:44:06,-102.0759,31.8627, 148.9,14052,-63.8,-76.6,-71.9, 17, 31, 0.01,291,13.8
2026-05-25 11:44:07,-102.0757,31.8626, 148.7,14057,-63.8,-76.6,-71.9, 17, 31, 0.01,291,13.9
2026-05-25 11:44:08,-102.0756,31.8626, 148.6,14062,-63.8,-76.6,-71.9, 17, 31, 0.01,291,13.9
2026-05-25 11:44:09,-102.0754,31.8625, 148.5,14066,-63.8,-76.6,-71.9, 17, 31, 0.01,291,14.0
2026-05-25 11:44:10,-102.0753,31.8625, 148.4,14071,-63.8,-76.6,-71.9, 17, 31, 0.01,291,14.0
2026-05-25 11:44:11,-102.0751,31.8624, 148.3,14076,-63.8,-76.6,-71.9, 17, 31, 0.01,290,14.1
2026-05-25 11:44:12,-102.0750,31.8624, 148.2,14080,-63.8,-76.6,-71.9, 17, 31, 0.01,290,14.1
2026-05-25 11:44:13,-102.0749,31.8624, 148.1,14085,-63.8,-76.6,-71.9, 17, 31, 0.01,290,14.2
2026-05-25 11:44:14,-102.0747,31.8623, 147.9,14091,-63.8,-76.6,-71.9, 17, 31, 0.01,290,14.3
2026-05-25 11:44:15,-102.0746,31.8623, 147.8,14096,-63.8,-76.6,-71.9, 17, 31, 0.01,290,14.3
2026-05-25 11:44:16,-102.0744,31.8622, 147.7,14101,-63.8,-76.6,-71.9, 17, 31, 0.01,289,14.4
2026-05-25 11:44:17,-102.0743,31.8622, 147.6,14105,-63.8,-76.6,-71.9, 16, 31, 0.01,289,14.4
2026-05-25 11:44:18,-102.0741,31.8621, 147.5,14110,-63.8,-76.6,-71.9, 16, 31, 0.01,289,14.5
2026-05-25 11:44:19,-102.0740,31.8621, 147.4,14114,-63.8,-76.7,-71.9, 16, 30, 0.01,289,14.5
2026-05-25 11:44:20,-102.0739,31.8621, 147.3,14119,-63.8,-76.7,-72.0, 16, 30, 0.01,289,14.6
2026-05-25 11:44:21,-102.0737,31.8620, 147.1,14123,-63.8,-76.7,-72.0, 16, 30, 0.01,288,14.6
2026-05-25 11:44:22,-102.0735,31.8620, 147.0,14128,-63.8,-76.7,-72.0, 16, 30, 0.01,288,14.7
2026-05-25 11:44:23,-102.0734,31.8620, 146.9,14132,-63.8,-76.7,-72.0, 16, 30, 0.01,288,14.8
2026-05-25 11:44:24,-102.0732,31.8619, 146.8,14137,-63.8,-76.7,-72.0, 16, 30, 0.01,288,14.8
2026-05-25 11:44:25,-102.0730,31.8619, 146.7,14142,-63.9,-76.8,-72.0, 16, 30, 0.01,288,14.9
2026-05-25 11:44:26,-102.0729,31.8619, 146.6,14146,-63.9,-76.8,-72.1, 16, 30, 0.01,287,14.9
2026-05-25 11:44:27,-102.0727,31.8619, 146.5,14151,-63.9,-76.8,-72.1, 16, 30, 0.01,287,15.0
2026-05-25 11:44:28,-102.0725,31.8618, 146.4,14156,-63.9,-76.8,-72.1, 16, 30, 0.01,287,15.1
2026-05-25 11:44:29,-102.0724,31.8618, 146.2,14161,-63.9,-76.8,-72.1, 16, 30, 0.01,287,15.1
2026-05-25 11:44:30,-102.0722,31.8618, 146.1,14166,-63.9,-76.9,-72.2, 16, 30, 0.01,287,15.2
2026-05-25 11:44:31,-102.0721,31.8617, 146.0,14170,-63.9,-76.9,-72.2, 16, 30, 0.01,287,15.2
2026-05-25 11:44:32,-102.0719,31.8617, 145.9,14175,-63.9,-76.9,-72.2, 16, 30, 0.01,286,15.3
2026-05-25 11:44:33,-102.0717,31.8617, 145.8,14180,-63.9,-77.0,-72.3, 16, 29, 0.01,286,15.3
2026-05-25 11:44:34,-102.0716,31.8616, 145.7,14185,-63.9,-77.0,-72.3, 16, 29, 0.01,286,15.4
2026-05-25 11:44:35,-102.0714,31.8616, 145.6,14190,-63.9,-77.0,-72.3, 16, 29, 0.01,285,15.4
2026-05-25 11:44:36,-102.0712,31.8616, 145.5,14194,-63.9,-77.1,-72.4, 16, 29, 0.01,285,15.5
2026-05-25 11:44:37,-102.0711,31.8616, 145.3,14199,-63.9,-77.1,-72.4, 16, 29, 0.01,285,15.5
2026-05-25 11:44:38,-102.0709,31.8615, 145.2,14203,-63.9,-77.1,-72.4, 15, 29, 0.01,284,15.5
2026-05-25 11:44:39,-102.0707,31.8615, 145.1,14208,-63.9,-77.2,-72.5, 15, 29, 0.01,284,15.6
2026-05-25 11:44:40,-102.0706,31.8615, 145.0,14212,-63.9,-77.2,-72.5, 15, 28, 0.01,284,15.6
2026-05-25 11:44:41,-102.0704,31.8614, 144.9,14217,-63.9,-77.2,-72.5, 15, 28, 0.01,283,15.7
2026-05-25 11:44:42,-102.0703,31.8614, 144.8,14221,-63.9,-77.3,-72.6, 15, 28, 0.01,283,15.7
2026-05-25 11:44:43,-102.0701,31.8614, 144.8,14224,-63.9,-77.3,-72.6, 15, 28, 0.01,283,15.7
2026-05-25 11:44:44,-102.0699,31.8614, 144.6,14230,-63.9,-77.3,-72.6, 15, 28, 0.01,283,15.8
2026-05-25 11:44:45,-102.0698,31.8613, 144.5,14235,-63.9,-77.4,-72.6, 15, 28, 0.01,282,15.9
2026-05-25 11:44:46,-102.0696,31.8613, 144.4,14239,-63.9,-77.4,-72.6, 15, 28, 0.01,282,15.9
2026-05-25 11:44:47,-102.0694,31.8613, 144.3,14243,-63.9,-77.4,-72.7, 15, 28, 0.01,282,16.0
2026-05-25 11:44:48,-102.0693,31.8612, 144.2,14247,-63.9,-77.4,-72.7, 15, 27, 0.01,281,16.0
2026-05-25 11:44:49,-102.0691,31.8612, 144.1,14252,-63.9,-77.4,-72.7, 15, 27, 0.01,281,16.0
2026-05-25 11:44:50,-102.0689,31.8612, 144.0,14256,-63.9,-77.5,-72.7, 15, 27, 0.01,281,16.1
2026-05-25 11:44:51,-102.0688,31.8612, 143.9,14260,-63.9,-77.5,-72.8, 15, 27, 0.01,280,16.1
2026-05-25 11:44:52,-102.0686,31.8611, 143.8,14265,-63.9,-77.5,-72.8, 15, 27, 0.01,280,16.2
2026-05-25 11:44:53,-102.0684,31.8611, 143.7,14269,-63.8,-77.5,-72.8, 14, 27, 0.01,280,16.2
2026-05-25 11:44:54,-102.0683,31.8611, 143.6,14273,-63.8,-77.6,-72.8, 14, 27, 0.01,280,16.2
2026-05-25 11:44:55,-102.0681,31.8611, 143.5,14278,-63.8,-77.6,-72.9, 14, 27, 0.01,279,16.3
2026-05-25 11:44:56,-102.0679,31.8611, 143.4,14282,-63.8,-77.6,-72.9, 14, 26, 0.01,279,16.3
2026-05-25 11:44:57,-102.0677,31.8611, 143.3,14286,-63.8,-77.6,-72.9, 14, 26, 0.01,279,16.3
2026-05-25 11:44:58,-102.0675,31.8610, 143.2,14291,-63.8,-77.6,-72.9, 14, 26, 0.01,279,16.3
2026-05-25 11:44:59,-102.0674,31.8610, 143.1,14295,-63.8,-77.6,-72.9, 14, 26, 0.01,279,16.3
2026-05-25 11:45:00,-102.0672,31.8610, 143.0,14299,-63.8,-77.6,-72.9, 14, 26, 0.01,278,16.4
2026-05-25 11:45:01,-102.0670,31.8610, 142.9,14303,-63.7,-77.6,-72.9, 14, 26, 0.01,278,16.4
2026-05-25 11:45:02,-102.0668,31.8610, 142.8,14308,-63.7,-77.6,-72.9, 14, 26, 0.01,278,16.4
2026-05-25 11:45:03,-102.0667,31.8610, 142.7,14312,-63.7,-77.6,-72.9, 14, 26, 0.01,278,16.4
2026-05-25 11:45:04,-102.0665,31.8609, 142.6,14316,-63.7,-77.6,-72.8, 14, 26, 0.01,278,16.5
2026-05-25 11:45:05,-102.0663,31.8609, 142.5,14320,-63.7,-77.6,-72.8, 14, 26, 0.01,277,16.5
2026-05-25 11:45:06,-102.0661,31.8609, 142.4,14325,-63.7,-77.6,-72.8, 14, 26, 0.01,277,16.5
2026-05-25 11:45:07,-102.0660,31.8609, 142.3,14329,-63.7,-77.6,-72.8, 14, 26, 0.01,277,16.5
2026-05-25 11:45:08,-102.0658,31.8609, 142.2,14333,-63.6,-77.6,-72.8, 14, 26, 0.01,277,16.6
2026-05-25 11:45:09,-102.0656,31.8609, 142.1,14337,-63.6,-77.6,-72.8, 14, 26, 0.01,276,16.6
2026-05-25 11:45:10,-102.0654,31.8608, 142.0,14342,-63.6,-77.6,-72.8, 14, 26, 0.01,276,16.6
2026-05-25 11:45:11,-102.0652,31.8608, 141.9,14346,-63.6,-77.6,-72.8, 14, 26, 0.01,276,16.6
2026-05-25 11:45:12,-102.0651,31.8608, 141.8,14351,-63.6,-77.6,-72.9, 14, 26, 0.01,276,16.7
2026-05-25 11:45:13,-102.0649,31.8608, 141.7,14355,-63.6,-77.6,-72.9, 14, 26, 0.01,276,16.7
2026-05-25 11:45:14,-102.0647,31.8608, 141.6,14360,-63.6,-77.6,-72.9, 14, 26, 0.01,276,16.7
2026-05-25 11:45:15,-102.0645,31.8608, 141.5,14364,-63.6,-77.6,-72.9, 14, 26, 0.01,276,16.7
2026-05-25 11:45:16,-102.0644,31.8608, 141.4,14368,-63.5,-77.6,-72.9, 14, 25, 0.01,276,16.7
2026-05-25 11:45:17,-102.0642,31.8607, 141.3,14373,-63.5,-77.6,-72.9, 14, 25, 0.01,276,16.7
2026-05-25 11:45:18,-102.0640,31.8607, 141.2,14377,-63.5,-77.6,-72.9, 14, 25, 0.01,276,16.7
2026-05-25 11:45:19,-102.0638,31.8607, 141.1,14381,-63.5,-77.6,-72.9, 14, 25, 0.01,276,16.8
2026-05-25 11:45:20,-102.0637,31.8607, 141.0,14386,-63.5,-77.6,-72.9, 14, 25, 0.01,276,16.8
2026-05-25 11:45:21,-102.0635,31.8607, 140.9,14390,-63.5,-77.7,-72.9, 14, 25, 0.01,276,16.8
2026-05-25 11:45:22,-102.0633,31.8607, 140.8,14394,-63.5,-77.7,-72.9, 14, 25, 0.01,276,16.8
2026-05-25 11:45:23,-102.0631,31.8606, 140.7,14398,-63.5,-77.7,-72.9, 13, 25, 0.01,276,16.8
2026-05-25 11:45:24,-102.0630,31.8606, 140.6,14403,-63.5,-77.7,-73.0, 13, 25, 0.01,276,16.8
2026-05-25 11:45:25,-102.0628,31.8606, 140.5,14407,-63.5,-77.7,-73.0, 13, 25, 0.01,276,16.9
2026-05-25 11:45:26,-102.0626,31.8606, 140.4,14412,-63.5,-77.7,-73.0, 13, 25, 0.01,276,16.9
2026-05-25 11:45:27,-102.0624,31.8605, 140.3,14416,-63.4,-77.7,-73.0, 13, 25, 0.01,276,16.9
2026-05-25 11:45:28,-102.0623,31.8605, 140.2,14421,-63.4,-77.8,-73.0, 13, 25, 0.01,276,16.9
2026-05-25 11:45:29,-102.0621,31.8605, 140.1,14425,-63.4,-77.8,-73.1, 13, 24, 0.01,276,16.9
2026-05-25 11:45:30,-102.0619,31.8605, 140.0,14430,-63.4,-77.8,-73.1, 13, 24, 0.01,276,16.9
2026-05-25 11:45:31,-102.0617,31.8605, 139.9,14434,-63.4,-77.8,-73.1, 13, 24, 0.01,276,17.0
2026-05-25 11:45:32,-102.0615,31.8604, 139.8,14438,-63.4,-77.8,-73.1, 13, 24, 0.01,276,17.0
2026-05-25 11:45:33,-102.0614,31.8604, 139.7,14443,-63.4,-77.9,-73.1, 13, 24, 0.01,276,17.0
2026-05-25 11:45:34,-102.0612,31.8604, 139.6,14447,-63.4,-77.9,-73.1, 13, 24, 0.01,276,17.0
2026-05-25 11:45:35,-102.0610,31.8604, 139.5,14452,-63.4,-77.9,-73.2, 13, 24, 0.01,277,17.0
2026-05-25 11:45:36,-102.0608,31.8604, 139.4,14456,-63.4,-77.9,-73.2, 13, 24, 0.01,277,17.0
2026-05-25 11:45:37,-102.0607,31.8603, 139.3,14461,-63.4,-77.9,-73.2, 13, 24, 0.01,277,17.0
2026-05-25 11:45:38,-102.0605,31.8603, 139.2,14466,-63.4,-77.9,-73.2, 13, 24, 0.01,277,17.0
2026-05-25 11:45:39,-102.0603,31.8603, 139.0,14470,-63.4,-77.9,-73.2, 13, 24, 0.01,277,17.0
2026-05-25 11:45:40,-102.0601,31.8603, 138.9,14475,-63.4,-77.9,-73.2, 13, 24, 0.01,277,16.9
2026-05-25 11:45:41,-102.0600,31.8602, 138.8,14480,-63.4,-77.9,-73.2, 13, 24, 0.01,277,16.9
2026-05-25 11:45:42,-102.0598,31.8602, 138.7,14485,-63.4,-77.9,-73.2, 13, 24, 0.01,278,16.9
2026-05-25 11:45:43,-102.0596,31.8602, 138.6,14489,-63.4,-77.9,-73.2, 13, 24, 0.01,278,16.9
2026-05-25 11:45:44,-102.0594,31.8602, 138.5,14494,-63.4,-77.9,-73.2, 13, 24, 0.01,278,16.9
2026-05-25 11:45:45,-102.0593,31.8602, 138.4,14499,-63.4,-77.9,-73.2, 13, 24, 0.01,278,16.9
2026-05-25 11:45:46,-102.0591,31.8601, 138.3,14503,-63.4,-78.0,-73.2, 13, 24, 0.01,278,16.9
2026-05-25 11:45:47,-102.0589,31.8601, 138.2,14508,-63.4,-78.0,-73.2, 13, 24, 0.01,278,16.9
2026-05-25 11:45:48,-102.0587,31.8601, 138.1,14512,-63.4,-78.0,-73.2, 13, 24, 0.01,278,16.9
2026-05-25 11:45:49,-102.0586,31.8601, 138.0,14517,-63.4,-78.0,-73.2, 13, 24, 0.01,279,16.9
2026-05-25 11:45:50,-102.0584,31.8601, 137.9,14520,-63.4,-78.0,-73.2, 13, 24, 0.01,279,16.9
2026-05-25 11:45:51,-102.0582,31.8600, 137.8,14526,-63.4,-78.0,-73.3, 13, 23, 0.01,279,16.9
2026-05-25 11:45:52,-102.0580,31.8600, 137.7,14530,-63.4,-78.0,-73.3, 13, 23, 0.01,279,16.9
2026-05-25 11:45:53,-102.0579,31.8600, 137.6,14535,-63.4,-78.1,-73.3, 13, 23, 0.01,279,17.0
2026-05-25 11:45:54,-102.0577,31.8600, 137.5,14539,-63.4,-78.1,-73.4, 13, 23, 0.01,279,17.0
2026-05-25 11:45:55,-102.0575,31.8599, 137.4,14543,-63.4,-78.1,-73.4, 12, 23, 0.01,279,17.0
2026-05-25 11:45:56,-102.0573,31.8599, 137.3,14548,-63.4,-78.2,-73.4, 12, 23, 0.01,279,17.1
2026-05-25 11:45:57,-102.0571,31.8599, 137.2,14552,-63.4,-78.2,-73.5, 12, 23, 0.01,279,17.1
2026-05-25 11:45:58,-102.0569,31.8598, 137.1,14557,-63.4,-78.2,-73.5, 12, 23, 0.01,279,17.2
2026-05-25 11:45:59,-102.0567,31.8598, 137.0,14561,-63.4,-78.2,-73.5, 12, 23, 0.01,279,17.2
2026-05-25 11:46:00,-102.0566,31.8598, 136.9,14566,-63.4,-78.3,-73.5, 12, 23, 0.01,279,17.2
2026-05-25 11:46:01,-102.0564,31.8598, 136.8,14570,-63.4,-78.3,-73.6, 12, 22, 0.01,279,17.3
2026-05-25 11:46:02,-102.0562,31.8597, 136.7,14575,-63.4,-78.3,-73.6, 12, 22, 0.01,279,17.3
2026-05-25 11:46:03,-102.0560,31.8597, 136.6,14580,-63.4,-78.4,-73.6, 12, 22, 0.01,279,17.4
2026-05-25 11:46:04,-102.0558,31.8597, 136.5,14584,-63.4,-78.4,-73.7, 12, 22, 0.01,279,17.4
2026-05-25 11:46:05,-102.0556,31.8596, 136.4,14589,-63.4,-78.4,-73.7, 12, 22, 0.01,279,17.4
2026-05-25 11:46:06,-102.0555,31.8596, 136.3,14593,-63.4,-78.5,-73.7, 12, 22, 0.01,280,17.5
2026-05-25 11:46:07,-102.0553,31.8596, 136.2,14598,-63.4,-78.5,-73.8, 12, 22, 0.01,280,17.5
2026-05-25 11:46:08,-102.0551,31.8596, 136.1,14603,-63.4,-78.5,-73.8, 12, 22, 0.01,280,17.5
2026-05-25 11:46:09,-102.0549,31.8595, 136.0,14607,-63.4,-78.6,-73.8, 12, 22, 0.01,280,17.6
2026-05-25 11:46:10,-102.0547,31.8595, 135.9,14612,-63.4,-78.6,-73.9, 12, 21, 0.01,280,17.6
2026-05-25 11:46:11,-102.0545,31.8595, 135.8,14617,-63.4,-78.6,-73.9, 12, 21, 0.01,280,17.7
2026-05-25 11:46:12,-102.0544,31.8594, 135.7,14621,-63.4,-78.7,-73.9, 12, 21, 0.01,280,17.7
2026-05-25 11:46:13,-102.0542,31.8594, 135.6,14626,-63.4,-78.7,-73.9, 11, 21, 0.01,280,17.7
2026-05-25 11:46:14,-102.0540,31.8594, 135.5,14631,-63.4,-78.7,-74.0, 11, 21, 0.01,280,17.7
2026-05-25 11:46:15,-102.0538,31.8594, 135.4,14635,-63.4,-78.8,-74.0, 11, 21, 0.01,280,17.7
2026-05-25 11:46:16,-102.0536,31.8593, 135.3,14640,-63.4,-78.8,-74.1, 11, 21, 0.01,280,17.7
2026-05-25 11:46:17,-102.0534,31.8593, 135.2,14644,-63.4,-78.8,-74.1, 11, 21, 0.01,280,17.7
2026-05-25 11:46:18,-102.0533,31.8593, 135.1,14649,-63.4,-78.9,-74.1, 11, 21, 0.01,280,17.7
2026-05-25 11:46:19,-102.0531,31.8592, 135.0,14654,-63.4,-78.9,-74.1, 11, 21, 0.01,280,17.7
2026-05-25 11:46:20,-102.0529,31.8592, 134.9,14658,-63.4,-78.9,-74.2, 11, 20, 0.01,281,17.7
2026-05-25 11:46:21,-102.0527,31.8592, 134.8,14663,-63.4,-78.9,-74.2, 11, 20, 0.01,281,17.7
2026-05-25 11:46:22,-102.0525,31.8592, 134.7,14667,-63.4,-79.0,-74.2, 11, 20, 0.01,281,17.7
2026-05-25 11:46:23,-102.0523,31.8591, 134.6,14672,-63.4,-79.0,-74.3, 11, 20, 0.01,281,17.7
2026-05-25 11:46:24,-102.0522,31.8591, 134.5,14676,-63.4,-79.0,-74.3, 11, 20, 0.01,281,17.7
2026-05-25 11:46:25,-102.0520,31.8590, 134.4,14681,-63.4,-79.1,-74.3, 11, 20, 0.01,281,17.7
2026-05-25 11:46:26,-102.0518,31.8590, 134.3,14685,-63.4,-79.1,-74.4, 11, 20, 0.01,281,17.7
2026-05-25 11:46:27,-102.0516,31.8590, 134.2,14690,-63.4,-79.1,-74.4, 11, 20, 0.01,281,17.7
2026-05-25 11:46:28,-102.0515,31.8589, 134.1,14694,-63.4,-79.2,-74.4, 11, 20, 0.01,281,17.7
2026-05-25 11:46:29,-102.0513,31.8589, 134.0,14699,-63.4,-79.2,-74.5, 11, 19, 0.01,281,17.7
2026-05-25 11:46:30,-102.0511,31.8588, 133.9,14703,-63.4,-79.2,-74.5, 10, 19, 0.01,282,17.7
2026-05-25 11:46:31,-102.0509,31.8588, 133.8,14707,-63.4,-79.2,-74.5, 10, 19, 0.01,282,17.7
2026-05-25 11:46:32,-102.0508,31.8588, 133.7,14712,-63.4,-79.3,-74.5, 10, 19, 0.01,282,17.7
2026-05-25 11:46:33,-102.0506,31.8587, 133.6,14716,-63.4,-79.3,-74.5, 10, 19, 0.01,282,17.6
2026-05-25 11:46:34,-102.0504,31.8587, 133.5,14721,-63.4,-79.3,-74.5, 10, 19, 0.01,282,17.6
2026-05-25 11:46:35,-102.0502,31.8587, 133.4,14725,-63.4,-79.3,-74.6, 10, 19, 0.01,282,17.5
2026-05-25 11:46:36,-102.0501,31.8586, 133.3,14730,-63.3,-79.3,-74.6, 10, 19, 0.01,282,17.5
2026-05-25 11:46:37,-102.0499,31.8586, 133.2,14734,-63.3,-79.3,-74.6, 10, 19, 0.01,283,17.5
2026-05-25 11:46:38,-102.0497,31.8585, 133.1,14739,-63.3,-79.3,-74.6, 10, 19, 0.01,283,17.4
2026-05-25 11:46:39,-102.0495,31.8585, 133.0,14743,-63.3,-79.3,-74.6, 10, 19, 0.01,283,17.4
2026-05-25 11:46:40,-102.0494,31.8585, 132.9,14747,-63.3,-79.4,-74.6, 10, 19, 0.01,283,17.4
2026-05-25 11:46:41,-102.0492,31.8584, 132.8,14751,-63.3,-79.4,-74.6, 10, 19, 0.01,283,17.3
2026-05-25 11:46:42,-102.0490,31.8584, 132.7,14755,-63.3,-79.4,-74.7, 10, 19, 0.01,284,17.3
2026-05-25 11:46:43,-102.0488,31.8583, 132.7,14759,-63.3,-79.4,-74.7, 10, 19, 0.01,284,17.2
2026-05-25 11:46:44,-102.0487,31.8583, 132.6,14764,-63.3,-79.4,-74.7, 10, 19, 0.01,284,17.2
2026-05-25 11:46:45,-102.0485,31.8583, 132.5,14768,-63.3,-79.4,-74.7, 10, 19, 0.01,284,17.2
2026-05-25 11:46:46,-102.0483,31.8582, 132.4,14772,-63.3,-79.4,-74.7, 10, 19, 0.01,284,17.1
2026-05-25 11:46:47,-102.0481,31.8582, 132.3,14776,-63.3,-79.4,-74.7, 10, 19, 0.01,284,17.1
2026-05-25 11:46:48,-102.0480,31.8582, 132.2,14780,-63.3,-79.5,-74.7, 10, 19, 0.01,285,17.1
2026-05-25 11:46:49,-102.0478,31.8581, 132.1,14785,-63.3,-79.5,-74.7, 10, 19, 0.01,285,17.0
2026-05-25 11:46:50,-102.0476,31.8581, 132.0,14789,-63.3,-79.5,-74.7, 10, 18, 0.01,285,17.0
2026-05-25 11:46:51,-102.0475,31.8580, 131.9,14794,-63.3,-79.5,-74.7, 10, 18, 0.01,285,16.9
2026-05-25 11:46:52,-102.0473,31.8580, 131.8,14799,-63.3,-79.5,-74.8, 10, 18, 0.01,285,16.9
2026-05-25 11:46:53,-102.0471,31.8580, 131.7,14804,-63.3,-79.5,-74.8, 10, 18, 0.01,285,16.9
2026-05-25 11:46:54,-102.0469,31.8579, 131.6,14808,-63.3,-79.5,-74.8, 10, 18, 0.01,285,16.9
2026-05-25 11:46:55,-102.0468,31.8579, 131.5,14813,-63.3,-79.5,-74.8, 10, 18, 0.01,285,16.9
2026-05-25 11:46:56,-102.0466,31.8578, 131.4,14817,-63.3,-79.5,-74.8, 10, 18, 0.01,285,16.9
2026-05-25 11:46:57,-102.0464,31.8578, 131.3,14823,-63.3,-79.6,-74.8, 10, 18, 0.01,285,16.9
2026-05-25 11:46:58,-102.0463,31.8578, 131.2,14826,-63.3,-79.6,-74.8, 10, 18, 0.01,285,17.0
2026-05-25 11:46:59,-102.0461,31.8577, 131.1,14831,-63.3,-79.6,-74.9, 10, 18, 0.01,285,17.0
2026-05-25 11:47:00,-102.0459,31.8577, 131.0,14836,-63.3,-79.6,-74.9, 10, 18, 0.01,285,17.0
2026-05-25 11:47:01,-102.0457,31.8577, 130.9,14840,-63.3,-79.6,-74.9, 10, 18, 0.01,285,17.0
2026-05-25 11:47:02,-102.0456,31.8576, 130.8,14845,-63.3,-79.7,-74.9, 10, 18, 0.01,285,17.0
2026-05-25 11:47:03,-102.0454,31.8576, 130.7,14849,-63.3,-79.7,-75.0, 10, 18, 0.01,285,17.0
2026-05-25 11:47:04,-102.0452,31.8576, 130.6,14854,-63.3,-79.7,-75.0, 10, 18, 0.01,285,17.0
2026-05-25 11:47:05,-102.0451,31.8575, 130.5,14859,-63.3,-79.7,-75.0, 10, 18, 0.01,285,17.0
2026-05-25 11:47:06,-102.0449,31.8575, 130.4,14863,-63.3,-79.8,-75.0, 10, 18, 0.01,285,17.0
2026-05-25 11:47:07,-102.0447,31.8574, 130.3,14868,-63.3,-79.8,-75.1, 10, 18, 0.01,285,17.0
2026-05-25 11:47:08,-102.0445,31.8574, 130.2,14873,-63.3,-79.8,-75.1, 10, 18, 0.01,285,17.0
2026-05-25 11:47:09,-102.0444,31.8574, 130.1,14877,-63.3,-79.8,-75.1,  9, 18, 0.01,285,17.0
2026-05-25 11:47:10,-102.0442,31.8573, 130.0,14882,-63.4,-79.9,-75.1,  9, 17, 0.01,285,17.0
2026-05-25 11:47:11,-102.0440,31.8573, 129.9,14887,-63.4,-79.9,-75.2,  9, 17, 0.01,285,17.0
2026-05-25 11:47:12,-102.0439,31.8573, 129.8,14892,-63.4,-79.9,-75.2,  9, 17, 0.01,284,17.1
2026-05-25 11:47:13,-102.0437,31.8572, 129.7,14896,-63.4,-79.9,-75.2,  9, 17, 0.01,284,17.0
2026-05-25 11:47:14,-102.0435,31.8572, 129.6,14901,-63.3,-80.0,-75.2,  9, 17, 0.01,284,16.9
2026-05-25 11:47:15,-102.0434,31.8571, 129.5,14906,-63.3,-80.0,-75.2,  9, 17, 0.01,284,16.9
2026-05-25 11:47:16,-102.0432,31.8571, 129.4,14911,-63.3,-80.0,-75.3,  9, 17, 0.01,284,16.8
2026-05-25 11:47:17,-102.0430,31.8571, 129.3,14915,-63.3,-80.0,-75.3,  9, 17, 0.01,284,16.7
2026-05-25 11:47:18,-102.0428,31.8570, 129.2,14920,-63.3,-80.1,-75.3,  9, 17, 0.01,284,16.7
2026-05-25 11:47:19,-102.0427,31.8570, 129.1,14925,-63.3,-80.1,-75.3,  9, 17, 0.01,284,16.6
2026-05-25 11:47:20,-102.0425,31.8569, 129.0,14929,-63.3,-80.1,-75.3,  9, 17, 0.01,284,16.5
2026-05-25 11:47:21,-102.0423,31.8569, 128.9,14934,-63.3,-80.1,-75.4,  9, 17, 0.01,284,16.5
2026-05-25 11:47:22,-102.0422,31.8569, 128.8,14938,-63.3,-80.1,-75.4,  9, 17, 0.01,284,16.4
2026-05-25 11:47:23,-102.0420,31.8569, 128.8,14943,-63.3,-80.2,-75.4,  9, 17, 0.01,284,16.4
2026-05-25 11:47:24,-102.0419,31.8568, 128.7,14947,-63.3,-80.2,-75.4,  9, 16, 0.01,284,16.3
2026-05-25 11:47:25,-102.0417,31.8568, 128.6,14952,-63.3,-80.2,-75.5,  9, 16, 0.01,284,16.2
2026-05-25 11:47:26,-102.0416,31.8568, 128.5,14956,-63.3,-80.2,-75.5,  9, 16, 0.01,284,16.2
2026-05-25 11:47:27,-102.0414,31.8567, 128.4,14960,-63.2,-80.2,-75.5,  9, 16, 0.01,284,16.1
2026-05-25 11:47:28,-102.0413,31.8567, 128.3,14965,-63.2,-80.2,-75.5,  9, 16, 0.01,284,16.0
2026-05-25 11:47:29,-102.0411,31.8567, 128.2,14969,-63.2,-80.3,-75.5,  9, 16, 0.01,284,16.0
2026-05-25 11:47:30,-102.0410,31.8567, 128.1,14974,-63.2,-80.3,-75.5,  9, 16, 0.01,284,15.9
2026-05-25 11:47:31,-102.0408,31.8566, 128.0,14978,-63.2,-80.3,-75.5,  9, 16, 0.01,284,15.8
2026-05-25 11:47:32,-102.0406,31.8566, 127.9,14982,-63.2,-80.3,-75.6,  9, 16, 0.01,284,15.8
2026-05-25 11:47:33,-102.0405,31.8566, 127.8,14987,-63.2,-80.3,-75.6,  9, 16, 0.01,284,15.7
2026-05-25 11:47:34,-102.0403,31.8566, 127.7,14992,-63.1,-80.3,-75.6,  9, 16, 0.01,284,15.7
2026-05-25 11:47:35,-102.0402,31.8565, 127.6,14996,-63.1,-80.3,-75.6,  9, 16, 0.01,283,15.6
2026-05-25 11:47:36,-102.0400,31.8565, 127.5,15001,-63.1,-80.4,-75.6,  9, 16, 0.01,283,15.6
2026-05-25 11:47:37,-102.0399,31.8565, 127.4,15005,-63.1,-80.4,-75.6,  8, 16, 0.01,283,15.5
2026-05-25 11:47:38,-102.0397,31.8564, 127.4,15010,-63.1,-80.4,-75.6,  8, 16, 0.01,283,15.5
2026-05-25 11:47:39,-102.0396,31.8564, 127.3,15015,-63.1,-80.4,-75.6,  8, 16, 0.01,283,15.4
2026-05-25 11:47:40,-102.0394,31.8564, 127.2,15019,-63.1,-80.4,-75.6,  8, 16, 0.01,283,15.4
2026-05-25 11:47:41,-102.0393,31.8564, 127.1,15024,-63.0,-80.4,-75.6,  8, 16, 0.01,283,15.3
2026-05-25 11:47:42,-102.0391,31.8563, 127.0,15028,-63.0,-80.3,-75.6,  8, 16, 0.01,283,15.2
2026-05-25 11:47:43,-102.0390,31.8563, 126.9,15033,-63.0,-80.3,-75.6,  8, 16, 0.01,283,15.2
2026-05-25 11:47:44,-102.0388,31.8563, 126.8,15037,-63.0,-80.3,-75.6,  8, 15, 0.01,283,15.1
2026-05-25 11:47:45,-102.0387,31.8562, 126.7,15042,-63.0,-80.3,-75.6,  8, 15, 0.01,282,15.1
2026-05-25 11:47:46,-102.0385,31.8562, 126.6,15046,-63.0,-80.3,-75.6,  8, 15, 0.01,282,15.0
2026-05-25 11:47:47,-102.0383,31.8562, 126.5,15051,-63.0,-80.3,-75.6,  8, 15, 0.01,282,15.0
2026-05-25 11:47:48,-102.0382,31.8562, 126.4,15055,-62.9,-80.3,-75.5,  8, 15, 0.01,282,14.9
2026-05-25 11:47:49,-102.0380,31.8561, 126.3,15059,-62.9,-80.3,-75.5,  8, 15, 0.01,282,14.9
2026-05-25 11:47:50,-102.0379,31.8561, 126.2,15064,-62.9,-80.3,-75.5,  8, 15, 0.01,282,14.8
2026-05-25 11:47:51,-102.0377,31.8561, 126.2,15068,-62.9,-80.3,-75.5,  8, 15, 0.01,282,14.8
2026-05-25 11:47:52,-102.0376,31.8561, 126.1,15072,-62.9,-80.3,-75.5,  8, 15, 0.01,282,14.7
2026-05-25 11:47:53,-102.0374,31.8560, 126.0,15077,-62.9,-80.3,-75.5,  8, 15, 0.01,282,14.7
2026-05-25 11:47:54,-102.0373,31.8560, 125.9,15081,-62.9,-80.3,-75.5,  8, 15, 0.01,281,14.6
2026-05-25 11:47:55,-102.0371,31.8560, 125.8,15086,-62.9,-80.3,-75.5,  8, 15, 0.01,281,14.5
2026-05-25 11:47:56,-102.0370,31.8559, 125.7,15090,-62.9,-80.3,-75.5,  8, 15, 0.01,281,14.5
2026-05-25 11:47:57,-102.0368,31.8559, 125.6,15095,-62.9,-80.3,-75.6,  8, 15, 0.01,281,14.4
2026-05-25 11:47:58,-102.0367,31.8559, 125.5,15100,-62.9,-80.3,-75.6,  8, 15, 0.01,281,14.4
2026-05-25 11:47:59,-102.0365,31.8559, 125.4,15105,-62.9,-80.3,-75.6,  8, 15, 0.01,280,14.3
2026-05-25 11:48:00,-102.0364,31.8559, 125.3,15109,-62.9,-80.3,-75.6,  8, 15, 0.01,280,14.3
2026-05-25 11:48:01,-102.0363,31.8559, 125.2,15114,-62.9,-80.4,-75.6,  8, 15, 0.01,280,14.2
2026-05-25 11:48:02,-102.0361,31.8559, 125.1,15119,-62.9,-80.4,-75.6,  8, 15, 0.01,280,14.1
2026-05-25 11:48:03,-102.0360,31.8558, 125.0,15124,-62.9,-80.4,-75.6,  8, 15, 0.01,280,14.1
2026-05-25 11:48:04,-102.0359,31.8558, 124.9,15129,-62.9,-80.4,-75.7,  8, 15, 0.01,279,14.0
2026-05-25 11:48:05,-102.0357,31.8558, 124.8,15134,-62.9,-80.4,-75.7,  8, 15, 0.01,279,14.0
2026-05-25 11:48:06,-102.0356,31.8558, 124.7,15138,-62.9,-80.4,-75.7,  8, 15, 0.01,279,13.9
2026-05-25 11:48:07,-102.0355,31.8558, 124.6,15143,-62.9,-80.5,-75.7,  8, 15, 0.01,279,13.9
2026-05-25 11:48:08,-102.0353,31.8558, 124.5,15148,-63.0,-80.5,-75.8,  8, 15, 0.01,279,13.8
2026-05-25 11:48:09,-102.0352,31.8558, 124.4,15152,-63.0,-80.6,-75.8,  8, 15, 0.01,278,13.8
2026-05-25 11:48:10,-102.0350,31.8557, 124.3,15157,-63.0,-80.6,-75.9,  8, 15, 0.01,278,13.7
2026-05-25 11:48:11,-102.0349,31.8557, 124.2,15162,-63.0,-80.7,-75.9,  8, 15, 0.01,278,13.7
2026-05-25 11:48:12,-102.0348,31.8557, 124.1,15167,-63.1,-80.7,-76.0,  8, 15, 0.01,278,13.6
2026-05-25 11:48:13,-102.0346,31.8557, 124.1,15172,-63.1,-80.8,-76.0,  8, 15, 0.01,278,13.6
2026-05-25 11:48:14,-102.0345,31.8557, 123.9,15177,-63.1,-80.8,-76.1,  8, 15, 0.01,278,13.5
2026-05-25 11:48:15,-102.0344,31.8557, 123.8,15182,-63.1,-80.9,-76.1,  8, 14, 0.01,277,13.5
2026-05-25 11:48:16,-102.0342,31.8557, 123.7,15187,-63.2,-80.9,-76.2,  8, 14, 0.01,277,13.4
2026-05-25 11:48:17,-102.0341,31.8557, 123.6,15192,-63.2,-81.0,-76.2,  8, 14, 0.01,277,13.4
2026-05-25 11:48:18,-102.0340,31.8556, 123.5,15197,-63.2,-81.0,-76.3,  8, 14, 0.00,277,13.4
2026-05-25 11:48:19,-102.0338,31.8556, 123.4,15202,-63.2,-81.1,-76.3,  8, 14, 0.00,277,13.3
2026-05-25 11:48:20,-102.0337,31.8556, 123.3,15207,-63.2,-81.1,-76.4,  8, 14, 0.00,277,13.3
2026-05-25 11:48:21,-102.0335,31.8556, 123.2,15212,-63.3,-81.2,-76.4,  8, 14, 0.00,277,13.2
2026-05-25 11:48:22,-102.0334,31.8556, 123.1,15217,-63.3,-81.2,-76.5,  8, 14, 0.00,276,13.2
2026-05-25 11:48:23,-102.0333,31.8556, 123.0,15222,-63.3,-81.3,-76.5,  8, 14, 0.00,276,13.2
2026-05-25 11:48:24,-102.0331,31.8556, 122.9,15227,-63.3,-81.3,-76.6,  7, 14, 0.00,276,13.1
2026-05-25 11:48:25,-102.0330,31.8556, 122.8,15232,-63.3,-81.4,-76.6,  7, 14, 0.00,276,13.1
2026-05-25 11:48:26,-102.0329,31.8555, 122.7,15237,-63.4,-81.4,-76.7,  7, 14, 0.00,276,13.0
2026-05-25 11:48:27,-102.0327,31.8555, 122.6,15241,-63.4,-81.5,-76.7,  7, 14, 0.00,276,13.0
2026-05-25 11:48:28,-102.0326,31.8555, 122.5,15246,-63.4,-81.5,-76.8,  7, 14, 0.00,276,13.0
2026-05-25 11:48:29,-102.0325,31.8555, 122.4,15251,-63.4,-81.6,-76.8,  7, 14, 0.00,276,12.9
2026-05-25 11:48:30,-102.0323,31.8555, 122.3,15256,-63.4,-81.6,-76.9,  7, 13, 0.00,275,12.9
2026-05-25 11:48:31,-102.0322,31.8555, 122.2,15261,-63.5,-81.7,-76.9,  7, 13, 0.00,275,12.8
2026-05-25 11:48:32,-102.0321,31.8555, 122.1,15267,-63.5,-81.7,-77.0,  7, 13, 0.00,275,12.8
2026-05-25 11:48:33,-102.0319,31.8555, 122.0,15272,-63.5,-81.8,-77.0,  7, 13, 0.00,275,12.8
2026-05-25 11:48:34,-102.0318,31.8555, 121.9,15277,-63.5,-81.8,-77.0,  7, 13, 0.00,275,12.8
2026-05-25 11:48:35,-102.0316,31.8555, 121.8,15282,-63.5,-81.8,-77.1,  7, 13, 0.00,274,12.8
2026-05-25 11:48:36,-102.0315,31.8555, 121.7,15287,-63.5,-81.9,-77.1,  7, 13, 0.00,274,12.8
2026-05-25 11:48:37,-102.0314,31.8555, 121.6,15292,-63.6,-81.9,-77.1,  7, 13, 0.00,274,12.7
2026-05-25 11:48:38,-102.0312,31.8555, 121.5,15297,-63.6,-81.9,-77.2,  7, 13, 0.00,273,12.7
2026-05-25 11:48:39,-102.0311,31.8555, 121.4,15302,-63.6,-81.9,-77.2,  7, 13, 0.00,273,12.7
2026-05-25 11:48:40,-102.0310,31.8555, 121.4,15306,-63.6,-82.0,-77.2,  7, 13, 0.00,273,12.7
2026-05-25 11:48:41,-102.0308,31.8555, 121.3,15311,-63.6,-82.0,-77.2,  7, 13, 0.00,273,12.7
2026-05-25 11:48:42,-102.0307,31.8555, 121.2,15316,-63.7,-82.0,-77.3,  7, 13, 0.00,272,12.7
2026-05-25 11:48:43,-102.0306,31.8555, 121.1,15320,-63.7,-82.1,-77.3,  7, 13, 0.00,272,12.7
2026-05-25 11:48:44,-102.0304,31.8555, 121.0,15325,-63.7,-82.1,-77.3,  7, 13, 0.00,272,12.7
2026-05-25 11:48:45,-102.0303,31.8555, 120.9,15330,-63.7,-82.1,-77.3,  7, 13, 0.00,272,12.7
2026-05-25 11:48:46,-102.0302,31.8555, 120.8,15334,-63.7,-82.1,-77.4,  7, 13, 0.00,271,12.7
2026-05-25 11:48:47,-102.0300,31.8555, 120.7,15339,-63.8,-82.2,-77.4,  7, 13, 0.00,271,12.6
2026-05-25 11:48:48,-102.0299,31.8555, 120.6,15344,-63.8,-82.2,-77.4,  7, 13, 0.00,271,12.6
2026-05-25 11:48:49,-102.0298,31.8555, 120.5,15348,-63.8,-82.2,-77.5,  7, 13, 0.00,271,12.6
2026-05-25 11:48:50,-102.0296,31.8555, 120.4,15353,-63.8,-82.3,-77.5,  7, 13, 0.00,270,12.6
2026-05-25 11:48:51,-102.0295,31.8555, 120.3,15357,-63.8,-82.3,-77.6,  7, 13, 0.00,270,12.6
2026-05-25 11:48:52,-102.0293,31.8555, 120.3,15362,-63.8,-82.4,-77.6,  7, 13, 0.00,270,12.6
2026-05-25 11:48:53,-102.0292,31.8555, 120.2,15367,-63.8,-82.4,-77.7,  7, 13, 0.00,270,12.7
2026-05-25 11:48:54,-102.0291,31.8555, 120.1,15372,-63.9,-82.5,-77.7,  7, 12, 0.00,270,12.7
2026-05-25 11:48:55,-102.0289,31.8555, 120.0,15377,-63.9,-82.5,-77.7,  7, 12, 0.00,270,12.8
2026-05-25 11:48:56,-102.0288,31.8555, 119.9,15382,-63.9,-82.5,-77.8,  7, 12, 0.00,270,12.8
2026-05-25 11:48:57,-102.0287,31.8555, 119.8,15387,-63.9,-82.6,-77.8,  7, 12, 0.00,270,12.9
2026-05-25 11:48:58,-102.0285,31.8555, 119.7,15392,-63.9,-82.6,-77.9,  7, 12, 0.00,270,12.9
2026-05-25 11:48:59,-102.0284,31.8555, 119.6,15397,-63.9,-82.7,-77.9,  7, 12, 0.00,270,13.0
2026-05-25 11:49:00,-102.0283,31.8555, 119.5,15402,-63.9,-82.7,-77.9,  7, 12, 0.00,270,13.0
2026-05-25 11:49:01,-102.0281,31.8555, 119.4,15407,-63.9,-82.7,-78.0,  6, 12, 0.00,270,13.1
2026-05-25 11:49:02,-102.0280,31.8555, 119.3,15412,-64.0,-82.8,-78.0,  6, 12, 0.00,270,13.1
2026-05-25 11:49:03,-102.0278,31.8555, 119.2,15417,-64.0,-82.8,-78.0,  6, 12, 0.00,270,13.2
2026-05-25 11:49:04,-102.0277,31.8555, 119.1,15422,-64.0,-82.8,-78.1,  6, 12, 0.00,270,13.2
2026-05-25 11:49:05,-102.0275,31.8555, 119.0,15427,-64.0,-82.8,-78.1,  6, 12, 0.00,269,13.3
2026-05-25 11:49:06,-102.0274,31.8555, 118.9,15432,-64.0,-82.9,-78.1,  6, 12, 0.00,269,13.3
2026-05-25 11:49:07,-102.0272,31.8555, 118.8,15437,-64.0,-82.9,-78.1,  6, 12, 0.00,269,13.4
2026-05-25 11:49:08,-102.0271,31.8555, 118.7,15442,-64.0,-82.9,-78.1,  6, 12, 0.00,269,13.4
2026-05-25 11:49:09,-102.0269,31.8555, 118.6,15447,-64.1,-82.9,-78.2,  6, 12, 0.00,269,13.5
2026-05-25 11:49:10,-102.0268,31.8555, 118.5,15452,-64.1,-83.0,-78.2,  6, 12, 0.00,269,13.5
2026-05-25 11:49:11,-102.0266,31.8555, 118.4,15457,-64.1,-83.0,-78.2,  6, 12, 0.00,269,13.6
2026-05-25 11:49:12,-102.0265,31.8555, 118.3,15462,-64.1,-83.0,-78.2,  6, 12, 0.00,269,13.6
2026-05-25 11:49:13,-102.0263,31.8555, 118.2,15467,-64.1,-83.0,-78.3,  6, 12, 0.00,269,13.7
2026-05-25 11:49:14,-102.0262,31.8555, 118.1,15472,-64.1,-83.0,-78.3,  6, 12, 0.00,269,13.7
2026-05-25 11:49:15,-102.0260,31.8555, 118.0,15476,-64.1,-83.1,-78.3,  6, 12, 0.00,269,13.8
2026-05-25 11:49:16,-102.0259,31.8555, 117.9,15481,-64.1,-83.1,-78.3,  6, 12, 0.00,269,13.8
2026-05-25 11:49:17,-102.0257,31.8555, 117.8,15486,-64.2,-83.1,-78.3,  6, 12, 0.00,269,13.9
2026-05-25 11:49:18,-102.0256,31.8555, 117.7,15492,-64.2,-83.1,-78.4,  6, 12, 0.00,269,13.9
2026-05-25 11:49:19,-102.0254,31.8555, 117.7,15496,-64.2,-83.1,-78.4,  6, 12, 0.00,270,14.0
2026-05-25 11:49:20,-102.0252,31.8555, 117.6,15501,-64.2,-83.1,-78.4,  6, 12, 0.00,270,14.0
2026-05-25 11:49:21,-102.0251,31.8555, 117.5,15506,-64.2,-83.2,-78.4,  6, 12, 0.00,270,14.1
2026-05-25 11:49:22,-102.0249,31.8555, 117.4,15510,-64.2,-83.2,-78.4,  6, 12, 0.00,270,14.1
2026-05-25 11:49:23,-102.0248,31.8555, 117.3,15515,-64.2,-83.2,-78.4,  6, 12, 0.00,270,14.2
2026-05-25 11:49:24,-102.0246,31.8555, 117.2,15520,-64.2,-83.2,-78.4,  6, 12, 0.00,270,14.2
2026-05-25 11:49:25,-102.0245,31.8555, 117.1,15525,-64.2,-83.2,-78.4,  6, 12, 0.00,270,14.3
2026-05-25 11:49:26,-102.0243,31.8555, 117.0,15530,-64.2,-83.2,-78.4,  6, 12, 0.00,270,14.3
2026-05-25 11:49:27,-102.0242,31.8555, 116.9,15535,-64.2,-83.2,-78.4,  6, 12, 0.00,270,14.4
2026-05-25 11:49:28,-102.0240,31.8555, 116.8,15539,-64.2,-83.2,-78.4,  6, 12, 0.00,270,14.4
2026-05-25 11:49:29,-102.0239,31.8555, 116.7,15544,-64.2,-83.2,-78.5,  6, 12, 0.00,270,14.5
2026-05-25 11:49:30,-102.0237,31.8555, 116.6,15549,-64.2,-83.2,-78.5,  6, 11, 0.00,270,14.5
2026-05-25 11:49:31,-102.0236,31.8556, 116.6,15554,-64.2,-83.2,-78.5,  6, 11, 0.00,270,14.6
2026-05-25 11:49:32,-102.0234,31.8556, 116.5,15558,-64.2,-83.3,-78.5,  6, 11, 0.00,270,14.6
2026-05-25 11:49:33,-102.0232,31.8556, 116.4,15563,-64.1,-83.3,-78.5,  6, 11, 0.00,269,14.6
2026-05-25 11:49:34,-102.0231,31.8556, 116.3,15567,-64.1,-83.3,-78.6,  6, 11, 0.00,269,14.7
2026-05-25 11:49:35,-102.0229,31.8556, 116.2,15571,-64.1,-83.3,-78.6,  6, 11, 0.00,269,14.7
2026-05-25 11:49:36,-102.0228,31.8556, 116.1,15576,-64.1,-83.3,-78.6,  6, 11, 0.00,268,14.7
2026-05-25 11:49:37,-102.0226,31.8556, 116.0,15580,-64.1,-83.4,-78.6,  6, 11, 0.00,268,14.7
2026-05-25 11:49:38,-102.0225,31.8557, 116.0,15585,-64.0,-83.4,-78.6,  6, 11, 0.00,268,14.8
2026-05-25 11:49:39,-102.0223,31.8557, 115.9,15589,-64.0,-83.4,-78.6,  6, 11, 0.00,267,14.8
2026-05-25 11:49:40,-102.0221,31.8557, 115.8,15594,-64.0,-83.4,-78.7,  6, 11, 0.00,267,14.8
2026-05-25 11:49:41,-102.0220,31.8557, 115.7,15598,-64.0,-83.4,-78.7,  6, 11, 0.00,267,14.8
2026-05-25 11:49:42,-102.0218,31.8557, 115.6,15603,-64.0,-83.5,-78.7,  6, 11, 0.00,267,14.9
2026-05-25 11:49:43,-102.0217,31.8557, 115.5,15607,-63.9,-83.5,-78.7,  6, 11, 0.00,266,14.9
2026-05-25 11:49:44,-102.0215,31.8557, 115.5,15612,-63.9,-83.5,-78.7,  6, 11, 0.00,266,14.9
2026-05-25 11:49:45,-102.0214,31.8558, 115.4,15616,-63.9,-83.5,-78.7,  6, 11, 0.00,266,15.0
2026-05-25 11:49:46,-102.0212,31.8558, 115.3,15620,-63.9,-83.4,-78.7,  6, 11, 0.00,265,15.0
2026-05-25 11:49:47,-102.0210,31.8558, 115.2,15624,-63.9,-83.4,-78.6,  6, 11, 0.00,265,15.0
2026-05-25 11:49:48,-102.0209,31.8558, 115.1,15629,-63.8,-83.4,-78.6,  6, 11, 0.00,265,15.0
2026-05-25 11:49:49,-102.0207,31.8558, 115.1,15633,-63.8,-83.3,-78.6,  6, 11, 0.00,264,15.1
2026-05-25 11:49:50,-102.0206,31.8558, 115.0,15637,-63.8,-83.3,-78.5,  6, 11, 0.00,264,15.1
2026-05-25 11:49:51,-102.0204,31.8559, 114.9,15641,-63.8,-83.2,-78.5,  6, 11, 0.00,264,15.1
2026-05-25 11:49:52,-102.0202,31.8559, 114.8,15646,-63.7,-83.2,-78.5,  6, 11, 0.00,263,15.2
2026-05-25 11:49:53,-102.0201,31.8559, 114.7,15650,-63.7,-83.2,-78.4,  6, 11, 0.00,264,15.2
2026-05-25 11:49:54,-102.0199,31.8559, 114.7,15654,-63.7,-83.1,-78.4,  6, 11, 0.00,264,15.2
2026-05-25 11:49:55,-102.0198,31.8559, 114.6,15659,-63.7,-83.1,-78.3,  6, 11, 0.00,264,15.2
2026-05-25 11:49:56,-102.0196,31.8559, 114.5,15663,-63.6,-83.1,-78.3,  6, 11, 0.00,264,15.1
2026-05-25 11:49:57,-102.0195,31.8559, 114.4,15667,-63.6,-83.0,-78.3,  6, 11, 0.00,264,15.1
2026-05-25 11:49:58,-102.0193,31.8560, 114.3,15672,-63.6,-83.0,-78.2,  6, 11, 0.00,264,15.1
2026-05-25 11:49:59,-102.0191,31.8560, 114.2,15677,-63.6,-83.0,-78.2,  6, 11, 0.00,264,15.1
2026-05-25 11:50:00,-102.0190,31.8560, 114.2,15681,-63.6,-83.0,-78.2,  6, 11, 0.00,265,15.1
2026-05-25 11:50:01,-102.0188,31.8560, 114.1,15686,-63.5,-83.0,-78.2,  6, 11, 0.00,265,15.1
2026-05-25 11:50:02,-102.0187,31.8560, 114.0,15690,-63.5,-83.0,-78.2,  6, 11, 0.00,265,15.1
2026-05-25 11:50:03,-102.0186,31.8560, 113.9,15695,-63.5,-83.0,-78.2,  6, 11, 0.00,265,15.1
2026-05-25 11:50:04,-102.0184,31.8560, 113.8,15699,-63.5,-83.0,-78.2,  6, 11, 0.00,265,15.1
2026-05-25 11:50:05,-102.0183,31.8560, 113.7,15704,-63.4,-83.0,-78.2,  6, 11, 0.00,265,15.1
2026-05-25 11:50:06,-102.0181,31.8560, 113.7,15708,-63.4,-83.0,-78.2,  6, 11, 0.00,265,15.1
2026-05-25 11:50:07,-102.0180,31.8560, 113.6,15713,-63.4,-83.0,-78.2,  6, 11, 0.00,266,15.1
2026-05-25 11:50:08,-102.0178,31.8559, 113.5,15717,-63.4,-83.0,-78.2,  6, 11, 0.00,266,15.1
2026-05-25 11:50:09,-102.0177,31.8559, 113.4,15721,-63.3,-83.0,-78.2,  6, 11, 0.00,266,15.1
2026-05-25 11:50:10,-102.0175,31.8559, 113.3,15726,-63.3,-83.0,-78.2,  6, 11, 0.00,266,15.1
2026-05-25 11:50:11,-102.0174,31.8559, 113.2,15730,-63.3,-83.0,-78.2,  6, 11, 0.00,266,15.1
2026-05-25 11:50:12,-102.0172,31.8559, 113.2,15734,-63.3,-83.0,-78.2,  6, 11, 0.00,266,15.1
2026-05-25 11:50:13,-102.0171,31.8559, 113.1,15739,-63.3,-83.0,-78.2,  6, 11, 0.00,267,15.0
2026-05-25 11:50:14,-102.0169,31.8559, 113.0,15743,-63.2,-83.0,-78.2,  6, 10, 0.00,267,14.9
2026-05-25 11:50:15,-102.0168,31.8559, 112.9,15747,-63.2,-83.0,-78.2,  6, 10, 0.00,267,14.9
2026-05-25 11:50:16,-102.0167,31.8559, 112.8,15752,-63.2,-83.0,-78.3,  6, 10, 0.00,268,14.8
2026-05-25 11:50:17,-102.0165,31.8559, 112.8,15756,-63.2,-83.0,-78.3,  6, 10, 0.00,268,14.7
2026-05-25 11:50:18,-102.0164,31.8559, 112.7,15760,-63.2,-83.1,-78.3,  6, 10, 0.00,269,14.7
2026-05-25 11:50:19,-102.0162,31.8559, 112.6,15764,-63.2,-83.1,-78.3,  6, 10, 0.00,269,14.6
2026-05-25 11:50:20,-102.0161,31.8559, 112.5,15769,-63.2,-83.1,-78.3,  6, 10, 0.00,269,14.5
2026-05-25 11:50:21,-102.0159,31.8559, 112.5,15773,-63.2,-83.1,-78.3,  6, 10, 0.00,270,14.5
2026-05-25 11:50:22,-102.0158,31.8559, 112.4,15777,-63.2,-83.1,-78.4,  6, 10, 0.00,270,14.4
2026-05-25 11:50:23,-102.0156,31.8559, 112.3,15782,-63.1,-83.1,-78.4,  5, 10, 0.00,271,14.4
2026-05-25 11:50:24,-102.0155,31.8559, 112.2,15786,-63.1,-83.2,-78.4,  5, 10, 0.00,271,14.3
2026-05-25 11:50:25,-102.0153,31.8559, 112.2,15790,-63.1,-83.2,-78.4,  5, 10, 0.00,272,14.3
2026-05-25 11:50:26,-102.0152,31.8559, 112.1,15794,-63.1,-83.2,-78.4,  5, 10, 0.00,272,14.2
2026-05-25 11:50:27,-102.0150,31.8559, 112.0,15798,-63.1,-83.2,-78.4,  5, 10, 0.00,272,14.1
2026-05-25 11:50:28,-102.0149,31.8559, 111.9,15802,-63.1,-83.2,-78.4,  5, 10, 0.00,273,14.1
2026-05-25 11:50:29,-102.0148,31.8558, 111.9,15806,-63.1,-83.2,-78.4,  5, 10, 0.00,273,14.0
2026-05-25 11:50:30,-102.0146,31.8558, 111.8,15810,-63.1,-83.2,-78.4,  5, 10, 0.00,274,14.0
2026-05-25 11:50:31,-102.0145,31.8558, 111.7,15814,-63.1,-83.2,-78.4,  5, 10, 0.00,274,13.9
2026-05-25 11:50:32,-102.0143,31.8558, 111.6,15819,-63.1,-83.2,-78.4,  5, 10, 0.00,275,13.9
2026-05-25 11:50:33,-102.0142,31.8558, 111.5,15823,-63.1,-83.2,-78.4,  5, 10, 0.00,275,13.7
2026-05-25 11:50:34,-102.0140,31.8558, 111.5,15827,-63.1,-83.2,-78.4,  5, 10, 0.00,274,13.6
2026-05-25 11:50:35,-102.0139,31.8558, 111.4,15831,-63.1,-83.2,-78.4,  5, 10, 0.00,274,13.5
2026-05-25 11:50:36,-102.0138,31.8558, 111.3,15836,-63.1,-83.2,-78.4,  5, 10, 0.00,274,13.3
2026-05-25 11:50:37,-102.0137,31.8558, 111.2,15840,-63.1,-83.2,-78.4,  5, 10, 0.00,274,13.2
2026-05-25 11:50:38,-102.0135,31.8558, 111.2,15844,-63.1,-83.2,-78.4,  5, 10, 0.00,274,13.0
2026-05-25 11:50:39,-102.0134,31.8558, 111.1,15849,-63.1,-83.2,-78.5,  5, 10, 0.00,274,12.9
2026-05-25 11:50:40,-102.0133,31.8558, 111.0,15853,-63.1,-83.2,-78.5,  5, 10, 0.00,274,12.7
2026-05-25 11:50:41,-102.0132,31.8558, 110.9,15857,-63.1,-83.2,-78.5,  5, 10, 0.00,273,12.6
2026-05-25 11:50:42,-102.0131,31.8558, 110.9,15861,-63.1,-83.2,-78.5,  5, 10, 0.00,273,12.4
2026-05-25 11:50:43,-102.0130,31.8558, 110.8,15865,-63.1,-83.2,-78.5,  5, 10, 0.00,273,12.3
2026-05-25 11:50:44,-102.0129,31.8558, 110.7,15869,-63.1,-83.2,-78.5,  5, 10, 0.00,273,12.2
2026-05-25 11:50:45,-102.0127,31.8558, 110.6,15873,-63.1,-83.2,-78.5,  5, 10, 0.00,273,12.0
2026-05-25 11:50:46,-102.0126,31.8558, 110.6,15878,-63.1,-83.3,-78.5,  5, 10, 0.00,273,11.9
2026-05-25 11:50:47,-102.0125,31.8558, 110.5,15882,-63.1,-83.3,-78.5,  5, 10, 0.00,273,11.7
2026-05-25 11:50:48,-102.0124,31.8558, 110.4,15886,-63.1,-83.3,-78.5,  5, 10, 0.00,272,11.6
2026-05-25 11:50:49,-102.0123,31.8558, 110.3,15891,-63.0,-83.3,-78.5,  5, 10, 0.00,272,11.4
2026-05-25 11:50:50,-102.0122,31.8558, 110.3,15895,-63.0,-83.3,-78.5,  5, 10, 0.00,272,11.3
2026-05-25 11:50:51,-102.0121,31.8558, 110.2,15899,-63.0,-83.3,-78.5,  5, 10, 0.00,272,11.2
2026-05-25 11:50:52,-102.0120,31.8558, 110.1,15903,-63.0,-83.3,-78.5,  5, 10, 0.00,272,11.0
2026-05-25 11:50:53,-102.0118,31.8558, 110.0,15907,-63.0,-83.3,-78.5,  5, 10, 0.00,272,11.0
2026-05-25 11:50:54,-102.0117,31.8558, 110.0,15912,-63.0,-83.3,-78.6,  5, 10, 0.00,272,10.9
2026-05-25 11:50:55,-102.0116,31.8558, 109.9,15916,-63.0,-83.4,-78.6,  5, 10, 0.00,272,10.9
2026-05-25 11:50:56,-102.0115,31.8558, 109.8,15920,-63.0,-83.4,-78.6,  5, 10, 0.00,272,10.8
2026-05-25 11:50:57,-102.0114,31.8558, 109.7,15924,-63.0,-83.4,-78.7,  5,  9, 0.00,272,10.8
2026-05-25 11:50:58,-102.0113,31.8558, 109.7,15928,-63.0,-83.5,-78.7,  5,  9, 0.00,272,10.8
2026-05-25 11:50:59,-102.0112,31.8558, 109.6,15932,-63.0,-83.5,-78.7,  5,  9, 0.00,272,10.7
2026-05-25 11:51:00,-102.0110,31.8558, 109.5,15936,-63.0,-83.5,-78.8,  5,  9, 0.00,272,10.7
2026-05-25 11:51:01,-102.0109,31.8558, 109.4,15940,-63.0,-83.6,-78.8,  5,  9, 0.00,272,10.6
2026-05-25 11:51:02,-102.0108,31.8558, 109.4,15944,-63.0,-83.6,-78.8,  5,  9, 0.00,272,10.6
2026-05-25 11:51:03,-102.0107,31.8558, 109.3,15949,-63.0,-83.6,-78.9,  5,  9, 0.00,272,10.6
2026-05-25 11:51:04,-102.0106,31.8558, 109.2,15953,-63.0,-83.7,-78.9,  5,  9, 0.00,272,10.5
2026-05-25 11:51:05,-102.0105,31.8557, 109.1,15957,-62.9,-83.7,-79.0,  5,  9, 0.00,272,10.5
2026-05-25 11:51:06,-102.0104,31.8557, 109.1,15961,-62.9,-83.7,-79.0,  5,  9, 0.00,272,10.4
2026-05-25 11:51:07,-102.0103,31.8557, 109.0,15966,-62.9,-83.8,-79.0,  5,  9, 0.00,272,10.4
2026-05-25 11:51:08,-102.0101,31.8557, 108.9,15970,-62.9,-83.8,-79.0,  5,  9, 0.00,272,10.4
2026-05-25 11:51:09,-102.0101,31.8557, 108.8,15975,-62.9,-83.8,-79.0,  5,  9, 0.00,272,10.3
2026-05-25 11:51:10,-102.0100,31.8557, 108.8,15978,-62.9,-83.8,-79.0,  5,  9, 0.00,272,10.3
2026-05-25 11:51:11,-102.0098,31.8557, 108.7,15982,-62.9,-83.8,-79.0,  5,  9, 0.00,272,10.2
2026-05-25 11:51:12,-102.0097,31.8556, 108.6,15987,-62.9,-83.8,-79.0,  5,  9, 0.00,272,10.2
2026-05-25 11:51:13,-102.0096,31.8556, 108.5,15991,-62.9,-83.8,-79.1,  5,  9, 0.00,272,10.2
2026-05-25 11:51:14,-102.0095,31.8556, 108.5,15995,-62.9,-83.8,-79.1,  5,  9, 0.00,272,10.2
2026-05-25 11:51:15,-102.0094,31.8556, 108.4,16000,-62.9,-83.8,-79.1,  5,  9, 0.00,273,10.3
2026-05-25 11:51:16,-102.0093,31.8556, 108.3,16004,-62.9,-83.8,-79.1,  5,  9, 0.00,273,10.3
2026-05-25 11:51:17,-102.0092,31.8556, 108.2,16008,-62.9,-83.8,-79.1,  5,  9, 0.00,273,10.3
2026-05-25 11:51:18,-102.0091,31.8556, 108.2,16013,-62.9,-83.9,-79.1,  5,  9, 0.00,274,10.3
2026-05-25 11:51:19,-102.0090,31.8556, 108.1,16017,-62.9,-83.9,-79.1,  5,  9, 0.00,274,10.4
2026-05-25 11:51:20,-102.0089,31.8555, 108.0,16021,-62.9,-83.9,-79.1,  5,  9, 0.00,274,10.4
2026-05-25 11:51:21,-102.0088,31.8555, 107.9,16026,-62.9,-83.9,-79.1,  5,  9, 0.00,275,10.4
2026-05-25 11:51:22,-102.0086,31.8555, 107.9,16030,-62.9,-83.9,-79.2,  5,  9, 0.00,275,10.5
2026-05-25 11:51:23,-102.0085,31.8555, 107.8,16034,-62.9,-84.0,-79.2,  5,  9, 0.00,275,10.5
2026-05-25 11:51:24,-102.0084,31.8555, 107.7,16038,-62.9,-84.0,-79.2,  5,  9, 0.00,276,10.5
2026-05-25 11:51:25,-102.0083,31.8555, 107.6,16043,-62.9,-84.0,-79.3,  5,  8, 0.00,276,10.5
2026-05-25 11:51:26,-102.0082,31.8555, 107.6,16047,-62.9,-84.1,-79.3,  5,  8, 0.00,276,10.6
2026-05-25 11:51:27,-102.0081,31.8555, 107.5,16052,-62.9,-84.1,-79.4,  5,  8, 0.00,277,10.6
2026-05-25 11:51:28,-102.0080,31.8554, 107.4,16056,-63.0,-84.2,-79.4,  5,  8, 0.00,277,10.6
2026-05-25 11:51:29,-102.0079,31.8554, 107.3,16061,-63.0,-84.2,-79.4,  5,  8, 0.00,277,10.7
2026-05-25 11:51:30,-102.0078,31.8554, 107.2,16065,-63.0,-84.2,-79.5,  4,  8, 0.00,278,10.7
2026-05-25 11:51:31,-102.0077,31.8554, 107.2,16070,-63.0,-84.3,-79.5,  4,  8, 0.00,278,10.7
2026-05-25 11:51:32,-102.0076,31.8554, 107.1,16074,-63.0,-84.3,-79.6,  4,  8, 0.00,278,10.8
2026-05-25 11:51:33,-102.0075,31.8554, 107.0,16079,-63.0,-84.4,-79.6,  4,  8, 0.00,278,10.7
2026-05-25 11:51:34,-102.0073,31.8554, 106.9,16083,-63.0,-84.4,-79.6,  4,  8, 0.00,279,10.7
2026-05-25 11:51:35,-102.0072,31.8553, 106.8,16088,-63.0,-84.5,-79.7,  4,  8, 0.00,279,10.6
2026-05-25 11:51:36,-102.0071,31.8553, 106.8,16092,-63.0,-84.5,-79.8,  4,  8, 0.00,279,10.6
2026-05-25 11:51:37,-102.0070,31.8553, 106.7,16097,-63.0,-84.6,-79.8,  4,  8, 0.00,279,10.5
2026-05-25 11:51:38,-102.0069,31.8553, 106.6,16101,-63.0,-84.6,-79.9,  4,  8, 0.00,279,10.5
2026-05-25 11:51:39,-102.0068,31.8553, 106.5,16106,-63.1,-84.7,-80.0,  4,  8, 0.00,280,10.4
2026-05-25 11:51:40,-102.0067,31.8553, 106.5,16110,-63.1,-84.8,-80.0,  4,  8, 0.00,280,10.4
2026-05-25 11:51:41,-102.0066,31.8553, 106.4,16115,-63.1,-84.9,-80.1,  4,  8, 0.00,280,10.3
2026-05-25 11:51:42,-102.0065,31.8552, 106.3,16119,-63.1,-84.9,-80.2,  4,  8, 0.00,280,10.3
2026-05-25 11:51:43,-102.0064,31.8552, 106.2,16124,-63.1,-85.0,-80.2,  4,  7, 0.00,280,10.2
2026-05-25 11:51:44,-102.0063,31.8552, 106.1,16128,-63.2,-85.1,-80.3,  4,  7, 0.00,280,10.2
2026-05-25 11:51:45,-102.0062,31.8552, 106.1,16133,-63.2,-85.1,-80.4,  4,  7, 0.00,281,10.1
2026-05-25 11:51:46,-102.0061,31.8552, 106.0,16137,-63.2,-85.2,-80.5,  4,  7, 0.00,281,10.1
2026-05-25 11:51:47,-102.0060,31.8552, 105.9,16142,-63.2,-85.3,-80.5,  4,  7, 0.00,281,10.0
2026-05-25 11:51:48,-102.0059,31.8551, 105.8,16147,-63.2,-85.4,-80.6,  4,  7, 0.00,281,10.0
2026-05-25 11:51:49,-102.0058,31.8551, 105.8,16151,-63.2,-85.4,-80.6,  4,  7, 0.00,282, 9.9
2026-05-25 11:51:50,-102.0057,31.8551, 105.7,16156,-63.3,-85.4,-80.7,  4,  7, 0.00,282, 9.9
2026-05-25 11:51:51,-102.0056,31.8551, 105.6,16160,-63.3,-85.5,-80.7,  4,  7, 0.00,282, 9.8
2026-05-25 11:51:52,-102.0055,31.8551, 105.5,16165,-63.3,-85.5,-80.7,  4,  7, 0.00,282, 9.8
2026-05-25 11:51:53,-102.0054,31.8551, 105.4,16169,-63.3,-85.5,-80.7,  4,  7, 0.00,282, 9.8
2026-05-25 11:51:54,-102.0053,31.8550, 105.4,16174,-63.3,-85.5,-80.8,  4,  7, 0.00,282, 9.7
2026-05-25 11:51:55,-102.0052,31.8550, 105.3,16178,-63.4,-85.6,-80.8,  4,  7, 0.00,282, 9.7
2026-05-25 11:51:56,-102.0051,31.8550, 105.2,16183,-63.4,-85.6,-80.8,  4,  7, 0.00,282, 9.7
2026-05-25 11:51:57,-102.0050,31.8550, 105.1,16187,-63.4,-85.6,-80.9,  4,  7, 0.00,282, 9.6
2026-05-25 11:51:58,-102.0049,31.8550, 105.0,16192,-63.4,-85.6,-80.9,  4,  7, 0.00,282, 9.6
2026-05-25 11:51:59,-102.0048,31.8550, 105.0,16197,-63.4,-85.7,-80.9,  4,  7, 0.00,282, 9.6
2026-05-25 11:52:00,-102.0047,31.8549, 104.9,16201,-63.5,-85.7,-80.9,  4,  7, 0.00,282, 9.6
2026-05-25 11:52:01,-102.0046,31.8549, 104.8,16206,-63.5,-85.7,-81.0,  4,  7, 0.00,282, 9.5
2026-05-25 11:52:02,-102.0045,31.8549, 104.7,16212,-63.5,-85.8,-81.0,  4,  7, 0.00,282, 9.5
2026-05-25 11:52:03,-102.0044,31.8549, 104.7,16215,-63.5,-85.8,-81.0,  4,  7, 0.00,281, 9.5
2026-05-25 11:52:04,-102.0043,31.8549, 104.6,16219,-63.6,-85.8,-81.0,  4,  7, 0.00,281, 9.4
2026-05-25 11:52:05,-102.0042,31.8548, 104.5,16224,-63.6,-85.8,-81.0,  4,  7, 0.00,281, 9.4
2026-05-25 11:52:06,-102.0041,31.8548, 104.4,16228,-63.6,-85.8,-81.1,  4,  7, 0.00,281, 9.4
2026-05-25 11:52:07,-102.0040,31.8548, 104.3,16233,-63.6,-85.8,-81.1,  4,  7, 0.00,281, 9.4
2026-05-25 11:52:08,-102.0040,31.8548, 104.3,16238,-63.6,-85.8,-81.1,  4,  7, 0.00,281, 9.3
2026-05-25 11:52:09,-102.0039,31.8548, 104.2,16243,-63.6,-85.8,-81.1,  4,  7, 0.00,281, 9.3
2026-05-25 11:52:10,-102.0038,31.8548, 104.1,16247,-63.7,-85.8,-81.1,  4,  7, 0.00,281, 9.3
2026-05-25 11:52:11,-102.0037,31.8548, 104.0,16252,-63.7,-85.9,-81.1,  4,  7, 0.00,281, 9.2
2026-05-25 11:52:12,-102.0036,31.8548, 103.9,16257,-63.7,-85.9,-81.1,  4,  7, 0.00,281, 9.2
2026-05-25 11:52:13,-102.0035,31.8548, 103.9,16262,-63.7,-85.9,-81.1,  4,  7, 0.00,281, 9.2
2026-05-25 11:52:14,-102.0034,31.8548, 103.8,16266,-63.7,-85.9,-81.1,  4,  7, 0.00,281, 9.1
2026-05-25 11:52:15,-102.0034,31.8548, 103.7,16271,-63.8,-85.9,-81.1,  4,  7, 0.00,281, 9.1
2026-05-25 11:52:16,-102.0033,31.8547, 103.6,16276,-63.8,-85.9,-81.1,  4,  7, 0.00,281, 9.0
2026-05-25 11:52:17,-102.0032,31.8547, 103.5,16281,-63.8,-85.9,-81.2,  4,  7, 0.00,280, 9.0
2026-05-25 11:52:18,-102.0031,31.8547, 103.5,16285,-63.8,-86.0,-81.2,  4,  7, 0.00,280, 8.9
2026-05-25 11:52:19,-102.0030,31.8547, 103.4,16290,-63.8,-86.1,-81.3,  4,  7, 0.00,280, 8.9
2026-05-25 11:52:20,-102.0029,31.8547, 103.3,16295,-63.8,-86.2,-81.4,  4,  7, 0.00,280, 8.8
2026-05-25 11:52:21,-102.0029,31.8547, 103.2,16299,-63.9,-86.3,-81.5,  4,  7, 0.00,280, 8.7
2026-05-25 11:52:22,-102.0028,31.8547, 103.2,16304,-63.9,-86.3,-81.6,  4,  7, 0.00,280, 8.7
2026-05-25 11:52:23,-102.0027,31.8547, 103.1,16308,-63.9,-86.4,-81.7,  4,  7, 0.00,280, 8.6
2026-05-25 11:52:24,-102.0026,31.8547, 103.0,16313,-63.9,-86.5,-81.8,  3,  6, 0.00,280, 8.6
2026-05-25 11:52:25,-102.0025,31.8547, 102.9,16318,-64.0,-86.6,-81.8,  3,  6, 0.00,280, 8.5
2026-05-25 11:52:26,-102.0024,31.8547, 102.8,16322,-64.0,-86.7,-81.9,  3,  6, 0.00,279, 8.5
2026-05-25 11:52:27,-102.0023,31.8547, 102.8,16327,-64.0,-86.8,-82.0,  3,  6, 0.00,279, 8.4
2026-05-25 11:52:28,-102.0023,31.8546, 102.7,16332,-64.0,-86.9,-82.1,  3,  6, 0.00,279, 8.4
2026-05-25 11:52:29,-102.0022,31.8546, 102.6,16336,-64.0,-87.0,-82.2,  3,  6, 0.00,279, 8.3
2026-05-25 11:52:30,-102.0021,31.8546, 102.5,16341,-64.1,-87.1,-82.3,  3,  6, 0.00,279, 8.3
2026-05-25 11:52:31,-102.0020,31.8546, 102.5,16345,-64.1,-87.2,-82.4,  3,  6, 0.00,279, 8.2
2026-05-25 11:52:32,-102.0019,31.8546, 102.4,16350,-64.1,-87.2,-82.5,  3,  6, 0.00,279, 8.2
2026-05-25 11:52:33,-102.0018,31.8546, 102.3,16355,-64.1,-87.3,-82.6,  3,  6, 0.00,279, 8.2
2026-05-25 11:52:34,-102.0018,31.8546, 102.2,16359,-64.2,-87.4,-82.6,  3,  6, 0.00,278, 8.1
2026-05-25 11:52:35,-102.0017,31.8546, 102.1,16364,-64.2,-87.5,-82.7,  3,  6, 0.00,278, 8.1
2026-05-25 11:52:36,-102.0016,31.8546, 102.1,16369,-64.2,-87.5,-82.8,  3,  6, 0.00,278, 8.1
2026-05-25 11:52:37,-102.0015,31.8546, 102.0,16373,-64.2,-87.6,-82.9,  3,  6, 0.00,278, 8.1
2026-05-25 11:52:38,-102.0014,31.8546, 101.9,16378,-64.3,-87.7,-82.9,  3,  6, 0.00,278, 8.1
2026-05-25 11:52:39,-102.0013,31.8545, 101.8,16382,-64.3,-87.8,-83.0,  3,  5, 0.00,277, 8.1
2026-05-25 11:52:40,-102.0012,31.8545, 101.8,16387,-64.3,-87.9,-83.1,  3,  5, 0.00,277, 8.1
2026-05-25 11:52:41,-102.0012,31.8545, 101.7,16392,-64.3,-88.0,-83.2,  3,  5, 0.00,277, 8.1
2026-05-25 11:52:42,-102.0011,31.8545, 101.6,16396,-64.3,-88.0,-83.3,  3,  5, 0.00,277, 8.1
2026-05-25 11:52:43,-102.0010,31.8545, 101.5,16401,-64.4,-88.1,-83.4,  3,  5, 0.00,277, 8.0
2026-05-25 11:52:44,-102.0009,31.8545, 101.4,16406,-64.4,-88.2,-83.4,  3,  5, 0.00,277, 8.0
2026-05-25 11:52:45,-102.0008,31.8545, 101.4,16411,-64.4,-88.3,-83.5,  3,  5, 0.00,276, 8.0
2026-05-25 11:52:46,-102.0007,31.8545, 101.3,16416,-64.4,-88.4,-83.6,  3,  5, 0.00,276, 8.0
2026-05-25 11:52:47,-102.0007,31.8545, 101.2,16420,-64.5,-88.4,-83.7,  3,  5, 0.00,276, 8.0
2026-05-25 11:52:48,-102.0006,31.8545, 101.1,16425,-64.5,-88.5,-83.7,  3,  5, 0.00,276, 8.0
2026-05-25 11:52:49,-102.0005,31.8545, 101.0,16430,-64.5,-88.5,-83.8,  3,  5, 0.00,276, 8.0
2026-05-25 11:52:50,-102.0004,31.8545, 101.0,16435,-64.5,-88.6,-83.8,  3,  5, 0.00,276, 8.0
2026-05-25 11:52:51,-102.0003,31.8544, 100.9,16440,-64.5,-88.7,-83.9,  3,  5, 0.00,275, 8.0
2026-05-25 11:52:52,-102.0002,31.8544, 100.8,16444,-64.6,-88.7,-84.0,  3,  5, 0.00,275, 8.0
2026-05-25 11:52:53,-102.0001,31.8544, 100.7,16449,-64.6,-88.8,-84.0,  3,  5, 0.00,274, 8.0
2026-05-25 11:52:54,-102.0001,31.8544, 100.7,16454,-64.6,-88.8,-84.1,  3,  5, 0.00,274, 8.0
2026-05-25 11:52:55,-102.0000,31.8545, 100.6,16458,-64.6,-88.9,-84.2,  3,  5, 0.00,273, 8.0
2026-05-25 11:52:56,-101.9999,31.8545, 100.5,16463,-64.6,-89.0,-84.2,  3,  5, 0.00,272, 8.0
2026-05-25 11:52:57,-101.9998,31.8545, 100.4,16468,-64.6,-89.0,-84.3,  2,  5, 0.00,271, 8.1
2026-05-25 11:52:58,-101.9997,31.8545, 100.3,16473,-64.7,-89.1,-84.3,  2,  5, 0.00,271, 8.1
2026-05-25 11:52:59,-101.9996,31.8545, 100.3,16477,-64.7,-89.2,-84.4,  2,  5, 0.00,270, 8.1
2026-05-25 11:53:00,-101.9995,31.8545, 100.2,16482,-64.7,-89.2,-84.4,  2,  5, 0.00,269, 8.1
2026-05-25 11:53:01,-101.9994,31.8546, 100.1,16487,-64.7,-89.2,-84.4,  2,  5, 0.00,268, 8.2
2026-05-25 11:53:02,-101.9993,31.8546, 100.0,16493,-64.7,-89.2,-84.4,  2,  5, 0.00,267, 8.2
2026-05-25 11:53:03,-101.9993,31.8546, 100.0,16496,-64.7,-89.2,-84.4,  2,  5, 0.00,267, 8.2
2026-05-25 11:53:04,-101.9992,31.8546,  99.9,16501,-64.7,-89.2,-84.5,  2,  5, 0.00,266, 8.2
2026-05-25 11:53:05,-101.9991,31.8546,  99.8,16506,-64.7,-89.2,-84.5,  2,  5, 0.00,265, 8.3
2026-05-25 11:53:06,-101.9990,31.8546,  99.7,16510,-64.7,-89.2,-84.5,  2,  5, 0.00,265, 8.3
2026-05-25 11:53:07,-101.9989,31.8546,  99.6,16515,-64.7,-89.2,-84.5,  2,  5, 0.00,264, 8.4
2026-05-25 11:53:08,-101.9988,31.8547,  99.6,16520,-64.7,-89.2,-84.5,  2,  5, 0.00,263, 8.4
2026-05-25 11:53:09,-101.9987,31.8547,  99.5,16525,-64.7,-89.2,-84.5,  2,  5, 0.00,263, 8.4
2026-05-25 11:53:10,-101.9986,31.8547,  99.4,16530,-64.7,-89.2,-84.5,  2,  5, 0.00,262, 8.5
2026-05-25 11:53:11,-101.9985,31.8547,  99.3,16535,-64.7,-89.2,-84.5,  2,  5, 0.00,261, 8.5
2026-05-25 11:53:12,-101.9985,31.8547,  99.3,16539,-64.7,-89.3,-84.5,  2,  5, 0.00,261, 8.6
2026-05-25 11:53:13,-101.9984,31.8547,  99.2,16544,-64.7,-89.3,-84.5,  2,  5, 0.00,260, 8.6
2026-05-25 11:53:14,-101.9983,31.8548,  99.1,16549,-64.7,-89.3,-84.5,  2,  4, 0.00,260, 8.6
2026-05-25 11:53:15,-101.9982,31.8548,  99.0,16554,-64.7,-89.3,-84.6,  2,  4, 0.00,260, 8.6
2026-05-25 11:53:16,-101.9981,31.8548,  98.9,16558,-64.7,-89.3,-84.6,  2,  4, 0.00,260, 8.6
2026-05-25 11:53:17,-101.9980,31.8548,  98.9,16563,-64.7,-89.3,-84.6,  2,  4, 0.00,260, 8.6
2026-05-25 11:53:18,-101.9979,31.8548,  98.8,16568,-64.7,-89.4,-84.6,  2,  4, 0.00,259, 8.6
2026-05-25 11:53:19,-101.9978,31.8548,  98.7,16573,-64.7,-89.4,-84.6,  2,  4, 0.00,259, 8.6
2026-05-25 11:53:20,-101.9977,31.8548,  98.6,16578,-64.6,-89.4,-84.6,  2,  4, 0.00,259, 8.6
2026-05-25 11:53:21,-101.9976,31.8549,  98.6,16582,-64.6,-89.4,-84.7,  2,  4, 0.00,259, 8.6
2026-05-25 11:53:22,-101.9976,31.8549,  98.5,16587,-64.6,-89.4,-84.7,  2,  4, 0.00,259, 8.6
2026-05-25 11:53:23,-101.9975,31.8549,  98.4,16592,-64.6,-89.4,-84.7,  2,  4, 0.00,258, 8.6
2026-05-25 11:53:24,-101.9974,31.8549,  98.3,16597,-64.6,-89.5,-84.7,  2,  4, 0.00,258, 8.6
2026-05-25 11:53:25,-101.9973,31.8549,  98.2,16601,-64.6,-89.5,-84.7,  2,  4, 0.00,258, 8.6
2026-05-25 11:53:26,-101.9972,31.8549,  98.2,16606,-64.6,-89.5,-84.7,  2,  4, 0.00,258, 8.6
2026-05-25 11:53:27,-101.9971,31.8550,  98.1,16611,-64.6,-89.4,-84.7,  2,  4, 0.00,258, 8.6
2026-05-25 11:53:28,-101.9970,31.8550,  98.0,16616,-64.6,-89.4,-84.6,  2,  4, 0.00,257, 8.6
2026-05-25 11:53:29,-101.9969,31.8550,  97.9,16621,-64.5,-89.3,-84.6,  2,  4, 0.00,257, 8.7
2026-05-25 11:53:30,-101.9968,31.8550,  97.8,16626,-64.5,-89.3,-84.5,  2,  4, 0.00,257, 8.7
2026-05-25 11:53:31,-101.9968,31.8550,  97.8,16631,-64.5,-89.2,-84.5,  2,  4, 0.00,257, 8.7
2026-05-25 11:53:32,-101.9966,31.8550,  97.7,16636,-64.5,-89.2,-84.4,  2,  4, 0.00,257, 8.7
2026-05-25 11:53:33,-101.9965,31.8551,  97.6,16641,-64.5,-89.1,-84.4,  2,  4, 0.00,257, 8.7
2026-05-25 11:53:34,-101.9964,31.8551,  97.5,16646,-64.5,-89.1,-84.3,  2,  4, 0.00,257, 8.8
2026-05-25 11:53:35,-101.9963,31.8551,  97.5,16651,-64.4,-89.0,-84.3,  2,  5, 0.00,257, 8.9
2026-05-25 11:53:36,-101.9962,31.8551,  97.4,16656,-64.4,-89.0,-84.2,  2,  5, 0.00,257, 8.9
2026-05-25 11:53:37,-101.9961,31.8551,  97.3,16661,-64.4,-88.9,-84.2,  2,  5, 0.00,257, 9.0
2026-05-25 11:53:38,-101.9960,31.8552,  97.2,16666,-64.4,-88.9,-84.1,  2,  5, 0.00,257, 9.1
2026-05-25 11:53:39,-101.9959,31.8552,  97.1,16671,-64.4,-88.8,-84.1,  2,  5, 0.00,256, 9.1
2026-05-25 11:53:40,-101.9958,31.8552,  97.1,16676,-64.3,-88.8,-84.0,  2,  5, 0.00,256, 9.2
2026-05-25 11:53:41,-101.9957,31.8552,  97.0,16680,-64.3,-88.7,-84.0,  3,  5, 0.00,256, 9.3
2026-05-25 11:53:42,-101.9956,31.8553,  96.9,16685,-64.3,-88.7,-83.9,  3,  5, 0.00,256, 9.3
2026-05-25 11:53:43,-101.9955,31.8553,  96.8,16690,-64.3,-88.6,-83.9,  3,  5, 0.00,256, 9.4
2026-05-25 11:53:44,-101.9954,31.8553,  96.7,16695,-64.3,-88.6,-83.8,  3,  5, 0.00,256, 9.4
2026-05-25 11:53:45,-101.9953,31.8553,  96.7,16700,-64.3,-88.5,-83.7,  3,  5, 0.00,256, 9.5
2026-05-25 11:53:46,-101.9951,31.8553,  96.6,16705,-64.2,-88.5,-83.7,  3,  5, 0.00,256, 9.6
2026-05-25 11:53:47,-101.9950,31.8554,  96.5,16710,-64.2,-88.4,-83.6,  3,  5, 0.00,256, 9.6
2026-05-25 11:53:48,-101.9949,31.8554,  96.4,16715,-64.2,-88.3,-83.6,  3,  5, 0.00,256, 9.7
2026-05-25 11:53:49,-101.9948,31.8554,  96.4,16720,-64.2,-88.3,-83.5,  3,  5, 0.00,256, 9.8
2026-05-25 11:53:50,-101.9947,31.8554,  96.3,16725,-64.2,-88.2,-83.5,  3,  5, 0.00,256, 9.8
2026-05-25 11:53:51,-101.9946,31.8554,  96.2,16729,-64.2,-88.2,-83.4,  3,  5, 0.00,256, 9.9
2026-05-25 11:53:52,-101.9945,31.8555,  96.1,16734,-64.1,-88.1,-83.4,  3,  5, 0.00,256,10.0
2026-05-25 11:53:53,-101.9944,31.8555,  96.1,16739,-64.1,-88.1,-83.3,  3,  5, 0.00,256,10.0
2026-05-25 11:53:54,-101.9943,31.8555,  96.0,16744,-64.1,-88.1,-83.3,  3,  5, 0.00,256,10.1
2026-05-25 11:53:55,-101.9942,31.8555,  95.9,16748,-64.1,-88.1,-83.4,  3,  5, 0.00,256,10.1
2026-05-25 11:53:56,-101.9941,31.8555,  95.8,16753,-64.1,-88.2,-83.4,  3,  5, 0.00,257,10.2
2026-05-25 11:53:57,-101.9940,31.8556,  95.8,16758,-64.1,-88.2,-83.5,  3,  5, 0.00,257,10.3
2026-05-25 11:53:58,-101.9939,31.8556,  95.7,16763,-64.1,-88.3,-83.5,  3,  5, 0.00,257,10.3
2026-05-25 11:53:59,-101.9938,31.8556,  95.6,16767,-64.1,-88.3,-83.5,  3,  5, 0.00,257,10.4
2026-05-25 11:54:00,-101.9937,31.8556,  95.5,16772,-64.0,-88.3,-83.6,  3,  5, 0.00,257,10.5
2026-05-25 11:54:01,-101.9935,31.8557,  95.5,16777,-64.0,-88.4,-83.6,  3,  5, 0.00,257,10.5
2026-05-25 11:54:02,-101.9934,31.8557,  95.4,16782,-64.0,-88.4,-83.7,  3,  5, 0.00,257,10.6
2026-05-25 11:54:03,-101.9933,31.8557,  95.3,16786,-64.0,-88.5,-83.7,  3,  5, 0.00,257,10.7
2026-05-25 11:54:04,-101.9932,31.8557,  95.2,16791,-64.0,-88.5,-83.8,  2,  5, 0.00,257,10.7
2026-05-25 11:54:05,-101.9931,31.8557,  95.2,16796,-64.0,-88.6,-83.8,  2,  5, 0.00,257,10.8
2026-05-25 11:54:06,-101.9930,31.8558,  95.1,16801,-64.0,-88.6,-83.9,  2,  5, 0.00,257,10.8
2026-05-25 11:54:07,-101.9929,31.8558,  95.0,16806,-64.0,-88.7,-83.9,  2,  5, 0.00,257,10.9
2026-05-25 11:54:08,-101.9928,31.8558,  94.9,16812,-64.0,-88.7,-83.9,  2,  4, 0.00,257,11.0
2026-05-25 11:54:09,-101.9927,31.8558,  94.9,16817,-64.0,-88.7,-83.9,  2,  4, 0.00,257,11.0
2026-05-25 11:54:10,-101.9926,31.8558,  94.8,16821,-63.9,-88.7,-84.0,  2,  4, 0.00,257,11.1
2026-05-25 11:54:11,-101.9925,31.8558,  94.7,16826,-63.9,-88.8,-84.0,  2,  4, 0.00,257,11.2
2026-05-25 11:54:12,-101.9924,31.8558,  94.6,16831,-63.9,-88.8,-84.0,  2,  4, 0.00,258,11.2
2026-05-25 11:54:13,-101.9923,31.8559,  94.6,16835,-63.9,-88.8,-84.1,  2,  4, 0.00,258,11.2
2026-05-25 11:54:14,-101.9922,31.8559,  94.5,16840,-63.9,-88.9,-84.1,  2,  4, 0.00,258,11.1
2026-05-25 11:54:15,-101.9921,31.8559,  94.4,16844,-63.9,-88.9,-84.1,  2,  4, 0.00,258,11.0
2026-05-25 11:54:16,-101.9920,31.8559,  94.3,16849,-63.9,-88.9,-84.2,  2,  4, 0.00,258,11.0
2026-05-25 11:54:17,-101.9919,31.8559,  94.3,16854,-63.9,-89.0,-84.2,  2,  4, 0.00,259,10.9
2026-05-25 11:54:18,-101.9918,31.8559,  94.2,16858,-63.9,-89.0,-84.2,  2,  4, 0.00,259,10.8
2026-05-25 11:54:19,-101.9917,31.8559,  94.1,16863,-63.9,-89.0,-84.3,  2,  4, 0.00,259,10.8
2026-05-25 11:54:20,-101.9916,31.8559,  94.1,16868,-63.9,-89.0,-84.3,  2,  4, 0.00,259,10.7
2026-05-25 11:54:21,-101.9915,31.8560,  94.0,16872,-63.9,-89.1,-84.3,  2,  4, 0.00,260,10.6
2026-05-25 11:54:22,-101.9914,31.8560,  93.9,16877,-63.9,-89.1,-84.3,  2,  4, 0.00,260,10.6
2026-05-25 11:54:23,-101.9913,31.8560,  93.9,16879,-63.9,-89.1,-84.3,  2,  4, 0.00,260,10.6
2026-05-25 11:54:24,-101.9912,31.8560,  93.8,16886,-63.9,-89.1,-84.3,  2,  4, 0.00,260,10.5
2026-05-25 11:54:25,-101.9911,31.8560,  93.7,16890,-63.9,-89.1,-84.4,  2,  4, 0.00,261,10.4
2026-05-25 11:54:26,-101.9910,31.8560,  93.6,16895,-63.9,-89.1,-84.4,  2,  4, 0.00,261,10.3
2026-05-25 11:54:27,-101.9909,31.8560,  93.6,16899,-63.9,-89.1,-84.4,  2,  4, 0.00,261,10.3
2026-05-25 11:54:28,-101.9908,31.8560,  93.5,16903,-63.9,-89.1,-84.4,  2,  4, 0.00,261,10.2
2026-05-25 11:54:29,-101.9907,31.8561,  93.4,16908,-63.9,-89.2,-84.4,  2,  4, 0.00,262,10.2
2026-05-25 11:54:30,-101.9906,31.8561,  93.4,16912,-63.9,-89.2,-84.4,  2,  4, 0.00,262,10.1
2026-05-25 11:54:31,-101.9905,31.8561,  93.3,16917,-63.9,-89.2,-84.4,  2,  4, 0.00,262,10.0
2026-05-25 11:54:32,-101.9904,31.8561,  93.2,16922,-63.9,-89.2,-84.4,  2,  4, 0.00,262,10.0
2026-05-25 11:54:33,-101.9903,31.8561,  93.2,16927,-63.9,-89.2,-84.4,  2,  4, 0.00,262, 9.9
2026-05-25 11:54:34,-101.9902,31.8561,  93.1,16932,-63.9,-89.2,-84.4,  2,  4, 0.00,262, 9.8
2026-05-25 11:54:35,-101.9900,31.8561,  93.0,16937,-63.9,-89.2,-84.5,  2,  4, 0.00,262, 9.6
2026-05-25 11:54:36,-101.9899,31.8561,  92.9,16942,-63.9,-89.2,-84.5,  2,  4, 0.00,262, 9.5
2026-05-25 11:54:37,-101.9898,31.8562,  92.9,16947,-63.9,-89.3,-84.5,  2,  4, 0.00,262, 9.4
2026-05-25 11:54:38,-101.9897,31.8562,  92.8,16952,-63.9,-89.3,-84.6,  2,  4, 0.00,262, 9.3
2026-05-25 11:54:39,-101.9896,31.8562,  92.7,16957,-64.0,-89.4,-84.6,  2,  4, 0.00,262, 9.2
2026-05-25 11:54:40,-101.9896,31.8562,  92.6,16961,-64.0,-89.4,-84.7,  2,  4, 0.00,262, 9.1
2026-05-25 11:54:41,-101.9895,31.8562,  92.6,16966,-64.0,-89.5,-84.8,  2,  4, 0.00,262, 9.0
2026-05-25 11:54:42,-101.9894,31.8562,  92.5,16971,-64.0,-89.6,-84.8,  2,  4, 0.00,262, 8.9
2026-05-25 11:54:43,-101.9894,31.8563,  92.4,16976,-64.0,-89.6,-84.9,  2,  4, 0.00,262, 8.8
2026-05-25 11:54:44,-101.9893,31.8563,  92.3,16981,-64.0,-89.7,-84.9,  2,  4, 0.00,262, 8.7
2026-05-25 11:54:45,-101.9892,31.8563,  92.3,16986,-64.0,-89.7,-85.0,  2,  4, 0.00,261, 8.6
2026-05-25 11:54:46,-101.9892,31.8563,  92.2,16991,-64.1,-89.8,-85.0,  2,  4, 0.00,261, 8.5
2026-05-25 11:54:47,-101.9891,31.8563,  92.1,16996,-64.1,-89.8,-85.1,  2,  4, 0.00,261, 8.4
2026-05-25 11:54:48,-101.9890,31.8563,  92.1,17000,-64.1,-89.9,-85.1,  2,  4, 0.00,261, 8.2
2026-05-25 11:54:49,-101.9889,31.8564,  92.0,17005,-64.1,-89.9,-85.2,  2,  4, 0.00,261, 8.1
2026-05-25 11:54:50,-101.9889,31.8564,  91.9,17009,-64.1,-90.0,-85.2,  2,  4, 0.00,261, 8.0
2026-05-25 11:54:51,-101.9888,31.8564,  91.8,17014,-64.1,-90.0,-85.3,  2,  4, 0.00,261, 7.9
2026-05-25 11:54:52,-101.9887,31.8564,  91.8,17018,-64.2,-90.1,-85.3,  2,  4, 0.00,261, 7.8
2026-05-25 11:54:53,-101.9887,31.8564,  91.7,17023,-64.2,-90.1,-85.4,  2,  4, 0.00,260, 7.8
2026-05-25 11:54:54,-101.9886,31.8564,  91.6,17028,-64.2,-90.1,-85.4,  2,  4, 0.00,260, 7.7
2026-05-25 11:54:55,-101.9885,31.8565,  91.6,17032,-64.2,-90.2,-85.4,  2,  4, 0.00,259, 7.6
2026-05-25 11:54:56,-101.9885,31.8565,  91.5,17037,-64.2,-90.2,-85.5,  2,  4, 0.00,259, 7.6
2026-05-25 11:54:57,-101.9884,31.8565,  91.4,17042,-64.3,-90.3,-85.5,  2,  4, 0.00,258, 7.5
2026-05-25 11:54:58,-101.9883,31.8565,  91.4,17046,-64.3,-90.3,-85.6,  2,  4, 0.00,258, 7.5
2026-05-25 11:54:59,-101.9882,31.8565,  91.3,17051,-64.3,-90.3,-85.6,  2,  4, 0.00,257, 7.4
2026-05-25 11:55:00,-101.9882,31.8566,  91.2,17056,-64.3,-90.4,-85.6,  2,  4, 0.00,257, 7.4
2026-05-25 11:55:01,-101.9881,31.8566,  91.1,17060,-64.4,-90.4,-85.7,  2,  4, 0.00,256, 7.3
2026-05-25 11:55:02,-101.9880,31.8566,  91.1,17065,-64.4,-90.5,-85.7,  2,  3, 0.00,255, 7.3
2026-05-25 11:55:03,-101.9880,31.8566,  91.0,17070,-64.4,-90.5,-85.8,  2,  3, 0.00,255, 7.2
2026-05-25 11:55:04,-101.9879,31.8566,  90.9,17075,-64.4,-90.5,-85.8,  2,  3, 0.00,254, 7.2
2026-05-25 11:55:05,-101.9878,31.8566,  90.9,17079,-64.4,-90.6,-85.8,  2,  3, 0.00,254, 7.1
2026-05-25 11:55:06,-101.9878,31.8567,  90.8,17084,-64.4,-90.6,-85.8,  2,  3, 0.00,253, 7.1
2026-05-25 11:55:07,-101.9877,31.8567,  90.7,17089,-64.5,-90.6,-85.9,  2,  3, 0.00,252, 7.0
2026-05-25 11:55:08,-101.9876,31.8567,  90.7,17093,-64.5,-90.6,-85.9,  2,  3, 0.00,252, 7.0
2026-05-25 11:55:09,-101.9875,31.8567,  90.6,17098,-64.5,-90.6,-85.9,  2,  3, 0.00,251, 6.9
2026-05-25 11:55:10,-101.9875,31.8567,  90.5,17103,-64.5,-90.7,-85.9,  2,  3, 0.00,250, 6.9
2026-05-25 11:55:11,-101.9874,31.8568,  90.4,17107,-64.5,-90.7,-85.9,  2,  3, 0.00,250, 6.8
2026-05-25 11:55:12,-101.9873,31.8568,  90.4,17112,-64.5,-90.7,-86.0,  2,  3, 0.00,249, 6.8
2026-05-25 11:55:13,-101.9872,31.8568,  90.3,17116,-64.5,-90.7,-86.0,  2,  3, 0.00,248, 6.8
2026-05-25 11:55:14,-101.9872,31.8569,  90.2,17121,-64.5,-90.8,-86.0,  2,  3, 0.00,248, 6.9
2026-05-25 11:55:15,-101.9871,31.8569,  90.2,17126,-64.5,-90.8,-86.0,  2,  3, 0.00,247, 7.0
2026-05-25 11:55:16,-101.9870,31.8570,  90.1,17130,-64.5,-90.8,-86.1,  2,  3, 0.00,247, 7.0
2026-05-25 11:55:17,-101.9869,31.8570,  90.0,17135,-64.5,-90.8,-86.1,  2,  3, 0.00,246, 7.1
2026-05-25 11:55:18,-101.9869,31.8571,  90.0,17140,-64.5,-90.8,-86.1,  2,  3, 0.00,245, 7.1
2026-05-25 11:55:19,-101.9868,31.8571,  89.9,17144,-64.5,-90.8,-86.1,  2,  3, 0.00,245, 7.2
2026-05-25 11:55:20,-101.9867,31.8571,  89.8,17148,-64.5,-90.8,-86.1,  2,  3, 0.00,244, 7.3
2026-05-25 11:55:21,-101.9866,31.8572,  89.8,17153,-64.5,-90.8,-86.1,  2,  3, 0.00,244, 7.3
2026-05-25 11:55:22,-101.9866,31.8572,  89.7,17158,-64.5,-90.8,-86.1,  2,  3, 0.00,243, 7.4
2026-05-25 11:55:23,-101.9865,31.8573,  89.6,17162,-64.5,-90.8,-86.1,  2,  3, 0.00,243, 7.5
2026-05-25 11:55:24,-101.9864,31.8573,  89.6,17167,-64.5,-90.8,-86.1,  2,  3, 0.00,242, 7.5
2026-05-25 11:55:25,-101.9863,31.8574,  89.5,17171,-64.5,-90.8,-86.1,  2,  3, 0.00,242, 7.6
2026-05-25 11:55:26,-101.9863,31.8574,  89.4,17176,-64.5,-90.8,-86.1,  2,  3, 0.00,241, 7.7
2026-05-25 11:55:27,-101.9862,31.8574,  89.4,17181,-64.5,-90.8,-86.1,  2,  3, 0.00,241, 7.7
2026-05-25 11:55:28,-101.9861,31.8575,  89.3,17186,-64.5,-90.8,-86.1,  2,  3, 0.00,240, 7.8
2026-05-25 11:55:29,-101.9860,31.8575,  89.2,17191,-64.4,-90.8,-86.1,  2,  3, 0.00,240, 7.9
2026-05-25 11:55:30,-101.9860,31.8576,  89.2,17195,-64.4,-90.8,-86.1,  2,  3, 0.00,239, 7.9
2026-05-25 11:55:31,-101.9859,31.8576,  89.1,17200,-64.4,-90.8,-86.1,  2,  3, 0.00,239, 8.0
2026-05-25 11:55:32,-101.9858,31.8577,  89.0,17204,-64.4,-90.8,-86.1,  2,  3, 0.00,239, 8.1
2026-05-25 11:55:33,-101.9857,31.8577,  89.0,17209,-64.4,-90.8,-86.0,  2,  3, 0.00,238, 8.2
2026-05-25 11:55:34,-101.9856,31.8577,  88.9,17213,-64.4,-90.8,-86.0,  2,  3, 0.00,238, 8.3
2026-05-25 11:55:35,-101.9856,31.8578,  88.8,17218,-64.4,-90.8,-86.0,  2,  3, 0.00,238, 8.4
2026-05-25 11:55:36,-101.9855,31.8578,  88.8,17222,-64.4,-90.8,-86.0,  2,  3, 0.00,238, 8.5
2026-05-25 11:55:37,-101.9854,31.8579,  88.7,17227,-64.4,-90.7,-86.0,  2,  3, 0.00,237, 8.6
2026-05-25 11:55:38,-101.9853,31.8579,  88.6,17231,-64.4,-90.7,-86.0,  2,  3, 0.00,237, 8.7
2026-05-25 11:55:39,-101.9853,31.8580,  88.6,17236,-64.4,-90.7,-86.0,  2,  3, 0.00,237, 8.8
2026-05-25 11:55:40,-101.9852,31.8580,  88.5,17241,-64.4,-90.7,-86.0,  2,  3, 0.00,237, 8.9
2026-05-25 11:55:41,-101.9851,31.8580,  88.4,17246,-64.4,-90.7,-86.0,  2,  3, 0.00,237, 9.0
2026-05-25 11:55:42,-101.9850,31.8581,  88.3,17251,-64.3,-90.7,-85.9,  2,  3, 0.00,237, 9.1
2026-05-25 11:55:43,-101.9850,31.8581,  88.3,17255,-64.3,-90.7,-85.9,  2,  3, 0.00,236, 9.2
2026-05-25 11:55:44,-101.9849,31.8582,  88.2,17260,-64.3,-90.7,-85.9,  2,  3, 0.00,236, 9.3
2026-05-25 11:55:45,-101.9848,31.8582,  88.1,17265,-64.3,-90.6,-85.9,  2,  3, 0.00,236, 9.4
2026-05-25 11:55:46,-101.9847,31.8583,  88.1,17270,-64.3,-90.6,-85.8,  2,  3, 0.00,236, 9.5
2026-05-25 11:55:47,-101.9846,31.8583,  88.0,17274,-64.3,-90.5,-85.8,  2,  3, 0.00,236, 9.6
2026-05-25 11:55:48,-101.9845,31.8584,  87.9,17279,-64.3,-90.5,-85.7,  2,  3, 0.00,236, 9.7
2026-05-25 11:55:49,-101.9844,31.8584,  87.9,17284,-64.3,-90.4,-85.7,  2,  3, 0.00,235, 9.8
2026-05-25 11:55:50,-101.9843,31.8585,  87.8,17288,-64.3,-90.4,-85.6,  2,  3, 0.00,235, 9.9
2026-05-25 11:55:51,-101.9842,31.8585,  87.7,17293,-64.3,-90.3,-85.6,  2,  4, 0.00,235,10.0
2026-05-25 11:55:52,-101.9841,31.8586,  87.7,17298,-64.3,-90.3,-85.6,  2,  4, 0.00,235,10.1
2026-05-25 11:55:53,-101.9840,31.8586,  87.6,17303,-64.3,-90.3,-85.5,  2,  4, 0.00,235,10.2
2026-05-25 11:55:54,-101.9839,31.8587,  87.5,17307,-64.3,-90.2,-85.5,  2,  4, 0.00,235,10.2
2026-05-25 11:55:55,-101.9838,31.8587,  87.5,17312,-64.3,-90.2,-85.4,  2,  4, 0.00,236,10.2
2026-05-25 11:55:56,-101.9837,31.8588,  87.4,17317,-64.3,-90.1,-85.4,  2,  4, 0.00,236,10.3
2026-05-25 11:55:57,-101.9836,31.8588,  87.3,17322,-64.3,-90.1,-85.3,  2,  4, 0.00,236,10.3
2026-05-25 11:55:58,-101.9835,31.8588,  87.3,17327,-64.3,-90.0,-85.3,  2,  4, 0.00,236,10.3
2026-05-25 11:55:59,-101.9834,31.8589,  87.2,17331,-64.3,-90.0,-85.3,  2,  4, 0.00,237,10.4
2026-05-25 11:56:00,-101.9833,31.8589,  87.1,17337,-64.3,-90.0,-85.3,  2,  4, 0.00,237,10.4
2026-05-25 11:56:01,-101.9832,31.8590,  87.1,17341,-64.3,-90.1,-85.3,  2,  4, 0.00,237,10.5
2026-05-25 11:56:02,-101.9831,31.8590,  87.0,17346,-64.3,-90.1,-85.3,  2,  4, 0.00,237,10.5
2026-05-25 11:56:03,-101.9830,31.8591,  86.9,17350,-64.3,-90.1,-85.4,  2,  4, 0.00,237,10.5
2026-05-25 11:56:04,-101.9829,31.8591,  86.9,17355,-64.3,-90.1,-85.4,  2,  4, 0.00,238,10.6
2026-05-25 11:56:05,-101.9828,31.8592,  86.8,17360,-64.3,-90.2,-85.4,  2,  4, 0.00,238,10.6
2026-05-25 11:56:06,-101.9827,31.8592,  86.7,17365,-64.3,-90.2,-85.5,  2,  4, 0.00,238,10.7
2026-05-25 11:56:07,-101.9826,31.8593,  86.7,17369,-64.3,-90.2,-85.5,  2,  4, 0.00,238,10.7
2026-05-25 11:56:08,-101.9825,31.8593,  86.6,17374,-64.3,-90.3,-85.5,  2,  4, 0.00,238,10.7
2026-05-25 11:56:09,-101.9824,31.8594,  86.5,17379,-64.4,-90.3,-85.6,  2,  4, 0.00,239,10.8
2026-05-25 11:56:10,-101.9823,31.8594,  86.4,17384,-64.4,-90.3,-85.6,  2,  4, 0.00,239,10.8
2026-05-25 11:56:11,-101.9822,31.8595,  86.4,17389,-64.4,-90.4,-85.6,  2,  4, 0.00,239,10.8
2026-05-25 11:56:12,-101.9821,31.8595,  86.3,17394,-64.4,-90.4,-85.7,  2,  4, 0.00,239,10.9
2026-05-25 11:56:13,-101.9820,31.8596,  86.2,17399,-64.4,-90.4,-85.7,  2,  4, 0.00,240,10.9
2026-05-25 11:56:14,-101.9819,31.8596,  86.2,17404,-64.4,-90.4,-85.7,  2,  4, 0.00,241,10.9
2026-05-25 11:56:15,-101.9818,31.8597,  86.1,17409,-64.4,-90.4,-85.7,  2,  4, 0.00,241,10.9
2026-05-25 11:56:16,-101.9817,31.8597,  86.0,17414,-64.4,-90.4,-85.7,  2,  3, 0.00,242,10.9
2026-05-25 11:56:17,-101.9816,31.8597,  86.0,17418,-64.4,-90.5,-85.7,  2,  3, 0.00,242,10.8
2026-05-25 11:56:18,-101.9815,31.8598,  85.9,17423,-64.4,-90.5,-85.7,  2,  3, 0.00,243,10.8
2026-05-25 11:56:19,-101.9813,31.8598,  85.8,17428,-64.4,-90.5,-85.7,  2,  3, 0.00,244,10.8
2026-05-25 11:56:20,-101.9812,31.8598,  85.8,17432,-64.4,-90.5,-85.7,  2,  3, 0.00,244,10.8
2026-05-25 11:56:21,-101.9811,31.8598,  85.7,17437,-64.4,-90.5,-85.7,  2,  3, 0.00,245,10.8
2026-05-25 11:56:22,-101.9810,31.8598,  85.6,17441,-64.4,-90.5,-85.7,  2,  3, 0.00,246,10.8
2026-05-25 11:56:23,-101.9809,31.8599,  85.6,17446,-64.4,-90.5,-85.7,  2,  3, 0.00,246,10.8
2026-05-25 11:56:24,-101.9808,31.8599,  85.5,17450,-64.4,-90.5,-85.8,  2,  3, 0.00,247,10.9
2026-05-25 11:56:25,-101.9807,31.8599,  85.5,17454,-64.4,-90.5,-85.8,  2,  3, 0.00,248,10.9
2026-05-25 11:56:26,-101.9806,31.8599,  85.4,17459,-64.4,-90.5,-85.8,  2,  3, 0.00,248,10.9
2026-05-25 11:56:27,-101.9805,31.8599,  85.3,17463,-64.4,-90.5,-85.8,  2,  3, 0.00,249,10.9
2026-05-25 11:56:28,-101.9803,31.8600,  85.3,17468,-64.4,-90.5,-85.7,  2,  3, 0.00,249,10.9
2026-05-25 11:56:29,-101.9802,31.8600,  85.2,17473,-64.3,-90.5,-85.7,  2,  3, 0.00,250,10.9
2026-05-25 11:56:30,-101.9801,31.8600,  85.1,17477,-64.3,-90.5,-85.7,  2,  3, 0.00,251,10.9
2026-05-25 11:56:31,-101.9800,31.8600,  85.1,17482,-64.3,-90.5,-85.7,  2,  3, 0.00,251,10.9
2026-05-25 11:56:32,-101.9799,31.8600,  85.0,17486,-64.3,-90.4,-85.7,  2,  3, 0.00,252,10.9
2026-05-25 11:56:33,-101.9798,31.8601,  84.9,17491,-64.3,-90.4,-85.7,  2,  3, 0.00,253,10.9
2026-05-25 11:56:34,-101.9797,31.8601,  84.9,17496,-64.3,-90.4,-85.7,  2,  3, 0.00,253,10.9
2026-05-25 11:56:35,-101.9796,31.8601,  84.8,17500,-64.2,-90.4,-85.7,  2,  3, 0.00,254,10.9
2026-05-25 11:56:36,-101.9795,31.8601,  84.7,17505,-64.2,-90.4,-85.6,  2,  3, 0.00,254,10.8
2026-05-25 11:56:37,-101.9793,31.8601,  84.7,17510,-64.2,-90.4,-85.6,  2,  3, 0.00,255,10.8
2026-05-25 11:56:38,-101.9792,31.8602,  84.6,17514,-64.2,-90.4,-85.6,  2,  3, 0.00,256,10.8
2026-05-25 11:56:39,-101.9791,31.8602,  84.6,17519,-64.2,-90.4,-85.6,  2,  3, 0.00,256,10.8
2026-05-25 11:56:40,-101.9790,31.8602,  84.5,17524,-64.2,-90.4,-85.6,  2,  3, 0.00,257,10.8
2026-05-25 11:56:41,-101.9789,31.8602,  84.4,17529,-64.1,-90.3,-85.6,  2,  3, 0.00,258,10.8
2026-05-25 11:56:42,-101.9788,31.8602,  84.4,17533,-64.1,-90.3,-85.6,  2,  3, 0.00,258,10.8
2026-05-25 11:56:43,-101.9787,31.8603,  84.3,17538,-64.1,-90.3,-85.6,  2,  3, 0.00,259,10.8
2026-05-25 11:56:44,-101.9786,31.8603,  84.2,17543,-64.1,-90.3,-85.6,  2,  3, 0.00,260,10.7
2026-05-25 11:56:45,-101.9785,31.8603,  84.2,17548,-64.1,-90.3,-85.6,  2,  3, 0.00,260,10.7
2026-05-25 11:56:46,-101.9784,31.8603,  84.1,17552,-64.1,-90.3,-85.6,  2,  3, 0.00,261,10.7
2026-05-25 11:56:47,-101.9782,31.8603,  84.0,17557,-64.1,-90.3,-85.6,  2,  3, 0.00,262,10.7
2026-05-25 11:56:48,-101.9781,31.8603,  84.0,17562,-64.1,-90.3,-85.6,  2,  3, 0.00,262,10.7
2026-05-25 11:56:49,-101.9780,31.8602,  83.9,17567,-64.0,-90.3,-85.6,  2,  3, 0.00,263,10.7
2026-05-25 11:56:50,-101.9779,31.8602,  83.8,17572,-64.0,-90.3,-85.5,  2,  3, 0.00,264,10.7
2026-05-25 11:56:51,-101.9778,31.8602,  83.8,17577,-64.0,-90.3,-85.5,  2,  3, 0.00,264,10.7
2026-05-25 11:56:52,-101.9777,31.8602,  83.7,17583,-64.0,-90.3,-85.5,  2,  3, 0.00,265,10.7
2026-05-25 11:56:53,-101.9776,31.8602,  83.6,17587,-64.0,-90.3,-85.5,  2,  3, 0.00,266,10.7
2026-05-25 11:56:54,-101.9775,31.8602,  83.6,17592,-64.0,-90.3,-85.5,  2,  3, 0.00,267,10.7
2026-05-25 11:56:55,-101.9774,31.8601,  83.5,17596,-64.0,-90.2,-85.5,  2,  3, 0.00,267,10.7
2026-05-25 11:56:56,-101.9773,31.8601,  83.4,17601,-64.0,-90.2,-85.5,  2,  3, 0.00,268,10.7
2026-05-25 11:56:57,-101.9772,31.8601,  83.4,17606,-64.0,-90.2,-85.5,  2,  3, 0.00,269,10.7
2026-05-25 11:56:58,-101.9770,31.8601,  83.3,17610,-64.0,-90.2,-85.5,  2,  3, 0.00,270,10.7
2026-05-25 11:56:59,-101.9769,31.8601,  83.2,17615,-64.0,-90.2,-85.4,  2,  3, 0.00,271,10.7
2026-05-25 11:57:00,-101.9768,31.8601,  83.2,17620,-63.9,-90.2,-85.4,  2,  3, 0.00,272,10.7
2026-05-25 11:57:01,-101.9767,31.8601,  83.1,17625,-63.9,-90.2,-85.4,  2,  3, 0.00,272,10.7
2026-05-25 11:57:02,-101.9766,31.8600,  83.0,17630,-63.9,-90.2,-85.4,  2,  3, 0.00,273,10.7
2026-05-25 11:57:03,-101.9765,31.8600,  83.0,17635,-63.9,-90.1,-85.4,  2,  3, 0.00,274,10.7
2026-05-25 11:57:04,-101.9764,31.8600,  82.9,17640,-63.9,-90.1,-85.4,  2,  3, 0.00,275,10.7
2026-05-25 11:57:05,-101.9763,31.8600,  82.8,17645,-63.9,-90.1,-85.4,  2,  3, 0.00,276,10.7
2026-05-25 11:57:06,-101.9762,31.8600,  82.8,17649,-63.9,-90.1,-85.4,  2,  3, 0.00,276,10.7
2026-05-25 11:57:07,-101.9761,31.8600,  82.7,17654,-63.9,-90.1,-85.3,  2,  3, 0.00,277,10.7
2026-05-25 11:57:08,-101.9760,31.8600,  82.6,17659,-63.9,-90.1,-85.3,  2,  3, 0.00,278,10.8
2026-05-25 11:57:09,-101.9758,31.8599,  82.6,17664,-63.9,-90.1,-85.3,  2,  3, 0.00,279,10.8
2026-05-25 11:57:10,-101.9757,31.8599,  82.5,17668,-63.9,-90.1,-85.3,  2,  3, 0.00,280,10.8
2026-05-25 11:57:11,-101.9756,31.8599,  82.4,17673,-63.9,-90.1,-85.3,  2,  3, 0.00,280,10.8
2026-05-25 11:57:12,-101.9755,31.8599,  82.4,17678,-63.9,-90.1,-85.3,  2,  3, 0.00,281,10.9
2026-05-25 11:57:13,-101.9754,31.8599,  82.3,17683,-63.9,-90.1,-85.3,  2,  3, 0.00,281,10.7
2026-05-25 11:57:14,-101.9753,31.8599,  82.2,17688,-63.9,-90.1,-85.3,  2,  3, 0.00,282,10.6
2026-05-25 11:57:15,-101.9752,31.8599,  82.2,17693,-63.9,-90.0,-85.3,  2,  3, 0.00,282,10.5
2026-05-25 11:57:16,-101.9751,31.8598,  82.1,17698,-63.9,-90.0,-85.3,  2,  3, 0.00,282,10.4
2026-05-25 11:57:17,-101.9750,31.8598,  82.0,17703,-63.8,-90.0,-85.3,  2,  3, 0.00,282,10.3
2026-05-25 11:57:18,-101.9749,31.8598,  82.0,17708,-63.8,-90.0,-85.3,  2,  3, 0.00,283,10.1
2026-05-25 11:57:19,-101.9749,31.8598,  81.9,17713,-63.8,-90.0,-85.3,  2,  3, 0.00,283,10.0
2026-05-25 11:57:20,-101.9748,31.8598,  81.8,17718,-63.8,-90.0,-85.3,  2,  3, 0.00,283, 9.9
2026-05-25 11:57:21,-101.9747,31.8597,  81.8,17723,-63.8,-90.0,-85.3,  2,  3, 0.00,284, 9.8
2026-05-25 11:57:22,-101.9747,31.8597,  81.7,17728,-63.8,-90.0,-85.3,  2,  3, 0.00,284, 9.7
2026-05-25 11:57:23,-101.9746,31.8597,  81.6,17733,-63.8,-90.0,-85.3,  2,  3, 0.00,284, 9.6
2026-05-25 11:57:24,-101.9745,31.8597,  81.6,17739,-63.8,-90.0,-85.3,  2,  3, 0.00,284, 9.4
2026-05-25 11:57:25,-101.9744,31.8597,  81.5,17744,-63.8,-90.0,-85.3,  2,  3, 0.00,285, 9.3
2026-05-25 11:57:26,-101.9744,31.8596,  81.4,17749,-63.8,-90.0,-85.3,  2,  3, 0.00,285, 9.2
2026-05-25 11:57:27,-101.9743,31.8596,  81.4,17754,-63.8,-90.0,-85.3,  2,  3, 0.00,285, 9.1
2026-05-25 11:57:28,-101.9742,31.8596,  81.3,17759,-63.8,-90.1,-85.3,  2,  3, 0.00,286, 9.0
2026-05-25 11:57:29,-101.9742,31.8596,  81.2,17764,-63.8,-90.1,-85.3,  2,  3, 0.00,286, 8.9
2026-05-25 11:57:30,-101.9741,31.8596,  81.2,17769,-63.8,-90.1,-85.3,  2,  3, 0.00,286, 8.7
2026-05-25 11:57:31,-101.9740,31.8595,  81.1,17775,-63.7,-90.1,-85.3,  2,  3, 0.00,287, 8.6
2026-05-25 11:57:32,-101.9739,31.8595,  81.0,17780,-63.7,-90.1,-85.3,  2,  3, 0.00,287, 8.5
2026-05-25 11:57:33,-101.9739,31.8595,  81.0,17785,-63.7,-90.1,-85.3,  2,  3, 0.00,287, 8.4
2026-05-25 11:57:34,-101.9738,31.8595,  80.9,17790,-63.7,-90.0,-85.3,  2,  3, 0.00,287, 8.2
2026-05-25 11:57:35,-101.9737,31.8595,  80.8,17795,-63.7,-90.0,-85.3,  2,  3, 0.00,287, 8.1
2026-05-25 11:57:36,-101.9737,31.8594,  80.8,17801,-63.7,-90.0,-85.3,  2,  3, 0.00,287, 8.0
2026-05-25 11:57:37,-101.9736,31.8594,  80.7,17806,-63.7,-90.0,-85.3,  2,  3, 0.00,287, 7.8
2026-05-25 11:57:38,-101.9735,31.8594,  80.6,17811,-63.7,-90.0,-85.2,  2,  3, 0.00,288, 7.7
2026-05-25 11:57:39,-101.9734,31.8594,  80.6,17816,-63.7,-90.0,-85.2,  2,  3, 0.00,288, 7.6
2026-05-25 11:57:40,-101.9734,31.8594,  80.5,17821,-63.7,-90.0,-85.2,  2,  3, 0.00,288, 7.4
2026-05-25 11:57:41,-101.9733,31.8593,  80.4,17826,-63.7,-90.0,-85.2,  2,  3, 0.00,288, 7.3
2026-05-25 11:57:42,-101.9732,31.8593,  80.4,17831,-63.7,-89.9,-85.2,  2,  3, 0.00,288, 7.2
2026-05-25 11:57:43,-101.9732,31.8593,  80.3,17836,-63.7,-89.9,-85.2,  2,  3, 0.00,288, 7.0
2026-05-25 11:57:44,-101.9731,31.8593,  80.2,17841,-63.7,-89.9,-85.2,  2,  3, 0.00,288, 6.9
2026-05-25 11:57:45,-101.9730,31.8593,  80.2,17846,-63.6,-89.9,-85.2,  2,  3, 0.00,288, 6.8
2026-05-25 11:57:46,-101.9729,31.8592,  80.1,17851,-63.6,-89.9,-85.1,  2,  3, 0.00,288, 6.6
2026-05-25 11:57:47,-101.9729,31.8592,  80.0,17856,-63.6,-89.9,-85.1,  2,  3, 0.00,288, 6.5
2026-05-25 11:57:48,-101.9728,31.8592,  80.0,17861,-63.6,-89.9,-85.1,  2,  3, 0.00,288, 6.3
2026-05-25 11:57:49,-101.9728,31.8592,  79.9,17866,-63.6,-89.8,-85.1,  2,  3, 0.00,288, 6.2
2026-05-25 11:57:50,-101.9727,31.8592,  79.8,17871,-63.6,-89.8,-85.1,  2,  3, 0.00,288, 6.1
2026-05-25 11:57:51,-101.9727,31.8592,  79.8,17876,-63.6,-89.8,-85.1,  2,  3, 0.00,288, 5.9
2026-05-25 11:57:52,-101.9726,31.8592,  79.7,17881,-63.6,-89.8,-85.1,  2,  4, 0.00,289, 5.8
2026-05-25 11:57:53,-101.9725,31.8592,  79.6,17886,-63.6,-89.8,-85.0,  2,  4, 0.00,288, 5.8
2026-05-25 11:57:54,-101.9725,31.8592,  79.6,17891,-63.6,-89.8,-85.0,  2,  4, 0.00,287, 5.8
2026-05-25 11:57:55,-101.9724,31.8592,  79.5,17896,-63.6,-89.8,-85.0,  2,  4, 0.00,286, 5.7
2026-05-25 11:57:56,-101.9724,31.8592,  79.4,17901,-63.5,-89.7,-85.0,  2,  4, 0.00,286, 5.7
2026-05-25 11:57:57,-101.9723,31.8592,  79.4,17907,-63.5,-89.7,-85.0,  2,  4, 0.00,285, 5.7
2026-05-25 11:57:58,-101.9723,31.8592,  79.3,17912,-63.5,-89.7,-85.0,  2,  4, 0.00,284, 5.7
2026-05-25 11:57:59,-101.9722,31.8592,  79.2,17917,-63.5,-89.7,-85.0,  2,  4, 0.00,284, 5.7
2026-05-25 11:58:00,-101.9722,31.8592,  79.2,17922,-63.5,-89.7,-85.0,  2,  4, 0.00,283, 5.7
2026-05-25 11:58:01,-101.9721,31.8592,  79.1,17927,-63.5,-89.7,-85.0,  2,  4, 0.00,282, 5.7
2026-05-25 11:58:02,-101.9720,31.8592,  79.0,17933,-63.5,-89.7,-85.0,  2,  4, 0.00,281, 5.6
2026-05-25 11:58:03,-101.9720,31.8592,  79.0,17938,-63.5,-89.7,-85.0,  2,  4, 0.00,281, 5.6
2026-05-25 11:58:04,-101.9719,31.8592,  78.9,17944,-63.5,-89.7,-85.0,  2,  3, 0.00,280, 5.6
2026-05-25 11:58:05,-101.9719,31.8592,  78.8,17949,-63.5,-89.8,-85.0,  2,  3, 0.00,279, 5.6
2026-05-25 11:58:06,-101.9718,31.8592,  78.8,17954,-63.5,-89.8,-85.0,  2,  3, 0.00,278, 5.6
2026-05-25 11:58:07,-101.9718,31.8592,  78.7,17960,-63.5,-89.8,-85.0,  2,  3, 0.00,278, 5.6
2026-05-25 11:58:08,-101.9717,31.8592,  78.6,17965,-63.5,-89.8,-85.0,  2,  3, 0.00,277, 5.6
2026-05-25 11:58:09,-101.9716,31.8592,  78.6,17970,-63.5,-89.8,-85.0,  2,  3, 0.00,276, 5.6
2026-05-25 11:58:10,-101.9716,31.8592,  78.5,17976,-63.5,-89.8,-85.1,  2,  3, 0.00,275, 5.6
2026-05-25 11:58:11,-101.9715,31.8592,  78.4,17981,-63.5,-89.8,-85.1,  2,  3, 0.00,274, 5.6
2026-05-25 11:58:12,-101.9715,31.8592,  78.4,17986,-63.5,-89.8,-85.1,  2,  3, 0.00,274, 5.6
2026-05-25 11:58:13,-101.9714,31.8592,  78.3,17991,-63.5,-89.8,-85.1,  2,  3, 0.00,273, 5.5
2026-05-25 11:58:14,-101.9714,31.8592,  78.2,17997,-63.5,-89.8,-85.1,  2,  3, 0.00,272, 5.5
2026-05-25 11:58:15,-101.9713,31.8592,  78.2,18001,-63.5,-89.8,-85.1,  2,  3, 0.00,271, 5.5
2026-05-25 11:58:16,-101.9713,31.8592,  78.1,18006,-63.5,-89.8,-85.1,  2,  3, 0.00,270, 5.5
2026-05-25 11:58:17,-101.9712,31.8592,  78.0,18011,-63.5,-89.8,-85.1,  2,  3, 0.00,269, 5.5
2026-05-25 11:58:18,-101.9711,31.8592,  78.0,18016,-63.5,-89.8,-85.1,  2,  3, 0.00,268, 5.5
2026-05-25 11:58:19,-101.9711,31.8592,  77.9,18021,-63.5,-89.8,-85.1,  2,  3, 0.00,267, 5.5
2026-05-25 11:58:20,-101.9710,31.8592,  77.8,18026,-63.5,-89.8,-85.1,  2,  3, 0.00,266, 5.5
2026-05-25 11:58:21,-101.9710,31.8592,  77.8,18031,-63.5,-89.8,-85.1,  2,  3, 0.00,265, 5.5
2026-05-25 11:58:22,-101.9709,31.8592,  77.7,18036,-63.5,-89.8,-85.1,  2,  3, 0.00,265, 5.5
2026-05-25 11:58:23,-101.9709,31.8593,  77.6,18042,-63.6,-89.8,-85.1,  2,  3, 0.00,264, 5.5
2026-05-25 11:58:24,-101.9708,31.8593,  77.6,18047,-63.6,-89.8,-85.1,  2,  3, 0.00,263, 5.5
2026-05-25 11:58:25,-101.9708,31.8593,  77.5,18052,-63.6,-89.8,-85.1,  2,  3, 0.00,262, 5.4
2026-05-25 11:58:26,-101.9707,31.8593,  77.4,18057,-63.6,-89.8,-85.1,  2,  3, 0.00,261, 5.4
2026-05-25 11:58:27,-101.9707,31.8593,  77.4,18062,-63.6,-89.8,-85.1,  2,  3, 0.00,260, 5.4
2026-05-25 11:58:28,-101.9706,31.8593,  77.3,18067,-63.6,-89.8,-85.1,  2,  3, 0.00,259, 5.4
2026-05-25 11:58:29,-101.9706,31.8593,  77.3,18073,-63.6,-89.8,-85.1,  2,  4, 0.00,258, 5.4
2026-05-25 11:58:30,-101.9705,31.8594,  77.2,18078,-63.6,-89.8,-85.1,  2,  4, 0.00,257, 5.4
2026-05-25 11:58:31,-101.9705,31.8594,  77.1,18083,-63.6,-89.8,-85.0,  2,  4, 0.00,256, 5.4
2026-05-25 11:58:32,-101.9704,31.8594,  77.1,18088,-63.6,-89.8,-85.0,  2,  4, 0.00,255, 5.4
2026-05-25 11:58:33,-101.9704,31.8594,  77.0,18093,-63.6,-89.8,-85.0,  2,  4, 0.00,255, 5.4
2026-05-25 11:58:34,-101.9703,31.8594,  76.9,18099,-63.6,-89.8,-85.0,  2,  4, 0.00,255, 5.3
2026-05-25 11:58:35,-101.9703,31.8594,  76.9,18104,-63.6,-89.8,-85.0,  2,  4, 0.00,254, 5.3
2026-05-25 11:58:36,-101.9702,31.8594,  76.8,18109,-63.6,-89.8,-85.0,  2,  4, 0.00,254, 5.3
2026-05-25 11:58:37,-101.9702,31.8595,  76.7,18114,-63.6,-89.8,-85.0,  2,  4, 0.00,254, 5.3
2026-05-25 11:58:38,-101.9701,31.8595,  76.7,18119,-63.6,-89.7,-85.0,  2,  4, 0.00,254, 5.2
2026-05-25 11:58:39,-101.9700,31.8595,  76.6,18124,-63.6,-89.7,-85.0,  2,  4, 0.00,253, 5.2
2026-05-25 11:58:40,-101.9700,31.8595,  76.5,18129,-63.6,-89.7,-85.0,  2,  4, 0.00,253, 5.2
2026-05-25 11:58:41,-101.9699,31.8595,  76.5,18135,-63.6,-89.7,-85.0,  2,  4, 0.00,253, 5.1
2026-05-25 11:58:42,-101.9699,31.8595,  76.4,18140,-63.6,-89.7,-85.0,  2,  4, 0.00,252, 5.1
2026-05-25 11:58:43,-101.9698,31.8595,  76.3,18145,-63.6,-89.7,-85.0,  2,  4, 0.00,252, 5.1
2026-05-25 11:58:44,-101.9698,31.8595,  76.3,18151,-63.6,-89.7,-85.0,  2,  4, 0.00,252, 5.1
2026-05-25 11:58:45,-101.9697,31.8596,  76.2,18156,-63.6,-89.7,-85.0,  2,  4, 0.00,252, 5.1
2026-05-25 11:58:46,-101.9697,31.8596,  76.1,18162,-63.6,-89.7,-84.9,  2,  4, 0.00,251, 5.0
2026-05-25 11:58:47,-101.9696,31.8596,  76.1,18167,-63.6,-89.7,-84.9,  2,  4, 0.00,251, 5.0
2026-05-25 11:58:48,-101.9696,31.8596,  76.0,18172,-63.6,-89.7,-84.9,  2,  4, 0.00,251, 5.0
2026-05-25 11:58:49,-101.9696,31.8596,  75.9,18177,-63.6,-89.7,-84.9,  2,  4, 0.00,251, 5.0
2026-05-25 11:58:50,-101.9695,31.8596,  75.9,18182,-63.6,-89.7,-84.9,  2,  4, 0.00,250, 4.9
2026-05-25 11:58:51,-101.9695,31.8597,  75.8,18187,-63.6,-89.7,-84.9,  2,  4, 0.00,250, 4.9
2026-05-25 11:58:52,-101.9695,31.8597,  75.8,18192,-63.5,-89.7,-84.9,  2,  4, 0.00,250, 4.9
2026-05-25 11:58:53,-101.9694,31.8597,  75.7,18197,-63.5,-89.6,-84.9,  2,  4, 0.00,249, 4.8
2026-05-25 11:58:54,-101.9694,31.8597,  75.6,18202,-63.5,-89.6,-84.9,  2,  4, 0.00,248, 4.7
2026-05-25 11:58:55,-101.9694,31.8597,  75.6,18207,-63.5,-89.6,-84.9,  2,  4, 0.00,247, 4.7
2026-05-25 11:58:56,-101.9693,31.8598,  75.5,18212,-63.6,-89.6,-84.9,  2,  4, 0.00,247, 4.6
2026-05-25 11:58:57,-101.9693,31.8598,  75.4,18217,-63.6,-89.6,-84.9,  2,  4, 0.00,246, 4.5
2026-05-25 11:58:58,-101.9693,31.8598,  75.4,18222,-63.6,-89.7,-84.9,  2,  4, 0.00,245, 4.5
2026-05-25 11:58:59,-101.9692,31.8598,  75.3,18228,-63.6,-89.7,-84.9,  2,  4, 0.00,244, 4.5
2026-05-25 11:59:00,-101.9692,31.8598,  75.3,18233,-63.6,-89.7,-84.9,  2,  4, 0.00,243, 4.4
2026-05-25 11:59:01,-101.9692,31.8599,  75.2,18239,-63.6,-89.7,-84.9,  2,  4, 0.00,242, 4.3
2026-05-25 11:59:02,-101.9691,31.8599,  75.1,18244,-63.6,-89.7,-84.9,  2,  4, 0.00,242, 4.3
2026-05-25 11:59:03,-101.9691,31.8599,  75.1,18249,-63.6,-89.7,-84.9,  2,  4, 0.00,241, 4.2
2026-05-25 11:59:04,-101.9691,31.8599,  75.0,18255,-63.6,-89.7,-84.9,  2,  4, 0.00,240, 4.1
2026-05-25 11:59:05,-101.9690,31.8599,  74.9,18260,-63.6,-89.7,-84.9,  2,  4, 0.00,239, 4.1
2026-05-25 11:59:06,-101.9690,31.8600,  74.9,18265,-63.6,-89.7,-84.9,  2,  4, 0.00,238, 4.0
2026-05-25 11:59:07,-101.9690,31.8600,  74.8,18271,-63.6,-89.7,-84.9,  2,  4, 0.00,237, 4.0
2026-05-25 11:59:08,-101.9689,31.8600,  74.7,18276,-63.7,-89.7,-84.9,  2,  4, 0.00,235, 3.9
2026-05-25 11:59:09,-101.9689,31.8600,  74.7,18282,-63.7,-89.7,-85.0,  2,  4, 0.00,234, 3.8
2026-05-25 11:59:10,-101.9689,31.8600,  74.6,18287,-63.7,-89.7,-85.0,  2,  4, 0.00,233, 3.8
2026-05-25 11:59:11,-101.9688,31.8601,  74.5,18293,-63.7,-89.7,-85.0,  2,  4, 0.00,232, 3.7
2026-05-25 11:59:12,-101.9688,31.8601,  74.5,18298,-63.7,-89.7,-85.0,  2,  4, 0.00,231, 3.7
2026-05-25 11:59:13,-101.9688,31.8601,  74.4,18304,-63.7,-89.7,-85.0,  2,  4, 0.00,231, 3.7
2026-05-25 11:59:14,-101.9687,31.8601,  74.3,18309,-63.7,-89.7,-85.0,  2,  4, 0.00,232, 3.7
2026-05-25 11:59:15,-101.9687,31.8601,  74.3,18315,-63.7,-89.7,-85.0,  2,  4, 0.00,233, 3.7
2026-05-25 11:59:16,-101.9687,31.8601,  74.2,18320,-63.7,-89.7,-85.0,  2,  4, 0.00,233, 3.7
2026-05-25 11:59:17,-101.9686,31.8602,  74.1,18325,-63.7,-89.7,-85.0,  2,  4, 0.00,234, 3.8
2026-05-25 11:59:18,-101.9686,31.8602,  74.1,18330,-63.7,-89.8,-85.0,  2,  4, 0.00,234, 3.8
2026-05-25 11:59:19,-101.9686,31.8602,  74.0,18336,-63.7,-89.8,-85.0,  2,  4, 0.00,235, 3.8
2026-05-25 11:59:20,-101.9685,31.8602,  74.0,18340,-63.7,-89.8,-85.0,  2,  4, 0.00,236, 3.8
2026-05-25 11:59:21,-101.9685,31.8602,  73.9,18345,-63.8,-89.8,-85.0,  2,  4, 0.00,236, 3.9
2026-05-25 11:59:22,-101.9684,31.8602,  73.9,18348,-63.8,-89.8,-85.1,  2,  4, 0.00,237, 3.9
2026-05-25 11:59:23,-101.9684,31.8603,  73.8,18355,-63.8,-89.8,-85.1,  2,  4, 0.00,237, 3.9
2026-05-25 11:59:24,-101.9683,31.8603,  73.7,18360,-63.8,-89.8,-85.1,  2,  4, 0.00,238, 4.0
2026-05-25 11:59:25,-101.9683,31.8603,  73.7,18365,-63.7,-89.9,-85.1,  2,  4, 0.00,239, 4.0
2026-05-25 11:59:26,-101.9682,31.8603,  73.6,18369,-63.7,-89.9,-85.1,  2,  4, 0.00,239, 4.0
2026-05-25 11:59:27,-101.9682,31.8603,  73.6,18374,-63.7,-89.9,-85.1,  2,  4, 0.00,240, 4.0
2026-05-25 11:59:28,-101.9682,31.8603,  73.5,18379,-63.7,-89.9,-85.1,  2,  4, 0.00,240, 4.1
2026-05-25 11:59:29,-101.9681,31.8603,  73.4,18383,-63.7,-89.9,-85.2,  2,  4, 0.00,241, 4.1
2026-05-25 11:59:30,-101.9681,31.8604,  73.4,18388,-63.7,-89.9,-85.2,  2,  4, 0.00,241, 4.1
2026-05-25 11:59:31,-101.9680,31.8604,  73.3,18392,-63.7,-89.9,-85.2,  2,  3, 0.00,242, 4.2
2026-05-25 11:59:32,-101.9680,31.8604,  73.3,18397,-63.7,-90.0,-85.2,  2,  3, 0.00,242, 4.2
2026-05-25 11:59:33,-101.9679,31.8604,  73.2,18402,-63.7,-90.0,-85.2,  2,  3, 0.00,243, 4.2
2026-05-25 11:59:34,-101.9679,31.8604,  73.2,18407,-63.7,-90.0,-85.2,  2,  3, 0.00,243, 4.2
2026-05-25 11:59:35,-101.9679,31.8604,  73.1,18411,-63.7,-90.0,-85.2,  2,  3, 0.00,244, 4.3
2026-05-25 11:59:36,-101.9678,31.8604,  73.0,18416,-63.7,-90.0,-85.2,  2,  3, 0.00,245, 4.3
2026-05-25 11:59:37,-101.9678,31.8605,  73.0,18421,-63.7,-90.0,-85.2,  2,  3, 0.00,245, 4.3
2026-05-25 11:59:38,-101.9677,31.8605,  72.9,18426,-63.7,-90.0,-85.2,  2,  3, 0.00,246, 4.4
2026-05-25 11:59:39,-101.9677,31.8605,  72.9,18431,-63.7,-90.0,-85.2,  2,  3, 0.00,246, 4.4
2026-05-25 11:59:40,-101.9676,31.8605,  72.8,18436,-63.7,-90.0,-85.2,  2,  3, 0.00,247, 4.4
2026-05-25 11:59:41,-101.9676,31.8605,  72.7,18441,-63.7,-90.0,-85.2,  2,  3, 0.00,248, 4.5
2026-05-25 11:59:42,-101.9675,31.8605,  72.7,18446,-63.7,-90.0,-85.2,  2,  3, 0.00,248, 4.5
2026-05-25 11:59:43,-101.9675,31.8606,  72.6,18451,-63.7,-90.0,-85.2,  2,  3, 0.00,249, 4.5
2026-05-25 11:59:44,-101.9675,31.8606,  72.6,18455,-63.7,-89.9,-85.2,  2,  3, 0.00,249, 4.6
2026-05-25 11:59:45,-101.9674,31.8606,  72.5,18460,-63.7,-89.9,-85.2,  2,  3, 0.00,250, 4.6
2026-05-25 11:59:46,-101.9674,31.8606,  72.5,18465,-63.7,-89.9,-85.2,  2,  3, 0.00,250, 4.6
2026-05-25 11:59:47,-101.9673,31.8606,  72.4,18469,-63.7,-89.9,-85.2,  2,  3, 0.00,251, 4.7
2026-05-25 11:59:48,-101.9673,31.8606,  72.4,18474,-63.7,-89.9,-85.2,  2,  3, 0.00,251, 4.7
2026-05-25 11:59:49,-101.9673,31.8606,  72.3,18479,-63.6,-89.9,-85.2,  2,  3, 0.00,252, 4.7
2026-05-25 11:59:50,-101.9672,31.8606,  72.2,18483,-63.6,-89.9,-85.2,  2,  3, 0.00,252, 4.8
2026-05-25 11:59:51,-101.9672,31.8606,  72.2,18488,-63.6,-89.9,-85.1,  2,  3, 0.00,253, 4.8
2026-05-25 11:59:52,-101.9672,31.8606,  72.1,18493,-63.6,-89.9,-85.1,  2,  3, 0.00,253, 4.8
2026-05-25 11:59:53,-101.9671,31.8606,  72.1,18497,-63.6,-89.9,-85.1,  2,  3, 0.00,254, 4.7
2026-05-25 11:59:54,-101.9671,31.8606,  72.0,18502,-63.5,-89.9,-85.1,  2,  3, 0.00,254, 4.7
2026-05-25 11:59:55,-101.9670,31.8606,  72.0,18506,-63.5,-89.8,-85.1,  2,  3, 0.00,255, 4.6
2026-05-25 11:59:56,-101.9670,31.8606,  71.9,18511,-63.5,-89.8,-85.1,  2,  3, 0.00,255, 4.5
2026-05-25 11:59:57,-101.9670,31.8606,  71.9,18516,-63.5,-89.8,-85.1,  2,  3, 0.00,256, 4.4
2026-05-25 11:59:58,-101.9669,31.8606,  71.8,18520,-63.5,-89.8,-85.0,  2,  3, 0.00,257, 4.3
2026-05-25 11:59:59,-101.9669,31.8606,  71.8,18525,-63.4,-89.8,-85.0,  2,  3, 0.00,257, 4.2
2026-05-25 12:00:00,-101.9669,31.8607,  71.7,18530,-63.4,-89.8,-85.0,  2,  3, 0.00,258, 4.1
2026-05-25 12:00:01,-101.9668,31.8607,  71.7,18534,-63.4,-89.8,-85.0,  2,  3, 0.00,258, 4.0
2026-05-25 12:00:02,-101.9668,31.8607,  71.6,18539,-63.4,-89.7,-85.0,  2,  3, 0.00,259, 4.0
2026-05-25 12:00:03,-101.9668,31.8607,  71.5,18543,-63.4,-89.7,-85.0,  2,  3, 0.00,260, 3.9
2026-05-25 12:00:04,-101.9667,31.8607,  71.5,18548,-63.3,-89.7,-85.0,  2,  3, 0.00,261, 3.8
2026-05-25 12:00:05,-101.9667,31.8607,  71.4,18552,-63.3,-89.7,-84.9,  2,  3, 0.00,261, 3.7
2026-05-25 12:00:06,-101.9667,31.8607,  71.4,18557,-63.3,-89.7,-84.9,  2,  3, 0.00,262, 3.6
2026-05-25 12:00:07,-101.9666,31.8607,  71.3,18561,-63.3,-89.6,-84.9,  2,  3, 0.00,263, 3.5
2026-05-25 12:00:08,-101.9666,31.8607,  71.3,18566,-63.2,-89.6,-84.9,  2,  3, 0.00,264, 3.5
2026-05-25 12:00:09,-101.9666,31.8607,  71.2,18570,-63.2,-89.6,-84.9,  2,  3, 0.00,265, 3.4
2026-05-25 12:00:10,-101.9665,31.8607,  71.2,18575,-63.2,-89.6,-84.8,  2,  3, 0.00,266, 3.3
2026-05-25 12:00:11,-101.9665,31.8607,  71.1,18580,-63.2,-89.6,-84.8,  2,  3, 0.00,267, 3.2
2026-05-25 12:00:12,-101.9665,31.8607,  71.1,18584,-63.1,-89.6,-84.8,  2,  3, 0.00,268, 3.1
2026-05-25 12:00:13,-101.9664,31.8607,  71.0,18588,-63.1,-89.5,-84.8,  2,  3, 0.00,268, 3.1
2026-05-25 12:00:14,-101.9664,31.8607,  71.0,18593,-63.1,-89.5,-84.8,  2,  3, 0.00,268, 3.1
2026-05-25 12:00:15,-101.9664,31.8607,  70.9,18597,-63.1,-89.5,-84.8,  2,  3, 0.00,267, 3.1
2026-05-25 12:00:16,-101.9663,31.8607,  70.9,18602,-63.0,-89.5,-84.7,  2,  3, 0.00,267, 3.0
2026-05-25 12:00:17,-101.9663,31.8607,  70.8,18606,-63.0,-89.5,-84.7,  2,  3, 0.00,267, 3.0
2026-05-25 12:00:18,-101.9663,31.8607,  70.8,18610,-63.0,-89.5,-84.7,  2,  3, 0.00,267, 3.0
2026-05-25 12:00:19,-101.9662,31.8607,  70.7,18614,-63.0,-89.5,-84.7,  2,  3, 0.00,266, 2.9
2026-05-25 12:00:20,-101.9662,31.8607,  70.7,18618,-63.0,-89.5,-84.7,  2,  3, 0.00,266, 2.9
2026-05-25 12:00:21,-101.9662,31.8607,  70.6,18623,-63.0,-89.4,-84.7,  2,  3, 0.00,266, 2.9
2026-05-25 12:00:22,-101.9661,31.8607,  70.6,18627,-63.0,-89.4,-84.7,  2,  3, 0.00,265, 2.9
2026-05-25 12:00:23,-101.9661,31.8607,  70.5,18631,-63.0,-89.4,-84.7,  2,  3, 0.00,265, 2.8
2026-05-25 12:00:24,-101.9661,31.8607,  70.5,18635,-63.0,-89.4,-84.7,  2,  3, 0.00,265, 2.8
2026-05-25 12:00:25,-101.9660,31.8607,  70.4,18639,-62.9,-89.4,-84.7,  2,  3, 0.00,264, 2.8
2026-05-25 12:00:26,-101.9660,31.8608,  70.4,18643,-62.9,-89.4,-84.6,  2,  3, 0.00,264, 2.8
2026-05-25 12:00:27,-101.9660,31.8608,  70.3,18647,-62.9,-89.4,-84.6,  2,  3, 0.00,264, 2.7
2026-05-25 12:00:28,-101.9659,31.8608,  70.3,18651,-62.9,-89.4,-84.6,  2,  3, 0.00,263, 2.7
2026-05-25 12:00:29,-101.9659,31.8608,  70.3,18655,-62.9,-89.4,-84.6,  2,  3, 0.00,263, 2.7
2026-05-25 12:00:30,-101.9658,31.8608,  70.2,18660,-62.9,-89.4,-84.6,  2,  3, 0.00,263, 2.6
2026-05-25 12:00:31,-101.9658,31.8608,  70.2,18664,-62.9,-89.3,-84.6,  2,  3, 0.00,262, 2.6
2026-05-25 12:00:32,-101.9658,31.8608,  70.1,18668,-62.9,-89.3,-84.6,  2,  3, 0.00,262, 2.6
2026-05-25 12:00:33,-101.9657,31.8608,  70.1,18672,-62.9,-89.3,-84.6,  2,  3, 0.00,261, 2.7
2026-05-25 12:00:34,-101.9657,31.8608,  70.0,18675,-62.8,-89.3,-84.5,  2,  3, 0.00,261, 2.7
2026-05-25 12:00:35,-101.9657,31.8608,  70.0,18678,-62.8,-89.3,-84.5,  2,  3, 0.00,260, 2.8
2026-05-25 12:00:36,-101.9656,31.8608,  69.9,18683,-62.8,-89.3,-84.5,  2,  3, 0.00,259, 2.9
2026-05-25 12:00:37,-101.9656,31.8608,  69.9,18687,-62.8,-89.3,-84.5,  2,  3, 0.00,259, 2.9
2026-05-25 12:00:38,-101.9656,31.8609,  69.9,18690,-62.8,-89.2,-84.5,  2,  3, 0.00,258, 3.0
2026-05-25 12:00:39,-101.9655,31.8609,  69.8,18694,-62.8,-89.2,-84.5,  2,  3, 0.00,258, 3.1
2026-05-25 12:00:40,-101.9655,31.8609,  69.8,18698,-62.8,-89.2,-84.5,  2,  3, 0.00,257, 3.1
2026-05-25 12:00:41,-101.9655,31.8609,  69.7,18702,-62.8,-89.2,-84.5,  2,  3, 0.00,257, 3.2
2026-05-25 12:00:42,-101.9654,31.8609,  69.7,18705,-62.7,-89.2,-84.5,  2,  3, 0.00,256, 3.3
2026-05-25 12:00:43,-101.9654,31.8609,  69.6,18709,-62.7,-89.2,-84.5,  2,  3, 0.00,256, 3.3
2026-05-25 12:00:44,-101.9654,31.8609,  69.6,18713,-62.7,-89.2,-84.5,  2,  3, 0.00,255, 3.4
2026-05-25 12:00:45,-101.9653,31.8609,  69.6,18716,-62.7,-89.2,-84.4,  2,  3, 0.00,255, 3.5
2026-05-25 12:00:46,-101.9653,31.8609,  69.5,18720,-62.6,-89.2,-84.4,  2,  3, 0.00,255, 3.5
2026-05-25 12:00:47,-101.9652,31.8609,  69.5,18723,-62.6,-89.2,-84.4,  2,  3, 0.00,254, 3.6
2026-05-25 12:00:48,-101.9652,31.8609,  69.4,18727,-62.6,-89.2,-84.4,  2,  3, 0.00,254, 3.7
2026-05-25 12:00:49,-101.9652,31.8609,  69.4,18731,-62.6,-89.2,-84.4,  2,  3, 0.00,254, 3.7
2026-05-25 12:00:50,-101.9651,31.8609,  69.4,18734,-62.5,-89.2,-84.4,  2,  3, 0.00,253, 3.8
2026-05-25 12:00:51,-101.9651,31.8610,  69.3,18737,-62.5,-89.2,-84.4,  2,  3, 0.00,253, 3.9
2026-05-25 12:00:52,-101.9651,31.8610,  69.3,18741,-62.5,-89.2,-84.4,  2,  3, 0.00,253, 3.9
2026-05-25 12:00:53,-101.9650,31.8609,  69.3,18744,-62.4,-89.2,-84.4,  2,  3, 0.00,254, 3.9
2026-05-25 12:00:54,-101.9650,31.8609,  69.2,18747,-62.4,-89.1,-84.4,  2,  3, 0.00,255, 3.9
2026-05-25 12:00:55,-101.9650,31.8609,  69.2,18750,-62.4,-89.1,-84.4,  2,  3, 0.00,256, 3.9
2026-05-25 12:00:56,-101.9649,31.8609,  69.1,18753,-62.4,-89.1,-84.3,  2,  3, 0.00,257, 3.9
2026-05-25 12:00:57,-101.9649,31.8609,  69.1,18757,-62.3,-89.1,-84.3,  2,  3, 0.00,258, 4.0
2026-05-25 12:00:58,-101.9649,31.8609,  69.1,18760,-62.3,-89.1,-84.3,  2,  3, 0.00,259, 4.0
2026-05-25 12:00:59,-101.9648,31.8609,  69.0,18763,-62.3,-89.0,-84.3,  2,  3, 0.00,260, 4.0
2026-05-25 12:01:00,-101.9648,31.8609,  69.0,18767,-62.2,-89.0,-84.3,  2,  3, 0.00,261, 4.0
2026-05-25 12:01:01,-101.9648,31.8608,  69.0,18770,-62.2,-89.0,-84.2,  2,  3, 0.00,262, 4.0
2026-05-25 12:01:02,-101.9647,31.8608,  68.9,18773,-62.2,-89.0,-84.2,  2,  3, 0.00,263, 4.0
2026-05-25 12:01:03,-101.9647,31.8608,  68.9,18776,-62.1,-88.9,-84.2,  2,  3, 0.00,263, 4.0
2026-05-25 12:01:04,-101.9647,31.8608,  68.9,18779,-62.1,-88.9,-84.2,  2,  3, 0.00,264, 4.0
2026-05-25 12:01:05,-101.9646,31.8608,  68.8,18783,-62.1,-88.9,-84.1,  2,  3, 0.00,265, 4.0
2026-05-25 12:01:06,-101.9646,31.8608,  68.8,18786,-62.0,-88.9,-84.1,  2,  3, 0.00,266, 4.0
2026-05-25 12:01:07,-101.9646,31.8608,  68.8,18788,-62.0,-88.9,-84.1,  2,  3, 0.00,267, 4.0
2026-05-25 12:01:08,-101.9645,31.8608,  68.7,18792,-62.0,-88.8,-84.0,  2,  3, 0.00,268, 4.0
2026-05-25 12:01:09,-101.9645,31.8607,  68.7,18796,-61.9,-88.8,-84.0,  2,  3, 0.00,269, 4.0
2026-05-25 12:01:10,-101.9644,31.8607,  68.6,18799,-61.9,-88.7,-84.0,  2,  3, 0.00,270, 4.0
2026-05-25 12:01:11,-101.9644,31.8607,  68.6,18803,-61.9,-88.7,-83.9,  2,  3, 0.00,271, 4.0
2026-05-25 12:01:12,-101.9644,31.8607,  68.6,18806,-61.8,-88.7,-83.9,  2,  3, 0.00,272, 4.1
2026-05-25 12:01:13,-101.9643,31.8607,  68.5,18810,-61.8,-88.6,-83.9,  2,  3, 0.00,275, 4.1
2026-05-25 12:01:14,-101.9643,31.8607,  68.5,18814,-61.8,-88.6,-83.8,  2,  3, 0.00,278, 4.1
2026-05-25 12:01:15,-101.9643,31.8607,  68.4,18818,-61.7,-88.6,-83.8,  2,  3, 0.00,281, 4.1
2026-05-25 12:01:16,-101.9642,31.8607,  68.4,18822,-61.7,-88.5,-83.8,  2,  3, 0.00,284, 4.1
2026-05-25 12:01:17,-101.9642,31.8606,  68.3,18826,-61.7,-88.5,-83.7,  2,  3, 0.00,288, 4.1
2026-05-25 12:01:18,-101.9642,31.8606,  68.3,18830,-61.7,-88.5,-83.7,  2,  3, 0.00,291, 4.1
2026-05-25 12:01:19,-101.9641,31.8606,  68.2,18834,-61.6,-88.4,-83.7,  2,  3, 0.00,295, 4.1
2026-05-25 12:01:20,-101.9641,31.8606,  68.2,18838,-61.6,-88.4,-83.6,  2,  3, 0.00,299, 4.1
2026-05-25 12:01:21,-101.9641,31.8606,  68.2,18842,-61.6,-88.4,-83.6,  2,  3, 0.00,303, 4.1
2026-05-25 12:01:22,-101.9640,31.8606,  68.1,18847,-61.5,-88.3,-83.6,  2,  3, 0.00,306, 4.1
2026-05-25 12:01:23,-101.9640,31.8605,  68.1,18851,-61.5,-88.3,-83.5,  2,  3, 0.00,310, 4.1
2026-05-25 12:01:24,-101.9640,31.8605,  68.0,18855,-61.5,-88.3,-83.5,  2,  3, 0.00,314, 4.1
2026-05-25 12:01:25,-101.9641,31.8604,  68.0,18859,-61.5,-88.3,-83.5,  2,  3, 0.00,318, 4.1
2026-05-25 12:01:26,-101.9641,31.8604,  67.9,18864,-61.5,-88.3,-83.5,  2,  3, 0.00,321, 4.1
2026-05-25 12:01:27,-101.9641,31.8604,  67.9,18868,-61.5,-88.2,-83.5,  2,  3, 0.00,325, 4.1
2026-05-25 12:01:28,-101.9641,31.8603,  67.8,18873,-61.4,-88.2,-83.5,  2,  3, 0.00,328, 4.1
2026-05-25 12:01:29,-101.9641,31.8603,  67.8,18878,-61.4,-88.2,-83.4,  2,  3, 0.00,331, 4.2
2026-05-25 12:01:30,-101.9641,31.8602,  67.7,18883,-61.4,-88.2,-83.4,  2,  3, 0.00,334, 4.2
2026-05-25 12:01:31,-101.9641,31.8602,  67.7,18888,-61.4,-88.2,-83.4,  2,  3, 0.00,337, 4.2
2026-05-25 12:01:32,-101.9641,31.8601,  67.6,18894,-61.4,-88.2,-83.4,  2,  3, 0.00,340, 4.2
2026-05-25 12:01:33,-101.9642,31.8601,  67.5,18900,-61.4,-88.1,-83.4,  2,  3, 0.00,342, 4.2
2026-05-25 12:01:34,-101.9642,31.8600,  67.5,18906,-61.4,-88.1,-83.4,  2,  3, 0.00,344, 4.3
2026-05-25 12:01:35,-101.9642,31.8600,  67.4,18912,-61.4,-88.1,-83.3,  2,  3, 0.00,347, 4.4
2026-05-25 12:01:36,-101.9642,31.8600,  67.4,18917,-61.3,-88.1,-83.3,  2,  3, 0.00,349, 4.4
2026-05-25 12:01:37,-101.9642,31.8599,  67.3,18921,-61.3,-88.1,-83.3,  2,  3, 0.00,351, 4.5
2026-05-25 12:01:38,-101.9642,31.8599,  67.2,18926,-61.3,-88.1,-83.3,  2,  3, 0.00,353, 4.6
2026-05-25 12:01:39,-101.9642,31.8598,  67.2,18931,-61.3,-88.0,-83.3,  2,  3, 0.00,356, 4.7
2026-05-25 12:01:40,-101.9642,31.8598,  67.1,18936,-61.3,-88.0,-83.3,  2,  3, 0.00,358, 4.7
2026-05-25 12:01:41,-101.9643,31.8597,  67.1,18941,-61.3,-88.0,-83.3,  2,  3, 0.00,360, 4.8
2026-05-25 12:01:42,-101.9643,31.8597,  67.0,18947,-61.3,-88.0,-83.2,  2,  3, 0.00,  2, 4.9
2026-05-25 12:01:43,-101.9643,31.8596,  66.9,18953,-61.3,-88.0,-83.2,  2,  3, 0.00,  3, 4.9
2026-05-25 12:01:44,-101.9643,31.8596,  66.9,18960,-61.3,-88.0,-83.2,  2,  3, 0.00,  5, 5.0
2026-05-25 12:01:45,-101.9643,31.8596,  66.8,18966,-61.3,-88.0,-83.2,  2,  3, 0.00,  7, 5.1
2026-05-25 12:01:46,-101.9643,31.8595,  66.8,18972,-61.3,-88.0,-83.2,  2,  4, 0.00,  9, 5.1
2026-05-25 12:01:47,-101.9643,31.8595,  66.7,18978,-61.3,-87.9,-83.2,  2,  4, 0.00, 10, 5.2
2026-05-25 12:01:48,-101.9643,31.8594,  66.6,18983,-61.3,-87.9,-83.2,  2,  4, 0.00, 12, 5.3
2026-05-25 12:01:49,-101.9644,31.8594,  66.6,18989,-61.3,-87.9,-83.2,  2,  4, 0.00, 14, 5.4
2026-05-25 12:01:50,-101.9644,31.8593,  66.5,18994,-61.3,-87.9,-83.2,  2,  4, 0.00, 15, 5.4
2026-05-25 12:01:51,-101.9644,31.8593,  66.5,18999,-61.3,-87.9,-83.2,  2,  4, 0.00, 16, 5.5
2026-05-25 12:01:52,-101.9644,31.8592,  66.4,19005,-61.3,-87.9,-83.2,  2,  4, 0.00, 18, 5.6
2026-05-25 12:01:53,-101.9644,31.8592,  66.4,19009,-61.2,-87.9,-83.2,  2,  4, 0.00, 19, 5.6
2026-05-25 12:01:54,-101.9645,31.8592,  66.3,19013,-61.2,-87.9,-83.1,  2,  4, 0.00, 20, 5.6
2026-05-25 12:01:55,-101.9645,31.8591,  66.3,19018,-61.2,-87.9,-83.1,  2,  4, 0.00, 21, 5.6
2026-05-25 12:01:56,-101.9646,31.8591,  66.2,19022,-61.2,-87.9,-83.1,  2,  4, 0.00, 22, 5.7
2026-05-25 12:01:57,-101.9646,31.8590,  66.2,19026,-61.2,-87.9,-83.1,  2,  4, 0.00, 23, 5.8
2026-05-25 12:01:58,-101.9646,31.8590,  66.1,19031,-61.2,-87.9,-83.1,  2,  4, 0.00, 24, 5.8
2026-05-25 12:01:59,-101.9647,31.8590,  66.1,19035,-61.2,-87.9,-83.1,  2,  4, 0.00, 25, 5.8
2026-05-25 12:02:00,-101.9647,31.8589,  66.0,19040,-61.2,-87.9,-83.1,  2,  4, 0.00, 27, 5.9
2026-05-25 12:02:01,-101.9648,31.8589,  66.0,19044,-61.2,-87.9,-83.1,  2,  4, 0.00, 28, 5.9
2026-05-25 12:02:02,-101.9648,31.8588,  65.9,19048,-61.2,-87.8,-83.1,  2,  4, 0.00, 29, 6.0
2026-05-25 12:02:03,-101.9649,31.8588,  65.9,19053,-61.2,-87.8,-83.1,  2,  4, 0.00, 30, 6.0
2026-05-25 12:02:04,-101.9649,31.8587,  65.8,19057,-61.2,-87.8,-83.0,  2,  4, 0.00, 31, 6.0
2026-05-25 12:02:05,-101.9650,31.8587,  65.8,19062,-61.2,-87.8,-83.0,  2,  4, 0.00, 32, 6.1
2026-05-25 12:02:06,-101.9650,31.8587,  65.7,19067,-61.2,-87.8,-83.0,  2,  4, 0.00, 33, 6.1
2026-05-25 12:02:07,-101.9650,31.8586,  65.7,19072,-61.2,-87.7,-83.0,  2,  4, 0.00, 34, 6.1
2026-05-25 12:02:08,-101.9651,31.8586,  65.6,19077,-61.2,-87.7,-83.0,  2,  4, 0.00, 34, 6.1
2026-05-25 12:02:09,-101.9651,31.8585,  65.6,19082,-61.1,-87.7,-83.0,  2,  4, 0.00, 35, 6.2
2026-05-25 12:02:10,-101.9652,31.8585,  65.5,19087,-61.1,-87.7,-82.9,  2,  4, 0.00, 36, 6.2
2026-05-25 12:02:11,-101.9652,31.8585,  65.5,19091,-61.1,-87.7,-82.9,  2,  4, 0.00, 37, 6.3
2026-05-25 12:02:12,-101.9653,31.8584,  65.4,19096,-61.1,-87.7,-82.9,  2,  4, 0.00, 38, 6.3
2026-05-25 12:02:13,-101.9653,31.8584,  65.4,19101,-61.1,-87.6,-82.9,  2,  4, 0.00, 39, 6.3
2026-05-25 12:02:14,-101.9654,31.8583,  65.3,19105,-61.1,-87.6,-82.9,  2,  4, 0.00, 40, 6.3
2026-05-25 12:02:15,-101.9654,31.8583,  65.3,19110,-61.1,-87.6,-82.8,  2,  4, 0.00, 40, 6.3
2026-05-25 12:02:16,-101.9654,31.8583,  65.2,19114,-61.1,-87.6,-82.8,  2,  4, 0.00, 41, 6.2
2026-05-25 12:02:17,-101.9655,31.8582,  65.2,19119,-61.1,-87.6,-82.8,  2,  4, 0.00, 42, 6.2
2026-05-25 12:02:18,-101.9655,31.8582,  65.1,19124,-61.1,-87.5,-82.8,  2,  4, 0.00, 42, 6.2
2026-05-25 12:02:19,-101.9656,31.8581,  65.1,19128,-61.1,-87.5,-82.8,  2,  4, 0.00, 43, 6.2
2026-05-25 12:02:20,-101.9656,31.8581,  65.0,19133,-61.1,-87.5,-82.7,  2,  4, 0.00, 44, 6.1
2026-05-25 12:02:21,-101.9657,31.8581,  65.0,19138,-61.1,-87.5,-82.7,  2,  4, 0.00, 45, 6.1
2026-05-25 12:02:22,-101.9657,31.8580,  64.9,19143,-61.1,-87.4,-82.7,  2,  4, 0.00, 46, 6.1
2026-05-25 12:02:23,-101.9657,31.8580,  64.9,19147,-61.1,-87.4,-82.7,  2,  4, 0.00, 46, 6.1
2026-05-25 12:02:24,-101.9658,31.8580,  64.8,19152,-61.1,-87.4,-82.6,  2,  4, 0.00, 47, 6.1
2026-05-25 12:02:25,-101.9658,31.8579,  64.8,19157,-61.0,-87.4,-82.6,  2,  4, 0.00, 48, 6.0
2026-05-25 12:02:26,-101.9659,31.8579,  64.7,19162,-61.0,-87.4,-82.6,  2,  4, 0.00, 49, 6.0
2026-05-25 12:02:27,-101.9659,31.8579,  64.7,19167,-61.0,-87.3,-82.6,  2,  4, 0.00, 49, 6.0
2026-05-25 12:02:28,-101.9660,31.8579,  64.6,19172,-61.0,-87.3,-82.6,  2,  4, 0.00, 50, 6.0
2026-05-25 12:02:29,-101.9660,31.8579,  64.6,19175,-61.0,-87.3,-82.6,  2,  4, 0.00, 51, 6.0
2026-05-25 12:02:30,-101.9661,31.8578,  64.5,19181,-61.0,-87.3,-82.6,  2,  4, 0.00, 52, 6.0
2026-05-25 12:02:31,-101.9661,31.8578,  64.5,19186,-61.0,-87.3,-82.6,  2,  4, 0.00, 53, 6.0
2026-05-25 12:02:32,-101.9662,31.8578,  64.4,19190,-61.0,-87.3,-82.6,  2,  4, 0.00, 53, 6.0
2026-05-25 12:02:33,-101.9662,31.8578,  64.4,19195,-61.0,-87.3,-82.5,  2,  4, 0.00, 54, 5.9
2026-05-25 12:02:34,-101.9663,31.8578,  64.3,19200,-61.0,-87.3,-82.5,  2,  4, 0.00, 54, 5.8
2026-05-25 12:02:35,-101.9663,31.8577,  64.3,19204,-61.0,-87.3,-82.5,  2,  4, 0.00, 55, 5.8
2026-05-25 12:02:36,-101.9664,31.8577,  64.2,19209,-61.0,-87.3,-82.5,  2,  4, 0.00, 55, 5.7
2026-05-25 12:02:37,-101.9664,31.8577,  64.2,19214,-61.0,-87.3,-82.5,  2,  4, 0.00, 56, 5.6
2026-05-25 12:02:38,-101.9665,31.8577,  64.1,19219,-61.0,-87.3,-82.5,  2,  4, 0.00, 56, 5.6
2026-05-25 12:02:39,-101.9665,31.8576,  64.1,19223,-61.0,-87.3,-82.5,  2,  4, 0.00, 56, 5.5
2026-05-25 12:02:40,-101.9665,31.8576,  64.0,19228,-61.1,-87.3,-82.5,  2,  4, 0.00, 57, 5.4
2026-05-25 12:02:41,-101.9666,31.8576,  64.0,19233,-61.1,-87.3,-82.5,  2,  4, 0.00, 57, 5.4
2026-05-25 12:02:42,-101.9666,31.8576,  63.9,19238,-61.1,-87.3,-82.5,  2,  4, 0.00, 58, 5.3
2026-05-25 12:02:43,-101.9667,31.8576,  63.9,19243,-61.1,-87.3,-82.5,  2,  4, 0.00, 58, 5.3
2026-05-25 12:02:44,-101.9667,31.8575,  63.8,19248,-61.1,-87.3,-82.5,  2,  4, 0.00, 59, 5.2
2026-05-25 12:02:45,-101.9668,31.8575,  63.8,19253,-61.1,-87.3,-82.6,  2,  4, 0.00, 59, 5.1
2026-05-25 12:02:46,-101.9668,31.8575,  63.7,19258,-61.2,-87.3,-82.6,  2,  4, 0.00, 60, 5.1
2026-05-25 12:02:47,-101.9669,31.8575,  63.7,19263,-61.2,-87.3,-82.6,  2,  4, 0.00, 60, 5.0
2026-05-25 12:02:48,-101.9669,31.8575,  63.6,19268,-61.2,-87.4,-82.6,  2,  4, 0.00, 61, 5.0
2026-05-25 12:02:49,-101.9670,31.8574,  63.6,19273,-61.2,-87.4,-82.6,  2,  4, 0.00, 62, 4.9
2026-05-25 12:02:50,-101.9670,31.8574,  63.5,19279,-61.3,-87.4,-82.6,  2,  4, 0.00, 62, 4.8
2026-05-25 12:02:51,-101.9671,31.8574,  63.5,19284,-61.3,-87.4,-82.6,  2,  4, 0.00, 63, 4.8
2026-05-25 12:02:52,-101.9671,31.8574,  63.4,19289,-61.3,-87.4,-82.6,  2,  4, 0.00, 63, 4.7
2026-05-25 12:02:53,-101.9672,31.8574,  63.4,19295,-61.3,-87.4,-82.7,  2,  4, 0.00, 65, 4.7
2026-05-25 12:02:54,-101.9672,31.8574,  63.3,19300,-61.4,-87.4,-82.7,  2,  4, 0.00, 66, 4.6
2026-05-25 12:02:55,-101.9672,31.8574,  63.3,19305,-61.4,-87.4,-82.7,  2,  4, 0.00, 67, 4.6
2026-05-25 12:02:56,-101.9673,31.8574,  63.2,19310,-61.4,-87.5,-82.7,  2,  4, 0.00, 68, 4.6
2026-05-25 12:02:57,-101.9673,31.8574,  63.1,19316,-61.4,-87.5,-82.7,  2,  4, 0.00, 69, 4.6
2026-05-25 12:02:58,-101.9674,31.8574,  63.1,19321,-61.4,-87.5,-82.7,  2,  4, 0.00, 70, 4.5
2026-05-25 12:02:59,-101.9674,31.8574,  63.0,19326,-61.4,-87.5,-82.7,  2,  4, 0.00, 71, 4.5
2026-05-25 12:03:00,-101.9675,31.8574,  63.0,19331,-61.5,-87.5,-82.7,  2,  4, 0.00, 73, 4.5
2026-05-25 12:03:01,-101.9675,31.8574,  62.9,19337,-61.5,-87.5,-82.7,  2,  4, 0.00, 74, 4.4
2026-05-25 12:03:02,-101.9676,31.8574,  62.9,19342,-61.5,-87.5,-82.7,  2,  4, 0.00, 75, 4.4
2026-05-25 12:03:03,-101.9676,31.8575,  62.8,19346,-61.5,-87.5,-82.7,  2,  4, 0.00, 76, 4.4
2026-05-25 12:03:04,-101.9677,31.8575,  62.8,19351,-61.5,-87.5,-82.7,  2,  4, 0.00, 78, 4.4
2026-05-25 12:03:05,-101.9677,31.8575,  62.7,19356,-61.5,-87.5,-82.8,  2,  4, 0.00, 79, 4.3
2026-05-25 12:03:06,-101.9678,31.8575,  62.7,19361,-61.5,-87.5,-82.8,  2,  4, 0.00, 80, 4.3
2026-05-25 12:03:07,-101.9678,31.8575,  62.6,19366,-61.5,-87.5,-82.8,  2,  4, 0.00, 82, 4.3
2026-05-25 12:03:08,-101.9679,31.8575,  62.6,19371,-61.6,-87.5,-82.8,  2,  4, 0.00, 83, 4.2
2026-05-25 12:03:09,-101.9679,31.8575,  62.5,19377,-61.6,-87.6,-82.8,  2,  4, 0.00, 85, 4.2
2026-05-25 12:03:10,-101.9680,31.8575,  62.5,19382,-61.6,-87.6,-82.8,  2,  4, 0.00, 86, 4.1
2026-05-25 12:03:11,-101.9680,31.8575,  62.4,19388,-61.6,-87.6,-82.8,  2,  4, 0.00, 87, 4.1
2026-05-25 12:03:12,-101.9681,31.8575,  62.4,19393,-61.6,-87.6,-82.8,  2,  4, 0.00, 89, 4.1
2026-05-25 12:03:13,-101.9681,31.8575,  62.3,19398,-61.6,-87.6,-82.8,  2,  4, 0.00, 90, 4.2
2026-05-25 12:03:14,-101.9682,31.8575,  62.3,19403,-61.6,-87.6,-82.8,  2,  4, 0.00, 92, 4.3
2026-05-25 12:03:15,-101.9682,31.8575,  62.2,19408,-61.6,-87.6,-82.9,  2,  4, 0.00, 94, 4.4
2026-05-25 12:03:16,-101.9683,31.8576,  62.2,19413,-61.6,-87.6,-82.9,  2,  4, 0.00, 96, 4.5
2026-05-25 12:03:17,-101.9683,31.8576,  62.1,19419,-61.6,-87.6,-82.9,  2,  4, 0.00, 97, 4.6
2026-05-25 12:03:18,-101.9683,31.8576,  62.1,19424,-61.6,-87.6,-82.9,  2,  4, 0.00, 99, 4.7
2026-05-25 12:03:19,-101.9684,31.8576,  62.0,19429,-61.6,-87.7,-82.9,  2,  4, 0.00,101, 4.8
2026-05-25 12:03:20,-101.9684,31.8576,  61.9,19435,-61.6,-87.7,-82.9,  2,  4, 0.00,102, 4.9
2026-05-25 12:03:21,-101.9685,31.8576,  61.9,19440,-61.6,-87.7,-82.9,  2,  4, 0.00,103, 5.0
2026-05-25 12:03:22,-101.9685,31.8576,  61.8,19446,-61.6,-87.7,-82.9,  2,  4, 0.00,105, 5.1
2026-05-25 12:03:23,-101.9686,31.8576,  61.8,19451,-61.6,-87.7,-82.9,  2,  4, 0.00,106, 5.2
2026-05-25 12:03:24,-101.9686,31.8576,  61.7,19456,-61.5,-87.7,-82.9,  2,  4, 0.00,107, 5.2
2026-05-25 12:03:25,-101.9687,31.8576,  61.7,19461,-61.5,-87.7,-82.9,  2,  4, 0.00,109, 5.3
2026-05-25 12:03:26,-101.9688,31.8577,  61.6,19466,-61.5,-87.7,-82.9,  2,  4, 0.00,110, 5.4
2026-05-25 12:03:27,-101.9688,31.8577,  61.6,19470,-61.5,-87.7,-82.9,  2,  4, 0.00,111, 5.5
2026-05-25 12:03:28,-101.9689,31.8577,  61.5,19475,-61.5,-87.7,-82.9,  2,  4, 0.00,112, 5.6
2026-05-25 12:03:29,-101.9689,31.8577,  61.5,19480,-61.5,-87.6,-82.9,  2,  4, 0.00,113, 5.7
2026-05-25 12:03:30,-101.9690,31.8577,  61.4,19485,-61.5,-87.6,-82.9,  2,  4, 0.00,114, 5.8
2026-05-25 12:03:31,-101.9691,31.8577,  61.4,19490,-61.5,-87.6,-82.9,  2,  4, 0.00,115, 5.9
2026-05-25 12:03:32,-101.9691,31.8578,  61.3,19496,-61.5,-87.6,-82.9,  2,  4, 0.00,116, 6.0
2026-05-25 12:03:33,-101.9692,31.8578,  61.3,19501,-61.4,-87.6,-82.9,  2,  4, 0.00,115, 6.0
2026-05-25 12:03:34,-101.9692,31.8578,  61.2,19506,-61.4,-87.6,-82.9,  2,  4, 0.00,115, 6.0
2026-05-25 12:03:35,-101.9693,31.8578,  61.2,19512,-61.4,-87.6,-82.8,  2,  4, 0.00,115, 6.0
2026-05-25 12:03:36,-101.9693,31.8578,  61.1,19517,-61.4,-87.6,-82.8,  2,  4, 0.00,114, 6.0
2026-05-25 12:03:37,-101.9694,31.8578,  61.1,19522,-61.4,-87.6,-82.8,  2,  4, 0.00,114, 5.9
2026-05-25 12:03:38,-101.9695,31.8579,  61.0,19528,-61.4,-87.5,-82.8,  2,  4, 0.00,113, 5.9
2026-05-25 12:03:39,-101.9695,31.8579,  61.0,19533,-61.4,-87.5,-82.8,  2,  4, 0.00,113, 5.9
2026-05-25 12:03:40,-101.9696,31.8579,  60.9,19538,-61.4,-87.5,-82.7,  2,  4, 0.00,112, 5.9
2026-05-25 12:03:41,-101.9696,31.8579,  60.9,19544,-61.3,-87.5,-82.7,  2,  4, 0.00,112, 5.9
2026-05-25 12:03:42,-101.9697,31.8579,  60.8,19549,-61.3,-87.4,-82.7,  2,  4, 0.00,112, 5.9
2026-05-25 12:03:43,-101.9698,31.8579,  60.8,19554,-61.3,-87.4,-82.7,  2,  4, 0.00,111, 5.9
2026-05-25 12:03:44,-101.9698,31.8580,  60.7,19559,-61.3,-87.4,-82.6,  2,  4, 0.00,111, 5.9
2026-05-25 12:03:45,-101.9699,31.8580,  60.7,19564,-61.3,-87.4,-82.6,  2,  4, 0.00,110, 5.9
2026-05-25 12:03:46,-101.9699,31.8580,  60.6,19569,-61.3,-87.4,-82.6,  2,  4, 0.00,110, 5.9
2026-05-25 12:03:47,-101.9700,31.8580,  60.6,19574,-61.3,-87.3,-82.6,  2,  4, 0.00,109, 5.8
2026-05-25 12:03:48,-101.9701,31.8580,  60.5,19580,-61.3,-87.3,-82.5,  2,  4, 0.00,109, 5.8
2026-05-25 12:03:49,-101.9701,31.8581,  60.4,19588,-61.2,-87.3,-82.5,  2,  4, 0.00,108, 5.8
2026-05-25 12:03:50,-101.9702,31.8581,  60.4,19591,-61.2,-87.3,-82.5,  2,  4, 0.00,108, 5.8
2026-05-25 12:03:51,-101.9702,31.8581,  60.3,19596,-61.2,-87.3,-82.5,  2,  4, 0.00,107, 5.8
2026-05-25 12:03:52,-101.9703,31.8581,  60.3,19602,-61.2,-87.3,-82.5,  2,  4, 0.00,107, 5.8
2026-05-25 12:03:53,-101.9703,31.8581,  60.2,19608,-61.2,-87.3,-82.5,  2,  4, 0.00,106, 5.7
2026-05-25 12:03:54,-101.9704,31.8581,  60.2,19614,-61.2,-87.3,-82.5,  2,  4, 0.00,105, 5.6
2026-05-25 12:03:55,-101.9704,31.8581,  60.1,19620,-61.2,-87.3,-82.5,  2,  4, 0.00,104, 5.5
2026-05-25 12:03:56,-101.9705,31.8581,  60.1,19625,-61.2,-87.3,-82.5,  2,  4, 0.00,103, 5.5
2026-05-25 12:03:57,-101.9705,31.8581,  60.0,19631,-61.2,-87.3,-82.5,  2,  4, 0.00,102, 5.4
2026-05-25 12:03:58,-101.9706,31.8581,  60.0,19637,-61.2,-87.3,-82.5,  2,  4, 0.00,101, 5.4
2026-05-25 12:03:59,-101.9706,31.8581,  59.9,19643,-61.3,-87.3,-82.5,  2,  4, 0.00,100, 5.3
2026-05-25 12:04:00,-101.9707,31.8581,  59.8,19649,-61.3,-87.3,-82.5,  2,  4, 0.00, 99, 5.2
2026-05-25 12:04:01,-101.9707,31.8580,  59.8,19654,-61.3,-87.3,-82.5,  2,  4, 0.00, 98, 5.2
2026-05-25 12:04:02,-101.9708,31.8580,  59.7,19660,-61.3,-87.3,-82.5,  2,  4, 0.00, 97, 5.1
2026-05-25 12:04:03,-101.9708,31.8580,  59.7,19666,-61.3,-87.3,-82.5,  2,  4, 0.00, 95, 5.0
2026-05-25 12:04:04,-101.9708,31.8580,  59.6,19672,-61.3,-87.3,-82.5,  2,  4, 0.00, 94, 4.9
2026-05-25 12:04:05,-101.9709,31.8580,  59.6,19678,-61.3,-87.3,-82.5,  2,  4, 0.00, 93, 4.9
2026-05-25 12:04:06,-101.9709,31.8580,  59.5,19684,-61.3,-87.3,-82.6,  2,  4, 0.00, 91, 4.8
2026-05-25 12:04:07,-101.9710,31.8580,  59.4,19690,-61.3,-87.3,-82.6,  2,  4, 0.00, 90, 4.7
2026-05-25 12:04:08,-101.9710,31.8580,  59.4,19696,-61.3,-87.3,-82.6,  2,  4, 0.00, 89, 4.6
2026-05-25 12:04:09,-101.9711,31.8579,  59.3,19702,-61.3,-87.3,-82.6,  2,  4, 0.00, 87, 4.6
2026-05-25 12:04:10,-101.9711,31.8579,  59.3,19708,-61.3,-87.3,-82.6,  2,  4, 0.00, 86, 4.5
2026-05-25 12:04:11,-101.9712,31.8579,  59.2,19714,-61.3,-87.4,-82.6,  2,  4, 0.00, 84, 4.4
2026-05-25 12:04:12,-101.9712,31.8579,  59.2,19719,-61.3,-87.4,-82.6,  2,  4, 0.00, 83, 4.4
2026-05-25 12:04:13,-101.9712,31.8579,  59.1,19725,-61.3,-87.4,-82.6,  2,  4, 0.00, 81, 4.4
2026-05-25 12:04:14,-101.9713,31.8579,  59.0,19731,-61.4,-87.4,-82.6,  2,  4, 0.00, 80, 4.4
2026-05-25 12:04:15,-101.9713,31.8579,  59.0,19738,-61.4,-87.4,-82.6,  2,  4, 0.00, 78, 4.5
2026-05-25 12:04:16,-101.9714,31.8578,  58.9,19744,-61.4,-87.4,-82.6,  2,  4, 0.00, 77, 4.5
2026-05-25 12:04:17,-101.9714,31.8578,  58.9,19750,-61.4,-87.4,-82.7,  2,  4, 0.00, 75, 4.5
2026-05-25 12:04:18,-101.9715,31.8578,  58.8,19757,-61.4,-87.4,-82.7,  2,  4, 0.00, 74, 4.6
2026-05-25 12:04:19,-101.9715,31.8578,  58.8,19763,-61.4,-87.4,-82.7,  2,  4, 0.00, 73, 4.6
2026-05-25 12:04:20,-101.9716,31.8578,  58.7,19769,-61.4,-87.4,-82.7,  2,  4, 0.00, 71, 4.7
2026-05-25 12:04:21,-101.9716,31.8578,  58.6,19775,-61.4,-87.5,-82.7,  2,  4, 0.00, 70, 4.7
2026-05-25 12:04:22,-101.9716,31.8578,  58.6,19782,-61.5,-87.5,-82.7,  2,  4, 0.00, 69, 4.7
2026-05-25 12:04:23,-101.9717,31.8578,  58.5,19788,-61.5,-87.5,-82.7,  2,  4, 0.00, 67, 4.8
2026-05-25 12:04:24,-101.9717,31.8577,  58.5,19794,-61.5,-87.5,-82.7,  2,  4, 0.00, 66, 4.8
2026-05-25 12:04:25,-101.9718,31.8577,  58.4,19800,-61.5,-87.5,-82.7,  2,  4, 0.00, 65, 4.8
2026-05-25 12:04:26,-101.9718,31.8577,  58.3,19806,-61.5,-87.5,-82.8,  2,  4, 0.00, 64, 4.9
2026-05-25 12:04:27,-101.9719,31.8576,  58.3,19812,-61.5,-87.5,-82.8,  2,  4, 0.00, 63, 4.9
2026-05-25 12:04:28,-101.9719,31.8576,  58.2,19817,-61.5,-87.5,-82.8,  2,  4, 0.00, 61, 4.9
2026-05-25 12:04:29,-101.9720,31.8576,  58.2,19823,-61.6,-87.6,-82.8,  2,  4, 0.00, 60, 5.0
2026-05-25 12:04:30,-101.9720,31.8575,  58.1,19829,-61.6,-87.6,-82.8,  2,  4, 0.00, 59, 5.0
2026-05-25 12:04:31,-101.9721,31.8575,  58.1,19835,-61.6,-87.6,-82.8,  2,  4, 0.00, 58, 5.0
2026-05-25 12:04:32,-101.9721,31.8574,  58.0,19841,-61.6,-87.6,-82.8,  2,  4, 0.00, 57, 5.1
2026-05-25 12:04:33,-101.9722,31.8574,  58.0,19847,-61.6,-87.6,-82.8,  2,  4, 0.00, 56, 5.2
2026-05-25 12:04:34,-101.9723,31.8574,  57.9,19853,-61.6,-87.6,-82.9,  2,  4, 0.00, 56, 5.2
2026-05-25 12:04:35,-101.9723,31.8573,  57.8,19859,-61.7,-87.6,-82.9,  2,  4, 0.00, 55, 5.3
2026-05-25 12:04:36,-101.9724,31.8573,  57.8,19865,-61.7,-87.6,-82.9,  2,  4, 0.00, 55, 5.4
2026-05-25 12:04:37,-101.9724,31.8573,  57.7,19871,-61.7,-87.7,-82.9,  2,  4, 0.00, 54, 5.5
2026-05-25 12:04:38,-101.9725,31.8572,  57.7,19877,-61.7,-87.7,-82.9,  2,  4, 0.00, 54, 5.5
2026-05-25 12:04:39,-101.9725,31.8572,  57.6,19883,-61.7,-87.7,-82.9,  2,  4, 0.00, 53, 5.6
2026-05-25 12:04:40,-101.9726,31.8571,  57.6,19889,-61.7,-87.7,-82.9,  2,  4, 0.00, 53, 5.7
2026-05-25 12:04:41,-101.9726,31.8571,  57.5,19896,-61.7,-87.7,-82.9,  2,  4, 0.00, 52, 5.8
2026-05-25 12:04:42,-101.9727,31.8571,  57.4,19903,-61.8,-87.7,-83.0,  2,  4, 0.00, 51, 5.9
2026-05-25 12:04:43,-101.9727,31.8570,  57.4,19907,-61.8,-87.7,-82.9,  2,  4, 0.00, 51, 5.9
2026-05-25 12:04:44,-101.9728,31.8570,  57.3,19913,-61.8,-87.7,-82.9,  2,  4, 0.00, 51, 6.0
2026-05-25 12:04:45,-101.9728,31.8569,  57.3,19919,-61.8,-87.7,-82.9,  2,  4, 0.00, 50, 6.1
2026-05-25 12:04:46,-101.9729,31.8569,  57.2,19925,-61.8,-87.7,-82.9,  2,  4, 0.00, 50, 6.2
2026-05-25 12:04:47,-101.9729,31.8569,  57.2,19931,-61.7,-87.7,-82.9,  2,  4, 0.00, 49, 6.2
2026-05-25 12:04:48,-101.9730,31.8568,  57.1,19936,-61.7,-87.7,-82.9,  2,  4, 0.00, 49, 6.3
2026-05-25 12:04:49,-101.9730,31.8568,  57.1,19942,-61.7,-87.7,-82.9,  2,  4, 0.00, 49, 6.4
2026-05-25 12:04:50,-101.9731,31.8567,  57.0,19948,-61.7,-87.7,-82.9,  2,  4, 0.00, 48, 6.5
2026-05-25 12:04:51,-101.9731,31.8567,  57.0,19954,-61.7,-87.7,-82.9,  2,  4, 0.00, 48, 6.5
2026-05-25 12:04:52,-101.9732,31.8567,  56.9,19959,-61.7,-87.6,-82.9,  2,  4, 0.00, 48, 6.6
2026-05-25 12:04:53,-101.9732,31.8566,  56.9,19965,-61.7,-87.6,-82.9,  2,  4, 0.00, 48, 6.7
2026-05-25 12:04:54,-101.9733,31.8566,  56.8,19971,-61.7,-87.6,-82.9,  2,  4, 0.00, 48, 6.7
2026-05-25 12:04:55,-101.9734,31.8566,  56.8,19977,-61.7,-87.6,-82.9,  2,  4, 0.00, 48, 6.8
2026-05-25 12:04:56,-101.9734,31.8565,  56.7,19982,-61.7,-87.6,-82.9,  2,  4, 0.00, 48, 6.8
2026-05-25 12:04:57,-101.9735,31.8565,  56.7,19988,-61.7,-87.6,-82.9,  2,  4, 0.00, 48, 6.9
2026-05-25 12:04:58,-101.9735,31.8565,  56.6,19994,-61.7,-87.6,-82.9,  2,  4, 0.00, 48, 6.9
2026-05-25 12:04:59,-101.9736,31.8564,  56.5,20000,-61.7,-87.6,-82.9,  2,  4, 0.00, 48, 7.0
2026-05-25 12:05:00,-101.9737,31.8564,  56.5,20006,-61.7,-87.6,-82.9,  2,  4, 0.00, 48, 7.0
2026-05-25 12:05:01,-101.9737,31.8564,  56.4,20012,-61.7,-87.7,-82.9,  2,  4, 0.00, 48, 7.1
2026-05-25 12:05:02,-101.9738,31.8563,  56.4,20017,-61.7,-87.7,-82.9,  2,  4, 0.00, 49, 7.1
2026-05-25 12:05:03,-101.9739,31.8563,  56.3,20023,-61.7,-87.7,-82.9,  2,  4, 0.00, 49, 7.2
2026-05-25 12:05:04,-101.9739,31.8563,  56.3,20029,-61.7,-87.7,-82.9,  2,  4, 0.00, 49, 7.2
2026-05-25 12:05:05,-101.9740,31.8562,  56.2,20035,-61.7,-87.7,-82.9,  2,  4, 0.00, 49, 7.3
2026-05-25 12:05:06,-101.9741,31.8562,  56.2,20040,-61.7,-87.7,-82.9,  2,  4, 0.00, 49, 7.4
2026-05-25 12:05:07,-101.9741,31.8562,  56.1,20046,-61.7,-87.7,-82.9,  2,  4, 0.00, 49, 7.4
2026-05-25 12:05:08,-101.9742,31.8561,  56.1,20051,-61.7,-87.7,-82.9,  2,  4, 0.00, 49, 7.5
2026-05-25 12:05:09,-101.9743,31.8561,  56.1,20054,-61.7,-87.7,-82.9,  2,  4, 0.00, 49, 7.5
2026-05-25 12:05:10,-101.9743,31.8561,  56.0,20062,-61.7,-87.7,-82.9,  2,  4, 0.00, 49, 7.6
2026-05-25 12:05:11,-101.9744,31.8560,  55.9,20067,-61.7,-87.7,-82.9,  2,  4, 0.00, 49, 7.6
2026-05-25 12:05:12,-101.9745,31.8560,  55.9,20073,-61.7,-87.7,-82.9,  2,  4, 0.00, 49, 7.7
2026-05-25 12:05:13,-101.9745,31.8560,  55.8,20078,-61.7,-87.7,-82.9,  2,  4, 0.00, 50, 7.6
2026-05-25 12:05:14,-101.9746,31.8559,  55.8,20084,-61.7,-87.6,-82.9,  2,  4, 0.00, 52, 7.6
2026-05-25 12:05:15,-101.9747,31.8559,  55.7,20089,-61.7,-87.6,-82.9,  2,  4, 0.00, 53, 7.6
2026-05-25 12:05:16,-101.9747,31.8559,  55.7,20095,-61.7,-87.6,-82.9,  2,  4, 0.00, 54, 7.6
2026-05-25 12:05:17,-101.9748,31.8558,  55.6,20100,-61.7,-87.6,-82.9,  2,  4, 0.00, 55, 7.5
2026-05-25 12:05:18,-101.9749,31.8558,  55.6,20105,-61.7,-87.6,-82.9,  2,  4, 0.00, 56, 7.5
2026-05-25 12:05:19,-101.9749,31.8558,  55.5,20111,-61.7,-87.6,-82.9,  2,  4, 0.00, 57, 7.5
2026-05-25 12:05:20,-101.9750,31.8557,  55.5,20116,-61.7,-87.6,-82.9,  2,  4, 0.00, 58, 7.5
2026-05-25 12:05:21,-101.9751,31.8557,  55.4,20122,-61.7,-87.6,-82.8,  2,  4, 0.00, 60, 7.4
2026-05-25 12:05:22,-101.9751,31.8557,  55.4,20127,-61.7,-87.6,-82.8,  2,  4, 0.00, 61, 7.4
2026-05-25 12:05:23,-101.9752,31.8556,  55.4,20132,-61.7,-87.6,-82.8,  2,  4, 0.00, 62, 7.4
2026-05-25 12:05:24,-101.9753,31.8556,  55.3,20137,-61.7,-87.6,-82.8,  2,  4, 0.00, 63, 7.4
2026-05-25 12:05:25,-101.9753,31.8556,  55.3,20142,-61.7,-87.6,-82.8,  2,  4, 0.00, 65, 7.3
2026-05-25 12:05:26,-101.9754,31.8556,  55.2,20148,-61.7,-87.6,-82.8,  2,  4, 0.00, 66, 7.3
2026-05-25 12:05:27,-101.9755,31.8556,  55.2,20153,-61.7,-87.6,-82.8,  2,  4, 0.00, 67, 7.3
2026-05-25 12:05:28,-101.9756,31.8556,  55.1,20158,-61.7,-87.5,-82.8,  2,  4, 0.00, 68, 7.2
2026-05-25 12:05:29,-101.9756,31.8556,  55.1,20164,-61.7,-87.5,-82.8,  2,  4, 0.00, 70, 7.2
2026-05-25 12:05:30,-101.9757,31.8556,  55.0,20169,-61.7,-87.5,-82.8,  2,  4, 0.00, 71, 7.1
2026-05-25 12:05:31,-101.9758,31.8556,  55.0,20175,-61.7,-87.5,-82.8,  2,  4, 0.00, 72, 7.1
2026-05-25 12:05:32,-101.9759,31.8556,  54.9,20180,-61.7,-87.5,-82.8,  2,  4, 0.00, 73, 7.1
2026-05-25 12:05:33,-101.9760,31.8556,  54.9,20186,-61.8,-87.5,-82.7,  2,  4, 0.00, 74, 7.1
2026-05-25 12:05:34,-101.9760,31.8556,  54.8,20191,-61.8,-87.5,-82.7,  2,  4, 0.00, 75, 7.2
2026-05-25 12:05:35,-101.9761,31.8556,  54.8,20196,-61.8,-87.5,-82.7,  2,  4, 0.00, 76, 7.2
2026-05-25 12:05:36,-101.9762,31.8556,  54.7,20201,-61.8,-87.5,-82.7,  2,  4, 0.00, 77, 7.2
2026-05-25 12:05:37,-101.9763,31.8556,  54.7,20207,-61.8,-87.5,-82.7,  2,  4, 0.00, 78, 7.2
2026-05-25 12:05:38,-101.9763,31.8556,  54.6,20212,-61.8,-87.5,-82.7,  2,  4, 0.00, 79, 7.3
2026-05-25 12:05:39,-101.9764,31.8556,  54.6,20217,-61.8,-87.5,-82.7,  2,  4, 0.00, 80, 7.3
2026-05-25 12:05:40,-101.9765,31.8556,  54.6,20222,-61.8,-87.5,-82.7,  2,  4, 0.00, 81, 7.3
2026-05-25 12:05:41,-101.9766,31.8556,  54.5,20227,-61.8,-87.5,-82.7,  2,  4, 0.00, 82, 7.3
2026-05-25 12:05:42,-101.9767,31.8556,  54.5,20233,-61.8,-87.5,-82.7,  2,  4, 0.00, 82, 7.4
2026-05-25 12:05:43,-101.9767,31.8556,  54.4,20238,-61.8,-87.5,-82.7,  2,  4, 0.00, 83, 7.4
2026-05-25 12:05:44,-101.9768,31.8556,  54.4,20243,-61.8,-87.5,-82.8,  2,  4, 0.00, 84, 7.4
2026-05-25 12:05:45,-101.9769,31.8556,  54.3,20248,-61.8,-87.5,-82.8,  2,  4, 0.00, 85, 7.4
2026-05-25 12:05:46,-101.9770,31.8556,  54.3,20253,-61.8,-87.5,-82.8,  2,  4, 0.00, 86, 7.4
2026-05-25 12:05:47,-101.9770,31.8556,  54.2,20258,-61.9,-87.5,-82.8,  2,  4, 0.00, 87, 7.4
2026-05-25 12:05:48,-101.9771,31.8556,  54.2,20263,-61.9,-87.5,-82.8,  2,  4, 0.00, 88, 7.4
2026-05-25 12:05:49,-101.9772,31.8556,  54.1,20269,-61.9,-87.5,-82.8,  2,  4, 0.00, 89, 7.5
2026-05-25 12:05:50,-101.9773,31.8556,  54.1,20274,-61.9,-87.5,-82.8,  2,  4, 0.00, 89, 7.5
2026-05-25 12:05:51,-101.9774,31.8556,  54.1,20279,-61.9,-87.5,-82.8,  2,  4, 0.00, 90, 7.5
2026-05-25 12:05:52,-101.9774,31.8556,  54.0,20284,-61.9,-87.6,-82.8,  2,  4, 0.00, 91, 7.6
2026-05-25 12:05:53,-101.9775,31.8556,  54.0,20289,-62.0,-87.6,-82.8,  2,  4, 0.00, 92, 7.5
2026-05-25 12:05:54,-101.9776,31.8556,  53.9,20294,-62.0,-87.6,-82.8,  2,  4, 0.00, 92, 7.5
2026-05-25 12:05:55,-101.9777,31.8556,  53.9,20299,-62.0,-87.6,-82.8,  2,  4, 0.00, 93, 7.4
2026-05-25 12:05:56,-101.9777,31.8556,  53.8,20304,-62.0,-87.6,-82.9,  2,  4, 0.00, 93, 7.4
2026-05-25 12:05:57,-101.9778,31.8556,  53.8,20309,-62.0,-87.6,-82.9,  2,  4, 0.00, 94, 7.3
2026-05-25 12:05:58,-101.9779,31.8556,  53.7,20314,-62.0,-87.6,-82.9,  2,  4, 0.00, 94, 7.3
2026-05-25 12:05:59,-101.9779,31.8556,  53.7,20319,-62.1,-87.6,-82.9,  2,  4, 0.00, 95, 7.2
2026-05-25 12:06:00,-101.9780,31.8556,  53.7,20325,-62.1,-87.7,-82.9,  2,  4, 0.00, 95, 7.2
2026-05-25 12:06:01,-101.9780,31.8556,  53.6,20330,-62.1,-87.7,-82.9,  2,  4, 0.00, 96, 7.2
2026-05-25 12:06:02,-101.9781,31.8557,  53.6,20335,-62.1,-87.7,-82.9,  2,  4, 0.00, 96, 7.1
2026-05-25 12:06:03,-101.9782,31.8557,  53.5,20340,-62.1,-87.7,-82.9,  2,  4, 0.00, 97, 7.1
2026-05-25 12:06:04,-101.9782,31.8557,  53.5,20345,-62.2,-87.7,-82.9,  2,  4, 0.00, 97, 7.0
2026-05-25 12:06:05,-101.9783,31.8557,  53.4,20350,-62.2,-87.7,-82.9,  2,  4, 0.00, 98, 7.0
2026-05-25 12:06:06,-101.9783,31.8557,  53.4,20354,-62.2,-87.7,-82.9,  2,  4, 0.00, 98, 6.9
2026-05-25 12:06:07,-101.9784,31.8557,  53.4,20359,-62.2,-87.7,-83.0,  2,  4, 0.00, 99, 6.9
2026-05-25 12:06:08,-101.9785,31.8557,  53.3,20364,-62.2,-87.7,-83.0,  2,  4, 0.00, 99, 6.9
2026-05-25 12:06:09,-101.9785,31.8558,  53.3,20369,-62.2,-87.7,-83.0,  2,  4, 0.00,100, 6.8
2026-05-25 12:06:10,-101.9786,31.8558,  53.2,20374,-62.2,-87.7,-83.0,  2,  4, 0.00,100, 6.8
2026-05-25 12:06:11,-101.9786,31.8558,  53.2,20379,-62.3,-87.7,-83.0,  2,  4, 0.00,101, 6.8
2026-05-25 12:06:12,-101.9787,31.8558,  53.1,20384,-62.3,-87.7,-83.0,  2,  4, 0.00,101, 6.7
2026-05-25 12:06:13,-101.9787,31.8558,  53.1,20389,-62.3,-87.7,-83.0,  2,  4, 0.00,102, 6.6
2026-05-25 12:06:14,-101.9788,31.8558,  53.1,20394,-62.3,-87.7,-83.0,  2,  4, 0.00,102, 6.5
2026-05-25 12:06:15,-101.9788,31.8558,  53.0,20399,-62.3,-87.7,-83.0,  2,  4, 0.00,103, 6.5
2026-05-25 12:06:16,-101.9789,31.8559,  53.0,20403,-62.3,-87.7,-83.0,  2,  4, 0.00,103, 6.4
2026-05-25 12:06:17,-101.9790,31.8559,  52.9,20409,-62.3,-87.8,-83.0,  2,  4, 0.00,103, 6.3
2026-05-25 12:06:18,-101.9790,31.8559,  52.9,20414,-62.3,-87.8,-83.0,  2,  4, 0.00,104, 6.2
2026-05-25 12:06:19,-101.9791,31.8559,  52.8,20419,-62.3,-87.8,-83.0,  2,  4, 0.00,104, 6.1
2026-05-25 12:06:20,-101.9792,31.8559,  52.8,20423,-62.3,-87.8,-83.1,  2,  4, 0.00,104, 6.0
2026-05-25 12:06:21,-101.9792,31.8559,  52.8,20428,-62.3,-87.8,-83.1,  2,  4, 0.00,105, 5.9
2026-05-25 12:06:22,-101.9793,31.8560,  52.7,20433,-62.3,-87.8,-83.1,  2,  4, 0.00,105, 5.9
2026-05-25 12:06:23,-101.9793,31.8560,  52.7,20438,-62.3,-87.9,-83.1,  2,  4, 0.00,106, 5.8
2026-05-25 12:06:24,-101.9794,31.8560,  52.6,20443,-62.3,-87.9,-83.1,  2,  4, 0.00,106, 5.7
2026-05-25 12:06:25,-101.9794,31.8560,  52.6,20448,-62.3,-87.9,-83.1,  2,  4, 0.00,107, 5.6
2026-05-25 12:06:26,-101.9795,31.8560,  52.5,20453,-62.3,-87.9,-83.2,  2,  4, 0.00,107, 5.5
2026-05-25 12:06:27,-101.9796,31.8560,  52.5,20458,-62.3,-87.9,-83.2,  2,  4, 0.00,108, 5.5
2026-05-25 12:06:28,-101.9796,31.8560,  52.5,20463,-62.3,-87.9,-83.2,  2,  4, 0.00,108, 5.4
2026-05-25 12:06:29,-101.9796,31.8561,  52.4,20468,-62.4,-88.0,-83.2,  2,  4, 0.00,109, 5.3
2026-05-25 12:06:30,-101.9797,31.8561,  52.4,20472,-62.4,-88.0,-83.2,  2,  4, 0.00,109, 5.2
2026-05-25 12:06:31,-101.9797,31.8561,  52.3,20478,-62.3,-88.0,-83.2,  2,  4, 0.00,110, 5.1
2026-05-25 12:06:32,-101.9797,31.8561,  52.3,20484,-62.3,-88.0,-83.2,  2,  4, 0.00,110, 5.0
2026-05-25 12:06:33,-101.9798,31.8561,  52.3,20488,-62.3,-88.0,-83.2,  2,  4, 0.00,111, 5.0
2026-05-25 12:06:34,-101.9798,31.8561,  52.2,20493,-62.3,-88.0,-83.2,  2,  4, 0.00,111, 4.9
2026-05-25 12:06:35,-101.9798,31.8562,  52.2,20498,-62.3,-88.0,-83.2,  2,  4, 0.00,112, 4.8
2026-05-25 12:06:36,-101.9799,31.8562,  52.1,20503,-62.3,-88.0,-83.2,  2,  4, 0.00,113, 4.7
2026-05-25 12:06:37,-101.9799,31.8562,  52.1,20508,-62.3,-88.0,-83.2,  2,  4, 0.00,113, 4.6
2026-05-25 12:06:38,-101.9799,31.8562,  52.0,20513,-62.3,-88.0,-83.2,  2,  4, 0.00,114, 4.5
2026-05-25 12:06:39,-101.9800,31.8562,  52.0,20517,-62.3,-88.0,-83.2,  2,  4, 0.00,115, 4.5
2026-05-25 12:06:40,-101.9800,31.8562,  52.0,20522,-62.3,-88.0,-83.2,  2,  4, 0.00,116, 4.4
2026-05-25 12:06:41,-101.9800,31.8563,  51.9,20527,-62.3,-88.0,-83.2,  2,  4, 0.00,116, 4.3
2026-05-25 12:06:42,-101.9801,31.8563,  51.9,20532,-62.3,-88.0,-83.2,  2,  4, 0.00,117, 4.3
2026-05-25 12:06:43,-101.9801,31.8563,  51.8,20536,-62.3,-88.0,-83.2,  2,  4, 0.00,118, 4.2
2026-05-25 12:06:44,-101.9801,31.8563,  51.8,20541,-62.3,-88.0,-83.2,  2,  4, 0.00,119, 4.1
2026-05-25 12:06:45,-101.9802,31.8563,  51.8,20547,-62.3,-88.0,-83.2,  2,  4, 0.00,120, 4.0
2026-05-25 12:06:46,-101.9802,31.8563,  51.7,20552,-62.3,-88.0,-83.2,  2,  4, 0.00,121, 4.0
2026-05-25 12:06:47,-101.9802,31.8564,  51.7,20557,-62.3,-88.0,-83.2,  2,  4, 0.00,122, 3.8
2026-05-25 12:06:48,-101.9803,31.8564,  51.6,20562,-62.3,-88.0,-83.2,  2,  4, 0.00,123, 3.8
2026-05-25 12:06:49,-101.9803,31.8564,  51.6,20567,-62.3,-88.0,-83.2,  2,  4, 0.00,124, 3.7
2026-05-25 12:06:50,-101.9803,31.8564,  51.5,20572,-62.3,-88.0,-83.2,  2,  4, 0.00,125, 3.6
2026-05-25 12:06:51,-101.9804,31.8564,  51.5,20577,-62.3,-88.0,-83.2,  2,  4, 0.00,126, 3.6
2026-05-25 12:06:52,-101.9804,31.8565,  51.5,20582,-62.3,-88.0,-83.2,  2,  4, 0.00,127, 3.5
2026-05-25 12:06:53,-101.9804,31.8565,  51.4,20587,-62.3,-88.0,-83.2,  2,  4, 0.00,126, 3.5
2026-05-25 12:06:54,-101.9805,31.8565,  51.4,20592,-62.2,-88.0,-83.2,  2,  4, 0.00,125, 3.5
2026-05-25 12:06:55,-101.9805,31.8565,  51.3,20597,-62.2,-87.9,-83.2,  2,  4, 0.00,124, 3.5
2026-05-25 12:06:56,-101.9805,31.8565,  51.3,20602,-62.2,-87.9,-83.2,  2,  4, 0.00,123, 3.5
2026-05-25 12:06:57,-101.9806,31.8565,  51.3,20607,-62.2,-87.9,-83.2,  2,  4, 0.00,122, 3.6
2026-05-25 12:06:58,-101.9806,31.8565,  51.2,20612,-62.2,-87.9,-83.2,  2,  4, 0.00,120, 3.6
2026-05-25 12:06:59,-101.9807,31.8566,  51.2,20617,-62.2,-87.9,-83.2,  2,  4, 0.00,119, 3.6
2026-05-25 12:07:00,-101.9807,31.8566,  51.1,20622,-62.2,-87.9,-83.2,  2,  4, 0.00,118, 3.6
2026-05-25 12:07:01,-101.9808,31.8566,  51.1,20627,-62.2,-87.9,-83.2,  2,  4, 0.00,117, 3.6
2026-05-25 12:07:02,-101.9808,31.8566,  51.1,20632,-62.2,-87.9,-83.2,  2,  4, 0.00,116, 3.6
2026-05-25 12:07:03,-101.9809,31.8566,  51.0,20636,-62.2,-87.9,-83.2,  2,  4, 0.00,115, 3.7
2026-05-25 12:07:04,-101.9809,31.8566,  51.0,20641,-62.2,-87.9,-83.2,  2,  4, 0.00,114, 3.7
2026-05-25 12:07:05,-101.9810,31.8566,  50.9,20646,-62.2,-87.9,-83.2,  2,  4, 0.00,113, 3.7
2026-05-25 12:07:06,-101.9811,31.8566,  50.9,20651,-62.2,-87.9,-83.2,  2,  4, 0.00,112, 3.7
2026-05-25 12:07:07,-101.9811,31.8566,  50.9,20656,-62.2,-87.9,-83.2,  2,  4, 0.00,111, 3.7
2026-05-25 12:07:08,-101.9812,31.8566,  50.8,20661,-62.2,-87.9,-83.2,  2,  4, 0.00,110, 3.7
2026-05-25 12:07:09,-101.9812,31.8566,  50.7,20668,-62.2,-87.9,-83.2,  2,  4, 0.00,108, 3.7
2026-05-25 12:07:10,-101.9813,31.8566,  50.7,20671,-62.2,-87.9,-83.2,  2,  4, 0.00,108, 3.7
2026-05-25 12:07:11,-101.9814,31.8566,  50.7,20676,-62.2,-87.9,-83.2,  2,  4, 0.00,107, 3.8
2026-05-25 12:07:12,-101.9814,31.8566,  50.6,20681,-62.2,-87.9,-83.2,  2,  4, 0.00,106, 3.8
2026-05-25 12:07:13,-101.9815,31.8566,  50.6,20686,-62.2,-87.9,-83.2,  2,  4, 0.00,104, 3.9
2026-05-25 12:07:14,-101.9815,31.8566,  50.6,20691,-62.2,-87.9,-83.2,  2,  4, 0.00,103, 4.1
2026-05-25 12:07:15,-101.9816,31.8566,  50.5,20696,-62.2,-87.9,-83.2,  2,  4, 0.00,102, 4.2
2026-05-25 12:07:16,-101.9816,31.8566,  50.5,20701,-62.2,-87.9,-83.2,  2,  4, 0.00,101, 4.4
2026-05-25 12:07:17,-101.9817,31.8566,  50.4,20706,-62.2,-87.9,-83.2,  2,  4, 0.00,100, 4.5
2026-05-25 12:07:18,-101.9818,31.8566,  50.4,20711,-62.2,-87.9,-83.1,  2,  4, 0.00, 99, 4.7
2026-05-25 12:07:19,-101.9818,31.8566,  50.4,20716,-62.2,-87.9,-83.1,  2,  4, 0.00, 98, 4.8
2026-05-25 12:07:20,-101.9819,31.8566,  50.3,20721,-62.2,-87.9,-83.1,  2,  4, 0.00, 98, 5.0
2026-05-25 12:07:21,-101.9819,31.8566,  50.3,20726,-62.2,-87.9,-83.1,  2,  4, 0.00, 97, 5.1
2026-05-25 12:07:22,-101.9820,31.8567,  50.2,20732,-62.2,-87.9,-83.1,  2,  4, 0.00, 96, 5.3
2026-05-25 12:07:23,-101.9820,31.8567,  50.2,20737,-62.2,-87.9,-83.1,  2,  4, 0.00, 95, 5.5
2026-05-25 12:07:24,-101.9821,31.8567,  50.2,20740,-62.2,-87.9,-83.1,  2,  4, 0.00, 95, 5.6
2026-05-25 12:07:25,-101.9822,31.8567,  50.1,20747,-62.2,-87.9,-83.1,  2,  4, 0.00, 94, 5.8
2026-05-25 12:07:26,-101.9822,31.8567,  50.1,20752,-62.2,-87.9,-83.1,  2,  4, 0.00, 94, 5.9
2026-05-25 12:07:27,-101.9823,31.8567,  50.0,20757,-62.2,-87.9,-83.1,  2,  4, 0.00, 93, 6.1
2026-05-25 12:07:28,-101.9823,31.8567,  50.0,20760,-62.2,-87.9,-83.1,  2,  4, 0.00, 93, 6.2
2026-05-25 12:07:29,-101.9824,31.8567,  49.9,20767,-62.2,-87.9,-83.1,  2,  4, 0.00, 92, 6.4
2026-05-25 12:07:30,-101.9825,31.8567,  49.9,20772,-62.2,-87.9,-83.2,  2,  4, 0.00, 92, 6.6
2026-05-25 12:07:31,-101.9826,31.8567,  49.9,20776,-62.2,-87.9,-83.2,  2,  4, 0.00, 91, 6.7
2026-05-25 12:07:32,-101.9827,31.8567,  49.8,20781,-62.2,-87.9,-83.2,  2,  4, 0.00, 91, 6.9
2026-05-25 12:07:33,-101.9828,31.8567,  49.8,20786,-62.2,-87.9,-83.2,  2,  4, 0.00, 91, 7.0
2026-05-25 12:07:34,-101.9828,31.8567,  49.7,20791,-62.2,-87.9,-83.2,  2,  4, 0.00, 91, 7.0
2026-05-25 12:07:35,-101.9829,31.8567,  49.7,20796,-62.2,-87.9,-83.2,  2,  4, 0.00, 90, 7.1
2026-05-25 12:07:36,-101.9830,31.8567,  49.7,20801,-62.2,-87.9,-83.2,  2,  4, 0.00, 90, 7.2
2026-05-25 12:07:37,-101.9831,31.8567,  49.6,20807,-62.2,-87.9,-83.2,  2,  4, 0.00, 90, 7.2
2026-05-25 12:07:38,-101.9832,31.8567,  49.6,20812,-62.2,-87.9,-83.2,  2,  4, 0.00, 90, 7.3
2026-05-25 12:07:39,-101.9833,31.8567,  49.5,20817,-62.2,-88.0,-83.2,  2,  4, 0.00, 90, 7.3
2026-05-25 12:07:40,-101.9833,31.8567,  49.5,20822,-62.2,-88.0,-83.2,  2,  4, 0.00, 90, 7.4
2026-05-25 12:07:41,-101.9834,31.8567,  49.5,20827,-62.2,-88.0,-83.2,  2,  4, 0.00, 90, 7.5
2026-05-25 12:07:42,-101.9835,31.8567,  49.4,20832,-62.2,-88.0,-83.2,  2,  4, 0.00, 90, 7.5
2026-05-25 12:07:43,-101.9836,31.8567,  49.4,20837,-62.2,-88.0,-83.2,  2,  4, 0.00, 89, 7.6
2026-05-25 12:07:44,-101.9837,31.8567,  49.3,20842,-62.2,-88.0,-83.2,  2,  4, 0.00, 89, 7.7
2026-05-25 12:07:45,-101.9838,31.8567,  49.3,20847,-62.2,-88.0,-83.2,  2,  4, 0.00, 89, 7.7
2026-05-25 12:07:46,-101.9838,31.8567,  49.3,20852,-62.2,-88.0,-83.2,  2,  4, 0.00, 89, 7.8
2026-05-25 12:07:47,-101.9839,31.8567,  49.2,20857,-62.2,-88.0,-83.2,  2,  4, 0.00, 89, 7.9
2026-05-25 12:07:48,-101.9840,31.8567,  49.2,20861,-62.2,-88.0,-83.2,  2,  4, 0.00, 89, 7.9
2026-05-25 12:07:49,-101.9841,31.8567,  49.1,20866,-62.2,-88.0,-83.2,  2,  4, 0.00, 89, 8.0
2026-05-25 12:07:50,-101.9842,31.8567,  49.1,20871,-62.2,-88.0,-83.2,  2,  4, 0.00, 89, 8.1
2026-05-25 12:07:51,-101.9843,31.8567,  49.1,20875,-62.2,-88.0,-83.2,  2,  4, 0.00, 89, 8.1
2026-05-25 12:07:52,-101.9844,31.8567,  49.0,20880,-62.2,-88.0,-83.2,  2,  4, 0.00, 89, 8.2
2026-05-25 12:07:53,-101.9844,31.8567,  49.0,20885,-62.1,-88.0,-83.2,  2,  4, 0.00, 89, 8.1
2026-05-25 12:07:54,-101.9845,31.8567,  49.0,20890,-62.1,-88.0,-83.2,  2,  4, 0.00, 89, 8.0
2026-05-25 12:07:55,-101.9846,31.8567,  48.9,20895,-62.1,-87.9,-83.2,  2,  4, 0.00, 89, 8.0
2026-05-25 12:07:56,-101.9847,31.8567,  48.9,20900,-62.1,-87.9,-83.2,  2,  4, 0.00, 89, 7.9
2026-05-25 12:07:57,-101.9848,31.8567,  48.8,20905,-62.1,-87.9,-83.2,  2,  4, 0.00, 89, 7.8
2026-05-25 12:07:58,-101.9849,31.8567,  48.8,20910,-62.0,-87.9,-83.1,  2,  4, 0.00, 89, 7.8
2026-05-25 12:07:59,-101.9849,31.8566,  48.8,20915,-62.0,-87.9,-83.1,  2,  4, 0.00, 89, 7.7
2026-05-25 12:08:00,-101.9850,31.8566,  48.7,20920,-62.0,-87.9,-83.1,  2,  4, 0.00, 89, 7.6
2026-05-25 12:08:01,-101.9850,31.8566,  48.7,20925,-62.0,-87.9,-83.1,  2,  4, 0.00, 89, 7.6
2026-05-25 12:08:02,-101.9851,31.8566,  48.6,20930,-62.0,-87.9,-83.1,  2,  4, 0.00, 89, 7.5
2026-05-25 12:08:03,-101.9851,31.8566,  48.6,20935,-62.0,-87.8,-83.1,  2,  4, 0.00, 89, 7.4
2026-05-25 12:08:04,-101.9852,31.8566,  48.6,20940,-61.9,-87.8,-83.1,  2,  4, 0.00, 89, 7.3
2026-05-25 12:08:05,-101.9852,31.8566,  48.5,20945,-61.9,-87.8,-83.0,  2,  4, 0.00, 89, 7.3
2026-05-25 12:08:06,-101.9853,31.8566,  48.5,20951,-61.9,-87.8,-83.0,  2,  4, 0.00, 89, 7.2
2026-05-25 12:08:07,-101.9854,31.8566,  48.4,20956,-61.8,-87.8,-83.0,  2,  4, 0.00, 89, 7.1
2026-05-25 12:08:08,-101.9854,31.8566,  48.4,20961,-61.8,-87.7,-83.0,  2,  4, 0.00, 89, 7.1
2026-05-25 12:08:09,-101.9855,31.8566,  48.4,20966,-61.7,-87.7,-82.9,  2,  4, 0.00, 89, 7.0
2026-05-25 12:08:10,-101.9855,31.8566,  48.3,20971,-61.7,-87.7,-82.9,  2,  4, 0.00, 89, 6.9
2026-05-25 12:08:11,-101.9856,31.8566,  48.3,20977,-61.7,-87.7,-82.9,  2,  4, 0.00, 90, 6.9
2026-05-25 12:08:12,-101.9856,31.8566,  48.2,20982,-61.6,-87.6,-82.9,  2,  4, 0.00, 90, 6.8
2026-05-25 12:08:13,-101.9857,31.8566,  48.2,20987,-61.6,-87.6,-82.8,  2,  4, 0.00, 89, 6.7
2026-05-25 12:08:14,-101.9858,31.8566,  48.2,20992,-61.5,-87.6,-82.8,  2,  4, 0.00, 89, 6.6
2026-05-25 12:08:15,-101.9858,31.8566,  48.1,20996,-61.5,-87.6,-82.8,  2,  4, 0.00, 89, 6.4
2026-05-25 12:08:16,-101.9859,31.8566,  48.1,21001,-61.5,-87.5,-82.8,  2,  4, 0.00, 89, 6.3
2026-05-25 12:08:17,-101.9859,31.8566,  48.0,21006,-61.4,-87.5,-82.7,  2,  4, 0.00, 88, 6.2
2026-05-25 12:08:18,-101.9860,31.8566,  48.0,21011,-61.4,-87.5,-82.7,  2,  4, 0.00, 88, 6.1
2026-05-25 12:08:19,-101.9860,31.8566,  48.0,21016,-61.3,-87.4,-82.7,  2,  4, 0.00, 88, 6.0
2026-05-25 12:08:20,-101.9861,31.8566,  47.9,21021,-61.3,-87.4,-82.6,  2,  4, 0.00, 87, 5.9
2026-05-25 12:08:21,-101.9861,31.8566,  47.9,21025,-61.2,-87.3,-82.6,  2,  4, 0.00, 87, 5.7
2026-05-25 12:08:22,-101.9862,31.8565,  47.9,21030,-61.2,-87.3,-82.5,  2,  4, 0.00, 87, 5.6
2026-05-25 12:08:23,-101.9863,31.8565,  47.8,21035,-61.1,-87.3,-82.5,  2,  4, 0.00, 86, 5.5
2026-05-25 12:08:24,-101.9863,31.8565,  47.8,21040,-61.1,-87.2,-82.4,  2,  4, 0.00, 86, 5.4
2026-05-25 12:08:25,-101.9864,31.8565,  47.7,21045,-61.0,-87.2,-82.4,  2,  4, 0.00, 85, 5.3
2026-05-25 12:08:26,-101.9864,31.8565,  47.7,21050,-61.0,-87.1,-82.4,  2,  4, 0.00, 85, 5.2
2026-05-25 12:08:27,-101.9865,31.8565,  47.7,21055,-60.9,-87.1,-82.3,  2,  4, 0.00, 85, 5.0
2026-05-25 12:08:28,-101.9865,31.8565,  47.6,21061,-60.9,-87.0,-82.3,  2,  4, 0.00, 84, 4.9
2026-05-25 12:08:29,-101.9866,31.8565,  47.6,21066,-60.8,-87.0,-82.2,  2,  4, 0.00, 84, 4.8
2026-05-25 12:08:30,-101.9867,31.8565,  47.5,21071,-60.8,-86.9,-82.2,  2,  4, 0.00, 83, 4.7
2026-05-25 12:08:31,-101.9867,31.8565,  47.5,21076,-60.8,-86.9,-82.2,  2,  4, 0.00, 83, 4.6
2026-05-25 12:08:32,-101.9868,31.8564,  47.5,21082,-60.7,-86.9,-82.1,  2,  4, 0.00, 82, 4.5
2026-05-25 12:08:33,-101.9868,31.8564,  47.4,21087,-60.7,-86.8,-82.1,  2,  4, 0.01, 81, 4.5
2026-05-25 12:08:34,-101.9869,31.8564,  47.4,21092,-60.6,-86.8,-82.1,  2,  4, 0.01, 79, 4.6
2026-05-25 12:08:35,-101.9869,31.8564,  47.3,21098,-60.6,-86.8,-82.0,  2,  4, 0.01, 77, 4.7
2026-05-25 12:08:36,-101.9870,31.8563,  47.3,21103,-60.5,-86.8,-82.0,  2,  4, 0.01, 76, 4.7
2026-05-25 12:08:37,-101.9871,31.8563,  47.3,21108,-60.5,-86.7,-82.0,  2,  4, 0.01, 75, 4.8
2026-05-25 12:08:38,-101.9871,31.8563,  47.2,21113,-60.4,-86.7,-81.9,  2,  4, 0.01, 73, 4.8
2026-05-25 12:08:39,-101.9872,31.8563,  47.2,21118,-60.4,-86.7,-81.9,  2,  4, 0.01, 72, 4.9
2026-05-25 12:08:40,-101.9872,31.8562,  47.2,21123,-60.4,-86.6,-81.9,  2,  4, 0.01, 70, 5.0
2026-05-25 12:08:41,-101.9873,31.8562,  47.1,21128,-60.3,-86.6,-81.8,  2,  4, 0.01, 69, 5.0
2026-05-25 12:08:42,-101.9873,31.8562,  47.1,21132,-60.3,-86.6,-81.8,  2,  4, 0.01, 68, 5.1
2026-05-25 12:08:43,-101.9874,31.8562,  47.0,21137,-60.2,-86.5,-81.8,  2,  4, 0.01, 67, 5.2
2026-05-25 12:08:44,-101.9875,31.8561,  47.0,21142,-60.2,-86.5,-81.7,  2,  4, 0.01, 65, 5.2
2026-05-25 12:08:45,-101.9875,31.8561,  47.0,21147,-60.1,-86.5,-81.7,  2,  4, 0.01, 64, 5.3
2026-05-25 12:08:46,-101.9876,31.8561,  46.9,21152,-60.1,-86.4,-81.7,  2,  4, 0.01, 63, 5.3
2026-05-25 12:08:47,-101.9876,31.8561,  46.9,21157,-60.0,-86.4,-81.6,  2,  4, 0.01, 62, 5.4
2026-05-25 12:08:48,-101.9877,31.8560,  46.9,21163,-60.0,-86.4,-81.6,  2,  4, 0.01, 61, 5.5
2026-05-25 12:08:49,-101.9878,31.8560,  46.8,21168,-60.0,-86.3,-81.6,  2,  4, 0.01, 60, 5.5
2026-05-25 12:08:50,-101.9878,31.8560,  46.8,21173,-59.9,-86.3,-81.5,  2,  4, 0.01, 59, 5.6
2026-05-25 12:08:51,-101.9879,31.8559,  46.7,21179,-59.9,-86.3,-81.5,  2,  4, 0.01, 58, 5.6
2026-05-25 12:08:52,-101.9879,31.8559,  46.7,21184,-59.8,-86.2,-81.5,  2,  4, 0.01, 57, 5.7
2026-05-25 12:08:53,-101.9880,31.8559,  46.7,21190,-59.8,-86.2,-81.4,  2,  4, 0.01, 58, 5.8
2026-05-25 12:08:54,-101.9880,31.8559,  46.6,21195,-59.7,-86.2,-81.4,  2,  4, 0.01, 58, 5.9
2026-05-25 12:08:55,-101.9881,31.8558,  46.6,21200,-59.7,-86.1,-81.4,  2,  4, 0.01, 59, 6.0
2026-05-25 12:08:56,-101.9882,31.8558,  46.5,21206,-59.6,-86.1,-81.3,  2,  4, 0.01, 60, 6.1
2026-05-25 12:08:57,-101.9882,31.8558,  46.5,21211,-59.6,-86.1,-81.3,  2,  4, 0.01, 61, 6.2
2026-05-25 12:08:58,-101.9883,31.8558,  46.4,21217,-59.5,-86.0,-81.3,  2,  4, 0.01, 61, 6.3
2026-05-25 12:08:59,-101.9883,31.8557,  46.4,21222,-59.5,-86.0,-81.3,  2,  4, 0.01, 62, 6.4
2026-05-25 12:09:00,-101.9884,31.8557,  46.4,21228,-59.5,-86.0,-81.2,  2,  4, 0.01, 63, 6.5
2026-05-25 12:09:01,-101.9884,31.8557,  46.3,21234,-59.4,-86.0,-81.2,  2,  4, 0.01, 63, 6.6
2026-05-25 12:09:02,-101.9885,31.8557,  46.3,21240,-59.4,-85.9,-81.2,  2,  4, 0.01, 64, 6.7
2026-05-25 12:09:03,-101.9886,31.8557,  46.2,21245,-59.4,-85.9,-81.2,  2,  4, 0.01, 65, 6.8
2026-05-25 12:09:04,-101.9886,31.8557,  46.2,21251,-59.3,-85.9,-81.1,  2,  4, 0.01, 65, 6.9
2026-05-25 12:09:05,-101.9887,31.8557,  46.2,21256,-59.3,-85.9,-81.1,  2,  4, 0.01, 66, 7.0
2026-05-25 12:09:06,-101.9888,31.8556,  46.1,21261,-59.3,-85.9,-81.1,  2,  4, 0.01, 66, 7.1
2026-05-25 12:09:07,-101.9889,31.8556,  46.1,21266,-59.2,-85.8,-81.1,  2,  4, 0.01, 67, 7.2
2026-05-25 12:09:08,-101.9889,31.8556,  46.0,21272,-59.2,-85.8,-81.1,  2,  4, 0.01, 67, 7.3
2026-05-25 12:09:09,-101.9890,31.8556,  46.0,21277,-59.2,-85.8,-81.0,  2,  4, 0.01, 68, 7.4
2026-05-25 12:09:10,-101.9890,31.8556,  46.0,21282,-59.1,-85.8,-81.0,  2,  4, 0.01, 68, 7.5
2026-05-25 12:09:11,-101.9891,31.8556,  45.9,21285,-59.1,-85.8,-81.0,  2,  4, 0.01, 69, 7.5
2026-05-25 12:09:12,-101.9892,31.8556,  45.9,21293,-59.1,-85.7,-81.0,  2,  4, 0.01, 69, 7.7
2026-05-25 12:09:13,-101.9893,31.8556,  45.8,21298,-59.1,-85.7,-80.9,  2,  4, 0.01, 70, 7.6
2026-05-25 12:09:14,-101.9893,31.8556,  45.8,21304,-59.0,-85.7,-80.9,  2,  4, 0.01, 71, 7.5
2026-05-25 12:09:15,-101.9894,31.8556,  45.8,21309,-59.0,-85.7,-80.9,  2,  4, 0.01, 71, 7.4
2026-05-25 12:09:16,-101.9895,31.8556,  45.7,21315,-59.0,-85.6,-80.9,  2,  4, 0.01, 72, 7.4
2026-05-25 12:09:17,-101.9895,31.8556,  45.7,21320,-59.0,-85.6,-80.8,  2,  4, 0.01, 73, 7.3
2026-05-25 12:09:18,-101.9896,31.8556,  45.6,21326,-58.9,-85.6,-80.8,  2,  4, 0.01, 74, 7.2
2026-05-25 12:09:19,-101.9897,31.8556,  45.6,21332,-58.9,-85.6,-80.8,  2,  4, 0.01, 74, 7.1
2026-05-25 12:09:20,-101.9897,31.8556,  45.6,21337,-58.9,-85.5,-80.8,  2,  4, 0.01, 75, 7.1
2026-05-25 12:09:21,-101.9898,31.8555,  45.5,21343,-58.9,-85.5,-80.7,  2,  4, 0.01, 76, 7.0
2026-05-25 12:09:22,-101.9899,31.8555,  45.5,21348,-58.8,-85.5,-80.7,  2,  4, 0.01, 77, 6.9
2026-05-25 12:09:23,-101.9899,31.8555,  45.4,21354,-58.8,-85.5,-80.7,  2,  4, 0.01, 78, 6.9
2026-05-25 12:09:24,-101.9900,31.8555,  45.4,21360,-58.8,-85.4,-80.7,  2,  4, 0.01, 79, 6.8
2026-05-25 12:09:25,-101.9901,31.8555,  45.4,21365,-58.8,-85.4,-80.6,  2,  4, 0.01, 80, 6.7
2026-05-25 12:09:26,-101.9901,31.8555,  45.3,21371,-58.8,-85.4,-80.6,  2,  4, 0.01, 81, 6.6
2026-05-25 12:09:27,-101.9902,31.8555,  45.3,21376,-58.7,-85.4,-80.6,  2,  4, 0.01, 82, 6.5
2026-05-25 12:09:28,-101.9903,31.8555,  45.2,21382,-58.7,-85.3,-80.6,  2,  4, 0.01, 83, 6.4
2026-05-25 12:09:29,-101.9903,31.8555,  45.2,21387,-58.7,-85.3,-80.5,  2,  4, 0.01, 84, 6.4
2026-05-25 12:09:30,-101.9904,31.8555,  45.2,21393,-58.7,-85.3,-80.5,  2,  4, 0.01, 85, 6.3
2026-05-25 12:09:31,-101.9905,31.8555,  45.1,21398,-58.6,-85.2,-80.5,  2,  4, 0.01, 86, 6.2
2026-05-25 12:09:32,-101.9905,31.8555,  45.1,21404,-58.6,-85.2,-80.5,  2,  4, 0.01, 87, 6.2
2026-05-25 12:09:33,-101.9906,31.8555,  45.0,21409,-58.6,-85.2,-80.4,  2,  4, 0.01, 88, 6.1
2026-05-25 12:09:34,-101.9906,31.8555,  45.0,21415,-58.6,-85.2,-80.4,  2,  4, 0.01, 89, 6.0
2026-05-25 12:09:35,-101.9907,31.8555,  45.0,21421,-58.6,-85.1,-80.4,  2,  4, 0.01, 91, 6.0
2026-05-25 12:09:36,-101.9907,31.8555,  44.9,21426,-58.5,-85.1,-80.4,  2,  4, 0.01, 92, 5.9
2026-05-25 12:09:37,-101.9908,31.8556,  44.9,21432,-58.5,-85.1,-80.3,  2,  4, 0.01, 93, 5.8
2026-05-25 12:09:38,-101.9908,31.8556,  44.8,21437,-58.5,-85.1,-80.3,  2,  4, 0.01, 95, 5.7
2026-05-25 12:09:39,-101.9908,31.8556,  44.8,21443,-58.5,-85.0,-80.3,  2,  4, 0.01, 96, 5.6
2026-05-25 12:09:40,-101.9909,31.8556,  44.8,21449,-58.5,-85.0,-80.3,  2,  4, 0.01, 98, 5.6
2026-05-25 12:09:41,-101.9909,31.8556,  44.7,21455,-58.5,-85.0,-80.2,  2,  4, 0.01,100, 5.5
2026-05-25 12:09:42,-101.9910,31.8556,  44.7,21460,-58.4,-85.0,-80.2,  2,  4, 0.01,101, 5.4
2026-05-25 12:09:43,-101.9910,31.8557,  44.6,21466,-58.4,-85.0,-80.2,  2,  4, 0.01,103, 5.3
2026-05-25 12:09:44,-101.9910,31.8557,  44.6,21472,-58.4,-84.9,-80.2,  2,  4, 0.01,105, 5.3
2026-05-25 12:09:45,-101.9911,31.8557,  44.6,21477,-58.4,-84.9,-80.2,  2,  4, 0.01,107, 5.2
2026-05-25 12:09:46,-101.9911,31.8557,  44.5,21483,-58.4,-84.9,-80.1,  2,  4, 0.01,109, 5.1
2026-05-25 12:09:47,-101.9911,31.8557,  44.5,21489,-58.4,-84.9,-80.1,  2,  4, 0.01,111, 5.0
2026-05-25 12:09:48,-101.9912,31.8558,  44.4,21494,-58.4,-84.8,-80.1,  2,  4, 0.01,113, 4.9
2026-05-25 12:09:49,-101.9912,31.8558,  44.4,21500,-58.3,-84.8,-80.1,  2,  4, 0.01,115, 4.9
2026-05-25 12:09:50,-101.9913,31.8558,  44.4,21506,-58.3,-84.8,-80.0,  2,  4, 0.01,117, 4.8
2026-05-25 12:09:51,-101.9913,31.8558,  44.3,21512,-58.3,-84.8,-80.0,  2,  4, 0.01,119, 4.7
2026-05-25 12:09:52,-101.9913,31.8558,  44.3,21518,-58.3,-84.8,-80.0,  2,  4, 0.01,121, 4.6
2026-05-25 12:09:53,-101.9914,31.8558,  44.2,21524,-58.3,-84.8,-80.0,  2,  4, 0.01,121, 4.6
2026-05-25 12:09:54,-101.9914,31.8559,  44.2,21530,-58.3,-84.8,-80.0,  2,  4, 0.01,121, 4.5
2026-05-25 12:09:55,-101.9915,31.8559,  44.1,21536,-58.3,-84.8,-80.0,  2,  4, 0.01,120, 4.4
2026-05-25 12:09:56,-101.9915,31.8559,  44.1,21542,-58.3,-84.8,-80.0,  2,  4, 0.01,120, 4.3
2026-05-25 12:09:57,-101.9915,31.8559,  44.1,21547,-58.3,-84.8,-80.0,  2,  4, 0.01,119, 4.3
2026-05-25 12:09:58,-101.9916,31.8559,  44.0,21553,-58.3,-84.8,-80.0,  2,  4, 0.01,119, 4.2
2026-05-25 12:09:59,-101.9916,31.8560,  44.0,21559,-58.3,-84.8,-80.0,  2,  4, 0.01,119, 4.1
2026-05-25 12:10:00,-101.9917,31.8560,  43.9,21565,-58.3,-84.8,-80.0,  2,  4, 0.01,118, 4.0
2026-05-25 12:10:01,-101.9917,31.8560,  43.9,21570,-58.3,-84.8,-80.0,  2,  4, 0.01,118, 4.0
2026-05-25 12:10:02,-101.9917,31.8560,  43.9,21576,-58.3,-84.8,-80.0,  2,  4, 0.01,117, 3.9
2026-05-25 12:10:03,-101.9918,31.8560,  43.8,21581,-58.3,-84.8,-80.0,  2,  4, 0.01,117, 3.8
2026-05-25 12:10:04,-101.9918,31.8560,  43.8,21587,-58.3,-84.8,-80.0,  2,  4, 0.01,116, 3.8
2026-05-25 12:10:05,-101.9918,31.8560,  43.7,21592,-58.2,-84.8,-80.0,  2,  4, 0.01,115, 3.7
2026-05-25 12:10:06,-101.9919,31.8560,  43.7,21599,-58.2,-84.8,-80.0,  2,  4, 0.01,115, 3.6
2026-05-25 12:10:07,-101.9919,31.8560,  43.7,21605,-58.2,-84.8,-80.0,  2,  4, 0.01,114, 3.5
2026-05-25 12:10:08,-101.9919,31.8560,  43.6,21611,-58.2,-84.8,-80.0,  2,  4, 0.01,114, 3.5
2026-05-25 12:10:09,-101.9919,31.8560,  43.6,21617,-58.2,-84.8,-80.0,  2,  4, 0.01,113, 3.4
2026-05-25 12:10:10,-101.9920,31.8559,  43.5,21623,-58.2,-84.8,-80.0,  2,  4, 0.01,112, 3.3
2026-05-25 12:10:11,-101.9920,31.8559,  43.5,21629,-58.2,-84.8,-80.0,  2,  4, 0.01,112, 3.3
2026-05-25 12:10:12,-101.9920,31.8559,  43.5,21635,-58.2,-84.8,-80.0,  2,  4, 0.01,111, 3.2
2026-05-25 12:10:13,-101.9921,31.8559,  43.4,21641,-58.2,-84.8,-80.0,  2,  4, 0.01,109, 3.2
2026-05-25 12:10:14,-101.9921,31.8559,  43.4,21648,-58.2,-84.8,-80.0,  2,  4, 0.01,106, 3.2
2026-05-25 12:10:15,-101.9921,31.8559,  43.3,21654,-58.2,-84.8,-80.0,  2,  4, 0.01,104, 3.2
2026-05-25 12:10:16,-101.9922,31.8559,  43.3,21660,-58.2,-84.8,-80.0,  2,  4, 0.01,102, 3.2
2026-05-25 12:10:17,-101.9922,31.8559,  43.2,21668,-58.2,-84.8,-80.0,  2,  4, 0.01, 98, 3.2
2026-05-25 12:10:18,-101.9922,31.8559,  43.2,21672,-58.2,-84.8,-80.0,  2,  4, 0.01, 96, 3.2
2026-05-25 12:10:19,-101.9923,31.8559,  43.2,21677,-58.2,-84.8,-80.0,  2,  4, 0.01, 94, 3.2
2026-05-25 12:10:20,-101.9923,31.8559,  43.1,21683,-58.2,-84.8,-80.0,  2,  4, 0.01, 91, 3.2
2026-05-25 12:10:21,-101.9923,31.8558,  43.1,21689,-58.2,-84.8,-80.0,  2,  4, 0.01, 89, 3.2
2026-05-25 12:10:22,-101.9923,31.8558,  43.0,21695,-58.2,-84.7,-80.0,  2,  4, 0.01, 86, 3.2
2026-05-25 12:10:23,-101.9924,31.8558,  43.0,21701,-58.2,-84.7,-80.0,  2,  4, 0.01, 83, 3.2
2026-05-25 12:10:24,-101.9924,31.8558,  43.0,21707,-58.2,-84.7,-80.0,  2,  4, 0.01, 81, 3.2
2026-05-25 12:10:25,-101.9924,31.8558,  42.9,21712,-58.2,-84.7,-80.0,  2,  4, 0.01, 78, 3.2
2026-05-25 12:10:26,-101.9925,31.8558,  42.9,21718,-58.2,-84.7,-80.0,  2,  4, 0.01, 75, 3.2
2026-05-25 12:10:27,-101.9925,31.8558,  42.8,21724,-58.2,-84.7,-79.9,  2,  4, 0.01, 73, 3.1
2026-05-25 12:10:28,-101.9925,31.8558,  42.8,21730,-58.2,-84.7,-79.9,  2,  4, 0.01, 70, 3.1
2026-05-25 12:10:29,-101.9926,31.8558,  42.8,21736,-58.2,-84.7,-79.9,  2,  4, 0.01, 68, 3.1
2026-05-25 12:10:30,-101.9926,31.8558,  42.7,21742,-58.2,-84.7,-79.9,  2,  4, 0.01, 65, 3.1
2026-05-25 12:10:31,-101.9926,31.8557,  42.7,21748,-58.2,-84.7,-79.9,  2,  4, 0.01, 63, 3.1
2026-05-25 12:10:32,-101.9927,31.8557,  42.6,21753,-58.2,-84.7,-79.9,  2,  4, 0.01, 60, 3.1
2026-05-25 12:10:33,-101.9927,31.8557,  42.6,21759,-58.2,-84.7,-79.9,  2,  4, 0.01, 60, 3.2
2026-05-25 12:10:34,-101.9927,31.8557,  42.6,21765,-58.2,-84.7,-79.9,  2,  4, 0.01, 60, 3.4
2026-05-25 12:10:35,-101.9928,31.8557,  42.5,21770,-58.2,-84.7,-79.9,  2,  4, 0.01, 60, 3.5
2026-05-25 12:10:36,-101.9929,31.8556,  42.5,21776,-58.2,-84.7,-79.9,  2,  4, 0.01, 60, 3.6
2026-05-25 12:10:37,-101.9929,31.8556,  42.5,21782,-58.3,-84.7,-79.9,  2,  4, 0.01, 60, 3.7
2026-05-25 12:10:38,-101.9930,31.8556,  42.4,21787,-58.3,-84.7,-79.9,  2,  4, 0.01, 59, 3.8
2026-05-25 12:10:39,-101.9931,31.8556,  42.4,21793,-58.3,-84.7,-79.9,  2,  4, 0.01, 59, 3.9
2026-05-25 12:10:40,-101.9931,31.8555,  42.3,21799,-58.3,-84.7,-79.9,  2,  4, 0.01, 59, 4.1
2026-05-25 12:10:41,-101.9932,31.8555,  42.3,21805,-58.3,-84.7,-79.9,  2,  4, 0.01, 59, 4.2
2026-05-25 12:10:42,-101.9932,31.8555,  42.3,21811,-58.3,-84.7,-79.9,  2,  4, 0.01, 59, 4.3
2026-05-25 12:10:43,-101.9933,31.8555,  42.2,21817,-58.3,-84.7,-79.9,  2,  4, 0.01, 59, 4.4
2026-05-25 12:10:44,-101.9934,31.8554,  42.2,21823,-58.3,-84.7,-79.9,  2,  4, 0.01, 59, 4.5
2026-05-25 12:10:45,-101.9934,31.8554,  42.1,21828,-58.3,-84.7,-79.9,  2,  4, 0.01, 59, 4.6
2026-05-25 12:10:46,-101.9935,31.8554,  42.1,21834,-58.3,-84.7,-79.9,  2,  4, 0.01, 59, 4.8
2026-05-25 12:10:47,-101.9936,31.8553,  42.1,21839,-58.3,-84.7,-79.9,  2,  4, 0.01, 58, 4.9
2026-05-25 12:10:48,-101.9936,31.8553,  42.0,21845,-58.3,-84.7,-79.9,  2,  4, 0.01, 58, 5.0
2026-05-25 12:10:49,-101.9937,31.8553,  42.0,21850,-58.3,-84.7,-79.9,  2,  4, 0.01, 58, 5.1
2026-05-25 12:10:50,-101.9938,31.8553,  42.0,21856,-58.3,-84.7,-80.0,  2,  4, 0.01, 58, 5.2
2026-05-25 12:10:51,-101.9938,31.8552,  41.9,21861,-58.3,-84.7,-80.0,  2,  4, 0.01, 58, 5.3
2026-05-25 12:10:52,-101.9939,31.8552,  41.9,21867,-58.3,-84.7,-80.0,  2,  4, 0.01, 58, 5.5
2026-05-25 12:10:53,-101.9939,31.8552,  41.8,21873,-58.3,-84.7,-80.0,  2,  4, 0.01, 59, 5.6
2026-05-25 12:10:54,-101.9940,31.8552,  41.8,21879,-58.3,-84.8,-80.0,  2,  4, 0.01, 60, 5.8
2026-05-25 12:10:55,-101.9941,31.8551,  41.8,21884,-58.3,-84.8,-80.0,  2,  4, 0.01, 60, 5.9
2026-05-25 12:10:56,-101.9941,31.8551,  41.7,21890,-58.3,-84.8,-80.0,  2,  4, 0.01, 61, 6.1
2026-05-25 12:10:57,-101.9942,31.8551,  41.7,21895,-58.3,-84.8,-80.0,  2,  4, 0.01, 62, 6.3
2026-05-25 12:10:58,-101.9943,31.8550,  41.7,21901,-58.3,-84.8,-80.0,  2,  4, 0.01, 62, 6.4
2026-05-25 12:10:59,-101.9943,31.8550,  41.6,21906,-58.3,-84.8,-80.0,  2,  4, 0.01, 63, 6.6
2026-05-25 12:11:00,-101.9944,31.8550,  41.6,21912,-58.2,-84.8,-80.0,  2,  4, 0.01, 63, 6.8
2026-05-25 12:11:01,-101.9945,31.8550,  41.5,21917,-58.2,-84.8,-80.0,  2,  4, 0.01, 64, 6.9
2026-05-25 12:11:02,-101.9945,31.8549,  41.5,21923,-58.2,-84.8,-80.0,  2,  4, 0.01, 64, 7.1
2026-05-25 12:11:03,-101.9946,31.8549,  41.5,21928,-58.2,-84.7,-80.0,  2,  4, 0.01, 65, 7.3
2026-05-25 12:11:04,-101.9946,31.8549,  41.4,21933,-58.2,-84.7,-80.0,  2,  4, 0.01, 65, 7.4
2026-05-25 12:11:05,-101.9948,31.8549,  41.4,21939,-58.2,-84.7,-80.0,  2,  4, 0.01, 66, 7.6
2026-05-25 12:11:06,-101.9949,31.8549,  41.4,21944,-58.2,-84.7,-80.0,  2,  4, 0.01, 66, 7.8
2026-05-25 12:11:07,-101.9950,31.8549,  41.3,21949,-58.2,-84.7,-80.0,  2,  4, 0.01, 67, 7.9
2026-05-25 12:11:08,-101.9951,31.8549,  41.3,21955,-58.2,-84.7,-80.0,  2,  4, 0.01, 67, 8.1
2026-05-25 12:11:09,-101.9952,31.8549,  41.3,21960,-58.1,-84.7,-79.9,  2,  4, 0.01, 67, 8.3
2026-05-25 12:11:10,-101.9953,31.8549,  41.2,21965,-58.1,-84.7,-79.9,  2,  4, 0.01, 68, 8.5
2026-05-25 12:11:11,-101.9954,31.8549,  41.2,21970,-58.1,-84.7,-79.9,  2,  4, 0.01, 68, 8.6
2026-05-25 12:11:12,-101.9955,31.8548,  41.2,21976,-58.1,-84.7,-79.9,  2,  4, 0.01, 68, 8.8
2026-05-25 12:11:13,-101.9956,31.8548,  41.1,21981,-58.1,-84.6,-79.9,  2,  4, 0.01, 70, 8.9
2026-05-25 12:11:14,-101.9958,31.8548,  41.1,21986,-58.1,-84.6,-79.9,  2,  4, 0.01, 71, 9.0
2026-05-25 12:11:15,-101.9959,31.8548,  41.1,21991,-58.0,-84.6,-79.8,  2,  4, 0.01, 72, 9.1
2026-05-25 12:11:16,-101.9960,31.8548,  41.0,21996,-58.0,-84.6,-79.8,  2,  4, 0.01, 73, 9.3
2026-05-25 12:11:17,-101.9961,31.8548,  41.0,22001,-58.0,-84.5,-79.8,  2,  4, 0.01, 75, 9.4
2026-05-25 12:11:18,-101.9962,31.8548,  41.0,22007,-58.0,-84.5,-79.8,  2,  4, 0.01, 76, 9.5
2026-05-25 12:11:19,-101.9963,31.8548,  40.9,22012,-58.0,-84.5,-79.7,  2,  4, 0.01, 77, 9.6
2026-05-25 12:11:20,-101.9964,31.8548,  40.9,22017,-57.9,-84.5,-79.7,  2,  4, 0.01, 78, 9.7
2026-05-25 12:11:21,-101.9965,31.8548,  40.9,22022,-57.9,-84.5,-79.7,  2,  4, 0.01, 79, 9.8
2026-05-25 12:11:22,-101.9966,31.8548,  40.8,22027,-57.9,-84.4,-79.7,  2,  4, 0.01, 80,10.0
2026-05-25 12:11:23,-101.9968,31.8548,  40.8,22032,-57.9,-84.4,-79.6,  2,  4, 0.01, 81,10.1
2026-05-25 12:11:24,-101.9969,31.8548,  40.8,22037,-57.9,-84.4,-79.6,  2,  4, 0.01, 82,10.2
2026-05-25 12:11:25,-101.9970,31.8548,  40.7,22042,-57.8,-84.4,-79.6,  2,  4, 0.01, 83,10.3
2026-05-25 12:11:26,-101.9971,31.8548,  40.7,22047,-57.8,-84.3,-79.6,  2,  4, 0.01, 84,10.4
2026-05-25 12:11:27,-101.9972,31.8548,  40.7,22052,-57.8,-84.3,-79.6,  2,  4, 0.01, 85,10.5
2026-05-25 12:11:28,-101.9973,31.8548,  40.6,22057,-57.8,-84.3,-79.5,  2,  4, 0.01, 86,10.6
2026-05-25 12:11:29,-101.9974,31.8548,  40.6,22062,-57.7,-84.3,-79.5,  2,  4, 0.01, 87,10.7
2026-05-25 12:11:30,-101.9975,31.8548,  40.6,22067,-57.7,-84.2,-79.5,  2,  4, 0.01, 88,10.8
2026-05-25 12:11:31,-101.9977,31.8548,  40.5,22072,-57.7,-84.2,-79.5,  2,  4, 0.01, 89,11.0
2026-05-25 12:11:32,-101.9978,31.8548,  40.5,22077,-57.7,-84.2,-79.4,  2,  4, 0.01, 89,11.1
2026-05-25 12:11:33,-101.9979,31.8548,  40.5,22082,-57.6,-84.2,-79.4,  2,  4, 0.01, 90,11.1
2026-05-25 12:11:34,-101.9980,31.8547,  40.4,22087,-57.6,-84.2,-79.4,  2,  4, 0.01, 91,11.1
2026-05-25 12:11:35,-101.9981,31.8548,  40.4,22092,-57.6,-84.1,-79.4,  2,  4, 0.01, 91,11.0
2026-05-25 12:11:36,-101.9982,31.8548,  40.4,22097,-57.6,-84.1,-79.3,  2,  4, 0.01, 92,11.0
2026-05-25 12:11:37,-101.9983,31.8548,  40.3,22102,-57.5,-84.1,-79.3,  2,  4, 0.01, 93,11.0
2026-05-25 12:11:38,-101.9984,31.8548,  40.3,22107,-57.5,-84.1,-79.3,  2,  4, 0.01, 93,10.9
2026-05-25 12:11:39,-101.9985,31.8548,  40.3,22112,-57.5,-84.0,-79.3,  2,  4, 0.01, 94,10.9
2026-05-25 12:11:40,-101.9986,31.8549,  40.3,22117,-57.5,-84.0,-79.2,  2,  4, 0.01, 95,10.9
2026-05-25 12:11:41,-101.9987,31.8549,  40.2,22122,-57.4,-84.0,-79.2,  2,  4, 0.01, 95,10.9
2026-05-25 12:11:42,-101.9988,31.8549,  40.2,22127,-57.4,-84.0,-79.2,  2,  4, 0.01, 96,10.9
2026-05-25 12:11:43,-101.9989,31.8549,  40.2,22132,-57.4,-83.9,-79.2,  2,  4, 0.01, 97,10.8
2026-05-25 12:11:44,-101.9990,31.8549,  40.1,22137,-57.3,-83.9,-79.1,  2,  4, 0.01, 97,10.8
2026-05-25 12:11:45,-101.9991,31.8550,  40.1,22143,-57.3,-83.9,-79.1,  2,  4, 0.01, 98,10.8
2026-05-25 12:11:46,-101.9992,31.8550,  40.1,22148,-57.3,-83.9,-79.1,  2,  4, 0.01, 99,10.8
2026-05-25 12:11:47,-101.9993,31.8550,  40.0,22153,-57.3,-83.8,-79.1,  2,  4, 0.01, 99,10.8
2026-05-25 12:11:48,-101.9994,31.8550,  40.0,22158,-57.2,-83.8,-79.1,  2,  4, 0.01,100,10.8
2026-05-25 12:11:49,-101.9995,31.8550,  40.0,22163,-57.2,-83.8,-79.0,  2,  4, 0.01,101,10.8
2026-05-25 12:11:50,-101.9996,31.8551,  39.9,22169,-57.2,-83.8,-79.0,  2,  4, 0.01,101,10.8
2026-05-25 12:11:51,-101.9997,31.8551,  39.9,22174,-57.2,-83.7,-79.0,  2,  4, 0.01,102,10.8
2026-05-25 12:11:52,-101.9998,31.8551,  39.9,22179,-57.1,-83.7,-79.0,  2,  4, 0.01,103,10.8
2026-05-25 12:11:53,-101.9999,31.8551,  39.8,22184,-57.1,-83.7,-78.9,  2,  4, 0.01,103,10.6
2026-05-25 12:11:54,-102.0000,31.8552,  39.8,22190,-57.1,-83.7,-78.9,  2,  4, 0.01,103,10.5
2026-05-25 12:11:55,-102.0001,31.8552,  39.8,22195,-57.0,-83.7,-78.9,  2,  4, 0.01,103,10.4
2026-05-25 12:11:56,-102.0002,31.8552,  39.7,22201,-57.0,-83.6,-78.9,  2,  4, 0.01,103,10.3
2026-05-25 12:11:57,-102.0003,31.8552,  39.7,22206,-57.0,-83.6,-78.9,  2,  4, 0.01,103,10.2
2026-05-25 12:11:58,-102.0004,31.8552,  39.7,22212,-57.0,-83.6,-78.8,  2,  4, 0.01,103,10.1
2026-05-25 12:11:59,-102.0005,31.8553,  39.6,22217,-56.9,-83.6,-78.8,  2,  4, 0.01,103,10.0
2026-05-25 12:12:00,-102.0006,31.8553,  39.6,22223,-56.9,-83.6,-78.8,  2,  4, 0.01,103, 9.9
2026-05-25 12:12:01,-102.0007,31.8553,  39.6,22228,-56.9,-83.5,-78.8,  2,  4, 0.01,103, 9.8
2026-05-25 12:12:02,-102.0008,31.8553,  39.5,22233,-56.8,-83.5,-78.8,  2,  4, 0.01,103, 9.7
2026-05-25 12:12:03,-102.0009,31.8553,  39.5,22239,-56.8,-83.5,-78.7,  2,  4, 0.01,103, 9.5
2026-05-25 12:12:04,-102.0010,31.8554,  39.4,22244,-56.8,-83.5,-78.7,  2,  4, 0.01,104, 9.4
2026-05-25 12:12:05,-102.0011,31.8554,  39.4,22250,-56.8,-83.4,-78.7,  2,  4, 0.01,104, 9.3
2026-05-25 12:12:06,-102.0012,31.8554,  39.4,22255,-56.7,-83.4,-78.7,  2,  4, 0.01,104, 9.2
2026-05-25 12:12:07,-102.0012,31.8554,  39.3,22261,-56.7,-83.4,-78.7,  2,  4, 0.01,104, 9.1
2026-05-25 12:12:08,-102.0013,31.8554,  39.3,22267,-56.7,-83.4,-78.6,  2,  4, 0.01,104, 9.0
2026-05-25 12:12:09,-102.0014,31.8554,  39.3,22272,-56.7,-83.4,-78.6,  2,  4, 0.01,104, 8.9
2026-05-25 12:12:10,-102.0015,31.8554,  39.2,22278,-56.6,-83.4,-78.6,  2,  4, 0.01,104, 8.8
2026-05-25 12:12:11,-102.0015,31.8554,  39.2,22284,-56.6,-83.3,-78.6,  2,  4, 0.01,104, 8.7
2026-05-25 12:12:12,-102.0016,31.8554,  39.2,22289,-56.6,-83.3,-78.6,  2,  4, 0.01,104, 8.5
2026-05-25 12:12:13,-102.0017,31.8554,  39.1,22295,-56.6,-83.3,-78.5,  2,  4, 0.01,104, 8.5
2026-05-25 12:12:14,-102.0018,31.8554,  39.1,22301,-56.5,-83.3,-78.5,  2,  4, 0.01,104, 8.4
2026-05-25 12:12:15,-102.0018,31.8554,  39.1,22306,-56.5,-83.3,-78.5,  2,  4, 0.01,103, 8.3
2026-05-25 12:12:16,-102.0019,31.8554,  39.0,22312,-56.5,-83.2,-78.5,  2,  4, 0.01,103, 8.2
2026-05-25 12:12:17,-102.0020,31.8555,  39.0,22318,-56.5,-83.2,-78.5,  2,  4, 0.01,103, 8.1
2026-05-25 12:12:18,-102.0020,31.8555,  39.0,22324,-56.4,-83.2,-78.5,  2,  4, 0.01,102, 8.0
2026-05-25 12:12:19,-102.0021,31.8555,  38.9,22330,-56.4,-83.2,-78.4,  2,  4, 0.01,102, 7.9
2026-05-25 12:12:20,-102.0022,31.8555,  38.9,22336,-56.4,-83.2,-78.4,  2,  4, 0.01,101, 7.8
2026-05-25 12:12:21,-102.0023,31.8555,  38.9,22342,-56.4,-83.2,-78.4,  2,  4, 0.01,101, 7.7
2026-05-25 12:12:22,-102.0023,31.8555,  38.8,22347,-56.3,-83.1,-78.4,  2,  4, 0.01,101, 7.6
2026-05-25 12:12:23,-102.0024,31.8555,  38.8,22353,-56.3,-83.1,-78.4,  2,  4, 0.01,100, 7.5
2026-05-25 12:12:24,-102.0025,31.8555,  38.7,22358,-56.3,-83.1,-78.3,  2,  4, 0.01,100, 7.4
2026-05-25 12:12:25,-102.0025,31.8555,  38.7,22364,-56.3,-83.1,-78.3,  2,  4, 0.01, 99, 7.3
2026-05-25 12:12:26,-102.0026,31.8555,  38.7,22369,-56.2,-83.1,-78.3,  2,  4, 0.01, 99, 7.3
2026-05-25 12:12:27,-102.0027,31.8555,  38.6,22375,-56.2,-83.0,-78.3,  2,  4, 0.01, 98, 7.2
2026-05-25 12:12:28,-102.0028,31.8555,  38.6,22381,-56.2,-83.0,-78.3,  2,  4, 0.01, 98, 7.1
2026-05-25 12:12:29,-102.0028,31.8555,  38.6,22388,-56.1,-83.0,-78.2,  2,  4, 0.01, 97, 7.0
2026-05-25 12:12:30,-102.0029,31.8555,  38.5,22394,-56.1,-83.0,-78.2,  2,  4, 0.01, 97, 6.9
2026-05-25 12:12:31,-102.0030,31.8555,  38.5,22400,-56.1,-83.0,-78.2,  2,  4, 0.01, 96, 6.8
2026-05-25 12:12:32,-102.0031,31.8556,  38.5,22407,-56.1,-82.9,-78.2,  2,  4, 0.01, 96, 6.7
2026-05-25 12:12:33,-102.0031,31.8556,  38.4,22413,-56.0,-82.9,-78.1,  2,  4, 0.01, 95, 6.7
2026-05-25 12:12:34,-102.0032,31.8556,  38.4,22418,-56.0,-82.9,-78.1,  2,  4, 0.01, 94, 6.7
2026-05-25 12:12:35,-102.0033,31.8556,  38.3,22424,-56.0,-82.8,-78.1,  2,  4, 0.01, 93, 6.6
2026-05-25 12:12:36,-102.0033,31.8556,  38.3,22430,-56.0,-82.8,-78.1,  2,  4, 0.01, 93, 6.6
2026-05-25 12:12:37,-102.0034,31.8555,  38.3,22436,-55.9,-82.8,-78.0,  2,  4, 0.01, 92, 6.6
2026-05-25 12:12:38,-102.0035,31.8555,  38.2,22442,-55.9,-82.8,-78.0,  2,  4, 0.01, 91, 6.6
2026-05-25 12:12:39,-102.0035,31.8555,  38.2,22448,-55.9,-82.7,-78.0,  2,  4, 0.01, 90, 6.5
2026-05-25 12:12:40,-102.0036,31.8555,  38.2,22454,-55.9,-82.7,-77.9,  2,  4, 0.01, 90, 6.5
2026-05-25 12:12:41,-102.0037,31.8555,  38.1,22460,-55.8,-82.7,-77.9,  2,  4, 0.01, 89, 6.5
2026-05-25 12:12:42,-102.0037,31.8555,  38.1,22466,-55.8,-82.6,-77.9,  2,  4, 0.01, 88, 6.5
2026-05-25 12:12:43,-102.0038,31.8554,  38.1,22473,-55.8,-82.6,-77.9,  2,  4, 0.01, 87, 6.4
2026-05-25 12:12:44,-102.0039,31.8554,  38.0,22479,-55.8,-82.6,-77.8,  2,  4, 0.01, 86, 6.4
2026-05-25 12:12:45,-102.0040,31.8554,  38.0,22485,-55.7,-82.6,-77.8,  2,  4, 0.01, 86, 6.4
2026-05-25 12:12:46,-102.0040,31.8554,  37.9,22491,-55.7,-82.5,-77.8,  2,  4, 0.01, 85, 6.4
2026-05-25 12:12:47,-102.0041,31.8554,  37.9,22497,-55.7,-82.5,-77.8,  2,  4, 0.01, 84, 6.4
2026-05-25 12:12:48,-102.0042,31.8553,  37.9,22503,-55.7,-82.5,-77.7,  2,  4, 0.01, 83, 6.4
2026-05-25 12:12:49,-102.0042,31.8553,  37.8,22509,-55.6,-82.5,-77.7,  2,  4, 0.01, 82, 6.4
2026-05-25 12:12:50,-102.0043,31.8553,  37.8,22515,-55.6,-82.4,-77.7,  2,  4, 0.01, 81, 6.3
2026-05-25 12:12:51,-102.0044,31.8553,  37.8,22521,-55.6,-82.4,-77.7,  2,  4, 0.01, 81, 6.3
2026-05-25 12:12:52,-102.0044,31.8553,  37.7,22527,-55.6,-82.4,-77.6,  2,  4, 0.01, 80, 6.3
2026-05-25 12:12:53,-102.0045,31.8553,  37.7,22533,-55.5,-82.4,-77.6,  2,  4, 0.01, 79, 6.4
2026-05-25 12:12:54,-102.0046,31.8552,  37.7,22539,-55.5,-82.3,-77.6,  2,  4, 0.01, 78, 6.4
2026-05-25 12:12:55,-102.0046,31.8552,  37.6,22545,-55.5,-82.3,-77.6,  2,  4, 0.01, 77, 6.4
2026-05-25 12:12:56,-102.0047,31.8552,  37.6,22551,-55.5,-82.3,-77.5,  2,  4, 0.01, 77, 6.5
2026-05-25 12:12:57,-102.0048,31.8552,  37.6,22558,-55.4,-82.3,-77.5,  2,  4, 0.01, 76, 6.5
2026-05-25 12:12:58,-102.0048,31.8552,  37.5,22564,-55.4,-82.3,-77.5,  2,  4, 0.01, 75, 6.6
2026-05-25 12:12:59,-102.0049,31.8552,  37.5,22570,-55.4,-82.2,-77.5,  2,  4, 0.01, 75, 6.6
2026-05-25 12:13:00,-102.0050,31.8551,  37.4,22577,-55.4,-82.2,-77.5,  2,  4, 0.01, 74, 6.6
2026-05-25 12:13:01,-102.0050,31.8551,  37.4,22583,-55.4,-82.2,-77.5,  2,  4, 0.01, 73, 6.7
2026-05-25 12:13:02,-102.0051,31.8551,  37.4,22589,-55.4,-82.2,-77.4,  2,  4, 0.01, 73, 6.7
2026-05-25 12:13:03,-102.0052,31.8551,  37.3,22595,-55.3,-82.2,-77.4,  2,  4, 0.01, 72, 6.8
2026-05-25 12:13:04,-102.0052,31.8551,  37.3,22601,-55.3,-82.2,-77.4,  2,  4, 0.01, 71, 6.8
2026-05-25 12:13:05,-102.0053,31.8551,  37.3,22607,-55.3,-82.2,-77.4,  2,  4, 0.01, 71, 6.9
2026-05-25 12:13:06,-102.0054,31.8550,  37.2,22614,-55.3,-82.2,-77.4,  2,  4, 0.01, 70, 6.9
2026-05-25 12:13:07,-102.0055,31.8550,  37.2,22620,-55.3,-82.2,-77.4,  2,  4, 0.01, 69, 7.0
2026-05-25 12:13:08,-102.0056,31.8550,  37.2,22626,-55.2,-82.2,-77.4,  2,  4, 0.01, 69, 7.0
2026-05-25 12:13:09,-102.0057,31.8550,  37.1,22632,-55.2,-82.1,-77.4,  2,  4, 0.01, 68, 7.1
2026-05-25 12:13:10,-102.0058,31.8549,  37.1,22638,-55.2,-82.1,-77.4,  2,  4, 0.01, 68, 7.1
2026-05-25 12:13:11,-102.0059,31.8549,  37.0,22644,-55.2,-82.1,-77.4,  2,  4, 0.01, 67, 7.2
2026-05-25 12:13:12,-102.0060,31.8549,  37.0,22650,-55.2,-82.1,-77.3,  2,  4, 0.01, 67, 7.2
2026-05-25 12:13:13,-102.0060,31.8549,  37.0,22656,-55.2,-82.1,-77.3,  2,  4, 0.01, 67, 7.3
2026-05-25 12:13:14,-102.0061,31.8548,  36.9,22663,-55.2,-82.1,-77.3,  2,  4, 0.01, 67, 7.5
2026-05-25 12:13:15,-102.0062,31.8548,  36.9,22669,-55.2,-82.1,-77.3,  2,  4, 0.01, 67, 7.6
2026-05-25 12:13:16,-102.0063,31.8548,  36.9,22675,-55.2,-82.1,-77.3,  2,  4, 0.01, 68, 7.7
2026-05-25 12:13:17,-102.0064,31.8548,  36.8,22681,-55.2,-82.0,-77.3,  2,  4, 0.01, 68, 7.8
2026-05-25 12:13:18,-102.0065,31.8547,  36.8,22687,-55.1,-82.0,-77.3,  2,  4, 0.01, 68, 7.9
2026-05-25 12:13:19,-102.0066,31.8547,  36.8,22693,-55.1,-82.0,-77.3,  2,  4, 0.01, 69, 8.0
2026-05-25 12:13:20,-102.0067,31.8547,  36.7,22700,-55.1,-82.0,-77.3,  2,  4, 0.01, 69, 8.1
2026-05-25 12:13:21,-102.0068,31.8547,  36.7,22706,-55.1,-82.0,-77.2,  2,  4, 0.01, 69, 8.2
2026-05-25 12:13:22,-102.0069,31.8546,  36.7,22712,-55.1,-82.0,-77.2,  2,  4, 0.01, 69, 8.4
2026-05-25 12:13:23,-102.0070,31.8546,  36.6,22718,-55.1,-82.0,-77.2,  2,  4, 0.01, 70, 8.5
2026-05-25 12:13:24,-102.0071,31.8546,  36.6,22724,-55.1,-82.0,-77.2,  2,  4, 0.01, 70, 8.6
2026-05-25 12:13:25,-102.0071,31.8546,  36.6,22730,-55.1,-82.0,-77.2,  2,  4, 0.01, 70, 8.7
2026-05-25 12:13:26,-102.0073,31.8545,  36.5,22733,-55.1,-81.9,-77.2,  2,  4, 0.01, 70, 8.8
2026-05-25 12:13:27,-102.0074,31.8545,  36.5,22741,-55.1,-81.9,-77.2,  2,  4, 0.01, 70, 8.9
2026-05-25 12:13:28,-102.0075,31.8545,  36.5,22747,-55.1,-81.9,-77.1,  2,  4, 0.01, 71, 9.0
2026-05-25 12:13:29,-102.0076,31.8545,  36.4,22753,-55.1,-81.9,-77.1,  2,  4, 0.01, 71, 9.2
2026-05-25 12:13:30,-102.0076,31.8544,  36.4,22759,-55.1,-81.9,-77.1,  2,  4, 0.01, 71, 9.3
2026-05-25 12:13:31,-102.0077,31.8544,  36.3,22765,-55.1,-81.8,-77.1,  2,  4, 0.01, 71, 9.4
2026-05-25 12:13:32,-102.0078,31.8544,  36.3,22771,-55.2,-81.8,-77.1,  2,  4, 0.01, 71, 9.5
2026-05-25 12:13:33,-102.0079,31.8543,  36.3,22777,-55.2,-81.8,-77.0,  3,  4, 0.02, 72, 9.6
2026-05-25 12:13:34,-102.0080,31.8543,  36.2,22783,-55.2,-81.8,-77.0,  3,  4, 0.02, 73, 9.7
2026-05-25 12:13:35,-102.0081,31.8543,  36.2,22790,-55.2,-81.8,-77.0,  3,  4, 0.02, 74, 9.8
2026-05-25 12:13:36,-102.0082,31.8543,  36.2,22796,-55.2,-81.8,-77.0,  3,  4, 0.02, 74, 9.8
2026-05-25 12:13:37,-102.0083,31.8543,  36.1,22802,-55.2,-81.7,-77.0,  3,  4, 0.02, 75, 9.9
2026-05-25 12:13:38,-102.0085,31.8543,  36.1,22809,-55.2,-81.7,-77.0,  3,  4, 0.02, 76,10.0
2026-05-25 12:13:39,-102.0086,31.8543,  36.1,22815,-55.2,-81.7,-77.0,  3,  4, 0.02, 77,10.1
2026-05-25 12:13:40,-102.0087,31.8543,  36.0,22822,-55.2,-81.7,-77.0,  3,  4, 0.02, 77,10.2
2026-05-25 12:13:41,-102.0088,31.8543,  36.0,22827,-55.2,-81.7,-77.0,  3,  4, 0.02, 78,10.3
2026-05-25 12:13:42,-102.0089,31.8543,  36.0,22833,-55.3,-81.7,-77.0,  3,  4, 0.02, 79,10.4
2026-05-25 12:13:43,-102.0091,31.8543,  35.9,22839,-55.3,-81.7,-77.0,  3,  4, 0.02, 79,10.5
2026-05-25 12:13:44,-102.0092,31.8543,  35.9,22845,-55.3,-81.8,-77.0,  3,  4, 0.02, 80,10.6
2026-05-25 12:13:45,-102.0093,31.8543,  35.9,22851,-55.3,-81.8,-77.0,  3,  4, 0.02, 81,10.7
2026-05-25 12:13:46,-102.0094,31.8543,  35.8,22857,-55.3,-81.8,-77.0,  3,  4, 0.02, 81,10.8
2026-05-25 12:13:47,-102.0096,31.8543,  35.8,22863,-55.3,-81.8,-77.0,  3,  4, 0.02, 82,10.9
2026-05-25 12:13:48,-102.0097,31.8543,  35.8,22869,-55.3,-81.8,-77.0,  3,  4, 0.02, 82,11.0
2026-05-25 12:13:49,-102.0098,31.8543,  35.7,22875,-55.4,-81.8,-77.0,  3,  4, 0.02, 83,11.1
2026-05-25 12:13:50,-102.0099,31.8543,  35.7,22881,-55.4,-81.8,-77.0,  3,  4, 0.02, 83,11.3
2026-05-25 12:13:51,-102.0101,31.8543,  35.7,22886,-55.4,-81.8,-77.1,  3,  4, 0.02, 84,11.4
2026-05-25 12:13:52,-102.0102,31.8543,  35.6,22893,-55.4,-81.8,-77.1,  3,  4, 0.02, 85,11.5
2026-05-25 12:13:53,-102.0103,31.8543,  35.6,22899,-55.4,-81.8,-77.1,  3,  4, 0.02, 85,11.5
2026-05-25 12:13:54,-102.0104,31.8543,  35.6,22905,-55.4,-81.9,-77.1,  3,  4, 0.02, 86,11.5
2026-05-25 12:13:55,-102.0105,31.8543,  35.5,22911,-55.5,-81.9,-77.1,  3,  4, 0.02, 87,11.5
2026-05-25 12:13:56,-102.0107,31.8544,  35.5,22917,-55.5,-81.9,-77.2,  3,  4, 0.02, 88,11.5
2026-05-25 12:13:57,-102.0108,31.8544,  35.5,22923,-55.5,-81.9,-77.2,  3,  4, 0.02, 88,11.5
2026-05-25 12:13:58,-102.0109,31.8544,  35.4,22928,-55.5,-82.0,-77.2,  3,  4, 0.02, 89,11.5
2026-05-25 12:13:59,-102.0110,31.8544,  35.4,22934,-55.6,-82.0,-77.2,  3,  4, 0.01, 90,11.5
2026-05-25 12:14:00,-102.0112,31.8544,  35.4,22940,-55.6,-82.0,-77.2,  3,  4, 0.01, 90,11.5
2026-05-25 12:14:01,-102.0113,31.8544,  35.3,22946,-55.6,-82.0,-77.3,  3,  4, 0.01, 91,11.5
2026-05-25 12:14:02,-102.0114,31.8544,  35.3,22952,-55.6,-82.1,-77.3,  3,  4, 0.01, 92,11.6
2026-05-25 12:14:03,-102.0115,31.8544,  35.3,22957,-55.6,-82.1,-77.3,  3,  4, 0.01, 93,11.6
2026-05-25 12:14:04,-102.0117,31.8544,  35.2,22963,-55.7,-82.1,-77.3,  3,  4, 0.01, 93,11.6
2026-05-25 12:14:05,-102.0118,31.8544,  35.2,22969,-55.7,-82.1,-77.4,  3,  4, 0.01, 94,11.6
2026-05-25 12:14:06,-102.0119,31.8544,  35.2,22975,-55.7,-82.1,-77.4,  3,  4, 0.01, 95,11.6
2026-05-25 12:14:07,-102.0120,31.8544,  35.1,22981,-55.7,-82.1,-77.4,  3,  4, 0.01, 96,11.7
2026-05-25 12:14:08,-102.0121,31.8544,  35.1,22987,-55.7,-82.1,-77.4,  3,  4, 0.01, 96,11.7
2026-05-25 12:14:09,-102.0122,31.8545,  35.1,22993,-55.8,-82.1,-77.4,  3,  4, 0.01, 97,11.7
2026-05-25 12:14:10,-102.0123,31.8545,  35.0,22999,-55.8,-82.1,-77.4,  3,  4, 0.01, 98,11.8
2026-05-25 12:14:11,-102.0125,31.8545,  35.0,23005,-55.8,-82.1,-77.4,  3,  4, 0.01, 98,11.8
2026-05-25 12:14:12,-102.0126,31.8546,  35.0,23011,-55.8,-82.1,-77.4,  3,  4, 0.01, 99,11.8
2026-05-25 12:14:13,-102.0127,31.8546,  34.9,23017,-55.8,-82.1,-77.4,  3,  4, 0.01,100,11.8
2026-05-25 12:14:14,-102.0128,31.8546,  34.9,23023,-55.9,-82.1,-77.4,  3,  4, 0.01,100,11.7
2026-05-25 12:14:15,-102.0129,31.8547,  34.9,23028,-55.9,-82.1,-77.4,  3,  4, 0.01,101,11.7
2026-05-25 12:14:16,-102.0130,31.8547,  34.8,23034,-55.9,-82.2,-77.4,  3,  4, 0.01,101,11.6
2026-05-25 12:14:17,-102.0131,31.8547,  34.8,23040,-55.9,-82.2,-77.4,  3,  4, 0.01,102,11.6
2026-05-25 12:14:18,-102.0132,31.8548,  34.8,23045,-55.9,-82.2,-77.4,  3,  4, 0.01,102,11.5
2026-05-25 12:14:19,-102.0133,31.8548,  34.8,23051,-56.0,-82.2,-77.4,  3,  4, 0.01,103,11.5
2026-05-25 12:14:20,-102.0134,31.8548,  34.7,23058,-56.0,-82.2,-77.4,  3,  4, 0.01,103,11.4
2026-05-25 12:14:21,-102.0135,31.8549,  34.7,23064,-56.0,-82.2,-77.4,  3,  4, 0.01,104,11.4
2026-05-25 12:14:22,-102.0136,31.8549,  34.7,23070,-56.0,-82.2,-77.4,  3,  4, 0.01,104,11.3
2026-05-25 12:14:23,-102.0137,31.8550,  34.6,23076,-56.0,-82.2,-77.4,  3,  5, 0.01,105,11.3
2026-05-25 12:14:24,-102.0138,31.8550,  34.6,23082,-56.0,-82.2,-77.4,  3,  5, 0.01,105,11.2
2026-05-25 12:14:25,-102.0139,31.8550,  34.6,23088,-56.0,-82.2,-77.4,  3,  5, 0.01,106,11.2
2026-05-25 12:14:26,-102.0140,31.8551,  34.5,23094,-56.1,-82.2,-77.4,  3,  5, 0.01,106,11.1
2026-05-25 12:14:27,-102.0141,31.8551,  34.5,23100,-56.1,-82.2,-77.5,  3,  5, 0.01,107,11.1
2026-05-25 12:14:28,-102.0142,31.8551,  34.5,23106,-56.1,-82.2,-77.5,  3,  5, 0.01,108,11.0
2026-05-25 12:14:29,-102.0144,31.8552,  34.4,23112,-56.1,-82.2,-77.5,  3,  5, 0.01,108,11.0
2026-05-25 12:14:30,-102.0145,31.8552,  34.4,23118,-56.1,-82.2,-77.5,  3,  5, 0.01,109,11.0
2026-05-25 12:14:31,-102.0146,31.8552,  34.4,23124,-56.1,-82.2,-77.5,  3,  5, 0.01,109,10.9
2026-05-25 12:14:32,-102.0147,31.8553,  34.3,23131,-56.1,-82.3,-77.5,  3,  5, 0.01,110,10.9
2026-05-25 12:14:33,-102.0148,31.8553,  34.3,23136,-56.2,-82.3,-77.5,  3,  5, 0.01,110,10.8
2026-05-25 12:14:34,-102.0149,31.8553,  34.3,23142,-56.2,-82.3,-77.5,  3,  5, 0.01,111,10.8
2026-05-25 12:14:35,-102.0150,31.8554,  34.2,23148,-56.2,-82.3,-77.6,  3,  4, 0.01,111,10.7
2026-05-25 12:14:36,-102.0151,31.8554,  34.2,23154,-56.2,-82.3,-77.6,  3,  4, 0.01,112,10.6
2026-05-25 12:14:37,-102.0152,31.8554,  34.2,23160,-56.2,-82.4,-77.6,  3,  4, 0.01,112,10.6
2026-05-25 12:14:38,-102.0153,31.8555,  34.1,23166,-56.2,-82.4,-77.6,  3,  4, 0.01,112,10.5
2026-05-25 12:14:39,-102.0154,31.8555,  34.1,23172,-56.2,-82.4,-77.6,  3,  4, 0.01,113,10.4
2026-05-25 12:14:40,-102.0155,31.8555,  34.1,23177,-56.2,-82.4,-77.7,  3,  4, 0.01,113,10.4
2026-05-25 12:14:41,-102.0156,31.8556,  34.0,23183,-56.2,-82.4,-77.7,  3,  4, 0.01,114,10.3
2026-05-25 12:14:42,-102.0156,31.8556,  34.0,23189,-56.2,-82.5,-77.7,  3,  4, 0.01,114,10.2
2026-05-25 12:14:43,-102.0157,31.8556,  34.0,23194,-56.2,-82.5,-77.7,  3,  4, 0.01,115,10.2
2026-05-25 12:14:44,-102.0158,31.8557,  33.9,23200,-56.2,-82.5,-77.7,  3,  4, 0.01,115,10.1
2026-05-25 12:14:45,-102.0159,31.8557,  33.9,23206,-56.2,-82.5,-77.8,  3,  4, 0.01,116,10.1
2026-05-25 12:14:46,-102.0160,31.8557,  33.9,23212,-56.2,-82.5,-77.8,  3,  4, 0.01,116,10.0
2026-05-25 12:14:47,-102.0161,31.8558,  33.9,23217,-56.2,-82.5,-77.8,  3,  4, 0.01,117,10.0
2026-05-25 12:14:48,-102.0161,31.8558,  33.8,23223,-56.2,-82.5,-77.8,  3,  4, 0.01,117, 9.9
2026-05-25 12:14:49,-102.0162,31.8558,  33.8,23228,-56.2,-82.5,-77.8,  3,  4, 0.01,118, 9.8
2026-05-25 12:14:50,-102.0163,31.8559,  33.8,23234,-56.2,-82.5,-77.8,  3,  4, 0.01,118, 9.8
2026-05-25 12:14:51,-102.0164,31.8559,  33.7,23240,-56.2,-82.5,-77.8,  3,  4, 0.01,119, 9.7
2026-05-25 12:14:52,-102.0165,31.8559,  33.7,23246,-56.2,-82.5,-77.8,  3,  4, 0.01,119, 9.7
2026-05-25 12:14:53,-102.0166,31.8560,  33.7,23252,-56.2,-82.5,-77.8,  3,  4, 0.01,119, 9.6
2026-05-25 12:14:54,-102.0166,31.8560,  33.6,23258,-56.2,-82.5,-77.8,  3,  4, 0.01,119, 9.5
2026-05-25 12:14:55,-102.0167,31.8560,  33.6,23264,-56.2,-82.5,-77.8,  3,  4, 0.01,118, 9.5
2026-05-25 12:14:56,-102.0168,31.8561,  33.6,23269,-56.2,-82.5,-77.8,  3,  4, 0.01,118, 9.4
2026-05-25 12:14:57,-102.0169,31.8561,  33.6,23274,-56.2,-82.5,-77.8,  3,  4, 0.01,118, 9.3
2026-05-25 12:14:58,-102.0170,31.8562,  33.5,23279,-56.2,-82.5,-77.8,  3,  4, 0.01,117, 9.2
2026-05-25 12:14:59,-102.0171,31.8562,  33.5,23285,-56.2,-82.5,-77.8,  3,  4, 0.01,117, 9.2
2026-05-25 12:15:00,-102.0171,31.8562,  33.5,23290,-56.1,-82.5,-77.8,  3,  4, 0.01,116, 9.1
2026-05-25 12:15:01,-102.0172,31.8563,  33.4,23296,-56.1,-82.5,-77.7,  3,  4, 0.01,116, 9.0
2026-05-25 12:15:02,-102.0173,31.8563,  33.4,23302,-56.1,-82.5,-77.7,  3,  4, 0.01,116, 9.0
2026-05-25 12:15:03,-102.0174,31.8563,  33.4,23308,-56.1,-82.5,-77.7,  3,  4, 0.01,115, 8.9
2026-05-25 12:15:04,-102.0175,31.8564,  33.3,23314,-56.1,-82.4,-77.7,  3,  4, 0.01,115, 8.8
2026-05-25 12:15:05,-102.0176,31.8564,  33.3,23320,-56.1,-82.4,-77.7,  3,  4, 0.01,114, 8.8
2026-05-25 12:15:06,-102.0176,31.8564,  33.3,23325,-56.0,-82.4,-77.6,  3,  4, 0.01,114, 8.7
2026-05-25 12:15:07,-102.0177,31.8565,  33.3,23331,-56.0,-82.4,-77.6,  3,  4, 0.01,114, 8.6
2026-05-25 12:15:08,-102.0178,31.8565,  33.2,23336,-56.0,-82.4,-77.6,  3,  4, 0.02,113, 8.6
2026-05-25 12:15:09,-102.0179,31.8565,  33.2,23342,-56.0,-82.3,-77.6,  3,  4, 0.02,113, 8.5
2026-05-25 12:15:10,-102.0180,31.8565,  33.2,23347,-56.0,-82.3,-77.6,  3,  4, 0.02,112, 8.4
2026-05-25 12:15:11,-102.0180,31.8565,  33.1,23352,-55.9,-82.3,-77.5,  3,  4, 0.02,112, 8.4
2026-05-25 12:15:12,-102.0181,31.8566,  33.1,23358,-55.9,-82.3,-77.5,  3,  4, 0.02,111, 8.3
2026-05-25 12:15:13,-102.0182,31.8566,  33.1,23363,-55.9,-82.3,-77.5,  3,  4, 0.02,111, 8.2
2026-05-25 12:15:14,-102.0182,31.8566,  33.1,23369,-55.9,-82.3,-77.5,  3,  4, 0.02,111, 8.2
2026-05-25 12:15:15,-102.0183,31.8566,  33.0,23374,-55.9,-82.2,-77.5,  3,  4, 0.02,110, 8.1
2026-05-25 12:15:16,-102.0184,31.8566,  33.0,23380,-55.9,-82.2,-77.5,  3,  4, 0.02,110, 8.0
2026-05-25 12:15:17,-102.0185,31.8566,  33.0,23385,-55.8,-82.2,-77.4,  3,  4, 0.02,110, 7.9
2026-05-25 12:15:18,-102.0185,31.8567,  32.9,23391,-55.8,-82.2,-77.4,  3,  4, 0.02,109, 7.9
2026-05-25 12:15:19,-102.0186,31.8567,  32.9,23396,-55.8,-82.2,-77.4,  3,  4, 0.02,109, 7.8
2026-05-25 12:15:20,-102.0187,31.8567,  32.9,23402,-55.8,-82.2,-77.4,  3,  4, 0.02,108, 7.7
2026-05-25 12:15:21,-102.0188,31.8567,  32.9,23407,-55.8,-82.1,-77.4,  3,  4, 0.02,108, 7.7
2026-05-25 12:15:22,-102.0188,31.8567,  32.8,23413,-55.7,-82.1,-77.4,  3,  4, 0.02,108, 7.6
2026-05-25 12:15:23,-102.0189,31.8567,  32.8,23418,-55.7,-82.1,-77.3,  3,  4, 0.02,107, 7.5
2026-05-25 12:15:24,-102.0190,31.8567,  32.8,23424,-55.7,-82.1,-77.3,  3,  4, 0.02,107, 7.5
2026-05-25 12:15:25,-102.0191,31.8568,  32.7,23429,-55.7,-82.1,-77.3,  3,  4, 0.02,106, 7.4
2026-05-25 12:15:26,-102.0191,31.8568,  32.7,23434,-55.7,-82.1,-77.3,  3,  4, 0.02,106, 7.3
2026-05-25 12:15:27,-102.0192,31.8568,  32.7,23439,-55.6,-82.0,-77.3,  3,  4, 0.02,105, 7.3
2026-05-25 12:15:28,-102.0193,31.8568,  32.7,23445,-55.6,-82.0,-77.3,  3,  4, 0.02,105, 7.2
2026-05-25 12:15:29,-102.0194,31.8568,  32.6,23450,-55.6,-82.0,-77.3,  3,  4, 0.02,104, 7.2
2026-05-25 12:15:30,-102.0194,31.8568,  32.6,23455,-55.6,-82.0,-77.2,  3,  4, 0.02,104, 7.1
2026-05-25 12:15:31,-102.0195,31.8569,  32.6,23461,-55.6,-82.0,-77.2,  3,  4, 0.02,103, 7.0
2026-05-25 12:15:32,-102.0196,31.8569,  32.6,23466,-55.5,-82.0,-77.2,  3,  4, 0.02,103, 7.0
2026-05-25 12:15:33,-102.0197,31.8569,  32.5,23472,-55.5,-82.0,-77.2,  3,  4, 0.02,103, 7.0
2026-05-25 12:15:34,-102.0197,31.8569,  32.5,23477,-55.5,-82.0,-77.2,  3,  4, 0.02,103, 7.0
2026-05-25 12:15:35,-102.0198,31.8569,  32.5,23483,-55.5,-82.0,-77.2,  3,  4, 0.02,103, 7.0
2026-05-25 12:15:36,-102.0199,31.8569,  32.4,23488,-55.4,-81.9,-77.2,  3,  4, 0.02,103, 7.0
2026-05-25 12:15:37,-102.0200,31.8570,  32.4,23494,-55.4,-81.9,-77.2,  3,  4, 0.02,104, 7.0
2026-05-25 12:15:38,-102.0200,31.8570,  32.4,23499,-55.4,-81.9,-77.2,  3,  4, 0.02,104, 7.0
2026-05-25 12:15:39,-102.0201,31.8570,  32.4,23505,-55.4,-81.9,-77.2,  3,  4, 0.02,104, 7.0
2026-05-25 12:15:40,-102.0202,31.8570,  32.3,23510,-55.4,-81.9,-77.1,  3,  4, 0.02,104, 7.1
2026-05-25 12:15:41,-102.0202,31.8570,  32.3,23516,-55.3,-81.9,-77.1,  3,  4, 0.02,104, 7.1
2026-05-25 12:15:42,-102.0203,31.8570,  32.3,23521,-55.3,-81.9,-77.1,  3,  4, 0.02,104, 7.1
2026-05-25 12:15:43,-102.0204,31.8570,  32.3,23526,-55.3,-81.8,-77.1,  3,  4, 0.02,104, 7.1
2026-05-25 12:15:44,-102.0204,31.8570,  32.2,23531,-55.2,-81.8,-77.0,  3,  4, 0.02,105, 7.1
2026-05-25 12:15:45,-102.0205,31.8571,  32.2,23536,-55.2,-81.8,-77.0,  3,  4, 0.02,105, 7.1
2026-05-25 12:15:46,-102.0206,31.8571,  32.2,23541,-55.2,-81.8,-77.0,  3,  4, 0.02,105, 7.1
2026-05-25 12:15:47,-102.0206,31.8571,  32.2,23546,-55.2,-81.7,-77.0,  3,  4, 0.02,105, 7.2
2026-05-25 12:15:48,-102.0207,31.8571,  32.1,23551,-55.1,-81.7,-77.0,  3,  4, 0.02,105, 7.2
2026-05-25 12:15:49,-102.0208,31.8571,  32.1,23556,-55.1,-81.7,-76.9,  3,  4, 0.02,105, 7.2
2026-05-25 12:15:50,-102.0208,31.8571,  32.1,23562,-55.1,-81.7,-76.9,  3,  4, 0.02,105, 7.2
2026-05-25 12:15:51,-102.0209,31.8571,  32.0,23567,-55.0,-81.6,-76.9,  3,  4, 0.02,106, 7.2
2026-05-25 12:15:52,-102.0210,31.8571,  32.0,23572,-55.0,-81.6,-76.9,  3,  4, 0.02,106, 7.2
2026-05-25 12:15:53,-102.0210,31.8572,  32.0,23578,-55.0,-81.6,-76.9,  3,  4, 0.02,105, 7.1
2026-05-25 12:15:54,-102.0211,31.8572,  32.0,23583,-55.0,-81.6,-76.8,  3,  4, 0.02,105, 7.1
2026-05-25 12:15:55,-102.0211,31.8572,  31.9,23589,-54.9,-81.6,-76.8,  3,  4, 0.02,105, 7.0
2026-05-25 12:15:56,-102.0212,31.8572,  31.9,23594,-54.9,-81.6,-76.8,  3,  4, 0.02,105, 6.9
2026-05-25 12:15:57,-102.0213,31.8572,  31.9,23599,-54.9,-81.6,-76.8,  3,  4, 0.02,104, 6.8
2026-05-25 12:15:58,-102.0213,31.8572,  31.9,23605,-54.9,-81.5,-76.8,  3,  4, 0.02,104, 6.7
2026-05-25 12:15:59,-102.0214,31.8572,  31.8,23611,-54.9,-81.5,-76.8,  3,  4, 0.02,104, 6.7
2026-05-25 12:16:00,-102.0215,31.8572,  31.8,23616,-54.8,-81.5,-76.8,  3,  4, 0.02,103, 6.6
2026-05-25 12:16:01,-102.0215,31.8572,  31.8,23622,-54.8,-81.5,-76.8,  3,  4, 0.02,103, 6.5
2026-05-25 12:16:02,-102.0216,31.8573,  31.7,23627,-54.8,-81.5,-76.7,  3,  4, 0.02,103, 6.4
2026-05-25 12:16:03,-102.0217,31.8573,  31.7,23633,-54.8,-81.5,-76.7,  3,  4, 0.02,102, 6.4
2026-05-25 12:16:04,-102.0217,31.8573,  31.7,23638,-54.8,-81.5,-76.7,  3,  4, 0.02,102, 6.3
2026-05-25 12:16:05,-102.0218,31.8573,  31.7,23643,-54.7,-81.5,-76.7,  3,  4, 0.02,102, 6.2
2026-05-25 12:16:06,-102.0219,31.8573,  31.6,23648,-54.7,-81.4,-76.7,  3,  4, 0.02,101, 6.1
2026-05-25 12:16:07,-102.0219,31.8573,  31.6,23653,-54.7,-81.4,-76.7,  3,  4, 0.02,101, 6.1
2026-05-25 12:16:08,-102.0220,31.8573,  31.6,23658,-54.7,-81.4,-76.7,  3,  4, 0.02,101, 6.0
2026-05-25 12:16:09,-102.0221,31.8573,  31.6,23663,-54.7,-81.4,-76.7,  3,  4, 0.02,100, 5.9
2026-05-25 12:16:10,-102.0221,31.8573,  31.5,23667,-54.7,-81.4,-76.7,  2,  4, 0.02,100, 5.8
2026-05-25 12:16:11,-102.0222,31.8573,  31.5,23672,-54.7,-81.5,-76.7,  2,  4, 0.02, 99, 5.7
2026-05-25 12:16:12,-102.0223,31.8573,  31.5,23677,-54.6,-81.5,-76.7,  2,  4, 0.02, 99, 5.7
2026-05-25 12:16:13,-102.0223,31.8573,  31.5,23682,-54.6,-81.5,-76.7,  2,  4, 0.02, 98, 5.7
2026-05-25 12:16:14,-102.0224,31.8573,  31.5,23686,-54.6,-81.5,-76.7,  2,  4, 0.02, 98, 5.8
2026-05-25 12:16:15,-102.0225,31.8573,  31.4,23691,-54.6,-81.5,-76.7,  2,  4, 0.02, 97, 5.8
2026-05-25 12:16:16,-102.0226,31.8573,  31.4,23696,-54.6,-81.5,-76.7,  2,  4, 0.02, 97, 5.8
2026-05-25 12:16:17,-102.0226,31.8573,  31.4,23700,-54.6,-81.5,-76.7,  2,  4, 0.02, 96, 5.9
2026-05-25 12:16:18,-102.0227,31.8573,  31.4,23705,-54.6,-81.5,-76.7,  2,  4, 0.02, 96, 5.9
2026-05-25 12:16:19,-102.0228,31.8573,  31.3,23710,-54.6,-81.5,-76.7,  2,  4, 0.02, 95, 6.0
2026-05-25 12:16:20,-102.0228,31.8573,  31.3,23713,-54.6,-81.5,-76.7,  2,  4, 0.02, 95, 6.0
2026-05-25 12:16:21,-102.0229,31.8573,  31.3,23719,-54.6,-81.5,-76.7,  2,  4, 0.02, 94, 6.1
2026-05-25 12:16:22,-102.0230,31.8573,  31.3,23724,-54.6,-81.5,-76.7,  2,  4, 0.02, 94, 6.1
2026-05-25 12:16:23,-102.0231,31.8573,  31.2,23729,-54.5,-81.5,-76.7,  2,  4, 0.02, 93, 6.2
2026-05-25 12:16:24,-102.0231,31.8573,  31.2,23735,-54.5,-81.4,-76.7,  2,  4, 0.02, 93, 6.2
2026-05-25 12:16:25,-102.0232,31.8573,  31.2,23740,-54.5,-81.4,-76.7,  2,  4, 0.02, 93, 6.2
2026-05-25 12:16:26,-102.0233,31.8573,  31.2,23745,-54.5,-81.4,-76.7,  2,  4, 0.02, 92, 6.3
2026-05-25 12:16:27,-102.0234,31.8573,  31.1,23751,-54.5,-81.4,-76.7,  2,  4, 0.02, 92, 6.3
2026-05-25 12:16:28,-102.0234,31.8573,  31.1,23756,-54.5,-81.4,-76.6,  2,  4, 0.02, 91, 6.4
2026-05-25 12:16:29,-102.0235,31.8573,  31.1,23761,-54.5,-81.4,-76.6,  2,  4, 0.02, 91, 6.4
2026-05-25 12:16:30,-102.0236,31.8573,  31.1,23767,-54.5,-81.4,-76.6,  2,  4, 0.02, 90, 6.5
2026-05-25 12:16:31,-102.0236,31.8573,  31.0,23772,-54.5,-81.4,-76.6,  2,  4, 0.02, 90, 6.5
2026-05-25 12:16:32,-102.0237,31.8573,  31.0,23778,-54.4,-81.4,-76.6,  2,  4, 0.02, 90, 6.6
2026-05-25 12:16:33,-102.0238,31.8573,  31.0,23783,-54.4,-81.3,-76.6,  2,  4, 0.02, 90, 6.7
2026-05-25 12:16:34,-102.0239,31.8573,  31.0,23789,-54.4,-81.3,-76.6,  2,  4, 0.02, 90, 6.7
2026-05-25 12:16:35,-102.0239,31.8573,  30.9,23794,-54.4,-81.3,-76.6,  2,  4, 0.02, 90, 6.8
2026-05-25 12:16:36,-102.0240,31.8573,  30.9,23800,-54.4,-81.3,-76.5,  2,  4, 0.02, 89, 6.9
2026-05-25 12:16:37,-102.0241,31.8573,  30.9,23805,-54.4,-81.3,-76.5,  2,  4, 0.02, 89, 6.9
2026-05-25 12:16:38,-102.0241,31.8573,  30.8,23810,-54.3,-81.3,-76.5,  2,  4, 0.02, 89, 7.0
2026-05-25 12:16:39,-102.0242,31.8573,  30.8,23816,-54.3,-81.2,-76.5,  2,  4, 0.02, 89, 7.1
2026-05-25 12:16:40,-102.0243,31.8573,  30.8,23822,-54.3,-81.2,-76.5,  2,  4, 0.02, 89, 7.1
2026-05-25 12:16:41,-102.0244,31.8573,  30.8,23827,-54.3,-81.2,-76.5,  2,  4, 0.02, 89, 7.2
2026-05-25 12:16:42,-102.0245,31.8574,  30.7,23833,-54.3,-81.2,-76.4,  2,  4, 0.02, 89, 7.3
2026-05-25 12:16:43,-102.0245,31.8574,  30.7,23839,-54.2,-81.2,-76.4,  2,  4, 0.02, 89, 7.3
2026-05-25 12:16:44,-102.0246,31.8574,  30.7,23844,-54.2,-81.1,-76.4,  2,  4, 0.02, 89, 7.4
2026-05-25 12:16:45,-102.0247,31.8574,  30.7,23850,-54.2,-81.1,-76.4,  2,  4, 0.02, 89, 7.5
2026-05-25 12:16:46,-102.0248,31.8574,  30.6,23856,-54.2,-81.1,-76.4,  2,  4, 0.02, 89, 7.6
2026-05-25 12:16:47,-102.0249,31.8574,  30.6,23861,-54.2,-81.1,-76.3,  2,  4, 0.02, 89, 7.6
2026-05-25 12:16:48,-102.0250,31.8574,  30.6,23866,-54.2,-81.1,-76.3,  2,  4, 0.02, 89, 7.7
2026-05-25 12:16:49,-102.0250,31.8574,  30.6,23872,-54.1,-81.1,-76.3,  2,  4, 0.02, 89, 7.8
2026-05-25 12:16:50,-102.0251,31.8574,  30.5,23877,-54.1,-81.0,-76.3,  2,  4, 0.02, 89, 7.8
2026-05-25 12:16:51,-102.0252,31.8574,  30.5,23882,-54.1,-81.0,-76.3,  3,  4, 0.02, 89, 7.9
2026-05-25 12:16:52,-102.0253,31.8574,  30.5,23888,-54.1,-81.0,-76.3,  2,  4, 0.02, 89, 8.0
2026-05-25 12:16:53,-102.0254,31.8574,  30.5,23893,-54.1,-81.0,-76.2,  3,  4, 0.02, 90, 8.0
2026-05-25 12:16:54,-102.0255,31.8574,  30.4,23899,-54.0,-81.0,-76.2,  3,  4, 0.02, 90, 8.0
2026-05-25 12:16:55,-102.0255,31.8574,  30.4,23904,-54.0,-80.9,-76.2,  3,  4, 0.02, 90, 8.0
2026-05-25 12:16:56,-102.0256,31.8574,  30.4,23909,-54.0,-80.9,-76.2,  3,  4, 0.02, 91, 7.9
2026-05-25 12:16:57,-102.0257,31.8574,  30.4,23915,-54.0,-80.9,-76.2,  3,  4, 0.02, 91, 7.9
2026-05-25 12:16:58,-102.0258,31.8574,  30.3,23920,-54.0,-80.9,-76.1,  3,  4, 0.02, 91, 7.9
2026-05-25 12:16:59,-102.0259,31.8574,  30.3,23926,-54.0,-80.9,-76.1,  3,  4, 0.02, 92, 7.9
2026-05-25 12:17:00,-102.0260,31.8574,  30.3,23931,-53.9,-80.9,-76.1,  3,  4, 0.02, 92, 7.9
2026-05-25 12:17:01,-102.0260,31.8574,  30.2,23936,-53.9,-80.8,-76.1,  3,  4, 0.02, 92, 7.9
2026-05-25 12:17:02,-102.0261,31.8575,  30.2,23941,-53.9,-80.8,-76.1,  3,  4, 0.02, 93, 7.9
2026-05-25 12:17:03,-102.0262,31.8575,  30.2,23947,-53.9,-80.8,-76.1,  3,  4, 0.02, 93, 7.9
2026-05-25 12:17:04,-102.0263,31.8575,  30.2,23952,-53.9,-80.8,-76.0,  3,  4, 0.02, 94, 7.9
2026-05-25 12:17:05,-102.0264,31.8575,  30.2,23957,-53.9,-80.8,-76.0,  3,  4, 0.02, 94, 7.9
2026-05-25 12:17:06,-102.0265,31.8575,  30.1,23962,-53.8,-80.8,-76.0,  3,  4, 0.02, 94, 7.9
2026-05-25 12:17:07,-102.0265,31.8575,  30.1,23967,-53.8,-80.7,-76.0,  3,  4, 0.02, 95, 7.9
2026-05-25 12:17:08,-102.0266,31.8575,  30.1,23972,-53.8,-80.7,-76.0,  3,  4, 0.02, 95, 7.9
2026-05-25 12:17:09,-102.0267,31.8575,  30.1,23978,-53.8,-80.7,-76.0,  3,  4, 0.02, 95, 7.9
2026-05-25 12:17:10,-102.0268,31.8575,  30.0,23984,-53.8,-80.7,-76.0,  3,  4, 0.02, 96, 7.9
2026-05-25 12:17:11,-102.0269,31.8575,  30.0,23990,-53.8,-80.7,-75.9,  3,  4, 0.02, 96, 7.9
2026-05-25 12:17:12,-102.0269,31.8575,  30.0,23995,-53.8,-80.7,-75.9,  3,  4, 0.02, 96, 7.9
2026-05-25 12:17:13,-102.0270,31.8575,  30.0,24000,-53.7,-80.7,-75.9,  3,  4, 0.02, 97, 7.8
2026-05-25 12:17:14,-102.0271,31.8575,  29.9,24005,-53.7,-80.6,-75.9,  3,  4, 0.02, 97, 7.8
2026-05-25 12:17:15,-102.0271,31.8575,  29.9,24011,-53.7,-80.6,-75.9,  3,  4, 0.02, 97, 7.8
2026-05-25 12:17:16,-102.0272,31.8576,  29.9,24016,-53.7,-80.6,-75.8,  3,  4, 0.02, 97, 7.8
2026-05-25 12:17:17,-102.0273,31.8576,  29.8,24021,-53.7,-80.6,-75.8,  3,  4, 0.02, 97, 7.7
2026-05-25 12:17:18,-102.0273,31.8576,  29.8,24027,-53.6,-80.5,-75.8,  3,  4, 0.02, 97, 7.7
2026-05-25 12:17:19,-102.0274,31.8576,  29.8,24033,-53.6,-80.5,-75.8,  3,  4, 0.02, 97, 7.7
2026-05-25 12:17:20,-102.0275,31.8576,  29.8,24039,-53.6,-80.5,-75.7,  3,  4, 0.02, 97, 7.6
2026-05-25 12:17:21,-102.0275,31.8576,  29.7,24045,-53.6,-80.5,-75.7,  3,  4, 0.02, 97, 7.6
2026-05-25 12:17:22,-102.0276,31.8576,  29.7,24050,-53.5,-80.4,-75.7,  3,  4, 0.02, 98, 7.6
2026-05-25 12:17:23,-102.0277,31.8576,  29.7,24056,-53.5,-80.4,-75.6,  3,  4, 0.02, 98, 7.5
2026-05-25 12:17:24,-102.0277,31.8576,  29.7,24062,-53.5,-80.4,-75.6,  3,  4, 0.02, 98, 7.5
2026-05-25 12:17:25,-102.0278,31.8576,  29.6,24068,-53.5,-80.3,-75.6,  3,  4, 0.02, 98, 7.5
2026-05-25 12:17:26,-102.0279,31.8577,  29.6,24074,-53.5,-80.3,-75.6,  3,  4, 0.02, 98, 7.5
2026-05-25 12:17:27,-102.0280,31.8577,  29.6,24080,-53.4,-80.3,-75.5,  3,  4, 0.02, 98, 7.4
2026-05-25 12:17:28,-102.0280,31.8577,  29.6,24086,-53.4,-80.3,-75.5,  3,  4, 0.02, 98, 7.4
2026-05-25 12:17:29,-102.0281,31.8577,  29.5,24093,-53.4,-80.3,-75.5,  3,  4, 0.02, 99, 7.4
2026-05-25 12:17:30,-102.0282,31.8577,  29.5,24098,-53.4,-80.2,-75.5,  3,  4, 0.02, 99, 7.3
2026-05-25 12:17:31,-102.0282,31.8577,  29.5,24104,-53.3,-80.2,-75.5,  3,  4, 0.02, 99, 7.3
2026-05-25 12:17:32,-102.0283,31.8577,  29.4,24110,-53.3,-80.2,-75.4,  3,  4, 0.02, 99, 7.3
2026-05-25 12:17:33,-102.0284,31.8577,  29.4,24116,-53.3,-80.2,-75.4,  3,  4, 0.02, 99, 7.2
2026-05-25 12:17:34,-102.0284,31.8577,  29.4,24122,-53.3,-80.1,-75.4,  3,  4, 0.02, 99, 7.0
2026-05-25 12:17:35,-102.0285,31.8578,  29.4,24127,-53.2,-80.1,-75.4,  3,  4, 0.02,100, 6.9
2026-05-25 12:17:36,-102.0286,31.8578,  29.3,24134,-53.2,-80.1,-75.4,  3,  4, 0.02,100, 6.8
2026-05-25 12:17:37,-102.0286,31.8578,  29.3,24140,-53.2,-80.1,-75.3,  3,  4, 0.02,100, 6.7
2026-05-25 12:17:38,-102.0287,31.8578,  29.3,24146,-53.2,-80.1,-75.3,  3,  4, 0.02,100, 6.6
2026-05-25 12:17:39,-102.0288,31.8578,  29.3,24152,-53.1,-80.0,-75.3,  3,  4, 0.02,100, 6.4
2026-05-25 12:17:40,-102.0288,31.8578,  29.2,24158,-53.1,-80.0,-75.3,  3,  4, 0.02,101, 6.3
2026-05-25 12:17:41,-102.0289,31.8578,  29.2,24164,-53.1,-80.0,-75.3,  3,  4, 0.02,101, 6.2
2026-05-25 12:17:42,-102.0290,31.8578,  29.2,24169,-53.1,-80.0,-75.2,  3,  4, 0.02,101, 6.1
2026-05-25 12:17:43,-102.0290,31.8578,  29.1,24175,-53.0,-80.0,-75.2,  3,  4, 0.02,101, 6.0
2026-05-25 12:17:44,-102.0290,31.8579,  29.1,24181,-53.0,-80.0,-75.2,  3,  4, 0.02,102, 5.8
2026-05-25 12:17:45,-102.0291,31.8579,  29.1,24186,-53.0,-80.0,-75.2,  3,  4, 0.03,102, 5.7
2026-05-25 12:17:46,-102.0291,31.8579,  29.1,24192,-53.0,-80.0,-75.2,  3,  4, 0.03,102, 5.6
2026-05-25 12:17:47,-102.0292,31.8579,  29.0,24197,-53.0,-80.0,-75.2,  3,  4, 0.03,103, 5.5
2026-05-25 12:17:48,-102.0292,31.8579,  29.0,24203,-53.0,-80.0,-75.2,  3,  4, 0.03,103, 5.4
2026-05-25 12:17:49,-102.0293,31.8579,  29.0,24209,-53.0,-79.9,-75.2,  3,  4, 0.03,103, 5.2
2026-05-25 12:17:50,-102.0293,31.8579,  29.0,24214,-53.0,-79.9,-75.2,  3,  4, 0.03,104, 5.1
2026-05-25 12:17:51,-102.0294,31.8580,  28.9,24220,-52.9,-79.9,-75.2,  3,  4, 0.03,104, 5.0
2026-05-25 12:17:52,-102.0294,31.8580,  28.9,24226,-52.9,-79.9,-75.2,  3,  4, 0.03,105, 4.9
2026-05-25 12:17:53,-102.0295,31.8580,  28.9,24232,-52.9,-79.9,-75.2,  3,  4, 0.03,105, 4.9
2026-05-25 12:17:54,-102.0295,31.8580,  28.9,24238,-52.9,-79.9,-75.2,  3,  4, 0.03,105, 4.9
2026-05-25 12:17:55,-102.0296,31.8580,  28.8,24244,-52.9,-79.9,-75.1,  3,  4, 0.03,105, 4.9
2026-05-25 12:17:56,-102.0296,31.8580,  28.8,24249,-52.9,-79.9,-75.1,  3,  4, 0.03,106, 4.9
2026-05-25 12:17:57,-102.0297,31.8580,  28.8,24255,-52.9,-79.9,-75.1,  3,  4, 0.03,106, 4.8
2026-05-25 12:17:58,-102.0297,31.8580,  28.8,24261,-52.9,-79.9,-75.1,  3,  4, 0.03,106, 4.8
2026-05-25 12:17:59,-102.0298,31.8581,  28.7,24267,-52.9,-79.8,-75.1,  3,  4, 0.03,107, 4.8
2026-05-25 12:18:00,-102.0298,31.8581,  28.7,24273,-52.9,-79.8,-75.1,  3,  4, 0.03,107, 4.8
2026-05-25 12:18:01,-102.0299,31.8581,  28.7,24278,-52.8,-79.8,-75.1,  3,  4, 0.03,107, 4.8
2026-05-25 12:18:02,-102.0299,31.8581,  28.7,24284,-52.8,-79.8,-75.1,  3,  4, 0.03,107, 4.8
2026-05-25 12:18:03,-102.0300,31.8581,  28.6,24290,-52.8,-79.8,-75.1,  3,  4, 0.03,108, 4.8
2026-05-25 12:18:04,-102.0300,31.8581,  28.6,24296,-52.8,-79.8,-75.0,  3,  4, 0.03,108, 4.8
2026-05-25 12:18:05,-102.0301,31.8581,  28.6,24303,-52.8,-79.8,-75.0,  3,  4, 0.03,108, 4.8
2026-05-25 12:18:06,-102.0301,31.8582,  28.5,24309,-52.8,-79.8,-75.0,  3,  4, 0.03,109, 4.8
2026-05-25 12:18:07,-102.0302,31.8582,  28.5,24316,-52.8,-79.7,-75.0,  3,  4, 0.03,109, 4.8
2026-05-25 12:18:08,-102.0302,31.8582,  28.5,24322,-52.8,-79.7,-75.0,  3,  4, 0.03,109, 4.8
2026-05-25 12:18:09,-102.0303,31.8582,  28.5,24328,-52.8,-79.7,-75.0,  3,  4, 0.03,110, 4.7
2026-05-25 12:18:10,-102.0303,31.8582,  28.4,24335,-52.8,-79.7,-75.0,  3,  4, 0.03,110, 4.7
2026-05-25 12:18:11,-102.0303,31.8582,  28.4,24341,-52.8,-79.7,-75.0,  3,  4, 0.03,110, 4.7
2026-05-25 12:18:12,-102.0304,31.8582,  28.4,24347,-52.8,-79.7,-75.0,  3,  4, 0.03,110, 4.7
2026-05-25 12:18:13,-102.0305,31.8582,  28.4,24353,-52.8,-79.7,-75.0,  3,  4, 0.03,110, 4.8
2026-05-25 12:18:14,-102.0305,31.8583,  28.3,24360,-52.7,-79.7,-74.9,  3,  4, 0.03,110, 4.8
2026-05-25 12:18:15,-102.0306,31.8583,  28.3,24366,-52.7,-79.7,-74.9,  3,  4, 0.03,109, 4.8
2026-05-25 12:18:16,-102.0306,31.8583,  28.3,24372,-52.7,-79.7,-74.9,  3,  4, 0.03,109, 4.9
2026-05-25 12:18:17,-102.0307,31.8583,  28.2,24378,-52.7,-79.7,-74.9,  3,  4, 0.03,109, 4.9
2026-05-25 12:18:18,-102.0307,31.8583,  28.2,24384,-52.7,-79.6,-74.9,  3,  4, 0.03,109, 5.0
2026-05-25 12:18:19,-102.0308,31.8583,  28.2,24390,-52.7,-79.6,-74.9,  3,  4, 0.03,108, 5.0
2026-05-25 12:18:20,-102.0308,31.8583,  28.2,24396,-52.7,-79.6,-74.9,  3,  4, 0.03,108, 5.0
2026-05-25 12:18:21,-102.0309,31.8583,  28.1,24400,-52.7,-79.6,-74.9,  3,  4, 0.03,108, 5.1
2026-05-25 12:18:22,-102.0309,31.8583,  28.1,24409,-52.7,-79.6,-74.9,  3,  4, 0.03,108, 5.1
2026-05-25 12:18:23,-102.0310,31.8583,  28.1,24415,-52.7,-79.6,-74.9,  3,  4, 0.03,107, 5.2
2026-05-25 12:18:24,-102.0310,31.8583,  28.1,24421,-52.6,-79.6,-74.9,  3,  4, 0.03,107, 5.2
2026-05-25 12:18:25,-102.0311,31.8583,  28.0,24427,-52.6,-79.6,-74.9,  3,  4, 0.03,107, 5.2
2026-05-25 12:18:26,-102.0312,31.8583,  28.0,24434,-52.6,-79.6,-74.9,  3,  4, 0.03,106, 5.3
2026-05-25 12:18:27,-102.0312,31.8584,  28.0,24440,-52.6,-79.6,-74.9,  3,  4, 0.03,106, 5.3
2026-05-25 12:18:28,-102.0313,31.8584,  27.9,24447,-52.6,-79.6,-74.9,  3,  4, 0.03,106, 5.4
2026-05-25 12:18:29,-102.0313,31.8584,  27.9,24453,-52.6,-79.6,-74.9,  3,  4, 0.03,106, 5.4
2026-05-25 12:18:30,-102.0314,31.8584,  27.9,24460,-52.6,-79.6,-74.9,  3,  4, 0.03,106, 5.5
2026-05-25 12:18:31,-102.0314,31.8584,  27.9,24466,-52.6,-79.6,-74.9,  3,  4, 0.03,105, 5.5
2026-05-25 12:18:32,-102.0315,31.8584,  27.8,24472,-52.6,-79.6,-74.9,  3,  4, 0.03,105, 5.5
2026-05-25 12:18:33,-102.0315,31.8584,  27.8,24479,-52.5,-79.6,-74.9,  3,  4, 0.03,104, 5.5
2026-05-25 12:18:34,-102.0316,31.8584,  27.8,24485,-52.5,-79.6,-74.9,  3,  4, 0.03,103, 5.4
2026-05-25 12:18:35,-102.0316,31.8584,  27.8,24491,-52.5,-79.6,-74.9,  3,  4, 0.03,102, 5.4
2026-05-25 12:18:36,-102.0317,31.8584,  27.7,24497,-52.5,-79.6,-74.9,  3,  4, 0.03,101, 5.3
2026-05-25 12:18:37,-102.0317,31.8584,  27.7,24504,-52.5,-79.6,-74.8,  3,  4, 0.03,100, 5.3
2026-05-25 12:18:38,-102.0318,31.8584,  27.7,24510,-52.5,-79.6,-74.8,  3,  4, 0.03, 99, 5.3
2026-05-25 12:18:39,-102.0319,31.8584,  27.6,24517,-52.5,-79.5,-74.8,  3,  4, 0.03, 98, 5.3
2026-05-25 12:18:40,-102.0319,31.8585,  27.6,24523,-52.5,-79.5,-74.8,  3,  4, 0.03, 97, 5.2
2026-05-25 12:18:41,-102.0320,31.8585,  27.6,24530,-52.5,-79.5,-74.8,  3,  4, 0.03, 96, 5.2
2026-05-25 12:18:42,-102.0320,31.8585,  27.6,24536,-52.5,-79.5,-74.7,  3,  4, 0.03, 95, 5.2
2026-05-25 12:18:43,-102.0321,31.8585,  27.5,24543,-52.5,-79.5,-74.7,  3,  4, 0.03, 94, 5.1
2026-05-25 12:18:44,-102.0321,31.8585,  27.5,24549,-52.5,-79.4,-74.7,  3,  4, 0.03, 93, 5.1
2026-05-25 12:18:45,-102.0322,31.8584,  27.5,24555,-52.5,-79.4,-74.7,  3,  4, 0.03, 92, 5.0
2026-05-25 12:18:46,-102.0322,31.8584,  27.5,24561,-52.5,-79.4,-74.6,  3,  4, 0.03, 91, 5.0
2026-05-25 12:18:47,-102.0323,31.8584,  27.4,24568,-52.5,-79.4,-74.6,  3,  4, 0.03, 90, 5.0
2026-05-25 12:18:48,-102.0323,31.8584,  27.4,24574,-52.4,-79.4,-74.6,  3,  4, 0.03, 89, 4.9
2026-05-25 12:18:49,-102.0324,31.8584,  27.4,24580,-52.4,-79.3,-74.6,  3,  4, 0.03, 87, 4.8
2026-05-25 12:18:50,-102.0325,31.8584,  27.3,24586,-52.4,-79.3,-74.6,  3,  4, 0.03, 86, 4.8
2026-05-25 12:18:51,-102.0325,31.8584,  27.3,24592,-52.4,-79.3,-74.6,  3,  4, 0.03, 85, 4.8
2026-05-25 12:18:52,-102.0326,31.8584,  27.3,24598,-52.4,-79.3,-74.6,  3,  4, 0.03, 84, 4.8
2026-05-25 12:18:53,-102.0326,31.8584,  27.3,24604,-52.4,-79.3,-74.6,  3,  4, 0.03, 84, 4.8
2026-05-25 12:18:54,-102.0327,31.8584,  27.2,24611,-52.4,-79.3,-74.5,  3,  4, 0.03, 83, 4.8
2026-05-25 12:18:55,-102.0327,31.8584,  27.2,24617,-52.4,-79.3,-74.5,  3,  4, 0.03, 83, 4.9
2026-05-25 12:18:56,-102.0328,31.8584,  27.2,24623,-52.4,-79.3,-74.5,  3,  4, 0.03, 83, 4.9
2026-05-25 12:18:57,-102.0328,31.8584,  27.2,24629,-52.3,-79.3,-74.5,  3,  4, 0.03, 83, 4.9
2026-05-25 12:18:58,-102.0329,31.8583,  27.1,24635,-52.3,-79.2,-74.5,  3,  4, 0.03, 83, 4.9
2026-05-25 12:18:59,-102.0329,31.8583,  27.1,24642,-52.3,-79.2,-74.5,  3,  4, 0.03, 82, 5.0
2026-05-25 12:19:00,-102.0330,31.8583,  27.1,24648,-52.3,-79.2,-74.5,  3,  4, 0.03, 82, 5.0
2026-05-25 12:19:01,-102.0331,31.8583,  27.1,24655,-52.3,-79.2,-74.5,  3,  4, 0.03, 82, 5.0
2026-05-25 12:19:02,-102.0331,31.8583,  27.0,24661,-52.3,-79.2,-74.5,  3,  4, 0.03, 82, 5.1
2026-05-25 12:19:03,-102.0332,31.8583,  27.0,24668,-52.3,-79.2,-74.5,  3,  4, 0.03, 82, 5.1
2026-05-25 12:19:04,-102.0332,31.8583,  27.0,24674,-52.3,-79.2,-74.4,  3,  4, 0.03, 81, 5.1
2026-05-25 12:19:05,-102.0333,31.8583,  27.0,24680,-52.3,-79.2,-74.4,  3,  4, 0.03, 81, 5.2
2026-05-25 12:19:06,-102.0333,31.8583,  26.9,24686,-52.2,-79.2,-74.4,  3,  4, 0.03, 81, 5.2
2026-05-25 12:19:07,-102.0334,31.8583,  26.9,24692,-52.2,-79.2,-74.4,  3,  4, 0.03, 81, 5.2
2026-05-25 12:19:08,-102.0334,31.8583,  26.9,24698,-52.2,-79.2,-74.4,  3,  4, 0.03, 81, 5.3
2026-05-25 12:19:09,-102.0335,31.8583,  26.9,24705,-52.2,-79.2,-74.4,  3,  4, 0.03, 81, 5.3
2026-05-25 12:19:10,-102.0335,31.8583,  26.8,24710,-52.2,-79.1,-74.4,  3,  4, 0.03, 80, 5.3
2026-05-25 12:19:11,-102.0336,31.8582,  26.8,24716,-52.2,-79.1,-74.4,  3,  4, 0.03, 80, 5.3
2026-05-25 12:19:12,-102.0337,31.8582,  26.8,24722,-52.2,-79.1,-74.4,  3,  4, 0.03, 80, 5.4
2026-05-25 12:19:13,-102.0337,31.8582,  26.8,24728,-52.2,-79.1,-74.4,  3,  4, 0.03, 81, 5.4
2026-05-25 12:19:14,-102.0338,31.8582,  26.7,24734,-52.2,-79.1,-74.4,  3,  4, 0.03, 82, 5.5
2026-05-25 12:19:15,-102.0339,31.8582,  26.7,24739,-52.2,-79.1,-74.4,  3,  4, 0.03, 82, 5.6
2026-05-25 12:19:16,-102.0339,31.8582,  26.7,24745,-52.2,-79.1,-74.4,  3,  4, 0.03, 83, 5.7
2026-05-25 12:19:17,-102.0340,31.8582,  26.7,24752,-52.2,-79.1,-74.3,  3,  4, 0.03, 84, 5.7
2026-05-25 12:19:18,-102.0341,31.8582,  26.6,24758,-52.2,-79.1,-74.3,  3,  4, 0.03, 84, 5.8
2026-05-25 12:19:19,-102.0341,31.8582,  26.6,24765,-52.2,-79.1,-74.3,  3,  4, 0.03, 85, 5.9
2026-05-25 12:19:20,-102.0342,31.8582,  26.6,24771,-52.2,-79.1,-74.3,  3,  4, 0.03, 85, 6.0
2026-05-25 12:19:21,-102.0343,31.8582,  26.6,24778,-52.2,-79.0,-74.3,  3,  5, 0.03, 86, 6.0
2026-05-25 12:19:22,-102.0343,31.8582,  26.5,24784,-52.2,-79.0,-74.3,  3,  5, 0.03, 87, 6.1
2026-05-25 12:19:23,-102.0344,31.8582,  26.5,24790,-52.2,-79.0,-74.3,  3,  5, 0.03, 87, 6.2
2026-05-25 12:19:24,-102.0345,31.8582,  26.5,24796,-52.2,-79.0,-74.3,  3,  5, 0.03, 88, 6.3
2026-05-25 12:19:25,-102.0345,31.8582,  26.5,24802,-52.2,-79.0,-74.3,  3,  5, 0.03, 88, 6.3
2026-05-25 12:19:26,-102.0346,31.8582,  26.4,24808,-52.2,-79.0,-74.2,  3,  5, 0.03, 89, 6.4
2026-05-25 12:19:27,-102.0347,31.8582,  26.4,24814,-52.2,-79.0,-74.2,  3,  5, 0.03, 89, 6.5
2026-05-25 12:19:28,-102.0347,31.8582,  26.4,24822,-52.1,-79.0,-74.2,  3,  5, 0.03, 90, 6.6
2026-05-25 12:19:29,-102.0348,31.8581,  26.4,24825,-52.2,-79.0,-74.2,  3,  5, 0.03, 90, 6.7
2026-05-25 12:19:30,-102.0349,31.8581,  26.3,24831,-52.2,-78.9,-74.2,  3,  5, 0.03, 91, 6.7
2026-05-25 12:19:31,-102.0349,31.8581,  26.3,24837,-52.2,-78.9,-74.2,  3,  5, 0.03, 91, 6.8
2026-05-25 12:19:32,-102.0350,31.8581,  26.3,24843,-52.2,-78.9,-74.2,  3,  5, 0.03, 92, 6.9
2026-05-25 12:19:33,-102.0351,31.8581,  26.3,24849,-52.2,-78.9,-74.2,  3,  5, 0.03, 91, 6.8
2026-05-25 12:19:34,-102.0352,31.8581,  26.2,24855,-52.2,-78.9,-74.2,  3,  5, 0.03, 90, 6.8
2026-05-25 12:19:35,-102.0352,31.8581,  26.2,24861,-52.2,-78.9,-74.1,  3,  5, 0.03, 88, 6.8
2026-05-25 12:19:36,-102.0353,31.8581,  26.2,24867,-52.2,-78.9,-74.1,  3,  5, 0.03, 87, 6.7
2026-05-25 12:19:37,-102.0354,31.8581,  26.2,24873,-52.2,-78.9,-74.1,  3,  5, 0.03, 86, 6.7
2026-05-25 12:19:38,-102.0354,31.8581,  26.1,24880,-52.2,-78.9,-74.1,  3,  5, 0.03, 85, 6.7
2026-05-25 12:19:39,-102.0355,31.8581,  26.1,24886,-52.2,-78.8,-74.1,  3,  5, 0.03, 84, 6.6
2026-05-25 12:19:40,-102.0356,31.8581,  26.1,24892,-52.2,-78.8,-74.1,  3,  5, 0.03, 83, 6.6
2026-05-25 12:19:41,-102.0356,31.8581,  26.1,24899,-52.2,-78.8,-74.1,  3,  5, 0.03, 81, 6.5
2026-05-25 12:19:42,-102.0357,31.8581,  26.0,24905,-52.2,-78.8,-74.1,  3,  5, 0.03, 80, 6.5
2026-05-25 12:19:43,-102.0358,31.8581,  26.0,24911,-52.2,-78.8,-74.1,  3,  5, 0.03, 79, 6.5
2026-05-25 12:19:44,-102.0358,31.8580,  26.0,24917,-52.2,-78.8,-74.1,  3,  5, 0.03, 78, 6.4
2026-05-25 12:19:45,-102.0359,31.8580,  26.0,24923,-52.3,-78.8,-74.1,  3,  5, 0.03, 76, 6.4
2026-05-25 12:19:46,-102.0359,31.8579,  25.9,24928,-52.3,-78.8,-74.1,  3,  5, 0.03, 75, 6.3
2026-05-25 12:19:47,-102.0360,31.8579,  25.9,24934,-52.3,-78.8,-74.1,  3,  5, 0.03, 74, 6.3
2026-05-25 12:19:48,-102.0361,31.8579,  25.9,24939,-52.3,-78.8,-74.1,  3,  5, 0.03, 72, 6.2
2026-05-25 12:19:49,-102.0361,31.8578,  25.9,24945,-52.3,-78.8,-74.1,  3,  5, 0.03, 71, 6.2
2026-05-25 12:19:50,-102.0362,31.8578,  25.8,24951,-52.3,-78.8,-74.1,  3,  5, 0.03, 70, 6.1
2026-05-25 12:19:51,-102.0362,31.8577,  25.8,24957,-52.3,-78.8,-74.1,  3,  5, 0.03, 68, 6.1
2026-05-25 12:19:52,-102.0363,31.8577,  25.8,24963,-52.3,-78.9,-74.1,  3,  5, 0.03, 67, 6.1
2026-05-25 12:19:53,-102.0363,31.8577,  25.8,24969,-52.3,-78.9,-74.1,  3,  5, 0.03, 66, 6.1
2026-05-25 12:19:54,-102.0364,31.8576,  25.7,24976,-52.3,-78.9,-74.1,  3,  5, 0.03, 65, 6.2
2026-05-25 12:19:55,-102.0365,31.8576,  25.7,24982,-52.4,-78.9,-74.1,  3,  5, 0.03, 64, 6.3
2026-05-25 12:19:56,-102.0365,31.8575,  25.7,24988,-52.4,-78.9,-74.1,  3,  5, 0.03, 63, 6.3
2026-05-25 12:19:57,-102.0366,31.8575,  25.7,24995,-52.4,-78.9,-74.2,  3,  5, 0.03, 62, 6.5
2026-05-25 12:19:58,-102.0366,31.8575,  25.6,25001,-52.4,-78.9,-74.2,  3,  5, 0.03, 61, 6.5
2026-05-25 12:19:59,-102.0367,31.8574,  25.6,25007,-52.4,-78.9,-74.2,  3,  5, 0.03, 60, 6.6
2026-05-25 12:20:00,-102.0368,31.8574,  25.6,25014,-52.4,-79.0,-74.2,  3,  5, 0.03, 59, 6.7
2026-05-25 12:20:01,-102.0368,31.8573,  25.6,25020,-52.4,-79.0,-74.2,  3,  5, 0.03, 58, 6.7
2026-05-25 12:20:02,-102.0369,31.8573,  25.5,25026,-52.5,-79.0,-74.2,  3,  5, 0.03, 57, 6.8
2026-05-25 12:20:03,-102.0369,31.8572,  25.5,25032,-52.5,-79.0,-74.3,  3,  5, 0.03, 56, 6.9
2026-05-25 12:20:04,-102.0370,31.8572,  25.5,25038,-52.5,-79.0,-74.3,  3,  5, 0.03, 55, 7.0
2026-05-25 12:20:05,-102.0370,31.8572,  25.5,25044,-52.5,-79.0,-74.3,  3,  5, 0.03, 54, 7.0
2026-05-25 12:20:06,-102.0371,31.8571,  25.5,25050,-52.5,-79.1,-74.3,  3,  5, 0.03, 53, 7.0
2026-05-25 12:20:07,-102.0372,31.8571,  25.4,25056,-52.5,-79.1,-74.3,  3,  5, 0.03, 52, 7.1
2026-05-25 12:20:08,-102.0372,31.8570,  25.4,25062,-52.6,-79.1,-74.4,  3,  5, 0.03, 52, 7.2
2026-05-25 12:20:09,-102.0373,31.8570,  25.4,25068,-52.6,-79.1,-74.4,  3,  5, 0.03, 51, 7.3
2026-05-25 12:20:10,-102.0373,31.8570,  25.4,25074,-52.6,-79.1,-74.4,  3,  5, 0.03, 50, 7.4
2026-05-25 12:20:11,-102.0374,31.8569,  25.3,25080,-52.6,-79.1,-74.4,  3,  5, 0.03, 49, 7.5
2026-05-25 12:20:12,-102.0375,31.8569,  25.3,25086,-52.6,-79.1,-74.4,  3,  5, 0.03, 49, 7.5
2026-05-25 12:20:13,-102.0375,31.8568,  25.3,25092,-52.6,-79.1,-74.4,  3,  5, 0.03, 48, 7.6
2026-05-25 12:20:14,-102.0376,31.8568,  25.3,25098,-52.6,-79.1,-74.4,  3,  5, 0.03, 47, 7.7
2026-05-25 12:20:15,-102.0376,31.8567,  25.2,25104,-52.6,-79.1,-74.4,  3,  5, 0.03, 47, 7.8
2026-05-25 12:20:16,-102.0377,31.8566,  25.2,25109,-52.6,-79.1,-74.4,  3,  5, 0.03, 46, 7.8
2026-05-25 12:20:17,-102.0377,31.8566,  25.2,25115,-52.6,-79.1,-74.4,  3,  5, 0.03, 46, 7.9
2026-05-25 12:20:18,-102.0378,31.8565,  25.2,25121,-52.7,-79.1,-74.4,  3,  5, 0.03, 45, 8.0
2026-05-25 12:20:19,-102.0378,31.8564,  25.1,25128,-52.7,-79.1,-74.4,  3,  5, 0.03, 44, 8.1
2026-05-25 12:20:20,-102.0379,31.8564,  25.1,25134,-52.7,-79.1,-74.4,  3,  5, 0.03, 44, 8.1
2026-05-25 12:20:21,-102.0380,31.8563,  25.1,25140,-52.7,-79.1,-74.4,  3,  5, 0.03, 43, 8.2
2026-05-25 12:20:22,-102.0380,31.8563,  25.1,25148,-52.7,-79.1,-74.4,  3,  5, 0.03, 43, 8.3
2026-05-25 12:20:23,-102.0381,31.8562,  25.1,25152,-52.7,-79.1,-74.4,  3,  5, 0.03, 42, 8.4
2026-05-25 12:20:24,-102.0381,31.8561,  25.0,25158,-52.7,-79.1,-74.4,  3,  5, 0.03, 42, 8.4
2026-05-25 12:20:25,-102.0382,31.8561,  25.0,25163,-52.7,-79.1,-74.4,  3,  5, 0.03, 41, 8.5
2026-05-25 12:20:26,-102.0382,31.8560,  25.0,25169,-52.7,-79.1,-74.4,  3,  5, 0.03, 41, 8.6
2026-05-25 12:20:27,-102.0383,31.8559,  25.0,25174,-52.7,-79.1,-74.4,  3,  5, 0.03, 40, 8.7
2026-05-25 12:20:28,-102.0383,31.8559,  24.9,25180,-52.7,-79.1,-74.3,  3,  5, 0.03, 40, 8.8
2026-05-25 12:20:29,-102.0384,31.8558,  24.9,25185,-52.7,-79.1,-74.3,  3,  5, 0.03, 39, 8.8
2026-05-25 12:20:30,-102.0384,31.8557,  24.9,25191,-52.7,-79.1,-74.3,  3,  5, 0.03, 39, 8.9
2026-05-25 12:20:31,-102.0385,31.8557,  24.9,25197,-52.7,-79.1,-74.3,  3,  5, 0.03, 39, 9.0
2026-05-25 12:20:32,-102.0385,31.8556,  24.9,25203,-52.7,-79.0,-74.3,  3,  5, 0.03, 38, 9.1
2026-05-25 12:20:33,-102.0386,31.8555,  24.8,25209,-52.7,-79.0,-74.3,  3,  5, 0.03, 38, 9.1
2026-05-25 12:20:34,-102.0387,31.8555,  24.8,25214,-52.7,-79.0,-74.3,  3,  5, 0.03, 38, 9.0
2026-05-25 12:20:35,-102.0387,31.8554,  24.8,25220,-52.7,-79.0,-74.3,  3,  5, 0.03, 37, 9.0
2026-05-25 12:20:36,-102.0388,31.8553,  24.8,25226,-52.6,-79.0,-74.3,  3,  5, 0.03, 37, 9.0
2026-05-25 12:20:37,-102.0388,31.8553,  24.7,25232,-52.6,-79.0,-74.3,  3,  5, 0.03, 37, 8.9
2026-05-25 12:20:38,-102.0389,31.8552,  24.7,25238,-52.6,-79.0,-74.3,  3,  5, 0.03, 36, 8.9
2026-05-25 12:20:39,-102.0389,31.8551,  24.7,25244,-52.6,-79.0,-74.3,  3,  5, 0.03, 36, 8.9
2026-05-25 12:20:40,-102.0390,31.8551,  24.7,25250,-52.6,-79.0,-74.3,  3,  5, 0.03, 36, 8.9
2026-05-25 12:20:41,-102.0390,31.8550,  24.7,25256,-52.6,-79.0,-74.3,  3,  5, 0.03, 35, 8.8
2026-05-25 12:20:42,-102.0391,31.8550,  24.6,25262,-52.6,-79.0,-74.3,  3,  5, 0.03, 35, 8.8
2026-05-25 12:20:43,-102.0391,31.8549,  24.6,25268,-52.5,-79.0,-74.3,  3,  5, 0.03, 35, 8.8
2026-05-25 12:20:44,-102.0392,31.8548,  24.6,25274,-52.5,-79.0,-74.3,  3,  5, 0.03, 35, 8.8
2026-05-25 12:20:45,-102.0393,31.8548,  24.6,25280,-52.5,-79.0,-74.3,  3,  5, 0.03, 34, 8.7
2026-05-25 12:20:46,-102.0393,31.8547,  24.5,25286,-52.5,-79.0,-74.3,  3,  5, 0.03, 34, 8.7
2026-05-25 12:20:47,-102.0394,31.8546,  24.5,25292,-52.5,-79.0,-74.3,  3,  5, 0.03, 34, 8.7
2026-05-25 12:20:48,-102.0394,31.8546,  24.5,25298,-52.5,-79.0,-74.3,  3,  5, 0.03, 33, 8.6
2026-05-25 12:20:49,-102.0395,31.8545,  24.5,25304,-52.5,-79.0,-74.3,  3,  5, 0.03, 33, 8.6
2026-05-25 12:20:50,-102.0395,31.8545,  24.5,25309,-52.4,-79.0,-74.3,  3,  5, 0.03, 33, 8.6
2026-05-25 12:20:51,-102.0396,31.8544,  24.4,25315,-52.4,-79.0,-74.3,  3,  5, 0.03, 32, 8.6
2026-05-25 12:20:52,-102.0396,31.8543,  24.4,25321,-52.4,-79.0,-74.3,  3,  5, 0.03, 32, 8.6
2026-05-25 12:20:53,-102.0397,31.8543,  24.4,25327,-52.4,-79.0,-74.3,  3,  5, 0.03, 32, 8.6
2026-05-25 12:20:54,-102.0398,31.8542,  24.4,25333,-52.3,-79.0,-74.2,  3,  5, 0.03, 32, 8.6
2026-05-25 12:20:55,-102.0398,31.8542,  24.3,25339,-52.3,-79.0,-74.2,  3,  5, 0.04, 33, 8.6
2026-05-25 12:20:56,-102.0399,31.8541,  24.3,25345,-52.3,-79.0,-74.2,  3,  5, 0.04, 33, 8.6
2026-05-25 12:20:57,-102.0399,31.8540,  24.3,25350,-52.3,-79.0,-74.2,  3,  5, 0.04, 33, 8.6
2026-05-25 12:20:58,-102.0400,31.8540,  24.3,25356,-52.2,-78.9,-74.2,  3,  5, 0.04, 34, 8.6
2026-05-25 12:20:59,-102.0400,31.8539,  24.3,25362,-52.2,-78.9,-74.2,  3,  5, 0.04, 34, 8.6
2026-05-25 12:21:00,-102.0401,31.8539,  24.2,25368,-52.2,-78.9,-74.2,  3,  5, 0.04, 34, 8.6
2026-05-25 12:21:01,-102.0401,31.8538,  24.2,25373,-52.2,-78.9,-74.2,  3,  5, 0.04, 34, 8.6
2026-05-25 12:21:02,-102.0402,31.8538,  24.2,25379,-52.1,-78.9,-74.2,  3,  5, 0.04, 35, 8.6
2026-05-25 12:21:03,-102.0403,31.8537,  24.2,25385,-52.1,-78.9,-74.1,  3,  5, 0.04, 35, 8.6
2026-05-25 12:21:04,-102.0403,31.8536,  24.1,25390,-52.1,-78.8,-74.1,  3,  5, 0.04, 35, 8.6
2026-05-25 12:21:05,-102.0404,31.8536,  24.1,25396,-52.1,-78.8,-74.1,  3,  5, 0.04, 35, 8.6
2026-05-25 12:21:06,-102.0404,31.8535,  24.1,25402,-52.0,-78.8,-74.0,  3,  5, 0.04, 36, 8.6
2026-05-25 12:21:07,-102.0405,31.8535,  24.1,25407,-52.0,-78.8,-74.0,  3,  5, 0.04, 36, 8.6
2026-05-25 12:21:08,-102.0405,31.8534,  24.1,25413,-52.0,-78.7,-74.0,  3,  5, 0.04, 36, 8.6
2026-05-25 12:21:09,-102.0406,31.8533,  24.0,25420,-52.0,-78.7,-74.0,  3,  5, 0.04, 36, 8.6
2026-05-25 12:21:10,-102.0406,31.8533,  24.0,25426,-51.9,-78.7,-73.9,  3,  5, 0.04, 37, 8.6
2026-05-25 12:21:11,-102.0407,31.8532,  24.0,25432,-51.9,-78.6,-73.9,  3,  5, 0.04, 37, 8.6
2026-05-25 12:21:12,-102.0408,31.8532,  24.0,25438,-51.9,-78.6,-73.9,  3,  5, 0.04, 37, 8.6
2026-05-25 12:21:13,-102.0408,31.8531,  23.9,25445,-51.9,-78.6,-73.9,  3,  5, 0.04, 38, 8.5
2026-05-25 12:21:14,-102.0409,31.8530,  23.9,25451,-51.8,-78.6,-73.8,  3,  5, 0.04, 39, 8.5
2026-05-25 12:21:15,-102.0409,31.8530,  23.9,25457,-51.8,-78.5,-73.8,  3,  5, 0.04, 40, 8.4
2026-05-25 12:21:16,-102.0410,31.8530,  23.9,25463,-51.8,-78.5,-73.8,  3,  5, 0.04, 41, 8.4
2026-05-25 12:21:17,-102.0411,31.8529,  23.9,25469,-51.7,-78.5,-73.8,  3,  5, 0.04, 41, 8.3
2026-05-25 12:21:18,-102.0411,31.8529,  23.8,25476,-51.7,-78.5,-73.8,  3,  5, 0.04, 42, 8.3
2026-05-25 12:21:19,-102.0412,31.8528,  23.8,25482,-51.7,-78.5,-73.8,  3,  5, 0.04, 43, 8.3
2026-05-25 12:21:20,-102.0413,31.8528,  23.8,25488,-51.7,-78.5,-73.7,  3,  5, 0.04, 44, 8.3
2026-05-25 12:21:21,-102.0413,31.8528,  23.8,25494,-51.6,-78.5,-73.7,  3,  5, 0.04, 45, 8.2
2026-05-25 12:21:22,-102.0414,31.8527,  23.7,25500,-51.6,-78.5,-73.7,  3,  5, 0.04, 46, 8.2
2026-05-25 12:21:23,-102.0415,31.8527,  23.7,25506,-51.6,-78.5,-73.7,  3,  5, 0.04, 47, 8.1
2026-05-25 12:21:24,-102.0415,31.8526,  23.7,25512,-51.6,-78.4,-73.7,  3,  5, 0.04, 48, 8.1
2026-05-25 12:21:25,-102.0416,31.8526,  23.7,25518,-51.5,-78.4,-73.7,  3,  5, 0.04, 49, 8.1
2026-05-25 12:21:26,-102.0417,31.8526,  23.7,25525,-51.5,-78.4,-73.7,  3,  5, 0.04, 50, 8.0
2026-05-25 12:21:27,-102.0417,31.8525,  23.6,25531,-51.5,-78.4,-73.7,  3,  5, 0.04, 51, 8.0
2026-05-25 12:21:28,-102.0418,31.8525,  23.6,25537,-51.5,-78.4,-73.7,  3,  5, 0.04, 52, 7.9
2026-05-25 12:21:29,-102.0419,31.8524,  23.6,25544,-51.4,-78.4,-73.7,  3,  5, 0.04, 53, 7.8
2026-05-25 12:21:30,-102.0419,31.8524,  23.6,25550,-51.4,-78.4,-73.7,  3,  5, 0.04, 54, 7.8
2026-05-25 12:21:31,-102.0420,31.8524,  23.5,25556,-51.4,-78.4,-73.6,  3,  5, 0.04, 55, 7.8
2026-05-25 12:21:32,-102.0421,31.8523,  23.5,25563,-51.4,-78.4,-73.6,  3,  5, 0.04, 56, 7.8
2026-05-25 12:21:33,-102.0421,31.8523,  23.5,25569,-51.3,-78.4,-73.6,  3,  5, 0.04, 56, 7.8
2026-05-25 12:21:34,-102.0422,31.8522,  23.5,25575,-51.3,-78.3,-73.6,  3,  5, 0.04, 56, 7.8
2026-05-25 12:21:35,-102.0423,31.8522,  23.4,25582,-51.3,-78.3,-73.6,  3,  5, 0.04, 56, 7.8
2026-05-25 12:21:36,-102.0423,31.8522,  23.4,25588,-51.3,-78.3,-73.6,  3,  4, 0.04, 55, 7.9
2026-05-25 12:21:37,-102.0424,31.8521,  23.4,25594,-51.3,-78.3,-73.6,  3,  4, 0.04, 55, 7.9
2026-05-25 12:21:38,-102.0425,31.8521,  23.4,25600,-51.2,-78.3,-73.6,  3,  4, 0.04, 55, 7.9
2026-05-25 12:21:39,-102.0426,31.8520,  23.4,25607,-51.2,-78.3,-73.6,  3,  4, 0.04, 55, 7.9
2026-05-25 12:21:40,-102.0426,31.8520,  23.3,25613,-51.2,-78.3,-73.6,  3,  4, 0.04, 55, 8.0
2026-05-25 12:21:41,-102.0427,31.8520,  23.3,25619,-51.2,-78.3,-73.6,  3,  4, 0.04, 55, 8.0
2026-05-25 12:21:42,-102.0428,31.8519,  23.3,25626,-51.2,-78.3,-73.6,  3,  4, 0.04, 55, 8.0
2026-05-25 12:21:43,-102.0428,31.8519,  23.3,25631,-51.1,-78.3,-73.5,  3,  4, 0.04, 55, 8.0
2026-05-25 12:21:44,-102.0429,31.8518,  23.2,25638,-51.1,-78.2,-73.5,  3,  4, 0.04, 55, 8.0
2026-05-25 12:21:45,-102.0430,31.8518,  23.2,25644,-51.1,-78.2,-73.5,  3,  4, 0.04, 55, 8.1
2026-05-25 12:21:46,-102.0431,31.8517,  23.2,25651,-51.1,-78.2,-73.5,  3,  4, 0.04, 55, 8.1
2026-05-25 12:21:47,-102.0432,31.8517,  23.2,25657,-51.1,-78.2,-73.4,  3,  4, 0.04, 55, 8.1
2026-05-25 12:21:48,-102.0433,31.8516,  23.2,25664,-51.1,-78.1,-73.4,  3,  5, 0.04, 55, 8.1
2026-05-25 12:21:49,-102.0433,31.8516,  23.1,25670,-51.0,-78.1,-73.4,  3,  5, 0.04, 55, 8.2
2026-05-25 12:21:50,-102.0434,31.8515,  23.1,25677,-51.0,-78.1,-73.4,  3,  5, 0.04, 55, 8.2
2026-05-25 12:21:51,-102.0435,31.8515,  23.1,25684,-51.0,-78.1,-73.4,  3,  5, 0.04, 54, 8.2
2026-05-25 12:21:52,-102.0436,31.8514,  23.1,25691,-51.0,-78.1,-73.3,  3,  5, 0.04, 54, 8.2
2026-05-25 12:21:53,-102.0437,31.8513,  23.0,25697,-51.0,-78.0,-73.3,  3,  5, 0.04, 54, 8.4
2026-05-25 12:21:54,-102.0438,31.8513,  23.0,25704,-51.0,-78.0,-73.3,  3,  5, 0.04, 54, 8.5
2026-05-25 12:21:55,-102.0439,31.8512,  23.0,25710,-51.0,-78.0,-73.3,  3,  5, 0.04, 54, 8.7
2026-05-25 12:21:56,-102.0440,31.8512,  23.0,25717,-50.9,-78.0,-73.2,  3,  5, 0.04, 54, 8.8
2026-05-25 12:21:57,-102.0441,31.8511,  22.9,25723,-50.9,-78.0,-73.2,  3,  5, 0.04, 54, 9.0
2026-05-25 12:21:58,-102.0442,31.8511,  22.9,25729,-50.9,-78.0,-73.2,  3,  5, 0.04, 54, 9.1
2026-05-25 12:21:59,-102.0443,31.8510,  22.9,25735,-50.9,-78.0,-73.2,  3,  5, 0.04, 54, 9.3
2026-05-25 12:22:00,-102.0444,31.8509,  22.9,25742,-50.9,-78.0,-73.2,  3,  5, 0.04, 54, 9.4
2026-05-25 12:22:01,-102.0445,31.8509,  22.9,25748,-50.9,-77.9,-73.2,  3,  5, 0.04, 54, 9.6
2026-05-25 12:22:02,-102.0446,31.8508,  22.8,25755,-50.9,-77.9,-73.2,  3,  5, 0.04, 54, 9.7
2026-05-25 12:22:03,-102.0447,31.8508,  22.8,25762,-50.9,-77.9,-73.2,  3,  5, 0.04, 54, 9.9
2026-05-25 12:22:04,-102.0448,31.8507,  22.8,25768,-50.8,-77.9,-73.2,  3,  5, 0.04, 54,10.0
2026-05-25 12:22:05,-102.0449,31.8507,  22.8,25775,-50.8,-77.9,-73.2,  3,  5, 0.04, 54,10.2
2026-05-25 12:22:06,-102.0450,31.8506,  22.7,25781,-50.8,-77.9,-73.2,  3,  5, 0.04, 54,10.4
2026-05-25 12:22:07,-102.0451,31.8506,  22.7,25787,-50.8,-77.9,-73.2,  3,  5, 0.04, 54,10.5
2026-05-25 12:22:08,-102.0452,31.8505,  22.7,25794,-50.8,-77.9,-73.2,  3,  5, 0.04, 54,10.7
2026-05-25 12:22:09,-102.0453,31.8504,  22.7,25800,-50.8,-77.9,-73.2,  3,  5, 0.04, 54,10.8
2026-05-25 12:22:10,-102.0454,31.8504,  22.6,25806,-50.8,-77.9,-73.2,  3,  5, 0.04, 54,11.0
2026-05-25 12:22:11,-102.0455,31.8503,  22.6,25812,-50.8,-77.9,-73.2,  3,  5, 0.04, 54,11.1
2026-05-25 12:22:12,-102.0455,31.8503,  22.6,25818,-50.8,-77.9,-73.2,  3,  5, 0.04, 54,11.3
2026-05-25 12:22:13,-102.0456,31.8502,  22.6,25825,-50.8,-77.9,-73.2,  3,  5, 0.04, 55,11.4
2026-05-25 12:22:14,-102.0457,31.8502,  22.6,25831,-50.8,-77.9,-73.2,  3,  5, 0.04, 56,11.5
2026-05-25 12:22:15,-102.0458,31.8501,  22.5,25837,-50.8,-77.9,-73.2,  3,  5, 0.04, 57,11.7
2026-05-25 12:22:16,-102.0460,31.8501,  22.5,25843,-50.8,-77.9,-73.2,  3,  5, 0.04, 58,11.8
2026-05-25 12:22:17,-102.0462,31.8500,  22.5,25850,-50.8,-77.9,-73.2,  3,  5, 0.04, 58,11.9
2026-05-25 12:22:18,-102.0463,31.8500,  22.5,25856,-50.8,-77.9,-73.2,  3,  5, 0.04, 59,12.1
2026-05-25 12:22:19,-102.0465,31.8500,  22.5,25863,-50.8,-77.9,-73.2,  3,  5, 0.04, 60,12.2
2026-05-25 12:22:20,-102.0466,31.8500,  22.4,25869,-50.8,-77.9,-73.2,  3,  5, 0.04, 61,12.4
2026-05-25 12:22:21,-102.0468,31.8499,  22.4,25876,-50.8,-77.9,-73.2,  3,  5, 0.04, 62,12.5
2026-05-25 12:22:22,-102.0469,31.8499,  22.4,25883,-50.8,-77.9,-73.2,  3,  5, 0.04, 62,12.7
2026-05-25 12:22:23,-102.0471,31.8499,  22.4,25889,-50.8,-77.9,-73.2,  3,  4, 0.04, 63,12.8
2026-05-25 12:22:24,-102.0472,31.8498,  22.3,25895,-50.8,-77.9,-73.2,  3,  4, 0.04, 64,13.0
2026-05-25 12:22:25,-102.0474,31.8498,  22.3,25901,-50.8,-77.9,-73.2,  3,  4, 0.04, 65,13.1
2026-05-25 12:22:26,-102.0475,31.8498,  22.3,25907,-50.8,-77.9,-73.2,  3,  4, 0.04, 65,13.3
2026-05-25 12:22:27,-102.0477,31.8497,  22.3,25914,-50.8,-77.9,-73.2,  3,  4, 0.04, 66,13.4
2026-05-25 12:22:28,-102.0478,31.8497,  22.3,25920,-50.7,-77.9,-73.2,  3,  4, 0.04, 67,13.6
2026-05-25 12:22:29,-102.0480,31.8497,  22.2,25927,-50.7,-77.9,-73.2,  3,  4, 0.05, 67,13.8
2026-05-25 12:22:30,-102.0481,31.8496,  22.2,25933,-50.7,-77.9,-73.2,  3,  4, 0.05, 68,13.9
2026-05-25 12:22:31,-102.0483,31.8496,  22.2,25940,-50.7,-77.9,-73.2,  3,  4, 0.05, 68,14.1
2026-05-25 12:22:32,-102.0485,31.8496,  22.2,25946,-50.7,-77.9,-73.2,  3,  4, 0.05, 69,14.3
2026-05-25 12:22:33,-102.0486,31.8496,  22.1,25953,-50.7,-77.9,-73.2,  3,  4, 0.05, 70,14.3
2026-05-25 12:22:34,-102.0488,31.8495,  22.1,25959,-50.7,-77.9,-73.2,  3,  4, 0.05, 71,14.4
2026-05-25 12:22:35,-102.0489,31.8495,  22.1,25966,-50.7,-77.9,-73.2,  3,  4, 0.05, 71,14.4
2026-05-25 12:22:36,-102.0491,31.8495,  22.1,25972,-50.7,-77.9,-73.2,  3,  4, 0.05, 72,14.5
2026-05-25 12:22:37,-102.0492,31.8494,  22.1,25979,-50.7,-77.9,-73.2,  3,  4, 0.05, 73,14.5
2026-05-25 12:22:38,-102.0494,31.8494,  22.0,25985,-50.7,-77.9,-73.2,  3,  4, 0.05, 74,14.6
2026-05-25 12:22:39,-102.0495,31.8494,  22.0,25991,-50.7,-77.9,-73.2,  3,  4, 0.05, 75,14.7
2026-05-25 12:22:40,-102.0497,31.8493,  22.0,25998,-50.7,-77.9,-73.2,  3,  4, 0.05, 75,14.7
2026-05-25 12:22:41,-102.0498,31.8493,  22.0,26004,-50.7,-77.9,-73.2,  3,  4, 0.05, 76,14.8
2026-05-25 12:22:42,-102.0500,31.8493,  22.0,26010,-50.7,-77.9,-73.2,  3,  4, 0.05, 77,14.9
2026-05-25 12:22:43,-102.0501,31.8492,  21.9,26017,-50.7,-77.9,-73.2,  3,  4, 0.05, 78,14.9
2026-05-25 12:22:44,-102.0503,31.8492,  21.9,26023,-50.7,-77.9,-73.2,  3,  4, 0.05, 78,15.0
2026-05-25 12:22:45,-102.0504,31.8492,  21.9,26029,-50.7,-77.9,-73.2,  3,  4, 0.05, 79,15.1
2026-05-25 12:22:46,-102.0506,31.8492,  21.9,26035,-50.7,-77.9,-73.2,  3,  4, 0.05, 80,15.2
2026-05-25 12:22:47,-102.0507,31.8492,  21.8,26041,-50.7,-77.9,-73.2,  3,  4, 0.05, 81,15.3
2026-05-25 12:22:48,-102.0509,31.8492,  21.8,26047,-50.7,-77.9,-73.2,  3,  4, 0.05, 81,15.4
2026-05-25 12:22:49,-102.0511,31.8492,  21.8,26053,-50.7,-77.9,-73.2,  3,  4, 0.05, 82,15.4
2026-05-25 12:22:50,-102.0512,31.8492,  21.8,26059,-50.7,-77.9,-73.1,  3,  5, 0.05, 83,15.5
2026-05-25 12:22:51,-102.0514,31.8492,  21.8,26064,-50.7,-77.9,-73.2,  3,  4, 0.05, 83,15.6
2026-05-25 12:22:52,-102.0515,31.8492,  21.7,26070,-50.7,-77.9,-73.2,  3,  4, 0.05, 84,15.7
2026-05-25 12:22:53,-102.0517,31.8492,  21.7,26076,-50.7,-77.9,-73.2,  3,  4, 0.05, 84,15.6
2026-05-25 12:22:54,-102.0518,31.8492,  21.7,26082,-50.7,-77.9,-73.2,  3,  4, 0.05, 85,15.6
2026-05-25 12:22:55,-102.0520,31.8492,  21.7,26088,-50.7,-77.9,-73.2,  3,  4, 0.05, 85,15.5
2026-05-25 12:22:56,-102.0521,31.8492,  21.7,26094,-50.7,-77.9,-73.2,  3,  4, 0.05, 85,15.4
2026-05-25 12:22:57,-102.0523,31.8492,  21.6,26100,-50.7,-77.9,-73.2,  3,  4, 0.05, 85,15.3
2026-05-25 12:22:58,-102.0524,31.8492,  21.6,26107,-50.7,-77.9,-73.2,  3,  4, 0.05, 86,15.3
2026-05-25 12:22:59,-102.0526,31.8492,  21.6,26114,-50.7,-77.9,-73.2,  3,  4, 0.05, 86,15.2
2026-05-25 12:23:00,-102.0527,31.8492,  21.6,26120,-50.7,-77.9,-73.2,  3,  4, 0.05, 86,15.1
2026-05-25 12:23:01,-102.0529,31.8492,  21.6,26127,-50.7,-77.9,-73.2,  3,  4, 0.05, 86,15.0
2026-05-25 12:23:02,-102.0530,31.8492,  21.5,26133,-50.8,-77.9,-73.2,  3,  4, 0.05, 87,15.0
2026-05-25 12:23:03,-102.0532,31.8492,  21.5,26139,-50.8,-77.9,-73.2,  3,  4, 0.05, 87,14.9
2026-05-25 12:23:04,-102.0533,31.8492,  21.5,26145,-50.8,-77.9,-73.2,  3,  4, 0.05, 87,14.8
2026-05-25 12:23:05,-102.0535,31.8492,  21.5,26152,-50.8,-77.9,-73.2,  3,  4, 0.05, 88,14.7
2026-05-25 12:23:06,-102.0536,31.8492,  21.5,26158,-50.8,-77.9,-73.2,  3,  5, 0.05, 88,14.7
2026-05-25 12:23:07,-102.0538,31.8492,  21.4,26164,-50.8,-77.9,-73.2,  3,  5, 0.05, 88,14.6
2026-05-25 12:23:08,-102.0539,31.8492,  21.4,26170,-50.8,-77.9,-73.2,  3,  5, 0.05, 89,14.5
2026-05-25 12:23:09,-102.0541,31.8492,  21.4,26177,-50.8,-77.9,-73.2,  3,  5, 0.05, 89,14.5
2026-05-25 12:23:10,-102.0542,31.8492,  21.4,26184,-50.8,-77.9,-73.2,  3,  5, 0.05, 89,14.4
2026-05-25 12:23:11,-102.0544,31.8492,  21.4,26190,-50.8,-77.9,-73.2,  3,  5, 0.05, 89,14.3
2026-05-25 12:23:12,-102.0545,31.8492,  21.3,26197,-50.8,-77.9,-73.2,  3,  5, 0.05, 90,14.3
2026-05-25 12:23:13,-102.0547,31.8492,  21.3,26203,-50.8,-77.9,-73.1,  3,  5, 0.05, 90,14.2
2026-05-25 12:23:14,-102.0548,31.8492,  21.3,26210,-50.8,-77.9,-73.1,  3,  5, 0.05, 91,14.1
2026-05-25 12:23:15,-102.0550,31.8492,  21.3,26216,-50.8,-77.9,-73.1,  3,  5, 0.05, 91,14.0
2026-05-25 12:23:16,-102.0551,31.8492,  21.2,26222,-50.8,-77.9,-73.1,  3,  5, 0.05, 91,13.9
2026-05-25 12:23:17,-102.0552,31.8492,  21.2,26229,-50.8,-77.9,-73.1,  3,  5, 0.05, 92,13.8
2026-05-25 12:23:18,-102.0553,31.8492,  21.2,26235,-50.8,-77.9,-73.1,  3,  5, 0.05, 92,13.7
2026-05-25 12:23:19,-102.0555,31.8492,  21.2,26242,-50.8,-77.9,-73.1,  3,  5, 0.05, 92,13.6
2026-05-25 12:23:20,-102.0556,31.8493,  21.2,26248,-50.8,-77.9,-73.1,  3,  5, 0.05, 93,13.5
2026-05-25 12:23:21,-102.0557,31.8493,  21.1,26254,-50.8,-77.9,-73.1,  3,  5, 0.05, 93,13.5
2026-05-25 12:23:22,-102.0558,31.8493,  21.1,26261,-50.8,-77.9,-73.1,  3,  5, 0.05, 94,13.4
2026-05-25 12:23:23,-102.0559,31.8493,  21.1,26267,-50.8,-77.9,-73.1,  3,  5, 0.05, 94,13.3
2026-05-25 12:23:24,-102.0561,31.8493,  21.1,26274,-50.8,-77.9,-73.1,  3,  5, 0.05, 94,13.2
2026-05-25 12:23:25,-102.0562,31.8494,  21.1,26280,-50.8,-77.9,-73.1,  3,  5, 0.05, 95,13.1
2026-05-25 12:23:26,-102.0563,31.8494,  21.0,26287,-50.8,-77.9,-73.1,  3,  5, 0.05, 95,13.0
2026-05-25 12:23:27,-102.0564,31.8494,  21.0,26293,-50.8,-77.9,-73.1,  3,  5, 0.05, 96,13.0
2026-05-25 12:23:28,-102.0565,31.8494,  21.0,26300,-50.8,-77.9,-73.1,  3,  5, 0.05, 96,12.9
2026-05-25 12:23:29,-102.0566,31.8494,  21.0,26306,-50.8,-77.9,-73.1,  3,  5, 0.05, 96,12.8
2026-05-25 12:23:30,-102.0568,31.8495,  21.0,26311,-50.8,-77.9,-73.1,  3,  5, 0.05, 97,12.7
2026-05-25 12:23:31,-102.0569,31.8495,  20.9,26319,-50.8,-77.9,-73.1,  3,  5, 0.05, 97,12.6
2026-05-25 12:23:32,-102.0570,31.8495,  20.9,26326,-50.8,-77.9,-73.1,  3,  5, 0.05, 98,12.6
2026-05-25 12:23:33,-102.0571,31.8495,  20.9,26332,-50.8,-77.9,-73.1,  3,  5, 0.05, 98,12.5
2026-05-25 12:23:34,-102.0572,31.8495,  20.9,26339,-50.8,-77.8,-73.1,  3,  5, 0.05, 98,12.4
2026-05-25 12:23:35,-102.0574,31.8496,  20.8,26345,-50.8,-77.8,-73.1,  3,  5, 0.05, 99,12.3
2026-05-25 12:23:36,-102.0575,31.8496,  20.8,26352,-50.8,-77.8,-73.1,  3,  5, 0.05, 99,12.2
2026-05-25 12:23:37,-102.0576,31.8496,  20.8,26358,-50.8,-77.8,-73.1,  3,  5, 0.05, 99,12.0
2026-05-25 12:23:38,-102.0577,31.8496,  20.8,26365,-50.8,-77.8,-73.1,  3,  5, 0.05, 99,11.9
2026-05-25 12:23:39,-102.0578,31.8496,  20.8,26372,-50.8,-77.8,-73.1,  3,  5, 0.05,100,11.8
2026-05-25 12:23:40,-102.0580,31.8497,  20.7,26378,-50.8,-77.8,-73.1,  3,  5, 0.05,100,11.7
2026-05-25 12:23:41,-102.0581,31.8497,  20.7,26385,-50.7,-77.8,-73.1,  3,  5, 0.05,100,11.6
2026-05-25 12:23:42,-102.0582,31.8497,  20.7,26392,-50.7,-77.8,-73.1,  3,  5, 0.05,101,11.5
2026-05-25 12:23:43,-102.0583,31.8497,  20.7,26398,-50.7,-77.8,-73.1,  3,  5, 0.05,101,11.4
2026-05-25 12:23:44,-102.0584,31.8497,  20.7,26404,-50.7,-77.8,-73.1,  3,  5, 0.05,101,11.3
2026-05-25 12:23:45,-102.0585,31.8498,  20.6,26410,-50.7,-77.8,-73.1,  3,  5, 0.05,102,11.2
2026-05-25 12:23:46,-102.0587,31.8498,  20.6,26417,-50.7,-77.8,-73.1,  3,  5, 0.05,102,11.1
2026-05-25 12:23:47,-102.0588,31.8498,  20.6,26423,-50.7,-77.8,-73.1,  3,  5, 0.05,102,11.0
2026-05-25 12:23:48,-102.0589,31.8498,  20.6,26429,-50.7,-77.8,-73.1,  3,  5, 0.05,103,10.9
2026-05-25 12:23:49,-102.0590,31.8499,  20.6,26435,-50.6,-77.8,-73.1,  3,  5, 0.05,103,10.8
2026-05-25 12:23:50,-102.0591,31.8499,  20.5,26441,-50.6,-77.8,-73.0,  3,  5, 0.05,103,10.7
2026-05-25 12:23:51,-102.0591,31.8499,  20.5,26447,-50.6,-77.8,-73.0,  3,  5, 0.05,104,10.7
2026-05-25 12:23:52,-102.0592,31.8499,  20.5,26453,-50.6,-77.8,-73.0,  3,  5, 0.05,104,10.6
2026-05-25 12:23:53,-102.0593,31.8500,  20.5,26459,-50.6,-77.8,-73.0,  3,  4, 0.05,104,10.4
2026-05-25 12:23:54,-102.0593,31.8500,  20.5,26465,-50.6,-77.8,-73.0,  3,  4, 0.05,105,10.3
2026-05-25 12:23:55,-102.0594,31.8500,  20.4,26472,-50.6,-77.8,-73.0,  3,  4, 0.05,105,10.1
2026-05-25 12:23:56,-102.0595,31.8501,  20.4,26479,-50.5,-77.8,-73.0,  3,  4, 0.05,106,10.0
2026-05-25 12:23:57,-102.0595,31.8501,  20.4,26485,-50.5,-77.7,-73.0,  3,  4, 0.05,106, 9.8
2026-05-25 12:23:58,-102.0596,31.8501,  20.4,26492,-50.5,-77.7,-73.0,  3,  4, 0.05,107, 9.7
2026-05-25 12:23:59,-102.0597,31.8501,  20.4,26499,-50.5,-77.7,-73.0,  3,  4, 0.05,107, 9.5
2026-05-25 12:24:00,-102.0597,31.8502,  20.3,26505,-50.5,-77.7,-73.0,  3,  4, 0.05,108, 9.4
2026-05-25 12:24:01,-102.0598,31.8502,  20.3,26511,-50.5,-77.7,-73.0,  3,  4, 0.05,108, 9.2
2026-05-25 12:24:02,-102.0599,31.8502,  20.3,26518,-50.4,-77.7,-72.9,  3,  4, 0.05,108, 9.1
2026-05-25 12:24:03,-102.0600,31.8503,  20.3,26524,-50.4,-77.7,-72.9,  3,  4, 0.05,109, 8.9
2026-05-25 12:24:04,-102.0600,31.8503,  20.3,26530,-50.4,-77.7,-72.9,  3,  4, 0.05,110, 8.8
2026-05-25 12:24:05,-102.0601,31.8503,  20.2,26537,-50.4,-77.6,-72.9,  3,  4, 0.05,110, 8.7
2026-05-25 12:24:06,-102.0602,31.8504,  20.2,26543,-50.4,-77.6,-72.9,  3,  4, 0.05,111, 8.5
2026-05-25 12:24:07,-102.0602,31.8504,  20.2,26550,-50.4,-77.6,-72.9,  3,  4, 0.05,111, 8.4
2026-05-25 12:24:08,-102.0603,31.8504,  20.2,26556,-50.3,-77.6,-72.9,  3,  4, 0.05,112, 8.2
2026-05-25 12:24:09,-102.0604,31.8504,  20.2,26563,-50.3,-77.6,-72.9,  3,  4, 0.05,112, 8.1
2026-05-25 12:24:10,-102.0604,31.8505,  20.1,26569,-50.3,-77.6,-72.8,  3,  4, 0.05,113, 8.0
2026-05-25 12:24:11,-102.0605,31.8505,  20.1,26575,-50.3,-77.6,-72.8,  3,  4, 0.05,114, 7.8
2026-05-25 12:24:12,-102.0606,31.8505,  20.1,26582,-50.3,-77.5,-72.8,  3,  4, 0.05,115, 7.7
2026-05-25 12:24:13,-102.0606,31.8506,  20.1,26588,-50.2,-77.5,-72.8,  3,  4, 0.05,115, 7.6
2026-05-25 12:24:14,-102.0607,31.8506,  20.1,26594,-50.2,-77.5,-72.8,  3,  4, 0.05,115, 7.5
2026-05-25 12:24:15,-102.0608,31.8506,  20.0,26600,-50.2,-77.5,-72.8,  3,  4, 0.05,116, 7.4
2026-05-25 12:24:16,-102.0609,31.8506,  20.0,26606,-50.2,-77.5,-72.8,  3,  4, 0.05,116, 7.3
2026-05-25 12:24:17,-102.0609,31.8507,  20.0,26613,-50.2,-77.5,-72.7,  3,  4, 0.05,116, 7.2
2026-05-25 12:24:18,-102.0610,31.8507,  20.0,26616,-50.2,-77.5,-72.7,  3,  4, 0.05,116, 7.2
2026-05-25 12:24:19,-102.0611,31.8507,  20.0,26625,-50.1,-77.4,-72.7,  3,  4, 0.05,117, 7.0
2026-05-25 12:24:20,-102.0611,31.8507,  20.0,26630,-50.1,-77.4,-72.7,  3,  4, 0.05,117, 6.9
2026-05-25 12:24:21,-102.0612,31.8508,  19.9,26636,-50.1,-77.4,-72.7,  3,  4, 0.05,118, 6.8
2026-05-25 12:24:22,-102.0613,31.8508,  19.9,26642,-50.1,-77.4,-72.7,  3,  4, 0.05,118, 6.7
2026-05-25 12:24:23,-102.0613,31.8508,  19.9,26648,-50.1,-77.4,-72.7,  3,  4, 0.05,119, 6.7
2026-05-25 12:24:24,-102.0614,31.8508,  19.9,26654,-50.0,-77.4,-72.6,  3,  4, 0.05,119, 6.6
2026-05-25 12:24:25,-102.0615,31.8508,  19.9,26660,-50.0,-77.4,-72.6,  3,  4, 0.05,120, 6.5
2026-05-25 12:24:26,-102.0615,31.8509,  19.8,26666,-50.0,-77.4,-72.6,  3,  4, 0.06,120, 6.4
2026-05-25 12:24:27,-102.0616,31.8509,  19.8,26672,-50.0,-77.3,-72.6,  3,  4, 0.06,121, 6.3
2026-05-25 12:24:28,-102.0617,31.8509,  19.8,26678,-50.0,-77.3,-72.6,  3,  4, 0.06,121, 6.2
2026-05-25 12:24:29,-102.0617,31.8509,  19.8,26684,-49.9,-77.3,-72.6,  3,  4, 0.06,122, 6.1
2026-05-25 12:24:30,-102.0618,31.8509,  19.8,26690,-49.9,-77.3,-72.6,  3,  4, 0.06,122, 6.0
2026-05-25 12:24:31,-102.0619,31.8509,  19.8,26695,-49.9,-77.3,-72.6,  3,  4, 0.06,123, 5.9
2026-05-25 12:24:32,-102.0619,31.8510,  19.7,26701,-49.9,-77.3,-72.6,  3,  4, 0.06,123, 5.8
2026-05-25 12:24:33,-102.0620,31.8510,  19.7,26707,-49.9,-77.3,-72.6,  3,  4, 0.06,122, 5.9
2026-05-25 12:24:34,-102.0621,31.8510,  19.7,26712,-49.8,-77.3,-72.6,  3,  4, 0.06,120, 5.9
2026-05-25 12:24:35,-102.0621,31.8510,  19.7,26718,-49.8,-77.3,-72.5,  3,  4, 0.06,119, 6.0
2026-05-25 12:24:36,-102.0622,31.8510,  19.7,26725,-49.8,-77.3,-72.5,  3,  4, 0.06,118, 6.1
2026-05-25 12:24:37,-102.0623,31.8510,  19.6,26732,-49.8,-77.2,-72.5,  3,  4, 0.06,117, 6.2
2026-05-25 12:24:38,-102.0623,31.8511,  19.6,26738,-49.8,-77.2,-72.5,  3,  4, 0.06,115, 6.2
2026-05-25 12:24:39,-102.0624,31.8511,  19.6,26745,-49.8,-77.2,-72.5,  3,  4, 0.06,114, 6.3
2026-05-25 12:24:40,-102.0625,31.8511,  19.6,26751,-49.7,-77.2,-72.5,  3,  4, 0.06,113, 6.4
2026-05-25 12:24:41,-102.0625,31.8511,  19.6,26758,-49.7,-77.2,-72.5,  3,  4, 0.06,112, 6.5
2026-05-25 12:24:42,-102.0626,31.8511,  19.6,26764,-49.7,-77.2,-72.5,  3,  4, 0.06,110, 6.5
2026-05-25 12:24:43,-102.0626,31.8512,  19.5,26771,-49.7,-77.2,-72.5,  3,  4, 0.06,109, 6.6
2026-05-25 12:24:44,-102.0627,31.8512,  19.5,26777,-49.7,-77.2,-72.5,  3,  4, 0.06,108, 6.7
2026-05-25 12:24:45,-102.0628,31.8512,  19.5,26784,-49.7,-77.2,-72.5,  3,  4, 0.06,107, 6.7
2026-05-25 12:24:46,-102.0628,31.8512,  19.5,26790,-49.6,-77.2,-72.5,  3,  4, 0.06,106, 6.8
2026-05-25 12:24:47,-102.0629,31.8512,  19.5,26796,-49.6,-77.2,-72.4,  3,  4, 0.06,105, 6.9
2026-05-25 12:24:48,-102.0630,31.8512,  19.4,26803,-49.6,-77.2,-72.4,  3,  4, 0.06,104, 6.9
2026-05-25 12:24:49,-102.0631,31.8513,  19.4,26809,-49.6,-77.2,-72.4,  3,  4, 0.06,103, 6.9
2026-05-25 12:24:50,-102.0631,31.8513,  19.4,26818,-49.6,-77.1,-72.4,  3,  4, 0.06,102, 7.1
2026-05-25 12:24:51,-102.0632,31.8513,  19.4,26822,-49.6,-77.1,-72.4,  3,  4, 0.06,101, 7.1
2026-05-25 12:24:52,-102.0633,31.8513,  19.4,26828,-49.6,-77.1,-72.4,  3,  4, 0.06,100, 7.2
2026-05-25 12:24:53,-102.0634,31.8513,  19.3,26835,-49.5,-77.1,-72.4,  3,  4, 0.06,100, 7.3
2026-05-25 12:24:54,-102.0635,31.8513,  19.3,26841,-49.5,-77.1,-72.4,  3,  4, 0.06,100, 7.3
2026-05-25 12:24:55,-102.0636,31.8513,  19.3,26847,-49.5,-77.1,-72.3,  3,  4, 0.06,100, 7.4
2026-05-25 12:24:56,-102.0637,31.8513,  19.3,26853,-49.5,-77.0,-72.3,  3,  4, 0.06, 99, 7.5
2026-05-25 12:24:57,-102.0638,31.8514,  19.3,26860,-49.5,-77.0,-72.3,  3,  4, 0.06, 99, 7.5
2026-05-25 12:24:58,-102.0639,31.8514,  19.2,26866,-49.5,-77.0,-72.3,  3,  4, 0.06, 99, 7.6
2026-05-25 12:24:59,-102.0639,31.8514,  19.2,26872,-49.4,-77.0,-72.3,  3,  4, 0.06, 99, 7.7
2026-05-25 12:25:00,-102.0640,31.8514,  19.2,26879,-49.4,-77.0,-72.3,  3,  4, 0.06, 99, 7.7
2026-05-25 12:25:01,-102.0641,31.8514,  19.2,26885,-49.4,-77.0,-72.2,  3,  4, 0.06, 98, 7.8
2026-05-25 12:25:02,-102.0642,31.8514,  19.2,26892,-49.4,-76.9,-72.2,  3,  4, 0.06, 98, 7.9
2026-05-25 12:25:03,-102.0643,31.8514,  19.2,26898,-49.4,-76.9,-72.2,  3,  4, 0.06, 98, 7.9
2026-05-25 12:25:04,-102.0644,31.8515,  19.1,26904,-49.4,-76.9,-72.2,  3,  4, 0.06, 98, 8.0
2026-05-25 12:25:05,-102.0645,31.8515,  19.1,26911,-49.3,-76.9,-72.2,  3,  4, 0.06, 98, 8.0
2026-05-25 12:25:06,-102.0646,31.8515,  19.1,26917,-49.3,-76.9,-72.1,  3,  4, 0.06, 98, 8.1
2026-05-25 12:25:07,-102.0647,31.8515,  19.1,26924,-49.3,-76.8,-72.1,  3,  4, 0.06, 97, 8.2
2026-05-25 12:25:08,-102.0647,31.8515,  19.1,26930,-49.3,-76.8,-72.1,  3,  4, 0.06, 97, 8.2
2026-05-25 12:25:09,-102.0648,31.8515,  19.0,26937,-49.3,-76.8,-72.1,  3,  4, 0.06, 97, 8.3
2026-05-25 12:25:10,-102.0649,31.8515,  19.0,26943,-49.3,-76.8,-72.0,  3,  4, 0.06, 97, 8.4
2026-05-25 12:25:11,-102.0650,31.8515,  19.0,26950,-49.3,-76.7,-72.0,  3,  4, 0.06, 97, 8.4
2026-05-25 12:25:12,-102.0651,31.8516,  19.0,26956,-49.3,-76.7,-72.0,  3,  4, 0.06, 97, 8.5
2026-05-25 12:25:13,-102.0652,31.8516,  19.0,26962,-49.2,-76.7,-72.0,  3,  4, 0.06, 97, 8.5
2026-05-25 12:25:14,-102.0653,31.8516,  19.0,26968,-49.2,-76.7,-72.0,  3,  4, 0.06, 98, 8.5
2026-05-25 12:25:15,-102.0654,31.8516,  18.9,26974,-49.2,-76.7,-71.9,  3,  4, 0.06, 99, 8.6
2026-05-25 12:25:16,-102.0655,31.8516,  18.9,26980,-49.2,-76.6,-71.9,  3,  5, 0.06, 99, 8.6
2026-05-25 12:25:17,-102.0656,31.8516,  18.9,26987,-49.2,-76.6,-71.9,  3,  5, 0.06,100, 8.6
2026-05-25 12:25:18,-102.0656,31.8516,  18.9,26993,-49.2,-76.6,-71.9,  3,  5, 0.06,100, 8.6
2026-05-25 12:25:19,-102.0657,31.8516,  18.9,27000,-49.2,-76.6,-71.9,  3,  5, 0.06,101, 8.7
2026-05-25 12:25:20,-102.0658,31.8517,  18.8,27006,-49.2,-76.6,-71.8,  3,  5, 0.07,102, 8.7
2026-05-25 12:25:21,-102.0659,31.8517,  18.8,27013,-49.1,-76.6,-71.8,  3,  5, 0.07,102, 8.7
2026-05-25 12:25:22,-102.0660,31.8518,  18.8,27019,-49.1,-76.5,-71.8,  3,  5, 0.07,103, 8.7
2026-05-25 12:25:23,-102.0661,31.8518,  18.8,27025,-49.1,-76.5,-71.8,  3,  5, 0.07,104, 8.8
2026-05-25 12:25:24,-102.0661,31.8518,  18.8,27031,-49.1,-76.5,-71.8,  3,  5, 0.07,104, 8.8
2026-05-25 12:25:25,-102.0662,31.8519,  18.8,27037,-49.1,-76.5,-71.8,  3,  5, 0.07,105, 8.8
2026-05-25 12:25:26,-102.0663,31.8519,  18.7,27043,-49.1,-76.5,-71.8,  3,  5, 0.07,105, 8.9
2026-05-25 12:25:27,-102.0664,31.8520,  18.7,27049,-49.1,-76.5,-71.7,  3,  5, 0.07,106, 8.9
2026-05-25 12:25:28,-102.0664,31.8520,  18.7,27055,-49.1,-76.4,-71.7,  3,  5, 0.07,107, 8.9
2026-05-25 12:25:29,-102.0665,31.8521,  18.7,27062,-49.1,-76.4,-71.7,  3,  5, 0.07,107, 9.0
2026-05-25 12:25:30,-102.0666,31.8521,  18.7,27068,-49.1,-76.4,-71.7,  3,  5, 0.07,108, 9.0
2026-05-25 12:25:31,-102.0667,31.8521,  18.6,27075,-49.0,-76.4,-71.7,  3,  5, 0.07,108, 9.0
2026-05-25 12:25:32,-102.0668,31.8522,  18.6,27081,-49.0,-76.4,-71.7,  3,  5, 0.07,109, 9.1
2026-05-25 12:25:33,-102.0668,31.8522,  18.6,27088,-49.0,-76.4,-71.6,  3,  5, 0.07,110, 9.0
2026-05-25 12:25:34,-102.0669,31.8523,  18.6,27095,-49.0,-76.3,-71.6,  3,  5, 0.07,111, 9.0
2026-05-25 12:25:35,-102.0670,31.8523,  18.6,27101,-49.0,-76.3,-71.6,  3,  5, 0.07,112, 9.0
2026-05-25 12:25:36,-102.0671,31.8523,  18.6,27108,-49.0,-76.3,-71.6,  3,  5, 0.07,113, 9.0
2026-05-25 12:25:37,-102.0672,31.8524,  18.5,27115,-49.0,-76.3,-71.6,  3,  5, 0.07,113, 9.0
2026-05-25 12:25:38,-102.0672,31.8524,  18.5,27121,-49.0,-76.3,-71.6,  3,  5, 0.07,114, 9.0
2026-05-25 12:25:39,-102.0673,31.8525,  18.5,27128,-49.0,-76.3,-71.6,  3,  5, 0.07,115, 9.0
2026-05-25 12:25:40,-102.0674,31.8525,  18.5,27134,-49.0,-76.2,-71.5,  3,  5, 0.07,116, 9.0
2026-05-25 12:25:41,-102.0675,31.8526,  18.5,27140,-49.0,-76.2,-71.5,  3,  5, 0.07,117, 9.0
2026-05-25 12:25:42,-102.0676,31.8526,  18.4,27147,-49.0,-76.2,-71.5,  3,  5, 0.07,118, 9.0
2026-05-25 12:25:43,-102.0676,31.8526,  18.4,27153,-49.0,-76.2,-71.5,  3,  5, 0.07,119, 9.0
2026-05-25 12:25:44,-102.0677,31.8527,  18.4,27159,-49.0,-76.2,-71.5,  3,  5, 0.07,120, 9.0
2026-05-25 12:25:45,-102.0678,31.8527,  18.4,27166,-48.9,-76.2,-71.5,  3,  5, 0.07,121, 9.0
2026-05-25 12:25:46,-102.0679,31.8528,  18.4,27172,-48.9,-76.1,-71.4,  3,  5, 0.07,122, 9.0
2026-05-25 12:25:47,-102.0680,31.8528,  18.4,27179,-48.9,-76.1,-71.4,  3,  5, 0.07,123, 9.0
2026-05-25 12:25:48,-102.0680,31.8528,  18.3,27186,-48.9,-76.1,-71.4,  3,  5, 0.07,124, 8.9
2026-05-25 12:25:49,-102.0681,31.8529,  18.3,27192,-48.9,-76.1,-71.4,  3,  5, 0.07,125, 8.9
2026-05-25 12:25:50,-102.0682,31.8529,  18.3,27198,-48.9,-76.1,-71.4,  3,  5, 0.07,126, 8.9
2026-05-25 12:25:51,-102.0683,31.8530,  18.3,27205,-48.9,-76.1,-71.4,  3,  5, 0.07,127, 8.9
2026-05-25 12:25:52,-102.0683,31.8531,  18.3,27211,-48.9,-76.1,-71.4,  3,  5, 0.07,128, 8.9
2026-05-25 12:25:53,-102.0684,31.8532,  18.2,27217,-48.9,-76.1,-71.4,  3,  5, 0.07,129, 9.0
2026-05-25 12:25:54,-102.0685,31.8532,  18.2,27224,-48.9,-76.0,-71.3,  3,  5, 0.07,130, 9.0
2026-05-25 12:25:55,-102.0685,31.8533,  18.2,27230,-48.9,-76.0,-71.3,  3,  5, 0.07,131, 9.1
2026-05-25 12:25:56,-102.0686,31.8534,  18.2,27236,-48.9,-76.0,-71.3,  3,  5, 0.07,132, 9.2
2026-05-25 12:25:57,-102.0687,31.8535,  18.2,27243,-48.9,-76.0,-71.3,  3,  5, 0.07,132, 9.3
2026-05-25 12:25:58,-102.0687,31.8536,  18.2,27251,-48.9,-76.0,-71.3,  3,  5, 0.07,133, 9.4
2026-05-25 12:25:59,-102.0688,31.8536,  18.1,27256,-48.9,-76.0,-71.3,  3,  5, 0.07,134, 9.4
2026-05-25 12:26:00,-102.0689,31.8537,  18.1,27262,-49.0,-76.0,-71.3,  3,  5, 0.07,135, 9.6
2026-05-25 12:26:01,-102.0689,31.8538,  18.1,27269,-49.0,-76.0,-71.3,  3,  5, 0.07,136, 9.7
2026-05-25 12:26:02,-102.0690,31.8539,  18.1,27276,-49.0,-76.0,-71.3,  3,  5, 0.07,137, 9.8
2026-05-25 12:26:03,-102.0691,31.8539,  18.1,27282,-49.0,-76.0,-71.3,  3,  5, 0.07,138, 9.8
2026-05-25 12:26:04,-102.0692,31.8540,  18.0,27289,-49.0,-76.0,-71.3,  3,  5, 0.07,138, 9.9
2026-05-25 12:26:05,-102.0692,31.8541,  18.0,27296,-49.0,-76.0,-71.3,  3,  5, 0.07,139,10.0
2026-05-25 12:26:06,-102.0693,31.8542,  18.0,27302,-49.0,-76.0,-71.3,  3,  5, 0.07,140,10.0
2026-05-25 12:26:07,-102.0694,31.8543,  18.0,27309,-49.0,-76.0,-71.3,  3,  5, 0.07,141,10.1
2026-05-25 12:26:08,-102.0694,31.8543,  18.0,27315,-49.0,-76.0,-71.3,  3,  5, 0.07,141,10.2
2026-05-25 12:26:09,-102.0695,31.8544,  18.0,27321,-49.0,-76.0,-71.3,  3,  5, 0.07,142,10.3
2026-05-25 12:26:10,-102.0696,31.8545,  17.9,27327,-49.0,-76.0,-71.3,  3,  5, 0.07,143,10.4
2026-05-25 12:26:11,-102.0696,31.8546,  17.9,27334,-49.0,-76.0,-71.3,  3,  5, 0.07,144,10.5
2026-05-25 12:26:12,-102.0697,31.8546,  17.9,27340,-49.0,-76.0,-71.3,  3,  5, 0.07,144,10.7
2026-05-25 12:26:13,-102.0698,31.8547,  17.9,27346,-49.0,-76.0,-71.3,  3,  5, 0.07,144,10.7
2026-05-25 12:26:14,-102.0698,31.8548,  17.9,27352,-49.1,-76.0,-71.3,  3,  5, 0.07,144,10.7
2026-05-25 12:26:15,-102.0699,31.8549,  17.9,27359,-49.1,-76.0,-71.3,  3,  5, 0.07,144,10.7
2026-05-25 12:26:16,-102.0700,31.8550,  17.8,27365,-49.1,-76.0,-71.3,  3,  5, 0.08,143,10.8
2026-05-25 12:26:17,-102.0700,31.8550,  17.8,27371,-49.1,-76.0,-71.3,  3,  5, 0.08,143,10.8
2026-05-25 12:26:18,-102.0701,31.8551,  17.8,27377,-49.1,-76.0,-71.3,  3,  5, 0.08,143,10.8
2026-05-25 12:26:19,-102.0702,31.8552,  17.8,27383,-49.1,-76.0,-71.3,  3,  5, 0.08,143,10.8
2026-05-25 12:26:20,-102.0703,31.8553,  17.8,27389,-49.1,-76.0,-71.3,  3,  5, 0.08,143,10.9
2026-05-25 12:26:21,-102.0703,31.8553,  17.8,27395,-49.1,-76.0,-71.3,  3,  5, 0.08,143,10.9
2026-05-25 12:26:22,-102.0704,31.8554,  17.7,27401,-49.1,-76.0,-71.3,  3,  5, 0.08,142,10.9
2026-05-25 12:26:23,-102.0705,31.8555,  17.7,27407,-49.1,-76.0,-71.3,  3,  5, 0.08,142,10.9
2026-05-25 12:26:24,-102.0706,31.8555,  17.7,27413,-49.1,-76.0,-71.3,  3,  5, 0.08,142,11.0
2026-05-25 12:26:25,-102.0707,31.8556,  17.7,27419,-49.2,-76.0,-71.3,  3,  5, 0.08,142,11.0
2026-05-25 12:26:26,-102.0708,31.8557,  17.7,27426,-49.2,-76.0,-71.3,  3,  5, 0.08,142,11.0
2026-05-25 12:26:27,-102.0709,31.8557,  17.7,27432,-49.2,-76.0,-71.3,  3,  5, 0.08,141,11.0
2026-05-25 12:26:28,-102.0709,31.8558,  17.6,27439,-49.2,-76.0,-71.3,  3,  5, 0.08,141,11.1
2026-05-25 12:26:29,-102.0710,31.8559,  17.6,27445,-49.2,-76.0,-71.2,  3,  5, 0.08,141,11.1
2026-05-25 12:26:30,-102.0711,31.8559,  17.6,27453,-49.2,-75.9,-71.2,  3,  5, 0.08,141,11.1
2026-05-25 12:26:31,-102.0712,31.8560,  17.6,27460,-49.2,-75.9,-71.2,  3,  5, 0.08,141,11.2
2026-05-25 12:26:32,-102.0713,31.8561,  17.6,27467,-49.2,-75.9,-71.2,  3,  5, 0.08,141,11.2
2026-05-25 12:26:33,-102.0714,31.8561,  17.5,27474,-49.2,-75.9,-71.2,  3,  5, 0.08,140,11.2
2026-05-25 12:26:34,-102.0715,31.8562,  17.5,27481,-49.2,-75.9,-71.2,  3,  5, 0.08,139,11.2
2026-05-25 12:26:35,-102.0716,31.8563,  17.5,27488,-49.2,-75.9,-71.2,  3,  5, 0.08,139,11.2
2026-05-25 12:26:36,-102.0716,31.8563,  17.5,27495,-49.3,-75.9,-71.2,  3,  5, 0.08,138,11.2
2026-05-25 12:26:37,-102.0717,31.8564,  17.5,27501,-49.3,-75.9,-71.2,  3,  5, 0.08,137,11.2
2026-05-25 12:26:38,-102.0718,31.8565,  17.5,27508,-49.3,-75.9,-71.2,  3,  5, 0.08,137,11.2
2026-05-25 12:26:39,-102.0719,31.8565,  17.4,27514,-49.3,-75.9,-71.2,  3,  5, 0.08,136,11.2
2026-05-25 12:26:40,-102.0720,31.8566,  17.4,27521,-49.3,-75.9,-71.2,  3,  5, 0.08,135,11.2
2026-05-25 12:26:41,-102.0721,31.8567,  17.4,27528,-49.3,-75.9,-71.2,  3,  5, 0.08,135,11.2
2026-05-25 12:26:42,-102.0722,31.8567,  17.4,27534,-49.3,-76.0,-71.2,  3,  5, 0.08,134,11.2
2026-05-25 12:26:43,-102.0723,31.8568,  17.4,27541,-49.3,-76.0,-71.3,  3,  5, 0.08,133,11.3
2026-05-25 12:26:44,-102.0724,31.8569,  17.3,27548,-49.3,-76.0,-71.3,  3,  5, 0.08,133,11.3
2026-05-25 12:26:45,-102.0724,31.8569,  17.3,27555,-49.3,-76.0,-71.3,  3,  5, 0.08,132,11.3
2026-05-25 12:26:46,-102.0725,31.8570,  17.3,27561,-49.3,-76.0,-71.3,  3,  5, 0.08,131,11.3
2026-05-25 12:26:47,-102.0726,31.8571,  17.3,27568,-49.3,-76.0,-71.3,  3,  5, 0.08,131,11.3
2026-05-25 12:26:48,-102.0727,31.8571,  17.3,27574,-49.4,-76.0,-71.3,  3,  5, 0.08,130,11.3
2026-05-25 12:26:49,-102.0728,31.8572,  17.3,27580,-49.4,-76.0,-71.3,  3,  5, 0.08,130,11.4
2026-05-25 12:26:50,-102.0729,31.8573,  17.2,27586,-49.4,-76.1,-71.3,  3,  5, 0.08,129,11.4
2026-05-25 12:26:51,-102.0730,31.8573,  17.2,27592,-49.4,-76.1,-71.4,  3,  5, 0.08,128,11.4
2026-05-25 12:26:52,-102.0730,31.8574,  17.2,27599,-49.4,-76.1,-71.4,  3,  5, 0.08,128,11.4
2026-05-25 12:26:53,-102.0731,31.8574,  17.2,27606,-49.4,-76.1,-71.4,  3,  5, 0.08,128,11.3
2026-05-25 12:26:54,-102.0732,31.8575,  17.2,27613,-49.4,-76.1,-71.4,  3,  5, 0.08,128,11.1
2026-05-25 12:26:55,-102.0732,31.8575,  17.2,27620,-49.4,-76.1,-71.4,  3,  5, 0.08,127,11.0
2026-05-25 12:26:56,-102.0733,31.8576,  17.1,27627,-49.4,-76.1,-71.4,  3,  5, 0.08,127,10.9
2026-05-25 12:26:57,-102.0734,31.8576,  17.1,27634,-49.4,-76.1,-71.4,  3,  5, 0.08,127,10.7
2026-05-25 12:26:58,-102.0734,31.8577,  17.1,27641,-49.4,-76.1,-71.4,  3,  5, 0.08,127,10.6
2026-05-25 12:26:59,-102.0735,31.8577,  17.1,27648,-49.4,-76.1,-71.4,  3,  5, 0.08,127,10.4
2026-05-25 12:27:00,-102.0736,31.8578,  17.1,27655,-49.4,-76.2,-71.4,  3,  5, 0.08,127,10.3
2026-05-25 12:27:01,-102.0736,31.8578,  17.1,27661,-49.5,-76.2,-71.5,  3,  5, 0.08,127,10.1
2026-05-25 12:27:02,-102.0737,31.8579,  17.0,27668,-49.5,-76.2,-71.5,  3,  5, 0.08,127,10.0
2026-05-25 12:27:03,-102.0737,31.8579,  17.0,27675,-49.5,-76.2,-71.5,  3,  5, 0.08,127, 9.8
2026-05-25 12:27:04,-102.0738,31.8580,  17.0,27681,-49.5,-76.2,-71.5,  3,  5, 0.08,126, 9.7
2026-05-25 12:27:05,-102.0739,31.8580,  17.0,27690,-49.5,-76.2,-71.5,  3,  5, 0.08,126, 9.5
2026-05-25 12:27:06,-102.0739,31.8580,  17.0,27694,-49.5,-76.2,-71.5,  3,  5, 0.08,126, 9.4
2026-05-25 12:27:07,-102.0740,31.8581,  16.9,27700,-49.5,-76.2,-71.5,  3,  5, 0.08,126, 9.3
2026-05-25 12:27:08,-102.0741,31.8581,  16.9,27707,-49.5,-76.2,-71.5,  3,  5, 0.08,126, 9.1
2026-05-25 12:27:09,-102.0741,31.8582,  16.9,27714,-49.5,-76.2,-71.5,  3,  5, 0.08,126, 9.0
2026-05-25 12:27:10,-102.0742,31.8582,  16.9,27721,-49.5,-76.2,-71.4,  3,  5, 0.08,126, 8.8
2026-05-25 12:27:11,-102.0743,31.8583,  16.9,27728,-49.5,-76.2,-71.4,  3,  5, 0.08,126, 8.7
2026-05-25 12:27:12,-102.0743,31.8583,  16.9,27735,-49.5,-76.1,-71.4,  3,  5, 0.08,125, 8.5
2026-05-25 12:27:13,-102.0744,31.8584,  16.8,27742,-49.5,-76.1,-71.4,  3,  5, 0.08,126, 8.4
2026-05-25 12:27:14,-102.0744,31.8584,  16.8,27749,-49.5,-76.1,-71.4,  3,  5, 0.08,127, 8.3
2026-05-25 12:27:15,-102.0745,31.8585,  16.8,27756,-49.5,-76.1,-71.4,  3,  5, 0.08,128, 8.2
2026-05-25 12:27:16,-102.0746,31.8585,  16.8,27763,-49.5,-76.1,-71.4,  3,  5, 0.08,129, 8.1
2026-05-25 12:27:17,-102.0746,31.8586,  16.8,27770,-49.5,-76.1,-71.4,  3,  5, 0.08,130, 8.1
2026-05-25 12:27:18,-102.0747,31.8586,  16.8,27776,-49.5,-76.1,-71.4,  3,  5, 0.08,131, 8.0
2026-05-25 12:27:19,-102.0748,31.8587,  16.7,27783,-49.5,-76.1,-71.4,  3,  5, 0.08,132, 8.0
2026-05-25 12:27:20,-102.0748,31.8587,  16.7,27790,-49.5,-76.1,-71.4,  3,  5, 0.08,132, 7.9
2026-05-25 12:27:21,-102.0749,31.8588,  16.7,27796,-49.5,-76.1,-71.3,  3,  5, 0.08,133, 7.8
2026-05-25 12:27:22,-102.0749,31.8588,  16.7,27802,-49.4,-76.0,-71.3,  3,  5, 0.08,134, 7.7
2026-05-25 12:27:23,-102.0750,31.8589,  16.7,27808,-49.4,-76.0,-71.3,  3,  5, 0.08,135, 7.6
2026-05-25 12:27:24,-102.0750,31.8589,  16.7,27814,-49.4,-76.0,-71.3,  3,  5, 0.08,137, 7.6
2026-05-25 12:27:25,-102.0750,31.8590,  16.6,27820,-49.4,-76.0,-71.3,  3,  5, 0.08,138, 7.5
2026-05-25 12:27:26,-102.0750,31.8590,  16.6,27827,-49.4,-76.0,-71.3,  3,  5, 0.08,139, 7.4
2026-05-25 12:27:27,-102.0750,31.8591,  16.6,27834,-49.4,-76.0,-71.3,  3,  5, 0.08,140, 7.3
2026-05-25 12:27:28,-102.0751,31.8591,  16.6,27842,-49.4,-76.0,-71.2,  3,  5, 0.08,141, 7.2
2026-05-25 12:27:29,-102.0751,31.8592,  16.6,27849,-49.4,-75.9,-71.2,  3,  5, 0.08,142, 7.1
2026-05-25 12:27:30,-102.0751,31.8592,  16.6,27856,-49.3,-75.9,-71.2,  3,  5, 0.08,143, 7.0
2026-05-25 12:27:31,-102.0751,31.8592,  16.5,27861,-49.3,-75.9,-71.2,  3,  5, 0.08,144, 7.0
2026-05-25 12:27:32,-102.0751,31.8593,  16.5,27869,-49.3,-75.9,-71.2,  3,  5, 0.08,146, 6.9
2026-05-25 12:27:33,-102.0752,31.8593,  16.5,27876,-49.3,-75.9,-71.2,  3,  5, 0.08,146, 6.9
2026-05-25 12:27:34,-102.0752,31.8594,  16.5,27882,-49.3,-75.9,-71.2,  3,  5, 0.08,147, 6.8
2026-05-25 12:27:35,-102.0752,31.8594,  16.5,27889,-49.3,-75.9,-71.2,  3,  5, 0.08,148, 6.7
2026-05-25 12:27:36,-102.0752,31.8595,  16.5,27896,-49.3,-75.9,-71.2,  3,  5, 0.08,149, 6.7
2026-05-25 12:27:37,-102.0753,31.8595,  16.4,27903,-49.3,-75.9,-71.2,  3,  5, 0.08,150, 6.6
2026-05-25 12:27:38,-102.0753,31.8596,  16.4,27909,-49.2,-75.9,-71.2,  3,  5, 0.08,151, 6.6
2026-05-25 12:27:39,-102.0753,31.8596,  16.4,27916,-49.2,-75.9,-71.2,  3,  5, 0.08,151, 6.6
2026-05-25 12:27:40,-102.0753,31.8597,  16.4,27923,-49.2,-75.9,-71.2,  3,  5, 0.08,152, 6.5
2026-05-25 12:27:41,-102.0753,31.8597,  16.4,27930,-49.2,-75.9,-71.2,  3,  5, 0.08,153, 6.5
2026-05-25 12:27:42,-102.0754,31.8598,  16.3,27937,-49.2,-76.0,-71.2,  3,  5, 0.08,154, 6.4
2026-05-25 12:27:43,-102.0754,31.8598,  16.3,27943,-49.2,-76.0,-71.2,  3,  5, 0.08,155, 6.3
2026-05-25 12:27:44,-102.0754,31.8599,  16.3,27950,-49.2,-76.0,-71.2,  3,  5, 0.08,156, 6.3
2026-05-25 12:27:45,-102.0754,31.8599,  16.3,27957,-49.1,-76.0,-71.2,  3,  5, 0.08,157, 6.2
2026-05-25 12:27:46,-102.0754,31.8600,  16.3,27964,-49.1,-76.0,-71.2,  3,  5, 0.08,158, 6.2
2026-05-25 12:27:47,-102.0755,31.8600,  16.3,27970,-49.1,-76.0,-71.2,  3,  5, 0.08,159, 6.1
2026-05-25 12:27:48,-102.0755,31.8601,  16.3,27976,-49.1,-75.9,-71.2,  3,  5, 0.08,160, 6.0
2026-05-25 12:27:49,-102.0755,31.8601,  16.2,27982,-49.1,-75.9,-71.2,  3,  5, 0.08,161, 6.0
2026-05-25 12:27:50,-102.0755,31.8602,  16.2,27988,-49.1,-75.9,-71.2,  3,  5, 0.08,162, 6.0
2026-05-25 12:27:51,-102.0756,31.8602,  16.2,27994,-49.1,-75.9,-71.2,  3,  5, 0.08,163, 5.9
2026-05-25 12:27:52,-102.0756,31.8603,  16.2,28000,-49.1,-75.9,-71.2,  3,  5, 0.08,164, 5.9
2026-05-25 12:27:53,-102.0756,31.8603,  16.2,28006,-49.0,-75.9,-71.2,  3,  5, 0.08,165, 5.7
2026-05-25 12:27:54,-102.0755,31.8603,  16.2,28013,-49.0,-75.9,-71.2,  3,  5, 0.08,166, 5.6
2026-05-25 12:27:55,-102.0755,31.8603,  16.1,28019,-49.0,-75.9,-71.2,  3,  5, 0.08,167, 5.5
2026-05-25 12:27:56,-102.0755,31.8604,  16.1,28025,-49.0,-75.9,-71.2,  3,  5, 0.08,168, 5.4
2026-05-25 12:27:57,-102.0755,31.8604,  16.1,28031,-49.0,-75.9,-71.2,  3,  5, 0.08,169, 5.2
2026-05-25 12:27:58,-102.0755,31.8604,  16.1,28037,-49.0,-75.9,-71.2,  3,  5, 0.08,170, 5.1
2026-05-25 12:27:59,-102.0755,31.8604,  16.1,28043,-49.0,-75.9,-71.2,  3,  5, 0.08,172, 5.0
2026-05-25 12:28:00,-102.0755,31.8604,  16.1,28049,-49.0,-75.9,-71.2,  3,  5, 0.08,173, 4.8
2026-05-25 12:28:01,-102.0755,31.8605,  16.1,28055,-49.0,-75.9,-71.2,  3,  5, 0.08,174, 4.7
2026-05-25 12:28:02,-102.0755,31.8605,  16.0,28061,-48.9,-75.9,-71.2,  3,  5, 0.09,176, 4.6
2026-05-25 12:28:03,-102.0755,31.8605,  16.0,28068,-48.9,-75.9,-71.2,  3,  5, 0.09,178, 4.4
2026-05-25 12:28:04,-102.0755,31.8605,  16.0,28074,-48.9,-75.9,-71.1,  3,  5, 0.09,179, 4.3
2026-05-25 12:28:05,-102.0755,31.8606,  16.0,28080,-48.9,-75.8,-71.1,  3,  5, 0.09,181, 4.2
2026-05-25 12:28:06,-102.0754,31.8606,  16.0,28087,-48.9,-75.8,-71.1,  3,  5, 0.09,183, 4.0
2026-05-25 12:28:07,-102.0754,31.8606,  16.0,28093,-48.9,-75.8,-71.1,  3,  5, 0.09,185, 3.9
2026-05-25 12:28:08,-102.0754,31.8606,  15.9,28100,-48.9,-75.8,-71.1,  3,  5, 0.09,187, 3.8
2026-05-25 12:28:09,-102.0754,31.8606,  15.9,28106,-48.9,-75.8,-71.1,  3,  5, 0.09,190, 3.6
2026-05-25 12:28:10,-102.0754,31.8607,  15.9,28113,-48.9,-75.8,-71.1,  3,  5, 0.09,192, 3.5
2026-05-25 12:28:11,-102.0754,31.8607,  15.9,28119,-48.8,-75.8,-71.1,  3,  5, 0.09,195, 3.4
2026-05-25 12:28:12,-102.0754,31.8607,  15.9,28126,-48.8,-75.8,-71.1,  3,  5, 0.09,198, 3.2
2026-05-25 12:28:13,-102.0754,31.8607,  15.9,28132,-48.8,-75.8,-71.0,  3,  5, 0.09,198, 3.1
2026-05-25 12:28:14,-102.0754,31.8607,  15.9,28139,-48.8,-75.7,-71.0,  3,  5, 0.09,198, 3.0
2026-05-25 12:28:15,-102.0754,31.8608,  15.8,28145,-48.8,-75.7,-71.0,  3,  5, 0.09,199, 2.8
2026-05-25 12:28:16,-102.0754,31.8608,  15.8,28152,-48.8,-75.7,-71.0,  3,  5, 0.09,200, 2.7
2026-05-25 12:28:17,-102.0754,31.8608,  15.8,28158,-48.7,-75.7,-71.0,  3,  5, 0.09,200, 2.6
2026-05-25 12:28:18,-102.0753,31.8608,  15.8,28164,-48.7,-75.7,-70.9,  3,  5, 0.09,201, 2.5
2026-05-25 12:28:19,-102.0753,31.8608,  15.8,28170,-48.7,-75.6,-70.9,  3,  5, 0.09,202, 2.4
2026-05-25 12:28:20,-102.0753,31.8609,  15.8,28176,-48.7,-75.6,-70.9,  3,  5, 0.09,203, 2.2
2026-05-25 12:28:21,-102.0753,31.8609,  15.7,28182,-48.7,-75.6,-70.9,  3,  5, 0.09,204, 2.1
2026-05-25 12:28:22,-102.0753,31.8609,  15.7,28189,-48.6,-75.6,-70.9,  3,  5, 0.09,205, 2.0
2026-05-25 12:28:23,-102.0753,31.8609,  15.7,28195,-48.6,-75.6,-70.9,  3,  5, 0.09,206, 1.9
2026-05-25 12:28:24,-102.0753,31.8609,  15.7,28202,-48.6,-75.5,-70.8,  3,  5, 0.09,208, 1.7
2026-05-25 12:28:25,-102.0753,31.8609,  15.7,28208,-48.6,-75.5,-70.8,  3,  5, 0.09,209, 1.6
2026-05-25 12:28:26,-102.0754,31.8609,  15.7,28215,-48.6,-75.5,-70.8,  3,  5, 0.09,212, 1.5
2026-05-25 12:28:27,-102.0754,31.8609,  15.7,28222,-48.5,-75.5,-70.8,  3,  5, 0.09,214, 1.3
2026-05-25 12:28:28,-102.0754,31.8609,  15.6,28228,-48.5,-75.5,-70.8,  3,  5, 0.09,217, 1.2
2026-05-25 12:28:29,-102.0754,31.8609,  15.6,28234,-48.5,-75.5,-70.8,  3,  5, 0.09,221, 1.1
2026-05-25 12:28:30,-102.0754,31.8609,  15.6,28241,-48.5,-75.5,-70.8,  3,  5, 0.09,226, 1.0
2026-05-25 12:28:31,-102.0754,31.8609,  15.6,28247,-48.4,-75.5,-70.7,  3,  5, 0.09,232, 0.8
2026-05-25 12:28:32,-102.0754,31.8609,  15.6,28254,-48.4,-75.4,-70.7,  3,  5, 0.09,240, 0.7
2026-05-25 12:28:33,-102.0754,31.8609,  15.6,28261,-48.4,-75.4,-70.7,  3,  5, 0.09,237, 0.8
2026-05-25 12:28:34,-102.0755,31.8609,  15.5,28268,-48.4,-75.4,-70.7,  3,  5, 0.09,234, 0.8
2026-05-25 12:28:35,-102.0755,31.8609,  15.5,28275,-48.4,-75.4,-70.7,  3,  5, 0.09,228, 0.9
2026-05-25 12:28:36,-102.0755,31.8609,  15.5,28282,-48.3,-75.4,-70.7,  3,  5, 0.09,217, 0.9
2026-05-25 12:28:37,-102.0755,31.8609,  15.5,28289,-48.3,-75.4,-70.7,  3,  5, 0.09,193, 1.0
2026-05-25 12:28:38,-102.0755,31.8609,  15.5,28295,-48.3,-75.4,-70.7,  3,  5, 0.09,149, 1.0
2026-05-25 12:28:39,-102.0755,31.8609,  15.5,28302,-48.3,-75.4,-70.7,  3,  5, 0.09,115, 1.1
2026-05-25 12:28:40,-102.0755,31.8609,  15.5,28308,-48.2,-75.3,-70.6,  3,  5, 0.10, 99, 1.1
2026-05-25 12:28:41,-102.0755,31.8609,  15.4,28314,-48.2,-75.3,-70.6,  3,  5, 0.10, 92, 1.2
2026-05-25 12:28:42,-102.0755,31.8608,  15.4,28321,-48.2,-75.3,-70.6,  3,  5, 0.10, 87, 1.2
2026-05-25 12:28:43,-102.0756,31.8608,  15.4,28327,-48.2,-75.3,-70.6,  3,  5, 0.10, 84, 1.3
2026-05-25 12:28:44,-102.0756,31.8608,  15.4,28333,-48.2,-75.3,-70.6,  3,  5, 0.10, 82, 1.3
2026-05-25 12:28:45,-102.0756,31.8608,  15.4,28340,-48.1,-75.3,-70.6,  3,  5, 0.10, 81, 1.4
2026-05-25 12:28:46,-102.0756,31.8608,  15.4,28347,-48.1,-75.3,-70.6,  3,  5, 0.10, 80, 1.4
2026-05-25 12:28:47,-102.0756,31.8608,  15.3,28353,-48.1,-75.3,-70.6,  3,  5, 0.10, 79, 1.5
2026-05-25 12:28:48,-102.0756,31.8608,  15.3,28360,-48.1,-75.2,-70.5,  3,  5, 0.10, 78, 1.5
2026-05-25 12:28:49,-102.0756,31.8608,  15.3,28366,-48.1,-75.2,-70.5,  3,  5, 0.10, 78, 1.6
2026-05-25 12:28:50,-102.0756,31.8608,  15.3,28372,-48.1,-75.2,-70.5,  3,  5, 0.10, 77, 1.6
2026-05-25 12:28:51,-102.0757,31.8608,  15.3,28378,-48.0,-75.2,-70.5,  3,  5, 0.10, 77, 1.7
2026-05-25 12:28:52,-102.0757,31.8608,  15.3,28384,-48.0,-75.2,-70.5,  3,  5, 0.10, 76, 1.7
2026-05-25 12:28:53,-102.0757,31.8608,  15.3,28391,-48.0,-75.2,-70.5,  3,  5, 0.10, 75, 1.9
2026-05-25 12:28:54,-102.0757,31.8608,  15.2,28397,-48.0,-75.2,-70.5,  3,  5, 0.10, 75, 2.0
2026-05-25 12:28:55,-102.0758,31.8608,  15.2,28402,-48.0,-75.2,-70.5,  3,  5, 0.10, 74, 2.1
2026-05-25 12:28:56,-102.0758,31.8607,  15.2,28408,-47.9,-75.2,-70.5,  3,  5, 0.10, 73, 2.2
2026-05-25 12:28:57,-102.0758,31.8607,  15.2,28413,-47.9,-75.2,-70.5,  3,  5, 0.10, 73, 2.3
2026-05-25 12:28:58,-102.0759,31.8607,  15.2,28419,-47.9,-75.2,-70.5,  3,  5, 0.10, 72, 2.4
2026-05-25 12:28:59,-102.0759,31.8607,  15.2,28424,-47.9,-75.2,-70.5,  3,  5, 0.10, 72, 2.5
2026-05-25 12:29:00,-102.0759,31.8607,  15.2,28430,-47.9,-75.2,-70.5,  3,  5, 0.10, 71, 2.6
2026-05-25 12:29:01,-102.0760,31.8607,  15.2,28437,-47.8,-75.2,-70.5,  3,  5, 0.10, 71, 2.7
2026-05-25 12:29:02,-102.0760,31.8606,  15.1,28444,-47.8,-75.2,-70.5,  3,  5, 0.10, 70, 2.8
2026-05-25 12:29:03,-102.0760,31.8606,  15.1,28450,-47.8,-75.2,-70.5,  3,  5, 0.10, 70, 2.9
2026-05-25 12:29:04,-102.0761,31.8606,  15.1,28457,-47.8,-75.2,-70.5,  3,  5, 0.10, 70, 3.1
2026-05-25 12:29:05,-102.0761,31.8606,  15.1,28463,-47.8,-75.2,-70.5,  3,  5, 0.10, 69, 3.2
2026-05-25 12:29:06,-102.0761,31.8606,  15.1,28470,-47.7,-75.2,-70.5,  3,  5, 0.10, 69, 3.3
2026-05-25 12:29:07,-102.0762,31.8606,  15.1,28477,-47.7,-75.2,-70.5,  3,  5, 0.10, 69, 3.4
2026-05-25 12:29:08,-102.0762,31.8605,  15.0,28483,-47.7,-75.2,-70.5,  3,  5, 0.10, 69, 3.5
2026-05-25 12:29:09,-102.0762,31.8605,  15.0,28490,-47.7,-75.2,-70.5,  3,  5, 0.10, 68, 3.6
2026-05-25 12:29:10,-102.0763,31.8605,  15.0,28497,-47.7,-75.2,-70.5,  3,  5, 0.10, 68, 3.7
2026-05-25 12:29:11,-102.0763,31.8605,  15.0,28503,-47.6,-75.2,-70.5,  3,  5, 0.10, 68, 3.8
2026-05-25 12:29:12,-102.0763,31.8605,  15.0,28510,-47.6,-75.1,-70.4,  3,  5, 0.10, 68, 3.9
2026-05-25 12:29:13,-102.0764,31.8605,  15.0,28516,-47.6,-75.1,-70.4,  3,  5, 0.10, 67, 3.9
2026-05-25 12:29:14,-102.0764,31.8604,  15.0,28522,-47.6,-75.1,-70.4,  3,  5, 0.10, 65, 3.9
2026-05-25 12:29:15,-102.0764,31.8604,  14.9,28529,-47.5,-75.1,-70.4,  3,  5, 0.10, 64, 3.9
2026-05-25 12:29:16,-102.0765,31.8604,  14.9,28535,-47.5,-75.1,-70.4,  3,  5, 0.10, 63, 3.8
2026-05-25 12:29:17,-102.0765,31.8604,  14.9,28541,-47.5,-75.1,-70.4,  3,  5, 0.10, 61, 3.8
2026-05-25 12:29:18,-102.0765,31.8604,  14.9,28548,-47.5,-75.1,-70.4,  3,  5, 0.10, 60, 3.8
2026-05-25 12:29:19,-102.0766,31.8604,  14.9,28554,-47.4,-75.1,-70.4,  3,  5, 0.10, 59, 3.7
2026-05-25 12:29:20,-102.0766,31.8603,  14.9,28561,-47.4,-75.0,-70.3,  3,  5, 0.10, 57, 3.7
2026-05-25 12:29:21,-102.0766,31.8603,  14.9,28567,-47.4,-75.0,-70.3,  3,  5, 0.10, 56, 3.7
2026-05-25 12:29:22,-102.0767,31.8603,  14.8,28574,-47.4,-75.0,-70.3,  3,  5, 0.10, 54, 3.6
2026-05-25 12:29:23,-102.0767,31.8603,  14.8,28580,-47.3,-75.0,-70.3,  3,  5, 0.11, 53, 3.6
2026-05-25 12:29:24,-102.0767,31.8603,  14.8,28586,-47.3,-75.0,-70.3,  3,  5, 0.11, 51, 3.6
2026-05-25 12:29:25,-102.0767,31.8602,  14.8,28593,-47.3,-74.9,-70.2,  3,  5, 0.11, 50, 3.5
2026-05-25 12:29:26,-102.0767,31.8602,  14.8,28599,-47.2,-74.9,-70.2,  3,  5, 0.11, 48, 3.5
2026-05-25 12:29:27,-102.0768,31.8602,  14.8,28605,-47.2,-74.9,-70.2,  3,  5, 0.11, 46, 3.5
2026-05-25 12:29:28,-102.0768,31.8602,  14.8,28612,-47.2,-74.9,-70.2,  3,  5, 0.11, 45, 3.5
2026-05-25 12:29:29,-102.0768,31.8601,  14.7,28618,-47.1,-74.9,-70.2,  3,  5, 0.11, 43, 3.4
2026-05-25 12:29:30,-102.0768,31.8601,  14.7,28624,-47.1,-74.8,-70.1,  3,  5, 0.11, 41, 3.4
2026-05-25 12:29:31,-102.0768,31.8601,  14.7,28630,-47.1,-74.8,-70.1,  3,  5, 0.11, 40, 3.3
2026-05-25 12:29:32,-102.0768,31.8601,  14.7,28636,-47.0,-74.8,-70.1,  3,  5, 0.11, 38, 3.3
2026-05-25 12:29:33,-102.0769,31.8600,  14.7,28643,-47.0,-74.8,-70.1,  3,  5, 0.11, 38, 3.3
2026-05-25 12:29:34,-102.0769,31.8600,  14.7,28649,-47.0,-74.8,-70.1,  3,  5, 0.11, 37, 3.3
2026-05-25 12:29:35,-102.0769,31.8600,  14.7,28655,-47.0,-74.7,-70.0,  3,  5, 0.11, 37, 3.3
2026-05-25 12:29:36,-102.0769,31.8600,  14.6,28661,-46.9,-74.7,-70.0,  3,  5, 0.11, 37, 3.3
2026-05-25 12:29:37,-102.0769,31.8599,  14.6,28668,-46.9,-74.7,-70.0,  3,  5, 0.11, 37, 3.3
2026-05-25 12:29:38,-102.0770,31.8599,  14.6,28674,-46.8,-74.7,-70.0,  3,  5, 0.11, 36, 3.3
2026-05-25 12:29:39,-102.0770,31.8599,  14.6,28680,-46.8,-74.6,-69.9,  3,  5, 0.11, 36, 3.4
2026-05-25 12:29:40,-102.0770,31.8599,  14.6,28686,-46.8,-74.6,-69.9,  3,  5, 0.11, 36, 3.4
2026-05-25 12:29:41,-102.0770,31.8598,  14.6,28693,-46.7,-74.6,-69.9,  3,  5, 0.11, 35, 3.4
2026-05-25 12:29:42,-102.0770,31.8598,  14.6,28699,-46.7,-74.6,-69.9,  3,  5, 0.11, 35, 3.4
2026-05-25 12:29:43,-102.0770,31.8598,  14.5,28705,-46.7,-74.6,-69.9,  3,  5, 0.11, 35, 3.4
2026-05-25 12:29:44,-102.0771,31.8598,  14.5,28712,-46.6,-74.5,-69.9,  3,  5, 0.11, 34, 3.4
2026-05-25 12:29:45,-102.0771,31.8597,  14.5,28718,-46.6,-74.5,-69.8,  3,  5, 0.11, 34, 3.4
2026-05-25 12:29:46,-102.0771,31.8597,  14.5,28725,-46.6,-74.5,-69.8,  3,  4, 0.12, 34, 3.4
2026-05-25 12:29:47,-102.0771,31.8597,  14.5,28731,-46.5,-74.5,-69.8,  3,  4, 0.12, 34, 3.4
2026-05-25 12:29:48,-102.0771,31.8597,  14.5,28738,-46.5,-74.5,-69.8,  3,  4, 0.12, 33, 3.4
2026-05-25 12:29:49,-102.0772,31.8596,  14.5,28745,-46.5,-74.5,-69.8,  3,  4, 0.12, 33, 3.4
2026-05-25 12:29:50,-102.0772,31.8596,  14.4,28751,-46.4,-74.5,-69.8,  3,  4, 0.12, 33, 3.4
2026-05-25 12:29:51,-102.0772,31.8596,  14.4,28757,-46.4,-74.4,-69.8,  3,  4, 0.12, 32, 3.4
2026-05-25 12:29:52,-102.0772,31.8596,  14.4,28763,-46.4,-74.4,-69.7,  3,  4, 0.12, 32, 3.4
2026-05-25 12:29:53,-102.0772,31.8595,  14.4,28769,-46.3,-74.4,-69.7,  3,  4, 0.12, 31, 3.4
2026-05-25 12:29:54,-102.0772,31.8595,  14.4,28775,-46.3,-74.4,-69.7,  3,  4, 0.12, 29, 3.4
2026-05-25 12:29:55,-102.0772,31.8595,  14.4,28781,-46.3,-74.4,-69.7,  3,  4, 0.12, 28, 3.4
2026-05-25 12:29:56,-102.0772,31.8594,  14.4,28787,-46.2,-74.4,-69.7,  3,  4, 0.12, 26, 3.3
2026-05-25 12:29:57,-102.0772,31.8594,  14.4,28793,-46.2,-74.4,-69.7,  3,  4, 0.12, 25, 3.3
2026-05-25 12:29:58,-102.0772,31.8594,  14.3,28799,-46.2,-74.4,-69.7,  3,  4, 0.12, 24, 3.3
2026-05-25 12:29:59,-102.0772,31.8593,  14.3,28802,-46.2,-74.4,-69.7,  3,  4, 0.12, 23, 3.3
2026-05-25 12:30:00,-102.0772,31.8593,  14.3,28811,-46.1,-74.3,-69.6,  3,  4, 0.12, 21, 3.3
2026-05-25 12:30:01,-102.0771,31.8593,  14.3,28816,-46.1,-74.3,-69.6,  3,  4, 0.12, 19, 3.3
2026-05-25 12:30:02,-102.0771,31.8592,  14.3,28822,-46.0,-74.3,-69.6,  3,  4, 0.12, 18, 3.3
2026-05-25 12:30:03,-102.0771,31.8592,  14.3,28829,-46.0,-74.2,-69.5,  3,  4, 0.12, 16, 3.3
2026-05-25 12:30:04,-102.0771,31.8592,  14.3,28835,-46.0,-74.2,-69.5,  3,  4, 0.12, 14, 3.2
2026-05-25 12:30:05,-102.0771,31.8591,  14.3,28842,-46.0,-74.2,-69.5,  3,  4, 0.12, 13, 3.2
2026-05-25 12:30:06,-102.0771,31.8591,  14.2,28849,-45.9,-74.1,-69.5,  3,  4, 0.12, 11, 3.2
2026-05-25 12:30:07,-102.0771,31.8591,  14.2,28855,-45.9,-74.1,-69.4,  3,  4, 0.12, 10, 3.2
2026-05-25 12:30:08,-102.0770,31.8590,  14.2,28862,-45.9,-74.1,-69.4,  3,  4, 0.12,  8, 3.2
2026-05-25 12:30:09,-102.0770,31.8590,  14.2,28869,-45.8,-74.1,-69.4,  3,  4, 0.13,  7, 3.2
2026-05-25 12:30:10,-102.0770,31.8590,  14.2,28875,-45.8,-74.0,-69.3,  3,  4, 0.13,  5, 3.2
2026-05-25 12:30:11,-102.0770,31.8589,  14.2,28882,-45.8,-74.0,-69.3,  3,  4, 0.13,  3, 3.1
2026-05-25 12:30:12,-102.0770,31.8589,  14.2,28889,-45.7,-74.0,-69.3,  3,  4, 0.13,  2, 3.1
2026-05-25 12:30:13,-102.0770,31.8589,  14.1,28895,-45.7,-73.9,-69.3,  3,  4, 0.13,359, 3.3
2026-05-25 12:30:14,-102.0770,31.8588,  14.1,28902,-45.7,-73.9,-69.2,  3,  4, 0.13,356, 3.4
2026-05-25 12:30:15,-102.0769,31.8588,  14.1,28909,-45.6,-73.9,-69.2,  3,  4, 0.13,354, 3.5
2026-05-25 12:30:16,-102.0769,31.8588,  14.1,28916,-45.6,-73.9,-69.2,  3,  4, 0.13,351, 3.6
2026-05-25 12:30:17,-102.0769,31.8587,  14.1,28923,-45.6,-73.8,-69.1,  3,  4, 0.13,349, 3.8
2026-05-25 12:30:18,-102.0769,31.8587,  14.1,28930,-45.6,-73.8,-69.1,  3,  4, 0.13,347, 3.9
2026-05-25 12:30:19,-102.0769,31.8587,  14.1,28937,-45.5,-73.8,-69.1,  3,  4, 0.13,345, 4.0
2026-05-25 12:30:20,-102.0769,31.8586,  14.0,28944,-45.5,-73.8,-69.1,  3,  4, 0.13,343, 4.1
2026-05-25 12:30:21,-102.0769,31.8586,  14.0,28950,-45.5,-73.7,-69.1,  3,  4, 0.13,341, 4.3
2026-05-25 12:30:22,-102.0768,31.8586,  14.0,28956,-45.5,-73.7,-69.0,  3,  4, 0.13,339, 4.4
2026-05-25 12:30:23,-102.0768,31.8585,  14.0,28962,-45.4,-73.7,-69.0,  3,  4, 0.13,338, 4.5
2026-05-25 12:30:24,-102.0768,31.8585,  14.0,28968,-45.4,-73.7,-69.0,  3,  4, 0.13,336, 4.6
2026-05-25 12:30:25,-102.0768,31.8584,  14.0,28974,-45.4,-73.6,-68.9,  3,  4, 0.14,335, 4.8
2026-05-25 12:30:26,-102.0768,31.8584,  14.0,28980,-45.4,-73.6,-68.9,  3,  4, 0.14,333, 4.9
2026-05-25 12:30:27,-102.0768,31.8584,  13.9,28987,-45.3,-73.6,-68.9,  3,  4, 0.14,332, 5.0
2026-05-25 12:30:28,-102.0767,31.8583,  13.9,28993,-45.3,-73.5,-68.9,  3,  4, 0.14,331, 5.1
2026-05-25 12:30:29,-102.0767,31.8583,  13.9,29000,-45.3,-73.5,-68.9,  3,  4, 0.14,330, 5.3
2026-05-25 12:30:30,-102.0767,31.8582,  13.9,29006,-45.3,-73.5,-68.8,  3,  4, 0.14,329, 5.3
2026-05-25 12:30:31,-102.0767,31.8582,  13.9,29013,-45.3,-73.5,-68.8,  3,  4, 0.14,328, 5.5
2026-05-25 12:30:32,-102.0766,31.8581,  13.9,29019,-45.3,-73.5,-68.8,  3,  4, 0.14,327, 5.7
2026-05-25 12:30:33,-102.0766,31.8581,  13.9,29025,-45.3,-73.5,-68.8,  3,  4, 0.14,327, 5.6
2026-05-25 12:30:34,-102.0766,31.8580,  13.9,29031,-45.3,-73.4,-68.8,  3,  4, 0.14,328, 5.6
2026-05-25 12:30:35,-102.0766,31.8580,  13.8,29037,-45.3,-73.4,-68.8,  3,  4, 0.14,328, 5.6
2026-05-25 12:30:36,-102.0765,31.8579,  13.8,29044,-45.2,-73.4,-68.7,  3,  4, 0.14,328, 5.6
2026-05-25 12:30:37,-102.0765,31.8579,  13.8,29050,-45.2,-73.4,-68.7,  3,  5, 0.14,328, 5.6
2026-05-25 12:30:38,-102.0765,31.8579,  13.8,29056,-45.2,-73.4,-68.7,  3,  5, 0.14,329, 5.6
2026-05-25 12:30:39,-102.0765,31.8578,  13.8,29062,-45.2,-73.4,-68.7,  3,  5, 0.14,329, 5.6
2026-05-25 12:30:40,-102.0764,31.8578,  13.8,29068,-45.2,-73.3,-68.7,  3,  5, 0.14,329, 5.6
2026-05-25 12:30:41,-102.0764,31.8577,  13.8,29074,-45.2,-73.3,-68.6,  3,  5, 0.14,330, 5.6
2026-05-25 12:30:42,-102.0764,31.8577,  13.8,29080,-45.2,-73.3,-68.6,  3,  5, 0.14,330, 5.6
2026-05-25 12:30:43,-102.0764,31.8576,  13.7,29086,-45.2,-73.3,-68.6,  3,  5, 0.15,330, 5.5
2026-05-25 12:30:44,-102.0763,31.8576,  13.7,29092,-45.2,-73.3,-68.6,  3,  5, 0.15,331, 5.5
2026-05-25 12:30:45,-102.0763,31.8575,  13.7,29099,-45.2,-73.3,-68.6,  3,  5, 0.15,331, 5.5
2026-05-25 12:30:46,-102.0763,31.8575,  13.7,29105,-45.2,-73.3,-68.6,  3,  5, 0.15,331, 5.5
2026-05-25 12:30:47,-102.0763,31.8574,  13.7,29111,-45.2,-73.2,-68.6,  3,  5, 0.15,332, 5.5
2026-05-25 12:30:48,-102.0762,31.8574,  13.7,29117,-45.2,-73.2,-68.6,  3,  5, 0.15,332, 5.5
2026-05-25 12:30:49,-102.0762,31.8574,  13.7,29124,-45.2,-73.2,-68.5,  3,  5, 0.15,332, 5.5
2026-05-25 12:30:50,-102.0762,31.8573,  13.6,29130,-45.2,-73.2,-68.5,  3,  5, 0.15,333, 5.5
2026-05-25 12:30:51,-102.0762,31.8573,  13.6,29136,-45.2,-73.2,-68.5,  3,  5, 0.15,333, 5.5
2026-05-25 12:30:52,-102.0761,31.8572,  13.6,29143,-45.2,-73.2,-68.5,  3,  5, 0.15,333, 5.5
2026-05-25 12:30:53,-102.0761,31.8572,  13.6,29149,-45.2,-73.2,-68.5,  3,  5, 0.15,335, 5.5
2026-05-25 12:30:54,-102.0761,31.8571,  13.6,29156,-45.2,-73.2,-68.5,  3,  5, 0.15,336, 5.5
2026-05-25 12:30:55,-102.0761,31.8571,  13.6,29161,-45.2,-73.1,-68.5,  3,  5, 0.15,337, 5.6
2026-05-25 12:30:56,-102.0760,31.8570,  13.6,29169,-45.2,-73.1,-68.5,  3,  5, 0.15,338, 5.6
2026-05-25 12:30:57,-102.0760,31.8570,  13.6,29176,-45.2,-73.1,-68.5,  3,  5, 0.15,340, 5.7
2026-05-25 12:30:58,-102.0760,31.8569,  13.5,29182,-45.2,-73.1,-68.4,  3,  5, 0.15,341, 5.7
2026-05-25 12:30:59,-102.0761,31.8569,  13.5,29189,-45.2,-73.1,-68.4,  3,  5, 0.15,342, 5.7
2026-05-25 12:31:00,-102.0761,31.8568,  13.5,29195,-45.2,-73.1,-68.4,  3,  5, 0.15,344, 5.8
2026-05-25 12:31:01,-102.0761,31.8567,  13.5,29201,-45.2,-73.1,-68.4,  3,  5, 0.15,345, 5.8
2026-05-25 12:31:02,-102.0761,31.8567,  13.5,29207,-45.2,-73.1,-68.4,  3,  5, 0.15,346, 5.8
2026-05-25 12:31:03,-102.0761,31.8566,  13.5,29214,-45.2,-73.1,-68.4,  3,  5, 0.15,347, 5.9
2026-05-25 12:31:04,-102.0761,31.8566,  13.5,29220,-45.2,-73.1,-68.4,  3,  5, 0.15,349, 5.9
2026-05-25 12:31:05,-102.0761,31.8565,  13.5,29226,-45.3,-73.1,-68.4,  3,  5, 0.15,350, 5.9
2026-05-25 12:31:06,-102.0762,31.8564,  13.4,29233,-45.3,-73.1,-68.4,  3,  5, 0.15,351, 6.0
2026-05-25 12:31:07,-102.0762,31.8564,  13.4,29240,-45.3,-73.1,-68.4,  3,  5, 0.15,352, 6.0
2026-05-25 12:31:08,-102.0762,31.8563,  13.4,29247,-45.3,-73.1,-68.4,  3,  5, 0.15,353, 6.0
2026-05-25 12:31:09,-102.0762,31.8563,  13.4,29253,-45.3,-73.1,-68.4,  3,  5, 0.15,354, 6.1
2026-05-25 12:31:10,-102.0762,31.8562,  13.4,29260,-45.3,-73.1,-68.4,  3,  5, 0.15,355, 6.1
2026-05-25 12:31:11,-102.0762,31.8561,  13.4,29267,-45.3,-73.1,-68.4,  3,  5, 0.15,357, 6.1
2026-05-25 12:31:12,-102.0763,31.8561,  13.4,29274,-45.3,-73.1,-68.4,  3,  5, 0.15,358, 6.2
2026-05-25 12:31:13,-102.0763,31.8560,  13.3,29280,-45.4,-73.1,-68.4,  3,  5, 0.15,359, 6.2
2026-05-25 12:31:14,-102.0763,31.8559,  13.3,29287,-45.4,-73.1,-68.4,  3,  5, 0.15,  1, 6.3
2026-05-25 12:31:15,-102.0763,31.8559,  13.3,29294,-45.4,-73.1,-68.5,  3,  5, 0.15,  2, 6.5
2026-05-25 12:31:16,-102.0763,31.8558,  13.3,29300,-45.4,-73.1,-68.5,  3,  5, 0.15,  3, 6.6
2026-05-25 12:31:17,-102.0763,31.8558,  13.3,29307,-45.4,-73.2,-68.5,  3,  5, 0.15,  5, 6.6
2026-05-25 12:31:18,-102.0763,31.8557,  13.3,29315,-45.4,-73.2,-68.5,  3,  5, 0.15,  6, 6.7
2026-05-25 12:31:19,-102.0764,31.8556,  13.3,29322,-45.5,-73.2,-68.5,  3,  5, 0.15,  7, 6.8
2026-05-25 12:31:20,-102.0764,31.8556,  13.2,29329,-45.5,-73.2,-68.5,  3,  5, 0.15,  8, 6.9
2026-05-25 12:31:21,-102.0764,31.8555,  13.2,29336,-45.5,-73.2,-68.5,  3,  5, 0.15, 10, 7.0
2026-05-25 12:31:22,-102.0764,31.8555,  13.2,29343,-45.5,-73.2,-68.5,  3,  5, 0.15, 11, 7.1
2026-05-25 12:31:23,-102.0764,31.8554,  13.2,29350,-45.5,-73.2,-68.5,  3,  5, 0.15, 12, 7.2
2026-05-25 12:31:24,-102.0764,31.8553,  13.2,29357,-45.5,-73.2,-68.5,  3,  5, 0.15, 13, 7.3
2026-05-25 12:31:25,-102.0765,31.8553,  13.2,29363,-45.6,-73.2,-68.6,  3,  5, 0.15, 14, 7.4
2026-05-25 12:31:26,-102.0765,31.8552,  13.2,29370,-45.6,-73.2,-68.6,  3,  5, 0.15, 15, 7.5
2026-05-25 12:31:27,-102.0765,31.8551,  13.2,29377,-45.6,-73.3,-68.6,  3,  5, 0.15, 16, 7.6
2026-05-25 12:31:28,-102.0765,31.8551,  13.1,29383,-45.6,-73.3,-68.6,  3,  5, 0.15, 17, 7.7
2026-05-25 12:31:29,-102.0766,31.8551,  13.1,29390,-45.6,-73.3,-68.6,  3,  5, 0.15, 18, 7.7
2026-05-25 12:31:30,-102.0766,31.8550,  13.1,29396,-45.7,-73.3,-68.6,  3,  5, 0.15, 19, 7.8
2026-05-25 12:31:31,-102.0766,31.8550,  13.1,29402,-45.7,-73.3,-68.6,  3,  5, 0.15, 20, 7.9
2026-05-25 12:31:32,-102.0767,31.8549,  13.1,29409,-45.7,-73.3,-68.6,  3,  5, 0.15, 21, 8.0
2026-05-25 12:31:33,-102.0767,31.8549,  13.1,29415,-45.7,-73.3,-68.6,  3,  5, 0.15, 22, 8.0
2026-05-25 12:31:34,-102.0767,31.8548,  13.1,29421,-45.7,-73.3,-68.7,  3,  5, 0.15, 22, 7.9
2026-05-25 12:31:35,-102.0768,31.8548,  13.1,29427,-45.7,-73.4,-68.7,  3,  5, 0.15, 23, 7.8
2026-05-25 12:31:36,-102.0768,31.8547,  13.0,29433,-45.8,-73.4,-68.7,  3,  5, 0.15, 23, 7.7
2026-05-25 12:31:37,-102.0768,31.8547,  13.0,29439,-45.8,-73.4,-68.7,  3,  5, 0.15, 24, 7.6
2026-05-25 12:31:38,-102.0769,31.8546,  13.0,29445,-45.8,-73.4,-68.7,  3,  5, 0.15, 24, 7.5
2026-05-25 12:31:39,-102.0769,31.8546,  13.0,29451,-45.8,-73.4,-68.7,  3,  5, 0.15, 25, 7.4
2026-05-25 12:31:40,-102.0769,31.8545,  13.0,29457,-45.8,-73.4,-68.7,  3,  5, 0.15, 26, 7.3
2026-05-25 12:31:41,-102.0770,31.8545,  13.0,29463,-45.8,-73.4,-68.8,  3,  5, 0.15, 26, 7.3
2026-05-25 12:31:42,-102.0770,31.8544,  13.0,29469,-45.8,-73.4,-68.8,  3,  5, 0.15, 27, 7.2
2026-05-25 12:31:43,-102.0770,31.8544,  13.0,29476,-45.8,-73.5,-68.8,  3,  5, 0.15, 28, 7.1
2026-05-25 12:31:44,-102.0771,31.8543,  12.9,29482,-45.8,-73.5,-68.8,  3,  5, 0.15, 28, 7.0
2026-05-25 12:31:45,-102.0771,31.8543,  12.9,29489,-45.8,-73.5,-68.8,  3,  5, 0.15, 29, 6.9
2026-05-25 12:31:46,-102.0772,31.8542,  12.9,29495,-45.8,-73.5,-68.8,  3,  5, 0.15, 30, 6.9
2026-05-25 12:31:47,-102.0772,31.8542,  12.9,29502,-45.8,-73.5,-68.8,  3,  5, 0.15, 30, 6.8
2026-05-25 12:31:48,-102.0772,31.8542,  12.9,29509,-45.8,-73.5,-68.8,  3,  5, 0.15, 31, 6.7
2026-05-25 12:31:49,-102.0773,31.8541,  12.9,29513,-45.8,-73.5,-68.8,  3,  5, 0.15, 31, 6.7
2026-05-25 12:31:50,-102.0773,31.8540,  12.9,29523,-45.8,-73.4,-68.8,  3,  5, 0.15, 33, 6.6
2026-05-25 12:31:51,-102.0773,31.8540,  12.9,29530,-45.8,-73.4,-68.8,  3,  5, 0.15, 33, 6.5
2026-05-25 12:31:52,-102.0774,31.8539,  12.8,29537,-45.8,-73.4,-68.7,  3,  5, 0.15, 34, 6.4
2026-05-25 12:31:53,-102.0774,31.8539,  12.8,29544,-45.8,-73.4,-68.7,  3,  5, 0.15, 34, 6.3
2026-05-25 12:31:54,-102.0774,31.8539,  12.8,29551,-45.7,-73.4,-68.7,  3,  5, 0.15, 34, 6.2
2026-05-25 12:31:55,-102.0775,31.8538,  12.8,29558,-45.7,-73.4,-68.7,  3,  5, 0.15, 34, 6.1
2026-05-25 12:31:56,-102.0775,31.8538,  12.8,29565,-45.7,-73.4,-68.7,  3,  5, 0.15, 35, 6.0
2026-05-25 12:31:57,-102.0775,31.8537,  12.8,29572,-45.7,-73.3,-68.7,  3,  5, 0.15, 35, 5.9
2026-05-25 12:31:58,-102.0776,31.8537,  12.8,29579,-45.7,-73.3,-68.6,  3,  5, 0.15, 35, 5.7
2026-05-25 12:31:59,-102.0776,31.8536,  12.7,29585,-45.7,-73.3,-68.6,  3,  5, 0.16, 35, 5.6
2026-05-25 12:32:00,-102.0776,31.8536,  12.7,29588,-45.7,-73.3,-68.6,  3,  5, 0.16, 35, 5.6
2026-05-25 12:32:01,-102.0777,31.8536,  12.7,29597,-45.7,-73.3,-68.6,  3,  5, 0.16, 35, 5.4
2026-05-25 12:32:02,-102.0777,31.8536,  12.7,29604,-45.7,-73.3,-68.6,  3,  5, 0.16, 35, 5.3
2026-05-25 12:32:03,-102.0777,31.8535,  12.7,29610,-45.6,-73.3,-68.6,  3,  5, 0.16, 35, 5.2
2026-05-25 12:32:04,-102.0777,31.8535,  12.7,29617,-45.6,-73.3,-68.6,  3,  5, 0.16, 36, 5.1
2026-05-25 12:32:05,-102.0778,31.8535,  12.7,29624,-45.6,-73.3,-68.6,  3,  5, 0.16, 36, 5.0
2026-05-25 12:32:06,-102.0778,31.8534,  12.7,29631,-45.6,-73.3,-68.6,  3,  5, 0.16, 36, 4.9
2026-05-25 12:32:07,-102.0778,31.8534,  12.6,29638,-45.6,-73.3,-68.6,  3,  5, 0.16, 36, 4.7
2026-05-25 12:32:08,-102.0778,31.8534,  12.6,29644,-45.6,-73.2,-68.6,  3,  5, 0.16, 36, 4.6
2026-05-25 12:32:09,-102.0779,31.8534,  12.6,29651,-45.5,-73.2,-68.6,  3,  5, 0.16, 36, 4.5
2026-05-25 12:32:10,-102.0779,31.8533,  12.6,29657,-45.5,-73.2,-68.6,  3,  5, 0.16, 37, 4.4
2026-05-25 12:32:11,-102.0779,31.8533,  12.6,29664,-45.5,-73.2,-68.5,  3,  5, 0.16, 37, 4.3
2026-05-25 12:32:12,-102.0779,31.8533,  12.6,29670,-45.5,-73.2,-68.5,  3,  5, 0.16, 37, 4.2
2026-05-25 12:32:13,-102.0780,31.8533,  12.6,29676,-45.5,-73.2,-68.5,  3,  5, 0.16, 37, 4.2
2026-05-25 12:32:14,-102.0780,31.8532,  12.6,29683,-45.5,-73.2,-68.5,  3,  5, 0.16, 37, 4.1
2026-05-25 12:32:15,-102.0780,31.8532,  12.6,29689,-45.4,-73.2,-68.5,  3,  5, 0.16, 37, 4.1
2026-05-25 12:32:16,-102.0780,31.8532,  12.5,29695,-45.4,-73.2,-68.5,  3,  5, 0.16, 37, 4.1
2026-05-25 12:32:17,-102.0781,31.8532,  12.5,29701,-45.4,-73.2,-68.5,  3,  5, 0.16, 37, 4.1
2026-05-25 12:32:18,-102.0781,31.8531,  12.5,29708,-45.4,-73.1,-68.5,  3,  5, 0.16, 37, 4.0
2026-05-25 12:32:19,-102.0781,31.8531,  12.5,29714,-45.4,-73.1,-68.4,  3,  5, 0.16, 37, 4.0
2026-05-25 12:32:20,-102.0781,31.8531,  12.5,29720,-45.3,-73.1,-68.4,  3,  5, 0.16, 37, 4.0
2026-05-25 12:32:21,-102.0782,31.8531,  12.5,29727,-45.3,-73.1,-68.4,  3,  5, 0.16, 37, 4.0
2026-05-25 12:32:22,-102.0782,31.8530,  12.5,29733,-45.3,-73.1,-68.4,  3,  5, 0.16, 37, 4.0
2026-05-25 12:32:23,-102.0782,31.8530,  12.5,29740,-45.3,-73.1,-68.4,  3,  5, 0.16, 37, 3.9
2026-05-25 12:32:24,-102.0782,31.8530,  12.4,29746,-45.3,-73.1,-68.4,  3,  5, 0.17, 37, 3.9
2026-05-25 12:32:25,-102.0783,31.8530,  12.4,29753,-45.2,-73.0,-68.4,  3,  5, 0.17, 37, 3.9
2026-05-25 12:32:26,-102.0783,31.8529,  12.4,29759,-45.2,-73.0,-68.4,  3,  5, 0.17, 37, 3.9
2026-05-25 12:32:27,-102.0783,31.8529,  12.4,29765,-45.2,-73.0,-68.3,  3,  5, 0.17, 37, 3.8
2026-05-25 12:32:28,-102.0783,31.8529,  12.4,29772,-45.2,-73.0,-68.3,  3,  5, 0.17, 37, 3.8
2026-05-25 12:32:29,-102.0784,31.8528,  12.4,29778,-45.2,-73.0,-68.3,  3,  5, 0.17, 37, 3.8
2026-05-25 12:32:30,-102.0784,31.8528,  12.4,29784,-45.1,-73.0,-68.3,  3,  5, 0.17, 37, 3.8
2026-05-25 12:32:31,-102.0784,31.8527,  12.4,29790,-45.1,-73.0,-68.3,  3,  5, 0.17, 37, 3.7
2026-05-25 12:32:32,-102.0784,31.8527,  12.3,29797,-45.1,-73.0,-68.3,  3,  5, 0.17, 37, 3.7
2026-05-25 12:32:33,-102.0784,31.8526,  12.3,29803,-45.1,-73.0,-68.3,  3,  5, 0.17, 35, 3.8
2026-05-25 12:32:34,-102.0784,31.8526,  12.3,29809,-45.0,-73.0,-68.3,  3,  5, 0.17, 33, 3.9
2026-05-25 12:32:35,-102.0784,31.8525,  12.3,29815,-45.0,-72.9,-68.3,  3,  5, 0.17, 32, 4.0
2026-05-25 12:32:36,-102.0785,31.8525,  12.3,29822,-45.0,-72.9,-68.3,  3,  5, 0.17, 30, 4.1
2026-05-25 12:32:37,-102.0785,31.8524,  12.3,29828,-45.0,-72.9,-68.3,  3,  5, 0.17, 29, 4.2
2026-05-25 12:32:38,-102.0785,31.8523,  12.3,29835,-44.9,-72.9,-68.2,  3,  5, 0.17, 27, 4.3
2026-05-25 12:32:39,-102.0785,31.8523,  12.3,29841,-44.9,-72.9,-68.2,  3,  5, 0.17, 26, 4.4
2026-05-25 12:32:40,-102.0785,31.8522,  12.3,29846,-44.9,-72.9,-68.2,  3,  5, 0.17, 25, 4.5
2026-05-25 12:32:41,-102.0785,31.8522,  12.2,29854,-44.9,-72.9,-68.2,  3,  5, 0.17, 24, 4.6
2026-05-25 12:32:42,-102.0786,31.8521,  12.2,29860,-44.8,-72.8,-68.2,  3,  5, 0.17, 22, 4.7
2026-05-25 12:32:43,-102.0786,31.8521,  12.2,29866,-44.8,-72.8,-68.1,  3,  5, 0.17, 21, 4.8
2026-05-25 12:32:44,-102.0786,31.8520,  12.2,29873,-44.8,-72.8,-68.1,  3,  5, 0.18, 20, 4.9
2026-05-25 12:32:45,-102.0786,31.8520,  12.2,29879,-44.8,-72.8,-68.1,  3,  5, 0.18, 19, 5.0
2026-05-25 12:32:46,-102.0786,31.8519,  12.2,29885,-44.7,-72.7,-68.1,  3,  5, 0.18, 18, 5.1
2026-05-25 12:32:47,-102.0786,31.8519,  12.2,29891,-44.7,-72.7,-68.0,  3,  5, 0.18, 17, 5.3
2026-05-25 12:32:48,-102.0787,31.8518,  12.2,29898,-44.7,-72.7,-68.0,  3,  5, 0.18, 17, 5.3
2026-05-25 12:32:49,-102.0787,31.8518,  12.2,29905,-44.7,-72.6,-68.0,  3,  5, 0.18, 16, 5.4
2026-05-25 12:32:50,-102.0787,31.8517,  12.1,29911,-44.6,-72.6,-67.9,  3,  5, 0.18, 15, 5.5
2026-05-25 12:32:51,-102.0787,31.8516,  12.1,29918,-44.6,-72.6,-67.9,  3,  5, 0.18, 14, 5.6
2026-05-25 12:32:52,-102.0787,31.8516,  12.1,29925,-44.6,-72.5,-67.9,  3,  5, 0.18, 13, 5.8
2026-05-25 12:32:53,-102.0787,31.8515,  12.1,29931,-44.5,-72.5,-67.8,  3,  5, 0.18, 14, 5.9
2026-05-25 12:32:54,-102.0788,31.8515,  12.1,29938,-44.5,-72.5,-67.8,  3,  5, 0.19, 14, 6.0
2026-05-25 12:32:55,-102.0788,31.8514,  12.1,29945,-44.5,-72.4,-67.8,  3,  5, 0.19, 14, 6.1
2026-05-25 12:32:56,-102.0788,31.8514,  12.1,29952,-44.5,-72.4,-67.7,  3,  5, 0.19, 14, 6.3
2026-05-25 12:32:57,-102.0788,31.8513,  12.1,29959,-44.4,-72.4,-67.7,  3,  5, 0.19, 14, 6.4
2026-05-25 12:32:58,-102.0788,31.8513,  12.0,29966,-44.4,-72.4,-67.7,  3,  5, 0.19, 14, 6.5
2026-05-25 12:32:59,-102.0788,31.8512,  12.0,29973,-44.4,-72.3,-67.7,  3,  5, 0.19, 14, 6.6
2026-05-25 12:33:00,-102.0788,31.8512,  12.0,29979,-44.4,-72.3,-67.6,  3,  5, 0.19, 14, 6.8
2026-05-25 12:33:01,-102.0789,31.8511,  12.0,29986,-44.4,-72.3,-67.6,  3,  5, 0.19, 15, 6.9
2026-05-25 12:33:02,-102.0789,31.8510,  12.0,29992,-44.4,-72.2,-67.6,  3,  5, 0.19, 15, 7.0
2026-05-25 12:33:03,-102.0789,31.8509,  12.0,29998,-44.3,-72.2,-67.6,  3,  5, 0.19, 15, 7.1
2026-05-25 12:33:04,-102.0790,31.8509,  12.0,30005,-44.3,-72.2,-67.5,  3,  5, 0.19, 15, 7.3
2026-05-25 12:33:05,-102.0790,31.8508,  12.0,30012,-44.3,-72.2,-67.5,  3,  5, 0.20, 15, 7.4
2026-05-25 12:33:06,-102.0790,31.8507,  11.9,30019,-44.3,-72.1,-67.5,  3,  5, 0.20, 15, 7.5
2026-05-25 12:33:07,-102.0791,31.8506,  11.9,30026,-44.3,-72.1,-67.5,  3,  5, 0.20, 15, 7.6
2026-05-25 12:33:08,-102.0791,31.8506,  11.9,30033,-44.2,-72.1,-67.5,  3,  5, 0.20, 15, 7.8
2026-05-25 12:33:09,-102.0791,31.8505,  11.9,30040,-44.2,-72.1,-67.5,  3,  5, 0.20, 15, 7.9
2026-05-25 12:33:10,-102.0792,31.8504,  11.9,30046,-44.2,-72.1,-67.5,  3,  5, 0.20, 15, 8.0
2026-05-25 12:33:11,-102.0792,31.8504,  11.9,30053,-44.2,-72.1,-67.5,  3,  5, 0.20, 15, 8.1
2026-05-25 12:33:12,-102.0792,31.8503,  11.9,30059,-44.2,-72.1,-67.5,  3,  5, 0.20, 16, 8.3
2026-05-25 12:33:13,-102.0792,31.8502,  11.9,30065,-44.2,-72.2,-67.5,  3,  5, 0.20, 16, 8.3
2026-05-25 12:33:14,-102.0793,31.8501,  11.9,30071,-44.2,-72.2,-67.5,  3,  5, 0.20, 16, 8.3
2026-05-25 12:33:15,-102.0793,31.8501,  11.8,30077,-44.2,-72.2,-67.5,  3,  5, 0.20, 16, 8.3
2026-05-25 12:33:16,-102.0793,31.8500,  11.8,30084,-44.2,-72.2,-67.5,  3,  5, 0.20, 16, 8.4
2026-05-25 12:33:17,-102.0794,31.8499,  11.8,30090,-44.2,-72.2,-67.5,  3,  5, 0.20, 17, 8.4
2026-05-25 12:33:18,-102.0794,31.8498,  11.8,30097,-44.2,-72.2,-67.6,  3,  5, 0.20, 17, 8.4
2026-05-25 12:33:19,-102.0794,31.8498,  11.8,30104,-44.2,-72.2,-67.6,  3,  5, 0.20, 17, 8.4
2026-05-25 12:33:20,-102.0795,31.8497,  11.8,30111,-44.2,-72.2,-67.6,  3,  5, 0.20, 17, 8.4
2026-05-25 12:33:21,-102.0795,31.8496,  11.8,30117,-44.2,-72.2,-67.6,  3,  5, 0.20, 18, 8.5
2026-05-25 12:33:22,-102.0795,31.8496,  11.8,30124,-44.2,-72.2,-67.6,  3,  5, 0.20, 18, 8.5
2026-05-25 12:33:23,-102.0795,31.8495,  11.7,30130,-44.2,-72.2,-67.5,  3,  5, 0.20, 18, 8.5
2026-05-25 12:33:24,-102.0796,31.8494,  11.7,30137,-44.2,-72.2,-67.5,  3,  5, 0.20, 18, 8.5
2026-05-25 12:33:25,-102.0796,31.8493,  11.7,30143,-44.2,-72.2,-67.5,  3,  5, 0.20, 19, 8.5
2026-05-25 12:33:26,-102.0796,31.8493,  11.7,30150,-44.2,-72.2,-67.5,  3,  5, 0.20, 19, 8.6
2026-05-25 12:33:27,-102.0797,31.8492,  11.7,30156,-44.2,-72.2,-67.5,  3,  5, 0.20, 19, 8.6
2026-05-25 12:33:28,-102.0797,31.8491,  11.7,30163,-44.2,-72.1,-67.5,  3,  5, 0.20, 19, 8.6
2026-05-25 12:33:29,-102.0797,31.8490,  11.7,30169,-44.2,-72.1,-67.5,  3,  5, 0.20, 19, 8.6
2026-05-25 12:33:30,-102.0798,31.8490,  11.7,30175,-44.2,-72.1,-67.5,  3,  5, 0.20, 20, 8.7
2026-05-25 12:33:31,-102.0798,31.8489,  11.7,30181,-44.2,-72.1,-67.4,  3,  5, 0.20, 20, 8.7
2026-05-25 12:33:32,-102.0798,31.8489,  11.6,30188,-44.2,-72.1,-67.4,  3,  5, 0.20, 20, 8.7
2026-05-25 12:33:33,-102.0799,31.8488,  11.6,30194,-44.2,-72.1,-67.4,  3,  5, 0.20, 21, 8.6
2026-05-25 12:33:34,-102.0799,31.8488,  11.6,30201,-44.2,-72.1,-67.4,  3,  5, 0.21, 21, 8.5
2026-05-25 12:33:35,-102.0800,31.8488,  11.6,30208,-44.2,-72.0,-67.4,  3,  5, 0.21, 22, 8.4
2026-05-25 12:33:36,-102.0800,31.8487,  11.6,30214,-44.2,-72.0,-67.4,  3,  5, 0.21, 23, 8.3
2026-05-25 12:33:37,-102.0801,31.8487,  11.6,30221,-44.2,-72.0,-67.3,  3,  5, 0.21, 23, 8.2
2026-05-25 12:33:38,-102.0801,31.8486,  11.6,30228,-44.1,-72.0,-67.3,  3,  5, 0.21, 24, 8.0
2026-05-25 12:33:39,-102.0801,31.8486,  11.6,30234,-44.1,-72.0,-67.3,  3,  5, 0.21, 25, 7.9
2026-05-25 12:33:40,-102.0802,31.8485,  11.6,30241,-44.1,-71.9,-67.3,  3,  5, 0.21, 26, 7.8
2026-05-25 12:33:41,-102.0802,31.8485,  11.5,30248,-44.1,-71.9,-67.3,  3,  5, 0.21, 26, 7.7
2026-05-25 12:33:42,-102.0803,31.8485,  11.5,30254,-44.1,-71.9,-67.2,  3,  5, 0.21, 27, 7.6
2026-05-25 12:33:43,-102.0803,31.8484,  11.5,30261,-44.1,-71.9,-67.2,  3,  5, 0.21, 28, 7.5
2026-05-25 12:33:44,-102.0804,31.8484,  11.5,30267,-44.1,-71.9,-67.2,  3,  5, 0.21, 29, 7.4
2026-05-25 12:33:45,-102.0804,31.8483,  11.5,30273,-44.0,-71.8,-67.2,  3,  5, 0.21, 30, 7.3
2026-05-25 12:33:46,-102.0805,31.8483,  11.5,30279,-44.0,-71.8,-67.1,  3,  5, 0.21, 30, 7.2
2026-05-25 12:33:47,-102.0805,31.8482,  11.5,30285,-44.0,-71.8,-67.1,  3,  5, 0.22, 31, 7.1
2026-05-25 12:33:48,-102.0805,31.8482,  11.5,30291,-44.0,-71.8,-67.1,  3,  5, 0.22, 32, 7.0
2026-05-25 12:33:49,-102.0806,31.8482,  11.5,30297,-44.0,-71.8,-67.1,  3,  5, 0.22, 33, 7.0
2026-05-25 12:33:50,-102.0806,31.8481,  11.4,30304,-44.0,-71.8,-67.1,  3,  5, 0.22, 34, 6.9
2026-05-25 12:33:51,-102.0807,31.8481,  11.4,30310,-43.9,-71.7,-67.1,  3,  5, 0.22, 35, 6.8
2026-05-25 12:33:52,-102.0807,31.8480,  11.4,30317,-43.9,-71.7,-67.1,  3,  5, 0.22, 36, 6.7
2026-05-25 12:33:53,-102.0808,31.8480,  11.4,30323,-43.9,-71.7,-67.1,  3,  5, 0.22, 37, 6.6
2026-05-25 12:33:54,-102.0808,31.8479,  11.4,30330,-43.9,-71.7,-67.0,  3,  5, 0.22, 38, 6.5
2026-05-25 12:33:55,-102.0808,31.8479,  11.4,30337,-43.9,-71.7,-67.0,  3,  5, 0.22, 39, 6.4
2026-05-25 12:33:56,-102.0809,31.8479,  11.4,30344,-43.8,-71.7,-67.0,  3,  5, 0.22, 40, 6.4
2026-05-25 12:33:57,-102.0809,31.8478,  11.4,30350,-43.8,-71.6,-67.0,  3,  5, 0.22, 41, 6.4
2026-05-25 12:33:58,-102.0810,31.8478,  11.4,30357,-43.8,-71.6,-67.0,  3,  5, 0.22, 42, 6.3
2026-05-25 12:33:59,-102.0810,31.8477,  11.3,30364,-43.8,-71.6,-67.0,  3,  5, 0.22, 44, 6.3
2026-05-25 12:34:00,-102.0811,31.8477,  11.3,30371,-43.7,-71.6,-66.9,  3,  5, 0.23, 45, 6.2
2026-05-25 12:34:01,-102.0811,31.8477,  11.3,30377,-43.7,-71.6,-66.9,  3,  5, 0.23, 46, 6.1
2026-05-25 12:34:02,-102.0812,31.8476,  11.3,30383,-43.7,-71.6,-66.9,  3,  5, 0.23, 47, 6.1
2026-05-25 12:34:03,-102.0812,31.8476,  11.3,30389,-43.7,-71.6,-66.9,  3,  5, 0.23, 48, 6.0
2026-05-25 12:34:04,-102.0813,31.8476,  11.3,30395,-43.7,-71.5,-66.9,  3,  5, 0.23, 50, 5.9
2026-05-25 12:34:05,-102.0813,31.8476,  11.3,30401,-43.6,-71.5,-66.9,  3,  5, 0.23, 51, 5.9
2026-05-25 12:34:06,-102.0813,31.8475,  11.3,30407,-43.6,-71.5,-66.9,  3,  5, 0.23, 52, 5.8
2026-05-25 12:34:07,-102.0814,31.8475,  11.3,30414,-43.6,-71.5,-66.9,  3,  5, 0.23, 54, 5.8
2026-05-25 12:34:08,-102.0814,31.8475,  11.3,30420,-43.6,-71.5,-66.9,  3,  5, 0.23, 55, 5.7
2026-05-25 12:34:09,-102.0815,31.8475,  11.2,30426,-43.5,-71.5,-66.9,  3,  5, 0.23, 56, 5.6
2026-05-25 12:34:10,-102.0815,31.8475,  11.2,30432,-43.5,-71.5,-66.8,  3,  5, 0.23, 58, 5.5
2026-05-25 12:34:11,-102.0816,31.8474,  11.2,30439,-43.5,-71.5,-66.8,  3,  5, 0.23, 59, 5.5
2026-05-25 12:34:12,-102.0816,31.8474,  11.2,30445,-43.5,-71.5,-66.8,  3,  5, 0.23, 61, 5.4
2026-05-25 12:34:13,-102.0817,31.8474,  11.2,30451,-43.5,-71.5,-66.8,  3,  5, 0.23, 61, 5.4
2026-05-25 12:34:14,-102.0817,31.8474,  11.2,30457,-43.4,-71.5,-66.8,  3,  5, 0.23, 61, 5.4
2026-05-25 12:34:15,-102.0818,31.8474,  11.2,30463,-43.4,-71.4,-66.8,  3,  5, 0.23, 61, 5.4
2026-05-25 12:34:16,-102.0818,31.8473,  11.2,30469,-43.4,-71.4,-66.8,  3,  5, 0.23, 61, 5.3
2026-05-25 12:34:17,-102.0819,31.8473,  11.2,30475,-43.4,-71.4,-66.7,  3,  5, 0.23, 61, 5.3
2026-05-25 12:34:18,-102.0819,31.8473,  11.1,30481,-43.4,-71.4,-66.7,  3,  5, 0.24, 61, 5.3
2026-05-25 12:34:19,-102.0820,31.8473,  11.1,30488,-43.3,-71.4,-66.7,  3,  5, 0.24, 61, 5.3
2026-05-25 12:34:20,-102.0820,31.8473,  11.1,30495,-43.3,-71.3,-66.7,  3,  5, 0.24, 61, 5.2
2026-05-25 12:34:21,-102.0821,31.8472,  11.1,30501,-43.3,-71.3,-66.7,  3,  5, 0.24, 61, 5.2
2026-05-25 12:34:22,-102.0821,31.8472,  11.1,30508,-43.3,-71.3,-66.6,  3,  5, 0.24, 61, 5.2
2026-05-25 12:34:23,-102.0822,31.8472,  11.1,30515,-43.3,-71.3,-66.6,  3,  5, 0.24, 61, 5.2
2026-05-25 12:34:24,-102.0822,31.8472,  11.1,30521,-43.2,-71.2,-66.6,  3,  5, 0.24, 61, 5.1
2026-05-25 12:34:25,-102.0823,31.8472,  11.1,30528,-43.2,-71.2,-66.6,  3,  5, 0.24, 61, 5.1
2026-05-25 12:34:26,-102.0823,31.8471,  11.1,30535,-43.2,-71.2,-66.6,  3,  5, 0.24, 61, 5.1
2026-05-25 12:34:27,-102.0823,31.8471,  11.0,30542,-43.2,-71.2,-66.5,  3,  5, 0.25, 61, 5.1
2026-05-25 12:34:28,-102.0824,31.8471,  11.0,30548,-43.2,-71.2,-66.5,  3,  5, 0.25, 61, 5.0
2026-05-25 12:34:29,-102.0824,31.8471,  11.0,30556,-43.1,-71.1,-66.5,  3,  5, 0.25, 61, 5.0
2026-05-25 12:34:30,-102.0825,31.8471,  11.0,30563,-43.1,-71.1,-66.5,  3,  5, 0.25, 61, 5.0
2026-05-25 12:34:31,-102.0825,31.8470,  11.0,30570,-43.1,-71.1,-66.5,  3,  5, 0.25, 61, 5.0
2026-05-25 12:34:32,-102.0826,31.8470,  11.0,30577,-43.0,-71.1,-66.4,  3,  5, 0.25, 61, 4.9
2026-05-25 12:34:33,-102.0826,31.8470,  11.0,30585,-43.0,-71.1,-66.4,  3,  5, 0.25, 62, 5.0
2026-05-25 12:34:34,-102.0827,31.8470,  11.0,30591,-43.0,-71.0,-66.4,  3,  5, 0.25, 63, 5.1
2026-05-25 12:34:35,-102.0828,31.8470,  11.0,30598,-43.0,-71.0,-66.4,  3,  5, 0.25, 63, 5.1
2026-05-25 12:34:36,-102.0829,31.8469,  11.0,30604,-42.9,-71.0,-66.4,  3,  5, 0.25, 64, 5.2
2026-05-25 12:34:37,-102.0829,31.8469,  10.9,30610,-42.9,-71.0,-66.3,  3,  5, 0.25, 64, 5.3
2026-05-25 12:34:38,-102.0830,31.8469,  10.9,30616,-42.9,-71.0,-66.3,  3,  5, 0.26, 65, 5.3
2026-05-25 12:34:39,-102.0831,31.8469,  10.9,30622,-42.8,-70.9,-66.3,  3,  5, 0.26, 66, 5.4
2026-05-25 12:34:40,-102.0832,31.8469,  10.9,30629,-42.8,-70.9,-66.3,  3,  5, 0.26, 66, 5.5
2026-05-25 12:34:41,-102.0832,31.8469,  10.9,30635,-42.8,-70.9,-66.3,  3,  5, 0.26, 67, 5.6
2026-05-25 12:34:42,-102.0833,31.8468,  10.9,30642,-42.8,-70.9,-66.2,  3,  5, 0.26, 67, 5.6
2026-05-25 12:34:43,-102.0834,31.8468,  10.9,30649,-42.7,-70.9,-66.2,  3,  5, 0.26, 68, 5.7
2026-05-25 12:34:44,-102.0835,31.8468,  10.9,30655,-42.7,-70.8,-66.2,  3,  5, 0.26, 68, 5.8
2026-05-25 12:34:45,-102.0835,31.8468,  10.9,30662,-42.6,-70.8,-66.2,  3,  5, 0.26, 69, 5.9
2026-05-25 12:34:46,-102.0836,31.8468,  10.8,30669,-42.6,-70.8,-66.1,  3,  5, 0.26, 69, 5.9
2026-05-25 12:34:47,-102.0837,31.8468,  10.8,30676,-42.6,-70.8,-66.1,  3,  5, 0.27, 70, 6.0
2026-05-25 12:34:48,-102.0838,31.8467,  10.8,30683,-42.5,-70.7,-66.1,  3,  5, 0.27, 70, 6.1
2026-05-25 12:34:49,-102.0838,31.8467,  10.8,30690,-42.5,-70.7,-66.1,  3,  5, 0.27, 70, 6.2
2026-05-25 12:34:50,-102.0839,31.8467,  10.8,30697,-42.4,-70.7,-66.0,  3,  5, 0.27, 71, 6.2
2026-05-25 12:34:51,-102.0840,31.8467,  10.8,30703,-42.4,-70.7,-66.0,  3,  5, 0.27, 71, 6.3
2026-05-25 12:34:52,-102.0841,31.8467,  10.8,30710,-42.4,-70.6,-66.0,  3,  5, 0.27, 72, 6.4
2026-05-25 12:34:53,-102.0841,31.8467,  10.8,30716,-42.3,-70.6,-66.0,  3,  5, 0.27, 72, 6.5
2026-05-25 12:34:54,-102.0842,31.8467,  10.8,30722,-42.3,-70.6,-65.9,  3,  5, 0.27, 73, 6.6
2026-05-25 12:34:55,-102.0843,31.8466,  10.7,30728,-42.2,-70.6,-65.9,  3,  5, 0.28, 74, 6.8
2026-05-25 12:34:56,-102.0844,31.8466,  10.7,30735,-42.2,-70.5,-65.9,  3,  5, 0.28, 74, 6.9
2026-05-25 12:34:57,-102.0844,31.8466,  10.7,30742,-42.2,-70.5,-65.9,  3,  5, 0.28, 75, 7.0
2026-05-25 12:34:58,-102.0845,31.8466,  10.7,30748,-42.1,-70.5,-65.9,  3,  5, 0.28, 75, 7.1
2026-05-25 12:34:59,-102.0846,31.8466,  10.7,30755,-42.1,-70.5,-65.8,  3,  5, 0.28, 76, 7.2
2026-05-25 12:35:00,-102.0846,31.8466,  10.7,30762,-42.0,-70.5,-65.8,  3,  5, 0.28, 77, 7.4
2026-05-25 12:35:01,-102.0847,31.8465,  10.7,30769,-42.0,-70.4,-65.8,  3,  5, 0.28, 77, 7.5
2026-05-25 12:35:02,-102.0848,31.8465,  10.7,30776,-42.0,-70.4,-65.8,  3,  5, 0.28, 78, 7.6
2026-05-25 12:35:03,-102.0849,31.8465,  10.7,30783,-41.9,-70.4,-65.8,  3,  5, 0.28, 78, 7.7
2026-05-25 12:35:04,-102.0850,31.8465,  10.7,30790,-41.9,-70.4,-65.7,  3,  5, 0.28, 78, 7.9
2026-05-25 12:35:05,-102.0851,31.8465,  10.6,30798,-41.8,-70.4,-65.7,  3,  5, 0.29, 79, 8.0
2026-05-25 12:35:06,-102.0852,31.8464,  10.6,30805,-41.8,-70.3,-65.7,  3,  5, 0.29, 79, 8.1
2026-05-25 12:35:07,-102.0853,31.8464,  10.6,30812,-41.8,-70.3,-65.7,  3,  5, 0.29, 80, 8.2
2026-05-25 12:35:08,-102.0854,31.8464,  10.6,30819,-41.7,-70.3,-65.7,  3,  5, 0.29, 80, 8.4
2026-05-25 12:35:09,-102.0855,31.8463,  10.6,30825,-41.7,-70.3,-65.7,  3,  5, 0.29, 81, 8.5
2026-05-25 12:35:10,-102.0856,31.8463,  10.6,30832,-41.6,-70.3,-65.6,  3,  5, 0.29, 81, 8.6
2026-05-25 12:35:11,-102.0857,31.8463,  10.6,30838,-41.6,-70.3,-65.6,  3,  5, 0.29, 81, 8.8
2026-05-25 12:35:12,-102.0858,31.8463,  10.6,30844,-41.6,-70.2,-65.6,  3,  5, 0.29, 82, 8.9
2026-05-25 12:35:13,-102.0860,31.8462,  10.6,30851,-41.5,-70.2,-65.6,  3,  5, 0.29, 81, 9.0
2026-05-25 12:35:14,-102.0861,31.8462,  10.5,30858,-41.5,-70.2,-65.6,  3,  5, 0.29, 80, 9.1
2026-05-25 12:35:15,-102.0862,31.8462,  10.5,30865,-41.5,-70.2,-65.6,  3,  5, 0.29, 80, 9.2
2026-05-25 12:35:16,-102.0863,31.8462,  10.5,30872,-41.4,-70.2,-65.6,  3,  5, 0.30, 79, 9.3
2026-05-25 12:35:17,-102.0864,31.8461,  10.5,30879,-41.4,-70.2,-65.5,  3,  5, 0.30, 79, 9.4
2026-05-25 12:35:18,-102.0865,31.8461,  10.5,30886,-41.4,-70.2,-65.5,  3,  5, 0.30, 78, 9.5
2026-05-25 12:35:19,-102.0866,31.8461,  10.5,30892,-41.3,-70.2,-65.5,  3,  5, 0.30, 78, 9.6
2026-05-25 12:35:20,-102.0867,31.8461,  10.5,30898,-41.3,-70.1,-65.5,  3,  5, 0.30, 77, 9.7
2026-05-25 12:35:21,-102.0868,31.8460,  10.5,30904,-41.3,-70.1,-65.5,  3,  5, 0.30, 76, 9.8
2026-05-25 12:35:22,-102.0869,31.8460,  10.5,30910,-41.2,-70.1,-65.5,  3,  5, 0.30, 76, 9.9
2026-05-25 12:35:23,-102.0870,31.8460,  10.5,30917,-41.2,-70.1,-65.5,  3,  5, 0.30, 75,10.1
2026-05-25 12:35:24,-102.0871,31.8460,  10.4,30923,-41.2,-70.1,-65.4,  3,  5, 0.30, 75,10.2
2026-05-25 12:35:25,-102.0872,31.8459,  10.4,30929,-41.2,-70.1,-65.4,  3,  5, 0.30, 74,10.3
2026-05-25 12:35:26,-102.0873,31.8459,  10.4,30935,-41.1,-70.0,-65.4,  3,  5, 0.30, 74,10.4
2026-05-25 12:35:27,-102.0875,31.8459,  10.4,30941,-41.1,-70.0,-65.4,  3,  5, 0.31, 73,10.5
2026-05-25 12:35:28,-102.0876,31.8459,  10.4,30947,-41.1,-70.0,-65.4,  3,  5, 0.31, 73,10.6
2026-05-25 12:35:29,-102.0877,31.8458,  10.4,30954,-41.0,-70.0,-65.4,  3,  4, 0.31, 73,10.7
2026-05-25 12:35:30,-102.0878,31.8458,  10.4,30960,-41.0,-70.0,-65.3,  3,  4, 0.31, 72,10.8
2026-05-25 12:35:31,-102.0879,31.8458,  10.4,30967,-41.0,-69.9,-65.3,  3,  4, 0.31, 72,11.0
2026-05-25 12:35:32,-102.0880,31.8457,  10.4,30974,-41.0,-69.9,-65.3,  3,  4, 0.31, 71,11.1
2026-05-25 12:35:33,-102.0881,31.8457,  10.4,30980,-40.9,-69.9,-65.3,  3,  4, 0.31, 71,11.1
2026-05-25 12:35:34,-102.0882,31.8457,  10.3,30987,-40.9,-69.9,-65.3,  3,  4, 0.31, 71,11.1
2026-05-25 12:35:35,-102.0883,31.8456,  10.3,30994,-40.9,-69.9,-65.3,  3,  4, 0.31, 71,11.1
2026-05-25 12:35:36,-102.0884,31.8456,  10.3,31001,-40.8,-69.9,-65.2,  3,  4, 0.32, 71,11.2
2026-05-25 12:35:37,-102.0886,31.8456,  10.3,31008,-40.8,-69.8,-65.2,  3,  4, 0.32, 71,11.2
2026-05-25 12:35:38,-102.0887,31.8455,  10.3,31015,-40.8,-69.8,-65.2,  3,  4, 0.32, 71,11.2
2026-05-25 12:35:39,-102.0888,31.8455,  10.3,31022,-40.8,-69.8,-65.2,  3,  4, 0.32, 71,11.2
2026-05-25 12:35:40,-102.0889,31.8454,  10.3,31029,-40.7,-69.8,-65.2,  3,  4, 0.32, 71,11.2
2026-05-25 12:35:41,-102.0890,31.8454,  10.3,31036,-40.7,-69.8,-65.2,  3,  4, 0.32, 70,11.3
2026-05-25 12:35:42,-102.0891,31.8454,  10.3,31043,-40.7,-69.8,-65.1,  3,  4, 0.32, 70,11.3
2026-05-25 12:35:43,-102.0892,31.8453,  10.3,31049,-40.6,-69.7,-65.1,  3,  4, 0.32, 70,11.3
2026-05-25 12:35:44,-102.0894,31.8453,  10.2,31056,-40.6,-69.7,-65.1,  3,  4, 0.33, 70,11.3
2026-05-25 12:35:45,-102.0895,31.8452,  10.2,31063,-40.6,-69.7,-65.1,  3,  4, 0.33, 70,11.3
2026-05-25 12:35:46,-102.0896,31.8452,  10.2,31069,-40.6,-69.7,-65.1,  3,  4, 0.33, 70,11.4
2026-05-25 12:35:47,-102.0897,31.8451,  10.2,31076,-40.5,-69.7,-65.0,  3,  4, 0.33, 70,11.4
2026-05-25 12:35:48,-102.0898,31.8451,  10.2,31083,-40.5,-69.6,-65.0,  3,  4, 0.33, 70,11.4
2026-05-25 12:35:49,-102.0899,31.8451,  10.2,31090,-40.5,-69.6,-65.0,  3,  4, 0.33, 70,11.4
2026-05-25 12:35:50,-102.0900,31.8450,  10.2,31097,-40.5,-69.6,-65.0,  3,  4, 0.33, 70,11.4
2026-05-25 12:35:51,-102.0902,31.8450,  10.2,31104,-40.4,-69.6,-65.0,  3,  4, 0.33, 70,11.5
2026-05-25 12:35:52,-102.0903,31.8449,  10.2,31111,-40.4,-69.6,-65.0,  3,  4, 0.33, 70,11.5
2026-05-25 12:35:53,-102.0904,31.8449,  10.1,31118,-40.4,-69.6,-64.9,  3,  4, 0.34, 69,11.5
2026-05-25 12:35:54,-102.0905,31.8448,  10.1,31125,-40.4,-69.6,-64.9,  3,  4, 0.34, 69,11.6
2026-05-25 12:35:55,-102.0906,31.8448,  10.1,31131,-40.3,-69.5,-64.9,  3,  4, 0.34, 68,11.6
2026-05-25 12:35:56,-102.0907,31.8448,  10.1,31138,-40.3,-69.5,-64.9,  3,  4, 0.34, 68,11.7
2026-05-25 12:35:57,-102.0908,31.8447,  10.1,31145,-40.3,-69.5,-64.9,  3,  4, 0.34, 67,11.8
2026-05-25 12:35:58,-102.0910,31.8447,  10.1,31152,-40.3,-69.5,-64.9,  3,  4, 0.34, 67,11.8
2026-05-25 12:35:59,-102.0911,31.8446,  10.1,31159,-40.3,-69.5,-64.9,  3,  4, 0.34, 67,11.9
2026-05-25 12:36:00,-102.0912,31.8446,  10.1,31166,-40.2,-69.5,-64.9,  3,  4, 0.34, 66,11.9
2026-05-25 12:36:01,-102.0913,31.8445,  10.1,31176,-40.2,-69.5,-64.8,  3,  4, 0.34, 66,12.0
2026-05-25 12:36:02,-102.0914,31.8445,  10.1,31180,-40.2,-69.4,-64.8,  3,  4, 0.34, 65,12.1
2026-05-25 12:36:03,-102.0915,31.8445,  10.0,31187,-40.2,-69.4,-64.8,  3,  4, 0.35, 65,12.1
2026-05-25 12:36:04,-102.0916,31.8444,  10.0,31194,-40.1,-69.4,-64.8,  3,  4, 0.35, 64,12.2
2026-05-25 12:36:05,-102.0918,31.8443,  10.0,31201,-40.1,-69.4,-64.8,  3,  4, 0.35, 64,12.2
2026-05-25 12:36:06,-102.0919,31.8443,  10.0,31208,-40.1,-69.4,-64.7,  3,  4, 0.35, 64,12.3
2026-05-25 12:36:07,-102.0920,31.8442,  10.0,31216,-40.1,-69.3,-64.7,  3,  4, 0.35, 63,12.4
2026-05-25 12:36:08,-102.0922,31.8441,  10.0,31219,-40.1,-69.3,-64.7,  3,  4, 0.35, 63,12.4
2026-05-25 12:36:09,-102.0923,31.8441,  10.0,31230,-40.1,-69.3,-64.7,  3,  4, 0.35, 63,12.5
2026-05-25 12:36:10,-102.0925,31.8440,  10.0,31236,-40.1,-69.3,-64.7,  3,  4, 0.35, 62,12.6
2026-05-25 12:36:11,-102.0926,31.8439,  10.0,31243,-40.1,-69.3,-64.7,  3,  4, 0.35, 62,12.6
2026-05-25 12:36:12,-102.0928,31.8439,  10.0,31249,-40.0,-69.2,-64.6,  3,  4, 0.35, 61,12.7
2026-05-25 12:36:13,-102.0929,31.8438,   9.9,31256,-40.0,-69.2,-64.6,  3,  4, 0.36, 61,12.8
2026-05-25 12:36:14,-102.0930,31.8437,   9.9,31263,-40.0,-69.2,-64.6,  3,  4, 0.36, 61,13.0
2026-05-25 12:36:15,-102.0932,31.8437,   9.9,31269,-40.0,-69.2,-64.6,  3,  4, 0.36, 61,13.1
2026-05-25 12:36:16,-102.0933,31.8436,   9.9,31276,-40.0,-69.2,-64.6,  3,  4, 0.36, 61,13.2
2026-05-25 12:36:17,-102.0934,31.8435,   9.9,31283,-40.0,-69.2,-64.6,  3,  4, 0.36, 61,13.4
2026-05-25 12:36:18,-102.0936,31.8435,   9.9,31289,-40.0,-69.2,-64.5,  3,  4, 0.36, 61,13.5
2026-05-25 12:36:19,-102.0937,31.8434,   9.9,31296,-40.0,-69.1,-64.5,  3,  4, 0.36, 61,13.6
2026-05-25 12:36:20,-102.0939,31.8433,   9.9,31303,-40.0,-69.1,-64.5,  3,  4, 0.36, 60,13.8
2026-05-25 12:36:21,-102.0940,31.8433,   9.9,31310,-40.0,-69.1,-64.5,  3,  4, 0.36, 60,13.9
2026-05-25 12:36:22,-102.0941,31.8432,   9.9,31317,-40.0,-69.1,-64.5,  3,  4, 0.36, 60,14.0
2026-05-25 12:36:23,-102.0943,31.8431,   9.8,31324,-40.0,-69.1,-64.5,  3,  4, 0.37, 60,14.2
2026-05-25 12:36:24,-102.0944,31.8430,   9.8,31332,-40.0,-69.1,-64.5,  3,  4, 0.37, 60,14.3
2026-05-25 12:36:25,-102.0945,31.8430,   9.8,31339,-40.0,-69.1,-64.5,  3,  4, 0.37, 60,14.4
2026-05-25 12:36:26,-102.0947,31.8429,   9.8,31346,-40.0,-69.1,-64.5,  3,  5, 0.37, 60,14.6
2026-05-25 12:36:27,-102.0948,31.8428,   9.8,31353,-40.0,-69.1,-64.5,  3,  5, 0.37, 60,14.7
2026-05-25 12:36:28,-102.0950,31.8428,   9.8,31360,-40.0,-69.1,-64.5,  3,  5, 0.37, 60,14.8
2026-05-25 12:36:29,-102.0951,31.8427,   9.8,31367,-40.0,-69.1,-64.5,  3,  5, 0.37, 60,15.0
2026-05-25 12:36:30,-102.0952,31.8426,   9.8,31373,-40.0,-69.1,-64.4,  3,  5, 0.37, 59,15.1
2026-05-25 12:36:31,-102.0954,31.8426,   9.8,31380,-40.0,-69.1,-64.4,  3,  5, 0.37, 59,15.3
2026-05-25 12:36:32,-102.0955,31.8425,   9.8,31387,-40.0,-69.1,-64.4,  3,  5, 0.37, 59,15.4
2026-05-25 12:36:33,-102.0957,31.8424,   9.7,31394,-40.0,-69.0,-64.4,  3,  5, 0.38, 60,15.5
2026-05-25 12:36:34,-102.0958,31.8424,   9.7,31402,-40.0,-69.0,-64.4,  3,  5, 0.38, 60,15.6
2026-05-25 12:36:35,-102.0959,31.8423,   9.7,31409,-40.0,-69.0,-64.4,  3,  5, 0.38, 60,15.7
2026-05-25 12:36:36,-102.0961,31.8422,   9.7,31416,-40.0,-69.0,-64.4,  3,  5, 0.38, 61,15.9
2026-05-25 12:36:37,-102.0963,31.8422,   9.7,31423,-40.0,-69.0,-64.4,  3,  5, 0.38, 61,16.0
2026-05-25 12:36:38,-102.0964,31.8421,   9.7,31431,-40.0,-69.0,-64.4,  3,  5, 0.38, 61,16.1
2026-05-25 12:36:39,-102.0966,31.8420,   9.7,31438,-40.0,-69.0,-64.4,  3,  5, 0.38, 61,16.2
2026-05-25 12:36:40,-102.0968,31.8420,   9.7,31445,-40.0,-69.0,-64.4,  3,  5, 0.38, 62,16.3
2026-05-25 12:36:41,-102.0970,31.8419,   9.7,31452,-40.0,-69.0,-64.4,  3,  5, 0.38, 62,16.5
2026-05-25 12:36:42,-102.0971,31.8418,   9.7,31459,-40.1,-69.0,-64.4,  3,  5, 0.38, 62,16.6
2026-05-25 12:36:43,-102.0973,31.8418,   9.6,31466,-40.1,-69.0,-64.4,  3,  5, 0.38, 63,16.7
2026-05-25 12:36:44,-102.0975,31.8417,   9.6,31473,-40.1,-69.0,-64.4,  3,  5, 0.38, 63,16.8
2026-05-25 12:36:45,-102.0977,31.8417,   9.6,31480,-40.1,-69.0,-64.4,  3,  5, 0.38, 63,17.0
2026-05-25 12:36:46,-102.0978,31.8416,   9.6,31488,-40.1,-69.0,-64.4,  3,  5, 0.38, 63,17.1
2026-05-25 12:36:47,-102.0980,31.8415,   9.6,31496,-40.1,-69.1,-64.4,  3,  5, 0.38, 64,17.2
2026-05-25 12:36:48,-102.0982,31.8415,   9.6,31504,-40.1,-69.1,-64.4,  3,  5, 0.38, 64,17.3
2026-05-25 12:36:49,-102.0984,31.8414,   9.6,31511,-40.1,-69.1,-64.5,  3,  5, 0.38, 64,17.5
2026-05-25 12:36:50,-102.0985,31.8413,   9.6,31519,-40.1,-69.1,-64.5,  3,  5, 0.38, 64,17.6
2026-05-25 12:36:51,-102.0987,31.8413,   9.6,31526,-40.2,-69.1,-64.5,  3,  5, 0.38, 65,17.7
2026-05-25 12:36:52,-102.0989,31.8412,   9.6,31533,-40.2,-69.1,-64.5,  3,  5, 0.38, 65,17.8
2026-05-25 12:36:53,-102.0990,31.8411,   9.5,31540,-40.2,-69.1,-64.5,  3,  5, 0.38, 65,17.8
2026-05-25 12:36:54,-102.0992,31.8411,   9.5,31547,-40.2,-69.1,-64.5,  3,  5, 0.38, 65,17.8
2026-05-25 12:36:55,-102.0994,31.8410,   9.5,31554,-40.2,-69.1,-64.5,  3,  5, 0.38, 65,17.8
2026-05-25 12:36:56,-102.0996,31.8409,   9.5,31561,-40.2,-69.1,-64.5,  3,  5, 0.38, 65,17.8
2026-05-25 12:36:57,-102.0997,31.8409,   9.5,31568,-40.2,-69.1,-64.5,  3,  5, 0.38, 65,17.8
2026-05-25 12:36:58,-102.0999,31.8408,   9.5,31575,-40.2,-69.1,-64.5,  3,  5, 0.38, 66,17.8
2026-05-25 12:36:59,-102.1001,31.8407,   9.5,31582,-40.2,-69.1,-64.5,  3,  5, 0.38, 66,17.8
2026-05-25 12:37:00,-102.1003,31.8407,   9.5,31589,-40.2,-69.1,-64.5,  3,  5, 0.38, 66,17.8
2026-05-25 12:37:01,-102.1004,31.8406,   9.5,31596,-40.3,-69.1,-64.5,  3,  5, 0.38, 66,17.8
2026-05-25 12:37:02,-102.1006,31.8406,   9.5,31603,-40.3,-69.1,-64.5,  3,  5, 0.38, 66,17.8
2026-05-25 12:37:03,-102.1008,31.8405,   9.4,31610,-40.3,-69.1,-64.4,  3,  5, 0.39, 66,17.8
2026-05-25 12:37:04,-102.1010,31.8404,   9.4,31617,-40.3,-69.0,-64.4,  3,  5, 0.39, 66,17.9
2026-05-25 12:37:05,-102.1011,31.8404,   9.4,31624,-40.3,-69.0,-64.4,  3,  5, 0.39, 66,17.9
2026-05-25 12:37:06,-102.1013,31.8403,   9.4,31631,-40.3,-69.0,-64.4,  3,  5, 0.39, 66,17.9
2026-05-25 12:37:07,-102.1015,31.8402,   9.4,31638,-40.3,-69.0,-64.4,  3,  5, 0.39, 67,17.9
2026-05-25 12:37:08,-102.1016,31.8402,   9.4,31645,-40.3,-69.0,-64.4,  3,  5, 0.39, 67,17.9
2026-05-25 12:37:09,-102.1018,31.8401,   9.4,31652,-40.3,-69.0,-64.4,  3,  5, 0.39, 67,17.9
2026-05-25 12:37:10,-102.1019,31.8401,   9.4,31658,-40.3,-69.0,-64.4,  3,  5, 0.39, 67,17.9
2026-05-25 12:37:11,-102.1021,31.8400,   9.4,31665,-40.3,-69.0,-64.4,  3,  5, 0.39, 67,17.9
2026-05-25 12:37:12,-102.1022,31.8400,   9.4,31671,-40.3,-69.0,-64.4,  3,  5, 0.39, 67,17.9
2026-05-25 12:37:13,-102.1024,31.8399,   9.3,31678,-40.3,-69.0,-64.4,  3,  5, 0.39, 67,17.8
2026-05-25 12:37:14,-102.1025,31.8399,   9.3,31684,-40.3,-69.0,-64.4,  3,  5, 0.39, 67,17.6
2026-05-25 12:37:15,-102.1027,31.8398,   9.3,31691,-40.3,-69.0,-64.4,  3,  5, 0.39, 67,17.5
2026-05-25 12:37:16,-102.1028,31.8398,   9.3,31698,-40.3,-69.0,-64.4,  3,  5, 0.39, 67,17.4
2026-05-25 12:37:17,-102.1030,31.8397,   9.3,31705,-40.3,-69.0,-64.4,  3,  5, 0.39, 67,17.3
2026-05-25 12:37:18,-102.1031,31.8396,   9.3,31711,-40.3,-69.0,-64.4,  3,  5, 0.39, 67,17.2
2026-05-25 12:37:19,-102.1033,31.8396,   9.3,31718,-40.3,-69.1,-64.4,  3,  5, 0.39, 67,17.1
2026-05-25 12:37:20,-102.1034,31.8395,   9.3,31725,-40.3,-69.1,-64.4,  3,  5, 0.39, 67,17.0
2026-05-25 12:37:21,-102.1036,31.8395,   9.3,31732,-40.4,-69.1,-64.5,  3,  5, 0.39, 67,16.9
2026-05-25 12:37:22,-102.1037,31.8394,   9.3,31738,-40.4,-69.1,-64.5,  3,  5, 0.39, 67,16.8
2026-05-25 12:37:23,-102.1038,31.8394,   9.3,31744,-40.4,-69.1,-64.4,  3,  5, 0.39, 67,16.7
2026-05-25 12:37:24,-102.1041,31.8393,   9.3,31748,-40.4,-69.0,-64.4,  3,  5, 0.39, 67,16.6
2026-05-25 12:37:25,-102.1042,31.8393,   9.2,31757,-40.3,-69.0,-64.4,  3,  5, 0.40, 67,16.4
2026-05-25 12:37:26,-102.1044,31.8392,   9.2,31763,-40.3,-69.0,-64.4,  3,  5, 0.40, 67,16.3
2026-05-25 12:37:27,-102.1045,31.8392,   9.2,31770,-40.3,-69.0,-64.4,  3,  5, 0.40, 67,16.2
2026-05-25 12:37:28,-102.1047,31.8391,   9.2,31776,-40.3,-69.0,-64.3,  3,  5, 0.40, 67,16.1
2026-05-25 12:37:29,-102.1048,31.8390,   9.2,31783,-40.3,-68.9,-64.3,  3,  5, 0.40, 67,16.0
2026-05-25 12:37:30,-102.1050,31.8390,   9.2,31789,-40.3,-68.9,-64.3,  3,  5, 0.40, 67,15.9
2026-05-25 12:37:31,-102.1051,31.8389,   9.2,31796,-40.3,-68.9,-64.3,  3,  5, 0.40, 67,15.8
2026-05-25 12:37:32,-102.1053,31.8389,   9.2,31802,-40.3,-68.9,-64.3,  3,  5, 0.40, 67,15.7
2026-05-25 12:37:33,-102.1054,31.8388,   9.2,31808,-40.3,-68.9,-64.3,  3,  5, 0.41, 67,15.6
2026-05-25 12:37:34,-102.1056,31.8388,   9.2,31814,-40.3,-68.8,-64.2,  3,  5, 0.41, 67,15.6
2026-05-25 12:37:35,-102.1057,31.8387,   9.2,31820,-40.3,-68.8,-64.2,  3,  5, 0.41, 67,15.5
2026-05-25 12:37:36,-102.1059,31.8387,   9.1,31826,-40.3,-68.8,-64.2,  3,  5, 0.41, 67,15.5
2026-05-25 12:37:37,-102.1060,31.8386,   9.1,31833,-40.3,-68.8,-64.2,  3,  5, 0.41, 67,15.4
2026-05-25 12:37:38,-102.1062,31.8386,   9.1,31839,-40.3,-68.8,-64.2,  3,  5, 0.42, 67,15.4
2026-05-25 12:37:39,-102.1063,31.8385,   9.1,31845,-40.3,-68.7,-64.1,  3,  5, 0.42, 67,15.3
2026-05-25 12:37:40,-102.1065,31.8385,   9.1,31852,-40.3,-68.7,-64.1,  3,  5, 0.42, 68,15.3
2026-05-25 12:37:41,-102.1066,31.8384,   9.1,31858,-40.2,-68.7,-64.1,  3,  5, 0.42, 68,15.2
2026-05-25 12:37:42,-102.1068,31.8384,   9.1,31864,-40.2,-68.7,-64.1,  3,  5, 0.42, 68,15.2
2026-05-25 12:37:43,-102.1069,31.8383,   9.1,31871,-40.2,-68.7,-64.1,  3,  5, 0.42, 68,15.1
2026-05-25 12:37:44,-102.1071,31.8383,   9.1,31877,-40.2,-68.6,-64.0,  3,  5, 0.42, 68,15.1
2026-05-25 12:37:45,-102.1072,31.8382,   9.1,31883,-40.2,-68.6,-64.0,  3,  5, 0.42, 68,15.0
2026-05-25 12:37:46,-102.1074,31.8382,   9.1,31890,-40.2,-68.6,-64.0,  3,  5, 0.43, 68,15.0
2026-05-25 12:37:47,-102.1075,31.8381,   9.1,31896,-40.2,-68.6,-64.0,  3,  5, 0.43, 68,14.9
2026-05-25 12:37:48,-102.1077,31.8381,   9.0,31903,-40.2,-68.6,-64.0,  3,  5, 0.43, 68,14.9
2026-05-25 12:37:49,-102.1078,31.8380,   9.0,31909,-40.2,-68.5,-63.9,  3,  5, 0.43, 68,14.8
2026-05-25 12:37:50,-102.1080,31.8380,   9.0,31915,-40.1,-68.5,-63.9,  3,  5, 0.43, 68,14.8
2026-05-25 12:37:51,-102.1082,31.8379,   9.0,31922,-40.1,-68.5,-63.9,  3,  5, 0.44, 68,14.8
2026-05-25 12:37:52,-102.1083,31.8379,   9.0,31928,-40.1,-68.5,-63.9,  3,  5, 0.44, 68,14.7
2026-05-25 12:37:53,-102.1085,31.8378,   9.0,31934,-40.1,-68.5,-63.9,  3,  5, 0.44, 68,14.8
2026-05-25 12:37:54,-102.1086,31.8378,   9.0,31941,-40.1,-68.4,-63.8,  3,  5, 0.44, 68,14.9
2026-05-25 12:37:55,-102.1088,31.8377,   9.0,31948,-40.1,-68.4,-63.8,  3,  5, 0.44, 68,14.9
2026-05-25 12:37:56,-102.1089,31.8377,   9.0,31954,-40.1,-68.4,-63.8,  3,  5, 0.44, 69,15.0
2026-05-25 12:37:57,-102.1091,31.8376,   9.0,31961,-40.0,-68.4,-63.8,  3,  5, 0.44, 69,15.1
2026-05-25 12:37:58,-102.1092,31.8376,   9.0,31968,-40.0,-68.4,-63.8,  3,  5, 0.44, 69,15.2
2026-05-25 12:37:59,-102.1094,31.8375,   9.0,31975,-40.0,-68.3,-63.7,  3,  5, 0.45, 69,15.2
2026-05-25 12:38:00,-102.1095,31.8375,   8.9,31980,-40.0,-68.3,-63.7,  3,  5, 0.45, 69,15.3
2026-05-25 12:38:01,-102.1097,31.8374,   8.9,31986,-40.0,-68.3,-63.7,  3,  5, 0.45, 69,15.4
2026-05-25 12:38:02,-102.1098,31.8374,   8.9,31992,-40.0,-68.3,-63.7,  3,  5, 0.45, 69,15.5
2026-05-25 12:38:03,-102.1100,31.8373,   8.9,31998,-40.0,-68.3,-63.7,  3,  5, 0.46, 69,15.5
2026-05-25 12:38:04,-102.1101,31.8373,   8.9,32004,-39.9,-68.2,-63.7,  3,  5, 0.46, 69,15.6
2026-05-25 12:38:05,-102.1103,31.8372,   8.9,32010,-39.9,-68.2,-63.6,  3,  5, 0.46, 70,15.7
2026-05-25 12:38:06,-102.1104,31.8372,   8.9,32016,-39.9,-68.2,-63.6,  3,  5, 0.46, 70,15.8
2026-05-25 12:38:07,-102.1106,31.8372,   8.9,32022,-39.9,-68.2,-63.6,  3,  5, 0.46, 70,15.8
2026-05-25 12:38:08,-102.1107,31.8371,   8.9,32028,-39.9,-68.2,-63.6,  3,  5, 0.46, 70,15.9
2026-05-25 12:38:09,-102.1109,31.8371,   8.9,32034,-39.9,-68.2,-63.6,  3,  5, 0.46, 70,16.0
2026-05-25 12:38:10,-102.1110,31.8370,   8.9,32040,-39.8,-68.1,-63.6,  3,  5, 0.46, 70,16.1
2026-05-25 12:38:11,-102.1112,31.8370,   8.9,32047,-39.8,-68.1,-63.5,  3,  5, 0.46, 70,16.1
2026-05-25 12:38:12,-102.1113,31.8369,   8.8,32053,-39.8,-68.1,-63.5,  3,  5, 0.47, 70,16.2
2026-05-25 12:38:13,-102.1114,31.8369,   8.8,32060,-39.8,-68.1,-63.5,  3,  5, 0.47, 70,16.1
2026-05-25 12:38:14,-102.1116,31.8368,   8.8,32066,-39.8,-68.1,-63.5,  3,  5, 0.47, 71,16.1
2026-05-25 12:38:15,-102.1117,31.8368,   8.8,32073,-39.7,-68.1,-63.5,  3,  5, 0.47, 71,16.0
2026-05-25 12:38:16,-102.1119,31.8368,   8.8,32079,-39.7,-68.0,-63.5,  3,  5, 0.47, 71,15.9
2026-05-25 12:38:17,-102.1120,31.8367,   8.8,32086,-39.7,-68.0,-63.4,  3,  5, 0.48, 71,15.8
2026-05-25 12:38:18,-102.1122,31.8367,   8.8,32092,-39.7,-68.0,-63.4,  3,  5, 0.48, 71,15.8
2026-05-25 12:38:19,-102.1123,31.8366,   8.8,32098,-39.7,-68.0,-63.4,  3,  5, 0.48, 71,15.7
2026-05-25 12:38:20,-102.1125,31.8366,   8.8,32104,-39.7,-68.0,-63.4,  3,  5, 0.48, 71,15.6
2026-05-25 12:38:21,-102.1126,31.8365,   8.8,32110,-39.6,-67.9,-63.3,  3,  5, 0.48, 72,15.5
2026-05-25 12:38:22,-102.1128,31.8365,   8.8,32117,-39.6,-67.9,-63.3,  3,  5, 0.48, 72,15.4
2026-05-25 12:38:23,-102.1129,31.8365,   8.8,32123,-39.6,-67.9,-63.3,  3,  5, 0.49, 72,15.4
2026-05-25 12:38:24,-102.1131,31.8364,   8.7,32130,-39.6,-67.9,-63.3,  3,  5, 0.49, 72,15.3
2026-05-25 12:38:25,-102.1132,31.8364,   8.7,32137,-39.6,-67.8,-63.3,  3,  5, 0.49, 72,15.2
2026-05-25 12:38:26,-102.1134,31.8363,   8.7,32143,-39.6,-67.8,-63.2,  3,  5, 0.50, 72,15.1
2026-05-25 12:38:27,-102.1135,31.8363,   8.7,32150,-39.5,-67.8,-63.2,  3,  5, 0.50, 72,15.1
2026-05-25 12:38:28,-102.1137,31.8362,   8.7,32156,-39.5,-67.8,-63.2,  3,  5, 0.50, 73,15.0
2026-05-25 12:38:29,-102.1138,31.8362,   8.7,32162,-39.5,-67.7,-63.2,  3,  5, 0.50, 73,14.9
2026-05-25 12:38:30,-102.1140,31.8362,   8.7,32168,-39.5,-67.7,-63.1,  4,  5, 0.50, 73,14.8
2026-05-25 12:38:31,-102.1141,31.8361,   8.7,32174,-39.5,-67.7,-63.1,  4,  5, 0.50, 73,14.7
2026-05-25 12:38:32,-102.1143,31.8361,   8.7,32180,-39.5,-67.7,-63.1,  4,  5, 0.50, 73,14.7
2026-05-25 12:38:33,-102.1144,31.8360,   8.7,32187,-39.4,-67.7,-63.1,  4,  5, 0.51, 73,14.6
2026-05-25 12:38:34,-102.1146,31.8360,   8.7,32193,-39.4,-67.7,-63.1,  4,  5, 0.51, 72,14.5
2026-05-25 12:38:35,-102.1147,31.8359,   8.7,32199,-39.4,-67.6,-63.1,  4,  5, 0.51, 71,14.5
2026-05-25 12:38:36,-102.1149,31.8359,   8.7,32205,-39.4,-67.6,-63.0,  4,  5, 0.51, 71,14.4
2026-05-25 12:38:37,-102.1150,31.8359,   8.6,32211,-39.4,-67.6,-63.0,  4,  5, 0.52, 70,14.3
2026-05-25 12:38:38,-102.1151,31.8358,   8.6,32217,-39.4,-67.6,-63.0,  4,  5, 0.52, 70,14.3
2026-05-25 12:38:39,-102.1152,31.8357,   8.6,32223,-39.4,-67.6,-63.0,  4,  5, 0.52, 69,14.2
2026-05-25 12:38:40,-102.1153,31.8357,   8.6,32228,-39.3,-67.6,-63.0,  4,  5, 0.52, 68,14.2
2026-05-25 12:38:41,-102.1155,31.8356,   8.6,32234,-39.3,-67.6,-63.0,  4,  5, 0.52, 68,14.1
2026-05-25 12:38:42,-102.1155,31.8356,   8.6,32240,-39.3,-67.5,-63.0,  4,  5, 0.52, 67,14.1
2026-05-25 12:38:43,-102.1157,31.8355,   8.6,32244,-39.3,-67.5,-62.9,  4,  5, 0.52, 66,14.0
2026-05-25 12:38:44,-102.1158,31.8354,   8.6,32251,-39.3,-67.5,-62.9,  4,  5, 0.52, 66,14.0
2026-05-25 12:38:45,-102.1159,31.8354,   8.6,32257,-39.3,-67.5,-62.9,  4,  5, 0.52, 65,13.9
2026-05-25 12:38:46,-102.1160,31.8353,   8.6,32264,-39.3,-67.5,-62.9,  4,  5, 0.52, 64,13.9
2026-05-25 12:38:47,-102.1161,31.8353,   8.6,32270,-39.3,-67.5,-62.9,  4,  5, 0.52, 64,13.8
2026-05-25 12:38:48,-102.1163,31.8352,   8.6,32276,-39.2,-67.5,-62.9,  4,  5, 0.52, 63,13.8
2026-05-25 12:38:49,-102.1164,31.8351,   8.6,32283,-39.2,-67.5,-62.9,  4,  5, 0.53, 62,13.7
2026-05-25 12:38:50,-102.1165,31.8351,   8.5,32289,-39.2,-67.5,-62.9,  4,  5, 0.53, 62,13.7
2026-05-25 12:38:51,-102.1166,31.8350,   8.5,32296,-39.2,-67.5,-62.9,  4,  5, 0.53, 61,13.7
2026-05-25 12:38:52,-102.1167,31.8350,   8.5,32302,-39.2,-67.4,-62.9,  4,  5, 0.53, 60,13.6
2026-05-25 12:38:53,-102.1168,31.8349,   8.5,32309,-39.2,-67.4,-62.9,  4,  5, 0.53, 60,13.6
2026-05-25 12:38:54,-102.1169,31.8349,   8.5,32315,-39.2,-67.4,-62.9,  4,  5, 0.53, 60,13.5
2026-05-25 12:38:55,-102.1171,31.8348,   8.5,32321,-39.2,-67.4,-62.9,  4,  5, 0.53, 60,13.4
2026-05-25 12:38:56,-102.1172,31.8347,   8.5,32328,-39.2,-67.4,-62.8,  4,  5, 0.54, 60,13.3
2026-05-25 12:38:57,-102.1173,31.8347,   8.5,32334,-39.1,-67.4,-62.8,  4,  5, 0.54, 60,13.2
2026-05-25 12:38:58,-102.1174,31.8346,   8.5,32341,-39.1,-67.4,-62.9,  4,  5, 0.53, 60,13.1
2026-05-25 12:38:59,-102.1175,31.8346,   8.5,32347,-39.1,-67.4,-62.9,  4,  5, 0.53, 60,13.1
2026-05-25 12:39:00,-102.1176,31.8345,   8.5,32353,-39.1,-67.4,-62.9,  4,  5, 0.53, 60,13.0
2026-05-25 12:39:01,-102.1177,31.8344,   8.5,32360,-39.1,-67.4,-62.9,  4,  5, 0.53, 60,12.9
2026-05-25 12:39:02,-102.1179,31.8344,   8.5,32366,-39.1,-67.4,-62.9,  3,  5, 0.53, 59,12.8
2026-05-25 12:39:03,-102.1180,31.8343,   8.4,32373,-39.1,-67.5,-62.9,  3,  5, 0.54, 59,12.7
2026-05-25 12:39:04,-102.1181,31.8343,   8.4,32379,-39.1,-67.5,-62.9,  3,  5, 0.54, 59,12.6
2026-05-25 12:39:05,-102.1182,31.8342,   8.4,32385,-39.1,-67.5,-62.9,  3,  5, 0.54, 59,12.6
2026-05-25 12:39:06,-102.1183,31.8341,   8.4,32392,-39.1,-67.5,-62.9,  3,  5, 0.54, 59,12.5
2026-05-25 12:39:07,-102.1184,31.8341,   8.4,32398,-39.0,-67.5,-62.9,  3,  5, 0.54, 59,12.4
2026-05-25 12:39:08,-102.1185,31.8340,   8.4,32405,-39.0,-67.5,-62.9,  3,  5, 0.54, 59,12.3
2026-05-25 12:39:09,-102.1186,31.8340,   8.4,32411,-39.0,-67.5,-62.9,  3,  5, 0.54, 59,12.2
2026-05-25 12:39:10,-102.1187,31.8340,   8.4,32418,-39.0,-67.5,-62.9,  3,  5, 0.54, 59,12.1
2026-05-25 12:39:11,-102.1189,31.8339,   8.4,32424,-39.0,-67.5,-62.9,  3,  5, 0.54, 59,12.1
2026-05-25 12:39:12,-102.1190,31.8339,   8.4,32431,-39.0,-67.5,-62.9,  3,  5, 0.54, 59,12.0
2026-05-25 12:39:13,-102.1191,31.8339,   8.4,32437,-39.0,-67.5,-62.9,  3,  5, 0.54, 59,11.9
2026-05-25 12:39:14,-102.1192,31.8338,   8.4,32442,-39.0,-67.5,-62.9,  3,  5, 0.54, 60,11.8
2026-05-25 12:39:15,-102.1193,31.8338,   8.4,32448,-39.0,-67.4,-62.9,  3,  5, 0.54, 60,11.8
2026-05-25 12:39:16,-102.1194,31.8338,   8.3,32454,-38.9,-67.4,-62.9,  3,  5, 0.55, 61,11.7
2026-05-25 12:39:17,-102.1195,31.8338,   8.3,32459,-38.9,-67.4,-62.9,  3,  5, 0.55, 62,11.6
2026-05-25 12:39:18,-102.1196,31.8337,   8.3,32465,-38.9,-67.4,-62.8,  3,  5, 0.55, 62,11.6
2026-05-25 12:39:19,-102.1197,31.8337,   8.3,32472,-38.9,-67.4,-62.8,  3,  5, 0.55, 63,11.5
2026-05-25 12:39:20,-102.1198,31.8337,   8.3,32479,-38.9,-67.4,-62.8,  3,  5, 0.55, 64,11.4
2026-05-25 12:39:21,-102.1199,31.8336,   8.3,32486,-38.9,-67.4,-62.8,  3,  5, 0.55, 64,11.4
2026-05-25 12:39:22,-102.1200,31.8336,   8.3,32492,-38.9,-67.4,-62.8,  3,  5, 0.55, 65,11.3
2026-05-25 12:39:23,-102.1201,31.8336,   8.3,32499,-38.9,-67.4,-62.8,  3,  5, 0.55, 66,11.2
2026-05-25 12:39:24,-102.1202,31.8335,   8.3,32506,-38.8,-67.4,-62.8,  3,  5, 0.55, 66,11.2
2026-05-25 12:39:25,-102.1203,31.8335,   8.3,32512,-38.8,-67.4,-62.8,  3,  5, 0.55, 67,11.1
2026-05-25 12:39:26,-102.1204,31.8335,   8.3,32519,-38.8,-67.3,-62.8,  3,  5, 0.55, 68,11.1
2026-05-25 12:39:27,-102.1205,31.8334,   8.3,32525,-38.8,-67.3,-62.8,  3,  5, 0.55, 68,11.0
2026-05-25 12:39:28,-102.1206,31.8334,   8.3,32532,-38.8,-67.3,-62.7,  3,  5, 0.56, 69,11.0
2026-05-25 12:39:29,-102.1207,31.8334,   8.2,32539,-38.8,-67.3,-62.7,  3,  5, 0.56, 70,10.9
2026-05-25 12:39:30,-102.1208,31.8334,   8.2,32546,-38.7,-67.3,-62.7,  3,  5, 0.56, 70,10.9
2026-05-25 12:39:31,-102.1209,31.8333,   8.2,32553,-38.7,-67.3,-62.7,  3,  5, 0.57, 71,10.8
2026-05-25 12:39:32,-102.1210,31.8333,   8.2,32560,-38.7,-67.3,-62.7,  3,  5, 0.57, 72,10.8
2026-05-25 12:39:33,-102.1211,31.8333,   8.2,32567,-38.7,-67.3,-62.7,  3,  5, 0.57, 72,10.6
2026-05-25 12:39:34,-102.1213,31.8332,   8.2,32574,-38.7,-67.2,-62.7,  3,  5, 0.57, 72,10.5
2026-05-25 12:39:35,-102.1214,31.8332,   8.2,32581,-38.7,-67.2,-62.7,  3,  5, 0.57, 72,10.4
2026-05-25 12:39:36,-102.1215,31.8332,   8.2,32588,-38.7,-67.2,-62.7,  3,  5, 0.57, 72,10.3
2026-05-25 12:39:37,-102.1216,31.8331,   8.2,32595,-38.6,-67.2,-62.6,  3,  5, 0.57, 73,10.1
2026-05-25 12:39:38,-102.1217,31.8331,   8.2,32602,-38.6,-67.2,-62.6,  3,  5, 0.57, 73,10.0
2026-05-25 12:39:39,-102.1217,31.8331,   8.2,32609,-38.6,-67.2,-62.6,  3,  5, 0.57, 73, 9.9
2026-05-25 12:39:40,-102.1218,31.8331,   8.2,32617,-38.6,-67.2,-62.6,  3,  5, 0.57, 73, 9.8
2026-05-25 12:39:41,-102.1219,31.8331,   8.1,32623,-38.6,-67.2,-62.6,  3,  5, 0.58, 73, 9.6
2026-05-25 12:39:42,-102.1219,31.8331,   8.1,32630,-38.5,-67.2,-62.6,  3,  5, 0.58, 73, 9.5
2026-05-25 12:39:43,-102.1220,31.8331,   8.1,32636,-38.5,-67.2,-62.6,  3,  5, 0.58, 73, 9.4
2026-05-25 12:39:44,-102.1221,31.8331,   8.1,32643,-38.5,-67.2,-62.6,  3,  5, 0.58, 73, 9.3
2026-05-25 12:39:45,-102.1222,31.8331,   8.1,32650,-38.5,-67.2,-62.6,  3,  5, 0.58, 74, 9.1
2026-05-25 12:39:46,-102.1222,31.8330,   8.1,32657,-38.5,-67.2,-62.6,  3,  5, 0.58, 74, 9.0
2026-05-25 12:39:47,-102.1223,31.8330,   8.1,32665,-38.4,-67.2,-62.6,  3,  5, 0.58, 74, 8.9
2026-05-25 12:39:48,-102.1224,31.8330,   8.1,32672,-38.4,-67.2,-62.6,  3,  5, 0.58, 74, 8.8
2026-05-25 12:39:49,-102.1225,31.8330,   8.1,32680,-38.4,-67.2,-62.6,  3,  5, 0.58, 74, 8.6
2026-05-25 12:39:50,-102.1225,31.8330,   8.1,32687,-38.4,-67.2,-62.6,  3,  5, 0.58, 74, 8.5
2026-05-25 12:39:51,-102.1226,31.8330,   8.1,32695,-38.4,-67.2,-62.6,  3,  5, 0.58, 75, 8.4
2026-05-25 12:39:52,-102.1227,31.8330,   8.1,32702,-38.3,-67.2,-62.6,  3,  5, 0.58, 75, 8.3
2026-05-25 12:39:53,-102.1227,31.8330,   8.0,32708,-38.3,-67.2,-62.6,  3,  5, 0.59, 75, 8.2
2026-05-25 12:39:54,-102.1228,31.8330,   8.0,32715,-38.3,-67.2,-62.6,  3,  5, 0.59, 76, 8.1
2026-05-25 12:39:55,-102.1229,31.8329,   8.0,32722,-38.2,-67.2,-62.6,  3,  5, 0.59, 76, 8.0
2026-05-25 12:39:56,-102.1230,31.8329,   8.0,32728,-38.2,-67.2,-62.6,  3,  5, 0.59, 76, 7.8
2026-05-25 12:39:57,-102.1230,31.8329,   8.0,32735,-38.1,-67.1,-62.6,  3,  5, 0.59, 77, 7.7
2026-05-25 12:39:58,-102.1231,31.8329,   8.0,32742,-38.1,-67.1,-62.6,  3,  5, 0.59, 77, 7.6
2026-05-25 12:39:59,-102.1232,31.8329,   8.0,32749,-38.1,-67.1,-62.6,  3,  5, 0.59, 77, 7.5
2026-05-25 12:40:00,-102.1233,31.8329,   8.0,32756,-38.0,-67.1,-62.5,  3,  5, 0.59, 78, 7.4
2026-05-25 12:40:01,-102.1233,31.8329,   8.0,32763,-38.0,-67.1,-62.5,  3,  5, 0.59, 78, 7.3
2026-05-25 12:40:02,-102.1234,31.8329,   8.0,32770,-38.0,-67.1,-62.5,  3,  5, 0.59, 79, 7.2
2026-05-25 12:40:03,-102.1235,31.8329,   8.0,32777,-37.9,-67.1,-62.5,  3,  5, 0.60, 79, 7.1
2026-05-25 12:40:04,-102.1235,31.8329,   8.0,32784,-37.9,-67.1,-62.5,  3,  5, 0.60, 80, 7.0
2026-05-25 12:40:05,-102.1236,31.8328,   7.9,32791,-37.8,-67.0,-62.5,  3,  5, 0.61, 80, 6.9
2026-05-25 12:40:06,-102.1237,31.8328,   7.9,32798,-37.8,-67.0,-62.4,  3,  5, 0.61, 81, 6.8
2026-05-25 12:40:07,-102.1238,31.8328,   7.9,32805,-37.8,-67.0,-62.4,  3,  5, 0.61, 81, 6.7
2026-05-25 12:40:08,-102.1238,31.8328,   7.9,32812,-37.7,-67.0,-62.4,  3,  5, 0.61, 82, 6.6
2026-05-25 12:40:09,-102.1239,31.8328,   7.9,32819,-37.7,-66.9,-62.4,  3,  5, 0.62, 82, 6.5
2026-05-25 12:40:10,-102.1240,31.8328,   7.9,32826,-37.6,-66.9,-62.3,  3,  5, 0.62, 83, 6.5
2026-05-25 12:40:11,-102.1241,31.8328,   7.9,32833,-37.6,-66.9,-62.3,  3,  5, 0.62, 83, 6.4
2026-05-25 12:40:12,-102.1242,31.8328,   7.9,32840,-37.6,-66.9,-62.3,  3,  5, 0.62, 84, 6.3
2026-05-25 12:40:13,-102.1243,31.8329,   7.9,32848,-37.5,-66.8,-62.3,  3,  5, 0.62, 85, 6.4
2026-05-25 12:40:14,-102.1244,31.8329,   7.9,32855,-37.5,-66.8,-62.2,  3,  5, 0.63, 86, 6.6
2026-05-25 12:40:15,-102.1245,31.8329,   7.9,32863,-37.4,-66.8,-62.2,  3,  5, 0.63, 88, 6.8
2026-05-25 12:40:16,-102.1246,31.8329,   7.9,32870,-37.4,-66.7,-62.2,  3,  5, 0.63, 89, 7.0
2026-05-25 12:40:17,-102.1247,31.8329,   7.8,32878,-37.3,-66.7,-62.2,  3,  5, 0.64, 90, 7.3
2026-05-25 12:40:18,-102.1248,31.8329,   7.8,32885,-37.3,-66.7,-62.1,  3,  5, 0.64, 91, 7.5
2026-05-25 12:40:19,-102.1249,31.8330,   7.8,32893,-37.3,-66.7,-62.1,  3,  5, 0.65, 92, 7.7
2026-05-25 12:40:20,-102.1250,31.8330,   7.8,32901,-37.2,-66.6,-62.1,  3,  5, 0.65, 93, 7.9
2026-05-25 12:40:21,-102.1251,31.8330,   7.8,32908,-37.2,-66.6,-62.1,  3,  5, 0.65, 94, 8.1
2026-05-25 12:40:22,-102.1252,31.8330,   7.8,32916,-37.2,-66.6,-62.0,  3,  5, 0.65, 95, 8.3
2026-05-25 12:40:23,-102.1253,31.8330,   7.8,32924,-37.1,-66.6,-62.0,  3,  5, 0.65, 95, 8.4
2026-05-25 12:40:24,-102.1254,31.8331,   7.8,32931,-37.1,-66.6,-62.0,  3,  5, 0.66, 96, 8.6
2026-05-25 12:40:25,-102.1256,31.8331,   7.8,32939,-37.1,-66.5,-62.0,  3,  5, 0.66, 97, 8.8
2026-05-25 12:40:26,-102.1257,31.8331,   7.8,32946,-37.0,-66.5,-62.0,  3,  5, 0.66, 97, 9.0
2026-05-25 12:40:27,-102.1258,31.8331,   7.8,32953,-37.0,-66.5,-62.0,  3,  5, 0.66, 98, 9.2
2026-05-25 12:40:28,-102.1259,31.8331,   7.8,32961,-36.9,-66.5,-61.9,  3,  5, 0.66, 99, 9.4
2026-05-25 12:40:29,-102.1260,31.8331,   7.7,32968,-36.9,-66.5,-61.9,  3,  5, 0.67, 99, 9.6
2026-05-25 12:40:30,-102.1261,31.8332,   7.7,32975,-36.9,-66.4,-61.9,  3,  5, 0.67,100, 9.8
2026-05-25 12:40:31,-102.1262,31.8332,   7.7,32983,-36.8,-66.4,-61.9,  3,  5, 0.68,100,10.1
2026-05-25 12:40:32,-102.1263,31.8332,   7.7,32991,-36.8,-66.4,-61.8,  3,  5, 0.68,101,10.3
2026-05-25 12:40:33,-102.1264,31.8332,   7.7,32999,-36.8,-66.4,-61.8,  3,  5, 0.68,101,10.3
2026-05-25 12:40:34,-102.1265,31.8332,   7.7,33007,-36.7,-66.3,-61.8,  3,  5, 0.68,101,10.3
2026-05-25 12:40:35,-102.1266,31.8333,   7.7,33015,-36.7,-66.3,-61.8,  3,  5, 0.69,102,10.4
2026-05-25 12:40:36,-102.1267,31.8333,   7.7,33023,-36.7,-66.3,-61.8,  3,  5, 0.69,102,10.4
2026-05-25 12:40:37,-102.1268,31.8333,   7.7,33030,-36.7,-66.3,-61.7,  3,  5, 0.69,102,10.4
2026-05-25 12:40:38,-102.1269,31.8333,   7.7,33037,-36.6,-66.3,-61.7,  3,  5, 0.69,102,10.5
2026-05-25 12:40:39,-102.1270,31.8333,   7.7,33044,-36.6,-66.2,-61.7,  3,  5, 0.69,102,10.5
2026-05-25 12:40:40,-102.1271,31.8334,   7.7,33051,-36.6,-66.2,-61.7,  3,  5, 0.70,102,10.5
2026-05-25 12:40:41,-102.1272,31.8334,   7.6,33059,-36.5,-66.2,-61.6,  3,  5, 0.71,103,10.5
2026-05-25 12:40:42,-102.1274,31.8334,   7.6,33066,-36.5,-66.2,-61.6,  3,  5, 0.71,103,10.6
2026-05-25 12:40:43,-102.1274,31.8334,   7.6,33073,-36.5,-66.2,-61.6,  3,  5, 0.71,103,10.6
2026-05-25 12:40:44,-102.1276,31.8335,   7.6,33077,-36.5,-66.1,-61.6,  3,  5, 0.71,103,10.6
2026-05-25 12:40:45,-102.1277,31.8335,   7.6,33088,-36.4,-66.1,-61.5,  3,  5, 0.72,103,10.7
2026-05-25 12:40:46,-102.1279,31.8335,   7.6,33096,-36.4,-66.1,-61.5,  3,  5, 0.72,103,10.7
2026-05-25 12:40:47,-102.1280,31.8336,   7.6,33103,-36.4,-66.0,-61.5,  3,  5, 0.72,104,10.7
2026-05-25 12:40:48,-102.1281,31.8336,   7.6,33111,-36.3,-66.0,-61.4,  3,  5, 0.73,104,10.8
2026-05-25 12:40:49,-102.1282,31.8336,   7.6,33119,-36.3,-66.0,-61.4,  3,  5, 0.73,104,10.8
2026-05-25 12:40:50,-102.1284,31.8336,   7.6,33126,-36.3,-65.9,-61.4,  3,  5, 0.73,104,10.8
2026-05-25 12:40:51,-102.1285,31.8337,   7.6,33134,-36.3,-65.9,-61.3,  3,  5, 0.74,104,10.9
2026-05-25 12:40:52,-102.1286,31.8337,   7.6,33142,-36.2,-65.8,-61.3,  3,  5, 0.74,104,10.9
2026-05-25 12:40:53,-102.1287,31.8337,   7.5,33149,-36.2,-65.8,-61.3,  3,  5, 0.75,105,11.0
2026-05-25 12:40:54,-102.1288,31.8338,   7.5,33157,-36.2,-65.8,-61.2,  3,  5, 0.76,105,11.1
2026-05-25 12:40:55,-102.1290,31.8338,   7.5,33165,-36.1,-65.7,-61.2,  3,  5, 0.76,105,11.2
2026-05-25 12:40:56,-102.1291,31.8338,   7.5,33173,-36.1,-65.7,-61.2,  3,  5, 0.76,105,11.3
2026-05-25 12:40:57,-102.1292,31.8339,   7.5,33181,-36.1,-65.7,-61.1,  3,  5, 0.77,105,11.4
2026-05-25 12:40:58,-102.1293,31.8339,   7.5,33189,-36.1,-65.6,-61.1,  3,  5, 0.77,105,11.5
2026-05-25 12:40:59,-102.1295,31.8339,   7.5,33197,-36.1,-65.6,-61.1,  3,  5, 0.77,105,11.6
2026-05-25 12:41:00,-102.1296,31.8339,   7.5,33205,-36.0,-65.6,-61.1,  3,  5, 0.78,105,11.7
2026-05-25 12:41:01,-102.1297,31.8340,   7.5,33213,-36.0,-65.6,-61.0,  3,  5, 0.78,105,11.8
2026-05-25 12:41:02,-102.1298,31.8340,   7.5,33220,-36.0,-65.5,-61.0,  3,  5, 0.78,105,11.9
2026-05-25 12:41:03,-102.1300,31.8340,   7.5,33228,-36.0,-65.5,-61.0,  3,  5, 0.78,106,11.9
2026-05-25 12:41:04,-102.1301,31.8341,   7.5,33236,-36.0,-65.5,-61.0,  3,  5, 0.79,106,12.0
2026-05-25 12:41:05,-102.1302,31.8341,   7.4,33244,-36.0,-65.5,-60.9,  3,  5, 0.80,106,12.1
2026-05-25 12:41:06,-102.1303,31.8341,   7.4,33251,-35.9,-65.4,-60.9,  3,  5, 0.80,106,12.2
2026-05-25 12:41:07,-102.1304,31.8341,   7.4,33259,-35.9,-65.4,-60.9,  3,  5, 0.81,106,12.3
2026-05-25 12:41:08,-102.1306,31.8342,   7.4,33267,-35.9,-65.4,-60.9,  3,  5, 0.81,106,12.4
2026-05-25 12:41:09,-102.1307,31.8342,   7.4,33274,-35.9,-65.4,-60.8,  3,  5, 0.81,106,12.5
2026-05-25 12:41:10,-102.1308,31.8342,   7.4,33282,-35.9,-65.3,-60.8,  3,  5, 0.81,106,12.6
2026-05-25 12:41:11,-102.1310,31.8343,   7.4,33290,-35.9,-65.3,-60.8,  3,  5, 0.82,106,12.7
2026-05-25 12:41:12,-102.1311,31.8343,   7.4,33297,-35.8,-65.3,-60.8,  3,  5, 0.82,106,12.8
2026-05-25 12:41:13,-102.1313,31.8344,   7.4,33305,-35.8,-65.3,-60.8,  3,  5, 0.82,107,12.9
2026-05-25 12:41:14,-102.1314,31.8344,   7.4,33312,-35.8,-65.3,-60.7,  3,  5, 0.82,107,13.1
2026-05-25 12:41:15,-102.1316,31.8345,   7.4,33320,-35.8,-65.3,-60.7,  3,  5, 0.82,107,13.2
2026-05-25 12:41:16,-102.1317,31.8345,   7.4,33327,-35.8,-65.2,-60.7,  3,  5, 0.82,108,13.3
2026-05-25 12:41:17,-102.1319,31.8346,   7.3,33335,-35.8,-65.2,-60.7,  3,  5, 0.84,108,13.4
2026-05-25 12:41:18,-102.1320,31.8346,   7.3,33342,-35.8,-65.2,-60.7,  3,  5, 0.84,108,13.5
2026-05-25 12:41:19,-102.1322,31.8347,   7.3,33349,-35.8,-65.2,-60.7,  3,  5, 0.84,108,13.7
2026-05-25 12:41:20,-102.1323,31.8348,   7.3,33355,-35.8,-65.2,-60.7,  3,  5, 0.84,109,13.8
2026-05-25 12:41:21,-102.1325,31.8348,   7.3,33362,-35.8,-65.2,-60.7,  3,  5, 0.84,109,13.9
2026-05-25 12:41:22,-102.1326,31.8349,   7.3,33369,-35.8,-65.2,-60.6,  3,  5, 0.84,109,14.0
2026-05-25 12:41:23,-102.1328,31.8349,   7.3,33376,-35.8,-65.2,-60.6,  3,  5, 0.85,109,14.1
2026-05-25 12:41:24,-102.1329,31.8350,   7.3,33386,-35.8,-65.1,-60.6,  3,  5, 0.85,110,14.3
2026-05-25 12:41:25,-102.1331,31.8350,   7.3,33392,-35.8,-65.1,-60.6,  3,  5, 0.85,110,14.4
2026-05-25 12:41:26,-102.1332,31.8351,   7.3,33399,-35.8,-65.1,-60.6,  3,  5, 0.85,110,14.5
2026-05-25 12:41:27,-102.1334,31.8351,   7.3,33407,-35.8,-65.1,-60.6,  3,  5, 0.85,110,14.6
2026-05-25 12:41:28,-102.1335,31.8352,   7.3,33415,-35.8,-65.1,-60.6,  3,  5, 0.85,111,14.8
2026-05-25 12:41:29,-102.1337,31.8352,   7.3,33422,-35.8,-65.1,-60.6,  3,  5, 0.85,111,14.9
2026-05-25 12:41:30,-102.1338,31.8353,   7.2,33429,-35.8,-65.1,-60.6,  3,  5, 0.86,111,15.0
2026-05-25 12:41:31,-102.1340,31.8353,   7.2,33437,-35.8,-65.1,-60.6,  3,  5, 0.87,111,15.1
2026-05-25 12:41:32,-102.1341,31.8354,   7.2,33444,-35.9,-65.1,-60.6,  3,  5, 0.87,112,15.3
2026-05-25 12:41:33,-102.1343,31.8354,   7.2,33451,-35.9,-65.1,-60.6,  3,  5, 0.87,112,15.3
2026-05-25 12:41:34,-102.1344,31.8355,   7.2,33459,-35.9,-65.1,-60.5,  3,  5, 0.87,112,15.3
2026-05-25 12:41:35,-102.1346,31.8355,   7.2,33466,-35.9,-65.1,-60.5,  3,  5, 0.87,112,15.4
2026-05-25 12:41:36,-102.1347,31.8356,   7.2,33474,-35.9,-65.1,-60.5,  3,  5, 0.87,112,15.4
2026-05-25 12:41:37,-102.1349,31.8356,   7.2,33481,-35.9,-65.0,-60.5,  4,  5, 0.87,112,15.4
2026-05-25 12:41:38,-102.1350,31.8357,   7.2,33488,-35.9,-65.0,-60.5,  4,  5, 0.87,112,15.5
2026-05-25 12:41:39,-102.1352,31.8357,   7.2,33496,-36.0,-65.1,-60.5,  4,  5, 0.87,112,15.5
2026-05-25 12:41:40,-102.1353,31.8358,   7.2,33504,-36.0,-65.1,-60.5,  4,  5, 0.87,112,15.6
2026-05-25 12:41:41,-102.1355,31.8358,   7.2,33512,-36.0,-65.1,-60.5,  4,  5, 0.87,112,15.6
2026-05-25 12:41:42,-102.1356,31.8359,   7.2,33520,-36.1,-65.1,-60.5,  4,  5, 0.87,112,15.6
2026-05-25 12:41:43,-102.1358,31.8359,   7.1,33528,-36.1,-65.1,-60.6,  4,  5, 0.88,112,15.7
2026-05-25 12:41:44,-102.1359,31.8360,   7.1,33536,-36.1,-65.1,-60.6,  4,  5, 0.88,112,15.7
2026-05-25 12:41:45,-102.1361,31.8360,   7.1,33544,-36.1,-65.1,-60.6,  4,  5, 0.88,112,15.7
2026-05-25 12:41:46,-102.1362,31.8361,   7.1,33552,-36.2,-65.1,-60.6,  4,  5, 0.88,112,15.8
2026-05-25 12:41:47,-102.1364,31.8361,   7.1,33559,-36.2,-65.1,-60.6,  4,  5, 0.88,112,15.8
2026-05-25 12:41:48,-102.1365,31.8361,   7.1,33567,-36.2,-65.1,-60.6,  4,  5, 0.88,112,15.9
2026-05-25 12:41:49,-102.1367,31.8362,   7.1,33575,-36.3,-65.1,-60.6,  4,  5, 0.88,113,15.9
2026-05-25 12:41:50,-102.1369,31.8362,   7.1,33582,-36.3,-65.1,-60.6,  4,  5, 0.87,113,15.9
2026-05-25 12:41:51,-102.1370,31.8363,   7.1,33590,-36.3,-65.1,-60.6,  4,  5, 0.87,113,16.0
2026-05-25 12:41:52,-102.1372,31.8363,   7.1,33597,-36.4,-65.1,-60.6,  4,  5, 0.87,113,16.0
2026-05-25 12:41:53,-102.1373,31.8363,   7.1,33605,-36.4,-65.1,-60.6,  4,  5, 0.87,112,16.0
2026-05-25 12:41:54,-102.1375,31.8364,   7.1,33613,-36.4,-65.2,-60.6,  4,  5, 0.87,112,15.9
2026-05-25 12:41:55,-102.1376,31.8364,   7.0,33621,-36.5,-65.2,-60.6,  4,  5, 0.88,112,15.9
2026-05-25 12:41:56,-102.1378,31.8365,   7.0,33628,-36.5,-65.2,-60.7,  4,  5, 0.88,111,15.9
2026-05-25 12:41:57,-102.1380,31.8365,   7.0,33636,-36.5,-65.2,-60.7,  4,  5, 0.88,111,15.8
2026-05-25 12:41:58,-102.1381,31.8366,   7.0,33644,-36.6,-65.2,-60.7,  4,  5, 0.88,111,15.8
2026-05-25 12:41:59,-102.1383,31.8366,   7.0,33651,-36.6,-65.2,-60.7,  4,  5, 0.88,110,15.8
2026-05-25 12:42:00,-102.1384,31.8366,   7.0,33658,-36.6,-65.2,-60.7,  4,  5, 0.87,110,15.7
2026-05-25 12:42:01,-102.1385,31.8367,   7.0,33666,-36.7,-65.2,-60.7,  4,  5, 0.87,109,15.7
2026-05-25 12:42:02,-102.1387,31.8367,   7.0,33670,-36.7,-65.2,-60.7,  4,  5, 0.87,109,15.7
2026-05-25 12:42:03,-102.1389,31.8368,   7.0,33681,-36.7,-65.3,-60.7,  4,  5, 0.87,109,15.6
2026-05-25 12:42:04,-102.1390,31.8368,   7.0,33688,-36.8,-65.3,-60.7,  4,  5, 0.87,108,15.6
2026-05-25 12:42:05,-102.1392,31.8369,   7.0,33695,-36.8,-65.3,-60.8,  4,  5, 0.87,108,15.6
2026-05-25 12:42:06,-102.1394,31.8369,   7.0,33703,-36.8,-65.3,-60.8,  4,  5, 0.86,108,15.5
2026-05-25 12:42:07,-102.1395,31.8369,   7.0,33710,-36.9,-65.3,-60.8,  4,  5, 0.86,107,15.5
2026-05-25 12:42:08,-102.1397,31.8370,   7.0,33717,-36.9,-65.3,-60.8,  4,  5, 0.86,107,15.5
2026-05-25 12:42:09,-102.1398,31.8370,   6.9,33724,-36.9,-65.3,-60.8,  4,  5, 0.87,106,15.4
2026-05-25 12:42:10,-102.1400,31.8371,   6.9,33732,-37.0,-65.4,-60.8,  4,  5, 0.87,106,15.4
2026-05-25 12:42:11,-102.1401,31.8371,   6.9,33739,-37.0,-65.4,-60.8,  4,  5, 0.87,106,15.4
2026-05-25 12:42:12,-102.1403,31.8371,   6.9,33747,-37.0,-65.4,-60.9,  4,  5, 0.87,105,15.4
2026-05-25 12:42:13,-102.1405,31.8372,   6.9,33754,-37.1,-65.4,-60.9,  4,  5, 0.87,105,15.4
2026-05-25 12:42:14,-102.1406,31.8372,   6.9,33761,-37.1,-65.4,-60.9,  4,  5, 0.86,105,15.4
2026-05-25 12:42:15,-102.1408,31.8372,   6.9,33769,-37.1,-65.4,-60.9,  4,  5, 0.86,105,15.5
2026-05-25 12:42:16,-102.1410,31.8373,   6.9,33776,-37.2,-65.5,-60.9,  4,  5, 0.86,105,15.5
2026-05-25 12:42:17,-102.1411,31.8373,   6.9,33783,-37.2,-65.5,-60.9,  4,  5, 0.86,105,15.5
2026-05-25 12:42:18,-102.1413,31.8373,   6.9,33790,-37.2,-65.5,-61.0,  4,  5, 0.86,105,15.6
2026-05-25 12:42:19,-102.1415,31.8374,   6.9,33797,-37.3,-65.5,-61.0,  4,  5, 0.85,105,15.6
2026-05-25 12:42:20,-102.1416,31.8374,   6.9,33804,-37.3,-65.5,-61.0,  4,  5, 0.85,104,15.7
2026-05-25 12:42:21,-102.1418,31.8374,   6.9,33811,-37.4,-65.5,-61.0,  4,  5, 0.85,104,15.7
2026-05-25 12:42:22,-102.1420,31.8375,   6.9,33818,-37.4,-65.6,-61.0,  4,  5, 0.85,104,15.7
2026-05-25 12:42:23,-102.1421,31.8375,   6.8,33826,-37.4,-65.6,-61.1,  4,  5, 0.86,104,15.8
2026-05-25 12:42:24,-102.1423,31.8375,   6.8,33833,-37.5,-65.6,-61.1,  4,  5, 0.86,104,15.8
2026-05-25 12:42:25,-102.1425,31.8376,   6.8,33840,-37.5,-65.6,-61.1,  4,  5, 0.85,104,15.8
2026-05-25 12:42:26,-102.1426,31.8376,   6.8,33847,-37.5,-65.6,-61.1,  4,  5, 0.85,104,15.9
2026-05-25 12:42:27,-102.1428,31.8376,   6.8,33854,-37.6,-65.7,-61.1,  4,  5, 0.85,104,15.9
2026-05-25 12:42:28,-102.1430,31.8377,   6.8,33861,-37.6,-65.7,-61.2,  4,  5, 0.85,104,16.0
2026-05-25 12:42:29,-102.1431,31.8377,   6.8,33868,-37.6,-65.7,-61.2,  4,  6, 0.84,103,16.0
2026-05-25 12:42:30,-102.1433,31.8377,   6.8,33875,-37.7,-65.7,-61.2,  4,  6, 0.84,103,16.0
2026-05-25 12:42:31,-102.1435,31.8378,   6.8,33881,-37.7,-65.7,-61.2,  4,  6, 0.84,103,16.1
2026-05-25 12:42:32,-102.1436,31.8378,   6.8,33888,-37.8,-65.8,-61.2,  4,  6, 0.84,103,16.1
2026-05-25 12:42:33,-102.1438,31.8378,   6.8,33895,-37.8,-65.8,-61.2,  4,  6, 0.84,103,16.1
2026-05-25 12:42:34,-102.1440,31.8379,   6.8,33901,-37.8,-65.8,-61.2,  4,  6, 0.84,103,16.2
2026-05-25 12:42:35,-102.1441,31.8379,   6.8,33908,-37.8,-65.8,-61.2,  4,  6, 0.83,103,16.2
2026-05-25 12:42:36,-102.1443,31.8379,   6.8,33915,-37.9,-65.8,-61.3,  4,  6, 0.83,103,16.2
2026-05-25 12:42:37,-102.1445,31.8380,   6.7,33922,-37.9,-65.8,-61.3,  4,  6, 0.85,103,16.3
2026-05-25 12:42:38,-102.1446,31.8380,   6.7,33929,-37.9,-65.8,-61.3,  4,  6, 0.84,103,16.3
2026-05-25 12:42:39,-102.1448,31.8380,   6.7,33936,-38.0,-65.8,-61.3,  4,  6, 0.84,103,16.3
2026-05-25 12:42:40,-102.1450,31.8381,   6.7,33943,-38.0,-65.8,-61.3,  4,  6, 0.84,103,16.3
2026-05-25 12:42:41,-102.1451,31.8381,   6.7,33950,-38.0,-65.8,-61.3,  4,  6, 0.84,103,16.4
2026-05-25 12:42:42,-102.1453,31.8382,   6.7,33956,-38.1,-65.9,-61.3,  4,  6, 0.84,103,16.4
2026-05-25 12:42:43,-102.1454,31.8382,   6.7,33963,-38.1,-65.9,-61.3,  4,  6, 0.84,103,16.4
2026-05-25 12:42:44,-102.1457,31.8382,   6.7,33968,-38.1,-65.9,-61.3,  4,  6, 0.84,103,16.5
2026-05-25 12:42:45,-102.1459,31.8383,   6.7,33976,-38.2,-65.9,-61.4,  4,  6, 0.83,103,16.5
2026-05-25 12:42:46,-102.1460,31.8383,   6.7,33983,-38.2,-65.9,-61.4,  4,  6, 0.83,103,16.5
2026-05-25 12:42:47,-102.1462,31.8384,   6.7,33989,-38.2,-65.9,-61.4,  4,  6, 0.83,103,16.5
2026-05-25 12:42:48,-102.1464,31.8384,   6.7,33996,-38.2,-66.0,-61.4,  4,  6, 0.83,103,16.6
2026-05-25 12:42:49,-102.1466,31.8385,   6.7,34002,-38.2,-66.0,-61.4,  4,  6, 0.83,103,16.6
2026-05-25 12:42:50,-102.1467,31.8385,   6.7,34009,-38.3,-66.0,-61.5,  4,  6, 0.82,103,16.6
2026-05-25 12:42:51,-102.1469,31.8386,   6.7,34015,-38.3,-66.0,-61.5,  4,  6, 0.82,103,16.7
2026-05-25 12:42:52,-102.1471,31.8386,   6.7,34021,-38.3,-66.0,-61.5,  4,  6, 0.82,103,16.7
2026-05-25 12:42:53,-102.1473,31.8387,   6.6,34028,-38.3,-66.0,-61.5,  4,  6, 0.83,103,16.8
2026-05-25 12:42:54,-102.1475,31.8387,   6.6,34034,-38.3,-66.1,-61.5,  4,  6, 0.83,104,16.9
2026-05-25 12:42:55,-102.1476,31.8388,   6.6,34040,-38.4,-66.1,-61.5,  4,  6, 0.83,104,16.9
2026-05-25 12:42:56,-102.1478,31.8388,   6.6,34047,-38.4,-66.1,-61.5,  4,  6, 0.83,104,17.0
2026-05-25 12:42:57,-102.1480,31.8388,   6.6,34053,-38.4,-66.1,-61.6,  4,  6, 0.82,104,17.1
2026-05-25 12:42:58,-102.1481,31.8389,   6.6,34059,-38.4,-66.1,-61.6,  4,  6, 0.82,105,17.2
2026-05-25 12:42:59,-102.1484,31.8389,   6.6,34064,-38.4,-66.2,-61.6,  4,  6, 0.82,105,17.2
2026-05-25 12:43:00,-102.1485,31.8390,   6.6,34071,-38.4,-66.2,-61.6,  4,  6, 0.82,105,17.3
2026-05-25 12:43:01,-102.1487,31.8390,   6.6,34077,-38.4,-66.2,-61.6,  4,  6, 0.82,105,17.4
2026-05-25 12:43:02,-102.1489,31.8391,   6.6,34084,-38.4,-66.2,-61.6,  4,  6, 0.82,105,17.5
2026-05-25 12:43:03,-102.1491,31.8391,   6.6,34090,-38.4,-66.2,-61.6,  4,  6, 0.81,106,17.6
2026-05-25 12:43:04,-102.1492,31.8392,   6.6,34096,-38.4,-66.2,-61.7,  4,  6, 0.81,106,17.7
2026-05-25 12:43:05,-102.1494,31.8392,   6.6,34103,-38.4,-66.2,-61.7,  4,  6, 0.81,106,17.7
2026-05-25 12:43:06,-102.1496,31.8393,   6.6,34109,-38.4,-66.2,-61.7,  4,  6, 0.81,106,17.8
2026-05-25 12:43:07,-102.1498,31.8393,   6.6,34115,-38.4,-66.2,-61.7,  4,  6, 0.81,106,17.9
2026-05-25 12:43:08,-102.1500,31.8394,   6.6,34121,-38.4,-66.3,-61.7,  4,  6, 0.81,107,18.0
2026-05-25 12:43:09,-102.1501,31.8394,   6.6,34128,-38.4,-66.3,-61.7,  4,  6, 0.81,107,18.1
2026-05-25 12:43:10,-102.1503,31.8394,   6.5,34134,-38.4,-66.3,-61.7,  4,  6, 0.82,107,18.2
2026-05-25 12:43:11,-102.1505,31.8395,   6.5,34140,-38.4,-66.3,-61.7,  4,  6, 0.82,107,18.2
2026-05-25 12:43:12,-102.1507,31.8395,   6.5,34146,-38.4,-66.3,-61.8,  4,  6, 0.81,107,18.3
2026-05-25 12:43:13,-102.1509,31.8396,   6.5,34152,-38.4,-66.3,-61.8,  4,  5, 0.81,108,18.4
2026-05-25 12:43:14,-102.1511,31.8397,   6.5,34158,-38.3,-66.3,-61.8,  4,  5, 0.81,108,18.4
2026-05-25 12:43:15,-102.1512,31.8398,   6.5,34164,-38.3,-66.3,-61.8,  4,  5, 0.81,109,18.4
2026-05-25 12:43:16,-102.1514,31.8398,   6.5,34169,-38.3,-66.3,-61.8,  4,  5, 0.81,109,18.5
2026-05-25 12:43:17,-102.1516,31.8399,   6.5,34175,-38.3,-66.3,-61.8,  4,  5, 0.81,110,18.5
2026-05-25 12:43:18,-102.1518,31.8400,   6.5,34181,-38.3,-66.3,-61.8,  4,  5, 0.81,110,18.6
2026-05-25 12:43:19,-102.1520,31.8401,   6.5,34187,-38.3,-66.3,-61.8,  4,  5, 0.81,110,18.6
2026-05-25 12:43:20,-102.1522,31.8401,   6.5,34193,-38.3,-66.4,-61.8,  4,  5, 0.81,111,18.6
2026-05-25 12:43:21,-102.1524,31.8402,   6.5,34199,-38.3,-66.4,-61.8,  4,  5, 0.81,111,18.7
2026-05-25 12:43:22,-102.1525,31.8403,   6.5,34205,-38.2,-66.4,-61.8,  4,  5, 0.81,112,18.7
2026-05-25 12:43:23,-102.1527,31.8403,   6.5,34211,-38.2,-66.4,-61.8,  4,  5, 0.81,112,18.8
2026-05-25 12:43:24,-102.1529,31.8404,   6.5,34217,-38.2,-66.4,-61.8,  4,  5, 0.81,113,18.8
2026-05-25 12:43:25,-102.1531,31.8405,   6.5,34223,-38.2,-66.4,-61.8,  4,  5, 0.80,113,18.9
2026-05-25 12:43:26,-102.1533,31.8406,   6.5,34229,-38.2,-66.4,-61.9,  4,  5, 0.80,113,18.9
2026-05-25 12:43:27,-102.1535,31.8406,   6.4,34235,-38.2,-66.4,-61.9,  4,  5, 0.81,114,19.0
2026-05-25 12:43:28,-102.1537,31.8407,   6.4,34241,-38.2,-66.5,-61.9,  4,  5, 0.81,114,19.0
2026-05-25 12:43:29,-102.1538,31.8408,   6.4,34246,-38.2,-66.5,-61.9,  4,  5, 0.81,115,19.1
2026-05-25 12:43:30,-102.1540,31.8408,   6.4,34252,-38.2,-66.5,-62.0,  4,  5, 0.80,115,19.1
2026-05-25 12:43:31,-102.1542,31.8409,   6.4,34258,-38.2,-66.5,-62.0,  4,  5, 0.80,115,19.2
2026-05-25 12:43:32,-102.1544,31.8410,   6.4,34264,-38.2,-66.6,-62.0,  4,  5, 0.80,116,19.3
2026-05-25 12:43:33,-102.1546,31.8411,   6.4,34271,-38.2,-66.6,-62.0,  4,  5, 0.79,116,19.3
