time,longitude,latitude,pressure_hPa,geopotential height_m,temperature_C,dew point temperature_C,ice point temperature_C,relative humidity_%,humidity wrt ice_%,mixing ratio_g/kg,wind direction_degree,wind speed_m/s
2025-03-29 11:03:05,-99.9694,37.7628,1000.0,  -22,     ,     ,     ,   ,   ,     ,   ,    
2025-03-29 11:03:06,-99.9693,37.7630, 925.0,  660,     ,     ,     ,   ,   ,     ,   ,    
2025-03-29 11:03:07,-99.9693,37.7631, 911.0,  789, 14.1, 12.2, 12.2, 88, 88, 9.82,187, 7.2
2025-03-29 11:03:08,-99.9692,37.7632, 910.3,  795, 14.2, 12.1, 12.1, 88, 88, 9.81,195, 7.1
2025-03-29 11:03:09,-99.9692,37.7633, 909.7,  799, 14.2, 12.1, 12.1, 87, 87, 9.80,198, 7.3
2025-03-29 11:03:10,-99.9691,37.7634, 909.0,  804, 14.3, 12.1, 12.1, 87, 87, 9.81,199, 7.6
2025-03-29 11:03:11,-99.9691,37.7634, 908.4,  810, 14.3, 12.1, 12.1, 86, 86, 9.80,199, 8.1
2025-03-29 11:03:12,-99.9691,37.7635, 907.7,  818, 14.4, 12.1, 12.1, 86, 86, 9.79,199, 8.6
2025-03-29 11:03:13,-99.9691,37.7636, 907.1,  825, 14.4, 12.0, 12.0, 86, 86, 9.79,199, 9.2
2025-03-29 11:03:14,-99.9690,37.7637, 906.4,  832, 14.5, 12.0, 12.0, 85, 85, 9.78,199, 9.8
2025-03-29 11:03:15,-99.9690,37.7638, 905.8,  839, 14.5, 12.0, 12.0, 85, 85, 9.77,199,10.4
2025-03-29 11:03:16,-99.9689,37.7639, 905.1,  846, 14.6, 12.0, 12.0, 84, 84, 9.77,199,10.9
2025-03-29 11:03:17,-99.9688,37.7640, 904.5,  852, 14.6, 12.0, 12.0, 84, 84, 9.76,200,11.5
2025-03-29 11:03:18,-99.9688,37.7642, 903.8,  858, 14.7, 11.9, 11.9, 84, 84, 9.76,200,12.0
2025-03-29 11:03:19,-99.9688,37.7643, 903.2,  861, 14.8, 11.9, 11.9, 83, 83, 9.75,200,12.5
2025-03-29 11:03:20,-99.9687,37.7645, 902.5,  865, 14.8, 11.9, 11.9, 83, 83, 9.74,200,13.0
2025-03-29 11:03:21,-99.9687,37.7646, 901.9,  871, 14.9, 11.9, 11.9, 82, 82, 9.73,200,13.4
2025-03-29 11:03:22,-99.9686,37.7648, 901.2,  878, 14.9, 11.9, 11.9, 82, 82, 9.73,201,13.9
2025-03-29 11:03:23,-99.9685,37.7649, 900.6,  886, 15.0, 11.8, 11.8, 81, 81, 9.71,201,14.3
2025-03-29 11:03:24,-99.9685,37.7651, 899.9,  892, 15.0, 11.8, 11.8, 81, 81, 9.71,201,14.6
2025-03-29 11:03:25,-99.9684,37.7653, 899.3,  899, 15.1, 11.8, 11.8, 81, 81, 9.70,201,15.0
2025-03-29 11:03:26,-99.9683,37.7654, 898.6,  904, 15.1, 11.8, 11.8, 80, 80, 9.69,202,15.3
2025-03-29 11:03:27,-99.9682,37.7655, 898.0,  911, 15.2, 11.7, 11.7, 80, 80, 9.68,202,15.6
2025-03-29 11:03:28,-99.9681,37.7657, 897.3,  917, 15.2, 11.7, 11.7, 80, 80, 9.67,202,15.9
2025-03-29 11:03:29,-99.9680,37.7659, 896.6,  924, 15.2, 11.6, 11.6, 79, 79, 9.60,203,16.1
2025-03-29 11:03:30,-99.9679,37.7660, 895.8,  931, 15.3, 11.5, 11.5, 78, 78, 9.57,203,16.3
2025-03-29 11:03:31,-99.9679,37.7662, 895.2,  937, 15.6, 11.5, 11.5, 77, 77, 9.57,203,16.5
2025-03-29 11:03:32,-99.9678,37.7663, 894.6,  943, 15.6, 11.4, 11.4, 76, 76, 9.52,204,16.7
2025-03-29 11:03:33,-99.9677,37.7665, 894.1,  948, 15.6, 11.4, 11.4, 76, 76, 9.48,204,16.8
2025-03-29 11:03:34,-99.9676,37.7666, 893.6,  953, 15.6, 11.3, 11.3, 75, 75, 9.45,205,16.9
2025-03-29 11:03:35,-99.9675,37.7667, 893.0,  958, 15.6, 11.3, 11.3, 76, 76, 9.45,205,17.0
2025-03-29 11:03:36,-99.9674,37.7668, 892.5,  963, 15.5, 11.4, 11.4, 76, 76, 9.51,205,17.1
2025-03-29 11:03:37,-99.9673,37.7670, 891.9,  969, 15.5, 11.4, 11.4, 77, 77, 9.56,206,17.2
2025-03-29 11:03:38,-99.9673,37.7671, 891.2,  975, 15.4, 11.4, 11.4, 77, 77, 9.56,206,17.3
2025-03-29 11:03:39,-99.9672,37.7672, 890.6,  981, 15.4, 11.4, 11.4, 77, 77, 9.53,207,17.3
2025-03-29 11:03:40,-99.9671,37.7674, 890.0,  987, 15.4, 11.3, 11.3, 76, 76, 9.47,207,17.4
2025-03-29 11:03:41,-99.9670,37.7675, 889.4,  992, 15.5, 11.2, 11.2, 76, 76, 9.46,208,17.4
2025-03-29 11:03:42,-99.9669,37.7677, 888.9,  998, 15.5, 11.2, 11.2, 76, 76, 9.45,208,17.5
2025-03-29 11:03:43,-99.9668,37.7678, 888.3, 1003, 15.5, 11.2, 11.2, 75, 75, 9.42,209,17.5
2025-03-29 11:03:44,-99.9667,37.7679, 887.7, 1009, 15.4, 11.1, 11.1, 75, 75, 9.37,209,17.6
2025-03-29 11:03:45,-99.9666,37.7681, 887.2, 1014, 15.5, 11.0, 11.0, 75, 75, 9.35,210,17.6
2025-03-29 11:03:46,-99.9665,37.7682, 886.6, 1019, 15.5, 11.0, 11.0, 75, 75, 9.33,210,17.7
2025-03-29 11:03:47,-99.9664,37.7683, 886.1, 1024, 15.5, 10.9, 10.9, 74, 74, 9.28,211,17.7
2025-03-29 11:03:48,-99.9663,37.7685, 885.6, 1029, 15.5, 10.7, 10.7, 73, 73, 9.15,211,17.8
2025-03-29 11:03:49,-99.9663,37.7686, 885.0, 1034, 15.5, 10.4, 10.4, 71, 71, 8.96,212,17.9
2025-03-29 11:03:50,-99.9662,37.7688, 884.4, 1040, 15.9, 10.2, 10.2, 69, 69, 8.90,213,18.0
2025-03-29 11:03:51,-99.9660,37.7689, 883.8, 1046, 16.1, 10.2, 10.2, 68, 68, 8.86,213,18.0
2025-03-29 11:03:52,-99.9659,37.7691, 883.1, 1052, 16.1, 10.1, 10.1, 68, 68, 8.83,214,18.1
2025-03-29 11:03:53,-99.9657,37.7692, 882.5, 1059, 16.0, 10.1, 10.1, 68, 68, 8.84,214,18.2
2025-03-29 11:03:54,-99.9656,37.7693, 881.8, 1065, 16.0, 10.1, 10.1, 68, 68, 8.86,215,18.4
2025-03-29 11:03:55,-99.9654,37.7695, 881.1, 1072, 15.9, 10.2, 10.2, 69, 69, 8.89,216,18.5
2025-03-29 11:03:56,-99.9653,37.7696, 880.5, 1078, 15.8, 10.1, 10.1, 69, 69, 8.84,216,18.6
2025-03-29 11:03:57,-99.9652,37.7697, 879.8, 1085, 15.8, 10.0, 10.0, 68, 68, 8.80,217,18.7
2025-03-29 11:03:58,-99.9650,37.7698, 879.1, 1091, 15.9,  9.9,  9.9, 68, 68, 8.75,217,18.9
2025-03-29 11:03:59,-99.9649,37.7699, 878.6, 1097, 15.9,  9.8,  9.8, 67, 67, 8.71,218,19.0
2025-03-29 11:04:00,-99.9648,37.7701, 878.0, 1102, 15.9,  9.9,  9.9, 68, 68, 8.73,219,19.1
2025-03-29 11:04:01,-99.9647,37.7702, 877.5, 1107, 15.8,  9.9,  9.9, 68, 68, 8.76,219,19.3
2025-03-29 11:04:02,-99.9645,37.7704, 877.0, 1112, 15.7,  9.9,  9.9, 68, 68, 8.76,220,19.4
2025-03-29 11:04:03,-99.9643,37.7705, 876.4, 1118, 15.6,  9.9,  9.9, 68, 68, 8.74,220,19.6
2025-03-29 11:04:04,-99.9641,37.7706, 875.8, 1124, 15.6,  9.8,  9.8, 68, 68, 8.69,221,19.7
2025-03-29 11:04:05,-99.9639,37.7708, 875.3, 1128, 15.7,  9.6,  9.6, 67, 67, 8.62,221,19.9
2025-03-29 11:04:06,-99.9638,37.7709, 874.8, 1133, 15.7,  9.5,  9.5, 66, 66, 8.54,222,20.0
2025-03-29 11:04:07,-99.9637,37.7710, 874.4, 1137, 15.8,  9.4,  9.4, 65, 65, 8.47,223,20.2
2025-03-29 11:04:08,-99.9635,37.7711, 873.9, 1142, 15.9,  9.3,  9.3, 65, 65, 8.42,223,20.3
2025-03-29 11:04:09,-99.9634,37.7713, 873.4, 1147, 15.9,  9.2,  9.2, 65, 65, 8.39,224,20.4
2025-03-29 11:04:10,-99.9632,37.7715, 872.9, 1152, 15.8,  9.2,  9.2, 65, 65, 8.38,224,20.5
2025-03-29 11:04:11,-99.9631,37.7716, 872.4, 1157, 15.8,  9.2,  9.2, 65, 65, 8.38,225,20.7
2025-03-29 11:04:12,-99.9629,37.7718, 871.8, 1163, 15.8,  9.2,  9.2, 65, 65, 8.39,225,20.8
2025-03-29 11:04:13,-99.9626,37.7719, 871.2, 1168, 15.8,  9.1,  9.1, 65, 65, 8.37,226,20.9
2025-03-29 11:04:14,-99.9625,37.7720, 870.5, 1175, 15.7,  9.1,  9.1, 65, 65, 8.35,226,21.0
2025-03-29 11:04:15,-99.9623,37.7721, 869.9, 1181, 15.7,  9.0,  9.0, 64, 64, 8.31,227,21.1
2025-03-29 11:04:16,-99.9621,37.7722, 869.2, 1188, 15.7,  8.9,  8.9, 64, 64, 8.27,228,21.2
2025-03-29 11:04:17,-99.9620,37.7723, 868.5, 1194, 15.7,  8.8,  8.8, 63, 63, 8.19,228,21.2
2025-03-29 11:04:18,-99.9618,37.7724, 867.9, 1200, 15.7,  8.6,  8.6, 62, 62, 8.08,229,21.3
2025-03-29 11:04:19,-99.9616,37.7725, 867.3, 1206, 15.8,  8.4,  8.4, 61, 61, 7.98,229,21.3
2025-03-29 11:04:20,-99.9614,37.7727, 866.7, 1212, 15.8,  8.2,  8.2, 60, 60, 7.89,230,21.3
2025-03-29 11:04:21,-99.9612,37.7728, 866.1, 1218, 15.9,  8.1,  8.1, 60, 60, 7.83,230,21.3
2025-03-29 11:04:22,-99.9610,37.7730, 865.6, 1223, 16.0,  7.9,  7.9, 59, 59, 7.76,231,21.3
2025-03-29 11:04:23,-99.9607,37.7732, 865.0, 1229, 16.0,  7.8,  7.8, 58, 58, 7.70,231,21.3
2025-03-29 11:04:24,-99.9605,37.7733, 864.5, 1234, 16.0,  7.7,  7.7, 58, 58, 7.66,232,21.3
2025-03-29 11:04:25,-99.9603,37.7734, 864.0, 1239, 16.0,  7.6,  7.6, 58, 58, 7.62,232,21.2
2025-03-29 11:04:26,-99.9600,37.7735, 863.4, 1244, 16.0,  7.5,  7.5, 57, 57, 7.56,233,21.2
2025-03-29 11:04:27,-99.9598,37.7736, 862.9, 1250, 16.0,  7.4,  7.4, 57, 57, 7.51,234,21.1
2025-03-29 11:04:28,-99.9597,37.7737, 862.2, 1256, 16.0,  7.3,  7.3, 56, 56, 7.44,234,21.0
2025-03-29 11:04:29,-99.9595,37.7738, 861.6, 1263, 16.1,  7.0,  7.0, 55, 55, 7.33,235,20.9
2025-03-29 11:04:30,-99.9593,37.7739, 861.0, 1269, 16.1,  6.6,  6.6, 53, 53, 7.12,235,20.7
2025-03-29 11:04:31,-99.9591,37.7740, 860.4, 1275, 16.4,  6.1,  6.1, 51, 51, 6.88,236,20.6
2025-03-29 11:04:32,-99.9589,37.7741, 859.8, 1280, 16.6,  5.6,  5.6, 48, 48, 6.66,236,20.5
2025-03-29 11:04:33,-99.9587,37.7742, 859.3, 1286, 16.7,  5.1,  5.1, 46, 46, 6.42,237,20.3
2025-03-29 11:04:34,-99.9585,37.7743, 858.7, 1291, 17.0,  4.6,  4.6, 44, 44, 6.19,237,20.1
2025-03-29 11:04:35,-99.9583,37.7743, 858.2, 1296, 17.2,  4.2,  4.2, 42, 42, 6.05,238,20.0
2025-03-29 11:04:36,-99.9581,37.7744, 857.7, 1301, 17.2,  4.1,  4.1, 42, 42, 5.99,238,19.8
2025-03-29 11:04:37,-99.9579,37.7744, 857.2, 1306, 17.3,  3.9,  3.9, 41, 41, 5.92,239,19.6
2025-03-29 11:04:38,-99.9578,37.7745, 856.8, 1310, 17.3,  3.6,  3.6, 40, 40, 5.80,239,19.4
2025-03-29 11:04:39,-99.9576,37.7747, 856.4, 1314, 17.4,  3.3,  3.3, 39, 39, 5.66,239,19.2
2025-03-29 11:04:40,-99.9574,37.7748, 856.0, 1318, 17.5,  3.1,  3.1, 38, 38, 5.59,240,19.0
2025-03-29 11:04:41,-99.9572,37.7749, 855.6, 1322, 17.5,  3.1,  3.1, 38, 38, 5.58,240,18.8
2025-03-29 11:04:42,-99.9570,37.7749, 855.0, 1327, 17.5,  3.0,  3.0, 38, 38, 5.57,241,18.6
2025-03-29 11:04:43,-99.9568,37.7749, 854.5, 1333, 17.5,  2.9,  2.9, 38, 38, 5.54,241,18.5
2025-03-29 11:04:44,-99.9567,37.7750, 853.9, 1339, 17.4,  2.8,  2.8, 38, 38, 5.51,242,18.3
2025-03-29 11:04:45,-99.9565,37.7750, 853.4, 1344, 17.4,  2.7,  2.7, 37, 37, 5.46,242,18.1
2025-03-29 11:04:46,-99.9564,37.7751, 852.8, 1350, 17.4,  2.5,  2.5, 37, 37, 5.40,242,17.9
2025-03-29 11:04:47,-99.9562,37.7752, 852.2, 1356, 17.4,  2.4,  2.4, 36, 36, 5.33,243,17.8
2025-03-29 11:04:48,-99.9561,37.7753, 851.7, 1361, 17.4,  2.2,  2.2, 36, 36, 5.28,243,17.6
2025-03-29 11:04:48,-99.9560,37.7753, 851.1, 1367, 17.4,  2.1,  2.1, 36, 36, 5.24,243,17.5
2025-03-29 11:04:49,-99.9559,37.7754, 850.5, 1373, 17.4,  2.0,  2.0, 36, 36, 5.21,244,17.3
2025-03-29 11:04:50,-99.9557,37.7755, 850.0, 1378, 17.4,  1.9,  1.9, 35, 35, 5.16,244,17.3
2025-03-29 11:04:51,-99.9555,37.7755, 849.9, 1379, 17.4,  1.9,  1.9, 35, 35, 5.15,244,17.2
2025-03-29 11:04:52,-99.9553,37.7755, 849.3, 1385, 17.4,  1.7,  1.7, 35, 35, 5.09,244,17.1
2025-03-29 11:04:53,-99.9552,37.7756, 848.8, 1390, 17.4,  1.5,  1.5, 34, 34, 5.02,244,17.0
2025-03-29 11:04:54,-99.9550,37.7756, 848.3, 1395, 17.4,  1.3,  1.3, 34, 34, 4.95,245,16.9
2025-03-29 11:04:55,-99.9549,37.7757, 847.8, 1400, 17.4,  1.1,  1.1, 33, 33, 4.90,245,16.7
2025-03-29 11:04:56,-99.9547,37.7758, 847.3, 1405, 17.4,  1.1,  1.1, 33, 33, 4.88,245,16.6
2025-03-29 11:04:57,-99.9545,37.7759, 846.8, 1410, 17.4,  0.9,  0.9, 33, 33, 4.84,246,16.6
2025-03-29 11:04:58,-99.9543,37.7759, 846.4, 1415, 17.4,  0.8,  0.8, 33, 33, 4.78,246,16.5
2025-03-29 11:04:59,-99.9541,37.7760, 845.9, 1419, 17.4,  0.6,  0.6, 32, 32, 4.72,246,16.4
2025-03-29 11:05:00,-99.9539,37.7760, 845.4, 1424, 17.4,  0.4,  0.4, 32, 32, 4.65,246,16.3
2025-03-29 11:05:01,-99.9538,37.7760, 844.9, 1429, 17.4,  0.2,  0.2, 31, 31, 4.59,247,16.2
2025-03-29 11:05:02,-99.9537,37.7761, 844.3, 1435, 17.4,  0.1,  0.1, 31, 31, 4.56,247,16.2
2025-03-29 11:05:03,-99.9535,37.7762, 843.8, 1441, 17.3, -0.0, -0.0, 31, 31, 4.53,247,16.1
2025-03-29 11:05:04,-99.9534,37.7762, 843.3, 1446, 17.3, -0.0, -0.0, 31, 31, 4.52,248,16.0
2025-03-29 11:05:05,-99.9532,37.7763, 842.8, 1451, 17.3, -0.0, -0.0, 31, 31, 4.53,248,15.9
2025-03-29 11:05:06,-99.9530,37.7764, 842.3, 1456, 17.2, -0.1, -0.1, 31, 31, 4.53,248,15.8
2025-03-29 11:05:07,-99.9528,37.7764, 841.8, 1460, 17.2, -0.1, -0.1, 31, 31, 4.52,248,15.8
2025-03-29 11:05:08,-99.9526,37.7764, 841.4, 1465, 17.1, -0.1, -0.1, 31, 31, 4.51,249,15.7
2025-03-29 11:05:09,-99.9524,37.7765, 840.9, 1470, 17.1, -0.1, -0.1, 31, 31, 4.51,249,15.6
2025-03-29 11:05:10,-99.9523,37.7765, 840.4, 1475, 17.1, -0.1, -0.1, 31, 31, 4.52,249,15.5
2025-03-29 11:05:11,-99.9522,37.7765, 839.8, 1481, 17.0, -0.1, -0.1, 31, 31, 4.52,250,15.5
2025-03-29 11:05:12,-99.9520,37.7766, 839.3, 1486, 17.0, -0.1, -0.1, 31, 31, 4.52,250,15.4
2025-03-29 11:05:13,-99.9519,37.7767, 838.8, 1491, 16.9, -0.2, -0.2, 31, 31, 4.51,250,15.3
2025-03-29 11:05:14,-99.9517,37.7767, 838.3, 1496, 16.9, -0.3, -0.2, 31, 31, 4.48,250,15.2
2025-03-29 11:05:15,-99.9515,37.7768, 837.8, 1501, 16.8, -0.5, -0.5, 31, 31, 4.40,251,15.1
2025-03-29 11:05:16,-99.9513,37.7769, 837.3, 1506, 16.9, -0.9, -0.8, 30, 30, 4.27,251,15.0
2025-03-29 11:05:17,-99.9511,37.7769, 836.8, 1512, 16.9, -1.3, -1.2, 29, 29, 4.16,251,14.9
2025-03-29 11:05:18,-99.9510,37.7769, 836.2, 1518, 16.9, -1.5, -1.3, 28, 28, 4.11,251,14.9
2025-03-29 11:05:19,-99.9508,37.7769, 835.5, 1524, 16.9, -1.5, -1.3, 29, 29, 4.10,252,14.8
2025-03-29 11:05:20,-99.9506,37.7770, 834.9, 1531, 16.8, -1.5, -1.3, 29, 29, 4.12,252,14.7
2025-03-29 11:05:21,-99.9505,37.7770, 834.2, 1538, 16.8, -1.4, -1.3, 29, 29, 4.13,252,14.6
2025-03-29 11:05:22,-99.9504,37.7770, 833.6, 1544, 16.7, -1.5, -1.3, 29, 29, 4.12,252,14.6
2025-03-29 11:05:23,-99.9503,37.7770, 833.1, 1550, 16.6, -1.6, -1.4, 29, 29, 4.08,252,14.5
2025-03-29 11:05:24,-99.9502,37.7771, 832.6, 1554, 16.6, -1.7, -1.5, 29, 29, 4.07,252,14.4
2025-03-29 11:05:25,-99.9500,37.7771, 832.2, 1558, 16.6, -1.6, -1.4, 29, 29, 4.08,252,14.4
2025-03-29 11:05:26,-99.9499,37.7771, 831.8, 1563, 16.5, -1.6, -1.4, 29, 29, 4.09,252,14.3
2025-03-29 11:05:27,-99.9497,37.7771, 831.3, 1567, 16.5, -1.7, -1.5, 29, 29, 4.07,252,14.3
2025-03-29 11:05:28,-99.9496,37.7772, 830.8, 1573, 16.5, -1.8, -1.6, 29, 29, 4.04,252,14.2
2025-03-29 11:05:29,-99.9494,37.7772, 830.3, 1578, 16.4, -1.9, -1.7, 28, 28, 4.00,252,14.1
2025-03-29 11:05:30,-99.9492,37.7773, 829.7, 1583, 16.4, -2.0, -1.8, 28, 28, 3.97,252,14.1
2025-03-29 11:05:31,-99.9490,37.7773, 829.3, 1588, 16.3, -2.1, -1.8, 28, 28, 3.96,252,14.0
2025-03-29 11:05:32,-99.9489,37.7774, 828.8, 1593, 16.3, -2.1, -1.9, 28, 28, 3.95,252,14.0
2025-03-29 11:05:33,-99.9488,37.7775, 828.4, 1598, 16.3, -2.1, -1.9, 28, 28, 3.95,252,13.9
2025-03-29 11:05:34,-99.9486,37.7775, 827.9, 1603, 16.2, -2.2, -1.9, 28, 28, 3.94,252,13.9
2025-03-29 11:05:35,-99.9485,37.7775, 827.3, 1608, 16.2, -2.2, -1.9, 28, 28, 3.94,251,13.9
2025-03-29 11:05:36,-99.9483,37.7775, 826.8, 1614, 16.2, -2.3, -2.0, 28, 28, 3.92,251,13.8
2025-03-29 11:05:37,-99.9481,37.7776, 826.3, 1619, 16.1, -2.4, -2.1, 28, 28, 3.89,251,13.8
2025-03-29 11:05:38,-99.9480,37.7776, 825.7, 1625, 16.1, -2.5, -2.2, 28, 28, 3.86,251,13.7
2025-03-29 11:05:39,-99.9478,37.7777, 825.2, 1630, 16.1, -2.6, -2.3, 28, 28, 3.84,251,13.6
2025-03-29 11:05:40,-99.9477,37.7777, 824.7, 1636, 16.0, -2.6, -2.3, 28, 28, 3.84,251,13.6
2025-03-29 11:05:41,-99.9476,37.7778, 824.1, 1641, 16.0, -2.7, -2.4, 28, 28, 3.81,250,13.5
2025-03-29 11:05:42,-99.9475,37.7778, 823.5, 1647, 15.9, -3.0, -2.7, 27, 27, 3.72,250,13.4
2025-03-29 11:05:43,-99.9473,37.7778, 822.9, 1654, 15.9, -3.4, -3.0, 26, 26, 3.61,250,13.4
2025-03-29 11:05:44,-99.9472,37.7779, 822.3, 1660, 15.9, -3.6, -3.2, 26, 26, 3.56,250,13.3
2025-03-29 11:05:45,-99.9471,37.7779, 821.7, 1666, 15.9, -3.8, -3.4, 26, 26, 3.52,250,13.2
2025-03-29 11:05:46,-99.9469,37.7780, 821.1, 1672, 15.8, -4.0, -3.6, 25, 25, 3.46,250,13.1
2025-03-29 11:05:47,-99.9467,37.7781, 820.6, 1678, 15.8, -4.2, -3.7, 25, 25, 3.42,250,13.0
2025-03-29 11:05:48,-99.9466,37.7781, 820.0, 1683, 15.8, -4.3, -3.8, 25, 25, 3.40,250,12.9
2025-03-29 11:05:49,-99.9464,37.7782, 819.6, 1688, 15.9, -4.3, -3.8, 25, 25, 3.39,250,12.8
2025-03-29 11:05:50,-99.9463,37.7782, 819.1, 1693, 15.8, -4.3, -3.8, 25, 25, 3.40,250,12.7
2025-03-29 11:05:51,-99.9461,37.7782, 818.7, 1697, 15.8, -4.3, -3.8, 25, 25, 3.40,250,12.6
2025-03-29 11:05:52,-99.9460,37.7782, 818.2, 1702, 15.8, -4.3, -3.8, 25, 25, 3.39,250,12.4
2025-03-29 11:05:53,-99.9460,37.7782, 817.8, 1706, 15.7, -4.3, -3.8, 25, 25, 3.39,250,12.3
2025-03-29 11:05:54,-99.9459,37.7782, 817.4, 1711, 15.7, -4.3, -3.8, 25, 25, 3.39,250,12.2
2025-03-29 11:05:55,-99.9457,37.7782, 816.9, 1716, 15.6, -4.4, -3.9, 25, 25, 3.39,251,12.0
2025-03-29 11:05:56,-99.9456,37.7783, 816.4, 1721, 15.6, -4.4, -3.9, 25, 25, 3.38,251,11.9
2025-03-29 11:05:57,-99.9455,37.7783, 815.8, 1727, 15.6, -4.4, -3.9, 25, 25, 3.37,251,11.7
2025-03-29 11:05:58,-99.9453,37.7784, 815.1, 1734, 15.6, -4.6, -4.0, 25, 25, 3.34,252,11.6
2025-03-29 11:05:59,-99.9452,37.7785, 814.5, 1741, 15.6, -4.7, -4.2, 24, 24, 3.31,253,11.4
2025-03-29 11:06:00,-99.9451,37.7785, 814.0, 1746, 15.6, -4.8, -4.3, 24, 24, 3.28,253,11.3
2025-03-29 11:06:01,-99.9450,37.7786, 813.5, 1751, 15.6, -4.9, -4.4, 24, 24, 3.26,254,11.1
2025-03-29 11:06:02,-99.9448,37.7787, 813.2, 1755, 15.5, -5.0, -4.4, 24, 24, 3.25,255,11.0
2025-03-29 11:06:03,-99.9447,37.7787, 812.8, 1759, 15.5, -5.0, -4.4, 24, 24, 3.25,256,10.8
2025-03-29 11:06:04,-99.9446,37.7787, 812.3, 1763, 15.5, -5.1, -4.5, 24, 24, 3.23,257,10.7
2025-03-29 11:06:05,-99.9445,37.7787, 811.8, 1768, 15.5, -5.2, -4.6, 24, 24, 3.21,258,10.5
2025-03-29 11:06:06,-99.9444,37.7787, 811.3, 1774, 15.6, -5.3, -4.7, 23, 23, 3.17,259,10.4
2025-03-29 11:06:07,-99.9443,37.7787, 810.7, 1780, 15.8, -5.5, -4.9, 23, 23, 3.13,260,10.3
2025-03-29 11:06:08,-99.9443,37.7787, 810.1, 1786, 16.0, -5.8, -5.2, 22, 22, 3.06,262,10.2
2025-03-29 11:06:09,-99.9442,37.7787, 809.6, 1792, 16.4, -6.0, -5.3, 21, 21, 3.02,263,10.1
2025-03-29 11:06:10,-99.9441,37.7787, 809.1, 1798, 16.7, -6.2, -5.5, 20, 20, 2.97,264,10.0
2025-03-29 11:06:11,-99.9440,37.7787, 808.5, 1803, 16.9, -6.3, -5.6, 20, 20, 2.95,266, 9.9
2025-03-29 11:06:12,-99.9438,37.7786, 808.0, 1809, 17.1, -6.4, -5.7, 20, 20, 2.93,267, 9.8
2025-03-29 11:06:13,-99.9437,37.7786, 807.4, 1815, 17.3, -6.4, -5.7, 19, 19, 2.93,269, 9.8
2025-03-29 11:06:14,-99.9435,37.7786, 806.9, 1820, 17.5, -6.3, -5.6, 19, 19, 2.95,270, 9.7
2025-03-29 11:06:15,-99.9434,37.7786, 806.3, 1826, 17.6, -6.3, -5.6, 19, 19, 2.96,272, 9.7
2025-03-29 11:06:16,-99.9433,37.7786, 805.8, 1832, 17.5, -6.3, -5.6, 19, 19, 2.96,273, 9.7
2025-03-29 11:06:17,-99.9431,37.7786, 805.2, 1839, 17.5, -6.4, -5.6, 19, 19, 2.95,274, 9.7
2025-03-29 11:06:18,-99.9431,37.7785, 804.5, 1845, 17.5, -6.3, -5.6, 19, 19, 2.96,276, 9.7
2025-03-29 11:06:19,-99.9430,37.7785, 803.9, 1851, 17.4, -6.3, -5.6, 19, 19, 2.97,277, 9.7
2025-03-29 11:06:20,-99.9429,37.7784, 803.4, 1857, 17.4, -6.3, -5.6, 19, 19, 2.97,278, 9.7
2025-03-29 11:06:21,-99.9429,37.7784, 802.9, 1862, 17.3, -6.3, -5.6, 19, 19, 2.98,279, 9.8
2025-03-29 11:06:22,-99.9428,37.7784, 802.5, 1867, 17.3, -6.3, -5.6, 19, 19, 2.98,279, 9.8
2025-03-29 11:06:23,-99.9427,37.7784, 802.0, 1872, 17.2, -6.3, -5.6, 19, 19, 2.97,280, 9.8
2025-03-29 11:06:24,-99.9426,37.7784, 801.5, 1877, 17.2, -6.3, -5.6, 19, 19, 2.97,281, 9.8
2025-03-29 11:06:25,-99.9424,37.7783, 800.9, 1883, 17.1, -6.4, -5.7, 19, 19, 2.96,281, 9.9
2025-03-29 11:06:26,-99.9423,37.7783, 800.4, 1889, 17.1, -6.4, -5.7, 19, 19, 2.95,282, 9.9
2025-03-29 11:06:27,-99.9422,37.7783, 799.7, 1896, 17.0, -6.4, -5.7, 20, 20, 2.96,282, 9.9
2025-03-29 11:06:28,-99.9421,37.7783, 799.1, 1903, 17.0, -6.4, -5.7, 20, 20, 2.97,282, 9.9
2025-03-29 11:06:29,-99.9419,37.7783, 798.3, 1911, 16.9, -6.4, -5.7, 20, 20, 2.97,282, 9.9
2025-03-29 11:06:30,-99.9418,37.7782, 797.6, 1918, 16.8, -6.4, -5.7, 20, 20, 2.96,282, 9.9
2025-03-29 11:06:31,-99.9416,37.7782, 797.0, 1925, 16.7, -6.5, -5.7, 20, 20, 2.96,282, 9.9
2025-03-29 11:06:32,-99.9415,37.7782, 796.4, 1931, 16.7, -6.5, -5.7, 20, 20, 2.96,282, 9.9
2025-03-29 11:06:33,-99.9414,37.7781, 795.9, 1937, 16.6, -6.5, -5.7, 20, 20, 2.96,282, 9.9
2025-03-29 11:06:34,-99.9413,37.7781, 795.4, 1942, 16.6, -6.4, -5.7, 20, 20, 2.97,282, 9.9
2025-03-29 11:06:35,-99.9412,37.7781, 794.9, 1948, 16.5, -6.4, -5.7, 20, 20, 2.98,281, 9.8
2025-03-29 11:06:36,-99.9411,37.7781, 794.3, 1954, 16.5, -6.5, -5.7, 20, 20, 2.97,281, 9.8
2025-03-29 11:06:37,-99.9410,37.7781, 793.8, 1959, 16.4, -6.5, -5.8, 20, 20, 2.96,281, 9.8
2025-03-29 11:06:38,-99.9409,37.7781, 793.4, 1964, 16.4, -6.5, -5.8, 20, 20, 2.95,280, 9.7
2025-03-29 11:06:39,-99.9408,37.7781, 793.0, 1968, 16.3, -6.5, -5.8, 20, 20, 2.96,280, 9.7
2025-03-29 11:06:40,-99.9406,37.7781, 792.5, 1973, 16.3, -6.5, -5.8, 20, 20, 2.96,279, 9.6
2025-03-29 11:06:41,-99.9405,37.7781, 792.1, 1978, 16.2, -6.6, -5.8, 20, 20, 2.96,279, 9.5
2025-03-29 11:06:42,-99.9404,37.7780, 791.7, 1982, 16.2, -6.6, -5.8, 20, 20, 2.96,278, 9.5
2025-03-29 11:06:43,-99.9403,37.7780, 791.3, 1987, 16.1, -6.6, -5.8, 20, 20, 2.96,278, 9.4
2025-03-29 11:06:44,-99.9403,37.7779, 790.8, 1991, 16.1, -6.6, -5.8, 21, 21, 2.96,277, 9.3
2025-03-29 11:06:45,-99.9402,37.7779, 790.4, 1996, 16.0, -6.6, -5.8, 21, 21, 2.96,277, 9.3
2025-03-29 11:06:46,-99.9401,37.7779, 789.9, 2001, 16.0, -6.6, -5.8, 21, 21, 2.96,276, 9.2
2025-03-29 11:06:47,-99.9400,37.7779, 789.5, 2006, 16.0, -6.6, -5.8, 21, 21, 2.96,276, 9.1
2025-03-29 11:06:48,-99.9399,37.7780, 789.0, 2011, 16.0, -6.6, -5.8, 21, 21, 2.97,275, 9.0
2025-03-29 11:06:49,-99.9398,37.7780, 788.5, 2017, 15.9, -6.6, -5.8, 21, 21, 2.97,275, 8.9
2025-03-29 11:06:50,-99.9397,37.7780, 788.0, 2022, 15.9, -6.6, -5.9, 21, 21, 2.96,274, 8.9
2025-03-29 11:06:51,-99.9395,37.7780, 787.5, 2027, 15.9, -6.6, -5.8, 21, 21, 2.97,274, 8.8
2025-03-29 11:06:52,-99.9395,37.7780, 787.0, 2033, 15.9, -6.5, -5.8, 21, 21, 2.98,273, 8.7
2025-03-29 11:06:53,-99.9394,37.7780, 786.4, 2038, 15.9, -6.5, -5.8, 21, 21, 2.98,273, 8.7
2025-03-29 11:06:54,-99.9393,37.7781, 785.9, 2044, 16.0, -6.5, -5.8, 21, 21, 2.99,272, 8.6
2025-03-29 11:06:55,-99.9393,37.7780, 785.5, 2049, 16.0, -6.5, -5.8, 21, 21, 3.00,272, 8.5
2025-03-29 11:06:56,-99.9392,37.7780, 784.9, 2055, 16.0, -6.5, -5.8, 21, 21, 2.99,271, 8.5
2025-03-29 11:06:57,-99.9390,37.7780, 784.4, 2061, 15.9, -6.5, -5.8, 21, 21, 3.00,271, 8.4
2025-03-29 11:06:58,-99.9389,37.7780, 783.8, 2067, 15.9, -6.5, -5.8, 21, 21, 2.99,270, 8.4
2025-03-29 11:06:59,-99.9388,37.7780, 783.1, 2074, 15.9, -6.6, -5.8, 21, 21, 2.99,270, 8.3
2025-03-29 11:07:00,-99.9387,37.7780, 782.5, 2081, 15.8, -6.6, -5.9, 21, 21, 2.98,269, 8.3
2025-03-29 11:07:01,-99.9386,37.7780, 782.0, 2087, 15.8, -6.6, -5.9, 21, 21, 2.98,268, 8.2
2025-03-29 11:07:02,-99.9385,37.7780, 781.4, 2092, 15.7, -6.6, -5.9, 21, 21, 2.98,268, 8.2
2025-03-29 11:07:03,-99.9385,37.7780, 781.0, 2098, 15.7, -6.7, -5.9, 21, 21, 2.97,267, 8.1
2025-03-29 11:07:04,-99.9384,37.7780, 780.5, 2103, 15.6, -6.7, -6.0, 21, 21, 2.96,266, 8.1
2025-03-29 11:07:05,-99.9383,37.7780, 779.9, 2109, 15.6, -6.7, -6.0, 21, 21, 2.97,266, 8.1
2025-03-29 11:07:06,-99.9382,37.7780, 779.4, 2115, 15.6, -6.7, -6.0, 21, 21, 2.97,265, 8.1
2025-03-29 11:07:07,-99.9381,37.7780, 778.7, 2122, 15.5, -6.8, -6.0, 21, 21, 2.96,264, 8.1
2025-03-29 11:07:08,-99.9380,37.7780, 778.1, 2129, 15.5, -6.8, -6.1, 21, 21, 2.95,263, 8.1
2025-03-29 11:07:09,-99.9379,37.7780, 777.4, 2136, 15.4, -6.9, -6.1, 21, 21, 2.94,262, 8.0
2025-03-29 11:07:10,-99.9378,37.7780, 776.8, 2143, 15.4, -6.9, -6.1, 21, 21, 2.94,261, 8.0
2025-03-29 11:07:11,-99.9378,37.7781, 776.2, 2149, 15.3, -6.9, -6.1, 21, 21, 2.94,260, 8.1
2025-03-29 11:07:12,-99.9377,37.7781, 775.7, 2155, 15.3, -6.9, -6.2, 21, 21, 2.93,259, 8.1
2025-03-29 11:07:13,-99.9376,37.7781, 775.2, 2160, 15.2, -7.0, -6.2, 21, 21, 2.93,258, 8.1
2025-03-29 11:07:14,-99.9375,37.7782, 774.8, 2165, 15.2, -7.0, -6.2, 21, 21, 2.93,257, 8.1
2025-03-29 11:07:15,-99.9374,37.7782, 774.2, 2171, 15.2, -6.9, -6.2, 21, 21, 2.94,256, 8.2
2025-03-29 11:07:16,-99.9373,37.7782, 773.7, 2177, 15.1, -6.9, -6.2, 21, 21, 2.94,255, 8.2
2025-03-29 11:07:17,-99.9372,37.7782, 773.1, 2184, 15.0, -7.0, -6.2, 21, 21, 2.93,254, 8.3
2025-03-29 11:07:18,-99.9371,37.7782, 772.5, 2190, 15.0, -7.0, -6.2, 21, 21, 2.92,253, 8.3
2025-03-29 11:07:19,-99.9371,37.7782, 771.9, 2196, 14.9, -7.0, -6.2, 21, 21, 2.92,252, 8.4
2025-03-29 11:07:20,-99.9370,37.7783, 771.4, 2202, 14.9, -7.0, -6.2, 21, 21, 2.93,251, 8.5
2025-03-29 11:07:21,-99.9369,37.7783, 770.8, 2208, 14.8, -7.1, -6.3, 21, 21, 2.92,249, 8.6
2025-03-29 11:07:22,-99.9368,37.7783, 770.3, 2214, 14.8, -7.1, -6.3, 21, 21, 2.92,248, 8.7
2025-03-29 11:07:23,-99.9367,37.7784, 769.7, 2220, 14.8, -7.2, -6.4, 21, 21, 2.90,247, 8.8
2025-03-29 11:07:24,-99.9366,37.7784, 769.1, 2227, 14.8, -7.3, -6.5, 21, 21, 2.88,246, 8.9
2025-03-29 11:07:25,-99.9365,37.7784, 768.5, 2233, 14.8, -7.3, -6.5, 21, 21, 2.87,245, 9.0
2025-03-29 11:07:26,-99.9365,37.7784, 768.0, 2239, 14.8, -7.4, -6.6, 21, 21, 2.86,244, 9.1
2025-03-29 11:07:27,-99.9364,37.7785, 767.4, 2245, 14.7, -7.4, -6.6, 21, 21, 2.85,243, 9.2
2025-03-29 11:07:28,-99.9363,37.7786, 766.9, 2251, 14.7, -7.5, -6.6, 21, 21, 2.85,243, 9.4
2025-03-29 11:07:29,-99.9361,37.7786, 766.4, 2257, 14.6, -7.5, -6.7, 21, 21, 2.83,242, 9.5
2025-03-29 11:07:30,-99.9360,37.7787, 765.8, 2263, 14.7, -7.6, -6.7, 21, 21, 2.82,241, 9.6
2025-03-29 11:07:31,-99.9359,37.7788, 765.3, 2269, 14.7, -7.6, -6.8, 21, 21, 2.82,240, 9.7
2025-03-29 11:07:32,-99.9358,37.7788, 764.8, 2275, 14.7, -7.6, -6.7, 21, 21, 2.83,240, 9.8
2025-03-29 11:07:33,-99.9357,37.7789, 764.2, 2281, 14.6, -7.6, -6.7, 21, 21, 2.83,239, 9.9
2025-03-29 11:07:34,-99.9356,37.7790, 763.7, 2287, 14.6, -7.6, -6.7, 21, 21, 2.83,239,10.0
2025-03-29 11:07:35,-99.9355,37.7790, 763.1, 2293, 14.5, -7.6, -6.7, 21, 21, 2.84,238,10.1
2025-03-29 11:07:36,-99.9353,37.7790, 762.5, 2300, 14.4, -7.6, -6.8, 21, 21, 2.83,238,10.2
2025-03-29 11:07:37,-99.9353,37.7791, 761.8, 2307, 14.4, -7.7, -6.8, 21, 21, 2.82,237,10.2
2025-03-29 11:07:38,-99.9352,37.7791, 761.2, 2314, 14.3, -7.7, -6.9, 21, 21, 2.81,237,10.3
2025-03-29 11:07:39,-99.9351,37.7792, 760.6, 2321, 14.3, -7.8, -6.9, 21, 21, 2.80,237,10.4
2025-03-29 11:07:40,-99.9350,37.7793, 760.1, 2327, 14.3, -7.8, -6.9, 21, 21, 2.80,237,10.5
2025-03-29 11:07:41,-99.9349,37.7794, 759.5, 2333, 14.2, -7.8, -6.9, 21, 21, 2.80,236,10.5
2025-03-29 11:07:42,-99.9348,37.7794, 759.0, 2339, 14.2, -7.8, -6.9, 21, 21, 2.81,236,10.6
2025-03-29 11:07:43,-99.9347,37.7794, 758.4, 2345, 14.1, -7.8, -6.9, 21, 21, 2.80,236,10.6
2025-03-29 11:07:44,-99.9346,37.7794, 757.9, 2351, 14.1, -7.8, -7.0, 21, 21, 2.80,236,10.7
2025-03-29 11:07:45,-99.9345,37.7795, 757.3, 2357, 14.0, -7.9, -7.0, 21, 21, 2.80,235,10.7
2025-03-29 11:07:46,-99.9344,37.7795, 756.8, 2363, 14.0, -7.9, -7.0, 21, 21, 2.80,235,10.8
2025-03-29 11:07:47,-99.9344,37.7796, 756.2, 2370, 13.9, -7.9, -7.0, 21, 21, 2.79,235,10.8
2025-03-29 11:07:48,-99.9343,37.7797, 755.6, 2376, 13.9, -7.9, -7.0, 21, 21, 2.79,235,10.9
2025-03-29 11:07:49,-99.9342,37.7798, 755.0, 2383, 13.8, -7.9, -7.1, 21, 21, 2.79,235,10.9
2025-03-29 11:07:50,-99.9340,37.7798, 754.4, 2390, 13.8, -8.0, -7.1, 21, 21, 2.79,235,11.0
2025-03-29 11:07:51,-99.9339,37.7799, 753.9, 2396, 13.7, -8.0, -7.1, 21, 21, 2.78,235,11.0
2025-03-29 11:07:52,-99.9338,37.7799, 753.5, 2400, 13.7, -8.0, -7.1, 21, 21, 2.78,234,11.1
2025-03-29 11:07:53,-99.9337,37.7799, 753.1, 2404, 13.6, -8.0, -7.1, 21, 21, 2.77,234,11.1
2025-03-29 11:07:54,-99.9336,37.7799, 752.8, 2408, 13.6, -8.0, -7.1, 22, 22, 2.77,234,11.2
2025-03-29 11:07:55,-99.9336,37.7800, 752.3, 2413, 13.5, -8.0, -7.1, 22, 22, 2.77,234,11.2
2025-03-29 11:07:56,-99.9335,37.7801, 751.8, 2419, 13.5, -8.1, -7.1, 22, 22, 2.77,234,11.3
2025-03-29 11:07:57,-99.9334,37.7802, 751.3, 2425, 13.4, -8.1, -7.2, 22, 22, 2.77,234,11.3
2025-03-29 11:07:58,-99.9332,37.7803, 750.7, 2431, 13.4, -8.1, -7.2, 22, 22, 2.77,234,11.4
2025-03-29 11:07:59,-99.9331,37.7804, 750.2, 2436, 13.3, -8.1, -7.2, 22, 22, 2.77,234,11.5
2025-03-29 11:08:00,-99.9330,37.7804, 749.8, 2441, 13.3, -8.1, -7.2, 22, 22, 2.77,234,11.5
2025-03-29 11:08:01,-99.9329,37.7804, 749.3, 2446, 13.2, -8.1, -7.2, 22, 22, 2.78,233,11.6
2025-03-29 11:08:02,-99.9328,37.7805, 748.9, 2451, 13.2, -8.1, -7.2, 22, 22, 2.78,233,11.7
2025-03-29 11:08:03,-99.9327,37.7805, 748.5, 2456, 13.1, -8.1, -7.2, 22, 22, 2.78,233,11.7
2025-03-29 11:08:04,-99.9326,37.7806, 748.0, 2461, 13.1, -8.2, -7.2, 22, 22, 2.76,233,11.8
2025-03-29 11:08:05,-99.9325,37.7807, 747.4, 2468, 13.1, -8.2, -7.3, 22, 22, 2.75,233,11.9
2025-03-29 11:08:06,-99.9324,37.7808, 746.8, 2475, 13.1, -8.3, -7.4, 22, 22, 2.74,233,11.9
2025-03-29 11:08:07,-99.9322,37.7809, 746.1, 2482, 13.1, -8.4, -7.4, 22, 22, 2.73,233,12.0
2025-03-29 11:08:08,-99.9321,37.7809, 745.5, 2489, 13.0, -8.4, -7.5, 22, 22, 2.72,233,12.1
2025-03-29 11:08:09,-99.9320,37.7809, 744.9, 2496, 13.0, -8.4, -7.5, 22, 22, 2.72,233,12.2
2025-03-29 11:08:10,-99.9319,37.7810, 744.3, 2503, 13.0, -8.5, -7.5, 22, 22, 2.71,233,12.2
2025-03-29 11:08:11,-99.9319,37.7811, 743.7, 2510, 13.0, -8.5, -7.5, 22, 22, 2.71,233,12.3
2025-03-29 11:08:12,-99.9318,37.7812, 743.1, 2517, 12.9, -8.5, -7.6, 22, 22, 2.71,232,12.4
2025-03-29 11:08:13,-99.9317,37.7812, 742.5, 2523, 12.8, -8.6, -7.6, 22, 22, 2.70,232,12.5
2025-03-29 11:08:14,-99.9315,37.7813, 742.0, 2529, 12.8, -8.6, -7.6, 22, 22, 2.70,232,12.6
2025-03-29 11:08:15,-99.9314,37.7814, 741.4, 2535, 12.8, -8.6, -7.6, 22, 22, 2.70,232,12.6
2025-03-29 11:08:16,-99.9312,37.7814, 740.9, 2541, 12.7, -8.6, -7.7, 22, 22, 2.69,232,12.7
2025-03-29 11:08:17,-99.9311,37.7815, 740.4, 2547, 12.7, -8.6, -7.7, 22, 22, 2.69,232,12.8
2025-03-29 11:08:18,-99.9309,37.7816, 739.9, 2553, 12.6, -8.6, -7.7, 22, 22, 2.70,232,12.9
2025-03-29 11:08:19,-99.9308,37.7816, 739.4, 2558, 12.6, -8.6, -7.6, 22, 22, 2.70,231,13.0
2025-03-29 11:08:20,-99.9307,37.7817, 739.0, 2563, 12.5, -8.6, -7.7, 22, 22, 2.70,231,13.1
2025-03-29 11:08:21,-99.9307,37.7818, 738.5, 2568, 12.5, -8.7, -7.7, 22, 22, 2.69,231,13.2
2025-03-29 11:08:22,-99.9306,37.7818, 738.1, 2574, 12.4, -8.7, -7.7, 22, 22, 2.68,231,13.3
2025-03-29 11:08:23,-99.9305,37.7819, 737.6, 2579, 12.4, -8.7, -7.8, 22, 22, 2.68,231,13.4
2025-03-29 11:08:24,-99.9304,37.7820, 737.1, 2584, 12.4, -8.7, -7.7, 22, 22, 2.69,231,13.5
2025-03-29 11:08:25,-99.9302,37.7822, 736.6, 2590, 12.3, -8.7, -7.7, 22, 22, 2.69,231,13.6
2025-03-29 11:08:26,-99.9301,37.7822, 736.1, 2596, 12.2, -8.8, -7.8, 22, 22, 2.68,230,13.7
2025-03-29 11:08:27,-99.9299,37.7823, 735.7, 2601, 12.2, -8.8, -7.8, 22, 22, 2.68,230,13.8
2025-03-29 11:08:28,-99.9298,37.7824, 735.2, 2606, 12.1, -8.8, -7.8, 22, 22, 2.67,230,14.0
2025-03-29 11:08:29,-99.9296,37.7824, 734.8, 2611, 12.1, -8.8, -7.8, 22, 22, 2.67,230,14.1
2025-03-29 11:08:30,-99.9295,37.7825, 734.3, 2616, 12.1, -8.8, -7.8, 22, 22, 2.67,230,14.2
2025-03-29 11:08:31,-99.9295,37.7826, 733.8, 2622, 12.0, -8.9, -7.9, 22, 22, 2.67,230,14.3
2025-03-29 11:08:32,-99.9294,37.7827, 733.3, 2628, 12.0, -8.9, -7.9, 22, 22, 2.67,230,14.4
2025-03-29 11:08:33,-99.9293,37.7828, 732.9, 2633, 11.9, -8.9, -7.9, 22, 22, 2.66,230,14.5
2025-03-29 11:08:34,-99.9291,37.7829, 732.4, 2638, 11.9, -8.9, -7.9, 22, 22, 2.66,230,14.6
2025-03-29 11:08:35,-99.9290,37.7830, 732.0, 2642, 11.8, -8.9, -7.9, 23, 23, 2.67,230,14.7
2025-03-29 11:08:36,-99.9289,37.7831, 731.6, 2647, 11.8, -8.9, -7.9, 23, 23, 2.67,231,14.8
2025-03-29 11:08:37,-99.9287,37.7833, 731.2, 2652, 11.8, -8.9, -7.9, 23, 23, 2.67,231,14.9
2025-03-29 11:08:38,-99.9286,37.7834, 730.8, 2656, 11.7, -8.9, -7.9, 23, 23, 2.67,231,15.0
2025-03-29 11:08:39,-99.9284,37.7835, 730.4, 2661, 11.7, -8.9, -7.9, 23, 23, 2.67,231,15.1
2025-03-29 11:08:40,-99.9283,37.7835, 729.9, 2666, 11.7, -8.9, -7.9, 23, 23, 2.68,231,15.1
2025-03-29 11:08:41,-99.9281,37.7836, 729.5, 2672, 11.6, -8.9, -7.9, 23, 23, 2.68,231,15.2
2025-03-29 11:08:42,-99.9280,37.7837, 729.0, 2677, 11.6, -8.9, -7.9, 23, 23, 2.68,231,15.3
2025-03-29 11:08:43,-99.9278,37.7837, 728.5, 2683, 11.6, -8.9, -7.9, 23, 23, 2.68,231,15.4
2025-03-29 11:08:44,-99.9277,37.7837, 728.0, 2688, 11.5, -8.9, -7.9, 23, 23, 2.68,232,15.4
2025-03-29 11:08:45,-99.9275,37.7838, 727.5, 2694, 11.5, -8.9, -7.9, 23, 23, 2.68,232,15.5
2025-03-29 11:08:46,-99.9274,37.7839, 727.1, 2699, 11.4, -8.9, -7.9, 23, 23, 2.68,232,15.5
2025-03-29 11:08:47,-99.9272,37.7840, 726.6, 2704, 11.4, -9.0, -8.0, 23, 23, 2.68,232,15.6
2025-03-29 11:08:48,-99.9270,37.7841, 726.2, 2709, 11.3, -8.9, -7.9, 23, 23, 2.68,232,15.7
2025-03-29 11:08:49,-99.9269,37.7842, 725.7, 2715, 11.3, -8.9, -7.9, 23, 23, 2.69,232,15.7
2025-03-29 11:08:50,-99.9268,37.7843, 725.1, 2721, 11.2, -8.9, -7.9, 23, 23, 2.69,232,15.8
2025-03-29 11:08:51,-99.9267,37.7844, 724.6, 2727, 11.2, -8.9, -7.9, 24, 24, 2.69,232,15.8
2025-03-29 11:08:52,-99.9266,37.7845, 724.1, 2733, 11.1, -9.0, -8.0, 24, 24, 2.68,232,15.9
2025-03-29 11:08:53,-99.9265,37.7846, 723.6, 2739, 11.1, -9.0, -8.0, 24, 24, 2.68,232,15.9
2025-03-29 11:08:54,-99.9263,37.7846, 723.1, 2744, 11.0, -9.0, -8.0, 24, 24, 2.68,231,16.0
2025-03-29 11:08:55,-99.9262,37.7847, 722.6, 2750, 11.0, -9.0, -8.0, 24, 24, 2.68,231,16.0
2025-03-29 11:08:56,-99.9260,37.7848, 722.2, 2755, 10.9, -9.0, -8.0, 24, 24, 2.68,231,16.1
2025-03-29 11:08:57,-99.9258,37.7848, 721.7, 2761, 10.8, -9.0, -8.0, 24, 24, 2.68,231,16.1
2025-03-29 11:08:58,-99.9257,37.7850, 721.2, 2766, 10.8, -9.0, -8.0, 24, 24, 2.68,231,16.2
2025-03-29 11:08:59,-99.9255,37.7851, 720.7, 2772, 10.8, -9.0, -8.0, 24, 24, 2.68,231,16.3
2025-03-29 11:09:00,-99.9254,37.7852, 720.2, 2778, 10.7, -9.0, -8.0, 24, 24, 2.69,231,16.3
2025-03-29 11:09:01,-99.9253,37.7853, 719.8, 2783, 10.7, -9.0, -8.0, 24, 24, 2.69,230,16.4
2025-03-29 11:09:02,-99.9252,37.7854, 719.3, 2789, 10.7, -9.0, -8.0, 24, 24, 2.69,230,16.4
2025-03-29 11:09:03,-99.9251,37.7855, 718.8, 2794, 10.6, -9.0, -8.0, 24, 24, 2.69,230,16.5
2025-03-29 11:09:04,-99.9249,37.7856, 718.3, 2800, 10.6, -9.0, -8.0, 24, 24, 2.69,230,16.6
2025-03-29 11:09:05,-99.9247,37.7856, 717.8, 2805, 10.5, -9.1, -8.1, 24, 24, 2.68,230,16.7
2025-03-29 11:09:06,-99.9245,37.7858, 717.3, 2811, 10.5, -9.0, -8.0, 24, 24, 2.69,230,16.7
2025-03-29 11:09:07,-99.9244,37.7859, 716.8, 2817, 10.5, -9.0, -8.0, 24, 24, 2.70,229,16.8
2025-03-29 11:09:08,-99.9242,37.7860, 716.3, 2823, 10.4, -9.0, -8.0, 25, 25, 2.71,229,16.9
2025-03-29 11:09:09,-99.9241,37.7861, 715.8, 2829, 10.4, -9.0, -8.0, 25, 25, 2.71,229,17.0
2025-03-29 11:09:10,-99.9240,37.7863, 715.3, 2834, 10.3, -9.0, -8.0, 25, 25, 2.71,229,17.0
2025-03-29 11:09:11,-99.9239,37.7863, 714.8, 2840, 10.3, -9.0, -8.0, 25, 25, 2.72,229,17.1
2025-03-29 11:09:12,-99.9237,37.7864, 714.4, 2846, 10.3, -9.0, -8.0, 25, 25, 2.72,229,17.2
2025-03-29 11:09:13,-99.9236,37.7865, 713.9, 2852, 10.2, -9.0, -8.0, 25, 25, 2.72,229,17.3
2025-03-29 11:09:14,-99.9234,37.7866, 713.4, 2857, 10.2, -9.0, -8.0, 25, 25, 2.72,229,17.3
2025-03-29 11:09:15,-99.9232,37.7867, 712.9, 2863, 10.1, -9.0, -8.0, 25, 25, 2.73,229,17.4
2025-03-29 11:09:16,-99.9230,37.7868, 712.3, 2869, 10.1, -9.0, -8.0, 25, 25, 2.73,228,17.5
2025-03-29 11:09:17,-99.9229,37.7869, 711.8, 2876, 10.1, -9.0, -8.0, 25, 25, 2.72,228,17.5
2025-03-29 11:09:18,-99.9228,37.7870, 711.2, 2883, 10.0, -9.0, -8.0, 25, 25, 2.72,228,17.6
2025-03-29 11:09:19,-99.9227,37.7871, 710.6, 2889, 10.0, -9.1, -8.1, 25, 25, 2.71,228,17.6
2025-03-29 11:09:20,-99.9226,37.7872, 710.0, 2896, 10.0, -9.1, -8.1, 25, 25, 2.71,228,17.7
2025-03-29 11:09:21,-99.9224,37.7873, 709.5, 2903,  9.9, -9.1, -8.0, 25, 25, 2.72,228,17.8
2025-03-29 11:09:22,-99.9222,37.7874, 708.9, 2909,  9.9, -9.0, -8.0, 26, 26, 2.74,228,17.8
2025-03-29 11:09:23,-99.9220,37.7876, 708.4, 2916,  9.8, -8.9, -7.9, 26, 26, 2.76,228,17.9
2025-03-29 11:09:24,-99.9218,37.7877, 707.9, 2921,  9.7, -8.9, -7.9, 26, 26, 2.77,228,17.9
2025-03-29 11:09:25,-99.9217,37.7879, 707.5, 2926,  9.7, -8.8, -7.8, 26, 26, 2.77,228,18.0
2025-03-29 11:09:26,-99.9215,37.7880, 707.1, 2930,  9.7, -8.8, -7.8, 26, 26, 2.78,228,18.0
2025-03-29 11:09:27,-99.9214,37.7881, 706.8, 2934,  9.7, -8.8, -7.8, 26, 26, 2.78,228,18.0
2025-03-29 11:09:28,-99.9213,37.7882, 706.4, 2938,  9.6, -8.9, -7.9, 26, 26, 2.77,228,18.1
2025-03-29 11:09:29,-99.9212,37.7883, 706.0, 2943,  9.6, -8.9, -7.9, 26, 26, 2.77,228,18.1
2025-03-29 11:09:30,-99.9211,37.7884, 705.6, 2948,  9.5, -8.9, -7.9, 26, 26, 2.77,228,18.1
2025-03-29 11:09:31,-99.9209,37.7885, 705.2, 2953,  9.5, -8.8, -7.9, 27, 27, 2.78,228,18.2
2025-03-29 11:09:32,-99.9207,37.7886, 704.7, 2959,  9.4, -8.8, -7.8, 27, 27, 2.79,228,18.2
2025-03-29 11:09:33,-99.9205,37.7887, 704.1, 2966,  9.4, -8.8, -7.8, 27, 27, 2.79,228,18.2
2025-03-29 11:09:34,-99.9203,37.7888, 703.5, 2973,  9.3, -8.8, -7.8, 27, 27, 2.80,228,18.2
2025-03-29 11:09:35,-99.9202,37.7890, 702.9, 2980,  9.2, -8.8, -7.8, 27, 27, 2.81,228,18.3
2025-03-29 11:09:36,-99.9200,37.7891, 702.2, 2988,  9.2, -8.8, -7.8, 27, 27, 2.81,228,18.3
2025-03-29 11:09:37,-99.9199,37.7891, 701.5, 2996,  9.1, -8.8, -7.8, 27, 27, 2.80,228,18.3
2025-03-29 11:09:37,-99.9199,37.7892, 700.9, 3004,  9.1, -8.9, -7.9, 27, 27, 2.78,228,18.3
2025-03-29 11:09:38,-99.9198,37.7893, 700.3, 3010,  9.0, -9.1, -8.1, 27, 27, 2.75,228,18.3
2025-03-29 11:09:39,-99.9196,37.7893, 700.0, 3014,  9.0, -9.2, -8.2, 27, 27, 2.72,228,18.3
2025-03-29 11:09:40,-99.9194,37.7894, 699.8, 3016,  9.0, -9.3, -8.3, 26, 26, 2.70,228,18.3
2025-03-29 11:09:41,-99.9192,37.7895, 699.5, 3020,  8.9, -9.4, -8.4, 26, 26, 2.68,228,18.2
2025-03-29 11:09:42,-99.9190,37.7896, 699.2, 3024,  8.9, -9.4, -8.4, 26, 26, 2.68,228,18.2
2025-03-29 11:09:43,-99.9188,37.7897, 698.9, 3028,  8.9, -9.5, -8.4, 26, 26, 2.67,228,18.2
2025-03-29 11:09:44,-99.9187,37.7899, 698.5, 3032,  8.8, -9.5, -8.4, 26, 26, 2.67,228,18.2
2025-03-29 11:09:45,-99.9185,37.7900, 698.0, 3037,  8.8, -9.5, -8.5, 26, 26, 2.66,228,18.1
2025-03-29 11:09:46,-99.9184,37.7902, 697.6, 3042,  8.7, -9.6, -8.5, 26, 26, 2.65,228,18.1
2025-03-29 11:09:47,-99.9183,37.7903, 697.2, 3047,  8.7, -9.6, -8.6, 26, 26, 2.64,228,18.0
2025-03-29 11:09:48,-99.9181,37.7904, 696.9, 3051,  8.7, -9.7, -8.6, 26, 26, 2.64,229,18.0
2025-03-29 11:09:49,-99.9180,37.7906, 696.6, 3055,  8.6, -9.7, -8.6, 26, 26, 2.63,229,17.9
2025-03-29 11:09:50,-99.9179,37.7907, 696.2, 3059,  8.6, -9.7, -8.6, 26, 26, 2.63,229,17.9
2025-03-29 11:09:51,-99.9178,37.7908, 695.9, 3063,  8.5, -9.7, -8.6, 26, 26, 2.63,229,17.8
2025-03-29 11:09:52,-99.9176,37.7909, 695.5, 3068,  8.5, -9.7, -8.6, 26, 26, 2.63,229,17.8
2025-03-29 11:09:53,-99.9174,37.7909, 695.0, 3073,  8.5, -9.7, -8.6, 26, 26, 2.63,229,17.8
2025-03-29 11:09:54,-99.9173,37.7910, 694.6, 3079,  8.4, -9.7, -8.7, 27, 27, 2.63,229,17.7
2025-03-29 11:09:55,-99.9171,37.7911, 694.1, 3084,  8.3, -9.7, -8.6, 27, 27, 2.64,229,17.7
2025-03-29 11:09:56,-99.9170,37.7912, 693.8, 3088,  8.3, -9.7, -8.6, 27, 27, 2.65,229,17.6
2025-03-29 11:09:57,-99.9168,37.7913, 693.5, 3091,  8.3, -9.7, -8.6, 27, 27, 2.65,229,17.6
2025-03-29 11:09:58,-99.9167,37.7914, 693.2, 3095,  8.2, -9.7, -8.6, 27, 27, 2.65,229,17.6
2025-03-29 11:09:59,-99.9165,37.7915, 692.9, 3098,  8.2, -9.8, -8.7, 27, 27, 2.64,229,17.5
2025-03-29 11:10:00,-99.9164,37.7916, 692.6, 3102,  8.2, -9.8, -8.7, 27, 27, 2.63,229,17.5
2025-03-29 11:10:01,-99.9162,37.7917, 692.3, 3106,  8.1, -9.8, -8.8, 27, 27, 2.62,229,17.5
2025-03-29 11:10:02,-99.9160,37.7918, 691.9, 3110,  8.1, -9.9, -8.8, 27, 27, 2.60,229,17.5
2025-03-29 11:10:03,-99.9159,37.7919, 691.5, 3115,  8.1,-10.0, -8.9, 27, 27, 2.58,229,17.5
2025-03-29 11:10:04,-99.9158,37.7920, 691.0, 3121,  8.0,-10.1, -8.9, 27, 27, 2.58,229,17.6
2025-03-29 11:10:05,-99.9157,37.7921, 690.6, 3126,  8.0,-10.0, -8.9, 27, 27, 2.58,229,17.6
2025-03-29 11:10:06,-99.9156,37.7922, 690.2, 3131,  7.9,-10.0, -8.9, 27, 27, 2.59,229,17.6
2025-03-29 11:10:07,-99.9154,37.7923, 689.9, 3134,  7.9,-10.0, -8.9, 27, 27, 2.59,229,17.7
2025-03-29 11:10:08,-99.9153,37.7924, 689.7, 3137,  7.8,-10.0, -8.9, 27, 27, 2.59,229,17.7
2025-03-29 11:10:09,-99.9151,37.7925, 689.4, 3141,  7.8,-10.1, -8.9, 27, 27, 2.59,229,17.8
2025-03-29 11:10:10,-99.9149,37.7926, 689.0, 3145,  7.8,-10.1, -9.0, 27, 27, 2.58,229,17.9
2025-03-29 11:10:11,-99.9147,37.7927, 688.5, 3150,  7.7,-10.2, -9.0, 27, 27, 2.56,229,17.9
2025-03-29 11:10:12,-99.9145,37.7928, 688.1, 3156,  7.7,-10.2, -9.1, 27, 27, 2.56,229,18.0
2025-03-29 11:10:13,-99.9144,37.7929, 687.5, 3162,  7.6,-10.2, -9.1, 27, 27, 2.55,229,18.1
2025-03-29 11:10:14,-99.9142,37.7931, 687.0, 3169,  7.5,-10.2, -9.1, 27, 27, 2.56,229,18.2
2025-03-29 11:10:15,-99.9141,37.7932, 686.4, 3176,  7.5,-10.3, -9.1, 27, 27, 2.56,228,18.3
2025-03-29 11:10:16,-99.9140,37.7933, 685.8, 3183,  7.4,-10.2, -9.1, 27, 27, 2.56,228,18.3
2025-03-29 11:10:17,-99.9138,37.7934, 685.2, 3190,  7.4,-10.2, -9.1, 27, 27, 2.57,228,18.4
2025-03-29 11:10:18,-99.9136,37.7935, 684.6, 3198,  7.3,-10.2, -9.1, 28, 28, 2.58,228,18.5
2025-03-29 11:10:19,-99.9135,37.7937, 684.0, 3204,  7.3,-10.2, -9.0, 28, 28, 2.58,228,18.6
2025-03-29 11:10:20,-99.9133,37.7938, 683.5, 3211,  7.2,-10.1, -9.0, 28, 28, 2.59,228,18.6
2025-03-29 11:10:21,-99.9131,37.7939, 682.9, 3218,  7.1,-10.1, -9.0, 28, 28, 2.60,228,18.7
2025-03-29 11:10:22,-99.9130,37.7940, 682.3, 3225,  7.0,-10.1, -9.0, 28, 28, 2.60,228,18.8
2025-03-29 11:10:23,-99.9129,37.7941, 681.7, 3232,  7.0,-10.1, -9.0, 28, 28, 2.61,228,18.8
2025-03-29 11:10:24,-99.9127,37.7942, 681.2, 3239,  6.9,-10.0, -8.9, 29, 29, 2.62,228,18.9
2025-03-29 11:10:25,-99.9125,37.7943, 680.7, 3245,  6.9,-10.0, -8.9, 29, 29, 2.62,228,18.9
2025-03-29 11:10:26,-99.9123,37.7944, 680.2, 3251,  6.8,-10.1, -8.9, 29, 29, 2.62,228,18.9
2025-03-29 11:10:27,-99.9121,37.7946, 679.8, 3256,  6.8,-10.1, -9.0, 29, 29, 2.62,228,19.0
2025-03-29 11:10:28,-99.9120,37.7947, 679.3, 3261,  6.7,-10.1, -9.0, 29, 29, 2.62,228,19.0
2025-03-29 11:10:29,-99.9118,37.7948, 678.9, 3266,  6.7,-10.0, -8.9, 29, 29, 2.63,228,19.0
2025-03-29 11:10:30,-99.9117,37.7950, 678.5, 3272,  6.6,-10.0, -8.9, 29, 29, 2.64,229,19.0
2025-03-29 11:10:31,-99.9116,37.7951, 678.0, 3277,  6.6,-10.0, -8.9, 30, 30, 2.64,229,19.0
2025-03-29 11:10:32,-99.9114,37.7951, 677.6, 3282,  6.5, -9.9, -8.8, 30, 30, 2.65,229,19.0
2025-03-29 11:10:33,-99.9112,37.7952, 677.2, 3286,  6.5, -9.9, -8.8, 30, 30, 2.66,229,19.0
2025-03-29 11:10:34,-99.9110,37.7953, 676.8, 3291,  6.4, -9.9, -8.8, 30, 30, 2.66,229,19.0
2025-03-29 11:10:35,-99.9108,37.7955, 676.4, 3297,  6.4, -9.9, -8.8, 30, 30, 2.66,229,18.9
2025-03-29 11:10:36,-99.9107,37.7956, 675.9, 3302,  6.3, -9.9, -8.8, 30, 30, 2.67,230,18.9
2025-03-29 11:10:37,-99.9105,37.7957, 675.4, 3308,  6.3, -9.9, -8.8, 30, 30, 2.68,230,18.9
2025-03-29 11:10:38,-99.9104,37.7959, 675.0, 3314,  6.2, -9.9, -8.8, 31, 31, 2.68,230,18.9
2025-03-29 11:10:39,-99.9103,37.7960, 674.5, 3320,  6.2, -9.9, -8.8, 31, 31, 2.68,230,18.9
2025-03-29 11:10:40,-99.9101,37.7961, 674.0, 3325,  6.1, -9.9, -8.8, 31, 31, 2.68,230,18.9
2025-03-29 11:10:41,-99.9099,37.7962, 673.6, 3331,  6.1, -9.9, -8.8, 31, 31, 2.68,230,18.9
2025-03-29 11:10:42,-99.9097,37.7963, 673.1, 3337,  6.0, -9.9, -8.8, 31, 31, 2.69,231,18.9
2025-03-29 11:10:43,-99.9095,37.7964, 672.6, 3343,  5.9, -9.9, -8.8, 31, 31, 2.68,231,18.9
2025-03-29 11:10:44,-99.9093,37.7965, 672.1, 3348,  5.9,-10.0, -8.9, 31, 31, 2.67,231,18.9
2025-03-29 11:10:45,-99.9092,37.7965, 671.7, 3353,  5.8,-10.0, -8.9, 31, 31, 2.67,231,18.9
2025-03-29 11:10:46,-99.9090,37.7966, 671.3, 3358,  5.8,-10.0, -8.9, 31, 31, 2.67,231,18.9
2025-03-29 11:10:47,-99.9089,37.7967, 671.0, 3362,  5.8,-10.1, -8.9, 31, 31, 2.66,231,18.9
2025-03-29 11:10:48,-99.9087,37.7968, 670.6, 3367,  5.7,-10.2, -9.0, 31, 31, 2.64,231,18.9
2025-03-29 11:10:49,-99.9086,37.7968, 670.3, 3371,  5.7,-10.3, -9.1, 31, 31, 2.61,231,19.0
2025-03-29 11:10:50,-99.9084,37.7969, 670.0, 3375,  5.7,-10.4, -9.2, 30, 30, 2.59,231,19.0
2025-03-29 11:10:51,-99.9082,37.7970, 669.6, 3379,  5.6,-10.4, -9.3, 30, 30, 2.59,231,19.1
2025-03-29 11:10:52,-99.9080,37.7972, 669.2, 3384,  5.6,-10.4, -9.3, 30, 30, 2.58,231,19.1
2025-03-29 11:10:53,-99.9078,37.7973, 668.8, 3390,  5.6,-10.5, -9.4, 30, 30, 2.57,231,19.2
2025-03-29 11:10:54,-99.9077,37.7974, 668.3, 3396,  5.5,-10.6, -9.5, 30, 30, 2.55,230,19.2
2025-03-29 11:10:55,-99.9075,37.7976, 667.7, 3402,  5.5,-10.8, -9.6, 30, 30, 2.53,230,19.3
2025-03-29 11:10:56,-99.9074,37.7977, 667.2, 3409,  5.4,-10.8, -9.6, 30, 30, 2.51,230,19.3
2025-03-29 11:10:57,-99.9072,37.7978, 666.6, 3416,  5.3,-10.9, -9.7, 30, 30, 2.50,230,19.4
2025-03-29 11:10:58,-99.9070,37.7980, 666.0, 3424,  5.3,-10.9, -9.7, 30, 30, 2.50,230,19.4
2025-03-29 11:10:59,-99.9068,37.7981, 665.4, 3431,  5.2,-11.0, -9.8, 30, 30, 2.49,229,19.5
2025-03-29 11:11:00,-99.9067,37.7983, 664.8, 3437,  5.1,-11.0, -9.8, 30, 30, 2.48,229,19.5
2025-03-29 11:11:01,-99.9065,37.7984, 664.4, 3443,  5.1,-11.1, -9.9, 30, 30, 2.47,229,19.6
2025-03-29 11:11:02,-99.9063,37.7985, 663.9, 3449,  5.0,-11.1, -9.9, 30, 30, 2.48,229,19.6
2025-03-29 11:11:03,-99.9061,37.7986, 663.4, 3455,  5.0,-11.1, -9.9, 30, 30, 2.48,228,19.7
2025-03-29 11:11:04,-99.9060,37.7987, 663.0, 3461,  4.9,-11.1, -9.9, 30, 30, 2.47,228,19.7
2025-03-29 11:11:05,-99.9057,37.7988, 662.5, 3466,  4.9,-11.2,-10.0, 30, 30, 2.45,228,19.8
2025-03-29 11:11:06,-99.9055,37.7989, 662.0, 3472,  4.8,-11.2,-10.0, 30, 30, 2.45,228,19.8
2025-03-29 11:11:07,-99.9054,37.7990, 661.6, 3478,  4.8,-11.3,-10.0, 30, 30, 2.45,227,19.8
2025-03-29 11:11:08,-99.9052,37.7991, 661.1, 3484,  4.7,-11.3,-10.1, 30, 30, 2.44,227,19.9
2025-03-29 11:11:09,-99.9051,37.7993, 660.6, 3490,  4.7,-11.3,-10.1, 30, 30, 2.44,227,19.9
2025-03-29 11:11:10,-99.9050,37.7994, 660.1, 3495,  4.6,-11.4,-10.1, 30, 30, 2.43,227,19.9
2025-03-29 11:11:11,-99.9049,37.7995, 659.7, 3501,  4.6,-11.4,-10.2, 30, 30, 2.42,226,19.9
2025-03-29 11:11:12,-99.9048,37.7996, 659.3, 3506,  4.5,-11.4,-10.2, 30, 30, 2.42,226,19.9
2025-03-29 11:11:13,-99.9046,37.7998, 658.9, 3511,  4.5,-11.4,-10.2, 30, 30, 2.43,226,19.9
2025-03-29 11:11:14,-99.9045,37.7999, 658.5, 3515,  4.4,-11.4,-10.2, 31, 31, 2.43,226,19.9
2025-03-29 11:11:15,-99.9043,37.8001, 658.1, 3520,  4.4,-11.5,-10.2, 31, 31, 2.42,226,20.0
2025-03-29 11:11:16,-99.9041,37.8002, 657.7, 3525,  4.3,-11.5,-10.2, 31, 31, 2.41,226,20.0
2025-03-29 11:11:17,-99.9039,37.8004, 657.4, 3530,  4.3,-11.5,-10.3, 31, 31, 2.41,226,20.0
2025-03-29 11:11:18,-99.9037,37.8005, 657.0, 3535,  4.3,-11.5,-10.3, 31, 31, 2.41,225,19.9
2025-03-29 11:11:19,-99.9035,37.8006, 656.5, 3540,  4.2,-11.5,-10.3, 31, 31, 2.42,225,19.9
2025-03-29 11:11:20,-99.9033,37.8007, 656.0, 3546,  4.2,-11.5,-10.3, 31, 31, 2.42,225,19.9
2025-03-29 11:11:21,-99.9032,37.8008, 655.6, 3552,  4.1,-11.6,-10.3, 31, 31, 2.41,225,19.9
2025-03-29 11:11:22,-99.9030,37.8009, 655.1, 3558,  4.1,-11.6,-10.3, 31, 31, 2.41,225,19.9
2025-03-29 11:11:23,-99.9029,37.8010, 654.6, 3564,  4.0,-11.6,-10.3, 31, 31, 2.41,225,19.9
2025-03-29 11:11:24,-99.9028,37.8012, 654.1, 3570,  4.0,-11.6,-10.3, 31, 31, 2.41,225,19.9
2025-03-29 11:11:25,-99.9027,37.8013, 653.7, 3575,  3.9,-11.6,-10.3, 31, 31, 2.41,225,19.9
2025-03-29 11:11:26,-99.9025,37.8014, 653.3, 3580,  3.9,-11.6,-10.3, 31, 31, 2.42,225,19.8
2025-03-29 11:11:27,-99.9024,37.8016, 653.0, 3584,  3.9,-11.6,-10.3, 31, 31, 2.42,225,19.8
2025-03-29 11:11:28,-99.9022,37.8017, 652.5, 3589,  3.8,-11.6,-10.3, 32, 32, 2.42,225,19.8
2025-03-29 11:11:29,-99.9020,37.8019, 652.1, 3595,  3.8,-11.6,-10.3, 32, 32, 2.43,225,19.8
2025-03-29 11:11:30,-99.9018,37.8020, 651.7, 3600,  3.7,-11.5,-10.3, 32, 32, 2.43,225,19.7
2025-03-29 11:11:31,-99.9016,37.8021, 651.2, 3606,  3.7,-11.5,-10.3, 32, 32, 2.43,225,19.7
2025-03-29 11:11:32,-99.9014,37.8022, 650.8, 3611,  3.6,-11.5,-10.3, 32, 32, 2.43,225,19.6
2025-03-29 11:11:33,-99.9013,37.8023, 650.4, 3616,  3.6,-11.6,-10.3, 32, 32, 2.43,225,19.6
2025-03-29 11:11:34,-99.9012,37.8024, 650.0, 3621,  3.5,-11.6,-10.3, 32, 32, 2.43,224,19.6
2025-03-29 11:11:35,-99.9010,37.8025, 649.6, 3626,  3.5,-11.6,-10.3, 32, 32, 2.43,224,19.5
2025-03-29 11:11:36,-99.9009,37.8027, 649.2, 3631,  3.5,-11.6,-10.3, 32, 32, 2.42,224,19.5
2025-03-29 11:11:37,-99.9008,37.8028, 648.8, 3636,  3.4,-11.6,-10.4, 32, 32, 2.42,224,19.4
2025-03-29 11:11:38,-99.9006,37.8030, 648.4, 3641,  3.4,-11.7,-10.4, 32, 32, 2.42,224,19.4
2025-03-29 11:11:39,-99.9005,37.8032, 648.0, 3646,  3.3,-11.7,-10.4, 32, 32, 2.42,224,19.3
2025-03-29 11:11:40,-99.9003,37.8033, 647.6, 3651,  3.3,-11.7,-10.4, 32, 32, 2.42,224,19.3
2025-03-29 11:11:41,-99.9001,37.8034, 647.2, 3656,  3.3,-11.7,-10.4, 33, 33, 2.42,224,19.2
2025-03-29 11:11:42,-99.8999,37.8035, 646.7, 3662,  3.2,-11.7,-10.4, 33, 33, 2.43,224,19.2
2025-03-29 11:11:43,-99.8998,37.8036, 646.2, 3668,  3.2,-11.6,-10.3, 33, 33, 2.43,224,19.1
2025-03-29 11:11:44,-99.8996,37.8037, 645.7, 3675,  3.1,-11.6,-10.3, 33, 33, 2.44,223,19.1
2025-03-29 11:11:45,-99.8995,37.8038, 645.2, 3681,  3.1,-11.6,-10.3, 33, 33, 2.44,223,19.0
2025-03-29 11:11:46,-99.8994,37.8040, 644.7, 3688,  3.0,-11.6,-10.3, 33, 33, 2.44,223,19.0
2025-03-29 11:11:47,-99.8993,37.8041, 644.2, 3693,  3.0,-11.6,-10.3, 33, 33, 2.45,223,18.9
2025-03-29 11:11:48,-99.8992,37.8042, 643.8, 3699,  2.9,-11.6,-10.4, 33, 33, 2.44,223,18.9
2025-03-29 11:11:49,-99.8991,37.8044, 643.5, 3703,  2.9,-11.7,-10.4, 33, 33, 2.43,223,18.9
2025-03-29 11:11:50,-99.8989,37.8045, 643.2, 3707,  2.9,-11.7,-10.4, 33, 33, 2.43,223,18.8
2025-03-29 11:11:51,-99.8988,37.8046, 642.8, 3711,  2.8,-11.7,-10.4, 33, 33, 2.43,223,18.8
2025-03-29 11:11:52,-99.8986,37.8047, 642.4, 3716,  2.8,-11.8,-10.5, 33, 33, 2.43,223,18.8
2025-03-29 11:11:53,-99.8984,37.8048, 642.0, 3721,  2.7,-11.8,-10.5, 33, 33, 2.42,223,18.7
2025-03-29 11:11:54,-99.8983,37.8049, 641.6, 3727,  2.7,-11.8,-10.5, 33, 33, 2.42,223,18.7
2025-03-29 11:11:55,-99.8981,37.8051, 641.1, 3732,  2.7,-11.8,-10.5, 34, 34, 2.42,222,18.7
2025-03-29 11:11:56,-99.8980,37.8052, 640.7, 3738,  2.6,-11.8,-10.5, 34, 34, 2.42,222,18.7
2025-03-29 11:11:57,-99.8978,37.8054, 640.2, 3744,  2.6,-11.8,-10.5, 34, 34, 2.42,222,18.7
2025-03-29 11:11:58,-99.8977,37.8055, 639.8, 3750,  2.5,-11.9,-10.6, 34, 34, 2.41,222,18.7
2025-03-29 11:11:59,-99.8976,37.8057, 639.3, 3755,  2.5,-11.9,-10.6, 34, 34, 2.41,222,18.6
2025-03-29 11:12:00,-99.8975,37.8058, 638.9, 3760,  2.4,-11.9,-10.6, 34, 34, 2.41,222,18.6
2025-03-29 11:12:01,-99.8974,37.8059, 638.5, 3766,  2.4,-11.9,-10.6, 34, 34, 2.41,222,18.6
2025-03-29 11:12:02,-99.8972,37.8060, 638.1, 3771,  2.3,-11.9,-10.6, 34, 34, 2.41,222,18.6
2025-03-29 11:12:03,-99.8971,37.8060, 637.7, 3776,  2.3,-11.9,-10.6, 34, 34, 2.41,222,18.6
2025-03-29 11:12:04,-99.8969,37.8061, 637.3, 3781,  2.2,-11.9,-10.6, 34, 34, 2.42,222,18.6
2025-03-29 11:12:05,-99.8967,37.8063, 636.9, 3785,  2.2,-11.9,-10.6, 34, 34, 2.42,222,18.6
2025-03-29 11:12:06,-99.8966,37.8064, 636.5, 3790,  2.2,-11.9,-10.6, 35, 35, 2.42,222,18.6
2025-03-29 11:12:07,-99.8964,37.8066, 636.1, 3796,  2.1,-11.9,-10.6, 35, 35, 2.42,222,18.6
2025-03-29 11:12:08,-99.8963,37.8067, 635.7, 3801,  2.1,-11.9,-10.6, 35, 35, 2.43,222,18.6
2025-03-29 11:12:09,-99.8961,37.8069, 635.2, 3807,  2.0,-11.9,-10.6, 35, 35, 2.43,222,18.6
2025-03-29 11:12:10,-99.8961,37.8070, 634.7, 3813,  2.0,-11.8,-10.5, 35, 35, 2.44,222,18.6
2025-03-29 11:12:11,-99.8959,37.8071, 634.3, 3819,  1.9,-11.8,-10.5, 35, 35, 2.44,222,18.6
2025-03-29 11:12:12,-99.8958,37.8072, 633.9, 3824,  1.9,-11.9,-10.6, 35, 35, 2.43,222,18.6
2025-03-29 11:12:13,-99.8957,37.8073, 633.4, 3830,  1.8,-11.9,-10.6, 35, 35, 2.43,222,18.6
2025-03-29 11:12:14,-99.8955,37.8074, 633.0, 3835,  1.8,-11.9,-10.6, 35, 35, 2.43,222,18.6
2025-03-29 11:12:15,-99.8953,37.8075, 632.6, 3840,  1.7,-12.0,-10.7, 35, 35, 2.42,222,18.6
2025-03-29 11:12:16,-99.8951,37.8076, 632.2, 3846,  1.7,-12.0,-10.7, 35, 35, 2.41,222,18.6
2025-03-29 11:12:17,-99.8950,37.8078, 631.8, 3851,  1.6,-12.0,-10.7, 35, 35, 2.41,222,18.6
2025-03-29 11:12:18,-99.8948,37.8079, 631.3, 3857,  1.6,-12.0,-10.7, 36, 36, 2.41,222,18.6
2025-03-29 11:12:19,-99.8947,37.8081, 630.9, 3863,  1.5,-12.1,-10.8, 36, 36, 2.40,222,18.6
2025-03-29 11:12:20,-99.8946,37.8083, 630.5, 3868,  1.5,-12.1,-10.8, 36, 36, 2.40,222,18.6
2025-03-29 11:12:21,-99.8945,37.8084, 630.1, 3872,  1.4,-12.1,-10.8, 36, 36, 2.39,222,18.6
2025-03-29 11:12:22,-99.8943,37.8086, 629.8, 3876,  1.4,-12.1,-10.8, 36, 36, 2.40,221,18.6
2025-03-29 11:12:23,-99.8942,37.8087, 629.5, 3880,  1.3,-12.1,-10.8, 36, 36, 2.40,221,18.6
2025-03-29 11:12:24,-99.8941,37.8088, 629.1, 3885,  1.3,-12.1,-10.8, 36, 36, 2.40,221,18.6
2025-03-29 11:12:25,-99.8940,37.8089, 628.8, 3890,  1.2,-12.2,-10.8, 36, 36, 2.40,221,18.6
2025-03-29 11:12:26,-99.8939,37.8090, 628.4, 3895,  1.2,-12.2,-10.9, 36, 36, 2.39,221,18.6
2025-03-29 11:12:27,-99.8937,37.8091, 627.9, 3900,  1.2,-12.2,-10.8, 36, 36, 2.40,221,18.6
2025-03-29 11:12:28,-99.8936,37.8092, 627.5, 3905,  1.1,-12.1,-10.8, 37, 37, 2.41,221,18.6
2025-03-29 11:12:29,-99.8934,37.8093, 627.1, 3911,  1.1,-12.1,-10.7, 37, 37, 2.42,221,18.6
2025-03-29 11:12:30,-99.8933,37.8094, 626.6, 3917,  1.0,-12.0,-10.7, 37, 37, 2.43,221,18.6
2025-03-29 11:12:31,-99.8931,37.8095, 626.2, 3923,  0.9,-12.0,-10.7, 37, 37, 2.43,221,18.6
2025-03-29 11:12:32,-99.8929,37.8096, 625.6, 3930,  0.9,-12.0,-10.7, 38, 38, 2.44,221,18.6
2025-03-29 11:12:33,-99.8928,37.8097, 625.1, 3937,  0.8,-12.0,-10.7, 38, 38, 2.45,221,18.6
2025-03-29 11:12:34,-99.8926,37.8099, 624.5, 3945,  0.7,-11.9,-10.6, 38, 38, 2.46,221,18.6
2025-03-29 11:12:35,-99.8925,37.8100, 623.9, 3952,  0.7,-12.0,-10.6, 38, 38, 2.46,221,18.6
2025-03-29 11:12:36,-99.8924,37.8102, 623.3, 3960,  0.6,-12.0,-10.7, 38, 38, 2.45,221,18.6
2025-03-29 11:12:37,-99.8923,37.8103, 622.7, 3967,  0.5,-12.0,-10.7, 39, 39, 2.45,221,18.6
2025-03-29 11:12:38,-99.8922,37.8105, 622.2, 3974,  0.5,-12.0,-10.7, 39, 39, 2.46,221,18.6
2025-03-29 11:12:39,-99.8920,37.8107, 621.7, 3981,  0.4,-12.0,-10.6, 39, 39, 2.46,221,18.6
2025-03-29 11:12:40,-99.8919,37.8108, 621.2, 3987,  0.3,-12.0,-10.7, 39, 39, 2.46,221,18.6
2025-03-29 11:12:41,-99.8917,37.8109, 620.7, 3993,  0.3,-12.1,-10.8, 39, 39, 2.44,221,18.5
2025-03-29 11:12:42,-99.8915,37.8111, 620.3, 3998,  0.2,-12.2,-10.9, 39, 39, 2.42,221,18.5
2025-03-29 11:12:43,-99.8914,37.8112, 620.0, 4003,  0.2,-12.2,-10.9, 39, 39, 2.42,221,18.5
2025-03-29 11:12:44,-99.8913,37.8114, 619.7, 4006,  0.1,-12.2,-10.9, 39, 39, 2.43,221,18.5
2025-03-29 11:12:45,-99.8911,37.8115, 619.3, 4011,  0.1,-12.1,-10.8, 39, 39, 2.44,221,18.5
2025-03-29 11:12:46,-99.8910,37.8116, 618.9, 4016,  0.1,-12.0,-10.7, 40, 40, 2.47,221,18.4
2025-03-29 11:12:47,-99.8909,37.8117, 618.5, 4021, -0.0,-11.9,-10.6, 40, 40, 2.49,221,18.4
2025-03-29 11:12:48,-99.8908,37.8117, 618.1, 4027, -0.1,-11.8,-10.5, 41, 41, 2.51,221,18.4
2025-03-29 11:12:49,-99.8907,37.8118, 617.7, 4032, -0.1,-11.7,-10.4, 41, 41, 2.53,221,18.4
2025-03-29 11:12:50,-99.8906,37.8119, 617.4, 4036, -0.2,-11.7,-10.4, 41, 41, 2.53,221,18.4
2025-03-29 11:12:51,-99.8905,37.8120, 617.0, 4041, -0.2,-11.7,-10.4, 41, 42, 2.53,221,18.3
2025-03-29 11:12:52,-99.8903,37.8121, 616.7, 4045, -0.2,-11.8,-10.5, 42, 42, 2.53,221,18.3
2025-03-29 11:12:53,-99.8901,37.8123, 616.3, 4050, -0.3,-11.7,-10.4, 42, 42, 2.53,221,18.3
2025-03-29 11:12:54,-99.8900,37.8124, 615.9, 4056, -0.3,-11.8,-10.5, 42, 42, 2.53,221,18.2
2025-03-29 11:12:55,-99.8898,37.8125, 615.5, 4061, -0.4,-11.8,-10.5, 42, 42, 2.53,221,18.2
2025-03-29 11:12:56,-99.8896,37.8127, 615.0, 4067, -0.4,-11.8,-10.5, 42, 42, 2.53,221,18.2
2025-03-29 11:12:57,-99.8895,37.8128, 614.6, 4072, -0.5,-11.7,-10.4, 42, 43, 2.54,221,18.2
2025-03-29 11:12:58,-99.8893,37.8130, 614.2, 4077, -0.5,-11.7,-10.4, 43, 43, 2.54,221,18.1
2025-03-29 11:12:59,-99.8892,37.8131, 613.9, 4082, -0.6,-11.7,-10.4, 43, 43, 2.54,221,18.1
2025-03-29 11:13:00,-99.8891,37.8132, 613.6, 4086, -0.6,-11.7,-10.4, 43, 43, 2.55,221,18.1
2025-03-29 11:13:01,-99.8890,37.8133, 613.2, 4090, -0.6,-11.7,-10.4, 43, 43, 2.55,221,18.0
2025-03-29 11:13:02,-99.8889,37.8135, 612.9, 4095, -0.7,-11.8,-10.5, 43, 43, 2.54,221,18.0
2025-03-29 11:13:03,-99.8888,37.8136, 612.5, 4100, -0.7,-11.8,-10.5, 43, 43, 2.53,221,18.0
2025-03-29 11:13:04,-99.8887,37.8137, 612.1, 4104, -0.8,-11.8,-10.5, 43, 43, 2.53,221,17.9
2025-03-29 11:13:05,-99.8885,37.8139, 611.8, 4109, -0.8,-11.8,-10.5, 43, 44, 2.54,220,17.9
2025-03-29 11:13:06,-99.8884,37.8140, 611.4, 4114, -0.9,-11.8,-10.5, 43, 44, 2.54,220,17.8
2025-03-29 11:13:07,-99.8882,37.8141, 611.0, 4119, -0.9,-11.8,-10.5, 43, 44, 2.54,220,17.7
2025-03-29 11:13:08,-99.8881,37.8143, 610.6, 4125, -1.0,-11.8,-10.5, 44, 44, 2.54,220,17.7
2025-03-29 11:13:09,-99.8880,37.8143, 610.0, 4132, -1.0,-11.8,-10.5, 44, 44, 2.54,220,17.6
2025-03-29 11:13:10,-99.8879,37.8144, 609.4, 4140, -1.1,-11.8,-10.5, 44, 44, 2.54,220,17.5
2025-03-29 11:13:11,-99.8877,37.8145, 608.8, 4147, -1.2,-11.9,-10.6, 44, 45, 2.53,220,17.5
2025-03-29 11:13:12,-99.8876,37.8146, 608.3, 4154, -1.2,-12.0,-10.7, 44, 44, 2.51,220,17.4
2025-03-29 11:13:13,-99.8874,37.8147, 607.8, 4161, -1.3,-12.0,-10.7, 44, 44, 2.51,220,17.3
2025-03-29 11:13:14,-99.8873,37.8149, 607.3, 4167, -1.3,-12.0,-10.7, 44, 45, 2.52,220,17.3
2025-03-29 11:13:15,-99.8871,37.8150, 606.9, 4173, -1.4,-12.0,-10.7, 44, 45, 2.52,220,17.2
2025-03-29 11:13:16,-99.8870,37.8152, 606.5, 4178, -1.5,-12.0,-10.7, 44, 45, 2.51,220,17.1
2025-03-29 11:13:17,-99.8869,37.8153, 606.0, 4184, -1.5,-12.0,-10.7, 45, 45, 2.51,220,17.0
2025-03-29 11:13:18,-99.8868,37.8154, 605.5, 4191, -1.6,-12.0,-10.7, 45, 45, 2.52,220,17.0
2025-03-29 11:13:19,-99.8868,37.8155, 605.1, 4197, -1.6,-12.0,-10.7, 45, 46, 2.52,220,16.9
2025-03-29 11:13:20,-99.8867,37.8156, 604.6, 4203, -1.7,-12.0,-10.7, 45, 46, 2.52,221,16.8
2025-03-29 11:13:21,-99.8866,37.8157, 604.2, 4208, -1.7,-12.1,-10.8, 45, 46, 2.51,221,16.8
2025-03-29 11:13:22,-99.8865,37.8158, 603.9, 4213, -1.8,-12.1,-10.8, 45, 46, 2.51,221,16.7
2025-03-29 11:13:23,-99.8864,37.8159, 603.6, 4217, -1.8,-12.1,-10.8, 45, 46, 2.51,221,16.7
2025-03-29 11:13:24,-99.8863,37.8160, 603.3, 4221, -1.8,-12.1,-10.8, 45, 46, 2.51,221,16.7
2025-03-29 11:13:25,-99.8861,37.8162, 602.9, 4225, -1.9,-12.1,-10.8, 46, 46, 2.51,221,16.6
2025-03-29 11:13:26,-99.8860,37.8163, 602.6, 4230, -1.9,-12.1,-10.8, 46, 47, 2.52,221,16.6
2025-03-29 11:13:27,-99.8858,37.8164, 602.2, 4235, -2.0,-12.1,-10.8, 46, 47, 2.52,221,16.6
2025-03-29 11:13:28,-99.8857,37.8165, 601.7, 4241, -2.0,-12.1,-10.7, 46, 47, 2.53,221,16.6
2025-03-29 11:13:29,-99.8855,37.8166, 601.3, 4247, -2.1,-12.0,-10.7, 47, 48, 2.54,221,16.6
2025-03-29 11:13:30,-99.8854,37.8167, 600.8, 4253, -2.2,-12.0,-10.7, 47, 48, 2.54,221,16.6
2025-03-29 11:13:31,-99.8852,37.8168, 600.3, 4260, -2.2,-12.0,-10.7, 47, 48, 2.54,221,16.6
2025-03-29 11:13:32,-99.8851,37.8169, 599.8, 4266, -2.3,-12.1,-10.7, 47, 48, 2.53,221,16.7
2025-03-29 11:13:33,-99.8850,37.8170, 599.3, 4273, -2.3,-12.1,-10.7, 47, 48, 2.53,221,16.7
2025-03-29 11:13:34,-99.8849,37.8171, 598.8, 4280, -2.4,-12.1,-10.7, 47, 49, 2.54,221,16.7
2025-03-29 11:13:35,-99.8848,37.8172, 598.3, 4287, -2.5,-12.1,-10.8, 48, 49, 2.53,221,16.8
2025-03-29 11:13:36,-99.8847,37.8173, 597.8, 4293, -2.5,-12.2,-10.8, 47, 49, 2.52,221,16.8
2025-03-29 11:13:37,-99.8845,37.8174, 597.3, 4300, -2.6,-12.2,-10.9, 47, 49, 2.51,221,16.8
2025-03-29 11:13:38,-99.8844,37.8175, 596.8, 4306, -2.6,-12.3,-10.9, 47, 49, 2.50,221,16.9
2025-03-29 11:13:39,-99.8842,37.8176, 596.4, 4312, -2.7,-12.3,-11.0, 47, 49, 2.49,220,16.9
2025-03-29 11:13:40,-99.8841,37.8177, 596.0, 4317, -2.7,-12.4,-11.1, 47, 48, 2.48,220,16.9
2025-03-29 11:13:41,-99.8839,37.8179, 595.6, 4322, -2.7,-12.6,-11.2, 47, 48, 2.45,220,17.0
2025-03-29 11:13:42,-99.8838,37.8181, 595.2, 4327, -2.7,-12.7,-11.3, 46, 47, 2.42,220,17.0
2025-03-29 11:13:43,-99.8837,37.8182, 594.9, 4332, -2.7,-12.8,-11.4, 46, 47, 2.41,219,17.0
2025-03-29 11:13:44,-99.8836,37.8184, 594.5, 4336, -2.8,-12.8,-11.4, 46, 47, 2.41,219,17.0
2025-03-29 11:13:45,-99.8836,37.8185, 594.2, 4341, -2.8,-12.8,-11.4, 46, 47, 2.41,219,17.1
2025-03-29 11:13:46,-99.8834,37.8186, 593.9, 4345, -2.9,-12.8,-11.4, 46, 48, 2.41,219,17.1
2025-03-29 11:13:47,-99.8833,37.8187, 593.5, 4350, -2.9,-12.8,-11.4, 46, 48, 2.41,218,17.1
2025-03-29 11:13:48,-99.8832,37.8189, 593.2, 4354, -2.9,-12.8,-11.4, 46, 48, 2.41,218,17.1
2025-03-29 11:13:49,-99.8830,37.8190, 592.9, 4358, -3.0,-12.8,-11.4, 47, 48, 2.40,218,17.0
2025-03-29 11:13:50,-99.8829,37.8191, 592.6, 4363, -3.0,-12.9,-11.5, 47, 48, 2.40,218,17.0
2025-03-29 11:13:51,-99.8828,37.8192, 592.2, 4368, -3.0,-12.8,-11.4, 47, 48, 2.41,218,17.0
2025-03-29 11:13:52,-99.8828,37.8193, 591.7, 4374, -3.1,-12.8,-11.4, 47, 49, 2.42,218,17.0
2025-03-29 11:13:53,-99.8827,37.8195, 591.2, 4382, -3.2,-12.8,-11.4, 47, 49, 2.43,218,16.9
2025-03-29 11:13:54,-99.8826,37.8196, 590.6, 4389, -3.2,-12.8,-11.4, 48, 49, 2.42,217,16.9
2025-03-29 11:13:55,-99.8824,37.8197, 590.1, 4396, -3.3,-12.9,-11.5, 48, 49, 2.41,217,16.9
2025-03-29 11:13:56,-99.8823,37.8198, 589.6, 4402, -3.4,-12.9,-11.5, 48, 49, 2.40,217,16.8
2025-03-29 11:13:57,-99.8821,37.8199, 589.2, 4407, -3.4,-13.0,-11.6, 47, 49, 2.39,217,16.8
2025-03-29 11:13:58,-99.8820,37.8201, 588.9, 4411, -3.5,-13.0,-11.6, 47, 49, 2.38,217,16.8
2025-03-29 11:13:59,-99.8819,37.8202, 588.6, 4415, -3.5,-13.1,-11.6, 48, 49, 2.38,217,16.7
2025-03-29 11:14:00,-99.8818,37.8203, 588.3, 4420, -3.5,-13.1,-11.7, 48, 49, 2.38,217,16.7
2025-03-29 11:14:01,-99.8817,37.8204, 587.9, 4425, -3.6,-13.2,-11.8, 47, 49, 2.36,217,16.7
2025-03-29 11:14:02,-99.8816,37.8205, 587.5, 4430, -3.6,-13.3,-11.9, 47, 49, 2.34,217,16.6
2025-03-29 11:14:03,-99.8816,37.8206, 587.1, 4436, -3.6,-13.4,-11.9, 47, 49, 2.32,217,16.6
2025-03-29 11:14:04,-99.8814,37.8207, 586.6, 4442, -3.7,-13.4,-11.9, 47, 49, 2.33,217,16.6
2025-03-29 11:14:05,-99.8813,37.8208, 586.2, 4448, -3.8,-13.3,-11.9, 47, 49, 2.34,217,16.6
2025-03-29 11:14:06,-99.8812,37.8209, 585.8, 4454, -3.8,-13.3,-11.9, 48, 49, 2.34,217,16.5
2025-03-29 11:14:07,-99.8810,37.8210, 585.4, 4459, -3.9,-13.3,-11.9, 48, 50, 2.34,217,16.5
2025-03-29 11:14:08,-99.8809,37.8212, 585.1, 4463, -3.9,-13.3,-11.9, 48, 50, 2.34,217,16.5
2025-03-29 11:14:09,-99.8808,37.8213, 584.7, 4468, -4.0,-13.4,-11.9, 48, 50, 2.34,217,16.5
2025-03-29 11:14:10,-99.8807,37.8214, 584.3, 4474, -4.0,-13.4,-12.0, 48, 50, 2.33,217,16.5
2025-03-29 11:14:11,-99.8806,37.8216, 583.9, 4480, -4.0,-13.5,-12.1, 48, 50, 2.31,216,16.5
2025-03-29 11:14:12,-99.8804,37.8217, 583.4, 4485, -4.1,-13.7,-12.2, 47, 49, 2.29,216,16.5
2025-03-29 11:14:13,-99.8803,37.8218, 583.1, 4490, -4.1,-13.9,-12.4, 46, 48, 2.25,216,16.5
2025-03-29 11:14:14,-99.8802,37.8218, 582.7, 4496, -4.1,-14.1,-12.6, 46, 48, 2.21,216,16.5
2025-03-29 11:14:15,-99.8801,37.8220, 582.3, 4501, -4.1,-14.2,-12.7, 45, 47, 2.19,216,16.5
2025-03-29 11:14:16,-99.8800,37.8221, 581.9, 4506, -4.1,-14.2,-12.7, 45, 47, 2.19,215,16.5
2025-03-29 11:14:17,-99.8799,37.8223, 581.5, 4511, -4.2,-14.2,-12.6, 46, 48, 2.20,215,16.5
2025-03-29 11:14:18,-99.8799,37.8224, 581.1, 4517, -4.3,-14.2,-12.7, 46, 48, 2.20,215,16.5
2025-03-29 11:14:19,-99.8798,37.8226, 580.7, 4523, -4.3,-14.2,-12.7, 46, 48, 2.19,214,16.5
2025-03-29 11:14:20,-99.8796,37.8227, 580.3, 4528, -4.4,-14.3,-12.7, 46, 48, 2.19,214,16.5
2025-03-29 11:14:21,-99.8795,37.8229, 579.9, 4534, -4.4,-14.3,-12.7, 46, 48, 2.19,214,16.5
2025-03-29 11:14:22,-99.8793,37.8230, 579.4, 4539, -4.5,-14.3,-12.8, 46, 48, 2.18,213,16.4
2025-03-29 11:14:23,-99.8792,37.8231, 579.0, 4545, -4.5,-14.4,-12.9, 46, 48, 2.17,213,16.4
2025-03-29 11:14:24,-99.8791,37.8232, 578.7, 4550, -4.5,-14.5,-12.9, 46, 48, 2.16,213,16.4
2025-03-29 11:14:25,-99.8790,37.8233, 578.2, 4556, -4.6,-14.5,-13.0, 46, 48, 2.15,212,16.3
2025-03-29 11:14:26,-99.8789,37.8235, 577.7, 4563, -4.6,-14.6,-13.0, 46, 48, 2.14,212,16.3
2025-03-29 11:14:27,-99.8788,37.8237, 577.2, 4570, -4.7,-14.8,-13.2, 45, 47, 2.11,212,16.2
2025-03-29 11:14:28,-99.8787,37.8238, 576.7, 4577, -4.7,-14.9,-13.3, 45, 47, 2.09,211,16.2
2025-03-29 11:14:29,-99.8787,37.8239, 576.1, 4584, -4.7,-15.0,-13.4, 44, 47, 2.07,211,16.1
2025-03-29 11:14:30,-99.8786,37.8239, 575.6, 4591, -4.8,-15.1,-13.4, 44, 47, 2.07,211,16.1
2025-03-29 11:14:31,-99.8785,37.8240, 575.2, 4597, -4.8,-15.1,-13.5, 44, 47, 2.06,210,16.0
2025-03-29 11:14:32,-99.8785,37.8242, 574.8, 4603, -4.9,-15.1,-13.5, 45, 47, 2.06,210,16.0
2025-03-29 11:14:33,-99.8784,37.8243, 574.4, 4608, -4.9,-15.1,-13.5, 45, 47, 2.06,210,15.9
2025-03-29 11:14:34,-99.8784,37.8244, 574.1, 4613, -5.0,-15.1,-13.5, 45, 47, 2.06,210,15.9
2025-03-29 11:14:35,-99.8783,37.8246, 573.8, 4617, -5.0,-15.2,-13.6, 45, 47, 2.05,209,15.9
2025-03-29 11:14:36,-99.8782,37.8247, 573.5, 4621, -5.0,-15.3,-13.6, 45, 47, 2.04,209,15.9
2025-03-29 11:14:37,-99.8781,37.8248, 573.1, 4626, -5.1,-15.3,-13.6, 45, 47, 2.04,209,15.8
2025-03-29 11:14:38,-99.8780,37.8249, 572.8, 4631, -5.1,-15.3,-13.6, 45, 47, 2.04,209,15.8
2025-03-29 11:14:39,-99.8779,37.8250, 572.4, 4636, -5.2,-15.2,-13.6, 45, 47, 2.05,209,15.8
2025-03-29 11:14:40,-99.8778,37.8251, 571.9, 4642, -5.2,-15.2,-13.6, 45, 48, 2.05,208,15.8
2025-03-29 11:14:41,-99.8778,37.8253, 571.4, 4649, -5.3,-15.2,-13.5, 46, 48, 2.06,208,15.8
2025-03-29 11:14:42,-99.8777,37.8254, 570.9, 4656, -5.3,-15.2,-13.6, 46, 48, 2.06,208,15.8
2025-03-29 11:14:43,-99.8776,37.8255, 570.4, 4663, -5.4,-15.3,-13.7, 46, 48, 2.04,208,15.9
2025-03-29 11:14:44,-99.8775,37.8256, 569.9, 4670, -5.5,-15.4,-13.7, 46, 48, 2.04,208,15.9
2025-03-29 11:14:45,-99.8774,37.8258, 569.3, 4678, -5.5,-15.4,-13.8, 46, 48, 2.03,208,15.9
2025-03-29 11:14:46,-99.8773,37.8259, 568.7, 4686, -5.6,-15.5,-13.8, 46, 48, 2.02,208,16.0
2025-03-29 11:14:47,-99.8772,37.8261, 568.2, 4694, -5.6,-15.6,-13.9, 45, 48, 2.00,208,16.1
2025-03-29 11:14:48,-99.8771,37.8263, 567.7, 4701, -5.7,-15.6,-14.0, 45, 48, 2.00,208,16.1
2025-03-29 11:14:49,-99.8771,37.8264, 567.2, 4707, -5.8,-15.6,-14.0, 46, 48, 2.00,208,16.2
2025-03-29 11:14:50,-99.8770,37.8265, 566.8, 4713, -5.8,-15.7,-14.0, 46, 48, 1.99,208,16.3
2025-03-29 11:14:51,-99.8769,37.8266, 566.3, 4719, -5.9,-15.7,-14.0, 46, 48, 1.99,208,16.4
2025-03-29 11:14:52,-99.8768,37.8267, 565.9, 4726, -5.9,-15.7,-14.1, 46, 49, 1.99,208,16.5
2025-03-29 11:14:53,-99.8767,37.8269, 565.4, 4732, -6.0,-15.8,-14.1, 46, 49, 1.99,208,16.6
2025-03-29 11:14:54,-99.8766,37.8270, 564.8, 4740, -6.0,-15.8,-14.1, 46, 49, 1.99,208,16.7
2025-03-29 11:14:55,-99.8766,37.8271, 564.3, 4747, -6.1,-15.8,-14.1, 46, 49, 1.98,208,16.9
2025-03-29 11:14:56,-99.8765,37.8272, 563.8, 4754, -6.2,-15.9,-14.2, 46, 49, 1.97,208,17.0
2025-03-29 11:14:57,-99.8764,37.8273, 563.4, 4760, -6.2,-16.0,-14.3, 46, 49, 1.96,208,17.1
2025-03-29 11:14:58,-99.8763,37.8274, 563.0, 4765, -6.3,-16.0,-14.3, 46, 49, 1.95,208,17.3
2025-03-29 11:14:59,-99.8762,37.8276, 562.7, 4770, -6.3,-16.0,-14.3, 46, 49, 1.96,208,17.4
2025-03-29 11:15:00,-99.8761,37.8277, 562.3, 4775, -6.3,-16.0,-14.3, 46, 49, 1.96,208,17.5
2025-03-29 11:15:01,-99.8760,37.8278, 561.9, 4781, -6.4,-16.0,-14.3, 46, 49, 1.96,208,17.7
2025-03-29 11:15:02,-99.8759,37.8280, 561.5, 4787, -6.4,-16.1,-14.4, 46, 49, 1.94,208,17.8
2025-03-29 11:15:03,-99.8758,37.8282, 561.1, 4792, -6.5,-16.2,-14.5, 46, 49, 1.93,208,17.9
2025-03-29 11:15:04,-99.8757,37.8284, 560.7, 4797, -6.5,-16.3,-14.5, 46, 49, 1.92,208,18.0
2025-03-29 11:15:05,-99.8756,37.8285, 560.4, 4801, -6.5,-16.3,-14.6, 46, 49, 1.91,208,18.1
2025-03-29 11:15:06,-99.8755,37.8287, 560.1, 4805, -6.5,-16.4,-14.7, 45, 48, 1.90,208,18.2
2025-03-29 11:15:07,-99.8753,37.8289, 559.9, 4809, -6.5,-16.5,-14.7, 45, 48, 1.89,209,18.3
2025-03-29 11:15:08,-99.8752,37.8290, 559.7, 4812, -6.6,-16.5,-14.8, 45, 48, 1.88,209,18.4
2025-03-29 11:15:09,-99.8751,37.8291, 559.4, 4815, -6.6,-16.6,-14.8, 45, 48, 1.88,209,18.5
2025-03-29 11:15:10,-99.8750,37.8293, 559.1, 4819, -6.6,-16.6,-14.8, 45, 48, 1.87,209,18.5
2025-03-29 11:15:11,-99.8749,37.8295, 558.8, 4824, -6.7,-16.6,-14.8, 45, 48, 1.87,209,18.6
2025-03-29 11:15:12,-99.8748,37.8296, 558.5, 4828, -6.7,-16.6,-14.9, 45, 48, 1.87,209,18.6
2025-03-29 11:15:13,-99.8747,37.8298, 558.1, 4834, -6.7,-16.7,-15.0, 45, 48, 1.86,209,18.6
2025-03-29 11:15:14,-99.8746,37.8300, 557.7, 4839, -6.7,-16.9,-15.1, 44, 47, 1.83,209,18.6
2025-03-29 11:15:15,-99.8745,37.8301, 557.3, 4845, -6.7,-17.1,-15.3, 44, 46, 1.81,209,18.6
2025-03-29 11:15:16,-99.8744,37.8303, 557.0, 4850, -6.7,-17.2,-15.4, 43, 46, 1.79,210,18.6
2025-03-29 11:15:17,-99.8743,37.8305, 556.6, 4855, -6.7,-17.3,-15.5, 43, 46, 1.77,210,18.6
2025-03-29 11:15:18,-99.8742,37.8306, 556.3, 4859, -6.8,-17.3,-15.5, 43, 46, 1.77,210,18.5
2025-03-29 11:15:19,-99.8741,37.8308, 555.9, 4865, -6.8,-17.3,-15.5, 43, 46, 1.78,210,18.5
2025-03-29 11:15:20,-99.8741,37.8309, 555.5, 4871, -6.8,-17.2,-15.4, 43, 46, 1.78,211,18.4
2025-03-29 11:15:21,-99.8740,37.8310, 555.0, 4877, -6.9,-17.2,-15.4, 44, 47, 1.80,211,18.4
2025-03-29 11:15:22,-99.8739,37.8311, 554.5, 4884, -6.9,-17.1,-15.3, 44, 47, 1.80,211,18.3
2025-03-29 11:15:23,-99.8737,37.8312, 554.1, 4890, -7.0,-17.2,-15.4, 44, 47, 1.80,211,18.2
2025-03-29 11:15:24,-99.8736,37.8313, 553.7, 4896, -7.0,-17.2,-15.4, 44, 47, 1.80,212,18.2
2025-03-29 11:15:25,-99.8734,37.8314, 553.3, 4901, -7.1,-17.2,-15.4, 44, 47, 1.80,212,18.1
2025-03-29 11:15:26,-99.8733,37.8316, 553.0, 4906, -7.1,-17.2,-15.4, 44, 48, 1.80,212,18.0
2025-03-29 11:15:27,-99.8732,37.8318, 552.6, 4911, -7.2,-17.2,-15.4, 45, 48, 1.80,212,18.0
2025-03-29 11:15:28,-99.8731,37.8319, 552.1, 4918, -7.2,-17.2,-15.4, 45, 48, 1.80,213,17.9
2025-03-29 11:15:29,-99.8730,37.8320, 551.7, 4924, -7.3,-17.2,-15.4, 45, 48, 1.80,213,17.9
2025-03-29 11:15:30,-99.8729,37.8321, 551.2, 4931, -7.4,-17.2,-15.4, 45, 49, 1.80,213,17.8
2025-03-29 11:15:31,-99.8728,37.8322, 550.7, 4938, -7.4,-17.2,-15.4, 45, 49, 1.80,213,17.7
2025-03-29 11:15:32,-99.8727,37.8323, 550.2, 4944, -7.5,-17.3,-15.5, 45, 49, 1.80,214,17.7
2025-03-29 11:15:33,-99.8725,37.8324, 549.8, 4950, -7.6,-17.3,-15.5, 46, 49, 1.80,214,17.7
2025-03-29 11:15:34,-99.8724,37.8326, 549.4, 4956, -7.6,-17.2,-15.4, 46, 50, 1.81,214,17.6
2025-03-29 11:15:35,-99.8722,37.8328, 549.0, 4962, -7.7,-17.2,-15.4, 46, 50, 1.81,214,17.6
2025-03-29 11:15:36,-99.8721,37.8329, 548.6, 4968, -7.7,-17.2,-15.3, 47, 50, 1.82,214,17.6
2025-03-29 11:15:37,-99.8720,37.8331, 548.2, 4973, -7.8,-17.1,-15.3, 47, 51, 1.83,214,17.6
2025-03-29 11:15:38,-99.8720,37.8332, 547.8, 4979, -7.8,-17.1,-15.3, 47, 51, 1.83,214,17.6
2025-03-29 11:15:39,-99.8719,37.8333, 547.4, 4985, -7.9,-17.2,-15.4, 47, 51, 1.82,214,17.6
2025-03-29 11:15:40,-99.8718,37.8334, 547.0, 4990, -7.9,-17.2,-15.4, 47, 51, 1.82,214,17.6
2025-03-29 11:15:41,-99.8717,37.8335, 546.6, 4996, -8.0,-17.2,-15.4, 47, 51, 1.81,214,17.6
2025-03-29 11:15:42,-99.8715,37.8336, 546.2, 5002, -8.0,-17.2,-15.4, 48, 51, 1.81,214,17.7
2025-03-29 11:15:43,-99.8714,37.8337, 545.8, 5008, -8.1,-17.2,-15.4, 48, 52, 1.82,214,17.7
2025-03-29 11:15:44,-99.8713,37.8339, 545.3, 5014, -8.1,-17.1,-15.3, 48, 52, 1.83,214,17.7
2025-03-29 11:15:45,-99.8712,37.8341, 544.8, 5021, -8.2,-17.1,-15.3, 49, 53, 1.85,214,17.8
2025-03-29 11:15:46,-99.8711,37.8342, 544.4, 5028, -8.3,-17.0,-15.2, 50, 54, 1.86,214,17.8
2025-03-29 11:15:47,-99.8710,37.8344, 544.0, 5033, -8.3,-16.8,-15.0, 50, 55, 1.89,214,17.9
2025-03-29 11:15:48,-99.8709,37.8345, 543.7, 5038, -8.4,-16.7,-14.9, 51, 55, 1.91,214,17.9
2025-03-29 11:15:49,-99.8709,37.8346, 543.4, 5042, -8.4,-16.7,-14.9, 51, 56, 1.91,214,18.0
2025-03-29 11:15:50,-99.8707,37.8347, 543.1, 5045, -8.4,-16.7,-14.9, 51, 56, 1.91,214,18.0
2025-03-29 11:15:51,-99.8706,37.8348, 542.9, 5049, -8.5,-16.7,-15.0, 51, 56, 1.91,215,18.1
2025-03-29 11:15:52,-99.8705,37.8350, 542.6, 5053, -8.5,-16.8,-15.0, 51, 56, 1.90,215,18.1
2025-03-29 11:15:53,-99.8703,37.8351, 542.2, 5058, -8.5,-16.8,-15.0, 52, 56, 1.90,215,18.2
2025-03-29 11:15:54,-99.8701,37.8352, 541.9, 5063, -8.6,-16.7,-15.0, 52, 56, 1.91,215,18.2
2025-03-29 11:15:55,-99.8700,37.8354, 541.5, 5069, -8.6,-16.7,-14.9, 52, 57, 1.92,215,18.3
2025-03-29 11:15:56,-99.8699,37.8356, 541.1, 5074, -8.7,-16.7,-14.9, 52, 57, 1.92,215,18.3
2025-03-29 11:15:57,-99.8698,37.8357, 540.8, 5079, -8.7,-16.7,-14.9, 52, 57, 1.92,215,18.4
2025-03-29 11:15:58,-99.8697,37.8359, 540.5, 5083, -8.8,-16.7,-15.0, 53, 57, 1.91,215,18.4
2025-03-29 11:15:59,-99.8696,37.8360, 540.2, 5087, -8.8,-16.8,-15.0, 53, 57, 1.91,215,18.4
2025-03-29 11:16:00,-99.8695,37.8361, 539.9, 5091, -8.9,-16.8,-15.0, 53, 57, 1.91,215,18.4
2025-03-29 11:16:01,-99.8693,37.8362, 539.6, 5096, -8.9,-16.8,-15.0, 53, 57, 1.90,214,18.5
2025-03-29 11:16:02,-99.8692,37.8363, 539.3, 5100, -8.9,-16.8,-15.0, 53, 58, 1.91,214,18.5
2025-03-29 11:16:03,-99.8691,37.8365, 539.0, 5105, -9.0,-16.8,-15.0, 53, 58, 1.91,214,18.5
2025-03-29 11:16:04,-99.8689,37.8366, 538.6, 5111, -9.0,-16.8,-15.0, 53, 58, 1.91,214,18.4
2025-03-29 11:16:05,-99.8688,37.8368, 538.1, 5117, -9.1,-16.8,-15.0, 54, 59, 1.91,214,18.4
2025-03-29 11:16:06,-99.8686,37.8370, 537.7, 5123, -9.1,-16.8,-15.0, 54, 59, 1.91,214,18.4
2025-03-29 11:16:07,-99.8685,37.8371, 537.4, 5128, -9.2,-16.8,-15.1, 54, 59, 1.91,214,18.4
2025-03-29 11:16:08,-99.8684,37.8373, 537.1, 5132, -9.2,-16.9,-15.1, 54, 59, 1.90,214,18.3
2025-03-29 11:16:09,-99.8683,37.8374, 536.8, 5136, -9.2,-16.9,-15.1, 54, 59, 1.90,214,18.2
2025-03-29 11:16:10,-99.8682,37.8375, 536.6, 5140, -9.3,-17.0,-15.2, 54, 59, 1.89,214,18.1
2025-03-29 11:16:11,-99.8681,37.8376, 536.2, 5144, -9.3,-17.0,-15.2, 54, 59, 1.89,214,18.1
2025-03-29 11:16:12,-99.8680,37.8377, 535.9, 5149, -9.3,-17.1,-15.3, 53, 59, 1.88,214,18.0
2025-03-29 11:16:13,-99.8679,37.8379, 535.6, 5153, -9.4,-17.1,-15.3, 53, 58, 1.87,214,17.9
2025-03-29 11:16:14,-99.8678,37.8380, 535.3, 5158, -9.4,-17.2,-15.3, 53, 58, 1.87,215,17.8
2025-03-29 11:16:15,-99.8677,37.8381, 535.0, 5162, -9.4,-17.2,-15.3, 53, 59, 1.87,215,17.7
2025-03-29 11:16:16,-99.8676,37.8383, 534.6, 5168, -9.5,-17.1,-15.3, 54, 59, 1.87,215,17.6
2025-03-29 11:16:17,-99.8675,37.8385, 534.2, 5173, -9.5,-17.2,-15.4, 54, 59, 1.87,215,17.4
2025-03-29 11:16:18,-99.8674,37.8386, 533.8, 5179, -9.6,-17.2,-15.4, 54, 59, 1.86,216,17.3
2025-03-29 11:16:19,-99.8673,37.8387, 533.5, 5184, -9.6,-17.2,-15.4, 54, 59, 1.86,216,17.2
2025-03-29 11:16:20,-99.8672,37.8389, 533.2, 5189, -9.7,-17.2,-15.4, 54, 60, 1.86,216,17.1
2025-03-29 11:16:21,-99.8672,37.8390, 532.9, 5193, -9.7,-17.2,-15.4, 54, 60, 1.86,217,16.9
2025-03-29 11:16:22,-99.8671,37.8391, 532.6, 5197, -9.8,-17.3,-15.5, 54, 60, 1.86,217,16.8
2025-03-29 11:16:23,-99.8670,37.8392, 532.3, 5202, -9.8,-17.3,-15.5, 54, 60, 1.85,218,16.7
2025-03-29 11:16:24,-99.8668,37.8393, 531.9, 5206, -9.8,-17.3,-15.5, 54, 60, 1.85,218,16.6
2025-03-29 11:16:25,-99.8667,37.8394, 531.6, 5212, -9.9,-17.3,-15.5, 54, 60, 1.85,219,16.5
2025-03-29 11:16:26,-99.8665,37.8395, 531.2, 5218, -9.9,-17.3,-15.5, 55, 60, 1.85,219,16.4
2025-03-29 11:16:27,-99.8664,37.8396, 530.8, 5223,-10.0,-17.3,-15.5, 55, 61, 1.85,220,16.4
2025-03-29 11:16:28,-99.8662,37.8397, 530.4, 5228,-10.0,-17.4,-15.5, 55, 61, 1.85,220,16.3
2025-03-29 11:16:29,-99.8661,37.8398, 530.1, 5233,-10.1,-17.4,-15.5, 55, 61, 1.85,221,16.2
2025-03-29 11:16:30,-99.8659,37.8399, 529.8, 5238,-10.1,-17.4,-15.5, 56, 61, 1.85,221,16.2
2025-03-29 11:16:31,-99.8658,37.8400, 529.4, 5243,-10.2,-17.4,-15.5, 56, 62, 1.85,222,16.1
2025-03-29 11:16:32,-99.8656,37.8400, 529.0, 5249,-10.2,-17.4,-15.6, 56, 62, 1.85,222,16.1
2025-03-29 11:16:33,-99.8655,37.8401, 528.6, 5254,-10.3,-17.4,-15.6, 56, 62, 1.85,222,16.1
2025-03-29 11:16:34,-99.8654,37.8402, 528.3, 5260,-10.3,-17.4,-15.6, 56, 62, 1.85,223,16.0
2025-03-29 11:16:35,-99.8653,37.8403, 527.9, 5265,-10.4,-17.4,-15.5, 56, 62, 1.86,223,16.0
2025-03-29 11:16:36,-99.8652,37.8404, 527.5, 5270,-10.4,-17.3,-15.5, 57, 63, 1.86,223,16.0
2025-03-29 11:16:37,-99.8650,37.8404, 527.2, 5275,-10.4,-17.4,-15.5, 57, 63, 1.86,223,16.0
2025-03-29 11:16:38,-99.8649,37.8406, 526.9, 5280,-10.5,-17.4,-15.6, 57, 63, 1.86,223,16.0
2025-03-29 11:16:39,-99.8647,37.8407, 526.6, 5284,-10.5,-17.4,-15.6, 57, 63, 1.85,223,16.0
2025-03-29 11:16:40,-99.8646,37.8408, 526.2, 5290,-10.6,-17.4,-15.6, 57, 63, 1.86,223,16.0
2025-03-29 11:16:41,-99.8644,37.8410, 525.8, 5296,-10.6,-17.4,-15.6, 57, 64, 1.86,223,16.0
2025-03-29 11:16:42,-99.8643,37.8411, 525.4, 5301,-10.7,-17.4,-15.6, 58, 64, 1.86,223,16.0
2025-03-29 11:16:43,-99.8642,37.8413, 525.1, 5306,-10.8,-17.4,-15.6, 58, 64, 1.86,223,16.0
2025-03-29 11:16:44,-99.8641,37.8414, 524.7, 5311,-10.8,-17.4,-15.6, 58, 65, 1.86,222,16.1
2025-03-29 11:16:45,-99.8640,37.8415, 524.4, 5316,-10.8,-17.5,-15.6, 58, 65, 1.86,222,16.1
2025-03-29 11:16:46,-99.8639,37.8415, 524.1, 5321,-10.9,-17.5,-15.7, 58, 65, 1.85,222,16.1
2025-03-29 11:16:47,-99.8638,37.8416, 523.7, 5326,-10.9,-17.6,-15.7, 58, 65, 1.84,222,16.1
2025-03-29 11:16:48,-99.8637,37.8417, 523.4, 5331,-11.0,-17.6,-15.7, 58, 65, 1.84,221,16.2
2025-03-29 11:16:49,-99.8636,37.8418, 523.1, 5336,-11.0,-17.6,-15.7, 59, 65, 1.84,221,16.2
2025-03-29 11:16:50,-99.8635,37.8419, 522.7, 5341,-11.1,-17.5,-15.7, 59, 66, 1.85,221,16.2
2025-03-29 11:16:51,-99.8634,37.8421, 522.3, 5347,-11.1,-17.5,-15.7, 59, 66, 1.86,221,16.2
2025-03-29 11:16:52,-99.8633,37.8422, 522.0, 5352,-11.2,-17.5,-15.7, 60, 67, 1.86,221,16.2
2025-03-29 11:16:53,-99.8632,37.8424, 521.6, 5357,-11.3,-17.5,-15.7, 60, 67, 1.86,221,16.3
2025-03-29 11:16:54,-99.8631,37.8425, 521.3, 5362,-11.3,-17.5,-15.7, 60, 67, 1.86,221,16.3
2025-03-29 11:16:55,-99.8629,37.8426, 521.1, 5365,-11.3,-17.5,-15.7, 60, 67, 1.86,221,16.3
2025-03-29 11:16:56,-99.8628,37.8428, 520.8, 5369,-11.4,-17.6,-15.7, 60, 67, 1.85,221,16.3
2025-03-29 11:16:57,-99.8626,37.8429, 520.5, 5373,-11.4,-17.6,-15.8, 60, 67, 1.85,221,16.3
2025-03-29 11:16:58,-99.8625,37.8430, 520.3, 5377,-11.4,-17.6,-15.8, 60, 67, 1.84,221,16.3
2025-03-29 11:16:59,-99.8624,37.8431, 520.0, 5381,-11.5,-17.6,-15.8, 60, 68, 1.84,221,16.3
2025-03-29 11:17:00,-99.8623,37.8432, 519.7, 5386,-11.5,-17.6,-15.8, 60, 68, 1.85,221,16.3
2025-03-29 11:17:01,-99.8622,37.8433, 519.3, 5391,-11.6,-17.6,-15.8, 61, 68, 1.85,221,16.4
2025-03-29 11:17:02,-99.8620,37.8433, 519.0, 5396,-11.6,-17.6,-15.8, 61, 68, 1.85,221,16.3
2025-03-29 11:17:03,-99.8619,37.8434, 518.6, 5401,-11.7,-17.6,-15.8, 61, 69, 1.85,221,16.3
2025-03-29 11:17:04,-99.8618,37.8435, 518.4, 5405,-11.7,-17.6,-15.8, 61, 69, 1.85,222,16.3
2025-03-29 11:17:05,-99.8617,37.8436, 518.1, 5409,-11.8,-17.6,-15.8, 62, 69, 1.85,222,16.3
2025-03-29 11:17:06,-99.8615,37.8437, 517.8, 5413,-11.8,-17.6,-15.8, 62, 69, 1.85,222,16.3
2025-03-29 11:17:07,-99.8614,37.8438, 517.5, 5418,-11.8,-17.7,-15.8, 62, 70, 1.85,222,16.3
2025-03-29 11:17:08,-99.8613,37.8440, 517.1, 5424,-11.9,-17.7,-15.8, 62, 70, 1.85,222,16.3
2025-03-29 11:17:09,-99.8612,37.8441, 516.6, 5431,-12.0,-17.7,-15.8, 62, 70, 1.85,222,16.3
2025-03-29 11:17:10,-99.8611,37.8443, 516.1, 5438,-12.0,-17.7,-15.9, 62, 70, 1.84,222,16.3
2025-03-29 11:17:11,-99.8609,37.8444, 515.7, 5445,-12.1,-17.8,-15.9, 63, 71, 1.84,223,16.3
2025-03-29 11:17:12,-99.8608,37.8445, 515.2, 5452,-12.1,-17.7,-15.9, 63, 71, 1.85,223,16.2
2025-03-29 11:17:13,-99.8606,37.8446, 514.8, 5459,-12.2,-17.7,-15.8, 63, 71, 1.85,223,16.2
2025-03-29 11:17:14,-99.8604,37.8447, 514.3, 5465,-12.2,-17.7,-15.9, 64, 72, 1.85,223,16.2
2025-03-29 11:17:15,-99.8603,37.8447, 513.9, 5471,-12.3,-17.8,-15.9, 64, 72, 1.84,223,16.2
2025-03-29 11:17:16,-99.8602,37.8448, 513.6, 5477,-12.4,-17.8,-16.0, 64, 72, 1.84,223,16.2
2025-03-29 11:17:17,-99.8601,37.8449, 513.2, 5482,-12.4,-17.8,-15.9, 64, 72, 1.84,223,16.2
2025-03-29 11:17:18,-99.8600,37.8450, 512.9, 5486,-12.5,-17.8,-15.9, 64, 73, 1.84,223,16.2
2025-03-29 11:17:19,-99.8599,37.8451, 512.6, 5491,-12.5,-17.8,-15.9, 65, 73, 1.84,223,16.2
2025-03-29 11:17:20,-99.8598,37.8452, 512.2, 5497,-12.6,-17.8,-16.0, 65, 73, 1.84,222,16.2
2025-03-29 11:17:21,-99.8597,37.8453, 511.8, 5503,-12.6,-17.8,-16.0, 65, 74, 1.84,222,16.2
2025-03-29 11:17:22,-99.8596,37.8454, 511.3, 5510,-12.7,-17.8,-16.0, 65, 74, 1.85,222,16.2
2025-03-29 11:17:23,-99.8594,37.8455, 510.8, 5517,-12.8,-17.8,-16.0, 66, 75, 1.85,222,16.2
2025-03-29 11:17:24,-99.8592,37.8456, 510.3, 5525,-12.8,-17.9,-16.0, 66, 75, 1.84,222,16.2
2025-03-29 11:17:25,-99.8591,37.8458, 509.9, 5531,-12.9,-17.9,-16.0, 66, 75, 1.84,222,16.2
2025-03-29 11:17:26,-99.8590,37.8459, 509.5, 5537,-13.0,-17.9,-16.0, 66, 76, 1.84,222,16.2
2025-03-29 11:17:27,-99.8589,37.8461, 509.1, 5543,-13.0,-17.9,-16.0, 67, 76, 1.84,222,16.2
2025-03-29 11:17:28,-99.8588,37.8462, 508.7, 5549,-13.1,-17.9,-16.0, 67, 76, 1.85,222,16.3
2025-03-29 11:17:29,-99.8587,37.8463, 508.3, 5555,-13.1,-17.9,-16.0, 67, 77, 1.85,222,16.3
2025-03-29 11:17:30,-99.8586,37.8463, 507.8, 5562,-13.2,-17.9,-16.0, 68, 77, 1.85,222,16.3
2025-03-29 11:17:31,-99.8585,37.8464, 507.4, 5569,-13.3,-17.9,-16.0, 68, 77, 1.84,222,16.4
2025-03-29 11:17:32,-99.8584,37.8465, 507.0, 5575,-13.3,-18.0,-16.1, 68, 78, 1.84,222,16.4
2025-03-29 11:17:33,-99.8583,37.8467, 506.6, 5581,-13.4,-18.0,-16.1, 68, 78, 1.84,222,16.5
2025-03-29 11:17:34,-99.8582,37.8468, 506.2, 5587,-13.4,-18.0,-16.1, 68, 78, 1.84,222,16.5
2025-03-29 11:17:35,-99.8581,37.8469, 505.8, 5593,-13.5,-18.0,-16.1, 69, 78, 1.84,222,16.6
2025-03-29 11:17:36,-99.8579,37.8471, 505.4, 5598,-13.5,-18.0,-16.1, 69, 79, 1.84,222,16.6
2025-03-29 11:17:37,-99.8577,37.8472, 505.0, 5604,-13.6,-18.0,-16.1, 69, 79, 1.84,222,16.6
2025-03-29 11:17:38,-99.8576,37.8473, 504.7, 5609,-13.7,-18.1,-16.2, 69, 79, 1.83,222,16.7
2025-03-29 11:17:39,-99.8574,37.8473, 504.3, 5615,-13.7,-18.1,-16.2, 70, 80, 1.83,222,16.7
2025-03-29 11:17:40,-99.8573,37.8474, 504.0, 5619,-13.8,-18.1,-16.2, 70, 80, 1.83,222,16.7
2025-03-29 11:17:41,-99.8572,37.8475, 503.7, 5625,-13.8,-18.1,-16.2, 70, 80, 1.83,222,16.8
2025-03-29 11:17:42,-99.8570,37.8476, 503.3, 5630,-13.8,-18.1,-16.2, 70, 80, 1.83,222,16.8
2025-03-29 11:17:43,-99.8569,37.8478, 502.9, 5637,-13.9,-18.2,-16.3, 70, 80, 1.82,222,16.8
2025-03-29 11:17:44,-99.8567,37.8479, 502.5, 5643,-13.9,-18.2,-16.3, 70, 80, 1.82,222,16.8
2025-03-29 11:17:45,-99.8565,37.8480, 502.1, 5648,-14.0,-18.3,-16.4, 70, 80, 1.81,222,16.8
2025-03-29 11:17:46,-99.8564,37.8481, 501.9, 5652,-14.0,-18.3,-16.4, 70, 81, 1.81,222,16.8
2025-03-29 11:17:47,-99.8562,37.8482, 501.6, 5656,-14.1,-18.3,-16.4, 70, 81, 1.81,222,16.8
2025-03-29 11:17:48,-99.8561,37.8483, 501.3, 5660,-14.1,-18.3,-16.4, 70, 81, 1.80,221,16.7
2025-03-29 11:17:49,-99.8561,37.8484, 501.0, 5665,-14.1,-18.4,-16.5, 70, 81, 1.80,221,16.7
2025-03-29 11:17:49,-99.8561,37.8484, 500.6, 5671,-14.2,-18.4,-16.5, 70, 81, 1.79,221,16.7
2025-03-29 11:17:50,-99.8560,37.8486, 500.2, 5677,-14.2,-18.5,-16.6, 70, 81, 1.78,221,16.6
2025-03-29 11:17:51,-99.8559,37.8487, 500.0, 5680,-14.2,-18.5,-16.6, 70, 81, 1.78,221,16.6
2025-03-29 11:17:52,-99.8558,37.8488, 499.9, 5682,-14.3,-18.5,-16.6, 70, 81, 1.78,221,16.5
2025-03-29 11:17:53,-99.8557,37.8490, 499.5, 5687,-14.3,-18.5,-16.6, 70, 81, 1.78,221,16.5
2025-03-29 11:17:54,-99.8555,37.8491, 499.2, 5692,-14.4,-18.6,-16.6, 70, 81, 1.78,220,16.4
2025-03-29 11:17:55,-99.8554,37.8492, 498.9, 5697,-14.4,-18.6,-16.6, 70, 81, 1.77,220,16.3
2025-03-29 11:17:56,-99.8553,37.8494, 498.6, 5702,-14.4,-18.6,-16.7, 70, 81, 1.77,220,16.2
2025-03-29 11:17:57,-99.8552,37.8495, 498.3, 5706,-14.5,-18.7,-16.8, 70, 81, 1.75,220,16.1
2025-03-29 11:17:58,-99.8550,37.8496, 498.0, 5711,-14.5,-18.8,-16.9, 70, 80, 1.74,220,16.0
2025-03-29 11:17:59,-99.8549,37.8497, 497.7, 5715,-14.5,-18.9,-16.9, 69, 80, 1.73,220,15.9
2025-03-29 11:18:00,-99.8548,37.8498, 497.4, 5720,-14.6,-18.9,-16.9, 70, 80, 1.73,220,15.7
2025-03-29 11:18:01,-99.8547,37.8498, 497.1, 5724,-14.6,-18.9,-16.9, 70, 81, 1.73,220,15.6
2025-03-29 11:18:02,-99.8546,37.8499, 496.8, 5729,-14.6,-18.9,-16.9, 70, 81, 1.73,219,15.5
2025-03-29 11:18:03,-99.8545,37.8500, 496.5, 5734,-14.7,-18.9,-16.9, 70, 81, 1.73,219,15.4
2025-03-29 11:18:04,-99.8544,37.8501, 496.2, 5739,-14.7,-18.9,-17.0, 70, 81, 1.73,219,15.3
2025-03-29 11:18:05,-99.8543,37.8502, 495.8, 5744,-14.8,-19.0,-17.0, 70, 81, 1.73,219,15.2
2025-03-29 11:18:06,-99.8542,37.8503, 495.5, 5749,-14.8,-19.0,-17.0, 71, 82, 1.73,219,15.1
2025-03-29 11:18:07,-99.8541,37.8505, 495.1, 5755,-14.9,-19.0,-17.0, 71, 82, 1.72,219,15.0
2025-03-29 11:18:08,-99.8540,37.8506, 494.7, 5761,-14.9,-19.1,-17.1, 71, 82, 1.72,219,14.9
2025-03-29 11:18:09,-99.8539,37.8507, 494.4, 5766,-15.0,-19.2,-17.2, 70, 82, 1.70,219,14.8
2025-03-29 11:18:10,-99.8538,37.8508, 494.1, 5770,-15.0,-19.2,-17.2, 70, 81, 1.70,220,14.8
2025-03-29 11:18:11,-99.8537,37.8509, 493.8, 5774,-15.0,-19.2,-17.2, 70, 81, 1.69,220,14.7
2025-03-29 11:18:12,-99.8536,37.8510, 493.5, 5779,-15.0,-19.3,-17.3, 70, 81, 1.69,220,14.6
2025-03-29 11:18:13,-99.8535,37.8511, 493.2, 5785,-15.1,-19.3,-17.3, 70, 82, 1.69,220,14.6
2025-03-29 11:18:14,-99.8534,37.8511, 492.8, 5790,-15.1,-19.3,-17.3, 71, 82, 1.69,220,14.6
2025-03-29 11:18:15,-99.8533,37.8512, 492.4, 5795,-15.2,-19.3,-17.3, 71, 82, 1.69,220,14.6
2025-03-29 11:18:16,-99.8532,37.8512, 492.1, 5800,-15.3,-19.3,-17.3, 71, 83, 1.69,220,14.5
2025-03-29 11:18:17,-99.8531,37.8513, 491.8, 5805,-15.3,-19.3,-17.3, 72, 83, 1.69,220,14.5
2025-03-29 11:18:18,-99.8530,37.8514, 491.5, 5810,-15.4,-19.4,-17.4, 71, 83, 1.68,221,14.5
2025-03-29 11:18:19,-99.8529,37.8515, 491.2, 5815,-15.4,-19.5,-17.5, 70, 82, 1.66,221,14.6
2025-03-29 11:18:20,-99.8528,37.8517, 490.8, 5821,-15.4,-19.8,-17.7, 69, 80, 1.63,221,14.6
2025-03-29 11:18:21,-99.8526,37.8518, 490.4, 5826,-15.3,-20.0,-18.0, 67, 78, 1.59,221,14.6
2025-03-29 11:18:22,-99.8525,37.8519, 490.1, 5832,-15.3,-20.2,-18.1, 66, 77, 1.57,221,14.7
2025-03-29 11:18:23,-99.8525,37.8521, 489.7, 5837,-15.4,-20.3,-18.2, 66, 77, 1.56,221,14.7
2025-03-29 11:18:24,-99.8524,37.8522, 489.4, 5842,-15.4,-20.2,-18.2, 67, 77, 1.57,222,14.7
2025-03-29 11:18:25,-99.8523,37.8522, 489.1, 5848,-15.5,-20.3,-18.2, 67, 78, 1.56,222,14.8
2025-03-29 11:18:26,-99.8522,37.8523, 488.7, 5853,-15.5,-20.4,-18.3, 66, 77, 1.55,222,14.8
2025-03-29 11:18:27,-99.8520,37.8524, 488.3, 5859,-15.5,-20.5,-18.4, 66, 77, 1.54,223,14.9
2025-03-29 11:18:28,-99.8519,37.8525, 487.9, 5866,-15.6,-20.5,-18.4, 66, 77, 1.54,223,14.9
2025-03-29 11:18:29,-99.8518,37.8526, 487.4, 5873,-15.6,-20.4,-18.3, 67, 78, 1.56,223,15.0
2025-03-29 11:18:30,-99.8516,37.8528, 486.9, 5881,-15.7,-20.3,-18.2, 68, 79, 1.57,224,15.1
2025-03-29 11:18:31,-99.8515,37.8529, 486.4, 5889,-15.8,-20.3,-18.2, 68, 80, 1.57,224,15.1
2025-03-29 11:18:32,-99.8513,37.8530, 485.9, 5896,-15.9,-20.4,-18.3, 68, 80, 1.56,224,15.2
2025-03-29 11:18:33,-99.8512,37.8531, 485.4, 5904,-16.0,-20.5,-18.4, 68, 80, 1.55,225,15.3
2025-03-29 11:18:34,-99.8511,37.8531, 485.0, 5911,-16.0,-20.5,-18.4, 68, 80, 1.54,225,15.4
2025-03-29 11:18:35,-99.8510,37.8532, 484.6, 5917,-16.1,-20.6,-18.5, 68, 80, 1.54,226,15.5
2025-03-29 11:18:36,-99.8509,37.8533, 484.2, 5923,-16.2,-20.6,-18.5, 68, 80, 1.53,226,15.6
2025-03-29 11:18:37,-99.8508,37.8534, 483.9, 5928,-16.2,-20.6,-18.5, 69, 81, 1.53,227,15.7
2025-03-29 11:18:38,-99.8507,37.8535, 483.6, 5933,-16.3,-20.6,-18.5, 69, 81, 1.54,227,15.8
2025-03-29 11:18:39,-99.8506,37.8536, 483.3, 5937,-16.3,-20.6,-18.5, 69, 81, 1.53,228,15.9
2025-03-29 11:18:40,-99.8504,37.8537, 483.0, 5942,-16.3,-20.7,-18.5, 69, 81, 1.53,228,16.0
2025-03-29 11:18:41,-99.8503,37.8538, 482.7, 5946,-16.4,-20.6,-18.5, 70, 82, 1.54,229,16.2
2025-03-29 11:18:42,-99.8502,37.8539, 482.4, 5951,-16.4,-20.6,-18.5, 70, 83, 1.55,229,16.3
2025-03-29 11:18:43,-99.8500,37.8539, 482.0, 5956,-16.5,-20.5,-18.4, 71, 84, 1.56,229,16.5
2025-03-29 11:18:44,-99.8498,37.8540, 481.7, 5962,-16.6,-20.5,-18.4, 72, 85, 1.56,230,16.7
2025-03-29 11:18:45,-99.8496,37.8541, 481.4, 5966,-16.6,-20.4,-18.3, 72, 85, 1.57,230,16.8
2025-03-29 11:18:46,-99.8495,37.8542, 481.1, 5971,-16.7,-20.4,-18.3, 73, 85, 1.57,230,17.0
2025-03-29 11:18:47,-99.8493,37.8543, 480.8, 5976,-16.7,-20.4,-18.3, 73, 86, 1.58,231,17.2
2025-03-29 11:18:48,-99.8492,37.8544, 480.4, 5982,-16.8,-20.3,-18.2, 74, 87, 1.58,231,17.4
2025-03-29 11:18:49,-99.8490,37.8546, 480.0, 5988,-16.8,-20.3,-18.2, 75, 88, 1.59,231,17.6
2025-03-29 11:18:50,-99.8489,37.8546, 479.6, 5995,-16.9,-20.3,-18.2, 75, 88, 1.59,231,17.8
2025-03-29 11:18:51,-99.8487,37.8547, 479.2, 6001,-17.0,-20.4,-18.3, 75, 88, 1.58,231,18.0
2025-03-29 11:18:52,-99.8485,37.8548, 478.8, 6007,-17.0,-20.5,-18.4, 74, 88, 1.57,231,18.2
2025-03-29 11:18:53,-99.8483,37.8549, 478.4, 6013,-17.1,-20.6,-18.5, 74, 88, 1.56,231,18.4
2025-03-29 11:18:54,-99.8481,37.8549, 478.1, 6018,-17.1,-20.6,-18.5, 74, 88, 1.55,231,18.6
2025-03-29 11:18:55,-99.8479,37.8550, 477.8, 6023,-17.1,-20.7,-18.5, 74, 88, 1.55,231,18.8
2025-03-29 11:18:56,-99.8477,37.8552, 477.5, 6028,-17.2,-20.7,-18.6, 74, 88, 1.54,231,19.0
2025-03-29 11:18:57,-99.8475,37.8553, 477.1, 6034,-17.2,-20.9,-18.7, 73, 87, 1.53,230,19.2
2025-03-29 11:18:58,-99.8473,37.8555, 476.8, 6039,-17.3,-21.0,-18.9, 73, 86, 1.50,230,19.3
2025-03-29 11:18:59,-99.8471,37.8556, 476.4, 6045,-17.3,-21.2,-19.0, 72, 85, 1.48,230,19.5
2025-03-29 11:19:00,-99.8469,37.8558, 476.1, 6050,-17.3,-21.3,-19.2, 71, 84, 1.47,230,19.7
2025-03-29 11:19:01,-99.8468,37.8559, 475.8, 6054,-17.2,-21.4,-19.2, 70, 83, 1.45,230,19.8
2025-03-29 11:19:02,-99.8466,37.8561, 475.5, 6059,-17.2,-21.5,-19.3, 70, 83, 1.45,229,19.9
2025-03-29 11:19:03,-99.8465,37.8562, 475.2, 6064,-17.3,-21.4,-19.2, 70, 83, 1.46,229,20.1
2025-03-29 11:19:04,-99.8464,37.8563, 474.8, 6070,-17.3,-21.4,-19.2, 71, 84, 1.46,229,20.2
2025-03-29 11:19:05,-99.8463,37.8564, 474.5, 6075,-17.4,-21.3,-19.1, 71, 85, 1.47,229,20.3
2025-03-29 11:19:06,-99.8461,37.8565, 474.1, 6081,-17.5,-21.3,-19.1, 72, 85, 1.47,229,20.4
2025-03-29 11:19:07,-99.8459,37.8566, 473.7, 6087,-17.5,-21.3,-19.2, 72, 86, 1.47,228,20.5
2025-03-29 11:19:08,-99.8457,37.8567, 473.4, 6093,-17.6,-21.4,-19.2, 72, 86, 1.46,228,20.5
2025-03-29 11:19:09,-99.8455,37.8568, 473.0, 6098,-17.6,-21.5,-19.3, 72, 85, 1.46,228,20.6
2025-03-29 11:19:10,-99.8453,37.8570, 472.7, 6103,-17.6,-21.5,-19.3, 71, 85, 1.45,228,20.7
2025-03-29 11:19:11,-99.8450,37.8571, 472.4, 6108,-17.7,-21.5,-19.3, 72, 85, 1.45,228,20.7
2025-03-29 11:19:12,-99.8449,37.8573, 472.1, 6114,-17.7,-21.5,-19.3, 72, 86, 1.45,228,20.8
2025-03-29 11:19:13,-99.8447,37.8575, 471.7, 6119,-17.7,-21.6,-19.4, 72, 86, 1.45,227,20.8
2025-03-29 11:19:14,-99.8445,37.8576, 471.4, 6124,-17.8,-21.6,-19.4, 72, 86, 1.45,227,20.9
2025-03-29 11:19:15,-99.8444,37.8578, 471.1, 6129,-17.8,-21.6,-19.4, 72, 86, 1.45,227,20.9
2025-03-29 11:19:16,-99.8443,37.8579, 470.7, 6135,-17.9,-21.6,-19.4, 73, 86, 1.45,227,21.0
2025-03-29 11:19:17,-99.8442,37.8580, 470.4, 6141,-17.9,-21.6,-19.4, 73, 87, 1.45,227,21.0
2025-03-29 11:19:18,-99.8440,37.8581, 470.0, 6146,-18.0,-21.6,-19.4, 73, 87, 1.45,227,21.0
2025-03-29 11:19:19,-99.8439,37.8582, 469.6, 6152,-18.0,-21.7,-19.4, 73, 87, 1.45,227,21.1
2025-03-29 11:19:20,-99.8437,37.8583, 469.3, 6157,-18.1,-21.6,-19.4, 74, 88, 1.45,227,21.1
2025-03-29 11:19:21,-99.8434,37.8584, 469.0, 6163,-18.1,-21.6,-19.4, 74, 88, 1.45,227,21.1
2025-03-29 11:19:22,-99.8432,37.8585, 468.6, 6168,-18.2,-21.7,-19.5, 74, 89, 1.45,227,21.1
2025-03-29 11:19:23,-99.8430,37.8587, 468.3, 6173,-18.2,-21.7,-19.5, 74, 89, 1.44,227,21.1
2025-03-29 11:19:24,-99.8428,37.8588, 468.0, 6177,-18.3,-21.7,-19.5, 74, 89, 1.44,227,21.2
2025-03-29 11:19:25,-99.8426,37.8590, 467.8, 6182,-18.3,-21.7,-19.5, 75, 90, 1.44,227,21.2
2025-03-29 11:19:26,-99.8424,37.8591, 467.5, 6185,-18.4,-21.7,-19.5, 75, 90, 1.44,227,21.2
2025-03-29 11:19:27,-99.8422,37.8593, 467.3, 6189,-18.4,-21.8,-19.5, 75, 90, 1.44,227,21.2
2025-03-29 11:19:28,-99.8421,37.8594, 467.1, 6193,-18.4,-21.8,-19.6, 75, 90, 1.44,227,21.2
2025-03-29 11:19:29,-99.8419,37.8595, 466.8, 6197,-18.5,-21.8,-19.6, 75, 90, 1.43,227,21.2
2025-03-29 11:19:30,-99.8418,37.8596, 466.5, 6201,-18.5,-21.8,-19.6, 75, 90, 1.43,227,21.2
2025-03-29 11:19:31,-99.8416,37.8598, 466.3, 6206,-18.6,-21.8,-19.6, 76, 91, 1.44,227,21.2
2025-03-29 11:19:32,-99.8414,37.8599, 466.0, 6211,-18.6,-21.8,-19.5, 76, 92, 1.44,228,21.2
2025-03-29 11:19:33,-99.8412,37.8600, 465.7, 6216,-18.7,-21.7,-19.5, 77, 92, 1.45,228,21.1
2025-03-29 11:19:34,-99.8410,37.8602, 465.4, 6220,-18.7,-21.7,-19.5, 77, 93, 1.45,228,21.1
2025-03-29 11:19:35,-99.8409,37.8603, 465.1, 6225,-18.8,-21.7,-19.5, 77, 93, 1.45,228,21.1
2025-03-29 11:19:36,-99.8407,37.8604, 464.8, 6230,-18.8,-21.8,-19.5, 77, 93, 1.45,228,21.1
2025-03-29 11:19:37,-99.8406,37.8605, 464.5, 6234,-18.8,-21.8,-19.6, 78, 93, 1.44,228,21.0
2025-03-29 11:19:38,-99.8404,37.8606, 464.2, 6239,-18.9,-21.8,-19.6, 78, 94, 1.44,228,21.0
2025-03-29 11:19:39,-99.8402,37.8608, 463.9, 6244,-18.9,-21.8,-19.6, 78, 94, 1.44,228,21.0
2025-03-29 11:19:40,-99.8400,37.8609, 463.5, 6249,-19.0,-21.8,-19.6, 78, 94, 1.44,228,20.9
2025-03-29 11:19:41,-99.8398,37.8610, 463.2, 6256,-19.0,-21.8,-19.6, 78, 95, 1.44,228,20.9
2025-03-29 11:19:42,-99.8396,37.8612, 462.8, 6262,-19.1,-21.9,-19.6, 79, 95, 1.44,228,20.9
2025-03-29 11:19:43,-99.8394,37.8614, 462.4, 6268,-19.1,-21.9,-19.7, 79, 95, 1.43,227,20.8
2025-03-29 11:19:44,-99.8393,37.8615, 462.0, 6274,-19.2,-21.9,-19.7, 79, 95, 1.43,227,20.8
2025-03-29 11:19:45,-99.8391,37.8616, 461.6, 6280,-19.2,-21.9,-19.7, 79, 96, 1.43,227,20.8
2025-03-29 11:19:46,-99.8390,37.8617, 461.3, 6286,-19.3,-21.9,-19.7, 80, 96, 1.43,227,20.8
2025-03-29 11:19:47,-99.8388,37.8618, 460.9, 6292,-19.4,-22.0,-19.8, 80, 97, 1.43,227,20.7
2025-03-29 11:19:48,-99.8387,37.8619, 460.5, 6298,-19.4,-22.1,-19.8, 80, 96, 1.42,227,20.7
2025-03-29 11:19:49,-99.8385,37.8620, 460.2, 6303,-19.5,-22.1,-19.8, 80, 97, 1.42,227,20.7
2025-03-29 11:19:50,-99.8383,37.8621, 459.9, 6308,-19.5,-22.0,-19.8, 80, 97, 1.43,227,20.7
2025-03-29 11:19:51,-99.8381,37.8622, 459.7, 6312,-19.5,-22.0,-19.8, 81, 98, 1.43,227,20.7
2025-03-29 11:19:52,-99.8379,37.8623, 459.4, 6316,-19.6,-22.1,-19.8, 81, 98, 1.43,226,20.7
2025-03-29 11:19:53,-99.8377,37.8625, 459.1, 6321,-19.6,-22.1,-19.8, 81, 98, 1.43,226,20.8
2025-03-29 11:19:54,-99.8376,37.8626, 458.8, 6326,-19.7,-22.0,-19.8, 81, 99, 1.43,226,20.8
2025-03-29 11:19:55,-99.8374,37.8627, 458.5, 6331,-19.7,-22.0,-19.8, 82, 99, 1.43,226,20.8
2025-03-29 11:19:56,-99.8372,37.8629, 458.2, 6336,-19.7,-22.0,-19.8, 82,100, 1.44,226,20.9
2025-03-29 11:19:57,-99.8371,37.8630, 457.9, 6341,-19.8,-21.9,-19.7, 83,101, 1.45,225,20.9
2025-03-29 11:19:58,-99.8369,37.8631, 457.6, 6346,-19.8,-21.9,-19.6, 84,102, 1.46,225,21.0
2025-03-29 11:19:59,-99.8368,37.8633, 457.2, 6351,-19.9,-21.8,-19.6, 84,102, 1.46,225,21.0
2025-03-29 11:20:00,-99.8367,37.8634, 456.9, 6357,-19.9,-21.9,-19.7, 84,102, 1.45,225,21.1
2025-03-29 11:20:01,-99.8365,37.8635, 456.6, 6362,-19.9,-22.0,-19.8, 84,102, 1.44,224,21.1
2025-03-29 11:20:02,-99.8364,37.8636, 456.3, 6367,-20.0,-22.1,-19.8, 83,101, 1.43,224,21.2
2025-03-29 11:20:03,-99.8362,37.8638, 455.9, 6372,-20.0,-22.2,-19.9, 83,101, 1.42,224,21.3
2025-03-29 11:20:04,-99.8360,37.8640, 455.6, 6378,-20.0,-22.3,-20.0, 82,100, 1.41,224,21.3
2025-03-29 11:20:05,-99.8358,37.8642, 455.2, 6384,-20.0,-22.5,-20.2, 81, 98, 1.39,223,21.4
2025-03-29 11:20:06,-99.8356,37.8643, 454.8, 6390,-20.0,-22.7,-20.4, 79, 97, 1.36,223,21.5
2025-03-29 11:20:07,-99.8354,37.8645, 454.5, 6395,-20.1,-22.9,-20.6, 78, 95, 1.34,223,21.5
2025-03-29 11:20:08,-99.8352,37.8646, 454.2, 6400,-20.1,-23.0,-20.7, 77, 94, 1.32,223,21.5
2025-03-29 11:20:09,-99.8350,37.8648, 454.0, 6404,-20.1,-23.2,-20.9, 76, 93, 1.30,223,21.6
2025-03-29 11:20:10,-99.8349,37.8649, 453.7, 6408,-20.1,-23.4,-21.1, 75, 91, 1.28,222,21.6
2025-03-29 11:20:11,-99.8347,37.8651, 453.5, 6413,-20.1,-23.6,-21.3, 73, 89, 1.26,222,21.6
2025-03-29 11:20:12,-99.8346,37.8652, 453.2, 6417,-20.1,-23.8,-21.4, 72, 88, 1.24,222,21.7
2025-03-29 11:20:13,-99.8345,37.8654, 452.9, 6422,-20.1,-23.9,-21.5, 72, 87, 1.22,222,21.7
2025-03-29 11:20:14,-99.8343,37.8655, 452.6, 6427,-20.1,-24.0,-21.6, 72, 87, 1.22,222,21.7
2025-03-29 11:20:15,-99.8341,37.8657, 452.3, 6431,-20.2,-23.9,-21.5, 72, 88, 1.23,222,21.6
2025-03-29 11:20:16,-99.8339,37.8659, 452.1, 6435,-20.2,-23.8,-21.4, 73, 89, 1.24,221,21.6
2025-03-29 11:20:17,-99.8338,37.8660, 451.9, 6439,-20.2,-23.7,-21.3, 74, 90, 1.25,221,21.6
2025-03-29 11:20:18,-99.8336,37.8661, 451.6, 6442,-20.3,-23.7,-21.3, 74, 91, 1.26,221,21.6
2025-03-29 11:20:19,-99.8335,37.8663, 451.4, 6447,-20.3,-23.7,-21.3, 75, 91, 1.26,221,21.6
2025-03-29 11:20:20,-99.8333,37.8664, 451.2, 6451,-20.3,-23.7,-21.3, 75, 91, 1.26,221,21.5
2025-03-29 11:20:21,-99.8332,37.8666, 450.9, 6454,-20.4,-23.7,-21.3, 75, 92, 1.26,221,21.5
2025-03-29 11:20:22,-99.8330,37.8667, 450.7, 6458,-20.4,-23.7,-21.3, 75, 92, 1.26,221,21.5
2025-03-29 11:20:23,-99.8328,37.8668, 450.4, 6462,-20.4,-23.7,-21.4, 75, 92, 1.25,221,21.4
2025-03-29 11:20:24,-99.8327,37.8670, 450.2, 6467,-20.5,-23.8,-21.4, 75, 91, 1.25,220,21.4
2025-03-29 11:20:25,-99.8326,37.8671, 449.9, 6471,-20.5,-23.8,-21.5, 75, 91, 1.24,220,21.3
2025-03-29 11:20:26,-99.8324,37.8672, 449.6, 6476,-20.5,-23.9,-21.5, 75, 91, 1.24,220,21.3
2025-03-29 11:20:27,-99.8323,37.8674, 449.4, 6480,-20.5,-23.9,-21.5, 74, 91, 1.24,220,21.3
2025-03-29 11:20:28,-99.8321,37.8675, 449.1, 6485,-20.6,-24.0,-21.6, 74, 91, 1.23,220,21.3
2025-03-29 11:20:29,-99.8319,37.8677, 448.8, 6489,-20.6,-24.1,-21.7, 74, 90, 1.22,220,21.3
2025-03-29 11:20:30,-99.8318,37.8678, 448.5, 6494,-20.6,-24.3,-21.8, 72, 89, 1.20,220,21.3
2025-03-29 11:20:31,-99.8316,37.8680, 448.2, 6499,-20.6,-24.5,-22.0, 71, 87, 1.18,219,21.3
2025-03-29 11:20:32,-99.8315,37.8681, 447.9, 6504,-20.6,-24.6,-22.1, 70, 86, 1.17,219,21.3
2025-03-29 11:20:33,-99.8314,37.8683, 447.6, 6508,-20.6,-24.7,-22.2, 70, 85, 1.16,219,21.3
2025-03-29 11:20:34,-99.8312,37.8684, 447.4, 6513,-20.6,-24.8,-22.3, 69, 85, 1.15,219,21.3
2025-03-29 11:20:35,-99.8310,37.8686, 447.1, 6518,-20.6,-24.9,-22.4, 69, 84, 1.14,219,21.4
2025-03-29 11:20:36,-99.8309,37.8687, 446.8, 6522,-20.6,-24.9,-22.4, 68, 84, 1.14,218,21.4
2025-03-29 11:20:37,-99.8307,37.8689, 446.5, 6527,-20.7,-24.9,-22.4, 69, 84, 1.14,218,21.4
2025-03-29 11:20:38,-99.8306,37.8690, 446.2, 6532,-20.7,-24.8,-22.4, 69, 85, 1.15,218,21.5
2025-03-29 11:20:39,-99.8304,37.8692, 445.9, 6537,-20.7,-24.8,-22.3, 69, 85, 1.15,218,21.5
2025-03-29 11:20:40,-99.8303,37.8693, 445.6, 6541,-20.7,-24.8,-22.4, 69, 85, 1.15,218,21.6
2025-03-29 11:20:41,-99.8301,37.8695, 445.4, 6546,-20.7,-24.9,-22.4, 69, 85, 1.14,217,21.6
2025-03-29 11:20:42,-99.8300,37.8696, 445.1, 6550,-20.7,-24.9,-22.4, 69, 85, 1.15,217,21.7
2025-03-29 11:20:43,-99.8298,37.8698, 444.8, 6555,-20.8,-24.8,-22.3, 70, 86, 1.15,217,21.7
2025-03-29 11:20:44,-99.8297,37.8700, 444.5, 6560,-20.8,-24.7,-22.3, 71, 87, 1.16,217,21.8
2025-03-29 11:20:45,-99.8296,37.8701, 444.2, 6565,-20.8,-24.7,-22.2, 71, 87, 1.17,217,21.8
2025-03-29 11:20:46,-99.8294,37.8703, 443.9, 6570,-20.9,-24.7,-22.2, 71, 88, 1.17,217,21.9
2025-03-29 11:20:47,-99.8293,37.8705, 443.6, 6576,-20.9,-24.6,-22.2, 72, 88, 1.17,217,21.9
2025-03-29 11:20:48,-99.8291,37.8706, 443.2, 6581,-20.9,-24.6,-22.1, 72, 89, 1.18,217,22.0
2025-03-29 11:20:49,-99.8290,37.8708, 442.9, 6588,-21.0,-24.6,-22.2, 72, 89, 1.18,217,22.0
2025-03-29 11:20:50,-99.8289,37.8710, 442.5, 6594,-21.0,-24.7,-22.2, 73, 89, 1.18,217,22.0
2025-03-29 11:20:51,-99.8287,37.8712, 442.1, 6600,-21.1,-24.7,-22.2, 73, 90, 1.17,217,22.0
2025-03-29 11:20:52,-99.8286,37.8714, 441.8, 6605,-21.1,-24.7,-22.2, 73, 90, 1.17,217,22.1
2025-03-29 11:20:53,-99.8285,37.8716, 441.5, 6610,-21.2,-24.7,-22.3, 73, 90, 1.17,217,22.1
2025-03-29 11:20:54,-99.8283,37.8717, 441.2, 6615,-21.2,-24.8,-22.3, 73, 90, 1.17,217,22.1
2025-03-29 11:20:55,-99.8281,37.8719, 441.0, 6619,-21.2,-24.8,-22.3, 73, 90, 1.17,217,22.1
2025-03-29 11:20:56,-99.8280,37.8720, 440.7, 6624,-21.3,-24.8,-22.4, 73, 90, 1.16,217,22.1
2025-03-29 11:20:57,-99.8278,37.8721, 440.4, 6629,-21.3,-24.9,-22.4, 73, 90, 1.16,217,22.1
2025-03-29 11:20:58,-99.8276,37.8723, 440.1, 6634,-21.4,-24.8,-22.4, 74, 91, 1.16,217,22.1
2025-03-29 11:20:59,-99.8274,37.8724, 439.8, 6638,-21.4,-24.8,-22.3, 74, 92, 1.17,217,22.1
2025-03-29 11:21:00,-99.8273,37.8726, 439.6, 6643,-21.5,-24.7,-22.2, 75, 93, 1.18,217,22.1
2025-03-29 11:21:01,-99.8271,37.8727, 439.3, 6647,-21.5,-24.7,-22.2, 76, 93, 1.18,217,22.1
2025-03-29 11:21:02,-99.8270,37.8729, 439.0, 6652,-21.5,-24.7,-22.2, 76, 93, 1.18,217,22.1
2025-03-29 11:21:03,-99.8269,37.8731, 438.8, 6656,-21.6,-24.8,-22.3, 75, 93, 1.17,217,22.1
2025-03-29 11:21:04,-99.8267,37.8732, 438.5, 6660,-21.6,-24.8,-22.4, 75, 93, 1.17,217,22.1
2025-03-29 11:21:05,-99.8265,37.8734, 438.3, 6665,-21.7,-24.9,-22.4, 75, 93, 1.16,217,22.1
2025-03-29 11:21:06,-99.8264,37.8735, 438.0, 6669,-21.7,-24.9,-22.4, 75, 93, 1.16,217,22.1
2025-03-29 11:21:07,-99.8262,37.8736, 437.8, 6673,-21.7,-24.9,-22.4, 76, 94, 1.16,217,22.2
2025-03-29 11:21:08,-99.8261,37.8738, 437.5, 6677,-21.8,-24.9,-22.5, 75, 93, 1.16,217,22.2
2025-03-29 11:21:09,-99.8260,37.8739, 437.3, 6681,-21.8,-25.0,-22.5, 75, 93, 1.15,217,22.2
2025-03-29 11:21:10,-99.8258,37.8741, 437.1, 6685,-21.8,-25.1,-22.6, 75, 93, 1.15,217,22.2
2025-03-29 11:21:11,-99.8257,37.8743, 436.8, 6689,-21.8,-25.1,-22.6, 75, 93, 1.14,217,22.3
2025-03-29 11:21:12,-99.8255,37.8744, 436.6, 6693,-21.9,-25.1,-22.7, 75, 93, 1.14,216,22.3
2025-03-29 11:21:13,-99.8253,37.8746, 436.3, 6697,-21.9,-25.2,-22.7, 75, 93, 1.13,216,22.3
2025-03-29 11:21:14,-99.8252,37.8747, 436.0, 6702,-21.9,-25.3,-22.8, 74, 92, 1.13,216,22.4
2025-03-29 11:21:15,-99.8251,37.8749, 435.7, 6708,-22.0,-25.4,-22.8, 74, 92, 1.12,216,22.4
2025-03-29 11:21:16,-99.8250,37.8751, 435.3, 6714,-22.0,-25.5,-22.9, 74, 91, 1.11,216,22.4
2025-03-29 11:21:17,-99.8248,37.8753, 435.0, 6720,-22.0,-25.6,-23.1, 73, 91, 1.10,216,22.5
2025-03-29 11:21:18,-99.8247,37.8755, 434.6, 6727,-22.1,-25.7,-23.1, 73, 90, 1.09,216,22.5
2025-03-29 11:21:19,-99.8245,37.8757, 434.2, 6734,-22.1,-25.7,-23.2, 73, 90, 1.09,216,22.5
2025-03-29 11:21:20,-99.8243,37.8759, 433.8, 6739,-22.2,-25.8,-23.2, 73, 90, 1.09,216,22.5
2025-03-29 11:21:21,-99.8242,37.8761, 433.5, 6745,-22.2,-25.8,-23.3, 72, 90, 1.08,216,22.6
2025-03-29 11:21:22,-99.8240,37.8762, 433.2, 6750,-22.2,-25.9,-23.4, 72, 90, 1.07,216,22.6
2025-03-29 11:21:23,-99.8239,37.8764, 432.9, 6756,-22.3,-26.0,-23.5, 71, 89, 1.06,216,22.6
2025-03-29 11:21:24,-99.8237,37.8765, 432.5, 6761,-22.3,-26.2,-23.6, 71, 88, 1.05,216,22.6
2025-03-29 11:21:25,-99.8236,37.8766, 432.2, 6767,-22.3,-26.4,-23.8, 70, 87, 1.03,216,22.6
2025-03-29 11:21:26,-99.8234,37.8768, 432.0, 6771,-22.3,-26.5,-23.9, 69, 86, 1.02,216,22.6
2025-03-29 11:21:27,-99.8233,37.8770, 431.7, 6775,-22.4,-26.5,-23.9, 69, 86, 1.02,216,22.6
2025-03-29 11:21:28,-99.8231,37.8772, 431.5, 6779,-22.4,-26.5,-23.9, 69, 86, 1.02,216,22.6
2025-03-29 11:21:29,-99.8230,37.8773, 431.2, 6784,-22.4,-26.5,-23.9, 70, 87, 1.02,216,22.6
2025-03-29 11:21:30,-99.8228,37.8775, 430.9, 6789,-22.5,-26.5,-23.9, 70, 87, 1.02,216,22.6
2025-03-29 11:21:31,-99.8227,37.8777, 430.7, 6793,-22.5,-26.5,-23.9, 70, 87, 1.02,216,22.6
2025-03-29 11:21:32,-99.8225,37.8778, 430.4, 6798,-22.6,-26.5,-23.9, 70, 88, 1.02,216,22.5
2025-03-29 11:21:33,-99.8224,37.8779, 430.1, 6803,-22.6,-26.5,-23.9, 70, 88, 1.02,216,22.5
2025-03-29 11:21:34,-99.8222,37.8781, 429.9, 6807,-22.6,-26.5,-23.9, 70, 88, 1.02,216,22.5
2025-03-29 11:21:35,-99.8221,37.8783, 429.6, 6812,-22.7,-26.6,-24.0, 70, 88, 1.01,216,22.5
2025-03-29 11:21:36,-99.8219,37.8784, 429.3, 6816,-22.7,-26.7,-24.1, 70, 87, 1.01,216,22.5
2025-03-29 11:21:37,-99.8218,37.8786, 429.1, 6820,-22.7,-26.8,-24.1, 69, 87, 1.00,216,22.5
2025-03-29 11:21:38,-99.8216,37.8787, 428.9, 6824,-22.7,-26.8,-24.2, 69, 87, 1.00,216,22.5
2025-03-29 11:21:39,-99.8215,37.8789, 428.6, 6828,-22.8,-26.9,-24.3, 69, 86, 0.99,216,22.5
2025-03-29 11:21:40,-99.8213,37.8791, 428.4, 6832,-22.8,-26.9,-24.3, 69, 86, 0.99,216,22.5
2025-03-29 11:21:41,-99.8212,37.8792, 428.2, 6836,-22.8,-27.0,-24.4, 68, 86, 0.98,216,22.6
2025-03-29 11:21:42,-99.8210,37.8794, 428.0, 6840,-22.8,-27.1,-24.4, 68, 85, 0.97,215,22.6
2025-03-29 11:21:43,-99.8209,37.8796, 427.7, 6844,-22.9,-27.1,-24.5, 68, 85, 0.97,215,22.6
2025-03-29 11:21:44,-99.8207,37.8797, 427.5, 6848,-22.9,-27.1,-24.5, 68, 85, 0.97,215,22.6
2025-03-29 11:21:45,-99.8206,37.8799, 427.3, 6852,-22.9,-27.2,-24.5, 68, 85, 0.97,215,22.7
2025-03-29 11:21:46,-99.8205,37.8801, 427.0, 6856,-23.0,-27.2,-24.6, 68, 85, 0.97,215,22.7
2025-03-29 11:21:47,-99.8203,37.8802, 426.8, 6860,-23.0,-27.3,-24.6, 68, 85, 0.96,215,22.8
2025-03-29 11:21:48,-99.8202,37.8804, 426.6, 6864,-23.0,-27.4,-24.7, 67, 84, 0.95,215,22.8
2025-03-29 11:21:49,-99.8200,37.8806, 426.3, 6868,-23.0,-27.5,-24.8, 67, 84, 0.94,215,22.9
2025-03-29 11:21:50,-99.8199,37.8807, 426.1, 6872,-23.1,-27.6,-24.9, 67, 84, 0.94,215,23.0
2025-03-29 11:21:51,-99.8197,37.8809, 425.8, 6876,-23.1,-27.6,-24.9, 66, 83, 0.93,215,23.0
2025-03-29 11:21:52,-99.8196,37.8811, 425.6, 6880,-23.1,-27.7,-25.0, 66, 83, 0.93,214,23.1
2025-03-29 11:21:53,-99.8194,37.8813, 425.3, 6885,-23.2,-27.7,-25.0, 66, 83, 0.92,214,23.1
2025-03-29 11:21:54,-99.8193,37.8814, 425.0, 6890,-23.2,-27.8,-25.1, 66, 83, 0.92,214,23.2
2025-03-29 11:21:55,-99.8192,37.8816, 424.7, 6895,-23.2,-27.9,-25.2, 66, 82, 0.91,214,23.3
2025-03-29 11:21:56,-99.8190,37.8818, 424.5, 6899,-23.3,-28.0,-25.3, 65, 82, 0.90,214,23.3
2025-03-29 11:21:57,-99.8188,37.8820, 424.2, 6904,-23.3,-28.1,-25.4, 65, 82, 0.89,214,23.4
2025-03-29 11:21:58,-99.8186,37.8822, 424.0, 6908,-23.4,-28.2,-25.4, 65, 81, 0.89,214,23.4
2025-03-29 11:21:59,-99.8185,37.8824, 423.7, 6912,-23.4,-28.2,-25.5, 65, 81, 0.89,214,23.5
2025-03-29 11:22:00,-99.8183,37.8826, 423.5, 6916,-23.4,-28.3,-25.5, 65, 81, 0.88,214,23.5
2025-03-29 11:22:01,-99.8182,37.8827, 423.3, 6920,-23.5,-28.3,-25.5, 65, 82, 0.88,214,23.6
2025-03-29 11:22:02,-99.8181,37.8829, 423.0, 6925,-23.5,-28.3,-25.5, 65, 82, 0.88,214,23.6
2025-03-29 11:22:03,-99.8179,37.8830, 422.7, 6930,-23.6,-28.3,-25.6, 65, 82, 0.88,214,23.6
2025-03-29 11:22:04,-99.8178,37.8832, 422.4, 6935,-23.6,-28.4,-25.7, 64, 81, 0.87,214,23.6
2025-03-29 11:22:05,-99.8177,37.8834, 422.1, 6940,-23.7,-28.6,-25.8, 64, 80, 0.86,214,23.7
2025-03-29 11:22:06,-99.8175,37.8835, 421.8, 6946,-23.7,-28.7,-26.0, 63, 80, 0.85,214,23.7
2025-03-29 11:22:07,-99.8174,37.8837, 421.3, 6954,-23.7,-28.8,-26.1, 63, 79, 0.84,214,23.7
2025-03-29 11:22:08,-99.8172,37.8839, 420.9, 6961,-23.8,-28.9,-26.1, 63, 80, 0.84,214,23.7
2025-03-29 11:22:09,-99.8170,37.8842, 420.5, 6969,-23.9,-29.0,-26.2, 63, 79, 0.83,214,23.7
2025-03-29 11:22:10,-99.8168,37.8844, 420.1, 6975,-24.0,-29.1,-26.3, 62, 79, 0.82,214,23.7
2025-03-29 11:22:11,-99.8167,37.8846, 419.8, 6980,-24.0,-29.3,-26.5, 62, 78, 0.81,214,23.6
2025-03-29 11:22:12,-99.8166,37.8848, 419.6, 6984,-24.0,-29.5,-26.7, 61, 77, 0.80,214,23.6
2025-03-29 11:22:13,-99.8165,37.8849, 419.4, 6988,-24.1,-29.7,-26.9, 59, 75, 0.78,214,23.6
2025-03-29 11:22:14,-99.8163,37.8851, 419.1, 6993,-24.1,-30.1,-27.2, 57, 73, 0.75,214,23.6
2025-03-29 11:22:15,-99.8162,37.8852, 418.8, 6997,-24.1,-30.5,-27.6, 55, 70, 0.72,214,23.6
2025-03-29 11:22:16,-99.8160,37.8854, 418.6, 7002,-24.1,-30.8,-27.9, 54, 68, 0.70,214,23.5
2025-03-29 11:22:17,-99.8158,37.8855, 418.3, 7006,-24.1,-31.2,-28.2, 52, 66, 0.68,214,23.5
2025-03-29 11:22:18,-99.8157,37.8857, 418.1, 7010,-24.1,-31.5,-28.5, 51, 64, 0.66,214,23.5
2025-03-29 11:22:19,-99.8156,37.8858, 417.9, 7013,-24.1,-31.7,-28.7, 50, 63, 0.65,214,23.5
2025-03-29 11:22:20,-99.8154,37.8860, 417.7, 7017,-24.1,-31.6,-28.7, 50, 63, 0.65,214,23.5
2025-03-29 11:22:21,-99.8153,37.8862, 417.5, 7020,-24.1,-31.4,-28.4, 51, 65, 0.67,214,23.4
2025-03-29 11:22:22,-99.8151,37.8864, 417.3, 7024,-24.2,-31.1,-28.2, 52, 67, 0.68,214,23.4
2025-03-29 11:22:23,-99.8150,37.8866, 417.0, 7028,-24.2,-31.1,-28.2, 53, 67, 0.68,214,23.4
2025-03-29 11:22:24,-99.8148,37.8868, 416.8, 7033,-24.2,-31.6,-28.6, 51, 64, 0.66,214,23.4
2025-03-29 11:22:25,-99.8147,37.8869, 416.5, 7038,-24.2,-32.4,-29.4, 47, 59, 0.60,214,23.4
2025-03-29 11:22:26,-99.8145,37.8871, 416.2, 7043,-24.2,-33.7,-30.5, 41, 52, 0.54,214,23.4
2025-03-29 11:22:27,-99.8144,37.8873, 416.0, 7047,-24.2,-34.7,-31.6, 37, 47, 0.48,214,23.4
2025-03-29 11:22:28,-99.8142,37.8874, 415.8, 7050,-24.2,-35.3,-32.1, 35, 44, 0.46,214,23.4
2025-03-29 11:22:29,-99.8141,37.8876, 415.6, 7053,-24.2,-35.9,-32.7, 33, 42, 0.43,214,23.4
2025-03-29 11:22:30,-99.8139,37.8878, 415.4, 7057,-24.2,-36.9,-33.6, 30, 38, 0.39,214,23.4
2025-03-29 11:22:31,-99.8137,37.8880, 415.2, 7061,-24.0,-38.5,-35.1, 25, 32, 0.33,214,23.5
2025-03-29 11:22:32,-99.8136,37.8882, 414.9, 7065,-23.9,-39.9,-36.4, 21, 27, 0.29,214,23.5
2025-03-29 11:22:33,-99.8135,37.8883, 414.7, 7070,-23.8,-40.6,-37.1, 20, 25, 0.27,214,23.5
2025-03-29 11:22:34,-99.8133,37.8885, 414.5, 7073,-23.8,-40.9,-37.3, 19, 24, 0.26,214,23.5
2025-03-29 11:22:35,-99.8132,37.8886, 414.3, 7077,-23.8,-41.2,-37.6, 19, 24, 0.25,215,23.5
2025-03-29 11:22:36,-99.8130,37.8888, 414.1, 7080,-23.8,-41.8,-38.2, 17, 22, 0.24,215,23.6
2025-03-29 11:22:37,-99.8129,37.8890, 413.9, 7084,-23.7,-42.3,-38.7, 16, 21, 0.22,215,23.6
2025-03-29 11:22:38,-99.8127,37.8892, 413.7, 7088,-23.7,-42.7,-39.1, 16, 20, 0.21,215,23.6
2025-03-29 11:22:39,-99.8125,37.8894, 413.4, 7093,-23.7,-42.8,-39.2, 16, 20, 0.21,215,23.7
2025-03-29 11:22:40,-99.8124,37.8895, 413.1, 7098,-23.8,-43.0,-39.4, 15, 19, 0.21,215,23.7
2025-03-29 11:22:41,-99.8122,37.8897, 412.8, 7103,-23.8,-43.3,-39.6, 15, 19, 0.20,215,23.7
2025-03-29 11:22:42,-99.8120,37.8899, 412.5, 7108,-23.8,-43.6,-40.0, 14, 18, 0.19,215,23.8
2025-03-29 11:22:43,-99.8119,37.8901, 412.2, 7114,-23.9,-43.9,-40.2, 14, 18, 0.19,215,23.8
2025-03-29 11:22:44,-99.8118,37.8903, 411.9, 7119,-23.9,-44.0,-40.4, 14, 18, 0.19,215,23.8
2025-03-29 11:22:45,-99.8116,37.8905, 411.6, 7125,-24.0,-44.1,-40.4, 14, 17, 0.18,215,23.9
2025-03-29 11:22:46,-99.8115,37.8907, 411.3, 7129,-24.0,-44.2,-40.5, 14, 17, 0.18,216,23.9
2025-03-29 11:22:47,-99.8114,37.8908, 411.1, 7133,-24.0,-44.3,-40.6, 14, 17, 0.18,216,24.0
2025-03-29 11:22:48,-99.8112,37.8910, 410.9, 7136,-24.1,-44.4,-40.7, 14, 17, 0.18,216,24.0
2025-03-29 11:22:49,-99.8110,37.8911, 410.7, 7140,-24.1,-44.4,-40.7, 13, 17, 0.18,216,24.1
2025-03-29 11:22:50,-99.8108,37.8913, 410.5, 7143,-24.1,-44.5,-40.8, 13, 17, 0.18,216,24.1
2025-03-29 11:22:51,-99.8106,37.8915, 410.3, 7147,-24.2,-44.7,-41.0, 13, 17, 0.17,216,24.2
2025-03-29 11:22:52,-99.8105,37.8917, 410.1, 7151,-24.2,-44.9,-41.2, 13, 16, 0.17,217,24.2
2025-03-29 11:22:53,-99.8103,37.8918, 409.8, 7156,-24.2,-45.0,-41.3, 13, 16, 0.17,217,24.3
2025-03-29 11:22:54,-99.8102,37.8920, 409.6, 7160,-24.2,-45.1,-41.3, 13, 16, 0.17,217,24.3
2025-03-29 11:22:55,-99.8100,37.8922, 409.4, 7164,-24.3,-45.2,-41.4, 13, 16, 0.17,217,24.4
2025-03-29 11:22:56,-99.8098,37.8924, 409.1, 7168,-24.3,-45.2,-41.5, 13, 16, 0.17,218,24.4
2025-03-29 11:22:57,-99.8097,37.8925, 408.9, 7173,-24.3,-45.3,-41.6, 13, 16, 0.16,218,24.5
2025-03-29 11:22:58,-99.8095,37.8927, 408.6, 7177,-24.4,-45.4,-41.6, 12, 16, 0.16,218,24.6
2025-03-29 11:22:59,-99.8093,37.8929, 408.3, 7182,-24.4,-45.5,-41.8, 12, 16, 0.16,218,24.6
2025-03-29 11:23:00,-99.8092,37.8930, 408.1, 7187,-24.4,-45.7,-42.0, 12, 15, 0.16,219,24.6
2025-03-29 11:23:01,-99.8090,37.8932, 407.8, 7192,-24.5,-46.1,-42.3, 12, 15, 0.15,219,24.7
2025-03-29 11:23:02,-99.8088,37.8934, 407.6, 7196,-24.5,-46.4,-42.6, 11, 14, 0.14,219,24.7
2025-03-29 11:23:03,-99.8086,37.8936, 407.3, 7200,-24.5,-46.8,-43.0, 11, 14, 0.14,220,24.8
2025-03-29 11:23:04,-99.8084,37.8938, 407.1, 7204,-24.5,-47.3,-43.5, 10, 13, 0.13,220,24.8
2025-03-29 11:23:05,-99.8082,37.8940, 407.0, 7207,-24.5,-47.8,-44.0, 10, 12, 0.12,220,24.8
2025-03-29 11:23:06,-99.8080,37.8942, 406.8, 7210,-24.5,-48.2,-44.4,  9, 12, 0.12,221,24.8
2025-03-29 11:23:07,-99.8078,37.8943, 406.6, 7213,-24.5,-48.6,-44.7,  9, 11, 0.11,221,24.8
2025-03-29 11:23:08,-99.8076,37.8945, 406.4, 7217,-24.5,-48.8,-45.0,  9, 11, 0.11,221,24.8
2025-03-29 11:23:09,-99.8074,37.8947, 406.2, 7221,-24.5,-49.3,-45.4,  8, 10, 0.11,222,24.8
2025-03-29 11:23:10,-99.8072,37.8948, 406.0, 7225,-24.5,-49.8,-45.8,  8, 10, 0.10,222,24.8
2025-03-29 11:23:11,-99.8070,37.8950, 405.7, 7229,-24.5,-50.3,-46.4,  7,  9, 0.09,222,24.8
2025-03-29 11:23:12,-99.8068,37.8952, 405.5, 7233,-24.5,-51.0,-47.0,  7,  8, 0.09,223,24.8
2025-03-29 11:23:13,-99.8066,37.8953, 405.3, 7237,-24.4,-51.7,-47.7,  6,  8, 0.08,223,24.8
2025-03-29 11:23:14,-99.8064,37.8955, 405.0, 7242,-24.4,-52.4,-48.4,  6,  7, 0.07,223,24.7
2025-03-29 11:23:15,-99.8062,37.8956, 404.7, 7247,-24.3,-52.9,-48.8,  5,  7, 0.07,223,24.7
2025-03-29 11:23:16,-99.8060,37.8958, 404.4, 7252,-24.3,-53.0,-49.0,  5,  7, 0.07,224,24.7
2025-03-29 11:23:17,-99.8058,37.8959, 404.1, 7257,-24.4,-52.9,-48.9,  5,  7, 0.07,224,24.6
2025-03-29 11:23:18,-99.8056,37.8961, 403.8, 7263,-24.4,-52.7,-48.7,  5,  7, 0.07,224,24.6
2025-03-29 11:23:19,-99.8054,37.8962, 403.5, 7269,-24.5,-52.7,-48.6,  5,  7, 0.07,225,24.6
2025-03-29 11:23:20,-99.8052,37.8963, 403.2, 7274,-24.5,-52.7,-48.6,  6,  7, 0.07,225,24.5
2025-03-29 11:23:21,-99.8050,37.8964, 402.9, 7279,-24.5,-52.7,-48.7,  5,  7, 0.07,225,24.5
2025-03-29 11:23:22,-99.8048,37.8966, 402.7, 7283,-24.6,-52.7,-48.7,  5,  7, 0.07,225,24.5
2025-03-29 11:23:23,-99.8046,37.8968, 402.5, 7287,-24.6,-52.7,-48.7,  6,  7, 0.07,226,24.5
2025-03-29 11:23:24,-99.8044,37.8969, 402.2, 7292,-24.6,-52.7,-48.7,  6,  7, 0.07,226,24.5
2025-03-29 11:23:25,-99.8042,37.8971, 401.9, 7297,-24.7,-52.8,-48.8,  5,  7, 0.07,226,24.5
2025-03-29 11:23:26,-99.8041,37.8973, 401.7, 7302,-24.7,-52.9,-48.9,  5,  7, 0.07,226,24.5
2025-03-29 11:23:27,-99.8039,37.8974, 401.4, 7307,-24.8,-53.0,-49.0,  5,  7, 0.07,226,24.5
2025-03-29 11:23:28,-99.8038,37.8975, 401.1, 7313,-24.8,-53.0,-49.0,  5,  7, 0.07,227,24.5
2025-03-29 11:23:29,-99.8036,37.8976, 400.8, 7318,-24.8,-53.1,-49.0,  5,  7, 0.07,227,24.5
2025-03-29 11:23:29,-99.8036,37.8977, 400.5, 7323,-24.9,-53.1,-49.0,  5,  7, 0.07,227,24.6
2025-03-29 11:23:30,-99.8034,37.8978, 400.2, 7329,-24.9,-53.1,-49.0,  5,  7, 0.07,227,24.6
2025-03-29 11:23:31,-99.8032,37.8980, 400.0, 7332,-24.9,-53.0,-49.0,  5,  7, 0.07,227,24.6
2025-03-29 11:23:32,-99.8029,37.8982, 399.9, 7334,-25.0,-53.0,-49.0,  5,  7, 0.07,227,24.7
2025-03-29 11:23:33,-99.8027,37.8984, 399.6, 7340,-25.0,-53.0,-49.0,  6,  7, 0.07,228,24.8
2025-03-29 11:23:34,-99.8024,37.8985, 399.3, 7346,-25.0,-53.0,-49.0,  6,  7, 0.07,228,24.8
2025-03-29 11:23:35,-99.8022,37.8987, 398.9, 7352,-25.1,-53.1,-49.1,  6,  7, 0.07,228,24.9
2025-03-29 11:23:36,-99.8019,37.8988, 398.6, 7358,-25.1,-53.2,-49.2,  5,  7, 0.07,228,25.0
2025-03-29 11:23:37,-99.8017,37.8989, 398.2, 7365,-25.2,-53.4,-49.3,  5,  7, 0.07,228,25.1
2025-03-29 11:23:38,-99.8015,37.8990, 397.8, 7372,-25.2,-53.6,-49.5,  5,  7, 0.07,229,25.2
2025-03-29 11:23:39,-99.8013,37.8991, 397.4, 7380,-25.3,-53.7,-49.6,  5,  7, 0.06,229,25.3
2025-03-29 11:23:40,-99.8011,37.8993, 397.0, 7388,-25.3,-53.8,-49.7,  5,  7, 0.06,229,25.4
2025-03-29 11:23:41,-99.8009,37.8994, 396.5, 7396,-25.4,-53.8,-49.8,  5,  7, 0.06,229,25.5
2025-03-29 11:23:42,-99.8007,37.8996, 396.0, 7405,-25.5,-53.9,-49.8,  5,  7, 0.06,229,25.6
2025-03-29 11:23:43,-99.8005,37.8998, 395.6, 7413,-25.5,-53.8,-49.8,  5,  7, 0.06,230,25.7
2025-03-29 11:23:44,-99.8002,37.8999, 395.1, 7422,-25.6,-53.8,-49.7,  5,  7, 0.06,230,25.7
2025-03-29 11:23:45,-99.8000,37.9001, 394.6, 7430,-25.7,-53.7,-49.6,  5,  7, 0.06,230,25.8
2025-03-29 11:23:46,-99.7998,37.9003, 394.3, 7437,-25.8,-53.7,-49.6,  5,  7, 0.07,230,25.9
2025-03-29 11:23:47,-99.7996,37.9004, 393.9, 7443,-25.9,-53.7,-49.7,  5,  7, 0.06,230,26.0
2025-03-29 11:23:48,-99.7994,37.9006, 393.7, 7448,-25.9,-53.8,-49.7,  5,  7, 0.06,230,26.0
2025-03-29 11:23:49,-99.7991,37.9007, 393.4, 7453,-26.0,-53.8,-49.7,  5,  7, 0.06,231,26.1
2025-03-29 11:23:50,-99.7989,37.9008, 393.2, 7458,-26.0,-53.8,-49.7,  6,  7, 0.06,231,26.1
2025-03-29 11:23:51,-99.7986,37.9010, 392.9, 7462,-26.0,-53.7,-49.7,  6,  7, 0.07,231,26.1
2025-03-29 11:23:52,-99.7983,37.9011, 392.7, 7467,-26.1,-53.7,-49.7,  6,  7, 0.07,231,26.2
2025-03-29 11:23:53,-99.7980,37.9012, 392.4, 7471,-26.1,-53.7,-49.7,  6,  7, 0.07,231,26.2
2025-03-29 11:23:54,-99.7978,37.9014, 392.2, 7476,-26.1,-53.7,-49.6,  6,  7, 0.07,231,26.2
2025-03-29 11:23:55,-99.7975,37.9015, 391.9, 7481,-26.2,-53.7,-49.6,  6,  7, 0.07,231,26.2
2025-03-29 11:23:56,-99.7973,37.9017, 391.6, 7486,-26.2,-53.7,-49.6,  6,  7, 0.07,231,26.1
2025-03-29 11:23:57,-99.7971,37.9019, 391.3, 7491,-26.3,-53.8,-49.7,  6,  7, 0.06,231,26.1
2025-03-29 11:23:58,-99.7969,37.9021, 391.1, 7496,-26.4,-53.9,-49.8,  6,  7, 0.06,232,26.1
2025-03-29 11:23:59,-99.7967,37.9022, 390.8, 7501,-26.4,-53.9,-49.8,  6,  7, 0.06,232,26.0
2025-03-29 11:24:00,-99.7964,37.9024, 390.6, 7505,-26.4,-53.8,-49.8,  6,  7, 0.06,232,26.0
2025-03-29 11:24:01,-99.7962,37.9025, 390.3, 7510,-26.5,-53.8,-49.7,  6,  7, 0.06,232,25.9
2025-03-29 11:24:02,-99.7959,37.9027, 390.1, 7515,-26.5,-53.8,-49.7,  6,  8, 0.07,232,25.9
2025-03-29 11:24:03,-99.7957,37.9028, 389.8, 7520,-26.6,-53.7,-49.7,  6,  8, 0.07,232,25.8
2025-03-29 11:24:04,-99.7954,37.9029, 389.5, 7526,-26.6,-53.7,-49.7,  6,  8, 0.07,232,25.8
2025-03-29 11:24:05,-99.7952,37.9030, 389.1, 7532,-26.7,-53.7,-49.7,  6,  8, 0.07,232,25.7
2025-03-29 11:24:06,-99.7951,37.9031, 388.8, 7538,-26.7,-53.8,-49.7,  6,  8, 0.07,232,25.7
2025-03-29 11:24:07,-99.7949,37.9032, 388.5, 7543,-26.8,-53.8,-49.7,  6,  8, 0.07,233,25.6
2025-03-29 11:24:08,-99.7947,37.9034, 388.2, 7549,-26.9,-53.8,-49.8,  6,  8, 0.07,233,25.6
2025-03-29 11:24:09,-99.7944,37.9036, 387.9, 7554,-26.9,-53.8,-49.8,  6,  8, 0.07,233,25.6
2025-03-29 11:24:10,-99.7942,37.9037, 387.6, 7560,-27.0,-53.8,-49.8,  6,  8, 0.06,233,25.6
2025-03-29 11:24:11,-99.7940,37.9039, 387.4, 7565,-27.0,-53.9,-49.9,  6,  8, 0.06,233,25.6
2025-03-29 11:24:12,-99.7938,37.9040, 387.1, 7570,-27.1,-54.0,-49.9,  6,  8, 0.06,233,25.6
2025-03-29 11:24:13,-99.7936,37.9041, 386.8, 7575,-27.1,-54.1,-50.0,  6,  8, 0.06,233,25.6
2025-03-29 11:24:14,-99.7934,37.9042, 386.5, 7580,-27.2,-54.1,-50.0,  6,  8, 0.06,233,25.7
2025-03-29 11:24:15,-99.7931,37.9043, 386.3, 7585,-27.2,-54.2,-50.1,  6,  8, 0.06,233,25.7
2025-03-29 11:24:16,-99.7929,37.9044, 386.1, 7589,-27.2,-54.2,-50.1,  6,  8, 0.06,234,25.8
2025-03-29 11:24:17,-99.7927,37.9045, 385.8, 7593,-27.3,-54.2,-50.1,  6,  8, 0.06,234,25.9
2025-03-29 11:24:18,-99.7924,37.9047, 385.6, 7598,-27.3,-54.1,-50.1,  6,  8, 0.06,234,25.9
2025-03-29 11:24:19,-99.7921,37.9048, 385.3, 7603,-27.3,-54.1,-50.0,  6,  8, 0.06,234,26.0
2025-03-29 11:24:20,-99.7918,37.9050, 385.0, 7608,-27.4,-54.1,-50.0,  6,  8, 0.06,234,26.1
2025-03-29 11:24:21,-99.7915,37.9052, 384.8, 7613,-27.5,-54.1,-50.0,  6,  8, 0.06,234,26.2
2025-03-29 11:24:22,-99.7913,37.9053, 384.6, 7617,-27.5,-54.1,-50.0,  6,  8, 0.06,234,26.3
2025-03-29 11:24:23,-99.7910,37.9055, 384.4, 7620,-27.5,-54.1,-50.1,  6,  8, 0.06,234,26.4
2025-03-29 11:24:24,-99.7908,37.9056, 384.2, 7624,-27.5,-54.2,-50.1,  6,  8, 0.06,234,26.5
2025-03-29 11:24:25,-99.7906,37.9057, 383.9, 7629,-27.6,-54.2,-50.1,  6,  8, 0.06,234,26.6
2025-03-29 11:24:26,-99.7904,37.9059, 383.6, 7635,-27.6,-54.2,-50.1,  6,  8, 0.06,234,26.7
2025-03-29 11:24:27,-99.7901,37.9060, 383.3, 7640,-27.7,-54.2,-50.1,  6,  8, 0.06,234,26.8
2025-03-29 11:24:28,-99.7898,37.9062, 383.0, 7646,-27.7,-54.2,-50.1,  6,  8, 0.06,234,26.8
2025-03-29 11:24:29,-99.7895,37.9063, 382.8, 7650,-27.8,-54.2,-50.1,  6,  8, 0.06,234,26.9
2025-03-29 11:24:30,-99.7893,37.9065, 382.5, 7655,-27.8,-54.2,-50.1,  6,  8, 0.06,234,26.9
2025-03-29 11:24:31,-99.7890,37.9066, 382.3, 7660,-27.9,-54.2,-50.1,  6,  8, 0.06,235,27.0
2025-03-29 11:24:32,-99.7887,37.9067, 382.0, 7665,-27.9,-54.2,-50.2,  6,  8, 0.06,235,27.0
2025-03-29 11:24:33,-99.7885,37.9069, 381.7, 7671,-28.0,-54.3,-50.2,  6,  8, 0.06,235,27.0
2025-03-29 11:24:34,-99.7882,37.9071, 381.3, 7677,-28.0,-54.3,-50.2,  6,  8, 0.06,235,27.0
2025-03-29 11:24:35,-99.7879,37.9072, 381.0, 7683,-28.0,-54.3,-50.3,  6,  8, 0.06,235,27.0
2025-03-29 11:24:36,-99.7877,37.9074, 380.8, 7688,-28.1,-54.4,-50.3,  6,  8, 0.06,235,26.9
2025-03-29 11:24:37,-99.7874,37.9076, 380.6, 7692,-28.1,-54.4,-50.4,  6,  8, 0.06,235,26.9
2025-03-29 11:24:38,-99.7872,37.9077, 380.3, 7696,-28.2,-54.4,-50.3,  6,  8, 0.06,235,26.9
2025-03-29 11:24:39,-99.7870,37.9078, 380.1, 7702,-28.2,-54.4,-50.3,  6,  8, 0.06,235,26.8
2025-03-29 11:24:40,-99.7868,37.9079, 379.7, 7708,-28.3,-54.4,-50.3,  6,  8, 0.06,236,26.8
2025-03-29 11:24:41,-99.7866,37.9081, 379.4, 7714,-28.3,-54.4,-50.3,  6,  8, 0.06,236,26.7
2025-03-29 11:24:42,-99.7864,37.9082, 379.1, 7720,-28.4,-54.4,-50.3,  6,  8, 0.06,236,26.7
2025-03-29 11:24:43,-99.7861,37.9083, 378.8, 7725,-28.4,-54.4,-50.3,  6,  9, 0.06,236,26.6
2025-03-29 11:24:44,-99.7859,37.9084, 378.6, 7729,-28.5,-54.4,-50.3,  6,  9, 0.06,236,26.5
2025-03-29 11:24:45,-99.7856,37.9085, 378.4, 7733,-28.5,-54.4,-50.3,  6,  9, 0.06,236,26.5
2025-03-29 11:24:46,-99.7853,37.9086, 378.2, 7737,-28.6,-54.4,-50.3,  7,  9, 0.06,236,26.4
2025-03-29 11:24:47,-99.7851,37.9087, 377.9, 7742,-28.6,-54.4,-50.3,  7,  9, 0.06,236,26.4
2025-03-29 11:24:48,-99.7848,37.9089, 377.7, 7746,-28.6,-54.4,-50.3,  7,  9, 0.06,236,26.4
2025-03-29 11:24:49,-99.7846,37.9090, 377.4, 7751,-28.7,-54.4,-50.3,  7,  9, 0.06,236,26.3
2025-03-29 11:24:50,-99.7843,37.9091, 377.1, 7757,-28.7,-54.4,-50.4,  7,  9, 0.06,236,26.3
2025-03-29 11:24:51,-99.7840,37.9092, 376.8, 7764,-28.8,-54.4,-50.4,  7,  9, 0.06,236,26.3
2025-03-29 11:24:52,-99.7838,37.9093, 376.5, 7770,-28.9,-54.4,-50.4,  7,  9, 0.06,236,26.3
2025-03-29 11:24:53,-99.7835,37.9094, 376.2, 7775,-28.9,-54.5,-50.4,  7,  9, 0.06,236,26.3
2025-03-29 11:24:54,-99.7832,37.9095, 375.9, 7780,-29.0,-54.6,-50.5,  7,  9, 0.06,236,26.3
2025-03-29 11:24:55,-99.7830,37.9097, 375.6, 7786,-29.0,-54.7,-50.6,  6,  9, 0.06,236,26.3
2025-03-29 11:24:56,-99.7827,37.9098, 375.3, 7792,-28.9,-54.8,-50.7,  6,  8, 0.06,236,26.3
2025-03-29 11:24:57,-99.7825,37.9100, 375.0, 7798,-28.9,-54.9,-50.8,  6,  8, 0.06,236,26.3
2025-03-29 11:24:58,-99.7823,37.9102, 374.7, 7804,-28.9,-55.0,-50.9,  6,  8, 0.06,235,26.3
2025-03-29 11:24:59,-99.7821,37.9103, 374.3, 7810,-28.9,-55.0,-50.9,  6,  8, 0.06,235,26.3
2025-03-29 11:25:00,-99.7819,37.9104, 374.0, 7816,-29.0,-55.0,-50.9,  6,  8, 0.06,235,26.4
2025-03-29 11:25:01,-99.7816,37.9106, 373.7, 7823,-29.1,-55.0,-50.9,  6,  8, 0.06,235,26.4
2025-03-29 11:25:02,-99.7813,37.9107, 373.3, 7830,-29.2,-55.0,-50.9,  6,  9, 0.06,235,26.4
2025-03-29 11:25:03,-99.7810,37.9108, 372.9, 7838,-29.2,-55.0,-50.9,  6,  9, 0.06,234,26.5
2025-03-29 11:25:04,-99.7808,37.9110, 372.5, 7846,-29.3,-55.0,-50.9,  6,  9, 0.06,234,26.5
2025-03-29 11:25:05,-99.7805,37.9112, 372.1, 7853,-29.4,-55.0,-50.9,  7,  9, 0.06,234,26.6
2025-03-29 11:25:06,-99.7803,37.9114, 371.8, 7859,-29.5,-55.1,-51.0,  7,  9, 0.06,234,26.6
2025-03-29 11:25:07,-99.7801,37.9116, 371.5, 7864,-29.5,-55.2,-51.1,  6,  9, 0.06,234,26.6
2025-03-29 11:25:08,-99.7800,37.9117, 371.3, 7869,-29.5,-55.3,-51.2,  6,  8, 0.06,234,26.7
2025-03-29 11:25:09,-99.7798,37.9119, 371.0, 7874,-29.5,-55.4,-51.3,  6,  8, 0.06,234,26.7
2025-03-29 11:25:10,-99.7795,37.9119, 370.7, 7879,-29.6,-55.4,-51.3,  6,  8, 0.06,233,26.7
2025-03-29 11:25:11,-99.7793,37.9121, 370.4, 7885,-29.6,-55.4,-51.3,  6,  8, 0.06,233,26.8
2025-03-29 11:25:12,-99.7790,37.9122, 370.1, 7891,-29.7,-55.4,-51.3,  6,  8, 0.06,233,26.8
2025-03-29 11:25:13,-99.7788,37.9123, 369.8, 7897,-29.7,-55.4,-51.3,  6,  9, 0.06,233,26.8
2025-03-29 11:25:14,-99.7785,37.9125, 369.5, 7902,-29.8,-55.4,-51.3,  6,  9, 0.06,233,26.8
2025-03-29 11:25:15,-99.7782,37.9127, 369.3, 7908,-29.8,-55.5,-51.3,  6,  9, 0.06,233,26.9
2025-03-29 11:25:16,-99.7779,37.9128, 369.0, 7912,-29.9,-55.5,-51.4,  6,  9, 0.06,233,26.9
2025-03-29 11:25:17,-99.7777,37.9130, 368.8, 7917,-29.9,-55.5,-51.4,  6,  9, 0.06,233,26.9
2025-03-29 11:25:18,-99.7774,37.9131, 368.5, 7921,-30.0,-55.5,-51.4,  6,  9, 0.06,233,26.9
2025-03-29 11:25:19,-99.7772,37.9132, 368.3, 7926,-30.0,-55.5,-51.4,  7,  9, 0.06,233,26.8
2025-03-29 11:25:20,-99.7770,37.9133, 368.0, 7932,-30.1,-55.5,-51.4,  7,  9, 0.06,233,26.8
2025-03-29 11:25:21,-99.7768,37.9134, 367.7, 7938,-30.1,-55.5,-51.4,  7,  9, 0.06,233,26.8
2025-03-29 11:25:22,-99.7765,37.9136, 367.3, 7945,-30.2,-55.5,-51.4,  7,  9, 0.06,233,26.7
2025-03-29 11:25:23,-99.7763,37.9137, 367.0, 7952,-30.3,-55.4,-51.3,  7,  9, 0.06,232,26.7
2025-03-29 11:25:24,-99.7760,37.9139, 366.6, 7960,-30.3,-55.4,-51.2,  7,  9, 0.06,232,26.6
2025-03-29 11:25:25,-99.7757,37.9141, 366.2, 7967,-30.4,-55.4,-51.3,  7,  9, 0.06,232,26.6
2025-03-29 11:25:26,-99.7754,37.9142, 365.9, 7973,-30.5,-55.4,-51.3,  7,  9, 0.06,232,26.5
2025-03-29 11:25:27,-99.7752,37.9144, 365.6, 7979,-30.6,-55.4,-51.3,  7,  9, 0.06,232,26.4
2025-03-29 11:25:28,-99.7749,37.9146, 365.3, 7985,-30.7,-55.4,-51.3,  7,  9, 0.06,231,26.3
2025-03-29 11:25:29,-99.7747,37.9148, 365.0, 7990,-30.7,-55.4,-51.3,  7,  9, 0.06,231,26.2
2025-03-29 11:25:30,-99.7744,37.9149, 364.6, 7997,-30.7,-55.4,-51.3,  7, 10, 0.06,231,26.1
2025-03-29 11:25:31,-99.7742,37.9151, 364.3, 8004,-30.8,-55.4,-51.3,  7, 10, 0.06,231,26.0
2025-03-29 11:25:32,-99.7740,37.9152, 363.9, 8012,-30.9,-55.5,-51.4,  7, 10, 0.06,230,25.9
2025-03-29 11:25:33,-99.7739,37.9153, 363.6, 8018,-31.0,-55.5,-51.4,  7, 10, 0.06,230,25.8
2025-03-29 11:25:34,-99.7737,37.9154, 363.3, 8023,-31.0,-55.6,-51.5,  7, 10, 0.06,230,25.7
2025-03-29 11:25:35,-99.7735,37.9155, 363.1, 8028,-31.1,-55.7,-51.5,  7, 10, 0.06,229,25.6
2025-03-29 11:25:36,-99.7733,37.9157, 362.8, 8033,-31.1,-55.7,-51.6,  7, 10, 0.06,229,25.5
2025-03-29 11:25:37,-99.7731,37.9158, 362.6, 8038,-31.1,-55.7,-51.6,  7, 10, 0.06,229,25.4
2025-03-29 11:25:38,-99.7729,37.9160, 362.3, 8043,-31.2,-55.7,-51.6,  7, 10, 0.06,229,25.2
2025-03-29 11:25:39,-99.7727,37.9161, 362.0, 8049,-31.3,-55.7,-51.6,  7, 10, 0.06,228,25.2
2025-03-29 11:25:40,-99.7725,37.9163, 361.7, 8055,-31.3,-55.7,-51.6,  7, 10, 0.06,228,25.1
2025-03-29 11:25:41,-99.7723,37.9165, 361.3, 8062,-31.4,-55.8,-51.7,  7, 10, 0.05,228,25.0
2025-03-29 11:25:42,-99.7721,37.9167, 361.0, 8068,-31.4,-56.0,-51.9,  7, 10, 0.05,228,24.9
2025-03-29 11:25:43,-99.7719,37.9168, 360.7, 8075,-31.4,-56.0,-51.9,  7,  9, 0.05,227,24.8
2025-03-29 11:25:44,-99.7718,37.9170, 360.4, 8081,-31.5,-56.0,-51.9,  7, 10, 0.05,227,24.8
2025-03-29 11:25:45,-99.7716,37.9171, 360.1, 8086,-31.6,-55.9,-51.8,  7, 10, 0.05,227,24.7
2025-03-29 11:25:46,-99.7714,37.9173, 359.9, 8091,-31.7,-55.9,-51.7,  7, 10, 0.05,227,24.7
2025-03-29 11:25:47,-99.7712,37.9174, 359.6, 8095,-31.7,-56.0,-51.8,  7, 10, 0.05,227,24.6
2025-03-29 11:25:48,-99.7710,37.9176, 359.4, 8099,-31.7,-56.1,-52.0,  7, 10, 0.05,227,24.6
2025-03-29 11:25:49,-99.7708,37.9178, 359.2, 8104,-31.7,-56.3,-52.1,  7, 10, 0.05,227,24.6
2025-03-29 11:25:50,-99.7705,37.9179, 358.9, 8109,-31.8,-56.4,-52.2,  7,  9, 0.05,227,24.6
2025-03-29 11:25:51,-99.7703,37.9181, 358.6, 8115,-31.8,-56.5,-52.3,  7,  9, 0.05,227,24.6
2025-03-29 11:25:52,-99.7701,37.9182, 358.4, 8120,-31.8,-56.5,-52.4,  7,  9, 0.05,227,24.6
2025-03-29 11:25:53,-99.7699,37.9183, 358.1, 8125,-31.9,-56.6,-52.5,  7,  9, 0.05,227,24.6
2025-03-29 11:25:54,-99.7697,37.9185, 357.9, 8128,-31.9,-56.6,-52.5,  7,  9, 0.05,227,24.6
2025-03-29 11:25:55,-99.7695,37.9186, 357.8, 8132,-31.9,-56.7,-52.5,  7,  9, 0.05,227,24.6
2025-03-29 11:25:56,-99.7693,37.9188, 357.6, 8135,-32.0,-56.6,-52.5,  7,  9, 0.05,227,24.6
2025-03-29 11:25:57,-99.7691,37.9189, 357.4, 8139,-32.0,-56.5,-52.4,  7,  9, 0.05,227,24.7
2025-03-29 11:25:58,-99.7689,37.9191, 357.2, 8143,-32.0,-56.4,-52.3,  7, 10, 0.05,228,24.7
2025-03-29 11:25:59,-99.7687,37.9192, 357.0, 8147,-32.1,-56.4,-52.2,  7, 10, 0.05,228,24.7
2025-03-29 11:26:00,-99.7684,37.9194, 356.8, 8151,-32.1,-56.4,-52.2,  7, 10, 0.05,228,24.7
2025-03-29 11:26:01,-99.7682,37.9195, 356.6, 8155,-32.1,-56.4,-52.3,  7, 10, 0.05,228,24.8
2025-03-29 11:26:02,-99.7680,37.9196, 356.4, 8159,-32.2,-56.5,-52.3,  7, 10, 0.05,228,24.8
2025-03-29 11:26:03,-99.7678,37.9198, 356.2, 8163,-32.2,-56.5,-52.4,  7, 10, 0.05,228,24.8
2025-03-29 11:26:04,-99.7676,37.9199, 356.0, 8167,-32.3,-56.5,-52.4,  7, 10, 0.05,228,24.9
2025-03-29 11:26:05,-99.7673,37.9201, 355.8, 8171,-32.3,-56.5,-52.4,  7, 10, 0.05,228,24.9
2025-03-29 11:26:06,-99.7671,37.9202, 355.6, 8175,-32.4,-56.5,-52.4,  7, 10, 0.05,228,24.9
2025-03-29 11:26:07,-99.7669,37.9204, 355.3, 8180,-32.4,-56.5,-52.4,  7, 10, 0.05,228,25.0
2025-03-29 11:26:08,-99.7667,37.9205, 355.1, 8185,-32.4,-56.5,-52.4,  7, 10, 0.05,228,25.0
2025-03-29 11:26:09,-99.7665,37.9207, 354.8, 8190,-32.5,-56.5,-52.4,  7, 10, 0.05,228,25.0
2025-03-29 11:26:10,-99.7663,37.9209, 354.6, 8195,-32.5,-56.5,-52.4,  7, 10, 0.05,228,25.1
2025-03-29 11:26:11,-99.7661,37.9210, 354.2, 8201,-32.6,-56.5,-52.4,  7, 10, 0.05,228,25.1
2025-03-29 11:26:12,-99.7659,37.9211, 353.9, 8208,-32.7,-56.5,-52.4,  7, 10, 0.05,228,25.1
2025-03-29 11:26:13,-99.7657,37.9213, 353.6, 8215,-32.7,-56.5,-52.3,  7, 10, 0.05,228,25.1
2025-03-29 11:26:14,-99.7655,37.9215, 353.2, 8222,-32.8,-56.5,-52.3,  8, 10, 0.05,228,25.2
2025-03-29 11:26:15,-99.7653,37.9217, 352.8, 8229,-32.9,-56.5,-52.4,  8, 10, 0.05,228,25.2
2025-03-29 11:26:16,-99.7651,37.9218, 352.5, 8236,-32.9,-56.6,-52.4,  8, 10, 0.05,228,25.2
2025-03-29 11:26:17,-99.7649,37.9220, 352.2, 8243,-33.0,-56.6,-52.4,  8, 10, 0.05,228,25.2
2025-03-29 11:26:18,-99.7646,37.9221, 351.8, 8250,-33.0,-56.5,-52.4,  8, 11, 0.05,228,25.2
2025-03-29 11:26:19,-99.7644,37.9222, 351.5, 8256,-33.1,-56.5,-52.4,  8, 11, 0.05,228,25.3
2025-03-29 11:26:20,-99.7641,37.9224, 351.3, 8261,-33.2,-56.6,-52.4,  8, 11, 0.05,228,25.3
2025-03-29 11:26:21,-99.7639,37.9225, 351.1, 8265,-33.2,-56.6,-52.5,  8, 11, 0.05,228,25.3
2025-03-29 11:26:22,-99.7637,37.9227, 350.9, 8269,-33.2,-56.7,-52.5,  8, 11, 0.05,228,25.3
2025-03-29 11:26:23,-99.7635,37.9228, 350.6, 8273,-33.3,-56.7,-52.6,  8, 11, 0.05,228,25.3
2025-03-29 11:26:24,-99.7633,37.9230, 350.4, 8278,-33.4,-56.8,-52.6,  8, 11, 0.05,228,25.3
2025-03-29 11:26:25,-99.7631,37.9231, 350.2, 8283,-33.4,-56.8,-52.6,  8, 11, 0.05,228,25.3
2025-03-29 11:26:26,-99.7629,37.9233, 349.9, 8287,-33.4,-56.7,-52.6,  8, 11, 0.05,228,25.3
2025-03-29 11:26:27,-99.7627,37.9235, 349.7, 8291,-33.5,-56.7,-52.6,  8, 11, 0.05,228,25.3
2025-03-29 11:26:28,-99.7625,37.9237, 349.6, 8295,-33.5,-56.7,-52.6,  8, 11, 0.05,228,25.2
2025-03-29 11:26:29,-99.7623,37.9239, 349.3, 8299,-33.6,-56.7,-52.6,  8, 11, 0.05,228,25.2
2025-03-29 11:26:30,-99.7620,37.9240, 349.1, 8304,-33.6,-56.7,-52.5,  8, 11, 0.05,227,25.2
2025-03-29 11:26:31,-99.7618,37.9241, 348.9, 8308,-33.7,-56.6,-52.5,  8, 11, 0.05,227,25.2
2025-03-29 11:26:32,-99.7616,37.9242, 348.7, 8313,-33.7,-56.5,-52.4,  8, 11, 0.05,227,25.2
2025-03-29 11:26:33,-99.7614,37.9244, 348.5, 8317,-33.7,-56.5,-52.3,  8, 11, 0.05,227,25.2
2025-03-29 11:26:34,-99.7612,37.9245, 348.2, 8322,-33.8,-56.5,-52.3,  8, 12, 0.05,227,25.2
2025-03-29 11:26:35,-99.7610,37.9247, 348.0, 8326,-33.8,-56.5,-52.4,  8, 12, 0.05,227,25.2
2025-03-29 11:26:36,-99.7608,37.9249, 347.8, 8330,-33.9,-56.6,-52.4,  8, 11, 0.05,227,25.1
2025-03-29 11:26:37,-99.7606,37.9250, 347.6, 8334,-33.9,-56.6,-52.5,  8, 11, 0.05,227,25.1
2025-03-29 11:26:38,-99.7604,37.9252, 347.4, 8338,-33.9,-56.7,-52.5,  8, 11, 0.05,227,25.1
2025-03-29 11:26:39,-99.7602,37.9253, 347.2, 8342,-34.0,-56.7,-52.6,  8, 11, 0.05,227,25.1
2025-03-29 11:26:40,-99.7600,37.9255, 347.0, 8346,-34.0,-56.7,-52.6,  8, 11, 0.05,227,25.1
2025-03-29 11:26:41,-99.7598,37.9257, 346.8, 8351,-34.1,-56.8,-52.6,  8, 11, 0.05,227,25.1
2025-03-29 11:26:42,-99.7595,37.9258, 346.6, 8355,-34.1,-56.8,-52.7,  8, 11, 0.05,227,25.1
2025-03-29 11:26:43,-99.7593,37.9260, 346.4, 8359,-34.1,-56.8,-52.7,  8, 11, 0.05,227,25.1
2025-03-29 11:26:44,-99.7591,37.9261, 346.2, 8364,-34.2,-56.9,-52.7,  8, 12, 0.05,226,25.1
2025-03-29 11:26:45,-99.7589,37.9262, 345.9, 8368,-34.2,-56.9,-52.7,  8, 12, 0.05,226,25.1
2025-03-29 11:26:46,-99.7587,37.9264, 345.7, 8372,-34.3,-56.9,-52.7,  8, 12, 0.05,226,25.1
2025-03-29 11:26:47,-99.7586,37.9266, 345.5, 8376,-34.3,-56.8,-52.7,  8, 12, 0.05,226,25.2
2025-03-29 11:26:48,-99.7584,37.9267, 345.3, 8381,-34.3,-56.8,-52.6,  8, 12, 0.05,226,25.2
2025-03-29 11:26:49,-99.7581,37.9269, 345.1, 8385,-34.4,-56.8,-52.6,  8, 12, 0.05,226,25.2
2025-03-29 11:26:50,-99.7579,37.9271, 344.9, 8389,-34.4,-56.8,-52.7,  8, 12, 0.05,226,25.2
2025-03-29 11:26:51,-99.7577,37.9272, 344.7, 8394,-34.5,-56.9,-52.7,  8, 12, 0.05,226,25.2
2025-03-29 11:26:52,-99.7575,37.9274, 344.5, 8398,-34.5,-57.0,-52.8,  8, 12, 0.05,226,25.3
2025-03-29 11:26:53,-99.7573,37.9275, 344.3, 8402,-34.6,-57.0,-52.9,  8, 12, 0.05,226,25.3
2025-03-29 11:26:54,-99.7571,37.9277, 344.1, 8406,-34.6,-57.0,-52.9,  8, 12, 0.05,225,25.3
2025-03-29 11:26:55,-99.7569,37.9279, 343.9, 8410,-34.6,-57.0,-52.8,  8, 12, 0.05,225,25.3
2025-03-29 11:26:56,-99.7567,37.9280, 343.7, 8414,-34.6,-56.9,-52.7,  9, 12, 0.05,225,25.4
2025-03-29 11:26:57,-99.7565,37.9282, 343.5, 8418,-34.7,-56.8,-52.7,  9, 12, 0.05,225,25.4
2025-03-29 11:26:58,-99.7563,37.9283, 343.3, 8422,-34.7,-56.8,-52.7,  9, 12, 0.05,225,25.4
2025-03-29 11:26:59,-99.7560,37.9285, 343.1, 8426,-34.8,-56.8,-52.7,  9, 12, 0.05,225,25.4
2025-03-29 11:27:00,-99.7558,37.9286, 342.9, 8430,-34.8,-56.8,-52.7,  9, 12, 0.05,225,25.5
2025-03-29 11:27:01,-99.7556,37.9288, 342.7, 8435,-34.8,-56.8,-52.6,  9, 12, 0.05,225,25.5
2025-03-29 11:27:02,-99.7554,37.9290, 342.4, 8439,-34.9,-56.8,-52.6,  9, 13, 0.05,225,25.5
2025-03-29 11:27:03,-99.7552,37.9292, 342.2, 8444,-34.9,-56.7,-52.6,  9, 13, 0.05,225,25.5
2025-03-29 11:27:04,-99.7550,37.9294, 342.0, 8448,-34.9,-56.7,-52.6,  9, 13, 0.05,225,25.5
2025-03-29 11:27:05,-99.7548,37.9295, 341.8, 8453,-35.0,-56.8,-52.6,  9, 13, 0.05,225,25.6
2025-03-29 11:27:06,-99.7547,37.9297, 341.6, 8457,-35.0,-56.8,-52.7,  9, 13, 0.05,225,25.6
2025-03-29 11:27:07,-99.7545,37.9298, 341.4, 8461,-35.1,-56.9,-52.7,  9, 13, 0.05,225,25.6
2025-03-29 11:27:08,-99.7543,37.9300, 341.2, 8465,-35.1,-56.9,-52.8,  9, 13, 0.05,225,25.6
2025-03-29 11:27:09,-99.7541,37.9301, 341.0, 8469,-35.1,-57.0,-52.8,  9, 13, 0.05,225,25.6
2025-03-29 11:27:10,-99.7539,37.9303, 340.8, 8473,-35.1,-57.0,-52.8,  9, 13, 0.05,225,25.6
2025-03-29 11:27:11,-99.7537,37.9305, 340.6, 8477,-35.2,-56.9,-52.8,  9, 13, 0.05,225,25.6
2025-03-29 11:27:12,-99.7534,37.9306, 340.4, 8481,-35.2,-56.9,-52.7,  9, 13, 0.05,225,25.6
2025-03-29 11:27:13,-99.7532,37.9308, 340.2, 8485,-35.2,-56.9,-52.8,  9, 13, 0.05,224,25.7
2025-03-29 11:27:14,-99.7530,37.9310, 340.0, 8489,-35.3,-57.0,-52.8,  9, 13, 0.05,224,25.7
2025-03-29 11:27:15,-99.7528,37.9311, 339.8, 8492,-35.3,-57.0,-52.9,  9, 13, 0.05,224,25.7
2025-03-29 11:27:16,-99.7526,37.9313, 339.7, 8496,-35.3,-57.1,-52.9,  9, 13, 0.05,224,25.7
2025-03-29 11:27:17,-99.7524,37.9314, 339.5, 8500,-35.4,-57.2,-53.0,  9, 13, 0.05,224,25.7
2025-03-29 11:27:18,-99.7522,37.9316, 339.3, 8504,-35.4,-57.2,-53.0,  9, 13, 0.05,224,25.7
2025-03-29 11:27:19,-99.7520,37.9318, 339.1, 8508,-35.4,-57.2,-53.0,  9, 13, 0.05,224,25.7
2025-03-29 11:27:20,-99.7518,37.9319, 338.8, 8513,-35.5,-57.1,-53.0,  9, 13, 0.05,224,25.7
2025-03-29 11:27:21,-99.7516,37.9321, 338.6, 8517,-35.5,-57.1,-53.0,  9, 13, 0.05,224,25.8
2025-03-29 11:27:22,-99.7514,37.9323, 338.4, 8522,-35.6,-57.2,-53.0,  9, 13, 0.05,224,25.8
2025-03-29 11:27:23,-99.7512,37.9324, 338.2, 8526,-35.6,-57.3,-53.1,  9, 13, 0.05,224,25.8
2025-03-29 11:27:24,-99.7510,37.9326, 338.0, 8530,-35.6,-57.3,-53.1,  9, 13, 0.05,224,25.8
2025-03-29 11:27:25,-99.7508,37.9328, 337.8, 8533,-35.7,-57.3,-53.1,  9, 13, 0.05,224,25.8
2025-03-29 11:27:26,-99.7506,37.9329, 337.6, 8538,-35.7,-57.2,-53.1,  9, 13, 0.05,224,25.8
2025-03-29 11:27:27,-99.7504,37.9331, 337.4, 8542,-35.8,-57.2,-53.1,  9, 13, 0.05,224,25.8
2025-03-29 11:27:28,-99.7502,37.9333, 337.2, 8546,-35.8,-57.3,-53.1,  9, 13, 0.05,224,25.9
2025-03-29 11:27:29,-99.7500,37.9335, 337.0, 8550,-35.8,-57.3,-53.2,  9, 13, 0.05,224,25.9
2025-03-29 11:27:30,-99.7498,37.9337, 336.9, 8553,-35.9,-57.3,-53.2,  9, 13, 0.05,224,25.9
2025-03-29 11:27:31,-99.7495,37.9338, 336.7, 8556,-35.9,-57.3,-53.2,  9, 13, 0.05,224,25.9
2025-03-29 11:27:32,-99.7493,37.9340, 336.6, 8560,-35.9,-57.4,-53.2,  9, 13, 0.05,224,25.9
2025-03-29 11:27:33,-99.7491,37.9342, 336.4, 8563,-36.0,-57.4,-53.2,  9, 13, 0.05,224,25.9
2025-03-29 11:27:34,-99.7489,37.9343, 336.2, 8567,-36.0,-57.3,-53.2,  9, 13, 0.05,224,25.9
2025-03-29 11:27:35,-99.7487,37.9345, 336.0, 8572,-36.1,-57.3,-53.2,  9, 13, 0.05,224,25.9
2025-03-29 11:27:36,-99.7486,37.9346, 335.8, 8576,-36.1,-57.3,-53.1,  9, 13, 0.05,224,25.9
2025-03-29 11:27:37,-99.7484,37.9348, 335.5, 8581,-36.1,-57.3,-53.2,  9, 13, 0.05,224,25.9
2025-03-29 11:27:38,-99.7482,37.9350, 335.3, 8585,-36.2,-57.4,-53.2,  9, 13, 0.05,224,25.9
2025-03-29 11:27:39,-99.7480,37.9351, 335.0, 8591,-36.2,-57.4,-53.2,  9, 13, 0.05,225,25.9
2025-03-29 11:27:40,-99.7478,37.9353, 334.8, 8596,-36.3,-57.4,-53.2, 10, 14, 0.05,225,25.9
2025-03-29 11:27:41,-99.7476,37.9354, 334.5, 8603,-36.3,-57.3,-53.2, 10, 14, 0.05,225,25.9
2025-03-29 11:27:42,-99.7473,37.9356, 334.1, 8610,-36.4,-57.3,-53.2, 10, 14, 0.05,225,25.9
2025-03-29 11:27:43,-99.7471,37.9358, 333.8, 8617,-36.5,-57.3,-53.2, 10, 14, 0.05,225,25.9
2025-03-29 11:27:44,-99.7468,37.9360, 333.5, 8623,-36.6,-57.4,-53.2, 10, 14, 0.05,225,25.9
2025-03-29 11:27:45,-99.7466,37.9361, 333.2, 8629,-36.6,-57.5,-53.3, 10, 14, 0.05,225,25.9
2025-03-29 11:27:46,-99.7464,37.9363, 333.0, 8633,-36.7,-57.5,-53.3, 10, 14, 0.05,225,25.9
2025-03-29 11:27:47,-99.7462,37.9365, 332.8, 8637,-36.7,-57.5,-53.3, 10, 14, 0.05,225,25.9
2025-03-29 11:27:48,-99.7460,37.9366, 332.6, 8642,-36.7,-57.5,-53.3, 10, 14, 0.05,225,25.9
2025-03-29 11:27:49,-99.7458,37.9368, 332.3, 8647,-36.8,-57.5,-53.4, 10, 14, 0.05,225,25.9
2025-03-29 11:27:50,-99.7456,37.9370, 332.1, 8653,-36.8,-57.5,-53.4, 10, 14, 0.05,226,25.8
2025-03-29 11:27:51,-99.7454,37.9371, 331.8, 8658,-36.9,-57.6,-53.4, 10, 14, 0.05,226,25.8
2025-03-29 11:27:52,-99.7452,37.9373, 331.6, 8663,-36.9,-57.6,-53.4, 10, 14, 0.05,226,25.8
2025-03-29 11:27:53,-99.7450,37.9375, 331.3, 8669,-37.0,-57.7,-53.5, 10, 14, 0.05,226,25.8
2025-03-29 11:27:54,-99.7448,37.9376, 331.0, 8675,-37.0,-57.7,-53.6, 10, 14, 0.05,226,25.8
2025-03-29 11:27:55,-99.7446,37.9377, 330.7, 8681,-37.1,-57.8,-53.6, 10, 14, 0.05,226,25.8
2025-03-29 11:27:56,-99.7444,37.9379, 330.5, 8686,-37.2,-57.8,-53.6, 10, 14, 0.05,226,25.8
2025-03-29 11:27:57,-99.7441,37.9380, 330.2, 8691,-37.2,-57.8,-53.6, 10, 14, 0.05,226,25.8
2025-03-29 11:27:58,-99.7439,37.9382, 330.0, 8696,-37.3,-57.7,-53.6, 10, 14, 0.05,226,25.8
2025-03-29 11:27:59,-99.7437,37.9383, 329.8, 8700,-37.3,-57.8,-53.6, 10, 14, 0.05,226,25.8
2025-03-29 11:28:00,-99.7435,37.9385, 329.6, 8704,-37.3,-57.8,-53.6, 10, 14, 0.05,226,25.8
2025-03-29 11:28:01,-99.7433,37.9387, 329.4, 8708,-37.3,-57.9,-53.7, 10, 14, 0.05,226,25.8
2025-03-29 11:28:02,-99.7431,37.9389, 329.2, 8712,-37.4,-58.0,-53.8, 10, 14, 0.05,226,25.8
2025-03-29 11:28:03,-99.7429,37.9390, 329.0, 8716,-37.4,-58.1,-53.9, 10, 14, 0.05,226,25.8
2025-03-29 11:28:04,-99.7427,37.9392, 328.9, 8720,-37.5,-58.1,-53.9, 10, 14, 0.05,226,25.8
2025-03-29 11:28:05,-99.7425,37.9393, 328.7, 8724,-37.5,-58.1,-54.0, 10, 14, 0.05,226,25.8
2025-03-29 11:28:06,-99.7423,37.9395, 328.5, 8728,-37.5,-58.2,-54.0, 10, 14, 0.05,226,25.8
2025-03-29 11:28:07,-99.7421,37.9397, 328.3, 8732,-37.5,-58.2,-54.0, 10, 14, 0.05,226,25.9
2025-03-29 11:28:08,-99.7418,37.9398, 328.0, 8737,-37.5,-58.1,-53.9, 10, 14, 0.05,226,25.9
2025-03-29 11:28:09,-99.7416,37.9400, 327.9, 8741,-37.5,-58.0,-53.9, 10, 14, 0.05,226,25.9
2025-03-29 11:28:10,-99.7414,37.9402, 327.7, 8744,-37.6,-58.0,-53.8, 10, 14, 0.05,226,25.9
2025-03-29 11:28:11,-99.7412,37.9404, 327.5, 8748,-37.6,-58.0,-53.8, 10, 15, 0.05,226,25.9
2025-03-29 11:28:12,-99.7410,37.9405, 327.4, 8751,-37.6,-58.0,-53.8, 10, 15, 0.05,226,25.9
2025-03-29 11:28:13,-99.7407,37.9407, 327.2, 8755,-37.7,-58.0,-53.8, 10, 15, 0.05,226,25.9
2025-03-29 11:28:14,-99.7405,37.9408, 327.0, 8758,-37.7,-57.9,-53.8, 10, 15, 0.05,226,25.9
2025-03-29 11:28:15,-99.7403,37.9410, 326.8, 8762,-37.7,-57.9,-53.8, 10, 15, 0.05,226,25.9
2025-03-29 11:28:16,-99.7401,37.9411, 326.7, 8766,-37.8,-58.0,-53.8, 10, 15, 0.05,226,25.9
2025-03-29 11:28:17,-99.7399,37.9413, 326.5, 8770,-37.8,-58.0,-53.8, 10, 15, 0.05,226,25.9
2025-03-29 11:28:18,-99.7397,37.9415, 326.3, 8773,-37.9,-58.0,-53.8, 10, 15, 0.05,226,25.9
2025-03-29 11:28:19,-99.7395,37.9417, 326.1, 8777,-37.9,-58.0,-53.9, 10, 15, 0.05,226,25.8
2025-03-29 11:28:20,-99.7393,37.9418, 325.9, 8781,-37.9,-58.1,-53.9, 10, 15, 0.05,226,25.8
2025-03-29 11:28:21,-99.7391,37.9420, 325.7, 8786,-38.0,-58.1,-53.9, 10, 15, 0.05,226,25.8
2025-03-29 11:28:22,-99.7389,37.9421, 325.5, 8790,-38.0,-58.1,-53.9, 10, 15, 0.05,226,25.8
2025-03-29 11:28:23,-99.7386,37.9423, 325.3, 8795,-38.1,-58.1,-54.0, 10, 15, 0.05,226,25.8
2025-03-29 11:28:24,-99.7384,37.9425, 325.1, 8799,-38.1,-58.2,-54.0, 10, 15, 0.05,226,25.8
2025-03-29 11:28:25,-99.7382,37.9426, 324.9, 8803,-38.2,-58.2,-54.1, 10, 15, 0.05,226,25.8
2025-03-29 11:28:26,-99.7380,37.9428, 324.7, 8807,-38.2,-58.3,-54.1, 10, 15, 0.05,226,25.8
2025-03-29 11:28:27,-99.7378,37.9429, 324.5, 8811,-38.2,-58.3,-54.1, 10, 15, 0.05,226,25.8
2025-03-29 11:28:28,-99.7376,37.9431, 324.3, 8816,-38.3,-58.2,-54.0, 10, 15, 0.05,226,25.8
2025-03-29 11:28:29,-99.7374,37.9433, 324.1, 8820,-38.3,-58.2,-54.0, 11, 15, 0.05,226,25.8
2025-03-29 11:28:30,-99.7372,37.9434, 323.9, 8824,-38.4,-58.2,-54.0, 11, 15, 0.05,226,25.8
2025-03-29 11:28:31,-99.7370,37.9436, 323.7, 8828,-38.4,-58.2,-54.0, 11, 15, 0.05,226,25.8
2025-03-29 11:28:32,-99.7368,37.9437, 323.5, 8832,-38.4,-58.3,-54.1, 11, 15, 0.05,226,25.8
2025-03-29 11:28:33,-99.7366,37.9439, 323.4, 8836,-38.5,-58.3,-54.1, 11, 15, 0.05,226,25.8
2025-03-29 11:28:34,-99.7364,37.9441, 323.2, 8840,-38.5,-58.3,-54.1, 11, 16, 0.05,226,25.8
2025-03-29 11:28:35,-99.7362,37.9442, 323.0, 8844,-38.6,-58.2,-54.0, 11, 16, 0.05,226,25.8
2025-03-29 11:28:36,-99.7359,37.9444, 322.8, 8848,-38.6,-58.2,-54.0, 11, 16, 0.05,226,25.8
2025-03-29 11:28:37,-99.7357,37.9445, 322.6, 8852,-38.7,-58.2,-54.0, 11, 16, 0.05,226,25.8
2025-03-29 11:28:38,-99.7355,37.9447, 322.4, 8856,-38.7,-58.2,-54.0, 11, 16, 0.05,226,25.9
2025-03-29 11:28:39,-99.7353,37.9448, 322.2, 8860,-38.7,-58.2,-54.0, 11, 16, 0.05,226,25.9
2025-03-29 11:28:40,-99.7351,37.9450, 322.0, 8864,-38.8,-58.1,-53.9, 11, 16, 0.05,226,25.9
2025-03-29 11:28:41,-99.7349,37.9452, 321.9, 8868,-38.8,-58.1,-53.9, 11, 16, 0.05,226,25.9
2025-03-29 11:28:42,-99.7346,37.9454, 321.7, 8872,-38.8,-58.1,-54.0, 11, 16, 0.05,226,26.0
2025-03-29 11:28:43,-99.7344,37.9455, 321.5, 8876,-38.9,-58.2,-54.0, 11, 16, 0.05,226,26.0
2025-03-29 11:28:44,-99.7342,37.9457, 321.3, 8880,-38.9,-58.2,-54.1, 11, 16, 0.05,226,26.0
2025-03-29 11:28:45,-99.7340,37.9458, 321.1, 8884,-39.0,-58.3,-54.1, 11, 16, 0.05,226,26.1
2025-03-29 11:28:46,-99.7338,37.9460, 320.9, 8888,-39.0,-58.3,-54.1, 11, 16, 0.05,226,26.1
2025-03-29 11:28:47,-99.7336,37.9462, 320.7, 8892,-39.0,-58.3,-54.1, 11, 16, 0.05,226,26.1
2025-03-29 11:28:48,-99.7333,37.9463, 320.5, 8896,-39.1,-58.3,-54.1, 11, 17, 0.05,226,26.1
2025-03-29 11:28:49,-99.7331,37.9465, 320.3, 8900,-39.1,-58.3,-54.1, 11, 17, 0.05,226,26.2
2025-03-29 11:28:50,-99.7329,37.9467, 320.2, 8904,-39.1,-58.3,-54.1, 11, 17, 0.05,226,26.2
2025-03-29 11:28:51,-99.7327,37.9468, 320.0, 8908,-39.2,-58.4,-54.2, 11, 16, 0.05,226,26.2
2025-03-29 11:28:52,-99.7325,37.9470, 319.8, 8912,-39.2,-58.4,-54.2, 11, 16, 0.04,226,26.2
2025-03-29 11:28:53,-99.7323,37.9472, 319.6, 8915,-39.2,-58.4,-54.2, 11, 17, 0.04,226,26.2
2025-03-29 11:28:54,-99.7321,37.9473, 319.5, 8919,-39.3,-58.4,-54.2, 11, 17, 0.05,226,26.3
2025-03-29 11:28:55,-99.7319,37.9475, 319.3, 8923,-39.3,-58.4,-54.2, 11, 17, 0.05,226,26.3
2025-03-29 11:28:56,-99.7316,37.9477, 319.1, 8927,-39.3,-58.4,-54.2, 11, 17, 0.05,226,26.3
2025-03-29 11:28:57,-99.7314,37.9478, 318.9, 8932,-39.4,-58.3,-54.1, 12, 17, 0.05,226,26.3
2025-03-29 11:28:58,-99.7312,37.9480, 318.7, 8936,-39.4,-58.3,-54.1, 12, 17, 0.05,226,26.3
2025-03-29 11:28:59,-99.7310,37.9481, 318.5, 8940,-39.4,-58.2,-54.0, 12, 17, 0.05,226,26.3
2025-03-29 11:29:00,-99.7308,37.9483, 318.3, 8945,-39.5,-58.2,-54.1, 12, 17, 0.05,227,26.3
2025-03-29 11:29:01,-99.7306,37.9484, 318.1, 8948,-39.5,-58.3,-54.1, 12, 17, 0.05,227,26.3
2025-03-29 11:29:02,-99.7304,37.9486, 317.9, 8952,-39.5,-58.3,-54.1, 12, 17, 0.05,227,26.4
2025-03-29 11:29:03,-99.7302,37.9488, 317.7, 8956,-39.6,-58.3,-54.1, 12, 17, 0.05,227,26.4
2025-03-29 11:29:04,-99.7299,37.9489, 317.5, 8961,-39.6,-58.3,-54.1, 12, 18, 0.05,227,26.4
2025-03-29 11:29:05,-99.7297,37.9491, 317.3, 8965,-39.7,-58.3,-54.1, 12, 18, 0.05,227,26.4
2025-03-29 11:29:06,-99.7295,37.9493, 317.1, 8970,-39.7,-58.3,-54.1, 12, 18, 0.05,227,26.4
2025-03-29 11:29:07,-99.7292,37.9494, 316.9, 8974,-39.8,-58.3,-54.1, 12, 18, 0.05,227,26.5
2025-03-29 11:29:08,-99.7290,37.9496, 316.7, 8979,-39.8,-58.3,-54.2, 12, 18, 0.05,228,26.5
2025-03-29 11:29:09,-99.7288,37.9498, 316.5, 8983,-39.8,-58.4,-54.2, 12, 18, 0.05,228,26.5
2025-03-29 11:29:10,-99.7286,37.9500, 316.3, 8988,-39.9,-58.4,-54.2, 12, 18, 0.05,228,26.5
2025-03-29 11:29:11,-99.7284,37.9501, 316.0, 8993,-39.9,-58.4,-54.2, 12, 18, 0.05,228,26.6
2025-03-29 11:29:12,-99.7281,37.9503, 315.8, 8997,-40.0,-58.5,-54.3, 12, 18, 0.05,228,26.6
2025-03-29 11:29:13,-99.7279,37.9504, 315.6, 9003,-40.0,-58.5,-54.3, 12, 18, 0.05,228,26.7
2025-03-29 11:29:14,-99.7277,37.9505, 315.3, 9009,-40.1,-58.4,-54.2, 12, 18, 0.05,228,26.7
2025-03-29 11:29:15,-99.7275,37.9507, 315.0, 9016,-40.1,-58.2,-54.1, 13, 19, 0.05,229,26.8
2025-03-29 11:29:16,-99.7272,37.9508, 314.7, 9023,-40.2,-58.1,-53.9, 13, 19, 0.05,229,26.8
2025-03-29 11:29:17,-99.7270,37.9509, 314.4, 9029,-40.2,-58.0,-53.8, 13, 19, 0.05,229,26.9
2025-03-29 11:29:18,-99.7268,37.9511, 314.2, 9033,-40.2,-58.0,-53.9, 13, 19, 0.05,229,26.9
2025-03-29 11:29:19,-99.7265,37.9512, 314.0, 9037,-40.3,-58.1,-53.9, 13, 19, 0.05,229,27.0
2025-03-29 11:29:20,-99.7262,37.9514, 313.8, 9041,-40.3,-58.1,-53.9, 13, 19, 0.05,229,27.1
2025-03-29 11:29:21,-99.7260,37.9516, 313.6, 9045,-40.3,-58.0,-53.8, 13, 20, 0.05,229,27.1
2025-03-29 11:29:22,-99.7257,37.9517, 313.4, 9050,-40.3,-57.8,-53.6, 14, 20, 0.05,230,27.2
2025-03-29 11:29:23,-99.7255,37.9519, 313.2, 9055,-40.3,-57.5,-53.4, 14, 21, 0.05,230,27.3
2025-03-29 11:29:24,-99.7253,37.9521, 312.9, 9060,-40.4,-57.4,-53.2, 14, 21, 0.05,230,27.3
2025-03-29 11:29:25,-99.7251,37.9523, 312.7, 9064,-40.4,-57.4,-53.2, 14, 21, 0.05,230,27.4
2025-03-29 11:29:26,-99.7249,37.9524, 312.5, 9068,-40.4,-57.3,-53.2, 15, 22, 0.05,230,27.5
2025-03-29 11:29:27,-99.7246,37.9526, 312.4, 9072,-40.4,-57.3,-53.1, 15, 22, 0.05,230,27.6
2025-03-29 11:29:28,-99.7243,37.9528, 312.2, 9076,-40.5,-57.2,-53.0, 15, 22, 0.05,230,27.6
2025-03-29 11:29:29,-99.7241,37.9530, 312.0, 9080,-40.5,-57.1,-53.0, 15, 22, 0.05,230,27.7
2025-03-29 11:29:30,-99.7239,37.9531, 311.8, 9085,-40.6,-57.1,-53.0, 15, 22, 0.05,230,27.7
2025-03-29 11:29:31,-99.7236,37.9532, 311.6, 9090,-40.6,-57.2,-53.1, 15, 22, 0.05,230,27.8
2025-03-29 11:29:32,-99.7234,37.9534, 311.4, 9094,-40.6,-57.3,-53.2, 15, 22, 0.05,230,27.8
2025-03-29 11:29:33,-99.7231,37.9535, 311.2, 9098,-40.7,-57.4,-53.2, 15, 22, 0.05,230,27.9
2025-03-29 11:29:34,-99.7229,37.9537, 311.0, 9102,-40.7,-57.3,-53.1, 15, 23, 0.05,230,27.9
2025-03-29 11:29:35,-99.7226,37.9539, 310.8, 9107,-40.8,-57.1,-52.9, 16, 23, 0.05,230,28.0
2025-03-29 11:29:36,-99.7224,37.9541, 310.5, 9113,-40.8,-56.9,-52.8, 16, 24, 0.06,230,28.0
2025-03-29 11:29:37,-99.7221,37.9542, 310.2, 9121,-40.9,-56.7,-52.6, 17, 25, 0.06,230,28.1
2025-03-29 11:29:38,-99.7219,37.9543, 309.8, 9128,-41.0,-56.6,-52.5, 17, 25, 0.06,230,28.1
2025-03-29 11:29:39,-99.7216,37.9545, 309.5, 9135,-41.0,-56.6,-52.5, 17, 25, 0.06,231,28.1
2025-03-29 11:29:40,-99.7213,37.9547, 309.3, 9140,-41.1,-56.7,-52.5, 17, 25, 0.06,231,28.1
2025-03-29 11:29:41,-99.7211,37.9548, 309.1, 9144,-41.1,-56.9,-52.7, 17, 25, 0.06,231,28.1
2025-03-29 11:29:42,-99.7208,37.9550, 308.9, 9149,-41.2,-57.1,-52.9, 16, 24, 0.05,231,28.2
2025-03-29 11:29:43,-99.7206,37.9552, 308.7, 9153,-41.2,-57.3,-53.1, 16, 24, 0.05,231,28.2
2025-03-29 11:29:44,-99.7204,37.9553, 308.4, 9158,-41.3,-57.4,-53.2, 16, 24, 0.05,231,28.2
2025-03-29 11:29:45,-99.7201,37.9555, 308.2, 9163,-41.3,-57.3,-53.2, 16, 24, 0.05,231,28.2
2025-03-29 11:29:46,-99.7199,37.9556, 308.0, 9168,-41.4,-57.2,-53.0, 16, 25, 0.05,231,28.2
2025-03-29 11:29:47,-99.7196,37.9558, 307.8, 9172,-41.4,-57.0,-52.9, 17, 25, 0.06,231,28.2
2025-03-29 11:29:48,-99.7194,37.9560, 307.6, 9177,-41.4,-56.8,-52.7, 17, 26, 0.06,231,28.2
2025-03-29 11:29:49,-99.7191,37.9562, 307.4, 9182,-41.5,-56.7,-52.5, 18, 27, 0.06,231,28.2
2025-03-29 11:29:50,-99.7189,37.9564, 307.2, 9187,-41.5,-56.6,-52.4, 18, 27, 0.06,231,28.2
2025-03-29 11:29:51,-99.7186,37.9565, 306.9, 9191,-41.6,-56.5,-52.4, 18, 27, 0.06,231,28.2
2025-03-29 11:29:52,-99.7184,37.9566, 306.7, 9196,-41.6,-56.5,-52.4, 18, 27, 0.06,231,28.2
2025-03-29 11:29:53,-99.7181,37.9568, 306.5, 9201,-41.7,-56.5,-52.3, 19, 28, 0.06,232,28.2
2025-03-29 11:29:54,-99.7179,37.9569, 306.3, 9205,-41.7,-56.4,-52.3, 19, 28, 0.06,232,28.2
2025-03-29 11:29:55,-99.7176,37.9571, 306.1, 9209,-41.7,-56.3,-52.2, 19, 28, 0.06,232,28.2
2025-03-29 11:29:56,-99.7174,37.9573, 305.9, 9214,-41.8,-56.2,-52.1, 19, 29, 0.06,232,28.2
2025-03-29 11:29:57,-99.7171,37.9574, 305.7, 9218,-41.8,-56.1,-52.0, 20, 29, 0.06,232,28.3
2025-03-29 11:29:58,-99.7169,37.9576, 305.5, 9223,-41.8,-56.0,-51.9, 20, 30, 0.06,232,28.3
2025-03-29 11:29:59,-99.7166,37.9577, 305.3, 9228,-41.8,-55.9,-51.8, 20, 30, 0.06,232,28.3
2025-03-29 11:30:00,-99.7164,37.9579, 305.1, 9232,-41.9,-55.9,-51.7, 20, 31, 0.06,232,28.3
2025-03-29 11:30:01,-99.7161,37.9580, 304.9, 9237,-41.9,-55.8,-51.6, 21, 31, 0.07,232,28.3
2025-03-29 11:30:02,-99.7158,37.9582, 304.7, 9241,-41.9,-55.6,-51.5, 21, 32, 0.07,232,28.3
2025-03-29 11:30:03,-99.7156,37.9583, 304.5, 9245,-41.9,-55.4,-51.3, 22, 32, 0.07,233,28.4
2025-03-29 11:30:04,-99.7153,37.9584, 304.3, 9249,-41.9,-55.3,-51.2, 22, 33, 0.07,233,28.4
2025-03-29 11:30:05,-99.7151,37.9586, 304.2, 9253,-41.9,-55.2,-51.1, 22, 33, 0.07,233,28.4
2025-03-29 11:30:06,-99.7148,37.9588, 304.0, 9258,-42.0,-55.2,-51.1, 22, 33, 0.07,233,28.4
2025-03-29 11:30:07,-99.7145,37.9589, 303.8, 9262,-42.0,-55.2,-51.1, 22, 33, 0.07,233,28.5
2025-03-29 11:30:08,-99.7142,37.9591, 303.6, 9266,-42.0,-55.2,-51.1, 22, 34, 0.07,233,28.5
2025-03-29 11:30:09,-99.7140,37.9592, 303.4, 9271,-42.1,-55.1,-51.0, 23, 34, 0.07,233,28.5
2025-03-29 11:30:10,-99.7138,37.9594, 303.2, 9274,-42.1,-55.0,-50.9, 23, 35, 0.07,233,28.5
2025-03-29 11:30:11,-99.7135,37.9596, 303.0, 9278,-42.1,-54.9,-50.8, 23, 35, 0.07,233,28.6
2025-03-29 11:30:12,-99.7133,37.9598, 302.9, 9282,-42.2,-54.9,-50.8, 24, 36, 0.07,233,28.6
2025-03-29 11:30:13,-99.7130,37.9599, 302.7, 9285,-42.2,-54.9,-50.8, 24, 36, 0.07,233,28.6
2025-03-29 11:30:14,-99.7127,37.9601, 302.5, 9289,-42.2,-55.0,-50.9, 24, 36, 0.07,233,28.7
2025-03-29 11:30:15,-99.7124,37.9602, 302.4, 9293,-42.3,-55.0,-50.9, 24, 36, 0.07,233,28.7
2025-03-29 11:30:16,-99.7122,37.9603, 302.2, 9297,-42.3,-55.0,-50.9, 24, 36, 0.07,233,28.7
2025-03-29 11:30:17,-99.7119,37.9605, 302.0, 9301,-42.4,-55.0,-50.9, 24, 36, 0.07,233,28.7
2025-03-29 11:30:18,-99.7117,37.9606, 301.8, 9305,-42.4,-54.9,-50.8, 24, 36, 0.07,233,28.7
2025-03-29 11:30:19,-99.7114,37.9608, 301.6, 9310,-42.4,-54.8,-50.8, 24, 37, 0.07,233,28.8
2025-03-29 11:30:20,-99.7111,37.9610, 301.4, 9315,-42.5,-54.8,-50.7, 25, 37, 0.07,233,28.8
2025-03-29 11:30:21,-99.7108,37.9611, 301.2, 9320,-42.5,-54.7,-50.6, 25, 38, 0.08,233,28.8
2025-03-29 11:30:22,-99.7105,37.9613, 300.9, 9325,-42.6,-54.4,-50.3, 26, 40, 0.08,233,28.8
2025-03-29 11:30:23,-99.7103,37.9614, 300.7, 9330,-42.6,-54.0,-49.9, 28, 42, 0.08,233,28.8
2025-03-29 11:30:24,-99.7101,37.9615, 300.5, 9334,-42.7,-53.6,-49.5, 29, 44, 0.09,233,28.8
2025-03-29 11:30:24,-99.7101,37.9616, 300.3, 9339,-42.7,-53.3,-49.3, 30, 46, 0.09,233,28.9
2025-03-29 11:30:25,-99.7098,37.9618, 300.1, 9343,-42.7,-53.2,-49.2, 31, 46, 0.09,233,28.9
2025-03-29 11:30:26,-99.7096,37.9619, 300.0, 9346,-42.7,-53.2,-49.1, 31, 47, 0.09,233,28.9
2025-03-29 11:30:27,-99.7093,37.9621, 299.9, 9347,-42.8,-53.2,-49.1, 31, 47, 0.09,233,28.9
2025-03-29 11:30:28,-99.7091,37.9622, 299.8, 9351,-42.8,-53.2,-49.2, 31, 47, 0.09,233,28.9
2025-03-29 11:30:29,-99.7088,37.9624, 299.6, 9355,-42.8,-53.3,-49.2, 31, 47, 0.09,233,28.9
2025-03-29 11:30:30,-99.7085,37.9625, 299.4, 9360,-42.9,-53.4,-49.3, 31, 46, 0.09,233,29.0
2025-03-29 11:30:31,-99.7082,37.9627, 299.2, 9364,-42.9,-53.5,-49.4, 30, 46, 0.09,233,29.0
2025-03-29 11:30:32,-99.7080,37.9629, 299.0, 9368,-43.0,-53.5,-49.5, 30, 46, 0.09,233,29.0
2025-03-29 11:30:33,-99.7077,37.9630, 298.8, 9373,-43.0,-53.6,-49.5, 30, 46, 0.09,233,29.0
2025-03-29 11:30:34,-99.7075,37.9632, 298.6, 9377,-43.1,-53.7,-49.6, 30, 46, 0.09,233,29.1
2025-03-29 11:30:35,-99.7072,37.9633, 298.5, 9381,-43.1,-53.7,-49.6, 30, 46, 0.09,233,29.1
2025-03-29 11:30:36,-99.7070,37.9635, 298.3, 9385,-43.1,-53.6,-49.6, 30, 46, 0.09,233,29.2
2025-03-29 11:30:37,-99.7067,37.9637, 298.1, 9389,-43.2,-53.5,-49.4, 31, 47, 0.09,233,29.2
2025-03-29 11:30:38,-99.7064,37.9638, 297.9, 9393,-43.2,-53.3,-49.3, 32, 48, 0.09,233,29.2
2025-03-29 11:30:39,-99.7061,37.9639, 297.7, 9397,-43.3,-53.1,-49.1, 33, 50, 0.09,233,29.3
2025-03-29 11:30:40,-99.7059,37.9641, 297.5, 9402,-43.3,-53.0,-48.9, 34, 51, 0.09,233,29.3
2025-03-29 11:30:41,-99.7056,37.9643, 297.3, 9407,-43.3,-52.8,-48.8, 34, 52, 0.10,233,29.4
2025-03-29 11:30:42,-99.7053,37.9644, 297.1, 9412,-43.4,-52.8,-48.7, 35, 53, 0.10,233,29.4
2025-03-29 11:30:43,-99.7051,37.9646, 296.8, 9418,-43.4,-52.7,-48.7, 35, 53, 0.10,233,29.5
2025-03-29 11:30:44,-99.7048,37.9648, 296.5, 9424,-43.5,-52.7,-48.7, 35, 54, 0.10,233,29.5
2025-03-29 11:30:45,-99.7046,37.9649, 296.3, 9430,-43.6,-52.8,-48.8, 35, 54, 0.10,233,29.6
2025-03-29 11:30:46,-99.7043,37.9650, 296.1, 9434,-43.6,-52.9,-48.9, 35, 53, 0.10,233,29.6
2025-03-29 11:30:47,-99.7041,37.9652, 295.9, 9438,-43.6,-52.9,-48.9, 35, 53, 0.09,234,29.7
2025-03-29 11:30:48,-99.7038,37.9654, 295.7, 9442,-43.7,-52.9,-48.8, 35, 54, 0.10,234,29.7
2025-03-29 11:30:49,-99.7035,37.9655, 295.5, 9447,-43.7,-52.7,-48.7, 36, 55, 0.10,234,29.8
2025-03-29 11:30:50,-99.7032,37.9657, 295.3, 9452,-43.8,-52.6,-48.5, 37, 57, 0.10,234,29.8
2025-03-29 11:30:51,-99.7029,37.9659, 295.1, 9457,-43.8,-52.4,-48.4, 38, 58, 0.10,234,29.8
2025-03-29 11:30:52,-99.7026,37.9660, 294.9, 9462,-43.9,-52.4,-48.3, 38, 59, 0.10,234,29.9
2025-03-29 11:30:53,-99.7023,37.9662, 294.6, 9468,-43.9,-52.3,-48.3, 39, 59, 0.10,234,29.9
2025-03-29 11:30:54,-99.7020,37.9663, 294.3, 9474,-44.0,-52.2,-48.2, 39, 60, 0.10,234,30.0
2025-03-29 11:30:55,-99.7017,37.9665, 294.1, 9481,-44.0,-52.2,-48.2, 40, 61, 0.10,234,30.0
2025-03-29 11:30:56,-99.7014,37.9667, 293.8, 9488,-44.1,-52.1,-48.1, 41, 62, 0.11,234,30.1
2025-03-29 11:30:57,-99.7012,37.9669, 293.5, 9494,-44.1,-51.9,-47.9, 41, 63, 0.11,234,30.1
2025-03-29 11:30:58,-99.7009,37.9670, 293.2, 9500,-44.2,-51.9,-47.9, 42, 65, 0.11,234,30.1
2025-03-29 11:30:59,-99.7006,37.9671, 293.0, 9505,-44.2,-52.0,-47.9, 42, 64, 0.11,234,30.2
2025-03-29 11:31:00,-99.7004,37.9672, 292.8, 9510,-44.3,-52.2,-48.2, 41, 63, 0.10,234,30.2
2025-03-29 11:31:01,-99.7001,37.9674, 292.6, 9514,-44.3,-52.6,-48.5, 39, 60, 0.10,234,30.2
2025-03-29 11:31:02,-99.6998,37.9676, 292.5, 9517,-44.3,-52.9,-48.9, 38, 58, 0.10,234,30.3
2025-03-29 11:31:03,-99.6996,37.9678, 292.3, 9521,-44.3,-53.3,-49.2, 36, 55, 0.09,234,30.3
2025-03-29 11:31:04,-99.6993,37.9679, 292.1, 9525,-44.3,-53.6,-49.5, 35, 54, 0.09,234,30.3
2025-03-29 11:31:05,-99.6990,37.9681, 291.9, 9529,-44.4,-53.8,-49.7, 34, 52, 0.09,234,30.3
2025-03-29 11:31:06,-99.6987,37.9683, 291.8, 9533,-44.4,-54.0,-49.9, 34, 51, 0.09,234,30.4
2025-03-29 11:31:07,-99.6984,37.9684, 291.6, 9537,-44.4,-54.0,-50.0, 33, 51, 0.08,234,30.4
2025-03-29 11:31:08,-99.6981,37.9686, 291.4, 9540,-44.3,-54.0,-50.0, 33, 51, 0.08,234,30.4
2025-03-29 11:31:09,-99.6979,37.9687, 291.3, 9544,-44.3,-54.0,-49.9, 33, 51, 0.09,234,30.4
2025-03-29 11:31:10,-99.6976,37.9689, 291.1, 9548,-44.4,-53.8,-49.8, 34, 52, 0.09,234,30.5
2025-03-29 11:31:11,-99.6973,37.9691, 291.0, 9551,-44.4,-53.7,-49.6, 35, 53, 0.09,234,30.5
2025-03-29 11:31:12,-99.6971,37.9693, 290.8, 9555,-44.4,-53.5,-49.4, 35, 54, 0.09,234,30.5
2025-03-29 11:31:13,-99.6968,37.9694, 290.6, 9559,-44.4,-53.3,-49.3, 36, 55, 0.09,234,30.5
2025-03-29 11:31:14,-99.6965,37.9696, 290.5, 9563,-44.4,-53.2,-49.2, 37, 56, 0.09,233,30.6
2025-03-29 11:31:15,-99.6962,37.9698, 290.3, 9567,-44.4,-53.2,-49.1, 37, 57, 0.09,233,30.6
2025-03-29 11:31:16,-99.6959,37.9699, 290.1, 9571,-44.4,-53.2,-49.1, 37, 57, 0.09,233,30.6
2025-03-29 11:31:17,-99.6957,37.9701, 289.9, 9575,-44.5,-53.2,-49.1, 37, 57, 0.09,234,30.6
2025-03-29 11:31:18,-99.6954,37.9703, 289.8, 9579,-44.5,-53.2,-49.1, 37, 57, 0.09,234,30.7
2025-03-29 11:31:19,-99.6951,37.9704, 289.6, 9583,-44.5,-53.3,-49.2, 37, 57, 0.09,234,30.7
2025-03-29 11:31:20,-99.6948,37.9706, 289.4, 9587,-44.6,-53.3,-49.3, 37, 57, 0.09,234,30.7
2025-03-29 11:31:21,-99.6945,37.9708, 289.2, 9591,-44.6,-53.5,-49.4, 36, 56, 0.09,234,30.7
2025-03-29 11:31:22,-99.6942,37.9709, 289.1, 9596,-44.6,-53.6,-49.6, 36, 55, 0.09,234,30.7
2025-03-29 11:31:23,-99.6939,37.9711, 288.9, 9600,-44.6,-53.8,-49.7, 35, 54, 0.09,234,30.7
2025-03-29 11:31:24,-99.6937,37.9712, 288.7, 9604,-44.7,-54.0,-49.9, 35, 53, 0.09,234,30.8
2025-03-29 11:31:25,-99.6934,37.9714, 288.5, 9608,-44.7,-54.1,-50.0, 34, 53, 0.08,234,30.8
2025-03-29 11:31:26,-99.6931,37.9715, 288.3, 9612,-44.7,-54.3,-50.2, 34, 52, 0.08,234,30.8
2025-03-29 11:31:27,-99.6928,37.9717, 288.2, 9616,-44.7,-54.4,-50.3, 33, 51, 0.08,234,30.8
2025-03-29 11:31:28,-99.6926,37.9719, 288.0, 9620,-44.7,-54.6,-50.5, 32, 49, 0.08,234,30.8
2025-03-29 11:31:29,-99.6923,37.9721, 287.8, 9625,-44.7,-55.0,-50.9, 31, 48, 0.08,234,30.9
2025-03-29 11:31:30,-99.6920,37.9722, 287.6, 9629,-44.7,-55.4,-51.3, 29, 45, 0.07,234,30.9
2025-03-29 11:31:31,-99.6917,37.9724, 287.4, 9634,-44.7,-56.0,-51.8, 27, 42, 0.07,234,30.9
2025-03-29 11:31:32,-99.6914,37.9725, 287.2, 9638,-44.6,-56.5,-52.4, 25, 39, 0.06,235,30.9
2025-03-29 11:31:33,-99.6911,37.9727, 287.0, 9643,-44.6,-57.0,-52.9, 24, 36, 0.06,235,31.0
2025-03-29 11:31:34,-99.6908,37.9729, 286.8, 9647,-44.6,-57.4,-53.3, 23, 35, 0.06,235,31.0
2025-03-29 11:31:35,-99.6905,37.9730, 286.7, 9651,-44.6,-57.6,-53.4, 22, 34, 0.06,235,31.0
2025-03-29 11:31:36,-99.6903,37.9731, 286.5, 9656,-44.6,-57.5,-53.4, 22, 34, 0.06,235,31.1
2025-03-29 11:31:37,-99.6900,37.9733, 286.3, 9660,-44.7,-57.4,-53.3, 23, 35, 0.06,235,31.1
2025-03-29 11:31:38,-99.6897,37.9734, 286.1, 9665,-44.7,-57.4,-53.2, 23, 35, 0.06,235,31.2
2025-03-29 11:31:39,-99.6894,37.9736, 285.9, 9670,-44.7,-57.4,-53.2, 23, 35, 0.06,235,31.2
2025-03-29 11:31:40,-99.6891,37.9738, 285.6, 9675,-44.8,-57.4,-53.3, 23, 35, 0.06,236,31.2
2025-03-29 11:31:41,-99.6888,37.9740, 285.4, 9681,-44.8,-57.5,-53.3, 23, 35, 0.06,236,31.3
2025-03-29 11:31:42,-99.6885,37.9742, 285.2, 9686,-44.8,-57.6,-53.4, 23, 35, 0.06,236,31.3
2025-03-29 11:31:43,-99.6882,37.9744, 285.0, 9691,-44.8,-57.7,-53.5, 22, 35, 0.06,236,31.4
2025-03-29 11:31:44,-99.6879,37.9745, 284.8, 9696,-44.9,-57.7,-53.5, 22, 34, 0.06,236,31.4
2025-03-29 11:31:45,-99.6876,37.9746, 284.6, 9700,-44.9,-57.8,-53.6, 22, 34, 0.05,236,31.5
2025-03-29 11:31:46,-99.6873,37.9748, 284.4, 9705,-44.9,-57.9,-53.7, 22, 34, 0.05,237,31.5
2025-03-29 11:31:47,-99.6870,37.9749, 284.2, 9710,-45.0,-57.9,-53.8, 22, 34, 0.05,237,31.6
2025-03-29 11:31:48,-99.6867,37.9751, 284.0, 9714,-45.0,-58.0,-53.8, 22, 34, 0.05,237,31.6
2025-03-29 11:31:49,-99.6864,37.9752, 283.8, 9718,-45.0,-58.0,-53.9, 22, 34, 0.05,237,31.7
2025-03-29 11:31:50,-99.6861,37.9754, 283.6, 9722,-45.1,-58.0,-53.9, 22, 34, 0.05,237,31.7
2025-03-29 11:31:51,-99.6857,37.9755, 283.5, 9726,-45.1,-58.1,-53.9, 22, 34, 0.05,237,31.8
2025-03-29 11:31:52,-99.6854,37.9757, 283.3, 9730,-45.2,-58.1,-53.9, 22, 34, 0.05,237,31.8
2025-03-29 11:31:53,-99.6851,37.9758, 283.1, 9735,-45.2,-58.1,-53.9, 22, 34, 0.05,238,31.9
2025-03-29 11:31:54,-99.6848,37.9760, 282.9, 9740,-45.2,-58.1,-53.9, 22, 34, 0.05,238,31.9
2025-03-29 11:31:55,-99.6845,37.9761, 282.7, 9745,-45.3,-58.1,-53.9, 22, 35, 0.05,238,31.9
2025-03-29 11:31:56,-99.6842,37.9763, 282.4, 9751,-45.3,-58.1,-53.9, 22, 35, 0.05,238,32.0
2025-03-29 11:31:57,-99.6839,37.9765, 282.2, 9756,-45.4,-58.3,-54.1, 22, 34, 0.05,238,32.0
2025-03-29 11:31:58,-99.6835,37.9766, 282.0, 9761,-45.4,-58.4,-54.3, 22, 34, 0.05,238,32.0
2025-03-29 11:31:59,-99.6832,37.9767, 281.8, 9766,-45.5,-58.6,-54.4, 21, 33, 0.05,238,32.1
2025-03-29 11:32:00,-99.6829,37.9769, 281.6, 9771,-45.5,-58.9,-54.7, 21, 32, 0.05,238,32.1
2025-03-29 11:32:01,-99.6826,37.9770, 281.3, 9776,-45.5,-59.1,-54.9, 20, 31, 0.05,238,32.2
2025-03-29 11:32:02,-99.6824,37.9772, 281.2, 9781,-45.5,-59.3,-55.1, 20, 31, 0.05,238,32.2
2025-03-29 11:32:03,-99.6821,37.9773, 281.0, 9785,-45.5,-59.4,-55.2, 19, 30, 0.05,238,32.2
2025-03-29 11:32:04,-99.6818,37.9775, 280.8, 9789,-45.6,-59.5,-55.3, 19, 30, 0.04,238,32.2
2025-03-29 11:32:05,-99.6814,37.9777, 280.6, 9793,-45.6,-59.5,-55.3, 19, 30, 0.04,239,32.3
2025-03-29 11:32:06,-99.6811,37.9778, 280.5, 9796,-45.6,-59.6,-55.4, 19, 30, 0.04,239,32.3
2025-03-29 11:32:07,-99.6807,37.9780, 280.4, 9800,-45.7,-59.7,-55.5, 19, 29, 0.04,239,32.3
2025-03-29 11:32:08,-99.6804,37.9781, 280.2, 9804,-45.7,-59.9,-55.7, 19, 29, 0.04,239,32.3
2025-03-29 11:32:09,-99.6801,37.9783, 280.0, 9808,-45.7,-60.1,-55.9, 18, 28, 0.04,239,32.3
2025-03-29 11:32:10,-99.6798,37.9784, 279.8, 9812,-45.7,-60.3,-56.0, 18, 28, 0.04,239,32.3
2025-03-29 11:32:11,-99.6795,37.9786, 279.7, 9816,-45.8,-60.4,-56.2, 18, 27, 0.04,239,32.3
2025-03-29 11:32:12,-99.6792,37.9787, 279.5, 9821,-45.8,-60.5,-56.3, 17, 27, 0.04,239,32.3
2025-03-29 11:32:13,-99.6788,37.9789, 279.3, 9825,-45.8,-60.5,-56.3, 17, 27, 0.04,239,32.3
2025-03-29 11:32:14,-99.6785,37.9790, 279.1, 9829,-45.9,-60.6,-56.3, 17, 27, 0.04,239,32.3
2025-03-29 11:32:15,-99.6782,37.9791, 279.0, 9833,-45.9,-60.6,-56.4, 17, 27, 0.04,239,32.3
2025-03-29 11:32:16,-99.6779,37.9793, 278.8, 9836,-45.9,-60.7,-56.4, 17, 27, 0.04,239,32.3
2025-03-29 11:32:17,-99.6776,37.9794, 278.7, 9839,-45.9,-60.7,-56.5, 17, 27, 0.04,239,32.2
2025-03-29 11:32:18,-99.6772,37.9796, 278.6, 9842,-46.0,-60.8,-56.6, 17, 26, 0.04,239,32.2
2025-03-29 11:32:19,-99.6769,37.9797, 278.4, 9846,-46.0,-60.8,-56.6, 17, 26, 0.04,239,32.2
2025-03-29 11:32:20,-99.6766,37.9799, 278.3, 9849,-46.0,-60.9,-56.6, 17, 26, 0.04,239,32.1
2025-03-29 11:32:21,-99.6762,37.9800, 278.1, 9853,-46.0,-60.8,-56.6, 17, 26, 0.04,239,32.1
2025-03-29 11:32:22,-99.6759,37.9802, 277.9, 9858,-46.0,-60.8,-56.6, 17, 26, 0.04,239,32.1
2025-03-29 11:32:23,-99.6757,37.9804, 277.7, 9864,-46.0,-60.9,-56.6, 17, 26, 0.04,239,32.0
2025-03-29 11:32:24,-99.6754,37.9805, 277.4, 9871,-45.9,-60.9,-56.6, 17, 26, 0.04,239,32.0
2025-03-29 11:32:25,-99.6752,37.9807, 277.1, 9878,-45.8,-60.9,-56.7, 17, 26, 0.04,239,31.9
2025-03-29 11:32:26,-99.6749,37.9808, 276.8, 9884,-45.8,-61.0,-56.8, 16, 26, 0.04,238,31.9
2025-03-29 11:32:27,-99.6746,37.9809, 276.6, 9889,-45.9,-61.1,-56.9, 16, 25, 0.04,238,31.8
2025-03-29 11:32:28,-99.6743,37.9810, 276.3, 9896,-45.9,-61.2,-57.0, 16, 25, 0.04,238,31.8
2025-03-29 11:32:29,-99.6739,37.9812, 276.1, 9902,-45.9,-61.4,-57.1, 16, 25, 0.04,238,31.7
2025-03-29 11:32:30,-99.6735,37.9813, 275.8, 9909,-46.0,-61.5,-57.3, 16, 24, 0.04,238,31.7
2025-03-29 11:32:31,-99.6732,37.9815, 275.5, 9916,-46.0,-61.6,-57.4, 15, 24, 0.03,238,31.6
2025-03-29 11:32:32,-99.6729,37.9817, 275.2, 9922,-46.0,-61.8,-57.6, 15, 23, 0.03,238,31.6
2025-03-29 11:32:33,-99.6726,37.9819, 275.0, 9928,-46.0,-62.0,-57.7, 15, 23, 0.03,238,31.5
2025-03-29 11:32:34,-99.6724,37.9820, 274.8, 9934,-46.1,-62.1,-57.9, 15, 23, 0.03,238,31.5
2025-03-29 11:32:35,-99.6721,37.9822, 274.5, 9940,-46.1,-62.2,-57.9, 15, 23, 0.03,238,31.4
2025-03-29 11:32:36,-99.6719,37.9823, 274.3, 9945,-46.2,-62.2,-57.9, 15, 23, 0.03,238,31.3
2025-03-29 11:32:37,-99.6715,37.9825, 274.0, 9951,-46.2,-62.1,-57.9, 15, 23, 0.03,238,31.3
2025-03-29 11:32:38,-99.6712,37.9826, 273.8, 9956,-46.3,-62.1,-57.9, 15, 23, 0.03,238,31.2
2025-03-29 11:32:39,-99.6709,37.9827, 273.6, 9961,-46.4,-62.1,-57.9, 15, 23, 0.03,238,31.2
2025-03-29 11:32:40,-99.6706,37.9829, 273.5, 9965,-46.4,-62.1,-57.8, 15, 24, 0.03,237,31.1
2025-03-29 11:32:41,-99.6703,37.9830, 273.3, 9969,-46.4,-62.0,-57.8, 15, 24, 0.03,237,31.0
2025-03-29 11:32:42,-99.6700,37.9832, 273.1, 9973,-46.5,-62.0,-57.8, 15, 24, 0.03,237,31.0
2025-03-29 11:32:43,-99.6697,37.9834, 272.9, 9978,-46.5,-62.1,-57.8, 15, 24, 0.03,237,30.9
2025-03-29 11:32:44,-99.6695,37.9835, 272.8, 9982,-46.6,-62.1,-57.8, 15, 24, 0.03,237,30.9
2025-03-29 11:32:45,-99.6692,37.9837, 272.6, 9987,-46.6,-62.0,-57.8, 16, 24, 0.03,237,30.8
2025-03-29 11:32:46,-99.6689,37.9838, 272.4, 9991,-46.6,-62.0,-57.8, 16, 25, 0.03,237,30.8
2025-03-29 11:32:47,-99.6686,37.9839, 272.2, 9995,-46.7,-62.0,-57.8, 16, 25, 0.03,237,30.7
2025-03-29 11:32:48,-99.6683,37.9841, 272.0,10000,-46.7,-62.0,-57.8, 16, 25, 0.03,237,30.7
2025-03-29 11:32:49,-99.6680,37.9843, 271.8,10006,-46.8,-61.9,-57.7, 16, 25, 0.03,237,30.6
2025-03-29 11:32:50,-99.6677,37.9844, 271.5,10012,-46.8,-61.9,-57.6, 16, 26, 0.03,237,30.5
2025-03-29 11:32:51,-99.6674,37.9845, 271.2,10019,-46.9,-61.9,-57.6, 17, 26, 0.03,237,30.5
2025-03-29 11:32:52,-99.6672,37.9847, 271.0,10026,-47.0,-61.9,-57.6, 17, 26, 0.03,237,30.4
2025-03-29 11:32:53,-99.6669,37.9848, 270.7,10032,-47.1,-61.8,-57.6, 17, 26, 0.03,237,30.4
2025-03-29 11:32:54,-99.6667,37.9849, 270.5,10037,-47.1,-61.9,-57.6, 17, 26, 0.03,237,30.3
2025-03-29 11:32:55,-99.6664,37.9850, 270.3,10042,-47.1,-61.9,-57.7, 17, 26, 0.03,237,30.3
2025-03-29 11:32:56,-99.6661,37.9852, 270.1,10047,-47.1,-61.9,-57.7, 17, 26, 0.03,237,30.3
2025-03-29 11:32:57,-99.6657,37.9854, 269.9,10053,-47.2,-62.0,-57.8, 17, 26, 0.03,237,30.2
2025-03-29 11:32:58,-99.6654,37.9855, 269.6,10059,-47.2,-62.1,-57.8, 17, 26, 0.03,237,30.2
2025-03-29 11:32:59,-99.6652,37.9857, 269.4,10064,-47.3,-62.1,-57.9, 17, 26, 0.03,237,30.2
2025-03-29 11:33:00,-99.6649,37.9858, 269.2,10071,-47.3,-62.2,-57.9, 17, 26, 0.03,237,30.2
2025-03-29 11:33:01,-99.6646,37.9860, 268.9,10077,-47.4,-62.2,-57.9, 17, 26, 0.03,237,30.2
2025-03-29 11:33:02,-99.6643,37.9861, 268.7,10083,-47.5,-62.2,-58.0, 17, 26, 0.03,237,30.2
2025-03-29 11:33:03,-99.6639,37.9862, 268.4,10089,-47.5,-62.2,-58.0, 17, 27, 0.03,237,30.2
2025-03-29 11:33:04,-99.6636,37.9864, 268.2,10094,-47.6,-62.2,-58.0, 17, 27, 0.03,237,30.2
2025-03-29 11:33:05,-99.6634,37.9865, 267.9,10100,-47.6,-62.2,-58.0, 17, 27, 0.03,236,30.2
2025-03-29 11:33:06,-99.6631,37.9866, 267.7,10107,-47.7,-62.2,-58.0, 17, 27, 0.03,236,30.2
2025-03-29 11:33:07,-99.6629,37.9868, 267.4,10114,-47.7,-62.2,-58.0, 17, 27, 0.03,236,30.3
2025-03-29 11:33:08,-99.6627,37.9870, 267.0,10122,-47.8,-62.3,-58.0, 17, 27, 0.03,236,30.3
2025-03-29 11:33:09,-99.6624,37.9871, 266.7,10131,-47.9,-62.3,-58.0, 17, 28, 0.03,236,30.3
2025-03-29 11:33:10,-99.6621,37.9873, 266.3,10140,-48.0,-62.3,-58.0, 18, 28, 0.03,236,30.3
2025-03-29 11:33:11,-99.6618,37.9875, 266.0,10148,-48.0,-62.3,-58.1, 18, 28, 0.03,236,30.4
2025-03-29 11:33:12,-99.6615,37.9877, 265.7,10155,-48.1,-62.4,-58.1, 18, 28, 0.03,235,30.4
2025-03-29 11:33:13,-99.6611,37.9879, 265.5,10161,-48.2,-62.4,-58.1, 18, 28, 0.03,235,30.4
2025-03-29 11:33:14,-99.6608,37.9880, 265.2,10168,-48.2,-62.4,-58.2, 18, 28, 0.03,235,30.4
2025-03-29 11:33:15,-99.6606,37.9881, 264.9,10175,-48.3,-62.5,-58.3, 18, 28, 0.03,235,30.5
2025-03-29 11:33:16,-99.6603,37.9882, 264.7,10181,-48.4,-62.6,-58.3, 18, 28, 0.03,235,30.5
2025-03-29 11:33:17,-99.6600,37.9883, 264.4,10188,-48.5,-62.6,-58.4, 18, 28, 0.03,234,30.5
2025-03-29 11:33:18,-99.6597,37.9885, 264.2,10194,-48.5,-62.6,-58.4, 18, 28, 0.03,234,30.5
2025-03-29 11:33:19,-99.6594,37.9887, 263.9,10200,-48.6,-62.6,-58.4, 18, 29, 0.03,234,30.5
2025-03-29 11:33:20,-99.6592,37.9889, 263.7,10206,-48.6,-62.6,-58.4, 18, 29, 0.03,234,30.5
2025-03-29 11:33:21,-99.6589,37.9891, 263.4,10213,-48.7,-62.6,-58.4, 18, 29, 0.03,234,30.5
2025-03-29 11:33:22,-99.6587,37.9893, 263.2,10219,-48.8,-62.6,-58.3, 18, 29, 0.03,233,30.4
2025-03-29 11:33:23,-99.6584,37.9894, 262.9,10225,-48.8,-62.5,-58.3, 19, 30, 0.03,233,30.4
2025-03-29 11:33:24,-99.6581,37.9896, 262.6,10232,-48.9,-62.5,-58.3, 19, 30, 0.03,233,30.4
2025-03-29 11:33:25,-99.6578,37.9898, 262.3,10239,-48.9,-62.5,-58.2, 19, 30, 0.03,233,30.3
2025-03-29 11:33:26,-99.6574,37.9900, 262.0,10247,-49.0,-62.5,-58.2, 19, 31, 0.03,233,30.3
2025-03-29 11:33:27,-99.6572,37.9902, 261.7,10255,-49.1,-62.5,-58.2, 19, 31, 0.03,233,30.3
2025-03-29 11:33:28,-99.6569,37.9904, 261.4,10263,-49.1,-62.5,-58.2, 19, 31, 0.03,233,30.2
2025-03-29 11:33:29,-99.6567,37.9905, 261.1,10270,-49.2,-62.5,-58.2, 20, 31, 0.03,232,30.2
2025-03-29 11:33:30,-99.6565,37.9906, 260.8,10277,-49.3,-62.5,-58.3, 20, 32, 0.03,232,30.1
2025-03-29 11:33:31,-99.6563,37.9908, 260.6,10283,-49.3,-62.5,-58.3, 20, 32, 0.03,232,30.1
2025-03-29 11:33:32,-99.6560,37.9910, 260.4,10289,-49.4,-62.5,-58.3, 20, 32, 0.03,232,30.0
2025-03-29 11:33:33,-99.6557,37.9912, 260.1,10295,-49.4,-62.5,-58.2, 20, 32, 0.03,232,30.0
2025-03-29 11:33:34,-99.6554,37.9914, 259.9,10302,-49.5,-62.5,-58.2, 20, 33, 0.03,232,29.9
2025-03-29 11:33:35,-99.6551,37.9915, 259.6,10309,-49.6,-62.5,-58.2, 20, 33, 0.03,232,29.8
2025-03-29 11:33:36,-99.6549,37.9916, 259.3,10317,-49.7,-62.5,-58.3, 21, 33, 0.03,232,29.8
2025-03-29 11:33:37,-99.6546,37.9917, 258.9,10325,-49.7,-62.5,-58.3, 21, 34, 0.03,232,29.7
2025-03-29 11:33:38,-99.6544,37.9918, 258.6,10332,-49.8,-62.5,-58.3, 21, 34, 0.03,232,29.7
2025-03-29 11:33:39,-99.6542,37.9920, 258.4,10339,-49.9,-62.5,-58.3, 21, 34, 0.03,232,29.6
2025-03-29 11:33:40,-99.6539,37.9922, 258.1,10346,-50.0,-62.5,-58.3, 21, 34, 0.03,232,29.6
2025-03-29 11:33:41,-99.6536,37.9924, 257.8,10353,-50.0,-62.6,-58.3, 21, 35, 0.03,232,29.5
2025-03-29 11:33:42,-99.6533,37.9926, 257.6,10360,-50.1,-62.6,-58.4, 21, 35, 0.03,231,29.5
2025-03-29 11:33:43,-99.6530,37.9928, 257.3,10366,-50.2,-62.7,-58.5, 21, 34, 0.03,231,29.5
2025-03-29 11:33:44,-99.6528,37.9929, 257.1,10371,-50.2,-62.8,-58.5, 21, 34, 0.03,231,29.4
2025-03-29 11:33:45,-99.6525,37.9931, 256.9,10376,-50.3,-62.9,-58.6, 21, 34, 0.03,231,29.4
2025-03-29 11:33:46,-99.6522,37.9933, 256.7,10381,-50.3,-63.0,-58.7, 21, 34, 0.03,231,29.3
2025-03-29 11:33:47,-99.6520,37.9934, 256.5,10388,-50.4,-63.1,-58.9, 21, 33, 0.03,231,29.3
2025-03-29 11:33:48,-99.6517,37.9936, 256.2,10393,-50.5,-63.3,-59.0, 21, 33, 0.03,231,29.3
2025-03-29 11:33:49,-99.6515,37.9938, 256.0,10399,-50.5,-63.3,-59.1, 20, 33, 0.03,231,29.2
2025-03-29 11:33:50,-99.6512,37.9940, 255.8,10404,-50.5,-63.4,-59.2, 20, 33, 0.03,231,29.2
2025-03-29 11:33:51,-99.6510,37.9941, 255.6,10408,-50.6,-63.5,-59.3, 20, 33, 0.03,231,29.2
2025-03-29 11:33:52,-99.6508,37.9943, 255.5,10413,-50.6,-63.6,-59.4, 20, 32, 0.03,231,29.1
2025-03-29 11:33:53,-99.6505,37.9944, 255.3,10417,-50.7,-63.7,-59.4, 20, 32, 0.03,230,29.1
2025-03-29 11:33:54,-99.6502,37.9946, 255.1,10421,-50.7,-63.7,-59.4, 20, 32, 0.03,230,29.1
2025-03-29 11:33:55,-99.6500,37.9948, 255.0,10426,-50.8,-63.7,-59.4, 20, 33, 0.03,230,29.0
2025-03-29 11:33:56,-99.6497,37.9949, 254.8,10431,-50.8,-63.6,-59.4, 20, 33, 0.03,230,29.0
2025-03-29 11:33:57,-99.6495,37.9951, 254.5,10436,-50.8,-63.6,-59.3, 21, 33, 0.03,230,29.0
2025-03-29 11:33:58,-99.6493,37.9952, 254.3,10442,-50.9,-63.6,-59.3, 21, 34, 0.03,230,29.0
2025-03-29 11:33:59,-99.6490,37.9954, 254.1,10448,-50.9,-63.5,-59.2, 21, 34, 0.03,230,28.9
2025-03-29 11:34:00,-99.6488,37.9956, 253.9,10453,-51.0,-63.4,-59.1, 21, 35, 0.03,230,28.9
2025-03-29 11:34:01,-99.6485,37.9958, 253.6,10460,-51.1,-63.4,-59.1, 22, 35, 0.03,230,28.9
2025-03-29 11:34:02,-99.6482,37.9959, 253.4,10466,-51.1,-63.3,-59.0, 22, 36, 0.03,229,28.8
2025-03-29 11:34:03,-99.6480,37.9961, 253.2,10471,-51.2,-63.3,-59.0, 22, 36, 0.03,229,28.8
2025-03-29 11:34:04,-99.6477,37.9963, 253.0,10477,-51.2,-63.2,-59.0, 23, 37, 0.03,229,28.8
2025-03-29 11:34:05,-99.6475,37.9965, 252.8,10482,-51.3,-63.2,-58.9, 23, 37, 0.03,229,28.8
2025-03-29 11:34:06,-99.6473,37.9966, 252.6,10487,-51.3,-63.2,-58.9, 23, 37, 0.03,229,28.7
2025-03-29 11:34:07,-99.6470,37.9968, 252.4,10492,-51.4,-63.3,-59.0, 23, 37, 0.03,229,28.7
2025-03-29 11:34:08,-99.6468,37.9969, 252.2,10498,-51.4,-63.3,-59.0, 23, 37, 0.03,229,28.7
2025-03-29 11:34:09,-99.6466,37.9971, 252.0,10503,-51.5,-63.4,-59.1, 23, 37, 0.03,229,28.7
2025-03-29 11:34:10,-99.6463,37.9973, 251.8,10508,-51.5,-63.4,-59.2, 23, 37, 0.03,229,28.7
2025-03-29 11:34:11,-99.6461,37.9974, 251.6,10513,-51.6,-63.5,-59.2, 23, 37, 0.03,229,28.6
2025-03-29 11:34:12,-99.6458,37.9976, 251.4,10518,-51.6,-63.5,-59.2, 23, 37, 0.03,229,28.6
2025-03-29 11:34:13,-99.6456,37.9978, 251.2,10523,-51.7,-63.6,-59.3, 23, 37, 0.03,228,28.6
2025-03-29 11:34:14,-99.6454,37.9980, 251.0,10529,-51.7,-63.6,-59.3, 23, 37, 0.03,228,28.6
2025-03-29 11:34:15,-99.6451,37.9981, 250.8,10534,-51.7,-63.7,-59.4, 23, 37, 0.03,228,28.6
2025-03-29 11:34:16,-99.6449,37.9983, 250.6,10539,-51.8,-63.7,-59.5, 22, 37, 0.03,228,28.6
2025-03-29 11:34:17,-99.6446,37.9985, 250.4,10544,-51.8,-63.8,-59.5, 22, 37, 0.03,228,28.6
2025-03-29 11:34:18,-99.6444,37.9986, 250.2,10549,-51.9,-63.8,-59.6, 22, 37, 0.03,228,28.6
2025-03-29 11:34:19,-99.6441,37.9988, 250.0,10553,-51.9,-63.9,-59.6, 22, 37, 0.03,228,28.6
2025-03-29 11:34:20,-99.6439,37.9990, 249.8,10560,-52.0,-63.9,-59.6, 22, 37, 0.03,228,28.6
2025-03-29 11:34:21,-99.6437,37.9991, 249.6,10565,-52.0,-63.9,-59.6, 23, 37, 0.03,228,28.6
2025-03-29 11:34:22,-99.6435,37.9993, 249.4,10570,-52.1,-63.9,-59.7, 23, 37, 0.03,228,28.6
2025-03-29 11:34:23,-99.6432,37.9995, 249.2,10575,-52.1,-63.9,-59.7, 23, 37, 0.03,228,28.6
2025-03-29 11:34:24,-99.6430,37.9997, 249.0,10580,-52.1,-64.0,-59.7, 23, 37, 0.03,227,28.6
2025-03-29 11:34:25,-99.6427,37.9999, 248.8,10585,-52.2,-64.0,-59.7, 23, 37, 0.03,227,28.6
2025-03-29 11:34:26,-99.6425,38.0000, 248.6,10590,-52.2,-64.0,-59.8, 23, 37, 0.03,227,28.6
2025-03-29 11:34:27,-99.6422,38.0002, 248.4,10595,-52.3,-64.1,-59.8, 23, 37, 0.03,227,28.6
2025-03-29 11:34:28,-99.6420,38.0004, 248.2,10599,-52.3,-64.1,-59.9, 23, 37, 0.03,227,28.6
2025-03-29 11:34:29,-99.6417,38.0006, 248.0,10604,-52.3,-64.2,-59.9, 22, 37, 0.03,227,28.6
2025-03-29 11:34:30,-99.6415,38.0007, 247.9,10609,-52.4,-64.3,-60.0, 22, 37, 0.03,227,28.6
2025-03-29 11:34:31,-99.6413,38.0009, 247.7,10614,-52.4,-64.3,-60.1, 22, 37, 0.03,227,28.6
2025-03-29 11:34:32,-99.6411,38.0011, 247.5,10619,-52.4,-64.4,-60.1, 22, 37, 0.03,226,28.6
2025-03-29 11:34:33,-99.6408,38.0013, 247.3,10623,-52.5,-64.4,-60.1, 22, 37, 0.03,226,28.6
2025-03-29 11:34:34,-99.6406,38.0015, 247.1,10628,-52.5,-64.5,-60.2, 22, 37, 0.03,226,28.6
2025-03-29 11:34:35,-99.6403,38.0016, 247.0,10633,-52.6,-64.5,-60.2, 22, 37, 0.03,226,28.6
2025-03-29 11:34:36,-99.6401,38.0018, 246.8,10637,-52.6,-64.5,-60.3, 22, 37, 0.03,226,28.6
2025-03-29 11:34:37,-99.6399,38.0020, 246.6,10642,-52.6,-64.6,-60.3, 22, 37, 0.03,225,28.6
2025-03-29 11:34:38,-99.6396,38.0022, 246.4,10647,-52.7,-64.6,-60.3, 22, 37, 0.03,225,28.6
2025-03-29 11:34:39,-99.6394,38.0023, 246.2,10652,-52.7,-64.7,-60.4, 22, 37, 0.03,225,28.5
2025-03-29 11:34:40,-99.6392,38.0025, 246.0,10657,-52.7,-64.7,-60.4, 22, 37, 0.03,225,28.5
2025-03-29 11:34:41,-99.6390,38.0027, 245.8,10663,-52.8,-64.8,-60.5, 22, 36, 0.03,224,28.5
2025-03-29 11:34:42,-99.6388,38.0029, 245.6,10669,-52.8,-64.8,-60.5, 22, 36, 0.03,224,28.5
2025-03-29 11:34:43,-99.6385,38.0031, 245.3,10675,-52.9,-64.8,-60.6, 22, 36, 0.03,224,28.4
2025-03-29 11:34:44,-99.6383,38.0033, 245.1,10681,-52.9,-64.9,-60.6, 22, 36, 0.03,223,28.4
2025-03-29 11:34:45,-99.6380,38.0035, 244.9,10688,-53.0,-64.9,-60.7, 22, 36, 0.03,223,28.4
2025-03-29 11:34:46,-99.6378,38.0037, 244.6,10694,-53.1,-65.0,-60.7, 22, 36, 0.02,223,28.4
2025-03-29 11:34:47,-99.6376,38.0038, 244.4,10701,-53.1,-65.1,-60.8, 22, 36, 0.02,222,28.3
2025-03-29 11:34:48,-99.6374,38.0040, 244.1,10707,-53.2,-65.2,-60.9, 22, 36, 0.02,222,28.3
2025-03-29 11:34:49,-99.6372,38.0042, 243.9,10713,-53.2,-65.3,-61.0, 22, 36, 0.02,221,28.3
2025-03-29 11:34:50,-99.6371,38.0044, 243.7,10719,-53.3,-65.4,-61.1, 21, 36, 0.02,221,28.3
2025-03-29 11:34:51,-99.6369,38.0046, 243.4,10725,-53.3,-65.5,-61.2, 21, 35, 0.02,221,28.3
2025-03-29 11:34:52,-99.6367,38.0048, 243.2,10732,-53.3,-65.7,-61.4, 21, 34, 0.02,220,28.2
2025-03-29 11:34:53,-99.6364,38.0050, 242.9,10738,-53.3,-65.9,-61.6, 20, 34, 0.02,220,28.2
2025-03-29 11:34:54,-99.6362,38.0052, 242.7,10744,-53.3,-66.0,-61.8, 20, 33, 0.02,220,28.2
2025-03-29 11:34:55,-99.6361,38.0054, 242.5,10750,-53.4,-66.3,-62.0, 19, 32, 0.02,219,28.2
2025-03-29 11:34:56,-99.6359,38.0056, 242.3,10755,-53.4,-66.5,-62.2, 19, 31, 0.02,219,28.2
2025-03-29 11:34:57,-99.6357,38.0058, 242.1,10760,-53.4,-66.7,-62.4, 18, 30, 0.02,219,28.1
2025-03-29 11:34:58,-99.6356,38.0060, 242.0,10764,-53.4,-66.9,-62.6, 18, 29, 0.02,219,28.1
2025-03-29 11:34:59,-99.6354,38.0063, 241.8,10769,-53.4,-67.0,-62.7, 17, 29, 0.02,218,28.1
2025-03-29 11:35:00,-99.6352,38.0065, 241.6,10773,-53.4,-67.1,-62.8, 17, 28, 0.02,218,28.1
2025-03-29 11:35:01,-99.6350,38.0067, 241.5,10777,-53.4,-67.2,-62.9, 17, 28, 0.02,218,28.0
2025-03-29 11:35:02,-99.6347,38.0069, 241.3,10782,-53.4,-67.2,-62.9, 17, 28, 0.02,218,28.0
2025-03-29 11:35:03,-99.6345,38.0071, 241.1,10787,-53.4,-67.2,-62.9, 17, 28, 0.02,217,28.0
2025-03-29 11:35:04,-99.6343,38.0073, 240.9,10793,-53.5,-67.2,-62.9, 17, 28, 0.02,217,27.9
2025-03-29 11:35:05,-99.6341,38.0075, 240.7,10798,-53.5,-67.2,-62.9, 17, 29, 0.02,217,27.9
2025-03-29 11:35:06,-99.6340,38.0077, 240.5,10804,-53.6,-67.1,-62.8, 17, 29, 0.02,217,27.9
2025-03-29 11:35:07,-99.6338,38.0079, 240.3,10809,-53.6,-67.1,-62.8, 18, 29, 0.02,217,27.8
2025-03-29 11:35:08,-99.6336,38.0081, 240.1,10815,-53.6,-67.1,-62.8, 18, 30, 0.02,217,27.8
2025-03-29 11:35:09,-99.6334,38.0084, 239.9,10820,-53.7,-67.0,-62.7, 18, 30, 0.02,217,27.7
2025-03-29 11:35:10,-99.6332,38.0085, 239.7,10826,-53.7,-67.0,-62.7, 18, 30, 0.02,217,27.6
2025-03-29 11:35:11,-99.6330,38.0087, 239.4,10832,-53.8,-67.0,-62.7, 18, 30, 0.02,217,27.6
2025-03-29 11:35:12,-99.6329,38.0089, 239.2,10838,-53.8,-67.0,-62.7, 18, 31, 0.02,217,27.5
2025-03-29 11:35:13,-99.6327,38.0091, 239.0,10844,-53.9,-66.9,-62.6, 19, 31, 0.02,217,27.4
2025-03-29 11:35:14,-99.6325,38.0093, 238.8,10849,-53.9,-66.9,-62.6, 19, 31, 0.02,217,27.4
2025-03-29 11:35:15,-99.6323,38.0095, 238.6,10855,-54.0,-66.9,-62.6, 19, 32, 0.02,217,27.3
2025-03-29 11:35:16,-99.6321,38.0097, 238.4,10860,-54.0,-66.8,-62.5, 19, 32, 0.02,217,27.2
2025-03-29 11:35:17,-99.6319,38.0099, 238.2,10865,-54.1,-66.8,-62.5, 19, 33, 0.02,217,27.1
2025-03-29 11:35:18,-99.6317,38.0101, 238.0,10871,-54.1,-66.8,-62.5, 20, 33, 0.02,217,27.1
2025-03-29 11:35:19,-99.6315,38.0103, 237.8,10877,-54.2,-66.8,-62.5, 20, 33, 0.02,217,27.0
2025-03-29 11:35:20,-99.6314,38.0105, 237.6,10882,-54.2,-66.8,-62.5, 20, 33, 0.02,217,26.9
2025-03-29 11:35:21,-99.6312,38.0107, 237.4,10888,-54.3,-66.8,-62.5, 20, 33, 0.02,217,26.8
2025-03-29 11:35:22,-99.6311,38.0109, 237.1,10893,-54.3,-66.8,-62.5, 20, 34, 0.02,217,26.8
2025-03-29 11:35:23,-99.6309,38.0110, 236.9,10899,-54.4,-66.8,-62.5, 20, 34, 0.02,217,26.7
2025-03-29 11:35:24,-99.6307,38.0112, 236.7,10904,-54.4,-66.8,-62.5, 20, 34, 0.02,217,26.7
2025-03-29 11:35:25,-99.6305,38.0114, 236.5,10910,-54.5,-66.8,-62.5, 20, 34, 0.02,217,26.6
2025-03-29 11:35:26,-99.6303,38.0116, 236.3,10915,-54.5,-66.8,-62.5, 20, 34, 0.02,217,26.6
2025-03-29 11:35:27,-99.6301,38.0118, 236.1,10921,-54.6,-66.8,-62.5, 21, 35, 0.02,217,26.5
2025-03-29 11:35:28,-99.6299,38.0120, 235.9,10927,-54.6,-66.8,-62.5, 21, 35, 0.02,217,26.5
2025-03-29 11:35:29,-99.6298,38.0122, 235.7,10934,-54.7,-66.9,-62.6, 21, 35, 0.02,217,26.4
2025-03-29 11:35:30,-99.6296,38.0124, 235.4,10941,-54.8,-66.9,-62.6, 21, 35, 0.02,217,26.4
2025-03-29 11:35:31,-99.6294,38.0125, 235.1,10949,-54.8,-66.9,-62.6, 21, 35, 0.02,217,26.4
2025-03-29 11:35:32,-99.6293,38.0127, 234.8,10956,-54.9,-66.9,-62.6, 21, 36, 0.02,217,26.3
2025-03-29 11:35:33,-99.6291,38.0129, 234.6,10963,-55.0,-66.9,-62.6, 21, 36, 0.02,217,26.3
2025-03-29 11:35:34,-99.6289,38.0130, 234.4,10969,-55.0,-66.9,-62.6, 22, 36, 0.02,217,26.3
2025-03-29 11:35:35,-99.6287,38.0132, 234.2,10974,-55.1,-66.8,-62.5, 22, 37, 0.02,217,26.3
2025-03-29 11:35:36,-99.6285,38.0135, 234.0,10979,-55.1,-66.8,-62.5, 22, 37, 0.02,217,26.3
2025-03-29 11:35:37,-99.6283,38.0137, 233.8,10985,-55.2,-66.8,-62.5, 22, 38, 0.02,217,26.3
2025-03-29 11:35:38,-99.6282,38.0139, 233.6,10990,-55.2,-66.8,-62.5, 22, 38, 0.02,217,26.3
2025-03-29 11:35:39,-99.6280,38.0140, 233.4,10995,-55.3,-66.8,-62.5, 23, 38, 0.02,217,26.3
2025-03-29 11:35:40,-99.6278,38.0142, 233.2,11000,-55.3,-66.8,-62.5, 23, 38, 0.02,217,26.3
2025-03-29 11:35:41,-99.6277,38.0144, 233.0,11006,-55.4,-66.8,-62.5, 23, 39, 0.02,217,26.3
2025-03-29 11:35:42,-99.6274,38.0146, 232.8,11011,-55.4,-66.8,-62.5, 23, 39, 0.02,218,26.3
2025-03-29 11:35:43,-99.6272,38.0148, 232.6,11017,-55.5,-66.8,-62.5, 23, 39, 0.02,218,26.4
2025-03-29 11:35:44,-99.6271,38.0150, 232.4,11023,-55.6,-66.8,-62.5, 23, 39, 0.02,218,26.4
2025-03-29 11:35:45,-99.6269,38.0152, 232.2,11029,-55.6,-66.8,-62.5, 23, 40, 0.02,218,26.4
2025-03-29 11:35:46,-99.6268,38.0154, 232.0,11035,-55.7,-66.8,-62.5, 24, 40, 0.02,218,26.5
2025-03-29 11:35:47,-99.6266,38.0156, 231.8,11040,-55.7,-66.8,-62.5, 24, 40, 0.02,218,26.5
2025-03-29 11:35:48,-99.6264,38.0158, 231.6,11046,-55.8,-66.8,-62.5, 24, 41, 0.02,218,26.6
2025-03-29 11:35:49,-99.6262,38.0159, 231.3,11052,-55.8,-66.8,-62.5, 24, 41, 0.02,218,26.6
2025-03-29 11:35:50,-99.6260,38.0161, 231.1,11058,-55.9,-66.7,-62.4, 24, 42, 0.02,219,26.7
2025-03-29 11:35:51,-99.6258,38.0163, 230.9,11065,-56.0,-66.7,-62.4, 25, 42, 0.02,219,26.7
2025-03-29 11:35:52,-99.6256,38.0165, 230.6,11072,-56.0,-66.7,-62.4, 25, 42, 0.02,219,26.8
2025-03-29 11:35:53,-99.6254,38.0166, 230.3,11080,-56.1,-66.7,-62.4, 25, 43, 0.02,219,26.8
2025-03-29 11:35:54,-99.6252,38.0168, 230.0,11087,-56.2,-66.7,-62.4, 26, 43, 0.02,219,26.9
2025-03-29 11:35:55,-99.6251,38.0169, 229.8,11095,-56.3,-66.7,-62.4, 26, 44, 0.02,219,26.9
2025-03-29 11:35:56,-99.6249,38.0171, 229.5,11103,-56.3,-66.7,-62.4, 26, 44, 0.02,220,27.0
2025-03-29 11:35:57,-99.6247,38.0173, 229.2,11110,-56.4,-66.7,-62.4, 26, 45, 0.02,220,27.1
2025-03-29 11:35:58,-99.6245,38.0175, 229.0,11117,-56.5,-66.6,-62.3, 27, 45, 0.02,220,27.1
2025-03-29 11:35:59,-99.6242,38.0177, 228.7,11125,-56.5,-66.7,-62.4, 27, 46, 0.02,220,27.1
2025-03-29 11:36:00,-99.6239,38.0179, 228.4,11132,-56.6,-66.7,-62.4, 27, 46, 0.02,220,27.2
2025-03-29 11:36:01,-99.6237,38.0181, 228.2,11139,-56.7,-66.7,-62.4, 27, 46, 0.02,220,27.2
2025-03-29 11:36:02,-99.6234,38.0183, 227.9,11145,-56.7,-66.7,-62.4, 27, 47, 0.02,220,27.3
2025-03-29 11:36:03,-99.6232,38.0185, 227.7,11151,-56.8,-66.7,-62.4, 28, 47, 0.02,221,27.3
2025-03-29 11:36:04,-99.6230,38.0187, 227.5,11158,-56.8,-66.7,-62.4, 28, 47, 0.02,221,27.4
2025-03-29 11:36:05,-99.6228,38.0189, 227.2,11165,-56.9,-66.7,-62.4, 28, 48, 0.02,221,27.4
2025-03-29 11:36:06,-99.6227,38.0191, 227.0,11172,-57.0,-66.7,-62.4, 28, 48, 0.02,221,27.4
2025-03-29 11:36:07,-99.6225,38.0193, 226.7,11179,-57.0,-66.7,-62.4, 28, 48, 0.02,221,27.5
2025-03-29 11:36:08,-99.6224,38.0195, 226.5,11185,-57.1,-66.8,-62.5, 28, 49, 0.02,221,27.5
2025-03-29 11:36:09,-99.6222,38.0197, 226.3,11191,-57.2,-66.8,-62.5, 29, 49, 0.02,221,27.6
2025-03-29 11:36:10,-99.6219,38.0198, 226.1,11198,-57.3,-66.8,-62.5, 29, 49, 0.02,222,27.6
2025-03-29 11:36:11,-99.6217,38.0200, 225.8,11206,-57.3,-66.8,-62.5, 29, 50, 0.02,222,27.7
2025-03-29 11:36:12,-99.6215,38.0202, 225.4,11215,-57.4,-66.8,-62.5, 29, 50, 0.02,222,27.8
2025-03-29 11:36:13,-99.6213,38.0204, 225.1,11224,-57.5,-66.8,-62.5, 29, 51, 0.02,222,27.8
2025-03-29 11:36:14,-99.6212,38.0205, 224.8,11233,-57.6,-66.9,-62.6, 30, 51, 0.02,222,27.9
2025-03-29 11:36:15,-99.6210,38.0207, 224.5,11242,-57.7,-66.9,-62.6, 30, 52, 0.02,223,28.0
2025-03-29 11:36:16,-99.6208,38.0209, 224.1,11253,-57.8,-66.9,-62.6, 30, 52, 0.02,223,28.1
2025-03-29 11:36:17,-99.6206,38.0210, 223.7,11263,-57.9,-66.9,-62.6, 31, 53, 0.02,223,28.2
2025-03-29 11:36:18,-99.6203,38.0212, 223.4,11272,-57.9,-66.8,-62.5, 31, 53, 0.02,223,28.3
2025-03-29 11:36:19,-99.6200,38.0214, 223.2,11278,-57.9,-66.8,-62.5, 31, 54, 0.02,223,28.5
2025-03-29 11:36:20,-99.6198,38.0216, 223.0,11283,-58.0,-66.8,-62.5, 31, 54, 0.02,224,28.6
2025-03-29 11:36:21,-99.6196,38.0218, 222.9,11288,-58.0,-66.9,-62.6, 31, 54, 0.02,224,28.7
2025-03-29 11:36:22,-99.6193,38.0220, 222.7,11293,-58.0,-66.9,-62.6, 31, 54, 0.02,224,28.9
2025-03-29 11:36:23,-99.6191,38.0222, 222.5,11298,-58.1,-67.0,-62.7, 31, 54, 0.02,224,29.1
2025-03-29 11:36:24,-99.6189,38.0224, 222.3,11303,-58.1,-67.0,-62.7, 31, 53, 0.02,224,29.2
2025-03-29 11:36:25,-99.6186,38.0226, 222.1,11308,-58.2,-67.1,-62.8, 31, 53, 0.02,225,29.4
2025-03-29 11:36:26,-99.6184,38.0228, 222.0,11313,-58.2,-67.1,-62.8, 31, 53, 0.02,225,29.6
2025-03-29 11:36:27,-99.6181,38.0230, 221.8,11318,-58.2,-67.2,-62.9, 31, 53, 0.02,225,29.7
2025-03-29 11:36:28,-99.6178,38.0232, 221.6,11323,-58.3,-67.2,-62.9, 31, 53, 0.02,225,29.9
2025-03-29 11:36:29,-99.6176,38.0234, 221.4,11328,-58.3,-67.2,-62.9, 31, 53, 0.02,226,30.1
2025-03-29 11:36:30,-99.6173,38.0236, 221.3,11333,-58.3,-67.2,-62.9, 31, 53, 0.02,226,30.3
2025-03-29 11:36:31,-99.6171,38.0237, 221.1,11338,-58.4,-67.2,-62.9, 31, 54, 0.02,226,30.4
2025-03-29 11:36:32,-99.6168,38.0239, 220.9,11342,-58.4,-67.3,-63.0, 31, 54, 0.02,226,30.6
2025-03-29 11:36:33,-99.6166,38.0241, 220.8,11346,-58.4,-67.3,-63.0, 31, 54, 0.02,226,30.7
2025-03-29 11:36:34,-99.6163,38.0243, 220.7,11351,-58.5,-67.3,-63.0, 31, 54, 0.02,226,30.9
2025-03-29 11:36:35,-99.6160,38.0245, 220.5,11356,-58.5,-67.3,-63.0, 31, 54, 0.02,227,31.0
2025-03-29 11:36:36,-99.6158,38.0247, 220.3,11362,-58.5,-67.3,-63.0, 31, 54, 0.02,227,31.2
2025-03-29 11:36:37,-99.6155,38.0249, 220.1,11368,-58.5,-67.3,-63.0, 31, 55, 0.02,227,31.3
2025-03-29 11:36:38,-99.6152,38.0251, 219.8,11374,-58.6,-67.3,-63.0, 32, 55, 0.02,227,31.4
2025-03-29 11:36:39,-99.6150,38.0253, 219.6,11379,-58.6,-67.3,-63.0, 32, 55, 0.02,227,31.5
2025-03-29 11:36:40,-99.6147,38.0255, 219.5,11385,-58.7,-67.4,-63.1, 32, 55, 0.02,227,31.6
2025-03-29 11:36:41,-99.6144,38.0257, 219.3,11390,-58.7,-67.4,-63.1, 32, 55, 0.02,228,31.7
2025-03-29 11:36:42,-99.6141,38.0259, 219.0,11396,-58.7,-67.4,-63.1, 32, 55, 0.02,228,31.8
2025-03-29 11:36:43,-99.6138,38.0261, 218.8,11402,-58.8,-67.5,-63.2, 32, 55, 0.02,228,31.9
2025-03-29 11:36:44,-99.6136,38.0263, 218.6,11408,-58.8,-67.5,-63.2, 31, 55, 0.02,228,32.0
2025-03-29 11:36:45,-99.6133,38.0265, 218.4,11414,-58.8,-67.6,-63.3, 31, 55, 0.02,228,32.0
2025-03-29 11:36:46,-99.6130,38.0267, 218.2,11420,-58.9,-67.6,-63.3, 31, 54, 0.02,228,32.1
2025-03-29 11:36:47,-99.6128,38.0269, 218.0,11425,-58.9,-67.7,-63.4, 31, 54, 0.02,228,32.2
2025-03-29 11:36:48,-99.6125,38.0271, 217.8,11431,-58.9,-67.7,-63.4, 31, 54, 0.02,229,32.2
2025-03-29 11:36:49,-99.6122,38.0273, 217.7,11436,-58.9,-67.8,-63.4, 31, 54, 0.02,229,32.3
2025-03-29 11:36:50,-99.6119,38.0275, 217.5,11442,-58.9,-67.8,-63.5, 31, 53, 0.02,229,32.3
2025-03-29 11:36:51,-99.6116,38.0277, 217.3,11447,-58.9,-67.9,-63.6, 31, 53, 0.02,229,32.4
2025-03-29 11:36:52,-99.6113,38.0279, 217.1,11453,-59.0,-67.9,-63.6, 31, 53, 0.02,229,32.4
2025-03-29 11:36:53,-99.6111,38.0280, 216.9,11458,-59.0,-68.0,-63.7, 30, 53, 0.02,229,32.5
2025-03-29 11:36:54,-99.6108,38.0282, 216.7,11464,-59.1,-68.0,-63.7, 30, 53, 0.02,230,32.5
2025-03-29 11:36:55,-99.6105,38.0284, 216.5,11469,-59.1,-68.1,-63.7, 30, 53, 0.02,230,32.6
2025-03-29 11:36:56,-99.6102,38.0286, 216.3,11475,-59.1,-68.1,-63.8, 30, 53, 0.02,230,32.6
2025-03-29 11:36:57,-99.6099,38.0288, 216.1,11480,-59.2,-68.1,-63.8, 31, 53, 0.02,230,32.7
2025-03-29 11:36:58,-99.6097,38.0290, 215.9,11486,-59.2,-68.1,-63.8, 31, 53, 0.02,230,32.7
2025-03-29 11:36:59,-99.6094,38.0292, 215.7,11492,-59.3,-68.2,-63.8, 31, 53, 0.02,230,32.7
2025-03-29 11:37:00,-99.6091,38.0294, 215.5,11498,-59.3,-68.2,-63.9, 31, 53, 0.02,231,32.8
2025-03-29 11:37:01,-99.6088,38.0295, 215.3,11503,-59.3,-68.2,-63.9, 31, 53, 0.02,231,32.8
2025-03-29 11:37:02,-99.6085,38.0297, 215.1,11509,-59.4,-68.3,-64.0, 31, 53, 0.02,231,32.8
2025-03-29 11:37:03,-99.6082,38.0299, 214.9,11515,-59.4,-68.3,-64.0, 30, 53, 0.02,231,32.9
2025-03-29 11:37:04,-99.6079,38.0301, 214.7,11521,-59.5,-68.4,-64.1, 30, 53, 0.02,231,32.9
2025-03-29 11:37:05,-99.6076,38.0303, 214.6,11526,-59.5,-68.5,-64.2, 30, 53, 0.02,231,32.9
2025-03-29 11:37:06,-99.6073,38.0305, 214.4,11532,-59.6,-68.5,-64.2, 30, 53, 0.02,232,32.9
2025-03-29 11:37:07,-99.6070,38.0307, 214.1,11538,-59.6,-68.6,-64.3, 30, 53, 0.02,232,32.9
2025-03-29 11:37:08,-99.6067,38.0308, 213.9,11544,-59.7,-68.6,-64.3, 30, 53, 0.02,232,32.9
2025-03-29 11:37:09,-99.6064,38.0310, 213.7,11550,-59.7,-68.6,-64.3, 30, 53, 0.02,232,32.9
2025-03-29 11:37:10,-99.6061,38.0312, 213.6,11555,-59.8,-68.6,-64.3, 31, 53, 0.02,232,32.9
2025-03-29 11:37:11,-99.6058,38.0314, 213.4,11561,-59.8,-68.6,-64.3, 31, 54, 0.02,232,32.8
2025-03-29 11:37:12,-99.6055,38.0315, 213.2,11567,-59.9,-68.6,-64.3, 31, 54, 0.02,233,32.8
2025-03-29 11:37:13,-99.6052,38.0317, 213.0,11572,-59.9,-68.6,-64.3, 31, 55, 0.02,233,32.8
2025-03-29 11:37:14,-99.6049,38.0319, 212.8,11578,-60.0,-68.6,-64.3, 31, 55, 0.02,233,32.7
2025-03-29 11:37:15,-99.6046,38.0321, 212.6,11584,-60.0,-68.6,-64.3, 31, 55, 0.02,233,32.6
2025-03-29 11:37:16,-99.6043,38.0323, 212.4,11590,-60.0,-68.7,-64.4, 31, 55, 0.02,233,32.5
2025-03-29 11:37:17,-99.6040,38.0324, 212.2,11595,-60.1,-68.8,-64.5, 31, 54, 0.02,234,32.4
2025-03-29 11:37:18,-99.6037,38.0326, 212.0,11601,-60.1,-68.9,-64.6, 31, 54, 0.02,234,32.3
2025-03-29 11:37:19,-99.6034,38.0328, 211.8,11607,-60.1,-69.0,-64.7, 30, 53, 0.02,234,32.2
2025-03-29 11:37:20,-99.6031,38.0329, 211.6,11613,-60.1,-69.2,-64.8, 30, 52, 0.02,234,32.0
2025-03-29 11:37:21,-99.6028,38.0331, 211.4,11620,-60.1,-69.4,-65.0, 29, 50, 0.02,234,31.9
2025-03-29 11:37:22,-99.6025,38.0333, 211.1,11627,-60.1,-69.6,-65.3, 28, 49, 0.02,235,31.7
2025-03-29 11:37:23,-99.6022,38.0334, 210.9,11633,-60.1,-69.8,-65.5, 27, 47, 0.01,235,31.6
2025-03-29 11:37:24,-99.6019,38.0336, 210.7,11640,-60.0,-69.9,-65.6, 26, 46, 0.01,235,31.4
2025-03-29 11:37:25,-99.6016,38.0338, 210.5,11647,-59.9,-70.1,-65.8, 25, 44, 0.01,235,31.2
2025-03-29 11:37:26,-99.6013,38.0339, 210.2,11653,-59.7,-70.3,-66.0, 24, 42, 0.01,235,31.0
2025-03-29 11:37:27,-99.6010,38.0340, 210.0,11659,-59.6,-70.5,-66.1, 23, 40, 0.01,236,30.8
2025-03-29 11:37:28,-99.6007,38.0341, 209.8,11666,-59.6,-70.7,-66.4, 22, 39, 0.01,236,30.6
2025-03-29 11:37:29,-99.6005,38.0343, 209.6,11672,-59.5,-70.9,-66.6, 21, 37, 0.01,236,30.4
2025-03-29 11:37:30,-99.6002,38.0344, 209.4,11677,-59.3,-71.1,-66.8, 20, 35, 0.01,236,30.2
2025-03-29 11:37:31,-99.5999,38.0346, 209.2,11683,-59.1,-71.3,-67.0, 19, 33, 0.01,237,30.0
2025-03-29 11:37:32,-99.5996,38.0348, 209.1,11688,-58.9,-71.5,-67.2, 18, 32, 0.01,237,29.7
2025-03-29 11:37:33,-99.5994,38.0349, 208.9,11694,-58.7,-71.7,-67.4, 17, 30, 0.01,237,29.5
2025-03-29 11:37:34,-99.5991,38.0350, 208.7,11699,-58.6,-72.0,-67.7, 16, 28, 0.01,237,29.3
2025-03-29 11:37:35,-99.5988,38.0351, 208.5,11705,-58.6,-72.4,-68.1, 15, 27, 0.01,237,29.1
2025-03-29 11:37:36,-99.5986,38.0353, 208.3,11711,-58.4,-72.7,-68.3, 14, 25, 0.01,238,28.8
2025-03-29 11:37:37,-99.5983,38.0354, 208.1,11717,-58.3,-73.0,-68.7, 14, 24, 0.01,238,28.6
2025-03-29 11:37:38,-99.5980,38.0355, 207.9,11722,-58.2,-73.2,-68.9, 13, 22, 0.01,238,28.4
2025-03-29 11:37:39,-99.5978,38.0357, 207.8,11727,-58.1,-73.5,-69.2, 12, 21, 0.01,238,28.2
2025-03-29 11:37:40,-99.5975,38.0358, 207.6,11733,-58.0,-73.7,-69.4, 12, 20, 0.01,239,28.0
2025-03-29 11:37:41,-99.5972,38.0359, 207.4,11738,-58.0,-74.0,-69.7, 11, 19, 0.01,239,27.7
2025-03-29 11:37:42,-99.5970,38.0360, 207.2,11744,-58.0,-74.2,-69.9, 11, 19, 0.01,239,27.5
2025-03-29 11:37:43,-99.5967,38.0361, 207.0,11749,-58.0,-74.4,-70.1, 11, 18, 0.01,239,27.3
2025-03-29 11:37:44,-99.5964,38.0362, 206.9,11754,-58.0,-74.6,-70.3, 10, 18, 0.01,239,27.1
2025-03-29 11:37:45,-99.5962,38.0364, 206.7,11759,-58.0,-74.8,-70.5, 10, 17, 0.01,239,26.9
2025-03-29 11:37:46,-99.5959,38.0365, 206.6,11764,-58.0,-74.9,-70.6, 10, 17, 0.01,239,26.7
2025-03-29 11:37:47,-99.5957,38.0367, 206.4,11769,-58.0,-75.1,-70.8, 10, 16, 0.01,240,26.5
2025-03-29 11:37:48,-99.5954,38.0367, 206.2,11775,-58.0,-75.2,-70.9,  9, 16, 0.01,240,26.3
2025-03-29 11:37:49,-99.5951,38.0368, 206.0,11782,-57.9,-75.2,-71.0,  9, 16, 0.01,240,26.1
2025-03-29 11:37:50,-99.5948,38.0369, 205.8,11788,-57.9,-75.3,-71.0,  9, 16, 0.01,240,25.8
2025-03-29 11:37:51,-99.5946,38.0370, 205.6,11794,-57.9,-75.4,-71.1,  9, 15, 0.01,240,25.6
2025-03-29 11:37:52,-99.5944,38.0371, 205.4,11799,-57.9,-75.4,-71.1,  9, 15, 0.01,240,25.4
2025-03-29 11:37:53,-99.5941,38.0372, 205.3,11804,-57.9,-75.4,-71.1,  9, 15, 0.01,240,25.2
2025-03-29 11:37:54,-99.5939,38.0374, 205.1,11809,-57.9,-75.3,-71.0,  9, 15, 0.01,240,25.0
2025-03-29 11:37:55,-99.5936,38.0375, 204.9,11814,-57.9,-75.3,-71.0,  9, 16, 0.01,240,24.8
2025-03-29 11:37:56,-99.5934,38.0376, 204.7,11820,-57.9,-75.3,-71.0,  9, 16, 0.01,240,24.6
2025-03-29 11:37:57,-99.5931,38.0376, 204.5,11827,-57.9,-75.3,-71.0,  9, 16, 0.01,239,24.4
2025-03-29 11:37:58,-99.5929,38.0378, 204.3,11834,-58.0,-75.3,-71.0,  9, 16, 0.01,239,24.2
2025-03-29 11:37:59,-99.5927,38.0379, 204.0,11841,-58.0,-75.4,-71.1,  9, 16, 0.01,239,24.0
2025-03-29 11:38:00,-99.5925,38.0380, 203.8,11848,-58.1,-75.4,-71.1,  9, 16, 0.01,239,23.8
2025-03-29 11:38:01,-99.5923,38.0382, 203.6,11855,-58.2,-75.5,-71.2,  9, 16, 0.01,239,23.6
2025-03-29 11:38:02,-99.5921,38.0383, 203.4,11862,-58.2,-75.5,-71.3,  9, 16, 0.01,239,23.4
2025-03-29 11:38:03,-99.5919,38.0384, 203.1,11870,-58.3,-75.6,-71.3,  9, 16, 0.01,239,23.2
2025-03-29 11:38:04,-99.5917,38.0384, 202.9,11877,-58.4,-75.6,-71.3,  9, 16, 0.01,238,23.0
2025-03-29 11:38:05,-99.5914,38.0385, 202.6,11885,-58.5,-75.5,-71.3,  9, 16, 0.01,238,22.8
2025-03-29 11:38:06,-99.5912,38.0386, 202.4,11892,-58.4,-75.4,-71.1, 10, 17, 0.01,238,22.7
2025-03-29 11:38:07,-99.5910,38.0387, 202.2,11899,-58.4,-75.3,-71.0, 10, 17, 0.01,238,22.5
2025-03-29 11:38:08,-99.5908,38.0389, 202.0,11905,-58.4,-75.3,-71.0, 10, 17, 0.01,238,22.3
2025-03-29 11:38:09,-99.5907,38.0390, 201.8,11912,-58.5,-75.3,-71.0, 10, 17, 0.01,237,22.1
2025-03-29 11:38:10,-99.5905,38.0391, 201.6,11917,-58.6,-75.4,-71.1, 10, 17, 0.01,237,22.0
2025-03-29 11:38:11,-99.5903,38.0392, 201.4,11923,-58.6,-75.4,-71.1, 10, 17, 0.01,237,21.8
2025-03-29 11:38:12,-99.5901,38.0393, 201.2,11929,-58.6,-75.4,-71.1, 10, 17, 0.01,237,21.7
2025-03-29 11:38:13,-99.5898,38.0395, 201.0,11934,-58.6,-75.5,-71.2, 10, 17, 0.01,236,21.5
2025-03-29 11:38:14,-99.5896,38.0396, 200.8,11940,-58.6,-75.5,-71.3, 10, 17, 0.01,236,21.4
2025-03-29 11:38:15,-99.5893,38.0397, 200.7,11947,-58.6,-75.5,-71.3, 10, 17, 0.01,236,21.3
2025-03-29 11:38:16,-99.5891,38.0397, 200.4,11953,-58.6,-75.6,-71.3,  9, 16, 0.01,236,21.1
2025-03-29 11:38:17,-99.5889,38.0398, 200.2,11960,-58.6,-75.7,-71.4,  9, 16, 0.01,235,21.0
2025-03-29 11:38:18,-99.5888,38.0399, 200.0,11967,-58.7,-75.7,-71.4,  9, 16, 0.01,235,20.8
2025-03-29 11:38:19,-99.5887,38.0399, 199.8,11973,-58.7,-75.7,-71.5,  9, 16, 0.01,235,20.8
2025-03-29 11:38:20,-99.5885,38.0400, 199.6,11980,-58.7,-75.8,-71.5,  9, 16, 0.01,234,20.7
2025-03-29 11:38:21,-99.5884,38.0402, 199.4,11987,-58.8,-75.7,-71.4, 10, 17, 0.01,234,20.7
2025-03-29 11:38:22,-99.5882,38.0403, 199.2,11993,-58.9,-75.7,-71.4, 10, 17, 0.01,234,20.6
2025-03-29 11:38:23,-99.5881,38.0405, 198.9,12000,-58.9,-75.6,-71.4, 10, 17, 0.01,233,20.5
2025-03-29 11:38:24,-99.5879,38.0406, 198.7,12007,-59.0,-75.6,-71.3, 10, 17, 0.01,233,20.5
2025-03-29 11:38:25,-99.5877,38.0408, 198.5,12014,-59.0,-75.5,-71.2, 10, 18, 0.01,233,20.4
2025-03-29 11:38:26,-99.5875,38.0409, 198.3,12020,-59.1,-75.5,-71.2, 10, 18, 0.01,232,20.4
2025-03-29 11:38:27,-99.5872,38.0410, 198.1,12027,-59.2,-75.5,-71.2, 10, 18, 0.01,232,20.4
2025-03-29 11:38:28,-99.5870,38.0410, 197.9,12034,-59.3,-75.5,-71.2, 10, 18, 0.01,232,20.4
2025-03-29 11:38:29,-99.5868,38.0411, 197.6,12041,-59.3,-75.5,-71.2, 11, 18, 0.01,231,20.4
2025-03-29 11:38:30,-99.5866,38.0412, 197.4,12049,-59.4,-75.5,-71.2, 11, 18, 0.01,231,20.4
2025-03-29 11:38:31,-99.5864,38.0414, 197.1,12058,-59.5,-75.5,-71.3, 11, 19, 0.01,231,20.4
2025-03-29 11:38:32,-99.5863,38.0416, 196.8,12067,-59.6,-75.6,-71.3, 11, 19, 0.01,230,20.4
2025-03-29 11:38:33,-99.5862,38.0417, 196.6,12076,-59.7,-75.7,-71.4, 11, 19, 0.01,230,20.4
2025-03-29 11:38:34,-99.5861,38.0418, 196.3,12083,-59.7,-75.7,-71.5, 11, 19, 0.01,230,20.5
2025-03-29 11:38:35,-99.5859,38.0419, 196.1,12090,-59.8,-75.8,-71.5, 11, 19, 0.01,229,20.5
2025-03-29 11:38:36,-99.5858,38.0420, 195.9,12096,-59.8,-75.7,-71.5, 11, 19, 0.01,229,20.6
2025-03-29 11:38:37,-99.5856,38.0421, 195.7,12102,-59.9,-75.7,-71.5, 11, 19, 0.01,229,20.6
2025-03-29 11:38:38,-99.5854,38.0422, 195.5,12109,-59.9,-75.7,-71.4, 11, 19, 0.01,228,20.7
2025-03-29 11:38:39,-99.5852,38.0423, 195.3,12115,-59.9,-75.7,-71.4, 11, 19, 0.01,228,20.8
2025-03-29 11:38:40,-99.5850,38.0425, 195.1,12122,-59.9,-75.7,-71.4, 11, 19, 0.01,228,20.9
2025-03-29 11:38:41,-99.5848,38.0426, 194.9,12128,-59.9,-75.7,-71.5, 11, 19, 0.01,227,21.0
2025-03-29 11:38:42,-99.5846,38.0428, 194.7,12134,-60.0,-75.8,-71.5, 11, 19, 0.01,227,21.0
2025-03-29 11:38:43,-99.5845,38.0429, 194.6,12140,-60.1,-75.9,-71.7, 11, 19, 0.01,227,21.2
2025-03-29 11:38:44,-99.5843,38.0431, 194.4,12145,-60.1,-76.0,-71.7, 11, 19, 0.01,227,21.3
2025-03-29 11:38:45,-99.5842,38.0432, 194.2,12150,-60.2,-76.0,-71.7, 11, 19, 0.01,227,21.4
2025-03-29 11:38:46,-99.5840,38.0433, 194.1,12155,-60.2,-75.9,-71.7, 11, 19, 0.01,226,21.5
2025-03-29 11:38:47,-99.5838,38.0434, 193.9,12160,-60.2,-75.9,-71.6, 11, 19, 0.01,226,21.6
2025-03-29 11:38:48,-99.5836,38.0436, 193.8,12165,-60.2,-75.9,-71.6, 11, 20, 0.01,226,21.7
2025-03-29 11:38:49,-99.5834,38.0437, 193.6,12170,-60.3,-75.9,-71.6, 11, 20, 0.01,226,21.9
2025-03-29 11:38:50,-99.5832,38.0439, 193.5,12175,-60.3,-75.9,-71.6, 11, 20, 0.01,226,22.0
2025-03-29 11:38:51,-99.5831,38.0440, 193.3,12180,-60.4,-75.9,-71.6, 11, 20, 0.01,226,22.1
2025-03-29 11:38:52,-99.5829,38.0442, 193.2,12184,-60.4,-75.9,-71.6, 11, 20, 0.01,225,22.3
2025-03-29 11:38:53,-99.5827,38.0443, 193.0,12189,-60.4,-75.9,-71.6, 11, 20, 0.01,225,22.4
2025-03-29 11:38:54,-99.5825,38.0445, 192.9,12193,-60.4,-75.9,-71.6, 11, 20, 0.01,225,22.6
2025-03-29 11:38:55,-99.5823,38.0446, 192.8,12198,-60.4,-75.8,-71.6, 11, 20, 0.01,225,22.7
2025-03-29 11:38:56,-99.5822,38.0447, 192.6,12202,-60.4,-75.9,-71.6, 11, 20, 0.01,225,22.8
2025-03-29 11:38:57,-99.5820,38.0449, 192.5,12207,-60.5,-75.9,-71.7, 11, 20, 0.01,225,23.0
2025-03-29 11:38:58,-99.5818,38.0451, 192.3,12212,-60.5,-76.0,-71.7, 11, 20, 0.01,225,23.1
2025-03-29 11:38:59,-99.5816,38.0452, 192.2,12217,-60.5,-76.1,-71.8, 11, 20, 0.01,224,23.2
2025-03-29 11:39:00,-99.5814,38.0454, 192.0,12222,-60.6,-76.1,-71.8, 11, 20, 0.01,224,23.3
2025-03-29 11:39:01,-99.5812,38.0455, 191.8,12228,-60.6,-76.1,-71.8, 11, 20, 0.01,224,23.5
2025-03-29 11:39:02,-99.5810,38.0457, 191.6,12234,-60.6,-76.1,-71.8, 11, 20, 0.01,224,23.6
2025-03-29 11:39:03,-99.5809,38.0458, 191.5,12240,-60.7,-76.1,-71.8, 11, 20, 0.01,224,23.7
2025-03-29 11:39:04,-99.5807,38.0460, 191.3,12245,-60.8,-76.1,-71.9, 12, 20, 0.01,224,23.8
2025-03-29 11:39:05,-99.5805,38.0461, 191.1,12251,-60.8,-76.1,-71.9, 12, 20, 0.01,224,23.9
2025-03-29 11:39:06,-99.5803,38.0463, 190.9,12257,-60.9,-76.1,-71.8, 12, 21, 0.01,224,24.0
2025-03-29 11:39:07,-99.5800,38.0465, 190.8,12262,-60.9,-76.1,-71.8, 12, 21, 0.01,223,24.1
2025-03-29 11:39:08,-99.5799,38.0467, 190.6,12267,-60.9,-76.1,-71.8, 12, 21, 0.01,223,24.1
2025-03-29 11:39:09,-99.5797,38.0468, 190.4,12273,-61.0,-76.1,-71.8, 12, 21, 0.01,223,24.2
2025-03-29 11:39:10,-99.5795,38.0470, 190.3,12278,-61.0,-76.1,-71.8, 12, 21, 0.01,223,24.3
2025-03-29 11:39:11,-99.5793,38.0471, 190.1,12284,-61.1,-76.1,-71.8, 12, 21, 0.01,223,24.3
2025-03-29 11:39:12,-99.5791,38.0473, 189.9,12289,-61.1,-76.1,-71.8, 12, 21, 0.01,223,24.4
2025-03-29 11:39:13,-99.5789,38.0475, 189.8,12295,-61.1,-76.1,-71.8, 12, 22, 0.01,223,24.4
2025-03-29 11:39:14,-99.5787,38.0477, 189.6,12300,-61.2,-76.1,-71.8, 12, 22, 0.01,223,24.5
2025-03-29 11:39:15,-99.5785,38.0478, 189.5,12304,-61.2,-76.1,-71.8, 12, 22, 0.01,223,24.5
2025-03-29 11:39:16,-99.5784,38.0480, 189.3,12309,-61.3,-76.1,-71.8, 12, 22, 0.01,223,24.5
2025-03-29 11:39:17,-99.5782,38.0481, 189.2,12314,-61.3,-76.1,-71.8, 12, 22, 0.01,222,24.6
2025-03-29 11:39:18,-99.5780,38.0483, 189.0,12319,-61.4,-76.1,-71.9, 12, 22, 0.01,222,24.6
2025-03-29 11:39:19,-99.5778,38.0485, 188.9,12324,-61.4,-76.2,-71.9, 12, 22, 0.01,222,24.6
2025-03-29 11:39:20,-99.5776,38.0486, 188.7,12330,-61.5,-76.2,-71.9, 13, 22, 0.01,222,24.6
2025-03-29 11:39:21,-99.5774,38.0488, 188.5,12335,-61.5,-76.2,-71.9, 13, 22, 0.01,222,24.7
2025-03-29 11:39:22,-99.5772,38.0489, 188.4,12341,-61.6,-76.2,-71.9, 13, 22, 0.01,222,24.7
2025-03-29 11:39:23,-99.5771,38.0491, 188.2,12346,-61.6,-76.2,-71.9, 13, 23, 0.01,222,24.7
2025-03-29 11:39:24,-99.5769,38.0493, 188.0,12351,-61.7,-76.3,-72.0, 13, 23, 0.01,222,24.7
2025-03-29 11:39:25,-99.5767,38.0495, 187.9,12356,-61.7,-76.3,-72.0, 13, 23, 0.01,222,24.7
2025-03-29 11:39:26,-99.5765,38.0496, 187.7,12361,-61.8,-76.3,-72.0, 13, 23, 0.01,222,24.7
2025-03-29 11:39:27,-99.5763,38.0498, 187.6,12367,-61.8,-76.3,-72.0, 13, 23, 0.01,222,24.7
2025-03-29 11:39:28,-99.5761,38.0499, 187.4,12372,-61.9,-76.3,-72.0, 13, 23, 0.01,222,24.7
2025-03-29 11:39:29,-99.5759,38.0501, 187.2,12378,-62.0,-76.3,-72.1, 13, 23, 0.01,222,24.7
2025-03-29 11:39:30,-99.5758,38.0502, 187.1,12383,-62.0,-76.3,-72.1, 13, 23, 0.01,222,24.7
2025-03-29 11:39:31,-99.5756,38.0504, 186.9,12389,-62.0,-76.3,-72.1, 13, 23, 0.01,222,24.8
2025-03-29 11:39:32,-99.5754,38.0506, 186.7,12394,-62.0,-76.3,-72.0, 13, 24, 0.01,222,24.8
2025-03-29 11:39:33,-99.5752,38.0508, 186.6,12399,-62.1,-76.3,-72.0, 13, 24, 0.01,222,24.8
2025-03-29 11:39:34,-99.5750,38.0510, 186.4,12404,-62.1,-76.2,-72.0, 13, 24, 0.01,222,24.8
2025-03-29 11:39:35,-99.5748,38.0511, 186.3,12409,-62.1,-76.2,-72.0, 13, 24, 0.01,222,24.8
2025-03-29 11:39:36,-99.5747,38.0513, 186.1,12415,-62.2,-76.2,-72.0, 14, 24, 0.01,222,24.8
2025-03-29 11:39:37,-99.5745,38.0514, 186.0,12420,-62.2,-76.3,-72.0, 14, 24, 0.01,222,24.8
2025-03-29 11:39:38,-99.5743,38.0516, 185.8,12426,-62.3,-76.3,-72.0, 14, 24, 0.01,222,24.8
2025-03-29 11:39:39,-99.5742,38.0518, 185.6,12431,-62.3,-76.3,-72.0, 14, 24, 0.01,222,24.8
2025-03-29 11:39:40,-99.5740,38.0520, 185.5,12437,-62.4,-76.3,-72.1, 14, 24, 0.01,223,24.9
2025-03-29 11:39:41,-99.5738,38.0522, 185.3,12442,-62.4,-76.4,-72.1, 14, 25, 0.01,223,24.9
2025-03-29 11:39:42,-99.5736,38.0524, 185.1,12449,-62.5,-76.5,-72.2, 14, 25, 0.01,223,24.9
2025-03-29 11:39:43,-99.5733,38.0525, 184.9,12456,-62.6,-76.5,-72.2, 14, 25, 0.01,223,24.9
2025-03-29 11:39:44,-99.5731,38.0527, 184.7,12463,-62.7,-76.5,-72.3, 14, 25, 0.01,223,24.9
2025-03-29 11:39:45,-99.5729,38.0528, 184.4,12470,-62.7,-76.6,-72.3, 14, 25, 0.01,224,24.9
2025-03-29 11:39:46,-99.5727,38.0530, 184.2,12478,-62.8,-76.6,-72.3, 14, 25, 0.01,224,24.9
2025-03-29 11:39:47,-99.5725,38.0531, 184.0,12484,-62.9,-76.6,-72.3, 14, 25, 0.01,224,24.9
2025-03-29 11:39:48,-99.5723,38.0533, 183.9,12490,-62.9,-76.6,-72.3, 14, 25, 0.01,224,24.9
2025-03-29 11:39:49,-99.5721,38.0534, 183.7,12496,-63.0,-76.6,-72.3, 14, 26, 0.01,225,24.9
2025-03-29 11:39:50,-99.5719,38.0536, 183.5,12502,-63.1,-76.6,-72.3, 15, 26, 0.01,225,25.0
2025-03-29 11:39:51,-99.5717,38.0537, 183.3,12509,-63.1,-76.6,-72.3, 15, 26, 0.01,225,25.0
2025-03-29 11:39:52,-99.5715,38.0538, 183.1,12516,-63.2,-76.6,-72.3, 15, 26, 0.01,225,25.0
2025-03-29 11:39:53,-99.5713,38.0540, 182.9,12522,-63.2,-76.5,-72.3, 15, 27, 0.01,226,25.0
2025-03-29 11:39:54,-99.5711,38.0541, 182.7,12528,-63.2,-76.5,-72.3, 15, 27, 0.01,226,25.1
2025-03-29 11:39:55,-99.5709,38.0543, 182.6,12533,-63.3,-76.6,-72.3, 15, 27, 0.01,226,25.1
2025-03-29 11:39:56,-99.5707,38.0544, 182.5,12537,-63.3,-76.6,-72.3, 15, 27, 0.01,226,25.1
2025-03-29 11:39:57,-99.5705,38.0546, 182.4,12541,-63.3,-76.6,-72.3, 15, 27, 0.01,226,25.2
2025-03-29 11:39:58,-99.5702,38.0547, 182.2,12545,-63.3,-76.6,-72.4, 15, 27, 0.01,227,25.2
2025-03-29 11:39:59,-99.5700,38.0549, 182.1,12549,-63.4,-76.7,-72.4, 15, 27, 0.01,227,25.3
2025-03-29 11:40:00,-99.5698,38.0551, 181.9,12554,-63.4,-76.8,-72.5, 15, 27, 0.01,227,25.3
2025-03-29 11:40:01,-99.5696,38.0552, 181.8,12560,-63.5,-76.8,-72.6, 15, 26, 0.01,227,25.4
2025-03-29 11:40:02,-99.5694,38.0554, 181.6,12565,-63.5,-76.9,-72.6, 15, 26, 0.01,227,25.4
2025-03-29 11:40:03,-99.5692,38.0555, 181.5,12570,-63.6,-76.9,-72.7, 15, 26, 0.01,227,25.5
2025-03-29 11:40:04,-99.5689,38.0557, 181.3,12575,-63.6,-77.0,-72.7, 15, 26, 0.01,227,25.6
2025-03-29 11:40:05,-99.5687,38.0558, 181.2,12580,-63.6,-77.0,-72.7, 15, 26, 0.01,227,25.6
2025-03-29 11:40:06,-99.5685,38.0560, 181.1,12584,-63.7,-77.0,-72.7, 15, 27, 0.01,228,25.7
2025-03-29 11:40:07,-99.5683,38.0562, 180.9,12589,-63.7,-77.0,-72.7, 15, 27, 0.01,228,25.8
2025-03-29 11:40:08,-99.5681,38.0563, 180.8,12594,-63.8,-77.0,-72.7, 15, 27, 0.01,228,25.9
2025-03-29 11:40:09,-99.5679,38.0565, 180.6,12599,-63.8,-77.0,-72.7, 15, 27, 0.01,228,25.9
2025-03-29 11:40:10,-99.5676,38.0566, 180.5,12605,-63.8,-77.0,-72.7, 15, 27, 0.01,228,26.0
2025-03-29 11:40:11,-99.5674,38.0568, 180.3,12610,-63.9,-77.0,-72.7, 15, 27, 0.01,228,26.1
2025-03-29 11:40:12,-99.5672,38.0570, 180.1,12616,-63.9,-77.0,-72.7, 15, 27, 0.01,228,26.2
2025-03-29 11:40:13,-99.5670,38.0571, 180.0,12621,-63.9,-77.0,-72.7, 15, 27, 0.01,228,26.3
2025-03-29 11:40:14,-99.5667,38.0573, 179.8,12626,-64.0,-77.0,-72.7, 15, 28, 0.01,228,26.4
2025-03-29 11:40:15,-99.5665,38.0575, 179.7,12631,-64.0,-77.0,-72.8, 15, 28, 0.01,228,26.5
2025-03-29 11:40:16,-99.5663,38.0576, 179.6,12635,-64.1,-77.0,-72.8, 15, 28, 0.01,227,26.6
2025-03-29 11:40:17,-99.5661,38.0578, 179.4,12640,-64.1,-77.0,-72.8, 15, 28, 0.01,227,26.7
2025-03-29 11:40:18,-99.5658,38.0579, 179.3,12646,-64.2,-77.1,-72.8, 16, 28, 0.01,227,26.8
2025-03-29 11:40:19,-99.5656,38.0581, 179.1,12651,-64.2,-77.1,-72.8, 16, 28, 0.01,227,26.9
2025-03-29 11:40:20,-99.5654,38.0582, 179.0,12656,-64.3,-77.1,-72.8, 16, 28, 0.01,227,27.0
2025-03-29 11:40:21,-99.5651,38.0584, 178.8,12661,-64.3,-77.1,-72.8, 16, 29, 0.01,227,27.1
2025-03-29 11:40:22,-99.5649,38.0586, 178.7,12666,-64.3,-77.1,-72.8, 16, 29, 0.01,227,27.3
2025-03-29 11:40:23,-99.5647,38.0587, 178.5,12671,-64.4,-77.1,-72.8, 16, 29, 0.01,227,27.4
2025-03-29 11:40:24,-99.5644,38.0589, 178.4,12675,-64.4,-77.1,-72.9, 16, 29, 0.01,227,27.5
2025-03-29 11:40:25,-99.5642,38.0591, 178.2,12680,-64.4,-77.2,-72.9, 16, 29, 0.01,227,27.7
2025-03-29 11:40:26,-99.5640,38.0592, 178.1,12685,-64.5,-77.2,-73.0, 16, 29, 0.01,227,27.8
2025-03-29 11:40:27,-99.5638,38.0594, 177.9,12691,-64.5,-77.3,-73.0, 16, 29, 0.01,227,27.9
2025-03-29 11:40:28,-99.5636,38.0596, 177.8,12697,-64.6,-77.4,-73.1, 16, 28, 0.01,226,28.1
2025-03-29 11:40:29,-99.5633,38.0598, 177.6,12703,-64.6,-77.5,-73.2, 16, 28, 0.01,226,28.2
2025-03-29 11:40:30,-99.5631,38.0600, 177.4,12709,-64.7,-77.6,-73.3, 15, 28, 0.01,226,28.4
2025-03-29 11:40:31,-99.5629,38.0602, 177.2,12715,-64.7,-77.6,-73.3, 15, 28, 0.01,226,28.5
2025-03-29 11:40:32,-99.5626,38.0604, 177.1,12720,-64.6,-77.6,-73.4, 15, 28, 0.01,226,28.7
2025-03-29 11:40:33,-99.5624,38.0605, 176.9,12725,-64.6,-77.6,-73.4, 15, 27, 0.01,226,28.8
2025-03-29 11:40:34,-99.5622,38.0607, 176.8,12730,-64.5,-77.5,-73.3, 15, 27, 0.01,226,29.0
2025-03-29 11:40:35,-99.5619,38.0609, 176.6,12736,-64.4,-77.5,-73.2, 15, 27, 0.01,226,29.1
2025-03-29 11:40:36,-99.5617,38.0611, 176.4,12742,-64.4,-77.5,-73.3, 15, 27, 0.01,226,29.3
2025-03-29 11:40:37,-99.5614,38.0613, 176.3,12749,-64.4,-77.6,-73.3, 15, 27, 0.01,226,29.4
2025-03-29 11:40:38,-99.5612,38.0615, 176.1,12755,-64.4,-77.6,-73.4, 15, 27, 0.01,226,29.6
2025-03-29 11:40:39,-99.5609,38.0617, 175.9,12760,-64.4,-77.7,-73.4, 15, 27, 0.01,226,29.7
2025-03-29 11:40:40,-99.5606,38.0619, 175.8,12765,-64.4,-77.7,-73.4, 15, 26, 0.01,226,29.8
2025-03-29 11:40:41,-99.5604,38.0621, 175.7,12770,-64.4,-77.8,-73.5, 14, 26, 0.01,226,30.0
2025-03-29 11:40:42,-99.5601,38.0623, 175.5,12774,-64.3,-77.9,-73.7, 14, 25, 0.01,227,30.1
2025-03-29 11:40:43,-99.5599,38.0625, 175.4,12779,-64.3,-78.0,-73.8, 14, 25, 0.01,227,30.2
2025-03-29 11:40:44,-99.5596,38.0627, 175.2,12784,-64.3,-78.2,-74.0, 13, 24, 0.01,227,30.3
2025-03-29 11:40:45,-99.5594,38.0629, 175.1,12789,-64.3,-78.5,-74.2, 13, 23, 0.00,227,30.5
2025-03-29 11:40:46,-99.5592,38.0631, 175.0,12794,-64.3,-78.7,-74.5, 12, 22, 0.00,227,30.6
2025-03-29 11:40:47,-99.5589,38.0632, 174.8,12799,-64.3,-79.0,-74.8, 12, 21, 0.00,227,30.7
2025-03-29 11:40:48,-99.5587,38.0634, 174.7,12804,-64.2,-79.2,-75.0, 11, 20, 0.00,228,30.8
2025-03-29 11:40:49,-99.5585,38.0636, 174.5,12809,-64.1,-79.4,-75.2, 11, 19, 0.00,228,30.9
2025-03-29 11:40:50,-99.5582,38.0637, 174.4,12815,-63.9,-79.5,-75.3, 10, 18, 0.00,228,31.0
2025-03-29 11:40:51,-99.5579,38.0639, 174.2,12820,-63.8,-79.7,-75.5, 10, 18, 0.00,228,31.2
2025-03-29 11:40:52,-99.5576,38.0641, 174.1,12825,-63.7,-79.9,-75.7,  9, 17, 0.00,229,31.3
2025-03-29 11:40:53,-99.5573,38.0643, 174.0,12829,-63.6,-80.1,-75.9,  9, 16, 0.00,229,31.4
2025-03-29 11:40:54,-99.5570,38.0645, 173.8,12833,-63.5,-80.2,-76.0,  9, 16, 0.00,229,31.5
2025-03-29 11:40:55,-99.5567,38.0647, 173.7,12838,-63.3,-80.3,-76.0,  8, 15, 0.00,230,31.6
2025-03-29 11:40:56,-99.5565,38.0648, 173.6,12843,-63.2,-80.3,-76.1,  8, 15, 0.00,230,31.7
2025-03-29 11:40:57,-99.5562,38.0650, 173.4,12847,-63.1,-80.5,-76.2,  8, 14, 0.00,230,31.8
2025-03-29 11:40:58,-99.5559,38.0652, 173.3,12852,-63.0,-80.6,-76.4,  8, 14, 0.00,230,31.9
2025-03-29 11:40:59,-99.5556,38.0654, 173.2,12857,-62.9,-80.8,-76.5,  7, 13, 0.00,231,32.0
2025-03-29 11:41:00,-99.5553,38.0656, 173.0,12862,-62.8,-80.9,-76.7,  7, 13, 0.00,231,32.1
2025-03-29 11:41:01,-99.5550,38.0657, 172.9,12866,-62.7,-81.1,-76.9,  7, 12, 0.00,231,32.2
2025-03-29 11:41:02,-99.5547,38.0659, 172.8,12870,-62.6,-81.3,-77.1,  6, 11, 0.00,232,32.3
2025-03-29 11:41:03,-99.5544,38.0661, 172.7,12875,-62.5,-81.5,-77.3,  6, 11, 0.00,232,32.4
2025-03-29 11:41:04,-99.5541,38.0663, 172.5,12879,-62.5,-81.8,-77.6,  6, 10, 0.00,232,32.4
2025-03-29 11:41:05,-99.5538,38.0665, 172.4,12884,-62.5,-82.0,-77.8,  6, 10, 0.00,233,32.5
2025-03-29 11:41:06,-99.5535,38.0666, 172.3,12889,-62.5,-82.3,-78.1,  5, 10, 0.00,233,32.6
2025-03-29 11:41:07,-99.5532,38.0668, 172.1,12894,-62.5,-82.5,-78.3,  5,  9, 0.00,233,32.6
2025-03-29 11:41:08,-99.5529,38.0670, 172.0,12898,-62.5,-82.7,-78.5,  5,  9, 0.00,233,32.7
2025-03-29 11:41:09,-99.5525,38.0672, 171.9,12903,-62.5,-82.8,-78.6,  5,  9, 0.00,234,32.7
2025-03-29 11:41:10,-99.5522,38.0674, 171.7,12908,-62.4,-82.8,-78.7,  5,  9, 0.00,234,32.7
2025-03-29 11:41:11,-99.5519,38.0675, 171.6,12912,-62.3,-82.9,-78.7,  5,  9, 0.00,234,32.7
2025-03-29 11:41:12,-99.5516,38.0677, 171.5,12917,-62.3,-82.9,-78.8,  5,  8, 0.00,235,32.7
2025-03-29 11:41:13,-99.5513,38.0679, 171.3,12922,-62.3,-83.0,-78.9,  5,  8, 0.00,235,32.7
2025-03-29 11:41:14,-99.5510,38.0681, 171.2,12927,-62.3,-83.1,-79.0,  5,  8, 0.00,235,32.6
2025-03-29 11:41:15,-99.5507,38.0682, 171.1,12932,-62.4,-83.2,-79.1,  5,  8, 0.00,236,32.6
2025-03-29 11:41:16,-99.5504,38.0684, 170.9,12937,-62.4,-83.3,-79.2,  4,  8, 0.00,236,32.6
2025-03-29 11:41:17,-99.5501,38.0686, 170.8,12942,-62.3,-83.5,-79.3,  4,  8, 0.00,236,32.5
2025-03-29 11:41:18,-99.5498,38.0687, 170.7,12947,-62.2,-83.6,-79.4,  4,  8, 0.00,237,32.4
2025-03-29 11:41:19,-99.5494,38.0688, 170.5,12951,-62.2,-83.7,-79.6,  4,  7, 0.00,237,32.3
2025-03-29 11:41:20,-99.5491,38.0690, 170.4,12956,-62.1,-83.8,-79.7,  4,  7, 0.00,237,32.3
2025-03-29 11:41:21,-99.5488,38.0691, 170.3,12960,-61.9,-84.0,-79.8,  4,  7, 0.00,238,32.2
2025-03-29 11:41:22,-99.5485,38.0693, 170.2,12964,-61.6,-84.0,-79.9,  4,  6, 0.00,238,32.1
2025-03-29 11:41:23,-99.5482,38.0695, 170.1,12969,-61.4,-84.1,-79.9,  3,  6, 0.00,238,32.0
2025-03-29 11:41:24,-99.5479,38.0696, 169.9,12974,-61.3,-84.2,-80.0,  3,  6, 0.00,239,31.9
2025-03-29 11:41:25,-99.5476,38.0697, 169.8,12979,-61.2,-84.3,-80.2,  3,  6, 0.00,239,31.8
2025-03-29 11:41:26,-99.5473,38.0699, 169.6,12984,-61.1,-84.4,-80.3,  3,  6, 0.00,239,31.6
2025-03-29 11:41:27,-99.5470,38.0700, 169.5,12989,-60.9,-84.5,-80.3,  3,  5, 0.00,240,31.5
2025-03-29 11:41:28,-99.5467,38.0701, 169.4,12993,-60.8,-84.6,-80.4,  3,  5, 0.00,240,31.4
2025-03-29 11:41:29,-99.5464,38.0702, 169.3,12998,-60.7,-84.7,-80.6,  3,  5, 0.00,240,31.3
2025-03-29 11:41:30,-99.5460,38.0704, 169.1,13003,-60.6,-84.7,-80.6,  3,  5, 0.00,241,31.2
2025-03-29 11:41:31,-99.5457,38.0705, 169.0,13007,-60.4,-84.6,-80.5,  3,  5, 0.00,241,31.1
2025-03-29 11:41:32,-99.5454,38.0706, 168.9,13012,-60.3,-84.6,-80.5,  3,  5, 0.00,241,31.0
2025-03-29 11:41:33,-99.5451,38.0707, 168.7,13017,-60.3,-84.7,-80.6,  3,  5, 0.00,242,30.9
2025-03-29 11:41:34,-99.5448,38.0709, 168.6,13022,-60.2,-84.7,-80.6,  3,  5, 0.00,242,30.8
2025-03-29 11:41:35,-99.5445,38.0710, 168.5,13027,-60.2,-84.7,-80.6,  3,  5, 0.00,242,30.7
2025-03-29 11:41:36,-99.5442,38.0711, 168.3,13032,-60.2,-84.8,-80.7,  3,  5, 0.00,243,30.6
2025-03-29 11:41:37,-99.5439,38.0712, 168.2,13036,-60.1,-84.9,-80.8,  3,  4, 0.00,243,30.5
2025-03-29 11:41:38,-99.5436,38.0713, 168.1,13041,-60.1,-85.0,-80.9,  3,  4, 0.00,243,30.4
2025-03-29 11:41:39,-99.5432,38.0714, 168.0,13045,-60.1,-85.0,-80.9,  2,  4, 0.00,243,30.3
2025-03-29 11:41:40,-99.5429,38.0716, 167.9,13050,-60.0,-85.1,-81.0,  2,  4, 0.00,244,30.2
2025-03-29 11:41:41,-99.5426,38.0717, 167.7,13055,-59.9,-85.1,-81.0,  2,  4, 0.00,244,30.1
2025-03-29 11:41:42,-99.5423,38.0718, 167.6,13059,-59.9,-85.1,-81.0,  2,  4, 0.00,244,30.0
2025-03-29 11:41:43,-99.5420,38.0719, 167.5,13064,-59.8,-85.1,-81.0,  2,  4, 0.00,244,30.0
2025-03-29 11:41:44,-99.5417,38.0720, 167.4,13069,-59.8,-85.0,-80.9,  2,  4, 0.00,244,29.9
2025-03-29 11:41:45,-99.5414,38.0721, 167.2,13073,-59.8,-85.0,-80.9,  2,  4, 0.00,245,29.8
2025-03-29 11:41:46,-99.5411,38.0722, 167.1,13078,-59.8,-85.0,-80.9,  2,  4, 0.00,245,29.7
2025-03-29 11:41:47,-99.5408,38.0724, 167.0,13083,-59.8,-85.0,-80.9,  2,  4, 0.00,245,29.6
2025-03-29 11:41:48,-99.5405,38.0725, 166.9,13087,-59.8,-84.9,-80.8,  2,  4, 0.00,245,29.6
2025-03-29 11:41:49,-99.5402,38.0726, 166.7,13092,-59.9,-84.9,-80.8,  2,  4, 0.00,245,29.5
2025-03-29 11:41:50,-99.5399,38.0727, 166.6,13097,-59.9,-84.9,-80.8,  2,  4, 0.00,245,29.4
2025-03-29 11:41:51,-99.5396,38.0728, 166.5,13102,-60.0,-84.9,-80.8,  3,  4, 0.00,246,29.3
2025-03-29 11:41:52,-99.5393,38.0729, 166.3,13107,-60.0,-84.8,-80.7,  3,  4, 0.00,246,29.3
2025-03-29 11:41:53,-99.5390,38.0730, 166.2,13112,-60.0,-84.8,-80.7,  3,  4, 0.00,246,29.2
2025-03-29 11:41:54,-99.5387,38.0731, 166.1,13117,-60.0,-84.8,-80.7,  3,  4, 0.00,246,29.1
2025-03-29 11:41:55,-99.5384,38.0732, 166.0,13121,-60.0,-84.8,-80.7,  3,  5, 0.00,246,29.0
2025-03-29 11:41:56,-99.5381,38.0733, 165.8,13126,-60.0,-84.8,-80.7,  3,  5, 0.00,246,29.0
2025-03-29 11:41:57,-99.5378,38.0734, 165.7,13130,-60.0,-84.7,-80.6,  3,  5, 0.00,246,28.9
2025-03-29 11:41:58,-99.5375,38.0735, 165.6,13135,-59.9,-84.7,-80.6,  3,  5, 0.00,246,28.8
2025-03-29 11:41:59,-99.5372,38.0736, 165.5,13140,-59.9,-84.6,-80.5,  3,  5, 0.00,247,28.7
2025-03-29 11:42:00,-99.5369,38.0737, 165.3,13145,-59.9,-84.6,-80.5,  3,  5, 0.00,247,28.7
2025-03-29 11:42:01,-99.5366,38.0738, 165.2,13151,-59.9,-84.6,-80.5,  3,  5, 0.00,247,28.6
2025-03-29 11:42:02,-99.5363,38.0739, 165.0,13156,-59.9,-84.6,-80.5,  3,  5, 0.00,247,28.5
2025-03-29 11:42:03,-99.5360,38.0740, 164.9,13161,-60.0,-84.6,-80.5,  3,  5, 0.00,247,28.4
2025-03-29 11:42:04,-99.5357,38.0741, 164.8,13166,-60.0,-84.6,-80.5,  3,  5, 0.00,247,28.3
2025-03-29 11:42:05,-99.5354,38.0742, 164.6,13171,-60.0,-84.6,-80.4,  3,  5, 0.00,247,28.2
2025-03-29 11:42:06,-99.5351,38.0743, 164.5,13177,-60.1,-84.6,-80.4,  3,  5, 0.00,247,28.1
2025-03-29 11:42:07,-99.5348,38.0744, 164.3,13182,-60.1,-84.6,-80.4,  3,  5, 0.00,247,28.0
2025-03-29 11:42:08,-99.5345,38.0745, 164.2,13187,-60.1,-84.6,-80.4,  3,  5, 0.00,247,27.9
2025-03-29 11:42:09,-99.5342,38.0746, 164.1,13192,-60.2,-84.6,-80.4,  3,  5, 0.00,247,27.8
2025-03-29 11:42:10,-99.5339,38.0747, 163.9,13198,-60.2,-84.6,-80.4,  3,  5, 0.00,247,27.7
2025-03-29 11:42:11,-99.5336,38.0748, 163.8,13203,-60.2,-84.5,-80.4,  3,  5, 0.00,247,27.6
2025-03-29 11:42:12,-99.5334,38.0749, 163.7,13208,-60.3,-84.5,-80.4,  3,  5, 0.00,247,27.5
2025-03-29 11:42:13,-99.5331,38.0750, 163.5,13213,-60.3,-84.5,-80.4,  3,  5, 0.00,247,27.4
2025-03-29 11:42:14,-99.5328,38.0751, 163.4,13218,-60.3,-84.5,-80.4,  3,  5, 0.00,248,27.2
2025-03-29 11:42:15,-99.5325,38.0752, 163.2,13224,-60.3,-84.5,-80.4,  3,  5, 0.00,248,27.1
2025-03-29 11:42:16,-99.5322,38.0752, 163.1,13229,-60.4,-84.5,-80.4,  3,  5, 0.00,248,26.9
2025-03-29 11:42:17,-99.5319,38.0753, 163.0,13234,-60.4,-84.6,-80.4,  3,  5, 0.00,248,26.8
2025-03-29 11:42:18,-99.5317,38.0754, 162.8,13239,-60.5,-84.6,-80.5,  3,  5, 0.00,248,26.7
2025-03-29 11:42:19,-99.5314,38.0755, 162.7,13244,-60.5,-84.6,-80.5,  3,  5, 0.00,248,26.5
2025-03-29 11:42:20,-99.5311,38.0756, 162.6,13249,-60.5,-84.6,-80.5,  3,  5, 0.00,248,26.3
2025-03-29 11:42:21,-99.5309,38.0757, 162.5,13254,-60.5,-84.6,-80.4,  3,  5, 0.00,248,26.2
2025-03-29 11:42:22,-99.5306,38.0758, 162.3,13259,-60.5,-84.5,-80.4,  3,  5, 0.00,248,26.0
2025-03-29 11:42:23,-99.5303,38.0759, 162.2,13264,-60.5,-84.6,-80.4,  3,  5, 0.00,248,25.8
2025-03-29 11:42:24,-99.5301,38.0759, 162.0,13270,-60.4,-84.6,-80.4,  3,  5, 0.00,248,25.6
2025-03-29 11:42:25,-99.5298,38.0760, 161.9,13275,-60.4,-84.5,-80.4,  3,  5, 0.00,248,25.5
2025-03-29 11:42:26,-99.5295,38.0761, 161.8,13280,-60.3,-84.5,-80.4,  3,  5, 0.00,248,25.3
2025-03-29 11:42:27,-99.5293,38.0761, 161.6,13286,-60.3,-84.5,-80.4,  3,  5, 0.00,248,25.1
2025-03-29 11:42:28,-99.5290,38.0762, 161.5,13291,-60.2,-84.5,-80.4,  3,  5, 0.00,248,24.9
2025-03-29 11:42:29,-99.5288,38.0763, 161.4,13296,-60.2,-84.5,-80.3,  3,  5, 0.00,249,24.7
2025-03-29 11:42:30,-99.5285,38.0764, 161.2,13302,-60.2,-84.5,-80.3,  3,  5, 0.00,249,24.5
2025-03-29 11:42:31,-99.5283,38.0765, 161.1,13308,-60.2,-84.5,-80.3,  3,  5, 0.00,249,24.3
2025-03-29 11:42:32,-99.5280,38.0766, 160.9,13313,-60.2,-84.5,-80.3,  3,  5, 0.00,249,24.1
2025-03-29 11:42:33,-99.5278,38.0766, 160.8,13318,-60.2,-84.5,-80.3,  3,  5, 0.00,249,23.9
2025-03-29 11:42:34,-99.5275,38.0767, 160.7,13323,-60.2,-84.5,-80.3,  3,  5, 0.00,249,23.7
2025-03-29 11:42:35,-99.5273,38.0768, 160.5,13328,-60.2,-84.5,-80.3,  3,  5, 0.00,249,23.5
2025-03-29 11:42:36,-99.5271,38.0769, 160.4,13332,-60.2,-84.5,-80.4,  3,  5, 0.00,249,23.3
2025-03-29 11:42:37,-99.5268,38.0769, 160.3,13337,-60.2,-84.5,-80.4,  3,  5, 0.00,249,23.1
2025-03-29 11:42:38,-99.5266,38.0770, 160.2,13341,-60.2,-84.6,-80.4,  3,  5, 0.00,249,22.9
2025-03-29 11:42:39,-99.5263,38.0770, 160.1,13346,-60.2,-84.6,-80.5,  3,  5, 0.00,249,22.7
2025-03-29 11:42:40,-99.5261,38.0771, 159.9,13351,-60.2,-84.7,-80.6,  3,  5, 0.00,249,22.5
2025-03-29 11:42:41,-99.5258,38.0772, 159.8,13356,-60.3,-84.7,-80.6,  3,  5, 0.00,249,22.3
2025-03-29 11:42:42,-99.5256,38.0773, 159.7,13361,-60.3,-84.8,-80.7,  3,  5, 0.00,249,22.1
2025-03-29 11:42:43,-99.5254,38.0774, 159.6,13366,-60.3,-84.9,-80.8,  3,  5, 0.00,249,21.9
2025-03-29 11:42:44,-99.5252,38.0774, 159.4,13371,-60.3,-84.9,-80.8,  3,  5, 0.00,249,21.7
2025-03-29 11:42:45,-99.5249,38.0774, 159.3,13377,-60.2,-84.9,-80.8,  3,  5, 0.00,249,21.5
2025-03-29 11:42:46,-99.5247,38.0775, 159.2,13382,-60.0,-84.9,-80.8,  3,  4, 0.00,249,21.3
2025-03-29 11:42:47,-99.5245,38.0776, 159.0,13387,-59.8,-84.8,-80.7,  3,  4, 0.00,249,21.1
2025-03-29 11:42:48,-99.5243,38.0776, 158.9,13393,-59.7,-84.7,-80.6,  2,  4, 0.00,249,20.9
2025-03-29 11:42:49,-99.5241,38.0777, 158.8,13398,-59.6,-84.7,-80.6,  2,  4, 0.00,249,20.7
2025-03-29 11:42:50,-99.5239,38.0778, 158.6,13403,-59.6,-84.7,-80.6,  2,  4, 0.00,249,20.6
2025-03-29 11:42:51,-99.5237,38.0778, 158.5,13408,-59.6,-84.8,-80.7,  2,  4, 0.00,249,20.4
2025-03-29 11:42:52,-99.5235,38.0779, 158.4,13413,-59.5,-84.8,-80.7,  2,  4, 0.00,249,20.2
2025-03-29 11:42:53,-99.5233,38.0780, 158.2,13418,-59.5,-84.8,-80.7,  2,  4, 0.00,249,20.1
2025-03-29 11:42:54,-99.5231,38.0780, 158.1,13422,-59.4,-84.8,-80.7,  2,  4, 0.00,249,19.9
2025-03-29 11:42:55,-99.5229,38.0781, 158.0,13427,-59.4,-84.8,-80.7,  2,  4, 0.00,249,19.8
2025-03-29 11:42:56,-99.5227,38.0781, 157.9,13432,-59.4,-84.8,-80.7,  2,  4, 0.00,249,19.6
2025-03-29 11:42:57,-99.5225,38.0782, 157.8,13437,-59.4,-84.9,-80.8,  2,  4, 0.00,249,19.5
2025-03-29 11:42:58,-99.5223,38.0782, 157.6,13442,-59.4,-84.9,-80.8,  2,  4, 0.00,249,19.4
2025-03-29 11:42:59,-99.5221,38.0783, 157.5,13447,-59.4,-84.9,-80.8,  2,  4, 0.00,249,19.3
2025-03-29 11:43:00,-99.5219,38.0784, 157.4,13451,-59.4,-84.9,-80.8,  2,  4, 0.00,249,19.2
2025-03-29 11:43:01,-99.5216,38.0784, 157.3,13456,-59.5,-84.9,-80.8,  2,  4, 0.00,248,19.1
2025-03-29 11:43:02,-99.5215,38.0785, 157.2,13460,-59.5,-84.9,-80.8,  2,  4, 0.00,248,19.0
2025-03-29 11:43:03,-99.5213,38.0785, 157.1,13465,-59.5,-84.9,-80.7,  2,  4, 0.00,248,18.9
2025-03-29 11:43:04,-99.5211,38.0786, 156.9,13470,-59.5,-84.8,-80.7,  2,  4, 0.00,248,18.8
2025-03-29 11:43:05,-99.5209,38.0787, 156.8,13475,-59.5,-84.8,-80.7,  2,  4, 0.00,248,18.8
2025-03-29 11:43:06,-99.5207,38.0787, 156.7,13479,-59.5,-84.8,-80.7,  2,  4, 0.00,247,18.7
2025-03-29 11:43:07,-99.5205,38.0788, 156.6,13484,-59.5,-84.8,-80.7,  2,  4, 0.00,247,18.7
2025-03-29 11:43:08,-99.5204,38.0788, 156.5,13489,-59.6,-84.9,-80.7,  2,  4, 0.00,247,18.6
2025-03-29 11:43:09,-99.5202,38.0789, 156.3,13494,-59.5,-84.9,-80.7,  2,  4, 0.00,247,18.6
2025-03-29 11:43:10,-99.5200,38.0790, 156.2,13499,-59.5,-84.8,-80.7,  2,  4, 0.00,247,18.5
2025-03-29 11:43:11,-99.5198,38.0791, 156.1,13504,-59.5,-84.8,-80.7,  2,  4, 0.00,246,18.5
2025-03-29 11:43:12,-99.5196,38.0791, 155.9,13509,-59.5,-84.8,-80.7,  2,  4, 0.00,246,18.5
2025-03-29 11:43:13,-99.5194,38.0792, 155.8,13514,-59.6,-84.8,-80.7,  2,  4, 0.00,246,18.5
2025-03-29 11:43:14,-99.5192,38.0793, 155.7,13519,-59.6,-84.9,-80.7,  2,  4, 0.00,246,18.5
2025-03-29 11:43:15,-99.5190,38.0793, 155.6,13524,-59.6,-84.9,-80.8,  2,  4, 0.00,245,18.5
2025-03-29 11:43:16,-99.5188,38.0794, 155.4,13529,-59.7,-84.9,-80.8,  2,  4, 0.00,245,18.4
2025-03-29 11:43:17,-99.5187,38.0795, 155.3,13534,-59.7,-84.9,-80.8,  2,  4, 0.00,245,18.4
2025-03-29 11:43:18,-99.5185,38.0796, 155.2,13539,-59.7,-84.9,-80.8,  2,  4, 0.00,244,18.5
2025-03-29 11:43:19,-99.5183,38.0797, 155.1,13544,-59.8,-84.9,-80.8,  2,  4, 0.00,244,18.5
2025-03-29 11:43:20,-99.5181,38.0797, 155.0,13549,-59.8,-84.9,-80.8,  2,  4, 0.00,244,18.5
2025-03-29 11:43:21,-99.5179,38.0798, 154.8,13554,-59.9,-84.9,-80.8,  2,  4, 0.00,244,18.5
2025-03-29 11:43:22,-99.5177,38.0799, 154.7,13559,-59.9,-84.9,-80.8,  2,  4, 0.00,243,18.5
2025-03-29 11:43:23,-99.5175,38.0800, 154.6,13564,-59.9,-84.9,-80.8,  2,  4, 0.00,243,18.5
2025-03-29 11:43:24,-99.5173,38.0801, 154.5,13569,-60.0,-84.9,-80.8,  2,  4, 0.00,243,18.5
2025-03-29 11:43:25,-99.5172,38.0802, 154.3,13574,-60.0,-85.0,-80.9,  2,  4, 0.00,243,18.5
2025-03-29 11:43:26,-99.5170,38.0802, 154.2,13579,-60.0,-85.0,-80.9,  3,  4, 0.00,242,18.6
2025-03-29 11:43:27,-99.5168,38.0803, 154.1,13584,-60.1,-85.0,-80.9,  3,  4, 0.00,242,18.6
2025-03-29 11:43:28,-99.5166,38.0804, 154.0,13589,-60.1,-85.0,-80.9,  3,  4, 0.00,242,18.6
2025-03-29 11:43:29,-99.5164,38.0804, 153.8,13594,-60.2,-85.1,-81.0,  3,  4, 0.00,242,18.6
2025-03-29 11:43:30,-99.5162,38.0805, 153.7,13599,-60.2,-85.1,-81.0,  3,  4, 0.00,242,18.6
2025-03-29 11:43:31,-99.5160,38.0806, 153.6,13604,-60.3,-85.1,-81.0,  3,  4, 0.00,241,18.6
2025-03-29 11:43:32,-99.5158,38.0807, 153.5,13609,-60.3,-85.1,-81.0,  3,  4, 0.00,241,18.7
2025-03-29 11:43:33,-99.5156,38.0808, 153.4,13614,-60.3,-85.1,-81.0,  3,  4, 0.00,241,18.7
2025-03-29 11:43:34,-99.5155,38.0809, 153.2,13619,-60.4,-85.1,-81.0,  3,  5, 0.00,241,18.7
2025-03-29 11:43:35,-99.5153,38.0810, 153.1,13624,-60.4,-85.1,-81.0,  3,  5, 0.00,241,18.7
2025-03-29 11:43:36,-99.5151,38.0810, 153.0,13629,-60.5,-85.1,-81.0,  3,  5, 0.00,240,18.7
2025-03-29 11:43:37,-99.5149,38.0811, 152.9,13634,-60.5,-85.0,-80.9,  3,  5, 0.00,240,18.8
2025-03-29 11:43:38,-99.5147,38.0812, 152.7,13639,-60.6,-85.0,-80.9,  3,  5, 0.00,240,18.8
2025-03-29 11:43:39,-99.5146,38.0813, 152.6,13643,-60.6,-85.0,-80.9,  3,  5, 0.00,240,18.8
2025-03-29 11:43:40,-99.5144,38.0814, 152.5,13648,-60.6,-85.0,-80.9,  3,  5, 0.00,240,18.8
2025-03-29 11:43:41,-99.5142,38.0814, 152.4,13653,-60.7,-85.0,-80.9,  3,  5, 0.00,239,18.8
2025-03-29 11:43:42,-99.5141,38.0815, 152.3,13658,-60.7,-85.0,-80.9,  3,  5, 0.00,239,18.8
2025-03-29 11:43:43,-99.5139,38.0816, 152.2,13663,-60.7,-85.0,-80.9,  3,  5, 0.00,239,18.9
2025-03-29 11:43:44,-99.5137,38.0817, 152.0,13667,-60.8,-85.0,-80.9,  3,  5, 0.00,239,18.9
2025-03-29 11:43:45,-99.5135,38.0818, 151.9,13672,-60.8,-85.1,-81.0,  3,  5, 0.00,239,18.9
2025-03-29 11:43:46,-99.5133,38.0819, 151.8,13677,-60.9,-85.1,-81.0,  3,  5, 0.00,238,18.9
2025-03-29 11:43:47,-99.5131,38.0820, 151.7,13681,-60.9,-85.1,-81.0,  3,  5, 0.00,238,19.0
2025-03-29 11:43:48,-99.5129,38.0821, 151.6,13686,-61.0,-85.1,-81.0,  3,  5, 0.00,238,19.0
2025-03-29 11:43:49,-99.5127,38.0822, 151.5,13691,-61.0,-85.2,-81.1,  3,  5, 0.00,238,19.0
2025-03-29 11:43:50,-99.5125,38.0823, 151.3,13696,-61.0,-85.2,-81.1,  3,  5, 0.00,237,19.0
2025-03-29 11:43:51,-99.5123,38.0824, 151.2,13701,-61.1,-85.2,-81.1,  3,  5, 0.00,237,19.1
2025-03-29 11:43:52,-99.5122,38.0825, 151.1,13705,-61.1,-85.2,-81.1,  3,  5, 0.00,237,19.1
2025-03-29 11:43:53,-99.5120,38.0825, 151.0,13711,-61.2,-85.2,-81.1,  3,  5, 0.00,237,19.1
2025-03-29 11:43:54,-99.5118,38.0827, 150.8,13716,-61.2,-85.2,-81.1,  3,  5, 0.00,236,19.2
2025-03-29 11:43:55,-99.5117,38.0828, 150.7,13722,-61.2,-85.2,-81.1,  3,  5, 0.00,236,19.2
2025-03-29 11:43:56,-99.5115,38.0829, 150.5,13729,-61.3,-85.2,-81.1,  3,  5, 0.00,236,19.3
2025-03-29 11:43:57,-99.5113,38.0830, 150.4,13735,-61.4,-85.3,-81.2,  3,  5, 0.00,235,19.3
2025-03-29 11:43:58,-99.5111,38.0831, 150.3,13740,-61.4,-85.3,-81.2,  3,  5, 0.00,235,19.4
2025-03-29 11:43:59,-99.5109,38.0831, 150.1,13745,-61.4,-85.3,-81.2,  3,  5, 0.00,235,19.5
2025-03-29 11:44:00,-99.5108,38.0832, 150.0,13751,-61.5,-85.3,-81.2,  3,  5, 0.00,234,19.6
2025-03-29 11:44:01,-99.5106,38.0833, 149.9,13756,-61.5,-85.3,-81.2,  3,  5, 0.00,234,19.6
2025-03-29 11:44:02,-99.5104,38.0834, 149.8,13761,-61.5,-85.3,-81.2,  3,  5, 0.00,234,19.7
2025-03-29 11:44:03,-99.5102,38.0836, 149.6,13766,-61.6,-85.3,-81.2,  3,  5, 0.00,233,19.8
2025-03-29 11:44:04,-99.5100,38.0837, 149.5,13772,-61.6,-85.3,-81.2,  3,  5, 0.00,233,19.8
2025-03-29 11:44:05,-99.5099,38.0838, 149.4,13778,-61.6,-85.3,-81.2,  3,  5, 0.00,233,19.9
2025-03-29 11:44:06,-99.5097,38.0839, 149.2,13783,-61.7,-85.3,-81.2,  3,  5, 0.00,232,20.0
2025-03-29 11:44:07,-99.5095,38.0840, 149.1,13789,-61.7,-85.3,-81.2,  3,  5, 0.00,232,20.1
2025-03-29 11:44:08,-99.5093,38.0842, 149.0,13794,-61.7,-85.3,-81.2,  3,  5, 0.00,232,20.2
2025-03-29 11:44:09,-99.5091,38.0843, 148.8,13800,-61.7,-85.3,-81.2,  3,  5, 0.00,231,20.3
2025-03-29 11:44:10,-99.5089,38.0844, 148.7,13805,-61.7,-85.3,-81.2,  3,  5, 0.00,231,20.4
2025-03-29 11:44:11,-99.5088,38.0845, 148.6,13810,-61.7,-85.3,-81.2,  3,  5, 0.00,230,20.6
2025-03-29 11:44:12,-99.5086,38.0846, 148.5,13815,-61.8,-85.3,-81.2,  3,  5, 0.00,230,20.7
2025-03-29 11:44:13,-99.5085,38.0848, 148.3,13820,-61.8,-85.4,-81.3,  3,  5, 0.00,230,20.8
2025-03-29 11:44:14,-99.5083,38.0849, 148.2,13825,-61.8,-85.4,-81.3,  3,  5, 0.00,229,20.9
2025-03-29 11:44:15,-99.5081,38.0850, 148.1,13831,-61.9,-85.4,-81.3,  3,  5, 0.00,229,21.0
2025-03-29 11:44:16,-99.5079,38.0852, 148.0,13836,-61.9,-85.5,-81.4,  3,  5, 0.00,229,21.2
2025-03-29 11:44:17,-99.5077,38.0853, 147.8,13842,-61.9,-85.5,-81.4,  3,  5, 0.00,229,21.3
2025-03-29 11:44:18,-99.5075,38.0854, 147.7,13848,-62.0,-85.5,-81.4,  3,  5, 0.00,228,21.5
2025-03-29 11:44:19,-99.5074,38.0855, 147.5,13854,-62.0,-85.5,-81.4,  3,  5, 0.00,228,21.6
2025-03-29 11:44:20,-99.5072,38.0856, 147.4,13860,-62.0,-85.6,-81.5,  3,  5, 0.00,228,21.8
2025-03-29 11:44:21,-99.5071,38.0858, 147.3,13865,-62.0,-85.6,-81.5,  3,  5, 0.00,227,21.9
2025-03-29 11:44:22,-99.5069,38.0859, 147.1,13871,-62.0,-85.6,-81.5,  3,  5, 0.00,227,22.1
2025-03-29 11:44:23,-99.5067,38.0861, 147.0,13876,-62.0,-85.6,-81.5,  3,  5, 0.00,227,22.2
2025-03-29 11:44:24,-99.5064,38.0863, 146.9,13881,-62.0,-85.5,-81.4,  3,  5, 0.00,227,22.4
2025-03-29 11:44:25,-99.5062,38.0864, 146.8,13887,-62.0,-85.5,-81.4,  3,  5, 0.00,226,22.5
2025-03-29 11:44:26,-99.5061,38.0865, 146.6,13892,-62.0,-85.5,-81.4,  3,  5, 0.00,226,22.7
2025-03-29 11:44:27,-99.5059,38.0866, 146.5,13897,-62.1,-85.5,-81.4,  3,  5, 0.00,226,22.9
2025-03-29 11:44:28,-99.5057,38.0868, 146.4,13903,-62.1,-85.5,-81.4,  3,  5, 0.00,226,23.0
2025-03-29 11:44:29,-99.5055,38.0870, 146.2,13908,-62.1,-85.5,-81.4,  3,  5, 0.00,226,23.2
2025-03-29 11:44:30,-99.5053,38.0871, 146.1,13914,-62.2,-85.5,-81.4,  3,  5, 0.00,226,23.4
2025-03-29 11:44:31,-99.5051,38.0873, 146.0,13919,-62.2,-85.5,-81.5,  3,  5, 0.00,226,23.6
2025-03-29 11:44:32,-99.5049,38.0874, 145.9,13925,-62.3,-85.5,-81.5,  3,  5, 0.00,225,23.7
2025-03-29 11:44:33,-99.5047,38.0876, 145.7,13929,-62.3,-85.6,-81.5,  3,  5, 0.00,225,23.9
2025-03-29 11:44:34,-99.5045,38.0878, 145.6,13934,-62.4,-85.6,-81.5,  3,  5, 0.00,225,24.1
2025-03-29 11:44:35,-99.5043,38.0879, 145.5,13939,-62.4,-85.6,-81.5,  3,  5, 0.00,225,24.2
2025-03-29 11:44:36,-99.5041,38.0881, 145.4,13944,-62.3,-85.6,-81.5,  3,  5, 0.00,225,24.4
2025-03-29 11:44:37,-99.5039,38.0882, 145.3,13948,-62.3,-85.6,-81.5,  3,  5, 0.00,225,24.6
2025-03-29 11:44:38,-99.5037,38.0884, 145.2,13953,-62.4,-85.6,-81.5,  3,  5, 0.00,225,24.7
2025-03-29 11:44:39,-99.5035,38.0885, 145.1,13958,-62.4,-85.7,-81.6,  3,  5, 0.00,225,24.9
2025-03-29 11:44:40,-99.5033,38.0887, 144.9,13963,-62.4,-85.7,-81.6,  3,  5, 0.00,225,25.0
2025-03-29 11:44:41,-99.5031,38.0889, 144.8,13968,-62.4,-85.7,-81.7,  3,  5, 0.00,225,25.2
2025-03-29 11:44:42,-99.5029,38.0891, 144.7,13973,-62.4,-85.8,-81.7,  3,  5, 0.00,225,25.4
2025-03-29 11:44:43,-99.5027,38.0893, 144.6,13977,-62.4,-85.8,-81.7,  3,  5, 0.00,225,25.5
2025-03-29 11:44:44,-99.5025,38.0894, 144.5,13982,-62.4,-85.8,-81.8,  3,  5, 0.00,225,25.7
2025-03-29 11:44:45,-99.5023,38.0896, 144.4,13986,-62.4,-85.9,-81.8,  3,  5, 0.00,225,25.8
2025-03-29 11:44:46,-99.5021,38.0897, 144.3,13991,-62.4,-85.9,-81.8,  3,  5, 0.00,226,25.9
2025-03-29 11:44:47,-99.5019,38.0899, 144.2,13996,-62.3,-85.9,-81.8,  3,  5, 0.00,226,26.1
2025-03-29 11:44:48,-99.5016,38.0901, 144.1,14000,-62.3,-85.9,-81.8,  3,  5, 0.00,226,26.2
2025-03-29 11:44:49,-99.5014,38.0902, 144.0,14005,-62.3,-85.9,-81.8,  3,  5, 0.00,226,26.4
2025-03-29 11:44:50,-99.5012,38.0904, 143.8,14010,-62.3,-85.9,-81.8,  3,  5, 0.00,226,26.5
2025-03-29 11:44:51,-99.5009,38.0906, 143.7,14015,-62.2,-85.9,-81.8,  3,  5, 0.00,226,26.7
2025-03-29 11:44:52,-99.5007,38.0907, 143.6,14020,-62.2,-85.9,-81.8,  3,  5, 0.00,226,26.8
2025-03-29 11:44:53,-99.5005,38.0909, 143.5,14024,-62.1,-85.9,-81.8,  3,  5, 0.00,226,27.0
2025-03-29 11:44:54,-99.5003,38.0911, 143.4,14028,-62.1,-85.9,-81.8,  3,  5, 0.00,226,27.1
2025-03-29 11:44:55,-99.5001,38.0912, 143.3,14033,-62.0,-85.9,-81.8,  3,  5, 0.00,227,27.3
2025-03-29 11:44:56,-99.4998,38.0914, 143.2,14038,-62.0,-85.9,-81.9,  3,  5, 0.00,227,27.4
2025-03-29 11:44:57,-99.4996,38.0916, 143.1,14043,-62.0,-86.0,-81.9,  3,  5, 0.00,227,27.6
2025-03-29 11:44:58,-99.4994,38.0917, 143.0,14048,-61.9,-86.0,-81.9,  3,  5, 0.00,227,27.7
2025-03-29 11:44:59,-99.4991,38.0919, 142.9,14052,-61.9,-86.0,-81.9,  3,  5, 0.00,227,27.9
2025-03-29 11:45:00,-99.4989,38.0921, 142.8,14057,-61.9,-86.0,-82.0,  3,  5, 0.00,227,28.1
2025-03-29 11:45:01,-99.4986,38.0923, 142.7,14062,-61.9,-86.1,-82.0,  3,  5, 0.00,228,28.2
2025-03-29 11:45:02,-99.4984,38.0924, 142.5,14066,-61.8,-86.1,-82.0,  3,  5, 0.00,228,28.4
2025-03-29 11:45:03,-99.4982,38.0926, 142.4,14071,-61.8,-86.1,-82.1,  3,  5, 0.00,228,28.6
2025-03-29 11:45:04,-99.4979,38.0928, 142.3,14076,-61.8,-86.2,-82.1,  3,  5, 0.00,228,28.7
2025-03-29 11:45:05,-99.4977,38.0930, 142.2,14081,-61.8,-86.2,-82.1,  3,  4, 0.00,228,28.9
2025-03-29 11:45:06,-99.4974,38.0932, 142.1,14086,-61.7,-86.2,-82.1,  3,  4, 0.00,228,29.1
2025-03-29 11:45:07,-99.4972,38.0933, 142.0,14091,-61.6,-86.1,-82.1,  2,  4, 0.00,228,29.2
2025-03-29 11:45:08,-99.4969,38.0935, 141.9,14096,-61.5,-86.1,-82.0,  2,  4, 0.00,229,29.4
2025-03-29 11:45:09,-99.4967,38.0937, 141.8,14101,-61.4,-86.1,-82.1,  2,  4, 0.00,229,29.6
2025-03-29 11:45:10,-99.4964,38.0939, 141.6,14106,-61.4,-86.2,-82.1,  2,  4, 0.00,229,29.7
2025-03-29 11:45:11,-99.4961,38.0941, 141.5,14110,-61.4,-86.2,-82.1,  2,  4, 0.00,229,29.9
2025-03-29 11:45:12,-99.4959,38.0942, 141.4,14115,-61.4,-86.2,-82.2,  2,  4, 0.00,229,30.0
2025-03-29 11:45:13,-99.4956,38.0944, 141.3,14119,-61.4,-86.2,-82.2,  2,  4, 0.00,230,30.2
2025-03-29 11:45:14,-99.4953,38.0946, 141.2,14124,-61.3,-86.2,-82.2,  2,  4, 0.00,230,30.3
2025-03-29 11:45:15,-99.4950,38.0948, 141.1,14128,-61.2,-86.2,-82.1,  2,  4, 0.00,230,30.5
2025-03-29 11:45:16,-99.4947,38.0949, 141.0,14132,-61.1,-86.1,-82.1,  2,  4, 0.00,230,30.6
2025-03-29 11:45:17,-99.4945,38.0951, 140.9,14137,-61.0,-86.1,-82.0,  2,  4, 0.00,230,30.8
2025-03-29 11:45:18,-99.4942,38.0953, 140.8,14141,-61.0,-86.1,-82.1,  2,  4, 0.00,231,30.9
2025-03-29 11:45:19,-99.4939,38.0955, 140.7,14146,-61.0,-86.1,-82.1,  2,  4, 0.00,231,31.1
2025-03-29 11:45:20,-99.4936,38.0956, 140.6,14151,-61.0,-86.2,-82.1,  2,  4, 0.00,231,31.2
2025-03-29 11:45:21,-99.4934,38.0958, 140.5,14155,-61.0,-86.2,-82.1,  2,  4, 0.00,231,31.3
2025-03-29 11:45:22,-99.4931,38.0960, 140.4,14160,-61.0,-86.2,-82.1,  2,  4, 0.00,231,31.4
2025-03-29 11:45:23,-99.4928,38.0962, 140.3,14164,-61.0,-86.2,-82.1,  2,  4, 0.00,231,31.6
2025-03-29 11:45:24,-99.4925,38.0964, 140.2,14169,-61.0,-86.1,-82.1,  2,  4, 0.00,232,31.7
2025-03-29 11:45:25,-99.4922,38.0965, 140.1,14173,-61.0,-86.1,-82.1,  2,  4, 0.00,232,31.8
2025-03-29 11:45:26,-99.4919,38.0967, 140.0,14177,-61.0,-86.1,-82.1,  2,  4, 0.00,232,31.9
2025-03-29 11:45:27,-99.4916,38.0969, 139.9,14181,-61.0,-86.2,-82.1,  2,  4, 0.00,232,32.0
2025-03-29 11:45:28,-99.4913,38.0971, 139.8,14185,-61.0,-86.2,-82.1,  2,  4, 0.00,232,32.1
2025-03-29 11:45:29,-99.4910,38.0972, 139.7,14189,-61.0,-86.2,-82.1,  2,  4, 0.00,233,32.2
2025-03-29 11:45:30,-99.4907,38.0974, 139.6,14194,-61.0,-86.2,-82.1,  2,  4, 0.00,233,32.3
2025-03-29 11:45:31,-99.4904,38.0976, 139.5,14198,-61.0,-86.2,-82.1,  2,  4, 0.00,233,32.5
2025-03-29 11:45:32,-99.4902,38.0977, 139.4,14203,-61.0,-86.2,-82.1,  2,  4, 0.00,233,32.6
2025-03-29 11:45:33,-99.4899,38.0979, 139.3,14208,-61.0,-86.2,-82.1,  2,  4, 0.00,233,32.7
2025-03-29 11:45:34,-99.4895,38.0981, 139.2,14212,-61.1,-86.2,-82.1,  2,  4, 0.00,233,32.8
2025-03-29 11:45:35,-99.4892,38.0983, 139.1,14217,-61.1,-86.2,-82.1,  2,  4, 0.00,234,32.9
2025-03-29 11:45:36,-99.4889,38.0984, 139.0,14221,-61.1,-86.2,-82.2,  2,  4, 0.00,234,33.0
2025-03-29 11:45:37,-99.4886,38.0986, 138.9,14225,-61.1,-86.2,-82.2,  2,  4, 0.00,234,33.1
2025-03-29 11:45:39,-99.4880,38.0990, 138.8,14230,-61.1,-86.3,-82.2,  2,  4, 0.00,234,33.3
2025-03-29 11:45:40,-99.4877,38.0991, 138.7,14234,-61.2,-86.3,-82.2,  2,  4, 0.00,234,33.4
2025-03-29 11:45:41,-99.4874,38.0993, 138.6,14238,-61.2,-86.3,-82.2,  2,  4, 0.00,234,33.5
2025-03-29 11:45:42,-99.4871,38.0995, 138.5,14247,-61.2,-86.3,-82.2,  2,  4, 0.00,235,33.7
2025-03-29 11:45:43,-99.4868,38.0997, 138.4,14251,-61.2,-86.3,-82.2,  2,  4, 0.00,235,33.9
2025-03-29 11:45:44,-99.4864,38.0998, 138.3,14256,-61.2,-86.3,-82.2,  2,  4, 0.00,235,34.0
2025-03-29 11:45:45,-99.4861,38.1000, 138.2,14260,-61.2,-86.3,-82.2,  2,  4, 0.00,235,34.1
2025-03-29 11:45:46,-99.4857,38.1002, 138.1,14264,-61.2,-86.3,-82.2,  2,  4, 0.00,235,34.2
2025-03-29 11:45:47,-99.4854,38.1003, 138.0,14269,-61.1,-86.3,-82.2,  2,  4, 0.00,236,34.3
2025-03-29 11:45:48,-99.4851,38.1005, 137.9,14273,-61.1,-86.2,-82.2,  2,  4, 0.00,236,34.4
2025-03-29 11:45:49,-99.4848,38.1007, 137.8,14277,-61.0,-86.2,-82.2,  2,  4, 0.00,236,34.5
2025-03-29 11:45:50,-99.4844,38.1009, 137.7,14281,-61.0,-86.2,-82.2,  2,  4, 0.00,236,34.6
2025-03-29 11:45:51,-99.4841,38.1011, 137.6,14286,-61.0,-86.3,-82.2,  2,  4, 0.00,236,34.7
2025-03-29 11:45:52,-99.4838,38.1013, 137.5,14290,-61.0,-86.3,-82.2,  2,  4, 0.00,236,34.8
2025-03-29 11:45:53,-99.4834,38.1014, 137.4,14294,-61.0,-86.3,-82.2,  2,  4, 0.00,237,34.9
2025-03-29 11:45:54,-99.4831,38.1016, 137.3,14299,-61.0,-86.3,-82.3,  2,  4, 0.00,237,35.0
2025-03-29 11:45:55,-99.4827,38.1018, 137.2,14303,-61.0,-86.3,-82.3,  2,  4, 0.00,237,35.1
2025-03-29 11:45:56,-99.4824,38.1020, 137.1,14307,-61.0,-86.3,-82.3,  2,  4, 0.00,237,35.1
2025-03-29 11:45:57,-99.4820,38.1021, 137.0,14312,-61.0,-86.4,-82.3,  2,  4, 0.00,237,35.2
2025-03-29 11:45:58,-99.4817,38.1023, 136.9,14316,-61.0,-86.4,-82.3,  2,  4, 0.00,238,35.2
2025-03-29 11:45:59,-99.4814,38.1025, 136.8,14321,-61.0,-86.4,-82.4,  2,  4, 0.00,238,35.2
2025-03-29 11:46:01,-99.4807,38.1028, 136.7,14325,-60.9,-86.4,-82.4,  2,  4, 0.00,238,35.2
2025-03-29 11:46:02,-99.4803,38.1029, 136.6,14330,-60.8,-86.4,-82.3,  2,  4, 0.00,238,35.2
2025-03-29 11:46:03,-99.4800,38.1031, 136.5,14333,-60.6,-86.3,-82.2,  2,  4, 0.00,238,35.2
2025-03-29 11:46:04,-99.4796,38.1033, 136.4,14341,-60.3,-86.2,-82.1,  2,  4, 0.00,239,35.2
2025-03-29 11:46:05,-99.4793,38.1034, 136.3,14345,-60.3,-86.2,-82.1,  2,  4, 0.00,239,35.2
2025-03-29 11:46:06,-99.4789,38.1036, 136.2,14350,-60.3,-86.2,-82.1,  2,  4, 0.00,239,35.1
2025-03-29 11:46:07,-99.4786,38.1037, 136.1,14354,-60.3,-86.2,-82.2,  2,  4, 0.00,239,35.1
2025-03-29 11:46:08,-99.4782,38.1039, 136.0,14358,-60.3,-86.2,-82.2,  2,  4, 0.00,239,35.0
2025-03-29 11:46:10,-99.4775,38.1042, 135.9,14362,-60.3,-86.2,-82.2,  2,  4, 0.00,239,35.0
2025-03-29 11:46:11,-99.4772,38.1044, 135.8,14366,-60.3,-86.2,-82.2,  2,  4, 0.00,240,34.9
2025-03-29 11:46:12,-99.4768,38.1045, 135.7,14370,-60.3,-86.3,-82.2,  2,  4, 0.00,240,34.8
2025-03-29 11:46:13,-99.4765,38.1047, 135.6,14377,-60.4,-86.3,-82.2,  2,  4, 0.00,240,34.6
2025-03-29 11:46:14,-99.4762,38.1049, 135.5,14381,-60.4,-86.3,-82.3,  2,  4, 0.00,240,34.5
2025-03-29 11:46:15,-99.4758,38.1050, 135.4,14385,-60.4,-86.4,-82.3,  2,  4, 0.00,240,34.4
2025-03-29 11:46:17,-99.4751,38.1053, 135.3,14389,-60.4,-86.4,-82.3,  2,  4, 0.00,240,34.3
2025-03-29 11:46:18,-99.4748,38.1054, 135.2,14393,-60.5,-86.4,-82.4,  2,  4, 0.00,240,34.1
2025-03-29 11:46:19,-99.4745,38.1056, 135.1,14397,-60.5,-86.5,-82.4,  2,  4, 0.00,241,34.0
2025-03-29 11:46:20,-99.4741,38.1057, 135.0,14404,-60.4,-86.5,-82.4,  2,  4, 0.00,241,33.8
2025-03-29 11:46:22,-99.4735,38.1060, 134.9,14408,-60.4,-86.5,-82.4,  2,  4, 0.00,241,33.6
2025-03-29 11:46:23,-99.4732,38.1061, 134.8,14412,-60.3,-86.4,-82.4,  2,  4, 0.00,241,33.5
2025-03-29 11:46:24,-99.4728,38.1063, 134.7,14416,-60.3,-86.4,-82.3,  2,  4, 0.00,241,33.3
2025-03-29 11:46:25,-99.4725,38.1064, 134.6,14424,-60.2,-86.4,-82.3,  2,  4, 0.00,241,33.0
2025-03-29 11:46:26,-99.4722,38.1066, 134.5,14429,-60.2,-86.4,-82.3,  2,  4, 0.00,242,32.9
2025-03-29 11:46:27,-99.4718,38.1067, 134.4,14433,-60.1,-86.3,-82.3,  2,  4, 0.00,242,32.8
2025-03-29 11:46:28,-99.4715,38.1069, 134.3,14437,-60.1,-86.3,-82.3,  2,  3, 0.00,242,32.6
2025-03-29 11:46:29,-99.4712,38.1070, 134.2,14441,-60.1,-86.3,-82.3,  2,  3, 0.00,242,32.5
2025-03-29 11:46:30,-99.4709,38.1071, 134.1,14445,-60.1,-86.3,-82.3,  2,  3, 0.00,242,32.4
2025-03-29 11:46:32,-99.4703,38.1074, 134.0,14449,-60.1,-86.4,-82.3,  2,  3, 0.00,242,32.2
2025-03-29 11:46:33,-99.4700,38.1075, 133.9,14453,-60.1,-86.4,-82.3,  2,  3, 0.00,242,32.1
2025-03-29 11:46:34,-99.4697,38.1077, 133.8,14458,-60.2,-86.4,-82.4,  2,  3, 0.00,242,32.0
2025-03-29 11:46:35,-99.4693,38.1078, 133.7,14466,-60.2,-86.5,-82.4,  2,  3, 0.00,243,31.8
2025-03-29 11:46:36,-99.4690,38.1079, 133.6,14470,-60.1,-86.5,-82.4,  2,  3, 0.00,243,31.6
2025-03-29 11:46:37,-99.4687,38.1080, 133.5,14474,-60.1,-86.4,-82.4,  2,  3, 0.00,243,31.5
2025-03-29 11:46:39,-99.4681,38.1082, 133.4,14478,-60.0,-86.4,-82.4,  2,  3, 0.00,243,31.5
2025-03-29 11:46:40,-99.4677,38.1084, 133.3,14482,-60.0,-86.4,-82.3,  2,  3, 0.00,244,31.4
2025-03-29 11:46:41,-99.4674,38.1085, 133.2,14485,-59.9,-86.4,-82.3,  2,  3, 0.00,244,31.3
2025-03-29 11:46:42,-99.4671,38.1086, 133.1,14494,-59.9,-86.4,-82.3,  2,  3, 0.00,244,31.1
2025-03-29 11:46:43,-99.4668,38.1088, 133.0,14498,-59.8,-86.4,-82.3,  2,  3, 0.00,244,31.1
2025-03-29 11:46:44,-99.4665,38.1089, 132.9,14503,-59.8,-86.4,-82.3,  2,  3, 0.00,245,31.0
2025-03-29 11:46:45,-99.4662,38.1090, 132.8,14507,-59.8,-86.4,-82.3,  2,  3, 0.00,245,31.0
2025-03-29 11:46:47,-99.4655,38.1092, 132.7,14511,-59.8,-86.4,-82.3,  2,  3, 0.00,245,31.0
2025-03-29 11:46:48,-99.4652,38.1093, 132.6,14515,-59.8,-86.4,-82.3,  2,  3, 0.00,245,30.9
2025-03-29 11:46:49,-99.4649,38.1094, 132.5,14519,-59.9,-86.4,-82.3,  2,  3, 0.00,245,30.9
2025-03-29 11:46:50,-99.4646,38.1095, 132.4,14527,-59.9,-86.4,-82.3,  2,  3, 0.00,246,30.9
2025-03-29 11:46:51,-99.4642,38.1097, 132.3,14531,-59.9,-86.4,-82.3,  2,  3, 0.00,246,30.9
2025-03-29 11:46:52,-99.4639,38.1097, 132.2,14535,-60.0,-86.4,-82.3,  2,  3, 0.00,246,30.9
2025-03-29 11:46:54,-99.4633,38.1099, 132.1,14539,-60.0,-86.3,-82.3,  2,  3, 0.00,246,30.9
2025-03-29 11:46:55,-99.4630,38.1101, 132.0,14543,-60.0,-86.3,-82.3,  2,  3, 0.00,246,30.9
2025-03-29 11:46:56,-99.4626,38.1102, 131.9,14547,-60.0,-86.3,-82.3,  2,  3, 0.00,247,30.9
2025-03-29 11:46:57,-99.4623,38.1103, 131.8,14555,-60.1,-86.3,-82.3,  2,  3, 0.00,247,30.9
2025-03-29 11:46:58,-99.4620,38.1104, 131.7,14559,-60.1,-86.4,-82.3,  2,  3, 0.00,247,30.9
2025-03-29 11:46:59,-99.4617,38.1105, 131.6,14564,-60.2,-86.4,-82.3,  2,  4, 0.00,247,30.9
2025-03-29 11:47:00,-99.4613,38.1106, 131.5,14568,-60.2,-86.4,-82.3,  2,  4, 0.00,248,31.0
2025-03-29 11:47:02,-99.4607,38.1108, 131.4,14572,-60.2,-86.4,-82.3,  2,  4, 0.00,248,31.0
2025-03-29 11:47:03,-99.4604,38.1109, 131.3,14576,-60.2,-86.4,-82.3,  2,  4, 0.00,248,31.0
2025-03-29 11:47:04,-99.4600,38.1110, 131.2,14580,-60.2,-86.4,-82.4,  2,  4, 0.00,248,31.0
2025-03-29 11:47:06,-99.4594,38.1112, 131.1,14587,-60.2,-86.5,-82.4,  2,  3, 0.00,249,31.0
2025-03-29 11:47:07,-99.4590,38.1113, 131.0,14590,-60.3,-86.5,-82.4,  2,  3, 0.00,249,31.0
2025-03-29 11:47:08,-99.4587,38.1114, 130.9,14594,-60.3,-86.5,-82.4,  2,  3, 0.00,249,31.0
2025-03-29 11:47:09,-99.4583,38.1115, 130.8,14602,-60.2,-86.5,-82.5,  2,  3, 0.00,250,30.9
2025-03-29 11:47:10,-99.4580,38.1116, 130.7,14606,-60.2,-86.6,-82.5,  2,  3, 0.00,250,30.9
2025-03-29 11:47:12,-99.4573,38.1118, 130.6,14610,-60.2,-86.6,-82.5,  2,  3, 0.00,250,30.8
2025-03-29 11:47:13,-99.4570,38.1119, 130.5,14614,-60.2,-86.6,-82.5,  2,  3, 0.00,251,30.8
2025-03-29 11:47:14,-99.4566,38.1120, 130.4,14618,-60.1,-86.6,-82.5,  2,  3, 0.00,251,30.7
2025-03-29 11:47:15,-99.4563,38.1121, 130.3,14626,-60.1,-86.6,-82.6,  2,  3, 0.00,251,30.5
2025-03-29 11:47:16,-99.4559,38.1122, 130.2,14630,-60.1,-86.7,-82.6,  2,  3, 0.00,252,30.4
2025-03-29 11:47:17,-99.4556,38.1122, 130.1,14634,-60.1,-86.7,-82.6,  2,  3, 0.00,252,30.3
2025-03-29 11:47:18,-99.4553,38.1123, 130.0,14639,-60.0,-86.7,-82.6,  2,  3, 0.00,252,30.2
2025-03-29 11:47:19,-99.4550,38.1123, 129.9,14644,-59.8,-86.6,-82.6,  2,  3, 0.00,252,30.1
2025-03-29 11:47:21,-99.4544,38.1125, 129.8,14648,-59.6,-86.5,-82.5,  2,  3, 0.00,252,30.0
2025-03-29 11:47:22,-99.4540,38.1126, 129.7,14653,-59.5,-86.5,-82.4,  2,  3, 0.00,253,29.8
2025-03-29 11:47:23,-99.4537,38.1126, 129.6,14657,-59.3,-86.4,-82.3,  2,  3, 0.00,253,29.7
2025-03-29 11:47:24,-99.4534,38.1127, 129.5,14665,-59.0,-86.2,-82.2,  2,  3, 0.00,253,29.4
2025-03-29 11:47:26,-99.4528,38.1128, 129.4,14668,-59.0,-86.2,-82.2,  2,  3, 0.00,254,29.2
2025-03-29 11:47:27,-99.4525,38.1129, 129.3,14672,-59.0,-86.2,-82.2,  2,  3, 0.00,254,29.1
2025-03-29 11:47:28,-99.4521,38.1129, 129.2,14676,-58.9,-86.3,-82.2,  2,  3, 0.00,254,28.9
2025-03-29 11:47:29,-99.4518,38.1130, 129.1,14684,-58.9,-86.3,-82.2,  2,  3, 0.00,254,28.6
2025-03-29 11:47:30,-99.4515,38.1131, 129.0,14688,-58.9,-86.3,-82.2,  2,  3, 0.00,254,28.4
2025-03-29 11:47:31,-99.4512,38.1132, 128.9,14693,-58.9,-86.3,-82.3,  2,  3, 0.00,254,28.3
2025-03-29 11:47:32,-99.4509,38.1132, 128.8,14697,-58.9,-86.3,-82.3,  2,  3, 0.00,254,28.1
2025-03-29 11:47:34,-99.4504,38.1133, 128.7,14701,-59.0,-86.4,-82.3,  2,  3, 0.00,254,27.9
2025-03-29 11:47:35,-99.4501,38.1134, 128.6,14706,-59.0,-86.4,-82.3,  2,  3, 0.00,255,27.8
2025-03-29 11:47:36,-99.4498,38.1135, 128.5,14710,-59.0,-86.4,-82.3,  2,  3, 0.00,255,27.7
2025-03-29 11:47:37,-99.4495,38.1135, 128.4,14718,-58.9,-86.4,-82.3,  2,  3, 0.00,255,27.4
2025-03-29 11:47:39,-99.4489,38.1137, 128.3,14722,-59.0,-86.4,-82.3,  2,  3, 0.00,255,27.3
2025-03-29 11:47:40,-99.4486,38.1137, 128.2,14726,-58.9,-86.3,-82.3,  2,  3, 0.00,255,27.1
2025-03-29 11:47:41,-99.4483,38.1137, 128.1,14730,-58.9,-86.3,-82.3,  2,  3, 0.00,255,27.0
2025-03-29 11:47:42,-99.4480,38.1138, 128.0,14738,-59.0,-86.3,-82.3,  2,  3, 0.00,254,26.8
2025-03-29 11:47:43,-99.4478,38.1139, 127.9,14742,-59.0,-86.3,-82.3,  2,  3, 0.00,254,26.7
2025-03-29 11:47:44,-99.4475,38.1140, 127.8,14746,-59.0,-86.3,-82.3,  2,  3, 0.00,254,26.6
2025-03-29 11:47:45,-99.4472,38.1140, 127.7,14750,-59.1,-86.3,-82.2,  2,  3, 0.00,254,26.5
2025-03-29 11:47:46,-99.4469,38.1141, 127.6,14755,-59.1,-86.3,-82.2,  2,  3, 0.00,254,26.4
2025-03-29 11:47:48,-99.4463,38.1142, 127.5,14759,-59.1,-86.3,-82.2,  2,  3, 0.00,254,26.3
2025-03-29 11:47:49,-99.4460,38.1143, 127.4,14764,-59.1,-86.3,-82.2,  2,  3, 0.00,254,26.2
2025-03-29 11:47:50,-99.4457,38.1143, 127.3,14768,-59.2,-86.2,-82.2,  2,  3, 0.00,254,26.1
2025-03-29 11:47:51,-99.4455,38.1144, 127.2,14778,-59.2,-86.2,-82.1,  2,  3, 0.00,254,25.9
2025-03-29 11:47:52,-99.4452,38.1145, 127.1,14782,-59.2,-86.2,-82.1,  2,  3, 0.00,254,25.8
2025-03-29 11:47:53,-99.4449,38.1146, 127.0,14787,-59.3,-86.1,-82.1,  2,  3, 0.00,253,25.7
2025-03-29 11:47:54,-99.4446,38.1146, 126.9,14792,-59.3,-86.1,-82.1,  2,  3, 0.00,253,25.6
2025-03-29 11:47:55,-99.4444,38.1147, 126.8,14797,-59.3,-86.1,-82.1,  2,  3, 0.00,253,25.5
2025-03-29 11:47:56,-99.4441,38.1148, 126.7,14801,-59.4,-86.1,-82.1,  2,  3, 0.00,253,25.4
2025-03-29 11:47:57,-99.4438,38.1148, 126.6,14806,-59.4,-86.1,-82.1,  2,  3, 0.00,253,25.3
2025-03-29 11:47:58,-99.4435,38.1149, 126.5,14811,-59.4,-86.1,-82.1,  2,  3, 0.00,253,25.3
2025-03-29 11:47:59,-99.4433,38.1150, 126.4,14815,-59.5,-86.1,-82.1,  2,  3, 0.00,253,25.2
2025-03-29 11:48:00,-99.4430,38.1150, 126.3,14820,-59.5,-86.1,-82.1,  2,  3, 0.00,253,25.1
2025-03-29 11:48:01,-99.4427,38.1151, 126.2,14825,-59.5,-86.1,-82.1,  2,  3, 0.00,252,25.0
2025-03-29 11:48:02,-99.4425,38.1152, 126.1,14829,-59.6,-86.1,-82.1,  2,  3, 0.00,252,24.9
2025-03-29 11:48:03,-99.4422,38.1153, 126.0,14834,-59.6,-86.1,-82.1,  2,  3, 0.00,252,24.8
2025-03-29 11:48:04,-99.4419,38.1153, 125.9,14839,-59.6,-86.1,-82.1,  2,  3, 0.00,252,24.7
2025-03-29 11:48:05,-99.4417,38.1154, 125.8,14844,-59.7,-86.1,-82.1,  2,  3, 0.00,252,24.6
2025-03-29 11:48:06,-99.4414,38.1154, 125.7,14849,-59.7,-86.2,-82.1,  2,  3, 0.00,251,24.5
2025-03-29 11:48:07,-99.4411,38.1155, 125.6,14854,-59.8,-86.2,-82.1,  2,  3, 0.00,251,24.4
2025-03-29 11:48:08,-99.4409,38.1156, 125.5,14860,-59.8,-86.2,-82.1,  2,  3, 0.00,251,24.3
2025-03-29 11:48:09,-99.4406,38.1157, 125.4,14865,-59.9,-86.2,-82.1,  2,  3, 0.00,251,24.2
2025-03-29 11:48:10,-99.4404,38.1157, 125.3,14870,-59.9,-86.2,-82.1,  2,  3, 0.00,251,24.1
2025-03-29 11:48:11,-99.4402,38.1158, 125.2,14876,-59.9,-86.2,-82.1,  2,  3, 0.00,250,24.0
2025-03-29 11:48:12,-99.4399,38.1159, 125.1,14881,-60.0,-86.2,-82.2,  2,  3, 0.00,250,24.0
2025-03-29 11:48:13,-99.4397,38.1160, 125.0,14885,-60.0,-86.3,-82.2,  2,  3, 0.00,250,23.9
2025-03-29 11:48:14,-99.4394,38.1160, 124.9,14890,-60.1,-86.3,-82.2,  2,  4, 0.00,250,23.8
2025-03-29 11:48:15,-99.4391,38.1161, 124.8,14895,-60.1,-86.3,-82.2,  2,  4, 0.00,249,23.7
2025-03-29 11:48:16,-99.4389,38.1162, 124.7,14900,-60.1,-86.3,-82.2,  2,  4, 0.00,249,23.6
2025-03-29 11:48:17,-99.4386,38.1163, 124.6,14905,-60.2,-86.3,-82.3,  2,  4, 0.00,249,23.6
2025-03-29 11:48:18,-99.4384,38.1163, 124.5,14909,-60.2,-86.3,-82.3,  2,  4, 0.00,249,23.5
2025-03-29 11:48:19,-99.4382,38.1164, 124.4,14914,-60.2,-86.4,-82.3,  2,  4, 0.00,248,23.4
2025-03-29 11:48:20,-99.4380,38.1165, 124.3,14919,-60.3,-86.4,-82.3,  2,  4, 0.00,248,23.4
2025-03-29 11:48:21,-99.4377,38.1166, 124.2,14924,-60.3,-86.4,-82.3,  2,  4, 0.00,248,23.3
2025-03-29 11:48:22,-99.4375,38.1167, 124.1,14929,-60.3,-86.4,-82.3,  2,  4, 0.00,248,23.3
2025-03-29 11:48:23,-99.4372,38.1168, 124.0,14934,-60.4,-86.4,-82.3,  2,  4, 0.00,247,23.2
2025-03-29 11:48:25,-99.4367,38.1169, 123.9,14938,-60.4,-86.4,-82.3,  2,  4, 0.00,247,23.2
2025-03-29 11:48:26,-99.4365,38.1170, 123.8,14943,-60.4,-86.4,-82.3,  2,  4, 0.00,247,23.1
2025-03-29 11:48:27,-99.4362,38.1171, 123.7,14948,-60.4,-86.4,-82.3,  2,  4, 0.00,246,23.1
2025-03-29 11:48:28,-99.4360,38.1172, 123.6,14957,-60.4,-86.4,-82.3,  2,  4, 0.00,246,23.0
2025-03-29 11:48:29,-99.4358,38.1173, 123.5,14961,-60.5,-86.4,-82.3,  2,  4, 0.00,245,22.9
2025-03-29 11:48:30,-99.4355,38.1174, 123.4,14966,-60.5,-86.4,-82.3,  2,  4, 0.00,245,22.9
2025-03-29 11:48:31,-99.4353,38.1175, 123.3,14970,-60.5,-86.4,-82.3,  2,  4, 0.00,245,22.9
2025-03-29 11:48:33,-99.4349,38.1176, 123.2,14975,-60.5,-86.4,-82.3,  2,  4, 0.00,244,22.8
2025-03-29 11:48:34,-99.4346,38.1177, 123.1,14979,-60.5,-86.4,-82.3,  2,  4, 0.00,244,22.8
2025-03-29 11:48:35,-99.4344,38.1178, 123.0,14983,-60.6,-86.4,-82.3,  2,  4, 0.00,243,22.7
2025-03-29 11:48:36,-99.4342,38.1179, 122.9,14991,-60.6,-86.4,-82.3,  2,  4, 0.00,243,22.7
2025-03-29 11:48:37,-99.4339,38.1180, 122.8,14995,-60.7,-86.4,-82.4,  2,  4, 0.00,242,22.7
2025-03-29 11:48:38,-99.4337,38.1181, 122.7,15000,-60.7,-86.4,-82.4,  2,  4, 0.00,242,22.6
2025-03-29 11:48:40,-99.4333,38.1183, 122.6,15004,-60.7,-86.4,-82.4,  2,  4, 0.00,242,22.6
2025-03-29 11:48:41,-99.4331,38.1184, 122.5,15009,-60.7,-86.5,-82.4,  2,  4, 0.00,241,22.6
2025-03-29 11:48:42,-99.4329,38.1185, 122.4,15013,-60.7,-86.5,-82.4,  2,  4, 0.00,241,22.6
2025-03-29 11:48:43,-99.4326,38.1186, 122.3,15022,-60.7,-86.5,-82.5,  2,  4, 0.00,240,22.6
2025-03-29 11:48:44,-99.4324,38.1187, 122.2,15027,-60.8,-86.5,-82.5,  2,  4, 0.00,240,22.6
2025-03-29 11:48:45,-99.4322,38.1189, 122.1,15032,-60.8,-86.6,-82.5,  2,  4, 0.00,239,22.6
2025-03-29 11:48:46,-99.4320,38.1190, 122.0,15036,-60.8,-86.6,-82.5,  2,  4, 0.00,239,22.6
2025-03-29 11:48:47,-99.4318,38.1191, 121.9,15041,-60.8,-86.6,-82.5,  2,  4, 0.00,239,22.6
2025-03-29 11:48:48,-99.4316,38.1192, 121.8,15045,-60.8,-86.6,-82.6,  2,  4, 0.00,238,22.6
2025-03-29 11:48:50,-99.4312,38.1194, 121.7,15050,-60.8,-86.6,-82.6,  2,  4, 0.00,238,22.7
2025-03-29 11:48:51,-99.4309,38.1195, 121.6,15055,-60.8,-86.6,-82.6,  2,  4, 0.00,238,22.7
2025-03-29 11:48:52,-99.4307,38.1196, 121.5,15059,-60.8,-86.6,-82.6,  2,  4, 0.00,237,22.7
2025-03-29 11:48:53,-99.4305,38.1198, 121.4,15068,-60.8,-86.7,-82.6,  2,  4, 0.00,237,22.8
2025-03-29 11:48:54,-99.4303,38.1199, 121.3,15073,-60.8,-86.6,-82.6,  2,  4, 0.00,237,22.9
2025-03-29 11:48:55,-99.4301,38.1200, 121.2,15078,-60.8,-86.7,-82.6,  2,  4, 0.00,236,22.9
2025-03-29 11:48:56,-99.4298,38.1201, 121.1,15083,-60.8,-86.7,-82.6,  2,  4, 0.00,236,23.0
2025-03-29 11:48:57,-99.4296,38.1202, 121.0,15089,-60.8,-86.7,-82.6,  2,  4, 0.00,236,23.0
2025-03-29 11:48:58,-99.4294,38.1204, 120.9,15094,-60.8,-86.7,-82.6,  2,  4, 0.00,236,23.1
2025-03-29 11:48:59,-99.4292,38.1205, 120.8,15098,-60.8,-86.7,-82.6,  2,  4, 0.00,236,23.2
2025-03-29 11:49:00,-99.4290,38.1206, 120.7,15103,-60.8,-86.7,-82.6,  2,  4, 0.00,236,23.2
2025-03-29 11:49:01,-99.4288,38.1207, 120.6,15107,-60.8,-86.7,-82.6,  2,  4, 0.00,235,23.3
2025-03-29 11:49:02,-99.4286,38.1209, 120.5,15112,-60.8,-86.7,-82.7,  2,  4, 0.00,235,23.3
2025-03-29 11:49:04,-99.4281,38.1211, 120.4,15116,-60.9,-86.7,-82.7,  2,  4, 0.00,235,23.4
2025-03-29 11:49:05,-99.4279,38.1213, 120.3,15121,-60.9,-86.8,-82.7,  2,  4, 0.00,235,23.5
2025-03-29 11:49:06,-99.4277,38.1214, 120.2,15126,-60.9,-86.8,-82.8,  2,  4, 0.00,236,23.5
2025-03-29 11:49:07,-99.4275,38.1215, 120.1,15136,-61.0,-86.9,-82.8,  2,  4, 0.00,236,23.7
2025-03-29 11:49:08,-99.4273,38.1216, 120.0,15140,-60.9,-86.9,-82.8,  2,  4, 0.00,236,23.7
2025-03-29 11:49:09,-99.4270,38.1217, 119.9,15145,-60.9,-86.9,-82.8,  2,  4, 0.00,236,23.8
2025-03-29 11:49:10,-99.4268,38.1219, 119.8,15150,-60.8,-86.8,-82.8,  2,  4, 0.00,236,23.8
2025-03-29 11:49:12,-99.4264,38.1221, 119.7,15154,-60.6,-86.7,-82.7,  2,  3, 0.00,236,23.9
2025-03-29 11:49:13,-99.4261,38.1222, 119.6,15159,-60.5,-86.7,-82.6,  2,  3, 0.00,237,23.9
2025-03-29 11:49:14,-99.4259,38.1223, 119.5,15163,-60.5,-86.7,-82.7,  2,  3, 0.00,237,24.0
2025-03-29 11:49:15,-99.4256,38.1225, 119.4,15172,-60.6,-86.8,-82.7,  2,  3, 0.00,238,24.1
2025-03-29 11:49:16,-99.4254,38.1226, 119.3,15176,-60.6,-86.8,-82.7,  2,  3, 0.00,238,24.1
2025-03-29 11:49:17,-99.4252,38.1227, 119.2,15181,-60.6,-86.8,-82.7,  2,  3, 0.00,238,24.1
2025-03-29 11:49:19,-99.4247,38.1229, 119.1,15185,-60.6,-86.8,-82.7,  2,  3, 0.00,238,24.2
2025-03-29 11:49:20,-99.4245,38.1230, 119.0,15190,-60.6,-86.8,-82.7,  2,  3, 0.00,239,24.2
2025-03-29 11:49:21,-99.4242,38.1231, 118.9,15194,-60.6,-86.8,-82.7,  2,  3, 0.00,239,24.3
2025-03-29 11:49:22,-99.4240,38.1232, 118.8,15203,-60.6,-86.8,-82.8,  2,  3, 0.00,240,24.3
2025-03-29 11:49:23,-99.4237,38.1233, 118.7,15207,-60.6,-86.8,-82.8,  2,  3, 0.00,240,24.4
2025-03-29 11:49:24,-99.4234,38.1234, 118.6,15212,-60.6,-86.8,-82.7,  2,  3, 0.00,241,24.4
2025-03-29 11:49:25,-99.4232,38.1235, 118.5,15216,-60.6,-86.8,-82.7,  2,  3, 0.00,241,24.4
2025-03-29 11:49:26,-99.4230,38.1236, 118.4,15221,-60.6,-86.8,-82.7,  2,  3, 0.00,241,24.5
2025-03-29 11:49:27,-99.4227,38.1237, 118.3,15225,-60.6,-86.8,-82.7,  2,  3, 0.00,242,24.5
2025-03-29 11:49:28,-99.4225,38.1238, 118.2,15230,-60.6,-86.8,-82.7,  2,  3, 0.00,242,24.6
2025-03-29 11:49:29,-99.4222,38.1239, 118.1,15235,-60.6,-86.8,-82.8,  2,  3, 0.00,243,24.6
2025-03-29 11:49:31,-99.4217,38.1241, 118.0,15241,-60.7,-86.8,-82.8,  2,  3, 0.00,243,24.7
2025-03-29 11:49:32,-99.4215,38.1242, 117.9,15246,-60.7,-86.8,-82.8,  2,  3, 0.00,243,24.7
2025-03-29 11:49:33,-99.4212,38.1243, 117.8,15251,-60.6,-86.8,-82.8,  2,  3, 0.00,244,24.8
2025-03-29 11:49:34,-99.4209,38.1244, 117.7,15262,-60.6,-86.8,-82.8,  2,  3, 0.00,244,24.9
2025-03-29 11:49:35,-99.4207,38.1245, 117.6,15267,-60.6,-86.8,-82.8,  2,  3, 0.00,245,24.9
2025-03-29 11:49:36,-99.4204,38.1246, 117.5,15272,-60.6,-86.8,-82.8,  2,  3, 0.00,245,25.0
2025-03-29 11:49:37,-99.4202,38.1246, 117.4,15277,-60.7,-86.8,-82.8,  2,  3, 0.00,245,25.1
2025-03-29 11:49:38,-99.4199,38.1247, 117.3,15282,-60.7,-86.8,-82.8,  2,  3, 0.00,246,25.1
2025-03-29 11:49:39,-99.4197,38.1248, 117.2,15286,-60.7,-86.8,-82.8,  2,  3, 0.00,246,25.2
2025-03-29 11:49:41,-99.4191,38.1250, 117.1,15291,-60.7,-86.9,-82.8,  2,  3, 0.00,246,25.3
2025-03-29 11:49:42,-99.4188,38.1251, 117.0,15295,-60.8,-86.9,-82.8,  2,  3, 0.00,246,25.4
2025-03-29 11:49:43,-99.4185,38.1252, 116.9,15299,-60.8,-86.9,-82.8,  2,  3, 0.00,247,25.4
2025-03-29 11:49:44,-99.4183,38.1253, 116.8,15308,-60.8,-86.9,-82.8,  2,  3, 0.00,247,25.6
2025-03-29 11:49:45,-99.4180,38.1253, 116.7,15312,-60.8,-86.9,-82.8,  2,  3, 0.00,247,25.7
2025-03-29 11:49:46,-99.4177,38.1255, 116.6,15317,-60.8,-86.9,-82.8,  2,  3, 0.00,248,25.8
2025-03-29 11:49:47,-99.4174,38.1256, 116.5,15322,-60.8,-86.9,-82.8,  2,  4, 0.00,248,25.8
2025-03-29 11:49:48,-99.4171,38.1256, 116.4,15328,-60.9,-86.9,-82.8,  2,  4, 0.00,248,25.9
2025-03-29 11:49:50,-99.4166,38.1258, 116.3,15333,-60.9,-86.9,-82.9,  2,  4, 0.00,248,26.0
2025-03-29 11:49:51,-99.4163,38.1259, 116.2,15338,-60.9,-86.9,-82.9,  2,  4, 0.00,249,26.1
2025-03-29 11:49:52,-99.4161,38.1259, 116.1,15342,-60.9,-86.9,-82.9,  2,  4, 0.00,249,26.2
2025-03-29 11:49:53,-99.4158,38.1260, 116.0,15351,-61.0,-86.9,-82.9,  2,  4, 0.00,249,26.3
2025-03-29 11:49:54,-99.4155,38.1261, 115.9,15355,-61.0,-86.9,-82.8,  2,  4, 0.00,249,26.4
2025-03-29 11:49:55,-99.4152,38.1262, 115.8,15360,-61.0,-86.9,-82.8,  2,  4, 0.00,250,26.5
2025-03-29 11:49:56,-99.4149,38.1263, 115.7,15365,-61.0,-86.9,-82.8,  2,  4, 0.00,250,26.5
2025-03-29 11:49:58,-99.4143,38.1265, 115.6,15370,-61.1,-86.9,-82.8,  2,  4, 0.00,250,26.6
2025-03-29 11:49:59,-99.4140,38.1265, 115.5,15375,-61.1,-86.9,-82.8,  2,  4, 0.00,250,26.7
2025-03-29 11:50:00,-99.4137,38.1266, 115.4,15380,-61.1,-86.9,-82.8,  2,  4, 0.00,251,26.7
2025-03-29 11:50:01,-99.4134,38.1267, 115.3,15388,-61.1,-86.9,-82.8,  2,  4, 0.00,251,26.8
2025-03-29 11:50:02,-99.4131,38.1268, 115.2,15393,-61.1,-86.9,-82.8,  2,  4, 0.00,251,26.9
2025-03-29 11:50:03,-99.4128,38.1268, 115.1,15398,-61.1,-86.9,-82.8,  2,  4, 0.00,251,26.9
2025-03-29 11:50:04,-99.4125,38.1269, 115.0,15403,-61.1,-86.9,-82.8,  2,  4, 0.00,252,27.0
2025-03-29 11:50:05,-99.4122,38.1270, 114.9,15409,-61.1,-86.9,-82.8,  2,  4, 0.00,252,27.0
2025-03-29 11:50:06,-99.4119,38.1271, 114.8,15414,-61.1,-86.9,-82.8,  2,  4, 0.00,252,27.1
2025-03-29 11:50:07,-99.4117,38.1271, 114.7,15420,-61.1,-86.9,-82.9,  2,  4, 0.00,252,27.1
2025-03-29 11:50:08,-99.4114,38.1272, 114.6,15425,-61.2,-87.0,-82.9,  2,  4, 0.00,252,27.1
2025-03-29 11:50:10,-99.4108,38.1273, 114.5,15430,-61.2,-87.0,-83.0,  2,  4, 0.00,253,27.2
2025-03-29 11:50:11,-99.4105,38.1274, 114.4,15434,-61.2,-87.0,-83.0,  2,  4, 0.00,253,27.2
2025-03-29 11:50:12,-99.4101,38.1275, 114.3,15439,-61.3,-87.1,-83.0,  2,  4, 0.00,253,27.2
2025-03-29 11:50:13,-99.4099,38.1275, 114.2,15447,-61.3,-87.1,-83.1,  2,  4, 0.00,253,27.3
2025-03-29 11:50:14,-99.4096,38.1276, 114.1,15452,-61.3,-87.1,-83.1,  2,  4, 0.00,254,27.3
2025-03-29 11:50:15,-99.4093,38.1276, 114.0,15457,-61.2,-87.1,-83.0,  2,  4, 0.00,254,27.3
2025-03-29 11:50:17,-99.4087,38.1278, 113.9,15462,-61.2,-87.0,-83.0,  2,  4, 0.00,254,27.3
2025-03-29 11:50:18,-99.4084,38.1279, 113.8,15467,-61.1,-87.0,-83.0,  2,  4, 0.00,254,27.3
2025-03-29 11:50:19,-99.4080,38.1279, 113.7,15472,-61.1,-87.0,-83.0,  2,  4, 0.00,254,27.3
2025-03-29 11:50:21,-99.4074,38.1280, 113.6,15480,-61.1,-87.0,-83.0,  2,  4, 0.00,255,27.3
2025-03-29 11:50:22,-99.4071,38.1281, 113.5,15484,-61.1,-87.0,-83.0,  2,  4, 0.00,255,27.3
2025-03-29 11:50:23,-99.4068,38.1281, 113.4,15488,-61.2,-87.0,-83.0,  2,  4, 0.00,255,27.3
2025-03-29 11:50:24,-99.4065,38.1282, 113.3,15497,-61.2,-87.0,-83.0,  2,  4, 0.00,255,27.2
2025-03-29 11:50:25,-99.4062,38.1283, 113.2,15502,-61.2,-87.0,-83.0,  2,  4, 0.00,255,27.2
2025-03-29 11:50:27,-99.4057,38.1284, 113.1,15506,-61.3,-87.0,-83.0,  2,  4, 0.00,255,27.2
2025-03-29 11:50:28,-99.4054,38.1285, 113.0,15511,-61.3,-87.0,-83.0,  2,  4, 0.00,255,27.2
2025-03-29 11:50:29,-99.4051,38.1285, 112.9,15515,-61.3,-87.0,-83.0,  2,  4, 0.00,255,27.1
2025-03-29 11:50:30,-99.4048,38.1286, 112.8,15525,-61.3,-87.0,-83.0,  2,  4, 0.00,255,27.1
2025-03-29 11:50:31,-99.4045,38.1287, 112.7,15530,-61.3,-87.0,-83.0,  2,  4, 0.00,256,27.0
2025-03-29 11:50:32,-99.4042,38.1287, 112.6,15535,-61.3,-87.0,-83.0,  2,  4, 0.00,256,27.0
2025-03-29 11:50:33,-99.4039,38.1288, 112.5,15540,-61.4,-87.1,-83.0,  2,  4, 0.00,256,27.0
2025-03-29 11:50:34,-99.4036,38.1288, 112.4,15545,-61.4,-87.1,-83.0,  2,  4, 0.00,256,26.9
2025-03-29 11:50:35,-99.4033,38.1289, 112.3,15551,-61.4,-87.1,-83.0,  2,  4, 0.00,256,26.9
2025-03-29 11:50:36,-99.4030,38.1289, 112.2,15556,-61.4,-87.1,-83.0,  2,  4, 0.00,256,26.9
2025-03-29 11:50:38,-99.4024,38.1290, 112.1,15561,-61.4,-87.1,-83.1,  2,  4, 0.00,256,26.8
2025-03-29 11:50:39,-99.4021,38.1291, 112.0,15566,-61.4,-87.1,-83.1,  2,  4, 0.00,256,26.8
2025-03-29 11:50:40,-99.4018,38.1291, 111.9,15571,-61.4,-87.1,-83.1,  2,  4, 0.00,256,26.8
2025-03-29 11:50:41,-99.4015,38.1292, 111.8,15579,-61.4,-87.2,-83.1,  2,  4, 0.00,256,26.7
2025-03-29 11:50:42,-99.4013,38.1293, 111.7,15584,-61.4,-87.2,-83.1,  2,  4, 0.00,256,26.7
2025-03-29 11:50:43,-99.4010,38.1293, 111.6,15589,-61.4,-87.2,-83.1,  2,  4, 0.00,256,26.7
2025-03-29 11:50:45,-99.4004,38.1294, 111.5,15595,-61.5,-87.2,-83.1,  2,  4, 0.00,257,26.7
2025-03-29 11:50:46,-99.4001,38.1295, 111.4,15600,-61.5,-87.2,-83.1,  2,  4, 0.00,257,26.7
2025-03-29 11:50:47,-99.3998,38.1295, 111.3,15604,-61.5,-87.2,-83.1,  2,  4, 0.00,257,26.6
2025-03-29 11:50:48,-99.3995,38.1296, 111.2,15613,-61.5,-87.2,-83.1,  2,  4, 0.00,257,26.6
2025-03-29 11:50:49,-99.3992,38.1297, 111.1,15617,-61.5,-87.2,-83.1,  2,  4, 0.00,257,26.6
2025-03-29 11:50:51,-99.3986,38.1298, 111.0,15622,-61.5,-87.1,-83.1,  2,  4, 0.00,257,26.6
2025-03-29 11:50:52,-99.3983,38.1298, 110.9,15627,-61.5,-87.1,-83.1,  2,  4, 0.00,257,26.6
2025-03-29 11:50:53,-99.3980,38.1299, 110.8,15632,-61.5,-87.1,-83.1,  2,  4, 0.00,258,26.6
2025-03-29 11:50:54,-99.3977,38.1299, 110.7,15641,-61.6,-87.1,-83.1,  2,  4, 0.00,258,26.6
2025-03-29 11:50:55,-99.3974,38.1300, 110.6,15646,-61.6,-87.1,-83.1,  2,  4, 0.00,258,26.6
2025-03-29 11:50:56,-99.3971,38.1300, 110.5,15651,-61.7,-87.1,-83.1,  2,  4, 0.00,258,26.6
2025-03-29 11:50:57,-99.3968,38.1301, 110.4,15656,-61.7,-87.1,-83.1,  2,  4, 0.00,259,26.6
2025-03-29 11:50:58,-99.3965,38.1301, 110.3,15662,-61.7,-87.1,-83.1,  2,  4, 0.00,259,26.6
2025-03-29 11:50:59,-99.3962,38.1301, 110.2,15667,-61.8,-87.1,-83.1,  2,  4, 0.00,259,26.6
2025-03-29 11:51:01,-99.3957,38.1302, 110.1,15672,-61.8,-87.2,-83.1,  2,  4, 0.00,259,26.6
2025-03-29 11:51:02,-99.3954,38.1302, 110.0,15677,-61.9,-87.2,-83.1,  2,  4, 0.00,260,26.6
2025-03-29 11:51:03,-99.3950,38.1303, 109.9,15682,-61.9,-87.2,-83.1,  2,  4, 0.00,260,26.6
2025-03-29 11:51:04,-99.3947,38.1303, 109.8,15692,-61.9,-87.2,-83.2,  2,  4, 0.00,260,26.6
2025-03-29 11:51:06,-99.3941,38.1304, 109.7,15696,-62.0,-87.2,-83.2,  2,  4, 0.00,261,26.6
2025-03-29 11:51:07,-99.3938,38.1304, 109.6,15701,-62.0,-87.2,-83.2,  2,  4, 0.00,261,26.6
2025-03-29 11:51:08,-99.3935,38.1305, 109.5,15705,-62.0,-87.2,-83.1,  2,  4, 0.00,261,26.5
2025-03-29 11:51:09,-99.3932,38.1305, 109.4,15714,-62.0,-87.2,-83.1,  2,  4, 0.00,262,26.5
2025-03-29 11:51:10,-99.3929,38.1305, 109.3,15719,-62.0,-87.2,-83.2,  2,  4, 0.00,262,26.4
2025-03-29 11:51:11,-99.3926,38.1306, 109.2,15724,-62.1,-87.2,-83.2,  2,  4, 0.00,262,26.4
2025-03-29 11:51:12,-99.3923,38.1306, 109.1,15730,-62.1,-87.2,-83.2,  2,  4, 0.00,263,26.3
2025-03-29 11:51:13,-99.3920,38.1306, 109.0,15735,-62.1,-87.2,-83.2,  2,  4, 0.00,263,26.3
2025-03-29 11:51:14,-99.3917,38.1307, 108.9,15741,-62.2,-87.2,-83.2,  2,  4, 0.00,263,26.2
2025-03-29 11:51:15,-99.3914,38.1307, 108.8,15747,-62.2,-87.3,-83.2,  2,  4, 0.00,264,26.1
2025-03-29 11:51:16,-99.3911,38.1307, 108.7,15753,-62.2,-87.3,-83.2,  2,  4, 0.00,264,26.0
2025-03-29 11:51:17,-99.3908,38.1307, 108.6,15758,-62.2,-87.3,-83.3,  2,  4, 0.00,264,25.9
2025-03-29 11:51:19,-99.3902,38.1307, 108.5,15763,-62.3,-87.3,-83.3,  2,  4, 0.00,265,25.9
2025-03-29 11:51:20,-99.3899,38.1308, 108.4,15768,-62.3,-87.3,-83.3,  2,  4, 0.00,265,25.8
2025-03-29 11:51:21,-99.3897,38.1308, 108.3,15773,-62.3,-87.3,-83.3,  2,  4, 0.00,265,25.7
2025-03-29 11:51:22,-99.3894,38.1308, 108.2,15783,-62.3,-87.3,-83.3,  2,  4, 0.00,266,25.4
2025-03-29 11:51:23,-99.3891,38.1308, 108.1,15787,-62.3,-87.3,-83.3,  2,  4, 0.00,266,25.3
2025-03-29 11:51:24,-99.3888,38.1308, 108.0,15792,-62.3,-87.3,-83.3,  2,  4, 0.00,267,25.2
2025-03-29 11:51:25,-99.3885,38.1308, 107.9,15797,-62.3,-87.4,-83.3,  2,  4, 0.00,267,25.1
2025-03-29 11:51:26,-99.3882,38.1308, 107.8,15803,-62.4,-87.4,-83.4,  2,  4, 0.00,267,25.0
2025-03-29 11:51:27,-99.3880,38.1308, 107.7,15809,-62.4,-87.4,-83.4,  2,  4, 0.00,268,24.8
2025-03-29 11:51:28,-99.3877,38.1308, 107.6,15815,-62.4,-87.4,-83.4,  2,  4, 0.00,268,24.7
2025-03-29 11:51:29,-99.3874,38.1308, 107.5,15820,-62.4,-87.4,-83.4,  2,  4, 0.00,268,24.6
2025-03-29 11:51:30,-99.3871,38.1309, 107.4,15825,-62.4,-87.4,-83.4,  2,  4, 0.00,269,24.5
2025-03-29 11:51:31,-99.3869,38.1308, 107.3,15831,-62.5,-87.5,-83.4,  2,  4, 0.00,269,24.3
2025-03-29 11:51:33,-99.3864,38.1308, 107.2,15836,-62.5,-87.5,-83.5,  2,  4, 0.00,269,24.2
2025-03-29 11:51:34,-99.3861,38.1308, 107.1,15842,-62.4,-87.4,-83.4,  2,  4, 0.00,270,24.1
2025-03-29 11:51:35,-99.3858,38.1307, 107.0,15847,-62.3,-87.4,-83.3,  2,  4, 0.00,270,23.9
2025-03-29 11:51:36,-99.3855,38.1307, 106.9,15857,-62.3,-87.4,-83.3,  2,  4, 0.00,271,23.7
2025-03-29 11:51:38,-99.3850,38.1307, 106.8,15862,-62.3,-87.4,-83.3,  2,  4, 0.00,271,23.6
2025-03-29 11:51:39,-99.3848,38.1307, 106.7,15867,-62.4,-87.4,-83.4,  2,  4, 0.00,271,23.5
2025-03-29 11:51:40,-99.3846,38.1307, 106.6,15871,-62.4,-87.4,-83.4,  2,  4, 0.00,271,23.3
2025-03-29 11:51:42,-99.3840,38.1307, 106.5,15879,-62.5,-87.4,-83.4,  2,  4, 0.00,272,23.1
2025-03-29 11:51:43,-99.3837,38.1307, 106.4,15883,-62.5,-87.4,-83.4,  2,  4, 0.00,272,23.0
2025-03-29 11:51:45,-99.3832,38.1306, 106.3,15888,-62.5,-87.4,-83.4,  2,  4, 0.00,272,22.9
2025-03-29 11:51:46,-99.3830,38.1306, 106.2,15896,-62.5,-87.4,-83.4,  2,  4, 0.00,273,22.7
2025-03-29 11:51:47,-99.3827,38.1306, 106.1,15901,-62.5,-87.4,-83.4,  2,  4, 0.00,273,22.5
2025-03-29 11:51:49,-99.3823,38.1306, 106.0,15909,-62.5,-87.4,-83.4,  2,  4, 0.00,273,22.3
2025-03-29 11:51:50,-99.3820,38.1306, 105.9,15913,-62.5,-87.4,-83.4,  2,  4, 0.00,273,22.2
2025-03-29 11:51:51,-99.3817,38.1306, 105.8,15918,-62.5,-87.4,-83.4,  2,  4, 0.00,273,22.1
2025-03-29 11:51:52,-99.3815,38.1306, 105.7,15927,-62.5,-87.4,-83.4,  2,  4, 0.00,273,21.9
2025-03-29 11:51:54,-99.3810,38.1305, 105.6,15931,-62.5,-87.4,-83.4,  2,  4, 0.00,273,21.8
2025-03-29 11:51:55,-99.3808,38.1305, 105.5,15936,-62.5,-87.4,-83.4,  2,  4, 0.00,273,21.7
2025-03-29 11:51:56,-99.3805,38.1305, 105.4,15941,-62.5,-87.4,-83.4,  2,  4, 0.00,273,21.6
2025-03-29 11:51:58,-99.3801,38.1305, 105.3,15950,-62.5,-87.4,-83.4,  2,  4, 0.00,273,21.5
2025-03-29 11:51:59,-99.3799,38.1305, 105.2,15954,-62.5,-87.4,-83.4,  2,  4, 0.00,273,21.4
2025-03-29 11:52:00,-99.3796,38.1305, 105.1,15958,-62.5,-87.4,-83.4,  2,  4, 0.00,273,21.3
2025-03-29 11:52:02,-99.3791,38.1304, 105.0,15966,-62.5,-87.4,-83.4,  2,  4, 0.00,273,21.1
2025-03-29 11:52:03,-99.3789,38.1304, 104.9,15971,-62.5,-87.4,-83.3,  2,  4, 0.00,273,21.1
2025-03-29 11:52:04,-99.3787,38.1304, 104.8,15975,-62.5,-87.4,-83.4,  2,  4, 0.00,272,21.0
2025-03-29 11:52:05,-99.3784,38.1304, 104.7,15986,-62.6,-87.4,-83.4,  2,  4, 0.00,272,20.9
2025-03-29 11:52:07,-99.3780,38.1304, 104.6,15991,-62.6,-87.4,-83.4,  2,  4, 0.00,272,20.8
2025-03-29 11:52:08,-99.3777,38.1304, 104.5,15995,-62.6,-87.4,-83.4,  2,  4, 0.00,272,20.8
2025-03-29 11:52:10,-99.3773,38.1304, 104.4,15999,-62.6,-87.4,-83.4,  2,  4, 0.00,272,20.7
2025-03-29 11:52:11,-99.3770,38.1304, 104.3,16006,-62.7,-87.4,-83.4,  2,  4, 0.00,271,20.7
2025-03-29 11:52:12,-99.3768,38.1304, 104.2,16010,-62.7,-87.4,-83.4,  2,  4, 0.00,271,20.6
2025-03-29 11:52:14,-99.3764,38.1304, 104.1,16020,-62.7,-87.4,-83.3,  2,  4, 0.00,271,20.5
2025-03-29 11:52:15,-99.3761,38.1304, 104.0,16024,-62.7,-87.4,-83.3,  2,  4, 0.00,270,20.5
2025-03-29 11:52:17,-99.3757,38.1304, 103.9,16029,-62.7,-87.4,-83.3,  2,  4, 0.00,270,20.5
2025-03-29 11:52:18,-99.3754,38.1304, 103.8,16037,-62.7,-87.4,-83.3,  2,  4, 0.00,270,20.4
2025-03-29 11:52:19,-99.3752,38.1304, 103.7,16041,-62.8,-87.4,-83.4,  2,  4, 0.00,270,20.4
2025-03-29 11:52:21,-99.3747,38.1304, 103.6,16050,-62.8,-87.4,-83.4,  2,  4, 0.00,269,20.4
2025-03-29 11:52:22,-99.3745,38.1304, 103.5,16054,-62.9,-87.4,-83.4,  2,  4, 0.00,269,20.3
2025-03-29 11:52:24,-99.3740,38.1304, 103.4,16058,-62.9,-87.5,-83.4,  2,  4, 0.00,269,20.3
2025-03-29 11:52:26,-99.3735,38.1305, 103.3,16066,-62.9,-87.5,-83.4,  2,  4, 0.00,268,20.2
2025-03-29 11:52:27,-99.3733,38.1305, 103.2,16070,-62.9,-87.5,-83.4,  2,  4, 0.00,268,20.2
2025-03-29 11:52:29,-99.3729,38.1305, 103.1,16077,-63.0,-87.5,-83.5,  2,  4, 0.00,268,20.1
2025-03-29 11:52:30,-99.3727,38.1305, 103.0,16085,-63.0,-87.5,-83.5,  2,  4, 0.00,267,20.0
2025-03-29 11:52:31,-99.3724,38.1305, 102.9,16089,-63.0,-87.5,-83.5,  2,  4, 0.00,267,20.0
2025-03-29 11:52:33,-99.3720,38.1306, 102.8,16097,-63.1,-87.6,-83.5,  2,  4, 0.00,267,19.9
2025-03-29 11:52:34,-99.3717,38.1306, 102.7,16101,-63.1,-87.6,-83.5,  2,  4, 0.00,267,19.9
2025-03-29 11:52:36,-99.3713,38.1306, 102.6,16106,-63.1,-87.6,-83.5,  2,  4, 0.00,267,19.8
2025-03-29 11:52:37,-99.3711,38.1306, 102.5,16114,-63.1,-87.6,-83.6,  2,  4, 0.00,266,19.7
2025-03-29 11:52:38,-99.3709,38.1306, 102.4,16118,-63.1,-87.6,-83.6,  2,  4, 0.00,266,19.7
2025-03-29 11:52:40,-99.3704,38.1307, 102.3,16127,-63.1,-87.6,-83.5,  2,  4, 0.00,266,19.6
2025-03-29 11:52:41,-99.3702,38.1307, 102.2,16131,-63.1,-87.6,-83.5,  2,  4, 0.00,266,19.5
2025-03-29 11:52:42,-99.3700,38.1307, 102.1,16136,-63.1,-87.6,-83.5,  2,  4, 0.00,266,19.5
2025-03-29 11:52:44,-99.3696,38.1307, 102.0,16145,-63.1,-87.6,-83.5,  2,  4, 0.00,266,19.4
2025-03-29 11:52:45,-99.3693,38.1307, 101.9,16149,-63.1,-87.5,-83.5,  2,  4, 0.00,265,19.3
2025-03-29 11:52:47,-99.3689,38.1308, 101.8,16154,-63.1,-87.5,-83.5,  2,  4, 0.00,265,19.3
2025-03-29 11:52:48,-99.3687,38.1308, 101.7,16162,-63.2,-87.6,-83.6,  2,  4, 0.00,265,19.2
2025-03-29 11:52:50,-99.3683,38.1308, 101.6,16166,-63.2,-87.6,-83.6,  2,  4, 0.00,265,19.1
2025-03-29 11:52:51,-99.3681,38.1308, 101.5,16174,-63.2,-87.7,-83.7,  2,  4, 0.00,265,19.0
2025-03-29 11:52:53,-99.3676,38.1308, 101.4,16178,-63.2,-87.7,-83.7,  2,  4, 0.00,265,18.9
2025-03-29 11:52:54,-99.3674,38.1309, 101.3,16186,-63.0,-87.6,-83.6,  2,  4, 0.00,265,18.8
2025-03-29 11:52:55,-99.3672,38.1309, 101.2,16191,-63.0,-87.6,-83.5,  2,  4, 0.00,265,18.7
2025-03-29 11:52:57,-99.3668,38.1309, 101.1,16200,-62.9,-87.6,-83.6,  2,  4, 0.00,265,18.5
2025-03-29 11:52:58,-99.3666,38.1309, 101.0,16204,-63.0,-87.6,-83.6,  2,  4, 0.00,265,18.4
2025-03-29 11:53:00,-99.3661,38.1310, 100.9,16209,-63.0,-87.7,-83.7,  2,  4, 0.00,265,18.3
2025-03-29 11:53:01,-99.3659,38.1310, 100.8,16217,-63.0,-87.8,-83.7,  2,  4, 0.00,265,18.1
2025-03-29 11:53:02,-99.3657,38.1310, 100.7,16221,-63.0,-87.8,-83.8,  2,  4, 0.00,265,18.0
2025-03-29 11:53:03,-99.3655,38.1310, 100.6,16230,-62.9,-87.8,-83.7,  2,  4, 0.00,265,17.7
2025-03-29 11:53:04,-99.3654,38.1311, 100.5,16235,-62.8,-87.7,-83.7,  2,  4, 0.00,265,17.5
2025-03-29 11:53:05,-99.3652,38.1311, 100.4,16241,-62.8,-87.7,-83.7,  2,  4, 0.00,265,17.4
2025-03-29 11:53:07,-99.3648,38.1311, 100.3,16246,-62.7,-87.7,-83.6,  2,  4, 0.00,265,17.2
2025-03-29 11:53:08,-99.3645,38.1311, 100.2,16252,-62.6,-87.6,-83.6,  2,  4, 0.00,265,17.0
2025-03-29 11:53:09,-99.3643,38.1311, 100.1,16257,-62.6,-87.7,-83.6,  2,  4, 0.00,265,16.8
2025-03-29 11:53:11,-99.3640,38.1311, 100.0,16266,-62.7,-87.7,-83.7,  2,  4, 0.00,266,16.6
2025-03-29 11:53:12,-99.3639,38.1312,  99.9,16271,-62.7,-87.8,-83.7,  2,  4, 0.00,266,16.2
2025-03-29 11:53:13,-99.3637,38.1312,  99.8,16276,-62.8,-87.8,-83.8,  2,  4, 0.00,266,16.0
2025-03-29 11:53:14,-99.3635,38.1312,  99.7,16286,-62.8,-87.8,-83.8,  2,  4, 0.00,266,15.6
2025-03-29 11:53:15,-99.3634,38.1312,  99.6,16292,-62.9,-87.9,-83.8,  2,  4, 0.00,266,15.4
2025-03-29 11:53:16,-99.3632,38.1312,  99.5,16298,-62.8,-87.8,-83.8,  2,  4, 0.00,266,15.2
2025-03-29 11:53:17,-99.3631,38.1312,  99.4,16303,-62.8,-87.8,-83.8,  2,  4, 0.00,267,14.9
2025-03-29 11:53:19,-99.3627,38.1311,  99.3,16309,-62.7,-87.7,-83.7,  2,  4, 0.00,267,14.7
2025-03-29 11:53:20,-99.3625,38.1311,  99.2,16314,-62.6,-87.7,-83.7,  2,  4, 0.00,267,14.5
2025-03-29 11:53:21,-99.3624,38.1311,  99.1,16320,-62.7,-87.7,-83.7,  2,  4, 0.00,267,14.3
2025-03-29 11:53:22,-99.3623,38.1311,  99.0,16330,-62.7,-87.7,-83.7,  2,  4, 0.00,267,13.9
2025-03-29 11:53:23,-99.3622,38.1311,  98.9,16335,-62.7,-87.8,-83.7,  2,  4, 0.00,267,13.7
2025-03-29 11:53:25,-99.3619,38.1312,  98.8,16340,-62.8,-87.8,-83.8,  2,  4, 0.00,267,13.5
2025-03-29 11:53:26,-99.3617,38.1312,  98.7,16345,-62.8,-87.8,-83.8,  2,  4, 0.00,267,13.3
2025-03-29 11:53:27,-99.3615,38.1312,  98.6,16350,-62.8,-87.8,-83.8,  2,  4, 0.00,267,13.1
2025-03-29 11:53:28,-99.3614,38.1312,  98.5,16361,-62.8,-87.8,-83.8,  2,  4, 0.00,267,12.8
2025-03-29 11:53:29,-99.3613,38.1312,  98.4,16367,-62.9,-87.8,-83.8,  2,  4, 0.00,267,12.6
2025-03-29 11:53:30,-99.3612,38.1312,  98.3,16373,-62.8,-87.8,-83.8,  2,  4, 0.00,267,12.4
2025-03-29 11:53:31,-99.3611,38.1312,  98.2,16378,-62.8,-87.8,-83.8,  2,  4, 0.00,267,12.3
2025-03-29 11:53:33,-99.3608,38.1313,  98.1,16384,-62.9,-87.8,-83.8,  2,  4, 0.00,267,12.1
2025-03-29 11:53:34,-99.3606,38.1313,  98.0,16389,-62.9,-87.8,-83.8,  2,  4, 0.00,267,12.0
2025-03-29 11:53:35,-99.3605,38.1313,  97.9,16395,-63.0,-87.8,-83.8,  2,  4, 0.00,267,11.9
2025-03-29 11:53:36,-99.3604,38.1313,  97.8,16405,-63.0,-87.8,-83.8,  2,  4, 0.00,267,11.6
2025-03-29 11:53:37,-99.3603,38.1313,  97.7,16410,-63.0,-87.8,-83.7,  2,  4, 0.00,267,11.5
2025-03-29 11:53:38,-99.3602,38.1313,  97.6,16417,-63.0,-87.7,-83.7,  2,  4, 0.00,267,11.4
2025-03-29 11:53:39,-99.3600,38.1313,  97.5,16423,-63.1,-87.7,-83.7,  2,  4, 0.00,267,11.3
2025-03-29 11:53:40,-99.3599,38.1313,  97.4,16429,-63.1,-87.7,-83.7,  2,  4, 0.00,267,11.2
2025-03-29 11:53:41,-99.3598,38.1313,  97.3,16435,-63.2,-87.8,-83.7,  2,  4, 0.00,267,11.1
2025-03-29 11:53:42,-99.3597,38.1313,  97.2,16441,-63.2,-87.8,-83.7,  2,  4, 0.00,267,11.0
2025-03-29 11:53:44,-99.3595,38.1313,  97.1,16446,-63.2,-87.8,-83.7,  2,  4, 0.00,267,10.9
2025-03-29 11:53:45,-99.3593,38.1313,  97.0,16452,-63.3,-87.8,-83.8,  2,  4, 0.00,267,10.8
2025-03-29 11:53:46,-99.3592,38.1313,  96.9,16457,-63.3,-87.8,-83.8,  2,  4, 0.00,268,10.7
2025-03-29 11:53:47,-99.3590,38.1313,  96.8,16468,-63.4,-87.8,-83.8,  2,  4, 0.00,268,10.6
2025-03-29 11:53:49,-99.3588,38.1313,  96.7,16473,-63.5,-87.8,-83.8,  2,  4, 0.00,268,10.5
2025-03-29 11:53:50,-99.3587,38.1313,  96.6,16479,-63.5,-87.8,-83.8,  2,  4, 0.00,268,10.4
2025-03-29 11:53:51,-99.3586,38.1313,  96.5,16484,-63.6,-87.8,-83.8,  2,  4, 0.00,268,10.3
2025-03-29 11:53:53,-99.3584,38.1313,  96.4,16493,-63.6,-87.8,-83.8,  2,  4, 0.00,269,10.2
2025-03-29 11:53:54,-99.3583,38.1313,  96.3,16498,-63.7,-87.8,-83.8,  2,  4, 0.00,269,10.1
2025-03-29 11:53:55,-99.3582,38.1313,  96.2,16503,-63.7,-87.8,-83.8,  2,  4, 0.00,269,10.0
2025-03-29 11:53:56,-99.3581,38.1313,  96.1,16512,-63.8,-87.8,-83.8,  2,  5, 0.00,269, 9.9
2025-03-29 11:53:58,-99.3579,38.1313,  96.0,16517,-63.8,-87.8,-83.8,  3,  5, 0.00,270, 9.8
2025-03-29 11:53:59,-99.3578,38.1313,  95.9,16522,-63.9,-87.8,-83.8,  3,  5, 0.00,270, 9.8
2025-03-29 11:54:00,-99.3576,38.1313,  95.8,16527,-63.9,-87.8,-83.8,  3,  5, 0.00,270, 9.7
2025-03-29 11:54:01,-99.3575,38.1313,  95.7,16538,-64.0,-87.8,-83.8,  3,  5, 0.00,270, 9.5
2025-03-29 11:54:03,-99.3573,38.1313,  95.6,16543,-64.1,-87.8,-83.8,  3,  5, 0.00,270, 9.5
2025-03-29 11:54:04,-99.3572,38.1313,  95.5,16548,-64.1,-87.8,-83.8,  3,  5, 0.00,270, 9.4
2025-03-29 11:54:05,-99.3571,38.1313,  95.4,16553,-64.2,-87.8,-83.8,  3,  5, 0.00,270, 9.3
2025-03-29 11:54:06,-99.3570,38.1313,  95.3,16564,-64.3,-87.8,-83.8,  3,  5, 0.00,271, 9.2
2025-03-29 11:54:07,-99.3569,38.1313,  95.2,16570,-64.3,-87.9,-83.8,  3,  5, 0.00,271, 9.1
2025-03-29 11:54:08,-99.3568,38.1313,  95.1,16575,-64.3,-87.9,-83.9,  3,  5, 0.00,271, 9.0
2025-03-29 11:54:09,-99.3567,38.1313,  95.0,16581,-64.4,-87.9,-83.9,  3,  5, 0.00,271, 8.9
2025-03-29 11:54:10,-99.3567,38.1312,  94.9,16587,-64.4,-87.9,-83.9,  3,  5, 0.00,271, 8.8
2025-03-29 11:54:11,-99.3565,38.1312,  94.8,16593,-64.5,-87.9,-83.9,  3,  5, 0.00,271, 8.7
2025-03-29 11:54:12,-99.3564,38.1312,  94.7,16600,-64.5,-87.9,-83.9,  3,  5, 0.00,271, 8.6
2025-03-29 11:54:13,-99.3563,38.1312,  94.6,16607,-64.6,-88.0,-84.0,  3,  5, 0.00,271, 8.5
2025-03-29 11:54:14,-99.3561,38.1312,  94.5,16614,-64.7,-88.0,-84.0,  3,  5, 0.00,270, 8.4
2025-03-29 11:54:15,-99.3561,38.1313,  94.4,16620,-64.8,-88.1,-84.1,  3,  5, 0.00,270, 8.3
2025-03-29 11:54:16,-99.3560,38.1313,  94.3,16626,-64.8,-88.1,-84.1,  3,  5, 0.00,270, 8.2
2025-03-29 11:54:17,-99.3560,38.1313,  94.2,16632,-64.9,-88.1,-84.1,  3,  5, 0.00,270, 8.1
2025-03-29 11:54:19,-99.3558,38.1313,  94.1,16638,-64.9,-88.1,-84.1,  3,  5, 0.00,270, 8.0
2025-03-29 11:54:20,-99.3557,38.1313,  94.0,16644,-64.9,-88.1,-84.1,  3,  5, 0.00,270, 7.8
2025-03-29 11:54:21,-99.3556,38.1313,  93.9,16650,-64.9,-88.1,-84.1,  3,  5, 0.00,270, 7.7
2025-03-29 11:54:23,-99.3554,38.1313,  93.8,16660,-65.0,-88.1,-84.1,  3,  5, 0.00,269, 7.4
2025-03-29 11:54:24,-99.3554,38.1313,  93.7,16665,-65.0,-88.2,-84.2,  3,  5, 0.00,269, 7.3
2025-03-29 11:54:25,-99.3553,38.1313,  93.6,16670,-65.1,-88.2,-84.2,  3,  5, 0.00,269, 7.1
2025-03-29 11:54:27,-99.3552,38.1313,  93.5,16679,-65.2,-88.3,-84.3,  3,  5, 0.00,268, 6.8
2025-03-29 11:54:28,-99.3551,38.1313,  93.4,16684,-65.2,-88.3,-84.3,  3,  5, 0.00,268, 6.7
2025-03-29 11:54:29,-99.3550,38.1313,  93.3,16689,-65.2,-88.3,-84.3,  3,  5, 0.00,268, 6.5
2025-03-29 11:54:30,-99.3550,38.1313,  93.2,16699,-65.2,-88.3,-84.3,  3,  5, 0.00,268, 6.1
2025-03-29 11:54:31,-99.3549,38.1312,  93.1,16705,-65.2,-88.3,-84.3,  3,  5, 0.00,268, 6.0
2025-03-29 11:54:33,-99.3548,38.1313,  93.0,16710,-65.2,-88.3,-84.3,  3,  5, 0.00,267, 5.8
2025-03-29 11:54:34,-99.3547,38.1313,  92.9,16716,-65.1,-88.3,-84.3,  3,  5, 0.00,267, 5.6
2025-03-29 11:54:35,-99.3547,38.1313,  92.8,16721,-65.1,-88.3,-84.3,  3,  5, 0.00,267, 5.5
2025-03-29 11:54:37,-99.3546,38.1313,  92.7,16732,-65.1,-88.4,-84.4,  3,  5, 0.00,267, 5.1
2025-03-29 11:54:38,-99.3545,38.1313,  92.6,16737,-65.2,-88.5,-84.5,  3,  5, 0.00,267, 5.0
2025-03-29 11:54:39,-99.3545,38.1313,  92.5,16742,-65.2,-88.5,-84.5,  3,  5, 0.00,267, 4.8
2025-03-29 11:54:40,-99.3544,38.1313,  92.4,16752,-65.2,-88.6,-84.6,  3,  5, 0.00,267, 4.5
2025-03-29 11:54:42,-99.3544,38.1314,  92.3,16758,-65.2,-88.6,-84.6,  3,  5, 0.00,267, 4.4
2025-03-29 11:54:43,-99.3543,38.1313,  92.2,16764,-65.2,-88.6,-84.6,  3,  5, 0.00,268, 4.2
2025-03-29 11:54:44,-99.3543,38.1313,  92.1,16769,-65.1,-88.6,-84.6,  3,  5, 0.00,268, 4.1
2025-03-29 11:54:46,-99.3543,38.1313,  92.0,16778,-64.9,-88.5,-84.5,  3,  5, 0.00,269, 3.9
2025-03-29 11:54:47,-99.3542,38.1313,  91.9,16782,-64.8,-88.4,-84.4,  3,  5, 0.00,269, 3.7
2025-03-29 11:54:48,-99.3542,38.1314,  91.8,16787,-64.7,-88.4,-84.4,  3,  5, 0.00,270, 3.6
2025-03-29 11:54:49,-99.3541,38.1314,  91.7,16798,-64.7,-88.4,-84.4,  3,  5, 0.00,271, 3.5
2025-03-29 11:54:50,-99.3541,38.1313,  91.6,16803,-64.7,-88.4,-84.4,  3,  5, 0.00,272, 3.4
2025-03-29 11:54:52,-99.3541,38.1313,  91.5,16809,-64.8,-88.4,-84.4,  3,  5, 0.00,273, 3.3
2025-03-29 11:54:53,-99.3540,38.1313,  91.4,16815,-64.8,-88.5,-84.5,  3,  5, 0.00,274, 3.2
2025-03-29 11:54:54,-99.3540,38.1313,  91.3,16821,-64.9,-88.5,-84.5,  3,  5, 0.00,275, 3.2
2025-03-29 11:54:55,-99.3539,38.1313,  91.2,16832,-65.0,-88.5,-84.5,  3,  5, 0.00,276, 3.1
2025-03-29 11:54:57,-99.3539,38.1313,  91.1,16837,-65.0,-88.5,-84.5,  3,  5, 0.00,277, 3.0
2025-03-29 11:54:58,-99.3539,38.1313,  91.0,16842,-65.1,-88.5,-84.5,  3,  5, 0.00,278, 3.0
2025-03-29 11:55:00,-99.3538,38.1313,  90.9,16847,-65.1,-88.5,-84.5,  3,  5, 0.00,279, 3.0
2025-03-29 11:55:01,-99.3537,38.1312,  90.8,16857,-65.2,-88.5,-84.5,  3,  5, 0.00,280, 2.9
2025-03-29 11:55:02,-99.3537,38.1312,  90.7,16862,-65.3,-88.5,-84.5,  3,  5, 0.00,281, 2.9
2025-03-29 11:55:03,-99.3537,38.1312,  90.6,16872,-65.4,-88.5,-84.5,  3,  5, 0.00,282, 2.8
2025-03-29 11:55:05,-99.3536,38.1312,  90.5,16878,-65.4,-88.5,-84.5,  3,  5, 0.00,282, 2.8
2025-03-29 11:55:06,-99.3536,38.1312,  90.4,16883,-65.5,-88.5,-84.5,  3,  5, 0.00,283, 2.8
2025-03-29 11:55:07,-99.3536,38.1312,  90.3,16888,-65.5,-88.5,-84.5,  3,  5, 0.00,283, 2.8
2025-03-29 11:55:08,-99.3535,38.1312,  90.2,16898,-65.6,-88.5,-84.5,  3,  5, 0.00,282, 2.8
2025-03-29 11:55:10,-99.3535,38.1312,  90.1,16904,-65.7,-88.5,-84.5,  3,  5, 0.00,282, 2.8
2025-03-29 11:55:11,-99.3535,38.1311,  90.0,16909,-65.7,-88.5,-84.5,  3,  5, 0.00,282, 2.8
2025-03-29 11:55:13,-99.3534,38.1311,  89.9,16914,-65.8,-88.5,-84.5,  3,  5, 0.00,281, 2.8
2025-03-29 11:55:14,-99.3534,38.1312,  89.8,16924,-65.8,-88.5,-84.5,  3,  5, 0.00,280, 2.8
2025-03-29 11:55:15,-99.3534,38.1312,  89.7,16929,-65.9,-88.5,-84.6,  3,  5, 0.00,280, 2.8
2025-03-29 11:55:17,-99.3533,38.1311,  89.6,16938,-66.0,-88.6,-84.6,  3,  5, 0.00,278, 2.8
2025-03-29 11:55:18,-99.3533,38.1311,  89.5,16943,-66.0,-88.6,-84.6,  3,  5, 0.00,278, 2.9
2025-03-29 11:55:19,-99.3532,38.1311,  89.4,16948,-66.1,-88.6,-84.6,  3,  5, 0.00,277, 2.9
2025-03-29 11:55:21,-99.3532,38.1312,  89.3,16959,-66.1,-88.6,-84.6,  3,  5, 0.00,275, 2.9
2025-03-29 11:55:22,-99.3531,38.1311,  89.2,16964,-66.1,-88.6,-84.6,  3,  5, 0.00,275, 3.0
2025-03-29 11:55:24,-99.3530,38.1311,  89.1,16969,-66.1,-88.6,-84.6,  3,  5, 0.00,274, 3.0
2025-03-29 11:55:25,-99.3530,38.1311,  89.0,16978,-66.2,-88.6,-84.6,  3,  5, 0.00,273, 3.1
2025-03-29 11:55:27,-99.3529,38.1312,  88.9,16983,-66.2,-88.6,-84.6,  3,  6, 0.00,272, 3.1
2025-03-29 11:55:28,-99.3529,38.1312,  88.8,16992,-66.3,-88.6,-84.6,  3,  6, 0.00,271, 3.2
2025-03-29 11:55:29,-99.3529,38.1312,  88.7,16997,-66.3,-88.6,-84.6,  3,  6, 0.00,271, 3.3
2025-03-29 11:55:31,-99.3528,38.1311,  88.6,17007,-66.3,-88.6,-84.6,  3,  6, 0.00,270, 3.3
2025-03-29 11:55:32,-99.3527,38.1311,  88.5,17011,-66.4,-88.6,-84.6,  3,  6, 0.00,270, 3.4
2025-03-29 11:55:33,-99.3527,38.1312,  88.4,17016,-66.4,-88.6,-84.6,  3,  6, 0.00,269, 3.4
2025-03-29 11:55:35,-99.3526,38.1312,  88.3,17027,-66.5,-88.6,-84.6,  3,  6, 0.00,269, 3.5
2025-03-29 11:55:36,-99.3526,38.1312,  88.2,17032,-66.5,-88.6,-84.7,  3,  6, 0.00,269, 3.6
2025-03-29 11:55:37,-99.3526,38.1312,  88.1,17037,-66.6,-88.7,-84.7,  3,  6, 0.00,268, 3.6
2025-03-29 11:55:39,-99.3525,38.1312,  88.0,17048,-66.6,-88.7,-84.7,  3,  6, 0.00,268, 3.7
2025-03-29 11:55:40,-99.3524,38.1312,  87.9,17053,-66.7,-88.7,-84.7,  3,  6, 0.00,267, 3.8
2025-03-29 11:55:42,-99.3523,38.1312,  87.8,17058,-66.7,-88.7,-84.7,  3,  6, 0.00,267, 3.9
2025-03-29 11:55:43,-99.3523,38.1312,  87.7,17068,-66.8,-88.8,-84.8,  3,  6, 0.00,266, 4.0
2025-03-29 11:55:45,-99.3522,38.1312,  87.6,17072,-66.8,-88.8,-84.8,  3,  6, 0.00,266, 4.0
2025-03-29 11:55:46,-99.3521,38.1312,  87.5,17082,-66.9,-88.8,-84.8,  3,  6, 0.00,265, 4.2
2025-03-29 11:55:47,-99.3521,38.1312,  87.4,17086,-66.9,-88.8,-84.8,  3,  6, 0.00,265, 4.2
2025-03-29 11:55:49,-99.3520,38.1312,  87.3,17096,-66.9,-88.8,-84.9,  3,  6, 0.00,264, 4.4
2025-03-29 11:55:50,-99.3519,38.1312,  87.2,17101,-67.0,-88.9,-84.9,  3,  6, 0.00,264, 4.4
2025-03-29 11:55:52,-99.3518,38.1312,  87.1,17106,-67.0,-88.9,-84.9,  3,  6, 0.00,263, 4.5
2025-03-29 11:55:53,-99.3518,38.1312,  87.0,17116,-67.0,-88.9,-84.9,  3,  6, 0.00,263, 4.6
2025-03-29 11:55:54,-99.3517,38.1312,  86.9,17121,-67.0,-88.9,-84.9,  3,  6, 0.00,262, 4.7
2025-03-29 11:55:56,-99.3516,38.1312,  86.8,17131,-67.1,-88.9,-84.9,  3,  6, 0.00,262, 4.8
2025-03-29 11:55:57,-99.3515,38.1313,  86.7,17136,-67.1,-88.9,-84.9,  3,  6, 0.00,261, 4.9
2025-03-29 11:55:59,-99.3514,38.1313,  86.6,17140,-67.1,-88.9,-84.9,  3,  6, 0.00,261, 4.9
2025-03-29 11:56:00,-99.3513,38.1313,  86.5,17150,-67.2,-88.9,-84.9,  3,  6, 0.00,260, 5.1
2025-03-29 11:56:01,-99.3512,38.1313,  86.4,17155,-67.2,-88.9,-85.0,  3,  6, 0.00,260, 5.1
2025-03-29 11:56:03,-99.3511,38.1313,  86.3,17165,-67.3,-89.0,-85.0,  3,  6, 0.00,260, 5.2
2025-03-29 11:56:04,-99.3511,38.1313,  86.2,17171,-67.3,-89.0,-85.0,  3,  6, 0.00,260, 5.2
2025-03-29 11:56:06,-99.3510,38.1313,  86.1,17176,-67.4,-89.0,-85.0,  3,  6, 0.00,260, 5.3
2025-03-29 11:56:07,-99.3509,38.1313,  86.0,17185,-67.4,-89.1,-85.1,  3,  6, 0.00,259, 5.4
2025-03-29 11:56:09,-99.3508,38.1314,  85.9,17190,-67.5,-89.1,-85.1,  3,  6, 0.00,259, 5.4
2025-03-29 11:56:10,-99.3507,38.1314,  85.8,17200,-67.5,-89.1,-85.2,  3,  6, 0.00,259, 5.5
2025-03-29 11:56:12,-99.3506,38.1314,  85.7,17205,-67.5,-89.1,-85.2,  3,  6, 0.00,259, 5.5
2025-03-29 11:56:13,-99.3505,38.1314,  85.6,17214,-67.5,-89.1,-85.1,  3,  6, 0.00,259, 5.6
2025-03-29 11:56:15,-99.3504,38.1314,  85.5,17218,-67.4,-89.1,-85.1,  3,  6, 0.00,258, 5.6
2025-03-29 11:56:16,-99.3503,38.1314,  85.4,17227,-67.4,-89.1,-85.1,  3,  6, 0.00,258, 5.7
2025-03-29 11:56:18,-99.3502,38.1315,  85.3,17232,-67.4,-89.1,-85.1,  3,  6, 0.00,258, 5.8
2025-03-29 11:56:20,-99.3501,38.1315,  85.2,17241,-67.4,-89.1,-85.1,  3,  6, 0.00,258, 5.9
2025-03-29 11:56:21,-99.3501,38.1315,  85.1,17246,-67.4,-89.1,-85.1,  3,  6, 0.00,258, 5.9
2025-03-29 11:56:22,-99.3500,38.1315,  85.0,17255,-67.4,-89.1,-85.2,  3,  6, 0.00,258, 6.1
2025-03-29 11:56:24,-99.3498,38.1315,  84.9,17264,-67.3,-89.1,-85.1,  3,  6, 0.00,258, 6.2
2025-03-29 11:56:25,-99.3497,38.1315,  84.8,17269,-67.3,-89.1,-85.2,  3,  6, 0.00,258, 6.3
2025-03-29 11:56:26,-99.3497,38.1316,  84.7,17275,-67.4,-89.2,-85.2,  3,  6, 0.00,258, 6.3
2025-03-29 11:56:28,-99.3495,38.1316,  84.6,17286,-67.4,-89.2,-85.2,  3,  6, 0.00,258, 6.5
2025-03-29 11:56:29,-99.3495,38.1316,  84.5,17291,-67.3,-89.2,-85.2,  3,  6, 0.00,258, 6.6
2025-03-29 11:56:31,-99.3493,38.1317,  84.4,17296,-67.3,-89.2,-85.2,  3,  6, 0.00,258, 6.6
2025-03-29 11:56:32,-99.3492,38.1317,  84.3,17305,-67.4,-89.3,-85.3,  3,  6, 0.00,259, 6.8
2025-03-29 11:56:34,-99.3490,38.1317,  84.2,17310,-67.4,-89.3,-85.3,  3,  6, 0.00,259, 6.8
2025-03-29 11:56:35,-99.3490,38.1317,  84.1,17319,-67.3,-89.3,-85.3,  3,  6, 0.00,260, 7.0
2025-03-29 11:56:37,-99.3488,38.1317,  84.0,17324,-67.3,-89.3,-85.4,  3,  6, 0.00,260, 7.0
2025-03-29 11:56:38,-99.3487,38.1318,  83.9,17334,-67.3,-89.4,-85.5,  3,  6, 0.00,261, 7.1
2025-03-29 11:56:40,-99.3485,38.1318,  83.8,17339,-67.3,-89.4,-85.5,  3,  6, 0.00,262, 7.2
2025-03-29 11:56:41,-99.3484,38.1318,  83.7,17348,-67.1,-89.3,-85.4,  3,  5, 0.00,263, 7.3
2025-03-29 11:56:43,-99.3483,38.1317,  83.6,17353,-66.9,-89.2,-85.3,  3,  5, 0.00,264, 7.4
2025-03-29 11:56:44,-99.3482,38.1317,  83.5,17363,-66.8,-89.2,-85.2,  3,  5, 0.00,266, 7.5
2025-03-29 11:56:46,-99.3480,38.1318,  83.4,17368,-66.8,-89.2,-85.2,  3,  5, 0.00,267, 7.5
2025-03-29 11:56:47,-99.3480,38.1318,  83.3,17378,-66.8,-89.2,-85.3,  3,  5, 0.00,269, 7.6
2025-03-29 11:56:49,-99.3478,38.1318,  83.2,17383,-66.8,-89.3,-85.3,  3,  5, 0.00,270, 7.7
2025-03-29 11:56:50,-99.3477,38.1318,  83.1,17392,-66.8,-89.3,-85.4,  3,  5, 0.00,271, 7.8
2025-03-29 11:56:52,-99.3475,38.1317,  83.0,17397,-66.8,-89.3,-85.4,  3,  5, 0.00,272, 7.8
2025-03-29 11:56:54,-99.3473,38.1317,  82.9,17407,-66.9,-89.4,-85.4,  3,  5, 0.00,274, 7.9
2025-03-29 11:56:55,-99.3472,38.1317,  82.8,17411,-66.9,-89.4,-85.4,  3,  5, 0.00,275, 8.0
2025-03-29 11:56:57,-99.3470,38.1317,  82.7,17420,-66.9,-89.4,-85.4,  3,  5, 0.00,276, 8.1
2025-03-29 11:56:58,-99.3470,38.1316,  82.6,17429,-66.7,-89.3,-85.3,  3,  5, 0.00,277, 8.2
2025-03-29 11:57:00,-99.3467,38.1316,  82.5,17434,-66.7,-89.3,-85.4,  3,  5, 0.00,278, 8.2
2025-03-29 11:57:01,-99.3466,38.1316,  82.4,17444,-66.8,-89.4,-85.4,  3,  5, 0.00,278, 8.3
2025-03-29 11:57:03,-99.3464,38.1316,  82.3,17448,-66.8,-89.4,-85.4,  3,  5, 0.00,279, 8.3
2025-03-29 11:57:04,-99.3463,38.1315,  82.2,17457,-66.8,-89.5,-85.5,  3,  5, 0.00,279, 8.4
2025-03-29 11:57:06,-99.3461,38.1315,  82.1,17462,-66.9,-89.5,-85.6,  3,  5, 0.00,279, 8.4
2025-03-29 11:57:07,-99.3460,38.1315,  82.0,17472,-66.9,-89.6,-85.7,  3,  5, 0.00,279, 8.4
2025-03-29 11:57:09,-99.3458,38.1314,  81.9,17478,-66.9,-89.6,-85.7,  3,  5, 0.00,279, 8.4
2025-03-29 11:57:10,-99.3457,38.1314,  81.8,17488,-66.7,-89.6,-85.6,  3,  5, 0.00,278, 8.3
2025-03-29 11:57:11,-99.3456,38.1314,  81.7,17493,-66.5,-89.5,-85.5,  3,  5, 0.00,278, 8.3
2025-03-29 11:57:13,-99.3455,38.1314,  81.6,17503,-66.1,-89.2,-85.3,  3,  5, 0.00,277, 8.2
2025-03-29 11:57:14,-99.3454,38.1314,  81.5,17509,-65.8,-89.0,-85.0,  3,  5, 0.00,277, 8.1
2025-03-29 11:57:16,-99.3452,38.1314,  81.4,17515,-65.6,-88.9,-84.9,  3,  5, 0.00,276, 8.1
2025-03-29 11:57:17,-99.3451,38.1315,  81.3,17525,-65.6,-88.9,-85.0,  3,  5, 0.00,275, 8.0
2025-03-29 11:57:19,-99.3449,38.1315,  81.2,17530,-65.7,-89.0,-85.0,  3,  5, 0.00,274, 7.9
2025-03-29 11:57:21,-99.3448,38.1314,  81.1,17539,-65.7,-89.0,-85.1,  3,  5, 0.00,273, 7.8
2025-03-29 11:57:22,-99.3447,38.1314,  81.0,17544,-65.8,-89.1,-85.1,  3,  5, 0.00,272, 7.8
2025-03-29 11:57:24,-99.3446,38.1314,  80.9,17553,-65.8,-89.1,-85.1,  3,  5, 0.00,270, 7.7
2025-03-29 11:57:25,-99.3445,38.1314,  80.8,17563,-65.9,-89.2,-85.2,  3,  5, 0.00,268, 7.6
2025-03-29 11:57:27,-99.3443,38.1315,  80.7,17567,-66.0,-89.2,-85.2,  3,  5, 0.00,268, 7.6
2025-03-29 11:57:29,-99.3441,38.1315,  80.6,17577,-66.1,-89.2,-85.2,  3,  5, 0.00,266, 7.5
2025-03-29 11:57:30,-99.3441,38.1315,  80.5,17582,-66.1,-89.2,-85.2,  3,  5, 0.00,265, 7.5
2025-03-29 11:57:32,-99.3439,38.1315,  80.4,17591,-66.2,-89.2,-85.3,  3,  5, 0.00,263, 7.5
2025-03-29 11:57:33,-99.3438,38.1315,  80.3,17601,-66.3,-89.3,-85.3,  3,  5, 0.00,261, 7.5
2025-03-29 11:57:35,-99.3436,38.1316,  80.2,17606,-66.3,-89.3,-85.3,  3,  5, 0.00,261, 7.5
2025-03-29 11:57:37,-99.3435,38.1316,  80.1,17615,-66.3,-89.3,-85.3,  3,  5, 0.00,259, 7.6
2025-03-29 11:57:38,-99.3434,38.1316,  80.0,17620,-66.4,-89.3,-85.3,  3,  5, 0.00,258, 7.6
2025-03-29 11:57:40,-99.3432,38.1317,  79.9,17629,-66.4,-89.3,-85.4,  3,  5, 0.00,257, 7.7
2025-03-29 11:57:41,-99.3431,38.1317,  79.8,17638,-66.5,-89.3,-85.4,  3,  5, 0.00,256, 7.7
2025-03-29 11:57:43,-99.3429,38.1317,  79.7,17643,-66.4,-89.3,-85.4,  3,  5, 0.00,255, 7.8
2025-03-29 11:57:44,-99.3429,38.1317,  79.6,17652,-66.3,-89.3,-85.3,  3,  5, 0.00,254, 7.8
2025-03-29 11:57:46,-99.3427,38.1318,  79.5,17657,-66.3,-89.3,-85.3,  3,  5, 0.00,253, 7.9
2025-03-29 11:57:48,-99.3425,38.1318,  79.4,17667,-66.3,-89.4,-85.4,  3,  5, 0.00,253, 7.9
2025-03-29 11:57:49,-99.3424,38.1319,  79.3,17672,-66.3,-89.4,-85.4,  3,  5, 0.00,252, 7.9
2025-03-29 11:57:51,-99.3422,38.1319,  79.2,17682,-66.3,-89.5,-85.5,  3,  5, 0.00,251, 8.0
2025-03-29 11:57:52,-99.3421,38.1320,  79.1,17692,-66.3,-89.6,-85.7,  3,  5, 0.00,251, 8.0
2025-03-29 11:57:54,-99.3419,38.1320,  79.0,17696,-66.3,-89.7,-85.7,  2,  5, 0.00,251, 8.0
2025-03-29 11:57:55,-99.3419,38.1321,  78.9,17706,-66.2,-89.7,-85.8,  2,  4, 0.00,250, 8.0
2025-03-29 11:57:57,-99.3417,38.1321,  78.8,17711,-66.1,-89.7,-85.8,  2,  4, 0.00,250, 8.0
2025-03-29 11:57:58,-99.3416,38.1322,  78.7,17721,-65.8,-89.7,-85.7,  2,  4, 0.00,250, 8.0
2025-03-29 11:58:00,-99.3415,38.1322,  78.6,17726,-65.6,-89.7,-85.7,  2,  4, 0.00,249, 7.9
2025-03-29 11:58:02,-99.3413,38.1322,  78.5,17737,-65.3,-89.6,-85.6,  2,  4, 0.00,249, 7.9
2025-03-29 11:58:03,-99.3413,38.1322,  78.4,17742,-65.1,-89.5,-85.5,  2,  4, 0.00,249, 7.9
2025-03-29 11:58:05,-99.3411,38.1323,  78.3,17752,-64.8,-89.4,-85.5,  2,  4, 0.00,249, 7.8
2025-03-29 11:58:06,-99.3410,38.1323,  78.2,17761,-64.4,-89.4,-85.4,  2,  4, 0.00,250, 7.8
2025-03-29 11:58:08,-99.3409,38.1324,  78.1,17766,-64.3,-89.3,-85.4,  2,  4, 0.00,250, 7.8
2025-03-29 11:58:09,-99.3408,38.1324,  78.0,17776,-64.1,-89.3,-85.4,  2,  4, 0.00,250, 7.7
2025-03-29 11:58:11,-99.3406,38.1324,  77.9,17781,-64.0,-89.4,-85.4,  2,  3, 0.00,250, 7.7
2025-03-29 11:58:13,-99.3405,38.1325,  77.8,17792,-63.6,-89.2,-85.2,  2,  3, 0.00,251, 7.7
2025-03-29 11:58:14,-99.3404,38.1325,  77.7,17797,-63.4,-89.1,-85.1,  2,  3, 0.00,251, 7.6
2025-03-29 11:58:16,-99.3402,38.1326,  77.6,17807,-63.4,-89.2,-85.2,  2,  3, 0.00,251, 7.6
2025-03-29 11:58:18,-99.3400,38.1326,  77.5,17816,-63.5,-89.3,-85.3,  2,  3, 0.00,252, 7.5
2025-03-29 11:58:19,-99.3400,38.1326,  77.4,17820,-63.5,-89.3,-85.4,  2,  3, 0.00,252, 7.5
2025-03-29 11:58:21,-99.3398,38.1326,  77.3,17830,-63.4,-89.3,-85.3,  2,  3, 0.00,253, 7.4
2025-03-29 11:58:22,-99.3397,38.1326,  77.2,17840,-63.2,-89.2,-85.2,  2,  3, 0.00,253, 7.3
2025-03-29 11:58:24,-99.3395,38.1327,  77.1,17845,-63.2,-89.2,-85.2,  2,  3, 0.00,253, 7.3
2025-03-29 11:58:26,-99.3394,38.1327,  77.0,17856,-63.0,-89.1,-85.1,  2,  3, 0.00,254, 7.1
2025-03-29 11:58:27,-99.3393,38.1327,  76.9,17861,-62.9,-89.0,-85.1,  2,  3, 0.00,254, 7.1
2025-03-29 11:58:29,-99.3392,38.1327,  76.8,17870,-62.7,-88.9,-84.9,  2,  3, 0.00,254, 6.9
2025-03-29 11:58:30,-99.3391,38.1328,  76.7,17880,-62.7,-88.8,-84.9,  2,  3, 0.00,254, 6.8
2025-03-29 11:58:32,-99.3390,38.1328,  76.6,17885,-62.7,-88.9,-84.9,  2,  3, 0.00,253, 6.7
2025-03-29 11:58:33,-99.3389,38.1328,  76.5,17896,-62.8,-88.9,-84.9,  2,  3, 0.00,253, 6.6
2025-03-29 11:58:35,-99.3388,38.1328,  76.4,17902,-62.8,-88.9,-84.9,  2,  3, 0.00,253, 6.5
2025-03-29 11:58:36,-99.3387,38.1328,  76.3,17912,-62.7,-88.9,-84.9,  2,  3, 0.00,252, 6.3
2025-03-29 11:58:38,-99.3386,38.1329,  76.2,17918,-62.7,-88.8,-84.9,  2,  3, 0.00,251, 6.2
2025-03-29 11:58:39,-99.3385,38.1329,  76.1,17929,-62.5,-88.7,-84.7,  2,  3, 0.00,250, 6.1
2025-03-29 11:58:41,-99.3384,38.1330,  76.0,17934,-62.5,-88.6,-84.7,  2,  3, 0.00,249, 6.0
2025-03-29 11:58:43,-99.3383,38.1330,  75.9,17945,-62.4,-88.6,-84.6,  2,  3, 0.00,247, 5.8
2025-03-29 11:58:44,-99.3383,38.1330,  75.8,17950,-62.4,-88.6,-84.6,  2,  3, 0.00,246, 5.8
2025-03-29 11:58:46,-99.3382,38.1330,  75.7,17959,-62.4,-88.6,-84.6,  2,  3, 0.00,244, 5.6
2025-03-29 11:58:47,-99.3381,38.1331,  75.6,17969,-62.4,-88.6,-84.6,  2,  3, 0.00,242, 5.5
2025-03-29 11:58:49,-99.3379,38.1332,  75.5,17974,-62.5,-88.6,-84.6,  2,  3, 0.00,241, 5.5
2025-03-29 11:58:51,-99.3379,38.1333,  75.4,17984,-62.6,-88.6,-84.6,  2,  3, 0.00,239, 5.4
2025-03-29 11:58:52,-99.3379,38.1333,  75.3,17989,-62.6,-88.6,-84.6,  2,  3, 0.00,238, 5.4
2025-03-29 11:58:54,-99.3378,38.1333,  75.2,18000,-62.7,-88.6,-84.6,  2,  3, 0.00,236, 5.4
2025-03-29 11:58:55,-99.3377,38.1334,  75.1,18010,-62.7,-88.6,-84.6,  2,  3, 0.00,234, 5.4
2025-03-29 11:58:57,-99.3376,38.1334,  75.0,18015,-62.7,-88.6,-84.6,  2,  3, 0.00,233, 5.4
2025-03-29 11:58:59,-99.3376,38.1335,  74.9,18025,-62.5,-88.4,-84.4,  2,  3, 0.00,231, 5.4
2025-03-29 11:59:00,-99.3375,38.1335,  74.8,18030,-62.5,-88.4,-84.4,  2,  3, 0.00,230, 5.4
2025-03-29 11:59:02,-99.3375,38.1336,  74.7,18041,-62.5,-88.3,-84.3,  2,  3, 0.00,229, 5.5
2025-03-29 11:59:04,-99.3374,38.1337,  74.6,18051,-62.6,-88.3,-84.3,  2,  3, 0.00,227, 5.6
2025-03-29 11:59:05,-99.3373,38.1337,  74.5,18056,-62.6,-88.3,-84.3,  2,  3, 0.00,227, 5.7
2025-03-29 11:59:07,-99.3372,38.1338,  74.4,18066,-62.6,-88.4,-84.4,  2,  3, 0.00,226, 5.8
2025-03-29 11:59:08,-99.3371,38.1338,  74.3,18076,-62.7,-88.4,-84.4,  2,  3, 0.00,224, 6.0
2025-03-29 11:59:10,-99.3371,38.1339,  74.2,18081,-62.7,-88.4,-84.4,  2,  3, 0.00,224, 6.1
2025-03-29 11:59:12,-99.3370,38.1341,  74.1,18091,-62.8,-88.4,-84.4,  2,  3, 0.00,223, 6.3
2025-03-29 11:59:14,-99.3368,38.1341,  74.0,18096,-62.8,-88.4,-84.4,  2,  4, 0.00,222, 6.3
2025-03-29 11:59:15,-99.3368,38.1342,  73.9,18106,-62.8,-88.3,-84.3,  2,  4, 0.00,221, 6.5
2025-03-29 11:59:17,-99.3366,38.1343,  73.8,18116,-62.8,-88.3,-84.3,  2,  4, 0.00,220, 6.7
2025-03-29 11:59:19,-99.3365,38.1344,  73.7,18125,-62.8,-88.3,-84.3,  2,  4, 0.00,219, 6.9
2025-03-29 11:59:20,-99.3365,38.1344,  73.6,18130,-62.8,-88.3,-84.3,  2,  4, 0.00,219, 7.0
2025-03-29 11:59:22,-99.3364,38.1345,  73.5,18141,-62.8,-88.3,-84.3,  2,  4, 0.00,218, 7.1
2025-03-29 11:59:23,-99.3364,38.1346,  73.4,18151,-62.9,-88.3,-84.3,  2,  4, 0.00,217, 7.3
2025-03-29 11:59:25,-99.3362,38.1347,  73.3,18156,-62.9,-88.3,-84.3,  2,  4, 0.00,216, 7.3
2025-03-29 11:59:26,-99.3362,38.1347,  73.2,18167,-63.0,-88.3,-84.3,  2,  4, 0.00,215, 7.5
2025-03-29 11:59:28,-99.3361,38.1349,  73.1,18172,-63.0,-88.3,-84.3,  2,  4, 0.00,214, 7.5
2025-03-29 11:59:30,-99.3360,38.1350,  73.0,18182,-63.1,-88.4,-84.4,  2,  4, 0.00,213, 7.7
2025-03-29 11:59:31,-99.3360,38.1350,  72.9,18188,-63.1,-88.4,-84.4,  2,  4, 0.00,213, 7.7
2025-03-29 11:59:33,-99.3359,38.1351,  72.8,18200,-63.2,-88.4,-84.4,  2,  4, 0.00,212, 7.8
2025-03-29 11:59:35,-99.3358,38.1353,  72.7,18209,-63.3,-88.4,-84.4,  2,  4, 0.00,211, 7.9
2025-03-29 11:59:37,-99.3357,38.1355,  72.6,18214,-63.3,-88.4,-84.4,  2,  4, 0.00,210, 8.0
2025-03-29 11:59:38,-99.3357,38.1355,  72.5,18224,-63.3,-88.4,-84.4,  2,  4, 0.00,210, 8.1
2025-03-29 11:59:40,-99.3357,38.1356,  72.4,18234,-63.4,-88.4,-84.4,  2,  4, 0.00,209, 8.2
2025-03-29 11:59:42,-99.3356,38.1358,  72.3,18244,-63.5,-88.4,-84.4,  2,  4, 0.00,209, 8.3
2025-03-29 11:59:43,-99.3355,38.1359,  72.2,18249,-63.5,-88.4,-84.4,  2,  4, 0.00,209, 8.4
2025-03-29 11:59:45,-99.3354,38.1360,  72.1,18259,-63.6,-88.4,-84.4,  2,  4, 0.00,209, 8.5
2025-03-29 11:59:47,-99.3353,38.1361,  72.0,18268,-63.6,-88.4,-84.4,  2,  4, 0.00,209, 8.6
2025-03-29 11:59:49,-99.3353,38.1362,  71.9,18273,-63.7,-88.4,-84.4,  2,  4, 0.00,209, 8.7
2025-03-29 11:59:50,-99.3352,38.1363,  71.8,18283,-63.7,-88.5,-84.5,  2,  4, 0.00,209, 8.9
2025-03-29 11:59:52,-99.3350,38.1365,  71.7,18293,-63.8,-88.5,-84.5,  2,  4, 0.00,210, 9.0
2025-03-29 11:59:54,-99.3349,38.1366,  71.6,18304,-63.9,-88.6,-84.6,  2,  4, 0.00,211, 9.2
2025-03-29 11:59:55,-99.3349,38.1367,  71.5,18309,-63.9,-88.6,-84.6,  2,  4, 0.00,211, 9.4
2025-03-29 11:59:57,-99.3348,38.1368,  71.4,18318,-64.0,-88.7,-84.7,  2,  4, 0.00,212, 9.6
2025-03-29 11:59:59,-99.3347,38.1369,  71.3,18328,-64.0,-88.8,-84.8,  2,  4, 0.00,213, 9.9
2025-03-29 12:00:00,-99.3346,38.1370,  71.2,18333,-64.0,-88.8,-84.8,  2,  4, 0.00,213,10.0
2025-03-29 12:00:02,-99.3344,38.1372,  71.1,18344,-64.1,-88.9,-84.9,  2,  4, 0.00,214,10.3
2025-03-29 12:00:04,-99.3343,38.1374,  71.0,18355,-64.0,-89.0,-85.0,  2,  4, 0.00,215,10.6
2025-03-29 12:00:06,-99.3342,38.1375,  70.9,18360,-63.9,-89.0,-85.0,  2,  4, 0.00,216,10.8
2025-03-29 12:00:08,-99.3340,38.1377,  70.8,18369,-63.8,-89.1,-85.1,  2,  4, 0.00,217,11.1
2025-03-29 12:00:09,-99.3339,38.1378,  70.7,18378,-63.4,-88.9,-85.0,  2,  3, 0.00,218,11.5
2025-03-29 12:00:11,-99.3336,38.1380,  70.6,18388,-62.9,-88.7,-84.8,  2,  3, 0.00,219,11.8
2025-03-29 12:00:13,-99.3334,38.1382,  70.5,18398,-62.6,-88.6,-84.6,  2,  3, 0.00,219,12.1
2025-03-29 12:00:15,-99.3333,38.1383,  70.4,18403,-62.4,-88.6,-84.6,  2,  3, 0.00,220,12.3
2025-03-29 12:00:17,-99.3331,38.1385,  70.3,18413,-62.0,-88.4,-84.4,  2,  3, 0.00,220,12.6
2025-03-29 12:00:18,-99.3329,38.1386,  70.2,18423,-61.8,-88.4,-84.4,  2,  3, 0.00,221,12.8
2025-03-29 12:00:20,-99.3327,38.1388,  70.1,18433,-61.8,-88.5,-84.5,  2,  3, 0.00,222,13.1
2025-03-29 12:00:22,-99.3325,38.1390,  70.0,18442,-61.8,-88.6,-84.6,  2,  3, 0.00,222,13.1
2025-03-29 12:00:23,-99.3324,38.1391,  69.9,18448,-61.9,-88.7,-84.7,  2,  3, 0.00,223,13.3
2025-03-29 12:00:25,-99.3322,38.1393,  69.8,18458,-61.9,-88.7,-84.7,  2,  3, 0.00,224,13.4
2025-03-29 12:00:27,-99.3319,38.1394,  69.7,18468,-61.8,-88.6,-84.7,  2,  3, 0.00,224,13.4
2025-03-29 12:00:29,-99.3317,38.1396,  69.6,18473,-61.7,-88.6,-84.6,  2,  3, 0.00,225,13.4
2025-03-29 12:00:30,-99.3316,38.1397,  69.5,18483,-61.8,-88.6,-84.7,  2,  3, 0.00,225,13.4
2025-03-29 12:00:32,-99.3314,38.1399,  69.4,18493,-61.8,-88.7,-84.7,  2,  3, 0.00,226,13.3
2025-03-29 12:00:34,-99.3311,38.1401,  69.3,18504,-61.8,-88.6,-84.7,  2,  3, 0.00,227,13.1
2025-03-29 12:00:36,-99.3309,38.1402,  69.2,18509,-61.8,-88.6,-84.6,  2,  3, 0.00,228,13.1
2025-03-29 12:00:37,-99.3308,38.1402,  69.1,18519,-61.7,-88.5,-84.6,  2,  3, 0.00,228,12.9
2025-03-29 12:00:39,-99.3306,38.1404,  69.0,18530,-61.6,-88.4,-84.4,  2,  3, 0.00,230,12.6
2025-03-29 12:00:42,-99.3303,38.1405,  68.9,18540,-61.6,-88.4,-84.4,  2,  3, 0.00,231,12.4
2025-03-29 12:00:43,-99.3302,38.1406,  68.8,18545,-61.6,-88.4,-84.4,  2,  3, 0.00,231,12.3
2025-03-29 12:00:45,-99.3300,38.1407,  68.7,18553,-61.6,-88.4,-84.4,  2,  3, 0.00,232,12.0
2025-03-29 12:00:47,-99.3298,38.1408,  68.6,18567,-61.5,-88.3,-84.3,  2,  3, 0.00,235,11.7
2025-03-29 12:00:49,-99.3296,38.1409,  68.5,18572,-61.5,-88.3,-84.3,  2,  3, 0.00,235,11.5
2025-03-29 12:00:51,-99.3294,38.1410,  68.4,18581,-61.6,-88.4,-84.4,  2,  3, 0.00,237,11.3
2025-03-29 12:00:52,-99.3293,38.1411,  68.3,18592,-61.6,-88.4,-84.4,  2,  3, 0.00,238,11.1
2025-03-29 12:00:54,-99.3290,38.1411,  68.2,18602,-61.6,-88.4,-84.4,  2,  3, 0.00,240,10.9
2025-03-29 12:00:56,-99.3288,38.1412,  68.1,18612,-61.5,-88.4,-84.4,  2,  3, 0.00,242,10.7
2025-03-29 12:00:58,-99.3286,38.1413,  68.0,18617,-61.5,-88.4,-84.4,  2,  3, 0.00,242,10.7
2025-03-29 12:01:00,-99.3283,38.1413,  67.9,18627,-61.5,-88.4,-84.4,  2,  3, 0.00,244,10.5
2025-03-29 12:01:02,-99.3281,38.1414,  67.8,18637,-61.4,-88.3,-84.3,  2,  3, 0.00,245,10.4
2025-03-29 12:01:04,-99.3279,38.1415,  67.7,18647,-61.2,-88.3,-84.3,  2,  3, 0.00,247,10.3
2025-03-29 12:01:05,-99.3278,38.1415,  67.6,18657,-61.2,-88.2,-84.2,  2,  3, 0.00,248,10.2
2025-03-29 12:01:07,-99.3276,38.1415,  67.5,18667,-61.1,-88.2,-84.2,  2,  3, 0.00,249,10.1
2025-03-29 12:01:09,-99.3274,38.1416,  67.4,18676,-61.1,-88.2,-84.2,  2,  3, 0.00,250,10.0
2025-03-29 12:01:11,-99.3272,38.1416,  67.3,18682,-61.1,-88.2,-84.2,  2,  3, 0.00,250, 9.9
2025-03-29 12:01:13,-99.3270,38.1417,  67.2,18692,-61.1,-88.1,-84.1,  2,  3, 0.00,251, 9.8
2025-03-29 12:01:15,-99.3267,38.1417,  67.1,18702,-61.1,-88.1,-84.1,  2,  3, 0.00,251, 9.7
2025-03-29 12:01:17,-99.3265,38.1417,  67.0,18711,-61.2,-88.1,-84.1,  2,  3, 0.00,251, 9.5
2025-03-29 12:01:18,-99.3265,38.1418,  66.9,18721,-61.2,-88.1,-84.1,  2,  3, 0.00,251, 9.4
2025-03-29 12:01:20,-99.3263,38.1419,  66.8,18731,-61.3,-88.1,-84.1,  2,  3, 0.00,250, 9.3
2025-03-29 12:01:22,-99.3261,38.1419,  66.7,18741,-61.3,-88.1,-84.1,  2,  3, 0.00,250, 9.1
2025-03-29 12:01:24,-99.3259,38.1420,  66.6,18746,-61.4,-88.1,-84.1,  2,  3, 0.00,249, 9.0
2025-03-29 12:01:25,-99.3258,38.1420,  66.5,18758,-61.5,-88.1,-84.1,  2,  3, 0.00,248, 8.9
2025-03-29 12:01:27,-99.3257,38.1420,  66.4,18768,-61.5,-88.2,-84.2,  2,  3, 0.00,247, 8.8
2025-03-29 12:01:29,-99.3255,38.1422,  66.3,18779,-61.6,-88.2,-84.2,  2,  3, 0.00,246, 8.7
2025-03-29 12:01:31,-99.3253,38.1423,  66.2,18784,-61.6,-88.2,-84.2,  2,  3, 0.00,246, 8.7
2025-03-29 12:01:33,-99.3251,38.1423,  66.1,18795,-61.7,-88.2,-84.2,  2,  3, 0.00,244, 8.6
2025-03-29 12:01:35,-99.3250,38.1423,  66.0,18805,-61.7,-88.2,-84.2,  2,  3, 0.00,243, 8.6
2025-03-29 12:01:37,-99.3249,38.1424,  65.9,18815,-61.7,-88.1,-84.1,  2,  3, 0.00,243, 8.5
2025-03-29 12:01:38,-99.3248,38.1425,  65.8,18824,-61.7,-88.1,-84.1,  2,  3, 0.00,242, 8.6
2025-03-29 12:01:40,-99.3246,38.1425,  65.7,18834,-61.8,-88.2,-84.2,  2,  3, 0.00,241, 8.6
2025-03-29 12:01:42,-99.3245,38.1426,  65.6,18844,-61.9,-88.2,-84.2,  2,  3, 0.00,241, 8.7
2025-03-29 12:01:45,-99.3242,38.1428,  65.5,18849,-61.9,-88.2,-84.2,  2,  3, 0.00,241, 8.7
2025-03-29 12:01:47,-99.3240,38.1428,  65.4,18859,-61.9,-88.2,-84.2,  2,  3, 0.00,241, 8.8
2025-03-29 12:01:48,-99.3239,38.1429,  65.3,18868,-62.0,-88.2,-84.2,  2,  3, 0.00,241, 8.9
2025-03-29 12:01:50,-99.3237,38.1430,  65.2,18881,-62.1,-88.3,-84.3,  2,  3, 0.00,242, 9.1
2025-03-29 12:01:52,-99.3236,38.1431,  65.1,18892,-62.1,-88.3,-84.3,  2,  3, 0.00,242, 9.3
2025-03-29 12:01:54,-99.3234,38.1431,  65.0,18897,-62.1,-88.3,-84.3,  2,  3, 0.00,243, 9.4
2025-03-29 12:01:56,-99.3231,38.1432,  64.9,18908,-62.1,-88.3,-84.3,  2,  3, 0.00,243, 9.6
2025-03-29 12:01:57,-99.3230,38.1432,  64.8,18918,-62.2,-88.3,-84.3,  2,  3, 0.00,244, 9.7
2025-03-29 12:01:59,-99.3228,38.1433,  64.7,18928,-62.2,-88.3,-84.3,  2,  3, 0.00,244, 9.9
2025-03-29 12:02:01,-99.3226,38.1434,  64.6,18938,-62.2,-88.3,-84.3,  2,  3, 0.00,245,10.1
2025-03-29 12:02:03,-99.3224,38.1434,  64.5,18944,-62.2,-88.3,-84.3,  2,  3, 0.00,245,10.2
2025-03-29 12:02:05,-99.3221,38.1435,  64.4,18954,-62.1,-88.2,-84.2,  2,  3, 0.00,245,10.3
2025-03-29 12:02:07,-99.3219,38.1436,  64.3,18964,-62.1,-88.2,-84.2,  2,  3, 0.00,246,10.5
2025-03-29 12:02:09,-99.3217,38.1437,  64.2,18974,-62.2,-88.2,-84.2,  2,  3, 0.00,246,10.6
2025-03-29 12:02:11,-99.3215,38.1437,  64.1,18984,-62.2,-88.3,-84.3,  2,  3, 0.00,246,10.8
2025-03-29 12:02:13,-99.3212,38.1438,  64.0,18994,-62.3,-88.3,-84.3,  2,  3, 0.00,246,11.0
2025-03-29 12:02:15,-99.3209,38.1439,  63.9,19005,-62.4,-88.4,-84.4,  2,  3, 0.00,246,11.1
2025-03-29 12:02:16,-99.3208,38.1440,  63.8,19015,-62.5,-88.4,-84.4,  2,  3, 0.00,246,11.3
2025-03-29 12:02:18,-99.3206,38.1441,  63.7,19025,-62.5,-88.4,-84.4,  2,  3, 0.00,246,11.4
2025-03-29 12:02:20,-99.3204,38.1442,  63.6,19036,-62.5,-88.4,-84.4,  2,  3, 0.00,246,11.6
2025-03-29 12:02:22,-99.3201,38.1442,  63.5,19041,-62.5,-88.4,-84.4,  2,  3, 0.00,246,11.6
2025-03-29 12:02:24,-99.3198,38.1443,  63.4,19052,-62.5,-88.3,-84.3,  2,  3, 0.00,246,11.7
2025-03-29 12:02:26,-99.3196,38.1444,  63.3,19062,-62.5,-88.3,-84.3,  2,  3, 0.00,246,11.9
2025-03-29 12:02:28,-99.3193,38.1445,  63.2,19072,-62.5,-88.4,-84.4,  2,  3, 0.00,246,12.0
2025-03-29 12:02:29,-99.3192,38.1445,  63.1,19083,-62.5,-88.4,-84.4,  2,  3, 0.00,246,12.1
2025-03-29 12:02:31,-99.3189,38.1446,  63.0,19093,-62.5,-88.4,-84.4,  2,  3, 0.00,246,12.2
2025-03-29 12:02:33,-99.3187,38.1447,  62.9,19104,-62.5,-88.4,-84.4,  2,  3, 0.00,246,12.2
2025-03-29 12:02:35,-99.3184,38.1448,  62.8,19109,-62.6,-88.4,-84.4,  2,  3, 0.00,246,12.3
2025-03-29 12:02:37,-99.3182,38.1449,  62.7,19119,-62.6,-88.4,-84.4,  2,  3, 0.00,246,12.3
2025-03-29 12:02:39,-99.3179,38.1450,  62.6,19129,-62.7,-88.5,-84.5,  2,  3, 0.00,246,12.4
2025-03-29 12:02:41,-99.3177,38.1451,  62.5,19139,-62.8,-88.5,-84.5,  2,  3, 0.00,246,12.4
2025-03-29 12:02:43,-99.3174,38.1452,  62.4,19149,-62.8,-88.5,-84.5,  2,  3, 0.00,246,12.5
2025-03-29 12:02:45,-99.3171,38.1453,  62.3,19160,-62.7,-88.4,-84.4,  2,  3, 0.00,247,12.5
2025-03-29 12:02:46,-99.3170,38.1454,  62.2,19171,-62.7,-88.5,-84.5,  2,  3, 0.00,247,12.5
2025-03-29 12:02:48,-99.3167,38.1455,  62.1,19182,-62.8,-88.5,-84.5,  2,  3, 0.00,248,12.5
2025-03-29 12:02:50,-99.3164,38.1455,  62.0,19192,-62.8,-88.5,-84.5,  2,  3, 0.00,248,12.5
2025-03-29 12:02:52,-99.3162,38.1456,  61.9,19198,-62.8,-88.5,-84.5,  2,  3, 0.00,249,12.5
2025-03-29 12:02:54,-99.3159,38.1457,  61.8,19209,-62.8,-88.5,-84.5,  2,  3, 0.00,250,12.4
2025-03-29 12:02:55,-99.3158,38.1457,  61.7,19220,-62.8,-88.5,-84.5,  2,  3, 0.00,250,12.3
2025-03-29 12:02:57,-99.3155,38.1457,  61.6,19230,-62.8,-88.5,-84.5,  2,  3, 0.00,251,12.2
2025-03-29 12:02:59,-99.3152,38.1458,  61.5,19242,-62.9,-88.5,-84.5,  2,  3, 0.00,252,12.1
2025-03-29 12:03:01,-99.3149,38.1459,  61.4,19247,-62.9,-88.5,-84.5,  2,  3, 0.00,253,12.0
2025-03-29 12:03:03,-99.3147,38.1459,  61.3,19258,-63.0,-88.5,-84.6,  2,  3, 0.00,254,11.9
2025-03-29 12:03:05,-99.3144,38.1460,  61.2,19269,-62.9,-88.5,-84.5,  2,  4, 0.00,255,11.7
2025-03-29 12:03:07,-99.3141,38.1460,  61.1,19280,-63.0,-88.5,-84.5,  2,  4, 0.00,256,11.5
2025-03-29 12:03:08,-99.3140,38.1460,  61.0,19289,-63.0,-88.5,-84.6,  2,  4, 0.00,257,11.2
2025-03-29 12:03:10,-99.3138,38.1460,  60.9,19300,-63.1,-88.6,-84.6,  2,  4, 0.00,258,11.0
2025-03-29 12:03:12,-99.3136,38.1461,  60.8,19312,-63.0,-88.6,-84.6,  2,  4, 0.00,259,10.7
2025-03-29 12:03:14,-99.3134,38.1461,  60.7,19318,-63.0,-88.5,-84.5,  2,  4, 0.00,259,10.6
2025-03-29 12:03:16,-99.3132,38.1461,  60.6,19329,-63.0,-88.5,-84.5,  2,  4, 0.00,260,10.3
2025-03-29 12:03:18,-99.3130,38.1461,  60.5,19339,-63.0,-88.5,-84.5,  2,  4, 0.00,262,10.1
2025-03-29 12:03:20,-99.3128,38.1461,  60.4,19349,-63.1,-88.5,-84.6,  2,  4, 0.00,263, 9.9
2025-03-29 12:03:22,-99.3126,38.1461,  60.3,19359,-63.1,-88.6,-84.6,  2,  4, 0.00,264, 9.6
2025-03-29 12:03:24,-99.3123,38.1462,  60.2,19370,-63.1,-88.6,-84.6,  2,  4, 0.00,265, 9.4
2025-03-29 12:03:26,-99.3122,38.1461,  60.1,19380,-63.2,-88.6,-84.6,  2,  4, 0.00,266, 9.3
2025-03-29 12:03:27,-99.3121,38.1461,  60.0,19391,-63.2,-88.5,-84.5,  2,  4, 0.00,267, 9.1
2025-03-29 12:03:29,-99.3119,38.1461,  59.9,19403,-63.2,-88.5,-84.5,  2,  4, 0.00,269, 9.0
2025-03-29 12:03:31,-99.3117,38.1461,  59.8,19415,-63.3,-88.5,-84.6,  2,  4, 0.00,270, 8.8
2025-03-29 12:03:33,-99.3115,38.1461,  59.7,19420,-63.4,-88.6,-84.6,  2,  4, 0.00,270, 8.8
2025-03-29 12:03:35,-99.3114,38.1461,  59.6,19430,-63.5,-88.6,-84.6,  2,  4, 0.00,271, 8.7
2025-03-29 12:03:37,-99.3111,38.1461,  59.5,19441,-63.6,-88.6,-84.6,  2,  4, 0.00,272, 8.6
2025-03-29 12:03:39,-99.3109,38.1461,  59.4,19452,-63.7,-88.6,-84.6,  2,  4, 0.00,273, 8.5
2025-03-29 12:03:41,-99.3107,38.1461,  59.3,19463,-63.8,-88.6,-84.6,  2,  4, 0.00,274, 8.4
2025-03-29 12:03:43,-99.3106,38.1460,  59.2,19472,-63.9,-88.6,-84.7,  2,  4, 0.00,274, 8.3
2025-03-29 12:03:45,-99.3104,38.1460,  59.1,19483,-64.0,-88.7,-84.7,  2,  4, 0.00,275, 8.3
2025-03-29 12:03:47,-99.3102,38.1460,  59.0,19494,-64.1,-88.7,-84.7,  2,  4, 0.00,276, 8.2
2025-03-29 12:03:49,-99.3100,38.1460,  58.9,19505,-64.2,-88.7,-84.7,  2,  4, 0.00,277, 8.2
2025-03-29 12:03:51,-99.3099,38.1459,  58.8,19515,-64.3,-88.8,-84.8,  2,  4, 0.00,278, 8.1
2025-03-29 12:03:53,-99.3098,38.1459,  58.7,19526,-64.4,-88.8,-84.9,  2,  4, 0.00,279, 8.1
2025-03-29 12:03:55,-99.3096,38.1459,  58.6,19537,-64.4,-88.9,-84.9,  2,  4, 0.00,280, 8.1
2025-03-29 12:03:57,-99.3093,38.1459,  58.5,19547,-64.4,-88.9,-84.9,  2,  4, 0.00,281, 8.1
2025-03-29 12:03:59,-99.3092,38.1458,  58.4,19557,-64.4,-88.9,-84.9,  2,  4, 0.00,282, 8.2
2025-03-29 12:04:01,-99.3090,38.1458,  58.3,19567,-64.4,-88.9,-84.9,  2,  4, 0.00,284, 8.2
2025-03-29 12:04:03,-99.3088,38.1457,  58.2,19577,-64.4,-88.9,-84.9,  2,  4, 0.00,285, 8.3
2025-03-29 12:04:05,-99.3086,38.1457,  58.1,19587,-64.4,-88.9,-84.9,  2,  4, 0.00,286, 8.4
2025-03-29 12:04:07,-99.3084,38.1456,  58.0,19598,-64.4,-88.9,-84.9,  2,  4, 0.00,287, 8.5
2025-03-29 12:04:10,-99.3081,38.1455,  57.9,19609,-64.4,-88.9,-85.0,  2,  4, 0.00,289, 8.6
2025-03-29 12:04:12,-99.3079,38.1454,  57.8,19619,-64.4,-89.0,-85.0,  2,  4, 0.00,290, 8.7
2025-03-29 12:04:14,-99.3078,38.1454,  57.7,19628,-64.4,-89.0,-85.0,  2,  4, 0.00,291, 8.8
2025-03-29 12:04:16,-99.3076,38.1454,  57.6,19643,-64.4,-89.0,-85.1,  2,  4, 0.00,293, 9.0
2025-03-29 12:04:18,-99.3075,38.1452,  57.5,19652,-64.5,-89.1,-85.1,  2,  4, 0.00,294, 9.1
2025-03-29 12:04:21,-99.3071,38.1451,  57.4,19661,-64.5,-89.1,-85.2,  2,  4, 0.00,295, 9.2
2025-03-29 12:04:23,-99.3069,38.1450,  57.3,19671,-64.6,-89.2,-85.2,  2,  4, 0.00,296, 9.3
2025-03-29 12:04:25,-99.3067,38.1449,  57.2,19681,-64.6,-89.2,-85.3,  2,  4, 0.00,297, 9.4
2025-03-29 12:04:27,-99.3065,38.1448,  57.1,19697,-64.7,-89.3,-85.3,  2,  4, 0.00,299, 9.5
2025-03-29 12:04:29,-99.3062,38.1448,  57.0,19707,-64.7,-89.4,-85.4,  2,  4, 0.00,300, 9.6
2025-03-29 12:04:31,-99.3061,38.1447,  56.9,19718,-64.7,-89.4,-85.5,  2,  4, 0.00,300, 9.6
2025-03-29 12:04:33,-99.3059,38.1446,  56.8,19729,-64.7,-89.4,-85.5,  2,  4, 0.00,301, 9.6
2025-03-29 12:04:35,-99.3058,38.1444,  56.7,19740,-64.5,-89.4,-85.4,  2,  4, 0.00,302, 9.6
2025-03-29 12:04:37,-99.3056,38.1443,  56.6,19750,-64.4,-89.3,-85.4,  2,  4, 0.00,303, 9.5
2025-03-29 12:04:39,-99.3054,38.1443,  56.5,19760,-64.3,-89.3,-85.4,  2,  4, 0.00,304, 9.5
2025-03-29 12:04:41,-99.3053,38.1442,  56.4,19771,-64.1,-89.3,-85.3,  2,  4, 0.00,305, 9.4
2025-03-29 12:04:44,-99.3050,38.1439,  56.3,19781,-64.0,-89.2,-85.3,  2,  4, 0.00,306, 9.2
2025-03-29 12:04:46,-99.3048,38.1439,  56.2,19791,-64.0,-89.3,-85.3,  2,  4, 0.00,307, 9.1
2025-03-29 12:04:48,-99.3047,38.1438,  56.1,19800,-64.0,-89.3,-85.4,  2,  4, 0.00,307, 8.9
2025-03-29 12:04:50,-99.3046,38.1437,  56.0,19815,-64.0,-89.4,-85.4,  2,  3, 0.00,309, 8.6
2025-03-29 12:04:52,-99.3044,38.1436,  55.9,19825,-64.0,-89.4,-85.4,  2,  3, 0.00,310, 8.3
2025-03-29 12:04:54,-99.3043,38.1436,  55.8,19836,-64.0,-89.4,-85.4,  2,  3, 0.00,311, 8.1
2025-03-29 12:04:56,-99.3042,38.1435,  55.7,19847,-64.0,-89.4,-85.4,  2,  3, 0.00,312, 7.9
2025-03-29 12:04:59,-99.3040,38.1434,  55.6,19857,-64.0,-89.4,-85.5,  2,  3, 0.00,314, 7.6
2025-03-29 12:05:00,-99.3040,38.1433,  55.5,19866,-64.1,-89.5,-85.5,  2,  3, 0.00,315, 7.4
2025-03-29 12:05:03,-99.3039,38.1431,  55.4,19876,-64.1,-89.5,-85.5,  2,  3, 0.00,317, 7.1
2025-03-29 12:05:05,-99.3038,38.1431,  55.3,19893,-63.7,-89.2,-85.3,  2,  3, 0.00,320, 6.8
2025-03-29 12:05:07,-99.3037,38.1429,  55.2,19898,-63.7,-89.2,-85.2,  2,  3, 0.00,321, 6.7
2025-03-29 12:05:09,-99.3037,38.1428,  55.1,19914,-63.6,-89.2,-85.2,  2,  3, 0.00,324, 6.4
2025-03-29 12:05:12,-99.3036,38.1427,  55.0,19925,-63.6,-89.2,-85.3,  2,  3, 0.00,325, 6.2
2025-03-29 12:05:14,-99.3035,38.1426,  54.9,19935,-63.7,-89.3,-85.3,  2,  3, 0.00,327, 6.0
2025-03-29 12:05:16,-99.3035,38.1425,  54.8,19945,-63.6,-89.3,-85.3,  2,  3, 0.00,328, 5.9
2025-03-29 12:05:18,-99.3035,38.1425,  54.7,19958,-63.3,-89.0,-85.1,  2,  3, 0.00,330, 5.6
2025-03-29 12:05:20,-99.3034,38.1424,  54.6,19968,-63.3,-89.1,-85.1,  2,  3, 0.00,330, 5.4
2025-03-29 12:05:23,-99.3033,38.1422,  54.5,19979,-63.3,-89.1,-85.1,  2,  3, 0.00,330, 5.2
2025-03-29 12:05:25,-99.3033,38.1422,  54.4,19990,-63.2,-89.0,-85.1,  2,  3, 0.00,329, 5.0
2025-03-29 12:05:27,-99.3032,38.1421,  54.3,20000,-63.2,-89.0,-85.0,  2,  3, 0.00,328, 4.8
2025-03-29 12:05:29,-99.3032,38.1421,  54.2,20015,-63.3,-89.0,-85.1,  2,  3, 0.00,325, 4.6
2025-03-29 12:05:31,-99.3031,38.1420,  54.1,20026,-63.3,-89.1,-85.1,  2,  3, 0.00,323, 4.4
2025-03-29 12:05:34,-99.3030,38.1419,  54.0,20036,-63.4,-89.1,-85.2,  2,  3, 0.00,320, 4.2
2025-03-29 12:05:36,-99.3029,38.1419,  53.9,20047,-63.4,-89.2,-85.2,  2,  3, 0.00,317, 4.0
2025-03-29 12:05:38,-99.3028,38.1419,  53.8,20057,-63.3,-89.1,-85.2,  2,  3, 0.00,314, 3.8
2025-03-29 12:05:40,-99.3027,38.1419,  53.7,20072,-63.2,-89.0,-85.0,  2,  3, 0.00,309, 3.5
2025-03-29 12:05:43,-99.3027,38.1418,  53.6,20081,-63.1,-89.0,-85.0,  2,  3, 0.00,306, 3.3
2025-03-29 12:05:45,-99.3026,38.1418,  53.5,20092,-62.9,-88.8,-84.9,  2,  3, 0.00,303, 3.1
2025-03-29 12:05:47,-99.3025,38.1418,  53.4,20102,-62.6,-88.6,-84.6,  2,  3, 0.00,299, 2.9
2025-03-29 12:05:49,-99.3025,38.1418,  53.3,20118,-62.6,-88.6,-84.6,  2,  3, 0.00,293, 2.7
2025-03-29 12:05:52,-99.3025,38.1418,  53.2,20129,-62.7,-88.7,-84.7,  2,  3, 0.00,289, 2.5
2025-03-29 12:05:54,-99.3025,38.1418,  53.1,20139,-62.8,-88.7,-84.7,  2,  3, 0.00,285, 2.3
2025-03-29 12:05:56,-99.3025,38.1418,  53.0,20150,-62.9,-88.7,-84.7,  2,  3, 0.00,281, 2.2
2025-03-29 12:05:58,-99.3024,38.1418,  52.9,20164,-63.0,-88.8,-84.8,  2,  3, 0.00,274, 2.0
2025-03-29 12:06:00,-99.3023,38.1418,  52.8,20174,-63.0,-88.8,-84.8,  2,  3, 0.00,269, 2.0
2025-03-29 12:06:03,-99.3023,38.1419,  52.7,20186,-63.0,-88.8,-84.8,  2,  3, 0.00,266, 1.9
2025-03-29 12:06:05,-99.3023,38.1419,  52.6,20197,-63.1,-88.8,-84.8,  2,  3, 0.00,263, 2.0
2025-03-29 12:06:08,-99.3021,38.1419,  52.5,20207,-63.1,-88.8,-84.9,  2,  3, 0.00,260, 2.0
2025-03-29 12:06:10,-99.3021,38.1419,  52.4,20222,-63.0,-88.8,-84.8,  2,  3, 0.00,258, 2.1
2025-03-29 12:06:12,-99.3021,38.1419,  52.3,20232,-63.0,-88.8,-84.8,  2,  3, 0.00,258, 2.1
2025-03-29 12:06:15,-99.3020,38.1419,  52.2,20246,-63.0,-88.8,-84.9,  2,  3, 0.00,259, 2.2
2025-03-29 12:06:17,-99.3019,38.1419,  52.1,20255,-62.9,-88.8,-84.9,  2,  3, 0.00,260, 2.3
2025-03-29 12:06:19,-99.3019,38.1419,  52.0,20266,-62.8,-88.8,-84.8,  2,  3, 0.00,262, 2.3
2025-03-29 12:06:22,-99.3017,38.1420,  51.9,20282,-62.8,-88.9,-85.0,  2,  3, 0.00,265, 2.3
2025-03-29 12:06:24,-99.3016,38.1419,  51.8,20293,-62.9,-89.0,-85.1,  2,  3, 0.00,268, 2.3
2025-03-29 12:06:26,-99.3016,38.1419,  51.7,20302,-62.9,-89.1,-85.2,  2,  3, 0.00,271, 2.3
2025-03-29 12:06:28,-99.3016,38.1419,  51.6,20318,-62.6,-89.0,-85.0,  2,  3, 0.00,276, 2.1
2025-03-29 12:06:31,-99.3015,38.1419,  51.5,20329,-62.4,-88.9,-84.9,  2,  3, 0.00,281, 2.0
2025-03-29 12:06:33,-99.3015,38.1419,  51.4,20340,-62.2,-88.8,-84.8,  2,  3, 0.00,286, 1.9
2025-03-29 12:06:35,-99.3015,38.1418,  51.3,20349,-62.1,-88.7,-84.7,  2,  3, 0.00,293, 1.8
2025-03-29 12:06:37,-99.3015,38.1418,  51.2,20366,-62.2,-88.8,-84.8,  2,  3, 0.00,306, 1.6
2025-03-29 12:06:40,-99.3014,38.1418,  51.1,20377,-62.2,-88.8,-84.8,  2,  3, 0.00,316, 1.5
2025-03-29 12:06:42,-99.3015,38.1418,  51.0,20387,-62.3,-88.8,-84.8,  2,  3, 0.00,328, 1.5
2025-03-29 12:06:44,-99.3015,38.1417,  50.9,20397,-62.3,-88.8,-84.8,  2,  3, 0.00,339, 1.5
2025-03-29 12:06:47,-99.3015,38.1417,  50.8,20414,-62.4,-88.7,-84.8,  2,  3, 0.00,356, 1.7
2025-03-29 12:06:49,-99.3015,38.1416,  50.7,20424,-62.5,-88.7,-84.7,  2,  3, 0.00,  4, 1.8
2025-03-29 12:06:51,-99.3016,38.1415,  50.6,20435,-62.6,-88.7,-84.7,  2,  3, 0.00, 12, 2.0
2025-03-29 12:06:53,-99.3016,38.1415,  50.5,20450,-62.7,-88.7,-84.7,  2,  3, 0.00, 20, 2.2
2025-03-29 12:06:56,-99.3016,38.1415,  50.4,20461,-62.8,-88.7,-84.7,  2,  3, 0.00, 25, 2.3
2025-03-29 12:06:59,-99.3017,38.1414,  50.3,20472,-62.8,-88.7,-84.7,  2,  3, 0.00, 29, 2.4
2025-03-29 12:07:00,-99.3018,38.1414,  50.2,20483,-62.9,-88.6,-84.7,  2,  3, 0.00, 33, 2.5
2025-03-29 12:07:03,-99.3018,38.1413,  50.1,20499,-63.0,-88.6,-84.6,  2,  3, 0.00, 38, 2.6
2025-03-29 12:07:05,-99.3019,38.1412,  50.0,20513,-63.2,-88.6,-84.7,  2,  4, 0.00, 41, 2.7
2025-03-29 12:07:08,-99.3020,38.1412,  49.9,20519,-63.2,-88.7,-84.7,  2,  4, 0.00, 44, 2.7
2025-03-29 12:07:10,-99.3020,38.1412,  49.8,20535,-63.3,-88.7,-84.7,  2,  4, 0.00, 50, 2.8
2025-03-29 12:07:13,-99.3021,38.1412,  49.7,20545,-63.4,-88.7,-84.7,  2,  4, 0.00, 53, 2.8
2025-03-29 12:07:15,-99.3021,38.1412,  49.6,20560,-63.5,-88.7,-84.8,  2,  4, 0.00, 59, 2.8
2025-03-29 12:07:17,-99.3022,38.1412,  49.5,20570,-63.5,-88.7,-84.8,  2,  4, 0.00, 62, 2.9
2025-03-29 12:07:20,-99.3024,38.1412,  49.4,20586,-63.6,-88.8,-84.8,  2,  4, 0.00, 68, 3.0
2025-03-29 12:07:22,-99.3024,38.1411,  49.3,20597,-63.7,-88.8,-84.8,  2,  4, 0.00, 71, 3.1
2025-03-29 12:07:25,-99.3025,38.1411,  49.2,20607,-63.7,-88.9,-84.9,  2,  4, 0.00, 74, 3.2
2025-03-29 12:07:27,-99.3026,38.1411,  49.1,20622,-63.8,-88.9,-85.0,  2,  4, 0.00, 78, 3.3
2025-03-29 12:07:29,-99.3027,38.1411,  49.0,20632,-63.9,-89.0,-85.0,  2,  4, 0.00, 80, 3.4
2025-03-29 12:07:32,-99.3028,38.1411,  48.9,20648,-63.9,-89.1,-85.1,  2,  4, 0.00, 84, 3.5
2025-03-29 12:07:34,-99.3030,38.1411,  48.8,20659,-63.9,-89.1,-85.2,  2,  4, 0.00, 86, 3.5
2025-03-29 12:07:37,-99.3032,38.1411,  48.7,20669,-63.9,-89.2,-85.2,  2,  4, 0.00, 88, 3.5
2025-03-29 12:07:40,-99.3032,38.1411,  48.6,20683,-63.9,-89.2,-85.3,  2,  4, 0.00, 91, 3.4
2025-03-29 12:07:42,-99.3033,38.1412,  48.5,20693,-63.5,-89.0,-85.0,  2,  3, 0.00, 94, 3.3
2025-03-29 12:07:45,-99.3034,38.1412,  48.4,20709,-63.2,-88.9,-84.9,  2,  3, 0.00, 98, 3.1
2025-03-29 12:07:48,-99.3034,38.1412,  48.3,20723,-63.2,-88.9,-85.0,  2,  3, 0.00,102, 2.9
2025-03-29 12:07:50,-99.3035,38.1412,  48.2,20733,-63.1,-89.0,-85.0,  2,  3, 0.00,105, 2.7
2025-03-29 12:07:52,-99.3036,38.1412,  48.1,20748,-63.0,-88.9,-84.9,  2,  3, 0.00,111, 2.4
2025-03-29 12:07:55,-99.3036,38.1413,  48.0,20762,-62.9,-88.9,-84.9,  2,  3, 0.00,118, 2.2
2025-03-29 12:07:57,-99.3036,38.1413,  47.9,20772,-62.8,-88.9,-84.9,  2,  3, 0.00,123, 2.0
2025-03-29 12:08:00,-99.3036,38.1413,  47.8,20783,-62.8,-88.8,-84.8,  2,  3, 0.00,130, 1.9
2025-03-29 12:08:02,-99.3036,38.1414,  47.7,20799,-62.7,-88.8,-84.8,  2,  3, 0.00,140, 1.7
2025-03-29 12:08:05,-99.3036,38.1414,  47.6,20809,-62.8,-88.8,-84.8,  2,  3, 0.00,147, 1.6
2025-03-29 12:08:07,-99.3036,38.1414,  47.5,20826,-62.9,-88.8,-84.9,  2,  3, 0.00,158, 1.6
2025-03-29 12:08:10,-99.3036,38.1415,  47.4,20836,-62.9,-88.8,-84.9,  2,  3, 0.00,164, 1.6
2025-03-29 12:08:12,-99.3036,38.1415,  47.3,20851,-63.0,-88.9,-84.9,  2,  3, 0.00,172, 1.6
2025-03-29 12:08:15,-99.3036,38.1416,  47.2,20861,-63.0,-88.9,-84.9,  2,  3, 0.00,175, 1.6
2025-03-29 12:08:17,-99.3036,38.1416,  47.1,20877,-63.1,-88.9,-85.0,  2,  3, 0.00,178, 1.5
2025-03-29 12:08:20,-99.3035,38.1416,  47.0,20888,-63.1,-89.0,-85.0,  2,  3, 0.00,178, 1.5
2025-03-29 12:08:22,-99.3035,38.1416,  46.9,20904,-62.9,-88.9,-84.9,  2,  3, 0.00,174, 1.4
2025-03-29 12:08:25,-99.3036,38.1417,  46.8,20914,-62.9,-88.9,-84.9,  2,  3, 0.00,169, 1.4
2025-03-29 12:08:28,-99.3037,38.1417,  46.7,20930,-62.9,-89.0,-85.0,  2,  3, 0.00,157, 1.4
2025-03-29 12:08:30,-99.3037,38.1417,  46.6,20941,-62.9,-89.0,-85.1,  2,  3, 0.00,148, 1.4
2025-03-29 12:08:33,-99.3037,38.1417,  46.5,20956,-62.8,-89.1,-85.1,  2,  3, 0.00,134, 1.6
2025-03-29 12:08:36,-99.3038,38.1418,  46.4,20970,-62.7,-89.1,-85.1,  2,  3, 0.00,123, 1.9
2025-03-29 12:08:38,-99.3039,38.1418,  46.3,20980,-62.6,-89.1,-85.1,  2,  3, 0.00,118, 2.2
2025-03-29 12:08:41,-99.3040,38.1418,  46.2,20994,-62.5,-89.1,-85.1,  2,  3, 0.00,114, 2.6
2025-03-29 12:08:43,-99.3042,38.1418,  46.1,21011,-62.4,-89.0,-85.1,  2,  3, 0.00,111, 3.0
2025-03-29 12:08:46,-99.3043,38.1419,  46.0,21021,-62.2,-88.9,-84.9,  2,  3, 0.00,111, 3.3
2025-03-29 12:08:48,-99.3044,38.1419,  45.9,21037,-62.1,-88.9,-84.9,  2,  3, 0.00,111, 3.6
2025-03-29 12:08:50,-99.3045,38.1420,  45.8,21047,-62.1,-88.9,-84.9,  2,  3, 0.00,112, 3.8
2025-03-29 12:08:53,-99.3046,38.1420,  45.7,21064,-62.2,-88.9,-84.9,  2,  3, 0.00,113, 4.1
2025-03-29 12:08:56,-99.3048,38.1421,  45.6,21076,-62.2,-88.9,-84.9,  2,  3, 0.00,114, 4.3
2025-03-29 12:08:58,-99.3049,38.1422,  45.5,21086,-62.3,-88.9,-84.9,  2,  3, 0.00,116, 4.4
2025-03-29 12:09:01,-99.3050,38.1422,  45.4,21102,-62.4,-88.9,-84.9,  2,  3, 0.00,119, 4.5
2025-03-29 12:09:04,-99.3052,38.1423,  45.3,21117,-62.5,-88.9,-85.0,  2,  3, 0.00,121, 4.7
2025-03-29 12:09:07,-99.3053,38.1423,  45.2,21130,-62.5,-88.9,-85.0,  2,  3, 0.00,123, 4.8
2025-03-29 12:09:09,-99.3054,38.1424,  45.1,21141,-62.6,-89.0,-85.0,  2,  3, 0.00,125, 4.9
2025-03-29 12:09:12,-99.3055,38.1425,  45.0,21157,-62.6,-88.9,-84.9,  2,  3, 0.00,128, 5.1
2025-03-29 12:09:15,-99.3056,38.1426,  44.9,21172,-62.5,-88.8,-84.8,  2,  3, 0.00,130, 5.3
2025-03-29 12:09:18,-99.3059,38.1427,  44.8,21182,-62.5,-88.9,-84.9,  2,  3, 0.00,131, 5.4
2025-03-29 12:09:21,-99.3060,38.1429,  44.7,21197,-62.7,-89.0,-85.0,  2,  3, 0.00,132, 5.6
2025-03-29 12:09:23,-99.3061,38.1429,  44.6,21210,-62.6,-88.9,-84.9,  2,  3, 0.00,133, 5.8
2025-03-29 12:09:26,-99.3062,38.1431,  44.5,21227,-62.6,-89.0,-85.0,  2,  3, 0.00,134, 5.9
2025-03-29 12:09:29,-99.3064,38.1433,  44.4,21242,-62.6,-89.1,-85.1,  2,  3, 0.00,134, 5.9
2025-03-29 12:09:31,-99.3065,38.1433,  44.3,21252,-62.6,-89.2,-85.2,  2,  3, 0.00,134, 5.9
2025-03-29 12:09:34,-99.3065,38.1434,  44.2,21268,-62.7,-89.3,-85.3,  2,  3, 0.00,133, 5.8
2025-03-29 12:09:36,-99.3066,38.1435,  44.1,21282,-62.5,-89.2,-85.2,  2,  3, 0.00,131, 5.6
2025-03-29 12:09:39,-99.3069,38.1435,  44.0,21293,-62.2,-89.0,-85.0,  2,  3, 0.00,129, 5.5
2025-03-29 12:09:42,-99.3069,38.1436,  43.9,21310,-62.2,-89.0,-85.1,  2,  3, 0.00,126, 5.3
2025-03-29 12:09:44,-99.3070,38.1435,  43.8,21321,-62.3,-89.1,-85.1,  2,  3, 0.00,122, 5.2
2025-03-29 12:09:47,-99.3073,38.1436,  43.7,21336,-62.4,-89.1,-85.2,  2,  3, 0.00,117, 5.1
2025-03-29 12:09:50,-99.3075,38.1437,  43.6,21352,-62.5,-89.2,-85.2,  2,  3, 0.00,111, 5.1
2025-03-29 12:09:52,-99.3075,38.1436,  43.5,21363,-62.5,-89.2,-85.2,  2,  3, 0.00,107, 5.1
2025-03-29 12:09:55,-99.3078,38.1436,  43.4,21379,-62.4,-89.1,-85.2,  2,  3, 0.00,101, 5.2
2025-03-29 12:09:58,-99.3080,38.1436,  43.3,21397,-62.5,-89.1,-85.1,  2,  3, 0.00, 96, 5.4
2025-03-29 12:10:01,-99.3082,38.1435,  43.2,21408,-62.5,-89.1,-85.1,  2,  3, 0.00, 93, 5.5
2025-03-29 12:10:04,-99.3084,38.1435,  43.1,21423,-62.5,-89.1,-85.1,  2,  3, 0.00, 90, 5.7
2025-03-29 12:10:07,-99.3086,38.1434,  43.0,21437,-62.6,-89.1,-85.1,  2,  3, 0.00, 87, 5.9
2025-03-29 12:10:09,-99.3088,38.1434,  42.9,21451,-62.6,-89.1,-85.1,  2,  3, 0.00, 86, 6.0
2025-03-29 12:10:12,-99.3090,38.1434,  42.8,21467,-62.6,-89.1,-85.2,  2,  3, 0.00, 86, 6.1
2025-03-29 12:10:15,-99.3091,38.1434,  42.7,21482,-62.8,-89.2,-85.2,  2,  3, 0.00, 86, 6.2
2025-03-29 12:10:18,-99.3094,38.1434,  42.6,21492,-62.8,-89.2,-85.2,  2,  3, 0.00, 87, 6.2
2025-03-29 12:10:20,-99.3095,38.1434,  42.5,21508,-62.9,-89.3,-85.3,  2,  3, 0.00, 88, 6.2
2025-03-29 12:10:23,-99.3098,38.1435,  42.4,21524,-62.8,-89.2,-85.2,  2,  3, 0.00, 91, 6.3
2025-03-29 12:10:26,-99.3100,38.1435,  42.3,21539,-62.8,-89.1,-85.2,  2,  3, 0.00, 93, 6.3
2025-03-29 12:10:28,-99.3102,38.1435,  42.2,21550,-62.8,-89.1,-85.1,  2,  3, 0.00, 95, 6.4
2025-03-29 12:10:31,-99.3103,38.1435,  42.1,21567,-62.8,-89.1,-85.2,  2,  3, 0.00, 98, 6.4
2025-03-29 12:10:34,-99.3106,38.1436,  42.0,21584,-62.8,-89.2,-85.2,  2,  3, 0.00,102, 6.5
2025-03-29 12:10:37,-99.3108,38.1437,  41.9,21594,-62.8,-89.2,-85.2,  2,  3, 0.00,104, 6.5
2025-03-29 12:10:39,-99.3110,38.1437,  41.8,21612,-62.8,-89.2,-85.2,  2,  3, 0.00,107, 6.6
2025-03-29 12:10:42,-99.3111,38.1439,  41.7,21627,-62.9,-89.2,-85.2,  2,  3, 0.00,111, 6.7
2025-03-29 12:10:45,-99.3114,38.1439,  41.6,21641,-62.9,-89.2,-85.2,  2,  3, 0.00,114, 6.8
2025-03-29 12:10:48,-99.3116,38.1441,  41.5,21653,-63.0,-89.2,-85.3,  2,  3, 0.00,116, 6.9
2025-03-29 12:10:50,-99.3116,38.1442,  41.4,21669,-63.0,-89.2,-85.3,  2,  3, 0.00,120, 7.0
2025-03-29 12:10:53,-99.3119,38.1443,  41.3,21686,-63.0,-89.2,-85.3,  2,  3, 0.00,123, 7.1
2025-03-29 12:10:56,-99.3121,38.1444,  41.2,21702,-63.0,-89.2,-85.2,  2,  3, 0.00,125, 7.2
2025-03-29 12:10:59,-99.3123,38.1445,  41.1,21713,-63.1,-89.2,-85.3,  2,  3, 0.00,127, 7.3
2025-03-29 12:11:02,-99.3124,38.1447,  41.0,21728,-63.2,-89.3,-85.4,  2,  3, 0.00,129, 7.3
2025-03-29 12:11:05,-99.3127,38.1449,  40.9,21744,-63.3,-89.4,-85.5,  2,  3, 0.00,131, 7.4
2025-03-29 12:11:08,-99.3128,38.1450,  40.8,21759,-63.3,-89.5,-85.5,  2,  3, 0.00,133, 7.3
2025-03-29 12:11:11,-99.3129,38.1452,  40.7,21775,-63.3,-89.5,-85.6,  2,  3, 0.00,135, 7.3
2025-03-29 12:11:14,-99.3132,38.1453,  40.6,21790,-63.3,-89.6,-85.7,  2,  3, 0.00,136, 7.2
2025-03-29 12:11:17,-99.3132,38.1454,  40.5,21806,-63.2,-89.6,-85.6,  2,  3, 0.00,138, 7.0
2025-03-29 12:11:19,-99.3134,38.1455,  40.4,21822,-63.0,-89.5,-85.5,  2,  3, 0.00,138, 6.8
2025-03-29 12:11:22,-99.3135,38.1456,  40.3,21837,-63.0,-89.5,-85.5,  2,  3, 0.00,139, 6.6
2025-03-29 12:11:25,-99.3136,38.1457,  40.2,21853,-62.9,-89.5,-85.5,  2,  3, 0.00,139, 6.3
2025-03-29 12:11:28,-99.3138,38.1459,  40.1,21864,-62.9,-89.5,-85.6,  2,  3, 0.00,139, 6.1
2025-03-29 12:11:31,-99.3138,38.1459,  40.0,21879,-62.9,-89.6,-85.7,  2,  3, 0.00,138, 5.8
2025-03-29 12:11:34,-99.3140,38.1460,  39.9,21896,-62.9,-89.7,-85.8,  2,  3, 0.00,137, 5.5
2025-03-29 12:11:37,-99.3141,38.1461,  39.8,21910,-62.9,-89.8,-85.8,  2,  3, 0.00,135, 5.1
2025-03-29 12:11:41,-99.3142,38.1462,  39.7,21925,-62.9,-89.9,-85.9,  2,  3, 0.00,133, 4.8
2025-03-29 12:11:44,-99.3143,38.1462,  39.6,21941,-62.5,-89.7,-85.8,  1,  3, 0.00,131, 4.5
2025-03-29 12:11:47,-99.3145,38.1463,  39.5,21957,-62.1,-89.6,-85.6,  1,  3, 0.00,128, 4.3
2025-03-29 12:11:50,-99.3145,38.1463,  39.4,21975,-62.0,-89.7,-85.7,  1,  2, 0.00,124, 4.0
2025-03-29 12:11:53,-99.3147,38.1463,  39.3,21989,-61.9,-89.7,-85.7,  1,  2, 0.00,120, 3.9
2025-03-29 12:11:56,-99.3148,38.1463,  39.2,22006,-61.7,-89.6,-85.7,  1,  2, 0.00,117, 3.8
2025-03-29 12:11:59,-99.3149,38.1464,  39.1,22022,-61.4,-89.5,-85.5,  1,  2, 0.00,114, 3.8
2025-03-29 12:12:02,-99.3150,38.1464,  39.0,22038,-61.1,-89.3,-85.3,  1,  2, 0.00,111, 3.9
2025-03-29 12:12:05,-99.3152,38.1464,  38.9,22052,-60.9,-89.2,-85.2,  1,  2, 0.00,109, 4.0
2025-03-29 12:12:08,-99.3154,38.1465,  38.8,22067,-60.8,-89.1,-85.1,  1,  2, 0.00,107, 4.2
2025-03-29 12:12:12,-99.3156,38.1465,  38.7,22084,-60.8,-89.1,-85.1,  1,  2, 0.00,106, 4.4
2025-03-29 12:12:15,-99.3158,38.1465,  38.6,22100,-60.8,-89.0,-85.1,  1,  2, 0.00,105, 4.6
2025-03-29 12:12:18,-99.3160,38.1466,  38.5,22115,-60.8,-89.0,-85.0,  1,  2, 0.00,104, 4.7
2025-03-29 12:12:21,-99.3162,38.1465,  38.4,22134,-60.9,-89.0,-85.0,  1,  2, 0.00,103, 4.9
2025-03-29 12:12:24,-99.3164,38.1466,  38.3,22149,-61.0,-89.0,-85.0,  1,  2, 0.00,102, 5.0
2025-03-29 12:12:27,-99.3164,38.1467,  38.2,22165,-61.1,-89.0,-85.1,  1,  2, 0.00,102, 5.1
2025-03-29 12:12:31,-99.3168,38.1467,  38.1,22181,-61.1,-89.0,-85.0,  1,  3, 0.00,102, 5.1
2025-03-29 12:12:33,-99.3168,38.1467,  38.0,22198,-61.1,-89.0,-85.0,  1,  3, 0.00,102, 5.1
2025-03-29 12:12:37,-99.3171,38.1467,  37.9,22215,-61.2,-89.0,-85.0,  1,  3, 0.00,103, 5.1
2025-03-29 12:12:40,-99.3172,38.1468,  37.8,22234,-61.2,-88.9,-84.9,  1,  3, 0.00,104, 5.1
2025-03-29 12:12:43,-99.3174,38.1468,  37.7,22246,-61.1,-88.8,-84.9,  1,  3, 0.00,104, 5.1
2025-03-29 12:12:46,-99.3176,38.1469,  37.6,22266,-61.0,-88.7,-84.7,  1,  3, 0.00,105, 5.2
2025-03-29 12:12:49,-99.3177,38.1469,  37.5,22281,-61.1,-88.6,-84.7,  2,  3, 0.00,106, 5.2
2025-03-29 12:12:52,-99.3179,38.1470,  37.4,22297,-61.2,-88.7,-84.7,  2,  3, 0.00,107, 5.2
2025-03-29 12:12:55,-99.3181,38.1470,  37.3,22314,-61.4,-88.7,-84.7,  2,  3, 0.00,107, 5.3
2025-03-29 12:12:58,-99.3182,38.1471,  37.2,22332,-61.5,-88.8,-84.8,  2,  3, 0.00,107, 5.4
2025-03-29 12:13:01,-99.3184,38.1471,  37.1,22348,-61.7,-88.8,-84.9,  2,  3, 0.00,106, 5.5
2025-03-29 12:13:04,-99.3187,38.1471,  37.0,22363,-61.8,-88.9,-84.9,  2,  3, 0.00,106, 5.6
2025-03-29 12:13:07,-99.3189,38.1471,  36.9,22381,-61.8,-88.9,-84.9,  2,  3, 0.00,105, 5.7
2025-03-29 12:13:10,-99.3191,38.1472,  36.8,22396,-61.6,-88.8,-84.9,  2,  3, 0.00,104, 5.9
2025-03-29 12:13:13,-99.3193,38.1472,  36.7,22414,-61.6,-88.9,-84.9,  2,  3, 0.00,103, 6.1
2025-03-29 12:13:16,-99.3195,38.1472,  36.6,22431,-61.6,-88.9,-84.9,  2,  3, 0.00,101, 6.3
2025-03-29 12:13:19,-99.3198,38.1473,  36.5,22449,-61.6,-88.9,-84.9,  2,  3, 0.00,100, 6.4
2025-03-29 12:13:23,-99.3201,38.1473,  36.4,22465,-61.6,-88.9,-84.9,  2,  3, 0.00, 99, 6.6
2025-03-29 12:13:26,-99.3204,38.1473,  36.3,22480,-61.7,-88.9,-84.9,  2,  3, 0.00, 98, 6.7
2025-03-29 12:13:29,-99.3206,38.1474,  36.2,22496,-61.7,-88.9,-84.9,  2,  3, 0.00, 98, 6.8
2025-03-29 12:13:31,-99.3207,38.1473,  36.1,22518,-61.8,-88.9,-84.9,  2,  3, 0.00, 97, 6.8
2025-03-29 12:13:35,-99.3210,38.1474,  36.0,22535,-61.9,-88.9,-84.9,  2,  3, 0.00, 96, 6.8
2025-03-29 12:13:38,-99.3213,38.1474,  35.9,22554,-61.9,-88.9,-84.9,  2,  3, 0.00, 95, 6.7
2025-03-29 12:13:42,-99.3215,38.1474,  35.8,22566,-62.0,-88.9,-84.9,  2,  3, 0.00, 95, 6.7
2025-03-29 12:13:44,-99.3217,38.1474,  35.7,22584,-62.2,-89.0,-85.0,  2,  3, 0.00, 94, 6.6
2025-03-29 12:13:48,-99.3220,38.1474,  35.6,22600,-62.3,-89.1,-85.1,  2,  3, 0.00, 93, 6.5
2025-03-29 12:13:51,-99.3222,38.1474,  35.5,22623,-62.5,-89.2,-85.3,  2,  3, 0.00, 92, 6.5
2025-03-29 12:13:54,-99.3224,38.1474,  35.4,22635,-62.5,-89.3,-85.3,  2,  3, 0.00, 91, 6.5
2025-03-29 12:13:57,-99.3226,38.1473,  35.3,22657,-62.6,-89.4,-85.5,  2,  3, 0.00, 90, 6.6
2025-03-29 12:14:00,-99.3229,38.1473,  35.2,22674,-62.6,-89.5,-85.6,  2,  3, 0.00, 90, 6.7
2025-03-29 12:14:04,-99.3233,38.1473,  35.1,22691,-62.5,-89.6,-85.7,  2,  3, 0.00, 90, 6.8
2025-03-29 12:14:07,-99.3235,38.1474,  35.0,22706,-62.3,-89.7,-85.7,  1,  3, 0.00, 91, 6.9
2025-03-29 12:14:10,-99.3238,38.1474,  34.9,22722,-62.0,-89.6,-85.6,  1,  3, 0.00, 93, 7.0
2025-03-29 12:14:13,-99.3240,38.1475,  34.8,22743,-61.5,-89.5,-85.5,  1,  2, 0.00, 96, 7.1
2025-03-29 12:14:16,-99.3243,38.1475,  34.7,22761,-61.1,-89.4,-85.4,  1,  2, 0.00, 98, 7.2
2025-03-29 12:14:20,-99.3245,38.1476,  34.6,22779,-60.9,-89.3,-85.4,  1,  2, 0.00,101, 7.2
2025-03-29 12:14:23,-99.3248,38.1477,  34.5,22793,-60.8,-89.3,-85.4,  1,  2, 0.00,103, 7.1
2025-03-29 12:14:26,-99.3250,38.1478,  34.4,22811,-60.8,-89.4,-85.4,  1,  2, 0.00,104, 7.0
2025-03-29 12:14:30,-99.3253,38.1478,  34.3,22833,-60.8,-89.4,-85.5,  1,  2, 0.00,105, 6.9
2025-03-29 12:14:33,-99.3254,38.1479,  34.2,22851,-60.6,-89.3,-85.4,  1,  2, 0.00,105, 6.7
2025-03-29 12:14:36,-99.3257,38.1478,  34.1,22867,-60.6,-89.3,-85.3,  1,  2, 0.00,104, 6.6
2025-03-29 12:14:39,-99.3259,38.1478,  34.0,22888,-60.4,-89.2,-85.2,  1,  2, 0.00,102, 6.5
2025-03-29 12:14:43,-99.3262,38.1478,  33.9,22905,-60.3,-89.1,-85.1,  1,  2, 0.00,101, 6.4
2025-03-29 12:14:46,-99.3264,38.1479,  33.8,22925,-60.2,-89.0,-85.1,  1,  2, 0.00,100, 6.3
2025-03-29 12:14:49,-99.3266,38.1479,  33.7,22941,-60.0,-88.8,-84.9,  1,  2, 0.00, 99, 6.3
2025-03-29 12:14:53,-99.3269,38.1480,  33.6,22963,-59.7,-88.6,-84.6,  1,  2, 0.00,100, 6.2
2025-03-29 12:14:56,-99.3271,38.1480,  33.5,22981,-59.8,-88.6,-84.6,  1,  2, 0.00,102, 6.0
2025-03-29 12:14:59,-99.3273,38.1481,  33.4,22998,-60.0,-88.7,-84.7,  1,  2, 0.00,104, 5.9
2025-03-29 12:15:02,-99.3274,38.1482,  33.3,23018,-60.2,-88.7,-84.7,  1,  2, 0.00,107, 5.6
2025-03-29 12:15:06,-99.3276,38.1482,  33.2,23034,-60.3,-88.7,-84.7,  1,  2, 0.00,109, 5.4
2025-03-29 12:15:09,-99.3277,38.1483,  33.1,23053,-60.4,-88.6,-84.6,  1,  2, 0.00,111, 5.2
2025-03-29 12:15:13,-99.3278,38.1484,  33.0,23075,-60.3,-88.5,-84.5,  1,  2, 0.00,113, 4.9
2025-03-29 12:15:16,-99.3280,38.1484,  32.9,23093,-60.2,-88.4,-84.4,  1,  2, 0.00,113, 4.5
2025-03-29 12:15:19,-99.3281,38.1484,  32.8,23109,-60.3,-88.4,-84.4,  1,  3, 0.00,113, 4.3
2025-03-29 12:15:23,-99.3283,38.1484,  32.7,23131,-60.5,-88.5,-84.5,  1,  3, 0.00,111, 3.9
2025-03-29 12:15:26,-99.3284,38.1484,  32.6,23149,-60.6,-88.6,-84.6,  1,  3, 0.00,109, 3.7
2025-03-29 12:15:30,-99.3285,38.1484,  32.5,23165,-60.6,-88.6,-84.6,  1,  3, 0.00,107, 3.5
2025-03-29 12:15:33,-99.3286,38.1485,  32.4,23187,-60.6,-88.6,-84.6,  1,  3, 0.00,103, 3.4
2025-03-29 12:15:37,-99.3287,38.1485,  32.3,23205,-60.7,-88.7,-84.7,  1,  3, 0.00,101, 3.3
2025-03-29 12:15:41,-99.3289,38.1485,  32.2,23226,-60.8,-88.8,-84.8,  1,  2, 0.00, 97, 3.4
2025-03-29 12:15:44,-99.3291,38.1485,  32.1,23242,-60.6,-88.6,-84.6,  1,  2, 0.00, 94, 3.5
2025-03-29 12:15:47,-99.3292,38.1484,  32.0,23262,-60.6,-88.7,-84.7,  1,  2, 0.00, 90, 3.9
2025-03-29 12:15:51,-99.3295,38.1484,  31.9,23283,-60.7,-88.7,-84.8,  1,  2, 0.00, 87, 4.3
2025-03-29 12:15:55,-99.3298,38.1484,  31.8,23302,-60.7,-88.8,-84.8,  1,  2, 0.00, 84, 4.7
2025-03-29 12:15:58,-99.3300,38.1483,  31.7,23321,-60.7,-88.8,-84.8,  1,  2, 0.00, 82, 5.2
2025-03-29 12:16:02,-99.3304,38.1483,  31.6,23340,-60.8,-88.9,-84.9,  1,  2, 0.00, 81, 5.8
2025-03-29 12:16:06,-99.3306,38.1482,  31.5,23361,-60.9,-89.0,-85.0,  1,  2, 0.00, 80, 6.4
2025-03-29 12:16:09,-99.3310,38.1482,  31.4,23378,-61.0,-89.0,-85.1,  1,  2, 0.00, 80, 6.8
2025-03-29 12:16:13,-99.3313,38.1482,  31.3,23400,-60.9,-89.1,-85.1,  1,  2, 0.00, 81, 7.3
2025-03-29 12:16:17,-99.3317,38.1481,  31.2,23423,-60.9,-89.2,-85.2,  1,  2, 0.00, 82, 7.7
2025-03-29 12:16:21,-99.3321,38.1482,  31.1,23440,-60.9,-89.2,-85.2,  1,  2, 0.00, 84, 8.0
2025-03-29 12:16:24,-99.3325,38.1481,  31.0,23462,-60.4,-88.9,-84.9,  1,  2, 0.00, 86, 8.4
2025-03-29 12:16:28,-99.3329,38.1482,  30.9,23480,-60.1,-88.7,-84.8,  1,  2, 0.00, 87, 8.6
2025-03-29 12:16:32,-99.3333,38.1482,  30.8,23504,-60.2,-88.8,-84.9,  1,  2, 0.00, 89, 8.8
2025-03-29 12:16:36,-99.3337,38.1482,  30.7,23519,-60.2,-88.8,-84.8,  1,  2, 0.00, 90, 8.9
2025-03-29 12:16:39,-99.3340,38.1482,  30.6,23540,-60.2,-88.8,-84.8,  1,  2, 0.00, 91, 9.0
2025-03-29 12:16:44,-99.3346,38.1482,  30.5,23564,-60.4,-88.8,-84.8,  1,  2, 0.00, 92, 9.0
2025-03-29 12:16:47,-99.3348,38.1483,  30.4,23585,-60.5,-88.8,-84.8,  1,  2, 0.00, 93, 9.0
2025-03-29 12:16:52,-99.3354,38.1483,  30.3,23603,-60.6,-88.7,-84.8,  1,  2, 0.00, 94, 8.9
2025-03-29 12:16:54,-99.3355,38.1484,  30.2,23625,-60.7,-88.8,-84.8,  1,  2, 0.00, 96, 8.8
2025-03-29 12:16:58,-99.3359,38.1484,  30.1,23643,-60.8,-88.8,-84.8,  1,  2, 0.00, 96, 8.7
2025-03-29 12:17:01,-99.3361,38.1484,  30.0,23672,-60.9,-88.8,-84.8,  1,  3, 0.00, 97, 8.5
2025-03-29 12:17:06,-99.3367,38.1485,  29.9,23683,-60.9,-88.8,-84.8,  1,  3, 0.01, 97, 8.4
2025-03-29 12:17:10,-99.3369,38.1486,  29.8,23707,-60.9,-88.8,-84.9,  1,  3, 0.00, 97, 8.3
2025-03-29 12:17:14,-99.3374,38.1485,  29.7,23725,-61.0,-88.9,-85.0,  1,  2, 0.00, 97, 8.1
2025-03-29 12:17:18,-99.3375,38.1485,  29.6,23749,-60.8,-88.9,-84.9,  1,  2, 0.00, 96, 7.9
2025-03-29 12:17:22,-99.3380,38.1486,  29.5,23769,-60.7,-88.9,-84.9,  1,  2, 0.00, 96, 7.7
2025-03-29 12:17:26,-99.3383,38.1486,  29.4,23790,-60.7,-89.0,-85.0,  1,  2, 0.00, 96, 7.6
2025-03-29 12:17:29,-99.3386,38.1486,  29.3,23811,-60.7,-89.0,-85.1,  1,  2, 0.00, 96, 7.5
2025-03-29 12:17:33,-99.3389,38.1486,  29.2,23835,-60.5,-88.9,-85.0,  1,  2, 0.00, 95, 7.3
2025-03-29 12:17:38,-99.3393,38.1486,  29.1,23855,-60.5,-89.0,-85.0,  1,  2, 0.00, 94, 7.2
2025-03-29 12:17:42,-99.3395,38.1486,  29.0,23873,-60.5,-89.0,-85.0,  1,  2, 0.00, 94, 7.1
2025-03-29 12:17:45,-99.3398,38.1487,  28.9,23896,-60.5,-88.9,-84.9,  1,  2, 0.01, 92, 6.9
2025-03-29 12:17:50,-99.3401,38.1485,  28.8,23917,-60.5,-88.8,-84.8,  1,  2, 0.01, 88, 6.6
2025-03-29 12:17:54,-99.3405,38.1485,  28.7,23940,-60.5,-88.8,-84.8,  1,  2, 0.01, 85, 6.5
2025-03-29 12:17:58,-99.3407,38.1484,  28.6,23960,-60.6,-88.8,-84.8,  1,  2, 0.01, 82, 6.4
2025-03-29 12:18:02,-99.3410,38.1483,  28.5,23985,-60.7,-88.7,-84.7,  1,  2, 0.01, 78, 6.4
2025-03-29 12:18:06,-99.3413,38.1482,  28.4,24006,-60.9,-88.7,-84.8,  1,  3, 0.01, 75, 6.5
2025-03-29 12:18:10,-99.3415,38.1482,  28.3,24028,-61.1,-88.8,-84.8,  1,  3, 0.01, 74, 6.6
2025-03-29 12:18:14,-99.3419,38.1481,  28.2,24049,-61.1,-88.7,-84.7,  1,  3, 0.01, 74, 6.7
2025-03-29 12:18:18,-99.3422,38.1481,  28.1,24072,-61.1,-88.7,-84.8,  1,  3, 0.01, 74, 6.8
2025-03-29 12:18:22,-99.3425,38.1481,  28.0,24095,-61.3,-88.9,-84.9,  1,  3, 0.01, 76, 6.9
2025-03-29 12:18:26,-99.3429,38.1480,  27.9,24117,-61.4,-89.0,-85.1,  1,  3, 0.01, 78, 7.1
2025-03-29 12:18:30,-99.3432,38.1480,  27.8,24139,-61.5,-89.2,-85.3,  1,  3, 0.00, 80, 7.2
2025-03-29 12:18:34,-99.3436,38.1479,  27.7,24161,-61.3,-89.3,-85.3,  1,  2, 0.00, 81, 7.2
2025-03-29 12:18:38,-99.3438,38.1480,  27.6,24184,-60.9,-89.2,-85.2,  1,  2, 0.01, 83, 7.2
2025-03-29 12:18:42,-99.3441,38.1479,  27.5,24207,-60.8,-89.4,-85.4,  1,  2, 0.00, 84, 7.2
2025-03-29 12:18:46,-99.3445,38.1479,  27.4,24229,-60.5,-89.3,-85.4,  1,  2, 0.00, 84, 7.2
2025-03-29 12:18:50,-99.3448,38.1479,  27.3,24250,-60.3,-89.4,-85.4,  1,  2, 0.00, 84, 7.1
2025-03-29 12:18:54,-99.3452,38.1478,  27.2,24273,-59.7,-89.2,-85.2,  1,  2, 0.01, 82, 7.2
2025-03-29 12:18:58,-99.3455,38.1478,  27.1,24297,-59.5,-89.0,-85.1,  1,  2, 0.01, 80, 7.3
2025-03-29 12:19:03,-99.3459,38.1475,  27.0,24320,-59.4,-89.1,-85.1,  1,  2, 0.01, 78, 7.5
2025-03-29 12:19:07,-99.3463,38.1474,  26.9,24342,-59.3,-89.0,-85.0,  1,  2, 0.01, 75, 7.7
2025-03-29 12:19:11,-99.3467,38.1473,  26.8,24364,-59.1,-88.8,-84.8,  1,  2, 0.01, 72, 8.0
2025-03-29 12:19:15,-99.3471,38.1472,  26.7,24390,-59.0,-88.7,-84.7,  1,  2, 0.01, 70, 8.4
2025-03-29 12:19:20,-99.3476,38.1470,  26.6,24414,-59.0,-88.6,-84.6,  1,  2, 0.01, 68, 8.8
2025-03-29 12:19:24,-99.3480,38.1469,  26.5,24437,-59.0,-88.6,-84.6,  1,  2, 0.01, 68, 9.1
2025-03-29 12:19:28,-99.3484,38.1467,  26.4,24457,-58.8,-88.5,-84.5,  1,  2, 0.01, 67, 9.4
2025-03-29 12:19:32,-99.3488,38.1465,  26.3,24484,-58.8,-88.6,-84.6,  1,  2, 0.01, 65, 9.8
2025-03-29 12:19:36,-99.3493,38.1463,  26.2,24508,-58.6,-88.4,-84.4,  1,  2, 0.01, 64,10.2
2025-03-29 12:19:41,-99.3499,38.1460,  26.1,24531,-58.4,-88.3,-84.3,  1,  2, 0.01, 62,10.5
2025-03-29 12:19:45,-99.3503,38.1458,  26.0,24555,-58.2,-88.1,-84.1,  1,  2, 0.01, 61,10.8
2025-03-29 12:19:50,-99.3509,38.1455,  25.9,24577,-58.3,-88.1,-84.1,  1,  2, 0.01, 60,11.1
2025-03-29 12:19:53,-99.3512,38.1454,  25.8,24606,-58.4,-88.2,-84.2,  1,  2, 0.01, 60,11.4
2025-03-29 12:19:59,-99.3519,38.1451,  25.7,24627,-58.5,-88.2,-84.2,  1,  2, 0.01, 60,11.5
2025-03-29 12:20:02,-99.3523,38.1449,  25.6,24655,-58.5,-88.1,-84.1,  1,  2, 0.01, 60,11.5
2025-03-29 12:20:07,-99.3528,38.1447,  25.5,24674,-58.6,-88.1,-84.1,  1,  2, 0.01, 61,11.4
2025-03-29 12:20:11,-99.3532,38.1446,  25.4,24705,-58.6,-88.1,-84.1,  1,  2, 0.01, 62,11.0
2025-03-29 12:20:16,-99.3538,38.1444,  25.3,24723,-58.6,-88.1,-84.1,  1,  2, 0.01, 63,10.6
2025-03-29 12:20:19,-99.3539,38.1444,  25.2,24750,-58.6,-88.1,-84.1,  1,  2, 0.01, 64,10.0
2025-03-29 12:20:24,-99.3545,38.1442,  25.1,24773,-58.7,-88.2,-84.2,  1,  2, 0.01, 66, 9.4
2025-03-29 12:20:29,-99.3548,38.1441,  25.0,24802,-58.5,-88.1,-84.1,  1,  2, 0.01, 69, 8.6
2025-03-29 12:20:33,-99.3550,38.1442,  24.9,24824,-58.5,-88.2,-84.2,  1,  2, 0.01, 71, 8.1
2025-03-29 12:20:38,-99.3555,38.1441,  24.8,24852,-58.3,-88.2,-84.2,  1,  2, 0.01, 74, 7.5
2025-03-29 12:20:42,-99.3557,38.1441,  24.7,24878,-58.1,-88.1,-84.1,  1,  2, 0.01, 76, 7.1
2025-03-29 12:20:47,-99.3561,38.1440,  24.6,24900,-57.9,-88.0,-83.9,  1,  2, 0.01, 77, 7.0
2025-03-29 12:20:51,-99.3565,38.1439,  24.5,24929,-58.0,-88.0,-84.0,  1,  2, 0.01, 77, 7.1
2025-03-29 12:20:56,-99.3569,38.1438,  24.4,24951,-58.1,-88.0,-84.0,  1,  2, 0.01, 75, 7.4
2025-03-29 12:21:00,-99.3574,38.1436,  24.3,24979,-58.3,-87.9,-83.9,  1,  2, 0.01, 73, 7.9
2025-03-29 12:21:05,-99.3579,38.1434,  24.2,25003,-58.4,-87.9,-83.9,  1,  2, 0.01, 71, 8.4
2025-03-29 12:21:10,-99.3584,38.1432,  24.1,25033,-58.5,-87.9,-83.9,  1,  2, 0.01, 69, 9.0
2025-03-29 12:21:14,-99.3590,38.1430,  24.0,25055,-58.5,-87.9,-83.9,  1,  2, 0.01, 68, 9.5
2025-03-29 12:21:18,-99.3592,38.1430,  23.9,25083,-58.7,-88.0,-84.0,  1,  2, 0.01, 67, 9.9
2025-03-29 12:21:23,-99.3599,38.1428,  23.8,25111,-58.9,-88.2,-84.2,  1,  2, 0.01, 68,10.1
2025-03-29 12:21:27,-99.3603,38.1426,  23.7,25137,-58.6,-88.1,-84.1,  1,  2, 0.01, 68,10.2
2025-03-29 12:21:32,-99.3608,38.1426,  23.6,25162,-58.3,-88.0,-84.0,  1,  2, 0.01, 70,10.2
2025-03-29 12:21:37,-99.3614,38.1425,  23.5,25188,-58.2,-88.2,-84.2,  1,  2, 0.01, 72,10.0
2025-03-29 12:21:41,-99.3618,38.1424,  23.4,25213,-58.2,-88.3,-84.3,  1,  2, 0.01, 74, 9.7
2025-03-29 12:21:46,-99.3622,38.1424,  23.3,25244,-57.9,-88.1,-84.1,  1,  2, 0.01, 77, 9.4
2025-03-29 12:21:51,-99.3627,38.1424,  23.2,25269,-57.7,-88.0,-84.0,  1,  2, 0.01, 80, 9.1
2025-03-29 12:21:56,-99.3632,38.1424,  23.1,25294,-57.9,-88.0,-84.0,  1,  2, 0.01, 82, 8.9
2025-03-29 12:22:00,-99.3636,38.1424,  23.0,25323,-58.1,-88.1,-84.0,  1,  2, 0.01, 84, 8.8
2025-03-29 12:22:04,-99.3640,38.1424,  22.9,25353,-57.9,-87.8,-83.8,  1,  2, 0.01, 85, 8.6
2025-03-29 12:22:09,-99.3645,38.1423,  22.8,25382,-58.1,-87.9,-83.8,  1,  2, 0.01, 86, 8.4
2025-03-29 12:22:14,-99.3648,38.1423,  22.7,25407,-58.0,-87.7,-83.7,  1,  2, 0.01, 86, 8.2
2025-03-29 12:22:19,-99.3652,38.1423,  22.6,25433,-58.0,-87.7,-83.7,  1,  2, 0.01, 85, 7.9
2025-03-29 12:22:23,-99.3655,38.1422,  22.5,25463,-58.1,-87.8,-83.7,  1,  2, 0.01, 85, 7.5
2025-03-29 12:22:28,-99.3658,38.1422,  22.4,25490,-58.2,-87.8,-83.8,  1,  2, 0.01, 85, 7.1
2025-03-29 12:22:33,-99.3661,38.1422,  22.3,25520,-58.3,-87.8,-83.8,  1,  2, 0.01, 86, 6.7
2025-03-29 12:22:37,-99.3665,38.1422,  22.2,25547,-58.3,-87.8,-83.8,  1,  2, 0.01, 86, 6.6
2025-03-29 12:22:42,-99.3670,38.1423,  22.1,25574,-58.5,-87.9,-83.9,  1,  2, 0.01, 86, 6.5
2025-03-29 12:22:48,-99.3673,38.1421,  22.0,25605,-58.6,-88.0,-84.0,  1,  2, 0.01, 86, 6.5
2025-03-29 12:22:52,-99.3677,38.1421,  21.9,25629,-58.7,-88.1,-84.1,  1,  2, 0.01, 85, 6.5
2025-03-29 12:22:58,-99.3681,38.1420,  21.8,25658,-58.6,-88.1,-84.1,  1,  2, 0.01, 83, 6.4
2025-03-29 12:23:03,-99.3682,38.1419,  21.7,25691,-58.5,-88.2,-84.2,  1,  2, 0.01, 79, 6.2
2025-03-29 12:23:08,-99.3685,38.1418,  21.6,25719,-58.2,-88.2,-84.2,  1,  2, 0.01, 76, 6.0
2025-03-29 12:23:13,-99.3689,38.1417,  21.5,25748,-57.8,-88.1,-84.1,  1,  2, 0.01, 70, 5.6
2025-03-29 12:23:19,-99.3692,38.1414,  21.4,25775,-57.6,-88.1,-84.1,  1,  2, 0.01, 65, 5.5
2025-03-29 12:23:23,-99.3692,38.1413,  21.3,25804,-57.4,-88.1,-84.1,  1,  2, 0.01, 60, 5.5
2025-03-29 12:23:29,-99.3697,38.1411,  21.2,25834,-57.1,-88.0,-83.9,  1,  2, 0.01, 56, 5.7
2025-03-29 12:23:34,-99.3701,38.1409,  21.1,25869,-56.9,-87.8,-83.8,  1,  2, 0.01, 53, 6.0
2025-03-29 12:23:39,-99.3703,38.1407,  21.0,25895,-57.1,-87.8,-83.8,  1,  2, 0.01, 51, 6.3
2025-03-29 12:23:45,-99.3707,38.1404,  20.9,25926,-57.1,-87.8,-83.7,  1,  2, 0.01, 50, 6.8
2025-03-29 12:23:50,-99.3710,38.1401,  20.8,25954,-57.1,-87.7,-83.7,  1,  2, 0.01, 48, 7.2
2025-03-29 12:23:56,-99.3714,38.1397,  20.7,25986,-57.1,-87.7,-83.7,  1,  2, 0.01, 45, 7.5
2025-03-29 12:24:01,-99.3714,38.1395,  20.6,26018,-56.7,-87.4,-83.4,  1,  2, 0.01, 41, 7.7
2025-03-29 12:24:06,-99.3716,38.1391,  20.5,26050,-56.6,-87.4,-83.3,  1,  2, 0.01, 37, 7.7
2025-03-29 12:24:12,-99.3718,38.1387,  20.4,26081,-56.7,-87.3,-83.3,  1,  2, 0.01, 31, 7.5
2025-03-29 12:24:20,-99.3719,38.1383,  20.3,26111,-56.9,-87.3,-83.3,  1,  2, 0.01, 27, 7.4
2025-03-29 12:24:23,-99.3721,38.1381,  20.2,26139,-57.0,-87.3,-83.3,  1,  2, 0.01, 24, 7.2
2025-03-29 12:24:29,-99.3723,38.1378,  20.1,26172,-57.3,-87.4,-83.4,  1,  2, 0.01, 24, 7.1
2025-03-29 12:24:34,-99.3727,38.1376,  20.0,26217,-57.1,-87.3,-83.3,  1,  2, 0.01, 27, 7.0
2025-03-29 12:24:40,-99.3731,38.1373,  19.9,26234,-57.1,-87.3,-83.3,  1,  2, 0.01, 31, 7.0
2025-03-29 12:24:46,-99.3735,38.1371,  19.8,26269,-57.1,-87.4,-83.3,  1,  2, 0.01, 38, 7.0
2025-03-29 12:24:51,-99.3737,38.1369,  19.7,26296,-57.1,-87.4,-83.4,  1,  2, 0.01, 42, 7.0
2025-03-29 12:24:57,-99.3740,38.1366,  19.6,26331,-57.1,-87.5,-83.4,  1,  2, 0.01, 45, 6.9
2025-03-29 12:25:02,-99.3742,38.1364,  19.5,26367,-57.1,-87.5,-83.5,  1,  2, 0.01, 47, 6.7
2025-03-29 12:25:08,-99.3746,38.1362,  19.4,26396,-57.0,-87.5,-83.5,  1,  2, 0.01, 47, 6.6
2025-03-29 12:25:13,-99.3750,38.1360,  19.3,26430,-56.8,-87.4,-83.4,  1,  2, 0.01, 49, 6.5
2025-03-29 12:25:18,-99.3751,38.1359,  19.2,26460,-56.8,-87.4,-83.4,  1,  2, 0.01, 51, 6.4
2025-03-29 12:25:24,-99.3756,38.1358,  19.1,26496,-56.8,-87.4,-83.4,  1,  2, 0.01, 57, 6.3
2025-03-29 12:25:30,-99.3761,38.1358,  19.0,26527,-56.8,-87.3,-83.3,  1,  2, 0.01, 62, 6.2
2025-03-29 12:25:35,-99.3766,38.1357,  18.9,26558,-56.8,-87.3,-83.2,  1,  2, 0.01, 69, 6.3
2025-03-29 12:25:41,-99.3770,38.1357,  18.8,26592,-56.9,-87.3,-83.2,  1,  2, 0.01, 76, 6.5
2025-03-29 12:25:46,-99.3774,38.1357,  18.7,26628,-57.0,-87.3,-83.3,  1,  2, 0.01, 81, 6.9
2025-03-29 12:25:52,-99.3780,38.1357,  18.6,26659,-57.1,-87.3,-83.3,  1,  2, 0.01, 83, 7.2
2025-03-29 12:25:58,-99.3786,38.1356,  18.5,26694,-57.2,-87.4,-83.3,  1,  2, 0.01, 84, 7.5
2025-03-29 12:26:04,-99.3791,38.1355,  18.4,26728,-57.3,-87.4,-83.4,  1,  2, 0.01, 84, 7.7
2025-03-29 12:26:10,-99.3795,38.1355,  18.3,26762,-57.2,-87.3,-83.3,  1,  2, 0.01, 84, 7.7
2025-03-29 12:26:15,-99.3799,38.1355,  18.2,26803,-57.3,-87.3,-83.3,  1,  2, 0.01, 83, 7.5
2025-03-29 12:26:21,-99.3803,38.1354,  18.1,26835,-57.4,-87.4,-83.3,  1,  2, 0.01, 83, 7.2
2025-03-29 12:26:27,-99.3806,38.1354,  18.0,26870,-57.6,-87.5,-83.5,  1,  2, 0.01, 82, 6.7
2025-03-29 12:26:33,-99.3810,38.1354,  17.9,26901,-57.8,-87.6,-83.6,  1,  2, 0.01, 83, 6.2
2025-03-29 12:26:38,-99.3811,38.1354,  17.8,26941,-57.7,-87.6,-83.6,  1,  2, 0.01, 83, 5.5
2025-03-29 12:26:44,-99.3813,38.1354,  17.7,26978,-57.7,-87.6,-83.6,  1,  2, 0.01, 85, 4.8
2025-03-29 12:26:50,-99.3816,38.1354,  17.6,27013,-57.8,-87.7,-83.7,  1,  2, 0.01, 88, 4.3
2025-03-29 12:26:56,-99.3820,38.1354,  17.5,27045,-57.7,-87.7,-83.7,  1,  2, 0.01, 91, 4.0
2025-03-29 12:27:01,-99.3821,38.1355,  17.4,27080,-57.5,-87.6,-83.6,  1,  2, 0.01, 95, 3.8
2025-03-29 12:27:07,-99.3822,38.1356,  17.3,27118,-57.7,-87.6,-83.6,  1,  2, 0.01,100, 3.7
2025-03-29 12:27:13,-99.3824,38.1356,  17.2,27157,-57.7,-87.6,-83.5,  1,  2, 0.01,104, 3.4
2025-03-29 12:27:19,-99.3826,38.1356,  17.1,27189,-57.8,-87.6,-83.5,  1,  2, 0.01,105, 3.2
2025-03-29 12:27:25,-99.3828,38.1356,  17.0,27228,-58.0,-87.6,-83.6,  1,  2, 0.01,104, 2.8
2025-03-29 12:27:30,-99.3828,38.1356,  16.9,27267,-58.1,-87.5,-83.5,  1,  2, 0.01, 95, 2.4
2025-03-29 12:27:36,-99.3829,38.1354,  16.8,27304,-58.3,-87.6,-83.6,  1,  2, 0.01, 77, 2.2
2025-03-29 12:27:42,-99.3831,38.1352,  16.7,27343,-58.4,-87.6,-83.6,  1,  2, 0.01, 58, 2.2
2025-03-29 12:27:48,-99.3832,38.1351,  16.6,27375,-58.5,-87.7,-83.7,  1,  2, 0.01, 45, 2.3
2025-03-29 12:27:54,-99.3832,38.1351,  16.5,27414,-58.9,-88.1,-84.0,  1,  2, 0.01, 34, 2.3
2025-03-29 12:28:01,-99.3832,38.1350,  16.4,27451,-58.8,-88.1,-84.1,  1,  2, 0.01, 27, 2.0
2025-03-29 12:28:07,-99.3831,38.1350,  16.3,27489,-58.4,-88.0,-84.0,  1,  2, 0.01, 22, 1.6
2025-03-29 12:28:13,-99.3833,38.1350,  16.2,27527,-58.0,-88.0,-83.9,  1,  2, 0.01, 24, 1.2
2025-03-29 12:28:20,-99.3834,38.1350,  16.1,27570,-58.0,-88.0,-84.0,  1,  2, 0.01, 44, 1.0
2025-03-29 12:28:26,-99.3835,38.1349,  16.0,27609,-58.2,-88.2,-84.2,  1,  2, 0.01, 64, 1.2
2025-03-29 12:28:32,-99.3837,38.1349,  15.9,27646,-58.0,-88.1,-84.1,  1,  2, 0.01, 77, 1.4
2025-03-29 12:28:38,-99.3837,38.1350,  15.8,27691,-57.7,-88.0,-84.0,  1,  2, 0.01, 89, 1.3
2025-03-29 12:28:45,-99.3837,38.1350,  15.7,27729,-57.6,-87.9,-83.9,  1,  2, 0.01, 99, 1.1
2025-03-29 12:28:51,-99.3837,38.1350,  15.6,27768,-57.5,-87.9,-83.9,  1,  2, 0.01,112, 0.7
2025-03-29 12:28:57,-99.3834,38.1351,  15.5,27805,-57.3,-87.9,-83.9,  1,  2, 0.01,137, 0.2
2025-03-29 12:29:04,-99.3833,38.1350,  15.4,27848,-57.3,-87.9,-83.9,  1,  2, 0.01,284, 0.4
2025-03-29 12:29:10,-99.3833,38.1347,  15.3,27887,-57.1,-87.9,-83.8,  1,  2, 0.01,300, 1.0
2025-03-29 12:29:17,-99.3832,38.1346,  15.2,27932,-56.7,-87.6,-83.6,  1,  2, 0.01,309, 1.6
2025-03-29 12:29:24,-99.3830,38.1344,  15.1,27974,-56.6,-87.5,-83.5,  1,  2, 0.01,318, 2.3
2025-03-29 12:29:30,-99.3829,38.1342,  15.0,28012,-56.7,-87.6,-83.6,  1,  2, 0.01,323, 2.8
2025-03-29 12:29:37,-99.3827,38.1340,  14.9,28057,-56.6,-87.5,-83.5,  1,  2, 0.01,326, 3.3
2025-03-29 12:29:44,-99.3825,38.1339,  14.8,28102,-56.2,-87.2,-83.2,  1,  2, 0.01,325, 3.6
2025-03-29 12:29:51,-99.3821,38.1337,  14.7,28141,-56.2,-87.2,-83.2,  1,  2, 0.01,322, 3.9
2025-03-29 12:29:58,-99.3819,38.1335,  14.6,28185,-56.3,-87.4,-83.3,  1,  2, 0.01,319, 4.2
2025-03-29 12:30:05,-99.3817,38.1332,  14.5,28230,-56.0,-87.2,-83.2,  1,  2, 0.01,319, 4.5
2025-03-29 12:30:12,-99.3816,38.1328,  14.4,28275,-55.8,-87.3,-83.2,  1,  2, 0.01,323, 4.8
2025-03-29 12:30:19,-99.3815,38.1324,  14.3,28318,-55.7,-87.4,-83.4,  1,  2, 0.01,332, 5.3
2025-03-29 12:30:26,-99.3814,38.1318,  14.2,28363,-54.9,-87.0,-83.0,  1,  2, 0.01,341, 6.0
2025-03-29 12:30:33,-99.3814,38.1313,  14.1,28406,-54.3,-86.6,-82.6,  1,  2, 0.02,348, 6.9
2025-03-29 12:30:40,-99.3813,38.1307,  14.0,28453,-54.4,-86.4,-82.4,  1,  2, 0.02,352, 7.6
2025-03-29 12:30:48,-99.3814,38.1301,  13.9,28500,-54.8,-86.4,-82.4,  1,  2, 0.02,355, 8.2
2025-03-29 12:30:55,-99.3814,38.1294,  13.8,28542,-55.2,-86.5,-82.4,  1,  2, 0.02,358, 8.6
2025-03-29 12:31:03,-99.3814,38.1288,  13.7,28588,-55.1,-86.3,-82.3,  1,  2, 0.02,360, 9.0
2025-03-29 12:31:11,-99.3813,38.1283,  13.6,28638,-55.2,-86.5,-82.4,  1,  2, 0.02,  1, 9.0
2025-03-29 12:31:18,-99.3812,38.1279,  13.5,28681,-55.2,-86.6,-82.6,  1,  2, 0.02,360, 8.8
2025-03-29 12:31:26,-99.3812,38.1273,  13.4,28732,-54.9,-86.7,-82.6,  1,  2, 0.02,356, 8.2
2025-03-29 12:31:33,-99.3812,38.1268,  13.3,28780,-54.0,-86.3,-82.2,  1,  2, 0.02,355, 7.7
2025-03-29 12:31:41,-99.3813,38.1262,  13.2,28825,-53.8,-86.0,-82.0,  1,  2, 0.02,357, 7.5
2025-03-29 12:31:49,-99.3815,38.1256,  13.1,28876,-54.2,-86.1,-82.0,  1,  2, 0.02,  2, 7.7
2025-03-29 12:31:56,-99.3817,38.1251,  13.0,28923,-54.6,-86.0,-81.9,  1,  2, 0.02,  6, 8.0
2025-03-29 12:32:05,-99.3821,38.1246,  12.9,28974,-55.1,-86.1,-82.0,  1,  2, 0.02, 11, 8.2
2025-03-29 12:32:13,-99.3825,38.1241,  12.8,29024,-55.5,-86.5,-82.4,  1,  2, 0.02, 16, 8.0
2025-03-29 12:32:20,-99.3827,38.1238,  12.7,29070,-55.2,-86.5,-82.4,  1,  2, 0.02, 21, 7.5
2025-03-29 12:32:28,-99.3829,38.1236,  12.6,29123,-54.8,-86.6,-82.5,  1,  2, 0.02, 27, 6.7
2025-03-29 12:32:36,-99.3830,38.1235,  12.5,29174,-54.4,-86.7,-82.7,  1,  2, 0.02, 30, 5.8
2025-03-29 12:32:45,-99.3831,38.1234,  12.4,29222,-53.8,-86.6,-82.5,  1,  1, 0.02, 30, 4.9
2025-03-29 12:32:53,-99.3831,38.1233,  12.3,29275,-53.3,-86.4,-82.3,  1,  1, 0.02, 28, 3.8
2025-03-29 12:33:01,-99.3831,38.1231,  12.2,29328,-53.0,-86.1,-82.1,  1,  1, 0.02, 27, 2.9
2025-03-29 12:33:09,-99.3829,38.1229,  12.1,29383,-52.9,-86.1,-82.0,  1,  1, 0.02, 20, 2.1
2025-03-29 12:33:18,-99.3827,38.1225,  12.0,29437,-52.3,-85.7,-81.7,  1,  1, 0.02,  2, 1.9
2025-03-29 12:33:27,-99.3826,38.1221,  11.9,29488,-52.2,-85.7,-81.6,  1,  1, 0.02,341, 2.5
2025-03-29 12:33:35,-99.3825,38.1217,  11.8,29541,-51.8,-85.4,-81.3,  1,  1, 0.02,334, 3.6
2025-03-29 12:33:44,-99.3823,38.1212,  11.7,29599,-51.4,-85.1,-81.0,  1,  1, 0.02,336, 5.0
2025-03-29 12:33:52,-99.3822,38.1207,  11.6,29656,-51.6,-85.1,-81.0,  1,  1, 0.02,342, 6.0
2025-03-29 12:34:02,-99.3819,38.1201,  11.5,29711,-51.6,-85.1,-81.0,  1,  1, 0.02,347, 6.6
2025-03-29 12:34:10,-99.3819,38.1198,  11.4,29767,-51.7,-85.2,-81.1,  1,  1, 0.02,349, 6.5
2025-03-29 12:34:19,-99.3822,38.1196,  11.3,29820,-51.1,-85.0,-80.9,  1,  1, 0.03,348, 5.8
2025-03-29 12:34:29,-99.3822,38.1194,  11.2,29882,-50.8,-85.1,-81.0,  1,  1, 0.03,351, 4.6
2025-03-29 12:34:38,-99.3823,38.1192,  11.1,29937,-49.7,-84.5,-80.3,  1,  1, 0.03,  2, 3.9
2025-03-29 12:34:48,-99.3823,38.1190,  11.0,29995,-49.9,-84.5,-80.4,  1,  1, 0.03, 16, 3.4
2025-03-29 12:34:57,-99.3819,38.1191,  10.9,30059,-49.9,-84.6,-80.5,  1,  1, 0.03, 18, 2.7
2025-03-29 12:35:07,-99.3813,38.1189,  10.8,30117,-49.1,-84.2,-80.0,  1,  1, 0.03,347, 1.9
2025-03-29 12:35:17,-99.3811,38.1185,  10.7,30179,-48.9,-84.2,-80.0,  1,  1, 0.03,299, 2.9
2025-03-29 12:35:27,-99.3806,38.1185,  10.6,30239,-48.3,-83.9,-79.7,  1,  1, 0.03,292, 4.0
2025-03-29 12:35:37,-99.3800,38.1183,  10.5,30301,-48.2,-83.7,-79.6,  1,  1, 0.03,298, 4.4
2025-03-29 12:35:47,-99.3793,38.1182,  10.4,30365,-48.1,-83.6,-79.5,  1,  1, 0.04,300, 4.4
2025-03-29 12:36:01,-99.3782,38.1177,  10.3,30428,-48.0,-83.7,-79.6,  1,  1, 0.04,290, 5.1
2025-03-29 12:36:07,-99.3776,38.1175,  10.2,30495,-47.3,-83.6,-79.4,  1,  1, 0.04,285, 6.6
2025-03-29 12:36:18,-99.3767,38.1173,  10.1,30559,-46.4,-83.3,-79.1,  1,  1, 0.04,286, 7.7
2025-03-29 12:36:28,-99.3758,38.1167,  10.0,30653,-45.4,-82.9,-78.7,  1,  1, 0.04,293, 7.9
2025-03-29 12:36:38,-99.3753,38.1162,   9.9,30689,-45.2,-82.8,-78.6,  1,  1, 0.04,296, 8.0
2025-03-29 12:36:49,-99.3743,38.1157,   9.8,30760,-44.6,-82.3,-78.1,  1,  1, 0.05,303, 8.4
2025-03-29 12:36:59,-99.3737,38.1150,   9.7,30824,-44.5,-82.1,-77.9,  1,  1, 0.05,309, 8.7
2025-03-29 12:37:10,-99.3726,38.1146,   9.6,30893,-44.8,-82.1,-77.9,  1,  1, 0.05,312, 8.8
2025-03-29 12:37:21,-99.3716,38.1140,   9.5,30968,-44.8,-82.0,-77.8,  1,  1, 0.05,313, 9.1
2025-03-29 12:37:32,-99.3705,38.1136,   9.4,31034,-44.8,-82.1,-77.9,  1,  1, 0.05,311, 9.5
2025-03-29 12:37:43,-99.3692,38.1136,   9.3,31104,-44.9,-82.2,-78.1,  1,  1, 0.05,304, 9.7
2025-03-29 12:37:55,-99.3679,38.1131,   9.2,31174,-44.3,-82.0,-77.9,  1,  1, 0.05,294, 9.9
2025-03-29 12:38:06,-99.3668,38.1129,   9.1,31248,-44.0,-82.0,-77.9,  1,  1, 0.05,287,10.2
2025-03-29 12:38:18,-99.3660,38.1125,   9.0,31323,-43.6,-81.9,-77.7,  1,  1, 0.05,287, 9.8
2025-03-29 12:38:31,-99.3647,38.1120,   8.9,31401,-43.3,-81.7,-77.6,  1,  1, 0.06,289, 9.1
2025-03-29 12:38:43,-99.3635,38.1121,   8.8,31472,-43.1,-81.7,-77.5,  1,  1, 0.06,292, 8.4
2025-03-29 12:38:55,-99.3620,38.1119,   8.7,31548,-42.8,-81.4,-77.2,  1,  1, 0.06,292, 8.2
2025-03-29 12:39:07,-99.3603,38.1121,   8.6,31630,-43.0,-81.4,-77.2,  1,  1, 0.06,285, 8.7
