time,longitude,latitude,pressure_hPa,geopotential height_m,temperature_C,dew point temperature_C,ice point temperature_C,relative humidity_%,humidity wrt ice_%,mixing ratio_g/kg,wind direction_degree,wind speed_m/s
2025-06-11 11:01:50,-102.1898,31.9428, 916.4,  874, 20.8, 18.2, 18.2, 85, 85,14.51,101, 3.6
2025-06-11 11:01:51,-102.1899,31.9427, 915.8,  878, 20.8, 18.0, 18.0, 84, 84,14.35, 85, 5.9
2025-06-11 11:01:52,-102.1899,31.9427, 915.3,  883, 20.8, 17.9, 17.9, 83, 83,14.20, 85, 5.9
2025-06-11 11:01:53,-102.1900,31.9427, 914.8,  887, 20.8, 17.7, 17.7, 83, 83,14.06, 85, 5.9
2025-06-11 11:01:54,-102.1901,31.9427, 914.3,  893, 20.7, 17.5, 17.5, 82, 82,13.92, 85, 5.9
2025-06-11 11:01:55,-102.1902,31.9427, 913.6,  900, 20.7, 17.3, 17.3, 81, 81,13.71, 85, 5.9
2025-06-11 11:01:56,-102.1902,31.9427, 913.3,  903, 20.7, 17.2, 17.2, 80, 80,13.63, 85, 5.9
2025-06-11 11:01:57,-102.1903,31.9426, 912.7,  909, 20.7, 17.0, 17.0, 79, 79,13.48, 85, 5.8
2025-06-11 11:01:58,-102.1904,31.9426, 912.2,  914, 20.7, 16.9, 16.9, 79, 79,13.36, 85, 5.7
2025-06-11 11:01:59,-102.1904,31.9426, 911.6,  919, 20.7, 16.7, 16.7, 78, 78,13.25, 85, 5.6
2025-06-11 11:02:00,-102.1905,31.9426, 911.1,  924, 20.6, 16.6, 16.6, 77, 77,13.13, 86, 5.4
2025-06-11 11:02:01,-102.1906,31.9426, 910.5,  930, 20.6, 16.4, 16.4, 77, 77,13.02, 86, 5.3
2025-06-11 11:02:02,-102.1907,31.9425, 910.0,  935, 20.6, 16.3, 16.3, 76, 76,12.90, 86, 5.2
2025-06-11 11:02:03,-102.1907,31.9425, 909.4,  940, 20.6, 16.1, 16.1, 76, 76,12.78, 87, 5.0
2025-06-11 11:02:04,-102.1908,31.9425, 908.8,  945, 20.6, 16.0, 16.0, 75, 75,12.66, 87, 4.9
2025-06-11 11:02:05,-102.1908,31.9425, 908.3,  950, 20.5, 15.8, 15.8, 74, 74,12.55, 88, 4.8
2025-06-11 11:02:06,-102.1908,31.9426, 907.7,  956, 20.5, 15.7, 15.7, 74, 74,12.43, 89, 4.7
2025-06-11 11:02:07,-102.1909,31.9426, 907.2,  961, 20.5, 15.5, 15.5, 73, 73,12.32, 90, 4.7
2025-06-11 11:02:08,-102.1909,31.9426, 906.6,  967, 20.5, 15.4, 15.4, 72, 72,12.21, 92, 4.7
2025-06-11 11:02:09,-102.1909,31.9426, 906.1,  972, 20.5, 15.2, 15.2, 72, 72,12.09, 94, 4.6
2025-06-11 11:02:10,-102.1910,31.9426, 905.6,  977, 20.4, 15.1, 15.1, 71, 71,11.98, 95, 4.6
2025-06-11 11:02:11,-102.1910,31.9426, 905.0,  982, 20.4, 15.0, 15.0, 71, 71,11.90, 97, 4.5
2025-06-11 11:02:12,-102.1910,31.9427, 904.5,  987, 20.4, 14.9, 14.9, 70, 70,11.83, 99, 4.5
2025-06-11 11:02:13,-102.1911,31.9427, 904.0,  992, 20.4, 14.7, 14.7, 70, 70,11.75,100, 4.4
2025-06-11 11:02:14,-102.1911,31.9427, 903.5,  997, 20.4, 14.6, 14.6, 70, 70,11.67,102, 4.4
2025-06-11 11:02:15,-102.1911,31.9427, 902.9, 1002, 20.3, 14.5, 14.5, 69, 69,11.59,104, 4.3
2025-06-11 11:02:16,-102.1912,31.9427, 902.3, 1007, 20.3, 14.4, 14.4, 69, 69,11.52,106, 4.3
2025-06-11 11:02:17,-102.1912,31.9428, 901.8, 1012, 20.3, 14.3, 14.3, 68, 68,11.43,107, 4.2
2025-06-11 11:02:18,-102.1912,31.9428, 901.2, 1018, 20.3, 14.2, 14.2, 68, 68,11.36,109, 4.2
2025-06-11 11:02:19,-102.1913,31.9428, 900.6, 1024, 20.3, 14.1, 14.1, 68, 68,11.28,111, 4.1
2025-06-11 11:02:20,-102.1913,31.9428, 900.1, 1029, 20.2, 14.0, 14.0, 67, 67,11.20,113, 4.1
2025-06-11 11:02:21,-102.1913,31.9428, 899.5, 1035, 20.2, 13.8, 13.8, 67, 67,11.13,114, 4.1
2025-06-11 11:02:22,-102.1913,31.9429, 898.9, 1041, 20.2, 13.7, 13.7, 66, 66,11.05,116, 4.1
2025-06-11 11:02:23,-102.1914,31.9429, 898.2, 1047, 20.2, 13.6, 13.6, 66, 66,10.97,118, 4.0
2025-06-11 11:02:24,-102.1914,31.9429, 897.6, 1053, 20.1, 13.5, 13.5, 66, 66,10.92,120, 4.0
2025-06-11 11:02:25,-102.1914,31.9429, 897.0, 1058, 20.1, 13.5, 13.5, 66, 66,10.88,122, 3.9
2025-06-11 11:02:26,-102.1915,31.9429, 896.4, 1064, 20.1, 13.4, 13.4, 65, 65,10.84,124, 3.9
2025-06-11 11:02:27,-102.1915,31.9429, 895.8, 1070, 20.1, 13.3, 13.3, 65, 65,10.80,126, 3.9
2025-06-11 11:02:28,-102.1915,31.9430, 895.2, 1076, 20.0, 13.3, 13.3, 65, 65,10.76,128, 3.8
2025-06-11 11:02:29,-102.1916,31.9430, 894.7, 1081, 20.0, 13.2, 13.2, 65, 65,10.72,130, 3.8
2025-06-11 11:02:30,-102.1916,31.9430, 894.1, 1087, 20.0, 13.1, 13.1, 65, 65,10.68,133, 3.8
2025-06-11 11:02:31,-102.1916,31.9430, 893.5, 1093, 20.0, 13.1, 13.1, 64, 64,10.64,135, 3.7
2025-06-11 11:02:32,-102.1917,31.9430, 892.9, 1098, 19.9, 13.0, 13.0, 64, 64,10.60,137, 3.7
2025-06-11 11:02:33,-102.1917,31.9431, 892.3, 1104, 19.9, 12.9, 12.9, 64, 64,10.56,139, 3.6
2025-06-11 11:02:34,-102.1917,31.9431, 891.7, 1110, 19.9, 12.9, 12.9, 64, 64,10.52,142, 3.6
2025-06-11 11:02:35,-102.1918,31.9431, 891.1, 1116, 19.9, 12.8, 12.8, 64, 64,10.48,144, 3.6
2025-06-11 11:02:36,-102.1918,31.9431, 890.5, 1121, 19.9, 12.7, 12.7, 64, 64,10.44,144, 3.6
2025-06-11 11:02:37,-102.1918,31.9432, 889.9, 1127, 19.8, 12.7, 12.7, 63, 63,10.40,143, 3.6
2025-06-11 11:02:38,-102.1919,31.9432, 889.3, 1133, 19.8, 12.6, 12.6, 63, 63,10.37,143, 3.7
2025-06-11 11:02:39,-102.1919,31.9432, 888.9, 1137, 19.8, 12.6, 12.6, 63, 63,10.34,143, 3.7
2025-06-11 11:02:40,-102.1919,31.9433, 888.5, 1141, 19.7, 12.5, 12.5, 63, 63,10.31,143, 3.7
2025-06-11 11:02:41,-102.1920,31.9433, 888.0, 1145, 19.7, 12.5, 12.5, 63, 63,10.29,143, 3.7
2025-06-11 11:02:42,-102.1920,31.9433, 887.6, 1149, 19.7, 12.4, 12.4, 63, 63,10.26,142, 3.8
2025-06-11 11:02:43,-102.1920,31.9433, 887.2, 1153, 19.6, 12.4, 12.4, 63, 63,10.23,142, 3.8
2025-06-11 11:02:44,-102.1921,31.9434, 886.8, 1158, 19.6, 12.3, 12.3, 63, 63,10.20,142, 3.8
2025-06-11 11:02:45,-102.1921,31.9434, 886.2, 1163, 19.6, 12.3, 12.3, 63, 63,10.17,142, 3.9
2025-06-11 11:02:46,-102.1921,31.9434, 885.6, 1169, 19.6, 12.2, 12.2, 62, 62,10.14,142, 3.9
2025-06-11 11:02:47,-102.1922,31.9435, 885.1, 1174, 19.5, 12.2, 12.2, 62, 62,10.11,141, 3.9
2025-06-11 11:02:48,-102.1922,31.9435, 884.5, 1180, 19.5, 12.1, 12.1, 62, 62,10.09,141, 4.0
2025-06-11 11:02:49,-102.1922,31.9435, 883.9, 1186, 19.5, 12.1, 12.1, 62, 62,10.06,141, 4.0
2025-06-11 11:02:50,-102.1923,31.9435, 883.3, 1191, 19.4, 12.0, 12.0, 62, 62,10.03,141, 4.0
2025-06-11 11:02:51,-102.1923,31.9436, 882.8, 1197, 19.4, 12.0, 12.0, 62, 62,10.01,141, 4.0
2025-06-11 11:02:52,-102.1923,31.9436, 882.4, 1200, 19.4, 11.9, 11.9, 62, 62,10.00,141, 4.1
2025-06-11 11:02:53,-102.1924,31.9436, 881.6, 1208, 19.3, 11.9, 11.9, 62, 62, 9.97,140, 4.1
2025-06-11 11:02:54,-102.1924,31.9437, 881.0, 1214, 19.3, 11.8, 11.8, 62, 62, 9.94,140, 4.1
2025-06-11 11:02:55,-102.1924,31.9437, 880.4, 1220, 19.2, 11.8, 11.8, 62, 62, 9.92,140, 4.2
2025-06-11 11:02:56,-102.1925,31.9437, 879.9, 1225, 19.2, 11.7, 11.7, 62, 62, 9.89,139, 4.2
2025-06-11 11:02:57,-102.1925,31.9437, 879.3, 1230, 19.1, 11.7, 11.7, 62, 62, 9.87,138, 4.3
2025-06-11 11:02:58,-102.1925,31.9438, 878.8, 1236, 19.1, 11.7, 11.7, 62, 62, 9.85,137, 4.4
2025-06-11 11:02:59,-102.1926,31.9438, 878.2, 1241, 19.1, 11.6, 11.6, 62, 62, 9.83,136, 4.4
2025-06-11 11:03:00,-102.1926,31.9438, 877.7, 1246, 19.0, 11.6, 11.6, 62, 62, 9.80,135, 4.5
2025-06-11 11:03:01,-102.1926,31.9439, 877.1, 1252, 19.0, 11.5, 11.5, 62, 62, 9.78,134, 4.6
2025-06-11 11:03:02,-102.1927,31.9439, 876.6, 1257, 18.9, 11.5, 11.5, 62, 62, 9.75,134, 4.6
2025-06-11 11:03:03,-102.1927,31.9439, 876.0, 1263, 18.9, 11.4, 11.4, 62, 62, 9.73,133, 4.7
2025-06-11 11:03:04,-102.1927,31.9439, 875.5, 1269, 18.9, 11.4, 11.4, 62, 62, 9.71,132, 4.8
2025-06-11 11:03:05,-102.1928,31.9440, 874.9, 1274, 18.8, 11.3, 11.3, 62, 62, 9.69,131, 4.8
2025-06-11 11:03:06,-102.1929,31.9440, 874.3, 1280, 18.8, 11.3, 11.3, 62, 62, 9.66,131, 4.9
2025-06-11 11:03:07,-102.1929,31.9441, 873.8, 1285, 18.8, 11.3, 11.3, 62, 62, 9.64,130, 5.0
2025-06-11 11:03:08,-102.1930,31.9441, 873.2, 1290, 18.7, 11.2, 11.2, 62, 62, 9.61,129, 5.0
2025-06-11 11:03:09,-102.1930,31.9441, 872.7, 1296, 18.7, 11.2, 11.2, 62, 62, 9.59,129, 5.1
2025-06-11 11:03:10,-102.1931,31.9442, 872.2, 1301, 18.7, 11.1, 11.1, 62, 62, 9.57,128, 5.2
2025-06-11 11:03:11,-102.1931,31.9442, 871.7, 1306, 18.6, 11.1, 11.1, 61, 61, 9.55,127, 5.3
2025-06-11 11:03:12,-102.1932,31.9442, 871.2, 1311, 18.6, 11.0, 11.0, 61, 61, 9.52,127, 5.3
2025-06-11 11:03:13,-102.1933,31.9443, 870.7, 1316, 18.6, 11.0, 11.0, 61, 61, 9.50,126, 5.4
2025-06-11 11:03:14,-102.1933,31.9443, 870.1, 1321, 18.5, 10.9, 10.9, 61, 61, 9.48,125, 5.5
2025-06-11 11:03:15,-102.1934,31.9443, 869.7, 1325, 18.5, 10.9, 10.9, 61, 61, 9.45,125, 5.6
2025-06-11 11:03:16,-102.1934,31.9444, 869.2, 1330, 18.5, 10.8, 10.8, 61, 61, 9.43,125, 5.7
2025-06-11 11:03:17,-102.1935,31.9444, 868.7, 1335, 18.4, 10.8, 10.8, 61, 61, 9.41,125, 5.7
2025-06-11 11:03:18,-102.1935,31.9444, 868.3, 1340, 18.4, 10.8, 10.8, 61, 61, 9.39,125, 5.8
2025-06-11 11:03:19,-102.1936,31.9445, 867.8, 1344, 18.4, 10.7, 10.7, 61, 61, 9.37,125, 5.9
2025-06-11 11:03:20,-102.1937,31.9445, 867.3, 1349, 18.4, 10.7, 10.7, 61, 61, 9.35,126, 6.0
2025-06-11 11:03:21,-102.1937,31.9445, 866.8, 1353, 18.4, 10.7, 10.7, 61, 61, 9.34,126, 6.0
2025-06-11 11:03:22,-102.1938,31.9446, 866.3, 1358, 18.4, 10.6, 10.6, 61, 61, 9.32,126, 6.1
2025-06-11 11:03:23,-102.1938,31.9446, 865.8, 1362, 18.4, 10.6, 10.6, 60, 60, 9.30,126, 6.2
2025-06-11 11:03:24,-102.1939,31.9446, 865.4, 1367, 18.4, 10.6, 10.6, 60, 60, 9.29,126, 6.3
2025-06-11 11:03:25,-102.1939,31.9447, 864.9, 1372, 18.3, 10.5, 10.5, 60, 60, 9.27,126, 6.3
2025-06-11 11:03:26,-102.1940,31.9447, 864.4, 1378, 18.3, 10.5, 10.5, 60, 60, 9.25,126, 6.4
2025-06-11 11:03:27,-102.1941,31.9448, 863.8, 1383, 18.3, 10.4, 10.4, 60, 60, 9.23,127, 6.5
2025-06-11 11:03:28,-102.1941,31.9448, 863.3, 1388, 18.3, 10.4, 10.4, 60, 60, 9.22,127, 6.6
2025-06-11 11:03:29,-102.1942,31.9448, 862.8, 1393, 18.3, 10.4, 10.4, 60, 60, 9.20,127, 6.7
2025-06-11 11:03:30,-102.1942,31.9449, 862.2, 1399, 18.3, 10.3, 10.3, 60, 60, 9.18,127, 6.7
2025-06-11 11:03:31,-102.1943,31.9449, 861.7, 1404, 18.3, 10.3, 10.3, 60, 60, 9.17,127, 6.8
2025-06-11 11:03:32,-102.1943,31.9449, 861.2, 1409, 18.3, 10.3, 10.3, 60, 60, 9.16,127, 6.9
2025-06-11 11:03:33,-102.1944,31.9450, 860.7, 1415, 18.3, 10.2, 10.2, 60, 60, 9.14,127, 7.0
2025-06-11 11:03:34,-102.1945,31.9450, 860.2, 1420, 18.2, 10.2, 10.2, 60, 60, 9.14,127, 7.0
2025-06-11 11:03:35,-102.1945,31.9450, 859.7, 1425, 18.2, 10.2, 10.2, 59, 59, 9.12,127, 7.1
2025-06-11 11:03:36,-102.1946,31.9451, 859.2, 1430, 18.2, 10.2, 10.2, 59, 59, 9.11,127, 7.1
2025-06-11 11:03:37,-102.1947,31.9451, 858.7, 1434, 18.2, 10.1, 10.1, 59, 59, 9.10,126, 7.1
2025-06-11 11:03:38,-102.1947,31.9451, 858.2, 1439, 18.2, 10.1, 10.1, 59, 59, 9.09,126, 7.1
2025-06-11 11:03:39,-102.1948,31.9451, 857.7, 1443, 18.2, 10.1, 10.1, 59, 59, 9.08,125, 7.1
2025-06-11 11:03:40,-102.1949,31.9452, 857.2, 1448, 18.2, 10.1, 10.1, 59, 59, 9.06,125, 7.1
2025-06-11 11:03:41,-102.1949,31.9452, 856.7, 1454, 18.1, 10.0, 10.0, 59, 59, 9.05,124, 7.1
2025-06-11 11:03:42,-102.1950,31.9452, 856.2, 1459, 18.1, 10.0, 10.0, 59, 59, 9.04,124, 7.1
2025-06-11 11:03:43,-102.1950,31.9452, 855.7, 1464, 18.1, 10.0, 10.0, 59, 59, 9.03,123, 7.1
2025-06-11 11:03:44,-102.1951,31.9453, 855.2, 1469, 18.1,  9.9,  9.9, 59, 59, 9.02,123, 7.1
2025-06-11 11:03:45,-102.1952,31.9453, 854.6, 1475, 18.1,  9.9,  9.9, 59, 59, 9.00,122, 7.1
2025-06-11 11:03:46,-102.1953,31.9453, 854.0, 1481, 18.0,  9.9,  9.9, 59, 59, 8.99,122, 7.1
2025-06-11 11:03:47,-102.1953,31.9453, 853.4, 1487, 18.0,  9.8,  9.8, 59, 59, 8.98,121, 7.1
2025-06-11 11:03:48,-102.1954,31.9454, 852.8, 1493, 17.9,  9.8,  9.8, 59, 59, 8.96,121, 7.1
2025-06-11 11:03:49,-102.1955,31.9454, 852.1, 1500, 17.9,  9.8,  9.8, 59, 59, 8.95,120, 7.1
2025-06-11 11:03:50,-102.1955,31.9454, 851.6, 1506, 17.9,  9.8,  9.8, 59, 59, 8.95,120, 7.1
2025-06-11 11:03:51,-102.1956,31.9454, 851.0, 1512, 17.8,  9.7,  9.7, 59, 59, 8.93,119, 7.1
2025-06-11 11:03:52,-102.1957,31.9455, 850.5, 1517, 17.8,  9.7,  9.7, 59, 59, 8.92,119, 7.1
2025-06-11 11:03:53,-102.1957,31.9455, 850.0, 1522, 17.7,  9.7,  9.7, 59, 59, 8.91,118, 7.1
2025-06-11 11:03:54,-102.1958,31.9455, 849.5, 1527, 17.7,  9.6,  9.6, 59, 59, 8.90,118, 7.1
2025-06-11 11:03:55,-102.1959,31.9455, 849.0, 1532, 17.7,  9.6,  9.6, 59, 59, 8.88,117, 7.1
2025-06-11 11:03:56,-102.1959,31.9456, 848.5, 1537, 17.6,  9.6,  9.6, 59, 59, 8.87,117, 7.1
2025-06-11 11:03:57,-102.1960,31.9456, 848.0, 1542, 17.6,  9.6,  9.6, 59, 59, 8.86,116, 7.1
2025-06-11 11:03:58,-102.1961,31.9456, 847.5, 1547, 17.5,  9.5,  9.5, 59, 59, 8.85,115, 7.0
2025-06-11 11:03:59,-102.1961,31.9457, 847.0, 1552, 17.5,  9.5,  9.5, 59, 59, 8.84,115, 7.0
2025-06-11 11:04:00,-102.1962,31.9457, 846.5, 1557, 17.5,  9.5,  9.5, 60, 60, 8.84,114, 7.0
2025-06-11 11:04:01,-102.1963,31.9457, 846.0, 1562, 17.4,  9.5,  9.5, 60, 60, 8.84,113, 7.0
2025-06-11 11:04:02,-102.1963,31.9457, 845.5, 1567, 17.4,  9.5,  9.5, 60, 60, 8.84,112, 6.9
2025-06-11 11:04:03,-102.1964,31.9458, 845.0, 1571, 17.4,  9.5,  9.5, 60, 60, 8.83,112, 6.9
2025-06-11 11:04:04,-102.1965,31.9458, 844.6, 1576, 17.3,  9.4,  9.4, 60, 60, 8.83,111, 6.9
2025-06-11 11:04:05,-102.1965,31.9458, 844.2, 1580, 17.3,  9.4,  9.4, 60, 60, 8.82,110, 6.9
2025-06-11 11:04:06,-102.1966,31.9458, 843.7, 1585, 17.3,  9.4,  9.4, 60, 60, 8.81,109, 6.8
2025-06-11 11:04:07,-102.1967,31.9458, 843.3, 1589, 17.2,  9.4,  9.4, 60, 60, 8.81,109, 6.8
2025-06-11 11:04:08,-102.1967,31.9458, 842.9, 1593, 17.2,  9.4,  9.4, 60, 60, 8.80,108, 6.8
2025-06-11 11:04:09,-102.1968,31.9458, 842.5, 1597, 17.1,  9.4,  9.4, 60, 60, 8.80,107, 6.8
2025-06-11 11:04:10,-102.1969,31.9458, 842.1, 1601, 17.1,  9.3,  9.3, 60, 60, 8.79,106, 6.8
2025-06-11 11:04:11,-102.1969,31.9458, 841.7, 1605, 17.1,  9.3,  9.3, 60, 60, 8.79,106, 6.7
2025-06-11 11:04:12,-102.1970,31.9458, 841.3, 1609, 17.0,  9.3,  9.3, 60, 60, 8.78,105, 6.7
2025-06-11 11:04:13,-102.1971,31.9458, 840.9, 1613, 17.0,  9.3,  9.3, 61, 61, 8.78,104, 6.7
2025-06-11 11:04:14,-102.1971,31.9458, 840.5, 1618, 17.0,  9.3,  9.3, 61, 61, 8.78,103, 6.7
2025-06-11 11:04:15,-102.1972,31.9459, 840.1, 1622, 16.9,  9.3,  9.3, 61, 61, 8.78,102, 6.7
2025-06-11 11:04:16,-102.1973,31.9459, 839.6, 1626, 16.9,  9.3,  9.3, 61, 61, 8.78,102, 6.7
2025-06-11 11:04:17,-102.1973,31.9459, 839.2, 1631, 16.8,  9.3,  9.3, 61, 61, 8.78,101, 6.6
2025-06-11 11:04:18,-102.1974,31.9459, 838.8, 1635, 16.8,  9.3,  9.3, 61, 61, 8.77,101, 6.6
2025-06-11 11:04:19,-102.1975,31.9459, 838.3, 1640, 16.8,  9.2,  9.2, 61, 61, 8.77,101, 6.6
2025-06-11 11:04:20,-102.1975,31.9459, 837.9, 1644, 16.7,  9.2,  9.2, 61, 61, 8.77,100, 6.6
2025-06-11 11:04:21,-102.1976,31.9459, 837.5, 1648, 16.7,  9.2,  9.2, 61, 61, 8.76,100, 6.5
2025-06-11 11:04:22,-102.1977,31.9459, 837.1, 1652, 16.7,  9.2,  9.2, 61, 61, 8.76, 99, 6.5
2025-06-11 11:04:23,-102.1978,31.9459, 836.7, 1656, 16.6,  9.2,  9.2, 61, 61, 8.76, 99, 6.5
2025-06-11 11:04:24,-102.1978,31.9459, 836.3, 1661, 16.6,  9.2,  9.2, 62, 62, 8.76, 98, 6.5
2025-06-11 11:04:25,-102.1979,31.9459, 835.9, 1665, 16.6,  9.2,  9.2, 62, 62, 8.75, 98, 6.4
2025-06-11 11:04:26,-102.1980,31.9459, 835.4, 1669, 16.5,  9.1,  9.1, 62, 62, 8.74, 97, 6.4
2025-06-11 11:04:27,-102.1980,31.9459, 835.0, 1673, 16.5,  9.1,  9.1, 62, 62, 8.73, 97, 6.4
2025-06-11 11:04:28,-102.1981,31.9459, 834.6, 1677, 16.5,  9.1,  9.1, 62, 62, 8.72, 96, 6.4
2025-06-11 11:04:29,-102.1982,31.9459, 834.2, 1682, 16.5,  9.1,  9.1, 62, 62, 8.71, 96, 6.3
2025-06-11 11:04:30,-102.1982,31.9459, 833.7, 1686, 16.4,  9.0,  9.0, 62, 62, 8.70, 95, 6.3
2025-06-11 11:04:31,-102.1983,31.9459, 833.3, 1690, 16.4,  9.0,  9.0, 62, 62, 8.69, 94, 6.3
2025-06-11 11:04:32,-102.1984,31.9460, 832.9, 1695, 16.4,  9.0,  9.0, 62, 62, 8.68, 94, 6.3
2025-06-11 11:04:33,-102.1984,31.9460, 832.4, 1700, 16.3,  9.0,  9.0, 62, 62, 8.67, 93, 6.3
2025-06-11 11:04:34,-102.1985,31.9460, 832.0, 1705, 16.3,  8.9,  8.9, 62, 62, 8.66, 93, 6.2
2025-06-11 11:04:35,-102.1986,31.9460, 831.6, 1709, 16.3,  8.9,  8.9, 62, 62, 8.65, 92, 6.2
2025-06-11 11:04:36,-102.1986,31.9460, 831.1, 1714, 16.3,  8.9,  8.9, 62, 62, 8.64, 94, 6.2
2025-06-11 11:04:37,-102.1987,31.9460, 830.7, 1718, 16.2,  8.9,  8.9, 62, 62, 8.63, 95, 6.3
2025-06-11 11:04:38,-102.1988,31.9461, 830.4, 1721, 16.2,  8.9,  8.9, 62, 62, 8.63, 96, 6.4
2025-06-11 11:04:39,-102.1988,31.9461, 829.8, 1727, 16.2,  8.8,  8.8, 61, 61, 8.60, 98, 6.5
2025-06-11 11:04:40,-102.1989,31.9461, 829.4, 1731, 16.2,  8.7,  8.7, 61, 61, 8.57,100, 6.5
2025-06-11 11:04:41,-102.1990,31.9462, 829.0, 1735, 16.2,  8.7,  8.7, 61, 61, 8.55,101, 6.6
2025-06-11 11:04:42,-102.1991,31.9462, 828.5, 1740, 16.1,  8.6,  8.6, 61, 61, 8.52,103, 6.6
2025-06-11 11:04:43,-102.1991,31.9462, 828.1, 1744, 16.1,  8.6,  8.6, 61, 61, 8.50,104, 6.7
2025-06-11 11:04:44,-102.1992,31.9463, 827.7, 1749, 16.1,  8.5,  8.5, 61, 61, 8.47,105, 6.7
2025-06-11 11:04:45,-102.1993,31.9463, 827.2, 1753, 16.1,  8.5,  8.5, 61, 61, 8.44,107, 6.8
2025-06-11 11:04:46,-102.1993,31.9463, 826.7, 1758, 16.1,  8.4,  8.4, 60, 60, 8.42,108, 6.8
2025-06-11 11:04:47,-102.1994,31.9463, 826.2, 1762, 16.1,  8.4,  8.4, 60, 60, 8.39,109, 6.9
2025-06-11 11:04:48,-102.1995,31.9464, 825.7, 1768, 16.0,  8.3,  8.3, 60, 60, 8.37,111, 7.0
2025-06-11 11:04:49,-102.1995,31.9464, 825.2, 1774, 16.0,  8.3,  8.3, 60, 60, 8.35,112, 7.0
2025-06-11 11:04:50,-102.1996,31.9464, 824.7, 1780, 16.0,  8.2,  8.2, 60, 60, 8.32,113, 7.1
2025-06-11 11:04:51,-102.1997,31.9465, 824.2, 1785, 16.0,  8.2,  8.2, 60, 60, 8.30,114, 7.1
2025-06-11 11:04:52,-102.1997,31.9465, 823.7, 1791, 15.9,  8.2,  8.2, 60, 60, 8.29,116, 7.2
2025-06-11 11:04:53,-102.1998,31.9465, 823.1, 1797, 15.9,  8.1,  8.1, 60, 60, 8.28,117, 7.2
2025-06-11 11:04:54,-102.1999,31.9466, 822.8, 1800, 15.9,  8.1,  8.1, 60, 60, 8.27,117, 7.2
2025-06-11 11:04:55,-102.1999,31.9466, 822.1, 1806, 15.9,  8.1,  8.1, 60, 60, 8.26,119, 7.3
2025-06-11 11:04:56,-102.2000,31.9466, 821.6, 1811, 15.8,  8.0,  8.0, 60, 60, 8.25,119, 7.4
2025-06-11 11:04:57,-102.2001,31.9466, 821.2, 1816, 15.8,  8.0,  8.0, 60, 60, 8.23,119, 7.4
2025-06-11 11:04:58,-102.2002,31.9467, 820.8, 1820, 15.8,  8.0,  8.0, 60, 60, 8.22,118, 7.4
2025-06-11 11:04:59,-102.2002,31.9467, 820.4, 1825, 15.8,  8.0,  8.0, 60, 60, 8.21,118, 7.4
2025-06-11 11:05:00,-102.2003,31.9467, 819.9, 1829, 15.7,  7.9,  7.9, 60, 60, 8.20,118, 7.4
2025-06-11 11:05:01,-102.2004,31.9468, 819.5, 1833, 15.7,  7.9,  7.9, 60, 60, 8.18,118, 7.4
2025-06-11 11:05:02,-102.2004,31.9468, 819.1, 1837, 15.7,  7.9,  7.9, 60, 60, 8.18,118, 7.4
2025-06-11 11:05:03,-102.2005,31.9468, 818.6, 1842, 15.6,  7.8,  7.8, 60, 60, 8.16,118, 7.4
2025-06-11 11:05:04,-102.2006,31.9469, 818.2, 1846, 15.6,  7.8,  7.8, 60, 60, 8.15,118, 7.4
2025-06-11 11:05:05,-102.2006,31.9469, 817.8, 1851, 15.6,  7.8,  7.8, 60, 60, 8.14,118, 7.5
2025-06-11 11:05:06,-102.2007,31.9469, 817.3, 1855, 15.6,  7.8,  7.8, 60, 60, 8.15,117, 7.5
2025-06-11 11:05:07,-102.2008,31.9470, 816.9, 1860, 15.6,  7.8,  7.8, 60, 60, 8.15,117, 7.5
2025-06-11 11:05:08,-102.2008,31.9470, 816.5, 1864, 15.6,  7.8,  7.8, 60, 60, 8.15,117, 7.5
2025-06-11 11:05:09,-102.2009,31.9470, 816.0, 1869, 15.6,  7.8,  7.8, 60, 60, 8.15,117, 7.5
2025-06-11 11:05:10,-102.2010,31.9471, 815.6, 1874, 15.6,  7.8,  7.8, 60, 60, 8.14,117, 7.5
2025-06-11 11:05:11,-102.2010,31.9471, 815.1, 1879, 15.6,  7.7,  7.7, 60, 60, 8.14,117, 7.5
2025-06-11 11:05:12,-102.2011,31.9471, 814.6, 1884, 15.6,  7.7,  7.7, 60, 60, 8.15,117, 7.5
2025-06-11 11:05:13,-102.2011,31.9472, 814.1, 1889, 15.5,  7.7,  7.7, 60, 60, 8.15,116, 7.5
2025-06-11 11:05:14,-102.2012,31.9472, 813.7, 1893, 15.5,  7.7,  7.7, 60, 60, 8.15,116, 7.6
2025-06-11 11:05:15,-102.2013,31.9472, 813.2, 1898, 15.5,  7.7,  7.7, 60, 60, 8.15,116, 7.6
2025-06-11 11:05:16,-102.2013,31.9473, 812.7, 1904, 15.5,  7.7,  7.7, 60, 60, 8.15,117, 7.5
2025-06-11 11:05:17,-102.2014,31.9473, 812.2, 1909, 15.5,  7.7,  7.7, 60, 60, 8.14,117, 7.5
2025-06-11 11:05:18,-102.2015,31.9473, 811.7, 1914, 15.5,  7.7,  7.7, 60, 60, 8.14,117, 7.4
2025-06-11 11:05:19,-102.2015,31.9474, 811.2, 1920, 15.5,  7.7,  7.7, 60, 60, 8.13,118, 7.4
2025-06-11 11:05:20,-102.2016,31.9474, 810.6, 1925, 15.4,  7.6,  7.6, 60, 60, 8.12,118, 7.4
2025-06-11 11:05:21,-102.2016,31.9475, 810.1, 1931, 15.4,  7.6,  7.6, 60, 60, 8.10,119, 7.3
2025-06-11 11:05:22,-102.2017,31.9475, 809.5, 1937, 15.3,  7.6,  7.6, 60, 60, 8.09,119, 7.3
2025-06-11 11:05:23,-102.2018,31.9475, 809.0, 1942, 15.3,  7.5,  7.5, 60, 60, 8.08,120, 7.2
2025-06-11 11:05:24,-102.2018,31.9476, 808.4, 1948, 15.3,  7.5,  7.5, 60, 60, 8.07,120, 7.2
2025-06-11 11:05:25,-102.2019,31.9476, 807.9, 1954, 15.2,  7.5,  7.5, 60, 60, 8.05,120, 7.2
2025-06-11 11:05:26,-102.2020,31.9476, 807.3, 1960, 15.2,  7.4,  7.4, 60, 60, 8.04,121, 7.1
2025-06-11 11:05:27,-102.2020,31.9477, 806.8, 1966, 15.1,  7.4,  7.4, 60, 60, 8.03,121, 7.1
2025-06-11 11:05:28,-102.2021,31.9477, 806.2, 1972, 15.1,  7.4,  7.4, 60, 60, 8.02,122, 7.0
2025-06-11 11:05:29,-102.2022,31.9477, 805.7, 1977, 15.1,  7.3,  7.3, 60, 60, 8.01,122, 7.0
2025-06-11 11:05:30,-102.2022,31.9478, 805.1, 1983, 15.0,  7.3,  7.3, 60, 60, 7.99,123, 7.0
2025-06-11 11:05:31,-102.2023,31.9478, 804.6, 1989, 15.0,  7.3,  7.3, 60, 60, 7.98,123, 6.9
2025-06-11 11:05:32,-102.2023,31.9478, 804.0, 1995, 15.0,  7.2,  7.2, 60, 60, 7.98,124, 6.9
2025-06-11 11:05:33,-102.2024,31.9479, 803.5, 2000, 14.9,  7.2,  7.2, 60, 60, 7.97,124, 6.9
2025-06-11 11:05:34,-102.2025,31.9479, 803.0, 2006, 14.9,  7.2,  7.2, 60, 60, 7.96,125, 6.8
2025-06-11 11:05:35,-102.2025,31.9479, 802.5, 2011, 14.8,  7.2,  7.2, 60, 60, 7.96,125, 6.8
2025-06-11 11:05:36,-102.2026,31.9480, 801.9, 2017, 14.8,  7.2,  7.2, 60, 60, 7.96,125, 6.8
2025-06-11 11:05:37,-102.2027,31.9480, 801.4, 2023, 14.8,  7.2,  7.2, 60, 60, 7.95,125, 6.9
2025-06-11 11:05:38,-102.2027,31.9480, 800.9, 2028, 14.7,  7.1,  7.1, 60, 60, 7.95,125, 6.9
2025-06-11 11:05:39,-102.2028,31.9481, 800.5, 2032, 14.7,  7.1,  7.1, 60, 60, 7.94,125, 7.0
2025-06-11 11:05:40,-102.2029,31.9481, 800.1, 2037, 14.6,  7.1,  7.1, 61, 61, 7.94,125, 7.0
2025-06-11 11:05:41,-102.2030,31.9481, 799.6, 2041, 14.6,  7.1,  7.1, 61, 61, 7.93,125, 7.1
2025-06-11 11:05:42,-102.2030,31.9482, 799.2, 2045, 14.6,  7.1,  7.1, 61, 61, 7.93,125, 7.1
2025-06-11 11:05:43,-102.2031,31.9482, 798.8, 2050, 14.5,  7.0,  7.0, 61, 61, 7.92,125, 7.2
2025-06-11 11:05:44,-102.2032,31.9482, 798.4, 2054, 14.5,  7.0,  7.0, 61, 61, 7.91,125, 7.2
2025-06-11 11:05:45,-102.2032,31.9482, 798.0, 2059, 14.4,  7.0,  7.0, 61, 61, 7.91,124, 7.3
2025-06-11 11:05:46,-102.2033,31.9483, 797.6, 2063, 14.4,  7.0,  7.0, 61, 61, 7.91,124, 7.3
2025-06-11 11:05:47,-102.2034,31.9483, 797.1, 2067, 14.4,  7.0,  7.0, 61, 61, 7.90,124, 7.4
2025-06-11 11:05:48,-102.2034,31.9483, 796.7, 2072, 14.3,  7.0,  7.0, 61, 61, 7.90,124, 7.4
2025-06-11 11:05:49,-102.2035,31.9484, 796.3, 2076, 14.3,  7.0,  7.0, 61, 61, 7.90,124, 7.5
2025-06-11 11:05:50,-102.2036,31.9484, 795.9, 2081, 14.3,  7.0,  7.0, 61, 61, 7.90,124, 7.5
2025-06-11 11:05:51,-102.2037,31.9484, 795.5, 2086, 14.2,  6.9,  6.9, 61, 61, 7.89,124, 7.6
2025-06-11 11:05:52,-102.2037,31.9484, 795.0, 2090, 14.2,  6.9,  6.9, 62, 62, 7.89,124, 7.6
2025-06-11 11:05:53,-102.2038,31.9485, 794.6, 2095, 14.2,  6.9,  6.9, 62, 62, 7.89,124, 7.7
2025-06-11 11:05:54,-102.2039,31.9485, 794.2, 2100, 14.2,  6.9,  6.9, 62, 62, 7.89,124, 7.7
2025-06-11 11:05:55,-102.2039,31.9485, 793.7, 2104, 14.1,  6.9,  6.9, 62, 62, 7.88,124, 7.7
2025-06-11 11:05:56,-102.2040,31.9486, 793.3, 2108, 14.1,  6.9,  6.9, 62, 62, 7.88,123, 7.7
2025-06-11 11:05:57,-102.2041,31.9486, 792.9, 2112, 14.1,  6.9,  6.9, 62, 62, 7.88,122, 7.7
2025-06-11 11:05:58,-102.2041,31.9486, 792.3, 2118, 14.0,  6.8,  6.8, 62, 62, 7.87,121, 7.6
2025-06-11 11:05:59,-102.2042,31.9487, 792.1, 2121, 14.0,  6.8,  6.8, 62, 62, 7.87,120, 7.6
2025-06-11 11:06:00,-102.2043,31.9487, 791.7, 2125, 14.0,  6.8,  6.8, 62, 62, 7.86,119, 7.7
2025-06-11 11:06:01,-102.2044,31.9487, 791.2, 2130, 14.0,  6.8,  6.8, 62, 62, 7.85,118, 7.7
2025-06-11 11:06:02,-102.2044,31.9487, 790.8, 2135, 14.0,  6.8,  6.8, 62, 62, 7.84,117, 7.7
2025-06-11 11:06:03,-102.2045,31.9488, 790.3, 2140, 14.0,  6.7,  6.7, 62, 62, 7.83,116, 7.6
2025-06-11 11:06:04,-102.2046,31.9488, 789.8, 2145, 13.9,  6.7,  6.7, 62, 62, 7.82,115, 7.6
2025-06-11 11:06:05,-102.2046,31.9488, 789.4, 2149, 13.9,  6.7,  6.7, 62, 62, 7.81,114, 7.6
2025-06-11 11:06:06,-102.2047,31.9488, 788.9, 2155, 13.9,  6.6,  6.6, 62, 62, 7.80,113, 7.6
2025-06-11 11:06:07,-102.2048,31.9488, 788.4, 2160, 13.9,  6.6,  6.6, 61, 61, 7.79,112, 7.6
2025-06-11 11:06:08,-102.2049,31.9489, 787.9, 2166, 13.9,  6.6,  6.6, 61, 61, 7.78,111, 7.6
2025-06-11 11:06:09,-102.2050,31.9489, 787.3, 2172, 13.9,  6.6,  6.6, 61, 61, 7.77,110, 7.6
2025-06-11 11:06:10,-102.2051,31.9489, 786.8, 2178, 13.9,  6.5,  6.5, 61, 61, 7.77,109, 7.5
2025-06-11 11:06:11,-102.2051,31.9489, 786.3, 2183, 13.9,  6.5,  6.5, 61, 61, 7.75,108, 7.5
2025-06-11 11:06:12,-102.2052,31.9489, 785.7, 2189, 13.8,  6.5,  6.5, 61, 61, 7.74,107, 7.5
2025-06-11 11:06:13,-102.2053,31.9489, 785.2, 2195, 13.8,  6.4,  6.4, 61, 61, 7.72,106, 7.5
2025-06-11 11:06:14,-102.2054,31.9489, 784.6, 2201, 13.8,  6.4,  6.4, 61, 61, 7.70,105, 7.5
2025-06-11 11:06:15,-102.2055,31.9489, 784.1, 2207, 13.8,  6.3,  6.3, 61, 61, 7.68,104, 7.5
2025-06-11 11:06:16,-102.2056,31.9489, 783.5, 2213, 13.7,  6.3,  6.3, 61, 61, 7.66,104, 7.5
2025-06-11 11:06:17,-102.2056,31.9489, 783.0, 2219, 13.7,  6.3,  6.3, 61, 61, 7.65,103, 7.5
2025-06-11 11:06:18,-102.2057,31.9490, 782.4, 2225, 13.7,  6.2,  6.2, 61, 61, 7.63,103, 7.6
2025-06-11 11:06:19,-102.2058,31.9490, 781.9, 2231, 13.6,  6.2,  6.2, 61, 61, 7.61,103, 7.6
2025-06-11 11:06:20,-102.2059,31.9490, 781.3, 2237, 13.6,  6.1,  6.1, 60, 60, 7.59,102, 7.7
2025-06-11 11:06:21,-102.2060,31.9490, 780.8, 2243, 13.6,  6.1,  6.1, 60, 60, 7.57,102, 7.7
2025-06-11 11:06:22,-102.2061,31.9490, 780.3, 2249, 13.6,  6.0,  6.0, 60, 60, 7.55,102, 7.7
2025-06-11 11:06:23,-102.2062,31.9490, 779.8, 2254, 13.5,  6.0,  6.0, 60, 60, 7.53,101, 7.8
2025-06-11 11:06:24,-102.2062,31.9490, 779.3, 2259, 13.5,  5.9,  5.9, 60, 60, 7.51,101, 7.8
2025-06-11 11:06:25,-102.2063,31.9490, 778.8, 2265, 13.5,  5.9,  5.9, 60, 60, 7.49,101, 7.8
2025-06-11 11:06:26,-102.2064,31.9490, 778.2, 2270, 13.5,  5.9,  5.9, 60, 60, 7.48,100, 7.9
2025-06-11 11:06:27,-102.2065,31.9490, 777.7, 2275, 13.4,  5.8,  5.8, 60, 60, 7.47,100, 7.9
2025-06-11 11:06:28,-102.2066,31.9491, 777.3, 2281, 13.4,  5.8,  5.8, 60, 60, 7.46,100, 8.0
2025-06-11 11:06:29,-102.2067,31.9491, 776.8, 2286, 13.4,  5.8,  5.8, 60, 60, 7.44, 99, 8.0
2025-06-11 11:06:30,-102.2067,31.9491, 776.3, 2292, 13.3,  5.7,  5.7, 60, 60, 7.43, 99, 8.0
2025-06-11 11:06:31,-102.2068,31.9491, 775.8, 2297, 13.3,  5.7,  5.7, 60, 60, 7.42, 99, 8.1
2025-06-11 11:06:32,-102.2069,31.9491, 775.3, 2302, 13.3,  5.7,  5.7, 60, 60, 7.41, 98, 8.1
2025-06-11 11:06:33,-102.2070,31.9491, 774.9, 2307, 13.3,  5.6,  5.6, 60, 60, 7.40, 98, 8.2
2025-06-11 11:06:34,-102.2071,31.9491, 774.5, 2311, 13.2,  5.6,  5.6, 60, 60, 7.38, 98, 8.2
2025-06-11 11:06:35,-102.2072,31.9491, 774.0, 2316, 13.2,  5.6,  5.6, 60, 60, 7.37, 98, 8.3
2025-06-11 11:06:36,-102.2072,31.9491, 773.6, 2321, 13.2,  5.5,  5.5, 60, 60, 7.36, 97, 8.2
2025-06-11 11:06:37,-102.2073,31.9491, 773.2, 2325, 13.1,  5.5,  5.5, 60, 60, 7.35, 96, 8.2
2025-06-11 11:06:38,-102.2074,31.9491, 772.8, 2329, 13.1,  5.5,  5.5, 60, 60, 7.34, 96, 8.1
2025-06-11 11:06:39,-102.2075,31.9491, 772.4, 2334, 13.1,  5.4,  5.4, 60, 60, 7.32, 95, 8.1
2025-06-11 11:06:40,-102.2075,31.9491, 772.0, 2338, 13.0,  5.4,  5.4, 60, 60, 7.31, 94, 8.1
2025-06-11 11:06:41,-102.2076,31.9491, 771.6, 2342, 13.0,  5.4,  5.4, 60, 60, 7.30, 94, 8.0
2025-06-11 11:06:42,-102.2077,31.9491, 771.2, 2346, 13.0,  5.3,  5.3, 60, 60, 7.29, 93, 8.0
2025-06-11 11:06:43,-102.2077,31.9491, 770.8, 2350, 12.9,  5.3,  5.3, 60, 60, 7.27, 92, 8.0
2025-06-11 11:06:44,-102.2078,31.9491, 770.5, 2355, 12.9,  5.3,  5.3, 60, 60, 7.26, 92, 7.9
2025-06-11 11:06:45,-102.2079,31.9491, 770.0, 2359, 12.9,  5.2,  5.2, 60, 60, 7.25, 91, 7.9
2025-06-11 11:06:46,-102.2080,31.9491, 769.6, 2364, 12.8,  5.2,  5.2, 60, 60, 7.24, 90, 7.9
2025-06-11 11:06:47,-102.2080,31.9491, 769.2, 2368, 12.8,  5.2,  5.2, 60, 60, 7.22, 90, 7.8
2025-06-11 11:06:48,-102.2081,31.9491, 768.8, 2373, 12.8,  5.1,  5.1, 60, 60, 7.21, 89, 7.8
2025-06-11 11:06:49,-102.2082,31.9491, 768.3, 2378, 12.7,  5.1,  5.1, 60, 60, 7.20, 88, 7.8
2025-06-11 11:06:50,-102.2082,31.9491, 767.9, 2383, 12.7,  5.1,  5.1, 60, 60, 7.19, 87, 7.8
2025-06-11 11:06:51,-102.2083,31.9491, 767.4, 2388, 12.7,  5.1,  5.1, 60, 60, 7.18, 87, 7.7
2025-06-11 11:06:52,-102.2084,31.9491, 766.9, 2393, 12.6,  5.0,  5.0, 60, 60, 7.16, 86, 7.7
2025-06-11 11:06:53,-102.2085,31.9491, 766.4, 2398, 12.6,  5.0,  5.0, 60, 60, 7.15, 85, 7.7
2025-06-11 11:06:54,-102.2085,31.9491, 766.0, 2403, 12.6,  5.0,  5.0, 60, 60, 7.14, 85, 7.7
2025-06-11 11:06:55,-102.2086,31.9491, 765.5, 2409, 12.6,  4.9,  4.9, 60, 60, 7.14, 84, 7.7
2025-06-11 11:06:56,-102.2087,31.9491, 765.0, 2415, 12.5,  4.9,  4.9, 60, 60, 7.13, 84, 7.6
2025-06-11 11:06:57,-102.2087,31.9491, 764.5, 2421, 12.5,  4.9,  4.9, 60, 60, 7.12, 85, 7.5
2025-06-11 11:06:58,-102.2088,31.9491, 763.9, 2427, 12.5,  4.9,  4.9, 60, 60, 7.11, 85, 7.4
2025-06-11 11:06:59,-102.2089,31.9491, 763.4, 2433, 12.5,  4.8,  4.8, 60, 60, 7.10, 85, 7.3
2025-06-11 11:07:00,-102.2090,31.9490, 762.9, 2439, 12.4,  4.8,  4.8, 60, 60, 7.09, 86, 7.2
2025-06-11 11:07:01,-102.2090,31.9490, 762.4, 2444, 12.4,  4.8,  4.8, 60, 60, 7.09, 86, 7.1
2025-06-11 11:07:02,-102.2091,31.9490, 761.8, 2449, 12.4,  4.8,  4.8, 60, 60, 7.08, 87, 7.0
2025-06-11 11:07:03,-102.2092,31.9490, 761.4, 2454, 12.4,  4.7,  4.7, 60, 60, 7.07, 87, 6.9
2025-06-11 11:07:04,-102.2093,31.9490, 761.0, 2459, 12.3,  4.7,  4.7, 60, 60, 7.06, 88, 6.8
2025-06-11 11:07:05,-102.2093,31.9490, 760.3, 2466, 12.3,  4.7,  4.7, 60, 60, 7.05, 88, 6.6
2025-06-11 11:07:06,-102.2094,31.9490, 760.1, 2469, 12.3,  4.6,  4.6, 60, 60, 7.04, 89, 6.6
2025-06-11 11:07:07,-102.2094,31.9490, 759.7, 2473, 12.2,  4.6,  4.6, 60, 60, 7.03, 89, 6.5
2025-06-11 11:07:08,-102.2094,31.9491, 759.2, 2478, 12.2,  4.6,  4.6, 60, 60, 7.02, 90, 6.4
2025-06-11 11:07:09,-102.2095,31.9491, 758.8, 2482, 12.2,  4.6,  4.6, 60, 60, 7.01, 90, 6.3
2025-06-11 11:07:10,-102.2095,31.9491, 758.4, 2487, 12.1,  4.5,  4.5, 60, 60, 6.99, 91, 6.2
2025-06-11 11:07:11,-102.2096,31.9491, 758.0, 2492, 12.1,  4.5,  4.5, 60, 60, 6.98, 92, 6.1
2025-06-11 11:07:12,-102.2096,31.9491, 757.6, 2496, 12.1,  4.5,  4.5, 60, 60, 6.97, 92, 6.0
2025-06-11 11:07:13,-102.2097,31.9491, 757.2, 2501, 12.0,  4.4,  4.4, 60, 60, 6.96, 93, 5.9
2025-06-11 11:07:14,-102.2097,31.9491, 756.8, 2505, 12.0,  4.4,  4.4, 60, 60, 6.95, 93, 5.8
2025-06-11 11:07:15,-102.2098,31.9491, 756.3, 2510, 12.0,  4.4,  4.4, 60, 60, 6.94, 94, 5.7
2025-06-11 11:07:16,-102.2098,31.9491, 755.9, 2514, 11.9,  4.3,  4.3, 60, 60, 6.93, 94, 5.6
2025-06-11 11:07:17,-102.2099,31.9491, 755.5, 2519, 11.9,  4.3,  4.3, 60, 60, 6.92, 94, 5.5
2025-06-11 11:07:18,-102.2099,31.9491, 755.0, 2524, 11.9,  4.3,  4.3, 60, 60, 6.91, 95, 5.5
2025-06-11 11:07:19,-102.2100,31.9491, 754.6, 2529, 11.8,  4.3,  4.3, 60, 60, 6.90, 95, 5.4
2025-06-11 11:07:20,-102.2100,31.9491, 754.1, 2534, 11.8,  4.2,  4.2, 60, 60, 6.89, 95, 5.3
2025-06-11 11:07:21,-102.2101,31.9491, 753.7, 2540, 11.8,  4.2,  4.2, 60, 60, 6.88, 95, 5.2
2025-06-11 11:07:22,-102.2101,31.9491, 753.3, 2545, 11.7,  4.2,  4.2, 60, 60, 6.87, 95, 5.1
2025-06-11 11:07:23,-102.2101,31.9491, 752.8, 2549, 11.7,  4.1,  4.1, 60, 60, 6.86, 96, 5.0
2025-06-11 11:07:24,-102.2102,31.9491, 752.4, 2554, 11.6,  4.1,  4.1, 60, 60, 6.85, 96, 4.9
2025-06-11 11:07:25,-102.2102,31.9492, 751.9, 2559, 11.6,  4.1,  4.1, 60, 60, 6.84, 96, 4.8
2025-06-11 11:07:26,-102.2103,31.9492, 751.5, 2564, 11.5,  4.1,  4.1, 60, 60, 6.83, 96, 4.7
2025-06-11 11:07:27,-102.2103,31.9492, 751.1, 2568, 11.5,  4.0,  4.0, 60, 60, 6.82, 97, 4.7
2025-06-11 11:07:28,-102.2104,31.9492, 750.7, 2573, 11.5,  4.0,  4.0, 60, 60, 6.82, 97, 4.6
2025-06-11 11:07:29,-102.2104,31.9492, 750.3, 2578, 11.4,  4.0,  4.0, 60, 60, 6.81, 97, 4.5
2025-06-11 11:07:30,-102.2105,31.9492, 749.9, 2582, 11.4,  4.0,  4.0, 60, 60, 6.79, 97, 4.4
2025-06-11 11:07:31,-102.2105,31.9492, 749.5, 2586, 11.3,  3.9,  3.9, 60, 60, 6.78, 98, 4.3
2025-06-11 11:07:32,-102.2106,31.9492, 749.1, 2590, 11.3,  3.9,  3.9, 60, 60, 6.77, 98, 4.2
2025-06-11 11:07:33,-102.2106,31.9492, 748.7, 2594, 11.3,  3.9,  3.9, 60, 60, 6.77, 98, 4.1
2025-06-11 11:07:34,-102.2107,31.9492, 748.3, 2599, 11.2,  3.9,  3.9, 61, 61, 6.77, 99, 4.0
2025-06-11 11:07:35,-102.2107,31.9492, 747.9, 2604, 11.2,  3.9,  3.9, 61, 61, 6.76, 99, 4.0
2025-06-11 11:07:36,-102.2107,31.9492, 747.5, 2609, 11.1,  3.8,  3.8, 61, 61, 6.76,100, 3.9
2025-06-11 11:07:37,-102.2108,31.9492, 747.0, 2613, 11.1,  3.8,  3.8, 61, 61, 6.76,101, 3.8
2025-06-11 11:07:38,-102.2108,31.9492, 746.6, 2618, 11.1,  3.8,  3.8, 61, 61, 6.75,102, 3.7
2025-06-11 11:07:39,-102.2108,31.9493, 746.2, 2623, 11.0,  3.8,  3.8, 61, 61, 6.75,102, 3.7
2025-06-11 11:07:40,-102.2109,31.9493, 745.9, 2627, 11.0,  3.8,  3.8, 61, 61, 6.74,103, 3.6
2025-06-11 11:07:41,-102.2109,31.9493, 745.5, 2631, 10.9,  3.8,  3.8, 61, 61, 6.74,104, 3.6
2025-06-11 11:07:42,-102.2109,31.9493, 745.1, 2635, 10.9,  3.7,  3.7, 61, 61, 6.74,105, 3.5
2025-06-11 11:07:43,-102.2109,31.9493, 744.8, 2639, 10.8,  3.7,  3.7, 61, 61, 6.73,107, 3.5
2025-06-11 11:07:44,-102.2110,31.9493, 744.4, 2643, 10.8,  3.7,  3.7, 62, 62, 6.73,108, 3.4
2025-06-11 11:07:45,-102.2110,31.9493, 744.0, 2647, 10.8,  3.7,  3.7, 62, 62, 6.72,109, 3.3
2025-06-11 11:07:46,-102.2110,31.9493, 743.6, 2652, 10.7,  3.7,  3.7, 62, 62, 6.72,110, 3.3
2025-06-11 11:07:47,-102.2111,31.9493, 743.2, 2656, 10.7,  3.7,  3.7, 62, 62, 6.72,111, 3.2
2025-06-11 11:07:48,-102.2111,31.9494, 742.8, 2661, 10.6,  3.7,  3.7, 62, 62, 6.72,113, 3.1
2025-06-11 11:07:49,-102.2111,31.9494, 742.4, 2665, 10.6,  3.6,  3.6, 62, 62, 6.71,114, 3.1
2025-06-11 11:07:50,-102.2111,31.9494, 742.0, 2670, 10.5,  3.6,  3.6, 62, 62, 6.71,115, 3.0
2025-06-11 11:07:51,-102.2112,31.9494, 741.6, 2674, 10.5,  3.6,  3.6, 62, 62, 6.70,117, 3.0
2025-06-11 11:07:52,-102.2112,31.9494, 741.2, 2679, 10.5,  3.6,  3.6, 62, 62, 6.70,118, 2.9
2025-06-11 11:07:53,-102.2112,31.9494, 740.8, 2684, 10.4,  3.6,  3.6, 63, 63, 6.70,120, 2.8
2025-06-11 11:07:54,-102.2113,31.9494, 740.3, 2689, 10.4,  3.6,  3.6, 63, 63, 6.69,122, 2.8
2025-06-11 11:07:55,-102.2113,31.9494, 739.9, 2693, 10.3,  3.5,  3.5, 63, 63, 6.69,123, 2.7
2025-06-11 11:07:56,-102.2113,31.9494, 739.5, 2698, 10.3,  3.5,  3.5, 63, 63, 6.68,122, 2.7
2025-06-11 11:07:57,-102.2113,31.9495, 739.1, 2703, 10.2,  3.5,  3.5, 63, 63, 6.68,121, 2.8
2025-06-11 11:07:58,-102.2114,31.9495, 738.7, 2707, 10.2,  3.5,  3.5, 63, 63, 6.68,120, 2.8
2025-06-11 11:07:59,-102.2114,31.9495, 738.3, 2712, 10.2,  3.5,  3.5, 63, 63, 6.67,119, 2.8
2025-06-11 11:08:00,-102.2114,31.9495, 737.9, 2717, 10.1,  3.5,  3.5, 63, 63, 6.67,118, 2.9
2025-06-11 11:08:01,-102.2115,31.9495, 737.5, 2721, 10.1,  3.5,  3.5, 63, 63, 6.67,117, 2.9
2025-06-11 11:08:02,-102.2115,31.9495, 737.1, 2726, 10.0,  3.4,  3.4, 64, 64, 6.67,116, 3.0
2025-06-11 11:08:03,-102.2115,31.9495, 736.6, 2730, 10.0,  3.4,  3.4, 64, 64, 6.66,115, 3.0
2025-06-11 11:08:04,-102.2115,31.9495, 736.1, 2736,  9.9,  3.4,  3.4, 64, 64, 6.66,114, 3.0
2025-06-11 11:08:05,-102.2116,31.9496, 735.7, 2741,  9.9,  3.4,  3.4, 64, 64, 6.66,113, 3.1
2025-06-11 11:08:06,-102.2116,31.9496, 735.2, 2746,  9.9,  3.4,  3.4, 64, 64, 6.66,112, 3.1
2025-06-11 11:08:07,-102.2116,31.9496, 734.7, 2752,  9.8,  3.4,  3.4, 64, 64, 6.66,111, 3.2
2025-06-11 11:08:08,-102.2117,31.9496, 734.3, 2757,  9.8,  3.4,  3.4, 64, 64, 6.65,110, 3.2
2025-06-11 11:08:09,-102.2117,31.9496, 733.9, 2762,  9.7,  3.4,  3.4, 65, 65, 6.65,109, 3.2
2025-06-11 11:08:10,-102.2118,31.9496, 733.5, 2766,  9.7,  3.3,  3.3, 65, 65, 6.65,109, 3.2
2025-06-11 11:08:11,-102.2118,31.9496, 733.1, 2771,  9.6,  3.3,  3.3, 65, 65, 6.65,108, 3.3
2025-06-11 11:08:12,-102.2118,31.9496, 732.7, 2775,  9.6,  3.3,  3.3, 65, 65, 6.65,107, 3.3
2025-06-11 11:08:13,-102.2119,31.9497, 732.4, 2779,  9.5,  3.3,  3.3, 65, 65, 6.64,106, 3.4
2025-06-11 11:08:14,-102.2119,31.9497, 732.0, 2783,  9.5,  3.3,  3.3, 65, 65, 6.64,105, 3.4
2025-06-11 11:08:15,-102.2119,31.9497, 731.6, 2788,  9.5,  3.3,  3.3, 65, 65, 6.64,105, 3.5
2025-06-11 11:08:16,-102.2120,31.9497, 731.2, 2792,  9.4,  3.3,  3.3, 65, 65, 6.64,105, 3.5
2025-06-11 11:08:17,-102.2120,31.9497, 730.8, 2797,  9.4,  3.3,  3.3, 66, 66, 6.63,106, 3.5
2025-06-11 11:08:18,-102.2121,31.9497, 730.4, 2801,  9.3,  3.2,  3.2, 66, 66, 6.63,106, 3.5
2025-06-11 11:08:19,-102.2121,31.9498, 730.0, 2806,  9.3,  3.2,  3.2, 66, 66, 6.63,107, 3.6
2025-06-11 11:08:20,-102.2121,31.9498, 729.6, 2811,  9.3,  3.2,  3.2, 66, 66, 6.63,108, 3.6
2025-06-11 11:08:21,-102.2122,31.9498, 729.2, 2815,  9.2,  3.2,  3.2, 66, 66, 6.63,108, 3.6
2025-06-11 11:08:22,-102.2122,31.9498, 728.8, 2820,  9.2,  3.2,  3.2, 66, 66, 6.62,109, 3.6
2025-06-11 11:08:23,-102.2122,31.9498, 728.4, 2824,  9.1,  3.2,  3.2, 66, 66, 6.62,109, 3.7
2025-06-11 11:08:24,-102.2123,31.9498, 728.0, 2829,  9.1,  3.2,  3.2, 66, 66, 6.62,110, 3.7
2025-06-11 11:08:25,-102.2123,31.9498, 727.6, 2833,  9.1,  3.1,  3.1, 66, 66, 6.61,110, 3.7
2025-06-11 11:08:26,-102.2124,31.9499, 727.2, 2838,  9.0,  3.1,  3.1, 67, 67, 6.61,111, 3.8
2025-06-11 11:08:27,-102.2124,31.9499, 726.8, 2842,  9.0,  3.1,  3.1, 67, 67, 6.61,111, 3.8
2025-06-11 11:08:28,-102.2124,31.9499, 726.4, 2847,  9.0,  3.1,  3.1, 67, 67, 6.60,112, 3.8
2025-06-11 11:08:29,-102.2125,31.9499, 726.0, 2851,  8.9,  3.1,  3.1, 67, 67, 6.60,112, 3.8
2025-06-11 11:08:30,-102.2125,31.9499, 725.6, 2856,  8.9,  3.1,  3.1, 67, 67, 6.59,113, 3.9
2025-06-11 11:08:31,-102.2125,31.9499, 725.2, 2861,  8.8,  3.0,  3.0, 67, 67, 6.59,113, 3.9
2025-06-11 11:08:32,-102.2126,31.9499, 724.8, 2865,  8.8,  3.0,  3.0, 67, 67, 6.59,114, 3.9
2025-06-11 11:08:33,-102.2126,31.9500, 724.4, 2870,  8.8,  3.0,  3.0, 67, 67, 6.58,114, 4.0
2025-06-11 11:08:34,-102.2127,31.9500, 724.0, 2874,  8.7,  3.0,  3.0, 67, 67, 6.57,114, 4.0
2025-06-11 11:08:35,-102.2127,31.9500, 723.6, 2879,  8.7,  3.0,  3.0, 67, 67, 6.57,115, 4.0
2025-06-11 11:08:36,-102.2127,31.9500, 723.2, 2883,  8.7,  3.0,  3.0, 67, 67, 6.57,115, 4.1
2025-06-11 11:08:37,-102.2128,31.9500, 722.8, 2888,  8.6,  2.9,  2.9, 67, 67, 6.56,115, 4.1
2025-06-11 11:08:38,-102.2128,31.9500, 722.4, 2892,  8.6,  2.9,  2.9, 68, 68, 6.56,115, 4.2
2025-06-11 11:08:39,-102.2129,31.9500, 722.0, 2897,  8.6,  2.9,  2.9, 68, 68, 6.55,115, 4.2
2025-06-11 11:08:40,-102.2129,31.9500, 721.6, 2901,  8.5,  2.9,  2.9, 68, 68, 6.54,115, 4.2
2025-06-11 11:08:41,-102.2130,31.9501, 721.2, 2906,  8.5,  2.9,  2.9, 68, 68, 6.54,114, 4.3
2025-06-11 11:08:42,-102.2130,31.9501, 720.8, 2911,  8.4,  2.8,  2.8, 68, 68, 6.53,114, 4.3
2025-06-11 11:08:43,-102.2131,31.9501, 720.4, 2915,  8.4,  2.8,  2.8, 68, 68, 6.52,114, 4.4
2025-06-11 11:08:44,-102.2131,31.9501, 720.0, 2920,  8.4,  2.8,  2.8, 68, 68, 6.51,114, 4.4
2025-06-11 11:08:45,-102.2132,31.9501, 719.6, 2925,  8.3,  2.8,  2.8, 68, 68, 6.50,114, 4.5
2025-06-11 11:08:46,-102.2132,31.9501, 719.2, 2929,  8.3,  2.7,  2.7, 68, 68, 6.50,114, 4.5
2025-06-11 11:08:47,-102.2133,31.9501, 718.7, 2934,  8.2,  2.7,  2.7, 68, 68, 6.49,114, 4.5
2025-06-11 11:08:48,-102.2133,31.9501, 718.3, 2939,  8.2,  2.7,  2.7, 68, 68, 6.48,114, 4.6
2025-06-11 11:08:49,-102.2134,31.9502, 717.9, 2944,  8.1,  2.7,  2.7, 68, 68, 6.47,114, 4.6
2025-06-11 11:08:50,-102.2134,31.9502, 717.5, 2949,  8.1,  2.6,  2.6, 68, 68, 6.47,114, 4.7
2025-06-11 11:08:51,-102.2135,31.9502, 717.0, 2954,  8.1,  2.6,  2.6, 68, 68, 6.46,114, 4.7
2025-06-11 11:08:52,-102.2135,31.9502, 716.6, 2959,  8.0,  2.6,  2.6, 69, 69, 6.45,114, 4.8
2025-06-11 11:08:53,-102.2136,31.9502, 716.1, 2964,  8.0,  2.6,  2.6, 69, 69, 6.44,114, 4.8
2025-06-11 11:08:54,-102.2136,31.9502, 715.7, 2969,  7.9,  2.5,  2.5, 69, 69, 6.44,114, 4.8
2025-06-11 11:08:55,-102.2137,31.9502, 715.3, 2974,  7.9,  2.5,  2.5, 69, 69, 6.43,114, 4.9
2025-06-11 11:08:56,-102.2137,31.9502, 714.8, 2980,  7.8,  2.5,  2.5, 69, 69, 6.42,113, 4.9
2025-06-11 11:08:57,-102.2138,31.9502, 714.4, 2985,  7.8,  2.5,  2.5, 69, 69, 6.42,112, 4.8
2025-06-11 11:08:58,-102.2138,31.9503, 713.9, 2990,  7.7,  2.4,  2.4, 69, 69, 6.41,111, 4.8
2025-06-11 11:08:59,-102.2139,31.9503, 713.4, 2995,  7.7,  2.4,  2.4, 69, 69, 6.41,111, 4.8
2025-06-11 11:09:00,-102.2139,31.9503, 713.0, 3001,  7.7,  2.4,  2.4, 69, 69, 6.40,110, 4.8
2025-06-11 11:09:01,-102.2140,31.9503, 712.5, 3006,  7.6,  2.4,  2.4, 69, 69, 6.40,109, 4.8
2025-06-11 11:09:02,-102.2140,31.9503, 712.0, 3012,  7.6,  2.4,  2.4, 69, 69, 6.39,108, 4.8
2025-06-11 11:09:03,-102.2141,31.9503, 711.6, 3017,  7.5,  2.3,  2.3, 70, 70, 6.38,108, 4.8
2025-06-11 11:09:04,-102.2141,31.9503, 711.1, 3023,  7.5,  2.3,  2.3, 70, 70, 6.38,107, 4.7
2025-06-11 11:09:05,-102.2142,31.9503, 710.7, 3028,  7.4,  2.3,  2.3, 70, 70, 6.37,106, 4.7
2025-06-11 11:09:06,-102.2142,31.9504, 710.2, 3033,  7.4,  2.3,  2.3, 70, 70, 6.36,105, 4.7
2025-06-11 11:09:07,-102.2143,31.9504, 709.8, 3038,  7.4,  2.3,  2.3, 70, 70, 6.36,105, 4.7
2025-06-11 11:09:08,-102.2143,31.9504, 709.3, 3043,  7.3,  2.2,  2.2, 70, 70, 6.35,104, 4.7
2025-06-11 11:09:09,-102.2144,31.9504, 708.9, 3048,  7.3,  2.2,  2.2, 70, 70, 6.35,103, 4.7
2025-06-11 11:09:10,-102.2144,31.9504, 708.5, 3053,  7.2,  2.2,  2.2, 70, 70, 6.34,102, 4.7
2025-06-11 11:09:11,-102.2145,31.9504, 708.2, 3058,  7.2,  2.2,  2.2, 70, 70, 6.33,101, 4.7
2025-06-11 11:09:12,-102.2145,31.9504, 707.8, 3062,  7.2,  2.1,  2.1, 70, 70, 6.33,101, 4.7
2025-06-11 11:09:13,-102.2146,31.9505, 707.4, 3066,  7.1,  2.1,  2.1, 71, 71, 6.32,100, 4.7
2025-06-11 11:09:14,-102.2146,31.9505, 707.0, 3070,  7.1,  2.1,  2.1, 71, 71, 6.32, 99, 4.7
2025-06-11 11:09:15,-102.2147,31.9505, 706.6, 3074,  7.0,  2.1,  2.1, 71, 71, 6.31, 98, 4.7
2025-06-11 11:09:16,-102.2147,31.9505, 706.2, 3079,  7.0,  2.1,  2.1, 71, 71, 6.31, 99, 4.7
2025-06-11 11:09:17,-102.2148,31.9505, 705.8, 3084,  7.0,  2.0,  2.0, 71, 71, 6.30,100, 4.7
2025-06-11 11:09:18,-102.2148,31.9505, 705.4, 3088,  6.9,  2.0,  2.0, 71, 71, 6.30,101, 4.7
2025-06-11 11:09:19,-102.2148,31.9506, 705.0, 3093,  6.9,  2.0,  2.0, 71, 71, 6.29,102, 4.7
2025-06-11 11:09:20,-102.2149,31.9506, 704.7, 3098,  6.9,  2.0,  2.0, 71, 71, 6.28,102, 4.7
2025-06-11 11:09:21,-102.2149,31.9506, 704.2, 3102,  6.8,  2.0,  2.0, 71, 71, 6.28,103, 4.7
2025-06-11 11:09:22,-102.2150,31.9506, 703.8, 3107,  6.8,  1.9,  1.9, 71, 71, 6.27,104, 4.7
2025-06-11 11:09:23,-102.2150,31.9506, 703.4, 3112,  6.8,  1.9,  1.9, 71, 71, 6.27,105, 4.7
2025-06-11 11:09:24,-102.2151,31.9506, 703.0, 3117,  6.7,  1.9,  1.9, 71, 71, 6.27,106, 4.7
2025-06-11 11:09:25,-102.2151,31.9506, 702.6, 3122,  6.7,  1.9,  1.9, 71, 71, 6.26,106, 4.7
2025-06-11 11:09:26,-102.2152,31.9507, 702.2, 3127,  6.7,  1.9,  1.9, 71, 71, 6.26,107, 4.8
2025-06-11 11:09:27,-102.2152,31.9507, 701.8, 3132,  6.6,  1.9,  1.9, 71, 71, 6.25,108, 4.8
2025-06-11 11:09:28,-102.2153,31.9507, 701.4, 3136,  6.6,  1.8,  1.8, 72, 72, 6.25,109, 4.8
2025-06-11 11:09:29,-102.2153,31.9507, 701.0, 3141,  6.6,  1.8,  1.8, 72, 72, 6.24,110, 4.8
2025-06-11 11:09:30,-102.2154,31.9507, 700.6, 3145,  6.6,  1.8,  1.8, 72, 72, 6.24,110, 4.8
2025-06-11 11:09:31,-102.2154,31.9507, 700.2, 3149,  6.5,  1.8,  1.8, 72, 72, 6.23,111, 4.8
2025-06-11 11:09:32,-102.2154,31.9508, 700.0, 3152,  6.5,  1.8,  1.8, 72, 72, 6.23,112, 4.8
2025-06-11 11:09:33,-102.2155,31.9508, 699.5, 3158,  6.5,  1.7,  1.7, 72, 72, 6.22,113, 4.9
2025-06-11 11:09:34,-102.2155,31.9508, 699.1, 3163,  6.4,  1.7,  1.7, 72, 72, 6.22,113, 4.9
2025-06-11 11:09:35,-102.2156,31.9508, 698.7, 3168,  6.4,  1.7,  1.7, 72, 72, 6.21,114, 4.9
2025-06-11 11:09:36,-102.2156,31.9508, 698.3, 3173,  6.4,  1.7,  1.7, 72, 72, 6.20,114, 5.0
2025-06-11 11:09:37,-102.2157,31.9508, 697.9, 3177,  6.3,  1.7,  1.7, 72, 72, 6.20,114, 5.0
2025-06-11 11:09:38,-102.2157,31.9508, 697.5, 3182,  6.3,  1.6,  1.6, 72, 72, 6.19,114, 5.1
2025-06-11 11:09:39,-102.2158,31.9509, 697.0, 3187,  6.3,  1.6,  1.6, 72, 72, 6.18,113, 5.1
2025-06-11 11:09:40,-102.2159,31.9509, 696.6, 3192,  6.3,  1.6,  1.6, 72, 72, 6.18,113, 5.2
2025-06-11 11:09:41,-102.2159,31.9509, 696.1, 3198,  6.2,  1.6,  1.6, 72, 72, 6.17,113, 5.2
2025-06-11 11:09:42,-102.2160,31.9509, 695.7, 3203,  6.2,  1.5,  1.5, 72, 72, 6.16,113, 5.3
2025-06-11 11:09:43,-102.2160,31.9509, 695.3, 3208,  6.2,  1.5,  1.5, 72, 72, 6.16,113, 5.3
2025-06-11 11:09:44,-102.2161,31.9510, 694.8, 3213,  6.1,  1.5,  1.5, 72, 72, 6.15,112, 5.4
2025-06-11 11:09:45,-102.2162,31.9510, 694.4, 3218,  6.1,  1.5,  1.5, 72, 72, 6.15,112, 5.4
2025-06-11 11:09:46,-102.2162,31.9510, 694.0, 3222,  6.1,  1.4,  1.4, 72, 72, 6.14,112, 5.5
2025-06-11 11:09:47,-102.2163,31.9510, 693.6, 3227,  6.1,  1.4,  1.4, 72, 72, 6.13,112, 5.5
2025-06-11 11:09:48,-102.2163,31.9510, 693.2, 3232,  6.0,  1.4,  1.4, 72, 72, 6.12,112, 5.6
2025-06-11 11:09:49,-102.2164,31.9511, 692.8, 3236,  6.0,  1.4,  1.4, 72, 72, 6.11,112, 5.6
2025-06-11 11:09:50,-102.2165,31.9511, 692.4, 3241,  6.0,  1.3,  1.3, 72, 72, 6.10,112, 5.7
2025-06-11 11:09:51,-102.2165,31.9511, 692.0, 3246,  5.9,  1.3,  1.3, 72, 72, 6.09,111, 5.7
2025-06-11 11:09:52,-102.2166,31.9511, 691.6, 3252,  5.9,  1.3,  1.3, 72, 72, 6.09,111, 5.8
2025-06-11 11:09:53,-102.2167,31.9511, 691.2, 3257,  5.9,  1.3,  1.3, 72, 72, 6.08,111, 5.8
2025-06-11 11:09:54,-102.2167,31.9511, 690.7, 3262,  5.8,  1.2,  1.2, 72, 72, 6.07,111, 5.9
2025-06-11 11:09:55,-102.2168,31.9512, 690.3, 3267,  5.8,  1.2,  1.2, 72, 72, 6.06,111, 5.9
2025-06-11 11:09:56,-102.2168,31.9512, 689.9, 3272,  5.8,  1.2,  1.2, 72, 72, 6.05,111, 5.9
2025-06-11 11:09:57,-102.2169,31.9512, 689.5, 3276,  5.7,  1.1,  1.1, 72, 72, 6.04,111, 5.9
2025-06-11 11:09:58,-102.2170,31.9512, 689.1, 3280,  5.7,  1.1,  1.1, 72, 72, 6.03,111, 5.9
2025-06-11 11:09:59,-102.2170,31.9512, 688.7, 3285,  5.7,  1.1,  1.1, 72, 72, 6.03,110, 5.9
2025-06-11 11:10:00,-102.2171,31.9513, 688.4, 3289,  5.6,  1.1,  1.1, 72, 72, 6.01,110, 5.9
2025-06-11 11:10:01,-102.2171,31.9513, 688.0, 3294,  5.6,  1.0,  1.0, 72, 72, 6.01,110, 5.9
2025-06-11 11:10:02,-102.2172,31.9513, 687.6, 3299,  5.6,  1.0,  1.0, 72, 72, 6.01,110, 5.9
2025-06-11 11:10:03,-102.2173,31.9513, 687.2, 3304,  5.6,  1.0,  1.0, 73, 73, 6.01,110, 5.9
2025-06-11 11:10:04,-102.2173,31.9513, 686.8, 3308,  5.5,  1.0,  1.0, 73, 73, 6.01,110, 5.9
2025-06-11 11:10:05,-102.2174,31.9513, 686.4, 3313,  5.5,  1.0,  1.0, 73, 73, 6.01,110, 5.9
2025-06-11 11:10:06,-102.2175,31.9514, 686.1, 3318,  5.5,  1.0,  1.0, 73, 73, 6.00,110, 5.9
2025-06-11 11:10:07,-102.2175,31.9514, 685.7, 3322,  5.4,  1.0,  1.0, 73, 73, 6.00,110, 5.9
2025-06-11 11:10:08,-102.2176,31.9514, 685.3, 3326,  5.4,  1.0,  1.0, 73, 73, 6.00,110, 5.9
2025-06-11 11:10:09,-102.2176,31.9514, 684.9, 3330,  5.4,  0.9,  0.9, 73, 73, 6.00,110, 5.9
2025-06-11 11:10:10,-102.2177,31.9514, 684.6, 3334,  5.3,  0.9,  0.9, 73, 73, 6.00,110, 5.9
2025-06-11 11:10:11,-102.2177,31.9514, 684.2, 3338,  5.3,  0.9,  0.9, 73, 73, 6.00,110, 5.9
2025-06-11 11:10:12,-102.2178,31.9514, 683.9, 3343,  5.3,  0.9,  0.9, 73, 73, 5.99,109, 5.9
2025-06-11 11:10:13,-102.2178,31.9514, 683.5, 3347,  5.2,  0.9,  0.9, 74, 74, 5.99,109, 5.9
2025-06-11 11:10:14,-102.2179,31.9515, 683.3, 3350,  5.2,  0.9,  0.9, 74, 74, 5.99,109, 5.9
2025-06-11 11:10:15,-102.2179,31.9515, 682.8, 3356,  5.2,  0.9,  0.9, 73, 73, 5.98,109, 5.9
2025-06-11 11:10:16,-102.2180,31.9515, 682.4, 3360,  5.2,  0.8,  0.8, 73, 73, 5.97,109, 5.9
2025-06-11 11:10:17,-102.2180,31.9515, 682.0, 3365,  5.2,  0.8,  0.8, 73, 73, 5.96,109, 5.9
2025-06-11 11:10:18,-102.2181,31.9515, 681.6, 3369,  5.2,  0.8,  0.8, 73, 73, 5.95,109, 5.9
2025-06-11 11:10:19,-102.2181,31.9515, 681.2, 3374,  5.2,  0.7,  0.7, 73, 73, 5.94,108, 5.8
2025-06-11 11:10:20,-102.2182,31.9515, 680.8, 3380,  5.2,  0.7,  0.7, 73, 73, 5.93,108, 5.8
2025-06-11 11:10:21,-102.2182,31.9515, 680.4, 3385,  5.2,  0.7,  0.7, 73, 73, 5.92,108, 5.8
2025-06-11 11:10:22,-102.2183,31.9516, 680.0, 3390,  5.1,  0.7,  0.7, 73, 73, 5.92,108, 5.7
2025-06-11 11:10:23,-102.2184,31.9516, 679.5, 3395,  5.1,  0.6,  0.6, 73, 73, 5.91,108, 5.7
2025-06-11 11:10:24,-102.2184,31.9516, 679.1, 3400,  5.1,  0.6,  0.6, 73, 73, 5.90,107, 5.7
2025-06-11 11:10:25,-102.2185,31.9516, 678.7, 3405,  5.1,  0.6,  0.6, 72, 72, 5.89,107, 5.7
2025-06-11 11:10:26,-102.2185,31.9516, 678.2, 3411,  5.1,  0.5,  0.5, 72, 72, 5.88,107, 5.6
2025-06-11 11:10:27,-102.2186,31.9516, 677.8, 3416,  5.1,  0.5,  0.5, 72, 72, 5.87,107, 5.6
2025-06-11 11:10:28,-102.2186,31.9516, 677.3, 3422,  5.1,  0.5,  0.5, 72, 72, 5.86,107, 5.6
2025-06-11 11:10:29,-102.2187,31.9516, 676.9, 3427,  5.0,  0.5,  0.5, 72, 72, 5.86,106, 5.5
2025-06-11 11:10:30,-102.2187,31.9516, 676.4, 3432,  5.0,  0.4,  0.4, 72, 72, 5.85,106, 5.5
2025-06-11 11:10:31,-102.2188,31.9517, 676.0, 3438,  5.0,  0.4,  0.4, 72, 72, 5.84,106, 5.5
2025-06-11 11:10:32,-102.2188,31.9517, 675.5, 3443,  5.0,  0.4,  0.4, 72, 72, 5.83,106, 5.5
2025-06-11 11:10:33,-102.2189,31.9517, 675.1, 3449,  5.0,  0.4,  0.4, 72, 72, 5.83,105, 5.4
2025-06-11 11:10:34,-102.2189,31.9517, 674.6, 3455,  4.9,  0.3,  0.3, 72, 72, 5.82,105, 5.4
2025-06-11 11:10:35,-102.2190,31.9517, 674.2, 3460,  4.9,  0.3,  0.3, 72, 72, 5.82,105, 5.4
2025-06-11 11:10:36,-102.2190,31.9517, 673.7, 3466,  4.9,  0.3,  0.3, 72, 72, 5.81,104, 5.3
2025-06-11 11:10:37,-102.2191,31.9517, 673.3, 3471,  4.9,  0.3,  0.3, 72, 72, 5.80,103, 5.1
2025-06-11 11:10:38,-102.2191,31.9517, 672.8, 3477,  4.9,  0.2,  0.2, 72, 72, 5.79,102, 5.1
2025-06-11 11:10:39,-102.2192,31.9517, 672.4, 3482,  4.8,  0.2,  0.2, 72, 72, 5.79,101, 5.0
2025-06-11 11:10:40,-102.2192,31.9517, 671.9, 3488,  4.8,  0.2,  0.2, 72, 72, 5.78,100, 4.8
2025-06-11 11:10:41,-102.2192,31.9517, 671.7, 3491,  4.8,  0.2,  0.2, 72, 72, 5.77, 99, 4.8
2025-06-11 11:10:42,-102.2192,31.9517, 671.1, 3498,  4.7,  0.1,  0.1, 72, 72, 5.76, 98, 4.6
2025-06-11 11:10:43,-102.2193,31.9517, 670.7, 3503,  4.7,  0.1,  0.1, 72, 72, 5.75, 97, 4.5
2025-06-11 11:10:44,-102.2193,31.9517, 670.2, 3508,  4.7,  0.0,  0.0, 72, 72, 5.74, 95, 4.4
2025-06-11 11:10:45,-102.2193,31.9517, 669.8, 3513,  4.6,  0.0,  0.0, 72, 72, 5.73, 94, 4.3
2025-06-11 11:10:46,-102.2193,31.9517, 669.4, 3517,  4.6, -0.0, -0.0, 72, 72, 5.71, 92, 4.2
2025-06-11 11:10:47,-102.2194,31.9517, 669.0, 3522,  4.6, -0.1, -0.1, 72, 72, 5.71, 91, 4.1
2025-06-11 11:10:48,-102.2194,31.9517, 668.6, 3528,  4.5, -0.1, -0.1, 72, 72, 5.69, 89, 4.0
2025-06-11 11:10:49,-102.2194,31.9517, 668.1, 3533,  4.5, -0.1, -0.1, 72, 72, 5.68, 88, 3.9
2025-06-11 11:10:50,-102.2194,31.9516, 667.7, 3538,  4.4, -0.2, -0.2, 72, 72, 5.67, 86, 3.8
2025-06-11 11:10:51,-102.2195,31.9516, 667.3, 3544,  4.4, -0.2, -0.2, 72, 72, 5.66, 84, 3.7
2025-06-11 11:10:52,-102.2195,31.9516, 666.9, 3549,  4.4, -0.2, -0.2, 72, 72, 5.65, 82, 3.6
2025-06-11 11:10:53,-102.2195,31.9516, 666.4, 3554,  4.3, -0.3, -0.3, 72, 72, 5.64, 80, 3.5
2025-06-11 11:10:54,-102.2195,31.9516, 666.0, 3560,  4.3, -0.3, -0.3, 72, 72, 5.63, 78, 3.3
2025-06-11 11:10:55,-102.2196,31.9516, 665.6, 3565,  4.2, -0.3, -0.3, 72, 72, 5.62, 75, 3.2
2025-06-11 11:10:56,-102.2196,31.9516, 665.1, 3570,  4.2, -0.4, -0.3, 72, 72, 5.61, 75, 3.1
2025-06-11 11:10:57,-102.2196,31.9516, 664.7, 3575,  4.2, -0.4, -0.4, 72, 72, 5.60, 75, 3.0
2025-06-11 11:10:58,-102.2196,31.9516, 664.3, 3580,  4.1, -0.4, -0.4, 72, 72, 5.59, 75, 2.9
2025-06-11 11:10:59,-102.2197,31.9516, 663.9, 3585,  4.1, -0.5, -0.4, 72, 72, 5.58, 74, 2.8
2025-06-11 11:11:00,-102.2197,31.9516, 663.5, 3590,  4.0, -0.5, -0.4, 72, 72, 5.57, 74, 2.7
2025-06-11 11:11:01,-102.2197,31.9516, 663.1, 3595,  4.0, -0.5, -0.5, 72, 72, 5.56, 74, 2.6
2025-06-11 11:11:02,-102.2197,31.9516, 662.7, 3599,  4.0, -0.6, -0.5, 72, 72, 5.55, 73, 2.5
2025-06-11 11:11:03,-102.2197,31.9516, 662.3, 3604,  3.9, -0.6, -0.5, 72, 72, 5.54, 73, 2.4
2025-06-11 11:11:04,-102.2198,31.9515, 661.9, 3609,  3.9, -0.6, -0.6, 72, 72, 5.53, 72, 2.3
2025-06-11 11:11:05,-102.2198,31.9515, 661.5, 3614,  3.8, -0.7, -0.6, 72, 72, 5.52, 72, 2.2
2025-06-11 11:11:06,-102.2198,31.9515, 661.1, 3619,  3.8, -0.7, -0.6, 73, 73, 5.51, 71, 2.1
2025-06-11 11:11:07,-102.2198,31.9515, 660.7, 3624,  3.7, -0.7, -0.6, 73, 73, 5.50, 71, 2.0
2025-06-11 11:11:08,-102.2199,31.9515, 660.3, 3629,  3.7, -0.8, -0.7, 73, 73, 5.50, 70, 1.9
2025-06-11 11:11:09,-102.2199,31.9515, 659.9, 3634,  3.6, -0.8, -0.7, 73, 73, 5.48, 69, 1.8
2025-06-11 11:11:10,-102.2199,31.9515, 659.4, 3640,  3.6, -0.8, -0.7, 73, 73, 5.47, 68, 1.7
2025-06-11 11:11:11,-102.2199,31.9515, 658.9, 3646,  3.5, -0.9, -0.8, 73, 73, 5.47, 68, 1.6
2025-06-11 11:11:12,-102.2199,31.9515, 658.4, 3652,  3.5, -0.9, -0.8, 73, 73, 5.46, 66, 1.5
2025-06-11 11:11:13,-102.2199,31.9515, 658.0, 3658,  3.4, -0.9, -0.8, 73, 73, 5.45, 65, 1.4
2025-06-11 11:11:14,-102.2199,31.9515, 657.5, 3664,  3.4, -1.0, -0.8, 73, 73, 5.44, 64, 1.3
2025-06-11 11:11:15,-102.2199,31.9515, 657.1, 3670,  3.3, -1.0, -0.9, 73, 73, 5.43, 62, 1.2
2025-06-11 11:11:16,-102.2199,31.9515, 656.6, 3675,  3.3, -1.0, -0.9, 73, 73, 5.42, 61, 1.2
2025-06-11 11:11:17,-102.2199,31.9515, 656.2, 3680,  3.2, -1.0, -0.9, 74, 74, 5.41, 60, 1.2
2025-06-11 11:11:18,-102.2199,31.9515, 655.8, 3686,  3.2, -1.1, -1.0, 74, 74, 5.40, 58, 1.2
2025-06-11 11:11:19,-102.2199,31.9515, 655.3, 3691,  3.1, -1.1, -1.0, 74, 74, 5.39, 57, 1.1
2025-06-11 11:11:20,-102.2199,31.9514, 654.9, 3696,  3.1, -1.1, -1.0, 74, 74, 5.38, 56, 1.1
2025-06-11 11:11:21,-102.2199,31.9514, 654.5, 3701,  3.0, -1.2, -1.0, 74, 74, 5.38, 54, 1.1
2025-06-11 11:11:22,-102.2199,31.9514, 654.0, 3707,  3.0, -1.2, -1.1, 74, 74, 5.37, 52, 1.1
2025-06-11 11:11:23,-102.2199,31.9514, 653.6, 3712,  2.9, -1.2, -1.1, 74, 74, 5.36, 51, 1.1
2025-06-11 11:11:24,-102.2199,31.9514, 653.2, 3717,  2.9, -1.3, -1.1, 74, 74, 5.35, 49, 1.1
2025-06-11 11:11:25,-102.2199,31.9514, 652.8, 3722,  2.8, -1.3, -1.1, 74, 74, 5.35, 47, 1.0
2025-06-11 11:11:26,-102.2199,31.9514, 652.3, 3728,  2.8, -1.3, -1.2, 74, 74, 5.34, 45, 1.0
2025-06-11 11:11:27,-102.2199,31.9514, 651.9, 3733,  2.8, -1.3, -1.2, 74, 74, 5.33, 43, 1.0
2025-06-11 11:11:28,-102.2199,31.9514, 651.5, 3738,  2.7, -1.4, -1.2, 75, 75, 5.33, 41, 1.0
2025-06-11 11:11:29,-102.2199,31.9514, 651.1, 3743,  2.7, -1.4, -1.2, 75, 75, 5.32, 39, 1.0
2025-06-11 11:11:30,-102.2199,31.9514, 650.7, 3748,  2.6, -1.4, -1.2, 75, 75, 5.32, 37, 0.9
2025-06-11 11:11:31,-102.2199,31.9514, 650.3, 3753,  2.6, -1.4, -1.3, 75, 75, 5.31, 35, 0.9
2025-06-11 11:11:32,-102.2199,31.9514, 649.9, 3758,  2.5, -1.5, -1.3, 75, 75, 5.30, 32, 0.9
2025-06-11 11:11:33,-102.2199,31.9514, 649.5, 3764,  2.5, -1.5, -1.3, 75, 75, 5.29, 30, 0.9
2025-06-11 11:11:34,-102.2199,31.9514, 649.0, 3769,  2.5, -1.5, -1.3, 75, 75, 5.29, 27, 0.9
2025-06-11 11:11:35,-102.2199,31.9514, 648.6, 3774,  2.4, -1.5, -1.4, 75, 75, 5.28, 25, 0.9
2025-06-11 11:11:36,-102.2199,31.9514, 648.2, 3779,  2.4, -1.6, -1.4, 75, 75, 5.27, 22, 0.9
2025-06-11 11:11:37,-102.2199,31.9513, 647.8, 3784,  2.3, -1.6, -1.4, 75, 75, 5.27, 20, 0.9
2025-06-11 11:11:38,-102.2199,31.9513, 647.4, 3790,  2.3, -1.6, -1.4, 75, 75, 5.26, 17, 0.9
2025-06-11 11:11:39,-102.2199,31.9513, 646.9, 3796,  2.2, -1.7, -1.5, 76, 76, 5.25, 15, 0.9
2025-06-11 11:11:40,-102.2199,31.9513, 646.4, 3802,  2.2, -1.7, -1.5, 76, 76, 5.24, 12, 0.9
2025-06-11 11:11:41,-102.2199,31.9513, 645.9, 3808,  2.1, -1.7, -1.5, 76, 76, 5.23, 10, 0.9
2025-06-11 11:11:42,-102.2199,31.9513, 645.4, 3814,  2.1, -1.8, -1.5, 76, 76, 5.23,  7, 0.9
2025-06-11 11:11:43,-102.2199,31.9513, 644.9, 3820,  2.0, -1.8, -1.6, 76, 76, 5.22,  5, 0.9
2025-06-11 11:11:44,-102.2199,31.9513, 644.4, 3826,  2.0, -1.8, -1.6, 76, 76, 5.21,  2, 1.0
2025-06-11 11:11:45,-102.2199,31.9512, 644.0, 3832,  1.9, -1.8, -1.6, 76, 76, 5.21,360, 1.0
2025-06-11 11:11:46,-102.2199,31.9512, 643.5, 3838,  1.9, -1.9, -1.6, 76, 76, 5.20,358, 1.0
2025-06-11 11:11:47,-102.2198,31.9512, 643.0, 3844,  1.8, -1.9, -1.7, 76, 76, 5.19,356, 1.0
2025-06-11 11:11:48,-102.2198,31.9512, 642.7, 3848,  1.8, -1.9, -1.7, 76, 76, 5.19,354, 1.0
2025-06-11 11:11:49,-102.2198,31.9512, 642.1, 3856,  1.7, -2.0, -1.7, 76, 76, 5.17,351, 1.0
2025-06-11 11:11:50,-102.2198,31.9512, 641.6, 3862,  1.7, -2.0, -1.8, 76, 76, 5.15,349, 1.0
2025-06-11 11:11:51,-102.2198,31.9512, 641.2, 3867,  1.7, -2.1, -1.8, 76, 76, 5.14,348, 1.0
2025-06-11 11:11:52,-102.2198,31.9512, 640.7, 3872,  1.6, -2.1, -1.9, 76, 76, 5.13,346, 1.1
2025-06-11 11:11:53,-102.2198,31.9511, 640.3, 3878,  1.6, -2.1, -1.9, 76, 76, 5.11,344, 1.1
2025-06-11 11:11:54,-102.2198,31.9511, 639.8, 3883,  1.6, -2.2, -1.9, 76, 76, 5.10,342, 1.1
2025-06-11 11:11:55,-102.2198,31.9511, 639.4, 3889,  1.5, -2.2, -2.0, 76, 76, 5.09,341, 1.1
2025-06-11 11:11:56,-102.2197,31.9511, 638.9, 3896,  1.5, -2.3, -2.0, 76, 76, 5.07,337, 1.2
2025-06-11 11:11:57,-102.2197,31.9511, 638.4, 3902,  1.4, -2.3, -2.1, 76, 76, 5.06,334, 1.3
2025-06-11 11:11:58,-102.2197,31.9511, 638.0, 3909,  1.4, -2.4, -2.1, 76, 76, 5.05,331, 1.3
2025-06-11 11:11:59,-102.2197,31.9511, 637.5, 3915,  1.4, -2.4, -2.1, 76, 76, 5.03,329, 1.4
2025-06-11 11:12:00,-102.2197,31.9511, 637.0, 3922,  1.3, -2.5, -2.2, 76, 76, 5.02,327, 1.5
2025-06-11 11:12:01,-102.2197,31.9510, 636.5, 3927,  1.3, -2.5, -2.2, 76, 76, 5.01,325, 1.6
2025-06-11 11:12:02,-102.2197,31.9510, 636.0, 3933,  1.3, -2.5, -2.2, 76, 76, 5.00,323, 1.7
2025-06-11 11:12:03,-102.2197,31.9510, 635.5, 3938,  1.2, -2.6, -2.3, 76, 76, 5.00,322, 1.8
2025-06-11 11:12:04,-102.2197,31.9510, 635.1, 3944,  1.2, -2.6, -2.3, 76, 76, 4.99,320, 1.8
2025-06-11 11:12:05,-102.2196,31.9510, 634.7, 3949,  1.2, -2.6, -2.3, 76, 76, 4.99,319, 1.9
2025-06-11 11:12:06,-102.2196,31.9510, 634.2, 3955,  1.2, -2.6, -2.3, 76, 76, 4.98,318, 2.0
2025-06-11 11:12:07,-102.2196,31.9510, 633.8, 3961,  1.2, -2.6, -2.3, 76, 76, 4.98,317, 2.1
2025-06-11 11:12:08,-102.2196,31.9509, 633.4, 3966,  1.1, -2.7, -2.4, 76, 76, 4.97,316, 2.2
2025-06-11 11:12:09,-102.2196,31.9509, 632.9, 3972,  1.1, -2.7, -2.4, 76, 76, 4.97,315, 2.3
2025-06-11 11:12:10,-102.2195,31.9509, 632.5, 3978,  1.1, -2.7, -2.4, 76, 76, 4.96,314, 2.4
2025-06-11 11:12:11,-102.2195,31.9509, 632.0, 3983,  1.1, -2.8, -2.4, 76, 76, 4.95,313, 2.4
2025-06-11 11:12:12,-102.2195,31.9508, 631.6, 3989,  1.1, -2.8, -2.4, 76, 76, 4.95,312, 2.5
2025-06-11 11:12:13,-102.2195,31.9508, 631.2, 3994,  1.1, -2.8, -2.5, 76, 76, 4.95,312, 2.6
2025-06-11 11:12:14,-102.2194,31.9508, 630.7, 4000,  1.0, -2.8, -2.5, 75, 75, 4.94,311, 2.7
2025-06-11 11:12:15,-102.2194,31.9508, 630.3, 4005,  1.0, -2.8, -2.5, 75, 75, 4.93,310, 2.8
2025-06-11 11:12:16,-102.2194,31.9507, 630.0, 4011,  1.0, -2.8, -2.5, 76, 76, 4.93,311, 2.9
2025-06-11 11:12:17,-102.2193,31.9507, 629.6, 4016,  0.9, -2.9, -2.5, 76, 76, 4.93,312, 2.9
2025-06-11 11:12:18,-102.2193,31.9507, 629.2, 4021,  0.9, -2.9, -2.5, 76, 76, 4.94,312, 3.0
2025-06-11 11:12:19,-102.2193,31.9507, 628.8, 4025,  0.9, -2.9, -2.5, 76, 76, 4.94,312, 3.1
2025-06-11 11:12:20,-102.2192,31.9506, 628.5, 4029,  0.9, -2.9, -2.5, 76, 76, 4.93,313, 3.2
2025-06-11 11:12:21,-102.2192,31.9506, 628.1, 4033,  0.8, -2.9, -2.6, 76, 76, 4.93,313, 3.3
2025-06-11 11:12:22,-102.2192,31.9506, 627.8, 4037,  0.8, -2.9, -2.6, 76, 76, 4.93,314, 3.3
2025-06-11 11:12:23,-102.2191,31.9505, 627.5, 4041,  0.8, -2.9, -2.6, 76, 76, 4.93,314, 3.4
2025-06-11 11:12:24,-102.2191,31.9505, 627.2, 4045,  0.7, -2.9, -2.6, 77, 77, 4.93,314, 3.5
2025-06-11 11:12:25,-102.2191,31.9505, 626.9, 4049,  0.7, -2.9, -2.6, 77, 77, 4.93,315, 3.6
2025-06-11 11:12:26,-102.2191,31.9505, 626.6, 4053,  0.7, -2.9, -2.6, 77, 77, 4.93,315, 3.7
2025-06-11 11:12:27,-102.2190,31.9504, 626.2, 4057,  0.6, -2.9, -2.6, 77, 77, 4.93,315, 3.7
2025-06-11 11:12:28,-102.2190,31.9504, 625.8, 4061,  0.6, -3.0, -2.6, 77, 77, 4.93,316, 3.8
2025-06-11 11:12:29,-102.2190,31.9504, 625.5, 4066,  0.6, -3.0, -2.6, 77, 77, 4.92,316, 3.9
2025-06-11 11:12:30,-102.2189,31.9504, 625.1, 4071,  0.5, -3.0, -2.7, 77, 77, 4.91,316, 4.0
2025-06-11 11:12:31,-102.2189,31.9503, 624.7, 4076,  0.5, -3.0, -2.7, 77, 77, 4.91,316, 4.1
2025-06-11 11:12:32,-102.2189,31.9503, 624.3, 4082,  0.4, -3.1, -2.7, 77, 77, 4.90,317, 4.2
2025-06-11 11:12:33,-102.2188,31.9503, 624.0, 4087,  0.4, -3.1, -2.7, 77, 77, 4.89,317, 4.2
2025-06-11 11:12:34,-102.2188,31.9503, 623.6, 4092,  0.4, -3.1, -2.8, 77, 77, 4.88,317, 4.3
2025-06-11 11:12:35,-102.2188,31.9502, 623.2, 4096,  0.3, -3.1, -2.8, 78, 78, 4.88,317, 4.4
2025-06-11 11:12:36,-102.2187,31.9502, 622.9, 4101,  0.3, -3.2, -2.8, 78, 78, 4.87,318, 4.4
2025-06-11 11:12:37,-102.2187,31.9502, 622.5, 4105,  0.3, -3.2, -2.8, 78, 78, 4.86,318, 4.3
2025-06-11 11:12:38,-102.2187,31.9501, 622.2, 4110,  0.2, -3.2, -2.8, 78, 78, 4.86,318, 4.3
2025-06-11 11:12:39,-102.2187,31.9501, 621.8, 4114,  0.2, -3.2, -2.9, 78, 78, 4.85,318, 4.3
2025-06-11 11:12:40,-102.2186,31.9501, 621.4, 4119,  0.1, -3.3, -2.9, 78, 78, 4.84,318, 4.2
2025-06-11 11:12:41,-102.2186,31.9501, 621.1, 4124,  0.1, -3.3, -2.9, 78, 78, 4.84,318, 4.2
2025-06-11 11:12:42,-102.2186,31.9500, 620.7, 4128,  0.1, -3.3, -2.9, 78, 78, 4.83,318, 4.1
2025-06-11 11:12:43,-102.2186,31.9500, 620.4, 4133,  0.0, -3.3, -2.9, 78, 78, 4.83,319, 4.1
2025-06-11 11:12:44,-102.2186,31.9500, 620.0, 4137, -0.0, -3.3, -3.0, 78, 78, 4.83,319, 4.1
2025-06-11 11:12:45,-102.2186,31.9499, 619.6, 4142, -0.1, -3.3, -3.0, 79, 79, 4.83,319, 4.0
2025-06-11 11:12:46,-102.2185,31.9499, 619.2, 4148, -0.1, -3.4, -3.0, 79, 79, 4.83,319, 4.0
2025-06-11 11:12:47,-102.2185,31.9499, 618.8, 4153, -0.2, -3.4, -3.0, 79, 79, 4.83,319, 4.0
2025-06-11 11:12:48,-102.2185,31.9498, 618.4, 4158, -0.2, -3.4, -3.0, 79, 79, 4.83,319, 3.9
2025-06-11 11:12:49,-102.2185,31.9498, 618.0, 4164, -0.3, -3.4, -3.0, 80, 80, 4.83,320, 3.9
2025-06-11 11:12:50,-102.2185,31.9498, 617.6, 4169, -0.3, -3.4, -3.0, 80, 80, 4.83,320, 3.8
2025-06-11 11:12:51,-102.2184,31.9498, 617.2, 4174, -0.4, -3.4, -3.0, 80, 80, 4.83,320, 3.8
2025-06-11 11:12:52,-102.2184,31.9497, 616.8, 4180, -0.4, -3.4, -3.0, 80, 80, 4.83,320, 3.8
2025-06-11 11:12:53,-102.2184,31.9497, 616.3, 4185, -0.4, -3.4, -3.0, 80, 81, 4.83,320, 3.7
2025-06-11 11:12:54,-102.2184,31.9497, 615.9, 4190, -0.5, -3.4, -3.0, 81, 81, 4.83,321, 3.7
2025-06-11 11:12:55,-102.2184,31.9496, 615.5, 4196, -0.5, -3.4, -3.0, 81, 81, 4.83,321, 3.7
2025-06-11 11:12:56,-102.2184,31.9496, 615.2, 4200, -0.5, -3.4, -3.0, 81, 81, 4.84,322, 3.7
2025-06-11 11:12:57,-102.2183,31.9496, 614.7, 4207, -0.6, -3.4, -3.0, 81, 81, 4.84,323, 3.7
2025-06-11 11:12:58,-102.2183,31.9495, 614.2, 4213, -0.6, -3.4, -3.0, 81, 82, 4.85,324, 3.7
2025-06-11 11:12:59,-102.2183,31.9495, 613.8, 4218, -0.6, -3.4, -3.0, 81, 82, 4.85,326, 3.8
2025-06-11 11:13:00,-102.2183,31.9495, 613.4, 4224, -0.6, -3.4, -3.0, 81, 82, 4.86,327, 3.8
2025-06-11 11:13:01,-102.2183,31.9495, 612.9, 4230, -0.6, -3.4, -3.0, 81, 82, 4.86,328, 3.8
2025-06-11 11:13:02,-102.2183,31.9494, 612.5, 4235, -0.7, -3.4, -3.0, 82, 82, 4.87,329, 3.9
2025-06-11 11:13:03,-102.2182,31.9494, 612.1, 4240, -0.7, -3.4, -3.0, 82, 82, 4.87,330, 3.9
2025-06-11 11:13:04,-102.2182,31.9494, 611.7, 4246, -0.7, -3.4, -3.0, 82, 82, 4.87,332, 3.9
2025-06-11 11:13:05,-102.2182,31.9493, 611.3, 4251, -0.7, -3.4, -3.0, 82, 83, 4.88,333, 4.0
2025-06-11 11:13:06,-102.2182,31.9493, 610.9, 4256, -0.7, -3.4, -3.0, 82, 83, 4.88,334, 4.0
2025-06-11 11:13:07,-102.2182,31.9493, 610.5, 4262, -0.8, -3.4, -3.0, 82, 83, 4.89,335, 4.0
2025-06-11 11:13:08,-102.2181,31.9492, 610.1, 4267, -0.8, -3.4, -3.0, 82, 83, 4.89,336, 4.0
2025-06-11 11:13:09,-102.2181,31.9492, 609.7, 4272, -0.8, -3.4, -3.0, 83, 83, 4.89,337, 4.1
2025-06-11 11:13:10,-102.2181,31.9492, 609.3, 4277, -0.8, -3.4, -3.0, 83, 83, 4.89,338, 4.1
2025-06-11 11:13:11,-102.2181,31.9492, 608.9, 4282, -0.8, -3.4, -3.0, 83, 83, 4.89,339, 4.1
2025-06-11 11:13:12,-102.2181,31.9491, 608.6, 4287, -0.9, -3.4, -3.0, 83, 83, 4.89,340, 4.1
2025-06-11 11:13:13,-102.2180,31.9491, 608.2, 4292, -0.9, -3.5, -3.1, 83, 83, 4.88,341, 4.2
2025-06-11 11:13:14,-102.2180,31.9491, 607.8, 4297, -0.9, -3.5, -3.1, 83, 84, 4.88,342, 4.2
2025-06-11 11:13:15,-102.2180,31.9490, 607.4, 4302, -0.9, -3.5, -3.1, 83, 84, 4.88,343, 4.2
2025-06-11 11:13:16,-102.2180,31.9490, 607.1, 4307, -0.9, -3.5, -3.1, 83, 84, 4.88,342, 4.2
2025-06-11 11:13:17,-102.2180,31.9490, 606.7, 4312, -1.0, -3.5, -3.1, 83, 84, 4.88,342, 4.2
2025-06-11 11:13:18,-102.2179,31.9490, 606.3, 4317, -1.0, -3.5, -3.1, 83, 84, 4.88,341, 4.2
2025-06-11 11:13:19,-102.2179,31.9489, 605.9, 4321, -1.0, -3.5, -3.1, 83, 84, 4.87,341, 4.1
2025-06-11 11:13:20,-102.2179,31.9489, 605.6, 4326, -1.0, -3.5, -3.1, 83, 84, 4.87,340, 4.1
2025-06-11 11:13:21,-102.2179,31.9489, 605.2, 4331, -1.1, -3.6, -3.2, 83, 84, 4.87,339, 4.1
2025-06-11 11:13:22,-102.2179,31.9488, 604.9, 4334, -1.1, -3.6, -3.2, 83, 84, 4.87,339, 4.1
2025-06-11 11:13:23,-102.2178,31.9488, 604.5, 4340, -1.1, -3.6, -3.2, 83, 84, 4.85,338, 4.1
2025-06-11 11:13:24,-102.2178,31.9488, 604.1, 4345, -1.1, -3.7, -3.3, 83, 84, 4.84,337, 4.0
2025-06-11 11:13:25,-102.2178,31.9487, 603.7, 4350, -1.2, -3.7, -3.3, 83, 84, 4.82,337, 4.0
2025-06-11 11:13:26,-102.2178,31.9487, 603.4, 4355, -1.2, -3.8, -3.3, 83, 84, 4.81,336, 4.0
2025-06-11 11:13:27,-102.2178,31.9487, 603.0, 4360, -1.2, -3.8, -3.4, 82, 83, 4.79,335, 4.0
2025-06-11 11:13:28,-102.2177,31.9487, 602.6, 4365, -1.2, -3.9, -3.4, 82, 83, 4.78,334, 3.9
2025-06-11 11:13:29,-102.2177,31.9486, 602.2, 4370, -1.3, -3.9, -3.5, 82, 83, 4.76,334, 3.9
2025-06-11 11:13:30,-102.2177,31.9486, 601.8, 4375, -1.3, -4.0, -3.5, 82, 83, 4.75,333, 3.9
2025-06-11 11:13:31,-102.2177,31.9486, 601.5, 4380, -1.3, -4.0, -3.5, 82, 83, 4.74,332, 3.9
2025-06-11 11:13:32,-102.2177,31.9485, 601.1, 4386, -1.3, -4.1, -3.6, 82, 83, 4.72,332, 3.9
2025-06-11 11:13:33,-102.2176,31.9485, 600.6, 4391, -1.3, -4.1, -3.6, 82, 83, 4.71,331, 3.9
2025-06-11 11:13:34,-102.2176,31.9485, 600.2, 4396, -1.4, -4.1, -3.7, 81, 83, 4.70,330, 3.8
2025-06-11 11:13:35,-102.2176,31.9485, 599.7, 4401, -1.4, -4.2, -3.7, 81, 82, 4.68,329, 3.8
2025-06-11 11:13:36,-102.2176,31.9484, 599.3, 4408, -1.4, -4.2, -3.7, 81, 82, 4.67,328, 3.8
2025-06-11 11:13:37,-102.2176,31.9484, 598.8, 4415, -1.5, -4.3, -3.8, 81, 82, 4.66,327, 3.8
2025-06-11 11:13:38,-102.2175,31.9484, 598.4, 4421, -1.5, -4.3, -3.8, 81, 82, 4.65,326, 3.8
2025-06-11 11:13:39,-102.2175,31.9483, 598.0, 4428, -1.5, -4.4, -3.9, 81, 82, 4.64,325, 3.9
2025-06-11 11:13:40,-102.2175,31.9483, 597.5, 4435, -1.6, -4.4, -3.9, 81, 82, 4.63,324, 3.9
2025-06-11 11:13:41,-102.2174,31.9483, 597.1, 4441, -1.6, -4.4, -3.9, 81, 82, 4.62,323, 3.9
2025-06-11 11:13:42,-102.2174,31.9483, 596.7, 4445, -1.6, -4.5, -4.0, 81, 82, 4.60,322, 3.9
2025-06-11 11:13:43,-102.2174,31.9482, 596.3, 4450, -1.6, -4.5, -4.0, 81, 82, 4.59,321, 3.9
2025-06-11 11:13:44,-102.2173,31.9482, 595.9, 4455, -1.7, -4.6, -4.1, 81, 82, 4.58,320, 3.9
2025-06-11 11:13:45,-102.2173,31.9482, 595.5, 4460, -1.7, -4.6, -4.1, 80, 82, 4.57,319, 3.9
2025-06-11 11:13:46,-102.2172,31.9482, 595.2, 4464, -1.7, -4.7, -4.1, 80, 82, 4.55,317, 3.9
2025-06-11 11:13:47,-102.2172,31.9481, 594.8, 4469, -1.8, -4.7, -4.2, 80, 82, 4.54,316, 3.9
2025-06-11 11:13:48,-102.2172,31.9481, 594.5, 4474, -1.8, -4.8, -4.2, 80, 82, 4.53,315, 3.9
2025-06-11 11:13:49,-102.2171,31.9481, 594.1, 4478, -1.8, -4.8, -4.2, 80, 82, 4.52,314, 3.9
2025-06-11 11:13:50,-102.2171,31.9481, 593.8, 4483, -1.9, -4.8, -4.3, 80, 82, 4.51,313, 4.0
2025-06-11 11:13:51,-102.2171,31.9480, 593.5, 4487, -1.9, -4.8, -4.3, 80, 82, 4.51,312, 4.0
2025-06-11 11:13:52,-102.2170,31.9480, 593.1, 4492, -1.9, -4.9, -4.3, 80, 82, 4.50,311, 3.9
2025-06-11 11:13:53,-102.2170,31.9480, 592.8, 4496, -1.9, -4.9, -4.3, 80, 82, 4.49,310, 4.0
2025-06-11 11:13:54,-102.2169,31.9480, 592.5, 4501, -2.0, -4.9, -4.4, 80, 82, 4.48,309, 4.0
2025-06-11 11:13:55,-102.2169,31.9479, 592.1, 4505, -2.0, -5.0, -4.4, 80, 82, 4.47,308, 4.0
2025-06-11 11:13:56,-102.2169,31.9479, 591.8, 4509, -2.0, -5.0, -4.4, 80, 82, 4.47,308, 4.0
2025-06-11 11:13:57,-102.2168,31.9479, 591.5, 4514, -2.1, -5.0, -4.5, 80, 82, 4.46,308, 4.1
2025-06-11 11:13:58,-102.2168,31.9479, 591.2, 4518, -2.1, -5.1, -4.5, 80, 82, 4.45,308, 4.1
2025-06-11 11:13:59,-102.2168,31.9478, 590.9, 4522, -2.1, -5.1, -4.5, 80, 82, 4.45,308, 4.1
2025-06-11 11:14:00,-102.2167,31.9478, 590.6, 4525, -2.2, -5.1, -4.5, 80, 82, 4.44,308, 4.2
2025-06-11 11:14:01,-102.2167,31.9478, 590.3, 4529, -2.2, -5.1, -4.5, 80, 82, 4.43,308, 4.2
2025-06-11 11:14:02,-102.2166,31.9478, 590.0, 4534, -2.2, -5.2, -4.6, 80, 82, 4.42,308, 4.2
2025-06-11 11:14:03,-102.2166,31.9477, 589.7, 4537, -2.2, -5.2, -4.6, 80, 82, 4.41,308, 4.3
2025-06-11 11:14:04,-102.2166,31.9477, 589.5, 4541, -2.3, -5.2, -4.6, 80, 82, 4.41,308, 4.3
2025-06-11 11:14:05,-102.2165,31.9477, 589.2, 4545, -2.3, -5.2, -4.6, 80, 82, 4.40,308, 4.3
2025-06-11 11:14:06,-102.2165,31.9477, 588.9, 4548, -2.3, -5.3, -4.7, 80, 82, 4.39,307, 4.4
2025-06-11 11:14:07,-102.2165,31.9476, 588.7, 4552, -2.4, -5.3, -4.7, 80, 82, 4.39,307, 4.4
2025-06-11 11:14:08,-102.2164,31.9476, 588.4, 4556, -2.4, -5.3, -4.7, 80, 82, 4.38,307, 4.5
2025-06-11 11:14:09,-102.2164,31.9476, 588.1, 4559, -2.4, -5.4, -4.7, 80, 82, 4.37,307, 4.5
2025-06-11 11:14:10,-102.2164,31.9476, 587.8, 4563, -2.5, -5.4, -4.8, 80, 82, 4.37,307, 4.5
2025-06-11 11:14:11,-102.2163,31.9475, 587.5, 4567, -2.5, -5.4, -4.8, 80, 82, 4.36,307, 4.6
2025-06-11 11:14:12,-102.2163,31.9475, 587.2, 4571, -2.5, -5.4, -4.8, 80, 82, 4.35,307, 4.6
2025-06-11 11:14:13,-102.2162,31.9475, 586.9, 4575, -2.6, -5.5, -4.8, 80, 82, 4.35,307, 4.6
2025-06-11 11:14:14,-102.2162,31.9475, 586.7, 4579, -2.6, -5.5, -4.9, 80, 83, 4.34,307, 4.7
2025-06-11 11:14:15,-102.2162,31.9475, 586.4, 4583, -2.6, -5.5, -4.9, 80, 83, 4.33,307, 4.7
2025-06-11 11:14:16,-102.2161,31.9474, 586.1, 4587, -2.6, -5.5, -4.9, 80, 83, 4.33,307, 4.7
2025-06-11 11:14:17,-102.2161,31.9474, 585.8, 4591, -2.7, -5.6, -4.9, 81, 83, 4.32,307, 4.6
2025-06-11 11:14:18,-102.2161,31.9474, 585.5, 4595, -2.7, -5.6, -4.9, 81, 83, 4.32,307, 4.6
2025-06-11 11:14:19,-102.2160,31.9474, 585.2, 4599, -2.7, -5.6, -5.0, 81, 83, 4.32,307, 4.6
2025-06-11 11:14:20,-102.2160,31.9474, 584.9, 4603, -2.8, -5.6, -5.0, 81, 83, 4.31,307, 4.5
2025-06-11 11:14:21,-102.2160,31.9473, 584.6, 4607, -2.8, -5.6, -5.0, 81, 83, 4.31,307, 4.5
2025-06-11 11:14:22,-102.2159,31.9473, 584.3, 4611, -2.8, -5.7, -5.0, 81, 83, 4.30,307, 4.5
2025-06-11 11:14:23,-102.2159,31.9473, 584.0, 4614, -2.9, -5.7, -5.0, 81, 83, 4.30,307, 4.4
2025-06-11 11:14:24,-102.2159,31.9473, 583.8, 4618, -2.9, -5.7, -5.0, 81, 83, 4.29,306, 4.4
2025-06-11 11:14:25,-102.2158,31.9473, 583.5, 4622, -2.9, -5.7, -5.1, 81, 83, 4.29,306, 4.4
2025-06-11 11:14:26,-102.2158,31.9472, 583.2, 4625, -2.9, -5.8, -5.1, 81, 83, 4.28,306, 4.3
2025-06-11 11:14:27,-102.2158,31.9472, 582.9, 4629, -3.0, -5.8, -5.1, 81, 83, 4.28,306, 4.3
2025-06-11 11:14:28,-102.2157,31.9472, 582.6, 4633, -3.0, -5.8, -5.1, 81, 84, 4.27,306, 4.3
2025-06-11 11:14:29,-102.2157,31.9472, 582.4, 4637, -3.0, -5.8, -5.1, 81, 84, 4.27,306, 4.2
2025-06-11 11:14:30,-102.2157,31.9471, 582.1, 4641, -3.1, -5.8, -5.2, 81, 84, 4.26,306, 4.2
2025-06-11 11:14:31,-102.2156,31.9471, 581.8, 4645, -3.1, -5.8, -5.2, 81, 84, 4.26,306, 4.2
2025-06-11 11:14:32,-102.2156,31.9471, 581.5, 4649, -3.1, -5.9, -5.2, 81, 84, 4.25,306, 4.2
2025-06-11 11:14:33,-102.2155,31.9471, 581.2, 4653, -3.2, -5.9, -5.2, 81, 84, 4.25,306, 4.1
2025-06-11 11:14:34,-102.2155,31.9471, 580.9, 4657, -3.2, -5.9, -5.2, 82, 84, 4.25,306, 4.1
2025-06-11 11:14:35,-102.2155,31.9470, 580.6, 4661, -3.2, -5.9, -5.2, 82, 84, 4.24,306, 4.1
2025-06-11 11:14:36,-102.2154,31.9470, 580.3, 4665, -3.3, -5.9, -5.3, 82, 84, 4.24,306, 4.0
2025-06-11 11:14:37,-102.2154,31.9470, 580.0, 4669, -3.3, -6.0, -5.3, 82, 84, 4.24,306, 4.0
2025-06-11 11:14:38,-102.2154,31.9470, 579.7, 4673, -3.3, -6.0, -5.3, 82, 85, 4.23,306, 4.0
2025-06-11 11:14:39,-102.2153,31.9470, 579.4, 4677, -3.3, -6.0, -5.3, 82, 85, 4.23,306, 4.0
2025-06-11 11:14:40,-102.2153,31.9469, 579.1, 4681, -3.4, -6.0, -5.3, 82, 85, 4.22,306, 4.0
2025-06-11 11:14:41,-102.2153,31.9469, 578.9, 4685, -3.4, -6.0, -5.3, 82, 85, 4.22,306, 3.9
2025-06-11 11:14:42,-102.2153,31.9469, 578.6, 4689, -3.4, -6.1, -5.4, 82, 85, 4.21,306, 3.9
2025-06-11 11:14:43,-102.2152,31.9469, 578.3, 4693, -3.5, -6.1, -5.4, 82, 85, 4.21,306, 3.9
2025-06-11 11:14:44,-102.2152,31.9469, 578.0, 4697, -3.5, -6.1, -5.4, 82, 85, 4.20,306, 3.9
2025-06-11 11:14:45,-102.2152,31.9468, 577.7, 4701, -3.5, -6.1, -5.4, 82, 85, 4.20,306, 3.8
2025-06-11 11:14:46,-102.2151,31.9468, 577.4, 4705, -3.6, -6.1, -5.4, 82, 85, 4.20,306, 3.8
2025-06-11 11:14:47,-102.2151,31.9468, 577.1, 4709, -3.6, -6.2, -5.5, 83, 86, 4.19,306, 3.8
2025-06-11 11:14:48,-102.2151,31.9468, 576.8, 4713, -3.7, -6.2, -5.5, 83, 86, 4.19,306, 3.8
2025-06-11 11:14:49,-102.2151,31.9468, 576.6, 4717, -3.7, -6.2, -5.5, 83, 86, 4.18,306, 3.8
2025-06-11 11:14:50,-102.2150,31.9467, 576.3, 4720, -3.7, -6.2, -5.5, 83, 86, 4.18,306, 3.7
2025-06-11 11:14:51,-102.2150,31.9467, 576.0, 4724, -3.8, -6.2, -5.5, 83, 86, 4.17,306, 3.7
2025-06-11 11:14:52,-102.2150,31.9467, 575.7, 4728, -3.8, -6.3, -5.5, 83, 86, 4.17,306, 3.7
2025-06-11 11:14:53,-102.2150,31.9467, 575.4, 4732, -3.8, -6.3, -5.6, 83, 86, 4.17,306, 3.7
2025-06-11 11:14:54,-102.2149,31.9466, 575.0, 4736, -3.9, -6.3, -5.6, 83, 86, 4.16,306, 3.7
2025-06-11 11:14:55,-102.2149,31.9466, 574.7, 4741, -3.9, -6.3, -5.6, 83, 87, 4.16,306, 3.6
2025-06-11 11:14:56,-102.2149,31.9466, 574.4, 4745, -3.9, -6.3, -5.6, 83, 87, 4.15,307, 3.6
2025-06-11 11:14:57,-102.2148,31.9466, 574.1, 4750, -4.0, -6.4, -5.6, 84, 87, 4.15,307, 3.6
2025-06-11 11:14:58,-102.2148,31.9466, 573.7, 4755, -4.0, -6.4, -5.7, 84, 87, 4.14,308, 3.6
2025-06-11 11:14:59,-102.2148,31.9465, 573.4, 4759, -4.1, -6.4, -5.7, 84, 87, 4.13,308, 3.5
2025-06-11 11:15:00,-102.2148,31.9465, 573.0, 4764, -4.1, -6.5, -5.7, 84, 87, 4.13,309, 3.5
2025-06-11 11:15:01,-102.2147,31.9465, 572.7, 4770, -4.2, -6.5, -5.7, 84, 87, 4.12,309, 3.5
2025-06-11 11:15:02,-102.2147,31.9465, 572.3, 4775, -4.2, -6.5, -5.8, 84, 88, 4.12,310, 3.4
2025-06-11 11:15:03,-102.2147,31.9465, 571.9, 4780, -4.3, -6.5, -5.8, 84, 88, 4.11,310, 3.4
2025-06-11 11:15:04,-102.2147,31.9464, 571.5, 4785, -4.3, -6.6, -5.8, 84, 88, 4.10,311, 3.4
2025-06-11 11:15:05,-102.2146,31.9464, 571.1, 4790, -4.3, -6.6, -5.8, 84, 88, 4.10,312, 3.4
2025-06-11 11:15:06,-102.2146,31.9464, 570.8, 4796, -4.4, -6.6, -5.9, 84, 88, 4.09,312, 3.3
2025-06-11 11:15:07,-102.2146,31.9464, 570.4, 4801, -4.4, -6.6, -5.9, 84, 88, 4.08,313, 3.3
2025-06-11 11:15:08,-102.2145,31.9464, 570.0, 4807, -4.5, -6.7, -5.9, 85, 88, 4.08,313, 3.3
2025-06-11 11:15:09,-102.2145,31.9463, 569.6, 4813, -4.5, -6.7, -5.9, 85, 89, 4.07,314, 3.3
2025-06-11 11:15:10,-102.2145,31.9463, 569.3, 4818, -4.6, -6.7, -6.0, 85, 89, 4.07,315, 3.2
2025-06-11 11:15:11,-102.2145,31.9463, 569.0, 4823, -4.6, -6.7, -6.0, 85, 89, 4.07,315, 3.2
2025-06-11 11:15:12,-102.2145,31.9463, 568.7, 4827, -4.6, -6.8, -6.0, 85, 89, 4.07,316, 3.2
2025-06-11 11:15:13,-102.2144,31.9462, 568.3, 4830, -4.7, -6.8, -6.0, 85, 89, 4.06,316, 3.2
2025-06-11 11:15:14,-102.2144,31.9462, 568.0, 4834, -4.7, -6.8, -6.0, 85, 89, 4.06,317, 3.2
2025-06-11 11:15:15,-102.2144,31.9462, 567.7, 4838, -4.7, -6.8, -6.0, 85, 89, 4.06,318, 3.1
2025-06-11 11:15:16,-102.2144,31.9462, 567.4, 4842, -4.8, -6.8, -6.0, 86, 90, 4.05,318, 3.1
2025-06-11 11:15:17,-102.2144,31.9461, 567.2, 4846, -4.8, -6.8, -6.1, 86, 90, 4.05,318, 3.1
2025-06-11 11:15:18,-102.2144,31.9461, 566.9, 4850, -4.8, -6.8, -6.1, 86, 90, 4.05,319, 3.1
2025-06-11 11:15:19,-102.2143,31.9461, 566.6, 4854, -4.9, -6.9, -6.1, 86, 90, 4.04,319, 3.1
2025-06-11 11:15:20,-102.2143,31.9461, 566.3, 4858, -4.9, -6.9, -6.1, 86, 90, 4.04,320, 3.1
2025-06-11 11:15:21,-102.2143,31.9460, 566.0, 4862, -4.9, -6.9, -6.1, 86, 90, 4.04,320, 3.1
2025-06-11 11:15:22,-102.2143,31.9460, 565.7, 4866, -5.0, -6.9, -6.1, 86, 91, 4.03,320, 3.1
2025-06-11 11:15:23,-102.2143,31.9460, 565.4, 4870, -5.0, -6.9, -6.1, 86, 91, 4.03,321, 3.1
2025-06-11 11:15:24,-102.2143,31.9460, 565.1, 4874, -5.0, -6.9, -6.2, 86, 91, 4.03,321, 3.1
2025-06-11 11:15:25,-102.2142,31.9459, 564.8, 4879, -5.0, -7.0, -6.2, 86, 91, 4.03,321, 3.1
2025-06-11 11:15:26,-102.2142,31.9459, 564.5, 4883, -5.1, -7.0, -6.2, 86, 91, 4.03,322, 3.1
2025-06-11 11:15:27,-102.2142,31.9459, 564.2, 4887, -5.1, -7.0, -6.2, 86, 91, 4.02,322, 3.1
2025-06-11 11:15:28,-102.2142,31.9459, 563.9, 4892, -5.1, -7.0, -6.2, 87, 91, 4.02,323, 3.1
2025-06-11 11:15:29,-102.2142,31.9458, 563.5, 4896, -5.1, -7.0, -6.2, 87, 91, 4.02,323, 3.1
2025-06-11 11:15:30,-102.2142,31.9458, 563.2, 4901, -5.1, -7.0, -6.2, 87, 91, 4.02,323, 3.1
2025-06-11 11:15:31,-102.2141,31.9458, 562.9, 4906, -5.2, -7.0, -6.2, 87, 91, 4.01,324, 3.1
2025-06-11 11:15:32,-102.2141,31.9458, 562.6, 4910, -5.2, -7.1, -6.3, 87, 91, 4.01,324, 3.1
2025-06-11 11:15:33,-102.2141,31.9457, 562.2, 4915, -5.2, -7.1, -6.3, 87, 91, 4.01,324, 3.1
2025-06-11 11:15:34,-102.2141,31.9457, 561.9, 4920, -5.2, -7.1, -6.3, 87, 91, 4.01,325, 3.1
2025-06-11 11:15:35,-102.2141,31.9457, 561.5, 4925, -5.2, -7.1, -6.3, 87, 91, 4.01,325, 3.1
2025-06-11 11:15:36,-102.2141,31.9457, 561.1, 4930, -5.3, -7.1, -6.3, 87, 91, 4.00,327, 3.1
2025-06-11 11:15:37,-102.2140,31.9456, 560.8, 4934, -5.3, -7.1, -6.3, 87, 91, 4.00,328, 3.2
2025-06-11 11:15:38,-102.2140,31.9456, 560.5, 4939, -5.3, -7.2, -6.3, 87, 91, 4.00,329, 3.2
2025-06-11 11:15:39,-102.2140,31.9456, 560.2, 4944, -5.3, -7.2, -6.4, 87, 91, 3.99,330, 3.3
2025-06-11 11:15:40,-102.2140,31.9456, 559.8, 4948, -5.3, -7.2, -6.4, 87, 91, 3.99,331, 3.3
2025-06-11 11:15:41,-102.2140,31.9455, 559.5, 4953, -5.3, -7.2, -6.4, 87, 91, 3.98,332, 3.4
2025-06-11 11:15:42,-102.2140,31.9455, 559.2, 4957, -5.4, -7.2, -6.4, 87, 91, 3.98,333, 3.4
2025-06-11 11:15:43,-102.2140,31.9455, 558.9, 4962, -5.4, -7.3, -6.4, 87, 91, 3.98,334, 3.5
2025-06-11 11:15:44,-102.2140,31.9454, 558.6, 4966, -5.4, -7.3, -6.5, 87, 91, 3.97,335, 3.5
2025-06-11 11:15:45,-102.2140,31.9454, 558.3, 4970, -5.4, -7.3, -6.5, 86, 91, 3.97,336, 3.6
2025-06-11 11:15:46,-102.2140,31.9453, 558.0, 4974, -5.4, -7.3, -6.5, 86, 91, 3.96,337, 3.6
2025-06-11 11:15:47,-102.2140,31.9453, 557.8, 4977, -5.4, -7.3, -6.5, 86, 91, 3.96,338, 3.7
2025-06-11 11:15:48,-102.2140,31.9453, 557.5, 4981, -5.4, -7.4, -6.5, 86, 91, 3.96,339, 3.7
2025-06-11 11:15:49,-102.2140,31.9452, 557.2, 4985, -5.5, -7.4, -6.5, 86, 91, 3.95,340, 3.8
2025-06-11 11:15:50,-102.2139,31.9452, 557.0, 4989, -5.5, -7.4, -6.6, 86, 91, 3.94,341, 3.8
2025-06-11 11:15:51,-102.2139,31.9451, 556.7, 4993, -5.5, -7.4, -6.6, 86, 91, 3.93,342, 3.9
2025-06-11 11:15:52,-102.2139,31.9451, 556.4, 4997, -5.5, -7.5, -6.6, 86, 91, 3.92,343, 3.9
2025-06-11 11:15:53,-102.2139,31.9451, 556.1, 5001, -5.6, -7.5, -6.7, 86, 91, 3.92,343, 4.0
2025-06-11 11:15:54,-102.2139,31.9450, 555.8, 5005, -5.6, -7.6, -6.7, 86, 91, 3.91,344, 4.0
2025-06-11 11:15:55,-102.2139,31.9450, 555.5, 5009, -5.6, -7.6, -6.7, 86, 91, 3.90,345, 4.1
2025-06-11 11:15:56,-102.2139,31.9450, 555.2, 5014, -5.6, -7.6, -6.8, 86, 91, 3.89,346, 4.1
2025-06-11 11:15:57,-102.2139,31.9449, 554.8, 5018, -5.7, -7.7, -6.8, 86, 91, 3.88,347, 4.1
2025-06-11 11:15:58,-102.2139,31.9449, 554.5, 5023, -5.7, -7.7, -6.8, 86, 91, 3.87,348, 4.1
2025-06-11 11:15:59,-102.2139,31.9448, 554.1, 5028, -5.7, -7.7, -6.9, 86, 91, 3.86,349, 4.2
2025-06-11 11:16:00,-102.2139,31.9448, 553.8, 5033, -5.7, -7.8, -6.9, 85, 90, 3.85,350, 4.2
2025-06-11 11:16:01,-102.2139,31.9448, 553.4, 5038, -5.8, -7.8, -6.9, 85, 90, 3.85,350, 4.2
2025-06-11 11:16:02,-102.2139,31.9447, 553.0, 5044, -5.8, -7.8, -7.0, 85, 90, 3.84,351, 4.3
2025-06-11 11:16:03,-102.2139,31.9447, 552.6, 5050, -5.8, -7.9, -7.0, 85, 90, 3.83,352, 4.3
2025-06-11 11:16:04,-102.2139,31.9447, 552.2, 5056, -5.8, -7.9, -7.0, 85, 90, 3.82,353, 4.3
2025-06-11 11:16:05,-102.2139,31.9446, 551.8, 5062, -5.8, -8.0, -7.1, 85, 90, 3.81,354, 4.3
2025-06-11 11:16:06,-102.2139,31.9446, 551.4, 5068, -5.8, -8.0, -7.1, 85, 89, 3.80,355, 4.3
2025-06-11 11:16:07,-102.2139,31.9445, 550.9, 5074, -5.8, -8.1, -7.1, 84, 89, 3.79,356, 4.4
2025-06-11 11:16:08,-102.2139,31.9445, 550.5, 5080, -5.8, -8.1, -7.2, 84, 89, 3.78,357, 4.4
2025-06-11 11:16:09,-102.2139,31.9445, 550.1, 5086, -5.9, -8.1, -7.2, 84, 89, 3.77,358, 4.4
2025-06-11 11:16:10,-102.2139,31.9444, 549.7, 5092, -5.9, -8.2, -7.3, 84, 89, 3.76,358, 4.4
2025-06-11 11:16:11,-102.2139,31.9444, 549.2, 5099, -5.9, -8.2, -7.3, 83, 88, 3.75,359, 4.4
2025-06-11 11:16:12,-102.2139,31.9443, 548.8, 5105, -5.9, -8.3, -7.4, 83, 88, 3.74,360, 4.4
2025-06-11 11:16:13,-102.2139,31.9443, 548.4, 5111, -5.9, -8.3, -7.4, 83, 88, 3.73,  1, 4.5
2025-06-11 11:16:14,-102.2139,31.9443, 548.0, 5116, -5.9, -8.4, -7.4, 83, 88, 3.72,  2, 4.5
2025-06-11 11:16:15,-102.2139,31.9442, 547.7, 5120, -5.9, -8.4, -7.5, 82, 87, 3.70,  3, 4.5
2025-06-11 11:16:16,-102.2139,31.9442, 547.4, 5124, -5.9, -8.5, -7.5, 82, 87, 3.70,  2, 4.5
2025-06-11 11:16:17,-102.2139,31.9441, 547.1, 5128, -6.0, -8.5, -7.6, 82, 87, 3.68,  2, 4.5
2025-06-11 11:16:18,-102.2139,31.9441, 546.8, 5132, -6.0, -8.5, -7.6, 82, 87, 3.68,  2, 4.5
2025-06-11 11:16:19,-102.2139,31.9441, 546.6, 5137, -6.0, -8.6, -7.6, 82, 87, 3.67,  2, 4.5
2025-06-11 11:16:20,-102.2139,31.9440, 546.3, 5141, -6.0, -8.6, -7.7, 82, 87, 3.66,  1, 4.5
2025-06-11 11:16:21,-102.2139,31.9440, 546.0, 5144, -6.1, -8.6, -7.7, 82, 87, 3.65,  1, 4.5
2025-06-11 11:16:22,-102.2139,31.9440, 545.7, 5148, -6.1, -8.7, -7.7, 82, 87, 3.65,  1, 4.5
2025-06-11 11:16:23,-102.2139,31.9439, 545.5, 5152, -6.1, -8.7, -7.7, 82, 87, 3.64,  1, 4.5
2025-06-11 11:16:24,-102.2139,31.9439, 545.2, 5156, -6.1, -8.8, -7.8, 82, 87, 3.63,  1, 4.6
2025-06-11 11:16:25,-102.2139,31.9438, 544.9, 5160, -6.2, -8.8, -7.8, 82, 87, 3.62,360, 4.6
2025-06-11 11:16:26,-102.2139,31.9438, 544.7, 5164, -6.2, -8.8, -7.8, 82, 87, 3.62,360, 4.6
2025-06-11 11:16:27,-102.2139,31.9438, 544.4, 5167, -6.2, -8.8, -7.8, 82, 87, 3.61,360, 4.6
2025-06-11 11:16:28,-102.2139,31.9437, 544.1, 5171, -6.2, -8.9, -7.9, 82, 87, 3.60,360, 4.6
2025-06-11 11:16:29,-102.2139,31.9437, 543.8, 5175, -6.3, -8.9, -7.9, 82, 87, 3.59,359, 4.6
2025-06-11 11:16:30,-102.2139,31.9436, 543.6, 5179, -6.3, -8.9, -7.9, 82, 87, 3.59,359, 4.6
2025-06-11 11:16:31,-102.2139,31.9436, 543.3, 5183, -6.3, -9.0, -8.0, 81, 87, 3.57,359, 4.6
2025-06-11 11:16:32,-102.2139,31.9436, 543.0, 5188, -6.3, -9.0, -8.0, 81, 86, 3.56,359, 4.6
2025-06-11 11:16:33,-102.2139,31.9435, 542.7, 5192, -6.4, -9.1, -8.1, 81, 86, 3.55,359, 4.6
2025-06-11 11:16:34,-102.2139,31.9435, 542.3, 5197, -6.4, -9.1, -8.1, 81, 86, 3.54,358, 4.6
2025-06-11 11:16:35,-102.2139,31.9434, 542.0, 5202, -6.4, -9.2, -8.2, 81, 86, 3.53,358, 4.6
2025-06-11 11:16:36,-102.2139,31.9434, 541.7, 5207, -6.5, -9.2, -8.2, 81, 86, 3.52,358, 4.5
2025-06-11 11:16:37,-102.2139,31.9434, 541.3, 5212, -6.5, -9.3, -8.2, 81, 86, 3.51,359, 4.5
2025-06-11 11:16:38,-102.2139,31.9433, 541.0, 5217, -6.5, -9.3, -8.3, 80, 86, 3.50,359, 4.4
2025-06-11 11:16:39,-102.2139,31.9433, 540.7, 5222, -6.5, -9.4, -8.3, 80, 86, 3.49,359, 4.4
2025-06-11 11:16:40,-102.2139,31.9432, 540.4, 5227, -6.6, -9.4, -8.4, 80, 85, 3.47,359, 4.3
2025-06-11 11:16:41,-102.2139,31.9432, 540.0, 5232, -6.6, -9.5, -8.4, 80, 85, 3.47,360, 4.3
2025-06-11 11:16:42,-102.2139,31.9432, 539.7, 5237, -6.6, -9.5, -8.4, 80, 85, 3.45,360, 4.3
2025-06-11 11:16:43,-102.2139,31.9431, 539.4, 5241, -6.6, -9.6, -8.5, 80, 85, 3.44,360, 4.2
2025-06-11 11:16:44,-102.2139,31.9431, 539.1, 5244, -6.7, -9.6, -8.5, 80, 85, 3.43,360, 4.2
2025-06-11 11:16:45,-102.2139,31.9431, 538.8, 5248, -6.7, -9.6, -8.6, 80, 85, 3.43,  1, 4.1
2025-06-11 11:16:46,-102.2139,31.9430, 538.5, 5252, -6.7, -9.7, -8.6, 80, 85, 3.42,  1, 4.1
2025-06-11 11:16:47,-102.2139,31.9430, 538.2, 5256, -6.7, -9.7, -8.6, 79, 85, 3.41,  1, 4.0
2025-06-11 11:16:48,-102.2139,31.9429, 538.0, 5260, -6.8, -9.7, -8.7, 79, 85, 3.40,  2, 4.0
2025-06-11 11:16:49,-102.2139,31.9429, 537.7, 5265, -6.8, -9.8, -8.7, 79, 85, 3.39,  2, 3.9
2025-06-11 11:16:50,-102.2139,31.9429, 537.4, 5269, -6.8, -9.8, -8.7, 79, 85, 3.39,  2, 3.9
2025-06-11 11:16:51,-102.2139,31.9428, 537.1, 5273, -6.8, -9.8, -8.8, 79, 85, 3.38,  3, 3.8
2025-06-11 11:16:52,-102.2139,31.9428, 536.8, 5277, -6.9, -9.9, -8.8, 79, 85, 3.37,  3, 3.8
2025-06-11 11:16:53,-102.2139,31.9428, 536.5, 5282, -6.9, -9.9, -8.8, 79, 85, 3.36,  3, 3.8
2025-06-11 11:16:54,-102.2139,31.9427, 536.2, 5286, -6.9, -9.9, -8.8, 79, 84, 3.36,  4, 3.7
2025-06-11 11:16:55,-102.2139,31.9427, 535.9, 5290, -6.9,-10.0, -8.9, 79, 84, 3.35,  4, 3.7
2025-06-11 11:16:56,-102.2139,31.9426, 535.7, 5294, -7.0,-10.0, -8.9, 79, 84, 3.34,  4, 3.7
2025-06-11 11:16:57,-102.2139,31.9426, 535.4, 5297, -7.0,-10.1, -8.9, 79, 84, 3.33,  5, 3.7
2025-06-11 11:16:58,-102.2139,31.9426, 535.1, 5302, -7.0,-10.1, -9.0, 79, 84, 3.33,  5, 3.8
2025-06-11 11:16:59,-102.2139,31.9425, 534.8, 5307, -7.1,-10.1, -9.0, 79, 85, 3.32,  5, 3.9
2025-06-11 11:17:00,-102.2139,31.9425, 534.5, 5311, -7.1,-10.1, -9.0, 79, 85, 3.32,  6, 3.9
2025-06-11 11:17:01,-102.2139,31.9425, 534.1, 5316, -7.1,-10.2, -9.0, 79, 85, 3.32,  6, 4.0
2025-06-11 11:17:02,-102.2139,31.9424, 533.8, 5321, -7.2,-10.2, -9.1, 79, 85, 3.31,  6, 4.0
2025-06-11 11:17:03,-102.2139,31.9424, 533.5, 5325, -7.2,-10.2, -9.1, 79, 85, 3.31,  7, 4.0
2025-06-11 11:17:04,-102.2139,31.9423, 533.2, 5330, -7.2,-10.2, -9.1, 79, 85, 3.30,  7, 4.1
2025-06-11 11:17:05,-102.2140,31.9423, 532.9, 5334, -7.3,-10.3, -9.1, 79, 85, 3.30,  7, 4.1
2025-06-11 11:17:06,-102.2140,31.9423, 532.5, 5339, -7.3,-10.3, -9.1, 79, 85, 3.29,  7, 4.2
2025-06-11 11:17:07,-102.2140,31.9422, 532.2, 5344, -7.4,-10.3, -9.2, 79, 85, 3.29,  8, 4.2
2025-06-11 11:17:08,-102.2140,31.9422, 531.9, 5349, -7.4,-10.3, -9.2, 79, 85, 3.28,  8, 4.3
2025-06-11 11:17:09,-102.2140,31.9422, 531.6, 5354, -7.4,-10.4, -9.2, 80, 86, 3.28,  8, 4.3
2025-06-11 11:17:10,-102.2140,31.9421, 531.2, 5359, -7.5,-10.4, -9.2, 80, 86, 3.27,  8, 4.4
2025-06-11 11:17:11,-102.2140,31.9420, 530.9, 5364, -7.5,-10.4, -9.3, 80, 86, 3.27,  9, 4.4
2025-06-11 11:17:12,-102.2140,31.9420, 530.6, 5368, -7.5,-10.4, -9.3, 80, 86, 3.26,  9, 4.5
2025-06-11 11:17:13,-102.2140,31.9419, 530.3, 5373, -7.6,-10.5, -9.3, 80, 86, 3.26,  9, 4.5
2025-06-11 11:17:14,-102.2139,31.9419, 530.0, 5377, -7.6,-10.5, -9.3, 80, 86, 3.25,  9, 4.6
2025-06-11 11:17:15,-102.2139,31.9418, 529.6, 5382, -7.7,-10.5, -9.4, 80, 86, 3.25, 10, 4.6
2025-06-11 11:17:16,-102.2139,31.9418, 529.3, 5387, -7.7,-10.5, -9.4, 80, 86, 3.24,  8, 4.7
2025-06-11 11:17:17,-102.2139,31.9417, 528.9, 5392, -7.8,-10.6, -9.4, 80, 87, 3.24,  7, 4.8
2025-06-11 11:17:18,-102.2139,31.9416, 528.6, 5397, -7.8,-10.6, -9.4, 80, 87, 3.23,  6, 4.9
2025-06-11 11:17:19,-102.2139,31.9416, 528.3, 5402, -7.8,-10.6, -9.5, 80, 87, 3.23,  5, 5.0
2025-06-11 11:17:20,-102.2139,31.9415, 527.9, 5408, -7.9,-10.7, -9.5, 80, 87, 3.22,  4, 5.0
2025-06-11 11:17:21,-102.2139,31.9415, 527.6, 5413, -7.9,-10.7, -9.5, 80, 87, 3.22,  3, 5.2
2025-06-11 11:17:22,-102.2139,31.9414, 527.2, 5418, -8.0,-10.7, -9.5, 81, 87, 3.21,  2, 5.3
2025-06-11 11:17:23,-102.2139,31.9414, 526.9, 5423, -8.0,-10.8, -9.6, 81, 87, 3.21,  1, 5.4
2025-06-11 11:17:24,-102.2139,31.9413, 526.5, 5428, -8.0,-10.8, -9.6, 81, 87, 3.20,  1, 5.4
2025-06-11 11:17:25,-102.2139,31.9412, 526.2, 5434, -8.1,-10.8, -9.6, 81, 88, 3.20,360, 5.5
2025-06-11 11:17:26,-102.2139,31.9412, 525.8, 5439, -8.1,-10.8, -9.6, 81, 88, 3.20,359, 5.6
2025-06-11 11:17:27,-102.2139,31.9411, 525.4, 5444, -8.2,-10.8, -9.6, 81, 88, 3.19,358, 5.7
2025-06-11 11:17:28,-102.2139,31.9411, 525.0, 5450, -8.2,-10.9, -9.7, 81, 88, 3.19,357, 5.8
2025-06-11 11:17:29,-102.2139,31.9410, 524.6, 5456, -8.3,-10.9, -9.7, 81, 88, 3.18,357, 5.8
2025-06-11 11:17:30,-102.2139,31.9410, 524.2, 5462, -8.3,-10.9, -9.7, 81, 88, 3.18,356, 5.9
2025-06-11 11:17:31,-102.2139,31.9409, 523.8, 5468, -8.3,-10.9, -9.7, 82, 89, 3.18,355, 6.0
2025-06-11 11:17:32,-102.2139,31.9408, 523.4, 5474, -8.4,-11.0, -9.8, 82, 89, 3.17,355, 6.1
2025-06-11 11:17:33,-102.2139,31.9408, 523.1, 5478, -8.4,-11.0, -9.8, 82, 89, 3.17,354, 6.2
2025-06-11 11:17:34,-102.2138,31.9407, 522.8, 5483, -8.5,-11.0, -9.8, 82, 89, 3.16,353, 6.3
2025-06-11 11:17:35,-102.2138,31.9407, 522.5, 5487, -8.5,-11.0, -9.8, 82, 89, 3.16,353, 6.4
2025-06-11 11:17:36,-102.2138,31.9406, 522.2, 5492, -8.6,-11.1, -9.8, 82, 89, 3.15,353, 6.5
2025-06-11 11:17:37,-102.2138,31.9405, 521.9, 5496, -8.6,-11.1, -9.9, 82, 90, 3.15,352, 6.6
2025-06-11 11:17:38,-102.2138,31.9405, 521.6, 5501, -8.7,-11.1, -9.9, 82, 90, 3.14,352, 6.7
2025-06-11 11:17:39,-102.2138,31.9404, 521.2, 5507, -8.7,-11.1, -9.9, 82, 90, 3.14,352, 6.8
2025-06-11 11:17:40,-102.2138,31.9404, 520.8, 5513, -8.7,-11.2, -9.9, 83, 90, 3.14,352, 6.9
2025-06-11 11:17:41,-102.2138,31.9403, 520.4, 5518, -8.8,-11.2,-10.0, 83, 90, 3.13,352, 7.0
2025-06-11 11:17:42,-102.2138,31.9402, 520.1, 5524, -8.8,-11.2,-10.0, 83, 90, 3.13,352, 7.1
2025-06-11 11:17:43,-102.2138,31.9401, 519.7, 5530, -8.9,-11.2,-10.0, 83, 90, 3.13,352, 7.2
2025-06-11 11:17:44,-102.2137,31.9400, 519.3, 5536, -8.9,-11.3,-10.0, 83, 91, 3.12,351, 7.3
2025-06-11 11:17:45,-102.2137,31.9400, 518.9, 5541, -8.9,-11.3,-10.1, 83, 91, 3.12,351, 7.4
2025-06-11 11:17:46,-102.2137,31.9399, 518.5, 5547, -9.0,-11.3,-10.1, 83, 91, 3.11,351, 7.5
2025-06-11 11:17:47,-102.2137,31.9398, 518.1, 5553, -9.0,-11.3,-10.1, 83, 91, 3.11,351, 7.5
2025-06-11 11:17:48,-102.2137,31.9397, 517.8, 5558, -9.1,-11.4,-10.1, 83, 91, 3.11,351, 7.6
2025-06-11 11:17:49,-102.2137,31.9396, 517.4, 5564, -9.1,-11.4,-10.1, 83, 91, 3.10,351, 7.7
2025-06-11 11:17:50,-102.2137,31.9396, 517.0, 5570, -9.1,-11.4,-10.2, 83, 91, 3.09,351, 7.8
2025-06-11 11:17:51,-102.2136,31.9394, 516.8, 5573, -9.2,-11.4,-10.2, 84, 91, 3.10,351, 7.9
2025-06-11 11:17:52,-102.2136,31.9394, 516.3, 5581, -9.2,-11.4,-10.2, 84, 91, 3.10,351, 8.0
2025-06-11 11:17:53,-102.2136,31.9393, 515.9, 5586, -9.2,-11.4,-10.2, 83, 91, 3.10,351, 8.1
2025-06-11 11:17:54,-102.2136,31.9392, 515.5, 5592, -9.2,-11.4,-10.2, 83, 91, 3.10,350, 8.2
2025-06-11 11:17:55,-102.2136,31.9391, 515.1, 5598, -9.2,-11.4,-10.2, 83, 91, 3.10,350, 8.3
2025-06-11 11:17:56,-102.2135,31.9390, 514.8, 5603, -9.1,-11.4,-10.2, 83, 91, 3.10,350, 8.4
2025-06-11 11:17:57,-102.2135,31.9389, 514.4, 5609, -9.1,-11.4,-10.2, 83, 91, 3.11,350, 8.5
2025-06-11 11:17:58,-102.2135,31.9388, 514.0, 5615, -9.1,-11.4,-10.2, 83, 91, 3.11,350, 8.6
2025-06-11 11:17:59,-102.2135,31.9388, 513.6, 5621, -9.1,-11.4,-10.2, 83, 91, 3.11,350, 8.7
2025-06-11 11:18:00,-102.2135,31.9387, 513.3, 5627, -9.1,-11.5,-10.2, 83, 91, 3.11,350, 8.9
2025-06-11 11:18:01,-102.2134,31.9386, 512.9, 5632, -9.1,-11.5,-10.2, 83, 91, 3.11,350, 9.0
2025-06-11 11:18:02,-102.2134,31.9385, 512.5, 5637, -9.1,-11.5,-10.2, 83, 91, 3.11,351, 9.1
2025-06-11 11:18:03,-102.2134,31.9384, 512.2, 5642, -9.1,-11.5,-10.2, 83, 91, 3.12,351, 9.2
2025-06-11 11:18:04,-102.2134,31.9383, 511.9, 5647, -9.1,-11.5,-10.2, 83, 91, 3.12,351, 9.3
2025-06-11 11:18:05,-102.2134,31.9383, 511.6, 5652, -9.1,-11.5,-10.2, 83, 91, 3.11,351, 9.4
2025-06-11 11:18:06,-102.2134,31.9382, 511.3, 5657, -9.1,-11.5,-10.2, 83, 91, 3.11,351, 9.5
2025-06-11 11:18:07,-102.2133,31.9381, 510.9, 5661, -9.1,-11.5,-10.3, 83, 90, 3.10,351, 9.6
2025-06-11 11:18:08,-102.2133,31.9380, 510.6, 5666, -9.1,-11.6,-10.3, 83, 90, 3.10,351, 9.7
2025-06-11 11:18:09,-102.2133,31.9379, 510.3, 5670, -9.1,-11.6,-10.3, 82, 90, 3.10,351, 9.9
2025-06-11 11:18:10,-102.2133,31.9378, 510.1, 5674, -9.1,-11.6,-10.3, 82, 90, 3.09,351,10.0
2025-06-11 11:18:11,-102.2133,31.9377, 509.8, 5679, -9.1,-11.6,-10.3, 82, 90, 3.09,351,10.1
2025-06-11 11:18:12,-102.2133,31.9376, 509.5, 5683, -9.1,-11.7,-10.4, 82, 89, 3.08,351,10.2
2025-06-11 11:18:13,-102.2132,31.9375, 509.2, 5688, -9.1,-11.7,-10.4, 81, 89, 3.08,351,10.3
2025-06-11 11:18:14,-102.2132,31.9374, 508.9, 5692, -9.1,-11.7,-10.4, 81, 89, 3.08,351,10.4
2025-06-11 11:18:15,-102.2132,31.9374, 508.6, 5697, -9.1,-11.7,-10.4, 81, 89, 3.07,351,10.5
2025-06-11 11:18:16,-102.2132,31.9373, 508.3, 5701, -9.1,-11.8,-10.5, 81, 89, 3.07,351,10.5
2025-06-11 11:18:17,-102.2132,31.9372, 508.0, 5706, -9.1,-11.8,-10.5, 81, 88, 3.06,351,10.5
2025-06-11 11:18:18,-102.2131,31.9371, 507.7, 5710, -9.1,-11.8,-10.5, 80, 88, 3.05,351,10.6
2025-06-11 11:18:19,-102.2131,31.9370, 507.4, 5715, -9.1,-11.9,-10.6, 80, 87, 3.03,351,10.6
2025-06-11 11:18:20,-102.2131,31.9369, 507.1, 5720, -9.1,-12.0,-10.7, 79, 87, 3.02,351,10.6
2025-06-11 11:18:21,-102.2131,31.9368, 506.7, 5725, -9.1,-12.1,-10.7, 79, 86, 3.00,351,10.6
2025-06-11 11:18:22,-102.2131,31.9367, 506.4, 5730, -9.1,-12.1,-10.8, 79, 86, 2.99,351,10.6
2025-06-11 11:18:23,-102.2131,31.9366, 506.1, 5734, -9.1,-12.2,-10.9, 78, 85, 2.97,351,10.6
2025-06-11 11:18:24,-102.2130,31.9365, 505.8, 5739, -9.1,-12.3,-10.9, 78, 85, 2.95,351,10.6
2025-06-11 11:18:25,-102.2130,31.9364, 505.5, 5744, -9.1,-12.4,-11.0, 77, 84, 2.94,351,10.6
2025-06-11 11:18:26,-102.2130,31.9363, 505.2, 5748, -9.1,-12.4,-11.1, 77, 84, 2.92,351,10.6
2025-06-11 11:18:27,-102.2130,31.9362, 504.9, 5753, -9.1,-12.5,-11.2, 76, 83, 2.90,351,10.6
2025-06-11 11:18:28,-102.2130,31.9361, 504.6, 5758, -9.1,-12.6,-11.2, 76, 83, 2.89,351,10.6
2025-06-11 11:18:29,-102.2130,31.9360, 504.3, 5762, -9.1,-12.7,-11.3, 75, 82, 2.87,351,10.7
2025-06-11 11:18:30,-102.2129,31.9359, 504.0, 5767, -9.1,-12.8,-11.4, 75, 82, 2.85,351,10.7
2025-06-11 11:18:31,-102.2129,31.9358, 503.7, 5771, -9.1,-12.8,-11.4, 74, 81, 2.84,352,10.7
2025-06-11 11:18:32,-102.2129,31.9357, 503.4, 5775, -9.1,-13.0,-11.6, 74, 81, 2.81,352,10.7
2025-06-11 11:18:33,-102.2129,31.9356, 503.2, 5780, -9.1,-13.1,-11.7, 73, 80, 2.78,352,10.7
2025-06-11 11:18:34,-102.2129,31.9355, 502.9, 5784, -9.1,-13.2,-11.8, 72, 79, 2.75,352,10.7
2025-06-11 11:18:35,-102.2128,31.9354, 502.6, 5789, -9.1,-13.4,-11.9, 71, 78, 2.72,352,10.7
2025-06-11 11:18:36,-102.2128,31.9353, 502.3, 5793, -9.1,-13.5,-12.0, 70, 77, 2.69,352,10.7
2025-06-11 11:18:37,-102.2128,31.9352, 502.1, 5797, -9.1,-13.6,-12.2, 69, 76, 2.66,352,10.8
2025-06-11 11:18:38,-102.2128,31.9351, 501.8, 5801, -9.1,-13.8,-12.3, 69, 75, 2.64,351,10.8
2025-06-11 11:18:39,-102.2128,31.9350, 501.5, 5805, -9.1,-13.9,-12.4, 68, 74, 2.61,351,10.8
2025-06-11 11:18:40,-102.2128,31.9349, 501.1, 5810, -9.1,-14.1,-12.5, 67, 73, 2.58,351,10.8
2025-06-11 11:18:41,-102.2127,31.9348, 500.8, 5815, -9.0,-14.2,-12.7, 66, 72, 2.55,351,10.9
2025-06-11 11:18:42,-102.2127,31.9347, 500.5, 5821, -9.0,-14.3,-12.8, 65, 72, 2.52,351,10.9
2025-06-11 11:18:43,-102.2127,31.9346, 500.0, 5828, -9.0,-14.6,-13.0, 64, 70, 2.48,351,10.9
2025-06-11 11:18:44,-102.2127,31.9345, 499.8, 5832, -9.0,-14.6,-13.1, 64, 70, 2.46,351,10.9
2025-06-11 11:18:45,-102.2127,31.9344, 499.5, 5837, -9.0,-14.8,-13.2, 63, 69, 2.43,351,10.9
2025-06-11 11:18:46,-102.2127,31.9343, 499.2, 5841, -9.1,-14.9,-13.3, 62, 68, 2.41,351,11.0
2025-06-11 11:18:47,-102.2127,31.9342, 498.9, 5846, -9.1,-15.1,-13.5, 62, 68, 2.38,350,11.0
2025-06-11 11:18:48,-102.2126,31.9342, 498.5, 5851, -9.1,-15.2,-13.6, 61, 67, 2.35,350,11.0
2025-06-11 11:18:49,-102.2126,31.9341, 498.2, 5856, -9.1,-15.4,-13.7, 61, 66, 2.33,350,11.0
2025-06-11 11:18:50,-102.2126,31.9340, 497.9, 5861, -9.2,-15.5,-13.9, 60, 66, 2.30,350,11.1
2025-06-11 11:18:51,-102.2126,31.9339, 497.5, 5866, -9.2,-15.7,-14.0, 59, 65, 2.27,350,11.1
2025-06-11 11:18:52,-102.2126,31.9338, 497.2, 5872, -9.2,-15.8,-14.1, 59, 64, 2.25,350,11.1
2025-06-11 11:18:53,-102.2126,31.9337, 496.9, 5877, -9.2,-16.0,-14.3, 58, 64, 2.22,350,11.1
2025-06-11 11:18:54,-102.2125,31.9336, 496.5, 5883, -9.3,-16.1,-14.4, 57, 63, 2.19,350,11.2
2025-06-11 11:18:55,-102.2125,31.9335, 496.2, 5888, -9.3,-16.3,-14.6, 57, 62, 2.17,350,11.2
2025-06-11 11:18:56,-102.2125,31.9334, 495.8, 5893, -9.3,-16.4,-14.7, 56, 62, 2.14,350,11.2
2025-06-11 11:18:57,-102.2125,31.9333, 495.4, 5899, -9.4,-16.6,-14.8, 56, 61, 2.11,350,11.2
2025-06-11 11:18:58,-102.2125,31.9332, 495.1, 5904, -9.4,-16.7,-14.9, 55, 61, 2.09,350,11.2
2025-06-11 11:18:59,-102.2125,31.9331, 494.7, 5911, -9.4,-16.7,-15.0, 55, 61, 2.09,351,11.2
2025-06-11 11:19:00,-102.2125,31.9330, 494.3, 5918, -9.5,-16.8,-15.0, 55, 61, 2.09,351,11.2
2025-06-11 11:19:01,-102.2124,31.9329, 493.9, 5924, -9.5,-16.8,-15.0, 55, 61, 2.09,351,11.2
2025-06-11 11:19:02,-102.2124,31.9328, 493.5, 5930, -9.6,-16.8,-15.0, 56, 61, 2.09,351,11.2
2025-06-11 11:19:03,-102.2124,31.9327, 493.2, 5935, -9.6,-16.8,-15.0, 56, 61, 2.09,352,11.2
2025-06-11 11:19:04,-102.2124,31.9326, 492.8, 5941, -9.6,-16.8,-15.0, 56, 61, 2.09,352,11.2
2025-06-11 11:19:05,-102.2124,31.9325, 492.5, 5946, -9.7,-16.8,-15.0, 56, 62, 2.09,352,11.2
2025-06-11 11:19:06,-102.2124,31.9324, 492.1, 5951, -9.7,-16.8,-15.1, 56, 62, 2.08,352,11.2
2025-06-11 11:19:07,-102.2123,31.9323, 491.8, 5957, -9.8,-16.9,-15.1, 56, 62, 2.08,353,11.2
2025-06-11 11:19:08,-102.2123,31.9322, 491.4, 5962, -9.8,-16.9,-15.1, 56, 62, 2.08,353,11.2
2025-06-11 11:19:09,-102.2123,31.9321, 491.1, 5967, -9.8,-16.9,-15.1, 56, 62, 2.08,353,11.2
2025-06-11 11:19:10,-102.2123,31.9320, 490.8, 5972, -9.9,-16.9,-15.1, 57, 62, 2.08,353,11.2
2025-06-11 11:19:11,-102.2123,31.9319, 490.5, 5978, -9.9,-16.9,-15.1, 57, 62, 2.08,354,11.2
2025-06-11 11:19:12,-102.2123,31.9318, 490.1, 5983,-10.0,-16.9,-15.1, 57, 63, 2.09,354,11.2
2025-06-11 11:19:13,-102.2123,31.9317, 489.8, 5988,-10.0,-16.1,-14.4, 61, 67, 2.22,354,11.2
2025-06-11 11:19:14,-102.2123,31.9316, 489.5, 5993,-10.0,-16.1,-14.3, 61, 68, 2.24,354,11.2
2025-06-11 11:19:15,-102.2123,31.9315, 489.2, 5998,-10.1,-16.0,-14.3, 62, 68, 2.25,355,11.2
2025-06-11 11:19:16,-102.2123,31.9314, 488.9, 6003,-10.1,-15.9,-14.2, 62, 69, 2.26,355,11.2
2025-06-11 11:19:17,-102.2123,31.9313, 488.6, 6007,-10.2,-15.9,-14.2, 63, 70, 2.28,355,11.2
2025-06-11 11:19:18,-102.2123,31.9312, 488.3, 6012,-10.2,-15.8,-14.1, 64, 70, 2.29,355,11.2
2025-06-11 11:19:19,-102.2123,31.9311, 488.0, 6017,-10.3,-15.8,-14.1, 64, 71, 2.30,355,11.2
2025-06-11 11:19:20,-102.2123,31.9310, 487.7, 6021,-10.3,-15.7,-14.0, 65, 72, 2.32,355,11.2
2025-06-11 11:19:21,-102.2122,31.9309, 487.4, 6026,-10.3,-15.6,-14.0, 65, 72, 2.33,355,11.2
2025-06-11 11:19:22,-102.2122,31.9308, 487.1, 6030,-10.4,-15.6,-13.9, 66, 73, 2.34,355,11.2
2025-06-11 11:19:23,-102.2122,31.9307, 486.9, 6034,-10.4,-15.5,-13.8, 66, 73, 2.36,355,11.2
2025-06-11 11:19:24,-102.2122,31.9306, 486.6, 6039,-10.5,-15.4,-13.8, 67, 74, 2.37,355,11.2
2025-06-11 11:19:25,-102.2122,31.9305, 486.4, 6041,-10.5,-15.4,-13.8, 67, 74, 2.38,355,11.2
2025-06-11 11:19:26,-102.2122,31.9304, 486.0, 6047,-10.5,-15.5,-13.9, 67, 74, 2.36,355,11.3
2025-06-11 11:19:27,-102.2122,31.9303, 485.8, 6052,-10.5,-15.6,-13.9, 66, 73, 2.34,355,11.3
2025-06-11 11:19:28,-102.2122,31.9302, 485.5, 6056,-10.5,-15.7,-14.0, 66, 73, 2.33,355,11.3
2025-06-11 11:19:29,-102.2122,31.9301, 485.2, 6060,-10.5,-15.8,-14.1, 65, 73, 2.32,356,11.3
2025-06-11 11:19:30,-102.2122,31.9300, 484.9, 6064,-10.5,-15.8,-14.1, 65, 72, 2.30,356,11.3
2025-06-11 11:19:31,-102.2122,31.9299, 484.6, 6069,-10.6,-15.9,-14.2, 65, 72, 2.29,356,11.3
2025-06-11 11:19:32,-102.2122,31.9298, 484.3, 6074,-10.6,-16.0,-14.3, 64, 71, 2.27,356,11.3
2025-06-11 11:19:33,-102.2122,31.9297, 484.0, 6079,-10.6,-16.1,-14.4, 64, 71, 2.26,356,11.3
2025-06-11 11:19:34,-102.2122,31.9296, 483.7, 6084,-10.6,-16.2,-14.4, 64, 71, 2.24,356,11.3
2025-06-11 11:19:35,-102.2122,31.9295, 483.4, 6089,-10.6,-16.2,-14.5, 63, 70, 2.23,356,11.3
2025-06-11 11:19:36,-102.2122,31.9294, 483.0, 6095,-10.6,-16.3,-14.6, 63, 70, 2.22,356,11.3
2025-06-11 11:19:37,-102.2122,31.9293, 482.7, 6100,-10.6,-16.4,-14.7, 62, 69, 2.20,357,11.2
2025-06-11 11:19:38,-102.2122,31.9292, 482.4, 6105,-10.6,-16.5,-14.8, 62, 69, 2.19,357,11.1
2025-06-11 11:19:39,-102.2122,31.9291, 482.1, 6111,-10.6,-16.9,-15.1, 60, 67, 2.12,358,11.1
2025-06-11 11:19:40,-102.2122,31.9290, 481.8, 6116,-10.6,-17.2,-15.4, 58, 65, 2.06,358,11.0
2025-06-11 11:19:41,-102.2122,31.9289, 481.4, 6121,-10.6,-17.6,-15.7, 56, 63, 2.00,358,10.9
2025-06-11 11:19:42,-102.2122,31.9288, 481.1, 6126,-10.6,-17.9,-16.1, 55, 61, 1.94,359,10.8
2025-06-11 11:19:43,-102.2122,31.9287, 480.8, 6131,-10.6,-18.3,-16.4, 53, 59, 1.88,359,10.8
2025-06-11 11:19:44,-102.2122,31.9286, 480.5, 6135,-10.6,-18.7,-16.8, 51, 57, 1.82,360,10.7
2025-06-11 11:19:45,-102.2122,31.9285, 480.2, 6140,-10.5,-19.1,-17.1, 49, 55, 1.76,360,10.6
2025-06-11 11:19:46,-102.2122,31.9284, 479.9, 6145,-10.5,-19.6,-17.5, 47, 53, 1.70,  1,10.6
2025-06-11 11:19:47,-102.2122,31.9284, 479.7, 6149,-10.5,-20.0,-17.9, 46, 51, 1.63,  1,10.5
2025-06-11 11:19:48,-102.2122,31.9283, 479.4, 6154,-10.5,-20.5,-18.4, 44, 49, 1.57,  2,10.4
2025-06-11 11:19:49,-102.2122,31.9282, 479.1, 6158,-10.5,-20.9,-18.8, 42, 47, 1.51,  2,10.4
2025-06-11 11:19:50,-102.2122,31.9281, 478.8, 6162,-10.5,-21.4,-19.2, 40, 45, 1.45,  3,10.3
2025-06-11 11:19:51,-102.2122,31.9280, 478.5, 6168,-10.5,-22.1,-19.9, 38, 42, 1.36,  3,10.2
2025-06-11 11:19:52,-102.2122,31.9279, 478.3, 6171,-10.5,-22.5,-20.3, 36, 40, 1.31,  4,10.2
2025-06-11 11:19:53,-102.2122,31.9279, 478.0, 6176,-10.5,-23.2,-20.8, 35, 38, 1.24,  4,10.1
2025-06-11 11:19:54,-102.2122,31.9278, 477.7, 6180,-10.5,-23.7,-21.3, 33, 37, 1.19,  5,10.0
2025-06-11 11:19:55,-102.2122,31.9277, 477.5, 6184,-10.5,-23.8,-21.4, 33, 36, 1.18,  5,10.0
2025-06-11 11:19:56,-102.2122,31.9276, 477.2, 6189,-10.6,-23.9,-21.5, 33, 36, 1.17,  5, 9.9
2025-06-11 11:19:57,-102.2122,31.9275, 476.9, 6193,-10.6,-24.0,-21.6, 32, 36, 1.16,  5, 9.9
2025-06-11 11:19:58,-102.2122,31.9274, 476.6, 6198,-10.6,-24.1,-21.7, 32, 36, 1.15,  4, 9.8
2025-06-11 11:19:59,-102.2122,31.9274, 476.3, 6203,-10.6,-24.2,-21.7, 32, 36, 1.14,  4, 9.8
2025-06-11 11:20:00,-102.2122,31.9273, 475.9, 6208,-10.7,-24.3,-21.8, 32, 35, 1.13,  4, 9.7
2025-06-11 11:20:01,-102.2122,31.9272, 475.6, 6213,-10.7,-24.4,-21.9, 32, 35, 1.12,  3, 9.7
2025-06-11 11:20:02,-102.2122,31.9271, 475.3, 6219,-10.7,-24.4,-22.0, 31, 35, 1.11,  3, 9.7
2025-06-11 11:20:03,-102.2122,31.9270, 475.0, 6224,-10.8,-24.5,-22.1, 31, 35, 1.11,  3, 9.6
2025-06-11 11:20:04,-102.2122,31.9269, 474.7, 6229,-10.8,-24.6,-22.2, 31, 34, 1.10,  2, 9.6
2025-06-11 11:20:05,-102.2122,31.9269, 474.4, 6234,-10.8,-24.7,-22.3, 31, 34, 1.09,  2, 9.5
2025-06-11 11:20:06,-102.2122,31.9268, 474.1, 6238,-10.8,-24.8,-22.4, 31, 34, 1.08,  2, 9.5
2025-06-11 11:20:07,-102.2122,31.9267, 473.8, 6244,-10.9,-24.8,-22.4, 31, 34, 1.08,  1, 9.4
2025-06-11 11:20:08,-102.2122,31.9266, 473.5, 6249,-10.9,-24.8,-22.4, 31, 34, 1.08,  1, 9.4
2025-06-11 11:20:09,-102.2122,31.9265, 473.2, 6254,-11.0,-24.8,-22.4, 31, 34, 1.08,  1, 9.4
2025-06-11 11:20:10,-102.2122,31.9264, 472.9, 6259,-11.0,-24.8,-22.4, 31, 35, 1.08,360, 9.3
2025-06-11 11:20:11,-102.2122,31.9264, 472.5, 6264,-11.0,-24.8,-22.3, 31, 35, 1.08,360, 9.3
2025-06-11 11:20:12,-102.2122,31.9263, 472.2, 6269,-11.1,-24.8,-22.3, 31, 35, 1.09,360, 9.2
2025-06-11 11:20:13,-102.2122,31.9262, 471.9, 6274,-11.1,-24.8,-22.3, 31, 35, 1.09,359, 9.2
2025-06-11 11:20:14,-102.2122,31.9261, 471.6, 6279,-11.1,-24.8,-22.3, 31, 35, 1.09,359, 9.1
2025-06-11 11:20:15,-102.2122,31.9260, 471.4, 6283,-11.2,-24.8,-22.3, 32, 35, 1.09,358, 9.1
2025-06-11 11:20:16,-102.2122,31.9260, 471.1, 6287,-11.2,-24.8,-22.3, 32, 35, 1.09,358, 9.1
2025-06-11 11:20:17,-102.2122,31.9259, 470.9, 6291,-11.3,-24.8,-22.3, 32, 35, 1.09,358, 9.1
2025-06-11 11:20:18,-102.2122,31.9258, 470.6, 6295,-11.3,-24.8,-22.3, 32, 36, 1.09,358, 9.1
2025-06-11 11:20:19,-102.2122,31.9257, 470.3, 6300,-11.3,-24.8,-22.3, 32, 36, 1.09,358, 9.1
2025-06-11 11:20:20,-102.2122,31.9257, 470.1, 6303,-11.3,-24.9,-22.4, 32, 36, 1.09,358, 9.1
2025-06-11 11:20:21,-102.2122,31.9256, 469.9, 6307,-11.4,-25.0,-22.5, 32, 35, 1.07,358, 9.1
2025-06-11 11:20:22,-102.2122,31.9255, 469.7, 6311,-11.4,-25.1,-22.6, 31, 35, 1.06,358, 9.1
2025-06-11 11:20:23,-102.2122,31.9254, 469.4, 6315,-11.4,-25.2,-22.7, 31, 35, 1.05,359, 9.1
2025-06-11 11:20:24,-102.2122,31.9253, 469.2, 6318,-11.5,-25.3,-22.8, 31, 34, 1.04,359, 9.1
2025-06-11 11:20:25,-102.2122,31.9253, 469.0, 6322,-11.5,-25.4,-22.9, 31, 34, 1.03,359, 9.1
2025-06-11 11:20:26,-102.2122,31.9252, 468.7, 6326,-11.5,-25.6,-23.0, 30, 34, 1.02,359, 9.1
2025-06-11 11:20:27,-102.2122,31.9251, 468.5, 6330,-11.5,-25.7,-23.1, 30, 34, 1.01,359, 9.0
2025-06-11 11:20:28,-102.2122,31.9250, 468.2, 6334,-11.6,-25.8,-23.3, 30, 33, 1.00,359, 9.0
2025-06-11 11:20:29,-102.2122,31.9249, 468.0, 6338,-11.6,-25.9,-23.4, 30, 33, 0.99,359, 9.0
2025-06-11 11:20:30,-102.2122,31.9249, 467.7, 6343,-11.6,-26.0,-23.5, 29, 33, 0.98,359, 9.0
2025-06-11 11:20:31,-102.2122,31.9248, 467.5, 6347,-11.7,-26.2,-23.6, 29, 33, 0.97,359, 9.0
2025-06-11 11:20:32,-102.2122,31.9247, 467.2, 6351,-11.7,-26.3,-23.7, 29, 32, 0.96,359, 9.0
2025-06-11 11:20:33,-102.2122,31.9246, 467.0, 6354,-11.7,-26.4,-23.8, 29, 32, 0.95,359, 9.0
2025-06-11 11:20:34,-102.2122,31.9246, 466.7, 6359,-11.8,-26.3,-23.7, 29, 32, 0.96,359, 9.0
2025-06-11 11:20:35,-102.2122,31.9245, 466.4, 6363,-11.8,-26.2,-23.6, 29, 33, 0.97,359, 9.0
2025-06-11 11:20:36,-102.2122,31.9244, 466.2, 6367,-11.8,-26.1,-23.6, 29, 33, 0.98,359, 8.9
2025-06-11 11:20:37,-102.2122,31.9243, 465.9, 6371,-11.9,-26.1,-23.5, 30, 33, 0.98,360, 8.8
2025-06-11 11:20:38,-102.2122,31.9242, 465.7, 6376,-11.9,-26.0,-23.4, 30, 34, 0.99,360, 8.8
2025-06-11 11:20:39,-102.2122,31.9242, 465.4, 6381,-11.9,-25.9,-23.4, 30, 34, 1.00,360, 8.7
2025-06-11 11:20:40,-102.2122,31.9241, 465.0, 6386,-12.0,-25.8,-23.3, 31, 34, 1.00,  1, 8.6
2025-06-11 11:20:41,-102.2122,31.9240, 464.7, 6391,-12.0,-25.8,-23.2, 31, 35, 1.01,  1, 8.5
2025-06-11 11:20:42,-102.2122,31.9239, 464.4, 6395,-12.1,-25.7,-23.2, 31, 35, 1.02,  2, 8.4
2025-06-11 11:20:43,-102.2122,31.9239, 464.1, 6401,-12.1,-25.6,-23.1, 32, 36, 1.03,  2, 8.4
2025-06-11 11:20:44,-102.2123,31.9238, 463.8, 6407,-12.1,-25.6,-23.0, 32, 36, 1.03,  3, 8.3
2025-06-11 11:20:45,-102.2123,31.9237, 463.5, 6413,-12.2,-25.4,-22.9, 32, 36, 1.05,  3, 8.2
2025-06-11 11:20:46,-102.2123,31.9237, 463.1, 6419,-12.2,-24.8,-22.3, 34, 39, 1.11,  4, 8.1
2025-06-11 11:20:47,-102.2123,31.9236, 462.8, 6425,-12.2,-24.2,-21.7, 36, 41, 1.18,  4, 8.1
2025-06-11 11:20:48,-102.2123,31.9236, 462.4, 6431,-12.3,-23.6,-21.2, 38, 43, 1.24,  5, 8.0
2025-06-11 11:20:49,-102.2123,31.9235, 462.1, 6436,-12.3,-23.0,-20.7, 40, 46, 1.30,  5, 7.9
2025-06-11 11:20:50,-102.2124,31.9234, 461.7, 6441,-12.3,-22.5,-20.2, 42, 48, 1.36,  6, 7.8
2025-06-11 11:20:51,-102.2124,31.9234, 461.4, 6446,-12.4,-22.0,-19.8, 44, 50, 1.42,  6, 7.8
2025-06-11 11:20:52,-102.2124,31.9233, 461.1, 6451,-12.4,-21.6,-19.4, 46, 52, 1.48,  7, 7.7
2025-06-11 11:20:53,-102.2124,31.9232, 460.9, 6456,-12.4,-21.1,-19.0, 48, 55, 1.54,  7, 7.6
2025-06-11 11:20:54,-102.2124,31.9232, 460.6, 6461,-12.5,-20.7,-18.6, 50, 57, 1.60,  8, 7.6
2025-06-11 11:20:55,-102.2124,31.9231, 460.3, 6465,-12.5,-20.3,-18.2, 52, 59, 1.66,  8, 7.5
2025-06-11 11:20:56,-102.2124,31.9231, 460.0, 6470,-12.6,-19.9,-17.8, 54, 61, 1.72,  9, 7.4
2025-06-11 11:20:57,-102.2125,31.9230, 459.7, 6474,-12.6,-19.5,-17.5, 56, 64, 1.78,  9, 7.4
2025-06-11 11:20:58,-102.2125,31.9229, 459.5, 6479,-12.6,-19.2,-17.2, 58, 66, 1.83,  9, 7.4
2025-06-11 11:20:59,-102.2125,31.9229, 459.2, 6483,-12.7,-18.8,-16.9, 60, 68, 1.89,  9, 7.3
2025-06-11 11:21:00,-102.2125,31.9228, 459.0, 6487,-12.7,-18.5,-16.6, 62, 70, 1.94, 10, 7.3
2025-06-11 11:21:01,-102.2125,31.9228, 458.7, 6491,-12.7,-18.2,-16.3, 64, 72, 2.00, 10, 7.2
2025-06-11 11:21:02,-102.2125,31.9227, 458.5, 6495,-12.8,-18.0,-16.1, 65, 73, 2.02, 10, 7.2
2025-06-11 11:21:03,-102.2126,31.9226, 458.2, 6499,-12.8,-18.0,-16.1, 65, 74, 2.03, 10, 7.1
2025-06-11 11:21:04,-102.2126,31.9226, 458.0, 6503,-12.8,-18.0,-16.1, 65, 74, 2.03, 11, 7.1
2025-06-11 11:21:05,-102.2126,31.9225, 457.7, 6507,-12.9,-18.0,-16.1, 65, 74, 2.03, 11, 7.0
2025-06-11 11:21:06,-102.2126,31.9225, 457.5, 6511,-12.9,-18.0,-16.1, 65, 74, 2.03, 11, 7.0
2025-06-11 11:21:07,-102.2126,31.9224, 457.3, 6515,-12.9,-18.0,-16.1, 66, 74, 2.03, 12, 7.0
2025-06-11 11:21:08,-102.2126,31.9223, 457.0, 6519,-13.0,-18.0,-16.2, 66, 75, 2.03, 12, 6.9
2025-06-11 11:21:09,-102.2127,31.9223, 456.8, 6523,-13.0,-18.0,-16.2, 66, 75, 2.03, 12, 6.9
2025-06-11 11:21:10,-102.2127,31.9222, 456.5, 6527,-13.0,-18.0,-16.2, 66, 75, 2.03, 12, 6.8
2025-06-11 11:21:11,-102.2127,31.9222, 456.3, 6531,-13.1,-18.1,-16.2, 66, 75, 2.03, 13, 6.8
2025-06-11 11:21:12,-102.2127,31.9221, 456.0, 6536,-13.1,-18.1,-16.2, 66, 75, 2.03, 13, 6.7
2025-06-11 11:21:13,-102.2127,31.9220, 455.8, 6540,-13.1,-18.1,-16.2, 66, 76, 2.03, 13, 6.7
2025-06-11 11:21:14,-102.2127,31.9220, 455.5, 6545,-13.2,-18.1,-16.2, 67, 76, 2.03, 14, 6.7
2025-06-11 11:21:15,-102.2127,31.9219, 455.3, 6549,-13.2,-18.1,-16.2, 67, 76, 2.03, 14, 6.6
2025-06-11 11:21:16,-102.2128,31.9219, 455.0, 6553,-13.2,-18.1,-16.2, 67, 76, 2.03, 14, 6.6
2025-06-11 11:21:17,-102.2128,31.9218, 454.8, 6558,-13.2,-18.1,-16.2, 67, 76, 2.03, 13, 6.6
2025-06-11 11:21:18,-102.2128,31.9217, 454.5, 6562,-13.3,-18.1,-16.2, 67, 76, 2.03, 13, 6.6
2025-06-11 11:21:19,-102.2128,31.9217, 454.2, 6566,-13.3,-18.1,-16.2, 67, 77, 2.03, 13, 6.6
2025-06-11 11:21:20,-102.2128,31.9216, 454.0, 6570,-13.3,-18.1,-16.2, 67, 77, 2.03, 13, 6.6
2025-06-11 11:21:21,-102.2128,31.9216, 453.8, 6574,-13.4,-18.1,-16.2, 67, 77, 2.02, 13, 6.6
2025-06-11 11:21:22,-102.2128,31.9215, 453.5, 6578,-13.4,-18.2,-16.3, 67, 77, 2.02, 12, 6.6
2025-06-11 11:21:23,-102.2128,31.9215, 453.3, 6582,-13.4,-18.2,-16.3, 67, 77, 2.02, 12, 6.6
2025-06-11 11:21:24,-102.2129,31.9214, 453.0, 6586,-13.5,-18.2,-16.3, 68, 77, 2.02, 12, 6.6
2025-06-11 11:21:25,-102.2129,31.9213, 452.8, 6590,-13.5,-18.2,-16.3, 68, 77, 2.02, 12, 6.6
2025-06-11 11:21:26,-102.2129,31.9213, 452.6, 6594,-13.5,-18.2,-16.3, 68, 77, 2.02, 11, 6.6
2025-06-11 11:21:27,-102.2129,31.9212, 452.3, 6598,-13.6,-18.2,-16.3, 68, 78, 2.02, 11, 6.6
2025-06-11 11:21:28,-102.2129,31.9212, 452.1, 6602,-13.6,-18.2,-16.3, 68, 78, 2.02, 11, 6.6
2025-06-11 11:21:29,-102.2129,31.9211, 451.8, 6606,-13.6,-18.3,-16.4, 68, 78, 2.01, 11, 6.6
2025-06-11 11:21:30,-102.2129,31.9211, 451.6, 6610,-13.7,-18.3,-16.4, 68, 78, 2.01, 11, 6.6
2025-06-11 11:21:31,-102.2130,31.9210, 451.3, 6614,-13.7,-18.3,-16.4, 68, 78, 2.01, 10, 6.6
2025-06-11 11:21:32,-102.2130,31.9209, 451.1, 6619,-13.7,-18.3,-16.4, 68, 78, 2.01, 10, 6.6
2025-06-11 11:21:33,-102.2130,31.9209, 450.9, 6623,-13.8,-18.3,-16.4, 68, 78, 2.01, 10, 6.6
2025-06-11 11:21:34,-102.2130,31.9208, 450.6, 6626,-13.8,-18.3,-16.4, 69, 79, 2.01, 10, 6.6
2025-06-11 11:21:35,-102.2130,31.9208, 450.4, 6630,-13.8,-18.3,-16.4, 69, 79, 2.01,  9, 6.6
2025-06-11 11:21:36,-102.2130,31.9207, 450.2, 6634,-13.8,-18.4,-16.4, 69, 79, 2.01, 10, 6.6
2025-06-11 11:21:37,-102.2130,31.9207, 450.0, 6638,-13.9,-18.4,-16.4, 69, 79, 2.00, 10, 6.5
2025-06-11 11:21:38,-102.2130,31.9206, 449.7, 6641,-13.9,-18.4,-16.5, 69, 79, 2.00, 10, 6.5
2025-06-11 11:21:39,-102.2131,31.9205, 449.5, 6645,-13.9,-18.4,-16.5, 69, 79, 2.00, 11, 6.5
2025-06-11 11:21:40,-102.2131,31.9205, 449.3, 6650,-14.0,-18.4,-16.5, 69, 79, 2.00, 11, 6.5
2025-06-11 11:21:41,-102.2131,31.9204, 449.0, 6654,-14.0,-18.4,-16.5, 69, 79, 2.00, 11, 6.5
2025-06-11 11:21:42,-102.2131,31.9204, 448.8, 6658,-14.0,-18.4,-16.5, 69, 80, 2.00, 12, 6.5
2025-06-11 11:21:43,-102.2131,31.9203, 448.5, 6662,-14.1,-18.5,-16.6, 69, 80, 1.99, 12, 6.5
2025-06-11 11:21:44,-102.2131,31.9203, 448.3, 6666,-14.1,-18.5,-16.6, 69, 79, 1.98, 12, 6.5
2025-06-11 11:21:45,-102.2132,31.9202, 448.0, 6670,-14.1,-18.6,-16.6, 69, 80, 1.98, 12, 6.5
2025-06-11 11:21:46,-102.2132,31.9202, 447.7, 6676,-14.2,-18.6,-16.7, 69, 79, 1.97, 13, 6.4
2025-06-11 11:21:47,-102.2132,31.9201, 447.4, 6681,-14.2,-18.6,-16.7, 69, 79, 1.97, 13, 6.4
2025-06-11 11:21:48,-102.2132,31.9201, 447.1, 6686,-14.2,-18.7,-16.7, 69, 79, 1.96, 13, 6.4
2025-06-11 11:21:49,-102.2132,31.9200, 446.8, 6691,-14.3,-18.7,-16.8, 69, 79, 1.96, 14, 6.4
2025-06-11 11:21:50,-102.2132,31.9200, 446.5, 6696,-14.3,-18.8,-16.8, 69, 79, 1.95, 14, 6.4
2025-06-11 11:21:51,-102.2133,31.9199, 446.3, 6701,-14.3,-18.8,-16.9, 69, 79, 1.94, 14, 6.4
2025-06-11 11:21:52,-102.2133,31.9199, 446.0, 6705,-14.4,-18.9,-16.9, 69, 79, 1.94, 15, 6.4
2025-06-11 11:21:53,-102.2133,31.9198, 445.7, 6709,-14.4,-18.9,-16.9, 69, 79, 1.94, 15, 6.4
2025-06-11 11:21:54,-102.2133,31.9197, 445.5, 6713,-14.4,-18.9,-16.9, 69, 79, 1.93, 15, 6.4
2025-06-11 11:21:55,-102.2133,31.9197, 445.2, 6718,-14.5,-18.9,-17.0, 69, 79, 1.93, 15, 6.4
2025-06-11 11:21:56,-102.2134,31.9196, 445.0, 6722,-14.5,-19.0,-17.0, 69, 79, 1.92, 16, 6.3
2025-06-11 11:21:57,-102.2134,31.9196, 444.7, 6727,-14.5,-19.0,-17.1, 68, 79, 1.91, 16, 6.3
2025-06-11 11:21:58,-102.2134,31.9195, 444.4, 6733,-14.5,-19.1,-17.1, 68, 79, 1.91, 16, 6.3
2025-06-11 11:21:59,-102.2134,31.9195, 444.1, 6738,-14.6,-19.1,-17.2, 68, 79, 1.90, 16, 6.2
2025-06-11 11:22:00,-102.2134,31.9194, 443.8, 6743,-14.6,-19.2,-17.2, 68, 78, 1.89, 16, 6.2
2025-06-11 11:22:01,-102.2134,31.9194, 443.4, 6748,-14.6,-19.3,-17.3, 68, 78, 1.89, 16, 6.2
2025-06-11 11:22:02,-102.2135,31.9193, 443.1, 6754,-14.6,-19.3,-17.3, 68, 78, 1.88, 16, 6.1
2025-06-11 11:22:03,-102.2135,31.9193, 442.8, 6759,-14.6,-19.4,-17.4, 67, 78, 1.87, 16, 6.1
2025-06-11 11:22:04,-102.2135,31.9192, 442.5, 6765,-14.7,-19.4,-17.4, 67, 78, 1.86, 16, 6.1
2025-06-11 11:22:05,-102.2135,31.9192, 442.2, 6771,-14.7,-19.5,-17.4, 67, 77, 1.86, 16, 6.0
2025-06-11 11:22:06,-102.2135,31.9191, 441.8, 6777,-14.7,-19.5,-17.5, 67, 77, 1.85, 16, 6.0
2025-06-11 11:22:07,-102.2136,31.9191, 441.5, 6782,-14.7,-19.5,-17.5, 67, 77, 1.85, 16, 6.0
2025-06-11 11:22:08,-102.2136,31.9190, 441.2, 6787,-14.7,-19.6,-17.6, 66, 77, 1.84, 16, 5.9
2025-06-11 11:22:09,-102.2136,31.9190, 440.9, 6792,-14.7,-19.6,-17.6, 66, 77, 1.84, 16, 5.9
2025-06-11 11:22:10,-102.2136,31.9189, 440.6, 6797,-14.7,-19.6,-17.6, 66, 77, 1.84, 16, 5.9
2025-06-11 11:22:11,-102.2136,31.9189, 440.3, 6802,-14.7,-19.6,-17.6, 66, 77, 1.84, 17, 5.8
2025-06-11 11:22:12,-102.2136,31.9188, 440.0, 6807,-14.7,-19.6,-17.6, 66, 77, 1.84, 17, 5.8
2025-06-11 11:22:13,-102.2137,31.9188, 439.7, 6812,-14.7,-19.6,-17.6, 66, 77, 1.84, 17, 5.8
2025-06-11 11:22:14,-102.2137,31.9187, 439.5, 6817,-14.8,-19.6,-17.6, 66, 77, 1.84, 17, 5.7
2025-06-11 11:22:15,-102.2137,31.9187, 439.2, 6822,-14.8,-19.6,-17.6, 66, 77, 1.84, 17, 5.7
2025-06-11 11:22:16,-102.2137,31.9187, 438.9, 6826,-14.8,-19.6,-17.6, 66, 77, 1.84, 17, 5.6
2025-06-11 11:22:17,-102.2137,31.9187, 438.6, 6831,-14.8,-19.6,-17.6, 66, 77, 1.84, 17, 5.5
2025-06-11 11:22:18,-102.2137,31.9186, 438.3, 6836,-14.8,-19.6,-17.6, 66, 77, 1.84, 17, 5.4
2025-06-11 11:22:19,-102.2137,31.9186, 438.0, 6841,-14.8,-19.6,-17.6, 66, 77, 1.85, 17, 5.3
2025-06-11 11:22:20,-102.2137,31.9186, 437.7, 6847,-14.8,-19.7,-17.6, 66, 77, 1.84, 17, 5.3
2025-06-11 11:22:21,-102.2138,31.9186, 437.4, 6852,-14.8,-19.7,-17.6, 66, 77, 1.84, 17, 5.2
2025-06-11 11:22:22,-102.2138,31.9185, 437.1, 6858,-14.8,-19.7,-17.7, 66, 77, 1.84, 17, 5.1
2025-06-11 11:22:23,-102.2138,31.9185, 436.8, 6863,-14.8,-19.7,-17.7, 66, 77, 1.84, 17, 5.0
2025-06-11 11:22:24,-102.2138,31.9185, 436.5, 6868,-14.9,-19.7,-17.7, 67, 77, 1.84, 17, 4.9
2025-06-11 11:22:25,-102.2138,31.9185, 436.2, 6874,-14.9,-19.7,-17.7, 67, 77, 1.84, 17, 4.8
2025-06-11 11:22:26,-102.2138,31.9184, 435.8, 6879,-14.9,-19.7,-17.7, 67, 77, 1.84, 17, 4.7
2025-06-11 11:22:27,-102.2138,31.9184, 435.5, 6885,-14.9,-19.7,-17.7, 67, 77, 1.84, 17, 4.6
2025-06-11 11:22:28,-102.2138,31.9184, 435.3, 6890,-14.9,-19.7,-17.7, 67, 78, 1.85, 17, 4.5
2025-06-11 11:22:29,-102.2139,31.9184, 435.0, 6896,-15.0,-19.7,-17.7, 67, 78, 1.85, 17, 4.5
2025-06-11 11:22:30,-102.2139,31.9183, 434.7, 6901,-15.0,-19.7,-17.7, 67, 78, 1.85, 17, 4.4
2025-06-11 11:22:31,-102.2139,31.9183, 434.4, 6905,-15.0,-19.7,-17.7, 67, 78, 1.85, 17, 4.3
2025-06-11 11:22:32,-102.2139,31.9183, 434.1, 6910,-15.0,-19.7,-17.7, 67, 78, 1.85, 17, 4.2
2025-06-11 11:22:33,-102.2139,31.9183, 433.8, 6914,-15.1,-19.7,-17.7, 67, 78, 1.85, 17, 4.1
2025-06-11 11:22:34,-102.2139,31.9182, 433.5, 6919,-15.1,-19.7,-17.7, 68, 79, 1.85, 17, 4.0
2025-06-11 11:22:35,-102.2139,31.9182, 433.1, 6926,-15.1,-19.8,-17.7, 68, 79, 1.85, 17, 3.8
2025-06-11 11:22:36,-102.2139,31.9182, 433.0, 6929,-15.2,-19.8,-17.8, 68, 79, 1.84, 18, 3.8
2025-06-11 11:22:37,-102.2139,31.9182, 432.7, 6934,-15.2,-19.9,-17.9, 67, 78, 1.83, 19, 3.7
2025-06-11 11:22:38,-102.2140,31.9181, 432.4, 6939,-15.2,-20.0,-18.0, 67, 78, 1.81, 20, 3.5
2025-06-11 11:22:39,-102.2140,31.9181, 432.1, 6944,-15.3,-20.1,-18.1, 66, 77, 1.79, 21, 3.4
2025-06-11 11:22:40,-102.2140,31.9181, 431.8, 6950,-15.3,-20.2,-18.1, 66, 77, 1.78, 22, 3.3
2025-06-11 11:22:41,-102.2140,31.9181, 431.5, 6955,-15.3,-20.3,-18.2, 65, 76, 1.76, 23, 3.1
2025-06-11 11:22:42,-102.2140,31.9180, 431.2, 6960,-15.4,-20.5,-18.4, 65, 76, 1.75, 25, 3.0
2025-06-11 11:22:43,-102.2140,31.9180, 430.9, 6965,-15.4,-20.6,-18.5, 65, 75, 1.73, 26, 2.9
2025-06-11 11:22:44,-102.2140,31.9180, 430.6, 6970,-15.4,-20.7,-18.6, 64, 75, 1.72, 28, 2.7
2025-06-11 11:22:45,-102.2140,31.9180, 430.3, 6975,-15.5,-20.8,-18.7, 64, 74, 1.70, 30, 2.6
2025-06-11 11:22:46,-102.2140,31.9180, 430.0, 6980,-15.5,-20.9,-18.8, 63, 74, 1.69, 33, 2.5
2025-06-11 11:22:47,-102.2141,31.9180, 429.7, 6986,-15.5,-21.0,-18.8, 63, 73, 1.67, 35, 2.3
2025-06-11 11:22:48,-102.2141,31.9180, 429.4, 6991,-15.5,-21.1,-18.9, 62, 73, 1.66, 38, 2.2
2025-06-11 11:22:49,-102.2141,31.9180, 429.1, 6997,-15.5,-21.2,-19.0, 62, 72, 1.65, 42, 2.1
2025-06-11 11:22:50,-102.2141,31.9180, 428.8, 7002,-15.6,-21.3,-19.1, 62, 72, 1.64, 46, 1.9
2025-06-11 11:22:51,-102.2141,31.9180, 428.5, 7008,-15.6,-21.4,-19.2, 61, 71, 1.62, 51, 1.8
2025-06-11 11:22:52,-102.2141,31.9180, 428.3, 7013,-15.6,-21.5,-19.3, 61, 71, 1.61, 56, 1.7
2025-06-11 11:22:53,-102.2141,31.9180, 428.0, 7017,-15.6,-21.6,-19.4, 60, 70, 1.60, 62, 1.5
2025-06-11 11:22:54,-102.2141,31.9180, 427.7, 7022,-15.6,-21.7,-19.4, 60, 70, 1.59, 69, 1.4
2025-06-11 11:22:55,-102.2141,31.9180, 427.4, 7027,-15.7,-21.7,-19.5, 60, 69, 1.58, 76, 1.3
2025-06-11 11:22:56,-102.2141,31.9180, 427.2, 7031,-15.7,-21.8,-19.6, 59, 69, 1.56, 78, 1.3
2025-06-11 11:22:57,-102.2142,31.9180, 426.9, 7036,-15.7,-21.9,-19.7, 59, 69, 1.55, 80, 1.2
2025-06-11 11:22:58,-102.2142,31.9180, 426.7, 7040,-15.7,-22.0,-19.8, 58, 68, 1.54, 82, 1.2
2025-06-11 11:22:59,-102.2142,31.9181, 426.5, 7044,-15.7,-22.1,-19.9, 58, 68, 1.53, 84, 1.2
2025-06-11 11:23:00,-102.2142,31.9181, 426.3, 7047,-15.7,-22.2,-20.0, 57, 67, 1.51, 87, 1.2
2025-06-11 11:23:01,-102.2142,31.9181, 426.1, 7051,-15.8,-22.3,-20.1, 57, 67, 1.50, 89, 1.2
2025-06-11 11:23:02,-102.2142,31.9181, 425.8, 7056,-15.8,-22.5,-20.2, 56, 66, 1.48, 93, 1.2
2025-06-11 11:23:03,-102.2142,31.9181, 425.6, 7058,-15.8,-22.5,-20.2, 56, 66, 1.48, 94, 1.2
2025-06-11 11:23:04,-102.2142,31.9181, 425.4, 7062,-15.8,-22.5,-20.2, 56, 66, 1.48, 97, 1.2
2025-06-11 11:23:05,-102.2142,31.9181, 425.2, 7066,-15.8,-22.5,-20.2, 57, 66, 1.48,100, 1.1
2025-06-11 11:23:06,-102.2142,31.9181, 425.0, 7070,-15.9,-22.5,-20.2, 57, 66, 1.48,103, 1.1
2025-06-11 11:23:07,-102.2143,31.9181, 424.8, 7073,-15.9,-22.5,-20.3, 57, 66, 1.48,106, 1.1
2025-06-11 11:23:08,-102.2143,31.9181, 424.6, 7077,-15.9,-22.5,-20.3, 57, 66, 1.48,109, 1.1
2025-06-11 11:23:09,-102.2143,31.9181, 424.4, 7081,-15.9,-22.6,-20.3, 57, 66, 1.48,112, 1.1
2025-06-11 11:23:10,-102.2143,31.9181, 424.2, 7084,-15.9,-22.6,-20.3, 57, 66, 1.48,116, 1.1
2025-06-11 11:23:11,-102.2143,31.9181, 424.0, 7088,-15.9,-22.6,-20.3, 57, 66, 1.47,119, 1.1
2025-06-11 11:23:12,-102.2143,31.9181, 423.8, 7092,-16.0,-22.6,-20.3, 57, 66, 1.47,122, 1.1
2025-06-11 11:23:13,-102.2143,31.9181, 423.6, 7095,-16.0,-22.6,-20.3, 57, 66, 1.47,125, 1.0
2025-06-11 11:23:14,-102.2143,31.9181, 423.4, 7099,-16.0,-22.6,-20.4, 57, 66, 1.47,128, 1.0
2025-06-11 11:23:15,-102.2143,31.9181, 423.1, 7102,-16.0,-22.7,-20.4, 57, 66, 1.47,131, 1.0
2025-06-11 11:23:16,-102.2143,31.9181, 422.9, 7106,-16.1,-22.7,-20.4, 57, 66, 1.47,130, 1.0
2025-06-11 11:23:17,-102.2144,31.9181, 422.7, 7110,-16.1,-22.6,-20.4, 57, 67, 1.47,130, 1.0
2025-06-11 11:23:18,-102.2144,31.9181, 422.5, 7113,-16.1,-22.6,-20.3, 57, 67, 1.48,129, 1.0
2025-06-11 11:23:19,-102.2144,31.9181, 422.3, 7117,-16.1,-22.6,-20.3, 57, 67, 1.48,128, 1.0
2025-06-11 11:23:20,-102.2144,31.9181, 422.1, 7121,-16.2,-22.6,-20.3, 58, 68, 1.48,128, 1.1
2025-06-11 11:23:21,-102.2144,31.9181, 421.9, 7125,-16.2,-22.5,-20.3, 58, 68, 1.49,127, 1.1
2025-06-11 11:23:22,-102.2144,31.9181, 421.7, 7128,-16.2,-22.5,-20.2, 58, 68, 1.49,126, 1.1
2025-06-11 11:23:23,-102.2144,31.9182, 421.5, 7132,-16.2,-22.5,-20.2, 58, 69, 1.50,126, 1.1
2025-06-11 11:23:24,-102.2144,31.9182, 421.3, 7136,-16.3,-22.5,-20.2, 59, 69, 1.50,125, 1.1
2025-06-11 11:23:25,-102.2144,31.9182, 421.0, 7140,-16.3,-22.4,-20.2, 59, 69, 1.50,124, 1.1
2025-06-11 11:23:26,-102.2145,31.9182, 420.8, 7144,-16.3,-22.4,-20.2, 59, 70, 1.51,124, 1.1
2025-06-11 11:23:27,-102.2145,31.9182, 420.6, 7148,-16.3,-22.4,-20.1, 59, 70, 1.51,123, 1.1
2025-06-11 11:23:28,-102.2145,31.9182, 420.4, 7152,-16.4,-22.4,-20.1, 60, 70, 1.51,123, 1.1
2025-06-11 11:23:29,-102.2145,31.9182, 420.2, 7156,-16.4,-22.4,-20.1, 60, 70, 1.52,122, 1.1
2025-06-11 11:23:30,-102.2145,31.9182, 419.9, 7160,-16.4,-22.4,-20.1, 60, 71, 1.52,122, 1.1
2025-06-11 11:23:31,-102.2145,31.9182, 419.7, 7164,-16.5,-22.4,-20.1, 60, 71, 1.52,121, 1.1
2025-06-11 11:23:32,-102.2145,31.9182, 419.5, 7167,-16.5,-22.4,-20.1, 60, 71, 1.52,120, 1.1
2025-06-11 11:23:33,-102.2145,31.9182, 419.3, 7171,-16.5,-22.4,-20.1, 60, 71, 1.52,120, 1.2
2025-06-11 11:23:34,-102.2146,31.9182, 419.1, 7175,-16.5,-22.4,-20.1, 60, 71, 1.52,119, 1.2
2025-06-11 11:23:35,-102.2146,31.9182, 418.9, 7179,-16.6,-22.4,-20.2, 61, 71, 1.51,119, 1.2
2025-06-11 11:23:36,-102.2146,31.9182, 418.7, 7182,-16.6,-22.4,-20.2, 61, 71, 1.51,118, 1.2
2025-06-11 11:23:37,-102.2146,31.9182, 418.5, 7186,-16.6,-22.4,-20.2, 61, 72, 1.51,117, 1.2
2025-06-11 11:23:38,-102.2146,31.9182, 418.3, 7189,-16.7,-22.5,-20.2, 61, 72, 1.51,116, 1.2
2025-06-11 11:23:39,-102.2146,31.9182, 418.1, 7193,-16.7,-22.5,-20.2, 61, 72, 1.51,116, 1.2
2025-06-11 11:23:40,-102.2146,31.9182, 417.9, 7197,-16.7,-22.5,-20.2, 61, 72, 1.51,115, 1.2
2025-06-11 11:23:41,-102.2146,31.9182, 417.7, 7200,-16.8,-22.5,-20.2, 61, 72, 1.51,114, 1.2
2025-06-11 11:23:42,-102.2146,31.9182, 417.5, 7204,-16.8,-22.5,-20.2, 61, 72, 1.51,113, 1.2
2025-06-11 11:23:43,-102.2147,31.9182, 417.3, 7207,-16.8,-22.5,-20.2, 61, 72, 1.51,112, 1.2
2025-06-11 11:23:44,-102.2147,31.9182, 417.1, 7211,-16.8,-22.5,-20.3, 61, 72, 1.51,112, 1.2
2025-06-11 11:23:45,-102.2147,31.9182, 416.9, 7215,-16.9,-22.6,-20.3, 61, 72, 1.50,111, 1.2
2025-06-11 11:23:46,-102.2147,31.9183, 416.7, 7218,-16.9,-22.6,-20.3, 61, 72, 1.50,110, 1.2
2025-06-11 11:23:47,-102.2147,31.9183, 416.5, 7222,-16.9,-22.6,-20.3, 61, 73, 1.50,109, 1.2
2025-06-11 11:23:48,-102.2147,31.9183, 416.3, 7226,-17.0,-22.6,-20.3, 61, 73, 1.50,108, 1.2
2025-06-11 11:23:49,-102.2147,31.9183, 416.0, 7230,-17.0,-22.7,-20.4, 61, 73, 1.49,108, 1.2
2025-06-11 11:23:50,-102.2147,31.9183, 415.8, 7233,-17.0,-22.7,-20.4, 61, 73, 1.49,107, 1.2
2025-06-11 11:23:51,-102.2147,31.9183, 415.6, 7237,-17.1,-22.7,-20.4, 62, 73, 1.49,106, 1.2
2025-06-11 11:23:52,-102.2147,31.9183, 415.4, 7241,-17.1,-22.7,-20.4, 62, 73, 1.49,105, 1.2
2025-06-11 11:23:53,-102.2148,31.9183, 415.2, 7245,-17.1,-22.8,-20.5, 62, 73, 1.48,104, 1.2
2025-06-11 11:23:54,-102.2148,31.9183, 415.0, 7249,-17.2,-22.8,-20.5, 62, 73, 1.48,104, 1.2
2025-06-11 11:23:55,-102.2148,31.9183, 414.8, 7253,-17.2,-22.8,-20.5, 62, 73, 1.48,103, 1.2
2025-06-11 11:23:56,-102.2148,31.9183, 414.6, 7256,-17.2,-22.8,-20.5, 62, 73, 1.48,104, 1.2
2025-06-11 11:23:57,-102.2148,31.9183, 414.3, 7260,-17.3,-22.9,-20.5, 62, 73, 1.47,106, 1.2
2025-06-11 11:23:58,-102.2148,31.9183, 414.1, 7264,-17.3,-22.9,-20.6, 62, 73, 1.47,108, 1.2
2025-06-11 11:23:59,-102.2148,31.9183, 413.9, 7268,-17.3,-22.9,-20.6, 62, 73, 1.47,110, 1.2
2025-06-11 11:24:00,-102.2148,31.9183, 413.7, 7272,-17.4,-22.9,-20.6, 62, 73, 1.47,111, 1.2
2025-06-11 11:24:01,-102.2148,31.9183, 413.5, 7276,-17.4,-22.9,-20.6, 62, 74, 1.47,113, 1.2
2025-06-11 11:24:02,-102.2148,31.9183, 413.3, 7280,-17.4,-23.0,-20.6, 62, 74, 1.46,115, 1.2
2025-06-11 11:24:03,-102.2148,31.9184, 413.1, 7284,-17.5,-23.0,-20.7, 62, 74, 1.46,117, 1.2
2025-06-11 11:24:04,-102.2149,31.9184, 412.8, 7287,-17.5,-23.0,-20.7, 62, 74, 1.46,118, 1.2
2025-06-11 11:24:05,-102.2149,31.9184, 412.6, 7291,-17.5,-23.0,-20.7, 62, 74, 1.46,120, 1.2
2025-06-11 11:24:06,-102.2149,31.9184, 412.4, 7295,-17.6,-23.1,-20.7, 62, 74, 1.46,122, 1.2
2025-06-11 11:24:07,-102.2149,31.9184, 412.2, 7299,-17.6,-23.1,-20.7, 62, 74, 1.45,124, 1.2
2025-06-11 11:24:08,-102.2149,31.9184, 412.0, 7303,-17.6,-23.1,-20.8, 62, 74, 1.45,125, 1.2
2025-06-11 11:24:09,-102.2149,31.9184, 411.8, 7307,-17.7,-23.1,-20.8, 62, 74, 1.45,127, 1.2
2025-06-11 11:24:10,-102.2149,31.9184, 411.6, 7309,-17.7,-23.1,-20.8, 63, 74, 1.45,128, 1.2
2025-06-11 11:24:11,-102.2149,31.9184, 411.3, 7315,-17.7,-23.2,-20.8, 62, 74, 1.44,130, 1.2
2025-06-11 11:24:12,-102.2149,31.9184, 411.1, 7319,-17.8,-23.2,-20.9, 62, 74, 1.44,132, 1.2
2025-06-11 11:24:13,-102.2149,31.9184, 410.9, 7323,-17.8,-23.3,-20.9, 62, 74, 1.43,134, 1.2
2025-06-11 11:24:14,-102.2150,31.9184, 410.7, 7327,-17.8,-23.3,-21.0, 62, 74, 1.43,135, 1.2
2025-06-11 11:24:15,-102.2150,31.9184, 410.4, 7331,-17.9,-23.3,-21.0, 62, 74, 1.42,137, 1.2
2025-06-11 11:24:16,-102.2150,31.9184, 410.2, 7335,-17.9,-23.4,-21.0, 62, 74, 1.42,137, 1.2
2025-06-11 11:24:17,-102.2150,31.9184, 410.0, 7339,-17.9,-23.4,-21.1, 62, 74, 1.42,137, 1.2
2025-06-11 11:24:18,-102.2150,31.9185, 409.8, 7343,-18.0,-23.5,-21.1, 62, 74, 1.41,138, 1.2
2025-06-11 11:24:19,-102.2150,31.9185, 409.6, 7347,-18.0,-23.5,-21.1, 62, 74, 1.41,138, 1.2
2025-06-11 11:24:20,-102.2150,31.9185, 409.3, 7351,-18.0,-23.5,-21.2, 62, 74, 1.40,138, 1.3
2025-06-11 11:24:21,-102.2150,31.9185, 409.1, 7355,-18.1,-23.6,-21.2, 62, 74, 1.40,139, 1.3
2025-06-11 11:24:22,-102.2150,31.9185, 408.9, 7359,-18.1,-23.6,-21.2, 62, 74, 1.40,139, 1.3
2025-06-11 11:24:23,-102.2150,31.9185, 408.7, 7363,-18.1,-23.6,-21.3, 62, 74, 1.39,139, 1.3
2025-06-11 11:24:24,-102.2150,31.9185, 408.5, 7366,-18.1,-23.7,-21.3, 62, 74, 1.39,139, 1.3
2025-06-11 11:24:25,-102.2151,31.9185, 408.3, 7370,-18.2,-23.7,-21.3, 62, 74, 1.38,140, 1.3
2025-06-11 11:24:26,-102.2151,31.9185, 408.1, 7374,-18.2,-23.8,-21.4, 62, 74, 1.38,140, 1.3
2025-06-11 11:24:27,-102.2151,31.9185, 407.9, 7377,-18.2,-23.8,-21.4, 62, 74, 1.38,140, 1.3
2025-06-11 11:24:28,-102.2151,31.9185, 407.7, 7381,-18.2,-23.8,-21.4, 61, 74, 1.37,141, 1.3
2025-06-11 11:24:29,-102.2151,31.9185, 407.5, 7385,-18.3,-23.9,-21.5, 61, 73, 1.37,141, 1.4
2025-06-11 11:24:30,-102.2151,31.9185, 407.3, 7389,-18.3,-23.9,-21.5, 61, 73, 1.36,141, 1.4
2025-06-11 11:24:31,-102.2151,31.9186, 407.0, 7393,-18.3,-24.0,-21.6, 61, 73, 1.36,141, 1.4
2025-06-11 11:24:32,-102.2151,31.9186, 406.8, 7397,-18.3,-24.0,-21.6, 61, 73, 1.36,142, 1.4
2025-06-11 11:24:33,-102.2151,31.9186, 406.6, 7401,-18.4,-24.0,-21.6, 61, 73, 1.35,142, 1.4
2025-06-11 11:24:34,-102.2151,31.9186, 406.4, 7406,-18.4,-24.1,-21.7, 61, 73, 1.35,142, 1.4
2025-06-11 11:24:35,-102.2151,31.9186, 406.1, 7410,-18.4,-24.1,-21.7, 61, 73, 1.35,142, 1.4
2025-06-11 11:24:36,-102.2152,31.9186, 405.8, 7416,-18.4,-24.2,-21.7, 61, 73, 1.34,141, 1.4
2025-06-11 11:24:37,-102.2152,31.9186, 405.7, 7419,-18.5,-24.2,-21.7, 61, 73, 1.34,140, 1.4
2025-06-11 11:24:38,-102.2152,31.9186, 405.4, 7423,-18.5,-24.2,-21.8, 61, 73, 1.34,139, 1.3
2025-06-11 11:24:39,-102.2152,31.9186, 405.2, 7427,-18.5,-24.2,-21.8, 61, 73, 1.34,138, 1.3
2025-06-11 11:24:40,-102.2152,31.9186, 405.0, 7431,-18.5,-24.2,-21.8, 61, 73, 1.34,136, 1.3
2025-06-11 11:24:41,-102.2152,31.9186, 404.8, 7435,-18.5,-24.2,-21.8, 61, 73, 1.34,135, 1.3
2025-06-11 11:24:42,-102.2152,31.9186, 404.6, 7439,-18.6,-24.2,-21.8, 61, 73, 1.34,133, 1.2
2025-06-11 11:24:43,-102.2152,31.9187, 404.3, 7443,-18.6,-24.2,-21.8, 61, 73, 1.34,132, 1.2
2025-06-11 11:24:44,-102.2152,31.9187, 404.1, 7447,-18.6,-24.2,-21.8, 61, 74, 1.34,130, 1.2
2025-06-11 11:24:45,-102.2152,31.9187, 403.9, 7451,-18.6,-24.2,-21.8, 61, 74, 1.34,128, 1.1
2025-06-11 11:24:46,-102.2152,31.9187, 403.7, 7455,-18.7,-24.2,-21.8, 61, 74, 1.34,126, 1.1
2025-06-11 11:24:47,-102.2153,31.9187, 403.5, 7459,-18.7,-24.2,-21.8, 61, 74, 1.34,124, 1.1
2025-06-11 11:24:48,-102.2153,31.9186, 403.2, 7463,-18.7,-24.3,-21.8, 62, 74, 1.34,122, 1.1
2025-06-11 11:24:49,-102.2153,31.9186, 403.0, 7467,-18.7,-24.3,-21.9, 62, 74, 1.34,120, 1.0
2025-06-11 11:24:50,-102.2153,31.9186, 402.8, 7472,-18.8,-24.3,-21.9, 62, 74, 1.33,118, 1.0
2025-06-11 11:24:51,-102.2153,31.9186, 402.5, 7477,-18.8,-24.3,-21.9, 62, 74, 1.34,115, 1.0
2025-06-11 11:24:52,-102.2153,31.9186, 402.3, 7481,-18.8,-24.3,-21.9, 62, 75, 1.34,113, 0.9
2025-06-11 11:24:53,-102.2153,31.9186, 402.0, 7486,-18.8,-24.3,-21.9, 62, 75, 1.34,110, 0.9
2025-06-11 11:24:54,-102.2153,31.9186, 401.8, 7491,-18.9,-24.3,-21.9, 62, 75, 1.34,107, 0.9
2025-06-11 11:24:55,-102.2153,31.9186, 401.6, 7495,-18.9,-24.3,-21.9, 62, 75, 1.34,104, 0.8
2025-06-11 11:24:56,-102.2153,31.9186, 401.3, 7499,-18.9,-24.3,-21.9, 63, 75, 1.34,102, 0.9
2025-06-11 11:24:57,-102.2154,31.9186, 401.1, 7503,-18.9,-24.3,-21.9, 63, 76, 1.34, 99, 0.9
2025-06-11 11:24:58,-102.2154,31.9186, 400.9, 7507,-19.0,-24.3,-21.9, 63, 76, 1.34, 97, 0.9
2025-06-11 11:24:59,-102.2154,31.9186, 400.6, 7512,-19.0,-24.3,-21.8, 63, 76, 1.34, 95, 0.9
2025-06-11 11:25:00,-102.2154,31.9186, 400.4, 7516,-19.0,-24.3,-21.8, 63, 76, 1.35, 92, 0.9
2025-06-11 11:25:01,-102.2154,31.9186, 400.2, 7520,-19.1,-24.3,-21.9, 63, 77, 1.34, 90, 0.9
2025-06-11 11:25:02,-102.2154,31.9186, 400.0, 7523,-19.1,-24.3,-21.9, 64, 77, 1.35, 88, 1.0
2025-06-11 11:25:03,-102.2154,31.9186, 399.8, 7528,-19.1,-24.3,-21.9, 64, 77, 1.34, 86, 1.0
2025-06-11 11:25:04,-102.2154,31.9186, 399.5, 7532,-19.2,-24.3,-21.9, 64, 77, 1.34, 84, 1.0
2025-06-11 11:25:05,-102.2154,31.9186, 399.3, 7536,-19.2,-24.3,-21.9, 64, 77, 1.34, 82, 1.0
2025-06-11 11:25:06,-102.2155,31.9186, 399.1, 7540,-19.2,-24.4,-21.9, 64, 77, 1.34, 80, 1.0
2025-06-11 11:25:07,-102.2155,31.9186, 398.9, 7544,-19.3,-24.4,-21.9, 64, 77, 1.34, 79, 1.0
2025-06-11 11:25:08,-102.2155,31.9186, 398.7, 7548,-19.3,-24.4,-22.0, 64, 77, 1.33, 77, 1.1
2025-06-11 11:25:09,-102.2155,31.9186, 398.5, 7552,-19.3,-24.4,-22.0, 64, 77, 1.33, 75, 1.1
2025-06-11 11:25:10,-102.2155,31.9186, 398.2, 7556,-19.4,-24.5,-22.0, 64, 77, 1.33, 74, 1.1
2025-06-11 11:25:11,-102.2155,31.9186, 398.0, 7560,-19.4,-24.5,-22.0, 64, 78, 1.33, 72, 1.1
2025-06-11 11:25:12,-102.2155,31.9186, 397.8, 7564,-19.4,-24.5,-22.1, 64, 78, 1.33, 71, 1.1
2025-06-11 11:25:13,-102.2155,31.9186, 397.6, 7568,-19.5,-24.5,-22.1, 64, 78, 1.32, 69, 1.1
2025-06-11 11:25:14,-102.2155,31.9186, 397.3, 7573,-19.5,-24.6,-22.1, 64, 78, 1.32, 68, 1.2
2025-06-11 11:25:15,-102.2156,31.9186, 397.1, 7577,-19.5,-24.6,-22.1, 64, 78, 1.32, 67, 1.2
2025-06-11 11:25:16,-102.2156,31.9186, 396.8, 7584,-19.6,-24.6,-22.2, 64, 78, 1.31, 65, 1.2
2025-06-11 11:25:17,-102.2156,31.9185, 396.7, 7586,-19.6,-24.7,-22.2, 64, 78, 1.31, 64, 1.2
2025-06-11 11:25:18,-102.2156,31.9185, 396.5, 7590,-19.6,-24.7,-22.3, 64, 78, 1.30, 63, 1.2
2025-06-11 11:25:19,-102.2156,31.9185, 396.2, 7594,-19.7,-24.8,-22.3, 64, 78, 1.30, 62, 1.3
2025-06-11 11:25:20,-102.2156,31.9185, 396.0, 7598,-19.7,-24.8,-22.4, 64, 77, 1.29, 61, 1.3
2025-06-11 11:25:21,-102.2156,31.9185, 395.8, 7602,-19.8,-24.9,-22.4, 64, 77, 1.29, 59, 1.3
2025-06-11 11:25:22,-102.2156,31.9185, 395.6, 7606,-19.8,-24.9,-22.5, 64, 77, 1.28, 58, 1.3
2025-06-11 11:25:23,-102.2157,31.9185, 395.4, 7610,-19.8,-25.0,-22.5, 63, 77, 1.28, 57, 1.3
2025-06-11 11:25:24,-102.2157,31.9185, 395.2, 7614,-19.9,-25.1,-22.6, 63, 77, 1.27, 56, 1.4
2025-06-11 11:25:25,-102.2157,31.9185, 395.0, 7618,-19.9,-25.1,-22.6, 63, 77, 1.26, 55, 1.4
2025-06-11 11:25:26,-102.2157,31.9184, 394.7, 7622,-19.9,-25.2,-22.7, 63, 77, 1.26, 54, 1.4
2025-06-11 11:25:27,-102.2157,31.9184, 394.5, 7626,-20.0,-25.2,-22.7, 63, 77, 1.25, 53, 1.4
2025-06-11 11:25:28,-102.2157,31.9184, 394.3, 7630,-20.0,-25.3,-22.8, 63, 76, 1.25, 52, 1.4
2025-06-11 11:25:29,-102.2157,31.9184, 394.1, 7634,-20.0,-25.3,-22.8, 63, 76, 1.24, 51, 1.4
2025-06-11 11:25:30,-102.2157,31.9184, 393.9, 7638,-20.1,-25.4,-22.9, 63, 76, 1.24, 50, 1.5
2025-06-11 11:25:31,-102.2158,31.9184, 393.7, 7642,-20.1,-25.4,-22.9, 62, 76, 1.23, 50, 1.5
2025-06-11 11:25:32,-102.2158,31.9184, 393.4, 7646,-20.2,-25.5,-23.0, 62, 76, 1.23, 49, 1.5
2025-06-11 11:25:33,-102.2158,31.9184, 393.2, 7650,-20.2,-25.5,-23.0, 62, 76, 1.22, 48, 1.5
2025-06-11 11:25:34,-102.2158,31.9184, 393.0, 7654,-20.2,-25.6,-23.1, 62, 76, 1.22, 47, 1.5
2025-06-11 11:25:35,-102.2158,31.9183, 392.8, 7658,-20.3,-25.6,-23.1, 62, 76, 1.21, 46, 1.6
2025-06-11 11:25:36,-102.2158,31.9183, 392.6, 7663,-20.3,-25.7,-23.2, 62, 76, 1.21, 46, 1.6
2025-06-11 11:25:37,-102.2158,31.9183, 392.3, 7667,-20.3,-25.7,-23.2, 62, 76, 1.20, 45, 1.6
2025-06-11 11:25:38,-102.2158,31.9183, 392.1, 7671,-20.4,-25.8,-23.2, 62, 76, 1.20, 45, 1.6
2025-06-11 11:25:39,-102.2159,31.9183, 391.9, 7675,-20.4,-25.8,-23.3, 62, 76, 1.19, 44, 1.7
2025-06-11 11:25:40,-102.2159,31.9183, 391.7, 7680,-20.5,-25.9,-23.3, 62, 76, 1.19, 43, 1.7
2025-06-11 11:25:41,-102.2159,31.9183, 391.4, 7684,-20.5,-25.9,-23.4, 62, 75, 1.18, 43, 1.7
2025-06-11 11:25:42,-102.2159,31.9183, 391.2, 7688,-20.5,-26.0,-23.4, 62, 75, 1.18, 42, 1.8
2025-06-11 11:25:43,-102.2159,31.9182, 391.0, 7692,-20.6,-26.0,-23.5, 61, 75, 1.17, 42, 1.8
2025-06-11 11:25:44,-102.2159,31.9182, 390.8, 7697,-20.6,-26.1,-23.5, 61, 75, 1.17, 41, 1.8
2025-06-11 11:25:45,-102.2159,31.9182, 390.5, 7701,-20.6,-26.2,-23.6, 61, 75, 1.16, 41, 1.8
2025-06-11 11:25:46,-102.2159,31.9182, 390.3, 7705,-20.7,-26.2,-23.6, 61, 75, 1.16, 41, 1.9
2025-06-11 11:25:47,-102.2160,31.9182, 390.1, 7709,-20.7,-26.3,-23.7, 61, 75, 1.15, 40, 1.9
2025-06-11 11:25:48,-102.2160,31.9182, 389.9, 7713,-20.8,-26.3,-23.7, 61, 75, 1.15, 40, 1.9
2025-06-11 11:25:49,-102.2160,31.9181, 389.7, 7717,-20.8,-26.4,-23.8, 61, 75, 1.14, 39, 2.0
2025-06-11 11:25:50,-102.2160,31.9181, 389.5, 7721,-20.8,-26.4,-23.8, 61, 75, 1.14, 39, 2.0
2025-06-11 11:25:51,-102.2160,31.9181, 389.2, 7726,-20.9,-26.5,-23.9, 61, 75, 1.13, 39, 2.0
2025-06-11 11:25:52,-102.2160,31.9181, 389.0, 7730,-20.9,-26.5,-23.9, 61, 74, 1.13, 38, 2.0
2025-06-11 11:25:53,-102.2161,31.9181, 388.8, 7734,-21.0,-26.6,-24.0, 60, 74, 1.12, 38, 2.1
2025-06-11 11:25:54,-102.2161,31.9181, 388.6, 7739,-21.0,-26.6,-24.0, 60, 74, 1.12, 37, 2.1
2025-06-11 11:25:55,-102.2161,31.9180, 388.3, 7743,-21.0,-26.7,-24.1, 60, 74, 1.11, 37, 2.1
2025-06-11 11:25:56,-102.2161,31.9180, 388.1, 7747,-21.1,-26.8,-24.1, 60, 74, 1.11, 37, 2.2
2025-06-11 11:25:57,-102.2161,31.9180, 387.9, 7751,-21.1,-26.8,-24.2, 60, 74, 1.10, 37, 2.2
2025-06-11 11:25:58,-102.2161,31.9180, 387.7, 7756,-21.2,-26.9,-24.2, 60, 74, 1.10, 36, 2.2
2025-06-11 11:25:59,-102.2161,31.9180, 387.4, 7760,-21.2,-26.9,-24.3, 60, 74, 1.09, 36, 2.2
2025-06-11 11:26:00,-102.2162,31.9179, 387.2, 7764,-21.2,-27.0,-24.4, 60, 74, 1.09, 36, 2.3
2025-06-11 11:26:01,-102.2162,31.9179, 387.0, 7769,-21.3,-27.1,-24.4, 60, 74, 1.08, 36, 2.3
2025-06-11 11:26:02,-102.2162,31.9179, 386.7, 7773,-21.3,-27.1,-24.5, 60, 73, 1.08, 36, 2.3
2025-06-11 11:26:03,-102.2162,31.9179, 386.5, 7778,-21.4,-27.2,-24.5, 59, 73, 1.07, 35, 2.4
2025-06-11 11:26:04,-102.2162,31.9179, 386.3, 7782,-21.4,-27.2,-24.6, 59, 73, 1.06, 35, 2.4
2025-06-11 11:26:05,-102.2162,31.9178, 386.0, 7786,-21.5,-27.3,-24.6, 59, 73, 1.06, 35, 2.4
2025-06-11 11:26:06,-102.2163,31.9178, 385.8, 7791,-21.5,-27.4,-24.7, 59, 73, 1.05, 35, 2.4
2025-06-11 11:26:07,-102.2163,31.9178, 385.6, 7795,-21.5,-27.4,-24.8, 59, 73, 1.05, 35, 2.5
2025-06-11 11:26:08,-102.2163,31.9178, 385.4, 7800,-21.6,-27.5,-24.8, 59, 73, 1.04, 35, 2.5
2025-06-11 11:26:09,-102.2163,31.9178, 385.1, 7804,-21.6,-27.5,-24.9, 59, 73, 1.04, 34, 2.5
2025-06-11 11:26:10,-102.2163,31.9177, 384.9, 7809,-21.7,-27.6,-24.9, 59, 73, 1.03, 34, 2.6
2025-06-11 11:26:11,-102.2163,31.9177, 384.6, 7813,-21.7,-27.7,-25.0, 58, 72, 1.03, 34, 2.6
2025-06-11 11:26:12,-102.2163,31.9177, 384.4, 7818,-21.7,-27.8,-25.1, 58, 72, 1.02, 34, 2.6
2025-06-11 11:26:13,-102.2164,31.9177, 384.1, 7823,-21.8,-27.8,-25.1, 58, 72, 1.01, 34, 2.7
2025-06-11 11:26:14,-102.2164,31.9177, 383.9, 7827,-21.8,-27.9,-25.2, 58, 71, 1.00, 34, 2.7
2025-06-11 11:26:15,-102.2164,31.9176, 383.7, 7832,-21.8,-28.0,-25.3, 57, 71, 1.00, 33, 2.7
2025-06-11 11:26:16,-102.2164,31.9176, 383.4, 7837,-21.9,-28.1,-25.4, 57, 71, 0.99, 33, 2.8
2025-06-11 11:26:17,-102.2164,31.9176, 383.2, 7842,-21.9,-28.2,-25.4, 57, 71, 0.98, 33, 2.8
2025-06-11 11:26:18,-102.2164,31.9176, 382.9, 7846,-22.0,-28.2,-25.5, 57, 70, 0.98, 33, 2.8
2025-06-11 11:26:19,-102.2165,31.9175, 382.7, 7851,-22.0,-28.3,-25.6, 56, 70, 0.97, 32, 2.9
2025-06-11 11:26:20,-102.2165,31.9175, 382.5, 7855,-22.0,-28.4,-25.7, 56, 70, 0.96, 32, 2.9
2025-06-11 11:26:21,-102.2165,31.9175, 382.2, 7859,-22.1,-28.5,-25.7, 56, 70, 0.96, 32, 3.0
2025-06-11 11:26:22,-102.2165,31.9174, 382.0, 7864,-22.1,-28.6,-25.8, 56, 69, 0.95, 32, 3.0
2025-06-11 11:26:23,-102.2165,31.9174, 381.8, 7868,-22.2,-28.7,-25.9, 56, 69, 0.94, 32, 3.0
2025-06-11 11:26:24,-102.2165,31.9174, 381.6, 7872,-22.2,-28.6,-25.9, 56, 69, 0.95, 31, 3.1
2025-06-11 11:26:25,-102.2166,31.9173, 381.3, 7877,-22.2,-28.6,-25.9, 56, 70, 0.95, 31, 3.1
2025-06-11 11:26:26,-102.2166,31.9173, 381.1, 7881,-22.3,-28.6,-25.8, 56, 70, 0.95, 31, 3.2
2025-06-11 11:26:27,-102.2166,31.9173, 380.9, 7885,-22.3,-28.6,-25.8, 57, 70, 0.95, 31, 3.2
2025-06-11 11:26:28,-102.2166,31.9173, 380.7, 7889,-22.3,-28.6,-25.8, 57, 71, 0.95, 31, 3.3
2025-06-11 11:26:29,-102.2166,31.9172, 380.5, 7893,-22.4,-28.6,-25.8, 57, 71, 0.96, 30, 3.3
2025-06-11 11:26:30,-102.2166,31.9172, 380.2, 7898,-22.4,-28.5,-25.8, 57, 72, 0.96, 30, 3.3
2025-06-11 11:26:31,-102.2167,31.9172, 380.0, 7902,-22.4,-28.5,-25.8, 58, 72, 0.96, 30, 3.4
2025-06-11 11:26:32,-102.2167,31.9171, 379.8, 7906,-22.5,-28.5,-25.8, 58, 72, 0.96, 30, 3.4
2025-06-11 11:26:33,-102.2167,31.9171, 379.6, 7911,-22.5,-28.5,-25.8, 58, 73, 0.96, 30, 3.5
2025-06-11 11:26:34,-102.2167,31.9171, 379.3, 7915,-22.6,-28.5,-25.7, 58, 73, 0.96, 30, 3.5
2025-06-11 11:26:35,-102.2167,31.9170, 379.1, 7920,-22.6,-28.5,-25.7, 59, 73, 0.97, 30, 3.5
2025-06-11 11:26:36,-102.2168,31.9170, 378.9, 7924,-22.6,-28.5,-25.7, 59, 74, 0.97, 29, 3.6
2025-06-11 11:26:37,-102.2168,31.9170, 378.6, 7929,-22.7,-28.4,-25.7, 59, 74, 0.97, 28, 3.6
2025-06-11 11:26:38,-102.2168,31.9170, 378.4, 7933,-22.7,-28.3,-25.6, 60, 75, 0.98, 28, 3.6
2025-06-11 11:26:39,-102.2168,31.9169, 378.2, 7938,-22.7,-28.2,-25.5, 61, 76, 0.99, 27, 3.6
2025-06-11 11:26:40,-102.2168,31.9169, 377.9, 7942,-22.8,-28.2,-25.4, 61, 77, 1.00, 27, 3.7
2025-06-11 11:26:41,-102.2168,31.9169, 377.7, 7947,-22.8,-28.1,-25.4, 62, 78, 1.01, 26, 3.7
2025-06-11 11:26:42,-102.2169,31.9168, 377.5, 7952,-22.9,-28.0,-25.3, 63, 79, 1.01, 26, 3.7
2025-06-11 11:26:43,-102.2169,31.9168, 377.2, 7956,-22.9,-27.9,-25.2, 63, 79, 1.02, 25, 3.7
2025-06-11 11:26:44,-102.2169,31.9168, 377.0, 7961,-22.9,-27.8,-25.1, 64, 80, 1.03, 25, 3.8
2025-06-11 11:26:45,-102.2169,31.9167, 376.7, 7966,-23.0,-27.8,-25.1, 65, 81, 1.04, 24, 3.8
2025-06-11 11:26:46,-102.2169,31.9167, 376.5, 7970,-23.0,-27.7,-25.0, 65, 82, 1.05, 24, 3.8
2025-06-11 11:26:47,-102.2169,31.9167, 376.3, 7975,-23.0,-27.6,-24.9, 66, 83, 1.05, 23, 3.8
2025-06-11 11:26:48,-102.2169,31.9166, 376.0, 7980,-23.1,-27.6,-24.9, 67, 84, 1.06, 23, 3.9
2025-06-11 11:26:49,-102.2170,31.9166, 375.8, 7984,-23.1,-27.5,-24.8, 67, 85, 1.07, 22, 3.9
2025-06-11 11:26:50,-102.2170,31.9165, 375.6, 7989,-23.1,-27.4,-24.7, 68, 85, 1.08, 22, 3.9
2025-06-11 11:26:51,-102.2170,31.9165, 375.3, 7993,-23.2,-27.4,-24.7, 68, 86, 1.08, 21, 3.9
2025-06-11 11:26:52,-102.2170,31.9165, 375.1, 7998,-23.2,-27.3,-24.7, 69, 86, 1.09, 21, 4.0
2025-06-11 11:26:53,-102.2170,31.9164, 374.9, 8002,-23.2,-27.3,-24.7, 69, 87, 1.09, 20, 4.0
2025-06-11 11:26:54,-102.2170,31.9164, 374.6, 8007,-23.3,-27.3,-24.7, 69, 87, 1.09, 20, 4.0
2025-06-11 11:26:55,-102.2170,31.9164, 374.4, 8011,-23.3,-27.3,-24.6, 70, 87, 1.09, 19, 4.0
2025-06-11 11:26:56,-102.2171,31.9163, 374.2, 8015,-23.3,-27.3,-24.6, 70, 88, 1.09, 19, 4.1
2025-06-11 11:26:57,-102.2171,31.9163, 374.0, 8020,-23.3,-27.3,-24.6, 70, 88, 1.09, 19, 4.1
2025-06-11 11:26:58,-102.2171,31.9162, 373.7, 8024,-23.4,-27.3,-24.6, 70, 89, 1.10, 19, 4.1
2025-06-11 11:26:59,-102.2171,31.9162, 373.5, 8029,-23.4,-27.3,-24.6, 71, 89, 1.10, 19, 4.2
2025-06-11 11:27:00,-102.2171,31.9162, 373.3, 8033,-23.4,-27.3,-24.6, 71, 89, 1.10, 19, 4.2
2025-06-11 11:27:01,-102.2171,31.9161, 373.1, 8038,-23.5,-27.2,-24.6, 71, 90, 1.10, 18, 4.2
2025-06-11 11:27:02,-102.2171,31.9161, 372.8, 8042,-23.5,-27.2,-24.6, 71, 90, 1.10, 18, 4.3
2025-06-11 11:27:03,-102.2171,31.9160, 372.6, 8047,-23.5,-27.2,-24.6, 72, 90, 1.11, 18, 4.3
2025-06-11 11:27:04,-102.2172,31.9160, 372.4, 8050,-23.6,-27.2,-24.6, 72, 91, 1.11, 18, 4.3
2025-06-11 11:27:05,-102.2172,31.9160, 372.1, 8056,-23.6,-27.3,-24.6, 72, 90, 1.10, 18, 4.4
2025-06-11 11:27:06,-102.2172,31.9159, 371.9, 8060,-23.6,-27.3,-24.7, 71, 90, 1.10, 18, 4.4
2025-06-11 11:27:07,-102.2172,31.9159, 371.7, 8065,-23.6,-27.4,-24.7, 71, 90, 1.09, 18, 4.4
2025-06-11 11:27:08,-102.2172,31.9158, 371.4, 8069,-23.7,-27.5,-24.8, 71, 90, 1.09, 17, 4.5
2025-06-11 11:27:09,-102.2172,31.9158, 371.2, 8074,-23.7,-27.5,-24.8, 71, 89, 1.08, 17, 4.5
2025-06-11 11:27:10,-102.2172,31.9158, 371.0, 8078,-23.7,-27.6,-24.9, 71, 89, 1.08, 17, 4.5
2025-06-11 11:27:11,-102.2173,31.9157, 370.8, 8083,-23.8,-27.6,-24.9, 70, 89, 1.07, 17, 4.6
2025-06-11 11:27:12,-102.2173,31.9157, 370.5, 8087,-23.8,-27.7,-25.0, 70, 89, 1.06, 17, 4.6
2025-06-11 11:27:13,-102.2173,31.9157, 370.3, 8092,-23.8,-27.7,-25.1, 70, 88, 1.06, 17, 4.7
2025-06-11 11:27:14,-102.2173,31.9156, 370.1, 8096,-23.8,-27.8,-25.1, 70, 88, 1.05, 17, 4.7
2025-06-11 11:27:15,-102.2173,31.9156, 369.9, 8100,-23.9,-27.9,-25.2, 70, 88, 1.05, 16, 4.7
2025-06-11 11:27:16,-102.2173,31.9155, 369.6, 8105,-23.9,-27.9,-25.2, 69, 88, 1.04, 17, 4.7
2025-06-11 11:27:17,-102.2174,31.9155, 369.4, 8110,-23.9,-28.0,-25.3, 69, 87, 1.04, 17, 4.7
2025-06-11 11:27:18,-102.2174,31.9155, 369.2, 8114,-24.0,-28.1,-25.4, 69, 87, 1.03, 17, 4.7
2025-06-11 11:27:19,-102.2174,31.9154, 368.9, 8119,-24.0,-28.1,-25.4, 69, 87, 1.03, 18, 4.7
2025-06-11 11:27:20,-102.2174,31.9154, 368.7, 8124,-24.1,-28.2,-25.5, 69, 87, 1.02, 18, 4.7
2025-06-11 11:27:21,-102.2174,31.9154, 368.5, 8128,-24.1,-28.3,-25.5, 68, 87, 1.01, 18, 4.7
2025-06-11 11:27:22,-102.2175,31.9153, 368.2, 8133,-24.1,-28.3,-25.6, 68, 86, 1.01, 19, 4.7
2025-06-11 11:27:23,-102.2175,31.9153, 368.0, 8137,-24.2,-28.4,-25.6, 68, 86, 1.00, 19, 4.7
2025-06-11 11:27:24,-102.2175,31.9153, 367.8, 8142,-24.2,-28.5,-25.7, 68, 86, 1.00, 19, 4.7
2025-06-11 11:27:25,-102.2175,31.9152, 367.5, 8146,-24.2,-28.5,-25.8, 68, 86, 0.99, 20, 4.6
2025-06-11 11:27:26,-102.2175,31.9152, 367.3, 8151,-24.3,-28.6,-25.8, 68, 86, 0.99, 20, 4.6
2025-06-11 11:27:27,-102.2176,31.9152, 367.1, 8155,-24.3,-28.6,-25.9, 67, 85, 0.98, 20, 4.6
2025-06-11 11:27:28,-102.2176,31.9151, 366.9, 8160,-24.3,-28.7,-25.9, 67, 85, 0.98, 21, 4.6
2025-06-11 11:27:29,-102.2176,31.9151, 366.6, 8164,-24.4,-28.8,-26.0, 67, 85, 0.97, 21, 4.6
2025-06-11 11:27:30,-102.2176,31.9151, 366.4, 8169,-24.4,-28.8,-26.1, 67, 85, 0.97, 21, 4.6
2025-06-11 11:27:31,-102.2176,31.9150, 366.2, 8173,-24.5,-28.9,-26.1, 67, 85, 0.96, 22, 4.6
2025-06-11 11:27:32,-102.2177,31.9150, 365.9, 8178,-24.5,-29.0,-26.2, 67, 85, 0.96, 22, 4.6
2025-06-11 11:27:33,-102.2177,31.9150, 365.7, 8183,-24.6,-29.0,-26.2, 66, 85, 0.95, 22, 4.6
2025-06-11 11:27:34,-102.2177,31.9149, 365.5, 8188,-24.6,-29.1,-26.3, 66, 84, 0.95, 23, 4.6
2025-06-11 11:27:35,-102.2177,31.9149, 365.2, 8192,-24.6,-29.1,-26.3, 66, 84, 0.94, 23, 4.6
2025-06-11 11:27:36,-102.2177,31.9149, 365.0, 8197,-24.7,-29.2,-26.4, 66, 84, 0.94, 24, 4.5
2025-06-11 11:27:37,-102.2178,31.9148, 364.8, 8202,-24.7,-29.3,-26.5, 66, 84, 0.93, 24, 4.5
2025-06-11 11:27:38,-102.2178,31.9148, 364.5, 8206,-24.8,-29.3,-26.5, 66, 84, 0.93, 25, 4.4
2025-06-11 11:27:39,-102.2178,31.9148, 364.3, 8211,-24.8,-29.4,-26.6, 66, 84, 0.93, 25, 4.3
2025-06-11 11:27:40,-102.2178,31.9147, 364.1, 8215,-24.9,-29.4,-26.6, 66, 84, 0.92, 26, 4.3
2025-06-11 11:27:41,-102.2178,31.9147, 363.8, 8220,-24.9,-29.5,-26.7, 66, 84, 0.92, 26, 4.2
2025-06-11 11:27:42,-102.2179,31.9147, 363.6, 8224,-24.9,-29.5,-26.7, 65, 84, 0.91, 27, 4.1
2025-06-11 11:27:43,-102.2179,31.9146, 363.4, 8229,-25.0,-29.6,-26.8, 65, 83, 0.91, 27, 4.1
2025-06-11 11:27:44,-102.2179,31.9146, 363.1, 8234,-25.0,-29.7,-26.8, 65, 83, 0.90, 28, 4.0
2025-06-11 11:27:45,-102.2179,31.9146, 362.9, 8239,-25.1,-29.7,-26.9, 65, 83, 0.90, 29, 4.0
2025-06-11 11:27:46,-102.2179,31.9145, 362.7, 8244,-25.1,-29.8,-26.9, 65, 83, 0.89, 29, 3.9
2025-06-11 11:27:47,-102.2180,31.9145, 362.4, 8249,-25.1,-29.8,-27.0, 65, 83, 0.89, 30, 3.8
2025-06-11 11:27:48,-102.2180,31.9145, 362.2, 8254,-25.2,-29.9,-27.0, 65, 83, 0.89, 31, 3.8
2025-06-11 11:27:49,-102.2180,31.9145, 362.0, 8258,-25.2,-29.9,-27.1, 65, 83, 0.88, 31, 3.7
2025-06-11 11:27:50,-102.2180,31.9145, 361.7, 8263,-25.3,-30.0,-27.1, 65, 83, 0.88, 32, 3.7
2025-06-11 11:27:51,-102.2180,31.9145, 361.5, 8267,-25.3,-30.1,-27.2, 65, 83, 0.87, 33, 3.6
2025-06-11 11:27:52,-102.2181,31.9144, 361.3, 8271,-25.4,-30.1,-27.2, 64, 83, 0.87, 34, 3.6
2025-06-11 11:27:53,-102.2181,31.9144, 361.0, 8276,-25.4,-30.2,-27.3, 64, 83, 0.87, 35, 3.5
2025-06-11 11:27:54,-102.2181,31.9144, 360.8, 8280,-25.4,-30.2,-27.4, 64, 83, 0.86, 35, 3.4
2025-06-11 11:27:55,-102.2181,31.9144, 360.6, 8285,-25.5,-30.3,-27.4, 64, 82, 0.86, 36, 3.4
2025-06-11 11:27:56,-102.2181,31.9144, 360.4, 8289,-25.5,-30.3,-27.5, 64, 82, 0.85, 37, 3.4
2025-06-11 11:27:57,-102.2182,31.9143, 360.1, 8294,-25.6,-30.4,-27.5, 64, 82, 0.85, 37, 3.3
2025-06-11 11:27:58,-102.2182,31.9143, 359.9, 8298,-25.6,-30.4,-27.5, 64, 82, 0.85, 37, 3.3
2025-06-11 11:27:59,-102.2182,31.9143, 359.7, 8303,-25.6,-30.5,-27.6, 64, 82, 0.84, 37, 3.3
2025-06-11 11:28:00,-102.2182,31.9143, 359.4, 8308,-25.7,-30.6,-27.7, 64, 82, 0.84, 38, 3.2
2025-06-11 11:28:01,-102.2182,31.9143, 359.2, 8313,-25.7,-30.6,-27.7, 63, 82, 0.83, 38, 3.2
2025-06-11 11:28:02,-102.2183,31.9142, 359.0, 8318,-25.8,-30.7,-27.8, 63, 82, 0.83, 38, 3.2
2025-06-11 11:28:03,-102.2183,31.9142, 358.7, 8323,-25.8,-30.8,-27.8, 63, 81, 0.82, 38, 3.1
2025-06-11 11:28:04,-102.2183,31.9142, 358.5, 8328,-25.8,-30.8,-27.9, 63, 81, 0.82, 39, 3.1
2025-06-11 11:28:05,-102.2183,31.9142, 358.3, 8333,-25.9,-30.9,-28.0, 63, 81, 0.82, 39, 3.1
2025-06-11 11:28:06,-102.2183,31.9142, 358.0, 8337,-25.9,-31.0,-28.0, 63, 81, 0.81, 39, 3.0
2025-06-11 11:28:07,-102.2183,31.9141, 357.8, 8342,-26.0,-31.0,-28.1, 62, 81, 0.81, 39, 3.0
2025-06-11 11:28:08,-102.2184,31.9141, 357.6, 8346,-26.0,-31.1,-28.1, 62, 81, 0.80, 40, 3.0
2025-06-11 11:28:09,-102.2184,31.9141, 357.3, 8351,-26.0,-31.1,-28.2, 62, 80, 0.80, 40, 3.0
2025-06-11 11:28:10,-102.2184,31.9141, 357.1, 8355,-26.1,-31.2,-28.3, 62, 80, 0.79, 40, 2.9
2025-06-11 11:28:11,-102.2184,31.9141, 356.9, 8360,-26.1,-31.3,-28.3, 62, 80, 0.79, 41, 2.9
2025-06-11 11:28:12,-102.2184,31.9140, 356.7, 8364,-26.1,-31.3,-28.4, 62, 80, 0.79, 41, 2.9
2025-06-11 11:28:13,-102.2185,31.9140, 356.5, 8369,-26.2,-31.4,-28.4, 62, 80, 0.78, 41, 2.8
2025-06-11 11:28:14,-102.2185,31.9140, 356.2, 8373,-26.2,-31.4,-28.4, 62, 80, 0.78, 42, 2.8
2025-06-11 11:28:15,-102.2185,31.9140, 356.0, 8378,-26.3,-31.4,-28.5, 62, 80, 0.78, 42, 2.8
2025-06-11 11:28:16,-102.2185,31.9140, 355.8, 8382,-26.3,-31.5,-28.5, 62, 80, 0.78, 42, 2.8
2025-06-11 11:28:17,-102.2185,31.9139, 355.6, 8387,-26.3,-31.5,-28.6, 62, 80, 0.77, 42, 2.8
2025-06-11 11:28:18,-102.2186,31.9139, 355.4, 8391,-26.4,-31.6,-28.6, 61, 80, 0.77, 42, 2.8
2025-06-11 11:28:19,-102.2186,31.9139, 355.2, 8395,-26.4,-31.6,-28.6, 61, 80, 0.77, 42, 2.8
2025-06-11 11:28:20,-102.2186,31.9139, 355.0, 8399,-26.4,-31.7,-28.7, 61, 80, 0.76, 42, 2.8
2025-06-11 11:28:21,-102.2186,31.9139, 354.8, 8403,-26.5,-31.7,-28.7, 61, 80, 0.76, 42, 2.7
2025-06-11 11:28:22,-102.2186,31.9138, 354.6, 8407,-26.5,-31.7,-28.8, 61, 80, 0.76, 42, 2.7
2025-06-11 11:28:23,-102.2187,31.9138, 354.3, 8411,-26.6,-31.8,-28.8, 61, 80, 0.76, 42, 2.7
2025-06-11 11:28:24,-102.2187,31.9138, 354.1, 8416,-26.6,-31.8,-28.8, 61, 79, 0.75, 42, 2.7
2025-06-11 11:28:25,-102.2187,31.9138, 354.0, 8420,-26.6,-31.9,-28.9, 61, 79, 0.75, 42, 2.7
2025-06-11 11:28:26,-102.2187,31.9138, 353.7, 8424,-26.7,-31.9,-28.9, 61, 80, 0.75, 42, 2.7
2025-06-11 11:28:27,-102.2188,31.9137, 353.5, 8428,-26.7,-31.9,-28.9, 61, 80, 0.75, 42, 2.7
2025-06-11 11:28:28,-102.2188,31.9137, 353.3, 8433,-26.8,-32.0,-29.0, 61, 80, 0.75, 42, 2.7
2025-06-11 11:28:29,-102.2188,31.9137, 353.1, 8437,-26.8,-32.0,-29.0, 61, 80, 0.74, 42, 2.7
2025-06-11 11:28:30,-102.2188,31.9137, 352.9, 8441,-26.8,-32.0,-29.0, 61, 80, 0.74, 42, 2.7
2025-06-11 11:28:31,-102.2188,31.9136, 352.7, 8446,-26.9,-32.0,-29.0, 62, 80, 0.74, 42, 2.7
2025-06-11 11:28:32,-102.2189,31.9136, 352.5, 8450,-26.9,-32.1,-29.1, 62, 80, 0.74, 42, 2.7
2025-06-11 11:28:33,-102.2189,31.9136, 352.2, 8455,-26.9,-32.1,-29.1, 62, 80, 0.74, 42, 2.7
2025-06-11 11:28:34,-102.2189,31.9136, 352.0, 8459,-27.0,-32.1,-29.1, 62, 80, 0.74, 42, 2.7
2025-06-11 11:28:35,-102.2189,31.9136, 351.8, 8464,-27.0,-32.2,-29.1, 62, 81, 0.74, 42, 2.7
2025-06-11 11:28:36,-102.2189,31.9135, 351.5, 8469,-27.1,-32.2,-29.2, 62, 81, 0.73, 42, 2.7
2025-06-11 11:28:37,-102.2190,31.9135, 351.3, 8474,-27.1,-32.2,-29.2, 62, 81, 0.73, 41, 2.8
2025-06-11 11:28:38,-102.2190,31.9135, 351.1, 8478,-27.1,-32.2,-29.2, 62, 81, 0.73, 41, 2.9
2025-06-11 11:28:39,-102.2190,31.9135, 350.9, 8483,-27.2,-32.3,-29.2, 62, 81, 0.73, 41, 2.9
2025-06-11 11:28:40,-102.2190,31.9135, 350.6, 8487,-27.2,-32.3,-29.3, 62, 81, 0.73, 41, 3.0
2025-06-11 11:28:41,-102.2190,31.9134, 350.4, 8492,-27.3,-32.3,-29.3, 62, 81, 0.73, 41, 3.0
2025-06-11 11:28:42,-102.2191,31.9134, 350.2, 8497,-27.3,-32.3,-29.3, 62, 81, 0.73, 40, 3.1
2025-06-11 11:28:43,-102.2191,31.9134, 350.0, 8501,-27.3,-32.4,-29.3, 62, 81, 0.72, 40, 3.1
2025-06-11 11:28:44,-102.2191,31.9134, 349.8, 8506,-27.4,-32.4,-29.4, 62, 82, 0.72, 40, 3.2
2025-06-11 11:28:45,-102.2191,31.9133, 349.5, 8510,-27.4,-32.4,-29.4, 63, 82, 0.72, 40, 3.2
2025-06-11 11:28:46,-102.2192,31.9133, 349.3, 8514,-27.5,-32.4,-29.4, 63, 82, 0.72, 40, 3.3
2025-06-11 11:28:47,-102.2192,31.9133, 349.1, 8519,-27.5,-32.4,-29.4, 63, 82, 0.72, 39, 3.3
2025-06-11 11:28:48,-102.2192,31.9133, 348.9, 8523,-27.5,-32.5,-29.4, 63, 82, 0.72, 39, 3.4
2025-06-11 11:28:49,-102.2192,31.9132, 348.7, 8527,-27.6,-32.5,-29.5, 63, 82, 0.72, 39, 3.4
2025-06-11 11:28:50,-102.2192,31.9132, 348.5, 8532,-27.6,-32.5,-29.5, 63, 82, 0.72, 39, 3.5
2025-06-11 11:28:51,-102.2193,31.9132, 348.3, 8536,-27.6,-32.5,-29.5, 63, 83, 0.72, 39, 3.5
2025-06-11 11:28:52,-102.2193,31.9132, 348.1, 8540,-27.7,-32.6,-29.5, 63, 83, 0.71, 39, 3.6
2025-06-11 11:28:53,-102.2193,31.9131, 347.9, 8544,-27.7,-32.6,-29.5, 63, 83, 0.71, 39, 3.6
2025-06-11 11:28:54,-102.2193,31.9131, 347.7, 8548,-27.8,-32.6,-29.6, 63, 83, 0.71, 38, 3.7
2025-06-11 11:28:55,-102.2193,31.9131, 347.5, 8552,-27.8,-32.6,-29.6, 63, 83, 0.71, 38, 3.7
2025-06-11 11:28:56,-102.2194,31.9130, 347.3, 8556,-27.8,-32.7,-29.6, 63, 83, 0.71, 38, 3.7
2025-06-11 11:28:57,-102.2194,31.9130, 347.1, 8561,-27.9,-32.7,-29.7, 63, 83, 0.71, 37, 3.7
2025-06-11 11:28:58,-102.2194,31.9130, 346.9, 8565,-27.9,-32.7,-29.7, 63, 83, 0.70, 37, 3.7
2025-06-11 11:28:59,-102.2194,31.9130, 346.7, 8569,-27.9,-32.8,-29.7, 63, 83, 0.70, 36, 3.7
2025-06-11 11:29:00,-102.2194,31.9129, 346.5, 8573,-28.0,-32.8,-29.8, 63, 83, 0.70, 36, 3.7
2025-06-11 11:29:01,-102.2195,31.9129, 346.3, 8577,-28.0,-32.8,-29.8, 63, 83, 0.70, 35, 3.7
2025-06-11 11:29:02,-102.2195,31.9129, 346.1, 8582,-28.1,-32.9,-29.8, 63, 83, 0.70, 35, 3.7
2025-06-11 11:29:03,-102.2195,31.9128, 345.8, 8586,-28.1,-32.9,-29.8, 63, 84, 0.70, 34, 3.6
2025-06-11 11:29:04,-102.2195,31.9128, 345.6, 8591,-28.1,-32.9,-29.9, 63, 84, 0.69, 34, 3.6
2025-06-11 11:29:05,-102.2195,31.9128, 345.4, 8596,-28.2,-33.0,-29.9, 63, 84, 0.69, 33, 3.6
2025-06-11 11:29:06,-102.2196,31.9128, 345.2, 8600,-28.2,-33.0,-29.9, 64, 84, 0.69, 33, 3.6
2025-06-11 11:29:07,-102.2196,31.9127, 344.9, 8605,-28.3,-33.0,-30.0, 64, 84, 0.69, 32, 3.6
2025-06-11 11:29:08,-102.2196,31.9127, 344.7, 8610,-28.3,-33.0,-30.0, 64, 84, 0.69, 32, 3.6
2025-06-11 11:29:09,-102.2196,31.9127, 344.5, 8615,-28.3,-33.1,-30.0, 64, 84, 0.69, 31, 3.6
2025-06-11 11:29:10,-102.2196,31.9126, 344.2, 8620,-28.4,-33.1,-30.0, 64, 84, 0.69, 30, 3.6
2025-06-11 11:29:11,-102.2197,31.9126, 344.0, 8625,-28.4,-33.1,-30.0, 64, 85, 0.69, 30, 3.6
2025-06-11 11:29:12,-102.2197,31.9126, 343.8, 8630,-28.5,-33.1,-30.1, 64, 85, 0.68, 29, 3.6
2025-06-11 11:29:13,-102.2197,31.9126, 343.5, 8635,-28.5,-33.2,-30.1, 64, 85, 0.68, 29, 3.6
2025-06-11 11:29:14,-102.2197,31.9125, 343.3, 8639,-28.5,-33.2,-30.1, 64, 85, 0.68, 28, 3.6
2025-06-11 11:29:15,-102.2197,31.9125, 343.1, 8644,-28.6,-33.2,-30.1, 64, 85, 0.68, 28, 3.5
2025-06-11 11:29:16,-102.2198,31.9125, 342.9, 8648,-28.6,-33.2,-30.2, 64, 85, 0.68, 28, 3.6
2025-06-11 11:29:17,-102.2198,31.9124, 342.7, 8652,-28.7,-33.3,-30.2, 65, 85, 0.68, 28, 3.6
2025-06-11 11:29:18,-102.2198,31.9124, 342.5, 8656,-28.7,-33.3,-30.2, 65, 86, 0.68, 28, 3.6
2025-06-11 11:29:19,-102.2198,31.9124, 342.3, 8660,-28.7,-33.3,-30.2, 65, 86, 0.68, 29, 3.6
2025-06-11 11:29:20,-102.2198,31.9124, 342.1, 8664,-28.8,-33.3,-30.2, 65, 86, 0.68, 29, 3.6
2025-06-11 11:29:21,-102.2199,31.9123, 341.9, 8668,-28.8,-33.3,-30.2, 65, 86, 0.68, 29, 3.7
2025-06-11 11:29:22,-102.2199,31.9123, 341.7, 8673,-28.9,-33.3,-30.3, 65, 87, 0.67, 30, 3.7
2025-06-11 11:29:23,-102.2199,31.9123, 341.5, 8677,-28.9,-33.4,-30.3, 65, 87, 0.67, 30, 3.7
2025-06-11 11:29:24,-102.2199,31.9122, 341.3, 8681,-28.9,-33.4,-30.3, 66, 87, 0.67, 30, 3.7
2025-06-11 11:29:25,-102.2200,31.9122, 341.1, 8685,-29.0,-33.4,-30.3, 66, 87, 0.67, 30, 3.7
2025-06-11 11:29:26,-102.2200,31.9122, 340.9, 8689,-29.0,-33.4,-30.3, 66, 88, 0.67, 31, 3.7
2025-06-11 11:29:27,-102.2200,31.9121, 340.7, 8693,-29.1,-33.4,-30.3, 66, 88, 0.67, 31, 3.8
2025-06-11 11:29:28,-102.2200,31.9121, 340.5, 8698,-29.1,-33.4,-30.3, 66, 88, 0.67, 31, 3.8
2025-06-11 11:29:29,-102.2200,31.9121, 340.3, 8702,-29.1,-33.4,-30.3, 66, 88, 0.67, 31, 3.8
2025-06-11 11:29:30,-102.2201,31.9121, 340.1, 8706,-29.2,-33.5,-30.4, 66, 88, 0.67, 31, 3.8
2025-06-11 11:29:31,-102.2201,31.9120, 339.9, 8710,-29.2,-33.5,-30.4, 67, 89, 0.67, 32, 3.8
2025-06-11 11:29:32,-102.2201,31.9120, 339.7, 8714,-29.2,-33.5,-30.4, 67, 89, 0.67, 32, 3.9
2025-06-11 11:29:33,-102.2201,31.9120, 339.5, 8718,-29.3,-33.5,-30.4, 67, 89, 0.67, 32, 3.9
2025-06-11 11:29:34,-102.2201,31.9119, 339.3, 8722,-29.3,-33.5,-30.4, 67, 89, 0.67, 32, 3.9
2025-06-11 11:29:35,-102.2202,31.9119, 339.1, 8727,-29.4,-33.5,-30.4, 67, 90, 0.67, 33, 3.9
2025-06-11 11:29:36,-102.2202,31.9119, 338.9, 8731,-29.4,-33.6,-30.5, 67, 90, 0.67, 33, 3.9
2025-06-11 11:29:37,-102.2202,31.9118, 338.7, 8735,-29.4,-33.6,-30.5, 67, 90, 0.67, 33, 3.9
2025-06-11 11:29:38,-102.2202,31.9118, 338.6, 8739,-29.5,-33.6,-30.5, 67, 90, 0.66, 32, 3.9
2025-06-11 11:29:39,-102.2203,31.9118, 338.4, 8743,-29.5,-33.6,-30.5, 68, 90, 0.66, 32, 3.9
2025-06-11 11:29:40,-102.2203,31.9118, 338.2, 8747,-29.6,-33.6,-30.5, 68, 90, 0.66, 32, 3.9
2025-06-11 11:29:41,-102.2203,31.9117, 338.0, 8751,-29.6,-33.7,-30.5, 68, 91, 0.66, 32, 3.9
2025-06-11 11:29:42,-102.2203,31.9117, 337.8, 8755,-29.6,-33.7,-30.6, 68, 91, 0.66, 32, 4.0
2025-06-11 11:29:43,-102.2203,31.9117, 337.6, 8759,-29.7,-33.7,-30.6, 68, 91, 0.66, 32, 4.0
2025-06-11 11:29:44,-102.2204,31.9116, 337.4, 8763,-29.7,-33.7,-30.6, 68, 91, 0.66, 32, 4.0
2025-06-11 11:29:45,-102.2204,31.9116, 337.2, 8767,-29.7,-33.7,-30.6, 68, 91, 0.66, 32, 4.0
2025-06-11 11:29:46,-102.2204,31.9116, 337.0, 8771,-29.8,-33.7,-30.6, 68, 92, 0.66, 32, 4.0
2025-06-11 11:29:47,-102.2204,31.9115, 336.8, 8775,-29.8,-33.8,-30.7, 69, 92, 0.66, 32, 4.0
2025-06-11 11:29:48,-102.2205,31.9115, 336.6, 8779,-29.9,-33.8,-30.7, 69, 92, 0.66, 32, 4.0
2025-06-11 11:29:49,-102.2205,31.9115, 336.4, 8783,-29.9,-33.8,-30.7, 69, 92, 0.65, 32, 4.0
2025-06-11 11:29:50,-102.2205,31.9114, 336.3, 8787,-29.9,-33.8,-30.7, 69, 92, 0.65, 32, 4.0
2025-06-11 11:29:51,-102.2205,31.9114, 336.1, 8791,-30.0,-33.9,-30.7, 69, 92, 0.65, 32, 4.0
2025-06-11 11:29:52,-102.2205,31.9114, 335.9, 8795,-30.0,-33.9,-30.8, 69, 93, 0.65, 32, 4.0
2025-06-11 11:29:53,-102.2205,31.9114, 335.7, 8799,-30.0,-33.9,-30.8, 69, 93, 0.65, 32, 4.0
2025-06-11 11:29:54,-102.2206,31.9113, 335.5, 8803,-30.1,-33.9,-30.8, 69, 93, 0.65, 32, 4.0
2025-06-11 11:29:55,-102.2206,31.9113, 335.3, 8807,-30.1,-33.9,-30.8, 69, 93, 0.65, 31, 4.0
2025-06-11 11:29:56,-102.2206,31.9113, 335.2, 8811,-30.2,-34.0,-30.8, 69, 93, 0.65, 31, 4.0
2025-06-11 11:29:57,-102.2206,31.9112, 335.0, 8815,-30.2,-34.0,-30.9, 69, 93, 0.65, 31, 4.0
2025-06-11 11:29:58,-102.2206,31.9112, 334.8, 8818,-30.2,-34.0,-30.9, 69, 93, 0.64, 31, 4.0
2025-06-11 11:29:59,-102.2207,31.9112, 334.6, 8822,-30.3,-34.0,-30.9, 70, 94, 0.64, 31, 4.0
2025-06-11 11:30:00,-102.2207,31.9111, 334.4, 8826,-30.3,-34.1,-30.9, 70, 94, 0.64, 30, 4.0
2025-06-11 11:30:01,-102.2207,31.9111, 334.2, 8830,-30.3,-34.1,-31.0, 70, 94, 0.64, 30, 4.0
2025-06-11 11:30:02,-102.2207,31.9111, 334.0, 8834,-30.4,-34.1,-31.0, 70, 94, 0.64, 30, 4.0
2025-06-11 11:30:03,-102.2207,31.9110, 333.9, 8838,-30.4,-34.2,-31.0, 70, 94, 0.64, 30, 4.0
2025-06-11 11:30:04,-102.2207,31.9110, 333.7, 8842,-30.5,-34.2,-31.0, 70, 94, 0.64, 29, 4.0
2025-06-11 11:30:05,-102.2208,31.9110, 333.5, 8846,-30.5,-34.2,-31.1, 70, 94, 0.63, 29, 4.0
2025-06-11 11:30:06,-102.2208,31.9109, 333.3, 8850,-30.5,-34.2,-31.1, 70, 94, 0.63, 29, 4.0
2025-06-11 11:30:07,-102.2208,31.9109, 333.1, 8854,-30.6,-34.3,-31.1, 70, 94, 0.63, 29, 4.0
2025-06-11 11:30:08,-102.2208,31.9109, 332.9, 8858,-30.6,-34.3,-31.2, 70, 94, 0.63, 28, 4.0
2025-06-11 11:30:09,-102.2208,31.9108, 332.7, 8862,-30.6,-34.3,-31.2, 70, 95, 0.63, 28, 3.9
2025-06-11 11:30:10,-102.2209,31.9108, 332.5, 8867,-30.7,-34.4,-31.2, 70, 95, 0.63, 28, 3.9
2025-06-11 11:30:11,-102.2209,31.9108, 332.3, 8871,-30.7,-34.4,-31.2, 70, 95, 0.63, 28, 3.9
2025-06-11 11:30:12,-102.2209,31.9107, 332.1, 8875,-30.8,-34.4,-31.3, 70, 95, 0.62, 27, 3.9
2025-06-11 11:30:13,-102.2209,31.9107, 331.9, 8880,-30.8,-34.5,-31.3, 70, 95, 0.62, 27, 3.9
2025-06-11 11:30:14,-102.2209,31.9107, 331.7, 8884,-30.8,-34.5,-31.3, 70, 95, 0.62, 27, 3.9
2025-06-11 11:30:15,-102.2209,31.9107, 331.5, 8888,-30.9,-34.5,-31.3, 70, 95, 0.62, 27, 3.9
2025-06-11 11:30:16,-102.2210,31.9106, 331.3, 8893,-30.9,-34.5,-31.4, 70, 95, 0.62, 26, 3.9
2025-06-11 11:30:17,-102.2210,31.9106, 331.1, 8897,-30.9,-34.5,-31.4, 70, 95, 0.62, 26, 3.9
2025-06-11 11:30:18,-102.2210,31.9106, 330.9, 8901,-31.0,-34.6,-31.4, 70, 95, 0.62, 25, 3.9
2025-06-11 11:30:19,-102.2210,31.9105, 330.7, 8906,-31.0,-34.6,-31.4, 71, 96, 0.62, 25, 3.9
2025-06-11 11:30:20,-102.2210,31.9105, 330.5, 8910,-31.0,-34.6,-31.4, 71, 96, 0.62, 24, 3.9
2025-06-11 11:30:21,-102.2210,31.9105, 330.3, 8915,-31.1,-34.6,-31.5, 71, 96, 0.61, 24, 3.9
2025-06-11 11:30:22,-102.2211,31.9104, 330.1, 8919,-31.1,-34.7,-31.5, 71, 96, 0.61, 23, 3.9
2025-06-11 11:30:23,-102.2211,31.9104, 329.9, 8924,-31.2,-34.7,-31.5, 71, 96, 0.61, 23, 3.9
2025-06-11 11:30:24,-102.2211,31.9103, 329.7, 8928,-31.2,-34.7,-31.5, 71, 96, 0.61, 22, 3.9
2025-06-11 11:30:25,-102.2211,31.9103, 329.5, 8932,-31.2,-34.7,-31.6, 71, 97, 0.61, 22, 3.9
2025-06-11 11:30:26,-102.2211,31.9103, 329.3, 8936,-31.3,-34.7,-31.6, 71, 97, 0.61, 21, 3.9
2025-06-11 11:30:27,-102.2211,31.9102, 329.1, 8940,-31.3,-34.8,-31.6, 71, 97, 0.61, 21, 3.9
2025-06-11 11:30:28,-102.2211,31.9102, 328.9, 8944,-31.3,-34.8,-31.6, 71, 97, 0.61, 20, 3.9
2025-06-11 11:30:29,-102.2211,31.9102, 328.7, 8948,-31.4,-34.8,-31.7, 71, 97, 0.61, 20, 3.9
2025-06-11 11:30:30,-102.2211,31.9101, 328.5, 8952,-31.4,-34.9,-31.7, 71, 97, 0.60, 19, 3.9
2025-06-11 11:30:31,-102.2211,31.9101, 328.4, 8956,-31.4,-34.9,-31.7, 71, 97, 0.60, 19, 3.9
2025-06-11 11:30:32,-102.2211,31.9100, 328.2, 8960,-31.5,-35.0,-31.8, 71, 97, 0.60, 18, 3.9
2025-06-11 11:30:33,-102.2211,31.9100, 328.0, 8964,-31.5,-35.0,-31.8, 71, 96, 0.60, 18, 3.9
2025-06-11 11:30:34,-102.2212,31.9100, 327.8, 8969,-31.5,-35.1,-31.9, 71, 96, 0.59, 17, 3.9
2025-06-11 11:30:35,-102.2212,31.9099, 327.6, 8973,-31.6,-35.1,-31.9, 71, 96, 0.59, 17, 3.9
2025-06-11 11:30:36,-102.2212,31.9099, 327.4, 8977,-31.6,-35.2,-32.0, 71, 96, 0.59, 16, 3.9
2025-06-11 11:30:37,-102.2212,31.9099, 327.2, 8981,-31.6,-35.2,-32.0, 70, 96, 0.59, 16, 3.9
2025-06-11 11:30:38,-102.2212,31.9098, 327.0, 8985,-31.7,-35.3,-32.1, 70, 96, 0.58, 15, 4.0
2025-06-11 11:30:39,-102.2212,31.9098, 326.8, 8989,-31.7,-35.3,-32.1, 70, 96, 0.58, 15, 4.0
2025-06-11 11:30:40,-102.2212,31.9097, 326.6, 8994,-31.7,-35.4,-32.1, 70, 96, 0.58, 14, 4.0
2025-06-11 11:30:41,-102.2212,31.9097, 326.4, 8998,-31.7,-35.4,-32.2, 70, 95, 0.58, 13, 4.1
2025-06-11 11:30:42,-102.2212,31.9097, 326.2, 9002,-31.8,-35.4,-32.2, 70, 95, 0.58, 13, 4.1
2025-06-11 11:30:43,-102.2212,31.9096, 326.0, 9006,-31.8,-35.5,-32.3, 69, 95, 0.57, 12, 4.1
2025-06-11 11:30:44,-102.2212,31.9096, 325.8, 9010,-31.8,-35.6,-32.3, 69, 94, 0.57, 12, 4.2
2025-06-11 11:30:45,-102.2212,31.9096, 325.7, 9015,-31.8,-35.7,-32.4, 69, 94, 0.56, 11, 4.2
2025-06-11 11:30:46,-102.2212,31.9095, 325.5, 9019,-31.8,-35.7,-32.5, 68, 93, 0.56, 11, 4.2
2025-06-11 11:30:47,-102.2213,31.9095, 325.3, 9023,-31.9,-35.8,-32.6, 68, 93, 0.56, 10, 4.3
2025-06-11 11:30:48,-102.2213,31.9094, 325.1, 9027,-31.9,-35.9,-32.6, 68, 92, 0.55, 10, 4.3
2025-06-11 11:30:49,-102.2213,31.9094, 324.9, 9032,-31.9,-36.0,-32.7, 67, 92, 0.55,  9, 4.3
2025-06-11 11:30:50,-102.2213,31.9094, 324.7, 9036,-31.9,-36.0,-32.8, 67, 91, 0.54,  9, 4.4
2025-06-11 11:30:51,-102.2213,31.9093, 324.5, 9040,-32.0,-36.1,-32.9, 66, 91, 0.54,  8, 4.4
2025-06-11 11:30:52,-102.2213,31.9093, 324.3, 9044,-32.0,-36.2,-32.9, 66, 91, 0.54,  8, 4.4
2025-06-11 11:30:53,-102.2213,31.9093, 324.1, 9048,-32.0,-36.3,-33.0, 66, 90, 0.53,  7, 4.5
2025-06-11 11:30:54,-102.2213,31.9092, 324.0, 9051,-32.0,-36.3,-33.1, 65, 89, 0.53,  7, 4.5
2025-06-11 11:30:55,-102.2213,31.9092, 323.8, 9055,-32.0,-36.4,-33.1, 65, 89, 0.53,  6, 4.6
2025-06-11 11:30:56,-102.2213,31.9091, 323.6, 9059,-32.0,-36.5,-33.2, 65, 88, 0.52,  6, 4.6
2025-06-11 11:30:57,-102.2213,31.9091, 323.4, 9063,-32.1,-36.6,-33.3, 64, 88, 0.52,  5, 4.6
2025-06-11 11:30:58,-102.2212,31.9090, 323.3, 9066,-32.1,-36.6,-33.3, 64, 88, 0.51,  4, 4.6
2025-06-11 11:30:59,-102.2212,31.9090, 323.1, 9070,-32.1,-36.7,-33.4, 64, 87, 0.51,  3, 4.6
2025-06-11 11:31:00,-102.2212,31.9090, 322.9, 9074,-32.1,-36.8,-33.5, 63, 87, 0.51,  2, 4.6
2025-06-11 11:31:01,-102.2212,31.9089, 322.8, 9077,-32.1,-36.8,-33.5, 63, 86, 0.50,  2, 4.6
2025-06-11 11:31:02,-102.2212,31.9089, 322.6, 9081,-32.1,-36.9,-33.6, 62, 86, 0.50,  1, 4.6
2025-06-11 11:31:03,-102.2212,31.9088, 322.4, 9084,-32.2,-37.0,-33.7, 62, 85, 0.50,360, 4.6
2025-06-11 11:31:04,-102.2212,31.9088, 322.3, 9088,-32.2,-37.1,-33.7, 62, 85, 0.49,359, 4.6
2025-06-11 11:31:05,-102.2212,31.9087, 322.1, 9092,-32.2,-37.1,-33.8, 61, 84, 0.49,358, 4.6
2025-06-11 11:31:06,-102.2212,31.9087, 321.9, 9096,-32.2,-37.2,-33.9, 61, 84, 0.49,358, 4.6
2025-06-11 11:31:07,-102.2212,31.9087, 321.7, 9100,-32.2,-37.3,-34.0, 61, 83, 0.48,357, 4.6
2025-06-11 11:31:08,-102.2211,31.9086, 321.6, 9104,-32.3,-37.4,-34.0, 60, 83, 0.48,356, 4.6
2025-06-11 11:31:09,-102.2211,31.9086, 321.4, 9108,-32.3,-37.5,-34.1, 60, 82, 0.48,355, 4.6
2025-06-11 11:31:10,-102.2211,31.9085, 321.2, 9112,-32.3,-37.5,-34.2, 60, 82, 0.47,354, 4.6
2025-06-11 11:31:11,-102.2211,31.9085, 321.0, 9116,-32.3,-37.6,-34.2, 60, 82, 0.47,354, 4.6
2025-06-11 11:31:12,-102.2211,31.9084, 320.8, 9120,-32.4,-37.6,-34.3, 59, 82, 0.47,353, 4.7
2025-06-11 11:31:13,-102.2211,31.9084, 320.7, 9124,-32.4,-37.7,-34.3, 59, 81, 0.47,352, 4.7
2025-06-11 11:31:14,-102.2211,31.9084, 320.5, 9128,-32.4,-37.7,-34.4, 59, 81, 0.46,351, 4.7
2025-06-11 11:31:15,-102.2211,31.9083, 320.3, 9132,-32.4,-37.8,-34.4, 59, 81, 0.46,351, 4.7
2025-06-11 11:31:16,-102.2211,31.9083, 320.1, 9136,-32.5,-37.8,-34.5, 59, 81, 0.46,350, 4.7
2025-06-11 11:31:17,-102.2211,31.9082, 319.9, 9140,-32.5,-37.9,-34.5, 59, 81, 0.46,349, 4.7
2025-06-11 11:31:18,-102.2211,31.9082, 319.8, 9144,-32.5,-37.9,-34.6, 58, 80, 0.46,349, 4.8
2025-06-11 11:31:19,-102.2210,31.9082, 319.6, 9147,-32.6,-38.0,-34.6, 58, 80, 0.45,348, 4.8
2025-06-11 11:31:20,-102.2210,31.9081, 319.4, 9151,-32.6,-38.0,-34.7, 58, 80, 0.45,348, 4.8
2025-06-11 11:31:21,-102.2210,31.9081, 319.2, 9155,-32.6,-38.1,-34.7, 58, 80, 0.45,347, 4.8
2025-06-11 11:31:22,-102.2210,31.9080, 319.0, 9159,-32.7,-38.2,-34.8, 58, 80, 0.45,346, 4.8
2025-06-11 11:31:23,-102.2210,31.9080, 318.9, 9163,-32.7,-38.2,-34.8, 58, 79, 0.44,346, 4.9
2025-06-11 11:31:24,-102.2210,31.9079, 318.7, 9167,-32.7,-38.3,-34.9, 58, 79, 0.44,345, 4.9
2025-06-11 11:31:25,-102.2209,31.9079, 318.5, 9171,-32.8,-38.3,-34.9, 58, 79, 0.44,345, 4.9
2025-06-11 11:31:26,-102.2209,31.9078, 318.4, 9174,-32.8,-38.4,-35.0, 57, 79, 0.44,344, 4.9
2025-06-11 11:31:27,-102.2209,31.9078, 318.2, 9178,-32.8,-38.4,-35.0, 57, 79, 0.44,344, 5.0
2025-06-11 11:31:28,-102.2209,31.9078, 318.0, 9182,-32.9,-38.4,-35.0, 57, 79, 0.44,343, 5.0
2025-06-11 11:31:29,-102.2209,31.9077, 317.8, 9186,-32.9,-38.5,-35.1, 57, 79, 0.43,343, 5.0
2025-06-11 11:31:30,-102.2208,31.9077, 317.6, 9190,-32.9,-38.5,-35.1, 57, 79, 0.43,342, 5.0
2025-06-11 11:31:31,-102.2208,31.9076, 317.5, 9194,-33.0,-38.6,-35.2, 57, 79, 0.43,342, 5.1
2025-06-11 11:31:32,-102.2208,31.9076, 317.3, 9198,-33.0,-38.6,-35.2, 57, 79, 0.43,341, 5.1
2025-06-11 11:31:33,-102.2208,31.9075, 317.1, 9202,-33.0,-38.7,-35.3, 57, 79, 0.43,341, 5.1
2025-06-11 11:31:34,-102.2208,31.9075, 316.9, 9206,-33.1,-38.7,-35.3, 57, 79, 0.43,340, 5.1
2025-06-11 11:31:35,-102.2207,31.9075, 316.8, 9210,-33.1,-38.8,-35.3, 57, 79, 0.42,340, 5.2
2025-06-11 11:31:36,-102.2207,31.9074, 316.6, 9214,-33.1,-38.8,-35.4, 57, 79, 0.42,340, 5.2
2025-06-11 11:31:37,-102.2207,31.9074, 316.4, 9219,-33.2,-38.8,-35.4, 57, 79, 0.42,340, 5.2
2025-06-11 11:31:38,-102.2207,31.9073, 316.2, 9222,-33.2,-38.9,-35.4, 57, 79, 0.42,340, 5.2
2025-06-11 11:31:39,-102.2207,31.9073, 316.0, 9226,-33.2,-38.9,-35.5, 57, 79, 0.42,340, 5.2
2025-06-11 11:31:40,-102.2207,31.9072, 315.9, 9230,-33.3,-38.9,-35.5, 57, 79, 0.42,340, 5.2
2025-06-11 11:31:41,-102.2206,31.9072, 315.7, 9234,-33.3,-38.9,-35.5, 57, 79, 0.42,340, 5.2
2025-06-11 11:31:42,-102.2206,31.9072, 315.5, 9238,-33.4,-39.0,-35.5, 57, 79, 0.42,340, 5.2
2025-06-11 11:31:43,-102.2206,31.9071, 315.3, 9242,-33.4,-39.0,-35.6, 57, 79, 0.41,340, 5.2
2025-06-11 11:31:44,-102.2206,31.9071, 315.1, 9246,-33.4,-39.0,-35.6, 57, 79, 0.41,340, 5.2
2025-06-11 11:31:45,-102.2206,31.9070, 315.0, 9250,-33.5,-39.1,-35.6, 57, 79, 0.41,340, 5.2
2025-06-11 11:31:46,-102.2205,31.9070, 314.8, 9254,-33.5,-39.1,-35.6, 57, 79, 0.41,340, 5.2
2025-06-11 11:31:47,-102.2205,31.9069, 314.6, 9258,-33.5,-39.1,-35.7, 57, 79, 0.41,340, 5.2
2025-06-11 11:31:48,-102.2205,31.9069, 314.4, 9262,-33.6,-39.1,-35.7, 57, 80, 0.41,340, 5.2
2025-06-11 11:31:49,-102.2205,31.9068, 314.2, 9266,-33.6,-39.2,-35.7, 57, 80, 0.41,340, 5.2
2025-06-11 11:31:50,-102.2205,31.9068, 314.0, 9270,-33.6,-39.2,-35.7, 57, 80, 0.41,340, 5.2
2025-06-11 11:31:51,-102.2204,31.9068, 313.9, 9274,-33.7,-39.2,-35.8, 57, 80, 0.41,340, 5.2
2025-06-11 11:31:52,-102.2204,31.9067, 313.7, 9278,-33.7,-39.3,-35.8, 57, 80, 0.41,340, 5.2
2025-06-11 11:31:53,-102.2204,31.9067, 313.5, 9282,-33.8,-39.3,-35.9, 57, 80, 0.40,340, 5.2
2025-06-11 11:31:54,-102.2204,31.9066, 313.3, 9286,-33.8,-39.3,-35.9, 57, 80, 0.40,340, 5.2
2025-06-11 11:31:55,-102.2204,31.9066, 313.2, 9290,-33.8,-39.4,-35.9, 57, 80, 0.40,340, 5.2
2025-06-11 11:31:56,-102.2203,31.9065, 313.0, 9294,-33.9,-39.4,-36.0, 57, 80, 0.40,340, 5.2
2025-06-11 11:31:57,-102.2203,31.9065, 312.8, 9298,-33.9,-39.5,-36.0, 57, 80, 0.40,340, 5.1
2025-06-11 11:31:58,-102.2203,31.9065, 312.6, 9302,-33.9,-39.5,-36.1, 57, 80, 0.40,340, 5.1
2025-06-11 11:31:59,-102.2203,31.9064, 312.4, 9306,-34.0,-39.6,-36.1, 57, 79, 0.39,340, 5.1
2025-06-11 11:32:00,-102.2203,31.9064, 312.3, 9310,-34.0,-39.6,-36.1, 57, 79, 0.39,339, 5.1
2025-06-11 11:32:01,-102.2202,31.9064, 312.1, 9314,-34.1,-39.6,-36.2, 57, 79, 0.39,339, 5.0
2025-06-11 11:32:02,-102.2202,31.9063, 311.9, 9318,-34.1,-39.7,-36.2, 57, 79, 0.39,339, 5.0
2025-06-11 11:32:03,-102.2202,31.9063, 311.7, 9322,-34.1,-39.7,-36.3, 57, 79, 0.39,339, 5.0
2025-06-11 11:32:04,-102.2202,31.9062, 311.6, 9326,-34.2,-39.8,-36.3, 57, 79, 0.39,338, 5.0
2025-06-11 11:32:05,-102.2202,31.9062, 311.4, 9330,-34.2,-39.8,-36.3, 57, 79, 0.39,338, 4.9
2025-06-11 11:32:06,-102.2201,31.9062, 311.2, 9334,-34.2,-39.8,-36.4, 57, 79, 0.39,338, 4.9
2025-06-11 11:32:07,-102.2201,31.9061, 311.0, 9338,-34.3,-39.9,-36.4, 57, 80, 0.38,338, 4.9
2025-06-11 11:32:08,-102.2201,31.9061, 310.8, 9342,-34.3,-39.9,-36.4, 57, 80, 0.38,338, 4.9
2025-06-11 11:32:09,-102.2201,31.9060, 310.7, 9346,-34.3,-39.9,-36.4, 57, 80, 0.38,337, 4.8
2025-06-11 11:32:10,-102.2201,31.9060, 310.5, 9350,-34.4,-39.9,-36.5, 57, 80, 0.38,337, 4.8
2025-06-11 11:32:11,-102.2200,31.9060, 310.3, 9354,-34.4,-40.0,-36.5, 57, 80, 0.38,337, 4.8
2025-06-11 11:32:12,-102.2200,31.9059, 310.2, 9358,-34.4,-40.0,-36.5, 57, 80, 0.38,337, 4.8
2025-06-11 11:32:13,-102.2200,31.9059, 310.0, 9361,-34.5,-40.0,-36.5, 57, 80, 0.38,336, 4.7
2025-06-11 11:32:14,-102.2200,31.9058, 309.8, 9365,-34.5,-40.1,-36.6, 57, 80, 0.38,336, 4.7
2025-06-11 11:32:15,-102.2200,31.9058, 309.6, 9369,-34.6,-40.1,-36.6, 57, 80, 0.38,336, 4.7
2025-06-11 11:32:16,-102.2199,31.9058, 309.4, 9373,-34.6,-40.1,-36.6, 57, 80, 0.38,336, 4.7
2025-06-11 11:32:17,-102.2199,31.9057, 309.3, 9378,-34.6,-40.1,-36.7, 57, 80, 0.38,336, 4.7
2025-06-11 11:32:18,-102.2199,31.9057, 309.1, 9382,-34.7,-40.2,-36.7, 57, 80, 0.37,336, 4.7
2025-06-11 11:32:19,-102.2199,31.9056, 308.9, 9386,-34.7,-40.2,-36.7, 57, 80, 0.37,336, 4.8
2025-06-11 11:32:20,-102.2198,31.9056, 308.7, 9390,-34.7,-40.3,-36.8, 57, 80, 0.37,336, 4.8
2025-06-11 11:32:21,-102.2198,31.9056, 308.5, 9394,-34.8,-40.3,-36.8, 57, 80, 0.37,336, 4.8
2025-06-11 11:32:22,-102.2198,31.9055, 308.4, 9398,-34.8,-40.4,-36.9, 57, 80, 0.37,336, 4.8
2025-06-11 11:32:23,-102.2198,31.9055, 308.2, 9402,-34.8,-40.4,-36.9, 57, 80, 0.37,336, 4.9
2025-06-11 11:32:24,-102.2198,31.9054, 308.0, 9406,-34.9,-40.5,-37.0, 57, 80, 0.36,336, 4.9
2025-06-11 11:32:25,-102.2197,31.9054, 307.8, 9410,-34.9,-40.5,-37.0, 57, 80, 0.36,336, 4.9
2025-06-11 11:32:26,-102.2197,31.9054, 307.6, 9414,-34.9,-40.6,-37.1, 56, 79, 0.36,336, 4.9
2025-06-11 11:32:27,-102.2197,31.9053, 307.5, 9418,-35.0,-40.6,-37.1, 56, 79, 0.36,336, 5.0
2025-06-11 11:32:28,-102.2197,31.9053, 307.3, 9422,-35.0,-40.7,-37.1, 56, 79, 0.36,335, 5.0
2025-06-11 11:32:29,-102.2196,31.9052, 307.1, 9426,-35.0,-40.7,-37.2, 56, 79, 0.36,335, 5.0
2025-06-11 11:32:30,-102.2196,31.9052, 307.0, 9430,-35.1,-40.7,-37.2, 56, 79, 0.36,335, 5.0
2025-06-11 11:32:31,-102.2196,31.9051, 306.8, 9433,-35.1,-40.8,-37.3, 56, 79, 0.35,335, 5.1
2025-06-11 11:32:32,-102.2196,31.9051, 306.6, 9437,-35.1,-40.8,-37.3, 56, 79, 0.35,335, 5.1
2025-06-11 11:32:33,-102.2195,31.9051, 306.4, 9441,-35.2,-40.9,-37.4, 56, 79, 0.35,335, 5.1
2025-06-11 11:32:34,-102.2195,31.9050, 306.3, 9446,-35.2,-40.9,-37.4, 56, 78, 0.35,335, 5.1
2025-06-11 11:32:35,-102.2195,31.9050, 306.1, 9450,-35.2,-41.0,-37.5, 55, 78, 0.35,335, 5.2
2025-06-11 11:32:36,-102.2195,31.9049, 305.9, 9454,-35.2,-41.0,-37.5, 55, 78, 0.35,335, 5.1
2025-06-11 11:32:37,-102.2194,31.9049, 305.7, 9458,-35.3,-41.1,-37.6, 55, 78, 0.34,335, 5.1
2025-06-11 11:32:38,-102.2194,31.9049, 305.5, 9462,-35.3,-41.1,-37.6, 55, 78, 0.34,334, 5.1
2025-06-11 11:32:39,-102.2194,31.9048, 305.4, 9466,-35.3,-41.2,-37.6, 55, 78, 0.34,334, 5.1
2025-06-11 11:32:40,-102.2194,31.9048, 305.2, 9470,-35.4,-41.3,-37.7, 55, 77, 0.34,334, 5.1
2025-06-11 11:32:41,-102.2193,31.9047, 305.0, 9474,-35.4,-41.3,-37.7, 55, 77, 0.34,334, 5.1
2025-06-11 11:32:42,-102.2193,31.9047, 304.8, 9478,-35.4,-41.3,-37.8, 54, 77, 0.34,333, 5.1
2025-06-11 11:32:43,-102.2193,31.9047, 304.7, 9482,-35.4,-41.4,-37.8, 54, 77, 0.33,333, 5.1
2025-06-11 11:32:44,-102.2192,31.9046, 304.5, 9486,-35.5,-41.4,-37.9, 54, 77, 0.33,333, 5.1
2025-06-11 11:32:45,-102.2192,31.9046, 304.3, 9490,-35.5,-41.5,-37.9, 54, 76, 0.33,333, 5.1
2025-06-11 11:32:46,-102.2192,31.9045, 304.1, 9494,-35.5,-41.6,-38.0, 54, 76, 0.33,332, 5.1
2025-06-11 11:32:47,-102.2192,31.9045, 304.0, 9498,-35.5,-41.6,-38.1, 53, 76, 0.33,332, 5.1
2025-06-11 11:32:48,-102.2191,31.9045, 303.8, 9502,-35.6,-41.7,-38.1, 53, 75, 0.32,332, 5.1
2025-06-11 11:32:49,-102.2191,31.9044, 303.6, 9506,-35.6,-41.8,-38.2, 53, 75, 0.32,331, 5.0
2025-06-11 11:32:50,-102.2191,31.9044, 303.4, 9510,-35.6,-41.9,-38.3, 53, 75, 0.32,331, 5.0
2025-06-11 11:32:51,-102.2191,31.9043, 303.3, 9514,-35.6,-41.9,-38.3, 52, 74, 0.32,331, 5.0
2025-06-11 11:32:52,-102.2190,31.9043, 303.1, 9518,-35.6,-42.0,-38.4, 52, 74, 0.32,331, 5.0
2025-06-11 11:32:53,-102.2190,31.9043, 302.9, 9522,-35.7,-42.1,-38.5, 52, 73, 0.31,330, 5.0
2025-06-11 11:32:54,-102.2190,31.9042, 302.8, 9526,-35.7,-42.1,-38.5, 52, 73, 0.31,330, 5.0
2025-06-11 11:32:55,-102.2190,31.9042, 302.6, 9529,-35.7,-42.2,-38.6, 51, 73, 0.31,330, 5.0
2025-06-11 11:32:56,-102.2189,31.9041, 302.4, 9533,-35.7,-42.3,-38.7, 51, 72, 0.31,330, 5.0
2025-06-11 11:32:57,-102.2189,31.9041, 302.2, 9537,-35.8,-42.3,-38.7, 51, 72, 0.31,330, 5.1
2025-06-11 11:32:58,-102.2189,31.9040, 302.1, 9541,-35.8,-42.4,-38.8, 51, 72, 0.30,330, 5.1
2025-06-11 11:32:59,-102.2189,31.9040, 301.9, 9545,-35.8,-42.4,-38.8, 50, 72, 0.30,331, 5.1
2025-06-11 11:33:00,-102.2188,31.9039, 301.7, 9549,-35.8,-42.5,-38.9, 50, 71, 0.30,331, 5.2
2025-06-11 11:33:01,-102.2188,31.9039, 301.6, 9553,-35.8,-42.5,-38.9, 50, 71, 0.30,331, 5.2
2025-06-11 11:33:02,-102.2188,31.9038, 301.4, 9557,-35.9,-42.6,-39.0, 50, 71, 0.30,331, 5.2
2025-06-11 11:33:03,-102.2188,31.9038, 301.2, 9561,-35.9,-42.6,-39.0, 50, 71, 0.30,331, 5.3
2025-06-11 11:33:04,-102.2187,31.9038, 301.0, 9565,-35.9,-42.7,-39.1, 50, 71, 0.30,332, 5.3
2025-06-11 11:33:05,-102.2187,31.9037, 300.9, 9569,-35.9,-42.7,-39.1, 50, 70, 0.29,332, 5.3
2025-06-11 11:33:06,-102.2187,31.9037, 300.7, 9573,-35.9,-42.8,-39.2, 49, 70, 0.29,332, 5.4
2025-06-11 11:33:07,-102.2187,31.9036, 300.5, 9577,-36.0,-42.8,-39.2, 49, 70, 0.29,332, 5.4
2025-06-11 11:33:08,-102.2186,31.9036, 300.3, 9581,-36.0,-42.9,-39.2, 49, 70, 0.29,332, 5.4
2025-06-11 11:33:09,-102.2186,31.9035, 300.2, 9585,-36.0,-42.9,-39.3, 49, 70, 0.29,333, 5.5
2025-06-11 11:33:10,-102.2186,31.9035, 300.0, 9589,-36.0,-43.0,-39.3, 49, 69, 0.29,333, 5.5
2025-06-11 11:33:11,-102.2185,31.9034, 299.8, 9593,-36.1,-43.1,-39.4, 48, 69, 0.28,333, 5.5
2025-06-11 11:33:12,-102.2185,31.9034, 299.7, 9597,-36.1,-43.2,-39.5, 48, 68, 0.28,333, 5.6
2025-06-11 11:33:13,-102.2185,31.9033, 299.5, 9601,-36.1,-43.3,-39.6, 48, 68, 0.28,333, 5.6
2025-06-11 11:33:14,-102.2185,31.9033, 299.3, 9605,-36.1,-43.4,-39.7, 47, 67, 0.28,333, 5.6
2025-06-11 11:33:15,-102.2184,31.9033, 299.1, 9609,-36.1,-43.5,-39.8, 47, 66, 0.27,334, 5.7
2025-06-11 11:33:16,-102.2184,31.9032, 298.9, 9613,-36.2,-43.6,-39.9, 46, 66, 0.27,334, 5.7
2025-06-11 11:33:17,-102.2184,31.9032, 298.8, 9617,-36.2,-43.7,-40.0, 46, 65, 0.27,334, 5.7
2025-06-11 11:33:18,-102.2184,31.9031, 298.6, 9622,-36.2,-43.8,-40.1, 45, 65, 0.26,334, 5.7
2025-06-11 11:33:19,-102.2183,31.9031, 298.4, 9626,-36.2,-43.9,-40.3, 45, 64, 0.26,334, 5.7
2025-06-11 11:33:20,-102.2183,31.9030, 298.2, 9631,-36.3,-44.0,-40.4, 44, 63, 0.26,334, 5.7
2025-06-11 11:33:21,-102.2183,31.9030, 298.0, 9635,-36.3,-44.2,-40.5, 44, 63, 0.25,334, 5.7
2025-06-11 11:33:22,-102.2183,31.9029, 297.8, 9640,-36.3,-44.3,-40.6, 44, 62, 0.25,334, 5.7
2025-06-11 11:33:23,-102.2182,31.9029, 297.6, 9644,-36.3,-44.4,-40.7, 43, 62, 0.25,334, 5.7
2025-06-11 11:33:24,-102.2182,31.9029, 297.4, 9649,-36.4,-44.5,-40.8, 43, 61, 0.25,334, 5.7
2025-06-11 11:33:25,-102.2182,31.9028, 297.2, 9653,-36.4,-44.6,-40.9, 42, 60, 0.24,334, 5.7
2025-06-11 11:33:26,-102.2181,31.9028, 297.1, 9657,-36.4,-44.7,-41.0, 42, 60, 0.24,334, 5.7
2025-06-11 11:33:27,-102.2181,31.9027, 296.9, 9662,-36.5,-44.8,-41.1, 42, 60, 0.24,334, 5.7
2025-06-11 11:33:28,-102.2181,31.9027, 296.7, 9666,-36.5,-44.8,-41.1, 42, 60, 0.24,334, 5.7
2025-06-11 11:33:29,-102.2180,31.9026, 296.5, 9670,-36.5,-44.9,-41.2, 42, 59, 0.24,334, 5.7
2025-06-11 11:33:30,-102.2180,31.9026, 296.3, 9675,-36.5,-45.0,-41.2, 41, 59, 0.23,334, 5.7
2025-06-11 11:33:31,-102.2179,31.9026, 296.2, 9679,-36.6,-45.0,-41.3, 41, 59, 0.23,334, 5.7
2025-06-11 11:33:32,-102.2179,31.9025, 296.0, 9683,-36.6,-45.1,-41.4, 41, 59, 0.23,334, 5.7
2025-06-11 11:33:33,-102.2179,31.9025, 295.8, 9687,-36.6,-45.2,-41.4, 41, 58, 0.23,334, 5.7
2025-06-11 11:33:34,-102.2178,31.9024, 295.6, 9691,-36.6,-45.2,-41.5, 41, 58, 0.23,334, 5.7
2025-06-11 11:33:35,-102.2178,31.9024, 295.4, 9695,-36.7,-45.3,-41.6, 40, 58, 0.23,334, 5.7
2025-06-11 11:33:36,-102.2178,31.9024, 295.3, 9699,-36.7,-45.4,-41.6, 40, 58, 0.22,333, 5.7
2025-06-11 11:33:37,-102.2177,31.9023, 295.1, 9704,-36.8,-45.4,-41.7, 40, 57, 0.22,333, 5.7
2025-06-11 11:33:38,-102.2177,31.9023, 294.9, 9708,-36.8,-45.5,-41.8, 40, 57, 0.22,332, 5.7
2025-06-11 11:33:39,-102.2176,31.9022, 294.7, 9711,-36.8,-45.6,-41.8, 40, 57, 0.22,331, 5.7
2025-06-11 11:33:40,-102.2176,31.9022, 294.5, 9717,-36.9,-45.6,-41.9, 40, 57, 0.22,330, 5.7
2025-06-11 11:33:41,-102.2176,31.9021, 294.3, 9721,-36.9,-45.6,-41.9, 40, 57, 0.22,329, 5.8
2025-06-11 11:33:42,-102.2175,31.9021, 294.1, 9726,-36.9,-45.7,-41.9, 40, 57, 0.22,328, 5.8
2025-06-11 11:33:43,-102.2175,31.9021, 293.9, 9731,-37.0,-45.7,-41.9, 40, 57, 0.22,327, 5.8
2025-06-11 11:33:44,-102.2175,31.9020, 293.7, 9736,-37.0,-45.7,-42.0, 40, 57, 0.22,326, 5.8
2025-06-11 11:33:45,-102.2174,31.9020, 293.5, 9740,-37.0,-45.7,-42.0, 40, 57, 0.22,325, 5.8
2025-06-11 11:33:46,-102.2174,31.9019, 293.3, 9745,-37.1,-45.8,-42.0, 40, 57, 0.22,325, 5.8
2025-06-11 11:33:47,-102.2173,31.9019, 293.1, 9750,-37.1,-45.8,-42.0, 40, 57, 0.22,324, 5.8
2025-06-11 11:33:48,-102.2173,31.9019, 292.9, 9755,-37.1,-45.8,-42.0, 40, 58, 0.22,323, 5.9
2025-06-11 11:33:49,-102.2173,31.9018, 292.7, 9759,-37.2,-45.8,-42.1, 40, 58, 0.22,322, 5.8
2025-06-11 11:33:50,-102.2172,31.9018, 292.5, 9764,-37.2,-45.9,-42.1, 40, 58, 0.22,321, 5.8
2025-06-11 11:33:51,-102.2172,31.9017, 292.3, 9769,-37.2,-45.9,-42.1, 40, 58, 0.21,320, 5.8
2025-06-11 11:33:52,-102.2172,31.9017, 292.1, 9773,-37.3,-45.9,-42.1, 40, 58, 0.21,319, 5.9
2025-06-11 11:33:53,-102.2171,31.9017, 291.9, 9778,-37.3,-45.9,-42.2, 40, 58, 0.21,318, 5.9
2025-06-11 11:33:54,-102.2171,31.9016, 291.7, 9782,-37.3,-46.0,-42.2, 40, 58, 0.21,318, 5.9
2025-06-11 11:33:55,-102.2170,31.9016, 291.5, 9787,-37.3,-46.0,-42.2, 40, 58, 0.21,317, 5.9
2025-06-11 11:33:56,-102.2170,31.9016, 291.3, 9792,-37.4,-46.1,-42.3, 40, 57, 0.21,316, 5.9
2025-06-11 11:33:57,-102.2169,31.9015, 291.1, 9797,-37.4,-46.1,-42.3, 40, 57, 0.21,315, 5.9
2025-06-11 11:33:58,-102.2169,31.9015, 290.9, 9802,-37.4,-46.1,-42.4, 40, 57, 0.21,314, 5.9
2025-06-11 11:33:59,-102.2168,31.9015, 290.7, 9808,-37.5,-46.2,-42.4, 40, 57, 0.21,313, 5.9
2025-06-11 11:34:00,-102.2167,31.9015, 290.5, 9813,-37.5,-46.2,-42.4, 40, 57, 0.21,313, 5.9
2025-06-11 11:34:01,-102.2167,31.9015, 290.2, 9818,-37.5,-46.3,-42.5, 40, 57, 0.21,312, 5.9
2025-06-11 11:34:02,-102.2166,31.9014, 290.0, 9823,-37.5,-46.3,-42.5, 40, 57, 0.21,311, 6.0
2025-06-11 11:34:03,-102.2166,31.9014, 289.8, 9827,-37.5,-46.3,-42.5, 39, 57, 0.21,310, 6.0
2025-06-11 11:34:04,-102.2165,31.9014, 289.7, 9832,-37.6,-46.3,-42.6, 39, 57, 0.21,309, 6.0
2025-06-11 11:34:05,-102.2164,31.9014, 289.5, 9836,-37.6,-46.4,-42.6, 39, 57, 0.21,309, 6.0
2025-06-11 11:34:06,-102.2164,31.9013, 289.3, 9840,-37.6,-46.5,-42.7, 39, 56, 0.20,308, 6.0
2025-06-11 11:34:07,-102.2163,31.9013, 289.1, 9844,-37.6,-46.6,-42.8, 38, 55, 0.20,307, 6.0
2025-06-11 11:34:08,-102.2163,31.9013, 289.0, 9848,-37.6,-46.8,-43.0, 38, 55, 0.20,306, 6.0
2025-06-11 11:34:09,-102.2162,31.9013, 288.8, 9852,-37.7,-46.9,-43.1, 37, 54, 0.19,305, 6.0
2025-06-11 11:34:10,-102.2162,31.9013, 288.6, 9857,-37.7,-47.1,-43.3, 37, 53, 0.19,305, 6.1
2025-06-11 11:34:11,-102.2161,31.9012, 288.4, 9861,-37.7,-47.3,-43.4, 36, 52, 0.19,304, 6.1
2025-06-11 11:34:12,-102.2160,31.9012, 288.2, 9865,-37.7,-47.4,-43.6, 36, 51, 0.18,303, 6.1
2025-06-11 11:34:13,-102.2160,31.9012, 288.1, 9869,-37.7,-47.6,-43.7, 35, 50, 0.18,302, 6.1
2025-06-11 11:34:14,-102.2159,31.9012, 287.9, 9874,-37.8,-47.8,-43.9, 34, 50, 0.18,301, 6.1
2025-06-11 11:34:15,-102.2159,31.9011, 287.7, 9879,-37.8,-47.9,-44.1, 34, 49, 0.17,301, 6.2
2025-06-11 11:34:16,-102.2158,31.9011, 287.5, 9884,-37.8,-48.1,-44.2, 33, 48, 0.17,300, 6.1
2025-06-11 11:34:17,-102.2158,31.9011, 287.3, 9889,-37.8,-48.3,-44.4, 33, 47, 0.17,299, 6.1
2025-06-11 11:34:18,-102.2157,31.9011, 287.0, 9894,-37.9,-48.5,-44.6, 32, 46, 0.16,298, 6.1
2025-06-11 11:34:19,-102.2156,31.9011, 286.8, 9899,-37.9,-48.7,-44.8, 31, 45, 0.16,297, 6.0
2025-06-11 11:34:20,-102.2156,31.9010, 286.6, 9904,-37.9,-48.9,-45.0, 31, 45, 0.16,296, 6.1
2025-06-11 11:34:21,-102.2155,31.9010, 286.4, 9909,-38.0,-49.0,-45.1, 30, 44, 0.15,295, 6.1
2025-06-11 11:34:22,-102.2155,31.9010, 286.2, 9915,-38.0,-49.1,-45.2, 30, 44, 0.15,294, 6.1
2025-06-11 11:34:23,-102.2154,31.9010, 286.0, 9920,-38.0,-49.2,-45.2, 30, 44, 0.15,293, 6.0
2025-06-11 11:34:24,-102.2153,31.9009, 285.8, 9925,-38.0,-49.2,-45.3, 30, 43, 0.15,292, 6.0
2025-06-11 11:34:25,-102.2153,31.9009, 285.5, 9930,-38.1,-49.3,-45.4, 30, 43, 0.15,291, 6.0
2025-06-11 11:34:26,-102.2152,31.9009, 285.3, 9936,-38.1,-49.3,-45.4, 30, 43, 0.15,290, 6.0
2025-06-11 11:34:27,-102.2152,31.9009, 285.1, 9941,-38.1,-49.4,-45.5, 30, 43, 0.15,289, 6.0
2025-06-11 11:34:28,-102.2151,31.9009, 284.9, 9947,-38.2,-49.5,-45.6, 29, 43, 0.15,288, 6.0
2025-06-11 11:34:29,-102.2151,31.9009, 284.6, 9952,-38.2,-49.6,-45.6, 29, 43, 0.15,287, 6.0
2025-06-11 11:34:30,-102.2150,31.9009, 284.4, 9958,-38.3,-49.6,-45.7, 29, 42, 0.14,286, 5.9
2025-06-11 11:34:31,-102.2149,31.9009, 284.2, 9963,-38.3,-49.7,-45.8, 29, 42, 0.14,285, 5.9
2025-06-11 11:34:32,-102.2149,31.9009, 283.9, 9970,-38.4,-49.8,-45.9, 29, 42, 0.14,283, 5.9
2025-06-11 11:34:33,-102.2148,31.9009, 283.7, 9974,-38.4,-49.8,-45.9, 29, 42, 0.14,283, 5.9
2025-06-11 11:34:34,-102.2148,31.9009, 283.5, 9980,-38.4,-49.8,-45.9, 29, 42, 0.14,282, 5.9
2025-06-11 11:34:35,-102.2147,31.9009, 283.3, 9986,-38.5,-49.8,-45.9, 29, 43, 0.14,281, 5.9
2025-06-11 11:34:36,-102.2146,31.9009, 283.1, 9990,-38.5,-49.8,-45.9, 29, 43, 0.14,280, 5.8
2025-06-11 11:34:37,-102.2146,31.9009, 282.9, 9995,-38.6,-49.8,-45.9, 29, 43, 0.14,279, 5.8
2025-06-11 11:34:38,-102.2145,31.9009, 282.7, 9999,-38.6,-49.8,-45.9, 30, 43, 0.14,279, 5.8
2025-06-11 11:34:39,-102.2145,31.9009, 282.5,10004,-38.7,-49.8,-45.9, 30, 43, 0.14,278, 5.8
2025-06-11 11:34:40,-102.2144,31.9009, 282.4,10008,-38.7,-49.9,-45.9, 30, 43, 0.14,277, 5.8
2025-06-11 11:34:41,-102.2143,31.9009, 282.2,10012,-38.7,-49.9,-45.9, 30, 44, 0.14,277, 5.8
2025-06-11 11:34:42,-102.2143,31.9009, 282.0,10017,-38.8,-49.9,-45.9, 30, 44, 0.14,276, 5.7
2025-06-11 11:34:43,-102.2142,31.9009, 281.8,10021,-38.8,-49.9,-45.9, 30, 44, 0.14,275, 5.7
2025-06-11 11:34:44,-102.2142,31.9009, 281.7,10025,-38.9,-49.9,-45.9, 30, 44, 0.14,275, 5.7
2025-06-11 11:34:45,-102.2141,31.9009, 281.5,10029,-38.9,-49.9,-45.9, 30, 44, 0.14,274, 5.7
2025-06-11 11:34:46,-102.2140,31.9009, 281.3,10033,-39.0,-49.9,-45.9, 31, 45, 0.14,273, 5.7
2025-06-11 11:34:47,-102.2140,31.9009, 281.1,10037,-39.0,-49.9,-46.0, 31, 45, 0.14,272, 5.7
2025-06-11 11:34:48,-102.2139,31.9009, 281.0,10041,-39.0,-49.9,-46.0, 31, 45, 0.14,272, 5.7
2025-06-11 11:34:49,-102.2139,31.9009, 280.8,10046,-39.1,-49.9,-46.0, 31, 45, 0.14,271, 5.7
2025-06-11 11:34:50,-102.2138,31.9009, 280.6,10050,-39.1,-49.9,-46.0, 31, 45, 0.14,270, 5.6
2025-06-11 11:34:51,-102.2137,31.9009, 280.4,10054,-39.2,-49.9,-46.0, 31, 45, 0.14,270, 5.6
2025-06-11 11:34:52,-102.2137,31.9009, 280.2,10059,-39.2,-50.0,-46.0, 31, 45, 0.14,269, 5.6
2025-06-11 11:34:53,-102.2136,31.9009, 280.1,10063,-39.3,-50.0,-46.0, 31, 46, 0.14,268, 5.6
2025-06-11 11:34:54,-102.2136,31.9009, 279.9,10068,-39.3,-50.0,-46.0, 31, 46, 0.14,268, 5.6
2025-06-11 11:34:55,-102.2135,31.9009, 279.7,10073,-39.3,-50.0,-46.1, 31, 46, 0.14,267, 5.6
2025-06-11 11:34:56,-102.2135,31.9009, 279.5,10077,-39.4,-50.0,-46.1, 31, 46, 0.14,267, 5.6
2025-06-11 11:34:57,-102.2134,31.9009, 279.3,10082,-39.4,-50.0,-46.1, 31, 46, 0.14,267, 5.6
2025-06-11 11:34:58,-102.2133,31.9009, 279.1,10087,-39.5,-50.0,-46.1, 32, 46, 0.14,267, 5.6
2025-06-11 11:34:59,-102.2133,31.9009, 278.9,10091,-39.5,-50.1,-46.1, 32, 46, 0.14,267, 5.6
2025-06-11 11:35:00,-102.2132,31.9009, 278.7,10096,-39.6,-50.1,-46.1, 32, 47, 0.14,267, 5.6
2025-06-11 11:35:01,-102.2132,31.9010, 278.5,10101,-39.6,-50.1,-46.2, 32, 47, 0.14,267, 5.5
2025-06-11 11:35:02,-102.2131,31.9010, 278.3,10106,-39.6,-50.1,-46.2, 32, 47, 0.14,267, 5.5
2025-06-11 11:35:03,-102.2130,31.9010, 278.1,10111,-39.7,-50.2,-46.2, 32, 47, 0.14,267, 5.5
2025-06-11 11:35:04,-102.2130,31.9010, 277.9,10116,-39.7,-50.2,-46.2, 32, 47, 0.14,267, 5.5
2025-06-11 11:35:05,-102.2129,31.9010, 277.7,10121,-39.8,-50.2,-46.3, 32, 47, 0.14,267, 5.5
2025-06-11 11:35:06,-102.2129,31.9010, 277.5,10125,-39.8,-50.2,-46.3, 32, 47, 0.14,266, 5.5
2025-06-11 11:35:07,-102.2128,31.9010, 277.3,10130,-39.9,-50.2,-46.3, 32, 47, 0.14,266, 5.5
2025-06-11 11:35:08,-102.2128,31.9010, 277.1,10135,-39.9,-50.3,-46.3, 32, 48, 0.14,266, 5.5
2025-06-11 11:35:09,-102.2127,31.9010, 277.0,10140,-40.0,-50.3,-46.3, 32, 48, 0.14,266, 5.4
2025-06-11 11:35:10,-102.2126,31.9010, 276.8,10144,-40.0,-50.3,-46.4, 32, 48, 0.14,266, 5.4
2025-06-11 11:35:11,-102.2126,31.9010, 276.6,10149,-40.0,-50.3,-46.4, 32, 48, 0.14,266, 5.4
2025-06-11 11:35:12,-102.2125,31.9010, 276.4,10154,-40.1,-50.3,-46.4, 32, 48, 0.14,266, 5.4
2025-06-11 11:35:13,-102.2125,31.9010, 276.2,10158,-40.1,-50.4,-46.4, 33, 48, 0.14,266, 5.4
2025-06-11 11:35:14,-102.2124,31.9010, 276.0,10163,-40.2,-50.4,-46.4, 33, 48, 0.14,266, 5.4
2025-06-11 11:35:15,-102.2123,31.9010, 275.8,10168,-40.2,-50.4,-46.5, 33, 48, 0.14,266, 5.4
2025-06-11 11:35:16,-102.2123,31.9010, 275.6,10173,-40.2,-50.5,-46.5, 33, 48, 0.14,266, 5.4
2025-06-11 11:35:17,-102.2122,31.9010, 275.4,10177,-40.3,-50.5,-46.5, 33, 48, 0.14,265, 5.4
2025-06-11 11:35:18,-102.2122,31.9010, 275.2,10182,-40.3,-50.5,-46.6, 33, 48, 0.14,265, 5.4
2025-06-11 11:35:19,-102.2121,31.9010, 275.0,10187,-40.4,-50.6,-46.6, 33, 48, 0.13,264, 5.5
2025-06-11 11:35:20,-102.2121,31.9011, 274.8,10192,-40.4,-50.6,-46.6, 33, 48, 0.13,264, 5.5
2025-06-11 11:35:21,-102.2120,31.9011, 274.7,10197,-40.4,-50.6,-46.7, 33, 48, 0.13,264, 5.5
2025-06-11 11:35:22,-102.2119,31.9011, 274.5,10202,-40.5,-50.7,-46.7, 33, 48, 0.13,263, 5.6
2025-06-11 11:35:23,-102.2119,31.9011, 274.3,10207,-40.5,-50.7,-46.7, 33, 48, 0.13,263, 5.6
2025-06-11 11:35:24,-102.2118,31.9011, 274.1,10212,-40.6,-50.7,-46.7, 33, 49, 0.13,262, 5.6
2025-06-11 11:35:25,-102.2118,31.9011, 273.9,10216,-40.6,-50.7,-46.8, 33, 49, 0.13,262, 5.6
2025-06-11 11:35:26,-102.2117,31.9011, 273.7,10221,-40.6,-50.8,-46.8, 33, 49, 0.13,261, 5.7
2025-06-11 11:35:27,-102.2116,31.9011, 273.5,10225,-40.7,-50.8,-46.8, 33, 49, 0.13,261, 5.7
2025-06-11 11:35:28,-102.2116,31.9011, 273.3,10230,-40.7,-50.9,-46.9, 33, 48, 0.13,261, 5.7
2025-06-11 11:35:29,-102.2115,31.9012, 273.1,10234,-40.7,-50.9,-47.0, 32, 48, 0.13,260, 5.8
2025-06-11 11:35:30,-102.2115,31.9012, 273.0,10238,-40.8,-51.0,-47.0, 32, 48, 0.13,260, 5.8
2025-06-11 11:35:31,-102.2114,31.9012, 272.8,10243,-40.8,-51.1,-47.1, 32, 48, 0.13,260, 5.8
2025-06-11 11:35:32,-102.2113,31.9012, 272.6,10247,-40.8,-51.1,-47.1, 32, 48, 0.13,259, 5.8
2025-06-11 11:35:33,-102.2113,31.9012, 272.5,10251,-40.9,-51.2,-47.2, 32, 48, 0.13,259, 5.9
2025-06-11 11:35:34,-102.2112,31.9013, 272.3,10256,-40.9,-51.2,-47.3, 32, 48, 0.13,258, 5.9
2025-06-11 11:35:35,-102.2112,31.9013, 272.1,10260,-40.9,-51.3,-47.3, 32, 47, 0.13,258, 5.9
2025-06-11 11:35:36,-102.2111,31.9013, 271.9,10265,-41.0,-51.3,-47.4, 32, 47, 0.12,257, 5.9
2025-06-11 11:35:37,-102.2110,31.9013, 271.8,10269,-41.0,-51.4,-47.4, 32, 47, 0.12,257, 6.0
2025-06-11 11:35:38,-102.2110,31.9013, 271.6,10273,-41.0,-51.5,-47.5, 32, 47, 0.12,256, 6.0
2025-06-11 11:35:39,-102.2109,31.9014, 271.4,10277,-41.1,-51.5,-47.5, 31, 47, 0.12,255, 6.0
2025-06-11 11:35:40,-102.2109,31.9014, 271.3,10281,-41.1,-51.6,-47.6, 31, 47, 0.12,255, 6.0
2025-06-11 11:35:41,-102.2108,31.9014, 271.1,10286,-41.1,-51.7,-47.7, 31, 46, 0.12,254, 6.0
2025-06-11 11:35:42,-102.2107,31.9014, 270.9,10290,-41.1,-51.7,-47.7, 31, 46, 0.12,253, 6.0
2025-06-11 11:35:43,-102.2107,31.9014, 270.7,10294,-41.2,-51.8,-47.8, 31, 46, 0.12,253, 6.0
2025-06-11 11:35:44,-102.2106,31.9015, 270.6,10298,-41.2,-51.9,-47.9, 31, 46, 0.12,252, 6.0
2025-06-11 11:35:45,-102.2106,31.9015, 270.4,10303,-41.2,-52.0,-47.9, 30, 45, 0.12,252, 6.0
2025-06-11 11:35:46,-102.2105,31.9015, 270.3,10307,-41.3,-52.0,-48.0, 30, 45, 0.12,251, 6.0
2025-06-11 11:35:47,-102.2104,31.9015, 270.1,10311,-41.3,-52.1,-48.1, 30, 45, 0.11,250, 6.0
2025-06-11 11:35:48,-102.2104,31.9015, 269.9,10315,-41.3,-52.2,-48.2, 30, 45, 0.11,250, 6.1
2025-06-11 11:35:49,-102.2103,31.9016, 269.8,10319,-41.4,-52.3,-48.2, 30, 44, 0.11,249, 6.1
2025-06-11 11:35:50,-102.2103,31.9016, 269.6,10323,-41.4,-52.3,-48.3, 30, 44, 0.11,248, 6.1
2025-06-11 11:35:51,-102.2102,31.9016, 269.4,10327,-41.4,-52.4,-48.4, 29, 44, 0.11,248, 6.1
2025-06-11 11:35:52,-102.2101,31.9016, 269.3,10331,-41.4,-52.5,-48.5, 29, 44, 0.11,247, 6.1
2025-06-11 11:35:53,-102.2101,31.9016, 269.1,10334,-41.5,-52.6,-48.5, 29, 43, 0.11,247, 6.1
2025-06-11 11:35:54,-102.2100,31.9017, 269.0,10338,-41.5,-52.6,-48.5, 29, 44, 0.11,246, 6.2
2025-06-11 11:35:55,-102.2100,31.9017, 268.8,10343,-41.5,-52.6,-48.6, 29, 44, 0.11,245, 6.2
2025-06-11 11:35:56,-102.2099,31.9017, 268.7,10347,-41.6,-52.6,-48.6, 29, 44, 0.11,246, 6.2
2025-06-11 11:35:57,-102.2098,31.9017, 268.5,10351,-41.6,-52.6,-48.6, 29, 44, 0.11,246, 6.2
2025-06-11 11:35:58,-102.2098,31.9017, 268.3,10355,-41.6,-52.6,-48.6, 29, 44, 0.11,246, 6.2
2025-06-11 11:35:59,-102.2097,31.9018, 268.2,10359,-41.7,-52.6,-48.6, 29, 44, 0.11,246, 6.2
2025-06-11 11:36:00,-102.2096,31.9018, 268.0,10363,-41.7,-52.7,-48.6, 29, 44, 0.11,246, 6.2
2025-06-11 11:36:01,-102.2096,31.9018, 267.8,10367,-41.7,-52.7,-48.6, 29, 44, 0.11,246, 6.2
2025-06-11 11:36:02,-102.2095,31.9018, 267.7,10372,-41.8,-52.7,-48.7, 29, 44, 0.11,247, 6.2
2025-06-11 11:36:03,-102.2095,31.9018, 267.5,10376,-41.8,-52.7,-48.7, 29, 44, 0.11,247, 6.2
2025-06-11 11:36:04,-102.2094,31.9019, 267.3,10380,-41.8,-52.7,-48.7, 30, 44, 0.11,247, 6.2
2025-06-11 11:36:05,-102.2093,31.9019, 267.2,10384,-41.9,-52.7,-48.7, 30, 44, 0.11,247, 6.3
2025-06-11 11:36:06,-102.2093,31.9019, 267.0,10389,-41.9,-52.8,-48.7, 30, 44, 0.11,247, 6.3
2025-06-11 11:36:07,-102.2092,31.9019, 266.8,10393,-41.9,-52.8,-48.7, 30, 45, 0.11,247, 6.3
2025-06-11 11:36:08,-102.2091,31.9019, 266.7,10397,-42.0,-52.7,-48.7, 30, 45, 0.11,248, 6.3
2025-06-11 11:36:09,-102.2091,31.9020, 266.5,10402,-42.0,-52.7,-48.7, 30, 45, 0.11,248, 6.3
2025-06-11 11:36:10,-102.2090,31.9020, 266.3,10406,-42.0,-52.7,-48.7, 30, 45, 0.11,248, 6.3
2025-06-11 11:36:11,-102.2089,31.9020, 266.1,10410,-42.1,-52.7,-48.7, 30, 46, 0.11,248, 6.3
2025-06-11 11:36:12,-102.2089,31.9020, 266.0,10415,-42.1,-52.7,-48.7, 30, 46, 0.11,248, 6.3
2025-06-11 11:36:13,-102.2088,31.9020, 265.8,10419,-42.1,-52.7,-48.6, 31, 46, 0.11,248, 6.3
2025-06-11 11:36:14,-102.2088,31.9021, 265.6,10424,-42.2,-52.7,-48.6, 31, 46, 0.11,248, 6.3
2025-06-11 11:36:15,-102.2087,31.9021, 265.4,10428,-42.2,-52.7,-48.6, 31, 47, 0.11,249, 6.4
2025-06-11 11:36:16,-102.2086,31.9021, 265.3,10433,-42.2,-52.6,-48.6, 31, 47, 0.11,249, 6.3
2025-06-11 11:36:17,-102.2086,31.9021, 265.1,10437,-42.3,-52.6,-48.6, 31, 47, 0.11,249, 6.3
2025-06-11 11:36:18,-102.2085,31.9021, 264.9,10441,-42.3,-52.6,-48.6, 31, 47, 0.11,250, 6.3
2025-06-11 11:36:19,-102.2084,31.9021, 264.8,10446,-42.3,-52.6,-48.6, 32, 48, 0.11,250, 6.3
2025-06-11 11:36:20,-102.2084,31.9022, 264.6,10450,-42.4,-52.6,-48.6, 32, 48, 0.11,250, 6.3
2025-06-11 11:36:21,-102.2083,31.9022, 264.4,10454,-42.4,-52.7,-48.6, 32, 48, 0.11,251, 6.3
2025-06-11 11:36:22,-102.2083,31.9022, 264.3,10458,-42.4,-52.7,-48.7, 32, 48, 0.11,251, 6.3
2025-06-11 11:36:23,-102.2082,31.9022, 264.1,10462,-42.5,-52.7,-48.7, 32, 48, 0.11,251, 6.3
2025-06-11 11:36:24,-102.2081,31.9022, 263.9,10466,-42.5,-52.7,-48.7, 32, 48, 0.11,252, 6.3
2025-06-11 11:36:25,-102.2081,31.9023, 263.8,10471,-42.6,-52.8,-48.7, 32, 48, 0.11,252, 6.3
2025-06-11 11:36:26,-102.2080,31.9023, 263.6,10475,-42.6,-52.8,-48.8, 32, 48, 0.11,253, 6.3
2025-06-11 11:36:27,-102.2079,31.9023, 263.4,10479,-42.6,-52.8,-48.8, 32, 48, 0.11,253, 6.3
2025-06-11 11:36:28,-102.2079,31.9023, 263.3,10483,-42.7,-52.9,-48.8, 32, 48, 0.11,253, 6.3
2025-06-11 11:36:29,-102.2078,31.9023, 263.1,10488,-42.7,-52.9,-48.9, 32, 48, 0.11,254, 6.3
2025-06-11 11:36:30,-102.2077,31.9023, 262.9,10492,-42.7,-52.9,-48.9, 32, 48, 0.11,254, 6.3
2025-06-11 11:36:31,-102.2077,31.9023, 262.8,10497,-42.8,-53.0,-48.9, 32, 48, 0.11,254, 6.3
2025-06-11 11:36:32,-102.2076,31.9023, 262.6,10501,-42.8,-53.0,-49.0, 32, 48, 0.11,255, 6.3
2025-06-11 11:36:33,-102.2075,31.9023, 262.4,10506,-42.9,-53.0,-49.0, 32, 48, 0.11,255, 6.3
2025-06-11 11:36:34,-102.2075,31.9023, 262.2,10510,-42.9,-53.1,-49.0, 32, 48, 0.11,255, 6.3
2025-06-11 11:36:35,-102.2074,31.9024, 262.1,10515,-42.9,-53.1,-49.1, 32, 48, 0.10,256, 6.3
2025-06-11 11:36:36,-102.2073,31.9024, 261.9,10519,-43.0,-53.1,-49.1, 32, 48, 0.10,256, 6.3
2025-06-11 11:36:37,-102.2073,31.9024, 261.7,10524,-43.0,-53.2,-49.1, 32, 48, 0.10,256, 6.3
2025-06-11 11:36:38,-102.2072,31.9024, 261.5,10529,-43.1,-53.2,-49.2, 32, 48, 0.10,257, 6.3
2025-06-11 11:36:39,-102.2071,31.9024, 261.3,10533,-43.1,-53.3,-49.2, 32, 48, 0.10,257, 6.3
2025-06-11 11:36:40,-102.2071,31.9024, 261.2,10538,-43.1,-53.3,-49.2, 32, 48, 0.10,257, 6.3
2025-06-11 11:36:41,-102.2070,31.9024, 261.0,10542,-43.2,-53.3,-49.3, 32, 48, 0.10,257, 6.3
2025-06-11 11:36:42,-102.2069,31.9024, 260.8,10547,-43.2,-53.4,-49.3, 32, 48, 0.10,258, 6.3
2025-06-11 11:36:43,-102.2069,31.9024, 260.6,10551,-43.3,-53.4,-49.4, 32, 48, 0.10,258, 6.4
2025-06-11 11:36:44,-102.2068,31.9025, 260.5,10556,-43.3,-53.4,-49.4, 32, 48, 0.10,258, 6.4
2025-06-11 11:36:45,-102.2067,31.9025, 260.3,10560,-43.3,-53.5,-49.4, 32, 48, 0.10,259, 6.4
2025-06-11 11:36:46,-102.2066,31.9025, 260.1,10564,-43.4,-53.5,-49.5, 32, 48, 0.10,259, 6.4
2025-06-11 11:36:47,-102.2066,31.9025, 260.0,10569,-43.4,-53.6,-49.5, 32, 48, 0.10,259, 6.4
2025-06-11 11:36:48,-102.2065,31.9025, 259.8,10573,-43.5,-53.6,-49.6, 32, 48, 0.10,259, 6.4
2025-06-11 11:36:49,-102.2064,31.9025, 259.6,10577,-43.5,-53.7,-49.6, 32, 48, 0.10,260, 6.4
2025-06-11 11:36:50,-102.2064,31.9025, 259.5,10582,-43.6,-53.8,-49.7, 31, 48, 0.10,260, 6.4
2025-06-11 11:36:51,-102.2063,31.9025, 259.3,10587,-43.6,-53.8,-49.8, 31, 48, 0.10,260, 6.5
2025-06-11 11:36:52,-102.2062,31.9025, 259.1,10591,-43.6,-53.9,-49.8, 31, 48, 0.10,261, 6.5
2025-06-11 11:36:53,-102.2062,31.9025, 258.9,10596,-43.7,-53.9,-49.9, 31, 48, 0.10,261, 6.5
2025-06-11 11:36:54,-102.2061,31.9026, 258.7,10600,-43.7,-54.0,-49.9, 31, 47, 0.10,261, 6.5
2025-06-11 11:36:55,-102.2060,31.9026, 258.6,10605,-43.8,-54.1,-50.0, 31, 47, 0.09,261, 6.5
2025-06-11 11:36:56,-102.2060,31.9026, 258.4,10609,-43.8,-54.1,-50.1, 31, 47, 0.09,261, 6.5
2025-06-11 11:36:57,-102.2059,31.9026, 258.2,10614,-43.8,-54.2,-50.1, 31, 47, 0.09,261, 6.6
2025-06-11 11:36:58,-102.2058,31.9026, 258.1,10618,-43.9,-54.2,-50.2, 31, 47, 0.09,261, 6.6
2025-06-11 11:36:59,-102.2057,31.9026, 257.9,10623,-43.9,-54.3,-50.2, 31, 47, 0.09,260, 6.7
2025-06-11 11:37:00,-102.2056,31.9026, 257.7,10627,-44.0,-54.4,-50.3, 31, 47, 0.09,260, 6.7
2025-06-11 11:37:01,-102.2056,31.9027, 257.5,10632,-44.0,-54.4,-50.3, 30, 47, 0.09,260, 6.8
2025-06-11 11:37:02,-102.2055,31.9027, 257.4,10636,-44.0,-54.5,-50.4, 30, 47, 0.09,259, 6.8
2025-06-11 11:37:03,-102.2054,31.9027, 257.2,10641,-44.1,-54.5,-50.4, 30, 46, 0.09,259, 6.8
2025-06-11 11:37:04,-102.2053,31.9027, 257.0,10646,-44.1,-54.6,-50.5, 30, 46, 0.09,259, 6.9
2025-06-11 11:37:05,-102.2053,31.9027, 256.8,10650,-44.2,-54.7,-50.6, 30, 46, 0.09,259, 6.9
2025-06-11 11:37:06,-102.2052,31.9027, 256.6,10655,-44.2,-54.7,-50.6, 30, 46, 0.09,258, 7.0
2025-06-11 11:37:07,-102.2051,31.9027, 256.5,10660,-44.2,-54.8,-50.7, 30, 46, 0.09,258, 7.0
2025-06-11 11:37:08,-102.2050,31.9028, 256.3,10664,-44.3,-54.8,-50.7, 30, 46, 0.09,258, 7.1
2025-06-11 11:37:09,-102.2049,31.9028, 256.1,10669,-44.3,-54.9,-50.8, 30, 46, 0.09,258, 7.1
2025-06-11 11:37:10,-102.2049,31.9028, 256.0,10673,-44.3,-54.9,-50.8, 30, 46, 0.09,257, 7.1
2025-06-11 11:37:11,-102.2048,31.9028, 255.8,10678,-44.4,-55.0,-50.9, 30, 46, 0.09,257, 7.2
2025-06-11 11:37:12,-102.2047,31.9028, 255.6,10682,-44.4,-55.0,-50.9, 30, 45, 0.09,257, 7.2
2025-06-11 11:37:13,-102.2046,31.9028, 255.4,10686,-44.4,-55.1,-51.0, 29, 45, 0.08,257, 7.3
2025-06-11 11:37:14,-102.2046,31.9028, 255.3,10691,-44.5,-55.2,-51.1, 29, 45, 0.08,256, 7.3
2025-06-11 11:37:15,-102.2045,31.9029, 255.1,10695,-44.5,-55.3,-51.1, 29, 45, 0.08,256, 7.4
2025-06-11 11:37:16,-102.2044,31.9029, 255.0,10699,-44.5,-55.3,-51.2, 29, 44, 0.08,257, 7.4
2025-06-11 11:37:17,-102.2043,31.9029, 254.8,10704,-44.6,-55.4,-51.3, 29, 44, 0.08,257, 7.5
2025-06-11 11:37:18,-102.2042,31.9029, 254.6,10708,-44.6,-55.5,-51.4, 28, 44, 0.08,257, 7.5
2025-06-11 11:37:19,-102.2042,31.9029, 254.5,10712,-44.6,-55.6,-51.5, 28, 43, 0.08,257, 7.5
2025-06-11 11:37:20,-102.2041,31.9029, 254.3,10716,-44.6,-55.7,-51.6, 28, 43, 0.08,257, 7.6
2025-06-11 11:37:21,-102.2040,31.9030, 254.2,10720,-44.7,-55.8,-51.6, 28, 43, 0.08,258, 7.6
2025-06-11 11:37:22,-102.2039,31.9030, 254.0,10724,-44.7,-55.9,-51.7, 28, 43, 0.08,258, 7.7
2025-06-11 11:37:23,-102.2038,31.9030, 253.8,10729,-44.7,-55.9,-51.8, 27, 42, 0.08,258, 7.7
2025-06-11 11:37:24,-102.2038,31.9030, 253.7,10733,-44.8,-56.0,-51.9, 27, 42, 0.08,258, 7.8
2025-06-11 11:37:25,-102.2037,31.9030, 253.5,10737,-44.8,-56.1,-52.0, 27, 42, 0.08,259, 7.8
2025-06-11 11:37:26,-102.2036,31.9030, 253.4,10741,-44.8,-56.2,-52.1, 27, 41, 0.07,259, 7.9
2025-06-11 11:37:27,-102.2035,31.9030, 253.2,10745,-44.8,-56.3,-52.2, 27, 41, 0.07,259, 7.9
2025-06-11 11:37:28,-102.2034,31.9030, 253.1,10749,-44.9,-56.4,-52.2, 26, 41, 0.07,259, 8.0
2025-06-11 11:37:29,-102.2033,31.9031, 252.9,10753,-44.9,-56.5,-52.3, 26, 40, 0.07,259, 8.0
2025-06-11 11:37:30,-102.2032,31.9031, 252.8,10757,-44.9,-56.6,-52.4, 26, 40, 0.07,260, 8.1
2025-06-11 11:37:31,-102.2031,31.9031, 252.6,10761,-45.0,-56.7,-52.5, 26, 40, 0.07,260, 8.1
2025-06-11 11:37:32,-102.2030,31.9031, 252.5,10765,-45.0,-56.8,-52.6, 26, 39, 0.07,260, 8.1
2025-06-11 11:37:33,-102.2029,31.9031, 252.3,10769,-45.0,-56.9,-52.7, 25, 39, 0.07,260, 8.2
2025-06-11 11:37:34,-102.2028,31.9031, 252.2,10773,-45.0,-57.0,-52.8, 25, 39, 0.07,261, 8.2
2025-06-11 11:37:35,-102.2027,31.9031, 252.0,10777,-45.1,-57.1,-52.9, 25, 38, 0.07,261, 8.3
2025-06-11 11:37:36,-102.2026,31.9031, 251.9,10781,-45.1,-57.2,-53.0, 25, 38, 0.07,261, 8.3
2025-06-11 11:37:37,-102.2025,31.9031, 251.7,10785,-45.1,-57.3,-53.1, 24, 38, 0.07,261, 8.4
2025-06-11 11:37:38,-102.2024,31.9032, 251.6,10789,-45.2,-57.4,-53.2, 24, 37, 0.07,261, 8.5
2025-06-11 11:37:39,-102.2024,31.9032, 251.4,10793,-45.2,-57.5,-53.3, 24, 37, 0.06,261, 8.5
2025-06-11 11:37:40,-102.2023,31.9032, 251.3,10797,-45.2,-57.6,-53.4, 24, 37, 0.06,261, 8.6
2025-06-11 11:37:41,-102.2022,31.9032, 251.1,10801,-45.3,-57.7,-53.5, 23, 36, 0.06,261, 8.6
2025-06-11 11:37:42,-102.2021,31.9032, 251.0,10805,-45.3,-57.8,-53.6, 23, 36, 0.06,261, 8.7
2025-06-11 11:37:43,-102.2020,31.9032, 250.8,10809,-45.3,-57.9,-53.7, 23, 36, 0.06,261, 8.7
2025-06-11 11:37:44,-102.2019,31.9032, 250.7,10813,-45.3,-58.0,-53.8, 23, 35, 0.06,262, 8.8
2025-06-11 11:37:45,-102.2018,31.9032, 250.5,10817,-45.4,-58.1,-53.9, 23, 35, 0.06,262, 8.8
2025-06-11 11:37:46,-102.2017,31.9032, 250.4,10821,-45.4,-58.2,-54.0, 22, 35, 0.06,262, 8.9
2025-06-11 11:37:47,-102.2016,31.9033, 250.2,10825,-45.4,-58.3,-54.1, 22, 34, 0.06,262, 9.0
2025-06-11 11:37:48,-102.2015,31.9033, 250.0,10830,-45.5,-58.4,-54.2, 22, 34, 0.06,262, 9.0
2025-06-11 11:37:49,-102.2014,31.9033, 249.9,10833,-45.5,-58.5,-54.3, 22, 34, 0.06,262, 9.1
2025-06-11 11:37:50,-102.2013,31.9033, 249.7,10837,-45.5,-58.6,-54.4, 22, 33, 0.06,262, 9.1
2025-06-11 11:37:51,-102.2012,31.9033, 249.6,10842,-45.5,-58.7,-54.5, 21, 33, 0.06,262, 9.2
2025-06-11 11:37:52,-102.2011,31.9033, 249.4,10845,-45.5,-58.8,-54.6, 21, 33, 0.06,262, 9.2
2025-06-11 11:37:53,-102.2010,31.9033, 249.3,10849,-45.6,-58.9,-54.7, 21, 32, 0.05,262, 9.3
2025-06-11 11:37:54,-102.2009,31.9033, 249.1,10853,-45.6,-59.0,-54.8, 21, 32, 0.05,262, 9.3
2025-06-11 11:37:55,-102.2008,31.9033, 249.0,10857,-45.6,-59.1,-54.9, 20, 32, 0.05,262, 9.4
2025-06-11 11:37:56,-102.2007,31.9034, 248.9,10861,-45.6,-59.2,-55.0, 20, 31, 0.05,262, 9.4
2025-06-11 11:37:57,-102.2006,31.9034, 248.7,10865,-45.7,-59.4,-55.2, 20, 31, 0.05,262, 9.5
2025-06-11 11:37:58,-102.2005,31.9034, 248.6,10869,-45.7,-59.5,-55.3, 20, 30, 0.05,262, 9.5
2025-06-11 11:37:59,-102.2004,31.9034, 248.4,10873,-45.7,-59.6,-55.4, 19, 30, 0.05,262, 9.5
2025-06-11 11:38:00,-102.2003,31.9035, 248.3,10877,-45.7,-59.7,-55.5, 19, 30, 0.05,261, 9.6
2025-06-11 11:38:01,-102.2002,31.9035, 248.1,10881,-45.7,-59.9,-55.7, 19, 29, 0.05,261, 9.6
2025-06-11 11:38:02,-102.2001,31.9035, 248.0,10885,-45.8,-60.0,-55.8, 18, 29, 0.05,261, 9.6
2025-06-11 11:38:03,-102.2000,31.9035, 247.8,10889,-45.8,-60.1,-55.9, 18, 28, 0.05,261, 9.7
2025-06-11 11:38:04,-102.1999,31.9036, 247.7,10893,-45.8,-60.2,-56.0, 18, 28, 0.05,261, 9.7
2025-06-11 11:38:05,-102.1998,31.9036, 247.5,10897,-45.8,-60.3,-56.1, 18, 28, 0.05,261, 9.8
2025-06-11 11:38:06,-102.1997,31.9036, 247.3,10901,-45.8,-60.5,-56.3, 17, 27, 0.04,260, 9.8
2025-06-11 11:38:07,-102.1996,31.9036, 247.2,10905,-45.8,-60.6,-56.4, 17, 27, 0.04,260, 9.8
2025-06-11 11:38:08,-102.1995,31.9037, 247.0,10910,-45.8,-60.7,-56.5, 17, 26, 0.04,260, 9.9
2025-06-11 11:38:09,-102.1994,31.9037, 246.9,10914,-45.8,-60.8,-56.6, 17, 26, 0.04,260, 9.9
2025-06-11 11:38:10,-102.1993,31.9037, 246.7,10918,-45.8,-61.0,-56.7, 16, 25, 0.04,260, 9.9
2025-06-11 11:38:11,-102.1992,31.9037, 246.6,10923,-45.8,-61.1,-56.9, 16, 25, 0.04,260,10.0
2025-06-11 11:38:12,-102.1991,31.9038, 246.4,10927,-45.8,-61.2,-57.0, 16, 25, 0.04,259,10.0
2025-06-11 11:38:13,-102.1990,31.9038, 246.2,10931,-45.8,-61.4,-57.1, 16, 24, 0.04,259,10.0
2025-06-11 11:38:14,-102.1989,31.9038, 246.1,10935,-45.8,-61.5,-57.3, 15, 24, 0.04,259,10.1
2025-06-11 11:38:15,-102.1988,31.9038, 245.9,10940,-45.8,-61.7,-57.4, 15, 23, 0.04,259,10.1
2025-06-11 11:38:16,-102.1987,31.9039, 245.8,10943,-45.8,-61.8,-57.5, 15, 23, 0.04,258,10.1
2025-06-11 11:38:17,-102.1986,31.9039, 245.6,10948,-45.8,-61.9,-57.7, 15, 23, 0.04,257,10.1
2025-06-11 11:38:18,-102.1985,31.9039, 245.5,10952,-45.8,-62.1,-57.8, 14, 22, 0.04,257,10.0
2025-06-11 11:38:19,-102.1984,31.9039, 245.3,10956,-45.8,-62.2,-58.0, 14, 22, 0.04,256,10.0
2025-06-11 11:38:20,-102.1983,31.9040, 245.2,10960,-45.8,-62.4,-58.1, 14, 21, 0.04,255,10.0
2025-06-11 11:38:21,-102.1982,31.9040, 245.0,10965,-45.8,-62.5,-58.3, 13, 21, 0.03,254,10.0
2025-06-11 11:38:22,-102.1981,31.9040, 244.8,10970,-45.8,-62.7,-58.4, 13, 21, 0.03,253,10.0
2025-06-11 11:38:23,-102.1980,31.9040, 244.7,10974,-45.8,-62.8,-58.6, 13, 20, 0.03,253, 9.9
2025-06-11 11:38:24,-102.1979,31.9041, 244.5,10979,-45.8,-63.0,-58.7, 13, 20, 0.03,252, 9.9
2025-06-11 11:38:25,-102.1978,31.9041, 244.3,10983,-45.8,-63.1,-58.9, 12, 19, 0.03,251, 9.9
2025-06-11 11:38:26,-102.1977,31.9041, 244.2,10987,-45.8,-63.3,-59.0, 12, 19, 0.03,250, 9.9
2025-06-11 11:38:27,-102.1976,31.9042, 244.0,10991,-45.8,-63.5,-59.2, 12, 18, 0.03,250, 9.9
2025-06-11 11:38:28,-102.1975,31.9042, 243.9,10995,-45.8,-63.7,-59.4, 12, 18, 0.03,249, 9.9
2025-06-11 11:38:29,-102.1974,31.9043, 243.7,10999,-45.8,-63.8,-59.6, 11, 18, 0.03,248, 9.9
2025-06-11 11:38:30,-102.1973,31.9043, 243.6,11003,-45.9,-64.0,-59.8, 11, 17, 0.03,247, 9.9
2025-06-11 11:38:31,-102.1972,31.9044, 243.5,11007,-45.9,-64.2,-60.0, 11, 17, 0.03,246, 9.9
2025-06-11 11:38:32,-102.1972,31.9045, 243.3,11011,-45.9,-64.4,-60.2, 10, 16, 0.03,246, 9.9
2025-06-11 11:38:33,-102.1971,31.9045, 243.2,11015,-45.9,-64.6,-60.4, 10, 16, 0.03,245, 9.9
2025-06-11 11:38:34,-102.1970,31.9046, 243.0,11020,-45.9,-64.7,-60.4, 10, 16, 0.03,244, 9.9
2025-06-11 11:38:35,-102.1969,31.9046, 242.8,11024,-45.9,-64.7,-60.5, 10, 16, 0.03,243, 9.9
2025-06-11 11:38:36,-102.1968,31.9047, 242.7,11028,-46.0,-64.8,-60.5, 10, 16, 0.03,243, 9.9
2025-06-11 11:38:37,-102.1967,31.9047, 242.5,11032,-46.0,-64.8,-60.5, 10, 16, 0.03,242,10.0
2025-06-11 11:38:38,-102.1966,31.9048, 242.4,11036,-46.0,-64.8,-60.5, 10, 16, 0.03,242,10.0
2025-06-11 11:38:39,-102.1965,31.9048, 242.2,11040,-46.0,-64.8,-60.5, 10, 16, 0.03,241,10.0
2025-06-11 11:38:40,-102.1964,31.9049, 242.1,11045,-46.0,-64.8,-60.5, 10, 16, 0.03,240,10.1
2025-06-11 11:38:41,-102.1964,31.9049, 241.9,11049,-46.0,-64.8,-60.6, 10, 16, 0.03,240,10.1
2025-06-11 11:38:42,-102.1963,31.9050, 241.8,11053,-46.0,-64.9,-60.6, 10, 16, 0.03,239,10.1
2025-06-11 11:38:43,-102.1962,31.9051, 241.6,11057,-46.1,-64.9,-60.6, 10, 16, 0.03,239,10.2
2025-06-11 11:38:44,-102.1961,31.9051, 241.5,11061,-46.1,-64.9,-60.6, 10, 16, 0.03,238,10.2
2025-06-11 11:38:45,-102.1960,31.9052, 241.4,11065,-46.1,-65.0,-60.7, 10, 16, 0.03,238,10.2
2025-06-11 11:38:46,-102.1959,31.9052, 241.2,11068,-46.2,-65.0,-60.7, 10, 16, 0.03,237,10.3
2025-06-11 11:38:47,-102.1958,31.9053, 241.1,11071,-46.2,-65.0,-60.7, 10, 16, 0.03,237,10.3
2025-06-11 11:38:48,-102.1957,31.9053, 240.9,11076,-46.2,-65.0,-60.7, 10, 16, 0.03,236,10.3
2025-06-11 11:38:49,-102.1956,31.9054, 240.8,11080,-46.2,-65.0,-60.7, 10, 16, 0.03,236,10.4
2025-06-11 11:38:50,-102.1955,31.9054, 240.7,11083,-46.3,-65.0,-60.7, 10, 16, 0.03,235,10.4
2025-06-11 11:38:51,-102.1955,31.9055, 240.5,11087,-46.3,-65.0,-60.7, 10, 16, 0.03,235,10.4
2025-06-11 11:38:52,-102.1954,31.9055, 240.4,11090,-46.3,-65.0,-60.7, 10, 16, 0.03,234,10.5
2025-06-11 11:38:53,-102.1953,31.9056, 240.3,11094,-46.4,-65.0,-60.7, 10, 16, 0.03,234,10.5
2025-06-11 11:38:54,-102.1952,31.9056, 240.2,11098,-46.4,-65.0,-60.7, 10, 16, 0.03,233,10.6
2025-06-11 11:38:55,-102.1951,31.9057, 240.0,11101,-46.4,-65.0,-60.7, 10, 16, 0.03,233,10.6
2025-06-11 11:38:56,-102.1950,31.9058, 239.9,11105,-46.4,-65.0,-60.7, 10, 16, 0.03,233,10.6
2025-06-11 11:38:57,-102.1949,31.9058, 239.8,11108,-46.5,-65.0,-60.7, 10, 16, 0.03,233,10.6
2025-06-11 11:38:58,-102.1948,31.9059, 239.6,11112,-46.5,-65.0,-60.7, 10, 16, 0.03,233,10.6
2025-06-11 11:38:59,-102.1947,31.9059, 239.5,11116,-46.5,-65.0,-60.7, 10, 16, 0.03,233,10.6
2025-06-11 11:39:00,-102.1947,31.9060, 239.3,11120,-46.6,-65.0,-60.7, 10, 16, 0.03,233,10.6
2025-06-11 11:39:01,-102.1946,31.9060, 239.2,11124,-46.6,-65.0,-60.7, 10, 16, 0.03,233,10.6
2025-06-11 11:39:02,-102.1945,31.9061, 239.1,11128,-46.6,-65.0,-60.8, 11, 16, 0.03,233,10.6
2025-06-11 11:39:03,-102.1944,31.9061, 238.9,11132,-46.7,-65.1,-60.8, 11, 16, 0.03,233,10.6
2025-06-11 11:39:04,-102.1943,31.9062, 238.8,11136,-46.7,-65.1,-60.8, 11, 16, 0.03,233,10.6
2025-06-11 11:39:05,-102.1942,31.9063, 238.7,11139,-46.7,-65.1,-60.8, 11, 17, 0.03,233,10.6
2025-06-11 11:39:06,-102.1941,31.9063, 238.5,11143,-46.8,-65.1,-60.8, 11, 17, 0.03,233,10.6
2025-06-11 11:39:07,-102.1940,31.9064, 238.4,11146,-46.8,-65.1,-60.8, 11, 17, 0.03,233,10.6
2025-06-11 11:39:08,-102.1939,31.9064, 238.3,11150,-46.8,-65.1,-60.9, 11, 17, 0.03,233,10.6
2025-06-11 11:39:09,-102.1938,31.9065, 238.1,11154,-46.9,-65.2,-60.9, 11, 17, 0.03,233,10.6
2025-06-11 11:39:10,-102.1938,31.9065, 238.0,11157,-46.9,-65.2,-60.9, 11, 17, 0.02,233,10.6
2025-06-11 11:39:11,-102.1937,31.9066, 237.9,11161,-46.9,-65.2,-60.9, 11, 17, 0.02,233,10.6
2025-06-11 11:39:12,-102.1936,31.9066, 237.7,11165,-47.0,-65.2,-60.9, 11, 17, 0.02,233,10.6
2025-06-11 11:39:13,-102.1935,31.9067, 237.6,11168,-47.0,-65.2,-60.9, 11, 17, 0.02,233,10.6
2025-06-11 11:39:14,-102.1934,31.9068, 237.5,11172,-47.0,-65.3,-61.0, 11, 17, 0.02,233,10.6
2025-06-11 11:39:15,-102.1933,31.9068, 237.4,11175,-47.1,-65.3,-61.0, 11, 17, 0.02,233,10.6
2025-06-11 11:39:16,-102.1932,31.9069, 237.2,11179,-47.1,-65.3,-61.0, 11, 17, 0.02,233,10.6
2025-06-11 11:39:17,-102.1931,31.9069, 237.1,11183,-47.1,-65.3,-61.0, 11, 17, 0.02,234,10.6
2025-06-11 11:39:18,-102.1930,31.9070, 237.0,11186,-47.2,-65.3,-61.1, 11, 17, 0.02,234,10.6
2025-06-11 11:39:19,-102.1929,31.9070, 236.8,11190,-47.2,-65.4,-61.1, 11, 17, 0.02,234,10.5
2025-06-11 11:39:20,-102.1929,31.9071, 236.7,11194,-47.2,-65.4,-61.1, 11, 17, 0.02,234,10.5
2025-06-11 11:39:21,-102.1928,31.9071, 236.6,11197,-47.3,-65.4,-61.1, 11, 17, 0.02,234,10.5
2025-06-11 11:39:22,-102.1927,31.9072, 236.4,11201,-47.3,-65.4,-61.1, 11, 17, 0.02,234,10.5
2025-06-11 11:39:23,-102.1926,31.9073, 236.3,11205,-47.3,-65.5,-61.2, 11, 17, 0.02,234,10.5
2025-06-11 11:39:24,-102.1925,31.9073, 236.2,11209,-47.4,-65.5,-61.2, 11, 17, 0.02,234,10.5
2025-06-11 11:39:25,-102.1924,31.9074, 236.0,11212,-47.4,-65.5,-61.2, 11, 17, 0.02,235,10.5
2025-06-11 11:39:26,-102.1923,31.9074, 235.9,11216,-47.4,-65.5,-61.2, 11, 17, 0.02,235,10.5
2025-06-11 11:39:27,-102.1922,31.9075, 235.8,11220,-47.5,-65.5,-61.3, 11, 17, 0.02,235,10.5
2025-06-11 11:39:28,-102.1921,31.9075, 235.6,11224,-47.5,-65.6,-61.3, 11, 17, 0.02,235,10.4
2025-06-11 11:39:29,-102.1920,31.9076, 235.5,11228,-47.5,-65.6,-61.3, 11, 17, 0.02,235,10.4
2025-06-11 11:39:30,-102.1919,31.9076, 235.3,11232,-47.6,-65.6,-61.3, 11, 17, 0.02,235,10.4
2025-06-11 11:39:31,-102.1919,31.9077, 235.2,11236,-47.6,-65.6,-61.3, 11, 17, 0.02,235,10.4
2025-06-11 11:39:32,-102.1918,31.9077, 235.0,11240,-47.6,-65.6,-61.3, 11, 17, 0.02,236,10.4
2025-06-11 11:39:33,-102.1917,31.9078, 234.9,11244,-47.6,-65.7,-61.4, 11, 17, 0.02,236,10.4
2025-06-11 11:39:34,-102.1916,31.9078, 234.8,11248,-47.7,-65.7,-61.4, 11, 17, 0.02,236,10.4
2025-06-11 11:39:35,-102.1915,31.9079, 234.6,11252,-47.7,-65.7,-61.4, 11, 17, 0.02,236,10.4
2025-06-11 11:39:36,-102.1914,31.9080, 234.5,11256,-47.7,-65.7,-61.4, 11, 17, 0.02,236,10.4
2025-06-11 11:39:37,-102.1913,31.9080, 234.3,11260,-47.8,-65.7,-61.4, 11, 17, 0.02,236,10.4
2025-06-11 11:39:38,-102.1912,31.9081, 234.2,11264,-47.8,-65.7,-61.4, 11, 17, 0.02,236,10.4
2025-06-11 11:39:39,-102.1911,31.9081, 234.1,11268,-47.8,-65.7,-61.5, 11, 17, 0.02,236,10.4
2025-06-11 11:39:40,-102.1910,31.9082, 233.9,11272,-47.8,-65.8,-61.5, 11, 17, 0.02,236,10.5
2025-06-11 11:39:41,-102.1909,31.9082, 233.8,11276,-47.9,-65.8,-61.5, 11, 17, 0.02,236,10.5
2025-06-11 11:39:42,-102.1908,31.9083, 233.6,11280,-47.9,-65.8,-61.5, 11, 17, 0.02,236,10.5
2025-06-11 11:39:43,-102.1907,31.9083, 233.5,11284,-47.9,-65.8,-61.5, 11, 17, 0.02,236,10.5
2025-06-11 11:39:44,-102.1907,31.9084, 233.4,11287,-47.9,-65.8,-61.5, 11, 17, 0.02,236,10.5
2025-06-11 11:39:45,-102.1906,31.9084, 233.2,11291,-48.0,-65.8,-61.6, 11, 17, 0.02,236,10.5
2025-06-11 11:39:46,-102.1905,31.9085, 233.1,11294,-48.0,-65.9,-61.6, 11, 17, 0.02,236,10.5
2025-06-11 11:39:47,-102.1904,31.9086, 233.0,11298,-48.0,-65.9,-61.6, 11, 17, 0.02,236,10.6
2025-06-11 11:39:48,-102.1903,31.9086, 232.9,11302,-48.0,-65.9,-61.6, 11, 17, 0.02,236,10.6
2025-06-11 11:39:49,-102.1902,31.9087, 232.7,11305,-48.1,-65.9,-61.6, 11, 17, 0.02,236,10.6
2025-06-11 11:39:50,-102.1901,31.9087, 232.6,11309,-48.1,-65.9,-61.6, 11, 17, 0.02,236,10.6
2025-06-11 11:39:51,-102.1900,31.9088, 232.5,11313,-48.1,-65.9,-61.6, 11, 17, 0.02,235,10.6
2025-06-11 11:39:52,-102.1899,31.9088, 232.3,11317,-48.1,-65.9,-61.7, 11, 17, 0.02,235,10.6
2025-06-11 11:39:53,-102.1898,31.9089, 232.2,11321,-48.1,-66.0,-61.7, 11, 17, 0.02,235,10.7
2025-06-11 11:39:54,-102.1897,31.9089, 232.1,11324,-48.2,-66.0,-61.7, 11, 17, 0.02,235,10.7
2025-06-11 11:39:55,-102.1896,31.9090, 231.9,11328,-48.2,-66.0,-61.7, 11, 17, 0.02,235,10.7
2025-06-11 11:39:56,-102.1896,31.9090, 231.8,11332,-48.2,-66.0,-61.7, 11, 17, 0.02,235,10.7
2025-06-11 11:39:57,-102.1895,31.9091, 231.7,11336,-48.2,-66.0,-61.7, 11, 17, 0.02,235,10.7
2025-06-11 11:39:58,-102.1894,31.9092, 231.5,11340,-48.2,-66.0,-61.7, 11, 17, 0.02,235,10.7
2025-06-11 11:39:59,-102.1893,31.9092, 231.4,11343,-48.3,-66.0,-61.7, 11, 17, 0.02,235,10.7
2025-06-11 11:40:00,-102.1892,31.9093, 231.3,11347,-48.3,-66.1,-61.8, 11, 17, 0.02,234,10.7
2025-06-11 11:40:01,-102.1891,31.9094, 231.1,11351,-48.3,-66.1,-61.8, 11, 18, 0.02,234,10.7
2025-06-11 11:40:02,-102.1890,31.9094, 231.0,11354,-48.3,-66.1,-61.8, 11, 18, 0.02,234,10.6
2025-06-11 11:40:03,-102.1889,31.9095, 230.9,11358,-48.3,-66.1,-61.8, 11, 17, 0.02,234,10.6
2025-06-11 11:40:04,-102.1889,31.9095, 230.7,11362,-48.4,-66.1,-61.8, 11, 18, 0.02,234,10.6
2025-06-11 11:40:05,-102.1888,31.9096, 230.6,11365,-48.4,-66.1,-61.8, 11, 18, 0.02,233,10.6
2025-06-11 11:40:06,-102.1887,31.9097, 230.5,11369,-48.4,-66.1,-61.8, 11, 18, 0.02,233,10.6
2025-06-11 11:40:07,-102.1886,31.9097, 230.3,11373,-48.4,-66.2,-61.9, 11, 18, 0.02,233,10.6
2025-06-11 11:40:08,-102.1885,31.9098, 230.2,11377,-48.4,-66.2,-61.9, 11, 18, 0.02,233,10.6
2025-06-11 11:40:09,-102.1884,31.9099, 230.1,11381,-48.5,-66.2,-61.9, 11, 18, 0.02,233,10.6
2025-06-11 11:40:10,-102.1883,31.9099, 229.9,11384,-48.5,-66.2,-61.9, 11, 18, 0.02,232,10.6
2025-06-11 11:40:11,-102.1883,31.9100, 229.8,11388,-48.5,-66.2,-61.9, 11, 18, 0.02,232,10.6
2025-06-11 11:40:12,-102.1882,31.9100, 229.7,11392,-48.5,-66.2,-61.9, 11, 18, 0.02,232,10.6
2025-06-11 11:40:13,-102.1881,31.9101, 229.6,11396,-48.5,-66.2,-61.9, 11, 18, 0.02,232,10.6
2025-06-11 11:40:14,-102.1880,31.9102, 229.4,11399,-48.6,-66.3,-62.0, 11, 18, 0.02,232,10.6
2025-06-11 11:40:15,-102.1879,31.9102, 229.3,11403,-48.6,-66.3,-62.0, 11, 18, 0.02,232,10.6
2025-06-11 11:40:16,-102.1878,31.9103, 229.2,11407,-48.6,-66.3,-62.0, 11, 18, 0.02,231,10.6
2025-06-11 11:40:17,-102.1877,31.9104, 229.0,11410,-48.6,-66.3,-62.0, 11, 18, 0.02,231,10.6
2025-06-11 11:40:18,-102.1877,31.9104, 228.9,11414,-48.7,-66.3,-62.0, 11, 18, 0.02,231,10.7
2025-06-11 11:40:19,-102.1876,31.9105, 228.8,11418,-48.7,-66.3,-62.0, 11, 18, 0.02,230,10.7
2025-06-11 11:40:20,-102.1875,31.9106, 228.7,11421,-48.7,-66.4,-62.1, 11, 18, 0.02,230,10.7
2025-06-11 11:40:21,-102.1874,31.9106, 228.5,11425,-48.7,-66.4,-62.1, 11, 18, 0.02,230,10.7
2025-06-11 11:40:22,-102.1873,31.9107, 228.4,11429,-48.8,-66.4,-62.1, 11, 18, 0.02,229,10.8
2025-06-11 11:40:23,-102.1872,31.9107, 228.2,11433,-48.8,-66.4,-62.1, 11, 18, 0.02,229,10.8
2025-06-11 11:40:24,-102.1871,31.9108, 228.1,11437,-48.8,-66.4,-62.1, 11, 18, 0.02,229,10.8
2025-06-11 11:40:25,-102.1871,31.9109, 228.0,11441,-48.8,-66.4,-62.1, 11, 18, 0.02,229,10.8
2025-06-11 11:40:26,-102.1870,31.9109, 227.8,11445,-48.9,-66.4,-62.1, 11, 18, 0.02,228,10.9
2025-06-11 11:40:27,-102.1869,31.9110, 227.7,11449,-48.9,-66.4,-62.1, 11, 18, 0.02,228,10.9
2025-06-11 11:40:28,-102.1868,31.9111, 227.6,11453,-48.9,-66.5,-62.2, 11, 18, 0.02,228,10.9
2025-06-11 11:40:29,-102.1867,31.9111, 227.4,11457,-48.9,-66.5,-62.2, 11, 18, 0.02,227,11.0
2025-06-11 11:40:30,-102.1866,31.9112, 227.3,11460,-49.0,-66.5,-62.2, 11, 18, 0.02,227,11.0
2025-06-11 11:40:31,-102.1866,31.9113, 227.2,11464,-49.0,-66.5,-62.2, 11, 18, 0.02,227,11.0
2025-06-11 11:40:32,-102.1865,31.9114, 227.0,11468,-49.0,-66.5,-62.2, 11, 18, 0.02,227,11.0
2025-06-11 11:40:33,-102.1864,31.9114, 226.9,11472,-49.1,-66.5,-62.2, 11, 18, 0.02,226,11.1
2025-06-11 11:40:34,-102.1863,31.9115, 226.8,11475,-49.1,-66.5,-62.2, 11, 18, 0.02,226,11.1
2025-06-11 11:40:35,-102.1862,31.9116, 226.7,11479,-49.1,-66.6,-62.3, 11, 18, 0.02,226,11.1
2025-06-11 11:40:36,-102.1862,31.9117, 226.5,11483,-49.1,-66.6,-62.3, 11, 18, 0.02,226,11.1
2025-06-11 11:40:37,-102.1861,31.9117, 226.4,11487,-49.2,-66.6,-62.3, 11, 18, 0.02,225,11.1
2025-06-11 11:40:38,-102.1860,31.9118, 226.3,11490,-49.2,-66.6,-62.3, 11, 18, 0.02,225,11.1
2025-06-11 11:40:39,-102.1859,31.9119, 226.1,11494,-49.2,-66.6,-62.3, 11, 18, 0.02,225,11.1
2025-06-11 11:40:40,-102.1859,31.9120, 226.0,11498,-49.3,-66.7,-62.4, 11, 18, 0.02,225,11.1
2025-06-11 11:40:41,-102.1858,31.9120, 225.9,11502,-49.3,-66.7,-62.4, 11, 18, 0.02,225,11.1
2025-06-11 11:40:42,-102.1857,31.9121, 225.8,11505,-49.3,-66.7,-62.4, 11, 18, 0.02,225,11.1
2025-06-11 11:40:43,-102.1856,31.9122, 225.6,11509,-49.4,-66.7,-62.4, 11, 18, 0.02,224,11.1
2025-06-11 11:40:44,-102.1855,31.9122, 225.5,11513,-49.4,-66.7,-62.4, 11, 18, 0.02,224,11.1
2025-06-11 11:40:45,-102.1855,31.9123, 225.4,11516,-49.4,-66.8,-62.5, 11, 18, 0.02,224,11.1
2025-06-11 11:40:46,-102.1854,31.9124, 225.2,11520,-49.5,-66.8,-62.5, 11, 18, 0.02,224,11.1
2025-06-11 11:40:47,-102.1853,31.9125, 225.1,11524,-49.5,-66.8,-62.5, 11, 18, 0.02,224,11.1
2025-06-11 11:40:48,-102.1852,31.9125, 225.0,11528,-49.5,-66.8,-62.5, 11, 18, 0.02,224,11.1
2025-06-11 11:40:49,-102.1851,31.9126, 224.8,11532,-49.5,-66.8,-62.5, 11, 18, 0.02,223,11.1
2025-06-11 11:40:50,-102.1851,31.9127, 224.7,11536,-49.6,-66.8,-62.5, 11, 18, 0.02,223,11.1
2025-06-11 11:40:51,-102.1850,31.9128, 224.5,11540,-49.6,-66.9,-62.6, 11, 18, 0.02,223,11.1
2025-06-11 11:40:52,-102.1849,31.9128, 224.4,11544,-49.6,-66.9,-62.6, 11, 18, 0.02,223,11.1
2025-06-11 11:40:53,-102.1848,31.9129, 224.3,11549,-49.7,-66.9,-62.6, 11, 18, 0.02,223,11.1
2025-06-11 11:40:54,-102.1847,31.9130, 224.1,11553,-49.7,-66.9,-62.6, 12, 19, 0.02,223,11.1
2025-06-11 11:40:55,-102.1847,31.9131, 224.0,11557,-49.7,-66.9,-62.6, 12, 19, 0.02,222,11.1
2025-06-11 11:40:56,-102.1846,31.9131, 223.8,11561,-49.8,-66.9,-62.6, 12, 19, 0.02,222,11.1
2025-06-11 11:40:57,-102.1845,31.9132, 223.7,11565,-49.8,-66.9,-62.6, 12, 19, 0.02,222,11.1
2025-06-11 11:40:58,-102.1844,31.9133, 223.6,11569,-49.8,-66.9,-62.6, 12, 19, 0.02,222,11.1
2025-06-11 11:40:59,-102.1844,31.9133, 223.4,11573,-49.9,-67.0,-62.7, 12, 19, 0.02,222,11.0
2025-06-11 11:41:00,-102.1843,31.9134, 223.3,11577,-49.9,-67.0,-62.7, 12, 19, 0.02,222,11.0
2025-06-11 11:41:01,-102.1842,31.9135, 223.2,11580,-49.9,-67.0,-62.7, 12, 19, 0.02,222,11.0
2025-06-11 11:41:02,-102.1841,31.9136, 223.0,11584,-50.0,-67.0,-62.7, 12, 19, 0.02,222,11.0
2025-06-11 11:41:03,-102.1841,31.9136, 222.9,11588,-50.0,-67.0,-62.7, 12, 19, 0.02,222,10.9
2025-06-11 11:41:04,-102.1840,31.9137, 222.8,11592,-50.0,-67.0,-62.7, 12, 19, 0.02,222,10.9
2025-06-11 11:41:05,-102.1839,31.9138, 222.6,11596,-50.0,-67.0,-62.7, 12, 19, 0.02,222,10.9
2025-06-11 11:41:06,-102.1838,31.9138, 222.5,11600,-50.1,-67.0,-62.7, 12, 19, 0.02,222,10.9
2025-06-11 11:41:07,-102.1838,31.9139, 222.4,11604,-50.1,-67.0,-62.7, 12, 19, 0.02,222,10.8
2025-06-11 11:41:08,-102.1837,31.9140, 222.2,11608,-50.1,-67.1,-62.8, 12, 19, 0.02,222,10.8
2025-06-11 11:41:09,-102.1836,31.9141, 222.1,11612,-50.2,-67.1,-62.8, 12, 19, 0.02,222,10.8
2025-06-11 11:41:10,-102.1835,31.9141, 222.0,11616,-50.2,-67.1,-62.8, 12, 19, 0.02,222,10.8
2025-06-11 11:41:11,-102.1835,31.9142, 221.8,11620,-50.2,-67.1,-62.8, 12, 19, 0.02,222,10.7
2025-06-11 11:41:12,-102.1834,31.9143, 221.7,11624,-50.3,-67.1,-62.8, 12, 19, 0.02,222,10.7
2025-06-11 11:41:13,-102.1833,31.9143, 221.6,11628,-50.3,-67.1,-62.8, 12, 19, 0.02,222,10.7
2025-06-11 11:41:14,-102.1833,31.9144, 221.4,11632,-50.3,-67.1,-62.8, 12, 19, 0.02,222,10.7
2025-06-11 11:41:15,-102.1832,31.9145, 221.3,11636,-50.3,-67.1,-62.8, 12, 19, 0.02,221,10.6
2025-06-11 11:41:16,-102.1831,31.9146, 221.2,11640,-50.4,-67.1,-62.8, 12, 20, 0.02,221,10.6
2025-06-11 11:41:17,-102.1830,31.9146, 221.0,11644,-50.4,-67.1,-62.8, 12, 20, 0.02,221,10.6
2025-06-11 11:41:18,-102.1830,31.9147, 220.9,11648,-50.4,-67.2,-62.9, 12, 20, 0.02,221,10.6
2025-06-11 11:41:19,-102.1829,31.9148, 220.7,11652,-50.5,-67.2,-62.9, 12, 20, 0.02,221,10.6
2025-06-11 11:41:20,-102.1828,31.9148, 220.6,11656,-50.5,-67.2,-62.9, 12, 20, 0.02,221,10.6
2025-06-11 11:41:21,-102.1827,31.9149, 220.5,11660,-50.5,-67.2,-62.9, 12, 20, 0.02,221,10.6
2025-06-11 11:41:22,-102.1827,31.9150, 220.3,11664,-50.5,-67.2,-62.9, 12, 20, 0.02,221,10.6
2025-06-11 11:41:23,-102.1826,31.9151, 220.2,11668,-50.6,-67.2,-62.9, 12, 20, 0.02,221,10.6
2025-06-11 11:41:24,-102.1825,31.9151, 220.1,11672,-50.6,-67.2,-62.9, 12, 20, 0.02,221,10.6
2025-06-11 11:41:25,-102.1824,31.9152, 219.9,11676,-50.6,-67.3,-63.0, 12, 20, 0.02,221,10.6
2025-06-11 11:41:26,-102.1824,31.9153, 219.8,11680,-50.7,-67.3,-63.0, 12, 20, 0.02,221,10.6
2025-06-11 11:41:27,-102.1823,31.9153, 219.7,11684,-50.7,-67.3,-63.0, 12, 20, 0.02,221,10.5
2025-06-11 11:41:28,-102.1822,31.9154, 219.6,11687,-50.7,-67.3,-63.0, 12, 20, 0.02,221,10.5
2025-06-11 11:41:29,-102.1822,31.9155, 219.4,11691,-50.7,-67.3,-63.0, 12, 20, 0.02,220,10.5
2025-06-11 11:41:30,-102.1821,31.9156, 219.3,11695,-50.7,-67.3,-63.0, 12, 20, 0.02,220,10.5
2025-06-11 11:41:31,-102.1820,31.9157, 219.1,11699,-50.8,-67.4,-63.1, 12, 20, 0.02,220,10.5
2025-06-11 11:41:32,-102.1819,31.9158, 219.0,11704,-50.8,-67.4,-63.1, 12, 20, 0.02,220,10.5
2025-06-11 11:41:33,-102.1819,31.9158, 218.9,11708,-50.8,-67.4,-63.1, 12, 20, 0.02,220,10.5
2025-06-11 11:41:34,-102.1818,31.9159, 218.7,11712,-50.8,-67.4,-63.1, 12, 20, 0.02,220,10.5
2025-06-11 11:41:35,-102.1817,31.9160, 218.6,11716,-50.9,-67.5,-63.2, 12, 20, 0.02,220,10.5
2025-06-11 11:41:36,-102.1816,31.9161, 218.4,11720,-50.9,-67.5,-63.2, 12, 20, 0.02,220,10.5
2025-06-11 11:41:37,-102.1816,31.9162, 218.3,11725,-50.9,-67.5,-63.2, 12, 20, 0.02,220,10.6
2025-06-11 11:41:38,-102.1815,31.9162, 218.2,11729,-50.9,-67.5,-63.2, 12, 20, 0.02,220,10.6
2025-06-11 11:41:39,-102.1814,31.9163, 218.0,11733,-51.0,-67.5,-63.2, 12, 20, 0.02,220,10.7
2025-06-11 11:41:40,-102.1813,31.9164, 217.9,11737,-51.0,-67.6,-63.3, 12, 20, 0.02,220,10.8
2025-06-11 11:41:41,-102.1813,31.9165, 217.7,11741,-51.0,-67.6,-63.3, 12, 20, 0.02,219,10.8
2025-06-11 11:41:42,-102.1812,31.9166, 217.6,11745,-51.0,-67.6,-63.3, 12, 20, 0.02,219,10.9
2025-06-11 11:41:43,-102.1811,31.9167, 217.5,11749,-51.1,-67.6,-63.3, 12, 20, 0.02,219,10.9
2025-06-11 11:41:44,-102.1810,31.9167, 217.3,11754,-51.1,-67.6,-63.3, 12, 20, 0.02,219,11.0
2025-06-11 11:41:45,-102.1810,31.9168, 217.2,11758,-51.1,-67.6,-63.3, 12, 20, 0.02,219,11.0
2025-06-11 11:41:46,-102.1809,31.9169, 217.0,11762,-51.1,-67.7,-63.4, 12, 20, 0.02,219,11.1
2025-06-11 11:41:47,-102.1808,31.9170, 216.9,11766,-51.1,-67.7,-63.4, 12, 20, 0.02,219,11.2
2025-06-11 11:41:48,-102.1807,31.9171, 216.7,11771,-51.2,-67.7,-63.4, 12, 20, 0.02,219,11.2
2025-06-11 11:41:49,-102.1807,31.9171, 216.6,11775,-51.2,-67.7,-63.4, 12, 20, 0.02,219,11.3
2025-06-11 11:41:50,-102.1806,31.9172, 216.5,11779,-51.2,-67.7,-63.4, 12, 20, 0.02,219,11.3
2025-06-11 11:41:51,-102.1805,31.9173, 216.3,11784,-51.2,-67.7,-63.4, 12, 20, 0.02,219,11.4
2025-06-11 11:41:52,-102.1804,31.9174, 216.2,11788,-51.3,-67.7,-63.4, 12, 20, 0.02,219,11.4
2025-06-11 11:41:53,-102.1804,31.9175, 216.0,11793,-51.3,-67.8,-63.4, 12, 20, 0.02,218,11.5
2025-06-11 11:41:54,-102.1803,31.9176, 215.9,11798,-51.3,-67.8,-63.5, 12, 20, 0.02,218,11.6
2025-06-11 11:41:55,-102.1802,31.9176, 215.7,11802,-51.3,-67.8,-63.5, 12, 20, 0.02,218,11.6
2025-06-11 11:41:56,-102.1801,31.9177, 215.5,11807,-51.3,-67.8,-63.5, 12, 20, 0.02,218,11.7
2025-06-11 11:41:57,-102.1801,31.9178, 215.4,11811,-51.4,-67.8,-63.5, 12, 20, 0.02,218,11.7
2025-06-11 11:41:58,-102.1800,31.9179, 215.3,11816,-51.4,-67.8,-63.5, 12, 20, 0.02,218,11.8
2025-06-11 11:41:59,-102.1799,31.9180, 215.1,11820,-51.4,-67.8,-63.5, 12, 20, 0.02,217,11.9
2025-06-11 11:42:00,-102.1798,31.9181, 215.0,11824,-51.4,-67.9,-63.5, 12, 20, 0.02,217,11.9
2025-06-11 11:42:01,-102.1797,31.9182, 214.8,11828,-51.5,-67.9,-63.6, 12, 20, 0.02,217,12.0
2025-06-11 11:42:02,-102.1797,31.9183, 214.7,11832,-51.5,-67.9,-63.6, 12, 20, 0.02,217,12.0
2025-06-11 11:42:03,-102.1796,31.9184, 214.6,11837,-51.5,-67.9,-63.6, 12, 20, 0.02,217,12.1
2025-06-11 11:42:04,-102.1795,31.9185, 214.4,11841,-51.5,-67.9,-63.6, 12, 20, 0.02,216,12.2
2025-06-11 11:42:05,-102.1794,31.9186, 214.3,11845,-51.6,-67.9,-63.6, 12, 20, 0.02,216,12.2
2025-06-11 11:42:06,-102.1793,31.9187, 214.2,11849,-51.6,-68.0,-63.6, 12, 20, 0.02,216,12.3
2025-06-11 11:42:07,-102.1793,31.9188, 214.0,11853,-51.6,-68.0,-63.7, 12, 20, 0.02,216,12.3
2025-06-11 11:42:08,-102.1792,31.9189, 213.9,11857,-51.6,-68.0,-63.7, 12, 20, 0.02,216,12.4
2025-06-11 11:42:09,-102.1791,31.9190, 213.7,11861,-51.7,-68.0,-63.7, 12, 20, 0.02,215,12.5
2025-06-11 11:42:10,-102.1790,31.9190, 213.6,11865,-51.7,-68.0,-63.7, 12, 20, 0.02,215,12.5
2025-06-11 11:42:11,-102.1789,31.9191, 213.5,11870,-51.7,-68.0,-63.7, 12, 20, 0.02,215,12.6
2025-06-11 11:42:12,-102.1789,31.9192, 213.3,11874,-51.8,-68.0,-63.7, 12, 20, 0.02,215,12.7
2025-06-11 11:42:13,-102.1788,31.9193, 213.2,11878,-51.8,-68.0,-63.7, 13, 21, 0.02,215,12.7
2025-06-11 11:42:14,-102.1787,31.9194, 213.1,11882,-51.8,-68.0,-63.7, 13, 21, 0.02,215,12.8
2025-06-11 11:42:15,-102.1786,31.9195, 212.9,11887,-51.8,-68.1,-63.7, 13, 21, 0.02,214,12.8
2025-06-11 11:42:16,-102.1785,31.9196, 212.8,11891,-51.9,-68.1,-63.8, 13, 21, 0.02,214,12.9
2025-06-11 11:42:17,-102.1785,31.9197, 212.6,11895,-51.9,-68.1,-63.8, 13, 21, 0.02,215,12.9
2025-06-11 11:42:18,-102.1784,31.9198, 212.5,11899,-51.9,-68.1,-63.8, 13, 21, 0.02,215,12.9
2025-06-11 11:42:19,-102.1783,31.9199, 212.4,11903,-52.0,-68.1,-63.8, 13, 21, 0.02,215,13.0
2025-06-11 11:42:20,-102.1782,31.9200, 212.2,11908,-52.0,-68.1,-63.8, 13, 21, 0.02,215,13.0
2025-06-11 11:42:21,-102.1781,31.9201, 212.1,11912,-52.0,-68.1,-63.8, 13, 21, 0.02,215,13.1
2025-06-11 11:42:22,-102.1781,31.9202, 212.0,11916,-52.1,-68.2,-63.8, 13, 21, 0.02,215,13.1
2025-06-11 11:42:23,-102.1780,31.9203, 211.8,11920,-52.1,-68.2,-63.9, 13, 21, 0.02,215,13.1
2025-06-11 11:42:24,-102.1779,31.9204, 211.7,11924,-52.1,-68.2,-63.9, 13, 21, 0.02,215,13.2
2025-06-11 11:42:25,-102.1778,31.9205, 211.5,11928,-52.2,-68.2,-63.9, 13, 21, 0.02,215,13.2
2025-06-11 11:42:26,-102.1777,31.9206, 211.4,11933,-52.2,-68.2,-63.9, 13, 21, 0.02,215,13.2
2025-06-11 11:42:27,-102.1777,31.9207, 211.3,11937,-52.2,-68.2,-63.9, 13, 21, 0.02,216,13.3
2025-06-11 11:42:28,-102.1776,31.9208, 211.1,11941,-52.3,-68.2,-63.9, 13, 21, 0.02,216,13.3
2025-06-11 11:42:29,-102.1775,31.9209, 211.0,11945,-52.3,-68.3,-63.9, 13, 21, 0.02,216,13.3
2025-06-11 11:42:30,-102.1774,31.9210, 210.9,11949,-52.3,-68.3,-64.0, 13, 21, 0.02,216,13.4
2025-06-11 11:42:31,-102.1773,31.9211, 210.7,11953,-52.4,-68.3,-64.0, 13, 21, 0.02,216,13.4
2025-06-11 11:42:32,-102.1772,31.9212, 210.6,11957,-52.4,-68.3,-64.0, 13, 21, 0.02,216,13.4
2025-06-11 11:42:33,-102.1771,31.9213, 210.5,11961,-52.4,-68.3,-64.0, 13, 21, 0.02,216,13.5
2025-06-11 11:42:34,-102.1770,31.9214, 210.3,11965,-52.5,-68.3,-64.0, 13, 21, 0.02,216,13.5
2025-06-11 11:42:35,-102.1769,31.9215, 210.2,11970,-52.5,-68.3,-64.0, 13, 22, 0.02,216,13.5
2025-06-11 11:42:36,-102.1768,31.9216, 210.1,11974,-52.5,-68.4,-64.1, 13, 22, 0.02,216,13.6
2025-06-11 11:42:37,-102.1767,31.9217, 209.9,11978,-52.6,-68.4,-64.1, 13, 22, 0.02,217,13.6
2025-06-11 11:42:38,-102.1767,31.9218, 209.8,11982,-52.6,-68.4,-64.1, 13, 22, 0.02,217,13.6
2025-06-11 11:42:39,-102.1766,31.9219, 209.7,11986,-52.6,-68.4,-64.1, 13, 22, 0.02,217,13.7
2025-06-11 11:42:40,-102.1765,31.9220, 209.5,11990,-52.7,-68.4,-64.1, 13, 22, 0.02,217,13.7
2025-06-11 11:42:41,-102.1764,31.9221, 209.4,11995,-52.7,-68.4,-64.1, 13, 22, 0.02,217,13.7
2025-06-11 11:42:42,-102.1763,31.9222, 209.3,11999,-52.7,-68.4,-64.1, 13, 22, 0.02,217,13.8
2025-06-11 11:42:43,-102.1762,31.9223, 209.1,12003,-52.8,-68.5,-64.2, 13, 22, 0.02,217,13.8
2025-06-11 11:42:44,-102.1761,31.9224, 209.0,12007,-52.8,-68.5,-64.2, 13, 22, 0.02,217,13.8
2025-06-11 11:42:45,-102.1760,31.9225, 208.9,12010,-52.8,-68.5,-64.2, 13, 22, 0.02,217,13.9
2025-06-11 11:42:46,-102.1759,31.9226, 208.7,12014,-52.9,-68.5,-64.2, 13, 22, 0.02,217,13.9
2025-06-11 11:42:47,-102.1758,31.9227, 208.6,12018,-52.9,-68.5,-64.2, 13, 22, 0.02,218,13.9
2025-06-11 11:42:48,-102.1757,31.9228, 208.5,12022,-52.9,-68.5,-64.2, 13, 22, 0.02,218,14.0
2025-06-11 11:42:49,-102.1756,31.9229, 208.4,12025,-53.0,-68.5,-64.2, 13, 22, 0.02,218,14.0
2025-06-11 11:42:50,-102.1755,31.9230, 208.3,12029,-53.0,-68.6,-64.2, 13, 22, 0.02,218,14.0
2025-06-11 11:42:51,-102.1755,31.9231, 208.1,12033,-53.0,-68.6,-64.3, 13, 22, 0.02,218,14.1
2025-06-11 11:42:52,-102.1754,31.9232, 208.0,12037,-53.1,-68.6,-64.3, 13, 22, 0.02,218,14.1
2025-06-11 11:42:53,-102.1753,31.9233, 207.9,12041,-53.1,-68.6,-64.3, 13, 22, 0.02,218,14.1
2025-06-11 11:42:54,-102.1752,31.9234, 207.7,12045,-53.1,-68.6,-64.3, 14, 22, 0.02,218,14.2
2025-06-11 11:42:55,-102.1751,31.9235, 207.6,12049,-53.2,-68.6,-64.3, 14, 22, 0.02,218,14.2
2025-06-11 11:42:56,-102.1750,31.9236, 207.5,12053,-53.2,-68.6,-64.3, 14, 22, 0.02,218,14.2
2025-06-11 11:42:57,-102.1749,31.9237, 207.4,12057,-53.2,-68.6,-64.3, 14, 23, 0.02,218,14.2
2025-06-11 11:42:58,-102.1748,31.9238, 207.2,12062,-53.2,-68.7,-64.3, 14, 23, 0.02,218,14.3
2025-06-11 11:42:59,-102.1747,31.9239, 207.1,12066,-53.3,-68.7,-64.4, 14, 23, 0.02,218,14.3
2025-06-11 11:43:00,-102.1746,31.9240, 207.0,12070,-53.3,-68.7,-64.4, 14, 23, 0.02,218,14.3
2025-06-11 11:43:01,-102.1745,31.9241, 206.8,12074,-53.3,-68.7,-64.4, 14, 23, 0.02,218,14.3
2025-06-11 11:43:02,-102.1744,31.9242, 206.7,12078,-53.4,-68.7,-64.4, 14, 23, 0.02,218,14.3
2025-06-11 11:43:03,-102.1743,31.9243, 206.6,12082,-53.4,-68.7,-64.4, 14, 23, 0.02,218,14.3
2025-06-11 11:43:04,-102.1742,31.9244, 206.4,12086,-53.4,-68.7,-64.4, 14, 23, 0.02,219,14.4
2025-06-11 11:43:05,-102.1741,31.9245, 206.3,12090,-53.4,-68.7,-64.4, 14, 23, 0.02,219,14.4
2025-06-11 11:43:06,-102.1740,31.9246, 206.2,12094,-53.5,-68.7,-64.4, 14, 23, 0.02,219,14.4
2025-06-11 11:43:07,-102.1739,31.9247, 206.1,12098,-53.5,-68.7,-64.4, 14, 23, 0.02,219,14.4
2025-06-11 11:43:08,-102.1738,31.9248, 205.9,12101,-53.5,-68.7,-64.4, 14, 23, 0.02,219,14.4
2025-06-11 11:43:09,-102.1737,31.9249, 205.8,12105,-53.6,-68.7,-64.4, 14, 23, 0.02,219,14.4
2025-06-11 11:43:10,-102.1736,31.9250, 205.7,12109,-53.6,-68.8,-64.4, 14, 23, 0.02,219,14.4
2025-06-11 11:43:11,-102.1735,31.9251, 205.6,12113,-53.6,-68.8,-64.4, 14, 23, 0.02,219,14.5
2025-06-11 11:43:12,-102.1734,31.9252, 205.4,12117,-53.6,-68.8,-64.5, 14, 23, 0.02,219,14.5
2025-06-11 11:43:13,-102.1733,31.9253, 205.3,12121,-53.7,-68.8,-64.5, 14, 23, 0.02,219,14.5
2025-06-11 11:43:14,-102.1732,31.9254, 205.2,12125,-53.7,-68.8,-64.5, 14, 24, 0.02,219,14.5
2025-06-11 11:43:15,-102.1731,31.9255, 205.1,12129,-53.7,-68.8,-64.5, 14, 24, 0.02,219,14.5
2025-06-11 11:43:16,-102.1730,31.9257, 204.9,12133,-53.8,-68.8,-64.5, 14, 24, 0.02,219,14.6
2025-06-11 11:43:17,-102.1729,31.9258, 204.8,12137,-53.8,-68.8,-64.5, 14, 24, 0.02,219,14.6
2025-06-11 11:43:18,-102.1728,31.9259, 204.7,12141,-53.8,-68.8,-64.5, 14, 24, 0.02,219,14.7
2025-06-11 11:43:19,-102.1727,31.9260, 204.5,12145,-53.8,-68.8,-64.5, 14, 24, 0.02,219,14.7
2025-06-11 11:43:20,-102.1726,31.9261, 204.4,12149,-53.9,-68.8,-64.5, 14, 24, 0.02,219,14.7
2025-06-11 11:43:21,-102.1725,31.9262, 204.3,12153,-53.9,-68.8,-64.5, 14, 24, 0.02,219,14.8
2025-06-11 11:43:22,-102.1724,31.9263, 204.2,12157,-53.9,-68.8,-64.5, 14, 24, 0.02,219,14.8
2025-06-11 11:43:23,-102.1723,31.9264, 204.0,12161,-54.0,-68.8,-64.5, 14, 24, 0.02,219,14.9
2025-06-11 11:43:24,-102.1722,31.9265, 203.9,12165,-54.0,-68.8,-64.5, 14, 24, 0.02,220,14.9
2025-06-11 11:43:25,-102.1721,31.9266, 203.8,12169,-54.0,-68.9,-64.5, 15, 24, 0.02,220,15.0
2025-06-11 11:43:26,-102.1720,31.9267, 203.7,12173,-54.0,-68.9,-64.6, 15, 24, 0.02,220,15.0
2025-06-11 11:43:27,-102.1719,31.9268, 203.5,12177,-54.1,-68.9,-64.6, 15, 24, 0.02,220,15.0
2025-06-11 11:43:28,-102.1718,31.9269, 203.4,12181,-54.1,-68.9,-64.6, 15, 24, 0.02,220,15.1
2025-06-11 11:43:29,-102.1717,31.9270, 203.3,12185,-54.1,-68.9,-64.6, 15, 24, 0.02,220,15.1
2025-06-11 11:43:30,-102.1716,31.9271, 203.2,12189,-54.1,-68.9,-64.6, 15, 25, 0.02,220,15.2
2025-06-11 11:43:31,-102.1715,31.9272, 203.0,12193,-54.2,-68.9,-64.6, 15, 25, 0.02,220,15.2
2025-06-11 11:43:32,-102.1714,31.9273, 202.9,12197,-54.2,-68.9,-64.6, 15, 25, 0.02,220,15.3
2025-06-11 11:43:33,-102.1713,31.9274, 202.8,12201,-54.2,-68.9,-64.6, 15, 25, 0.02,220,15.3
2025-06-11 11:43:34,-102.1712,31.9275, 202.6,12205,-54.2,-68.9,-64.6, 15, 25, 0.02,220,15.4
2025-06-11 11:43:35,-102.1711,31.9276, 202.5,12209,-54.3,-68.9,-64.6, 15, 25, 0.02,220,15.4
2025-06-11 11:43:36,-102.1709,31.9277, 202.4,12213,-54.3,-69.0,-64.6, 15, 25, 0.02,220,15.4
2025-06-11 11:43:37,-102.1708,31.9278, 202.2,12217,-54.3,-69.0,-64.7, 15, 25, 0.02,220,15.4
2025-06-11 11:43:38,-102.1707,31.9279, 202.1,12222,-54.3,-69.0,-64.7, 15, 25, 0.02,221,15.4
2025-06-11 11:43:39,-102.1706,31.9280, 202.0,12226,-54.4,-69.0,-64.7, 15, 25, 0.02,221,15.4
2025-06-11 11:43:40,-102.1705,31.9281, 201.9,12230,-54.4,-69.0,-64.7, 15, 25, 0.02,221,15.4
2025-06-11 11:43:41,-102.1705,31.9282, 201.7,12234,-54.4,-69.0,-64.7, 15, 25, 0.02,221,15.4
2025-06-11 11:43:42,-102.1703,31.9283, 201.7,12236,-54.4,-69.0,-64.7, 15, 25, 0.02,221,15.4
2025-06-11 11:43:43,-102.1702,31.9285, 201.5,12242,-54.4,-69.0,-64.7, 15, 25, 0.02,221,15.3
2025-06-11 11:43:44,-102.1701,31.9286, 201.3,12246,-54.4,-69.0,-64.7, 15, 25, 0.02,221,15.3
2025-06-11 11:43:45,-102.1700,31.9287, 201.2,12250,-54.4,-69.1,-64.7, 15, 25, 0.02,221,15.3
2025-06-11 11:43:46,-102.1699,31.9288, 201.1,12254,-54.5,-69.1,-64.8, 15, 25, 0.02,221,15.3
2025-06-11 11:43:47,-102.1698,31.9289, 201.0,12258,-54.5,-69.1,-64.8, 15, 25, 0.02,221,15.3
2025-06-11 11:43:48,-102.1697,31.9290, 200.8,12262,-54.5,-69.1,-64.8, 15, 25, 0.02,221,15.3
2025-06-11 11:43:49,-102.1696,31.9291, 200.7,12266,-54.5,-69.1,-64.8, 15, 25, 0.02,221,15.3
2025-06-11 11:43:50,-102.1694,31.9292, 200.6,12270,-54.5,-69.2,-64.8, 15, 25, 0.02,221,15.3
2025-06-11 11:43:51,-102.1693,31.9293, 200.5,12274,-54.5,-69.2,-64.9, 15, 25, 0.02,221,15.3
2025-06-11 11:43:52,-102.1692,31.9294, 200.3,12279,-54.5,-69.2,-64.9, 15, 25, 0.02,221,15.3
2025-06-11 11:43:53,-102.1691,31.9295, 200.2,12283,-54.5,-69.2,-64.9, 15, 25, 0.02,221,15.3
2025-06-11 11:43:54,-102.1690,31.9296, 200.0,12289,-54.6,-69.2,-64.9, 15, 25, 0.02,221,15.3
2025-06-11 11:43:55,-102.1689,31.9297, 199.9,12291,-54.6,-69.2,-64.9, 15, 25, 0.02,221,15.3
2025-06-11 11:43:56,-102.1688,31.9298, 199.8,12296,-54.6,-69.3,-65.0, 15, 25, 0.02,221,15.3
2025-06-11 11:43:57,-102.1687,31.9299, 199.6,12300,-54.6,-69.3,-65.0, 15, 24, 0.02,221,15.4
2025-06-11 11:43:58,-102.1686,31.9300, 199.5,12305,-54.6,-69.3,-65.0, 15, 24, 0.02,222,15.4
2025-06-11 11:43:59,-102.1685,31.9301, 199.4,12309,-54.6,-69.4,-65.1, 14, 24, 0.02,222,15.5
2025-06-11 11:44:00,-102.1684,31.9302, 199.2,12314,-54.6,-69.4,-65.1, 14, 24, 0.02,222,15.5
2025-06-11 11:44:01,-102.1682,31.9303, 199.1,12318,-54.6,-69.5,-65.1, 14, 24, 0.02,222,15.5
2025-06-11 11:44:02,-102.1681,31.9304, 198.9,12323,-54.7,-69.5,-65.2, 14, 24, 0.02,222,15.6
2025-06-11 11:44:03,-102.1680,31.9306, 198.8,12327,-54.7,-69.5,-65.2, 14, 24, 0.02,222,15.6
2025-06-11 11:44:04,-102.1679,31.9307, 198.7,12332,-54.7,-69.6,-65.2, 14, 24, 0.02,222,15.7
2025-06-11 11:44:05,-102.1677,31.9308, 198.5,12337,-54.7,-69.6,-65.3, 14, 24, 0.02,222,15.7
2025-06-11 11:44:06,-102.1676,31.9309, 198.4,12341,-54.7,-69.6,-65.3, 14, 24, 0.02,222,15.8
2025-06-11 11:44:07,-102.1675,31.9310, 198.2,12346,-54.7,-69.7,-65.4, 14, 24, 0.02,222,15.8
2025-06-11 11:44:08,-102.1674,31.9311, 198.1,12350,-54.7,-69.7,-65.4, 14, 24, 0.02,222,15.8
2025-06-11 11:44:09,-102.1672,31.9312, 198.0,12354,-54.7,-69.7,-65.4, 14, 24, 0.02,222,15.9
2025-06-11 11:44:10,-102.1671,31.9314, 197.8,12359,-54.8,-69.8,-65.4, 14, 23, 0.02,223,15.9
2025-06-11 11:44:11,-102.1670,31.9315, 197.7,12363,-54.8,-69.8,-65.5, 14, 23, 0.02,223,16.0
2025-06-11 11:44:12,-102.1669,31.9316, 197.6,12367,-54.8,-69.8,-65.5, 14, 23, 0.02,223,16.0
2025-06-11 11:44:13,-102.1667,31.9317, 197.4,12372,-54.8,-69.8,-65.5, 14, 23, 0.02,223,16.1
2025-06-11 11:44:14,-102.1666,31.9318, 197.3,12377,-54.8,-69.8,-65.5, 14, 23, 0.02,223,16.1
2025-06-11 11:44:15,-102.1665,31.9319, 197.1,12381,-54.8,-69.9,-65.5, 14, 23, 0.02,223,16.2
2025-06-11 11:44:16,-102.1664,31.9320, 197.0,12386,-54.8,-69.9,-65.6, 14, 23, 0.02,223,16.3
2025-06-11 11:44:17,-102.1662,31.9322, 196.9,12390,-54.9,-69.9,-65.6, 14, 23, 0.02,223,16.4
2025-06-11 11:44:18,-102.1661,31.9323, 196.7,12395,-54.9,-69.9,-65.6, 14, 23, 0.02,223,16.5
2025-06-11 11:44:19,-102.1660,31.9324, 196.6,12399,-54.9,-69.9,-65.6, 14, 23, 0.02,223,16.6
2025-06-11 11:44:20,-102.1659,31.9325, 196.4,12404,-54.9,-70.0,-65.7, 14, 23, 0.02,223,16.7
2025-06-11 11:44:21,-102.1658,31.9326, 196.3,12408,-55.0,-70.0,-65.7, 14, 23, 0.02,223,16.9
2025-06-11 11:44:22,-102.1656,31.9327, 196.2,12412,-55.0,-70.0,-65.7, 14, 23, 0.02,223,16.9
2025-06-11 11:44:23,-102.1655,31.9329, 196.0,12417,-55.0,-70.1,-65.7, 14, 23, 0.02,223,17.1
2025-06-11 11:44:24,-102.1654,31.9330, 195.9,12421,-55.0,-70.1,-65.8, 14, 23, 0.02,223,17.2
2025-06-11 11:44:25,-102.1652,31.9331, 195.8,12426,-55.1,-70.1,-65.8, 14, 23, 0.02,223,17.3
2025-06-11 11:44:26,-102.1651,31.9332, 195.6,12430,-55.1,-70.1,-65.8, 14, 23, 0.02,223,17.4
2025-06-11 11:44:27,-102.1650,31.9333, 195.5,12434,-55.1,-70.1,-65.8, 14, 23, 0.02,223,17.5
2025-06-11 11:44:28,-102.1649,31.9334, 195.4,12438,-55.1,-70.2,-65.8, 14, 23, 0.02,223,17.7
2025-06-11 11:44:29,-102.1647,31.9335, 195.3,12442,-55.2,-70.2,-65.9, 14, 23, 0.02,223,17.8
2025-06-11 11:44:30,-102.1646,31.9337, 195.1,12447,-55.2,-70.2,-65.9, 14, 23, 0.02,223,17.9
2025-06-11 11:44:31,-102.1645,31.9338, 195.0,12451,-55.2,-70.2,-65.9, 14, 23, 0.02,223,18.0
2025-06-11 11:44:32,-102.1643,31.9339, 194.9,12455,-55.2,-70.2,-65.9, 14, 23, 0.02,223,18.1
2025-06-11 11:44:33,-102.1642,31.9340, 194.7,12459,-55.3,-70.3,-66.0, 14, 23, 0.02,223,18.2
2025-06-11 11:44:34,-102.1640,31.9342, 194.6,12464,-55.3,-70.3,-66.0, 14, 23, 0.01,223,18.3
2025-06-11 11:44:35,-102.1639,31.9343, 194.5,12468,-55.3,-70.3,-66.0, 14, 23, 0.01,223,18.5
2025-06-11 11:44:36,-102.1638,31.9344, 194.3,12472,-55.4,-70.3,-66.0, 14, 23, 0.01,223,18.5
2025-06-11 11:44:37,-102.1636,31.9345, 194.2,12477,-55.4,-70.4,-66.0, 14, 23, 0.01,223,18.5
2025-06-11 11:44:38,-102.1635,31.9346, 194.1,12481,-55.4,-70.4,-66.1, 14, 23, 0.01,223,18.6
2025-06-11 11:44:39,-102.1633,31.9348, 194.0,12485,-55.5,-70.4,-66.1, 14, 24, 0.01,223,18.6
2025-06-11 11:44:40,-102.1632,31.9349, 193.8,12489,-55.5,-70.4,-66.1, 14, 24, 0.01,223,18.6
2025-06-11 11:44:41,-102.1630,31.9350, 193.7,12493,-55.5,-70.4,-66.1, 14, 24, 0.01,224,18.7
2025-06-11 11:44:42,-102.1629,31.9351, 193.6,12497,-55.6,-70.4,-66.1, 14, 24, 0.01,224,18.7
2025-06-11 11:44:43,-102.1628,31.9353, 193.5,12501,-55.6,-70.5,-66.1, 14, 24, 0.01,224,18.8
2025-06-11 11:44:44,-102.1626,31.9354, 193.3,12505,-55.6,-70.5,-66.2, 14, 24, 0.01,224,18.8
2025-06-11 11:44:45,-102.1625,31.9355, 193.2,12509,-55.6,-70.5,-66.2, 14, 24, 0.01,224,18.8
2025-06-11 11:44:46,-102.1623,31.9356, 193.1,12513,-55.7,-70.5,-66.2, 14, 24, 0.01,224,18.9
2025-06-11 11:44:47,-102.1622,31.9357, 193.0,12517,-55.7,-70.5,-66.2, 14, 24, 0.01,224,18.9
2025-06-11 11:44:48,-102.1620,31.9359, 192.8,12522,-55.8,-70.6,-66.2, 14, 24, 0.01,224,18.9
2025-06-11 11:44:49,-102.1619,31.9360, 192.7,12526,-55.8,-70.6,-66.3, 14, 24, 0.01,224,19.0
2025-06-11 11:44:50,-102.1618,31.9361, 192.6,12530,-55.8,-70.6,-66.3, 14, 24, 0.01,224,19.0
2025-06-11 11:44:51,-102.1616,31.9362, 192.5,12534,-55.9,-70.6,-66.3, 14, 24, 0.01,225,19.1
2025-06-11 11:44:52,-102.1615,31.9364, 192.3,12539,-55.9,-70.6,-66.3, 14, 24, 0.01,225,19.1
2025-06-11 11:44:53,-102.1613,31.9365, 192.2,12543,-55.9,-70.7,-66.4, 14, 24, 0.01,225,19.1
2025-06-11 11:44:54,-102.1612,31.9366, 192.1,12547,-56.0,-70.7,-66.4, 14, 24, 0.01,225,19.2
2025-06-11 11:44:55,-102.1610,31.9367, 191.9,12552,-56.0,-70.7,-66.4, 14, 24, 0.01,225,19.2
2025-06-11 11:44:56,-102.1609,31.9368, 191.8,12556,-56.0,-70.7,-66.4, 14, 24, 0.01,225,19.2
2025-06-11 11:44:57,-102.1608,31.9370, 191.7,12560,-56.1,-70.8,-66.5, 14, 24, 0.01,225,19.3
2025-06-11 11:44:58,-102.1606,31.9371, 191.5,12564,-56.1,-70.8,-66.5, 14, 24, 0.01,225,19.3
2025-06-11 11:44:59,-102.1605,31.9372, 191.4,12569,-56.1,-70.8,-66.5, 14, 24, 0.01,225,19.3
2025-06-11 11:45:00,-102.1603,31.9373, 191.3,12573,-56.2,-70.8,-66.5, 14, 24, 0.01,225,19.3
2025-06-11 11:45:01,-102.1602,31.9375, 191.2,12578,-56.2,-70.9,-66.5, 14, 24, 0.01,225,19.4
2025-06-11 11:45:02,-102.1600,31.9376, 191.0,12582,-56.2,-70.9,-66.6, 14, 24, 0.01,225,19.4
2025-06-11 11:45:03,-102.1599,31.9377, 190.9,12586,-56.3,-70.9,-66.6, 14, 24, 0.01,225,19.4
2025-06-11 11:45:04,-102.1597,31.9378, 190.8,12591,-56.3,-70.9,-66.6, 14, 24, 0.01,225,19.4
2025-06-11 11:45:05,-102.1595,31.9380, 190.6,12595,-56.3,-70.9,-66.6, 14, 24, 0.01,225,19.5
2025-06-11 11:45:06,-102.1594,31.9381, 190.5,12599,-56.4,-70.9,-66.6, 14, 24, 0.01,225,19.5
2025-06-11 11:45:07,-102.1592,31.9382, 190.4,12604,-56.4,-70.9,-66.6, 14, 25, 0.01,226,19.5
2025-06-11 11:45:08,-102.1591,31.9384, 190.2,12608,-56.4,-70.9,-66.6, 14, 25, 0.01,226,19.5
2025-06-11 11:45:09,-102.1589,31.9385, 190.1,12612,-56.5,-71.0,-66.7, 14, 25, 0.01,226,19.6
2025-06-11 11:45:10,-102.1588,31.9386, 190.0,12617,-56.5,-71.0,-66.7, 14, 25, 0.01,226,19.6
2025-06-11 11:45:11,-102.1586,31.9387, 189.8,12621,-56.5,-71.0,-66.7, 15, 25, 0.01,226,19.6
2025-06-11 11:45:12,-102.1585,31.9389, 189.7,12625,-56.6,-71.0,-66.7, 15, 25, 0.01,226,19.6
2025-06-11 11:45:13,-102.1583,31.9390, 189.6,12629,-56.6,-71.0,-66.7, 15, 25, 0.01,226,19.7
2025-06-11 11:45:14,-102.1581,31.9391, 189.5,12634,-56.6,-71.0,-66.7, 15, 25, 0.01,226,19.7
2025-06-11 11:45:15,-102.1580,31.9392, 189.3,12638,-56.7,-71.0,-66.7, 15, 25, 0.01,226,19.7
2025-06-11 11:45:16,-102.1578,31.9394, 189.2,12643,-56.7,-71.0,-66.7, 15, 25, 0.01,226,19.8
2025-06-11 11:45:17,-102.1577,31.9395, 189.1,12647,-56.7,-71.1,-66.7, 15, 25, 0.01,226,19.8
2025-06-11 11:45:18,-102.1575,31.9396, 188.9,12652,-56.7,-71.1,-66.8, 15, 25, 0.01,226,19.9
2025-06-11 11:45:19,-102.1574,31.9398, 188.8,12657,-56.8,-71.1,-66.8, 15, 25, 0.01,226,20.0
2025-06-11 11:45:20,-102.1572,31.9399, 188.7,12661,-56.8,-71.1,-66.8, 15, 25, 0.01,226,20.0
2025-06-11 11:45:21,-102.1570,31.9400, 188.5,12665,-56.8,-71.1,-66.8, 15, 25, 0.01,226,20.1
2025-06-11 11:45:22,-102.1569,31.9401, 188.4,12670,-56.9,-71.2,-66.8, 15, 25, 0.01,226,20.2
2025-06-11 11:45:23,-102.1567,31.9403, 188.3,12674,-56.9,-71.2,-66.9, 15, 25, 0.01,226,20.2
2025-06-11 11:45:24,-102.1566,31.9404, 188.1,12679,-56.9,-71.2,-66.9, 15, 25, 0.01,226,20.3
2025-06-11 11:45:25,-102.1564,31.9405, 188.0,12683,-57.0,-71.2,-66.9, 15, 25, 0.01,226,20.4
2025-06-11 11:45:26,-102.1563,31.9406, 187.9,12688,-57.0,-71.2,-66.9, 15, 25, 0.01,226,20.4
2025-06-11 11:45:27,-102.1561,31.9408, 187.7,12693,-57.0,-71.2,-66.9, 15, 25, 0.01,226,20.5
2025-06-11 11:45:28,-102.1560,31.9409, 187.6,12697,-57.0,-71.3,-66.9, 15, 25, 0.01,226,20.6
2025-06-11 11:45:29,-102.1558,31.9410, 187.4,12702,-57.1,-71.3,-67.0, 15, 25, 0.01,226,20.6
2025-06-11 11:45:30,-102.1556,31.9412, 187.3,12706,-57.1,-71.3,-67.0, 15, 25, 0.01,226,20.7
2025-06-11 11:45:31,-102.1555,31.9413, 187.2,12711,-57.1,-71.3,-67.0, 15, 26, 0.01,226,20.8
2025-06-11 11:45:32,-102.1553,31.9414, 187.0,12715,-57.1,-71.3,-67.0, 15, 26, 0.01,226,20.8
2025-06-11 11:45:33,-102.1551,31.9416, 186.9,12720,-57.2,-71.3,-67.0, 15, 26, 0.01,227,20.9
2025-06-11 11:45:34,-102.1549,31.9417, 186.8,12724,-57.2,-71.4,-67.1, 15, 26, 0.01,227,21.0
2025-06-11 11:45:35,-102.1547,31.9418, 186.7,12729,-57.2,-71.4,-67.1, 15, 25, 0.01,227,21.0
2025-06-11 11:45:36,-102.1546,31.9420, 186.5,12733,-57.2,-71.4,-67.1, 15, 26, 0.01,227,21.1
2025-06-11 11:45:37,-102.1544,31.9421, 186.4,12737,-57.2,-71.4,-67.1, 15, 26, 0.01,227,21.2
2025-06-11 11:45:38,-102.1542,31.9423, 186.3,12742,-57.3,-71.5,-67.1, 15, 26, 0.01,227,21.3
2025-06-11 11:45:39,-102.1540,31.9424, 186.1,12746,-57.3,-71.5,-67.2, 15, 26, 0.01,227,21.4
2025-06-11 11:45:40,-102.1538,31.9425, 186.0,12751,-57.3,-71.5,-67.2, 15, 26, 0.01,227,21.5
2025-06-11 11:45:41,-102.1537,31.9427, 185.9,12755,-57.3,-71.5,-67.2, 15, 26, 0.01,227,21.6
2025-06-11 11:45:42,-102.1535,31.9428, 185.7,12760,-57.3,-71.5,-67.2, 15, 26, 0.01,227,21.7
2025-06-11 11:45:43,-102.1533,31.9429, 185.6,12764,-57.3,-71.5,-67.2, 15, 26, 0.01,227,21.7
2025-06-11 11:45:44,-102.1531,31.9431, 185.5,12769,-57.4,-71.6,-67.2, 15, 25, 0.01,227,21.8
2025-06-11 11:45:45,-102.1529,31.9432, 185.3,12773,-57.4,-71.6,-67.3, 15, 25, 0.01,227,21.9
2025-06-11 11:45:46,-102.1528,31.9434, 185.2,12778,-57.4,-71.6,-67.3, 15, 25, 0.01,227,22.0
2025-06-11 11:45:47,-102.1526,31.9435, 185.1,12782,-57.4,-71.6,-67.3, 15, 25, 0.01,228,22.1
2025-06-11 11:45:48,-102.1524,31.9436, 184.9,12787,-57.4,-71.7,-67.4, 15, 25, 0.01,228,22.2
2025-06-11 11:45:49,-102.1522,31.9438, 184.8,12791,-57.4,-71.7,-67.4, 15, 25, 0.01,228,22.3
2025-06-11 11:45:50,-102.1520,31.9439, 184.7,12796,-57.4,-71.7,-67.4, 15, 25, 0.01,228,22.4
2025-06-11 11:45:51,-102.1518,31.9441, 184.5,12801,-57.5,-71.8,-67.5, 15, 25, 0.01,228,22.4
2025-06-11 11:45:52,-102.1517,31.9442, 184.4,12806,-57.5,-71.8,-67.5, 14, 25, 0.01,228,22.5
2025-06-11 11:45:53,-102.1515,31.9443, 184.3,12810,-57.5,-71.8,-67.5, 14, 25, 0.01,228,22.6
2025-06-11 11:45:54,-102.1513,31.9445, 184.1,12815,-57.5,-71.8,-67.5, 14, 25, 0.01,228,22.7
2025-06-11 11:45:55,-102.1511,31.9446, 184.0,12820,-57.5,-71.9,-67.6, 14, 25, 0.01,228,22.8
2025-06-11 11:45:56,-102.1510,31.9447, 183.8,12824,-57.5,-71.9,-67.6, 14, 25, 0.01,228,22.9
2025-06-11 11:45:57,-102.1508,31.9449, 183.7,12829,-57.5,-71.9,-67.6, 14, 25, 0.01,228,23.0
2025-06-11 11:45:58,-102.1506,31.9450, 183.6,12833,-57.5,-71.9,-67.6, 14, 24, 0.01,228,23.0
2025-06-11 11:45:59,-102.1504,31.9451, 183.4,12838,-57.5,-72.0,-67.7, 14, 24, 0.01,228,23.1
2025-06-11 11:46:00,-102.1503,31.9453, 183.3,12842,-57.5,-72.0,-67.7, 14, 24, 0.01,228,23.2
2025-06-11 11:46:01,-102.1501,31.9454, 183.2,12847,-57.5,-72.0,-67.7, 14, 24, 0.01,228,23.2
2025-06-11 11:46:02,-102.1499,31.9456, 183.1,12851,-57.5,-72.1,-67.8, 14, 24, 0.01,228,23.3
2025-06-11 11:46:03,-102.1497,31.9457, 182.9,12856,-57.5,-72.1,-67.8, 14, 24, 0.01,229,23.4
2025-06-11 11:46:04,-102.1495,31.9458, 182.8,12860,-57.5,-72.1,-67.8, 14, 24, 0.01,229,23.5
2025-06-11 11:46:05,-102.1494,31.9459, 182.7,12865,-57.5,-72.2,-67.9, 14, 24, 0.01,229,23.5
2025-06-11 11:46:06,-102.1491,31.9461, 182.6,12867,-57.5,-72.2,-67.9, 14, 24, 0.01,229,23.6
2025-06-11 11:46:07,-102.1489,31.9462, 182.4,12874,-57.5,-72.2,-67.9, 14, 23, 0.01,229,23.7
2025-06-11 11:46:08,-102.1487,31.9464, 182.3,12878,-57.5,-72.3,-67.9, 14, 23, 0.01,229,23.8
2025-06-11 11:46:09,-102.1485,31.9465, 182.2,12883,-57.5,-72.3,-68.0, 14, 23, 0.01,229,23.8
2025-06-11 11:46:10,-102.1484,31.9466, 182.0,12887,-57.5,-72.3,-68.0, 14, 23, 0.01,229,23.9
2025-06-11 11:46:11,-102.1482,31.9468, 181.9,12891,-57.5,-72.3,-68.0, 14, 23, 0.01,229,24.0
2025-06-11 11:46:12,-102.1480,31.9469, 181.8,12896,-57.5,-72.3,-68.0, 13, 23, 0.01,229,24.1
2025-06-11 11:46:13,-102.1478,31.9470, 181.6,12901,-57.5,-72.3,-68.0, 13, 23, 0.01,229,24.1
2025-06-11 11:46:14,-102.1476,31.9472, 181.5,12905,-57.5,-72.3,-68.0, 13, 23, 0.01,229,24.2
2025-06-11 11:46:15,-102.1474,31.9473, 181.4,12910,-57.5,-72.3,-68.0, 13, 23, 0.01,229,24.3
2025-06-11 11:46:16,-102.1472,31.9474, 181.2,12915,-57.4,-72.3,-68.0, 13, 23, 0.01,229,24.2
2025-06-11 11:46:17,-102.1470,31.9476, 181.1,12920,-57.4,-72.3,-68.0, 13, 23, 0.01,229,24.1
2025-06-11 11:46:18,-102.1468,31.9477, 181.0,12924,-57.4,-72.3,-68.0, 13, 23, 0.01,229,24.0
2025-06-11 11:46:19,-102.1466,31.9478, 180.8,12928,-57.4,-72.3,-68.0, 13, 23, 0.01,229,23.9
2025-06-11 11:46:20,-102.1465,31.9480, 180.7,12933,-57.4,-72.3,-68.0, 13, 23, 0.01,230,23.8
2025-06-11 11:46:21,-102.1463,31.9481, 180.6,12937,-57.4,-72.3,-68.0, 13, 23, 0.01,230,23.8
2025-06-11 11:46:22,-102.1461,31.9482, 180.5,12942,-57.4,-72.3,-68.0, 13, 23, 0.01,230,23.7
2025-06-11 11:46:23,-102.1459,31.9484, 180.3,12945,-57.4,-72.3,-68.0, 13, 23, 0.01,230,23.6
2025-06-11 11:46:24,-102.1457,31.9485, 180.2,12951,-57.4,-72.3,-68.0, 13, 23, 0.01,230,23.5
2025-06-11 11:46:25,-102.1455,31.9487, 180.1,12955,-57.4,-72.3,-68.0, 13, 23, 0.01,230,23.4
2025-06-11 11:46:26,-102.1453,31.9488, 179.9,12960,-57.4,-72.3,-68.0, 13, 23, 0.01,230,23.3
2025-06-11 11:46:27,-102.1451,31.9489, 179.8,12964,-57.4,-72.3,-68.0, 13, 23, 0.01,230,23.2
2025-06-11 11:46:28,-102.1449,31.9491, 179.7,12969,-57.4,-72.3,-68.0, 13, 23, 0.01,230,23.1
2025-06-11 11:46:29,-102.1448,31.9492, 179.6,12974,-57.4,-72.3,-68.0, 13, 23, 0.01,230,23.1
2025-06-11 11:46:30,-102.1446,31.9493, 179.4,12978,-57.4,-72.3,-68.0, 13, 23, 0.01,230,23.0
2025-06-11 11:46:31,-102.1443,31.9495, 179.3,12982,-57.4,-72.3,-68.0, 13, 23, 0.01,231,22.9
2025-06-11 11:46:32,-102.1442,31.9496, 179.1,12989,-57.4,-72.3,-68.0, 13, 23, 0.01,231,22.8
2025-06-11 11:46:33,-102.1440,31.9497, 179.0,12991,-57.4,-72.3,-68.0, 13, 23, 0.01,231,22.7
2025-06-11 11:46:34,-102.1438,31.9498, 178.9,12996,-57.4,-72.3,-68.0, 13, 23, 0.01,231,22.6
2025-06-11 11:46:35,-102.1437,31.9499, 178.8,13000,-57.4,-72.3,-68.0, 13, 23, 0.01,231,22.5
2025-06-11 11:46:36,-102.1435,31.9500, 178.7,13005,-57.4,-72.3,-68.0, 13, 23, 0.01,231,22.4
2025-06-11 11:46:37,-102.1433,31.9501, 178.5,13009,-57.4,-72.3,-68.0, 13, 23, 0.01,231,22.4
2025-06-11 11:46:38,-102.1431,31.9502, 178.4,13014,-57.4,-72.4,-68.1, 13, 23, 0.01,231,22.3
2025-06-11 11:46:39,-102.1430,31.9504, 178.3,13018,-57.4,-72.4,-68.1, 13, 23, 0.01,231,22.2
2025-06-11 11:46:40,-102.1428,31.9505, 178.2,13023,-57.4,-72.4,-68.1, 13, 22, 0.01,231,22.1
2025-06-11 11:46:41,-102.1426,31.9506, 178.0,13027,-57.4,-72.5,-68.1, 13, 22, 0.01,232,22.0
2025-06-11 11:46:42,-102.1424,31.9507, 177.9,13032,-57.4,-72.5,-68.2, 13, 22, 0.01,232,21.9
2025-06-11 11:46:43,-102.1422,31.9508, 177.8,13036,-57.4,-72.5,-68.2, 13, 22, 0.01,232,21.9
2025-06-11 11:46:44,-102.1421,31.9509, 177.6,13041,-57.4,-72.6,-68.2, 13, 22, 0.01,232,21.8
2025-06-11 11:46:45,-102.1419,31.9510, 177.5,13045,-57.4,-72.6,-68.3, 13, 22, 0.01,232,21.7
2025-06-11 11:46:46,-102.1417,31.9511, 177.4,13050,-57.4,-72.6,-68.3, 13, 22, 0.01,232,21.6
2025-06-11 11:46:47,-102.1415,31.9512, 177.3,13054,-57.4,-72.7,-68.3, 13, 22, 0.01,232,21.5
2025-06-11 11:46:48,-102.1414,31.9514, 177.2,13058,-57.4,-72.7,-68.4, 13, 22, 0.01,232,21.4
2025-06-11 11:46:49,-102.1412,31.9515, 177.0,13062,-57.4,-72.7,-68.4, 13, 22, 0.01,233,21.3
2025-06-11 11:46:50,-102.1410,31.9516, 176.9,13067,-57.5,-72.8,-68.5, 13, 22, 0.01,233,21.3
2025-06-11 11:46:51,-102.1408,31.9517, 176.8,13071,-57.5,-72.8,-68.5, 13, 22, 0.01,233,21.2
2025-06-11 11:46:52,-102.1406,31.9518, 176.7,13076,-57.5,-72.8,-68.5, 12, 21, 0.01,233,21.1
2025-06-11 11:46:53,-102.1405,31.9519, 176.5,13080,-57.5,-72.9,-68.6, 12, 21, 0.01,233,21.0
2025-06-11 11:46:54,-102.1403,31.9520, 176.4,13085,-57.5,-72.9,-68.6, 12, 21, 0.01,233,20.9
2025-06-11 11:46:55,-102.1401,31.9521, 176.3,13089,-57.5,-72.9,-68.6, 12, 21, 0.01,233,20.8
2025-06-11 11:46:56,-102.1399,31.9523, 176.2,13094,-57.5,-73.0,-68.7, 12, 21, 0.01,233,20.8
2025-06-11 11:46:57,-102.1398,31.9524, 176.0,13098,-57.6,-73.0,-68.7, 12, 21, 0.01,234,20.8
2025-06-11 11:46:58,-102.1396,31.9525, 175.9,13102,-57.6,-73.0,-68.7, 12, 21, 0.01,234,20.8
2025-06-11 11:46:59,-102.1394,31.9526, 175.8,13107,-57.6,-73.0,-68.7, 12, 21, 0.01,234,20.8
2025-06-11 11:47:00,-102.1392,31.9527, 175.7,13111,-57.6,-73.1,-68.8, 12, 21, 0.01,234,20.8
2025-06-11 11:47:01,-102.1390,31.9528, 175.6,13116,-57.6,-73.1,-68.8, 12, 21, 0.01,234,20.8
2025-06-11 11:47:02,-102.1389,31.9529, 175.4,13120,-57.6,-73.1,-68.8, 12, 21, 0.01,234,20.8
2025-06-11 11:47:03,-102.1387,31.9530, 175.3,13124,-57.7,-73.2,-68.9, 12, 21, 0.01,234,20.7
2025-06-11 11:47:04,-102.1385,31.9531, 175.2,13128,-57.7,-73.2,-68.9, 12, 21, 0.01,234,20.7
2025-06-11 11:47:05,-102.1383,31.9532, 175.1,13133,-57.7,-73.2,-68.9, 12, 21, 0.01,235,20.7
2025-06-11 11:47:06,-102.1381,31.9533, 175.0,13137,-57.7,-73.3,-69.0, 12, 21, 0.01,235,20.7
2025-06-11 11:47:07,-102.1379,31.9534, 174.8,13141,-57.7,-73.3,-69.0, 12, 21, 0.01,235,20.7
2025-06-11 11:47:08,-102.1378,31.9535, 174.7,13145,-57.8,-73.3,-69.0, 12, 21, 0.01,235,20.7
2025-06-11 11:47:09,-102.1376,31.9536, 174.6,13150,-57.8,-73.3,-69.0, 12, 21, 0.01,235,20.7
2025-06-11 11:47:10,-102.1374,31.9537, 174.5,13154,-57.8,-73.4,-69.1, 12, 21, 0.01,235,20.7
2025-06-11 11:47:11,-102.1372,31.9538, 174.4,13158,-57.8,-73.4,-69.1, 12, 21, 0.01,235,20.6
2025-06-11 11:47:12,-102.1370,31.9539, 174.2,13163,-57.8,-73.4,-69.1, 12, 21, 0.01,235,20.6
2025-06-11 11:47:13,-102.1368,31.9540, 174.1,13167,-57.9,-73.4,-69.1, 12, 21, 0.01,236,20.6
2025-06-11 11:47:14,-102.1367,31.9541, 174.0,13172,-57.9,-73.5,-69.2, 12, 21, 0.01,236,20.6
2025-06-11 11:47:15,-102.1365,31.9542, 173.9,13176,-57.9,-73.5,-69.2, 12, 21, 0.01,236,20.6
2025-06-11 11:47:16,-102.1363,31.9543, 173.8,13180,-57.9,-73.5,-69.2, 12, 21, 0.01,236,20.6
2025-06-11 11:47:17,-102.1361,31.9544, 173.6,13185,-57.9,-73.5,-69.2, 12, 20, 0.01,236,20.6
2025-06-11 11:47:18,-102.1359,31.9545, 173.5,13189,-57.9,-73.6,-69.3, 12, 20, 0.01,236,20.6
2025-06-11 11:47:19,-102.1357,31.9546, 173.4,13193,-58.0,-73.6,-69.3, 12, 20, 0.01,236,20.6
2025-06-11 11:47:20,-102.1356,31.9547, 173.3,13198,-58.0,-73.7,-69.4, 12, 20, 0.01,236,20.6
2025-06-11 11:47:21,-102.1354,31.9548, 173.2,13202,-58.0,-73.7,-69.4, 12, 20, 0.01,237,20.6
2025-06-11 11:47:22,-102.1352,31.9549, 173.1,13206,-58.0,-73.8,-69.5, 12, 20, 0.01,237,20.6
2025-06-11 11:47:23,-102.1350,31.9550, 172.9,13210,-58.0,-73.9,-69.6, 11, 20, 0.01,237,20.6
2025-06-11 11:47:24,-102.1348,31.9551, 172.8,13214,-58.0,-73.9,-69.6, 11, 20, 0.01,237,20.6
2025-06-11 11:47:25,-102.1346,31.9552, 172.7,13218,-58.1,-74.0,-69.7, 11, 20, 0.01,237,20.6
2025-06-11 11:47:26,-102.1345,31.9553, 172.6,13224,-58.1,-74.0,-69.7, 11, 19, 0.01,237,20.6
2025-06-11 11:47:27,-102.1343,31.9554, 172.5,13227,-58.1,-74.0,-69.7, 11, 19, 0.01,237,20.6
2025-06-11 11:47:28,-102.1341,31.9555, 172.4,13231,-58.1,-74.1,-69.8, 11, 19, 0.01,238,20.6
2025-06-11 11:47:29,-102.1339,31.9556, 172.3,13235,-58.1,-74.1,-69.8, 11, 19, 0.01,238,20.7
2025-06-11 11:47:30,-102.1337,31.9557, 172.1,13240,-58.1,-74.2,-69.9, 11, 19, 0.01,238,20.7
2025-06-11 11:47:31,-102.1335,31.9558, 172.0,13244,-58.1,-74.2,-69.9, 11, 19, 0.01,238,20.7
2025-06-11 11:47:32,-102.1334,31.9559, 171.9,13248,-58.1,-74.3,-70.0, 11, 19, 0.01,238,20.7
2025-06-11 11:47:33,-102.1332,31.9560, 171.8,13252,-58.1,-74.4,-70.1, 11, 18, 0.01,238,20.7
2025-06-11 11:47:34,-102.1330,31.9561, 171.7,13256,-58.1,-74.5,-70.2, 11, 18, 0.01,238,20.7
2025-06-11 11:47:35,-102.1328,31.9562, 171.6,13260,-58.1,-74.6,-70.3, 10, 18, 0.01,239,20.7
2025-06-11 11:47:36,-102.1326,31.9562, 171.5,13264,-58.1,-74.7,-70.4, 10, 18, 0.01,239,20.7
2025-06-11 11:47:37,-102.1325,31.9563, 171.3,13268,-58.1,-74.7,-70.5, 10, 17, 0.01,239,20.6
2025-06-11 11:47:38,-102.1323,31.9564, 171.2,13273,-58.1,-74.8,-70.5, 10, 17, 0.01,239,20.6
2025-06-11 11:47:39,-102.1321,31.9565, 171.1,13277,-58.1,-74.9,-70.6, 10, 17, 0.01,239,20.6
2025-06-11 11:47:40,-102.1319,31.9566, 171.0,13281,-58.1,-75.0,-70.7, 10, 17, 0.01,239,20.6
2025-06-11 11:47:41,-102.1317,31.9567, 170.9,13285,-58.1,-75.1,-70.8, 10, 17, 0.01,239,20.6
2025-06-11 11:47:42,-102.1316,31.9568, 170.8,13290,-58.1,-75.2,-70.9,  9, 16, 0.01,239,20.5
2025-06-11 11:47:43,-102.1314,31.9569, 170.7,13294,-58.1,-75.3,-71.0,  9, 16, 0.01,239,20.5
2025-06-11 11:47:44,-102.1312,31.9570, 170.5,13298,-58.1,-75.3,-71.0,  9, 16, 0.01,239,20.5
2025-06-11 11:47:45,-102.1310,31.9571, 170.4,13302,-58.1,-75.4,-71.1,  9, 16, 0.01,239,20.5
2025-06-11 11:47:46,-102.1308,31.9572, 170.3,13307,-58.1,-75.4,-71.1,  9, 16, 0.01,239,20.4
2025-06-11 11:47:47,-102.1306,31.9572, 170.2,13311,-58.0,-75.5,-71.2,  9, 16, 0.01,239,20.4
2025-06-11 11:47:48,-102.1305,31.9573, 170.1,13315,-58.0,-75.5,-71.2,  9, 15, 0.01,240,20.4
2025-06-11 11:47:49,-102.1303,31.9574, 170.0,13320,-58.0,-75.5,-71.3,  9, 15, 0.01,240,20.4
2025-06-11 11:47:50,-102.1301,31.9575, 169.8,13324,-58.0,-75.6,-71.3,  9, 15, 0.01,240,20.3
2025-06-11 11:47:51,-102.1299,31.9576, 169.7,13328,-58.0,-75.6,-71.3,  9, 15, 0.01,240,20.3
2025-06-11 11:47:52,-102.1297,31.9577, 169.6,13333,-58.0,-75.7,-71.4,  9, 15, 0.01,240,20.3
2025-06-11 11:47:53,-102.1296,31.9578, 169.5,13337,-58.0,-75.7,-71.4,  9, 15, 0.01,240,20.3
2025-06-11 11:47:54,-102.1294,31.9579, 169.4,13341,-58.0,-75.7,-71.5,  9, 15, 0.01,240,20.3
2025-06-11 11:47:55,-102.1292,31.9580, 169.3,13345,-58.0,-75.8,-71.5,  9, 15, 0.01,240,20.2
2025-06-11 11:47:56,-102.1290,31.9580, 169.2,13350,-58.0,-75.8,-71.5,  8, 15, 0.01,240,20.1
2025-06-11 11:47:57,-102.1288,31.9581, 169.1,13353,-58.0,-75.9,-71.6,  8, 15, 0.01,240,20.0
2025-06-11 11:47:58,-102.1287,31.9582, 168.9,13358,-58.0,-75.8,-71.5,  9, 15, 0.01,240,19.9
2025-06-11 11:47:59,-102.1285,31.9583, 168.8,13362,-58.0,-75.7,-71.5,  9, 15, 0.01,240,19.8
2025-06-11 11:48:00,-102.1283,31.9584, 168.7,13366,-58.0,-75.7,-71.4,  9, 15, 0.01,240,19.6
2025-06-11 11:48:01,-102.1281,31.9585, 168.6,13371,-58.0,-75.6,-71.3,  9, 15, 0.01,239,19.5
2025-06-11 11:48:02,-102.1280,31.9586, 168.5,13375,-58.0,-75.6,-71.3,  9, 15, 0.01,239,19.4
2025-06-11 11:48:03,-102.1278,31.9587, 168.4,13379,-58.0,-75.5,-71.2,  9, 15, 0.01,239,19.3
2025-06-11 11:48:04,-102.1277,31.9588, 168.2,13383,-58.0,-75.5,-71.2,  9, 15, 0.01,239,19.2
2025-06-11 11:48:05,-102.1275,31.9588, 168.1,13388,-57.9,-75.4,-71.1,  9, 16, 0.01,239,19.0
2025-06-11 11:48:06,-102.1275,31.9589, 168.0,13392,-57.9,-75.3,-71.0,  9, 16, 0.01,239,18.9
2025-06-11 11:48:07,-102.1272,31.9590, 168.0,13394,-57.9,-75.3,-71.0,  9, 16, 0.01,239,18.9
2025-06-11 11:48:08,-102.1271,31.9591, 167.8,13400,-57.9,-75.2,-71.0,  9, 16, 0.01,239,18.7
2025-06-11 11:48:09,-102.1269,31.9592, 167.7,13404,-57.9,-75.2,-70.9,  9, 16, 0.01,238,18.6
2025-06-11 11:48:10,-102.1268,31.9593, 167.6,13408,-58.0,-75.2,-70.9,  9, 16, 0.01,238,18.4
2025-06-11 11:48:11,-102.1266,31.9594, 167.5,13412,-58.0,-75.1,-70.8,  9, 16, 0.01,238,18.3
2025-06-11 11:48:12,-102.1265,31.9594, 167.4,13416,-58.0,-75.1,-70.8,  9, 16, 0.01,238,18.2
2025-06-11 11:48:13,-102.1263,31.9595, 167.3,13421,-58.0,-75.1,-70.8,  9, 16, 0.01,238,18.1
2025-06-11 11:48:14,-102.1262,31.9596, 167.1,13425,-58.0,-75.1,-70.8,  9, 16, 0.01,238,18.0
2025-06-11 11:48:15,-102.1260,31.9597, 167.0,13429,-58.0,-75.1,-70.8,  9, 16, 0.01,238,17.9
2025-06-11 11:48:16,-102.1259,31.9598, 166.9,13433,-58.0,-75.1,-70.8, 10, 16, 0.01,237,17.8
2025-06-11 11:48:17,-102.1257,31.9599, 166.8,13437,-58.0,-75.0,-70.8, 10, 16, 0.01,237,17.7
2025-06-11 11:48:18,-102.1256,31.9600, 166.7,13441,-58.0,-75.0,-70.7, 10, 16, 0.01,237,17.6
2025-06-11 11:48:19,-102.1254,31.9600, 166.6,13445,-58.0,-75.0,-70.7, 10, 17, 0.01,237,17.6
2025-06-11 11:48:20,-102.1253,31.9601, 166.5,13449,-58.0,-75.0,-70.7, 10, 17, 0.01,237,17.5
2025-06-11 11:48:21,-102.1252,31.9602, 166.4,13454,-58.0,-75.0,-70.7, 10, 17, 0.01,237,17.4
2025-06-11 11:48:22,-102.1250,31.9603, 166.3,13458,-58.0,-75.0,-70.7, 10, 17, 0.01,237,17.4
2025-06-11 11:48:23,-102.1249,31.9604, 166.2,13462,-58.0,-75.0,-70.7, 10, 17, 0.01,237,17.3
2025-06-11 11:48:24,-102.1247,31.9605, 166.1,13465,-58.0,-75.0,-70.7, 10, 17, 0.01,236,17.2
2025-06-11 11:48:25,-102.1246,31.9606, 166.0,13470,-58.0,-75.0,-70.7, 10, 17, 0.01,236,17.2
2025-06-11 11:48:26,-102.1244,31.9606, 165.8,13474,-58.0,-75.1,-70.8, 10, 16, 0.01,236,17.1
2025-06-11 11:48:27,-102.1243,31.9607, 165.7,13478,-58.0,-75.1,-70.8,  9, 16, 0.01,236,17.0
2025-06-11 11:48:28,-102.1241,31.9608, 165.6,13482,-58.0,-75.2,-70.9,  9, 16, 0.01,236,17.0
2025-06-11 11:48:29,-102.1240,31.9609, 165.5,13486,-58.0,-75.2,-71.0,  9, 16, 0.01,236,16.9
2025-06-11 11:48:30,-102.1238,31.9610, 165.4,13489,-58.0,-75.3,-71.0,  9, 16, 0.01,236,16.8
2025-06-11 11:48:31,-102.1237,31.9611, 165.3,13493,-58.0,-75.4,-71.1,  9, 16, 0.01,235,16.7
2025-06-11 11:48:32,-102.1235,31.9612, 165.2,13497,-58.1,-75.4,-71.1,  9, 16, 0.01,235,16.7
2025-06-11 11:48:33,-102.1234,31.9612, 165.1,13501,-58.1,-75.5,-71.2,  9, 16, 0.01,235,16.6
2025-06-11 11:48:34,-102.1232,31.9613, 165.0,13505,-58.1,-75.5,-71.2,  9, 15, 0.01,235,16.5
2025-06-11 11:48:35,-102.1231,31.9614, 164.9,13509,-58.1,-75.6,-71.3,  9, 15, 0.01,235,16.5
2025-06-11 11:48:36,-102.1229,31.9615, 164.8,13513,-58.1,-75.6,-71.4,  9, 15, 0.01,235,16.5
2025-06-11 11:48:37,-102.1228,31.9616, 164.7,13517,-58.1,-75.7,-71.4,  9, 15, 0.01,235,16.5
2025-06-11 11:48:38,-102.1226,31.9616, 164.6,13521,-58.1,-75.8,-71.5,  9, 15, 0.01,235,16.6
2025-06-11 11:48:39,-102.1225,31.9617, 164.5,13525,-58.1,-75.9,-71.6,  9, 15, 0.01,235,16.6
2025-06-11 11:48:40,-102.1223,31.9618, 164.4,13529,-58.1,-75.9,-71.7,  8, 15, 0.01,236,16.6
2025-06-11 11:48:41,-102.1222,31.9619, 164.3,13533,-58.1,-76.0,-71.7,  8, 14, 0.01,236,16.6
2025-06-11 11:48:42,-102.1220,31.9620, 164.2,13537,-58.1,-76.1,-71.8,  8, 14, 0.01,236,16.7
2025-06-11 11:48:43,-102.1219,31.9621, 164.1,13541,-58.1,-76.2,-71.9,  8, 14, 0.01,236,16.7
2025-06-11 11:48:44,-102.1217,31.9621, 164.0,13545,-58.1,-76.3,-72.0,  8, 14, 0.01,236,16.7
2025-06-11 11:48:45,-102.1216,31.9622, 163.9,13549,-58.1,-76.3,-72.1,  8, 14, 0.01,236,16.8
2025-06-11 11:48:46,-102.1214,31.9623, 163.8,13554,-58.1,-76.4,-72.2,  8, 14, 0.01,236,16.8
2025-06-11 11:48:47,-102.1213,31.9624, 163.7,13558,-58.1,-76.5,-72.2,  8, 13, 0.01,237,16.8
2025-06-11 11:48:48,-102.1211,31.9625, 163.5,13562,-58.1,-76.6,-72.3,  8, 13, 0.01,237,16.9
2025-06-11 11:48:49,-102.1210,31.9626, 163.4,13566,-58.1,-76.7,-72.4,  8, 13, 0.01,237,16.9
2025-06-11 11:48:50,-102.1208,31.9626, 163.3,13570,-58.1,-76.8,-72.5,  7, 13, 0.01,237,16.9
2025-06-11 11:48:51,-102.1207,31.9627, 163.2,13574,-58.1,-76.8,-72.6,  7, 13, 0.01,237,16.9
2025-06-11 11:48:52,-102.1205,31.9628, 163.1,13578,-58.1,-76.9,-72.6,  7, 13, 0.01,237,17.0
2025-06-11 11:48:53,-102.1204,31.9629, 163.0,13582,-58.1,-77.0,-72.7,  7, 12, 0.01,237,17.0
2025-06-11 11:48:54,-102.1202,31.9630, 162.9,13586,-58.1,-77.0,-72.8,  7, 12, 0.01,237,17.0
2025-06-11 11:48:55,-102.1201,31.9630, 162.8,13590,-58.1,-77.1,-72.8,  7, 12, 0.01,238,17.1
2025-06-11 11:48:56,-102.1199,31.9631, 162.7,13594,-58.1,-77.2,-72.9,  7, 12, 0.01,238,17.0
2025-06-11 11:48:57,-102.1198,31.9632, 162.6,13599,-58.1,-77.2,-73.0,  7, 12, 0.01,238,17.0
2025-06-11 11:48:58,-102.1196,31.9633, 162.5,13603,-58.1,-77.3,-73.0,  7, 12, 0.01,238,17.0
2025-06-11 11:48:59,-102.1195,31.9634, 162.4,13607,-58.1,-77.4,-73.1,  7, 12, 0.01,238,17.0
2025-06-11 11:49:00,-102.1193,31.9635, 162.3,13611,-58.1,-77.4,-73.2,  7, 12, 0.01,238,17.0
2025-06-11 11:49:01,-102.1192,31.9635, 162.2,13616,-58.1,-77.5,-73.3,  7, 11, 0.01,238,16.9
2025-06-11 11:49:02,-102.1190,31.9636, 162.0,13620,-58.1,-77.6,-73.3,  7, 11, 0.01,238,16.9
2025-06-11 11:49:03,-102.1188,31.9637, 161.9,13624,-58.1,-77.7,-73.4,  6, 11, 0.01,238,16.9
2025-06-11 11:49:04,-102.1187,31.9638, 161.8,13628,-58.1,-77.7,-73.5,  6, 11, 0.01,238,16.9
2025-06-11 11:49:05,-102.1186,31.9638, 161.7,13633,-58.1,-77.8,-73.5,  6, 11, 0.01,238,16.8
2025-06-11 11:49:06,-102.1184,31.9639, 161.6,13637,-58.1,-77.8,-73.5,  6, 11, 0.01,238,16.8
2025-06-11 11:49:07,-102.1183,31.9640, 161.5,13641,-58.1,-77.9,-73.6,  6, 11, 0.01,238,16.8
2025-06-11 11:49:08,-102.1181,31.9641, 161.4,13645,-58.1,-77.9,-73.7,  6, 11, 0.01,238,16.8
2025-06-11 11:49:09,-102.1180,31.9641, 161.3,13649,-58.1,-78.0,-73.7,  6, 11, 0.01,238,16.8
2025-06-11 11:49:10,-102.1178,31.9642, 161.2,13653,-58.1,-78.0,-73.8,  6, 11, 0.01,238,16.7
2025-06-11 11:49:11,-102.1177,31.9643, 161.1,13657,-58.1,-78.1,-73.8,  6, 11, 0.01,238,16.7
2025-06-11 11:49:12,-102.1176,31.9644, 161.0,13661,-58.1,-78.1,-73.9,  6, 10, 0.01,238,16.7
2025-06-11 11:49:13,-102.1174,31.9644, 160.9,13666,-58.2,-78.2,-73.9,  6, 10, 0.01,238,16.7
2025-06-11 11:49:14,-102.1173,31.9645, 160.8,13670,-58.2,-78.2,-74.0,  6, 10, 0.01,238,16.6
2025-06-11 11:49:15,-102.1171,31.9646, 160.6,13674,-58.2,-78.3,-74.0,  6, 10, 0.01,238,16.6
2025-06-11 11:49:16,-102.1170,31.9647, 160.5,13679,-58.2,-78.3,-74.1,  6, 10, 0.01,238,16.6
2025-06-11 11:49:17,-102.1168,31.9647, 160.4,13683,-58.2,-78.4,-74.1,  6, 10, 0.01,238,16.5
2025-06-11 11:49:18,-102.1167,31.9648, 160.3,13687,-58.2,-78.4,-74.1,  6, 10, 0.01,238,16.5
2025-06-11 11:49:19,-102.1166,31.9649, 160.2,13692,-58.2,-78.4,-74.1,  6, 10, 0.01,238,16.4
2025-06-11 11:49:20,-102.1164,31.9650, 160.1,13696,-58.2,-78.4,-74.2,  6, 10, 0.01,238,16.4
2025-06-11 11:49:21,-102.1163,31.9650, 160.0,13700,-58.3,-78.4,-74.2,  6, 10, 0.01,238,16.3
2025-06-11 11:49:22,-102.1161,31.9651, 159.9,13704,-58.3,-78.4,-74.2,  6, 10, 0.01,238,16.3
2025-06-11 11:49:23,-102.1160,31.9652, 159.8,13708,-58.3,-78.4,-74.2,  6, 10, 0.01,238,16.2
2025-06-11 11:49:24,-102.1158,31.9653, 159.7,13713,-58.3,-78.5,-74.2,  6, 10, 0.01,238,16.2
2025-06-11 11:49:25,-102.1157,31.9653, 159.6,13717,-58.3,-78.5,-74.2,  6, 10, 0.01,238,16.1
2025-06-11 11:49:26,-102.1155,31.9654, 159.5,13721,-58.3,-78.5,-74.2,  6, 10, 0.01,238,16.1
2025-06-11 11:49:27,-102.1154,31.9655, 159.4,13725,-58.3,-78.5,-74.3,  6, 10, 0.01,238,16.1
2025-06-11 11:49:28,-102.1153,31.9656, 159.3,13729,-58.4,-78.5,-74.3,  6, 10, 0.01,238,16.0
2025-06-11 11:49:29,-102.1151,31.9656, 159.2,13733,-58.4,-78.5,-74.3,  6, 10, 0.01,238,16.0
2025-06-11 11:49:30,-102.1150,31.9657, 159.1,13737,-58.4,-78.6,-74.3,  6, 10, 0.01,238,15.9
2025-06-11 11:49:31,-102.1148,31.9658, 159.0,13741,-58.4,-78.6,-74.4,  6, 10, 0.01,238,15.9
2025-06-11 11:49:32,-102.1147,31.9659, 158.9,13745,-58.5,-78.6,-74.4,  6, 10, 0.01,238,15.8
2025-06-11 11:49:33,-102.1145,31.9659, 158.8,13749,-58.5,-78.7,-74.4,  6, 10, 0.01,238,15.8
2025-06-11 11:49:34,-102.1144,31.9660, 158.6,13753,-58.5,-78.7,-74.5,  6, 10, 0.01,239,15.7
2025-06-11 11:49:35,-102.1143,31.9661, 158.5,13757,-58.5,-78.7,-74.5,  6, 10, 0.01,239,15.7
2025-06-11 11:49:36,-102.1141,31.9662, 158.4,13761,-58.6,-78.8,-74.5,  6, 10, 0.01,238,15.7
2025-06-11 11:49:37,-102.1140,31.9663, 158.3,13765,-58.6,-78.8,-74.6,  6, 10, 0.01,238,15.6
2025-06-11 11:49:38,-102.1139,31.9663, 158.2,13770,-58.6,-78.8,-74.6,  6, 10, 0.01,238,15.6
2025-06-11 11:49:39,-102.1137,31.9664, 158.1,13774,-58.7,-78.9,-74.6,  6, 10, 0.01,238,15.6
2025-06-11 11:49:40,-102.1136,31.9665, 158.0,13778,-58.7,-78.9,-74.7,  6, 10, 0.01,238,15.6
2025-06-11 11:49:41,-102.1135,31.9666, 157.9,13783,-58.7,-78.9,-74.7,  6, 10, 0.01,238,15.5
2025-06-11 11:49:42,-102.1133,31.9666, 157.8,13787,-58.7,-79.0,-74.7,  6, 10, 0.01,238,15.5
2025-06-11 11:49:43,-102.1132,31.9667, 157.7,13792,-58.7,-79.0,-74.7,  6, 10, 0.00,238,15.5
2025-06-11 11:49:44,-102.1131,31.9668, 157.6,13796,-58.8,-79.0,-74.8,  6, 10, 0.00,238,15.5
2025-06-11 11:49:45,-102.1129,31.9669, 157.5,13801,-58.8,-79.1,-74.8,  6, 10, 0.00,238,15.5
2025-06-11 11:49:46,-102.1128,31.9669, 157.3,13805,-58.8,-79.1,-74.9,  6, 10, 0.00,238,15.4
2025-06-11 11:49:47,-102.1127,31.9670, 157.2,13809,-58.8,-79.2,-74.9,  6, 10, 0.00,238,15.4
2025-06-11 11:49:48,-102.1125,31.9671, 157.1,13814,-58.8,-79.2,-75.0,  6, 10, 0.00,237,15.4
2025-06-11 11:49:49,-102.1124,31.9672, 157.0,13818,-58.8,-79.3,-75.0,  6, 10, 0.00,237,15.4
2025-06-11 11:49:50,-102.1123,31.9673, 156.9,13823,-58.9,-79.3,-75.1,  6, 10, 0.00,237,15.3
2025-06-11 11:49:51,-102.1121,31.9673, 156.8,13827,-58.9,-79.3,-75.1,  5, 10, 0.00,237,15.3
2025-06-11 11:49:52,-102.1120,31.9674, 156.7,13831,-58.9,-79.4,-75.2,  5,  9, 0.00,237,15.3
2025-06-11 11:49:53,-102.1119,31.9675, 156.6,13836,-58.9,-79.4,-75.2,  5,  9, 0.00,237,15.3
2025-06-11 11:49:54,-102.1117,31.9676, 156.5,13840,-58.9,-79.5,-75.3,  5,  9, 0.00,237,15.3
2025-06-11 11:49:55,-102.1116,31.9676, 156.4,13844,-59.0,-79.5,-75.3,  5,  9, 0.00,237,15.2
2025-06-11 11:49:56,-102.1115,31.9677, 156.3,13849,-59.0,-79.6,-75.3,  5,  9, 0.00,237,15.2
2025-06-11 11:49:57,-102.1113,31.9678, 156.1,13853,-59.0,-79.6,-75.4,  5,  9, 0.00,236,15.2
2025-06-11 11:49:58,-102.1112,31.9679, 156.0,13857,-59.0,-79.6,-75.4,  5,  9, 0.00,236,15.2
2025-06-11 11:49:59,-102.1111,31.9680, 155.9,13862,-59.0,-79.7,-75.4,  5,  9, 0.00,236,15.2
2025-06-11 11:50:00,-102.1109,31.9680, 155.8,13866,-59.0,-79.7,-75.5,  5,  9, 0.00,236,15.2
2025-06-11 11:50:01,-102.1108,31.9681, 155.7,13871,-59.0,-79.7,-75.5,  5,  9, 0.00,236,15.2
2025-06-11 11:50:02,-102.1107,31.9682, 155.6,13875,-59.1,-79.8,-75.5,  5,  9, 0.00,236,15.2
2025-06-11 11:50:03,-102.1105,31.9683, 155.5,13879,-59.1,-79.8,-75.6,  5,  9, 0.00,235,15.3
2025-06-11 11:50:04,-102.1104,31.9683, 155.4,13883,-59.1,-79.8,-75.6,  5,  9, 0.00,235,15.3
2025-06-11 11:50:05,-102.1103,31.9684, 155.3,13888,-59.1,-79.8,-75.6,  5,  9, 0.00,235,15.3
2025-06-11 11:50:06,-102.1102,31.9685, 155.2,13892,-59.1,-79.9,-75.6,  5,  9, 0.00,235,15.3
2025-06-11 11:50:07,-102.1100,31.9686, 155.1,13896,-59.1,-79.9,-75.7,  5,  9, 0.00,235,15.3
2025-06-11 11:50:08,-102.1099,31.9687, 155.0,13901,-59.1,-79.9,-75.7,  5,  9, 0.00,234,15.3
2025-06-11 11:50:09,-102.1098,31.9687, 154.8,13905,-59.1,-79.9,-75.7,  5,  9, 0.00,234,15.3
2025-06-11 11:50:10,-102.1097,31.9688, 154.7,13910,-59.2,-80.0,-75.8,  5,  9, 0.00,234,15.3
2025-06-11 11:50:11,-102.1095,31.9689, 154.6,13914,-59.2,-80.0,-75.7,  5,  9, 0.00,234,15.3
2025-06-11 11:50:12,-102.1094,31.9690, 154.5,13918,-59.2,-79.9,-75.7,  5,  9, 0.00,234,15.3
2025-06-11 11:50:13,-102.1093,31.9691, 154.4,13923,-59.2,-79.8,-75.6,  5,  9, 0.00,234,15.3
2025-06-11 11:50:14,-102.1092,31.9691, 154.3,13928,-59.2,-79.8,-75.6,  5,  9, 0.00,233,15.3
2025-06-11 11:50:15,-102.1090,31.9692, 154.2,13932,-59.2,-79.7,-75.5,  5,  9, 0.00,233,15.3
2025-06-11 11:50:16,-102.1089,31.9693, 154.1,13937,-59.2,-79.7,-75.5,  5,  9, 0.00,233,15.3
2025-06-11 11:50:17,-102.1088,31.9694, 154.0,13942,-59.3,-79.6,-75.4,  5, 10, 0.00,233,15.2
2025-06-11 11:50:18,-102.1087,31.9695, 153.8,13946,-59.3,-79.6,-75.3,  6, 10, 0.00,233,15.2
2025-06-11 11:50:19,-102.1085,31.9695, 153.7,13951,-59.3,-79.5,-75.3,  6, 10, 0.00,233,15.1
2025-06-11 11:50:20,-102.1084,31.9696, 153.6,13955,-59.3,-79.5,-75.2,  6, 10, 0.00,233,15.1
2025-06-11 11:50:21,-102.1083,31.9697, 153.5,13960,-59.3,-79.4,-75.2,  6, 10, 0.00,233,15.1
2025-06-11 11:50:22,-102.1082,31.9698, 153.4,13964,-59.3,-79.4,-75.2,  6, 10, 0.00,233,15.0
2025-06-11 11:50:23,-102.1080,31.9699, 153.3,13969,-59.4,-79.3,-75.1,  6, 10, 0.00,233,15.0
2025-06-11 11:50:24,-102.1079,31.9699, 153.2,13973,-59.4,-79.3,-75.1,  6, 10, 0.00,233,15.0
2025-06-11 11:50:25,-102.1078,31.9700, 153.1,13977,-59.4,-79.3,-75.1,  6, 10, 0.00,233,14.9
2025-06-11 11:50:26,-102.1077,31.9701, 153.0,13981,-59.4,-79.3,-75.1,  6, 10, 0.00,233,14.9
2025-06-11 11:50:27,-102.1075,31.9702, 152.9,13986,-59.4,-79.3,-75.1,  6, 10, 0.00,233,14.9
2025-06-11 11:50:28,-102.1074,31.9703, 152.8,13990,-59.5,-79.4,-75.1,  6, 10, 0.00,233,14.8
2025-06-11 11:50:29,-102.1073,31.9703, 152.7,13994,-59.5,-79.4,-75.1,  6, 10, 0.00,233,14.8
2025-06-11 11:50:30,-102.1072,31.9704, 152.6,13998,-59.5,-79.4,-75.2,  6, 10, 0.00,233,14.7
2025-06-11 11:50:31,-102.1070,31.9705, 152.5,14002,-59.5,-79.4,-75.2,  6, 10, 0.00,233,14.7
2025-06-11 11:50:32,-102.1069,31.9706, 152.4,14006,-59.5,-79.4,-75.2,  6, 10, 0.00,233,14.7
2025-06-11 11:50:33,-102.1068,31.9707, 152.3,14010,-59.6,-79.4,-75.2,  6, 10, 0.00,233,14.6
2025-06-11 11:50:34,-102.1067,31.9708, 152.2,14014,-59.6,-79.4,-75.2,  6, 10, 0.00,233,14.6
2025-06-11 11:50:35,-102.1065,31.9709, 152.1,14018,-59.6,-79.5,-75.2,  6, 10, 0.00,233,14.6
2025-06-11 11:50:36,-102.1064,31.9709, 152.0,14023,-59.6,-79.5,-75.3,  6, 10, 0.00,232,14.6
2025-06-11 11:50:37,-102.1063,31.9710, 151.9,14027,-59.7,-79.5,-75.3,  6, 10, 0.00,232,14.6
2025-06-11 11:50:38,-102.1062,31.9711, 151.7,14032,-59.7,-79.6,-75.3,  6, 10, 0.00,232,14.6
2025-06-11 11:50:39,-102.1061,31.9712, 151.6,14036,-59.7,-79.6,-75.4,  6, 10, 0.00,232,14.7
2025-06-11 11:50:40,-102.1059,31.9713, 151.5,14041,-59.7,-79.7,-75.5,  6, 10, 0.00,232,14.7
2025-06-11 11:50:41,-102.1058,31.9714, 151.4,14045,-59.8,-79.8,-75.6,  6, 10, 0.00,232,14.7
2025-06-11 11:50:42,-102.1057,31.9715, 151.3,14050,-59.8,-79.9,-75.6,  6, 10, 0.00,231,14.8
2025-06-11 11:50:43,-102.1056,31.9716, 151.2,14055,-59.8,-79.9,-75.7,  6, 10, 0.00,231,14.8
2025-06-11 11:50:44,-102.1055,31.9717, 151.1,14059,-59.9,-80.0,-75.8,  6, 10, 0.00,231,14.8
2025-06-11 11:50:45,-102.1053,31.9718, 150.9,14064,-59.9,-80.1,-75.9,  6, 10, 0.00,231,14.8
2025-06-11 11:50:46,-102.1052,31.9719, 150.8,14069,-59.9,-80.2,-76.0,  5, 10, 0.00,231,14.9
2025-06-11 11:50:47,-102.1051,31.9720, 150.7,14074,-59.9,-80.2,-76.0,  5,  9, 0.00,231,14.9
2025-06-11 11:50:48,-102.1050,31.9721, 150.6,14080,-60.0,-80.3,-76.1,  5,  9, 0.00,231,14.9
2025-06-11 11:50:49,-102.1049,31.9721, 150.4,14085,-60.0,-80.4,-76.2,  5,  9, 0.00,230,14.9
2025-06-11 11:50:50,-102.1047,31.9722, 150.3,14091,-60.0,-80.5,-76.3,  5,  9, 0.00,230,15.0
2025-06-11 11:50:51,-102.1046,31.9724, 150.2,14096,-60.1,-80.6,-76.3,  5,  9, 0.00,230,15.0
2025-06-11 11:50:52,-102.1045,31.9724, 150.0,14104,-60.1,-80.6,-76.4,  5,  9, 0.00,230,15.0
2025-06-11 11:50:53,-102.1044,31.9725, 149.9,14108,-60.1,-80.6,-76.4,  5,  9, 0.00,230,15.0
2025-06-11 11:50:54,-102.1043,31.9726, 149.8,14113,-60.2,-80.7,-76.5,  5,  9, 0.00,230,15.1
2025-06-11 11:50:55,-102.1041,31.9727, 149.6,14119,-60.2,-80.7,-76.5,  5,  9, 0.00,229,15.1
2025-06-11 11:50:56,-102.1040,31.9728, 149.5,14124,-60.2,-80.8,-76.6,  5,  9, 0.00,229,15.2
2025-06-11 11:50:57,-102.1039,31.9729, 149.4,14130,-60.2,-80.8,-76.6,  5,  9, 0.00,229,15.2
2025-06-11 11:50:58,-102.1038,31.9730, 149.3,14135,-60.3,-80.9,-76.7,  5,  9, 0.00,229,15.2
2025-06-11 11:50:59,-102.1037,31.9731, 149.1,14141,-60.3,-80.9,-76.7,  5,  9, 0.00,229,15.3
2025-06-11 11:51:00,-102.1035,31.9732, 149.0,14146,-60.3,-81.0,-76.8,  5,  9, 0.00,228,15.3
2025-06-11 11:51:01,-102.1034,31.9732, 148.9,14151,-60.4,-81.0,-76.8,  5,  9, 0.00,228,15.4
2025-06-11 11:51:02,-102.1033,31.9733, 148.7,14157,-60.4,-81.0,-76.8,  5,  9, 0.00,228,15.4
2025-06-11 11:51:03,-102.1032,31.9734, 148.6,14162,-60.4,-81.1,-76.9,  5,  9, 0.00,228,15.5
2025-06-11 11:51:04,-102.1031,31.9735, 148.5,14167,-60.5,-81.2,-77.0,  5,  9, 0.00,228,15.5
2025-06-11 11:51:05,-102.1029,31.9736, 148.4,14171,-60.5,-81.2,-77.0,  5,  9, 0.00,227,15.6
2025-06-11 11:51:06,-102.1028,31.9737, 148.3,14176,-60.5,-81.2,-77.0,  5,  9, 0.00,227,15.6
2025-06-11 11:51:07,-102.1027,31.9738, 148.2,14181,-60.6,-81.2,-77.0,  5,  9, 0.00,227,15.7
2025-06-11 11:51:08,-102.1025,31.9739, 148.0,14186,-60.6,-81.2,-77.0,  5,  9, 0.00,227,15.7
2025-06-11 11:51:09,-102.1024,31.9740, 147.9,14191,-60.6,-81.2,-77.0,  5,  9, 0.00,227,15.8
2025-06-11 11:51:10,-102.1023,31.9741, 147.8,14195,-60.7,-81.2,-77.0,  5,  9, 0.00,227,15.8
2025-06-11 11:51:11,-102.1022,31.9742, 147.7,14200,-60.7,-81.2,-77.0,  5,  9, 0.00,226,15.9
2025-06-11 11:51:12,-102.1020,31.9743, 147.6,14204,-60.7,-81.2,-77.0,  5,  9, 0.00,226,15.9
2025-06-11 11:51:13,-102.1019,31.9744, 147.5,14209,-60.8,-81.2,-77.0,  5,  9, 0.00,226,15.9
2025-06-11 11:51:14,-102.1018,31.9745, 147.4,14214,-60.8,-81.2,-77.0,  5,  9, 0.00,226,16.0
2025-06-11 11:51:15,-102.1016,31.9746, 147.3,14218,-60.8,-81.2,-77.0,  5,  9, 0.00,226,16.0
2025-06-11 11:51:16,-102.1015,31.9746, 147.2,14222,-60.9,-81.2,-77.0,  5,  9, 0.00,226,16.0
2025-06-11 11:51:17,-102.1014,31.9747, 147.1,14227,-60.9,-81.3,-77.1,  5,  9, 0.00,226,16.0
2025-06-11 11:51:18,-102.1013,31.9748, 147.0,14231,-60.9,-81.3,-77.1,  5,  9, 0.00,226,16.0
2025-06-11 11:51:19,-102.1011,31.9749, 146.9,14235,-61.0,-81.3,-77.1,  5,  9, 0.00,227,16.0
2025-06-11 11:51:20,-102.1010,31.9750, 146.8,14240,-61.0,-81.4,-77.2,  5,  9, 0.00,227,16.0
2025-06-11 11:51:21,-102.1009,31.9751, 146.7,14244,-61.0,-81.4,-77.2,  5,  9, 0.00,227,16.0
2025-06-11 11:51:22,-102.1007,31.9752, 146.5,14249,-61.0,-81.5,-77.3,  5,  9, 0.00,227,16.0
2025-06-11 11:51:23,-102.1006,31.9753, 146.4,14253,-61.1,-81.5,-77.3,  5,  9, 0.00,228,16.0
2025-06-11 11:51:24,-102.1005,31.9754, 146.3,14258,-61.1,-81.5,-77.3,  5,  9, 0.00,228,16.0
2025-06-11 11:51:25,-102.1004,31.9755, 146.2,14262,-61.1,-81.6,-77.4,  5,  9, 0.00,228,16.0
2025-06-11 11:51:26,-102.1002,31.9756, 146.1,14267,-61.2,-81.6,-77.4,  5,  9, 0.00,229,16.0
2025-06-11 11:51:27,-102.1001,31.9757, 146.0,14272,-61.2,-81.7,-77.5,  5,  9, 0.00,229,16.0
2025-06-11 11:51:28,-102.1000,31.9758, 145.9,14276,-61.2,-81.7,-77.5,  5,  9, 0.00,229,16.0
2025-06-11 11:51:29,-102.0998,31.9759, 145.8,14281,-61.2,-81.8,-77.6,  5,  9, 0.00,229,16.0
2025-06-11 11:51:30,-102.0997,31.9760, 145.7,14286,-61.3,-81.8,-77.6,  5,  9, 0.00,230,16.0
2025-06-11 11:51:31,-102.0996,31.9761, 145.6,14290,-61.3,-81.8,-77.6,  5,  9, 0.00,230,16.0
2025-06-11 11:51:32,-102.0995,31.9761, 145.5,14295,-61.3,-81.8,-77.6,  5,  9, 0.00,230,16.0
2025-06-11 11:51:33,-102.0993,31.9762, 145.3,14300,-61.4,-81.8,-77.6,  5,  9, 0.00,230,16.0
2025-06-11 11:51:34,-102.0992,31.9763, 145.2,14305,-61.4,-81.8,-77.6,  5,  9, 0.00,231,16.0
2025-06-11 11:51:35,-102.0990,31.9764, 145.1,14310,-61.4,-81.7,-77.6,  5,  9, 0.00,231,16.0
2025-06-11 11:51:36,-102.0989,31.9765, 145.0,14315,-61.5,-81.7,-77.5,  5,  9, 0.00,231,16.0
2025-06-11 11:51:37,-102.0988,31.9766, 144.9,14319,-61.5,-81.7,-77.5,  5,  9, 0.00,231,16.0
2025-06-11 11:51:38,-102.0986,31.9767, 144.8,14324,-61.5,-81.7,-77.5,  5,  9, 0.00,232,16.1
2025-06-11 11:51:39,-102.0985,31.9768, 144.7,14328,-61.6,-81.7,-77.5,  5,  9, 0.00,232,16.1
2025-06-11 11:51:40,-102.0983,31.9768, 144.6,14333,-61.6,-81.7,-77.5,  5,  9, 0.00,232,16.2
2025-06-11 11:51:41,-102.0982,31.9769, 144.5,14338,-61.6,-81.7,-77.5,  5,  9, 0.00,232,16.2
2025-06-11 11:51:42,-102.0980,31.9770, 144.4,14342,-61.6,-81.6,-77.5,  5, 10, 0.00,233,16.2
2025-06-11 11:51:43,-102.0979,31.9771, 144.3,14347,-61.7,-81.6,-77.4,  5, 10, 0.00,233,16.3
2025-06-11 11:51:44,-102.0977,31.9772, 144.2,14349,-61.7,-81.6,-77.4,  5, 10, 0.00,233,16.3
2025-06-11 11:51:45,-102.0976,31.9773, 144.0,14356,-61.7,-81.7,-77.5,  5, 10, 0.00,233,16.3
2025-06-11 11:51:46,-102.0974,31.9773, 143.9,14361,-61.8,-81.7,-77.5,  5, 10, 0.00,234,16.4
2025-06-11 11:51:47,-102.0973,31.9774, 143.8,14365,-61.8,-81.7,-77.5,  5, 10, 0.00,234,16.4
2025-06-11 11:51:48,-102.0971,31.9775, 143.7,14370,-61.8,-81.8,-77.6,  5, 10, 0.00,234,16.4
2025-06-11 11:51:49,-102.0970,31.9776, 143.6,14375,-61.9,-81.8,-77.6,  5, 10, 0.00,234,16.5
2025-06-11 11:51:50,-102.0968,31.9777, 143.5,14379,-61.9,-81.8,-77.7,  5, 10, 0.00,235,16.5
2025-06-11 11:51:51,-102.0967,31.9778, 143.4,14384,-61.9,-81.9,-77.7,  5, 10, 0.00,235,16.6
2025-06-11 11:51:52,-102.0965,31.9778, 143.3,14388,-62.0,-81.9,-77.7,  5, 10, 0.00,235,16.6
2025-06-11 11:51:53,-102.0964,31.9779, 143.2,14393,-62.0,-81.9,-77.8,  5, 10, 0.00,235,16.6
2025-06-11 11:51:54,-102.0962,31.9780, 143.1,14398,-62.0,-82.0,-77.8,  5, 10, 0.00,236,16.7
2025-06-11 11:51:55,-102.0961,31.9781, 143.0,14402,-62.1,-82.0,-77.8,  5, 10, 0.00,236,16.7
2025-06-11 11:51:56,-102.0959,31.9782, 142.9,14407,-62.1,-82.0,-77.9,  5, 10, 0.00,236,16.7
2025-06-11 11:51:57,-102.0958,31.9783, 142.8,14411,-62.1,-82.1,-77.9,  5, 10, 0.00,236,16.8
2025-06-11 11:51:58,-102.0956,31.9783, 142.7,14416,-62.2,-82.1,-77.9,  5, 10, 0.00,236,16.8
2025-06-11 11:51:59,-102.0955,31.9784, 142.5,14420,-62.2,-82.1,-77.9,  5, 10, 0.00,236,16.9
2025-06-11 11:52:00,-102.0953,31.9785, 142.4,14425,-62.2,-82.1,-78.0,  5, 10, 0.00,236,16.9
2025-06-11 11:52:01,-102.0952,31.9786, 142.3,14429,-62.3,-82.2,-78.0,  5, 10, 0.00,237,16.9
2025-06-11 11:52:02,-102.0950,31.9787, 142.2,14434,-62.3,-82.2,-78.0,  5, 10, 0.00,237,17.0
2025-06-11 11:52:03,-102.0949,31.9788, 142.1,14438,-62.3,-82.2,-78.1,  5, 10, 0.00,237,17.0
2025-06-11 11:52:04,-102.0947,31.9789, 142.0,14443,-62.4,-82.3,-78.1,  5, 10, 0.00,237,17.0
2025-06-11 11:52:05,-102.0946,31.9789, 141.9,14447,-62.4,-82.3,-78.1,  5, 10, 0.00,237,17.1
2025-06-11 11:52:06,-102.0944,31.9790, 141.8,14452,-62.4,-82.3,-78.1,  5, 10, 0.00,237,17.1
2025-06-11 11:52:07,-102.0942,31.9791, 141.7,14456,-62.5,-82.3,-78.2,  5, 10, 0.00,237,17.1
2025-06-11 11:52:08,-102.0941,31.9792, 141.6,14460,-62.5,-82.4,-78.2,  5, 10, 0.00,237,17.2
2025-06-11 11:52:09,-102.0939,31.9793, 141.5,14465,-62.5,-82.4,-78.2,  5, 10, 0.00,237,17.2
2025-06-11 11:52:10,-102.0937,31.9793, 141.4,14469,-62.6,-82.4,-78.2,  5, 10, 0.00,237,17.2
2025-06-11 11:52:11,-102.0936,31.9794, 141.3,14474,-62.6,-82.4,-78.3,  5, 10, 0.00,238,17.3
2025-06-11 11:52:12,-102.0934,31.9795, 141.2,14478,-62.6,-82.5,-78.3,  5, 10, 0.00,238,17.3
2025-06-11 11:52:13,-102.0932,31.9796, 141.1,14482,-62.7,-82.5,-78.3,  5, 10, 0.00,238,17.4
2025-06-11 11:52:14,-102.0931,31.9797, 141.0,14486,-62.7,-82.5,-78.3,  5, 10, 0.00,238,17.4
2025-06-11 11:52:15,-102.0929,31.9798, 140.9,14491,-62.7,-82.5,-78.4,  5, 10, 0.00,238,17.4
2025-06-11 11:52:16,-102.0927,31.9798, 140.8,14495,-62.7,-82.5,-78.4,  5, 10, 0.00,238,17.5
2025-06-11 11:52:17,-102.0926,31.9799, 140.7,14499,-62.8,-82.6,-78.4,  5, 10, 0.00,238,17.6
2025-06-11 11:52:18,-102.0924,31.9800, 140.6,14503,-62.8,-82.6,-78.4,  5, 10, 0.00,238,17.6
2025-06-11 11:52:19,-102.0922,31.9801, 140.6,14507,-62.8,-82.6,-78.4,  5, 10, 0.00,239,17.7
2025-06-11 11:52:20,-102.0921,31.9802, 140.5,14511,-62.8,-82.6,-78.5,  5, 10, 0.00,239,17.7
2025-06-11 11:52:21,-102.0919,31.9802, 140.4,14515,-62.9,-82.6,-78.5,  5, 10, 0.00,239,17.8
2025-06-11 11:52:22,-102.0917,31.9803, 140.3,14519,-62.9,-82.7,-78.5,  5, 10, 0.00,239,17.9
2025-06-11 11:52:23,-102.0916,31.9804, 140.2,14524,-62.9,-82.7,-78.5,  5, 10, 0.00,239,17.9
2025-06-11 11:52:24,-102.0914,31.9805, 140.1,14529,-62.9,-82.7,-78.5,  5, 10, 0.00,239,18.0
2025-06-11 11:52:25,-102.0912,31.9806, 140.0,14533,-62.9,-82.7,-78.5,  5, 10, 0.00,239,18.1
2025-06-11 11:52:26,-102.0911,31.9806, 139.9,14538,-62.9,-82.7,-78.5,  5, 10, 0.00,240,18.1
2025-06-11 11:52:27,-102.0909,31.9807, 139.8,14542,-62.9,-82.7,-78.6,  5, 10, 0.00,240,18.2
2025-06-11 11:52:28,-102.0907,31.9808, 139.6,14547,-62.9,-82.7,-78.6,  5, 10, 0.00,240,18.3
2025-06-11 11:52:29,-102.0906,31.9809, 139.5,14551,-62.9,-82.8,-78.6,  5,  9, 0.00,240,18.3
2025-06-11 11:52:30,-102.0904,31.9810, 139.4,14556,-63.0,-82.8,-78.6,  5,  9, 0.00,240,18.4
2025-06-11 11:52:31,-102.0902,31.9811, 139.3,14561,-63.0,-82.8,-78.6,  5,  9, 0.00,240,18.5
2025-06-11 11:52:32,-102.0900,31.9811, 139.2,14565,-63.0,-82.8,-78.6,  5,  9, 0.00,240,18.5
2025-06-11 11:52:33,-102.0899,31.9812, 139.1,14570,-63.0,-82.8,-78.7,  5,  9, 0.00,241,18.6
2025-06-11 11:52:34,-102.0897,31.9813, 139.0,14574,-63.0,-82.8,-78.7,  5,  9, 0.00,241,18.7
2025-06-11 11:52:35,-102.0895,31.9814, 138.9,14579,-63.0,-82.9,-78.7,  5,  9, 0.00,241,18.7
2025-06-11 11:52:36,-102.0893,31.9815, 138.8,14583,-63.0,-82.9,-78.7,  5,  9, 0.00,241,18.7
2025-06-11 11:52:37,-102.0892,31.9815, 138.7,14589,-63.0,-82.8,-78.7,  5,  9, 0.00,241,18.7
2025-06-11 11:52:38,-102.0890,31.9816, 138.6,14592,-62.9,-82.8,-78.7,  5,  9, 0.00,242,18.6
2025-06-11 11:52:39,-102.0888,31.9816, 138.5,14597,-62.9,-82.8,-78.7,  5,  9, 0.00,242,18.6
2025-06-11 11:52:40,-102.0887,31.9817, 138.4,14601,-62.9,-82.8,-78.6,  5,  9, 0.00,242,18.6
2025-06-11 11:52:41,-102.0885,31.9818, 138.3,14606,-62.9,-82.8,-78.6,  5,  9, 0.00,242,18.6
2025-06-11 11:52:42,-102.0883,31.9818, 138.2,14610,-62.9,-82.8,-78.6,  5,  9, 0.00,242,18.5
2025-06-11 11:52:43,-102.0881,31.9819, 138.1,14615,-62.9,-82.8,-78.6,  5,  9, 0.00,243,18.5
2025-06-11 11:52:44,-102.0880,31.9820, 138.0,14620,-62.8,-82.7,-78.6,  5,  9, 0.00,243,18.5
2025-06-11 11:52:45,-102.0878,31.9821, 137.9,14624,-62.8,-82.7,-78.6,  5,  9, 0.00,243,18.5
2025-06-11 11:52:46,-102.0876,31.9821, 137.8,14629,-62.8,-82.7,-78.6,  5,  9, 0.00,243,18.4
2025-06-11 11:52:47,-102.0874,31.9822, 137.7,14633,-62.8,-82.7,-78.5,  5,  9, 0.00,244,18.4
2025-06-11 11:52:48,-102.0873,31.9823, 137.6,14637,-62.8,-82.7,-78.5,  5,  9, 0.00,244,18.4
2025-06-11 11:52:49,-102.0871,31.9823, 137.5,14641,-62.8,-82.7,-78.5,  5,  9, 0.00,244,18.4
2025-06-11 11:52:50,-102.0869,31.9824, 137.4,14646,-62.7,-82.6,-78.5,  5,  9, 0.00,244,18.3
2025-06-11 11:52:51,-102.0867,31.9825, 137.3,14650,-62.7,-82.6,-78.4,  5,  9, 0.00,245,18.3
2025-06-11 11:52:52,-102.0866,31.9825, 137.2,14654,-62.6,-82.5,-78.4,  5,  9, 0.00,245,18.3
2025-06-11 11:52:53,-102.0864,31.9826, 137.1,14659,-62.6,-82.5,-78.3,  5,  9, 0.00,245,18.3
2025-06-11 11:52:54,-102.0862,31.9827, 137.0,14663,-62.6,-82.4,-78.3,  5,  9, 0.00,245,18.2
2025-06-11 11:52:55,-102.0860,31.9827, 136.9,14667,-62.5,-82.4,-78.2,  5, 10, 0.00,245,18.2
2025-06-11 11:52:56,-102.0859,31.9828, 136.8,14672,-62.5,-82.3,-78.2,  5, 10, 0.00,245,18.2
2025-06-11 11:52:57,-102.0857,31.9829, 136.7,14676,-62.4,-82.3,-78.1,  5, 10, 0.00,245,18.3
2025-06-11 11:52:58,-102.0855,31.9829, 136.6,14681,-62.4,-82.2,-78.0,  5, 10, 0.00,245,18.3
2025-06-11 11:52:59,-102.0853,31.9830, 136.5,14685,-62.4,-82.2,-78.0,  5, 10, 0.00,245,18.3
2025-06-11 11:53:00,-102.0852,31.9831, 136.4,14690,-62.3,-82.1,-77.9,  5, 10, 0.00,245,18.3
2025-06-11 11:53:01,-102.0850,31.9831, 136.3,14695,-62.3,-82.0,-77.9,  5, 10, 0.00,245,18.3
2025-06-11 11:53:02,-102.0848,31.9832, 136.2,14699,-62.2,-82.0,-77.8,  5, 10, 0.00,245,18.4
2025-06-11 11:53:03,-102.0846,31.9833, 136.1,14704,-62.2,-81.9,-77.8,  5, 10, 0.00,245,18.4
2025-06-11 11:53:04,-102.0845,31.9834, 136.0,14708,-62.2,-81.9,-77.7,  6, 10, 0.00,245,18.4
2025-06-11 11:53:05,-102.0843,31.9834, 135.9,14712,-62.1,-81.8,-77.7,  6, 10, 0.00,245,18.4
2025-06-11 11:53:06,-102.0841,31.9835, 135.9,14717,-62.1,-81.8,-77.6,  6, 10, 0.00,245,18.4
2025-06-11 11:53:07,-102.0839,31.9836, 135.8,14721,-62.0,-81.7,-77.5,  6, 10, 0.00,245,18.5
2025-06-11 11:53:08,-102.0837,31.9837, 135.7,14725,-62.0,-81.7,-77.5,  6, 10, 0.00,245,18.5
2025-06-11 11:53:09,-102.0835,31.9837, 135.6,14730,-62.0,-81.6,-77.4,  6, 10, 0.00,245,18.5
2025-06-11 11:53:10,-102.0833,31.9838, 135.5,14734,-61.9,-81.5,-77.4,  6, 10, 0.00,245,18.5
2025-06-11 11:53:11,-102.0831,31.9839, 135.4,14738,-61.9,-81.5,-77.3,  6, 10, 0.00,245,18.6
2025-06-11 11:53:12,-102.0829,31.9840, 135.3,14742,-61.9,-81.4,-77.2,  6, 10, 0.00,245,18.6
2025-06-11 11:53:13,-102.0827,31.9841, 135.2,14747,-61.8,-81.4,-77.2,  6, 10, 0.00,245,18.6
2025-06-11 11:53:14,-102.0826,31.9841, 135.1,14751,-61.8,-81.3,-77.1,  6, 10, 0.00,245,18.6
2025-06-11 11:53:15,-102.0824,31.9842, 135.0,14755,-61.7,-81.3,-77.1,  6, 10, 0.00,245,18.6
2025-06-11 11:53:16,-102.0822,31.9843, 134.9,14759,-61.7,-81.2,-77.0,  6, 10, 0.00,245,18.7
2025-06-11 11:53:17,-102.0821,31.9843, 134.8,14763,-61.7,-81.2,-77.0,  6, 10, 0.00,245,18.8
2025-06-11 11:53:18,-102.0818,31.9845, 134.8,14766,-61.7,-81.1,-76.9,  6, 10, 0.00,245,18.9
2025-06-11 11:53:19,-102.0816,31.9845, 134.6,14772,-61.6,-81.2,-77.0,  6, 10, 0.00,245,19.0
2025-06-11 11:53:20,-102.0814,31.9846, 134.5,14776,-61.6,-81.2,-77.0,  6, 10, 0.00,245,19.1
2025-06-11 11:53:21,-102.0812,31.9847, 134.5,14781,-61.6,-81.2,-77.0,  6, 10, 0.00,245,19.2
2025-06-11 11:53:22,-102.0810,31.9848, 134.4,14785,-61.6,-81.2,-77.0,  6, 10, 0.00,245,19.2
2025-06-11 11:53:23,-102.0808,31.9848, 134.3,14789,-61.5,-81.2,-77.0,  6, 10, 0.00,245,19.3
2025-06-11 11:53:24,-102.0807,31.9849, 134.2,14794,-61.5,-81.2,-77.0,  6, 10, 0.00,245,19.4
2025-06-11 11:53:25,-102.0805,31.9850, 134.1,14798,-61.5,-81.2,-77.0,  6, 10, 0.00,244,19.5
2025-06-11 11:53:26,-102.0803,31.9851, 134.0,14802,-61.5,-81.2,-77.0,  6, 10, 0.00,244,19.6
2025-06-11 11:53:27,-102.0801,31.9852, 133.9,14807,-61.5,-81.2,-77.0,  6, 10, 0.00,244,19.7
2025-06-11 11:53:28,-102.0799,31.9852, 133.8,14811,-61.4,-81.3,-77.1,  6, 10, 0.00,244,19.8
2025-06-11 11:53:29,-102.0797,31.9853, 133.7,14816,-61.4,-81.3,-77.1,  6, 10, 0.00,244,19.9
2025-06-11 11:53:30,-102.0795,31.9854, 133.6,14820,-61.4,-81.3,-77.1,  6, 10, 0.00,244,19.9
2025-06-11 11:53:31,-102.0793,31.9855, 133.5,14824,-61.4,-81.3,-77.2,  5, 10, 0.00,244,20.0
2025-06-11 11:53:32,-102.0791,31.9855, 133.4,14828,-61.4,-81.4,-77.2,  5, 10, 0.00,244,20.1
2025-06-11 11:53:33,-102.0789,31.9856, 133.3,14833,-61.4,-81.4,-77.2,  5, 10, 0.00,244,20.2
2025-06-11 11:53:34,-102.0788,31.9857, 133.2,14837,-61.4,-81.5,-77.3,  5, 10, 0.00,244,20.3
2025-06-11 11:53:35,-102.0786,31.9858, 133.1,14841,-61.4,-81.5,-77.3,  5,  9, 0.00,244,20.4
2025-06-11 11:53:36,-102.0784,31.9859, 133.1,14846,-61.4,-81.6,-77.4,  5,  9, 0.00,244,20.4
2025-06-11 11:53:37,-102.0782,31.9859, 133.0,14850,-61.5,-81.6,-77.4,  5,  9, 0.00,244,20.5
2025-06-11 11:53:38,-102.0779,31.9860, 132.9,14854,-61.5,-81.7,-77.5,  5,  9, 0.00,244,20.5
2025-06-11 11:53:39,-102.0777,31.9861, 132.8,14859,-61.5,-81.7,-77.5,  5,  9, 0.00,244,20.6
2025-06-11 11:53:40,-102.0775,31.9862, 132.7,14863,-61.5,-81.8,-77.6,  5,  9, 0.00,244,20.6
2025-06-11 11:53:41,-102.0773,31.9863, 132.6,14867,-61.5,-81.8,-77.6,  5,  9, 0.00,244,20.7
2025-06-11 11:53:42,-102.0771,31.9864, 132.5,14872,-61.5,-81.9,-77.7,  5,  9, 0.00,244,20.7
2025-06-11 11:53:43,-102.0769,31.9864, 132.4,14876,-61.5,-81.9,-77.7,  5,  9, 0.00,244,20.8
2025-06-11 11:53:44,-102.0767,31.9865, 132.3,14880,-61.5,-82.0,-77.8,  5,  9, 0.00,244,20.8
2025-06-11 11:53:45,-102.0765,31.9866, 132.2,14884,-61.5,-82.0,-77.8,  5,  9, 0.00,244,20.9
2025-06-11 11:53:46,-102.0763,31.9867, 132.1,14889,-61.5,-82.1,-77.9,  5,  9, 0.00,244,20.9
2025-06-11 11:53:47,-102.0761,31.9868, 132.0,14893,-61.6,-82.1,-77.9,  5,  9, 0.00,244,21.0
2025-06-11 11:53:48,-102.0759,31.9868, 131.9,14897,-61.6,-82.2,-78.0,  5,  9, 0.00,244,21.1
2025-06-11 11:53:49,-102.0757,31.9869, 131.9,14901,-61.6,-82.2,-78.1,  5,  9, 0.00,244,21.1
2025-06-11 11:53:50,-102.0755,31.9870, 131.8,14906,-61.6,-82.3,-78.1,  5,  9, 0.00,244,21.2
2025-06-11 11:53:51,-102.0753,31.9871, 131.7,14910,-61.6,-82.3,-78.2,  5,  8, 0.00,244,21.2
2025-06-11 11:53:52,-102.0751,31.9872, 131.6,14914,-61.6,-82.4,-78.2,  5,  8, 0.00,244,21.3
2025-06-11 11:53:53,-102.0749,31.9872, 131.5,14919,-61.6,-82.4,-78.3,  5,  8, 0.00,244,21.3
2025-06-11 11:53:54,-102.0747,31.9873, 131.4,14923,-61.7,-82.5,-78.3,  5,  8, 0.00,244,21.4
2025-06-11 11:53:55,-102.0745,31.9874, 131.3,14928,-61.7,-82.5,-78.4,  5,  8, 0.00,244,21.4
2025-06-11 11:53:56,-102.0743,31.9875, 131.2,14932,-61.7,-82.6,-78.4,  5,  8, 0.00,244,21.4
2025-06-11 11:53:57,-102.0741,31.9876, 131.1,14937,-61.7,-82.6,-78.5,  5,  8, 0.00,244,21.4
2025-06-11 11:53:58,-102.0739,31.9877, 131.0,14941,-61.7,-82.7,-78.5,  5,  8, 0.00,245,21.4
2025-06-11 11:53:59,-102.0737,31.9877, 130.9,14945,-61.7,-82.7,-78.6,  5,  8, 0.00,245,21.4
2025-06-11 11:54:00,-102.0735,31.9878, 130.8,14950,-61.7,-82.8,-78.6,  5,  8, 0.00,245,21.4
2025-06-11 11:54:01,-102.0733,31.9879, 130.7,14954,-61.8,-82.8,-78.7,  4,  8, 0.00,245,21.4
2025-06-11 11:54:02,-102.0731,31.9880, 130.6,14958,-61.8,-82.9,-78.7,  4,  8, 0.00,245,21.4
2025-06-11 11:54:03,-102.0729,31.9881, 130.6,14963,-61.8,-82.9,-78.7,  4,  8, 0.00,245,21.4
2025-06-11 11:54:04,-102.0727,31.9881, 130.5,14967,-61.8,-82.9,-78.8,  4,  8, 0.00,245,21.4
2025-06-11 11:54:05,-102.0724,31.9882, 130.4,14972,-61.8,-83.0,-78.8,  4,  8, 0.00,245,21.4
2025-06-11 11:54:06,-102.0722,31.9883, 130.3,14976,-61.8,-83.0,-78.9,  4,  8, 0.00,245,21.4
2025-06-11 11:54:07,-102.0720,31.9884, 130.2,14981,-61.9,-83.1,-78.9,  4,  8, 0.00,246,21.4
2025-06-11 11:54:08,-102.0718,31.9884, 130.1,14986,-61.9,-83.1,-79.0,  4,  8, 0.00,246,21.4
2025-06-11 11:54:09,-102.0716,31.9885, 130.0,14990,-61.9,-83.1,-79.0,  4,  8, 0.00,246,21.4
2025-06-11 11:54:10,-102.0714,31.9886, 129.9,14994,-61.9,-83.2,-79.0,  4,  8, 0.00,246,21.4
2025-06-11 11:54:11,-102.0712,31.9887, 129.8,14998,-61.9,-83.2,-79.1,  4,  8, 0.00,246,21.4
2025-06-11 11:54:12,-102.0710,31.9887, 129.7,15003,-61.9,-83.2,-79.1,  4,  8, 0.00,246,21.4
2025-06-11 11:54:13,-102.0708,31.9888, 129.6,15007,-61.9,-83.2,-79.1,  4,  8, 0.00,246,21.4
2025-06-11 11:54:14,-102.0705,31.9889, 129.5,15011,-61.9,-83.3,-79.1,  4,  8, 0.00,246,21.4
2025-06-11 11:54:15,-102.0703,31.9890, 129.5,15015,-61.9,-83.3,-79.1,  4,  8, 0.00,247,21.4
2025-06-11 11:54:16,-102.0701,31.9891, 129.4,15020,-61.9,-83.3,-79.1,  4,  7, 0.00,247,21.4
2025-06-11 11:54:17,-102.0699,31.9891, 129.3,15024,-61.9,-83.3,-79.1,  4,  7, 0.00,247,21.5
2025-06-11 11:54:18,-102.0697,31.9892, 129.2,15028,-61.9,-83.3,-79.2,  4,  7, 0.00,247,21.5
2025-06-11 11:54:19,-102.0695,31.9893, 129.1,15032,-61.9,-83.3,-79.2,  4,  7, 0.00,247,21.5
2025-06-11 11:54:20,-102.0693,31.9894, 129.0,15037,-61.9,-83.3,-79.2,  4,  7, 0.00,247,21.5
2025-06-11 11:54:21,-102.0691,31.9894, 128.9,15041,-61.9,-83.4,-79.2,  4,  7, 0.00,247,21.5
2025-06-11 11:54:22,-102.0689,31.9895, 128.8,15045,-61.9,-83.4,-79.2,  4,  7, 0.00,247,21.6
2025-06-11 11:54:23,-102.0687,31.9896, 128.7,15050,-61.8,-83.4,-79.2,  4,  7, 0.00,247,21.6
2025-06-11 11:54:24,-102.0684,31.9897, 128.6,15054,-61.8,-83.4,-79.2,  4,  7, 0.00,247,21.6
2025-06-11 11:54:25,-102.0682,31.9897, 128.6,15058,-61.8,-83.4,-79.2,  4,  7, 0.00,247,21.6
2025-06-11 11:54:26,-102.0680,31.9898, 128.5,15063,-61.8,-83.4,-79.3,  4,  7, 0.00,247,21.6
2025-06-11 11:54:27,-102.0678,31.9899, 128.4,15067,-61.8,-83.4,-79.3,  4,  7, 0.00,247,21.7
2025-06-11 11:54:28,-102.0676,31.9900, 128.3,15071,-61.8,-83.5,-79.3,  4,  7, 0.00,247,21.7
2025-06-11 11:54:29,-102.0674,31.9900, 128.2,15075,-61.8,-83.5,-79.4,  4,  7, 0.00,247,21.7
2025-06-11 11:54:30,-102.0672,31.9901, 128.1,15079,-61.8,-83.5,-79.4,  4,  7, 0.00,247,21.7
2025-06-11 11:54:31,-102.0670,31.9902, 128.0,15083,-61.8,-83.6,-79.4,  4,  7, 0.00,247,21.7
2025-06-11 11:54:32,-102.0668,31.9903, 128.0,15087,-61.7,-83.6,-79.5,  4,  7, 0.00,247,21.7
2025-06-11 11:54:33,-102.0665,31.9903, 127.9,15092,-61.7,-83.6,-79.5,  4,  7, 0.00,247,21.8
2025-06-11 11:54:34,-102.0663,31.9904, 127.8,15096,-61.7,-83.7,-79.5,  4,  7, 0.00,247,21.8
2025-06-11 11:54:35,-102.0661,31.9905, 127.7,15100,-61.7,-83.7,-79.5,  4,  7, 0.00,247,21.8
2025-06-11 11:54:36,-102.0659,31.9906, 127.6,15104,-61.7,-83.7,-79.6,  4,  7, 0.00,247,21.8
2025-06-11 11:54:37,-102.0657,31.9906, 127.5,15109,-61.7,-83.7,-79.6,  4,  7, 0.00,247,21.8
2025-06-11 11:54:38,-102.0655,31.9907, 127.4,15113,-61.6,-83.7,-79.6,  4,  7, 0.00,247,21.8
2025-06-11 11:54:39,-102.0652,31.9908, 127.3,15117,-61.6,-83.8,-79.6,  4,  7, 0.00,247,21.8
2025-06-11 11:54:40,-102.0650,31.9908, 127.2,15122,-61.6,-83.8,-79.7,  4,  7, 0.00,247,21.8
2025-06-11 11:54:41,-102.0648,31.9909, 127.2,15126,-61.6,-83.8,-79.7,  4,  7, 0.00,247,21.8
2025-06-11 11:54:42,-102.0646,31.9910, 127.1,15130,-61.6,-83.9,-79.7,  4,  6, 0.00,247,21.9
2025-06-11 11:54:43,-102.0644,31.9910, 127.0,15135,-61.5,-83.9,-79.8,  4,  6, 0.00,247,21.9
2025-06-11 11:54:44,-102.0641,31.9911, 126.9,15139,-61.5,-83.9,-79.8,  4,  6, 0.00,247,21.9
2025-06-11 11:54:45,-102.0639,31.9912, 126.8,15143,-61.5,-84.0,-79.8,  4,  6, 0.00,247,21.9
2025-06-11 11:54:46,-102.0637,31.9912, 126.7,15148,-61.5,-84.0,-79.9,  4,  6, 0.00,247,21.9
2025-06-11 11:54:47,-102.0635,31.9913, 126.6,15152,-61.4,-84.0,-79.9,  4,  6, 0.00,247,21.9
2025-06-11 11:54:48,-102.0633,31.9914, 126.5,15156,-61.4,-84.1,-79.9,  3,  6, 0.00,248,21.9
2025-06-11 11:54:49,-102.0631,31.9914, 126.5,15160,-61.4,-84.1,-80.0,  3,  6, 0.00,248,21.9
2025-06-11 11:54:50,-102.0628,31.9915, 126.4,15165,-61.4,-84.2,-80.0,  3,  6, 0.00,248,21.9
2025-06-11 11:54:51,-102.0626,31.9916, 126.3,15169,-61.4,-84.2,-80.1,  3,  6, 0.00,248,21.9
2025-06-11 11:54:52,-102.0624,31.9916, 126.2,15173,-61.4,-84.2,-80.1,  3,  6, 0.00,248,21.9
2025-06-11 11:54:53,-102.0622,31.9917, 126.1,15177,-61.4,-84.3,-80.2,  3,  6, 0.00,248,21.9
2025-06-11 11:54:54,-102.0620,31.9918, 126.0,15181,-61.4,-84.4,-80.3,  3,  6, 0.00,248,21.9
2025-06-11 11:54:55,-102.0617,31.9918, 125.9,15186,-61.4,-84.4,-80.3,  3,  6, 0.00,248,21.9
2025-06-11 11:54:56,-102.0615,31.9919, 125.9,15190,-61.3,-84.5,-80.4,  3,  6, 0.00,248,21.9
2025-06-11 11:54:57,-102.0613,31.9920, 125.8,15194,-61.3,-84.6,-80.5,  3,  6, 0.00,249,22.0
2025-06-11 11:54:58,-102.0611,31.9920, 125.7,15198,-61.3,-84.6,-80.5,  3,  6, 0.00,249,22.0
2025-06-11 11:54:59,-102.0609,31.9921, 125.6,15202,-61.3,-84.7,-80.6,  3,  5, 0.00,249,22.0
2025-06-11 11:55:00,-102.0606,31.9922, 125.5,15206,-61.3,-84.8,-80.7,  3,  5, 0.00,250,22.0
2025-06-11 11:55:01,-102.0604,31.9922, 125.4,15212,-61.3,-84.9,-80.8,  3,  5, 0.00,250,22.0
2025-06-11 11:55:02,-102.0602,31.9923, 125.3,15215,-61.3,-84.9,-80.8,  3,  5, 0.00,250,22.0
2025-06-11 11:55:03,-102.0600,31.9924, 125.3,15219,-61.3,-85.0,-80.9,  3,  5, 0.00,251,22.0
2025-06-11 11:55:04,-102.0598,31.9925, 125.2,15223,-61.3,-85.1,-81.0,  3,  5, 0.00,251,22.0
2025-06-11 11:55:05,-102.0596,31.9925, 125.1,15228,-61.3,-85.2,-81.1,  3,  5, 0.00,251,22.0
2025-06-11 11:55:06,-102.0593,31.9925, 125.0,15232,-61.3,-85.2,-81.1,  3,  5, 0.00,252,22.0
2025-06-11 11:55:07,-102.0591,31.9926, 124.9,15237,-61.3,-85.3,-81.2,  3,  5, 0.00,252,22.0
2025-06-11 11:55:08,-102.0589,31.9926, 124.8,15241,-61.3,-85.4,-81.3,  3,  5, 0.00,252,22.0
2025-06-11 11:55:09,-102.0587,31.9927, 124.7,15245,-61.3,-85.4,-81.3,  3,  5, 0.00,253,22.1
2025-06-11 11:55:10,-102.0585,31.9927, 124.6,15250,-61.3,-85.5,-81.4,  3,  5, 0.00,253,22.1
2025-06-11 11:55:11,-102.0583,31.9928, 124.5,15254,-61.3,-85.5,-81.4,  3,  5, 0.00,254,22.1
2025-06-11 11:55:12,-102.0580,31.9928, 124.5,15259,-61.3,-85.6,-81.5,  3,  5, 0.00,254,22.1
2025-06-11 11:55:13,-102.0578,31.9928, 124.4,15263,-61.3,-85.6,-81.6,  3,  5, 0.00,254,22.1
2025-06-11 11:55:14,-102.0576,31.9929, 124.3,15268,-61.3,-85.7,-81.6,  3,  5, 0.00,255,22.1
2025-06-11 11:55:15,-102.0574,31.9929, 124.2,15272,-61.3,-85.8,-81.7,  3,  5, 0.00,255,22.2
2025-06-11 11:55:16,-102.0572,31.9930, 124.1,15277,-61.3,-85.8,-81.8,  3,  4, 0.00,255,22.1
2025-06-11 11:55:17,-102.0569,31.9930, 124.0,15282,-61.3,-85.9,-81.8,  3,  4, 0.00,255,22.0
2025-06-11 11:55:18,-102.0567,31.9931, 123.9,15286,-61.4,-86.0,-81.9,  2,  4, 0.00,255,22.0
2025-06-11 11:55:19,-102.0565,31.9931, 123.8,15291,-61.4,-86.0,-82.0,  2,  4, 0.00,255,21.9
2025-06-11 11:55:20,-102.0563,31.9931, 123.7,15295,-61.4,-86.0,-82.0,  2,  4, 0.00,256,21.9
2025-06-11 11:55:21,-102.0561,31.9932, 123.6,15300,-61.4,-86.0,-81.9,  2,  4, 0.00,256,21.8
2025-06-11 11:55:22,-102.0559,31.9932, 123.6,15304,-61.4,-86.0,-81.9,  3,  4, 0.00,256,21.7
2025-06-11 11:55:23,-102.0556,31.9933, 123.5,15309,-61.4,-86.0,-81.9,  3,  4, 0.00,256,21.7
2025-06-11 11:55:24,-102.0554,31.9933, 123.4,15313,-61.5,-86.0,-81.9,  3,  4, 0.00,256,21.6
2025-06-11 11:55:25,-102.0552,31.9934, 123.3,15318,-61.5,-86.0,-81.9,  3,  4, 0.00,256,21.5
2025-06-11 11:55:26,-102.0550,31.9934, 123.2,15322,-61.5,-86.0,-81.9,  3,  4, 0.00,256,21.5
2025-06-11 11:55:27,-102.0548,31.9934, 123.1,15327,-61.5,-86.0,-81.9,  3,  5, 0.00,256,21.4
2025-06-11 11:55:28,-102.0545,31.9935, 123.0,15331,-61.5,-86.0,-81.9,  3,  5, 0.00,256,21.4
2025-06-11 11:55:29,-102.0543,31.9935, 122.9,15336,-61.5,-85.9,-81.9,  3,  5, 0.00,257,21.3
2025-06-11 11:55:30,-102.0541,31.9936, 122.8,15341,-61.6,-85.9,-81.9,  3,  5, 0.00,257,21.2
2025-06-11 11:55:31,-102.0539,31.9936, 122.7,15346,-61.6,-85.9,-81.9,  3,  5, 0.00,257,21.2
2025-06-11 11:55:32,-102.0537,31.9937, 122.6,15350,-61.6,-85.9,-81.9,  3,  5, 0.00,257,21.1
2025-06-11 11:55:33,-102.0535,31.9937, 122.5,15355,-61.6,-86.0,-81.9,  3,  5, 0.00,257,21.1
2025-06-11 11:55:34,-102.0532,31.9937, 122.5,15360,-61.7,-86.1,-82.0,  3,  5, 0.00,257,21.0
2025-06-11 11:55:35,-102.0530,31.9938, 122.4,15364,-61.7,-86.2,-82.1,  3,  4, 0.00,257,20.9
2025-06-11 11:55:36,-102.0528,31.9938, 122.3,15369,-61.7,-86.2,-82.2,  2,  4, 0.00,257,20.8
2025-06-11 11:55:37,-102.0526,31.9938, 122.2,15374,-61.7,-86.3,-82.3,  2,  4, 0.00,258,20.8
2025-06-11 11:55:38,-102.0524,31.9939, 122.1,15378,-61.8,-86.4,-82.3,  2,  4, 0.00,258,20.7
2025-06-11 11:55:39,-102.0522,31.9939, 122.0,15383,-61.8,-86.5,-82.4,  2,  4, 0.00,258,20.6
2025-06-11 11:55:40,-102.0520,31.9939, 121.9,15387,-61.8,-86.6,-82.5,  2,  4, 0.00,258,20.5
2025-06-11 11:55:41,-102.0518,31.9940, 121.8,15392,-61.8,-86.6,-82.6,  2,  4, 0.00,258,20.4
2025-06-11 11:55:42,-102.0516,31.9940, 121.7,15396,-61.9,-86.7,-82.7,  2,  4, 0.00,258,20.3
2025-06-11 11:55:43,-102.0514,31.9940, 121.6,15401,-61.9,-86.8,-82.8,  2,  4, 0.00,258,20.3
2025-06-11 11:55:44,-102.0512,31.9940, 121.6,15405,-61.9,-86.9,-82.8,  2,  4, 0.00,259,20.2
2025-06-11 11:55:45,-102.0510,31.9941, 121.5,15410,-61.9,-87.0,-82.9,  2,  4, 0.00,259,20.1
2025-06-11 11:55:46,-102.0508,31.9941, 121.4,15415,-62.0,-87.0,-83.0,  2,  4, 0.00,259,20.0
2025-06-11 11:55:47,-102.0506,31.9941, 121.3,15419,-62.0,-87.1,-83.1,  2,  4, 0.00,259,19.9
2025-06-11 11:55:48,-102.0504,31.9941, 121.2,15424,-62.0,-87.2,-83.1,  2,  4, 0.00,259,19.8
2025-06-11 11:55:49,-102.0502,31.9942, 121.1,15429,-62.0,-87.2,-83.2,  2,  4, 0.00,259,19.8
2025-06-11 11:55:50,-102.0501,31.9942, 121.0,15433,-62.1,-87.3,-83.3,  2,  4, 0.00,259,19.7
2025-06-11 11:55:51,-102.0499,31.9942, 120.9,15438,-62.1,-87.4,-83.3,  2,  4, 0.00,259,19.6
2025-06-11 11:55:52,-102.0497,31.9943, 120.8,15442,-62.1,-87.4,-83.4,  2,  4, 0.00,260,19.5
2025-06-11 11:55:53,-102.0495,31.9943, 120.7,15447,-62.1,-87.5,-83.4,  2,  4, 0.00,260,19.4
2025-06-11 11:55:54,-102.0493,31.9943, 120.6,15451,-62.2,-87.5,-83.5,  2,  4, 0.00,260,19.4
2025-06-11 11:55:55,-102.0491,31.9943, 120.6,15456,-62.2,-87.6,-83.6,  2,  4, 0.00,260,19.3
2025-06-11 11:55:56,-102.0489,31.9944, 120.5,15460,-62.2,-87.7,-83.6,  2,  4, 0.00,260,19.2
2025-06-11 11:55:57,-102.0487,31.9944, 120.4,15465,-62.2,-87.7,-83.7,  2,  4, 0.00,260,19.2
2025-06-11 11:55:58,-102.0485,31.9944, 120.3,15470,-62.2,-87.8,-83.8,  2,  4, 0.00,260,19.2
2025-06-11 11:55:59,-102.0483,31.9945, 120.2,15474,-62.3,-87.8,-83.8,  2,  4, 0.00,260,19.1
2025-06-11 11:56:00,-102.0481,31.9945, 120.1,15479,-62.3,-87.8,-83.8,  2,  4, 0.00,260,19.1
2025-06-11 11:56:01,-102.0479,31.9945, 120.0,15483,-62.3,-87.8,-83.8,  2,  4, 0.00,260,19.1
2025-06-11 11:56:02,-102.0477,31.9945, 119.9,15488,-62.3,-87.8,-83.8,  2,  4, 0.00,261,19.0
2025-06-11 11:56:03,-102.0475,31.9946, 119.8,15493,-62.4,-87.8,-83.8,  2,  4, 0.00,261,19.0
2025-06-11 11:56:04,-102.0473,31.9946, 119.8,15498,-62.4,-87.8,-83.7,  2,  4, 0.00,261,19.0
2025-06-11 11:56:05,-102.0471,31.9946, 119.7,15502,-62.4,-87.8,-83.7,  2,  4, 0.00,261,18.9
2025-06-11 11:56:06,-102.0469,31.9946, 119.6,15507,-62.4,-87.7,-83.7,  2,  4, 0.00,261,18.9
2025-06-11 11:56:07,-102.0467,31.9947, 119.5,15512,-62.5,-87.7,-83.7,  2,  4, 0.00,261,18.8
2025-06-11 11:56:08,-102.0465,31.9947, 119.4,15516,-62.5,-87.7,-83.7,  2,  4, 0.00,261,18.8
2025-06-11 11:56:09,-102.0463,31.9947, 119.3,15521,-62.5,-87.7,-83.7,  2,  4, 0.00,261,18.8
2025-06-11 11:56:10,-102.0461,31.9947, 119.2,15525,-62.5,-87.7,-83.7,  2,  4, 0.00,261,18.7
2025-06-11 11:56:11,-102.0459,31.9948, 119.1,15530,-62.6,-87.7,-83.7,  2,  4, 0.00,261,18.7
2025-06-11 11:56:12,-102.0457,31.9948, 119.0,15535,-62.6,-87.7,-83.6,  2,  4, 0.00,261,18.7
2025-06-11 11:56:13,-102.0455,31.9948, 118.9,15539,-62.6,-87.6,-83.6,  2,  4, 0.00,261,18.6
2025-06-11 11:56:14,-102.0453,31.9948, 118.9,15544,-62.6,-87.6,-83.6,  2,  4, 0.00,261,18.6
2025-06-11 11:56:15,-102.0452,31.9949, 118.8,15548,-62.7,-87.6,-83.6,  2,  4, 0.00,262,18.6
2025-06-11 11:56:16,-102.0450,31.9949, 118.7,15553,-62.7,-87.6,-83.6,  2,  4, 0.00,262,18.6
2025-06-11 11:56:17,-102.0448,31.9949, 118.6,15557,-62.7,-87.6,-83.6,  2,  4, 0.00,261,18.5
2025-06-11 11:56:18,-102.0446,31.9950, 118.5,15562,-62.7,-87.6,-83.6,  2,  4, 0.00,261,18.5
2025-06-11 11:56:19,-102.0444,31.9950, 118.4,15567,-62.8,-87.6,-83.6,  2,  4, 0.00,261,18.5
2025-06-11 11:56:20,-102.0442,31.9950, 118.3,15571,-62.8,-87.6,-83.5,  2,  4, 0.00,261,18.5
2025-06-11 11:56:21,-102.0440,31.9950, 118.2,15576,-62.8,-87.6,-83.5,  2,  4, 0.00,261,18.5
2025-06-11 11:56:22,-102.0438,31.9951, 118.2,15580,-62.8,-87.5,-83.5,  2,  4, 0.00,261,18.5
2025-06-11 11:56:23,-102.0436,31.9951, 118.1,15585,-62.9,-87.5,-83.5,  2,  4, 0.00,261,18.5
2025-06-11 11:56:24,-102.0434,31.9951, 118.0,15589,-62.9,-87.5,-83.5,  2,  4, 0.00,261,18.5
2025-06-11 11:56:25,-102.0432,31.9951, 117.9,15594,-62.9,-87.5,-83.5,  2,  4, 0.00,261,18.5
2025-06-11 11:56:26,-102.0431,31.9952, 117.8,15598,-63.0,-87.5,-83.5,  2,  4, 0.00,261,18.4
2025-06-11 11:56:27,-102.0429,31.9952, 117.7,15603,-63.0,-87.6,-83.6,  2,  4, 0.00,261,18.4
2025-06-11 11:56:28,-102.0427,31.9952, 117.6,15607,-63.0,-87.6,-83.6,  2,  4, 0.00,261,18.4
2025-06-11 11:56:29,-102.0425,31.9952, 117.6,15611,-63.0,-87.7,-83.7,  2,  4, 0.00,261,18.4
2025-06-11 11:56:30,-102.0423,31.9953, 117.5,15616,-63.1,-87.7,-83.7,  2,  4, 0.00,261,18.4
2025-06-11 11:56:31,-102.0421,31.9953, 117.4,15620,-63.1,-87.8,-83.8,  2,  4, 0.00,261,18.4
2025-06-11 11:56:32,-102.0419,31.9953, 117.3,15625,-63.1,-87.9,-83.9,  2,  4, 0.00,261,18.4
2025-06-11 11:56:33,-102.0417,31.9953, 117.2,15629,-63.2,-87.9,-83.9,  2,  4, 0.00,261,18.4
2025-06-11 11:56:34,-102.0415,31.9954, 117.1,15634,-63.2,-88.0,-84.0,  2,  4, 0.00,261,18.3
2025-06-11 11:56:35,-102.0413,31.9954, 117.0,15638,-63.2,-88.0,-84.0,  2,  4, 0.00,261,18.3
2025-06-11 11:56:36,-102.0411,31.9954, 117.0,15643,-63.2,-88.1,-84.1,  2,  4, 0.00,261,18.3
2025-06-11 11:56:37,-102.0410,31.9954, 116.9,15648,-63.3,-88.1,-84.1,  2,  4, 0.00,261,18.3
2025-06-11 11:56:38,-102.0408,31.9955, 116.8,15652,-63.3,-88.2,-84.2,  2,  4, 0.00,261,18.3
2025-06-11 11:56:39,-102.0406,31.9955, 116.7,15657,-63.3,-88.3,-84.3,  2,  4, 0.00,261,18.3
2025-06-11 11:56:40,-102.0404,31.9955, 116.6,15662,-63.4,-88.3,-84.3,  2,  4, 0.00,261,18.3
2025-06-11 11:56:41,-102.0402,31.9955, 116.5,15666,-63.4,-88.3,-84.3,  2,  4, 0.00,261,18.3
2025-06-11 11:56:42,-102.0400,31.9955, 116.4,15671,-63.4,-88.3,-84.3,  2,  4, 0.00,261,18.3
2025-06-11 11:56:43,-102.0398,31.9956, 116.3,15676,-63.4,-88.4,-84.4,  2,  4, 0.00,261,18.3
2025-06-11 11:56:44,-102.0396,31.9956, 116.2,15681,-63.5,-88.4,-84.4,  2,  4, 0.00,261,18.3
2025-06-11 11:56:45,-102.0394,31.9956, 116.1,15686,-63.5,-88.4,-84.4,  2,  4, 0.00,261,18.3
2025-06-11 11:56:46,-102.0392,31.9956, 116.1,15690,-63.5,-88.4,-84.5,  2,  4, 0.00,261,18.3
2025-06-11 11:56:47,-102.0391,31.9957, 116.0,15695,-63.5,-88.5,-84.5,  2,  4, 0.00,261,18.3
2025-06-11 11:56:48,-102.0389,31.9957, 115.9,15700,-63.6,-88.5,-84.5,  2,  4, 0.00,261,18.3
2025-06-11 11:56:49,-102.0387,31.9957, 115.8,15704,-63.6,-88.5,-84.5,  2,  4, 0.00,261,18.3
2025-06-11 11:56:50,-102.0385,31.9957, 115.7,15709,-63.6,-88.5,-84.6,  2,  4, 0.00,261,18.3
2025-06-11 11:56:51,-102.0383,31.9958, 115.6,15714,-63.6,-88.6,-84.6,  2,  4, 0.00,261,18.2
2025-06-11 11:56:52,-102.0381,31.9958, 115.5,15718,-63.7,-88.6,-84.6,  2,  4, 0.00,261,18.2
2025-06-11 11:56:53,-102.0379,31.9958, 115.4,15723,-63.7,-88.6,-84.6,  2,  4, 0.00,261,18.2
2025-06-11 11:56:54,-102.0377,31.9958, 115.3,15728,-63.7,-88.6,-84.6,  2,  4, 0.00,261,18.2
2025-06-11 11:56:55,-102.0375,31.9958, 115.3,15733,-63.7,-88.6,-84.6,  2,  4, 0.00,261,18.2
2025-06-11 11:56:56,-102.0373,31.9959, 115.2,15738,-63.8,-88.6,-84.6,  2,  4, 0.00,261,18.2
2025-06-11 11:56:57,-102.0372,31.9959, 115.1,15742,-63.8,-88.6,-84.6,  2,  4, 0.00,261,18.2
2025-06-11 11:56:58,-102.0370,31.9959, 115.0,15747,-63.8,-88.6,-84.6,  2,  4, 0.00,261,18.2
2025-06-11 11:56:59,-102.0368,31.9959, 114.9,15752,-63.8,-88.6,-84.6,  2,  4, 0.00,262,18.2
2025-06-11 11:57:00,-102.0366,31.9960, 114.8,15757,-63.9,-88.6,-84.6,  2,  4, 0.00,262,18.2
2025-06-11 11:57:01,-102.0364,31.9960, 114.7,15762,-63.9,-88.6,-84.6,  2,  4, 0.00,262,18.1
2025-06-11 11:57:02,-102.0362,31.9960, 114.6,15767,-63.9,-88.6,-84.6,  2,  4, 0.00,262,18.1
2025-06-11 11:57:03,-102.0360,31.9960, 114.5,15772,-63.9,-88.6,-84.6,  2,  4, 0.00,262,18.1
2025-06-11 11:57:04,-102.0358,31.9960, 114.4,15777,-64.0,-88.6,-84.6,  2,  4, 0.00,262,18.1
2025-06-11 11:57:05,-102.0356,31.9961, 114.3,15782,-64.0,-88.5,-84.6,  2,  4, 0.00,262,18.1
2025-06-11 11:57:06,-102.0354,31.9961, 114.2,15787,-64.0,-88.5,-84.6,  2,  4, 0.00,262,18.1
2025-06-11 11:57:07,-102.0353,31.9961, 114.2,15792,-64.0,-88.5,-84.5,  2,  4, 0.00,262,18.1
2025-06-11 11:57:08,-102.0351,31.9961, 114.1,15797,-64.1,-88.4,-84.4,  2,  4, 0.00,263,18.1
2025-06-11 11:57:09,-102.0349,31.9961, 114.0,15802,-64.1,-88.4,-84.4,  2,  4, 0.00,263,18.0
2025-06-11 11:57:10,-102.0347,31.9961, 113.9,15806,-64.1,-88.3,-84.3,  2,  4, 0.00,263,18.0
2025-06-11 11:57:11,-102.0345,31.9962, 113.8,15811,-64.1,-88.2,-84.2,  2,  4, 0.00,263,18.0
2025-06-11 11:57:12,-102.0344,31.9962, 113.7,15816,-64.1,-88.2,-84.2,  2,  4, 0.00,263,18.0
2025-06-11 11:57:13,-102.0342,31.9962, 113.6,15820,-64.2,-88.1,-84.1,  2,  4, 0.00,263,18.0
2025-06-11 11:57:14,-102.0340,31.9962, 113.5,15825,-64.2,-88.1,-84.1,  2,  5, 0.00,263,18.0
2025-06-11 11:57:15,-102.0338,31.9962, 113.4,15830,-64.2,-88.0,-84.0,  3,  5, 0.00,263,18.0
2025-06-11 11:57:16,-102.0336,31.9962, 113.4,15834,-64.2,-88.0,-84.0,  3,  5, 0.00,264,17.9
2025-06-11 11:57:17,-102.0335,31.9962, 113.3,15839,-64.2,-87.9,-83.9,  3,  5, 0.00,264,17.9
2025-06-11 11:57:18,-102.0333,31.9962, 113.2,15843,-64.2,-87.8,-83.8,  3,  5, 0.00,264,17.8
2025-06-11 11:57:19,-102.0331,31.9962, 113.1,15848,-64.3,-87.8,-83.8,  3,  5, 0.00,264,17.7
2025-06-11 11:57:20,-102.0329,31.9963, 113.0,15853,-64.3,-87.7,-83.7,  3,  5, 0.00,264,17.7
2025-06-11 11:57:21,-102.0327,31.9963, 112.9,15857,-64.3,-87.7,-83.7,  3,  5, 0.00,264,17.6
2025-06-11 11:57:22,-102.0326,31.9963, 112.9,15862,-64.3,-87.7,-83.7,  3,  5, 0.00,264,17.6
2025-06-11 11:57:23,-102.0324,31.9963, 112.8,15866,-64.3,-87.6,-83.6,  3,  5, 0.00,264,17.5
2025-06-11 11:57:24,-102.0322,31.9963, 112.7,15870,-64.3,-87.6,-83.6,  3,  5, 0.00,264,17.4
2025-06-11 11:57:25,-102.0320,31.9963, 112.6,15875,-64.3,-87.6,-83.6,  3,  5, 0.00,265,17.4
2025-06-11 11:57:26,-102.0318,31.9963, 112.5,15879,-64.3,-87.6,-83.5,  3,  5, 0.00,265,17.3
2025-06-11 11:57:27,-102.0317,31.9963, 112.4,15884,-64.3,-87.5,-83.5,  3,  5, 0.00,265,17.3
2025-06-11 11:57:28,-102.0314,31.9963, 112.4,15889,-64.3,-87.5,-83.5,  3,  5, 0.00,265,17.2
2025-06-11 11:57:29,-102.0313,31.9964, 112.3,15894,-64.4,-87.5,-83.4,  3,  5, 0.00,265,17.1
2025-06-11 11:57:30,-102.0311,31.9964, 112.2,15898,-64.4,-87.4,-83.4,  3,  5, 0.00,265,17.1
2025-06-11 11:57:31,-102.0309,31.9964, 112.1,15902,-64.4,-87.4,-83.4,  3,  5, 0.00,265,17.0
2025-06-11 11:57:32,-102.0308,31.9964, 112.0,15907,-64.3,-87.4,-83.3,  3,  5, 0.00,265,17.0
2025-06-11 11:57:33,-102.0306,31.9964, 111.9,15911,-64.3,-87.3,-83.3,  3,  5, 0.00,266,16.9
2025-06-11 11:57:34,-102.0304,31.9964, 111.9,15916,-64.3,-87.3,-83.3,  3,  5, 0.00,266,16.9
2025-06-11 11:57:35,-102.0302,31.9964, 111.8,15921,-64.3,-87.3,-83.3,  3,  5, 0.00,266,16.8
2025-06-11 11:57:36,-102.0300,31.9964, 111.7,15925,-64.3,-87.3,-83.3,  3,  5, 0.00,266,16.8
2025-06-11 11:57:37,-102.0299,31.9964, 111.6,15930,-64.3,-87.3,-83.2,  3,  5, 0.00,266,16.8
2025-06-11 11:57:38,-102.0297,31.9964, 111.5,15935,-64.3,-87.3,-83.2,  3,  5, 0.00,266,16.7
2025-06-11 11:57:39,-102.0296,31.9964, 111.4,15939,-64.3,-87.3,-83.2,  3,  5, 0.00,267,16.7
2025-06-11 11:57:40,-102.0294,31.9964, 111.3,15944,-64.3,-87.2,-83.2,  3,  5, 0.00,267,16.7
2025-06-11 11:57:41,-102.0292,31.9964, 111.3,15949,-64.3,-87.2,-83.2,  3,  5, 0.00,267,16.6
2025-06-11 11:57:42,-102.0291,31.9964, 111.2,15953,-64.3,-87.2,-83.2,  3,  5, 0.00,267,16.6
2025-06-11 11:57:43,-102.0289,31.9964, 111.1,15958,-64.3,-87.2,-83.2,  3,  5, 0.00,267,16.6
2025-06-11 11:57:44,-102.0288,31.9964, 111.0,15962,-64.3,-87.2,-83.2,  3,  5, 0.00,267,16.6
2025-06-11 11:57:45,-102.0286,31.9964, 110.9,15967,-64.3,-87.2,-83.1,  3,  5, 0.00,268,16.5
2025-06-11 11:57:46,-102.0285,31.9964, 110.8,15971,-64.3,-87.2,-83.1,  3,  5, 0.00,268,16.5
2025-06-11 11:57:47,-102.0283,31.9964, 110.8,15976,-64.3,-87.1,-83.1,  3,  5, 0.00,268,16.5
2025-06-11 11:57:48,-102.0282,31.9964, 110.7,15980,-64.3,-87.0,-83.0,  3,  6, 0.00,268,16.4
2025-06-11 11:57:49,-102.0280,31.9964, 110.6,15985,-64.3,-87.0,-82.9,  3,  6, 0.00,268,16.4
2025-06-11 11:57:50,-102.0278,31.9964, 110.5,15990,-64.3,-86.9,-82.8,  3,  6, 0.00,269,16.4
2025-06-11 11:57:51,-102.0277,31.9964, 110.4,15995,-64.3,-86.8,-82.8,  3,  6, 0.00,269,16.4
2025-06-11 11:57:52,-102.0275,31.9964, 110.3,16000,-64.2,-86.8,-82.7,  3,  6, 0.00,269,16.3
2025-06-11 11:57:53,-102.0274,31.9964, 110.2,16005,-64.2,-86.7,-82.6,  3,  6, 0.00,269,16.3
2025-06-11 11:57:54,-102.0272,31.9964, 110.1,16010,-64.2,-86.6,-82.6,  3,  6, 0.00,269,16.3
2025-06-11 11:57:55,-102.0271,31.9964, 110.1,16015,-64.2,-86.6,-82.5,  3,  6, 0.00,270,16.3
2025-06-11 11:57:56,-102.0269,31.9964, 110.0,16020,-64.2,-86.5,-82.4,  3,  6, 0.00,270,16.1
2025-06-11 11:57:57,-102.0268,31.9964, 109.9,16025,-64.2,-86.4,-82.4,  3,  6, 0.00,270,15.9
2025-06-11 11:57:58,-102.0266,31.9964, 109.8,16030,-64.2,-86.4,-82.3,  3,  6, 0.00,270,15.7
2025-06-11 11:57:59,-102.0265,31.9964, 109.7,16035,-64.2,-86.3,-82.2,  3,  6, 0.00,270,15.5
2025-06-11 11:58:00,-102.0263,31.9964, 109.6,16040,-64.2,-86.3,-82.2,  3,  6, 0.00,270,15.3
2025-06-11 11:58:01,-102.0261,31.9964, 109.5,16045,-64.2,-86.3,-82.2,  3,  6, 0.00,270,15.1
2025-06-11 11:58:02,-102.0260,31.9964, 109.4,16050,-64.2,-86.3,-82.2,  3,  6, 0.00,271,15.0
2025-06-11 11:58:03,-102.0258,31.9964, 109.3,16055,-64.2,-86.2,-82.2,  3,  6, 0.00,271,14.8
2025-06-11 11:58:04,-102.0257,31.9964, 109.3,16060,-64.2,-86.2,-82.1,  3,  6, 0.00,271,14.6
2025-06-11 11:58:05,-102.0255,31.9964, 109.2,16065,-64.2,-86.2,-82.1,  3,  6, 0.00,271,14.4
2025-06-11 11:58:06,-102.0254,31.9964, 109.1,16070,-64.2,-86.2,-82.1,  3,  6, 0.00,271,14.2
2025-06-11 11:58:07,-102.0252,31.9964, 109.0,16075,-64.2,-86.2,-82.1,  4,  6, 0.00,271,14.0
2025-06-11 11:58:08,-102.0251,31.9964, 108.9,16080,-64.2,-86.1,-82.1,  4,  6, 0.00,272,13.9
2025-06-11 11:58:09,-102.0250,31.9964, 108.8,16085,-64.2,-86.1,-82.1,  4,  6, 0.00,272,13.7
2025-06-11 11:58:10,-102.0249,31.9964, 108.8,16088,-64.2,-86.1,-82.0,  4,  6, 0.00,272,13.6
2025-06-11 11:58:11,-102.0248,31.9964, 108.6,16095,-64.2,-86.1,-82.0,  4,  6, 0.00,272,13.3
2025-06-11 11:58:12,-102.0247,31.9964, 108.5,16100,-64.2,-86.1,-82.0,  4,  6, 0.00,272,13.1
2025-06-11 11:58:13,-102.0246,31.9964, 108.5,16105,-64.3,-86.1,-82.1,  4,  6, 0.00,272,12.9
2025-06-11 11:58:14,-102.0245,31.9964, 108.4,16110,-64.3,-86.2,-82.1,  4,  6, 0.00,273,12.8
2025-06-11 11:58:15,-102.0244,31.9964, 108.3,16115,-64.3,-86.2,-82.1,  4,  6, 0.00,273,12.6
2025-06-11 11:58:16,-102.0243,31.9964, 108.2,16120,-64.3,-86.2,-82.2,  4,  6, 0.00,273,12.4
2025-06-11 11:58:17,-102.0242,31.9964, 108.1,16124,-64.3,-86.3,-82.2,  3,  6, 0.00,273,12.2
2025-06-11 11:58:18,-102.0241,31.9964, 108.0,16129,-64.4,-86.3,-82.3,  3,  6, 0.00,272,12.1
2025-06-11 11:58:19,-102.0240,31.9964, 107.9,16134,-64.4,-86.4,-82.3,  3,  6, 0.00,272,11.9
2025-06-11 11:58:20,-102.0239,31.9964, 107.8,16139,-64.4,-86.4,-82.3,  3,  6, 0.00,272,11.8
2025-06-11 11:58:21,-102.0238,31.9964, 107.8,16144,-64.4,-86.4,-82.4,  3,  6, 0.00,272,11.6
2025-06-11 11:58:22,-102.0237,31.9964, 107.7,16149,-64.4,-86.5,-82.4,  3,  6, 0.00,272,11.4
2025-06-11 11:58:23,-102.0236,31.9964, 107.6,16155,-64.4,-86.5,-82.4,  3,  6, 0.00,272,11.3
2025-06-11 11:58:24,-102.0235,31.9964, 107.5,16160,-64.5,-86.5,-82.5,  3,  6, 0.00,272,11.1
2025-06-11 11:58:25,-102.0234,31.9964, 107.4,16166,-64.5,-86.6,-82.5,  3,  6, 0.00,271,10.9
2025-06-11 11:58:26,-102.0233,31.9964, 107.3,16171,-64.5,-86.6,-82.6,  3,  6, 0.00,271,10.8
2025-06-11 11:58:27,-102.0232,31.9964, 107.2,16177,-64.5,-86.7,-82.6,  3,  6, 0.00,271,10.6
2025-06-11 11:58:28,-102.0231,31.9964, 107.1,16181,-64.6,-86.7,-82.7,  3,  6, 0.00,271,10.4
2025-06-11 11:58:29,-102.0229,31.9964, 107.0,16186,-64.6,-86.8,-82.7,  3,  6, 0.00,271,10.3
2025-06-11 11:58:30,-102.0228,31.9964, 106.9,16191,-64.6,-86.8,-82.8,  3,  6, 0.00,270,10.1
2025-06-11 11:58:31,-102.0227,31.9964, 106.8,16196,-64.6,-86.9,-82.8,  3,  6, 0.00,270,10.0
2025-06-11 11:58:32,-102.0226,31.9964, 106.8,16201,-64.6,-86.9,-82.9,  3,  6, 0.00,270, 9.8
2025-06-11 11:58:33,-102.0225,31.9964, 106.7,16206,-64.7,-87.0,-82.9,  3,  6, 0.00,270, 9.6
2025-06-11 11:58:34,-102.0224,31.9964, 106.6,16211,-64.7,-87.0,-83.0,  3,  6, 0.00,270, 9.5
2025-06-11 11:58:35,-102.0223,31.9964, 106.5,16216,-64.7,-87.0,-83.0,  3,  6, 0.00,269, 9.3
2025-06-11 11:58:36,-102.0222,31.9964, 106.4,16221,-64.7,-87.1,-83.1,  3,  6, 0.00,269, 9.2
2025-06-11 11:58:37,-102.0221,31.9964, 106.3,16226,-64.7,-87.1,-83.1,  3,  6, 0.00,268, 9.1
2025-06-11 11:58:38,-102.0220,31.9964, 106.2,16231,-64.7,-87.2,-83.1,  3,  6, 0.00,268, 9.0
2025-06-11 11:58:39,-102.0220,31.9964, 106.2,16235,-64.8,-87.2,-83.2,  3,  6, 0.00,267, 8.9
2025-06-11 11:58:40,-102.0219,31.9964, 106.1,16240,-64.8,-87.2,-83.2,  3,  6, 0.00,267, 8.7
2025-06-11 11:58:41,-102.0218,31.9964, 106.0,16245,-64.8,-87.2,-83.2,  3,  6, 0.00,266, 8.6
2025-06-11 11:58:42,-102.0217,31.9965, 105.9,16249,-64.8,-87.2,-83.2,  3,  6, 0.00,266, 8.5
2025-06-11 11:58:43,-102.0217,31.9965, 105.8,16254,-64.8,-87.2,-83.2,  3,  6, 0.00,265, 8.4
2025-06-11 11:58:44,-102.0216,31.9965, 105.8,16258,-64.9,-87.2,-83.1,  3,  6, 0.00,264, 8.3
2025-06-11 11:58:45,-102.0215,31.9965, 105.7,16263,-64.9,-87.2,-83.1,  3,  6, 0.00,264, 8.2
2025-06-11 11:58:46,-102.0214,31.9965, 105.6,16267,-64.9,-87.1,-83.1,  3,  6, 0.00,263, 8.1
2025-06-11 11:58:47,-102.0214,31.9965, 105.5,16272,-64.9,-87.1,-83.1,  3,  6, 0.00,263, 8.0
2025-06-11 11:58:48,-102.0213,31.9966, 105.4,16276,-64.9,-87.1,-83.1,  3,  6, 0.00,262, 7.9
2025-06-11 11:58:49,-102.0212,31.9966, 105.4,16281,-64.9,-87.1,-83.1,  3,  6, 0.00,261, 7.8
2025-06-11 11:58:50,-102.0211,31.9966, 105.3,16285,-65.0,-87.1,-83.0,  3,  6, 0.00,261, 7.7
2025-06-11 11:58:51,-102.0211,31.9966, 105.2,16290,-65.0,-87.1,-83.0,  3,  6, 0.00,260, 7.6
2025-06-11 11:58:52,-102.0210,31.9966, 105.1,16295,-65.0,-87.1,-83.0,  3,  6, 0.00,259, 7.5
2025-06-11 11:58:53,-102.0209,31.9966, 105.1,16299,-65.0,-87.1,-83.0,  3,  6, 0.00,258, 7.4
2025-06-11 11:58:54,-102.0208,31.9967, 105.0,16304,-65.0,-87.1,-83.0,  3,  6, 0.00,258, 7.3
2025-06-11 11:58:55,-102.0208,31.9967, 104.9,16309,-65.0,-87.1,-83.0,  3,  6, 0.00,257, 7.2
2025-06-11 11:58:56,-102.0207,31.9967, 104.8,16313,-65.1,-87.1,-83.0,  3,  6, 0.00,257, 7.2
2025-06-11 11:58:57,-102.0206,31.9967, 104.7,16318,-65.1,-87.1,-83.0,  3,  6, 0.00,257, 7.3
2025-06-11 11:58:58,-102.0205,31.9967, 104.6,16323,-65.1,-87.1,-83.0,  3,  6, 0.00,257, 7.3
2025-06-11 11:58:59,-102.0205,31.9967, 104.6,16327,-65.1,-87.1,-83.0,  3,  6, 0.00,257, 7.3
2025-06-11 11:59:00,-102.0204,31.9968, 104.5,16332,-65.1,-87.1,-83.0,  3,  6, 0.00,257, 7.3
2025-06-11 11:59:01,-102.0203,31.9968, 104.4,16337,-65.1,-87.1,-83.0,  3,  6, 0.00,257, 7.4
2025-06-11 11:59:02,-102.0202,31.9968, 104.3,16342,-65.2,-87.1,-83.0,  3,  6, 0.00,257, 7.4
2025-06-11 11:59:03,-102.0202,31.9968, 104.2,16346,-65.2,-87.1,-83.1,  3,  6, 0.00,257, 7.4
2025-06-11 11:59:04,-102.0201,31.9968, 104.2,16351,-65.2,-87.1,-83.1,  3,  6, 0.00,257, 7.5
2025-06-11 11:59:05,-102.0200,31.9968, 104.1,16356,-65.2,-87.1,-83.1,  3,  6, 0.00,257, 7.5
2025-06-11 11:59:06,-102.0199,31.9969, 104.0,16361,-65.2,-87.1,-83.1,  3,  6, 0.00,257, 7.5
2025-06-11 11:59:07,-102.0199,31.9969, 103.9,16365,-65.3,-87.1,-83.1,  3,  6, 0.00,256, 7.6
2025-06-11 11:59:08,-102.0198,31.9969, 103.9,16369,-65.3,-87.1,-83.0,  3,  6, 0.00,256, 7.6
2025-06-11 11:59:09,-102.0197,31.9969, 103.8,16373,-65.3,-87.0,-83.0,  3,  6, 0.00,256, 7.6
2025-06-11 11:59:10,-102.0196,31.9969, 103.7,16378,-65.3,-87.0,-83.0,  4,  6, 0.00,256, 7.7
2025-06-11 11:59:11,-102.0195,31.9969, 103.6,16382,-65.4,-87.0,-83.0,  4,  6, 0.00,256, 7.7
2025-06-11 11:59:12,-102.0194,31.9969, 103.6,16386,-65.4,-87.0,-82.9,  4,  6, 0.00,256, 7.7
2025-06-11 11:59:13,-102.0193,31.9969, 103.5,16391,-65.4,-87.0,-82.9,  4,  7, 0.00,256, 7.8
2025-06-11 11:59:14,-102.0192,31.9969, 103.4,16395,-65.4,-86.9,-82.9,  4,  7, 0.00,256, 7.8
2025-06-11 11:59:15,-102.0191,31.9969, 103.3,16399,-65.4,-86.9,-82.9,  4,  7, 0.00,256, 7.8
2025-06-11 11:59:16,-102.0190,31.9969, 103.3,16403,-65.5,-86.9,-82.8,  4,  7, 0.00,257, 7.9
2025-06-11 11:59:17,-102.0189,31.9969, 103.2,16408,-65.5,-86.9,-82.8,  4,  7, 0.00,258, 7.9
2025-06-11 11:59:18,-102.0188,31.9969, 103.1,16412,-65.5,-86.9,-82.8,  4,  7, 0.00,258, 8.0
2025-06-11 11:59:19,-102.0187,31.9969, 103.1,16416,-65.5,-86.8,-82.8,  4,  7, 0.00,259, 8.1
2025-06-11 11:59:20,-102.0186,31.9969, 103.0,16419,-65.6,-86.8,-82.8,  4,  7, 0.00,259, 8.1
2025-06-11 11:59:21,-102.0185,31.9969, 102.9,16425,-65.6,-86.9,-82.8,  4,  7, 0.00,260, 8.2
2025-06-11 11:59:22,-102.0184,31.9969, 102.8,16429,-65.6,-86.9,-82.9,  4,  7, 0.00,261, 8.2
2025-06-11 11:59:23,-102.0183,31.9969, 102.8,16433,-65.6,-87.0,-83.0,  4,  7, 0.00,261, 8.3
2025-06-11 11:59:24,-102.0183,31.9969, 102.7,16437,-65.7,-87.1,-83.0,  4,  7, 0.00,262, 8.4
2025-06-11 11:59:25,-102.0182,31.9970, 102.6,16442,-65.7,-87.1,-83.1,  4,  7, 0.00,262, 8.4
2025-06-11 11:59:26,-102.0181,31.9970, 102.5,16446,-65.7,-87.2,-83.1,  4,  7, 0.00,263, 8.5
2025-06-11 11:59:27,-102.0180,31.9970, 102.5,16450,-65.7,-87.2,-83.2,  4,  7, 0.00,263, 8.6
2025-06-11 11:59:28,-102.0179,31.9970, 102.4,16455,-65.8,-87.3,-83.2,  4,  7, 0.00,264, 8.6
2025-06-11 11:59:29,-102.0178,31.9970, 102.3,16459,-65.8,-87.3,-83.3,  4,  7, 0.00,264, 8.7
2025-06-11 11:59:30,-102.0177,31.9970, 102.2,16464,-65.8,-87.4,-83.3,  4,  6, 0.00,265, 8.8
2025-06-11 11:59:31,-102.0176,31.9970, 102.2,16468,-65.9,-87.4,-83.4,  4,  6, 0.00,265, 8.8
2025-06-11 11:59:32,-102.0175,31.9970, 102.1,16473,-65.9,-87.5,-83.4,  3,  6, 0.00,266, 8.9
2025-06-11 11:59:33,-102.0174,31.9970, 102.0,16477,-65.9,-87.5,-83.5,  3,  6, 0.00,266, 9.0
2025-06-11 11:59:34,-102.0173,31.9970, 101.9,16482,-65.9,-87.5,-83.5,  3,  6, 0.00,267, 9.0
2025-06-11 11:59:35,-102.0172,31.9970, 101.9,16486,-66.0,-87.6,-83.5,  3,  6, 0.00,267, 9.1
2025-06-11 11:59:36,-102.0171,31.9970, 101.8,16491,-66.0,-87.6,-83.5,  3,  6, 0.00,268, 9.2
2025-06-11 11:59:37,-102.0170,31.9970, 101.7,16495,-66.0,-87.6,-83.6,  3,  6, 0.00,269, 9.3
2025-06-11 11:59:38,-102.0169,31.9970, 101.6,16500,-66.0,-87.6,-83.6,  4,  6, 0.00,269, 9.3
2025-06-11 11:59:39,-102.0168,31.9970, 101.6,16504,-66.1,-87.6,-83.6,  4,  6, 0.00,270, 9.4
2025-06-11 11:59:40,-102.0167,31.9969, 101.5,16509,-66.1,-87.6,-83.6,  4,  6, 0.00,270, 9.5
2025-06-11 11:59:41,-102.0166,31.9969, 101.4,16514,-66.1,-87.6,-83.6,  4,  6, 0.00,271, 9.6
2025-06-11 11:59:42,-102.0165,31.9969, 101.3,16518,-66.1,-87.6,-83.6,  4,  6, 0.00,272, 9.6
2025-06-11 11:59:43,-102.0164,31.9969, 101.3,16523,-66.2,-87.6,-83.6,  4,  6, 0.00,272, 9.7
2025-06-11 11:59:44,-102.0162,31.9968, 101.2,16527,-66.2,-87.7,-83.6,  4,  6, 0.00,273, 9.8
2025-06-11 11:59:45,-102.0161,31.9968, 101.1,16532,-66.2,-87.7,-83.6,  4,  6, 0.00,273, 9.9
2025-06-11 11:59:46,-102.0160,31.9968, 101.0,16537,-66.2,-87.7,-83.6,  4,  6, 0.00,274, 9.9
2025-06-11 11:59:47,-102.0159,31.9968, 101.0,16541,-66.2,-87.7,-83.6,  4,  7, 0.00,274,10.0
2025-06-11 11:59:48,-102.0158,31.9967, 100.9,16546,-66.3,-87.7,-83.6,  4,  7, 0.00,275,10.1
2025-06-11 11:59:49,-102.0157,31.9967, 100.8,16550,-66.3,-87.7,-83.6,  4,  7, 0.00,275,10.2
2025-06-11 11:59:50,-102.0156,31.9967, 100.7,16555,-66.3,-87.7,-83.6,  4,  7, 0.00,276,10.3
2025-06-11 11:59:51,-102.0154,31.9967, 100.7,16559,-66.3,-87.7,-83.6,  4,  7, 0.00,276,10.4
2025-06-11 11:59:52,-102.0153,31.9966, 100.6,16564,-66.3,-87.6,-83.6,  4,  7, 0.00,277,10.4
2025-06-11 11:59:53,-102.0152,31.9966, 100.5,16568,-66.3,-87.6,-83.6,  4,  7, 0.00,277,10.5
2025-06-11 11:59:54,-102.0151,31.9966, 100.4,16573,-66.4,-87.6,-83.6,  4,  7, 0.00,278,10.6
2025-06-11 11:59:55,-102.0150,31.9966, 100.4,16577,-66.4,-87.6,-83.6,  4,  7, 0.00,278,10.7
2025-06-11 11:59:56,-102.0149,31.9965, 100.3,16582,-66.4,-87.6,-83.6,  4,  7, 0.00,279,10.7
2025-06-11 11:59:57,-102.0148,31.9965, 100.2,16586,-66.4,-87.6,-83.6,  4,  7, 0.00,279,10.8
2025-06-11 11:59:58,-102.0147,31.9965, 100.1,16591,-66.4,-87.6,-83.6,  4,  7, 0.00,280,10.8
2025-06-11 11:59:59,-102.0146,31.9965, 100.1,16595,-66.4,-87.6,-83.6,  4,  7, 0.00,281,10.8
2025-06-11 12:00:00,-102.0144,31.9964, 100.0,16598,-66.4,-87.6,-83.6,  4,  7, 0.00,281,10.9
2025-06-11 12:00:01,-102.0143,31.9964,  99.9,16604,-66.4,-87.6,-83.6,  4,  7, 0.00,282,10.9
2025-06-11 12:00:02,-102.0142,31.9964,  99.8,16609,-66.4,-87.6,-83.6,  4,  7, 0.00,283,11.0
2025-06-11 12:00:03,-102.0141,31.9964,  99.7,16614,-66.5,-87.6,-83.6,  4,  7, 0.00,284,11.0
2025-06-11 12:00:04,-102.0140,31.9963,  99.7,16619,-66.5,-87.6,-83.6,  4,  7, 0.00,284,11.0
2025-06-11 12:00:05,-102.0139,31.9963,  99.6,16624,-66.5,-87.6,-83.6,  4,  7, 0.00,285,11.1
2025-06-11 12:00:06,-102.0138,31.9963,  99.5,16629,-66.5,-87.6,-83.6,  4,  7, 0.00,286,11.1
2025-06-11 12:00:07,-102.0136,31.9963,  99.4,16634,-66.5,-87.6,-83.6,  4,  7, 0.00,286,11.2
2025-06-11 12:00:08,-102.0135,31.9962,  99.3,16639,-66.5,-87.6,-83.6,  4,  7, 0.00,287,11.2
2025-06-11 12:00:09,-102.0134,31.9962,  99.3,16643,-66.5,-87.6,-83.5,  4,  7, 0.00,288,11.3
2025-06-11 12:00:10,-102.0133,31.9961,  99.2,16648,-66.5,-87.6,-83.5,  4,  7, 0.00,288,11.3
2025-06-11 12:00:11,-102.0132,31.9961,  99.1,16652,-66.5,-87.6,-83.5,  4,  7, 0.00,289,11.4
2025-06-11 12:00:12,-102.0131,31.9960,  99.0,16657,-66.5,-87.6,-83.5,  4,  7, 0.00,290,11.4
2025-06-11 12:00:13,-102.0130,31.9960,  99.0,16662,-66.5,-87.6,-83.5,  4,  7, 0.00,290,11.5
2025-06-11 12:00:14,-102.0129,31.9959,  98.9,16666,-66.6,-87.5,-83.5,  4,  7, 0.00,291,11.6
2025-06-11 12:00:15,-102.0128,31.9958,  98.8,16671,-66.6,-87.5,-83.5,  4,  7, 0.00,292,11.6
2025-06-11 12:00:16,-102.0127,31.9958,  98.7,16675,-66.6,-87.5,-83.4,  4,  7, 0.00,292,11.6
2025-06-11 12:00:17,-102.0126,31.9957,  98.7,16680,-66.6,-87.5,-83.4,  4,  7, 0.00,293,11.6
2025-06-11 12:00:18,-102.0125,31.9957,  98.6,16685,-66.6,-87.4,-83.4,  4,  7, 0.00,294,11.5
2025-06-11 12:00:19,-102.0124,31.9956,  98.5,16689,-66.6,-87.4,-83.4,  4,  7, 0.00,294,11.5
2025-06-11 12:00:20,-102.0123,31.9956,  98.4,16694,-66.6,-87.4,-83.3,  4,  7, 0.00,295,11.5
2025-06-11 12:00:21,-102.0122,31.9955,  98.4,16698,-66.6,-87.3,-83.3,  4,  7, 0.00,296,11.5
2025-06-11 12:00:22,-102.0121,31.9954,  98.3,16703,-66.6,-87.3,-83.3,  4,  7, 0.00,297,11.5
2025-06-11 12:00:23,-102.0120,31.9954,  98.2,16708,-66.6,-87.3,-83.3,  4,  7, 0.00,297,11.5
2025-06-11 12:00:24,-102.0119,31.9953,  98.1,16712,-66.6,-87.3,-83.2,  4,  7, 0.00,298,11.5
2025-06-11 12:00:25,-102.0118,31.9953,  98.1,16717,-66.7,-87.2,-83.2,  4,  7, 0.00,299,11.4
2025-06-11 12:00:26,-102.0118,31.9952,  98.0,16722,-66.7,-87.2,-83.2,  4,  8, 0.00,299,11.4
2025-06-11 12:00:27,-102.0116,31.9951,  97.9,16726,-66.7,-87.2,-83.2,  4,  8, 0.00,300,11.4
2025-06-11 12:00:28,-102.0115,31.9951,  97.8,16732,-66.7,-87.2,-83.2,  4,  8, 0.00,301,11.4
2025-06-11 12:00:29,-102.0114,31.9950,  97.7,16737,-66.7,-87.2,-83.2,  4,  8, 0.00,302,11.4
2025-06-11 12:00:30,-102.0113,31.9950,  97.7,16741,-66.7,-87.3,-83.2,  4,  7, 0.00,302,11.4
2025-06-11 12:00:31,-102.0112,31.9949,  97.6,16746,-66.7,-87.3,-83.2,  4,  7, 0.00,303,11.4
2025-06-11 12:00:32,-102.0111,31.9949,  97.5,16751,-66.7,-87.3,-83.3,  4,  7, 0.00,304,11.4
2025-06-11 12:00:33,-102.0110,31.9948,  97.4,16755,-66.7,-87.3,-83.3,  4,  7, 0.00,305,11.4
2025-06-11 12:00:34,-102.0109,31.9947,  97.4,16760,-66.8,-87.3,-83.3,  4,  7, 0.00,305,11.4
2025-06-11 12:00:35,-102.0108,31.9947,  97.3,16764,-66.8,-87.4,-83.3,  4,  7, 0.00,306,11.5
2025-06-11 12:00:36,-102.0107,31.9946,  97.2,16769,-66.8,-87.4,-83.3,  4,  7, 0.00,306,11.4
2025-06-11 12:00:37,-102.0106,31.9946,  97.1,16774,-66.8,-87.4,-83.4,  4,  7, 0.00,307,11.4
2025-06-11 12:00:38,-102.0105,31.9945,  97.1,16778,-66.8,-87.4,-83.4,  4,  7, 0.00,307,11.4
2025-06-11 12:00:39,-102.0105,31.9944,  97.0,16783,-66.8,-87.4,-83.4,  4,  7, 0.00,307,11.4
2025-06-11 12:00:40,-102.0104,31.9944,  96.9,16788,-66.8,-87.5,-83.4,  4,  7, 0.00,307,11.4
2025-06-11 12:00:41,-102.0103,31.9943,  96.8,16793,-66.9,-87.5,-83.5,  4,  7, 0.00,307,11.4
2025-06-11 12:00:42,-102.0102,31.9943,  96.8,16798,-66.9,-87.5,-83.5,  4,  7, 0.00,308,11.3
2025-06-11 12:00:43,-102.0101,31.9942,  96.7,16802,-66.9,-87.6,-83.5,  4,  7, 0.00,308,11.3
2025-06-11 12:00:44,-102.0100,31.9941,  96.6,16807,-66.9,-87.6,-83.6,  4,  7, 0.00,308,11.3
2025-06-11 12:00:45,-102.0099,31.9941,  96.5,16812,-66.9,-87.6,-83.6,  4,  7, 0.00,308,11.3
2025-06-11 12:00:46,-102.0098,31.9940,  96.4,16817,-66.9,-87.6,-83.6,  4,  7, 0.00,309,11.3
2025-06-11 12:00:47,-102.0097,31.9939,  96.4,16822,-66.9,-87.7,-83.6,  4,  7, 0.00,309,11.3
2025-06-11 12:00:48,-102.0097,31.9939,  96.3,16827,-67.0,-87.7,-83.7,  4,  7, 0.00,309,11.3
2025-06-11 12:00:49,-102.0096,31.9938,  96.2,16832,-67.0,-87.7,-83.7,  4,  7, 0.00,309,11.2
2025-06-11 12:00:50,-102.0095,31.9937,  96.1,16837,-67.0,-87.8,-83.7,  4,  7, 0.00,310,11.2
2025-06-11 12:00:51,-102.0094,31.9937,  96.0,16842,-67.0,-87.8,-83.8,  4,  7, 0.00,310,11.2
2025-06-11 12:00:52,-102.0093,31.9936,  96.0,16847,-67.0,-87.8,-83.8,  4,  7, 0.00,310,11.2
2025-06-11 12:00:53,-102.0092,31.9935,  95.9,16852,-67.0,-87.8,-83.8,  4,  7, 0.00,310,11.2
2025-06-11 12:00:54,-102.0091,31.9935,  95.8,16857,-67.0,-87.8,-83.8,  4,  7, 0.00,311,11.2
2025-06-11 12:00:55,-102.0090,31.9934,  95.7,16862,-67.0,-87.8,-83.8,  4,  7, 0.00,311,11.2
2025-06-11 12:00:56,-102.0089,31.9934,  95.6,16867,-67.1,-87.8,-83.8,  4,  7, 0.00,311,11.1
2025-06-11 12:00:57,-102.0089,31.9933,  95.6,16872,-67.1,-87.8,-83.8,  4,  7, 0.00,311,11.1
2025-06-11 12:00:58,-102.0088,31.9932,  95.5,16878,-67.1,-87.8,-83.8,  4,  7, 0.00,311,11.1
2025-06-11 12:00:59,-102.0087,31.9932,  95.4,16883,-67.1,-87.8,-83.8,  4,  7, 0.00,311,11.1
2025-06-11 12:01:00,-102.0086,31.9931,  95.3,16888,-67.1,-87.8,-83.8,  4,  7, 0.00,311,11.0
2025-06-11 12:01:01,-102.0085,31.9930,  95.2,16893,-67.1,-87.8,-83.7,  4,  7, 0.00,310,11.0
2025-06-11 12:01:02,-102.0084,31.9930,  95.2,16898,-67.1,-87.8,-83.7,  4,  7, 0.00,310,11.0
2025-06-11 12:01:03,-102.0083,31.9929,  95.1,16903,-67.1,-87.7,-83.7,  4,  7, 0.00,310,11.0
2025-06-11 12:01:04,-102.0082,31.9928,  95.0,16908,-67.1,-87.7,-83.7,  4,  7, 0.00,310,10.9
2025-06-11 12:01:05,-102.0081,31.9928,  94.9,16913,-67.1,-87.7,-83.7,  4,  7, 0.00,310,10.9
2025-06-11 12:01:06,-102.0081,31.9927,  94.8,16918,-67.2,-87.7,-83.7,  4,  7, 0.00,310,10.9
2025-06-11 12:01:07,-102.0080,31.9927,  94.8,16924,-67.2,-87.7,-83.7,  4,  7, 0.00,310,10.9
2025-06-11 12:01:08,-102.0079,31.9926,  94.7,16929,-67.2,-87.7,-83.7,  4,  7, 0.00,310,10.8
2025-06-11 12:01:09,-102.0078,31.9925,  94.6,16934,-67.2,-87.8,-83.7,  4,  7, 0.00,310,10.8
2025-06-11 12:01:10,-102.0077,31.9925,  94.5,16939,-67.2,-87.8,-83.8,  4,  7, 0.00,310,10.8
2025-06-11 12:01:11,-102.0077,31.9924,  94.4,16944,-67.2,-87.8,-83.8,  4,  7, 0.00,310,10.8
2025-06-11 12:01:12,-102.0076,31.9924,  94.3,16950,-67.2,-87.9,-83.9,  4,  7, 0.00,310,10.7
2025-06-11 12:01:13,-102.0076,31.9924,  94.3,16955,-67.2,-87.9,-83.9,  4,  7, 0.00,310,10.7
2025-06-11 12:01:14,-102.0075,31.9923,  94.2,16960,-67.3,-88.0,-83.9,  4,  7, 0.00,310,10.7
2025-06-11 12:01:15,-102.0074,31.9923,  94.1,16966,-67.3,-88.0,-84.0,  4,  7, 0.00,310,10.7
2025-06-11 12:01:16,-102.0074,31.9922,  94.0,16971,-67.3,-88.0,-84.0,  4,  7, 0.00,309,10.5
2025-06-11 12:01:17,-102.0073,31.9922,  93.9,16976,-67.3,-88.1,-84.1,  4,  7, 0.00,309,10.4
2025-06-11 12:01:18,-102.0072,31.9922,  93.8,16982,-67.3,-88.1,-84.1,  4,  7, 0.00,309,10.2
2025-06-11 12:01:19,-102.0072,31.9921,  93.8,16987,-67.3,-88.1,-84.1,  4,  7, 0.00,309,10.0
2025-06-11 12:01:20,-102.0071,31.9921,  93.7,16993,-67.3,-88.2,-84.2,  4,  7, 0.00,309, 9.9
2025-06-11 12:01:21,-102.0071,31.9920,  93.6,16998,-67.3,-88.2,-84.2,  4,  7, 0.00,309, 9.7
2025-06-11 12:01:22,-102.0070,31.9920,  93.5,17003,-67.3,-88.2,-84.2,  4,  7, 0.00,309, 9.6
2025-06-11 12:01:23,-102.0069,31.9919,  93.4,17008,-67.3,-88.3,-84.3,  4,  7, 0.00,309, 9.4
2025-06-11 12:01:24,-102.0069,31.9919,  93.4,17013,-67.3,-88.3,-84.3,  4,  7, 0.00,309, 9.2
2025-06-11 12:01:25,-102.0068,31.9919,  93.3,17018,-67.3,-88.3,-84.3,  4,  7, 0.00,309, 9.1
2025-06-11 12:01:26,-102.0068,31.9918,  93.2,17023,-67.3,-88.3,-84.3,  4,  7, 0.00,309, 8.9
2025-06-11 12:01:27,-102.0067,31.9918,  93.1,17028,-67.4,-88.4,-84.4,  4,  7, 0.00,309, 8.8
2025-06-11 12:01:28,-102.0066,31.9917,  93.0,17034,-67.4,-88.4,-84.4,  4,  7, 0.00,309, 8.6
2025-06-11 12:01:29,-102.0065,31.9917,  93.0,17039,-67.4,-88.4,-84.4,  4,  7, 0.00,309, 8.5
2025-06-11 12:01:30,-102.0065,31.9917,  92.9,17046,-67.4,-88.5,-84.5,  4,  7, 0.00,309, 8.3
2025-06-11 12:01:31,-102.0064,31.9916,  92.8,17050,-67.4,-88.5,-84.5,  4,  7, 0.00,309, 8.1
2025-06-11 12:01:32,-102.0064,31.9916,  92.7,17055,-67.4,-88.5,-84.5,  4,  7, 0.00,309, 8.0
2025-06-11 12:01:33,-102.0063,31.9915,  92.6,17060,-67.4,-88.5,-84.5,  4,  7, 0.00,309, 7.8
2025-06-11 12:01:34,-102.0063,31.9915,  92.5,17066,-67.4,-88.5,-84.5,  4,  7, 0.00,309, 7.7
2025-06-11 12:01:35,-102.0062,31.9914,  92.5,17071,-67.3,-88.5,-84.5,  4,  7, 0.00,309, 7.5
2025-06-11 12:01:36,-102.0061,31.9914,  92.4,17076,-67.3,-88.4,-84.4,  4,  7, 0.00,308, 7.4
2025-06-11 12:01:37,-102.0061,31.9914,  92.3,17082,-67.3,-88.4,-84.4,  4,  7, 0.00,308, 7.2
2025-06-11 12:01:38,-102.0060,31.9913,  92.2,17087,-67.3,-88.4,-84.4,  4,  7, 0.00,308, 7.1
2025-06-11 12:01:39,-102.0059,31.9913,  92.1,17092,-67.3,-88.3,-84.3,  4,  7, 0.00,307, 7.0
2025-06-11 12:01:40,-102.0059,31.9913,  92.1,17097,-67.3,-88.3,-84.3,  4,  7, 0.00,307, 6.8
2025-06-11 12:01:41,-102.0059,31.9912,  92.0,17102,-67.3,-88.2,-84.2,  4,  7, 0.00,307, 6.7
2025-06-11 12:01:42,-102.0058,31.9912,  91.9,17108,-67.3,-88.2,-84.2,  4,  7, 0.00,306, 6.6
2025-06-11 12:01:43,-102.0058,31.9912,  91.8,17113,-67.3,-88.2,-84.2,  4,  7, 0.00,306, 6.4
2025-06-11 12:01:44,-102.0057,31.9911,  91.8,17118,-67.3,-88.1,-84.1,  4,  7, 0.00,306, 6.3
2025-06-11 12:01:45,-102.0057,31.9911,  91.7,17123,-67.3,-88.1,-84.1,  4,  7, 0.00,305, 6.1
2025-06-11 12:01:46,-102.0056,31.9911,  91.6,17128,-67.2,-88.0,-84.0,  4,  7, 0.00,305, 6.0
2025-06-11 12:01:47,-102.0056,31.9910,  91.5,17133,-67.2,-88.0,-84.0,  4,  7, 0.00,304, 5.9
2025-06-11 12:01:48,-102.0055,31.9910,  91.4,17138,-67.2,-87.9,-83.9,  4,  7, 0.00,304, 5.7
2025-06-11 12:01:49,-102.0055,31.9910,  91.4,17143,-67.1,-87.9,-83.9,  4,  7, 0.00,304, 5.6
2025-06-11 12:01:50,-102.0054,31.9909,  91.3,17148,-67.1,-87.8,-83.8,  4,  7, 0.00,303, 5.5
2025-06-11 12:01:51,-102.0054,31.9909,  91.2,17153,-67.1,-87.8,-83.7,  4,  7, 0.00,302, 5.3
2025-06-11 12:01:52,-102.0054,31.9909,  91.1,17158,-67.0,-87.7,-83.7,  4,  7, 0.00,302, 5.2
2025-06-11 12:01:53,-102.0053,31.9908,  91.1,17163,-67.0,-87.7,-83.6,  4,  7, 0.00,301, 5.1
2025-06-11 12:01:54,-102.0053,31.9908,  91.0,17168,-67.0,-87.6,-83.6,  4,  7, 0.00,301, 4.9
2025-06-11 12:01:55,-102.0052,31.9908,  90.9,17173,-67.0,-87.6,-83.6,  4,  7, 0.00,300, 4.8
2025-06-11 12:01:56,-102.0052,31.9907,  90.8,17178,-66.9,-87.5,-83.5,  4,  7, 0.00,301, 4.9
2025-06-11 12:01:57,-102.0051,31.9907,  90.8,17183,-66.9,-87.5,-83.4,  4,  7, 0.00,302, 5.0
2025-06-11 12:01:58,-102.0051,31.9907,  90.7,17188,-66.8,-87.4,-83.4,  4,  7, 0.00,303, 5.0
2025-06-11 12:01:59,-102.0050,31.9907,  90.6,17193,-66.8,-87.4,-83.3,  4,  7, 0.00,304, 5.1
2025-06-11 12:02:00,-102.0050,31.9906,  90.6,17198,-66.8,-87.3,-83.3,  4,  7, 0.00,305, 5.2
2025-06-11 12:02:01,-102.0049,31.9906,  90.5,17202,-66.7,-87.2,-83.2,  4,  8, 0.00,306, 5.3
2025-06-11 12:02:02,-102.0049,31.9906,  90.4,17207,-66.7,-87.2,-83.1,  4,  8, 0.00,307, 5.3
2025-06-11 12:02:03,-102.0048,31.9905,  90.3,17212,-66.6,-87.1,-83.0,  4,  8, 0.00,308, 5.4
2025-06-11 12:02:04,-102.0048,31.9905,  90.3,17217,-66.6,-87.0,-83.0,  4,  8, 0.00,309, 5.5
2025-06-11 12:02:05,-102.0048,31.9905,  90.2,17222,-66.5,-86.9,-82.9,  4,  8, 0.00,309, 5.6
2025-06-11 12:02:06,-102.0047,31.9904,  90.1,17226,-66.5,-86.9,-82.8,  4,  8, 0.00,310, 5.7
2025-06-11 12:02:07,-102.0047,31.9904,  90.1,17231,-66.4,-86.8,-82.7,  4,  8, 0.00,311, 5.8
2025-06-11 12:02:08,-102.0046,31.9904,  90.0,17236,-66.4,-86.7,-82.7,  4,  8, 0.00,312, 5.8
2025-06-11 12:02:09,-102.0046,31.9903,  89.9,17240,-66.4,-86.7,-82.6,  4,  8, 0.00,312, 5.9
2025-06-11 12:02:10,-102.0046,31.9903,  89.8,17245,-66.3,-86.6,-82.5,  4,  8, 0.00,313, 6.0
2025-06-11 12:02:11,-102.0045,31.9902,  89.8,17250,-66.3,-86.5,-82.4,  4,  8, 0.00,314, 6.1
2025-06-11 12:02:12,-102.0045,31.9902,  89.7,17254,-66.2,-86.4,-82.4,  4,  8, 0.00,314, 6.2
2025-06-11 12:02:13,-102.0045,31.9901,  89.6,17259,-66.2,-86.4,-82.3,  4,  8, 0.00,315, 6.3
2025-06-11 12:02:14,-102.0045,31.9901,  89.5,17266,-66.1,-86.3,-82.2,  4,  8, 0.00,316, 6.4
2025-06-11 12:02:15,-102.0045,31.9901,  89.5,17269,-66.1,-86.3,-82.2,  4,  8, 0.00,316, 6.5
2025-06-11 12:02:16,-102.0045,31.9900,  89.4,17274,-66.0,-86.3,-82.2,  4,  8, 0.00,318, 6.4
2025-06-11 12:02:17,-102.0044,31.9900,  89.3,17279,-66.0,-86.3,-82.2,  4,  8, 0.00,319, 6.4
2025-06-11 12:02:18,-102.0044,31.9899,  89.3,17284,-66.0,-86.3,-82.2,  4,  8, 0.00,320, 6.4
2025-06-11 12:02:19,-102.0044,31.9899,  89.2,17289,-65.9,-86.3,-82.2,  4,  8, 0.00,322, 6.4
2025-06-11 12:02:20,-102.0044,31.9898,  89.1,17294,-65.9,-86.3,-82.2,  4,  8, 0.00,323, 6.4
2025-06-11 12:02:21,-102.0044,31.9898,  89.0,17300,-65.8,-86.3,-82.2,  4,  8, 0.00,324, 6.4
2025-06-11 12:02:22,-102.0044,31.9897,  88.9,17305,-65.8,-86.3,-82.2,  4,  8, 0.00,326, 6.3
2025-06-11 12:02:23,-102.0043,31.9897,  88.9,17311,-65.7,-86.3,-82.2,  4,  8, 0.00,327, 6.3
2025-06-11 12:02:24,-102.0043,31.9896,  88.8,17316,-65.7,-86.3,-82.2,  4,  8, 0.00,329, 6.3
2025-06-11 12:02:25,-102.0043,31.9896,  88.7,17322,-65.7,-86.3,-82.2,  4,  8, 0.00,330, 6.3
2025-06-11 12:02:26,-102.0043,31.9895,  88.6,17328,-65.7,-86.3,-82.3,  4,  8, 0.00,332, 6.3
2025-06-11 12:02:27,-102.0043,31.9895,  88.5,17334,-65.6,-86.3,-82.3,  4,  8, 0.00,333, 6.2
2025-06-11 12:02:28,-102.0043,31.9894,  88.4,17340,-65.6,-86.4,-82.3,  4,  7, 0.00,334, 6.2
2025-06-11 12:02:29,-102.0042,31.9894,  88.4,17346,-65.6,-86.5,-82.4,  4,  7, 0.00,336, 6.2
2025-06-11 12:02:30,-102.0042,31.9893,  88.3,17352,-65.6,-86.6,-82.5,  4,  7, 0.00,337, 6.2
2025-06-11 12:02:31,-102.0042,31.9893,  88.2,17359,-65.5,-86.7,-82.6,  4,  7, 0.00,339, 6.2
2025-06-11 12:02:32,-102.0042,31.9893,  88.1,17365,-65.5,-86.8,-82.7,  4,  7, 0.00,340, 6.1
2025-06-11 12:02:33,-102.0042,31.9892,  88.0,17372,-65.5,-86.9,-82.8,  4,  7, 0.00,342, 6.1
2025-06-11 12:02:34,-102.0042,31.9892,  87.9,17378,-65.5,-87.0,-82.9,  4,  7, 0.00,343, 6.1
2025-06-11 12:02:35,-102.0041,31.9891,  87.8,17384,-65.4,-87.1,-83.0,  4,  6, 0.00,345, 6.1
2025-06-11 12:02:36,-102.0041,31.9890,  87.7,17389,-65.4,-87.2,-83.1,  3,  6, 0.00,346, 5.9
2025-06-11 12:02:37,-102.0041,31.9890,  87.6,17398,-65.4,-87.3,-83.3,  3,  6, 0.00,348, 5.7
2025-06-11 12:02:38,-102.0041,31.9890,  87.6,17401,-65.4,-87.4,-83.4,  3,  6, 0.00,348, 5.6
2025-06-11 12:02:39,-102.0041,31.9889,  87.5,17407,-65.4,-87.6,-83.5,  3,  6, 0.00,350, 5.4
2025-06-11 12:02:40,-102.0041,31.9889,  87.4,17413,-65.4,-87.7,-83.7,  3,  6, 0.00,351, 5.2
2025-06-11 12:02:41,-102.0041,31.9889,  87.3,17420,-65.4,-87.9,-83.9,  3,  6, 0.00,353, 5.1
2025-06-11 12:02:42,-102.0041,31.9889,  87.2,17427,-65.4,-88.0,-84.0,  3,  5, 0.00,354, 4.9
2025-06-11 12:02:43,-102.0042,31.9889,  87.1,17434,-65.4,-88.1,-84.1,  3,  5, 0.00,356, 4.7
2025-06-11 12:02:44,-102.0042,31.9889,  87.0,17440,-65.4,-88.3,-84.3,  3,  5, 0.00,358, 4.6
2025-06-11 12:02:45,-102.0042,31.9889,  86.9,17447,-65.4,-88.4,-84.4,  3,  5, 0.00,  1, 4.4
2025-06-11 12:02:46,-102.0043,31.9889,  86.8,17454,-65.4,-88.6,-84.6,  3,  5, 0.00,  3, 4.2
2025-06-11 12:02:47,-102.0043,31.9889,  86.7,17461,-65.4,-88.7,-84.7,  3,  5, 0.00,  6, 4.1
2025-06-11 12:02:48,-102.0043,31.9889,  86.6,17468,-65.4,-88.9,-84.9,  3,  5, 0.00,  9, 3.9
2025-06-11 12:02:49,-102.0043,31.9889,  86.5,17475,-65.4,-89.0,-85.1,  2,  5, 0.00, 12, 3.7
2025-06-11 12:02:50,-102.0044,31.9889,  86.4,17481,-65.4,-89.2,-85.2,  2,  4, 0.00, 16, 3.6
2025-06-11 12:02:51,-102.0044,31.9889,  86.3,17488,-65.4,-89.4,-85.4,  2,  4, 0.00, 20, 3.4
2025-06-11 12:02:52,-102.0044,31.9889,  86.2,17494,-65.5,-89.5,-85.6,  2,  4, 0.00, 24, 3.2
2025-06-11 12:02:53,-102.0045,31.9889,  86.1,17501,-65.5,-89.7,-85.8,  2,  4, 0.00, 29, 3.0
2025-06-11 12:02:54,-102.0045,31.9889,  86.0,17507,-65.5,-89.9,-86.0,  2,  4, 0.00, 34, 2.9
2025-06-11 12:02:55,-102.0045,31.9889,  86.0,17514,-65.5,-90.1,-86.1,  2,  4, 0.00, 39, 2.7
2025-06-11 12:02:56,-102.0046,31.9889,  85.9,17520,-65.6,-90.0,-86.1,  2,  4, 0.00, 43, 2.8
2025-06-11 12:02:57,-102.0046,31.9889,  85.8,17525,-65.6,-90.0,-86.1,  2,  4, 0.00, 47, 2.8
2025-06-11 12:02:58,-102.0046,31.9889,  85.7,17530,-65.6,-90.0,-86.0,  2,  4, 0.00, 51, 2.9
2025-06-11 12:02:59,-102.0046,31.9888,  85.6,17536,-65.6,-90.0,-86.0,  2,  4, 0.00, 55, 2.9
2025-06-11 12:03:00,-102.0047,31.9888,  85.6,17541,-65.7,-89.9,-86.0,  2,  4, 0.00, 60, 3.0
2025-06-11 12:03:01,-102.0047,31.9888,  85.5,17546,-65.7,-89.9,-86.0,  2,  4, 0.00, 64, 3.0
2025-06-11 12:03:02,-102.0047,31.9888,  85.4,17552,-65.7,-89.9,-86.0,  2,  4, 0.00, 69, 3.1
2025-06-11 12:03:03,-102.0048,31.9888,  85.3,17558,-65.7,-89.9,-85.9,  2,  4, 0.00, 73, 3.1
2025-06-11 12:03:04,-102.0048,31.9888,  85.3,17564,-65.8,-89.8,-85.9,  2,  4, 0.00, 77, 3.2
2025-06-11 12:03:05,-102.0048,31.9888,  85.2,17570,-65.8,-89.8,-85.9,  2,  4, 0.00, 82, 3.2
2025-06-11 12:03:06,-102.0048,31.9888,  85.1,17575,-65.8,-89.8,-85.9,  2,  4, 0.00, 85, 3.3
2025-06-11 12:03:07,-102.0049,31.9888,  85.0,17581,-65.9,-89.8,-85.9,  2,  4, 0.00, 89, 3.3
2025-06-11 12:03:08,-102.0049,31.9888,  84.9,17587,-65.9,-89.8,-85.8,  2,  4, 0.00, 93, 3.4
2025-06-11 12:03:09,-102.0049,31.9888,  84.8,17592,-65.9,-89.9,-85.9,  2,  4, 0.00, 96, 3.4
2025-06-11 12:03:10,-102.0050,31.9888,  84.8,17598,-66.0,-90.0,-86.0,  2,  4, 0.00, 99, 3.5
2025-06-11 12:03:11,-102.0050,31.9889,  84.7,17603,-66.0,-90.1,-86.1,  2,  4, 0.00,102, 3.5
2025-06-11 12:03:12,-102.0050,31.9889,  84.6,17609,-66.0,-90.1,-86.2,  2,  4, 0.00,104, 3.6
2025-06-11 12:03:13,-102.0051,31.9889,  84.5,17614,-66.1,-90.2,-86.3,  2,  4, 0.00,107, 3.6
2025-06-11 12:03:14,-102.0051,31.9890,  84.5,17620,-66.1,-90.3,-86.4,  2,  4, 0.00,109, 3.7
2025-06-11 12:03:15,-102.0052,31.9890,  84.4,17626,-66.2,-90.4,-86.5,  2,  4, 0.00,111, 3.7
2025-06-11 12:03:16,-102.0052,31.9890,  84.3,17632,-66.2,-90.5,-86.6,  2,  4, 0.00,112, 3.8
2025-06-11 12:03:17,-102.0052,31.9890,  84.2,17638,-66.2,-90.6,-86.7,  2,  4, 0.00,113, 3.8
2025-06-11 12:03:18,-102.0053,31.9891,  84.1,17643,-66.3,-90.7,-86.8,  2,  4, 0.00,115, 3.8
2025-06-11 12:03:19,-102.0053,31.9891,  84.1,17649,-66.3,-90.8,-86.9,  2,  4, 0.00,116, 3.9
2025-06-11 12:03:20,-102.0053,31.9891,  84.0,17655,-66.4,-90.9,-87.0,  2,  4, 0.00,117, 3.9
2025-06-11 12:03:21,-102.0054,31.9892,  83.9,17661,-66.4,-91.0,-87.1,  2,  4, 0.00,118, 4.0
2025-06-11 12:03:22,-102.0054,31.9892,  83.8,17667,-66.4,-91.1,-87.2,  2,  4, 0.00,119, 4.0
2025-06-11 12:03:23,-102.0055,31.9892,  83.7,17673,-66.5,-91.2,-87.3,  2,  4, 0.00,120, 4.1
2025-06-11 12:03:24,-102.0055,31.9892,  83.7,17679,-66.5,-91.3,-87.4,  2,  4, 0.00,121, 4.1
2025-06-11 12:03:25,-102.0055,31.9893,  83.6,17684,-66.6,-91.3,-87.4,  2,  4, 0.00,122, 4.1
2025-06-11 12:03:26,-102.0056,31.9893,  83.5,17689,-66.6,-91.4,-87.5,  2,  3, 0.00,123, 4.2
2025-06-11 12:03:27,-102.0056,31.9893,  83.4,17694,-66.7,-91.5,-87.6,  2,  3, 0.00,124, 4.2
2025-06-11 12:03:28,-102.0056,31.9894,  83.4,17699,-66.7,-91.6,-87.7,  2,  3, 0.00,125, 4.3
2025-06-11 12:03:29,-102.0057,31.9894,  83.3,17705,-66.8,-91.6,-87.8,  2,  3, 0.00,126, 4.3
2025-06-11 12:03:30,-102.0057,31.9894,  83.2,17710,-66.8,-91.7,-87.8,  2,  3, 0.00,127, 4.4
2025-06-11 12:03:31,-102.0057,31.9894,  83.1,17715,-66.9,-91.8,-87.9,  2,  3, 0.00,128, 4.4
2025-06-11 12:03:32,-102.0058,31.9895,  83.1,17721,-66.9,-91.9,-88.0,  2,  3, 0.00,129, 4.4
2025-06-11 12:03:33,-102.0058,31.9895,  83.0,17726,-67.0,-91.9,-88.1,  2,  3, 0.00,130, 4.5
2025-06-11 12:03:34,-102.0059,31.9895,  82.9,17731,-67.0,-92.0,-88.2,  2,  3, 0.00,131, 4.5
2025-06-11 12:03:35,-102.0059,31.9896,  82.8,17737,-67.1,-92.1,-88.3,  2,  3, 0.00,132, 4.6
2025-06-11 12:03:36,-102.0059,31.9896,  82.7,17743,-67.1,-92.2,-88.3,  2,  3, 0.00,133, 4.7
2025-06-11 12:03:37,-102.0060,31.9896,  82.7,17750,-67.2,-92.2,-88.4,  2,  3, 0.00,134, 4.8
2025-06-11 12:03:38,-102.0060,31.9897,  82.6,17756,-67.2,-92.3,-88.4,  2,  3, 0.00,135, 4.9
2025-06-11 12:03:39,-102.0060,31.9897,  82.5,17763,-67.3,-92.3,-88.5,  2,  3, 0.00,135, 5.0
2025-06-11 12:03:40,-102.0061,31.9897,  82.4,17769,-67.3,-92.4,-88.5,  2,  3, 0.00,136, 5.1
2025-06-11 12:03:41,-102.0061,31.9898,  82.3,17776,-67.4,-92.4,-88.6,  2,  3, 0.00,137, 5.2
2025-06-11 12:03:42,-102.0062,31.9898,  82.2,17783,-67.4,-92.5,-88.6,  2,  3, 0.00,138, 5.3
2025-06-11 12:03:43,-102.0062,31.9899,  82.1,17789,-67.5,-92.5,-88.7,  2,  3, 0.00,138, 5.4
2025-06-11 12:03:44,-102.0062,31.9899,  82.0,17796,-67.5,-92.6,-88.7,  2,  3, 0.00,139, 5.5
2025-06-11 12:03:45,-102.0063,31.9900,  82.0,17803,-67.6,-92.6,-88.8,  2,  3, 0.00,140, 5.6
2025-06-11 12:03:46,-102.0063,31.9901,  81.9,17810,-67.6,-92.7,-88.8,  2,  3, 0.00,140, 5.8
2025-06-11 12:03:47,-102.0064,31.9902,  81.8,17815,-67.7,-92.7,-88.9,  2,  3, 0.00,141, 5.9
2025-06-11 12:03:48,-102.0064,31.9902,  81.7,17822,-67.7,-92.8,-89.0,  2,  3, 0.00,142, 6.0
2025-06-11 12:03:49,-102.0064,31.9902,  81.6,17825,-67.8,-92.8,-89.0,  2,  3, 0.00,142, 6.1
2025-06-11 12:03:50,-102.0065,31.9903,  81.6,17831,-67.8,-92.8,-89.0,  2,  3, 0.00,142, 6.2
2025-06-11 12:03:51,-102.0065,31.9904,  81.5,17836,-67.9,-92.9,-89.0,  2,  3, 0.00,143, 6.3
2025-06-11 12:03:52,-102.0066,31.9904,  81.4,17841,-67.9,-92.9,-89.1,  2,  3, 0.00,143, 6.4
2025-06-11 12:03:53,-102.0066,31.9905,  81.4,17846,-68.0,-92.9,-89.1,  2,  3, 0.00,144, 6.6
2025-06-11 12:03:54,-102.0066,31.9905,  81.3,17851,-68.0,-92.9,-89.1,  2,  3, 0.00,144, 6.7
2025-06-11 12:03:55,-102.0067,31.9906,  81.2,17857,-68.1,-93.0,-89.1,  2,  3, 0.00,145, 6.8
2025-06-11 12:03:56,-102.0067,31.9907,  81.1,17862,-68.1,-93.0,-89.2,  2,  3, 0.00,145, 6.9
2025-06-11 12:03:57,-102.0068,31.9907,  81.1,17867,-68.2,-93.0,-89.2,  2,  3, 0.00,146, 6.9
2025-06-11 12:03:58,-102.0068,31.9908,  81.0,17872,-68.2,-93.0,-89.2,  2,  3, 0.00,146, 7.0
2025-06-11 12:03:59,-102.0068,31.9908,  80.9,17877,-68.3,-93.1,-89.3,  2,  3, 0.00,147, 7.0
2025-06-11 12:04:00,-102.0069,31.9909,  80.9,17882,-68.3,-93.1,-89.3,  2,  3, 0.00,147, 7.1
2025-06-11 12:04:01,-102.0069,31.9910,  80.8,17887,-68.4,-93.1,-89.3,  2,  3, 0.00,148, 7.2
2025-06-11 12:04:02,-102.0070,31.9910,  80.7,17892,-68.4,-93.1,-89.3,  2,  3, 0.00,148, 7.2
2025-06-11 12:04:03,-102.0070,31.9911,  80.7,17897,-68.5,-93.1,-89.3,  2,  3, 0.00,149, 7.3
2025-06-11 12:04:04,-102.0070,31.9911,  80.6,17902,-68.5,-93.0,-89.2,  2,  3, 0.00,149, 7.4
2025-06-11 12:04:05,-102.0071,31.9912,  80.5,17907,-68.6,-92.9,-89.1,  2,  3, 0.00,149, 7.4
2025-06-11 12:04:06,-102.0071,31.9913,  80.5,17912,-68.6,-92.8,-89.0,  2,  4, 0.00,150, 7.5
2025-06-11 12:04:07,-102.0072,31.9913,  80.4,17917,-68.7,-92.8,-89.0,  2,  4, 0.00,150, 7.5
2025-06-11 12:04:08,-102.0072,31.9914,  80.3,17922,-68.7,-92.7,-88.9,  2,  4, 0.00,151, 7.6
2025-06-11 12:04:09,-102.0072,31.9914,  80.3,17927,-68.8,-92.6,-88.8,  2,  4, 0.00,151, 7.7
2025-06-11 12:04:10,-102.0073,31.9915,  80.2,17932,-68.8,-92.6,-88.7,  2,  4, 0.00,151, 7.7
2025-06-11 12:04:11,-102.0073,31.9916,  80.1,17937,-68.9,-92.5,-88.7,  2,  4, 0.00,152, 7.8
2025-06-11 12:04:12,-102.0074,31.9916,  80.1,17942,-68.9,-92.5,-88.6,  2,  4, 0.00,152, 7.9
2025-06-11 12:04:13,-102.0074,31.9917,  80.0,17947,-69.0,-92.4,-88.6,  2,  4, 0.00,152, 7.9
2025-06-11 12:04:14,-102.0074,31.9918,  79.9,17952,-69.0,-92.3,-88.5,  2,  4, 0.00,153, 8.0
2025-06-11 12:04:15,-102.0075,31.9919,  79.9,17957,-69.0,-92.3,-88.4,  2,  4, 0.00,153, 8.1
2025-06-11 12:04:16,-102.0075,31.9919,  79.8,17963,-69.1,-92.2,-88.3,  2,  4, 0.00,153, 8.1
2025-06-11 12:04:17,-102.0075,31.9920,  79.7,17969,-69.1,-92.1,-88.2,  2,  4, 0.00,154, 8.2
2025-06-11 12:04:18,-102.0075,31.9921,  79.6,17975,-69.2,-92.0,-88.1,  2,  5, 0.00,154, 8.2
2025-06-11 12:04:19,-102.0076,31.9922,  79.5,17981,-69.2,-91.9,-88.0,  2,  5, 0.00,155, 8.2
2025-06-11 12:04:20,-102.0076,31.9923,  79.5,17986,-69.3,-91.8,-87.9,  3,  5, 0.00,155, 8.3
2025-06-11 12:04:21,-102.0076,31.9923,  79.4,17992,-69.3,-91.7,-87.8,  3,  5, 0.00,155, 8.3
2025-06-11 12:04:22,-102.0077,31.9924,  79.3,17998,-69.4,-91.6,-87.8,  3,  5, 0.00,156, 8.4
2025-06-11 12:04:23,-102.0077,31.9925,  79.2,18003,-69.4,-91.5,-87.7,  3,  5, 0.00,156, 8.4
2025-06-11 12:04:24,-102.0077,31.9926,  79.2,18009,-69.4,-91.5,-87.6,  3,  5, 0.00,156, 8.5
2025-06-11 12:04:25,-102.0078,31.9926,  79.1,18015,-69.5,-91.4,-87.5,  3,  5, 0.00,157, 8.5
2025-06-11 12:04:26,-102.0078,31.9927,  79.0,18020,-69.5,-91.3,-87.4,  3,  5, 0.00,157, 8.5
2025-06-11 12:04:27,-102.0078,31.9928,  79.0,18026,-69.6,-91.2,-87.3,  3,  6, 0.00,158, 8.6
2025-06-11 12:04:28,-102.0079,31.9929,  78.9,18031,-69.6,-91.2,-87.3,  3,  6, 0.00,158, 8.6
2025-06-11 12:04:29,-102.0079,31.9930,  78.8,18037,-69.7,-91.1,-87.2,  3,  6, 0.00,158, 8.7
2025-06-11 12:04:30,-102.0079,31.9930,  78.7,18042,-69.7,-91.1,-87.2,  3,  6, 0.00,159, 8.7
2025-06-11 12:04:31,-102.0080,31.9931,  78.7,18048,-69.7,-91.1,-87.2,  3,  6, 0.00,159, 8.8
2025-06-11 12:04:32,-102.0080,31.9932,  78.6,18053,-69.8,-91.1,-87.2,  3,  6, 0.00,159, 8.8
2025-06-11 12:04:33,-102.0080,31.9933,  78.5,18058,-69.8,-91.1,-87.2,  3,  6, 0.00,160, 8.9
2025-06-11 12:04:34,-102.0081,31.9933,  78.5,18063,-69.9,-91.1,-87.2,  3,  6, 0.00,160, 8.9
2025-06-11 12:04:35,-102.0081,31.9934,  78.4,18068,-69.9,-91.1,-87.2,  3,  6, 0.00,160, 9.0
2025-06-11 12:04:36,-102.0081,31.9935,  78.3,18073,-69.9,-91.1,-87.2,  3,  6, 0.00,161, 9.1
2025-06-11 12:04:37,-102.0082,31.9936,  78.3,18078,-70.0,-91.1,-87.2,  3,  6, 0.00,161, 9.1
2025-06-11 12:04:38,-102.0082,31.9937,  78.2,18082,-70.0,-91.1,-87.2,  3,  6, 0.00,161, 9.2
2025-06-11 12:04:39,-102.0082,31.9937,  78.1,18087,-70.1,-91.1,-87.2,  3,  6, 0.00,162, 9.3
2025-06-11 12:04:40,-102.0083,31.9938,  78.1,18092,-70.1,-91.1,-87.2,  3,  6, 0.00,162, 9.4
2025-06-11 12:04:41,-102.0083,31.9939,  78.0,18097,-70.1,-91.1,-87.2,  3,  6, 0.00,162, 9.5
2025-06-11 12:04:42,-102.0083,31.9940,  78.0,18101,-70.2,-91.1,-87.2,  3,  6, 0.00,162, 9.6
2025-06-11 12:04:43,-102.0083,31.9941,  77.9,18106,-70.2,-91.1,-87.2,  3,  6, 0.00,163, 9.7
2025-06-11 12:04:44,-102.0083,31.9942,  77.8,18111,-70.3,-91.1,-87.2,  3,  6, 0.00,163, 9.7
2025-06-11 12:04:45,-102.0084,31.9943,  77.8,18115,-70.3,-91.1,-87.2,  3,  6, 0.00,163, 9.8
2025-06-11 12:04:46,-102.0084,31.9944,  77.7,18120,-70.3,-91.1,-87.2,  3,  6, 0.00,164, 9.9
2025-06-11 12:04:47,-102.0084,31.9945,  77.7,18124,-70.4,-91.2,-87.3,  3,  6, 0.00,164,10.0
2025-06-11 12:04:48,-102.0084,31.9946,  77.6,18129,-70.4,-91.2,-87.3,  3,  6, 0.00,164,10.1
2025-06-11 12:04:49,-102.0084,31.9947,  77.5,18133,-70.4,-91.2,-87.3,  3,  6, 0.00,164,10.2
2025-06-11 12:04:50,-102.0085,31.9948,  77.5,18138,-70.5,-91.2,-87.3,  3,  6, 0.00,165,10.3
2025-06-11 12:04:51,-102.0085,31.9949,  77.4,18142,-70.5,-91.3,-87.4,  3,  6, 0.00,165,10.4
2025-06-11 12:04:52,-102.0085,31.9950,  77.4,18147,-70.5,-91.3,-87.4,  3,  6, 0.00,165,10.4
2025-06-11 12:04:53,-102.0085,31.9951,  77.3,18151,-70.6,-91.3,-87.4,  3,  6, 0.00,165,10.5
2025-06-11 12:04:54,-102.0085,31.9952,  77.2,18156,-70.6,-91.3,-87.4,  3,  6, 0.00,166,10.6
2025-06-11 12:04:55,-102.0086,31.9952,  77.2,18160,-70.6,-91.3,-87.4,  3,  6, 0.00,166,10.7
2025-06-11 12:04:56,-102.0086,31.9954,  77.1,18163,-70.6,-91.3,-87.4,  3,  6, 0.00,166,10.7
2025-06-11 12:04:57,-102.0086,31.9955,  77.1,18170,-70.7,-91.4,-87.5,  3,  6, 0.00,167,10.8
2025-06-11 12:04:58,-102.0086,31.9956,  77.0,18174,-70.7,-91.4,-87.5,  3,  6, 0.00,167,10.8
2025-06-11 12:04:59,-102.0086,31.9957,  76.9,18179,-70.7,-91.4,-87.5,  3,  6, 0.00,167,10.8
2025-06-11 12:05:00,-102.0087,31.9958,  76.9,18183,-70.7,-91.5,-87.6,  3,  6, 0.00,168,10.8
2025-06-11 12:05:01,-102.0087,31.9959,  76.8,18188,-70.8,-91.5,-87.6,  3,  6, 0.00,168,10.9
2025-06-11 12:05:02,-102.0087,31.9960,  76.8,18192,-70.8,-91.5,-87.6,  3,  6, 0.00,168,10.9
2025-06-11 12:05:03,-102.0087,31.9961,  76.7,18197,-70.8,-91.5,-87.7,  3,  6, 0.00,169,10.9
2025-06-11 12:05:04,-102.0088,31.9962,  76.7,18201,-70.8,-91.6,-87.7,  3,  6, 0.00,169,10.9
2025-06-11 12:05:05,-102.0088,31.9962,  76.6,18205,-70.9,-91.6,-87.7,  3,  6, 0.00,169,11.0
2025-06-11 12:05:06,-102.0088,31.9963,  76.5,18210,-70.9,-91.6,-87.8,  3,  6, 0.00,170,11.0
2025-06-11 12:05:07,-102.0088,31.9964,  76.5,18214,-70.9,-91.7,-87.8,  3,  6, 0.00,170,11.0
2025-06-11 12:05:08,-102.0088,31.9965,  76.4,18219,-70.9,-91.7,-87.8,  3,  6, 0.00,170,11.1
2025-06-11 12:05:09,-102.0089,31.9966,  76.4,18223,-70.9,-91.7,-87.8,  3,  6, 0.00,171,11.1
2025-06-11 12:05:10,-102.0089,31.9967,  76.3,18227,-71.0,-91.6,-87.8,  3,  6, 0.00,171,11.1
2025-06-11 12:05:11,-102.0089,31.9968,  76.2,18232,-71.0,-91.6,-87.7,  3,  6, 0.00,171,11.1
2025-06-11 12:05:12,-102.0089,31.9969,  76.2,18237,-71.0,-91.5,-87.6,  3,  7, 0.00,172,11.2
2025-06-11 12:05:13,-102.0089,31.9970,  76.1,18241,-71.0,-91.4,-87.5,  4,  7, 0.00,172,11.2
2025-06-11 12:05:14,-102.0089,31.9971,  76.1,18246,-71.0,-91.3,-87.4,  4,  7, 0.00,172,11.2
2025-06-11 12:05:15,-102.0089,31.9972,  76.0,18250,-71.1,-91.3,-87.4,  4,  7, 0.00,173,11.3
2025-06-11 12:05:16,-102.0089,31.9973,  76.0,18255,-71.1,-91.2,-87.3,  4,  7, 0.00,173,11.2
2025-06-11 12:05:17,-102.0089,31.9974,  75.9,18260,-71.1,-91.1,-87.2,  4,  7, 0.00,173,11.1
2025-06-11 12:05:18,-102.0089,31.9975,  75.8,18265,-71.1,-91.0,-87.1,  4,  7, 0.00,174,11.1
2025-06-11 12:05:19,-102.0089,31.9975,  75.8,18269,-71.1,-91.0,-87.1,  4,  7, 0.00,174,11.0
2025-06-11 12:05:20,-102.0089,31.9976,  75.7,18274,-71.1,-90.9,-87.0,  4,  7, 0.00,174,10.9
2025-06-11 12:05:21,-102.0089,31.9977,  75.7,18279,-71.1,-90.8,-86.9,  4,  8, 0.00,175,10.9
2025-06-11 12:05:22,-102.0088,31.9978,  75.6,18283,-71.1,-90.7,-86.8,  4,  8, 0.00,175,10.8
2025-06-11 12:05:23,-102.0088,31.9979,  75.5,18288,-71.1,-90.7,-86.8,  4,  8, 0.00,176,10.8
2025-06-11 12:05:24,-102.0088,31.9980,  75.5,18292,-71.1,-90.6,-86.7,  4,  8, 0.00,176,10.7
2025-06-11 12:05:25,-102.0088,31.9981,  75.4,18297,-71.1,-90.5,-86.6,  4,  8, 0.00,176,10.6
2025-06-11 12:05:26,-102.0088,31.9982,  75.4,18301,-71.1,-90.4,-86.5,  4,  8, 0.00,177,10.6
2025-06-11 12:05:27,-102.0088,31.9983,  75.3,18306,-71.1,-90.3,-86.4,  4,  8, 0.00,177,10.5
2025-06-11 12:05:28,-102.0088,31.9983,  75.2,18310,-71.2,-90.2,-86.3,  4,  8, 0.00,178,10.5
2025-06-11 12:05:29,-102.0088,31.9984,  75.2,18315,-71.2,-90.1,-86.2,  5,  9, 0.00,178,10.4
2025-06-11 12:05:30,-102.0088,31.9985,  75.1,18320,-71.2,-90.1,-86.1,  5,  9, 0.00,178,10.4
2025-06-11 12:05:31,-102.0088,31.9986,  75.1,18324,-71.2,-90.0,-86.0,  5,  9, 0.00,179,10.3
2025-06-11 12:05:32,-102.0088,31.9987,  75.0,18330,-71.2,-89.9,-86.0,  5,  9, 0.00,179,10.2
2025-06-11 12:05:33,-102.0088,31.9988,  74.9,18334,-71.2,-89.8,-85.9,  5,  9, 0.00,180,10.2
2025-06-11 12:05:34,-102.0088,31.9989,  74.9,18339,-71.2,-89.7,-85.8,  5,  9, 0.00,180,10.1
2025-06-11 12:05:35,-102.0088,31.9990,  74.8,18344,-71.1,-89.7,-85.7,  5,  9, 0.00,181,10.1
2025-06-11 12:05:36,-102.0088,31.9991,  74.8,18349,-71.1,-89.6,-85.6,  5, 10, 0.00,181,10.0
2025-06-11 12:05:37,-102.0088,31.9991,  74.7,18354,-71.1,-89.6,-85.6,  5, 10, 0.00,182, 9.9
2025-06-11 12:05:38,-102.0088,31.9992,  74.6,18359,-71.1,-89.5,-85.6,  5, 10, 0.00,182, 9.8
2025-06-11 12:05:39,-102.0088,31.9993,  74.6,18364,-71.1,-89.5,-85.6,  5, 10, 0.00,183, 9.8
2025-06-11 12:05:40,-102.0088,31.9994,  74.5,18369,-71.1,-89.5,-85.5,  5, 10, 0.00,183, 9.7
2025-06-11 12:05:41,-102.0088,31.9995,  74.5,18373,-71.1,-89.5,-85.5,  5, 10, 0.00,184, 9.6
2025-06-11 12:05:42,-102.0088,31.9996,  74.4,18378,-71.1,-89.5,-85.5,  5, 10, 0.00,184, 9.5
2025-06-11 12:05:43,-102.0087,31.9996,  74.3,18383,-71.1,-89.5,-85.5,  5, 10, 0.00,185, 9.5
2025-06-11 12:05:44,-102.0087,31.9997,  74.3,18388,-71.1,-89.4,-85.5,  5, 10, 0.00,185, 9.4
2025-06-11 12:05:45,-102.0087,31.9998,  74.2,18393,-71.1,-89.4,-85.5,  5, 10, 0.00,186, 9.3
2025-06-11 12:05:46,-102.0087,31.9998,  74.1,18397,-71.1,-89.4,-85.4,  5, 10, 0.00,186, 9.2
2025-06-11 12:05:47,-102.0087,31.9999,  74.1,18402,-71.1,-89.4,-85.4,  5, 10, 0.00,187, 9.2
2025-06-11 12:05:48,-102.0086,31.9999,  74.0,18407,-71.1,-89.4,-85.4,  5, 10, 0.00,188, 9.1
2025-06-11 12:05:49,-102.0086,32.0000,  74.0,18412,-71.0,-89.3,-85.4,  5, 10, 0.00,188, 9.0
2025-06-11 12:05:50,-102.0086,32.0001,  73.9,18417,-71.0,-89.3,-85.4,  5, 10, 0.00,189, 9.0
2025-06-11 12:05:51,-102.0086,32.0001,  73.8,18422,-71.0,-89.3,-85.3,  5, 10, 0.00,189, 8.9
2025-06-11 12:05:52,-102.0085,32.0002,  73.8,18426,-71.0,-89.3,-85.3,  5, 10, 0.00,190, 8.8
2025-06-11 12:05:53,-102.0085,32.0003,  73.7,18431,-71.0,-89.2,-85.3,  5, 10, 0.00,191, 8.8
2025-06-11 12:05:54,-102.0085,32.0003,  73.7,18436,-71.0,-89.2,-85.2,  5, 10, 0.00,191, 8.7
2025-06-11 12:05:55,-102.0085,32.0004,  73.6,18441,-71.0,-89.2,-85.2,  5, 10, 0.00,192, 8.6
2025-06-11 12:05:56,-102.0085,32.0005,  73.6,18445,-71.0,-89.1,-85.2,  5, 10, 0.00,192, 8.5
2025-06-11 12:05:57,-102.0084,32.0005,  73.5,18450,-70.9,-89.1,-85.1,  5, 10, 0.00,193, 8.4
2025-06-11 12:05:58,-102.0084,32.0006,  73.4,18455,-70.9,-89.1,-85.1,  5, 10, 0.00,193, 8.3
2025-06-11 12:05:59,-102.0084,32.0006,  73.4,18458,-70.9,-89.0,-85.1,  5, 10, 0.00,193, 8.2
2025-06-11 12:06:00,-102.0084,32.0007,  73.3,18464,-70.9,-89.0,-85.0,  5, 10, 0.00,194, 8.1
2025-06-11 12:06:01,-102.0083,32.0008,  73.3,18469,-70.9,-89.0,-85.0,  5, 10, 0.00,194, 8.0
2025-06-11 12:06:02,-102.0083,32.0008,  73.2,18474,-70.9,-89.0,-85.0,  5, 10, 0.00,195, 7.9
2025-06-11 12:06:03,-102.0083,32.0009,  73.1,18478,-70.9,-88.9,-84.9,  5, 10, 0.00,195, 7.8
2025-06-11 12:06:04,-102.0083,32.0010,  73.1,18483,-70.9,-88.9,-84.9,  5, 10, 0.00,195, 7.7
2025-06-11 12:06:05,-102.0083,32.0010,  73.0,18488,-70.9,-88.8,-84.9,  6, 10, 0.00,196, 7.6
2025-06-11 12:06:06,-102.0082,32.0011,  73.0,18493,-70.8,-88.8,-84.8,  6, 10, 0.00,196, 7.5
2025-06-11 12:06:07,-102.0082,32.0012,  72.9,18498,-70.8,-88.8,-84.8,  6, 11, 0.00,197, 7.4
2025-06-11 12:06:08,-102.0082,32.0012,  72.8,18503,-70.8,-88.7,-84.7,  6, 11, 0.00,197, 7.3
2025-06-11 12:06:09,-102.0082,32.0013,  72.8,18508,-70.8,-88.7,-84.7,  6, 11, 0.00,198, 7.2
2025-06-11 12:06:10,-102.0082,32.0013,  72.7,18513,-70.8,-88.6,-84.6,  6, 11, 0.00,198, 7.0
2025-06-11 12:06:11,-102.0081,32.0014,  72.7,18518,-70.8,-88.6,-84.6,  6, 11, 0.00,199, 6.9
2025-06-11 12:06:12,-102.0081,32.0015,  72.6,18523,-70.8,-88.6,-84.6,  6, 11, 0.00,199, 6.8
2025-06-11 12:06:13,-102.0081,32.0015,  72.5,18528,-70.8,-88.5,-84.5,  6, 11, 0.00,200, 6.7
2025-06-11 12:06:14,-102.0081,32.0015,  72.5,18533,-70.8,-88.5,-84.5,  6, 11, 0.00,200, 6.6
2025-06-11 12:06:15,-102.0081,32.0016,  72.4,18538,-70.8,-88.5,-84.5,  6, 11, 0.00,201, 6.5
2025-06-11 12:06:16,-102.0081,32.0016,  72.3,18543,-70.8,-88.4,-84.4,  6, 11, 0.00,200, 6.4
2025-06-11 12:06:17,-102.0081,32.0017,  72.3,18548,-70.8,-88.4,-84.4,  6, 11, 0.00,200, 6.3
2025-06-11 12:06:18,-102.0080,32.0017,  72.2,18553,-70.8,-88.4,-84.4,  6, 11, 0.00,200, 6.2
2025-06-11 12:06:19,-102.0080,32.0017,  72.2,18559,-70.8,-88.3,-84.3,  6, 11, 0.00,200, 6.1
2025-06-11 12:06:20,-102.0080,32.0018,  72.1,18563,-70.8,-88.3,-84.3,  6, 11, 0.00,199, 6.0
2025-06-11 12:06:21,-102.0080,32.0018,  72.0,18568,-70.8,-88.3,-84.3,  6, 11, 0.00,199, 5.9
2025-06-11 12:06:22,-102.0080,32.0018,  72.0,18573,-70.8,-88.3,-84.3,  6, 11, 0.00,199, 5.8
2025-06-11 12:06:23,-102.0080,32.0019,  71.9,18578,-70.8,-88.2,-84.2,  6, 11, 0.00,199, 5.7
2025-06-11 12:06:24,-102.0080,32.0019,  71.9,18582,-70.8,-88.2,-84.2,  6, 12, 0.00,198, 5.6
2025-06-11 12:06:25,-102.0080,32.0020,  71.8,18587,-70.8,-88.2,-84.2,  6, 12, 0.00,198, 5.5
2025-06-11 12:06:26,-102.0079,32.0020,  71.8,18592,-70.8,-88.2,-84.2,  6, 12, 0.00,198, 5.4
2025-06-11 12:06:27,-102.0079,32.0020,  71.7,18597,-70.8,-88.1,-84.1,  6, 12, 0.00,197, 5.3
2025-06-11 12:06:28,-102.0079,32.0021,  71.6,18602,-70.8,-88.1,-84.1,  6, 12, 0.00,197, 5.2
2025-06-11 12:06:29,-102.0079,32.0021,  71.6,18607,-70.8,-88.1,-84.1,  6, 12, 0.00,197, 5.1
2025-06-11 12:06:30,-102.0079,32.0022,  71.5,18612,-70.8,-88.0,-84.0,  6, 12, 0.00,196, 5.0
2025-06-11 12:06:31,-102.0079,32.0022,  71.5,18616,-70.8,-88.0,-84.0,  6, 12, 0.00,196, 4.9
2025-06-11 12:06:32,-102.0079,32.0022,  71.4,18621,-70.8,-88.0,-84.0,  6, 12, 0.00,195, 4.8
2025-06-11 12:06:33,-102.0079,32.0023,  71.3,18626,-70.8,-88.0,-84.0,  6, 12, 0.00,195, 4.7
2025-06-11 12:06:34,-102.0079,32.0023,  71.3,18631,-70.7,-88.0,-84.0,  6, 12, 0.00,194, 4.6
2025-06-11 12:06:35,-102.0078,32.0023,  71.2,18636,-70.7,-88.0,-84.0,  6, 12, 0.00,194, 4.5
2025-06-11 12:06:36,-102.0078,32.0024,  71.2,18641,-70.7,-88.0,-84.0,  6, 12, 0.00,194, 4.5
2025-06-11 12:06:37,-102.0078,32.0024,  71.1,18646,-70.7,-88.0,-84.0,  6, 12, 0.00,194, 4.4
2025-06-11 12:06:38,-102.0078,32.0025,  71.0,18652,-70.7,-88.0,-84.0,  6, 12, 0.00,194, 4.3
2025-06-11 12:06:39,-102.0078,32.0025,  71.0,18655,-70.7,-88.0,-84.0,  6, 12, 0.00,194, 4.3
2025-06-11 12:06:40,-102.0078,32.0025,  70.9,18660,-70.7,-88.0,-84.0,  6, 12, 0.00,194, 4.2
2025-06-11 12:06:41,-102.0078,32.0026,  70.9,18664,-70.7,-88.0,-84.0,  6, 12, 0.00,194, 4.2
2025-06-11 12:06:42,-102.0078,32.0026,  70.8,18669,-70.7,-88.0,-84.0,  6, 12, 0.00,194, 4.1
2025-06-11 12:06:43,-102.0078,32.0026,  70.8,18674,-70.7,-88.0,-84.0,  6, 12, 0.00,194, 4.1
2025-06-11 12:06:44,-102.0078,32.0027,  70.7,18680,-70.7,-88.1,-84.1,  6, 12, 0.00,194, 4.0
2025-06-11 12:06:45,-102.0078,32.0027,  70.6,18685,-70.7,-88.1,-84.1,  6, 12, 0.00,194, 4.0
2025-06-11 12:06:46,-102.0078,32.0027,  70.6,18690,-70.7,-88.1,-84.1,  6, 12, 0.00,194, 3.9
2025-06-11 12:06:47,-102.0078,32.0028,  70.5,18696,-70.7,-88.2,-84.2,  6, 12, 0.00,194, 3.9
2025-06-11 12:06:48,-102.0078,32.0028,  70.4,18701,-70.7,-88.2,-84.2,  6, 11, 0.00,194, 3.8
2025-06-11 12:06:49,-102.0078,32.0028,  70.4,18706,-70.7,-88.2,-84.2,  6, 11, 0.00,194, 3.8
2025-06-11 12:06:50,-102.0077,32.0028,  70.3,18711,-70.7,-88.3,-84.3,  6, 11, 0.00,194, 3.7
2025-06-11 12:06:51,-102.0077,32.0029,  70.3,18716,-70.7,-88.3,-84.3,  6, 11, 0.00,194, 3.7
2025-06-11 12:06:52,-102.0077,32.0029,  70.2,18721,-70.7,-88.3,-84.3,  6, 11, 0.00,194, 3.6
2025-06-11 12:06:53,-102.0077,32.0029,  70.1,18726,-70.7,-88.4,-84.4,  6, 11, 0.00,194, 3.5
2025-06-11 12:06:54,-102.0077,32.0030,  70.1,18732,-70.7,-88.4,-84.4,  6, 11, 0.00,194, 3.5
2025-06-11 12:06:55,-102.0077,32.0030,  70.0,18738,-70.7,-88.4,-84.4,  6, 11, 0.00,194, 3.4
2025-06-11 12:06:56,-102.0077,32.0030,  70.0,18742,-70.7,-88.5,-84.5,  6, 11, 0.00,193, 3.4
2025-06-11 12:06:57,-102.0077,32.0030,  69.9,18747,-70.7,-88.5,-84.5,  6, 11, 0.00,192, 3.4
2025-06-11 12:06:58,-102.0077,32.0031,  69.8,18753,-70.7,-88.5,-84.5,  6, 11, 0.00,191, 3.4
2025-06-11 12:06:59,-102.0077,32.0031,  69.8,18758,-70.6,-88.5,-84.5,  6, 11, 0.00,190, 3.4
2025-06-11 12:07:00,-102.0077,32.0031,  69.7,18764,-70.6,-88.5,-84.5,  6, 11, 0.00,189, 3.4
2025-06-11 12:07:01,-102.0077,32.0032,  69.6,18769,-70.6,-88.5,-84.5,  6, 11, 0.00,188, 3.4
2025-06-11 12:07:02,-102.0077,32.0032,  69.6,18774,-70.6,-88.5,-84.6,  6, 11, 0.00,187, 3.3
2025-06-11 12:07:03,-102.0077,32.0032,  69.5,18780,-70.6,-88.6,-84.6,  6, 11, 0.00,186, 3.3
2025-06-11 12:07:04,-102.0077,32.0032,  69.5,18785,-70.6,-88.6,-84.6,  6, 10, 0.00,185, 3.3
2025-06-11 12:07:05,-102.0077,32.0033,  69.4,18791,-70.6,-88.6,-84.6,  6, 10, 0.00,184, 3.3
2025-06-11 12:07:06,-102.0077,32.0033,  69.3,18796,-70.5,-88.6,-84.6,  6, 10, 0.00,183, 3.3
2025-06-11 12:07:07,-102.0077,32.0033,  69.3,18801,-70.5,-88.6,-84.6,  5, 10, 0.00,182, 3.3
2025-06-11 12:07:08,-102.0077,32.0033,  69.2,18807,-70.5,-88.6,-84.6,  5, 10, 0.00,181, 3.3
2025-06-11 12:07:09,-102.0077,32.0034,  69.1,18812,-70.5,-88.6,-84.6,  5, 10, 0.00,180, 3.2
2025-06-11 12:07:10,-102.0077,32.0034,  69.1,18817,-70.4,-88.6,-84.6,  5, 10, 0.00,179, 3.2
2025-06-11 12:07:11,-102.0077,32.0034,  69.0,18822,-70.4,-88.6,-84.6,  5, 10, 0.00,178, 3.2
2025-06-11 12:07:12,-102.0077,32.0035,  69.0,18828,-70.4,-88.6,-84.6,  5, 10, 0.00,177, 3.2
2025-06-11 12:07:13,-102.0077,32.0035,  68.9,18833,-70.4,-88.5,-84.5,  5, 10, 0.00,176, 3.2
2025-06-11 12:07:14,-102.0077,32.0035,  68.8,18838,-70.3,-88.5,-84.5,  5, 10, 0.00,175, 3.2
2025-06-11 12:07:15,-102.0078,32.0035,  68.8,18843,-70.3,-88.5,-84.5,  5, 10, 0.00,173, 3.2
2025-06-11 12:07:16,-102.0078,32.0036,  68.7,18848,-70.3,-88.4,-84.4,  5, 10, 0.00,172, 3.1
2025-06-11 12:07:17,-102.0078,32.0036,  68.7,18853,-70.2,-88.4,-84.4,  5, 10, 0.00,171, 3.1
2025-06-11 12:07:18,-102.0078,32.0036,  68.6,18858,-70.2,-88.4,-84.4,  5, 10, 0.00,170, 3.1
2025-06-11 12:07:19,-102.0078,32.0036,  68.5,18863,-70.2,-88.3,-84.3,  5, 10, 0.00,169, 3.1
2025-06-11 12:07:20,-102.0079,32.0037,  68.5,18868,-70.2,-88.3,-84.3,  5, 10, 0.00,167, 3.1
2025-06-11 12:07:21,-102.0079,32.0037,  68.4,18873,-70.2,-88.3,-84.3,  6, 10, 0.00,166, 3.1
2025-06-11 12:07:22,-102.0079,32.0037,  68.4,18878,-70.1,-88.3,-84.3,  6, 10, 0.00,165, 3.1
2025-06-11 12:07:23,-102.0079,32.0037,  68.3,18883,-70.1,-88.2,-84.2,  6, 10, 0.00,163, 3.0
2025-06-11 12:07:24,-102.0079,32.0037,  68.2,18889,-70.1,-88.2,-84.2,  6, 10, 0.00,162, 3.0
2025-06-11 12:07:25,-102.0079,32.0038,  68.2,18894,-70.1,-88.2,-84.2,  6, 10, 0.00,160, 3.0
2025-06-11 12:07:26,-102.0080,32.0038,  68.1,18899,-70.1,-88.1,-84.1,  6, 11, 0.00,159, 3.0
2025-06-11 12:07:27,-102.0080,32.0038,  68.1,18904,-70.1,-88.0,-84.0,  6, 11, 0.00,158, 3.0
2025-06-11 12:07:28,-102.0080,32.0038,  68.0,18909,-70.0,-88.0,-84.0,  6, 11, 0.00,156, 3.0
2025-06-11 12:07:29,-102.0080,32.0039,  68.0,18914,-70.0,-87.9,-83.9,  6, 11, 0.00,155, 2.9
2025-06-11 12:07:30,-102.0080,32.0039,  67.9,18919,-70.0,-87.8,-83.8,  6, 11, 0.00,153, 2.9
2025-06-11 12:07:31,-102.0081,32.0039,  67.8,18924,-70.0,-87.8,-83.8,  6, 11, 0.00,152, 2.9
2025-06-11 12:07:32,-102.0081,32.0039,  67.8,18929,-70.0,-87.7,-83.7,  6, 11, 0.00,150, 2.9
2025-06-11 12:07:33,-102.0081,32.0040,  67.7,18933,-70.0,-87.6,-83.6,  6, 11, 0.00,149, 2.9
2025-06-11 12:07:34,-102.0081,32.0040,  67.7,18938,-69.9,-87.6,-83.6,  6, 11, 0.00,147, 2.9
2025-06-11 12:07:35,-102.0081,32.0040,  67.6,18943,-69.9,-87.5,-83.5,  6, 11, 0.00,146, 2.9
2025-06-11 12:07:36,-102.0081,32.0040,  67.6,18948,-69.9,-87.5,-83.4,  6, 12, 0.00,146, 2.9
2025-06-11 12:07:37,-102.0082,32.0040,  67.5,18953,-69.9,-87.4,-83.4,  6, 12, 0.00,147, 2.9
2025-06-11 12:07:38,-102.0082,32.0041,  67.5,18958,-69.9,-87.3,-83.3,  6, 12, 0.00,147, 3.0
2025-06-11 12:07:39,-102.0082,32.0041,  67.4,18963,-69.9,-87.3,-83.3,  6, 12, 0.00,147, 3.0
2025-06-11 12:07:40,-102.0082,32.0041,  67.3,18968,-69.8,-87.3,-83.3,  6, 12, 0.00,147, 3.1
2025-06-11 12:07:41,-102.0082,32.0042,  67.3,18973,-69.8,-87.3,-83.3,  6, 12, 0.00,147, 3.1
2025-06-11 12:07:42,-102.0083,32.0042,  67.2,18978,-69.8,-87.3,-83.2,  6, 12, 0.00,148, 3.1
2025-06-11 12:07:43,-102.0083,32.0042,  67.2,18983,-69.8,-87.3,-83.2,  6, 12, 0.00,148, 3.2
2025-06-11 12:07:44,-102.0083,32.0042,  67.1,18988,-69.8,-87.2,-83.2,  6, 12, 0.00,148, 3.2
2025-06-11 12:07:45,-102.0083,32.0043,  67.1,18992,-69.8,-87.2,-83.2,  6, 12, 0.00,148, 3.3
2025-06-11 12:07:46,-102.0083,32.0043,  67.0,18997,-69.7,-87.2,-83.2,  6, 12, 0.00,148, 3.3
2025-06-11 12:07:47,-102.0083,32.0043,  67.0,19001,-69.7,-87.2,-83.1,  6, 12, 0.00,149, 3.4
2025-06-11 12:07:48,-102.0083,32.0043,  66.9,19006,-69.7,-87.2,-83.1,  6, 12, 0.00,149, 3.4
2025-06-11 12:07:49,-102.0083,32.0044,  66.9,19011,-69.7,-87.1,-83.1,  6, 12, 0.00,149, 3.4
2025-06-11 12:07:50,-102.0083,32.0044,  66.8,19016,-69.7,-87.1,-83.1,  6, 12, 0.00,149, 3.5
2025-06-11 12:07:51,-102.0083,32.0044,  66.7,19022,-69.6,-87.1,-83.1,  6, 12, 0.00,149, 3.5
2025-06-11 12:07:52,-102.0083,32.0044,  66.7,19025,-69.6,-87.1,-83.1,  6, 12, 0.00,149, 3.6
2025-06-11 12:07:53,-102.0083,32.0045,  66.6,19030,-69.6,-87.1,-83.1,  6, 12, 0.00,150, 3.6
2025-06-11 12:07:54,-102.0083,32.0045,  66.6,19035,-69.6,-87.2,-83.1,  6, 12, 0.00,150, 3.6
2025-06-11 12:07:55,-102.0083,32.0045,  66.5,19040,-69.6,-87.2,-83.1,  6, 12, 0.00,150, 3.7
2025-06-11 12:07:56,-102.0083,32.0045,  66.5,19045,-69.6,-87.2,-83.2,  6, 11, 0.00,151, 3.6
2025-06-11 12:07:57,-102.0083,32.0046,  66.4,19050,-69.5,-87.2,-83.2,  6, 11, 0.00,153, 3.6
2025-06-11 12:07:58,-102.0083,32.0046,  66.4,19055,-69.5,-87.3,-83.2,  6, 11, 0.00,154, 3.5
2025-06-11 12:07:59,-102.0083,32.0046,  66.3,19060,-69.5,-87.3,-83.3,  6, 11, 0.00,155, 3.5
2025-06-11 12:08:00,-102.0083,32.0046,  66.3,19065,-69.5,-87.3,-83.3,  6, 11, 0.00,157, 3.4
2025-06-11 12:08:01,-102.0083,32.0047,  66.2,19070,-69.5,-87.3,-83.3,  6, 11, 0.00,159, 3.4
2025-06-11 12:08:02,-102.0083,32.0047,  66.2,19074,-69.4,-87.3,-83.3,  6, 11, 0.00,160, 3.3
2025-06-11 12:08:03,-102.0083,32.0047,  66.1,19079,-69.4,-87.4,-83.3,  6, 11, 0.00,162, 3.3
2025-06-11 12:08:04,-102.0083,32.0047,  66.1,19083,-69.4,-87.4,-83.3,  6, 11, 0.00,164, 3.2
2025-06-11 12:08:05,-102.0083,32.0048,  66.0,19088,-69.3,-87.4,-83.4,  6, 11, 0.00,166, 3.2
2025-06-11 12:08:06,-102.0084,32.0048,  65.9,19093,-69.3,-87.4,-83.4,  6, 11, 0.00,168, 3.1
2025-06-11 12:08:07,-102.0084,32.0048,  65.9,19097,-69.3,-87.4,-83.4,  6, 11, 0.00,170, 3.1
2025-06-11 12:08:08,-102.0084,32.0048,  65.8,19102,-69.3,-87.4,-83.4,  6, 11, 0.00,172, 3.0
2025-06-11 12:08:09,-102.0084,32.0049,  65.8,19107,-69.2,-87.4,-83.4,  6, 11, 0.00,174, 3.0
2025-06-11 12:08:10,-102.0084,32.0049,  65.7,19112,-69.2,-87.4,-83.4,  6, 10, 0.00,176, 2.9
2025-06-11 12:08:11,-102.0084,32.0049,  65.7,19116,-69.2,-87.4,-83.4,  6, 10, 0.00,178, 2.9
2025-06-11 12:08:12,-102.0084,32.0049,  65.6,19121,-69.1,-87.4,-83.4,  6, 10, 0.00,181, 2.8
2025-06-11 12:08:13,-102.0084,32.0050,  65.6,19125,-69.1,-87.4,-83.4,  6, 10, 0.00,183, 2.8
2025-06-11 12:08:14,-102.0084,32.0050,  65.5,19130,-69.0,-87.4,-83.4,  6, 10, 0.00,185, 2.7
2025-06-11 12:08:15,-102.0083,32.0049,  65.5,19134,-69.0,-87.4,-83.3,  5, 10, 0.00,188, 2.7
2025-06-11 12:08:16,-102.0083,32.0049,  65.4,19139,-68.9,-87.4,-83.3,  5, 10, 0.00,190, 2.7
2025-06-11 12:08:17,-102.0083,32.0049,  65.4,19144,-68.9,-87.3,-83.3,  5, 10, 0.00,193, 2.7
2025-06-11 12:08:18,-102.0083,32.0049,  65.3,19148,-68.8,-87.3,-83.3,  5, 10, 0.00,197, 2.6
2025-06-11 12:08:19,-102.0082,32.0049,  65.3,19153,-68.7,-87.3,-83.3,  5, 10, 0.00,200, 2.6
2025-06-11 12:08:20,-102.0082,32.0049,  65.2,19158,-68.7,-87.3,-83.3,  5, 10, 0.00,204, 2.6
2025-06-11 12:08:21,-102.0082,32.0049,  65.2,19163,-68.6,-87.3,-83.2,  5, 10, 0.00,209, 2.6
2025-06-11 12:08:22,-102.0082,32.0049,  65.1,19167,-68.6,-87.3,-83.2,  5, 10, 0.00,214, 2.6
2025-06-11 12:08:23,-102.0081,32.0048,  65.1,19172,-68.5,-87.2,-83.2,  5, 10, 0.00,219, 2.6
2025-06-11 12:08:24,-102.0081,32.0048,  65.0,19177,-68.4,-87.2,-83.2,  5, 10, 0.00,224, 2.5
2025-06-11 12:08:25,-102.0081,32.0048,  65.0,19182,-68.4,-87.2,-83.2,  5, 10, 0.00,230, 2.5
2025-06-11 12:08:26,-102.0081,32.0048,  64.9,19186,-68.3,-87.2,-83.2,  5, 10, 0.00,237, 2.5
2025-06-11 12:08:27,-102.0080,32.0048,  64.9,19191,-68.2,-87.2,-83.1,  5,  9, 0.00,243, 2.5
2025-06-11 12:08:28,-102.0080,32.0048,  64.8,19196,-68.1,-87.1,-83.1,  5,  9, 0.00,249, 2.5
2025-06-11 12:08:29,-102.0080,32.0048,  64.8,19200,-68.0,-87.1,-83.1,  5,  9, 0.00,255, 2.5
2025-06-11 12:08:30,-102.0080,32.0047,  64.7,19205,-67.9,-87.1,-83.0,  5,  9, 0.00,260, 2.4
2025-06-11 12:08:31,-102.0079,32.0047,  64.7,19209,-67.9,-87.0,-83.0,  5,  9, 0.00,265, 2.4
2025-06-11 12:08:32,-102.0079,32.0047,  64.6,19212,-67.8,-87.0,-83.0,  5,  9, 0.00,268, 2.4
2025-06-11 12:08:33,-102.0079,32.0047,  64.6,19218,-67.7,-86.9,-82.8,  5,  9, 0.00,274, 2.4
2025-06-11 12:08:34,-102.0079,32.0047,  64.5,19223,-67.6,-86.8,-82.8,  5,  9, 0.00,278, 2.4
2025-06-11 12:08:35,-102.0078,32.0047,  64.5,19227,-67.5,-86.7,-82.7,  5,  9, 0.00,281, 2.4
2025-06-11 12:08:36,-102.0078,32.0047,  64.4,19232,-67.4,-86.7,-82.6,  5,  9, 0.00,286, 2.5
2025-06-11 12:08:37,-102.0078,32.0047,  64.4,19236,-67.3,-86.6,-82.5,  5,  9, 0.00,290, 2.6
2025-06-11 12:08:38,-102.0078,32.0046,  64.3,19241,-67.2,-86.5,-82.4,  5,  9, 0.00,295, 2.8
2025-06-11 12:08:39,-102.0077,32.0046,  64.3,19245,-67.1,-86.4,-82.4,  5,  9, 0.00,299, 2.9
2025-06-11 12:08:40,-102.0077,32.0046,  64.3,19249,-67.0,-86.3,-82.3,  5,  9, 0.00,302, 3.0
2025-06-11 12:08:41,-102.0077,32.0046,  64.2,19253,-66.9,-86.3,-82.2,  5,  9, 0.00,306, 3.2
2025-06-11 12:08:42,-102.0077,32.0046,  64.2,19257,-66.8,-86.2,-82.1,  5,  9, 0.00,309, 3.3
2025-06-11 12:08:43,-102.0076,32.0046,  64.1,19262,-66.7,-86.1,-82.0,  5,  9, 0.00,312, 3.4
2025-06-11 12:08:44,-102.0076,32.0046,  64.1,19266,-66.6,-86.0,-82.0,  5,  9, 0.00,314, 3.6
2025-06-11 12:08:45,-102.0076,32.0045,  64.0,19270,-66.5,-85.9,-81.9,  5,  9, 0.00,317, 3.7
2025-06-11 12:08:46,-102.0076,32.0045,  64.0,19274,-66.4,-85.9,-81.8,  5,  9, 0.00,319, 3.8
2025-06-11 12:08:47,-102.0076,32.0044,  63.9,19278,-66.4,-85.8,-81.7,  5,  9, 0.00,321, 4.0
2025-06-11 12:08:48,-102.0076,32.0044,  63.9,19282,-66.3,-85.7,-81.6,  5,  9, 0.00,323, 4.1
2025-06-11 12:08:49,-102.0076,32.0043,  63.9,19286,-66.2,-85.6,-81.6,  5,  9, 0.00,324, 4.3
2025-06-11 12:08:50,-102.0075,32.0043,  63.8,19291,-66.1,-85.6,-81.5,  5,  9, 0.00,326, 4.4
2025-06-11 12:08:51,-102.0075,32.0042,  63.8,19295,-66.0,-85.5,-81.4,  5,  9, 0.00,327, 4.5
2025-06-11 12:08:52,-102.0075,32.0042,  63.7,19299,-65.9,-85.4,-81.3,  5,  9, 0.00,329, 4.7
2025-06-11 12:08:53,-102.0075,32.0042,  63.7,19303,-65.8,-85.3,-81.2,  5,  9, 0.00,330, 4.8
2025-06-11 12:08:54,-102.0075,32.0041,  63.6,19308,-65.7,-85.3,-81.2,  5,  9, 0.00,331, 4.9
2025-06-11 12:08:55,-102.0075,32.0041,  63.6,19312,-65.6,-85.2,-81.1,  5,  9, 0.00,332, 5.1
2025-06-11 12:08:56,-102.0074,32.0040,  63.5,19316,-65.5,-85.1,-81.0,  5,  9, 0.00,333, 5.1
2025-06-11 12:08:57,-102.0074,32.0040,  63.5,19321,-65.4,-85.1,-81.0,  5,  9, 0.00,334, 5.1
2025-06-11 12:08:58,-102.0074,32.0039,  63.4,19325,-65.4,-85.0,-80.9,  5,  9, 0.00,334, 5.0
2025-06-11 12:08:59,-102.0074,32.0039,  63.4,19329,-65.3,-85.0,-80.9,  5,  9, 0.00,335, 5.0
2025-06-11 12:09:00,-102.0074,32.0038,  63.4,19334,-65.2,-85.0,-80.9,  5,  9, 0.00,336, 5.0
2025-06-11 12:09:01,-102.0074,32.0038,  63.3,19338,-65.1,-85.0,-80.9,  5,  9, 0.00,337, 5.0
2025-06-11 12:09:02,-102.0074,32.0038,  63.3,19343,-65.0,-85.0,-80.9,  5,  9, 0.00,338, 5.0
2025-06-11 12:09:03,-102.0073,32.0037,  63.2,19347,-64.9,-85.1,-81.0,  5,  9, 0.00,338, 5.0
2025-06-11 12:09:04,-102.0073,32.0037,  63.2,19352,-64.9,-85.1,-81.0,  5,  8, 0.00,339, 5.0
2025-06-11 12:09:05,-102.0073,32.0036,  63.1,19357,-64.8,-85.1,-81.0,  5,  8, 0.00,340, 5.0
2025-06-11 12:09:06,-102.0073,32.0036,  63.1,19361,-64.7,-85.1,-81.0,  4,  8, 0.00,341, 5.0
2025-06-11 12:09:07,-102.0073,32.0035,  63.0,19366,-64.6,-85.2,-81.1,  4,  8, 0.00,342, 5.0
2025-06-11 12:09:08,-102.0073,32.0035,  63.0,19371,-64.6,-85.2,-81.1,  4,  8, 0.00,342, 5.0
2025-06-11 12:09:09,-102.0072,32.0034,  62.9,19375,-64.5,-85.3,-81.2,  4,  8, 0.00,343, 5.1
2025-06-11 12:09:10,-102.0072,32.0034,  62.9,19380,-64.4,-85.3,-81.2,  4,  8, 0.00,344, 5.1
2025-06-11 12:09:11,-102.0072,32.0034,  62.8,19384,-64.4,-85.4,-81.3,  4,  7, 0.00,345, 5.1
2025-06-11 12:09:12,-102.0072,32.0033,  62.8,19389,-64.3,-85.4,-81.3,  4,  7, 0.00,345, 5.1
2025-06-11 12:09:13,-102.0072,32.0033,  62.7,19393,-64.2,-85.4,-81.4,  4,  7, 0.00,346, 5.1
2025-06-11 12:09:14,-102.0072,32.0032,  62.7,19398,-64.2,-85.5,-81.4,  4,  7, 0.00,347, 5.1
2025-06-11 12:09:15,-102.0072,32.0032,  62.7,19402,-64.1,-85.5,-81.4,  4,  7, 0.00,348, 5.1
2025-06-11 12:09:16,-102.0072,32.0032,  62.6,19407,-64.0,-85.6,-81.5,  4,  7, 0.00,348, 5.0
2025-06-11 12:09:17,-102.0071,32.0031,  62.6,19411,-64.0,-85.6,-81.5,  4,  7, 0.00,348, 5.0
2025-06-11 12:09:18,-102.0071,32.0031,  62.5,19416,-63.9,-85.7,-81.6,  4,  7, 0.00,347, 4.9
2025-06-11 12:09:19,-102.0071,32.0031,  62.5,19420,-63.8,-85.7,-81.6,  4,  7, 0.00,347, 4.9
2025-06-11 12:09:20,-102.0071,32.0031,  62.4,19424,-63.8,-85.8,-81.7,  4,  6, 0.00,347, 4.8
2025-06-11 12:09:21,-102.0071,32.0030,  62.4,19429,-63.7,-85.8,-81.7,  3,  6, 0.00,347, 4.7
2025-06-11 12:09:22,-102.0071,32.0030,  62.3,19433,-63.7,-85.9,-81.8,  3,  6, 0.00,347, 4.7
2025-06-11 12:09:23,-102.0071,32.0030,  62.3,19438,-63.6,-86.0,-81.9,  3,  6, 0.00,347, 4.6
2025-06-11 12:09:24,-102.0071,32.0029,  62.2,19442,-63.6,-86.0,-82.0,  3,  6, 0.00,347, 4.6
2025-06-11 12:09:25,-102.0071,32.0029,  62.2,19447,-63.5,-86.1,-82.0,  3,  6, 0.00,346, 4.5
2025-06-11 12:09:26,-102.0071,32.0029,  62.2,19451,-63.5,-86.2,-82.1,  3,  6, 0.00,346, 4.4
2025-06-11 12:09:27,-102.0071,32.0028,  62.1,19456,-63.4,-86.3,-82.2,  3,  6, 0.00,346, 4.4
2025-06-11 12:09:28,-102.0071,32.0028,  62.1,19460,-63.4,-86.3,-82.3,  3,  5, 0.00,346, 4.3
2025-06-11 12:09:29,-102.0071,32.0028,  62.0,19465,-63.3,-86.4,-82.4,  3,  5, 0.00,346, 4.3
2025-06-11 12:09:30,-102.0070,32.0028,  62.0,19470,-63.3,-86.5,-82.4,  3,  5, 0.00,346, 4.2
2025-06-11 12:09:31,-102.0070,32.0027,  61.9,19474,-63.2,-86.6,-82.5,  3,  5, 0.00,345, 4.1
2025-06-11 12:09:32,-102.0070,32.0027,  61.9,19479,-63.2,-86.7,-82.6,  3,  5, 0.00,345, 4.1
2025-06-11 12:09:33,-102.0070,32.0027,  61.8,19484,-63.1,-86.8,-82.7,  3,  5, 0.00,345, 4.0
2025-06-11 12:09:34,-102.0070,32.0026,  61.8,19488,-63.1,-86.9,-82.8,  3,  5, 0.00,345, 4.0
2025-06-11 12:09:35,-102.0070,32.0026,  61.7,19493,-63.0,-87.0,-83.0,  3,  5, 0.00,345, 3.9
2025-06-11 12:09:36,-102.0070,32.0026,  61.7,19497,-63.0,-87.1,-83.1,  3,  5, 0.00,345, 3.8
2025-06-11 12:09:37,-102.0070,32.0025,  61.6,19502,-62.9,-87.2,-83.2,  2,  4, 0.00,346, 3.7
2025-06-11 12:09:38,-102.0070,32.0025,  61.6,19507,-62.9,-87.4,-83.3,  2,  4, 0.00,346, 3.5
2025-06-11 12:09:39,-102.0070,32.0025,  61.6,19511,-62.8,-87.5,-83.4,  2,  4, 0.00,347, 3.4
2025-06-11 12:09:40,-102.0070,32.0025,  61.5,19516,-62.8,-87.5,-83.5,  2,  4, 0.00,348, 3.3
2025-06-11 12:09:41,-102.0070,32.0024,  61.5,19520,-62.7,-87.6,-83.6,  2,  4, 0.00,348, 3.2
2025-06-11 12:09:42,-102.0070,32.0024,  61.4,19525,-62.7,-87.7,-83.7,  2,  4, 0.00,349, 3.1
2025-06-11 12:09:43,-102.0070,32.0024,  61.4,19529,-62.6,-87.8,-83.8,  2,  4, 0.00,350, 3.0
2025-06-11 12:09:44,-102.0070,32.0023,  61.3,19534,-62.6,-87.9,-83.9,  2,  4, 0.00,351, 2.9
2025-06-11 12:09:45,-102.0070,32.0023,  61.3,19538,-62.6,-87.9,-83.9,  2,  4, 0.00,352, 2.8
2025-06-11 12:09:46,-102.0070,32.0023,  61.2,19543,-62.5,-88.0,-84.0,  2,  4, 0.00,353, 2.7
2025-06-11 12:09:47,-102.0070,32.0023,  61.2,19547,-62.5,-88.1,-84.1,  2,  4, 0.00,354, 2.6
2025-06-11 12:09:48,-102.0070,32.0023,  61.2,19551,-62.4,-88.2,-84.2,  2,  3, 0.00,355, 2.4
2025-06-11 12:09:49,-102.0070,32.0023,  61.1,19556,-62.4,-88.3,-84.3,  2,  3, 0.00,357, 2.3
2025-06-11 12:09:50,-102.0070,32.0023,  61.1,19560,-62.3,-88.4,-84.4,  2,  3, 0.00,358, 2.2
2025-06-11 12:09:51,-102.0070,32.0023,  61.0,19564,-62.3,-88.5,-84.6,  2,  3, 0.00,360, 2.1
2025-06-11 12:09:52,-102.0070,32.0023,  61.0,19569,-62.3,-88.7,-84.7,  2,  3, 0.00,  2, 2.0
2025-06-11 12:09:53,-102.0070,32.0022,  60.9,19573,-62.2,-88.7,-84.7,  2,  3, 0.00,  4, 1.9
2025-06-11 12:09:54,-102.0071,32.0022,  60.9,19578,-62.2,-88.6,-84.7,  2,  3, 0.00,  6, 1.8
2025-06-11 12:09:55,-102.0071,32.0022,  60.8,19582,-62.1,-88.6,-84.6,  2,  3, 0.00,  9, 1.7
2025-06-11 12:09:56,-102.0071,32.0022,  60.8,19586,-62.1,-88.6,-84.6,  2,  3, 0.00, 10, 1.7
2025-06-11 12:09:57,-102.0071,32.0022,  60.8,19591,-62.1,-88.6,-84.6,  2,  3, 0.00, 12, 1.7
2025-06-11 12:09:58,-102.0071,32.0022,  60.7,19595,-62.0,-88.6,-84.6,  2,  3, 0.00, 13, 1.7
2025-06-11 12:09:59,-102.0071,32.0022,  60.7,19600,-62.0,-88.5,-84.5,  2,  3, 0.00, 14, 1.7
2025-06-11 12:10:00,-102.0071,32.0022,  60.6,19605,-61.9,-88.5,-84.5,  2,  3, 0.00, 16, 1.7
2025-06-11 12:10:01,-102.0071,32.0022,  60.6,19611,-61.9,-88.5,-84.5,  2,  3, 0.00, 17, 1.7
2025-06-11 12:10:02,-102.0071,32.0021,  60.5,19616,-61.8,-88.5,-84.5,  2,  3, 0.00, 19, 1.6
2025-06-11 12:10:03,-102.0071,32.0021,  60.5,19621,-61.8,-88.4,-84.5,  2,  3, 0.00, 20, 1.6
2025-06-11 12:10:04,-102.0071,32.0021,  60.4,19626,-61.8,-88.4,-84.4,  2,  3, 0.00, 21, 1.6
2025-06-11 12:10:05,-102.0071,32.0021,  60.4,19631,-61.7,-88.4,-84.4,  2,  3, 0.00, 23, 1.6
2025-06-11 12:10:06,-102.0072,32.0021,  60.3,19634,-61.7,-88.4,-84.4,  2,  3, 0.00, 24, 1.6
2025-06-11 12:10:07,-102.0072,32.0021,  60.3,19641,-61.6,-88.3,-84.3,  2,  3, 0.00, 26, 1.6
2025-06-11 12:10:08,-102.0072,32.0021,  60.2,19646,-61.6,-88.3,-84.3,  2,  3, 0.00, 27, 1.6
2025-06-11 12:10:09,-102.0072,32.0021,  60.2,19651,-61.5,-88.3,-84.3,  2,  3, 0.00, 29, 1.6
2025-06-11 12:10:10,-102.0072,32.0020,  60.1,19656,-61.5,-88.2,-84.2,  2,  3, 0.00, 30, 1.6
2025-06-11 12:10:11,-102.0072,32.0020,  60.1,19661,-61.5,-88.2,-84.2,  2,  3, 0.00, 32, 1.6
2025-06-11 12:10:12,-102.0072,32.0020,  60.0,19665,-61.4,-88.2,-84.2,  2,  3, 0.00, 33, 1.6
2025-06-11 12:10:13,-102.0072,32.0020,  60.0,19670,-61.4,-88.1,-84.1,  2,  3, 0.00, 34, 1.6
2025-06-11 12:10:14,-102.0072,32.0020,  59.9,19675,-61.3,-88.1,-84.1,  2,  3, 0.00, 36, 1.6
2025-06-11 12:10:15,-102.0073,32.0020,  59.9,19680,-61.3,-88.0,-84.0,  2,  3, 0.00, 37, 1.6
2025-06-11 12:10:16,-102.0073,32.0020,  59.8,19684,-61.3,-88.0,-84.0,  2,  3, 0.00, 38, 1.7
2025-06-11 12:10:17,-102.0073,32.0019,  59.8,19689,-61.2,-88.0,-84.0,  2,  3, 0.00, 38, 1.8
2025-06-11 12:10:18,-102.0073,32.0019,  59.8,19694,-61.2,-88.0,-83.9,  2,  3, 0.00, 38, 1.9
2025-06-11 12:10:19,-102.0074,32.0019,  59.7,19699,-61.2,-87.9,-83.9,  2,  3, 0.00, 39, 2.0
2025-06-11 12:10:20,-102.0074,32.0018,  59.7,19704,-61.1,-87.9,-83.9,  2,  3, 0.00, 39, 2.1
2025-06-11 12:10:21,-102.0074,32.0018,  59.6,19709,-61.1,-87.9,-83.9,  2,  3, 0.00, 39, 2.2
2025-06-11 12:10:22,-102.0075,32.0018,  59.6,19714,-61.1,-87.8,-83.8,  2,  3, 0.00, 39, 2.3
2025-06-11 12:10:23,-102.0075,32.0018,  59.5,19718,-61.0,-87.8,-83.8,  2,  3, 0.00, 39, 2.4
2025-06-11 12:10:24,-102.0075,32.0017,  59.5,19723,-61.0,-87.8,-83.8,  2,  3, 0.00, 40, 2.5
2025-06-11 12:10:25,-102.0075,32.0017,  59.4,19728,-61.0,-87.7,-83.7,  2,  3, 0.00, 40, 2.6
2025-06-11 12:10:26,-102.0076,32.0017,  59.4,19733,-60.9,-87.7,-83.7,  2,  3, 0.00, 40, 2.7
2025-06-11 12:10:27,-102.0076,32.0017,  59.3,19738,-60.9,-87.7,-83.7,  2,  3, 0.00, 40, 2.8
2025-06-11 12:10:28,-102.0076,32.0016,  59.3,19743,-60.9,-87.7,-83.7,  2,  3, 0.00, 40, 2.9
2025-06-11 12:10:29,-102.0077,32.0016,  59.2,19747,-60.8,-87.6,-83.6,  2,  3, 0.00, 40, 3.0
2025-06-11 12:10:30,-102.0077,32.0016,  59.2,19752,-60.8,-87.6,-83.6,  2,  3, 0.00, 40, 3.1
2025-06-11 12:10:31,-102.0077,32.0016,  59.2,19757,-60.8,-87.6,-83.6,  2,  3, 0.00, 41, 3.2
2025-06-11 12:10:32,-102.0077,32.0015,  59.1,19762,-60.8,-87.6,-83.6,  2,  3, 0.00, 41, 3.3
2025-06-11 12:10:33,-102.0078,32.0015,  59.1,19766,-60.7,-87.6,-83.5,  2,  3, 0.00, 41, 3.4
2025-06-11 12:10:34,-102.0078,32.0015,  59.0,19771,-60.7,-87.5,-83.5,  2,  3, 0.00, 41, 3.5
2025-06-11 12:10:35,-102.0078,32.0015,  59.0,19776,-60.7,-87.5,-83.5,  2,  3, 0.00, 41, 3.6
2025-06-11 12:10:36,-102.0078,32.0014,  58.9,19780,-60.7,-87.5,-83.4,  2,  3, 0.00, 41, 3.7
2025-06-11 12:10:37,-102.0079,32.0014,  58.9,19785,-60.6,-87.4,-83.4,  2,  3, 0.00, 42, 3.7
2025-06-11 12:10:38,-102.0079,32.0014,  58.8,19790,-60.6,-87.4,-83.4,  2,  3, 0.00, 42, 3.7
2025-06-11 12:10:39,-102.0079,32.0014,  58.8,19796,-60.6,-87.4,-83.4,  2,  3, 0.00, 42, 3.8
2025-06-11 12:10:40,-102.0080,32.0013,  58.7,19801,-60.6,-87.4,-83.3,  2,  3, 0.00, 42, 3.8
2025-06-11 12:10:41,-102.0080,32.0013,  58.7,19806,-60.5,-87.3,-83.3,  2,  3, 0.00, 43, 3.9
2025-06-11 12:10:42,-102.0080,32.0013,  58.6,19811,-60.5,-87.3,-83.3,  2,  3, 0.00, 43, 3.9
2025-06-11 12:10:43,-102.0080,32.0013,  58.6,19816,-60.5,-87.3,-83.2,  2,  3, 0.00, 43, 3.9
2025-06-11 12:10:44,-102.0081,32.0012,  58.5,19821,-60.5,-87.3,-83.2,  2,  3, 0.00, 43, 4.0
2025-06-11 12:10:45,-102.0081,32.0012,  58.5,19826,-60.5,-87.2,-83.2,  2,  3, 0.00, 44, 4.0
2025-06-11 12:10:46,-102.0081,32.0012,  58.5,19831,-60.5,-87.2,-83.2,  2,  3, 0.00, 44, 4.1
2025-06-11 12:10:47,-102.0082,32.0011,  58.4,19836,-60.4,-87.2,-83.2,  2,  3, 0.00, 44, 4.1
2025-06-11 12:10:48,-102.0082,32.0011,  58.4,19841,-60.4,-87.2,-83.1,  2,  3, 0.00, 44, 4.1
2025-06-11 12:10:49,-102.0082,32.0011,  58.3,19846,-60.4,-87.2,-83.1,  2,  3, 0.00, 45, 4.2
2025-06-11 12:10:50,-102.0083,32.0011,  58.3,19851,-60.4,-87.2,-83.1,  2,  3, 0.00, 45, 4.2
2025-06-11 12:10:51,-102.0083,32.0010,  58.2,19856,-60.4,-87.1,-83.1,  2,  3, 0.00, 45, 4.3
2025-06-11 12:10:52,-102.0083,32.0010,  58.2,19861,-60.3,-87.1,-83.1,  2,  3, 0.00, 45, 4.3
2025-06-11 12:10:53,-102.0083,32.0010,  58.1,19866,-60.3,-87.1,-83.1,  2,  3, 0.00, 46, 4.4
2025-06-11 12:10:54,-102.0084,32.0010,  58.1,19871,-60.3,-87.1,-83.1,  2,  3, 0.00, 46, 4.4
2025-06-11 12:10:55,-102.0084,32.0009,  58.0,19877,-60.3,-87.1,-83.0,  2,  3, 0.00, 46, 4.4
2025-06-11 12:10:56,-102.0084,32.0009,  58.0,19882,-60.3,-87.1,-83.0,  2,  3, 0.00, 46, 4.4
2025-06-11 12:10:57,-102.0085,32.0009,  57.9,19887,-60.2,-87.0,-83.0,  2,  3, 0.00, 46, 4.4
2025-06-11 12:10:58,-102.0085,32.0008,  57.9,19893,-60.2,-87.0,-83.0,  2,  3, 0.00, 46, 4.4
2025-06-11 12:10:59,-102.0085,32.0008,  57.8,19898,-60.2,-87.0,-83.0,  2,  3, 0.00, 45, 4.4
2025-06-11 12:11:00,-102.0086,32.0008,  57.8,19903,-60.2,-87.0,-83.0,  2,  3, 0.00, 45, 4.3
2025-06-11 12:11:01,-102.0086,32.0008,  57.7,19908,-60.1,-87.0,-82.9,  2,  3, 0.00, 45, 4.3
2025-06-11 12:11:02,-102.0086,32.0007,  57.7,19913,-60.1,-86.9,-82.9,  2,  3, 0.00, 45, 4.3
2025-06-11 12:11:03,-102.0086,32.0007,  57.7,19917,-60.1,-86.9,-82.9,  2,  3, 0.00, 45, 4.3
2025-06-11 12:11:04,-102.0087,32.0007,  57.6,19922,-60.1,-86.9,-82.8,  2,  3, 0.00, 45, 4.3
2025-06-11 12:11:05,-102.0087,32.0006,  57.6,19927,-60.1,-86.9,-82.8,  2,  3, 0.00, 45, 4.3
2025-06-11 12:11:06,-102.0087,32.0006,  57.5,19932,-60.0,-86.8,-82.8,  2,  3, 0.00, 44, 4.2
2025-06-11 12:11:07,-102.0088,32.0006,  57.5,19936,-60.0,-86.8,-82.8,  2,  3, 0.00, 44, 4.2
2025-06-11 12:11:08,-102.0088,32.0006,  57.4,19941,-60.0,-86.8,-82.7,  2,  3, 0.00, 44, 4.2
2025-06-11 12:11:09,-102.0088,32.0005,  57.4,19946,-60.0,-86.8,-82.7,  2,  3, 0.00, 44, 4.2
2025-06-11 12:11:10,-102.0089,32.0005,  57.3,19951,-59.9,-86.7,-82.7,  2,  3, 0.00, 44, 4.2
2025-06-11 12:11:11,-102.0089,32.0005,  57.3,19955,-59.9,-86.7,-82.6,  2,  3, 0.00, 44, 4.1
2025-06-11 12:11:12,-102.0089,32.0005,  57.3,19960,-59.9,-86.7,-82.6,  2,  3, 0.00, 43, 4.1
2025-06-11 12:11:13,-102.0090,32.0004,  57.2,19965,-59.8,-86.6,-82.6,  2,  3, 0.00, 43, 4.1
2025-06-11 12:11:14,-102.0090,32.0004,  57.2,19970,-59.8,-86.6,-82.6,  2,  3, 0.00, 43, 4.1
2025-06-11 12:11:15,-102.0090,32.0004,  57.1,19975,-59.8,-86.6,-82.6,  2,  3, 0.00, 43, 4.1
2025-06-11 12:11:16,-102.0091,32.0003,  57.1,19980,-59.7,-86.6,-82.5,  2,  3, 0.00, 42, 4.1
2025-06-11 12:11:17,-102.0091,32.0003,  57.0,19985,-59.7,-86.6,-82.5,  2,  3, 0.00, 42, 4.2
2025-06-11 12:11:18,-102.0091,32.0003,  57.0,19989,-59.7,-86.6,-82.5,  2,  3, 0.00, 41, 4.2
2025-06-11 12:11:19,-102.0092,32.0002,  56.9,19994,-59.7,-86.6,-82.5,  2,  3, 0.00, 41, 4.3
2025-06-11 12:11:20,-102.0092,32.0002,  56.9,19999,-59.6,-86.6,-82.5,  2,  3, 0.00, 41, 4.3
2025-06-11 12:11:21,-102.0092,32.0002,  56.9,20003,-59.6,-86.5,-82.5,  2,  3, 0.00, 40, 4.4
2025-06-11 12:11:22,-102.0093,32.0001,  56.8,20008,-59.6,-86.5,-82.5,  2,  3, 0.00, 40, 4.4
2025-06-11 12:11:23,-102.0093,32.0001,  56.8,20013,-59.6,-86.5,-82.5,  2,  3, 0.00, 39, 4.5
2025-06-11 12:11:24,-102.0094,32.0000,  56.7,20017,-59.5,-86.5,-82.5,  2,  3, 0.00, 39, 4.5
2025-06-11 12:11:25,-102.0094,32.0000,  56.7,20022,-59.5,-86.5,-82.4,  2,  3, 0.00, 38, 4.6
2025-06-11 12:11:26,-102.0094,32.0000,  56.6,20028,-59.5,-86.5,-82.4,  2,  3, 0.00, 38, 4.7
2025-06-11 12:11:27,-102.0095,31.9999,  56.6,20031,-59.5,-86.5,-82.4,  2,  3, 0.00, 38, 4.7
2025-06-11 12:11:28,-102.0095,31.9999,  56.6,20036,-59.4,-86.5,-82.4,  2,  3, 0.00, 37, 4.8
2025-06-11 12:11:29,-102.0095,31.9999,  56.5,20041,-59.4,-86.4,-82.4,  2,  3, 0.00, 37, 4.8
2025-06-11 12:11:30,-102.0096,31.9998,  56.5,20046,-59.4,-86.4,-82.3,  2,  3, 0.00, 37, 4.9
2025-06-11 12:11:31,-102.0096,31.9998,  56.4,20051,-59.4,-86.4,-82.3,  2,  3, 0.00, 36, 4.9
2025-06-11 12:11:32,-102.0096,31.9998,  56.4,20055,-59.3,-86.3,-82.3,  2,  3, 0.00, 36, 5.0
2025-06-11 12:11:33,-102.0097,31.9997,  56.3,20060,-59.3,-86.3,-82.3,  2,  3, 0.00, 35, 5.0
2025-06-11 12:11:34,-102.0097,31.9997,  56.3,20065,-59.3,-86.3,-82.2,  2,  3, 0.00, 35, 5.1
2025-06-11 12:11:35,-102.0098,31.9997,  56.3,20070,-59.3,-86.3,-82.2,  2,  3, 0.00, 35, 5.1
2025-06-11 12:11:36,-102.0098,31.9996,  56.2,20075,-59.2,-86.2,-82.2,  2,  3, 0.00, 36, 5.2
2025-06-11 12:11:37,-102.0098,31.9996,  56.2,20080,-59.2,-86.2,-82.1,  2,  3, 0.00, 37, 5.2
2025-06-11 12:11:38,-102.0099,31.9996,  56.1,20084,-59.2,-86.2,-82.1,  2,  3, 0.00, 37, 5.2
2025-06-11 12:11:39,-102.0099,31.9995,  56.1,20089,-59.1,-86.1,-82.1,  2,  3, 0.00, 38, 5.2
2025-06-11 12:11:40,-102.0099,31.9995,  56.0,20094,-59.1,-86.1,-82.0,  2,  3, 0.00, 39, 5.3
2025-06-11 12:11:41,-102.0100,31.9995,  56.0,20099,-59.1,-86.1,-82.0,  2,  3, 0.00, 40, 5.3
2025-06-11 12:11:42,-102.0100,31.9994,  56.0,20104,-59.0,-86.0,-82.0,  2,  3, 0.00, 41, 5.3
2025-06-11 12:11:43,-102.0100,31.9994,  55.9,20109,-59.0,-86.0,-81.9,  2,  3, 0.00, 42, 5.4
2025-06-11 12:11:44,-102.0101,31.9993,  55.9,20113,-59.0,-86.0,-81.9,  2,  3, 0.00, 42, 5.4
2025-06-11 12:11:45,-102.0101,31.9993,  55.8,20118,-58.9,-85.9,-81.9,  2,  3, 0.00, 43, 5.4
2025-06-11 12:11:46,-102.0102,31.9993,  55.8,20122,-58.9,-85.9,-81.8,  2,  3, 0.00, 44, 5.5
2025-06-11 12:11:47,-102.0102,31.9992,  55.8,20127,-58.9,-85.9,-81.8,  2,  3, 0.00, 45, 5.5
2025-06-11 12:11:48,-102.0103,31.9992,  55.7,20131,-58.8,-85.8,-81.8,  2,  3, 0.00, 46, 5.6
2025-06-11 12:11:49,-102.0104,31.9992,  55.7,20135,-58.8,-85.8,-81.7,  2,  3, 0.00, 46, 5.6
2025-06-11 12:11:50,-102.0104,31.9992,  55.6,20140,-58.8,-85.8,-81.7,  2,  3, 0.00, 47, 5.6
2025-06-11 12:11:51,-102.0105,31.9991,  55.6,20144,-58.7,-85.7,-81.6,  2,  3, 0.00, 48, 5.7
2025-06-11 12:11:52,-102.0106,31.9991,  55.6,20149,-58.7,-85.7,-81.6,  2,  3, 0.00, 49, 5.7
2025-06-11 12:11:53,-102.0106,31.9991,  55.5,20154,-58.6,-85.6,-81.5,  2,  3, 0.00, 49, 5.8
2025-06-11 12:11:54,-102.0107,31.9990,  55.5,20158,-58.6,-85.6,-81.5,  2,  3, 0.00, 50, 5.8
2025-06-11 12:11:55,-102.0107,31.9990,  55.4,20163,-58.5,-85.6,-81.5,  2,  3, 0.00, 51, 5.8
2025-06-11 12:11:56,-102.0108,31.9990,  55.4,20168,-58.5,-85.6,-81.5,  2,  3, 0.00, 51, 5.9
2025-06-11 12:11:57,-102.0109,31.9990,  55.3,20173,-58.4,-85.5,-81.4,  2,  3, 0.00, 52, 6.0
2025-06-11 12:11:58,-102.0109,31.9989,  55.3,20177,-58.4,-85.5,-81.4,  2,  3, 0.00, 53, 6.0
2025-06-11 12:11:59,-102.0110,31.9989,  55.3,20182,-58.4,-85.5,-81.4,  2,  3, 0.00, 53, 6.1
2025-06-11 12:12:00,-102.0111,31.9989,  55.2,20187,-58.3,-85.5,-81.4,  2,  3, 0.00, 54, 6.1
2025-06-11 12:12:01,-102.0111,31.9988,  55.2,20192,-58.3,-85.4,-81.3,  2,  3, 0.00, 54, 6.2
2025-06-11 12:12:02,-102.0112,31.9988,  55.1,20197,-58.2,-85.4,-81.3,  2,  3, 0.00, 55, 6.2
2025-06-11 12:12:03,-102.0113,31.9988,  55.1,20201,-58.2,-85.4,-81.3,  2,  3, 0.00, 56, 6.3
2025-06-11 12:12:04,-102.0113,31.9987,  55.1,20206,-58.2,-85.4,-81.3,  2,  3, 0.00, 56, 6.4
2025-06-11 12:12:05,-102.0114,31.9987,  55.0,20211,-58.1,-85.4,-81.3,  2,  3, 0.00, 57, 6.4
2025-06-11 12:12:06,-102.0114,31.9987,  55.0,20216,-58.1,-85.3,-81.3,  2,  3, 0.00, 57, 6.5
2025-06-11 12:12:07,-102.0115,31.9987,  54.9,20220,-58.0,-85.3,-81.2,  2,  3, 0.01, 58, 6.6
2025-06-11 12:12:08,-102.0116,31.9986,  54.9,20225,-58.0,-85.3,-81.2,  2,  3, 0.01, 58, 6.6
2025-06-11 12:12:09,-102.0116,31.9986,  54.8,20229,-58.0,-85.3,-81.2,  2,  3, 0.01, 59, 6.7
2025-06-11 12:12:10,-102.0117,31.9986,  54.8,20234,-57.9,-85.2,-81.1,  2,  3, 0.01, 59, 6.7
2025-06-11 12:12:11,-102.0118,31.9985,  54.8,20239,-57.9,-85.2,-81.1,  2,  3, 0.01, 60, 6.8
2025-06-11 12:12:12,-102.0118,31.9985,  54.7,20243,-57.9,-85.2,-81.1,  2,  3, 0.01, 60, 6.9
2025-06-11 12:12:13,-102.0119,31.9985,  54.7,20248,-57.8,-85.2,-81.1,  2,  3, 0.01, 61, 6.9
2025-06-11 12:12:14,-102.0119,31.9985,  54.6,20253,-57.8,-85.1,-81.0,  2,  3, 0.01, 61, 7.0
2025-06-11 12:12:15,-102.0120,31.9984,  54.6,20257,-57.8,-85.1,-81.0,  2,  3, 0.01, 62, 7.1
2025-06-11 12:12:16,-102.0121,31.9984,  54.6,20262,-57.7,-85.1,-81.0,  2,  3, 0.01, 63, 7.1
2025-06-11 12:12:17,-102.0122,31.9984,  54.5,20267,-57.7,-85.1,-81.0,  2,  3, 0.01, 65, 7.2
2025-06-11 12:12:18,-102.0123,31.9984,  54.5,20271,-57.7,-85.1,-81.0,  2,  3, 0.01, 66, 7.3
2025-06-11 12:12:19,-102.0123,31.9984,  54.4,20276,-57.6,-85.0,-80.9,  2,  3, 0.01, 68, 7.4
2025-06-11 12:12:20,-102.0124,31.9984,  54.4,20281,-57.6,-85.0,-80.9,  2,  3, 0.01, 69, 7.4
2025-06-11 12:12:21,-102.0125,31.9984,  54.4,20286,-57.6,-85.0,-80.9,  2,  3, 0.01, 71, 7.5
2025-06-11 12:12:22,-102.0126,31.9984,  54.3,20291,-57.5,-85.0,-80.9,  2,  3, 0.01, 72, 7.6
2025-06-11 12:12:23,-102.0127,31.9984,  54.3,20295,-57.5,-84.9,-80.8,  2,  3, 0.01, 74, 7.7
2025-06-11 12:12:24,-102.0128,31.9984,  54.2,20300,-57.5,-84.9,-80.8,  2,  3, 0.01, 75, 7.8
2025-06-11 12:12:25,-102.0129,31.9984,  54.2,20305,-57.4,-84.9,-80.7,  2,  3, 0.01, 77, 7.8
2025-06-11 12:12:26,-102.0130,31.9985,  54.2,20309,-57.4,-84.8,-80.7,  2,  3, 0.01, 78, 7.9
2025-06-11 12:12:27,-102.0130,31.9985,  54.1,20314,-57.4,-84.8,-80.7,  2,  3, 0.01, 79, 8.0
2025-06-11 12:12:28,-102.0131,31.9985,  54.1,20319,-57.3,-84.8,-80.7,  2,  3, 0.01, 80, 8.1
2025-06-11 12:12:29,-102.0132,31.9985,  54.0,20323,-57.3,-84.7,-80.6,  2,  3, 0.01, 82, 8.1
2025-06-11 12:12:30,-102.0133,31.9985,  54.0,20328,-57.3,-84.7,-80.6,  2,  3, 0.01, 83, 8.2
2025-06-11 12:12:31,-102.0134,31.9985,  54.0,20332,-57.3,-84.7,-80.6,  2,  3, 0.01, 84, 8.3
2025-06-11 12:12:32,-102.0135,31.9985,  53.9,20336,-57.2,-84.7,-80.5,  2,  3, 0.01, 85, 8.4
2025-06-11 12:12:33,-102.0136,31.9985,  53.9,20341,-57.2,-84.6,-80.5,  2,  3, 0.01, 86, 8.4
2025-06-11 12:12:34,-102.0137,31.9985,  53.8,20345,-57.2,-84.6,-80.5,  2,  3, 0.01, 88, 8.5
2025-06-11 12:12:35,-102.0137,31.9985,  53.8,20350,-57.2,-84.6,-80.5,  2,  3, 0.01, 89, 8.6
2025-06-11 12:12:36,-102.0138,31.9985,  53.8,20354,-57.1,-84.5,-80.4,  2,  3, 0.01, 89, 8.5
2025-06-11 12:12:37,-102.0139,31.9985,  53.7,20359,-57.1,-84.5,-80.4,  2,  3, 0.01, 90, 8.5
2025-06-11 12:12:38,-102.0140,31.9985,  53.7,20363,-57.1,-84.5,-80.4,  2,  3, 0.01, 91, 8.5
2025-06-11 12:12:39,-102.0141,31.9985,  53.7,20368,-57.0,-84.5,-80.4,  2,  3, 0.01, 91, 8.4
2025-06-11 12:12:40,-102.0142,31.9985,  53.6,20373,-57.0,-84.4,-80.3,  2,  3, 0.01, 92, 8.4
2025-06-11 12:12:41,-102.0143,31.9985,  53.6,20377,-57.0,-84.4,-80.3,  2,  3, 0.01, 93, 8.3
2025-06-11 12:12:42,-102.0144,31.9985,  53.5,20382,-57.0,-84.4,-80.3,  2,  3, 0.01, 93, 8.3
2025-06-11 12:12:43,-102.0144,31.9985,  53.5,20387,-57.0,-84.4,-80.3,  2,  3, 0.01, 94, 8.3
2025-06-11 12:12:44,-102.0145,31.9985,  53.5,20391,-57.0,-84.4,-80.3,  2,  3, 0.01, 95, 8.2
2025-06-11 12:12:45,-102.0146,31.9985,  53.4,20396,-57.0,-84.4,-80.2,  2,  3, 0.01, 95, 8.2
2025-06-11 12:12:46,-102.0147,31.9985,  53.4,20400,-56.9,-84.3,-80.2,  2,  3, 0.01, 96, 8.2
2025-06-11 12:12:47,-102.0148,31.9986,  53.3,20405,-56.9,-84.3,-80.2,  2,  3, 0.01, 97, 8.1
2025-06-11 12:12:48,-102.0148,31.9986,  53.3,20409,-56.9,-84.3,-80.2,  2,  3, 0.01, 98, 8.1
2025-06-11 12:12:49,-102.0149,31.9986,  53.3,20413,-56.9,-84.3,-80.2,  2,  3, 0.01, 98, 8.1
2025-06-11 12:12:50,-102.0150,31.9986,  53.2,20418,-56.9,-84.3,-80.2,  2,  3, 0.01, 99, 8.0
2025-06-11 12:12:51,-102.0150,31.9986,  53.2,20422,-56.9,-84.3,-80.1,  2,  3, 0.01,100, 8.0
2025-06-11 12:12:52,-102.0151,31.9986,  53.2,20427,-56.9,-84.2,-80.1,  2,  3, 0.01,101, 8.0
2025-06-11 12:12:53,-102.0152,31.9986,  53.1,20432,-56.8,-84.2,-80.1,  2,  3, 0.01,101, 8.0
2025-06-11 12:12:54,-102.0153,31.9986,  53.1,20436,-56.8,-84.2,-80.1,  2,  3, 0.01,102, 7.9
2025-06-11 12:12:55,-102.0153,31.9986,  53.0,20441,-56.8,-84.2,-80.1,  2,  3, 0.01,103, 7.9
2025-06-11 12:12:56,-102.0154,31.9987,  53.0,20446,-56.8,-84.2,-80.0,  2,  3, 0.01,103, 7.8
2025-06-11 12:12:57,-102.0155,31.9987,  53.0,20451,-56.8,-84.2,-80.0,  2,  3, 0.01,103, 7.8
2025-06-11 12:12:58,-102.0155,31.9987,  52.9,20455,-56.8,-84.1,-80.0,  2,  3, 0.01,102, 7.7
2025-06-11 12:12:59,-102.0156,31.9987,  52.9,20460,-56.8,-84.1,-80.0,  2,  3, 0.01,102, 7.6
2025-06-11 12:13:00,-102.0157,31.9987,  52.8,20464,-56.8,-84.1,-80.0,  2,  3, 0.01,102, 7.5
2025-06-11 12:13:01,-102.0157,31.9987,  52.8,20469,-56.8,-84.1,-80.0,  2,  3, 0.01,102, 7.5
2025-06-11 12:13:02,-102.0158,31.9987,  52.8,20473,-56.8,-84.1,-80.0,  2,  3, 0.01,102, 7.4
2025-06-11 12:13:03,-102.0159,31.9987,  52.7,20478,-56.8,-84.1,-80.0,  2,  3, 0.01,102, 7.3
2025-06-11 12:13:04,-102.0159,31.9987,  52.7,20483,-56.8,-84.1,-80.0,  2,  3, 0.01,102, 7.2
2025-06-11 12:13:05,-102.0160,31.9988,  52.7,20487,-56.7,-84.1,-79.9,  2,  3, 0.01,102, 7.2
2025-06-11 12:13:06,-102.0161,31.9988,  52.6,20492,-56.7,-84.1,-79.9,  2,  3, 0.01,101, 7.1
2025-06-11 12:13:07,-102.0162,31.9988,  52.6,20496,-56.7,-84.1,-79.9,  2,  3, 0.01,101, 7.0
2025-06-11 12:13:08,-102.0162,31.9988,  52.5,20501,-56.7,-84.1,-79.9,  2,  3, 0.01,101, 6.9
2025-06-11 12:13:09,-102.0163,31.9988,  52.5,20505,-56.7,-84.1,-79.9,  2,  3, 0.01,101, 6.9
2025-06-11 12:13:10,-102.0164,31.9988,  52.5,20510,-56.7,-84.1,-79.9,  2,  3, 0.01,101, 6.8
2025-06-11 12:13:11,-102.0164,31.9988,  52.4,20515,-56.7,-84.1,-79.9,  2,  3, 0.01,101, 6.7
2025-06-11 12:13:12,-102.0165,31.9988,  52.4,20519,-56.7,-84.1,-79.9,  2,  3, 0.01,101, 6.6
2025-06-11 12:13:13,-102.0166,31.9989,  52.4,20524,-56.7,-84.1,-79.9,  2,  3, 0.01,100, 6.6
2025-06-11 12:13:14,-102.0166,31.9989,  52.3,20529,-56.7,-84.1,-79.9,  2,  3, 0.01,100, 6.5
2025-06-11 12:13:15,-102.0167,31.9989,  52.3,20533,-56.7,-84.1,-79.9,  2,  3, 0.01,100, 6.4
2025-06-11 12:13:16,-102.0168,31.9989,  52.2,20538,-56.7,-84.0,-79.9,  2,  3, 0.01,100, 6.4
2025-06-11 12:13:17,-102.0168,31.9989,  52.2,20542,-56.7,-84.0,-79.9,  2,  3, 0.01, 99, 6.3
2025-06-11 12:13:18,-102.0169,31.9989,  52.2,20547,-56.7,-84.0,-79.9,  2,  3, 0.01, 99, 6.3
2025-06-11 12:13:19,-102.0170,31.9989,  52.1,20552,-56.7,-84.0,-79.9,  2,  3, 0.01, 99, 6.2
2025-06-11 12:13:20,-102.0170,31.9989,  52.1,20556,-56.7,-84.0,-79.9,  2,  3, 0.01, 98, 6.1
2025-06-11 12:13:21,-102.0171,31.9989,  52.1,20560,-56.7,-84.0,-79.9,  2,  3, 0.01, 98, 6.1
2025-06-11 12:13:22,-102.0171,31.9989,  52.0,20565,-56.7,-84.0,-79.9,  2,  3, 0.01, 98, 6.0
2025-06-11 12:13:23,-102.0172,31.9989,  52.0,20570,-56.7,-84.0,-79.9,  2,  3, 0.01, 97, 6.0
2025-06-11 12:13:24,-102.0172,31.9989,  51.9,20574,-56.7,-84.0,-79.9,  2,  3, 0.01, 97, 5.9
2025-06-11 12:13:25,-102.0173,31.9989,  51.9,20579,-56.7,-84.0,-79.9,  2,  3, 0.01, 96, 5.8
2025-06-11 12:13:26,-102.0173,31.9989,  51.9,20583,-56.7,-84.0,-79.8,  2,  3, 0.01, 96, 5.8
2025-06-11 12:13:27,-102.0174,31.9989,  51.8,20588,-56.7,-84.0,-79.8,  2,  3, 0.01, 95, 5.7
2025-06-11 12:13:28,-102.0174,31.9989,  51.8,20592,-56.7,-84.0,-79.8,  2,  3, 0.01, 95, 5.7
2025-06-11 12:13:29,-102.0175,31.9989,  51.8,20597,-56.7,-83.9,-79.8,  2,  3, 0.01, 95, 5.6
2025-06-11 12:13:30,-102.0175,31.9989,  51.7,20601,-56.7,-83.9,-79.8,  2,  3, 0.01, 94, 5.6
2025-06-11 12:13:31,-102.0176,31.9989,  51.7,20605,-56.7,-83.9,-79.8,  2,  3, 0.01, 94, 5.5
2025-06-11 12:13:32,-102.0177,31.9989,  51.6,20610,-56.7,-83.9,-79.8,  2,  3, 0.01, 93, 5.5
2025-06-11 12:13:33,-102.0177,31.9989,  51.6,20614,-56.7,-83.9,-79.8,  2,  3, 0.01, 93, 5.4
2025-06-11 12:13:34,-102.0178,31.9989,  51.6,20619,-56.7,-83.9,-79.7,  2,  3, 0.01, 92, 5.4
2025-06-11 12:13:35,-102.0178,31.9989,  51.5,20623,-56.7,-83.9,-79.7,  2,  3, 0.01, 92, 5.3
2025-06-11 12:13:36,-102.0179,31.9989,  51.5,20627,-56.7,-83.9,-79.7,  2,  3, 0.01, 91, 5.3
2025-06-11 12:13:37,-102.0179,31.9988,  51.5,20632,-56.8,-83.8,-79.7,  2,  3, 0.01, 91, 5.2
2025-06-11 12:13:38,-102.0180,31.9988,  51.4,20636,-56.8,-83.8,-79.7,  2,  3, 0.01, 90, 5.2
2025-06-11 12:13:39,-102.0180,31.9988,  51.4,20640,-56.8,-83.8,-79.7,  2,  3, 0.01, 90, 5.2
2025-06-11 12:13:40,-102.0181,31.9988,  51.4,20644,-56.8,-83.8,-79.7,  2,  3, 0.01, 89, 5.2
2025-06-11 12:13:41,-102.0181,31.9988,  51.3,20648,-56.8,-83.8,-79.7,  2,  3, 0.01, 89, 5.1
2025-06-11 12:13:42,-102.0182,31.9988,  51.3,20653,-56.8,-83.8,-79.7,  2,  3, 0.01, 88, 5.1
2025-06-11 12:13:43,-102.0182,31.9988,  51.3,20657,-56.8,-83.8,-79.7,  2,  3, 0.01, 88, 5.1
2025-06-11 12:13:44,-102.0183,31.9988,  51.2,20662,-56.8,-83.8,-79.7,  2,  3, 0.01, 87, 5.1
2025-06-11 12:13:45,-102.0184,31.9988,  51.2,20666,-56.8,-83.8,-79.7,  2,  3, 0.01, 87, 5.0
2025-06-11 12:13:46,-102.0184,31.9988,  51.2,20670,-56.8,-83.8,-79.6,  2,  3, 0.01, 86, 5.0
2025-06-11 12:13:47,-102.0185,31.9988,  51.1,20675,-56.8,-83.8,-79.6,  2,  3, 0.01, 86, 5.0
2025-06-11 12:13:48,-102.0185,31.9988,  51.1,20679,-56.8,-83.8,-79.6,  2,  3, 0.01, 85, 5.0
2025-06-11 12:13:49,-102.0186,31.9988,  51.0,20684,-56.8,-83.8,-79.6,  2,  3, 0.01, 85, 5.0
2025-06-11 12:13:50,-102.0186,31.9988,  51.0,20688,-56.8,-83.8,-79.6,  2,  3, 0.01, 84, 4.9
2025-06-11 12:13:51,-102.0187,31.9988,  51.0,20692,-56.8,-83.8,-79.6,  2,  3, 0.01, 84, 4.9
2025-06-11 12:13:52,-102.0187,31.9988,  50.9,20697,-56.9,-83.8,-79.6,  2,  4, 0.01, 83, 4.9
2025-06-11 12:13:53,-102.0188,31.9988,  50.9,20701,-56.9,-83.8,-79.6,  2,  4, 0.01, 83, 4.9
2025-06-11 12:13:54,-102.0188,31.9988,  50.9,20706,-56.9,-83.8,-79.6,  2,  4, 0.01, 82, 4.9
2025-06-11 12:13:55,-102.0189,31.9988,  50.8,20711,-56.9,-83.8,-79.7,  2,  4, 0.01, 81, 4.8
2025-06-11 12:13:56,-102.0190,31.9988,  50.8,20715,-56.9,-83.8,-79.7,  2,  3, 0.01, 82, 4.8
2025-06-11 12:13:57,-102.0190,31.9989,  50.8,20720,-56.9,-83.8,-79.7,  2,  3, 0.01, 83, 4.9
2025-06-11 12:13:58,-102.0191,31.9989,  50.7,20724,-56.9,-83.9,-79.7,  2,  3, 0.01, 83, 4.9
2025-06-11 12:13:59,-102.0191,31.9989,  50.7,20729,-56.9,-83.9,-79.7,  2,  3, 0.01, 84, 4.9
2025-06-11 12:14:00,-102.0192,31.9989,  50.6,20734,-56.9,-83.9,-79.8,  2,  3, 0.01, 84, 4.9
2025-06-11 12:14:01,-102.0192,31.9989,  50.6,20740,-56.9,-83.9,-79.8,  2,  3, 0.01, 85, 4.9
2025-06-11 12:14:02,-102.0193,31.9989,  50.6,20745,-57.0,-83.9,-79.8,  2,  3, 0.01, 85, 4.9
2025-06-11 12:14:03,-102.0193,31.9989,  50.5,20750,-57.0,-84.0,-79.8,  2,  3, 0.01, 86, 4.9
2025-06-11 12:14:04,-102.0194,31.9989,  50.5,20755,-57.0,-84.0,-79.9,  2,  3, 0.01, 86, 5.0
2025-06-11 12:14:05,-102.0194,31.9989,  50.4,20760,-57.0,-84.0,-79.9,  2,  3, 0.01, 87, 5.0
2025-06-11 12:14:06,-102.0195,31.9989,  50.4,20765,-57.0,-84.0,-79.9,  2,  3, 0.01, 87, 5.0
2025-06-11 12:14:07,-102.0195,31.9989,  50.4,20770,-57.0,-84.1,-79.9,  2,  3, 0.01, 88, 5.0
2025-06-11 12:14:08,-102.0196,31.9989,  50.3,20776,-57.1,-84.1,-79.9,  2,  3, 0.01, 88, 5.0
2025-06-11 12:14:09,-102.0197,31.9989,  50.3,20781,-57.1,-84.1,-79.9,  2,  3, 0.01, 89, 5.0
2025-06-11 12:14:10,-102.0197,31.9989,  50.2,20786,-57.1,-84.1,-79.9,  2,  3, 0.01, 89, 5.1
2025-06-11 12:14:11,-102.0198,31.9989,  50.2,20791,-57.1,-84.1,-79.9,  2,  3, 0.01, 90, 5.1
2025-06-11 12:14:12,-102.0198,31.9989,  50.1,20797,-57.1,-84.1,-79.9,  2,  3, 0.01, 90, 5.1
2025-06-11 12:14:13,-102.0199,31.9989,  50.1,20802,-57.1,-84.1,-79.9,  2,  3, 0.01, 91, 5.1
2025-06-11 12:14:14,-102.0200,31.9989,  50.1,20807,-57.1,-84.1,-79.9,  2,  3, 0.01, 91, 5.1
2025-06-11 12:14:15,-102.0200,31.9989,  50.0,20815,-57.2,-84.1,-79.9,  2,  3, 0.01, 92, 5.2
2025-06-11 12:14:16,-102.0200,31.9989,  50.0,20818,-57.2,-84.1,-79.9,  2,  3, 0.01, 93, 5.2
2025-06-11 12:14:17,-102.0201,31.9989,  49.9,20823,-57.2,-84.1,-79.9,  2,  3, 0.01, 95, 5.2
2025-06-11 12:14:18,-102.0201,31.9989,  49.9,20828,-57.2,-84.1,-79.9,  2,  3, 0.01, 96, 5.3
2025-06-11 12:14:19,-102.0202,31.9990,  49.9,20833,-57.2,-84.1,-79.9,  2,  4, 0.01, 97, 5.4
2025-06-11 12:14:20,-102.0203,31.9990,  49.8,20838,-57.2,-84.1,-79.9,  2,  4, 0.01, 99, 5.5
2025-06-11 12:14:21,-102.0203,31.9990,  49.8,20843,-57.2,-84.1,-79.9,  2,  4, 0.01,100, 5.5
2025-06-11 12:14:22,-102.0204,31.9990,  49.7,20849,-57.3,-84.1,-79.9,  2,  4, 0.01,101, 5.6
2025-06-11 12:14:23,-102.0204,31.9991,  49.7,20854,-57.3,-84.1,-79.9,  2,  4, 0.01,102, 5.7
2025-06-11 12:14:24,-102.0205,31.9991,  49.6,20859,-57.3,-84.0,-79.9,  2,  4, 0.01,104, 5.8
2025-06-11 12:14:25,-102.0205,31.9991,  49.6,20865,-57.3,-84.0,-79.9,  2,  4, 0.01,105, 5.8
2025-06-11 12:14:26,-102.0206,31.9991,  49.6,20870,-57.3,-84.0,-79.9,  2,  4, 0.01,106, 5.9
2025-06-11 12:14:27,-102.0206,31.9991,  49.5,20875,-57.3,-84.0,-79.9,  2,  4, 0.01,107, 6.0
2025-06-11 12:14:28,-102.0207,31.9992,  49.5,20880,-57.3,-84.0,-79.9,  2,  4, 0.01,108, 6.0
2025-06-11 12:14:29,-102.0208,31.9992,  49.4,20886,-57.3,-84.0,-79.9,  2,  4, 0.01,109, 6.1
2025-06-11 12:14:30,-102.0208,31.9992,  49.4,20891,-57.3,-84.0,-79.9,  2,  4, 0.01,110, 6.2
2025-06-11 12:14:31,-102.0209,31.9992,  49.4,20896,-57.3,-84.0,-79.9,  2,  4, 0.01,111, 6.2
2025-06-11 12:14:32,-102.0209,31.9993,  49.3,20902,-57.3,-84.0,-79.8,  2,  4, 0.01,112, 6.2
2025-06-11 12:14:33,-102.0210,31.9993,  49.3,20907,-57.3,-84.0,-79.8,  2,  4, 0.01,113, 6.3
2025-06-11 12:14:34,-102.0210,31.9993,  49.2,20912,-57.3,-83.9,-79.8,  2,  4, 0.01,114, 6.4
2025-06-11 12:14:35,-102.0211,31.9993,  49.2,20917,-57.3,-83.9,-79.8,  2,  4, 0.01,115, 6.5
2025-06-11 12:14:36,-102.0211,31.9993,  49.2,20923,-57.3,-83.9,-79.8,  2,  4, 0.01,115, 6.4
2025-06-11 12:14:37,-102.0212,31.9994,  49.1,20928,-57.3,-83.9,-79.8,  2,  4, 0.01,116, 6.3
2025-06-11 12:14:38,-102.0213,31.9994,  49.1,20933,-57.3,-83.9,-79.8,  2,  4, 0.01,116, 6.2
2025-06-11 12:14:39,-102.0213,31.9994,  49.0,20938,-57.3,-83.9,-79.8,  2,  4, 0.01,116, 6.2
2025-06-11 12:14:40,-102.0214,31.9994,  49.0,20944,-57.3,-84.0,-79.8,  2,  4, 0.01,116, 6.1
2025-06-11 12:14:41,-102.0214,31.9995,  48.9,20951,-57.3,-84.0,-79.8,  2,  4, 0.01,116, 6.0
2025-06-11 12:14:42,-102.0215,31.9995,  48.9,20954,-57.3,-84.0,-79.8,  2,  4, 0.01,116, 5.9
2025-06-11 12:14:43,-102.0215,31.9995,  48.9,20959,-57.3,-83.9,-79.8,  2,  4, 0.01,116, 5.8
2025-06-11 12:14:44,-102.0216,31.9995,  48.8,20964,-57.3,-83.9,-79.8,  2,  4, 0.01,116, 5.8
2025-06-11 12:14:45,-102.0216,31.9996,  48.8,20970,-57.3,-83.9,-79.8,  2,  4, 0.01,116, 5.7
2025-06-11 12:14:46,-102.0217,31.9996,  48.7,20975,-57.3,-83.9,-79.8,  2,  4, 0.01,116, 5.6
2025-06-11 12:14:47,-102.0218,31.9996,  48.7,20980,-57.3,-83.9,-79.8,  2,  4, 0.01,117, 5.5
2025-06-11 12:14:48,-102.0218,31.9996,  48.7,20986,-57.3,-83.9,-79.8,  2,  4, 0.01,117, 5.4
2025-06-11 12:14:49,-102.0219,31.9996,  48.6,20991,-57.3,-83.9,-79.8,  2,  4, 0.01,117, 5.4
2025-06-11 12:14:50,-102.0219,31.9997,  48.6,20997,-57.3,-83.9,-79.8,  2,  4, 0.01,117, 5.3
2025-06-11 12:14:51,-102.0219,31.9997,  48.5,21002,-57.3,-83.9,-79.8,  2,  4, 0.01,117, 5.2
2025-06-11 12:14:52,-102.0220,31.9997,  48.5,21008,-57.3,-83.9,-79.8,  2,  4, 0.01,117, 5.1
2025-06-11 12:14:53,-102.0220,31.9997,  48.5,21013,-57.3,-83.9,-79.8,  2,  4, 0.01,117, 5.0
2025-06-11 12:14:54,-102.0221,31.9998,  48.4,21019,-57.3,-83.9,-79.8,  2,  4, 0.01,117, 5.0
2025-06-11 12:14:55,-102.0221,31.9998,  48.4,21025,-57.2,-84.0,-79.8,  2,  4, 0.01,118, 4.9
2025-06-11 12:14:56,-102.0222,31.9998,  48.3,21030,-57.3,-84.0,-79.8,  2,  4, 0.01,118, 4.9
2025-06-11 12:14:57,-102.0222,31.9998,  48.3,21036,-57.3,-84.0,-79.8,  2,  4, 0.01,118, 4.9
2025-06-11 12:14:58,-102.0223,31.9998,  48.2,21041,-57.3,-84.0,-79.8,  2,  4, 0.01,118, 5.0
2025-06-11 12:14:59,-102.0223,31.9999,  48.2,21047,-57.3,-84.0,-79.9,  2,  4, 0.01,118, 5.0
2025-06-11 12:15:00,-102.0224,31.9999,  48.2,21052,-57.3,-84.0,-79.9,  2,  4, 0.01,118, 5.0
2025-06-11 12:15:01,-102.0224,31.9999,  48.1,21057,-57.3,-84.0,-79.9,  2,  4, 0.01,118, 5.0
2025-06-11 12:15:02,-102.0225,31.9999,  48.1,21063,-57.3,-84.0,-79.9,  2,  4, 0.01,118, 5.0
2025-06-11 12:15:03,-102.0225,32.0000,  48.0,21068,-57.3,-84.0,-79.9,  2,  4, 0.01,118, 5.1
2025-06-11 12:15:04,-102.0226,32.0000,  48.0,21074,-57.3,-84.0,-79.8,  2,  4, 0.01,118, 5.1
2025-06-11 12:15:05,-102.0226,32.0000,  47.9,21079,-57.3,-84.0,-79.8,  2,  4, 0.01,118, 5.1
2025-06-11 12:15:06,-102.0227,32.0000,  47.9,21085,-57.3,-83.9,-79.8,  2,  4, 0.01,119, 5.1
2025-06-11 12:15:07,-102.0227,32.0000,  47.9,21090,-57.3,-83.9,-79.8,  2,  4, 0.01,119, 5.2
2025-06-11 12:15:08,-102.0228,32.0001,  47.8,21096,-57.3,-83.9,-79.8,  2,  4, 0.01,119, 5.2
2025-06-11 12:15:09,-102.0228,32.0001,  47.8,21101,-57.3,-83.9,-79.8,  2,  4, 0.01,119, 5.2
2025-06-11 12:15:10,-102.0229,32.0001,  47.7,21107,-57.3,-83.9,-79.8,  2,  4, 0.01,119, 5.2
2025-06-11 12:15:11,-102.0229,32.0001,  47.7,21112,-57.3,-83.9,-79.7,  2,  4, 0.01,119, 5.3
2025-06-11 12:15:12,-102.0230,32.0002,  47.7,21118,-57.3,-83.9,-79.7,  2,  4, 0.01,119, 5.3
2025-06-11 12:15:13,-102.0230,32.0002,  47.6,21123,-57.3,-83.8,-79.7,  2,  4, 0.01,119, 5.3
2025-06-11 12:15:14,-102.0231,32.0002,  47.6,21129,-57.3,-83.8,-79.7,  2,  4, 0.01,119, 5.3
2025-06-11 12:15:15,-102.0231,32.0002,  47.5,21134,-57.3,-83.8,-79.7,  2,  4, 0.01,119, 5.4
2025-06-11 12:15:16,-102.0232,32.0003,  47.5,21140,-57.3,-83.8,-79.7,  2,  4, 0.01,120, 5.4
2025-06-11 12:15:17,-102.0232,32.0003,  47.5,21145,-57.3,-83.8,-79.7,  2,  4, 0.01,120, 5.4
2025-06-11 12:15:18,-102.0233,32.0003,  47.4,21150,-57.3,-83.8,-79.6,  2,  4, 0.01,120, 5.5
2025-06-11 12:15:19,-102.0233,32.0003,  47.4,21156,-57.3,-83.8,-79.6,  2,  4, 0.01,120, 5.5
2025-06-11 12:15:20,-102.0234,32.0004,  47.3,21161,-57.3,-83.8,-79.6,  2,  4, 0.01,120, 5.5
2025-06-11 12:15:21,-102.0234,32.0004,  47.3,21167,-57.3,-83.7,-79.6,  2,  4, 0.01,121, 5.6
2025-06-11 12:15:22,-102.0235,32.0004,  47.2,21173,-57.3,-83.7,-79.6,  2,  4, 0.01,121, 5.6
2025-06-11 12:15:23,-102.0235,32.0005,  47.2,21179,-57.3,-83.7,-79.6,  2,  4, 0.01,121, 5.6
2025-06-11 12:15:24,-102.0236,32.0005,  47.2,21185,-57.3,-83.7,-79.6,  2,  4, 0.01,121, 5.7
2025-06-11 12:15:25,-102.0236,32.0005,  47.1,21191,-57.3,-83.7,-79.6,  2,  4, 0.01,122, 5.7
2025-06-11 12:15:26,-102.0236,32.0006,  47.1,21197,-57.3,-83.7,-79.6,  2,  4, 0.01,122, 5.7
2025-06-11 12:15:27,-102.0237,32.0006,  47.0,21203,-57.3,-83.7,-79.6,  2,  4, 0.01,122, 5.8
2025-06-11 12:15:28,-102.0237,32.0006,  47.0,21209,-57.3,-83.7,-79.5,  2,  4, 0.01,122, 5.8
2025-06-11 12:15:29,-102.0238,32.0007,  46.9,21214,-57.3,-83.7,-79.5,  2,  4, 0.01,122, 5.8
2025-06-11 12:15:30,-102.0238,32.0007,  46.9,21220,-57.3,-83.7,-79.5,  2,  4, 0.01,123, 5.9
2025-06-11 12:15:31,-102.0239,32.0007,  46.8,21226,-57.4,-83.7,-79.6,  2,  4, 0.01,123, 5.9
2025-06-11 12:15:32,-102.0239,32.0008,  46.8,21232,-57.4,-83.7,-79.6,  2,  4, 0.01,123, 5.9
2025-06-11 12:15:33,-102.0240,32.0008,  46.8,21238,-57.4,-83.7,-79.6,  2,  4, 0.01,123, 6.0
2025-06-11 12:15:34,-102.0240,32.0008,  46.7,21243,-57.4,-83.7,-79.6,  2,  4, 0.01,123, 6.0
2025-06-11 12:15:35,-102.0241,32.0009,  46.7,21249,-57.4,-83.7,-79.6,  2,  4, 0.01,124, 6.0
2025-06-11 12:15:36,-102.0241,32.0009,  46.6,21255,-57.4,-83.7,-79.6,  2,  4, 0.01,124, 6.0
2025-06-11 12:15:37,-102.0242,32.0009,  46.6,21260,-57.4,-83.7,-79.6,  2,  4, 0.01,124, 6.0
2025-06-11 12:15:38,-102.0242,32.0010,  46.6,21266,-57.5,-83.8,-79.6,  2,  4, 0.01,125, 6.0
2025-06-11 12:15:39,-102.0243,32.0010,  46.5,21271,-57.5,-83.8,-79.6,  2,  4, 0.01,125, 6.0
2025-06-11 12:15:40,-102.0243,32.0010,  46.5,21277,-57.5,-83.8,-79.7,  2,  4, 0.01,126, 6.0
2025-06-11 12:15:41,-102.0244,32.0011,  46.4,21283,-57.6,-83.8,-79.7,  2,  4, 0.01,126, 5.9
2025-06-11 12:15:42,-102.0244,32.0011,  46.4,21288,-57.6,-83.8,-79.7,  2,  4, 0.01,127, 5.9
2025-06-11 12:15:43,-102.0245,32.0011,  46.4,21294,-57.6,-83.9,-79.7,  2,  4, 0.01,127, 5.9
2025-06-11 12:15:44,-102.0245,32.0012,  46.3,21299,-57.6,-83.9,-79.7,  2,  4, 0.01,128, 5.9
2025-06-11 12:15:45,-102.0246,32.0012,  46.3,21305,-57.7,-83.9,-79.8,  2,  4, 0.01,128, 5.9
2025-06-11 12:15:46,-102.0246,32.0012,  46.2,21310,-57.7,-83.9,-79.8,  2,  4, 0.01,129, 5.8
2025-06-11 12:15:47,-102.0247,32.0013,  46.2,21315,-57.7,-83.9,-79.8,  2,  4, 0.01,129, 5.8
2025-06-11 12:15:48,-102.0247,32.0013,  46.1,21321,-57.8,-83.9,-79.8,  2,  4, 0.01,130, 5.8
2025-06-11 12:15:49,-102.0248,32.0013,  46.1,21326,-57.8,-83.9,-79.8,  2,  4, 0.01,130, 5.8
2025-06-11 12:15:50,-102.0248,32.0014,  46.1,21332,-57.8,-84.0,-79.8,  2,  4, 0.01,131, 5.8
2025-06-11 12:15:51,-102.0249,32.0014,  46.0,21338,-57.8,-84.0,-79.9,  2,  4, 0.01,131, 5.8
2025-06-11 12:15:52,-102.0249,32.0014,  46.0,21343,-57.9,-84.0,-79.9,  2,  4, 0.01,132, 5.8
2025-06-11 12:15:53,-102.0250,32.0014,  45.9,21349,-57.9,-84.0,-79.9,  2,  4, 0.01,132, 5.7
2025-06-11 12:15:54,-102.0250,32.0015,  45.9,21354,-57.9,-84.0,-79.9,  2,  4, 0.01,133, 5.7
2025-06-11 12:15:55,-102.0251,32.0015,  45.9,21360,-58.0,-84.0,-79.9,  2,  4, 0.01,133, 5.7
2025-06-11 12:15:56,-102.0251,32.0015,  45.8,21366,-58.0,-84.1,-79.9,  2,  4, 0.01,133, 5.7
2025-06-11 12:15:57,-102.0252,32.0015,  45.8,21371,-58.0,-84.1,-80.0,  2,  4, 0.01,132, 5.7
2025-06-11 12:15:58,-102.0252,32.0016,  45.7,21377,-58.1,-84.1,-80.0,  2,  4, 0.01,131, 5.7
2025-06-11 12:15:59,-102.0253,32.0016,  45.7,21382,-58.1,-84.1,-80.0,  2,  4, 0.01,131, 5.7
2025-06-11 12:16:00,-102.0253,32.0016,  45.7,21388,-58.1,-84.2,-80.0,  2,  4, 0.01,130, 5.6
2025-06-11 12:16:01,-102.0254,32.0016,  45.6,21394,-58.1,-84.2,-80.1,  2,  4, 0.01,129, 5.6
2025-06-11 12:16:02,-102.0254,32.0017,  45.6,21400,-58.2,-84.2,-80.1,  2,  4, 0.01,129, 5.6
2025-06-11 12:16:03,-102.0255,32.0017,  45.5,21405,-58.2,-84.2,-80.1,  2,  4, 0.01,128, 5.6
2025-06-11 12:16:04,-102.0255,32.0017,  45.5,21411,-58.2,-84.2,-80.1,  2,  4, 0.01,128, 5.6
2025-06-11 12:16:05,-102.0256,32.0017,  45.5,21417,-58.2,-84.3,-80.1,  2,  4, 0.01,127, 5.6
2025-06-11 12:16:06,-102.0256,32.0018,  45.4,21423,-58.2,-84.3,-80.2,  2,  4, 0.01,126, 5.6
2025-06-11 12:16:07,-102.0257,32.0018,  45.4,21428,-58.3,-84.3,-80.2,  2,  4, 0.01,126, 5.6
2025-06-11 12:16:08,-102.0257,32.0018,  45.3,21433,-58.3,-84.3,-80.2,  2,  4, 0.01,125, 5.6
2025-06-11 12:16:09,-102.0258,32.0019,  45.3,21439,-58.3,-84.3,-80.2,  2,  4, 0.01,124, 5.6
2025-06-11 12:16:10,-102.0258,32.0019,  45.3,21444,-58.3,-84.3,-80.2,  2,  4, 0.01,124, 5.6
2025-06-11 12:16:11,-102.0259,32.0019,  45.2,21450,-58.3,-84.4,-80.2,  2,  4, 0.01,123, 5.6
2025-06-11 12:16:12,-102.0259,32.0019,  45.2,21455,-58.4,-84.4,-80.3,  2,  4, 0.01,123, 5.6
2025-06-11 12:16:13,-102.0260,32.0020,  45.1,21461,-58.4,-84.4,-80.3,  2,  4, 0.01,122, 5.6
2025-06-11 12:16:14,-102.0260,32.0020,  45.1,21467,-58.4,-84.4,-80.3,  2,  4, 0.01,121, 5.6
2025-06-11 12:16:15,-102.0261,32.0020,  45.1,21472,-58.4,-84.4,-80.3,  2,  4, 0.01,121, 5.6
2025-06-11 12:16:16,-102.0261,32.0020,  45.0,21478,-58.4,-84.5,-80.3,  2,  4, 0.01,120, 5.6
2025-06-11 12:16:17,-102.0262,32.0021,  45.0,21483,-58.4,-84.5,-80.3,  2,  4, 0.01,119, 5.6
2025-06-11 12:16:18,-102.0262,32.0021,  44.9,21489,-58.4,-84.5,-80.3,  2,  4, 0.01,119, 5.6
2025-06-11 12:16:19,-102.0263,32.0021,  44.9,21495,-58.4,-84.5,-80.4,  2,  4, 0.01,118, 5.6
2025-06-11 12:16:20,-102.0263,32.0021,  44.8,21501,-58.4,-84.5,-80.4,  2,  4, 0.01,117, 5.6
2025-06-11 12:16:21,-102.0264,32.0021,  44.8,21507,-58.4,-84.5,-80.4,  2,  4, 0.01,117, 5.6
2025-06-11 12:16:22,-102.0265,32.0021,  44.8,21513,-58.4,-84.5,-80.4,  2,  4, 0.01,116, 5.6
2025-06-11 12:16:23,-102.0265,32.0021,  44.7,21519,-58.4,-84.5,-80.4,  2,  4, 0.01,115, 5.6
2025-06-11 12:16:24,-102.0266,32.0021,  44.7,21524,-58.5,-84.5,-80.4,  2,  4, 0.01,115, 5.6
2025-06-11 12:16:25,-102.0266,32.0021,  44.6,21530,-58.5,-84.5,-80.4,  2,  4, 0.01,114, 5.6
2025-06-11 12:16:26,-102.0267,32.0021,  44.6,21535,-58.5,-84.5,-80.4,  2,  4, 0.01,113, 5.6
2025-06-11 12:16:27,-102.0267,32.0021,  44.6,21540,-58.5,-84.5,-80.4,  2,  4, 0.01,113, 5.7
2025-06-11 12:16:28,-102.0268,32.0021,  44.5,21546,-58.5,-84.6,-80.4,  2,  4, 0.01,112, 5.7
2025-06-11 12:16:29,-102.0269,32.0021,  44.5,21551,-58.5,-84.6,-80.4,  2,  4, 0.01,111, 5.7
2025-06-11 12:16:30,-102.0269,32.0021,  44.4,21558,-58.5,-84.6,-80.4,  2,  4, 0.01,111, 5.7
2025-06-11 12:16:31,-102.0270,32.0021,  44.4,21564,-58.5,-84.6,-80.4,  2,  4, 0.01,110, 5.7
2025-06-11 12:16:32,-102.0270,32.0021,  44.4,21570,-58.5,-84.6,-80.4,  2,  4, 0.01,110, 5.7
2025-06-11 12:16:33,-102.0271,32.0021,  44.3,21575,-58.4,-84.6,-80.4,  2,  4, 0.01,109, 5.7
2025-06-11 12:16:34,-102.0272,32.0021,  44.3,21581,-58.4,-84.6,-80.4,  2,  4, 0.01,108, 5.8
2025-06-11 12:16:35,-102.0272,32.0021,  44.2,21587,-58.4,-84.6,-80.4,  2,  4, 0.01,108, 5.8
2025-06-11 12:16:36,-102.0273,32.0021,  44.2,21593,-58.4,-84.6,-80.4,  2,  4, 0.01,106, 5.7
2025-06-11 12:16:37,-102.0273,32.0021,  44.2,21598,-58.4,-84.5,-80.4,  2,  4, 0.01,105, 5.8
2025-06-11 12:16:38,-102.0274,32.0021,  44.1,21604,-58.4,-84.5,-80.4,  2,  4, 0.01,103, 5.8
2025-06-11 12:16:39,-102.0275,32.0021,  44.1,21610,-58.4,-84.5,-80.4,  2,  4, 0.01,102, 5.8
2025-06-11 12:16:40,-102.0275,32.0021,  44.0,21616,-58.4,-84.5,-80.4,  2,  4, 0.01,100, 5.8
2025-06-11 12:16:41,-102.0276,32.0021,  44.0,21621,-58.4,-84.5,-80.4,  2,  4, 0.01, 98, 5.8
2025-06-11 12:16:42,-102.0276,32.0021,  44.0,21627,-58.4,-84.5,-80.4,  2,  4, 0.01, 97, 5.8
2025-06-11 12:16:43,-102.0277,32.0022,  43.9,21633,-58.4,-84.5,-80.4,  2,  4, 0.01, 95, 5.8
2025-06-11 12:16:44,-102.0277,32.0022,  43.9,21639,-58.4,-84.5,-80.3,  2,  4, 0.01, 94, 5.8
2025-06-11 12:16:45,-102.0278,32.0022,  43.8,21645,-58.3,-84.4,-80.3,  2,  4, 0.01, 92, 5.8
2025-06-11 12:16:46,-102.0279,32.0022,  43.8,21651,-58.3,-84.4,-80.3,  2,  4, 0.01, 91, 5.8
2025-06-11 12:16:47,-102.0279,32.0022,  43.8,21657,-58.3,-84.4,-80.3,  2,  4, 0.01, 89, 5.8
2025-06-11 12:16:48,-102.0280,32.0022,  43.7,21663,-58.3,-84.4,-80.3,  2,  4, 0.01, 87, 5.8
2025-06-11 12:16:49,-102.0281,32.0022,  43.7,21669,-58.3,-84.4,-80.3,  2,  4, 0.01, 86, 5.8
2025-06-11 12:16:50,-102.0281,32.0021,  43.6,21675,-58.3,-84.4,-80.2,  2,  4, 0.01, 84, 5.8
2025-06-11 12:16:51,-102.0282,32.0021,  43.6,21680,-58.3,-84.3,-80.2,  2,  4, 0.01, 83, 5.8
2025-06-11 12:16:52,-102.0283,32.0021,  43.6,21686,-58.2,-84.3,-80.2,  2,  4, 0.01, 81, 5.8
2025-06-11 12:16:53,-102.0284,32.0021,  43.5,21691,-58.2,-84.3,-80.2,  2,  4, 0.01, 80, 5.8
2025-06-11 12:16:54,-102.0285,32.0021,  43.5,21696,-58.2,-84.3,-80.2,  2,  4, 0.01, 78, 5.8
2025-06-11 12:16:55,-102.0286,32.0021,  43.4,21702,-58.2,-84.2,-80.1,  2,  4, 0.01, 77, 5.8
2025-06-11 12:16:56,-102.0286,32.0021,  43.4,21708,-58.2,-84.2,-80.1,  2,  4, 0.01, 77, 5.9
2025-06-11 12:16:57,-102.0287,32.0021,  43.4,21713,-58.2,-84.2,-80.1,  2,  4, 0.01, 77, 6.1
2025-06-11 12:16:58,-102.0288,32.0021,  43.3,21719,-58.1,-84.2,-80.1,  2,  4, 0.01, 77, 6.2
2025-06-11 12:16:59,-102.0289,32.0020,  43.3,21725,-58.1,-84.2,-80.0,  2,  4, 0.01, 77, 6.3
2025-06-11 12:17:00,-102.0290,32.0020,  43.2,21730,-58.1,-84.1,-80.0,  2,  4, 0.01, 77, 6.4
2025-06-11 12:17:01,-102.0291,32.0020,  43.2,21736,-58.1,-84.1,-80.0,  2,  4, 0.01, 77, 6.5
2025-06-11 12:17:02,-102.0292,32.0020,  43.2,21742,-58.1,-84.1,-80.0,  2,  4, 0.01, 77, 6.7
2025-06-11 12:17:03,-102.0292,32.0020,  43.1,21748,-58.1,-84.1,-80.0,  2,  4, 0.01, 77, 6.8
2025-06-11 12:17:04,-102.0293,32.0020,  43.1,21753,-58.1,-84.1,-79.9,  2,  4, 0.01, 77, 6.9
2025-06-11 12:17:05,-102.0294,32.0020,  43.0,21759,-58.0,-84.1,-79.9,  2,  4, 0.01, 77, 7.0
2025-06-11 12:17:06,-102.0295,32.0020,  43.0,21765,-58.0,-84.1,-79.9,  2,  4, 0.01, 77, 7.2
2025-06-11 12:17:07,-102.0296,32.0019,  43.0,21771,-58.0,-84.1,-79.9,  2,  4, 0.01, 77, 7.3
2025-06-11 12:17:08,-102.0297,32.0019,  42.9,21776,-58.0,-84.1,-79.9,  2,  4, 0.01, 77, 7.4
2025-06-11 12:17:09,-102.0297,32.0019,  42.9,21782,-58.0,-84.0,-79.9,  2,  4, 0.01, 78, 7.5
2025-06-11 12:17:10,-102.0298,32.0019,  42.9,21787,-58.0,-84.0,-79.9,  2,  4, 0.01, 78, 7.7
2025-06-11 12:17:11,-102.0299,32.0019,  42.8,21793,-57.9,-84.0,-79.9,  2,  4, 0.01, 78, 7.8
2025-06-11 12:17:12,-102.0300,32.0019,  42.8,21799,-57.9,-84.0,-79.9,  2,  4, 0.01, 78, 7.9
2025-06-11 12:17:13,-102.0301,32.0019,  42.7,21804,-57.9,-84.0,-79.9,  2,  4, 0.01, 78, 8.0
2025-06-11 12:17:14,-102.0302,32.0019,  42.7,21810,-57.9,-84.0,-79.9,  2,  4, 0.01, 78, 8.1
2025-06-11 12:17:15,-102.0302,32.0018,  42.7,21816,-57.9,-84.0,-79.9,  2,  4, 0.01, 78, 8.3
2025-06-11 12:17:16,-102.0303,32.0018,  42.6,21821,-57.9,-84.0,-79.9,  2,  4, 0.01, 79, 8.4
2025-06-11 12:17:17,-102.0304,32.0018,  42.6,21827,-57.8,-84.0,-79.8,  2,  4, 0.01, 80, 8.4
2025-06-11 12:17:18,-102.0305,32.0018,  42.5,21833,-57.8,-83.9,-79.8,  2,  4, 0.01, 82, 8.6
2025-06-11 12:17:19,-102.0306,32.0018,  42.5,21838,-57.8,-83.9,-79.8,  2,  4, 0.01, 83, 8.8
2025-06-11 12:17:20,-102.0307,32.0019,  42.5,21844,-57.8,-83.9,-79.8,  2,  4, 0.01, 84, 8.9
2025-06-11 12:17:21,-102.0308,32.0019,  42.4,21849,-57.8,-83.9,-79.8,  2,  4, 0.01, 86, 9.0
2025-06-11 12:17:22,-102.0310,32.0019,  42.4,21854,-57.8,-83.9,-79.7,  2,  4, 0.01, 87, 9.1
2025-06-11 12:17:23,-102.0311,32.0019,  42.4,21860,-57.7,-83.9,-79.7,  2,  4, 0.01, 88, 9.3
2025-06-11 12:17:24,-102.0312,32.0020,  42.3,21865,-57.7,-83.8,-79.7,  2,  4, 0.01, 89, 9.4
2025-06-11 12:17:25,-102.0313,32.0020,  42.3,21870,-57.7,-83.8,-79.7,  2,  4, 0.01, 90, 9.5
2025-06-11 12:17:26,-102.0314,32.0020,  42.3,21876,-57.7,-83.8,-79.7,  2,  4, 0.01, 91, 9.6
2025-06-11 12:17:27,-102.0315,32.0020,  42.2,21881,-57.7,-83.8,-79.7,  2,  4, 0.01, 92, 9.8
2025-06-11 12:17:28,-102.0316,32.0021,  42.2,21886,-57.7,-83.8,-79.7,  2,  4, 0.01, 93, 9.9
2025-06-11 12:17:29,-102.0317,32.0021,  42.1,21891,-57.7,-83.8,-79.6,  2,  4, 0.01, 94,10.0
2025-06-11 12:17:30,-102.0318,32.0021,  42.1,21897,-57.7,-83.8,-79.6,  2,  4, 0.01, 95,10.1
2025-06-11 12:17:31,-102.0320,32.0021,  42.1,21902,-57.7,-83.8,-79.6,  2,  4, 0.01, 96,10.2
2025-06-11 12:17:32,-102.0321,32.0022,  42.0,21908,-57.7,-83.8,-79.6,  2,  4, 0.01, 97,10.3
2025-06-11 12:17:33,-102.0322,32.0022,  42.0,21913,-57.7,-83.7,-79.6,  2,  4, 0.01, 98,10.4
2025-06-11 12:17:34,-102.0323,32.0022,  42.0,21919,-57.7,-83.7,-79.6,  2,  4, 0.01, 99,10.6
2025-06-11 12:17:35,-102.0324,32.0022,  41.9,21925,-57.7,-83.7,-79.6,  2,  4, 0.01,100,10.7
2025-06-11 12:17:36,-102.0325,32.0023,  41.9,21931,-57.7,-83.7,-79.6,  2,  4, 0.01,100,10.8
2025-06-11 12:17:37,-102.0326,32.0023,  41.9,21935,-57.7,-83.7,-79.6,  2,  4, 0.01,101,10.8
2025-06-11 12:17:38,-102.0327,32.0023,  41.8,21941,-57.7,-83.7,-79.6,  2,  4, 0.01,101,10.8
2025-06-11 12:17:39,-102.0329,32.0023,  41.8,21946,-57.7,-83.7,-79.6,  2,  4, 0.01,102,10.8
2025-06-11 12:17:40,-102.0330,32.0024,  41.8,21952,-57.7,-83.7,-79.6,  2,  4, 0.01,103,10.9
2025-06-11 12:17:41,-102.0331,32.0024,  41.7,21957,-57.7,-83.7,-79.5,  2,  4, 0.01,103,10.9
2025-06-11 12:17:42,-102.0332,32.0024,  41.7,21962,-57.7,-83.7,-79.5,  2,  4, 0.01,104,10.9
2025-06-11 12:17:43,-102.0333,32.0025,  41.6,21968,-57.7,-83.7,-79.5,  2,  4, 0.01,104,11.0
2025-06-11 12:17:44,-102.0334,32.0025,  41.6,21973,-57.7,-83.7,-79.5,  2,  4, 0.01,105,11.0
2025-06-11 12:17:45,-102.0335,32.0025,  41.6,21979,-57.7,-83.7,-79.5,  2,  4, 0.01,105,11.0
2025-06-11 12:17:46,-102.0336,32.0025,  41.5,21984,-57.7,-83.7,-79.5,  2,  4, 0.01,106,11.1
2025-06-11 12:17:47,-102.0338,32.0025,  41.5,21989,-57.7,-83.7,-79.5,  2,  4, 0.01,107,11.1
2025-06-11 12:17:48,-102.0339,32.0026,  41.5,21995,-57.7,-83.7,-79.5,  2,  4, 0.01,107,11.1
2025-06-11 12:17:49,-102.0340,32.0026,  41.4,22000,-57.7,-83.7,-79.5,  2,  4, 0.01,108,11.2
2025-06-11 12:17:50,-102.0341,32.0027,  41.4,22005,-57.7,-83.7,-79.5,  2,  4, 0.01,108,11.2
2025-06-11 12:17:51,-102.0341,32.0027,  41.4,22011,-57.8,-83.7,-79.5,  2,  4, 0.01,109,11.2
2025-06-11 12:17:52,-102.0342,32.0028,  41.3,22016,-57.8,-83.7,-79.5,  2,  4, 0.01,109,11.3
2025-06-11 12:17:53,-102.0343,32.0028,  41.3,22021,-57.8,-83.7,-79.5,  2,  4, 0.01,110,11.3
2025-06-11 12:17:54,-102.0344,32.0028,  41.3,22026,-57.8,-83.7,-79.5,  2,  4, 0.01,110,11.4
2025-06-11 12:17:55,-102.0345,32.0029,  41.2,22031,-57.8,-83.7,-79.5,  2,  4, 0.01,111,11.4
2025-06-11 12:17:56,-102.0346,32.0029,  41.2,22036,-57.8,-83.7,-79.5,  2,  4, 0.01,111,11.3
2025-06-11 12:17:57,-102.0347,32.0030,  41.2,22041,-57.8,-83.7,-79.5,  2,  4, 0.01,112,11.2
2025-06-11 12:17:58,-102.0348,32.0030,  41.1,22046,-57.8,-83.7,-79.5,  2,  4, 0.01,112,11.1
2025-06-11 12:17:59,-102.0349,32.0031,  41.1,22051,-57.8,-83.7,-79.6,  2,  4, 0.01,113,11.0
2025-06-11 12:18:00,-102.0349,32.0031,  41.1,22057,-57.8,-83.7,-79.6,  2,  4, 0.01,114,10.9
2025-06-11 12:18:01,-102.0350,32.0032,  41.0,22062,-57.9,-83.7,-79.6,  2,  4, 0.01,114,10.8
2025-06-11 12:18:02,-102.0351,32.0032,  41.0,22068,-57.9,-83.7,-79.6,  2,  4, 0.01,115,10.7
2025-06-11 12:18:03,-102.0352,32.0033,  41.0,22073,-57.9,-83.7,-79.6,  2,  4, 0.01,115,10.6
2025-06-11 12:18:04,-102.0353,32.0033,  40.9,22079,-57.9,-83.7,-79.6,  2,  4, 0.01,116,10.6
2025-06-11 12:18:05,-102.0354,32.0033,  40.9,22085,-57.9,-83.8,-79.6,  2,  4, 0.01,117,10.5
2025-06-11 12:18:06,-102.0355,32.0034,  40.8,22091,-57.9,-83.8,-79.6,  2,  4, 0.01,117,10.4
2025-06-11 12:18:07,-102.0356,32.0034,  40.8,22096,-57.9,-83.8,-79.6,  2,  4, 0.01,118,10.3
2025-06-11 12:18:08,-102.0356,32.0035,  40.8,22102,-57.9,-83.8,-79.6,  2,  4, 0.01,118,10.2
2025-06-11 12:18:09,-102.0357,32.0035,  40.7,22108,-57.9,-83.8,-79.7,  2,  4, 0.01,119,10.1
2025-06-11 12:18:10,-102.0358,32.0036,  40.7,22113,-57.9,-83.8,-79.7,  2,  4, 0.01,120,10.0
2025-06-11 12:18:11,-102.0359,32.0036,  40.7,22119,-57.9,-83.8,-79.7,  2,  4, 0.01,120,10.0
2025-06-11 12:18:12,-102.0360,32.0037,  40.6,22124,-57.9,-83.8,-79.7,  2,  4, 0.01,121, 9.9
2025-06-11 12:18:13,-102.0361,32.0037,  40.6,22130,-57.9,-83.9,-79.7,  2,  4, 0.01,122, 9.8
2025-06-11 12:18:14,-102.0362,32.0038,  40.5,22136,-57.9,-83.9,-79.8,  2,  4, 0.01,123, 9.7
2025-06-11 12:18:15,-102.0363,32.0038,  40.5,22141,-58.0,-83.9,-79.8,  2,  4, 0.01,123, 9.7
2025-06-11 12:18:16,-102.0363,32.0038,  40.5,22146,-58.0,-83.9,-79.8,  2,  4, 0.01,123, 9.6
2025-06-11 12:18:17,-102.0364,32.0039,  40.4,22152,-58.0,-83.9,-79.8,  2,  4, 0.01,123, 9.5
2025-06-11 12:18:18,-102.0365,32.0039,  40.4,22157,-58.0,-84.0,-79.8,  2,  4, 0.01,123, 9.4
2025-06-11 12:18:19,-102.0366,32.0040,  40.4,22162,-58.0,-84.0,-79.8,  2,  4, 0.01,123, 9.3
2025-06-11 12:18:20,-102.0367,32.0040,  40.3,22168,-58.0,-84.0,-79.9,  2,  4, 0.01,123, 9.2
2025-06-11 12:18:21,-102.0368,32.0040,  40.3,22172,-58.0,-84.0,-79.9,  2,  4, 0.01,124, 9.2
2025-06-11 12:18:22,-102.0368,32.0041,  40.3,22177,-58.0,-84.0,-79.9,  2,  4, 0.01,124, 9.1
2025-06-11 12:18:23,-102.0369,32.0041,  40.3,22182,-58.0,-84.1,-79.9,  2,  4, 0.01,124, 9.0
2025-06-11 12:18:24,-102.0370,32.0041,  40.2,22186,-58.0,-84.1,-79.9,  2,  4, 0.01,124, 8.9
2025-06-11 12:18:25,-102.0370,32.0042,  40.2,22191,-58.1,-84.1,-79.9,  2,  4, 0.01,124, 8.8
2025-06-11 12:18:26,-102.0371,32.0042,  40.2,22196,-58.1,-84.1,-80.0,  2,  4, 0.01,124, 8.7
2025-06-11 12:18:27,-102.0372,32.0042,  40.1,22201,-58.1,-84.1,-80.0,  2,  4, 0.01,124, 8.6
2025-06-11 12:18:28,-102.0372,32.0043,  40.1,22206,-58.1,-84.1,-80.0,  2,  4, 0.01,124, 8.6
2025-06-11 12:18:29,-102.0373,32.0043,  40.1,22211,-58.1,-84.1,-80.0,  2,  4, 0.01,124, 8.5
2025-06-11 12:18:30,-102.0374,32.0043,  40.0,22216,-58.1,-84.1,-80.0,  2,  4, 0.01,124, 8.4
2025-06-11 12:18:31,-102.0375,32.0043,  40.0,22221,-58.1,-84.1,-80.0,  2,  4, 0.01,124, 8.3
2025-06-11 12:18:32,-102.0375,32.0044,  40.0,22226,-58.1,-84.1,-80.0,  2,  4, 0.01,124, 8.2
2025-06-11 12:18:33,-102.0376,32.0044,  39.9,22231,-58.1,-84.2,-80.0,  2,  4, 0.01,124, 8.1
2025-06-11 12:18:34,-102.0377,32.0044,  39.9,22236,-58.1,-84.2,-80.0,  2,  4, 0.01,124, 8.0
2025-06-11 12:18:35,-102.0377,32.0045,  39.9,22242,-58.1,-84.2,-80.0,  2,  4, 0.01,124, 8.0
2025-06-11 12:18:36,-102.0378,32.0045,  39.8,22247,-58.1,-84.2,-80.0,  2,  4, 0.01,123, 7.9
2025-06-11 12:18:37,-102.0379,32.0045,  39.8,22252,-58.1,-84.2,-80.0,  2,  4, 0.01,123, 7.9
2025-06-11 12:18:38,-102.0380,32.0045,  39.8,22257,-58.2,-84.2,-80.0,  2,  4, 0.01,122, 7.8
2025-06-11 12:18:39,-102.0380,32.0046,  39.7,22262,-58.2,-84.2,-80.0,  2,  4, 0.01,121, 7.8
2025-06-11 12:18:40,-102.0381,32.0046,  39.7,22267,-58.2,-84.2,-80.0,  2,  4, 0.01,120, 7.7
2025-06-11 12:18:41,-102.0382,32.0046,  39.7,22272,-58.2,-84.2,-80.0,  2,  4, 0.01,119, 7.7
2025-06-11 12:18:42,-102.0383,32.0047,  39.6,22277,-58.2,-84.2,-80.0,  2,  4, 0.01,119, 7.7
2025-06-11 12:18:43,-102.0383,32.0047,  39.6,22283,-58.2,-84.2,-80.0,  2,  4, 0.01,117, 7.7
2025-06-11 12:18:44,-102.0384,32.0047,  39.6,22287,-58.2,-84.2,-80.0,  2,  4, 0.01,117, 7.7
2025-06-11 12:18:45,-102.0385,32.0047,  39.6,22292,-58.2,-84.2,-80.0,  2,  4, 0.01,116, 7.6
2025-06-11 12:18:46,-102.0385,32.0048,  39.5,22297,-58.2,-84.1,-80.0,  2,  4, 0.01,115, 7.6
2025-06-11 12:18:47,-102.0386,32.0048,  39.5,22302,-58.2,-84.1,-80.0,  2,  4, 0.01,114, 7.6
2025-06-11 12:18:48,-102.0387,32.0048,  39.5,22307,-58.2,-84.1,-80.0,  2,  4, 0.01,113, 7.5
2025-06-11 12:18:49,-102.0387,32.0049,  39.4,22312,-58.2,-84.1,-80.0,  2,  4, 0.01,113, 7.4
2025-06-11 12:18:50,-102.0388,32.0049,  39.4,22317,-58.2,-84.1,-80.0,  2,  4, 0.01,112, 7.4
2025-06-11 12:18:51,-102.0389,32.0049,  39.4,22322,-58.1,-84.1,-80.0,  2,  4, 0.01,111, 7.4
2025-06-11 12:18:52,-102.0390,32.0049,  39.3,22327,-58.1,-84.1,-80.0,  2,  4, 0.01,110, 7.4
2025-06-11 12:18:53,-102.0391,32.0049,  39.3,22332,-58.1,-84.1,-80.0,  2,  4, 0.01,109, 7.4
2025-06-11 12:18:54,-102.0392,32.0049,  39.3,22337,-58.1,-84.1,-80.0,  2,  4, 0.01,108, 7.3
2025-06-11 12:18:55,-102.0393,32.0049,  39.2,22342,-58.1,-84.1,-80.0,  2,  4, 0.01,107, 7.3
2025-06-11 12:18:56,-102.0394,32.0049,  39.2,22347,-58.1,-84.1,-80.0,  2,  4, 0.01,106, 7.4
2025-06-11 12:18:57,-102.0395,32.0049,  39.2,22352,-58.1,-84.1,-80.0,  2,  4, 0.01,105, 7.5
2025-06-11 12:18:58,-102.0396,32.0049,  39.1,22357,-58.1,-84.1,-80.0,  2,  4, 0.01,104, 7.5
2025-06-11 12:18:59,-102.0397,32.0049,  39.1,22362,-58.1,-84.1,-80.0,  2,  4, 0.01,103, 7.6
2025-06-11 12:19:00,-102.0397,32.0049,  39.1,22366,-58.1,-84.1,-79.9,  2,  4, 0.01,103, 7.7
2025-06-11 12:19:01,-102.0398,32.0049,  39.1,22371,-58.1,-84.1,-79.9,  2,  4, 0.01,102, 7.7
2025-06-11 12:19:02,-102.0399,32.0049,  39.0,22376,-58.0,-84.1,-79.9,  2,  4, 0.01,101, 7.8
2025-06-11 12:19:03,-102.0400,32.0049,  39.0,22381,-58.0,-84.1,-79.9,  2,  4, 0.01,100, 7.9
2025-06-11 12:19:04,-102.0401,32.0049,  39.0,22386,-58.0,-84.1,-79.9,  2,  4, 0.01, 99, 8.0
2025-06-11 12:19:05,-102.0402,32.0049,  38.9,22391,-58.0,-84.0,-79.9,  2,  4, 0.01, 98, 8.1
2025-06-11 12:19:06,-102.0403,32.0049,  38.9,22396,-58.0,-84.0,-79.9,  2,  4, 0.01, 98, 8.1
2025-06-11 12:19:07,-102.0404,32.0049,  38.9,22401,-58.0,-84.0,-79.9,  2,  4, 0.01, 97, 8.2
2025-06-11 12:19:08,-102.0405,32.0049,  38.8,22406,-58.0,-84.0,-79.9,  2,  4, 0.01, 96, 8.3
2025-06-11 12:19:09,-102.0406,32.0049,  38.8,22412,-57.9,-84.0,-79.9,  2,  4, 0.01, 95, 8.4
2025-06-11 12:19:10,-102.0407,32.0049,  38.8,22417,-57.9,-84.0,-79.9,  2,  4, 0.01, 95, 8.5
2025-06-11 12:19:11,-102.0408,32.0049,  38.8,22421,-57.9,-84.0,-79.9,  2,  4, 0.01, 94, 8.6
2025-06-11 12:19:12,-102.0409,32.0049,  38.7,22426,-57.9,-84.1,-79.9,  2,  4, 0.01, 93, 8.7
2025-06-11 12:19:13,-102.0410,32.0049,  38.7,22430,-57.9,-84.1,-79.9,  2,  4, 0.01, 93, 8.8
2025-06-11 12:19:14,-102.0411,32.0049,  38.7,22435,-57.9,-84.1,-79.9,  2,  4, 0.01, 92, 8.9
2025-06-11 12:19:15,-102.0412,32.0049,  38.6,22439,-57.9,-84.1,-79.9,  2,  4, 0.01, 91, 9.0
2025-06-11 12:19:16,-102.0412,32.0049,  38.6,22444,-57.9,-84.1,-79.9,  2,  4, 0.01, 91, 9.0
2025-06-11 12:19:17,-102.0413,32.0049,  38.6,22449,-57.8,-84.1,-79.9,  2,  4, 0.01, 90, 9.0
2025-06-11 12:19:18,-102.0414,32.0049,  38.5,22454,-57.8,-84.1,-79.9,  2,  4, 0.01, 89, 9.0
2025-06-11 12:19:19,-102.0415,32.0049,  38.5,22459,-57.8,-84.1,-79.9,  2,  4, 0.01, 89, 9.1
2025-06-11 12:19:20,-102.0416,32.0049,  38.5,22464,-57.8,-84.1,-79.9,  2,  4, 0.01, 88, 9.1
2025-06-11 12:19:21,-102.0417,32.0049,  38.5,22469,-57.8,-84.1,-79.9,  2,  4, 0.01, 87, 9.1
2025-06-11 12:19:22,-102.0418,32.0049,  38.4,22474,-57.8,-84.0,-79.9,  2,  4, 0.01, 87, 9.2
2025-06-11 12:19:23,-102.0419,32.0048,  38.4,22479,-57.8,-84.0,-79.9,  2,  4, 0.01, 86, 9.2
2025-06-11 12:19:24,-102.0420,32.0048,  38.4,22483,-57.8,-84.0,-79.9,  2,  4, 0.01, 85, 9.2
2025-06-11 12:19:25,-102.0421,32.0048,  38.3,22488,-57.8,-84.1,-79.9,  2,  4, 0.01, 85, 9.3
2025-06-11 12:19:26,-102.0422,32.0048,  38.3,22493,-57.7,-84.1,-79.9,  2,  4, 0.01, 84, 9.3
2025-06-11 12:19:27,-102.0423,32.0048,  38.3,22497,-57.7,-84.1,-79.9,  2,  4, 0.01, 83, 9.4
2025-06-11 12:19:28,-102.0424,32.0048,  38.3,22502,-57.7,-84.1,-79.9,  2,  4, 0.01, 83, 9.4
2025-06-11 12:19:29,-102.0425,32.0048,  38.2,22507,-57.7,-84.1,-79.9,  2,  4, 0.01, 82, 9.4
2025-06-11 12:19:30,-102.0426,32.0048,  38.2,22511,-57.7,-84.1,-79.9,  2,  4, 0.01, 82, 9.5
2025-06-11 12:19:31,-102.0427,32.0048,  38.2,22516,-57.7,-84.1,-79.9,  2,  4, 0.01, 81, 9.5
2025-06-11 12:19:32,-102.0428,32.0048,  38.1,22520,-57.7,-84.1,-79.9,  2,  4, 0.01, 80, 9.6
2025-06-11 12:19:33,-102.0429,32.0048,  38.1,22525,-57.7,-84.1,-79.9,  2,  4, 0.01, 80, 9.6
2025-06-11 12:19:34,-102.0430,32.0048,  38.1,22530,-57.7,-84.1,-79.9,  2,  4, 0.01, 79, 9.7
2025-06-11 12:19:35,-102.0431,32.0048,  38.1,22535,-57.7,-84.1,-79.9,  2,  4, 0.01, 79, 9.7
2025-06-11 12:19:36,-102.0432,32.0048,  38.0,22540,-57.7,-84.1,-79.9,  2,  4, 0.01, 79, 9.7
2025-06-11 12:19:37,-102.0433,32.0048,  38.0,22545,-57.7,-84.1,-79.9,  2,  4, 0.01, 80, 9.7
2025-06-11 12:19:38,-102.0434,32.0047,  38.0,22549,-57.7,-84.1,-79.9,  2,  4, 0.01, 81, 9.7
2025-06-11 12:19:39,-102.0435,32.0047,  37.9,22554,-57.7,-84.0,-79.9,  2,  4, 0.01, 81, 9.6
2025-06-11 12:19:40,-102.0436,32.0047,  37.9,22559,-57.7,-84.0,-79.9,  2,  4, 0.01, 82, 9.6
2025-06-11 12:19:41,-102.0437,32.0047,  37.9,22564,-57.7,-84.0,-79.9,  2,  4, 0.01, 82, 9.6
2025-06-11 12:19:42,-102.0438,32.0047,  37.9,22569,-57.6,-84.0,-79.9,  2,  4, 0.01, 83, 9.6
2025-06-11 12:19:43,-102.0439,32.0047,  37.8,22574,-57.6,-84.0,-79.9,  2,  4, 0.01, 84, 9.6
2025-06-11 12:19:44,-102.0440,32.0047,  37.8,22579,-57.6,-84.0,-79.9,  2,  4, 0.01, 84, 9.6
2025-06-11 12:19:45,-102.0441,32.0047,  37.8,22584,-57.6,-84.0,-79.9,  2,  4, 0.01, 85, 9.6
2025-06-11 12:19:46,-102.0442,32.0047,  37.7,22589,-57.6,-84.0,-79.9,  2,  4, 0.01, 86, 9.6
2025-06-11 12:19:47,-102.0443,32.0047,  37.7,22594,-57.6,-84.0,-79.9,  2,  4, 0.01, 86, 9.6
2025-06-11 12:19:48,-102.0444,32.0047,  37.7,22599,-57.6,-84.0,-79.9,  2,  4, 0.01, 87, 9.6
2025-06-11 12:19:49,-102.0445,32.0047,  37.6,22604,-57.6,-84.0,-79.9,  2,  4, 0.01, 87, 9.6
2025-06-11 12:19:50,-102.0446,32.0047,  37.6,22609,-57.6,-84.0,-79.9,  2,  4, 0.01, 88, 9.6
2025-06-11 12:19:51,-102.0447,32.0047,  37.6,22614,-57.6,-84.0,-79.9,  2,  4, 0.01, 89, 9.6
2025-06-11 12:19:52,-102.0448,32.0047,  37.5,22620,-57.5,-84.0,-79.8,  2,  4, 0.01, 89, 9.6
2025-06-11 12:19:53,-102.0449,32.0047,  37.5,22625,-57.5,-84.0,-79.8,  2,  4, 0.01, 90, 9.6
2025-06-11 12:19:54,-102.0450,32.0047,  37.5,22630,-57.5,-84.0,-79.8,  2,  4, 0.01, 91, 9.6
2025-06-11 12:19:55,-102.0451,32.0048,  37.5,22636,-57.5,-84.0,-79.8,  2,  4, 0.01, 91, 9.6
2025-06-11 12:19:56,-102.0451,32.0048,  37.4,22641,-57.5,-83.9,-79.8,  2,  4, 0.01, 92, 9.5
2025-06-11 12:19:57,-102.0452,32.0048,  37.4,22646,-57.5,-83.9,-79.8,  2,  4, 0.01, 93, 9.4
2025-06-11 12:19:58,-102.0453,32.0048,  37.4,22652,-57.4,-83.9,-79.8,  2,  4, 0.01, 93, 9.3
2025-06-11 12:19:59,-102.0454,32.0048,  37.3,22657,-57.4,-83.9,-79.8,  2,  4, 0.01, 94, 9.2
2025-06-11 12:20:00,-102.0455,32.0049,  37.3,22662,-57.4,-83.9,-79.8,  2,  4, 0.01, 95, 9.1
2025-06-11 12:20:01,-102.0456,32.0049,  37.3,22668,-57.4,-83.9,-79.8,  2,  4, 0.01, 96, 9.1
2025-06-11 12:20:02,-102.0456,32.0049,  37.2,22673,-57.4,-83.9,-79.8,  2,  4, 0.01, 96, 9.0
2025-06-11 12:20:03,-102.0457,32.0049,  37.2,22678,-57.4,-83.9,-79.8,  2,  4, 0.01, 97, 8.9
2025-06-11 12:20:04,-102.0458,32.0050,  37.2,22683,-57.4,-83.9,-79.8,  2,  4, 0.01, 98, 8.9
2025-06-11 12:20:05,-102.0459,32.0050,  37.1,22688,-57.3,-83.9,-79.8,  2,  4, 0.01, 99, 8.8
2025-06-11 12:20:06,-102.0460,32.0050,  37.1,22694,-57.3,-83.9,-79.8,  2,  4, 0.01,100, 8.8
2025-06-11 12:20:07,-102.0461,32.0050,  37.1,22699,-57.3,-83.9,-79.7,  2,  4, 0.01,101, 8.7
2025-06-11 12:20:08,-102.0461,32.0050,  37.1,22704,-57.3,-83.9,-79.7,  2,  4, 0.01,102, 8.6
2025-06-11 12:20:09,-102.0462,32.0051,  37.0,22709,-57.2,-83.9,-79.7,  2,  4, 0.01,102, 8.5
2025-06-11 12:20:10,-102.0463,32.0051,  37.0,22714,-57.2,-83.8,-79.7,  2,  4, 0.01,103, 8.4
2025-06-11 12:20:11,-102.0464,32.0051,  37.0,22717,-57.2,-83.8,-79.7,  2,  4, 0.01,104, 8.4
2025-06-11 12:20:12,-102.0465,32.0051,  36.9,22725,-57.2,-83.8,-79.7,  2,  4, 0.01,105, 8.3
2025-06-11 12:20:13,-102.0466,32.0051,  36.9,22730,-57.1,-83.8,-79.7,  2,  4, 0.01,106, 8.2
2025-06-11 12:20:14,-102.0466,32.0052,  36.9,22735,-57.1,-83.8,-79.6,  2,  4, 0.01,107, 8.2
2025-06-11 12:20:15,-102.0467,32.0052,  36.8,22739,-57.1,-83.8,-79.6,  2,  4, 0.01,108, 8.1
2025-06-11 12:20:16,-102.0468,32.0052,  36.8,22744,-57.1,-83.7,-79.6,  2,  4, 0.01,108, 8.1
2025-06-11 12:20:17,-102.0469,32.0052,  36.8,22749,-57.0,-83.7,-79.6,  2,  4, 0.01,108, 8.1
2025-06-11 12:20:18,-102.0470,32.0053,  36.8,22753,-57.0,-83.7,-79.6,  2,  4, 0.01,108, 8.1
2025-06-11 12:20:19,-102.0471,32.0053,  36.7,22758,-57.0,-83.7,-79.5,  2,  4, 0.01,108, 8.1
2025-06-11 12:20:20,-102.0471,32.0053,  36.7,22764,-57.0,-83.6,-79.5,  2,  4, 0.01,108, 8.1
2025-06-11 12:20:21,-102.0472,32.0053,  36.7,22769,-56.9,-83.6,-79.5,  2,  4, 0.01,108, 8.1
2025-06-11 12:20:22,-102.0473,32.0053,  36.6,22774,-56.9,-83.6,-79.5,  2,  4, 0.01,108, 8.1
2025-06-11 12:20:23,-102.0474,32.0054,  36.6,22779,-56.9,-83.6,-79.4,  2,  4, 0.01,108, 8.2
2025-06-11 12:20:24,-102.0475,32.0054,  36.6,22784,-56.8,-83.5,-79.4,  2,  4, 0.01,108, 8.2
2025-06-11 12:20:25,-102.0476,32.0054,  36.6,22790,-56.8,-83.5,-79.4,  2,  4, 0.01,108, 8.2
2025-06-11 12:20:26,-102.0477,32.0054,  36.5,22795,-56.8,-83.5,-79.3,  2,  4, 0.01,108, 8.2
2025-06-11 12:20:27,-102.0478,32.0055,  36.5,22800,-56.7,-83.5,-79.3,  2,  4, 0.01,108, 8.2
2025-06-11 12:20:28,-102.0479,32.0055,  36.5,22806,-56.7,-83.4,-79.3,  2,  4, 0.01,108, 8.2
2025-06-11 12:20:29,-102.0479,32.0055,  36.4,22811,-56.7,-83.4,-79.3,  2,  4, 0.01,108, 8.2
2025-06-11 12:20:30,-102.0480,32.0055,  36.4,22816,-56.7,-83.4,-79.2,  2,  4, 0.01,109, 8.2
2025-06-11 12:20:31,-102.0481,32.0056,  36.4,22822,-56.6,-83.4,-79.2,  2,  4, 0.01,109, 8.2
2025-06-11 12:20:32,-102.0482,32.0056,  36.3,22827,-56.6,-83.3,-79.2,  2,  4, 0.01,109, 8.2
2025-06-11 12:20:33,-102.0483,32.0056,  36.3,22833,-56.6,-83.3,-79.1,  2,  4, 0.01,109, 8.2
2025-06-11 12:20:34,-102.0484,32.0057,  36.3,22838,-56.5,-83.3,-79.1,  2,  4, 0.01,109, 8.2
2025-06-11 12:20:35,-102.0485,32.0057,  36.2,22844,-56.5,-83.2,-79.1,  2,  4, 0.01,109, 8.2
2025-06-11 12:20:36,-102.0486,32.0057,  36.2,22849,-56.5,-83.2,-79.1,  2,  4, 0.01,109, 8.3
2025-06-11 12:20:37,-102.0487,32.0057,  36.2,22855,-56.4,-83.2,-79.0,  2,  4, 0.01,109, 8.3
2025-06-11 12:20:38,-102.0488,32.0058,  36.1,22860,-56.4,-83.2,-79.0,  2,  4, 0.01,109, 8.4
2025-06-11 12:20:39,-102.0488,32.0058,  36.1,22865,-56.4,-83.1,-79.0,  2,  4, 0.01,109, 8.5
2025-06-11 12:20:40,-102.0489,32.0058,  36.1,22871,-56.3,-83.1,-78.9,  2,  4, 0.01,109, 8.6
2025-06-11 12:20:41,-102.0490,32.0058,  36.1,22876,-56.3,-83.1,-78.9,  2,  4, 0.01,109, 8.6
2025-06-11 12:20:42,-102.0491,32.0059,  36.0,22882,-56.3,-83.0,-78.9,  2,  4, 0.01,109, 8.7
2025-06-11 12:20:43,-102.0492,32.0059,  36.0,22887,-56.2,-83.0,-78.8,  2,  4, 0.01,109, 8.8
2025-06-11 12:20:44,-102.0493,32.0059,  36.0,22892,-56.2,-83.0,-78.8,  2,  4, 0.01,109, 8.9
2025-06-11 12:20:45,-102.0494,32.0059,  35.9,22897,-56.2,-82.9,-78.8,  2,  4, 0.01,110, 8.9
2025-06-11 12:20:46,-102.0495,32.0060,  35.9,22902,-56.2,-82.9,-78.7,  2,  4, 0.01,110, 9.0
2025-06-11 12:20:47,-102.0496,32.0060,  35.9,22907,-56.1,-82.9,-78.7,  2,  4, 0.01,110, 9.1
2025-06-11 12:20:48,-102.0496,32.0060,  35.8,22913,-56.1,-82.9,-78.7,  2,  4, 0.01,110, 9.1
2025-06-11 12:20:49,-102.0497,32.0061,  35.8,22918,-56.1,-82.8,-78.7,  2,  4, 0.01,110, 9.2
2025-06-11 12:20:50,-102.0498,32.0061,  35.8,22924,-56.1,-82.8,-78.6,  2,  4, 0.01,110, 9.3
2025-06-11 12:20:51,-102.0499,32.0061,  35.8,22929,-56.0,-82.8,-78.6,  2,  4, 0.01,110, 9.4
2025-06-11 12:20:52,-102.0500,32.0061,  35.7,22935,-56.0,-82.7,-78.6,  2,  4, 0.01,110, 9.4
2025-06-11 12:20:53,-102.0501,32.0062,  35.7,22940,-56.0,-82.7,-78.5,  2,  4, 0.01,110, 9.5
2025-06-11 12:20:54,-102.0502,32.0062,  35.7,22946,-55.9,-82.7,-78.5,  2,  4, 0.01,110, 9.6
2025-06-11 12:20:55,-102.0502,32.0063,  35.6,22951,-55.9,-82.6,-78.5,  2,  4, 0.01,110, 9.7
2025-06-11 12:20:56,-102.0503,32.0063,  35.6,22956,-55.9,-82.6,-78.4,  2,  4, 0.01,111, 9.6
2025-06-11 12:20:57,-102.0504,32.0063,  35.6,22961,-55.9,-82.6,-78.4,  2,  4, 0.01,111, 9.6
2025-06-11 12:20:58,-102.0505,32.0064,  35.5,22966,-55.8,-82.5,-78.4,  2,  4, 0.01,112, 9.5
2025-06-11 12:20:59,-102.0506,32.0064,  35.5,22972,-55.8,-82.5,-78.3,  2,  4, 0.01,112, 9.5
2025-06-11 12:21:00,-102.0506,32.0065,  35.5,22977,-55.8,-82.5,-78.3,  2,  4, 0.01,113, 9.4
2025-06-11 12:21:01,-102.0507,32.0065,  35.5,22983,-55.8,-82.4,-78.3,  2,  4, 0.01,113, 9.4
2025-06-11 12:21:02,-102.0508,32.0065,  35.4,22989,-55.8,-82.4,-78.2,  2,  4, 0.01,113, 9.4
2025-06-11 12:21:03,-102.0509,32.0066,  35.4,22994,-55.8,-82.4,-78.2,  2,  4, 0.01,114, 9.3
2025-06-11 12:21:04,-102.0510,32.0066,  35.4,23000,-55.8,-82.3,-78.2,  2,  4, 0.01,114, 9.3
2025-06-11 12:21:05,-102.0510,32.0066,  35.3,23005,-55.7,-82.3,-78.2,  2,  4, 0.01,115, 9.2
2025-06-11 12:21:06,-102.0511,32.0067,  35.3,23010,-55.7,-82.3,-78.1,  2,  4, 0.01,115, 9.2
2025-06-11 12:21:07,-102.0512,32.0067,  35.3,23015,-55.7,-82.3,-78.1,  2,  4, 0.01,116, 9.2
2025-06-11 12:21:08,-102.0513,32.0068,  35.2,23020,-55.7,-82.3,-78.1,  2,  4, 0.01,116, 9.1
2025-06-11 12:21:09,-102.0514,32.0068,  35.2,23026,-55.7,-82.2,-78.1,  2,  4, 0.01,117, 9.1
2025-06-11 12:21:10,-102.0515,32.0068,  35.2,23031,-55.7,-82.2,-78.0,  2,  4, 0.01,117, 9.1
2025-06-11 12:21:11,-102.0515,32.0069,  35.2,23037,-55.6,-82.2,-78.0,  2,  4, 0.01,118, 9.0
2025-06-11 12:21:12,-102.0516,32.0069,  35.1,23041,-55.6,-82.2,-78.0,  2,  4, 0.01,118, 9.0
2025-06-11 12:21:13,-102.0517,32.0070,  35.1,23046,-55.7,-82.2,-78.0,  2,  4, 0.01,119, 9.0
2025-06-11 12:21:14,-102.0518,32.0070,  35.1,23052,-55.7,-82.1,-78.0,  2,  4, 0.01,119, 8.9
2025-06-11 12:21:15,-102.0518,32.0070,  35.0,23057,-55.7,-82.1,-78.0,  2,  4, 0.01,120, 8.9
2025-06-11 12:21:16,-102.0519,32.0071,  35.0,23062,-55.7,-82.1,-77.9,  2,  4, 0.01,120, 8.8
2025-06-11 12:21:17,-102.0520,32.0071,  35.0,23068,-55.7,-82.1,-77.9,  2,  4, 0.01,120, 8.7
2025-06-11 12:21:18,-102.0521,32.0071,  35.0,23073,-55.7,-82.1,-77.9,  2,  4, 0.01,120, 8.6
2025-06-11 12:21:19,-102.0522,32.0072,  34.9,23078,-55.7,-82.1,-77.9,  2,  4, 0.01,120, 8.5
2025-06-11 12:21:20,-102.0522,32.0072,  34.9,23084,-55.7,-82.1,-77.9,  2,  4, 0.01,120, 8.4
2025-06-11 12:21:21,-102.0523,32.0073,  34.9,23089,-55.7,-82.1,-77.9,  2,  4, 0.01,120, 8.3
2025-06-11 12:21:22,-102.0524,32.0073,  34.8,23095,-55.7,-82.1,-77.9,  2,  4, 0.01,120, 8.3
2025-06-11 12:21:23,-102.0524,32.0073,  34.8,23101,-55.7,-82.1,-77.9,  2,  4, 0.01,120, 8.2
2025-06-11 12:21:24,-102.0525,32.0073,  34.8,23106,-55.7,-82.1,-77.9,  2,  4, 0.01,120, 8.1
2025-06-11 12:21:25,-102.0526,32.0073,  34.7,23112,-55.7,-82.1,-77.9,  2,  4, 0.01,120, 8.0
2025-06-11 12:21:26,-102.0526,32.0073,  34.7,23118,-55.7,-82.1,-77.9,  2,  4, 0.01,120, 7.9
2025-06-11 12:21:27,-102.0527,32.0073,  34.7,23124,-55.7,-82.1,-77.9,  2,  4, 0.01,120, 7.8
2025-06-11 12:21:28,-102.0527,32.0074,  34.7,23129,-55.7,-82.1,-77.9,  2,  4, 0.01,120, 7.7
2025-06-11 12:21:29,-102.0528,32.0074,  34.6,23135,-55.7,-82.1,-77.9,  2,  4, 0.01,120, 7.6
2025-06-11 12:21:30,-102.0529,32.0074,  34.6,23140,-55.7,-82.1,-77.9,  2,  4, 0.01,120, 7.5
2025-06-11 12:21:31,-102.0529,32.0074,  34.6,23146,-55.7,-82.1,-77.9,  2,  4, 0.01,120, 7.4
2025-06-11 12:21:32,-102.0530,32.0074,  34.5,23151,-55.7,-82.1,-77.9,  2,  4, 0.01,121, 7.3
2025-06-11 12:21:33,-102.0530,32.0074,  34.5,23157,-55.7,-82.1,-77.9,  2,  4, 0.01,121, 7.2
2025-06-11 12:21:34,-102.0531,32.0074,  34.5,23163,-55.7,-82.1,-77.9,  2,  4, 0.01,121, 7.2
2025-06-11 12:21:35,-102.0532,32.0075,  34.4,23168,-55.7,-82.1,-77.9,  2,  4, 0.01,121, 7.1
2025-06-11 12:21:36,-102.0532,32.0075,  34.4,23174,-55.7,-82.1,-77.9,  2,  4, 0.01,120, 6.9
2025-06-11 12:21:37,-102.0533,32.0075,  34.4,23180,-55.7,-82.0,-77.9,  2,  4, 0.01,118, 6.8
2025-06-11 12:21:38,-102.0534,32.0075,  34.3,23185,-55.7,-82.0,-77.9,  2,  4, 0.01,117, 6.8
2025-06-11 12:21:39,-102.0534,32.0075,  34.3,23191,-55.7,-82.0,-77.9,  2,  4, 0.01,116, 6.8
2025-06-11 12:21:40,-102.0535,32.0075,  34.3,23196,-55.7,-82.0,-77.8,  2,  4, 0.01,115, 6.7
2025-06-11 12:21:41,-102.0535,32.0075,  34.3,23202,-55.7,-82.0,-77.8,  2,  4, 0.01,113, 6.6
2025-06-11 12:21:42,-102.0536,32.0076,  34.2,23207,-55.7,-82.0,-77.8,  2,  4, 0.01,112, 6.5
2025-06-11 12:21:43,-102.0537,32.0076,  34.2,23213,-55.7,-82.0,-77.8,  2,  4, 0.01,111, 6.5
2025-06-11 12:21:44,-102.0537,32.0076,  34.2,23218,-55.7,-82.0,-77.8,  2,  4, 0.01,109, 6.4
2025-06-11 12:21:45,-102.0538,32.0076,  34.1,23224,-55.7,-82.0,-77.8,  2,  4, 0.01,108, 6.3
2025-06-11 12:21:46,-102.0538,32.0076,  34.1,23230,-55.8,-82.0,-77.8,  2,  4, 0.01,106, 6.2
2025-06-11 12:21:47,-102.0539,32.0076,  34.1,23236,-55.8,-82.0,-77.8,  2,  4, 0.01,105, 6.2
2025-06-11 12:21:48,-102.0540,32.0076,  34.0,23241,-55.8,-82.0,-77.8,  2,  4, 0.01,103, 6.1
2025-06-11 12:21:49,-102.0540,32.0077,  34.0,23247,-55.8,-82.0,-77.8,  2,  4, 0.01,102, 6.0
2025-06-11 12:21:50,-102.0541,32.0077,  34.0,23253,-55.8,-82.0,-77.8,  2,  4, 0.01,100, 5.9
2025-06-11 12:21:51,-102.0541,32.0077,  34.0,23258,-55.8,-82.0,-77.8,  2,  4, 0.01, 98, 5.9
2025-06-11 12:21:52,-102.0542,32.0077,  33.9,23264,-55.8,-82.0,-77.8,  2,  4, 0.01, 97, 5.8
2025-06-11 12:21:53,-102.0543,32.0077,  33.9,23269,-55.8,-82.0,-77.8,  2,  4, 0.01, 95, 5.7
2025-06-11 12:21:54,-102.0544,32.0076,  33.9,23275,-55.8,-82.0,-77.8,  2,  4, 0.01, 93, 5.6
2025-06-11 12:21:55,-102.0544,32.0076,  33.8,23280,-55.8,-82.0,-77.8,  2,  4, 0.01, 92, 5.6
2025-06-11 12:21:56,-102.0545,32.0076,  33.8,23286,-55.8,-82.0,-77.8,  2,  4, 0.01, 91, 5.6
2025-06-11 12:21:57,-102.0546,32.0076,  33.8,23291,-55.8,-82.0,-77.8,  2,  4, 0.01, 90, 5.7
2025-06-11 12:21:58,-102.0546,32.0076,  33.8,23297,-55.8,-82.0,-77.8,  2,  4, 0.01, 89, 5.7
2025-06-11 12:21:59,-102.0547,32.0076,  33.7,23302,-55.8,-82.0,-77.8,  2,  4, 0.01, 88, 5.8
2025-06-11 12:22:00,-102.0548,32.0075,  33.7,23308,-55.8,-82.0,-77.8,  2,  4, 0.01, 87, 5.9
2025-06-11 12:22:01,-102.0549,32.0075,  33.7,23313,-55.8,-82.0,-77.8,  2,  4, 0.01, 86, 5.9
2025-06-11 12:22:02,-102.0549,32.0075,  33.6,23319,-55.8,-82.0,-77.8,  2,  4, 0.01, 85, 6.1
2025-06-11 12:22:03,-102.0550,32.0075,  33.6,23324,-55.8,-82.0,-77.8,  2,  4, 0.01, 84, 6.2
2025-06-11 12:22:04,-102.0551,32.0075,  33.6,23329,-55.9,-82.0,-77.8,  2,  4, 0.01, 83, 6.2
2025-06-11 12:22:05,-102.0552,32.0075,  33.5,23335,-55.9,-82.0,-77.8,  2,  4, 0.01, 82, 6.3
2025-06-11 12:22:06,-102.0552,32.0074,  33.5,23340,-55.9,-82.0,-77.8,  2,  4, 0.01, 81, 6.4
2025-06-11 12:22:07,-102.0553,32.0074,  33.5,23346,-55.9,-82.0,-77.8,  2,  4, 0.01, 81, 6.4
2025-06-11 12:22:08,-102.0554,32.0074,  33.5,23352,-55.9,-82.0,-77.8,  2,  4, 0.01, 80, 6.5
2025-06-11 12:22:09,-102.0554,32.0074,  33.4,23357,-55.9,-82.0,-77.8,  2,  4, 0.01, 79, 6.5
2025-06-11 12:22:10,-102.0555,32.0074,  33.4,23363,-55.9,-82.0,-77.8,  2,  4, 0.01, 78, 6.6
2025-06-11 12:22:11,-102.0556,32.0074,  33.4,23369,-55.9,-82.0,-77.8,  2,  4, 0.01, 77, 6.7
2025-06-11 12:22:12,-102.0557,32.0073,  33.3,23375,-55.9,-82.0,-77.8,  2,  4, 0.01, 77, 6.8
2025-06-11 12:22:13,-102.0557,32.0073,  33.3,23380,-55.9,-82.0,-77.8,  2,  4, 0.01, 76, 6.9
2025-06-11 12:22:14,-102.0558,32.0073,  33.3,23386,-55.9,-82.0,-77.8,  2,  4, 0.01, 75, 7.0
2025-06-11 12:22:15,-102.0559,32.0073,  33.3,23391,-56.0,-82.0,-77.8,  2,  4, 0.01, 75, 7.0
2025-06-11 12:22:16,-102.0560,32.0073,  33.2,23397,-56.0,-82.0,-77.8,  2,  4, 0.01, 75, 7.1
2025-06-11 12:22:17,-102.0560,32.0072,  33.2,23402,-56.0,-82.0,-77.8,  2,  4, 0.01, 75, 7.2
2025-06-11 12:22:18,-102.0561,32.0072,  33.2,23408,-56.0,-82.0,-77.8,  2,  4, 0.01, 75, 7.2
2025-06-11 12:22:19,-102.0562,32.0072,  33.1,23414,-56.0,-82.0,-77.8,  2,  4, 0.01, 75, 7.3
2025-06-11 12:22:20,-102.0563,32.0072,  33.1,23419,-56.0,-82.0,-77.8,  2,  4, 0.01, 75, 7.3
2025-06-11 12:22:21,-102.0563,32.0072,  33.1,23425,-56.0,-82.0,-77.8,  2,  4, 0.01, 75, 7.4
2025-06-11 12:22:22,-102.0564,32.0072,  33.0,23431,-56.0,-82.0,-77.8,  2,  4, 0.01, 74, 7.5
2025-06-11 12:22:23,-102.0565,32.0072,  33.0,23436,-56.0,-82.0,-77.8,  2,  4, 0.01, 74, 7.5
2025-06-11 12:22:24,-102.0566,32.0071,  33.0,23442,-56.0,-82.0,-77.8,  2,  4, 0.01, 74, 7.6
2025-06-11 12:22:25,-102.0566,32.0071,  33.0,23448,-56.0,-82.0,-77.8,  2,  4, 0.01, 74, 7.6
2025-06-11 12:22:26,-102.0567,32.0071,  32.9,23454,-56.0,-82.0,-77.8,  2,  4, 0.01, 74, 7.7
2025-06-11 12:22:27,-102.0568,32.0071,  32.9,23459,-56.0,-82.0,-77.8,  2,  4, 0.01, 74, 7.8
2025-06-11 12:22:28,-102.0569,32.0071,  32.9,23465,-56.0,-82.0,-77.8,  2,  4, 0.01, 74, 7.8
2025-06-11 12:22:29,-102.0570,32.0070,  32.8,23471,-56.0,-82.0,-77.8,  2,  4, 0.01, 74, 7.9
2025-06-11 12:22:30,-102.0570,32.0070,  32.8,23476,-56.0,-82.0,-77.8,  3,  4, 0.01, 74, 7.9
2025-06-11 12:22:31,-102.0571,32.0070,  32.8,23481,-56.0,-82.0,-77.8,  3,  4, 0.01, 74, 8.0
2025-06-11 12:22:32,-102.0572,32.0070,  32.8,23487,-56.0,-82.0,-77.8,  3,  4, 0.01, 74, 8.1
2025-06-11 12:22:33,-102.0573,32.0070,  32.7,23492,-56.0,-82.0,-77.8,  3,  4, 0.01, 74, 8.1
2025-06-11 12:22:34,-102.0574,32.0070,  32.7,23498,-56.0,-82.0,-77.8,  3,  4, 0.01, 74, 8.2
2025-06-11 12:22:35,-102.0574,32.0070,  32.7,23503,-56.0,-82.0,-77.8,  3,  4, 0.01, 74, 8.2
2025-06-11 12:22:36,-102.0575,32.0069,  32.6,23509,-56.0,-82.0,-77.8,  3,  4, 0.01, 74, 8.2
2025-06-11 12:22:37,-102.0576,32.0069,  32.6,23514,-56.0,-82.0,-77.8,  3,  4, 0.01, 74, 8.2
2025-06-11 12:22:38,-102.0577,32.0069,  32.6,23520,-56.1,-82.0,-77.8,  3,  4, 0.01, 74, 8.1
2025-06-11 12:22:39,-102.0578,32.0069,  32.6,23526,-56.1,-82.0,-77.8,  3,  4, 0.01, 75, 8.1
2025-06-11 12:22:40,-102.0578,32.0069,  32.5,23531,-56.1,-82.0,-77.8,  3,  4, 0.01, 75, 8.0
2025-06-11 12:22:41,-102.0579,32.0069,  32.5,23537,-56.1,-82.0,-77.8,  3,  4, 0.01, 75, 8.0
2025-06-11 12:22:42,-102.0580,32.0068,  32.5,23543,-56.1,-82.0,-77.8,  3,  4, 0.01, 75, 8.0
2025-06-11 12:22:43,-102.0581,32.0068,  32.4,23549,-56.1,-82.0,-77.8,  3,  4, 0.01, 75, 7.9
2025-06-11 12:22:44,-102.0582,32.0068,  32.4,23554,-56.1,-82.0,-77.8,  3,  4, 0.01, 75, 7.9
2025-06-11 12:22:45,-102.0582,32.0068,  32.4,23560,-56.1,-82.0,-77.8,  3,  4, 0.01, 75, 7.8
2025-06-11 12:22:46,-102.0583,32.0068,  32.4,23566,-56.1,-82.0,-77.9,  3,  4, 0.01, 76, 7.8
2025-06-11 12:22:47,-102.0584,32.0068,  32.3,23572,-56.1,-82.1,-77.9,  3,  4, 0.01, 76, 7.8
2025-06-11 12:22:48,-102.0585,32.0067,  32.3,23578,-56.2,-82.1,-77.9,  3,  4, 0.01, 76, 7.7
2025-06-11 12:22:49,-102.0586,32.0067,  32.3,23584,-56.2,-82.1,-77.9,  3,  4, 0.01, 76, 7.7
2025-06-11 12:22:50,-102.0586,32.0067,  32.2,23590,-56.2,-82.1,-77.9,  3,  4, 0.01, 76, 7.6
2025-06-11 12:22:51,-102.0587,32.0067,  32.2,23596,-56.2,-82.1,-77.9,  2,  4, 0.01, 76, 7.6
2025-06-11 12:22:52,-102.0588,32.0067,  32.2,23601,-56.2,-82.1,-77.9,  2,  4, 0.01, 76, 7.6
2025-06-11 12:22:53,-102.0589,32.0066,  32.1,23607,-56.2,-82.1,-77.9,  3,  4, 0.01, 77, 7.5
2025-06-11 12:22:54,-102.0590,32.0066,  32.1,23613,-56.2,-82.1,-77.9,  3,  4, 0.01, 77, 7.5
2025-06-11 12:22:55,-102.0591,32.0066,  32.1,23619,-56.2,-82.1,-77.9,  3,  4, 0.01, 77, 7.4
2025-06-11 12:22:56,-102.0591,32.0065,  32.1,23625,-56.2,-82.1,-77.9,  3,  4, 0.01, 76, 7.5
2025-06-11 12:22:57,-102.0592,32.0065,  32.0,23630,-56.3,-82.1,-77.9,  3,  4, 0.01, 76, 7.6
2025-06-11 12:22:58,-102.0593,32.0065,  32.0,23636,-56.3,-82.1,-77.9,  3,  4, 0.01, 75, 7.6
2025-06-11 12:22:59,-102.0594,32.0064,  32.0,23642,-56.3,-82.1,-77.9,  3,  4, 0.01, 74, 7.7
2025-06-11 12:23:00,-102.0595,32.0064,  31.9,23648,-56.3,-82.1,-77.9,  3,  4, 0.01, 74, 7.7
2025-06-11 12:23:01,-102.0596,32.0064,  31.9,23654,-56.3,-82.1,-77.9,  3,  4, 0.01, 73, 7.8
2025-06-11 12:23:02,-102.0597,32.0064,  31.9,23659,-56.3,-82.1,-77.9,  3,  4, 0.01, 73, 7.8
2025-06-11 12:23:03,-102.0598,32.0063,  31.9,23665,-56.3,-82.1,-77.9,  3,  4, 0.01, 72, 7.9
2025-06-11 12:23:04,-102.0598,32.0063,  31.8,23671,-56.3,-82.1,-77.9,  3,  4, 0.02, 71, 7.9
2025-06-11 12:23:05,-102.0599,32.0063,  31.8,23676,-56.3,-82.1,-77.9,  3,  4, 0.02, 71, 8.0
2025-06-11 12:23:06,-102.0600,32.0062,  31.8,23682,-56.3,-82.1,-77.9,  3,  4, 0.02, 70, 8.1
2025-06-11 12:23:07,-102.0601,32.0062,  31.7,23688,-56.3,-82.1,-77.9,  3,  4, 0.02, 70, 8.1
2025-06-11 12:23:08,-102.0602,32.0062,  31.7,23693,-56.3,-82.1,-77.9,  3,  4, 0.02, 69, 8.2
2025-06-11 12:23:09,-102.0603,32.0061,  31.7,23699,-56.3,-82.1,-77.9,  3,  4, 0.02, 69, 8.2
2025-06-11 12:23:10,-102.0604,32.0061,  31.7,23705,-56.3,-82.1,-77.9,  3,  4, 0.02, 68, 8.3
2025-06-11 12:23:11,-102.0605,32.0061,  31.6,23711,-56.3,-82.1,-77.9,  3,  4, 0.02, 68, 8.4
2025-06-11 12:23:12,-102.0605,32.0060,  31.6,23716,-56.3,-82.1,-77.9,  3,  4, 0.02, 67, 8.4
2025-06-11 12:23:13,-102.0606,32.0060,  31.6,23722,-56.3,-82.1,-77.9,  3,  4, 0.02, 67, 8.5
2025-06-11 12:23:14,-102.0607,32.0060,  31.5,23728,-56.3,-82.1,-77.9,  3,  4, 0.02, 66, 8.6
2025-06-11 12:23:15,-102.0608,32.0059,  31.5,23733,-56.3,-82.1,-77.9,  3,  4, 0.02, 66, 8.6
2025-06-11 12:23:16,-102.0609,32.0059,  31.5,23739,-56.4,-82.1,-77.9,  3,  4, 0.02, 66, 8.7
2025-06-11 12:23:17,-102.0610,32.0059,  31.5,23744,-56.4,-82.1,-77.9,  3,  4, 0.02, 66, 8.8
2025-06-11 12:23:18,-102.0611,32.0059,  31.4,23750,-56.4,-82.1,-77.9,  3,  4, 0.02, 67, 8.9
2025-06-11 12:23:19,-102.0612,32.0058,  31.4,23756,-56.4,-82.1,-77.9,  3,  4, 0.02, 67, 9.0
2025-06-11 12:23:20,-102.0612,32.0058,  31.4,23761,-56.4,-82.1,-77.9,  3,  4, 0.02, 67, 9.1
2025-06-11 12:23:21,-102.0613,32.0058,  31.3,23767,-56.4,-82.1,-77.9,  3,  4, 0.02, 67, 9.1
2025-06-11 12:23:22,-102.0614,32.0057,  31.3,23772,-56.4,-82.1,-77.9,  3,  4, 0.02, 68, 9.2
2025-06-11 12:23:23,-102.0615,32.0057,  31.3,23778,-56.4,-82.1,-77.9,  3,  4, 0.02, 68, 9.3
2025-06-11 12:23:24,-102.0616,32.0057,  31.3,23783,-56.4,-82.0,-77.9,  3,  4, 0.02, 68, 9.4
2025-06-11 12:23:25,-102.0617,32.0057,  31.2,23789,-56.4,-82.0,-77.9,  3,  4, 0.02, 69, 9.5
2025-06-11 12:23:26,-102.0618,32.0057,  31.2,23795,-56.4,-82.0,-77.9,  3,  4, 0.02, 69, 9.6
2025-06-11 12:23:27,-102.0619,32.0056,  31.2,23801,-56.4,-82.0,-77.9,  3,  4, 0.02, 69, 9.7
2025-06-11 12:23:28,-102.0620,32.0056,  31.1,23806,-56.4,-82.0,-77.9,  3,  4, 0.02, 69, 9.7
2025-06-11 12:23:29,-102.0621,32.0056,  31.1,23812,-56.4,-82.0,-77.9,  3,  4, 0.02, 69, 9.8
2025-06-11 12:23:30,-102.0623,32.0056,  31.1,23818,-56.4,-82.0,-77.9,  3,  4, 0.02, 70, 9.9
2025-06-11 12:23:31,-102.0624,32.0056,  31.1,23823,-56.4,-82.0,-77.9,  3,  4, 0.02, 70,10.0
2025-06-11 12:23:32,-102.0625,32.0055,  31.0,23829,-56.4,-82.0,-77.9,  3,  4, 0.02, 70,10.1
2025-06-11 12:23:33,-102.0626,32.0055,  31.0,23835,-56.4,-82.0,-77.9,  3,  4, 0.02, 70,10.2
2025-06-11 12:23:34,-102.0627,32.0055,  31.0,23841,-56.4,-82.0,-77.9,  3,  4, 0.02, 71,10.3
2025-06-11 12:23:35,-102.0628,32.0055,  31.0,23846,-56.4,-82.0,-77.9,  3,  4, 0.02, 71,10.3
2025-06-11 12:23:36,-102.0629,32.0055,  30.9,23852,-56.4,-82.0,-77.9,  3,  4, 0.02, 71,10.3
2025-06-11 12:23:37,-102.0630,32.0054,  30.9,23857,-56.5,-82.0,-77.9,  3,  4, 0.02, 72,10.3
2025-06-11 12:23:38,-102.0631,32.0054,  30.9,23863,-56.5,-82.0,-77.9,  3,  4, 0.02, 72,10.3
2025-06-11 12:23:39,-102.0632,32.0054,  30.8,23869,-56.5,-82.0,-77.8,  3,  4, 0.02, 73,10.2
2025-06-11 12:23:40,-102.0633,32.0054,  30.8,23874,-56.5,-82.0,-77.8,  3,  4, 0.02, 73,10.2
2025-06-11 12:23:41,-102.0634,32.0054,  30.8,23880,-56.5,-82.0,-77.8,  3,  4, 0.02, 74,10.2
2025-06-11 12:23:42,-102.0635,32.0053,  30.8,23886,-56.5,-82.0,-77.8,  3,  4, 0.02, 74,10.1
2025-06-11 12:23:43,-102.0636,32.0053,  30.7,23891,-56.5,-82.0,-77.8,  3,  4, 0.02, 75,10.1
2025-06-11 12:23:44,-102.0637,32.0053,  30.7,23897,-56.5,-82.0,-77.8,  3,  4, 0.02, 76,10.1
2025-06-11 12:23:45,-102.0638,32.0053,  30.7,23903,-56.5,-82.0,-77.8,  3,  4, 0.02, 76,10.1
2025-06-11 12:23:46,-102.0639,32.0053,  30.7,23908,-56.5,-82.0,-77.8,  3,  4, 0.02, 77,10.0
2025-06-11 12:23:47,-102.0640,32.0053,  30.6,23914,-56.5,-82.0,-77.8,  3,  4, 0.02, 77,10.0
2025-06-11 12:23:48,-102.0641,32.0052,  30.6,23920,-56.5,-82.0,-77.9,  3,  4, 0.02, 78,10.0
2025-06-11 12:23:49,-102.0642,32.0052,  30.6,23926,-56.5,-82.0,-77.9,  3,  4, 0.02, 78,10.0
2025-06-11 12:23:50,-102.0643,32.0052,  30.5,23932,-56.5,-82.0,-77.9,  3,  4, 0.02, 79,10.0
2025-06-11 12:23:51,-102.0644,32.0052,  30.5,23938,-56.5,-82.1,-77.9,  3,  4, 0.02, 79, 9.9
2025-06-11 12:23:52,-102.0645,32.0052,  30.5,23943,-56.5,-82.1,-77.9,  3,  4, 0.02, 80, 9.9
2025-06-11 12:23:53,-102.0646,32.0052,  30.5,23949,-56.5,-82.1,-77.9,  3,  4, 0.02, 80, 9.9
2025-06-11 12:23:54,-102.0647,32.0052,  30.4,23955,-56.5,-82.1,-77.9,  3,  4, 0.02, 81, 9.9
2025-06-11 12:23:55,-102.0648,32.0052,  30.4,23961,-56.5,-82.1,-77.9,  3,  4, 0.02, 82, 9.9
2025-06-11 12:23:56,-102.0649,32.0052,  30.4,23967,-56.5,-82.1,-77.9,  3,  4, 0.02, 82, 9.8
2025-06-11 12:23:57,-102.0650,32.0052,  30.3,23972,-56.5,-82.1,-77.9,  3,  4, 0.02, 82, 9.7
2025-06-11 12:23:58,-102.0651,32.0052,  30.3,23978,-56.5,-82.1,-77.9,  3,  4, 0.02, 83, 9.6
2025-06-11 12:23:59,-102.0652,32.0052,  30.3,23983,-56.5,-82.1,-77.9,  3,  4, 0.02, 83, 9.6
2025-06-11 12:24:00,-102.0652,32.0052,  30.3,23989,-56.5,-82.1,-77.9,  3,  4, 0.02, 83, 9.5
2025-06-11 12:24:01,-102.0653,32.0051,  30.2,23994,-56.5,-82.1,-77.9,  3,  4, 0.02, 83, 9.4
2025-06-11 12:24:02,-102.0654,32.0051,  30.2,24000,-56.5,-82.1,-77.9,  3,  4, 0.02, 84, 9.3
2025-06-11 12:24:03,-102.0655,32.0051,  30.2,24005,-56.5,-82.1,-77.9,  3,  4, 0.02, 84, 9.2
2025-06-11 12:24:04,-102.0656,32.0051,  30.2,24011,-56.5,-82.1,-77.9,  3,  4, 0.02, 84, 9.1
2025-06-11 12:24:05,-102.0657,32.0051,  30.1,24017,-56.6,-82.1,-77.9,  3,  4, 0.02, 85, 9.1
2025-06-11 12:24:06,-102.0658,32.0051,  30.1,24023,-56.6,-82.1,-77.9,  3,  4, 0.02, 85, 9.0
2025-06-11 12:24:07,-102.0659,32.0051,  30.1,24030,-56.6,-82.1,-77.9,  3,  4, 0.02, 85, 8.9
2025-06-11 12:24:08,-102.0660,32.0051,  30.0,24036,-56.6,-82.1,-77.9,  3,  5, 0.02, 86, 8.8
2025-06-11 12:24:09,-102.0660,32.0051,  30.0,24045,-56.6,-82.1,-77.9,  3,  5, 0.02, 86, 8.7
2025-06-11 12:24:10,-102.0661,32.0051,  30.0,24049,-56.6,-82.1,-77.9,  3,  5, 0.02, 87, 8.7
2025-06-11 12:24:11,-102.0662,32.0051,  30.0,24055,-56.6,-82.1,-77.9,  3,  5, 0.02, 87, 8.6
2025-06-11 12:24:12,-102.0663,32.0051,  29.9,24062,-56.6,-82.1,-77.9,  3,  5, 0.02, 87, 8.5
2025-06-11 12:24:13,-102.0664,32.0051,  29.9,24068,-56.6,-82.0,-77.9,  3,  5, 0.02, 88, 8.4
2025-06-11 12:24:14,-102.0665,32.0051,  29.9,24075,-56.6,-82.0,-77.9,  3,  5, 0.02, 88, 8.4
2025-06-11 12:24:15,-102.0666,32.0051,  29.8,24081,-56.6,-82.0,-77.8,  3,  5, 0.02, 89, 8.3
2025-06-11 12:24:16,-102.0667,32.0051,  29.8,24087,-56.6,-82.0,-77.8,  3,  5, 0.02, 89, 8.3
2025-06-11 12:24:17,-102.0668,32.0051,  29.8,24094,-56.6,-82.0,-77.8,  3,  5, 0.02, 88, 8.3
2025-06-11 12:24:18,-102.0669,32.0051,  29.7,24100,-56.6,-82.0,-77.8,  3,  5, 0.02, 88, 8.3
2025-06-11 12:24:19,-102.0669,32.0051,  29.7,24106,-56.6,-82.0,-77.8,  3,  5, 0.02, 88, 8.3
2025-06-11 12:24:20,-102.0670,32.0051,  29.7,24112,-56.6,-82.0,-77.8,  3,  5, 0.02, 88, 8.3
2025-06-11 12:24:21,-102.0671,32.0051,  29.7,24118,-56.7,-82.0,-77.8,  3,  5, 0.02, 88, 8.3
2025-06-11 12:24:22,-102.0672,32.0051,  29.6,24124,-56.7,-81.9,-77.8,  3,  5, 0.02, 88, 8.4
2025-06-11 12:24:23,-102.0673,32.0051,  29.6,24130,-56.7,-81.9,-77.8,  3,  5, 0.02, 88, 8.4
2025-06-11 12:24:24,-102.0674,32.0051,  29.6,24136,-56.7,-81.9,-77.7,  3,  5, 0.02, 88, 8.4
2025-06-11 12:24:25,-102.0675,32.0051,  29.5,24142,-56.7,-81.9,-77.7,  3,  5, 0.02, 88, 8.4
2025-06-11 12:24:26,-102.0676,32.0050,  29.5,24147,-56.7,-81.9,-77.7,  3,  5, 0.02, 88, 8.4
2025-06-11 12:24:27,-102.0677,32.0050,  29.5,24154,-56.7,-81.9,-77.7,  3,  5, 0.02, 88, 8.4
2025-06-11 12:24:28,-102.0677,32.0050,  29.5,24161,-56.7,-81.9,-77.7,  3,  5, 0.02, 88, 8.4
2025-06-11 12:24:29,-102.0678,32.0050,  29.4,24167,-56.7,-81.9,-77.8,  3,  5, 0.02, 88, 8.4
2025-06-11 12:24:30,-102.0679,32.0050,  29.4,24173,-56.7,-81.9,-77.8,  3,  5, 0.02, 88, 8.4
2025-06-11 12:24:31,-102.0680,32.0050,  29.4,24179,-56.7,-82.0,-77.8,  3,  5, 0.02, 88, 8.5
2025-06-11 12:24:32,-102.0681,32.0050,  29.3,24185,-56.7,-82.0,-77.8,  3,  5, 0.02, 88, 8.5
2025-06-11 12:24:33,-102.0682,32.0049,  29.3,24191,-56.7,-82.0,-77.8,  3,  5, 0.02, 88, 8.5
2025-06-11 12:24:34,-102.0683,32.0049,  29.3,24196,-56.7,-82.0,-77.8,  3,  5, 0.02, 88, 8.5
2025-06-11 12:24:35,-102.0684,32.0049,  29.3,24202,-56.8,-82.0,-77.8,  3,  5, 0.02, 88, 8.5
2025-06-11 12:24:36,-102.0684,32.0049,  29.2,24208,-56.8,-82.0,-77.8,  3,  5, 0.02, 87, 8.5
2025-06-11 12:24:37,-102.0685,32.0049,  29.2,24214,-56.8,-82.0,-77.8,  3,  5, 0.02, 86, 8.5
2025-06-11 12:24:38,-102.0686,32.0049,  29.2,24220,-56.8,-82.0,-77.8,  3,  5, 0.02, 85, 8.5
2025-06-11 12:24:39,-102.0687,32.0048,  29.2,24226,-56.8,-82.0,-77.8,  3,  5, 0.02, 85, 8.5
2025-06-11 12:24:40,-102.0688,32.0048,  29.1,24232,-56.8,-82.0,-77.9,  3,  5, 0.02, 84, 8.5
2025-06-11 12:24:41,-102.0689,32.0048,  29.1,24238,-56.8,-82.1,-77.9,  3,  5, 0.02, 83, 8.5
2025-06-11 12:24:42,-102.0690,32.0048,  29.1,24243,-56.8,-82.1,-77.9,  3,  5, 0.02, 82, 8.5
2025-06-11 12:24:43,-102.0691,32.0048,  29.0,24249,-56.8,-82.1,-77.9,  3,  5, 0.02, 82, 8.5
2025-06-11 12:24:44,-102.0692,32.0048,  29.0,24255,-56.8,-82.1,-77.9,  3,  5, 0.02, 81, 8.5
2025-06-11 12:24:45,-102.0692,32.0047,  29.0,24262,-56.8,-82.1,-78.0,  3,  5, 0.02, 80, 8.5
2025-06-11 12:24:46,-102.0693,32.0047,  29.0,24268,-56.8,-82.2,-78.0,  3,  5, 0.02, 80, 8.5
2025-06-11 12:24:47,-102.0694,32.0047,  28.9,24274,-56.8,-82.2,-78.0,  3,  5, 0.02, 79, 8.5
2025-06-11 12:24:48,-102.0695,32.0047,  28.9,24280,-56.8,-82.2,-78.0,  3,  5, 0.02, 78, 8.5
2025-06-11 12:24:49,-102.0696,32.0047,  28.9,24285,-56.8,-82.2,-78.1,  3,  5, 0.02, 77, 8.6
2025-06-11 12:24:50,-102.0697,32.0047,  28.9,24291,-56.8,-82.2,-78.1,  3,  5, 0.02, 77, 8.6
2025-06-11 12:24:51,-102.0698,32.0047,  28.8,24297,-56.8,-82.3,-78.1,  3,  4, 0.02, 76, 8.6
2025-06-11 12:24:52,-102.0699,32.0046,  28.8,24302,-56.8,-82.3,-78.1,  3,  4, 0.02, 75, 8.6
2025-06-11 12:24:53,-102.0699,32.0046,  28.8,24308,-56.8,-82.3,-78.1,  3,  4, 0.02, 74, 8.6
2025-06-11 12:24:54,-102.0700,32.0046,  28.8,24313,-56.8,-82.3,-78.1,  3,  4, 0.02, 74, 8.6
2025-06-11 12:24:55,-102.0701,32.0046,  28.7,24319,-56.8,-82.3,-78.1,  3,  4, 0.02, 73, 8.7
2025-06-11 12:24:56,-102.0702,32.0046,  28.7,24324,-56.9,-82.3,-78.1,  3,  5, 0.02, 73, 8.7
2025-06-11 12:24:57,-102.0703,32.0046,  28.7,24329,-56.9,-82.3,-78.1,  3,  5, 0.02, 74, 8.7
2025-06-11 12:24:58,-102.0704,32.0046,  28.7,24335,-56.9,-82.3,-78.1,  3,  5, 0.02, 74, 8.7
2025-06-11 12:24:59,-102.0705,32.0046,  28.6,24340,-56.9,-82.3,-78.1,  3,  5, 0.02, 75, 8.7
2025-06-11 12:25:00,-102.0706,32.0045,  28.6,24344,-56.9,-82.3,-78.1,  3,  5, 0.02, 75, 8.8
2025-06-11 12:25:01,-102.0707,32.0045,  28.6,24351,-56.9,-82.3,-78.1,  3,  5, 0.02, 75, 8.8
2025-06-11 12:25:02,-102.0708,32.0045,  28.6,24356,-56.9,-82.2,-78.1,  3,  5, 0.02, 76, 8.8
2025-06-11 12:25:03,-102.0709,32.0045,  28.5,24361,-56.9,-82.2,-78.1,  3,  5, 0.02, 76, 8.8
2025-06-11 12:25:04,-102.0710,32.0045,  28.5,24366,-56.9,-82.2,-78.1,  3,  5, 0.02, 77, 8.9
2025-06-11 12:25:05,-102.0711,32.0045,  28.5,24371,-56.9,-82.2,-78.1,  3,  5, 0.02, 77, 8.9
2025-06-11 12:25:06,-102.0712,32.0045,  28.5,24377,-56.9,-82.2,-78.0,  3,  5, 0.02, 77, 8.9
2025-06-11 12:25:07,-102.0713,32.0045,  28.4,24383,-56.9,-82.2,-78.1,  3,  5, 0.02, 78, 9.0
2025-06-11 12:25:08,-102.0714,32.0045,  28.4,24389,-56.9,-82.2,-78.1,  3,  5, 0.02, 78, 9.0
2025-06-11 12:25:09,-102.0715,32.0045,  28.4,24394,-56.9,-82.2,-78.1,  3,  5, 0.02, 78, 9.0
2025-06-11 12:25:10,-102.0716,32.0044,  28.4,24400,-56.9,-82.2,-78.1,  3,  5, 0.02, 79, 9.0
2025-06-11 12:25:11,-102.0717,32.0044,  28.3,24406,-56.9,-82.2,-78.1,  3,  5, 0.02, 79, 9.1
2025-06-11 12:25:12,-102.0718,32.0044,  28.3,24412,-56.9,-82.2,-78.1,  3,  5, 0.02, 80, 9.1
2025-06-11 12:25:13,-102.0719,32.0044,  28.3,24418,-56.9,-82.3,-78.1,  3,  5, 0.02, 80, 9.1
2025-06-11 12:25:14,-102.0720,32.0044,  28.3,24423,-56.8,-82.3,-78.1,  3,  5, 0.02, 80, 9.1
2025-06-11 12:25:15,-102.0721,32.0044,  28.2,24429,-56.8,-82.2,-78.1,  3,  5, 0.02, 81, 9.2
2025-06-11 12:25:16,-102.0721,32.0044,  28.2,24435,-56.8,-82.2,-78.1,  3,  5, 0.02, 81, 9.2
2025-06-11 12:25:17,-102.0722,32.0044,  28.2,24441,-56.8,-82.2,-78.1,  3,  5, 0.02, 82, 9.2
2025-06-11 12:25:18,-102.0723,32.0044,  28.2,24446,-56.8,-82.2,-78.1,  3,  5, 0.02, 82, 9.2
2025-06-11 12:25:19,-102.0724,32.0043,  28.1,24452,-56.8,-82.2,-78.1,  3,  4, 0.02, 83, 9.2
2025-06-11 12:25:20,-102.0725,32.0043,  28.1,24457,-56.8,-82.2,-78.1,  3,  4, 0.02, 83, 9.1
2025-06-11 12:25:21,-102.0726,32.0043,  28.1,24462,-56.8,-82.2,-78.1,  3,  4, 0.02, 84, 9.1
2025-06-11 12:25:22,-102.0727,32.0043,  28.1,24468,-56.7,-82.2,-78.1,  3,  4, 0.02, 84, 9.1
2025-06-11 12:25:23,-102.0728,32.0043,  28.0,24473,-56.7,-82.2,-78.1,  3,  4, 0.02, 85, 9.1
2025-06-11 12:25:24,-102.0729,32.0043,  28.0,24479,-56.7,-82.3,-78.1,  3,  4, 0.02, 85, 9.1
2025-06-11 12:25:25,-102.0730,32.0043,  28.0,24484,-56.7,-82.3,-78.1,  3,  4, 0.02, 85, 9.1
2025-06-11 12:25:26,-102.0731,32.0043,  28.0,24490,-56.7,-82.3,-78.1,  3,  4, 0.02, 86, 9.1
2025-06-11 12:25:27,-102.0732,32.0043,  27.9,24495,-56.7,-82.3,-78.1,  3,  4, 0.02, 86, 9.1
2025-06-11 12:25:28,-102.0733,32.0044,  27.9,24501,-56.7,-82.3,-78.1,  3,  4, 0.02, 87, 9.1
2025-06-11 12:25:29,-102.0734,32.0044,  27.9,24506,-56.6,-82.3,-78.1,  3,  4, 0.02, 87, 9.1
2025-06-11 12:25:30,-102.0735,32.0044,  27.9,24511,-56.6,-82.3,-78.1,  3,  4, 0.02, 88, 9.1
2025-06-11 12:25:31,-102.0736,32.0044,  27.8,24516,-56.6,-82.3,-78.1,  3,  4, 0.02, 88, 9.1
2025-06-11 12:25:32,-102.0737,32.0044,  27.8,24522,-56.6,-82.3,-78.1,  3,  4, 0.02, 89, 9.1
2025-06-11 12:25:33,-102.0737,32.0044,  27.8,24527,-56.6,-82.3,-78.1,  3,  4, 0.02, 89, 9.1
2025-06-11 12:25:34,-102.0738,32.0044,  27.8,24533,-56.6,-82.3,-78.1,  3,  4, 0.02, 90, 9.2
2025-06-11 12:25:35,-102.0739,32.0044,  27.8,24538,-56.5,-82.3,-78.1,  3,  4, 0.02, 90, 9.2
2025-06-11 12:25:36,-102.0740,32.0044,  27.7,24543,-56.5,-82.3,-78.1,  3,  4, 0.02, 91, 9.1
2025-06-11 12:25:37,-102.0741,32.0044,  27.7,24549,-56.5,-82.3,-78.1,  3,  4, 0.02, 91, 9.1
2025-06-11 12:25:38,-102.0742,32.0044,  27.7,24554,-56.5,-82.3,-78.1,  3,  4, 0.02, 92, 9.1
2025-06-11 12:25:39,-102.0743,32.0045,  27.7,24560,-56.5,-82.3,-78.1,  3,  4, 0.02, 92, 9.1
2025-06-11 12:25:40,-102.0744,32.0045,  27.6,24566,-56.5,-82.3,-78.1,  3,  4, 0.02, 93, 9.1
2025-06-11 12:25:41,-102.0745,32.0045,  27.6,24572,-56.4,-82.3,-78.1,  3,  4, 0.02, 93, 9.0
2025-06-11 12:25:42,-102.0746,32.0045,  27.6,24577,-56.4,-82.2,-78.1,  3,  4, 0.02, 93, 9.0
2025-06-11 12:25:43,-102.0747,32.0045,  27.6,24583,-56.4,-82.2,-78.1,  3,  4, 0.02, 94, 9.0
2025-06-11 12:25:44,-102.0748,32.0045,  27.5,24589,-56.4,-82.2,-78.1,  3,  4, 0.02, 94, 9.0
2025-06-11 12:25:45,-102.0749,32.0045,  27.5,24594,-56.4,-82.2,-78.1,  2,  4, 0.02, 95, 9.0
2025-06-11 12:25:46,-102.0750,32.0045,  27.5,24600,-56.3,-82.2,-78.1,  2,  4, 0.02, 95, 9.0
2025-06-11 12:25:47,-102.0751,32.0045,  27.5,24605,-56.3,-82.2,-78.1,  2,  4, 0.02, 96, 9.0
2025-06-11 12:25:48,-102.0751,32.0045,  27.4,24610,-56.3,-82.2,-78.1,  2,  4, 0.02, 96, 8.9
2025-06-11 12:25:49,-102.0752,32.0045,  27.4,24615,-56.3,-82.2,-78.0,  2,  4, 0.02, 97, 8.9
2025-06-11 12:25:50,-102.0753,32.0046,  27.4,24621,-56.3,-82.2,-78.0,  2,  4, 0.02, 97, 8.9
2025-06-11 12:25:51,-102.0754,32.0046,  27.4,24626,-56.3,-82.2,-78.0,  2,  4, 0.02, 98, 8.9
2025-06-11 12:25:52,-102.0755,32.0046,  27.3,24632,-56.2,-82.2,-78.0,  2,  4, 0.02, 98, 8.9
2025-06-11 12:25:53,-102.0756,32.0046,  27.3,24637,-56.2,-82.2,-78.0,  2,  4, 0.02, 98, 8.9
2025-06-11 12:25:54,-102.0757,32.0046,  27.3,24643,-56.2,-82.2,-78.0,  2,  4, 0.02, 99, 8.9
2025-06-11 12:25:55,-102.0758,32.0046,  27.3,24648,-56.2,-82.2,-78.0,  2,  4, 0.02, 99, 8.9
2025-06-11 12:25:56,-102.0758,32.0046,  27.3,24653,-56.2,-82.1,-78.0,  2,  4, 0.02,100, 8.8
2025-06-11 12:25:57,-102.0759,32.0046,  27.2,24658,-56.1,-82.1,-78.0,  2,  4, 0.02,100, 8.7
2025-06-11 12:25:58,-102.0760,32.0047,  27.2,24663,-56.1,-82.1,-77.9,  2,  4, 0.02,100, 8.7
2025-06-11 12:25:59,-102.0761,32.0047,  27.2,24669,-56.1,-82.1,-77.9,  2,  4, 0.02,100, 8.6
2025-06-11 12:26:00,-102.0761,32.0047,  27.2,24674,-56.1,-82.1,-77.9,  2,  4, 0.02,100, 8.5
2025-06-11 12:26:01,-102.0762,32.0047,  27.1,24679,-56.0,-82.1,-77.9,  2,  4, 0.02,101, 8.5
2025-06-11 12:26:02,-102.0763,32.0047,  27.1,24684,-56.0,-82.1,-77.9,  2,  4, 0.02,101, 8.4
2025-06-11 12:26:03,-102.0764,32.0047,  27.1,24689,-56.0,-82.0,-77.9,  2,  4, 0.02,101, 8.3
2025-06-11 12:26:04,-102.0764,32.0047,  27.1,24695,-56.0,-82.0,-77.8,  2,  4, 0.02,101, 8.3
2025-06-11 12:26:05,-102.0765,32.0047,  27.1,24700,-56.0,-82.0,-77.8,  2,  4, 0.02,101, 8.2
2025-06-11 12:26:06,-102.0766,32.0048,  27.0,24705,-55.9,-82.0,-77.8,  2,  4, 0.02,102, 8.1
2025-06-11 12:26:07,-102.0767,32.0048,  27.0,24711,-55.9,-82.0,-77.8,  2,  4, 0.02,102, 8.1
2025-06-11 12:26:08,-102.0767,32.0048,  27.0,24716,-55.9,-81.9,-77.8,  2,  4, 0.02,102, 8.0
2025-06-11 12:26:09,-102.0768,32.0048,  27.0,24721,-55.8,-81.9,-77.7,  2,  4, 0.02,102, 8.0
2025-06-11 12:26:10,-102.0769,32.0048,  26.9,24726,-55.8,-81.9,-77.7,  2,  4, 0.02,103, 7.9
2025-06-11 12:26:11,-102.0770,32.0048,  26.9,24732,-55.8,-81.9,-77.7,  2,  4, 0.02,103, 7.8
2025-06-11 12:26:12,-102.0770,32.0048,  26.9,24737,-55.7,-81.8,-77.6,  2,  4, 0.02,103, 7.8
2025-06-11 12:26:13,-102.0771,32.0048,  26.9,24742,-55.7,-81.8,-77.6,  2,  4, 0.02,103, 7.7
2025-06-11 12:26:14,-102.0772,32.0049,  26.9,24747,-55.7,-81.8,-77.6,  2,  4, 0.02,103, 7.6
2025-06-11 12:26:15,-102.0773,32.0049,  26.8,24752,-55.6,-81.8,-77.6,  2,  4, 0.02,104, 7.6
2025-06-11 12:26:16,-102.0773,32.0049,  26.8,24757,-55.6,-81.7,-77.5,  2,  4, 0.02,103, 7.5
2025-06-11 12:26:17,-102.0774,32.0049,  26.8,24762,-55.6,-81.7,-77.5,  2,  4, 0.02,103, 7.4
2025-06-11 12:26:18,-102.0775,32.0049,  26.8,24767,-55.5,-81.7,-77.5,  2,  4, 0.02,102, 7.3
2025-06-11 12:26:19,-102.0776,32.0049,  26.7,24773,-55.5,-81.7,-77.5,  2,  4, 0.02,102, 7.2
2025-06-11 12:26:20,-102.0776,32.0049,  26.7,24779,-55.5,-81.7,-77.5,  2,  4, 0.02,101, 7.2
2025-06-11 12:26:21,-102.0777,32.0049,  26.7,24785,-55.4,-81.6,-77.4,  2,  4, 0.02,101, 7.1
2025-06-11 12:26:22,-102.0778,32.0050,  26.7,24791,-55.4,-81.6,-77.4,  2,  4, 0.02,100, 7.0
2025-06-11 12:26:23,-102.0779,32.0050,  26.6,24797,-55.4,-81.6,-77.4,  2,  4, 0.02,100, 6.9
2025-06-11 12:26:24,-102.0779,32.0050,  26.6,24802,-55.3,-81.6,-77.4,  2,  4, 0.02, 99, 6.8
2025-06-11 12:26:25,-102.0780,32.0049,  26.6,24807,-55.3,-81.6,-77.4,  2,  4, 0.02, 99, 6.8
2025-06-11 12:26:26,-102.0781,32.0049,  26.6,24812,-55.3,-81.5,-77.3,  2,  4, 0.02, 98, 6.7
2025-06-11 12:26:27,-102.0781,32.0049,  26.6,24817,-55.2,-81.5,-77.3,  2,  4, 0.02, 97, 6.6
2025-06-11 12:26:28,-102.0782,32.0049,  26.5,24822,-55.2,-81.5,-77.3,  2,  4, 0.02, 97, 6.5
2025-06-11 12:26:29,-102.0783,32.0048,  26.5,24828,-55.2,-81.5,-77.3,  2,  4, 0.02, 96, 6.5
2025-06-11 12:26:30,-102.0784,32.0048,  26.5,24833,-55.1,-81.4,-77.3,  2,  4, 0.02, 95, 6.4
2025-06-11 12:26:31,-102.0784,32.0048,  26.5,24838,-55.1,-81.4,-77.2,  2,  4, 0.02, 95, 6.3
2025-06-11 12:26:32,-102.0785,32.0048,  26.4,24844,-55.0,-81.4,-77.2,  2,  4, 0.02, 94, 6.2
2025-06-11 12:26:33,-102.0786,32.0048,  26.4,24849,-55.0,-81.4,-77.2,  2,  4, 0.02, 93, 6.2
2025-06-11 12:26:34,-102.0786,32.0047,  26.4,24855,-55.0,-81.4,-77.2,  2,  4, 0.02, 93, 6.1
2025-06-11 12:26:35,-102.0787,32.0047,  26.4,24860,-54.9,-81.3,-77.1,  2,  4, 0.02, 92, 6.0
2025-06-11 12:26:36,-102.0788,32.0047,  26.4,24865,-54.9,-81.3,-77.1,  2,  4, 0.02, 90, 6.1
2025-06-11 12:26:37,-102.0788,32.0047,  26.3,24870,-54.9,-81.3,-77.1,  2,  4, 0.02, 88, 6.2
2025-06-11 12:26:38,-102.0789,32.0047,  26.3,24875,-54.9,-81.3,-77.1,  2,  4, 0.02, 87, 6.3
2025-06-11 12:26:39,-102.0790,32.0046,  26.3,24880,-54.8,-81.2,-77.0,  2,  4, 0.02, 85, 6.4
2025-06-11 12:26:40,-102.0791,32.0046,  26.3,24886,-54.8,-81.2,-77.0,  2,  4, 0.02, 83, 6.5
2025-06-11 12:26:41,-102.0791,32.0046,  26.3,24891,-54.8,-81.2,-77.0,  2,  4, 0.02, 82, 6.6
2025-06-11 12:26:42,-102.0792,32.0046,  26.2,24896,-54.7,-81.2,-77.0,  2,  4, 0.02, 80, 6.7
2025-06-11 12:26:43,-102.0793,32.0045,  26.2,24901,-54.7,-81.2,-77.0,  2,  4, 0.02, 79, 6.8
2025-06-11 12:26:44,-102.0793,32.0045,  26.2,24906,-54.7,-81.1,-76.9,  2,  4, 0.02, 77, 6.9
2025-06-11 12:26:45,-102.0794,32.0045,  26.2,24911,-54.6,-81.1,-76.9,  2,  4, 0.02, 76, 7.0
2025-06-11 12:26:46,-102.0795,32.0045,  26.2,24916,-54.6,-81.1,-76.9,  2,  4, 0.02, 75, 7.1
2025-06-11 12:26:47,-102.0795,32.0045,  26.1,24921,-54.6,-81.1,-76.9,  2,  4, 0.02, 73, 7.2
2025-06-11 12:26:48,-102.0796,32.0044,  26.1,24926,-54.5,-81.1,-76.9,  2,  4, 0.02, 72, 7.3
2025-06-11 12:26:49,-102.0797,32.0044,  26.1,24932,-54.5,-81.0,-76.8,  2,  4, 0.02, 71, 7.3
2025-06-11 12:26:50,-102.0798,32.0044,  26.1,24937,-54.5,-81.0,-76.8,  2,  4, 0.02, 69, 7.4
2025-06-11 12:26:51,-102.0798,32.0044,  26.0,24942,-54.4,-81.0,-76.8,  2,  4, 0.02, 68, 7.5
2025-06-11 12:26:52,-102.0799,32.0044,  26.0,24947,-54.4,-81.0,-76.8,  2,  4, 0.02, 67, 7.6
2025-06-11 12:26:53,-102.0800,32.0043,  26.0,24952,-54.4,-81.0,-76.8,  2,  4, 0.02, 66, 7.7
2025-06-11 12:26:54,-102.0800,32.0043,  26.0,24957,-54.3,-81.0,-76.8,  2,  4, 0.02, 65, 7.8
2025-06-11 12:26:55,-102.0801,32.0043,  26.0,24962,-54.3,-80.9,-76.7,  2,  4, 0.02, 64, 7.9
2025-06-11 12:26:56,-102.0802,32.0043,  25.9,24966,-54.3,-80.9,-76.7,  2,  4, 0.02, 64, 8.0
2025-06-11 12:26:57,-102.0803,32.0042,  25.9,24971,-54.2,-80.9,-76.7,  2,  4, 0.02, 64, 8.1
2025-06-11 12:26:58,-102.0804,32.0042,  25.9,24976,-54.2,-80.8,-76.6,  2,  4, 0.02, 64, 8.1
2025-06-11 12:26:59,-102.0805,32.0042,  25.9,24981,-54.2,-80.8,-76.6,  2,  4, 0.02, 65, 8.2
2025-06-11 12:27:00,-102.0806,32.0041,  25.9,24986,-54.1,-80.8,-76.6,  2,  4, 0.02, 65, 8.3
2025-06-11 12:27:01,-102.0807,32.0041,  25.8,24991,-54.1,-80.8,-76.6,  2,  4, 0.02, 65, 8.4
2025-06-11 12:27:02,-102.0808,32.0041,  25.8,24996,-54.1,-80.7,-76.5,  2,  4, 0.02, 65, 8.4
2025-06-11 12:27:03,-102.0809,32.0040,  25.8,25001,-54.0,-80.7,-76.5,  2,  4, 0.02, 65, 8.5
2025-06-11 12:27:04,-102.0809,32.0040,  25.8,25007,-54.0,-80.7,-76.5,  2,  4, 0.02, 66, 8.6
2025-06-11 12:27:05,-102.0810,32.0040,  25.8,25012,-54.0,-80.7,-76.5,  2,  4, 0.02, 66, 8.7
2025-06-11 12:27:06,-102.0811,32.0040,  25.7,25017,-53.9,-80.6,-76.4,  2,  4, 0.02, 66, 8.7
2025-06-11 12:27:07,-102.0812,32.0039,  25.7,25022,-53.9,-80.6,-76.4,  2,  4, 0.02, 66, 8.8
2025-06-11 12:27:08,-102.0813,32.0039,  25.7,25027,-53.9,-80.6,-76.4,  2,  4, 0.02, 66, 8.9
2025-06-11 12:27:09,-102.0814,32.0039,  25.7,25033,-53.8,-80.6,-76.4,  2,  4, 0.02, 67, 9.0
2025-06-11 12:27:10,-102.0815,32.0038,  25.7,25038,-53.8,-80.6,-76.3,  2,  4, 0.02, 67, 9.0
2025-06-11 12:27:11,-102.0816,32.0038,  25.6,25043,-53.8,-80.5,-76.3,  2,  4, 0.02, 67, 9.1
2025-06-11 12:27:12,-102.0817,32.0038,  25.6,25048,-53.7,-80.5,-76.3,  2,  4, 0.02, 67, 9.2
2025-06-11 12:27:13,-102.0818,32.0038,  25.6,25053,-53.7,-80.5,-76.3,  2,  4, 0.02, 67, 9.3
2025-06-11 12:27:14,-102.0818,32.0037,  25.6,25059,-53.7,-80.5,-76.3,  2,  4, 0.02, 67, 9.3
2025-06-11 12:27:15,-102.0819,32.0037,  25.6,25064,-53.6,-80.5,-76.3,  2,  4, 0.02, 68, 9.4
2025-06-11 12:27:16,-102.0820,32.0037,  25.5,25069,-53.6,-80.5,-76.2,  2,  4, 0.02, 68, 9.4
2025-06-11 12:27:17,-102.0821,32.0036,  25.5,25074,-53.6,-80.4,-76.2,  2,  4, 0.02, 68, 9.3
2025-06-11 12:27:18,-102.0822,32.0036,  25.5,25080,-53.5,-80.4,-76.2,  2,  4, 0.02, 68, 9.3
2025-06-11 12:27:19,-102.0823,32.0036,  25.5,25085,-53.5,-80.4,-76.2,  2,  4, 0.02, 69, 9.2
2025-06-11 12:27:20,-102.0824,32.0036,  25.5,25090,-53.5,-80.4,-76.2,  2,  4, 0.02, 69, 9.2
2025-06-11 12:27:21,-102.0825,32.0035,  25.4,25096,-53.5,-80.4,-76.2,  2,  4, 0.02, 69, 9.2
2025-06-11 12:27:22,-102.0826,32.0035,  25.4,25101,-53.4,-80.4,-76.2,  2,  4, 0.02, 70, 9.1
2025-06-11 12:27:23,-102.0827,32.0035,  25.4,25106,-53.4,-80.4,-76.2,  2,  4, 0.02, 70, 9.1
2025-06-11 12:27:24,-102.0828,32.0034,  25.4,25111,-53.4,-80.4,-76.1,  2,  4, 0.02, 70, 9.0
2025-06-11 12:27:25,-102.0828,32.0034,  25.3,25116,-53.3,-80.3,-76.1,  2,  4, 0.02, 70, 9.0
2025-06-11 12:27:26,-102.0829,32.0034,  25.3,25121,-53.3,-80.3,-76.1,  2,  4, 0.03, 71, 9.0
2025-06-11 12:27:27,-102.0830,32.0034,  25.3,25126,-53.3,-80.3,-76.1,  2,  4, 0.03, 71, 8.9
2025-06-11 12:27:28,-102.0831,32.0034,  25.3,25132,-53.3,-80.3,-76.1,  2,  4, 0.03, 71, 8.9
2025-06-11 12:27:29,-102.0832,32.0033,  25.3,25137,-53.2,-80.3,-76.1,  2,  4, 0.03, 72, 8.9
2025-06-11 12:27:30,-102.0833,32.0033,  25.2,25142,-53.2,-80.3,-76.1,  2,  4, 0.03, 72, 8.8
2025-06-11 12:27:31,-102.0834,32.0033,  25.2,25147,-53.2,-80.3,-76.1,  2,  4, 0.03, 72, 8.8
2025-06-11 12:27:32,-102.0835,32.0033,  25.2,25153,-53.2,-80.3,-76.1,  2,  4, 0.03, 73, 8.7
2025-06-11 12:27:33,-102.0836,32.0033,  25.2,25158,-53.1,-80.3,-76.1,  2,  4, 0.03, 73, 8.7
2025-06-11 12:27:34,-102.0837,32.0032,  25.2,25164,-53.1,-80.3,-76.1,  2,  4, 0.03, 73, 8.7
2025-06-11 12:27:35,-102.0838,32.0032,  25.1,25170,-53.1,-80.3,-76.0,  2,  4, 0.03, 74, 8.6
2025-06-11 12:27:36,-102.0839,32.0032,  25.1,25175,-53.1,-80.2,-76.0,  2,  4, 0.03, 74, 8.7
2025-06-11 12:27:37,-102.0840,32.0032,  25.1,25181,-53.0,-80.2,-76.0,  2,  4, 0.03, 74, 8.7
2025-06-11 12:27:38,-102.0841,32.0032,  25.1,25186,-53.0,-80.2,-76.0,  2,  4, 0.03, 74, 8.8
2025-06-11 12:27:39,-102.0842,32.0031,  25.1,25192,-53.0,-80.2,-76.0,  2,  4, 0.03, 75, 8.8
2025-06-11 12:27:40,-102.0843,32.0031,  25.0,25198,-53.0,-80.1,-75.9,  2,  4, 0.03, 75, 8.9
2025-06-11 12:27:41,-102.0844,32.0031,  25.0,25203,-52.9,-80.1,-75.9,  2,  4, 0.03, 75, 8.9
2025-06-11 12:27:42,-102.0845,32.0031,  25.0,25209,-52.9,-80.1,-75.9,  2,  4, 0.03, 75, 9.0
2025-06-11 12:27:43,-102.0846,32.0031,  25.0,25215,-52.9,-80.1,-75.9,  2,  4, 0.03, 75, 9.0
2025-06-11 12:27:44,-102.0846,32.0030,  24.9,25220,-52.9,-80.1,-75.8,  2,  4, 0.03, 75, 9.1
2025-06-11 12:27:45,-102.0847,32.0030,  24.9,25226,-52.8,-80.0,-75.8,  2,  4, 0.03, 76, 9.1
2025-06-11 12:27:46,-102.0848,32.0030,  24.9,25231,-52.8,-80.0,-75.8,  2,  4, 0.03, 76, 9.2
2025-06-11 12:27:47,-102.0849,32.0030,  24.9,25236,-52.8,-80.0,-75.8,  2,  4, 0.03, 76, 9.2
2025-06-11 12:27:48,-102.0850,32.0030,  24.9,25242,-52.7,-80.0,-75.8,  2,  4, 0.03, 76, 9.3
2025-06-11 12:27:49,-102.0851,32.0029,  24.8,25247,-52.7,-80.0,-75.7,  2,  4, 0.03, 76, 9.3
2025-06-11 12:27:50,-102.0852,32.0029,  24.8,25253,-52.7,-79.9,-75.7,  2,  4, 0.03, 77, 9.4
2025-06-11 12:27:51,-102.0853,32.0029,  24.8,25259,-52.7,-79.9,-75.7,  2,  4, 0.03, 77, 9.4
2025-06-11 12:27:52,-102.0854,32.0029,  24.8,25265,-52.6,-79.9,-75.7,  2,  4, 0.03, 77, 9.5
2025-06-11 12:27:53,-102.0855,32.0029,  24.7,25271,-52.6,-79.9,-75.7,  2,  4, 0.03, 77, 9.5
2025-06-11 12:27:54,-102.0856,32.0029,  24.7,25277,-52.6,-79.9,-75.7,  2,  4, 0.03, 77, 9.6
2025-06-11 12:27:55,-102.0857,32.0028,  24.7,25283,-52.6,-79.9,-75.7,  2,  4, 0.03, 77, 9.6
2025-06-11 12:27:56,-102.0858,32.0028,  24.7,25288,-52.5,-79.9,-75.6,  2,  4, 0.03, 77, 9.6
2025-06-11 12:27:57,-102.0859,32.0028,  24.7,25293,-52.5,-79.8,-75.6,  2,  4, 0.03, 77, 9.5
2025-06-11 12:27:58,-102.0860,32.0028,  24.6,25299,-52.5,-79.8,-75.6,  2,  4, 0.03, 77, 9.5
2025-06-11 12:27:59,-102.0861,32.0028,  24.6,25304,-52.4,-79.8,-75.6,  2,  4, 0.03, 77, 9.4
2025-06-11 12:28:00,-102.0861,32.0028,  24.6,25310,-52.4,-79.8,-75.6,  2,  4, 0.03, 78, 9.4
2025-06-11 12:28:01,-102.0862,32.0028,  24.6,25315,-52.4,-79.8,-75.5,  2,  4, 0.03, 78, 9.3
2025-06-11 12:28:02,-102.0863,32.0027,  24.6,25321,-52.4,-79.8,-75.5,  2,  4, 0.03, 78, 9.3
2025-06-11 12:28:03,-102.0864,32.0027,  24.5,25326,-52.3,-79.7,-75.5,  2,  4, 0.03, 78, 9.2
2025-06-11 12:28:04,-102.0865,32.0027,  24.5,25331,-52.3,-79.7,-75.5,  2,  4, 0.03, 78, 9.2
2025-06-11 12:28:05,-102.0866,32.0027,  24.5,25337,-52.3,-79.7,-75.5,  2,  4, 0.03, 78, 9.1
2025-06-11 12:28:06,-102.0867,32.0027,  24.5,25342,-52.2,-79.7,-75.5,  2,  4, 0.03, 78, 9.1
2025-06-11 12:28:07,-102.0868,32.0027,  24.5,25348,-52.2,-79.7,-75.5,  2,  4, 0.03, 78, 9.0
2025-06-11 12:28:08,-102.0869,32.0027,  24.4,25353,-52.2,-79.7,-75.4,  2,  4, 0.03, 78, 9.0
2025-06-11 12:28:09,-102.0870,32.0026,  24.4,25359,-52.2,-79.7,-75.4,  2,  4, 0.03, 78, 8.9
2025-06-11 12:28:10,-102.0871,32.0026,  24.4,25364,-52.1,-79.6,-75.4,  2,  4, 0.03, 78, 8.9
2025-06-11 12:28:11,-102.0872,32.0026,  24.4,25370,-52.1,-79.6,-75.4,  2,  4, 0.03, 78, 8.8
2025-06-11 12:28:12,-102.0873,32.0026,  24.3,25376,-52.1,-79.6,-75.4,  2,  4, 0.03, 78, 8.8
2025-06-11 12:28:13,-102.0874,32.0026,  24.3,25382,-52.0,-79.6,-75.4,  2,  4, 0.03, 78, 8.7
2025-06-11 12:28:14,-102.0874,32.0026,  24.3,25390,-52.0,-79.6,-75.3,  2,  4, 0.03, 78, 8.7
2025-06-11 12:28:15,-102.0875,32.0026,  24.3,25394,-52.0,-79.6,-75.3,  2,  4, 0.03, 78, 8.6
2025-06-11 12:28:16,-102.0876,32.0025,  24.3,25400,-52.0,-79.5,-75.3,  2,  4, 0.03, 78, 8.7
2025-06-11 12:28:17,-102.0877,32.0025,  24.2,25406,-51.9,-79.5,-75.3,  2,  4, 0.03, 79, 8.7
2025-06-11 12:28:18,-102.0878,32.0025,  24.2,25412,-51.9,-79.5,-75.2,  2,  4, 0.03, 79, 8.8
2025-06-11 12:28:19,-102.0879,32.0025,  24.2,25418,-51.9,-79.4,-75.2,  2,  4, 0.03, 79, 8.8
2025-06-11 12:28:20,-102.0880,32.0025,  24.2,25424,-51.8,-79.4,-75.2,  2,  4, 0.03, 79, 8.8
2025-06-11 12:28:21,-102.0881,32.0025,  24.1,25431,-51.8,-79.4,-75.2,  2,  4, 0.03, 80, 8.9
2025-06-11 12:28:22,-102.0882,32.0025,  24.1,25437,-51.8,-79.4,-75.1,  2,  4, 0.03, 80, 8.9
2025-06-11 12:28:23,-102.0883,32.0025,  24.1,25443,-51.8,-79.3,-75.1,  2,  4, 0.03, 80, 9.0
2025-06-11 12:28:24,-102.0884,32.0024,  24.1,25449,-51.7,-79.3,-75.1,  2,  4, 0.03, 80, 9.0
2025-06-11 12:28:25,-102.0885,32.0024,  24.1,25455,-51.7,-79.3,-75.1,  2,  4, 0.03, 81, 9.1
2025-06-11 12:28:26,-102.0886,32.0024,  24.0,25461,-51.7,-79.3,-75.0,  2,  4, 0.03, 81, 9.1
2025-06-11 12:28:27,-102.0887,32.0024,  24.0,25467,-51.7,-79.2,-75.0,  2,  4, 0.03, 81, 9.2
2025-06-11 12:28:28,-102.0888,32.0024,  24.0,25473,-51.6,-79.2,-75.0,  2,  4, 0.03, 81, 9.2
2025-06-11 12:28:29,-102.0889,32.0024,  24.0,25479,-51.6,-79.2,-74.9,  2,  4, 0.03, 82, 9.3
2025-06-11 12:28:30,-102.0890,32.0023,  23.9,25485,-51.6,-79.1,-74.9,  2,  4, 0.03, 82, 9.3
2025-06-11 12:28:31,-102.0891,32.0023,  23.9,25490,-51.5,-79.1,-74.8,  2,  4, 0.03, 82, 9.3
2025-06-11 12:28:32,-102.0892,32.0023,  23.9,25496,-51.5,-79.0,-74.8,  2,  4, 0.03, 82, 9.4
2025-06-11 12:28:33,-102.0893,32.0023,  23.9,25502,-51.5,-79.0,-74.8,  2,  4, 0.03, 83, 9.4
2025-06-11 12:28:34,-102.0894,32.0023,  23.9,25508,-51.5,-79.0,-74.7,  2,  4, 0.03, 83, 9.5
2025-06-11 12:28:35,-102.0895,32.0023,  23.8,25514,-51.4,-78.9,-74.7,  2,  4, 0.03, 83, 9.5
2025-06-11 12:28:36,-102.0896,32.0023,  23.8,25520,-51.4,-78.9,-74.6,  2,  4, 0.03, 83, 9.5
2025-06-11 12:28:37,-102.0897,32.0022,  23.8,25526,-51.4,-78.8,-74.6,  2,  4, 0.03, 83, 9.5
2025-06-11 12:28:38,-102.0898,32.0022,  23.8,25532,-51.3,-78.8,-74.5,  2,  4, 0.03, 82, 9.5
2025-06-11 12:28:39,-102.0899,32.0022,  23.7,25539,-51.3,-78.7,-74.5,  2,  4, 0.03, 82, 9.5
2025-06-11 12:28:40,-102.0900,32.0022,  23.7,25545,-51.3,-78.7,-74.4,  2,  4, 0.03, 82, 9.5
2025-06-11 12:28:41,-102.0901,32.0022,  23.7,25551,-51.2,-78.6,-74.4,  2,  4, 0.04, 82, 9.6
2025-06-11 12:28:42,-102.0902,32.0022,  23.7,25556,-51.2,-78.6,-74.4,  2,  4, 0.04, 81, 9.6
2025-06-11 12:28:43,-102.0903,32.0021,  23.7,25562,-51.2,-78.6,-74.3,  2,  4, 0.04, 81, 9.6
2025-06-11 12:28:44,-102.0904,32.0021,  23.6,25568,-51.1,-78.5,-74.3,  2,  4, 0.04, 81, 9.6
2025-06-11 12:28:45,-102.0905,32.0021,  23.6,25574,-51.1,-78.5,-74.2,  2,  4, 0.04, 81, 9.6
2025-06-11 12:28:46,-102.0906,32.0021,  23.6,25580,-51.1,-78.5,-74.2,  2,  4, 0.04, 80, 9.6
2025-06-11 12:28:47,-102.0907,32.0021,  23.6,25586,-51.0,-78.4,-74.2,  2,  4, 0.04, 80, 9.6
2025-06-11 12:28:48,-102.0908,32.0021,  23.5,25593,-51.0,-78.4,-74.1,  2,  4, 0.04, 80, 9.6
2025-06-11 12:28:49,-102.0909,32.0020,  23.5,25599,-51.0,-78.4,-74.1,  2,  4, 0.04, 80, 9.6
2025-06-11 12:28:50,-102.0910,32.0020,  23.5,25605,-50.9,-78.3,-74.1,  2,  4, 0.04, 79, 9.6
2025-06-11 12:28:51,-102.0911,32.0020,  23.5,25611,-50.9,-78.3,-74.0,  2,  4, 0.04, 79, 9.6
2025-06-11 12:28:52,-102.0912,32.0020,  23.5,25618,-50.9,-78.3,-74.0,  2,  4, 0.04, 79, 9.6
2025-06-11 12:28:53,-102.0913,32.0020,  23.4,25624,-50.9,-78.2,-74.0,  2,  4, 0.04, 79, 9.6
2025-06-11 12:28:54,-102.0914,32.0020,  23.4,25630,-50.8,-78.2,-74.0,  2,  4, 0.04, 79, 9.6
2025-06-11 12:28:55,-102.0914,32.0019,  23.4,25637,-50.8,-78.2,-73.9,  2,  4, 0.04, 78, 9.6
2025-06-11 12:28:56,-102.0915,32.0019,  23.4,25643,-50.8,-78.2,-73.9,  2,  4, 0.04, 77, 9.5
2025-06-11 12:28:57,-102.0916,32.0018,  23.3,25650,-50.7,-78.1,-73.9,  2,  4, 0.04, 76, 9.5
2025-06-11 12:28:58,-102.0916,32.0018,  23.3,25656,-50.7,-78.1,-73.9,  2,  4, 0.04, 75, 9.4
2025-06-11 12:28:59,-102.0917,32.0017,  23.3,25662,-50.7,-78.1,-73.9,  2,  4, 0.04, 74, 9.4
2025-06-11 12:29:00,-102.0918,32.0017,  23.3,25669,-50.6,-78.1,-73.9,  2,  4, 0.04, 73, 9.4
2025-06-11 12:29:01,-102.0919,32.0016,  23.3,25675,-50.6,-78.1,-73.8,  2,  4, 0.04, 72, 9.3
2025-06-11 12:29:02,-102.0919,32.0016,  23.2,25681,-50.6,-78.1,-73.8,  2,  4, 0.04, 71, 9.3
2025-06-11 12:29:03,-102.0920,32.0015,  23.2,25688,-50.5,-78.1,-73.8,  2,  4, 0.04, 70, 9.2
2025-06-11 12:29:04,-102.0921,32.0015,  23.2,25694,-50.5,-78.0,-73.8,  2,  4, 0.04, 69, 9.2
2025-06-11 12:29:05,-102.0921,32.0014,  23.2,25700,-50.5,-78.0,-73.8,  2,  4, 0.04, 68, 9.1
2025-06-11 12:29:06,-102.0922,32.0014,  23.1,25706,-50.5,-78.0,-73.8,  2,  4, 0.04, 67, 9.1
2025-06-11 12:29:07,-102.0923,32.0013,  23.1,25712,-50.4,-78.0,-73.7,  2,  4, 0.04, 66, 9.0
2025-06-11 12:29:08,-102.0924,32.0013,  23.1,25718,-50.4,-78.0,-73.7,  2,  4, 0.04, 65, 9.0
2025-06-11 12:29:09,-102.0924,32.0012,  23.1,25724,-50.4,-78.0,-73.7,  2,  4, 0.04, 63, 8.9
2025-06-11 12:29:10,-102.0925,32.0012,  23.1,25729,-50.3,-77.9,-73.7,  2,  4, 0.04, 62, 8.9
2025-06-11 12:29:11,-102.0926,32.0011,  23.0,25735,-50.3,-77.9,-73.6,  2,  4, 0.04, 61, 8.8
2025-06-11 12:29:12,-102.0926,32.0010,  23.0,25740,-50.3,-77.9,-73.6,  2,  4, 0.04, 60, 8.7
2025-06-11 12:29:13,-102.0927,32.0010,  23.0,25746,-50.3,-77.8,-73.6,  2,  4, 0.04, 59, 8.7
2025-06-11 12:29:14,-102.0928,32.0010,  23.0,25752,-50.2,-77.8,-73.5,  2,  4, 0.04, 58, 8.7
2025-06-11 12:29:15,-102.0929,32.0009,  23.0,25758,-50.2,-77.8,-73.5,  2,  4, 0.04, 56, 8.6
2025-06-11 12:29:16,-102.0929,32.0008,  22.9,25764,-50.2,-77.7,-73.5,  2,  4, 0.04, 55, 8.7
2025-06-11 12:29:17,-102.0930,32.0008,  22.9,25771,-50.1,-77.7,-73.4,  2,  4, 0.04, 54, 8.7
2025-06-11 12:29:18,-102.0931,32.0007,  22.9,25777,-50.1,-77.7,-73.4,  2,  4, 0.04, 53, 8.7
2025-06-11 12:29:19,-102.0931,32.0007,  22.9,25783,-50.1,-77.7,-73.4,  2,  4, 0.04, 52, 8.8
2025-06-11 12:29:20,-102.0932,32.0006,  22.8,25789,-50.1,-77.6,-73.4,  2,  4, 0.04, 51, 8.8
2025-06-11 12:29:21,-102.0933,32.0006,  22.8,25796,-50.0,-77.6,-73.3,  2,  4, 0.04, 50, 8.9
2025-06-11 12:29:22,-102.0934,32.0005,  22.8,25802,-50.0,-77.6,-73.3,  2,  4, 0.04, 49, 8.9
2025-06-11 12:29:23,-102.0934,32.0005,  22.8,25809,-50.0,-77.5,-73.3,  2,  4, 0.04, 48, 8.9
2025-06-11 12:29:24,-102.0935,32.0004,  22.8,25815,-50.0,-77.5,-73.3,  2,  4, 0.04, 47, 9.0
2025-06-11 12:29:25,-102.0936,32.0004,  22.7,25821,-49.9,-77.5,-73.2,  2,  4, 0.04, 46, 9.0
2025-06-11 12:29:26,-102.0936,32.0003,  22.7,25827,-49.9,-77.5,-73.2,  2,  4, 0.04, 45, 9.1
2025-06-11 12:29:27,-102.0937,32.0003,  22.7,25833,-49.9,-77.5,-73.2,  2,  4, 0.04, 44, 9.1
2025-06-11 12:29:28,-102.0938,32.0002,  22.7,25839,-49.9,-77.4,-73.2,  3,  4, 0.04, 43, 9.1
2025-06-11 12:29:29,-102.0939,32.0002,  22.7,25845,-49.8,-77.4,-73.1,  3,  4, 0.04, 42, 9.2
2025-06-11 12:29:30,-102.0939,32.0001,  22.6,25851,-49.8,-77.4,-73.1,  3,  4, 0.04, 41, 9.2
2025-06-11 12:29:31,-102.0940,32.0001,  22.6,25857,-49.8,-77.3,-73.1,  3,  4, 0.05, 40, 9.2
2025-06-11 12:29:32,-102.0941,32.0000,  22.6,25863,-49.7,-77.3,-73.1,  3,  4, 0.05, 39, 9.2
2025-06-11 12:29:33,-102.0942,31.9999,  22.6,25870,-49.7,-77.3,-73.0,  3,  4, 0.05, 38, 9.3
2025-06-11 12:29:34,-102.0942,31.9999,  22.5,25876,-49.7,-77.3,-73.0,  3,  4, 0.05, 37, 9.3
2025-06-11 12:29:35,-102.0943,31.9998,  22.5,25882,-49.6,-77.2,-73.0,  3,  4, 0.05, 36, 9.4
2025-06-11 12:29:36,-102.0944,31.9998,  22.5,25888,-49.6,-77.2,-73.0,  3,  4, 0.05, 37, 9.4
2025-06-11 12:29:37,-102.0945,31.9997,  22.5,25894,-49.6,-77.2,-72.9,  3,  4, 0.05, 38, 9.4
2025-06-11 12:29:38,-102.0945,31.9997,  22.5,25900,-49.6,-77.2,-72.9,  3,  4, 0.05, 38, 9.3
2025-06-11 12:29:39,-102.0946,31.9996,  22.4,25906,-49.5,-77.2,-72.9,  3,  4, 0.05, 39, 9.3
2025-06-11 12:29:40,-102.0947,31.9996,  22.4,25912,-49.5,-77.1,-72.9,  3,  4, 0.05, 40, 9.3
2025-06-11 12:29:41,-102.0947,31.9995,  22.4,25918,-49.5,-77.1,-72.9,  3,  4, 0.05, 41, 9.3
2025-06-11 12:29:42,-102.0948,31.9994,  22.4,25924,-49.4,-77.1,-72.8,  2,  4, 0.05, 42, 9.3
2025-06-11 12:29:43,-102.0949,31.9994,  22.4,25930,-49.4,-77.1,-72.8,  2,  4, 0.05, 43, 9.4
2025-06-11 12:29:44,-102.0950,31.9993,  22.3,25936,-49.4,-77.1,-72.8,  2,  4, 0.05, 43, 9.4
2025-06-11 12:29:45,-102.0950,31.9993,  22.3,25941,-49.3,-77.1,-72.8,  2,  4, 0.05, 44, 9.4
2025-06-11 12:29:46,-102.0951,31.9992,  22.3,25947,-49.3,-77.1,-72.8,  2,  4, 0.05, 45, 9.4
2025-06-11 12:29:47,-102.0952,31.9992,  22.3,25953,-49.3,-77.0,-72.8,  2,  4, 0.05, 46, 9.4
2025-06-11 12:29:48,-102.0953,31.9991,  22.3,25959,-49.2,-77.0,-72.7,  2,  4, 0.05, 47, 9.3
2025-06-11 12:29:49,-102.0953,31.9991,  22.2,25964,-49.2,-77.0,-72.7,  2,  4, 0.05, 48, 9.3
2025-06-11 12:29:50,-102.0954,31.9990,  22.2,25970,-49.2,-77.0,-72.7,  2,  4, 0.05, 49, 9.3
2025-06-11 12:29:51,-102.0955,31.9989,  22.2,25976,-49.1,-77.0,-72.7,  2,  4, 0.05, 49, 9.3
2025-06-11 12:29:52,-102.0956,31.9989,  22.2,25982,-49.1,-77.0,-72.7,  2,  4, 0.05, 50, 9.3
2025-06-11 12:29:53,-102.0956,31.9988,  22.2,25987,-49.1,-76.9,-72.7,  2,  4, 0.05, 51, 9.3
2025-06-11 12:29:54,-102.0957,31.9988,  22.1,25993,-49.1,-76.9,-72.7,  2,  4, 0.05, 52, 9.3
2025-06-11 12:29:55,-102.0958,31.9987,  22.1,25999,-49.0,-76.9,-72.6,  2,  4, 0.05, 53, 9.4
2025-06-11 12:29:56,-102.0959,31.9987,  22.1,26004,-49.0,-76.9,-72.6,  2,  4, 0.05, 54, 9.4
2025-06-11 12:29:57,-102.0960,31.9987,  22.1,26010,-49.0,-76.9,-72.6,  2,  4, 0.05, 55, 9.4
2025-06-11 12:29:58,-102.0961,31.9987,  22.1,26016,-48.9,-76.9,-72.6,  2,  4, 0.05, 56, 9.5
2025-06-11 12:29:59,-102.0962,31.9986,  22.1,26022,-48.9,-76.8,-72.6,  2,  4, 0.05, 57, 9.6
2025-06-11 12:30:00,-102.0963,31.9986,  22.0,26028,-48.8,-76.8,-72.6,  2,  4, 0.05, 59, 9.7
2025-06-11 12:30:01,-102.0964,31.9986,  22.0,26033,-48.8,-76.8,-72.5,  2,  4, 0.05, 60, 9.7
2025-06-11 12:30:02,-102.0965,31.9986,  22.0,26039,-48.8,-76.8,-72.5,  2,  4, 0.05, 61, 9.8
2025-06-11 12:30:03,-102.0966,31.9985,  22.0,26045,-48.7,-76.8,-72.5,  2,  4, 0.05, 62, 9.9
2025-06-11 12:30:04,-102.0968,31.9985,  22.0,26051,-48.7,-76.7,-72.5,  2,  4, 0.05, 63, 9.9
2025-06-11 12:30:05,-102.0969,31.9985,  21.9,26057,-48.7,-76.7,-72.4,  2,  4, 0.05, 64,10.0
2025-06-11 12:30:06,-102.0970,31.9985,  21.9,26063,-48.6,-76.7,-72.4,  2,  4, 0.05, 65,10.0
2025-06-11 12:30:07,-102.0971,31.9984,  21.9,26069,-48.6,-76.7,-72.4,  2,  4, 0.05, 66,10.1
2025-06-11 12:30:08,-102.0972,31.9984,  21.9,26075,-48.6,-76.6,-72.4,  2,  4, 0.05, 67,10.2
2025-06-11 12:30:09,-102.0973,31.9984,  21.9,26081,-48.5,-76.6,-72.3,  2,  4, 0.05, 68,10.2
2025-06-11 12:30:10,-102.0974,31.9984,  21.8,26087,-48.5,-76.6,-72.3,  2,  4, 0.05, 69,10.3
2025-06-11 12:30:11,-102.0975,31.9983,  21.8,26093,-48.5,-76.6,-72.3,  2,  4, 0.05, 70,10.3
2025-06-11 12:30:12,-102.0976,31.9983,  21.8,26099,-48.4,-76.5,-72.3,  2,  4, 0.05, 71,10.3
2025-06-11 12:30:13,-102.0977,31.9983,  21.8,26104,-48.4,-76.5,-72.2,  2,  4, 0.05, 72,10.4
2025-06-11 12:30:14,-102.0978,31.9983,  21.8,26110,-48.4,-76.5,-72.2,  2,  4, 0.05, 73,10.5
2025-06-11 12:30:15,-102.0980,31.9982,  21.7,26116,-48.3,-76.5,-72.2,  2,  4, 0.05, 74,10.6
2025-06-11 12:30:16,-102.0981,31.9982,  21.7,26122,-48.3,-76.4,-72.2,  2,  4, 0.05, 74,10.6
2025-06-11 12:30:17,-102.0982,31.9982,  21.7,26129,-48.3,-76.4,-72.2,  2,  4, 0.05, 75,10.6
2025-06-11 12:30:18,-102.0983,31.9982,  21.7,26135,-48.2,-76.4,-72.1,  2,  4, 0.05, 75,10.6
2025-06-11 12:30:19,-102.0984,31.9981,  21.7,26141,-48.2,-76.4,-72.1,  2,  4, 0.05, 75,10.6
2025-06-11 12:30:20,-102.0985,31.9981,  21.6,26147,-48.2,-76.4,-72.1,  2,  4, 0.05, 75,10.6
2025-06-11 12:30:21,-102.0986,31.9981,  21.6,26152,-48.2,-76.3,-72.1,  2,  4, 0.05, 75,10.7
2025-06-11 12:30:22,-102.0987,31.9981,  21.6,26158,-48.1,-76.3,-72.0,  2,  4, 0.06, 76,10.7
2025-06-11 12:30:23,-102.0988,31.9980,  21.6,26163,-48.1,-76.3,-72.0,  2,  4, 0.06, 76,10.7
2025-06-11 12:30:24,-102.0989,31.9980,  21.6,26169,-48.1,-76.3,-72.0,  2,  4, 0.06, 76,10.7
2025-06-11 12:30:25,-102.0990,31.9980,  21.5,26174,-48.0,-76.3,-72.0,  2,  4, 0.06, 76,10.7
2025-06-11 12:30:26,-102.0992,31.9980,  21.5,26180,-48.0,-76.3,-72.0,  2,  4, 0.06, 76,10.7
2025-06-11 12:30:27,-102.0993,31.9980,  21.5,26186,-48.0,-76.3,-72.0,  2,  4, 0.06, 76,10.7
2025-06-11 12:30:28,-102.0994,31.9980,  21.5,26192,-48.0,-76.2,-72.0,  2,  4, 0.06, 77,10.7
2025-06-11 12:30:29,-102.0995,31.9979,  21.5,26196,-48.0,-76.2,-72.0,  2,  4, 0.06, 77,10.8
2025-06-11 12:30:30,-102.0997,31.9979,  21.4,26204,-47.9,-76.2,-71.9,  2,  4, 0.06, 77,10.8
2025-06-11 12:30:31,-102.0998,31.9979,  21.4,26210,-47.9,-76.2,-71.9,  2,  4, 0.06, 77,10.8
2025-06-11 12:30:32,-102.0999,31.9979,  21.4,26216,-47.9,-76.2,-71.9,  2,  4, 0.06, 77,10.8
2025-06-11 12:30:33,-102.1000,31.9979,  21.4,26222,-47.9,-76.2,-71.9,  2,  4, 0.06, 78,10.8
2025-06-11 12:30:34,-102.1002,31.9979,  21.4,26227,-47.8,-76.1,-71.9,  2,  4, 0.06, 78,10.8
2025-06-11 12:30:35,-102.1003,31.9979,  21.4,26233,-47.8,-76.1,-71.8,  2,  4, 0.06, 78,10.8
2025-06-11 12:30:36,-102.1004,31.9979,  21.3,26239,-47.8,-76.1,-71.8,  2,  4, 0.06, 78,10.9
2025-06-11 12:30:37,-102.1006,31.9979,  21.3,26244,-47.8,-76.1,-71.8,  2,  4, 0.06, 79,11.0
2025-06-11 12:30:38,-102.1007,31.9979,  21.3,26250,-47.8,-76.1,-71.8,  2,  4, 0.06, 79,11.1
2025-06-11 12:30:39,-102.1008,31.9978,  21.3,26256,-47.8,-76.1,-71.8,  2,  4, 0.06, 80,11.1
2025-06-11 12:30:40,-102.1009,31.9978,  21.3,26261,-47.7,-76.0,-71.8,  2,  4, 0.06, 80,11.2
2025-06-11 12:30:41,-102.1011,31.9978,  21.2,26267,-47.7,-76.0,-71.7,  2,  4, 0.06, 81,11.3
2025-06-11 12:30:42,-102.1012,31.9978,  21.2,26273,-47.7,-76.0,-71.7,  2,  4, 0.06, 81,11.4
2025-06-11 12:30:43,-102.1013,31.9978,  21.2,26278,-47.7,-76.0,-71.7,  2,  4, 0.06, 81,11.4
2025-06-11 12:30:44,-102.1014,31.9978,  21.2,26284,-47.7,-76.0,-71.7,  2,  4, 0.06, 82,11.5
2025-06-11 12:30:45,-102.1016,31.9978,  21.2,26289,-47.7,-75.9,-71.7,  2,  4, 0.06, 82,11.6
2025-06-11 12:30:46,-102.1017,31.9978,  21.2,26295,-47.6,-75.9,-71.6,  2,  4, 0.06, 83,11.7
2025-06-11 12:30:47,-102.1018,31.9978,  21.1,26300,-47.6,-75.9,-71.6,  2,  4, 0.06, 83,11.8
2025-06-11 12:30:48,-102.1020,31.9977,  21.1,26306,-47.6,-75.9,-71.6,  2,  4, 0.06, 83,11.8
2025-06-11 12:30:49,-102.1021,31.9977,  21.1,26312,-47.6,-75.8,-71.6,  2,  4, 0.06, 84,11.9
2025-06-11 12:30:50,-102.1022,31.9977,  21.1,26317,-47.6,-75.8,-71.5,  2,  4, 0.06, 84,12.0
2025-06-11 12:30:51,-102.1023,31.9977,  21.1,26323,-47.6,-75.8,-71.5,  2,  4, 0.06, 85,12.1
2025-06-11 12:30:52,-102.1025,31.9977,  21.0,26329,-47.6,-75.8,-71.5,  2,  4, 0.06, 85,12.2
2025-06-11 12:30:53,-102.1026,31.9977,  21.0,26334,-47.5,-75.8,-71.5,  2,  4, 0.06, 85,12.3
2025-06-11 12:30:54,-102.1027,31.9977,  21.0,26340,-47.5,-75.7,-71.5,  2,  4, 0.06, 86,12.3
2025-06-11 12:30:55,-102.1028,31.9977,  21.0,26345,-47.5,-75.7,-71.4,  2,  4, 0.06, 86,12.4
2025-06-11 12:30:56,-102.1030,31.9977,  21.0,26351,-47.5,-75.7,-71.4,  3,  4, 0.06, 86,12.5
2025-06-11 12:30:57,-102.1031,31.9977,  21.0,26356,-47.5,-75.7,-71.4,  3,  4, 0.06, 87,12.6
2025-06-11 12:30:58,-102.1033,31.9977,  20.9,26362,-47.5,-75.7,-71.4,  3,  4, 0.06, 87,12.7
2025-06-11 12:30:59,-102.1034,31.9977,  20.9,26368,-47.5,-75.7,-71.4,  3,  4, 0.06, 87,12.8
2025-06-11 12:31:00,-102.1036,31.9977,  20.9,26373,-47.5,-75.6,-71.4,  3,  4, 0.06, 87,12.9
2025-06-11 12:31:01,-102.1037,31.9977,  20.9,26379,-47.5,-75.6,-71.4,  3,  4, 0.06, 88,13.0
2025-06-11 12:31:02,-102.1039,31.9977,  20.9,26385,-47.4,-75.6,-71.3,  3,  4, 0.06, 88,13.1
2025-06-11 12:31:03,-102.1040,31.9977,  20.9,26391,-47.4,-75.6,-71.3,  3,  4, 0.06, 88,13.2
2025-06-11 12:31:04,-102.1042,31.9977,  20.8,26397,-47.4,-75.6,-71.3,  3,  4, 0.06, 88,13.3
2025-06-11 12:31:05,-102.1043,31.9977,  20.8,26403,-47.4,-75.6,-71.3,  3,  4, 0.06, 89,13.4
2025-06-11 12:31:06,-102.1045,31.9977,  20.8,26408,-47.4,-75.6,-71.3,  3,  4, 0.06, 89,13.5
2025-06-11 12:31:07,-102.1047,31.9978,  20.8,26412,-47.4,-75.6,-71.3,  3,  4, 0.06, 89,13.6
2025-06-11 12:31:08,-102.1048,31.9978,  20.8,26416,-47.4,-75.5,-71.3,  3,  4, 0.06, 89,13.7
2025-06-11 12:31:09,-102.1050,31.9978,  20.8,26421,-47.4,-75.5,-71.3,  3,  4, 0.06, 90,13.8
2025-06-11 12:31:10,-102.1051,31.9978,  20.7,26425,-47.4,-75.5,-71.2,  3,  4, 0.07, 90,13.9
2025-06-11 12:31:11,-102.1053,31.9978,  20.7,26430,-47.4,-75.5,-71.2,  3,  4, 0.07, 90,14.0
2025-06-11 12:31:12,-102.1054,31.9978,  20.7,26437,-47.4,-75.5,-71.2,  3,  4, 0.07, 90,14.1
2025-06-11 12:31:13,-102.1056,31.9978,  20.7,26443,-47.4,-75.5,-71.2,  3,  4, 0.07, 90,14.2
2025-06-11 12:31:14,-102.1057,31.9978,  20.7,26449,-47.4,-75.5,-71.2,  3,  4, 0.07, 91,14.3
2025-06-11 12:31:15,-102.1059,31.9978,  20.6,26455,-47.3,-75.5,-71.2,  3,  4, 0.07, 91,14.4
2025-06-11 12:31:16,-102.1060,31.9978,  20.6,26461,-47.3,-75.5,-71.2,  3,  4, 0.07, 91,14.4
2025-06-11 12:31:17,-102.1062,31.9978,  20.6,26468,-47.3,-75.5,-71.2,  3,  4, 0.07, 92,14.4
2025-06-11 12:31:18,-102.1063,31.9979,  20.6,26474,-47.3,-75.5,-71.2,  3,  4, 0.07, 92,14.4
2025-06-11 12:31:19,-102.1065,31.9979,  20.6,26480,-47.3,-75.5,-71.2,  3,  4, 0.07, 92,14.4
2025-06-11 12:31:20,-102.1066,31.9979,  20.6,26486,-47.4,-75.5,-71.2,  3,  4, 0.07, 93,14.5
2025-06-11 12:31:21,-102.1068,31.9979,  20.5,26492,-47.4,-75.5,-71.2,  3,  4, 0.07, 93,14.5
2025-06-11 12:31:22,-102.1070,31.9979,  20.5,26498,-47.4,-75.5,-71.2,  3,  4, 0.07, 94,14.5
2025-06-11 12:31:23,-102.1071,31.9979,  20.5,26504,-47.4,-75.5,-71.2,  3,  4, 0.07, 94,14.5
2025-06-11 12:31:24,-102.1073,31.9979,  20.5,26510,-47.4,-75.5,-71.2,  3,  4, 0.07, 95,14.5
2025-06-11 12:31:25,-102.1074,31.9979,  20.5,26515,-47.4,-75.5,-71.2,  3,  4, 0.07, 95,14.5
2025-06-11 12:31:26,-102.1076,31.9979,  20.4,26521,-47.4,-75.5,-71.2,  3,  4, 0.07, 95,14.6
2025-06-11 12:31:27,-102.1077,31.9979,  20.4,26527,-47.4,-75.5,-71.2,  3,  4, 0.07, 96,14.6
2025-06-11 12:31:28,-102.1078,31.9980,  20.4,26533,-47.4,-75.5,-71.2,  3,  4, 0.07, 96,14.6
2025-06-11 12:31:29,-102.1080,31.9980,  20.4,26538,-47.4,-75.5,-71.2,  3,  4, 0.07, 97,14.6
2025-06-11 12:31:30,-102.1081,31.9980,  20.4,26544,-47.4,-75.5,-71.2,  3,  4, 0.07, 97,14.6
2025-06-11 12:31:31,-102.1082,31.9980,  20.4,26550,-47.4,-75.5,-71.2,  3,  4, 0.07, 97,14.7
2025-06-11 12:31:32,-102.1084,31.9981,  20.3,26556,-47.4,-75.5,-71.2,  3,  4, 0.07, 98,14.7
2025-06-11 12:31:33,-102.1085,31.9981,  20.3,26562,-47.4,-75.5,-71.2,  3,  4, 0.07, 98,14.7
2025-06-11 12:31:34,-102.1086,31.9981,  20.3,26568,-47.4,-75.5,-71.2,  3,  4, 0.07, 99,14.7
2025-06-11 12:31:35,-102.1088,31.9981,  20.3,26574,-47.4,-75.5,-71.2,  3,  4, 0.07, 99,14.7
2025-06-11 12:31:36,-102.1089,31.9981,  20.3,26580,-47.4,-75.5,-71.2,  3,  4, 0.07, 99,14.6
2025-06-11 12:31:37,-102.1090,31.9982,  20.2,26586,-47.4,-75.5,-71.3,  3,  4, 0.07, 99,14.5
2025-06-11 12:31:38,-102.1092,31.9982,  20.2,26592,-47.4,-75.5,-71.3,  3,  4, 0.07, 99,14.4
2025-06-11 12:31:39,-102.1093,31.9982,  20.2,26597,-47.4,-75.5,-71.3,  3,  4, 0.07,100,14.3
2025-06-11 12:31:40,-102.1094,31.9982,  20.2,26603,-47.4,-75.6,-71.3,  3,  4, 0.07,100,14.2
2025-06-11 12:31:41,-102.1095,31.9983,  20.2,26609,-47.4,-75.6,-71.3,  3,  4, 0.07,100,14.1
2025-06-11 12:31:42,-102.1097,31.9983,  20.2,26614,-47.4,-75.6,-71.3,  3,  4, 0.07,100,13.9
2025-06-11 12:31:43,-102.1098,31.9983,  20.1,26620,-47.4,-75.6,-71.3,  3,  4, 0.07,100,13.8
2025-06-11 12:31:44,-102.1099,31.9983,  20.1,26626,-47.4,-75.6,-71.3,  3,  4, 0.07,100,13.7
2025-06-11 12:31:45,-102.1101,31.9983,  20.1,26631,-47.4,-75.6,-71.3,  3,  4, 0.07,101,13.6
2025-06-11 12:31:46,-102.1102,31.9984,  20.1,26637,-47.4,-75.6,-71.3,  3,  4, 0.07,101,13.5
2025-06-11 12:31:47,-102.1103,31.9984,  20.1,26642,-47.3,-75.6,-71.3,  3,  4, 0.07,101,13.4
2025-06-11 12:31:48,-102.1105,31.9984,  20.1,26648,-47.3,-75.6,-71.3,  3,  4, 0.07,101,13.3
2025-06-11 12:31:49,-102.1106,31.9984,  20.0,26654,-47.3,-75.6,-71.3,  3,  4, 0.07,101,13.2
2025-06-11 12:31:50,-102.1107,31.9985,  20.0,26659,-47.3,-75.5,-71.3,  3,  4, 0.07,101,13.0
2025-06-11 12:31:51,-102.1109,31.9985,  20.0,26666,-47.3,-75.5,-71.3,  3,  4, 0.07,102,12.9
2025-06-11 12:31:52,-102.1110,31.9985,  20.0,26671,-47.3,-75.5,-71.2,  3,  4, 0.07,102,12.8
2025-06-11 12:31:53,-102.1111,31.9985,  20.0,26676,-47.3,-75.5,-71.2,  3,  4, 0.07,102,12.7
2025-06-11 12:31:54,-102.1112,31.9985,  20.0,26682,-47.2,-75.5,-71.2,  3,  4, 0.07,102,12.6
2025-06-11 12:31:55,-102.1114,31.9986,  19.9,26688,-47.2,-75.5,-71.2,  3,  4, 0.07,102,12.5
2025-06-11 12:31:56,-102.1115,31.9986,  19.9,26694,-47.2,-75.5,-71.2,  3,  4, 0.07,102,12.3
2025-06-11 12:31:57,-102.1116,31.9986,  19.9,26700,-47.2,-75.5,-71.2,  3,  4, 0.07,102,12.1
2025-06-11 12:31:58,-102.1117,31.9986,  19.9,26706,-47.2,-75.5,-71.2,  3,  4, 0.07,101,12.0
2025-06-11 12:31:59,-102.1118,31.9986,  19.9,26711,-47.2,-75.5,-71.2,  3,  4, 0.07,101,11.8
2025-06-11 12:32:00,-102.1119,31.9986,  19.8,26717,-47.2,-75.4,-71.1,  3,  4, 0.07,100,11.6
2025-06-11 12:32:01,-102.1120,31.9985,  19.8,26723,-47.1,-75.4,-71.1,  3,  4, 0.07,100,11.4
2025-06-11 12:32:02,-102.1121,31.9985,  19.8,26729,-47.1,-75.4,-71.1,  3,  4, 0.07, 99,11.3
2025-06-11 12:32:03,-102.1122,31.9985,  19.8,26735,-47.1,-75.4,-71.1,  3,  4, 0.07, 99,11.1
2025-06-11 12:32:04,-102.1122,31.9985,  19.8,26741,-47.1,-75.4,-71.1,  2,  4, 0.07, 98,10.9
2025-06-11 12:32:05,-102.1123,31.9985,  19.8,26746,-47.1,-75.4,-71.1,  2,  4, 0.07, 97,10.7
2025-06-11 12:32:06,-102.1124,31.9985,  19.7,26752,-47.1,-75.4,-71.1,  2,  4, 0.07, 97,10.6
2025-06-11 12:32:07,-102.1125,31.9985,  19.7,26758,-47.0,-75.4,-71.1,  2,  4, 0.07, 96,10.4
2025-06-11 12:32:08,-102.1126,31.9985,  19.7,26765,-47.0,-75.4,-71.1,  2,  4, 0.07, 96,10.2
2025-06-11 12:32:09,-102.1127,31.9985,  19.7,26771,-47.0,-75.4,-71.1,  2,  4, 0.07, 95,10.1
2025-06-11 12:32:10,-102.1128,31.9984,  19.7,26778,-47.0,-75.4,-71.1,  2,  4, 0.07, 94, 9.9
2025-06-11 12:32:11,-102.1129,31.9984,  19.6,26784,-47.0,-75.4,-71.1,  2,  4, 0.07, 94, 9.7
2025-06-11 12:32:12,-102.1130,31.9984,  19.6,26791,-47.0,-75.4,-71.1,  2,  4, 0.07, 93, 9.6
2025-06-11 12:32:13,-102.1130,31.9984,  19.6,26796,-46.9,-75.4,-71.1,  2,  4, 0.07, 92, 9.4
2025-06-11 12:32:14,-102.1131,31.9984,  19.6,26802,-46.9,-75.3,-71.1,  2,  4, 0.07, 91, 9.3
2025-06-11 12:32:15,-102.1132,31.9984,  19.6,26807,-46.9,-75.3,-71.1,  2,  4, 0.07, 91, 9.1
2025-06-11 12:32:16,-102.1133,31.9984,  19.6,26813,-46.9,-75.3,-71.0,  2,  4, 0.07, 89, 9.0
2025-06-11 12:32:17,-102.1134,31.9984,  19.5,26819,-46.9,-75.3,-71.0,  2,  4, 0.07, 88, 9.0
2025-06-11 12:32:18,-102.1135,31.9984,  19.5,26824,-46.8,-75.3,-71.0,  2,  4, 0.07, 87, 9.0
2025-06-11 12:32:19,-102.1136,31.9983,  19.5,26831,-46.8,-75.3,-71.0,  2,  4, 0.07, 86, 9.0
2025-06-11 12:32:20,-102.1137,31.9983,  19.5,26837,-46.8,-75.3,-71.0,  2,  4, 0.07, 85, 8.9
2025-06-11 12:32:21,-102.1138,31.9983,  19.5,26843,-46.8,-75.3,-71.0,  2,  4, 0.07, 83, 8.9
2025-06-11 12:32:22,-102.1139,31.9983,  19.5,26849,-46.8,-75.3,-71.0,  2,  4, 0.07, 82, 8.8
2025-06-11 12:32:23,-102.1139,31.9983,  19.4,26855,-46.8,-75.2,-71.0,  2,  4, 0.07, 81, 8.8
2025-06-11 12:32:24,-102.1140,31.9983,  19.4,26862,-46.7,-75.2,-70.9,  2,  4, 0.07, 79, 8.8
2025-06-11 12:32:25,-102.1141,31.9983,  19.4,26867,-46.7,-75.2,-70.9,  2,  4, 0.07, 78, 8.7
2025-06-11 12:32:26,-102.1142,31.9983,  19.4,26873,-46.7,-75.2,-70.9,  2,  4, 0.07, 77, 8.7
2025-06-11 12:32:27,-102.1143,31.9982,  19.4,26879,-46.7,-75.2,-70.9,  2,  4, 0.07, 75, 8.7
2025-06-11 12:32:28,-102.1144,31.9982,  19.3,26885,-46.7,-75.2,-70.9,  2,  4, 0.07, 74, 8.6
2025-06-11 12:32:29,-102.1145,31.9981,  19.3,26891,-46.6,-75.2,-70.9,  2,  4, 0.07, 72, 8.6
2025-06-11 12:32:30,-102.1145,31.9980,  19.3,26897,-46.6,-75.1,-70.9,  2,  4, 0.07, 71, 8.5
2025-06-11 12:32:31,-102.1146,31.9980,  19.3,26904,-46.6,-75.1,-70.8,  2,  4, 0.07, 70, 8.5
2025-06-11 12:32:32,-102.1147,31.9979,  19.3,26910,-46.6,-75.1,-70.8,  2,  4, 0.07, 68, 8.5
2025-06-11 12:32:33,-102.1148,31.9978,  19.3,26916,-46.6,-75.1,-70.8,  2,  4, 0.07, 67, 8.4
2025-06-11 12:32:34,-102.1149,31.9978,  19.2,26923,-46.5,-75.0,-70.8,  2,  4, 0.08, 65, 8.3
2025-06-11 12:32:35,-102.1149,31.9977,  19.2,26929,-46.5,-75.0,-70.7,  2,  4, 0.08, 64, 8.4
2025-06-11 12:32:36,-102.1150,31.9976,  19.2,26936,-46.5,-75.0,-70.7,  2,  4, 0.08, 63, 8.5
2025-06-11 12:32:37,-102.1151,31.9976,  19.2,26942,-46.5,-75.0,-70.7,  2,  4, 0.08, 61, 8.6
2025-06-11 12:32:38,-102.1152,31.9975,  19.2,26949,-46.5,-74.9,-70.6,  3,  4, 0.08, 60, 8.8
2025-06-11 12:32:39,-102.1153,31.9974,  19.1,26956,-46.5,-74.9,-70.6,  3,  4, 0.08, 59, 8.9
2025-06-11 12:32:40,-102.1153,31.9974,  19.1,26962,-46.4,-74.9,-70.6,  3,  4, 0.08, 57, 9.1
2025-06-11 12:32:41,-102.1154,31.9973,  19.1,26969,-46.4,-74.9,-70.6,  3,  4, 0.08, 56, 9.2
2025-06-11 12:32:42,-102.1155,31.9972,  19.1,26975,-46.4,-74.8,-70.5,  3,  4, 0.08, 55, 9.3
2025-06-11 12:32:43,-102.1156,31.9972,  19.1,26981,-46.4,-74.8,-70.5,  3,  4, 0.08, 54, 9.5
2025-06-11 12:32:44,-102.1157,31.9971,  19.1,26988,-46.4,-74.8,-70.5,  3,  4, 0.08, 53, 9.6
2025-06-11 12:32:45,-102.1157,31.9970,  19.0,26994,-46.4,-74.8,-70.5,  3,  4, 0.08, 52, 9.8
2025-06-11 12:32:46,-102.1158,31.9970,  19.0,27000,-46.3,-74.8,-70.5,  3,  4, 0.08, 50, 9.9
2025-06-11 12:32:47,-102.1159,31.9969,  19.0,27007,-46.3,-74.7,-70.4,  3,  4, 0.08, 49,10.0
2025-06-11 12:32:48,-102.1160,31.9968,  19.0,27013,-46.3,-74.7,-70.4,  3,  4, 0.08, 48,10.2
2025-06-11 12:32:49,-102.1161,31.9968,  19.0,27020,-46.3,-74.7,-70.4,  3,  4, 0.08, 47,10.3
2025-06-11 12:32:50,-102.1161,31.9967,  18.9,27026,-46.3,-74.7,-70.4,  3,  4, 0.08, 47,10.5
2025-06-11 12:32:51,-102.1162,31.9966,  18.9,27033,-46.3,-74.6,-70.4,  3,  4, 0.08, 46,10.5
2025-06-11 12:32:52,-102.1163,31.9966,  18.9,27039,-46.2,-74.6,-70.3,  3,  4, 0.08, 45,10.7
2025-06-11 12:32:53,-102.1164,31.9965,  18.9,27045,-46.2,-74.6,-70.3,  3,  4, 0.08, 44,10.8
2025-06-11 12:32:54,-102.1165,31.9964,  18.9,27051,-46.2,-74.6,-70.3,  3,  4, 0.08, 43,11.0
2025-06-11 12:32:55,-102.1166,31.9964,  18.9,27058,-46.2,-74.6,-70.3,  3,  4, 0.08, 42,11.2
2025-06-11 12:32:56,-102.1166,31.9963,  18.8,27064,-46.2,-74.6,-70.3,  3,  4, 0.08, 42,11.2
2025-06-11 12:32:57,-102.1167,31.9962,  18.8,27070,-46.2,-74.5,-70.3,  3,  4, 0.08, 43,11.3
2025-06-11 12:32:58,-102.1168,31.9962,  18.8,27076,-46.2,-74.5,-70.2,  3,  4, 0.08, 43,11.4
2025-06-11 12:32:59,-102.1169,31.9961,  18.8,27082,-46.2,-74.5,-70.2,  3,  4, 0.08, 43,11.4
2025-06-11 12:33:00,-102.1170,31.9960,  18.8,27088,-46.2,-74.5,-70.2,  3,  4, 0.08, 44,11.5
2025-06-11 12:33:01,-102.1171,31.9960,  18.8,27094,-46.1,-74.5,-70.2,  3,  4, 0.08, 44,11.6
2025-06-11 12:33:02,-102.1173,31.9959,  18.7,27100,-46.1,-74.5,-70.2,  3,  4, 0.08, 44,11.7
2025-06-11 12:33:03,-102.1174,31.9959,  18.7,27108,-46.1,-74.4,-70.1,  3,  4, 0.08, 44,11.7
2025-06-11 12:33:04,-102.1175,31.9958,  18.7,27112,-46.1,-74.4,-70.1,  3,  4, 0.09, 45,11.8
2025-06-11 12:33:05,-102.1176,31.9957,  18.7,27119,-46.1,-74.4,-70.1,  3,  4, 0.09, 45,11.9
2025-06-11 12:33:06,-102.1177,31.9957,  18.7,27125,-46.1,-74.4,-70.1,  3,  4, 0.09, 45,11.9
2025-06-11 12:33:07,-102.1178,31.9956,  18.6,27132,-46.1,-74.4,-70.1,  3,  4, 0.09, 45,12.0
2025-06-11 12:33:08,-102.1179,31.9956,  18.6,27139,-46.1,-74.4,-70.1,  3,  4, 0.09, 46,12.1
2025-06-11 12:33:09,-102.1180,31.9955,  18.6,27145,-46.1,-74.4,-70.1,  3,  4, 0.09, 46,12.1
2025-06-11 12:33:10,-102.1181,31.9954,  18.6,27151,-46.1,-74.4,-70.1,  3,  4, 0.09, 46,12.2
2025-06-11 12:33:11,-102.1182,31.9954,  18.6,27157,-46.1,-74.4,-70.1,  3,  4, 0.09, 46,12.3
2025-06-11 12:33:12,-102.1183,31.9953,  18.6,27163,-46.1,-74.4,-70.1,  3,  4, 0.09, 46,12.3
2025-06-11 12:33:13,-102.1184,31.9953,  18.5,27169,-46.1,-74.3,-70.0,  3,  4, 0.09, 47,12.4
2025-06-11 12:33:14,-102.1186,31.9952,  18.5,27175,-46.1,-74.3,-70.0,  3,  4, 0.09, 47,12.5
2025-06-11 12:33:15,-102.1187,31.9951,  18.5,27182,-46.1,-74.3,-70.0,  3,  4, 0.09, 47,12.6
2025-06-11 12:33:16,-102.1188,31.9951,  18.5,27188,-46.1,-74.3,-70.0,  3,  4, 0.09, 48,12.5
2025-06-11 12:33:17,-102.1189,31.9950,  18.5,27194,-46.1,-74.3,-70.0,  3,  4, 0.09, 49,12.4
2025-06-11 12:33:18,-102.1190,31.9950,  18.5,27200,-46.1,-74.3,-70.0,  3,  4, 0.09, 51,12.5
2025-06-11 12:33:19,-102.1191,31.9949,  18.4,27206,-46.1,-74.2,-69.9,  3,  4, 0.09, 52,12.5
2025-06-11 12:33:20,-102.1192,31.9948,  18.4,27212,-46.1,-74.2,-69.9,  3,  4, 0.09, 53,12.5
2025-06-11 12:33:21,-102.1193,31.9948,  18.4,27218,-46.1,-74.2,-69.9,  3,  4, 0.09, 54,12.5
2025-06-11 12:33:22,-102.1194,31.9947,  18.4,27225,-46.1,-74.2,-69.9,  3,  4, 0.09, 55,12.5
2025-06-11 12:33:23,-102.1195,31.9947,  18.4,27231,-46.2,-74.2,-69.9,  3,  4, 0.09, 57,12.5
2025-06-11 12:33:24,-102.1196,31.9946,  18.4,27237,-46.2,-74.2,-69.9,  3,  4, 0.09, 58,12.5
2025-06-11 12:33:25,-102.1198,31.9945,  18.3,27243,-46.2,-74.2,-69.9,  3,  4, 0.09, 59,12.5
2025-06-11 12:33:26,-102.1199,31.9945,  18.3,27249,-46.2,-74.2,-69.9,  3,  4, 0.09, 60,12.5
2025-06-11 12:33:27,-102.1200,31.9944,  18.3,27255,-46.2,-74.2,-69.9,  3,  4, 0.09, 62,12.5
2025-06-11 12:33:28,-102.1201,31.9944,  18.3,27262,-46.2,-74.2,-69.9,  3,  4, 0.09, 63,12.5
2025-06-11 12:33:29,-102.1202,31.9944,  18.3,27268,-46.2,-74.2,-69.9,  3,  4, 0.09, 64,12.5
2025-06-11 12:33:30,-102.1204,31.9944,  18.2,27274,-46.2,-74.1,-69.8,  3,  4, 0.09, 65,12.5
2025-06-11 12:33:31,-102.1205,31.9944,  18.2,27281,-46.2,-74.1,-69.8,  3,  4, 0.09, 66,12.5
2025-06-11 12:33:32,-102.1206,31.9944,  18.2,27287,-46.2,-74.1,-69.8,  3,  4, 0.09, 68,12.5
2025-06-11 12:33:33,-102.1208,31.9944,  18.2,27293,-46.2,-74.1,-69.8,  3,  4, 0.09, 69,12.4
2025-06-11 12:33:34,-102.1209,31.9944,  18.2,27299,-46.2,-74.1,-69.8,  3,  4, 0.09, 70,12.4
2025-06-11 12:33:35,-102.1210,31.9944,  18.2,27306,-46.3,-74.1,-69.8,  3,  4, 0.09, 71,12.4
2025-06-11 12:33:36,-102.1212,31.9944,  18.1,27312,-46.3,-74.1,-69.8,  3,  4, 0.09, 72,12.4
2025-06-11 12:33:37,-102.1213,31.9945,  18.1,27317,-46.3,-74.1,-69.8,  3,  4, 0.09, 74,12.4
2025-06-11 12:33:38,-102.1214,31.9945,  18.1,27323,-46.3,-74.1,-69.8,  3,  4, 0.09, 75,12.5
2025-06-11 12:33:39,-102.1216,31.9945,  18.1,27329,-46.3,-74.1,-69.8,  3,  4, 0.09, 76,12.6
2025-06-11 12:33:40,-102.1217,31.9945,  18.1,27334,-46.3,-74.1,-69.8,  3,  4, 0.09, 77,12.6
2025-06-11 12:33:41,-102.1218,31.9945,  18.1,27340,-46.3,-74.1,-69.8,  3,  4, 0.09, 79,12.6
2025-06-11 12:33:42,-102.1220,31.9945,  18.0,27346,-46.3,-74.1,-69.8,  3,  4, 0.09, 80,12.6
2025-06-11 12:33:43,-102.1221,31.9945,  18.0,27353,-46.4,-74.1,-69.8,  3,  4, 0.09, 81,12.7
2025-06-11 12:33:44,-102.1223,31.9945,  18.0,27360,-46.4,-74.1,-69.8,  3,  4, 0.09, 82,12.7
2025-06-11 12:33:45,-102.1224,31.9945,  18.0,27366,-46.4,-74.1,-69.8,  3,  4, 0.09, 83,12.7
2025-06-11 12:33:46,-102.1225,31.9945,  18.0,27373,-46.4,-74.1,-69.8,  3,  4, 0.09, 85,12.8
2025-06-11 12:33:47,-102.1227,31.9945,  18.0,27380,-46.4,-74.1,-69.8,  3,  4, 0.09, 86,12.8
2025-06-11 12:33:48,-102.1228,31.9945,  17.9,27386,-46.4,-74.1,-69.8,  3,  4, 0.09, 87,12.8
2025-06-11 12:33:49,-102.1229,31.9945,  17.9,27392,-46.4,-74.1,-69.8,  3,  4, 0.09, 88,12.8
2025-06-11 12:33:50,-102.1231,31.9945,  17.9,27397,-46.4,-74.0,-69.7,  3,  4, 0.09, 89,12.9
2025-06-11 12:33:51,-102.1232,31.9945,  17.9,27403,-46.5,-74.0,-69.7,  3,  4, 0.09, 91,12.9
2025-06-11 12:33:52,-102.1233,31.9946,  17.9,27408,-46.5,-74.1,-69.8,  3,  4, 0.09, 92,12.9
2025-06-11 12:33:53,-102.1235,31.9946,  17.9,27414,-46.5,-74.1,-69.8,  3,  4, 0.09, 93,12.9
2025-06-11 12:33:54,-102.1236,31.9946,  17.9,27419,-46.5,-74.1,-69.8,  3,  4, 0.09, 94,12.9
2025-06-11 12:33:55,-102.1237,31.9946,  17.8,27425,-46.5,-74.1,-69.8,  3,  4, 0.09, 95,13.0
2025-06-11 12:33:56,-102.1239,31.9946,  17.8,27430,-46.5,-74.1,-69.8,  3,  4, 0.09, 96,13.0
2025-06-11 12:33:57,-102.1240,31.9946,  17.8,27435,-46.5,-74.1,-69.8,  3,  4, 0.09, 97,13.0
2025-06-11 12:33:58,-102.1241,31.9946,  17.8,27441,-46.6,-74.1,-69.8,  3,  4, 0.09, 97,13.0
2025-06-11 12:33:59,-102.1243,31.9946,  17.8,27446,-46.6,-74.1,-69.8,  3,  5, 0.09, 98,13.0
2025-06-11 12:34:00,-102.1244,31.9947,  17.8,27453,-46.6,-74.1,-69.8,  3,  5, 0.09, 99,13.0
2025-06-11 12:34:01,-102.1245,31.9947,  17.7,27460,-46.6,-74.1,-69.8,  3,  5, 0.09, 99,13.0
2025-06-11 12:34:02,-102.1246,31.9947,  17.7,27467,-46.6,-74.1,-69.8,  3,  5, 0.09,100,13.0
2025-06-11 12:34:03,-102.1248,31.9948,  17.7,27473,-46.6,-74.1,-69.8,  3,  5, 0.09,101,13.0
2025-06-11 12:34:04,-102.1249,31.9948,  17.7,27480,-46.6,-74.1,-69.8,  3,  5, 0.09,102,13.0
2025-06-11 12:34:05,-102.1250,31.9948,  17.7,27487,-46.6,-74.1,-69.8,  3,  5, 0.09,102,13.0
2025-06-11 12:34:06,-102.1251,31.9949,  17.7,27494,-46.6,-74.1,-69.8,  3,  5, 0.09,103,13.0
2025-06-11 12:34:07,-102.1252,31.9949,  17.6,27500,-46.6,-74.1,-69.8,  3,  5, 0.09,104,13.1
2025-06-11 12:34:08,-102.1254,31.9950,  17.6,27507,-46.6,-74.1,-69.8,  3,  5, 0.09,104,13.1
2025-06-11 12:34:09,-102.1255,31.9950,  17.6,27514,-46.6,-74.1,-69.8,  3,  5, 0.09,105,13.1
2025-06-11 12:34:10,-102.1256,31.9950,  17.6,27521,-46.6,-74.1,-69.8,  3,  5, 0.09,106,13.1
2025-06-11 12:34:11,-102.1257,31.9951,  17.6,27527,-46.6,-74.1,-69.8,  3,  5, 0.09,107,13.1
2025-06-11 12:34:12,-102.1259,31.9951,  17.6,27533,-46.7,-74.1,-69.8,  3,  5, 0.09,107,13.2
2025-06-11 12:34:13,-102.1260,31.9951,  17.5,27539,-46.7,-74.1,-69.8,  3,  5, 0.09,108,13.2
2025-06-11 12:34:14,-102.1261,31.9952,  17.5,27546,-46.7,-74.1,-69.8,  3,  5, 0.09,109,13.2
2025-06-11 12:34:15,-102.1262,31.9952,  17.5,27552,-46.7,-74.1,-69.8,  3,  5, 0.09,109,13.2
2025-06-11 12:34:16,-102.1264,31.9953,  17.5,27558,-46.7,-74.1,-69.8,  3,  5, 0.09,109,13.2
2025-06-11 12:34:17,-102.1265,31.9953,  17.5,27565,-46.7,-74.2,-69.9,  3,  5, 0.09,109,13.1
2025-06-11 12:34:18,-102.1266,31.9953,  17.4,27572,-46.7,-74.2,-69.9,  3,  5, 0.10,109,13.0
2025-06-11 12:34:19,-102.1267,31.9954,  17.4,27579,-46.7,-74.2,-69.9,  3,  5, 0.10,109,12.9
2025-06-11 12:34:20,-102.1268,31.9954,  17.4,27586,-46.7,-74.2,-69.9,  3,  5, 0.09,109,12.8
2025-06-11 12:34:21,-102.1270,31.9954,  17.4,27593,-46.7,-74.2,-69.9,  3,  5, 0.09,109,12.7
2025-06-11 12:34:22,-102.1271,31.9955,  17.4,27599,-46.7,-74.2,-69.9,  3,  4, 0.09,109,12.7
2025-06-11 12:34:23,-102.1272,31.9955,  17.4,27606,-46.7,-74.2,-69.9,  3,  4, 0.09,109,12.6
2025-06-11 12:34:24,-102.1273,31.9955,  17.3,27613,-46.7,-74.2,-69.9,  3,  4, 0.10,109,12.5
2025-06-11 12:34:25,-102.1275,31.9956,  17.3,27618,-46.7,-74.2,-69.9,  3,  4, 0.10,109,12.4
2025-06-11 12:34:26,-102.1276,31.9956,  17.3,27624,-46.7,-74.2,-69.9,  3,  4, 0.10,109,12.3
2025-06-11 12:34:27,-102.1277,31.9957,  17.3,27631,-46.7,-74.2,-69.9,  3,  4, 0.10,109,12.2
2025-06-11 12:34:28,-102.1278,31.9957,  17.3,27637,-46.7,-74.2,-69.9,  3,  4, 0.10,109,12.1
2025-06-11 12:34:29,-102.1280,31.9957,  17.3,27644,-46.7,-74.2,-69.9,  3,  4, 0.10,109,12.1
2025-06-11 12:34:30,-102.1281,31.9957,  17.2,27650,-46.7,-74.2,-69.9,  3,  4, 0.10,109,12.0
2025-06-11 12:34:31,-102.1282,31.9958,  17.2,27657,-46.7,-74.2,-69.9,  3,  4, 0.10,109,11.9
2025-06-11 12:34:32,-102.1283,31.9958,  17.2,27663,-46.7,-74.2,-69.9,  3,  4, 0.10,109,11.8
2025-06-11 12:34:33,-102.1284,31.9958,  17.2,27669,-46.7,-74.2,-69.9,  3,  4, 0.10,109,11.7
2025-06-11 12:34:34,-102.1285,31.9958,  17.2,27676,-46.6,-74.2,-69.9,  3,  4, 0.10,108,11.6
2025-06-11 12:34:35,-102.1286,31.9958,  17.2,27682,-46.6,-74.2,-69.9,  3,  4, 0.10,108,11.6
2025-06-11 12:34:36,-102.1287,31.9959,  17.1,27688,-46.6,-74.2,-69.9,  3,  4, 0.10,108,11.4
2025-06-11 12:34:37,-102.1288,31.9959,  17.1,27695,-46.6,-74.2,-69.9,  3,  4, 0.10,108,11.3
2025-06-11 12:34:38,-102.1289,31.9959,  17.1,27701,-46.6,-74.2,-69.9,  3,  4, 0.10,107,11.2
2025-06-11 12:34:39,-102.1290,31.9959,  17.1,27707,-46.6,-74.2,-69.9,  3,  4, 0.10,107,11.1
2025-06-11 12:34:40,-102.1291,31.9959,  17.1,27714,-46.6,-74.2,-69.9,  3,  4, 0.10,106,11.0
2025-06-11 12:34:41,-102.1292,31.9960,  17.1,27720,-46.6,-74.2,-69.9,  3,  4, 0.10,106,10.9
2025-06-11 12:34:42,-102.1293,31.9960,  17.0,27727,-46.6,-74.2,-69.9,  3,  4, 0.10,105,10.8
2025-06-11 12:34:43,-102.1294,31.9960,  17.0,27733,-46.6,-74.2,-69.9,  3,  4, 0.10,105,10.7
2025-06-11 12:34:44,-102.1295,31.9960,  17.0,27739,-46.6,-74.2,-69.9,  3,  4, 0.10,104,10.6
2025-06-11 12:34:45,-102.1296,31.9960,  17.0,27745,-46.6,-74.2,-69.9,  3,  4, 0.10,104,10.5
2025-06-11 12:34:46,-102.1297,31.9960,  17.0,27751,-46.6,-74.2,-69.9,  3,  4, 0.10,103,10.4
2025-06-11 12:34:47,-102.1298,31.9961,  17.0,27757,-46.6,-74.2,-69.9,  3,  4, 0.10,103,10.2
2025-06-11 12:34:48,-102.1299,31.9961,  16.9,27763,-46.6,-74.2,-69.9,  3,  4, 0.10,102,10.1
2025-06-11 12:34:49,-102.1300,31.9961,  16.9,27769,-46.5,-74.3,-70.0,  3,  4, 0.10,101,10.0
2025-06-11 12:34:50,-102.1301,31.9961,  16.9,27776,-46.5,-74.3,-70.0,  3,  4, 0.10,101, 9.9
2025-06-11 12:34:51,-102.1302,31.9961,  16.9,27782,-46.5,-74.3,-70.0,  3,  4, 0.10,100, 9.8
2025-06-11 12:34:52,-102.1303,31.9962,  16.9,27789,-46.5,-74.3,-70.0,  3,  4, 0.10,100, 9.7
2025-06-11 12:34:53,-102.1304,31.9962,  16.9,27795,-46.5,-74.3,-70.0,  3,  4, 0.10, 99, 9.6
2025-06-11 12:34:54,-102.1305,31.9962,  16.9,27802,-46.5,-74.3,-70.0,  3,  4, 0.10, 98, 9.5
2025-06-11 12:34:55,-102.1306,31.9962,  16.8,27808,-46.5,-74.2,-69.9,  3,  4, 0.10, 98, 9.5
2025-06-11 12:34:56,-102.1307,31.9962,  16.8,27814,-46.4,-74.2,-69.9,  3,  4, 0.10, 98, 9.4
2025-06-11 12:34:57,-102.1308,31.9962,  16.8,27820,-46.4,-74.2,-69.9,  3,  4, 0.10, 99, 9.4
2025-06-11 12:34:58,-102.1309,31.9963,  16.8,27826,-46.4,-74.2,-69.9,  3,  4, 0.10,100, 9.4
2025-06-11 12:34:59,-102.1310,31.9963,  16.8,27832,-46.4,-74.2,-69.9,  3,  4, 0.10,100, 9.4
2025-06-11 12:35:00,-102.1311,31.9963,  16.8,27838,-46.4,-74.2,-69.9,  3,  4, 0.10,101, 9.4
2025-06-11 12:35:01,-102.1312,31.9963,  16.7,27844,-46.4,-74.2,-69.9,  3,  4, 0.10,102, 9.3
2025-06-11 12:35:02,-102.1312,31.9963,  16.7,27850,-46.3,-74.2,-69.9,  3,  4, 0.10,103, 9.3
2025-06-11 12:35:03,-102.1313,31.9963,  16.7,27856,-46.3,-74.2,-69.9,  3,  4, 0.10,103, 9.3
2025-06-11 12:35:04,-102.1314,31.9964,  16.7,27862,-46.3,-74.2,-69.9,  3,  4, 0.10,104, 9.3
2025-06-11 12:35:05,-102.1315,31.9964,  16.7,27868,-46.3,-74.2,-69.9,  3,  4, 0.10,105, 9.3
2025-06-11 12:35:06,-102.1316,31.9964,  16.7,27874,-46.3,-74.2,-69.9,  3,  4, 0.10,105, 9.3
2025-06-11 12:35:07,-102.1317,31.9964,  16.7,27880,-46.2,-74.2,-69.9,  3,  4, 0.10,106, 9.3
2025-06-11 12:35:08,-102.1318,31.9964,  16.6,27887,-46.2,-74.2,-69.9,  3,  4, 0.10,107, 9.3
2025-06-11 12:35:09,-102.1319,31.9964,  16.6,27893,-46.2,-74.2,-69.9,  3,  4, 0.10,107, 9.3
2025-06-11 12:35:10,-102.1320,31.9964,  16.6,27899,-46.2,-74.2,-69.9,  3,  4, 0.10,108, 9.3
2025-06-11 12:35:11,-102.1320,31.9965,  16.6,27906,-46.2,-74.2,-69.9,  3,  4, 0.10,109, 9.3
2025-06-11 12:35:12,-102.1321,31.9965,  16.6,27912,-46.1,-74.2,-69.9,  3,  4, 0.10,109, 9.3
2025-06-11 12:35:13,-102.1322,31.9965,  16.6,27918,-46.1,-74.2,-69.9,  3,  4, 0.10,110, 9.3
2025-06-11 12:35:14,-102.1323,31.9965,  16.5,27924,-46.1,-74.2,-69.9,  3,  4, 0.10,111, 9.3
2025-06-11 12:35:15,-102.1324,31.9965,  16.5,27930,-46.1,-74.1,-69.8,  3,  4, 0.10,111, 9.3
2025-06-11 12:35:16,-102.1325,31.9965,  16.5,27937,-46.1,-74.1,-69.8,  3,  4, 0.10,111, 9.2
2025-06-11 12:35:17,-102.1326,31.9965,  16.5,27943,-46.0,-74.1,-69.8,  3,  4, 0.10,110, 9.1
2025-06-11 12:35:18,-102.1327,31.9966,  16.5,27949,-46.0,-74.1,-69.8,  3,  4, 0.10,109, 9.1
2025-06-11 12:35:19,-102.1328,31.9966,  16.5,27955,-46.0,-74.1,-69.8,  3,  4, 0.10,108, 9.0
2025-06-11 12:35:20,-102.1329,31.9966,  16.5,27961,-46.0,-74.1,-69.8,  3,  4, 0.10,107, 9.0
2025-06-11 12:35:21,-102.1329,31.9966,  16.4,27967,-46.0,-74.1,-69.8,  3,  4, 0.10,106, 9.0
2025-06-11 12:35:22,-102.1330,31.9966,  16.4,27973,-46.0,-74.1,-69.8,  3,  4, 0.10,105, 8.9
2025-06-11 12:35:23,-102.1331,31.9966,  16.4,27979,-45.9,-74.1,-69.8,  3,  4, 0.10,104, 8.9
2025-06-11 12:35:24,-102.1332,31.9966,  16.4,27986,-45.9,-74.1,-69.8,  3,  4, 0.10,103, 8.8
2025-06-11 12:35:25,-102.1333,31.9967,  16.4,27992,-45.9,-74.0,-69.7,  3,  4, 0.10,102, 8.8
2025-06-11 12:35:26,-102.1334,31.9967,  16.4,27998,-45.9,-74.0,-69.7,  3,  4, 0.10,101, 8.7
2025-06-11 12:35:27,-102.1335,31.9967,  16.3,28005,-45.9,-74.0,-69.7,  3,  4, 0.10,100, 8.7
2025-06-11 12:35:28,-102.1336,31.9967,  16.3,28011,-45.8,-74.0,-69.7,  3,  4, 0.10, 99, 8.6
2025-06-11 12:35:29,-102.1337,31.9967,  16.3,28017,-45.8,-74.0,-69.7,  3,  4, 0.10, 98, 8.6
2025-06-11 12:35:30,-102.1337,31.9967,  16.3,28023,-45.8,-74.0,-69.7,  3,  4, 0.10, 97, 8.5
2025-06-11 12:35:31,-102.1338,31.9967,  16.3,28029,-45.8,-74.0,-69.7,  3,  4, 0.10, 95, 8.5
2025-06-11 12:35:32,-102.1339,31.9967,  16.3,28036,-45.8,-73.9,-69.6,  3,  4, 0.11, 94, 8.4
2025-06-11 12:35:33,-102.1340,31.9966,  16.3,28042,-45.7,-73.9,-69.6,  3,  4, 0.11, 93, 8.3
2025-06-11 12:35:34,-102.1341,31.9966,  16.2,28048,-45.7,-73.9,-69.6,  3,  4, 0.11, 92, 8.3
2025-06-11 12:35:35,-102.1342,31.9965,  16.2,28053,-45.7,-73.9,-69.6,  3,  4, 0.11, 91, 8.3
2025-06-11 12:35:36,-102.1343,31.9965,  16.2,28059,-45.7,-73.9,-69.6,  3,  4, 0.11, 89, 8.3
2025-06-11 12:35:37,-102.1344,31.9965,  16.2,28065,-45.6,-73.8,-69.5,  3,  4, 0.11, 88, 8.5
2025-06-11 12:35:38,-102.1345,31.9964,  16.2,28070,-45.6,-73.8,-69.5,  3,  4, 0.11, 86, 8.6
2025-06-11 12:35:39,-102.1346,31.9964,  16.2,28076,-45.6,-73.8,-69.5,  3,  4, 0.11, 84, 8.8
2025-06-11 12:35:40,-102.1347,31.9964,  16.2,28082,-45.6,-73.8,-69.5,  3,  4, 0.11, 83, 8.9
2025-06-11 12:35:41,-102.1348,31.9963,  16.1,28088,-45.5,-73.8,-69.5,  3,  4, 0.11, 81, 9.0
2025-06-11 12:35:42,-102.1349,31.9963,  16.1,28094,-45.5,-73.8,-69.5,  3,  4, 0.11, 80, 9.1
2025-06-11 12:35:43,-102.1350,31.9963,  16.1,28101,-45.5,-73.7,-69.4,  3,  4, 0.11, 78, 9.3
2025-06-11 12:35:44,-102.1351,31.9962,  16.1,28107,-45.5,-73.7,-69.4,  3,  4, 0.11, 77, 9.4
2025-06-11 12:35:45,-102.1352,31.9962,  16.1,28113,-45.4,-73.7,-69.4,  3,  4, 0.11, 75, 9.5
2025-06-11 12:35:46,-102.1353,31.9961,  16.1,28119,-45.4,-73.7,-69.4,  3,  4, 0.11, 74, 9.6
2025-06-11 12:35:47,-102.1354,31.9961,  16.1,28124,-45.4,-73.7,-69.4,  3,  4, 0.11, 73, 9.7
2025-06-11 12:35:48,-102.1355,31.9961,  16.0,28130,-45.4,-73.7,-69.4,  3,  4, 0.11, 71, 9.9
2025-06-11 12:35:49,-102.1356,31.9960,  16.0,28136,-45.4,-73.7,-69.4,  3,  4, 0.11, 70,10.0
2025-06-11 12:35:50,-102.1357,31.9960,  16.0,28141,-45.3,-73.6,-69.3,  3,  4, 0.11, 69,10.1
2025-06-11 12:35:51,-102.1358,31.9960,  16.0,28147,-45.3,-73.6,-69.3,  3,  4, 0.11, 68,10.2
2025-06-11 12:35:52,-102.1359,31.9959,  16.0,28153,-45.3,-73.6,-69.3,  3,  4, 0.11, 66,10.4
2025-06-11 12:35:53,-102.1360,31.9959,  16.0,28159,-45.3,-73.6,-69.3,  3,  4, 0.11, 65,10.4
2025-06-11 12:35:54,-102.1361,31.9959,  16.0,28166,-45.2,-73.6,-69.3,  3,  4, 0.11, 64,10.6
2025-06-11 12:35:55,-102.1362,31.9958,  15.9,28172,-45.2,-73.6,-69.3,  3,  4, 0.11, 63,10.7
2025-06-11 12:35:56,-102.1363,31.9958,  15.9,28178,-45.2,-73.6,-69.3,  3,  4, 0.11, 63,10.7
2025-06-11 12:35:57,-102.1364,31.9957,  15.9,28183,-45.2,-73.5,-69.2,  3,  4, 0.11, 64,10.8
2025-06-11 12:35:58,-102.1365,31.9957,  15.9,28189,-45.1,-73.5,-69.2,  3,  4, 0.11, 64,10.8
2025-06-11 12:35:59,-102.1366,31.9957,  15.9,28195,-45.1,-73.5,-69.2,  3,  4, 0.11, 64,10.8
2025-06-11 12:36:00,-102.1367,31.9956,  15.9,28200,-45.1,-73.5,-69.2,  3,  4, 0.12, 64,10.9
2025-06-11 12:36:01,-102.1368,31.9956,  15.9,28206,-45.1,-73.5,-69.2,  3,  4, 0.12, 64,10.9
2025-06-11 12:36:02,-102.1370,31.9955,  15.8,28212,-45.0,-73.5,-69.2,  3,  4, 0.12, 65,10.9
2025-06-11 12:36:03,-102.1371,31.9955,  15.8,28218,-45.0,-73.4,-69.1,  3,  4, 0.12, 65,11.0
2025-06-11 12:36:04,-102.1372,31.9955,  15.8,28224,-45.0,-73.4,-69.1,  3,  4, 0.12, 65,11.0
2025-06-11 12:36:05,-102.1373,31.9954,  15.8,28230,-45.0,-73.4,-69.1,  3,  4, 0.12, 65,11.0
2025-06-11 12:36:06,-102.1375,31.9954,  15.8,28236,-44.9,-73.4,-69.1,  3,  4, 0.12, 65,11.0
2025-06-11 12:36:07,-102.1376,31.9953,  15.8,28242,-44.9,-73.4,-69.1,  3,  4, 0.12, 66,11.1
2025-06-11 12:36:08,-102.1377,31.9953,  15.8,28247,-44.9,-73.3,-69.0,  3,  4, 0.12, 66,11.1
2025-06-11 12:36:09,-102.1378,31.9952,  15.7,28253,-44.8,-73.3,-69.0,  3,  4, 0.12, 66,11.1
2025-06-11 12:36:10,-102.1380,31.9952,  15.7,28258,-44.8,-73.3,-69.0,  3,  4, 0.12, 66,11.2
2025-06-11 12:36:11,-102.1381,31.9951,  15.7,28264,-44.8,-73.3,-69.0,  3,  4, 0.12, 66,11.2
2025-06-11 12:36:12,-102.1382,31.9951,  15.7,28269,-44.8,-73.2,-68.9,  3,  4, 0.12, 67,11.2
2025-06-11 12:36:13,-102.1383,31.9950,  15.7,28275,-44.7,-73.2,-68.9,  3,  4, 0.12, 67,11.3
2025-06-11 12:36:14,-102.1385,31.9950,  15.7,28281,-44.7,-73.2,-68.9,  3,  4, 0.12, 67,11.3
2025-06-11 12:36:15,-102.1386,31.9950,  15.7,28287,-44.7,-73.2,-68.9,  3,  4, 0.12, 67,11.3
2025-06-11 12:36:16,-102.1387,31.9949,  15.7,28293,-44.7,-73.2,-68.9,  3,  4, 0.12, 67,11.5
2025-06-11 12:36:17,-102.1388,31.9949,  15.6,28300,-44.6,-73.1,-68.8,  3,  4, 0.12, 67,11.6
2025-06-11 12:36:18,-102.1390,31.9948,  15.6,28306,-44.6,-73.1,-68.8,  3,  4, 0.12, 67,11.7
2025-06-11 12:36:19,-102.1391,31.9948,  15.6,28312,-44.6,-73.1,-68.8,  3,  4, 0.12, 67,11.9
2025-06-11 12:36:20,-102.1392,31.9947,  15.6,28318,-44.6,-73.1,-68.8,  3,  4, 0.12, 67,12.0
2025-06-11 12:36:21,-102.1393,31.9947,  15.6,28324,-44.5,-73.1,-68.8,  3,  4, 0.12, 67,12.1
2025-06-11 12:36:22,-102.1395,31.9946,  15.6,28330,-44.5,-73.0,-68.7,  3,  4, 0.13, 67,12.3
2025-06-11 12:36:23,-102.1396,31.9946,  15.6,28336,-44.5,-73.0,-68.7,  3,  4, 0.13, 67,12.4
2025-06-11 12:36:24,-102.1397,31.9945,  15.5,28342,-44.5,-73.0,-68.7,  3,  4, 0.13, 67,12.5
2025-06-11 12:36:25,-102.1398,31.9945,  15.5,28347,-44.4,-73.0,-68.7,  3,  4, 0.13, 67,12.7
2025-06-11 12:36:26,-102.1399,31.9945,  15.5,28352,-44.4,-73.0,-68.7,  3,  4, 0.13, 67,12.8
2025-06-11 12:36:27,-102.1401,31.9944,  15.5,28357,-44.4,-73.0,-68.7,  3,  4, 0.13, 67,13.0
2025-06-11 12:36:28,-102.1402,31.9944,  15.5,28362,-44.4,-72.9,-68.6,  3,  4, 0.13, 67,13.1
2025-06-11 12:36:29,-102.1403,31.9943,  15.5,28367,-44.4,-72.9,-68.6,  3,  4, 0.13, 67,13.2
2025-06-11 12:36:30,-102.1404,31.9943,  15.5,28373,-44.4,-72.9,-68.6,  3,  4, 0.13, 66,13.4
2025-06-11 12:36:31,-102.1406,31.9942,  15.5,28378,-44.3,-72.9,-68.6,  3,  4, 0.13, 66,13.5
2025-06-11 12:36:32,-102.1407,31.9942,  15.4,28383,-44.3,-72.9,-68.6,  3,  4, 0.13, 66,13.6
2025-06-11 12:36:33,-102.1409,31.9941,  15.4,28389,-44.3,-72.9,-68.6,  3,  4, 0.13, 66,13.8
2025-06-11 12:36:34,-102.1411,31.9940,  15.4,28394,-44.3,-72.8,-68.5,  3,  4, 0.13, 66,13.9
2025-06-11 12:36:35,-102.1413,31.9939,  15.4,28399,-44.3,-72.8,-68.5,  3,  4, 0.13, 66,14.1
2025-06-11 12:36:36,-102.1415,31.9939,  15.4,28405,-44.3,-72.8,-68.5,  3,  4, 0.13, 66,14.3
2025-06-11 12:36:37,-102.1416,31.9938,  15.4,28411,-44.2,-72.8,-68.5,  3,  4, 0.13, 66,14.5
2025-06-11 12:36:38,-102.1418,31.9937,  15.4,28417,-44.2,-72.8,-68.5,  3,  4, 0.13, 66,14.7
2025-06-11 12:36:39,-102.1420,31.9937,  15.4,28423,-44.2,-72.8,-68.5,  3,  4, 0.13, 65,15.0
2025-06-11 12:36:40,-102.1422,31.9936,  15.3,28429,-44.2,-72.7,-68.4,  3,  4, 0.13, 65,15.2
2025-06-11 12:36:41,-102.1424,31.9935,  15.3,28435,-44.2,-72.7,-68.4,  3,  4, 0.13, 65,15.4
2025-06-11 12:36:42,-102.1426,31.9934,  15.3,28441,-44.2,-72.7,-68.4,  3,  4, 0.13, 65,15.7
2025-06-11 12:36:43,-102.1427,31.9934,  15.3,28447,-44.2,-72.7,-68.4,  3,  4, 0.13, 65,15.9
2025-06-11 12:36:44,-102.1429,31.9933,  15.3,28453,-44.2,-72.7,-68.4,  3,  4, 0.13, 64,16.1
2025-06-11 12:36:45,-102.1431,31.9932,  15.3,28459,-44.2,-72.7,-68.4,  3,  4, 0.13, 64,16.4
2025-06-11 12:36:46,-102.1433,31.9932,  15.3,28465,-44.1,-72.7,-68.4,  3,  4, 0.14, 64,16.6
2025-06-11 12:36:47,-102.1435,31.9931,  15.2,28471,-44.1,-72.7,-68.3,  3,  4, 0.14, 64,16.9
2025-06-11 12:36:48,-102.1436,31.9930,  15.2,28476,-44.1,-72.6,-68.3,  3,  4, 0.14, 64,17.1
2025-06-11 12:36:49,-102.1438,31.9930,  15.2,28482,-44.1,-72.6,-68.3,  3,  4, 0.14, 64,17.3
2025-06-11 12:36:50,-102.1440,31.9929,  15.2,28487,-44.1,-72.6,-68.3,  3,  4, 0.14, 64,17.6
2025-06-11 12:36:51,-102.1442,31.9928,  15.2,28492,-44.1,-72.6,-68.3,  3,  4, 0.14, 63,17.8
2025-06-11 12:36:52,-102.1444,31.9927,  15.2,28498,-44.1,-72.6,-68.3,  3,  4, 0.14, 63,18.0
2025-06-11 12:36:53,-102.1445,31.9927,  15.2,28504,-44.1,-72.6,-68.3,  3,  4, 0.14, 63,18.3
2025-06-11 12:36:54,-102.1447,31.9926,  15.2,28510,-44.1,-72.6,-68.3,  3,  4, 0.14, 63,18.5
2025-06-11 12:36:55,-102.1449,31.9925,  15.1,28516,-44.1,-72.6,-68.3,  3,  4, 0.14, 63,18.7
2025-06-11 12:36:56,-102.1451,31.9925,  15.1,28522,-44.1,-72.6,-68.3,  3,  4, 0.14, 63,18.8
2025-06-11 12:36:57,-102.1453,31.9924,  15.1,28528,-44.1,-72.6,-68.3,  3,  4, 0.14, 64,18.9
2025-06-11 12:36:58,-102.1455,31.9923,  15.1,28534,-44.1,-72.6,-68.3,  3,  4, 0.14, 64,18.9
2025-06-11 12:36:59,-102.1456,31.9922,  15.1,28540,-44.1,-72.6,-68.2,  3,  4, 0.14, 65,19.0
2025-06-11 12:37:00,-102.1458,31.9922,  15.1,28545,-44.1,-72.5,-68.2,  3,  4, 0.14, 65,19.1
2025-06-11 12:37:01,-102.1460,31.9921,  15.1,28551,-44.1,-72.5,-68.2,  3,  4, 0.14, 65,19.2
2025-06-11 12:37:02,-102.1462,31.9920,  15.0,28557,-44.1,-72.5,-68.2,  3,  4, 0.14, 66,19.2
2025-06-11 12:37:03,-102.1464,31.9920,  15.0,28562,-44.1,-72.5,-68.2,  3,  4, 0.14, 66,19.3
2025-06-11 12:37:04,-102.1465,31.9919,  15.0,28568,-44.1,-72.5,-68.2,  3,  4, 0.14, 67,19.4
2025-06-11 12:37:05,-102.1467,31.9919,  15.0,28574,-44.1,-72.5,-68.2,  3,  4, 0.14, 67,19.5
2025-06-11 12:37:06,-102.1469,31.9918,  15.0,28580,-44.1,-72.5,-68.1,  3,  4, 0.14, 67,19.6
2025-06-11 12:37:07,-102.1471,31.9918,  15.0,28586,-44.1,-72.5,-68.1,  3,  4, 0.14, 68,19.6
2025-06-11 12:37:08,-102.1473,31.9917,  15.0,28592,-44.2,-72.5,-68.1,  3,  4, 0.14, 68,19.7
2025-06-11 12:37:09,-102.1475,31.9917,  15.0,28598,-44.2,-72.4,-68.1,  3,  4, 0.14, 69,19.8
2025-06-11 12:37:10,-102.1477,31.9916,  14.9,28604,-44.2,-72.4,-68.1,  3,  4, 0.14, 69,19.9
2025-06-11 12:37:11,-102.1479,31.9916,  14.9,28609,-44.2,-72.4,-68.1,  3,  4, 0.14, 69,20.0
2025-06-11 12:37:12,-102.1481,31.9915,  14.9,28615,-44.2,-72.4,-68.1,  3,  4, 0.14, 70,20.1
2025-06-11 12:37:13,-102.1482,31.9915,  14.9,28621,-44.2,-72.4,-68.1,  3,  4, 0.14, 70,20.1
2025-06-11 12:37:14,-102.1484,31.9914,  14.9,28626,-44.2,-72.4,-68.1,  3,  4, 0.14, 70,20.2
2025-06-11 12:37:15,-102.1486,31.9914,  14.9,28632,-44.3,-72.4,-68.1,  3,  4, 0.14, 71,20.3
2025-06-11 12:37:16,-102.1488,31.9913,  14.9,28638,-44.3,-72.4,-68.1,  3,  4, 0.14, 71,20.2
2025-06-11 12:37:17,-102.1490,31.9913,  14.9,28644,-44.3,-72.4,-68.1,  3,  4, 0.14, 71,20.1
2025-06-11 12:37:18,-102.1492,31.9912,  14.8,28650,-44.3,-72.4,-68.1,  3,  4, 0.14, 71,19.9
2025-06-11 12:37:19,-102.1494,31.9912,  14.8,28656,-44.3,-72.4,-68.1,  3,  4, 0.14, 71,19.8
2025-06-11 12:37:20,-102.1496,31.9911,  14.8,28662,-44.3,-72.4,-68.1,  3,  4, 0.14, 72,19.7
2025-06-11 12:37:21,-102.1497,31.9911,  14.8,28668,-44.4,-72.4,-68.1,  3,  4, 0.14, 72,19.6
2025-06-11 12:37:22,-102.1499,31.9910,  14.8,28674,-44.4,-72.4,-68.1,  3,  4, 0.14, 72,19.5
2025-06-11 12:37:23,-102.1501,31.9910,  14.8,28680,-44.4,-72.4,-68.1,  3,  4, 0.14, 72,19.3
2025-06-11 12:37:24,-102.1503,31.9909,  14.8,28686,-44.4,-72.5,-68.1,  3,  4, 0.14, 72,19.2
2025-06-11 12:37:25,-102.1505,31.9909,  14.7,28692,-44.5,-72.5,-68.1,  3,  4, 0.15, 72,19.1
2025-06-11 12:37:26,-102.1507,31.9908,  14.7,28698,-44.5,-72.5,-68.2,  3,  4, 0.14, 73,19.0
2025-06-11 12:37:27,-102.1509,31.9908,  14.7,28704,-44.5,-72.5,-68.2,  3,  4, 0.14, 73,18.8
2025-06-11 12:37:28,-102.1511,31.9907,  14.7,28711,-44.5,-72.5,-68.2,  3,  4, 0.14, 73,18.7
2025-06-11 12:37:29,-102.1513,31.9907,  14.7,28717,-44.6,-72.5,-68.2,  3,  4, 0.14, 73,18.6
2025-06-11 12:37:30,-102.1514,31.9906,  14.7,28724,-44.6,-72.5,-68.2,  3,  4, 0.14, 73,18.5
2025-06-11 12:37:31,-102.1516,31.9906,  14.7,28731,-44.6,-72.5,-68.2,  3,  5, 0.14, 73,18.3
2025-06-11 12:37:32,-102.1518,31.9905,  14.7,28737,-44.6,-72.5,-68.2,  3,  5, 0.14, 74,18.2
2025-06-11 12:37:33,-102.1520,31.9905,  14.6,28743,-44.7,-72.5,-68.2,  3,  5, 0.14, 74,18.1
2025-06-11 12:37:34,-102.1521,31.9905,  14.6,28750,-44.7,-72.5,-68.2,  3,  5, 0.14, 74,18.0
2025-06-11 12:37:35,-102.1523,31.9904,  14.6,28756,-44.7,-72.6,-68.3,  3,  5, 0.14, 74,17.9
2025-06-11 12:37:36,-102.1524,31.9904,  14.6,28762,-44.8,-72.6,-68.3,  3,  5, 0.14, 74,17.7
2025-06-11 12:37:37,-102.1526,31.9904,  14.6,28769,-44.8,-72.6,-68.3,  3,  5, 0.14, 74,17.6
2025-06-11 12:37:38,-102.1527,31.9904,  14.6,28775,-44.8,-72.6,-68.3,  3,  5, 0.14, 74,17.4
2025-06-11 12:37:39,-102.1529,31.9903,  14.6,28781,-44.9,-72.6,-68.3,  3,  5, 0.14, 75,17.3
2025-06-11 12:37:40,-102.1530,31.9903,  14.5,28788,-44.9,-72.7,-68.3,  3,  5, 0.14, 75,17.1
2025-06-11 12:37:41,-102.1532,31.9903,  14.5,28794,-44.9,-72.7,-68.4,  3,  5, 0.14, 75,17.0
2025-06-11 12:37:42,-102.1533,31.9902,  14.5,28801,-45.0,-72.7,-68.4,  3,  5, 0.14, 75,16.8
2025-06-11 12:37:43,-102.1535,31.9902,  14.5,28807,-45.0,-72.7,-68.4,  3,  5, 0.14, 75,16.7
2025-06-11 12:37:44,-102.1536,31.9902,  14.5,28813,-45.0,-72.8,-68.5,  3,  5, 0.14, 75,16.5
2025-06-11 12:37:45,-102.1538,31.9902,  14.5,28820,-45.1,-72.8,-68.5,  3,  5, 0.14, 75,16.4
2025-06-11 12:37:46,-102.1539,31.9901,  14.5,28826,-45.1,-72.8,-68.5,  3,  5, 0.14, 75,16.2
2025-06-11 12:37:47,-102.1540,31.9901,  14.4,28832,-45.1,-72.8,-68.5,  3,  5, 0.14, 75,16.1
2025-06-11 12:37:48,-102.1542,31.9901,  14.4,28839,-45.2,-72.9,-68.6,  3,  5, 0.14, 76,15.9
2025-06-11 12:37:49,-102.1543,31.9900,  14.4,28845,-45.2,-72.9,-68.6,  3,  5, 0.14, 76,15.8
2025-06-11 12:37:50,-102.1545,31.9900,  14.4,28852,-45.2,-72.9,-68.6,  3,  5, 0.14, 76,15.7
2025-06-11 12:37:51,-102.1546,31.9900,  14.4,28858,-45.3,-72.9,-68.6,  3,  5, 0.14, 76,15.5
2025-06-11 12:37:52,-102.1548,31.9900,  14.4,28865,-45.3,-73.0,-68.7,  3,  5, 0.14, 76,15.4
2025-06-11 12:37:53,-102.1549,31.9899,  14.4,28871,-45.3,-73.0,-68.7,  3,  5, 0.14, 76,15.2
2025-06-11 12:37:54,-102.1551,31.9899,  14.3,28878,-45.4,-73.0,-68.7,  3,  5, 0.14, 76,15.1
2025-06-11 12:37:55,-102.1552,31.9899,  14.3,28884,-45.4,-73.0,-68.7,  3,  5, 0.14, 76,14.9
2025-06-11 12:37:56,-102.1554,31.9898,  14.3,28891,-45.4,-73.0,-68.7,  3,  5, 0.14, 77,14.8
2025-06-11 12:37:57,-102.1555,31.9898,  14.3,28897,-45.5,-73.1,-68.8,  3,  5, 0.14, 77,14.6
2025-06-11 12:37:58,-102.1557,31.9898,  14.3,28904,-45.5,-73.1,-68.8,  3,  5, 0.14, 77,14.4
2025-06-11 12:37:59,-102.1558,31.9898,  14.3,28910,-45.6,-73.1,-68.8,  3,  5, 0.14, 77,14.3
2025-06-11 12:38:00,-102.1560,31.9897,  14.3,28917,-45.6,-73.1,-68.8,  3,  5, 0.14, 77,14.1
2025-06-11 12:38:01,-102.1561,31.9897,  14.2,28924,-45.6,-73.1,-68.8,  3,  5, 0.14, 77,14.0
2025-06-11 12:38:02,-102.1563,31.9897,  14.2,28930,-45.6,-73.1,-68.8,  3,  5, 0.14, 78,13.8
2025-06-11 12:38:03,-102.1564,31.9897,  14.2,28937,-45.7,-73.1,-68.8,  3,  5, 0.14, 78,13.6
2025-06-11 12:38:04,-102.1565,31.9896,  14.2,28944,-45.7,-73.2,-68.9,  3,  5, 0.14, 78,13.5
2025-06-11 12:38:05,-102.1566,31.9896,  14.2,28951,-45.7,-73.2,-68.9,  3,  5, 0.14, 78,13.3
2025-06-11 12:38:06,-102.1567,31.9896,  14.2,28958,-45.7,-73.2,-68.9,  3,  5, 0.13, 78,13.2
2025-06-11 12:38:07,-102.1568,31.9896,  14.2,28964,-45.8,-73.2,-68.9,  3,  5, 0.13, 79,13.0
2025-06-11 12:38:08,-102.1569,31.9896,  14.1,28971,-45.8,-73.2,-68.9,  3,  5, 0.14, 79,12.8
2025-06-11 12:38:09,-102.1570,31.9896,  14.1,28978,-45.8,-73.2,-68.9,  3,  5, 0.14, 79,12.7
2025-06-11 12:38:10,-102.1571,31.9896,  14.1,28985,-45.9,-73.2,-68.9,  3,  5, 0.13, 79,12.5
2025-06-11 12:38:11,-102.1572,31.9896,  14.1,28991,-45.9,-73.3,-69.0,  3,  5, 0.13, 79,12.4
2025-06-11 12:38:12,-102.1573,31.9895,  14.1,28998,-45.9,-73.3,-69.0,  3,  5, 0.13, 80,12.2
2025-06-11 12:38:13,-102.1574,31.9895,  14.1,29005,-45.9,-73.3,-69.0,  3,  5, 0.13, 80,12.1
2025-06-11 12:38:14,-102.1575,31.9895,  14.1,29012,-45.9,-73.3,-69.0,  3,  5, 0.13, 80,11.9
2025-06-11 12:38:15,-102.1576,31.9895,  14.0,29019,-46.0,-73.3,-69.0,  3,  5, 0.13, 80,11.7
2025-06-11 12:38:16,-102.1577,31.9895,  14.0,29026,-46.0,-73.3,-69.0,  3,  5, 0.13, 81,11.6
2025-06-11 12:38:17,-102.1578,31.9895,  14.0,29033,-46.0,-73.3,-69.0,  3,  5, 0.13, 81,11.5
2025-06-11 12:38:18,-102.1580,31.9895,  14.0,29040,-46.0,-73.3,-69.0,  3,  5, 0.13, 81,11.4
2025-06-11 12:38:19,-102.1580,31.9895,  14.0,29047,-46.0,-73.3,-69.0,  3,  5, 0.13, 81,11.2
2025-06-11 12:38:20,-102.1582,31.9894,  14.0,29053,-46.0,-73.3,-69.0,  3,  5, 0.13, 81,11.1
2025-06-11 12:38:21,-102.1583,31.9894,  14.0,29060,-46.1,-73.3,-69.0,  3,  5, 0.13, 81,11.0
2025-06-11 12:38:22,-102.1584,31.9894,  13.9,29067,-46.1,-73.4,-69.1,  3,  5, 0.13, 81,10.9
2025-06-11 12:38:23,-102.1585,31.9894,  13.9,29074,-46.1,-73.4,-69.1,  3,  5, 0.13, 81,10.7
2025-06-11 12:38:24,-102.1586,31.9894,  13.9,29081,-46.1,-73.4,-69.1,  3,  5, 0.13, 82,10.6
2025-06-11 12:38:25,-102.1587,31.9894,  13.9,29088,-46.1,-73.4,-69.1,  3,  5, 0.13, 82,10.5
2025-06-11 12:38:26,-102.1588,31.9894,  13.9,29095,-46.1,-73.4,-69.1,  3,  5, 0.13, 82,10.4
2025-06-11 12:38:27,-102.1589,31.9894,  13.9,29102,-46.1,-73.4,-69.1,  3,  5, 0.13, 82,10.2
2025-06-11 12:38:28,-102.1590,31.9893,  13.9,29109,-46.2,-73.4,-69.1,  3,  5, 0.13, 82,10.1
2025-06-11 12:38:29,-102.1591,31.9893,  13.8,29115,-46.2,-73.4,-69.1,  3,  5, 0.13, 82,10.0
2025-06-11 12:38:30,-102.1592,31.9893,  13.8,29122,-46.2,-73.5,-69.2,  3,  5, 0.13, 82, 9.8
2025-06-11 12:38:31,-102.1593,31.9893,  13.8,29129,-46.2,-73.5,-69.2,  3,  5, 0.13, 83, 9.7
2025-06-11 12:38:32,-102.1594,31.9893,  13.8,29136,-46.2,-73.5,-69.2,  3,  5, 0.13, 83, 9.6
2025-06-11 12:38:33,-102.1595,31.9893,  13.8,29143,-46.2,-73.5,-69.2,  3,  5, 0.13, 83, 9.5
2025-06-11 12:38:34,-102.1596,31.9893,  13.8,29151,-46.2,-73.5,-69.2,  3,  5, 0.13, 83, 9.3
2025-06-11 12:38:35,-102.1596,31.9892,  13.8,29158,-46.2,-73.5,-69.2,  3,  5, 0.13, 83, 9.2
2025-06-11 12:38:36,-102.1597,31.9892,  13.7,29165,-46.2,-73.5,-69.2,  3,  5, 0.13, 83, 9.1
2025-06-11 12:38:37,-102.1598,31.9892,  13.7,29172,-46.2,-73.5,-69.2,  3,  5, 0.13, 83, 9.0
2025-06-11 12:38:38,-102.1599,31.9892,  13.7,29180,-46.2,-73.5,-69.2,  3,  5, 0.13, 82, 8.9
2025-06-11 12:38:39,-102.1599,31.9892,  13.7,29187,-46.3,-73.5,-69.2,  3,  5, 0.13, 82, 8.8
2025-06-11 12:38:40,-102.1600,31.9891,  13.7,29194,-46.3,-73.5,-69.2,  3,  5, 0.13, 81, 8.7
2025-06-11 12:38:41,-102.1601,31.9891,  13.7,29202,-46.3,-73.6,-69.3,  3,  5, 0.13, 81, 8.6
2025-06-11 12:38:42,-102.1602,31.9891,  13.6,29209,-46.3,-73.6,-69.3,  3,  5, 0.13, 81, 8.6
2025-06-11 12:38:43,-102.1602,31.9891,  13.6,29216,-46.3,-73.6,-69.3,  3,  5, 0.13, 80, 8.5
2025-06-11 12:38:44,-102.1603,31.9891,  13.6,29224,-46.3,-73.6,-69.3,  3,  5, 0.13, 80, 8.4
2025-06-11 12:38:45,-102.1604,31.9890,  13.6,29231,-46.3,-73.6,-69.3,  3,  5, 0.13, 79, 8.3
2025-06-11 12:38:46,-102.1605,31.9890,  13.6,29239,-46.3,-73.6,-69.3,  3,  5, 0.13, 79, 8.2
2025-06-11 12:38:47,-102.1606,31.9890,  13.6,29246,-46.3,-73.6,-69.3,  3,  5, 0.13, 79, 8.1
2025-06-11 12:38:48,-102.1606,31.9890,  13.6,29253,-46.3,-73.6,-69.3,  3,  5, 0.13, 78, 8.0
2025-06-11 12:38:49,-102.1607,31.9890,  13.5,29261,-46.3,-73.6,-69.3,  3,  5, 0.13, 78, 7.9
2025-06-11 12:38:50,-102.1608,31.9889,  13.5,29268,-46.3,-73.6,-69.3,  3,  5, 0.13, 77, 7.8
2025-06-11 12:38:51,-102.1609,31.9889,  13.5,29275,-46.3,-73.6,-69.3,  3,  5, 0.13, 77, 7.7
2025-06-11 12:38:52,-102.1609,31.9889,  13.5,29283,-46.3,-73.6,-69.3,  3,  5, 0.13, 76, 7.6
2025-06-11 12:38:53,-102.1610,31.9889,  13.5,29290,-46.3,-73.6,-69.3,  3,  5, 0.13, 76, 7.5
2025-06-11 12:38:54,-102.1611,31.9888,  13.5,29297,-46.3,-73.6,-69.3,  3,  5, 0.13, 75, 7.5
2025-06-11 12:38:55,-102.1612,31.9888,  13.5,29305,-46.3,-73.6,-69.3,  3,  5, 0.13, 75, 7.4
2025-06-11 12:38:56,-102.1612,31.9888,  13.4,29312,-46.3,-73.6,-69.3,  3,  5, 0.13, 74, 7.4
2025-06-11 12:38:57,-102.1613,31.9888,  13.4,29320,-46.3,-73.6,-69.3,  3,  5, 0.13, 74, 7.4
2025-06-11 12:38:58,-102.1614,31.9888,  13.4,29327,-46.3,-73.6,-69.3,  3,  5, 0.13, 73, 7.4
2025-06-11 12:38:59,-102.1615,31.9887,  13.4,29335,-46.3,-73.6,-69.3,  3,  5, 0.13, 72, 7.5
2025-06-11 12:39:00,-102.1615,31.9887,  13.4,29342,-46.3,-73.6,-69.3,  3,  5, 0.13, 72, 7.5
2025-06-11 12:39:01,-102.1616,31.9887,  13.4,29350,-46.3,-73.6,-69.3,  3,  5, 0.13, 71, 7.5
2025-06-11 12:39:02,-102.1617,31.9887,  13.3,29357,-46.3,-73.6,-69.3,  3,  5, 0.13, 71, 7.6
2025-06-11 12:39:03,-102.1618,31.9887,  13.3,29364,-46.3,-73.6,-69.3,  3,  5, 0.13, 70, 7.6
2025-06-11 12:39:04,-102.1619,31.9886,  13.3,29372,-46.3,-73.6,-69.3,  3,  5, 0.13, 70, 7.6
2025-06-11 12:39:05,-102.1619,31.9886,  13.3,29379,-46.4,-73.7,-69.4,  3,  5, 0.13, 69, 7.7
2025-06-11 12:39:06,-102.1620,31.9886,  13.3,29386,-46.4,-73.7,-69.4,  3,  5, 0.13, 69, 7.7
2025-06-11 12:39:07,-102.1621,31.9885,  13.3,29394,-46.4,-73.7,-69.4,  3,  5, 0.13, 68, 7.7
2025-06-11 12:39:08,-102.1622,31.9885,  13.3,29402,-46.4,-73.7,-69.4,  3,  5, 0.13, 68, 7.8
2025-06-11 12:39:09,-102.1623,31.9885,  13.2,29410,-46.4,-73.7,-69.4,  3,  5, 0.13, 67, 7.8
2025-06-11 12:39:10,-102.1624,31.9884,  13.2,29417,-46.4,-73.7,-69.4,  3,  5, 0.13, 67, 7.8
2025-06-11 12:39:11,-102.1625,31.9884,  13.2,29425,-46.4,-73.7,-69.4,  3,  5, 0.13, 66, 7.9
2025-06-11 12:39:12,-102.1625,31.9884,  13.2,29433,-46.4,-73.7,-69.4,  3,  5, 0.13, 66, 7.9
2025-06-11 12:39:13,-102.1626,31.9883,  13.2,29440,-46.4,-73.7,-69.4,  3,  5, 0.13, 66, 8.0
2025-06-11 12:39:14,-102.1627,31.9883,  13.2,29448,-46.4,-73.7,-69.4,  3,  5, 0.13, 65, 8.0
2025-06-11 12:39:15,-102.1628,31.9883,  13.2,29455,-46.4,-73.8,-69.5,  3,  5, 0.13, 65, 8.0
2025-06-11 12:39:16,-102.1629,31.9882,  13.1,29462,-46.4,-73.8,-69.5,  3,  5, 0.13, 65, 8.1
2025-06-11 12:39:17,-102.1630,31.9882,  13.1,29470,-46.4,-73.8,-69.5,  3,  5, 0.13, 65, 8.2
2025-06-11 12:39:18,-102.1631,31.9882,  13.1,29477,-46.4,-73.8,-69.5,  3,  5, 0.13, 65, 8.2
2025-06-11 12:39:19,-102.1631,31.9881,  13.1,29484,-46.4,-73.8,-69.5,  3,  5, 0.13, 65, 8.3
2025-06-11 12:39:20,-102.1632,31.9881,  13.1,29491,-46.4,-73.8,-69.5,  3,  5, 0.13, 65, 8.3
2025-06-11 12:39:21,-102.1633,31.9881,  13.1,29499,-46.5,-73.8,-69.5,  3,  5, 0.13, 65, 8.4
2025-06-11 12:39:22,-102.1634,31.9880,  13.1,29506,-46.5,-73.8,-69.5,  3,  5, 0.13, 65, 8.5
2025-06-11 12:39:23,-102.1635,31.9880,  13.0,29513,-46.5,-73.8,-69.5,  3,  5, 0.13, 65, 8.5
2025-06-11 12:39:24,-102.1636,31.9880,  13.0,29520,-46.5,-73.8,-69.5,  3,  5, 0.13, 65, 8.6
2025-06-11 12:39:25,-102.1637,31.9879,  13.0,29527,-46.5,-73.8,-69.5,  3,  5, 0.13, 65, 8.6
2025-06-11 12:39:26,-102.1637,31.9879,  13.0,29536,-46.5,-73.8,-69.5,  3,  5, 0.13, 65, 8.7
2025-06-11 12:39:27,-102.1638,31.9879,  13.0,29541,-46.5,-73.8,-69.5,  3,  5, 0.13, 65, 8.8
2025-06-11 12:39:28,-102.1639,31.9878,  13.0,29548,-46.5,-73.8,-69.5,  3,  5, 0.13, 66, 8.8
2025-06-11 12:39:29,-102.1640,31.9878,  13.0,29555,-46.5,-73.8,-69.5,  3,  5, 0.13, 66, 8.9
2025-06-11 12:39:30,-102.1641,31.9878,  12.9,29562,-46.5,-73.8,-69.5,  3,  5, 0.14, 66, 8.9
2025-06-11 12:39:31,-102.1642,31.9877,  12.9,29569,-46.5,-73.8,-69.5,  3,  5, 0.14, 66, 9.0
2025-06-11 12:39:32,-102.1643,31.9877,  12.9,29577,-46.5,-73.8,-69.5,  3,  5, 0.14, 66, 9.1
2025-06-11 12:39:33,-102.1643,31.9877,  12.9,29584,-46.5,-73.8,-69.5,  3,  5, 0.14, 66, 9.1
2025-06-11 12:39:34,-102.1644,31.9876,  12.9,29591,-46.5,-73.8,-69.5,  3,  5, 0.14, 66, 9.2
2025-06-11 12:39:35,-102.1646,31.9876,  12.9,29598,-46.5,-73.8,-69.5,  3,  5, 0.14, 66, 9.2
2025-06-11 12:39:36,-102.1647,31.9875,  12.9,29606,-46.5,-73.8,-69.5,  3,  5, 0.14, 66, 9.3
2025-06-11 12:39:37,-102.1648,31.9875,  12.8,29614,-46.5,-73.8,-69.5,  3,  5, 0.14, 66, 9.5
2025-06-11 12:39:38,-102.1649,31.9875,  12.8,29621,-46.5,-73.8,-69.5,  3,  5, 0.14, 66, 9.6
2025-06-11 12:39:39,-102.1650,31.9874,  12.8,29629,-46.5,-73.7,-69.4,  3,  5, 0.14, 66, 9.7
2025-06-11 12:39:40,-102.1651,31.9874,  12.8,29636,-46.5,-73.7,-69.4,  3,  5, 0.14, 66, 9.8
2025-06-11 12:39:41,-102.1653,31.9873,  12.8,29644,-46.5,-73.8,-69.5,  3,  5, 0.14, 66, 9.9
2025-06-11 12:39:42,-102.1654,31.9873,  12.8,29651,-46.6,-73.8,-69.5,  3,  5, 0.14, 67,10.0
2025-06-11 12:39:43,-102.1655,31.9873,  12.8,29659,-46.6,-73.8,-69.5,  3,  5, 0.14, 67,10.1
2025-06-11 12:39:44,-102.1656,31.9872,  12.7,29666,-46.6,-73.8,-69.5,  3,  5, 0.14, 67,10.2
2025-06-11 12:39:45,-102.1657,31.9872,  12.7,29674,-46.6,-73.8,-69.5,  3,  5, 0.14, 67,10.4
2025-06-11 12:39:46,-102.1658,31.9871,  12.7,29681,-46.6,-73.8,-69.5,  3,  5, 0.14, 67,10.5
2025-06-11 12:39:47,-102.1660,31.9871,  12.7,29689,-46.6,-73.8,-69.5,  3,  5, 0.14, 67,10.6
2025-06-11 12:39:48,-102.1661,31.9871,  12.7,29696,-46.6,-73.8,-69.5,  3,  5, 0.14, 67,10.7
2025-06-11 12:39:49,-102.1662,31.9870,  12.7,29704,-46.6,-73.8,-69.5,  3,  5, 0.14, 67,10.8
2025-06-11 12:39:50,-102.1663,31.9870,  12.7,29711,-46.6,-73.8,-69.5,  3,  5, 0.14, 67,10.9
2025-06-11 12:39:51,-102.1664,31.9869,  12.6,29718,-46.6,-73.8,-69.5,  3,  5, 0.14, 67,11.0
2025-06-11 12:39:52,-102.1665,31.9869,  12.6,29726,-46.6,-73.8,-69.5,  3,  5, 0.14, 67,11.1
2025-06-11 12:39:53,-102.1667,31.9869,  12.6,29733,-46.6,-73.8,-69.5,  3,  5, 0.14, 67,11.3
2025-06-11 12:39:54,-102.1668,31.9868,  12.6,29740,-46.6,-73.8,-69.5,  3,  5, 0.14, 67,11.4
2025-06-11 12:39:55,-102.1669,31.9868,  12.6,29747,-46.6,-73.8,-69.5,  3,  5, 0.14, 67,11.5
2025-06-11 12:39:56,-102.1670,31.9867,  12.6,29755,-46.6,-73.8,-69.5,  3,  5, 0.14, 67,11.6
2025-06-11 12:39:57,-102.1671,31.9867,  12.6,29762,-46.6,-73.8,-69.5,  3,  5, 0.14, 68,11.6
2025-06-11 12:39:58,-102.1672,31.9867,  12.5,29769,-46.6,-73.8,-69.5,  3,  5, 0.14, 68,11.7
2025-06-11 12:39:59,-102.1674,31.9866,  12.5,29776,-46.6,-73.8,-69.5,  3,  5, 0.14, 68,11.8
2025-06-11 12:40:00,-102.1675,31.9866,  12.5,29783,-46.6,-73.8,-69.5,  3,  5, 0.14, 68,11.9
2025-06-11 12:40:01,-102.1676,31.9865,  12.5,29791,-46.6,-73.8,-69.5,  3,  5, 0.14, 68,12.0
2025-06-11 12:40:02,-102.1677,31.9865,  12.5,29798,-46.6,-73.8,-69.5,  3,  5, 0.14, 68,12.0
2025-06-11 12:40:03,-102.1678,31.9865,  12.5,29805,-46.6,-73.8,-69.5,  3,  5, 0.14, 68,12.1
2025-06-11 12:40:04,-102.1679,31.9864,  12.5,29812,-46.6,-73.8,-69.5,  3,  5, 0.14, 69,12.2
2025-06-11 12:40:05,-102.1680,31.9864,  12.4,29819,-46.6,-73.8,-69.5,  3,  5, 0.14, 69,12.3
2025-06-11 12:40:06,-102.1682,31.9864,  12.4,29826,-46.6,-73.8,-69.5,  3,  5, 0.14, 69,12.4
2025-06-11 12:40:07,-102.1683,31.9863,  12.4,29834,-46.6,-73.8,-69.5,  3,  5, 0.14, 69,12.5
2025-06-11 12:40:08,-102.1685,31.9863,  12.4,29841,-46.6,-73.8,-69.5,  3,  5, 0.14, 69,12.5
2025-06-11 12:40:09,-102.1686,31.9863,  12.4,29848,-46.6,-73.8,-69.5,  3,  5, 0.14, 69,12.6
2025-06-11 12:40:10,-102.1687,31.9863,  12.4,29855,-46.6,-73.8,-69.5,  3,  5, 0.14, 69,12.7
2025-06-11 12:40:11,-102.1689,31.9863,  12.4,29862,-46.6,-73.8,-69.5,  3,  5, 0.14, 69,12.8
2025-06-11 12:40:12,-102.1690,31.9862,  12.4,29869,-46.6,-73.8,-69.5,  3,  5, 0.14, 69,12.9
2025-06-11 12:40:13,-102.1691,31.9862,  12.3,29877,-46.6,-73.8,-69.5,  3,  5, 0.14, 70,12.9
2025-06-11 12:40:14,-102.1693,31.9862,  12.3,29880,-46.6,-73.8,-69.5,  3,  5, 0.14, 70,13.0
2025-06-11 12:40:15,-102.1695,31.9862,  12.3,29890,-46.6,-73.8,-69.5,  3,  5, 0.14, 70,13.1
2025-06-11 12:40:16,-102.1696,31.9862,  12.3,29897,-46.6,-73.8,-69.5,  3,  5, 0.14, 70,13.1
2025-06-11 12:40:17,-102.1697,31.9862,  12.3,29903,-46.6,-73.8,-69.5,  3,  5, 0.14, 71,13.1
2025-06-11 12:40:18,-102.1699,31.9861,  12.3,29910,-46.6,-73.8,-69.5,  3,  5, 0.14, 72,13.2
2025-06-11 12:40:19,-102.1700,31.9861,  12.3,29917,-46.6,-73.8,-69.5,  3,  5, 0.14, 73,13.2
2025-06-11 12:40:20,-102.1702,31.9861,  12.3,29923,-46.6,-73.8,-69.5,  3,  5, 0.14, 73,13.2
2025-06-11 12:40:21,-102.1703,31.9861,  12.2,29930,-46.6,-73.8,-69.5,  3,  5, 0.14, 74,13.2
2025-06-11 12:40:22,-102.1704,31.9861,  12.2,29937,-46.6,-73.8,-69.5,  3,  5, 0.14, 75,13.3
2025-06-11 12:40:23,-102.1706,31.9860,  12.2,29944,-46.6,-73.8,-69.5,  3,  5, 0.14, 75,13.3
2025-06-11 12:40:24,-102.1707,31.9860,  12.2,29951,-46.6,-73.8,-69.5,  3,  5, 0.14, 76,13.3
2025-06-11 12:40:25,-102.1709,31.9860,  12.2,29957,-46.6,-73.7,-69.4,  3,  5, 0.14, 77,13.3
2025-06-11 12:40:26,-102.1710,31.9860,  12.2,29964,-46.6,-73.7,-69.4,  3,  5, 0.14, 77,13.4
2025-06-11 12:40:27,-102.1711,31.9860,  12.2,29970,-46.6,-73.7,-69.4,  3,  5, 0.14, 78,13.4
2025-06-11 12:40:28,-102.1713,31.9859,  12.2,29977,-46.6,-73.7,-69.4,  3,  5, 0.15, 79,13.5
2025-06-11 12:40:29,-102.1714,31.9859,  12.1,29984,-46.6,-73.7,-69.4,  3,  5, 0.15, 79,13.5
2025-06-11 12:40:30,-102.1716,31.9859,  12.1,29990,-46.6,-73.7,-69.4,  3,  5, 0.15, 80,13.5
2025-06-11 12:40:31,-102.1717,31.9859,  12.1,29997,-46.6,-73.7,-69.4,  3,  5, 0.15, 81,13.6
2025-06-11 12:40:32,-102.1718,31.9859,  12.1,30004,-46.6,-73.7,-69.4,  3,  5, 0.15, 81,13.6
2025-06-11 12:40:33,-102.1720,31.9858,  12.1,30010,-46.6,-73.6,-69.3,  3,  5, 0.15, 82,13.7
2025-06-11 12:40:34,-102.1721,31.9858,  12.1,30017,-46.6,-73.6,-69.3,  3,  5, 0.15, 83,13.7
2025-06-11 12:40:35,-102.1723,31.9858,  12.1,30023,-46.5,-73.6,-69.3,  3,  5, 0.15, 83,13.8
2025-06-11 12:40:36,-102.1724,31.9858,  12.1,30030,-46.5,-73.6,-69.3,  3,  5, 0.15, 84,13.7
2025-06-11 12:40:37,-102.1725,31.9858,  12.0,30037,-46.5,-73.6,-69.3,  3,  5, 0.15, 84,13.7
2025-06-11 12:40:38,-102.1727,31.9858,  12.0,30043,-46.5,-73.6,-69.3,  3,  5, 0.15, 85,13.7
2025-06-11 12:40:39,-102.1728,31.9858,  12.0,30050,-46.5,-73.6,-69.3,  3,  5, 0.15, 86,13.6
2025-06-11 12:40:40,-102.1729,31.9858,  12.0,30056,-46.5,-73.6,-69.3,  3,  5, 0.15, 86,13.6
2025-06-11 12:40:41,-102.1731,31.9858,  12.0,30063,-46.5,-73.6,-69.3,  3,  5, 0.15, 87,13.6
2025-06-11 12:40:42,-102.1732,31.9859,  12.0,30069,-46.5,-73.6,-69.3,  3,  5, 0.15, 87,13.5
2025-06-11 12:40:43,-102.1733,31.9859,  12.0,30075,-46.5,-73.6,-69.3,  3,  5, 0.15, 88,13.5
2025-06-11 12:40:44,-102.1735,31.9859,  12.0,30080,-46.4,-73.5,-69.2,  3,  5, 0.15, 88,13.5
2025-06-11 12:40:45,-102.1736,31.9859,  12.0,30086,-46.4,-73.5,-69.2,  3,  5, 0.15, 89,13.4
2025-06-11 12:40:46,-102.1737,31.9859,  11.9,30092,-46.4,-73.5,-69.2,  3,  5, 0.15, 90,13.4
2025-06-11 12:40:47,-102.1739,31.9859,  11.9,30098,-46.4,-73.5,-69.2,  3,  5, 0.15, 90,13.4
2025-06-11 12:40:48,-102.1740,31.9859,  11.9,30105,-46.4,-73.5,-69.2,  3,  5, 0.15, 91,13.4
2025-06-11 12:40:49,-102.1741,31.9859,  11.9,30112,-46.4,-73.5,-69.2,  3,  5, 0.15, 91,13.3
2025-06-11 12:40:50,-102.1742,31.9860,  11.9,30118,-46.4,-73.5,-69.2,  3,  5, 0.15, 92,13.3
2025-06-11 12:40:51,-102.1744,31.9860,  11.9,30125,-46.3,-73.5,-69.2,  3,  5, 0.15, 93,13.3
2025-06-11 12:40:52,-102.1745,31.9860,  11.9,30131,-46.3,-73.5,-69.2,  3,  5, 0.15, 93,13.3
2025-06-11 12:40:53,-102.1746,31.9860,  11.9,30138,-46.3,-73.4,-69.1,  3,  5, 0.15, 94,13.2
2025-06-11 12:40:54,-102.1748,31.9860,  11.9,30144,-46.3,-73.4,-69.1,  3,  5, 0.16, 94,13.2
2025-06-11 12:40:55,-102.1749,31.9860,  11.8,30150,-46.3,-73.4,-69.1,  3,  5, 0.16, 95,13.2
2025-06-11 12:40:56,-102.1750,31.9860,  11.8,30156,-46.3,-73.4,-69.1,  3,  5, 0.16, 95,13.1
2025-06-11 12:40:57,-102.1752,31.9861,  11.8,30162,-46.2,-73.4,-69.1,  3,  5, 0.16, 96,13.0
2025-06-11 12:40:58,-102.1753,31.9861,  11.8,30168,-46.2,-73.4,-69.1,  3,  5, 0.16, 96,13.0
2025-06-11 12:40:59,-102.1754,31.9861,  11.8,30174,-46.2,-73.4,-69.1,  3,  5, 0.16, 96,12.9
2025-06-11 12:41:00,-102.1756,31.9861,  11.8,30181,-46.2,-73.4,-69.1,  3,  5, 0.16, 97,12.8
2025-06-11 12:41:01,-102.1757,31.9861,  11.8,30187,-46.2,-73.3,-69.0,  3,  5, 0.16, 97,12.7
2025-06-11 12:41:02,-102.1758,31.9861,  11.8,30193,-46.1,-73.3,-69.0,  3,  5, 0.16, 97,12.6
2025-06-11 12:41:03,-102.1759,31.9861,  11.8,30200,-46.1,-73.3,-69.0,  3,  5, 0.16, 98,12.5
2025-06-11 12:41:04,-102.1761,31.9862,  11.7,30206,-46.1,-73.3,-69.0,  3,  5, 0.16, 98,12.5
2025-06-11 12:41:05,-102.1762,31.9862,  11.7,30212,-46.1,-73.3,-69.0,  3,  5, 0.16, 98,12.4
2025-06-11 12:41:06,-102.1763,31.9862,  11.7,30218,-46.1,-73.3,-69.0,  3,  5, 0.16, 99,12.3
2025-06-11 12:41:07,-102.1765,31.9862,  11.7,30224,-46.1,-73.2,-68.9,  3,  5, 0.16, 99,12.2
2025-06-11 12:41:08,-102.1766,31.9862,  11.7,30230,-46.0,-73.2,-68.9,  3,  5, 0.16, 99,12.1
2025-06-11 12:41:09,-102.1767,31.9863,  11.7,30236,-46.0,-73.2,-68.9,  3,  5, 0.16,100,12.0
2025-06-11 12:41:10,-102.1768,31.9863,  11.7,30241,-46.0,-73.2,-68.9,  3,  5, 0.16,100,12.0
2025-06-11 12:41:11,-102.1769,31.9863,  11.7,30247,-46.0,-73.2,-68.9,  3,  5, 0.16,100,11.9
2025-06-11 12:41:12,-102.1770,31.9864,  11.7,30253,-46.0,-73.2,-68.9,  3,  5, 0.16,101,11.8
2025-06-11 12:41:13,-102.1771,31.9864,  11.7,30259,-45.9,-73.1,-68.8,  3,  5, 0.16,101,11.7
2025-06-11 12:41:14,-102.1772,31.9864,  11.6,30264,-45.9,-73.1,-68.8,  3,  5, 0.17,102,11.7
2025-06-11 12:41:15,-102.1773,31.9865,  11.6,30270,-45.9,-73.1,-68.8,  3,  5, 0.17,102,11.6
2025-06-11 12:41:16,-102.1775,31.9865,  11.6,30276,-45.9,-73.1,-68.8,  3,  5, 0.17,103,11.5
2025-06-11 12:41:17,-102.1776,31.9865,  11.6,30282,-45.9,-73.1,-68.8,  3,  5, 0.17,103,11.5
2025-06-11 12:41:18,-102.1777,31.9866,  11.6,30288,-45.8,-73.1,-68.8,  3,  5, 0.17,104,11.5
2025-06-11 12:41:19,-102.1778,31.9866,  11.6,30294,-45.8,-73.1,-68.8,  3,  5, 0.17,104,11.4
2025-06-11 12:41:20,-102.1779,31.9866,  11.6,30299,-45.8,-73.0,-68.7,  3,  5, 0.17,105,11.4
2025-06-11 12:41:21,-102.1780,31.9867,  11.6,30305,-45.8,-73.0,-68.7,  3,  5, 0.17,105,11.4
2025-06-11 12:41:22,-102.1781,31.9867,  11.6,30311,-45.8,-73.0,-68.7,  3,  5, 0.17,106,11.4
2025-06-11 12:41:23,-102.1782,31.9867,  11.5,30317,-45.7,-73.0,-68.7,  3,  5, 0.17,106,11.3
2025-06-11 12:41:24,-102.1783,31.9868,  11.5,30323,-45.7,-73.0,-68.7,  3,  5, 0.17,107,11.3
2025-06-11 12:41:25,-102.1784,31.9868,  11.5,30329,-45.7,-73.0,-68.7,  3,  5, 0.17,107,11.3
2025-06-11 12:41:26,-102.1786,31.9868,  11.5,30334,-45.7,-73.0,-68.7,  3,  5, 0.17,108,11.3
2025-06-11 12:41:27,-102.1787,31.9869,  11.5,30340,-45.6,-72.9,-68.6,  3,  5, 0.17,108,11.2
2025-06-11 12:41:28,-102.1788,31.9869,  11.5,30347,-45.6,-72.9,-68.6,  3,  5, 0.17,109,11.2
2025-06-11 12:41:29,-102.1789,31.9869,  11.5,30353,-45.6,-72.9,-68.6,  3,  5, 0.17,109,11.2
2025-06-11 12:41:30,-102.1790,31.9870,  11.5,30359,-45.6,-72.9,-68.6,  3,  5, 0.17,110,11.2
2025-06-11 12:41:31,-102.1791,31.9870,  11.5,30365,-45.6,-72.9,-68.6,  3,  5, 0.17,110,11.2
2025-06-11 12:41:32,-102.1792,31.9870,  11.5,30372,-45.5,-72.9,-68.6,  3,  5, 0.17,111,11.1
2025-06-11 12:41:33,-102.1793,31.9871,  11.4,30378,-45.5,-72.8,-68.5,  3,  5, 0.18,112,11.1
2025-06-11 12:41:34,-102.1794,31.9871,  11.4,30384,-45.5,-72.8,-68.5,  3,  5, 0.18,112,11.1
2025-06-11 12:41:35,-102.1795,31.9872,  11.4,30390,-45.5,-72.8,-68.5,  3,  5, 0.18,113,11.1
2025-06-11 12:41:36,-102.1796,31.9872,  11.4,30396,-45.4,-72.8,-68.5,  3,  5, 0.18,112,11.1
2025-06-11 12:41:37,-102.1798,31.9872,  11.4,30402,-45.4,-72.8,-68.5,  3,  5, 0.18,112,11.1
2025-06-11 12:41:38,-102.1799,31.9873,  11.4,30407,-45.4,-72.8,-68.5,  3,  5, 0.18,112,11.0
2025-06-11 12:41:39,-102.1800,31.9873,  11.4,30413,-45.4,-72.7,-68.4,  3,  5, 0.18,112,11.0
2025-06-11 12:41:40,-102.1801,31.9873,  11.4,30418,-45.4,-72.7,-68.4,  3,  5, 0.18,112,11.0
2025-06-11 12:41:41,-102.1802,31.9873,  11.4,30424,-45.3,-72.7,-68.4,  3,  5, 0.18,111,11.0
2025-06-11 12:41:42,-102.1803,31.9874,  11.4,30429,-45.3,-72.7,-68.4,  3,  5, 0.18,111,11.0
2025-06-11 12:41:43,-102.1804,31.9874,  11.3,30435,-45.3,-72.7,-68.4,  3,  5, 0.18,111,11.0
2025-06-11 12:41:44,-102.1805,31.9874,  11.3,30440,-45.3,-72.7,-68.4,  3,  5, 0.18,111,10.9
2025-06-11 12:41:45,-102.1806,31.9874,  11.3,30446,-45.3,-72.7,-68.4,  3,  5, 0.18,110,10.9
2025-06-11 12:41:46,-102.1807,31.9875,  11.3,30452,-45.2,-72.7,-68.3,  3,  5, 0.18,110,10.9
2025-06-11 12:41:47,-102.1808,31.9875,  11.3,30458,-45.2,-72.6,-68.3,  3,  5, 0.18,110,10.9
2025-06-11 12:41:48,-102.1810,31.9875,  11.3,30464,-45.2,-72.6,-68.3,  3,  5, 0.18,110,10.9
2025-06-11 12:41:49,-102.1811,31.9876,  11.3,30470,-45.2,-72.6,-68.3,  3,  5, 0.18,109,10.9
2025-06-11 12:41:50,-102.1812,31.9876,  11.3,30476,-45.2,-72.6,-68.3,  3,  5, 0.18,109,10.8
2025-06-11 12:41:51,-102.1813,31.9876,  11.3,30482,-45.1,-72.6,-68.3,  3,  5, 0.18,109,10.8
2025-06-11 12:41:52,-102.1814,31.9876,  11.3,30487,-45.1,-72.6,-68.3,  3,  5, 0.18,109,10.8
2025-06-11 12:41:53,-102.1815,31.9877,  11.2,30493,-45.1,-72.6,-68.3,  3,  5, 0.19,109,10.8
2025-06-11 12:41:54,-102.1816,31.9877,  11.2,30498,-45.1,-72.6,-68.3,  3,  5, 0.19,108,10.8
2025-06-11 12:41:55,-102.1817,31.9877,  11.2,30504,-45.1,-72.6,-68.3,  3,  5, 0.19,108,10.8
2025-06-11 12:41:56,-102.1818,31.9877,  11.2,30510,-45.1,-72.6,-68.2,  3,  5, 0.19,108,10.8
2025-06-11 12:41:57,-102.1819,31.9878,  11.2,30516,-45.0,-72.5,-68.2,  3,  5, 0.19,108,10.7
2025-06-11 12:41:58,-102.1820,31.9878,  11.2,30522,-45.0,-72.5,-68.2,  3,  5, 0.19,108,10.7
2025-06-11 12:41:59,-102.1821,31.9878,  11.2,30528,-45.0,-72.5,-68.2,  3,  5, 0.19,107,10.7
2025-06-11 12:42:00,-102.1823,31.9879,  11.2,30534,-45.0,-72.5,-68.2,  3,  5, 0.19,107,10.7
2025-06-11 12:42:01,-102.1824,31.9879,  11.2,30539,-45.0,-72.5,-68.2,  3,  5, 0.19,107,10.7
2025-06-11 12:42:02,-102.1825,31.9879,  11.2,30545,-44.9,-72.5,-68.2,  3,  5, 0.19,107,10.7
2025-06-11 12:42:03,-102.1826,31.9879,  11.2,30551,-44.9,-72.5,-68.2,  3,  5, 0.19,107,10.7
2025-06-11 12:42:04,-102.1827,31.9880,  11.1,30556,-44.9,-72.5,-68.2,  3,  5, 0.19,106,10.7
2025-06-11 12:42:05,-102.1828,31.9880,  11.1,30562,-44.9,-72.5,-68.2,  3,  5, 0.19,106,10.7
2025-06-11 12:42:06,-102.1829,31.9880,  11.1,30567,-44.9,-72.5,-68.2,  3,  5, 0.19,106,10.6
2025-06-11 12:42:07,-102.1830,31.9880,  11.1,30573,-44.9,-72.5,-68.2,  3,  5, 0.19,106,10.6
2025-06-11 12:42:08,-102.1831,31.9881,  11.1,30579,-44.9,-72.5,-68.1,  3,  5, 0.19,106,10.6
2025-06-11 12:42:09,-102.1832,31.9881,  11.1,30585,-44.9,-72.4,-68.1,  3,  5, 0.19,105,10.6
2025-06-11 12:42:10,-102.1833,31.9881,  11.1,30591,-44.8,-72.4,-68.1,  3,  5, 0.19,105,10.6
2025-06-11 12:42:11,-102.1834,31.9881,  11.1,30597,-44.8,-72.4,-68.1,  3,  5, 0.19,105,10.6
2025-06-11 12:42:12,-102.1835,31.9881,  11.1,30603,-44.8,-72.4,-68.1,  3,  5, 0.19,105,10.6
2025-06-11 12:42:13,-102.1836,31.9881,  11.1,30609,-44.8,-72.4,-68.1,  3,  5, 0.19,105,10.6
2025-06-11 12:42:14,-102.1837,31.9882,  11.0,30616,-44.8,-72.4,-68.1,  3,  5, 0.20,104,10.6
2025-06-11 12:42:15,-102.1838,31.9882,  11.0,30622,-44.8,-72.4,-68.1,  3,  5, 0.20,104,10.6
2025-06-11 12:42:16,-102.1839,31.9882,  11.0,30628,-44.8,-72.4,-68.1,  3,  5, 0.20,104,10.5
2025-06-11 12:42:17,-102.1840,31.9882,  11.0,30634,-44.8,-72.4,-68.1,  3,  5, 0.20,103,10.4
2025-06-11 12:42:18,-102.1841,31.9882,  11.0,30639,-44.8,-72.4,-68.1,  3,  5, 0.20,103,10.4
2025-06-11 12:42:19,-102.1842,31.9882,  11.0,30645,-44.7,-72.4,-68.1,  3,  5, 0.20,103,10.3
2025-06-11 12:42:20,-102.1843,31.9882,  11.0,30651,-44.7,-72.4,-68.1,  3,  5, 0.20,103,10.3
2025-06-11 12:42:21,-102.1844,31.9882,  11.0,30656,-44.7,-72.4,-68.0,  3,  5, 0.20,102,10.2
2025-06-11 12:42:22,-102.1845,31.9883,  11.0,30662,-44.7,-72.3,-68.0,  3,  5, 0.20,102,10.1
2025-06-11 12:42:23,-102.1846,31.9883,  11.0,30667,-44.7,-72.3,-68.0,  3,  5, 0.20,102,10.1
2025-06-11 12:42:24,-102.1847,31.9883,  10.9,30673,-44.7,-72.3,-68.0,  3,  5, 0.20,101,10.0
2025-06-11 12:42:25,-102.1848,31.9883,  10.9,30678,-44.7,-72.3,-68.0,  3,  5, 0.20,101,10.0
2025-06-11 12:42:26,-102.1849,31.9883,  10.9,30684,-44.7,-72.3,-68.0,  3,  5, 0.20,101, 9.9
2025-06-11 12:42:27,-102.1850,31.9883,  10.9,30689,-44.7,-72.3,-68.0,  3,  5, 0.20,100, 9.9
2025-06-11 12:42:28,-102.1851,31.9883,  10.9,30695,-44.7,-72.3,-68.0,  3,  5, 0.20,100, 9.8
2025-06-11 12:42:29,-102.1852,31.9883,  10.9,30701,-44.7,-72.3,-68.0,  3,  5, 0.20, 99, 9.8
2025-06-11 12:42:30,-102.1853,31.9883,  10.9,30707,-44.7,-72.3,-68.0,  3,  5, 0.20, 99, 9.7
2025-06-11 12:42:31,-102.1854,31.9884,  10.9,30713,-44.7,-72.3,-68.0,  3,  5, 0.20, 99, 9.6
2025-06-11 12:42:32,-102.1855,31.9884,  10.9,30719,-44.7,-72.3,-67.9,  3,  5, 0.20, 98, 9.6
2025-06-11 12:42:33,-102.1856,31.9884,  10.9,30725,-44.7,-72.2,-67.9,  3,  5, 0.20, 98, 9.5
2025-06-11 12:42:34,-102.1857,31.9884,  10.9,30731,-44.7,-72.2,-67.9,  3,  5, 0.20, 98, 9.5
2025-06-11 12:42:35,-102.1858,31.9884,  10.8,30737,-44.7,-72.2,-67.9,  3,  5, 0.20, 97, 9.4
2025-06-11 12:42:36,-102.1859,31.9884,  10.8,30744,-44.7,-72.2,-67.9,  3,  5, 0.20, 97, 9.4
2025-06-11 12:42:37,-102.1860,31.9884,  10.8,30750,-44.7,-72.2,-67.9,  3,  5, 0.20, 97, 9.3
2025-06-11 12:42:38,-102.1861,31.9884,  10.8,30756,-44.7,-72.3,-67.9,  3,  5, 0.20, 97, 9.2
2025-06-11 12:42:39,-102.1861,31.9884,  10.8,30763,-44.7,-72.3,-67.9,  3,  5, 0.20, 97, 9.1
2025-06-11 12:42:40,-102.1863,31.9885,  10.8,30769,-44.7,-72.3,-67.9,  3,  5, 0.20, 97, 9.0
2025-06-11 12:42:41,-102.1863,31.9885,  10.8,30778,-44.7,-72.3,-67.9,  3,  5, 0.20, 97, 8.9
2025-06-11 12:42:42,-102.1864,31.9885,  10.8,30782,-44.7,-72.3,-68.0,  3,  5, 0.20, 97, 8.8
2025-06-11 12:42:43,-102.1865,31.9885,  10.8,30788,-44.7,-72.3,-68.0,  3,  5, 0.20, 97, 8.8
2025-06-11 12:42:44,-102.1866,31.9885,  10.8,30795,-44.7,-72.3,-68.0,  3,  5, 0.20, 97, 8.7
2025-06-11 12:42:45,-102.1867,31.9885,  10.7,30801,-44.7,-72.3,-68.0,  3,  5, 0.20, 97, 8.6
2025-06-11 12:42:46,-102.1868,31.9885,  10.7,30808,-44.7,-72.3,-68.0,  3,  5, 0.20, 96, 8.5
2025-06-11 12:42:47,-102.1869,31.9885,  10.7,30814,-44.7,-72.3,-68.0,  3,  5, 0.20, 96, 8.4
2025-06-11 12:42:48,-102.1870,31.9885,  10.7,30820,-44.7,-72.3,-68.0,  3,  5, 0.20, 96, 8.3
2025-06-11 12:42:49,-102.1871,31.9885,  10.7,30827,-44.7,-72.3,-68.0,  3,  5, 0.20, 96, 8.3
2025-06-11 12:42:50,-102.1871,31.9885,  10.7,30833,-44.7,-72.3,-68.0,  3,  5, 0.20, 96, 8.2
2025-06-11 12:42:51,-102.1872,31.9885,  10.7,30840,-44.7,-72.3,-68.0,  3,  5, 0.20, 96, 8.1
2025-06-11 12:42:52,-102.1873,31.9885,  10.7,30847,-44.7,-72.3,-68.0,  3,  5, 0.20, 96, 8.0
2025-06-11 12:42:53,-102.1874,31.9885,  10.7,30854,-44.7,-72.3,-68.0,  3,  5, 0.21, 96, 7.9
2025-06-11 12:42:54,-102.1875,31.9885,  10.6,30861,-44.7,-72.3,-67.9,  3,  5, 0.21, 96, 7.8
2025-06-11 12:42:55,-102.1876,31.9885,  10.6,30868,-44.7,-72.3,-67.9,  3,  5, 0.21, 96, 7.8
2025-06-11 12:42:56,-102.1877,31.9885,  10.6,30875,-44.7,-72.3,-67.9,  3,  5, 0.21, 96, 7.9
2025-06-11 12:42:57,-102.1878,31.9886,  10.6,30882,-44.7,-72.3,-67.9,  3,  5, 0.21, 96, 8.0
2025-06-11 12:42:58,-102.1879,31.9886,  10.6,30888,-44.8,-72.2,-67.9,  3,  5, 0.21, 96, 8.1
2025-06-11 12:42:59,-102.1880,31.9886,  10.6,30895,-44.8,-72.2,-67.9,  3,  5, 0.21, 95, 8.2
2025-06-11 12:43:00,-102.1881,31.9886,  10.6,30902,-44.8,-72.2,-67.9,  3,  5, 0.21, 95, 8.3
2025-06-11 12:43:01,-102.1882,31.9886,  10.6,30909,-44.8,-72.2,-67.9,  3,  5, 0.21, 95, 8.5
2025-06-11 12:43:02,-102.1882,31.9886,  10.6,30916,-44.8,-72.2,-67.9,  3,  5, 0.21, 95, 8.6
2025-06-11 12:43:03,-102.1883,31.9886,  10.5,30923,-44.8,-72.2,-67.9,  3,  5, 0.21, 95, 8.7
2025-06-11 12:43:04,-102.1884,31.9886,  10.5,30930,-44.8,-72.2,-67.9,  3,  5, 0.21, 95, 8.8
2025-06-11 12:43:05,-102.1885,31.9886,  10.5,30937,-44.8,-72.2,-67.9,  3,  5, 0.21, 95, 8.9
2025-06-11 12:43:06,-102.1886,31.9886,  10.5,30943,-44.8,-72.2,-67.9,  3,  5, 0.21, 95, 9.1
2025-06-11 12:43:07,-102.1887,31.9886,  10.5,30950,-44.8,-72.2,-67.9,  3,  5, 0.21, 95, 9.2
2025-06-11 12:43:08,-102.1888,31.9886,  10.5,30957,-44.9,-72.2,-67.9,  3,  5, 0.21, 95, 9.3
2025-06-11 12:43:09,-102.1889,31.9886,  10.5,30963,-44.9,-72.2,-67.9,  3,  5, 0.21, 95, 9.4
2025-06-11 12:43:10,-102.1890,31.9886,  10.5,30970,-44.9,-72.2,-67.9,  3,  5, 0.21, 95, 9.5
2025-06-11 12:43:11,-102.1892,31.9887,  10.5,30976,-44.9,-72.2,-67.9,  3,  5, 0.21, 95, 9.6
2025-06-11 12:43:12,-102.1893,31.9887,  10.5,30982,-44.9,-72.2,-67.8,  3,  5, 0.21, 95, 9.8
2025-06-11 12:43:13,-102.1895,31.9887,  10.4,30989,-44.9,-72.1,-67.8,  3,  5, 0.21, 95, 9.9
2025-06-11 12:43:14,-102.1896,31.9887,  10.4,30995,-44.9,-72.1,-67.8,  3,  5, 0.21, 95,10.0
2025-06-11 12:43:15,-102.1898,31.9887,  10.4,31002,-44.9,-72.1,-67.8,  3,  5, 0.22, 95,10.1
2025-06-11 12:43:16,-102.1899,31.9888,  10.4,31009,-44.9,-72.1,-67.8,  3,  5, 0.22, 95,10.3
2025-06-11 12:43:17,-102.1900,31.9888,  10.4,31016,-44.9,-72.1,-67.8,  3,  5, 0.22, 95,10.5
2025-06-11 12:43:18,-102.1902,31.9888,  10.4,31023,-45.0,-72.1,-67.8,  3,  5, 0.22, 95,10.7
2025-06-11 12:43:19,-102.1903,31.9888,  10.4,31029,-45.0,-72.1,-67.8,  3,  5, 0.22, 95,10.9
2025-06-11 12:43:20,-102.1905,31.9888,  10.4,31037,-45.0,-72.1,-67.8,  3,  5, 0.22, 96,11.1
2025-06-11 12:43:21,-102.1906,31.9889,  10.4,31044,-45.0,-72.1,-67.8,  3,  5, 0.22, 96,11.3
2025-06-11 12:43:22,-102.1907,31.9889,  10.3,31051,-45.0,-72.1,-67.8,  3,  5, 0.22, 96,11.5
2025-06-11 12:43:23,-102.1909,31.9889,  10.3,31058,-45.0,-72.1,-67.8,  3,  5, 0.22, 96,11.7
2025-06-11 12:43:24,-102.1910,31.9889,  10.3,31065,-45.0,-72.1,-67.8,  3,  5, 0.22, 96,11.9
2025-06-11 12:43:25,-102.1912,31.9889,  10.3,31072,-45.0,-72.1,-67.8,  3,  5, 0.22, 96,12.1
2025-06-11 12:43:26,-102.1913,31.9890,  10.3,31080,-45.0,-72.1,-67.8,  3,  5, 0.22, 97,12.3
2025-06-11 12:43:27,-102.1915,31.9890,  10.3,31087,-45.0,-72.1,-67.8,  3,  5, 0.22, 97,12.5
2025-06-11 12:43:28,-102.1916,31.9890,  10.3,31094,-45.0,-72.1,-67.8,  3,  5, 0.22, 97,12.6
2025-06-11 12:43:29,-102.1917,31.9890,  10.3,31101,-45.1,-72.1,-67.8,  3,  5, 0.22, 97,12.8
2025-06-11 12:43:30,-102.1919,31.9890,  10.3,31109,-45.1,-72.1,-67.8,  3,  5, 0.22, 97,13.0
2025-06-11 12:43:31,-102.1920,31.9890,  10.2,31116,-45.1,-72.1,-67.8,  3,  5, 0.22, 97,13.2
2025-06-11 12:43:32,-102.1922,31.9891,  10.2,31123,-45.1,-72.1,-67.8,  3,  5, 0.22, 97,13.4
2025-06-11 12:43:33,-102.1923,31.9891,  10.2,31131,-45.1,-72.1,-67.8,  3,  5, 0.22, 98,13.6
2025-06-11 12:43:34,-102.1924,31.9891,  10.2,31138,-45.1,-72.1,-67.8,  3,  5, 0.22, 98,13.8
2025-06-11 12:43:35,-102.1926,31.9891,  10.2,31145,-45.1,-72.1,-67.8,  3,  5, 0.22, 98,14.0
2025-06-11 12:43:36,-102.1927,31.9891,  10.2,31153,-45.1,-72.1,-67.8,  3,  5, 0.22, 98,14.1
2025-06-11 12:43:37,-102.1929,31.9892,  10.2,31160,-45.1,-72.1,-67.8,  3,  5, 0.22, 99,14.1
2025-06-11 12:43:38,-102.1930,31.9892,  10.2,31167,-45.1,-72.1,-67.8,  3,  5, 0.22,100,14.2
2025-06-11 12:43:39,-102.1932,31.9892,  10.2,31175,-45.2,-72.1,-67.8,  3,  5, 0.22,100,14.3
2025-06-11 12:43:40,-102.1933,31.9893,  10.1,31182,-45.2,-72.1,-67.8,  3,  5, 0.22,101,14.3
2025-06-11 12:43:41,-102.1935,31.9893,  10.1,31190,-45.2,-72.1,-67.8,  3,  5, 0.22,101,14.4
2025-06-11 12:43:42,-102.1936,31.9894,  10.1,31197,-45.2,-72.1,-67.8,  3,  5, 0.22,102,14.5
2025-06-11 12:43:43,-102.1938,31.9895,  10.1,31204,-45.2,-72.1,-67.8,  3,  5, 0.22,102,14.5
2025-06-11 12:43:44,-102.1940,31.9895,  10.1,31211,-45.2,-72.1,-67.8,  3,  5, 0.22,103,14.6
2025-06-11 12:43:45,-102.1941,31.9896,  10.1,31218,-45.2,-72.1,-67.8,  3,  5, 0.22,104,14.7
2025-06-11 12:43:46,-102.1943,31.9896,  10.1,31226,-45.2,-72.1,-67.8,  3,  5, 0.22,104,14.7
2025-06-11 12:43:47,-102.1944,31.9897,  10.1,31233,-45.2,-72.1,-67.8,  3,  5, 0.22,105,14.8
2025-06-11 12:43:48,-102.1946,31.9898,  10.1,31240,-45.2,-72.1,-67.8,  3,  5, 0.22,105,14.9
2025-06-11 12:43:49,-102.1947,31.9898,  10.0,31247,-45.3,-72.1,-67.8,  3,  5, 0.22,106,15.0
2025-06-11 12:43:50,-102.1949,31.9899,  10.0,31253,-45.3,-72.1,-67.8,  3,  5, 0.22,106,15.0
2025-06-11 12:43:51,-102.1951,31.9900,  10.0,31260,-45.3,-72.1,-67.8,  3,  5, 0.22,107,15.1
2025-06-11 12:43:52,-102.1952,31.9900,  10.0,31267,-45.3,-72.1,-67.8,  3,  5, 0.22,107,15.2
2025-06-11 12:43:53,-102.1953,31.9901,  10.0,31274,-45.3,-72.1,-67.8,  3,  5, 0.22,108,15.3
2025-06-11 12:43:54,-102.1955,31.9901,  10.0,31279,-45.3,-72.1,-67.8,  3,  5, 0.23,108,15.3
2025-06-11 12:43:55,-102.1957,31.9902,  10.0,31287,-45.3,-72.1,-67.8,  3,  5, 0.23,109,15.4
2025-06-11 12:43:56,-102.1959,31.9903,  10.0,31294,-45.3,-72.1,-67.8,  3,  5, 0.23,109,15.5
2025-06-11 12:43:57,-102.1960,31.9903,  10.0,31300,-45.3,-72.1,-67.8,  3,  5, 0.23,110,15.6
2025-06-11 12:43:58,-102.1962,31.9904,  10.0,31307,-45.3,-72.1,-67.8,  3,  5, 0.23,111,15.8
2025-06-11 12:43:59,-102.1963,31.9905,   9.9,31314,-45.3,-72.1,-67.8,  3,  5, 0.23,111,15.9
2025-06-11 12:44:00,-102.1965,31.9905,   9.9,31321,-45.3,-72.1,-67.8,  3,  5, 0.23,112,16.0
2025-06-11 12:44:01,-102.1966,31.9906,   9.9,31328,-45.3,-72.1,-67.8,  3,  5, 0.23,112,16.1
2025-06-11 12:44:02,-102.1968,31.9907,   9.9,31334,-45.3,-72.1,-67.8,  3,  5, 0.23,113,16.2
2025-06-11 12:44:03,-102.1970,31.9907,   9.9,31341,-45.3,-72.1,-67.8,  3,  5, 0.23,114,16.3
2025-06-11 12:44:04,-102.1971,31.9908,   9.9,31348,-45.3,-72.1,-67.7,  3,  5, 0.23,114,16.4
2025-06-11 12:44:05,-102.1973,31.9908,   9.9,31355,-45.3,-72.1,-67.7,  3,  5, 0.23,115,16.5
2025-06-11 12:44:06,-102.1975,31.9909,   9.9,31362,-45.3,-72.0,-67.7,  3,  5, 0.23,115,16.7
2025-06-11 12:44:07,-102.1976,31.9910,   9.9,31370,-45.3,-72.0,-67.7,  3,  5, 0.23,116,16.8
2025-06-11 12:44:08,-102.1977,31.9910,   9.9,31377,-45.3,-72.0,-67.7,  3,  5, 0.23,116,16.9
2025-06-11 12:44:09,-102.1979,31.9911,   9.8,31380,-45.3,-72.0,-67.7,  3,  5, 0.23,117,17.0
2025-06-11 12:44:10,-102.1981,31.9912,   9.8,31391,-45.3,-72.0,-67.7,  3,  5, 0.23,117,17.1
2025-06-11 12:44:11,-102.1982,31.9913,   9.8,31398,-45.3,-72.0,-67.7,  3,  5, 0.23,118,17.3
2025-06-11 12:44:12,-102.1984,31.9913,   9.8,31404,-45.3,-72.0,-67.7,  3,  5, 0.23,118,17.4
2025-06-11 12:44:13,-102.1985,31.9914,   9.8,31411,-45.3,-72.0,-67.7,  3,  5, 0.23,119,17.5
2025-06-11 12:44:14,-102.1987,31.9915,   9.8,31418,-45.3,-72.0,-67.7,  3,  5, 0.23,119,17.7
2025-06-11 12:44:15,-102.1988,31.9916,   9.8,31425,-45.3,-72.0,-67.7,  3,  5, 0.23,120,17.8
2025-06-11 12:44:16,-102.1989,31.9917,   9.8,31432,-45.3,-72.0,-67.7,  3,  5, 0.23,120,17.8
2025-06-11 12:44:17,-102.1991,31.9918,   9.8,31438,-45.3,-72.0,-67.7,  3,  5, 0.23,120,17.7
2025-06-11 12:44:18,-102.1992,31.9918,   9.8,31445,-45.3,-72.0,-67.7,  3,  5, 0.23,121,17.7
2025-06-11 12:44:19,-102.1994,31.9919,   9.7,31452,-45.3,-72.0,-67.7,  3,  5, 0.23,121,17.7
2025-06-11 12:44:20,-102.1995,31.9920,   9.7,31458,-45.3,-72.0,-67.7,  3,  5, 0.23,121,17.6
2025-06-11 12:44:21,-102.1997,31.9921,   9.7,31465,-45.3,-72.0,-67.7,  3,  5, 0.23,122,17.6
2025-06-11 12:44:22,-102.1998,31.9922,   9.7,31471,-45.3,-72.0,-67.7,  3,  5, 0.23,122,17.6
2025-06-11 12:44:23,-102.1999,31.9923,   9.7,31478,-45.2,-72.1,-67.7,  3,  5, 0.23,122,17.5
2025-06-11 12:44:24,-102.2001,31.9923,   9.7,31484,-45.2,-72.1,-67.7,  3,  5, 0.23,122,17.5
2025-06-11 12:44:25,-102.2002,31.9924,   9.7,31490,-45.2,-72.1,-67.8,  3,  5, 0.23,123,17.5
2025-06-11 12:44:26,-102.2004,31.9925,   9.7,31497,-45.2,-72.1,-67.8,  3,  5, 0.23,123,17.4
2025-06-11 12:44:27,-102.2005,31.9926,   9.7,31503,-45.2,-72.1,-67.8,  3,  5, 0.23,123,17.4
2025-06-11 12:44:28,-102.2007,31.9927,   9.7,31510,-45.2,-72.1,-67.8,  3,  5, 0.23,124,17.4
2025-06-11 12:44:29,-102.2008,31.9928,   9.7,31516,-45.2,-72.1,-67.8,  3,  5, 0.23,124,17.3
2025-06-11 12:44:30,-102.2010,31.9929,   9.6,31523,-45.2,-72.1,-67.8,  3,  5, 0.23,124,17.3
2025-06-11 12:44:31,-102.2011,31.9929,   9.6,31529,-45.2,-72.1,-67.8,  3,  5, 0.23,125,17.3
2025-06-11 12:44:32,-102.2012,31.9930,   9.6,31536,-45.2,-72.1,-67.8,  3,  5, 0.23,125,17.3
2025-06-11 12:44:33,-102.2014,31.9931,   9.6,31542,-45.2,-72.1,-67.8,  3,  5, 0.23,125,17.2
2025-06-11 12:44:34,-102.2015,31.9932,   9.6,31549,-45.2,-72.1,-67.8,  3,  5, 0.23,125,17.2
2025-06-11 12:44:35,-102.2017,31.9933,   9.6,31555,-45.2,-72.1,-67.8,  3,  5, 0.23,126,17.2
2025-06-11 12:44:36,-102.2018,31.9934,   9.6,31561,-45.2,-72.1,-67.8,  3,  5, 0.23,126,16.9
2025-06-11 12:44:37,-102.2020,31.9934,   9.6,31568,-45.2,-72.1,-67.8,  3,  5, 0.23,126,16.7
2025-06-11 12:44:38,-102.2021,31.9935,   9.6,31574,-45.2,-72.2,-67.8,  3,  5, 0.23,125,16.5
2025-06-11 12:44:39,-102.2022,31.9936,   9.6,31580,-45.2,-72.2,-67.8,  3,  5, 0.23,125,16.3
2025-06-11 12:44:40,-102.2024,31.9937,   9.5,31586,-45.2,-72.2,-67.9,  3,  5, 0.23,125,16.0
2025-06-11 12:44:41,-102.2025,31.9937,   9.5,31592,-45.2,-72.2,-67.9,  3,  5, 0.23,125,15.8
2025-06-11 12:44:42,-102.2026,31.9938,   9.5,31598,-45.2,-72.2,-67.9,  3,  5, 0.23,125,15.6
2025-06-11 12:44:43,-102.2027,31.9938,   9.5,31604,-45.2,-72.2,-67.9,  3,  5, 0.23,125,15.4
2025-06-11 12:44:44,-102.2028,31.9939,   9.5,31611,-45.2,-72.2,-67.9,  3,  5, 0.23,125,15.1
2025-06-11 12:44:45,-102.2029,31.9939,   9.5,31617,-45.2,-72.2,-67.9,  3,  5, 0.23,124,14.9
2025-06-11 12:44:46,-102.2030,31.9940,   9.5,31623,-45.1,-72.2,-67.9,  3,  5, 0.23,124,14.7
2025-06-11 12:44:47,-102.2031,31.9940,   9.5,31629,-45.1,-72.2,-67.9,  3,  5, 0.23,124,14.5
2025-06-11 12:44:48,-102.2032,31.9941,   9.5,31635,-45.1,-72.2,-67.9,  3,  5, 0.23,124,14.2
2025-06-11 12:44:49,-102.2033,31.9941,   9.5,31642,-45.1,-72.2,-67.9,  3,  5, 0.23,124,14.0
2025-06-11 12:44:50,-102.2034,31.9942,   9.5,31648,-45.1,-72.2,-67.9,  3,  5, 0.23,124,13.8
2025-06-11 12:44:51,-102.2035,31.9942,   9.5,31655,-45.1,-72.2,-67.9,  3,  5, 0.23,123,13.6
2025-06-11 12:44:52,-102.2036,31.9943,   9.4,31661,-45.1,-72.2,-67.9,  3,  5, 0.24,123,13.3
2025-06-11 12:44:53,-102.2036,31.9943,   9.4,31668,-45.1,-72.2,-67.9,  3,  5, 0.24,123,13.1
2025-06-11 12:44:54,-102.2037,31.9944,   9.4,31674,-45.1,-72.2,-67.9,  3,  5, 0.24,123,12.9
2025-06-11 12:44:55,-102.2038,31.9944,   9.4,31681,-45.1,-72.2,-67.9,  3,  5, 0.24,123,12.7
2025-06-11 12:44:56,-102.2039,31.9945,   9.4,31688,-45.0,-72.2,-67.9,  3,  5, 0.24,122,12.5
2025-06-11 12:44:57,-102.2040,31.9945,   9.4,31695,-45.0,-72.2,-67.9,  3,  5, 0.24,122,12.3
2025-06-11 12:44:58,-102.2041,31.9945,   9.4,31702,-45.0,-72.2,-67.9,  3,  5, 0.24,122,12.1
2025-06-11 12:44:59,-102.2042,31.9946,   9.4,31709,-45.0,-72.2,-67.9,  3,  5, 0.24,122,11.9
2025-06-11 12:45:00,-102.2043,31.9946,   9.4,31716,-45.0,-72.2,-67.9,  3,  5, 0.24,121,11.7
2025-06-11 12:45:01,-102.2044,31.9947,   9.4,31723,-44.9,-72.2,-67.9,  3,  5, 0.24,121,11.6
2025-06-11 12:45:02,-102.2045,31.9947,   9.3,31730,-44.9,-72.2,-67.9,  3,  5, 0.24,121,11.4
2025-06-11 12:45:03,-102.2046,31.9948,   9.3,31737,-44.9,-72.2,-67.8,  3,  5, 0.24,121,11.2
2025-06-11 12:45:04,-102.2047,31.9948,   9.3,31744,-44.9,-72.1,-67.8,  3,  5, 0.24,120,11.0
2025-06-11 12:45:05,-102.2048,31.9949,   9.3,31751,-44.9,-72.1,-67.8,  3,  5, 0.24,120,10.8
2025-06-11 12:45:06,-102.2049,31.9949,   9.3,31757,-44.9,-72.1,-67.8,  3,  5, 0.24,120,10.7
2025-06-11 12:45:07,-102.2050,31.9950,   9.3,31763,-44.8,-72.1,-67.8,  3,  5, 0.24,119,10.5
2025-06-11 12:45:08,-102.2051,31.9950,   9.3,31769,-44.8,-72.1,-67.8,  3,  5, 0.24,119,10.3
2025-06-11 12:45:09,-102.2052,31.9951,   9.3,31776,-44.8,-72.1,-67.8,  3,  5, 0.24,119,10.1
2025-06-11 12:45:10,-102.2053,31.9951,   9.3,31782,-44.8,-72.0,-67.7,  3,  5, 0.24,118, 9.9
2025-06-11 12:45:11,-102.2054,31.9952,   9.3,31788,-44.7,-72.0,-67.7,  3,  5, 0.24,118, 9.8
2025-06-11 12:45:12,-102.2055,31.9952,   9.3,31794,-44.7,-72.0,-67.7,  3,  5, 0.25,118, 9.6
2025-06-11 12:45:13,-102.2056,31.9952,   9.2,31800,-44.7,-72.0,-67.7,  3,  5, 0.25,117, 9.4
2025-06-11 12:45:14,-102.2057,31.9952,   9.2,31807,-44.7,-72.0,-67.7,  3,  5, 0.25,117, 9.2
2025-06-11 12:45:15,-102.2058,31.9953,   9.2,31813,-44.6,-72.0,-67.6,  3,  5, 0.25,116, 9.1
2025-06-11 12:45:16,-102.2058,31.9953,   9.2,31819,-44.6,-71.9,-67.6,  3,  5, 0.25,116, 9.0
2025-06-11 12:45:17,-102.2059,31.9953,   9.2,31825,-44.6,-71.9,-67.6,  3,  5, 0.25,115, 9.0
2025-06-11 12:45:18,-102.2060,31.9953,   9.2,31830,-44.5,-71.9,-67.6,  3,  5, 0.25,115, 9.0
2025-06-11 12:45:19,-102.2061,31.9953,   9.2,31836,-44.5,-71.9,-67.6,  3,  5, 0.25,114, 9.0
2025-06-11 12:45:20,-102.2062,31.9954,   9.2,31842,-44.5,-71.8,-67.5,  3,  5, 0.25,114, 9.0
2025-06-11 12:45:21,-102.2063,31.9954,   9.2,31848,-44.5,-71.8,-67.5,  3,  5, 0.25,113, 8.9
2025-06-11 12:45:22,-102.2064,31.9954,   9.2,31854,-44.4,-71.8,-67.5,  3,  5, 0.26,113, 8.9
2025-06-11 12:45:23,-102.2065,31.9954,   9.2,31861,-44.4,-71.8,-67.5,  3,  5, 0.26,112, 8.9
2025-06-11 12:45:24,-102.2066,31.9954,   9.2,31867,-44.4,-71.8,-67.5,  3,  5, 0.26,112, 8.9
2025-06-11 12:45:25,-102.2067,31.9955,   9.1,31873,-44.4,-71.7,-67.4,  3,  5, 0.26,111, 8.9
2025-06-11 12:45:26,-102.2068,31.9955,   9.1,31879,-44.3,-71.7,-67.4,  3,  5, 0.26,111, 8.8
2025-06-11 12:45:27,-102.2068,31.9955,   9.1,31885,-44.3,-71.7,-67.4,  3,  5, 0.26,110, 8.8
2025-06-11 12:45:28,-102.2069,31.9955,   9.1,31891,-44.3,-71.7,-67.4,  3,  5, 0.26,110, 8.8
2025-06-11 12:45:29,-102.2070,31.9955,   9.1,31897,-44.2,-71.7,-67.4,  3,  5, 0.26,109, 8.8
2025-06-11 12:45:30,-102.2071,31.9955,   9.1,31903,-44.2,-71.6,-67.3,  3,  5, 0.26,109, 8.8
2025-06-11 12:45:31,-102.2072,31.9956,   9.1,31909,-44.2,-71.6,-67.3,  3,  5, 0.26,108, 8.8
2025-06-11 12:45:32,-102.2073,31.9956,   9.1,31915,-44.2,-71.6,-67.3,  3,  5, 0.27,108, 8.8
2025-06-11 12:45:33,-102.2074,31.9956,   9.1,31921,-44.1,-71.6,-67.3,  3,  5, 0.27,107, 8.7
2025-06-11 12:45:34,-102.2075,31.9956,   9.1,31927,-44.1,-71.6,-67.2,  3,  5, 0.27,107, 8.7
2025-06-11 12:45:35,-102.2076,31.9956,   9.1,31934,-44.1,-71.5,-67.2,  3,  5, 0.27,106, 8.7
2025-06-11 12:45:36,-102.2077,31.9957,   9.1,31940,-44.1,-71.5,-67.2,  3,  5, 0.27,105, 8.8
2025-06-11 12:45:37,-102.2078,31.9957,   9.0,31947,-44.0,-71.5,-67.2,  3,  5, 0.27,105, 8.9
2025-06-11 12:45:38,-102.2078,31.9957,   9.0,31953,-44.0,-71.5,-67.2,  3,  5, 0.27,104, 8.9
2025-06-11 12:45:39,-102.2079,31.9957,   9.0,31959,-44.0,-71.5,-67.2,  3,  5, 0.27,103, 9.0
2025-06-11 12:45:40,-102.2080,31.9957,   9.0,31964,-44.0,-71.5,-67.1,  3,  5, 0.27,102, 9.1
2025-06-11 12:45:41,-102.2081,31.9958,   9.0,31970,-44.0,-71.4,-67.1,  3,  5, 0.28,102, 9.1
2025-06-11 12:45:42,-102.2082,31.9958,   9.0,31976,-43.9,-71.4,-67.1,  3,  5, 0.28,101, 9.2
2025-06-11 12:45:43,-102.2083,31.9957,   9.0,31981,-43.9,-71.4,-67.1,  3,  5, 0.28,100, 9.3
2025-06-11 12:45:44,-102.2085,31.9957,   9.0,31987,-43.9,-71.4,-67.1,  3,  5, 0.28,100, 9.4
2025-06-11 12:45:45,-102.2086,31.9957,   9.0,31993,-43.9,-71.4,-67.1,  3,  5, 0.28, 99, 9.5
2025-06-11 12:45:46,-102.2087,31.9957,   9.0,31999,-43.9,-71.3,-67.0,  3,  5, 0.28, 98, 9.5
2025-06-11 12:45:47,-102.2088,31.9957,   9.0,32005,-43.8,-71.3,-67.0,  3,  5, 0.28, 98, 9.6
2025-06-11 12:45:48,-102.2089,31.9957,   9.0,32011,-43.8,-71.3,-67.0,  3,  5, 0.28, 97, 9.7
2025-06-11 12:45:49,-102.2090,31.9957,   9.0,32017,-43.8,-71.3,-67.0,  3,  5, 0.28, 96, 9.8
2025-06-11 12:45:50,-102.2092,31.9957,   8.9,32023,-43.8,-71.3,-67.0,  3,  5, 0.28, 96, 9.9
2025-06-11 12:45:51,-102.2093,31.9957,   8.9,32028,-43.8,-71.3,-67.0,  3,  5, 0.29, 95, 9.9
2025-06-11 12:45:52,-102.2094,31.9957,   8.9,32033,-43.8,-71.2,-66.9,  3,  5, 0.29, 95,10.0
2025-06-11 12:45:53,-102.2095,31.9957,   8.9,32038,-43.7,-71.2,-66.9,  3,  5, 0.29, 94,10.1
2025-06-11 12:45:54,-102.2096,31.9957,   8.9,32043,-43.7,-71.2,-66.9,  3,  5, 0.29, 93,10.2
2025-06-11 12:45:55,-102.2097,31.9957,   8.9,32049,-43.7,-71.2,-66.9,  3,  5, 0.29, 93,10.3
2025-06-11 12:45:56,-102.2099,31.9957,   8.9,32054,-43.7,-71.2,-66.9,  3,  5, 0.29, 92,10.4
2025-06-11 12:45:57,-102.2100,31.9957,   8.9,32060,-43.7,-71.2,-66.9,  3,  5, 0.29, 92,10.4
2025-06-11 12:45:58,-102.2101,31.9956,   8.9,32065,-43.6,-71.2,-66.8,  3,  5, 0.29, 91,10.5
2025-06-11 12:45:59,-102.2102,31.9956,   8.9,32071,-43.6,-71.1,-66.8,  3,  5, 0.29, 91,10.5
2025-06-11 12:46:00,-102.2103,31.9956,   8.9,32076,-43.6,-71.1,-66.8,  3,  5, 0.29, 90,10.6
2025-06-11 12:46:01,-102.2104,31.9956,   8.9,32082,-43.6,-71.1,-66.8,  3,  5, 0.29, 90,10.6
2025-06-11 12:46:02,-102.2106,31.9956,   8.9,32087,-43.6,-71.1,-66.8,  3,  5, 0.29, 89,10.7
2025-06-11 12:46:03,-102.2107,31.9956,   8.9,32093,-43.6,-71.1,-66.8,  3,  5, 0.29, 89,10.7
2025-06-11 12:46:04,-102.2108,31.9956,   8.8,32098,-43.5,-71.1,-66.7,  3,  5, 0.30, 88,10.8
2025-06-11 12:46:05,-102.2109,31.9956,   8.8,32104,-43.5,-71.0,-66.7,  3,  5, 0.30, 88,10.9
2025-06-11 12:46:06,-102.2110,31.9956,   8.8,32109,-43.5,-71.0,-66.7,  3,  5, 0.30, 87,10.9
2025-06-11 12:46:07,-102.2111,31.9956,   8.8,32114,-43.5,-71.0,-66.7,  3,  5, 0.30, 87,11.0
2025-06-11 12:46:08,-102.2113,31.9956,   8.8,32120,-43.5,-71.0,-66.7,  3,  5, 0.30, 86,11.0
2025-06-11 12:46:09,-102.2114,31.9956,   8.8,32126,-43.4,-71.0,-66.7,  3,  5, 0.30, 86,11.1
2025-06-11 12:46:10,-102.2115,31.9956,   8.8,32131,-43.4,-71.0,-66.7,  3,  5, 0.30, 85,11.2
2025-06-11 12:46:11,-102.2116,31.9956,   8.8,32137,-43.4,-71.0,-66.6,  3,  5, 0.30, 85,11.2
2025-06-11 12:46:12,-102.2117,31.9956,   8.8,32142,-43.4,-70.9,-66.6,  3,  5, 0.30, 84,11.3
2025-06-11 12:46:13,-102.2118,31.9955,   8.8,32148,-43.4,-70.9,-66.6,  3,  5, 0.30, 84,11.4
2025-06-11 12:46:14,-102.2119,31.9955,   8.8,32153,-43.4,-70.9,-66.6,  3,  5, 0.30, 84,11.4
2025-06-11 12:46:15,-102.2120,31.9955,   8.8,32159,-43.3,-70.9,-66.6,  3,  5, 0.30, 83,11.5
2025-06-11 12:46:16,-102.2121,31.9954,   8.8,32164,-43.3,-70.9,-66.6,  3,  5, 0.30, 83,11.4
2025-06-11 12:46:17,-102.2122,31.9954,   8.8,32170,-43.3,-70.9,-66.6,  3,  5, 0.30, 82,11.3
2025-06-11 12:46:18,-102.2123,31.9954,   8.7,32175,-43.3,-70.9,-66.6,  3,  5, 0.31, 82,11.3
2025-06-11 12:46:19,-102.2124,31.9953,   8.7,32180,-43.3,-70.9,-66.6,  3,  5, 0.31, 81,11.2
2025-06-11 12:46:20,-102.2125,31.9953,   8.7,32185,-43.3,-70.9,-66.6,  3,  5, 0.31, 81,11.1
2025-06-11 12:46:21,-102.2127,31.9953,   8.7,32191,-43.2,-70.9,-66.5,  3,  5, 0.31, 80,11.0
2025-06-11 12:46:22,-102.2128,31.9953,   8.7,32196,-43.2,-70.8,-66.5,  3,  5, 0.31, 80,11.0
2025-06-11 12:46:23,-102.2129,31.9952,   8.7,32201,-43.2,-70.8,-66.5,  3,  5, 0.31, 79,10.9
2025-06-11 12:46:24,-102.2130,31.9952,   8.7,32206,-43.2,-70.8,-66.5,  3,  5, 0.31, 79,10.8
2025-06-11 12:46:25,-102.2131,31.9952,   8.7,32211,-43.2,-70.8,-66.5,  3,  5, 0.31, 78,10.7
2025-06-11 12:46:26,-102.2132,31.9951,   8.7,32216,-43.2,-70.8,-66.5,  3,  5, 0.31, 77,10.7
2025-06-11 12:46:27,-102.2133,31.9951,   8.7,32220,-43.1,-70.8,-66.5,  3,  5, 0.31, 77,10.6
2025-06-11 12:46:28,-102.2134,31.9951,   8.7,32225,-43.1,-70.8,-66.5,  3,  5, 0.31, 76,10.5
2025-06-11 12:46:29,-102.2135,31.9950,   8.7,32230,-43.1,-70.8,-66.5,  3,  5, 0.31, 76,10.4
2025-06-11 12:46:30,-102.2136,31.9950,   8.7,32235,-43.1,-70.8,-66.5,  3,  5, 0.31, 75,10.4
2025-06-11 12:46:31,-102.2137,31.9950,   8.7,32240,-43.1,-70.8,-66.5,  3,  5, 0.31, 75,10.3
2025-06-11 12:46:32,-102.2138,31.9950,   8.7,32246,-43.0,-70.8,-66.5,  3,  5, 0.31, 74,10.2
2025-06-11 12:46:33,-102.2139,31.9949,   8.6,32252,-43.0,-70.8,-66.5,  3,  5, 0.31, 73,10.2
2025-06-11 12:46:34,-102.2140,31.9949,   8.6,32257,-43.0,-70.8,-66.5,  3,  5, 0.31, 73,10.1
2025-06-11 12:46:35,-102.2141,31.9949,   8.6,32263,-43.0,-70.8,-66.5,  3,  5, 0.32, 72,10.1
2025-06-11 12:46:36,-102.2142,31.9948,   8.6,32268,-43.0,-70.8,-66.5,  3,  5, 0.32, 72,10.1
2025-06-11 12:46:37,-102.2143,31.9948,   8.6,32274,-42.9,-70.8,-66.5,  3,  5, 0.32, 72,10.2
2025-06-11 12:46:38,-102.2144,31.9948,   8.6,32279,-42.9,-70.8,-66.5,  3,  5, 0.32, 72,10.2
2025-06-11 12:46:39,-102.2145,31.9948,   8.6,32284,-42.9,-70.8,-66.5,  3,  5, 0.32, 72,10.3
2025-06-11 12:46:40,-102.2146,31.9947,   8.6,32289,-42.9,-70.8,-66.5,  3,  5, 0.32, 71,10.3
2025-06-11 12:46:41,-102.2147,31.9947,   8.6,32294,-42.9,-70.8,-66.5,  3,  5, 0.32, 71,10.4
2025-06-11 12:46:42,-102.2148,31.9947,   8.6,32300,-42.8,-70.8,-66.5,  3,  5, 0.32, 71,10.4
2025-06-11 12:46:43,-102.2149,31.9946,   8.6,32305,-42.8,-70.8,-66.5,  3,  5, 0.32, 71,10.5
2025-06-11 12:46:44,-102.2150,31.9946,   8.6,32310,-42.8,-70.8,-66.4,  3,  5, 0.32, 71,10.5
2025-06-11 12:46:45,-102.2152,31.9946,   8.6,32315,-42.8,-70.7,-66.4,  3,  5, 0.32, 71,10.6
2025-06-11 12:46:46,-102.2153,31.9945,   8.6,32321,-42.7,-70.7,-66.4,  3,  5, 0.32, 71,10.6
2025-06-11 12:46:47,-102.2154,31.9945,   8.6,32326,-42.7,-70.7,-66.4,  3,  5, 0.32, 70,10.7
2025-06-11 12:46:48,-102.2155,31.9945,   8.5,32331,-42.7,-70.7,-66.4,  3,  5, 0.32, 70,10.7
2025-06-11 12:46:49,-102.2156,31.9945,   8.5,32336,-42.7,-70.7,-66.4,  3,  5, 0.32, 70,10.8
2025-06-11 12:46:50,-102.2157,31.9944,   8.5,32341,-42.6,-70.7,-66.4,  3,  5, 0.32, 70,10.8
2025-06-11 12:46:51,-102.2158,31.9944,   8.5,32346,-42.6,-70.7,-66.4,  3,  5, 0.33, 70,10.9
2025-06-11 12:46:52,-102.2159,31.9944,   8.5,32351,-42.6,-70.7,-66.3,  3,  5, 0.33, 70,10.9
2025-06-11 12:46:53,-102.2161,31.9943,   8.5,32356,-42.6,-70.6,-66.3,  3,  5, 0.33, 70,11.0
2025-06-11 12:46:54,-102.2162,31.9943,   8.5,32360,-42.5,-70.6,-66.3,  3,  5, 0.33, 70,11.0
2025-06-11 12:46:55,-102.2163,31.9943,   8.5,32365,-42.5,-70.6,-66.3,  3,  5, 0.33, 69,11.1
2025-06-11 12:46:56,-102.2164,31.9942,   8.5,32371,-42.5,-70.6,-66.3,  3,  5, 0.33, 70,11.1
2025-06-11 12:46:57,-102.2165,31.9942,   8.5,32376,-42.5,-70.5,-66.2,  3,  5, 0.33, 70,11.1
2025-06-11 12:46:58,-102.2166,31.9942,   8.5,32382,-42.4,-70.5,-66.2,  3,  5, 0.33, 70,11.1
2025-06-11 12:46:59,-102.2167,31.9941,   8.5,32387,-42.4,-70.5,-66.2,  3,  5, 0.33, 70,11.1
2025-06-11 12:47:00,-102.2168,31.9941,   8.5,32392,-42.4,-70.5,-66.2,  3,  5, 0.33, 70,11.1
2025-06-11 12:47:01,-102.2170,31.9941,   8.5,32398,-42.4,-70.5,-66.1,  3,  5, 0.34, 70,11.1
2025-06-11 12:47:02,-102.2171,31.9941,   8.5,32403,-42.3,-70.4,-66.1,  3,  5, 0.34, 71,11.1
2025-06-11 12:47:03,-102.2172,31.9940,   8.4,32408,-42.3,-70.4,-66.1,  3,  5, 0.34, 71,11.1
2025-06-11 12:47:04,-102.2173,31.9940,   8.4,32413,-42.3,-70.4,-66.1,  3,  5, 0.34, 71,11.1
2025-06-11 12:47:05,-102.2174,31.9940,   8.4,32418,-42.2,-70.4,-66.1,  3,  5, 0.34, 71,11.1
2025-06-11 12:47:06,-102.2175,31.9939,   8.4,32423,-42.2,-70.3,-66.0,  3,  5, 0.35, 71,11.1
2025-06-11 12:47:07,-102.2176,31.9939,   8.4,32428,-42.2,-70.3,-66.0,  3,  5, 0.35, 72,11.1
2025-06-11 12:47:08,-102.2177,31.9939,   8.4,32433,-42.2,-70.3,-66.0,  3,  5, 0.35, 72,11.1
2025-06-11 12:47:09,-102.2179,31.9938,   8.4,32439,-42.1,-70.3,-66.0,  3,  5, 0.35, 72,11.1
2025-06-11 12:47:10,-102.2180,31.9938,   8.4,32444,-42.1,-70.2,-65.9,  3,  5, 0.35, 72,11.1
2025-06-11 12:47:11,-102.2181,31.9938,   8.4,32449,-42.1,-70.2,-65.9,  3,  5, 0.35, 72,11.1
2025-06-11 12:47:12,-102.2182,31.9938,   8.4,32454,-42.0,-70.2,-65.9,  3,  5, 0.35, 73,11.1
2025-06-11 12:47:13,-102.2183,31.9937,   8.4,32459,-42.0,-70.2,-65.9,  3,  5, 0.35, 73,11.1
2025-06-11 12:47:14,-102.2184,31.9937,   8.4,32464,-42.0,-70.1,-65.8,  3,  5, 0.36, 73,11.1
2025-06-11 12:47:15,-102.2185,31.9937,   8.4,32469,-41.9,-70.1,-65.8,  3,  5, 0.36, 73,11.1
2025-06-11 12:47:16,-102.2187,31.9936,   8.4,32474,-41.9,-70.1,-65.8,  3,  5, 0.36, 73,11.1
2025-06-11 12:47:17,-102.2188,31.9936,   8.4,32479,-41.9,-70.1,-65.8,  3,  5, 0.36, 73,11.2
2025-06-11 12:47:18,-102.2189,31.9936,   8.4,32484,-41.9,-70.0,-65.7,  3,  5, 0.36, 73,11.2
2025-06-11 12:47:19,-102.2190,31.9935,   8.3,32490,-41.8,-70.0,-65.7,  3,  5, 0.37, 73,11.2
2025-06-11 12:47:20,-102.2191,31.9935,   8.3,32496,-41.8,-70.0,-65.7,  3,  5, 0.37, 73,11.2
2025-06-11 12:47:21,-102.2193,31.9935,   8.3,32502,-41.8,-70.0,-65.7,  3,  5, 0.37, 73,11.2
2025-06-11 12:47:22,-102.2194,31.9935,   8.3,32507,-41.7,-70.0,-65.7,  3,  5, 0.37, 74,11.2
2025-06-11 12:47:23,-102.2195,31.9934,   8.3,32513,-41.7,-70.0,-65.6,  3,  5, 0.37, 74,11.3
2025-06-11 12:47:24,-102.2196,31.9934,   8.3,32519,-41.7,-69.9,-65.6,  3,  5, 0.37, 74,11.3
2025-06-11 12:47:25,-102.2197,31.9934,   8.3,32524,-41.6,-69.9,-65.6,  3,  5, 0.37, 74,11.3
2025-06-11 12:47:26,-102.2199,31.9933,   8.3,32529,-41.6,-69.9,-65.6,  3,  5, 0.37, 74,11.3
2025-06-11 12:47:27,-102.2200,31.9933,   8.3,32535,-41.6,-69.9,-65.6,  3,  5, 0.37, 74,11.3
2025-06-11 12:47:28,-102.2201,31.9933,   8.3,32540,-41.5,-69.9,-65.6,  3,  5, 0.37, 74,11.3
2025-06-11 12:47:29,-102.2202,31.9933,   8.3,32546,-41.5,-69.8,-65.5,  3,  5, 0.38, 74,11.3
2025-06-11 12:47:30,-102.2203,31.9932,   8.3,32551,-41.5,-69.8,-65.5,  3,  5, 0.38, 74,11.4
2025-06-11 12:47:31,-102.2205,31.9932,   8.3,32557,-41.5,-69.8,-65.5,  3,  5, 0.38, 74,11.4
2025-06-11 12:47:32,-102.2206,31.9932,   8.3,32562,-41.4,-69.8,-65.5,  3,  5, 0.38, 74,11.4
2025-06-11 12:47:33,-102.2207,31.9931,   8.3,32568,-41.4,-69.8,-65.5,  3,  5, 0.38, 74,11.4
2025-06-11 12:47:34,-102.2208,31.9931,   8.2,32574,-41.4,-69.7,-65.4,  3,  5, 0.39, 74,11.4
2025-06-11 12:47:35,-102.2209,31.9931,   8.2,32579,-41.3,-69.7,-65.4,  3,  5, 0.39, 74,11.4
2025-06-11 12:47:36,-102.2211,31.9931,   8.2,32585,-41.3,-69.7,-65.4,  3,  5, 0.39, 74,11.5
2025-06-11 12:47:37,-102.2212,31.9930,   8.2,32591,-41.3,-69.7,-65.4,  3,  5, 0.39, 74,11.6
2025-06-11 12:47:38,-102.2213,31.9930,   8.2,32597,-41.3,-69.7,-65.4,  3,  5, 0.39, 74,11.7
2025-06-11 12:47:39,-102.2214,31.9930,   8.2,32603,-41.2,-69.6,-65.3,  3,  5, 0.39, 74,11.8
2025-06-11 12:47:40,-102.2216,31.9929,   8.2,32609,-41.2,-69.6,-65.3,  3,  5, 0.39, 74,11.8
2025-06-11 12:47:41,-102.2217,31.9929,   8.2,32615,-41.2,-69.6,-65.3,  3,  5, 0.39, 74,11.9
2025-06-11 12:47:42,-102.2218,31.9929,   8.2,32621,-41.1,-69.6,-65.3,  3,  5, 0.39, 74,12.0
2025-06-11 12:47:43,-102.2219,31.9929,   8.2,32628,-41.1,-69.6,-65.2,  3,  5, 0.40, 74,12.1
2025-06-11 12:47:44,-102.2220,31.9928,   8.2,32632,-41.1,-69.5,-65.2,  3,  5, 0.40, 74,12.2
2025-06-11 12:47:45,-102.2222,31.9928,   8.2,32638,-41.1,-69.5,-65.2,  3,  5, 0.40, 74,12.3
2025-06-11 12:47:46,-102.2223,31.9928,   8.2,32644,-41.0,-69.5,-65.2,  3,  5, 0.40, 74,12.3
2025-06-11 12:47:47,-102.2224,31.9927,   8.2,32650,-41.0,-69.5,-65.1,  3,  5, 0.40, 74,12.4
2025-06-11 12:47:48,-102.2226,31.9927,   8.1,32656,-41.0,-69.4,-65.1,  3,  5, 0.41, 74,12.5
2025-06-11 12:47:49,-102.2227,31.9926,   8.1,32662,-41.0,-69.4,-65.1,  3,  5, 0.41, 74,12.6
2025-06-11 12:47:50,-102.2229,31.9926,   8.1,32668,-40.9,-69.4,-65.1,  3,  5, 0.41, 74,12.7
2025-06-11 12:47:51,-102.2230,31.9925,   8.1,32673,-40.9,-69.4,-65.0,  3,  5, 0.41, 74,12.7
2025-06-11 12:47:52,-102.2231,31.9925,   8.1,32679,-40.9,-69.3,-65.0,  3,  5, 0.41, 74,12.8
2025-06-11 12:47:53,-102.2233,31.9924,   8.1,32685,-40.9,-69.3,-65.0,  3,  5, 0.42, 74,12.9
2025-06-11 12:47:54,-102.2234,31.9924,   8.1,32691,-40.8,-69.3,-65.0,  3,  5, 0.42, 74,13.0
2025-06-11 12:47:55,-102.2236,31.9923,   8.1,32697,-40.8,-69.3,-64.9,  3,  5, 0.42, 74,13.1
2025-06-11 12:47:56,-102.2237,31.9923,   8.1,32703,-40.8,-69.2,-64.9,  3,  5, 0.42, 73,13.1
2025-06-11 12:47:57,-102.2238,31.9922,   8.1,32708,-40.8,-69.2,-64.9,  3,  5, 0.42, 73,13.2
2025-06-11 12:47:58,-102.2240,31.9922,   8.1,32714,-40.7,-69.2,-64.9,  3,  5, 0.42, 73,13.3
2025-06-11 12:47:59,-102.2241,31.9922,   8.1,32720,-40.7,-69.2,-64.9,  3,  5, 0.42, 73,13.3
2025-06-11 12:48:00,-102.2243,31.9921,   8.1,32726,-40.7,-69.1,-64.8,  3,  5, 0.42, 72,13.4
2025-06-11 12:48:01,-102.2244,31.9921,   8.1,32732,-40.7,-69.1,-64.8,  3,  5, 0.43, 72,13.4
2025-06-11 12:48:02,-102.2245,31.9920,   8.0,32738,-40.7,-69.1,-64.8,  3,  5, 0.43, 72,13.5
2025-06-11 12:48:03,-102.2247,31.9920,   8.0,32744,-40.6,-69.1,-64.8,  3,  5, 0.43, 72,13.6
2025-06-11 12:48:04,-102.2248,31.9919,   8.0,32750,-40.6,-69.1,-64.8,  3,  5, 0.43, 71,13.6
2025-06-11 12:48:05,-102.2250,31.9919,   8.0,32756,-40.6,-69.1,-64.7,  3,  5, 0.44, 71,13.7
2025-06-11 12:48:06,-102.2251,31.9918,   8.0,32762,-40.6,-69.0,-64.7,  3,  5, 0.44, 71,13.8
2025-06-11 12:48:07,-102.2252,31.9918,   8.0,32768,-40.6,-69.0,-64.7,  3,  5, 0.44, 71,13.8
2025-06-11 12:48:08,-102.2254,31.9917,   8.0,32774,-40.6,-69.0,-64.7,  3,  5, 0.44, 70,13.9
2025-06-11 12:48:09,-102.2255,31.9917,   8.0,32781,-40.6,-69.0,-64.7,  3,  5, 0.44, 70,14.0
2025-06-11 12:48:10,-102.2257,31.9917,   8.0,32787,-40.6,-69.0,-64.7,  3,  5, 0.44, 70,14.0
2025-06-11 12:48:11,-102.2258,31.9916,   8.0,32794,-40.5,-69.0,-64.7,  3,  5, 0.44, 70,14.1
2025-06-11 12:48:12,-102.2259,31.9916,   8.0,32800,-40.5,-69.0,-64.7,  3,  5, 0.44, 69,14.2
2025-06-11 12:48:13,-102.2261,31.9915,   8.0,32806,-40.5,-69.0,-64.6,  3,  5, 0.44, 69,14.2
2025-06-11 12:48:14,-102.2262,31.9915,   8.0,32813,-40.5,-68.9,-64.6,  3,  5, 0.44, 69,14.3
2025-06-11 12:48:15,-102.2264,31.9914,   8.0,32819,-40.5,-68.9,-64.6,  3,  5, 0.44, 69,14.4
2025-06-11 12:48:16,-102.2265,31.9914,   7.9,32825,-40.5,-68.9,-64.6,  3,  5, 0.45, 68,14.5
2025-06-11 12:48:17,-102.2267,31.9913,   7.9,32831,-40.5,-68.9,-64.6,  3,  5, 0.45, 68,14.6
2025-06-11 12:48:18,-102.2269,31.9912,   7.9,32837,-40.5,-68.9,-64.6,  3,  5, 0.45, 68,14.7
2025-06-11 12:48:19,-102.2270,31.9912,   7.9,32843,-40.5,-68.9,-64.6,  3,  5, 0.45, 68,14.8
2025-06-11 12:48:20,-102.2272,31.9911,   7.9,32850,-40.5,-68.9,-64.6,  3,  5, 0.45, 67,14.9
2025-06-11 12:48:21,-102.2273,31.9911,   7.9,32856,-40.5,-68.9,-64.6,  3,  5, 0.45, 67,15.1
2025-06-11 12:48:22,-102.2275,31.9910,   7.9,32862,-40.5,-68.9,-64.6,  3,  5, 0.45, 67,15.2
2025-06-11 12:48:23,-102.2277,31.9910,   7.9,32868,-40.5,-68.9,-64.6,  3,  5, 0.45, 67,15.3
2025-06-11 12:48:24,-102.2278,31.9909,   7.9,32874,-40.5,-68.9,-64.6,  3,  5, 0.45, 66,15.4
2025-06-11 12:48:25,-102.2280,31.9908,   7.9,32880,-40.5,-68.9,-64.6,  3,  5, 0.45, 66,15.5
2025-06-11 12:48:26,-102.2281,31.9908,   7.9,32886,-40.5,-68.9,-64.6,  3,  5, 0.45, 66,15.6
2025-06-11 12:48:27,-102.2283,31.9907,   7.9,32892,-40.4,-68.9,-64.6,  3,  5, 0.45, 66,15.8
2025-06-11 12:48:28,-102.2285,31.9907,   7.9,32898,-40.4,-68.9,-64.6,  3,  5, 0.45, 65,15.9
2025-06-11 12:48:29,-102.2286,31.9906,   7.9,32904,-40.4,-68.9,-64.6,  3,  5, 0.45, 65,16.0
2025-06-11 12:48:30,-102.2288,31.9906,   7.8,32910,-40.4,-68.9,-64.6,  3,  5, 0.46, 65,16.1
2025-06-11 12:48:31,-102.2289,31.9905,   7.8,32916,-40.4,-68.9,-64.6,  3,  5, 0.46, 65,16.2
2025-06-11 12:48:32,-102.2291,31.9904,   7.8,32922,-40.5,-68.9,-64.6,  3,  5, 0.46, 65,16.3
2025-06-11 12:48:33,-102.2293,31.9904,   7.8,32929,-40.5,-68.9,-64.6,  3,  5, 0.46, 64,16.5
2025-06-11 12:48:34,-102.2294,31.9903,   7.8,32935,-40.5,-68.9,-64.6,  3,  5, 0.46, 64,16.6
2025-06-11 12:48:35,-102.2296,31.9903,   7.8,32941,-40.5,-68.9,-64.6,  3,  5, 0.46, 64,16.7
2025-06-11 12:48:36,-102.2297,31.9902,   7.8,32948,-40.5,-68.9,-64.6,  3,  5, 0.46, 65,16.7
2025-06-11 12:48:37,-102.2299,31.9902,   7.8,32955,-40.5,-68.9,-64.6,  3,  5, 0.46, 65,16.7
2025-06-11 12:48:38,-102.2301,31.9901,   7.8,32962,-40.5,-68.9,-64.6,  3,  5, 0.46, 65,16.7
2025-06-11 12:48:39,-102.2302,31.9900,   7.8,32969,-40.5,-68.9,-64.6,  3,  5, 0.46, 66,16.6
2025-06-11 12:48:40,-102.2304,31.9900,   7.8,32977,-40.5,-68.9,-64.5,  3,  5, 0.46, 66,16.6
2025-06-11 12:48:41,-102.2305,31.9899,   7.8,32984,-40.5,-68.8,-64.5,  3,  5, 0.46, 67,16.6
2025-06-11 12:48:42,-102.2307,31.9899,   7.8,32991,-40.5,-68.8,-64.5,  3,  5, 0.46, 67,16.6
2025-06-11 12:48:43,-102.2309,31.9898,   7.7,32998,-40.5,-68.8,-64.5,  3,  5, 0.47, 68,16.6
2025-06-11 12:48:44,-102.2310,31.9897,   7.7,33005,-40.5,-68.8,-64.5,  3,  5, 0.47, 68,16.6
2025-06-11 12:48:45,-102.2312,31.9897,   7.7,33011,-40.5,-68.8,-64.5,  3,  5, 0.47, 68,16.6
2025-06-11 12:48:46,-102.2314,31.9897,   7.7,33018,-40.5,-68.8,-64.5,  3,  5, 0.47, 69,16.6
2025-06-11 12:48:47,-102.2315,31.9896,   7.7,33025,-40.5,-68.8,-64.5,  3,  5, 0.47, 69,16.6
2025-06-11 12:48:48,-102.2317,31.9896,   7.7,33032,-40.5,-68.8,-64.5,  3,  5, 0.47, 70,16.6
2025-06-11 12:48:49,-102.2319,31.9896,   7.7,33039,-40.5,-68.8,-64.5,  3,  5, 0.47, 70,16.6
2025-06-11 12:48:50,-102.2321,31.9896,   7.7,33046,-40.5,-68.8,-64.5,  3,  5, 0.47, 71,16.6
2025-06-11 12:48:51,-102.2323,31.9895,   7.7,33053,-40.5,-68.8,-64.5,  3,  5, 0.47, 71,16.6
2025-06-11 12:48:52,-102.2324,31.9895,   7.7,33061,-40.6,-68.8,-64.5,  3,  5, 0.47, 72,16.6
2025-06-11 12:48:53,-102.2326,31.9895,   7.7,33067,-40.6,-68.8,-64.5,  3,  5, 0.47, 72,16.6
2025-06-11 12:48:54,-102.2328,31.9895,   7.7,33074,-40.6,-68.8,-64.5,  3,  5, 0.47, 72,16.6
2025-06-11 12:48:55,-102.2330,31.9894,   7.7,33081,-40.6,-68.8,-64.5,  3,  5, 0.47, 73,16.6
2025-06-11 12:48:56,-102.2332,31.9894,   7.6,33088,-40.6,-68.8,-64.5,  3,  5, 0.48, 73,16.6
2025-06-11 12:48:57,-102.2333,31.9894,   7.6,33095,-40.6,-68.8,-64.5,  3,  5, 0.48, 74,16.7
2025-06-11 12:48:58,-102.2335,31.9894,   7.6,33102,-40.6,-68.8,-64.5,  3,  5, 0.48, 74,16.7
2025-06-11 12:48:59,-102.2337,31.9893,   7.6,33109,-40.6,-68.8,-64.5,  3,  5, 0.48, 75,16.8
2025-06-11 12:49:00,-102.2339,31.9893,   7.6,33116,-40.6,-68.8,-64.5,  3,  5, 0.48, 75,16.8
2025-06-11 12:49:01,-102.2341,31.9893,   7.6,33123,-40.6,-68.8,-64.5,  3,  5, 0.48, 76,16.9
2025-06-11 12:49:02,-102.2343,31.9892,   7.6,33130,-40.7,-68.8,-64.5,  3,  5, 0.48, 76,16.9
2025-06-11 12:49:03,-102.2344,31.9892,   7.6,33137,-40.7,-68.8,-64.5,  3,  5, 0.48, 77,17.0
2025-06-11 12:49:04,-102.2346,31.9892,   7.6,33144,-40.7,-68.8,-64.5,  3,  5, 0.48, 77,17.0
2025-06-11 12:49:05,-102.2348,31.9892,   7.6,33151,-40.7,-68.8,-64.5,  3,  5, 0.48, 78,17.1
2025-06-11 12:49:06,-102.2350,31.9891,   7.6,33158,-40.7,-68.8,-64.5,  3,  5, 0.47, 78,17.2
2025-06-11 12:49:07,-102.2352,31.9891,   7.6,33164,-40.7,-68.8,-64.5,  3,  5, 0.47, 79,17.2
2025-06-11 12:49:08,-102.2353,31.9891,   7.6,33171,-40.7,-68.8,-64.5,  3,  5, 0.47, 79,17.3
2025-06-11 12:49:09,-102.2355,31.9891,   7.5,33178,-40.7,-68.8,-64.5,  3,  5, 0.48, 80,17.3
2025-06-11 12:49:10,-102.2357,31.9890,   7.5,33185,-40.8,-68.8,-64.5,  3,  5, 0.48, 80,17.4
2025-06-11 12:49:11,-102.2359,31.9890,   7.5,33192,-40.8,-68.8,-64.5,  3,  5, 0.48, 81,17.5
2025-06-11 12:49:12,-102.2361,31.9890,   7.5,33200,-40.8,-68.9,-64.5,  3,  5, 0.48, 81,17.5
2025-06-11 12:49:13,-102.2363,31.9890,   7.5,33207,-40.8,-68.9,-64.5,  3,  5, 0.48, 82,17.6
2025-06-11 12:49:14,-102.2364,31.9889,   7.5,33214,-40.8,-68.9,-64.6,  3,  5, 0.48, 82,17.7
2025-06-11 12:49:15,-102.2366,31.9889,   7.5,33222,-40.8,-68.9,-64.6,  3,  5, 0.48, 83,17.7
2025-06-11 12:49:16,-102.2368,31.9889,   7.5,33229,-40.9,-68.9,-64.6,  3,  5, 0.48, 83,17.9
2025-06-11 12:49:17,-102.2370,31.9889,   7.5,33236,-40.9,-68.9,-64.6,  3,  5, 0.48, 83,18.0
2025-06-11 12:49:18,-102.2373,31.9889,   7.5,33243,-40.9,-68.9,-64.6,  3,  5, 0.48, 83,18.1
2025-06-11 12:49:19,-102.2375,31.9889,   7.5,33250,-40.9,-68.9,-64.6,  3,  5, 0.48, 83,18.2
2025-06-11 12:49:20,-102.2377,31.9889,   7.5,33257,-40.9,-68.9,-64.6,  3,  5, 0.48, 83,18.3
2025-06-11 12:49:21,-102.2379,31.9888,   7.4,33264,-40.9,-68.9,-64.5,  3,  5, 0.48, 83,18.4
2025-06-11 12:49:22,-102.2381,31.9888,   7.4,33271,-41.0,-68.9,-64.5,  3,  5, 0.48, 84,18.5
2025-06-11 12:49:23,-102.2383,31.9888,   7.4,33279,-41.0,-68.8,-64.5,  3,  5, 0.49, 84,18.6
2025-06-11 12:49:24,-102.2385,31.9888,   7.4,33286,-41.0,-68.8,-64.5,  3,  5, 0.49, 84,18.7
2025-06-11 12:49:25,-102.2387,31.9888,   7.4,33293,-41.0,-68.8,-64.5,  3,  5, 0.49, 84,18.9
2025-06-11 12:49:26,-102.2389,31.9888,   7.4,33300,-41.0,-68.8,-64.5,  3,  5, 0.49, 84,19.0
2025-06-11 12:49:27,-102.2391,31.9888,   7.4,33308,-41.0,-68.8,-64.5,  3,  5, 0.49, 84,19.1
2025-06-11 12:49:28,-102.2393,31.9888,   7.4,33315,-41.1,-68.8,-64.5,  3,  5, 0.49, 84,19.2
2025-06-11 12:49:29,-102.2396,31.9888,   7.4,33323,-41.1,-68.8,-64.5,  3,  5, 0.49, 85,19.3
2025-06-11 12:49:30,-102.2398,31.9888,   7.4,33330,-41.1,-68.8,-64.5,  3,  5, 0.49, 85,19.4
2025-06-11 12:49:31,-102.2400,31.9887,   7.4,33337,-41.1,-68.8,-64.5,  3,  5, 0.49, 85,19.5
2025-06-11 12:49:32,-102.2402,31.9887,   7.4,33345,-41.1,-68.8,-64.5,  3,  5, 0.49, 85,19.6
2025-06-11 12:49:33,-102.2404,31.9887,   7.4,33352,-41.2,-68.8,-64.5,  3,  5, 0.49, 85,19.7
2025-06-11 12:49:34,-102.2406,31.9887,   7.3,33359,-41.2,-68.8,-64.5,  3,  5, 0.49, 85,19.9
2025-06-11 12:49:35,-102.2408,31.9887,   7.3,33366,-41.2,-68.8,-64.5,  3,  5, 0.49, 85,20.0
2025-06-11 12:49:36,-102.2410,31.9887,   7.3,33373,-41.2,-68.8,-64.5,  3,  5, 0.49, 86,20.0
2025-06-11 12:49:37,-102.2412,31.9887,   7.3,33380,-41.2,-68.8,-64.5,  3,  5, 0.49, 86,20.0
2025-06-11 12:49:38,-102.2414,31.9887,   7.3,33388,-41.3,-68.8,-64.5,  3,  5, 0.49, 86,20.0
2025-06-11 12:49:39,-102.2416,31.9887,   7.3,33395,-41.3,-68.8,-64.5,  3,  5, 0.49, 86,20.0
2025-06-11 12:49:40,-102.2419,31.9886,   7.3,33403,-41.3,-68.8,-64.5,  3,  5, 0.49, 86,20.0
2025-06-11 12:49:41,-102.2421,31.9886,   7.3,33410,-41.3,-68.8,-64.5,  3,  5, 0.49, 87,20.0
2025-06-11 12:49:42,-102.2423,31.9886,   7.3,33418,-41.3,-68.8,-64.5,  4,  5, 0.49, 87,20.0
2025-06-11 12:49:43,-102.2425,31.9886,   7.3,33426,-41.3,-68.8,-64.5,  4,  5, 0.49, 87,20.0
2025-06-11 12:49:44,-102.2427,31.9886,   7.3,33433,-41.3,-68.8,-64.5,  4,  5, 0.49, 87,20.0
2025-06-11 12:49:45,-102.2429,31.9886,   7.3,33440,-41.4,-68.8,-64.5,  4,  5, 0.49, 88,20.0
2025-06-11 12:49:46,-102.2431,31.9886,   7.3,33447,-41.4,-68.8,-64.5,  4,  5, 0.49, 88,20.0
2025-06-11 12:49:47,-102.2433,31.9886,   7.2,33454,-41.4,-68.8,-64.5,  4,  5, 0.50, 88,20.0
2025-06-11 12:49:48,-102.2435,31.9886,   7.2,33461,-41.4,-68.8,-64.5,  4,  5, 0.50, 88,20.0
2025-06-11 12:49:49,-102.2438,31.9886,   7.2,33468,-41.4,-68.8,-64.5,  4,  5, 0.50, 88,20.0
2025-06-11 12:49:50,-102.2440,31.9887,   7.2,33476,-41.4,-68.8,-64.5,  4,  5, 0.50, 89,20.0
2025-06-11 12:49:51,-102.2442,31.9887,   7.2,33483,-41.4,-68.8,-64.5,  4,  5, 0.50, 89,20.0
2025-06-11 12:49:52,-102.2444,31.9887,   7.2,33490,-41.5,-68.8,-64.5,  4,  5, 0.50, 89,20.0
2025-06-11 12:49:53,-102.2446,31.9887,   7.2,33497,-41.5,-68.8,-64.5,  4,  5, 0.50, 89,20.0
2025-06-11 12:49:54,-102.2448,31.9887,   7.2,33505,-41.5,-68.8,-64.5,  4,  5, 0.50, 89,20.1
2025-06-11 12:49:55,-102.2450,31.9888,   7.2,33512,-41.5,-68.8,-64.5,  4,  5, 0.50, 90,20.1
2025-06-11 12:49:56,-102.2453,31.9888,   7.2,33519,-41.5,-68.8,-64.5,  4,  5, 0.50, 90,20.1
2025-06-11 12:49:57,-102.2455,31.9888,   7.2,33526,-41.5,-68.8,-64.5,  4,  5, 0.50, 90,20.1
2025-06-11 12:49:58,-102.2457,31.9888,   7.2,33534,-41.5,-68.8,-64.5,  4,  5, 0.50, 91,20.1
2025-06-11 12:49:59,-102.2459,31.9888,   7.2,33541,-41.6,-68.9,-64.5,  4,  5, 0.50, 91,20.2
2025-06-11 12:50:00,-102.2461,31.9889,   7.1,33548,-41.6,-68.9,-64.5,  4,  5, 0.50, 92,20.2
2025-06-11 12:50:01,-102.2463,31.9889,   7.1,33555,-41.6,-68.9,-64.6,  4,  5, 0.50, 92,20.2
2025-06-11 12:50:02,-102.2465,31.9889,   7.1,33562,-41.6,-68.9,-64.6,  4,  5, 0.50, 92,20.2
2025-06-11 12:50:03,-102.2468,31.9889,   7.1,33569,-41.6,-68.9,-64.6,  4,  5, 0.50, 93,20.3
2025-06-11 12:50:04,-102.2470,31.9889,   7.1,33576,-41.6,-68.9,-64.6,  4,  5, 0.50, 93,20.3
2025-06-11 12:50:05,-102.2472,31.9889,   7.1,33583,-41.6,-68.9,-64.6,  4,  5, 0.50, 93,20.3
2025-06-11 12:50:06,-102.2474,31.9890,   7.1,33590,-41.6,-68.9,-64.6,  4,  5, 0.50, 94,20.3
2025-06-11 12:50:07,-102.2476,31.9890,   7.1,33597,-41.6,-68.9,-64.6,  4,  5, 0.50, 94,20.4
2025-06-11 12:50:08,-102.2478,31.9890,   7.1,33604,-41.7,-68.9,-64.6,  4,  5, 0.50, 95,20.4
2025-06-11 12:50:09,-102.2481,31.9890,   7.1,33611,-41.7,-68.9,-64.6,  4,  5, 0.50, 95,20.4
2025-06-11 12:50:10,-102.2483,31.9890,   7.1,33618,-41.7,-68.9,-64.6,  4,  5, 0.50, 95,20.5
2025-06-11 12:50:11,-102.2485,31.9891,   7.1,33625,-41.7,-68.9,-64.6,  4,  5, 0.50, 96,20.5
2025-06-11 12:50:12,-102.2487,31.9891,   7.1,33631,-41.7,-68.9,-64.6,  4,  5, 0.50, 96,20.5
2025-06-11 12:50:13,-102.2489,31.9891,   7.1,33637,-41.7,-68.9,-64.6,  4,  5, 0.50, 96,20.6
2025-06-11 12:50:14,-102.2491,31.9891,   7.0,33644,-41.7,-68.9,-64.6,  4,  5, 0.51, 97,20.6
2025-06-11 12:50:15,-102.2493,31.9891,   7.0,33650,-41.7,-68.9,-64.6,  4,  5, 0.51, 97,20.6
2025-06-11 12:50:16,-102.2496,31.9892,   7.0,33656,-41.8,-68.9,-64.6,  4,  5, 0.51, 97,20.6
2025-06-11 12:50:17,-102.2498,31.9892,   7.0,33663,-41.8,-68.9,-64.6,  4,  5, 0.51, 98,20.7
2025-06-11 12:50:18,-102.2500,31.9892,   7.0,33670,-41.8,-68.9,-64.5,  4,  5, 0.51, 98,20.7
2025-06-11 12:50:19,-102.2503,31.9893,   7.0,33676,-41.8,-68.8,-64.5,  4,  6, 0.51, 98,20.7
2025-06-11 12:50:20,-102.2504,31.9893,   7.0,33686,-41.8,-68.8,-64.5,  4,  6, 0.51, 99,20.7
2025-06-11 12:50:21,-102.2506,31.9893,   7.0,33690,-41.8,-68.8,-64.5,  4,  6, 0.51, 99,20.7
2025-06-11 12:50:22,-102.2508,31.9894,   7.0,33697,-41.8,-68.8,-64.5,  4,  6, 0.51, 99,20.7
2025-06-11 12:50:23,-102.2510,31.9894,   7.0,33703,-41.8,-68.8,-64.5,  4,  6, 0.52, 99,20.8
2025-06-11 12:50:24,-102.2513,31.9894,   7.0,33710,-41.8,-68.8,-64.5,  4,  6, 0.52,100,20.8
2025-06-11 12:50:25,-102.2515,31.9895,   7.0,33717,-41.8,-68.8,-64.5,  4,  6, 0.51,100,20.8
2025-06-11 12:50:26,-102.2517,31.9895,   7.0,33724,-41.8,-68.8,-64.5,  4,  6, 0.51,100,20.8
2025-06-11 12:50:27,-102.2519,31.9895,   7.0,33731,-41.9,-68.9,-64.6,  4,  6, 0.51,101,20.8
2025-06-11 12:50:28,-102.2521,31.9896,   6.9,33738,-41.9,-68.9,-64.6,  4,  6, 0.52,101,20.8
2025-06-11 12:50:29,-102.2523,31.9896,   6.9,33745,-41.9,-68.9,-64.6,  4,  6, 0.52,101,20.9
2025-06-11 12:50:30,-102.2525,31.9897,   6.9,33752,-41.9,-68.9,-64.6,  4,  6, 0.51,101,20.9
2025-06-11 12:50:31,-102.2527,31.9897,   6.9,33759,-41.9,-68.9,-64.6,  4,  5, 0.51,102,20.9
2025-06-11 12:50:32,-102.2530,31.9897,   6.9,33766,-41.9,-69.0,-64.7,  4,  5, 0.51,102,20.9
2025-06-11 12:50:33,-102.2532,31.9898,   6.9,33773,-41.9,-69.0,-64.7,  4,  5, 0.51,102,21.0
2025-06-11 12:50:34,-102.2534,31.9898,   6.9,33779,-41.9,-69.0,-64.7,  4,  5, 0.51,103,21.0
2025-06-11 12:50:35,-102.2536,31.9898,   6.9,33786,-41.9,-69.0,-64.7,  4,  5, 0.51,103,21.0
2025-06-11 12:50:36,-102.2538,31.9899,   6.9,33793,-41.9,-69.0,-64.7,  4,  5, 0.51,103,20.9
2025-06-11 12:50:37,-102.2540,31.9899,   6.9,33800,-41.9,-69.1,-64.7,  4,  5, 0.51,102,20.9
2025-06-11 12:50:38,-102.2542,31.9899,   6.9,33807,-41.9,-69.1,-64.8,  4,  5, 0.50,102,20.8
2025-06-11 12:50:39,-102.2544,31.9900,   6.9,33814,-41.9,-69.1,-64.8,  4,  5, 0.50,102,20.7
2025-06-11 12:50:40,-102.2547,31.9900,   6.9,33820,-42.0,-69.1,-64.8,  4,  5, 0.50,102,20.7
2025-06-11 12:50:41,-102.2549,31.9900,   6.9,33826,-42.0,-69.1,-64.8,  4,  5, 0.50,101,20.6
2025-06-11 12:50:42,-102.2552,31.9901,   6.9,33832,-42.0,-69.1,-64.8,  4,  5, 0.50,101,20.5
2025-06-11 12:50:43,-102.2553,31.9901,   6.8,33841,-42.0,-69.1,-64.8,  4,  5, 0.51,101,20.5
2025-06-11 12:50:44,-102.2555,31.9901,   6.8,33845,-42.0,-69.1,-64.8,  4,  5, 0.51,100,20.4
2025-06-11 12:50:45,-102.2557,31.9902,   6.8,33851,-42.0,-69.1,-64.8,  4,  5, 0.51,100,20.4
2025-06-11 12:50:46,-102.2559,31.9902,   6.8,33857,-42.0,-69.1,-64.8,  4,  5, 0.51,100,20.3
2025-06-11 12:50:47,-102.2561,31.9902,   6.8,33863,-42.0,-69.1,-64.8,  4,  5, 0.51,100,20.2
2025-06-11 12:50:48,-102.2563,31.9902,   6.8,33870,-42.0,-69.1,-64.8,  4,  5, 0.51, 99,20.2
2025-06-11 12:50:49,-102.2565,31.9902,   6.8,33876,-42.0,-69.1,-64.8,  4,  5, 0.51, 99,20.1
2025-06-11 12:50:50,-102.2567,31.9902,   6.8,33882,-42.0,-69.1,-64.8,  4,  5, 0.51, 99,20.0
2025-06-11 12:50:51,-102.2569,31.9902,   6.8,33889,-42.0,-69.1,-64.8,  4,  5, 0.51, 98,20.0
2025-06-11 12:50:52,-102.2571,31.9903,   6.8,33896,-42.0,-69.1,-64.8,  4,  5, 0.51, 98,19.9
2025-06-11 12:50:53,-102.2573,31.9903,   6.8,33902,-41.9,-69.1,-64.8,  4,  5, 0.51, 98,19.9
2025-06-11 12:50:54,-102.2575,31.9903,   6.8,33909,-41.9,-69.1,-64.8,  4,  5, 0.51, 97,19.8
2025-06-11 12:50:55,-102.2577,31.9903,   6.8,33916,-41.9,-69.1,-64.8,  4,  5, 0.51, 97,19.8
2025-06-11 12:50:56,-102.2579,31.9903,   6.8,33922,-41.9,-69.1,-64.8,  4,  5, 0.51, 97,19.7
2025-06-11 12:50:57,-102.2581,31.9903,   6.8,33929,-41.9,-69.1,-64.8,  4,  5, 0.51, 97,19.6
2025-06-11 12:50:58,-102.2583,31.9903,   6.7,33936,-41.9,-69.1,-64.8,  4,  5, 0.52, 96,19.5
2025-06-11 12:50:59,-102.2585,31.9903,   6.7,33943,-41.9,-69.1,-64.8,  4,  5, 0.52, 96,19.5
2025-06-11 12:51:00,-102.2587,31.9903,   6.7,33950,-41.9,-69.1,-64.8,  4,  5, 0.52, 96,19.4
2025-06-11 12:51:01,-102.2589,31.9903,   6.7,33956,-41.9,-69.1,-64.8,  4,  5, 0.52, 95,19.3
2025-06-11 12:51:02,-102.2591,31.9903,   6.7,33963,-41.9,-69.1,-64.7,  4,  5, 0.52, 95,19.3
2025-06-11 12:51:03,-102.2593,31.9903,   6.7,33971,-41.9,-69.1,-64.7,  4,  5, 0.52, 95,19.2
2025-06-11 12:51:04,-102.2595,31.9903,   6.7,33978,-41.9,-69.0,-64.7,  4,  5, 0.52, 94,19.1
2025-06-11 12:51:05,-102.2597,31.9904,   6.7,33985,-41.9,-69.1,-64.7,  4,  5, 0.52, 94,19.1
2025-06-11 12:51:06,-102.2599,31.9904,   6.7,33992,-41.8,-69.1,-64.7,  4,  5, 0.52, 94,19.0
2025-06-11 12:51:07,-102.2601,31.9904,   6.7,33999,-41.8,-69.1,-64.8,  4,  5, 0.52, 94,18.9
2025-06-11 12:51:08,-102.2603,31.9904,   6.7,34005,-41.8,-69.1,-64.8,  4,  5, 0.52, 93,18.9
2025-06-11 12:51:09,-102.2605,31.9904,   6.7,34011,-41.8,-69.1,-64.8,  4,  5, 0.52, 93,18.8
2025-06-11 12:51:10,-102.2607,31.9904,   6.7,34017,-41.8,-69.1,-64.8,  4,  5, 0.52, 93,18.7
