#version,serial,flight,call,time,state,state_name,acceleration,pressure,altitude,height,speed,temperature,drogue_voltage,main_voltage,battery_voltage,accel_x,accel_y,accel_z,gyro_roll,gyro_pitch,gyro_yaw,mag_x,mag_y,mag_z,tilt,pyro,igniter_a,igniter_b,igniter_c,igniter_d,connected,locked,nsat,latitude,longitude,altitude,year,month,day,hour,minute,second,pad_dist,pad_range,pad_az,pad_el,pdop,hdop,vdop,sat01,sat02,sat03,sat04,sat05,sat06,sat07,sat08,sat09,sat10,sat11,sat12,sat13,sat14,sat15,sat16,sat17,sat18,sat19,sat20,sat21,sat22,sat23,sat24,sat25,sat26,sat27,sat28,sat29,sat30,sat31,sat32
6, 16111, 1,KC3VYA,    -0.30, 3,   boost,    0.98,  96442.00,  414.64,    0.17,   12.95, 47.0, 4.08, 3.99, 4.08,   9.84,   0.22,   0.06,  -0.68,  -0.03,   0.03,   0.77,  -0.24,   0.02,   1.59, 4.08, 4.08, 4.11, 0.00, 0.00, 1, 1, 15,  37.1687549, -97.7339283,   385.0, 2026,  3, 21, 21, 19, 40,        0,        0,   0,   0,   0.8,   0.4,   0.7,  0,  0,  0,  0, 35, 29,  0,  0, 38,  0, 30, 40,  0,  0,  0,  0,  0,  0, 38, 23, 39,  0,  0,  0, 40,  0,  0,  0, 39,  0,  0,  0
6, 16111, 1,KC3VYA,    -0.29, 3,   boost,   -0.49,  96439.00,  414.90,    0.43,   13.22, 47.0, 4.08, 3.99, 4.08,   9.81,   0.21,  -0.01,  -0.81,  -0.09,   0.10,   0.77,  -0.24,   0.02,   1.59, 4.08, 4.08, 4.11, 0.00, 0.00, 1, 1, 15,  37.1687549, -97.7339283,   385.0, 2026,  3, 21, 21, 19, 40,        0,        0,   0,   0,   0.8,   0.4,   0.7,  0,  0,  0,  0, 35, 29,  0,  0, 38,  0, 30, 40,  0,  0,  0,  0,  0,  0, 38, 23, 39,  0,  0,  0, 40,  0,  0,  0, 39,  0,  0,  0
6, 16111, 1,KC3VYA,    -0.28, 3,   boost,   -0.00,  96439.00,  414.90,    0.43,   13.50, 47.0, 4.08, 3.99, 4.08,   9.85,   0.29,   0.08,  -0.81,   0.28,   0.16,   0.77,  -0.24,   0.02,   1.59, 4.08, 4.08, 4.11, 0.00, 0.00, 1, 1, 15,  37.1687549, -97.7339283,   385.0, 2026,  3, 21, 21, 19, 40,        0,        0,   0,   0,   0.8,   0.4,   0.7,  0,  0,  0,  0, 35, 29,  0,  0, 38,  0, 30, 40,  0,  0,  0,  0,  0,  0, 38, 23, 39,  0,  0,  0, 40,  0,  0,  0, 39,  0,  0,  0
6, 16111, 1,KC3VYA,    -0.27, 3,   boost,   -0.98,  96435.00,  415.25,    0.78,   13.78, 47.0, 4.08, 3.99, 4.08,   9.88,   0.27,   0.10,  -0.87,   0.03,  -0.21,   0.77,  -0.24,   0.02,   1.59, 4.08, 4.08, 4.11, 0.00, 0.00, 1, 1, 15,  37.1687549, -97.7339283,   385.0, 2026,  3, 21, 21, 19, 40,        0,        0,   0,   0,   0.8,   0.4,   0.7,  0,  0,  0,  0, 35, 29,  0,  0, 38,  0, 30, 40,  0,  0,  0,  0,  0,  0, 38, 23, 39,  0,  0,  0, 40,  0,  0,  0, 39,  0,  0,  0
6, 16111, 1,KC3VYA,    -0.26, 3,   boost,   -0.00,  96435.00,  415.25,    0.78,   14.06, 47.0, 4.08, 3.99, 4.08,   9.77,   0.29,   0.09,  -0.75,  -0.03,   0.16,   0.77,  -0.24,   0.02,   1.59, 4.08, 4.08, 4.11, 0.00, 0.00, 1, 1, 15,  37.1687549, -97.7339283,   385.0, 2026,  3, 21, 21, 19, 40,        0,        0,   0,   0,   0.8,   0.4,   0.7,  0,  0,  0,  0, 35, 29,  0,  0, 38,  0, 30, 40,  0,  0,  0,  0,  0,  0, 38, 23, 39,  0,  0,  0, 40,  0,  0,  0, 39,  0,  0,  0
6, 16111, 1,KC3VYA,    -0.25, 3,   boost,    0.49,  96454.00,  413.60,   -0.87,   14.35, 47.0, 4.08, 3.99, 4.08,   9.84,   0.22,   0.12,  -0.62,  -0.03,   0.03,   0.77,  -0.24,   0.02,   1.59, 4.08, 4.08, 4.11, 0.00, 0.00, 1, 1, 15,  37.1687549, -97.7339283,   385.0, 2026,  3, 21, 21, 19, 40,        0,        0,   0,   0,   0.8,   0.4,   0.7,  0,  0,  0,  0, 35, 29,  0,  0, 38,  0, 30, 40,  0,  0,  0,  0,  0,  0, 38, 23, 39,  0,  0,  0, 40,  0,  0,  0, 39,  0,  0,  0
6, 16111, 1,KC3VYA,    -0.24, 3,   boost,   -0.00,  96454.00,  413.60,   -0.87,   14.64, 47.0, 4.08, 3.99, 4.08,   9.89,   0.24,   0.16,  -0.75,   0.03,  -0.15,   0.78,  -0.24,   0.02,   1.59, 4.08, 4.08, 4.11, 0.00, 0.00, 1, 1, 15,  37.1687549, -97.7339283,   385.0, 2026,  3, 21, 21, 19, 40,        0,        0,   0,   0,   0.8,   0.4,   0.7,  0,  0,  0,  0, 35, 29,  0,  0, 38,  0, 30, 40,  0,  0,  0,  0,  0,  0, 38, 23, 39,  0,  0,  0, 40,  0,  0,  0, 39,  0,  0,  0
6, 16111, 1,KC3VYA,    -0.23, 3,   boost,   -0.49,  96442.00,  414.64,    0.17,   14.94, 47.0, 4.08, 3.99, 4.08,   9.89,   0.37,   0.07,  -0.81,  -0.09,  -0.03,   0.78,  -0.24,   0.02,   1.59, 4.08, 4.08, 4.11, 0.00, 0.00, 1, 1, 15,  37.1687549, -97.7339283,   385.0, 2026,  3, 21, 21, 19, 40,        0,        0,   0,   0,   0.8,   0.4,   0.7,  0,  0,  0,  0, 35, 29,  0,  0, 38,  0, 30, 40,  0,  0,  0,  0,  0,  0, 38, 23, 39,  0,  0,  0, 40,  0,  0,  0, 39,  0,  0,  0
6, 16111, 1,KC3VYA,    -0.22, 3,   boost,   -1.96,  96442.00,  414.64,    0.17,   15.25, 47.0, 4.08, 3.99, 4.08,   9.81,   0.27,  -0.03,  -0.56,   0.15,  -0.09,   0.78,  -0.24,   0.02,   1.59, 4.08, 4.08, 4.11, 0.00, 0.00, 1, 1, 15,  37.1687549, -97.7339283,   385.0, 2026,  3, 21, 21, 19, 40,        0,        0,   0,   0,   0.8,   0.4,   0.7,  0,  0,  0,  0, 35, 29,  0,  0, 38,  0, 30, 40,  0,  0,  0,  0,  0,  0, 38, 23, 39,  0,  0,  0, 40,  0,  0,  0, 39,  0,  0,  0
6, 16111, 1,KC3VYA,    -0.21, 3,   boost,   -1.96,  96442.00,  414.64,    0.17,   15.56, 47.0, 4.08, 3.99, 4.08,   9.95,   0.23,   0.04,  -0.38,   0.09,  -0.09,   0.78,  -0.24,   0.02,   1.59, 4.08, 4.08, 4.11, 0.00, 0.00, 1, 1, 15,  37.1687549, -97.7339283,   385.0, 2026,  3, 21, 21, 19, 40,        0,        0,   0,   0,   0.8,   0.4,   0.7,  0,  0,  0,  0, 35, 29,  0,  0, 38,  0, 30, 40,  0,  0,  0,  0,  0,  0, 38, 23, 39,  0,  0,  0, 40,  0,  0,  0, 39,  0,  0,  0
6, 16111, 1,KC3VYA,    -0.20, 3,   boost,   -1.47,  96442.00,  414.64,    0.17,   15.87, 47.0, 4.08, 3.99, 4.08,   9.89,   0.30,   0.01,  -0.20,   0.40,   0.22,   0.77,  -0.24,   0.02,   1.59, 4.08, 4.08, 4.11, 0.00, 0.00, 1, 1, 15,  37.1687549, -97.7339283,   385.0, 2026,  3, 21, 21, 19, 40,        0,        0,   0,   0,   0.8,   0.4,   0.7,  0,  0,  0,  0, 35, 29,  0,  0, 38,  0, 30, 40,  0,  0,  0,  0,  0,  0, 38, 23, 39,  0,  0,  0, 40,  0,  0,  0, 39,  0,  0,  0
6, 16111, 1,KC3VYA,    -0.19, 3,   boost,   -0.98,  96446.00,  414.29,   -0.17,   16.19, 47.0, 4.08, 3.99, 4.08,   9.76,   0.25,   0.42,   0.11,  -0.27,  -0.09,   0.77,  -0.24,   0.02,   1.59, 4.08, 4.08, 4.11, 0.00, 0.00, 1, 1, 15,  37.1687549, -97.7339283,   385.0, 2026,  3, 21, 21, 19, 40,        0,        0,   0,   0,   0.8,   0.4,   0.7,  0,  0,  0,  0, 35, 29,  0,  0, 38,  0, 30, 40,  0,  0,  0,  0,  0,  0, 38, 23, 39,  0,  0,  0, 40,  0,  0,  0, 39,  0,  0,  0
6, 16111, 1,KC3VYA,    -0.18, 3,   boost,   -0.49,  96446.00,  414.29,   -0.17,   16.51, 47.0, 4.08, 3.99, 4.08,   9.66,   0.45,  -0.08,   0.05,  -0.27,   0.22,   0.78,  -0.24,   0.02,   1.59, 4.08, 4.08, 4.11, 0.00, 0.00, 1, 1, 15,  37.1687549, -97.7339283,   385.0, 2026,  3, 21, 21, 19, 40,        0,        0,   0,   0,   0.8,   0.4,   0.7,  0,  0,  0,  0, 35, 29,  0,  0, 38,  0, 30, 40,  0,  0,  0,  0,  0,  0, 38, 23, 39,  0,  0,  0, 40,  0,  0,  0, 39,  0,  0,  0
6, 16111, 1,KC3VYA,    -0.17, 3,   boost,   -0.00,  96448.00,  414.12,   -0.35,   16.84, 47.0, 4.08, 3.99, 4.08,   9.86,   0.17,   0.17,   0.54,   0.09,   0.10,   0.78,  -0.24,   0.02,   1.59, 4.08, 4.08, 4.11, 0.00, 0.00, 1, 1, 15,  37.1687549, -97.7339283,   385.0, 2026,  3, 21, 21, 19, 40,        0,        0,   0,   0,   0.8,   0.4,   0.7,  0,  0,  0,  0, 35, 29,  0,  0, 38,  0, 30, 40,  0,  0,  0,  0,  0,  0, 38, 23, 39,  0,  0,  0, 40,  0,  0,  0, 39,  0,  0,  0
6, 16111, 1,KC3VYA,    -0.16, 3,   boost,   -0.98,  96448.00,  414.12,   -0.35,   17.18, 47.0, 4.08, 3.99, 4.08,   9.85,   0.26,   0.07,  -0.07,   0.09,  -0.15,   0.78,  -0.24,   0.02,   1.59, 4.08, 4.08, 4.11, 0.00, 0.00, 1, 1, 15,  37.1687549, -97.7339283,   385.0, 2026,  3, 21, 21, 19, 40,        0,        0,   0,   0,   0.8,   0.4,   0.7,  0,  0,  0,  0, 35, 29,  0,  0, 38,  0, 30, 40,  0,  0,  0,  0,  0,  0, 38, 23, 39,  0,  0,  0, 40,  0,  0,  0, 39,  0,  0,  0
6, 16111, 1,KC3VYA,    -0.15, 3,   boost,   -1.96,  96444.00,  414.47,    0.00,   17.52, 47.0, 4.08, 3.99, 4.08,   9.70,   0.32,   0.08,   0.23,   0.03,  -0.09,   0.78,  -0.24,   0.02,   1.59, 4.08, 4.08, 4.11, 0.00, 0.00, 1, 1, 15,  37.1687549, -97.7339283,   385.0, 2026,  3, 21, 21, 19, 40,        0,        0,   0,   0,   0.8,   0.4,   0.7,  0,  0,  0,  0, 35, 29,  0,  0, 38,  0, 30, 40,  0,  0,  0,  0,  0,  0, 38, 23, 39,  0,  0,  0, 40,  0,  0,  0, 39,  0,  0,  0
6, 16111, 1,KC3VYA,    -0.14, 3,   boost,   -0.00,  96444.00,  414.47,    0.00,   17.86, 47.0, 4.08, 3.99, 4.08,  10.00,   0.27,   0.06,  -0.14,  -0.21,   0.03,   0.77,  -0.24,   0.02,   1.59, 4.08, 4.08, 4.11, 0.00, 0.00, 1, 1, 15,  37.1687549, -97.7339283,   385.0, 2026,  3, 21, 21, 19, 40,        0,        0,   0,   0,   0.8,   0.4,   0.7,  0,  0,  0,  0, 35, 29,  0,  0, 38,  0, 30, 40,  0,  0,  0,  0,  0,  0, 38, 23, 39,  0,  0,  0, 40,  0,  0,  0, 39,  0,  0,  0
6, 16111, 1,KC3VYA,    -0.13, 3,   boost,   -0.00,  96452.00,  413.77,   -0.69,   18.21, 47.0, 4.08, 3.99, 4.08,   9.84,   0.34,  -0.02,   0.11,   0.15,   0.03,   0.77,  -0.24,   0.02,   1.59, 4.08, 4.08, 4.11, 0.00, 0.00, 1, 1, 15,  37.1687549, -97.7339283,   385.0, 2026,  3, 21, 21, 19, 40,        0,        0,   0,   0,   0.8,   0.4,   0.7,  0,  0,  0,  0, 35, 29,  0,  0, 38,  0, 30, 40,  0,  0,  0,  0,  0,  0, 38, 23, 39,  0,  0,  0, 40,  0,  0,  0, 39,  0,  0,  0
6, 16111, 1,KC3VYA,    -0.12, 3,   boost,   -0.00,  96452.00,  413.77,   -0.69,   18.57, 47.0, 4.08, 3.99, 4.08,   9.81,   0.32,   0.18,   0.29,   0.15,   0.10,   0.77,  -0.24,   0.02,   1.59, 4.08, 4.08, 4.11, 0.00, 0.00, 1, 1, 15,  37.1687549, -97.7339283,   385.0, 2026,  3, 21, 21, 19, 40,        0,        0,   0,   0,   0.8,   0.4,   0.7,  0,  0,  0,  0, 35, 29,  0,  0, 38,  0, 30, 40,  0,  0,  0,  0,  0,  0, 38, 23, 39,  0,  0,  0, 40,  0,  0,  0, 39,  0,  0,  0
6, 16111, 1,KC3VYA,    -0.11, 3,   boost,   -0.98,  96441.00,  414.73,    0.26,   18.93, 47.0, 4.08, 3.99, 4.08,   9.86,  -0.01,   0.05,   0.54,  -0.21,   0.03,   0.77,  -0.24,   0.02,   1.59, 4.08, 4.08, 4.11, 0.00, 0.00, 1, 1, 15,  37.1687549, -97.7339283,   385.0, 2026,  3, 21, 21, 19, 40,        0,        0,   0,   0,   0.8,   0.4,   0.7,  0,  0,  0,  0, 35, 29,  0,  0, 38,  0, 30, 40,  0,  0,  0,  0,  0,  0, 38, 23, 39,  0,  0,  0, 40,  0,  0,  0, 39,  0,  0,  0
6, 16111, 1,KC3VYA,    -0.10, 3,   boost,    0.49,  96441.00,  414.73,    0.26,   19.30, 47.0, 4.08, 3.99, 4.08,  10.08,   0.37,   0.11,   0.78,   0.09,   0.03,   0.77,  -0.24,   0.02,   1.59, 4.08, 4.08, 4.11, 0.00, 0.00, 1, 1, 15,  37.1687549, -97.7339283,   385.0, 2026,  3, 21, 21, 19, 40,        0,        0,   0,   0,   0.8,   0.4,   0.7,  0,  0,  0,  0, 35, 29,  0,  0, 38,  0, 30, 40,  0,  0,  0,  0,  0,  0, 38, 23, 39,  0,  0,  0, 40,  0,  0,  0, 39,  0,  0,  0
6, 16111, 1,KC3VYA,    -0.09, 3,   boost,    1.47,  96446.00,  414.29,   -0.17,   19.67, 47.0, 4.08, 3.99, 4.08,   9.96,   0.32,   0.16,   0.47,  -0.03,   0.03,   0.77,  -0.24,   0.02,   1.59, 4.08, 4.08, 4.11, 0.00, 0.00, 1, 1, 15,  37.1687549, -97.7339283,   385.0, 2026,  3, 21, 21, 19, 40,        0,        0,   0,   0,   0.8,   0.4,   0.7,  0,  0,  0,  0, 35, 29,  0,  0, 38,  0, 30, 40,  0,  0,  0,  0,  0,  0, 38, 23, 39,  0,  0,  0, 40,  0,  0,  0, 39,  0,  0,  0
6, 16111, 1,KC3VYA,    -0.08, 3,   boost,   -0.00,  96446.00,  414.29,   -0.17,   20.05, 47.0, 4.08, 3.99, 4.08,  10.70,  -0.05,   0.09,   0.47,  -0.09,   0.16,   0.77,  -0.24,   0.02,   1.59, 4.08, 4.08, 4.11, 0.00, 0.00, 1, 1, 15,  37.1687549, -97.7339283,   385.0, 2026,  3, 21, 21, 19, 40,        0,        0,   0,   0,   0.8,   0.4,   0.7,  0,  0,  0,  0, 35, 29,  0,  0, 38,  0, 30, 40,  0,  0,  0,  0,  0,  0, 38, 23, 39,  0,  0,  0, 40,  0,  0,  0, 39,  0,  0,  0
6, 16111, 1,KC3VYA,    -0.07, 3,   boost,   21.57,  96471.00,  412.13,   -2.34,   20.43, 47.0, 4.08, 3.99, 4.08,  10.00,  -0.50,  -1.14,   2.67,   1.13,  -0.15,   0.77,  -0.24,   0.02,   1.59, 4.08, 4.08, 4.11, 0.00, 0.00, 1, 1, 15,  37.1687549, -97.7339283,   385.0, 2026,  3, 21, 21, 19, 40,        0,        0,   0,   0,   0.8,   0.4,   0.7,  0,  0,  0,  0, 35, 29,  0,  0, 38,  0, 30, 40,  0,  0,  0,  0,  0,  0, 38, 23, 39,  0,  0,  0, 40,  0,  0,  0, 39,  0,  0,  0
6, 16111, 1,KC3VYA,    -0.06, 3,   boost,   24.03,  96471.00,  412.13,   -2.34,   20.82, 47.0, 4.08, 3.99, 4.08,  34.58,   0.94,  -1.80,   1.76,   5.28,   1.50,   0.77,  -0.23,   0.03,   1.59, 4.08, 4.08, 4.11, 0.00, 0.00, 1, 1, 15,  37.1687549, -97.7339283,   385.0, 2026,  3, 21, 21, 19, 40,        0,        0,   0,   0,   0.8,   0.4,   0.7,  0,  0,  0,  0, 35, 29,  0,  0, 38,  0, 30, 40,  0,  0,  0,  0,  0,  0, 38, 23, 39,  0,  0,  0, 40,  0,  0,  0, 39,  0,  0,  0
6, 16111, 1,KC3VYA,    -0.05, 3,   boost,   58.35,  96545.00,  405.72,   -8.75,   21.22, 47.0, 4.08, 3.99, 4.08,  44.32,  -0.47,   3.99,   4.44,   0.15,  -1.13,   0.78,  -0.23,   0.03,   1.59, 4.08, 4.08, 4.11, 0.00, 0.00, 1, 1, 15,  37.1687549, -97.7339283,   385.0, 2026,  3, 21, 21, 19, 40,        0,        0,   0,   0,   0.8,   0.4,   0.7,  0,  0,  0,  0, 35, 29,  0,  0, 38,  0, 30, 40,  0,  0,  0,  0,  0,  0, 38, 23, 39,  0,  0,  0, 40,  0,  0,  0, 39,  0,  0,  0
6, 16111, 1,KC3VYA,    -0.04, 3,   boost,   65.70,  96545.00,  405.72,   -8.75,   21.61, 47.0, 4.08, 3.99, 4.08,  74.80,   2.08,  -3.33,  -4.90, -13.40,  -1.98,   0.77,  -0.23,   0.04,   1.59, 4.08, 4.08, 4.11, 0.00, 0.00, 1, 1, 15,  37.1687549, -97.7339283,   385.0, 2026,  3, 21, 21, 19, 40,        0,        0,   0,   0,   0.8,   0.4,   0.7,  0,  0,  0,  0, 35, 29,  0,  0, 38,  0, 30, 40,  0,  0,  0,  0,  0,  0, 38, 23, 39,  0,  0,  0, 40,  0,  0,  0, 39,  0,  0,  0
6, 16111, 1,KC3VYA,    -0.03, 3,   boost,   69.63,  96502.00,  409.44,   -5.02,   22.02, 47.0, 4.08, 3.99, 4.08,  64.93,   3.84,  -2.90,  -5.02,  -9.80,   0.71,   0.77,  -0.22,   0.04,   1.59, 4.08, 4.08, 4.11, 0.00, 0.00, 1, 1, 15,  37.1687549, -97.7339283,   385.0, 2026,  3, 21, 21, 19, 40,        0,        0,   0,   0,   0.8,   0.4,   0.7,  0,  0,  0,  0, 35, 29,  0,  0, 38,  0, 30, 40,  0,  0,  0,  0,  0,  0, 38, 23, 39,  0,  0,  0, 40,  0,  0,  0, 39,  0,  0,  0
6, 16111, 1,KC3VYA,    -0.02, 3,   boost,   72.57,  96502.00,  409.44,   -5.02,   22.43, 47.0, 4.08, 3.99, 4.08,  78.83,   0.88,   1.83,  -8.62,  -2.17,   0.95,   0.78,  -0.21,   0.05,   1.59, 4.08, 4.08, 4.11, 0.00, 0.00, 1, 1, 15,  37.1687549, -97.7339283,   385.0, 2026,  3, 21, 21, 19, 40,        0,        0,   0,   0,   0.8,   0.4,   0.7,  0,  0,  0,  0, 35, 29,  0,  0, 38,  0, 30, 40,  0,  0,  0,  0,  0,  0, 38, 23, 39,  0,  0,  0, 40,  0,  0,  0, 39,  0,  0,  0
6, 16111, 1,KC3VYA,    -0.01, 3,   boost,   78.45,  96474.00,  411.87,   -2.60,   22.85, 47.0, 4.08, 3.99, 4.08,  83.25,   0.72,  -2.97,  -1.91,   2.35,   1.87,   0.78,  -0.21,   0.05,   1.59, 4.08, 4.08, 4.11, 0.00, 0.00, 1, 1, 15,  37.1687549, -97.7339283,   385.0, 2026,  3, 21, 21, 19, 40,        0,        0,   0,   0,   0.8,   0.4,   0.7,  0,  0,  0,  0, 35, 29,  0,  0, 38,  0, 30, 40,  0,  0,  0,  0,  0,  0, 38, 23, 39,  0,  0,  0, 40,  0,  0,  0, 39,  0,  0,  0
6, 16111, 1,KC3VYA,     0.00, 3,   boost,   79.92,  96474.00,  411.87,   -2.60,   23.27, 47.0, 4.08, 3.99, 4.08,  87.83,   3.00,  -0.01,  -3.80,  -0.15,   1.32,   0.79,  -0.20,   0.06,   1.59, 4.08, 4.08, 4.11, 0.00, 0.00, 1, 1, 15,  37.1687549, -97.7339283,   385.0, 2026,  3, 21, 21, 19, 40,        0,        0,   0,   0,   0.8,   0.4,   0.7,  0,  0,  0,  0, 35, 29,  0,  0, 38,  0, 30, 40,  0,  0,  0,  0,  0,  0, 38, 23, 39,  0,  0,  0, 40,  0,  0,  0, 39,  0,  0,  0
6, 16111, 1,KC3VYA,     0.00, 3,   boost,   79.92,  96474.00,  411.87,   -2.60,   23.27, 47.0, 4.08, 3.99, 4.08,  87.83,   3.00,  -0.01,  -3.80,  -0.15,   1.32,   0.79,  -0.20,   0.06,   1.59, 4.08, 4.08, 4.11, 0.00, 0.00, 1, 1, 15,  37.1687549, -97.7339283,   385.0, 2026,  3, 21, 21, 19, 40,        0,        0,   0,   0,   0.8,   0.4,   0.7,  0,  0,  0,  0, 35, 29,  0,  0, 38,  0, 30, 40,  0,  0,  0,  0,  0,  0, 38, 23, 39,  0,  0,  0, 40,  0,  0,  0, 39,  0,  0,  0
6, 16111, 1,KC3VYA,     0.00, 3,   boost,   79.92,  96474.00,  411.87,   -2.60,   23.27, 47.0, 4.08, 3.99, 4.08,  87.83,   3.00,  -0.01,  -3.80,  -0.15,   1.32,   0.79,  -0.20,   0.06,   1.59, 4.08, 4.08, 4.11, 0.00, 0.00, 1, 1, 15,  37.1687549, -97.7339283,   385.0, 2026,  3, 21, 21, 19, 40,        0,        0,   0,   0,   0.8,   0.4,   0.7,  0,  0,  0,  0, 35, 29,  0,  0, 38,  0, 30, 40,  0,  0,  0,  0,  0,  0, 38, 23, 39,  0,  0,  0, 40,  0,  0,  0, 39,  0,  0,  0
6, 16111, 1,KC3VYA,     0.00, 3,   boost,   79.92,  96474.00,  411.87,   -2.60,   23.27, 47.0, 4.08, 3.99, 4.08,  87.83,   3.00,  -0.01,  -3.80,  -0.15,   1.32,   0.79,  -0.20,   0.06,   1.59, 4.08, 4.08, 4.11, 0.00, 0.00, 1, 1, 15,  37.1687549, -97.7339283,   385.0, 2026,  3, 21, 21, 19, 40,        0,        0,   0,   0,   0.8,   0.4,   0.7,  0,  0,  0,  0, 35, 29,  0,  0, 38,  0, 30, 40,  0,  0,  0,  0,  0,  0, 38, 23, 39,  0,  0,  0, 40,  0,  0,  0, 39,  0,  0,  0
6, 16111, 1,KC3VYA,     0.00, 3,   boost,   79.92,  96474.00,  411.87,   -2.60,   23.27, 47.0, 4.08, 3.99, 4.08,  87.83,   3.00,  -0.01,  -3.80,  -0.15,   1.32,   0.79,  -0.20,   0.06,   1.59, 4.08, 4.08, 4.11, 0.00, 0.00, 1, 1, 15,  37.1687549, -97.7339283,   385.0, 2026,  3, 21, 21, 19, 40,        0,        0,   0,   0,   0.8,   0.4,   0.7,  0,  0,  0,  0, 35, 29,  0,  0, 38,  0, 30, 40,  0,  0,  0,  0,  0,  0, 38, 23, 39,  0,  0,  0, 40,  0,  0,  0, 39,  0,  0,  0
6, 16111, 1,KC3VYA,     0.00, 3,   boost,   79.92,  96474.00,  411.87,   -2.60,   23.27, 47.0, 4.08, 3.99, 4.08,  87.83,   3.00,  -0.01,  -3.80,  -0.15,   1.32,   0.79,  -0.20,   0.06,   1.59, 4.08, 4.08, 4.11, 0.00, 0.00, 1, 1, 15,  37.1687549, -97.7339283,   385.0, 2026,  3, 21, 21, 19, 40,        0,        0,   0,   0,   0.8,   0.4,   0.7,  0,  0,  0,  0, 35, 29,  0,  0, 38,  0, 30, 40,  0,  0,  0,  0,  0,  0, 38, 23, 39,  0,  0,  0, 40,  0,  0,  0, 39,  0,  0,  0
6, 16111, 1,KC3VYA,     0.00, 3,   boost,   79.92,  96474.00,  411.87,   -2.60,   23.27, 47.0, 4.08, 3.99, 4.08,  87.83,   3.00,  -0.01,  -3.80,  -0.15,   1.32,   0.79,  -0.20,   0.06,   1.59, 4.08, 4.08, 4.11, 0.00, 0.00, 1, 1, 15,  37.1687549, -97.7339283,   385.0, 2026,  3, 21, 21, 19, 40,        0,        0,   0,   0,   0.8,   0.4,   0.7,  0,  0,  0,  0, 35, 29,  0,  0, 38,  0, 30, 40,  0,  0,  0,  0,  0,  0, 38, 23, 39,  0,  0,  0, 40,  0,  0,  0, 39,  0,  0,  0
6, 16111, 1,KC3VYA,     0.00, 3,   boost,   79.92,  96474.00,  411.87,   -2.60,   23.27, 47.0, 4.08, 3.99, 4.08,  87.83,   3.00,  -0.01,  -3.80,  -0.15,   1.32,   0.79,  -0.20,   0.06,   1.59, 4.08, 4.08, 4.11, 0.00, 0.00, 1, 1, 15,  37.1687549, -97.7339283,   385.0, 2026,  3, 21, 21, 19, 40,        0,        0,   0,   0,   0.8,   0.4,   0.7,  0,  0,  0,  0, 35, 29,  0,  0, 38,  0, 30, 40,  0,  0,  0,  0,  0,  0, 38, 23, 39,  0,  0,  0, 40,  0,  0,  0, 39,  0,  0,  0
6, 16111, 1,KC3VYA,     0.00, 3,   boost,   79.92,  96474.00,  411.87,   -2.60,   23.27, 47.0, 4.08, 3.99, 4.08,  87.83,   3.00,  -0.01,  -3.80,  -0.15,   1.32,   0.79,  -0.20,   0.06,   1.59, 4.08, 4.08, 4.11, 0.00, 0.00, 1, 1, 15,  37.1687549, -97.7339283,   385.0, 2026,  3, 21, 21, 19, 40,        0,        0,   0,   0,   0.8,   0.4,   0.7,  0,  0,  0,  0, 35, 29,  0,  0, 38,  0, 30, 40,  0,  0,  0,  0,  0,  0, 38, 23, 39,  0,  0,  0, 40,  0,  0,  0, 39,  0,  0,  0
6, 16111, 1,KC3VYA,     0.00, 3,   boost,   79.92,  96474.00,  411.87,   -2.60,   23.27, 47.0, 4.08, 3.99, 4.08,  87.83,   3.00,  -0.01,  -3.80,  -0.15,   1.32,   0.79,  -0.20,   0.06,   1.59, 4.08, 4.08, 4.11, 0.00, 0.00, 1, 1, 15,  37.1687549, -97.7339283,   385.0, 2026,  3, 21, 21, 19, 40,        0,        0,   0,   0,   0.8,   0.4,   0.7,  0,  0,  0,  0, 35, 29,  0,  0, 38,  0, 30, 40,  0,  0,  0,  0,  0,  0, 38, 23, 39,  0,  0,  0, 40,  0,  0,  0, 39,  0,  0,  0
6, 16111, 1,KC3VYA,     0.00, 3,   boost,   79.92,  96474.00,  411.87,   -2.60,   23.27, 47.0, 4.08, 3.99, 4.08,  87.83,   3.00,  -0.01,  -3.80,  -0.15,   1.32,   0.79,  -0.20,   0.06,   1.59, 4.08, 4.08, 4.11, 0.00, 0.00, 1, 1, 15,  37.1687549, -97.7339283,   385.0, 2026,  3, 21, 21, 19, 40,        0,        0,   0,   0,   0.8,   0.4,   0.7,  0,  0,  0,  0, 35, 29,  0,  0, 38,  0, 30, 40,  0,  0,  0,  0,  0,  0, 38, 23, 39,  0,  0,  0, 40,  0,  0,  0, 39,  0,  0,  0
6, 16111, 1,KC3VYA,     0.00, 3,   boost,   79.92,  96474.00,  411.87,   -2.60,   23.27, 47.0, 4.08, 3.99, 4.08,  87.83,   3.00,  -0.01,  -3.80,  -0.15,   1.32,   0.79,  -0.20,   0.06,   1.59, 4.08, 4.08, 4.11, 0.00, 0.00, 1, 1, 15,  37.1687549, -97.7339283,   385.0, 2026,  3, 21, 21, 19, 40,        0,        0,   0,   0,   0.8,   0.4,   0.7,  0,  0,  0,  0, 35, 29,  0,  0, 38,  0, 30, 40,  0,  0,  0,  0,  0,  0, 38, 23, 39,  0,  0,  0, 40,  0,  0,  0, 39,  0,  0,  0
6, 16111, 1,KC3VYA,     0.00, 3,   boost,   79.92,  96474.00,  411.87,   -2.60,   23.27, 47.0, 4.08, 3.99, 4.08,  87.83,   3.00,  -0.01,  -3.80,  -0.15,   1.32,   0.79,  -0.20,   0.06,   1.59, 4.08, 4.08, 4.11, 0.00, 0.00, 1, 1, 15,  37.1687549, -97.7339283,   385.0, 2026,  3, 21, 21, 19, 40,        0,        0,   0,   0,   0.8,   0.4,   0.7,  0,  0,  0,  0, 35, 29,  0,  0, 38,  0, 30, 40,  0,  0,  0,  0,  0,  0, 38, 23, 39,  0,  0,  0, 40,  0,  0,  0, 39,  0,  0,  0
6, 16111, 1,KC3VYA,     0.00, 3,   boost,   79.92,  96474.00,  411.87,   -2.60,   23.27, 47.0, 4.08, 3.99, 4.08,  87.83,   3.00,  -0.01,  -3.80,  -0.15,   1.32,   0.79,  -0.20,   0.06,   1.59, 4.08, 4.08, 4.11, 0.00, 0.00, 1, 1, 15,  37.1687549, -97.7339283,   385.0, 2026,  3, 21, 21, 19, 40,        0,        0,   0,   0,   0.8,   0.4,   0.7,  0,  0,  0,  0, 35, 29,  0,  0, 38,  0, 30, 40,  0,  0,  0,  0,  0,  0, 38, 23, 39,  0,  0,  0, 40,  0,  0,  0, 39,  0,  0,  0
6, 16111, 1,KC3VYA,     0.00, 3,   boost,   79.92,  96474.00,  411.87,   -2.60,   23.27, 47.0, 4.08, 3.99, 4.08,  87.83,   3.00,  -0.01,  -3.80,  -0.15,   1.32,   0.79,  -0.20,   0.06,   1.59, 4.08, 4.08, 4.11, 0.00, 0.00, 1, 1, 15,  37.1687549, -97.7339283,   385.0, 2026,  3, 21, 21, 19, 40,        0,        0,   0,   0,   0.8,   0.4,   0.7,  0,  0,  0,  0, 35, 29,  0,  0, 38,  0, 30, 40,  0,  0,  0,  0,  0,  0, 38, 23, 39,  0,  0,  0, 40,  0,  0,  0, 39,  0,  0,  0
6, 16111, 1,KC3VYA,     0.00, 3,   boost,   79.92,  96474.00,  411.87,   -2.60,   23.27, 47.0, 4.08, 3.99, 4.08,  87.83,   3.00,  -0.01,  -3.80,  -0.15,   1.32,   0.79,  -0.20,   0.06,   1.59, 4.08, 4.08, 4.11, 0.00, 0.00, 1, 1, 15,  37.1687549, -97.7339283,   385.0, 2026,  3, 21, 21, 19, 40,        0,        0,   0,   0,   0.8,   0.4,   0.7,  0,  0,  0,  0, 35, 29,  0,  0, 38,  0, 30, 40,  0,  0,  0,  0,  0,  0, 38, 23, 39,  0,  0,  0, 40,  0,  0,  0, 39,  0,  0,  0
6, 16111, 1,KC3VYA,     0.00, 3,   boost,   79.92,  96474.00,  411.87,   -2.60,   23.27, 47.0, 4.08, 3.99, 4.08,  87.83,   3.00,  -0.01,  -3.80,  -0.15,   1.32,   0.79,  -0.20,   0.06,   1.59, 4.08, 4.08, 4.11, 0.00, 0.00, 1, 1, 15,  37.1687549, -97.7339283,   385.0, 2026,  3, 21, 21, 19, 40,        0,        0,   0,   0,   0.8,   0.4,   0.7,  0,  0,  0,  0, 35, 29,  0,  0, 38,  0, 30, 40,  0,  0,  0,  0,  0,  0, 38, 23, 39,  0,  0,  0, 40,  0,  0,  0, 39,  0,  0,  0
6, 16111, 1,KC3VYA,     0.00, 3,   boost,   79.92,  96474.00,  411.87,   -2.60,   23.27, 47.0, 4.08, 3.99, 4.08,  87.83,   3.00,  -0.01,  -3.80,  -0.15,   1.32,   0.79,  -0.20,   0.06,   1.59, 4.08, 4.08, 4.11, 0.00, 0.00, 1, 1, 15,  37.1687549, -97.7339283,   385.0, 2026,  3, 21, 21, 19, 40,        0,        0,   0,   0,   0.8,   0.4,   0.7,  0,  0,  0,  0, 35, 29,  0,  0, 38,  0, 30, 40,  0,  0,  0,  0,  0,  0, 38, 23, 39,  0,  0,  0, 40,  0,  0,  0, 39,  0,  0,  0
6, 16111, 1,KC3VYA,     0.00, 3,   boost,   79.92,  96474.00,  411.87,   -2.60,   23.27, 47.0, 4.08, 3.99, 4.08,  87.83,   3.00,  -0.01,  -3.80,  -0.15,   1.32,   0.79,  -0.20,   0.06,   1.59, 4.08, 4.08, 4.11, 0.00, 0.00, 1, 1, 15,  37.1687549, -97.7339283,   385.0, 2026,  3, 21, 21, 19, 40,        0,        0,   0,   0,   0.8,   0.4,   0.7,  0,  0,  0,  0, 35, 29,  0,  0, 38,  0, 30, 40,  0,  0,  0,  0,  0,  0, 38, 23, 39,  0,  0,  0, 40,  0,  0,  0, 39,  0,  0,  0
6, 16111, 1,KC3VYA,     0.00, 3,   boost,   79.92,  96474.00,  411.87,   -2.60,   23.27, 47.0, 4.08, 3.99, 4.08,  87.83,   3.00,  -0.01,  -3.80,  -0.15,   1.32,   0.79,  -0.20,   0.06,   1.59, 4.08, 4.08, 4.11, 0.00, 0.00, 1, 1, 15,  37.1687549, -97.7339283,   385.0, 2026,  3, 21, 21, 19, 40,        0,        0,   0,   0,   0.8,   0.4,   0.7,  0,  0,  0,  0, 35, 29,  0,  0, 38,  0, 30, 40,  0,  0,  0,  0,  0,  0, 38, 23, 39,  0,  0,  0, 40,  0,  0,  0, 39,  0,  0,  0
6, 16111, 1,KC3VYA,     0.00, 3,   boost,   79.92,  96474.00,  411.87,   -2.60,   23.27, 47.0, 4.08, 3.99, 4.08,  87.83,   3.00,  -0.01,  -3.80,  -0.15,   1.32,   0.79,  -0.20,   0.06,   1.59, 4.08, 4.08, 4.11, 0.00, 0.00, 1, 1, 15,  37.1687549, -97.7339283,   385.0, 2026,  3, 21, 21, 19, 40,        0,        0,   0,   0,   0.8,   0.4,   0.7,  0,  0,  0,  0, 35, 29,  0,  0, 38,  0, 30, 40,  0,  0,  0,  0,  0,  0, 38, 23, 39,  0,  0,  0, 40,  0,  0,  0, 39,  0,  0,  0
6, 16111, 1,KC3VYA,     0.00, 3,   boost,   79.92,  96474.00,  411.87,   -2.60,   23.27, 47.0, 4.08, 3.99, 4.08,  87.83,   3.00,  -0.01,  -3.80,  -0.15,   1.32,   0.79,  -0.20,   0.06,   1.59, 4.08, 4.08, 4.11, 0.00, 0.00, 1, 1, 15,  37.1687549, -97.7339283,   385.0, 2026,  3, 21, 21, 19, 40,        0,        0,   0,   0,   0.8,   0.4,   0.7,  0,  0,  0,  0, 35, 29,  0,  0, 38,  0, 30, 40,  0,  0,  0,  0,  0,  0, 38, 23, 39,  0,  0,  0, 40,  0,  0,  0, 39,  0,  0,  0
6, 16111, 1,KC3VYA,     0.00, 3,   boost,   79.92,  96474.00,  411.87,   -2.60,   23.27, 47.0, 4.08, 3.99, 4.08,  87.83,   3.00,  -0.01,  -3.80,  -0.15,   1.32,   0.79,  -0.20,   0.06,   1.59, 4.08, 4.08, 4.11, 0.00, 0.00, 1, 1, 15,  37.1687549, -97.7339283,   385.0, 2026,  3, 21, 21, 19, 40,        0,        0,   0,   0,   0.8,   0.4,   0.7,  0,  0,  0,  0, 35, 29,  0,  0, 38,  0, 30, 40,  0,  0,  0,  0,  0,  0, 38, 23, 39,  0,  0,  0, 40,  0,  0,  0, 39,  0,  0,  0
6, 16111, 1,KC3VYA,     0.00, 3,   boost,   79.92,  96474.00,  411.87,   -2.60,   23.27, 47.0, 4.08, 3.99, 4.08,  87.83,   3.00,  -0.01,  -3.80,  -0.15,   1.32,   0.79,  -0.20,   0.06,   1.59, 4.08, 4.08, 4.11, 0.00, 0.00, 1, 1, 15,  37.1687549, -97.7339283,   385.0, 2026,  3, 21, 21, 19, 40,        0,        0,   0,   0,   0.8,   0.4,   0.7,  0,  0,  0,  0, 35, 29,  0,  0, 38,  0, 30, 40,  0,  0,  0,  0,  0,  0, 38, 23, 39,  0,  0,  0, 40,  0,  0,  0, 39,  0,  0,  0
6, 16111, 1,KC3VYA,     0.00, 3,   boost,   79.92,  96474.00,  411.87,   -2.60,   23.27, 47.0, 4.08, 3.99, 4.08,  87.83,   3.00,  -0.01,  -3.80,  -0.15,   1.32,   0.79,  -0.20,   0.06,   1.59, 4.08, 4.08, 4.11, 0.00, 0.00, 1, 1, 15,  37.1687549, -97.7339283,   385.0, 2026,  3, 21, 21, 19, 40,        0,        0,   0,   0,   0.8,   0.4,   0.7,  0,  0,  0,  0, 35, 29,  0,  0, 38,  0, 30, 40,  0,  0,  0,  0,  0,  0, 38, 23, 39,  0,  0,  0, 40,  0,  0,  0, 39,  0,  0,  0
6, 16111, 1,KC3VYA,     0.00, 3,   boost,   79.92,  96474.00,  411.87,   -2.60,   23.27, 47.0, 4.08, 3.99, 4.08,  87.83,   3.00,  -0.01,  -3.80,  -0.15,   1.32,   0.79,  -0.20,   0.06,   1.59, 4.08, 4.08, 4.11, 0.00, 0.00, 1, 1, 15,  37.1687549, -97.7339283,   385.0, 2026,  3, 21, 21, 19, 40,        0,        0,   0,   0,   0.8,   0.4,   0.7,  0,  0,  0,  0, 35, 29,  0,  0, 38,  0, 30, 40,  0,  0,  0,  0,  0,  0, 38, 23, 39,  0,  0,  0, 40,  0,  0,  0, 39,  0,  0,  0
6, 16111, 1,KC3VYA,     0.00, 3,   boost,   79.92,  96474.00,  411.87,   -2.60,   23.27, 47.0, 4.08, 3.99, 4.08,  87.83,   3.00,  -0.01,  -3.80,  -0.15,   1.32,   0.79,  -0.20,   0.06,   1.59, 4.08, 4.08, 4.11, 0.00, 0.00, 1, 1, 15,  37.1687549, -97.7339283,   385.0, 2026,  3, 21, 21, 19, 40,        0,        0,   0,   0,   0.8,   0.4,   0.7,  0,  0,  0,  0, 35, 29,  0,  0, 38,  0, 30, 40,  0,  0,  0,  0,  0,  0, 38, 23, 39,  0,  0,  0, 40,  0,  0,  0, 39,  0,  0,  0
6, 16111, 1,KC3VYA,     0.00, 3,   boost,   79.92,  96474.00,  411.87,   -2.60,   23.27, 47.0, 4.08, 3.99, 4.08,  87.83,   3.00,  -0.01,  -3.80,  -0.15,   1.32,   0.79,  -0.20,   0.06,   1.59, 4.08, 4.08, 4.11, 0.00, 0.00, 1, 1, 15,  37.1687549, -97.7339283,   385.0, 2026,  3, 21, 21, 19, 40,        0,        0,   0,   0,   0.8,   0.4,   0.7,  0,  0,  0,  0, 35, 29,  0,  0, 38,  0, 30, 40,  0,  0,  0,  0,  0,  0, 38, 23, 39,  0,  0,  0, 40,  0,  0,  0, 39,  0,  0,  0
6, 16111, 1,KC3VYA,     0.00, 3,   boost,   79.92,  96474.00,  411.87,   -2.60,   23.27, 47.0, 4.08, 3.99, 4.08,  87.83,   3.00,  -0.01,  -3.80,  -0.15,   1.32,   0.79,  -0.20,   0.06,   1.59, 4.08, 4.08, 4.11, 0.00, 0.00, 1, 1, 15,  37.1687549, -97.7339283,   385.0, 2026,  3, 21, 21, 19, 40,        0,        0,   0,   0,   0.8,   0.4,   0.7,  0,  0,  0,  0, 35, 29,  0,  0, 38,  0, 30, 40,  0,  0,  0,  0,  0,  0, 38, 23, 39,  0,  0,  0, 40,  0,  0,  0, 39,  0,  0,  0
6, 16111, 1,KC3VYA,     0.00, 3,   boost,   79.92,  96474.00,  411.87,   -2.60,   23.27, 47.0, 4.08, 3.99, 4.08,  87.83,   3.00,  -0.01,  -3.80,  -0.15,   1.32,   0.79,  -0.20,   0.06,   1.59, 4.08, 4.08, 4.11, 0.00, 0.00, 1, 1, 15,  37.1687549, -97.7339283,   385.0, 2026,  3, 21, 21, 19, 40,        0,        0,   0,   0,   0.8,   0.4,   0.7,  0,  0,  0,  0, 35, 29,  0,  0, 38,  0, 30, 40,  0,  0,  0,  0,  0,  0, 38, 23, 39,  0,  0,  0, 40,  0,  0,  0, 39,  0,  0,  0
6, 16111, 1,KC3VYA,     0.00, 3,   boost,   79.92,  96474.00,  411.87,   -2.60,   23.27, 47.0, 4.08, 3.99, 4.08,  87.83,   3.00,  -0.01,  -3.80,  -0.15,   1.32,   0.79,  -0.20,   0.06,   1.59, 4.08, 4.08, 4.11, 0.00, 0.00, 1, 1, 15,  37.1687549, -97.7339283,   385.0, 2026,  3, 21, 21, 19, 40,        0,        0,   0,   0,   0.8,   0.4,   0.7,  0,  0,  0,  0, 35, 29,  0,  0, 38,  0, 30, 40,  0,  0,  0,  0,  0,  0, 38, 23, 39,  0,  0,  0, 40,  0,  0,  0, 39,  0,  0,  0
6, 16111, 1,KC3VYA,     0.00, 3,   boost,   79.92,  96474.00,  411.87,   -2.60,   23.27, 47.0, 4.08, 3.99, 4.08,  87.83,   3.00,  -0.01,  -3.80,  -0.15,   1.32,   0.79,  -0.20,   0.06,   1.58, 4.08, 4.08, 4.11, 0.00, 0.00, 1, 1, 15,  37.1687549, -97.7339283,   385.0, 2026,  3, 21, 21, 19, 40,        0,        0,   0,   0,   0.8,   0.4,   0.7,  0,  0,  0,  0, 35, 29,  0,  0, 38,  0, 30, 40,  0,  0,  0,  0,  0,  0, 38, 23, 39,  0,  0,  0, 40,  0,  0,  0, 39,  0,  0,  0
6, 16111, 1,KC3VYA,     0.00, 3,   boost,   79.92,  96474.00,  411.87,   -2.60,   23.27, 47.0, 4.08, 3.99, 4.08,  87.83,   3.00,  -0.01,  -3.80,  -0.15,   1.32,   0.79,  -0.20,   0.06,   1.60, 4.08, 4.08, 4.11, 0.00, 0.00, 1, 1, 15,  37.1687549, -97.7339283,   385.0, 2026,  3, 21, 21, 19, 40,        0,        0,   0,   0,   0.8,   0.4,   0.7,  0,  0,  0,  0, 35, 29,  0,  0, 38,  0, 30, 40,  0,  0,  0,  0,  0,  0, 38, 23, 39,  0,  0,  0, 40,  0,  0,  0, 39,  0,  0,  0
6, 16111, 1,KC3VYA,     0.00, 3,   boost,   79.92,  96474.00,  411.87,   -2.60,   23.27, 47.0, 4.08, 3.99, 4.08,  87.83,   3.00,  -0.01,  -3.80,  -0.15,   1.32,   0.79,  -0.20,   0.06,   1.64, 4.08, 4.08, 4.11, 0.00, 0.00, 1, 1, 15,  37.1687549, -97.7339283,   385.0, 2026,  3, 21, 21, 19, 40,        0,        0,   0,   0,   0.8,   0.4,   0.7,  0,  0,  0,  0, 35, 29,  0,  0, 38,  0, 30, 40,  0,  0,  0,  0,  0,  0, 38, 23, 39,  0,  0,  0, 40,  0,  0,  0, 39,  0,  0,  0
6, 16111, 1,KC3VYA,     0.00, 3,   boost,   79.92,  96474.00,  411.87,   -2.60,   23.27, 47.0, 4.08, 3.99, 4.08,  87.83,   3.00,  -0.01,  -3.80,  -0.15,   1.32,   0.79,  -0.20,   0.06,   1.66, 4.08, 4.08, 4.11, 0.00, 0.00, 1, 1, 15,  37.1687549, -97.7339283,   385.0, 2026,  3, 21, 21, 19, 40,        0,        0,   0,   0,   0.8,   0.4,   0.7,  0,  0,  0,  0, 35, 29,  0,  0, 38,  0, 30, 40,  0,  0,  0,  0,  0,  0, 38, 23, 39,  0,  0,  0, 40,  0,  0,  0, 39,  0,  0,  0
6, 16111, 1,KC3VYA,     0.00, 3,   boost,   79.92,  96474.00,  411.87,   -2.60,   23.27, 47.0, 4.08, 3.99, 4.08,  87.83,   3.00,  -0.01,  -3.80,  -0.15,   1.32,   0.79,  -0.20,   0.06,   1.67, 4.08, 4.08, 4.11, 0.00, 0.00, 1, 1, 15,  37.1687549, -97.7339283,   385.0, 2026,  3, 21, 21, 19, 40,        0,        0,   0,   0,   0.8,   0.4,   0.7,  0,  0,  0,  0, 35, 29,  0,  0, 38,  0, 30, 40,  0,  0,  0,  0,  0,  0, 38, 23, 39,  0,  0,  0, 40,  0,  0,  0, 39,  0,  0,  0
6, 16111, 1,KC3VYA,     0.00, 3,   boost,   79.92,  96474.00,  411.87,   -2.60,   23.27, 47.0, 4.08, 3.99, 4.08,  87.83,   3.00,  -0.01,  -3.80,  -0.15,   1.32,   0.79,  -0.20,   0.06,   1.68, 4.08, 4.08, 4.11, 0.00, 0.00, 1, 1, 15,  37.1687549, -97.7339283,   385.0, 2026,  3, 21, 21, 19, 40,        0,        0,   0,   0,   0.8,   0.4,   0.7,  0,  0,  0,  0, 35, 29,  0,  0, 38,  0, 30, 40,  0,  0,  0,  0,  0,  0, 38, 23, 39,  0,  0,  0, 40,  0,  0,  0, 39,  0,  0,  0
6, 16111, 1,KC3VYA,     0.01, 3,   boost,   85.32,  96478.00,  411.52,   -2.95,   23.70, 47.0, 4.08, 3.99, 4.08,  92.38,   0.72,  -1.00,   1.21,  -0.52,   1.44,   0.79,  -0.20,   0.06,   1.70, 4.08, 4.08, 4.11, 0.00, 0.00, 1, 1, 15,  37.1687549, -97.7339283,   385.0, 2026,  3, 21, 21, 19, 40,        0,        0,   0,   0,   0.8,   0.4,   0.7,  0,  0,  0,  0, 35, 29,  0,  0, 38,  0, 30, 40,  0,  0,  0,  0,  0,  0, 38, 23, 39,  0,  0,  0, 40,  0,  0,  0, 39,  0,  0,  0
6, 16111, 1,KC3VYA,     0.01, 3,   boost,   85.32,  96478.00,  411.52,   -2.95,   23.70, 47.0, 4.08, 3.99, 4.08,  92.38,   0.72,  -1.00,   1.21,  -0.52,   1.44,   0.79,  -0.20,   0.06,   1.70, 4.08, 4.08, 4.11, 0.00, 0.00, 1, 1, 15,  37.1687549, -97.7339283,   385.0, 2026,  3, 21, 21, 19, 40,        0,        0,   0,   0,   0.8,   0.4,   0.7,  0,  0,  0,  0, 35, 29,  0,  0, 38,  0, 30, 40,  0,  0,  0,  0,  0,  0, 38, 23, 39,  0,  0,  0, 40,  0,  0,  0, 39,  0,  0,  0
6, 16111, 1,KC3VYA,     0.02, 3,   boost,   89.73,  96478.00,  411.52,   -2.95,   24.13, 47.0, 4.08, 3.83, 4.09,  95.66,   2.83,  -0.12,  -1.84,   1.07,   1.93,   0.79,  -0.20,   0.06,   1.71, 4.09, 4.08, 4.09, 0.00, 0.00, 1, 1, 15,  37.1687549, -97.7339283,   385.0, 2026,  3, 21, 21, 19, 40,        0,        0,   0,   0,   0.8,   0.4,   0.7,  0,  0,  0,  0, 35, 29,  0,  0, 38,  0, 30, 40,  0,  0,  0,  0,  0,  0, 38, 23, 39,  0,  0,  0, 40,  0,  0,  0, 39,  0,  0,  0
6, 16111, 1,KC3VYA,     0.02, 3,   boost,   89.73,  96478.00,  411.52,   -2.95,   24.13, 47.0, 4.08, 3.83, 4.09,  95.66,   2.83,  -0.12,  -1.84,   1.07,   1.93,   0.79,  -0.20,   0.06,   1.71, 4.09, 4.08, 4.09, 0.00, 0.00, 1, 1, 15,  37.1687549, -97.7339283,   385.0, 2026,  3, 21, 21, 19, 40,        0,        0,   0,   0,   0.8,   0.4,   0.7,  0,  0,  0,  0, 35, 29,  0,  0, 38,  0, 30, 40,  0,  0,  0,  0,  0,  0, 38, 23, 39,  0,  0,  0, 40,  0,  0,  0, 39,  0,  0,  0
6, 16111, 1,KC3VYA,     0.03, 3,   boost,   97.58,  96453.00,  413.69,   -0.78,   24.57, 47.0, 4.08, 3.83, 4.09,  98.27,   2.25,  -0.07,   4.75,  -2.65,   1.38,   0.80,  -0.20,   0.06,   1.73, 4.09, 4.08, 4.09, 0.00, 0.00, 1, 1, 15,  37.1687549, -97.7339283,   385.0, 2026,  3, 21, 21, 19, 40,        0,        0,   0,   0,   0.8,   0.4,   0.7,  0,  0,  0,  0, 35, 29,  0,  0, 38,  0, 30, 40,  0,  0,  0,  0,  0,  0, 38, 23, 39,  0,  0,  0, 40,  0,  0,  0, 39,  0,  0,  0
6, 16111, 1,KC3VYA,     0.04, 3,   boost,  105.91,  96453.00,  413.69,   -0.78,   25.01, 47.0, 4.08, 3.83, 4.09, 114.90,   2.36,  -0.27,  -6.24,  -2.35,   1.13,   0.80,  -0.20,   0.06,   1.75, 4.09, 4.08, 4.09, 0.00, 0.00, 1, 1, 15,  37.1687549, -97.7339283,   385.0, 2026,  3, 21, 21, 19, 40,        0,        0,   0,   0,   0.8,   0.4,   0.7,  0,  0,  0,  0, 35, 29,  0,  0, 38,  0, 30, 40,  0,  0,  0,  0,  0,  0, 38, 23, 39,  0,  0,  0, 40,  0,  0,  0, 39,  0,  0,  0
6, 16111, 1,KC3VYA,     0.05, 3,   boost,  115.23,  96427.00,  415.94,    1.47,   25.47, 47.0, 4.08, 3.83, 4.09,  88.17,  -1.20,  -6.75,  -7.70,  -0.40,   1.32,   0.83,  -0.24,   0.04,   1.77, 4.09, 4.08, 4.09, 0.00, 0.00, 1, 1, 15,  37.1687549, -97.7339283,   385.0, 2026,  3, 21, 21, 19, 40,        0,        0,   0,   0,   0.8,   0.4,   0.7,  0,  0,  0,  0, 35, 29,  0,  0, 38,  0, 30, 40,  0,  0,  0,  0,  0,  0, 38, 23, 39,  0,  0,  0, 40,  0,  0,  0, 39,  0,  0,  0
6, 16111, 1,KC3VYA,     0.06, 3,   boost,   96.60,  96427.00,  415.94,    1.47,   25.92, 47.0, 4.08, 3.83, 4.09, 134.27,   1.34,   1.19, -16.13,  -7.66,   4.92,   0.83,  -0.28,   0.01,   1.84, 4.09, 4.08, 4.09, 0.00, 0.00, 1, 1, 15,  37.1687549, -97.7339283,   385.0, 2026,  3, 21, 21, 19, 40,        0,        0,   0,   0,   0.8,   0.4,   0.7,  0,  0,  0,  0, 35, 29,  0,  0, 38,  0, 30, 40,  0,  0,  0,  0,  0,  0, 38, 23, 39,  0,  0,  0, 40,  0,  0,  0, 39,  0,  0,  0
6, 16111, 1,KC3VYA,     0.07, 3,   boost,  101.01,  96437.00,  415.07,    0.61,   26.38, 46.9, 4.08, 3.83, 4.09, 109.07,  -0.09,  -2.12, -16.49,  -4.36,   1.56,   0.83,  -0.31,  -0.02,   1.88, 4.09, 4.08, 4.09, 0.00, 0.00, 1, 1, 15,  37.1687549, -97.7339283,   385.0, 2026,  3, 21, 21, 19, 40,        0,        0,   0,   0,   0.8,   0.4,   0.7,  0,  0,  0,  0, 35, 29,  0,  0, 38,  0, 30, 40,  0,  0,  0,  0,  0,  0, 38, 23, 39,  0,  0,  0, 40,  0,  0,  0, 39,  0,  0,  0
6, 16111, 1,KC3VYA,     0.08, 3,   boost,  101.50,  96437.00,  415.07,    0.61,   26.85, 46.9, 4.08, 3.83, 4.09, 111.28,  -0.29,   3.35, -20.83,  -7.29,   0.16,   0.79,  -0.34,  -0.06,   1.91, 4.09, 4.08, 4.09, 0.00, 0.00, 1, 1, 15,  37.1687549, -97.7339283,   385.0, 2026,  3, 21, 21, 19, 40,        0,        0,   0,   0,   0.8,   0.4,   0.7,  0,  0,  0,  0, 35, 29,  0,  0, 38,  0, 30, 40,  0,  0,  0,  0,  0,  0, 38, 23, 39,  0,  0,  0, 40,  0,  0,  0, 39,  0,  0,  0
6, 16111, 1,KC3VYA,     0.09, 3,   boost,  103.46,  96428.00,  415.85,    1.39,   27.32, 47.0, 4.08, 3.83, 4.09, 111.66,   1.83,   2.23, -23.02,  -7.29,   0.28,   0.77,  -0.32,  -0.05,   1.95, 4.09, 4.08, 4.09, 0.00, 0.00, 1, 1, 15,  37.1687549, -97.7339283,   385.0, 2026,  3, 21, 21, 19, 40,        0,        0,   0,   0,   0.8,   0.4,   0.7,  0,  0,  0,  0, 35, 29,  0,  0, 38,  0, 30, 40,  0,  0,  0,  0,  0,  0, 38, 23, 39,  0,  0,  0, 40,  0,  0,  0, 39,  0,  0,  0
6, 16111, 1,KC3VYA,     0.10, 3,   boost,  100.03,  96428.00,  415.85,    1.39,   27.80, 47.0, 4.08, 3.83, 4.09, 112.08,   2.00,  -0.69, -24.12,  -5.04,   0.28,   0.74,  -0.30,  -0.03,   1.97, 4.09, 4.08, 4.09, 0.00, 0.00, 1, 1, 15,  37.1687549, -97.7339283,   385.0, 2026,  3, 21, 21, 19, 40,        0,        0,   0,   0,   0.8,   0.4,   0.7,  0,  0,  0,  0, 35, 29,  0,  0, 38,  0, 30, 40,  0,  0,  0,  0,  0,  0, 38, 23, 39,  0,  0,  0, 40,  0,  0,  0, 39,  0,  0,  0
6, 16111, 1,KC3VYA,     0.11, 3,   boost,  103.46,  96419.00,  416.63,    2.17,   28.29, 47.0, 4.08, 3.83, 4.09, 112.21,   4.25,   1.72, -26.93,  -4.06,   0.71,   0.74,  -0.30,  -0.03,   2.00, 4.09, 4.08, 4.09, 0.00, 0.00, 1, 1, 15,  37.1687549, -97.7339283,   385.0, 2026,  3, 21, 21, 19, 40,        0,        0,   0,   0,   0.8,   0.4,   0.7,  0,  0,  0,  0, 35, 29,  0,  0, 38,  0, 30, 40,  0,  0,  0,  0,  0,  0, 38, 23, 39,  0,  0,  0, 40,  0,  0,  0, 39,  0,  0,  0
6, 16111, 1,KC3VYA,     0.12, 3,   boost,  103.95,  96419.00,  416.63,    2.17,   28.78, 47.0, 4.08, 3.83, 4.09, 113.45,   3.39,   5.83, -23.21,  -2.04,   2.60,   0.74,  -0.28,  -0.01,   2.03, 4.09, 4.08, 4.09, 0.00, 0.00, 1, 1, 15,  37.1687549, -97.7339283,   385.0, 2026,  3, 21, 21, 19, 40,        0,        0,   0,   0,   0.8,   0.4,   0.7,  0,  0,  0,  0, 35, 29,  0,  0, 38,  0, 30, 40,  0,  0,  0,  0,  0,  0, 38, 23, 39,  0,  0,  0, 40,  0,  0,  0, 39,  0,  0,  0
6, 16111, 1,KC3VYA,     0.13, 3,   boost,  104.93,  96420.00,  416.55,    2.08,   29.27, 47.0, 4.08, 3.83, 4.09, 113.97,   1.45,  -0.46, -27.60,  -0.40,   0.40,   0.77,  -0.29,  -0.01,   2.04, 4.09, 4.08, 4.09, 0.00, 0.00, 1, 1, 15,  37.1687549, -97.7339283,   385.0, 2026,  3, 21, 21, 19, 40,        0,        0,   0,   0,   0.8,   0.4,   0.7,  0,  0,  0,  0, 35, 29,  0,  0, 38,  0, 30, 40,  0,  0,  0,  0,  0,  0, 38, 23, 39,  0,  0,  0, 40,  0,  0,  0, 39,  0,  0,  0
6, 16111, 1,KC3VYA,     0.14, 3,   boost,  105.91,  96420.00,  416.55,    2.08,   29.77, 47.0, 4.08, 3.83, 4.09, 115.88,   0.86,   1.82, -32.18,   0.89,   1.07,   0.77,  -0.29,  -0.01,   2.04, 4.09, 4.08, 4.09, 0.00, 0.00, 1, 1, 15,  37.1687549, -97.7339283,   385.0, 2026,  3, 21, 21, 19, 40,        0,        0,   0,   0,   0.8,   0.4,   0.7,  0,  0,  0,  0, 35, 29,  0,  0, 38,  0, 30, 40,  0,  0,  0,  0,  0,  0, 38, 23, 39,  0,  0,  0, 40,  0,  0,  0, 39,  0,  0,  0
6, 16111, 1,KC3VYA,     0.15, 3,   boost,  104.93,  96433.00,  415.42,    0.95,   30.28, 47.0, 4.08, 3.83, 4.09, 116.61,   0.73,   1.14, -34.86,  -1.37,   1.13,   0.75,  -0.27,   0.00,   2.06, 4.09, 4.08, 4.09, 0.00, 0.00, 1, 1, 15,  37.1687549, -97.7339283,   385.0, 2026,  3, 21, 21, 19, 40,        0,        0,   0,   0,   0.8,   0.4,   0.7,  0,  0,  0,  0, 35, 29,  0,  0, 38,  0, 30, 40,  0,  0,  0,  0,  0,  0, 38, 23, 39,  0,  0,  0, 40,  0,  0,  0, 39,  0,  0,  0
6, 16111, 1,KC3VYA,     0.16, 3,   boost,  103.95,  96433.00,  415.42,    0.95,   30.79, 47.0, 4.08, 3.83, 4.09, 117.23,   2.61,   0.73, -40.11,   0.70,   0.22,   0.73,  -0.25,   0.03,   2.06, 4.09, 4.08, 4.09, 0.00, 0.00, 1, 1, 15,  37.1687549, -97.7339283,   385.0, 2026,  3, 21, 21, 19, 40,        0,        0,   0,   0,   0.8,   0.4,   0.7,  0,  0,  0,  0, 35, 29,  0,  0, 38,  0, 30, 40,  0,  0,  0,  0,  0,  0, 38, 23, 39,  0,  0,  0, 40,  0,  0,  0, 39,  0,  0,  0
6, 16111, 1,KC3VYA,     0.17, 3,   boost,  105.42,  96411.00,  417.33,    2.86,   31.31, 46.9, 4.08, 3.83, 4.09, 117.31,   2.69,   1.63, -50.25,   3.75,   0.28,   0.74,  -0.23,   0.06,   2.04, 4.09, 4.08, 4.09, 0.00, 0.00, 1, 1, 15,  37.1687549, -97.7339283,   385.0, 2026,  3, 21, 21, 19, 40,        0,        0,   0,   0,   0.8,   0.4,   0.7,  0,  0,  0,  0, 35, 29,  0,  0, 38,  0, 30, 40,  0,  0,  0,  0,  0,  0, 38, 23, 39,  0,  0,  0, 40,  0,  0,  0, 39,  0,  0,  0
6, 16111, 1,KC3VYA,     0.18, 3,   boost,  104.93,  96411.00,  417.33,    2.86,   31.83, 46.9, 4.08, 3.83, 4.09, 117.69,   3.29,   2.46, -47.01,   4.85,  -0.45,   0.75,  -0.24,   0.07,   2.02, 4.09, 4.08, 4.09, 0.00, 0.00, 1, 1, 15,  37.1687549, -97.7339283,   385.0, 2026,  3, 21, 21, 19, 40,        0,        0,   0,   0,   0.8,   0.4,   0.7,  0,  0,  0,  0, 35, 29,  0,  0, 38,  0, 30, 40,  0,  0,  0,  0,  0,  0, 38, 23, 39,  0,  0,  0, 40,  0,  0,  0, 39,  0,  0,  0
6, 16111, 1,KC3VYA,     0.19, 3,   boost,  108.36,  96413.00,  417.15,    2.69,   32.36, 47.0, 4.08, 3.83, 4.09, 117.55,  -0.37,  -1.04, -53.79,   7.60,  -1.49,   0.77,  -0.23,   0.10,   1.97, 4.09, 4.08, 4.09, 0.00, 0.00, 1, 1, 15,  37.1687549, -97.7339283,   385.0, 2026,  3, 21, 21, 19, 40,        0,        0,   0,   0,   0.8,   0.4,   0.7,  0,  0,  0,  0, 35, 29,  0,  0, 38,  0, 30, 40,  0,  0,  0,  0,  0,  0, 38, 23, 39,  0,  0,  0, 40,  0,  0,  0, 39,  0,  0,  0
6, 16111, 1,KC3VYA,     0.20, 3,   boost,  101.01,  96413.00,  417.15,    2.69,   32.89, 47.0, 4.08, 3.83, 4.09, 118.22,   4.56,  -3.65, -57.87,   8.64,  -0.76,   0.77,  -0.25,   0.09,   1.93, 4.09, 4.08, 4.09, 0.00, 0.00, 1, 1, 15,  37.1687549, -97.7339283,   385.0, 2026,  3, 21, 21, 19, 40,        0,        0,   0,   0,   0.8,   0.4,   0.7,  0,  0,  0,  0, 35, 29,  0,  0, 38,  0, 30, 40,  0,  0,  0,  0,  0,  0, 38, 23, 39,  0,  0,  0, 40,  0,  0,  0, 39,  0,  0,  0
6, 16111, 1,KC3VYA,     0.21, 3,   boost,  111.31,  96418.00,  416.72,    2.25,   33.43, 47.0, 4.08, 3.83, 4.09, 115.84,  10.20, -27.21, -55.25,  15.35,  -0.70,   0.80,  -0.26,   0.10,   1.88, 4.09, 4.08, 4.09, 0.00, 0.00, 1, 1, 15,  37.1687549, -97.7339283,   385.0, 2026,  3, 21, 21, 19, 40,        0,        0,   0,   0,   0.8,   0.4,   0.7,  0,  0,  0,  0, 35, 29,  0,  0, 38,  0, 30, 40,  0,  0,  0,  0,  0,  0, 38, 23, 39,  0,  0,  0, 40,  0,  0,  0, 39,  0,  0,  0
6, 16111, 1,KC3VYA,     0.22, 3,   boost,  104.44,  96418.00,  416.72,    2.25,   33.98, 47.0, 4.08, 3.83, 4.09, 121.21,   1.84,   6.11, -60.99,   1.37,  -1.49,   0.80,  -0.26,   0.10,   1.86, 4.09, 4.08, 4.09, 0.00, 0.00, 1, 1, 15,  37.1687549, -97.7339283,   385.0, 2026,  3, 21, 21, 19, 40,        0,        0,   0,   0,   0.8,   0.4,   0.7,  0,  0,  0,  0, 35, 29,  0,  0, 38,  0, 30, 40,  0,  0,  0,  0,  0,  0, 38, 23, 39,  0,  0,  0, 40,  0,  0,  0, 39,  0,  0,  0
6, 16111, 1,KC3VYA,     0.23, 3,   boost,  105.91,  96416.00,  416.89,    2.43,   34.53, 46.9, 4.08, 3.83, 4.09, 118.41,   5.17, -12.03, -55.68,  11.99,  -1.00,   0.82,  -0.29,   0.07,   1.82, 4.09, 4.08, 4.09, 0.00, 0.00, 1, 1, 15,  37.1687549, -97.7339283,   385.0, 2026,  3, 21, 21, 19, 40,        0,        0,   0,   0,   0.8,   0.4,   0.7,  0,  0,  0,  0, 35, 29,  0,  0, 38,  0, 30, 40,  0,  0,  0,  0,  0,  0, 38, 23, 39,  0,  0,  0, 40,  0,  0,  0, 39,  0,  0,  0
6, 16111, 1,KC3VYA,     0.24, 3,   boost,  107.87,  96416.00,  416.89,    2.43,   35.08, 46.9, 4.08, 3.83, 4.09, 115.31,  -5.95,  29.00, -59.83,  -4.61,  -4.73,   0.80,  -0.32,   0.01,   1.78, 4.09, 4.08, 4.09, 0.00, 0.00, 1, 1, 15,  37.1687549, -97.7339283,   385.0, 2026,  3, 21, 21, 19, 40,        0,        0,   0,   0,   0.8,   0.4,   0.7,  0,  0,  0,  0, 35, 29,  0,  0, 38,  0, 30, 40,  0,  0,  0,  0,  0,  0, 38, 23, 39,  0,  0,  0, 40,  0,  0,  0, 39,  0,  0,  0
6, 16111, 1,KC3VYA,     0.25, 3,   boost,  100.03,  96381.00,  419.93,    5.46,   35.64, 47.0, 4.08, 3.83, 4.09, 118.66,   1.01,  13.71, -59.22,  -4.49,  -7.29,   0.80,  -0.32,   0.01,   1.72, 4.09, 4.08, 4.09, 0.00, 0.00, 1, 1, 15,  37.1687549, -97.7339283,   385.0, 2026,  3, 21, 21, 19, 40,        0,        0,   0,   0,   0.8,   0.4,   0.7,  0,  0,  0,  0, 35, 29,  0,  0, 38,  0, 30, 40,  0,  0,  0,  0,  0,  0, 38, 23, 39,  0,  0,  0, 40,  0,  0,  0, 39,  0,  0,  0
6, 16111, 1,KC3VYA,     0.26, 3,   boost,  109.34,  96381.00,  419.93,    5.46,   36.21, 47.0, 4.08, 3.83, 4.09, 115.78,  -5.07,  11.39, -45.48, -18.40, -10.89,   0.79,  -0.32,   0.00,   1.67, 4.09, 4.08, 4.09, 0.00, 0.00, 1, 1, 15,  37.1687549, -97.7339283,   385.0, 2026,  3, 21, 21, 19, 40,        0,        0,   0,   0,   0.8,   0.4,   0.7,  0,  0,  0,  0, 35, 29,  0,  0, 38,  0, 30, 40,  0,  0,  0,  0,  0,  0, 38, 23, 39,  0,  0,  0, 40,  0,  0,  0, 39,  0,  0,  0
6, 16111, 1,KC3VYA,     0.27, 3,   boost,  110.32,  96405.00,  417.85,    3.38,   36.78, 47.0, 4.08, 3.83, 4.09, 122.44,   5.43,  -2.00, -28.15, -11.38,  -5.58,   0.78,  -0.32,   0.01,   1.66, 4.09, 4.08, 4.09, 0.00, 0.00, 1, 1, 15,  37.1687549, -97.7339283,   385.0, 2026,  3, 21, 21, 19, 40,        0,        0,   0,   0,   0.8,   0.4,   0.7,  0,  0,  0,  0, 35, 29,  0,  0, 38,  0, 30, 40,  0,  0,  0,  0,  0,  0, 38, 23, 39,  0,  0,  0, 40,  0,  0,  0, 39,  0,  0,  0
6, 16111, 1,KC3VYA,     0.28, 3,   boost,  108.36,  96405.00,  417.85,    3.38,   37.36, 47.0, 4.08, 3.83, 4.09, 123.11,   3.51,   7.99, -52.56, -18.22,  -5.83,   0.78,  -0.32,   0.01,   1.70, 4.09, 4.08, 4.09, 0.00, 0.00, 1, 1, 15,  37.1687549, -97.7339283,   385.0, 2026,  3, 21, 21, 19, 40,        0,        0,   0,   0,   0.8,   0.4,   0.7,  0,  0,  0,  0, 35, 29,  0,  0, 38,  0, 30, 40,  0,  0,  0,  0,  0,  0, 38, 23, 39,  0,  0,  0, 40,  0,  0,  0, 39,  0,  0,  0
6, 16111, 1,KC3VYA,     0.29, 3,   boost,  107.87,  96415.00,  416.98,    2.51,   37.94, 47.0, 4.08, 3.83, 4.09, 118.66,   9.26,  -9.24, -62.27,  -4.24,  -4.91,   0.78,  -0.33,   0.00,   1.68, 4.09, 4.08, 4.09, 0.00, 0.00, 1, 1, 15,  37.1687549, -97.7339283,   385.0, 2026,  3, 21, 21, 19, 40,        0,        0,   0,   0,   0.8,   0.4,   0.7,  0,  0,  0,  0, 35, 29,  0,  0, 38,  0, 30, 40,  0,  0,  0,  0,  0,  0, 38, 23, 39,  0,  0,  0, 40,  0,  0,  0, 39,  0,  0,  0
6, 16111, 1,KC3VYA,     0.30, 3,   boost,  104.44,  96415.00,  416.98,    2.51,   38.52, 47.0, 4.08, 3.83, 4.09, 117.25,   4.50, -12.66, -73.68,  -8.21,  -2.16,   0.78,  -0.33,   0.00,   1.70, 4.09, 4.08, 4.09, 0.00, 0.00, 1, 1, 15,  37.1687549, -97.7339283,   385.0, 2026,  3, 21, 21, 19, 40,        0,        0,   0,   0,   0.8,   0.4,   0.7,  0,  0,  0,  0, 35, 29,  0,  0, 38,  0, 30, 40,  0,  0,  0,  0,  0,  0, 38, 23, 39,  0,  0,  0, 40,  0,  0,  0, 39,  0,  0,  0
6, 16111, 1,KC3VYA,     0.31, 3,   boost,  108.85,  96377.00,  420.27,    5.81,   39.11, 47.0, 4.08, 3.83, 4.09, 118.71,  -5.26, -18.32, -71.49,  -0.09,  -0.64,   0.78,  -0.33,   0.01,   1.70, 4.09, 4.08, 4.09, 0.00, 0.00, 1, 1, 15,  37.1687549, -97.7339283,   385.0, 2026,  3, 21, 21, 19, 40,        0,        0,   0,   0,   0.8,   0.4,   0.7,  0,  0,  0,  0, 35, 29,  0,  0, 38,  0, 30, 40,  0,  0,  0,  0,  0,  0, 38, 23, 39,  0,  0,  0, 40,  0,  0,  0, 39,  0,  0,  0
6, 16111, 1,KC3VYA,     0.32, 3,   boost,  108.36,  96377.00,  420.27,    5.81,   39.71, 47.0, 4.08, 3.83, 4.09, 121.38,   5.16,  -2.44, -58.12,   8.27,   2.90,   0.77,  -0.34,   0.01,   1.68, 4.09, 4.08, 4.09, 0.00, 0.00, 1, 1, 15,  37.1687549, -97.7339283,   385.0, 2026,  3, 21, 21, 19, 40,        0,        0,   0,   0,   0.8,   0.4,   0.7,  0,  0,  0,  0, 35, 29,  0,  0, 38,  0, 30, 40,  0,  0,  0,  0,  0,  0, 38, 23, 39,  0,  0,  0, 40,  0,  0,  0, 39,  0,  0,  0
6, 16111, 1,KC3VYA,     0.33, 3,   boost,  108.85,  96387.00,  419.41,    4.94,   40.31, 47.0, 4.08, 3.83, 4.09, 119.31,   1.96,  -8.89, -72.65,   0.09,  -1.25,   0.77,  -0.34,   0.01,   1.67, 4.09, 4.08, 4.09, 0.00, 0.00, 1, 1, 15,  37.1687549, -97.7339283,   385.0, 2026,  3, 21, 21, 19, 40,        0,        0,   0,   0,   0.8,   0.4,   0.7,  0,  0,  0,  0, 35, 29,  0,  0, 38,  0, 30, 40,  0,  0,  0,  0,  0,  0, 38, 23, 39,  0,  0,  0, 40,  0,  0,  0, 39,  0,  0,  0
6, 16111, 1,KC3VYA,     0.34, 3,   boost,  108.85,  96387.00,  419.41,    4.94,   40.91, 47.0, 4.10, 3.98, 4.09, 119.37,  -6.20,   4.30, -64.65,  -1.80,  -1.31,   0.77,  -0.34,   0.01,   1.66, 4.07, 4.08, 4.09, 0.00, 0.61, 1, 1, 15,  37.1687549, -97.7339283,   385.0, 2026,  3, 21, 21, 19, 40,        0,        0,   0,   0,   0.8,   0.4,   0.7,  0,  0,  0,  0, 35, 29,  0,  0, 38,  0, 30, 40,  0,  0,  0,  0,  0,  0, 38, 23, 39,  0,  0,  0, 40,  0,  0,  0, 39,  0,  0,  0
6, 16111, 1,KC3VYA,     0.34, 3,   boost,  108.85,  96387.00,  419.41,    4.94,   40.91, 47.0, 4.10, 3.98, 4.09, 119.37,  -6.20,   4.30, -64.65,  -1.80,  -1.31,   0.77,  -0.34,   0.01,   1.66, 4.07, 4.08, 4.09, 0.00, 0.61, 1, 1, 15,  37.1687549, -97.7339283,   385.0, 2026,  3, 21, 21, 19, 40,        0,        0,   0,   0,   0.8,   0.4,   0.7,  0,  0,  0,  0, 35, 29,  0,  0, 38,  0, 30, 40,  0,  0,  0,  0,  0,  0, 38, 23, 39,  0,  0,  0, 40,  0,  0,  0, 39,  0,  0,  0
6, 16111, 1,KC3VYA,     0.35, 3,   boost,  108.36,  96336.00,  423.83,    9.36,   41.52, 46.9, 4.10, 3.98, 4.09, 120.30,  -0.52,  17.75, -64.34,  -1.01,  -1.92,   0.78,  -0.35,   0.01,   1.65, 4.07, 4.08, 4.09, 0.00, 0.61, 1, 1, 15,  37.1687549, -97.7339283,   385.0, 2026,  3, 21, 21, 19, 40,        0,        0,   0,   0,   0.8,   0.4,   0.7,  0,  0,  0,  0, 35, 29,  0,  0, 38,  0, 30, 40,  0,  0,  0,  0,  0,  0, 38, 23, 39,  0,  0,  0, 40,  0,  0,  0, 39,  0,  0,  0
6, 16111, 1,KC3VYA,     0.36, 3,   boost,  109.83,  96336.00,  423.83,    9.36,   42.13, 46.9, 4.10, 3.98, 4.09, 120.15,  -2.99,   6.35, -62.76,  -2.53,  -4.36,   0.78,  -0.35,   0.01,   1.63, 4.07, 4.08, 4.09, 0.00, 0.61, 1, 1, 15,  37.1687549, -97.7339283,   385.0, 2026,  3, 21, 21, 19, 40,        0,        0,   0,   0,   0.8,   0.4,   0.7,  0,  0,  0,  0, 35, 29,  0,  0, 38,  0, 30, 40,  0,  0,  0,  0,  0,  0, 38, 23, 39,  0,  0,  0, 40,  0,  0,  0, 39,  0,  0,  0
6, 16111, 1,KC3VYA,     0.37, 3,   boost,  108.36,  96366.00,  421.23,    6.76,   42.75, 46.9, 4.10, 3.98, 4.09, 119.04,   2.42,  16.50, -58.91,  -4.18,  -5.03,   0.78,  -0.35,   0.01,   1.61, 4.07, 4.08, 4.09, 0.00, 0.61, 1, 1, 15,  37.1687549, -97.7339283,   385.0, 2026,  3, 21, 21, 19, 40,        0,        0,   0,   0,   0.8,   0.4,   0.7,  0,  0,  0,  0, 35, 29,  0,  0, 38,  0, 30, 40,  0,  0,  0,  0,  0,  0, 38, 23, 39,  0,  0,  0, 40,  0,  0,  0, 39,  0,  0,  0
6, 16111, 1,KC3VYA,     0.38, 3,   boost,  108.36,  96366.00,  421.23,    6.76,   43.37, 46.9, 4.10, 3.98, 4.09, 119.07,   4.88,  -3.74, -60.50,  -8.03,  -3.20,   0.77,  -0.35,   0.01,   1.62, 4.07, 4.08, 4.09, 0.00, 0.61, 1, 1, 15,  37.1687549, -97.7339283,   385.0, 2026,  3, 21, 21, 19, 40,        0,        0,   0,   0,   0.8,   0.4,   0.7,  0,  0,  0,  0, 35, 29,  0,  0, 38,  0, 30, 40,  0,  0,  0,  0,  0,  0, 38, 23, 39,  0,  0,  0, 40,  0,  0,  0, 39,  0,  0,  0
6, 16111, 1,KC3VYA,     0.39, 3,   boost,  107.87,  96358.00,  421.92,    7.45,   43.99, 47.0, 4.10, 3.98, 4.09, 119.74,   6.08,   1.10, -56.23,  -1.98,  -1.92,   0.77,  -0.35,   0.01,   1.62, 4.07, 4.08, 4.09, 0.00, 0.61, 1, 1, 15,  37.1687549, -97.7339283,   385.0, 2026,  3, 21, 21, 19, 40,        0,        0,   0,   0,   0.8,   0.4,   0.7,  0,  0,  0,  0, 35, 29,  0,  0, 38,  0, 30, 40,  0,  0,  0,  0,  0,  0, 38, 23, 39,  0,  0,  0, 40,  0,  0,  0, 39,  0,  0,  0
6, 16111, 1,KC3VYA,     0.40, 3,   boost,  108.36,  96358.00,  421.92,    7.45,   44.62, 47.0, 4.10, 3.98, 4.09, 119.23,   3.63,  -7.73, -56.59,   0.21,  -0.94,   0.78,  -0.36,   0.01,   1.61, 4.07, 4.08, 4.09, 0.00, 0.61, 1, 1, 15,  37.1687549, -97.7339283,   385.0, 2026,  3, 21, 21, 19, 40,        0,        0,   0,   0,   0.8,   0.4,   0.7,  0,  0,  0,  0, 35, 29,  0,  0, 38,  0, 30, 40,  0,  0,  0,  0,  0,  0, 38, 23, 39,  0,  0,  0, 40,  0,  0,  0, 39,  0,  0,  0
6, 16111, 1,KC3VYA,     0.41, 3,   boost,  107.87,  96356.00,  422.09,    7.63,   45.26, 47.0, 4.10, 3.98, 4.09, 119.17,   1.15,  -8.39, -58.30,  -4.30,   0.22,   0.78,  -0.36,   0.01,   1.63, 4.07, 4.08, 4.09, 0.00, 0.61, 1, 1, 15,  37.1687549, -97.7339283,   385.0, 2026,  3, 21, 21, 19, 40,        0,        0,   0,   0,   0.8,   0.4,   0.7,  0,  0,  0,  0, 35, 29,  0,  0, 38,  0, 30, 40,  0,  0,  0,  0,  0,  0, 38, 23, 39,  0,  0,  0, 40,  0,  0,  0, 39,  0,  0,  0
6, 16111, 1,KC3VYA,     0.42, 3,   boost,  107.38,  96356.00,  422.09,    7.63,   45.89, 47.0, 4.10, 3.98, 4.09, 119.17,  -1.11,  -4.05, -58.73,  -2.41,  -0.21,   0.77,  -0.37,   0.01,   1.65, 4.07, 4.08, 4.09, 0.00, 0.61, 1, 1, 15,  37.1687549, -97.7339283,   385.0, 2026,  3, 21, 21, 19, 40,        0,        0,   0,   0,   0.8,   0.4,   0.7,  0,  0,  0,  0, 35, 29,  0,  0, 38,  0, 30, 40,  0,  0,  0,  0,  0,  0, 38, 23, 39,  0,  0,  0, 40,  0,  0,  0, 39,  0,  0,  0
6, 16111, 1,KC3VYA,     0.43, 3,   boost,  107.87,  96358.00,  421.92,    7.45,   46.53, 47.0, 4.10, 3.98, 4.09, 119.02,  -2.62,  -1.45, -58.00,  -1.50,  -1.25,   0.77,  -0.37,   0.01,   1.64, 4.07, 4.08, 4.09, 0.00, 0.61, 1, 1, 15,  37.1687549, -97.7339283,   385.0, 2026,  3, 21, 21, 19, 40,        0,        0,   0,   0,   0.8,   0.4,   0.7,  0,  0,  0,  0, 35, 29,  0,  0, 38,  0, 30, 40,  0,  0,  0,  0,  0,  0, 38, 23, 39,  0,  0,  0, 40,  0,  0,  0, 39,  0,  0,  0
6, 16111, 1,KC3VYA,     0.44, 3,   boost,  107.38,  96358.00,  421.92,    7.45,   47.18, 47.0, 4.10, 3.98, 4.09, 118.72,  -1.59,   1.83, -57.20,  -3.20,  -1.68,   0.77,  -0.37,   0.01,   1.65, 4.07, 4.08, 4.09, 0.00, 0.61, 1, 1, 15,  37.1687549, -97.7339283,   385.0, 2026,  3, 21, 21, 19, 40,        0,        0,   0,   0,   0.8,   0.4,   0.7,  0,  0,  0,  0, 35, 29,  0,  0, 38,  0, 30, 40,  0,  0,  0,  0,  0,  0, 38, 23, 39,  0,  0,  0, 40,  0,  0,  0, 39,  0,  0,  0
6, 16111, 1,KC3VYA,     0.45, 3,   boost,  106.89,  96347.00,  422.87,    8.41,   47.82, 47.0, 4.10, 3.98, 4.09, 119.20,  -1.06,   7.46, -54.21,  -2.04,  -3.51,   0.77,  -0.37,   0.01,   1.63, 4.07, 4.08, 4.09, 0.00, 0.61, 1, 1, 15,  37.1687549, -97.7339283,   385.0, 2026,  3, 21, 21, 19, 40,        0,        0,   0,   0,   0.8,   0.4,   0.7,  0,  0,  0,  0, 35, 29,  0,  0, 38,  0, 30, 40,  0,  0,  0,  0,  0,  0, 38, 23, 39,  0,  0,  0, 40,  0,  0,  0, 39,  0,  0,  0
6, 16111, 1,KC3VYA,     0.46, 3,   boost,  107.87,  96347.00,  422.87,    8.41,   48.47, 47.0, 4.10, 3.98, 4.09, 119.05,   2.82,   3.60, -52.99,  -2.78,  -3.32,   0.78,  -0.37,   0.01,   1.62, 4.07, 4.08, 4.09, 0.00, 0.61, 1, 1, 15,  37.1687549, -97.7339283,   385.0, 2026,  3, 21, 21, 19, 40,        0,        0,   0,   0,   0.8,   0.4,   0.7,  0,  0,  0,  0, 35, 29,  0,  0, 38,  0, 30, 40,  0,  0,  0,  0,  0,  0, 38, 23, 39,  0,  0,  0, 40,  0,  0,  0, 39,  0,  0,  0
6, 16111, 1,KC3VYA,     0.47, 3,   boost,  108.85,  96328.00,  424.52,   10.05,   49.13, 47.0, 4.10, 3.98, 4.09, 119.43,   4.27,   3.87, -51.16,  -3.08,  -1.80,   0.78,  -0.37,   0.01,   1.63, 4.07, 4.08, 4.09, 0.00, 0.61, 1, 1, 15,  37.1687549, -97.7339283,   385.0, 2026,  3, 21, 21, 19, 40,        0,        0,   0,   0,   0.8,   0.4,   0.7,  0,  0,  0,  0, 35, 29,  0,  0, 38,  0, 30, 40,  0,  0,  0,  0,  0,  0, 38, 23, 39,  0,  0,  0, 40,  0,  0,  0, 39,  0,  0,  0
6, 16111, 1,KC3VYA,     0.48, 3,   boost,  107.87,  96328.00,  424.52,   10.05,   49.78, 47.0, 4.10, 3.98, 4.09, 119.25,   4.66,  -0.70, -50.67,  -3.81,  -1.25,   0.78,  -0.38,   0.01,   1.64, 4.07, 4.08, 4.09, 0.00, 0.61, 1, 1, 15,  37.1687549, -97.7339283,   385.0, 2026,  3, 21, 21, 19, 40,        0,        0,   0,   0,   0.8,   0.4,   0.7,  0,  0,  0,  0, 35, 29,  0,  0, 38,  0, 30, 40,  0,  0,  0,  0,  0,  0, 38, 23, 39,  0,  0,  0, 40,  0,  0,  0, 39,  0,  0,  0
6, 16111, 1,KC3VYA,     0.49, 3,   boost,  108.85,  96315.00,  425.65,   11.18,   50.44, 47.0, 4.10, 3.98, 4.09, 119.42,   3.58,  -1.12, -49.88,  -2.78,  -0.64,   0.78,  -0.38,   0.01,   1.65, 4.07, 4.08, 4.09, 0.00, 0.61, 1, 1, 15,  37.1687549, -97.7339283,   385.0, 2026,  3, 21, 21, 19, 40,        0,        0,   0,   0,   0.8,   0.4,   0.7,  0,  0,  0,  0, 35, 29,  0,  0, 38,  0, 30, 40,  0,  0,  0,  0,  0,  0, 38, 23, 39,  0,  0,  0, 40,  0,  0,  0, 39,  0,  0,  0
6, 16111, 1,KC3VYA,     0.50, 3,   boost,  107.87,  96315.00,  425.65,   11.18,   51.11, 47.0, 4.10, 3.98, 4.09, 119.28,   1.25,  -3.69, -49.27,  -2.78,   0.22,   0.78,  -0.38,   0.01,   1.67, 4.07, 4.08, 4.09, 0.00, 0.61, 1, 1, 15,  37.1687549, -97.7339283,   385.0, 2026,  3, 21, 21, 19, 40,        0,        0,   0,   0,   0.8,   0.4,   0.7,  0,  0,  0,  0, 35, 29,  0,  0, 38,  0, 30, 40,  0,  0,  0,  0,  0,  0, 38, 23, 39,  0,  0,  0, 40,  0,  0,  0, 39,  0,  0,  0
6, 16111, 1,KC3VYA,     0.51, 3,   boost,  105.91,  96297.00,  427.21,   12.74,   51.77, 47.0, 4.10, 3.98, 4.09, 119.60,  -0.61,  -0.97, -48.90,  -1.80,  -0.45,   0.78,  -0.39,   0.01,   1.68, 4.07, 4.08, 4.09, 0.00, 0.61, 1, 1, 15,  37.1687549, -97.7339283,   385.0, 2026,  3, 21, 21, 19, 40,        0,        0,   0,   0,   0.8,   0.4,   0.7,  0,  0,  0,  0, 35, 29,  0,  0, 38,  0, 30, 40,  0,  0,  0,  0,  0,  0, 38, 23, 39,  0,  0,  0, 40,  0,  0,  0, 39,  0,  0,  0
6, 16111, 1,KC3VYA,     0.52, 3,   boost,  108.85,  96297.00,  427.21,   12.74,   52.44, 47.0, 4.10, 3.98, 4.09, 119.43,  -1.44,  -0.46, -47.80,  -2.41,  -1.19,   0.78,  -0.39,   0.01,   1.69, 4.07, 4.08, 4.09, 0.00, 0.61, 1, 1, 15,  37.1687549, -97.7339283,   385.0, 2026,  3, 21, 21, 19, 40,        0,        0,   0,   0,   0.8,   0.4,   0.7,  0,  0,  0,  0, 35, 29,  0,  0, 38,  0, 30, 40,  0,  0,  0,  0,  0,  0, 38, 23, 39,  0,  0,  0, 40,  0,  0,  0, 39,  0,  0,  0
6, 16111, 1,KC3VYA,     0.53, 3,   boost,  108.85,  96292.00,  427.64,   13.18,   53.11, 47.0, 4.10, 3.98, 4.09, 119.38,  -1.12,   1.42, -45.67,  -2.72,  -1.98,   0.77,  -0.39,   0.02,   1.69, 4.07, 4.08, 4.09, 0.00, 0.61, 1, 1, 15,  37.1687549, -97.7339283,   385.0, 2026,  3, 21, 21, 19, 40,        0,        0,   0,   0,   0.8,   0.4,   0.7,  0,  0,  0,  0, 35, 29,  0,  0, 38,  0, 30, 40,  0,  0,  0,  0,  0,  0, 38, 23, 39,  0,  0,  0, 40,  0,  0,  0, 39,  0,  0,  0
6, 16111, 1,KC3VYA,     0.54, 3,   boost,  107.87,  96292.00,  427.64,   13.18,   53.79, 47.0, 4.10, 3.98, 4.09, 119.42,   0.80,   2.21, -44.32,  -2.41,  -2.41,   0.77,  -0.39,   0.02,   1.69, 4.07, 4.08, 4.09, 0.00, 0.61, 1, 1, 15,  37.1687549, -97.7339283,   385.0, 2026,  3, 21, 21, 19, 40,        0,        0,   0,   0,   0.8,   0.4,   0.7,  0,  0,  0,  0, 35, 29,  0,  0, 38,  0, 30, 40,  0,  0,  0,  0,  0,  0, 38, 23, 39,  0,  0,  0, 40,  0,  0,  0, 39,  0,  0,  0
6, 16111, 1,KC3VYA,     0.55, 3,   boost,  106.40,  96274.00,  429.21,   14.74,   54.47, 47.0, 4.10, 3.98, 4.09, 119.77,   2.46,   1.85, -42.62,  -2.41,  -2.35,   0.77,  -0.39,   0.02,   1.69, 4.07, 4.08, 4.09, 0.00, 0.61, 1, 1, 15,  37.1687549, -97.7339283,   385.0, 2026,  3, 21, 21, 19, 40,        0,        0,   0,   0,   0.8,   0.4,   0.7,  0,  0,  0,  0, 35, 29,  0,  0, 38,  0, 30, 40,  0,  0,  0,  0,  0,  0, 38, 23, 39,  0,  0,  0, 40,  0,  0,  0, 39,  0,  0,  0
6, 16111, 1,KC3VYA,     0.56, 3,   boost,  111.31,  96274.00,  429.21,   14.74,   55.15, 47.0, 4.10, 3.98, 4.09, 119.16,   3.51,  -0.20, -41.52,  -2.17,  -1.61,   0.77,  -0.39,   0.02,   1.69, 4.07, 4.08, 4.09, 0.00, 0.61, 1, 1, 15,  37.1687549, -97.7339283,   385.0, 2026,  3, 21, 21, 19, 40,        0,        0,   0,   0,   0.8,   0.4,   0.7,  0,  0,  0,  0, 35, 29,  0,  0, 38,  0, 30, 40,  0,  0,  0,  0,  0,  0, 38, 23, 39,  0,  0,  0, 40,  0,  0,  0, 39,  0,  0,  0
6, 16111, 1,KC3VYA,     0.57, 3,   boost,  106.89,  96268.00,  429.73,   15.26,   55.83, 47.0, 4.10, 3.98, 4.09, 119.56,   2.90,  -0.86, -40.17,  -1.92,  -0.82,   0.77,  -0.40,   0.02,   1.70, 4.07, 4.08, 4.09, 0.00, 0.61, 1, 1, 15,  37.1687549, -97.7339283,   385.0, 2026,  3, 21, 21, 19, 40,        0,        0,   0,   0,   0.8,   0.4,   0.7,  0,  0,  0,  0, 35, 29,  0,  0, 38,  0, 30, 40,  0,  0,  0,  0,  0,  0, 38, 23, 39,  0,  0,  0, 40,  0,  0,  0, 39,  0,  0,  0
6, 16111, 1,KC3VYA,     0.58, 3,   boost,  107.38,  96268.00,  429.73,   15.26,   56.51, 47.0, 4.10, 3.98, 4.09, 119.66,   1.16,  -0.86, -39.26,  -1.92,  -0.70,   0.77,  -0.40,   0.02,   1.70, 4.07, 4.08, 4.09, 0.00, 0.61, 1, 1, 15,  37.1687549, -97.7339283,   385.0, 2026,  3, 21, 21, 19, 40,        0,        0,   0,   0,   0.8,   0.4,   0.7,  0,  0,  0,  0, 35, 29,  0,  0, 38,  0, 30, 40,  0,  0,  0,  0,  0,  0, 38, 23, 39,  0,  0,  0, 40,  0,  0,  0, 39,  0,  0,  0
6, 16111, 1,KC3VYA,     0.59, 3,   boost,  108.36,  96258.00,  430.59,   16.13,   57.20, 46.9, 4.10, 3.98, 4.09, 119.53,   0.19,  -0.22, -38.04,  -2.23,  -0.76,   0.78,  -0.40,   0.01,   1.71, 4.07, 4.08, 4.09, 0.00, 0.61, 1, 1, 15,  37.1687549, -97.7339283,   385.0, 2026,  3, 21, 21, 19, 40,        0,        0,   0,   0,   0.8,   0.4,   0.7,  0,  0,  0,  0, 35, 29,  0,  0, 38,  0, 30, 40,  0,  0,  0,  0,  0,  0, 38, 23, 39,  0,  0,  0, 40,  0,  0,  0, 39,  0,  0,  0
6, 16111, 1,KC3VYA,     0.60, 3,   boost,  107.87,  96258.00,  430.59,   16.13,   57.88, 46.9, 4.10, 3.98, 4.09, 119.45,  -0.29,   0.34, -36.57,  -1.86,  -1.25,   0.78,  -0.40,   0.01,   1.72, 4.07, 4.08, 4.09, 0.00, 0.61, 1, 1, 15,  37.1687549, -97.7339283,   385.0, 2026,  3, 21, 21, 19, 40,        0,        0,   0,   0,   0.8,   0.4,   0.7,  0,  0,  0,  0, 35, 29,  0,  0, 38,  0, 30, 40,  0,  0,  0,  0,  0,  0, 38, 23, 39,  0,  0,  0, 40,  0,  0,  0, 39,  0,  0,  0
6, 16111, 1,KC3VYA,     0.61, 3,   boost,  108.36,  96248.00,  431.46,   16.99,   58.57, 47.0, 4.10, 3.98, 4.09, 119.17,   0.17,   0.86, -34.80,  -1.56,  -1.74,   0.77,  -0.40,   0.02,   1.72, 4.07, 4.08, 4.09, 0.00, 0.61, 1, 1, 15,  37.1687549, -97.7339283,   385.0, 2026,  3, 21, 21, 19, 40,        0,        0,   0,   0,   0.8,   0.4,   0.7,  0,  0,  0,  0, 35, 29,  0,  0, 38,  0, 30, 40,  0,  0,  0,  0,  0,  0, 38, 23, 39,  0,  0,  0, 40,  0,  0,  0, 39,  0,  0,  0
6, 16111, 1,KC3VYA,     0.61, 3,   boost,  108.36,  96248.00,  431.46,   16.99,   58.57, 47.0, 4.10, 3.98, 4.09, 119.17,   0.17,   0.86, -34.80,  -1.56,  -1.74,   0.77,  -0.40,   0.02,   1.72, 4.07, 4.08, 4.09, 0.00, 0.61, 1, 1, 15,  37.1687549, -97.7339283,   385.0, 2026,  3, 21, 21, 19, 40,        0,        0,   0,   0,   0.8,   0.4,   0.7,  0,  0,  0,  0, 35, 29,  0,  0, 38,  0, 30, 40,  0,  0,  0,  0,  0,  0, 38, 23, 39,  0,  0,  0, 40,  0,  0,  0, 39,  0,  0,  0
6, 16111, 1,KC3VYA,     0.61, 3,   boost,  108.36,  96248.00,  431.46,   16.99,   58.57, 47.0, 4.10, 3.98, 4.09, 119.17,   0.17,   0.86, -34.80,  -1.56,  -1.74,   0.77,  -0.40,   0.02,   1.72, 4.07, 4.08, 4.09, 0.00, 0.61, 1, 1, 15,  37.1687549, -97.7339283,   385.0, 2026,  3, 21, 21, 19, 40,        0,        0,   0,   0,   0.8,   0.4,   0.7,  0,  0,  0,  0, 35, 29,  0,  0, 38,  0, 30, 40,  0,  0,  0,  0,  0,  0, 38, 23, 39,  0,  0,  0, 40,  0,  0,  0, 39,  0,  0,  0
6, 16111, 1,KC3VYA,     0.62, 3,   boost,  106.89,  96248.00,  431.46,   16.99,   59.26, 47.0, 4.10, 3.98, 4.09, 119.13,   1.13,   0.88, -32.97,  -1.43,  -1.61,   0.77,  -0.41,   0.02,   1.71, 4.07, 4.08, 4.09, 0.00, 0.61, 1, 1, 15,  37.1687440, -97.7339239,   407.0, 2026,  3, 21, 21, 19, 41,        1,       22, 162,  87,   0.9,   0.5,   0.7,  0,  0,  0,  0, 34, 19,  0,  0, 33,  0, 18, 38,  0,  0,  0,  0,  0,  0, 27, 31, 34,  0,  0,  0, 32,  0,  0,  0, 37,  0,  0,  0
6, 16111, 1,KC3VYA,     0.63, 3,   boost,  109.83,  96241.00,  432.07,   17.60,   59.96, 47.0, 4.10, 3.98, 4.09, 119.71,   2.31,   0.38, -31.75,  -2.17,  -2.04,   0.77,  -0.41,   0.02,   1.71, 4.07, 4.08, 4.09, 0.00, 0.61, 1, 1, 15,  37.1687440, -97.7339239,   407.0, 2026,  3, 21, 21, 19, 41,        1,       22, 162,  87,   0.9,   0.5,   0.7,  0,  0,  0,  0, 34, 19,  0,  0, 33,  0, 18, 38,  0,  0,  0,  0,  0,  0, 27, 31, 34,  0,  0,  0, 32,  0,  0,  0, 37,  0,  0,  0
6, 16111, 1,KC3VYA,     0.64, 3,   boost,  105.91,  96241.00,  432.07,   17.60,   60.65, 47.0, 4.10, 3.98, 4.09, 119.63,   2.74,  -0.41, -30.16,  -1.31,  -1.49,   0.77,  -0.41,   0.02,   1.71, 4.07, 4.08, 4.09, 0.00, 0.61, 1, 1, 15,  37.1687440, -97.7339239,   407.0, 2026,  3, 21, 21, 19, 41,        1,       22, 162,  87,   0.9,   0.5,   0.7,  0,  0,  0,  0, 34, 19,  0,  0, 33,  0, 18, 38,  0,  0,  0,  0,  0,  0, 27, 31, 34,  0,  0,  0, 32,  0,  0,  0, 37,  0,  0,  0
6, 16111, 1,KC3VYA,     0.65, 3,   boost,  107.87,  96222.00,  433.72,   19.25,   61.35, 47.0, 4.10, 3.98, 4.09, 119.52,   2.22,  -0.82, -28.88,  -1.62,  -0.82,   0.77,  -0.41,   0.02,   1.72, 4.07, 4.08, 4.09, 0.00, 0.61, 1, 1, 15,  37.1687440, -97.7339239,   407.0, 2026,  3, 21, 21, 19, 41,        1,       22, 162,  87,   0.9,   0.5,   0.7,  0,  0,  0,  0, 34, 19,  0,  0, 33,  0, 18, 38,  0,  0,  0,  0,  0,  0, 27, 31, 34,  0,  0,  0, 32,  0,  0,  0, 37,  0,  0,  0
6, 16111, 1,KC3VYA,     0.66, 3,   boost,  107.87,  96222.00,  433.72,   19.25,   62.04, 47.0, 4.08, 4.02, 4.08, 119.69,   1.31,  -0.51, -27.60,  -1.74,  -1.00,   0.77,  -0.41,   0.02,   1.72, 4.07, 4.08, 4.10, 0.00, 0.00, 1, 1, 15,  37.1687440, -97.7339239,   407.0, 2026,  3, 21, 21, 19, 41,        1,       22, 162,  87,   0.9,   0.5,   0.7,  0,  0,  0,  0, 34, 19,  0,  0, 33,  0, 18, 38,  0,  0,  0,  0,  0,  0, 27, 31, 34,  0,  0,  0, 32,  0,  0,  0, 37,  0,  0,  0
6, 16111, 1,KC3VYA,     0.66, 3,   boost,  107.87,  96222.00,  433.72,   19.25,   62.04, 47.0, 4.08, 4.02, 4.08, 119.69,   1.31,  -0.51, -27.60,  -1.74,  -1.00,   0.77,  -0.41,   0.02,   1.72, 4.07, 4.08, 4.10, 0.00, 0.00, 1, 1, 15,  37.1687440, -97.7339239,   407.0, 2026,  3, 21, 21, 19, 41,        1,       22, 162,  87,   0.9,   0.5,   0.7,  0,  0,  0,  0, 34, 19,  0,  0, 33,  0, 18, 38,  0,  0,  0,  0,  0,  0, 27, 31, 34,  0,  0,  0, 32,  0,  0,  0, 37,  0,  0,  0
6, 16111, 1,KC3VYA,     0.67, 3,   boost,  107.87,  96199.00,  435.72,   21.25,   62.74, 47.0, 4.08, 4.02, 4.08, 119.96,   0.52,   0.09, -26.20,  -0.88,  -0.82,   0.77,  -0.41,   0.02,   1.73, 4.07, 4.08, 4.10, 0.00, 0.00, 1, 1, 15,  37.1687440, -97.7339239,   407.0, 2026,  3, 21, 21, 19, 41,        1,       22, 162,  87,   0.9,   0.5,   0.7,  0,  0,  0,  0, 34, 19,  0,  0, 33,  0, 18, 38,  0,  0,  0,  0,  0,  0, 27, 31, 34,  0,  0,  0, 32,  0,  0,  0, 37,  0,  0,  0
6, 16111, 1,KC3VYA,     0.68, 3,   boost,  107.38,  96199.00,  435.72,   21.25,   63.44, 47.0, 4.08, 4.02, 4.08, 119.85,   0.33,   0.44, -24.24,  -1.13,  -1.43,   0.77,  -0.41,   0.02,   1.72, 4.07, 4.08, 4.10, 0.00, 0.00, 1, 1, 15,  37.1687440, -97.7339239,   407.0, 2026,  3, 21, 21, 19, 41,        1,       22, 162,  87,   0.9,   0.5,   0.7,  0,  0,  0,  0, 34, 19,  0,  0, 33,  0, 18, 38,  0,  0,  0,  0,  0,  0, 27, 31, 34,  0,  0,  0, 32,  0,  0,  0, 37,  0,  0,  0
6, 16111, 1,KC3VYA,     0.69, 3,   boost,  107.87,  96192.00,  436.32,   21.86,   64.14, 47.0, 4.08, 4.02, 4.08, 119.43,   0.65,   0.50, -22.78,  -0.46,  -1.43,   0.77,  -0.41,   0.02,   1.72, 4.07, 4.08, 4.10, 0.00, 0.00, 1, 1, 15,  37.1687440, -97.7339239,   407.0, 2026,  3, 21, 21, 19, 41,        1,       22, 162,  87,   0.9,   0.5,   0.7,  0,  0,  0,  0, 34, 19,  0,  0, 33,  0, 18, 38,  0,  0,  0,  0,  0,  0, 27, 31, 34,  0,  0,  0, 32,  0,  0,  0, 37,  0,  0,  0
6, 16111, 1,KC3VYA,     0.70, 3,   boost,  107.87,  96192.00,  436.32,   21.86,   64.83, 47.0, 4.08, 4.02, 4.08, 119.45,   1.56,   0.24, -20.83,  -0.88,  -1.80,   0.78,  -0.41,   0.02,   1.71, 4.07, 4.08, 4.10, 0.00, 0.00, 1, 1, 15,  37.1687440, -97.7339239,   407.0, 2026,  3, 21, 21, 19, 41,        1,       22, 162,  87,   0.9,   0.5,   0.7,  0,  0,  0,  0, 34, 19,  0,  0, 33,  0, 18, 38,  0,  0,  0,  0,  0,  0, 27, 31, 34,  0,  0,  0, 32,  0,  0,  0, 37,  0,  0,  0
6, 16111, 1,KC3VYA,     0.71, 3,   boost,  107.38,  96168.00,  438.41,   23.94,   65.53, 47.0, 4.08, 4.02, 4.08, 119.44,   2.03,  -0.17, -19.12,   0.09,  -1.31,   0.78,  -0.41,   0.02,   1.70, 4.07, 4.08, 4.10, 0.00, 0.00, 1, 1, 15,  37.1687440, -97.7339239,   407.0, 2026,  3, 21, 21, 19, 41,        1,       22, 162,  87,   0.9,   0.5,   0.7,  0,  0,  0,  0, 34, 19,  0,  0, 33,  0, 18, 38,  0,  0,  0,  0,  0,  0, 27, 31, 34,  0,  0,  0, 32,  0,  0,  0, 37,  0,  0,  0
6, 16111, 1,KC3VYA,     0.72, 3,   boost,  109.83,  96168.00,  438.41,   23.94,   66.23, 47.0, 4.08, 4.02, 4.08, 119.50,   2.32,  -0.44, -17.53,  -0.15,  -1.00,   0.77,  -0.42,   0.02,   1.70, 4.07, 4.08, 4.10, 0.00, 0.00, 1, 1, 15,  37.1687440, -97.7339239,   407.0, 2026,  3, 21, 21, 19, 41,        1,       22, 162,  87,   0.9,   0.5,   0.7,  0,  0,  0,  0, 34, 19,  0,  0, 33,  0, 18, 38,  0,  0,  0,  0,  0,  0, 27, 31, 34,  0,  0,  0, 32,  0,  0,  0, 37,  0,  0,  0
6, 16111, 1,KC3VYA,     0.73, 3,   boost,  109.34,  96157.00,  439.36,   24.89,   66.93, 47.0, 4.08, 4.02, 4.08, 119.39,   1.77,  -0.28, -16.07,  -0.21,  -0.88,   0.77,  -0.42,   0.02,   1.69, 4.07, 4.08, 4.10, 0.00, 0.00, 1, 1, 15,  37.1687440, -97.7339239,   407.0, 2026,  3, 21, 21, 19, 41,        1,       22, 162,  87,   0.9,   0.5,   0.7,  0,  0,  0,  0, 34, 19,  0,  0, 33,  0, 18, 38,  0,  0,  0,  0,  0,  0, 27, 31, 34,  0,  0,  0, 32,  0,  0,  0, 37,  0,  0,  0
6, 16111, 1,KC3VYA,     0.74, 3,   boost,  106.89,  96157.00,  439.36,   24.89,   67.63, 47.0, 4.08, 4.02, 4.08, 119.40,   1.01,  -0.12, -14.48,  -0.03,  -1.13,   0.77,  -0.42,   0.02,   1.68, 4.07, 4.08, 4.10, 0.00, 0.00, 1, 1, 15,  37.1687440, -97.7339239,   407.0, 2026,  3, 21, 21, 19, 41,        1,       22, 162,  87,   0.9,   0.5,   0.7,  0,  0,  0,  0, 34, 19,  0,  0, 33,  0, 18, 38,  0,  0,  0,  0,  0,  0, 27, 31, 34,  0,  0,  0, 32,  0,  0,  0, 37,  0,  0,  0
6, 16111, 1,KC3VYA,     0.75, 3,   boost,  108.36,  96147.00,  440.23,   25.76,   68.33, 47.0, 4.08, 4.02, 4.08, 119.31,   0.76,  -0.01, -12.65,   0.40,  -1.13,   0.77,  -0.42,   0.02,   1.67, 4.07, 4.08, 4.10, 0.00, 0.00, 1, 1, 15,  37.1687440, -97.7339239,   407.0, 2026,  3, 21, 21, 19, 41,        1,       22, 162,  87,   0.9,   0.5,   0.7,  0,  0,  0,  0, 34, 19,  0,  0, 33,  0, 18, 38,  0,  0,  0,  0,  0,  0, 27, 31, 34,  0,  0,  0, 32,  0,  0,  0, 37,  0,  0,  0
6, 16111, 1,KC3VYA,     0.76, 3,   boost,  107.87,  96147.00,  440.23,   25.76,   69.03, 47.0, 4.08, 4.02, 4.08, 119.05,   0.92,   0.14, -10.69,   0.58,  -0.88,   0.77,  -0.42,   0.02,   1.66, 4.07, 4.08, 4.10, 0.00, 0.00, 1, 1, 15,  37.1687440, -97.7339239,   407.0, 2026,  3, 21, 21, 19, 41,        1,       22, 162,  87,   0.9,   0.5,   0.7,  0,  0,  0,  0, 34, 19,  0,  0, 33,  0, 18, 38,  0,  0,  0,  0,  0,  0, 27, 31, 34,  0,  0,  0, 32,  0,  0,  0, 37,  0,  0,  0
6, 16111, 1,KC3VYA,     0.77, 3,   boost,  105.42,  96144.00,  440.49,   26.02,   69.73, 46.9, 4.08, 4.02, 4.08, 118.89,   1.17,  -0.02,  -8.99,   0.64,  -1.13,   0.77,  -0.42,   0.02,   1.65, 4.07, 4.08, 4.10, 0.00, 0.00, 1, 1, 15,  37.1687440, -97.7339239,   407.0, 2026,  3, 21, 21, 19, 41,        1,       22, 162,  87,   0.9,   0.5,   0.7,  0,  0,  0,  0, 34, 19,  0,  0, 33,  0, 18, 38,  0,  0,  0,  0,  0,  0, 27, 31, 34,  0,  0,  0, 32,  0,  0,  0, 37,  0,  0,  0
6, 16111, 1,KC3VYA,     0.78, 3,   boost,  108.85,  96144.00,  440.49,   26.02,   70.43, 46.9, 4.08, 4.02, 4.08, 118.84,   1.61,  -0.22,  -7.40,   1.07,  -0.82,   0.77,  -0.42,   0.02,   1.64, 4.07, 4.08, 4.10, 0.00, 0.00, 1, 1, 15,  37.1687440, -97.7339239,   407.0, 2026,  3, 21, 21, 19, 41,        1,       22, 162,  87,   0.9,   0.5,   0.7,  0,  0,  0,  0, 34, 19,  0,  0, 33,  0, 18, 38,  0,  0,  0,  0,  0,  0, 27, 31, 34,  0,  0,  0, 32,  0,  0,  0, 37,  0,  0,  0
6, 16111, 1,KC3VYA,     0.79, 3,   boost,  107.38,  96114.00,  443.10,   28.63,   71.13, 47.0, 4.08, 4.02, 4.08, 118.92,   2.09,  -0.39,  -5.20,   1.50,  -0.88,   0.78,  -0.42,   0.01,   1.62, 4.07, 4.08, 4.10, 0.00, 0.00, 1, 1, 15,  37.1687440, -97.7339239,   407.0, 2026,  3, 21, 21, 19, 41,        1,       22, 162,  87,   0.9,   0.5,   0.7,  0,  0,  0,  0, 34, 19,  0,  0, 33,  0, 18, 38,  0,  0,  0,  0,  0,  0, 27, 31, 34,  0,  0,  0, 32,  0,  0,  0, 37,  0,  0,  0
6, 16111, 1,KC3VYA,     0.80, 3,   boost,  108.85,  96114.00,  443.10,   28.63,   71.83, 47.0, 4.08, 4.02, 4.08, 118.89,   1.65,  -0.42,  -3.49,   1.43,  -0.39,   0.78,  -0.42,   0.01,   1.61, 4.07, 4.08, 4.10, 0.00, 0.00, 1, 1, 15,  37.1687440, -97.7339239,   407.0, 2026,  3, 21, 21, 19, 41,        1,       22, 162,  87,   0.9,   0.5,   0.7,  0,  0,  0,  0, 34, 19,  0,  0, 33,  0, 18, 38,  0,  0,  0,  0,  0,  0, 27, 31, 34,  0,  0,  0, 32,  0,  0,  0, 37,  0,  0,  0
6, 16111, 1,KC3VYA,     0.81, 3,   boost,  106.89,  96096.00,  444.66,   30.19,   72.53, 47.0, 4.08, 4.02, 4.08, 118.71,   1.33,  -0.26,  -1.60,   1.31,  -0.52,   0.78,  -0.42,   0.02,   1.59, 4.07, 4.08, 4.10, 0.00, 0.00, 1, 1, 15,  37.1687440, -97.7339239,   407.0, 2026,  3, 21, 21, 19, 41,        1,       22, 162,  87,   0.9,   0.5,   0.7,  0,  0,  0,  0, 34, 19,  0,  0, 33,  0, 18, 38,  0,  0,  0,  0,  0,  0, 27, 31, 34,  0,  0,  0, 32,  0,  0,  0, 37,  0,  0,  0
6, 16111, 1,KC3VYA,     0.82, 3,   boost,  109.83,  96096.00,  444.66,   30.19,   73.23, 47.0, 4.08, 4.02, 4.08, 119.12,   1.05,   0.02,  -0.01,   1.68,  -0.27,   0.78,  -0.42,   0.02,   1.58, 4.07, 4.08, 4.10, 0.00, 0.00, 1, 1, 15,  37.1687440, -97.7339239,   407.0, 2026,  3, 21, 21, 19, 41,        1,       22, 162,  87,   0.9,   0.5,   0.7,  0,  0,  0,  0, 34, 19,  0,  0, 33,  0, 18, 38,  0,  0,  0,  0,  0,  0, 27, 31, 34,  0,  0,  0, 32,  0,  0,  0, 37,  0,  0,  0
6, 16111, 1,KC3VYA,     0.83, 3,   boost,  106.89,  96088.00,  445.36,   30.89,   73.92, 46.9, 4.08, 4.02, 4.08, 118.76,   1.04,  -0.01,   2.18,   1.86,  -0.27,   0.77,  -0.42,   0.02,   1.57, 4.07, 4.08, 4.10, 0.00, 0.00, 1, 1, 15,  37.1687440, -97.7339239,   407.0, 2026,  3, 21, 21, 19, 41,        1,       22, 162,  87,   0.9,   0.5,   0.7,  0,  0,  0,  0, 34, 19,  0,  0, 33,  0, 18, 38,  0,  0,  0,  0,  0,  0, 27, 31, 34,  0,  0,  0, 32,  0,  0,  0, 37,  0,  0,  0
6, 16111, 1,KC3VYA,     0.84, 3,   boost,  107.38,  96088.00,  445.36,   30.89,   74.62, 46.9, 4.08, 4.02, 4.08, 118.80,   1.25,   0.02,   4.26,   2.23,  -0.45,   0.77,  -0.42,   0.02,   1.55, 4.07, 4.08, 4.10, 0.00, 0.00, 1, 1, 15,  37.1687440, -97.7339239,   407.0, 2026,  3, 21, 21, 19, 41,        1,       22, 162,  87,   0.9,   0.5,   0.7,  0,  0,  0,  0, 34, 19,  0,  0, 33,  0, 18, 38,  0,  0,  0,  0,  0,  0, 27, 31, 34,  0,  0,  0, 32,  0,  0,  0, 37,  0,  0,  0
6, 16111, 1,KC3VYA,     0.85, 3,   boost,  107.38,  96069.00,  447.01,   32.54,   75.31, 47.0, 4.08, 4.02, 4.08, 118.64,   1.47,  -0.23,   6.21,   2.29,  -0.33,   0.77,  -0.42,   0.02,   1.53, 4.07, 4.08, 4.10, 0.00, 0.00, 1, 1, 15,  37.1687440, -97.7339239,   407.0, 2026,  3, 21, 21, 19, 41,        1,       22, 162,  87,   0.9,   0.5,   0.7,  0,  0,  0,  0, 34, 19,  0,  0, 33,  0, 18, 38,  0,  0,  0,  0,  0,  0, 27, 31, 34,  0,  0,  0, 32,  0,  0,  0, 37,  0,  0,  0
6, 16111, 1,KC3VYA,     0.86, 3,   boost,  106.89,  96069.00,  447.01,   32.54,   76.01, 47.0, 4.08, 4.02, 4.08, 118.36,   1.77,  -0.27,   7.98,   2.35,  -0.15,   0.77,  -0.42,   0.02,   1.51, 4.07, 4.08, 4.10, 0.00, 0.00, 1, 1, 15,  37.1687440, -97.7339239,   407.0, 2026,  3, 21, 21, 19, 41,        1,       22, 162,  87,   0.9,   0.5,   0.7,  0,  0,  0,  0, 34, 19,  0,  0, 33,  0, 18, 38,  0,  0,  0,  0,  0,  0, 27, 31, 34,  0,  0,  0, 32,  0,  0,  0, 37,  0,  0,  0
6, 16111, 1,KC3VYA,     0.87, 3,   boost,  105.91,  96050.00,  448.66,   34.19,   76.70, 47.0, 4.08, 4.02, 4.08, 118.22,   1.68,  -0.41,   9.87,   2.66,  -0.09,   0.77,  -0.42,   0.02,   1.49, 4.07, 4.08, 4.10, 0.00, 0.00, 1, 1, 15,  37.1687440, -97.7339239,   407.0, 2026,  3, 21, 21, 19, 41,        1,       22, 162,  87,   0.9,   0.5,   0.7,  0,  0,  0,  0, 34, 19,  0,  0, 33,  0, 18, 38,  0,  0,  0,  0,  0,  0, 27, 31, 34,  0,  0,  0, 32,  0,  0,  0, 37,  0,  0,  0
6, 16111, 1,KC3VYA,     0.88, 3,   boost,  108.36,  96050.00,  448.66,   34.19,   77.39, 47.0, 4.08, 4.02, 4.08, 118.41,   1.54,  -0.32,  11.77,   3.02,   0.40,   0.77,  -0.42,   0.02,   1.47, 4.07, 4.08, 4.10, 0.00, 0.00, 1, 1, 15,  37.1687440, -97.7339239,   407.0, 2026,  3, 21, 21, 19, 41,        1,       22, 162,  87,   0.9,   0.5,   0.7,  0,  0,  0,  0, 34, 19,  0,  0, 33,  0, 18, 38,  0,  0,  0,  0,  0,  0, 27, 31, 34,  0,  0,  0, 32,  0,  0,  0, 37,  0,  0,  0
6, 16111, 1,KC3VYA,     0.89, 3,   boost,  106.40,  96036.00,  449.88,   35.41,   78.09, 47.0, 4.08, 4.02, 4.08, 118.69,   1.24,  -0.03,  13.90,   3.14,   0.34,   0.77,  -0.42,   0.02,   1.45, 4.07, 4.08, 4.10, 0.00, 0.00, 1, 1, 15,  37.1687440, -97.7339239,   407.0, 2026,  3, 21, 21, 19, 41,        1,       22, 162,  87,   0.9,   0.5,   0.7,  0,  0,  0,  0, 34, 19,  0,  0, 33,  0, 18, 38,  0,  0,  0,  0,  0,  0, 27, 31, 34,  0,  0,  0, 32,  0,  0,  0, 37,  0,  0,  0
6, 16111, 1,KC3VYA,     0.90, 3,   boost,  106.89,  96036.00,  449.88,   35.41,   78.78, 47.0, 4.08, 4.02, 4.08, 118.28,   1.16,  -0.22,  16.47,   3.88,   0.64,   0.78,  -0.41,   0.01,   1.43, 4.07, 4.08, 4.10, 0.00, 0.00, 1, 1, 15,  37.1687440, -97.7339239,   407.0, 2026,  3, 21, 21, 19, 41,        1,       22, 162,  87,   0.9,   0.5,   0.7,  0,  0,  0,  0, 34, 19,  0,  0, 33,  0, 18, 38,  0,  0,  0,  0,  0,  0, 27, 31, 34,  0,  0,  0, 32,  0,  0,  0, 37,  0,  0,  0
6, 16111, 1,KC3VYA,     0.91, 3,   boost,  105.91,  96017.00,  451.53,   37.06,   79.46, 47.0, 4.08, 4.02, 4.08, 118.21,   1.01,  -0.08,  18.54,   3.45,   0.83,   0.78,  -0.41,   0.01,   1.42, 4.07, 4.08, 4.10, 0.00, 0.00, 1, 1, 15,  37.1687440, -97.7339239,   407.0, 2026,  3, 21, 21, 19, 41,        1,       22, 162,  87,   0.9,   0.5,   0.7,  0,  0,  0,  0, 34, 19,  0,  0, 33,  0, 18, 38,  0,  0,  0,  0,  0,  0, 27, 31, 34,  0,  0,  0, 32,  0,  0,  0, 37,  0,  0,  0
6, 16111, 1,KC3VYA,     0.92, 3,   boost,  108.85,  96017.00,  451.53,   37.06,   80.15, 47.0, 4.08, 4.02, 4.08, 118.15,   1.24,  -0.21,  20.62,   3.57,   0.71,   0.78,  -0.41,   0.01,   1.40, 4.07, 4.08, 4.10, 0.00, 0.00, 1, 1, 15,  37.1687440, -97.7339239,   407.0, 2026,  3, 21, 21, 19, 41,        1,       22, 162,  87,   0.9,   0.5,   0.7,  0,  0,  0,  0, 34, 19,  0,  0, 33,  0, 18, 38,  0,  0,  0,  0,  0,  0, 27, 31, 34,  0,  0,  0, 32,  0,  0,  0, 37,  0,  0,  0
6, 16111, 1,KC3VYA,     0.93, 3,   boost,  107.87,  95997.00,  453.27,   38.80,   80.83, 47.0, 4.08, 4.02, 4.08, 118.35,   1.61,  -0.32,  22.81,   4.06,   0.95,   0.78,  -0.41,   0.01,   1.38, 4.07, 4.08, 4.10, 0.00, 0.00, 1, 1, 15,  37.1687440, -97.7339239,   407.0, 2026,  3, 21, 21, 19, 41,        1,       22, 162,  87,   0.9,   0.5,   0.7,  0,  0,  0,  0, 34, 19,  0,  0, 33,  0, 18, 38,  0,  0,  0,  0,  0,  0, 27, 31, 34,  0,  0,  0, 32,  0,  0,  0, 37,  0,  0,  0
6, 16111, 1,KC3VYA,     0.94, 3,   boost,  105.91,  95997.00,  453.27,   38.80,   81.52, 47.0, 4.08, 4.02, 4.08, 117.95,   1.62,  -0.32,  24.89,   4.24,   1.19,   0.77,  -0.41,   0.02,   1.37, 4.07, 4.08, 4.10, 0.00, 0.00, 1, 1, 15,  37.1687440, -97.7339239,   407.0, 2026,  3, 21, 21, 19, 41,        1,       22, 162,  87,   0.9,   0.5,   0.7,  0,  0,  0,  0, 34, 19,  0,  0, 33,  0, 18, 38,  0,  0,  0,  0,  0,  0, 27, 31, 34,  0,  0,  0, 32,  0,  0,  0, 37,  0,  0,  0
6, 16111, 1,KC3VYA,     0.95, 3,   boost,  105.91,  95982.00,  454.57,   40.10,   82.20, 47.0, 4.08, 4.02, 4.08, 118.00,   1.34,  -0.21,  26.72,   4.43,   1.19,   0.77,  -0.41,   0.02,   1.35, 4.07, 4.08, 4.10, 0.00, 0.00, 1, 1, 15,  37.1687440, -97.7339239,   407.0, 2026,  3, 21, 21, 19, 41,        1,       22, 162,  87,   0.9,   0.5,   0.7,  0,  0,  0,  0, 34, 19,  0,  0, 33,  0, 18, 38,  0,  0,  0,  0,  0,  0, 27, 31, 34,  0,  0,  0, 32,  0,  0,  0, 37,  0,  0,  0
6, 16111, 1,KC3VYA,     0.96, 3,   boost,  108.85,  95982.00,  454.57,   40.10,   82.88, 47.0, 4.08, 4.02, 4.08, 118.30,   1.26,  -0.29,  29.16,   4.97,   1.38,   0.77,  -0.41,   0.02,   1.33, 4.07, 4.08, 4.10, 0.00, 0.00, 1, 1, 15,  37.1687440, -97.7339239,   407.0, 2026,  3, 21, 21, 19, 41,        1,       22, 162,  87,   0.9,   0.5,   0.7,  0,  0,  0,  0, 34, 19,  0,  0, 33,  0, 18, 38,  0,  0,  0,  0,  0,  0, 27, 31, 34,  0,  0,  0, 32,  0,  0,  0, 37,  0,  0,  0
6, 16111, 1,KC3VYA,     0.97, 3,   boost,  105.91,  95969.00,  455.70,   41.24,   83.56, 47.0, 4.08, 4.02, 4.08, 118.33,   1.10,  -0.13,  31.30,   5.04,   1.56,   0.77,  -0.41,   0.02,   1.32, 4.07, 4.08, 4.10, 0.00, 0.00, 1, 1, 15,  37.1687440, -97.7339239,   407.0, 2026,  3, 21, 21, 19, 41,        1,       22, 162,  87,   0.9,   0.5,   0.7,  0,  0,  0,  0, 34, 19,  0,  0, 33,  0, 18, 38,  0,  0,  0,  0,  0,  0, 27, 31, 34,  0,  0,  0, 32,  0,  0,  0, 37,  0,  0,  0
6, 16111, 1,KC3VYA,     0.98, 3,   boost,  106.40,  95969.00,  455.70,   41.24,   84.23, 47.0, 4.08, 4.02, 4.09, 118.27,   1.13,  -0.19,  33.74,   4.97,   1.38,   0.77,  -0.40,   0.01,   1.31, 4.08, 4.08, 4.10, 0.00, 0.00, 1, 1, 15,  37.1687440, -97.7339239,   407.0, 2026,  3, 21, 21, 19, 41,        1,       22, 162,  87,   0.9,   0.5,   0.7,  0,  0,  0,  0, 34, 19,  0,  0, 33,  0, 18, 38,  0,  0,  0,  0,  0,  0, 27, 31, 34,  0,  0,  0, 32,  0,  0,  0, 37,  0,  0,  0
6, 16111, 1,KC3VYA,     0.98, 3,   boost,  106.40,  95969.00,  455.70,   41.24,   84.23, 47.0, 4.08, 4.02, 4.09, 118.27,   1.13,  -0.19,  33.74,   4.97,   1.38,   0.77,  -0.40,   0.01,   1.31, 4.08, 4.08, 4.10, 0.00, 0.00, 1, 1, 15,  37.1687440, -97.7339239,   407.0, 2026,  3, 21, 21, 19, 41,        1,       22, 162,  87,   0.9,   0.5,   0.7,  0,  0,  0,  0, 34, 19,  0,  0, 33,  0, 18, 38,  0,  0,  0,  0,  0,  0, 27, 31, 34,  0,  0,  0, 32,  0,  0,  0, 37,  0,  0,  0
6, 16111, 1,KC3VYA,     0.99, 3,   boost,  106.89,  95947.00,  457.62,   43.15,   84.91, 46.9, 4.08, 4.02, 4.09, 118.29,   1.19,  -0.09,  36.18,   5.10,   1.87,   0.77,  -0.40,   0.01,   1.30, 4.08, 4.08, 4.10, 0.00, 0.00, 1, 1, 15,  37.1687440, -97.7339239,   407.0, 2026,  3, 21, 21, 19, 41,        1,       22, 162,  87,   0.9,   0.5,   0.7,  0,  0,  0,  0, 34, 19,  0,  0, 33,  0, 18, 38,  0,  0,  0,  0,  0,  0, 27, 31, 34,  0,  0,  0, 32,  0,  0,  0, 37,  0,  0,  0
6, 16111, 1,KC3VYA,     1.00, 3,   boost,  108.36,  95947.00,  457.62,   43.15,   85.58, 46.9, 4.08, 4.02, 4.09, 118.38,   1.49,  -0.02,  38.50,   5.59,   2.05,   0.77,  -0.40,   0.02,   1.29, 4.08, 4.08, 4.10, 0.00, 0.00, 1, 1, 15,  37.1687440, -97.7339239,   407.0, 2026,  3, 21, 21, 19, 41,        1,       22, 162,  87,   0.9,   0.5,   0.7,  0,  0,  0,  0, 34, 19,  0,  0, 33,  0, 18, 38,  0,  0,  0,  0,  0,  0, 27, 31, 34,  0,  0,  0, 32,  0,  0,  0, 37,  0,  0,  0
6, 16111, 1,KC3VYA,     1.01, 3,   boost,  107.38,  95925.00,  459.53,   45.06,   86.26, 46.9, 4.08, 4.02, 4.09, 118.04,   1.50,  -0.07,  40.88,   6.01,   2.23,   0.78,  -0.40,   0.01,   1.29, 4.08, 4.08, 4.10, 0.00, 0.00, 1, 1, 15,  37.1687440, -97.7339239,   407.0, 2026,  3, 21, 21, 19, 41,        1,       22, 162,  87,   0.9,   0.5,   0.7,  0,  0,  0,  0, 34, 19,  0,  0, 33,  0, 18, 38,  0,  0,  0,  0,  0,  0, 27, 31, 34,  0,  0,  0, 32,  0,  0,  0, 37,  0,  0,  0
6, 16111, 1,KC3VYA,     1.02, 3,   boost,  105.42,  95925.00,  459.53,   45.06,   86.93, 46.9, 4.08, 4.02, 4.09, 118.31,   1.31,  -0.13,  42.71,   5.95,   2.23,   0.78,  -0.40,   0.01,   1.29, 4.08, 4.08, 4.10, 0.00, 0.00, 1, 1, 15,  37.1687440, -97.7339239,   407.0, 2026,  3, 21, 21, 19, 41,        1,       22, 162,  87,   0.9,   0.5,   0.7,  0,  0,  0,  0, 34, 19,  0,  0, 33,  0, 18, 38,  0,  0,  0,  0,  0,  0, 27, 31, 34,  0,  0,  0, 32,  0,  0,  0, 37,  0,  0,  0
6, 16111, 1,KC3VYA,     1.03, 3,   boost,  107.87,  95905.00,  461.27,   46.80,   87.60, 47.0, 4.08, 4.02, 4.09, 118.19,   1.26,  -0.12,  44.79,   6.20,   2.23,   0.78,  -0.39,   0.01,   1.29, 4.08, 4.08, 4.10, 0.00, 0.00, 1, 1, 15,  37.1687440, -97.7339239,   407.0, 2026,  3, 21, 21, 19, 41,        1,       22, 162,  87,   0.9,   0.5,   0.7,  0,  0,  0,  0, 34, 19,  0,  0, 33,  0, 18, 38,  0,  0,  0,  0,  0,  0, 27, 31, 34,  0,  0,  0, 32,  0,  0,  0, 37,  0,  0,  0
6, 16111, 1,KC3VYA,     1.04, 3,   boost,  106.89,  95905.00,  461.27,   46.80,   88.27, 47.0, 4.08, 4.02, 4.09, 117.93,   1.17,   0.31,  47.35,   6.26,   2.60,   0.78,  -0.39,   0.01,   1.30, 4.08, 4.08, 4.10, 0.00, 0.00, 1, 1, 15,  37.1687440, -97.7339239,   407.0, 2026,  3, 21, 21, 19, 41,        1,       22, 162,  87,   0.9,   0.5,   0.7,  0,  0,  0,  0, 34, 19,  0,  0, 33,  0, 18, 38,  0,  0,  0,  0,  0,  0, 27, 31, 34,  0,  0,  0, 32,  0,  0,  0, 37,  0,  0,  0
6, 16111, 1,KC3VYA,     1.05, 3,   boost,  108.36,  95887.00,  462.84,   48.37,   88.94, 46.9, 4.08, 4.02, 4.09, 117.74,   1.10,   0.01,  49.55,   5.77,   2.41,   0.77,  -0.39,   0.01,   1.31, 4.08, 4.08, 4.10, 0.00, 0.00, 1, 1, 15,  37.1687440, -97.7339239,   407.0, 2026,  3, 21, 21, 19, 41,        1,       22, 162,  87,   0.9,   0.5,   0.7,  0,  0,  0,  0, 34, 19,  0,  0, 33,  0, 18, 38,  0,  0,  0,  0,  0,  0, 27, 31, 34,  0,  0,  0, 32,  0,  0,  0, 37,  0,  0,  0
6, 16111, 1,KC3VYA,     1.06, 3,   boost,  108.36,  95887.00,  462.84,   48.37,   89.60, 46.9, 4.08, 4.02, 4.09, 118.08,   1.48,  -0.34,  51.81,   6.13,   2.54,   0.78,  -0.39,   0.01,   1.32, 4.08, 4.08, 4.10, 0.00, 0.00, 1, 1, 15,  37.1687440, -97.7339239,   407.0, 2026,  3, 21, 21, 19, 41,        1,       22, 162,  87,   0.9,   0.5,   0.7,  0,  0,  0,  0, 34, 19,  0,  0, 33,  0, 18, 38,  0,  0,  0,  0,  0,  0, 27, 31, 34,  0,  0,  0, 32,  0,  0,  0, 37,  0,  0,  0
6, 16111, 1,KC3VYA,     1.07, 3,   boost,  108.85,  95864.00,  464.84,   50.37,   90.27, 47.0, 4.08, 4.02, 4.09, 118.17,   1.59,  -0.09,  54.06,   6.44,   2.72,   0.77,  -0.39,   0.01,   1.33, 4.08, 4.08, 4.10, 0.00, 0.00, 1, 1, 15,  37.1687440, -97.7339239,   407.0, 2026,  3, 21, 21, 19, 41,        1,       22, 162,  87,   0.9,   0.5,   0.7,  0,  0,  0,  0, 34, 19,  0,  0, 33,  0, 18, 38,  0,  0,  0,  0,  0,  0, 27, 31, 34,  0,  0,  0, 32,  0,  0,  0, 37,  0,  0,  0
6, 16111, 1,KC3VYA,     1.08, 3,   boost,  105.91,  95864.00,  464.84,   50.37,   90.94, 47.0, 4.08, 4.02, 4.09, 118.03,   1.37,   0.17,  56.69,   6.38,   2.96,   0.78,  -0.39,   0.01,   1.36, 4.08, 4.08, 4.10, 0.00, 0.00, 1, 1, 15,  37.1687440, -97.7339239,   407.0, 2026,  3, 21, 21, 19, 41,        1,       22, 162,  87,   0.9,   0.5,   0.7,  0,  0,  0,  0, 34, 19,  0,  0, 33,  0, 18, 38,  0,  0,  0,  0,  0,  0, 27, 31, 34,  0,  0,  0, 32,  0,  0,  0, 37,  0,  0,  0
6, 16111, 1,KC3VYA,     1.09, 3,   boost,  108.85,  95843.00,  466.67,   52.20,   91.61, 47.0, 4.08, 4.02, 4.09, 118.24,   1.38,   0.06,  58.82,   6.56,   3.27,   0.78,  -0.38,   0.01,   1.38, 4.08, 4.08, 4.10, 0.00, 0.00, 1, 1, 15,  37.1687440, -97.7339239,   407.0, 2026,  3, 21, 21, 19, 41,        1,       22, 162,  87,   0.9,   0.5,   0.7,  0,  0,  0,  0, 34, 19,  0,  0, 33,  0, 18, 38,  0,  0,  0,  0,  0,  0, 27, 31, 34,  0,  0,  0, 32,  0,  0,  0, 37,  0,  0,  0
6, 16111, 1,KC3VYA,     1.10, 3,   boost,  109.34,  95843.00,  466.67,   52.20,   92.27, 47.0, 4.08, 4.02, 4.09, 118.64,   1.35,   0.34,  61.63,   7.05,   3.57,   0.78,  -0.38,   0.01,   1.42, 4.08, 4.08, 4.10, 0.00, 0.00, 1, 1, 15,  37.1687440, -97.7339239,   407.0, 2026,  3, 21, 21, 19, 41,        1,       22, 162,  87,   0.9,   0.5,   0.7,  0,  0,  0,  0, 34, 19,  0,  0, 33,  0, 18, 38,  0,  0,  0,  0,  0,  0, 27, 31, 34,  0,  0,  0, 32,  0,  0,  0, 37,  0,  0,  0
6, 16111, 1,KC3VYA,     1.11, 3,   boost,  103.95,  95826.00,  468.15,   53.68,   92.94, 47.0, 4.08, 4.02, 4.09, 118.49,   0.88,   0.52,  64.56,   7.36,   3.70,   0.78,  -0.38,   0.01,   1.45, 4.08, 4.08, 4.10, 0.00, 0.00, 1, 1, 15,  37.1687440, -97.7339239,   407.0, 2026,  3, 21, 21, 19, 41,        1,       22, 162,  87,   0.9,   0.5,   0.7,  0,  0,  0,  0, 34, 19,  0,  0, 33,  0, 18, 38,  0,  0,  0,  0,  0,  0, 27, 31, 34,  0,  0,  0, 32,  0,  0,  0, 37,  0,  0,  0
6, 16111, 1,KC3VYA,     1.12, 3,   boost,  107.87,  95826.00,  468.15,   53.68,   93.61, 47.0, 4.08, 4.02, 4.09, 118.29,   0.80,   0.44,  65.90,   6.50,   3.82,   0.78,  -0.37,   0.00,   1.49, 4.08, 4.08, 4.10, 0.00, 0.00, 1, 1, 15,  37.1687440, -97.7339239,   407.0, 2026,  3, 21, 21, 19, 41,        1,       22, 162,  87,   0.9,   0.5,   0.7,  0,  0,  0,  0, 34, 19,  0,  0, 33,  0, 18, 38,  0,  0,  0,  0,  0,  0, 27, 31, 34,  0,  0,  0, 32,  0,  0,  0, 37,  0,  0,  0
6, 16111, 1,KC3VYA,     1.13, 3,   boost,  104.93,  95801.00,  470.33,   55.86,   94.28, 47.0, 4.08, 4.02, 4.09, 118.30,   1.16,   0.57,  69.51,   7.54,   3.82,   0.78,  -0.37,   0.00,   1.54, 4.08, 4.08, 4.10, 0.00, 0.00, 1, 1, 15,  37.1687440, -97.7339239,   407.0, 2026,  3, 21, 21, 19, 41,        1,       22, 162,  87,   0.9,   0.5,   0.7,  0,  0,  0,  0, 34, 19,  0,  0, 33,  0, 18, 38,  0,  0,  0,  0,  0,  0, 27, 31, 34,  0,  0,  0, 32,  0,  0,  0, 37,  0,  0,  0
6, 16111, 1,KC3VYA,     1.14, 3,   boost,  107.87,  95801.00,  470.33,   55.86,   94.94, 47.0, 4.08, 4.02, 4.09, 118.43,   1.28,   0.68,  72.07,   7.36,   4.25,   0.78,  -0.37,   0.00,   1.59, 4.08, 4.08, 4.10, 0.00, 0.00, 1, 1, 15,  37.1687440, -97.7339239,   407.0, 2026,  3, 21, 21, 19, 41,        1,       22, 162,  87,   0.9,   0.5,   0.7,  0,  0,  0,  0, 34, 19,  0,  0, 33,  0, 18, 38,  0,  0,  0,  0,  0,  0, 27, 31, 34,  0,  0,  0, 32,  0,  0,  0, 37,  0,  0,  0
6, 16111, 1,KC3VYA,     1.15, 3,   boost,  105.91,  95781.00,  472.07,   57.60,   95.61, 47.0, 4.08, 4.02, 4.09, 118.36,   1.14,   0.53,  74.69,   6.81,   4.25,   0.78,  -0.37,   0.01,   1.64, 4.08, 4.08, 4.10, 0.00, 0.00, 1, 1, 15,  37.1687440, -97.7339239,   407.0, 2026,  3, 21, 21, 19, 41,        1,       22, 162,  87,   0.9,   0.5,   0.7,  0,  0,  0,  0, 34, 19,  0,  0, 33,  0, 18, 38,  0,  0,  0,  0,  0,  0, 27, 31, 34,  0,  0,  0, 32,  0,  0,  0, 37,  0,  0,  0
6, 16111, 1,KC3VYA,     1.16, 3,   boost,  106.89,  95781.00,  472.07,   57.60,   96.28, 47.0, 4.08, 4.02, 4.09, 118.68,   0.95,   0.01,  77.32,   7.23,   4.37,   0.78,  -0.36,   0.01,   1.69, 4.08, 4.08, 4.10, 0.00, 0.00, 1, 1, 15,  37.1687440, -97.7339239,   407.0, 2026,  3, 21, 21, 19, 41,        1,       22, 162,  87,   0.9,   0.5,   0.7,  0,  0,  0,  0, 34, 19,  0,  0, 33,  0, 18, 38,  0,  0,  0,  0,  0,  0, 27, 31, 34,  0,  0,  0, 32,  0,  0,  0, 37,  0,  0,  0
6, 16111, 1,KC3VYA,     1.17, 3,   boost,  108.36,  95765.00,  473.46,   59.00,   96.94, 47.0, 4.08, 4.02, 4.09, 118.47,   1.35,   0.59,  79.88,   7.17,   4.49,   0.78,  -0.36,   0.00,   1.75, 4.08, 4.08, 4.10, 0.00, 0.00, 1, 1, 15,  37.1687440, -97.7339239,   407.0, 2026,  3, 21, 21, 19, 41,        1,       22, 162,  87,   0.9,   0.5,   0.7,  0,  0,  0,  0, 34, 19,  0,  0, 33,  0, 18, 38,  0,  0,  0,  0,  0,  0, 27, 31, 34,  0,  0,  0, 32,  0,  0,  0, 37,  0,  0,  0
6, 16111, 1,KC3VYA,     1.18, 3,   boost,  110.82,  95765.00,  473.46,   59.00,   97.61, 47.0, 4.08, 4.02, 4.09, 119.35,   0.88,   1.06,  82.08,   6.56,   4.67,   0.78,  -0.36,   0.00,   1.81, 4.08, 4.08, 4.10, 0.00, 0.00, 1, 1, 15,  37.1687440, -97.7339239,   407.0, 2026,  3, 21, 21, 19, 41,        1,       22, 162,  87,   0.9,   0.5,   0.7,  0,  0,  0,  0, 34, 19,  0,  0, 33,  0, 18, 38,  0,  0,  0,  0,  0,  0, 27, 31, 34,  0,  0,  0, 32,  0,  0,  0, 37,  0,  0,  0
6, 16111, 1,KC3VYA,     1.19, 3,   boost,  105.42,  95733.00,  476.25,   61.78,   98.27, 47.0, 4.08, 4.02, 4.09, 119.33,   0.85,   0.32,  85.31,   6.50,   4.86,   0.78,  -0.35,   0.00,   1.87, 4.08, 4.08, 4.10, 0.00, 0.00, 1, 1, 15,  37.1687440, -97.7339239,   407.0, 2026,  3, 21, 21, 19, 41,        1,       22, 162,  87,   0.9,   0.5,   0.7,  0,  0,  0,  0, 34, 19,  0,  0, 33,  0, 18, 38,  0,  0,  0,  0,  0,  0, 27, 31, 34,  0,  0,  0, 32,  0,  0,  0, 37,  0,  0,  0
6, 16111, 1,KC3VYA,     1.20, 3,   boost,  108.85,  95733.00,  476.25,   61.78,   98.94, 47.0, 4.08, 4.02, 4.09, 118.98,   0.88,   0.57,  88.18,   6.50,   4.79,   0.78,  -0.35,   0.00,   1.93, 4.08, 4.08, 4.10, 0.00, 0.00, 1, 1, 15,  37.1687440, -97.7339239,   407.0, 2026,  3, 21, 21, 19, 41,        1,       22, 162,  87,   0.9,   0.5,   0.7,  0,  0,  0,  0, 34, 19,  0,  0, 33,  0, 18, 38,  0,  0,  0,  0,  0,  0, 27, 31, 34,  0,  0,  0, 32,  0,  0,  0, 37,  0,  0,  0
6, 16111, 1,KC3VYA,     1.21, 3,   boost,  107.87,  95711.00,  478.17,   63.70,   99.61, 46.9, 4.08, 4.02, 4.09, 118.79,   0.93,   0.45,  90.62,   6.38,   5.10,   0.78,  -0.35,   0.00,   2.00, 4.08, 4.08, 4.10, 0.00, 0.00, 1, 1, 15,  37.1687440, -97.7339239,   407.0, 2026,  3, 21, 21, 19, 41,        1,       22, 162,  87,   0.9,   0.5,   0.7,  0,  0,  0,  0, 34, 19,  0,  0, 33,  0, 18, 38,  0,  0,  0,  0,  0,  0, 27, 31, 34,  0,  0,  0, 32,  0,  0,  0, 37,  0,  0,  0
6, 16111, 1,KC3VYA,     1.22, 3,   boost,  107.87,  95711.00,  478.17,   63.70,  100.28, 46.9, 4.08, 4.02, 4.09, 119.31,   0.96,   0.70,  93.49,   6.20,   5.04,   0.78,  -0.35,   0.00,   2.06, 4.08, 4.08, 4.10, 0.00, 0.00, 1, 1, 15,  37.1687440, -97.7339239,   407.0, 2026,  3, 21, 21, 19, 41,        1,       22, 162,  87,   0.9,   0.5,   0.7,  0,  0,  0,  0, 34, 19,  0,  0, 33,  0, 18, 38,  0,  0,  0,  0,  0,  0, 27, 31, 34,  0,  0,  0, 32,  0,  0,  0, 37,  0,  0,  0
6, 16111, 1,KC3VYA,     1.23, 3,   boost,  106.40,  95695.00,  479.56,   65.10,  100.95, 47.0, 4.08, 4.02, 4.09, 119.16,   0.93,   0.66,  96.18,   5.77,   5.28,   0.78,  -0.34,  -0.00,   2.13, 4.08, 4.08, 4.10, 0.00, 0.00, 1, 1, 15,  37.1687440, -97.7339239,   407.0, 2026,  3, 21, 21, 19, 41,        1,       22, 162,  87,   0.9,   0.5,   0.7,  0,  0,  0,  0, 34, 19,  0,  0, 33,  0, 18, 38,  0,  0,  0,  0,  0,  0, 27, 31, 34,  0,  0,  0, 32,  0,  0,  0, 37,  0,  0,  0
6, 16111, 1,KC3VYA,     1.24, 3,   boost,  108.36,  95695.00,  479.56,   65.10,  101.62, 47.0, 4.08, 4.02, 4.09, 119.13,   0.85,   0.47,  98.80,   5.22,   5.34,   0.78,  -0.34,  -0.00,   2.19, 4.08, 4.08, 4.10, 0.00, 0.00, 1, 1, 15,  37.1687440, -97.7339239,   407.0, 2026,  3, 21, 21, 19, 41,        1,       22, 162,  87,   0.9,   0.5,   0.7,  0,  0,  0,  0, 34, 19,  0,  0, 33,  0, 18, 38,  0,  0,  0,  0,  0,  0, 27, 31, 34,  0,  0,  0, 32,  0,  0,  0, 37,  0,  0,  0
6, 16111, 1,KC3VYA,     1.25, 3,   boost,  108.85,  95684.00,  480.52,   66.06,  102.30, 47.0, 4.08, 4.02, 4.09, 119.87,   0.82,   0.72, 101.92,   5.59,   5.28,   0.78,  -0.33,  -0.01,   2.26, 4.08, 4.08, 4.10, 0.00, 0.00, 1, 1, 15,  37.1687440, -97.7339239,   407.0, 2026,  3, 21, 21, 19, 41,        1,       22, 162,  87,   0.9,   0.5,   0.7,  0,  0,  0,  0, 34, 19,  0,  0, 33,  0, 18, 38,  0,  0,  0,  0,  0,  0, 27, 31, 34,  0,  0,  0, 32,  0,  0,  0, 37,  0,  0,  0
6, 16111, 1,KC3VYA,     1.26, 3,   boost,  107.38,  95684.00,  480.52,   66.06,  102.98, 47.0, 4.08, 4.02, 4.09, 119.38,   0.71,   0.76, 104.60,   5.04,   5.28,   0.78,  -0.33,  -0.00,   2.32, 4.08, 4.08, 4.10, 0.00, 0.00, 1, 1, 15,  37.1687440, -97.7339239,   407.0, 2026,  3, 21, 21, 19, 41,        1,       22, 162,  87,   0.9,   0.5,   0.7,  0,  0,  0,  0, 34, 19,  0,  0, 33,  0, 18, 38,  0,  0,  0,  0,  0,  0, 27, 31, 34,  0,  0,  0, 32,  0,  0,  0, 37,  0,  0,  0
6, 16111, 1,KC3VYA,     1.27, 3,   boost,  106.40,  95649.00,  483.58,   69.11,  103.66, 47.0, 4.08, 4.02, 4.09, 119.42,   0.56,   0.92, 106.98,   4.97,   5.34,   0.78,  -0.32,  -0.01,   2.38, 4.08, 4.08, 4.10, 0.00, 0.00, 1, 1, 15,  37.1687440, -97.7339239,   407.0, 2026,  3, 21, 21, 19, 41,        1,       22, 162,  87,   0.9,   0.5,   0.7,  0,  0,  0,  0, 34, 19,  0,  0, 33,  0, 18, 38,  0,  0,  0,  0,  0,  0, 27, 31, 34,  0,  0,  0, 32,  0,  0,  0, 37,  0,  0,  0
6, 16111, 1,KC3VYA,     1.28, 3,   boost,  108.85,  95649.00,  483.58,   69.11,  104.35, 47.0, 4.08, 4.02, 4.09, 119.26,   0.36,   1.06, 109.54,   4.61,   5.28,   0.78,  -0.32,  -0.01,   2.45, 4.08, 4.08, 4.10, 0.00, 0.00, 1, 1, 15,  37.1687440, -97.7339239,   407.0, 2026,  3, 21, 21, 19, 41,        1,       22, 162,  87,   0.9,   0.5,   0.7,  0,  0,  0,  0, 34, 19,  0,  0, 33,  0, 18, 38,  0,  0,  0,  0,  0,  0, 27, 31, 34,  0,  0,  0, 32,  0,  0,  0, 37,  0,  0,  0
6, 16111, 1,KC3VYA,     1.29, 3,   boost,  109.34,  95625.00,  485.67,   71.20,  105.04, 47.0, 4.08, 4.02, 4.09, 119.40,   0.71,   0.71, 112.17,   4.55,   4.98,   0.78,  -0.31,  -0.01,   2.51, 4.08, 4.08, 4.10, 0.00, 0.00, 1, 1, 15,  37.1687440, -97.7339239,   407.0, 2026,  3, 21, 21, 19, 41,        1,       22, 162,  87,   0.9,   0.5,   0.7,  0,  0,  0,  0, 34, 19,  0,  0, 33,  0, 18, 38,  0,  0,  0,  0,  0,  0, 27, 31, 34,  0,  0,  0, 32,  0,  0,  0, 37,  0,  0,  0
6, 16111, 1,KC3VYA,     1.30, 3,   boost,  108.36,  95625.00,  485.67,   71.20,  105.72, 47.0, 4.08, 3.95, 4.09, 119.35,   0.37,   0.97, 115.34,   3.94,   4.79,   0.78,  -0.31,  -0.01,   2.56, 4.08, 4.08, 4.11, 0.00, 0.00, 1, 1, 15,  37.1687440, -97.7339239,   407.0, 2026,  3, 21, 21, 19, 41,        1,       22, 162,  87,   0.9,   0.5,   0.7,  0,  0,  0,  0, 34, 19,  0,  0, 33,  0, 18, 38,  0,  0,  0,  0,  0,  0, 27, 31, 34,  0,  0,  0, 32,  0,  0,  0, 37,  0,  0,  0
6, 16111, 1,KC3VYA,     1.30, 3,   boost,  108.36,  95625.00,  485.67,   71.20,  105.72, 47.0, 4.08, 3.95, 4.09, 119.35,   0.37,   0.97, 115.34,   3.94,   4.79,   0.78,  -0.31,  -0.01,   2.56, 4.08, 4.08, 4.11, 0.00, 0.00, 1, 1, 15,  37.1687440, -97.7339239,   407.0, 2026,  3, 21, 21, 19, 41,        1,       22, 162,  87,   0.9,   0.5,   0.7,  0,  0,  0,  0, 34, 19,  0,  0, 33,  0, 18, 38,  0,  0,  0,  0,  0,  0, 27, 31, 34,  0,  0,  0, 32,  0,  0,  0, 37,  0,  0,  0
6, 16111, 1,KC3VYA,     1.31, 3,   boost,  109.34,  95597.00,  488.11,   73.64,  106.41, 46.9, 4.08, 3.95, 4.09, 119.66,   0.37,   0.76, 118.76,   4.36,   4.73,   0.78,  -0.30,  -0.01,   2.62, 4.08, 4.08, 4.11, 0.00, 0.00, 1, 1, 15,  37.1687440, -97.7339239,   407.0, 2026,  3, 21, 21, 19, 41,        1,       22, 162,  87,   0.9,   0.5,   0.7,  0,  0,  0,  0, 34, 19,  0,  0, 33,  0, 18, 38,  0,  0,  0,  0,  0,  0, 27, 31, 34,  0,  0,  0, 32,  0,  0,  0, 37,  0,  0,  0
6, 16111, 1,KC3VYA,     1.32, 3,   boost,  107.87,  95597.00,  488.11,   73.64,  107.11, 46.9, 4.08, 3.95, 4.09, 119.92,   0.46,   0.89, 121.75,   3.33,   4.73,   0.78,  -0.30,  -0.01,   2.67, 4.08, 4.08, 4.11, 0.00, 0.00, 1, 1, 15,  37.1687440, -97.7339239,   407.0, 2026,  3, 21, 21, 19, 41,        1,       22, 162,  87,   0.9,   0.5,   0.7,  0,  0,  0,  0, 34, 19,  0,  0, 33,  0, 18, 38,  0,  0,  0,  0,  0,  0, 27, 31, 34,  0,  0,  0, 32,  0,  0,  0, 37,  0,  0,  0
6, 16111, 1,KC3VYA,     1.33, 3,   boost,  111.80,  95569.00,  490.56,   76.09,  107.80, 46.9, 4.08, 3.95, 4.09, 119.70,   0.50,   1.04, 124.86,   3.02,   4.61,   0.78,  -0.30,  -0.01,   2.72, 4.08, 4.08, 4.11, 0.00, 0.00, 1, 1, 15,  37.1687440, -97.7339239,   407.0, 2026,  3, 21, 21, 19, 41,        1,       22, 162,  87,   0.9,   0.5,   0.7,  0,  0,  0,  0, 34, 19,  0,  0, 33,  0, 18, 38,  0,  0,  0,  0,  0,  0, 27, 31, 34,  0,  0,  0, 32,  0,  0,  0, 37,  0,  0,  0
6, 16111, 1,KC3VYA,     1.34, 3,   boost,  109.34,  95569.00,  490.56,   76.09,  108.51, 46.9, 4.08, 3.95, 4.09, 119.50,   0.53,   0.82, 127.37,   3.08,   4.55,   0.78,  -0.29,  -0.02,   2.77, 4.08, 4.08, 4.11, 0.00, 0.00, 1, 1, 15,  37.1687440, -97.7339239,   407.0, 2026,  3, 21, 21, 19, 41,        1,       22, 162,  87,   0.9,   0.5,   0.7,  0,  0,  0,  0, 34, 19,  0,  0, 33,  0, 18, 38,  0,  0,  0,  0,  0,  0, 27, 31, 34,  0,  0,  0, 32,  0,  0,  0, 37,  0,  0,  0
6, 16111, 1,KC3VYA,     1.35, 3,   boost,  109.83,  95540.00,  493.09,   78.62,  109.22, 47.0, 4.08, 3.95, 4.09, 120.15,   0.61,   0.94, 129.81,   2.72,   4.18,   0.78,  -0.29,  -0.02,   2.82, 4.08, 4.08, 4.11, 0.00, 0.00, 1, 1, 15,  37.1687440, -97.7339239,   407.0, 2026,  3, 21, 21, 19, 41,        1,       22, 162,  87,   0.9,   0.5,   0.7,  0,  0,  0,  0, 34, 19,  0,  0, 33,  0, 18, 38,  0,  0,  0,  0,  0,  0, 27, 31, 34,  0,  0,  0, 32,  0,  0,  0, 37,  0,  0,  0
6, 16111, 1,KC3VYA,     1.36, 3,   boost,  106.89,  95540.00,  493.09,   78.62,  109.93, 47.0, 4.08, 3.95, 4.09, 120.05,   0.42,   0.89, 133.59,   3.08,   3.94,   0.78,  -0.28,  -0.02,   2.86, 4.08, 4.08, 4.11, 0.00, 0.00, 1, 1, 15,  37.1687440, -97.7339239,   407.0, 2026,  3, 21, 21, 19, 41,        1,       22, 162,  87,   0.9,   0.5,   0.7,  0,  0,  0,  0, 34, 19,  0,  0, 33,  0, 18, 38,  0,  0,  0,  0,  0,  0, 27, 31, 34,  0,  0,  0, 32,  0,  0,  0, 37,  0,  0,  0
6, 16111, 1,KC3VYA,     1.37, 3,   boost,  111.31,  95531.00,  493.87,   79.40,  110.65, 47.0, 4.08, 3.95, 4.09, 119.88,   0.18,   0.72, 135.85,   2.53,   3.94,   0.78,  -0.27,  -0.02,   2.91, 4.08, 4.08, 4.11, 0.00, 0.00, 1, 1, 15,  37.1687440, -97.7339239,   407.0, 2026,  3, 21, 21, 19, 41,        1,       22, 162,  87,   0.9,   0.5,   0.7,  0,  0,  0,  0, 34, 19,  0,  0, 33,  0, 18, 38,  0,  0,  0,  0,  0,  0, 27, 31, 34,  0,  0,  0, 32,  0,  0,  0, 37,  0,  0,  0
6, 16111, 1,KC3VYA,     1.38, 3,   boost,  107.38,  95531.00,  493.87,   79.40,  111.37, 47.0, 4.08, 3.95, 4.09, 120.49,   0.42,   0.98, 138.60,   2.05,   3.45,   0.78,  -0.27,  -0.02,   2.94, 4.08, 4.08, 4.11, 0.00, 0.00, 1, 1, 15,  37.1687440, -97.7339239,   407.0, 2026,  3, 21, 21, 19, 41,        1,       22, 162,  87,   0.9,   0.5,   0.7,  0,  0,  0,  0, 34, 19,  0,  0, 33,  0, 18, 38,  0,  0,  0,  0,  0,  0, 27, 31, 34,  0,  0,  0, 32,  0,  0,  0, 37,  0,  0,  0
6, 16111, 1,KC3VYA,     1.39, 3,   boost,  108.36,  95497.00,  496.84,   82.37,  112.09, 47.0, 4.08, 3.95, 4.09, 120.54,   0.50,   1.19, 141.28,   1.50,   3.39,   0.78,  -0.26,  -0.03,   2.98, 4.08, 4.08, 4.11, 0.00, 0.00, 1, 1, 15,  37.1687440, -97.7339239,   407.0, 2026,  3, 21, 21, 19, 41,        1,       22, 162,  87,   0.9,   0.5,   0.7,  0,  0,  0,  0, 34, 19,  0,  0, 33,  0, 18, 38,  0,  0,  0,  0,  0,  0, 27, 31, 34,  0,  0,  0, 32,  0,  0,  0, 37,  0,  0,  0
6, 16111, 1,KC3VYA,     1.40, 3,   boost,  109.34,  95497.00,  496.84,   82.37,  112.82, 47.0, 4.08, 3.95, 4.09, 120.40,   0.41,   1.07, 144.33,   1.25,   3.27,   0.78,  -0.26,  -0.03,   3.01, 4.08, 4.08, 4.11, 0.00, 0.00, 1, 1, 15,  37.1687440, -97.7339239,   407.0, 2026,  3, 21, 21, 19, 41,        1,       22, 162,  87,   0.9,   0.5,   0.7,  0,  0,  0,  0, 34, 19,  0,  0, 33,  0, 18, 38,  0,  0,  0,  0,  0,  0, 27, 31, 34,  0,  0,  0, 32,  0,  0,  0, 37,  0,  0,  0
6, 16111, 1,KC3VYA,     1.41, 3,   boost,  108.85,  95467.00,  499.46,   84.99,  113.53, 47.0, 4.08, 3.95, 4.09, 120.73,   0.25,   0.97, 147.57,   0.76,   3.27,   0.78,  -0.25,  -0.03,   3.04, 4.08, 4.08, 4.11, 0.00, 0.00, 1, 1, 15,  37.1687440, -97.7339239,   407.0, 2026,  3, 21, 21, 19, 41,        1,       22, 162,  87,   0.9,   0.5,   0.7,  0,  0,  0,  0, 34, 19,  0,  0, 33,  0, 18, 38,  0,  0,  0,  0,  0,  0, 27, 31, 34,  0,  0,  0, 32,  0,  0,  0, 37,  0,  0,  0
6, 16111, 1,KC3VYA,     1.42, 3,   boost,  110.32,  95467.00,  499.46,   84.99,  114.25, 47.0, 4.08, 3.95, 4.09, 120.40,   0.31,   0.80, 150.07,   0.40,   3.02,   0.78,  -0.25,  -0.03,   3.07, 4.08, 4.08, 4.11, 0.00, 0.00, 1, 1, 15,  37.1687440, -97.7339239,   407.0, 2026,  3, 21, 21, 19, 41,        1,       22, 162,  87,   0.9,   0.5,   0.7,  0,  0,  0,  0, 34, 19,  0,  0, 33,  0, 18, 38,  0,  0,  0,  0,  0,  0, 27, 31, 34,  0,  0,  0, 32,  0,  0,  0, 37,  0,  0,  0
6, 16111, 1,KC3VYA,     1.43, 3,   boost,  109.34,  95446.00,  501.30,   86.83,  114.96, 47.0, 4.08, 3.95, 4.09, 120.81,   0.11,   1.08, 152.51,   0.03,   2.66,   0.78,  -0.25,  -0.03,   3.10, 4.08, 4.08, 4.11, 0.00, 0.00, 1, 1, 15,  37.1687440, -97.7339239,   407.0, 2026,  3, 21, 21, 19, 41,        1,       22, 162,  87,   0.9,   0.5,   0.7,  0,  0,  0,  0, 34, 19,  0,  0, 33,  0, 18, 38,  0,  0,  0,  0,  0,  0, 27, 31, 34,  0,  0,  0, 32,  0,  0,  0, 37,  0,  0,  0
6, 16111, 1,KC3VYA,     1.44, 3,   boost,  108.85,  95446.00,  501.30,   86.83,  115.67, 47.0, 4.08, 3.95, 4.09, 121.06,   0.17,   0.63, 155.14,  -0.21,   2.48,   0.78,  -0.24,  -0.04,   3.13, 4.08, 4.08, 4.11, 0.00, 0.00, 1, 1, 15,  37.1687440, -97.7339239,   407.0, 2026,  3, 21, 21, 19, 41,        1,       22, 162,  87,   0.9,   0.5,   0.7,  0,  0,  0,  0, 34, 19,  0,  0, 33,  0, 18, 38,  0,  0,  0,  0,  0,  0, 27, 31, 34,  0,  0,  0, 32,  0,  0,  0, 37,  0,  0,  0
6, 16111, 1,KC3VYA,     1.45, 3,   boost,  107.38,  95421.00,  503.48,   89.01,  116.37, 47.0, 4.08, 3.95, 4.09, 120.63,   0.20,   0.27, 159.11,   0.03,   2.11,   0.78,  -0.23,  -0.04,   3.15, 4.08, 4.08, 4.11, 0.00, 0.00, 1, 1, 15,  37.1687440, -97.7339239,   407.0, 2026,  3, 21, 21, 19, 41,        1,       22, 162,  87,   0.9,   0.5,   0.7,  0,  0,  0,  0, 34, 19,  0,  0, 33,  0, 18, 38,  0,  0,  0,  0,  0,  0, 27, 31, 34,  0,  0,  0, 32,  0,  0,  0, 37,  0,  0,  0
6, 16111, 1,KC3VYA,     1.46, 3,   boost,  109.83,  95421.00,  503.48,   89.01,  117.07, 47.0, 4.08, 3.95, 4.09, 120.73,   0.19,   0.80, 161.00,   0.28,   2.11,   0.78,  -0.23,  -0.04,   3.17, 4.08, 4.08, 4.11, 0.00, 0.00, 1, 1, 15,  37.1687440, -97.7339239,   407.0, 2026,  3, 21, 21, 19, 41,        1,       22, 162,  87,   0.9,   0.5,   0.7,  0,  0,  0,  0, 34, 19,  0,  0, 33,  0, 18, 38,  0,  0,  0,  0,  0,  0, 27, 31, 34,  0,  0,  0, 32,  0,  0,  0, 37,  0,  0,  0
6, 16111, 1,KC3VYA,     1.47, 3,   boost,  111.80,  95382.00,  506.89,   92.42,  117.77, 46.9, 4.08, 3.95, 4.09, 120.87,   0.27,   0.63, 163.87,   0.46,   1.99,   0.78,  -0.22,  -0.05,   3.19, 4.08, 4.08, 4.11, 0.00, 0.00, 1, 1, 15,  37.1687440, -97.7339239,   407.0, 2026,  3, 21, 21, 19, 41,        1,       22, 162,  87,   0.9,   0.5,   0.7,  0,  0,  0,  0, 34, 19,  0,  0, 33,  0, 18, 38,  0,  0,  0,  0,  0,  0, 27, 31, 34,  0,  0,  0, 32,  0,  0,  0, 37,  0,  0,  0
6, 16111, 1,KC3VYA,     1.48, 3,   boost,  108.36,  95382.00,  506.89,   92.42,  118.47, 46.9, 4.08, 3.95, 4.09, 120.35,   0.36,   0.34, 165.33,   0.52,   1.80,   0.78,  -0.21,  -0.05,   3.20, 4.08, 4.08, 4.11, 0.00, 0.00, 1, 1, 15,  37.1687440, -97.7339239,   407.0, 2026,  3, 21, 21, 19, 41,        1,       22, 162,  87,   0.9,   0.5,   0.7,  0,  0,  0,  0, 34, 19,  0,  0, 33,  0, 18, 38,  0,  0,  0,  0,  0,  0, 27, 31, 34,  0,  0,  0, 32,  0,  0,  0, 37,  0,  0,  0
6, 16111, 1,KC3VYA,     1.49, 3,   boost,  109.34,  95366.00,  508.29,   93.82,  119.18, 46.9, 4.08, 3.95, 4.09, 120.77,   0.19,   0.82, 168.02,   0.03,   1.44,   0.78,  -0.21,  -0.05,   3.22, 4.08, 4.08, 4.11, 0.00, 0.00, 1, 1, 15,  37.1687440, -97.7339239,   407.0, 2026,  3, 21, 21, 19, 41,        1,       22, 162,  87,   0.9,   0.5,   0.7,  0,  0,  0,  0, 34, 19,  0,  0, 33,  0, 18, 38,  0,  0,  0,  0,  0,  0, 27, 31, 34,  0,  0,  0, 32,  0,  0,  0, 37,  0,  0,  0
6, 16111, 1,KC3VYA,     1.50, 3,   boost,  107.87,  95366.00,  508.29,   93.82,  119.89, 46.9, 4.08, 3.95, 4.09, 120.58,   0.04,   0.60, 170.64,   0.21,   1.19,   0.78,  -0.20,  -0.06,   3.23, 4.08, 4.08, 4.11, 0.00, 0.00, 1, 1, 15,  37.1687440, -97.7339239,   407.0, 2026,  3, 21, 21, 19, 41,        1,       22, 162,  87,   0.9,   0.5,   0.7,  0,  0,  0,  0, 34, 19,  0,  0, 33,  0, 18, 38,  0,  0,  0,  0,  0,  0, 27, 31, 34,  0,  0,  0, 32,  0,  0,  0, 37,  0,  0,  0
6, 16111, 1,KC3VYA,     1.51, 3,   boost,  109.34,  95333.00,  511.17,   96.71,  120.62, 47.0, 4.08, 3.95, 4.09, 120.47,  -0.01,   0.34, 173.75,  -0.03,   1.19,   0.78,  -0.20,  -0.06,   3.24, 4.08, 4.08, 4.11, 0.00, 0.00, 1, 1, 15,  37.1687440, -97.7339239,   407.0, 2026,  3, 21, 21, 19, 41,        1,       22, 162,  87,   0.9,   0.5,   0.7,  0,  0,  0,  0, 34, 19,  0,  0, 33,  0, 18, 38,  0,  0,  0,  0,  0,  0, 27, 31, 34,  0,  0,  0, 32,  0,  0,  0, 37,  0,  0,  0
6, 16111, 1,KC3VYA,     1.51, 3,   boost,  109.34,  95333.00,  511.17,   96.71,  120.62, 47.0, 4.08, 3.95, 4.09, 120.47,  -0.01,   0.34, 173.75,  -0.03,   1.19,   0.78,  -0.20,  -0.06,   3.24, 4.08, 4.08, 4.11, 0.00, 0.00, 1, 1, 15,  37.1687440, -97.7339239,   407.0, 2026,  3, 21, 21, 19, 41,        1,       22, 162,  87,   0.9,   0.5,   0.7,  0,  0,  0,  0, 34, 19,  0,  0, 33,  0, 18, 38,  0,  0,  0,  0,  0,  0, 27, 31, 34,  0,  0,  0, 32,  0,  0,  0, 37,  0,  0,  0
6, 16111, 1,KC3VYA,     1.51, 3,   boost,  109.34,  95333.00,  511.17,   96.71,  120.62, 47.0, 4.08, 3.95, 4.09, 120.47,  -0.01,   0.34, 173.75,  -0.03,   1.19,   0.78,  -0.20,  -0.06,   3.24, 4.08, 4.08, 4.11, 0.00, 0.00, 1, 1, 15,  37.1687440, -97.7339239,   407.0, 2026,  3, 21, 21, 19, 41,        1,       22, 162,  87,   0.9,   0.5,   0.7,  0,  0,  0,  0, 34, 19,  0,  0, 33,  0, 18, 38,  0,  0,  0,  0,  0,  0, 27, 31, 34,  0,  0,  0, 32,  0,  0,  0, 37,  0,  0,  0
6, 16111, 1,KC3VYA,     1.52, 3,   boost,  108.36,  95333.00,  511.17,   96.71,  121.35, 47.0, 4.08, 3.95, 4.09, 120.65,   0.14,   0.34, 176.20,   0.40,   0.89,   0.77,  -0.19,  -0.06,   3.25, 4.08, 4.08, 4.11, 0.00, 0.00, 1, 1, 15,  37.1687153, -97.7339166,   502.0, 2026,  3, 21, 21, 19, 42,        5,      117, 167,  88,   1.2,   0.6,   1.0,  0,  0,  0,  0, 21, 34,  0,  0, 35,  0, 15, 37,  0,  0,  0,  0,  0,  0, 29, 26, 35,  0,  0,  0, 36,  0,  0,  0, 39,  0,  0,  0
6, 16111, 1,KC3VYA,     1.53, 3,   boost,  107.38,  95299.00,  514.15,   99.68,  122.08, 47.0, 4.08, 3.95, 4.09, 120.35,   0.19,   0.35, 178.76,   0.52,   0.64,   0.77,  -0.19,  -0.07,   3.25, 4.08, 4.08, 4.11, 0.00, 0.00, 1, 1, 15,  37.1687153, -97.7339166,   502.0, 2026,  3, 21, 21, 19, 42,        5,      117, 167,  88,   1.2,   0.6,   1.0,  0,  0,  0,  0, 21, 34,  0,  0, 35,  0, 15, 37,  0,  0,  0,  0,  0,  0, 29, 26, 35,  0,  0,  0, 36,  0,  0,  0, 39,  0,  0,  0
6, 16111, 1,KC3VYA,     1.54, 3,   boost,  103.95,  95299.00,  514.15,   99.68,  122.81, 47.0, 4.08, 3.95, 4.09, 120.83,   0.29,   0.40, 181.44,   0.76,   0.28,   0.77,  -0.19,  -0.07,   3.26, 4.08, 4.08, 4.11, 0.00, 0.00, 1, 1, 15,  37.1687153, -97.7339166,   502.0, 2026,  3, 21, 21, 19, 42,        5,      117, 167,  88,   1.2,   0.6,   1.0,  0,  0,  0,  0, 21, 34,  0,  0, 35,  0, 15, 37,  0,  0,  0,  0,  0,  0, 29, 26, 35,  0,  0,  0, 36,  0,  0,  0, 39,  0,  0,  0
6, 16111, 1,KC3VYA,     1.55, 3,   boost,  109.34,  95282.00,  515.63,  101.17,  123.55, 46.9, 4.08, 3.95, 4.09, 120.31,   0.38,   0.20, 183.82,   0.28,   0.16,   0.77,  -0.18,  -0.07,   3.26, 4.08, 4.08, 4.11, 0.00, 0.00, 1, 1, 15,  37.1687153, -97.7339166,   502.0, 2026,  3, 21, 21, 19, 42,        5,      117, 167,  88,   1.2,   0.6,   1.0,  0,  0,  0,  0, 21, 34,  0,  0, 35,  0, 15, 37,  0,  0,  0,  0,  0,  0, 29, 26, 35,  0,  0,  0, 36,  0,  0,  0, 39,  0,  0,  0
6, 16111, 1,KC3VYA,     1.56, 3,   boost,  108.36,  95282.00,  515.63,  101.17,  124.28, 46.9, 4.08, 3.95, 4.09, 120.89,   0.26,   0.59, 186.82,   0.34,  -0.21,   0.77,  -0.17,  -0.08,   3.25, 4.08, 4.08, 4.11, 0.00, 0.00, 1, 1, 15,  37.1687153, -97.7339166,   502.0, 2026,  3, 21, 21, 19, 42,        5,      117, 167,  88,   1.2,   0.6,   1.0,  0,  0,  0,  0, 21, 34,  0,  0, 35,  0, 15, 37,  0,  0,  0,  0,  0,  0, 29, 26, 35,  0,  0,  0, 36,  0,  0,  0, 39,  0,  0,  0
6, 16111, 1,KC3VYA,     1.57, 3,   boost,  107.87,  95260.00,  517.56,  103.09,  125.02, 46.9, 4.08, 3.95, 4.09, 120.54,   0.11,   0.39, 189.68,   0.76,  -0.33,   0.77,  -0.17,  -0.08,   3.25, 4.08, 4.08, 4.11, 0.00, 0.00, 1, 1, 15,  37.1687153, -97.7339166,   502.0, 2026,  3, 21, 21, 19, 42,        5,      117, 167,  88,   1.2,   0.6,   1.0,  0,  0,  0,  0, 21, 34,  0,  0, 35,  0, 15, 37,  0,  0,  0,  0,  0,  0, 29, 26, 35,  0,  0,  0, 36,  0,  0,  0, 39,  0,  0,  0
6, 16111, 1,KC3VYA,     1.58, 3,   boost,  107.87,  95260.00,  517.56,  103.09,  125.75, 46.9, 4.08, 3.95, 4.09, 120.28,   0.01,   0.06, 192.25,   1.31,  -0.52,   0.77,  -0.16,  -0.09,   3.24, 4.08, 4.08, 4.11, 0.00, 0.00, 1, 1, 15,  37.1687153, -97.7339166,   502.0, 2026,  3, 21, 21, 19, 42,        5,      117, 167,  88,   1.2,   0.6,   1.0,  0,  0,  0,  0, 21, 34,  0,  0, 35,  0, 15, 37,  0,  0,  0,  0,  0,  0, 29, 26, 35,  0,  0,  0, 36,  0,  0,  0, 39,  0,  0,  0
6, 16111, 1,KC3VYA,     1.59, 3,   boost,  109.34,  95216.00,  521.41,  106.94,  126.49, 47.0, 4.08, 3.95, 4.09, 121.42,   0.06,   0.33, 195.18,   1.86,  -1.19,   0.77,  -0.16,  -0.09,   3.22, 4.08, 4.08, 4.11, 0.00, 0.00, 1, 1, 15,  37.1687153, -97.7339166,   502.0, 2026,  3, 21, 21, 19, 42,        5,      117, 167,  88,   1.2,   0.6,   1.0,  0,  0,  0,  0, 21, 34,  0,  0, 35,  0, 15, 37,  0,  0,  0,  0,  0,  0, 29, 26, 35,  0,  0,  0, 36,  0,  0,  0, 39,  0,  0,  0
6, 16111, 1,KC3VYA,     1.60, 3,   boost,  109.34,  95216.00,  521.41,  106.94,  127.22, 47.0, 4.08, 3.95, 4.09, 120.78,   0.28,   0.27, 197.01,   2.72,  -1.13,   0.77,  -0.16,  -0.10,   3.20, 4.08, 4.08, 4.11, 0.00, 0.00, 1, 1, 15,  37.1687153, -97.7339166,   502.0, 2026,  3, 21, 21, 19, 42,        5,      117, 167,  88,   1.2,   0.6,   1.0,  0,  0,  0,  0, 21, 34,  0,  0, 35,  0, 15, 37,  0,  0,  0,  0,  0,  0, 29, 26, 35,  0,  0,  0, 36,  0,  0,  0, 39,  0,  0,  0
6, 16111, 1,KC3VYA,     1.61, 3,   boost,  109.34,  95190.00,  523.69,  109.22,  127.96, 46.9, 4.08, 3.95, 4.09, 120.83,   0.87,   0.22, 201.28,   2.78,  -0.82,   0.77,  -0.15,  -0.10,   3.17, 4.08, 4.08, 4.11, 0.00, 0.00, 1, 1, 15,  37.1687153, -97.7339166,   502.0, 2026,  3, 21, 21, 19, 42,        5,      117, 167,  88,   1.2,   0.6,   1.0,  0,  0,  0,  0, 21, 34,  0,  0, 35,  0, 15, 37,  0,  0,  0,  0,  0,  0, 29, 26, 35,  0,  0,  0, 36,  0,  0,  0, 39,  0,  0,  0
6, 16111, 1,KC3VYA,     1.62, 3,   boost,  111.31,  95190.00,  523.69,  109.22,  128.70, 46.9, 4.08, 4.02, 4.08, 120.73,   0.36,   0.19, 203.29,   3.94,  -1.13,   0.77,  -0.15,  -0.11,   3.15, 4.07, 4.09, 4.10, 0.00, 0.00, 1, 1, 15,  37.1687153, -97.7339166,   502.0, 2026,  3, 21, 21, 19, 42,        5,      117, 167,  88,   1.2,   0.6,   1.0,  0,  0,  0,  0, 21, 34,  0,  0, 35,  0, 15, 37,  0,  0,  0,  0,  0,  0, 29, 26, 35,  0,  0,  0, 36,  0,  0,  0, 39,  0,  0,  0
6, 16111, 1,KC3VYA,     1.62, 3,   boost,  111.31,  95190.00,  523.69,  109.22,  128.70, 46.9, 4.08, 4.02, 4.08, 120.73,   0.36,   0.19, 203.29,   3.94,  -1.13,   0.77,  -0.15,  -0.11,   3.15, 4.07, 4.09, 4.10, 0.00, 0.00, 1, 1, 15,  37.1687153, -97.7339166,   502.0, 2026,  3, 21, 21, 19, 42,        5,      117, 167,  88,   1.2,   0.6,   1.0,  0,  0,  0,  0, 21, 34,  0,  0, 35,  0, 15, 37,  0,  0,  0,  0,  0,  0, 29, 26, 35,  0,  0,  0, 36,  0,  0,  0, 39,  0,  0,  0
6, 16111, 1,KC3VYA,     1.63, 3,   boost,  106.40,  95165.00,  525.88,  111.41,  129.44, 46.9, 4.08, 4.02, 4.08, 120.71,   0.27,   0.34, 206.65,   3.57,  -1.06,   0.77,  -0.15,  -0.11,   3.12, 4.07, 4.09, 4.10, 0.00, 0.00, 1, 1, 15,  37.1687153, -97.7339166,   502.0, 2026,  3, 21, 21, 19, 42,        5,      117, 167,  88,   1.2,   0.6,   1.0,  0,  0,  0,  0, 21, 34,  0,  0, 35,  0, 15, 37,  0,  0,  0,  0,  0,  0, 29, 26, 35,  0,  0,  0, 36,  0,  0,  0, 39,  0,  0,  0
6, 16111, 1,KC3VYA,     1.64, 3,   boost,  105.42,  95165.00,  525.88,  111.41,  130.19, 46.9, 4.08, 4.02, 4.08, 120.47,   0.50,   0.42, 208.85,   3.45,  -1.31,   0.77,  -0.14,  -0.12,   3.09, 4.07, 4.09, 4.10, 0.00, 0.00, 1, 1, 15,  37.1687153, -97.7339166,   502.0, 2026,  3, 21, 21, 19, 42,        5,      117, 167,  88,   1.2,   0.6,   1.0,  0,  0,  0,  0, 21, 34,  0,  0, 35,  0, 15, 37,  0,  0,  0,  0,  0,  0, 29, 26, 35,  0,  0,  0, 36,  0,  0,  0, 39,  0,  0,  0
6, 16111, 1,KC3VYA,     1.65, 3,   boost,  109.83,  95128.00,  529.12,  114.65,  130.93, 46.9, 4.08, 4.02, 4.08, 120.49,   0.51,   0.40, 212.08,   3.51,  -1.31,   0.77,  -0.14,  -0.12,   3.06, 4.07, 4.09, 4.10, 0.00, 0.00, 1, 1, 15,  37.1687153, -97.7339166,   502.0, 2026,  3, 21, 21, 19, 42,        5,      117, 167,  88,   1.2,   0.6,   1.0,  0,  0,  0,  0, 21, 34,  0,  0, 35,  0, 15, 37,  0,  0,  0,  0,  0,  0, 29, 26, 35,  0,  0,  0, 36,  0,  0,  0, 39,  0,  0,  0
6, 16111, 1,KC3VYA,     1.66, 3,   boost,  110.32,  95128.00,  529.12,  114.65,  131.68, 46.9, 4.08, 4.02, 4.08, 120.68,   0.59,   0.42, 214.16,   5.40,  -1.00,   0.77,  -0.14,  -0.12,   3.02, 4.07, 4.09, 4.10, 0.00, 0.00, 1, 1, 15,  37.1687153, -97.7339166,   502.0, 2026,  3, 21, 21, 19, 42,        5,      117, 167,  88,   1.2,   0.6,   1.0,  0,  0,  0,  0, 21, 34,  0,  0, 35,  0, 15, 37,  0,  0,  0,  0,  0,  0, 29, 26, 35,  0,  0,  0, 36,  0,  0,  0, 39,  0,  0,  0
6, 16111, 1,KC3VYA,     1.67, 3,   boost,  107.38,  95100.00,  531.57,  117.10,  132.43, 46.9, 4.08, 4.02, 4.08, 120.47,   0.52,   0.52, 217.88,   5.34,  -0.88,   0.77,  -0.13,  -0.14,   2.98, 4.07, 4.09, 4.10, 0.00, 0.00, 1, 1, 15,  37.1687153, -97.7339166,   502.0, 2026,  3, 21, 21, 19, 42,        5,      117, 167,  88,   1.2,   0.6,   1.0,  0,  0,  0,  0, 21, 34,  0,  0, 35,  0, 15, 37,  0,  0,  0,  0,  0,  0, 29, 26, 35,  0,  0,  0, 36,  0,  0,  0, 39,  0,  0,  0
6, 16111, 1,KC3VYA,     1.68, 3,   boost,  108.85,  95100.00,  531.57,  117.10,  133.18, 46.9, 4.08, 4.02, 4.08, 120.46,   0.45,   0.60, 220.14,   5.34,  -1.06,   0.77,  -0.13,  -0.14,   2.93, 4.07, 4.09, 4.10, 0.00, 0.00, 1, 1, 15,  37.1687153, -97.7339166,   502.0, 2026,  3, 21, 21, 19, 42,        5,      117, 167,  88,   1.2,   0.6,   1.0,  0,  0,  0,  0, 21, 34,  0,  0, 35,  0, 15, 37,  0,  0,  0,  0,  0,  0, 29, 26, 35,  0,  0,  0, 36,  0,  0,  0, 39,  0,  0,  0
6, 16111, 1,KC3VYA,     1.69, 3,   boost,  109.34,  95063.00,  534.81,  120.35,  133.94, 47.0, 4.08, 4.02, 4.08, 120.37,   0.77,   0.29, 222.28,   6.50,  -1.06,   0.77,  -0.13,  -0.15,   2.88, 4.07, 4.09, 4.10, 0.00, 0.00, 1, 1, 15,  37.1687153, -97.7339166,   502.0, 2026,  3, 21, 21, 19, 42,        5,      117, 167,  88,   1.2,   0.6,   1.0,  0,  0,  0,  0, 21, 34,  0,  0, 35,  0, 15, 37,  0,  0,  0,  0,  0,  0, 29, 26, 35,  0,  0,  0, 36,  0,  0,  0, 39,  0,  0,  0
6, 16111, 1,KC3VYA,     1.70, 3,   boost,  109.83,  95063.00,  534.81,  120.35,  134.70, 47.0, 4.08, 4.02, 4.08, 120.49,   0.85,   0.59, 224.78,   7.05,  -0.82,   0.77,  -0.13,  -0.16,   2.83, 4.07, 4.09, 4.10, 0.00, 0.00, 1, 1, 15,  37.1687153, -97.7339166,   502.0, 2026,  3, 21, 21, 19, 42,        5,      117, 167,  88,   1.2,   0.6,   1.0,  0,  0,  0,  0, 21, 34,  0,  0, 35,  0, 15, 37,  0,  0,  0,  0,  0,  0, 29, 26, 35,  0,  0,  0, 36,  0,  0,  0, 39,  0,  0,  0
6, 16111, 1,KC3VYA,     1.71, 3,   boost,  109.34,  95020.00,  538.58,  124.12,  135.46, 46.9, 4.08, 4.02, 4.08, 120.49,   0.68,   0.84, 228.07,   6.62,  -0.39,   0.77,  -0.13,  -0.16,   2.78, 4.07, 4.09, 4.10, 0.00, 0.00, 1, 1, 15,  37.1687153, -97.7339166,   502.0, 2026,  3, 21, 21, 19, 42,        5,      117, 167,  88,   1.2,   0.6,   1.0,  0,  0,  0,  0, 21, 34,  0,  0, 35,  0, 15, 37,  0,  0,  0,  0,  0,  0, 29, 26, 35,  0,  0,  0, 36,  0,  0,  0, 39,  0,  0,  0
6, 16111, 1,KC3VYA,     1.72, 3,   boost,  105.42,  95020.00,  538.58,  124.12,  136.22, 46.9, 4.08, 4.02, 4.08, 120.29,   0.60,   0.70, 231.55,   6.38,  -0.03,   0.77,  -0.13,  -0.17,   2.73, 4.07, 4.09, 4.10, 0.00, 0.00, 1, 1, 15,  37.1687153, -97.7339166,   502.0, 2026,  3, 21, 21, 19, 42,        5,      117, 167,  88,   1.2,   0.6,   1.0,  0,  0,  0,  0, 21, 34,  0,  0, 35,  0, 15, 37,  0,  0,  0,  0,  0,  0, 29, 26, 35,  0,  0,  0, 36,  0,  0,  0, 39,  0,  0,  0
6, 16111, 1,KC3VYA,     1.73, 3,   boost,  109.83,  95009.00,  539.55,  125.08,  136.98, 46.9, 4.08, 4.02, 4.08, 120.37,   0.63,   0.99, 232.90,   7.84,   0.16,   0.77,  -0.13,  -0.17,   2.68, 4.07, 4.09, 4.10, 0.00, 0.00, 1, 1, 15,  37.1687153, -97.7339166,   502.0, 2026,  3, 21, 21, 19, 42,        5,      117, 167,  88,   1.2,   0.6,   1.0,  0,  0,  0,  0, 21, 34,  0,  0, 35,  0, 15, 37,  0,  0,  0,  0,  0,  0, 29, 26, 35,  0,  0,  0, 36,  0,  0,  0, 39,  0,  0,  0
6, 16111, 1,KC3VYA,     1.74, 3,   boost,  108.36,  95009.00,  539.55,  125.08,  137.74, 46.9, 4.08, 4.02, 4.08, 120.31,   0.63,   0.93, 236.74,   6.99,   0.22,   0.77,  -0.13,  -0.18,   2.63, 4.07, 4.09, 4.10, 0.00, 0.00, 1, 1, 15,  37.1687153, -97.7339166,   502.0, 2026,  3, 21, 21, 19, 42,        5,      117, 167,  88,   1.2,   0.6,   1.0,  0,  0,  0,  0, 21, 34,  0,  0, 35,  0, 15, 37,  0,  0,  0,  0,  0,  0, 29, 26, 35,  0,  0,  0, 36,  0,  0,  0, 39,  0,  0,  0
6, 16111, 1,KC3VYA,     1.75, 3,   boost,  108.36,  94953.00,  544.46,  129.99,  138.50, 46.9, 4.08, 4.02, 4.08, 120.63,   0.70,   1.15, 238.51,   7.05,   0.52,   0.77,  -0.14,  -0.18,   2.58, 4.07, 4.09, 4.10, 0.00, 0.00, 1, 1, 15,  37.1687153, -97.7339166,   502.0, 2026,  3, 21, 21, 19, 42,        5,      117, 167,  88,   1.2,   0.6,   1.0,  0,  0,  0,  0, 21, 34,  0,  0, 35,  0, 15, 37,  0,  0,  0,  0,  0,  0, 29, 26, 35,  0,  0,  0, 36,  0,  0,  0, 39,  0,  0,  0
6, 16111, 1,KC3VYA,     1.76, 3,   boost,  109.83,  94953.00,  544.46,  129.99,  139.27, 46.9, 4.08, 4.02, 4.08, 120.49,   0.64,   1.34, 242.36,   7.54,   0.77,   0.77,  -0.14,  -0.18,   2.52, 4.07, 4.09, 4.10, 0.00, 0.00, 1, 1, 15,  37.1687153, -97.7339166,   502.0, 2026,  3, 21, 21, 19, 42,        5,      117, 167,  88,   1.2,   0.6,   1.0,  0,  0,  0,  0, 21, 34,  0,  0, 35,  0, 15, 37,  0,  0,  0,  0,  0,  0, 29, 26, 35,  0,  0,  0, 36,  0,  0,  0, 39,  0,  0,  0
6, 16111, 1,KC3VYA,     1.77, 3,   boost,  107.87,  94915.00,  547.79,  133.33,  140.03, 46.9, 4.08, 4.02, 4.08, 120.54,   0.76,   1.26, 245.47,   7.17,   0.89,   0.77,  -0.14,  -0.19,   2.47, 4.07, 4.09, 4.10, 0.00, 0.00, 1, 1, 15,  37.1687153, -97.7339166,   502.0, 2026,  3, 21, 21, 19, 42,        5,      117, 167,  88,   1.2,   0.6,   1.0,  0,  0,  0,  0, 21, 34,  0,  0, 35,  0, 15, 37,  0,  0,  0,  0,  0,  0, 29, 26, 35,  0,  0,  0, 36,  0,  0,  0, 39,  0,  0,  0
6, 16111, 1,KC3VYA,     1.78, 3,   boost,  108.85,  94915.00,  547.79,  133.33,  140.80, 46.9, 4.08, 4.02, 4.08, 120.45,   0.83,   1.34, 248.64,   7.36,   1.32,   0.77,  -0.14,  -0.21,   2.42, 4.07, 4.09, 4.10, 0.00, 0.00, 1, 1, 15,  37.1687153, -97.7339166,   502.0, 2026,  3, 21, 21, 19, 42,        5,      117, 167,  88,   1.2,   0.6,   1.0,  0,  0,  0,  0, 21, 34,  0,  0, 35,  0, 15, 37,  0,  0,  0,  0,  0,  0, 29, 26, 35,  0,  0,  0, 36,  0,  0,  0, 39,  0,  0,  0
6, 16111, 1,KC3VYA,     1.79, 3,   boost,  109.83,  94871.00,  551.66,  137.19,  141.57, 46.9, 4.08, 4.02, 4.08, 120.37,   0.66,   1.24, 251.51,   7.60,   1.56,   0.77,  -0.14,  -0.21,   2.37, 4.07, 4.09, 4.10, 0.00, 0.00, 1, 1, 15,  37.1687153, -97.7339166,   502.0, 2026,  3, 21, 21, 19, 42,        5,      117, 167,  88,   1.2,   0.6,   1.0,  0,  0,  0,  0, 21, 34,  0,  0, 35,  0, 15, 37,  0,  0,  0,  0,  0,  0, 29, 26, 35,  0,  0,  0, 36,  0,  0,  0, 39,  0,  0,  0
6, 16111, 1,KC3VYA,     1.80, 3,   boost,  108.85,  94871.00,  551.66,  137.19,  142.33, 46.9, 4.08, 4.02, 4.08, 120.13,   0.51,   1.36, 254.14,   6.99,   1.80,   0.77,  -0.15,  -0.22,   2.32, 4.07, 4.09, 4.10, 0.00, 0.00, 1, 1, 15,  37.1687153, -97.7339166,   502.0, 2026,  3, 21, 21, 19, 42,        5,      117, 167,  88,   1.2,   0.6,   1.0,  0,  0,  0,  0, 21, 34,  0,  0, 35,  0, 15, 37,  0,  0,  0,  0,  0,  0, 29, 26, 35,  0,  0,  0, 36,  0,  0,  0, 39,  0,  0,  0
6, 16111, 1,KC3VYA,     1.81, 3,   boost,  107.87,  94839.00,  554.47,  140.00,  143.10, 46.9, 4.08, 4.02, 4.08, 120.27,   0.44,   1.58, 257.19,   5.71,   2.05,   0.77,  -0.16,  -0.22,   2.29, 4.07, 4.09, 4.10, 0.00, 0.00, 1, 1, 15,  37.1687153, -97.7339166,   502.0, 2026,  3, 21, 21, 19, 42,        5,      117, 167,  88,   1.2,   0.6,   1.0,  0,  0,  0,  0, 21, 34,  0,  0, 35,  0, 15, 37,  0,  0,  0,  0,  0,  0, 29, 26, 35,  0,  0,  0, 36,  0,  0,  0, 39,  0,  0,  0
6, 16111, 1,KC3VYA,     1.82, 3,   boost,  109.34,  94839.00,  554.47,  140.00,  143.87, 46.9, 4.08, 4.02, 4.08, 120.26,   0.40,   1.58, 260.73,   6.26,   2.48,   0.76,  -0.16,  -0.22,   2.25, 4.07, 4.09, 4.10, 0.00, 0.00, 1, 1, 15,  37.1687153, -97.7339166,   502.0, 2026,  3, 21, 21, 19, 42,        5,      117, 167,  88,   1.2,   0.6,   1.0,  0,  0,  0,  0, 21, 34,  0,  0, 35,  0, 15, 37,  0,  0,  0,  0,  0,  0, 29, 26, 35,  0,  0,  0, 36,  0,  0,  0, 39,  0,  0,  0
6, 16111, 1,KC3VYA,     1.83, 3,   boost,  109.83,  94821.00,  556.05,  141.58,  144.63, 46.9, 4.08, 4.02, 4.08, 120.18,   0.46,   1.90, 262.74,   5.34,   2.66,   0.77,  -0.17,  -0.23,   2.22, 4.07, 4.09, 4.10, 0.00, 0.00, 1, 1, 15,  37.1687153, -97.7339166,   502.0, 2026,  3, 21, 21, 19, 42,        5,      117, 167,  88,   1.2,   0.6,   1.0,  0,  0,  0,  0, 21, 34,  0,  0, 35,  0, 15, 37,  0,  0,  0,  0,  0,  0, 29, 26, 35,  0,  0,  0, 36,  0,  0,  0, 39,  0,  0,  0
6, 16111, 1,KC3VYA,     1.84, 3,   boost,  106.40,  94821.00,  556.05,  141.58,  145.40, 46.9, 4.08, 4.02, 4.08, 120.12,   0.45,   2.03, 266.28,   6.07,   2.66,   0.76,  -0.17,  -0.24,   2.18, 4.07, 4.09, 4.10, 0.00, 0.00, 1, 1, 15,  37.1687153, -97.7339166,   502.0, 2026,  3, 21, 21, 19, 42,        5,      117, 167,  88,   1.2,   0.6,   1.0,  0,  0,  0,  0, 21, 34,  0,  0, 35,  0, 15, 37,  0,  0,  0,  0,  0,  0, 29, 26, 35,  0,  0,  0, 36,  0,  0,  0, 39,  0,  0,  0
6, 16111, 1,KC3VYA,     1.85, 3,   boost,  112.29,  94788.00,  558.95,  144.48,  146.17, 47.0, 4.08, 4.02, 4.08, 120.51,   0.46,   1.71, 268.66,   6.20,   2.66,   0.76,  -0.18,  -0.24,   2.13, 4.07, 4.09, 4.10, 0.00, 0.00, 1, 1, 15,  37.1687153, -97.7339166,   502.0, 2026,  3, 21, 21, 19, 42,        5,      117, 167,  88,   1.2,   0.6,   1.0,  0,  0,  0,  0, 21, 34,  0,  0, 35,  0, 15, 37,  0,  0,  0,  0,  0,  0, 29, 26, 35,  0,  0,  0, 36,  0,  0,  0, 39,  0,  0,  0
6, 16111, 1,KC3VYA,     1.86, 3,   boost,  108.36,  94788.00,  558.95,  144.48,  146.93, 47.0, 4.08, 4.02, 4.08, 120.12,   0.40,   1.85, 271.41,   5.46,   2.78,   0.76,  -0.19,  -0.25,   2.10, 4.07, 4.09, 4.10, 0.00, 0.00, 1, 1, 15,  37.1687153, -97.7339166,   502.0, 2026,  3, 21, 21, 19, 42,        5,      117, 167,  88,   1.2,   0.6,   1.0,  0,  0,  0,  0, 21, 34,  0,  0, 35,  0, 15, 37,  0,  0,  0,  0,  0,  0, 29, 26, 35,  0,  0,  0, 36,  0,  0,  0, 39,  0,  0,  0
6, 16111, 1,KC3VYA,     1.87, 3,   boost,  106.89,  94736.00,  563.52,  149.05,  147.70, 46.9, 4.08, 4.02, 4.08, 120.38,   0.15,   2.08, 275.87,   4.73,   2.84,   0.76,  -0.19,  -0.25,   2.07, 4.07, 4.09, 4.10, 0.00, 0.00, 1, 1, 15,  37.1687153, -97.7339166,   502.0, 2026,  3, 21, 21, 19, 42,        5,      117, 167,  88,   1.2,   0.6,   1.0,  0,  0,  0,  0, 21, 34,  0,  0, 35,  0, 15, 37,  0,  0,  0,  0,  0,  0, 29, 26, 35,  0,  0,  0, 36,  0,  0,  0, 39,  0,  0,  0
6, 16111, 1,KC3VYA,     1.88, 3,   boost,  108.85,  94736.00,  563.52,  149.05,  148.47, 46.9, 4.08, 4.02, 4.08, 120.40,  -0.05,   2.08, 277.70,   5.04,   2.90,   0.76,  -0.20,  -0.25,   2.03, 4.07, 4.09, 4.10, 0.00, 0.00, 1, 1, 15,  37.1687153, -97.7339166,   502.0, 2026,  3, 21, 21, 19, 42,        5,      117, 167,  88,   1.2,   0.6,   1.0,  0,  0,  0,  0, 21, 34,  0,  0, 35,  0, 15, 37,  0,  0,  0,  0,  0,  0, 29, 26, 35,  0,  0,  0, 36,  0,  0,  0, 39,  0,  0,  0
6, 16111, 1,KC3VYA,     1.89, 3,   boost,  103.46,  94708.00,  565.98,  151.51,  149.24, 46.9, 4.08, 4.02, 4.08, 120.80,  -0.33,   2.13, 282.40,   5.34,   2.90,   0.77,  -0.22,  -0.26,   2.00, 4.07, 4.09, 4.10, 0.00, 0.00, 1, 1, 15,  37.1687153, -97.7339166,   502.0, 2026,  3, 21, 21, 19, 42,        5,      117, 167,  88,   1.2,   0.6,   1.0,  0,  0,  0,  0, 21, 34,  0,  0, 35,  0, 15, 37,  0,  0,  0,  0,  0,  0, 29, 26, 35,  0,  0,  0, 36,  0,  0,  0, 39,  0,  0,  0
6, 16111, 1,KC3VYA,     1.90, 3,   boost,  108.85,  94708.00,  565.98,  151.51,  150.01, 46.9, 4.08, 4.02, 4.08, 121.30,  -0.25,   2.59, 285.57,   2.11,   2.72,   0.77,  -0.22,  -0.26,   1.99, 4.07, 4.09, 4.10, 0.00, 0.00, 1, 1, 15,  37.1687153, -97.7339166,   502.0, 2026,  3, 21, 21, 19, 42,        5,      117, 167,  88,   1.2,   0.6,   1.0,  0,  0,  0,  0, 21, 34,  0,  0, 35,  0, 15, 37,  0,  0,  0,  0,  0,  0, 29, 26, 35,  0,  0,  0, 36,  0,  0,  0, 39,  0,  0,  0
6, 16111, 1,KC3VYA,     1.91, 3,   boost,  107.87,  94677.00,  568.70,  154.24,  150.77, 46.9, 4.08, 4.02, 4.08, 120.50,  -0.09,   2.54, 288.13,   3.69,   2.41,   0.77,  -0.24,  -0.27,   1.96, 4.07, 4.09, 4.10, 0.00, 0.00, 1, 1, 15,  37.1687153, -97.7339166,   502.0, 2026,  3, 21, 21, 19, 42,        5,      117, 167,  88,   1.2,   0.6,   1.0,  0,  0,  0,  0, 21, 34,  0,  0, 35,  0, 15, 37,  0,  0,  0,  0,  0,  0, 29, 26, 35,  0,  0,  0, 36,  0,  0,  0, 39,  0,  0,  0
6, 16111, 1,KC3VYA,     1.92, 3,   boost,  108.85,  94677.00,  568.70,  154.24,  151.54, 46.9, 4.08, 4.02, 4.08, 120.13,  -0.15,   2.23, 290.82,   4.06,   2.29,   0.77,  -0.25,  -0.27,   1.93, 4.07, 4.09, 4.10, 0.00, 0.00, 1, 1, 15,  37.1687153, -97.7339166,   502.0, 2026,  3, 21, 21, 19, 42,        5,      117, 167,  88,   1.2,   0.6,   1.0,  0,  0,  0,  0, 21, 34,  0,  0, 35,  0, 15, 37,  0,  0,  0,  0,  0,  0, 29, 26, 35,  0,  0,  0, 36,  0,  0,  0, 39,  0,  0,  0
6, 16111, 1,KC3VYA,     1.93, 3,   boost,  111.80,  94638.00,  572.13,  157.67,  152.31, 46.9, 4.08, 4.02, 4.08, 120.25,  -0.19,   2.28, 291.37,   2.66,   1.80,   0.76,  -0.26,  -0.27,   1.91, 4.07, 4.09, 4.10, 0.00, 0.00, 1, 1, 15,  37.1687153, -97.7339166,   502.0, 2026,  3, 21, 21, 19, 42,        5,      117, 167,  88,   1.2,   0.6,   1.0,  0,  0,  0,  0, 21, 34,  0,  0, 35,  0, 15, 37,  0,  0,  0,  0,  0,  0, 29, 26, 35,  0,  0,  0, 36,  0,  0,  0, 39,  0,  0,  0
6, 16111, 1,KC3VYA,     1.94, 3,   boost,  108.36,  94638.00,  572.13,  157.67,  153.07, 46.9, 4.08, 3.95, 4.09, 119.91,  -0.33,   1.85, 296.92,   1.68,   1.32,   0.76,  -0.27,  -0.28,   1.89, 4.08, 4.08, 4.10, 0.00, 0.00, 1, 1, 15,  37.1687153, -97.7339166,   502.0, 2026,  3, 21, 21, 19, 42,        5,      117, 167,  88,   1.2,   0.6,   1.0,  0,  0,  0,  0, 21, 34,  0,  0, 35,  0, 15, 37,  0,  0,  0,  0,  0,  0, 29, 26, 35,  0,  0,  0, 36,  0,  0,  0, 39,  0,  0,  0
6, 16111, 1,KC3VYA,     1.94, 3,   boost,  108.36,  94638.00,  572.13,  157.67,  153.07, 46.9, 4.08, 3.95, 4.09, 119.91,  -0.33,   1.85, 296.92,   1.68,   1.32,   0.76,  -0.27,  -0.28,   1.89, 4.08, 4.08, 4.10, 0.00, 0.00, 1, 1, 15,  37.1687153, -97.7339166,   502.0, 2026,  3, 21, 21, 19, 42,        5,      117, 167,  88,   1.2,   0.6,   1.0,  0,  0,  0,  0, 21, 34,  0,  0, 35,  0, 15, 37,  0,  0,  0,  0,  0,  0, 29, 26, 35,  0,  0,  0, 36,  0,  0,  0, 39,  0,  0,  0
6, 16111, 1,KC3VYA,     1.95, 3,   boost,  103.95,  94617.00,  573.98,  159.51,  153.83, 46.9, 4.08, 3.95, 4.09, 120.04,  -0.27,   2.21, 299.00,   2.17,   1.07,   0.76,  -0.28,  -0.28,   1.87, 4.08, 4.08, 4.10, 0.00, 0.00, 1, 1, 15,  37.1687153, -97.7339166,   502.0, 2026,  3, 21, 21, 19, 42,        5,      117, 167,  88,   1.2,   0.6,   1.0,  0,  0,  0,  0, 21, 34,  0,  0, 35,  0, 15, 37,  0,  0,  0,  0,  0,  0, 29, 26, 35,  0,  0,  0, 36,  0,  0,  0, 39,  0,  0,  0
6, 16111, 1,KC3VYA,     1.96, 3,   boost,  102.97,  94617.00,  573.98,  159.51,  154.59, 46.9, 4.08, 3.95, 4.09, 119.70,  -0.19,   1.72, 301.81,   2.78,   0.46,   0.76,  -0.30,  -0.28,   1.85, 4.08, 4.08, 4.10, 0.00, 0.00, 1, 1, 15,  37.1687153, -97.7339166,   502.0, 2026,  3, 21, 21, 19, 42,        5,      117, 167,  88,   1.2,   0.6,   1.0,  0,  0,  0,  0, 21, 34,  0,  0, 35,  0, 15, 37,  0,  0,  0,  0,  0,  0, 29, 26, 35,  0,  0,  0, 36,  0,  0,  0, 39,  0,  0,  0
6, 16111, 1,KC3VYA,     1.97, 3,   boost,  108.36,  94583.00,  576.97,  162.51,  155.36, 46.9, 4.08, 3.95, 4.09, 120.04,  -0.68,   2.11, 305.04,   1.43,   0.16,   0.76,  -0.31,  -0.28,   1.83, 4.08, 4.08, 4.10, 0.00, 0.00, 1, 1, 15,  37.1687153, -97.7339166,   502.0, 2026,  3, 21, 21, 19, 42,        5,      117, 167,  88,   1.2,   0.6,   1.0,  0,  0,  0,  0, 21, 34,  0,  0, 35,  0, 15, 37,  0,  0,  0,  0,  0,  0, 29, 26, 35,  0,  0,  0, 36,  0,  0,  0, 39,  0,  0,  0
6, 16111, 1,KC3VYA,     1.98, 3,   boost,  109.34,  94583.00,  576.97,  162.51,  156.12, 46.9, 4.08, 3.95, 4.09, 120.81,  -0.65,   2.34, 308.03,   1.56,  -0.27,   0.76,  -0.31,  -0.28,   1.82, 4.08, 4.08, 4.10, 0.00, 0.00, 1, 1, 15,  37.1687153, -97.7339166,   502.0, 2026,  3, 21, 21, 19, 42,        5,      117, 167,  88,   1.2,   0.6,   1.0,  0,  0,  0,  0, 21, 34,  0,  0, 35,  0, 15, 37,  0,  0,  0,  0,  0,  0, 29, 26, 35,  0,  0,  0, 36,  0,  0,  0, 39,  0,  0,  0
6, 16111, 1,KC3VYA,     1.99, 3,   boost,  109.34,  94553.00,  579.62,  165.15,  156.89, 46.9, 4.08, 3.95, 4.09, 120.09,  -0.57,   1.82, 309.01,   2.05,  -0.88,   0.76,  -0.32,  -0.28,   1.80, 4.08, 4.08, 4.10, 0.00, 0.00, 1, 1, 15,  37.1687153, -97.7339166,   502.0, 2026,  3, 21, 21, 19, 42,        5,      117, 167,  88,   1.2,   0.6,   1.0,  0,  0,  0,  0, 21, 34,  0,  0, 35,  0, 15, 37,  0,  0,  0,  0,  0,  0, 29, 26, 35,  0,  0,  0, 36,  0,  0,  0, 39,  0,  0,  0
6, 16111, 1,KC3VYA,     2.00, 3,   boost,  108.36,  94553.00,  579.62,  165.15,  157.66, 46.9, 4.08, 3.95, 4.09, 120.12,  -0.65,   1.74, 312.00,   0.70,  -1.74,   0.77,  -0.35,  -0.29,   1.79, 4.08, 4.08, 4.10, 0.00, 0.00, 1, 1, 15,  37.1687153, -97.7339166,   502.0, 2026,  3, 21, 21, 19, 42,        5,      117, 167,  88,   1.2,   0.6,   1.0,  0,  0,  0,  0, 21, 34,  0,  0, 35,  0, 15, 37,  0,  0,  0,  0,  0,  0, 29, 26, 35,  0,  0,  0, 36,  0,  0,  0, 39,  0,  0,  0
6, 16111, 1,KC3VYA,     2.01, 3,   boost,  108.36,  94520.00,  582.52,  168.05,  158.43, 46.9, 4.08, 3.95, 4.09, 119.87,  -0.55,   1.59, 313.46,   1.13,  -2.29,   0.77,  -0.35,  -0.29,   1.78, 4.08, 4.08, 4.10, 0.00, 0.00, 1, 1, 15,  37.1687153, -97.7339166,   502.0, 2026,  3, 21, 21, 19, 42,        5,      117, 167,  88,   1.2,   0.6,   1.0,  0,  0,  0,  0, 21, 34,  0,  0, 35,  0, 15, 37,  0,  0,  0,  0,  0,  0, 29, 26, 35,  0,  0,  0, 36,  0,  0,  0, 39,  0,  0,  0
6, 16111, 1,KC3VYA,     2.02, 3,   boost,  108.36,  94520.00,  582.52,  168.05,  159.20, 46.9, 4.08, 3.95, 4.09, 119.74,  -0.30,   1.64, 318.71,   2.78,  -2.65,   0.77,  -0.38,  -0.29,   1.76, 4.08, 4.08, 4.10, 0.00, 0.00, 1, 1, 15,  37.1687153, -97.7339166,   502.0, 2026,  3, 21, 21, 19, 42,        5,      117, 167,  88,   1.2,   0.6,   1.0,  0,  0,  0,  0, 21, 34,  0,  0, 35,  0, 15, 37,  0,  0,  0,  0,  0,  0, 29, 26, 35,  0,  0,  0, 36,  0,  0,  0, 39,  0,  0,  0
6, 16111, 1,KC3VYA,     2.03, 3,   boost,  104.44,  94482.00,  585.87,  171.40,  159.97, 46.9, 4.08, 3.95, 4.09, 119.88,   0.09,   1.82, 319.75,   1.92,  -3.45,   0.77,  -0.39,  -0.28,   1.75, 4.08, 4.08, 4.10, 0.00, 0.00, 1, 1, 15,  37.1687153, -97.7339166,   502.0, 2026,  3, 21, 21, 19, 42,        5,      117, 167,  88,   1.2,   0.6,   1.0,  0,  0,  0,  0, 21, 34,  0,  0, 35,  0, 15, 37,  0,  0,  0,  0,  0,  0, 29, 26, 35,  0,  0,  0, 36,  0,  0,  0, 39,  0,  0,  0
6, 16111, 1,KC3VYA,     2.04, 3,   boost,  107.38,  94482.00,  585.87,  171.40,  160.74, 46.9, 4.08, 3.95, 4.09, 120.78,  -0.11,   2.87, 323.11,   1.50,  -4.06,   0.76,  -0.41,  -0.28,   1.76, 4.08, 4.08, 4.10, 0.00, 0.00, 1, 1, 15,  37.1687153, -97.7339166,   502.0, 2026,  3, 21, 21, 19, 42,        5,      117, 167,  88,   1.2,   0.6,   1.0,  0,  0,  0,  0, 21, 34,  0,  0, 35,  0, 15, 37,  0,  0,  0,  0,  0,  0, 29, 26, 35,  0,  0,  0, 36,  0,  0,  0, 39,  0,  0,  0
6, 16111, 1,KC3VYA,     2.05, 3,   boost,  108.36,  94444.00,  589.22,  174.75,  161.52, 46.9, 4.08, 3.95, 4.09, 119.72,   0.04,   2.61, 326.71,   2.72,  -3.63,   0.77,  -0.42,  -0.28,   1.75, 4.08, 4.08, 4.10, 0.00, 0.00, 1, 1, 15,  37.1687153, -97.7339166,   502.0, 2026,  3, 21, 21, 19, 42,        5,      117, 167,  88,   1.2,   0.6,   1.0,  0,  0,  0,  0, 21, 34,  0,  0, 35,  0, 15, 37,  0,  0,  0,  0,  0,  0, 29, 26, 35,  0,  0,  0, 36,  0,  0,  0, 39,  0,  0,  0
6, 16111, 1,KC3VYA,     2.06, 3,   boost,  107.87,  94444.00,  589.22,  174.75,  162.30, 46.9, 4.08, 3.95, 4.09, 119.78,   0.56,   1.64, 327.75,   1.92,  -3.93,   0.77,  -0.43,  -0.28,   1.75, 4.08, 4.08, 4.10, 0.00, 0.00, 1, 1, 15,  37.1687153, -97.7339166,   502.0, 2026,  3, 21, 21, 19, 42,        5,      117, 167,  88,   1.2,   0.6,   1.0,  0,  0,  0,  0, 21, 34,  0,  0, 35,  0, 15, 37,  0,  0,  0,  0,  0,  0, 29, 26, 35,  0,  0,  0, 36,  0,  0,  0, 39,  0,  0,  0
6, 16111, 1,KC3VYA,     2.07, 3,   boost,  106.89,  94412.00,  592.04,  177.57,  163.08, 46.9, 4.08, 3.95, 4.09, 119.92,   0.41,   1.28, 330.19,   2.11,  -4.18,   0.77,  -0.45,  -0.27,   1.76, 4.08, 4.08, 4.10, 0.00, 0.00, 1, 1, 15,  37.1687153, -97.7339166,   502.0, 2026,  3, 21, 21, 19, 42,        5,      117, 167,  88,   1.2,   0.6,   1.0,  0,  0,  0,  0, 21, 34,  0,  0, 35,  0, 15, 37,  0,  0,  0,  0,  0,  0, 29, 26, 35,  0,  0,  0, 36,  0,  0,  0, 39,  0,  0,  0
6, 16111, 1,KC3VYA,     2.08, 3,   boost,  105.42,  94412.00,  592.04,  177.57,  163.86, 46.9, 4.08, 3.95, 4.09, 120.78,  -0.13,   1.66, 332.38,   1.68,  -4.18,   0.77,  -0.46,  -0.27,   1.77, 4.08, 4.08, 4.10, 0.00, 0.00, 1, 1, 15,  37.1687153, -97.7339166,   502.0, 2026,  3, 21, 21, 19, 42,        5,      117, 167,  88,   1.2,   0.6,   1.0,  0,  0,  0,  0, 21, 34,  0,  0, 35,  0, 15, 37,  0,  0,  0,  0,  0,  0, 29, 26, 35,  0,  0,  0, 36,  0,  0,  0, 39,  0,  0,  0
6, 16111, 1,KC3VYA,     2.09, 3,   boost,  106.40,  94368.00,  595.92,  181.45,  164.65, 46.9, 4.08, 3.95, 4.09, 120.29,   0.21,   0.43, 333.06,   3.20,  -3.75,   0.77,  -0.46,  -0.27,   1.78, 4.08, 4.08, 4.10, 0.00, 0.00, 1, 1, 15,  37.1687153, -97.7339166,   502.0, 2026,  3, 21, 21, 19, 42,        5,      117, 167,  88,   1.2,   0.6,   1.0,  0,  0,  0,  0, 21, 34,  0,  0, 35,  0, 15, 37,  0,  0,  0,  0,  0,  0, 29, 26, 35,  0,  0,  0, 36,  0,  0,  0, 39,  0,  0,  0
6, 16111, 1,KC3VYA,     2.10, 3,   boost,  108.36,  94368.00,  595.92,  181.45,  165.44, 46.9, 4.08, 3.95, 4.09, 119.87,   0.19,   1.47, 338.55,   4.61,  -3.81,   0.77,  -0.48,  -0.27,   1.78, 4.08, 4.08, 4.10, 0.00, 0.00, 1, 1, 15,  37.1687153, -97.7339166,   502.0, 2026,  3, 21, 21, 19, 42,        5,      117, 167,  88,   1.2,   0.6,   1.0,  0,  0,  0,  0, 21, 34,  0,  0, 35,  0, 15, 37,  0,  0,  0,  0,  0,  0, 29, 26, 35,  0,  0,  0, 36,  0,  0,  0, 39,  0,  0,  0
6, 16111, 1,KC3VYA,     2.11, 3,   boost,  107.38,  94354.00,  597.15,  182.68,  166.23, 46.9, 4.08, 3.95, 4.09, 119.86,  -0.51,   2.58, 341.05,   2.84,  -4.42,   0.77,  -0.50,  -0.26,   1.80, 4.08, 4.08, 4.10, 0.00, 0.00, 1, 1, 15,  37.1687153, -97.7339166,   502.0, 2026,  3, 21, 21, 19, 42,        5,      117, 167,  88,   1.2,   0.6,   1.0,  0,  0,  0,  0, 21, 34,  0,  0, 35,  0, 15, 37,  0,  0,  0,  0,  0,  0, 29, 26, 35,  0,  0,  0, 36,  0,  0,  0, 39,  0,  0,  0
6, 16111, 1,KC3VYA,     2.12, 3,   boost,  108.36,  94354.00,  597.15,  182.68,  167.02, 46.9, 4.08, 3.95, 4.09, 119.66,   0.11,   1.91, 344.47,   3.27,  -3.75,   0.77,  -0.50,  -0.26,   1.81, 4.08, 4.08, 4.10, 0.00, 0.00, 1, 1, 15,  37.1687153, -97.7339166,   502.0, 2026,  3, 21, 21, 19, 42,        5,      117, 167,  88,   1.2,   0.6,   1.0,  0,  0,  0,  0, 21, 34,  0,  0, 35,  0, 15, 37,  0,  0,  0,  0,  0,  0, 29, 26, 35,  0,  0,  0, 36,  0,  0,  0, 39,  0,  0,  0
6, 16111, 1,KC3VYA,     2.13, 3,   boost,  108.36,  94316.00,  600.50,  186.03,  167.82, 46.9, 4.08, 3.95, 4.09, 119.63,   0.70,   2.03, 346.73,   4.79,  -3.69,   0.77,  -0.53,  -0.25,   1.83, 4.08, 4.08, 4.10, 0.00, 0.00, 1, 1, 15,  37.1687153, -97.7339166,   502.0, 2026,  3, 21, 21, 19, 42,        5,      117, 167,  88,   1.2,   0.6,   1.0,  0,  0,  0,  0, 21, 34,  0,  0, 35,  0, 15, 37,  0,  0,  0,  0,  0,  0, 29, 26, 35,  0,  0,  0, 36,  0,  0,  0, 39,  0,  0,  0
6, 16111, 1,KC3VYA,     2.14, 3,   boost,  101.50,  94316.00,  600.50,  186.03,  168.61, 46.9, 4.08, 3.95, 4.09, 119.69,   0.83,   2.10, 350.08,   5.59,  -3.57,   0.77,  -0.54,  -0.25,   1.84, 4.08, 4.08, 4.10, 0.00, 0.00, 1, 1, 15,  37.1687153, -97.7339166,   502.0, 2026,  3, 21, 21, 19, 42,        5,      117, 167,  88,   1.2,   0.6,   1.0,  0,  0,  0,  0, 21, 34,  0,  0, 35,  0, 15, 37,  0,  0,  0,  0,  0,  0, 29, 26, 35,  0,  0,  0, 36,  0,  0,  0, 39,  0,  0,  0
6, 16111, 1,KC3VYA,     2.15, 3,   boost,  105.42,  94276.00,  604.03,  189.56,  169.41, 46.9, 4.08, 3.95, 4.09, 119.30,   0.99,   1.07, 353.07,   3.63,  -3.38,   0.77,  -0.55,  -0.24,   1.87, 4.08, 4.08, 4.10, 0.00, 0.00, 1, 1, 15,  37.1687153, -97.7339166,   502.0, 2026,  3, 21, 21, 19, 42,        5,      117, 167,  88,   1.2,   0.6,   1.0,  0,  0,  0,  0, 21, 34,  0,  0, 35,  0, 15, 37,  0,  0,  0,  0,  0,  0, 29, 26, 35,  0,  0,  0, 36,  0,  0,  0, 39,  0,  0,  0
6, 16111, 1,KC3VYA,     2.16, 3,   boost,  109.34,  94276.00,  604.03,  189.56,  170.21, 46.9, 4.08, 3.95, 4.09, 120.53,   0.24,   1.31, 356.31,   5.22,  -2.90,   0.77,  -0.56,  -0.23,   1.89, 4.08, 4.08, 4.10, 0.00, 0.00, 1, 1, 15,  37.1687153, -97.7339166,   502.0, 2026,  3, 21, 21, 19, 42,        5,      117, 167,  88,   1.2,   0.6,   1.0,  0,  0,  0,  0, 21, 34,  0,  0, 35,  0, 15, 37,  0,  0,  0,  0,  0,  0, 29, 26, 35,  0,  0,  0, 36,  0,  0,  0, 39,  0,  0,  0
6, 16111, 1,KC3VYA,     2.17, 3,   boost,  107.87,  94238.00,  607.38,  192.92,  171.01, 46.9, 4.08, 3.95, 4.09, 119.93,   0.09,   1.74, 359.18,   5.65,  -2.65,   0.77,  -0.58,  -0.22,   1.91, 4.08, 4.08, 4.10, 0.00, 0.00, 1, 1, 15,  37.1687153, -97.7339166,   502.0, 2026,  3, 21, 21, 19, 42,        5,      117, 167,  88,   1.2,   0.6,   1.0,  0,  0,  0,  0, 21, 34,  0,  0, 35,  0, 15, 37,  0,  0,  0,  0,  0,  0, 29, 26, 35,  0,  0,  0, 36,  0,  0,  0, 39,  0,  0,  0
6, 16111, 1,KC3VYA,     2.18, 3,   boost,  107.38,  94238.00,  607.38,  192.92,  171.81, 46.9, 4.08, 3.95, 4.09, 119.28,   0.38,   1.90, 359.54,   5.71,  -1.92,   0.77,  -0.59,  -0.21,   1.93, 4.08, 4.08, 4.10, 0.00, 0.00, 1, 1, 15,  37.1687153, -97.7339166,   502.0, 2026,  3, 21, 21, 19, 42,        5,      117, 167,  88,   1.2,   0.6,   1.0,  0,  0,  0,  0, 21, 34,  0,  0, 35,  0, 15, 37,  0,  0,  0,  0,  0,  0, 29, 26, 35,  0,  0,  0, 36,  0,  0,  0, 39,  0,  0,  0
6, 16111, 1,KC3VYA,     2.19, 3,   boost,  109.34,  94209.00,  609.94,  195.48,  172.61, 46.9, 4.08, 3.95, 4.09, 119.46,  -0.06,   1.20, 366.08,   5.34,  -1.55,   0.77,  -0.60,  -0.21,   1.95, 4.08, 4.08, 4.10, 0.00, 0.00, 1, 1, 15,  37.1687153, -97.7339166,   502.0, 2026,  3, 21, 21, 19, 42,        5,      117, 167,  88,   1.2,   0.6,   1.0,  0,  0,  0,  0, 21, 34,  0,  0, 35,  0, 15, 37,  0,  0,  0,  0,  0,  0, 29, 26, 35,  0,  0,  0, 36,  0,  0,  0, 39,  0,  0,  0
6, 16111, 1,KC3VYA,     2.20, 3,   boost,  107.38,  94209.00,  609.94,  195.48,  173.41, 46.9, 4.08, 3.95, 4.09, 119.72,   0.20,   1.88, 369.01,   5.28,  -1.25,   0.77,  -0.60,  -0.21,   1.97, 4.08, 4.08, 4.10, 0.00, 0.00, 1, 1, 15,  37.1687153, -97.7339166,   502.0, 2026,  3, 21, 21, 19, 42,        5,      117, 167,  88,   1.2,   0.6,   1.0,  0,  0,  0,  0, 21, 34,  0,  0, 35,  0, 15, 37,  0,  0,  0,  0,  0,  0, 29, 26, 35,  0,  0,  0, 36,  0,  0,  0, 39,  0,  0,  0
6, 16111, 1,KC3VYA,     2.21, 3,   boost,  107.87,  94167.00,  613.65,  199.19,  174.21, 46.9, 4.08, 3.95, 4.09, 119.72,   0.58,   2.24, 372.48,   6.50,  -1.06,   0.77,  -0.61,  -0.20,   2.00, 4.08, 4.08, 4.10, 0.00, 0.00, 1, 1, 15,  37.1687153, -97.7339166,   502.0, 2026,  3, 21, 21, 19, 42,        5,      117, 167,  88,   1.2,   0.6,   1.0,  0,  0,  0,  0, 21, 34,  0,  0, 35,  0, 15, 37,  0,  0,  0,  0,  0,  0, 29, 26, 35,  0,  0,  0, 36,  0,  0,  0, 39,  0,  0,  0
6, 16111, 1,KC3VYA,     2.22, 3,   boost,  106.89,  94167.00,  613.65,  199.19,  175.01, 46.9, 4.08, 3.95, 4.09, 119.54,   0.72,   2.26, 375.78,   6.74,  -0.33,   0.77,  -0.62,  -0.18,   2.03, 4.08, 4.08, 4.10, 0.00, 0.00, 1, 1, 15,  37.1687153, -97.7339166,   502.0, 2026,  3, 21, 21, 19, 42,        5,      117, 167,  88,   1.2,   0.6,   1.0,  0,  0,  0,  0, 21, 34,  0,  0, 35,  0, 15, 37,  0,  0,  0,  0,  0,  0, 29, 26, 35,  0,  0,  0, 36,  0,  0,  0, 39,  0,  0,  0
6, 16111, 1,KC3VYA,     2.23, 3,   boost,  104.93,  94130.00,  616.92,  202.46,  175.81, 46.9, 4.08, 3.95, 4.09, 119.68,   0.84,   2.68, 376.94,   6.68,  -0.15,   0.77,  -0.62,  -0.18,   2.07, 4.08, 4.08, 4.10, 0.00, 0.00, 1, 1, 15,  37.1687153, -97.7339166,   502.0, 2026,  3, 21, 21, 19, 42,        5,      117, 167,  88,   1.2,   0.6,   1.0,  0,  0,  0,  0, 21, 34,  0,  0, 35,  0, 15, 37,  0,  0,  0,  0,  0,  0, 29, 26, 35,  0,  0,  0, 36,  0,  0,  0, 39,  0,  0,  0
6, 16111, 1,KC3VYA,     2.24, 3,   boost,  107.38,  94130.00,  616.92,  202.46,  176.60, 46.9, 4.08, 3.95, 4.09, 119.00,   0.75,   2.72, 382.01,   6.26,   0.34,   0.78,  -0.63,  -0.17,   2.10, 4.08, 4.08, 4.10, 0.00, 0.00, 1, 1, 15,  37.1687153, -97.7339166,   502.0, 2026,  3, 21, 21, 19, 42,        5,      117, 167,  88,   1.2,   0.6,   1.0,  0,  0,  0,  0, 21, 34,  0,  0, 35,  0, 15, 37,  0,  0,  0,  0,  0,  0, 29, 26, 35,  0,  0,  0, 36,  0,  0,  0, 39,  0,  0,  0
6, 16111, 1,KC3VYA,     2.25, 3,   boost,  107.38,  94095.00,  620.02,  205.55,  177.40, 46.9, 4.08, 3.95, 4.09, 119.09,   0.27,   2.23, 383.35,   4.61,   0.58,   0.78,  -0.64,  -0.16,   2.12, 4.08, 4.08, 4.10, 0.00, 0.00, 1, 1, 15,  37.1687153, -97.7339166,   502.0, 2026,  3, 21, 21, 19, 42,        5,      117, 167,  88,   1.2,   0.6,   1.0,  0,  0,  0,  0, 21, 34,  0,  0, 35,  0, 15, 37,  0,  0,  0,  0,  0,  0, 29, 26, 35,  0,  0,  0, 36,  0,  0,  0, 39,  0,  0,  0
6, 16111, 1,KC3VYA,     2.26, 3,   boost,  108.85,  94095.00,  620.02,  205.55,  178.20, 46.9, 4.08, 3.93, 4.08, 119.07,  -0.21,   2.36, 388.29,   5.10,   0.83,   0.78,  -0.64,  -0.14,   2.15, 4.08, 4.06, 4.10, 0.00, 0.00, 1, 1, 15,  37.1687153, -97.7339166,   502.0, 2026,  3, 21, 21, 19, 42,        5,      117, 167,  88,   1.2,   0.6,   1.0,  0,  0,  0,  0, 21, 34,  0,  0, 35,  0, 15, 37,  0,  0,  0,  0,  0,  0, 29, 26, 35,  0,  0,  0, 36,  0,  0,  0, 39,  0,  0,  0
6, 16111, 1,KC3VYA,     2.26, 3,   boost,  108.85,  94095.00,  620.02,  205.55,  178.20, 46.9, 4.08, 3.93, 4.08, 119.07,  -0.21,   2.36, 388.29,   5.10,   0.83,   0.78,  -0.64,  -0.14,   2.15, 4.08, 4.06, 4.10, 0.00, 0.00, 1, 1, 15,  37.1687153, -97.7339166,   502.0, 2026,  3, 21, 21, 19, 42,        5,      117, 167,  88,   1.2,   0.6,   1.0,  0,  0,  0,  0, 21, 34,  0,  0, 35,  0, 15, 37,  0,  0,  0,  0,  0,  0, 29, 26, 35,  0,  0,  0, 36,  0,  0,  0, 39,  0,  0,  0
6, 16111, 1,KC3VYA,     2.27, 3,   boost,  110.32,  94056.00,  623.46,  209.00,  179.00, 46.9, 4.08, 3.93, 4.08, 118.81,  -0.14,   2.57, 387.74,   4.24,   1.13,   0.78,  -0.64,  -0.14,   2.17, 4.08, 4.06, 4.10, 0.00, 0.00, 1, 1, 15,  37.1687153, -97.7339166,   502.0, 2026,  3, 21, 21, 19, 42,        5,      117, 167,  88,   1.2,   0.6,   1.0,  0,  0,  0,  0, 21, 34,  0,  0, 35,  0, 15, 37,  0,  0,  0,  0,  0,  0, 29, 26, 35,  0,  0,  0, 36,  0,  0,  0, 39,  0,  0,  0
6, 16111, 1,KC3VYA,     2.28, 3,   boost,  109.83,  94056.00,  623.46,  209.00,  179.80, 46.9, 4.08, 3.93, 4.08, 118.81,   0.12,   2.17, 392.63,   5.40,   1.50,   0.78,  -0.64,  -0.13,   2.21, 4.08, 4.06, 4.10, 0.00, 0.00, 1, 1, 15,  37.1687153, -97.7339166,   502.0, 2026,  3, 21, 21, 19, 42,        5,      117, 167,  88,   1.2,   0.6,   1.0,  0,  0,  0,  0, 21, 34,  0,  0, 35,  0, 15, 37,  0,  0,  0,  0,  0,  0, 29, 26, 35,  0,  0,  0, 36,  0,  0,  0, 39,  0,  0,  0
6, 16111, 1,KC3VYA,     2.29, 3,   boost,  108.36,  94011.00,  627.44,  212.98,  180.60, 46.9, 4.08, 3.93, 4.08, 119.31,   0.63,   2.66, 399.03,   4.00,   1.50,   0.78,  -0.64,  -0.12,   2.23, 4.08, 4.06, 4.10, 0.00, 0.00, 1, 1, 15,  37.1687153, -97.7339166,   502.0, 2026,  3, 21, 21, 19, 42,        5,      117, 167,  88,   1.2,   0.6,   1.0,  0,  0,  0,  0, 21, 34,  0,  0, 35,  0, 15, 37,  0,  0,  0,  0,  0,  0, 29, 26, 35,  0,  0,  0, 36,  0,  0,  0, 39,  0,  0,  0
6, 16111, 1,KC3VYA,     2.30, 3,   boost,  107.38,  94011.00,  627.44,  212.98,  181.40, 46.9, 4.08, 3.93, 4.08, 119.05,   0.27,   3.41, 399.64,   4.61,   1.62,   0.78,  -0.64,  -0.10,   2.27, 4.08, 4.06, 4.10, 0.00, 0.00, 1, 1, 15,  37.1687153, -97.7339166,   502.0, 2026,  3, 21, 21, 19, 42,        5,      117, 167,  88,   1.2,   0.6,   1.0,  0,  0,  0,  0, 21, 34,  0,  0, 35,  0, 15, 37,  0,  0,  0,  0,  0,  0, 29, 26, 35,  0,  0,  0, 36,  0,  0,  0, 39,  0,  0,  0
6, 16111, 1,KC3VYA,     2.31, 3,   boost,  107.38,  93976.00,  630.54,  216.07,  182.20, 46.9, 4.08, 3.93, 4.08, 119.03,   0.35,   2.35, 404.83,   3.69,   2.17,   0.78,  -0.64,  -0.10,   2.29, 4.08, 4.06, 4.10, 0.00, 0.00, 1, 1, 15,  37.1687153, -97.7339166,   502.0, 2026,  3, 21, 21, 19, 42,        5,      117, 167,  88,   1.2,   0.6,   1.0,  0,  0,  0,  0, 21, 34,  0,  0, 35,  0, 15, 37,  0,  0,  0,  0,  0,  0, 29, 26, 35,  0,  0,  0, 36,  0,  0,  0, 39,  0,  0,  0
6, 16111, 1,KC3VYA,     2.32, 3,   boost,  107.38,  93976.00,  630.54,  216.07,  183.00, 46.9, 4.08, 3.93, 4.08, 118.79,  -0.99,   2.72, 405.99,   3.02,   1.99,   0.78,  -0.64,  -0.09,   2.32, 4.08, 4.06, 4.10, 0.00, 0.00, 1, 1, 15,  37.1687153, -97.7339166,   502.0, 2026,  3, 21, 21, 19, 42,        5,      117, 167,  88,   1.2,   0.6,   1.0,  0,  0,  0,  0, 21, 34,  0,  0, 35,  0, 15, 37,  0,  0,  0,  0,  0,  0, 29, 26, 35,  0,  0,  0, 36,  0,  0,  0, 39,  0,  0,  0
6, 16111, 1,KC3VYA,     2.33, 3,   boost,  101.01,  93950.00,  632.84,  218.37,  183.80, 46.9, 4.08, 3.93, 4.08, 118.82,  -0.78,   3.84, 405.81,   0.82,   1.38,   0.78,  -0.63,  -0.08,   2.32, 4.08, 4.06, 4.10, 0.00, 0.00, 1, 1, 15,  37.1687153, -97.7339166,   502.0, 2026,  3, 21, 21, 19, 42,        5,      117, 167,  88,   1.2,   0.6,   1.0,  0,  0,  0,  0, 21, 34,  0,  0, 35,  0, 15, 37,  0,  0,  0,  0,  0,  0, 29, 26, 35,  0,  0,  0, 36,  0,  0,  0, 39,  0,  0,  0
6, 16111, 1,KC3VYA,     2.34, 3,   boost,  104.44,  93950.00,  632.84,  218.37,  184.60, 46.9, 4.08, 3.93, 4.08, 117.64,  -0.72,   2.16, 412.77,   3.75,   1.50,   0.78,  -0.63,  -0.08,   2.36, 4.08, 4.06, 4.10, 0.00, 0.00, 1, 1, 15,  37.1687153, -97.7339166,   502.0, 2026,  3, 21, 21, 19, 42,        5,      117, 167,  88,   1.2,   0.6,   1.0,  0,  0,  0,  0, 21, 34,  0,  0, 35,  0, 15, 37,  0,  0,  0,  0,  0,  0, 29, 26, 35,  0,  0,  0, 36,  0,  0,  0, 39,  0,  0,  0
6, 16111, 1,KC3VYA,     2.35, 3,   boost,  105.91,  93905.00,  636.82,  222.35,  185.41, 46.9, 4.08, 3.93, 4.08, 118.83,  -0.93,   3.43, 414.96,   3.39,   0.89,   0.78,  -0.61,  -0.06,   2.39, 4.08, 4.06, 4.10, 0.00, 0.00, 1, 1, 15,  37.1687153, -97.7339166,   502.0, 2026,  3, 21, 21, 19, 42,        5,      117, 167,  88,   1.2,   0.6,   1.0,  0,  0,  0,  0, 21, 34,  0,  0, 35,  0, 15, 37,  0,  0,  0,  0,  0,  0, 29, 26, 35,  0,  0,  0, 36,  0,  0,  0, 39,  0,  0,  0
6, 16111, 1,KC3VYA,     2.36, 3,   boost,  105.42,  93905.00,  636.82,  222.35,  186.22, 46.9, 4.08, 3.93, 4.08, 118.39,  -0.47,   2.89, 417.83,   3.27,   0.52,   0.78,  -0.61,  -0.05,   2.42, 4.08, 4.06, 4.10, 0.00, 0.00, 1, 1, 15,  37.1687153, -97.7339166,   502.0, 2026,  3, 21, 21, 19, 42,        5,      117, 167,  88,   1.2,   0.6,   1.0,  0,  0,  0,  0, 21, 34,  0,  0, 35,  0, 15, 37,  0,  0,  0,  0,  0,  0, 29, 26, 35,  0,  0,  0, 36,  0,  0,  0, 39,  0,  0,  0
6, 16111, 1,KC3VYA,     2.37, 3,   boost,  108.36,  93871.00,  639.83,  225.37,  187.03, 46.9, 4.08, 3.93, 4.08, 118.46,  -0.13,   3.07, 419.60,  -0.34,  -0.45,   0.78,  -0.60,  -0.04,   2.42, 4.08, 4.06, 4.10, 0.00, 0.00, 1, 1, 15,  37.1687153, -97.7339166,   502.0, 2026,  3, 21, 21, 19, 42,        5,      117, 167,  88,   1.2,   0.6,   1.0,  0,  0,  0,  0, 21, 34,  0,  0, 35,  0, 15, 37,  0,  0,  0,  0,  0,  0, 29, 26, 35,  0,  0,  0, 36,  0,  0,  0, 39,  0,  0,  0
6, 16111, 1,KC3VYA,     2.38, 3,   boost,  108.36,  93871.00,  639.83,  225.37,  187.84, 46.9, 4.08, 3.93, 4.08, 118.35,  -0.08,   3.97, 423.81,   1.62,  -0.94,   0.78,  -0.59,  -0.03,   2.43, 4.08, 4.06, 4.10, 0.00, 0.00, 1, 1, 15,  37.1687153, -97.7339166,   502.0, 2026,  3, 21, 21, 19, 42,        5,      117, 167,  88,   1.2,   0.6,   1.0,  0,  0,  0,  0, 21, 34,  0,  0, 35,  0, 15, 37,  0,  0,  0,  0,  0,  0, 29, 26, 35,  0,  0,  0, 36,  0,  0,  0, 39,  0,  0,  0
6, 16111, 1,KC3VYA,     2.39, 3,   boost,  104.44,  93830.00,  643.46,  229.00,  188.66, 46.9, 4.08, 3.93, 4.08, 117.85,  -0.33,   2.04, 428.03,   0.21,  -0.27,   0.78,  -0.57,  -0.02,   2.44, 4.08, 4.06, 4.10, 0.00, 0.00, 1, 1, 15,  37.1687153, -97.7339166,   502.0, 2026,  3, 21, 21, 19, 42,        5,      117, 167,  88,   1.2,   0.6,   1.0,  0,  0,  0,  0, 21, 34,  0,  0, 35,  0, 15, 37,  0,  0,  0,  0,  0,  0, 29, 26, 35,  0,  0,  0, 36,  0,  0,  0, 39,  0,  0,  0
6, 16111, 1,KC3VYA,     2.40, 3,   boost,  105.91,  93830.00,  643.46,  229.00,  189.48, 46.9, 4.08, 3.93, 4.08, 117.93,  -0.60,   2.74, 431.14,  -1.25,  -1.68,   0.78,  -0.56,  -0.02,   2.42, 4.08, 4.06, 4.10, 0.00, 0.00, 1, 1, 15,  37.1687153, -97.7339166,   502.0, 2026,  3, 21, 21, 19, 42,        5,      117, 167,  88,   1.2,   0.6,   1.0,  0,  0,  0,  0, 21, 34,  0,  0, 35,  0, 15, 37,  0,  0,  0,  0,  0,  0, 29, 26, 35,  0,  0,  0, 36,  0,  0,  0, 39,  0,  0,  0
6, 16111, 1,KC3VYA,     2.41, 3,   boost,  105.42,  93793.00,  646.74,  232.27,  190.31, 46.9, 4.08, 3.93, 4.08, 117.67,  -0.58,   2.16, 435.05,   1.07,  -1.68,   0.78,  -0.54,  -0.01,   2.42, 4.08, 4.06, 4.10, 0.00, 0.00, 1, 1, 15,  37.1687153, -97.7339166,   502.0, 2026,  3, 21, 21, 19, 42,        5,      117, 167,  88,   1.2,   0.6,   1.0,  0,  0,  0,  0, 21, 34,  0,  0, 35,  0, 15, 37,  0,  0,  0,  0,  0,  0, 29, 26, 35,  0,  0,  0, 36,  0,  0,  0, 39,  0,  0,  0
6, 16111, 1,KC3VYA,     2.42, 3,   boost,  106.40,  93793.00,  646.74,  232.27,  191.14, 46.9, 4.08, 3.93, 4.08, 117.56,  -0.43,   1.85, 435.84,  -1.19,  -2.10,   0.78,  -0.54,  -0.01,   2.40, 4.08, 4.06, 4.10, 0.00, 0.00, 1, 1, 15,  37.1687153, -97.7339166,   502.0, 2026,  3, 21, 21, 19, 42,        5,      117, 167,  88,   1.2,   0.6,   1.0,  0,  0,  0,  0, 21, 34,  0,  0, 35,  0, 15, 37,  0,  0,  0,  0,  0,  0, 29, 26, 35,  0,  0,  0, 36,  0,  0,  0, 39,  0,  0,  0
6, 16111, 1,KC3VYA,     2.43, 3,   boost,  105.42,  93775.00,  648.34,  233.87,  191.96, 46.9, 4.08, 3.93, 4.08, 117.60,  -0.53,   2.37, 439.20,  -0.70,  -2.83,   0.78,  -0.52,  -0.01,   2.38, 4.08, 4.06, 4.10, 0.00, 0.00, 1, 1, 15,  37.1687153, -97.7339166,   502.0, 2026,  3, 21, 21, 19, 42,        5,      117, 167,  88,   1.2,   0.6,   1.0,  0,  0,  0,  0, 21, 34,  0,  0, 35,  0, 15, 37,  0,  0,  0,  0,  0,  0, 29, 26, 35,  0,  0,  0, 36,  0,  0,  0, 39,  0,  0,  0
6, 16111, 1,KC3VYA,     2.44, 3,   boost,  105.91,  93775.00,  648.34,  233.87,  192.79, 46.9, 4.08, 3.93, 4.08, 117.21,  -0.01,   2.49, 439.44,   3.33,  -2.10,   0.78,  -0.49,  -0.01,   2.40, 4.08, 4.06, 4.10, 0.00, 0.00, 1, 1, 15,  37.1687153, -97.7339166,   502.0, 2026,  3, 21, 21, 19, 42,        5,      117, 167,  88,   1.2,   0.6,   1.0,  0,  0,  0,  0, 21, 34,  0,  0, 35,  0, 15, 37,  0,  0,  0,  0,  0,  0, 29, 26, 35,  0,  0,  0, 36,  0,  0,  0, 39,  0,  0,  0
6, 16111, 1,KC3VYA,     2.45, 3,   boost,  106.89,  93728.00,  652.50,  238.04,  193.62, 46.9, 4.08, 3.93, 4.08, 117.05,   0.04,   2.37, 445.79,   1.25,  -3.20,   0.78,  -0.49,  -0.01,   2.39, 4.08, 4.06, 4.10, 0.00, 0.00, 1, 1, 15,  37.1687153, -97.7339166,   502.0, 2026,  3, 21, 21, 19, 42,        5,      117, 167,  88,   1.2,   0.6,   1.0,  0,  0,  0,  0, 21, 34,  0,  0, 35,  0, 15, 37,  0,  0,  0,  0,  0,  0, 29, 26, 35,  0,  0,  0, 36,  0,  0,  0, 39,  0,  0,  0
6, 16111, 1,KC3VYA,     2.46, 3,   boost,  108.36,  93728.00,  652.50,  238.04,  194.46, 46.9, 4.08, 3.93, 4.08, 117.15,  -0.17,   2.77, 447.37,   0.76,  -3.26,   0.78,  -0.45,   0.00,   2.38, 4.08, 4.06, 4.10, 0.00, 0.00, 1, 1, 15,  37.1687153, -97.7339166,   502.0, 2026,  3, 21, 21, 19, 42,        5,      117, 167,  88,   1.2,   0.6,   1.0,  0,  0,  0,  0, 21, 34,  0,  0, 35,  0, 15, 37,  0,  0,  0,  0,  0,  0, 29, 26, 35,  0,  0,  0, 36,  0,  0,  0, 39,  0,  0,  0
6, 16111, 1,KC3VYA,     2.47, 3,   boost,  104.93,  93682.00,  656.58,  242.12,  195.29, 46.9, 4.08, 3.93, 4.08, 116.98,   0.32,   1.72, 450.67,   4.43,  -2.65,   0.78,  -0.43,   0.00,   2.39, 4.08, 4.06, 4.10, 0.00, 0.00, 1, 1, 15,  37.1687153, -97.7339166,   502.0, 2026,  3, 21, 21, 19, 42,        5,      117, 167,  88,   1.2,   0.6,   1.0,  0,  0,  0,  0, 21, 34,  0,  0, 35,  0, 15, 37,  0,  0,  0,  0,  0,  0, 29, 26, 35,  0,  0,  0, 36,  0,  0,  0, 39,  0,  0,  0
6, 16111, 1,KC3VYA,     2.48, 3,   boost,  106.89,  93682.00,  656.58,  242.12,  196.13, 46.9, 4.08, 3.93, 4.08, 117.50,   0.22,   2.21, 457.69,   1.56,  -3.20,   0.78,  -0.43,   0.00,   2.38, 4.08, 4.06, 4.10, 0.00, 0.00, 1, 1, 15,  37.1687153, -97.7339166,   502.0, 2026,  3, 21, 21, 19, 42,        5,      117, 167,  88,   1.2,   0.6,   1.0,  0,  0,  0,  0, 21, 34,  0,  0, 35,  0, 15, 37,  0,  0,  0,  0,  0,  0, 29, 26, 35,  0,  0,  0, 36,  0,  0,  0, 39,  0,  0,  0
6, 16111, 1,KC3VYA,     2.49, 3,   boost,   98.07,  93638.00,  660.49,  246.02,  196.98, 46.9, 4.08, 3.93, 4.08, 117.00,  -0.07,   2.03, 458.36,   3.08,  -2.41,   0.78,  -0.39,  -0.00,   2.38, 4.08, 4.06, 4.10, 0.00, 0.00, 1, 1, 15,  37.1687153, -97.7339166,   502.0, 2026,  3, 21, 21, 19, 42,        5,      117, 167,  88,   1.2,   0.6,   1.0,  0,  0,  0,  0, 21, 34,  0,  0, 35,  0, 15, 37,  0,  0,  0,  0,  0,  0, 29, 26, 35,  0,  0,  0, 36,  0,  0,  0, 39,  0,  0,  0
6, 16111, 1,KC3VYA,     2.50, 3,   boost,  103.46,  93638.00,  660.49,  246.02,  197.83, 46.9, 4.08, 3.93, 4.08, 116.44,   0.19,   2.01, 462.14,   3.14,  -2.83,   0.78,  -0.36,  -0.00,   2.37, 4.08, 4.06, 4.10, 0.00, 0.00, 1, 1, 15,  37.1687153, -97.7339166,   502.0, 2026,  3, 21, 21, 19, 42,        5,      117, 167,  88,   1.2,   0.6,   1.0,  0,  0,  0,  0, 21, 34,  0,  0, 35,  0, 15, 37,  0,  0,  0,  0,  0,  0, 29, 26, 35,  0,  0,  0, 36,  0,  0,  0, 39,  0,  0,  0
6, 16111, 1,KC3VYA,     2.51, 3,   boost,  116.21,  93592.00,  664.57,  250.10,  198.70, 46.9, 4.08, 3.93, 4.08, 118.25,   0.24,   2.28, 461.47,   2.17,  -2.77,   0.78,  -0.35,  -0.00,   2.36, 4.08, 4.06, 4.10, 0.00, 0.00, 1, 1, 15,  37.1687153, -97.7339166,   502.0, 2026,  3, 21, 21, 19, 42,        5,      117, 167,  88,   1.2,   0.6,   1.0,  0,  0,  0,  0, 21, 34,  0,  0, 35,  0, 15, 37,  0,  0,  0,  0,  0,  0, 29, 26, 35,  0,  0,  0, 36,  0,  0,  0, 39,  0,  0,  0
6, 16111, 1,KC3VYA,     2.51, 3,   boost,  116.21,  93592.00,  664.57,  250.10,  198.70, 46.9, 4.08, 3.93, 4.08, 118.25,   0.24,   2.28, 461.47,   2.17,  -2.77,   0.78,  -0.35,  -0.00,   2.36, 4.08, 4.06, 4.10, 0.00, 0.00, 1, 1, 15,  37.1687153, -97.7339166,   502.0, 2026,  3, 21, 21, 19, 42,        5,      117, 167,  88,   1.2,   0.6,   1.0,  0,  0,  0,  0, 21, 34,  0,  0, 35,  0, 15, 37,  0,  0,  0,  0,  0,  0, 29, 26, 35,  0,  0,  0, 36,  0,  0,  0, 39,  0,  0,  0
6, 16111, 1,KC3VYA,     2.51, 3,   boost,  116.21,  93592.00,  664.57,  250.10,  198.70, 46.9, 4.08, 3.93, 4.08, 118.25,   0.24,   2.28, 461.47,   2.17,  -2.77,   0.78,  -0.35,  -0.00,   2.36, 4.08, 4.06, 4.10, 0.00, 0.00, 1, 1, 15,  37.1687153, -97.7339166,   502.0, 2026,  3, 21, 21, 19, 42,        5,      117, 167,  88,   1.2,   0.6,   1.0,  0,  0,  0,  0, 21, 34,  0,  0, 35,  0, 15, 37,  0,  0,  0,  0,  0,  0, 29, 26, 35,  0,  0,  0, 36,  0,  0,  0, 39,  0,  0,  0
6, 16111, 1,KC3VYA,     2.52, 3,   boost,   97.09,  93592.00,  664.57,  250.10,  199.56, 46.9, 4.08, 3.93, 4.08, 118.82,   0.34,   3.34, 469.04,   3.57,  -2.35,   0.78,  -0.32,  -0.01,   2.36, 4.08, 4.06, 4.10, 0.00, 0.00, 1, 1, 14,  37.1686569, -97.7339050,   705.0, 2026,  3, 21, 21, 19, 43,       11,      320, 169,  88,   1.2,   0.6,   1.0,  0,  0,  0,  0, 17, 40,  0,  0, 38,  0, 13, 21,  0,  0,  0,  0,  0,  0, 39, 27, 23,  0,  0,  0, 23,  0,  0,  0, 40,  0,  0,  0
6, 16111, 1,KC3VYA,     2.53, 3,   boost,  107.38,  93544.00,  668.83,  254.36,  200.44, 46.9, 4.08, 3.93, 4.08, 117.72,   0.17,   3.26, 468.68,   4.30,  -1.74,   0.78,  -0.32,  -0.01,   2.36, 4.08, 4.06, 4.10, 0.00, 0.00, 1, 1, 14,  37.1686569, -97.7339050,   705.0, 2026,  3, 21, 21, 19, 43,       11,      320, 169,  88,   1.2,   0.6,   1.0,  0,  0,  0,  0, 17, 40,  0,  0, 38,  0, 13, 21,  0,  0,  0,  0,  0,  0, 39, 27, 23,  0,  0,  0, 23,  0,  0,  0, 40,  0,  0,  0
6, 16111, 1,KC3VYA,     2.54, 3,   boost,  107.38,  93544.00,  668.83,  254.36,  201.32, 46.9, 4.08, 3.93, 4.08, 116.42,   0.52,   2.61, 470.08,   4.85,  -1.98,   0.78,  -0.31,  -0.01,   2.36, 4.08, 4.06, 4.10, 0.00, 0.00, 1, 1, 14,  37.1686569, -97.7339050,   705.0, 2026,  3, 21, 21, 19, 43,       11,      320, 169,  88,   1.2,   0.6,   1.0,  0,  0,  0,  0, 17, 40,  0,  0, 38,  0, 13, 21,  0,  0,  0,  0,  0,  0, 39, 27, 23,  0,  0,  0, 23,  0,  0,  0, 40,  0,  0,  0
6, 16111, 1,KC3VYA,     2.55, 3,   boost,   91.20,  93494.00,  673.27,  258.81,  202.21, 46.9, 4.08, 3.93, 4.08, 116.28,   1.03,   2.41, 475.63,   3.69,  -0.94,   0.78,  -0.26,  -0.03,   2.36, 4.08, 4.06, 4.10, 0.00, 0.00, 1, 1, 14,  37.1686569, -97.7339050,   705.0, 2026,  3, 21, 21, 19, 43,       11,      320, 169,  88,   1.2,   0.6,   1.0,  0,  0,  0,  0, 17, 40,  0,  0, 38,  0, 13, 21,  0,  0,  0,  0,  0,  0, 39, 27, 23,  0,  0,  0, 23,  0,  0,  0, 40,  0,  0,  0
6, 16111, 1,KC3VYA,     2.56, 3,   boost,  100.52,  93494.00,  673.27,  258.81,  203.09, 46.9, 4.08, 3.93, 4.08, 115.68,   1.23,   2.05, 482.47,   6.74,  -0.21,   0.78,  -0.26,  -0.03,   2.38, 4.08, 4.06, 4.10, 0.00, 0.00, 1, 1, 14,  37.1686569, -97.7339050,   705.0, 2026,  3, 21, 21, 19, 43,       11,      320, 169,  88,   1.2,   0.6,   1.0,  0,  0,  0,  0, 17, 40,  0,  0, 38,  0, 13, 21,  0,  0,  0,  0,  0,  0, 39, 27, 23,  0,  0,  0, 23,  0,  0,  0, 40,  0,  0,  0
6, 16111, 1,KC3VYA,     2.57, 3,   boost,  105.91,  93450.00,  677.18,  262.71,  203.99, 46.9, 4.08, 3.93, 4.08, 115.29,   0.32,   3.80, 481.98,   3.45,  -0.33,   0.78,  -0.23,  -0.04,   2.38, 4.08, 4.06, 4.10, 0.00, 0.00, 1, 1, 14,  37.1686569, -97.7339050,   705.0, 2026,  3, 21, 21, 19, 43,       11,      320, 169,  88,   1.2,   0.6,   1.0,  0,  0,  0,  0, 17, 40,  0,  0, 38,  0, 13, 21,  0,  0,  0,  0,  0,  0, 39, 27, 23,  0,  0,  0, 23,  0,  0,  0, 40,  0,  0,  0
6, 16111, 1,KC3VYA,     2.58, 3,   boost,  100.03,  93450.00,  677.18,  262.71,  204.88, 46.9, 4.08, 4.02, 4.09, 115.29,   0.29,   2.14, 481.92,   5.71,   0.83,   0.78,  -0.21,  -0.05,   2.39, 4.08, 4.08, 4.10, 0.00, 0.00, 1, 1, 14,  37.1686569, -97.7339050,   705.0, 2026,  3, 21, 21, 19, 43,       11,      320, 169,  88,   1.2,   0.6,   1.0,  0,  0,  0,  0, 17, 40,  0,  0, 38,  0, 13, 21,  0,  0,  0,  0,  0,  0, 39, 27, 23,  0,  0,  0, 23,  0,  0,  0, 40,  0,  0,  0
6, 16111, 1,KC3VYA,     2.58, 3,   boost,  100.03,  93450.00,  677.18,  262.71,  204.88, 46.9, 4.08, 4.02, 4.09, 115.29,   0.29,   2.14, 481.92,   5.71,   0.83,   0.78,  -0.21,  -0.05,   2.39, 4.08, 4.08, 4.10, 0.00, 0.00, 1, 1, 14,  37.1686569, -97.7339050,   705.0, 2026,  3, 21, 21, 19, 43,       11,      320, 169,  88,   1.2,   0.6,   1.0,  0,  0,  0,  0, 17, 40,  0,  0, 38,  0, 13, 21,  0,  0,  0,  0,  0,  0, 39, 27, 23,  0,  0,  0, 23,  0,  0,  0, 40,  0,  0,  0
6, 16111, 1,KC3VYA,     2.59, 3,   boost,  114.74,  93409.00,  680.83,  266.36,  205.79, 46.9, 4.08, 4.02, 4.09, 117.66,   0.08,   3.51, 489.00,   2.41,   1.32,   0.78,  -0.21,  -0.05,   2.41, 4.08, 4.08, 4.10, 0.00, 0.00, 1, 1, 14,  37.1686569, -97.7339050,   705.0, 2026,  3, 21, 21, 19, 43,       11,      320, 169,  88,   1.2,   0.6,   1.0,  0,  0,  0,  0, 17, 40,  0,  0, 38,  0, 13, 21,  0,  0,  0,  0,  0,  0, 39, 27, 23,  0,  0,  0, 23,  0,  0,  0, 40,  0,  0,  0
6, 16111, 1,KC3VYA,     2.60, 3,   boost,  103.95,  93409.00,  680.83,  266.36,  206.70, 46.9, 4.08, 4.02, 4.09, 118.35,   0.85,   4.77, 488.39,  -1.50,   1.62,   0.77,  -0.18,  -0.07,   2.42, 4.08, 4.08, 4.10, 0.00, 0.00, 1, 1, 14,  37.1686569, -97.7339050,   705.0, 2026,  3, 21, 21, 19, 43,       11,      320, 169,  88,   1.2,   0.6,   1.0,  0,  0,  0,  0, 17, 40,  0,  0, 38,  0, 13, 21,  0,  0,  0,  0,  0,  0, 39, 27, 23,  0,  0,  0, 23,  0,  0,  0, 40,  0,  0,  0
6, 16111, 1,KC3VYA,     2.61, 3,   boost,  106.40,  93358.00,  685.36,  270.90,  207.61, 46.9, 4.08, 4.02, 4.09, 115.50,   0.37,   3.33, 495.90,   5.34,   2.48,   0.77,  -0.17,  -0.08,   2.44, 4.08, 4.08, 4.10, 0.00, 0.00, 1, 1, 14,  37.1686569, -97.7339050,   705.0, 2026,  3, 21, 21, 19, 43,       11,      320, 169,  88,   1.2,   0.6,   1.0,  0,  0,  0,  0, 17, 40,  0,  0, 38,  0, 13, 21,  0,  0,  0,  0,  0,  0, 39, 27, 23,  0,  0,  0, 23,  0,  0,  0, 40,  0,  0,  0
6, 16111, 1,KC3VYA,     2.62, 3,   boost,  105.91,  93358.00,  685.36,  270.90,  208.54, 46.9, 4.08, 4.02, 4.09, 115.51,   0.10,   4.08, 495.59,  -1.74,   2.23,   0.77,  -0.16,  -0.09,   2.47, 4.08, 4.08, 4.10, 0.00, 0.00, 1, 1, 14,  37.1686569, -97.7339050,   705.0, 2026,  3, 21, 21, 19, 43,       11,      320, 169,  88,   1.2,   0.6,   1.0,  0,  0,  0,  0, 17, 40,  0,  0, 38,  0, 13, 21,  0,  0,  0,  0,  0,  0, 39, 27, 23,  0,  0,  0, 23,  0,  0,  0, 40,  0,  0,  0
6, 16111, 1,KC3VYA,     2.63, 3,   boost,  103.95,  93324.00,  688.39,  273.92,  209.48, 46.9, 4.08, 4.02, 4.09, 114.77,   0.24,   3.38, 501.02,   1.80,   2.78,   0.77,  -0.15,  -0.11,   2.49, 4.08, 4.08, 4.10, 0.00, 0.00, 1, 1, 14,  37.1686569, -97.7339050,   705.0, 2026,  3, 21, 21, 19, 43,       11,      320, 169,  88,   1.2,   0.6,   1.0,  0,  0,  0,  0, 17, 40,  0,  0, 38,  0, 13, 21,  0,  0,  0,  0,  0,  0, 39, 27, 23,  0,  0,  0, 23,  0,  0,  0, 40,  0,  0,  0
6, 16111, 1,KC3VYA,     2.64, 3,   boost,  102.48,  93324.00,  688.39,  273.92,  210.43, 46.9, 4.08, 4.02, 4.09, 113.97,   0.75,   3.03, 505.66,  -0.95,   2.72,   0.77,  -0.15,  -0.11,   2.52, 4.08, 4.08, 4.10, 0.00, 0.00, 1, 1, 14,  37.1686569, -97.7339050,   705.0, 2026,  3, 21, 21, 19, 43,       11,      320, 169,  88,   1.2,   0.6,   1.0,  0,  0,  0,  0, 17, 40,  0,  0, 38,  0, 13, 21,  0,  0,  0,  0,  0,  0, 39, 27, 23,  0,  0,  0, 23,  0,  0,  0, 40,  0,  0,  0
6, 16111, 1,KC3VYA,     2.65, 3,   boost,  102.48,  93272.00,  693.02,  278.55,  211.42, 46.9, 4.08, 4.02, 4.09, 112.49,  -0.29,   2.86, 507.37,   1.68,   2.05,   0.77,  -0.14,  -0.12,   2.53, 4.08, 4.08, 4.10, 0.00, 0.00, 1, 1, 14,  37.1686569, -97.7339050,   705.0, 2026,  3, 21, 21, 19, 43,       11,      320, 169,  88,   1.2,   0.6,   1.0,  0,  0,  0,  0, 17, 40,  0,  0, 38,  0, 13, 21,  0,  0,  0,  0,  0,  0, 39, 27, 23,  0,  0,  0, 23,  0,  0,  0, 40,  0,  0,  0
6, 16111, 1,KC3VYA,     2.66, 3,   boost,  101.01,  93272.00,  693.02,  278.55,  212.42, 46.9, 4.08, 4.02, 4.09, 112.58,  -0.99,   2.62, 510.91,  -1.13,   2.35,   0.77,  -0.13,  -0.14,   2.56, 4.08, 4.08, 4.10, 0.00, 0.00, 1, 1, 14,  37.1686569, -97.7339050,   705.0, 2026,  3, 21, 21, 19, 43,       11,      320, 169,  88,   1.2,   0.6,   1.0,  0,  0,  0,  0, 17, 40,  0,  0, 38,  0, 13, 21,  0,  0,  0,  0,  0,  0, 39, 27, 23,  0,  0,  0, 23,  0,  0,  0, 40,  0,  0,  0
6, 16111, 1,KC3VYA,     2.67, 3,   boost,   98.07,  93238.00,  696.04,  281.57,  213.71, 46.9, 4.08, 4.02, 4.09, 113.16,  -0.94,   3.46, 510.67,   3.02,   2.05,   0.77,  -0.13,  -0.14,   2.56, 4.08, 4.08, 4.10, 0.00, 0.00, 1, 1, 14,  37.1686569, -97.7339050,   705.0, 2026,  3, 21, 21, 19, 43,       11,      320, 169,  88,   1.2,   0.6,   1.0,  0,  0,  0,  0, 17, 40,  0,  0, 38,  0, 13, 21,  0,  0,  0,  0,  0,  0, 39, 27, 23,  0,  0,  0, 23,  0,  0,  0, 40,  0,  0,  0
6, 16111, 1,KC3VYA,     2.68, 3,   boost,  105.91,  93238.00,  696.04,  281.57,  215.01, 46.9, 4.08, 4.02, 4.09, 113.00,  -1.12,   3.66, 516.10,   0.28,   1.56,   0.77,  -0.13,  -0.17,   2.57, 4.08, 4.08, 4.10, 0.00, 0.00, 1, 1, 14,  37.1686569, -97.7339050,   705.0, 2026,  3, 21, 21, 19, 43,       11,      320, 169,  88,   1.2,   0.6,   1.0,  0,  0,  0,  0, 17, 40,  0,  0, 38,  0, 13, 21,  0,  0,  0,  0,  0,  0, 39, 27, 23,  0,  0,  0, 23,  0,  0,  0, 40,  0,  0,  0
6, 16111, 1,KC3VYA,     2.69, 3,   boost,   98.56,  93202.00,  699.25,  284.78,  216.44, 46.9, 4.08, 4.02, 4.09, 113.43,  -0.83,   3.66, 518.18,  -3.33,   0.83,   0.77,  -0.13,  -0.18,   2.60, 4.08, 4.08, 4.10, 0.00, 0.00, 1, 1, 14,  37.1686569, -97.7339050,   705.0, 2026,  3, 21, 21, 19, 43,       11,      320, 169,  88,   1.2,   0.6,   1.0,  0,  0,  0,  0, 17, 40,  0,  0, 38,  0, 13, 21,  0,  0,  0,  0,  0,  0, 39, 27, 23,  0,  0,  0, 23,  0,  0,  0, 40,  0,  0,  0
6, 16111, 1,KC3VYA,     2.70, 3,   boost,  102.97,  93202.00,  699.25,  284.78,  217.90, 46.9, 4.08, 4.02, 4.09, 113.02,  -0.01,   3.56, 520.01,  -1.01,   0.10,   0.77,  -0.14,  -0.19,   2.60, 4.08, 4.08, 4.10, 0.00, 0.00, 1, 1, 14,  37.1686569, -97.7339050,   705.0, 2026,  3, 21, 21, 19, 43,       11,      320, 169,  88,   1.2,   0.6,   1.0,  0,  0,  0,  0, 17, 40,  0,  0, 38,  0, 13, 21,  0,  0,  0,  0,  0,  0, 39, 27, 23,  0,  0,  0, 23,  0,  0,  0, 40,  0,  0,  0
6, 16111, 1,KC3VYA,     2.71, 3,   boost,  109.83,  93161.00,  702.90,  288.43,  219.24, 46.9, 4.08, 4.02, 4.09, 112.06,   0.27,   2.88, 523.30,   2.66,   0.28,   0.76,  -0.15,  -0.20,   2.58, 4.08, 4.08, 4.10, 0.00, 0.00, 1, 1, 14,  37.1686569, -97.7339050,   705.0, 2026,  3, 21, 21, 19, 43,       11,      320, 169,  88,   1.2,   0.6,   1.0,  0,  0,  0,  0, 17, 40,  0,  0, 38,  0, 13, 21,  0,  0,  0,  0,  0,  0, 39, 27, 23,  0,  0,  0, 23,  0,  0,  0, 40,  0,  0,  0
6, 16111, 1,KC3VYA,     2.72, 3,   boost,  101.99,  93161.00,  702.90,  288.43,  220.60, 46.9, 4.08, 4.02, 4.09, 111.82,  -0.25,   2.99, 527.57,   1.13,  -0.15,   0.76,  -0.15,  -0.21,   2.57, 4.08, 4.08, 4.10, 0.00, 0.00, 1, 1, 14,  37.1686569, -97.7339050,   705.0, 2026,  3, 21, 21, 19, 43,       11,      320, 169,  88,   1.2,   0.6,   1.0,  0,  0,  0,  0, 17, 40,  0,  0, 38,  0, 13, 21,  0,  0,  0,  0,  0,  0, 39, 27, 23,  0,  0,  0, 23,  0,  0,  0, 40,  0,  0,  0
6, 16111, 1,KC3VYA,     2.73, 3,   boost,   98.56,  93123.00,  706.29,  291.82,  221.99, 46.9, 4.08, 4.02, 4.09, 111.08,  -1.01,   1.88, 527.45,   0.03,  -0.70,   0.76,  -0.16,  -0.23,   2.57, 4.08, 4.08, 4.10, 0.00, 0.00, 1, 1, 14,  37.1686569, -97.7339050,   705.0, 2026,  3, 21, 21, 19, 43,       11,      320, 169,  88,   1.2,   0.6,   1.0,  0,  0,  0,  0, 17, 40,  0,  0, 38,  0, 13, 21,  0,  0,  0,  0,  0,  0, 39, 27, 23,  0,  0,  0, 23,  0,  0,  0, 40,  0,  0,  0
6, 16111, 1,KC3VYA,     2.74, 3,   boost,   99.54,  93123.00,  706.29,  291.82,  223.39, 46.9, 4.08, 4.02, 4.09, 111.34,  -0.25,   1.73, 530.81,  -2.53,  -0.82,   0.76,  -0.17,  -0.23,   2.59, 4.08, 4.08, 4.10, 0.00, 0.00, 1, 1, 14,  37.1686569, -97.7339050,   705.0, 2026,  3, 21, 21, 19, 43,       11,      320, 169,  88,   1.2,   0.6,   1.0,  0,  0,  0,  0, 17, 40,  0,  0, 38,  0, 13, 21,  0,  0,  0,  0,  0,  0, 39, 27, 23,  0,  0,  0, 23,  0,  0,  0, 40,  0,  0,  0
6, 16111, 1,KC3VYA,     2.75, 3,   boost,   99.54,  93093.00,  708.96,  294.49,  224.83, 46.9, 4.08, 4.02, 4.09, 111.36,  -1.30,   2.34, 535.20,  -0.15,  -1.19,   0.76,  -0.17,  -0.23,   2.59, 4.08, 4.08, 4.10, 0.00, 0.00, 1, 1, 14,  37.1686569, -97.7339050,   705.0, 2026,  3, 21, 21, 19, 43,       11,      320, 169,  88,   1.2,   0.6,   1.0,  0,  0,  0,  0, 17, 40,  0,  0, 38,  0, 13, 21,  0,  0,  0,  0,  0,  0, 39, 27, 23,  0,  0,  0, 23,  0,  0,  0, 40,  0,  0,  0
6, 16111, 1,KC3VYA,     2.76, 3,   boost,  101.01,  93093.00,  708.96,  294.49,  226.30, 46.9, 4.08, 4.02, 4.09, 110.86,  -0.44,   1.44, 529.65,   1.25,  -1.37,   0.76,  -0.19,  -0.24,   2.58, 4.08, 4.08, 4.10, 0.00, 0.00, 1, 1, 14,  37.1686569, -97.7339050,   705.0, 2026,  3, 21, 21, 19, 43,       11,      320, 169,  88,   1.2,   0.6,   1.0,  0,  0,  0,  0, 17, 40,  0,  0, 38,  0, 13, 21,  0,  0,  0,  0,  0,  0, 39, 27, 23,  0,  0,  0, 23,  0,  0,  0, 40,  0,  0,  0
6, 16111, 1,KC3VYA,     2.77, 3,   boost,   99.05,  93032.00,  714.40,  299.93,  227.81, 46.9, 4.08, 4.02, 4.09, 110.37,   1.56,   3.18, 534.41,   1.68,  -1.13,   0.77,  -0.22,  -0.26,   2.56, 4.08, 4.08, 4.10, 0.00, 0.00, 1, 1, 14,  37.1686569, -97.7339050,   705.0, 2026,  3, 21, 21, 19, 43,       11,      320, 169,  88,   1.2,   0.6,   1.0,  0,  0,  0,  0, 17, 40,  0,  0, 38,  0, 13, 21,  0,  0,  0,  0,  0,  0, 39, 27, 23,  0,  0,  0, 23,  0,  0,  0, 40,  0,  0,  0
6, 16111, 1,KC3VYA,     2.78, 3,   boost,   98.07,  93032.00,  714.40,  299.93,  229.36, 46.9, 4.08, 4.02, 4.09, 110.06,   1.94,   4.10, 534.72,  -4.36,  -0.52,   0.77,  -0.22,  -0.26,   2.60, 4.08, 4.08, 4.10, 0.00, 0.00, 1, 1, 14,  37.1686569, -97.7339050,   705.0, 2026,  3, 21, 21, 19, 43,       11,      320, 169,  88,   1.2,   0.6,   1.0,  0,  0,  0,  0, 17, 40,  0,  0, 38,  0, 13, 21,  0,  0,  0,  0,  0,  0, 39, 27, 23,  0,  0,  0, 23,  0,  0,  0, 40,  0,  0,  0
6, 16111, 1,KC3VYA,     2.79, 3,   boost,   96.11,  92983.00,  718.77,  304.31,  230.94, 46.9, 4.08, 4.02, 4.09, 109.65,  -0.22,   3.84, 545.70,   2.53,   0.77,   0.77,  -0.26,  -0.28,   2.58, 4.08, 4.08, 4.10, 0.00, 0.00, 1, 1, 14,  37.1686569, -97.7339050,   705.0, 2026,  3, 21, 21, 19, 43,       11,      320, 169,  88,   1.2,   0.6,   1.0,  0,  0,  0,  0, 17, 40,  0,  0, 38,  0, 13, 21,  0,  0,  0,  0,  0,  0, 39, 27, 23,  0,  0,  0, 23,  0,  0,  0, 40,  0,  0,  0
6, 16111, 1,KC3VYA,     2.80, 3,   boost,  100.03,  92983.00,  718.77,  304.31,  232.55, 46.9, 4.08, 4.02, 4.09, 110.04,  -2.08,   4.96, 548.02,   4.18,   0.52,   0.76,  -0.29,  -0.28,   2.53, 4.08, 4.08, 4.10, 0.00, 0.00, 1, 1, 14,  37.1686569, -97.7339050,   705.0, 2026,  3, 21, 21, 19, 43,       11,      320, 169,  88,   1.2,   0.6,   1.0,  0,  0,  0,  0, 17, 40,  0,  0, 38,  0, 13, 21,  0,  0,  0,  0,  0,  0, 39, 27, 23,  0,  0,  0, 23,  0,  0,  0, 40,  0,  0,  0
6, 16111, 1,KC3VYA,     2.81, 3,   boost,   95.61,  92946.00,  722.08,  307.61,  234.21, 46.9, 4.08, 4.02, 4.09, 109.79,   1.92,   2.68, 544.30,   4.49,   1.74,   0.76,  -0.31,  -0.28,   2.49, 4.08, 4.08, 4.10, 0.00, 0.00, 1, 1, 14,  37.1686569, -97.7339050,   705.0, 2026,  3, 21, 21, 19, 43,       11,      320, 169,  88,   1.2,   0.6,   1.0,  0,  0,  0,  0, 17, 40,  0,  0, 38,  0, 13, 21,  0,  0,  0,  0,  0,  0, 39, 27, 23,  0,  0,  0, 23,  0,  0,  0, 40,  0,  0,  0
6, 16111, 1,KC3VYA,     2.82, 3,   boost,   97.09,  92946.00,  722.08,  307.61,  235.90, 46.9, 4.08, 4.02, 4.09, 109.32,   0.62,   1.92, 542.22,   2.90,   1.74,   0.77,  -0.33,  -0.28,   2.45, 4.08, 4.08, 4.10, 0.00, 0.00, 1, 1, 14,  37.1686569, -97.7339050,   705.0, 2026,  3, 21, 21, 19, 43,       11,      320, 169,  88,   1.2,   0.6,   1.0,  0,  0,  0,  0, 17, 40,  0,  0, 38,  0, 13, 21,  0,  0,  0,  0,  0,  0, 39, 27, 23,  0,  0,  0, 23,  0,  0,  0, 40,  0,  0,  0
6, 16111, 1,KC3VYA,     2.83, 3,   boost,   98.56,  92910.00,  725.29,  310.82,  237.63, 46.9, 4.08, 4.02, 4.09, 108.75,   0.07,   0.65, 547.41,  -1.92,   1.93,   0.76,  -0.35,  -0.28,   2.46, 4.08, 4.08, 4.10, 0.00, 0.00, 1, 1, 14,  37.1686569, -97.7339050,   705.0, 2026,  3, 21, 21, 19, 43,       11,      320, 169,  88,   1.2,   0.6,   1.0,  0,  0,  0,  0, 17, 40,  0,  0, 38,  0, 13, 21,  0,  0,  0,  0,  0,  0, 39, 27, 23,  0,  0,  0, 23,  0,  0,  0, 40,  0,  0,  0
6, 16111, 1,KC3VYA,     2.84, 3,   boost,   96.11,  92910.00,  725.29,  310.82,  239.40, 46.9, 4.08, 4.02, 4.09, 108.74,   0.98,   1.65, 545.95,   4.61,   2.60,   0.77,  -0.38,  -0.28,   2.41, 4.08, 4.08, 4.10, 0.00, 0.00, 1, 1, 14,  37.1686569, -97.7339050,   705.0, 2026,  3, 21, 21, 19, 43,       11,      320, 169,  88,   1.2,   0.6,   1.0,  0,  0,  0,  0, 17, 40,  0,  0, 38,  0, 13, 21,  0,  0,  0,  0,  0,  0, 39, 27, 23,  0,  0,  0, 23,  0,  0,  0, 40,  0,  0,  0
6, 16111, 1,KC3VYA,     2.85, 3,   boost,   97.09,  92859.00,  729.84,  315.38,  241.21, 46.9, 4.08, 4.02, 4.09, 108.85,   0.63,   3.43, 548.63,  -0.09,   3.27,   0.77,  -0.40,  -0.28,   2.39, 4.08, 4.08, 4.10, 0.00, 0.00, 1, 1, 14,  37.1686569, -97.7339050,   705.0, 2026,  3, 21, 21, 19, 43,       11,      320, 169,  88,   1.2,   0.6,   1.0,  0,  0,  0,  0, 17, 40,  0,  0, 38,  0, 13, 21,  0,  0,  0,  0,  0,  0, 39, 27, 23,  0,  0,  0, 23,  0,  0,  0, 40,  0,  0,  0
6, 16111, 1,KC3VYA,     2.86, 3,   boost,   93.65,  92859.00,  729.84,  315.38,  243.06, 46.9, 4.08, 4.02, 4.09, 110.27,  -0.86,   4.70, 548.88,   1.68,   4.18,   0.77,  -0.40,  -0.28,   2.35, 4.08, 4.08, 4.10, 0.00, 0.00, 1, 1, 14,  37.1686569, -97.7339050,   705.0, 2026,  3, 21, 21, 19, 43,       11,      320, 169,  88,   1.2,   0.6,   1.0,  0,  0,  0,  0, 17, 40,  0,  0, 38,  0, 13, 21,  0,  0,  0,  0,  0,  0, 39, 27, 23,  0,  0,  0, 23,  0,  0,  0, 40,  0,  0,  0
6, 16111, 1,KC3VYA,     2.87, 3,   boost,   98.07,  92814.00,  733.87,  319.40,  244.95, 46.9, 4.08, 4.02, 4.09, 108.33,  -1.47,   4.59, 555.71,  -1.13,   3.88,   0.77,  -0.43,  -0.28,   2.32, 4.08, 4.08, 4.10, 0.00, 0.00, 1, 1, 14,  37.1686569, -97.7339050,   705.0, 2026,  3, 21, 21, 19, 43,       11,      320, 169,  88,   1.2,   0.6,   1.0,  0,  0,  0,  0, 17, 40,  0,  0, 38,  0, 13, 21,  0,  0,  0,  0,  0,  0, 39, 27, 23,  0,  0,  0, 23,  0,  0,  0, 40,  0,  0,  0
6, 16111, 1,KC3VYA,     2.88, 3,   boost,   99.05,  92814.00,  733.87,  319.40,  246.88, 46.9, 4.08, 4.02, 4.09, 108.01,  -0.52,   3.34, 551.87,   1.37,   4.37,   0.77,  -0.48,  -0.27,   2.28, 4.08, 4.08, 4.10, 0.00, 0.00, 1, 1, 14,  37.1686569, -97.7339050,   705.0, 2026,  3, 21, 21, 19, 43,       11,      320, 169,  88,   1.2,   0.6,   1.0,  0,  0,  0,  0, 17, 40,  0,  0, 38,  0, 13, 21,  0,  0,  0,  0,  0,  0, 39, 27, 23,  0,  0,  0, 23,  0,  0,  0, 40,  0,  0,  0
6, 16111, 1,KC3VYA,     2.89, 3,   boost,   97.09,  92785.00,  736.46,  321.99,  248.85, 46.9, 4.08, 4.02, 4.09, 107.22,   0.45,   1.50, 556.63,  -1.07,   4.61,   0.77,  -0.48,  -0.27,   2.25, 4.08, 4.08, 4.10, 0.00, 0.00, 1, 1, 14,  37.1686569, -97.7339050,   705.0, 2026,  3, 21, 21, 19, 43,       11,      320, 169,  88,   1.2,   0.6,   1.0,  0,  0,  0,  0, 17, 40,  0,  0, 38,  0, 13, 21,  0,  0,  0,  0,  0,  0, 39, 27, 23,  0,  0,  0, 23,  0,  0,  0, 40,  0,  0,  0
6, 16111, 1,KC3VYA,     2.90, 3,   boost,   95.12,  92785.00,  736.46,  321.99,  250.86, 46.9, 4.08, 4.02, 4.09, 107.12,   0.65,   1.93, 553.58,   0.28,   4.61,   0.77,  -0.52,  -0.25,   2.20, 4.07, 4.10, 4.10, 0.00, 0.00, 1, 1, 14,  37.1686569, -97.7339050,   705.0, 2026,  3, 21, 21, 19, 43,       11,      320, 169,  88,   1.2,   0.6,   1.0,  0,  0,  0,  0, 17, 40,  0,  0, 38,  0, 13, 21,  0,  0,  0,  0,  0,  0, 39, 27, 23,  0,  0,  0, 23,  0,  0,  0, 40,  0,  0,  0
6, 16111, 1,KC3VYA,     2.90, 3,   boost,   95.12,  92785.00,  736.46,  321.99,  250.86, 46.9, 4.08, 4.02, 4.09, 107.12,   0.65,   1.93, 553.58,   0.28,   4.61,   0.77,  -0.52,  -0.25,   2.20, 4.07, 4.10, 4.10, 0.00, 0.00, 1, 1, 14,  37.1686569, -97.7339050,   705.0, 2026,  3, 21, 21, 19, 43,       11,      320, 169,  88,   1.2,   0.6,   1.0,  0,  0,  0,  0, 17, 40,  0,  0, 38,  0, 13, 21,  0,  0,  0,  0,  0,  0, 39, 27, 23,  0,  0,  0, 23,  0,  0,  0, 40,  0,  0,  0
6, 16111, 1,KC3VYA,     2.91, 3,   boost,   95.61,  92754.00,  739.23,  324.76,  252.91, 46.9, 4.08, 4.02, 4.09, 106.90,  -0.60,   2.45, 552.17,  -3.27,   4.55,   0.77,  -0.54,  -0.25,   2.17, 4.07, 4.10, 4.10, 0.00, 0.00, 1, 1, 14,  37.1686569, -97.7339050,   705.0, 2026,  3, 21, 21, 19, 43,       11,      320, 169,  88,   1.2,   0.6,   1.0,  0,  0,  0,  0, 17, 40,  0,  0, 38,  0, 13, 21,  0,  0,  0,  0,  0,  0, 39, 27, 23,  0,  0,  0, 23,  0,  0,  0, 40,  0,  0,  0
6, 16111, 1,KC3VYA,     2.92, 3,   boost,   96.11,  92754.00,  739.23,  324.76,  255.00, 46.9, 4.08, 4.02, 4.09, 106.74,  -1.44,   3.14, 558.89,  -4.06,   4.55,   0.77,  -0.56,  -0.23,   2.14, 4.07, 4.10, 4.10, 0.00, 0.00, 1, 1, 14,  37.1686569, -97.7339050,   705.0, 2026,  3, 21, 21, 19, 43,       11,      320, 169,  88,   1.2,   0.6,   1.0,  0,  0,  0,  0, 17, 40,  0,  0, 38,  0, 13, 21,  0,  0,  0,  0,  0,  0, 39, 27, 23,  0,  0,  0, 23,  0,  0,  0, 40,  0,  0,  0
6, 16111, 1,KC3VYA,     2.93, 3,   boost,   93.16,  92720.00,  742.27,  327.80,  257.14, 46.9, 4.08, 4.02, 4.09, 106.49,  -1.51,   5.24, 560.53,   5.22,   5.10,   0.77,  -0.58,  -0.22,   2.08, 4.07, 4.10, 4.10, 0.00, 0.00, 1, 1, 14,  37.1686569, -97.7339050,   705.0, 2026,  3, 21, 21, 19, 43,       11,      320, 169,  88,   1.2,   0.6,   1.0,  0,  0,  0,  0, 17, 40,  0,  0, 38,  0, 13, 21,  0,  0,  0,  0,  0,  0, 39, 27, 23,  0,  0,  0, 23,  0,  0,  0, 40,  0,  0,  0
6, 16111, 1,KC3VYA,     2.94, 3,   boost,   95.61,  92720.00,  742.27,  327.80,  259.31, 46.9, 4.08, 4.02, 4.09, 105.75,  -1.76,   3.28, 561.57,  -2.29,   3.70,   0.77,  -0.60,  -0.21,   2.04, 4.07, 4.10, 4.10, 0.00, 0.00, 1, 1, 14,  37.1686569, -97.7339050,   705.0, 2026,  3, 21, 21, 19, 43,       11,      320, 169,  88,   1.2,   0.6,   1.0,  0,  0,  0,  0, 17, 40,  0,  0, 38,  0, 13, 21,  0,  0,  0,  0,  0,  0, 39, 27, 23,  0,  0,  0, 23,  0,  0,  0, 40,  0,  0,  0
6, 16111, 1,KC3VYA,     2.95, 3,   boost,   94.14,  92693.00,  744.69,  330.22,  261.53, 46.9, 4.08, 4.02, 4.09, 105.70,  -1.50,   2.69, 562.30,  -5.10,   2.84,   0.77,  -0.61,  -0.19,   2.02, 4.07, 4.10, 4.10, 0.00, 0.00, 1, 1, 14,  37.1686569, -97.7339050,   705.0, 2026,  3, 21, 21, 19, 43,       11,      320, 169,  88,   1.2,   0.6,   1.0,  0,  0,  0,  0, 17, 40,  0,  0, 38,  0, 13, 21,  0,  0,  0,  0,  0,  0, 39, 27, 23,  0,  0,  0, 23,  0,  0,  0, 40,  0,  0,  0
6, 16111, 1,KC3VYA,     2.96, 3,   boost,   97.58,  92693.00,  744.69,  330.22,  263.79, 46.9, 4.08, 4.02, 4.09, 105.44,  -0.74,   1.59, 562.79,  -6.13,   2.35,   0.77,  -0.62,  -0.18,   1.99, 4.07, 4.10, 4.10, 0.00, 0.00, 1, 1, 14,  37.1686569, -97.7339050,   705.0, 2026,  3, 21, 21, 19, 43,       11,      320, 169,  88,   1.2,   0.6,   1.0,  0,  0,  0,  0, 17, 40,  0,  0, 38,  0, 13, 21,  0,  0,  0,  0,  0,  0, 39, 27, 23,  0,  0,  0, 23,  0,  0,  0, 40,  0,  0,  0
6, 16111, 1,KC3VYA,     2.97, 3,   boost,   91.20,  92628.00,  750.50,  336.03,  266.09, 46.9, 4.08, 4.02, 4.09, 105.55,   0.51,   1.14, 570.79,  -1.01,   2.11,   0.77,  -0.62,  -0.18,   1.97, 4.07, 4.10, 4.10, 0.00, 0.00, 1, 1, 14,  37.1686569, -97.7339050,   705.0, 2026,  3, 21, 21, 19, 43,       11,      320, 169,  88,   1.2,   0.6,   1.0,  0,  0,  0,  0, 17, 40,  0,  0, 38,  0, 13, 21,  0,  0,  0,  0,  0,  0, 39, 27, 23,  0,  0,  0, 23,  0,  0,  0, 40,  0,  0,  0
6, 16111, 1,KC3VYA,     2.98, 3,   boost,   94.14,  92628.00,  750.50,  336.03,  268.43, 46.9, 4.08, 4.02, 4.09, 105.12,   0.01,   1.47, 572.80,   1.62,   2.72,   0.77,  -0.63,  -0.16,   1.94, 4.07, 4.10, 4.10, 0.00, 0.00, 1, 1, 14,  37.1686569, -97.7339050,   705.0, 2026,  3, 21, 21, 19, 43,       11,      320, 169,  88,   1.2,   0.6,   1.0,  0,  0,  0,  0, 17, 40,  0,  0, 38,  0, 13, 21,  0,  0,  0,  0,  0,  0, 39, 27, 23,  0,  0,  0, 23,  0,  0,  0, 40,  0,  0,  0
6, 16111, 1,KC3VYA,     2.99, 3,   boost,   94.63,  92576.00,  755.16,  340.69,  270.81, 46.9, 4.08, 4.02, 4.09, 104.69,  -0.78,   1.15, 572.13,   3.94,   2.48,   0.78,  -0.64,  -0.14,   1.94, 4.07, 4.10, 4.10, 0.00, 0.00, 1, 1, 14,  37.1686569, -97.7339050,   705.0, 2026,  3, 21, 21, 19, 43,       11,      320, 169,  88,   1.2,   0.6,   1.0,  0,  0,  0,  0, 17, 40,  0,  0, 38,  0, 13, 21,  0,  0,  0,  0,  0,  0, 39, 27, 23,  0,  0,  0, 23,  0,  0,  0, 40,  0,  0,  0
6, 16111, 1,KC3VYA,     3.00, 3,   boost,   91.20,  92576.00,  755.16,  340.69,  273.24, 46.9, 4.08, 4.02, 4.09, 104.43,  -1.11,   1.19, 571.34,   0.89,   2.17,   0.78,  -0.64,  -0.14,   1.92, 4.07, 4.10, 4.10, 0.00, 0.00, 1, 1, 14,  37.1686569, -97.7339050,   705.0, 2026,  3, 21, 21, 19, 43,       11,      320, 169,  88,   1.2,   0.6,   1.0,  0,  0,  0,  0, 17, 40,  0,  0, 38,  0, 13, 21,  0,  0,  0,  0,  0,  0, 39, 27, 23,  0,  0,  0, 23,  0,  0,  0, 40,  0,  0,  0
6, 16111, 1,KC3VYA,     3.01, 3,   boost,   92.18,  92517.00,  760.44,  345.98,  275.70, 46.9, 4.08, 4.02, 4.09, 104.00,  -0.70,   1.22, 578.29,   1.74,   2.90,   0.78,  -0.64,  -0.11,   1.91, 4.07, 4.10, 4.10, 0.00, 0.00, 1, 1, 14,  37.1686569, -97.7339050,   705.0, 2026,  3, 21, 21, 19, 43,       11,      320, 169,  88,   1.2,   0.6,   1.0,  0,  0,  0,  0, 17, 40,  0,  0, 38,  0, 13, 21,  0,  0,  0,  0,  0,  0, 39, 27, 23,  0,  0,  0, 23,  0,  0,  0, 40,  0,  0,  0
6, 16111, 1,KC3VYA,     3.02, 3,   boost,   92.67,  92517.00,  760.44,  345.98,  278.21, 46.9, 4.08, 4.02, 4.09, 104.19,  -1.16,   1.79, 574.27,   5.34,   2.90,   0.78,  -0.64,  -0.10,   1.92, 4.07, 4.10, 4.10, 0.00, 0.00, 1, 1, 14,  37.1686569, -97.7339050,   705.0, 2026,  3, 21, 21, 19, 43,       11,      320, 169,  88,   1.2,   0.6,   1.0,  0,  0,  0,  0, 17, 40,  0,  0, 38,  0, 13, 21,  0,  0,  0,  0,  0,  0, 39, 27, 23,  0,  0,  0, 23,  0,  0,  0, 40,  0,  0,  0
6, 16111, 1,KC3VYA,     3.03, 3,   boost,   96.60,  92458.00,  765.73,  351.26,  280.75, 46.9, 4.08, 4.02, 4.09, 104.19,  -0.81,   1.95, 576.10,   8.82,   3.94,   0.78,  -0.63,  -0.08,   1.96, 4.07, 4.10, 4.10, 0.00, 0.00, 1, 1, 14,  37.1686569, -97.7339050,   705.0, 2026,  3, 21, 21, 19, 43,       11,      320, 169,  88,   1.2,   0.6,   1.0,  0,  0,  0,  0, 17, 40,  0,  0, 38,  0, 13, 21,  0,  0,  0,  0,  0,  0, 39, 27, 23,  0,  0,  0, 23,  0,  0,  0, 40,  0,  0,  0
6, 16111, 1,KC3VYA,     3.04, 3,   boost,   98.56,  92458.00,  765.73,  351.26,  283.34, 46.9, 4.08, 4.02, 4.09, 104.53,  -0.06,   2.56, 579.15,   9.98,   3.51,   0.78,  -0.62,  -0.07,   2.02, 4.07, 4.10, 4.10, 0.00, 0.00, 1, 1, 14,  37.1686569, -97.7339050,   705.0, 2026,  3, 21, 21, 19, 43,       11,      320, 169,  88,   1.2,   0.6,   1.0,  0,  0,  0,  0, 17, 40,  0,  0, 38,  0, 13, 21,  0,  0,  0,  0,  0,  0, 39, 27, 23,  0,  0,  0, 23,  0,  0,  0, 40,  0,  0,  0
6, 16111, 1,KC3VYA,     3.05, 3,   boost,   88.75,  92400.00,  770.93,  356.46,  285.96, 46.9, 4.08, 4.02, 4.09, 103.23,  -0.21,   2.13, 580.19,   1.74,   3.94,   0.78,  -0.61,  -0.06,   2.02, 4.07, 4.10, 4.10, 0.00, 0.00, 1, 1, 14,  37.1686569, -97.7339050,   705.0, 2026,  3, 21, 21, 19, 43,       11,      320, 169,  88,   1.2,   0.6,   1.0,  0,  0,  0,  0, 17, 40,  0,  0, 38,  0, 13, 21,  0,  0,  0,  0,  0,  0, 39, 27, 23,  0,  0,  0, 23,  0,  0,  0, 40,  0,  0,  0
6, 16111, 1,KC3VYA,     3.06, 3,   boost,   92.67,  92400.00,  770.93,  356.46,  288.63, 46.9, 4.08, 4.02, 4.09, 103.03,  -0.61,   2.37, 581.53,   1.92,   4.73,   0.78,  -0.60,  -0.05,   2.03, 4.07, 4.10, 4.10, 0.00, 0.00, 1, 1, 14,  37.1686569, -97.7339050,   705.0, 2026,  3, 21, 21, 19, 43,       11,      320, 169,  88,   1.2,   0.6,   1.0,  0,  0,  0,  0, 17, 40,  0,  0, 38,  0, 13, 21,  0,  0,  0,  0,  0,  0, 39, 27, 23,  0,  0,  0, 23,  0,  0,  0, 40,  0,  0,  0
6, 16111, 1,KC3VYA,     3.07, 3,   boost,   90.71,  92297.00,  780.17,  365.71,  291.33, 46.9, 4.08, 4.02, 4.09, 102.77,  -1.16,   2.47, 591.72,   5.89,   4.98,   0.78,  -0.58,  -0.03,   2.08, 4.07, 4.10, 4.10, 0.00, 0.00, 1, 1, 14,  37.1686569, -97.7339050,   705.0, 2026,  3, 21, 21, 19, 43,       11,      320, 169,  88,   1.2,   0.6,   1.0,  0,  0,  0,  0, 17, 40,  0,  0, 38,  0, 13, 21,  0,  0,  0,  0,  0,  0, 39, 27, 23,  0,  0,  0, 23,  0,  0,  0, 40,  0,  0,  0
6, 16111, 1,KC3VYA,     3.08, 3,   boost,   91.20,  92297.00,  780.17,  365.71,  294.07, 46.9, 4.08, 4.02, 4.09, 102.48,  -0.47,   2.26, 592.64,   6.62,   5.47,   0.78,  -0.58,  -0.03,   2.14, 4.07, 4.10, 4.10, 0.00, 0.00, 1, 1, 14,  37.1686569, -97.7339050,   705.0, 2026,  3, 21, 21, 19, 43,       11,      320, 169,  88,   1.2,   0.6,   1.0,  0,  0,  0,  0, 17, 40,  0,  0, 38,  0, 13, 21,  0,  0,  0,  0,  0,  0, 39, 27, 23,  0,  0,  0, 23,  0,  0,  0, 40,  0,  0,  0
6, 16111, 1,KC3VYA,     3.09, 3,   boost,   92.67,  92200.00,  788.89,  374.42,  296.85, 46.9, 4.08, 4.02, 4.09, 102.12,  -0.88,   3.80, 595.93,   4.79,   5.47,   0.78,  -0.56,  -0.02,   2.19, 4.07, 4.10, 4.10, 0.00, 0.00, 1, 1, 14,  37.1686569, -97.7339050,   705.0, 2026,  3, 21, 21, 19, 43,       11,      320, 169,  88,   1.2,   0.6,   1.0,  0,  0,  0,  0, 17, 40,  0,  0, 38,  0, 13, 21,  0,  0,  0,  0,  0,  0, 39, 27, 23,  0,  0,  0, 23,  0,  0,  0, 40,  0,  0,  0
6, 16111, 1,KC3VYA,     3.10, 3,   boost,   89.24,  92200.00,  788.89,  374.42,  299.66, 46.9, 4.08, 4.02, 4.09, 102.16,  -2.22,   3.43, 596.18,   7.05,   5.53,   0.78,  -0.52,  -0.01,   2.27, 4.07, 4.10, 4.10, 0.00, 0.00, 1, 1, 14,  37.1686569, -97.7339050,   705.0, 2026,  3, 21, 21, 19, 43,       11,      320, 169,  88,   1.2,   0.6,   1.0,  0,  0,  0,  0, 17, 40,  0,  0, 38,  0, 13, 21,  0,  0,  0,  0,  0,  0, 39, 27, 23,  0,  0,  0, 23,  0,  0,  0, 40,  0,  0,  0
6, 16111, 1,KC3VYA,     3.11, 3,   boost,   91.69,  92115.00,  796.53,  382.06,  302.51, 46.9, 4.08, 4.02, 4.09, 101.95,  -1.70,   2.31, 604.11,   5.95,   5.59,   0.78,  -0.52,  -0.01,   2.35, 4.07, 4.10, 4.10, 0.00, 0.00, 1, 1, 14,  37.1686569, -97.7339050,   705.0, 2026,  3, 21, 21, 19, 43,       11,      320, 169,  88,   1.2,   0.6,   1.0,  0,  0,  0,  0, 17, 40,  0,  0, 38,  0, 13, 21,  0,  0,  0,  0,  0,  0, 39, 27, 23,  0,  0,  0, 23,  0,  0,  0, 40,  0,  0,  0
6, 16111, 1,KC3VYA,     3.12, 3,   boost,   93.16,  92115.00,  796.53,  382.06,  305.40, 46.9, 4.08, 4.02, 4.09, 101.17,  -2.41,   1.82, 611.25,   1.13,   4.25,   0.78,  -0.47,  -0.00,   2.37, 4.07, 4.10, 4.10, 0.00, 0.00, 1, 1, 14,  37.1686569, -97.7339050,   705.0, 2026,  3, 21, 21, 19, 43,       11,      320, 169,  88,   1.2,   0.6,   1.0,  0,  0,  0,  0, 17, 40,  0,  0, 38,  0, 13, 21,  0,  0,  0,  0,  0,  0, 39, 27, 23,  0,  0,  0, 23,  0,  0,  0, 40,  0,  0,  0
6, 16111, 1,KC3VYA,     3.13, 3,   boost,   87.77,  92032.00,  803.99,  389.53,  308.32, 46.9, 4.08, 4.02, 4.09, 101.12,  -2.26,   2.05, 611.56,   5.59,   4.00,   0.78,  -0.45,   0.00,   2.44, 4.07, 4.10, 4.10, 0.00, 0.00, 1, 1, 14,  37.1686569, -97.7339050,   705.0, 2026,  3, 21, 21, 19, 43,       11,      320, 169,  88,   1.2,   0.6,   1.0,  0,  0,  0,  0, 17, 40,  0,  0, 38,  0, 13, 21,  0,  0,  0,  0,  0,  0, 39, 27, 23,  0,  0,  0, 23,  0,  0,  0, 40,  0,  0,  0
6, 16111, 1,KC3VYA,     3.14, 3,   boost,   92.18,  92032.00,  803.99,  389.53,  311.27, 46.9, 4.08, 4.02, 4.09, 100.47,  -2.21,   2.78, 606.37,   7.42,   4.31,   0.78,  -0.42,   0.00,   2.53, 4.07, 4.10, 4.10, 0.00, 0.00, 1, 1, 14,  37.1686569, -97.7339050,   705.0, 2026,  3, 21, 21, 19, 43,       11,      320, 169,  88,   1.2,   0.6,   1.0,  0,  0,  0,  0, 17, 40,  0,  0, 38,  0, 13, 21,  0,  0,  0,  0,  0,  0, 39, 27, 23,  0,  0,  0, 23,  0,  0,  0, 40,  0,  0,  0
6, 16111, 1,KC3VYA,     3.15, 3,   boost,   84.83,  91934.00,  812.82,  398.35,  314.26, 46.9, 4.08, 4.02, 4.09, 100.16,  -1.98,   2.11, 620.96,   0.70,   3.51,   0.78,  -0.40,   0.00,   2.56, 4.07, 4.10, 4.10, 0.00, 0.00, 1, 1, 14,  37.1686569, -97.7339050,   705.0, 2026,  3, 21, 21, 19, 43,       11,      320, 169,  88,   1.2,   0.6,   1.0,  0,  0,  0,  0, 17, 40,  0,  0, 38,  0, 13, 21,  0,  0,  0,  0,  0,  0, 39, 27, 23,  0,  0,  0, 23,  0,  0,  0, 40,  0,  0,  0
6, 16111, 1,KC3VYA,     3.16, 3,   boost,   84.83,  91934.00,  812.82,  398.35,  317.28, 46.9, 4.08, 4.02, 4.09,  99.93,  -1.70,   0.99, 621.87,   6.07,   3.33,   0.78,  -0.37,   0.00,   2.62, 4.07, 4.10, 4.10, 0.00, 0.00, 1, 1, 14,  37.1686569, -97.7339050,   705.0, 2026,  3, 21, 21, 19, 43,       11,      320, 169,  88,   1.2,   0.6,   1.0,  0,  0,  0,  0, 17, 40,  0,  0, 38,  0, 13, 21,  0,  0,  0,  0,  0,  0, 39, 27, 23,  0,  0,  0, 23,  0,  0,  0, 40,  0,  0,  0
6, 16111, 1,KC3VYA,     3.17, 3,   boost,   85.81,  91922.00,  813.90,  399.43,  320.33, 46.9, 4.08, 4.02, 4.09, 100.06,  -1.77,   1.80, 629.50,   8.70,   3.64,   0.78,  -0.34,  -0.00,   2.70, 4.07, 4.10, 4.10, 0.00, 0.00, 1, 1, 14,  37.1686569, -97.7339050,   705.0, 2026,  3, 21, 21, 19, 43,       11,      320, 169,  88,   1.2,   0.6,   1.0,  0,  0,  0,  0, 17, 40,  0,  0, 38,  0, 13, 21,  0,  0,  0,  0,  0,  0, 39, 27, 23,  0,  0,  0, 23,  0,  0,  0, 40,  0,  0,  0
6, 16111, 1,KC3VYA,     3.18, 3,   boost,   86.79,  91922.00,  813.90,  399.43,  323.41, 46.9, 4.08, 4.02, 4.09,  99.51,  -2.55,   2.05, 635.61,   8.39,   2.84,   0.78,  -0.31,  -0.01,   2.77, 4.07, 4.10, 4.10, 0.00, 0.00, 1, 1, 14,  37.1686569, -97.7339050,   705.0, 2026,  3, 21, 21, 19, 43,       11,      320, 169,  88,   1.2,   0.6,   1.0,  0,  0,  0,  0, 17, 40,  0,  0, 38,  0, 13, 21,  0,  0,  0,  0,  0,  0, 39, 27, 23,  0,  0,  0, 23,  0,  0,  0, 40,  0,  0,  0
6, 16111, 1,KC3VYA,     3.19, 3,   boost,   87.77,  91837.00,  821.56,  407.09,  326.51, 46.9, 4.08, 4.02, 4.09,  99.18,  -2.62,   1.73, 645.80,   3.14,   2.66,   0.78,  -0.31,  -0.01,   2.80, 4.07, 4.10, 4.10, 0.00, 0.00, 1, 1, 14,  37.1686569, -97.7339050,   705.0, 2026,  3, 21, 21, 19, 43,       11,      320, 169,  88,   1.2,   0.6,   1.0,  0,  0,  0,  0, 17, 40,  0,  0, 38,  0, 13, 21,  0,  0,  0,  0,  0,  0, 39, 27, 23,  0,  0,  0, 23,  0,  0,  0, 40,  0,  0,  0
6, 16111, 1,KC3VYA,     3.20, 3,   boost,   80.90,  91837.00,  821.56,  407.09,  329.65, 46.9, 4.08, 4.02, 4.09,  99.00,  -2.26,   3.08, 643.18,   2.29,   3.21,   0.78,  -0.28,  -0.02,   2.84, 4.07, 4.10, 4.10, 0.00, 0.00, 1, 1, 14,  37.1686569, -97.7339050,   705.0, 2026,  3, 21, 21, 19, 43,       11,      320, 169,  88,   1.2,   0.6,   1.0,  0,  0,  0,  0, 17, 40,  0,  0, 38,  0, 13, 21,  0,  0,  0,  0,  0,  0, 39, 27, 23,  0,  0,  0, 23,  0,  0,  0, 40,  0,  0,  0
6, 16111, 1,KC3VYA,     3.21, 3,   boost,   93.65,  91718.00,  832.29,  417.82,  332.81, 46.9, 4.08, 4.02, 4.09,  99.78,  -1.83,   3.25, 652.76,   6.26,   2.96,   0.78,  -0.24,  -0.04,   2.88, 4.07, 4.10, 4.10, 0.00, 0.00, 1, 1, 14,  37.1686569, -97.7339050,   705.0, 2026,  3, 21, 21, 19, 43,       11,      320, 169,  88,   1.2,   0.6,   1.0,  0,  0,  0,  0, 17, 40,  0,  0, 38,  0, 13, 21,  0,  0,  0,  0,  0,  0, 39, 27, 23,  0,  0,  0, 23,  0,  0,  0, 40,  0,  0,  0
6, 16111, 1,KC3VYA,     3.22, 3,   boost,   86.30,  91718.00,  832.29,  417.82,  336.00, 46.9, 4.08, 4.02, 4.08,  99.21,  -1.16,   2.72, 661.79,   5.65,   3.39,   0.78,  -0.24,  -0.04,   2.92, 4.07, 4.08, 4.10, 0.00, 0.00, 1, 1, 14,  37.1686569, -97.7339050,   705.0, 2026,  3, 21, 21, 19, 43,       11,      320, 169,  88,   1.2,   0.6,   1.0,  0,  0,  0,  0, 17, 40,  0,  0, 38,  0, 13, 21,  0,  0,  0,  0,  0,  0, 39, 27, 23,  0,  0,  0, 23,  0,  0,  0, 40,  0,  0,  0
6, 16111, 1,KC3VYA,     3.22, 3,   boost,   86.30,  91718.00,  832.29,  417.82,  336.00, 46.9, 4.08, 4.02, 4.08,  99.21,  -1.16,   2.72, 661.79,   5.65,   3.39,   0.78,  -0.24,  -0.04,   2.92, 4.07, 4.08, 4.10, 0.00, 0.00, 1, 1, 14,  37.1686569, -97.7339050,   705.0, 2026,  3, 21, 21, 19, 43,       11,      320, 169,  88,   1.2,   0.6,   1.0,  0,  0,  0,  0, 17, 40,  0,  0, 38,  0, 13, 21,  0,  0,  0,  0,  0,  0, 39, 27, 23,  0,  0,  0, 23,  0,  0,  0, 40,  0,  0,  0
6, 16111, 1,KC3VYA,     3.23, 3,   boost,   89.73,  91587.00,  844.12,  429.65,  339.20, 46.9, 4.08, 4.02, 4.08,  97.97,  -1.71,   3.71, 665.94,   1.43,   3.82,   0.78,  -0.19,  -0.07,   2.96, 4.07, 4.08, 4.10, 0.00, 0.00, 1, 1, 14,  37.1686569, -97.7339050,   705.0, 2026,  3, 21, 21, 19, 43,       11,      320, 169,  88,   1.2,   0.6,   1.0,  0,  0,  0,  0, 17, 40,  0,  0, 38,  0, 13, 21,  0,  0,  0,  0,  0,  0, 39, 27, 23,  0,  0,  0, 23,  0,  0,  0, 40,  0,  0,  0
6, 16111, 1,KC3VYA,     3.24, 3,   boost,   86.79,  91587.00,  844.12,  429.65,  342.43, 46.9, 4.08, 4.02, 4.08,  97.74,  -1.70,   2.85, 668.87,  -2.11,   3.45,   0.78,  -0.18,  -0.08,   3.00, 4.07, 4.08, 4.10, 0.00, 0.00, 1, 1, 14,  37.1686569, -97.7339050,   705.0, 2026,  3, 21, 21, 19, 43,       11,      320, 169,  88,   1.2,   0.6,   1.0,  0,  0,  0,  0, 17, 40,  0,  0, 38,  0, 13, 21,  0,  0,  0,  0,  0,  0, 39, 27, 23,  0,  0,  0, 23,  0,  0,  0, 40,  0,  0,  0
6, 16111, 1,KC3VYA,     3.25, 3,   boost,   85.81,  91436.00,  857.77,  443.30,  345.69, 46.9, 4.08, 4.02, 4.08,  97.73,  -1.11,   2.69, 668.63,   6.56,   4.79,   0.77,  -0.16,  -0.09,   3.03, 4.07, 4.08, 4.10, 0.00, 0.00, 1, 1, 14,  37.1686569, -97.7339050,   705.0, 2026,  3, 21, 21, 19, 43,       11,      320, 169,  88,   1.2,   0.6,   1.0,  0,  0,  0,  0, 17, 40,  0,  0, 38,  0, 13, 21,  0,  0,  0,  0,  0,  0, 39, 27, 23,  0,  0,  0, 23,  0,  0,  0, 40,  0,  0,  0
6, 16111, 1,KC3VYA,     3.26, 3,   boost,   85.81,  91436.00,  857.77,  443.30,  348.96, 46.9, 4.08, 4.02, 4.08,  97.49,  -1.24,   3.07, 665.88,   7.05,   5.04,   0.77,  -0.15,  -0.11,   3.06, 4.07, 4.08, 4.10, 0.00, 0.00, 1, 1, 14,  37.1686569, -97.7339050,   705.0, 2026,  3, 21, 21, 19, 43,       11,      320, 169,  88,   1.2,   0.6,   1.0,  0,  0,  0,  0, 17, 40,  0,  0, 38,  0, 13, 21,  0,  0,  0,  0,  0,  0, 39, 27, 23,  0,  0,  0, 23,  0,  0,  0, 40,  0,  0,  0
6, 16111, 1,KC3VYA,     3.27, 3,   boost,   83.85,  91305.00,  869.62,  455.16,  352.24, 46.9, 4.08, 4.02, 4.08,  96.28,  -1.82,   2.82, 683.15,   4.91,   5.10,   0.77,  -0.14,  -0.13,   3.08, 4.07, 4.08, 4.10, 0.00, 0.00, 1, 1, 14,  37.1686569, -97.7339050,   705.0, 2026,  3, 21, 21, 19, 43,       11,      320, 169,  88,   1.2,   0.6,   1.0,  0,  0,  0,  0, 17, 40,  0,  0, 38,  0, 13, 21,  0,  0,  0,  0,  0,  0, 39, 27, 23,  0,  0,  0, 23,  0,  0,  0, 40,  0,  0,  0
6, 16111, 1,KC3VYA,     3.28, 3,   boost,   84.34,  91305.00,  869.62,  455.16,  355.55, 46.9, 4.08, 4.02, 4.08,  95.67,  -2.05,   3.46, 680.65,   2.72,   5.53,   0.77,  -0.14,  -0.14,   3.12, 4.07, 4.08, 4.10, 0.00, 0.00, 1, 1, 14,  37.1686569, -97.7339050,   705.0, 2026,  3, 21, 21, 19, 43,       11,      320, 169,  88,   1.2,   0.6,   1.0,  0,  0,  0,  0, 17, 40,  0,  0, 38,  0, 13, 21,  0,  0,  0,  0,  0,  0, 39, 27, 23,  0,  0,  0, 23,  0,  0,  0, 40,  0,  0,  0
6, 16111, 1,KC3VYA,     3.29, 3,   boost,   85.32,  91236.00,  875.87,  461.41,  358.87, 46.9, 4.08, 4.02, 4.08,  95.11,  -2.14,   4.27, 691.51,   7.05,   5.59,   0.77,  -0.14,  -0.16,   3.13, 4.07, 4.08, 4.10, 0.00, 0.00, 1, 1, 14,  37.1686569, -97.7339050,   705.0, 2026,  3, 21, 21, 19, 43,       11,      320, 169,  88,   1.2,   0.6,   1.0,  0,  0,  0,  0, 17, 40,  0,  0, 38,  0, 13, 21,  0,  0,  0,  0,  0,  0, 39, 27, 23,  0,  0,  0, 23,  0,  0,  0, 40,  0,  0,  0
6, 16111, 1,KC3VYA,     3.30, 3,   boost,   84.34,  91236.00,  875.87,  461.41,  362.20, 46.9, 4.08, 4.02, 4.08,  94.38,  -2.68,   3.38, 692.80,  -0.82,   4.79,   0.77,  -0.14,  -0.16,   3.17, 4.07, 4.08, 4.10, 0.00, 0.00, 1, 1, 14,  37.1686569, -97.7339050,   705.0, 2026,  3, 21, 21, 19, 43,       11,      320, 169,  88,   1.2,   0.6,   1.0,  0,  0,  0,  0, 17, 40,  0,  0, 38,  0, 13, 21,  0,  0,  0,  0,  0,  0, 39, 27, 23,  0,  0,  0, 23,  0,  0,  0, 40,  0,  0,  0
6, 16111, 1,KC3VYA,     3.31, 3,   boost,   86.30,  91173.00,  881.58,  467.12,  365.55, 46.9, 4.08, 4.02, 4.08,  94.03,  -1.95,   2.74, 689.20,   1.86,   4.92,   0.77,  -0.14,  -0.17,   3.19, 4.07, 4.08, 4.10, 0.00, 0.00, 1, 1, 14,  37.1686569, -97.7339050,   705.0, 2026,  3, 21, 21, 19, 43,       11,      320, 169,  88,   1.2,   0.6,   1.0,  0,  0,  0,  0, 17, 40,  0,  0, 38,  0, 13, 21,  0,  0,  0,  0,  0,  0, 39, 27, 23,  0,  0,  0, 23,  0,  0,  0, 40,  0,  0,  0
6, 16111, 1,KC3VYA,     3.32, 3,   boost,   83.36,  91173.00,  881.58,  467.12,  368.90, 46.9, 4.08, 4.02, 4.08,  94.26,  -0.39,   3.58, 686.63,   5.95,   4.67,   0.77,  -0.15,  -0.21,   3.17, 4.07, 4.08, 4.10, 0.00, 0.00, 1, 1, 14,  37.1686569, -97.7339050,   705.0, 2026,  3, 21, 21, 19, 43,       11,      320, 169,  88,   1.2,   0.6,   1.0,  0,  0,  0,  0, 17, 40,  0,  0, 38,  0, 13, 21,  0,  0,  0,  0,  0,  0, 39, 27, 23,  0,  0,  0, 23,  0,  0,  0, 40,  0,  0,  0
6, 16111, 1,KC3VYA,     3.33, 3,   boost,   82.38,  90997.00,  897.56,  483.09,  372.26, 46.9, 4.08, 4.02, 4.08,  93.58,  -1.42,   2.95, 693.90,   0.15,   4.31,   0.77,  -0.15,  -0.21,   3.19, 4.07, 4.08, 4.10, 0.00, 0.00, 1, 1, 14,  37.1686569, -97.7339050,   705.0, 2026,  3, 21, 21, 19, 43,       11,      320, 169,  88,   1.2,   0.6,   1.0,  0,  0,  0,  0, 17, 40,  0,  0, 38,  0, 13, 21,  0,  0,  0,  0,  0,  0, 39, 27, 23,  0,  0,  0, 23,  0,  0,  0, 40,  0,  0,  0
6, 16111, 1,KC3VYA,     3.34, 3,   boost,   84.34,  90997.00,  897.56,  483.09,  375.63, 46.9, 4.08, 4.02, 4.08,  92.96,  -3.43,   3.03, 692.98,   0.82,   4.25,   0.77,  -0.18,  -0.23,   3.20, 4.07, 4.08, 4.10, 0.00, 0.00, 1, 1, 14,  37.1686569, -97.7339050,   705.0, 2026,  3, 21, 21, 19, 43,       11,      320, 169,  88,   1.2,   0.6,   1.0,  0,  0,  0,  0, 17, 40,  0,  0, 38,  0, 13, 21,  0,  0,  0,  0,  0,  0, 39, 27, 23,  0,  0,  0, 23,  0,  0,  0, 40,  0,  0,  0
6, 16111, 1,KC3VYA,     3.35, 3,   boost,   82.87,  90812.00,  914.37,  499.90,  379.01, 46.9, 4.08, 4.02, 4.08,  92.43,  -1.78,   3.83, 704.64,  10.77,   4.55,   0.77,  -0.20,  -0.25,   3.12, 4.07, 4.08, 4.10, 0.00, 0.00, 1, 1, 14,  37.1686569, -97.7339050,   705.0, 2026,  3, 21, 21, 19, 43,       11,      320, 169,  88,   1.2,   0.6,   1.0,  0,  0,  0,  0, 17, 40,  0,  0, 38,  0, 13, 21,  0,  0,  0,  0,  0,  0, 39, 27, 23,  0,  0,  0, 23,  0,  0,  0, 40,  0,  0,  0
6, 16111, 1,KC3VYA,     3.36, 3,   boost,   72.08,  90812.00,  914.37,  499.90,  382.38, 46.9, 4.08, 4.02, 4.08,  91.96,  -1.30,   3.47, 701.65,  -1.07,   4.31,   0.77,  -0.22,  -0.25,   3.14, 4.07, 4.08, 4.10, 0.00, 0.00, 1, 1, 14,  37.1686569, -97.7339050,   705.0, 2026,  3, 21, 21, 19, 43,       11,      320, 169,  88,   1.2,   0.6,   1.0,  0,  0,  0,  0, 17, 40,  0,  0, 38,  0, 13, 21,  0,  0,  0,  0,  0,  0, 39, 27, 23,  0,  0,  0, 23,  0,  0,  0, 40,  0,  0,  0
6, 16111, 1,KC3VYA,     3.37, 3,   boost,   81.89,  90681.00,  926.29,  511.83,  385.76, 46.9, 4.08, 4.02, 4.08,  91.70,  -1.51,   2.55, 707.93,   3.20,   3.70,   0.77,  -0.25,  -0.26,   3.11, 4.07, 4.08, 4.10, 0.00, 0.00, 1, 1, 14,  37.1686569, -97.7339050,   705.0, 2026,  3, 21, 21, 19, 43,       11,      320, 169,  88,   1.2,   0.6,   1.0,  0,  0,  0,  0, 17, 40,  0,  0, 38,  0, 13, 21,  0,  0,  0,  0,  0,  0, 39, 27, 23,  0,  0,  0, 23,  0,  0,  0, 40,  0,  0,  0
6, 16111, 1,KC3VYA,     3.38, 3,   boost,   77.47,  90681.00,  926.29,  511.83,  389.13, 46.9, 4.08, 4.02, 4.08,  91.88,  -1.77,   3.10, 713.37,   4.30,   4.25,   0.77,  -0.28,  -0.27,   3.07, 4.07, 4.08, 4.10, 0.00, 0.00, 1, 1, 14,  37.1686569, -97.7339050,   705.0, 2026,  3, 21, 21, 19, 43,       11,      320, 169,  88,   1.2,   0.6,   1.0,  0,  0,  0,  0, 17, 40,  0,  0, 38,  0, 13, 21,  0,  0,  0,  0,  0,  0, 39, 27, 23,  0,  0,  0, 23,  0,  0,  0, 40,  0,  0,  0
6, 16111, 1,KC3VYA,     3.39, 3,   boost,   80.41,  90669.00,  927.39,  512.92,  392.51, 46.9, 4.08, 4.02, 4.08,  91.34,  -0.98,   2.18, 705.80,   0.52,   3.94,   0.77,  -0.30,  -0.27,   3.06, 4.07, 4.08, 4.10, 0.00, 0.00, 1, 1, 14,  37.1686569, -97.7339050,   705.0, 2026,  3, 21, 21, 19, 43,       11,      320, 169,  88,   1.2,   0.6,   1.0,  0,  0,  0,  0, 17, 40,  0,  0, 38,  0, 13, 21,  0,  0,  0,  0,  0,  0, 39, 27, 23,  0,  0,  0, 23,  0,  0,  0, 40,  0,  0,  0
6, 16111, 1,KC3VYA,     3.40, 3,   boost,   89.73,  90669.00,  927.39,  512.92,  395.87, 46.9, 4.08, 4.02, 4.08,  90.59,  -0.85,   1.49, 705.43,   0.15,   4.73,   0.77,  -0.34,  -0.28,   3.05, 4.07, 4.08, 4.10, 0.00, 0.00, 1, 1, 14,  37.1686569, -97.7339050,   705.0, 2026,  3, 21, 21, 19, 43,       11,      320, 169,  88,   1.2,   0.6,   1.0,  0,  0,  0,  0, 17, 40,  0,  0, 38,  0, 13, 21,  0,  0,  0,  0,  0,  0, 39, 27, 23,  0,  0,  0, 23,  0,  0,  0, 40,  0,  0,  0
6, 16111, 1,KC3VYA,     3.41, 3,   boost,   77.96,  90807.00,  914.82,  500.36,  399.24, 46.9, 4.08, 4.02, 4.08,  92.52,  -1.54,   1.44, 713.24,  -1.01,   4.73,   0.77,  -0.34,  -0.28,   3.05, 4.07, 4.08, 4.10, 0.00, 0.00, 1, 1, 14,  37.1686569, -97.7339050,   705.0, 2026,  3, 21, 21, 19, 43,       11,      320, 169,  88,   1.2,   0.6,   1.0,  0,  0,  0,  0, 17, 40,  0,  0, 38,  0, 13, 21,  0,  0,  0,  0,  0,  0, 39, 27, 23,  0,  0,  0, 23,  0,  0,  0, 40,  0,  0,  0
6, 16111, 1,KC3VYA,     3.42, 3,   boost,   77.47,  90807.00,  914.82,  500.36,  402.59, 46.9, 4.08, 4.02, 4.08,  90.03,  -1.17,   1.52, 733.26,   5.65,   4.86,   0.77,  -0.36,  -0.28,   2.97, 4.07, 4.08, 4.10, 0.00, 0.00, 1, 1, 14,  37.1686569, -97.7339050,   705.0, 2026,  3, 21, 21, 19, 43,       11,      320, 169,  88,   1.2,   0.6,   1.0,  0,  0,  0,  0, 17, 40,  0,  0, 38,  0, 13, 21,  0,  0,  0,  0,  0,  0, 39, 27, 23,  0,  0,  0, 23,  0,  0,  0, 40,  0,  0,  0
6, 16111, 1,KC3VYA,     3.43, 3,   boost,   78.45,  90986.00,  898.55,  484.09,  405.93, 46.9, 4.08, 4.02, 4.08,  90.08,  -1.32,   1.49, 719.41,  -1.62,   5.16,   0.77,  -0.42,  -0.28,   2.96, 4.07, 4.08, 4.10, 0.00, 0.00, 1, 1, 14,  37.1686569, -97.7339050,   705.0, 2026,  3, 21, 21, 19, 43,       11,      320, 169,  88,   1.2,   0.6,   1.0,  0,  0,  0,  0, 17, 40,  0,  0, 38,  0, 13, 21,  0,  0,  0,  0,  0,  0, 39, 27, 23,  0,  0,  0, 23,  0,  0,  0, 40,  0,  0,  0
6, 16111, 1,KC3VYA,     3.44, 3,   boost,   78.94,  90986.00,  898.55,  484.09,  409.26, 46.9, 4.08, 4.02, 4.08,  89.82,  -1.54,   0.97, 715.44,  -5.28,   5.71,   0.77,  -0.42,  -0.28,   2.97, 4.07, 4.08, 4.10, 0.00, 0.00, 1, 1, 14,  37.1686569, -97.7339050,   705.0, 2026,  3, 21, 21, 19, 43,       11,      320, 169,  88,   1.2,   0.6,   1.0,  0,  0,  0,  0, 17, 40,  0,  0, 38,  0, 13, 21,  0,  0,  0,  0,  0,  0, 39, 27, 23,  0,  0,  0, 23,  0,  0,  0, 40,  0,  0,  0
6, 16111, 1,KC3VYA,     3.45, 3,   boost,   79.43,  91202.00,  878.96,  464.49,  412.57, 46.9, 4.08, 4.02, 4.08,  89.40,  -0.59,   1.21, 713.85,  -4.24,   5.89,   0.78,  -0.48,  -0.26,   2.96, 4.07, 4.08, 4.10, 0.00, 0.00, 1, 1, 14,  37.1686569, -97.7339050,   705.0, 2026,  3, 21, 21, 19, 43,       11,      320, 169,  88,   1.2,   0.6,   1.0,  0,  0,  0,  0, 17, 40,  0,  0, 38,  0, 13, 21,  0,  0,  0,  0,  0,  0, 39, 27, 23,  0,  0,  0, 23,  0,  0,  0, 40,  0,  0,  0
6, 16111, 1,KC3VYA,     3.46, 3,   boost,   77.96,  91202.00,  878.96,  464.49,  415.87, 46.9, 4.08, 4.02, 4.08,  89.24,  -1.11,   1.47, 718.80,  -9.98,   7.24,   0.77,  -0.52,  -0.25,   2.98, 4.07, 4.08, 4.10, 0.00, 0.00, 1, 1, 14,  37.1686569, -97.7339050,   705.0, 2026,  3, 21, 21, 19, 43,       11,      320, 169,  88,   1.2,   0.6,   1.0,  0,  0,  0,  0, 17, 40,  0,  0, 38,  0, 13, 21,  0,  0,  0,  0,  0,  0, 39, 27, 23,  0,  0,  0, 23,  0,  0,  0, 40,  0,  0,  0
6, 16111, 1,KC3VYA,     3.47, 3,   boost,   78.94,  91220.00,  877.32,  462.86,  419.15, 46.9, 4.08, 4.02, 4.08,  88.59,  -0.25,   1.92, 709.34,  -5.40,   7.42,   0.77,  -0.54,  -0.24,   2.95, 4.07, 4.08, 4.10, 0.00, 0.00, 1, 1, 14,  37.1686569, -97.7339050,   705.0, 2026,  3, 21, 21, 19, 43,       11,      320, 169,  88,   1.2,   0.6,   1.0,  0,  0,  0,  0, 17, 40,  0,  0, 38,  0, 13, 21,  0,  0,  0,  0,  0,  0, 39, 27, 23,  0,  0,  0, 23,  0,  0,  0, 40,  0,  0,  0
6, 16111, 1,KC3VYA,     3.48, 3,   boost,   76.00,  91220.00,  877.32,  462.86,  422.41, 46.9, 4.08, 4.02, 4.08,  88.14,  -0.04,   1.80, 732.10,   1.98,   8.46,   0.78,  -0.57,  -0.22,   2.87, 4.07, 4.08, 4.10, 0.00, 0.00, 1, 1, 14,  37.1686569, -97.7339050,   705.0, 2026,  3, 21, 21, 19, 43,       11,      320, 169,  88,   1.2,   0.6,   1.0,  0,  0,  0,  0, 17, 40,  0,  0, 38,  0, 13, 21,  0,  0,  0,  0,  0,  0, 39, 27, 23,  0,  0,  0, 23,  0,  0,  0, 40,  0,  0,  0
6, 16111, 1,KC3VYA,     3.48, 3,   boost,   76.00,  91220.00,  877.32,  462.86,  422.41, 46.9, 4.08, 4.02, 4.08,  88.14,  -0.04,   1.80, 732.10,   1.98,   8.46,   0.78,  -0.57,  -0.22,   2.87, 4.07, 4.08, 4.10, 0.00, 0.00, 1, 1, 14,  37.1686569, -97.7339050,   705.0, 2026,  3, 21, 21, 19, 43,       11,      320, 169,  88,   1.2,   0.6,   1.0,  0,  0,  0,  0, 17, 40,  0,  0, 38,  0, 13, 21,  0,  0,  0,  0,  0,  0, 39, 27, 23,  0,  0,  0, 23,  0,  0,  0, 40,  0,  0,  0
6, 16111, 1,KC3VYA,     3.48, 3,   boost,   76.00,  91220.00,  877.32,  462.86,  422.41, 46.9, 4.08, 4.02, 4.08,  88.14,  -0.04,   1.80, 732.10,   1.98,   8.46,   0.78,  -0.57,  -0.22,   2.87, 4.07, 4.08, 4.10, 0.00, 0.00, 1, 1, 14,  37.1686569, -97.7339050,   705.0, 2026,  3, 21, 21, 19, 43,       11,      320, 169,  88,   1.2,   0.6,   1.0,  0,  0,  0,  0, 17, 40,  0,  0, 38,  0, 13, 21,  0,  0,  0,  0,  0,  0, 39, 27, 23,  0,  0,  0, 23,  0,  0,  0, 40,  0,  0,  0
6, 16111, 1,KC3VYA,     3.49, 3,   boost,   79.43,  90949.00,  901.92,  487.45,  425.65, 46.9, 4.08, 4.02, 4.08,  87.76,  -1.01,   1.56, 718.80,   6.68,   9.74,   0.77,  -0.58,  -0.21,   2.75, 4.07, 4.08, 4.10, 0.00, 0.00, 1, 1, 10,  37.1685428, -97.7338943,  1010.0, 2026,  3, 21, 21, 19, 44,       24,      625, 173,  88,   2.2,   0.7,   2.1,  0,  0, 28,  0,  0, 33,  0,  0, 29,  0, 11, 18,  0,  0,  0,  0,  0,  0, 38, 29, 19,  0,  0,  0, 39,  0,  0,  0, 34,  0,  0,  0
6, 16111, 1,KC3VYA,     3.50, 3,   boost,   77.96,  90949.00,  901.92,  487.45,  428.86, 46.9, 4.08, 4.02, 4.08,  87.56,  -1.16,   1.44, 723.25,  -2.04,   9.74,   0.78,  -0.60,  -0.19,   2.67, 4.07, 4.08, 4.10, 0.00, 0.00, 1, 1, 10,  37.1685428, -97.7338943,  1010.0, 2026,  3, 21, 21, 19, 44,       24,      625, 173,  88,   2.2,   0.7,   2.1,  0,  0, 28,  0,  0, 33,  0,  0, 29,  0, 11, 18,  0,  0,  0,  0,  0,  0, 38, 29, 19,  0,  0,  0, 39,  0,  0,  0, 34,  0,  0,  0
6, 16111, 1,KC3VYA,     3.51, 3,   boost,   75.51,  90743.00,  920.65,  506.18,  432.04, 46.9, 4.08, 4.02, 4.08,  87.32,  -0.85,   1.02, 726.98,   8.82,  10.41,   0.78,  -0.62,  -0.18,   2.55, 4.07, 4.08, 4.10, 0.00, 0.00, 1, 1, 10,  37.1685428, -97.7338943,  1010.0, 2026,  3, 21, 21, 19, 44,       24,      625, 173,  88,   2.2,   0.7,   2.1,  0,  0, 28,  0,  0, 33,  0,  0, 29,  0, 11, 18,  0,  0,  0,  0,  0,  0, 38, 29, 19,  0,  0,  0, 39,  0,  0,  0, 34,  0,  0,  0
6, 16111, 1,KC3VYA,     3.52, 3,   boost,   77.96,  90743.00,  920.65,  506.18,  435.20, 46.9, 4.08, 4.02, 4.08,  87.22,  -1.51,   1.18, 726.24,   2.23,  11.45,   0.78,  -0.62,  -0.18,   2.43, 4.07, 4.08, 4.10, 0.00, 0.00, 1, 1, 10,  37.1685428, -97.7338943,  1010.0, 2026,  3, 21, 21, 19, 44,       24,      625, 173,  88,   2.2,   0.7,   2.1,  0,  0, 28,  0,  0, 33,  0,  0, 29,  0, 11, 18,  0,  0,  0,  0,  0,  0, 38, 29, 19,  0,  0,  0, 39,  0,  0,  0, 34,  0,  0,  0
6, 16111, 1,KC3VYA,     3.53, 3,   boost,   74.04,  90654.00,  928.75,  514.28,  438.33, 46.9, 4.08, 4.02, 4.08,  86.87,  -1.84,   1.82, 719.90, -15.66,   9.56,   0.78,  -0.63,  -0.16,   2.33, 4.07, 4.08, 4.10, 0.00, 0.00, 1, 1, 10,  37.1685428, -97.7338943,  1010.0, 2026,  3, 21, 21, 19, 44,       24,      625, 173,  88,   2.2,   0.7,   2.1,  0,  0, 28,  0,  0, 33,  0,  0, 29,  0, 11, 18,  0,  0,  0,  0,  0,  0, 38, 29, 19,  0,  0,  0, 39,  0,  0,  0, 34,  0,  0,  0
6, 16111, 1,KC3VYA,     3.54, 3,   boost,   77.47,  90654.00,  928.75,  514.28,  441.42, 46.9, 4.08, 4.02, 4.08,  86.59,  -1.77,   1.34, 718.31,  11.75,  10.10,   0.78,  -0.64,  -0.12,   2.25, 4.10, 4.08, 4.10, 0.00, 0.00, 1, 1, 10,  37.1685428, -97.7338943,  1010.0, 2026,  3, 21, 21, 19, 44,       24,      625, 173,  88,   2.2,   0.7,   2.1,  0,  0, 28,  0,  0, 33,  0,  0, 29,  0, 11, 18,  0,  0,  0,  0,  0,  0, 38, 29, 19,  0,  0,  0, 39,  0,  0,  0, 34,  0,  0,  0
6, 16111, 1,KC3VYA,     3.54, 3,   boost,   77.47,  90654.00,  928.75,  514.28,  441.42, 46.9, 4.08, 4.02, 4.08,  86.59,  -1.77,   1.34, 718.31,  11.75,  10.10,   0.78,  -0.64,  -0.12,   2.25, 4.10, 4.08, 4.10, 0.00, 0.00, 1, 1, 10,  37.1685428, -97.7338943,  1010.0, 2026,  3, 21, 21, 19, 44,       24,      625, 173,  88,   2.2,   0.7,   2.1,  0,  0, 28,  0,  0, 33,  0,  0, 29,  0, 11, 18,  0,  0,  0,  0,  0,  0, 38, 29, 19,  0,  0,  0, 39,  0,  0,  0, 34,  0,  0,  0
6, 16111, 1,KC3VYA,     3.55, 3,   boost,   76.49,  90662.00,  928.02,  513.56,  444.48, 46.9, 4.08, 4.02, 4.08,  86.52,  -1.71,   0.73, 727.34,  -7.96,   9.56,   0.78,  -0.64,  -0.12,   2.13, 4.10, 4.08, 4.10, 0.00, 0.00, 1, 1, 10,  37.1685428, -97.7338943,  1010.0, 2026,  3, 21, 21, 19, 44,       24,      625, 173,  88,   2.2,   0.7,   2.1,  0,  0, 28,  0,  0, 33,  0,  0, 29,  0, 11, 18,  0,  0,  0,  0,  0,  0, 38, 29, 19,  0,  0,  0, 39,  0,  0,  0, 34,  0,  0,  0
6, 16111, 1,KC3VYA,     3.56, 3,   boost,   72.08,  90662.00,  928.02,  513.56,  447.50, 46.9, 4.08, 4.02, 4.08,  86.12,  -1.47,   0.12, 729.91,   2.84,   9.74,   0.78,  -0.63,  -0.09,   2.06, 4.10, 4.08, 4.10, 0.00, 0.00, 1, 1, 10,  37.1685428, -97.7338943,  1010.0, 2026,  3, 21, 21, 19, 44,       24,      625, 173,  88,   2.2,   0.7,   2.1,  0,  0, 28,  0,  0, 33,  0,  0, 29,  0, 11, 18,  0,  0,  0,  0,  0,  0, 38, 29, 19,  0,  0,  0, 39,  0,  0,  0, 34,  0,  0,  0
6, 16111, 1,KC3VYA,     3.57, 3,   boost,   74.04,  90687.00,  925.75,  511.28,  450.48, 46.9, 4.08, 4.02, 4.08,  85.89,  -1.35,  -0.32, 723.13,   7.17,  10.53,   0.78,  -0.62,  -0.07,   2.02, 4.10, 4.08, 4.10, 0.00, 0.00, 1, 1, 10,  37.1685428, -97.7338943,  1010.0, 2026,  3, 21, 21, 19, 44,       24,      625, 173,  88,   2.2,   0.7,   2.1,  0,  0, 28,  0,  0, 33,  0,  0, 29,  0, 11, 18,  0,  0,  0,  0,  0,  0, 38, 29, 19,  0,  0,  0, 39,  0,  0,  0, 34,  0,  0,  0
6, 16111, 1,KC3VYA,     3.58, 3,   boost,   76.49,  90687.00,  925.75,  511.28,  453.43, 46.9, 4.08, 4.02, 4.08,  85.55,  -1.42,  -0.18, 729.78,   3.88,   9.31,   0.78,  -0.62,  -0.07,   1.98, 4.10, 4.08, 4.10, 0.00, 0.00, 1, 1, 10,  37.1685428, -97.7338943,  1010.0, 2026,  3, 21, 21, 19, 44,       24,      625, 173,  88,   2.2,   0.7,   2.1,  0,  0, 28,  0,  0, 33,  0,  0, 29,  0, 11, 18,  0,  0,  0,  0,  0,  0, 38, 29, 19,  0,  0,  0, 39,  0,  0,  0, 34,  0,  0,  0
6, 16111, 1,KC3VYA,     3.59, 3,   boost,   77.47,  90695.00,  925.02,  510.55,  456.33, 46.9, 4.08, 4.02, 4.08,  86.07,  -1.78,  -0.84, 726.55,  10.47,  10.96,   0.78,  -0.59,  -0.04,   2.02, 4.10, 4.08, 4.10, 0.00, 0.00, 1, 1, 10,  37.1685428, -97.7338943,  1010.0, 2026,  3, 21, 21, 19, 44,       24,      625, 173,  88,   2.2,   0.7,   2.1,  0,  0, 28,  0,  0, 33,  0,  0, 29,  0, 11, 18,  0,  0,  0,  0,  0,  0, 38, 29, 19,  0,  0,  0, 39,  0,  0,  0, 34,  0,  0,  0
6, 16111, 1,KC3VYA,     3.60, 3,   boost,   71.59,  90695.00,  925.02,  510.55,  459.19, 46.9, 4.08, 4.02, 4.08,  85.52,  -1.94,   0.83, 741.01,  -3.20,   9.49,   0.78,  -0.57,  -0.03,   1.95, 4.10, 4.08, 4.10, 0.00, 0.00, 1, 1, 10,  37.1685428, -97.7338943,  1010.0, 2026,  3, 21, 21, 19, 44,       24,      625, 173,  88,   2.2,   0.7,   2.1,  0,  0, 28,  0,  0, 33,  0,  0, 29,  0, 11, 18,  0,  0,  0,  0,  0,  0, 38, 29, 19,  0,  0,  0, 39,  0,  0,  0, 34,  0,  0,  0
6, 16111, 1,KC3VYA,     3.61, 3,   boost,   77.96,  90683.00,  926.11,  511.64,  462.00, 46.9, 4.08, 4.02, 4.08,  85.11,  -2.26,  -0.43, 716.84,   6.44,   9.98,   0.78,  -0.55,  -0.02,   2.00, 4.10, 4.08, 4.10, 0.00, 0.00, 1, 1, 10,  37.1685428, -97.7338943,  1010.0, 2026,  3, 21, 21, 19, 44,       24,      625, 173,  88,   2.2,   0.7,   2.1,  0,  0, 28,  0,  0, 33,  0,  0, 29,  0, 11, 18,  0,  0,  0,  0,  0,  0, 38, 29, 19,  0,  0,  0, 39,  0,  0,  0, 34,  0,  0,  0
6, 16111, 1,KC3VYA,     3.62, 3,   boost,   74.53,  90683.00,  926.11,  511.64,  464.76, 46.9, 4.08, 4.02, 4.08,  84.77,  -2.10,   0.22, 730.15,   3.39,   9.98,   0.78,  -0.53,  -0.01,   2.03, 4.10, 4.08, 4.10, 0.00, 0.00, 1, 1, 10,  37.1685428, -97.7338943,  1010.0, 2026,  3, 21, 21, 19, 44,       24,      625, 173,  88,   2.2,   0.7,   2.1,  0,  0, 28,  0,  0, 33,  0,  0, 29,  0, 11, 18,  0,  0,  0,  0,  0,  0, 38, 29, 19,  0,  0,  0, 39,  0,  0,  0, 34,  0,  0,  0
6, 16111, 1,KC3VYA,     3.63, 3,   boost,   72.08,  90646.00,  929.48,  515.01,  467.48, 46.9, 4.08, 4.02, 4.08,  84.57,  -1.82,  -0.50, 735.83,   3.94,  10.78,   0.78,  -0.53,  -0.01,   2.08, 4.10, 4.08, 4.10, 0.00, 0.00, 1, 1, 10,  37.1685428, -97.7338943,  1010.0, 2026,  3, 21, 21, 19, 44,       24,      625, 173,  88,   2.2,   0.7,   2.1,  0,  0, 28,  0,  0, 33,  0,  0, 29,  0, 11, 18,  0,  0,  0,  0,  0,  0, 38, 29, 19,  0,  0,  0, 39,  0,  0,  0, 34,  0,  0,  0
6, 16111, 1,KC3VYA,     3.64, 3,   boost,   72.08,  90646.00,  929.48,  515.01,  470.14, 46.9, 4.08, 4.02, 4.08,  84.67,  -1.06,  -0.04, 735.09,  -0.52,  10.47,   0.78,  -0.49,  -0.00,   2.11, 4.10, 4.08, 4.10, 0.00, 0.00, 1, 1, 10,  37.1685428, -97.7338943,  1010.0, 2026,  3, 21, 21, 19, 44,       24,      625, 173,  88,   2.2,   0.7,   2.1,  0,  0, 28,  0,  0, 33,  0,  0, 29,  0, 11, 18,  0,  0,  0,  0,  0,  0, 38, 29, 19,  0,  0,  0, 39,  0,  0,  0, 34,  0,  0,  0
6, 16111, 1,KC3VYA,     3.65, 3,   boost,   76.98,  90578.00,  935.68,  521.21,  472.75, 46.9, 4.08, 4.02, 4.08,  84.12,  -0.65,   0.26, 728.38,   2.96,  12.73,   0.78,  -0.43,   0.00,   2.20, 4.10, 4.08, 4.10, 0.00, 0.00, 1, 1, 10,  37.1685428, -97.7338943,  1010.0, 2026,  3, 21, 21, 19, 44,       24,      625, 173,  88,   2.2,   0.7,   2.1,  0,  0, 28,  0,  0, 33,  0,  0, 29,  0, 11, 18,  0,  0,  0,  0,  0,  0, 38, 29, 19,  0,  0,  0, 39,  0,  0,  0, 34,  0,  0,  0
6, 16111, 1,KC3VYA,     3.66, 3,   boost,   73.55,  90578.00,  935.68,  521.21,  475.31, 46.9, 4.08, 4.02, 4.08,  83.97,  -1.61,   0.46, 717.39,  12.97,  13.10,   0.78,  -0.43,   0.00,   2.38, 4.10, 4.08, 4.10, 0.00, 0.00, 1, 1, 10,  37.1685428, -97.7338943,  1010.0, 2026,  3, 21, 21, 19, 44,       24,      625, 173,  88,   2.2,   0.7,   2.1,  0,  0, 28,  0,  0, 33,  0,  0, 29,  0, 11, 18,  0,  0,  0,  0,  0,  0, 38, 29, 19,  0,  0,  0, 39,  0,  0,  0, 34,  0,  0,  0
6, 16111, 1,KC3VYA,     3.67, 3,   boost,   74.53,  90517.00,  941.24,  526.77,  477.81, 46.9, 4.08, 4.02, 4.08,  83.91,  -2.42,   0.44, 733.32,   2.41,  12.67,   0.78,  -0.37,   0.00,   2.49, 4.10, 4.08, 4.10, 0.00, 0.00, 1, 1, 10,  37.1685428, -97.7338943,  1010.0, 2026,  3, 21, 21, 19, 44,       24,      625, 173,  88,   2.2,   0.7,   2.1,  0,  0, 28,  0,  0, 33,  0,  0, 29,  0, 11, 18,  0,  0,  0,  0,  0,  0, 38, 29, 19,  0,  0,  0, 39,  0,  0,  0, 34,  0,  0,  0
6, 16111, 1,KC3VYA,     3.68, 3,   boost,   75.51,  90517.00,  941.24,  526.77,  480.25, 46.9, 4.08, 4.02, 4.08,  83.57,  -2.31,  -0.23, 724.60,  13.15,  14.38,   0.78,  -0.35,  -0.00,   2.69, 4.10, 4.08, 4.10, 0.00, 0.00, 1, 1, 10,  37.1685428, -97.7338943,  1010.0, 2026,  3, 21, 21, 19, 44,       24,      625, 173,  88,   2.2,   0.7,   2.1,  0,  0, 28,  0,  0, 33,  0,  0, 29,  0, 11, 18,  0,  0,  0,  0,  0,  0, 38, 29, 19,  0,  0,  0, 39,  0,  0,  0, 34,  0,  0,  0
6, 16111, 1,KC3VYA,     3.69, 3,   boost,   76.00,  90448.00,  947.53,  533.07,  482.64, 46.9, 4.08, 4.02, 4.08,  83.22,  -2.21,  -0.41, 731.00,   1.37,  13.34,   0.78,  -0.35,  -0.00,   2.81, 4.10, 4.08, 4.10, 0.00, 0.00, 1, 1, 10,  37.1685428, -97.7338943,  1010.0, 2026,  3, 21, 21, 19, 44,       24,      625, 173,  88,   2.2,   0.7,   2.1,  0,  0, 28,  0,  0, 33,  0,  0, 29,  0, 11, 18,  0,  0,  0,  0,  0,  0, 38, 29, 19,  0,  0,  0, 39,  0,  0,  0, 34,  0,  0,  0
6, 16111, 1,KC3VYA,     3.70, 3,   boost,   71.59,  90448.00,  947.53,  533.07,  484.96, 46.9, 4.08, 4.02, 4.08,  83.04,  -2.72,  -0.51, 728.81,   6.62,  14.01,   0.78,  -0.27,  -0.02,   2.96, 4.10, 4.08, 4.10, 0.00, 0.00, 1, 1, 10,  37.1685428, -97.7338943,  1010.0, 2026,  3, 21, 21, 19, 44,       24,      625, 173,  88,   2.2,   0.7,   2.1,  0,  0, 28,  0,  0, 33,  0,  0, 29,  0, 11, 18,  0,  0,  0,  0,  0,  0, 38, 29, 19,  0,  0,  0, 39,  0,  0,  0, 34,  0,  0,  0
6, 16111, 1,KC3VYA,     3.71, 3,   boost,   71.59,  90385.00,  953.29,  538.82,  487.22, 46.9, 4.08, 4.02, 4.08,  82.82,  -2.58,  -0.10, 732.47,   7.84,  13.58,   0.78,  -0.25,  -0.03,   3.11, 4.10, 4.08, 4.10, 0.00, 0.00, 1, 1, 10,  37.1685428, -97.7338943,  1010.0, 2026,  3, 21, 21, 19, 44,       24,      625, 173,  88,   2.2,   0.7,   2.1,  0,  0, 28,  0,  0, 33,  0,  0, 29,  0, 11, 18,  0,  0,  0,  0,  0,  0, 38, 29, 19,  0,  0,  0, 39,  0,  0,  0, 34,  0,  0,  0
6, 16111, 1,KC3VYA,     3.72, 3,   boost,   71.10,  90385.00,  953.29,  538.82,  489.42, 46.9, 4.08, 4.02, 4.08,  82.81,  -3.33,   0.82, 733.14,   6.26,  14.56,   0.78,  -0.22,  -0.04,   3.27, 4.10, 4.08, 4.10, 0.00, 0.00, 1, 1, 10,  37.1685428, -97.7338943,  1010.0, 2026,  3, 21, 21, 19, 44,       24,      625, 173,  88,   2.2,   0.7,   2.1,  0,  0, 28,  0,  0, 33,  0,  0, 29,  0, 11, 18,  0,  0,  0,  0,  0,  0, 38, 29, 19,  0,  0,  0, 39,  0,  0,  0, 34,  0,  0,  0
6, 16111, 1,KC3VYA,     3.73, 3,   boost,   69.14,  90273.00,  963.52,  549.05,  491.56, 46.9, 4.08, 4.02, 4.08,  82.72,  -1.66,  -1.01, 733.38,   9.80,  15.72,   0.77,  -0.21,  -0.05,   3.43, 4.10, 4.08, 4.10, 0.00, 0.00, 1, 1, 10,  37.1685428, -97.7338943,  1010.0, 2026,  3, 21, 21, 19, 44,       24,      625, 173,  88,   2.2,   0.7,   2.1,  0,  0, 28,  0,  0, 33,  0,  0, 29,  0, 11, 18,  0,  0,  0,  0,  0,  0, 38, 29, 19,  0,  0,  0, 39,  0,  0,  0, 34,  0,  0,  0
6, 16111, 1,KC3VYA,     3.74, 3,   boost,   72.57,  90273.00,  963.52,  549.05,  493.62, 46.9, 4.08, 4.02, 4.08,  82.63,  -2.56,  -0.57, 727.16,  -5.16,  14.68,   0.77,  -0.21,  -0.05,   3.58, 4.10, 4.08, 4.10, 0.00, 0.00, 1, 1, 10,  37.1685428, -97.7338943,  1010.0, 2026,  3, 21, 21, 19, 44,       24,      625, 173,  88,   2.2,   0.7,   2.1,  0,  0, 28,  0,  0, 33,  0,  0, 29,  0, 11, 18,  0,  0,  0,  0,  0,  0, 38, 29, 19,  0,  0,  0, 39,  0,  0,  0, 34,  0,  0,  0
6, 16111, 1,KC3VYA,     3.75, 3,   boost,   71.10,  90209.00,  969.37,  554.90,  495.63, 46.9, 4.08, 4.02, 4.08,  82.88,  -3.99,  -0.38, 716.66,  -0.40,  14.07,   0.77,  -0.18,  -0.07,   3.72, 4.10, 4.08, 4.10, 0.00, 0.00, 1, 1, 10,  37.1685428, -97.7338943,  1010.0, 2026,  3, 21, 21, 19, 44,       24,      625, 173,  88,   2.2,   0.7,   2.1,  0,  0, 28,  0,  0, 33,  0,  0, 29,  0, 11, 18,  0,  0,  0,  0,  0,  0, 38, 29, 19,  0,  0,  0, 39,  0,  0,  0, 34,  0,  0,  0
6, 16111, 1,KC3VYA,     3.76, 3,   boost,   72.57,  90209.00,  969.37,  554.90,  497.56, 46.9, 4.08, 4.02, 4.08,  82.11,  -2.39,  -1.37, 726.85,   4.43,  14.74,   0.77,  -0.15,  -0.10,   3.84, 4.10, 4.08, 4.10, 0.00, 0.00, 1, 1, 10,  37.1685428, -97.7338943,  1010.0, 2026,  3, 21, 21, 19, 44,       24,      625, 173,  88,   2.2,   0.7,   2.1,  0,  0, 28,  0,  0, 33,  0,  0, 29,  0, 11, 18,  0,  0,  0,  0,  0,  0, 38, 29, 19,  0,  0,  0, 39,  0,  0,  0, 34,  0,  0,  0
6, 16111, 1,KC3VYA,     3.77, 3,   boost,   73.06,  90145.00,  975.22,  560.76,  499.42, 46.9, 4.08, 4.02, 4.08,  82.00,  -2.66,  -1.29, 724.53,  19.62,  15.35,   0.77,  -0.15,  -0.10,   3.90, 4.10, 4.08, 4.10, 0.00, 0.00, 1, 1, 10,  37.1685428, -97.7338943,  1010.0, 2026,  3, 21, 21, 19, 44,       24,      625, 173,  88,   2.2,   0.7,   2.1,  0,  0, 28,  0,  0, 33,  0,  0, 29,  0, 11, 18,  0,  0,  0,  0,  0,  0, 38, 29, 19,  0,  0,  0, 39,  0,  0,  0, 34,  0,  0,  0
6, 16111, 1,KC3VYA,     3.78, 3,   boost,   73.55,  90145.00,  975.22,  560.76,  501.22, 46.9, 4.08, 4.02, 4.08,  81.94,  -3.32,  -0.88, 720.26,  17.30,  16.27,   0.78,  -0.14,  -0.14,   3.96, 4.10, 4.08, 4.10, 0.00, 0.00, 1, 1, 10,  37.1685428, -97.7338943,  1010.0, 2026,  3, 21, 21, 19, 44,       24,      625, 173,  88,   2.2,   0.7,   2.1,  0,  0, 28,  0,  0, 33,  0,  0, 29,  0, 11, 18,  0,  0,  0,  0,  0,  0, 38, 29, 19,  0,  0,  0, 39,  0,  0,  0, 34,  0,  0,  0
6, 16111, 1,KC3VYA,     3.79, 3,   boost,   70.12,  90066.00,  982.45,  567.99,  502.94, 46.9, 4.08, 4.02, 4.08,  81.57,  -3.46,  -0.80, 715.68,   0.46,  15.96,   0.77,  -0.14,  -0.15,   4.09, 4.10, 4.08, 4.10, 0.00, 0.00, 1, 1, 10,  37.1685428, -97.7338943,  1010.0, 2026,  3, 21, 21, 19, 44,       24,      625, 173,  88,   2.2,   0.7,   2.1,  0,  0, 28,  0,  0, 33,  0,  0, 29,  0, 11, 18,  0,  0,  0,  0,  0,  0, 38, 29, 19,  0,  0,  0, 39,  0,  0,  0, 34,  0,  0,  0
6, 16111, 1,KC3VYA,     3.80, 3,   boost,   69.63,  90066.00,  982.45,  567.99,  504.59, 46.9, 4.08, 4.02, 4.08,  81.55,  -3.67,  -1.08, 717.45,  11.75,  16.39,   0.77,  -0.14,  -0.17,   4.15, 4.10, 4.08, 4.10, 0.00, 0.00, 1, 1, 10,  37.1685428, -97.7338943,  1010.0, 2026,  3, 21, 21, 19, 44,       24,      625, 173,  88,   2.2,   0.7,   2.1,  0,  0, 28,  0,  0, 33,  0,  0, 29,  0, 11, 18,  0,  0,  0,  0,  0,  0, 38, 29, 19,  0,  0,  0, 39,  0,  0,  0, 34,  0,  0,  0
6, 16111, 1,KC3VYA,     3.81, 3,   boost,   73.06,  90024.00,  986.30,  571.83,  506.17, 46.9, 4.08, 4.02, 4.08,  81.46,  -3.68,  -1.59, 726.92,  -3.75,  16.64,   0.77,  -0.15,  -0.18,   4.30, 4.10, 4.08, 4.10, 0.00, 0.00, 1, 1, 10,  37.1685428, -97.7338943,  1010.0, 2026,  3, 21, 21, 19, 44,       24,      625, 173,  88,   2.2,   0.7,   2.1,  0,  0, 28,  0,  0, 33,  0,  0, 29,  0, 11, 18,  0,  0,  0,  0,  0,  0, 38, 29, 19,  0,  0,  0, 39,  0,  0,  0, 34,  0,  0,  0
6, 16111, 1,KC3VYA,     3.82, 3,   boost,   70.12,  90024.00,  986.30,  571.83,  507.67, 46.9, 4.08, 4.02, 4.08,  80.96,  -3.42,  -2.07, 707.02,  10.59,  16.27,   0.77,  -0.16,  -0.20,   4.33, 4.10, 4.08, 4.10, 0.00, 0.00, 1, 1, 10,  37.1685428, -97.7338943,  1010.0, 2026,  3, 21, 21, 19, 44,       24,      625, 173,  88,   2.2,   0.7,   2.1,  0,  0, 28,  0,  0, 33,  0,  0, 29,  0, 11, 18,  0,  0,  0,  0,  0,  0, 38, 29, 19,  0,  0,  0, 39,  0,  0,  0, 34,  0,  0,  0
6, 16111, 1,KC3VYA,     3.83, 3,   boost,   68.65,  89972.00,  991.07,  576.60,  509.09, 46.9, 4.08, 4.02, 4.08,  80.71,  -3.43,  -1.87, 707.99,  -1.68,  16.76,   0.77,  -0.17,  -0.21,   4.44, 4.10, 4.08, 4.10, 0.00, 0.00, 1, 1, 10,  37.1685428, -97.7338943,  1010.0, 2026,  3, 21, 21, 19, 44,       24,      625, 173,  88,   2.2,   0.7,   2.1,  0,  0, 28,  0,  0, 33,  0,  0, 29,  0, 11, 18,  0,  0,  0,  0,  0,  0, 38, 29, 19,  0,  0,  0, 39,  0,  0,  0, 34,  0,  0,  0
6, 16111, 1,KC3VYA,     3.84, 3,   boost,   68.16,  89972.00,  991.07,  576.60,  510.45, 46.9, 4.08, 4.02, 4.08,  80.70,  -3.46,  -2.18, 706.41,  10.59,  17.12,   0.77,  -0.19,  -0.23,   4.44, 4.10, 4.08, 4.10, 0.00, 0.00, 1, 1, 10,  37.1685428, -97.7338943,  1010.0, 2026,  3, 21, 21, 19, 44,       24,      625, 173,  88,   2.2,   0.7,   2.1,  0,  0, 28,  0,  0, 33,  0,  0, 29,  0, 11, 18,  0,  0,  0,  0,  0,  0, 38, 29, 19,  0,  0,  0, 39,  0,  0,  0, 34,  0,  0,  0
6, 16111, 1,KC3VYA,     3.85, 3,   boost,   72.57,  89924.00,  995.47,  581.00,  511.72, 46.9, 4.08, 4.02, 4.08,  80.59,  -3.56,  -1.94, 700.61,   1.13,  17.80,   0.77,  -0.19,  -0.23,   4.51, 4.10, 4.08, 4.10, 0.00, 0.00, 1, 1, 10,  37.1685428, -97.7338943,  1010.0, 2026,  3, 21, 21, 19, 44,       24,      625, 173,  88,   2.2,   0.7,   2.1,  0,  0, 28,  0,  0, 33,  0,  0, 29,  0, 11, 18,  0,  0,  0,  0,  0,  0, 38, 29, 19,  0,  0,  0, 39,  0,  0,  0, 34,  0,  0,  0
6, 16111, 1,KC3VYA,     3.86, 3,   boost,   69.14,  89924.00,  995.47,  581.00,  512.92, 46.9, 4.08, 4.02, 4.09,  80.13,  -3.89,  -1.62, 702.93,   5.65,  18.59,   0.77,  -0.21,  -0.24,   4.52, 4.07, 4.08, 4.10, 0.00, 0.00, 1, 1, 10,  37.1685428, -97.7338943,  1010.0, 2026,  3, 21, 21, 19, 44,       24,      625, 173,  88,   2.2,   0.7,   2.1,  0,  0, 28,  0,  0, 33,  0,  0, 29,  0, 11, 18,  0,  0,  0,  0,  0,  0, 38, 29, 19,  0,  0,  0, 39,  0,  0,  0, 34,  0,  0,  0
6, 16111, 1,KC3VYA,     3.86, 3,   boost,   69.14,  89924.00,  995.47,  581.00,  512.92, 46.9, 4.08, 4.02, 4.09,  80.13,  -3.89,  -1.62, 702.93,   5.65,  18.59,   0.77,  -0.21,  -0.24,   4.52, 4.07, 4.08, 4.10, 0.00, 0.00, 1, 1, 10,  37.1685428, -97.7338943,  1010.0, 2026,  3, 21, 21, 19, 44,       24,      625, 173,  88,   2.2,   0.7,   2.1,  0,  0, 28,  0,  0, 33,  0,  0, 29,  0, 11, 18,  0,  0,  0,  0,  0,  0, 38, 29, 19,  0,  0,  0, 39,  0,  0,  0, 34,  0,  0,  0
6, 16111, 1,KC3VYA,     3.87, 3,   boost,   67.18,  89864.00, 1000.97,  586.50,  514.04, 46.9, 4.08, 4.02, 4.09,  79.95,  -3.94,  -1.98, 708.18,   9.74,  19.20,   0.77,  -0.26,  -0.26,   4.49, 4.07, 4.08, 4.10, 0.00, 0.00, 1, 1, 10,  37.1685428, -97.7338943,  1010.0, 2026,  3, 21, 21, 19, 44,       24,      625, 173,  88,   2.2,   0.7,   2.1,  0,  0, 28,  0,  0, 33,  0,  0, 29,  0, 11, 18,  0,  0,  0,  0,  0,  0, 38, 29, 19,  0,  0,  0, 39,  0,  0,  0, 34,  0,  0,  0
6, 16111, 1,KC3VYA,     3.88, 3,   boost,   69.14,  89864.00, 1000.97,  586.50,  515.09, 46.9, 4.08, 4.02, 4.09,  79.46,  -3.74,  -2.60, 706.77,   5.34,  19.32,   0.77,  -0.26,  -0.26,   4.48, 4.07, 4.08, 4.10, 0.00, 0.00, 1, 1, 10,  37.1685428, -97.7338943,  1010.0, 2026,  3, 21, 21, 19, 44,       24,      625, 173,  88,   2.2,   0.7,   2.1,  0,  0, 28,  0,  0, 33,  0,  0, 29,  0, 11, 18,  0,  0,  0,  0,  0,  0, 38, 29, 19,  0,  0,  0, 39,  0,  0,  0, 34,  0,  0,  0
6, 16111, 1,KC3VYA,     3.89, 3,   boost,   68.16,  89818.00, 1005.19,  590.72,  516.06, 46.9, 4.08, 4.02, 4.09,  79.28,  -4.55,  -1.61, 704.39,  -0.82,  19.57,   0.77,  -0.31,  -0.27,   4.52, 4.07, 4.08, 4.10, 0.00, 0.00, 1, 1, 10,  37.1685428, -97.7338943,  1010.0, 2026,  3, 21, 21, 19, 44,       24,      625, 173,  88,   2.2,   0.7,   2.1,  0,  0, 28,  0,  0, 33,  0,  0, 29,  0, 11, 18,  0,  0,  0,  0,  0,  0, 38, 29, 19,  0,  0,  0, 39,  0,  0,  0, 34,  0,  0,  0
6, 16111, 1,KC3VYA,     3.90, 3,   boost,   68.16,  89818.00, 1005.19,  590.72,  516.94, 46.9, 4.08, 4.02, 4.09,  79.07,  -3.75,  -2.52, 697.86,  -4.42,  19.14,   0.77,  -0.34,  -0.28,   4.57, 4.07, 4.08, 4.10, 0.00, 0.00, 1, 1, 10,  37.1685428, -97.7338943,  1010.0, 2026,  3, 21, 21, 19, 44,       24,      625, 173,  88,   2.2,   0.7,   2.1,  0,  0, 28,  0,  0, 33,  0,  0, 29,  0, 11, 18,  0,  0,  0,  0,  0,  0, 38, 29, 19,  0,  0,  0, 39,  0,  0,  0, 34,  0,  0,  0
6, 16111, 1,KC3VYA,     3.91, 3,   boost,   65.70,  89770.00, 1009.60,  595.13,  517.75, 46.9, 4.08, 4.02, 4.09,  78.63,  -3.69,  -3.59, 707.87,   7.48,  20.24,   0.77,  -0.38,  -0.27,   4.50, 4.07, 4.08, 4.10, 0.00, 0.00, 1, 1, 10,  37.1685428, -97.7338943,  1010.0, 2026,  3, 21, 21, 19, 44,       24,      625, 173,  88,   2.2,   0.7,   2.1,  0,  0, 28,  0,  0, 33,  0,  0, 29,  0, 11, 18,  0,  0,  0,  0,  0,  0, 38, 29, 19,  0,  0,  0, 39,  0,  0,  0, 34,  0,  0,  0
6, 16111, 1,KC3VYA,     3.92, 3,   boost,   68.16,  89770.00, 1009.60,  595.13,  518.49, 46.9, 4.08, 4.02, 4.09,  78.35,  -3.64,  -3.76, 696.52,   5.59,  21.52,   0.77,  -0.40,  -0.27,   4.42, 4.07, 4.08, 4.10, 0.00, 0.00, 1, 1, 10,  37.1685428, -97.7338943,  1010.0, 2026,  3, 21, 21, 19, 44,       24,      625, 173,  88,   2.2,   0.7,   2.1,  0,  0, 28,  0,  0, 33,  0,  0, 29,  0, 11, 18,  0,  0,  0,  0,  0,  0, 38, 29, 19,  0,  0,  0, 39,  0,  0,  0, 34,  0,  0,  0
6, 16111, 1,KC3VYA,     3.93, 3,   boost,   69.63,  89730.00, 1013.27,  598.80,  519.14, 46.9, 4.08, 4.02, 4.09,  78.04,  -4.23,  -4.10, 695.97,  13.52,  21.03,   0.77,  -0.44,  -0.26,   4.25, 4.07, 4.08, 4.10, 0.00, 0.00, 1, 1, 10,  37.1685428, -97.7338943,  1010.0, 2026,  3, 21, 21, 19, 44,       24,      625, 173,  88,   2.2,   0.7,   2.1,  0,  0, 28,  0,  0, 33,  0,  0, 29,  0, 11, 18,  0,  0,  0,  0,  0,  0, 38, 29, 19,  0,  0,  0, 39,  0,  0,  0, 34,  0,  0,  0
6, 16111, 1,KC3VYA,     3.94, 3,   boost,   65.21,  89730.00, 1013.27,  598.80,  519.71, 46.9, 4.08, 4.02, 4.09,  77.76,  -4.66,  -4.62, 701.52, -16.14,  21.15,   0.77,  -0.46,  -0.26,   4.36, 4.07, 4.08, 4.10, 0.00, 0.00, 1, 1, 10,  37.1685428, -97.7338943,  1010.0, 2026,  3, 21, 21, 19, 44,       24,      625, 173,  88,   2.2,   0.7,   2.1,  0,  0, 28,  0,  0, 33,  0,  0, 29,  0, 11, 18,  0,  0,  0,  0,  0,  0, 38, 29, 19,  0,  0,  0, 39,  0,  0,  0, 34,  0,  0,  0
6, 16111, 1,KC3VYA,     3.95, 3,   boost,   66.19,  89665.00, 1019.24,  604.77,  520.21, 46.9, 4.08, 4.02, 4.09,  77.45,  -4.92,  -4.29, 704.21,  15.35,  22.80,   0.77,  -0.49,  -0.25,   4.14, 4.07, 4.08, 4.10, 0.00, 0.00, 1, 1, 10,  37.1685428, -97.7338943,  1010.0, 2026,  3, 21, 21, 19, 44,       24,      625, 173,  88,   2.2,   0.7,   2.1,  0,  0, 28,  0,  0, 33,  0,  0, 29,  0, 11, 18,  0,  0,  0,  0,  0,  0, 38, 29, 19,  0,  0,  0, 39,  0,  0,  0, 34,  0,  0,  0
6, 16111, 1,KC3VYA,     3.96, 3,   boost,   65.21,  89665.00, 1019.24,  604.77,  520.62, 46.9, 4.08, 4.02, 4.09,  77.10,  -5.50,  -4.52, 690.84,   7.11,  22.80,   0.77,  -0.49,  -0.25,   3.99, 4.07, 4.08, 4.10, 0.00, 0.00, 1, 1, 10,  37.1685428, -97.7338943,  1010.0, 2026,  3, 21, 21, 19, 44,       24,      625, 173,  88,   2.2,   0.7,   2.1,  0,  0, 28,  0,  0, 33,  0,  0, 29,  0, 11, 18,  0,  0,  0,  0,  0,  0, 38, 29, 19,  0,  0,  0, 39,  0,  0,  0, 34,  0,  0,  0
6, 16111, 1,KC3VYA,     3.97, 3,   boost,   67.18,  89581.00, 1026.96,  612.50,  520.96, 46.9, 4.08, 4.02, 4.09,  77.12,  -5.75,  -4.53, 702.32,   6.50,  22.37,   0.77,  -0.53,  -0.24,   3.83, 4.07, 4.08, 4.10, 0.00, 0.00, 1, 1, 10,  37.1685428, -97.7338943,  1010.0, 2026,  3, 21, 21, 19, 44,       24,      625, 173,  88,   2.2,   0.7,   2.1,  0,  0, 28,  0,  0, 33,  0,  0, 29,  0, 11, 18,  0,  0,  0,  0,  0,  0, 38, 29, 19,  0,  0,  0, 39,  0,  0,  0, 34,  0,  0,  0
6, 16111, 1,KC3VYA,     3.98, 3,   boost,   71.59,  89581.00, 1026.96,  612.50,  521.22, 46.9, 4.08, 4.02, 4.09,  76.69,  -5.86,  -4.33, 697.50,  -0.82,  22.13,   0.78,  -0.56,  -0.22,   3.72, 4.07, 4.08, 4.10, 0.00, 0.00, 1, 1, 10,  37.1685428, -97.7338943,  1010.0, 2026,  3, 21, 21, 19, 44,       24,      625, 173,  88,   2.2,   0.7,   2.1,  0,  0, 28,  0,  0, 33,  0,  0, 29,  0, 11, 18,  0,  0,  0,  0,  0,  0, 38, 29, 19,  0,  0,  0, 39,  0,  0,  0, 34,  0,  0,  0
6, 16111, 1,KC3VYA,     3.99, 3,   boost,   66.19,  89520.00, 1032.58,  618.11,  521.40, 46.9, 4.08, 4.02, 4.09,  76.83,  -5.60,  -4.49, 704.33,  18.10,  23.90,   0.78,  -0.56,  -0.22,   3.44, 4.07, 4.08, 4.10, 0.00, 0.00, 1, 1, 10,  37.1685428, -97.7338943,  1010.0, 2026,  3, 21, 21, 19, 44,       24,      625, 173,  88,   2.2,   0.7,   2.1,  0,  0, 28,  0,  0, 33,  0,  0, 29,  0, 11, 18,  0,  0,  0,  0,  0,  0, 38, 29, 19,  0,  0,  0, 39,  0,  0,  0, 34,  0,  0,  0
6, 16111, 1,KC3VYA,     4.00, 3,   boost,   64.23,  89520.00, 1032.58,  618.11,  521.50, 46.9, 4.08, 4.02, 4.09,  76.32,  -4.94,  -4.84, 699.94,  -3.14,  22.13,   0.78,  -0.61,  -0.19,   3.32, 4.07, 4.08, 4.10, 0.00, 0.00, 1, 1, 10,  37.1685428, -97.7338943,  1010.0, 2026,  3, 21, 21, 19, 44,       24,      625, 173,  88,   2.2,   0.7,   2.1,  0,  0, 28,  0,  0, 33,  0,  0, 29,  0, 11, 18,  0,  0,  0,  0,  0,  0, 38, 29, 19,  0,  0,  0, 39,  0,  0,  0, 34,  0,  0,  0
6, 16111, 1,KC3VYA,     4.01, 3,   boost,   63.74,  89412.00, 1042.52,  628.05,  521.53, 46.9, 4.08, 4.02, 4.09,  76.02,  -5.08,  -5.21, 679.86,   6.87,  24.14,   0.78,  -0.62,  -0.18,   3.10, 4.07, 4.08, 4.10, 0.00, 0.00, 1, 1, 10,  37.1685428, -97.7338943,  1010.0, 2026,  3, 21, 21, 19, 44,       24,      625, 173,  88,   2.2,   0.7,   2.1,  0,  0, 28,  0,  0, 33,  0,  0, 29,  0, 11, 18,  0,  0,  0,  0,  0,  0, 38, 29, 19,  0,  0,  0, 39,  0,  0,  0, 34,  0,  0,  0
6, 16111, 1,KC3VYA,     4.02, 3,   boost,   68.16,  89412.00, 1042.52,  628.05,  521.48, 46.9, 4.08, 4.02, 4.09,  75.79,  -4.38,  -6.06, 690.23,   4.36,  24.45,   0.78,  -0.63,  -0.15,   2.88, 4.07, 4.08, 4.10, 0.00, 0.00, 1, 1, 10,  37.1685428, -97.7338943,  1010.0, 2026,  3, 21, 21, 19, 44,       24,      625, 173,  88,   2.2,   0.7,   2.1,  0,  0, 28,  0,  0, 33,  0,  0, 29,  0, 11, 18,  0,  0,  0,  0,  0,  0, 38, 29, 19,  0,  0,  0, 39,  0,  0,  0, 34,  0,  0,  0
6, 16111, 1,KC3VYA,     4.03, 3,   boost,   67.18,  89314.00, 1051.55,  637.08,  521.35, 46.9, 4.08, 4.02, 4.09,  75.60,  -4.88,  -5.93, 669.42,  -3.08,  24.08,   0.78,  -0.64,  -0.14,   2.71, 4.07, 4.08, 4.10, 0.00, 0.00, 1, 1, 10,  37.1685428, -97.7338943,  1010.0, 2026,  3, 21, 21, 19, 44,       24,      625, 173,  88,   2.2,   0.7,   2.1,  0,  0, 28,  0,  0, 33,  0,  0, 29,  0, 11, 18,  0,  0,  0,  0,  0,  0, 38, 29, 19,  0,  0,  0, 39,  0,  0,  0, 34,  0,  0,  0
6, 16111, 1,KC3VYA,     4.04, 3,   boost,   63.74,  89314.00, 1051.55,  637.08,  521.14, 46.9, 4.08, 4.02, 4.09,  75.13,  -4.58,  -6.75, 671.80,   5.71,  24.94,   0.78,  -0.64,  -0.12,   2.46, 4.07, 4.08, 4.10, 0.00, 0.00, 1, 1, 10,  37.1685428, -97.7338943,  1010.0, 2026,  3, 21, 21, 19, 44,       24,      625, 173,  88,   2.2,   0.7,   2.1,  0,  0, 28,  0,  0, 33,  0,  0, 29,  0, 11, 18,  0,  0,  0,  0,  0,  0, 38, 29, 19,  0,  0,  0, 39,  0,  0,  0, 34,  0,  0,  0
6, 16111, 1,KC3VYA,     4.05, 3,   boost,   60.80,  89175.00, 1064.37,  649.91,  520.86, 46.9, 4.08, 4.02, 4.09,  75.03,  -4.92,  -6.90, 669.36,   4.61,  25.42,   0.78,  -0.65,  -0.11,   2.22, 4.07, 4.08, 4.10, 0.00, 0.00, 1, 1, 10,  37.1685428, -97.7338943,  1010.0, 2026,  3, 21, 21, 19, 44,       24,      625, 173,  88,   2.2,   0.7,   2.1,  0,  0, 28,  0,  0, 33,  0,  0, 29,  0, 11, 18,  0,  0,  0,  0,  0,  0, 38, 29, 19,  0,  0,  0, 39,  0,  0,  0, 34,  0,  0,  0
6, 16111, 1,KC3VYA,     4.06, 3,   boost,   60.80,  89175.00, 1064.37,  649.91,  520.51, 46.9, 4.08, 4.02, 4.09,  74.26,  -5.00,  -8.18, 676.50,  31.34,  27.19,   0.78,  -0.64,  -0.09,   1.86, 4.07, 4.08, 4.10, 0.00, 0.00, 1, 1, 10,  37.1685428, -97.7338943,  1010.0, 2026,  3, 21, 21, 19, 44,       24,      625, 173,  88,   2.2,   0.7,   2.1,  0,  0, 28,  0,  0, 33,  0,  0, 29,  0, 11, 18,  0,  0,  0,  0,  0,  0, 38, 29, 19,  0,  0,  0, 39,  0,  0,  0, 34,  0,  0,  0
6, 16111, 1,KC3VYA,     4.07, 3,   boost,   64.72,  89045.00, 1076.38,  661.92,  520.08, 46.9, 4.08, 4.02, 4.09,  74.27,  -4.91,  -9.27, 688.77,  -7.90,  24.75,   0.78,  -0.64,  -0.09,   1.63, 4.07, 4.08, 4.10, 0.00, 0.00, 1, 1, 10,  37.1685428, -97.7338943,  1010.0, 2026,  3, 21, 21, 19, 44,       24,      625, 173,  88,   2.2,   0.7,   2.1,  0,  0, 28,  0,  0, 33,  0,  0, 29,  0, 11, 18,  0,  0,  0,  0,  0,  0, 38, 29, 19,  0,  0,  0, 39,  0,  0,  0, 34,  0,  0,  0
6, 16111, 1,KC3VYA,     4.08, 3,   boost,   62.76,  89045.00, 1076.38,  661.92,  519.58, 46.9, 4.08, 4.02, 4.09,  73.96,  -4.74,  -9.09, 671.37,  -7.29,  25.91,   0.78,  -0.64,  -0.07,   1.38, 4.07, 4.08, 4.10, 0.00, 0.00, 1, 1, 10,  37.1685428, -97.7338943,  1010.0, 2026,  3, 21, 21, 19, 44,       24,      625, 173,  88,   2.2,   0.7,   2.1,  0,  0, 28,  0,  0, 33,  0,  0, 29,  0, 11, 18,  0,  0,  0,  0,  0,  0, 38, 29, 19,  0,  0,  0, 39,  0,  0,  0, 34,  0,  0,  0
6, 16111, 1,KC3VYA,     4.09, 3,   boost,   63.25,  88904.00, 1089.42,  674.95,  519.00, 46.9, 4.08, 4.02, 4.09,  73.41,  -4.73,  -9.28, 661.06,  -4.36,  26.83,   0.78,  -0.61,  -0.05,   1.12, 4.07, 4.08, 4.10, 0.00, 0.00, 1, 1, 10,  37.1685428, -97.7338943,  1010.0, 2026,  3, 21, 21, 19, 44,       24,      625, 173,  88,   2.2,   0.7,   2.1,  0,  0, 28,  0,  0, 33,  0,  0, 29,  0, 11, 18,  0,  0,  0,  0,  0,  0, 38, 29, 19,  0,  0,  0, 39,  0,  0,  0, 34,  0,  0,  0
6, 16111, 1,KC3VYA,     4.10, 3,   boost,   64.23,  88904.00, 1089.42,  674.95,  518.35, 46.9, 4.08, 4.02, 4.09,  73.06,  -4.53,  -9.47, 674.55,  10.10,  28.11,   0.78,  -0.61,  -0.05,   0.85, 4.07, 4.08, 4.10, 0.00, 0.00, 1, 1, 10,  37.1685428, -97.7338943,  1010.0, 2026,  3, 21, 21, 19, 44,       24,      625, 173,  88,   2.2,   0.7,   2.1,  0,  0, 28,  0,  0, 33,  0,  0, 29,  0, 11, 18,  0,  0,  0,  0,  0,  0, 38, 29, 19,  0,  0,  0, 39,  0,  0,  0, 34,  0,  0,  0
6, 16111, 1,KC3VYA,     4.11, 3,   boost,   55.90,  88787.00, 1100.26,  685.79,  517.63, 46.9, 4.08, 4.02, 4.09,  72.65,  -4.43,  -9.49, 648.42,  -7.17,  27.56,   0.78,  -0.58,  -0.02,   0.56, 4.07, 4.08, 4.10, 0.00, 0.00, 1, 1, 10,  37.1685428, -97.7338943,  1010.0, 2026,  3, 21, 21, 19, 44,       24,      625, 173,  88,   2.2,   0.7,   2.1,  0,  0, 28,  0,  0, 33,  0,  0, 29,  0, 11, 18,  0,  0,  0,  0,  0,  0, 38, 29, 19,  0,  0,  0, 39,  0,  0,  0, 34,  0,  0,  0
6, 16111, 1,KC3VYA,     4.12, 3,   boost,   61.29,  88787.00, 1100.26,  685.79,  516.84, 46.9, 4.08, 4.02, 4.09,  72.39,  -4.45,  -9.59, 633.96,  10.41,  30.55,   0.78,  -0.56,  -0.01,   0.37, 4.07, 4.08, 4.10, 0.00, 0.00, 1, 1, 10,  37.1685428, -97.7338943,  1010.0, 2026,  3, 21, 21, 19, 44,       24,      625, 173,  88,   2.2,   0.7,   2.1,  0,  0, 28,  0,  0, 33,  0,  0, 29,  0, 11, 18,  0,  0,  0,  0,  0,  0, 38, 29, 19,  0,  0,  0, 39,  0,  0,  0, 34,  0,  0,  0
6, 16111, 1,KC3VYA,     4.13, 3,   boost,   59.33,  88681.00, 1110.08,  695.61,  515.98, 46.9, 4.08, 4.02, 4.09,  71.97,  -4.32,  -9.68, 659.23,  11.38,  30.06,   0.78,  -0.54,  -0.00,   0.44, 4.07, 4.08, 4.10, 0.00, 0.00, 1, 1, 10,  37.1685428, -97.7338943,  1010.0, 2026,  3, 21, 21, 19, 44,       24,      625, 173,  88,   2.2,   0.7,   2.1,  0,  0, 28,  0,  0, 33,  0,  0, 29,  0, 11, 18,  0,  0,  0,  0,  0,  0, 38, 29, 19,  0,  0,  0, 39,  0,  0,  0, 34,  0,  0,  0
6, 16111, 1,KC3VYA,     4.14, 3,   boost,   63.25,  88681.00, 1110.08,  695.61,  515.06, 46.9, 4.08, 4.02, 4.09,  71.49,  -4.76,  -9.81, 643.91, -12.42,  29.45,   0.78,  -0.51,   0.01,   0.53, 4.07, 4.08, 4.10, 0.00, 0.00, 1, 1, 10,  37.1685428, -97.7338943,  1010.0, 2026,  3, 21, 21, 19, 44,       24,      625, 173,  88,   2.2,   0.7,   2.1,  0,  0, 28,  0,  0, 33,  0,  0, 29,  0, 11, 18,  0,  0,  0,  0,  0,  0, 38, 29, 19,  0,  0,  0, 39,  0,  0,  0, 34,  0,  0,  0
6, 16111, 1,KC3VYA,     4.15, 3,   boost,   60.80,  88575.00, 1119.91,  705.45,  514.06, 46.9, 4.08, 4.02, 4.09,  71.03,  -4.61, -11.35, 635.36,   1.62,  29.88,   0.78,  -0.48,   0.01,   0.82, 4.07, 4.08, 4.10, 0.00, 0.00, 1, 1, 10,  37.1685428, -97.7338943,  1010.0, 2026,  3, 21, 21, 19, 44,       24,      625, 173,  88,   2.2,   0.7,   2.1,  0,  0, 28,  0,  0, 33,  0,  0, 29,  0, 11, 18,  0,  0,  0,  0,  0,  0, 38, 29, 19,  0,  0,  0, 39,  0,  0,  0, 34,  0,  0,  0
6, 16111, 1,KC3VYA,     4.16, 3,   boost,   55.90,  88575.00, 1119.91,  705.45,  513.00, 46.9, 4.08, 4.02, 4.09,  70.66,  -4.37, -12.49, 656.24,  -5.95,  30.55,   0.78,  -0.46,   0.02,   1.11, 4.07, 4.08, 4.10, 0.00, 0.00, 1, 1, 10,  37.1685428, -97.7338943,  1010.0, 2026,  3, 21, 21, 19, 44,       24,      625, 173,  88,   2.2,   0.7,   2.1,  0,  0, 28,  0,  0, 33,  0,  0, 29,  0, 11, 18,  0,  0,  0,  0,  0,  0, 38, 29, 19,  0,  0,  0, 39,  0,  0,  0, 34,  0,  0,  0
6, 16111, 1,KC3VYA,     4.17, 3,   boost,   60.80,  88525.00, 1124.56,  710.09,  511.87, 46.9, 4.08, 4.02, 4.09,  70.64,  -3.51, -13.08, 647.02,  -0.88,  31.96,   0.77,  -0.43,   0.02,   1.43, 4.07, 4.08, 4.10, 0.00, 0.00, 1, 1, 10,  37.1685428, -97.7338943,  1010.0, 2026,  3, 21, 21, 19, 44,       24,      625, 173,  88,   2.2,   0.7,   2.1,  0,  0, 28,  0,  0, 33,  0,  0, 29,  0, 11, 18,  0,  0,  0,  0,  0,  0, 38, 29, 19,  0,  0,  0, 39,  0,  0,  0, 34,  0,  0,  0
6, 16111, 1,KC3VYA,     4.18, 3,   boost,   59.33,  88525.00, 1124.56,  710.09,  510.68, 46.9, 4.09, 4.01, 4.09,  69.90,  -3.32, -13.54, 647.75,  -3.75,  33.30,   0.77,  -0.43,   0.02,   1.77, 4.06, 4.08, 4.10, 0.00, 0.00, 1, 1, 10,  37.1685428, -97.7338943,  1010.0, 2026,  3, 21, 21, 19, 44,       24,      625, 173,  88,   2.2,   0.7,   2.1,  0,  0, 28,  0,  0, 33,  0,  0, 29,  0, 11, 18,  0,  0,  0,  0,  0,  0, 38, 29, 19,  0,  0,  0, 39,  0,  0,  0, 34,  0,  0,  0
6, 16111, 1,KC3VYA,     4.18, 3,   boost,   59.33,  88525.00, 1124.56,  710.09,  510.68, 46.9, 4.09, 4.01, 4.09,  69.90,  -3.32, -13.54, 647.75,  -3.75,  33.30,   0.77,  -0.43,   0.02,   1.77, 4.06, 4.08, 4.10, 0.00, 0.00, 1, 1, 10,  37.1685428, -97.7338943,  1010.0, 2026,  3, 21, 21, 19, 44,       24,      625, 173,  88,   2.2,   0.7,   2.1,  0,  0, 28,  0,  0, 33,  0,  0, 29,  0, 11, 18,  0,  0,  0,  0,  0,  0, 38, 29, 19,  0,  0,  0, 39,  0,  0,  0, 34,  0,  0,  0
6, 16111, 1,KC3VYA,     4.19, 3,   boost,   61.78,  88478.00, 1128.92,  714.45,  509.43, 46.9, 4.09, 4.01, 4.09,  69.26,  -2.53, -13.95, 636.22, -11.69,  32.02,   0.77,  -0.40,   0.02,   2.11, 4.06, 4.08, 4.10, 0.00, 0.00, 1, 1, 10,  37.1685428, -97.7338943,  1010.0, 2026,  3, 21, 21, 19, 44,       24,      625, 173,  88,   2.2,   0.7,   2.1,  0,  0, 28,  0,  0, 33,  0,  0, 29,  0, 11, 18,  0,  0,  0,  0,  0,  0, 38, 29, 19,  0,  0,  0, 39,  0,  0,  0, 34,  0,  0,  0
6, 16111, 1,KC3VYA,     4.20, 3,   boost,   54.43,  88478.00, 1128.92,  714.45,  508.11, 46.9, 4.09, 4.01, 4.09,  68.83,  -3.14, -14.19, 630.85,   2.41,  33.85,   0.78,  -0.35,   0.01,   2.42, 4.06, 4.08, 4.10, 0.00, 0.00, 1, 1, 10,  37.1685428, -97.7338943,  1010.0, 2026,  3, 21, 21, 19, 44,       24,      625, 173,  88,   2.2,   0.7,   2.1,  0,  0, 28,  0,  0, 33,  0,  0, 29,  0, 11, 18,  0,  0,  0,  0,  0,  0, 38, 29, 19,  0,  0,  0, 39,  0,  0,  0, 34,  0,  0,  0
6, 16111, 1,KC3VYA,     4.21, 3,   boost,   56.39,  88446.00, 1131.89,  717.43,  506.73, 46.9, 4.09, 4.01, 4.09,  68.65,  -3.28, -14.46, 621.75,   1.68,  34.70,   0.78,  -0.35,   0.01,   2.73, 4.06, 4.08, 4.10, 0.00, 0.00, 1, 1, 10,  37.1685428, -97.7338943,  1010.0, 2026,  3, 21, 21, 19, 44,       24,      625, 173,  88,   2.2,   0.7,   2.1,  0,  0, 28,  0,  0, 33,  0,  0, 29,  0, 11, 18,  0,  0,  0,  0,  0,  0, 38, 29, 19,  0,  0,  0, 39,  0,  0,  0, 34,  0,  0,  0
6, 16111, 1,KC3VYA,     4.22, 3,   boost,   53.94,  88446.00, 1131.89,  717.43,  505.29, 46.9, 4.09, 4.01, 4.09,  68.22,  -3.90, -15.48, 625.90,  23.41,  36.35,   0.78,  -0.30,   0.00,   2.97, 4.06, 4.08, 4.10, 0.00, 0.00, 1, 1, 10,  37.1685428, -97.7338943,  1010.0, 2026,  3, 21, 21, 19, 44,       24,      625, 173,  88,   2.2,   0.7,   2.1,  0,  0, 28,  0,  0, 33,  0,  0, 29,  0, 11, 18,  0,  0,  0,  0,  0,  0, 38, 29, 19,  0,  0,  0, 39,  0,  0,  0, 34,  0,  0,  0
6, 16111, 1,KC3VYA,     4.23, 3,   boost,   59.33,  88439.00, 1132.55,  718.08,  503.80, 46.9, 4.09, 4.01, 4.09,  67.53,  -3.71, -15.81, 622.18, -10.10,  32.63,   0.77,  -0.27,  -0.01,   3.31, 4.06, 4.08, 4.10, 0.00, 0.00, 1, 1, 10,  37.1685428, -97.7338943,  1010.0, 2026,  3, 21, 21, 19, 44,       24,      625, 173,  88,   2.2,   0.7,   2.1,  0,  0, 28,  0,  0, 33,  0,  0, 29,  0, 11, 18,  0,  0,  0,  0,  0,  0, 38, 29, 19,  0,  0,  0, 39,  0,  0,  0, 34,  0,  0,  0
6, 16111, 1,KC3VYA,     4.24, 3,   boost,   55.90,  88439.00, 1132.55,  718.08,  502.24, 46.9, 4.09, 4.01, 4.09,  67.28,  -3.00, -16.83, 624.56,  -5.16,  34.76,   0.77,  -0.25,  -0.01,   3.64, 4.06, 4.08, 4.10, 0.00, 0.00, 1, 1, 10,  37.1685428, -97.7338943,  1010.0, 2026,  3, 21, 21, 19, 44,       24,      625, 173,  88,   2.2,   0.7,   2.1,  0,  0, 28,  0,  0, 33,  0,  0, 29,  0, 11, 18,  0,  0,  0,  0,  0,  0, 38, 29, 19,  0,  0,  0, 39,  0,  0,  0, 34,  0,  0,  0
6, 16111, 1,KC3VYA,     4.25, 3,   boost,   54.43,  88375.00, 1138.49,  724.03,  500.63, 46.9, 4.09, 4.01, 4.09,  66.80,  -2.66, -16.97, 582.20, -15.11,  34.70,   0.77,  -0.23,  -0.02,   4.01, 4.06, 4.08, 4.10, 0.00, 0.00, 1, 1, 10,  37.1685428, -97.7338943,  1010.0, 2026,  3, 21, 21, 19, 44,       24,      625, 173,  88,   2.2,   0.7,   2.1,  0,  0, 28,  0,  0, 33,  0,  0, 29,  0, 11, 18,  0,  0,  0,  0,  0,  0, 38, 29, 19,  0,  0,  0, 39,  0,  0,  0, 34,  0,  0,  0
6, 16111, 1,KC3VYA,     4.26, 3,   boost,   57.86,  88375.00, 1138.49,  724.03,  498.97, 46.9, 4.09, 4.01, 4.09,  66.41,  -2.36, -17.31, 587.45,  -2.96,  36.29,   0.77,  -0.21,  -0.03,   4.31, 4.06, 4.08, 4.10, 0.00, 0.00, 1, 1, 10,  37.1685428, -97.7338943,  1010.0, 2026,  3, 21, 21, 19, 44,       24,      625, 173,  88,   2.2,   0.7,   2.1,  0,  0, 28,  0,  0, 33,  0,  0, 29,  0, 11, 18,  0,  0,  0,  0,  0,  0, 38, 29, 19,  0,  0,  0, 39,  0,  0,  0, 34,  0,  0,  0
6, 16111, 1,KC3VYA,     4.27, 3,   boost,   57.86,  88326.00, 1143.05,  728.58,  497.25, 46.9, 4.09, 4.01, 4.09,  65.97,  -1.81, -17.36, 587.51,  -5.04,  36.04,   0.77,  -0.19,  -0.04,   4.61, 4.06, 4.08, 4.10, 0.00, 0.00, 1, 1, 10,  37.1685428, -97.7338943,  1010.0, 2026,  3, 21, 21, 19, 44,       24,      625, 173,  88,   2.2,   0.7,   2.1,  0,  0, 28,  0,  0, 33,  0,  0, 29,  0, 11, 18,  0,  0,  0,  0,  0,  0, 38, 29, 19,  0,  0,  0, 39,  0,  0,  0, 34,  0,  0,  0
6, 16111, 1,KC3VYA,     4.28, 3,   boost,   54.43,  88326.00, 1143.05,  728.58,  495.48, 46.9, 4.09, 4.01, 4.09,  65.77,  -1.62, -18.55, 579.33,  -2.17,  36.41,   0.77,  -0.18,  -0.05,   4.88, 4.06, 4.08, 4.10, 0.00, 0.00, 1, 1, 10,  37.1685428, -97.7338943,  1010.0, 2026,  3, 21, 21, 19, 44,       24,      625, 173,  88,   2.2,   0.7,   2.1,  0,  0, 28,  0,  0, 33,  0,  0, 29,  0, 11, 18,  0,  0,  0,  0,  0,  0, 38, 29, 19,  0,  0,  0, 39,  0,  0,  0, 34,  0,  0,  0
6, 16111, 1,KC3VYA,     4.29, 3,   boost,   51.48,  88263.00, 1148.92,  734.45,  493.66, 46.9, 4.09, 4.01, 4.09,  65.21,  -1.24, -20.30, 580.49,  -4.67,  37.69,   0.77,  -0.18,  -0.05,   5.17, 4.06, 4.08, 4.10, 0.00, 0.00, 1, 1, 10,  37.1685428, -97.7338943,  1010.0, 2026,  3, 21, 21, 19, 44,       24,      625, 173,  88,   2.2,   0.7,   2.1,  0,  0, 28,  0,  0, 33,  0,  0, 29,  0, 11, 18,  0,  0,  0,  0,  0,  0, 38, 29, 19,  0,  0,  0, 39,  0,  0,  0, 34,  0,  0,  0
6, 16111, 1,KC3VYA,     4.30, 3,   boost,   54.43,  88263.00, 1148.92,  734.45,  491.79, 46.9, 4.09, 4.01, 4.09,  64.67,  -1.45, -21.06, 562.49, -10.28,  36.53,   0.77,  -0.16,  -0.07,   5.48, 4.06, 4.08, 4.10, 0.00, 0.00, 1, 1, 10,  37.1685428, -97.7338943,  1010.0, 2026,  3, 21, 21, 19, 44,       24,      625, 173,  88,   2.2,   0.7,   2.1,  0,  0, 28,  0,  0, 33,  0,  0, 29,  0, 11, 18,  0,  0,  0,  0,  0,  0, 38, 29, 19,  0,  0,  0, 39,  0,  0,  0, 34,  0,  0,  0
6, 16111, 1,KC3VYA,     4.31, 3,   boost,   49.03,  88211.00, 1153.76,  739.29,  489.87, 46.9, 4.09, 4.01, 4.09,  64.31,  -1.58, -22.56, 543.14,   1.31,  38.61,   0.77,  -0.15,  -0.09,   5.69, 4.06, 4.08, 4.10, 0.00, 0.00, 1, 1, 10,  37.1685428, -97.7338943,  1010.0, 2026,  3, 21, 21, 19, 44,       24,      625, 173,  88,   2.2,   0.7,   2.1,  0,  0, 28,  0,  0, 33,  0,  0, 29,  0, 11, 18,  0,  0,  0,  0,  0,  0, 38, 29, 19,  0,  0,  0, 39,  0,  0,  0, 34,  0,  0,  0
6, 16111, 1,KC3VYA,     4.32, 3,   boost,   58.35,  88211.00, 1153.76,  739.29,  487.90, 46.9, 4.09, 4.01, 4.09,  65.66,  -1.90, -23.41, 537.89,  -5.04,  37.88,   0.77,  -0.15,  -0.09,   5.95, 4.06, 4.08, 4.10, 0.00, 0.00, 1, 1, 10,  37.1685428, -97.7338943,  1010.0, 2026,  3, 21, 21, 19, 44,       24,      625, 173,  88,   2.2,   0.7,   2.1,  0,  0, 28,  0,  0, 33,  0,  0, 29,  0, 11, 18,  0,  0,  0,  0,  0,  0, 38, 29, 19,  0,  0,  0, 39,  0,  0,  0, 34,  0,  0,  0
6, 16111, 1,KC3VYA,     4.33, 3,   boost,   55.90,  88094.00, 1164.66,  750.19,  485.88, 46.9, 4.09, 4.01, 4.09,  64.15,  -1.20, -22.79, 522.81, -13.52,  37.45,   0.77,  -0.14,  -0.12,   6.25, 4.06, 4.08, 4.10, 0.00, 0.00, 1, 1, 10,  37.1685428, -97.7338943,  1010.0, 2026,  3, 21, 21, 19, 44,       24,      625, 173,  88,   2.2,   0.7,   2.1,  0,  0, 28,  0,  0, 33,  0,  0, 29,  0, 11, 18,  0,  0,  0,  0,  0,  0, 38, 29, 19,  0,  0,  0, 39,  0,  0,  0, 34,  0,  0,  0
6, 16111, 1,KC3VYA,     4.34, 3,   boost,   53.94,  88094.00, 1164.66,  750.19,  483.82, 46.9, 4.09, 4.01, 4.09,  62.76,  -1.63, -23.82, 489.00,  -1.43,  38.49,   0.77,  -0.13,  -0.13,   6.45, 4.06, 4.08, 4.10, 0.00, 0.00, 1, 1, 10,  37.1685428, -97.7338943,  1010.0, 2026,  3, 21, 21, 19, 44,       24,      625, 173,  88,   2.2,   0.7,   2.1,  0,  0, 28,  0,  0, 33,  0,  0, 29,  0, 11, 18,  0,  0,  0,  0,  0,  0, 38, 29, 19,  0,  0,  0, 39,  0,  0,  0, 34,  0,  0,  0
6, 16111, 1,KC3VYA,     4.35, 3,   boost,   52.96,  87967.00, 1176.51,  762.04,  481.72, 46.9, 4.09, 4.01, 4.09,  62.55,  -1.24, -25.17, 497.85, -13.82,  38.79,   0.77,  -0.14,  -0.14,   6.74, 4.06, 4.08, 4.10, 0.00, 0.00, 1, 1, 10,  37.1685428, -97.7338943,  1010.0, 2026,  3, 21, 21, 19, 44,       24,      625, 173,  88,   2.2,   0.7,   2.1,  0,  0, 28,  0,  0, 33,  0,  0, 29,  0, 11, 18,  0,  0,  0,  0,  0,  0, 38, 29, 19,  0,  0,  0, 39,  0,  0,  0, 34,  0,  0,  0
6, 16111, 1,KC3VYA,     4.36, 3,   boost,   49.52,  87967.00, 1176.51,  762.04,  479.58, 46.9, 4.09, 4.01, 4.09,  62.13,  -0.98, -26.44, 491.56, -37.38,  36.78,   0.77,  -0.14,  -0.15,   7.23, 4.06, 4.08, 4.10, 0.00, 0.00, 1, 1, 10,  37.1685428, -97.7338943,  1010.0, 2026,  3, 21, 21, 19, 44,       24,      625, 173,  88,   2.2,   0.7,   2.1,  0,  0, 28,  0,  0, 33,  0,  0, 29,  0, 11, 18,  0,  0,  0,  0,  0,  0, 38, 29, 19,  0,  0,  0, 39,  0,  0,  0, 34,  0,  0,  0
6, 16111, 1,KC3VYA,     4.37, 3,   boost,   52.96,  87812.00, 1190.98,  776.52,  477.40, 46.9, 4.09, 4.01, 4.09,  61.57,  -0.85, -27.75, 484.30, -15.84,  36.66,   0.77,  -0.14,  -0.16,   7.51, 4.06, 4.08, 4.10, 0.00, 0.00, 1, 1, 10,  37.1685428, -97.7338943,  1010.0, 2026,  3, 21, 21, 19, 44,       24,      625, 173,  88,   2.2,   0.7,   2.1,  0,  0, 28,  0,  0, 33,  0,  0, 29,  0, 11, 18,  0,  0,  0,  0,  0,  0, 38, 29, 19,  0,  0,  0, 39,  0,  0,  0, 34,  0,  0,  0
6, 16111, 1,KC3VYA,     4.38, 3,   boost,   50.01,  87812.00, 1190.98,  776.52,  475.17, 46.9, 4.09, 4.01, 4.09,  61.07,  -0.88, -28.88, 479.36, -14.01,  36.23,   0.77,  -0.15,  -0.17,   7.75, 4.06, 4.08, 4.10, 0.00, 0.00, 1, 1, 10,  37.1685428, -97.7338943,  1010.0, 2026,  3, 21, 21, 19, 44,       24,      625, 173,  88,   2.2,   0.7,   2.1,  0,  0, 28,  0,  0, 33,  0,  0, 29,  0, 11, 18,  0,  0,  0,  0,  0,  0, 38, 29, 19,  0,  0,  0, 39,  0,  0,  0, 34,  0,  0,  0
6, 16111, 1,KC3VYA,     4.39, 3,   boost,   53.45,  87642.00, 1206.89,  792.42,  472.91, 46.9, 4.09, 4.01, 4.09,  60.46,  -0.57, -30.33, 441.88,   7.36,  40.26,   0.77,  -0.15,  -0.17,   7.78, 4.06, 4.08, 4.10, 0.00, 0.00, 1, 1, 10,  37.1685428, -97.7338943,  1010.0, 2026,  3, 21, 21, 19, 44,       24,      625, 173,  88,   2.2,   0.7,   2.1,  0,  0, 28,  0,  0, 33,  0,  0, 29,  0, 11, 18,  0,  0,  0,  0,  0,  0, 38, 29, 19,  0,  0,  0, 39,  0,  0,  0, 34,  0,  0,  0
6, 16111, 1,KC3VYA,     4.40, 3,   boost,   48.54,  87642.00, 1206.89,  792.42,  470.61, 46.9, 4.09, 4.01, 4.09,  59.72,  -0.04, -30.55, 433.40,  -2.72,  38.91,   0.77,  -0.15,  -0.17,   7.90, 4.06, 4.08, 4.10, 0.00, 0.00, 1, 1, 10,  37.1685428, -97.7338943,  1010.0, 2026,  3, 21, 21, 19, 44,       24,      625, 173,  88,   2.2,   0.7,   2.1,  0,  0, 28,  0,  0, 33,  0,  0, 29,  0, 11, 18,  0,  0,  0,  0,  0,  0, 38, 29, 19,  0,  0,  0, 39,  0,  0,  0, 34,  0,  0,  0
6, 16111, 1,KC3VYA,     4.41, 3,   boost,   46.09,  87504.00, 1219.81,  805.35,  468.28, 46.9, 4.09, 4.01, 4.09,  59.41,   0.21, -32.03, 398.36, -29.20,  38.06,   0.77,  -0.16,  -0.18,   8.27, 4.06, 4.08, 4.10, 0.00, 0.00, 1, 1, 10,  37.1685428, -97.7338943,  1010.0, 2026,  3, 21, 21, 19, 44,       24,      625, 173,  88,   2.2,   0.7,   2.1,  0,  0, 28,  0,  0, 33,  0,  0, 29,  0, 11, 18,  0,  0,  0,  0,  0,  0, 38, 29, 19,  0,  0,  0, 39,  0,  0,  0, 34,  0,  0,  0
6, 16111, 1,KC3VYA,     4.42, 3,   boost,   49.03,  87504.00, 1219.81,  805.35,  465.91, 46.9, 4.09, 4.01, 4.09,  59.29,  -0.11, -32.72, 400.74,  10.90,  38.85,   0.78,  -0.18,  -0.20,   8.23, 4.06, 4.08, 4.10, 0.00, 0.00, 1, 1, 10,  37.1685428, -97.7338943,  1010.0, 2026,  3, 21, 21, 19, 44,       24,      625, 173,  88,   2.2,   0.7,   2.1,  0,  0, 28,  0,  0, 33,  0,  0, 29,  0, 11, 18,  0,  0,  0,  0,  0,  0, 38, 29, 19,  0,  0,  0, 39,  0,  0,  0, 34,  0,  0,  0
6, 16111, 1,KC3VYA,     4.43, 3,   boost,   53.94,  87418.00, 1227.88,  813.41,  463.51, 46.9, 4.09, 4.01, 4.09,  58.47,  -0.06, -34.89, 403.37, -33.11,  36.53,   0.78,  -0.18,  -0.20,   8.61, 4.06, 4.08, 4.10, 0.00, 0.00, 1, 1, 10,  37.1685428, -97.7338943,  1010.0, 2026,  3, 21, 21, 19, 44,       24,      625, 173,  88,   2.2,   0.7,   2.1,  0,  0, 28,  0,  0, 33,  0,  0, 29,  0, 11, 18,  0,  0,  0,  0,  0,  0, 38, 29, 19,  0,  0,  0, 39,  0,  0,  0, 34,  0,  0,  0
6, 16111, 1,KC3VYA,     4.44, 3,   boost,   47.07,  87418.00, 1227.88,  813.41,  461.08, 46.9, 4.09, 4.01, 4.09,  58.27,  -0.90, -35.66, 388.84, -10.41,  37.33,   0.78,  -0.20,  -0.21,   8.76, 4.06, 4.08, 4.10, 0.00, 0.00, 1, 1, 10,  37.1685428, -97.7338943,  1010.0, 2026,  3, 21, 21, 19, 44,       24,      625, 173,  88,   2.2,   0.7,   2.1,  0,  0, 28,  0,  0, 33,  0,  0, 29,  0, 11, 18,  0,  0,  0,  0,  0,  0, 38, 29, 19,  0,  0,  0, 39,  0,  0,  0, 34,  0,  0,  0
6, 16111, 1,KC3VYA,     4.45, 3,   boost,   51.48,  87337.00, 1235.48,  821.01,  458.62, 46.9, 4.09, 4.01, 4.09,  57.89,  -0.15, -36.35, 350.94, -21.82,  36.41,   0.78,  -0.21,  -0.21,   9.01, 4.06, 4.08, 4.10, 0.00, 0.00, 1, 1, 10,  37.1685428, -97.7338943,  1010.0, 2026,  3, 21, 21, 19, 44,       24,      625, 173,  88,   2.2,   0.7,   2.1,  0,  0, 28,  0,  0, 33,  0,  0, 29,  0, 11, 18,  0,  0,  0,  0,  0,  0, 38, 29, 19,  0,  0,  0, 39,  0,  0,  0, 34,  0,  0,  0
6, 16111, 1,KC3VYA,     4.46, 3,   boost,   46.09,  87337.00, 1235.48,  821.01,  456.13, 46.9, 4.09, 4.01, 4.09,  56.76,  -0.02, -37.95, 351.18,  -8.88,  35.56,   0.78,  -0.22,  -0.22,   9.13, 4.06, 4.08, 4.10, 0.00, 0.00, 1, 1, 10,  37.1685428, -97.7338943,  1010.0, 2026,  3, 21, 21, 19, 44,       24,      625, 173,  88,   2.2,   0.7,   2.1,  0,  0, 28,  0,  0, 33,  0,  0, 29,  0, 11, 18,  0,  0,  0,  0,  0,  0, 38, 29, 19,  0,  0,  0, 39,  0,  0,  0, 34,  0,  0,  0
6, 16111, 1,KC3VYA,     4.47, 3,   boost,   48.54,  87198.00, 1248.54,  834.07,  453.61, 46.9, 4.09, 4.01, 4.09,  56.91,   0.34, -40.27, 346.18, -29.63,  35.43,   0.78,  -0.23,  -0.22,   9.44, 4.06, 4.08, 4.10, 0.00, 0.00, 1, 1, 10,  37.1685428, -97.7338943,  1010.0, 2026,  3, 21, 21, 19, 44,       24,      625, 173,  88,   2.2,   0.7,   2.1,  0,  0, 28,  0,  0, 33,  0,  0, 29,  0, 11, 18,  0,  0,  0,  0,  0,  0, 38, 29, 19,  0,  0,  0, 39,  0,  0,  0, 34,  0,  0,  0
6, 16111, 1,KC3VYA,     4.48, 3,   boost,   42.66,  87198.00, 1248.54,  834.07,  451.06, 46.9, 4.09, 4.01, 4.09,  56.10,   0.67, -42.05, 345.81,  -5.95,  35.74,   0.78,  -0.24,  -0.22,   9.51, 4.06, 4.08, 4.10, 0.00, 0.00, 1, 1, 10,  37.1685428, -97.7338943,  1010.0, 2026,  3, 21, 21, 19, 44,       24,      625, 173,  88,   2.2,   0.7,   2.1,  0,  0, 28,  0,  0, 33,  0,  0, 29,  0, 11, 18,  0,  0,  0,  0,  0,  0, 38, 29, 19,  0,  0,  0, 39,  0,  0,  0, 34,  0,  0,  0
6, 16111, 1,KC3VYA,     4.49, 3,   boost,   46.58,  86978.00, 1269.24,  854.77,  448.50, 46.9, 4.09, 4.01, 4.09,  55.55,   0.47, -44.47, 331.59, -46.84,  32.20,   0.78,  -0.26,  -0.22,   9.98, 4.06, 4.08, 4.10, 0.00, 0.00, 1, 1, 10,  37.1685428, -97.7338943,  1010.0, 2026,  3, 21, 21, 19, 44,       24,      625, 173,  88,   2.2,   0.7,   2.1,  0,  0, 28,  0,  0, 33,  0,  0, 29,  0, 11, 18,  0,  0,  0,  0,  0,  0, 38, 29, 19,  0,  0,  0, 39,  0,  0,  0, 34,  0,  0,  0
6, 16111, 1,KC3VYA,     4.50, 3,   boost,   35.30,  86978.00, 1269.24,  854.77,  445.90, 46.9, 4.10, 4.01, 4.09,  49.59,   2.69, -56.38, 311.27, -47.88,  30.00,   0.78,  -0.26,  -0.22,  10.45, 4.08, 4.08, 4.10, 0.00, 0.00, 1, 1, 10,  37.1685428, -97.7338943,  1010.0, 2026,  3, 21, 21, 19, 44,       24,      625, 173,  88,   2.2,   0.7,   2.1,  0,  0, 28,  0,  0, 33,  0,  0, 29,  0, 11, 18,  0,  0,  0,  0,  0,  0, 38, 29, 19,  0,  0,  0, 39,  0,  0,  0, 34,  0,  0,  0
6, 16111, 1,KC3VYA,     4.50, 3,   boost,   35.30,  86978.00, 1269.24,  854.77,  445.90, 46.9, 4.10, 4.01, 4.09,  49.59,   2.69, -56.38, 311.27, -47.88,  30.00,   0.78,  -0.26,  -0.22,  10.45, 4.08, 4.08, 4.10, 0.00, 0.00, 1, 1, 10,  37.1685428, -97.7338943,  1010.0, 2026,  3, 21, 21, 19, 44,       24,      625, 173,  88,   2.2,   0.7,   2.1,  0,  0, 28,  0,  0, 33,  0,  0, 29,  0, 11, 18,  0,  0,  0,  0,  0,  0, 38, 29, 19,  0,  0,  0, 39,  0,  0,  0, 34,  0,  0,  0
6, 16111, 1,KC3VYA,     4.51, 3,   boost,   40.70,  86709.00, 1294.61,  880.14,  443.29, 46.9, 4.10, 4.01, 4.09,  57.10,   0.80, -41.81, 315.36, -18.28,  33.30,   0.78,  -0.26,  -0.22,  10.61, 4.08, 4.08, 4.10, 0.00, 0.00, 1, 1, 10,  37.1685428, -97.7338943,  1010.0, 2026,  3, 21, 21, 19, 44,       24,      625, 173,  88,   2.2,   0.7,   2.1,  0,  0, 28,  0,  0, 33,  0,  0, 29,  0, 11, 18,  0,  0,  0,  0,  0,  0, 38, 29, 19,  0,  0,  0, 39,  0,  0,  0, 34,  0,  0,  0
6, 16111, 1,KC3VYA,     4.52, 3,   boost,   45.11,  86709.00, 1294.61,  880.14,  440.65, 46.9, 4.10, 4.01, 4.09,  54.17,   0.24, -52.51, 275.07, -34.21,  29.27,   0.78,  -0.28,  -0.22,  10.93, 4.08, 4.08, 4.10, 0.00, 0.00, 1, 1, 10,  37.1685428, -97.7338943,  1010.0, 2026,  3, 21, 21, 19, 44,       24,      625, 173,  88,   2.2,   0.7,   2.1,  0,  0, 28,  0,  0, 33,  0,  0, 29,  0, 11, 18,  0,  0,  0,  0,  0,  0, 38, 29, 19,  0,  0,  0, 39,  0,  0,  0, 34,  0,  0,  0
6, 16111, 1,KC3VYA,     4.53, 3,   boost,   41.68,  86491.00, 1315.22,  900.75,  437.99, 46.9, 4.10, 4.01, 4.09,  53.09,   2.31, -56.60, 255.78, -15.41,  30.00,   0.79,  -0.29,  -0.22,  11.06, 4.08, 4.08, 4.10, 0.00, 0.00, 1, 1, 10,  37.1685428, -97.7338943,  1010.0, 2026,  3, 21, 21, 19, 44,       24,      625, 173,  88,   2.2,   0.7,   2.1,  0,  0, 28,  0,  0, 33,  0,  0, 29,  0, 11, 18,  0,  0,  0,  0,  0,  0, 38, 29, 19,  0,  0,  0, 39,  0,  0,  0, 34,  0,  0,  0
6, 16111, 1,KC3VYA,     4.54, 3,   boost,   48.54,  86491.00, 1315.22,  900.75,  435.32, 46.9, 4.10, 4.01, 4.09,  52.50,   0.53, -58.91, 252.92, -53.99,  23.90,   0.79,  -0.29,  -0.22,  11.56, 4.08, 4.08, 4.10, 0.00, 0.00, 1, 1, 10,  37.1685428, -97.7338943,  1010.0, 2026,  3, 21, 21, 19, 44,       24,      625, 173,  88,   2.2,   0.7,   2.1,  0,  0, 28,  0,  0, 33,  0,  0, 29,  0, 11, 18,  0,  0,  0,  0,  0,  0, 38, 29, 19,  0,  0,  0, 39,  0,  0,  0, 34,  0,  0,  0
6, 16111, 1,KC3VYA,     4.55, 3,   boost,   42.17,  86387.00, 1325.06,  910.60,  432.62, 46.9, 4.10, 4.01, 4.09,  52.27,   1.41, -63.90, 247.12, -66.50,  21.40,   0.79,  -0.31,  -0.22,  12.20, 4.08, 4.08, 4.10, 0.00, 0.00, 1, 1, 10,  37.1685428, -97.7338943,  1010.0, 2026,  3, 21, 21, 19, 44,       24,      625, 173,  88,   2.2,   0.7,   2.1,  0,  0, 28,  0,  0, 33,  0,  0, 29,  0, 11, 18,  0,  0,  0,  0,  0,  0, 38, 29, 19,  0,  0,  0, 39,  0,  0,  0, 34,  0,  0,  0
6, 16111, 1,KC3VYA,     4.56, 3,   boost,   41.68,  86387.00, 1325.06,  910.60,  429.91, 46.9, 4.10, 4.01, 4.09,  51.73,   4.11, -68.25, 211.96, -50.08,  21.27,   0.79,  -0.31,  -0.22,  12.66, 4.08, 4.08, 4.10, 0.00, 0.00, 1, 1, 10,  37.1685428, -97.7338943,  1010.0, 2026,  3, 21, 21, 19, 44,       24,      625, 173,  88,   2.2,   0.7,   2.1,  0,  0, 28,  0,  0, 33,  0,  0, 29,  0, 11, 18,  0,  0,  0,  0,  0,  0, 38, 29, 19,  0,  0,  0, 39,  0,  0,  0, 34,  0,  0,  0
6, 16111, 1,KC3VYA,     4.57, 3,   boost,   47.07,  86278.00, 1335.39,  920.93,  427.19, 46.9, 4.10, 4.01, 4.09,  51.26,   6.76, -75.74, 194.57, -85.24,  14.26,   0.79,  -0.32,  -0.21,  13.48, 4.08, 4.08, 4.10, 0.00, 0.00, 1, 1, 10,  37.1685428, -97.7338943,  1010.0, 2026,  3, 21, 21, 19, 44,       24,      625, 173,  88,   2.2,   0.7,   2.1,  0,  0, 28,  0,  0, 33,  0,  0, 29,  0, 11, 18,  0,  0,  0,  0,  0,  0, 38, 29, 19,  0,  0,  0, 39,  0,  0,  0, 34,  0,  0,  0
6, 16111, 1,KC3VYA,     4.58, 3,   boost,   37.27,  86278.00, 1335.39,  920.93,  424.45, 46.9, 4.10, 4.01, 4.09,  51.01,  10.25, -82.04, 241.32, -81.45,  11.20,   0.79,  -0.33,  -0.20,  14.26, 4.08, 4.08, 4.10, 0.00, 0.00, 1, 1, 10,  37.1685428, -97.7338943,  1010.0, 2026,  3, 21, 21, 19, 44,       24,      625, 173,  88,   2.2,   0.7,   2.1,  0,  0, 28,  0,  0, 33,  0,  0, 29,  0, 11, 18,  0,  0,  0,  0,  0,  0, 38, 29, 19,  0,  0,  0, 39,  0,  0,  0, 34,  0,  0,  0
6, 16111, 1,KC3VYA,     4.59, 3,   boost,   39.23,  86077.00, 1354.47,  940.00,  421.69, 46.9, 4.10, 4.01, 4.09,  50.70,  12.32, -93.20, 255.05, -73.94,   8.82,   0.79,  -0.34,  -0.20,  14.96, 4.08, 4.08, 4.10, 0.00, 0.00, 1, 1, 10,  37.1685428, -97.7338943,  1010.0, 2026,  3, 21, 21, 19, 44,       24,      625, 173,  88,   2.2,   0.7,   2.1,  0,  0, 28,  0,  0, 33,  0,  0, 29,  0, 11, 18,  0,  0,  0,  0,  0,  0, 38, 29, 19,  0,  0,  0, 39,  0,  0,  0, 34,  0,  0,  0
6, 16111, 1,KC3VYA,     4.60, 3,   boost,   42.17,  86077.00, 1354.47,  940.00,  418.93, 46.9, 4.10, 4.01, 4.09,  49.92,  15.22,-104.43, 345.63,-119.54,  -2.22,   0.80,  -0.34,  -0.18,  16.13, 4.08, 4.08, 4.10, 0.00, 0.00, 1, 1, 10,  37.1685428, -97.7338943,  1010.0, 2026,  3, 21, 21, 19, 44,       24,      625, 173,  88,   2.2,   0.7,   2.1,  0,  0, 28,  0,  0, 33,  0,  0, 29,  0, 11, 18,  0,  0,  0,  0,  0,  0, 38, 29, 19,  0,  0,  0, 39,  0,  0,  0, 34,  0,  0,  0
6, 16111, 1,KC3VYA,     4.61, 3,   boost,   37.76,  85896.00, 1371.68,  957.21,  416.15, 46.9, 4.10, 4.01, 4.09,  49.44,  27.19,-122.32, 350.82,-142.85, -12.97,   0.80,  -0.34,  -0.17,  17.54, 4.08, 4.08, 4.10, 0.00, 0.00, 1, 1, 10,  37.1685428, -97.7338943,  1010.0, 2026,  3, 21, 21, 19, 44,       24,      625, 173,  88,   2.2,   0.7,   2.1,  0,  0, 28,  0,  0, 33,  0,  0, 29,  0, 11, 18,  0,  0,  0,  0,  0,  0, 38, 29, 19,  0,  0,  0, 39,  0,  0,  0, 34,  0,  0,  0
6, 16111, 1,KC3VYA,     4.62, 3,   boost,   78.45,  85896.00, 1371.68,  957.21,  413.36, 46.9, 4.10, 4.01, 4.09,  52.43,  74.39,-151.36, 412.58,-183.93, -26.27,   0.80,  -0.34,  -0.17,  19.37, 4.08, 4.08, 4.10, 0.00, 0.00, 1, 1, 10,  37.1685428, -97.7338943,  1010.0, 2026,  3, 21, 21, 19, 44,       24,      625, 173,  88,   2.2,   0.7,   2.1,  0,  0, 28,  0,  0, 33,  0,  0, 29,  0, 11, 18,  0,  0,  0,  0,  0,  0, 38, 29, 19,  0,  0,  0, 39,  0,  0,  0, 34,  0,  0,  0
6, 16111, 1,KC3VYA,     4.63, 3,   boost,  103.46,  85526.00, 1406.95,  992.48,  410.56, 46.9, 4.10, 4.01, 4.09,  74.79, 143.31, -77.67, 166.37,-213.04, -72.78,   0.79,  -0.34,  -0.14,  21.62, 4.08, 4.08, 4.10, 0.00, 0.00, 1, 1, 10,  37.1685428, -97.7338943,  1010.0, 2026,  3, 21, 21, 19, 44,       24,      625, 173,  88,   2.2,   0.7,   2.1,  0,  0, 28,  0,  0, 33,  0,  0, 29,  0, 11, 18,  0,  0,  0,  0,  0,  0, 38, 29, 19,  0,  0,  0, 39,  0,  0,  0, 34,  0,  0,  0
6, 16111, 1,KC3VYA,     4.64, 3,   boost,  166.71,  85526.00, 1406.95,  992.48,  407.76, 46.9, 4.10, 4.01, 4.09,  79.46,  81.77,-116.12,1589.53, -34.15, -22.49,   0.81,  -0.36,  -0.14,  22.02, 4.08, 4.08, 4.10, 0.00, 0.00, 1, 1, 10,  37.1685428, -97.7338943,  1010.0, 2026,  3, 21, 21, 19, 44,       24,      625, 173,  88,   2.2,   0.7,   2.1,  0,  0, 28,  0,  0, 33,  0,  0, 29,  0, 11, 18,  0,  0,  0,  0,  0,  0, 38, 29, 19,  0,  0,  0, 39,  0,  0,  0, 34,  0,  0,  0
6, 16111, 1,KC3VYA,     4.65, 3,   boost,   33.34,  84745.00, 1481.80, 1067.33,  404.94, 46.9, 4.10, 4.01, 4.09, 127.89, 180.40,-213.78,1663.32,  24.20, -33.11,   0.81,  -0.36,  -0.14,  22.05, 4.08, 4.08, 4.10, 0.00, 0.00, 1, 1, 10,  37.1685428, -97.7338943,  1010.0, 2026,  3, 21, 21, 19, 44,       24,      625, 173,  88,   2.2,   0.7,   2.1,  0,  0, 28,  0,  0, 33,  0,  0, 29,  0, 11, 18,  0,  0,  0,  0,  0,  0, 38, 29, 19,  0,  0,  0, 39,  0,  0,  0, 34,  0,  0,  0
6, 16111, 1,KC3VYA,     4.66, 3,   boost,   64.23,  84745.00, 1481.80, 1067.33,  402.12, 46.9, 4.10, 4.01, 4.09, 125.19,-235.39,-186.06, 143.18,-203.46,-239.65,   0.80,  -0.31,  -0.06,  25.17, 4.08, 4.08, 4.10, 0.00, 0.00, 1, 1, 10,  37.1685428, -97.7338943,  1010.0, 2026,  3, 21, 21, 19, 44,       24,      625, 173,  88,   2.2,   0.7,   2.1,  0,  0, 28,  0,  0, 33,  0,  0, 29,  0, 11, 18,  0,  0,  0,  0,  0,  0, 38, 29, 19,  0,  0,  0, 39,  0,  0,  0, 34,  0,  0,  0
6, 16111, 1,KC3VYA,     4.67, 3,   boost, -745.31,  79965.00, 1952.52, 1538.05,  399.30, 46.9, 4.10, 4.01, 4.09, -40.36,-235.39,-234.99, -91.20,-381.38,-390.53,   0.80,  -0.24,  -0.05,  30.52, 4.08, 4.08, 4.10, 0.00, 0.00, 1, 1, 10,  37.1685428, -97.7338943,  1010.0, 2026,  3, 21, 21, 19, 44,       24,      625, 173,  88,   2.2,   0.7,   2.1,  0,  0, 28,  0,  0, 33,  0,  0, 29,  0, 11, 18,  0,  0,  0,  0,  0,  0, 38, 29, 19,  0,  0,  0, 39,  0,  0,  0, 34,  0,  0,  0
6, 16111, 1,KC3VYA,     4.68, 3,   boost, -457.97,  79965.00, 1952.52, 1538.05,  396.47, 46.9, 4.10, 4.01, 4.09,-209.55, 171.50, -89.37,-332.04,-1080.84,-692.65,   0.80,  -0.24,  -0.05,  42.67, 4.08, 4.08, 4.10, 0.00, 0.00, 1, 1, 10,  37.1685428, -97.7338943,  1010.0, 2026,  3, 21, 21, 19, 44,       24,      625, 173,  88,   2.2,   0.7,   2.1,  0,  0, 28,  0,  0, 33,  0,  0, 29,  0, 11, 18,  0,  0,  0,  0,  0,  0, 38, 29, 19,  0,  0,  0, 39,  0,  0,  0, 34,  0,  0,  0
6, 16111, 1,KC3VYA,     4.69, 3,   boost, -140.73,  78206.00, 2131.48, 1717.01,  393.63, 46.9, 4.10, 4.01, 4.09,-235.45,-235.39,-234.99,-425.25,-1002.23,-1182.58,   0.65,  -0.04,   0.17,  58.07, 4.08, 4.08, 4.10, 0.00, 0.00, 1, 1, 10,  37.1685428, -97.7338943,  1010.0, 2026,  3, 21, 21, 19, 44,       24,      625, 173,  88,   2.2,   0.7,   2.1,  0,  0, 28,  0,  0, 33,  0,  0, 29,  0, 11, 18,  0,  0,  0,  0,  0,  0, 38, 29, 19,  0,  0,  0, 39,  0,  0,  0, 34,  0,  0,  0
6, 16111, 1,KC3VYA,     4.70, 3,   boost,   79.43,  78206.00, 2131.48, 1717.01,  390.80, 46.9, 4.10, 4.01, 4.09,-150.08, 235.07,-234.01,-1330.15,-1960.36,-1847.93,   0.41,   0.02,   0.17,  84.70, 4.08, 4.08, 4.10, 0.00, 0.00, 1, 1, 10,  37.1685428, -97.7338943,  1010.0, 2026,  3, 21, 21, 19, 44,       24,      625, 173,  88,   2.2,   0.7,   2.1,  0,  0, 28,  0,  0, 33,  0,  0, 29,  0, 11, 18,  0,  0,  0,  0,  0,  0, 38, 29, 19,  0,  0,  0, 39,  0,  0,  0, 34,  0,  0,  0
6, 16111, 1,KC3VYA,     4.71, 3,   boost,  149.06,  80358.00, 1912.97, 1498.50,  387.96, 46.9, 4.10, 4.01, 4.09, 163.25, 235.44,-234.99,-774.73,-1981.66,-1232.82,   0.28,   0.02,   0.14, 107.69, 4.08, 4.08, 4.10, 0.00, 0.00, 1, 1, 10,  37.1685428, -97.7338943,  1010.0, 2026,  3, 21, 21, 19, 44,       24,      625, 173,  88,   2.2,   0.7,   2.1,  0,  0, 28,  0,  0, 33,  0,  0, 29,  0, 11, 18,  0,  0,  0,  0,  0,  0, 38, 29, 19,  0,  0,  0, 39,  0,  0,  0, 34,  0,  0,  0
6, 16111, 1,KC3VYA,     4.72, 3,   boost,  320.19,  80358.00, 1912.97, 1498.50,  385.12, 46.9, 4.10, 4.01, 4.09, 174.54,-235.39,-234.99,-401.93,-1744.60,-639.74,   0.24,   0.00,   0.12, 126.12, 4.08, 4.08, 4.10, 0.00, 0.00, 1, 1, 10,  37.1685428, -97.7338943,  1010.0, 2026,  3, 21, 21, 19, 44,       24,      625, 173,  88,   2.2,   0.7,   2.1,  0,  0, 28,  0,  0, 33,  0,  0, 29,  0, 11, 18,  0,  0,  0,  0,  0,  0, 38, 29, 19,  0,  0,  0, 39,  0,  0,  0, 34,  0,  0,  0
6, 16111, 1,KC3VYA,     4.73, 3,   boost,  152.98,  80180.00, 1930.86, 1516.39,  382.28, 46.9, 4.10, 4.01, 4.09, 182.60, 186.74,-234.99,-198.56, -98.97,-269.68,   0.24,   0.00,   0.12, 127.46, 4.08, 4.08, 4.10, 0.00, 0.00, 1, 1, 10,  37.1685428, -97.7338943,  1010.0, 2026,  3, 21, 21, 19, 44,       24,      625, 173,  88,   2.2,   0.7,   2.1,  0,  0, 28,  0,  0, 33,  0,  0, 29,  0, 11, 18,  0,  0,  0,  0,  0,  0, 38, 29, 19,  0,  0,  0, 39,  0,  0,  0, 34,  0,  0,  0
6, 16111, 1,KC3VYA,     4.74, 4,    fast,  131.90,  80180.00, 1930.86, 1516.39,  382.28, 46.9, 4.10, 4.01, 4.09, 220.41, 232.13,-234.99,-123.61,1363.13, -19.68,   0.35,  -0.05,   0.19, 113.88, 4.08, 4.08, 4.10, 0.00, 0.00, 1, 1, 10,  37.1685428, -97.7338943,  1010.0, 2026,  3, 21, 21, 19, 44,       24,      625, 173,  88,   2.2,   0.7,   2.1,  0,  0, 28,  0,  0, 33,  0,  0, 29,  0, 11, 18,  0,  0,  0,  0,  0,  0, 38, 29, 19,  0,  0,  0, 39,  0,  0,  0, 34,  0,  0,  0
6, 16111, 1,KC3VYA,     4.74, 4,    fast,  131.90,  80180.00, 1930.86, 1516.39,  382.28, 46.9, 4.10, 4.01, 4.09, 220.41, 232.13,-234.99,-123.61,1363.13, -19.68,   0.35,  -0.05,   0.19, 113.88, 4.08, 4.08, 4.10, 0.00, 0.00, 1, 1, 10,  37.1685428, -97.7338943,  1010.0, 2026,  3, 21, 21, 19, 44,       24,      625, 173,  88,   2.2,   0.7,   2.1,  0,  0, 28,  0,  0, 33,  0,  0, 29,  0, 11, 18,  0,  0,  0,  0,  0,  0, 38, 29, 19,  0,  0,  0, 39,  0,  0,  0, 34,  0,  0,  0
