Year,Month,Day,Time,Flight_Time_(s),Sync,Temperature_(F),Baro_Press_(atm),Baro_Altitude_ASL_(feet),Baro_Altitude_AGL_(feet),Batt_Volts,Apo_Volts,Main_Volts,3rd_Volts,4th_Volts,Velocity_Up,Velocity_DR,Velocity_CR,Inertial_Altitude,Inertial_DR_Position,Inertial_CR_position,Tilt_Angle_(deg),Future_Angle_(deg),Roll_Angle_(deg),Reserved_1,Reserved_2,Reserved_3,Rocket_FER_Hex,Apo_FER_H  ex,Main_FER_Hex,3rd_FER_Hex,4th_FER_Hex,Liftoff,Apogee,Press_Increasing,Burnout_Coast,Apo_fired,Main_fired,3rd_fired,4th_fired,Normal_Ascent,Accel_Vel_LE_0,ECI_Vvel_le_0,Tilt Exceeded 90deg,Reserved,LT_AGL1,GT_AGL2,LT_FANG1,GT_FANG2,GT_FUTANG,LT_TVAL1,GT_TVAL2,LT_VEL1,GT_VEL2,LT_BVEL1,GT_BURN,Armed,Reserved,Reserved,LT_AGL1,GT_AGL2,LT_FANG1,GT_FANG2,GT_FUTANG,LT_TVAL1,GT_TVAL2,LT_VEL1,GT_VEL2,LT_BVEL1,GT_BURN,Armed,Reserved,Reserved,LT_AGL1,GT_AGL2,LT_FANG1,GT_FANG2,GT_FUTANG,LT_TVAL1,GT_TVAL2,LT_VEL1,GT_VEL2,LT_BVEL1,GT_BURN,Armed,Reserved,Reserved,LT_AGL1,GT_AGL2,LT_FANG1,GT_FANG2,GT_FUTANG,LT_TVAL1,GT_TVAL2,LT_VEL1,GT_VEL2,LT_BVEL1,GT_BURN,Armed,Reserved,Reserved
2024,11,5,17:41:02.026,-1.98,55,121.0,0.9511,1380.2,-3.2,7.924,0.02,0.02,0.02,0.02,0.0,0.0,0.0,0.0,0,0,0.0,0.0,0.0,0,0,0,200,8c9,8c9,8c9,8c9,0,0,0,0,0,0,0,0,0,1,0,0,0,1,0,0,1,0,0,1,1,0,0,0,1,0,0,1,0,0,1,0,0,1,1,0,0,0,1,0,0,1,0,0,1,0,0,1,1,0,0,0,1,0,0,1,0,0,1,0,0,1,1,0,0,0,1,0,0
2024,11,5,17:41:02.046,-1.96,75,121.0,0.9510,1383.1,-0.3,7.924,0.02,0.02,0.02,0.02,0.0,0.0,0.0,0.0,0,0,0.0,0.0,0.0,0,0,0,200,8c9,8c9,8c9,8c9,0,0,0,0,0,0,0,0,0,1,0,0,0,1,0,0,1,0,0,1,1,0,0,0,1,0,0,1,0,0,1,0,0,1,1,0,0,0,1,0,0,1,0,0,1,0,0,1,1,0,0,0,1,0,0,1,0,0,1,0,0,1,1,0,0,0,1,0,0
2024,11,5,17:41:02.066,-1.94,95,121.0,0.9510,1383.7,0.3,7.925,0.02,0.02,0.02,0.02,0.0,0.0,0.0,0.0,0,0,0.0,0.0,0.0,0,0,0,200,8c9,8c9,8c9,8c9,0,0,0,0,0,0,0,0,0,1,0,0,0,1,0,0,1,0,0,1,1,0,0,0,1,0,0,1,0,0,1,0,0,1,1,0,0,0,1,0,0,1,0,0,1,0,0,1,1,0,0,0,1,0,0,1,0,0,1,0,0,1,1,0,0,0,1,0,0
2024,11,5,17:41:02.086,-1.92,115,121.0,0.9510,1384.8,1.4,7.924,0.02,0.02,0.02,0.02,0.0,0.0,0.0,0.0,0,0,0.0,0.0,0.0,0,0,0,200,8c9,8c9,8c9,8c9,0,0,0,0,0,0,0,0,0,1,0,0,0,1,0,0,1,0,0,1,1,0,0,0,1,0,0,1,0,0,1,0,0,1,1,0,0,0,1,0,0,1,0,0,1,0,0,1,1,0,0,0,1,0,0,1,0,0,1,0,0,1,1,0,0,0,1,0,0
2024,11,5,17:41:02.106,-1.90,135,121.0,0.9510,1384.8,1.4,7.924,0.02,0.02,0.02,0.02,0.0,0.0,0.0,0.0,0,0,0.0,0.0,0.0,0,0,0,200,8c9,8c9,8c9,8c9,0,0,0,0,0,0,0,0,0,1,0,0,0,1,0,0,1,0,0,1,1,0,0,0,1,0,0,1,0,0,1,0,0,1,1,0,0,0,1,0,0,1,0,0,1,0,0,1,1,0,0,0,1,0,0,1,0,0,1,0,0,1,1,0,0,0,1,0,0
2024,11,5,17:41:02.126,-1.88,155,121.0,0.9510,1384.8,1.4,7.924,0.02,0.02,0.02,0.02,0.0,0.0,0.0,0.0,0,0,0.0,0.0,0.0,0,0,0,200,8c9,8c9,8c9,8c9,0,0,0,0,0,0,0,0,0,1,0,0,0,1,0,0,1,0,0,1,1,0,0,0,1,0,0,1,0,0,1,0,0,1,1,0,0,0,1,0,0,1,0,0,1,0,0,1,1,0,0,0,1,0,0,1,0,0,1,0,0,1,1,0,0,0,1,0,0
2024,11,5,17:41:02.146,-1.86,175,121.0,0.9510,1384.8,1.4,7.925,0.02,0.02,0.02,0.02,0.0,0.0,0.0,0.0,0,0,0.0,0.0,0.0,0,0,0,200,8c9,8c9,8c9,8c9,0,0,0,0,0,0,0,0,0,1,0,0,0,1,0,0,1,0,0,1,1,0,0,0,1,0,0,1,0,0,1,0,0,1,1,0,0,0,1,0,0,1,0,0,1,0,0,1,1,0,0,0,1,0,0,1,0,0,1,0,0,1,1,0,0,0,1,0,0
2024,11,5,17:41:02.166,-1.84,195,121.0,0.9510,1384.8,1.4,7.924,0.02,0.02,0.02,0.02,0.0,0.0,0.0,0.0,0,0,0.0,0.0,0.0,0,0,0,200,8c9,8c9,8c9,8c9,0,0,0,0,0,0,0,0,0,1,0,0,0,1,0,0,1,0,0,1,1,0,0,0,1,0,0,1,0,0,1,0,0,1,1,0,0,0,1,0,0,1,0,0,1,0,0,1,1,0,0,0,1,0,0,1,0,0,1,0,0,1,1,0,0,0,1,0,0
2024,11,5,17:41:02.186,-1.82,215,121.0,0.9510,1384.8,1.4,7.923,0.02,0.02,0.02,0.02,0.0,0.0,0.0,0.0,0,0,0.0,0.0,0.0,0,0,0,200,8c9,8c9,8c9,8c9,0,0,0,0,0,0,0,0,0,1,0,0,0,1,0,0,1,0,0,1,1,0,0,0,1,0,0,1,0,0,1,0,0,1,1,0,0,0,1,0,0,1,0,0,1,0,0,1,1,0,0,0,1,0,0,1,0,0,1,0,0,1,1,0,0,0,1,0,0
2024,11,5,17:41:02.206,-1.80,235,121.0,0.9511,1381.3,-2.0,7.922,0.02,0.02,0.02,0.02,0.0,0.0,0.0,0.0,0,0,0.0,0.0,0.0,0,0,0,200,8c9,8c9,8c9,8c9,0,0,0,0,0,0,0,0,0,1,0,0,0,1,0,0,1,0,0,1,1,0,0,0,1,0,0,1,0,0,1,0,0,1,1,0,0,0,1,0,0,1,0,0,1,0,0,1,1,0,0,0,1,0,0,1,0,0,1,0,0,1,1,0,0,0,1,0,0
2024,11,5,17:41:02.226,-1.78,5,121.0,0.9511,1381.3,-2.0,7.924,0.02,0.02,0.02,0.02,0.0,0.0,0.0,0.0,0,0,0.0,0.0,0.0,0,0,0,200,8c9,8c9,8c9,8c9,0,0,0,0,0,0,0,0,0,1,0,0,0,1,0,0,1,0,0,1,1,0,0,0,1,0,0,1,0,0,1,0,0,1,1,0,0,0,1,0,0,1,0,0,1,0,0,1,1,0,0,0,1,0,0,1,0,0,1,0,0,1,1,0,0,0,1,0,0
2024,11,5,17:41:02.246,-1.76,25,121.0,0.9510,1384.8,1.4,7.924,0.02,0.02,0.02,0.02,0.0,0.0,0.0,0.0,0,0,0.0,0.0,0.0,0,0,0,200,8c9,8c9,8c9,8c9,0,0,0,0,0,0,0,0,0,1,0,0,0,1,0,0,1,0,0,1,1,0,0,0,1,0,0,1,0,0,1,0,0,1,1,0,0,0,1,0,0,1,0,0,1,0,0,1,1,0,0,0,1,0,0,1,0,0,1,0,0,1,1,0,0,0,1,0,0
2024,11,5,17:41:02.266,-1.74,45,121.0,0.9510,1384.8,1.4,7.924,0.02,0.02,0.02,0.02,0.0,0.0,0.0,0.0,0,0,0.0,0.0,0.0,0,0,0,200,8c9,8c9,8c9,8c9,0,0,0,0,0,0,0,0,0,1,0,0,0,1,0,0,1,0,0,1,1,0,0,0,1,0,0,1,0,0,1,0,0,1,1,0,0,0,1,0,0,1,0,0,1,0,0,1,1,0,0,0,1,0,0,1,0,0,1,0,0,1,1,0,0,0,1,0,0
2024,11,5,17:41:02.286,-1.72,65,121.0,0.9511,1381.3,-2.0,7.924,0.02,0.02,0.02,0.02,0.0,0.0,0.0,0.0,0,0,0.0,0.0,0.0,0,0,0,200,8c9,8c9,8c9,8c9,0,0,0,0,0,0,0,0,0,1,0,0,0,1,0,0,1,0,0,1,1,0,0,0,1,0,0,1,0,0,1,0,0,1,1,0,0,0,1,0,0,1,0,0,1,0,0,1,1,0,0,0,1,0,0,1,0,0,1,0,0,1,1,0,0,0,1,0,0
2024,11,5,17:41:02.306,-1.70,85,121.0,0.9511,1381.3,-2.0,7.925,0.02,0.02,0.02,0.02,0.0,0.0,0.0,0.0,0,0,0.0,0.0,0.0,0,0,0,200,8c9,8c9,8c9,8c9,0,0,0,0,0,0,0,0,0,1,0,0,0,1,0,0,1,0,0,1,1,0,0,0,1,0,0,1,0,0,1,0,0,1,1,0,0,0,1,0,0,1,0,0,1,0,0,1,1,0,0,0,1,0,0,1,0,0,1,0,0,1,1,0,0,0,1,0,0
2024,11,5,17:41:02.326,-1.68,105,121.0,0.9511,1380.2,-3.2,7.922,0.02,0.02,0.02,0.02,0.0,0.0,0.0,0.0,0,0,0.0,0.0,0.0,0,0,0,200,8c9,8c9,8c9,8c9,0,0,0,0,0,0,0,0,0,1,0,0,0,1,0,0,1,0,0,1,1,0,0,0,1,0,0,1,0,0,1,0,0,1,1,0,0,0,1,0,0,1,0,0,1,0,0,1,1,0,0,0,1,0,0,1,0,0,1,0,0,1,1,0,0,0,1,0,0
2024,11,5,17:41:02.346,-1.66,125,121.0,0.9511,1380.2,-3.2,7.923,0.02,0.02,0.02,0.02,0.0,0.0,0.0,0.0,0,0,0.0,0.0,0.0,0,0,0,200,8c9,8c9,8c9,8c9,0,0,0,0,0,0,0,0,0,1,0,0,0,1,0,0,1,0,0,1,1,0,0,0,1,0,0,1,0,0,1,0,0,1,1,0,0,0,1,0,0,1,0,0,1,0,0,1,1,0,0,0,1,0,0,1,0,0,1,0,0,1,1,0,0,0,1,0,0
2024,11,5,17:41:02.366,-1.64,145,121.0,0.9510,1384.8,1.4,7.924,0.02,0.02,0.02,0.02,0.0,0.0,0.0,0.0,0,0,0.0,0.0,0.0,0,0,0,200,8c9,8c9,8c9,8c9,0,0,0,0,0,0,0,0,0,1,0,0,0,1,0,0,1,0,0,1,1,0,0,0,1,0,0,1,0,0,1,0,0,1,1,0,0,0,1,0,0,1,0,0,1,0,0,1,1,0,0,0,1,0,0,1,0,0,1,0,0,1,1,0,0,0,1,0,0
2024,11,5,17:41:02.386,-1.62,165,121.0,0.9510,1384.8,1.4,7.925,0.02,0.02,0.02,0.02,0.0,0.0,0.0,0.0,0,0,0.0,0.0,0.0,0,0,0,200,8c9,8c9,8c9,8c9,0,0,0,0,0,0,0,0,0,1,0,0,0,1,0,0,1,0,0,1,1,0,0,0,1,0,0,1,0,0,1,0,0,1,1,0,0,0,1,0,0,1,0,0,1,0,0,1,1,0,0,0,1,0,0,1,0,0,1,0,0,1,1,0,0,0,1,0,0
2024,11,5,17:41:02.406,-1.60,185,121.0,0.9509,1386.5,3.1,7.925,0.02,0.02,0.02,0.02,0.0,0.0,0.0,0.0,0,0,0.0,0.0,0.0,0,0,0,200,8c9,8c9,8c9,8c9,0,0,0,0,0,0,0,0,0,1,0,0,0,1,0,0,1,0,0,1,1,0,0,0,1,0,0,1,0,0,1,0,0,1,1,0,0,0,1,0,0,1,0,0,1,0,0,1,1,0,0,0,1,0,0,1,0,0,1,0,0,1,1,0,0,0,1,0,0
2024,11,5,17:41:02.426,-1.58,205,121.0,0.9509,1386.0,2.6,7.925,0.02,0.02,0.02,0.02,0.0,0.0,0.0,0.0,0,0,0.0,0.0,0.0,0,0,0,200,8c5,8c5,8c5,8c5,0,0,0,0,0,0,0,0,0,1,0,0,0,1,0,1,0,0,0,1,1,0,0,0,1,0,0,1,0,1,0,0,0,1,1,0,0,0,1,0,0,1,0,1,0,0,0,1,1,0,0,0,1,0,0,1,0,1,0,0,0,1,1,0,0,0,1,0,0
2024,11,5,17:41:02.446,-1.56,225,121.0,0.9511,1381.3,-2.0,7.923,0.02,0.02,0.02,0.02,0.0,0.0,0.0,0.0,0,0,0.0,0.0,0.0,0,0,0,200,8c9,8c9,8c9,8c9,0,0,0,0,0,0,0,0,0,1,0,0,0,1,0,0,1,0,0,1,1,0,0,0,1,0,0,1,0,0,1,0,0,1,1,0,0,0,1,0,0,1,0,0,1,0,0,1,1,0,0,0,1,0,0,1,0,0,1,0,0,1,1,0,0,0,1,0,0
2024,11,5,17:41:02.466,-1.54,245,121.0,0.9511,1381.3,-2.0,7.924,0.02,0.02,0.02,0.02,0.0,0.0,0.0,0.0,0,0,0.0,0.0,0.0,0,0,0,200,8c9,8c9,8c9,8c9,0,0,0,0,0,0,0,0,0,1,0,0,0,1,0,0,1,0,0,1,1,0,0,0,1,0,0,1,0,0,1,0,0,1,1,0,0,0,1,0,0,1,0,0,1,0,0,1,1,0,0,0,1,0,0,1,0,0,1,0,0,1,1,0,0,0,1,0,0
2024,11,5,17:41:02.486,-1.52,15,121.0,0.9510,1384.8,1.4,7.924,0.02,0.02,0.02,0.02,0.0,0.0,0.0,0.0,0,0,0.0,0.0,0.0,0,0,0,200,8c9,8c9,8c9,8c9,0,0,0,0,0,0,0,0,0,1,0,0,0,1,0,0,1,0,0,1,1,0,0,0,1,0,0,1,0,0,1,0,0,1,1,0,0,0,1,0,0,1,0,0,1,0,0,1,1,0,0,0,1,0,0,1,0,0,1,0,0,1,1,0,0,0,1,0,0
2024,11,5,17:41:02.506,-1.50,35,121.0,0.9510,1384.8,1.4,7.924,0.02,0.02,0.02,0.02,0.0,0.0,0.0,0.0,0,0,0.0,0.0,0.0,0,0,0,200,8c9,8c9,8c9,8c9,0,0,0,0,0,0,0,0,0,1,0,0,0,1,0,0,1,0,0,1,1,0,0,0,1,0,0,1,0,0,1,0,0,1,1,0,0,0,1,0,0,1,0,0,1,0,0,1,1,0,0,0,1,0,0,1,0,0,1,0,0,1,1,0,0,0,1,0,0
2024,11,5,17:41:02.526,-1.48,55,121.0,0.9510,1383.1,-0.3,7.924,0.02,0.02,0.02,0.02,0.0,0.0,0.0,0.0,0,0,0.0,0.0,0.0,0,0,0,200,8c9,8c9,8c9,8c9,0,0,0,0,0,0,0,0,0,1,0,0,0,1,0,0,1,0,0,1,1,0,0,0,1,0,0,1,0,0,1,0,0,1,1,0,0,0,1,0,0,1,0,0,1,0,0,1,1,0,0,0,1,0,0,1,0,0,1,0,0,1,1,0,0,0,1,0,0
2024,11,5,17:41:02.546,-1.46,75,121.0,0.9510,1383.1,-0.3,7.924,0.02,0.02,0.02,0.02,0.0,0.0,0.0,0.0,0,0,0.0,0.0,0.0,0,0,0,200,8c9,8c9,8c9,8c9,0,0,0,0,0,0,0,0,0,1,0,0,0,1,0,0,1,0,0,1,1,0,0,0,1,0,0,1,0,0,1,0,0,1,1,0,0,0,1,0,0,1,0,0,1,0,0,1,1,0,0,0,1,0,0,1,0,0,1,0,0,1,1,0,0,0,1,0,0
2024,11,5,17:41:02.566,-1.44,95,121.0,0.9511,1381.9,-1.5,7.924,0.02,0.02,0.02,0.02,0.0,0.0,0.0,0.0,0,0,0.0,0.0,0.0,0,0,0,200,8c9,8c9,8c9,8c9,0,0,0,0,0,0,0,0,0,1,0,0,0,1,0,0,1,0,0,1,1,0,0,0,1,0,0,1,0,0,1,0,0,1,1,0,0,0,1,0,0,1,0,0,1,0,0,1,1,0,0,0,1,0,0,1,0,0,1,0,0,1,1,0,0,0,1,0,0
2024,11,5,17:41:02.586,-1.42,115,121.0,0.9511,1381.3,-2.0,7.922,0.02,0.02,0.02,0.02,0.0,0.0,0.0,0.0,0,0,0.0,0.0,0.0,0,0,0,200,8c9,8c9,8c9,8c9,0,0,0,0,0,0,0,0,0,1,0,0,0,1,0,0,1,0,0,1,1,0,0,0,1,0,0,1,0,0,1,0,0,1,1,0,0,0,1,0,0,1,0,0,1,0,0,1,1,0,0,0,1,0,0,1,0,0,1,0,0,1,1,0,0,0,1,0,0
2024,11,5,17:41:02.606,-1.40,135,121.0,0.9511,1380.2,-3.2,7.924,0.02,0.02,0.02,0.02,0.0,0.0,0.0,0.0,0,0,0.0,0.0,0.0,0,0,0,200,8c9,8c9,8c9,8c9,0,0,0,0,0,0,0,0,0,1,0,0,0,1,0,0,1,0,0,1,1,0,0,0,1,0,0,1,0,0,1,0,0,1,1,0,0,0,1,0,0,1,0,0,1,0,0,1,1,0,0,0,1,0,0,1,0,0,1,0,0,1,1,0,0,0,1,0,0
2024,11,5,17:41:02.626,-1.38,155,121.0,0.9511,1380.2,-3.2,7.925,0.02,0.02,0.02,0.02,0.0,0.0,0.0,0.0,0,0,0.0,0.0,0.0,0,0,0,200,8c9,8c9,8c9,8c9,0,0,0,0,0,0,0,0,0,1,0,0,0,1,0,0,1,0,0,1,1,0,0,0,1,0,0,1,0,0,1,0,0,1,1,0,0,0,1,0,0,1,0,0,1,0,0,1,1,0,0,0,1,0,0,1,0,0,1,0,0,1,1,0,0,0,1,0,0
2024,11,5,17:41:02.646,-1.36,175,121.0,0.9511,1381.9,-1.5,7.924,0.02,0.02,0.02,0.02,0.0,0.0,0.0,0.0,0,0,0.0,0.0,0.0,0,0,0,200,8c9,8c9,8c9,8c9,0,0,0,0,0,0,0,0,0,1,0,0,0,1,0,0,1,0,0,1,1,0,0,0,1,0,0,1,0,0,1,0,0,1,1,0,0,0,1,0,0,1,0,0,1,0,0,1,1,0,0,0,1,0,0,1,0,0,1,0,0,1,1,0,0,0,1,0,0
2024,11,5,17:41:02.666,-1.34,195,121.0,0.9511,1381.9,-1.5,7.925,0.02,0.02,0.02,0.02,0.0,0.0,0.0,0.0,0,0,0.0,0.0,0.0,0,0,0,200,8c9,8c9,8c9,8c9,0,0,0,0,0,0,0,0,0,1,0,0,0,1,0,0,1,0,0,1,1,0,0,0,1,0,0,1,0,0,1,0,0,1,1,0,0,0,1,0,0,1,0,0,1,0,0,1,1,0,0,0,1,0,0,1,0,0,1,0,0,1,1,0,0,0,1,0,0
2024,11,5,17:41:02.686,-1.32,215,121.0,0.9510,1383.1,-0.3,7.924,0.02,0.02,0.02,0.02,0.0,0.0,0.0,0.0,0,0,0.0,0.0,0.0,0,0,0,200,8c9,8c9,8c9,8c9,0,0,0,0,0,0,0,0,0,1,0,0,0,1,0,0,1,0,0,1,1,0,0,0,1,0,0,1,0,0,1,0,0,1,1,0,0,0,1,0,0,1,0,0,1,0,0,1,1,0,0,0,1,0,0,1,0,0,1,0,0,1,1,0,0,0,1,0,0
2024,11,5,17:41:02.706,-1.30,235,121.0,0.9510,1383.1,-0.3,7.924,0.02,0.02,0.02,0.02,0.0,0.0,0.0,0.0,0,0,0.0,0.0,0.0,0,0,0,200,8c9,8c9,8c9,8c9,0,0,0,0,0,0,0,0,0,1,0,0,0,1,0,0,1,0,0,1,1,0,0,0,1,0,0,1,0,0,1,0,0,1,1,0,0,0,1,0,0,1,0,0,1,0,0,1,1,0,0,0,1,0,0,1,0,0,1,0,0,1,1,0,0,0,1,0,0
2024,11,5,17:41:02.726,-1.28,5,121.0,0.9510,1384.8,1.4,7.924,0.02,0.02,0.02,0.02,0.0,0.0,0.0,0.0,0,0,0.0,0.0,0.0,0,0,0,200,8c9,8c9,8c9,8c9,0,0,0,0,0,0,0,0,0,1,0,0,0,1,0,0,1,0,0,1,1,0,0,0,1,0,0,1,0,0,1,0,0,1,1,0,0,0,1,0,0,1,0,0,1,0,0,1,1,0,0,0,1,0,0,1,0,0,1,0,0,1,1,0,0,0,1,0,0
2024,11,5,17:41:02.746,-1.26,25,121.0,0.9510,1384.8,1.4,7.921,0.02,0.02,0.02,0.02,0.0,0.0,0.0,0.0,0,0,0.0,0.0,0.0,0,0,0,200,8c9,8c9,8c9,8c9,0,0,0,0,0,0,0,0,0,1,0,0,0,1,0,0,1,0,0,1,1,0,0,0,1,0,0,1,0,0,1,0,0,1,1,0,0,0,1,0,0,1,0,0,1,0,0,1,1,0,0,0,1,0,0,1,0,0,1,0,0,1,1,0,0,0,1,0,0
2024,11,5,17:41:02.766,-1.24,45,121.0,0.9509,1386.5,3.1,7.925,0.02,0.02,0.02,0.02,0.0,0.0,0.0,0.0,0,0,0.0,0.0,0.0,0,0,0,200,8c9,8c9,8c9,8c9,0,0,0,0,0,0,0,0,0,1,0,0,0,1,0,0,1,0,0,1,1,0,0,0,1,0,0,1,0,0,1,0,0,1,1,0,0,0,1,0,0,1,0,0,1,0,0,1,1,0,0,0,1,0,0,1,0,0,1,0,0,1,1,0,0,0,1,0,0
2024,11,5,17:41:02.786,-1.22,65,121.0,0.9509,1386.0,2.6,7.924,0.02,0.02,0.02,0.02,0.0,0.0,0.0,0.0,0,0,0.0,0.0,0.0,0,0,0,200,8c9,8c9,8c9,8c9,0,0,0,0,0,0,0,0,0,1,0,0,0,1,0,0,1,0,0,1,1,0,0,0,1,0,0,1,0,0,1,0,0,1,1,0,0,0,1,0,0,1,0,0,1,0,0,1,1,0,0,0,1,0,0,1,0,0,1,0,0,1,1,0,0,0,1,0,0
2024,11,5,17:41:02.806,-1.20,85,121.0,0.9509,1387.7,4.3,7.924,0.02,0.02,0.02,0.02,0.0,0.0,0.0,0.0,0,0,0.0,0.0,0.0,0,0,0,200,8c9,8c9,8c9,8c9,0,0,0,0,0,0,0,0,0,1,0,0,0,1,0,0,1,0,0,1,1,0,0,0,1,0,0,1,0,0,1,0,0,1,1,0,0,0,1,0,0,1,0,0,1,0,0,1,1,0,0,0,1,0,0,1,0,0,1,0,0,1,1,0,0,0,1,0,0
2024,11,5,17:41:02.826,-1.18,105,121.0,0.9509,1387.7,4.3,7.924,0.02,0.02,0.02,0.02,0.0,0.0,0.0,0.0,0,0,0.0,0.0,0.0,0,0,0,200,8c9,8c9,8c9,8c9,0,0,0,0,0,0,0,0,0,1,0,0,0,1,0,0,1,0,0,1,1,0,0,0,1,0,0,1,0,0,1,0,0,1,1,0,0,0,1,0,0,1,0,0,1,0,0,1,1,0,0,0,1,0,0,1,0,0,1,0,0,1,1,0,0,0,1,0,0
2024,11,5,17:41:02.846,-1.16,125,121.0,0.9511,1381.3,-2.0,7.924,0.02,0.02,0.02,0.02,0.0,0.0,0.0,0.0,0,0,0.0,0.0,0.0,0,0,0,200,8c9,8c9,8c9,8c9,0,0,0,0,0,0,0,0,0,1,0,0,0,1,0,0,1,0,0,1,1,0,0,0,1,0,0,1,0,0,1,0,0,1,1,0,0,0,1,0,0,1,0,0,1,0,0,1,1,0,0,0,1,0,0,1,0,0,1,0,0,1,1,0,0,0,1,0,0
2024,11,5,17:41:02.866,-1.14,145,121.0,0.9511,1381.9,-1.5,7.925,0.02,0.02,0.02,0.02,0.0,0.0,0.0,0.0,0,0,0.0,0.0,0.0,0,0,0,200,8c9,8c9,8c9,8c9,0,0,0,0,0,0,0,0,0,1,0,0,0,1,0,0,1,0,0,1,1,0,0,0,1,0,0,1,0,0,1,0,0,1,1,0,0,0,1,0,0,1,0,0,1,0,0,1,1,0,0,0,1,0,0,1,0,0,1,0,0,1,1,0,0,0,1,0,0
2024,11,5,17:41:02.886,-1.12,165,121.0,0.9510,1383.7,0.3,7.924,0.02,0.02,0.02,0.02,0.0,0.0,0.0,0.0,0,0,0.0,0.0,0.0,0,0,0,200,8c9,8c9,8c9,8c9,0,0,0,0,0,0,0,0,0,1,0,0,0,1,0,0,1,0,0,1,1,0,0,0,1,0,0,1,0,0,1,0,0,1,1,0,0,0,1,0,0,1,0,0,1,0,0,1,1,0,0,0,1,0,0,1,0,0,1,0,0,1,1,0,0,0,1,0,0
2024,11,5,17:41:02.906,-1.10,185,121.0,0.9510,1383.1,-0.3,7.925,0.02,0.02,0.02,0.02,0.0,0.0,0.0,0.0,0,0,0.0,0.0,0.0,0,0,0,200,8c9,8c9,8c9,8c9,0,0,0,0,0,0,0,0,0,1,0,0,0,1,0,0,1,0,0,1,1,0,0,0,1,0,0,1,0,0,1,0,0,1,1,0,0,0,1,0,0,1,0,0,1,0,0,1,1,0,0,0,1,0,0,1,0,0,1,0,0,1,1,0,0,0,1,0,0
2024,11,5,17:41:02.926,-1.08,205,121.0,0.9510,1384.8,1.4,7.925,0.02,0.02,0.02,0.02,0.0,0.0,0.0,0.0,0,0,0.0,0.0,0.0,0,0,0,600,8c5,8c5,8c5,8c5,0,0,0,0,0,0,0,0,0,1,1,0,0,1,0,1,0,0,0,1,1,0,0,0,1,0,0,1,0,1,0,0,0,1,1,0,0,0,1,0,0,1,0,1,0,0,0,1,1,0,0,0,1,0,0,1,0,1,0,0,0,1,1,0,0,0,1,0,0
2024,11,5,17:41:02.946,-1.06,225,121.0,0.9510,1384.8,1.4,7.923,0.02,0.02,0.02,0.02,0.0,0.0,0.0,0.0,0,0,0.0,0.0,0.0,0,0,0,200,8c9,8c9,8c9,8c9,0,0,0,0,0,0,0,0,0,1,0,0,0,1,0,0,1,0,0,1,1,0,0,0,1,0,0,1,0,0,1,0,0,1,1,0,0,0,1,0,0,1,0,0,1,0,0,1,1,0,0,0,1,0,0,1,0,0,1,0,0,1,1,0,0,0,1,0,0
2024,11,5,17:41:02.966,-1.04,245,121.0,0.9512,1379.0,-4.3,7.924,0.02,0.02,0.02,0.02,0.0,0.0,0.0,0.0,0,0,0.0,0.0,0.0,0,0,0,200,8c9,8c9,8c9,8c9,0,0,0,0,0,0,0,0,0,1,0,0,0,1,0,0,1,0,0,1,1,0,0,0,1,0,0,1,0,0,1,0,0,1,1,0,0,0,1,0,0,1,0,0,1,0,0,1,1,0,0,0,1,0,0,1,0,0,1,0,0,1,1,0,0,0,1,0,0
2024,11,5,17:41:02.986,-1.02,15,121.0,0.9512,1379.0,-4.3,7.924,0.02,0.02,0.02,0.02,0.0,0.0,0.0,0.0,0,0,0.0,0.0,0.0,0,0,0,200,8c9,8c9,8c9,8c9,0,0,0,0,0,0,0,0,0,1,0,0,0,1,0,0,1,0,0,1,1,0,0,0,1,0,0,1,0,0,1,0,0,1,1,0,0,0,1,0,0,1,0,0,1,0,0,1,1,0,0,0,1,0,0,1,0,0,1,0,0,1,1,0,0,0,1,0,0
2024,11,5,17:41:03.006,-1.00,35,121.0,0.9510,1384.8,1.4,7.923,0.02,0.02,0.02,0.02,0.0,0.0,0.0,0.0,0,0,0.0,0.0,0.0,0,0,0,200,8c9,8c9,8c9,8c9,0,0,0,0,0,0,0,0,0,1,0,0,0,1,0,0,1,0,0,1,1,0,0,0,1,0,0,1,0,0,1,0,0,1,1,0,0,0,1,0,0,1,0,0,1,0,0,1,1,0,0,0,1,0,0,1,0,0,1,0,0,1,1,0,0,0,1,0,0
2024,11,5,17:41:03.026,-0.98,55,121.0,0.9510,1384.8,1.4,7.921,0.02,0.02,0.02,0.02,0.0,0.0,0.0,0.0,0,0,0.0,0.0,0.0,0,0,0,200,8c9,8c9,8c9,8c9,0,0,0,0,0,0,0,0,0,1,0,0,0,1,0,0,1,0,0,1,1,0,0,0,1,0,0,1,0,0,1,0,0,1,1,0,0,0,1,0,0,1,0,0,1,0,0,1,1,0,0,0,1,0,0,1,0,0,1,0,0,1,1,0,0,0,1,0,0
2024,11,5,17:41:03.046,-0.96,75,121.0,0.9511,1380.2,-3.2,7.925,0.02,0.02,0.02,0.02,0.0,0.0,0.0,0.0,0,0,0.0,0.0,0.0,0,0,0,200,8c9,8c9,8c9,8c9,0,0,0,0,0,0,0,0,0,1,0,0,0,1,0,0,1,0,0,1,1,0,0,0,1,0,0,1,0,0,1,0,0,1,1,0,0,0,1,0,0,1,0,0,1,0,0,1,1,0,0,0,1,0,0,1,0,0,1,0,0,1,1,0,0,0,1,0,0
2024,11,5,17:41:03.066,-0.94,95,121.0,0.9511,1380.2,-3.2,7.924,0.02,0.02,0.02,0.02,0.0,0.0,0.0,0.0,0,0,0.0,0.0,0.0,0,0,0,600,8c9,8c9,8c9,8c9,0,0,0,0,0,0,0,0,0,1,1,0,0,1,0,0,1,0,0,1,1,0,0,0,1,0,0,1,0,0,1,0,0,1,1,0,0,0,1,0,0,1,0,0,1,0,0,1,1,0,0,0,1,0,0,1,0,0,1,0,0,1,1,0,0,0,1,0,0
2024,11,5,17:41:03.086,-0.92,115,121.0,0.9509,1387.7,4.3,7.924,0.02,0.02,0.02,0.02,0.0,0.0,0.0,0.0,0,0,0.0,0.0,0.0,0,0,0,200,8c9,8c9,8c9,8c9,0,0,0,0,0,0,0,0,0,1,0,0,0,1,0,0,1,0,0,1,1,0,0,0,1,0,0,1,0,0,1,0,0,1,1,0,0,0,1,0,0,1,0,0,1,0,0,1,1,0,0,0,1,0,0,1,0,0,1,0,0,1,1,0,0,0,1,0,0
2024,11,5,17:41:03.106,-0.90,135,121.0,0.9509,1387.7,4.3,7.924,0.02,0.02,0.02,0.02,0.0,0.0,0.0,0.0,0,0,0.0,0.0,0.0,0,0,0,200,8c9,8c9,8c9,8c9,0,0,0,0,0,0,0,0,0,1,0,0,0,1,0,0,1,0,0,1,1,0,0,0,1,0,0,1,0,0,1,0,0,1,1,0,0,0,1,0,0,1,0,0,1,0,0,1,1,0,0,0,1,0,0,1,0,0,1,0,0,1,1,0,0,0,1,0,0
2024,11,5,17:41:03.126,-0.88,155,121.0,0.9510,1383.1,-0.3,7.925,0.02,0.02,0.02,0.02,0.0,0.0,0.0,0.0,0,0,0.0,0.0,0.0,0,0,0,200,8c9,8c9,8c9,8c9,0,0,0,0,0,0,0,0,0,1,0,0,0,1,0,0,1,0,0,1,1,0,0,0,1,0,0,1,0,0,1,0,0,1,1,0,0,0,1,0,0,1,0,0,1,0,0,1,1,0,0,0,1,0,0,1,0,0,1,0,0,1,1,0,0,0,1,0,0
2024,11,5,17:41:03.146,-0.86,175,121.0,0.9510,1383.1,-0.3,7.924,0.02,0.02,0.02,0.02,0.0,0.0,0.0,0.0,0,0,0.0,0.0,0.0,0,0,0,200,8c9,8c9,8c9,8c9,0,0,0,0,0,0,0,0,0,1,0,0,0,1,0,0,1,0,0,1,1,0,0,0,1,0,0,1,0,0,1,0,0,1,1,0,0,0,1,0,0,1,0,0,1,0,0,1,1,0,0,0,1,0,0,1,0,0,1,0,0,1,1,0,0,0,1,0,0
2024,11,5,17:41:03.166,-0.84,195,121.0,0.9510,1383.1,-0.3,7.924,0.02,0.02,0.02,0.02,0.0,0.0,0.0,0.0,0,0,0.0,0.0,0.0,0,0,0,200,8c9,8c9,8c9,8c9,0,0,0,0,0,0,0,0,0,1,0,0,0,1,0,0,1,0,0,1,1,0,0,0,1,0,0,1,0,0,1,0,0,1,1,0,0,0,1,0,0,1,0,0,1,0,0,1,1,0,0,0,1,0,0,1,0,0,1,0,0,1,1,0,0,0,1,0,0
2024,11,5,17:41:03.186,-0.82,215,121.1,0.9510,1383.1,-0.3,7.924,0.02,0.02,0.02,0.02,0.0,0.0,0.0,0.0,0,0,0.0,0.0,0.0,0,0,0,200,8c9,8c9,8c9,8c9,0,0,0,0,0,0,0,0,0,1,0,0,0,1,0,0,1,0,0,1,1,0,0,0,1,0,0,1,0,0,1,0,0,1,1,0,0,0,1,0,0,1,0,0,1,0,0,1,1,0,0,0,1,0,0,1,0,0,1,0,0,1,1,0,0,0,1,0,0
2024,11,5,17:41:03.206,-0.80,235,121.1,0.9510,1383.1,-0.3,7.924,0.02,0.02,0.02,0.02,0.0,0.0,0.0,0.0,0,0,0.0,0.0,0.0,0,0,0,200,8c9,8c9,8c9,8c9,0,0,0,0,0,0,0,0,0,1,0,0,0,1,0,0,1,0,0,1,1,0,0,0,1,0,0,1,0,0,1,0,0,1,1,0,0,0,1,0,0,1,0,0,1,0,0,1,1,0,0,0,1,0,0,1,0,0,1,0,0,1,1,0,0,0,1,0,0
2024,11,5,17:41:03.226,-0.78,5,121.0,0.9510,1383.1,-0.3,7.922,0.02,0.02,0.02,0.02,0.0,0.0,0.0,0.0,0,0,0.0,0.0,0.0,0,0,0,200,8c9,8c9,8c9,8c9,0,0,0,0,0,0,0,0,0,1,0,0,0,1,0,0,1,0,0,1,1,0,0,0,1,0,0,1,0,0,1,0,0,1,1,0,0,0,1,0,0,1,0,0,1,0,0,1,1,0,0,0,1,0,0,1,0,0,1,0,0,1,1,0,0,0,1,0,0
2024,11,5,17:41:03.246,-0.76,25,121.0,0.9510,1384.8,1.4,7.923,0.02,0.02,0.02,0.02,0.0,0.0,0.0,0.0,0,0,0.0,0.0,0.0,0,0,0,200,8c9,8c9,8c9,8c9,0,0,0,0,0,0,0,0,0,1,0,0,0,1,0,0,1,0,0,1,1,0,0,0,1,0,0,1,0,0,1,0,0,1,1,0,0,0,1,0,0,1,0,0,1,0,0,1,1,0,0,0,1,0,0,1,0,0,1,0,0,1,1,0,0,0,1,0,0
2024,11,5,17:41:03.266,-0.74,45,121.1,0.9510,1384.2,0.8,7.923,0.02,0.02,0.02,0.02,0.0,0.0,0.0,0.0,0,0,0.0,0.0,0.0,0,0,0,200,8c9,8c9,8c9,8c9,0,0,0,0,0,0,0,0,0,1,0,0,0,1,0,0,1,0,0,1,1,0,0,0,1,0,0,1,0,0,1,0,0,1,1,0,0,0,1,0,0,1,0,0,1,0,0,1,1,0,0,0,1,0,0,1,0,0,1,0,0,1,1,0,0,0,1,0,0
2024,11,5,17:41:03.286,-0.72,65,121.1,0.9510,1384.2,0.8,7.922,0.02,0.02,0.02,0.02,0.0,0.0,0.0,0.0,0,0,0.0,0.0,0.0,0,0,0,200,8c9,8c9,8c9,8c9,0,0,0,0,0,0,0,0,0,1,0,0,0,1,0,0,1,0,0,1,1,0,0,0,1,0,0,1,0,0,1,0,0,1,1,0,0,0,1,0,0,1,0,0,1,0,0,1,1,0,0,0,1,0,0,1,0,0,1,0,0,1,1,0,0,0,1,0,0
2024,11,5,17:41:03.306,-0.70,85,121.0,0.9510,1384.8,1.4,7.922,0.02,0.02,0.02,0.02,0.0,0.0,0.0,0.0,0,0,0.0,0.0,0.0,0,0,0,200,8c9,8c9,8c9,8c9,0,0,0,0,0,0,0,0,0,1,0,0,0,1,0,0,1,0,0,1,1,0,0,0,1,0,0,1,0,0,1,0,0,1,1,0,0,0,1,0,0,1,0,0,1,0,0,1,1,0,0,0,1,0,0,1,0,0,1,0,0,1,1,0,0,0,1,0,0
2024,11,5,17:41:03.326,-0.68,105,121.0,0.9510,1384.8,1.4,7.923,0.02,0.02,0.02,0.02,0.0,0.0,0.0,0.0,0,0,0.0,0.0,0.0,0,0,0,200,8c9,8c9,8c9,8c9,0,0,0,0,0,0,0,0,0,1,0,0,0,1,0,0,1,0,0,1,1,0,0,0,1,0,0,1,0,0,1,0,0,1,1,0,0,0,1,0,0,1,0,0,1,0,0,1,1,0,0,0,1,0,0,1,0,0,1,0,0,1,1,0,0,0,1,0,0
2024,11,5,17:41:03.346,-0.66,125,121.0,0.9510,1384.8,1.4,7.922,0.02,0.02,0.02,0.02,0.0,0.0,0.0,0.0,0,0,0.0,0.0,0.0,0,0,0,200,8c9,8c9,8c9,8c9,0,0,0,0,0,0,0,0,0,1,0,0,0,1,0,0,1,0,0,1,1,0,0,0,1,0,0,1,0,0,1,0,0,1,1,0,0,0,1,0,0,1,0,0,1,0,0,1,1,0,0,0,1,0,0,1,0,0,1,0,0,1,1,0,0,0,1,0,0
2024,11,5,17:41:03.366,-0.64,145,121.0,0.9510,1384.8,1.4,7.924,0.02,0.02,0.02,0.02,0.0,0.0,0.0,0.0,0,0,0.0,0.0,0.0,0,0,0,200,8c9,8c9,8c9,8c9,0,0,0,0,0,0,0,0,0,1,0,0,0,1,0,0,1,0,0,1,1,0,0,0,1,0,0,1,0,0,1,0,0,1,1,0,0,0,1,0,0,1,0,0,1,0,0,1,1,0,0,0,1,0,0,1,0,0,1,0,0,1,1,0,0,0,1,0,0
2024,11,5,17:41:03.386,-0.62,165,121.0,0.9510,1384.8,1.4,7.924,0.02,0.02,0.02,0.02,0.0,0.0,0.0,0.0,0,0,0.0,0.0,0.0,0,0,0,200,8c9,8c9,8c9,8c9,0,0,0,0,0,0,0,0,0,1,0,0,0,1,0,0,1,0,0,1,1,0,0,0,1,0,0,1,0,0,1,0,0,1,1,0,0,0,1,0,0,1,0,0,1,0,0,1,1,0,0,0,1,0,0,1,0,0,1,0,0,1,1,0,0,0,1,0,0
2024,11,5,17:41:03.406,-0.60,185,121.0,0.9510,1384.8,1.4,7.924,0.02,0.02,0.02,0.02,0.0,0.0,0.0,0.0,0,0,0.0,0.0,0.0,0,0,0,600,8c9,8c9,8c9,8c9,0,0,0,0,0,0,0,0,0,1,1,0,0,1,0,0,1,0,0,1,1,0,0,0,1,0,0,1,0,0,1,0,0,1,1,0,0,0,1,0,0,1,0,0,1,0,0,1,1,0,0,0,1,0,0,1,0,0,1,0,0,1,1,0,0,0,1,0,0
2024,11,5,17:41:03.426,-0.58,205,121.0,0.9510,1384.8,1.4,7.924,0.02,0.02,0.02,0.02,0.0,0.0,0.0,0.0,0,0,0.0,0.0,0.0,0,0,0,200,8c5,8c5,8c5,8c5,0,0,0,0,0,0,0,0,0,1,0,0,0,1,0,1,0,0,0,1,1,0,0,0,1,0,0,1,0,1,0,0,0,1,1,0,0,0,1,0,0,1,0,1,0,0,0,1,1,0,0,0,1,0,0,1,0,1,0,0,0,1,1,0,0,0,1,0,0
2024,11,5,17:41:03.446,-0.56,225,121.0,0.9510,1383.1,-0.3,7.923,0.02,0.02,0.02,0.02,0.0,0.0,0.0,0.0,0,0,0.0,0.0,0.0,0,0,0,200,8c9,8c9,8c9,8c9,0,0,0,0,0,0,0,0,0,1,0,0,0,1,0,0,1,0,0,1,1,0,0,0,1,0,0,1,0,0,1,0,0,1,1,0,0,0,1,0,0,1,0,0,1,0,0,1,1,0,0,0,1,0,0,1,0,0,1,0,0,1,1,0,0,0,1,0,0
2024,11,5,17:41:03.466,-0.54,245,121.0,0.9510,1383.1,-0.3,7.923,0.02,0.02,0.02,0.02,0.0,0.0,0.0,0.0,0,0,0.0,0.0,0.0,0,0,0,200,8c9,8c9,8c9,8c9,0,0,0,0,0,0,0,0,0,1,0,0,0,1,0,0,1,0,0,1,1,0,0,0,1,0,0,1,0,0,1,0,0,1,1,0,0,0,1,0,0,1,0,0,1,0,0,1,1,0,0,0,1,0,0,1,0,0,1,0,0,1,1,0,0,0,1,0,0
2024,11,5,17:41:03.486,-0.52,15,121.0,0.9510,1384.8,1.4,7.926,0.02,0.02,0.02,0.02,0.0,0.0,0.0,0.0,0,0,0.0,0.0,0.0,0,0,0,200,8c9,8c9,8c9,8c9,0,0,0,0,0,0,0,0,0,1,0,0,0,1,0,0,1,0,0,1,1,0,0,0,1,0,0,1,0,0,1,0,0,1,1,0,0,0,1,0,0,1,0,0,1,0,0,1,1,0,0,0,1,0,0,1,0,0,1,0,0,1,1,0,0,0,1,0,0
2024,11,5,17:41:03.506,-0.50,35,121.0,0.9510,1384.8,1.4,7.924,0.02,0.02,0.02,0.02,0.0,0.0,0.0,0.0,0,0,0.0,0.0,0.0,0,0,0,200,8c9,8c9,8c9,8c9,0,0,0,0,0,0,0,0,0,1,0,0,0,1,0,0,1,0,0,1,1,0,0,0,1,0,0,1,0,0,1,0,0,1,1,0,0,0,1,0,0,1,0,0,1,0,0,1,1,0,0,0,1,0,0,1,0,0,1,0,0,1,1,0,0,0,1,0,0
2024,11,5,17:41:03.526,-0.48,55,121.0,0.9510,1383.1,-0.3,7.924,0.02,0.02,0.02,0.02,0.0,0.0,0.0,0.0,0,0,0.0,0.0,0.0,0,0,0,600,8c9,8c9,8c9,8c9,0,0,0,0,0,0,0,0,0,1,1,0,0,1,0,0,1,0,0,1,1,0,0,0,1,0,0,1,0,0,1,0,0,1,1,0,0,0,1,0,0,1,0,0,1,0,0,1,1,0,0,0,1,0,0,1,0,0,1,0,0,1,1,0,0,0,1,0,0
2024,11,5,17:41:03.546,-0.46,75,121.0,0.9510,1383.1,-0.3,7.925,0.02,0.02,0.02,0.02,0.0,0.0,0.0,0.0,0,0,0.0,0.0,0.0,0,0,0,200,8c9,8c9,8c9,8c9,0,0,0,0,0,0,0,0,0,1,0,0,0,1,0,0,1,0,0,1,1,0,0,0,1,0,0,1,0,0,1,0,0,1,1,0,0,0,1,0,0,1,0,0,1,0,0,1,1,0,0,0,1,0,0,1,0,0,1,0,0,1,1,0,0,0,1,0,0
2024,11,5,17:41:03.566,-0.44,95,121.0,0.9510,1383.1,-0.3,7.925,0.02,0.02,0.02,0.02,0.0,0.0,0.0,0.0,0,0,0.0,0.0,0.0,0,0,0,600,8c9,8c9,8c9,8c9,0,0,0,0,0,0,0,0,0,1,1,0,0,1,0,0,1,0,0,1,1,0,0,0,1,0,0,1,0,0,1,0,0,1,1,0,0,0,1,0,0,1,0,0,1,0,0,1,1,0,0,0,1,0,0,1,0,0,1,0,0,1,1,0,0,0,1,0,0
2024,11,5,17:41:03.586,-0.42,115,121.1,0.9510,1383.1,-0.3,7.925,0.02,0.02,0.02,0.02,0.0,0.0,0.0,0.0,0,0,0.0,0.0,0.0,0,0,0,600,8c9,8c9,8c9,8c9,0,0,0,0,0,0,0,0,0,1,1,0,0,1,0,0,1,0,0,1,1,0,0,0,1,0,0,1,0,0,1,0,0,1,1,0,0,0,1,0,0,1,0,0,1,0,0,1,1,0,0,0,1,0,0,1,0,0,1,0,0,1,1,0,0,0,1,0,0
2024,11,5,17:41:03.606,-0.40,135,121.1,0.9510,1383.1,-0.3,7.924,0.02,0.02,0.02,0.02,0.0,0.0,0.0,0.0,0,0,0.0,0.0,0.0,0,0,0,600,8c9,8c9,8c9,8c9,0,0,0,0,0,0,0,0,0,1,1,0,0,1,0,0,1,0,0,1,1,0,0,0,1,0,0,1,0,0,1,0,0,1,1,0,0,0,1,0,0,1,0,0,1,0,0,1,1,0,0,0,1,0,0,1,0,0,1,0,0,1,1,0,0,0,1,0,0
2024,11,5,17:41:03.626,-0.38,155,121.1,0.9510,1383.1,-0.3,7.923,0.02,0.02,0.02,0.02,0.0,0.0,0.0,0.0,0,0,0.0,0.0,0.0,0,0,0,200,8c9,8c9,8c9,8c9,0,0,0,0,0,0,0,0,0,1,0,0,0,1,0,0,1,0,0,1,1,0,0,0,1,0,0,1,0,0,1,0,0,1,1,0,0,0,1,0,0,1,0,0,1,0,0,1,1,0,0,0,1,0,0,1,0,0,1,0,0,1,1,0,0,0,1,0,0
2024,11,5,17:41:03.646,-0.36,175,121.1,0.9511,1381.3,-2.0,7.922,0.02,0.02,0.02,0.02,0.0,0.0,0.0,0.0,0,0,0.0,0.0,0.0,0,0,0,200,8c9,8c9,8c9,8c9,0,0,0,0,0,0,0,0,0,1,0,0,0,1,0,0,1,0,0,1,1,0,0,0,1,0,0,1,0,0,1,0,0,1,1,0,0,0,1,0,0,1,0,0,1,0,0,1,1,0,0,0,1,0,0,1,0,0,1,0,0,1,1,0,0,0,1,0,0
2024,11,5,17:41:03.666,-0.34,195,121.0,0.9511,1381.9,-1.5,7.924,0.02,0.02,0.02,0.02,0.0,0.0,0.0,0.0,0,0,0.0,0.0,0.0,0,0,0,600,8c9,8c9,8c9,8c9,0,0,0,0,0,0,0,0,0,1,1,0,0,1,0,0,1,0,0,1,1,0,0,0,1,0,0,1,0,0,1,0,0,1,1,0,0,0,1,0,0,1,0,0,1,0,0,1,1,0,0,0,1,0,0,1,0,0,1,0,0,1,1,0,0,0,1,0,0
2024,11,5,17:41:03.686,-0.32,215,121.0,0.9510,1383.1,-0.3,7.924,0.02,0.02,0.02,0.02,0.0,0.0,0.0,0.0,0,0,0.0,0.0,0.0,0,0,0,600,8c9,8c9,8c9,8c9,0,0,0,0,0,0,0,0,0,1,1,0,0,1,0,0,1,0,0,1,1,0,0,0,1,0,0,1,0,0,1,0,0,1,1,0,0,0,1,0,0,1,0,0,1,0,0,1,1,0,0,0,1,0,0,1,0,0,1,0,0,1,1,0,0,0,1,0,0
2024,11,5,17:41:03.706,-0.30,235,121.0,0.9510,1383.1,-0.3,7.925,0.02,0.02,0.02,0.02,0.0,0.0,0.0,0.0,0,0,0.0,0.0,0.0,0,0,0,200,8c9,8c9,8c9,8c9,0,0,0,0,0,0,0,0,0,1,0,0,0,1,0,0,1,0,0,1,1,0,0,0,1,0,0,1,0,0,1,0,0,1,1,0,0,0,1,0,0,1,0,0,1,0,0,1,1,0,0,0,1,0,0,1,0,0,1,0,0,1,1,0,0,0,1,0,0
2024,11,5,17:41:03.726,-0.28,5,121.0,0.9511,1380.2,-3.2,7.920,0.02,0.02,0.02,0.02,0.0,0.0,0.0,0.0,0,0,0.0,0.0,0.0,0,0,0,200,8c9,8c9,8c9,8c9,0,0,0,0,0,0,0,0,0,1,0,0,0,1,0,0,1,0,0,1,1,0,0,0,1,0,0,1,0,0,1,0,0,1,1,0,0,0,1,0,0,1,0,0,1,0,0,1,1,0,0,0,1,0,0,1,0,0,1,0,0,1,1,0,0,0,1,0,0
2024,11,5,17:41:03.746,-0.26,25,121.0,0.9511,1380.2,-3.2,7.922,0.02,0.02,0.02,0.02,0.0,0.0,0.0,0.0,0,0,0.0,0.0,0.0,0,0,0,200,8c9,8c9,8c9,8c9,0,0,0,0,0,0,0,0,0,1,0,0,0,1,0,0,1,0,0,1,1,0,0,0,1,0,0,1,0,0,1,0,0,1,1,0,0,0,1,0,0,1,0,0,1,0,0,1,1,0,0,0,1,0,0,1,0,0,1,0,0,1,1,0,0,0,1,0,0
2024,11,5,17:41:03.766,-0.24,45,121.0,0.9510,1383.1,-0.3,7.922,0.02,0.02,0.02,0.02,0.0,0.0,0.0,0.0,0,0,0.0,0.0,0.0,0,0,0,200,8c9,8c9,8c9,8c9,0,0,0,0,0,0,0,0,0,1,0,0,0,1,0,0,1,0,0,1,1,0,0,0,1,0,0,1,0,0,1,0,0,1,1,0,0,0,1,0,0,1,0,0,1,0,0,1,1,0,0,0,1,0,0,1,0,0,1,0,0,1,1,0,0,0,1,0,0
2024,11,5,17:41:03.786,-0.22,65,121.0,0.9510,1383.1,-0.3,7.924,0.02,0.02,0.02,0.02,0.0,0.0,0.0,0.0,0,0,0.0,0.0,0.0,0,0,0,200,8c9,8c9,8c9,8c9,0,0,0,0,0,0,0,0,0,1,0,0,0,1,0,0,1,0,0,1,1,0,0,0,1,0,0,1,0,0,1,0,0,1,1,0,0,0,1,0,0,1,0,0,1,0,0,1,1,0,0,0,1,0,0,1,0,0,1,0,0,1,1,0,0,0,1,0,0
2024,11,5,17:41:03.806,-0.20,85,121.0,0.9509,1386.5,3.1,7.924,0.02,0.02,0.02,0.02,0.0,0.0,0.0,0.0,0,0,0.0,0.0,0.0,0,0,0,600,8c9,8c9,8c9,8c9,0,0,0,0,0,0,0,0,0,1,1,0,0,1,0,0,1,0,0,1,1,0,0,0,1,0,0,1,0,0,1,0,0,1,1,0,0,0,1,0,0,1,0,0,1,0,0,1,1,0,0,0,1,0,0,1,0,0,1,0,0,1,1,0,0,0,1,0,0
2024,11,5,17:41:03.826,-0.18,105,121.0,0.9509,1386.0,2.6,7.924,0.02,0.02,0.02,0.02,0.0,0.0,0.0,0.0,0,0,0.0,0.0,0.0,0,0,0,600,8c9,8c9,8c9,8c9,0,0,0,0,0,0,0,0,0,1,1,0,0,1,0,0,1,0,0,1,1,0,0,0,1,0,0,1,0,0,1,0,0,1,1,0,0,0,1,0,0,1,0,0,1,0,0,1,1,0,0,0,1,0,0,1,0,0,1,0,0,1,1,0,0,0,1,0,0
2024,11,5,17:41:03.846,-0.16,125,121.0,0.9509,1387.7,4.3,7.925,0.02,0.02,0.02,0.02,0.0,0.0,0.0,0.0,0,0,0.0,0.0,0.0,0,0,0,200,8c9,8c9,8c9,8c9,0,0,0,0,0,0,0,0,0,1,0,0,0,1,0,0,1,0,0,1,1,0,0,0,1,0,0,1,0,0,1,0,0,1,1,0,0,0,1,0,0,1,0,0,1,0,0,1,1,0,0,0,1,0,0,1,0,0,1,0,0,1,1,0,0,0,1,0,0
2024,11,5,17:41:03.866,-0.14,145,121.0,0.9509,1387.7,4.3,7.923,0.02,0.02,0.02,0.02,2.0,0.0,0.0,0.0,0,0,0.0,0.0,0.0,0,0,0,200,8c9,8c9,8c9,8c9,0,0,0,0,0,0,0,0,0,1,0,0,0,1,0,0,1,0,0,1,1,0,0,0,1,0,0,1,0,0,1,0,0,1,1,0,0,0,1,0,0,1,0,0,1,0,0,1,1,0,0,0,1,0,0,1,0,0,1,0,0,1,1,0,0,0,1,0,0
2024,11,5,17:41:03.886,-0.12,165,121.0,0.9517,1363.5,-19.9,7.924,0.02,0.02,0.02,0.02,7.0,0.0,0.0,0.0,0,0,0.0,0.0,0.0,0,0,0,200,8c5,8c1,8c1,8c5,0,0,0,0,0,0,0,0,0,1,0,0,0,1,0,1,0,0,0,1,1,0,0,0,1,0,0,1,0,0,0,0,0,1,1,0,0,0,1,0,0,1,0,0,0,0,0,1,1,0,0,0,1,0,0,1,0,1,0,0,0,1,1,0,0,0,1,0,0
2024,11,5,17:41:03.906,-0.10,185,121.0,0.9517,1364.1,-19.3,7.924,0.02,0.02,0.02,0.02,12.0,0.0,0.0,0.0,0,0,0.0,0.0,0.0,0,0,0,200,8c5,8c5,8c5,8c5,0,0,0,0,0,0,0,0,0,1,0,0,0,1,0,1,0,0,0,1,1,0,0,0,1,0,0,1,0,1,0,0,0,1,1,0,0,0,1,0,0,1,0,1,0,0,0,1,1,0,0,0,1,0,0,1,0,1,0,0,0,1,1,0,0,0,1,0,0
2024,11,5,17:41:03.926,-0.08,205,121.0,0.9512,1379.0,-4.3,7.925,0.02,0.02,0.02,0.02,17.0,0.0,0.0,0.0,0,0,0.0,0.0,0.0,0,0,0,200,8c5,8c5,8c5,8c5,0,0,0,0,0,0,0,0,0,1,0,0,0,1,0,1,0,0,0,1,1,0,0,0,1,0,0,1,0,1,0,0,0,1,1,0,0,0,1,0,0,1,0,1,0,0,0,1,1,0,0,0,1,0,0,1,0,1,0,0,0,1,1,0,0,0,1,0,0
2024,11,5,17:41:03.946,-0.06,225,121.1,0.9512,1378.5,-4.9,7.922,0.02,0.02,0.02,0.02,22.0,0.0,0.0,1.0,0,0,0.0,0.0,0.0,0,0,0,200,8c5,8c5,8c5,8c5,0,0,0,0,0,0,0,0,0,1,0,0,0,1,0,1,0,0,0,1,1,0,0,0,1,0,0,1,0,1,0,0,0,1,1,0,0,0,1,0,0,1,0,1,0,0,0,1,1,0,0,0,1,0,0,1,0,1,0,0,0,1,1,0,0,0,1,0,0
2024,11,5,17:41:03.966,-0.04,245,121.1,0.9512,1378.5,-4.9,7.925,0.02,0.02,0.02,0.02,29.0,0.0,0.0,1.0,0,0,0.0,0.0,0.0,0,0,0,200,8c5,8c5,8c5,8c5,0,0,0,0,0,0,0,0,0,1,0,0,0,1,0,1,0,0,0,1,1,0,0,0,1,0,0,1,0,1,0,0,0,1,1,0,0,0,1,0,0,1,0,1,0,0,0,1,1,0,0,0,1,0,0,1,0,1,0,0,0,1,1,0,0,0,1,0,0
2024,11,5,17:41:03.986,-0.02,15,121.0,0.9512,1379.0,-4.3,7.923,0.02,0.02,0.02,0.02,36.0,0.0,0.0,2.0,0,0,0.0,0.0,0.0,0,0,0,200,8c5,8c5,8c5,8c5,0,0,0,0,0,0,0,0,0,1,0,0,0,1,0,1,0,0,0,1,1,0,0,0,1,0,0,1,0,1,0,0,0,1,1,0,0,0,1,0,0,1,0,1,0,0,0,1,1,0,0,0,1,0,0,1,0,1,0,0,0,1,1,0,0,0,1,0,0
2024,11,5,17:41:04.006,0.00,35,121.0,0.9509,1387.7,4.3,7.922,0.02,0.02,0.02,0.02,42.0,0.0,-1.0,3.0,0,0,0.0,0.0,0.0,0,0,0,301,8c5,8c5,8c5,8c5,1,0,0,0,0,0,0,0,1,1,0,0,0,1,0,1,0,0,0,1,1,0,0,0,1,0,0,1,0,1,0,0,0,1,1,0,0,0,1,0,0,1,0,1,0,0,0,1,1,0,0,0,1,0,0,1,0,1,0,0,0,1,1,0,0,0,1,0,0
2024,11,5,17:41:04.026,0.02,55,121.0,0.9509,1387.7,4.3,7.924,0.02,0.02,0.02,0.02,49.0,0.0,-1.0,3.0,0,0,1.2,0.0,-1.0,0,0,0,101,8a5,8a5,8a5,8a5,1,0,0,0,0,0,0,0,1,0,0,0,0,1,0,1,0,0,1,0,1,0,0,0,1,0,0,1,0,1,0,0,1,0,1,0,0,0,1,0,0,1,0,1,0,0,1,0,1,0,0,0,1,0,0,1,0,1,0,0,1,0,1,0,0,0,1,0,0
2024,11,5,17:41:04.046,0.04,75,121.0,0.9507,1392.3,8.9,7.924,0.02,0.02,0.02,0.02,56.0,0.0,-1.0,5.0,0,0,1.1,0.0,-1.0,0,0,0,101,8a5,8a5,8a5,8a5,1,0,0,0,0,0,0,0,1,0,0,0,0,1,0,1,0,0,1,0,1,0,0,0,1,0,0,1,0,1,0,0,1,0,1,0,0,0,1,0,0,1,0,1,0,0,1,0,1,0,0,0,1,0,0,1,0,1,0,0,1,0,1,0,0,0,1,0,0
2024,11,5,17:41:04.066,0.06,95,121.0,0.9507,1392.3,8.9,7.925,0.02,0.02,0.02,0.02,63.0,0.0,-2.0,6.0,0,0,1.1,0.0,-2.0,0,0,0,101,8a5,8a5,8a5,8a5,1,0,0,0,0,0,0,0,1,0,0,0,0,1,0,1,0,0,1,0,1,0,0,0,1,0,0,1,0,1,0,0,1,0,1,0,0,0,1,0,0,1,0,1,0,0,1,0,1,0,0,0,1,0,0,1,0,1,0,0,1,0,1,0,0,0,1,0,0
2024,11,5,17:41:04.086,0.08,115,121.0,0.9508,1389.4,6.0,7.924,0.02,0.02,0.02,0.02,70.0,0.0,-2.0,7.0,0,0,1.2,0.0,-3.0,0,0,0,101,8a5,8a5,8a5,8a5,1,0,0,0,0,0,0,0,1,0,0,0,0,1,0,1,0,0,1,0,1,0,0,0,1,0,0,1,0,1,0,0,1,0,1,0,0,0,1,0,0,1,0,1,0,0,1,0,1,0,0,0,1,0,0,1,0,1,0,0,1,0,1,0,0,0,1,0,0
2024,11,5,17:41:04.106,0.10,135,121.0,0.9508,1389.4,6.0,7.925,0.02,0.02,0.02,0.02,77.0,0.0,-2.0,9.0,0,0,1.3,0.0,-4.0,0,0,0,101,8a5,8a5,8a5,8a5,1,0,0,0,0,0,0,0,1,0,0,0,0,1,0,1,0,0,1,0,1,0,0,0,1,0,0,1,0,1,0,0,1,0,1,0,0,0,1,0,0,1,0,1,0,0,1,0,1,0,0,0,1,0,0,1,0,1,0,0,1,0,1,0,0,0,1,0,0
2024,11,5,17:41:04.126,0.12,155,121.0,0.9505,1396.9,13.5,7.924,0.02,0.02,0.02,0.02,85.0,0.0,-1.0,10.0,0,0,1.4,0.0,-5.0,0,0,0,101,8a5,8a5,8a5,8a5,1,0,0,0,0,0,0,0,1,0,0,0,0,1,0,1,0,0,1,0,1,0,0,0,1,0,0,1,0,1,0,0,1,0,1,0,0,0,1,0,0,1,0,1,0,0,1,0,1,0,0,0,1,0,0,1,0,1,0,0,1,0,1,0,0,0,1,0,0
2024,11,5,17:41:04.146,0.14,175,121.0,0.9506,1396.3,12.9,7.924,0.02,0.02,0.02,0.02,92.0,0.0,-1.0,12.0,0,0,1.6,0.0,-6.0,0,0,0,101,8a5,8a5,8a5,8a5,1,0,0,0,0,0,0,0,1,0,0,0,0,1,0,1,0,0,1,0,1,0,0,0,1,0,0,1,0,1,0,0,1,0,1,0,0,0,1,0,0,1,0,1,0,0,1,0,1,0,0,0,1,0,0,1,0,1,0,0,1,0,1,0,0,0,1,0,0
2024,11,5,17:41:04.166,0.16,195,121.0,0.9504,1399.8,16.4,7.924,0.02,0.02,0.02,0.02,99.0,0.0,-2.0,14.0,0,0,1.6,43.8,-7.0,0,0,0,101,8a5,8a5,8a5,8a5,1,0,0,0,0,0,0,0,1,0,0,0,0,1,0,1,0,0,1,0,1,0,0,0,1,0,0,1,0,1,0,0,1,0,1,0,0,0,1,0,0,1,0,1,0,0,1,0,1,0,0,0,1,0,0,1,0,1,0,0,1,0,1,0,0,0,1,0,0
2024,11,5,17:41:04.186,0.18,215,121.0,0.9504,1399.8,16.4,7.925,0.02,0.02,0.02,0.02,106.0,0.0,-3.0,16.0,0,0,1.3,13.8,-8.0,0,0,0,101,8b5,8b5,8b5,8b5,1,0,0,0,0,0,0,0,1,0,0,0,0,1,0,1,0,1,1,0,1,0,0,0,1,0,0,1,0,1,0,1,1,0,1,0,0,0,1,0,0,1,0,1,0,1,1,0,1,0,0,0,1,0,0,1,0,1,0,1,1,0,1,0,0,0,1,0,0
2024,11,5,17:41:04.206,0.20,235,121.0,0.9504,1399.8,16.4,7.925,0.02,0.02,0.02,0.02,114.0,0.0,-3.0,18.0,0,0,1.2,7.7,-9.0,0,0,0,101,8a5,8a5,8a5,8a5,1,0,0,0,0,0,0,0,1,0,0,0,0,1,0,1,0,0,1,0,1,0,0,0,1,0,0,1,0,1,0,0,1,0,1,0,0,0,1,0,0,1,0,1,0,0,1,0,1,0,0,0,1,0,0,1,0,1,0,0,1,0,1,0,0,0,1,0,0
2024,11,5,17:41:04.226,0.22,5,121.1,0.9505,1399.2,15.8,7.924,0.02,0.02,0.02,0.02,121.0,0.0,-2.0,21.0,0,0,1.1,5.6,-11.0,0,0,0,101,8a5,8a5,8a5,8a5,1,0,0,0,0,0,0,0,1,0,0,0,0,1,0,1,0,0,1,0,1,0,0,0,1,0,0,1,0,1,0,0,1,0,1,0,0,0,1,0,0,1,0,1,0,0,1,0,1,0,0,0,1,0,0,1,0,1,0,0,1,0,1,0,0,0,1,0,0
2024,11,5,17:41:04.246,0.24,25,121.1,0.9502,1406.7,23.3,7.925,0.02,0.02,0.02,0.02,128.0,0.0,-2.0,23.0,0,0,1.2,4.9,-12.0,0,0,0,101,8a5,8a5,8a5,8a5,1,0,0,0,0,0,0,0,1,0,0,0,0,1,0,1,0,0,1,0,1,0,0,0,1,0,0,1,0,1,0,0,1,0,1,0,0,0,1,0,0,1,0,1,0,0,1,0,1,0,0,0,1,0,0,1,0,1,0,0,1,0,1,0,0,0,1,0,0
2024,11,5,17:41:04.266,0.26,45,121.0,0.9502,1407.3,23.9,7.924,0.02,0.02,0.02,0.02,135.0,0.0,-3.0,26.0,0,0,1.2,4.3,-13.0,0,0,0,101,8a5,8a5,8a5,8a5,1,0,0,0,0,0,0,0,1,0,0,0,0,1,0,1,0,0,1,0,1,0,0,0,1,0,0,1,0,1,0,0,1,0,1,0,0,0,1,0,0,1,0,1,0,0,1,0,1,0,0,0,1,0,0,1,0,1,0,0,1,0,1,0,0,0,1,0,0
2024,11,5,17:41:04.286,0.28,65,121.0,0.9499,1416.5,33.1,7.926,0.02,0.02,0.02,0.02,143.0,0.0,-4.0,29.0,0,0,1.2,3.8,-15.0,0,0,0,101,8a5,8a5,8a5,8a5,1,0,0,0,0,0,0,0,1,0,0,0,0,1,0,1,0,0,1,0,1,0,0,0,1,0,0,1,0,1,0,0,1,0,1,0,0,0,1,0,0,1,0,1,0,0,1,0,1,0,0,0,1,0,0,1,0,1,0,0,1,0,1,0,0,0,1,0,0
2024,11,5,17:41:04.306,0.30,85,121.0,0.9499,1415.9,32.6,7.924,0.02,0.02,0.02,0.02,150.0,0.0,-4.0,31.0,0,0,1.1,3.2,-16.0,0,0,0,101,8a5,8a5,8a5,8a5,1,0,0,0,0,0,0,0,1,0,0,0,0,1,0,1,0,0,1,0,1,0,0,0,1,0,0,1,0,1,0,0,1,0,1,0,0,0,1,0,0,1,0,1,0,0,1,0,1,0,0,0,1,0,0,1,0,1,0,0,1,0,1,0,0,0,1,0,0
2024,11,5,17:41:04.326,0.32,105,121.0,0.9500,1411.3,27.9,7.924,0.02,0.02,0.02,0.02,157.0,0.0,-3.0,35.0,0,0,1.1,2.9,-17.0,0,0,0,101,8a5,8a5,8a5,8a5,1,0,0,0,0,0,0,0,1,0,0,0,0,1,0,1,0,0,1,0,1,0,0,0,1,0,0,1,0,1,0,0,1,0,1,0,0,0,1,0,0,1,0,1,0,0,1,0,1,0,0,0,1,0,0,1,0,1,0,0,1,0,1,0,0,0,1,0,0
2024,11,5,17:41:04.346,0.34,125,121.0,0.9500,1411.3,27.9,7.923,0.02,0.02,0.02,0.02,164.0,0.0,-3.0,38.0,0,-1,1.1,2.7,-18.0,0,0,0,101,8a5,8a5,8a5,8a5,1,0,0,0,0,0,0,0,1,0,0,0,0,1,0,1,0,0,1,0,1,0,0,0,1,0,0,1,0,1,0,0,1,0,1,0,0,0,1,0,0,1,0,1,0,0,1,0,1,0,0,0,1,0,0,1,0,1,0,0,1,0,1,0,0,0,1,0,0
2024,11,5,17:41:04.366,0.36,145,121.0,0.9499,1415.9,32.6,7.924,0.02,0.02,0.02,0.02,172.0,0.0,-4.0,41.0,0,-1,1.1,2.6,-19.0,0,0,0,101,8a5,8a5,8a5,8a5,1,0,0,0,0,0,0,0,1,0,0,0,0,1,0,1,0,0,1,0,1,0,0,0,1,0,0,1,0,1,0,0,1,0,1,0,0,0,1,0,0,1,0,1,0,0,1,0,1,0,0,0,1,0,0,1,0,1,0,0,1,0,1,0,0,0,1,0,0
2024,11,5,17:41:04.386,0.38,165,121.0,0.9498,1417.1,33.7,7.923,0.02,0.02,0.02,0.02,179.0,0.0,-4.0,45.0,0,-1,1.1,2.5,-20.0,0,0,0,101,8a5,8a5,8a5,8a5,1,0,0,0,0,0,0,0,1,0,0,0,0,1,0,1,0,0,1,0,1,0,0,0,1,0,0,1,0,1,0,0,1,0,1,0,0,0,1,0,0,1,0,1,0,0,1,0,1,0,0,0,1,0,0,1,0,1,0,0,1,0,1,0,0,0,1,0,0
2024,11,5,17:41:04.406,0.40,185,121.0,0.9497,1420.0,36.6,7.924,0.02,0.02,0.02,0.02,186.0,-1.0,-4.0,48.0,0,-1,1.1,2.3,-21.0,0,0,0,101,8a5,8a5,8a5,8a5,1,0,0,0,0,0,0,0,1,0,0,0,0,1,0,1,0,0,1,0,1,0,0,0,1,0,0,1,0,1,0,0,1,0,1,0,0,0,1,0,0,1,0,1,0,0,1,0,1,0,0,0,1,0,0,1,0,1,0,0,1,0,1,0,0,0,1,0,0
2024,11,5,17:41:04.426,0.42,205,121.0,0.9498,1419.4,36.0,7.921,0.02,0.02,0.02,0.02,193.0,-1.0,-4.0,52.0,0,-1,1.1,2.2,-22.0,0,0,0,101,8a5,8a5,8a5,8a5,1,0,0,0,0,0,0,0,1,0,0,0,0,1,0,1,0,0,1,0,1,0,0,0,1,0,0,1,0,1,0,0,1,0,1,0,0,0,1,0,0,1,0,1,0,0,1,0,1,0,0,0,1,0,0,1,0,1,0,0,1,0,1,0,0,0,1,0,0
2024,11,5,17:41:04.446,0.44,225,121.0,0.9494,1428.6,45.3,7.923,0.02,0.02,0.02,0.02,201.0,-1.0,-4.0,56.0,0,-1,1.1,2.2,-23.0,0,0,0,101,8a5,8a5,8a5,8a5,1,0,0,0,0,0,0,0,1,0,0,0,0,1,0,1,0,0,1,0,1,0,0,0,1,0,0,1,0,1,0,0,1,0,1,0,0,0,1,0,0,1,0,1,0,0,1,0,1,0,0,0,1,0,0,1,0,1,0,0,1,0,1,0,0,0,1,0,0
2024,11,5,17:41:04.466,0.46,245,121.0,0.9495,1428.1,44.7,7.925,0.02,0.02,0.02,0.02,208.0,-1.0,-4.0,60.0,0,-1,1.1,2.2,-24.0,0,0,0,101,8a5,8a5,8a5,8a5,1,0,0,0,0,0,0,0,1,0,0,0,0,1,0,1,0,0,1,0,1,0,0,0,1,0,0,1,0,1,0,0,1,0,1,0,0,0,1,0,0,1,0,1,0,0,1,0,1,0,0,0,1,0,0,1,0,1,0,0,1,0,1,0,0,0,1,0,0
2024,11,5,17:41:04.486,0.48,15,121.0,0.9493,1432.7,49.3,7.923,0.02,0.02,0.02,0.02,215.0,-1.0,-4.0,64.0,0,-1,1.2,2.1,-25.0,0,0,0,101,8a5,8a5,8a5,8a5,1,0,0,0,0,0,0,0,1,0,0,0,0,1,0,1,0,0,1,0,1,0,0,0,1,0,0,1,0,1,0,0,1,0,1,0,0,0,1,0,0,1,0,1,0,0,1,0,1,0,0,0,1,0,0,1,0,1,0,0,1,0,1,0,0,0,1,0,0
2024,11,5,17:41:04.506,0.50,35,121.0,0.9493,1432.7,49.3,7.924,0.02,0.02,0.02,0.02,223.0,-1.0,-4.0,69.0,0,-1,1.2,2.1,-26.0,0,0,0,101,8a5,8a5,8a5,8a5,1,0,0,0,0,0,0,0,1,0,0,0,0,1,0,1,0,0,1,0,1,0,0,0,1,0,0,1,0,1,0,0,1,0,1,0,0,0,1,0,0,1,0,1,0,0,1,0,1,0,0,0,1,0,0,1,0,1,0,0,1,0,1,0,0,0,1,0,0
2024,11,5,17:41:04.526,0.52,55,121.0,0.9492,1434.4,51.0,7.924,0.02,0.02,0.02,0.02,230.0,-1.0,-4.0,73.0,0,-1,1.2,2.0,-26.0,0,0,0,101,8a5,8a5,8a5,8a5,1,0,0,0,0,0,0,0,1,0,0,0,0,1,0,1,0,0,1,0,1,0,0,0,1,0,0,1,0,1,0,0,1,0,1,0,0,0,1,0,0,1,0,1,0,0,1,0,1,0,0,0,1,0,0,1,0,1,0,0,1,0,1,0,0,0,1,0,0
2024,11,5,17:41:04.546,0.54,75,121.0,0.9492,1434.4,51.0,7.924,0.02,0.02,0.02,0.02,237.0,-1.0,-4.0,78.0,0,-1,1.2,2.1,-27.0,0,0,0,101,8a5,8a5,8a5,8a5,1,0,0,0,0,0,0,0,1,0,0,0,0,1,0,1,0,0,1,0,1,0,0,0,1,0,0,1,0,1,0,0,1,0,1,0,0,0,1,0,0,1,0,1,0,0,1,0,1,0,0,0,1,0,0,1,0,1,0,0,1,0,1,0,0,0,1,0,0
2024,11,5,17:41:04.566,0.56,95,121.0,0.9490,1441.9,58.5,7.925,0.02,0.02,0.02,0.02,244.0,-1.0,-5.0,83.0,0,-2,1.2,2.0,-28.0,0,0,0,101,8a5,8a5,8a5,8a5,1,0,0,0,0,0,0,0,1,0,0,0,0,1,0,1,0,0,1,0,1,0,0,0,1,0,0,1,0,1,0,0,1,0,1,0,0,0,1,0,0,1,0,1,0,0,1,0,1,0,0,0,1,0,0,1,0,1,0,0,1,0,1,0,0,0,1,0,0
2024,11,5,17:41:04.586,0.58,115,121.0,0.9490,1441.9,58.5,7.924,0.02,0.02,0.02,0.02,252.0,-2.0,-5.0,88.0,0,-2,1.2,2.0,-28.0,0,0,0,101,8a5,8a5,8a5,8a5,1,0,0,0,0,0,0,0,1,0,0,0,0,1,0,1,0,0,1,0,1,0,0,0,1,0,0,1,0,1,0,0,1,0,1,0,0,0,1,0,0,1,0,1,0,0,1,0,1,0,0,0,1,0,0,1,0,1,0,0,1,0,1,0,0,0,1,0,0
2024,11,5,17:41:04.606,0.60,135,121.0,0.9485,1456.9,73.5,7.925,0.02,0.02,0.02,0.02,259.0,-2.0,-5.0,93.0,0,-2,1.3,2.0,-29.0,0,0,0,101,8a5,8a5,8a5,8a5,1,0,0,0,0,0,0,0,1,0,0,0,0,1,0,1,0,0,1,0,1,0,0,0,1,0,0,1,0,1,0,0,1,0,1,0,0,0,1,0,0,1,0,1,0,0,1,0,1,0,0,0,1,0,0,1,0,1,0,0,1,0,1,0,0,0,1,0,0
2024,11,5,17:41:04.626,0.62,155,121.0,0.9485,1456.9,73.5,7.923,0.02,0.02,0.02,0.02,266.0,-2.0,-5.0,98.0,0,-2,1.3,2.1,-29.0,0,0,0,101,8a5,8a5,8a5,8a5,1,0,0,0,0,0,0,0,1,0,0,0,0,1,0,1,0,0,1,0,1,0,0,0,1,0,0,1,0,1,0,0,1,0,1,0,0,0,1,0,0,1,0,1,0,0,1,0,1,0,0,0,1,0,0,1,0,1,0,0,1,0,1,0,0,0,1,0,0
2024,11,5,17:41:04.646,0.64,175,121.0,0.9483,1461.0,77.6,7.924,0.02,0.02,0.02,0.02,273.0,-2.0,-5.0,104.0,0,-2,1.3,2.1,-29.0,0,0,0,101,8a5,8a5,8a5,8a5,1,0,0,0,0,0,0,0,1,0,0,0,0,1,0,1,0,0,1,0,1,0,0,0,1,0,0,1,0,1,0,0,1,0,1,0,0,0,1,0,0,1,0,1,0,0,1,0,1,0,0,0,1,0,0,1,0,1,0,0,1,0,1,0,0,0,1,0,0
2024,11,5,17:41:04.666,0.66,195,121.0,0.9483,1461.0,77.6,7.924,0.02,0.02,0.02,0.02,281.0,-2.0,-5.0,109.0,0,-2,1.3,2.1,-30.0,0,0,0,101,8a5,8a5,8a5,8a5,1,0,0,0,0,0,0,0,1,0,0,0,0,1,0,1,0,0,1,0,1,0,0,0,1,0,0,1,0,1,0,0,1,0,1,0,0,0,1,0,0,1,0,1,0,0,1,0,1,0,0,0,1,0,0,1,0,1,0,0,1,0,1,0,0,0,1,0,0
2024,11,5,17:41:04.686,0.68,215,121.0,0.9479,1472.0,88.6,7.924,0.02,0.02,0.02,0.02,288.0,-2.0,-5.0,115.0,0,-2,1.4,2.1,-30.0,0,0,0,101,8a5,8a5,8a5,8a5,1,0,0,0,0,0,0,0,1,0,0,0,0,1,0,1,0,0,1,0,1,0,0,0,1,0,0,1,0,1,0,0,1,0,1,0,0,0,1,0,0,1,0,1,0,0,1,0,1,0,0,0,1,0,0,1,0,1,0,0,1,0,1,0,0,0,1,0,0
2024,11,5,17:41:04.706,0.70,235,121.0,0.9479,1472.0,88.6,7.924,0.02,0.02,0.02,0.02,295.0,-2.0,-5.0,121.0,0,-2,1.4,2.1,-30.0,0,0,0,101,8a5,8a5,8a5,8a5,1,0,0,0,0,0,0,0,1,0,0,0,0,1,0,1,0,0,1,0,1,0,0,0,1,0,0,1,0,1,0,0,1,0,1,0,0,0,1,0,0,1,0,1,0,0,1,0,1,0,0,0,1,0,0,1,0,1,0,0,1,0,1,0,0,0,1,0,0
2024,11,5,17:41:04.726,0.72,5,121.0,0.9477,1477.7,94.3,7.925,0.02,0.02,0.02,0.02,302.0,-3.0,-5.0,127.0,0,-2,1.4,2.1,-30.0,0,0,0,101,9a5,9a5,9a5,9a5,1,0,0,0,0,0,0,0,1,0,0,0,0,1,0,1,0,0,1,0,1,1,0,0,1,0,0,1,0,1,0,0,1,0,1,1,0,0,1,0,0,1,0,1,0,0,1,0,1,1,0,0,1,0,0,1,0,1,0,0,1,0,1,1,0,0,1,0,0
2024,11,5,17:41:04.746,0.74,25,121.0,0.9477,1477.7,94.3,7.924,0.02,0.02,0.02,0.02,310.0,-3.0,-5.0,133.0,0,-3,1.4,2.0,-30.0,0,0,0,101,9a5,9a5,9a5,9a5,1,0,0,0,0,0,0,0,1,0,0,0,0,1,0,1,0,0,1,0,1,1,0,0,1,0,0,1,0,1,0,0,1,0,1,1,0,0,1,0,0,1,0,1,0,0,1,0,1,1,0,0,1,0,0,1,0,1,0,0,1,0,1,1,0,0,1,0,0
2024,11,5,17:41:04.766,0.76,45,121.0,0.9474,1488.1,104.8,7.925,0.02,0.02,0.02,0.02,317.0,-3.0,-5.0,139.0,0,-3,1.4,2.0,-30.0,0,0,0,101,9a5,9a5,9a5,9a5,1,0,0,0,0,0,0,0,1,0,0,0,0,1,0,1,0,0,1,0,1,1,0,0,1,0,0,1,0,1,0,0,1,0,1,1,0,0,1,0,0,1,0,1,0,0,1,0,1,1,0,0,1,0,0,1,0,1,0,0,1,0,1,1,0,0,1,0,0
2024,11,5,17:41:04.786,0.78,65,121.0,0.9474,1488.1,104.8,7.924,0.02,0.02,0.02,0.02,324.0,-3.0,-5.0,146.0,-1,-3,1.4,2.0,-30.0,0,0,0,101,9a5,9a5,9a5,9a5,1,0,0,0,0,0,0,0,1,0,0,0,0,1,0,1,0,0,1,0,1,1,0,0,1,0,0,1,0,1,0,0,1,0,1,1,0,0,1,0,0,1,0,1,0,0,1,0,1,1,0,0,1,0,0,1,0,1,0,0,1,0,1,1,0,0,1,0,0
2024,11,5,17:41:04.806,0.80,85,121.0,0.9470,1498.6,115.2,7.925,0.02,0.02,0.02,0.02,331.0,-3.0,-5.0,152.0,-1,-3,1.4,2.0,-30.0,0,0,0,101,9a5,9a5,9a5,9a5,1,0,0,0,0,0,0,0,1,0,0,0,0,1,0,1,0,0,1,0,1,1,0,0,1,0,0,1,0,1,0,0,1,0,1,1,0,0,1,0,0,1,0,1,0,0,1,0,1,1,0,0,1,0,0,1,0,1,0,0,1,0,1,1,0,0,1,0,0
2024,11,5,17:41:04.826,0.82,105,121.0,0.9470,1499.1,115.7,7.925,0.02,0.02,0.02,0.02,338.0,-3.0,-5.0,159.0,-1,-3,1.4,2.0,-29.0,0,0,0,101,9a5,9a5,9a5,9a5,1,0,0,0,0,0,0,0,1,0,0,0,0,1,0,1,0,0,1,0,1,1,0,0,1,0,0,1,0,1,0,0,1,0,1,1,0,0,1,0,0,1,0,1,0,0,1,0,1,1,0,0,1,0,0,1,0,1,0,0,1,0,1,1,0,0,1,0,0
2024,11,5,17:41:04.846,0.84,125,121.0,0.9466,1509.5,126.2,7.923,0.02,0.02,0.02,0.02,346.0,-4.0,-5.0,166.0,-1,-3,1.4,2.0,-29.0,0,0,0,101,9a5,9a5,9a5,9a5,1,0,0,0,0,0,0,0,1,0,0,0,0,1,0,1,0,0,1,0,1,1,0,0,1,0,0,1,0,1,0,0,1,0,1,1,0,0,1,0,0,1,0,1,0,0,1,0,1,1,0,0,1,0,0,1,0,1,0,0,1,0,1,1,0,0,1,0,0
2024,11,5,17:41:04.866,0.86,145,121.0,0.9466,1509.5,126.2,7.924,0.02,0.02,0.02,0.02,353.0,-4.0,-6.0,173.0,-1,-3,1.4,2.0,-28.0,0,0,0,101,9a5,9a5,9a5,9a5,1,0,0,0,0,0,0,0,1,0,0,0,0,1,0,1,0,0,1,0,1,1,0,0,1,0,0,1,0,1,0,0,1,0,1,1,0,0,1,0,0,1,0,1,0,0,1,0,1,1,0,0,1,0,0,1,0,1,0,0,1,0,1,1,0,0,1,0,0
2024,11,5,17:41:04.886,0.88,165,121.0,0.9463,1518.2,134.8,7.923,0.02,0.02,0.02,0.02,360.0,-4.0,-6.0,180.0,-1,-3,1.5,2.0,-28.0,0,0,0,101,9a5,9a5,9a5,9a5,1,0,0,0,0,0,0,0,1,0,0,0,0,1,0,1,0,0,1,0,1,1,0,0,1,0,0,1,0,1,0,0,1,0,1,1,0,0,1,0,0,1,0,1,0,0,1,0,1,1,0,0,1,0,0,1,0,1,0,0,1,0,1,1,0,0,1,0,0
2024,11,5,17:41:04.906,0.90,185,121.1,0.9463,1518.2,134.8,7.924,0.02,0.02,0.02,0.02,367.0,-4.0,-6.0,187.0,-1,-3,1.5,2.0,-27.0,0,0,0,101,9a5,9a5,9a5,9a5,1,0,0,0,0,0,0,0,1,0,0,0,0,1,0,1,0,0,1,0,1,1,0,0,1,0,0,1,0,1,0,0,1,0,1,1,0,0,1,0,0,1,0,1,0,0,1,0,1,1,0,0,1,0,0,1,0,1,0,0,1,0,1,1,0,0,1,0,0
2024,11,5,17:41:04.926,0.92,205,121.1,0.9459,1530.4,147.0,7.924,0.02,0.02,0.02,0.02,374.0,-4.0,-6.0,195.0,-1,-4,1.5,2.0,-26.0,0,0,0,101,9a5,9a5,9a5,9a5,1,0,0,0,0,0,0,0,1,0,0,0,0,1,0,1,0,0,1,0,1,1,0,0,1,0,0,1,0,1,0,0,1,0,1,1,0,0,1,0,0,1,0,1,0,0,1,0,1,1,0,0,1,0,0,1,0,1,0,0,1,0,1,1,0,0,1,0,0
2024,11,5,17:41:04.946,0.94,225,121.0,0.9459,1530.4,147.0,7.924,0.02,0.02,0.02,0.02,382.0,-4.0,-6.0,202.0,-1,-4,1.5,2.1,-25.0,0,0,0,101,9a5,9a5,9a5,9a5,1,0,0,0,0,0,0,0,1,0,0,0,0,1,0,1,0,0,1,0,1,1,0,0,1,0,0,1,0,1,0,0,1,0,1,1,0,0,1,0,0,1,0,1,0,0,1,0,1,1,0,0,1,0,0,1,0,1,0,0,1,0,1,1,0,0,1,0,0
2024,11,5,17:41:04.966,0.96,245,121.0,0.9457,1536.7,153.4,7.924,0.02,0.02,0.02,0.02,389.0,-4.0,-6.0,210.0,-1,-4,1.6,2.1,-24.0,0,0,0,101,9a5,9a5,9a5,9a5,1,0,0,0,0,0,0,0,1,0,0,0,0,1,0,1,0,0,1,0,1,1,0,0,1,0,0,1,0,1,0,0,1,0,1,1,0,0,1,0,0,1,0,1,0,0,1,0,1,1,0,0,1,0,0,1,0,1,0,0,1,0,1,1,0,0,1,0,0
2024,11,5,17:41:04.986,0.98,15,121.0,0.9457,1536.7,153.4,7.924,0.02,0.02,0.02,0.02,396.0,-4.0,-6.0,218.0,-1,-4,1.7,2.2,-23.0,0,0,0,101,9a5,9a5,9a5,9a5,1,0,0,0,0,0,0,0,1,0,0,0,0,1,0,1,0,0,1,0,1,1,0,0,1,0,0,1,0,1,0,0,1,0,1,1,0,0,1,0,0,1,0,1,0,0,1,0,1,1,0,0,1,0,0,1,0,1,0,0,1,0,1,1,0,0,1,0,0
2024,11,5,17:41:05.006,1.00,35,121.0,0.9451,1554.7,171.3,7.923,0.02,0.02,0.02,0.02,403.0,-4.0,-7.0,226.0,-1,-4,1.7,2.3,-22.0,0,0,0,101,925,925,925,925,1,0,0,0,0,0,0,0,1,0,0,0,0,1,0,1,0,0,1,0,0,1,0,0,1,0,0,1,0,1,0,0,1,0,0,1,0,0,1,0,0,1,0,1,0,0,1,0,0,1,0,0,1,0,0,1,0,1,0,0,1,0,0,1,0,0,1,0,0
2024,11,5,17:41:05.026,1.02,55,121.0,0.9451,1554.7,171.3,7.924,0.02,0.02,0.02,0.02,410.0,-4.0,-7.0,234.0,-2,-4,1.8,2.4,-21.0,0,0,0,101,925,925,925,925,1,0,0,0,0,0,0,0,1,0,0,0,0,1,0,1,0,0,1,0,0,1,0,0,1,0,0,1,0,1,0,0,1,0,0,1,0,0,1,0,0,1,0,1,0,0,1,0,0,1,0,0,1,0,0,1,0,1,0,0,1,0,0,1,0,0,1,0,0
2024,11,5,17:41:05.046,1.04,75,121.0,0.9447,1565.1,181.7,7.924,0.02,0.02,0.02,0.02,418.0,-4.0,-7.0,242.0,-2,-4,1.9,2.5,-20.0,0,0,0,101,925,925,925,925,1,0,0,0,0,0,0,0,1,0,0,0,0,1,0,1,0,0,1,0,0,1,0,0,1,0,0,1,0,1,0,0,1,0,0,1,0,0,1,0,0,1,0,1,0,0,1,0,0,1,0,0,1,0,0,1,0,1,0,0,1,0,0,1,0,0,1,0,0
2024,11,5,17:41:05.066,1.06,95,121.1,0.9447,1564.6,181.2,7.924,0.02,0.02,0.02,0.02,425.0,-4.0,-7.0,251.0,-2,-5,2.0,2.6,-18.0,0,0,0,101,925,925,925,925,1,0,0,0,0,0,0,0,1,0,0,0,0,1,0,1,0,0,1,0,0,1,0,0,1,0,0,1,0,1,0,0,1,0,0,1,0,0,1,0,0,1,0,1,0,0,1,0,0,1,0,0,1,0,0,1,0,1,0,0,1,0,0,1,0,0,1,0,0
2024,11,5,17:41:05.086,1.08,115,121.1,0.9444,1575.6,192.2,7.924,0.02,0.02,0.02,0.02,432.0,-4.0,-8.0,259.0,-2,-5,2.1,2.7,-17.0,0,0,0,101,925,925,925,925,1,0,0,0,0,0,0,0,1,0,0,0,0,1,0,1,0,0,1,0,0,1,0,0,1,0,0,1,0,1,0,0,1,0,0,1,0,0,1,0,0,1,0,1,0,0,1,0,0,1,0,0,1,0,0,1,0,1,0,0,1,0,0,1,0,0,1,0,0
2024,11,5,17:41:05.106,1.10,135,121.1,0.9444,1575.6,192.2,7.925,0.02,0.02,0.02,0.02,439.0,-4.0,-8.0,268.0,-2,-5,2.2,2.8,-15.0,0,0,0,101,925,925,925,925,1,0,0,0,0,0,0,0,1,0,0,0,0,1,0,1,0,0,1,0,0,1,0,0,1,0,0,1,0,1,0,0,1,0,0,1,0,0,1,0,0,1,0,1,0,0,1,0,0,1,0,0,1,0,0,1,0,1,0,0,1,0,0,1,0,0,1,0,0
2024,11,5,17:41:05.126,1.12,155,121.1,0.9439,1587.7,204.4,7.925,0.02,0.02,0.02,0.02,447.0,-4.0,-8.0,277.0,-2,-5,2.3,3.0,-13.0,0,0,0,101,925,925,925,925,1,0,0,0,0,0,0,0,1,0,0,0,0,1,0,1,0,0,1,0,0,1,0,0,1,0,0,1,0,1,0,0,1,0,0,1,0,0,1,0,0,1,0,1,0,0,1,0,0,1,0,0,1,0,0,1,0,1,0,0,1,0,0,1,0,0,1,0,0
2024,11,5,17:41:05.146,1.14,175,121.0,0.9439,1587.7,204.4,7.923,0.02,0.02,0.02,0.02,454.0,-4.0,-9.0,286.0,-2,-5,2.4,3.1,-11.0,0,0,0,101,925,925,925,925,1,0,0,0,0,0,0,0,1,0,0,0,0,1,0,1,0,0,1,0,0,1,0,0,1,0,0,1,0,1,0,0,1,0,0,1,0,0,1,0,0,1,0,1,0,0,1,0,0,1,0,0,1,0,0,1,0,1,0,0,1,0,0,1,0,0,1,0,0
2024,11,5,17:41:05.166,1.16,195,121.0,0.9436,1598.2,214.8,7.924,0.02,0.02,0.02,0.02,461.0,-4.0,-9.0,295.0,-2,-5,2.6,3.2,-9.0,0,0,0,101,925,925,925,925,1,0,0,0,0,0,0,0,1,0,0,0,0,1,0,1,0,0,1,0,0,1,0,0,1,0,0,1,0,1,0,0,1,0,0,1,0,0,1,0,0,1,0,1,0,0,1,0,0,1,0,0,1,0,0,1,0,1,0,0,1,0,0,1,0,0,1,0,0
2024,11,5,17:41:05.186,1.18,215,121.0,0.9436,1598.8,215.4,7.924,0.02,0.02,0.02,0.02,468.0,-4.0,-9.0,304.0,-2,-6,2.7,3.4,-7.0,0,0,0,101,925,925,925,925,1,0,0,0,0,0,0,0,1,0,0,0,0,1,0,1,0,0,1,0,0,1,0,0,1,0,0,1,0,1,0,0,1,0,0,1,0,0,1,0,0,1,0,1,0,0,1,0,0,1,0,0,1,0,0,1,0,1,0,0,1,0,0,1,0,0,1,0,0
2024,11,5,17:41:05.206,1.20,235,121.0,0.9431,1612.1,228.7,7.922,0.02,0.02,0.02,0.02,476.0,-3.0,-10.0,314.0,-2,-6,2.8,3.5,-5.0,0,0,0,101,925,925,925,925,1,0,0,0,0,0,0,0,1,0,0,0,0,1,0,1,0,0,1,0,0,1,0,0,1,0,0,1,0,1,0,0,1,0,0,1,0,0,1,0,0,1,0,1,0,0,1,0,0,1,0,0,1,0,0,1,0,1,0,0,1,0,0,1,0,0,1,0,0
2024,11,5,17:41:05.226,1.22,5,121.0,0.9431,1612.1,228.7,7.924,0.02,0.02,0.02,0.02,483.0,-3.0,-10.0,323.0,-2,-6,2.9,3.6,-3.0,0,0,0,101,925,925,925,925,1,0,0,0,0,0,0,0,1,0,0,0,0,1,0,1,0,0,1,0,0,1,0,0,1,0,0,1,0,1,0,0,1,0,0,1,0,0,1,0,0,1,0,1,0,0,1,0,0,1,0,0,1,0,0,1,0,1,0,0,1,0,0,1,0,0,1,0,0
2024,11,5,17:41:05.246,1.24,25,121.0,0.9425,1630.1,246.7,7.924,0.02,0.02,0.02,0.02,490.0,-3.0,-11.0,333.0,-3,-6,2.9,3.7,0.0,0,0,0,101,925,925,925,925,1,0,0,0,0,0,0,0,1,0,0,0,0,1,0,1,0,0,1,0,0,1,0,0,1,0,0,1,0,1,0,0,1,0,0,1,0,0,1,0,0,1,0,1,0,0,1,0,0,1,0,0,1,0,0,1,0,1,0,0,1,0,0,1,0,0,1,0,0
2024,11,5,17:41:05.266,1.26,45,121.0,0.9425,1630.1,246.7,7.925,0.02,0.02,0.02,0.02,498.0,-3.0,-11.0,343.0,-3,-6,3.0,3.8,1.0,0,0,0,101,925,925,925,925,1,0,0,0,0,0,0,0,1,0,0,0,0,1,0,1,0,0,1,0,0,1,0,0,1,0,0,1,0,1,0,0,1,0,0,1,0,0,1,0,0,1,0,1,0,0,1,0,0,1,0,0,1,0,0,1,0,1,0,0,1,0,0,1,0,0,1,0,0
2024,11,5,17:41:05.286,1.28,65,121.0,0.9420,1643.5,260.1,7.924,0.02,0.02,0.02,0.02,505.0,-2.0,-11.0,353.0,-3,-7,3.1,3.8,4.0,0,0,0,101,925,925,925,925,1,0,0,0,0,0,0,0,1,0,0,0,0,1,0,1,0,0,1,0,0,1,0,0,1,0,0,1,0,1,0,0,1,0,0,1,0,0,1,0,0,1,0,1,0,0,1,0,0,1,0,0,1,0,0,1,0,1,0,0,1,0,0,1,0,0,1,0,0
2024,11,5,17:41:05.306,1.30,85,121.1,0.9420,1643.5,260.1,7.925,0.02,0.02,0.02,0.02,512.0,-2.0,-12.0,363.0,-3,-7,3.2,3.9,7.0,0,0,0,101,925,925,925,925,1,0,0,0,0,0,0,0,1,0,0,0,0,1,0,1,0,0,1,0,0,1,0,0,1,0,0,1,0,1,0,0,1,0,0,1,0,0,1,0,0,1,0,1,0,0,1,0,0,1,0,0,1,0,0,1,0,1,0,0,1,0,0,1,0,0,1,0,0
2024,11,5,17:41:05.326,1.32,105,121.1,0.9417,1652.2,268.8,7.924,0.02,0.02,0.02,0.02,520.0,-2.0,-12.0,374.0,-3,-7,3.2,3.9,9.0,0,0,0,101,925,925,925,925,1,0,0,0,0,0,0,0,1,0,0,0,0,1,0,1,0,0,1,0,0,1,0,0,1,0,0,1,0,1,0,0,1,0,0,1,0,0,1,0,0,1,0,1,0,0,1,0,0,1,0,0,1,0,0,1,0,1,0,0,1,0,0,1,0,0,1,0,0
2024,11,5,17:41:05.346,1.34,125,121.0,0.9417,1652.8,269.4,7.924,0.02,0.02,0.02,0.02,527.0,-2.0,-13.0,384.0,-3,-7,3.2,4.0,12.0,0,0,0,101,925,925,925,925,1,0,0,0,0,0,0,0,1,0,0,0,0,1,0,1,0,0,1,0,0,1,0,0,1,0,0,1,0,1,0,0,1,0,0,1,0,0,1,0,0,1,0,1,0,0,1,0,0,1,0,0,1,0,0,1,0,1,0,0,1,0,0,1,0,0,1,0,0
2024,11,5,17:41:05.366,1.36,145,121.0,0.9411,1669.0,285.6,7.924,0.02,0.02,0.02,0.02,534.0,-1.0,-13.0,395.0,-3,-8,3.3,4.0,16.0,0,0,0,101,925,925,925,925,1,0,0,0,0,0,0,0,1,0,0,0,0,1,0,1,0,0,1,0,0,1,0,0,1,0,0,1,0,1,0,0,1,0,0,1,0,0,1,0,0,1,0,1,0,0,1,0,0,1,0,0,1,0,0,1,0,1,0,0,1,0,0,1,0,0,1,0,0
2024,11,5,17:41:05.386,1.38,165,121.1,0.9411,1669.0,285.6,7.923,0.02,0.02,0.02,0.02,542.0,-1.0,-14.0,406.0,-3,-8,3.3,4.0,19.0,0,0,0,101,925,925,925,925,1,0,0,0,0,0,0,0,1,0,0,0,0,1,0,1,0,0,1,0,0,1,0,0,1,0,0,1,0,1,0,0,1,0,0,1,0,0,1,0,0,1,0,1,0,0,1,0,0,1,0,0,1,0,0,1,0,1,0,0,1,0,0,1,0,0,1,0,0
2024,11,5,17:41:05.406,1.40,185,121.1,0.9406,1685.3,301.9,7.922,0.02,0.02,0.02,0.02,549.0,-1.0,-14.0,417.0,-3,-8,3.3,4.0,22.0,0,0,0,101,925,925,925,925,1,0,0,0,0,0,0,0,1,0,0,0,0,1,0,1,0,0,1,0,0,1,0,0,1,0,0,1,0,1,0,0,1,0,0,1,0,0,1,0,0,1,0,1,0,0,1,0,0,1,0,0,1,0,0,1,0,1,0,0,1,0,0,1,0,0,1,0,0
2024,11,5,17:41:05.426,1.42,205,121.1,0.9406,1685.9,302.5,7.925,0.02,0.02,0.02,0.02,556.0,0.0,-15.0,428.0,-3,-9,3.3,4.0,26.0,0,0,0,101,925,925,925,925,1,0,0,0,0,0,0,0,1,0,0,0,0,1,0,1,0,0,1,0,0,1,0,0,1,0,0,1,0,1,0,0,1,0,0,1,0,0,1,0,0,1,0,1,0,0,1,0,0,1,0,0,1,0,0,1,0,1,0,0,1,0,0,1,0,0,1,0,0
2024,11,5,17:41:05.446,1.44,225,121.1,0.9401,1699.3,315.9,7.923,0.02,0.02,0.02,0.02,564.0,0.0,-15.0,439.0,-3,-9,3.3,4.0,29.0,0,0,0,101,925,925,925,925,1,0,0,0,0,0,0,0,1,0,0,0,0,1,0,1,0,0,1,0,0,1,0,0,1,0,0,1,0,1,0,0,1,0,0,1,0,0,1,0,0,1,0,1,0,0,1,0,0,1,0,0,1,0,0,1,0,1,0,0,1,0,0,1,0,0,1,0,0
2024,11,5,17:41:05.466,1.46,245,121.0,0.9401,1699.8,316.5,7.924,0.02,0.02,0.02,0.02,571.0,0.0,-15.0,450.0,-3,-9,3.3,4.0,33.0,0,0,0,101,925,925,925,925,1,0,0,0,0,0,0,0,1,0,0,0,0,1,0,1,0,0,1,0,0,1,0,0,1,0,0,1,0,1,0,0,1,0,0,1,0,0,1,0,0,1,0,1,0,0,1,0,0,1,0,0,1,0,0,1,0,1,0,0,1,0,0,1,0,0,1,0,0
2024,11,5,17:41:05.486,1.48,15,121.0,0.9395,1717.9,334.5,7.924,0.02,0.02,0.02,0.02,578.0,0.0,-16.0,462.0,-3,-10,3.4,4.0,36.0,0,0,0,101,925,925,925,925,1,0,0,0,0,0,0,0,1,0,0,0,0,1,0,1,0,0,1,0,0,1,0,0,1,0,0,1,0,1,0,0,1,0,0,1,0,0,1,0,0,1,0,1,0,0,1,0,0,1,0,0,1,0,0,1,0,1,0,0,1,0,0,1,0,0,1,0,0
2024,11,5,17:41:05.506,1.50,35,121.0,0.9395,1717.9,334.5,7.924,0.02,0.02,0.02,0.02,586.0,0.0,-16.0,473.0,-3,-10,3.4,4.0,40.0,0,0,0,101,925,925,925,925,1,0,0,0,0,0,0,0,1,0,0,0,0,1,0,1,0,0,1,0,0,1,0,0,1,0,0,1,0,1,0,0,1,0,0,1,0,0,1,0,0,1,0,1,0,0,1,0,0,1,0,0,1,0,0,1,0,1,0,0,1,0,0,1,0,0,1,0,0
2024,11,5,17:41:05.526,1.52,55,121.0,0.9389,1734.2,350.8,7.925,0.02,0.02,0.02,0.02,593.0,0.0,-17.0,485.0,-3,-10,3.4,4.0,44.0,0,0,0,101,925,925,925,925,1,0,0,0,0,0,0,0,1,0,0,0,0,1,0,1,0,0,1,0,0,1,0,0,1,0,0,1,0,1,0,0,1,0,0,1,0,0,1,0,0,1,0,1,0,0,1,0,0,1,0,0,1,0,0,1,0,1,0,0,1,0,0,1,0,0,1,0,0
2024,11,5,17:41:05.546,1.54,75,121.0,0.9389,1734.2,350.8,7.924,0.02,0.02,0.02,0.02,600.0,0.0,-17.0,497.0,-3,-11,3.3,4.0,48.0,0,0,0,101,925,925,925,925,1,0,0,0,0,0,0,0,1,0,0,0,0,1,0,1,0,0,1,0,0,1,0,0,1,0,0,1,0,1,0,0,1,0,0,1,0,0,1,0,0,1,0,1,0,0,1,0,0,1,0,0,1,0,0,1,0,1,0,0,1,0,0,1,0,0,1,0,0
2024,11,5,17:41:05.566,1.56,95,121.0,0.9384,1749.3,366.0,7.926,0.02,0.02,0.02,0.02,608.0,1.0,-18.0,509.0,-3,-11,3.3,4.0,53.0,0,0,0,101,925,925,925,925,1,0,0,0,0,0,0,0,1,0,0,0,0,1,0,1,0,0,1,0,0,1,0,0,1,0,0,1,0,1,0,0,1,0,0,1,0,0,1,0,0,1,0,1,0,0,1,0,0,1,0,0,1,0,0,1,0,1,0,0,1,0,0,1,0,0,1,0,0
2024,11,5,17:41:05.586,1.58,115,121.0,0.9384,1749.3,366.0,7.925,0.02,0.02,0.02,0.02,615.0,1.0,-18.0,521.0,-3,-11,3.3,3.9,57.0,0,0,0,101,925,925,925,925,1,0,0,0,0,0,0,0,1,0,0,0,0,1,0,1,0,0,1,0,0,1,0,0,1,0,0,1,0,1,0,0,1,0,0,1,0,0,1,0,0,1,0,1,0,0,1,0,0,1,0,0,1,0,0,1,0,1,0,0,1,0,0,1,0,0,1,0,0
2024,11,5,17:41:05.606,1.60,135,121.0,0.9377,1769.2,385.8,7.923,0.02,0.02,0.02,0.02,622.0,1.0,-19.0,534.0,-3,-12,3.3,3.9,61.0,0,0,0,101,925,925,925,925,1,0,0,0,0,0,0,0,1,0,0,0,0,1,0,1,0,0,1,0,0,1,0,0,1,0,0,1,0,1,0,0,1,0,0,1,0,0,1,0,0,1,0,1,0,0,1,0,0,1,0,0,1,0,0,1,0,1,0,0,1,0,0,1,0,0,1,0,0
2024,11,5,17:41:05.626,1.62,155,121.0,0.9377,1769.2,385.8,7.924,0.02,0.02,0.02,0.02,630.0,1.0,-19.0,546.0,-3,-12,3.3,3.9,66.0,0,0,0,101,925,925,925,925,1,0,0,0,0,0,0,0,1,0,0,0,0,1,0,1,0,0,1,0,0,1,0,0,1,0,0,1,0,1,0,0,1,0,0,1,0,0,1,0,0,1,0,1,0,0,1,0,0,1,0,0,1,0,0,1,0,1,0,0,1,0,0,1,0,0,1,0,0
2024,11,5,17:41:05.646,1.64,175,121.0,0.9370,1789.0,405.6,7.924,0.02,0.02,0.02,0.02,637.0,1.0,-20.0,559.0,-3,-12,3.3,3.9,70.0,0,0,0,101,925,925,925,925,1,0,0,0,0,0,0,0,1,0,0,0,0,1,0,1,0,0,1,0,0,1,0,0,1,0,0,1,0,1,0,0,1,0,0,1,0,0,1,0,0,1,0,1,0,0,1,0,0,1,0,0,1,0,0,1,0,1,0,0,1,0,0,1,0,0,1,0,0
2024,11,5,17:41:05.666,1.66,195,121.0,0.9370,1789.0,405.6,7.925,0.02,0.02,0.02,0.02,644.0,2.0,-20.0,572.0,-3,-13,3.3,3.9,75.0,0,0,0,101,925,925,925,925,1,0,0,0,0,0,0,0,1,0,0,0,0,1,0,1,0,0,1,0,0,1,0,0,1,0,0,1,0,1,0,0,1,0,0,1,0,0,1,0,0,1,0,1,0,0,1,0,0,1,0,0,1,0,0,1,0,1,0,0,1,0,0,1,0,0,1,0,0
2024,11,5,17:41:05.686,1.68,215,121.0,0.9364,1807.7,424.3,7.924,0.02,0.02,0.02,0.02,652.0,2.0,-21.0,585.0,-3,-13,3.4,3.9,80.0,0,0,0,101,925,925,925,925,1,0,0,0,0,0,0,0,1,0,0,0,0,1,0,1,0,0,1,0,0,1,0,0,1,0,0,1,0,1,0,0,1,0,0,1,0,0,1,0,0,1,0,1,0,0,1,0,0,1,0,0,1,0,0,1,0,1,0,0,1,0,0,1,0,0,1,0,0
2024,11,5,17:41:05.706,1.70,235,121.0,0.9364,1807.1,423.7,7.925,0.02,0.02,0.02,0.02,659.0,2.0,-22.0,598.0,-3,-14,3.4,4.0,85.0,0,0,0,101,925,925,925,925,1,0,0,0,0,0,0,0,1,0,0,0,0,1,0,1,0,0,1,0,0,1,0,0,1,0,0,1,0,1,0,0,1,0,0,1,0,0,1,0,0,1,0,1,0,0,1,0,0,1,0,0,1,0,0,1,0,1,0,0,1,0,0,1,0,0,1,0,0
2024,11,5,17:41:05.726,1.72,5,121.0,0.9357,1828.7,445.3,7.925,0.02,0.02,0.02,0.02,666.0,2.0,-22.0,611.0,-3,-14,3.4,4.0,90.0,0,0,0,101,925,925,925,925,1,0,0,0,0,0,0,0,1,0,0,0,0,1,0,1,0,0,1,0,0,1,0,0,1,0,0,1,0,1,0,0,1,0,0,1,0,0,1,0,0,1,0,1,0,0,1,0,0,1,0,0,1,0,0,1,0,1,0,0,1,0,0,1,0,0,1,0,0
2024,11,5,17:41:05.746,1.74,25,121.0,0.9357,1828.7,445.3,7.924,0.02,0.02,0.02,0.02,674.0,2.0,-23.0,625.0,-3,-15,3.4,4.0,95.0,0,0,0,101,925,925,925,925,1,0,0,0,0,0,0,0,1,0,0,0,0,1,0,1,0,0,1,0,0,1,0,0,1,0,0,1,0,1,0,0,1,0,0,1,0,0,1,0,0,1,0,1,0,0,1,0,0,1,0,0,1,0,0,1,0,1,0,0,1,0,0,1,0,0,1,0,0
2024,11,5,17:41:05.766,1.76,45,121.0,0.9349,1850.3,466.9,7.924,0.02,0.02,0.02,0.02,681.0,2.0,-23.0,638.0,-2,-15,3.4,4.0,101.0,0,0,0,101,925,925,925,925,1,0,0,0,0,0,0,0,1,0,0,0,0,1,0,1,0,0,1,0,0,1,0,0,1,0,0,1,0,1,0,0,1,0,0,1,0,0,1,0,0,1,0,1,0,0,1,0,0,1,0,0,1,0,0,1,0,1,0,0,1,0,0,1,0,0,1,0,0
2024,11,5,17:41:05.786,1.78,65,121.0,0.9349,1849.7,466.3,7.924,0.02,0.02,0.02,0.02,688.0,2.0,-24.0,652.0,-2,-16,3.5,4.0,106.0,0,0,0,101,925,925,925,925,1,0,0,0,0,0,0,0,1,0,0,0,0,1,0,1,0,0,1,0,0,1,0,0,1,0,0,1,0,1,0,0,1,0,0,1,0,0,1,0,0,1,0,1,0,0,1,0,0,1,0,0,1,0,0,1,0,1,0,0,1,0,0,1,0,0,1,0,0
2024,11,5,17:41:05.806,1.80,85,121.0,0.9343,1867.8,484.4,7.925,0.02,0.02,0.02,0.02,696.0,2.0,-24.0,666.0,-2,-16,3.5,4.1,112.0,0,0,0,101,925,925,925,925,1,0,0,0,0,0,0,0,1,0,0,0,0,1,0,1,0,0,1,0,0,1,0,0,1,0,0,1,0,1,0,0,1,0,0,1,0,0,1,0,0,1,0,1,0,0,1,0,0,1,0,0,1,0,0,1,0,1,0,0,1,0,0,1,0,0,1,0,0
2024,11,5,17:41:05.826,1.82,105,121.0,0.9343,1868.4,485.0,7.924,0.02,0.02,0.02,0.02,703.0,1.0,-25.0,680.0,-2,-17,3.5,4.1,117.0,0,0,0,101,925,925,925,925,1,0,0,0,0,0,0,0,1,0,0,0,0,1,0,1,0,0,1,0,0,1,0,0,1,0,0,1,0,1,0,0,1,0,0,1,0,0,1,0,0,1,0,1,0,0,1,0,0,1,0,0,1,0,0,1,0,1,0,0,1,0,0,1,0,0,1,0,0
2024,11,5,17:41:05.846,1.84,125,121.0,0.9335,1891.2,507.8,7.924,0.02,0.02,0.02,0.02,710.0,1.0,-25.0,694.0,-2,-17,3.5,4.1,123.0,0,0,0,101,925,925,925,924,1,0,0,0,0,0,0,0,1,0,0,0,0,1,0,1,0,0,1,0,0,1,0,0,1,0,0,1,0,1,0,0,1,0,0,1,0,0,1,0,0,1,0,1,0,0,1,0,0,1,0,0,1,0,0,0,0,1,0,0,1,0,0,1,0,0,1,0,0
2024,11,5,17:41:05.866,1.86,145,121.0,0.9335,1890.6,507.3,7.924,0.02,0.02,0.02,0.02,717.0,1.0,-26.0,708.0,-2,-18,3.5,4.1,129.0,0,0,0,101,925,925,925,924,1,0,0,0,0,0,0,0,1,0,0,0,0,1,0,1,0,0,1,0,0,1,0,0,1,0,0,1,0,1,0,0,1,0,0,1,0,0,1,0,0,1,0,1,0,0,1,0,0,1,0,0,1,0,0,0,0,1,0,0,1,0,0,1,0,0,1,0,0
2024,11,5,17:41:05.886,1.88,165,121.0,0.9331,1902.9,519.5,7.924,0.02,0.02,0.02,0.02,725.0,1.0,-27.0,723.0,-2,-18,3.5,4.1,135.0,0,0,0,101,925,925,925,924,1,0,0,0,0,0,0,0,1,0,0,0,0,1,0,1,0,0,1,0,0,1,0,0,1,0,0,1,0,1,0,0,1,0,0,1,0,0,1,0,0,1,0,1,0,0,1,0,0,1,0,0,1,0,0,0,0,1,0,0,1,0,0,1,0,0,1,0,0
2024,11,5,17:41:05.906,1.90,185,121.0,0.9331,1903.5,520.1,7.925,0.02,0.02,0.02,0.02,732.0,1.0,-27.0,737.0,-2,-19,3.5,4.1,141.0,0,0,0,101,925,925,925,924,1,0,0,0,0,0,0,0,1,0,0,0,0,1,0,1,0,0,1,0,0,1,0,0,1,0,0,1,0,1,0,0,1,0,0,1,0,0,1,0,0,1,0,1,0,0,1,0,0,1,0,0,1,0,0,0,0,1,0,0,1,0,0,1,0,0,1,0,0
2024,11,5,17:41:05.926,1.92,205,121.0,0.9325,1921.7,538.3,7.924,0.02,0.02,0.02,0.02,739.0,0.0,-28.0,752.0,-2,-19,3.5,4.0,147.0,0,0,0,101,925,925,925,924,1,0,0,0,0,0,0,0,1,0,0,0,0,1,0,1,0,0,1,0,0,1,0,0,1,0,0,1,0,1,0,0,1,0,0,1,0,0,1,0,0,1,0,1,0,0,1,0,0,1,0,0,1,0,0,0,0,1,0,0,1,0,0,1,0,0,1,0,0
2024,11,5,17:41:05.946,1.94,225,121.0,0.9325,1921.1,537.7,7.925,0.02,0.02,0.02,0.02,747.0,0.0,-28.0,767.0,-2,-20,3.5,4.0,154.0,0,0,0,101,925,925,925,924,1,0,0,0,0,0,0,0,1,0,0,0,0,1,0,1,0,0,1,0,0,1,0,0,1,0,0,1,0,1,0,0,1,0,0,1,0,0,1,0,0,1,0,1,0,0,1,0,0,1,0,0,1,0,0,0,0,1,0,0,1,0,0,1,0,0,1,0,0
2024,11,5,17:41:05.966,1.96,245,121.0,0.9318,1942.8,559.4,7.924,0.02,0.02,0.02,0.02,754.0,0.0,-29.0,782.0,-2,-20,3.4,3.9,160.0,0,0,0,101,925,925,925,924,1,0,0,0,0,0,0,0,1,0,0,0,0,1,0,1,0,0,1,0,0,1,0,0,1,0,0,1,0,1,0,0,1,0,0,1,0,0,1,0,0,1,0,1,0,0,1,0,0,1,0,0,1,0,0,0,0,1,0,0,1,0,0,1,0,0,1,0,0
2024,11,5,17:41:05.986,1.98,15,121.0,0.9318,1942.8,559.4,7.925,0.02,0.02,0.02,0.02,761.0,0.0,-29.0,797.0,-2,-21,3.4,3.9,167.0,0,0,0,101,925,925,925,924,1,0,0,0,0,0,0,0,1,0,0,0,0,1,0,1,0,0,1,0,0,1,0,0,1,0,0,1,0,1,0,0,1,0,0,1,0,0,1,0,0,1,0,1,0,0,1,0,0,1,0,0,1,0,0,0,0,1,0,0,1,0,0,1,0,0,1,0,0
2024,11,5,17:41:06.006,2.00,35,121.0,0.9310,1965.6,582.2,7.923,0.02,0.02,0.02,0.02,768.0,0.0,-30.0,812.0,-2,-22,3.3,3.8,173.0,0,0,0,101,925,925,925,924,1,0,0,0,0,0,0,0,1,0,0,0,0,1,0,1,0,0,1,0,0,1,0,0,1,0,0,1,0,1,0,0,1,0,0,1,0,0,1,0,0,1,0,1,0,0,1,0,0,1,0,0,1,0,0,0,0,1,0,0,1,0,0,1,0,0,1,0,0
2024,11,5,17:41:06.026,2.02,55,121.0,0.9310,1965.6,582.2,7.925,0.02,0.02,0.02,0.02,776.0,0.0,-30.0,828.0,-2,-22,3.3,3.8,180.0,0,0,0,101,925,925,925,924,1,0,0,0,0,0,0,0,1,0,0,0,0,1,0,1,0,0,1,0,0,1,0,0,1,0,0,1,0,1,0,0,1,0,0,1,0,0,1,0,0,1,0,1,0,0,1,0,0,1,0,0,1,0,0,0,0,1,0,0,1,0,0,1,0,0,1,0,0
2024,11,5,17:41:06.046,2.04,75,121.0,0.9304,1982.6,599.2,7.924,0.02,0.02,0.02,0.02,783.0,0.0,-30.0,843.0,-2,-23,3.3,3.7,187.0,0,0,0,101,925,925,925,924,1,0,0,0,0,0,0,0,1,0,0,0,0,1,0,1,0,0,1,0,0,1,0,0,1,0,0,1,0,1,0,0,1,0,0,1,0,0,1,0,0,1,0,1,0,0,1,0,0,1,0,0,1,0,0,0,0,1,0,0,1,0,0,1,0,0,1,0,0
2024,11,5,17:41:06.066,2.06,95,121.0,0.9304,1982.6,599.2,7.924,0.02,0.02,0.02,0.02,790.0,0.0,-31.0,859.0,-2,-23,3.3,3.7,194.0,0,0,0,101,925,925,925,924,1,0,0,0,0,0,0,0,1,0,0,0,0,1,0,1,0,0,1,0,0,1,0,0,1,0,0,1,0,1,0,0,1,0,0,1,0,0,1,0,0,1,0,1,0,0,1,0,0,1,0,0,1,0,0,0,0,1,0,0,1,0,0,1,0,0,1,0,0
2024,11,5,17:41:06.086,2.08,115,121.0,0.9297,2003.8,620.4,7.925,0.02,0.02,0.02,0.02,798.0,0.0,-31.0,875.0,-2,-24,3.2,3.6,201.0,0,0,0,101,925,925,925,924,1,0,0,0,0,0,0,0,1,0,0,0,0,1,0,1,0,0,1,0,0,1,0,0,1,0,0,1,0,1,0,0,1,0,0,1,0,0,1,0,0,1,0,1,0,0,1,0,0,1,0,0,1,0,0,0,0,1,0,0,1,0,0,1,0,0,1,0,0
2024,11,5,17:41:06.106,2.10,135,121.0,0.9297,2004.4,621.0,7.924,0.02,0.02,0.02,0.02,805.0,0.0,-31.0,891.0,-2,-25,3.2,3.6,208.0,0,0,0,101,925,925,925,924,1,0,0,0,0,0,0,0,1,0,0,0,0,1,0,1,0,0,1,0,0,1,0,0,1,0,0,1,0,1,0,0,1,0,0,1,0,0,1,0,0,1,0,1,0,0,1,0,0,1,0,0,1,0,0,0,0,1,0,0,1,0,0,1,0,0,1,0,0
2024,11,5,17:41:06.126,2.12,155,121.0,0.9288,2028.4,645.0,7.925,0.02,0.02,0.02,0.02,812.0,0.0,-32.0,907.0,-2,-25,3.1,3.5,216.0,0,0,0,101,925,925,925,924,1,0,0,0,0,0,0,0,1,0,0,0,0,1,0,1,0,0,1,0,0,1,0,0,1,0,0,1,0,1,0,0,1,0,0,1,0,0,1,0,0,1,0,1,0,0,1,0,0,1,0,0,1,0,0,0,0,1,0,0,1,0,0,1,0,0,1,0,0
2024,11,5,17:41:06.146,2.14,175,121.0,0.9288,2028.4,645.0,7.924,0.02,0.02,0.02,0.02,820.0,0.0,-32.0,924.0,-2,-26,3.0,3.5,223.0,0,0,0,101,925,925,925,924,1,0,0,0,0,0,0,0,1,0,0,0,0,1,0,1,0,0,1,0,0,1,0,0,1,0,0,1,0,1,0,0,1,0,0,1,0,0,1,0,0,1,0,1,0,0,1,0,0,1,0,0,1,0,0,0,0,1,0,0,1,0,0,1,0,0,1,0,0
2024,11,5,17:41:06.166,2.16,195,121.0,0.9282,2046.7,663.3,7.924,0.02,0.02,0.02,0.02,827.0,0.0,-32.0,940.0,-2,-27,3.0,3.4,231.0,0,0,0,101,925,925,925,924,1,0,0,0,0,0,0,0,1,0,0,0,0,1,0,1,0,0,1,0,0,1,0,0,1,0,0,1,0,1,0,0,1,0,0,1,0,0,1,0,0,1,0,1,0,0,1,0,0,1,0,0,1,0,0,0,0,1,0,0,1,0,0,1,0,0,1,0,0
2024,11,5,17:41:06.186,2.18,215,121.0,0.9282,2046.7,663.3,7.924,0.02,0.02,0.02,0.02,834.0,0.0,-32.0,957.0,-2,-27,3.0,3.3,239.0,0,0,0,101,925,925,925,924,1,0,0,0,0,0,0,0,1,0,0,0,0,1,0,1,0,0,1,0,0,1,0,0,1,0,0,1,0,1,0,0,1,0,0,1,0,0,1,0,0,1,0,1,0,0,1,0,0,1,0,0,1,0,0,0,0,1,0,0,1,0,0,1,0,0,1,0,0
2024,11,5,17:41:06.206,2.20,235,121.0,0.9273,2072.5,689.1,7.924,0.02,0.02,0.02,0.02,842.0,0.0,-32.0,974.0,-2,-28,2.9,3.3,247.0,0,0,0,101,925,925,925,924,1,0,0,0,0,0,0,0,1,0,0,0,0,1,0,1,0,0,1,0,0,1,0,0,1,0,0,1,0,1,0,0,1,0,0,1,0,0,1,0,0,1,0,1,0,0,1,0,0,1,0,0,1,0,0,0,0,1,0,0,1,0,0,1,0,0,1,0,0
2024,11,5,17:41:06.226,2.22,5,121.0,0.9273,2073.1,689.7,7.925,0.02,0.02,0.02,0.02,849.0,0.0,-33.0,990.0,-2,-29,2.9,3.2,255.0,0,0,0,101,925,925,925,924,1,0,0,0,0,0,0,0,1,0,0,0,0,1,0,1,0,0,1,0,0,1,0,0,1,0,0,1,0,1,0,0,1,0,0,1,0,0,1,0,0,1,0,1,0,0,1,0,0,1,0,0,1,0,0,0,0,1,0,0,1,0,0,1,0,0,1,0,0
2024,11,5,17:41:06.246,2.24,25,121.0,0.9266,2094.3,710.9,7.925,0.02,0.02,0.02,0.02,856.0,1.0,-33.0,1007.0,-2,-29,2.9,3.2,263.0,0,0,0,101,924,924,924,924,1,0,0,0,0,0,0,0,1,0,0,0,0,0,0,1,0,0,1,0,0,1,0,0,1,0,0,0,0,1,0,0,1,0,0,1,0,0,1,0,0,0,0,1,0,0,1,0,0,1,0,0,1,0,0,0,0,1,0,0,1,0,0,1,0,0,1,0,0
2024,11,5,17:41:06.266,2.26,45,121.0,0.9266,2094.3,710.9,7.924,0.02,0.02,0.02,0.02,863.0,1.0,-33.0,1025.0,-2,-30,2.8,3.2,271.0,0,0,0,101,924,924,924,924,1,0,0,0,0,0,0,0,1,0,0,0,0,0,0,1,0,0,1,0,0,1,0,0,1,0,0,0,0,1,0,0,1,0,0,1,0,0,1,0,0,0,0,1,0,0,1,0,0,1,0,0,1,0,0,0,0,1,0,0,1,0,0,1,0,0,1,0,0
2024,11,5,17:41:06.286,2.28,65,121.0,0.9258,2117.3,733.9,7.924,0.02,0.02,0.02,0.02,871.0,1.0,-33.0,1042.0,-2,-31,2.8,3.1,279.0,0,0,0,101,924,924,924,924,1,0,0,0,0,0,0,0,1,0,0,0,0,0,0,1,0,0,1,0,0,1,0,0,1,0,0,0,0,1,0,0,1,0,0,1,0,0,1,0,0,0,0,1,0,0,1,0,0,1,0,0,1,0,0,0,0,1,0,0,1,0,0,1,0,0,1,0,0
2024,11,5,17:41:06.306,2.30,85,121.0,0.9258,2117.3,733.9,7.923,0.02,0.02,0.02,0.02,878.0,2.0,-33.0,1060.0,-2,-31,2.8,3.1,288.0,0,0,0,101,924,924,924,924,1,0,0,0,0,0,0,0,1,0,0,0,0,0,0,1,0,0,1,0,0,1,0,0,1,0,0,0,0,1,0,0,1,0,0,1,0,0,1,0,0,0,0,1,0,0,1,0,0,1,0,0,1,0,0,0,0,1,0,0,1,0,0,1,0,0,1,0,0
2024,11,5,17:41:06.326,2.32,105,121.0,0.9252,2136.7,753.3,7.924,0.02,0.02,0.02,0.02,885.0,2.0,-34.0,1077.0,-2,-32,2.8,3.1,296.0,0,0,0,101,924,924,924,924,1,0,0,0,0,0,0,0,1,0,0,0,0,0,0,1,0,0,1,0,0,1,0,0,1,0,0,0,0,1,0,0,1,0,0,1,0,0,1,0,0,0,0,1,0,0,1,0,0,1,0,0,1,0,0,0,0,1,0,0,1,0,0,1,0,0,1,0,0
2024,11,5,17:41:06.346,2.34,125,121.0,0.9251,2137.3,753.9,7.924,0.02,0.02,0.02,0.02,892.0,2.0,-34.0,1095.0,-2,-33,2.7,3.1,305.0,0,0,0,101,924,924,924,924,1,0,0,0,0,0,0,0,1,0,0,0,0,0,0,1,0,0,1,0,0,1,0,0,1,0,0,0,0,1,0,0,1,0,0,1,0,0,1,0,0,0,0,1,0,0,1,0,0,1,0,0,1,0,0,0,0,1,0,0,1,0,0,1,0,0,1,0,0
2024,11,5,17:41:06.366,2.36,145,121.0,0.9244,2158.5,775.1,7.924,0.02,0.02,0.02,0.02,899.0,3.0,-34.0,1113.0,-2,-33,2.8,3.1,314.0,0,0,0,101,924,924,924,924,1,0,0,0,0,0,0,0,1,0,0,0,0,0,0,1,0,0,1,0,0,1,0,0,1,0,0,0,0,1,0,0,1,0,0,1,0,0,1,0,0,0,0,1,0,0,1,0,0,1,0,0,1,0,0,0,0,1,0,0,1,0,0,1,0,0,1,0,0
2024,11,5,17:41:06.386,2.38,165,121.0,0.9244,2158.5,775.1,7.924,0.02,0.02,0.02,0.02,906.0,3.0,-35.0,1131.0,-2,-34,2.7,3.1,323.0,0,0,0,101,924,924,924,924,1,0,0,0,0,0,0,0,1,0,0,0,0,0,0,1,0,0,1,0,0,1,0,0,1,0,0,0,0,1,0,0,1,0,0,1,0,0,1,0,0,0,0,1,0,0,1,0,0,1,0,0,1,0,0,0,0,1,0,0,1,0,0,1,0,0,1,0,0
2024,11,5,17:41:06.406,2.40,185,121.0,0.9237,2180.4,797.0,7.924,0.02,0.02,0.02,0.02,913.0,3.0,-35.0,1149.0,-2,-35,2.8,3.1,332.0,0,0,0,101,924,924,924,924,1,0,0,0,0,0,0,0,1,0,0,0,0,0,0,1,0,0,1,0,0,1,0,0,1,0,0,0,0,1,0,0,1,0,0,1,0,0,1,0,0,0,0,1,0,0,1,0,0,1,0,0,1,0,0,0,0,1,0,0,1,0,0,1,0,0,1,0,0
2024,11,5,17:41:06.426,2.42,205,121.0,0.9237,2180.4,797.0,7.926,0.02,0.02,0.02,0.02,920.0,3.0,-35.0,1168.0,-2,-35,2.8,3.1,341.0,0,0,0,101,924,924,924,924,1,0,0,0,0,0,0,0,1,0,0,0,0,0,0,1,0,0,1,0,0,1,0,0,1,0,0,0,0,1,0,0,1,0,0,1,0,0,1,0,0,0,0,1,0,0,1,0,0,1,0,0,1,0,0,0,0,1,0,0,1,0,0,1,0,0,1,0,0
2024,11,5,17:41:06.446,2.44,225,121.0,0.9228,2206.3,822.9,7.924,0.02,0.02,0.02,0.02,928.0,4.0,-36.0,1186.0,-2,-36,2.8,3.2,350.0,0,0,0,101,924,924,924,924,1,0,0,0,0,0,0,0,1,0,0,0,0,0,0,1,0,0,1,0,0,1,0,0,1,0,0,0,0,1,0,0,1,0,0,1,0,0,1,0,0,0,0,1,0,0,1,0,0,1,0,0,1,0,0,0,0,1,0,0,1,0,0,1,0,0,1,0,0
2024,11,5,17:41:06.466,2.46,245,121.0,0.9228,2206.3,822.9,7.923,0.02,0.02,0.02,0.02,935.0,4.0,-36.0,1205.0,-1,-37,2.9,3.2,360.0,0,0,0,101,924,924,924,924,1,0,0,0,0,0,0,0,1,0,0,0,0,0,0,1,0,0,1,0,0,1,0,0,1,0,0,0,0,1,0,0,1,0,0,1,0,0,1,0,0,0,0,1,0,0,1,0,0,1,0,0,1,0,0,0,0,1,0,0,1,0,0,1,0,0,1,0,0
2024,11,5,17:41:06.486,2.48,15,121.0,0.9218,2235.3,851.9,7.925,0.02,0.02,0.02,0.02,942.0,4.0,-37.0,1223.0,-1,-38,2.9,3.2,370.0,0,0,0,101,924,924,924,924,1,0,0,0,0,0,0,0,1,0,0,0,0,0,0,1,0,0,1,0,0,1,0,0,1,0,0,0,0,1,0,0,1,0,0,1,0,0,1,0,0,0,0,1,0,0,1,0,0,1,0,0,1,0,0,0,0,1,0,0,1,0,0,1,0,0,1,0,0
2024,11,5,17:41:06.506,2.50,35,121.0,0.9218,2235.3,851.9,7.925,0.02,0.02,0.02,0.02,949.0,4.0,-38.0,1242.0,-1,-38,3.0,3.3,379.0,0,0,0,101,904,904,904,904,1,0,0,0,0,0,0,0,1,0,0,0,0,0,0,1,0,0,0,0,0,1,0,0,1,0,0,0,0,1,0,0,0,0,0,1,0,0,1,0,0,0,0,1,0,0,0,0,0,1,0,0,1,0,0,0,0,1,0,0,0,0,0,1,0,0,1,0,0
2024,11,5,17:41:06.526,2.52,55,121.0,0.9209,2263.1,879.7,7.926,0.02,0.02,0.02,0.02,956.0,4.0,-38.0,1261.0,-1,-39,3.0,3.4,389.0,0,0,0,101,904,904,904,904,1,0,0,0,0,0,0,0,1,0,0,0,0,0,0,1,0,0,0,0,0,1,0,0,1,0,0,0,0,1,0,0,0,0,0,1,0,0,1,0,0,0,0,1,0,0,0,0,0,1,0,0,1,0,0,0,0,1,0,0,0,0,0,1,0,0,1,0,0
2024,11,5,17:41:06.546,2.54,75,121.0,0.9209,2263.7,880.3,7.924,0.02,0.02,0.02,0.02,963.0,4.0,-39.0,1281.0,-1,-40,3.0,3.4,399.0,0,0,0,101,904,904,904,904,1,0,0,0,0,0,0,0,1,0,0,0,0,0,0,1,0,0,0,0,0,1,0,0,1,0,0,0,0,1,0,0,0,0,0,1,0,0,1,0,0,0,0,1,0,0,0,0,0,1,0,0,1,0,0,0,0,1,0,0,0,0,0,1,0,0,1,0,0
2024,11,5,17:41:06.566,2.56,95,121.0,0.9199,2291.5,908.1,7.924,0.02,0.02,0.02,0.02,969.0,5.0,-39.0,1300.0,-1,-41,3.1,3.4,409.0,0,0,0,101,904,904,904,904,1,0,0,0,0,0,0,0,1,0,0,0,0,0,0,1,0,0,0,0,0,1,0,0,1,0,0,0,0,1,0,0,0,0,0,1,0,0,1,0,0,0,0,1,0,0,0,0,0,1,0,0,1,0,0,0,0,1,0,0,0,0,0,1,0,0,1,0,0
2024,11,5,17:41:06.586,2.58,115,121.0,0.9199,2290.9,907.5,7.924,0.02,0.02,0.02,0.02,976.0,5.0,-40.0,1319.0,-1,-42,3.1,3.5,419.0,0,0,0,101,904,904,904,904,1,0,0,0,0,0,0,0,1,0,0,0,0,0,0,1,0,0,0,0,0,1,0,0,1,0,0,0,0,1,0,0,0,0,0,1,0,0,1,0,0,0,0,1,0,0,0,0,0,1,0,0,1,0,0,0,0,1,0,0,0,0,0,1,0,0,1,0,0
2024,11,5,17:41:06.606,2.60,135,121.0,0.9193,2309.3,925.9,7.924,0.02,0.02,0.02,0.02,983.0,5.0,-41.0,1339.0,-1,-42,3.1,3.5,429.0,0,0,0,101,904,904,904,904,1,0,0,0,0,0,0,0,1,0,0,0,0,0,0,1,0,0,0,0,0,1,0,0,1,0,0,0,0,1,0,0,0,0,0,1,0,0,1,0,0,0,0,1,0,0,0,0,0,1,0,0,1,0,0,0,0,1,0,0,0,0,0,1,0,0,1,0,0
2024,11,5,17:41:06.626,2.62,155,121.0,0.9193,2309.9,926.5,7.924,0.02,0.02,0.02,0.02,990.0,5.0,-41.0,1359.0,-1,-43,3.1,3.5,440.0,0,0,0,101,904,904,904,904,1,0,0,0,0,0,0,0,1,0,0,0,0,0,0,1,0,0,0,0,0,1,0,0,1,0,0,0,0,1,0,0,0,0,0,1,0,0,1,0,0,0,0,1,0,0,0,0,0,1,0,0,1,0,0,0,0,1,0,0,0,0,0,1,0,0,1,0,0
2024,11,5,17:41:06.646,2.64,175,121.0,0.9186,2330.0,946.6,7.924,0.02,0.02,0.02,0.02,997.0,5.0,-42.0,1379.0,-1,-44,3.2,3.5,450.0,0,0,0,101,904,904,904,904,1,0,0,0,0,0,0,0,1,0,0,0,0,0,0,1,0,0,0,0,0,1,0,0,1,0,0,0,0,1,0,0,0,0,0,1,0,0,1,0,0,0,0,1,0,0,0,0,0,1,0,0,1,0,0,0,0,1,0,0,0,0,0,1,0,0,1,0,0
2024,11,5,17:41:06.666,2.66,195,121.0,0.9186,2330.0,946.6,7.924,0.02,0.02,0.02,0.02,1003.0,5.0,-43.0,1399.0,0,-45,3.1,3.5,461.0,0,0,0,101,904,904,904,904,1,0,0,0,0,0,0,0,1,0,0,0,0,0,0,1,0,0,0,0,0,1,0,0,1,0,0,0,0,1,0,0,0,0,0,1,0,0,1,0,0,0,0,1,0,0,0,0,0,1,0,0,1,0,0,0,0,1,0,0,0,0,0,1,0,0,1,0,0
2024,11,5,17:41:06.686,2.68,215,121.0,0.9178,2354.9,971.5,7.924,0.02,0.02,0.02,0.02,1010.0,5.0,-43.0,1419.0,0,-46,3.2,3.5,472.0,0,0,0,101,904,904,904,904,1,0,0,0,0,0,0,0,1,0,0,0,0,0,0,1,0,0,0,0,0,1,0,0,1,0,0,0,0,1,0,0,0,0,0,1,0,0,1,0,0,0,0,1,0,0,0,0,0,1,0,0,1,0,0,0,0,1,0,0,0,0,0,1,0,0,1,0,0
2024,11,5,17:41:06.706,2.70,235,121.0,0.9178,2354.9,971.5,7.924,0.02,0.02,0.02,0.02,1017.0,4.0,-44.0,1439.0,0,-47,3.2,3.5,482.0,0,0,0,101,904,904,904,904,1,0,0,0,0,0,0,0,1,0,0,0,0,0,0,1,0,0,0,0,0,1,0,0,1,0,0,0,0,1,0,0,0,0,0,1,0,0,1,0,0,0,0,1,0,0,0,0,0,1,0,0,1,0,0,0,0,1,0,0,0,0,0,1,0,0,1,0,0
2024,11,5,17:41:06.726,2.72,5,121.0,0.9171,2376.3,992.9,7.925,0.02,0.02,0.02,0.02,1023.0,4.0,-44.0,1460.0,0,-48,3.3,3.6,493.0,0,0,0,101,904,904,904,904,1,0,0,0,0,0,0,0,1,0,0,0,0,0,0,1,0,0,0,0,0,1,0,0,1,0,0,0,0,1,0,0,0,0,0,1,0,0,1,0,0,0,0,1,0,0,0,0,0,1,0,0,1,0,0,0,0,1,0,0,0,0,0,1,0,0,1,0,0
2024,11,5,17:41:06.746,2.74,25,121.0,0.9171,2376.3,992.9,7.924,0.02,0.02,0.02,0.02,1030.0,4.0,-45.0,1480.0,0,-48,3.3,3.7,504.0,0,0,0,101,904,904,904,904,1,0,0,0,0,0,0,0,1,0,0,0,0,0,0,1,0,0,0,0,0,1,0,0,1,0,0,0,0,1,0,0,0,0,0,1,0,0,1,0,0,0,0,1,0,0,0,0,0,1,0,0,1,0,0,0,0,1,0,0,0,0,0,1,0,0,1,0,0
2024,11,5,17:41:06.766,2.76,45,121.0,0.9162,2401.2,1017.8,7.925,0.02,0.02,0.02,0.02,1036.0,4.0,-45.0,1501.0,0,-49,3.3,3.7,515.0,0,0,0,101,906,906,906,906,1,0,0,0,0,0,0,0,1,0,0,0,0,0,1,1,0,0,0,0,0,1,0,0,1,0,0,0,1,1,0,0,0,0,0,1,0,0,1,0,0,0,1,1,0,0,0,0,0,1,0,0,1,0,0,0,1,1,0,0,0,0,0,1,0,0,1,0,0
2024,11,5,17:41:06.786,2.78,65,121.0,0.9162,2401.2,1017.8,7.923,0.02,0.02,0.02,0.02,1043.0,4.0,-45.0,1522.0,0,-50,3.3,3.7,526.0,0,0,0,101,906,906,906,906,1,0,0,0,0,0,0,0,1,0,0,0,0,0,1,1,0,0,0,0,0,1,0,0,1,0,0,0,1,1,0,0,0,0,0,1,0,0,1,0,0,0,1,1,0,0,0,0,0,1,0,0,1,0,0,0,1,1,0,0,0,0,0,1,0,0,1,0,0
2024,11,5,17:41:06.806,2.80,85,121.0,0.9154,2426.2,1042.8,7.925,0.02,0.02,0.02,0.02,1049.0,4.0,-45.0,1543.0,0,-51,3.3,3.7,537.0,0,0,0,101,906,906,906,906,1,0,0,0,0,0,0,0,1,0,0,0,0,0,1,1,0,0,0,0,0,1,0,0,1,0,0,0,1,1,0,0,0,0,0,1,0,0,1,0,0,0,1,1,0,0,0,0,0,1,0,0,1,0,0,0,1,1,0,0,0,0,0,1,0,0,1,0,0
2024,11,5,17:41:06.826,2.82,105,121.0,0.9154,2426.2,1042.8,7.924,0.02,0.02,0.02,0.02,1056.0,4.0,-46.0,1564.0,0,-52,3.3,3.7,548.0,0,0,0,101,906,906,906,906,1,0,0,0,0,0,0,0,1,0,0,0,0,0,1,1,0,0,0,0,0,1,0,0,1,0,0,0,1,1,0,0,0,0,0,1,0,0,1,0,0,0,1,1,0,0,0,0,0,1,0,0,1,0,0,0,1,1,0,0,0,0,0,1,0,0,1,0,0
2024,11,5,17:41:06.846,2.84,125,121.0,0.9148,2444.6,1061.2,7.925,0.02,0.02,0.02,0.02,1062.0,4.0,-46.0,1585.0,0,-53,3.4,3.7,559.0,0,0,0,101,906,906,906,906,1,0,0,0,0,0,0,0,1,0,0,0,0,0,1,1,0,0,0,0,0,1,0,0,1,0,0,0,1,1,0,0,0,0,0,1,0,0,1,0,0,0,1,1,0,0,0,0,0,1,0,0,1,0,0,0,1,1,0,0,0,0,0,1,0,0,1,0,0
2024,11,5,17:41:06.866,2.86,145,121.0,0.9148,2444.6,1061.2,7.926,0.02,0.02,0.02,0.02,1069.0,3.0,-46.0,1606.0,0,-54,3.4,3.7,570.0,0,0,0,101,906,906,906,906,1,0,0,0,0,0,0,0,1,0,0,0,0,0,1,1,0,0,0,0,0,1,0,0,1,0,0,0,1,1,0,0,0,0,0,1,0,0,1,0,0,0,1,1,0,0,0,0,0,1,0,0,1,0,0,0,1,1,0,0,0,0,0,1,0,0,1,0,0
2024,11,5,17:41:06.886,2.88,165,121.0,0.9140,2466.0,1082.6,7.925,0.02,0.02,0.02,0.02,1075.0,3.0,-46.0,1628.0,0,-55,3.4,3.7,581.0,0,0,0,101,906,906,906,906,1,0,0,0,0,0,0,0,1,0,0,0,0,0,1,1,0,0,0,0,0,1,0,0,1,0,0,0,1,1,0,0,0,0,0,1,0,0,1,0,0,0,1,1,0,0,0,0,0,1,0,0,1,0,0,0,1,1,0,0,0,0,0,1,0,0,1,0,0
2024,11,5,17:41:06.906,2.90,185,121.0,0.9140,2466.0,1082.6,7.924,0.02,0.02,0.02,0.02,1081.0,3.0,-46.0,1649.0,0,-56,3.3,3.7,593.0,0,0,0,101,906,906,906,906,1,0,0,0,0,0,0,0,1,0,0,0,0,0,1,1,0,0,0,0,0,1,0,0,1,0,0,0,1,1,0,0,0,0,0,1,0,0,1,0,0,0,1,1,0,0,0,0,0,1,0,0,1,0,0,0,1,1,0,0,0,0,0,1,0,0,1,0,0
2024,11,5,17:41:06.926,2.92,205,121.0,0.9129,2500.6,1117.2,7.924,0.02,0.02,0.02,0.02,1088.0,3.0,-46.0,1671.0,0,-57,3.3,3.6,604.0,0,0,0,101,906,906,906,906,1,0,0,0,0,0,0,0,1,0,0,0,0,0,1,1,0,0,0,0,0,1,0,0,1,0,0,0,1,1,0,0,0,0,0,1,0,0,1,0,0,0,1,1,0,0,0,0,0,1,0,0,1,0,0,0,1,1,0,0,0,0,0,1,0,0,1,0,0
2024,11,5,17:41:06.946,2.94,225,121.0,0.9129,2500.0,1116.6,7.925,0.02,0.02,0.02,0.02,1094.0,3.0,-47.0,1693.0,0,-58,3.3,3.6,616.0,0,0,0,101,906,906,906,906,1,0,0,0,0,0,0,0,1,0,0,0,0,0,1,1,0,0,0,0,0,1,0,0,1,0,0,0,1,1,0,0,0,0,0,1,0,0,1,0,0,0,1,1,0,0,0,0,0,1,0,0,1,0,0,0,1,1,0,0,0,0,0,1,0,0,1,0,0
2024,11,5,17:41:06.966,2.96,245,121.0,0.9116,2539.9,1156.5,7.926,0.02,0.02,0.02,0.02,1100.0,3.0,-47.0,1715.0,0,-59,3.2,3.5,627.0,0,0,0,101,906,906,906,906,1,0,0,0,0,0,0,0,1,0,0,0,0,0,1,1,0,0,0,0,0,1,0,0,1,0,0,0,1,1,0,0,0,0,0,1,0,0,1,0,0,0,1,1,0,0,0,0,0,1,0,0,1,0,0,0,1,1,0,0,0,0,0,1,0,0,1,0,0
2024,11,5,17:41:06.986,2.98,15,121.0,0.9115,2540.5,1157.1,7.925,0.02,0.02,0.02,0.02,1106.0,4.0,-47.0,1737.0,0,-60,3.1,3.4,639.0,0,0,0,101,906,906,906,906,1,0,0,0,0,0,0,0,1,0,0,0,0,0,1,1,0,0,0,0,0,1,0,0,1,0,0,0,1,1,0,0,0,0,0,1,0,0,1,0,0,0,1,1,0,0,0,0,0,1,0,0,1,0,0,0,1,1,0,0,0,0,0,1,0,0,1,0,0
2024,11,5,17:41:07.006,3.00,35,121.0,0.9100,2585.3,1201.9,7.924,0.02,0.02,0.02,0.02,1112.0,4.0,-47.0,1759.0,0,-61,3.0,3.3,651.0,0,0,0,101,906,906,906,906,1,0,0,0,0,0,0,0,1,0,0,0,0,0,1,1,0,0,0,0,0,1,0,0,1,0,0,0,1,1,0,0,0,0,0,1,0,0,1,0,0,0,1,1,0,0,0,0,0,1,0,0,1,0,0,0,1,1,0,0,0,0,0,1,0,0,1,0,0
2024,11,5,17:41:07.026,3.02,55,121.0,0.9100,2585.9,1202.5,7.925,0.02,0.02,0.02,0.02,1119.0,4.0,-47.0,1781.0,0,-61,3.0,3.3,663.0,0,0,0,101,906,906,906,906,1,0,0,0,0,0,0,0,1,0,0,0,0,0,1,1,0,0,0,0,0,1,0,0,1,0,0,0,1,1,0,0,0,0,0,1,0,0,1,0,0,0,1,1,0,0,0,0,0,1,0,0,1,0,0,0,1,1,0,0,0,0,0,1,0,0,1,0,0
2024,11,5,17:41:07.046,3.04,75,121.0,0.9083,2637.3,1253.9,7.925,0.02,0.02,0.02,0.02,1125.0,5.0,-47.0,1804.0,0,-62,2.9,3.2,675.0,0,0,0,101,906,906,906,906,1,0,0,0,0,0,0,0,1,0,0,0,0,0,1,1,0,0,0,0,0,1,0,0,1,0,0,0,1,1,0,0,0,0,0,1,0,0,1,0,0,0,1,1,0,0,0,0,0,1,0,0,1,0,0,0,1,1,0,0,0,0,0,1,0,0,1,0,0
2024,11,5,17:41:07.066,3.06,95,121.0,0.9083,2636.7,1253.3,7.925,0.02,0.02,0.02,0.02,1131.0,5.0,-48.0,1826.0,0,-63,2.9,3.2,687.0,0,0,0,101,906,906,906,906,1,0,0,0,0,0,0,0,1,0,0,0,0,0,1,1,0,0,0,0,0,1,0,0,1,0,0,0,1,1,0,0,0,0,0,1,0,0,1,0,0,0,1,1,0,0,0,0,0,1,0,0,1,0,0,0,1,1,0,0,0,0,0,1,0,0,1,0,0
2024,11,5,17:41:07.086,3.08,115,121.0,0.9063,2696.0,1312.6,7.924,0.02,0.02,0.02,0.02,1137.0,6.0,-48.0,1849.0,0,-64,3.0,3.3,699.0,0,0,0,101,906,906,906,906,1,0,0,0,0,0,0,0,1,0,0,0,0,0,1,1,0,0,0,0,0,1,0,0,1,0,0,0,1,1,0,0,0,0,0,1,0,0,1,0,0,0,1,1,0,0,0,0,0,1,0,0,1,0,0,0,1,1,0,0,0,0,0,1,0,0,1,0,0
2024,11,5,17:41:07.106,3.10,135,121.0,0.9063,2696.0,1312.6,7.925,0.02,0.02,0.02,0.02,1142.0,6.0,-48.0,1872.0,1,-65,3.1,3.4,712.0,0,0,0,101,906,906,906,906,1,0,0,0,0,0,0,0,1,0,0,0,0,0,1,1,0,0,0,0,0,1,0,0,1,0,0,0,1,1,0,0,0,0,0,1,0,0,1,0,0,0,1,1,0,0,0,0,0,1,0,0,1,0,0,0,1,1,0,0,0,0,0,1,0,0,1,0,0
2024,11,5,17:41:07.126,3.12,155,121.0,0.9054,2723.0,1339.6,7.924,0.02,0.02,0.02,0.02,1148.0,7.0,-49.0,1895.0,1,-66,3.1,3.4,725.0,0,0,0,101,906,906,906,906,1,0,0,0,0,0,0,0,1,0,0,0,0,0,1,1,0,0,0,0,0,1,0,0,1,0,0,0,1,1,0,0,0,0,0,1,0,0,1,0,0,0,1,1,0,0,0,0,0,1,0,0,1,0,0,0,1,1,0,0,0,0,0,1,0,0,1,0,0
2024,11,5,17:41:07.146,3.14,175,121.0,0.9055,2722.4,1339.0,7.924,0.02,0.02,0.02,0.02,1154.0,7.0,-49.0,1918.0,1,-67,3.3,3.6,738.0,0,0,0,101,906,906,906,906,1,0,0,0,0,0,0,0,1,0,0,0,0,0,1,1,0,0,0,0,0,1,0,0,1,0,0,0,1,1,0,0,0,0,0,1,0,0,1,0,0,0,1,1,0,0,0,0,0,1,0,0,1,0,0,0,1,1,0,0,0,0,0,1,0,0,1,0,0
2024,11,5,17:41:07.166,3.16,195,121.0,0.9031,2794.4,1411.0,7.924,0.02,0.02,0.02,0.02,1160.0,7.0,-50.0,1941.0,1,-68,3.4,3.7,751.0,0,0,0,101,906,906,906,906,1,0,0,0,0,0,0,0,1,0,0,0,0,0,1,1,0,0,0,0,0,1,0,0,1,0,0,0,1,1,0,0,0,0,0,1,0,0,1,0,0,0,1,1,0,0,0,0,0,1,0,0,1,0,0,0,1,1,0,0,0,0,0,1,0,0,1,0,0
2024,11,5,17:41:07.186,3.18,215,121.0,0.9031,2794.4,1411.0,7.924,0.02,0.02,0.02,0.02,1166.0,8.0,-51.0,1964.0,1,-69,3.5,3.8,765.0,0,0,0,101,906,906,906,906,1,0,0,0,0,0,0,0,1,0,0,0,0,0,1,1,0,0,0,0,0,1,0,0,1,0,0,0,1,1,0,0,0,0,0,1,0,0,1,0,0,0,1,1,0,0,0,0,0,1,0,0,1,0,0,0,1,1,0,0,0,0,0,1,0,0,1,0,0
2024,11,5,17:41:07.206,3.20,235,121.0,0.9006,2869.6,1486.2,7.925,0.02,0.02,0.02,0.02,1171.0,8.0,-51.0,1988.0,1,-70,3.5,3.9,778.0,0,0,0,101,906,906,906,906,1,0,0,0,0,0,0,0,1,0,0,0,0,0,1,1,0,0,0,0,0,1,0,0,1,0,0,0,1,1,0,0,0,0,0,1,0,0,1,0,0,0,1,1,0,0,0,0,0,1,0,0,1,0,0,0,1,1,0,0,0,0,0,1,0,0,1,0,0
2024,11,5,17:41:07.226,3.22,5,121.0,0.9005,2870.2,1486.8,7.925,0.02,0.02,0.02,0.02,1177.0,8.0,-52.0,2011.0,1,-71,3.7,4.0,792.0,0,0,0,101,906,906,906,906,1,0,0,0,0,0,0,0,1,0,0,0,0,0,1,1,0,0,0,0,0,1,0,0,1,0,0,0,1,1,0,0,0,0,0,1,0,0,1,0,0,0,1,1,0,0,0,0,0,1,0,0,1,0,0,0,1,1,0,0,0,0,0,1,0,0,1,0,0
2024,11,5,17:41:07.246,3.24,25,121.0,0.8989,2919.1,1535.7,7.925,0.02,0.02,0.02,0.02,1183.0,8.0,-53.0,2035.0,2,-72,3.8,4.2,806.0,0,0,0,101,906,906,906,906,1,0,0,0,0,0,0,0,1,0,0,0,0,0,1,1,0,0,0,0,0,1,0,0,1,0,0,0,1,1,0,0,0,0,0,1,0,0,1,0,0,0,1,1,0,0,0,0,0,1,0,0,1,0,0,0,1,1,0,0,0,0,0,1,0,0,1,0,0
2024,11,5,17:41:07.266,3.26,45,121.0,0.8989,2918.5,1535.1,7.924,0.02,0.02,0.02,0.02,1188.0,8.0,-54.0,2058.0,2,-74,4.0,4.3,820.0,0,0,0,101,906,906,906,906,1,0,0,0,0,0,0,0,1,0,0,0,0,0,1,1,0,0,0,0,0,1,0,0,1,0,0,0,1,1,0,0,0,0,0,1,0,0,1,0,0,0,1,1,0,0,0,0,0,1,0,0,1,0,0,0,1,1,0,0,0,0,0,1,0,0,1,0,0
2024,11,5,17:41:07.286,3.28,65,121.0,0.8955,3021.2,1637.8,7.924,0.02,0.02,0.02,0.02,1193.0,8.0,-54.0,2082.0,2,-75,4.0,4.4,834.0,0,0,0,101,906,906,906,906,1,0,0,0,0,0,0,0,1,0,0,0,0,0,1,1,0,0,0,0,0,1,0,0,1,0,0,0,1,1,0,0,0,0,0,1,0,0,1,0,0,0,1,1,0,0,0,0,0,1,0,0,1,0,0,0,1,1,0,0,0,0,0,1,0,0,1,0,0
2024,11,5,17:41:07.306,3.30,85,121.0,0.8956,3020.6,1637.2,7.925,0.02,0.02,0.02,0.02,1199.0,8.0,-55.0,2106.0,2,-76,4.1,4.4,848.0,0,0,0,101,906,906,906,906,1,0,0,0,0,0,0,0,1,0,0,0,0,0,1,1,0,0,0,0,0,1,0,0,1,0,0,0,1,1,0,0,0,0,0,1,0,0,1,0,0,0,1,1,0,0,0,0,0,1,0,0,1,0,0,0,1,1,0,0,0,0,0,1,0,0,1,0,0
2024,11,5,17:41:07.326,3.32,105,121.0,0.8940,3066.6,1683.2,7.926,0.02,0.02,0.02,0.02,1204.0,7.0,-56.0,2130.0,2,-77,4.2,4.6,862.0,0,0,0,101,906,906,906,906,1,0,0,0,0,0,0,0,1,0,0,0,0,0,1,1,0,0,0,0,0,1,0,0,1,0,0,0,1,1,0,0,0,0,0,1,0,0,1,0,0,0,1,1,0,0,0,0,0,1,0,0,1,0,0,0,1,1,0,0,0,0,0,1,0,0,1,0,0
2024,11,5,17:41:07.346,3.34,125,121.0,0.8940,3066.6,1683.2,7.925,0.02,0.02,0.02,0.02,1209.0,7.0,-56.0,2154.0,2,-78,4.2,4.5,876.0,0,0,0,101,906,906,906,906,1,0,0,0,0,0,0,0,1,0,0,0,0,0,1,1,0,0,0,0,0,1,0,0,1,0,0,0,1,1,0,0,0,0,0,1,0,0,1,0,0,0,1,1,0,0,0,0,0,1,0,0,1,0,0,0,1,1,0,0,0,0,0,1,0,0,1,0,0
2024,11,5,17:41:07.366,3.36,145,121.0,0.8971,2975.2,1591.8,7.924,0.02,0.02,0.02,0.02,1215.0,7.0,-57.0,2179.0,3,-79,4.1,4.5,890.0,0,0,0,101,906,906,906,906,1,0,0,0,0,0,0,0,1,0,0,0,0,0,1,1,0,0,0,0,0,1,0,0,1,0,0,0,1,1,0,0,0,0,0,1,0,0,1,0,0,0,1,1,0,0,0,0,0,1,0,0,1,0,0,0,1,1,0,0,0,0,0,1,0,0,1,0,0
2024,11,5,17:41:07.386,3.38,165,121.0,0.8971,2975.2,1591.8,7.925,0.02,0.02,0.02,0.02,1220.0,7.0,-57.0,2203.0,3,-80,4.1,4.5,905.0,0,0,0,101,906,906,906,906,1,0,0,0,0,0,0,0,1,0,0,0,0,0,1,1,0,0,0,0,0,1,0,0,1,0,0,0,1,1,0,0,0,0,0,1,0,0,1,0,0,0,1,1,0,0,0,0,0,1,0,0,1,0,0,0,1,1,0,0,0,0,0,1,0,0,1,0,0
2024,11,5,17:41:07.406,3.40,185,121.0,0.8997,2896.8,1513.4,7.924,0.02,0.02,0.02,0.02,1225.0,7.0,-57.0,2227.0,3,-81,4.0,4.3,919.0,0,0,0,101,906,906,906,906,1,0,0,0,0,0,0,0,1,0,0,0,0,0,1,1,0,0,0,0,0,1,0,0,1,0,0,0,1,1,0,0,0,0,0,1,0,0,1,0,0,0,1,1,0,0,0,0,0,1,0,0,1,0,0,0,1,1,0,0,0,0,0,1,0,0,1,0,0
2024,11,5,17:41:07.426,3.42,205,121.0,0.8997,2896.8,1513.4,7.924,0.02,0.02,0.02,0.02,1230.0,6.0,-57.0,2252.0,3,-83,3.9,4.2,933.0,0,0,0,101,906,906,906,906,1,0,0,0,0,0,0,0,1,0,0,0,0,0,1,1,0,0,0,0,0,1,0,0,1,0,0,0,1,1,0,0,0,0,0,1,0,0,1,0,0,0,1,1,0,0,0,0,0,1,0,0,1,0,0,0,1,1,0,0,0,0,0,1,0,0,1,0,0
2024,11,5,17:41:07.446,3.44,225,121.0,0.8948,3043.0,1659.6,7.924,0.02,0.02,0.02,0.02,1235.0,6.0,-57.0,2277.0,3,-84,3.7,4.0,948.0,0,0,0,101,906,906,906,906,1,0,0,0,0,0,0,0,1,0,0,0,0,0,1,1,0,0,0,0,0,1,0,0,1,0,0,0,1,1,0,0,0,0,0,1,0,0,1,0,0,0,1,1,0,0,0,0,0,1,0,0,1,0,0,0,1,1,0,0,0,0,0,1,0,0,1,0,0
2024,11,5,17:41:07.466,3.46,245,121.0,0.8948,3043.0,1659.6,7.925,0.02,0.02,0.02,0.02,1241.0,6.0,-57.0,2301.0,3,-85,3.6,3.9,962.0,0,0,0,101,906,906,906,906,1,0,0,0,0,0,0,0,1,0,0,0,0,0,1,1,0,0,0,0,0,1,0,0,1,0,0,0,1,1,0,0,0,0,0,1,0,0,1,0,0,0,1,1,0,0,0,0,0,1,0,0,1,0,0,0,1,1,0,0,0,0,0,1,0,0,1,0,0
2024,11,5,17:41:07.486,3.48,15,121.0,0.8939,3071.5,1688.1,7.926,0.02,0.02,0.02,0.02,1246.0,6.0,-57.0,2326.0,3,-86,3.4,3.7,976.0,0,0,0,101,906,906,906,906,1,0,0,0,0,0,0,0,1,0,0,0,0,0,1,1,0,0,0,0,0,1,0,0,1,0,0,0,1,1,0,0,0,0,0,1,0,0,1,0,0,0,1,1,0,0,0,0,0,1,0,0,1,0,0,0,1,1,0,0,0,0,0,1,0,0,1,0,0
2024,11,5,17:41:07.506,3.50,35,121.0,0.8939,3072.1,1688.7,7.924,0.02,0.02,0.02,0.02,1251.0,6.0,-57.0,2351.0,4,-87,3.3,3.6,991.0,0,0,0,101,906,906,906,906,1,0,0,0,0,0,0,0,1,0,0,0,0,0,1,1,0,0,0,0,0,1,0,0,1,0,0,0,1,1,0,0,0,0,0,1,0,0,1,0,0,0,1,1,0,0,0,0,0,1,0,0,1,0,0,0,1,1,0,0,0,0,0,1,0,0,1,0,0
2024,11,5,17:41:07.526,3.52,55,121.0,0.8942,3062.4,1679.0,7.923,0.02,0.02,0.02,0.02,1256.0,6.0,-57.0,2376.0,4,-88,3.1,3.4,1005.0,0,0,0,101,906,906,906,906,1,0,0,0,0,0,0,0,1,0,0,0,0,0,1,1,0,0,0,0,0,1,0,0,1,0,0,0,1,1,0,0,0,0,0,1,0,0,1,0,0,0,1,1,0,0,0,0,0,1,0,0,1,0,0,0,1,1,0,0,0,0,0,1,0,0,1,0,0
2024,11,5,17:41:07.546,3.54,75,121.0,0.8942,3061.8,1678.4,7.924,0.02,0.02,0.02,0.02,1261.0,6.0,-57.0,2402.0,4,-90,3.0,3.2,1020.0,0,0,0,101,906,906,906,906,1,0,0,0,0,0,0,0,1,0,0,0,0,0,1,1,0,0,0,0,0,1,0,0,1,0,0,0,1,1,0,0,0,0,0,1,0,0,1,0,0,0,1,1,0,0,0,0,0,1,0,0,1,0,0,0,1,1,0,0,0,0,0,1,0,0,1,0,0
2024,11,5,17:41:07.566,3.56,95,121.0,0.8937,3077.5,1694.1,7.923,0.02,0.02,0.02,0.02,1266.0,7.0,-57.0,2427.0,4,-91,2.9,3.1,1034.0,0,0,0,101,906,906,906,906,1,0,0,0,0,0,0,0,1,0,0,0,0,0,1,1,0,0,0,0,0,1,0,0,1,0,0,0,1,1,0,0,0,0,0,1,0,0,1,0,0,0,1,1,0,0,0,0,0,1,0,0,1,0,0,0,1,1,0,0,0,0,0,1,0,0,1,0,0
2024,11,5,17:41:07.586,3.58,115,121.0,0.8937,3078.1,1694.7,7.924,0.02,0.02,0.02,0.02,1271.0,7.0,-57.0,2452.0,4,-92,2.9,3.1,1049.0,0,0,0,101,906,906,906,906,1,0,0,0,0,0,0,0,1,0,0,0,0,0,1,1,0,0,0,0,0,1,0,0,1,0,0,0,1,1,0,0,0,0,0,1,0,0,1,0,0,0,1,1,0,0,0,0,0,1,0,0,1,0,0,0,1,1,0,0,0,0,0,1,0,0,1,0,0
2024,11,5,17:41:07.606,3.60,135,121.0,0.8924,3117.5,1734.2,7.924,0.02,0.02,0.02,0.02,1275.0,8.0,-57.0,2478.0,4,-93,2.9,3.1,1064.0,0,0,0,101,906,906,906,906,1,0,0,0,0,0,0,0,1,0,0,0,0,0,1,1,0,0,0,0,0,1,0,0,1,0,0,0,1,1,0,0,0,0,0,1,0,0,1,0,0,0,1,1,0,0,0,0,0,1,0,0,1,0,0,0,1,1,0,0,0,0,0,1,0,0,1,0,0
2024,11,5,17:41:07.626,3.62,155,121.0,0.8924,3116.9,1733.5,7.923,0.02,0.02,0.02,0.02,1280.0,8.0,-58.0,2503.0,4,-94,2.9,3.2,1078.0,0,0,0,101,906,906,906,906,1,0,0,0,0,0,0,0,1,0,0,0,0,0,1,1,0,0,0,0,0,1,0,0,1,0,0,0,1,1,0,0,0,0,0,1,0,0,1,0,0,0,1,1,0,0,0,0,0,1,0,0,1,0,0,0,1,1,0,0,0,0,0,1,0,0,1,0,0
2024,11,5,17:41:07.646,3.64,175,121.0,0.8912,3153.4,1770.0,7.923,0.02,0.02,0.02,0.02,1285.0,9.0,-58.0,2529.0,5,-95,3.1,3.4,1093.0,0,0,0,101,906,906,906,906,1,0,0,0,0,0,0,0,1,0,0,0,0,0,1,1,0,0,0,0,0,1,0,0,1,0,0,0,1,1,0,0,0,0,0,1,0,0,1,0,0,0,1,1,0,0,0,0,0,1,0,0,1,0,0,0,1,1,0,0,0,0,0,1,0,0,1,0,0
2024,11,5,17:41:07.666,3.66,195,121.0,0.8912,3154.0,1770.6,7.924,0.02,0.02,0.02,0.02,1290.0,9.0,-58.0,2555.0,5,-97,3.3,3.6,1107.0,0,0,0,101,906,906,906,906,1,0,0,0,0,0,0,0,1,0,0,0,0,0,1,1,0,0,0,0,0,1,0,0,1,0,0,0,1,1,0,0,0,0,0,1,0,0,1,0,0,0,1,1,0,0,0,0,0,1,0,0,1,0,0,0,1,1,0,0,0,0,0,1,0,0,1,0,0
2024,11,5,17:41:07.686,3.68,215,121.0,0.8897,3199.6,1816.2,7.924,0.02,0.02,0.02,0.02,1295.0,10.0,-59.0,2581.0,5,-98,3.6,3.9,1122.0,0,0,0,101,906,906,906,906,1,0,0,0,0,0,0,0,1,0,0,0,0,0,1,1,0,0,0,0,0,1,0,0,1,0,0,0,1,1,0,0,0,0,0,1,0,0,1,0,0,0,1,1,0,0,0,0,0,1,0,0,1,0,0,0,1,1,0,0,0,0,0,1,0,0,1,0,0
2024,11,5,17:41:07.706,3.70,235,121.0,0.8897,3199.6,1816.2,7.922,0.02,0.02,0.02,0.02,1299.0,10.0,-60.0,2607.0,5,-99,4.0,4.3,1136.0,0,0,0,101,906,906,906,906,1,0,0,0,0,0,0,0,1,0,0,0,0,0,1,1,0,0,0,0,0,1,0,0,1,0,0,0,1,1,0,0,0,0,0,1,0,0,1,0,0,0,1,1,0,0,0,0,0,1,0,0,1,0,0,0,1,1,0,0,0,0,0,1,0,0,1,0,0
2024,11,5,17:41:07.726,3.72,5,121.0,0.8882,3244.0,1860.6,7.923,0.02,0.02,0.02,0.02,1304.0,11.0,-60.0,2633.0,5,-100,4.4,4.7,1150.0,0,0,0,101,906,906,906,906,1,0,0,0,0,0,0,0,1,0,0,0,0,0,1,1,0,0,0,0,0,1,0,0,1,0,0,0,1,1,0,0,0,0,0,1,0,0,1,0,0,0,1,1,0,0,0,0,0,1,0,0,1,0,0,0,1,1,0,0,0,0,0,1,0,0,1,0,0
2024,11,5,17:41:07.746,3.74,25,121.0,0.8882,3244.0,1860.6,7.922,0.02,0.02,0.02,0.02,1309.0,11.0,-61.0,2659.0,6,-101,4.7,5.0,1165.0,0,0,0,101,906,906,906,906,1,0,0,0,0,0,0,0,1,0,0,0,0,0,1,1,0,0,0,0,0,1,0,0,1,0,0,0,1,1,0,0,0,0,0,1,0,0,1,0,0,0,1,1,0,0,0,0,0,1,0,0,1,0,0,0,1,1,0,0,0,0,0,1,0,0,1,0,0
2024,11,5,17:41:07.766,3.76,45,121.0,0.8874,3267.8,1884.4,7.923,0.02,0.02,0.02,0.02,1313.0,12.0,-62.0,2685.0,6,-103,5.0,5.4,1179.0,0,0,0,101,906,906,906,906,1,0,0,0,0,0,0,0,1,0,0,0,0,0,1,1,0,0,0,0,0,1,0,0,1,0,0,0,1,1,0,0,0,0,0,1,0,0,1,0,0,0,1,1,0,0,0,0,0,1,0,0,1,0,0,0,1,1,0,0,0,0,0,1,0,0,1,0,0
2024,11,5,17:41:07.786,3.78,65,121.0,0.8874,3268.4,1885.0,7.923,0.02,0.02,0.02,0.02,1318.0,12.0,-63.0,2711.0,6,-104,5.3,5.8,1193.0,0,0,0,101,906,906,906,906,1,0,0,0,0,0,0,0,1,0,0,0,0,0,1,1,0,0,0,0,0,1,0,0,1,0,0,0,1,1,0,0,0,0,0,1,0,0,1,0,0,0,1,1,0,0,0,0,0,1,0,0,1,0,0,0,1,1,0,0,0,0,0,1,0,0,1,0,0
2024,11,5,17:41:07.806,3.80,85,121.0,0.8864,3300.1,1916.7,7.924,0.02,0.02,0.02,0.02,1322.0,12.0,-64.0,2738.0,6,-105,5.5,5.9,1207.0,0,0,0,101,906,906,906,906,1,0,0,0,0,0,0,0,1,0,0,0,0,0,1,1,0,0,0,0,0,1,0,0,1,0,0,0,1,1,0,0,0,0,0,1,0,0,1,0,0,0,1,1,0,0,0,0,0,1,0,0,1,0,0,0,1,1,0,0,0,0,0,1,0,0,1,0,0
2024,11,5,17:41:07.826,3.82,105,121.0,0.8864,3300.1,1916.7,7.924,0.02,0.02,0.02,0.02,1327.0,12.0,-65.0,2764.0,7,-106,5.6,6.0,1221.0,0,0,0,101,906,906,906,906,1,0,0,0,0,0,0,0,1,0,0,0,0,0,1,1,0,0,0,0,0,1,0,0,1,0,0,0,1,1,0,0,0,0,0,1,0,0,1,0,0,0,1,1,0,0,0,0,0,1,0,0,1,0,0,0,1,1,0,0,0,0,0,1,0,0,1,0,0
2024,11,5,17:41:07.846,3.84,125,121.0,0.8853,3331.9,1948.5,7.924,0.02,0.02,0.02,0.02,1331.0,11.0,-66.0,2791.0,7,-108,5.6,6.0,1235.0,0,0,0,101,906,906,906,906,1,0,0,0,0,0,0,0,1,0,0,0,0,0,1,1,0,0,0,0,0,1,0,0,1,0,0,0,1,1,0,0,0,0,0,1,0,0,1,0,0,0,1,1,0,0,0,0,0,1,0,0,1,0,0,0,1,1,0,0,0,0,0,1,0,0,1,0,0
2024,11,5,17:41:07.866,3.86,145,121.0,0.8853,3331.9,1948.5,7.924,0.02,0.02,0.02,0.02,1336.0,11.0,-67.0,2817.0,7,-109,5.6,6.0,1248.0,0,0,0,101,906,906,906,906,1,0,0,0,0,0,0,0,1,0,0,0,0,0,1,1,0,0,0,0,0,1,0,0,1,0,0,0,1,1,0,0,0,0,0,1,0,0,1,0,0,0,1,1,0,0,0,0,0,1,0,0,1,0,0,0,1,1,0,0,0,0,0,1,0,0,1,0,0
2024,11,5,17:41:07.886,3.88,165,121.0,0.8843,3362.4,1979.0,7.924,0.02,0.02,0.02,0.02,1340.0,10.0,-68.0,2844.0,7,-110,5.5,5.9,1262.0,0,0,0,101,906,906,906,906,1,0,0,0,0,0,0,0,1,0,0,0,0,0,1,1,0,0,0,0,0,1,0,0,1,0,0,0,1,1,0,0,0,0,0,1,0,0,1,0,0,0,1,1,0,0,0,0,0,1,0,0,1,0,0,0,1,1,0,0,0,0,0,1,0,0,1,0,0
2024,11,5,17:41:07.906,3.90,185,121.0,0.8843,3361.8,1978.4,7.925,0.02,0.02,0.02,0.02,1345.0,10.0,-68.0,2871.0,8,-112,5.3,5.7,1276.0,0,0,0,101,906,906,906,906,1,0,0,0,0,0,0,0,1,0,0,0,0,0,1,1,0,0,0,0,0,1,0,0,1,0,0,0,1,1,0,0,0,0,0,1,0,0,1,0,0,0,1,1,0,0,0,0,0,1,0,0,1,0,0,0,1,1,0,0,0,0,0,1,0,0,1,0,0
2024,11,5,17:41:07.926,3.92,205,121.0,0.8827,3413.2,2029.8,7.924,0.02,0.02,0.02,0.02,1349.0,9.0,-69.0,2898.0,8,-113,5.2,5.6,1290.0,0,0,0,101,906,906,906,906,1,0,0,0,0,0,0,0,1,0,0,0,0,0,1,1,0,0,0,0,0,1,0,0,1,0,0,0,1,1,0,0,0,0,0,1,0,0,1,0,0,0,1,1,0,0,0,0,0,1,0,0,1,0,0,0,1,1,0,0,0,0,0,1,0,0,1,0,0
2024,11,5,17:41:07.946,3.94,225,121.0,0.8827,3413.2,2029.8,7.924,0.02,0.02,0.02,0.02,1353.0,8.0,-69.0,2925.0,8,-115,5.0,5.4,1304.0,0,0,0,101,906,906,906,906,1,0,0,0,0,0,0,0,1,0,0,0,0,0,1,1,0,0,0,0,0,1,0,0,1,0,0,0,1,1,0,0,0,0,0,1,0,0,1,0,0,0,1,1,0,0,0,0,0,1,0,0,1,0,0,0,1,1,0,0,0,0,0,1,0,0,1,0,0
2024,11,5,17:41:07.966,3.96,245,121.0,0.8807,3473.3,2089.9,7.925,0.02,0.02,0.02,0.02,1358.0,8.0,-69.0,2952.0,8,-116,4.6,4.9,1317.0,0,0,0,101,906,906,906,906,1,0,0,0,0,0,0,0,1,0,0,0,0,0,1,1,0,0,0,0,0,1,0,0,1,0,0,0,1,1,0,0,0,0,0,1,0,0,1,0,0,0,1,1,0,0,0,0,0,1,0,0,1,0,0,0,1,1,0,0,0,0,0,1,0,0,1,0,0
2024,11,5,17:41:07.986,3.98,15,121.0,0.8807,3473.3,2089.9,7.925,0.02,0.02,0.02,0.02,1362.0,7.0,-69.0,2979.0,8,-117,4.2,4.5,1331.0,0,0,0,101,906,906,906,906,1,0,0,0,0,0,0,0,1,0,0,0,0,0,1,1,0,0,0,0,0,1,0,0,1,0,0,0,1,1,0,0,0,0,0,1,0,0,1,0,0,0,1,1,0,0,0,0,0,1,0,0,1,0,0,0,1,1,0,0,0,0,0,1,0,0,1,0,0
2024,11,5,17:41:08.006,4.00,35,121.0,0.8780,3554.9,2171.5,7.924,0.02,0.02,0.02,0.02,1366.0,6.0,-69.0,3007.0,8,-119,3.8,4.1,1344.0,0,0,0,101,906,906,906,906,1,0,0,0,0,0,0,0,1,0,0,0,0,0,1,1,0,0,0,0,0,1,0,0,1,0,0,0,1,1,0,0,0,0,0,1,0,0,1,0,0,0,1,1,0,0,0,0,0,1,0,0,1,0,0,0,1,1,0,0,0,0,0,1,0,0,1,0,0
2024,11,5,17:41:08.026,4.02,55,121.0,0.8780,3555.6,2172.2,7.924,0.02,0.02,0.02,0.02,1370.0,5.0,-69.0,3034.0,9,-120,3.3,3.5,1358.0,0,0,0,101,906,906,906,906,1,0,0,0,0,0,0,0,1,0,0,0,0,0,1,1,0,0,0,0,0,1,0,0,1,0,0,0,1,1,0,0,0,0,0,1,0,0,1,0,0,0,1,1,0,0,0,0,0,1,0,0,1,0,0,0,1,1,0,0,0,0,0,1,0,0,1,0,0
2024,11,5,17:41:08.046,4.04,75,121.0,0.8755,3633.7,2250.4,7.924,0.02,0.02,0.02,0.02,1375.0,5.0,-68.0,3062.0,9,-121,2.6,2.8,1370.0,0,0,0,101,906,906,906,906,1,0,0,0,0,0,0,0,1,0,0,0,0,0,1,1,0,0,0,0,0,1,0,0,1,0,0,0,1,1,0,0,0,0,0,1,0,0,1,0,0,0,1,1,0,0,0,0,0,1,0,0,1,0,0,0,1,1,0,0,0,0,0,1,0,0,1,0,0
2024,11,5,17:41:08.066,4.06,95,121.0,0.8755,3633.7,2250.4,7.925,0.02,0.02,0.02,0.02,1379.0,4.0,-68.0,3089.0,9,-123,2.0,2.1,1383.0,0,0,0,101,906,906,906,906,1,0,0,0,0,0,0,0,1,0,0,0,0,0,1,1,0,0,0,0,0,1,0,0,1,0,0,0,1,1,0,0,0,0,0,1,0,0,1,0,0,0,1,1,0,0,0,0,0,1,0,0,1,0,0,0,1,1,0,0,0,0,0,1,0,0,1,0,0
2024,11,5,17:41:08.086,4.08,115,121.0,0.8735,3694.8,2311.4,7.923,0.02,0.02,0.02,0.02,1383.0,4.0,-67.0,3117.0,9,-124,1.4,1.5,1396.0,0,0,0,101,906,906,906,906,1,0,0,0,0,0,0,0,1,0,0,0,0,0,1,1,0,0,0,0,0,1,0,0,1,0,0,0,1,1,0,0,0,0,0,1,0,0,1,0,0,0,1,1,0,0,0,0,0,1,0,0,1,0,0,0,1,1,0,0,0,0,0,1,0,0,1,0,0
2024,11,5,17:41:08.106,4.10,135,121.0,0.8735,3694.8,2311.4,7.924,0.02,0.02,0.02,0.02,1387.0,4.0,-66.0,3144.0,9,-126,0.6,0.7,1409.0,0,0,0,101,906,906,906,906,1,0,0,0,0,0,0,0,1,0,0,0,0,0,1,1,0,0,0,0,0,1,0,0,1,0,0,0,1,1,0,0,0,0,0,1,0,0,1,0,0,0,1,1,0,0,0,0,0,1,0,0,1,0,0,0,1,1,0,0,0,0,0,1,0,0,1,0,0
2024,11,5,17:41:08.126,4.12,155,121.0,0.8724,3730.0,2346.6,7.922,0.02,0.02,0.02,0.02,1391.0,4.0,-65.0,3172.0,9,-127,0.2,0.2,1421.0,0,0,0,101,906,906,906,906,1,0,0,0,0,0,0,0,1,0,0,0,0,0,1,1,0,0,0,0,0,1,0,0,1,0,0,0,1,1,0,0,0,0,0,1,0,0,1,0,0,0,1,1,0,0,0,0,0,1,0,0,1,0,0,0,1,1,0,0,0,0,0,1,0,0,1,0,0
2024,11,5,17:41:08.146,4.14,175,121.0,0.8723,3730.6,2347.3,7.923,0.02,0.02,0.02,0.02,1394.0,4.0,-64.0,3200.0,9,-128,0.8,0.9,1434.0,0,0,0,101,906,906,906,906,1,0,0,0,0,0,0,0,1,0,0,0,0,0,1,1,0,0,0,0,0,1,0,0,1,0,0,0,1,1,0,0,0,0,0,1,0,0,1,0,0,0,1,1,0,0,0,0,0,1,0,0,1,0,0,0,1,1,0,0,0,0,0,1,0,0,1,0,0
2024,11,5,17:41:08.166,4.16,195,121.0,0.8720,3741.8,2358.4,7.923,0.02,0.02,0.02,0.02,1398.0,5.0,-63.0,3228.0,9,-129,1.5,1.7,1446.0,0,0,0,101,906,906,906,906,1,0,0,0,0,0,0,0,1,0,0,0,0,0,1,1,0,0,0,0,0,1,0,0,1,0,0,0,1,1,0,0,0,0,0,1,0,0,1,0,0,0,1,1,0,0,0,0,0,1,0,0,1,0,0,0,1,1,0,0,0,0,0,1,0,0,1,0,0
2024,11,5,17:41:08.186,4.18,215,120.9,0.8720,3741.8,2358.4,7.925,0.02,0.02,0.02,0.02,1402.0,6.0,-62.0,3256.0,9,-131,2.3,2.5,1457.0,0,0,0,101,906,906,906,906,1,0,0,0,0,0,0,0,1,0,0,0,0,0,1,1,0,0,0,0,0,1,0,0,1,0,0,0,1,1,0,0,0,0,0,1,0,0,1,0,0,0,1,1,0,0,0,0,0,1,0,0,1,0,0,0,1,1,0,0,0,0,0,1,0,0,1,0,0
2024,11,5,17:41:08.206,4.20,235,120.9,0.8709,3775.8,2392.4,7.924,0.02,0.02,0.02,0.02,1406.0,7.0,-61.0,3284.0,10,-132,3.2,3.4,1469.0,0,0,0,101,906,906,906,906,1,0,0,0,0,0,0,0,1,0,0,0,0,0,1,1,0,0,0,0,0,1,0,0,1,0,0,0,1,1,0,0,0,0,0,1,0,0,1,0,0,0,1,1,0,0,0,0,0,1,0,0,1,0,0,0,1,1,0,0,0,0,0,1,0,0,1,0,0
2024,11,5,17:41:08.226,4.22,5,121.0,0.8709,3775.2,2391.8,7.924,0.02,0.02,0.02,0.02,1409.0,8.0,-60.0,3312.0,10,-133,4.0,4.3,1479.0,0,0,0,101,906,906,906,906,1,0,0,0,0,0,0,0,1,0,0,0,0,0,1,1,0,0,0,0,0,1,0,0,1,0,0,0,1,1,0,0,0,0,0,1,0,0,1,0,0,0,1,1,0,0,0,0,0,1,0,0,1,0,0,0,1,1,0,0,0,0,0,1,0,0,1,0,0
2024,11,5,17:41:08.246,4.24,25,121.0,0.8696,3814.2,2430.8,7.925,0.02,0.02,0.02,0.02,1413.0,10.0,-60.0,3341.0,10,-134,4.7,5.0,1490.0,0,0,0,101,906,906,906,906,1,0,0,0,0,0,0,0,1,0,0,0,0,0,1,1,0,0,0,0,0,1,0,0,1,0,0,0,1,1,0,0,0,0,0,1,0,0,1,0,0,0,1,1,0,0,0,0,0,1,0,0,1,0,0,0,1,1,0,0,0,0,0,1,0,0,1,0,0
2024,11,5,17:41:08.266,4.26,45,120.9,0.8696,3814.2,2430.8,7.923,0.02,0.02,0.02,0.02,1416.0,12.0,-59.0,3369.0,10,-136,5.5,5.9,1500.0,0,0,0,101,906,906,906,906,1,0,0,0,0,0,0,0,1,0,0,0,0,0,1,1,0,0,0,0,0,1,0,0,1,0,0,0,1,1,0,0,0,0,0,1,0,0,1,0,0,0,1,1,0,0,0,0,0,1,0,0,1,0,0,0,1,1,0,0,0,0,0,1,0,0,1,0,0
2024,11,5,17:41:08.286,4.28,65,120.9,0.8674,3883.7,2500.3,7.924,0.02,0.02,0.02,0.02,1419.0,14.0,-59.0,3397.0,10,-137,6.2,6.7,1509.0,0,0,0,101,906,906,906,906,1,0,0,0,0,0,0,0,1,0,0,0,0,0,1,1,0,0,0,0,0,1,0,0,1,0,0,0,1,1,0,0,0,0,0,1,0,0,1,0,0,0,1,1,0,0,0,0,0,1,0,0,1,0,0,0,1,1,0,0,0,0,0,1,0,0,1,0,0
2024,11,5,17:41:08.306,4.30,85,120.9,0.8674,3883.7,2500.3,7.924,0.02,0.02,0.02,0.02,1422.0,16.0,-59.0,3426.0,11,-138,6.9,7.4,1518.0,0,0,0,101,906,906,906,906,1,0,0,0,0,0,0,0,1,0,0,0,0,0,1,1,0,0,0,0,0,1,0,0,1,0,0,0,1,1,0,0,0,0,0,1,0,0,1,0,0,0,1,1,0,0,0,0,0,1,0,0,1,0,0,0,1,1,0,0,0,0,0,1,0,0,1,0,0
2024,11,5,17:41:08.326,4.32,105,120.9,0.8643,3979.5,2596.1,7.923,0.02,0.02,0.02,0.02,1425.0,18.0,-59.0,3454.0,11,-139,7.6,8.1,1527.0,0,0,0,101,906,906,906,906,1,0,0,0,0,0,0,0,1,0,0,0,0,0,1,1,0,0,0,0,0,1,0,0,1,0,0,0,1,1,0,0,0,0,0,1,0,0,1,0,0,0,1,1,0,0,0,0,0,1,0,0,1,0,0,0,1,1,0,0,0,0,0,1,0,0,1,0,0
2024,11,5,17:41:08.346,4.34,125,120.9,0.8643,3979.5,2596.1,7.924,0.02,0.02,0.02,0.02,1428.0,21.0,-59.0,3483.0,11,-140,8.2,8.8,1535.0,0,0,0,101,906,902,902,906,1,0,0,0,0,0,0,0,1,0,0,0,0,0,1,1,0,0,0,0,0,1,0,0,1,0,0,0,1,0,0,0,0,0,0,1,0,0,1,0,0,0,1,0,0,0,0,0,0,1,0,0,1,0,0,0,1,1,0,0,0,0,0,1,0,0,1,0,0
2024,11,5,17:41:08.366,4.36,145,120.9,0.8622,4046.2,2662.8,7.924,0.02,0.02,0.02,0.02,1431.0,24.0,-60.0,3511.0,12,-142,8.8,9.5,1543.0,0,0,0,101,906,902,902,906,1,0,0,0,0,0,0,0,1,0,0,0,0,0,1,1,0,0,0,0,0,1,0,0,1,0,0,0,1,0,0,0,0,0,0,1,0,0,1,0,0,0,1,0,0,0,0,0,0,1,0,0,1,0,0,0,1,1,0,0,0,0,0,1,0,0,1,0,0
2024,11,5,17:41:08.386,4.38,165,120.9,0.8622,4046.2,2662.8,7.925,0.02,0.02,0.02,0.02,1434.0,26.0,-61.0,3540.0,12,-143,9.5,10.2,1550.0,0,0,0,101,906,902,902,906,1,0,0,0,0,0,0,0,1,0,0,0,0,0,1,1,0,0,0,0,0,1,0,0,1,0,0,0,1,0,0,0,0,0,0,1,0,0,1,0,0,0,1,0,0,0,0,0,0,1,0,0,1,0,0,0,1,1,0,0,0,0,0,1,0,0,1,0,0
2024,11,5,17:41:08.406,4.40,185,120.9,0.8601,4111.1,2727.7,7.924,0.02,0.02,0.02,0.02,1436.0,29.0,-63.0,3569.0,13,-144,10.1,10.9,1556.0,0,0,0,101,906,902,902,906,1,0,0,0,0,0,0,0,1,0,0,0,0,0,1,1,0,0,0,0,0,1,0,0,1,0,0,0,1,0,0,0,0,0,0,1,0,0,1,0,0,0,1,0,0,0,0,0,0,1,0,0,1,0,0,0,1,1,0,0,0,0,0,1,0,0,1,0,0
2024,11,5,17:41:08.426,4.42,205,120.9,0.8601,4111.8,2728.4,7.925,0.02,0.02,0.02,0.02,1439.0,32.0,-66.0,3597.0,14,-145,10.9,11.7,1562.0,0,0,0,101,906,902,902,906,1,0,0,0,0,0,0,0,1,0,0,0,0,0,1,1,0,0,0,0,0,1,0,0,1,0,0,0,1,0,0,0,0,0,0,1,0,0,1,0,0,0,1,0,0,0,0,0,0,1,0,0,1,0,0,0,1,1,0,0,0,0,0,1,0,0,1,0,0
2024,11,5,17:41:08.446,4.44,225,120.9,0.8551,4266.6,2883.2,7.924,0.02,0.02,0.02,0.02,1441.0,35.0,-68.0,3626.0,14,-147,11.7,12.5,1567.0,0,0,0,101,906,902,902,906,1,0,0,0,0,0,0,0,1,0,0,0,0,0,1,1,0,0,0,0,0,1,0,0,1,0,0,0,1,0,0,0,0,0,0,1,0,0,1,0,0,0,1,0,0,0,0,0,0,1,0,0,1,0,0,0,1,1,0,0,0,0,0,1,0,0,1,0,0
2024,11,5,17:41:08.466,4.46,245,120.9,0.8552,4265.9,2882.5,7.923,0.02,0.02,0.02,0.02,1443.0,39.0,-71.0,3655.0,15,-148,12.6,13.5,1572.0,0,0,0,101,906,902,902,906,1,0,0,0,0,0,0,0,1,0,0,0,0,0,1,1,0,0,0,0,0,1,0,0,1,0,0,0,1,0,0,0,0,0,0,1,0,0,1,0,0,0,1,0,0,0,0,0,0,1,0,0,1,0,0,0,1,1,0,0,0,0,0,1,0,0,1,0,0
2024,11,5,17:41:08.486,4.48,15,120.9,0.8518,4371.0,2987.6,7.924,0.02,0.02,0.02,0.02,1445.0,43.0,-75.0,3684.0,16,-150,13.9,14.9,1576.0,0,0,0,101,90e,90a,90a,90e,1,0,0,0,0,0,0,0,1,0,0,0,0,0,1,1,1,0,0,0,0,1,0,0,1,0,0,0,1,0,1,0,0,0,0,1,0,0,1,0,0,0,1,0,1,0,0,0,0,1,0,0,1,0,0,0,1,1,1,0,0,0,0,1,0,0,1,0,0
2024,11,5,17:41:08.506,4.50,35,120.9,0.8518,4371.0,2987.6,7.924,0.02,0.02,0.02,0.02,1446.0,48.0,-80.0,3713.0,17,-151,15.6,16.6,1581.0,0,0,0,101,90e,90a,90a,90e,1,0,0,0,0,0,0,0,1,0,0,0,0,0,1,1,1,0,0,0,0,1,0,0,1,0,0,0,1,0,1,0,0,0,0,1,0,0,1,0,0,0,1,0,1,0,0,0,0,1,0,0,1,0,0,0,1,1,1,0,0,0,0,1,0,0,1,0,0
2024,11,5,17:41:08.526,4.52,55,120.9,0.8490,4460.0,3076.6,7.924,0.02,0.02,0.02,0.02,1446.0,53.0,-87.0,3742.0,18,-153,18.2,19.5,1588.0,0,0,0,101,91e,91a,91a,91a,1,0,0,0,0,0,0,0,1,0,0,0,0,0,1,1,1,1,0,0,0,1,0,0,1,0,0,0,1,0,1,1,0,0,0,1,0,0,1,0,0,0,1,0,1,1,0,0,0,1,0,0,1,0,0,0,1,0,1,1,0,0,0,1,0,0,1,0,0
2024,11,5,17:41:08.546,4.54,75,120.9,0.8490,4460.0,3076.6,7.924,0.02,0.02,0.02,0.02,1445.0,65.0,-91.0,3771.0,19,-155,21.5,22.9,1593.0,0,0,0,101,91e,91a,91a,91a,1,0,0,0,0,0,0,0,1,0,0,0,0,0,1,1,1,1,0,0,0,1,0,0,1,0,0,0,1,0,1,1,0,0,0,1,0,0,1,0,0,0,1,0,1,1,0,0,0,1,0,0,1,0,0,0,1,0,1,1,0,0,0,1,0,0,1,0,0
2024,11,5,17:41:08.566,4.56,95,120.9,0.8439,4620.2,3236.8,7.925,0.02,0.02,0.02,0.02,1447.0,69.0,-100.0,3800.0,20,-157,23.2,24.8,1623.0,0,0,0,101,91e,91a,91a,91a,1,0,0,0,0,0,0,0,1,0,0,0,0,0,1,1,1,1,0,0,0,1,0,0,1,0,0,0,1,0,1,1,0,0,0,1,0,0,1,0,0,0,1,0,1,1,0,0,0,1,0,0,1,0,0,0,1,0,1,1,0,0,0,1,0,0,1,0,0
2024,11,5,17:41:08.586,4.58,115,120.9,0.8439,4620.2,3236.8,7.925,0.02,0.02,0.02,0.02,1435.0,95.0,-122.0,3829.0,22,-159,31.2,33.1,1625.0,0,0,0,109,d1e,d1a,d1a,d1a,1,0,0,1,0,0,0,0,1,0,0,0,0,0,1,1,1,1,0,0,0,1,0,1,1,0,0,0,1,0,1,1,0,0,0,1,0,1,1,0,0,0,1,0,1,1,0,0,0,1,0,1,1,0,0,0,1,0,1,1,0,0,0,1,0,1,1,0,0
2024,11,5,17:41:08.606,4.60,135,120.9,0.7905,6363.4,4980.0,7.924,0.02,0.02,0.02,0.03,1387.0,122.0,-145.0,3857.0,24,-162,53.3,55.7,1621.0,0,0,0,109,d1e,d1a,d1a,d1a,1,0,0,1,0,0,0,0,1,0,0,0,0,0,1,1,1,1,0,0,0,1,0,1,1,0,0,0,1,0,1,1,0,0,0,1,0,1,1,0,0,0,1,0,1,1,0,0,0,1,0,1,1,0,0,0,1,0,1,1,0,0,0,1,0,1,1,0,0
2024,11,5,17:41:08.626,4.62,155,120.9,0.7905,6363.4,4980.0,7.924,0.02,0.02,0.03,0.04,1252.0,134.0,-158.0,3883.0,27,-165,96.9,0.0,1605.0,0,0,0,109,d1e,d1a,d1a,d1a,1,0,0,1,0,0,0,0,1,0,0,0,0,0,1,1,1,1,0,0,0,1,0,1,1,0,0,0,1,0,1,1,0,0,0,1,0,1,1,0,0,0,1,0,1,1,0,0,0,1,0,1,1,0,0,0,1,0,1,1,0,0,0,1,0,1,1,0,0
2024,11,5,17:41:08.646,4.64,175,120.9,0.7922,6306.5,4923.1,7.925,0.02,0.02,0.03,0.04,1211.0,134.0,-150.0,3907.0,30,-168,120.4,0.0,1598.0,0,0,0,809,d0a,d0a,d0a,d0a,1,0,0,1,0,0,0,0,0,0,0,1,0,0,1,0,1,0,0,0,0,1,0,1,1,0,0,0,1,0,1,0,0,0,0,1,0,1,1,0,0,0,1,0,1,0,0,0,0,1,0,1,1,0,0,0,1,0,1,0,0,0,0,1,0,1,1,0,0
2024,11,5,17:41:08.666,4.66,195,120.9,0.7922,6306.5,4923.1,7.924,0.02,0.02,0.02,0.02,1139.0,125.0,-138.0,3931.0,32,-170,89.9,89.9,1598.0,0,0,0,809,d0a,d0a,d0a,d0a,1,0,0,1,0,0,0,0,0,0,0,1,0,0,1,0,1,0,0,0,0,1,0,1,1,0,0,0,1,0,1,0,0,0,0,1,0,1,1,0,0,0,1,0,1,0,0,0,0,1,0,1,1,0,0,0,1,0,1,0,0,0,0,1,0,1,1,0,0
2024,11,5,17:41:08.686,4.68,215,120.9,0.7826,6627.6,5244.2,7.923,0.02,0.02,0.02,0.02,1078.0,127.0,-138.0,3953.0,35,-173,50.0,53.1,1605.0,0,0,0,809,d1e,d1a,d1a,d1a,1,0,0,1,0,0,0,0,0,0,0,1,0,0,1,1,1,1,0,0,0,1,0,1,1,0,0,0,1,0,1,1,0,0,0,1,0,1,1,0,0,0,1,0,1,1,0,0,0,1,0,1,1,0,0,0,1,0,1,1,0,0,0,1,0,1,1,0,0
2024,11,5,17:41:08.706,4.70,235,120.9,0.7826,6627.6,5244.2,7.925,0.02,0.02,0.02,0.01,1017.0,131.0,-168.0,3974.0,37,-176,64.3,67.1,1618.0,0,0,0,809,d1e,d1a,d1a,d1a,1,0,0,1,0,0,0,0,0,0,0,1,0,0,1,1,1,1,0,0,0,1,0,1,1,0,0,0,1,0,1,1,0,0,0,1,0,1,1,0,0,0,1,0,1,1,0,0,0,1,0,1,1,0,0,0,1,0,1,1,0,0,0,1,0,1,1,0,0
2024,11,5,17:41:08.726,4.72,5,120.9,0.7503,7737.0,6353.6,7.925,0.02,0.02,0.02,0.01,1000.0,118.0,-164.0,3994.0,40,-180,120.5,0.0,1628.0,0,0,0,809,d1e,d1a,d1a,d1a,1,0,0,1,0,0,0,0,0,0,0,1,0,0,1,1,1,1,0,0,0,1,0,1,1,0,0,0,1,0,1,1,0,0,0,1,0,1,1,0,0,0,1,0,1,1,0,0,0,1,0,1,1,0,0,0,1,0,1,1,0,0,0,1,0,1,1,0,0
2024,11,5,17:41:08.746,4.74,25,120.9,0.7503,7737.7,6354.3,7.924,0.02,0.02,0.02,0.03,1012.0,130.0,-174.0,4014.0,42,-183,175.2,0.0,1632.0,0,0,0,809,d0a,d0a,d0a,d0a,1,0,0,1,0,0,0,0,0,0,0,1,0,0,1,0,1,0,0,0,0,1,0,1,1,0,0,0,1,0,1,0,0,0,0,1,0,1,1,0,0,0,1,0,1,0,0,0,0,1,0,1,1,0,0,0,1,0,1,0,0,0,0,1,0,1,1,0,0
2024,11,5,17:41:08.766,4.76,45,120.9,0.7500,7748.2,6364.8,7.922,0.03,0.03,0.03,0.04,1000.0,161.0,-221.0,4034.0,45,-187,117.7,0.0,1646.0,0,0,0,809,d0a,d0a,d0a,d0a,1,0,0,1,0,0,0,0,0,0,0,1,0,0,1,0,1,0,0,0,0,1,0,1,1,0,0,0,1,0,1,0,0,0,0,1,0,1,1,0,0,0,1,0,1,0,0,0,0,1,0,1,1,0,0,0,1,0,1,0,0,0,0,1,0,1,1,0,0
2024,11,5,17:41:08.786,4.78,65,120.9,0.7500,7748.2,6364.8,7.925,0.02,0.02,0.02,0.03,954.0,186.0,-258.0,4054.0,49,-192,111.1,0.0,1682.0,0,0,0,809,d0a,d0a,d0a,d0a,1,0,0,1,0,0,0,0,0,0,0,1,0,0,1,0,1,0,0,0,0,1,0,1,1,0,0,0,1,0,1,0,0,0,0,1,0,1,1,0,0,0,1,0,1,0,0,0,0,1,0,1,1,0,0,0,1,0,1,0,0,0,0,1,0,1,1,0,0
2024,11,5,17:41:08.806,4.80,85,120.9,0.7199,8815.0,7431.6,7.924,0.02,0.02,0.02,0.03,928.0,234.0,-317.0,4073.0,53,-198,132.5,0.0,1661.0,0,0,0,809,d0a,d0a,d0a,d0a,1,0,0,1,0,0,0,0,0,0,0,1,0,0,1,0,1,0,0,0,0,1,0,1,1,0,0,0,1,0,1,0,0,0,0,1,0,1,1,0,0,0,1,0,1,0,0,0,0,1,0,1,1,0,0,0,1,0,1,0,0,0,0,1,0,1,1,0,0
2024,11,5,17:41:08.826,4.82,105,120.9,0.7199,8815.0,7431.6,7.924,0.02,0.02,0.02,0.02,904.0,270.0,-360.0,4091.0,58,-204,153.8,0.0,1625.0,0,0,0,809,d0a,d0a,d0a,d0a,1,0,0,1,0,0,0,0,0,0,0,1,0,0,1,0,1,0,0,0,0,1,0,1,1,0,0,0,1,0,1,0,0,0,0,1,0,1,1,0,0,0,1,0,1,0,0,0,0,1,0,1,1,0,0,0,1,0,1,0,0,0,0,1,0,1,1,0,0
2024,11,5,17:41:08.846,4.84,125,120.9,0.7669,7161.8,5778.4,7.924,0.02,0.02,0.02,0.02,867.0,311.0,-404.0,4109.0,64,-212,121.6,0.0,1654.0,0,0,0,809,d0a,d0a,d0a,d0a,1,0,0,1,0,0,0,0,0,0,0,1,0,0,1,0,1,0,0,0,0,1,0,1,1,0,0,0,1,0,1,0,0,0,0,1,0,1,1,0,0,0,1,0,1,0,0,0,0,1,0,1,1,0,0,0,1,0,1,0,0,0,0,1,0,1,1,0,0
2024,11,5,17:41:08.866,4.86,145,120.9,0.7669,7162.5,5779.1,7.925,0.02,0.02,0.02,0.02,849.0,329.0,-419.0,4126.0,70,-220,93.0,0.0,1696.0,0,0,0,809,d0a,d0a,d0a,d0a,1,0,0,1,0,0,0,0,0,0,0,1,0,0,1,0,1,0,0,0,0,1,0,1,1,0,0,0,1,0,1,0,0,0,0,1,0,1,1,0,0,0,1,0,1,0,0,0,0,1,0,1,1,0,0,0,1,0,1,0,0,0,0,1,0,1,1,0,0
2024,11,5,17:41:08.886,4.88,165,120.9,0.7842,6573.6,5190.2,7.924,0.02,0.02,0.02,0.02,826.0,348.0,-440.0,4142.0,77,-229,86.0,87.0,1721.0,0,0,0,809,d0a,d0a,d0a,d0a,1,0,0,1,0,0,0,0,0,0,0,1,0,0,1,0,1,0,0,0,0,1,0,1,1,0,0,0,1,0,1,0,0,0,0,1,0,1,1,0,0,0,1,0,1,0,0,0,0,1,0,1,1,0,0,0,1,0,1,0,0,0,0,1,0,1,1,0,0
2024,11,5,17:41:08.906,4.90,185,120.8,0.7842,6574.3,5190.9,7.925,0.02,0.02,0.02,0.02,805.0,359.0,-469.0,4159.0,84,-238,94.7,0.0,1693.0,0,0,0,809,d1e,d1a,d1a,d1a,1,0,0,1,0,0,0,0,0,0,0,1,0,0,1,1,1,1,0,0,0,1,0,1,1,0,0,0,1,0,1,1,0,0,0,1,0,1,1,0,0,0,1,0,1,1,0,0,0,1,0,1,1,0,0,0,1,0,1,1,0,0,0,1,0,1,1,0,0
2024,11,5,17:41:08.926,4.92,205,120.8,0.7905,6360.7,4977.3,7.924,0.02,0.02,0.02,0.02,779.0,368.0,-497.0,4175.0,92,-248,96.9,0.0,1647.0,0,0,0,809,d0a,d0a,d0a,d0a,1,0,0,1,0,0,0,0,0,0,0,1,0,0,1,0,1,0,0,0,0,1,0,1,1,0,0,0,1,0,1,0,0,0,0,1,0,1,1,0,0,0,1,0,1,0,0,0,0,1,0,1,1,0,0,0,1,0,1,0,0,0,0,1,0,1,1,0,0
2024,11,5,17:41:08.946,4.94,225,120.8,0.7905,6361.4,4978.0,7.922,0.02,0.02,0.02,0.02,766.0,373.0,-493.0,4190.0,99,-258,98.5,0.0,1601.0,0,0,0,809,d0a,d0a,d0a,d0a,1,0,0,1,0,0,0,0,0,0,0,1,0,0,1,0,1,0,0,0,0,1,0,1,1,0,0,0,1,0,1,0,0,0,0,1,0,1,1,0,0,0,1,0,1,0,0,0,0,1,0,1,1,0,0,0,1,0,1,0,0,0,0,1,0,1,1,0,0
2024,11,5,17:41:08.966,4.96,245,120.8,0.7994,6064.8,4681.4,7.924,0.02,0.02,0.02,0.02,746.0,392.0,-495.0,4205.0,107,-268,95.6,0.0,1555.0,0,0,0,809,d0a,d0a,d0a,d0a,1,0,0,1,0,0,0,0,0,0,0,1,0,0,1,0,1,0,0,0,0,1,0,1,1,0,0,0,1,0,1,0,0,0,0,1,0,1,1,0,0,0,1,0,1,0,0,0,0,1,0,1,1,0,0,0,1,0,1,0,0,0,0,1,0,1,1,0,0
2024,11,5,17:41:08.986,4.98,15,120.8,0.7994,6065.5,4682.1,7.925,0.02,0.02,0.02,0.02,735.0,404.0,-501.0,4220.0,115,-278,92.8,0.0,1512.0,0,0,0,809,d0a,d0a,d0a,d0a,1,0,0,1,0,0,0,0,0,0,0,1,0,0,1,0,1,0,0,0,0,1,0,1,1,0,0,0,1,0,1,0,0,0,0,1,0,1,1,0,0,0,1,0,1,0,0,0,0,1,0,1,1,0,0,0,1,0,1,0,0,0,0,1,0,1,1,0,0
2024,11,5,17:41:09.006,5.00,35,120.8,0.7870,6478.8,5095.4,7.923,0.02,0.02,0.02,0.02,727.0,415.0,-513.0,4235.0,123,-288,88.3,88.9,1505.0,0,0,0,809,d0a,d0a,d0a,d0a,1,0,0,1,0,0,0,0,0,0,0,1,0,0,1,0,1,0,0,0,0,1,0,1,1,0,0,0,1,0,1,0,0,0,0,1,0,1,1,0,0,0,1,0,1,0,0,0,0,1,0,1,1,0,0,0,1,0,1,0,0,0,0,1,0,1,1,0,0
2024,11,5,17:41:09.026,5.02,55,120.8,0.7870,6478.8,5095.4,7.924,0.02,0.02,0.02,0.02,717.0,428.0,-523.0,4249.0,131,-298,75.0,80.4,1546.0,0,0,0,809,d5e,d5a,d5a,d5a,1,0,0,1,0,0,0,0,0,0,0,1,0,0,1,1,1,1,0,1,0,1,0,1,1,0,0,0,1,0,1,1,0,1,0,1,0,1,1,0,0,0,1,0,1,1,0,1,0,1,0,1,1,0,0,0,1,0,1,1,0,1,0,1,0,1,1,0,0
2024,11,5,17:41:09.046,5.04,75,120.8,0.7900,6377.5,4994.1,7.925,0.02,0.02,0.02,0.02,702.0,438.0,-532.0,4263.0,140,-309,53.5,65.5,1592.0,0,0,0,809,d5e,d5a,d5a,d5a,1,0,0,1,0,0,0,0,0,0,0,1,0,0,1,1,1,1,0,1,0,1,0,1,1,0,0,0,1,0,1,1,0,1,0,1,0,1,1,0,0,0,1,0,1,1,0,1,0,1,0,1,1,0,0,0,1,0,1,1,0,1,0,1,0,1,1,0,0
2024,11,5,17:41:09.066,5.06,95,120.8,0.7900,6378.1,4994.7,7.923,0.02,0.02,0.02,0.02,697.0,450.0,-542.0,4277.0,149,-320,40.6,54.7,1620.0,0,0,0,809,d5e,d5a,d5a,d5a,1,0,0,1,0,0,0,0,0,0,0,1,0,0,1,1,1,1,0,1,0,1,0,1,1,0,0,0,1,0,1,1,0,1,0,1,0,1,1,0,0,0,1,0,1,1,0,1,0,1,0,1,1,0,0,0,1,0,1,1,0,1,0,1,0,1,1,0,0
2024,11,5,17:41:09.086,5.08,115,120.8,0.8077,5790.6,4407.3,7.924,0.02,0.02,0.02,0.03,687.0,459.0,-554.0,4291.0,158,-331,49.1,62.8,1621.0,0,0,0,809,d5e,d5a,d5a,d5a,1,0,0,1,0,0,0,0,0,0,0,1,0,0,1,1,1,1,0,1,0,1,0,1,1,0,0,0,1,0,1,1,0,1,0,1,0,1,1,0,0,0,1,0,1,1,0,1,0,1,0,1,1,0,0,0,1,0,1,1,0,1,0,1,0,1,1,0,0
2024,11,5,17:41:09.106,5.10,135,120.8,0.8077,5791.3,4407.9,7.924,0.02,0.02,0.02,0.03,678.0,462.0,-564.0,4305.0,167,-342,68.2,76.8,1598.0,0,0,0,809,d5e,d5a,d5a,d5a,1,0,0,1,0,0,0,0,0,0,0,1,0,0,1,1,1,1,0,1,0,1,0,1,1,0,0,0,1,0,1,1,0,1,0,1,0,1,1,0,0,0,1,0,1,1,0,1,0,1,0,1,1,0,0,0,1,0,1,1,0,1,0,1,0,1,1,0,0
2024,11,5,17:41:09.126,5.12,155,120.8,0.8045,5898.1,4514.7,7.924,0.02,0.02,0.02,0.03,678.0,464.0,-570.0,4318.0,177,-353,88.6,89.2,1559.0,0,0,0,809,d5e,d5a,d5a,d5a,1,0,0,1,0,0,0,0,0,0,0,1,0,0,1,1,1,1,0,1,0,1,0,1,1,0,0,0,1,0,1,1,0,1,0,1,0,1,1,0,0,0,1,0,1,1,0,1,0,1,0,1,1,0,0,0,1,0,1,1,0,1,0,1,0,1,1,0,0
2024,11,5,17:41:09.146,5.14,175,120.8,0.8045,5898.1,4514.7,7.924,0.02,0.02,0.02,0.02,697.0,472.0,-544.0,4332.0,186,-364,91.8,0.0,1530.0,0,0,0,809,d5e,d5a,d5a,d5a,1,0,0,1,0,0,0,0,0,0,0,1,0,0,1,1,1,1,0,1,0,1,0,1,1,0,0,0,1,0,1,1,0,1,0,1,0,1,1,0,0,0,1,0,1,1,0,1,0,1,0,1,1,0,0,0,1,0,1,1,0,1,0,1,0,1,1,0,0
2024,11,5,17:41:09.166,5.16,195,120.8,0.8091,5745.9,4362.5,7.923,0.02,0.02,0.02,0.03,721.0,434.0,-514.0,4346.0,195,-375,52.1,63.9,1548.0,0,0,0,809,d4a,d4a,d4a,d4a,1,0,0,1,0,0,0,0,0,0,0,1,0,0,1,0,1,0,0,1,0,1,0,1,1,0,0,0,1,0,1,0,0,1,0,1,0,1,1,0,0,0,1,0,1,0,0,1,0,1,0,1,1,0,0,0,1,0,1,0,0,1,0,1,0,1,1,0,0
2024,11,5,17:41:09.186,5.18,215,120.8,0.8091,5745.9,4362.5,7.924,0.02,0.02,0.02,0.02,710.0,461.0,-511.0,4360.0,204,-385,57.7,68.5,1584.0,0,0,0,809,d5e,d5a,d5a,d5a,1,0,0,1,0,0,0,0,0,0,0,1,0,0,1,1,1,1,0,1,0,1,0,1,1,0,0,0,1,0,1,1,0,1,0,1,0,1,1,0,0,0,1,0,1,1,0,1,0,1,0,1,1,0,0,0,1,0,1,1,0,1,0,1,0,1,1,0,0
2024,11,5,17:41:09.206,5.20,235,120.8,0.8098,5723.6,4340.2,7.924,0.02,0.02,0.02,0.02,729.0,474.0,-496.0,4375.0,213,-395,57.9,68.4,1612.0,0,0,0,809,d5e,d5a,d5a,d5a,1,0,0,1,0,0,0,0,0,0,0,1,0,0,1,1,1,1,0,1,0,1,0,1,1,0,0,0,1,0,1,1,0,1,0,1,0,1,1,0,0,0,1,0,1,1,0,1,0,1,0,1,1,0,0,0,1,0,1,1,0,1,0,1,0,1,1,0,0
2024,11,5,17:41:09.226,5.22,5,120.8,0.8098,5723.6,4340.2,7.924,0.02,0.02,0.02,0.02,732.0,450.0,-473.0,4390.0,223,-405,48.5,60.2,1650.0,0,0,0,809,d5e,d5a,d5a,d5a,1,0,0,1,0,0,0,0,0,0,0,1,0,0,1,1,1,1,0,1,0,1,0,1,1,0,0,0,1,0,1,1,0,1,0,1,0,1,1,0,0,0,1,0,1,1,0,1,0,1,0,1,1,0,0,0,1,0,1,1,0,1,0,1,0,1,1,0,0
2024,11,5,17:41:09.246,5.24,25,120.8,0.8103,5706.5,4323.1,7.925,0.02,0.02,0.02,0.02,722.0,470.0,-472.0,4404.0,232,-414,67.4,75.1,1695.0,0,0,0,809,d5e,d5a,d5a,d5a,1,0,0,1,0,0,0,0,0,0,0,1,0,0,1,1,1,1,0,1,0,1,0,1,1,0,0,0,1,0,1,1,0,1,0,1,0,1,1,0,0,0,1,0,1,1,0,1,0,1,0,1,1,0,0,0,1,0,1,1,0,1,0,1,0,1,1,0,0
2024,11,5,17:41:09.266,5.26,45,120.7,0.8103,5707.2,4323.8,7.924,0.02,0.02,0.02,0.02,721.0,482.0,-474.0,4419.0,241,-424,82.2,85.0,1741.0,0,0,0,809,d5e,d5a,d5a,d5a,1,0,0,1,0,0,0,0,0,0,0,1,0,0,1,1,1,1,0,1,0,1,0,1,1,0,0,0,1,0,1,1,0,1,0,1,0,1,1,0,0,0,1,0,1,1,0,1,0,1,0,1,1,0,0,0,1,0,1,1,0,1,0,1,0,1,1,0,0
2024,11,5,17:41:09.286,5.28,65,120.7,0.8095,5731.5,4348.1,7.924,0.02,0.02,0.02,0.02,721.0,486.0,-484.0,4433.0,251,-433,92.6,0.0,1786.0,0,0,0,809,d5e,d5a,d5a,d5a,1,0,0,1,0,0,0,0,0,0,0,1,0,0,1,1,1,1,0,1,0,1,0,1,1,0,0,0,1,0,1,1,0,1,0,1,0,1,1,0,0,0,1,0,1,1,0,1,0,1,0,1,1,0,0,0,1,0,1,1,0,1,0,1,0,1,1,0,0
2024,11,5,17:41:09.306,5.30,85,120.7,0.8095,5731.5,4348.1,7.923,0.02,0.02,0.02,0.02,724.0,485.0,-492.0,4447.0,261,-443,102.1,0.0,1832.0,0,0,0,809,d4a,d4a,d4a,d4a,1,0,0,1,0,0,0,0,0,0,0,1,0,0,1,0,1,0,0,1,0,1,0,1,1,0,0,0,1,0,1,0,0,1,0,1,0,1,1,0,0,0,1,0,1,0,0,1,0,1,0,1,1,0,0,0,1,0,1,0,0,1,0,1,0,1,1,0,0
2024,11,5,17:41:09.326,5.32,105,120.7,0.8032,5940.3,4556.9,7.923,0.02,0.02,0.02,0.02,725.0,477.0,-491.0,4462.0,270,-453,111.6,0.0,1878.0,0,0,0,809,d4a,d4a,d4a,d4a,1,0,0,1,0,0,0,0,0,0,0,1,0,0,1,0,1,0,0,1,0,1,0,1,1,0,0,0,1,0,1,0,0,1,0,1,0,1,1,0,0,0,1,0,1,0,0,1,0,1,0,1,1,0,0,0,1,0,1,0,0,1,0,1,0,1,1,0,0
2024,11,5,17:41:09.346,5.34,125,120.7,0.8032,5940.3,4556.9,7.923,0.02,0.02,0.02,0.02,718.0,465.0,-489.0,4476.0,280,-463,122.2,0.0,1924.0,0,0,0,809,d4a,d4a,d4a,d4a,1,0,0,1,0,0,0,0,0,0,0,1,0,0,1,0,1,0,0,1,0,1,0,1,1,0,0,0,1,0,1,0,0,1,0,1,0,1,1,0,0,0,1,0,1,0,0,1,0,1,0,1,1,0,0,0,1,0,1,0,0,1,0,1,0,1,1,0,0
2024,11,5,17:41:09.366,5.36,145,120.7,0.7925,6295.2,4911.8,7.924,0.02,0.02,0.02,0.02,711.0,455.0,-493.0,4491.0,289,-473,124.6,0.0,1970.0,0,0,0,809,d4a,d4a,d4a,d4a,1,0,0,1,0,0,0,0,0,0,0,1,0,0,1,0,1,0,0,1,0,1,0,1,1,0,0,0,1,0,1,0,0,1,0,1,0,1,1,0,0,0,1,0,1,0,0,1,0,1,0,1,1,0,0,0,1,0,1,0,0,1,0,1,0,1,1,0,0
2024,11,5,17:41:09.386,5.38,165,120.7,0.7925,6295.2,4911.8,7.925,0.02,0.02,0.02,0.02,702.0,448.0,-498.0,4505.0,298,-483,121.0,0.0,2016.0,0,0,0,809,d4a,d4a,d4a,d4a,1,0,0,1,0,0,0,0,0,0,0,1,0,0,1,0,1,0,0,1,0,1,0,1,1,0,0,0,1,0,1,0,0,1,0,1,0,1,1,0,0,0,1,0,1,0,0,1,0,1,0,1,1,0,0,0,1,0,1,0,0,1,0,1,0,1,1,0,0
2024,11,5,17:41:09.406,5.40,185,120.7,0.7948,6217.1,4833.7,7.923,0.02,0.02,0.02,0.02,697.0,442.0,-502.0,4519.0,307,-493,118.0,0.0,2061.0,0,0,0,809,d4a,d4a,d4a,d4a,1,0,0,1,0,0,0,0,0,0,0,1,0,0,1,0,1,0,0,1,0,1,0,1,1,0,0,0,1,0,1,0,0,1,0,1,0,1,1,0,0,0,1,0,1,0,0,1,0,1,0,1,1,0,0,0,1,0,1,0,0,1,0,1,0,1,1,0,0
2024,11,5,17:41:09.426,5.42,205,120.7,0.7948,6217.1,4833.7,7.924,0.02,0.02,0.02,0.02,695.0,438.0,-505.0,4533.0,316,-503,113.3,0.0,2098.0,0,0,0,809,d4a,d4a,d4a,d4a,1,0,0,1,0,0,0,0,0,0,0,1,0,0,1,0,1,0,0,1,0,1,0,1,1,0,0,0,1,0,1,0,0,1,0,1,0,1,1,0,0,0,1,0,1,0,0,1,0,1,0,1,1,0,0,0,1,0,1,0,0,1,0,1,0,1,1,0,0
2024,11,5,17:41:09.446,5.44,225,120.7,0.8035,5928.4,4545.0,7.925,0.02,0.02,0.02,0.02,693.0,434.0,-506.0,4547.0,324,-513,108.3,0.0,2127.0,0,0,0,809,d4a,d4a,d4a,d4a,1,0,0,1,0,0,0,0,0,0,0,1,0,0,1,0,1,0,0,1,0,1,0,1,1,0,0,0,1,0,1,0,0,1,0,1,0,1,1,0,0,0,1,0,1,0,0,1,0,1,0,1,1,0,0,0,1,0,1,0,0,1,0,1,0,1,1,0,0
2024,11,5,17:41:09.466,5.46,245,120.7,0.8035,5929.1,4545.7,7.925,0.02,0.02,0.02,0.02,691.0,428.0,-505.0,4560.0,333,-523,102.9,0.0,2150.0,0,0,0,809,d4a,d4a,d4a,d4a,1,0,0,1,0,0,0,0,0,0,0,1,0,0,1,0,1,0,0,1,0,1,0,1,1,0,0,0,1,0,1,0,0,1,0,1,0,1,1,0,0,0,1,0,1,0,0,1,0,1,0,1,1,0,0,0,1,0,1,0,0,1,0,1,0,1,1,0,0
2024,11,5,17:41:09.486,5.48,15,120.7,0.8033,5937.7,4554.3,7.924,0.02,0.02,0.02,0.02,698.0,421.0,-502.0,4574.0,342,-533,86.1,87.5,2145.0,0,0,0,809,d4a,d4a,d4a,d4a,1,0,0,1,0,0,0,0,0,0,0,1,0,0,1,0,1,0,0,1,0,1,0,1,1,0,0,0,1,0,1,0,0,1,0,1,0,1,1,0,0,0,1,0,1,0,0,1,0,1,0,1,1,0,0,0,1,0,1,0,0,1,0,1,0,1,1,0,0
2024,11,5,17:41:09.506,5.50,35,120.7,0.8033,5937.7,4554.3,7.923,0.02,0.02,0.02,0.02,709.0,401.0,-525.0,4589.0,350,-543,47.5,59.9,2102.0,0,0,0,809,d5e,d5a,d5a,d5a,1,0,0,1,0,0,0,0,0,0,0,1,0,0,1,1,1,1,0,1,0,1,0,1,1,0,0,0,1,0,1,1,0,1,0,1,0,1,1,0,0,0,1,0,1,1,0,1,0,1,0,1,1,0,0,0,1,0,1,1,0,1,0,1,0,1,1,0,0
2024,11,5,17:41:09.526,5.52,55,120.7,0.8093,5737.4,4354.0,7.925,0.02,0.02,0.02,0.02,696.0,406.0,-555.0,4603.0,358,-554,28.6,41.6,2057.0,0,0,0,809,d5e,d5a,d5a,d5a,1,0,0,1,0,0,0,0,0,0,0,1,0,0,1,1,1,1,0,1,0,1,0,1,1,0,0,0,1,0,1,1,0,1,0,1,0,1,1,0,0,0,1,0,1,1,0,1,0,1,0,1,1,0,0,0,1,0,1,1,0,1,0,1,0,1,1,0,0
2024,11,5,17:41:09.546,5.54,75,120.7,0.8093,5737.4,4354.0,7.924,0.02,0.02,0.02,0.02,702.0,421.0,-545.0,4617.0,366,-565,62.8,72.4,2011.0,0,0,0,809,d5e,d5a,d5a,d5a,1,0,0,1,0,0,0,0,0,0,0,1,0,0,1,1,1,1,0,1,0,1,0,1,1,0,0,0,1,0,1,1,0,1,0,1,0,1,1,0,0,0,1,0,1,1,0,1,0,1,0,1,1,0,0,0,1,0,1,1,0,1,0,1,0,1,1,0,0
2024,11,5,17:41:09.566,5.56,95,120.7,0.8068,5821.6,4438.2,7.924,0.02,0.02,0.02,0.02,706.0,432.0,-522.0,4631.0,375,-576,86.3,87.7,1965.0,0,0,0,809,d5e,d5a,d5a,d5a,1,0,0,1,0,0,0,0,0,0,0,1,0,0,1,1,1,1,0,1,0,1,0,1,1,0,0,0,1,0,1,1,0,1,0,1,0,1,1,0,0,0,1,0,1,1,0,1,0,1,0,1,1,0,0,0,1,0,1,1,0,1,0,1,0,1,1,0,0
2024,11,5,17:41:09.586,5.58,115,120.7,0.8068,5821.6,4438.2,7.923,0.02,0.02,0.02,0.02,700.0,436.0,-522.0,4645.0,383,-586,88.6,89.1,1919.0,0,0,0,809,d5e,d5a,d5a,d5a,1,0,0,1,0,0,0,0,0,0,0,1,0,0,1,1,1,1,0,1,0,1,0,1,1,0,0,0,1,0,1,1,0,1,0,1,0,1,1,0,0,0,1,0,1,1,0,1,0,1,0,1,1,0,0,0,1,0,1,1,0,1,0,1,0,1,1,0,0
2024,11,5,17:41:09.606,5.60,135,120.7,0.8067,5825.5,4442.1,7.924,0.02,0.02,0.02,0.02,693.0,427.0,-520.0,4659.0,392,-597,82.8,85.5,1873.0,0,0,0,809,d5e,d5a,d5a,d5a,1,0,0,1,0,0,0,0,0,0,0,1,0,0,1,1,1,1,0,1,0,1,0,1,1,0,0,0,1,0,1,1,0,1,0,1,0,1,1,0,0,0,1,0,1,1,0,1,0,1,0,1,1,0,0,0,1,0,1,1,0,1,0,1,0,1,1,0,0
2024,11,5,17:41:09.626,5.62,155,120.7,0.8067,5824.9,4441.5,7.924,0.02,0.02,0.02,0.02,689.0,412.0,-516.0,4672.0,400,-607,86.0,87.5,1828.0,0,0,0,809,d5e,d5a,d5a,d5a,1,0,0,1,0,0,0,0,0,0,0,1,0,0,1,1,1,1,0,1,0,1,0,1,1,0,0,0,1,0,1,1,0,1,0,1,0,1,1,0,0,0,1,0,1,1,0,1,0,1,0,1,1,0,0,0,1,0,1,1,0,1,0,1,0,1,1,0,0
2024,11,5,17:41:09.646,5.64,175,120.7,0.8077,5790.6,4407.3,7.925,0.02,0.02,0.02,0.02,690.0,405.0,-521.0,4686.0,409,-617,100.0,0.0,1784.0,0,0,0,809,d5e,d5a,d5a,d5a,1,0,0,1,0,0,0,0,0,0,0,1,0,0,1,1,1,1,0,1,0,1,0,1,1,0,0,0,1,0,1,1,0,1,0,1,0,1,1,0,0,0,1,0,1,1,0,1,0,1,0,1,1,0,0,0,1,0,1,1,0,1,0,1,0,1,1,0,0
2024,11,5,17:41:09.666,5.66,195,120.7,0.8077,5790.6,4407.3,7.924,0.02,0.02,0.02,0.02,698.0,406.0,-520.0,4700.0,417,-628,111.4,0.0,1741.0,0,0,0,809,d4a,d4a,d4a,d4a,1,0,0,1,0,0,0,0,0,0,0,1,0,0,1,0,1,0,0,1,0,1,0,1,1,0,0,0,1,0,1,0,0,1,0,1,0,1,1,0,0,0,1,0,1,0,0,1,0,1,0,1,1,0,0,0,1,0,1,0,0,1,0,1,0,1,1,0,0
2024,11,5,17:41:09.686,5.68,215,120.7,0.8116,5664.6,4281.2,7.924,0.02,0.02,0.02,0.02,703.0,405.0,-510.0,4714.0,425,-638,114.7,0.0,1704.0,0,0,0,809,d4a,d4a,d4a,d4a,1,0,0,1,0,0,0,0,0,0,0,1,0,0,1,0,1,0,0,1,0,1,0,1,1,0,0,0,1,0,1,0,0,1,0,1,0,1,1,0,0,0,1,0,1,0,0,1,0,1,0,1,1,0,0,0,1,0,1,0,0,1,0,1,0,1,1,0,0
2024,11,5,17:41:09.706,5.70,235,120.7,0.8115,5665.2,4281.8,7.921,0.02,0.02,0.02,0.02,703.0,401.0,-499.0,4728.0,433,-648,117.2,0.0,1673.0,0,0,0,809,d4a,d4a,d4a,d4a,1,0,0,1,0,0,0,0,0,0,0,1,0,0,1,0,1,0,0,1,0,1,0,1,1,0,0,0,1,0,1,0,0,1,0,1,0,1,1,0,0,0,1,0,1,0,0,1,0,1,0,1,1,0,0,0,1,0,1,0,0,1,0,1,0,1,1,0,0
2024,11,5,17:41:09.726,5.72,5,120.7,0.8100,5716.4,4333.0,7.924,0.02,0.02,0.02,0.02,703.0,398.0,-489.0,4742.0,441,-658,121.0,0.0,1654.0,0,0,0,809,d4a,d4a,d4a,d4a,1,0,0,1,0,0,0,0,0,0,0,1,0,0,1,0,1,0,0,1,0,1,0,1,1,0,0,0,1,0,1,0,0,1,0,1,0,1,1,0,0,0,1,0,1,0,0,1,0,1,0,1,1,0,0,0,1,0,1,0,0,1,0,1,0,1,1,0,0
2024,11,5,17:41:09.746,5.74,25,120.6,0.8100,5717.0,4333.6,7.925,0.02,0.02,0.02,0.02,706.0,398.0,-482.0,4756.0,449,-668,122.4,0.0,1640.0,0,0,0,809,d4a,d4a,d4a,d4a,1,0,0,1,0,0,0,0,0,0,0,1,0,0,1,0,1,0,0,1,0,1,0,1,1,0,0,0,1,0,1,0,0,1,0,1,0,1,1,0,0,0,1,0,1,0,0,1,0,1,0,1,1,0,0,0,1,0,1,0,0,1,0,1,0,1,1,0,0
2024,11,5,17:41:09.766,5.76,45,120.6,0.8131,5614.8,4231.4,7.925,0.02,0.02,0.02,0.02,708.0,398.0,-477.0,4771.0,457,-677,127.5,0.0,1624.0,0,0,0,809,d4a,d4a,d4a,d4a,1,0,0,1,0,0,0,0,0,0,0,1,0,0,1,0,1,0,0,1,0,1,0,1,1,0,0,0,1,0,1,0,0,1,0,1,0,1,1,0,0,0,1,0,1,0,0,1,0,1,0,1,1,0,0,0,1,0,1,0,0,1,0,1,0,1,1,0,0
2024,11,5,17:41:09.786,5.78,65,120.6,0.8131,5614.1,4230.8,7.925,0.02,0.02,0.02,0.02,711.0,395.0,-475.0,4785.0,465,-687,130.6,0.0,1607.0,0,0,0,809,d4a,d4a,d4a,d4a,1,0,0,1,0,0,0,0,0,0,0,1,0,0,1,0,1,0,0,1,0,1,0,1,1,0,0,0,1,0,1,0,0,1,0,1,0,1,1,0,0,0,1,0,1,0,0,1,0,1,0,1,1,0,0,0,1,0,1,0,0,1,0,1,0,1,1,0,0
2024,11,5,17:41:09.806,5.80,85,120.6,0.8137,5595.8,4212.4,7.923,0.02,0.02,0.02,0.02,714.0,392.0,-472.0,4799.0,473,-696,136.7,0.0,1585.0,0,0,0,809,d4a,d4a,d4a,d4a,1,0,0,1,0,0,0,0,0,0,0,1,0,0,1,0,1,0,0,1,0,1,0,1,1,0,0,0,1,0,1,0,0,1,0,1,0,1,1,0,0,0,1,0,1,0,0,1,0,1,0,1,1,0,0,0,1,0,1,0,0,1,0,1,0,1,1,0,0
2024,11,5,17:41:09.826,5.82,105,120.6,0.8137,5595.8,4212.4,7.923,0.02,0.02,0.02,0.02,717.0,390.0,-469.0,4813.0,480,-706,143.0,0.0,1563.0,0,0,0,809,d4a,d4a,d4a,d4a,1,0,0,1,0,0,0,0,0,0,0,1,0,0,1,0,1,0,0,1,0,1,0,1,1,0,0,0,1,0,1,0,0,1,0,1,0,1,1,0,0,0,1,0,1,0,0,1,0,1,0,1,1,0,0,0,1,0,1,0,0,1,0,1,0,1,1,0,0
2024,11,5,17:41:09.846,5.84,125,120.6,0.8107,5692.8,4309.4,7.925,0.02,0.02,0.02,0.02,720.0,388.0,-466.0,4828.0,488,-715,143.2,0.0,1540.0,0,0,0,809,d4a,d4a,d4a,d4a,1,0,0,1,0,0,0,0,0,0,0,1,0,0,1,0,1,0,0,1,0,1,0,1,1,0,0,0,1,0,1,0,0,1,0,1,0,1,1,0,0,0,1,0,1,0,0,1,0,1,0,1,1,0,0,0,1,0,1,0,0,1,0,1,0,1,1,0,0
2024,11,5,17:41:09.866,5.86,145,120.6,0.8107,5692.8,4309.4,7.925,0.02,0.02,0.02,0.02,723.0,388.0,-464.0,4842.0,496,-725,134.6,0.0,1518.0,0,0,0,809,d4a,d4a,d4a,d4a,1,0,0,1,0,0,0,0,0,0,0,1,0,0,1,0,1,0,0,1,0,1,0,1,1,0,0,0,1,0,1,0,0,1,0,1,0,1,1,0,0,0,1,0,1,0,0,1,0,1,0,1,1,0,0,0,1,0,1,0,0,1,0,1,0,1,1,0,0
2024,11,5,17:41:09.886,5.88,165,120.6,0.8124,5638.4,4255.0,7.924,0.02,0.02,0.02,0.02,725.0,389.0,-461.0,4857.0,504,-734,125.6,0.0,1500.0,0,0,0,809,d4a,d4a,d4a,d4a,1,0,0,1,0,0,0,0,0,0,0,1,0,0,1,0,1,0,0,1,0,1,0,1,1,0,0,0,1,0,1,0,0,1,0,1,0,1,1,0,0,0,1,0,1,0,0,1,0,1,0,1,1,0,0,0,1,0,1,0,0,1,0,1,0,1,1,0,0
2024,11,5,17:41:09.906,5.90,185,120.6,0.8123,5639.0,4255.6,7.925,0.02,0.02,0.02,0.02,726.0,390.0,-458.0,4871.0,512,-743,120.8,0.0,1485.0,0,0,0,809,d4a,d4a,d4a,d4a,1,0,0,1,0,0,0,0,0,0,0,1,0,0,1,0,1,0,0,1,0,1,0,1,1,0,0,0,1,0,1,0,0,1,0,1,0,1,1,0,0,0,1,0,1,0,0,1,0,1,0,1,1,0,0,0,1,0,1,0,0,1,0,1,0,1,1,0,0
2024,11,5,17:41:09.926,5.92,205,120.6,0.8107,5691.4,4308.1,7.926,0.02,0.02,0.02,0.02,727.0,389.0,-456.0,4886.0,519,-752,120.5,0.0,1472.0,0,0,0,809,d4a,d4a,d4a,d4a,1,0,0,1,0,0,0,0,0,0,0,1,0,0,1,0,1,0,0,1,0,1,0,1,1,0,0,0,1,0,1,0,0,1,0,1,0,1,1,0,0,0,1,0,1,0,0,1,0,1,0,1,1,0,0,0,1,0,1,0,0,1,0,1,0,1,1,0,0
2024,11,5,17:41:09.946,5.94,225,120.6,0.8107,5692.1,4308.7,7.925,0.02,0.02,0.02,0.02,727.0,390.0,-454.0,4900.0,527,-761,123.3,0.0,1462.0,0,0,0,809,d4a,d4a,d4a,d4a,1,0,0,1,0,0,0,0,0,0,0,1,0,0,1,0,1,0,0,1,0,1,0,1,1,0,0,0,1,0,1,0,0,1,0,1,0,1,1,0,0,0,1,0,1,0,0,1,0,1,0,1,1,0,0,0,1,0,1,0,0,1,0,1,0,1,1,0,0
2024,11,5,17:41:09.966,5.96,245,120.6,0.8132,5612.2,4228.8,7.925,0.02,0.02,0.02,0.02,727.0,391.0,-451.0,4915.0,535,-770,129.6,0.0,1451.0,0,0,0,809,d4a,d4a,d4a,d4a,1,0,0,1,0,0,0,0,0,0,0,1,0,0,1,0,1,0,0,1,0,1,0,1,1,0,0,0,1,0,1,0,0,1,0,1,0,1,1,0,0,0,1,0,1,0,0,1,0,1,0,1,1,0,0,0,1,0,1,0,0,1,0,1,0,1,1,0,0
2024,11,5,17:41:09.986,5.98,15,120.6,0.8132,5612.2,4228.8,7.924,0.02,0.02,0.02,0.02,728.0,392.0,-449.0,4929.0,543,-779,136.8,0.0,1441.0,0,0,0,809,d4a,d4a,d4a,d4a,1,0,0,1,0,0,0,0,0,0,0,1,0,0,1,0,1,0,0,1,0,1,0,1,1,0,0,0,1,0,1,0,0,1,0,1,0,1,1,0,0,0,1,0,1,0,0,1,0,1,0,1,1,0,0,0,1,0,1,0,0,1,0,1,0,1,1,0,0
2024,11,5,17:41:10.006,6.00,35,120.6,0.8148,5559.2,4175.8,7.925,0.02,0.02,0.02,0.02,729.0,392.0,-448.0,4944.0,551,-788,143.3,0.0,1432.0,0,0,0,809,d4a,d4a,d4a,d4a,1,0,0,1,0,0,0,0,0,0,0,1,0,0,1,0,1,0,0,1,0,1,0,1,1,0,0,0,1,0,1,0,0,1,0,1,0,1,1,0,0,0,1,0,1,0,0,1,0,1,0,1,1,0,0,0,1,0,1,0,0,1,0,1,0,1,1,0,0
2024,11,5,17:41:10.026,6.02,55,120.6,0.8148,5559.2,4175.8,7.923,0.02,0.02,0.02,0.02,730.0,392.0,-447.0,4959.0,559,-797,147.8,0.0,1424.0,0,0,0,809,d4a,d4a,d4a,d4a,1,0,0,1,0,0,0,0,0,0,0,1,0,0,1,0,1,0,0,1,0,1,0,1,1,0,0,0,1,0,1,0,0,1,0,1,0,1,1,0,0,0,1,0,1,0,0,1,0,1,0,1,1,0,0,0,1,0,1,0,0,1,0,1,0,1,1,0,0
2024,11,5,17:41:10.046,6.04,75,120.6,0.8158,5525.3,4141.9,7.924,0.02,0.02,0.02,0.02,731.0,391.0,-445.0,4973.0,566,-806,149.3,0.0,1415.0,0,0,0,809,d4a,d4a,d4a,d4a,1,0,0,1,0,0,0,0,0,0,0,1,0,0,1,0,1,0,0,1,0,1,0,1,1,0,0,0,1,0,1,0,0,1,0,1,0,1,1,0,0,0,1,0,1,0,0,1,0,1,0,1,1,0,0,0,1,0,1,0,0,1,0,1,0,1,1,0,0
2024,11,5,17:41:10.066,6.06,95,120.6,0.8158,5525.9,4142.5,7.924,0.02,0.02,0.02,0.02,732.0,391.0,-445.0,4988.0,574,-815,149.4,0.0,1406.0,0,0,0,809,d4a,d4a,d4a,d4a,1,0,0,1,0,0,0,0,0,0,0,1,0,0,1,0,1,0,0,1,0,1,0,1,1,0,0,0,1,0,1,0,0,1,0,1,0,1,1,0,0,0,1,0,1,0,0,1,0,1,0,1,1,0,0,0,1,0,1,0,0,1,0,1,0,1,1,0,0
2024,11,5,17:41:10.086,6.08,115,120.6,0.8157,5530.5,4147.1,7.925,0.02,0.02,0.02,0.02,732.0,390.0,-444.0,5003.0,582,-824,150.5,0.0,1397.0,0,0,0,809,d4a,d4a,d4a,d4a,1,0,0,1,0,0,0,0,0,0,0,1,0,0,1,0,1,0,0,1,0,1,0,1,1,0,0,0,1,0,1,0,0,1,0,1,0,1,1,0,0,0,1,0,1,0,0,1,0,1,0,1,1,0,0,0,1,0,1,0,0,1,0,1,0,1,1,0,0
2024,11,5,17:41:10.106,6.10,135,120.6,0.8156,5531.1,4147.7,7.924,0.02,0.02,0.02,0.02,732.0,389.0,-444.0,5017.0,590,-833,153.6,0.0,1386.0,0,0,0,809,d4a,d4a,d4a,d4a,1,0,0,1,0,0,0,0,0,0,0,1,0,0,1,0,1,0,0,1,0,1,0,1,1,0,0,0,1,0,1,0,0,1,0,1,0,1,1,0,0,0,1,0,1,0,0,1,0,1,0,1,1,0,0,0,1,0,1,0,0,1,0,1,0,1,1,0,0
2024,11,5,17:41:10.126,6.12,155,120.6,0.8161,5517.4,4134.0,7.925,0.02,0.02,0.02,0.02,733.0,388.0,-443.0,5032.0,598,-842,158.1,0.0,1376.0,0,0,0,809,d4a,d4a,d4a,d4a,1,0,0,1,0,0,0,0,0,0,0,1,0,0,1,0,1,0,0,1,0,1,0,1,1,0,0,0,1,0,1,0,0,1,0,1,0,1,1,0,0,0,1,0,1,0,0,1,0,1,0,1,1,0,0,0,1,0,1,0,0,1,0,1,0,1,1,0,0
2024,11,5,17:41:10.146,6.14,175,120.6,0.8160,5518.1,4134.7,7.924,0.02,0.02,0.02,0.02,733.0,387.0,-442.0,5047.0,605,-851,163.6,0.0,1364.0,0,0,0,809,d4a,d4a,d4a,d4a,1,0,0,1,0,0,0,0,0,0,0,1,0,0,1,0,1,0,0,1,0,1,0,1,1,0,0,0,1,0,1,0,0,1,0,1,0,1,1,0,0,0,1,0,1,0,0,1,0,1,0,1,1,0,0,0,1,0,1,0,0,1,0,1,0,1,1,0,0
2024,11,5,17:41:10.166,6.16,195,120.6,0.8167,5495.9,4112.5,7.924,0.02,0.02,0.02,0.02,733.0,386.0,-442.0,5061.0,613,-859,169.5,0.0,1352.0,0,0,0,809,d4a,d4a,d4a,d4a,1,0,0,1,0,0,0,0,0,0,0,1,0,0,1,0,1,0,0,1,0,1,0,1,1,0,0,0,1,0,1,0,0,1,0,1,0,1,1,0,0,0,1,0,1,0,0,1,0,1,0,1,1,0,0,0,1,0,1,0,0,1,0,1,0,1,1,0,0
2024,11,5,17:41:10.186,6.18,215,120.6,0.8167,5495.9,4112.5,7.925,0.02,0.02,0.02,0.02,734.0,386.0,-441.0,5076.0,621,-868,175.9,0.0,1341.0,0,0,0,809,d4a,d4a,d4a,d4a,1,0,0,1,0,0,0,0,0,0,0,1,0,0,1,0,1,0,0,1,0,1,0,1,1,0,0,0,1,0,1,0,0,1,0,1,0,1,1,0,0,0,1,0,1,0,0,1,0,1,0,1,1,0,0,0,1,0,1,0,0,1,0,1,0,1,1,0,0
2024,11,5,17:41:10.206,6.20,235,120.6,0.8169,5490.7,4107.3,7.923,0.02,0.02,0.02,0.02,734.0,385.0,-440.0,5091.0,629,-877,175.1,0.0,1329.0,0,0,0,809,d4a,d4a,d4a,d4a,1,0,0,1,0,0,0,0,0,0,0,1,0,0,1,0,1,0,0,1,0,1,0,1,1,0,0,0,1,0,1,0,0,1,0,1,0,1,1,0,0,0,1,0,1,0,0,1,0,1,0,1,1,0,0,0,1,0,1,0,0,1,0,1,0,1,1,0,0
2024,11,5,17:41:10.226,6.22,5,120.6,0.8169,5490.0,4106.7,7.924,0.02,0.02,0.02,0.02,735.0,386.0,-439.0,5105.0,636,-886,167.7,0.0,1317.0,0,0,0,809,d4a,d4a,d4a,d4a,1,0,0,1,0,0,0,0,0,0,0,1,0,0,1,0,1,0,0,1,0,1,0,1,1,0,0,0,1,0,1,0,0,1,0,1,0,1,1,0,0,0,1,0,1,0,0,1,0,1,0,1,1,0,0,0,1,0,1,0,0,1,0,1,0,1,1,0,0
2024,11,5,17:41:10.246,6.24,25,120.6,0.8178,5461.4,4078.0,7.924,0.02,0.02,0.02,0.02,735.0,387.0,-438.0,5120.0,644,-895,161.6,0.0,1306.0,0,0,0,809,d4a,d4a,d4a,d4a,1,0,0,1,0,0,0,0,0,0,0,1,0,0,1,0,1,0,0,1,0,1,0,1,1,0,0,0,1,0,1,0,0,1,0,1,0,1,1,0,0,0,1,0,1,0,0,1,0,1,0,1,1,0,0,0,1,0,1,0,0,1,0,1,0,1,1,0,0
2024,11,5,17:41:10.266,6.26,45,120.6,0.8178,5462.0,4078.6,7.923,0.02,0.02,0.02,0.02,734.0,388.0,-438.0,5135.0,652,-903,158.9,0.0,1295.0,0,0,0,809,d4a,d4a,d4a,d4a,1,0,0,1,0,0,0,0,0,0,0,1,0,0,1,0,1,0,0,1,0,1,0,1,1,0,0,0,1,0,1,0,0,1,0,1,0,1,1,0,0,0,1,0,1,0,0,1,0,1,0,1,1,0,0,0,1,0,1,0,0,1,0,1,0,1,1,0,0
2024,11,5,17:41:10.286,6.28,65,120.6,0.8174,5472.4,4089.1,7.925,0.02,0.02,0.02,0.02,732.0,389.0,-438.0,5149.0,660,-912,158.9,0.0,1285.0,0,0,0,809,d4a,d4a,d4a,d4a,1,0,0,1,0,0,0,0,0,0,0,1,0,0,1,0,1,0,0,1,0,1,0,1,1,0,0,0,1,0,1,0,0,1,0,1,0,1,1,0,0,0,1,0,1,0,0,1,0,1,0,1,1,0,0,0,1,0,1,0,0,1,0,1,0,1,1,0,0
2024,11,5,17:41:10.306,6.30,85,120.6,0.8174,5472.4,4089.1,7.924,0.02,0.02,0.02,0.02,732.0,389.0,-438.0,5164.0,667,-921,159.9,0.0,1276.0,0,0,0,809,d4a,d4a,d4a,d4a,1,0,0,1,0,0,0,0,0,0,0,1,0,0,1,0,1,0,0,1,0,1,0,1,1,0,0,0,1,0,1,0,0,1,0,1,0,1,1,0,0,0,1,0,1,0,0,1,0,1,0,1,1,0,0,0,1,0,1,0,0,1,0,1,0,1,1,0,0
2024,11,5,17:41:10.326,6.32,105,120.6,0.8175,5469.2,4085.8,7.926,0.02,0.02,0.02,0.02,732.0,389.0,-438.0,5179.0,675,-930,161.1,0.0,1266.0,0,0,0,809,d4a,d4a,d4a,d4a,1,0,0,1,0,0,0,0,0,0,0,1,0,0,1,0,1,0,0,1,0,1,0,1,1,0,0,0,1,0,1,0,0,1,0,1,0,1,1,0,0,0,1,0,1,0,0,1,0,1,0,1,1,0,0,0,1,0,1,0,0,1,0,1,0,1,1,0,0
2024,11,5,17:41:10.346,6.34,125,120.6,0.8175,5469.2,4085.8,7.925,0.02,0.02,0.02,0.02,732.0,390.0,-438.0,5193.0,683,-939,162.1,0.0,1257.0,0,0,0,809,d4a,d4a,d4a,d4a,1,0,0,1,0,0,0,0,0,0,0,1,0,0,1,0,1,0,0,1,0,1,0,1,1,0,0,0,1,0,1,0,0,1,0,1,0,1,1,0,0,0,1,0,1,0,0,1,0,1,0,1,1,0,0,0,1,0,1,0,0,1,0,1,0,1,1,0,0
2024,11,5,17:41:10.366,6.36,145,120.6,0.8179,5456.8,4073.4,7.925,0.02,0.02,0.02,0.02,732.0,390.0,-437.0,5208.0,691,-947,162.4,0.0,1248.0,0,0,0,809,d4a,d4a,d4a,d4a,1,0,0,1,0,0,0,0,0,0,0,1,0,0,1,0,1,0,0,1,0,1,0,1,1,0,0,0,1,0,1,0,0,1,0,1,0,1,1,0,0,0,1,0,1,0,0,1,0,1,0,1,1,0,0,0,1,0,1,0,0,1,0,1,0,1,1,0,0
2024,11,5,17:41:10.386,6.38,165,120.6,0.8179,5456.8,4073.4,7.924,0.02,0.02,0.02,0.02,732.0,390.0,-438.0,5223.0,699,-956,161.7,0.0,1238.0,0,0,0,809,d4a,d4a,d4a,d4a,1,0,0,1,0,0,0,0,0,0,0,1,0,0,1,0,1,0,0,1,0,1,0,1,1,0,0,0,1,0,1,0,0,1,0,1,0,1,1,0,0,0,1,0,1,0,0,1,0,1,0,1,1,0,0,0,1,0,1,0,0,1,0,1,0,1,1,0,0
2024,11,5,17:41:10.406,6.40,185,120.6,0.8180,5455.5,4072.1,7.925,0.02,0.02,0.02,0.02,732.0,390.0,-437.0,5237.0,706,-965,160.4,0.0,1229.0,0,0,0,809,d4a,d4a,d4a,d4a,1,0,0,1,0,0,0,0,0,0,0,1,0,0,1,0,1,0,0,1,0,1,0,1,1,0,0,0,1,0,1,0,0,1,0,1,0,1,1,0,0,0,1,0,1,0,0,1,0,1,0,1,1,0,0,0,1,0,1,0,0,1,0,1,0,1,1,0,0
2024,11,5,17:41:10.426,6.42,205,120.6,0.8180,5455.5,4072.1,7.924,0.02,0.02,0.02,0.02,731.0,390.0,-438.0,5252.0,714,-974,158.8,0.0,1219.0,0,0,0,809,d4a,d4a,d4a,d4a,1,0,0,1,0,0,0,0,0,0,0,1,0,0,1,0,1,0,0,1,0,1,0,1,1,0,0,0,1,0,1,0,0,1,0,1,0,1,1,0,0,0,1,0,1,0,0,1,0,1,0,1,1,0,0,0,1,0,1,0,0,1,0,1,0,1,1,0,0
2024,11,5,17:41:10.446,6.44,225,120.6,0.8175,5469.2,4085.8,7.924,0.02,0.02,0.02,0.02,731.0,390.0,-438.0,5266.0,722,-982,157.1,0.0,1210.0,0,0,0,809,d4a,d4a,d4a,d4a,1,0,0,1,0,0,0,0,0,0,0,1,0,0,1,0,1,0,0,1,0,1,0,1,1,0,0,0,1,0,1,0,0,1,0,1,0,1,1,0,0,0,1,0,1,0,0,1,0,1,0,1,1,0,0,0,1,0,1,0,0,1,0,1,0,1,1,0,0
2024,11,5,17:41:10.466,6.46,245,120.6,0.8175,5469.2,4085.8,7.925,0.02,0.02,0.02,0.02,731.0,391.0,-437.0,5281.0,730,-991,156.2,0.0,1200.0,0,0,0,809,d4a,d4a,d4a,d4a,1,0,0,1,0,0,0,0,0,0,0,1,0,0,1,0,1,0,0,1,0,1,0,1,1,0,0,0,1,0,1,0,0,1,0,1,0,1,1,0,0,0,1,0,1,0,0,1,0,1,0,1,1,0,0,0,1,0,1,0,0,1,0,1,0,1,1,0,0
2024,11,5,17:41:10.486,6.48,15,120.6,0.8172,5480.9,4097.5,7.924,0.02,0.02,0.02,0.02,730.0,391.0,-437.0,5296.0,738,-1000,155.6,0.0,1190.0,0,0,0,809,d4a,d4a,d4a,d4a,1,0,0,1,0,0,0,0,0,0,0,1,0,0,1,0,1,0,0,1,0,1,0,1,1,0,0,0,1,0,1,0,0,1,0,1,0,1,1,0,0,0,1,0,1,0,0,1,0,1,0,1,1,0,0,0,1,0,1,0,0,1,0,1,0,1,1,0,0
2024,11,5,17:41:10.506,6.50,35,120.6,0.8172,5480.9,4097.5,7.924,0.02,0.02,0.02,0.02,730.0,391.0,-437.0,5310.0,745,-1009,154.9,0.0,1179.0,0,0,0,809,d4a,d4a,d4a,d4a,1,0,0,1,0,0,0,0,0,0,0,1,0,0,1,0,1,0,0,1,0,1,0,1,1,0,0,0,1,0,1,0,0,1,0,1,0,1,1,0,0,0,1,0,1,0,0,1,0,1,0,1,1,0,0,0,1,0,1,0,0,1,0,1,0,1,1,0,0
2024,11,5,17:41:10.526,6.52,55,120.6,0.8165,5504.4,4121.0,7.924,0.02,0.02,0.02,0.02,730.0,391.0,-438.0,5325.0,753,-1017,154.2,0.0,1169.0,0,0,0,809,d4a,d4a,d4a,d4a,1,0,0,1,0,0,0,0,0,0,0,1,0,0,1,0,1,0,0,1,0,1,0,1,1,0,0,0,1,0,1,0,0,1,0,1,0,1,1,0,0,0,1,0,1,0,0,1,0,1,0,1,1,0,0,0,1,0,1,0,0,1,0,1,0,1,1,0,0
2024,11,5,17:41:10.546,6.54,75,120.6,0.8165,5504.4,4121.0,7.925,0.02,0.02,0.02,0.02,730.0,392.0,-438.0,5340.0,761,-1026,153.6,0.0,1160.0,0,0,0,809,d4a,d4a,d4a,d4a,1,0,0,1,0,0,0,0,0,0,0,1,0,0,1,0,1,0,0,1,0,1,0,1,1,0,0,0,1,0,1,0,0,1,0,1,0,1,1,0,0,0,1,0,1,0,0,1,0,1,0,1,1,0,0,0,1,0,1,0,0,1,0,1,0,1,1,0,0
2024,11,5,17:41:10.566,6.56,95,120.6,0.8159,5521.3,4138.0,7.925,0.02,0.02,0.02,0.02,730.0,392.0,-438.0,5354.0,769,-1035,152.6,0.0,1150.0,0,0,0,809,d4a,d4a,d4a,d4a,1,0,0,1,0,0,0,0,0,0,0,1,0,0,1,0,1,0,0,1,0,1,0,1,1,0,0,0,1,0,1,0,0,1,0,1,0,1,1,0,0,0,1,0,1,0,0,1,0,1,0,1,1,0,0,0,1,0,1,0,0,1,0,1,0,1,1,0,0
2024,11,5,17:41:10.586,6.58,115,120.6,0.8159,5521.3,4138.0,7.920,0.02,0.02,0.02,0.02,730.0,392.0,-438.0,5369.0,777,-1044,151.4,0.0,1141.0,0,0,0,809,d4a,d4a,d4a,d4a,1,0,0,1,0,0,0,0,0,0,0,1,0,0,1,0,1,0,0,1,0,1,0,1,1,0,0,0,1,0,1,0,0,1,0,1,0,1,1,0,0,0,1,0,1,0,0,1,0,1,0,1,1,0,0,0,1,0,1,0,0,1,0,1,0,1,1,0,0
2024,11,5,17:41:10.606,6.60,135,120.6,0.8159,5521.3,4138.0,7.924,0.02,0.02,0.02,0.02,730.0,393.0,-438.0,5383.0,785,-1052,149.8,0.0,1132.0,0,0,0,809,d4a,d4a,d4a,d4a,1,0,0,1,0,0,0,0,0,0,0,1,0,0,1,0,1,0,0,1,0,1,0,1,1,0,0,0,1,0,1,0,0,1,0,1,0,1,1,0,0,0,1,0,1,0,0,1,0,1,0,1,1,0,0,0,1,0,1,0,0,1,0,1,0,1,1,0,0
2024,11,5,17:41:10.626,6.62,155,120.6,0.8159,5521.3,4138.0,7.926,0.02,0.02,0.02,0.02,730.0,393.0,-438.0,5398.0,793,-1061,147.6,0.0,1123.0,0,0,0,809,d4a,d4a,d4a,d4a,1,0,0,1,0,0,0,0,0,0,0,1,0,0,1,0,1,0,0,1,0,1,0,1,1,0,0,0,1,0,1,0,0,1,0,1,0,1,1,0,0,0,1,0,1,0,0,1,0,1,0,1,1,0,0,0,1,0,1,0,0,1,0,1,0,1,1,0,0
2024,11,5,17:41:10.646,6.64,175,120.6,0.8153,5541.6,4158.2,7.925,0.02,0.02,0.02,0.02,730.0,393.0,-438.0,5413.0,800,-1070,145.0,0.0,1115.0,0,0,0,809,d4a,d4a,d4a,d4a,1,0,0,1,0,0,0,0,0,0,0,1,0,0,1,0,1,0,0,1,0,1,0,1,1,0,0,0,1,0,1,0,0,1,0,1,0,1,1,0,0,0,1,0,1,0,0,1,0,1,0,1,1,0,0,0,1,0,1,0,0,1,0,1,0,1,1,0,0
2024,11,5,17:41:10.666,6.66,195,120.6,0.8153,5541.6,4158.2,7.924,0.02,0.02,0.02,0.02,730.0,394.0,-438.0,5427.0,808,-1079,142.1,0.0,1106.0,0,0,0,809,d4a,d4a,d4a,d4a,1,0,0,1,0,0,0,0,0,0,0,1,0,0,1,0,1,0,0,1,0,1,0,1,1,0,0,0,1,0,1,0,0,1,0,1,0,1,1,0,0,0,1,0,1,0,0,1,0,1,0,1,1,0,0,0,1,0,1,0,0,1,0,1,0,1,1,0,0
2024,11,5,17:41:10.686,6.68,215,120.6,0.8153,5543.5,4160.2,7.925,0.02,0.02,0.02,0.02,730.0,394.0,-437.0,5442.0,816,-1088,138.7,0.0,1098.0,0,0,0,809,d4a,d4a,d4a,d4a,1,0,0,1,0,0,0,0,0,0,0,1,0,0,1,0,1,0,0,1,0,1,0,1,1,0,0,0,1,0,1,0,0,1,0,1,0,1,1,0,0,0,1,0,1,0,0,1,0,1,0,1,1,0,0,0,1,0,1,0,0,1,0,1,0,1,1,0,0
2024,11,5,17:41:10.706,6.70,235,120.6,0.8153,5543.5,4160.2,7.925,0.02,0.02,0.02,0.02,730.0,395.0,-437.0,5456.0,824,-1096,135.0,0.0,1089.0,0,0,0,809,d4a,d4a,d4a,d4a,1,0,0,1,0,0,0,0,0,0,0,1,0,0,1,0,1,0,0,1,0,1,0,1,1,0,0,0,1,0,1,0,0,1,0,1,0,1,1,0,0,0,1,0,1,0,0,1,0,1,0,1,1,0,0,0,1,0,1,0,0,1,0,1,0,1,1,0,0
2024,11,5,17:41:10.726,6.72,5,120.6,0.8148,5558.6,4175.2,7.925,0.02,0.02,0.02,0.02,730.0,395.0,-437.0,5471.0,832,-1105,131.2,0.0,1081.0,0,0,0,809,d4a,d4a,d4a,d4a,1,0,0,1,0,0,0,0,0,0,0,1,0,0,1,0,1,0,0,1,0,1,0,1,1,0,0,0,1,0,1,0,0,1,0,1,0,1,1,0,0,0,1,0,1,0,0,1,0,1,0,1,1,0,0,0,1,0,1,0,0,1,0,1,0,1,1,0,0
2024,11,5,17:41:10.746,6.74,25,120.6,0.8148,5559.2,4175.8,7.925,0.02,0.02,0.02,0.02,730.0,395.0,-437.0,5486.0,840,-1114,127.4,0.0,1073.0,0,0,0,809,d4a,d4a,d4a,d4a,1,0,0,1,0,0,0,0,0,0,0,1,0,0,1,0,1,0,0,1,0,1,0,1,1,0,0,0,1,0,1,0,0,1,0,1,0,1,1,0,0,0,1,0,1,0,0,1,0,1,0,1,1,0,0,0,1,0,1,0,0,1,0,1,0,1,1,0,0
2024,11,5,17:41:10.766,6.76,45,120.6,0.8144,5571.0,4187.6,7.924,0.02,0.02,0.02,0.02,730.0,396.0,-437.0,5500.0,848,-1123,123.5,0.0,1065.0,0,0,0,809,d4a,d4a,d4a,d4a,1,0,0,1,0,0,0,0,0,0,0,1,0,0,1,0,1,0,0,1,0,1,0,1,1,0,0,0,1,0,1,0,0,1,0,1,0,1,1,0,0,0,1,0,1,0,0,1,0,1,0,1,1,0,0,0,1,0,1,0,0,1,0,1,0,1,1,0,0
2024,11,5,17:41:10.786,6.78,65,120.6,0.8144,5571.0,4187.6,7.925,0.02,0.02,0.02,0.02,730.0,396.0,-437.0,5515.0,856,-1131,119.9,0.0,1057.0,0,0,0,809,d4a,d4a,d4a,d4a,1,0,0,1,0,0,0,0,0,0,0,1,0,0,1,0,1,0,0,1,0,1,0,1,1,0,0,0,1,0,1,0,0,1,0,1,0,1,1,0,0,0,1,0,1,0,0,1,0,1,0,1,1,0,0,0,1,0,1,0,0,1,0,1,0,1,1,0,0
2024,11,5,17:41:10.806,6.80,85,120.6,0.8138,5591.2,4207.9,7.924,0.02,0.02,0.02,0.02,730.0,396.0,-437.0,5530.0,864,-1140,116.3,0.0,1051.0,0,0,0,809,d4a,d4a,d4a,d4a,1,0,0,1,0,0,0,0,0,0,0,1,0,0,1,0,1,0,0,1,0,1,0,1,1,0,0,0,1,0,1,0,0,1,0,1,0,1,1,0,0,0,1,0,1,0,0,1,0,1,0,1,1,0,0,0,1,0,1,0,0,1,0,1,0,1,1,0,0
2024,11,5,17:41:10.826,6.82,105,120.5,0.8138,5591.9,4208.5,7.925,0.02,0.02,0.02,0.02,730.0,396.0,-438.0,5544.0,872,-1149,112.7,0.0,1044.0,0,0,0,809,d4a,d4a,d4a,d4a,1,0,0,1,0,0,0,0,0,0,0,1,0,0,1,0,1,0,0,1,0,1,0,1,1,0,0,0,1,0,1,0,0,1,0,1,0,1,1,0,0,0,1,0,1,0,0,1,0,1,0,1,1,0,0,0,1,0,1,0,0,1,0,1,0,1,1,0,0
2024,11,5,17:41:10.846,6.84,125,120.5,0.8142,5578.2,4194.8,7.924,0.02,0.02,0.02,0.02,730.0,397.0,-438.0,5559.0,880,-1158,109.4,0.0,1039.0,0,0,0,809,d4a,d4a,d4a,d4a,1,0,0,1,0,0,0,0,0,0,0,1,0,0,1,0,1,0,0,1,0,1,0,1,1,0,0,0,1,0,1,0,0,1,0,1,0,1,1,0,0,0,1,0,1,0,0,1,0,1,0,1,1,0,0,0,1,0,1,0,0,1,0,1,0,1,1,0,0
2024,11,5,17:41:10.866,6.86,145,120.5,0.8142,5578.2,4194.8,7.924,0.02,0.02,0.02,0.02,730.0,397.0,-438.0,5573.0,888,-1166,106.1,0.0,1034.0,0,0,0,809,d4a,d4a,d4a,d4a,1,0,0,1,0,0,0,0,0,0,0,1,0,0,1,0,1,0,0,1,0,1,0,1,1,0,0,0,1,0,1,0,0,1,0,1,0,1,1,0,0,0,1,0,1,0,0,1,0,1,0,1,1,0,0,0,1,0,1,0,0,1,0,1,0,1,1,0,0
2024,11,5,17:41:10.886,6.88,165,120.5,0.8137,5593.2,4209.8,7.925,0.02,0.02,0.02,0.02,730.0,398.0,-437.0,5588.0,895,-1175,102.7,0.0,1030.0,0,0,0,809,d4a,d4a,d4a,d4a,1,0,0,1,0,0,0,0,0,0,0,1,0,0,1,0,1,0,0,1,0,1,0,1,1,0,0,0,1,0,1,0,0,1,0,1,0,1,1,0,0,0,1,0,1,0,0,1,0,1,0,1,1,0,0,0,1,0,1,0,0,1,0,1,0,1,1,0,0
2024,11,5,17:41:10.906,6.90,185,120.5,0.8137,5593.2,4209.8,7.924,0.02,0.02,0.02,0.02,730.0,398.0,-437.0,5603.0,903,-1184,99.2,0.0,1026.0,0,0,0,809,d4a,d4a,d4a,d4a,1,0,0,1,0,0,0,0,0,0,0,1,0,0,1,0,1,0,0,1,0,1,0,1,1,0,0,0,1,0,1,0,0,1,0,1,0,1,1,0,0,0,1,0,1,0,0,1,0,1,0,1,1,0,0,0,1,0,1,0,0,1,0,1,0,1,1,0,0
2024,11,5,17:41:10.926,6.92,205,120.5,0.8132,5610.2,4226.8,7.925,0.02,0.02,0.02,0.02,730.0,399.0,-437.0,5617.0,911,-1193,95.9,0.0,1024.0,0,0,0,809,d4a,d4a,d4a,d4a,1,0,0,1,0,0,0,0,0,0,0,1,0,0,1,0,1,0,0,1,0,1,0,1,1,0,0,0,1,0,1,0,0,1,0,1,0,1,1,0,0,0,1,0,1,0,0,1,0,1,0,1,1,0,0,0,1,0,1,0,0,1,0,1,0,1,1,0,0
2024,11,5,17:41:10.946,6.94,225,120.5,0.8132,5610.9,4227.5,7.924,0.02,0.02,0.02,0.02,730.0,399.0,-437.0,5632.0,919,-1201,92.7,0.0,1023.0,0,0,0,809,d4a,d4a,d4a,d4a,1,0,0,1,0,0,0,0,0,0,0,1,0,0,1,0,1,0,0,1,0,1,0,1,1,0,0,0,1,0,1,0,0,1,0,1,0,1,1,0,0,0,1,0,1,0,0,1,0,1,0,1,1,0,0,0,1,0,1,0,0,1,0,1,0,1,1,0,0
2024,11,5,17:41:10.966,6.96,245,120.5,0.8136,5597.1,4213.7,7.925,0.02,0.02,0.02,0.02,730.0,400.0,-436.0,5646.0,927,-1210,89.6,89.7,1022.0,0,0,0,809,d4a,d4a,d4a,d4a,1,0,0,1,0,0,0,0,0,0,0,1,0,0,1,0,1,0,0,1,0,1,0,1,1,0,0,0,1,0,1,0,0,1,0,1,0,1,1,0,0,0,1,0,1,0,0,1,0,1,0,1,1,0,0,0,1,0,1,0,0,1,0,1,0,1,1,0,0
2024,11,5,17:41:10.986,6.98,15,120.5,0.8136,5597.1,4213.7,7.924,0.02,0.02,0.02,0.02,730.0,400.0,-436.0,5661.0,935,-1219,86.5,87.6,1022.0,0,0,0,809,d5e,d5a,d5a,d5a,1,0,0,1,0,0,0,0,0,0,0,1,0,0,1,1,1,1,0,1,0,1,0,1,1,0,0,0,1,0,1,1,0,1,0,1,0,1,1,0,0,0,1,0,1,1,0,1,0,1,0,1,1,0,0,0,1,0,1,1,0,1,0,1,0,1,1,0,0
2024,11,5,17:41:11.006,7.00,35,120.5,0.8135,5600.4,4217.0,7.925,0.02,0.02,0.02,0.02,730.0,401.0,-436.0,5676.0,943,-1228,83.4,85.5,1023.0,0,0,0,809,d5e,d5a,d5a,d5a,1,0,0,1,0,0,0,0,0,0,0,1,0,0,1,1,1,1,0,1,0,1,0,1,1,0,0,0,1,0,1,1,0,1,0,1,0,1,1,0,0,0,1,0,1,1,0,1,0,1,0,1,1,0,0,0,1,0,1,1,0,1,0,1,0,1,1,0,0
2024,11,5,17:41:11.026,7.02,55,120.5,0.8135,5600.4,4217.0,7.925,0.02,0.02,0.02,0.02,730.0,401.0,-436.0,5690.0,951,-1236,80.6,83.6,1025.0,0,0,0,809,d5e,d5a,d5a,d5a,1,0,0,1,0,0,0,0,0,0,0,1,0,0,1,1,1,1,0,1,0,1,0,1,1,0,0,0,1,0,1,1,0,1,0,1,0,1,1,0,0,0,1,0,1,1,0,1,0,1,0,1,1,0,0,0,1,0,1,1,0,1,0,1,0,1,1,0,0
2024,11,5,17:41:11.046,7.04,75,120.5,0.8142,5576.9,4193.5,7.924,0.02,0.02,0.02,0.02,730.0,402.0,-436.0,5705.0,959,-1245,77.9,81.7,1027.0,0,0,0,809,d5e,d5a,d5a,d5a,1,0,0,1,0,0,0,0,0,0,0,1,0,0,1,1,1,1,0,1,0,1,0,1,1,0,0,0,1,0,1,1,0,1,0,1,0,1,1,0,0,0,1,0,1,1,0,1,0,1,0,1,1,0,0,0,1,0,1,1,0,1,0,1,0,1,1,0,0
2024,11,5,17:41:11.066,7.06,95,120.5,0.8143,5576.2,4192.8,7.924,0.02,0.02,0.02,0.02,730.0,402.0,-435.0,5720.0,968,-1254,75.5,80.1,1029.0,0,0,0,809,d5e,d5a,d5a,d5a,1,0,0,1,0,0,0,0,0,0,0,1,0,0,1,1,1,1,0,1,0,1,0,1,1,0,0,0,1,0,1,1,0,1,0,1,0,1,1,0,0,0,1,0,1,1,0,1,0,1,0,1,1,0,0,0,1,0,1,1,0,1,0,1,0,1,1,0,0
2024,11,5,17:41:11.086,7.08,115,120.5,0.8146,5566.4,4183.0,7.923,0.02,0.02,0.02,0.02,730.0,402.0,-435.0,5734.0,976,-1262,73.5,78.7,1032.0,0,0,0,809,d5e,d5a,d5a,d5a,1,0,0,1,0,0,0,0,0,0,0,1,0,0,1,1,1,1,0,1,0,1,0,1,1,0,0,0,1,0,1,1,0,1,0,1,0,1,1,0,0,0,1,0,1,1,0,1,0,1,0,1,1,0,0,0,1,0,1,1,0,1,0,1,0,1,1,0,0
2024,11,5,17:41:11.106,7.10,135,120.5,0.8146,5566.4,4183.0,7.925,0.02,0.02,0.02,0.02,730.0,403.0,-435.0,5749.0,984,-1271,71.9,77.5,1036.0,0,0,0,809,d5e,d5a,d5a,d5a,1,0,0,1,0,0,0,0,0,0,0,1,0,0,1,1,1,1,0,1,0,1,0,1,1,0,0,0,1,0,1,1,0,1,0,1,0,1,1,0,0,0,1,0,1,1,0,1,0,1,0,1,1,0,0,0,1,0,1,1,0,1,0,1,0,1,1,0,0
2024,11,5,17:41:11.126,7.12,155,120.5,0.8149,5554.6,4171.3,7.924,0.02,0.02,0.02,0.02,730.0,403.0,-436.0,5763.0,992,-1280,70.4,76.5,1039.0,0,0,0,809,d5e,d5a,d5a,d5a,1,0,0,1,0,0,0,0,0,0,0,1,0,0,1,1,1,1,0,1,0,1,0,1,1,0,0,0,1,0,1,1,0,1,0,1,0,1,1,0,0,0,1,0,1,1,0,1,0,1,0,1,1,0,0,0,1,0,1,1,0,1,0,1,0,1,1,0,0
2024,11,5,17:41:11.146,7.14,175,120.5,0.8149,5554.6,4171.3,7.925,0.02,0.02,0.02,0.02,730.0,403.0,-436.0,5778.0,1000,-1289,69.1,75.6,1043.0,0,0,0,809,d5e,d5a,d5a,d5a,1,0,0,1,0,0,0,0,0,0,0,1,0,0,1,1,1,1,0,1,0,1,0,1,1,0,0,0,1,0,1,1,0,1,0,1,0,1,1,0,0,0,1,0,1,1,0,1,0,1,0,1,1,0,0,0,1,0,1,1,0,1,0,1,0,1,1,0,0
2024,11,5,17:41:11.166,7.16,195,120.5,0.8149,5556.6,4173.2,7.925,0.02,0.02,0.02,0.02,731.0,404.0,-436.0,5793.0,1008,-1297,67.8,74.6,1048.0,0,0,0,809,d5e,d5a,d5a,d5a,1,0,0,1,0,0,0,0,0,0,0,1,0,0,1,1,1,1,0,1,0,1,0,1,1,0,0,0,1,0,1,1,0,1,0,1,0,1,1,0,0,0,1,0,1,1,0,1,0,1,0,1,1,0,0,0,1,0,1,1,0,1,0,1,0,1,1,0,0
2024,11,5,17:41:11.186,7.18,215,120.5,0.8149,5556.0,4172.6,7.925,0.02,0.02,0.02,0.02,731.0,404.0,-436.0,5807.0,1016,-1306,66.3,73.5,1052.0,0,0,0,809,d5e,d5a,d5a,d5a,1,0,0,1,0,0,0,0,0,0,0,1,0,0,1,1,1,1,0,1,0,1,0,1,1,0,0,0,1,0,1,1,0,1,0,1,0,1,1,0,0,0,1,0,1,1,0,1,0,1,0,1,1,0,0,0,1,0,1,1,0,1,0,1,0,1,1,0,0
2024,11,5,17:41:11.206,7.20,235,120.5,0.8147,5563.1,4179.7,7.925,0.02,0.02,0.02,0.02,731.0,404.0,-436.0,5822.0,1024,-1315,64.6,72.3,1057.0,0,0,0,809,d5e,d5a,d5a,d5a,1,0,0,1,0,0,0,0,0,0,0,1,0,0,1,1,1,1,0,1,0,1,0,1,1,0,0,0,1,0,1,1,0,1,0,1,0,1,1,0,0,0,1,0,1,1,0,1,0,1,0,1,1,0,0,0,1,0,1,1,0,1,0,1,0,1,1,0,0
2024,11,5,17:41:11.226,7.22,5,120.5,0.8147,5563.1,4179.7,7.924,0.02,0.02,0.02,0.02,731.0,404.0,-436.0,5837.0,1032,-1323,62.9,71.0,1061.0,0,0,0,809,d5e,d5a,d5a,d5a,1,0,0,1,0,0,0,0,0,0,0,1,0,0,1,1,1,1,0,1,0,1,0,1,1,0,0,0,1,0,1,1,0,1,0,1,0,1,1,0,0,0,1,0,1,1,0,1,0,1,0,1,1,0,0,0,1,0,1,1,0,1,0,1,0,1,1,0,0
2024,11,5,17:41:11.246,7.24,25,120.5,0.8147,5561.2,4177.8,7.924,0.02,0.02,0.02,0.02,731.0,405.0,-437.0,5851.0,1040,-1332,61.3,69.8,1066.0,0,0,0,809,d5e,d5a,d5a,d5a,1,0,0,1,0,0,0,0,0,0,0,1,0,0,1,1,1,1,0,1,0,1,0,1,1,0,0,0,1,0,1,1,0,1,0,1,0,1,1,0,0,0,1,0,1,1,0,1,0,1,0,1,1,0,0,0,1,0,1,1,0,1,0,1,0,1,1,0,0
2024,11,5,17:41:11.266,7.26,45,120.5,0.8147,5561.8,4178.4,7.924,0.02,0.02,0.02,0.02,731.0,405.0,-437.0,5866.0,1048,-1341,59.8,68.6,1071.0,0,0,0,809,d5e,d5a,d5a,d5a,1,0,0,1,0,0,0,0,0,0,0,1,0,0,1,1,1,1,0,1,0,1,0,1,1,0,0,0,1,0,1,1,0,1,0,1,0,1,1,0,0,0,1,0,1,1,0,1,0,1,0,1,1,0,0,0,1,0,1,1,0,1,0,1,0,1,1,0,0
2024,11,5,17:41:11.286,7.28,65,120.5,0.8146,5565.1,4181.7,7.925,0.02,0.02,0.02,0.02,731.0,405.0,-437.0,5880.0,1056,-1350,58.5,67.6,1075.0,0,0,0,809,d5e,d5a,d5a,d5a,1,0,0,1,0,0,0,0,0,0,0,1,0,0,1,1,1,1,0,1,0,1,0,1,1,0,0,0,1,0,1,1,0,1,0,1,0,1,1,0,0,0,1,0,1,1,0,1,0,1,0,1,1,0,0,0,1,0,1,1,0,1,0,1,0,1,1,0,0
2024,11,5,17:41:11.306,7.30,85,120.5,0.8146,5564.4,4181.1,7.926,0.02,0.02,0.02,0.02,731.0,406.0,-437.0,5895.0,1065,-1358,57.1,66.5,1080.0,0,0,0,809,d5e,d5a,d5a,d5a,1,0,0,1,0,0,0,0,0,0,0,1,0,0,1,1,1,1,0,1,0,1,0,1,1,0,0,0,1,0,1,1,0,1,0,1,0,1,1,0,0,0,1,0,1,1,0,1,0,1,0,1,1,0,0,0,1,0,1,1,0,1,0,1,0,1,1,0,0
2024,11,5,17:41:11.326,7.32,105,120.5,0.8146,5564.4,4181.1,7.925,0.02,0.02,0.02,0.02,731.0,406.0,-438.0,5910.0,1073,-1367,55.8,65.5,1085.0,0,0,0,809,d5e,d5a,d5a,d5a,1,0,0,1,0,0,0,0,0,0,0,1,0,0,1,1,1,1,0,1,0,1,0,1,1,0,0,0,1,0,1,1,0,1,0,1,0,1,1,0,0,0,1,0,1,1,0,1,0,1,0,1,1,0,0,0,1,0,1,1,0,1,0,1,0,1,1,0,0
2024,11,5,17:41:11.346,7.34,125,120.5,0.8146,5564.4,4181.1,7.924,0.02,0.02,0.02,0.02,731.0,406.0,-438.0,5924.0,1081,-1376,54.7,64.5,1089.0,0,0,0,809,d5e,d5a,d5a,d5a,1,0,0,1,0,0,0,0,0,0,0,1,0,0,1,1,1,1,0,1,0,1,0,1,1,0,0,0,1,0,1,1,0,1,0,1,0,1,1,0,0,0,1,0,1,1,0,1,0,1,0,1,1,0,0,0,1,0,1,1,0,1,0,1,0,1,1,0,0
2024,11,5,17:41:11.366,7.36,145,120.5,0.8142,5576.9,4193.5,7.924,0.02,0.02,0.02,0.02,731.0,406.0,-438.0,5939.0,1089,-1385,53.7,63.7,1093.0,0,0,0,809,d5e,d5a,d5a,d5a,1,0,0,1,0,0,0,0,0,0,0,1,0,0,1,1,1,1,0,1,0,1,0,1,1,0,0,0,1,0,1,1,0,1,0,1,0,1,1,0,0,0,1,0,1,1,0,1,0,1,0,1,1,0,0,0,1,0,1,1,0,1,0,1,0,1,1,0,0
2024,11,5,17:41:11.386,7.38,165,120.5,0.8142,5576.9,4193.5,7.925,0.02,0.02,0.02,0.02,731.0,406.0,-438.0,5954.0,1097,-1394,53.0,63.1,1098.0,0,0,0,809,d5e,d5a,d5a,d5a,1,0,0,1,0,0,0,0,0,0,0,1,0,0,1,1,1,1,0,1,0,1,0,1,1,0,0,0,1,0,1,1,0,1,0,1,0,1,1,0,0,0,1,0,1,1,0,1,0,1,0,1,1,0,0,0,1,0,1,1,0,1,0,1,0,1,1,0,0
2024,11,5,17:41:11.406,7.40,185,120.5,0.8144,5572.9,4189.6,7.925,0.02,0.02,0.02,0.02,731.0,406.0,-438.0,5968.0,1105,-1402,52.5,62.7,1101.0,0,0,0,809,d5e,d5a,d5a,d5a,1,0,0,1,0,0,0,0,0,0,0,1,0,0,1,1,1,1,0,1,0,1,0,1,1,0,0,0,1,0,1,1,0,1,0,1,0,1,1,0,0,0,1,0,1,1,0,1,0,1,0,1,1,0,0,0,1,0,1,1,0,1,0,1,0,1,1,0,0
2024,11,5,17:41:11.426,7.42,205,120.5,0.8143,5573.6,4190.2,7.925,0.02,0.02,0.02,0.02,731.0,406.0,-438.0,5983.0,1113,-1411,52.2,62.5,1105.0,0,0,0,809,d5e,d5a,d5a,d5a,1,0,0,1,0,0,0,0,0,0,0,1,0,0,1,1,1,1,0,1,0,1,0,1,1,0,0,0,1,0,1,1,0,1,0,1,0,1,1,0,0,0,1,0,1,1,0,1,0,1,0,1,1,0,0,0,1,0,1,1,0,1,0,1,0,1,1,0,0
2024,11,5,17:41:11.446,7.44,225,120.5,0.8143,5573.6,4190.2,7.925,0.02,0.02,0.02,0.02,731.0,406.0,-438.0,5997.0,1122,-1420,52.1,62.4,1108.0,0,0,0,809,d5e,d5a,d5a,d5a,1,0,0,1,0,0,0,0,0,0,0,1,0,0,1,1,1,1,0,1,0,1,0,1,1,0,0,0,1,0,1,1,0,1,0,1,0,1,1,0,0,0,1,0,1,1,0,1,0,1,0,1,1,0,0,0,1,0,1,1,0,1,0,1,0,1,1,0,0
2024,11,5,17:41:11.466,7.46,245,120.5,0.8143,5573.6,4190.2,7.921,0.02,0.02,0.02,0.02,731.0,406.0,-438.0,6012.0,1130,-1429,52.0,62.3,1111.0,0,0,0,809,d5e,d5a,d5a,d5a,1,0,0,1,0,0,0,0,0,0,0,1,0,0,1,1,1,1,0,1,0,1,0,1,1,0,0,0,1,0,1,1,0,1,0,1,0,1,1,0,0,0,1,0,1,1,0,1,0,1,0,1,1,0,0,0,1,0,1,1,0,1,0,1,0,1,1,0,0
2024,11,5,17:41:11.486,7.48,15,120.5,0.8142,5576.9,4193.5,7.924,0.02,0.02,0.02,0.02,731.0,407.0,-438.0,6027.0,1138,-1437,51.9,62.2,1114.0,0,0,0,809,d5e,d5a,d5a,d5a,1,0,0,1,0,0,0,0,0,0,0,1,0,0,1,1,1,1,0,1,0,1,0,1,1,0,0,0,1,0,1,1,0,1,0,1,0,1,1,0,0,0,1,0,1,1,0,1,0,1,0,1,1,0,0,0,1,0,1,1,0,1,0,1,0,1,1,0,0
2024,11,5,17:41:11.506,7.50,35,120.5,0.8142,5576.9,4193.5,7.924,0.02,0.02,0.02,0.02,731.0,407.0,-437.0,6041.0,1146,-1446,51.8,62.1,1116.0,0,0,0,809,d5e,d5a,d5a,d5a,1,0,0,1,0,0,0,0,0,0,0,1,0,0,1,1,1,1,0,1,0,1,0,1,1,0,0,0,1,0,1,1,0,1,0,1,0,1,1,0,0,0,1,0,1,1,0,1,0,1,0,1,1,0,0,0,1,0,1,1,0,1,0,1,0,1,1,0,0
2024,11,5,17:41:11.526,7.52,55,120.5,0.8142,5576.9,4193.5,7.924,0.02,0.02,0.02,0.02,731.0,407.0,-437.0,6056.0,1154,-1455,51.6,61.9,1118.0,0,0,0,809,d5e,d5a,d5a,d5a,1,0,0,1,0,0,0,0,0,0,0,1,0,0,1,1,1,1,0,1,0,1,0,1,1,0,0,0,1,0,1,1,0,1,0,1,0,1,1,0,0,0,1,0,1,1,0,1,0,1,0,1,1,0,0,0,1,0,1,1,0,1,0,1,0,1,1,0,0
2024,11,5,17:41:11.546,7.54,75,120.5,0.8142,5576.9,4193.5,7.925,0.02,0.02,0.02,0.02,731.0,407.0,-437.0,6071.0,1162,-1464,51.2,61.6,1119.0,0,0,0,809,d5e,d5a,d5a,d5a,1,0,0,1,0,0,0,0,0,0,0,1,0,0,1,1,1,1,0,1,0,1,0,1,1,0,0,0,1,0,1,1,0,1,0,1,0,1,1,0,0,0,1,0,1,1,0,1,0,1,0,1,1,0,0,0,1,0,1,1,0,1,0,1,0,1,1,0,0
2024,11,5,17:41:11.566,7.56,95,120.5,0.8142,5578.2,4194.8,7.925,0.02,0.02,0.02,0.02,731.0,407.0,-437.0,6085.0,1170,-1472,50.7,61.2,1120.0,0,0,0,809,d5e,d5a,d5a,d5a,1,0,0,1,0,0,0,0,0,0,0,1,0,0,1,1,1,1,0,1,0,1,0,1,1,0,0,0,1,0,1,1,0,1,0,1,0,1,1,0,0,0,1,0,1,1,0,1,0,1,0,1,1,0,0,0,1,0,1,1,0,1,0,1,0,1,1,0,0
2024,11,5,17:41:11.586,7.58,115,120.5,0.8142,5578.2,4194.8,7.925,0.02,0.02,0.02,0.02,731.0,407.0,-437.0,6100.0,1179,-1481,50.0,60.6,1121.0,0,0,0,809,d5e,d5a,d5a,d5a,1,0,0,1,0,0,0,0,0,0,0,1,0,0,1,1,1,1,0,1,0,1,0,1,1,0,0,0,1,0,1,1,0,1,0,1,0,1,1,0,0,0,1,0,1,1,0,1,0,1,0,1,1,0,0,0,1,0,1,1,0,1,0,1,0,1,1,0,0
2024,11,5,17:41:11.606,7.60,135,120.5,0.8141,5580.1,4196.7,7.925,0.02,0.02,0.02,0.02,731.0,408.0,-437.0,6115.0,1187,-1490,49.3,60.0,1121.0,0,0,0,809,d5e,d5a,d5a,d5a,1,0,0,1,0,0,0,0,0,0,0,1,0,0,1,1,1,1,0,1,0,1,0,1,1,0,0,0,1,0,1,1,0,1,0,1,0,1,1,0,0,0,1,0,1,1,0,1,0,1,0,1,1,0,0,0,1,0,1,1,0,1,0,1,0,1,1,0,0
2024,11,5,17:41:11.626,7.62,155,120.5,0.8141,5580.1,4196.7,7.925,0.02,0.02,0.02,0.02,731.0,408.0,-436.0,6129.0,1195,-1499,48.6,59.4,1121.0,0,0,0,809,d5e,d5a,d5a,d5a,1,0,0,1,0,0,0,0,0,0,0,1,0,0,1,1,1,1,0,1,0,1,0,1,1,0,0,0,1,0,1,1,0,1,0,1,0,1,1,0,0,0,1,0,1,1,0,1,0,1,0,1,1,0,0,0,1,0,1,1,0,1,0,1,0,1,1,0,0
2024,11,5,17:41:11.646,7.64,175,120.5,0.8141,5580.1,4196.7,7.924,0.02,0.02,0.02,0.02,731.0,408.0,-436.0,6144.0,1203,-1507,48.0,58.8,1121.0,0,0,0,809,d5e,d5a,d5a,d5a,1,0,0,1,0,0,0,0,0,0,0,1,0,0,1,1,1,1,0,1,0,1,0,1,1,0,0,0,1,0,1,1,0,1,0,1,0,1,1,0,0,0,1,0,1,1,0,1,0,1,0,1,1,0,0,0,1,0,1,1,0,1,0,1,0,1,1,0,0
2024,11,5,17:41:11.666,7.66,195,120.5,0.8142,5579.5,4196.1,7.925,0.02,0.02,0.02,0.02,731.0,408.0,-436.0,6158.0,1211,-1516,47.5,58.4,1120.0,0,0,0,809,d5e,d5a,d5a,d5a,1,0,0,1,0,0,0,0,0,0,0,1,0,0,1,1,1,1,0,1,0,1,0,1,1,0,0,0,1,0,1,1,0,1,0,1,0,1,1,0,0,0,1,0,1,1,0,1,0,1,0,1,1,0,0,0,1,0,1,1,0,1,0,1,0,1,1,0,0
2024,11,5,17:41:11.686,7.68,215,120.5,0.8141,5581.4,4198.0,7.926,0.02,0.02,0.02,0.02,731.0,408.0,-436.0,6173.0,1219,-1525,47.3,58.2,1118.0,0,0,0,809,d5e,d5a,d5a,d5a,1,0,0,1,0,0,0,0,0,0,0,1,0,0,1,1,1,1,0,1,0,1,0,1,1,0,0,0,1,0,1,1,0,1,0,1,0,1,1,0,0,0,1,0,1,1,0,1,0,1,0,1,1,0,0,0,1,0,1,1,0,1,0,1,0,1,1,0,0
2024,11,5,17:41:11.706,7.70,235,120.5,0.8141,5582.1,4198.7,7.925,0.02,0.02,0.02,0.02,730.0,408.0,-436.0,6188.0,1228,-1534,47.3,58.2,1117.0,0,0,0,809,d5e,d5a,d5a,d5a,1,0,0,1,0,0,0,0,0,0,0,1,0,0,1,1,1,1,0,1,0,1,0,1,1,0,0,0,1,0,1,1,0,1,0,1,0,1,1,0,0,0,1,0,1,1,0,1,0,1,0,1,1,0,0,0,1,0,1,1,0,1,0,1,0,1,1,0,0
2024,11,5,17:41:11.726,7.72,5,120.5,0.8140,5583.4,4200.0,7.925,0.02,0.02,0.02,0.02,730.0,408.0,-436.0,6202.0,1236,-1542,47.5,58.4,1115.0,0,0,0,809,d5e,d5a,d5a,d5a,1,0,0,1,0,0,0,0,0,0,0,1,0,0,1,1,1,1,0,1,0,1,0,1,1,0,0,0,1,0,1,1,0,1,0,1,0,1,1,0,0,0,1,0,1,1,0,1,0,1,0,1,1,0,0,0,1,0,1,1,0,1,0,1,0,1,1,0,0
2024,11,5,17:41:11.746,7.74,25,120.6,0.8141,5582.7,4199.4,7.924,0.02,0.02,0.02,0.02,730.0,408.0,-436.0,6217.0,1244,-1551,47.8,58.7,1112.0,0,0,0,809,d5e,d5a,d5a,d5a,1,0,0,1,0,0,0,0,0,0,0,1,0,0,1,1,1,1,0,1,0,1,0,1,1,0,0,0,1,0,1,1,0,1,0,1,0,1,1,0,0,0,1,0,1,1,0,1,0,1,0,1,1,0,0,0,1,0,1,1,0,1,0,1,0,1,1,0,0
2024,11,5,17:41:11.766,7.76,45,120.6,0.8138,5591.2,4207.9,7.924,0.02,0.02,0.02,0.02,730.0,408.0,-436.0,6232.0,1252,-1560,48.2,59.0,1109.0,0,0,0,809,d5e,d5a,d5a,d5a,1,0,0,1,0,0,0,0,0,0,0,1,0,0,1,1,1,1,0,1,0,1,0,1,1,0,0,0,1,0,1,1,0,1,0,1,0,1,1,0,0,0,1,0,1,1,0,1,0,1,0,1,1,0,0,0,1,0,1,1,0,1,0,1,0,1,1,0,0
2024,11,5,17:41:11.786,7.78,65,120.5,0.8138,5591.9,4208.5,7.925,0.02,0.02,0.02,0.02,730.0,408.0,-436.0,6246.0,1260,-1569,48.6,59.4,1106.0,0,0,0,809,d5e,d5a,d5a,d5a,1,0,0,1,0,0,0,0,0,0,0,1,0,0,1,1,1,1,0,1,0,1,0,1,1,0,0,0,1,0,1,1,0,1,0,1,0,1,1,0,0,0,1,0,1,1,0,1,0,1,0,1,1,0,0,0,1,0,1,1,0,1,0,1,0,1,1,0,0
2024,11,5,17:41:11.806,7.80,85,120.5,0.8140,5583.4,4200.0,7.925,0.02,0.02,0.02,0.02,730.0,407.0,-437.0,6261.0,1268,-1577,49.0,59.7,1103.0,0,0,0,809,d5e,d5a,d5a,d5a,1,0,0,1,0,0,0,0,0,0,0,1,0,0,1,1,1,1,0,1,0,1,0,1,1,0,0,0,1,0,1,1,0,1,0,1,0,1,1,0,0,0,1,0,1,1,0,1,0,1,0,1,1,0,0,0,1,0,1,1,0,1,0,1,0,1,1,0,0
2024,11,5,17:41:11.826,7.82,105,120.5,0.8140,5583.4,4200.0,7.925,0.02,0.02,0.02,0.02,730.0,407.0,-437.0,6275.0,1277,-1586,49.4,60.0,1099.0,0,0,0,809,d5e,d5a,d5a,d5a,1,0,0,1,0,0,0,0,0,0,0,1,0,0,1,1,1,1,0,1,0,1,0,1,1,0,0,0,1,0,1,1,0,1,0,1,0,1,1,0,0,0,1,0,1,1,0,1,0,1,0,1,1,0,0,0,1,0,1,1,0,1,0,1,0,1,1,0,0
2024,11,5,17:41:11.846,7.84,125,120.5,0.8140,5584.7,4201.3,7.926,0.02,0.02,0.02,0.02,729.0,407.0,-437.0,6290.0,1285,-1595,49.7,60.3,1096.0,0,0,0,809,d5e,d5a,d5a,d5a,1,0,0,1,0,0,0,0,0,0,0,1,0,0,1,1,1,1,0,1,0,1,0,1,1,0,0,0,1,0,1,1,0,1,0,1,0,1,1,0,0,0,1,0,1,1,0,1,0,1,0,1,1,0,0,0,1,0,1,1,0,1,0,1,0,1,1,0,0
2024,11,5,17:41:11.866,7.86,145,120.5,0.8140,5584.7,4201.3,7.925,0.02,0.02,0.02,0.02,729.0,407.0,-437.0,6305.0,1293,-1604,49.9,60.5,1092.0,0,0,0,809,d5e,d5a,d5a,d5a,1,0,0,1,0,0,0,0,0,0,0,1,0,0,1,1,1,1,0,1,0,1,0,1,1,0,0,0,1,0,1,1,0,1,0,1,0,1,1,0,0,0,1,0,1,1,0,1,0,1,0,1,1,0,0,0,1,0,1,1,0,1,0,1,0,1,1,0,0
2024,11,5,17:41:11.886,7.88,165,120.5,0.8140,5583.4,4200.0,7.925,0.02,0.02,0.02,0.02,729.0,407.0,-437.0,6319.0,1301,-1612,50.0,60.6,1088.0,0,0,0,809,d5e,d5a,d5a,d5a,1,0,0,1,0,0,0,0,0,0,0,1,0,0,1,1,1,1,0,1,0,1,0,1,1,0,0,0,1,0,1,1,0,1,0,1,0,1,1,0,0,0,1,0,1,1,0,1,0,1,0,1,1,0,0,0,1,0,1,1,0,1,0,1,0,1,1,0,0
2024,11,5,17:41:11.906,7.90,185,120.6,0.8141,5582.7,4199.4,7.924,0.02,0.02,0.02,0.02,729.0,407.0,-437.0,6334.0,1309,-1621,50.0,60.6,1085.0,0,0,0,809,d5e,d5a,d5a,d5a,1,0,0,1,0,0,0,0,0,0,0,1,0,0,1,1,1,1,0,1,0,1,0,1,1,0,0,0,1,0,1,1,0,1,0,1,0,1,1,0,0,0,1,0,1,1,0,1,0,1,0,1,1,0,0,0,1,0,1,1,0,1,0,1,0,1,1,0,0
2024,11,5,17:41:11.926,7.92,205,120.6,0.8140,5586.0,4202.6,7.924,0.02,0.02,0.02,0.02,728.0,407.0,-437.0,6348.0,1317,-1630,49.7,60.3,1081.0,0,0,0,809,d5e,d5a,d5a,d5a,1,0,0,1,0,0,0,0,0,0,0,1,0,0,1,1,1,1,0,1,0,1,0,1,1,0,0,0,1,0,1,1,0,1,0,1,0,1,1,0,0,0,1,0,1,1,0,1,0,1,0,1,1,0,0,0,1,0,1,1,0,1,0,1,0,1,1,0,0
2024,11,5,17:41:11.946,7.94,225,120.5,0.8139,5586.7,4203.3,7.924,0.02,0.02,0.02,0.02,728.0,407.0,-437.0,6363.0,1325,-1639,49.2,59.9,1077.0,0,0,0,809,d5e,d5a,d5a,d5a,1,0,0,1,0,0,0,0,0,0,0,1,0,0,1,1,1,1,0,1,0,1,0,1,1,0,0,0,1,0,1,1,0,1,0,1,0,1,1,0,0,0,1,0,1,1,0,1,0,1,0,1,1,0,0,0,1,0,1,1,0,1,0,1,0,1,1,0,0
2024,11,5,17:41:11.966,7.96,245,120.5,0.8139,5588.0,4204.6,7.925,0.02,0.02,0.02,0.02,728.0,407.0,-437.0,6377.0,1334,-1647,48.6,59.4,1074.0,0,0,0,809,d5e,d5a,d5a,d5a,1,0,0,1,0,0,0,0,0,0,0,1,0,0,1,1,1,1,0,1,0,1,0,1,1,0,0,0,1,0,1,1,0,1,0,1,0,1,1,0,0,0,1,0,1,1,0,1,0,1,0,1,1,0,0,0,1,0,1,1,0,1,0,1,0,1,1,0,0
2024,11,5,17:41:11.986,7.98,15,120.5,0.8139,5588.0,4204.6,7.925,0.02,0.02,0.02,0.02,727.0,406.0,-437.0,6392.0,1342,-1656,47.9,58.8,1070.0,0,0,0,809,d5e,d5a,d5a,d5a,1,0,0,1,0,0,0,0,0,0,0,1,0,0,1,1,1,1,0,1,0,1,0,1,1,0,0,0,1,0,1,1,0,1,0,1,0,1,1,0,0,0,1,0,1,1,0,1,0,1,0,1,1,0,0,0,1,0,1,1,0,1,0,1,0,1,1,0,0
2024,11,5,17:41:12.006,8.00,35,120.5,0.8139,5586.7,4203.3,7.924,0.02,0.02,0.02,0.02,727.0,406.0,-437.0,6407.0,1350,-1665,47.2,58.1,1067.0,0,0,0,809,d5e,d5a,d5a,d5a,1,0,0,1,0,0,0,0,0,0,0,1,0,0,1,1,1,1,0,1,0,1,0,1,1,0,0,0,1,0,1,1,0,1,0,1,0,1,1,0,0,0,1,0,1,1,0,1,0,1,0,1,1,0,0,0,1,0,1,1,0,1,0,1,0,1,1,0,0
2024,11,5,17:41:12.026,8.02,55,120.5,0.8139,5586.7,4203.3,7.926,0.02,0.02,0.02,0.02,727.0,406.0,-437.0,6421.0,1358,-1674,46.4,57.5,1064.0,0,0,0,809,d5e,d5a,d5a,d5a,1,0,0,1,0,0,0,0,0,0,0,1,0,0,1,1,1,1,0,1,0,1,0,1,1,0,0,0,1,0,1,1,0,1,0,1,0,1,1,0,0,0,1,0,1,1,0,1,0,1,0,1,1,0,0,0,1,0,1,1,0,1,0,1,0,1,1,0,0
2024,11,5,17:41:12.046,8.04,75,120.5,0.8140,5585.4,4202.0,7.924,0.02,0.02,0.02,0.02,726.0,406.0,-437.0,6436.0,1366,-1682,45.7,56.8,1062.0,0,0,0,809,d5e,d5a,d5a,d5a,1,0,0,1,0,0,0,0,0,0,0,1,0,0,1,1,1,1,0,1,0,1,0,1,1,0,0,0,1,0,1,1,0,1,0,1,0,1,1,0,0,0,1,0,1,1,0,1,0,1,0,1,1,0,0,0,1,0,1,1,0,1,0,1,0,1,1,0,0
2024,11,5,17:41:12.066,8.06,95,120.5,0.8140,5584.7,4201.3,7.925,0.02,0.02,0.02,0.02,726.0,406.0,-437.0,6450.0,1374,-1691,44.9,56.1,1059.0,0,0,0,809,d5e,d5a,d5a,d5a,1,0,0,1,0,0,0,0,0,0,0,1,0,0,1,1,1,1,0,1,0,1,0,1,1,0,0,0,1,0,1,1,0,1,0,1,0,1,1,0,0,0,1,0,1,1,0,1,0,1,0,1,1,0,0,0,1,0,1,1,0,1,0,1,0,1,1,0,0
2024,11,5,17:41:12.086,8.08,115,120.5,0.8141,5581.4,4198.0,7.924,0.02,0.02,0.02,0.02,726.0,406.0,-437.0,6465.0,1382,-1700,44.1,55.4,1057.0,0,0,0,809,d5e,d5a,d5a,d5a,1,0,0,1,0,0,0,0,0,0,0,1,0,0,1,1,1,1,0,1,0,1,0,1,1,0,0,0,1,0,1,1,0,1,0,1,0,1,1,0,0,0,1,0,1,1,0,1,0,1,0,1,1,0,0,0,1,0,1,1,0,1,0,1,0,1,1,0,0
2024,11,5,17:41:12.106,8.10,135,120.6,0.8141,5581.4,4198.0,7.925,0.02,0.02,0.02,0.02,725.0,406.0,-437.0,6479.0,1390,-1709,43.4,54.7,1054.0,0,0,0,809,d5e,d5a,d5a,d5a,1,0,0,1,0,0,0,0,0,0,0,1,0,0,1,1,1,1,0,1,0,1,0,1,1,0,0,0,1,0,1,1,0,1,0,1,0,1,1,0,0,0,1,0,1,1,0,1,0,1,0,1,1,0,0,0,1,0,1,1,0,1,0,1,0,1,1,0,0
2024,11,5,17:41:12.126,8.12,155,120.6,0.8140,5586.0,4202.6,7.924,0.02,0.02,0.02,0.02,725.0,405.0,-437.0,6494.0,1399,-1717,42.6,54.0,1052.0,0,0,0,809,d5e,d5a,d5a,d5a,1,0,0,1,0,0,0,0,0,0,0,1,0,0,1,1,1,1,0,1,0,1,0,1,1,0,0,0,1,0,1,1,0,1,0,1,0,1,1,0,0,0,1,0,1,1,0,1,0,1,0,1,1,0,0,0,1,0,1,1,0,1,0,1,0,1,1,0,0
2024,11,5,17:41:12.146,8.14,175,120.6,0.8140,5586.0,4202.6,7.925,0.02,0.02,0.02,0.02,724.0,405.0,-437.0,6508.0,1407,-1726,41.9,53.3,1051.0,0,0,0,809,d5e,d5a,d5a,d5a,1,0,0,1,0,0,0,0,0,0,0,1,0,0,1,1,1,1,0,1,0,1,0,1,1,0,0,0,1,0,1,1,0,1,0,1,0,1,1,0,0,0,1,0,1,1,0,1,0,1,0,1,1,0,0,0,1,0,1,1,0,1,0,1,0,1,1,0,0
2024,11,5,17:41:12.166,8.16,195,120.6,0.8140,5586.0,4202.6,7.925,0.02,0.02,0.02,0.02,724.0,405.0,-437.0,6523.0,1415,-1735,41.3,52.7,1049.0,0,0,0,809,d5e,d5a,d5a,d5a,1,0,0,1,0,0,0,0,0,0,0,1,0,0,1,1,1,1,0,1,0,1,0,1,1,0,0,0,1,0,1,1,0,1,0,1,0,1,1,0,0,0,1,0,1,1,0,1,0,1,0,1,1,0,0,0,1,0,1,1,0,1,0,1,0,1,1,0,0
2024,11,5,17:41:12.186,8.18,215,120.6,0.8140,5586.0,4202.6,7.925,0.02,0.02,0.02,0.02,723.0,405.0,-437.0,6537.0,1423,-1744,40.7,52.1,1048.0,0,0,0,809,d5e,d5a,d5a,d5a,1,0,0,1,0,0,0,0,0,0,0,1,0,0,1,1,1,1,0,1,0,1,0,1,1,0,0,0,1,0,1,1,0,1,0,1,0,1,1,0,0,0,1,0,1,1,0,1,0,1,0,1,1,0,0,0,1,0,1,1,0,1,0,1,0,1,1,0,0
2024,11,5,17:41:12.206,8.20,235,120.6,0.8141,5580.8,4197.4,7.924,0.02,0.02,0.02,0.02,723.0,405.0,-437.0,6552.0,1431,-1752,40.2,51.7,1047.0,0,0,0,809,d5e,d5a,d5a,d5a,1,0,0,1,0,0,0,0,0,0,0,1,0,0,1,1,1,1,0,1,0,1,0,1,1,0,0,0,1,0,1,1,0,1,0,1,0,1,1,0,0,0,1,0,1,1,0,1,0,1,0,1,1,0,0,0,1,0,1,1,0,1,0,1,0,1,1,0,0
2024,11,5,17:41:12.226,8.22,5,120.6,0.8141,5581.4,4198.0,7.924,0.02,0.02,0.02,0.02,722.0,405.0,-437.0,6566.0,1439,-1761,39.8,51.3,1046.0,0,0,0,809,d5e,d5a,d5a,d5a,1,0,0,1,0,0,0,0,0,0,0,1,0,0,1,1,1,1,0,1,0,1,0,1,1,0,0,0,1,0,1,1,0,1,0,1,0,1,1,0,0,0,1,0,1,1,0,1,0,1,0,1,1,0,0,0,1,0,1,1,0,1,0,1,0,1,1,0,0
2024,11,5,17:41:12.246,8.24,25,120.6,0.8141,5582.7,4199.4,7.925,0.02,0.02,0.02,0.02,722.0,405.0,-437.0,6581.0,1447,-1770,39.5,51.0,1045.0,0,0,0,809,d5e,d5a,d5a,d5a,1,0,0,1,0,0,0,0,0,0,0,1,0,0,1,1,1,1,0,1,0,1,0,1,1,0,0,0,1,0,1,1,0,1,0,1,0,1,1,0,0,0,1,0,1,1,0,1,0,1,0,1,1,0,0,0,1,0,1,1,0,1,0,1,0,1,1,0,0
2024,11,5,17:41:12.266,8.26,45,120.6,0.8141,5582.7,4199.4,7.926,0.02,0.02,0.02,0.02,721.0,405.0,-437.0,6595.0,1455,-1779,39.3,50.8,1045.0,0,0,0,809,d5e,d5a,d5a,d5a,1,0,0,1,0,0,0,0,0,0,0,1,0,0,1,1,1,1,0,1,0,1,0,1,1,0,0,0,1,0,1,1,0,1,0,1,0,1,1,0,0,0,1,0,1,1,0,1,0,1,0,1,1,0,0,0,1,0,1,1,0,1,0,1,0,1,1,0,0
2024,11,5,17:41:12.286,8.28,65,120.6,0.8141,5582.7,4199.4,7.924,0.02,0.02,0.02,0.02,721.0,405.0,-437.0,6609.0,1463,-1787,39.2,50.7,1045.0,0,0,0,809,d5e,d5a,d5a,d5a,1,0,0,1,0,0,0,0,0,0,0,1,0,0,1,1,1,1,0,1,0,1,0,1,1,0,0,0,1,0,1,1,0,1,0,1,0,1,1,0,0,0,1,0,1,1,0,1,0,1,0,1,1,0,0,0,1,0,1,1,0,1,0,1,0,1,1,0,0
2024,11,5,17:41:12.306,8.30,85,120.6,0.8141,5582.7,4199.4,7.926,0.02,0.02,0.02,0.02,720.0,405.0,-437.0,6624.0,1472,-1796,39.1,50.6,1045.0,0,0,0,809,d5e,d5a,d5a,d5a,1,0,0,1,0,0,0,0,0,0,0,1,0,0,1,1,1,1,0,1,0,1,0,1,1,0,0,0,1,0,1,1,0,1,0,1,0,1,1,0,0,0,1,0,1,1,0,1,0,1,0,1,1,0,0,0,1,0,1,1,0,1,0,1,0,1,1,0,0
2024,11,5,17:41:12.326,8.32,105,120.6,0.8138,5591.2,4207.9,7.924,0.02,0.02,0.02,0.02,720.0,405.0,-437.0,6638.0,1480,-1805,39.2,50.7,1045.0,0,0,0,809,d5e,d5a,d5a,d5a,1,0,0,1,0,0,0,0,0,0,0,1,0,0,1,1,1,1,0,1,0,1,0,1,1,0,0,0,1,0,1,1,0,1,0,1,0,1,1,0,0,0,1,0,1,1,0,1,0,1,0,1,1,0,0,0,1,0,1,1,0,1,0,1,0,1,1,0,0
2024,11,5,17:41:12.346,8.34,125,120.6,0.8138,5591.2,4207.9,7.924,0.02,0.02,0.02,0.02,719.0,405.0,-436.0,6653.0,1488,-1814,39.4,50.9,1045.0,0,0,0,809,d5e,d5a,d5a,d5a,1,0,0,1,0,0,0,0,0,0,0,1,0,0,1,1,1,1,0,1,0,1,0,1,1,0,0,0,1,0,1,1,0,1,0,1,0,1,1,0,0,0,1,0,1,1,0,1,0,1,0,1,1,0,0,0,1,0,1,1,0,1,0,1,0,1,1,0,0
2024,11,5,17:41:12.366,8.36,145,120.6,0.8140,5586.0,4202.6,7.924,0.02,0.02,0.02,0.02,719.0,405.0,-436.0,6667.0,1496,-1822,39.6,51.1,1046.0,0,0,0,809,d5e,d5a,d5a,d5a,1,0,0,1,0,0,0,0,0,0,0,1,0,0,1,1,1,1,0,1,0,1,0,1,1,0,0,0,1,0,1,1,0,1,0,1,0,1,1,0,0,0,1,0,1,1,0,1,0,1,0,1,1,0,0,0,1,0,1,1,0,1,0,1,0,1,1,0,0
2024,11,5,17:41:12.386,8.38,165,120.6,0.8140,5586.0,4202.6,7.924,0.02,0.02,0.02,0.02,718.0,405.0,-436.0,6681.0,1504,-1831,39.9,51.5,1046.0,0,0,0,809,d5e,d5a,d5a,d5a,1,0,0,1,0,0,0,0,0,0,0,1,0,0,1,1,1,1,0,1,0,1,0,1,1,0,0,0,1,0,1,1,0,1,0,1,0,1,1,0,0,0,1,0,1,1,0,1,0,1,0,1,1,0,0,0,1,0,1,1,0,1,0,1,0,1,1,0,0
2024,11,5,17:41:12.406,8.40,185,120.6,0.8140,5584.7,4201.3,7.926,0.02,0.02,0.02,0.02,718.0,405.0,-436.0,6696.0,1512,-1840,40.3,51.9,1047.0,0,0,0,809,d5e,d5a,d5a,d5a,1,0,0,1,0,0,0,0,0,0,0,1,0,0,1,1,1,1,0,1,0,1,0,1,1,0,0,0,1,0,1,1,0,1,0,1,0,1,1,0,0,0,1,0,1,1,0,1,0,1,0,1,1,0,0,0,1,0,1,1,0,1,0,1,0,1,1,0,0
2024,11,5,17:41:12.426,8.42,205,120.6,0.8140,5584.7,4201.3,7.924,0.02,0.02,0.02,0.02,717.0,405.0,-436.0,6710.0,1520,-1849,40.8,52.3,1048.0,0,0,0,809,d5e,d5a,d5a,d5a,1,0,0,1,0,0,0,0,0,0,0,1,0,0,1,1,1,1,0,1,0,1,0,1,1,0,0,0,1,0,1,1,0,1,0,1,0,1,1,0,0,0,1,0,1,1,0,1,0,1,0,1,1,0,0,0,1,0,1,1,0,1,0,1,0,1,1,0,0
2024,11,5,17:41:12.446,8.44,225,120.6,0.8139,5588.0,4204.6,7.925,0.02,0.02,0.02,0.02,716.0,405.0,-436.0,6725.0,1528,-1857,41.3,52.8,1049.0,0,0,0,809,d5e,d5a,d5a,d5a,1,0,0,1,0,0,0,0,0,0,0,1,0,0,1,1,1,1,0,1,0,1,0,1,1,0,0,0,1,0,1,1,0,1,0,1,0,1,1,0,0,0,1,0,1,1,0,1,0,1,0,1,1,0,0,0,1,0,1,1,0,1,0,1,0,1,1,0,0
2024,11,5,17:41:12.466,8.46,245,120.6,0.8139,5588.0,4204.6,7.926,0.02,0.02,0.02,0.02,716.0,405.0,-436.0,6739.0,1536,-1866,41.9,53.4,1050.0,0,0,0,809,d5e,d5a,d5a,d5a,1,0,0,1,0,0,0,0,0,0,0,1,0,0,1,1,1,1,0,1,0,1,0,1,1,0,0,0,1,0,1,1,0,1,0,1,0,1,1,0,0,0,1,0,1,1,0,1,0,1,0,1,1,0,0,0,1,0,1,1,0,1,0,1,0,1,1,0,0
2024,11,5,17:41:12.486,8.48,15,120.6,0.8138,5591.2,4207.9,7.925,0.02,0.02,0.02,0.02,715.0,405.0,-436.0,6753.0,1545,-1875,42.5,54.0,1051.0,0,0,0,809,d5e,d5a,d5a,d5a,1,0,0,1,0,0,0,0,0,0,0,1,0,0,1,1,1,1,0,1,0,1,0,1,1,0,0,0,1,0,1,1,0,1,0,1,0,1,1,0,0,0,1,0,1,1,0,1,0,1,0,1,1,0,0,0,1,0,1,1,0,1,0,1,0,1,1,0,0
2024,11,5,17:41:12.506,8.50,35,120.6,0.8138,5591.2,4207.9,7.925,0.02,0.02,0.02,0.02,715.0,405.0,-436.0,6768.0,1553,-1883,43.2,54.7,1052.0,0,0,0,809,d5e,d5a,d5a,d5a,1,0,0,1,0,0,0,0,0,0,0,1,0,0,1,1,1,1,0,1,0,1,0,1,1,0,0,0,1,0,1,1,0,1,0,1,0,1,1,0,0,0,1,0,1,1,0,1,0,1,0,1,1,0,0,0,1,0,1,1,0,1,0,1,0,1,1,0,0
2024,11,5,17:41:12.526,8.52,55,120.6,0.8138,5591.2,4207.9,7.925,0.02,0.02,0.02,0.02,714.0,405.0,-436.0,6782.0,1561,-1892,43.9,55.4,1054.0,0,0,0,809,d5e,d5a,d5a,d5a,1,0,0,1,0,0,0,0,0,0,0,1,0,0,1,1,1,1,0,1,0,1,0,1,1,0,0,0,1,0,1,1,0,1,0,1,0,1,1,0,0,0,1,0,1,1,0,1,0,1,0,1,1,0,0,0,1,0,1,1,0,1,0,1,0,1,1,0,0
2024,11,5,17:41:12.546,8.54,75,120.6,0.8138,5591.2,4207.9,7.924,0.02,0.02,0.02,0.02,714.0,405.0,-436.0,6796.0,1569,-1901,44.7,56.2,1055.0,0,0,0,809,d5e,d5a,d5a,d5a,1,0,0,1,0,0,0,0,0,0,0,1,0,0,1,1,1,1,0,1,0,1,0,1,1,0,0,0,1,0,1,1,0,1,0,1,0,1,1,0,0,0,1,0,1,1,0,1,0,1,0,1,1,0,0,0,1,0,1,1,0,1,0,1,0,1,1,0,0
2024,11,5,17:41:12.566,8.56,95,120.6,0.8137,5594.5,4211.1,7.925,0.02,0.02,0.02,0.02,713.0,404.0,-436.0,6810.0,1577,-1910,45.6,56.9,1056.0,0,0,0,809,d5e,d5a,d5a,d5a,1,0,0,1,0,0,0,0,0,0,0,1,0,0,1,1,1,1,0,1,0,1,0,1,1,0,0,0,1,0,1,1,0,1,0,1,0,1,1,0,0,0,1,0,1,1,0,1,0,1,0,1,1,0,0,0,1,0,1,1,0,1,0,1,0,1,1,0,0
2024,11,5,17:41:12.586,8.58,115,120.6,0.8137,5594.5,4211.1,7.924,0.02,0.02,0.02,0.02,712.0,404.0,-436.0,6825.0,1585,-1918,46.5,57.8,1058.0,0,0,0,809,d5e,d5a,d5a,d5a,1,0,0,1,0,0,0,0,0,0,0,1,0,0,1,1,1,1,0,1,0,1,0,1,1,0,0,0,1,0,1,1,0,1,0,1,0,1,1,0,0,0,1,0,1,1,0,1,0,1,0,1,1,0,0,0,1,0,1,1,0,1,0,1,0,1,1,0,0
2024,11,5,17:41:12.606,8.60,135,120.6,0.8136,5596.5,4213.1,7.924,0.02,0.02,0.02,0.02,712.0,404.0,-436.0,6839.0,1593,-1927,47.4,58.6,1059.0,0,0,0,809,d5e,d5a,d5a,d5a,1,0,0,1,0,0,0,0,0,0,0,1,0,0,1,1,1,1,0,1,0,1,0,1,1,0,0,0,1,0,1,1,0,1,0,1,0,1,1,0,0,0,1,0,1,1,0,1,0,1,0,1,1,0,0,0,1,0,1,1,0,1,0,1,0,1,1,0,0
2024,11,5,17:41:12.626,8.62,155,120.6,0.8136,5596.5,4213.1,7.925,0.02,0.02,0.02,0.02,711.0,404.0,-436.0,6853.0,1601,-1936,48.4,59.5,1061.0,0,0,0,809,d5e,d5a,d5a,d5a,1,0,0,1,0,0,0,0,0,0,0,1,0,0,1,1,1,1,0,1,0,1,0,1,1,0,0,0,1,0,1,1,0,1,0,1,0,1,1,0,0,0,1,0,1,1,0,1,0,1,0,1,1,0,0,0,1,0,1,1,0,1,0,1,0,1,1,0,0
2024,11,5,17:41:12.646,8.64,175,120.6,0.8137,5593.2,4209.8,7.926,0.02,0.02,0.02,0.02,711.0,404.0,-436.0,6867.0,1609,-1945,49.5,60.5,1062.0,0,0,0,809,d5e,d5a,d5a,d5a,1,0,0,1,0,0,0,0,0,0,0,1,0,0,1,1,1,1,0,1,0,1,0,1,1,0,0,0,1,0,1,1,0,1,0,1,0,1,1,0,0,0,1,0,1,1,0,1,0,1,0,1,1,0,0,0,1,0,1,1,0,1,0,1,0,1,1,0,0
2024,11,5,17:41:12.666,8.66,195,120.6,0.8137,5593.2,4209.8,7.925,0.02,0.02,0.02,0.02,710.0,404.0,-436.0,6882.0,1617,-1953,50.6,61.4,1064.0,0,0,0,809,d5e,d5a,d5a,d5a,1,0,0,1,0,0,0,0,0,0,0,1,0,0,1,1,1,1,0,1,0,1,0,1,1,0,0,0,1,0,1,1,0,1,0,1,0,1,1,0,0,0,1,0,1,1,0,1,0,1,0,1,1,0,0,0,1,0,1,1,0,1,0,1,0,1,1,0,0
2024,11,5,17:41:12.686,8.68,215,120.6,0.8136,5596.5,4213.1,7.925,0.02,0.02,0.02,0.02,709.0,404.0,-436.0,6896.0,1626,-1962,51.8,62.4,1065.0,0,0,0,809,d5e,d5a,d5a,d5a,1,0,0,1,0,0,0,0,0,0,0,1,0,0,1,1,1,1,0,1,0,1,0,1,1,0,0,0,1,0,1,1,0,1,0,1,0,1,1,0,0,0,1,0,1,1,0,1,0,1,0,1,1,0,0,0,1,0,1,1,0,1,0,1,0,1,1,0,0
2024,11,5,17:41:12.706,8.70,235,120.6,0.8136,5596.5,4213.1,7.925,0.02,0.02,0.02,0.02,709.0,404.0,-436.0,6910.0,1634,-1971,53.0,63.4,1067.0,0,0,0,809,d5e,d5a,d5a,d5a,1,0,0,1,0,0,0,0,0,0,0,1,0,0,1,1,1,1,0,1,0,1,0,1,1,0,0,0,1,0,1,1,0,1,0,1,0,1,1,0,0,0,1,0,1,1,0,1,0,1,0,1,1,0,0,0,1,0,1,1,0,1,0,1,0,1,1,0,0
2024,11,5,17:41:12.726,8.72,5,120.6,0.8135,5601.7,4218.3,7.925,0.02,0.02,0.02,0.02,708.0,404.0,-436.0,6924.0,1642,-1979,54.2,64.5,1069.0,0,0,0,809,d5e,d5a,d5a,d5a,1,0,0,1,0,0,0,0,0,0,0,1,0,0,1,1,1,1,0,1,0,1,0,1,1,0,0,0,1,0,1,1,0,1,0,1,0,1,1,0,0,0,1,0,1,1,0,1,0,1,0,1,1,0,0,0,1,0,1,1,0,1,0,1,0,1,1,0,0
2024,11,5,17:41:12.746,8.74,25,120.5,0.8135,5601.7,4218.3,7.925,0.02,0.02,0.02,0.02,708.0,404.0,-436.0,6938.0,1650,-1988,55.4,65.5,1070.0,0,0,0,809,d5e,d5a,d5a,d5a,1,0,0,1,0,0,0,0,0,0,0,1,0,0,1,1,1,1,0,1,0,1,0,1,1,0,0,0,1,0,1,1,0,1,0,1,0,1,1,0,0,0,1,0,1,1,0,1,0,1,0,1,1,0,0,0,1,0,1,1,0,1,0,1,0,1,1,0,0
2024,11,5,17:41:12.766,8.76,45,120.5,0.8135,5600.4,4217.0,7.925,0.02,0.02,0.02,0.02,707.0,404.0,-436.0,6952.0,1658,-1997,56.7,66.5,1072.0,0,0,0,809,d5e,d5a,d5a,d5a,1,0,0,1,0,0,0,0,0,0,0,1,0,0,1,1,1,1,0,1,0,1,0,1,1,0,0,0,1,0,1,1,0,1,0,1,0,1,1,0,0,0,1,0,1,1,0,1,0,1,0,1,1,0,0,0,1,0,1,1,0,1,0,1,0,1,1,0,0
2024,11,5,17:41:12.786,8.78,65,120.6,0.8135,5599.7,4216.4,7.925,0.02,0.02,0.02,0.02,706.0,404.0,-436.0,6967.0,1666,-2006,58.0,67.6,1074.0,0,0,0,809,d5e,d5a,d5a,d5a,1,0,0,1,0,0,0,0,0,0,0,1,0,0,1,1,1,1,0,1,0,1,0,1,1,0,0,0,1,0,1,1,0,1,0,1,0,1,1,0,0,0,1,0,1,1,0,1,0,1,0,1,1,0,0,0,1,0,1,1,0,1,0,1,0,1,1,0,0
2024,11,5,17:41:12.806,8.80,85,120.6,0.8137,5594.5,4211.1,7.925,0.02,0.02,0.02,0.02,706.0,404.0,-436.0,6981.0,1674,-2014,59.3,68.6,1075.0,0,0,0,809,d5e,d5a,d5a,d5a,1,0,0,1,0,0,0,0,0,0,0,1,0,0,1,1,1,1,0,1,0,1,0,1,1,0,0,0,1,0,1,1,0,1,0,1,0,1,1,0,0,0,1,0,1,1,0,1,0,1,0,1,1,0,0,0,1,0,1,1,0,1,0,1,0,1,1,0,0
2024,11,5,17:41:12.826,8.82,105,120.6,0.8137,5594.5,4211.1,7.926,0.02,0.02,0.02,0.02,705.0,404.0,-436.0,6995.0,1682,-2023,60.7,69.7,1077.0,0,0,0,809,d5e,d5a,d5a,d5a,1,0,0,1,0,0,0,0,0,0,0,1,0,0,1,1,1,1,0,1,0,1,0,1,1,0,0,0,1,0,1,1,0,1,0,1,0,1,1,0,0,0,1,0,1,1,0,1,0,1,0,1,1,0,0,0,1,0,1,1,0,1,0,1,0,1,1,0,0
2024,11,5,17:41:12.846,8.84,125,120.6,0.8135,5599.7,4216.4,7.926,0.02,0.02,0.02,0.02,705.0,404.0,-436.0,7009.0,1690,-2032,62.1,70.7,1079.0,0,0,0,809,d5e,d5a,d5a,d5a,1,0,0,1,0,0,0,0,0,0,0,1,0,0,1,1,1,1,0,1,0,1,0,1,1,0,0,0,1,0,1,1,0,1,0,1,0,1,1,0,0,0,1,0,1,1,0,1,0,1,0,1,1,0,0,0,1,0,1,1,0,1,0,1,0,1,1,0,0
2024,11,5,17:41:12.866,8.86,145,120.6,0.8135,5599.7,4216.4,7.925,0.02,0.02,0.02,0.02,704.0,404.0,-436.0,7023.0,1698,-2041,63.5,71.8,1081.0,0,0,0,809,d5e,d5a,d5a,d5a,1,0,0,1,0,0,0,0,0,0,0,1,0,0,1,1,1,1,0,1,0,1,0,1,1,0,0,0,1,0,1,1,0,1,0,1,0,1,1,0,0,0,1,0,1,1,0,1,0,1,0,1,1,0,0,0,1,0,1,1,0,1,0,1,0,1,1,0,0
2024,11,5,17:41:12.886,8.88,165,120.6,0.8137,5594.5,4211.1,7.926,0.02,0.02,0.02,0.02,703.0,404.0,-436.0,7037.0,1706,-2049,65.0,72.9,1083.0,0,0,0,809,d5e,d5a,d5a,d5a,1,0,0,1,0,0,0,0,0,0,0,1,0,0,1,1,1,1,0,1,0,1,0,1,1,0,0,0,1,0,1,1,0,1,0,1,0,1,1,0,0,0,1,0,1,1,0,1,0,1,0,1,1,0,0,0,1,0,1,1,0,1,0,1,0,1,1,0,0
2024,11,5,17:41:12.906,8.90,185,120.6,0.8137,5594.5,4211.1,7.925,0.02,0.02,0.02,0.02,703.0,404.0,-436.0,7051.0,1715,-2058,66.4,73.9,1085.0,0,0,0,809,d5e,d5a,d5a,d5a,1,0,0,1,0,0,0,0,0,0,0,1,0,0,1,1,1,1,0,1,0,1,0,1,1,0,0,0,1,0,1,1,0,1,0,1,0,1,1,0,0,0,1,0,1,1,0,1,0,1,0,1,1,0,0,0,1,0,1,1,0,1,0,1,0,1,1,0,0
2024,11,5,17:41:12.926,8.92,205,120.6,0.8135,5599.7,4216.4,7.925,0.02,0.02,0.02,0.02,702.0,404.0,-436.0,7065.0,1723,-2067,67.8,75.0,1086.0,0,0,0,809,d5e,d5a,d5a,d5a,1,0,0,1,0,0,0,0,0,0,0,1,0,0,1,1,1,1,0,1,0,1,0,1,1,0,0,0,1,0,1,1,0,1,0,1,0,1,1,0,0,0,1,0,1,1,0,1,0,1,0,1,1,0,0,0,1,0,1,1,0,1,0,1,0,1,1,0,0
2024,11,5,17:41:12.946,8.94,225,120.6,0.8135,5599.7,4216.4,7.925,0.02,0.02,0.02,0.02,702.0,404.0,-436.0,7079.0,1731,-2076,69.3,76.0,1088.0,0,0,0,809,d5e,d5a,d5a,d5a,1,0,0,1,0,0,0,0,0,0,0,1,0,0,1,1,1,1,0,1,0,1,0,1,1,0,0,0,1,0,1,1,0,1,0,1,0,1,1,0,0,0,1,0,1,1,0,1,0,1,0,1,1,0,0,0,1,0,1,1,0,1,0,1,0,1,1,0,0
2024,11,5,17:41:12.966,8.96,245,120.6,0.8136,5596.5,4213.1,7.925,0.02,0.02,0.02,0.02,701.0,404.0,-436.0,7093.0,1739,-2084,70.8,77.0,1090.0,0,0,0,809,d5e,d5a,d5a,d5a,1,0,0,1,0,0,0,0,0,0,0,1,0,0,1,1,1,1,0,1,0,1,0,1,1,0,0,0,1,0,1,1,0,1,0,1,0,1,1,0,0,0,1,0,1,1,0,1,0,1,0,1,1,0,0,0,1,0,1,1,0,1,0,1,0,1,1,0,0
2024,11,5,17:41:12.986,8.98,15,120.6,0.8136,5596.5,4213.1,7.925,0.02,0.02,0.02,0.02,700.0,404.0,-436.0,7107.0,1747,-2093,72.2,78.1,1092.0,0,0,0,809,d5e,d5a,d5a,d5a,1,0,0,1,0,0,0,0,0,0,0,1,0,0,1,1,1,1,0,1,0,1,0,1,1,0,0,0,1,0,1,1,0,1,0,1,0,1,1,0,0,0,1,0,1,1,0,1,0,1,0,1,1,0,0,0,1,0,1,1,0,1,0,1,0,1,1,0,0
2024,11,5,17:41:13.006,9.00,35,120.6,0.8134,5603.0,4219.6,7.925,0.02,0.02,0.02,0.02,700.0,404.0,-436.0,7121.0,1755,-2102,73.7,79.1,1094.0,0,0,0,809,d5e,d5a,d5a,d5a,1,0,0,1,0,0,0,0,0,0,0,1,0,0,1,1,1,1,0,1,0,1,0,1,1,0,0,0,1,0,1,1,0,1,0,1,0,1,1,0,0,0,1,0,1,1,0,1,0,1,0,1,1,0,0,0,1,0,1,1,0,1,0,1,0,1,1,0,0
2024,11,5,17:41:13.026,9.02,55,120.6,0.8134,5603.0,4219.6,7.924,0.02,0.02,0.02,0.02,699.0,404.0,-436.0,7135.0,1763,-2110,75.2,80.2,1097.0,0,0,0,809,d5e,d5a,d5a,d5a,1,0,0,1,0,0,0,0,0,0,0,1,0,0,1,1,1,1,0,1,0,1,0,1,1,0,0,0,1,0,1,1,0,1,0,1,0,1,1,0,0,0,1,0,1,1,0,1,0,1,0,1,1,0,0,0,1,0,1,1,0,1,0,1,0,1,1,0,0
2024,11,5,17:41:13.046,9.04,75,120.6,0.8136,5598.4,4215.0,7.926,0.02,0.02,0.02,0.02,698.0,404.0,-436.0,7149.0,1771,-2119,76.8,81.2,1099.0,0,0,0,809,d5e,d5a,d5a,d5a,1,0,0,1,0,0,0,0,0,0,0,1,0,0,1,1,1,1,0,1,0,1,0,1,1,0,0,0,1,0,1,1,0,1,0,1,0,1,1,0,0,0,1,0,1,1,0,1,0,1,0,1,1,0,0,0,1,0,1,1,0,1,0,1,0,1,1,0,0
2024,11,5,17:41:13.066,9.06,95,120.5,0.8136,5598.4,4215.0,7.926,0.02,0.02,0.02,0.02,698.0,404.0,-436.0,7163.0,1779,-2128,78.3,82.2,1101.0,0,0,0,809,d5e,d5a,d5a,d5a,1,0,0,1,0,0,0,0,0,0,0,1,0,0,1,1,1,1,0,1,0,1,0,1,1,0,0,0,1,0,1,1,0,1,0,1,0,1,1,0,0,0,1,0,1,1,0,1,0,1,0,1,1,0,0,0,1,0,1,1,0,1,0,1,0,1,1,0,0
2024,11,5,17:41:13.086,9.08,115,120.5,0.8135,5600.4,4217.0,7.925,0.02,0.02,0.02,0.02,697.0,403.0,-436.0,7177.0,1787,-2137,79.8,83.2,1103.0,0,0,0,809,d5e,d5a,d5a,d5a,1,0,0,1,0,0,0,0,0,0,0,1,0,0,1,1,1,1,0,1,0,1,0,1,1,0,0,0,1,0,1,1,0,1,0,1,0,1,1,0,0,0,1,0,1,1,0,1,0,1,0,1,1,0,0,0,1,0,1,1,0,1,0,1,0,1,1,0,0
2024,11,5,17:41:13.106,9.10,135,120.5,0.8135,5600.4,4217.0,7.924,0.02,0.02,0.02,0.02,697.0,403.0,-436.0,7191.0,1795,-2145,81.3,84.2,1105.0,0,0,0,809,d5e,d5a,d5a,d5a,1,0,0,1,0,0,0,0,0,0,0,1,0,0,1,1,1,1,0,1,0,1,0,1,1,0,0,0,1,0,1,1,0,1,0,1,0,1,1,0,0,0,1,0,1,1,0,1,0,1,0,1,1,0,0,0,1,0,1,1,0,1,0,1,0,1,1,0,0
2024,11,5,17:41:13.126,9.12,155,120.5,0.8134,5603.7,4220.3,7.924,0.02,0.02,0.02,0.02,696.0,403.0,-436.0,7205.0,1803,-2154,82.8,85.2,1107.0,0,0,0,809,d5e,d5a,d5a,d5a,1,0,0,1,0,0,0,0,0,0,0,1,0,0,1,1,1,1,0,1,0,1,0,1,1,0,0,0,1,0,1,1,0,1,0,1,0,1,1,0,0,0,1,0,1,1,0,1,0,1,0,1,1,0,0,0,1,0,1,1,0,1,0,1,0,1,1,0,0
2024,11,5,17:41:13.146,9.14,175,120.5,0.8134,5603.7,4220.3,7.927,0.02,0.02,0.02,0.02,695.0,403.0,-436.0,7219.0,1812,-2163,84.3,86.2,1109.0,0,0,0,809,d5e,d5a,d5a,d5a,1,0,0,1,0,0,0,0,0,0,0,1,0,0,1,1,1,1,0,1,0,1,0,1,1,0,0,0,1,0,1,1,0,1,0,1,0,1,1,0,0,0,1,0,1,1,0,1,0,1,0,1,1,0,0,0,1,0,1,1,0,1,0,1,0,1,1,0,0
2024,11,5,17:41:13.166,9.16,195,120.5,0.8134,5603.7,4220.3,7.925,0.02,0.02,0.02,0.02,695.0,403.0,-436.0,7233.0,1820,-2172,85.8,87.2,1112.0,0,0,0,809,d5e,d5a,d5a,d5a,1,0,0,1,0,0,0,0,0,0,0,1,0,0,1,1,1,1,0,1,0,1,0,1,1,0,0,0,1,0,1,1,0,1,0,1,0,1,1,0,0,0,1,0,1,1,0,1,0,1,0,1,1,0,0,0,1,0,1,1,0,1,0,1,0,1,1,0,0
2024,11,5,17:41:13.186,9.18,215,120.6,0.8134,5603.0,4219.6,7.924,0.02,0.02,0.02,0.02,694.0,403.0,-436.0,7247.0,1828,-2180,87.3,88.2,1114.0,0,0,0,809,d5e,d5a,d5a,d5a,1,0,0,1,0,0,0,0,0,0,0,1,0,0,1,1,1,1,0,1,0,1,0,1,1,0,0,0,1,0,1,1,0,1,0,1,0,1,1,0,0,0,1,0,1,1,0,1,0,1,0,1,1,0,0,0,1,0,1,1,0,1,0,1,0,1,1,0,0
2024,11,5,17:41:13.206,9.20,235,120.6,0.8134,5603.0,4219.6,7.925,0.02,0.02,0.02,0.02,693.0,403.0,-436.0,7261.0,1836,-2189,88.9,89.3,1116.0,0,0,0,809,d5e,d5a,d5a,d5a,1,0,0,1,0,0,0,0,0,0,0,1,0,0,1,1,1,1,0,1,0,1,0,1,1,0,0,0,1,0,1,1,0,1,0,1,0,1,1,0,0,0,1,0,1,1,0,1,0,1,0,1,1,0,0,0,1,0,1,1,0,1,0,1,0,1,1,0,0
2024,11,5,17:41:13.226,9.22,5,120.5,0.8134,5603.7,4220.3,7.926,0.02,0.02,0.02,0.02,693.0,403.0,-436.0,7275.0,1844,-2198,90.5,0.0,1118.0,0,0,0,809,d5e,d5a,d5a,d5a,1,0,0,1,0,0,0,0,0,0,0,1,0,0,1,1,1,1,0,1,0,1,0,1,1,0,0,0,1,0,1,1,0,1,0,1,0,1,1,0,0,0,1,0,1,1,0,1,0,1,0,1,1,0,0,0,1,0,1,1,0,1,0,1,0,1,1,0,0
2024,11,5,17:41:13.246,9.24,25,120.5,0.8134,5603.7,4220.3,7.925,0.02,0.02,0.02,0.02,692.0,403.0,-436.0,7289.0,1852,-2207,92.1,0.0,1120.0,0,0,0,809,d4a,d4a,d4a,d4a,1,0,0,1,0,0,0,0,0,0,0,1,0,0,1,0,1,0,0,1,0,1,0,1,1,0,0,0,1,0,1,0,0,1,0,1,0,1,1,0,0,0,1,0,1,0,0,1,0,1,0,1,1,0,0,0,1,0,1,0,0,1,0,1,0,1,1,0,0
2024,11,5,17:41:13.266,9.26,45,120.5,0.8134,5603.7,4220.3,7.926,0.02,0.02,0.02,0.02,691.0,403.0,-436.0,7302.0,1860,-2215,93.7,0.0,1123.0,0,0,0,809,d4a,d4a,d4a,d4a,1,0,0,1,0,0,0,0,0,0,0,1,0,0,1,0,1,0,0,1,0,1,0,1,1,0,0,0,1,0,1,0,0,1,0,1,0,1,1,0,0,0,1,0,1,0,0,1,0,1,0,1,1,0,0,0,1,0,1,0,0,1,0,1,0,1,1,0,0
2024,11,5,17:41:13.286,9.28,65,120.5,0.8135,5601.7,4218.3,7.925,0.02,0.02,0.02,0.02,691.0,403.0,-436.0,7316.0,1868,-2224,95.4,0.0,1125.0,0,0,0,809,d4a,d4a,d4a,d4a,1,0,0,1,0,0,0,0,0,0,0,1,0,0,1,0,1,0,0,1,0,1,0,1,1,0,0,0,1,0,1,0,0,1,0,1,0,1,1,0,0,0,1,0,1,0,0,1,0,1,0,1,1,0,0,0,1,0,1,0,0,1,0,1,0,1,1,0,0
2024,11,5,17:41:13.306,9.30,85,120.5,0.8135,5602.4,4219.0,7.925,0.02,0.02,0.02,0.02,690.0,403.0,-436.0,7330.0,1876,-2233,97.0,0.0,1127.0,0,0,0,809,d4a,d4a,d4a,d4a,1,0,0,1,0,0,0,0,0,0,0,1,0,0,1,0,1,0,0,1,0,1,0,1,1,0,0,0,1,0,1,0,0,1,0,1,0,1,1,0,0,0,1,0,1,0,0,1,0,1,0,1,1,0,0,0,1,0,1,0,0,1,0,1,0,1,1,0,0
2024,11,5,17:41:13.326,9.32,105,120.5,0.8135,5602.4,4219.0,7.925,0.02,0.02,0.02,0.02,689.0,403.0,-436.0,7344.0,1884,-2241,98.7,0.0,1129.0,0,0,0,809,d4a,d4a,d4a,d4a,1,0,0,1,0,0,0,0,0,0,0,1,0,0,1,0,1,0,0,1,0,1,0,1,1,0,0,0,1,0,1,0,0,1,0,1,0,1,1,0,0,0,1,0,1,0,0,1,0,1,0,1,1,0,0,0,1,0,1,0,0,1,0,1,0,1,1,0,0
2024,11,5,17:41:13.346,9.34,125,120.5,0.8135,5601.7,4218.3,7.924,0.02,0.02,0.02,0.02,689.0,403.0,-436.0,7358.0,1892,-2250,100.3,0.0,1131.0,0,0,0,809,d4a,d4a,d4a,d4a,1,0,0,1,0,0,0,0,0,0,0,1,0,0,1,0,1,0,0,1,0,1,0,1,1,0,0,0,1,0,1,0,0,1,0,1,0,1,1,0,0,0,1,0,1,0,0,1,0,1,0,1,1,0,0,0,1,0,1,0,0,1,0,1,0,1,1,0,0
2024,11,5,17:41:13.366,9.36,145,120.5,0.8135,5600.4,4217.0,7.924,0.02,0.02,0.02,0.02,688.0,403.0,-436.0,7371.0,1900,-2259,102.0,0.0,1134.0,0,0,0,809,d4a,d4a,d4a,d4a,1,0,0,1,0,0,0,0,0,0,0,1,0,0,1,0,1,0,0,1,0,1,0,1,1,0,0,0,1,0,1,0,0,1,0,1,0,1,1,0,0,0,1,0,1,0,0,1,0,1,0,1,1,0,0,0,1,0,1,0,0,1,0,1,0,1,1,0,0
2024,11,5,17:41:13.386,9.38,165,120.6,0.8135,5599.7,4216.4,7.925,0.02,0.02,0.02,0.02,688.0,403.0,-436.0,7385.0,1908,-2268,103.7,0.0,1136.0,0,0,0,809,d4a,d4a,d4a,d4a,1,0,0,1,0,0,0,0,0,0,0,1,0,0,1,0,1,0,0,1,0,1,0,1,1,0,0,0,1,0,1,0,0,1,0,1,0,1,1,0,0,0,1,0,1,0,0,1,0,1,0,1,1,0,0,0,1,0,1,0,0,1,0,1,0,1,1,0,0
2024,11,5,17:41:13.406,9.40,185,120.6,0.8135,5599.7,4216.4,7.925,0.02,0.02,0.02,0.02,687.0,403.0,-436.0,7399.0,1916,-2276,105.5,0.0,1138.0,0,0,0,809,d4a,d4a,d4a,d4a,1,0,0,1,0,0,0,0,0,0,0,1,0,0,1,0,1,0,0,1,0,1,0,1,1,0,0,0,1,0,1,0,0,1,0,1,0,1,1,0,0,0,1,0,1,0,0,1,0,1,0,1,1,0,0,0,1,0,1,0,0,1,0,1,0,1,1,0,0
2024,11,5,17:41:13.426,9.42,205,120.5,0.8135,5600.4,4217.0,7.923,0.02,0.02,0.02,0.02,686.0,403.0,-436.0,7413.0,1925,-2285,107.2,0.0,1140.0,0,0,0,809,d4a,d4a,d4a,d4a,1,0,0,1,0,0,0,0,0,0,0,1,0,0,1,0,1,0,0,1,0,1,0,1,1,0,0,0,1,0,1,0,0,1,0,1,0,1,1,0,0,0,1,0,1,0,0,1,0,1,0,1,1,0,0,0,1,0,1,0,0,1,0,1,0,1,1,0,0
2024,11,5,17:41:13.446,9.44,225,120.5,0.8135,5600.4,4217.0,7.925,0.02,0.02,0.02,0.02,686.0,403.0,-436.0,7426.0,1933,-2294,109.0,0.0,1141.0,0,0,0,809,d4a,d4a,d4a,d4a,1,0,0,1,0,0,0,0,0,0,0,1,0,0,1,0,1,0,0,1,0,1,0,1,1,0,0,0,1,0,1,0,0,1,0,1,0,1,1,0,0,0,1,0,1,0,0,1,0,1,0,1,1,0,0,0,1,0,1,0,0,1,0,1,0,1,1,0,0
2024,11,5,17:41:13.466,9.46,245,120.5,0.8135,5600.4,4217.0,7.925,0.02,0.02,0.02,0.02,685.0,403.0,-436.0,7440.0,1941,-2303,110.8,0.0,1143.0,0,0,0,809,d4a,d4a,d4a,d4a,1,0,0,1,0,0,0,0,0,0,0,1,0,0,1,0,1,0,0,1,0,1,0,1,1,0,0,0,1,0,1,0,0,1,0,1,0,1,1,0,0,0,1,0,1,0,0,1,0,1,0,1,1,0,0,0,1,0,1,0,0,1,0,1,0,1,1,0,0
2024,11,5,17:41:13.486,9.48,15,120.5,0.8134,5605.0,4221.6,7.925,0.02,0.02,0.02,0.02,684.0,403.0,-436.0,7454.0,1949,-2311,112.6,0.0,1145.0,0,0,0,809,d4a,d4a,d4a,d4a,1,0,0,1,0,0,0,0,0,0,0,1,0,0,1,0,1,0,0,1,0,1,0,1,1,0,0,0,1,0,1,0,0,1,0,1,0,1,1,0,0,0,1,0,1,0,0,1,0,1,0,1,1,0,0,0,1,0,1,0,0,1,0,1,0,1,1,0,0
2024,11,5,17:41:13.506,9.50,35,120.5,0.8134,5605.0,4221.6,7.925,0.02,0.02,0.02,0.02,684.0,403.0,-436.0,7467.0,1957,-2320,114.4,0.0,1147.0,0,0,0,809,d4a,d4a,d4a,d4a,1,0,0,1,0,0,0,0,0,0,0,1,0,0,1,0,1,0,0,1,0,1,0,1,1,0,0,0,1,0,1,0,0,1,0,1,0,1,1,0,0,0,1,0,1,0,0,1,0,1,0,1,1,0,0,0,1,0,1,0,0,1,0,1,0,1,1,0,0
2024,11,5,17:41:13.526,9.52,55,120.5,0.8135,5601.7,4218.3,7.924,0.02,0.02,0.02,0.02,683.0,403.0,-436.0,7481.0,1965,-2329,116.3,0.0,1148.0,0,0,0,809,d4a,d4a,d4a,d4a,1,0,0,1,0,0,0,0,0,0,0,1,0,0,1,0,1,0,0,1,0,1,0,1,1,0,0,0,1,0,1,0,0,1,0,1,0,1,1,0,0,0,1,0,1,0,0,1,0,1,0,1,1,0,0,0,1,0,1,0,0,1,0,1,0,1,1,0,0
2024,11,5,17:41:13.546,9.54,75,120.5,0.8135,5601.7,4218.3,7.924,0.02,0.02,0.02,0.02,682.0,403.0,-436.0,7495.0,1973,-2338,118.2,0.0,1150.0,0,0,0,809,d4a,d4a,d4a,d4a,1,0,0,1,0,0,0,0,0,0,0,1,0,0,1,0,1,0,0,1,0,1,0,1,1,0,0,0,1,0,1,0,0,1,0,1,0,1,1,0,0,0,1,0,1,0,0,1,0,1,0,1,1,0,0,0,1,0,1,0,0,1,0,1,0,1,1,0,0
2024,11,5,17:41:13.566,9.56,95,120.5,0.8136,5596.5,4213.1,7.925,0.02,0.02,0.02,0.02,682.0,403.0,-436.0,7508.0,1981,-2346,120.1,0.0,1151.0,0,0,0,809,d4a,d4a,d4a,d4a,1,0,0,1,0,0,0,0,0,0,0,1,0,0,1,0,1,0,0,1,0,1,0,1,1,0,0,0,1,0,1,0,0,1,0,1,0,1,1,0,0,0,1,0,1,0,0,1,0,1,0,1,1,0,0,0,1,0,1,0,0,1,0,1,0,1,1,0,0
2024,11,5,17:41:13.586,9.58,115,120.5,0.8136,5596.5,4213.1,7.924,0.02,0.02,0.02,0.02,681.0,403.0,-436.0,7522.0,1989,-2355,122.0,0.0,1152.0,0,0,0,809,d4a,d4a,d4a,d4a,1,0,0,1,0,0,0,0,0,0,0,1,0,0,1,0,1,0,0,1,0,1,0,1,1,0,0,0,1,0,1,0,0,1,0,1,0,1,1,0,0,0,1,0,1,0,0,1,0,1,0,1,1,0,0,0,1,0,1,0,0,1,0,1,0,1,1,0,0
2024,11,5,17:41:13.606,9.60,135,120.5,0.8135,5600.4,4217.0,7.926,0.02,0.02,0.02,0.02,681.0,403.0,-436.0,7536.0,1997,-2364,123.9,0.0,1153.0,0,0,0,809,d4a,d4a,d4a,d4a,1,0,0,1,0,0,0,0,0,0,0,1,0,0,1,0,1,0,0,1,0,1,0,1,1,0,0,0,1,0,1,0,0,1,0,1,0,1,1,0,0,0,1,0,1,0,0,1,0,1,0,1,1,0,0,0,1,0,1,0,0,1,0,1,0,1,1,0,0
2024,11,5,17:41:13.626,9.62,155,120.5,0.8135,5600.4,4217.0,7.926,0.02,0.02,0.02,0.02,680.0,403.0,-436.0,7549.0,2005,-2373,125.9,0.0,1154.0,0,0,0,809,d4a,d4a,d4a,d4a,1,0,0,1,0,0,0,0,0,0,0,1,0,0,1,0,1,0,0,1,0,1,0,1,1,0,0,0,1,0,1,0,0,1,0,1,0,1,1,0,0,0,1,0,1,0,0,1,0,1,0,1,1,0,0,0,1,0,1,0,0,1,0,1,0,1,1,0,0
2024,11,5,17:41:13.646,9.64,175,120.5,0.8135,5601.7,4218.3,7.924,0.02,0.02,0.02,0.02,679.0,403.0,-436.0,7563.0,2013,-2381,127.9,0.0,1155.0,0,0,0,809,d4a,d4a,d4a,d4a,1,0,0,1,0,0,0,0,0,0,0,1,0,0,1,0,1,0,0,1,0,1,0,1,1,0,0,0,1,0,1,0,0,1,0,1,0,1,1,0,0,0,1,0,1,0,0,1,0,1,0,1,1,0,0,0,1,0,1,0,0,1,0,1,0,1,1,0,0
2024,11,5,17:41:13.666,9.66,195,120.5,0.8135,5601.7,4218.3,7.924,0.02,0.02,0.02,0.02,679.0,403.0,-436.0,7577.0,2021,-2390,129.9,0.0,1156.0,0,0,0,809,d4a,d4a,d4a,d4a,1,0,0,1,0,0,0,0,0,0,0,1,0,0,1,0,1,0,0,1,0,1,0,1,1,0,0,0,1,0,1,0,0,1,0,1,0,1,1,0,0,0,1,0,1,0,0,1,0,1,0,1,1,0,0,0,1,0,1,0,0,1,0,1,0,1,1,0,0
2024,11,5,17:41:13.686,9.68,215,120.5,0.8134,5603.7,4220.3,7.924,0.02,0.02,0.02,0.02,678.0,403.0,-436.0,7590.0,2029,-2399,131.9,0.0,1156.0,0,0,0,809,d4a,d4a,d4a,d4a,1,0,0,1,0,0,0,0,0,0,0,1,0,0,1,0,1,0,0,1,0,1,0,1,1,0,0,0,1,0,1,0,0,1,0,1,0,1,1,0,0,0,1,0,1,0,0,1,0,1,0,1,1,0,0,0,1,0,1,0,0,1,0,1,0,1,1,0,0
2024,11,5,17:41:13.706,9.70,235,120.6,0.8134,5603.0,4219.6,7.924,0.02,0.02,0.02,0.02,677.0,403.0,-436.0,7604.0,2038,-2407,134.0,0.0,1156.0,0,0,0,809,d4a,d4a,d4a,d4a,1,0,0,1,0,0,0,0,0,0,0,1,0,0,1,0,1,0,0,1,0,1,0,1,1,0,0,0,1,0,1,0,0,1,0,1,0,1,1,0,0,0,1,0,1,0,0,1,0,1,0,1,1,0,0,0,1,0,1,0,0,1,0,1,0,1,1,0,0
2024,11,5,17:41:13.726,9.72,5,120.6,0.8134,5603.0,4219.6,7.925,0.02,0.02,0.02,0.02,677.0,403.0,-436.0,7617.0,2046,-2416,136.0,0.0,1157.0,0,0,0,809,d4a,d4a,d4a,d4a,1,0,0,1,0,0,0,0,0,0,0,1,0,0,1,0,1,0,0,1,0,1,0,1,1,0,0,0,1,0,1,0,0,1,0,1,0,1,1,0,0,0,1,0,1,0,0,1,0,1,0,1,1,0,0,0,1,0,1,0,0,1,0,1,0,1,1,0,0
2024,11,5,17:41:13.746,9.74,25,120.5,0.8134,5603.7,4220.3,7.925,0.02,0.02,0.02,0.02,676.0,403.0,-436.0,7631.0,2054,-2425,138.0,0.0,1157.0,0,0,0,809,d4a,d4a,d4a,d4a,1,0,0,1,0,0,0,0,0,0,0,1,0,0,1,0,1,0,0,1,0,1,0,1,1,0,0,0,1,0,1,0,0,1,0,1,0,1,1,0,0,0,1,0,1,0,0,1,0,1,0,1,1,0,0,0,1,0,1,0,0,1,0,1,0,1,1,0,0
2024,11,5,17:41:13.766,9.76,45,120.5,0.8135,5601.7,4218.3,7.925,0.02,0.02,0.02,0.02,676.0,403.0,-436.0,7644.0,2062,-2434,140.0,0.0,1156.0,0,0,0,809,d4a,d4a,d4a,d4a,1,0,0,1,0,0,0,0,0,0,0,1,0,0,1,0,1,0,0,1,0,1,0,1,1,0,0,0,1,0,1,0,0,1,0,1,0,1,1,0,0,0,1,0,1,0,0,1,0,1,0,1,1,0,0,0,1,0,1,0,0,1,0,1,0,1,1,0,0
2024,11,5,17:41:13.786,9.78,65,120.5,0.8135,5601.7,4218.3,7.925,0.02,0.02,0.02,0.02,675.0,403.0,-436.0,7658.0,2070,-2442,141.9,0.0,1156.0,0,0,0,809,d4a,d4a,d4a,d4a,1,0,0,1,0,0,0,0,0,0,0,1,0,0,1,0,1,0,0,1,0,1,0,1,1,0,0,0,1,0,1,0,0,1,0,1,0,1,1,0,0,0,1,0,1,0,0,1,0,1,0,1,1,0,0,0,1,0,1,0,0,1,0,1,0,1,1,0,0
2024,11,5,17:41:13.806,9.80,85,120.5,0.8135,5600.4,4217.0,7.925,0.02,0.02,0.02,0.02,674.0,402.0,-436.0,7671.0,2078,-2451,143.8,0.0,1156.0,0,0,0,809,d4a,d4a,d4a,d4a,1,0,0,1,0,0,0,0,0,0,0,1,0,0,1,0,1,0,0,1,0,1,0,1,1,0,0,0,1,0,1,0,0,1,0,1,0,1,1,0,0,0,1,0,1,0,0,1,0,1,0,1,1,0,0,0,1,0,1,0,0,1,0,1,0,1,1,0,0
2024,11,5,17:41:13.826,9.82,105,120.5,0.8135,5600.4,4217.0,7.924,0.02,0.02,0.02,0.02,674.0,402.0,-436.0,7685.0,2086,-2460,145.6,0.0,1155.0,0,0,0,809,d4a,d4a,d4a,d4a,1,0,0,1,0,0,0,0,0,0,0,1,0,0,1,0,1,0,0,1,0,1,0,1,1,0,0,0,1,0,1,0,0,1,0,1,0,1,1,0,0,0,1,0,1,0,0,1,0,1,0,1,1,0,0,0,1,0,1,0,0,1,0,1,0,1,1,0,0
2024,11,5,17:41:13.846,9.84,125,120.5,0.8134,5603.7,4220.3,7.924,0.02,0.02,0.02,0.02,673.0,402.0,-436.0,7698.0,2094,-2469,147.2,0.0,1155.0,0,0,0,809,d4a,d4a,d4a,d4a,1,0,0,1,0,0,0,0,0,0,0,1,0,0,1,0,1,0,0,1,0,1,0,1,1,0,0,0,1,0,1,0,0,1,0,1,0,1,1,0,0,0,1,0,1,0,0,1,0,1,0,1,1,0,0,0,1,0,1,0,0,1,0,1,0,1,1,0,0
2024,11,5,17:41:13.866,9.86,145,120.6,0.8134,5603.0,4219.6,7.925,0.02,0.02,0.02,0.02,672.0,402.0,-436.0,7712.0,2102,-2477,148.7,0.0,1154.0,0,0,0,809,d4a,d4a,d4a,d4a,1,0,0,1,0,0,0,0,0,0,0,1,0,0,1,0,1,0,0,1,0,1,0,1,1,0,0,0,1,0,1,0,0,1,0,1,0,1,1,0,0,0,1,0,1,0,0,1,0,1,0,1,1,0,0,0,1,0,1,0,0,1,0,1,0,1,1,0,0
2024,11,5,17:41:13.886,9.88,165,120.6,0.8134,5605.0,4221.6,7.925,0.02,0.02,0.02,0.02,672.0,402.0,-436.0,7725.0,2110,-2486,149.9,0.0,1153.0,0,0,0,809,d4a,d4a,d4a,d4a,1,0,0,1,0,0,0,0,0,0,0,1,0,0,1,0,1,0,0,1,0,1,0,1,1,0,0,0,1,0,1,0,0,1,0,1,0,1,1,0,0,0,1,0,1,0,0,1,0,1,0,1,1,0,0,0,1,0,1,0,0,1,0,1,0,1,1,0,0
2024,11,5,17:41:13.906,9.90,185,120.6,0.8134,5605.0,4221.6,7.925,0.02,0.02,0.02,0.02,671.0,402.0,-436.0,7739.0,2118,-2495,151.0,0.0,1152.0,0,0,0,809,d4a,d4a,d4a,d4a,1,0,0,1,0,0,0,0,0,0,0,1,0,0,1,0,1,0,0,1,0,1,0,1,1,0,0,0,1,0,1,0,0,1,0,1,0,1,1,0,0,0,1,0,1,0,0,1,0,1,0,1,1,0,0,0,1,0,1,0,0,1,0,1,0,1,1,0,0
2024,11,5,17:41:13.926,9.92,205,120.6,0.8135,5599.7,4216.4,7.925,0.02,0.02,0.02,0.02,671.0,402.0,-436.0,7752.0,2126,-2503,151.7,0.0,1151.0,0,0,0,809,d4a,d4a,d4a,d4a,1,0,0,1,0,0,0,0,0,0,0,1,0,0,1,0,1,0,0,1,0,1,0,1,1,0,0,0,1,0,1,0,0,1,0,1,0,1,1,0,0,0,1,0,1,0,0,1,0,1,0,1,1,0,0,0,1,0,1,0,0,1,0,1,0,1,1,0,0
2024,11,5,17:41:13.946,9.94,225,120.5,0.8135,5600.4,4217.0,7.925,0.02,0.02,0.02,0.02,670.0,402.0,-436.0,7765.0,2134,-2512,152.1,0.0,1150.0,0,0,0,809,d4a,d4a,d4a,d4a,1,0,0,1,0,0,0,0,0,0,0,1,0,0,1,0,1,0,0,1,0,1,0,1,1,0,0,0,1,0,1,0,0,1,0,1,0,1,1,0,0,0,1,0,1,0,0,1,0,1,0,1,1,0,0,0,1,0,1,0,0,1,0,1,0,1,1,0,0
2024,11,5,17:41:13.966,9.96,245,120.5,0.8135,5600.4,4217.0,7.924,0.02,0.02,0.02,0.02,669.0,402.0,-436.0,7779.0,2142,-2521,152.2,0.0,1149.0,0,0,0,809,d4a,d4a,d4a,d4a,1,0,0,1,0,0,0,0,0,0,0,1,0,0,1,0,1,0,0,1,0,1,0,1,1,0,0,0,1,0,1,0,0,1,0,1,0,1,1,0,0,0,1,0,1,0,0,1,0,1,0,1,1,0,0,0,1,0,1,0,0,1,0,1,0,1,1,0,0
2024,11,5,17:41:13.986,9.98,15,120.6,0.8135,5599.7,4216.4,7.925,0.02,0.02,0.02,0.02,669.0,402.0,-436.0,7792.0,2150,-2530,151.9,0.0,1148.0,0,0,0,809,d4a,d4a,d4a,d4a,1,0,0,1,0,0,0,0,0,0,0,1,0,0,1,0,1,0,0,1,0,1,0,1,1,0,0,0,1,0,1,0,0,1,0,1,0,1,1,0,0,0,1,0,1,0,0,1,0,1,0,1,1,0,0,0,1,0,1,0,0,1,0,1,0,1,1,0,0
2024,11,5,17:41:14.006,10.00,35,120.6,0.8135,5601.7,4218.3,7.925,0.02,0.02,0.02,0.02,668.0,402.0,-436.0,7806.0,2158,-2538,151.2,0.0,1147.0,0,0,0,809,d4a,d4a,d4a,d4a,1,0,0,1,0,0,0,0,0,0,0,1,0,0,1,0,1,0,0,1,0,1,0,1,1,0,0,0,1,0,1,0,0,1,0,1,0,1,1,0,0,0,1,0,1,0,0,1,0,1,0,1,1,0,0,0,1,0,1,0,0,1,0,1,0,1,1,0,0
2024,11,5,17:41:14.026,10.02,55,120.5,0.8135,5601.7,4218.3,7.926,0.02,0.02,0.02,0.02,667.0,402.0,-436.0,7819.0,2166,-2547,150.1,0.0,1146.0,0,0,0,809,d4a,d4a,d4a,d4a,1,0,0,1,0,0,0,0,0,0,0,1,0,0,1,0,1,0,0,1,0,1,0,1,1,0,0,0,1,0,1,0,0,1,0,1,0,1,1,0,0,0,1,0,1,0,0,1,0,1,0,1,1,0,0,0,1,0,1,0,0,1,0,1,0,1,1,0,0
2024,11,5,17:41:14.046,10.04,75,120.5,0.8135,5601.7,4218.3,7.925,0.02,0.02,0.02,0.02,667.0,402.0,-436.0,7832.0,2174,-2556,148.7,0.0,1145.0,0,0,0,809,d4a,d4a,d4a,d4a,1,0,0,1,0,0,0,0,0,0,0,1,0,0,1,0,1,0,0,1,0,1,0,1,1,0,0,0,1,0,1,0,0,1,0,1,0,1,1,0,0,0,1,0,1,0,0,1,0,1,0,1,1,0,0,0,1,0,1,0,0,1,0,1,0,1,1,0,0
2024,11,5,17:41:14.066,10.06,95,120.6,0.8135,5601.7,4218.3,7.925,0.02,0.02,0.02,0.02,666.0,401.0,-436.0,7846.0,2182,-2565,147.1,0.0,1143.0,0,0,0,809,d4a,d4a,d4a,d4a,1,0,0,1,0,0,0,0,0,0,0,1,0,0,1,0,1,0,0,1,0,1,0,1,1,0,0,0,1,0,1,0,0,1,0,1,0,1,1,0,0,0,1,0,1,0,0,1,0,1,0,1,1,0,0,0,1,0,1,0,0,1,0,1,0,1,1,0,0
2024,11,5,17:41:14.086,10.08,115,120.6,0.8134,5603.0,4219.6,7.925,0.02,0.02,0.02,0.02,666.0,401.0,-436.0,7859.0,2191,-2573,145.2,0.0,1142.0,0,0,0,809,d4a,d4a,d4a,d4a,1,0,0,1,0,0,0,0,0,0,0,1,0,0,1,0,1,0,0,1,0,1,0,1,1,0,0,0,1,0,1,0,0,1,0,1,0,1,1,0,0,0,1,0,1,0,0,1,0,1,0,1,1,0,0,0,1,0,1,0,0,1,0,1,0,1,1,0,0
2024,11,5,17:41:14.106,10.10,135,120.6,0.8134,5603.0,4219.6,7.924,0.02,0.02,0.02,0.02,665.0,401.0,-436.0,7872.0,2199,-2582,143.0,0.0,1141.0,0,0,0,809,d4a,d4a,d4a,d4a,1,0,0,1,0,0,0,0,0,0,0,1,0,0,1,0,1,0,0,1,0,1,0,1,1,0,0,0,1,0,1,0,0,1,0,1,0,1,1,0,0,0,1,0,1,0,0,1,0,1,0,1,1,0,0,0,1,0,1,0,0,1,0,1,0,1,1,0,0
2024,11,5,17:41:14.126,10.12,155,120.6,0.8135,5601.7,4218.3,7.925,0.02,0.02,0.02,0.02,664.0,401.0,-436.0,7886.0,2207,-2591,140.7,0.0,1140.0,0,0,0,809,d4a,d4a,d4a,d4a,1,0,0,1,0,0,0,0,0,0,0,1,0,0,1,0,1,0,0,1,0,1,0,1,1,0,0,0,1,0,1,0,0,1,0,1,0,1,1,0,0,0,1,0,1,0,0,1,0,1,0,1,1,0,0,0,1,0,1,0,0,1,0,1,0,1,1,0,0
2024,11,5,17:41:14.146,10.14,175,120.6,0.8135,5601.7,4218.3,7.925,0.02,0.02,0.02,0.02,664.0,401.0,-436.0,7899.0,2215,-2600,138.3,0.0,1138.0,0,0,0,809,d4a,d4a,d4a,d4a,1,0,0,1,0,0,0,0,0,0,0,1,0,0,1,0,1,0,0,1,0,1,0,1,1,0,0,0,1,0,1,0,0,1,0,1,0,1,1,0,0,0,1,0,1,0,0,1,0,1,0,1,1,0,0,0,1,0,1,0,0,1,0,1,0,1,1,0,0
2024,11,5,17:41:14.166,10.16,195,120.6,0.8135,5599.7,4216.4,7.925,0.02,0.02,0.02,0.02,663.0,401.0,-436.0,7912.0,2223,-2608,135.8,0.0,1137.0,0,0,0,809,d4a,d4a,d4a,d4a,1,0,0,1,0,0,0,0,0,0,0,1,0,0,1,0,1,0,0,1,0,1,0,1,1,0,0,0,1,0,1,0,0,1,0,1,0,1,1,0,0,0,1,0,1,0,0,1,0,1,0,1,1,0,0,0,1,0,1,0,0,1,0,1,0,1,1,0,0
2024,11,5,17:41:14.186,10.18,215,120.6,0.8135,5599.7,4216.4,7.925,0.02,0.02,0.02,0.02,662.0,401.0,-436.0,7925.0,2231,-2617,133.1,0.0,1136.0,0,0,0,809,d4a,d4a,d4a,d4a,1,0,0,1,0,0,0,0,0,0,0,1,0,0,1,0,1,0,0,1,0,1,0,1,1,0,0,0,1,0,1,0,0,1,0,1,0,1,1,0,0,0,1,0,1,0,0,1,0,1,0,1,1,0,0,0,1,0,1,0,0,1,0,1,0,1,1,0,0
2024,11,5,17:41:14.206,10.20,235,120.6,0.8135,5601.7,4218.3,7.924,0.02,0.02,0.02,0.02,662.0,401.0,-436.0,7939.0,2239,-2626,130.4,0.0,1135.0,0,0,0,809,d4a,d4a,d4a,d4a,1,0,0,1,0,0,0,0,0,0,0,1,0,0,1,0,1,0,0,1,0,1,0,1,1,0,0,0,1,0,1,0,0,1,0,1,0,1,1,0,0,0,1,0,1,0,0,1,0,1,0,1,1,0,0,0,1,0,1,0,0,1,0,1,0,1,1,0,0
2024,11,5,17:41:14.226,10.22,5,120.6,0.8135,5601.7,4218.3,7.924,0.02,0.02,0.02,0.02,661.0,400.0,-436.0,7952.0,2247,-2634,127.7,0.0,1134.0,0,0,0,809,d4a,d4a,d4a,d4a,1,0,0,1,0,0,0,0,0,0,0,1,0,0,1,0,1,0,0,1,0,1,0,1,1,0,0,0,1,0,1,0,0,1,0,1,0,1,1,0,0,0,1,0,1,0,0,1,0,1,0,1,1,0,0,0,1,0,1,0,0,1,0,1,0,1,1,0,0
2024,11,5,17:41:14.246,10.24,25,120.6,0.8135,5601.7,4218.3,7.925,0.02,0.02,0.02,0.02,660.0,400.0,-436.0,7965.0,2255,-2643,125.0,0.0,1132.0,0,0,0,809,d4a,d4a,d4a,d4a,1,0,0,1,0,0,0,0,0,0,0,1,0,0,1,0,1,0,0,1,0,1,0,1,1,0,0,0,1,0,1,0,0,1,0,1,0,1,1,0,0,0,1,0,1,0,0,1,0,1,0,1,1,0,0,0,1,0,1,0,0,1,0,1,0,1,1,0,0
2024,11,5,17:41:14.266,10.26,45,120.6,0.8135,5601.7,4218.3,7.925,0.02,0.02,0.02,0.02,660.0,400.0,-436.0,7978.0,2263,-2652,122.4,0.0,1131.0,0,0,0,809,d4a,d4a,d4a,d4a,1,0,0,1,0,0,0,0,0,0,0,1,0,0,1,0,1,0,0,1,0,1,0,1,1,0,0,0,1,0,1,0,0,1,0,1,0,1,1,0,0,0,1,0,1,0,0,1,0,1,0,1,1,0,0,0,1,0,1,0,0,1,0,1,0,1,1,0,0
2024,11,5,17:41:14.286,10.28,65,120.6,0.8136,5598.4,4215.0,7.925,0.02,0.02,0.02,0.02,659.0,400.0,-436.0,7992.0,2271,-2661,119.8,0.0,1130.0,0,0,0,809,d4a,d4a,d4a,d4a,1,0,0,1,0,0,0,0,0,0,0,1,0,0,1,0,1,0,0,1,0,1,0,1,1,0,0,0,1,0,1,0,0,1,0,1,0,1,1,0,0,0,1,0,1,0,0,1,0,1,0,1,1,0,0,0,1,0,1,0,0,1,0,1,0,1,1,0,0
2024,11,5,17:41:14.306,10.30,85,120.6,0.8136,5597.8,4214.4,7.924,0.02,0.02,0.02,0.02,658.0,400.0,-436.0,8005.0,2279,-2669,117.2,0.0,1129.0,0,0,0,809,d4a,d4a,d4a,d4a,1,0,0,1,0,0,0,0,0,0,0,1,0,0,1,0,1,0,0,1,0,1,0,1,1,0,0,0,1,0,1,0,0,1,0,1,0,1,1,0,0,0,1,0,1,0,0,1,0,1,0,1,1,0,0,0,1,0,1,0,0,1,0,1,0,1,1,0,0
2024,11,5,17:41:14.326,10.32,105,120.6,0.8139,5589.3,4205.9,7.924,0.02,0.02,0.02,0.02,657.0,400.0,-436.0,8018.0,2287,-2678,114.7,0.0,1128.0,0,0,0,809,d4a,d4a,d4a,d4a,1,0,0,1,0,0,0,0,0,0,0,1,0,0,1,0,1,0,0,1,0,1,0,1,1,0,0,0,1,0,1,0,0,1,0,1,0,1,1,0,0,0,1,0,1,0,0,1,0,1,0,1,1,0,0,0,1,0,1,0,0,1,0,1,0,1,1,0,0
2024,11,5,17:41:14.346,10.34,125,120.6,0.8138,5589.9,4206.5,7.924,0.02,0.02,0.02,0.02,657.0,399.0,-436.0,8031.0,2295,-2687,112.4,0.0,1127.0,0,0,0,809,d4a,d4a,d4a,d4a,1,0,0,1,0,0,0,0,0,0,0,1,0,0,1,0,1,0,0,1,0,1,0,1,1,0,0,0,1,0,1,0,0,1,0,1,0,1,1,0,0,0,1,0,1,0,0,1,0,1,0,1,1,0,0,0,1,0,1,0,0,1,0,1,0,1,1,0,0
2024,11,5,17:41:14.366,10.36,145,120.6,0.8138,5589.9,4206.5,7.925,0.02,0.02,0.02,0.02,656.0,399.0,-436.0,8044.0,2303,-2696,110.2,0.0,1126.0,0,0,0,809,d4a,d4a,d4a,d4a,1,0,0,1,0,0,0,0,0,0,0,1,0,0,1,0,1,0,0,1,0,1,0,1,1,0,0,0,1,0,1,0,0,1,0,1,0,1,1,0,0,0,1,0,1,0,0,1,0,1,0,1,1,0,0,0,1,0,1,0,0,1,0,1,0,1,1,0,0
2024,11,5,17:41:14.386,10.38,165,120.6,0.8138,5589.9,4206.5,7.924,0.02,0.02,0.02,0.02,655.0,399.0,-437.0,8057.0,2311,-2704,108.2,0.0,1125.0,0,0,0,809,d4a,d4a,d4a,d4a,1,0,0,1,0,0,0,0,0,0,0,1,0,0,1,0,1,0,0,1,0,1,0,1,1,0,0,0,1,0,1,0,0,1,0,1,0,1,1,0,0,0,1,0,1,0,0,1,0,1,0,1,1,0,0,0,1,0,1,0,0,1,0,1,0,1,1,0,0
2024,11,5,17:41:14.406,10.40,185,120.6,0.8138,5589.9,4206.5,7.925,0.02,0.02,0.02,0.02,654.0,399.0,-437.0,8070.0,2319,-2713,106.4,0.0,1124.0,0,0,0,809,d4a,d4a,d4a,d4a,1,0,0,1,0,0,0,0,0,0,0,1,0,0,1,0,1,0,0,1,0,1,0,1,1,0,0,0,1,0,1,0,0,1,0,1,0,1,1,0,0,0,1,0,1,0,0,1,0,1,0,1,1,0,0,0,1,0,1,0,0,1,0,1,0,1,1,0,0
2024,11,5,17:41:14.426,10.42,205,120.6,0.8138,5589.9,4206.5,7.925,0.02,0.02,0.02,0.02,653.0,399.0,-437.0,8084.0,2327,-2722,105.0,0.0,1123.0,0,0,0,809,d4a,d4a,d4a,d4a,1,0,0,1,0,0,0,0,0,0,0,1,0,0,1,0,1,0,0,1,0,1,0,1,1,0,0,0,1,0,1,0,0,1,0,1,0,1,1,0,0,0,1,0,1,0,0,1,0,1,0,1,1,0,0,0,1,0,1,0,0,1,0,1,0,1,1,0,0
2024,11,5,17:41:14.446,10.44,225,120.6,0.8140,5586.0,4202.6,7.925,0.02,0.02,0.02,0.02,652.0,398.0,-437.0,8097.0,2335,-2731,103.9,0.0,1122.0,0,0,0,809,d4a,d4a,d4a,d4a,1,0,0,1,0,0,0,0,0,0,0,1,0,0,1,0,1,0,0,1,0,1,0,1,1,0,0,0,1,0,1,0,0,1,0,1,0,1,1,0,0,0,1,0,1,0,0,1,0,1,0,1,1,0,0,0,1,0,1,0,0,1,0,1,0,1,1,0,0
2024,11,5,17:41:14.466,10.46,245,120.6,0.8140,5586.0,4202.6,7.924,0.02,0.02,0.02,0.02,652.0,398.0,-437.0,8110.0,2343,-2739,102.9,0.0,1122.0,0,0,0,809,d4a,d4a,d4a,d4a,1,0,0,1,0,0,0,0,0,0,0,1,0,0,1,0,1,0,0,1,0,1,0,1,1,0,0,0,1,0,1,0,0,1,0,1,0,1,1,0,0,0,1,0,1,0,0,1,0,1,0,1,1,0,0,0,1,0,1,0,0,1,0,1,0,1,1,0,0
2024,11,5,17:41:14.486,10.48,15,120.6,0.8141,5582.7,4199.4,7.924,0.02,0.02,0.02,0.02,651.0,398.0,-437.0,8123.0,2351,-2748,102.1,0.0,1121.0,0,0,0,809,d4a,d4a,d4a,d4a,1,0,0,1,0,0,0,0,0,0,0,1,0,0,1,0,1,0,0,1,0,1,0,1,1,0,0,0,1,0,1,0,0,1,0,1,0,1,1,0,0,0,1,0,1,0,0,1,0,1,0,1,1,0,0,0,1,0,1,0,0,1,0,1,0,1,1,0,0
2024,11,5,17:41:14.506,10.50,35,120.6,0.8141,5582.7,4199.4,7.924,0.02,0.02,0.02,0.02,650.0,398.0,-437.0,8136.0,2359,-2757,101.5,0.0,1121.0,0,0,0,809,d4a,d4a,d4a,d4a,1,0,0,1,0,0,0,0,0,0,0,1,0,0,1,0,1,0,0,1,0,1,0,1,1,0,0,0,1,0,1,0,0,1,0,1,0,1,1,0,0,0,1,0,1,0,0,1,0,1,0,1,1,0,0,0,1,0,1,0,0,1,0,1,0,1,1,0,0
2024,11,5,17:41:14.526,10.52,55,120.6,0.8140,5584.7,4201.3,7.925,0.02,0.02,0.02,0.02,649.0,397.0,-437.0,8149.0,2367,-2766,101.0,0.0,1120.0,0,0,0,809,d4a,d4a,d4a,d4a,1,0,0,1,0,0,0,0,0,0,0,1,0,0,1,0,1,0,0,1,0,1,0,1,1,0,0,0,1,0,1,0,0,1,0,1,0,1,1,0,0,0,1,0,1,0,0,1,0,1,0,1,1,0,0,0,1,0,1,0,0,1,0,1,0,1,1,0,0
2024,11,5,17:41:14.546,10.54,75,120.6,0.8140,5584.7,4201.3,7.925,0.02,0.02,0.02,0.02,648.0,397.0,-438.0,8162.0,2375,-2774,100.7,0.0,1120.0,0,0,0,809,d4a,d4a,d4a,d4a,1,0,0,1,0,0,0,0,0,0,0,1,0,0,1,0,1,0,0,1,0,1,0,1,1,0,0,0,1,0,1,0,0,1,0,1,0,1,1,0,0,0,1,0,1,0,0,1,0,1,0,1,1,0,0,0,1,0,1,0,0,1,0,1,0,1,1,0,0
2024,11,5,17:41:14.566,10.56,95,120.6,0.8141,5582.7,4199.4,7.925,0.02,0.02,0.02,0.02,647.0,397.0,-438.0,8175.0,2383,-2783,100.7,0.0,1120.0,0,0,0,809,d4a,d4a,d4a,d4a,1,0,0,1,0,0,0,0,0,0,0,1,0,0,1,0,1,0,0,1,0,1,0,1,1,0,0,0,1,0,1,0,0,1,0,1,0,1,1,0,0,0,1,0,1,0,0,1,0,1,0,1,1,0,0,0,1,0,1,0,0,1,0,1,0,1,1,0,0
2024,11,5,17:41:14.586,10.58,115,120.6,0.8141,5582.7,4199.4,7.925,0.02,0.02,0.02,0.02,646.0,397.0,-438.0,8188.0,2390,-2792,100.8,0.0,1119.0,0,0,0,809,d4a,d4a,d4a,d4a,1,0,0,1,0,0,0,0,0,0,0,1,0,0,1,0,1,0,0,1,0,1,0,1,1,0,0,0,1,0,1,0,0,1,0,1,0,1,1,0,0,0,1,0,1,0,0,1,0,1,0,1,1,0,0,0,1,0,1,0,0,1,0,1,0,1,1,0,0
2024,11,5,17:41:14.606,10.60,135,120.6,0.8141,5580.8,4197.4,7.924,0.02,0.02,0.02,0.02,645.0,397.0,-438.0,8200.0,2398,-2801,101.3,0.0,1119.0,0,0,0,809,d4a,d4a,d4a,d4a,1,0,0,1,0,0,0,0,0,0,0,1,0,0,1,0,1,0,0,1,0,1,0,1,1,0,0,0,1,0,1,0,0,1,0,1,0,1,1,0,0,0,1,0,1,0,0,1,0,1,0,1,1,0,0,0,1,0,1,0,0,1,0,1,0,1,1,0,0
2024,11,5,17:41:14.626,10.62,155,120.6,0.8141,5581.4,4198.0,7.924,0.02,0.02,0.02,0.02,644.0,396.0,-438.0,8213.0,2406,-2809,102.1,0.0,1119.0,0,0,0,809,d4a,d4a,d4a,d4a,1,0,0,1,0,0,0,0,0,0,0,1,0,0,1,0,1,0,0,1,0,1,0,1,1,0,0,0,1,0,1,0,0,1,0,1,0,1,1,0,0,0,1,0,1,0,0,1,0,1,0,1,1,0,0,0,1,0,1,0,0,1,0,1,0,1,1,0,0
2024,11,5,17:41:14.646,10.64,175,120.6,0.8141,5581.4,4198.0,7.923,0.02,0.02,0.02,0.02,644.0,396.0,-438.0,8226.0,2414,-2818,103.1,0.0,1118.0,0,0,0,809,d4a,d4a,d4a,d4a,1,0,0,1,0,0,0,0,0,0,0,1,0,0,1,0,1,0,0,1,0,1,0,1,1,0,0,0,1,0,1,0,0,1,0,1,0,1,1,0,0,0,1,0,1,0,0,1,0,1,0,1,1,0,0,0,1,0,1,0,0,1,0,1,0,1,1,0,0
2024,11,5,17:41:14.666,10.66,195,120.6,0.8141,5580.8,4197.4,7.924,0.02,0.02,0.02,0.02,643.0,396.0,-438.0,8239.0,2422,-2827,104.4,0.0,1118.0,0,0,0,809,d4a,d4a,d4a,d4a,1,0,0,1,0,0,0,0,0,0,0,1,0,0,1,0,1,0,0,1,0,1,0,1,1,0,0,0,1,0,1,0,0,1,0,1,0,1,1,0,0,0,1,0,1,0,0,1,0,1,0,1,1,0,0,0,1,0,1,0,0,1,0,1,0,1,1,0,0
2024,11,5,17:41:14.686,10.68,215,120.6,0.8141,5580.8,4197.4,7.924,0.02,0.02,0.02,0.02,642.0,396.0,-438.0,8252.0,2430,-2836,105.7,0.0,1118.0,0,0,0,809,d4a,d4a,d4a,d4a,1,0,0,1,0,0,0,0,0,0,0,1,0,0,1,0,1,0,0,1,0,1,0,1,1,0,0,0,1,0,1,0,0,1,0,1,0,1,1,0,0,0,1,0,1,0,0,1,0,1,0,1,1,0,0,0,1,0,1,0,0,1,0,1,0,1,1,0,0
2024,11,5,17:41:14.706,10.70,235,120.6,0.8141,5580.8,4197.4,7.922,0.02,0.02,0.02,0.02,641.0,396.0,-438.0,8265.0,2438,-2844,107.1,0.0,1117.0,0,0,0,809,d4a,d4a,d4a,d4a,1,0,0,1,0,0,0,0,0,0,0,1,0,0,1,0,1,0,0,1,0,1,0,1,1,0,0,0,1,0,1,0,0,1,0,1,0,1,1,0,0,0,1,0,1,0,0,1,0,1,0,1,1,0,0,0,1,0,1,0,0,1,0,1,0,1,1,0,0
2024,11,5,17:41:14.726,10.72,5,120.6,0.8143,5574.2,4190.9,7.924,0.02,0.02,0.02,0.02,640.0,396.0,-438.0,8278.0,2446,-2853,108.5,0.0,1117.0,0,0,0,809,d4a,d4a,d4a,d4a,1,0,0,1,0,0,0,0,0,0,0,1,0,0,1,0,1,0,0,1,0,1,0,1,1,0,0,0,1,0,1,0,0,1,0,1,0,1,1,0,0,0,1,0,1,0,0,1,0,1,0,1,1,0,0,0,1,0,1,0,0,1,0,1,0,1,1,0,0
2024,11,5,17:41:14.746,10.74,25,120.6,0.8143,5574.2,4190.9,7.924,0.02,0.02,0.02,0.02,639.0,396.0,-438.0,8290.0,2454,-2862,109.9,0.0,1117.0,0,0,0,809,d4a,d4a,d4a,d4a,1,0,0,1,0,0,0,0,0,0,0,1,0,0,1,0,1,0,0,1,0,1,0,1,1,0,0,0,1,0,1,0,0,1,0,1,0,1,1,0,0,0,1,0,1,0,0,1,0,1,0,1,1,0,0,0,1,0,1,0,0,1,0,1,0,1,1,0,0
2024,11,5,17:41:14.766,10.76,45,120.6,0.8143,5574.2,4190.9,7.923,0.02,0.02,0.02,0.02,639.0,396.0,-438.0,8303.0,2462,-2871,111.2,0.0,1117.0,0,0,0,809,d4a,d4a,d4a,d4a,1,0,0,1,0,0,0,0,0,0,0,1,0,0,1,0,1,0,0,1,0,1,0,1,1,0,0,0,1,0,1,0,0,1,0,1,0,1,1,0,0,0,1,0,1,0,0,1,0,1,0,1,1,0,0,0,1,0,1,0,0,1,0,1,0,1,1,0,0
2024,11,5,17:41:14.786,10.78,65,120.6,0.8143,5574.2,4190.9,7.924,0.02,0.02,0.02,0.02,638.0,395.0,-438.0,8316.0,2470,-2880,112.4,0.0,1116.0,0,0,0,809,d4a,d4a,d4a,d4a,1,0,0,1,0,0,0,0,0,0,0,1,0,0,1,0,1,0,0,1,0,1,0,1,1,0,0,0,1,0,1,0,0,1,0,1,0,1,1,0,0,0,1,0,1,0,0,1,0,1,0,1,1,0,0,0,1,0,1,0,0,1,0,1,0,1,1,0,0
2024,11,5,17:41:14.806,10.80,85,120.6,0.8144,5572.3,4188.9,7.924,0.02,0.02,0.02,0.02,637.0,395.0,-438.0,8329.0,2478,-2888,113.5,0.0,1117.0,0,0,0,809,d4a,d4a,d4a,d4a,1,0,0,1,0,0,0,0,0,0,0,1,0,0,1,0,1,0,0,1,0,1,0,1,1,0,0,0,1,0,1,0,0,1,0,1,0,1,1,0,0,0,1,0,1,0,0,1,0,1,0,1,1,0,0,0,1,0,1,0,0,1,0,1,0,1,1,0,0
2024,11,5,17:41:14.826,10.82,105,120.6,0.8144,5572.3,4188.9,7.924,0.02,0.02,0.02,0.02,636.0,395.0,-438.0,8342.0,2486,-2897,114.6,0.0,1117.0,0,0,0,809,d4a,d4a,d4a,d4a,1,0,0,1,0,0,0,0,0,0,0,1,0,0,1,0,1,0,0,1,0,1,0,1,1,0,0,0,1,0,1,0,0,1,0,1,0,1,1,0,0,0,1,0,1,0,0,1,0,1,0,1,1,0,0,0,1,0,1,0,0,1,0,1,0,1,1,0,0
2024,11,5,17:41:14.846,10.84,125,120.6,0.8142,5577.5,4194.1,7.924,0.02,0.02,0.02,0.02,635.0,395.0,-438.0,8354.0,2494,-2906,115.7,0.0,1117.0,0,0,0,809,d4a,d4a,d4a,d4a,1,0,0,1,0,0,0,0,0,0,0,1,0,0,1,0,1,0,0,1,0,1,0,1,1,0,0,0,1,0,1,0,0,1,0,1,0,1,1,0,0,0,1,0,1,0,0,1,0,1,0,1,1,0,0,0,1,0,1,0,0,1,0,1,0,1,1,0,0
2024,11,5,17:41:14.866,10.86,145,120.6,0.8142,5577.5,4194.1,7.925,0.02,0.02,0.02,0.02,634.0,395.0,-438.0,8367.0,2501,-2915,116.8,0.0,1117.0,0,0,0,809,d4a,d4a,d4a,d4a,1,0,0,1,0,0,0,0,0,0,0,1,0,0,1,0,1,0,0,1,0,1,0,1,1,0,0,0,1,0,1,0,0,1,0,1,0,1,1,0,0,0,1,0,1,0,0,1,0,1,0,1,1,0,0,0,1,0,1,0,0,1,0,1,0,1,1,0,0
2024,11,5,17:41:14.886,10.88,165,120.6,0.8143,5574.2,4190.9,7.923,0.02,0.02,0.02,0.02,633.0,395.0,-438.0,8380.0,2509,-2923,118.0,0.0,1117.0,0,0,0,809,d4a,d4a,d4a,d4a,1,0,0,1,0,0,0,0,0,0,0,1,0,0,1,0,1,0,0,1,0,1,0,1,1,0,0,0,1,0,1,0,0,1,0,1,0,1,1,0,0,0,1,0,1,0,0,1,0,1,0,1,1,0,0,0,1,0,1,0,0,1,0,1,0,1,1,0,0
2024,11,5,17:41:14.906,10.90,185,120.6,0.8143,5574.2,4190.9,7.924,0.02,0.02,0.02,0.02,633.0,395.0,-439.0,8392.0,2517,-2932,119.1,0.0,1118.0,0,0,0,809,d4a,d4a,d4a,d4a,1,0,0,1,0,0,0,0,0,0,0,1,0,0,1,0,1,0,0,1,0,1,0,1,1,0,0,0,1,0,1,0,0,1,0,1,0,1,1,0,0,0,1,0,1,0,0,1,0,1,0,1,1,0,0,0,1,0,1,0,0,1,0,1,0,1,1,0,0
2024,11,5,17:41:14.926,10.92,205,120.6,0.8142,5577.5,4194.1,7.924,0.02,0.02,0.02,0.02,632.0,395.0,-439.0,8405.0,2525,-2941,120.0,0.0,1119.0,0,0,0,809,d4a,d4a,d4a,d4a,1,0,0,1,0,0,0,0,0,0,0,1,0,0,1,0,1,0,0,1,0,1,0,1,1,0,0,0,1,0,1,0,0,1,0,1,0,1,1,0,0,0,1,0,1,0,0,1,0,1,0,1,1,0,0,0,1,0,1,0,0,1,0,1,0,1,1,0,0
2024,11,5,17:41:14.946,10.94,225,120.6,0.8142,5576.9,4193.5,7.925,0.02,0.02,0.02,0.02,631.0,394.0,-439.0,8418.0,2533,-2950,120.9,0.0,1120.0,0,0,0,809,d4a,d4a,d4a,d4a,1,0,0,1,0,0,0,0,0,0,0,1,0,0,1,0,1,0,0,1,0,1,0,1,1,0,0,0,1,0,1,0,0,1,0,1,0,1,1,0,0,0,1,0,1,0,0,1,0,1,0,1,1,0,0,0,1,0,1,0,0,1,0,1,0,1,1,0,0
2024,11,5,17:41:14.966,10.96,245,120.6,0.8145,5568.4,4185.0,7.924,0.02,0.02,0.02,0.02,630.0,394.0,-439.0,8430.0,2541,-2959,121.5,0.0,1121.0,0,0,0,809,d4a,d4a,d4a,d4a,1,0,0,1,0,0,0,0,0,0,0,1,0,0,1,0,1,0,0,1,0,1,0,1,1,0,0,0,1,0,1,0,0,1,0,1,0,1,1,0,0,0,1,0,1,0,0,1,0,1,0,1,1,0,0,0,1,0,1,0,0,1,0,1,0,1,1,0,0
2024,11,5,17:41:14.986,10.98,15,120.6,0.8145,5569.0,4185.6,7.924,0.02,0.02,0.02,0.02,629.0,394.0,-439.0,8443.0,2549,-2967,122.0,0.0,1122.0,0,0,0,809,d4a,d4a,d4a,d4a,1,0,0,1,0,0,0,0,0,0,0,1,0,0,1,0,1,0,0,1,0,1,0,1,1,0,0,0,1,0,1,0,0,1,0,1,0,1,1,0,0,0,1,0,1,0,0,1,0,1,0,1,1,0,0,0,1,0,1,0,0,1,0,1,0,1,1,0,0
2024,11,5,17:41:15.006,11.00,35,120.6,0.8144,5570.3,4186.9,7.924,0.02,0.02,0.02,0.02,628.0,394.0,-439.0,8455.0,2557,-2976,122.5,0.0,1123.0,0,0,0,809,d4a,d4a,d4a,d4a,1,0,0,1,0,0,0,0,0,0,0,1,0,0,1,0,1,0,0,1,0,1,0,1,1,0,0,0,1,0,1,0,0,1,0,1,0,1,1,0,0,0,1,0,1,0,0,1,0,1,0,1,1,0,0,0,1,0,1,0,0,1,0,1,0,1,1,0,0
2024,11,5,17:41:15.026,11.02,55,120.6,0.8144,5571.0,4187.6,7.925,0.02,0.02,0.02,0.02,628.0,394.0,-439.0,8468.0,2565,-2985,122.8,0.0,1124.0,0,0,0,809,d4a,d4a,d4a,d4a,1,0,0,1,0,0,0,0,0,0,0,1,0,0,1,0,1,0,0,1,0,1,0,1,1,0,0,0,1,0,1,0,0,1,0,1,0,1,1,0,0,0,1,0,1,0,0,1,0,1,0,1,1,0,0,0,1,0,1,0,0,1,0,1,0,1,1,0,0
2024,11,5,17:41:15.046,11.04,75,120.6,0.8144,5572.3,4188.9,7.924,0.02,0.02,0.02,0.02,627.0,394.0,-439.0,8481.0,2572,-2994,123.1,0.0,1126.0,0,0,0,809,d4a,d4a,d4a,d4a,1,0,0,1,0,0,0,0,0,0,0,1,0,0,1,0,1,0,0,1,0,1,0,1,1,0,0,0,1,0,1,0,0,1,0,1,0,1,1,0,0,0,1,0,1,0,0,1,0,1,0,1,1,0,0,0,1,0,1,0,0,1,0,1,0,1,1,0,0
2024,11,5,17:41:15.066,11.06,95,120.6,0.8144,5572.3,4188.9,7.925,0.02,0.02,0.02,0.02,626.0,394.0,-440.0,8493.0,2580,-3003,123.2,0.0,1127.0,0,0,0,809,d4a,d4a,d4a,d4a,1,0,0,1,0,0,0,0,0,0,0,1,0,0,1,0,1,0,0,1,0,1,0,1,1,0,0,0,1,0,1,0,0,1,0,1,0,1,1,0,0,0,1,0,1,0,0,1,0,1,0,1,1,0,0,0,1,0,1,0,0,1,0,1,0,1,1,0,0
2024,11,5,17:41:15.086,11.08,115,120.6,0.8144,5572.3,4188.9,7.925,0.02,0.02,0.02,0.02,625.0,394.0,-440.0,8506.0,2588,-3011,123.1,0.0,1129.0,0,0,0,809,d4a,d4a,d4a,d4a,1,0,0,1,0,0,0,0,0,0,0,1,0,0,1,0,1,0,0,1,0,1,0,1,1,0,0,0,1,0,1,0,0,1,0,1,0,1,1,0,0,0,1,0,1,0,0,1,0,1,0,1,1,0,0,0,1,0,1,0,0,1,0,1,0,1,1,0,0
2024,11,5,17:41:15.106,11.10,135,120.6,0.8144,5572.3,4188.9,7.924,0.02,0.02,0.02,0.02,624.0,393.0,-440.0,8518.0,2596,-3020,122.9,0.0,1131.0,0,0,0,809,d4a,d4a,d4a,d4a,1,0,0,1,0,0,0,0,0,0,0,1,0,0,1,0,1,0,0,1,0,1,0,1,1,0,0,0,1,0,1,0,0,1,0,1,0,1,1,0,0,0,1,0,1,0,0,1,0,1,0,1,1,0,0,0,1,0,1,0,0,1,0,1,0,1,1,0,0
2024,11,5,17:41:15.126,11.12,155,120.6,0.8143,5574.2,4190.9,7.924,0.02,0.02,0.02,0.02,623.0,393.0,-440.0,8531.0,2604,-3029,122.6,0.0,1132.0,0,0,0,809,d4a,d4a,d4a,d4a,1,0,0,1,0,0,0,0,0,0,0,1,0,0,1,0,1,0,0,1,0,1,0,1,1,0,0,0,1,0,1,0,0,1,0,1,0,1,1,0,0,0,1,0,1,0,0,1,0,1,0,1,1,0,0,0,1,0,1,0,0,1,0,1,0,1,1,0,0
2024,11,5,17:41:15.146,11.14,175,120.6,0.8143,5573.6,4190.2,7.923,0.02,0.02,0.02,0.02,622.0,393.0,-440.0,8543.0,2612,-3038,122.1,0.0,1134.0,0,0,0,809,d4a,d4a,d4a,d4a,1,0,0,1,0,0,0,0,0,0,0,1,0,0,1,0,1,0,0,1,0,1,0,1,1,0,0,0,1,0,1,0,0,1,0,1,0,1,1,0,0,0,1,0,1,0,0,1,0,1,0,1,1,0,0,0,1,0,1,0,0,1,0,1,0,1,1,0,0
2024,11,5,17:41:15.166,11.16,195,120.6,0.8142,5578.8,4195.4,7.924,0.02,0.02,0.02,0.02,621.0,393.0,-440.0,8555.0,2620,-3047,121.6,0.0,1135.0,0,0,0,809,d4a,d4a,d4a,d4a,1,0,0,1,0,0,0,0,0,0,0,1,0,0,1,0,1,0,0,1,0,1,0,1,1,0,0,0,1,0,1,0,0,1,0,1,0,1,1,0,0,0,1,0,1,0,0,1,0,1,0,1,1,0,0,0,1,0,1,0,0,1,0,1,0,1,1,0,0
2024,11,5,17:41:15.186,11.18,215,120.6,0.8142,5578.8,4195.4,7.924,0.02,0.02,0.02,0.02,621.0,393.0,-440.0,8568.0,2628,-3055,120.9,0.0,1137.0,0,0,0,809,d4a,d4a,d4a,d4a,1,0,0,1,0,0,0,0,0,0,0,1,0,0,1,0,1,0,0,1,0,1,0,1,1,0,0,0,1,0,1,0,0,1,0,1,0,1,1,0,0,0,1,0,1,0,0,1,0,1,0,1,1,0,0,0,1,0,1,0,0,1,0,1,0,1,1,0,0
2024,11,5,17:41:15.206,11.20,235,120.6,0.8143,5574.2,4190.9,7.923,0.02,0.02,0.02,0.02,620.0,393.0,-440.0,8580.0,2636,-3064,120.2,0.0,1138.0,0,0,0,809,d4a,d4a,d4a,d4a,1,0,0,1,0,0,0,0,0,0,0,1,0,0,1,0,1,0,0,1,0,1,0,1,1,0,0,0,1,0,1,0,0,1,0,1,0,1,1,0,0,0,1,0,1,0,0,1,0,1,0,1,1,0,0,0,1,0,1,0,0,1,0,1,0,1,1,0,0
2024,11,5,17:41:15.226,11.22,5,120.6,0.8143,5574.2,4190.9,7.924,0.02,0.02,0.02,0.02,619.0,393.0,-440.0,8593.0,2643,-3073,119.4,0.0,1139.0,0,0,0,809,d4a,d4a,d4a,d4a,1,0,0,1,0,0,0,0,0,0,0,1,0,0,1,0,1,0,0,1,0,1,0,1,1,0,0,0,1,0,1,0,0,1,0,1,0,1,1,0,0,0,1,0,1,0,0,1,0,1,0,1,1,0,0,0,1,0,1,0,0,1,0,1,0,1,1,0,0
2024,11,5,17:41:15.246,11.24,25,120.6,0.8142,5578.8,4195.4,7.924,0.02,0.02,0.02,0.02,618.0,393.0,-441.0,8605.0,2651,-3082,118.5,0.0,1140.0,0,0,0,809,d4a,d4a,d4a,d4a,1,0,0,1,0,0,0,0,0,0,0,1,0,0,1,0,1,0,0,1,0,1,0,1,1,0,0,0,1,0,1,0,0,1,0,1,0,1,1,0,0,0,1,0,1,0,0,1,0,1,0,1,1,0,0,0,1,0,1,0,0,1,0,1,0,1,1,0,0
2024,11,5,17:41:15.266,11.26,45,120.6,0.8142,5578.8,4195.4,7.924,0.02,0.02,0.02,0.02,617.0,392.0,-441.0,8617.0,2659,-3091,117.5,0.0,1140.0,0,0,0,809,d4a,d4a,d4a,d4a,1,0,0,1,0,0,0,0,0,0,0,1,0,0,1,0,1,0,0,1,0,1,0,1,1,0,0,0,1,0,1,0,0,1,0,1,0,1,1,0,0,0,1,0,1,0,0,1,0,1,0,1,1,0,0,0,1,0,1,0,0,1,0,1,0,1,1,0,0
2024,11,5,17:41:15.286,11.28,65,120.6,0.8146,5565.1,4181.7,7.925,0.02,0.02,0.02,0.02,616.0,392.0,-441.0,8630.0,2667,-3099,116.4,0.0,1141.0,0,0,0,809,d4a,d4a,d4a,d4a,1,0,0,1,0,0,0,0,0,0,0,1,0,0,1,0,1,0,0,1,0,1,0,1,1,0,0,0,1,0,1,0,0,1,0,1,0,1,1,0,0,0,1,0,1,0,0,1,0,1,0,1,1,0,0,0,1,0,1,0,0,1,0,1,0,1,1,0,0
2024,11,5,17:41:15.306,11.30,85,120.6,0.8146,5565.1,4181.7,7.925,0.02,0.02,0.02,0.02,615.0,392.0,-441.0,8642.0,2675,-3108,115.3,0.0,1141.0,0,0,0,809,d4a,d4a,d4a,d4a,1,0,0,1,0,0,0,0,0,0,0,1,0,0,1,0,1,0,0,1,0,1,0,1,1,0,0,0,1,0,1,0,0,1,0,1,0,1,1,0,0,0,1,0,1,0,0,1,0,1,0,1,1,0,0,0,1,0,1,0,0,1,0,1,0,1,1,0,0
2024,11,5,17:41:15.326,11.32,105,120.6,0.8144,5572.3,4188.9,7.925,0.02,0.02,0.02,0.02,614.0,392.0,-441.0,8654.0,2683,-3117,114.1,0.0,1141.0,0,0,0,809,d4a,d4a,d4a,d4a,1,0,0,1,0,0,0,0,0,0,0,1,0,0,1,0,1,0,0,1,0,1,0,1,1,0,0,0,1,0,1,0,0,1,0,1,0,1,1,0,0,0,1,0,1,0,0,1,0,1,0,1,1,0,0,0,1,0,1,0,0,1,0,1,0,1,1,0,0
2024,11,5,17:41:15.346,11.34,125,120.6,0.8144,5572.3,4188.9,7.925,0.02,0.02,0.02,0.02,613.0,392.0,-441.0,8667.0,2690,-3126,112.8,0.0,1141.0,0,0,0,809,d4a,d4a,d4a,d4a,1,0,0,1,0,0,0,0,0,0,0,1,0,0,1,0,1,0,0,1,0,1,0,1,1,0,0,0,1,0,1,0,0,1,0,1,0,1,1,0,0,0,1,0,1,0,0,1,0,1,0,1,1,0,0,0,1,0,1,0,0,1,0,1,0,1,1,0,0
2024,11,5,17:41:15.366,11.36,145,120.6,0.8144,5572.3,4188.9,7.920,0.02,0.02,0.02,0.02,612.0,391.0,-441.0,8679.0,2698,-3135,111.6,0.0,1140.0,0,0,0,809,d4a,d4a,d4a,d4a,1,0,0,1,0,0,0,0,0,0,0,1,0,0,1,0,1,0,0,1,0,1,0,1,1,0,0,0,1,0,1,0,0,1,0,1,0,1,1,0,0,0,1,0,1,0,0,1,0,1,0,1,1,0,0,0,1,0,1,0,0,1,0,1,0,1,1,0,0
2024,11,5,17:41:15.386,11.38,165,120.6,0.8144,5572.3,4188.9,7.924,0.02,0.02,0.02,0.02,611.0,391.0,-441.0,8691.0,2706,-3144,110.3,0.0,1140.0,0,0,0,809,d4a,d4a,d4a,d4a,1,0,0,1,0,0,0,0,0,0,0,1,0,0,1,0,1,0,0,1,0,1,0,1,1,0,0,0,1,0,1,0,0,1,0,1,0,1,1,0,0,0,1,0,1,0,0,1,0,1,0,1,1,0,0,0,1,0,1,0,0,1,0,1,0,1,1,0,0
2024,11,5,17:41:15.406,11.40,185,120.6,0.8145,5569.0,4185.6,7.925,0.02,0.02,0.02,0.02,611.0,391.0,-441.0,8703.0,2714,-3152,108.9,0.0,1139.0,0,0,0,809,d4a,d4a,d4a,d4a,1,0,0,1,0,0,0,0,0,0,0,1,0,0,1,0,1,0,0,1,0,1,0,1,1,0,0,0,1,0,1,0,0,1,0,1,0,1,1,0,0,0,1,0,1,0,0,1,0,1,0,1,1,0,0,0,1,0,1,0,0,1,0,1,0,1,1,0,0
2024,11,5,17:41:15.426,11.42,205,120.6,0.8145,5569.0,4185.6,7.924,0.02,0.02,0.02,0.02,609.0,391.0,-442.0,8716.0,2722,-3161,107.7,0.0,1138.0,0,0,0,809,d4a,d4a,d4a,d4a,1,0,0,1,0,0,0,0,0,0,0,1,0,0,1,0,1,0,0,1,0,1,0,1,1,0,0,0,1,0,1,0,0,1,0,1,0,1,1,0,0,0,1,0,1,0,0,1,0,1,0,1,1,0,0,0,1,0,1,0,0,1,0,1,0,1,1,0,0
2024,11,5,17:41:15.446,11.44,225,120.6,0.8145,5567.7,4184.3,7.925,0.02,0.02,0.02,0.02,608.0,390.0,-442.0,8728.0,2730,-3170,106.6,0.0,1137.0,0,0,0,809,d4a,d4a,d4a,d4a,1,0,0,1,0,0,0,0,0,0,0,1,0,0,1,0,1,0,0,1,0,1,0,1,1,0,0,0,1,0,1,0,0,1,0,1,0,1,1,0,0,0,1,0,1,0,0,1,0,1,0,1,1,0,0,0,1,0,1,0,0,1,0,1,0,1,1,0,0
2024,11,5,17:41:15.466,11.46,245,120.6,0.8145,5567.7,4184.3,7.926,0.02,0.02,0.02,0.02,607.0,390.0,-442.0,8740.0,2737,-3179,105.6,0.0,1135.0,0,0,0,809,d4a,d4a,d4a,d4a,1,0,0,1,0,0,0,0,0,0,0,1,0,0,1,0,1,0,0,1,0,1,0,1,1,0,0,0,1,0,1,0,0,1,0,1,0,1,1,0,0,0,1,0,1,0,0,1,0,1,0,1,1,0,0,0,1,0,1,0,0,1,0,1,0,1,1,0,0
2024,11,5,17:41:15.486,11.48,15,120.6,0.8146,5563.8,4180.4,7.924,0.02,0.02,0.02,0.02,606.0,390.0,-442.0,8752.0,2745,-3188,104.9,0.0,1134.0,0,0,0,809,d4a,d4a,d4a,d4a,1,0,0,1,0,0,0,0,0,0,0,1,0,0,1,0,1,0,0,1,0,1,0,1,1,0,0,0,1,0,1,0,0,1,0,1,0,1,1,0,0,0,1,0,1,0,0,1,0,1,0,1,1,0,0,0,1,0,1,0,0,1,0,1,0,1,1,0,0
2024,11,5,17:41:15.506,11.50,35,120.6,0.8146,5563.8,4180.4,7.925,0.02,0.02,0.02,0.02,605.0,390.0,-442.0,8764.0,2753,-3197,104.6,0.0,1132.0,0,0,0,809,d4a,d4a,d4a,d4a,1,0,0,1,0,0,0,0,0,0,0,1,0,0,1,0,1,0,0,1,0,1,0,1,1,0,0,0,1,0,1,0,0,1,0,1,0,1,1,0,0,0,1,0,1,0,0,1,0,1,0,1,1,0,0,0,1,0,1,0,0,1,0,1,0,1,1,0,0
2024,11,5,17:41:15.526,11.52,55,120.6,0.8148,5557.3,4173.9,7.926,0.02,0.02,0.02,0.02,604.0,390.0,-442.0,8776.0,2761,-3206,104.5,0.0,1130.0,0,0,0,809,d4a,d4a,d4a,d4a,1,0,0,1,0,0,0,0,0,0,0,1,0,0,1,0,1,0,0,1,0,1,0,1,1,0,0,0,1,0,1,0,0,1,0,1,0,1,1,0,0,0,1,0,1,0,0,1,0,1,0,1,1,0,0,0,1,0,1,0,0,1,0,1,0,1,1,0,0
2024,11,5,17:41:15.546,11.54,75,120.6,0.8148,5557.3,4173.9,7.925,0.02,0.02,0.02,0.02,603.0,390.0,-442.0,8788.0,2769,-3214,104.4,0.0,1128.0,0,0,0,809,d4a,d4a,d4a,d4a,1,0,0,1,0,0,0,0,0,0,0,1,0,0,1,0,1,0,0,1,0,1,0,1,1,0,0,0,1,0,1,0,0,1,0,1,0,1,1,0,0,0,1,0,1,0,0,1,0,1,0,1,1,0,0,0,1,0,1,0,0,1,0,1,0,1,1,0,0
2024,11,5,17:41:15.566,11.56,95,120.6,0.8147,5560.5,4177.1,7.925,0.02,0.02,0.02,0.02,602.0,390.0,-443.0,8801.0,2777,-3223,104.4,0.0,1126.0,0,0,0,809,d4a,d4a,d4a,d4a,1,0,0,1,0,0,0,0,0,0,0,1,0,0,1,0,1,0,0,1,0,1,0,1,1,0,0,0,1,0,1,0,0,1,0,1,0,1,1,0,0,0,1,0,1,0,0,1,0,1,0,1,1,0,0,0,1,0,1,0,0,1,0,1,0,1,1,0,0
2024,11,5,17:41:15.586,11.58,115,120.6,0.8147,5560.5,4177.1,7.925,0.02,0.02,0.02,0.02,601.0,389.0,-443.0,8813.0,2784,-3232,104.5,0.0,1124.0,0,0,0,809,d4a,d4a,d4a,d4a,1,0,0,1,0,0,0,0,0,0,0,1,0,0,1,0,1,0,0,1,0,1,0,1,1,0,0,0,1,0,1,0,0,1,0,1,0,1,1,0,0,0,1,0,1,0,0,1,0,1,0,1,1,0,0,0,1,0,1,0,0,1,0,1,0,1,1,0,0
2024,11,5,17:41:15.606,11.60,135,120.6,0.8147,5562.5,4179.1,7.925,0.02,0.02,0.02,0.02,600.0,389.0,-443.0,8825.0,2792,-3241,105.0,0.0,1122.0,0,0,0,809,d4a,d4a,d4a,d4a,1,0,0,1,0,0,0,0,0,0,0,1,0,0,1,0,1,0,0,1,0,1,0,1,1,0,0,0,1,0,1,0,0,1,0,1,0,1,1,0,0,0,1,0,1,0,0,1,0,1,0,1,1,0,0,0,1,0,1,0,0,1,0,1,0,1,1,0,0
2024,11,5,17:41:15.626,11.62,155,120.6,0.8147,5561.8,4178.4,7.924,0.02,0.02,0.02,0.02,599.0,389.0,-443.0,8837.0,2800,-3250,105.6,0.0,1120.0,0,0,0,809,d4a,d4a,d4a,d4a,1,0,0,1,0,0,0,0,0,0,0,1,0,0,1,0,1,0,0,1,0,1,0,1,1,0,0,0,1,0,1,0,0,1,0,1,0,1,1,0,0,0,1,0,1,0,0,1,0,1,0,1,1,0,0,0,1,0,1,0,0,1,0,1,0,1,1,0,0
2024,11,5,17:41:15.646,11.64,175,120.6,0.8150,5553.3,4169.9,7.926,0.02,0.02,0.02,0.02,598.0,389.0,-443.0,8849.0,2808,-3259,106.2,0.0,1118.0,0,0,0,809,d4a,d4a,d4a,d4a,1,0,0,1,0,0,0,0,0,0,0,1,0,0,1,0,1,0,0,1,0,1,0,1,1,0,0,0,1,0,1,0,0,1,0,1,0,1,1,0,0,0,1,0,1,0,0,1,0,1,0,1,1,0,0,0,1,0,1,0,0,1,0,1,0,1,1,0,0
2024,11,5,17:41:15.666,11.66,195,120.6,0.8149,5554.0,4170.6,7.925,0.02,0.02,0.02,0.02,597.0,389.0,-443.0,8860.0,2815,-3268,106.9,0.0,1117.0,0,0,0,809,d4a,d4a,d4a,d4a,1,0,0,1,0,0,0,0,0,0,0,1,0,0,1,0,1,0,0,1,0,1,0,1,1,0,0,0,1,0,1,0,0,1,0,1,0,1,1,0,0,0,1,0,1,0,0,1,0,1,0,1,1,0,0,0,1,0,1,0,0,1,0,1,0,1,1,0,0
2024,11,5,17:41:15.686,11.68,215,120.6,0.8152,5546.8,4163.4,7.926,0.02,0.02,0.02,0.02,595.0,388.0,-443.0,8872.0,2823,-3276,107.7,0.0,1116.0,0,0,0,809,d4a,d4a,d4a,d4a,1,0,0,1,0,0,0,0,0,0,0,1,0,0,1,0,1,0,0,1,0,1,0,1,1,0,0,0,1,0,1,0,0,1,0,1,0,1,1,0,0,0,1,0,1,0,0,1,0,1,0,1,1,0,0,0,1,0,1,0,0,1,0,1,0,1,1,0,0
2024,11,5,17:41:15.706,11.70,235,120.6,0.8151,5547.5,4164.1,7.926,0.02,0.02,0.02,0.02,594.0,388.0,-444.0,8884.0,2831,-3285,108.4,0.0,1115.0,0,0,0,809,d4a,d4a,d4a,d4a,1,0,0,1,0,0,0,0,0,0,0,1,0,0,1,0,1,0,0,1,0,1,0,1,1,0,0,0,1,0,1,0,0,1,0,1,0,1,1,0,0,0,1,0,1,0,0,1,0,1,0,1,1,0,0,0,1,0,1,0,0,1,0,1,0,1,1,0,0
2024,11,5,17:41:15.726,11.72,5,120.6,0.8153,5542.2,4158.8,7.925,0.02,0.02,0.02,0.02,593.0,388.0,-444.0,8896.0,2839,-3294,109.2,0.0,1115.0,0,0,0,809,d4a,d4a,d4a,d4a,1,0,0,1,0,0,0,0,0,0,0,1,0,0,1,0,1,0,0,1,0,1,0,1,1,0,0,0,1,0,1,0,0,1,0,1,0,1,1,0,0,0,1,0,1,0,0,1,0,1,0,1,1,0,0,0,1,0,1,0,0,1,0,1,0,1,1,0,0
2024,11,5,17:41:15.746,11.74,25,120.6,0.8153,5542.2,4158.8,7.926,0.02,0.02,0.02,0.02,592.0,388.0,-444.0,8908.0,2847,-3303,110.1,0.0,1114.0,0,0,0,809,d4a,d4a,d4a,d4a,1,0,0,1,0,0,0,0,0,0,0,1,0,0,1,0,1,0,0,1,0,1,0,1,1,0,0,0,1,0,1,0,0,1,0,1,0,1,1,0,0,0,1,0,1,0,0,1,0,1,0,1,1,0,0,0,1,0,1,0,0,1,0,1,0,1,1,0,0
2024,11,5,17:41:15.766,11.76,45,120.6,0.8153,5542.2,4158.8,7.925,0.02,0.02,0.02,0.02,591.0,387.0,-444.0,8920.0,2854,-3312,111.2,0.0,1114.0,0,0,0,809,d4a,d4a,d4a,d4a,1,0,0,1,0,0,0,0,0,0,0,1,0,0,1,0,1,0,0,1,0,1,0,1,1,0,0,0,1,0,1,0,0,1,0,1,0,1,1,0,0,0,1,0,1,0,0,1,0,1,0,1,1,0,0,0,1,0,1,0,0,1,0,1,0,1,1,0,0
2024,11,5,17:41:15.786,11.78,65,120.6,0.8153,5541.6,4158.2,7.926,0.02,0.02,0.02,0.02,590.0,387.0,-445.0,8932.0,2862,-3321,112.2,0.0,1115.0,0,0,0,809,d4a,d4a,d4a,d4a,1,0,0,1,0,0,0,0,0,0,0,1,0,0,1,0,1,0,0,1,0,1,0,1,1,0,0,0,1,0,1,0,0,1,0,1,0,1,1,0,0,0,1,0,1,0,0,1,0,1,0,1,1,0,0,0,1,0,1,0,0,1,0,1,0,1,1,0,0
2024,11,5,17:41:15.806,11.80,85,120.6,0.8154,5538.3,4154.9,7.925,0.02,0.02,0.02,0.02,589.0,387.0,-445.0,8944.0,2870,-3330,113.2,0.0,1116.0,0,0,0,809,d4a,d4a,d4a,d4a,1,0,0,1,0,0,0,0,0,0,0,1,0,0,1,0,1,0,0,1,0,1,0,1,1,0,0,0,1,0,1,0,0,1,0,1,0,1,1,0,0,0,1,0,1,0,0,1,0,1,0,1,1,0,0,0,1,0,1,0,0,1,0,1,0,1,1,0,0
2024,11,5,17:41:15.826,11.82,105,120.6,0.8154,5538.3,4154.9,7.925,0.02,0.02,0.02,0.02,588.0,387.0,-445.0,8955.0,2878,-3339,114.2,0.0,1116.0,0,0,0,809,d4a,d4a,d4a,d4a,1,0,0,1,0,0,0,0,0,0,0,1,0,0,1,0,1,0,0,1,0,1,0,1,1,0,0,0,1,0,1,0,0,1,0,1,0,1,1,0,0,0,1,0,1,0,0,1,0,1,0,1,1,0,0,0,1,0,1,0,0,1,0,1,0,1,1,0,0
2024,11,5,17:41:15.846,11.84,125,120.6,0.8154,5540.3,4156.9,7.925,0.02,0.02,0.02,0.02,587.0,387.0,-445.0,8967.0,2885,-3348,115.1,0.0,1118.0,0,0,0,809,d4a,d4a,d4a,d4a,1,0,0,1,0,0,0,0,0,0,0,1,0,0,1,0,1,0,0,1,0,1,0,1,1,0,0,0,1,0,1,0,0,1,0,1,0,1,1,0,0,0,1,0,1,0,0,1,0,1,0,1,1,0,0,0,1,0,1,0,0,1,0,1,0,1,1,0,0
2024,11,5,17:41:15.866,11.86,145,120.6,0.8154,5540.3,4156.9,7.924,0.02,0.02,0.02,0.02,586.0,386.0,-446.0,8979.0,2893,-3357,116.0,0.0,1119.0,0,0,0,809,d4a,d4a,d4a,d4a,1,0,0,1,0,0,0,0,0,0,0,1,0,0,1,0,1,0,0,1,0,1,0,1,1,0,0,0,1,0,1,0,0,1,0,1,0,1,1,0,0,0,1,0,1,0,0,1,0,1,0,1,1,0,0,0,1,0,1,0,0,1,0,1,0,1,1,0,0
2024,11,5,17:41:15.886,11.88,165,120.6,0.8154,5539.0,4155.6,7.925,0.02,0.02,0.02,0.02,585.0,386.0,-446.0,8991.0,2901,-3366,116.7,0.0,1120.0,0,0,0,809,d4a,d4a,d4a,d4a,1,0,0,1,0,0,0,0,0,0,0,1,0,0,1,0,1,0,0,1,0,1,0,1,1,0,0,0,1,0,1,0,0,1,0,1,0,1,1,0,0,0,1,0,1,0,0,1,0,1,0,1,1,0,0,0,1,0,1,0,0,1,0,1,0,1,1,0,0
2024,11,5,17:41:15.906,11.90,185,120.6,0.8154,5538.3,4154.9,7.925,0.02,0.02,0.02,0.02,585.0,386.0,-446.0,9002.0,2909,-3374,117.4,0.0,1121.0,0,0,0,809,d4a,d4a,d4a,d4a,1,0,0,1,0,0,0,0,0,0,0,1,0,0,1,0,1,0,0,1,0,1,0,1,1,0,0,0,1,0,1,0,0,1,0,1,0,1,1,0,0,0,1,0,1,0,0,1,0,1,0,1,1,0,0,0,1,0,1,0,0,1,0,1,0,1,1,0,0
2024,11,5,17:41:15.926,11.92,205,120.6,0.8154,5538.3,4154.9,7.927,0.02,0.02,0.02,0.02,584.0,386.0,-446.0,9014.0,2916,-3383,117.9,0.0,1123.0,0,0,0,809,d4a,d4a,d4a,d4a,1,0,0,1,0,0,0,0,0,0,0,1,0,0,1,0,1,0,0,1,0,1,0,1,1,0,0,0,1,0,1,0,0,1,0,1,0,1,1,0,0,0,1,0,1,0,0,1,0,1,0,1,1,0,0,0,1,0,1,0,0,1,0,1,0,1,1,0,0
2024,11,5,17:41:15.946,11.94,225,120.6,0.8154,5539.0,4155.6,7.925,0.02,0.02,0.02,0.02,582.0,386.0,-446.0,9026.0,2924,-3392,118.5,0.0,1124.0,0,0,0,809,d4a,d4a,d4a,d4a,1,0,0,1,0,0,0,0,0,0,0,1,0,0,1,0,1,0,0,1,0,1,0,1,1,0,0,0,1,0,1,0,0,1,0,1,0,1,1,0,0,0,1,0,1,0,0,1,0,1,0,1,1,0,0,0,1,0,1,0,0,1,0,1,0,1,1,0,0
2024,11,5,17:41:15.966,11.96,245,120.6,0.8156,5533.7,4150.4,7.926,0.02,0.02,0.02,0.02,581.0,386.0,-447.0,9037.0,2932,-3401,119.1,0.0,1125.0,0,0,0,809,d4a,d4a,d4a,d4a,1,0,0,1,0,0,0,0,0,0,0,1,0,0,1,0,1,0,0,1,0,1,0,1,1,0,0,0,1,0,1,0,0,1,0,1,0,1,1,0,0,0,1,0,1,0,0,1,0,1,0,1,1,0,0,0,1,0,1,0,0,1,0,1,0,1,1,0,0
2024,11,5,17:41:15.986,11.98,15,120.6,0.8156,5533.7,4150.4,7.925,0.02,0.02,0.02,0.02,580.0,386.0,-447.0,9049.0,2939,-3410,119.7,0.0,1126.0,0,0,0,809,d4a,d4a,d4a,d4a,1,0,0,1,0,0,0,0,0,0,0,1,0,0,1,0,1,0,0,1,0,1,0,1,1,0,0,0,1,0,1,0,0,1,0,1,0,1,1,0,0,0,1,0,1,0,0,1,0,1,0,1,1,0,0,0,1,0,1,0,0,1,0,1,0,1,1,0,0
2024,11,5,17:41:16.006,12.00,35,120.6,0.8157,5528.5,4145.1,7.926,0.02,0.02,0.02,0.02,579.0,386.0,-447.0,9061.0,2947,-3419,120.4,0.0,1126.0,0,0,0,809,d4a,d4a,d4a,d4a,1,0,0,1,0,0,0,0,0,0,0,1,0,0,1,0,1,0,0,1,0,1,0,1,1,0,0,0,1,0,1,0,0,1,0,1,0,1,1,0,0,0,1,0,1,0,0,1,0,1,0,1,1,0,0,0,1,0,1,0,0,1,0,1,0,1,1,0,0
2024,11,5,17:41:16.026,12.02,55,120.6,0.8157,5528.5,4145.1,7.925,0.02,0.02,0.02,0.02,578.0,386.0,-447.0,9072.0,2955,-3428,121.1,0.0,1127.0,0,0,0,809,d4a,d4a,d4a,d4a,1,0,0,1,0,0,0,0,0,0,0,1,0,0,1,0,1,0,0,1,0,1,0,1,1,0,0,0,1,0,1,0,0,1,0,1,0,1,1,0,0,0,1,0,1,0,0,1,0,1,0,1,1,0,0,0,1,0,1,0,0,1,0,1,0,1,1,0,0
2024,11,5,17:41:16.046,12.04,75,120.6,0.8156,5533.7,4150.4,7.924,0.02,0.02,0.02,0.02,577.0,386.0,-447.0,9084.0,2963,-3437,121.8,0.0,1127.0,0,0,0,809,d4a,d4a,d4a,d4a,1,0,0,1,0,0,0,0,0,0,0,1,0,0,1,0,1,0,0,1,0,1,0,1,1,0,0,0,1,0,1,0,0,1,0,1,0,1,1,0,0,0,1,0,1,0,0,1,0,1,0,1,1,0,0,0,1,0,1,0,0,1,0,1,0,1,1,0,0
2024,11,5,17:41:16.066,12.06,95,120.6,0.8156,5533.1,4149.7,7.924,0.02,0.02,0.02,0.02,576.0,386.0,-448.0,9095.0,2970,-3446,122.6,0.0,1127.0,0,0,0,809,d4a,d4a,d4a,d4a,1,0,0,1,0,0,0,0,0,0,0,1,0,0,1,0,1,0,0,1,0,1,0,1,1,0,0,0,1,0,1,0,0,1,0,1,0,1,1,0,0,0,1,0,1,0,0,1,0,1,0,1,1,0,0,0,1,0,1,0,0,1,0,1,0,1,1,0,0
2024,11,5,17:41:16.086,12.08,115,120.6,0.8158,5526.6,4143.2,7.924,0.02,0.02,0.02,0.02,575.0,386.0,-448.0,9107.0,2978,-3455,123.6,0.0,1126.0,0,0,0,809,d4a,d4a,d4a,d4a,1,0,0,1,0,0,0,0,0,0,0,1,0,0,1,0,1,0,0,1,0,1,0,1,1,0,0,0,1,0,1,0,0,1,0,1,0,1,1,0,0,0,1,0,1,0,0,1,0,1,0,1,1,0,0,0,1,0,1,0,0,1,0,1,0,1,1,0,0
2024,11,5,17:41:16.106,12.10,135,120.6,0.8158,5526.6,4143.2,7.924,0.02,0.02,0.02,0.02,574.0,386.0,-448.0,9118.0,2986,-3464,124.7,0.0,1126.0,0,0,0,809,d4a,d4a,d4a,d4a,1,0,0,1,0,0,0,0,0,0,0,1,0,0,1,0,1,0,0,1,0,1,0,1,1,0,0,0,1,0,1,0,0,1,0,1,0,1,1,0,0,0,1,0,1,0,0,1,0,1,0,1,1,0,0,0,1,0,1,0,0,1,0,1,0,1,1,0,0
2024,11,5,17:41:16.126,12.12,155,120.6,0.8159,5521.3,4138.0,7.924,0.02,0.02,0.02,0.02,573.0,386.0,-448.0,9130.0,2993,-3473,126.0,0.0,1125.0,0,0,0,809,d4a,d4a,d4a,d4a,1,0,0,1,0,0,0,0,0,0,0,1,0,0,1,0,1,0,0,1,0,1,0,1,1,0,0,0,1,0,1,0,0,1,0,1,0,1,1,0,0,0,1,0,1,0,0,1,0,1,0,1,1,0,0,0,1,0,1,0,0,1,0,1,0,1,1,0,0
2024,11,5,17:41:16.146,12.14,175,120.6,0.8159,5522.0,4138.6,7.925,0.02,0.02,0.02,0.02,572.0,386.0,-448.0,9141.0,3001,-3482,127.4,0.0,1124.0,0,0,0,809,d4a,d4a,d4a,d4a,1,0,0,1,0,0,0,0,0,0,0,1,0,0,1,0,1,0,0,1,0,1,0,1,1,0,0,0,1,0,1,0,0,1,0,1,0,1,1,0,0,0,1,0,1,0,0,1,0,1,0,1,1,0,0,0,1,0,1,0,0,1,0,1,0,1,1,0,0
2024,11,5,17:41:16.166,12.16,195,120.6,0.8159,5523.3,4139.9,7.925,0.02,0.02,0.02,0.02,571.0,386.0,-448.0,9153.0,3009,-3491,128.8,0.0,1123.0,0,0,0,809,d4a,d4a,d4a,d4a,1,0,0,1,0,0,0,0,0,0,0,1,0,0,1,0,1,0,0,1,0,1,0,1,1,0,0,0,1,0,1,0,0,1,0,1,0,1,1,0,0,0,1,0,1,0,0,1,0,1,0,1,1,0,0,0,1,0,1,0,0,1,0,1,0,1,1,0,0
2024,11,5,17:41:16.186,12.18,215,120.5,0.8159,5524.0,4140.6,7.924,0.02,0.02,0.02,0.02,570.0,386.0,-449.0,9164.0,3017,-3500,130.2,0.0,1122.0,0,0,0,809,d4a,d4a,d4a,d4a,1,0,0,1,0,0,0,0,0,0,0,1,0,0,1,0,1,0,0,1,0,1,0,1,1,0,0,0,1,0,1,0,0,1,0,1,0,1,1,0,0,0,1,0,1,0,0,1,0,1,0,1,1,0,0,0,1,0,1,0,0,1,0,1,0,1,1,0,0
2024,11,5,17:41:16.206,12.20,235,120.5,0.8158,5525.3,4141.9,7.925,0.02,0.02,0.02,0.02,569.0,386.0,-449.0,9175.0,3024,-3509,131.7,0.0,1121.0,0,0,0,809,d4a,d4a,d4a,d4a,1,0,0,1,0,0,0,0,0,0,0,1,0,0,1,0,1,0,0,1,0,1,0,1,1,0,0,0,1,0,1,0,0,1,0,1,0,1,1,0,0,0,1,0,1,0,0,1,0,1,0,1,1,0,0,0,1,0,1,0,0,1,0,1,0,1,1,0,0
2024,11,5,17:41:16.226,12.22,5,120.6,0.8158,5525.3,4141.9,7.925,0.02,0.02,0.02,0.02,568.0,386.0,-449.0,9187.0,3032,-3518,133.1,0.0,1120.0,0,0,0,809,d4a,d4a,d4a,d4a,1,0,0,1,0,0,0,0,0,0,0,1,0,0,1,0,1,0,0,1,0,1,0,1,1,0,0,0,1,0,1,0,0,1,0,1,0,1,1,0,0,0,1,0,1,0,0,1,0,1,0,1,1,0,0,0,1,0,1,0,0,1,0,1,0,1,1,0,0
2024,11,5,17:41:16.246,12.24,25,120.6,0.8161,5516.8,4133.4,7.924,0.02,0.02,0.02,0.02,567.0,386.0,-449.0,9198.0,3040,-3527,134.6,0.0,1119.0,0,0,0,809,d4a,d4a,d4a,d4a,1,0,0,1,0,0,0,0,0,0,0,1,0,0,1,0,1,0,0,1,0,1,0,1,1,0,0,0,1,0,1,0,0,1,0,1,0,1,1,0,0,0,1,0,1,0,0,1,0,1,0,1,1,0,0,0,1,0,1,0,0,1,0,1,0,1,1,0,0
2024,11,5,17:41:16.266,12.26,45,120.6,0.8161,5516.1,4132.7,7.924,0.02,0.02,0.02,0.02,565.0,386.0,-449.0,9209.0,3048,-3536,136.1,0.0,1118.0,0,0,0,809,d4a,d4a,d4a,d4a,1,0,0,1,0,0,0,0,0,0,0,1,0,0,1,0,1,0,0,1,0,1,0,1,1,0,0,0,1,0,1,0,0,1,0,1,0,1,1,0,0,0,1,0,1,0,0,1,0,1,0,1,1,0,0,0,1,0,1,0,0,1,0,1,0,1,1,0,0
2024,11,5,17:41:16.286,12.28,65,120.6,0.8159,5523.3,4139.9,7.924,0.02,0.02,0.02,0.02,564.0,387.0,-449.0,9221.0,3055,-3545,137.6,0.0,1118.0,0,0,0,809,d4a,d4a,d4a,d4a,1,0,0,1,0,0,0,0,0,0,0,1,0,0,1,0,1,0,0,1,0,1,0,1,1,0,0,0,1,0,1,0,0,1,0,1,0,1,1,0,0,0,1,0,1,0,0,1,0,1,0,1,1,0,0,0,1,0,1,0,0,1,0,1,0,1,1,0,0
2024,11,5,17:41:16.306,12.30,85,120.6,0.8159,5523.3,4139.9,7.925,0.02,0.02,0.02,0.02,563.0,387.0,-449.0,9232.0,3063,-3554,139.1,0.0,1117.0,0,0,0,809,d4a,d4a,d4a,d4a,1,0,0,1,0,0,0,0,0,0,0,1,0,0,1,0,1,0,0,1,0,1,0,1,1,0,0,0,1,0,1,0,0,1,0,1,0,1,1,0,0,0,1,0,1,0,0,1,0,1,0,1,1,0,0,0,1,0,1,0,0,1,0,1,0,1,1,0,0
2024,11,5,17:41:16.326,12.32,105,120.6,0.8159,5523.3,4139.9,7.923,0.02,0.02,0.02,0.02,562.0,387.0,-450.0,9243.0,3071,-3563,140.6,0.0,1116.0,0,0,0,809,d4a,d4a,d4a,d4a,1,0,0,1,0,0,0,0,0,0,0,1,0,0,1,0,1,0,0,1,0,1,0,1,1,0,0,0,1,0,1,0,0,1,0,1,0,1,1,0,0,0,1,0,1,0,0,1,0,1,0,1,1,0,0,0,1,0,1,0,0,1,0,1,0,1,1,0,0
2024,11,5,17:41:16.346,12.34,125,120.6,0.8159,5523.3,4139.9,7.924,0.02,0.02,0.02,0.02,561.0,387.0,-450.0,9255.0,3079,-3572,141.8,0.0,1116.0,0,0,0,809,d4a,d4a,d4a,d4a,1,0,0,1,0,0,0,0,0,0,0,1,0,0,1,0,1,0,0,1,0,1,0,1,1,0,0,0,1,0,1,0,0,1,0,1,0,1,1,0,0,0,1,0,1,0,0,1,0,1,0,1,1,0,0,0,1,0,1,0,0,1,0,1,0,1,1,0,0
2024,11,5,17:41:16.366,12.36,145,120.6,0.8160,5518.1,4134.7,7.924,0.02,0.02,0.02,0.02,560.0,387.0,-450.0,9266.0,3086,-3581,142.8,0.0,1115.0,0,0,0,809,d4a,d4a,d4a,d4a,1,0,0,1,0,0,0,0,0,0,0,1,0,0,1,0,1,0,0,1,0,1,0,1,1,0,0,0,1,0,1,0,0,1,0,1,0,1,1,0,0,0,1,0,1,0,0,1,0,1,0,1,1,0,0,0,1,0,1,0,0,1,0,1,0,1,1,0,0
2024,11,5,17:41:16.386,12.38,165,120.6,0.8160,5518.1,4134.7,7.923,0.02,0.02,0.02,0.02,559.0,387.0,-450.0,9277.0,3094,-3590,143.4,0.0,1115.0,0,0,0,809,d4a,d4a,d4a,d4a,1,0,0,1,0,0,0,0,0,0,0,1,0,0,1,0,1,0,0,1,0,1,0,1,1,0,0,0,1,0,1,0,0,1,0,1,0,1,1,0,0,0,1,0,1,0,0,1,0,1,0,1,1,0,0,0,1,0,1,0,0,1,0,1,0,1,1,0,0
2024,11,5,17:41:16.406,12.40,185,120.6,0.8160,5520.0,4136.7,7.925,0.02,0.02,0.02,0.02,558.0,387.0,-450.0,9288.0,3102,-3599,143.6,0.0,1115.0,0,0,0,809,d4a,d4a,d4a,d4a,1,0,0,1,0,0,0,0,0,0,0,1,0,0,1,0,1,0,0,1,0,1,0,1,1,0,0,0,1,0,1,0,0,1,0,1,0,1,1,0,0,0,1,0,1,0,0,1,0,1,0,1,1,0,0,0,1,0,1,0,0,1,0,1,0,1,1,0,0
2024,11,5,17:41:16.426,12.42,205,120.6,0.8160,5520.0,4136.7,7.925,0.02,0.02,0.02,0.02,558.0,387.0,-450.0,9299.0,3110,-3608,143.3,0.0,1115.0,0,0,0,809,d4a,d4a,d4a,d4a,1,0,0,1,0,0,0,0,0,0,0,1,0,0,1,0,1,0,0,1,0,1,0,1,1,0,0,0,1,0,1,0,0,1,0,1,0,1,1,0,0,0,1,0,1,0,0,1,0,1,0,1,1,0,0,0,1,0,1,0,0,1,0,1,0,1,1,0,0
2024,11,5,17:41:16.446,12.44,225,120.6,0.8158,5526.6,4143.2,7.924,0.02,0.02,0.02,0.02,557.0,387.0,-450.0,9310.0,3117,-3617,142.7,0.0,1116.0,0,0,0,809,d4a,d4a,d4a,d4a,1,0,0,1,0,0,0,0,0,0,0,1,0,0,1,0,1,0,0,1,0,1,0,1,1,0,0,0,1,0,1,0,0,1,0,1,0,1,1,0,0,0,1,0,1,0,0,1,0,1,0,1,1,0,0,0,1,0,1,0,0,1,0,1,0,1,1,0,0
2024,11,5,17:41:16.466,12.46,245,120.5,0.8158,5527.2,4143.8,7.924,0.02,0.02,0.02,0.02,556.0,387.0,-451.0,9322.0,3125,-3626,141.9,0.0,1116.0,0,0,0,80f,d4a,d4a,d4a,d4a,1,1,1,1,0,0,0,0,0,0,0,1,0,0,1,0,1,0,0,1,0,1,0,1,1,0,0,0,1,0,1,0,0,1,0,1,0,1,1,0,0,0,1,0,1,0,0,1,0,1,0,1,1,0,0,0,1,0,1,0,0,1,0,1,0,1,1,0,0
2024,11,5,17:41:16.486,12.48,15,120.5,0.8160,5518.7,4135.3,7.925,0.02,0.02,0.02,0.02,555.0,387.0,-451.0,9333.0,3133,-3635,140.9,0.0,1117.0,0,0,0,80f,d4a,d4a,d4a,d4a,1,1,1,1,0,0,0,0,0,0,0,1,0,0,1,0,1,0,0,1,0,1,0,1,1,0,0,0,1,0,1,0,0,1,0,1,0,1,1,0,0,0,1,0,1,0,0,1,0,1,0,1,1,0,0,0,1,0,1,0,0,1,0,1,0,1,1,0,0
2024,11,5,17:41:16.506,12.50,35,120.6,0.8160,5518.1,4134.7,7.925,0.02,0.02,0.02,0.02,554.0,387.0,-452.0,9344.0,3141,-3644,139.9,0.0,1118.0,0,0,0,80f,d4a,d4a,d4a,d4a,1,1,1,1,0,0,0,0,0,0,0,1,0,0,1,0,1,0,0,1,0,1,0,1,1,0,0,0,1,0,1,0,0,1,0,1,0,1,1,0,0,0,1,0,1,0,0,1,0,1,0,1,1,0,0,0,1,0,1,0,0,1,0,1,0,1,1,0,0
2024,11,5,17:41:16.526,12.52,55,120.6,0.8160,5520.0,4136.7,7.923,0.02,0.02,0.02,0.02,553.0,387.0,-452.0,9355.0,3148,-3653,138.8,0.0,1120.0,0,0,0,80f,d4a,d4a,d4a,d4a,1,1,1,1,0,0,0,0,0,0,0,1,0,0,1,0,1,0,0,1,0,1,0,1,1,0,0,0,1,0,1,0,0,1,0,1,0,1,1,0,0,0,1,0,1,0,0,1,0,1,0,1,1,0,0,0,1,0,1,0,0,1,0,1,0,1,1,0,0
2024,11,5,17:41:16.546,12.54,75,120.6,0.8160,5520.0,4136.7,7.922,0.02,0.02,0.02,0.02,552.0,387.0,-453.0,9366.0,3156,-3662,137.8,0.0,1122.0,0,0,0,80f,d4a,d4a,d4a,d4a,1,1,1,1,0,0,0,0,0,0,0,1,0,0,1,0,1,0,0,1,0,1,0,1,1,0,0,0,1,0,1,0,0,1,0,1,0,1,1,0,0,0,1,0,1,0,0,1,0,1,0,1,1,0,0,0,1,0,1,0,0,1,0,1,0,1,1,0,0
2024,11,5,17:41:16.566,12.56,95,120.6,0.8159,5521.3,4138.0,7.924,0.02,0.02,0.02,0.02,551.0,387.0,-454.0,9377.0,3164,-3671,136.7,0.0,1124.0,0,0,0,80f,d4a,d4a,d4a,d4a,1,1,1,1,0,0,0,0,0,0,0,1,0,0,1,0,1,0,0,1,0,1,0,1,1,0,0,0,1,0,1,0,0,1,0,1,0,1,1,0,0,0,1,0,1,0,0,1,0,1,0,1,1,0,0,0,1,0,1,0,0,1,0,1,0,1,1,0,0
2024,11,5,17:41:16.586,12.58,115,120.5,0.8159,5522.0,4138.6,7.924,0.02,0.02,0.02,0.02,550.0,387.0,-454.0,9388.0,3172,-3680,135.6,0.0,1127.0,0,0,0,80f,d4a,d4a,d4a,d4a,1,1,1,1,0,0,0,0,0,0,0,1,0,0,1,0,1,0,0,1,0,1,0,1,1,0,0,0,1,0,1,0,0,1,0,1,0,1,1,0,0,0,1,0,1,0,0,1,0,1,0,1,1,0,0,0,1,0,1,0,0,1,0,1,0,1,1,0,0
2024,11,5,17:41:16.606,12.60,135,120.5,0.8158,5525.9,4142.5,7.923,0.02,0.02,0.02,0.02,549.0,387.0,-455.0,9399.0,3179,-3689,134.2,0.0,1130.0,0,0,0,80f,d4a,d4a,d4a,d4a,1,1,1,1,0,0,0,0,0,0,0,1,0,0,1,0,1,0,0,1,0,1,0,1,1,0,0,0,1,0,1,0,0,1,0,1,0,1,1,0,0,0,1,0,1,0,0,1,0,1,0,1,1,0,0,0,1,0,1,0,0,1,0,1,0,1,1,0,0
2024,11,5,17:41:16.626,12.62,155,120.6,0.8158,5524.6,4141.2,7.924,0.02,0.02,0.02,0.02,548.0,387.0,-455.0,9410.0,3187,-3698,132.6,0.0,1133.0,0,0,0,80f,d4a,d4a,d4a,d4a,1,1,1,1,0,0,0,0,0,0,0,1,0,0,1,0,1,0,0,1,0,1,0,1,1,0,0,0,1,0,1,0,0,1,0,1,0,1,1,0,0,0,1,0,1,0,0,1,0,1,0,1,1,0,0,0,1,0,1,0,0,1,0,1,0,1,1,0,0
2024,11,5,17:41:16.646,12.64,175,120.6,0.8160,5520.0,4136.7,7.923,0.02,0.02,0.02,0.02,547.0,387.0,-456.0,9421.0,3195,-3708,130.3,0.0,1137.0,0,0,0,80f,d4a,d4a,d4a,d4a,1,1,1,1,0,0,0,0,0,0,0,1,0,0,1,0,1,0,0,1,0,1,0,1,1,0,0,0,1,0,1,0,0,1,0,1,0,1,1,0,0,0,1,0,1,0,0,1,0,1,0,1,1,0,0,0,1,0,1,0,0,1,0,1,0,1,1,0,0
2024,11,5,17:41:16.666,12.66,195,120.5,0.8160,5520.0,4136.7,7.925,0.02,0.02,0.02,0.02,546.0,387.0,-456.0,9432.0,3203,-3717,127.4,0.0,1140.0,0,0,0,80f,d4a,d4a,d4a,d4a,1,1,1,1,0,0,0,0,0,0,0,1,0,0,1,0,1,0,0,1,0,1,0,1,1,0,0,0,1,0,1,0,0,1,0,1,0,1,1,0,0,0,1,0,1,0,0,1,0,1,0,1,1,0,0,0,1,0,1,0,0,1,0,1,0,1,1,0,0
2024,11,5,17:41:16.686,12.68,215,120.5,0.8158,5525.3,4141.9,7.925,0.02,0.02,0.02,0.02,545.0,387.0,-456.0,9443.0,3210,-3726,124.1,0.0,1144.0,0,0,0,80f,d4a,d4a,d4a,d4a,1,1,1,1,0,0,0,0,0,0,0,1,0,0,1,0,1,0,0,1,0,1,0,1,1,0,0,0,1,0,1,0,0,1,0,1,0,1,1,0,0,0,1,0,1,0,0,1,0,1,0,1,1,0,0,0,1,0,1,0,0,1,0,1,0,1,1,0,0
2024,11,5,17:41:16.706,12.70,235,120.6,0.8158,5524.6,4141.2,7.923,0.02,0.02,0.02,0.02,544.0,386.0,-456.0,9454.0,3218,-3735,120.5,0.0,1148.0,0,0,0,80f,d4a,d4a,d4a,d4a,1,1,1,1,0,0,0,0,0,0,0,1,0,0,1,0,1,0,0,1,0,1,0,1,1,0,0,0,1,0,1,0,0,1,0,1,0,1,1,0,0,0,1,0,1,0,0,1,0,1,0,1,1,0,0,0,1,0,1,0,0,1,0,1,0,1,1,0,0
2024,11,5,17:41:16.726,12.72,5,120.6,0.8161,5514.8,4131.4,7.923,0.02,0.02,0.02,0.02,543.0,386.0,-457.0,9465.0,3226,-3744,116.6,0.0,1152.0,0,0,0,80f,d4a,d4a,d4a,d4a,1,1,1,1,0,0,0,0,0,0,0,1,0,0,1,0,1,0,0,1,0,1,0,1,1,0,0,0,1,0,1,0,0,1,0,1,0,1,1,0,0,0,1,0,1,0,0,1,0,1,0,1,1,0,0,0,1,0,1,0,0,1,0,1,0,1,1,0,0
2024,11,5,17:41:16.746,12.74,25,120.6,0.8161,5514.8,4131.4,7.924,0.02,0.02,0.02,0.02,542.0,386.0,-457.0,9475.0,3234,-3753,112.9,0.0,1155.0,0,0,0,80f,d4a,d4a,d4a,d4a,1,1,1,1,0,0,0,0,0,0,0,1,0,0,1,0,1,0,0,1,0,1,0,1,1,0,0,0,1,0,1,0,0,1,0,1,0,1,1,0,0,0,1,0,1,0,0,1,0,1,0,1,1,0,0,0,1,0,1,0,0,1,0,1,0,1,1,0,0
2024,11,5,17:41:16.766,12.76,45,120.6,0.8164,5506.3,4123.0,7.924,0.02,0.02,0.02,0.02,541.0,386.0,-457.0,9486.0,3241,-3762,109.3,0.0,1158.0,0,0,0,80f,d4a,d4a,d4a,d4a,1,1,1,1,0,0,0,0,0,0,0,1,0,0,1,0,1,0,0,1,0,1,0,1,1,0,0,0,1,0,1,0,0,1,0,1,0,1,1,0,0,0,1,0,1,0,0,1,0,1,0,1,1,0,0,0,1,0,1,0,0,1,0,1,0,1,1,0,0
2024,11,5,17:41:16.786,12.78,65,120.6,0.8164,5506.3,4123.0,7.924,0.02,0.02,0.02,0.02,540.0,386.0,-457.0,9497.0,3249,-3772,106.1,0.0,1160.0,0,0,0,80f,d4a,d4a,d4a,d4a,1,1,1,1,0,0,0,0,0,0,0,1,0,0,1,0,1,0,0,1,0,1,0,1,1,0,0,0,1,0,1,0,0,1,0,1,0,1,1,0,0,0,1,0,1,0,0,1,0,1,0,1,1,0,0,0,1,0,1,0,0,1,0,1,0,1,1,0,0
2024,11,5,17:41:16.806,12.80,85,120.6,0.8164,5506.3,4123.0,7.925,0.02,0.02,0.02,0.02,538.0,386.0,-457.0,9508.0,3257,-3781,103.4,0.0,1162.0,0,0,0,80f,d4a,d4a,d4a,d4a,1,1,1,1,0,0,0,0,0,0,0,1,0,0,1,0,1,0,0,1,0,1,0,1,1,0,0,0,1,0,1,0,0,1,0,1,0,1,1,0,0,0,1,0,1,0,0,1,0,1,0,1,1,0,0,0,1,0,1,0,0,1,0,1,0,1,1,0,0
2024,11,5,17:41:16.826,12.82,105,120.6,0.8164,5506.3,4123.0,7.923,0.02,0.02,0.02,0.02,537.0,387.0,-457.0,9519.0,3265,-3790,101.3,0.0,1164.0,0,0,0,80f,d4a,d4a,d4a,d4a,1,1,1,1,0,0,0,0,0,0,0,1,0,0,1,0,1,0,0,1,0,1,0,1,1,0,0,0,1,0,1,0,0,1,0,1,0,1,1,0,0,0,1,0,1,0,0,1,0,1,0,1,1,0,0,0,1,0,1,0,0,1,0,1,0,1,1,0,0
2024,11,5,17:41:16.846,12.84,125,120.6,0.8165,5503.1,4119.7,7.924,0.02,0.02,0.02,0.02,536.0,387.0,-457.0,9529.0,3272,-3799,99.9,0.0,1165.0,0,0,0,80f,d4a,d4a,d4a,d4a,1,1,1,1,0,0,0,0,0,0,0,1,0,0,1,0,1,0,0,1,0,1,0,1,1,0,0,0,1,0,1,0,0,1,0,1,0,1,1,0,0,0,1,0,1,0,0,1,0,1,0,1,1,0,0,0,1,0,1,0,0,1,0,1,0,1,1,0,0
2024,11,5,17:41:16.866,12.86,145,120.6,0.8165,5503.1,4119.7,7.924,0.02,0.02,0.02,0.02,535.0,387.0,-458.0,9540.0,3280,-3808,98.7,0.0,1166.0,0,0,0,80f,d4a,d4a,d4a,d4a,1,1,1,1,0,0,0,0,0,0,0,1,0,0,1,0,1,0,0,1,0,1,0,1,1,0,0,0,1,0,1,0,0,1,0,1,0,1,1,0,0,0,1,0,1,0,0,1,0,1,0,1,1,0,0,0,1,0,1,0,0,1,0,1,0,1,1,0,0
2024,11,5,17:41:16.886,12.88,165,120.6,0.8168,5494.6,4111.2,7.924,0.02,0.02,0.02,0.02,533.0,388.0,-458.0,9551.0,3288,-3817,97.9,0.0,1167.0,0,0,0,80f,d4a,d4a,d4a,d4a,1,1,1,1,0,0,0,0,0,0,0,1,0,0,1,0,1,0,0,1,0,1,0,1,1,0,0,0,1,0,1,0,0,1,0,1,0,1,1,0,0,0,1,0,1,0,0,1,0,1,0,1,1,0,0,0,1,0,1,0,0,1,0,1,0,1,1,0,0
2024,11,5,17:41:16.906,12.90,185,120.6,0.8168,5494.6,4111.2,7.924,0.02,0.02,0.02,0.02,532.0,389.0,-458.0,9561.0,3296,-3826,97.5,0.0,1167.0,0,0,0,80f,d4a,d4a,d4a,d4a,1,1,1,1,0,0,0,0,0,0,0,1,0,0,1,0,1,0,0,1,0,1,0,1,1,0,0,0,1,0,1,0,0,1,0,1,0,1,1,0,0,0,1,0,1,0,0,1,0,1,0,1,1,0,0,0,1,0,1,0,0,1,0,1,0,1,1,0,0
2024,11,5,17:41:16.926,12.92,205,120.6,0.8165,5503.1,4119.7,7.925,0.02,0.02,0.02,0.02,531.0,389.0,-458.0,9572.0,3303,-3836,97.5,0.0,1168.0,0,0,0,80f,d4a,d4a,d4a,d4a,1,1,1,1,0,0,0,0,0,0,0,1,0,0,1,0,1,0,0,1,0,1,0,1,1,0,0,0,1,0,1,0,0,1,0,1,0,1,1,0,0,0,1,0,1,0,0,1,0,1,0,1,1,0,0,0,1,0,1,0,0,1,0,1,0,1,1,0,0
2024,11,5,17:41:16.946,12.94,225,120.6,0.8165,5503.1,4119.7,7.924,0.02,0.02,0.02,0.02,530.0,390.0,-458.0,9583.0,3311,-3845,97.9,0.0,1169.0,0,0,0,80f,d4a,d4a,d4a,d4a,1,1,1,1,0,0,0,0,0,0,0,1,0,0,1,0,1,0,0,1,0,1,0,1,1,0,0,0,1,0,1,0,0,1,0,1,0,1,1,0,0,0,1,0,1,0,0,1,0,1,0,1,1,0,0,0,1,0,1,0,0,1,0,1,0,1,1,0,0
2024,11,5,17:41:16.966,12.96,245,120.6,0.8170,5486.1,4102.7,7.924,0.02,0.02,0.02,0.02,529.0,391.0,-459.0,9593.0,3319,-3854,98.8,0.0,1169.0,0,0,0,80f,d4a,d4a,d4a,d4a,1,1,1,1,0,0,0,0,0,0,0,1,0,0,1,0,1,0,0,1,0,1,0,1,1,0,0,0,1,0,1,0,0,1,0,1,0,1,1,0,0,0,1,0,1,0,0,1,0,1,0,1,1,0,0,0,1,0,1,0,0,1,0,1,0,1,1,0,0
2024,11,5,17:41:16.986,12.98,15,120.6,0.8170,5486.1,4102.7,7.924,0.02,0.02,0.02,0.02,528.0,391.0,-459.0,9604.0,3327,-3863,100.0,0.0,1170.0,0,0,0,80f,d4a,d4a,d4a,d4a,1,1,1,1,0,0,0,0,0,0,0,1,0,0,1,0,1,0,0,1,0,1,0,1,1,0,0,0,1,0,1,0,0,1,0,1,0,1,1,0,0,0,1,0,1,0,0,1,0,1,0,1,1,0,0,0,1,0,1,0,0,1,0,1,0,1,1,0,0
2024,11,5,17:41:17.006,13.00,35,120.6,0.8171,5484.2,4100.8,7.925,0.02,0.02,0.02,0.02,527.0,392.0,-458.0,9614.0,3335,-3872,101.2,0.0,1171.0,0,0,0,80f,d4a,d4a,d4a,d4a,1,1,1,1,0,0,0,0,0,0,0,1,0,0,1,0,1,0,0,1,0,1,0,1,1,0,0,0,1,0,1,0,0,1,0,1,0,1,1,0,0,0,1,0,1,0,0,1,0,1,0,1,1,0,0,0,1,0,1,0,0,1,0,1,0,1,1,0,0
2024,11,5,17:41:17.026,13.02,55,120.6,0.8171,5484.2,4100.8,7.924,0.02,0.02,0.02,0.02,526.0,392.0,-458.0,9625.0,3342,-3882,102.3,0.0,1171.0,0,0,0,80f,d4a,d4a,d4a,d4a,1,1,1,1,0,0,0,0,0,0,0,1,0,0,1,0,1,0,0,1,0,1,0,1,1,0,0,0,1,0,1,0,0,1,0,1,0,1,1,0,0,0,1,0,1,0,0,1,0,1,0,1,1,0,0,0,1,0,1,0,0,1,0,1,0,1,1,0,0
2024,11,5,17:41:17.046,13.04,75,120.6,0.8172,5479.6,4096.2,7.923,0.02,0.02,0.02,0.02,525.0,393.0,-458.0,9635.0,3350,-3891,103.3,0.0,1172.0,0,0,0,80f,d4a,d4a,d4a,d4a,1,1,1,1,0,0,0,0,0,0,0,1,0,0,1,0,1,0,0,1,0,1,0,1,1,0,0,0,1,0,1,0,0,1,0,1,0,1,1,0,0,0,1,0,1,0,0,1,0,1,0,1,1,0,0,0,1,0,1,0,0,1,0,1,0,1,1,0,0
2024,11,5,17:41:17.066,13.06,95,120.5,0.8172,5479.6,4096.2,7.924,0.02,0.02,0.02,0.02,524.0,393.0,-458.0,9646.0,3358,-3900,103.9,0.0,1172.0,0,0,0,80f,d4a,d4a,d4a,d4a,1,1,1,1,0,0,0,0,0,0,0,1,0,0,1,0,1,0,0,1,0,1,0,1,1,0,0,0,1,0,1,0,0,1,0,1,0,1,1,0,0,0,1,0,1,0,0,1,0,1,0,1,1,0,0,0,1,0,1,0,0,1,0,1,0,1,1,0,0
2024,11,5,17:41:17.086,13.08,115,120.5,0.8172,5481.6,4098.2,7.923,0.02,0.02,0.02,0.02,523.0,393.0,-458.0,9656.0,3366,-3909,104.0,0.0,1172.0,0,0,0,80f,d4a,d4a,d4a,d4a,1,1,1,1,0,0,0,0,0,0,0,1,0,0,1,0,1,0,0,1,0,1,0,1,1,0,0,0,1,0,1,0,0,1,0,1,0,1,1,0,0,0,1,0,1,0,0,1,0,1,0,1,1,0,0,0,1,0,1,0,0,1,0,1,0,1,1,0,0
2024,11,5,17:41:17.106,13.10,135,120.5,0.8172,5481.6,4098.2,7.923,0.02,0.02,0.02,0.02,522.0,393.0,-459.0,9667.0,3374,-3918,103.3,0.0,1172.0,0,0,0,80f,d4a,d4a,d4a,d4a,1,1,1,1,0,0,0,0,0,0,0,1,0,0,1,0,1,0,0,1,0,1,0,1,1,0,0,0,1,0,1,0,0,1,0,1,0,1,1,0,0,0,1,0,1,0,0,1,0,1,0,1,1,0,0,0,1,0,1,0,0,1,0,1,0,1,1,0,0
2024,11,5,17:41:17.126,13.12,155,120.5,0.8171,5484.8,4101.4,7.923,0.02,0.02,0.02,0.02,522.0,393.0,-459.0,9677.0,3382,-3927,101.9,0.0,1171.0,0,0,0,80f,d4a,d4a,d4a,d4a,1,1,1,1,0,0,0,0,0,0,0,1,0,0,1,0,1,0,0,1,0,1,0,1,1,0,0,0,1,0,1,0,0,1,0,1,0,1,1,0,0,0,1,0,1,0,0,1,0,1,0,1,1,0,0,0,1,0,1,0,0,1,0,1,0,1,1,0,0
2024,11,5,17:41:17.146,13.14,175,120.5,0.8171,5484.8,4101.4,7.924,0.02,0.02,0.02,0.02,521.0,393.0,-460.0,9688.0,3390,-3937,99.7,0.0,1170.0,0,0,0,80f,d4a,d4a,d4a,d4a,1,1,1,1,0,0,0,0,0,0,0,1,0,0,1,0,1,0,0,1,0,1,0,1,1,0,0,0,1,0,1,0,0,1,0,1,0,1,1,0,0,0,1,0,1,0,0,1,0,1,0,1,1,0,0,0,1,0,1,0,0,1,0,1,0,1,1,0,0
2024,11,5,17:41:17.166,13.16,195,120.5,0.8173,5477.7,4094.3,7.925,0.02,0.02,0.02,0.02,520.0,393.0,-461.0,9698.0,3398,-3946,96.7,0.0,1168.0,0,0,0,80f,d4a,d4a,d4a,d4a,1,1,1,1,0,0,0,0,0,0,0,1,0,0,1,0,1,0,0,1,0,1,0,1,1,0,0,0,1,0,1,0,0,1,0,1,0,1,1,0,0,0,1,0,1,0,0,1,0,1,0,1,1,0,0,0,1,0,1,0,0,1,0,1,0,1,1,0,0
2024,11,5,17:41:17.186,13.18,215,120.5,0.8173,5477.7,4094.3,7.924,0.02,0.02,0.02,0.02,520.0,394.0,-462.0,9709.0,3405,-3955,93.0,0.0,1166.0,0,0,0,80f,d4a,d4a,d4a,d4a,1,1,1,1,0,0,0,0,0,0,0,1,0,0,1,0,1,0,0,1,0,1,0,1,1,0,0,0,1,0,1,0,0,1,0,1,0,1,1,0,0,0,1,0,1,0,0,1,0,1,0,1,1,0,0,0,1,0,1,0,0,1,0,1,0,1,1,0,0
2024,11,5,17:41:17.206,13.20,235,120.5,0.8172,5479.6,4096.2,7.924,0.02,0.02,0.02,0.02,519.0,394.0,-463.0,9719.0,3413,-3964,88.6,89.3,1164.0,0,0,0,80f,d4a,d4a,d4a,d4a,1,1,1,1,0,0,0,0,0,0,0,1,0,0,1,0,1,0,0,1,0,1,0,1,1,0,0,0,1,0,1,0,0,1,0,1,0,1,1,0,0,0,1,0,1,0,0,1,0,1,0,1,1,0,0,0,1,0,1,0,0,1,0,1,0,1,1,0,0
2024,11,5,17:41:17.226,13.22,5,120.5,0.8172,5479.6,4096.2,7.922,0.02,0.02,0.02,0.02,518.0,394.0,-463.0,9729.0,3421,-3974,83.8,86.7,1161.0,0,0,0,80f,d5e,d5a,d5a,d5a,1,1,1,1,0,0,0,0,0,0,0,1,0,0,1,1,1,1,0,1,0,1,0,1,1,0,0,0,1,0,1,1,0,1,0,1,0,1,1,0,0,0,1,0,1,1,0,1,0,1,0,1,1,0,0,0,1,0,1,1,0,1,0,1,0,1,1,0,0
2024,11,5,17:41:17.246,13.24,25,120.5,0.8171,5484.8,4101.4,7.925,0.02,0.02,0.02,0.02,517.0,394.0,-464.0,9740.0,3429,-3983,78.6,84.0,1159.0,0,0,0,80f,d5e,d5a,d5a,d5a,1,1,1,1,0,0,0,0,0,0,0,1,0,0,1,1,1,1,0,1,0,1,0,1,1,0,0,0,1,0,1,1,0,1,0,1,0,1,1,0,0,0,1,0,1,1,0,1,0,1,0,1,1,0,0,0,1,0,1,1,0,1,0,1,0,1,1,0,0
2024,11,5,17:41:17.266,13.26,45,120.5,0.8171,5484.8,4101.4,7.923,0.02,0.02,0.02,0.02,517.0,394.0,-465.0,9750.0,3437,-3992,72.9,80.9,1156.0,0,0,0,80f,d5e,d5a,d5a,d5a,1,1,1,1,0,0,0,0,0,0,0,1,0,0,1,1,1,1,0,1,0,1,0,1,1,0,0,0,1,0,1,1,0,1,0,1,0,1,1,0,0,0,1,0,1,1,0,1,0,1,0,1,1,0,0,0,1,0,1,1,0,1,0,1,0,1,1,0,0
2024,11,5,17:41:17.286,13.28,65,120.5,0.8173,5476.4,4093.0,7.924,0.02,0.02,0.02,0.02,516.0,394.0,-465.0,9760.0,3445,-4001,66.7,77.4,1154.0,0,0,0,80f,d5e,d5a,d5a,d5a,1,1,1,1,0,0,0,0,0,0,0,1,0,0,1,1,1,1,0,1,0,1,0,1,1,0,0,0,1,0,1,1,0,1,0,1,0,1,1,0,0,0,1,0,1,1,0,1,0,1,0,1,1,0,0,0,1,0,1,1,0,1,0,1,0,1,1,0,0
2024,11,5,17:41:17.306,13.30,85,120.5,0.8173,5476.4,4093.0,7.924,0.02,0.02,0.02,0.02,515.0,394.0,-466.0,9771.0,3453,-4011,60.3,73.6,1151.0,0,0,0,80f,d5e,d5a,d5a,d5a,1,1,1,1,0,0,0,0,0,0,0,1,0,0,1,1,1,1,0,1,0,1,0,1,1,0,0,0,1,0,1,1,0,1,0,1,0,1,1,0,0,0,1,0,1,1,0,1,0,1,0,1,1,0,0,0,1,0,1,1,0,1,0,1,0,1,1,0,0
2024,11,5,17:41:17.326,13.32,105,120.5,0.8174,5475.1,4091.7,7.924,0.02,0.02,0.02,0.02,514.0,394.0,-466.0,9781.0,3461,-4020,54.3,69.8,1149.0,0,0,0,80f,d5e,d5a,d5a,d5a,1,1,1,1,0,0,0,0,0,0,0,1,0,0,1,1,1,1,0,1,0,1,0,1,1,0,0,0,1,0,1,1,0,1,0,1,0,1,1,0,0,0,1,0,1,1,0,1,0,1,0,1,1,0,0,0,1,0,1,1,0,1,0,1,0,1,1,0,0
2024,11,5,17:41:17.346,13.34,125,120.5,0.8174,5475.1,4091.7,7.924,0.02,0.02,0.02,0.02,513.0,394.0,-466.0,9791.0,3469,-4029,49.3,66.2,1147.0,0,0,0,80f,d5e,d5a,d5a,d5a,1,1,1,1,0,0,0,0,0,0,0,1,0,0,1,1,1,1,0,1,0,1,0,1,1,0,0,0,1,0,1,1,0,1,0,1,0,1,1,0,0,0,1,0,1,1,0,1,0,1,0,1,1,0,0,0,1,0,1,1,0,1,0,1,0,1,1,0,0
2024,11,5,17:41:17.366,13.36,145,120.5,0.8178,5461.4,4078.0,7.924,0.02,0.02,0.02,0.02,512.0,394.0,-466.0,9802.0,3476,-4039,45.1,63.0,1145.0,0,0,0,80f,d5e,d5a,d5a,d5a,1,1,1,1,0,0,0,0,0,0,0,1,0,0,1,1,1,1,0,1,0,1,0,1,1,0,0,0,1,0,1,1,0,1,0,1,0,1,1,0,0,0,1,0,1,1,0,1,0,1,0,1,1,0,0,0,1,0,1,1,0,1,0,1,0,1,1,0,0
2024,11,5,17:41:17.386,13.38,165,120.5,0.8178,5461.4,4078.0,7.923,0.02,0.02,0.02,0.02,511.0,395.0,-466.0,9812.0,3484,-4048,41.2,59.8,1144.0,0,0,0,80f,d5e,d5a,d5a,d5a,1,1,1,1,0,0,0,0,0,0,0,1,0,0,1,1,1,1,0,1,0,1,0,1,1,0,0,0,1,0,1,1,0,1,0,1,0,1,1,0,0,0,1,0,1,1,0,1,0,1,0,1,1,0,0,0,1,0,1,1,0,1,0,1,0,1,1,0,0
2024,11,5,17:41:17.406,13.40,185,120.5,0.8179,5456.2,4072.8,7.923,0.02,0.02,0.02,0.02,510.0,396.0,-466.0,9822.0,3492,-4057,37.3,56.3,1144.0,0,0,0,80f,d5e,d5a,d5a,d5a,1,1,1,1,0,0,0,0,0,0,0,1,0,0,1,1,1,1,0,1,0,1,0,1,1,0,0,0,1,0,1,1,0,1,0,1,0,1,1,0,0,0,1,0,1,1,0,1,0,1,0,1,1,0,0,0,1,0,1,1,0,1,0,1,0,1,1,0,0
2024,11,5,17:41:17.426,13.42,205,120.5,0.8179,5456.2,4072.8,7.923,0.02,0.02,0.02,0.02,510.0,396.0,-466.0,9832.0,3500,-4067,33.4,52.3,1144.0,0,0,0,80f,d5e,d5a,d5a,d5a,1,1,1,1,0,0,0,0,0,0,0,1,0,0,1,1,1,1,0,1,0,1,0,1,1,0,0,0,1,0,1,1,0,1,0,1,0,1,1,0,0,0,1,0,1,1,0,1,0,1,0,1,1,0,0,0,1,0,1,1,0,1,0,1,0,1,1,0,0
2024,11,5,17:41:17.446,13.44,225,120.5,0.8180,5454.2,4070.8,7.925,0.02,0.02,0.02,0.02,509.0,397.0,-465.0,9842.0,3508,-4076,29.6,48.2,1143.0,0,0,0,80f,d5e,d5a,d5a,d5a,1,1,1,1,0,0,0,0,0,0,0,1,0,0,1,1,1,1,0,1,0,1,0,1,1,0,0,0,1,0,1,1,0,1,0,1,0,1,1,0,0,0,1,0,1,1,0,1,0,1,0,1,1,0,0,0,1,0,1,1,0,1,0,1,0,1,1,0,0
2024,11,5,17:41:17.466,13.46,245,120.5,0.8180,5454.9,4071.5,7.924,0.02,0.02,0.02,0.02,508.0,397.0,-465.0,9853.0,3516,-4085,25.9,43.8,1143.0,0,0,0,80f,d5e,d5a,d5a,d5a,1,1,1,1,0,0,0,0,0,0,0,1,0,0,1,1,1,1,0,1,0,1,0,1,1,0,0,0,1,0,1,1,0,1,0,1,0,1,1,0,0,0,1,0,1,1,0,1,0,1,0,1,1,0,0,0,1,0,1,1,0,1,0,1,0,1,1,0,0
2024,11,5,17:41:17.486,13.48,15,120.5,0.8178,5461.4,4078.0,7.925,0.02,0.02,0.02,0.02,507.0,398.0,-465.0,9863.0,3524,-4095,22.8,39.7,1143.0,0,0,0,80f,d5e,d5a,d5a,d5a,1,1,1,1,0,0,0,0,0,0,0,1,0,0,1,1,1,1,0,1,0,1,0,1,1,0,0,0,1,0,1,1,0,1,0,1,0,1,1,0,0,0,1,0,1,1,0,1,0,1,0,1,1,0,0,0,1,0,1,1,0,1,0,1,0,1,1,0,0
2024,11,5,17:41:17.506,13.50,35,120.5,0.8178,5461.4,4078.0,7.924,0.02,0.02,0.02,0.02,506.0,398.0,-465.0,9873.0,3532,-4104,21.5,38.0,1143.0,0,0,0,80f,d5e,d5a,d5a,d5a,1,1,1,1,0,0,0,0,0,0,0,1,0,0,1,1,1,1,0,1,0,1,0,1,1,0,0,0,1,0,1,1,0,1,0,1,0,1,1,0,0,0,1,0,1,1,0,1,0,1,0,1,1,0,0,0,1,0,1,1,0,1,0,1,0,1,1,0,0
2024,11,5,17:41:17.526,13.52,55,120.5,0.8179,5456.2,4072.8,7.923,0.02,0.02,0.02,0.02,505.0,399.0,-465.0,9883.0,3540,-4113,23.2,40.5,1142.0,0,0,0,80f,d5e,d5a,d5a,d5a,1,1,1,1,0,0,0,0,0,0,0,1,0,0,1,1,1,1,0,1,0,1,0,1,1,0,0,0,1,0,1,1,0,1,0,1,0,1,1,0,0,0,1,0,1,1,0,1,0,1,0,1,1,0,0,0,1,0,1,1,0,1,0,1,0,1,1,0,0
2024,11,5,17:41:17.546,13.54,75,120.5,0.8179,5456.8,4073.4,7.924,0.02,0.02,0.02,0.02,504.0,399.0,-465.0,9893.0,3548,-4123,27.9,46.6,1142.0,0,0,0,80f,d5e,d5a,d5a,d5a,1,1,1,1,0,0,0,0,0,0,0,1,0,0,1,1,1,1,0,1,0,1,0,1,1,0,0,0,1,0,1,1,0,1,0,1,0,1,1,0,0,0,1,0,1,1,0,1,0,1,0,1,1,0,0,0,1,0,1,1,0,1,0,1,0,1,1,0,0
2024,11,5,17:41:17.566,13.56,95,120.5,0.8186,5436.0,4052.6,7.924,0.02,0.02,0.02,0.02,503.0,399.0,-465.0,9903.0,3556,-4132,34.5,53.9,1140.0,0,0,0,80f,d5e,d5a,d5a,d5a,1,1,1,1,0,0,0,0,0,0,0,1,0,0,1,1,1,1,0,1,0,1,0,1,1,0,0,0,1,0,1,1,0,1,0,1,0,1,1,0,0,0,1,0,1,1,0,1,0,1,0,1,1,0,0,0,1,0,1,1,0,1,0,1,0,1,1,0,0
2024,11,5,17:41:17.586,13.58,115,120.5,0.8186,5436.0,4052.6,7.924,0.02,0.02,0.02,0.02,502.0,400.0,-465.0,9913.0,3564,-4141,41.7,60.8,1139.0,0,0,0,80f,d5e,d5a,d5a,d5a,1,1,1,1,0,0,0,0,0,0,0,1,0,0,1,1,1,1,0,1,0,1,0,1,1,0,0,0,1,0,1,1,0,1,0,1,0,1,1,0,0,0,1,0,1,1,0,1,0,1,0,1,1,0,0,0,1,0,1,1,0,1,0,1,0,1,1,0,0
2024,11,5,17:41:17.606,13.60,135,120.5,0.8189,5424.3,4040.9,7.924,0.02,0.02,0.02,0.02,501.0,400.0,-465.0,9923.0,3572,-4151,48.7,66.3,1137.0,0,0,0,80f,d5e,d5a,d5a,d5a,1,1,1,1,0,0,0,0,0,0,0,1,0,0,1,1,1,1,0,1,0,1,0,1,1,0,0,0,1,0,1,1,0,1,0,1,0,1,1,0,0,0,1,0,1,1,0,1,0,1,0,1,1,0,0,0,1,0,1,1,0,1,0,1,0,1,1,0,0
2024,11,5,17:41:17.626,13.62,155,120.5,0.8189,5424.3,4040.9,7.924,0.02,0.02,0.02,0.02,501.0,400.0,-465.0,9933.0,3580,-4160,54.3,70.3,1135.0,0,0,0,80f,d5e,d5a,d5a,d5a,1,1,1,1,0,0,0,0,0,0,0,1,0,0,1,1,1,1,0,1,0,1,0,1,1,0,0,0,1,0,1,1,0,1,0,1,0,1,1,0,0,0,1,0,1,1,0,1,0,1,0,1,1,0,0,0,1,0,1,1,0,1,0,1,0,1,1,0,0
2024,11,5,17:41:17.646,13.64,175,120.5,0.8186,5436.0,4052.6,7.925,0.02,0.02,0.02,0.02,501.0,400.0,-465.0,9943.0,3588,-4169,57.9,72.7,1133.0,0,0,0,80f,d5e,d5a,d5a,d5a,1,1,1,1,0,0,0,0,0,0,0,1,0,0,1,1,1,1,0,1,0,1,0,1,1,0,0,0,1,0,1,1,0,1,0,1,0,1,1,0,0,0,1,0,1,1,0,1,0,1,0,1,1,0,0,0,1,0,1,1,0,1,0,1,0,1,1,0,0
2024,11,5,17:41:17.666,13.66,195,120.5,0.8185,5436.6,4053.2,7.924,0.02,0.02,0.02,0.02,501.0,400.0,-465.0,9953.0,3596,-4178,59.8,73.8,1132.0,0,0,0,80f,d5e,d5a,d5a,d5a,1,1,1,1,0,0,0,0,0,0,0,1,0,0,1,1,1,1,0,1,0,1,0,1,1,0,0,0,1,0,1,1,0,1,0,1,0,1,1,0,0,0,1,0,1,1,0,1,0,1,0,1,1,0,0,0,1,0,1,1,0,1,0,1,0,1,1,0,0
2024,11,5,17:41:17.686,13.68,215,120.5,0.8181,5450.3,4066.9,7.924,0.02,0.02,0.02,0.02,500.0,400.0,-465.0,9963.0,3604,-4188,60.5,74.3,1130.0,0,0,0,80f,d5e,d5a,d5a,d5a,1,1,1,1,0,0,0,0,0,0,0,1,0,0,1,1,1,1,0,1,0,1,0,1,1,0,0,0,1,0,1,1,0,1,0,1,0,1,1,0,0,0,1,0,1,1,0,1,0,1,0,1,1,0,0,0,1,0,1,1,0,1,0,1,0,1,1,0,0
2024,11,5,17:41:17.706,13.70,235,120.5,0.8181,5449.6,4066.3,7.924,0.02,0.02,0.02,0.02,499.0,400.0,-465.0,9973.0,3612,-4197,60.6,74.4,1129.0,0,0,0,80f,d5e,d5a,d5a,d5a,1,1,1,1,0,0,0,0,0,0,0,1,0,0,1,1,1,1,0,1,0,1,0,1,1,0,0,0,1,0,1,1,0,1,0,1,0,1,1,0,0,0,1,0,1,1,0,1,0,1,0,1,1,0,0,0,1,0,1,1,0,1,0,1,0,1,1,0,0
2024,11,5,17:41:17.726,13.72,5,120.5,0.8182,5446.4,4063.0,7.924,0.02,0.02,0.02,0.02,498.0,399.0,-465.0,9983.0,3620,-4206,60.0,74.1,1128.0,0,0,0,80f,d5e,d5a,d5a,d5a,1,1,1,1,0,0,0,0,0,0,0,1,0,0,1,1,1,1,0,1,0,1,0,1,1,0,0,0,1,0,1,1,0,1,0,1,0,1,1,0,0,0,1,0,1,1,0,1,0,1,0,1,1,0,0,0,1,0,1,1,0,1,0,1,0,1,1,0,0
2024,11,5,17:41:17.746,13.74,25,120.5,0.8182,5447.0,4063.7,7.923,0.02,0.02,0.02,0.02,498.0,399.0,-465.0,9993.0,3628,-4216,58.7,73.3,1126.0,0,0,0,80f,d5e,d5a,d5a,d5a,1,1,1,1,0,0,0,0,0,0,0,1,0,0,1,1,1,1,0,1,0,1,0,1,1,0,0,0,1,0,1,1,0,1,0,1,0,1,1,0,0,0,1,0,1,1,0,1,0,1,0,1,1,0,0,0,1,0,1,1,0,1,0,1,0,1,1,0,0
2024,11,5,17:41:17.766,13.76,45,120.5,0.8181,5452.3,4068.9,7.925,0.02,0.02,0.02,0.02,497.0,399.0,-465.0,10003.0,3636,-4225,56.8,72.1,1125.0,0,0,0,80f,d5e,d5a,d5a,d5a,1,1,1,1,0,0,0,0,0,0,0,1,0,0,1,1,1,1,0,1,0,1,0,1,1,0,0,0,1,0,1,1,0,1,0,1,0,1,1,0,0,0,1,0,1,1,0,1,0,1,0,1,1,0,0,0,1,0,1,1,0,1,0,1,0,1,1,0,0
2024,11,5,17:41:17.786,13.78,65,120.5,0.8181,5451.6,4068.2,7.924,0.02,0.02,0.02,0.02,496.0,399.0,-465.0,10013.0,3644,-4234,54.4,70.6,1124.0,0,0,0,80f,d5e,d5a,d5a,d5a,1,1,1,1,0,0,0,0,0,0,0,1,0,0,1,1,1,1,0,1,0,1,0,1,1,0,0,0,1,0,1,1,0,1,0,1,0,1,1,0,0,0,1,0,1,1,0,1,0,1,0,1,1,0,0,0,1,0,1,1,0,1,0,1,0,1,1,0,0
2024,11,5,17:41:17.806,13.80,85,120.5,0.8181,5451.6,4068.2,7.925,0.02,0.02,0.02,0.02,496.0,399.0,-465.0,10023.0,3652,-4244,51.5,68.6,1123.0,0,0,0,80f,d5e,d5a,d5a,d5a,1,1,1,1,0,0,0,0,0,0,0,1,0,0,1,1,1,1,0,1,0,1,0,1,1,0,0,0,1,0,1,1,0,1,0,1,0,1,1,0,0,0,1,0,1,1,0,1,0,1,0,1,1,0,0,0,1,0,1,1,0,1,0,1,0,1,1,0,0
2024,11,5,17:41:17.826,13.82,105,120.5,0.8181,5451.6,4068.2,7.925,0.02,0.02,0.02,0.02,495.0,399.0,-465.0,10033.0,3660,-4253,48.2,66.3,1122.0,0,0,0,80f,d5e,d5a,d5a,d5a,1,1,1,1,0,0,0,0,0,0,0,1,0,0,1,1,1,1,0,1,0,1,0,1,1,0,0,0,1,0,1,1,0,1,0,1,0,1,1,0,0,0,1,0,1,1,0,1,0,1,0,1,1,0,0,0,1,0,1,1,0,1,0,1,0,1,1,0,0
2024,11,5,17:41:17.846,13.84,125,120.5,0.8188,5429.5,4046.1,7.926,0.02,0.02,0.02,0.02,494.0,399.0,-465.0,10043.0,3668,-4262,44.6,63.6,1121.0,0,0,0,80f,d5e,d5a,d5a,d5a,1,1,1,1,0,0,0,0,0,0,0,1,0,0,1,1,1,1,0,1,0,1,0,1,1,0,0,0,1,0,1,1,0,1,0,1,0,1,1,0,0,0,1,0,1,1,0,1,0,1,0,1,1,0,0,0,1,0,1,1,0,1,0,1,0,1,1,0,0
2024,11,5,17:41:17.866,13.86,145,120.5,0.8187,5430.1,4046.7,7.925,0.02,0.02,0.02,0.02,494.0,399.0,-465.0,10053.0,3676,-4272,41.0,60.6,1120.0,0,0,0,80f,d5e,d5a,d5a,d5a,1,1,1,1,0,0,0,0,0,0,0,1,0,0,1,1,1,1,0,1,0,1,0,1,1,0,0,0,1,0,1,1,0,1,0,1,0,1,1,0,0,0,1,0,1,1,0,1,0,1,0,1,1,0,0,0,1,0,1,1,0,1,0,1,0,1,1,0,0
2024,11,5,17:41:17.886,13.88,165,120.5,0.8192,5416.5,4033.1,7.924,0.02,0.02,0.02,0.02,493.0,399.0,-464.0,10063.0,3684,-4281,37.4,57.5,1119.0,0,0,0,80f,d5e,d5a,d5a,d5a,1,1,1,1,0,0,0,0,0,0,0,1,0,0,1,1,1,1,0,1,0,1,0,1,1,0,0,0,1,0,1,1,0,1,0,1,0,1,1,0,0,0,1,0,1,1,0,1,0,1,0,1,1,0,0,0,1,0,1,1,0,1,0,1,0,1,1,0,0
2024,11,5,17:41:17.906,13.90,185,120.5,0.8192,5416.5,4033.1,7.925,0.02,0.02,0.02,0.02,492.0,399.0,-464.0,10073.0,3692,-4290,34.2,54.4,1118.0,0,0,0,80f,d5e,d5a,d5a,d5a,1,1,1,1,0,0,0,0,0,0,0,1,0,0,1,1,1,1,0,1,0,1,0,1,1,0,0,0,1,0,1,1,0,1,0,1,0,1,1,0,0,0,1,0,1,1,0,1,0,1,0,1,1,0,0,0,1,0,1,1,0,1,0,1,0,1,1,0,0
2024,11,5,17:41:17.926,13.92,205,120.5,0.8195,5406.1,4022.7,7.926,0.02,0.02,0.02,0.02,491.0,399.0,-463.0,10082.0,3700,-4299,31.4,51.5,1118.0,0,0,0,80f,d5e,d5a,d5a,d5a,1,1,1,1,0,0,0,0,0,0,0,1,0,0,1,1,1,1,0,1,0,1,0,1,1,0,0,0,1,0,1,1,0,1,0,1,0,1,1,0,0,0,1,0,1,1,0,1,0,1,0,1,1,0,0,0,1,0,1,1,0,1,0,1,0,1,1,0,0
2024,11,5,17:41:17.946,13.94,225,120.5,0.8195,5406.1,4022.7,7.924,0.02,0.02,0.02,0.02,490.0,398.0,-463.0,10092.0,3708,-4309,29.0,48.8,1117.0,0,0,0,80f,d5e,d5a,d5a,d5a,1,1,1,1,0,0,0,0,0,0,0,1,0,0,1,1,1,1,0,1,0,1,0,1,1,0,0,0,1,0,1,1,0,1,0,1,0,1,1,0,0,0,1,0,1,1,0,1,0,1,0,1,1,0,0,0,1,0,1,1,0,1,0,1,0,1,1,0,0
2024,11,5,17:41:17.966,13.96,245,120.5,0.8198,5394.3,4011.0,7.925,0.02,0.02,0.02,0.02,489.0,398.0,-463.0,10102.0,3716,-4318,27.1,46.6,1116.0,0,0,0,80f,d5e,d5a,d5a,d5a,1,1,1,1,0,0,0,0,0,0,0,1,0,0,1,1,1,1,0,1,0,1,0,1,1,0,0,0,1,0,1,1,0,1,0,1,0,1,1,0,0,0,1,0,1,1,0,1,0,1,0,1,1,0,0,0,1,0,1,1,0,1,0,1,0,1,1,0,0
2024,11,5,17:41:17.986,13.98,15,120.5,0.8198,5394.3,4011.0,7.925,0.02,0.02,0.02,0.02,488.0,398.0,-463.0,10112.0,3724,-4327,25.6,44.8,1115.0,0,0,0,80f,d5e,d5a,d5a,d5a,1,1,1,1,0,0,0,0,0,0,0,1,0,0,1,1,1,1,0,1,0,1,0,1,1,0,0,0,1,0,1,1,0,1,0,1,0,1,1,0,0,0,1,0,1,1,0,1,0,1,0,1,1,0,0,0,1,0,1,1,0,1,0,1,0,1,1,0,0
2024,11,5,17:41:18.006,14.00,35,120.5,0.8198,5396.3,4012.9,7.924,0.02,0.02,0.02,0.02,487.0,398.0,-463.0,10122.0,3732,-4337,24.7,43.7,1114.0,0,0,0,81f,d5e,d5a,d5a,d5a,1,1,1,1,1,0,0,0,0,0,0,1,0,0,1,1,1,1,0,1,0,1,0,1,1,0,0,0,1,0,1,1,0,1,0,1,0,1,1,0,0,0,1,0,1,1,0,1,0,1,0,1,1,0,0,0,1,0,1,1,0,1,0,1,0,1,1,0,0
2024,11,5,17:41:18.026,14.02,55,120.5,0.8198,5395.6,4012.3,7.924,0.02,0.02,0.02,0.02,486.0,398.0,-462.0,10131.0,3740,-4346,24.4,43.4,1113.0,0,0,0,81f,d5e,d5a,d5a,d5a,1,1,1,1,1,0,0,0,0,0,0,1,0,0,1,1,1,1,0,1,0,1,0,1,1,0,0,0,1,0,1,1,0,1,0,1,0,1,1,0,0,0,1,0,1,1,0,1,0,1,0,1,1,0,0,0,1,0,1,1,0,1,0,1,0,1,1,0,0
2024,11,5,17:41:18.046,14.04,75,120.5,0.8199,5391.1,4007.7,7.924,0.02,0.02,0.02,0.02,485.0,398.0,-462.0,10141.0,3748,-4355,24.6,43.8,1111.0,0,0,0,81f,d5e,d5a,d5a,d5a,1,1,1,1,1,0,0,0,0,0,0,1,0,0,1,1,1,1,0,1,0,1,0,1,1,0,0,0,1,0,1,1,0,1,0,1,0,1,1,0,0,0,1,0,1,1,0,1,0,1,0,1,1,0,0,0,1,0,1,1,0,1,0,1,0,1,1,0,0
2024,11,5,17:41:18.066,14.06,95,120.5,0.8199,5391.7,4008.4,7.926,0.02,0.02,0.02,0.02,484.0,398.0,-462.0,10151.0,3756,-4364,25.5,45.0,1110.0,0,0,0,81f,d5e,d5a,d5a,d5a,1,1,1,1,1,0,0,0,0,0,0,1,0,0,1,1,1,1,0,1,0,1,0,1,1,0,0,0,1,0,1,1,0,1,0,1,0,1,1,0,0,0,1,0,1,1,0,1,0,1,0,1,1,0,0,0,1,0,1,1,0,1,0,1,0,1,1,0,0
2024,11,5,17:41:18.086,14.08,115,120.5,0.8197,5398.2,4014.9,7.925,0.02,0.02,0.02,0.02,484.0,398.0,-461.0,10161.0,3764,-4374,27.3,47.3,1109.0,0,0,0,81f,d5e,d5a,d5a,d5a,1,1,1,1,1,0,0,0,0,0,0,1,0,0,1,1,1,1,0,1,0,1,0,1,1,0,0,0,1,0,1,1,0,1,0,1,0,1,1,0,0,0,1,0,1,1,0,1,0,1,0,1,1,0,0,0,1,0,1,1,0,1,0,1,0,1,1,0,0
2024,11,5,17:41:18.106,14.10,135,120.5,0.8197,5397.6,4014.2,7.925,0.02,0.02,0.02,0.02,482.0,398.0,-461.0,10170.0,3772,-4383,30.0,50.6,1107.0,0,0,0,81f,d5e,d5a,d5a,d5a,1,1,1,1,1,0,0,0,0,0,0,1,0,0,1,1,1,1,0,1,0,1,0,1,1,0,0,0,1,0,1,1,0,1,0,1,0,1,1,0,0,0,1,0,1,1,0,1,0,1,0,1,1,0,0,0,1,0,1,1,0,1,0,1,0,1,1,0,0
2024,11,5,17:41:18.126,14.12,155,120.5,0.8199,5393.0,4009.7,7.924,0.02,0.02,0.02,0.02,481.0,398.0,-461.0,10180.0,3780,-4392,33.5,54.4,1106.0,0,0,0,81f,d5e,d5a,d5a,d5a,1,1,1,1,1,0,0,0,0,0,0,1,0,0,1,1,1,1,0,1,0,1,0,1,1,0,0,0,1,0,1,1,0,1,0,1,0,1,1,0,0,0,1,0,1,1,0,1,0,1,0,1,1,0,0,0,1,0,1,1,0,1,0,1,0,1,1,0,0
2024,11,5,17:41:18.146,14.14,175,120.5,0.8199,5393.0,4009.7,7.923,0.02,0.02,0.02,0.02,480.0,398.0,-460.0,10189.0,3788,-4401,37.6,58.5,1105.0,0,0,0,81f,d5e,d5a,d5a,d5a,1,1,1,1,1,0,0,0,0,0,0,1,0,0,1,1,1,1,0,1,0,1,0,1,1,0,0,0,1,0,1,1,0,1,0,1,0,1,1,0,0,0,1,0,1,1,0,1,0,1,0,1,1,0,0,0,1,0,1,1,0,1,0,1,0,1,1,0,0
2024,11,5,17:41:18.166,14.16,195,120.5,0.8195,5406.1,4022.7,7.925,0.02,0.02,0.02,0.02,479.0,398.0,-460.0,10199.0,3796,-4410,42.4,62.7,1104.0,0,0,0,81f,d5e,d5a,d5a,d5a,1,1,1,1,1,0,0,0,0,0,0,1,0,0,1,1,1,1,0,1,0,1,0,1,1,0,0,0,1,0,1,1,0,1,0,1,0,1,1,0,0,0,1,0,1,1,0,1,0,1,0,1,1,0,0,0,1,0,1,1,0,1,0,1,0,1,1,0,0
2024,11,5,17:41:18.186,14.18,215,120.5,0.8195,5406.7,4023.3,7.925,0.02,0.02,0.02,0.02,477.0,397.0,-460.0,10209.0,3803,-4420,47.8,66.9,1102.0,0,0,0,81f,d5e,d5a,d5a,d5a,1,1,1,1,1,0,0,0,0,0,0,1,0,0,1,1,1,1,0,1,0,1,0,1,1,0,0,0,1,0,1,1,0,1,0,1,0,1,1,0,0,0,1,0,1,1,0,1,0,1,0,1,1,0,0,0,1,0,1,1,0,1,0,1,0,1,1,0,0
2024,11,5,17:41:18.206,14.20,235,120.5,0.8197,5399.5,4016.2,7.924,0.02,0.02,0.02,0.02,476.0,397.0,-460.0,10218.0,3811,-4429,53.5,70.9,1101.0,0,0,0,81f,d5e,d5a,d5a,d5a,1,1,1,1,1,0,0,0,0,0,0,1,0,0,1,1,1,1,0,1,0,1,0,1,1,0,0,0,1,0,1,1,0,1,0,1,0,1,1,0,0,0,1,0,1,1,0,1,0,1,0,1,1,0,0,0,1,0,1,1,0,1,0,1,0,1,1,0,0
2024,11,5,17:41:18.226,14.22,5,120.5,0.8197,5400.2,4016.8,7.925,0.02,0.02,0.02,0.02,475.0,397.0,-460.0,10228.0,3819,-4438,59.7,74.8,1100.0,0,0,0,81f,d5e,d5a,d5a,d5a,1,1,1,1,1,0,0,0,0,0,0,1,0,0,1,1,1,1,0,1,0,1,0,1,1,0,0,0,1,0,1,1,0,1,0,1,0,1,1,0,0,0,1,0,1,1,0,1,0,1,0,1,1,0,0,0,1,0,1,1,0,1,0,1,0,1,1,0,0
2024,11,5,17:41:18.246,14.24,25,120.5,0.8194,5408.7,4025.3,7.924,0.02,0.02,0.02,0.02,473.0,397.0,-460.0,10237.0,3827,-4447,66.2,78.4,1099.0,0,0,0,81f,d5e,d5a,d5a,d5a,1,1,1,1,1,0,0,0,0,0,0,1,0,0,1,1,1,1,0,1,0,1,0,1,1,0,0,0,1,0,1,1,0,1,0,1,0,1,1,0,0,0,1,0,1,1,0,1,0,1,0,1,1,0,0,0,1,0,1,1,0,1,0,1,0,1,1,0,0
2024,11,5,17:41:18.266,14.26,45,120.5,0.8194,5408.0,4024.6,7.926,0.02,0.02,0.02,0.02,472.0,396.0,-460.0,10247.0,3835,-4456,72.5,81.7,1098.0,0,0,0,81f,d5e,d5a,d5a,d5a,1,1,1,1,1,0,0,0,0,0,0,1,0,0,1,1,1,1,0,1,0,1,0,1,1,0,0,0,1,0,1,1,0,1,0,1,0,1,1,0,0,0,1,0,1,1,0,1,0,1,0,1,1,0,0,0,1,0,1,1,0,1,0,1,0,1,1,0,0
2024,11,5,17:41:18.286,14.28,65,120.5,0.8187,5432.1,4048.7,7.924,0.02,0.02,0.02,0.02,471.0,396.0,-460.0,10256.0,3843,-4466,78.3,84.5,1097.0,0,0,0,81f,d5e,d5a,d5a,d5a,1,1,1,1,1,0,0,0,0,0,0,1,0,0,1,1,1,1,0,1,0,1,0,1,1,0,0,0,1,0,1,1,0,1,0,1,0,1,1,0,0,0,1,0,1,1,0,1,0,1,0,1,1,0,0,0,1,0,1,1,0,1,0,1,0,1,1,0,0
2024,11,5,17:41:18.306,14.30,85,120.5,0.8187,5432.1,4048.7,7.925,0.02,0.02,0.02,0.02,469.0,395.0,-460.0,10265.0,3851,-4475,84.0,87.2,1096.0,0,0,0,81f,d5e,d5a,d5a,d5a,1,1,1,1,1,0,0,0,0,0,0,1,0,0,1,1,1,1,0,1,0,1,0,1,1,0,0,0,1,0,1,1,0,1,0,1,0,1,1,0,0,0,1,0,1,1,0,1,0,1,0,1,1,0,0,0,1,0,1,1,0,1,0,1,0,1,1,0,0
2024,11,5,17:41:18.326,14.32,105,120.5,0.8191,5418.4,4035.0,7.924,0.02,0.02,0.02,0.02,468.0,395.0,-460.0,10275.0,3859,-4484,89.4,89.7,1096.0,0,0,0,81f,d5e,d5a,d5a,d5a,1,1,1,1,1,0,0,0,0,0,0,1,0,0,1,1,1,1,0,1,0,1,0,1,1,0,0,0,1,0,1,1,0,1,0,1,0,1,1,0,0,0,1,0,1,1,0,1,0,1,0,1,1,0,0,0,1,0,1,1,0,1,0,1,0,1,1,0,0
2024,11,5,17:41:18.346,14.34,125,120.5,0.8191,5418.4,4035.0,7.926,0.02,0.02,0.02,0.02,467.0,395.0,-460.0,10284.0,3867,-4493,94.4,0.0,1096.0,0,0,0,81f,d5e,d5a,d5a,d5a,1,1,1,1,1,0,0,0,0,0,0,1,0,0,1,1,1,1,0,1,0,1,0,1,1,0,0,0,1,0,1,1,0,1,0,1,0,1,1,0,0,0,1,0,1,1,0,1,0,1,0,1,1,0,0,0,1,0,1,1,0,1,0,1,0,1,1,0,0
2024,11,5,17:41:18.366,14.36,145,120.5,0.8195,5406.7,4023.3,7.924,0.02,0.02,0.02,0.02,466.0,395.0,-460.0,10294.0,3875,-4503,98.8,0.0,1096.0,0,0,0,81f,d4a,d4a,d4a,d4a,1,1,1,1,1,0,0,0,0,0,0,1,0,0,1,0,1,0,0,1,0,1,0,1,1,0,0,0,1,0,1,0,0,1,0,1,0,1,1,0,0,0,1,0,1,0,0,1,0,1,0,1,1,0,0,0,1,0,1,0,0,1,0,1,0,1,1,0,0
2024,11,5,17:41:18.386,14.38,165,120.5,0.8195,5406.7,4023.3,7.925,0.02,0.02,0.02,0.02,465.0,395.0,-460.0,10303.0,3883,-4512,102.6,0.0,1096.0,0,0,0,81f,d4a,d4a,d4a,d4a,1,1,1,1,1,0,0,0,0,0,0,1,0,0,1,0,1,0,0,1,0,1,0,1,1,0,0,0,1,0,1,0,0,1,0,1,0,1,1,0,0,0,1,0,1,0,0,1,0,1,0,1,1,0,0,0,1,0,1,0,0,1,0,1,0,1,1,0,0
2024,11,5,17:41:18.406,14.40,185,120.5,0.8189,5425.6,4042.2,7.925,0.02,0.02,0.02,0.02,464.0,395.0,-460.0,10312.0,3891,-4521,105.8,0.0,1097.0,0,0,0,81f,d4a,d4a,d4a,d4a,1,1,1,1,1,0,0,0,0,0,0,1,0,0,1,0,1,0,0,1,0,1,0,1,1,0,0,0,1,0,1,0,0,1,0,1,0,1,1,0,0,0,1,0,1,0,0,1,0,1,0,1,1,0,0,0,1,0,1,0,0,1,0,1,0,1,1,0,0
2024,11,5,17:41:18.426,14.42,205,120.5,0.8189,5425.6,4042.2,7.925,0.02,0.02,0.02,0.02,463.0,394.0,-459.0,10321.0,3899,-4530,108.1,0.0,1098.0,0,0,0,81f,d4a,d4a,d4a,d4a,1,1,1,1,1,0,0,0,0,0,0,1,0,0,1,0,1,0,0,1,0,1,0,1,1,0,0,0,1,0,1,0,0,1,0,1,0,1,1,0,0,0,1,0,1,0,0,1,0,1,0,1,1,0,0,0,1,0,1,0,0,1,0,1,0,1,1,0,0
2024,11,5,17:41:18.446,14.44,225,120.5,0.8195,5406.7,4023.3,7.924,0.02,0.02,0.02,0.02,462.0,394.0,-459.0,10331.0,3906,-4539,109.5,0.0,1099.0,0,0,0,81f,d4a,d4a,d4a,d4a,1,1,1,1,1,0,0,0,0,0,0,1,0,0,1,0,1,0,0,1,0,1,0,1,1,0,0,0,1,0,1,0,0,1,0,1,0,1,1,0,0,0,1,0,1,0,0,1,0,1,0,1,1,0,0,0,1,0,1,0,0,1,0,1,0,1,1,0,0
2024,11,5,17:41:18.466,14.46,245,120.5,0.8195,5406.7,4023.3,7.926,0.02,0.02,0.02,0.02,461.0,394.0,-459.0,10340.0,3914,-4549,110.4,0.0,1100.0,0,0,0,81f,d4a,d4a,d4a,d4a,1,1,1,1,1,0,0,0,0,0,0,1,0,0,1,0,1,0,0,1,0,1,0,1,1,0,0,0,1,0,1,0,0,1,0,1,0,1,1,0,0,0,1,0,1,0,0,1,0,1,0,1,1,0,0,0,1,0,1,0,0,1,0,1,0,1,1,0,0
2024,11,5,17:41:18.486,14.48,15,120.5,0.8197,5398.2,4014.9,7.925,0.02,0.02,0.02,0.02,460.0,394.0,-459.0,10349.0,3922,-4558,111.0,0.0,1102.0,0,0,0,81f,d4a,d4a,d4a,d4a,1,1,1,1,1,0,0,0,0,0,0,1,0,0,1,0,1,0,0,1,0,1,0,1,1,0,0,0,1,0,1,0,0,1,0,1,0,1,1,0,0,0,1,0,1,0,0,1,0,1,0,1,1,0,0,0,1,0,1,0,0,1,0,1,0,1,1,0,0
2024,11,5,17:41:18.506,14.50,35,120.5,0.8197,5398.2,4014.9,7.924,0.02,0.02,0.02,0.02,459.0,394.0,-458.0,10358.0,3930,-4567,111.2,0.0,1104.0,0,0,0,81f,d4a,d4a,d4a,d4a,1,1,1,1,1,0,0,0,0,0,0,1,0,0,1,0,1,0,0,1,0,1,0,1,1,0,0,0,1,0,1,0,0,1,0,1,0,1,1,0,0,0,1,0,1,0,0,1,0,1,0,1,1,0,0,0,1,0,1,0,0,1,0,1,0,1,1,0,0
2024,11,5,17:41:18.526,14.52,55,120.5,0.8199,5391.7,4008.4,7.925,0.02,0.02,0.02,0.02,457.0,393.0,-458.0,10368.0,3938,-4576,110.9,0.0,1106.0,0,0,0,81f,d4a,d4a,d4a,d4a,1,1,1,1,1,0,0,0,0,0,0,1,0,0,1,0,1,0,0,1,0,1,0,1,1,0,0,0,1,0,1,0,0,1,0,1,0,1,1,0,0,0,1,0,1,0,0,1,0,1,0,1,1,0,0,0,1,0,1,0,0,1,0,1,0,1,1,0,0
2024,11,5,17:41:18.546,14.54,75,120.5,0.8199,5391.7,4008.4,7.924,0.02,0.02,0.02,0.02,456.0,393.0,-458.0,10377.0,3946,-4585,110.4,0.0,1108.0,0,0,0,81f,d4a,d4a,d4a,d4a,1,1,1,1,1,0,0,0,0,0,0,1,0,0,1,0,1,0,0,1,0,1,0,1,1,0,0,0,1,0,1,0,0,1,0,1,0,1,1,0,0,0,1,0,1,0,0,1,0,1,0,1,1,0,0,0,1,0,1,0,0,1,0,1,0,1,1,0,0
2024,11,5,17:41:18.566,14.56,95,120.5,0.8203,5380.1,3996.7,7.925,0.02,0.02,0.02,0.02,455.0,393.0,-458.0,10386.0,3954,-4594,109.7,0.0,1110.0,0,0,0,81f,d4a,d4a,d4a,d4a,1,1,1,1,1,0,0,0,0,0,0,1,0,0,1,0,1,0,0,1,0,1,0,1,1,0,0,0,1,0,1,0,0,1,0,1,0,1,1,0,0,0,1,0,1,0,0,1,0,1,0,1,1,0,0,0,1,0,1,0,0,1,0,1,0,1,1,0,0
2024,11,5,17:41:18.586,14.58,115,120.5,0.8203,5379.4,3996.0,7.924,0.02,0.02,0.02,0.02,454.0,392.0,-458.0,10395.0,3962,-4604,108.9,0.0,1112.0,0,0,0,81f,d4a,d4a,d4a,d4a,1,1,1,1,1,0,0,0,0,0,0,1,0,0,1,0,1,0,0,1,0,1,0,1,1,0,0,0,1,0,1,0,0,1,0,1,0,1,1,0,0,0,1,0,1,0,0,1,0,1,0,1,1,0,0,0,1,0,1,0,0,1,0,1,0,1,1,0,0
2024,11,5,17:41:18.606,14.60,135,120.5,0.8202,5383.3,3999.9,7.925,0.02,0.02,0.02,0.02,452.0,392.0,-458.0,10404.0,3969,-4613,108.0,0.0,1114.0,0,0,0,81f,d4a,d4a,d4a,d4a,1,1,1,1,1,0,0,0,0,0,0,1,0,0,1,0,1,0,0,1,0,1,0,1,1,0,0,0,1,0,1,0,0,1,0,1,0,1,1,0,0,0,1,0,1,0,0,1,0,1,0,1,1,0,0,0,1,0,1,0,0,1,0,1,0,1,1,0,0
2024,11,5,17:41:18.626,14.62,155,120.5,0.8202,5383.3,3999.9,7.925,0.02,0.02,0.02,0.02,451.0,392.0,-458.0,10413.0,3977,-4622,107.2,0.0,1117.0,0,0,0,81f,d4a,d4a,d4a,d4a,1,1,1,1,1,0,0,0,0,0,0,1,0,0,1,0,1,0,0,1,0,1,0,1,1,0,0,0,1,0,1,0,0,1,0,1,0,1,1,0,0,0,1,0,1,0,0,1,0,1,0,1,1,0,0,0,1,0,1,0,0,1,0,1,0,1,1,0,0
2024,11,5,17:41:18.646,14.64,175,120.5,0.8202,5382.0,3998.6,7.924,0.02,0.02,0.02,0.02,449.0,392.0,-458.0,10422.0,3985,-4631,106.4,0.0,1119.0,0,0,0,81f,d4a,d4a,d4a,d4a,1,1,1,1,1,0,0,0,0,0,0,1,0,0,1,0,1,0,0,1,0,1,0,1,1,0,0,0,1,0,1,0,0,1,0,1,0,1,1,0,0,0,1,0,1,0,0,1,0,1,0,1,1,0,0,0,1,0,1,0,0,1,0,1,0,1,1,0,0
2024,11,5,17:41:18.666,14.66,195,120.5,0.8202,5382.0,3998.6,7.924,0.02,0.02,0.02,0.02,448.0,391.0,-458.0,10431.0,3993,-4640,105.6,0.0,1122.0,0,0,0,81f,d4a,d4a,d4a,d4a,1,1,1,1,1,0,0,0,0,0,0,1,0,0,1,0,1,0,0,1,0,1,0,1,1,0,0,0,1,0,1,0,0,1,0,1,0,1,1,0,0,0,1,0,1,0,0,1,0,1,0,1,1,0,0,0,1,0,1,0,0,1,0,1,0,1,1,0,0
2024,11,5,17:41:18.686,14.68,215,120.5,0.8201,5385.3,4001.9,7.925,0.02,0.02,0.02,0.02,447.0,391.0,-458.0,10440.0,4001,-4649,105.0,0.0,1124.0,0,0,0,81f,d4a,d4a,d4a,d4a,1,1,1,1,1,0,0,0,0,0,0,1,0,0,1,0,1,0,0,1,0,1,0,1,1,0,0,0,1,0,1,0,0,1,0,1,0,1,1,0,0,0,1,0,1,0,0,1,0,1,0,1,1,0,0,0,1,0,1,0,0,1,0,1,0,1,1,0,0
2024,11,5,17:41:18.706,14.70,235,120.5,0.8201,5385.3,4001.9,7.925,0.02,0.02,0.02,0.02,445.0,391.0,-459.0,10449.0,4009,-4659,104.4,0.0,1126.0,0,0,0,81f,d4a,d4a,d4a,d4a,1,1,1,1,1,0,0,0,0,0,0,1,0,0,1,0,1,0,0,1,0,1,0,1,1,0,0,0,1,0,1,0,0,1,0,1,0,1,1,0,0,0,1,0,1,0,0,1,0,1,0,1,1,0,0,0,1,0,1,0,0,1,0,1,0,1,1,0,0
2024,11,5,17:41:18.726,14.72,5,120.5,0.8203,5380.1,3996.7,7.925,0.02,0.02,0.02,0.02,444.0,391.0,-459.0,10458.0,4016,-4668,104.0,0.0,1129.0,0,0,0,81f,d4a,d4a,d4a,d4a,1,1,1,1,1,0,0,0,0,0,0,1,0,0,1,0,1,0,0,1,0,1,0,1,1,0,0,0,1,0,1,0,0,1,0,1,0,1,1,0,0,0,1,0,1,0,0,1,0,1,0,1,1,0,0,0,1,0,1,0,0,1,0,1,0,1,1,0,0
2024,11,5,17:41:18.746,14.74,25,120.4,0.8203,5380.7,3997.3,7.925,0.02,0.02,0.02,0.02,442.0,391.0,-459.0,10467.0,4024,-4677,104.0,0.0,1131.0,0,0,0,81f,d4a,d4a,d4a,d4a,1,1,1,1,1,0,0,0,0,0,0,1,0,0,1,0,1,0,0,1,0,1,0,1,1,0,0,0,1,0,1,0,0,1,0,1,0,1,1,0,0,0,1,0,1,0,0,1,0,1,0,1,1,0,0,0,1,0,1,0,0,1,0,1,0,1,1,0,0
2024,11,5,17:41:18.766,14.76,45,120.4,0.8200,5389.1,4005.8,7.924,0.02,0.02,0.02,0.02,441.0,390.0,-459.0,10475.0,4032,-4686,104.4,0.0,1133.0,0,0,0,81f,d4a,d4a,d4a,d4a,1,1,1,1,1,0,0,0,0,0,0,1,0,0,1,0,1,0,0,1,0,1,0,1,1,0,0,0,1,0,1,0,0,1,0,1,0,1,1,0,0,0,1,0,1,0,0,1,0,1,0,1,1,0,0,0,1,0,1,0,0,1,0,1,0,1,1,0,0
2024,11,5,17:41:18.786,14.78,65,120.5,0.8200,5389.1,4005.8,7.925,0.02,0.02,0.02,0.02,439.0,390.0,-459.0,10484.0,4040,-4695,105.0,0.0,1135.0,0,0,0,81f,d4a,d4a,d4a,d4a,1,1,1,1,1,0,0,0,0,0,0,1,0,0,1,0,1,0,0,1,0,1,0,1,1,0,0,0,1,0,1,0,0,1,0,1,0,1,1,0,0,0,1,0,1,0,0,1,0,1,0,1,1,0,0,0,1,0,1,0,0,1,0,1,0,1,1,0,0
2024,11,5,17:41:18.806,14.80,85,120.5,0.8202,5384.0,4000.6,7.925,0.02,0.02,0.02,0.02,438.0,390.0,-459.0,10493.0,4048,-4705,105.6,0.0,1138.0,0,0,0,81f,d4a,d4a,d4a,d4a,1,1,1,1,1,0,0,0,0,0,0,1,0,0,1,0,1,0,0,1,0,1,0,1,1,0,0,0,1,0,1,0,0,1,0,1,0,1,1,0,0,0,1,0,1,0,0,1,0,1,0,1,1,0,0,0,1,0,1,0,0,1,0,1,0,1,1,0,0
2024,11,5,17:41:18.826,14.82,105,120.4,0.8202,5384.0,4000.6,7.923,0.02,0.02,0.02,0.02,436.0,390.0,-460.0,10502.0,4056,-4714,106.3,0.0,1140.0,0,0,0,81f,d4a,d4a,d4a,d4a,1,1,1,1,1,0,0,0,0,0,0,1,0,0,1,0,1,0,0,1,0,1,0,1,1,0,0,0,1,0,1,0,0,1,0,1,0,1,1,0,0,0,1,0,1,0,0,1,0,1,0,1,1,0,0,0,1,0,1,0,0,1,0,1,0,1,1,0,0
2024,11,5,17:41:18.846,14.84,125,120.4,0.8205,5373.6,3990.2,7.924,0.02,0.02,0.02,0.02,435.0,390.0,-460.0,10511.0,4063,-4723,107.0,0.0,1143.0,0,0,0,81f,d4a,d4a,d4a,d4a,1,1,1,1,1,0,0,0,0,0,0,1,0,0,1,0,1,0,0,1,0,1,0,1,1,0,0,0,1,0,1,0,0,1,0,1,0,1,1,0,0,0,1,0,1,0,0,1,0,1,0,1,1,0,0,0,1,0,1,0,0,1,0,1,0,1,1,0,0
2024,11,5,17:41:18.866,14.86,145,120.4,0.8205,5374.2,3990.8,7.924,0.02,0.02,0.02,0.02,433.0,389.0,-460.0,10519.0,4071,-4732,107.9,0.0,1145.0,0,0,0,81f,d4a,d4a,d4a,d4a,1,1,1,1,1,0,0,0,0,0,0,1,0,0,1,0,1,0,0,1,0,1,0,1,1,0,0,0,1,0,1,0,0,1,0,1,0,1,1,0,0,0,1,0,1,0,0,1,0,1,0,1,1,0,0,0,1,0,1,0,0,1,0,1,0,1,1,0,0
2024,11,5,17:41:18.886,14.88,165,120.4,0.8203,5379.4,3996.0,7.925,0.02,0.02,0.02,0.02,432.0,389.0,-460.0,10528.0,4079,-4741,109.1,0.0,1148.0,0,0,0,81f,d4a,d4a,d4a,d4a,1,1,1,1,1,0,0,0,0,0,0,1,0,0,1,0,1,0,0,1,0,1,0,1,1,0,0,0,1,0,1,0,0,1,0,1,0,1,1,0,0,0,1,0,1,0,0,1,0,1,0,1,1,0,0,0,1,0,1,0,0,1,0,1,0,1,1,0,0
2024,11,5,17:41:18.906,14.90,185,120.4,0.8203,5379.4,3996.0,7.924,0.02,0.02,0.02,0.02,431.0,389.0,-460.0,10537.0,4087,-4751,110.5,0.0,1151.0,0,0,0,81f,d4a,d4a,d4a,d4a,1,1,1,1,1,0,0,0,0,0,0,1,0,0,1,0,1,0,0,1,0,1,0,1,1,0,0,0,1,0,1,0,0,1,0,1,0,1,1,0,0,0,1,0,1,0,0,1,0,1,0,1,1,0,0,0,1,0,1,0,0,1,0,1,0,1,1,0,0
2024,11,5,17:41:18.926,14.92,205,120.4,0.8206,5371.0,3987.6,7.924,0.02,0.02,0.02,0.02,429.0,389.0,-461.0,10545.0,4095,-4760,112.1,0.0,1154.0,0,0,0,81f,d4a,d4a,d4a,d4a,1,1,1,1,1,0,0,0,0,0,0,1,0,0,1,0,1,0,0,1,0,1,0,1,1,0,0,0,1,0,1,0,0,1,0,1,0,1,1,0,0,0,1,0,1,0,0,1,0,1,0,1,1,0,0,0,1,0,1,0,0,1,0,1,0,1,1,0,0
2024,11,5,17:41:18.946,14.94,225,120.4,0.8206,5371.0,3987.6,7.925,0.02,0.02,0.02,0.02,428.0,389.0,-461.0,10554.0,4102,-4769,113.8,0.0,1158.0,0,0,0,81f,d4a,d4a,d4a,d4a,1,1,1,1,1,0,0,0,0,0,0,1,0,0,1,0,1,0,0,1,0,1,0,1,1,0,0,0,1,0,1,0,0,1,0,1,0,1,1,0,0,0,1,0,1,0,0,1,0,1,0,1,1,0,0,0,1,0,1,0,0,1,0,1,0,1,1,0,0
2024,11,5,17:41:18.966,14.96,245,120.4,0.8208,5362.5,3979.1,7.924,0.02,0.02,0.02,0.02,426.0,389.0,-461.0,10562.0,4110,-4778,115.6,0.0,1161.0,0,0,0,81f,d4a,d4a,d4a,d4a,1,1,1,1,1,0,0,0,0,0,0,1,0,0,1,0,1,0,0,1,0,1,0,1,1,0,0,0,1,0,1,0,0,1,0,1,0,1,1,0,0,0,1,0,1,0,0,1,0,1,0,1,1,0,0,0,1,0,1,0,0,1,0,1,0,1,1,0,0
2024,11,5,17:41:18.986,14.98,15,120.4,0.8208,5363.2,3979.8,7.925,0.02,0.02,0.02,0.02,425.0,388.0,-462.0,10571.0,4118,-4788,117.4,0.0,1165.0,0,0,0,81f,d4a,d4a,d4a,d4a,1,1,1,1,1,0,0,0,0,0,0,1,0,0,1,0,1,0,0,1,0,1,0,1,1,0,0,0,1,0,1,0,0,1,0,1,0,1,1,0,0,0,1,0,1,0,0,1,0,1,0,1,1,0,0,0,1,0,1,0,0,1,0,1,0,1,1,0,0
2024,11,5,17:41:19.006,15.00,35,120.4,0.8207,5366.4,3983.0,7.925,0.02,0.02,0.02,0.02,423.0,388.0,-462.0,10579.0,4126,-4797,119.2,0.0,1169.0,0,0,0,81f,d4a,d4a,d4a,d4a,1,1,1,1,1,0,0,0,0,0,0,1,0,0,1,0,1,0,0,1,0,1,0,1,1,0,0,0,1,0,1,0,0,1,0,1,0,1,1,0,0,0,1,0,1,0,0,1,0,1,0,1,1,0,0,0,1,0,1,0,0,1,0,1,0,1,1,0,0
2024,11,5,17:41:19.026,15.02,55,120.4,0.8207,5366.4,3983.0,7.923,0.02,0.02,0.02,0.02,422.0,388.0,-462.0,10588.0,4133,-4806,121.1,0.0,1173.0,0,0,0,81f,d4a,d4a,d4a,d4a,1,1,1,1,1,0,0,0,0,0,0,1,0,0,1,0,1,0,0,1,0,1,0,1,1,0,0,0,1,0,1,0,0,1,0,1,0,1,1,0,0,0,1,0,1,0,0,1,0,1,0,1,1,0,0,0,1,0,1,0,0,1,0,1,0,1,1,0,0
2024,11,5,17:41:19.046,15.04,75,120.4,0.8212,5351.5,3968.1,7.923,0.02,0.02,0.02,0.02,421.0,388.0,-463.0,10596.0,4141,-4815,123.1,0.0,1177.0,0,0,0,81f,d4a,d4a,d4a,d4a,1,1,1,1,1,0,0,0,0,0,0,1,0,0,1,0,1,0,0,1,0,1,0,1,1,0,0,0,1,0,1,0,0,1,0,1,0,1,1,0,0,0,1,0,1,0,0,1,0,1,0,1,1,0,0,0,1,0,1,0,0,1,0,1,0,1,1,0,0
2024,11,5,17:41:19.066,15.06,95,120.4,0.8212,5351.5,3968.1,7.924,0.02,0.02,0.02,0.02,419.0,387.0,-463.0,10605.0,4149,-4825,125.0,0.0,1181.0,0,0,0,81f,d4a,d4a,d4a,d4a,1,1,1,1,1,0,0,0,0,0,0,1,0,0,1,0,1,0,0,1,0,1,0,1,1,0,0,0,1,0,1,0,0,1,0,1,0,1,1,0,0,0,1,0,1,0,0,1,0,1,0,1,1,0,0,0,1,0,1,0,0,1,0,1,0,1,1,0,0
2024,11,5,17:41:19.086,15.08,115,120.4,0.8215,5341.1,3957.7,7.924,0.02,0.02,0.02,0.02,418.0,387.0,-463.0,10613.0,4157,-4834,126.7,0.0,1185.0,0,0,0,81f,d4a,d4a,d4a,d4a,1,1,1,1,1,0,0,0,0,0,0,1,0,0,1,0,1,0,0,1,0,1,0,1,1,0,0,0,1,0,1,0,0,1,0,1,0,1,1,0,0,0,1,0,1,0,0,1,0,1,0,1,1,0,0,0,1,0,1,0,0,1,0,1,0,1,1,0,0
2024,11,5,17:41:19.106,15.10,135,120.4,0.8215,5341.7,3958.4,7.923,0.02,0.02,0.02,0.02,417.0,387.0,-463.0,10621.0,4164,-4843,128.2,0.0,1188.0,0,0,0,81f,d4a,d4a,d4a,d4a,1,1,1,1,1,0,0,0,0,0,0,1,0,0,1,0,1,0,0,1,0,1,0,1,1,0,0,0,1,0,1,0,0,1,0,1,0,1,1,0,0,0,1,0,1,0,0,1,0,1,0,1,1,0,0,0,1,0,1,0,0,1,0,1,0,1,1,0,0
2024,11,5,17:41:19.126,15.12,155,120.4,0.8218,5329.4,3946.0,7.925,0.02,0.02,0.02,0.02,416.0,386.0,-464.0,10630.0,4172,-4852,129.5,0.0,1192.0,0,0,0,81f,d4a,d4a,d4a,d4a,1,1,1,1,1,0,0,0,0,0,0,1,0,0,1,0,1,0,0,1,0,1,0,1,1,0,0,0,1,0,1,0,0,1,0,1,0,1,1,0,0,0,1,0,1,0,0,1,0,1,0,1,1,0,0,0,1,0,1,0,0,1,0,1,0,1,1,0,0
2024,11,5,17:41:19.146,15.14,175,120.4,0.8218,5330.1,3946.7,7.925,0.02,0.02,0.02,0.02,415.0,386.0,-464.0,10638.0,4180,-4862,130.5,0.0,1195.0,0,0,0,81f,d4a,d4a,d4a,d4a,1,1,1,1,1,0,0,0,0,0,0,1,0,0,1,0,1,0,0,1,0,1,0,1,1,0,0,0,1,0,1,0,0,1,0,1,0,1,1,0,0,0,1,0,1,0,0,1,0,1,0,1,1,0,0,0,1,0,1,0,0,1,0,1,0,1,1,0,0
2024,11,5,17:41:19.166,15.16,195,120.4,0.8222,5318.4,3935.0,7.924,0.02,0.02,0.02,0.02,414.0,386.0,-464.0,10646.0,4188,-4871,131.1,0.0,1197.0,0,0,0,81f,d4a,d4a,d4a,d4a,1,1,1,1,1,0,0,0,0,0,0,1,0,0,1,0,1,0,0,1,0,1,0,1,1,0,0,0,1,0,1,0,0,1,0,1,0,1,1,0,0,0,1,0,1,0,0,1,0,1,0,1,1,0,0,0,1,0,1,0,0,1,0,1,0,1,1,0,0
2024,11,5,17:41:19.186,15.18,215,120.4,0.8222,5318.4,3935.0,7.924,0.02,0.02,0.02,0.02,413.0,385.0,-465.0,10655.0,4195,-4880,131.4,0.0,1200.0,0,0,0,81f,d4a,d4a,d4a,d4a,1,1,1,1,1,0,0,0,0,0,0,1,0,0,1,0,1,0,0,1,0,1,0,1,1,0,0,0,1,0,1,0,0,1,0,1,0,1,1,0,0,0,1,0,1,0,0,1,0,1,0,1,1,0,0,0,1,0,1,0,0,1,0,1,0,1,1,0,0
2024,11,5,17:41:19.206,15.20,235,120.4,0.8221,5319.7,3936.3,7.925,0.02,0.02,0.02,0.02,411.0,385.0,-465.0,10663.0,4203,-4890,131.5,0.0,1202.0,0,0,0,81f,d4a,d4a,d4a,d4a,1,1,1,1,1,0,0,0,0,0,0,1,0,0,1,0,1,0,0,1,0,1,0,1,1,0,0,0,1,0,1,0,0,1,0,1,0,1,1,0,0,0,1,0,1,0,0,1,0,1,0,1,1,0,0,0,1,0,1,0,0,1,0,1,0,1,1,0,0
2024,11,5,17:41:19.226,15.22,5,120.4,0.8221,5319.7,3936.3,7.924,0.02,0.02,0.02,0.02,410.0,385.0,-465.0,10671.0,4211,-4899,131.2,0.0,1204.0,0,0,0,81f,d4a,d4a,d4a,d4a,1,1,1,1,1,0,0,0,0,0,0,1,0,0,1,0,1,0,0,1,0,1,0,1,1,0,0,0,1,0,1,0,0,1,0,1,0,1,1,0,0,0,1,0,1,0,0,1,0,1,0,1,1,0,0,0,1,0,1,0,0,1,0,1,0,1,1,0,0
2024,11,5,17:41:19.246,15.24,25,120.4,0.8224,5310.0,3926.6,7.924,0.02,0.02,0.02,0.02,409.0,385.0,-466.0,10679.0,4219,-4908,130.7,0.0,1206.0,0,0,0,81f,d4a,d4a,d4a,d4a,1,1,1,1,1,0,0,0,0,0,0,1,0,0,1,0,1,0,0,1,0,1,0,1,1,0,0,0,1,0,1,0,0,1,0,1,0,1,1,0,0,0,1,0,1,0,0,1,0,1,0,1,1,0,0,0,1,0,1,0,0,1,0,1,0,1,1,0,0
2024,11,5,17:41:19.266,15.26,45,120.4,0.8224,5310.0,3926.6,7.925,0.02,0.02,0.02,0.02,408.0,385.0,-466.0,10687.0,4226,-4918,129.8,0.0,1207.0,0,0,0,81f,d4a,d4a,d4a,d4a,1,1,1,1,1,0,0,0,0,0,0,1,0,0,1,0,1,0,0,1,0,1,0,1,1,0,0,0,1,0,1,0,0,1,0,1,0,1,1,0,0,0,1,0,1,0,0,1,0,1,0,1,1,0,0,0,1,0,1,0,0,1,0,1,0,1,1,0,0
2024,11,5,17:41:19.286,15.28,65,120.4,0.8224,5311.9,3928.5,7.925,0.02,0.02,0.02,0.02,407.0,385.0,-466.0,10696.0,4234,-4927,128.7,0.0,1208.0,0,0,0,81f,d4a,d4a,d4a,d4a,1,1,1,1,1,0,0,0,0,0,0,1,0,0,1,0,1,0,0,1,0,1,0,1,1,0,0,0,1,0,1,0,0,1,0,1,0,1,1,0,0,0,1,0,1,0,0,1,0,1,0,1,1,0,0,0,1,0,1,0,0,1,0,1,0,1,1,0,0
2024,11,5,17:41:19.306,15.30,85,120.4,0.8224,5311.3,3927.9,7.924,0.02,0.02,0.02,0.02,406.0,384.0,-466.0,10704.0,4242,-4936,127.2,0.0,1209.0,0,0,0,81f,d4a,d4a,d4a,d4a,1,1,1,1,1,0,0,0,0,0,0,1,0,0,1,0,1,0,0,1,0,1,0,1,1,0,0,0,1,0,1,0,0,1,0,1,0,1,1,0,0,0,1,0,1,0,0,1,0,1,0,1,1,0,0,0,1,0,1,0,0,1,0,1,0,1,1,0,0
2024,11,5,17:41:19.326,15.32,105,120.4,0.8223,5314.5,3931.1,7.924,0.02,0.02,0.02,0.02,405.0,384.0,-466.0,10712.0,4249,-4946,125.4,0.0,1209.0,0,0,0,81f,d4a,d4a,d4a,d4a,1,1,1,1,1,0,0,0,0,0,0,1,0,0,1,0,1,0,0,1,0,1,0,1,1,0,0,0,1,0,1,0,0,1,0,1,0,1,1,0,0,0,1,0,1,0,0,1,0,1,0,1,1,0,0,0,1,0,1,0,0,1,0,1,0,1,1,0,0
2024,11,5,17:41:19.346,15.34,125,120.4,0.8223,5315.1,3931.8,7.924,0.02,0.02,0.02,0.02,404.0,384.0,-467.0,10720.0,4257,-4955,123.5,0.0,1210.0,0,0,0,81f,d4a,d4a,d4a,d4a,1,1,1,1,1,0,0,0,0,0,0,1,0,0,1,0,1,0,0,1,0,1,0,1,1,0,0,0,1,0,1,0,0,1,0,1,0,1,1,0,0,0,1,0,1,0,0,1,0,1,0,1,1,0,0,0,1,0,1,0,0,1,0,1,0,1,1,0,0
2024,11,5,17:41:19.366,15.36,145,120.4,0.8218,5330.1,3946.7,7.924,0.02,0.02,0.02,0.02,402.0,384.0,-467.0,10728.0,4265,-4964,121.3,0.0,1210.0,0,0,0,81f,d4a,d4a,d4a,d4a,1,1,1,1,1,0,0,0,0,0,0,1,0,0,1,0,1,0,0,1,0,1,0,1,1,0,0,0,1,0,1,0,0,1,0,1,0,1,1,0,0,0,1,0,1,0,0,1,0,1,0,1,1,0,0,0,1,0,1,0,0,1,0,1,0,1,1,0,0
2024,11,5,17:41:19.386,15.38,165,120.4,0.8218,5330.1,3946.7,7.925,0.02,0.02,0.02,0.02,401.0,384.0,-467.0,10736.0,4272,-4974,119.0,0.0,1209.0,0,0,0,81f,d4a,d4a,d4a,d4a,1,1,1,1,1,0,0,0,0,0,0,1,0,0,1,0,1,0,0,1,0,1,0,1,1,0,0,0,1,0,1,0,0,1,0,1,0,1,1,0,0,0,1,0,1,0,0,1,0,1,0,1,1,0,0,0,1,0,1,0,0,1,0,1,0,1,1,0,0
2024,11,5,17:41:19.406,15.40,185,120.4,0.8220,5323.6,3940.2,7.925,0.02,0.02,0.02,0.02,400.0,384.0,-467.0,10744.0,4280,-4983,116.5,0.0,1209.0,0,0,0,81f,d4a,d4a,d4a,d4a,1,1,1,1,1,0,0,0,0,0,0,1,0,0,1,0,1,0,0,1,0,1,0,1,1,0,0,0,1,0,1,0,0,1,0,1,0,1,1,0,0,0,1,0,1,0,0,1,0,1,0,1,1,0,0,0,1,0,1,0,0,1,0,1,0,1,1,0,0
2024,11,5,17:41:19.426,15.42,205,120.4,0.8220,5323.6,3940.2,7.925,0.02,0.02,0.02,0.02,399.0,384.0,-468.0,10752.0,4288,-4992,113.7,0.0,1208.0,0,0,0,81f,d4a,d4a,d4a,d4a,1,1,1,1,1,0,0,0,0,0,0,1,0,0,1,0,1,0,0,1,0,1,0,1,1,0,0,0,1,0,1,0,0,1,0,1,0,1,1,0,0,0,1,0,1,0,0,1,0,1,0,1,1,0,0,0,1,0,1,0,0,1,0,1,0,1,1,0,0
2024,11,5,17:41:19.446,15.44,225,120.4,0.8223,5315.1,3931.8,7.921,0.02,0.02,0.02,0.02,397.0,383.0,-468.0,10760.0,4295,-5002,110.5,0.0,1207.0,0,0,0,81f,d4a,d4a,d4a,d4a,1,1,1,1,1,0,0,0,0,0,0,1,0,0,1,0,1,0,0,1,0,1,0,1,1,0,0,0,1,0,1,0,0,1,0,1,0,1,1,0,0,0,1,0,1,0,0,1,0,1,0,1,1,0,0,0,1,0,1,0,0,1,0,1,0,1,1,0,0
2024,11,5,17:41:19.466,15.46,245,120.4,0.8223,5315.1,3931.8,7.925,0.02,0.02,0.02,0.02,396.0,383.0,-468.0,10768.0,4303,-5011,107.0,0.0,1206.0,0,0,0,81f,d4a,d4a,d4a,d4a,1,1,1,1,1,0,0,0,0,0,0,1,0,0,1,0,1,0,0,1,0,1,0,1,1,0,0,0,1,0,1,0,0,1,0,1,0,1,1,0,0,0,1,0,1,0,0,1,0,1,0,1,1,0,0,0,1,0,1,0,0,1,0,1,0,1,1,0,0
2024,11,5,17:41:19.486,15.48,15,120.4,0.8225,5308.7,3925.3,7.925,0.02,0.02,0.02,0.02,395.0,383.0,-468.0,10776.0,4311,-5020,103.6,0.0,1205.0,0,0,0,81f,d4a,d4a,d4a,d4a,1,1,1,1,1,0,0,0,0,0,0,1,0,0,1,0,1,0,0,1,0,1,0,1,1,0,0,0,1,0,1,0,0,1,0,1,0,1,1,0,0,0,1,0,1,0,0,1,0,1,0,1,1,0,0,0,1,0,1,0,0,1,0,1,0,1,1,0,0
2024,11,5,17:41:19.506,15.50,35,120.4,0.8225,5308.0,3924.6,7.924,0.02,0.02,0.02,0.02,394.0,383.0,-469.0,10784.0,4318,-5030,100.3,0.0,1204.0,0,0,0,81f,d4a,d4a,d4a,d4a,1,1,1,1,1,0,0,0,0,0,0,1,0,0,1,0,1,0,0,1,0,1,0,1,1,0,0,0,1,0,1,0,0,1,0,1,0,1,1,0,0,0,1,0,1,0,0,1,0,1,0,1,1,0,0,0,1,0,1,0,0,1,0,1,0,1,1,0,0
2024,11,5,17:41:19.526,15.52,55,120.4,0.8229,5295.0,3911.7,7.923,0.02,0.02,0.02,0.02,392.0,382.0,-469.0,10792.0,4326,-5039,97.2,0.0,1203.0,0,0,0,81f,d4a,d4a,d4a,d4a,1,1,1,1,1,0,0,0,0,0,0,1,0,0,1,0,1,0,0,1,0,1,0,1,1,0,0,0,1,0,1,0,0,1,0,1,0,1,1,0,0,0,1,0,1,0,0,1,0,1,0,1,1,0,0,0,1,0,1,0,0,1,0,1,0,1,1,0,0
2024,11,5,17:41:19.546,15.54,75,120.4,0.8229,5295.0,3911.7,7.924,0.02,0.02,0.02,0.02,391.0,382.0,-469.0,10799.0,4334,-5049,94.4,0.0,1203.0,0,0,0,81f,d4a,d4a,d4a,d4a,1,1,1,1,1,0,0,0,0,0,0,1,0,0,1,0,1,0,0,1,0,1,0,1,1,0,0,0,1,0,1,0,0,1,0,1,0,1,1,0,0,0,1,0,1,0,0,1,0,1,0,1,1,0,0,0,1,0,1,0,0,1,0,1,0,1,1,0,0
2024,11,5,17:41:19.566,15.56,95,120.4,0.8231,5287.9,3904.5,7.923,0.02,0.02,0.02,0.02,389.0,382.0,-469.0,10807.0,4341,-5058,91.8,0.0,1202.0,0,0,0,81f,d4a,d4a,d4a,d4a,1,1,1,1,1,0,0,0,0,0,0,1,0,0,1,0,1,0,0,1,0,1,0,1,1,0,0,0,1,0,1,0,0,1,0,1,0,1,1,0,0,0,1,0,1,0,0,1,0,1,0,1,1,0,0,0,1,0,1,0,0,1,0,1,0,1,1,0,0
2024,11,5,17:41:19.586,15.58,115,120.4,0.8231,5287.9,3904.5,7.924,0.02,0.02,0.02,0.02,388.0,381.0,-470.0,10815.0,4349,-5067,89.8,89.9,1202.0,0,0,0,81f,d4a,d4a,d4a,d4a,1,1,1,1,1,0,0,0,0,0,0,1,0,0,1,0,1,0,0,1,0,1,0,1,1,0,0,0,1,0,1,0,0,1,0,1,0,1,1,0,0,0,1,0,1,0,0,1,0,1,0,1,1,0,0,0,1,0,1,0,0,1,0,1,0,1,1,0,0
2024,11,5,17:41:19.606,15.60,135,120.4,0.8231,5289.9,3906.5,7.925,0.02,0.02,0.02,0.02,386.0,381.0,-470.0,10823.0,4357,-5077,88.6,89.5,1201.0,0,0,0,81f,d5e,d5a,d5a,d5a,1,1,1,1,1,0,0,0,0,0,0,1,0,0,1,1,1,1,0,1,0,1,0,1,1,0,0,0,1,0,1,1,0,1,0,1,0,1,1,0,0,0,1,0,1,1,0,1,0,1,0,1,1,0,0,0,1,0,1,1,0,1,0,1,0,1,1,0,0
2024,11,5,17:41:19.626,15.62,155,120.4,0.8231,5289.9,3906.5,7.925,0.02,0.02,0.02,0.02,385.0,381.0,-470.0,10831.0,4364,-5086,88.0,89.3,1202.0,0,0,0,81f,d5e,d5a,d5a,d5a,1,1,1,1,1,0,0,0,0,0,0,1,0,0,1,1,1,1,0,1,0,1,0,1,1,0,0,0,1,0,1,1,0,1,0,1,0,1,1,0,0,0,1,0,1,1,0,1,0,1,0,1,1,0,0,0,1,0,1,1,0,1,0,1,0,1,1,0,0
2024,11,5,17:41:19.646,15.64,175,120.4,0.8229,5296.3,3913.0,7.925,0.02,0.02,0.02,0.02,383.0,380.0,-470.0,10838.0,4372,-5096,88.1,89.3,1202.0,0,0,0,81f,d5e,d5a,d5a,d5a,1,1,1,1,1,0,0,0,0,0,0,1,0,0,1,1,1,1,0,1,0,1,0,1,1,0,0,0,1,0,1,1,0,1,0,1,0,1,1,0,0,0,1,0,1,1,0,1,0,1,0,1,1,0,0,0,1,0,1,1,0,1,0,1,0,1,1,0,0
2024,11,5,17:41:19.666,15.66,195,120.4,0.8229,5296.3,3913.0,7.926,0.02,0.02,0.02,0.02,382.0,380.0,-470.0,10846.0,4380,-5105,88.8,89.6,1202.0,0,0,0,81f,d5e,d5a,d5a,d5a,1,1,1,1,1,0,0,0,0,0,0,1,0,0,1,1,1,1,0,1,0,1,0,1,1,0,0,0,1,0,1,1,0,1,0,1,0,1,1,0,0,0,1,0,1,1,0,1,0,1,0,1,1,0,0,0,1,0,1,1,0,1,0,1,0,1,1,0,0
2024,11,5,17:41:19.686,15.68,215,120.4,0.8232,5284.7,3901.3,7.924,0.02,0.02,0.02,0.02,381.0,379.0,-470.0,10853.0,4387,-5114,90.2,0.0,1203.0,0,0,0,81f,d5e,d5a,d5a,d5a,1,1,1,1,1,0,0,0,0,0,0,1,0,0,1,1,1,1,0,1,0,1,0,1,1,0,0,0,1,0,1,1,0,1,0,1,0,1,1,0,0,0,1,0,1,1,0,1,0,1,0,1,1,0,0,0,1,0,1,1,0,1,0,1,0,1,1,0,0
2024,11,5,17:41:19.706,15.70,235,120.4,0.8232,5284.7,3901.3,7.925,0.02,0.02,0.02,0.02,379.0,379.0,-470.0,10861.0,4395,-5124,92.1,0.0,1204.0,0,0,0,81f,d4a,d4a,d4a,d4a,1,1,1,1,1,0,0,0,0,0,0,1,0,0,1,0,1,0,0,1,0,1,0,1,1,0,0,0,1,0,1,0,0,1,0,1,0,1,1,0,0,0,1,0,1,0,0,1,0,1,0,1,1,0,0,0,1,0,1,0,0,1,0,1,0,1,1,0,0
2024,11,5,17:41:19.726,15.72,5,120.4,0.8235,5274.3,3890.9,7.925,0.02,0.02,0.02,0.02,378.0,379.0,-470.0,10869.0,4402,-5133,94.4,0.0,1204.0,0,0,0,81f,d4a,d4a,d4a,d4a,1,1,1,1,1,0,0,0,0,0,0,1,0,0,1,0,1,0,0,1,0,1,0,1,1,0,0,0,1,0,1,0,0,1,0,1,0,1,1,0,0,0,1,0,1,0,0,1,0,1,0,1,1,0,0,0,1,0,1,0,0,1,0,1,0,1,1,0,0
2024,11,5,17:41:19.746,15.74,25,120.4,0.8235,5274.3,3890.9,7.923,0.02,0.02,0.02,0.02,376.0,379.0,-471.0,10876.0,4410,-5143,97.1,0.0,1205.0,0,0,0,81f,d4a,d4a,d4a,d4a,1,1,1,1,1,0,0,0,0,0,0,1,0,0,1,0,1,0,0,1,0,1,0,1,1,0,0,0,1,0,1,0,0,1,0,1,0,1,1,0,0,0,1,0,1,0,0,1,0,1,0,1,1,0,0,0,1,0,1,0,0,1,0,1,0,1,1,0,0
2024,11,5,17:41:19.766,15.76,45,120.4,0.8237,5270.4,3887.0,7.924,0.02,0.02,0.02,0.02,375.0,378.0,-471.0,10884.0,4417,-5152,100.0,0.0,1206.0,0,0,0,81f,d4a,d4a,d4a,d4a,1,1,1,1,1,0,0,0,0,0,0,1,0,0,1,0,1,0,0,1,0,1,0,1,1,0,0,0,1,0,1,0,0,1,0,1,0,1,1,0,0,0,1,0,1,0,0,1,0,1,0,1,1,0,0,0,1,0,1,0,0,1,0,1,0,1,1,0,0
2024,11,5,17:41:19.786,15.78,65,120.4,0.8236,5271.1,3887.7,7.924,0.02,0.02,0.02,0.02,374.0,378.0,-471.0,10891.0,4425,-5161,103.2,0.0,1207.0,0,0,0,81f,d4a,d4a,d4a,d4a,1,1,1,1,1,0,0,0,0,0,0,1,0,0,1,0,1,0,0,1,0,1,0,1,1,0,0,0,1,0,1,0,0,1,0,1,0,1,1,0,0,0,1,0,1,0,0,1,0,1,0,1,1,0,0,0,1,0,1,0,0,1,0,1,0,1,1,0,0
2024,11,5,17:41:19.806,15.80,85,120.4,0.8238,5266.5,3883.2,7.924,0.02,0.02,0.02,0.02,372.0,378.0,-471.0,10899.0,4433,-5171,106.5,0.0,1208.0,0,0,0,81f,d4a,d4a,d4a,d4a,1,1,1,1,1,0,0,0,0,0,0,1,0,0,1,0,1,0,0,1,0,1,0,1,1,0,0,0,1,0,1,0,0,1,0,1,0,1,1,0,0,0,1,0,1,0,0,1,0,1,0,1,1,0,0,0,1,0,1,0,0,1,0,1,0,1,1,0,0
2024,11,5,17:41:19.826,15.82,105,120.4,0.8238,5265.9,3882.5,7.924,0.02,0.02,0.02,0.02,371.0,378.0,-471.0,10906.0,4440,-5180,109.7,0.0,1208.0,0,0,0,81f,d4a,d4a,d4a,d4a,1,1,1,1,1,0,0,0,0,0,0,1,0,0,1,0,1,0,0,1,0,1,0,1,1,0,0,0,1,0,1,0,0,1,0,1,0,1,1,0,0,0,1,0,1,0,0,1,0,1,0,1,1,0,0,0,1,0,1,0,0,1,0,1,0,1,1,0,0
2024,11,5,17:41:19.846,15.84,125,120.4,0.8240,5260.7,3877.3,7.924,0.02,0.02,0.02,0.02,370.0,378.0,-472.0,10914.0,4448,-5190,112.3,0.0,1209.0,0,0,0,81f,d4a,d4a,d4a,d4a,1,1,1,1,1,0,0,0,0,0,0,1,0,0,1,0,1,0,0,1,0,1,0,1,1,0,0,0,1,0,1,0,0,1,0,1,0,1,1,0,0,0,1,0,1,0,0,1,0,1,0,1,1,0,0,0,1,0,1,0,0,1,0,1,0,1,1,0,0
2024,11,5,17:41:19.866,15.86,145,120.4,0.8240,5260.7,3877.3,7.925,0.02,0.02,0.02,0.02,369.0,377.0,-472.0,10921.0,4455,-5199,114.8,0.0,1209.0,0,0,0,81f,d4a,d4a,d4a,d4a,1,1,1,1,1,0,0,0,0,0,0,1,0,0,1,0,1,0,0,1,0,1,0,1,1,0,0,0,1,0,1,0,0,1,0,1,0,1,1,0,0,0,1,0,1,0,0,1,0,1,0,1,1,0,0,0,1,0,1,0,0,1,0,1,0,1,1,0,0
2024,11,5,17:41:19.886,15.88,165,120.4,0.8242,5252.3,3868.9,7.924,0.02,0.02,0.02,0.02,368.0,377.0,-472.0,10928.0,4463,-5209,117.2,0.0,1210.0,0,0,0,81f,d4a,d4a,d4a,d4a,1,1,1,1,1,0,0,0,0,0,0,1,0,0,1,0,1,0,0,1,0,1,0,1,1,0,0,0,1,0,1,0,0,1,0,1,0,1,1,0,0,0,1,0,1,0,0,1,0,1,0,1,1,0,0,0,1,0,1,0,0,1,0,1,0,1,1,0,0
2024,11,5,17:41:19.906,15.90,185,120.4,0.8242,5252.3,3868.9,7.925,0.02,0.02,0.02,0.02,367.0,377.0,-472.0,10936.0,4470,-5218,119.4,0.0,1210.0,0,0,0,81f,d4a,d4a,d4a,d4a,1,1,1,1,1,0,0,0,0,0,0,1,0,0,1,0,1,0,0,1,0,1,0,1,1,0,0,0,1,0,1,0,0,1,0,1,0,1,1,0,0,0,1,0,1,0,0,1,0,1,0,1,1,0,0,0,1,0,1,0,0,1,0,1,0,1,1,0,0
2024,11,5,17:41:19.926,15.92,205,120.4,0.8244,5245.8,3862.4,7.925,0.02,0.02,0.02,0.02,366.0,377.0,-473.0,10943.0,4478,-5228,121.5,0.0,1210.0,0,0,0,81f,d4a,d4a,d4a,d4a,1,1,1,1,1,0,0,0,0,0,0,1,0,0,1,0,1,0,0,1,0,1,0,1,1,0,0,0,1,0,1,0,0,1,0,1,0,1,1,0,0,0,1,0,1,0,0,1,0,1,0,1,1,0,0,0,1,0,1,0,0,1,0,1,0,1,1,0,0
2024,11,5,17:41:19.946,15.94,225,120.4,0.8244,5245.2,3861.8,7.924,0.02,0.02,0.02,0.02,365.0,376.0,-473.0,10950.0,4486,-5237,123.3,0.0,1209.0,0,0,0,81f,d4a,d4a,d4a,d4a,1,1,1,1,1,0,0,0,0,0,0,1,0,0,1,0,1,0,0,1,0,1,0,1,1,0,0,0,1,0,1,0,0,1,0,1,0,1,1,0,0,0,1,0,1,0,0,1,0,1,0,1,1,0,0,0,1,0,1,0,0,1,0,1,0,1,1,0,0
2024,11,5,17:41:19.966,15.96,245,120.4,0.8246,5238.7,3855.3,7.925,0.02,0.02,0.02,0.02,364.0,376.0,-473.0,10958.0,4493,-5247,124.6,0.0,1208.0,0,0,0,81f,d4a,d4a,d4a,d4a,1,1,1,1,1,0,0,0,0,0,0,1,0,0,1,0,1,0,0,1,0,1,0,1,1,0,0,0,1,0,1,0,0,1,0,1,0,1,1,0,0,0,1,0,1,0,0,1,0,1,0,1,1,0,0,0,1,0,1,0,0,1,0,1,0,1,1,0,0
2024,11,5,17:41:19.986,15.98,15,120.4,0.8246,5238.7,3855.3,7.924,0.02,0.02,0.02,0.02,362.0,376.0,-473.0,10965.0,4501,-5256,125.5,0.0,1207.0,0,0,0,81f,d4a,d4a,d4a,d4a,1,1,1,1,1,0,0,0,0,0,0,1,0,0,1,0,1,0,0,1,0,1,0,1,1,0,0,0,1,0,1,0,0,1,0,1,0,1,1,0,0,0,1,0,1,0,0,1,0,1,0,1,1,0,0,0,1,0,1,0,0,1,0,1,0,1,1,0,0
2024,11,5,17:41:20.006,16.00,35,120.4,0.8245,5243.9,3860.5,7.924,0.02,0.02,0.02,0.02,361.0,376.0,-473.0,10972.0,4508,-5265,126.0,0.0,1206.0,0,0,0,81f,d4a,d4a,d4a,d4a,1,1,1,1,1,0,0,0,0,0,0,1,0,0,1,0,1,0,0,1,0,1,0,1,1,0,0,0,1,0,1,0,0,1,0,1,0,1,1,0,0,0,1,0,1,0,0,1,0,1,0,1,1,0,0,0,1,0,1,0,0,1,0,1,0,1,1,0,0
2024,11,5,17:41:20.026,16.02,55,120.4,0.8245,5243.9,3860.5,7.924,0.02,0.02,0.02,0.02,360.0,375.0,-473.0,10979.0,4516,-5275,126.0,0.0,1204.0,0,0,0,81f,d4a,d4a,d4a,d4a,1,1,1,1,1,0,0,0,0,0,0,1,0,0,1,0,1,0,0,1,0,1,0,1,1,0,0,0,1,0,1,0,0,1,0,1,0,1,1,0,0,0,1,0,1,0,0,1,0,1,0,1,1,0,0,0,1,0,1,0,0,1,0,1,0,1,1,0,0
2024,11,5,17:41:20.046,16.04,75,120.4,0.8247,5236.8,3853.4,7.923,0.02,0.02,0.02,0.02,359.0,375.0,-474.0,10987.0,4523,-5284,125.8,0.0,1203.0,0,0,0,81f,d4a,d4a,d4a,d4a,1,1,1,1,1,0,0,0,0,0,0,1,0,0,1,0,1,0,0,1,0,1,0,1,1,0,0,0,1,0,1,0,0,1,0,1,0,1,1,0,0,0,1,0,1,0,0,1,0,1,0,1,1,0,0,0,1,0,1,0,0,1,0,1,0,1,1,0,0
2024,11,5,17:41:20.066,16.06,95,120.4,0.8247,5237.4,3854.0,7.923,0.02,0.02,0.02,0.02,358.0,375.0,-474.0,10994.0,4531,-5294,125.0,0.0,1201.0,0,0,0,81f,d4a,d4a,d4a,d4a,1,1,1,1,1,0,0,0,0,0,0,1,0,0,1,0,1,0,0,1,0,1,0,1,1,0,0,0,1,0,1,0,0,1,0,1,0,1,1,0,0,0,1,0,1,0,0,1,0,1,0,1,1,0,0,0,1,0,1,0,0,1,0,1,0,1,1,0,0
2024,11,5,17:41:20.086,16.08,115,120.4,0.8248,5232.2,3848.9,7.924,0.02,0.02,0.02,0.02,358.0,374.0,-474.0,11001.0,4538,-5303,123.8,0.0,1198.0,0,0,0,81f,d4a,d4a,d4a,d4a,1,1,1,1,1,0,0,0,0,0,0,1,0,0,1,0,1,0,0,1,0,1,0,1,1,0,0,0,1,0,1,0,0,1,0,1,0,1,1,0,0,0,1,0,1,0,0,1,0,1,0,1,1,0,0,0,1,0,1,0,0,1,0,1,0,1,1,0,0
2024,11,5,17:41:20.106,16.10,135,120.4,0.8248,5232.2,3848.9,7.925,0.02,0.02,0.02,0.02,357.0,374.0,-474.0,11008.0,4546,-5313,121.9,0.0,1196.0,0,0,0,81f,d4a,d4a,d4a,d4a,1,1,1,1,1,0,0,0,0,0,0,1,0,0,1,0,1,0,0,1,0,1,0,1,1,0,0,0,1,0,1,0,0,1,0,1,0,1,1,0,0,0,1,0,1,0,0,1,0,1,0,1,1,0,0,0,1,0,1,0,0,1,0,1,0,1,1,0,0
2024,11,5,17:41:20.126,16.12,155,120.4,0.8247,5235.5,3852.1,7.925,0.02,0.02,0.02,0.02,356.0,373.0,-474.0,11015.0,4553,-5322,119.7,0.0,1193.0,0,0,0,81f,d4a,d4a,d4a,d4a,1,1,1,1,1,0,0,0,0,0,0,1,0,0,1,0,1,0,0,1,0,1,0,1,1,0,0,0,1,0,1,0,0,1,0,1,0,1,1,0,0,0,1,0,1,0,0,1,0,1,0,1,1,0,0,0,1,0,1,0,0,1,0,1,0,1,1,0,0
2024,11,5,17:41:20.146,16.14,175,120.4,0.8247,5235.5,3852.1,7.924,0.02,0.02,0.02,0.02,355.0,373.0,-474.0,11022.0,4561,-5332,117.0,0.0,1190.0,0,0,0,81f,d4a,d4a,d4a,d4a,1,1,1,1,1,0,0,0,0,0,0,1,0,0,1,0,1,0,0,1,0,1,0,1,1,0,0,0,1,0,1,0,0,1,0,1,0,1,1,0,0,0,1,0,1,0,0,1,0,1,0,1,1,0,0,0,1,0,1,0,0,1,0,1,0,1,1,0,0
2024,11,5,17:41:20.166,16.16,195,120.4,0.8246,5240.7,3857.3,7.924,0.02,0.02,0.02,0.02,354.0,373.0,-474.0,11029.0,4568,-5341,113.9,0.0,1188.0,0,0,0,81f,d4a,d4a,d4a,d4a,1,1,1,1,1,0,0,0,0,0,0,1,0,0,1,0,1,0,0,1,0,1,0,1,1,0,0,0,1,0,1,0,0,1,0,1,0,1,1,0,0,0,1,0,1,0,0,1,0,1,0,1,1,0,0,0,1,0,1,0,0,1,0,1,0,1,1,0,0
2024,11,5,17:41:20.186,16.18,215,120.4,0.8246,5240.7,3857.3,7.925,0.02,0.02,0.02,0.02,353.0,372.0,-475.0,11037.0,4576,-5351,110.4,0.0,1185.0,0,0,0,81f,d4a,d4a,d4a,d4a,1,1,1,1,1,0,0,0,0,0,0,1,0,0,1,0,1,0,0,1,0,1,0,1,1,0,0,0,1,0,1,0,0,1,0,1,0,1,1,0,0,0,1,0,1,0,0,1,0,1,0,1,1,0,0,0,1,0,1,0,0,1,0,1,0,1,1,0,0
2024,11,5,17:41:20.206,16.20,235,120.4,0.8243,5251.0,3867.6,7.925,0.02,0.02,0.02,0.02,352.0,372.0,-475.0,11044.0,4583,-5360,106.6,0.0,1183.0,0,0,0,81f,d4a,d4a,d4a,d4a,1,1,1,1,1,0,0,0,0,0,0,1,0,0,1,0,1,0,0,1,0,1,0,1,1,0,0,0,1,0,1,0,0,1,0,1,0,1,1,0,0,0,1,0,1,0,0,1,0,1,0,1,1,0,0,0,1,0,1,0,0,1,0,1,0,1,1,0,0
2024,11,5,17:41:20.226,16.22,5,120.4,0.8243,5250.4,3867.0,7.924,0.02,0.02,0.02,0.02,351.0,371.0,-475.0,11051.0,4590,-5370,102.4,0.0,1181.0,0,0,0,81f,d4a,d4a,d4a,d4a,1,1,1,1,1,0,0,0,0,0,0,1,0,0,1,0,1,0,0,1,0,1,0,1,1,0,0,0,1,0,1,0,0,1,0,1,0,1,1,0,0,0,1,0,1,0,0,1,0,1,0,1,1,0,0,0,1,0,1,0,0,1,0,1,0,1,1,0,0
2024,11,5,17:41:20.246,16.24,25,120.4,0.8246,5238.7,3855.3,7.923,0.02,0.02,0.02,0.02,350.0,371.0,-476.0,11058.0,4598,-5379,97.9,0.0,1179.0,0,0,0,81f,d4a,d4a,d4a,d4a,1,1,1,1,1,0,0,0,0,0,0,1,0,0,1,0,1,0,0,1,0,1,0,1,1,0,0,0,1,0,1,0,0,1,0,1,0,1,1,0,0,0,1,0,1,0,0,1,0,1,0,1,1,0,0,0,1,0,1,0,0,1,0,1,0,1,1,0,0
2024,11,5,17:41:20.266,16.26,45,120.4,0.8246,5238.7,3855.3,7.925,0.02,0.02,0.02,0.02,349.0,371.0,-476.0,11065.0,4605,-5389,93.2,0.0,1178.0,0,0,0,81f,d4a,d4a,d4a,d4a,1,1,1,1,1,0,0,0,0,0,0,1,0,0,1,0,1,0,0,1,0,1,0,1,1,0,0,0,1,0,1,0,0,1,0,1,0,1,1,0,0,0,1,0,1,0,0,1,0,1,0,1,1,0,0,0,1,0,1,0,0,1,0,1,0,1,1,0,0
2024,11,5,17:41:20.286,16.28,65,120.4,0.8243,5250.4,3867.0,7.923,0.02,0.02,0.02,0.02,347.0,370.0,-476.0,11072.0,4613,-5398,88.0,89.4,1178.0,0,0,0,81f,d4a,d4a,d4a,d4a,1,1,1,1,1,0,0,0,0,0,0,1,0,0,1,0,1,0,0,1,0,1,0,1,1,0,0,0,1,0,1,0,0,1,0,1,0,1,1,0,0,0,1,0,1,0,0,1,0,1,0,1,1,0,0,0,1,0,1,0,0,1,0,1,0,1,1,0,0
2024,11,5,17:41:20.306,16.30,85,120.4,0.8243,5250.4,3867.0,7.924,0.02,0.02,0.02,0.02,346.0,370.0,-477.0,11079.0,4620,-5408,82.6,87.7,1178.0,0,0,0,81f,d5e,d5a,d5a,d5a,1,1,1,1,1,0,0,0,0,0,0,1,0,0,1,1,1,1,0,1,0,1,0,1,1,0,0,0,1,0,1,1,0,1,0,1,0,1,1,0,0,0,1,0,1,1,0,1,0,1,0,1,1,0,0,0,1,0,1,1,0,1,0,1,0,1,1,0,0
2024,11,5,17:41:20.326,16.32,105,120.4,0.8244,5247.1,3863.7,7.924,0.02,0.02,0.02,0.02,345.0,370.0,-477.0,11085.0,4628,-5418,76.8,85.9,1179.0,0,0,0,81f,d5e,d5a,d5a,d5a,1,1,1,1,1,0,0,0,0,0,0,1,0,0,1,1,1,1,0,1,0,1,0,1,1,0,0,0,1,0,1,1,0,1,0,1,0,1,1,0,0,0,1,0,1,1,0,1,0,1,0,1,1,0,0,0,1,0,1,1,0,1,0,1,0,1,1,0,0
2024,11,5,17:41:20.346,16.34,125,120.4,0.8244,5247.1,3863.7,7.924,0.02,0.02,0.02,0.02,344.0,369.0,-478.0,11092.0,4635,-5427,70.9,83.9,1180.0,0,0,0,81f,d5e,d5a,d5a,d5a,1,1,1,1,1,0,0,0,0,0,0,1,0,0,1,1,1,1,0,1,0,1,0,1,1,0,0,0,1,0,1,1,0,1,0,1,0,1,1,0,0,0,1,0,1,1,0,1,0,1,0,1,1,0,0,0,1,0,1,1,0,1,0,1,0,1,1,0,0
2024,11,5,17:41:20.366,16.36,145,120.4,0.8245,5243.9,3860.5,7.925,0.02,0.02,0.02,0.02,343.0,369.0,-478.0,11099.0,4642,-5437,65.1,81.9,1181.0,0,0,0,81f,d5e,d5a,d5a,d5a,1,1,1,1,1,0,0,0,0,0,0,1,0,0,1,1,1,1,0,1,0,1,0,1,1,0,0,0,1,0,1,1,0,1,0,1,0,1,1,0,0,0,1,0,1,1,0,1,0,1,0,1,1,0,0,0,1,0,1,1,0,1,0,1,0,1,1,0,0
2024,11,5,17:41:20.386,16.38,165,120.4,0.8245,5243.2,3859.9,7.925,0.02,0.02,0.02,0.02,342.0,369.0,-479.0,11106.0,4650,-5446,59.3,79.8,1183.0,0,0,0,81f,d5e,d5a,d5a,d5a,1,1,1,1,1,0,0,0,0,0,0,1,0,0,1,1,1,1,0,1,0,1,0,1,1,0,0,0,1,0,1,1,0,1,0,1,0,1,1,0,0,0,1,0,1,1,0,1,0,1,0,1,1,0,0,0,1,0,1,1,0,1,0,1,0,1,1,0,0
2024,11,5,17:41:20.406,16.40,185,120.4,0.8244,5247.1,3863.7,7.924,0.02,0.02,0.02,0.02,341.0,369.0,-479.0,11113.0,4657,-5456,53.9,77.6,1184.0,0,0,0,81f,d5e,d5a,d5a,d5a,1,1,1,1,1,0,0,0,0,0,0,1,0,0,1,1,1,1,0,1,0,1,0,1,1,0,0,0,1,0,1,1,0,1,0,1,0,1,1,0,0,0,1,0,1,1,0,1,0,1,0,1,1,0,0,0,1,0,1,1,0,1,0,1,0,1,1,0,0
2024,11,5,17:41:20.426,16.42,205,120.4,0.8244,5247.8,3864.4,7.924,0.02,0.02,0.02,0.02,339.0,369.0,-479.0,11120.0,4664,-5465,49.0,75.4,1186.0,0,0,0,81f,d5e,d5a,d5a,d5a,1,1,1,1,1,0,0,0,0,0,0,1,0,0,1,1,1,1,0,1,0,1,0,1,1,0,0,0,1,0,1,1,0,1,0,1,0,1,1,0,0,0,1,0,1,1,0,1,0,1,0,1,1,0,0,0,1,0,1,1,0,1,0,1,0,1,1,0,0
2024,11,5,17:41:20.446,16.44,225,120.4,0.8247,5236.1,3852.7,7.924,0.02,0.02,0.02,0.02,338.0,368.0,-479.0,11126.0,4672,-5475,44.3,73.0,1187.0,0,0,0,81f,d5e,d5a,d5a,d5a,1,1,1,1,1,0,0,0,0,0,0,1,0,0,1,1,1,1,0,1,0,1,0,1,1,0,0,0,1,0,1,1,0,1,0,1,0,1,1,0,0,0,1,0,1,1,0,1,0,1,0,1,1,0,0,0,1,0,1,1,0,1,0,1,0,1,1,0,0
2024,11,5,17:41:20.466,16.46,245,120.4,0.8247,5235.5,3852.1,7.925,0.02,0.02,0.02,0.02,336.0,368.0,-480.0,11133.0,4679,-5485,40.3,70.7,1188.0,0,0,0,81f,d5e,d5a,d5a,d5a,1,1,1,1,1,0,0,0,0,0,0,1,0,0,1,1,1,1,0,1,0,1,0,1,1,0,0,0,1,0,1,1,0,1,0,1,0,1,1,0,0,0,1,0,1,1,0,1,0,1,0,1,1,0,0,0,1,0,1,1,0,1,0,1,0,1,1,0,0
2024,11,5,17:41:20.486,16.48,15,120.4,0.8249,5229.0,3845.6,7.924,0.02,0.02,0.02,0.02,335.0,368.0,-480.0,11140.0,4687,-5494,37.3,68.9,1189.0,0,0,0,81f,d5e,d5a,d5a,d5a,1,1,1,1,1,0,0,0,0,0,0,1,0,0,1,1,1,1,0,1,0,1,0,1,1,0,0,0,1,0,1,1,0,1,0,1,0,1,1,0,0,0,1,0,1,1,0,1,0,1,0,1,1,0,0,0,1,0,1,1,0,1,0,1,0,1,1,0,0
2024,11,5,17:41:20.506,16.50,35,120.4,0.8249,5229.0,3845.6,7.923,0.02,0.02,0.02,0.02,334.0,368.0,-480.0,11147.0,4694,-5504,35.4,67.7,1190.0,0,0,0,81f,d5e,d5a,d5a,d5a,1,1,1,1,1,0,0,0,0,0,0,1,0,0,1,1,1,1,0,1,0,1,0,1,1,0,0,0,1,0,1,1,0,1,0,1,0,1,1,0,0,0,1,0,1,1,0,1,0,1,0,1,1,0,0,0,1,0,1,1,0,1,0,1,0,1,1,0,0
2024,11,5,17:41:20.526,16.52,55,120.4,0.8250,5225.8,3842.4,7.924,0.02,0.02,0.02,0.02,333.0,368.0,-480.0,11153.0,4701,-5513,34.4,67.0,1190.0,0,0,0,81f,d5e,d5a,d5a,d5a,1,1,1,1,1,0,0,0,0,0,0,1,0,0,1,1,1,1,0,1,0,1,0,1,1,0,0,0,1,0,1,1,0,1,0,1,0,1,1,0,0,0,1,0,1,1,0,1,0,1,0,1,1,0,0,0,1,0,1,1,0,1,0,1,0,1,1,0,0
2024,11,5,17:41:20.546,16.54,75,120.4,0.8250,5225.8,3842.4,7.925,0.02,0.02,0.02,0.02,331.0,367.0,-480.0,11160.0,4709,-5523,34.0,66.8,1189.0,0,0,0,81f,d5e,d5a,d5a,d5a,1,1,1,1,1,0,0,0,0,0,0,1,0,0,1,1,1,1,0,1,0,1,0,1,1,0,0,0,1,0,1,1,0,1,0,1,0,1,1,0,0,0,1,0,1,1,0,1,0,1,0,1,1,0,0,0,1,0,1,1,0,1,0,1,0,1,1,0,0
2024,11,5,17:41:20.566,16.56,95,120.4,0.8257,5205.1,3821.7,7.925,0.02,0.02,0.02,0.02,330.0,367.0,-480.0,11167.0,4716,-5533,34.2,67.0,1188.0,0,0,0,81f,d5e,d5a,d5a,d5a,1,1,1,1,1,0,0,0,0,0,0,1,0,0,1,1,1,1,0,1,0,1,0,1,1,0,0,0,1,0,1,1,0,1,0,1,0,1,1,0,0,0,1,0,1,1,0,1,0,1,0,1,1,0,0,0,1,0,1,1,0,1,0,1,0,1,1,0,0
2024,11,5,17:41:20.586,16.58,115,120.4,0.8257,5205.1,3821.7,7.924,0.02,0.02,0.02,0.02,329.0,366.0,-480.0,11173.0,4723,-5542,34.7,67.5,1187.0,0,0,0,81f,d5e,d5a,d5a,d5a,1,1,1,1,1,0,0,0,0,0,0,1,0,0,1,1,1,1,0,1,0,1,0,1,1,0,0,0,1,0,1,1,0,1,0,1,0,1,1,0,0,0,1,0,1,1,0,1,0,1,0,1,1,0,0,0,1,0,1,1,0,1,0,1,0,1,1,0,0
2024,11,5,17:41:20.606,16.60,135,120.4,0.8258,5199.9,3816.5,7.925,0.02,0.02,0.02,0.02,329.0,366.0,-480.0,11180.0,4731,-5552,35.3,68.0,1185.0,0,0,0,81f,d5e,d5a,d5a,d5a,1,1,1,1,1,0,0,0,0,0,0,1,0,0,1,1,1,1,0,1,0,1,0,1,1,0,0,0,1,0,1,1,0,1,0,1,0,1,1,0,0,0,1,0,1,1,0,1,0,1,0,1,1,0,0,0,1,0,1,1,0,1,0,1,0,1,1,0,0
2024,11,5,17:41:20.626,16.62,155,120.4,0.8258,5200.6,3817.2,7.925,0.02,0.02,0.02,0.02,328.0,365.0,-480.0,11186.0,4738,-5561,35.9,68.5,1183.0,0,0,0,81f,d5e,d5a,d5a,d5a,1,1,1,1,1,0,0,0,0,0,0,1,0,0,1,1,1,1,0,1,0,1,0,1,1,0,0,0,1,0,1,1,0,1,0,1,0,1,1,0,0,0,1,0,1,1,0,1,0,1,0,1,1,0,0,0,1,0,1,1,0,1,0,1,0,1,1,0,0
2024,11,5,17:41:20.646,16.64,175,120.4,0.8257,5203.8,3820.4,7.924,0.02,0.02,0.02,0.02,327.0,365.0,-480.0,11193.0,4745,-5571,36.4,68.9,1180.0,0,0,0,81f,d5e,d5a,d5a,d5a,1,1,1,1,1,0,0,0,0,0,0,1,0,0,1,1,1,1,0,1,0,1,0,1,1,0,0,0,1,0,1,1,0,1,0,1,0,1,1,0,0,0,1,0,1,1,0,1,0,1,0,1,1,0,0,0,1,0,1,1,0,1,0,1,0,1,1,0,0
2024,11,5,17:41:20.666,16.66,195,120.4,0.8257,5203.8,3820.4,7.924,0.02,0.02,0.02,0.02,326.0,365.0,-481.0,11199.0,4753,-5581,36.6,69.2,1176.0,0,0,0,81f,d5e,d5a,d5a,d5a,1,1,1,1,1,0,0,0,0,0,0,1,0,0,1,1,1,1,0,1,0,1,0,1,1,0,0,0,1,0,1,1,0,1,0,1,0,1,1,0,0,0,1,0,1,1,0,1,0,1,0,1,1,0,0,0,1,0,1,1,0,1,0,1,0,1,1,0,0
2024,11,5,17:41:20.686,16.68,215,120.4,0.8257,5203.8,3820.4,7.924,0.02,0.02,0.02,0.02,325.0,364.0,-481.0,11206.0,4760,-5590,36.5,69.1,1173.0,0,0,0,81f,d5e,d5a,d5a,d5a,1,1,1,1,1,0,0,0,0,0,0,1,0,0,1,1,1,1,0,1,0,1,0,1,1,0,0,0,1,0,1,1,0,1,0,1,0,1,1,0,0,0,1,0,1,1,0,1,0,1,0,1,1,0,0,0,1,0,1,1,0,1,0,1,0,1,1,0,0
2024,11,5,17:41:20.706,16.70,235,120.4,0.8257,5203.1,3819.8,7.925,0.02,0.02,0.02,0.02,324.0,364.0,-481.0,11212.0,4767,-5600,35.8,68.8,1169.0,0,0,0,81f,d5e,d5a,d5a,d5a,1,1,1,1,1,0,0,0,0,0,0,1,0,0,1,1,1,1,0,1,0,1,0,1,1,0,0,0,1,0,1,1,0,1,0,1,0,1,1,0,0,0,1,0,1,1,0,1,0,1,0,1,1,0,0,0,1,0,1,1,0,1,0,1,0,1,1,0,0
2024,11,5,17:41:20.726,16.72,5,120.4,0.8255,5211.6,3828.2,7.924,0.02,0.02,0.02,0.02,323.0,364.0,-482.0,11219.0,4775,-5610,34.9,68.2,1164.0,0,0,0,81f,d5e,d5a,d5a,d5a,1,1,1,1,1,0,0,0,0,0,0,1,0,0,1,1,1,1,0,1,0,1,0,1,1,0,0,0,1,0,1,1,0,1,0,1,0,1,1,0,0,0,1,0,1,1,0,1,0,1,0,1,1,0,0,0,1,0,1,1,0,1,0,1,0,1,1,0,0
2024,11,5,17:41:20.746,16.74,25,120.4,0.8255,5211.6,3828.2,7.923,0.02,0.02,0.02,0.02,322.0,363.0,-482.0,11225.0,4782,-5619,33.7,67.4,1160.0,0,0,0,81f,d5e,d5a,d5a,d5a,1,1,1,1,1,0,0,0,0,0,0,1,0,0,1,1,1,1,0,1,0,1,0,1,1,0,0,0,1,0,1,1,0,1,0,1,0,1,1,0,0,0,1,0,1,1,0,1,0,1,0,1,1,0,0,0,1,0,1,1,0,1,0,1,0,1,1,0,0
2024,11,5,17:41:20.766,16.76,45,120.4,0.8252,5220.0,3836.6,7.924,0.02,0.02,0.02,0.02,321.0,363.0,-483.0,11232.0,4789,-5629,32.3,66.4,1155.0,0,0,0,81f,d5e,d5a,d5a,d5a,1,1,1,1,1,0,0,0,0,0,0,1,0,0,1,1,1,1,0,1,0,1,0,1,1,0,0,0,1,0,1,1,0,1,0,1,0,1,1,0,0,0,1,0,1,1,0,1,0,1,0,1,1,0,0,0,1,0,1,1,0,1,0,1,0,1,1,0,0
2024,11,5,17:41:20.786,16.78,65,120.4,0.8252,5220.0,3836.6,7.925,0.02,0.02,0.02,0.02,320.0,363.0,-483.0,11238.0,4796,-5639,30.6,65.0,1151.0,0,0,0,81f,d5e,d5a,d5a,d5a,1,1,1,1,1,0,0,0,0,0,0,1,0,0,1,1,1,1,0,1,0,1,0,1,1,0,0,0,1,0,1,1,0,1,0,1,0,1,1,0,0,0,1,0,1,1,0,1,0,1,0,1,1,0,0,0,1,0,1,1,0,1,0,1,0,1,1,0,0
2024,11,5,17:41:20.806,16.80,85,120.4,0.8251,5223.8,3840.4,7.924,0.02,0.02,0.02,0.02,319.0,363.0,-483.0,11245.0,4804,-5648,28.7,63.4,1146.0,0,0,0,81f,d5e,d5a,d5a,d5a,1,1,1,1,1,0,0,0,0,0,0,1,0,0,1,1,1,1,0,1,0,1,0,1,1,0,0,0,1,0,1,1,0,1,0,1,0,1,1,0,0,0,1,0,1,1,0,1,0,1,0,1,1,0,0,0,1,0,1,1,0,1,0,1,0,1,1,0,0
2024,11,5,17:41:20.826,16.82,105,120.4,0.8251,5223.8,3840.4,7.923,0.02,0.02,0.02,0.02,318.0,363.0,-484.0,11251.0,4811,-5658,26.5,61.3,1141.0,0,0,0,81f,d5e,d5a,d5a,d5a,1,1,1,1,1,0,0,0,0,0,0,1,0,0,1,1,1,1,0,1,0,1,0,1,1,0,0,0,1,0,1,1,0,1,0,1,0,1,1,0,0,0,1,0,1,1,0,1,0,1,0,1,1,0,0,0,1,0,1,1,0,1,0,1,0,1,1,0,0
2024,11,5,17:41:20.846,16.84,125,120.4,0.8254,5213.5,3830.1,7.924,0.02,0.02,0.02,0.02,317.0,363.0,-484.0,11257.0,4818,-5668,24.0,58.6,1137.0,0,0,0,81f,d5e,d5a,d5a,d5a,1,1,1,1,1,0,0,0,0,0,0,1,0,0,1,1,1,1,0,1,0,1,0,1,1,0,0,0,1,0,1,1,0,1,0,1,0,1,1,0,0,0,1,0,1,1,0,1,0,1,0,1,1,0,0,0,1,0,1,1,0,1,0,1,0,1,1,0,0
2024,11,5,17:41:20.866,16.86,145,120.4,0.8254,5213.5,3830.1,7.923,0.02,0.02,0.02,0.02,316.0,363.0,-484.0,11264.0,4825,-5677,21.1,55.0,1132.0,0,0,0,81f,d5e,d5a,d5a,d5a,1,1,1,1,1,0,0,0,0,0,0,1,0,0,1,1,1,1,0,1,0,1,0,1,1,0,0,0,1,0,1,1,0,1,0,1,0,1,1,0,0,0,1,0,1,1,0,1,0,1,0,1,1,0,0,0,1,0,1,1,0,1,0,1,0,1,1,0,0
2024,11,5,17:41:20.886,16.88,165,120.4,0.8258,5199.9,3816.5,7.924,0.02,0.02,0.02,0.02,315.0,363.0,-485.0,11270.0,4833,-5687,17.8,50.1,1127.0,0,0,0,81f,d5e,d5a,d5a,d5a,1,1,1,1,1,0,0,0,0,0,0,1,0,0,1,1,1,1,0,1,0,1,0,1,1,0,0,0,1,0,1,1,0,1,0,1,0,1,1,0,0,0,1,0,1,1,0,1,0,1,0,1,1,0,0,0,1,0,1,1,0,1,0,1,0,1,1,0,0
2024,11,5,17:41:20.906,16.90,185,120.4,0.8258,5199.9,3816.5,7.924,0.02,0.02,0.02,0.02,314.0,362.0,-485.0,11276.0,4840,-5697,14.2,43.3,1123.0,0,0,0,81f,d5e,d5a,d5a,d5a,1,1,1,1,1,0,0,0,0,0,0,1,0,0,1,1,1,1,0,1,0,1,0,1,1,0,0,0,1,0,1,1,0,1,0,1,0,1,1,0,0,0,1,0,1,1,0,1,0,1,0,1,1,0,0,0,1,0,1,1,0,1,0,1,0,1,1,0,0
2024,11,5,17:41:20.926,16.92,205,120.4,0.8263,5186.4,3803.0,7.924,0.02,0.02,0.02,0.02,313.0,362.0,-485.0,11283.0,4847,-5706,10.1,33.9,1118.0,0,0,0,81f,d5e,d5a,d5a,d5e,1,1,1,1,1,0,0,0,0,0,0,1,0,0,1,1,1,1,0,1,0,1,0,1,1,0,0,0,1,0,1,1,0,1,0,1,0,1,1,0,0,0,1,0,1,1,0,1,0,1,0,1,1,0,0,0,1,1,1,1,0,1,0,1,0,1,1,0,0
2024,11,5,17:41:20.946,16.94,225,120.4,0.8263,5186.4,3803.0,7.924,0.02,0.02,0.02,0.02,313.0,362.0,-486.0,11289.0,4854,-5716,6.1,21.9,1114.0,0,0,0,81f,d56,d52,d52,d56,1,1,1,1,1,0,0,0,0,0,0,1,0,0,1,1,0,1,0,1,0,1,0,1,1,0,0,0,1,0,0,1,0,1,0,1,0,1,1,0,0,0,1,0,0,1,0,1,0,1,0,1,1,0,0,0,1,1,0,1,0,1,0,1,0,1,1,0,0
2024,11,5,17:41:20.966,16.96,245,120.4,0.8268,5168.3,3784.9,7.924,0.02,0.02,0.02,0.02,312.0,362.0,-486.0,11295.0,4862,-5726,3.7,13.7,1110.0,0,0,0,81f,d56,d56,d56,d56,1,1,1,1,1,0,0,0,0,0,0,1,0,0,1,1,0,1,0,1,0,1,0,1,1,0,0,0,1,1,0,1,0,1,0,1,0,1,1,0,0,0,1,1,0,1,0,1,0,1,0,1,1,0,0,0,1,1,0,1,0,1,0,1,0,1,1,0,0
2024,11,5,17:41:20.986,16.98,15,120.4,0.8268,5168.3,3784.9,7.924,0.02,0.02,0.02,0.02,311.0,362.0,-486.0,11301.0,4869,-5736,6.0,21.8,1106.0,0,0,0,81f,d46,d46,d46,d46,1,1,1,1,1,0,0,0,0,0,0,1,0,0,1,1,0,0,0,1,0,1,0,1,1,0,0,0,1,1,0,0,0,1,0,1,0,1,1,0,0,0,1,1,0,0,0,1,0,1,0,1,1,0,0,0,1,1,0,0,0,1,0,1,0,1,1,0,0
2024,11,5,17:41:21.006,17.00,35,120.4,0.8271,5158.6,3775.2,7.924,0.02,0.02,0.02,0.02,310.0,363.0,-487.0,11308.0,4876,-5745,10.2,34.5,1103.0,0,0,0,81f,d56,d56,d56,d56,1,1,1,1,1,0,0,0,0,0,0,1,0,0,1,1,0,1,0,1,0,1,0,1,1,0,0,0,1,1,0,1,0,1,0,1,0,1,1,0,0,0,1,1,0,1,0,1,0,1,0,1,1,0,0,0,1,1,0,1,0,1,0,1,0,1,1,0,0
2024,11,5,17:41:21.026,17.02,55,120.4,0.8271,5157.9,3774.6,7.925,0.02,0.02,0.02,0.02,310.0,363.0,-487.0,11314.0,4883,-5755,14.7,45.0,1100.0,0,0,0,81f,d56,d52,d52,d56,1,1,1,1,1,0,0,0,0,0,0,1,0,0,1,1,0,1,0,1,0,1,0,1,1,0,0,0,1,0,0,1,0,1,0,1,0,1,1,0,0,0,1,0,0,1,0,1,0,1,0,1,1,0,0,0,1,1,0,1,0,1,0,1,0,1,1,0,0
2024,11,5,17:41:21.046,17.04,75,120.4,0.8274,5148.3,3764.9,7.925,0.02,0.02,0.02,0.02,309.0,363.0,-488.0,11320.0,4891,-5765,18.8,52.6,1097.0,0,0,0,81f,d5e,d5a,d5a,d5e,1,1,1,1,1,0,0,0,0,0,0,1,0,0,1,1,1,1,0,1,0,1,0,1,1,0,0,0,1,0,1,1,0,1,0,1,0,1,1,0,0,0,1,0,1,1,0,1,0,1,0,1,1,0,0,0,1,1,1,1,0,1,0,1,0,1,1,0,0
2024,11,5,17:41:21.066,17.06,95,120.4,0.8275,5147.6,3764.2,7.924,0.02,0.02,0.02,0.02,308.0,363.0,-488.0,11326.0,4898,-5775,22.6,58.0,1095.0,0,0,0,81f,d5e,d5a,d5a,d5a,1,1,1,1,1,0,0,0,0,0,0,1,0,0,1,1,1,1,0,1,0,1,0,1,1,0,0,0,1,0,1,1,0,1,0,1,0,1,1,0,0,0,1,0,1,1,0,1,0,1,0,1,1,0,0,0,1,0,1,1,0,1,0,1,0,1,1,0,0
2024,11,5,17:41:21.086,17.08,115,120.4,0.8279,5134.1,3750.7,7.924,0.02,0.02,0.02,0.02,307.0,363.0,-489.0,11332.0,4905,-5784,25.9,61.9,1094.0,0,0,0,81f,d5e,d5a,d5a,d5a,1,1,1,1,1,0,0,0,0,0,0,1,0,0,1,1,1,1,0,1,0,1,0,1,1,0,0,0,1,0,1,1,0,1,0,1,0,1,1,0,0,0,1,0,1,1,0,1,0,1,0,1,1,0,0,0,1,0,1,1,0,1,0,1,0,1,1,0,0
2024,11,5,17:41:21.106,17.10,135,120.4,0.8279,5134.1,3750.7,7.925,0.02,0.02,0.02,0.02,306.0,363.0,-489.0,11338.0,4913,-5794,28.6,64.6,1092.0,0,0,0,81f,d5e,d5a,d5a,d5a,1,1,1,1,1,0,0,0,0,0,0,1,0,0,1,1,1,1,0,1,0,1,0,1,1,0,0,0,1,0,1,1,0,1,0,1,0,1,1,0,0,0,1,0,1,1,0,1,0,1,0,1,1,0,0,0,1,0,1,1,0,1,0,1,0,1,1,0,0
2024,11,5,17:41:21.126,17.12,155,120.4,0.8283,5121.2,3737.8,7.924,0.02,0.02,0.02,0.02,305.0,363.0,-490.0,11345.0,4920,-5804,30.8,66.6,1091.0,0,0,0,81f,d5e,d5a,d5a,d5a,1,1,1,1,1,0,0,0,0,0,0,1,0,0,1,1,1,1,0,1,0,1,0,1,1,0,0,0,1,0,1,1,0,1,0,1,0,1,1,0,0,0,1,0,1,1,0,1,0,1,0,1,1,0,0,0,1,0,1,1,0,1,0,1,0,1,1,0,0
2024,11,5,17:41:21.146,17.14,175,120.4,0.8283,5121.2,3737.8,7.925,0.02,0.02,0.02,0.02,304.0,363.0,-490.0,11351.0,4927,-5814,32.5,68.1,1089.0,0,0,0,81f,d5e,d5a,d5a,d5a,1,1,1,1,1,0,0,0,0,0,0,1,0,0,1,1,1,1,0,1,0,1,0,1,1,0,0,0,1,0,1,1,0,1,0,1,0,1,1,0,0,0,1,0,1,1,0,1,0,1,0,1,1,0,0,0,1,0,1,1,0,1,0,1,0,1,1,0,0
2024,11,5,17:41:21.166,17.16,195,120.4,0.8284,5116.0,3732.6,7.924,0.02,0.02,0.02,0.02,304.0,363.0,-490.0,11357.0,4934,-5824,33.9,69.2,1088.0,0,0,0,81f,d5e,d5a,d5a,d5a,1,1,1,1,1,0,0,0,0,0,0,1,0,0,1,1,1,1,0,1,0,1,0,1,1,0,0,0,1,0,1,1,0,1,0,1,0,1,1,0,0,0,1,0,1,1,0,1,0,1,0,1,1,0,0,0,1,0,1,1,0,1,0,1,0,1,1,0,0
2024,11,5,17:41:21.186,17.18,215,120.4,0.8284,5116.0,3732.6,7.926,0.02,0.02,0.02,0.02,303.0,363.0,-490.0,11363.0,4942,-5833,35.1,70.1,1087.0,0,0,0,81f,d5e,d5a,d5a,d5a,1,1,1,1,1,0,0,0,0,0,0,1,0,0,1,1,1,1,0,1,0,1,0,1,1,0,0,0,1,0,1,1,0,1,0,1,0,1,1,0,0,0,1,0,1,1,0,1,0,1,0,1,1,0,0,0,1,0,1,1,0,1,0,1,0,1,1,0,0
2024,11,5,17:41:21.206,17.20,235,120.4,0.8282,5123.1,3739.7,7.924,0.02,0.02,0.02,0.02,302.0,363.0,-491.0,11369.0,4949,-5843,35.9,70.7,1086.0,0,0,0,81f,d5e,d5a,d5a,d5a,1,1,1,1,1,0,0,0,0,0,0,1,0,0,1,1,1,1,0,1,0,1,0,1,1,0,0,0,1,0,1,1,0,1,0,1,0,1,1,0,0,0,1,0,1,1,0,1,0,1,0,1,1,0,0,0,1,0,1,1,0,1,0,1,0,1,1,0,0
2024,11,5,17:41:21.226,17.22,5,120.4,0.8282,5123.1,3739.7,7.924,0.02,0.02,0.02,0.02,301.0,363.0,-491.0,11375.0,4956,-5853,36.3,71.1,1085.0,0,0,0,81f,d5e,d5a,d5a,d5a,1,1,1,1,1,0,0,0,0,0,0,1,0,0,1,1,1,1,0,1,0,1,0,1,1,0,0,0,1,0,1,1,0,1,0,1,0,1,1,0,0,0,1,0,1,1,0,1,0,1,0,1,1,0,0,0,1,0,1,1,0,1,0,1,0,1,1,0,0
2024,11,5,17:41:21.246,17.24,25,120.4,0.8286,5109.6,3726.2,7.925,0.02,0.02,0.02,0.02,300.0,363.0,-491.0,11381.0,4963,-5863,36.2,71.1,1084.0,0,0,0,81f,d5e,d5a,d5a,d5a,1,1,1,1,1,0,0,0,0,0,0,1,0,0,1,1,1,1,0,1,0,1,0,1,1,0,0,0,1,0,1,1,0,1,0,1,0,1,1,0,0,0,1,0,1,1,0,1,0,1,0,1,1,0,0,0,1,0,1,1,0,1,0,1,0,1,1,0,0
2024,11,5,17:41:21.266,17.26,45,120.4,0.8286,5109.6,3726.2,7.923,0.02,0.02,0.02,0.02,299.0,363.0,-491.0,11387.0,4971,-5873,35.8,70.9,1083.0,0,0,0,81f,d5e,d5a,d5a,d5a,1,1,1,1,1,0,0,0,0,0,0,1,0,0,1,1,1,1,0,1,0,1,0,1,1,0,0,0,1,0,1,1,0,1,0,1,0,1,1,0,0,0,1,0,1,1,0,1,0,1,0,1,1,0,0,0,1,0,1,1,0,1,0,1,0,1,1,0,0
2024,11,5,17:41:21.286,17.28,65,120.4,0.8287,5106.4,3723.0,7.925,0.02,0.02,0.02,0.02,298.0,363.0,-492.0,11393.0,4978,-5883,35.0,70.4,1083.0,0,0,0,81f,d5e,d5a,d5a,d5a,1,1,1,1,1,0,0,0,0,0,0,1,0,0,1,1,1,1,0,1,0,1,0,1,1,0,0,0,1,0,1,1,0,1,0,1,0,1,1,0,0,0,1,0,1,1,0,1,0,1,0,1,1,0,0,0,1,0,1,1,0,1,0,1,0,1,1,0,0
2024,11,5,17:41:21.306,17.30,85,120.4,0.8287,5106.4,3723.0,7.925,0.02,0.02,0.02,0.02,297.0,363.0,-492.0,11399.0,4985,-5892,33.9,69.7,1082.0,0,0,0,81f,d5e,d5a,d5a,d5a,1,1,1,1,1,0,0,0,0,0,0,1,0,0,1,1,1,1,0,1,0,1,0,1,1,0,0,0,1,0,1,1,0,1,0,1,0,1,1,0,0,0,1,0,1,1,0,1,0,1,0,1,1,0,0,0,1,0,1,1,0,1,0,1,0,1,1,0,0
2024,11,5,17:41:21.326,17.32,105,120.4,0.8289,5101.2,3717.8,7.924,0.02,0.02,0.02,0.02,296.0,363.0,-492.0,11405.0,4993,-5902,32.4,68.8,1081.0,0,0,0,81f,d5e,d5a,d5a,d5a,1,1,1,1,1,0,0,0,0,0,0,1,0,0,1,1,1,1,0,1,0,1,0,1,1,0,0,0,1,0,1,1,0,1,0,1,0,1,1,0,0,0,1,0,1,1,0,1,0,1,0,1,1,0,0,0,1,0,1,1,0,1,0,1,0,1,1,0,0
2024,11,5,17:41:21.346,17.34,125,120.4,0.8289,5101.2,3717.8,7.924,0.02,0.02,0.02,0.02,295.0,363.0,-492.0,11411.0,5000,-5912,30.8,67.7,1080.0,0,0,0,81f,d5e,d5a,d5a,d5a,1,1,1,1,1,0,0,0,0,0,0,1,0,0,1,1,1,1,0,1,0,1,0,1,1,0,0,0,1,0,1,1,0,1,0,1,0,1,1,0,0,0,1,0,1,1,0,1,0,1,0,1,1,0,0,0,1,0,1,1,0,1,0,1,0,1,1,0,0
2024,11,5,17:41:21.366,17.36,145,120.4,0.8293,5089.6,3706.2,7.923,0.02,0.02,0.02,0.02,294.0,363.0,-493.0,11417.0,5007,-5922,29.0,66.3,1079.0,0,0,0,81f,d5e,d5a,d5a,d5a,1,1,1,1,1,0,0,0,0,0,0,1,0,0,1,1,1,1,0,1,0,1,0,1,1,0,0,0,1,0,1,1,0,1,0,1,0,1,1,0,0,0,1,0,1,1,0,1,0,1,0,1,1,0,0,0,1,0,1,1,0,1,0,1,0,1,1,0,0
2024,11,5,17:41:21.386,17.38,165,120.4,0.8293,5089.6,3706.2,7.924,0.02,0.02,0.02,0.02,293.0,363.0,-493.0,11423.0,5014,-5932,27.0,64.6,1079.0,0,0,0,81f,d5e,d5a,d5a,d5a,1,1,1,1,1,0,0,0,0,0,0,1,0,0,1,1,1,1,0,1,0,1,0,1,1,0,0,0,1,0,1,1,0,1,0,1,0,1,1,0,0,0,1,0,1,1,0,1,0,1,0,1,1,0,0,0,1,0,1,1,0,1,0,1,0,1,1,0,0
2024,11,5,17:41:21.406,17.40,185,120.4,0.8295,5081.2,3697.8,7.924,0.02,0.02,0.02,0.02,292.0,363.0,-493.0,11428.0,5022,-5942,24.9,62.6,1078.0,0,0,0,81f,d5e,d5a,d5a,d5a,1,1,1,1,1,0,0,0,0,0,0,1,0,0,1,1,1,1,0,1,0,1,0,1,1,0,0,0,1,0,1,1,0,1,0,1,0,1,1,0,0,0,1,0,1,1,0,1,0,1,0,1,1,0,0,0,1,0,1,1,0,1,0,1,0,1,1,0,0
2024,11,5,17:41:21.426,17.42,205,120.4,0.8295,5081.2,3697.8,7.925,0.02,0.02,0.02,0.02,291.0,363.0,-494.0,11434.0,5029,-5952,22.7,60.2,1077.0,0,0,0,81f,d5e,d5a,d5a,d5a,1,1,1,1,1,0,0,0,0,0,0,1,0,0,1,1,1,1,0,1,0,1,0,1,1,0,0,0,1,0,1,1,0,1,0,1,0,1,1,0,0,0,1,0,1,1,0,1,0,1,0,1,1,0,0,0,1,0,1,1,0,1,0,1,0,1,1,0,0
2024,11,5,17:41:21.446,17.44,225,120.4,0.8296,5078.0,3694.6,7.924,0.02,0.02,0.02,0.02,290.0,363.0,-494.0,11440.0,5036,-5962,20.4,57.4,1076.0,0,0,0,81f,d5e,d5a,d5a,d5a,1,1,1,1,1,0,0,0,0,0,0,1,0,0,1,1,1,1,0,1,0,1,0,1,1,0,0,0,1,0,1,1,0,1,0,1,0,1,1,0,0,0,1,0,1,1,0,1,0,1,0,1,1,0,0,0,1,0,1,1,0,1,0,1,0,1,1,0,0
2024,11,5,17:41:21.466,17.46,245,120.4,0.8296,5078.0,3694.6,7.924,0.02,0.02,0.02,0.02,289.0,363.0,-494.0,11446.0,5043,-5971,18.0,54.0,1076.0,0,0,0,81f,d5e,d5a,d5a,d5a,1,1,1,1,1,0,0,0,0,0,0,1,0,0,1,1,1,1,0,1,0,1,0,1,1,0,0,0,1,0,1,1,0,1,0,1,0,1,1,0,0,0,1,0,1,1,0,1,0,1,0,1,1,0,0,0,1,0,1,1,0,1,0,1,0,1,1,0,0
2024,11,5,17:41:21.486,17.48,15,120.4,0.8296,5078.0,3694.6,7.924,0.02,0.02,0.02,0.02,288.0,362.0,-494.0,11452.0,5051,-5981,15.6,49.9,1075.0,0,0,0,81f,d5e,d5a,d5a,d5a,1,1,1,1,1,0,0,0,0,0,0,1,0,0,1,1,1,1,0,1,0,1,0,1,1,0,0,0,1,0,1,1,0,1,0,1,0,1,1,0,0,0,1,0,1,1,0,1,0,1,0,1,1,0,0,0,1,0,1,1,0,1,0,1,0,1,1,0,0
2024,11,5,17:41:21.506,17.50,35,120.4,0.8296,5078.0,3694.6,7.921,0.02,0.02,0.02,0.02,287.0,362.0,-495.0,11457.0,5058,-5991,13.3,45.3,1075.0,0,0,0,81f,d5e,d5a,d5a,d5a,1,1,1,1,1,0,0,0,0,0,0,1,0,0,1,1,1,1,0,1,0,1,0,1,1,0,0,0,1,0,1,1,0,1,0,1,0,1,1,0,0,0,1,0,1,1,0,1,0,1,0,1,1,0,0,0,1,0,1,1,0,1,0,1,0,1,1,0,0
2024,11,5,17:41:21.526,17.52,55,120.4,0.8291,5094.8,3711.4,7.924,0.02,0.02,0.02,0.02,286.0,362.0,-495.0,11463.0,5065,-6001,11.4,40.8,1074.0,0,0,0,81f,d5e,d5a,d5a,d5e,1,1,1,1,1,0,0,0,0,0,0,1,0,0,1,1,1,1,0,1,0,1,0,1,1,0,0,0,1,0,1,1,0,1,0,1,0,1,1,0,0,0,1,0,1,1,0,1,0,1,0,1,1,0,0,0,1,1,1,1,0,1,0,1,0,1,1,0,0
2024,11,5,17:41:21.546,17.54,75,120.4,0.8291,5094.8,3711.4,7.924,0.02,0.02,0.02,0.02,284.0,362.0,-496.0,11469.0,5072,-6011,10.1,37.7,1074.0,0,0,0,81f,d56,d52,d52,d56,1,1,1,1,1,0,0,0,0,0,0,1,0,0,1,1,0,1,0,1,0,1,0,1,1,0,0,0,1,0,0,1,0,1,0,1,0,1,1,0,0,0,1,0,0,1,0,1,0,1,0,1,1,0,0,0,1,1,0,1,0,1,0,1,0,1,1,0,0
2024,11,5,17:41:21.566,17.56,95,120.4,0.8291,5093.5,3710.1,7.925,0.02,0.02,0.02,0.02,283.0,362.0,-496.0,11475.0,5080,-6021,9.8,37.0,1074.0,0,0,0,81f,d56,d52,d52,d56,1,1,1,1,1,0,0,0,0,0,0,1,0,0,1,1,0,1,0,1,0,1,0,1,1,0,0,0,1,0,0,1,0,1,0,1,0,1,1,0,0,0,1,0,0,1,0,1,0,1,0,1,1,0,0,0,1,1,0,1,0,1,0,1,0,1,1,0,0
2024,11,5,17:41:21.586,17.58,115,120.4,0.8291,5093.5,3710.1,7.924,0.02,0.02,0.02,0.02,282.0,362.0,-496.0,11480.0,5087,-6031,10.4,38.8,1074.0,0,0,0,81f,d56,d52,d52,d56,1,1,1,1,1,0,0,0,0,0,0,1,0,0,1,1,0,1,0,1,0,1,0,1,1,0,0,0,1,0,0,1,0,1,0,1,0,1,1,0,0,0,1,0,0,1,0,1,0,1,0,1,1,0,0,0,1,1,0,1,0,1,0,1,0,1,1,0,0
2024,11,5,17:41:21.606,17.60,135,120.4,0.8288,5103.8,3720.4,7.924,0.02,0.02,0.02,0.02,281.0,362.0,-497.0,11486.0,5094,-6041,11.8,42.6,1074.0,0,0,0,81f,d56,d52,d52,d56,1,1,1,1,1,0,0,0,0,0,0,1,0,0,1,1,0,1,0,1,0,1,0,1,1,0,0,0,1,0,0,1,0,1,0,1,0,1,1,0,0,0,1,0,0,1,0,1,0,1,0,1,1,0,0,0,1,1,0,1,0,1,0,1,0,1,1,0,0
2024,11,5,17:41:21.626,17.62,155,120.4,0.8288,5103.8,3720.4,7.925,0.02,0.02,0.02,0.02,280.0,362.0,-497.0,11492.0,5101,-6051,13.8,47.5,1074.0,0,0,0,81f,d56,d52,d52,d56,1,1,1,1,1,0,0,0,0,0,0,1,0,0,1,1,0,1,0,1,0,1,0,1,1,0,0,0,1,0,0,1,0,1,0,1,0,1,1,0,0,0,1,0,0,1,0,1,0,1,0,1,1,0,0,0,1,1,0,1,0,1,0,1,0,1,1,0,0
2024,11,5,17:41:21.646,17.64,175,120.4,0.8283,5120.5,3737.1,7.924,0.02,0.02,0.02,0.02,278.0,362.0,-497.0,11497.0,5109,-6061,16.1,52.3,1074.0,0,0,0,81f,d5e,d5a,d5a,d5e,1,1,1,1,1,0,0,0,0,0,0,1,0,0,1,1,1,1,0,1,0,1,0,1,1,0,0,0,1,0,1,1,0,1,0,1,0,1,1,0,0,0,1,0,1,1,0,1,0,1,0,1,1,0,0,0,1,1,1,1,0,1,0,1,0,1,1,0,0
2024,11,5,17:41:21.666,17.66,195,120.4,0.8283,5120.5,3737.1,7.924,0.02,0.02,0.02,0.02,277.0,362.0,-498.0,11503.0,5116,-6071,18.5,56.4,1074.0,0,0,0,81f,d5e,d5a,d5a,d5a,1,1,1,1,1,0,0,0,0,0,0,1,0,0,1,1,1,1,0,1,0,1,0,1,1,0,0,0,1,0,1,1,0,1,0,1,0,1,1,0,0,0,1,0,1,1,0,1,0,1,0,1,1,0,0,0,1,0,1,1,0,1,0,1,0,1,1,0,0
2024,11,5,17:41:21.686,17.68,215,120.4,0.8283,5121.8,3738.4,7.924,0.02,0.02,0.02,0.02,276.0,362.0,-498.0,11508.0,5123,-6081,21.1,60.2,1074.0,0,0,0,81f,d5e,d5a,d5a,d5a,1,1,1,1,1,0,0,0,0,0,0,1,0,0,1,1,1,1,0,1,0,1,0,1,1,0,0,0,1,0,1,1,0,1,0,1,0,1,1,0,0,0,1,0,1,1,0,1,0,1,0,1,1,0,0,0,1,0,1,1,0,1,0,1,0,1,1,0,0
2024,11,5,17:41:21.706,17.70,235,120.4,0.8282,5122.5,3739.1,7.925,0.02,0.02,0.02,0.02,275.0,362.0,-499.0,11514.0,5130,-6091,23.5,63.3,1074.0,0,0,0,81f,d5e,d5a,d5a,d5a,1,1,1,1,1,0,0,0,0,0,0,1,0,0,1,1,1,1,0,1,0,1,0,1,1,0,0,0,1,0,1,1,0,1,0,1,0,1,1,0,0,0,1,0,1,1,0,1,0,1,0,1,1,0,0,0,1,0,1,1,0,1,0,1,0,1,1,0,0
2024,11,5,17:41:21.726,17.72,5,120.4,0.8281,5127.6,3744.2,7.926,0.02,0.02,0.02,0.02,273.0,361.0,-499.0,11519.0,5138,-6101,26.0,65.9,1075.0,0,0,0,81f,d5e,d5a,d5a,d5a,1,1,1,1,1,0,0,0,0,0,0,1,0,0,1,1,1,1,0,1,0,1,0,1,1,0,0,0,1,0,1,1,0,1,0,1,0,1,1,0,0,0,1,0,1,1,0,1,0,1,0,1,1,0,0,0,1,0,1,1,0,1,0,1,0,1,1,0,0
2024,11,5,17:41:21.746,17.74,25,120.4,0.8281,5127.6,3744.2,7.924,0.02,0.02,0.02,0.02,272.0,361.0,-499.0,11525.0,5145,-6111,28.6,68.3,1076.0,0,0,0,81f,d5e,d5a,d5a,d5a,1,1,1,1,1,0,0,0,0,0,0,1,0,0,1,1,1,1,0,1,0,1,0,1,1,0,0,0,1,0,1,1,0,1,0,1,0,1,1,0,0,0,1,0,1,1,0,1,0,1,0,1,1,0,0,0,1,0,1,1,0,1,0,1,0,1,1,0,0
2024,11,5,17:41:21.766,17.76,45,120.4,0.8280,5130.8,3747.5,7.924,0.02,0.02,0.02,0.02,271.0,361.0,-500.0,11530.0,5152,-6121,31.1,70.4,1077.0,0,0,0,81f,d5e,d5a,d5a,d5a,1,1,1,1,1,0,0,0,0,0,0,1,0,0,1,1,1,1,0,1,0,1,0,1,1,0,0,0,1,0,1,1,0,1,0,1,0,1,1,0,0,0,1,0,1,1,0,1,0,1,0,1,1,0,0,0,1,0,1,1,0,1,0,1,0,1,1,0,0
2024,11,5,17:41:21.786,17.78,65,120.4,0.8280,5130.8,3747.5,7.924,0.02,0.02,0.02,0.02,270.0,361.0,-500.0,11536.0,5159,-6131,33.5,72.1,1078.0,0,0,0,81f,d5e,d5a,d5a,d5a,1,1,1,1,1,0,0,0,0,0,0,1,0,0,1,1,1,1,0,1,0,1,0,1,1,0,0,0,1,0,1,1,0,1,0,1,0,1,1,0,0,0,1,0,1,1,0,1,0,1,0,1,1,0,0,0,1,0,1,1,0,1,0,1,0,1,1,0,0
2024,11,5,17:41:21.806,17.80,85,120.4,0.8274,5148.9,3765.5,7.924,0.02,0.02,0.02,0.02,268.0,360.0,-500.0,11541.0,5167,-6141,35.7,73.6,1079.0,0,0,0,81f,d5e,d5a,d5a,d5a,1,1,1,1,1,0,0,0,0,0,0,1,0,0,1,1,1,1,0,1,0,1,0,1,1,0,0,0,1,0,1,1,0,1,0,1,0,1,1,0,0,0,1,0,1,1,0,1,0,1,0,1,1,0,0,0,1,0,1,1,0,1,0,1,0,1,1,0,0
2024,11,5,17:41:21.826,17.82,105,120.4,0.8274,5148.9,3765.5,7.925,0.02,0.02,0.02,0.02,267.0,360.0,-501.0,11546.0,5174,-6151,37.8,74.8,1080.0,0,0,0,81f,d5e,d5a,d5a,d5a,1,1,1,1,1,0,0,0,0,0,0,1,0,0,1,1,1,1,0,1,0,1,0,1,1,0,0,0,1,0,1,1,0,1,0,1,0,1,1,0,0,0,1,0,1,1,0,1,0,1,0,1,1,0,0,0,1,0,1,1,0,1,0,1,0,1,1,0,0
2024,11,5,17:41:21.846,17.84,125,120.4,0.8281,5127.6,3744.2,7.925,0.02,0.02,0.02,0.02,266.0,360.0,-501.0,11552.0,5181,-6161,39.8,75.9,1081.0,0,0,0,81f,d5e,d5a,d5a,d5a,1,1,1,1,1,0,0,0,0,0,0,1,0,0,1,1,1,1,0,1,0,1,0,1,1,0,0,0,1,0,1,1,0,1,0,1,0,1,1,0,0,0,1,0,1,1,0,1,0,1,0,1,1,0,0,0,1,0,1,1,0,1,0,1,0,1,1,0,0
2024,11,5,17:41:21.866,17.86,145,120.3,0.8281,5127.6,3744.2,7.925,0.02,0.02,0.02,0.02,265.0,360.0,-501.0,11557.0,5188,-6171,41.4,76.7,1082.0,0,0,0,81f,d5e,d5a,d5a,d5a,1,1,1,1,1,0,0,0,0,0,0,1,0,0,1,1,1,1,0,1,0,1,0,1,1,0,0,0,1,0,1,1,0,1,0,1,0,1,1,0,0,0,1,0,1,1,0,1,0,1,0,1,1,0,0,0,1,0,1,1,0,1,0,1,0,1,1,0,0
2024,11,5,17:41:21.886,17.88,165,120.3,0.8285,5112.8,3729.4,7.924,0.02,0.02,0.02,0.02,264.0,360.0,-502.0,11562.0,5195,-6181,42.5,77.3,1084.0,0,0,0,81f,d5e,d5a,d5a,d5a,1,1,1,1,1,0,0,0,0,0,0,1,0,0,1,1,1,1,0,1,0,1,0,1,1,0,0,0,1,0,1,1,0,1,0,1,0,1,1,0,0,0,1,0,1,1,0,1,0,1,0,1,1,0,0,0,1,0,1,1,0,1,0,1,0,1,1,0,0
2024,11,5,17:41:21.906,17.90,185,120.3,0.8285,5112.8,3729.4,7.924,0.02,0.02,0.02,0.02,263.0,360.0,-502.0,11567.0,5203,-6191,43.5,77.8,1085.0,0,0,0,81f,d5e,d5a,d5a,d5a,1,1,1,1,1,0,0,0,0,0,0,1,0,0,1,1,1,1,0,1,0,1,0,1,1,0,0,0,1,0,1,1,0,1,0,1,0,1,1,0,0,0,1,0,1,1,0,1,0,1,0,1,1,0,0,0,1,0,1,1,0,1,0,1,0,1,1,0,0
2024,11,5,17:41:21.926,17.92,205,120.3,0.8286,5110.9,3727.5,7.924,0.02,0.02,0.02,0.02,261.0,360.0,-502.0,11573.0,5210,-6201,44.2,78.1,1086.0,0,0,0,81f,d5e,d5a,d5a,d5a,1,1,1,1,1,0,0,0,0,0,0,1,0,0,1,1,1,1,0,1,0,1,0,1,1,0,0,0,1,0,1,1,0,1,0,1,0,1,1,0,0,0,1,0,1,1,0,1,0,1,0,1,1,0,0,0,1,0,1,1,0,1,0,1,0,1,1,0,0
2024,11,5,17:41:21.946,17.94,225,120.3,0.8286,5111.5,3728.1,7.924,0.02,0.02,0.02,0.02,260.0,359.0,-503.0,11578.0,5217,-6211,44.5,78.4,1087.0,0,0,0,81f,d5e,d5a,d5a,d5a,1,1,1,1,1,0,0,0,0,0,0,1,0,0,1,1,1,1,0,1,0,1,0,1,1,0,0,0,1,0,1,1,0,1,0,1,0,1,1,0,0,0,1,0,1,1,0,1,0,1,0,1,1,0,0,0,1,0,1,1,0,1,0,1,0,1,1,0,0
2024,11,5,17:41:21.966,17.96,245,120.3,0.8287,5107.6,3724.3,7.924,0.02,0.02,0.02,0.02,259.0,359.0,-503.0,11583.0,5224,-6221,44.8,78.6,1088.0,0,0,0,81f,d5e,d5a,d5a,d5a,1,1,1,1,1,0,0,0,0,0,0,1,0,0,1,1,1,1,0,1,0,1,0,1,1,0,0,0,1,0,1,1,0,1,0,1,0,1,1,0,0,0,1,0,1,1,0,1,0,1,0,1,1,0,0,0,1,0,1,1,0,1,0,1,0,1,1,0,0
2024,11,5,17:41:21.986,17.98,15,120.3,0.8287,5107.6,3724.3,7.925,0.02,0.02,0.02,0.02,258.0,359.0,-503.0,11588.0,5231,-6231,44.9,78.7,1089.0,0,0,0,81f,d5e,d5a,d5a,d5a,1,1,1,1,1,0,0,0,0,0,0,1,0,0,1,1,1,1,0,1,0,1,0,1,1,0,0,0,1,0,1,1,0,1,0,1,0,1,1,0,0,0,1,0,1,1,0,1,0,1,0,1,1,0,0,0,1,0,1,1,0,1,0,1,0,1,1,0,0
2024,11,5,17:41:22.006,18.00,35,120.3,0.8284,5118.0,3734.6,7.925,0.02,0.02,0.02,0.02,257.0,359.0,-504.0,11593.0,5239,-6241,44.7,78.7,1090.0,0,0,0,81f,d5e,d5a,d5a,d5a,1,1,1,1,1,0,0,0,0,0,0,1,0,0,1,1,1,1,0,1,0,1,0,1,1,0,0,0,1,0,1,1,0,1,0,1,0,1,1,0,0,0,1,0,1,1,0,1,0,1,0,1,1,0,0,0,1,0,1,1,0,1,0,1,0,1,1,0,0
2024,11,5,17:41:22.026,18.02,55,120.3,0.8284,5118.0,3734.6,7.925,0.02,0.02,0.02,0.02,255.0,359.0,-504.0,11599.0,5246,-6251,44.4,78.6,1092.0,0,0,0,81f,d5e,d5a,d5a,d5a,1,1,1,1,1,0,0,0,0,0,0,1,0,0,1,1,1,1,0,1,0,1,0,1,1,0,0,0,1,0,1,1,0,1,0,1,0,1,1,0,0,0,1,0,1,1,0,1,0,1,0,1,1,0,0,0,1,0,1,1,0,1,0,1,0,1,1,0,0
2024,11,5,17:41:22.046,18.04,75,120.3,0.8284,5116.0,3732.6,7.924,0.02,0.02,0.02,0.02,254.0,359.0,-504.0,11604.0,5253,-6261,43.8,78.5,1093.0,0,0,0,81f,d5e,d5a,d5a,d5a,1,1,1,1,1,0,0,0,0,0,0,1,0,0,1,1,1,1,0,1,0,1,0,1,1,0,0,0,1,0,1,1,0,1,0,1,0,1,1,0,0,0,1,0,1,1,0,1,0,1,0,1,1,0,0,0,1,0,1,1,0,1,0,1,0,1,1,0,0
2024,11,5,17:41:22.066,18.06,95,120.3,0.8284,5116.0,3732.6,7.925,0.02,0.02,0.02,0.02,253.0,359.0,-505.0,11609.0,5260,-6271,42.9,78.2,1094.0,0,0,0,81f,d5e,d5a,d5a,d5a,1,1,1,1,1,0,0,0,0,0,0,1,0,0,1,1,1,1,0,1,0,1,0,1,1,0,0,0,1,0,1,1,0,1,0,1,0,1,1,0,0,0,1,0,1,1,0,1,0,1,0,1,1,0,0,0,1,0,1,1,0,1,0,1,0,1,1,0,0
2024,11,5,17:41:22.086,18.08,115,120.3,0.8284,5118.0,3734.6,7.924,0.02,0.02,0.02,0.02,252.0,359.0,-505.0,11614.0,5267,-6282,41.8,77.9,1095.0,0,0,0,81f,d5e,d5a,d5a,d5a,1,1,1,1,1,0,0,0,0,0,0,1,0,0,1,1,1,1,0,1,0,1,0,1,1,0,0,0,1,0,1,1,0,1,0,1,0,1,1,0,0,0,1,0,1,1,0,1,0,1,0,1,1,0,0,0,1,0,1,1,0,1,0,1,0,1,1,0,0
2024,11,5,17:41:22.106,18.10,135,120.3,0.8284,5118.6,3735.2,7.921,0.02,0.02,0.02,0.02,251.0,359.0,-505.0,11619.0,5275,-6292,40.4,77.4,1097.0,0,0,0,81f,d5e,d5a,d5a,d5a,1,1,1,1,1,0,0,0,0,0,0,1,0,0,1,1,1,1,0,1,0,1,0,1,1,0,0,0,1,0,1,1,0,1,0,1,0,1,1,0,0,0,1,0,1,1,0,1,0,1,0,1,1,0,0,0,1,0,1,1,0,1,0,1,0,1,1,0,0
2024,11,5,17:41:22.126,18.12,155,120.3,0.8283,5121.8,3738.4,7.925,0.02,0.02,0.02,0.02,249.0,359.0,-505.0,11624.0,5282,-6302,38.8,76.8,1098.0,0,0,0,81f,d5e,d5a,d5a,d5a,1,1,1,1,1,0,0,0,0,0,0,1,0,0,1,1,1,1,0,1,0,1,0,1,1,0,0,0,1,0,1,1,0,1,0,1,0,1,1,0,0,0,1,0,1,1,0,1,0,1,0,1,1,0,0,0,1,0,1,1,0,1,0,1,0,1,1,0,0
2024,11,5,17:41:22.146,18.14,175,120.3,0.8283,5121.2,3737.8,7.925,0.02,0.02,0.02,0.02,248.0,358.0,-506.0,11629.0,5289,-6312,37.0,76.0,1100.0,0,0,0,81f,d5e,d5a,d5a,d5a,1,1,1,1,1,0,0,0,0,0,0,1,0,0,1,1,1,1,0,1,0,1,0,1,1,0,0,0,1,0,1,1,0,1,0,1,0,1,1,0,0,0,1,0,1,1,0,1,0,1,0,1,1,0,0,0,1,0,1,1,0,1,0,1,0,1,1,0,0
2024,11,5,17:41:22.166,18.16,195,120.3,0.8287,5106.4,3723.0,7.924,0.02,0.02,0.02,0.02,247.0,358.0,-506.0,11634.0,5296,-6322,35.0,75.1,1101.0,0,0,0,81f,d5e,d5a,d5a,d5a,1,1,1,1,1,0,0,0,0,0,0,1,0,0,1,1,1,1,0,1,0,1,0,1,1,0,0,0,1,0,1,1,0,1,0,1,0,1,1,0,0,0,1,0,1,1,0,1,0,1,0,1,1,0,0,0,1,0,1,1,0,1,0,1,0,1,1,0,0
2024,11,5,17:41:22.186,18.18,215,120.3,0.8287,5106.4,3723.0,7.924,0.02,0.02,0.02,0.02,246.0,358.0,-506.0,11639.0,5303,-6332,32.7,74.0,1103.0,0,0,0,81f,d5e,d5a,d5a,d5a,1,1,1,1,1,0,0,0,0,0,0,1,0,0,1,1,1,1,0,1,0,1,0,1,1,0,0,0,1,0,1,1,0,1,0,1,0,1,1,0,0,0,1,0,1,1,0,1,0,1,0,1,1,0,0,0,1,0,1,1,0,1,0,1,0,1,1,0,0
2024,11,5,17:41:22.206,18.20,235,120.3,0.8291,5094.8,3711.4,7.925,0.02,0.02,0.02,0.02,245.0,358.0,-506.0,11644.0,5310,-6342,30.2,72.6,1104.0,0,0,0,81f,d5e,d5a,d5a,d5a,1,1,1,1,1,0,0,0,0,0,0,1,0,0,1,1,1,1,0,1,0,1,0,1,1,0,0,0,1,0,1,1,0,1,0,1,0,1,1,0,0,0,1,0,1,1,0,1,0,1,0,1,1,0,0,0,1,0,1,1,0,1,0,1,0,1,1,0,0
2024,11,5,17:41:22.226,18.22,5,120.3,0.8291,5094.8,3711.4,7.924,0.02,0.02,0.02,0.02,243.0,358.0,-506.0,11649.0,5318,-6352,27.6,70.9,1106.0,0,0,0,81f,d5e,d5a,d5a,d5a,1,1,1,1,1,0,0,0,0,0,0,1,0,0,1,1,1,1,0,1,0,1,0,1,1,0,0,0,1,0,1,1,0,1,0,1,0,1,1,0,0,0,1,0,1,1,0,1,0,1,0,1,1,0,0,0,1,0,1,1,0,1,0,1,0,1,1,0,0
2024,11,5,17:41:22.246,18.24,25,120.3,0.8292,5091.5,3708.1,7.924,0.02,0.02,0.02,0.02,242.0,358.0,-507.0,11653.0,5325,-6363,24.8,68.8,1109.0,0,0,0,81f,d5e,d5a,d5a,d5a,1,1,1,1,1,0,0,0,0,0,0,1,0,0,1,1,1,1,0,1,0,1,0,1,1,0,0,0,1,0,1,1,0,1,0,1,0,1,1,0,0,0,1,0,1,1,0,1,0,1,0,1,1,0,0,0,1,0,1,1,0,1,0,1,0,1,1,0,0
2024,11,5,17:41:22.266,18.26,45,120.3,0.8292,5091.5,3708.1,7.925,0.02,0.02,0.02,0.02,241.0,358.0,-507.0,11658.0,5332,-6373,21.9,66.1,1111.0,0,0,0,81f,d5e,d5a,d5a,d5a,1,1,1,1,1,0,0,0,0,0,0,1,0,0,1,1,1,1,0,1,0,1,0,1,1,0,0,0,1,0,1,1,0,1,0,1,0,1,1,0,0,0,1,0,1,1,0,1,0,1,0,1,1,0,0,0,1,0,1,1,0,1,0,1,0,1,1,0,0
2024,11,5,17:41:22.286,18.28,65,120.3,0.8302,5060.0,3676.6,7.925,0.02,0.02,0.02,0.02,240.0,358.0,-507.0,11663.0,5339,-6383,18.8,62.6,1113.0,0,0,0,81f,d5e,d5a,d5a,d5a,1,1,1,1,1,0,0,0,0,0,0,1,0,0,1,1,1,1,0,1,0,1,0,1,1,0,0,0,1,0,1,1,0,1,0,1,0,1,1,0,0,0,1,0,1,1,0,1,0,1,0,1,1,0,0,0,1,0,1,1,0,1,0,1,0,1,1,0,0
2024,11,5,17:41:22.306,18.30,85,120.3,0.8302,5060.0,3676.6,7.923,0.02,0.02,0.02,0.02,238.0,358.0,-507.0,11668.0,5346,-6393,15.5,57.8,1116.0,0,0,0,81f,d5e,d5a,d5a,d5a,1,1,1,1,1,0,0,0,0,0,0,1,0,0,1,1,1,1,0,1,0,1,0,1,1,0,0,0,1,0,1,1,0,1,0,1,0,1,1,0,0,0,1,0,1,1,0,1,0,1,0,1,1,0,0,0,1,0,1,1,0,1,0,1,0,1,1,0,0
2024,11,5,17:41:22.326,18.32,105,120.3,0.8305,5049.7,3666.3,7.924,0.02,0.02,0.02,0.02,237.0,357.0,-508.0,11673.0,5353,-6403,12.1,51.0,1119.0,0,0,0,81f,d5e,d5a,d5a,d5a,1,1,1,1,1,0,0,0,0,0,0,1,0,0,1,1,1,1,0,1,0,1,0,1,1,0,0,0,1,0,1,1,0,1,0,1,0,1,1,0,0,0,1,0,1,1,0,1,0,1,0,1,1,0,0,0,1,0,1,1,0,1,0,1,0,1,1,0,0
2024,11,5,17:41:22.346,18.34,125,120.3,0.8305,5049.7,3666.3,7.925,0.02,0.02,0.02,0.02,236.0,357.0,-508.0,11677.0,5361,-6413,8.5,41.2,1122.0,0,0,0,81f,d5e,d5a,d5a,d5e,1,1,1,1,1,0,0,0,0,0,0,1,0,0,1,1,1,1,0,1,0,1,0,1,1,0,0,0,1,0,1,1,0,1,0,1,0,1,1,0,0,0,1,0,1,1,0,1,0,1,0,1,1,0,0,0,1,1,1,1,0,1,0,1,0,1,1,0,0
2024,11,5,17:41:22.366,18.36,145,120.3,0.8310,5034.9,3651.5,7.925,0.02,0.02,0.02,0.02,235.0,357.0,-508.0,11682.0,5368,-6423,5.0,27.3,1125.0,0,0,0,81f,d56,d52,d52,d56,1,1,1,1,1,0,0,0,0,0,0,1,0,0,1,1,0,1,0,1,0,1,0,1,1,0,0,0,1,0,0,1,0,1,0,1,0,1,1,0,0,0,1,0,0,1,0,1,0,1,0,1,1,0,0,0,1,1,0,1,0,1,0,1,0,1,1,0,0
2024,11,5,17:41:22.386,18.38,165,120.3,0.8310,5034.9,3651.5,7.924,0.02,0.02,0.02,0.02,233.0,357.0,-508.0,11687.0,5375,-6434,2.5,15.0,1128.0,0,0,0,81f,d56,d56,d56,d56,1,1,1,1,1,0,0,0,0,0,0,1,0,0,1,1,0,1,0,1,0,1,0,1,1,0,0,0,1,1,0,1,0,1,0,1,0,1,1,0,0,0,1,1,0,1,0,1,0,1,0,1,1,0,0,0,1,1,0,1,0,1,0,1,0,1,1,0,0
2024,11,5,17:41:22.406,18.40,185,120.3,0.8320,5001.5,3618.1,7.924,0.02,0.02,0.02,0.02,232.0,357.0,-508.0,11691.0,5382,-6444,4.6,26.1,1130.0,0,0,0,81f,d46,d46,d46,d46,1,1,1,1,1,0,0,0,0,0,0,1,0,0,1,1,0,0,0,1,0,1,0,1,1,0,0,0,1,1,0,0,0,1,0,1,0,1,1,0,0,0,1,1,0,0,0,1,0,1,0,1,1,0,0,0,1,1,0,0,0,1,0,1,0,1,1,0,0
2024,11,5,17:41:22.426,18.42,205,120.3,0.8320,5001.5,3618.1,7.924,0.02,0.02,0.02,0.02,231.0,357.0,-508.0,11696.0,5389,-6454,8.6,42.6,1133.0,0,0,0,81f,d56,d56,d56,d56,1,1,1,1,1,0,0,0,0,0,0,1,0,0,1,1,0,1,0,1,0,1,0,1,1,0,0,0,1,1,0,1,0,1,0,1,0,1,1,0,0,0,1,1,0,1,0,1,0,1,0,1,1,0,0,0,1,1,0,1,0,1,0,1,0,1,1,0,0
2024,11,5,17:41:22.446,18.44,225,120.3,0.8320,5001.5,3618.1,7.924,0.02,0.02,0.02,0.02,229.0,357.0,-509.0,11701.0,5396,-6464,12.9,54.5,1136.0,0,0,0,81f,d56,d52,d52,d56,1,1,1,1,1,0,0,0,0,0,0,1,0,0,1,1,0,1,0,1,0,1,0,1,1,0,0,0,1,0,0,1,0,1,0,1,0,1,1,0,0,0,1,0,0,1,0,1,0,1,0,1,1,0,0,0,1,1,0,1,0,1,0,1,0,1,1,0,0
2024,11,5,17:41:22.466,18.46,245,120.3,0.8320,5001.5,3618.1,7.924,0.02,0.02,0.02,0.02,228.0,357.0,-509.0,11705.0,5404,-6474,17.2,62.4,1139.0,0,0,0,81f,d5e,d5a,d5a,d5e,1,1,1,1,1,0,0,0,0,0,0,1,0,0,1,1,1,1,0,1,0,1,0,1,1,0,0,0,1,0,1,1,0,1,0,1,0,1,1,0,0,0,1,0,1,1,0,1,0,1,0,1,1,0,0,0,1,1,1,1,0,1,0,1,0,1,1,0,0
2024,11,5,17:41:22.486,18.48,15,120.3,0.8326,4981.6,3598.2,7.924,0.02,0.02,0.02,0.02,227.0,357.0,-509.0,11710.0,5411,-6485,21.5,67.8,1142.0,0,0,0,81f,d5e,d5a,d5a,d5a,1,1,1,1,1,0,0,0,0,0,0,1,0,0,1,1,1,1,0,1,0,1,0,1,1,0,0,0,1,0,1,1,0,1,0,1,0,1,1,0,0,0,1,0,1,1,0,1,0,1,0,1,1,0,0,0,1,0,1,1,0,1,0,1,0,1,1,0,0
2024,11,5,17:41:22.506,18.50,35,120.3,0.8326,4982.2,3598.8,7.924,0.02,0.02,0.02,0.02,225.0,357.0,-509.0,11714.0,5418,-6495,25.4,71.5,1145.0,0,0,0,81f,d5e,d5a,d5a,d5a,1,1,1,1,1,0,0,0,0,0,0,1,0,0,1,1,1,1,0,1,0,1,0,1,1,0,0,0,1,0,1,1,0,1,0,1,0,1,1,0,0,0,1,0,1,1,0,1,0,1,0,1,1,0,0,0,1,0,1,1,0,1,0,1,0,1,1,0,0
2024,11,5,17:41:22.526,18.52,55,120.3,0.8328,4975.2,3591.8,7.924,0.02,0.02,0.02,0.02,224.0,356.0,-510.0,11719.0,5425,-6505,29.1,74.1,1148.0,0,0,0,81f,d5e,d5a,d5a,d5a,1,1,1,1,1,0,0,0,0,0,0,1,0,0,1,1,1,1,0,1,0,1,0,1,1,0,0,0,1,0,1,1,0,1,0,1,0,1,1,0,0,0,1,0,1,1,0,1,0,1,0,1,1,0,0,0,1,0,1,1,0,1,0,1,0,1,1,0,0
2024,11,5,17:41:22.546,18.54,75,120.3,0.8328,4975.2,3591.8,7.924,0.02,0.02,0.02,0.02,223.0,356.0,-510.0,11723.0,5432,-6515,32.4,76.1,1151.0,0,0,0,81f,d5e,d5a,d5a,d5a,1,1,1,1,1,0,0,0,0,0,0,1,0,0,1,1,1,1,0,1,0,1,0,1,1,0,0,0,1,0,1,1,0,1,0,1,0,1,1,0,0,0,1,0,1,1,0,1,0,1,0,1,1,0,0,0,1,0,1,1,0,1,0,1,0,1,1,0,0
2024,11,5,17:41:22.566,18.56,95,120.3,0.8329,4973.2,3589.9,7.924,0.02,0.02,0.02,0.02,222.0,356.0,-510.0,11728.0,5439,-6525,35.4,77.7,1154.0,0,0,0,81f,d5e,d5a,d5a,d5a,1,1,1,1,1,0,0,0,0,0,0,1,0,0,1,1,1,1,0,1,0,1,0,1,1,0,0,0,1,0,1,1,0,1,0,1,0,1,1,0,0,0,1,0,1,1,0,1,0,1,0,1,1,0,0,0,1,0,1,1,0,1,0,1,0,1,1,0,0
2024,11,5,17:41:22.586,18.58,115,120.3,0.8329,4973.2,3589.9,7.924,0.02,0.02,0.02,0.02,221.0,356.0,-510.0,11732.0,5446,-6536,38.0,78.8,1157.0,0,0,0,81f,d5e,d5a,d5a,d5a,1,1,1,1,1,0,0,0,0,0,0,1,0,0,1,1,1,1,0,1,0,1,0,1,1,0,0,0,1,0,1,1,0,1,0,1,0,1,1,0,0,0,1,0,1,1,0,1,0,1,0,1,1,0,0,0,1,0,1,1,0,1,0,1,0,1,1,0,0
2024,11,5,17:41:22.606,18.60,135,120.3,0.8327,4980.3,3596.9,7.925,0.02,0.02,0.02,0.02,220.0,356.0,-510.0,11737.0,5453,-6546,40.2,79.7,1161.0,0,0,0,81f,d5e,d5a,d5a,d5a,1,1,1,1,1,0,0,0,0,0,0,1,0,0,1,1,1,1,0,1,0,1,0,1,1,0,0,0,1,0,1,1,0,1,0,1,0,1,1,0,0,0,1,0,1,1,0,1,0,1,0,1,1,0,0,0,1,0,1,1,0,1,0,1,0,1,1,0,0
2024,11,5,17:41:22.626,18.62,155,120.3,0.8327,4980.3,3596.9,7.925,0.02,0.02,0.02,0.02,219.0,357.0,-510.0,11741.0,5461,-6556,41.9,80.4,1164.0,0,0,0,81f,d5e,d5a,d5a,d5a,1,1,1,1,1,0,0,0,0,0,0,1,0,0,1,1,1,1,0,1,0,1,0,1,1,0,0,0,1,0,1,1,0,1,0,1,0,1,1,0,0,0,1,0,1,1,0,1,0,1,0,1,1,0,0,0,1,0,1,1,0,1,0,1,0,1,1,0,0
2024,11,5,17:41:22.646,18.64,175,120.3,0.8323,4991.9,3608.5,7.924,0.02,0.02,0.02,0.02,218.0,357.0,-511.0,11745.0,5468,-6566,43.0,80.8,1167.0,0,0,0,81f,d5e,d5a,d5a,d5a,1,1,1,1,1,0,0,0,0,0,0,1,0,0,1,1,1,1,0,1,0,1,0,1,1,0,0,0,1,0,1,1,0,1,0,1,0,1,1,0,0,0,1,0,1,1,0,1,0,1,0,1,1,0,0,0,1,0,1,1,0,1,0,1,0,1,1,0,0
2024,11,5,17:41:22.666,18.66,195,120.3,0.8323,4991.9,3608.5,7.925,0.02,0.02,0.02,0.02,217.0,357.0,-511.0,11750.0,5475,-6576,43.7,81.1,1171.0,0,0,0,81f,d5e,d5a,d5a,d5a,1,1,1,1,1,0,0,0,0,0,0,1,0,0,1,1,1,1,0,1,0,1,0,1,1,0,0,0,1,0,1,1,0,1,0,1,0,1,1,0,0,0,1,0,1,1,0,1,0,1,0,1,1,0,0,0,1,0,1,1,0,1,0,1,0,1,1,0,0
2024,11,5,17:41:22.686,18.68,215,120.3,0.8324,4988.6,3605.3,7.923,0.02,0.02,0.02,0.02,217.0,357.0,-511.0,11754.0,5482,-6587,43.6,81.1,1174.0,0,0,0,81f,d5e,d5a,d5a,d5a,1,1,1,1,1,0,0,0,0,0,0,1,0,0,1,1,1,1,0,1,0,1,0,1,1,0,0,0,1,0,1,1,0,1,0,1,0,1,1,0,0,0,1,0,1,1,0,1,0,1,0,1,1,0,0,0,1,0,1,1,0,1,0,1,0,1,1,0,0
2024,11,5,17:41:22.706,18.70,235,120.3,0.8324,4988.6,3605.3,7.924,0.02,0.02,0.02,0.02,216.0,357.0,-511.0,11759.0,5489,-6597,42.9,80.9,1178.0,0,0,0,81f,d5e,d5a,d5a,d5a,1,1,1,1,1,0,0,0,0,0,0,1,0,0,1,1,1,1,0,1,0,1,0,1,1,0,0,0,1,0,1,1,0,1,0,1,0,1,1,0,0,0,1,0,1,1,0,1,0,1,0,1,1,0,0,0,1,0,1,1,0,1,0,1,0,1,1,0,0
2024,11,5,17:41:22.726,18.72,5,120.3,0.8328,4977.1,3593.7,7.924,0.02,0.02,0.02,0.02,215.0,358.0,-512.0,11763.0,5496,-6607,41.2,80.5,1182.0,0,0,0,81f,d5e,d5a,d5a,d5a,1,1,1,1,1,0,0,0,0,0,0,1,0,0,1,1,1,1,0,1,0,1,0,1,1,0,0,0,1,0,1,1,0,1,0,1,0,1,1,0,0,0,1,0,1,1,0,1,0,1,0,1,1,0,0,0,1,0,1,1,0,1,0,1,0,1,1,0,0
2024,11,5,17:41:22.746,18.74,25,120.3,0.8328,4977.1,3593.7,7.925,0.02,0.02,0.02,0.02,215.0,359.0,-513.0,11767.0,5504,-6617,37.9,79.4,1186.0,0,0,0,81f,d5e,d5a,d5a,d5a,1,1,1,1,1,0,0,0,0,0,0,1,0,0,1,1,1,1,0,1,0,1,0,1,1,0,0,0,1,0,1,1,0,1,0,1,0,1,1,0,0,0,1,0,1,1,0,1,0,1,0,1,1,0,0,0,1,0,1,1,0,1,0,1,0,1,1,0,0
2024,11,5,17:41:22.766,18.76,45,120.3,0.8328,4975.2,3591.8,7.926,0.02,0.02,0.02,0.02,213.0,359.0,-514.0,11771.0,5511,-6628,34.1,78.0,1190.0,0,0,0,81f,d5e,d5a,d5a,d5a,1,1,1,1,1,0,0,0,0,0,0,1,0,0,1,1,1,1,0,1,0,1,0,1,1,0,0,0,1,0,1,1,0,1,0,1,0,1,1,0,0,0,1,0,1,1,0,1,0,1,0,1,1,0,0,0,1,0,1,1,0,1,0,1,0,1,1,0,0
2024,11,5,17:41:22.786,18.78,65,120.3,0.8328,4975.8,3592.4,7.924,0.02,0.02,0.02,0.02,211.0,359.0,-515.0,11776.0,5518,-6638,31.5,77.0,1194.0,0,0,0,81f,d5e,d5a,d5a,d5a,1,1,1,1,1,0,0,0,0,0,0,1,0,0,1,1,1,1,0,1,0,1,0,1,1,0,0,0,1,0,1,1,0,1,0,1,0,1,1,0,0,0,1,0,1,1,0,1,0,1,0,1,1,0,0,0,1,0,1,1,0,1,0,1,0,1,1,0,0
2024,11,5,17:41:22.806,18.80,85,120.3,0.8333,4961.0,3577.7,7.924,0.02,0.02,0.02,0.02,210.0,359.0,-515.0,11780.0,5525,-6648,30.7,76.7,1198.0,0,0,0,81f,d5e,d5a,d5a,d5a,1,1,1,1,1,0,0,0,0,0,0,1,0,0,1,1,1,1,0,1,0,1,0,1,1,0,0,0,1,0,1,1,0,1,0,1,0,1,1,0,0,0,1,0,1,1,0,1,0,1,0,1,1,0,0,0,1,0,1,1,0,1,0,1,0,1,1,0,0
2024,11,5,17:41:22.826,18.82,105,120.3,0.8333,4961.0,3577.7,7.924,0.02,0.02,0.02,0.02,208.0,358.0,-516.0,11784.0,5532,-6659,31.9,77.5,1203.0,0,0,0,81f,d5e,d5a,d5a,d5a,1,1,1,1,1,0,0,0,0,0,0,1,0,0,1,1,1,1,0,1,0,1,0,1,1,0,0,0,1,0,1,1,0,1,0,1,0,1,1,0,0,0,1,0,1,1,0,1,0,1,0,1,1,0,0,0,1,0,1,1,0,1,0,1,0,1,1,0,0
2024,11,5,17:41:22.846,18.84,125,120.3,0.8333,4961.0,3577.7,7.925,0.02,0.02,0.02,0.02,206.0,359.0,-515.0,11788.0,5539,-6669,35.3,79.1,1208.0,0,0,0,81f,d5e,d5a,d5a,d5a,1,1,1,1,1,0,0,0,0,0,0,1,0,0,1,1,1,1,0,1,0,1,0,1,1,0,0,0,1,0,1,1,0,1,0,1,0,1,1,0,0,0,1,0,1,1,0,1,0,1,0,1,1,0,0,0,1,0,1,1,0,1,0,1,0,1,1,0,0
2024,11,5,17:41:22.866,18.86,145,120.3,0.8333,4961.0,3577.7,7.926,0.02,0.02,0.02,0.02,205.0,359.0,-515.0,11792.0,5547,-6679,40.1,80.9,1212.0,0,0,0,81f,d5e,d5a,d5a,d5a,1,1,1,1,1,0,0,0,0,0,0,1,0,0,1,1,1,1,0,1,0,1,0,1,1,0,0,0,1,0,1,1,0,1,0,1,0,1,1,0,0,0,1,0,1,1,0,1,0,1,0,1,1,0,0,0,1,0,1,1,0,1,0,1,0,1,1,0,0
2024,11,5,17:41:22.886,18.88,165,120.3,0.8324,4989.3,3605.9,7.925,0.02,0.02,0.02,0.02,204.0,359.0,-515.0,11796.0,5554,-6690,45.0,82.4,1215.0,0,0,0,81f,d5e,d5a,d5a,d5a,1,1,1,1,1,0,0,0,0,0,0,1,0,0,1,1,1,1,0,1,0,1,0,1,1,0,0,0,1,0,1,1,0,1,0,1,0,1,1,0,0,0,1,0,1,1,0,1,0,1,0,1,1,0,0,0,1,0,1,1,0,1,0,1,0,1,1,0,0
2024,11,5,17:41:22.906,18.90,185,120.3,0.8324,4989.3,3605.9,7.926,0.02,0.02,0.02,0.02,203.0,359.0,-514.0,11801.0,5561,-6700,49.4,83.5,1217.0,0,0,0,81f,d5e,d5a,d5a,d5a,1,1,1,1,1,0,0,0,0,0,0,1,0,0,1,1,1,1,0,1,0,1,0,1,1,0,0,0,1,0,1,1,0,1,0,1,0,1,1,0,0,0,1,0,1,1,0,1,0,1,0,1,1,0,0,0,1,0,1,1,0,1,0,1,0,1,1,0,0
2024,11,5,17:41:22.926,18.92,205,120.3,0.8318,5009.2,3625.8,7.924,0.02,0.02,0.02,0.02,201.0,359.0,-514.0,11805.0,5568,-6710,53.3,84.4,1220.0,0,0,0,81f,d5e,d5a,d5a,d5a,1,1,1,1,1,0,0,0,0,0,0,1,0,0,1,1,1,1,0,1,0,1,0,1,1,0,0,0,1,0,1,1,0,1,0,1,0,1,1,0,0,0,1,0,1,1,0,1,0,1,0,1,1,0,0,0,1,0,1,1,0,1,0,1,0,1,1,0,0
2024,11,5,17:41:22.946,18.94,225,120.3,0.8318,5009.2,3625.8,7.925,0.02,0.02,0.02,0.02,200.0,359.0,-514.0,11809.0,5575,-6720,56.7,85.1,1222.0,0,0,0,81f,d5e,d5a,d5a,d5a,1,1,1,1,1,0,0,0,0,0,0,1,0,0,1,1,1,1,0,1,0,1,0,1,1,0,0,0,1,0,1,1,0,1,0,1,0,1,1,0,0,0,1,0,1,1,0,1,0,1,0,1,1,0,0,0,1,0,1,1,0,1,0,1,0,1,1,0,0
2024,11,5,17:41:22.966,18.96,245,120.3,0.8313,5022.7,3639.3,7.924,0.02,0.02,0.02,0.02,199.0,359.0,-514.0,11813.0,5583,-6731,59.6,85.7,1225.0,0,0,0,81f,d5e,d5a,d5a,d5a,1,1,1,1,1,0,0,0,0,0,0,1,0,0,1,1,1,1,0,1,0,1,0,1,1,0,0,0,1,0,1,1,0,1,0,1,0,1,1,0,0,0,1,0,1,1,0,1,0,1,0,1,1,0,0,0,1,0,1,1,0,1,0,1,0,1,1,0,0
2024,11,5,17:41:22.986,18.98,15,120.3,0.8313,5022.7,3639.3,7.924,0.02,0.02,0.02,0.02,198.0,359.0,-514.0,11817.0,5590,-6741,62.0,86.1,1227.0,0,0,0,81f,d5e,d5a,d5a,d5a,1,1,1,1,1,0,0,0,0,0,0,1,0,0,1,1,1,1,0,1,0,1,0,1,1,0,0,0,1,0,1,1,0,1,0,1,0,1,1,0,0,0,1,0,1,1,0,1,0,1,0,1,1,0,0,0,1,0,1,1,0,1,0,1,0,1,1,0,0
2024,11,5,17:41:23.006,19.00,35,120.3,0.8314,5019.5,3636.1,7.925,0.02,0.02,0.02,0.02,197.0,359.0,-514.0,11821.0,5597,-6751,63.7,86.4,1229.0,0,0,0,81f,d5e,d5a,d5a,d5a,1,1,1,1,1,0,0,0,0,0,0,1,0,0,1,1,1,1,0,1,0,1,0,1,1,0,0,0,1,0,1,1,0,1,0,1,0,1,1,0,0,0,1,0,1,1,0,1,0,1,0,1,1,0,0,0,1,0,1,1,0,1,0,1,0,1,1,0,0
2024,11,5,17:41:23.026,19.02,55,120.3,0.8314,5019.5,3636.1,7.924,0.02,0.02,0.02,0.02,196.0,360.0,-514.0,11825.0,5604,-6762,64.5,86.6,1231.0,0,0,0,81f,d5e,d5a,d5a,d5a,1,1,1,1,1,0,0,0,0,0,0,1,0,0,1,1,1,1,0,1,0,1,0,1,1,0,0,0,1,0,1,1,0,1,0,1,0,1,1,0,0,0,1,0,1,1,0,1,0,1,0,1,1,0,0,0,1,0,1,1,0,1,0,1,0,1,1,0,0
2024,11,5,17:41:23.046,19.04,75,120.3,0.8312,5025.9,3642.5,7.925,0.02,0.02,0.02,0.02,195.0,360.0,-514.0,11828.0,5611,-6772,64.7,86.6,1234.0,0,0,0,81f,d5e,d5a,d5a,d5a,1,1,1,1,1,0,0,0,0,0,0,1,0,0,1,1,1,1,0,1,0,1,0,1,1,0,0,0,1,0,1,1,0,1,0,1,0,1,1,0,0,0,1,0,1,1,0,1,0,1,0,1,1,0,0,0,1,0,1,1,0,1,0,1,0,1,1,0,0
2024,11,5,17:41:23.066,19.06,95,120.3,0.8312,5025.9,3642.5,7.924,0.02,0.02,0.02,0.02,194.0,360.0,-514.0,11832.0,5619,-6782,64.4,86.6,1237.0,0,0,0,81f,d5e,d5a,d5a,d5a,1,1,1,1,1,0,0,0,0,0,0,1,0,0,1,1,1,1,0,1,0,1,0,1,1,0,0,0,1,0,1,1,0,1,0,1,0,1,1,0,0,0,1,0,1,1,0,1,0,1,0,1,1,0,0,0,1,0,1,1,0,1,0,1,0,1,1,0,0
2024,11,5,17:41:23.086,19.08,115,120.3,0.8319,5006.0,3622.6,7.925,0.02,0.02,0.02,0.02,193.0,360.0,-514.0,11836.0,5626,-6792,63.8,86.6,1240.0,0,0,0,81f,d5e,d5a,d5a,d5a,1,1,1,1,1,0,0,0,0,0,0,1,0,0,1,1,1,1,0,1,0,1,0,1,1,0,0,0,1,0,1,1,0,1,0,1,0,1,1,0,0,0,1,0,1,1,0,1,0,1,0,1,1,0,0,0,1,0,1,1,0,1,0,1,0,1,1,0,0
2024,11,5,17:41:23.106,19.10,135,120.3,0.8319,5006.0,3622.6,7.925,0.02,0.02,0.02,0.02,192.0,360.0,-514.0,11840.0,5633,-6803,62.9,86.5,1244.0,0,0,0,81f,d5e,d5a,d5a,d5a,1,1,1,1,1,0,0,0,0,0,0,1,0,0,1,1,1,1,0,1,0,1,0,1,1,0,0,0,1,0,1,1,0,1,0,1,0,1,1,0,0,0,1,0,1,1,0,1,0,1,0,1,1,0,0,0,1,0,1,1,0,1,0,1,0,1,1,0,0
2024,11,5,17:41:23.126,19.12,155,120.3,0.8321,4998.9,3615.5,7.925,0.02,0.02,0.02,0.02,191.0,360.0,-515.0,11844.0,5640,-6813,61.7,86.4,1248.0,0,0,0,81f,d5e,d5a,d5a,d5a,1,1,1,1,1,0,0,0,0,0,0,1,0,0,1,1,1,1,0,1,0,1,0,1,1,0,0,0,1,0,1,1,0,1,0,1,0,1,1,0,0,0,1,0,1,1,0,1,0,1,0,1,1,0,0,0,1,0,1,1,0,1,0,1,0,1,1,0,0
2024,11,5,17:41:23.146,19.14,175,120.3,0.8321,4998.9,3615.5,7.925,0.02,0.02,0.02,0.02,190.0,360.0,-515.0,11848.0,5647,-6823,60.3,86.2,1253.0,0,0,0,81f,d5e,d5a,d5a,d5a,1,1,1,1,1,0,0,0,0,0,0,1,0,0,1,1,1,1,0,1,0,1,0,1,1,0,0,0,1,0,1,1,0,1,0,1,0,1,1,0,0,0,1,0,1,1,0,1,0,1,0,1,1,0,0,0,1,0,1,1,0,1,0,1,0,1,1,0,0
2024,11,5,17:41:23.166,19.16,195,120.3,0.8324,4987.4,3604.0,7.925,0.02,0.02,0.02,0.02,189.0,360.0,-515.0,11852.0,5655,-6834,58.6,86.0,1257.0,0,0,0,81f,d5e,d5a,d5a,d5a,1,1,1,1,1,0,0,0,0,0,0,1,0,0,1,1,1,1,0,1,0,1,0,1,1,0,0,0,1,0,1,1,0,1,0,1,0,1,1,0,0,0,1,0,1,1,0,1,0,1,0,1,1,0,0,0,1,0,1,1,0,1,0,1,0,1,1,0,0
2024,11,5,17:41:23.186,19.18,215,120.3,0.8324,4987.4,3604.0,7.925,0.02,0.02,0.02,0.02,187.0,360.0,-516.0,11855.0,5662,-6844,56.6,85.7,1262.0,0,0,0,81f,d5e,d5a,d5a,d5a,1,1,1,1,1,0,0,0,0,0,0,1,0,0,1,1,1,1,0,1,0,1,0,1,1,0,0,0,1,0,1,1,0,1,0,1,0,1,1,0,0,0,1,0,1,1,0,1,0,1,0,1,1,0,0,0,1,0,1,1,0,1,0,1,0,1,1,0,0
2024,11,5,17:41:23.206,19.20,235,120.3,0.8326,4980.9,3597.6,7.925,0.02,0.02,0.02,0.02,186.0,360.0,-516.0,11859.0,5669,-6854,54.3,85.4,1268.0,0,0,0,81f,d5e,d5a,d5a,d5a,1,1,1,1,1,0,0,0,0,0,0,1,0,0,1,1,1,1,0,1,0,1,0,1,1,0,0,0,1,0,1,1,0,1,0,1,0,1,1,0,0,0,1,0,1,1,0,1,0,1,0,1,1,0,0,0,1,0,1,1,0,1,0,1,0,1,1,0,0
2024,11,5,17:41:23.226,19.22,5,120.3,0.8326,4980.9,3597.6,7.925,0.02,0.02,0.02,0.02,185.0,360.0,-516.0,11863.0,5676,-6865,51.7,85.0,1273.0,0,0,0,81f,d5e,d5a,d5a,d5a,1,1,1,1,1,0,0,0,0,0,0,1,0,0,1,1,1,1,0,1,0,1,0,1,1,0,0,0,1,0,1,1,0,1,0,1,0,1,1,0,0,0,1,0,1,1,0,1,0,1,0,1,1,0,0,0,1,0,1,1,0,1,0,1,0,1,1,0,0
2024,11,5,17:41:23.246,19.24,25,120.3,0.8325,4986.1,3602.7,7.924,0.02,0.02,0.02,0.02,184.0,360.0,-517.0,11866.0,5683,-6875,48.7,84.6,1278.0,0,0,0,81f,d5e,d5a,d5a,d5a,1,1,1,1,1,0,0,0,0,0,0,1,0,0,1,1,1,1,0,1,0,1,0,1,1,0,0,0,1,0,1,1,0,1,0,1,0,1,1,0,0,0,1,0,1,1,0,1,0,1,0,1,1,0,0,0,1,0,1,1,0,1,0,1,0,1,1,0,0
2024,11,5,17:41:23.266,19.26,45,120.3,0.8325,4986.1,3602.7,7.924,0.02,0.02,0.02,0.02,182.0,360.0,-517.0,11870.0,5691,-6885,45.5,84.0,1283.0,0,0,0,81f,d5e,d5a,d5a,d5a,1,1,1,1,1,0,0,0,0,0,0,1,0,0,1,1,1,1,0,1,0,1,0,1,1,0,0,0,1,0,1,1,0,1,0,1,0,1,1,0,0,0,1,0,1,1,0,1,0,1,0,1,1,0,0,0,1,0,1,1,0,1,0,1,0,1,1,0,0
2024,11,5,17:41:23.286,19.28,65,120.3,0.8333,4961.0,3577.7,7.923,0.02,0.02,0.02,0.02,181.0,359.0,-517.0,11874.0,5698,-6896,42.2,83.4,1288.0,0,0,0,81f,d5e,d5a,d5a,d5a,1,1,1,1,1,0,0,0,0,0,0,1,0,0,1,1,1,1,0,1,0,1,0,1,1,0,0,0,1,0,1,1,0,1,0,1,0,1,1,0,0,0,1,0,1,1,0,1,0,1,0,1,1,0,0,0,1,0,1,1,0,1,0,1,0,1,1,0,0
2024,11,5,17:41:23.306,19.30,85,120.3,0.8333,4961.0,3577.7,7.925,0.02,0.02,0.02,0.02,180.0,359.0,-518.0,11877.0,5705,-6906,38.8,82.7,1292.0,0,0,0,81f,d5e,d5a,d5a,d5a,1,1,1,1,1,0,0,0,0,0,0,1,0,0,1,1,1,1,0,1,0,1,0,1,1,0,0,0,1,0,1,1,0,1,0,1,0,1,1,0,0,0,1,0,1,1,0,1,0,1,0,1,1,0,0,0,1,0,1,1,0,1,0,1,0,1,1,0,0
2024,11,5,17:41:23.326,19.32,105,120.3,0.8337,4947.6,3564.2,7.924,0.02,0.02,0.02,0.02,178.0,359.0,-518.0,11881.0,5712,-6916,35.3,81.8,1297.0,0,0,0,81f,d5e,d5a,d5a,d5a,1,1,1,1,1,0,0,0,0,0,0,1,0,0,1,1,1,1,0,1,0,1,0,1,1,0,0,0,1,0,1,1,0,1,0,1,0,1,1,0,0,0,1,0,1,1,0,1,0,1,0,1,1,0,0,0,1,0,1,1,0,1,0,1,0,1,1,0,0
2024,11,5,17:41:23.346,19.34,125,120.3,0.8337,4947.6,3564.2,7.924,0.02,0.02,0.02,0.02,177.0,359.0,-519.0,11885.0,5719,-6927,31.9,80.9,1301.0,0,0,0,81f,d5e,d5a,d5a,d5a,1,1,1,1,1,0,0,0,0,0,0,1,0,0,1,1,1,1,0,1,0,1,0,1,1,0,0,0,1,0,1,1,0,1,0,1,0,1,1,0,0,0,1,0,1,1,0,1,0,1,0,1,1,0,0,0,1,0,1,1,0,1,0,1,0,1,1,0,0
2024,11,5,17:41:23.366,19.36,145,120.3,0.8342,4930.9,3547.5,7.924,0.02,0.02,0.02,0.02,175.0,359.0,-519.0,11888.0,5727,-6937,28.4,79.7,1305.0,0,0,0,81f,d5e,d5a,d5a,d5a,1,1,1,1,1,0,0,0,0,0,0,1,0,0,1,1,1,1,0,1,0,1,0,1,1,0,0,0,1,0,1,1,0,1,0,1,0,1,1,0,0,0,1,0,1,1,0,1,0,1,0,1,1,0,0,0,1,0,1,1,0,1,0,1,0,1,1,0,0
2024,11,5,17:41:23.386,19.38,165,120.3,0.8342,4930.9,3547.5,7.924,0.02,0.02,0.02,0.02,174.0,359.0,-520.0,11892.0,5734,-6948,25.0,78.3,1309.0,0,0,0,81f,d5e,d5a,d5a,d5a,1,1,1,1,1,0,0,0,0,0,0,1,0,0,1,1,1,1,0,1,0,1,0,1,1,0,0,0,1,0,1,1,0,1,0,1,0,1,1,0,0,0,1,0,1,1,0,1,0,1,0,1,1,0,0,0,1,0,1,1,0,1,0,1,0,1,1,0,0
2024,11,5,17:41:23.406,19.40,185,120.3,0.8348,4911.0,3527.7,7.924,0.02,0.02,0.02,0.02,173.0,359.0,-520.0,11895.0,5741,-6958,21.8,76.7,1312.0,0,0,0,81f,d5e,d5a,d5a,d5a,1,1,1,1,1,0,0,0,0,0,0,1,0,0,1,1,1,1,0,1,0,1,0,1,1,0,0,0,1,0,1,1,0,1,0,1,0,1,1,0,0,0,1,0,1,1,0,1,0,1,0,1,1,0,0,0,1,0,1,1,0,1,0,1,0,1,1,0,0
2024,11,5,17:41:23.426,19.42,205,120.3,0.8348,4910.4,3527.0,7.923,0.02,0.02,0.02,0.02,171.0,359.0,-521.0,11898.0,5748,-6968,19.1,75.0,1316.0,0,0,0,81f,d5e,d5a,d5a,d5a,1,1,1,1,1,0,0,0,0,0,0,1,0,0,1,1,1,1,0,1,0,1,0,1,1,0,0,0,1,0,1,1,0,1,0,1,0,1,1,0,0,0,1,0,1,1,0,1,0,1,0,1,1,0,0,0,1,0,1,1,0,1,0,1,0,1,1,0,0
2024,11,5,17:41:23.446,19.44,225,120.3,0.8355,4890.6,3507.2,7.923,0.02,0.02,0.02,0.02,170.0,359.0,-521.0,11902.0,5755,-6979,17.0,73.4,1319.0,0,0,0,81f,d5e,d5a,d5a,d5a,1,1,1,1,1,0,0,0,0,0,0,1,0,0,1,1,1,1,0,1,0,1,0,1,1,0,0,0,1,0,1,1,0,1,0,1,0,1,1,0,0,0,1,0,1,1,0,1,0,1,0,1,1,0,0,0,1,0,1,1,0,1,0,1,0,1,1,0,0
2024,11,5,17:41:23.466,19.46,245,120.3,0.8354,4891.2,3507.8,7.924,0.02,0.02,0.02,0.02,168.0,358.0,-521.0,11905.0,5763,-6989,15.7,72.4,1322.0,0,0,0,81f,d5e,d5a,d5a,d5a,1,1,1,1,1,0,0,0,0,0,0,1,0,0,1,1,1,1,0,1,0,1,0,1,1,0,0,0,1,0,1,1,0,1,0,1,0,1,1,0,0,0,1,0,1,1,0,1,0,1,0,1,1,0,0,0,1,0,1,1,0,1,0,1,0,1,1,0,0
2024,11,5,17:41:23.486,19.48,15,120.3,0.8359,4875.8,3492.4,7.924,0.02,0.02,0.02,0.02,167.0,358.0,-522.0,11909.0,5770,-7000,15.3,72.3,1325.0,0,0,0,81f,d5e,d5a,d5a,d5a,1,1,1,1,1,0,0,0,0,0,0,1,0,0,1,1,1,1,0,1,0,1,0,1,1,0,0,0,1,0,1,1,0,1,0,1,0,1,1,0,0,0,1,0,1,1,0,1,0,1,0,1,1,0,0,0,1,0,1,1,0,1,0,1,0,1,1,0,0
2024,11,5,17:41:23.506,19.50,35,120.3,0.8359,4875.8,3492.4,7.924,0.02,0.02,0.02,0.02,166.0,358.0,-522.0,11912.0,5777,-7010,15.9,73.2,1328.0,0,0,0,81f,d5e,d5a,d5a,d5a,1,1,1,1,1,0,0,0,0,0,0,1,0,0,1,1,1,1,0,1,0,1,0,1,1,0,0,0,1,0,1,1,0,1,0,1,0,1,1,0,0,0,1,0,1,1,0,1,0,1,0,1,1,0,0,0,1,0,1,1,0,1,0,1,0,1,1,0,0
2024,11,5,17:41:23.526,19.52,55,120.3,0.8362,4865.6,3482.2,7.924,0.02,0.02,0.02,0.02,165.0,358.0,-522.0,11915.0,5784,-7021,17.2,74.6,1330.0,0,0,0,81f,d5e,d5a,d5a,d5a,1,1,1,1,1,0,0,0,0,0,0,1,0,0,1,1,1,1,0,1,0,1,0,1,1,0,0,0,1,0,1,1,0,1,0,1,0,1,1,0,0,0,1,0,1,1,0,1,0,1,0,1,1,0,0,0,1,0,1,1,0,1,0,1,0,1,1,0,0
2024,11,5,17:41:23.546,19.54,75,120.3,0.8362,4865.6,3482.2,7.923,0.02,0.02,0.02,0.02,164.0,358.0,-523.0,11919.0,5791,-7031,18.8,76.2,1333.0,0,0,0,81f,d5e,d5a,d5a,d5a,1,1,1,1,1,0,0,0,0,0,0,1,0,0,1,1,1,1,0,1,0,1,0,1,1,0,0,0,1,0,1,1,0,1,0,1,0,1,1,0,0,0,1,0,1,1,0,1,0,1,0,1,1,0,0,0,1,0,1,1,0,1,0,1,0,1,1,0,0
2024,11,5,17:41:23.566,19.56,95,120.3,0.8358,4879.0,3495.6,7.924,0.02,0.02,0.02,0.02,163.0,358.0,-523.0,11922.0,5798,-7042,20.6,77.7,1335.0,0,0,0,81f,d5e,d5a,d5a,d5a,1,1,1,1,1,0,0,0,0,0,0,1,0,0,1,1,1,1,0,1,0,1,0,1,1,0,0,0,1,0,1,1,0,1,0,1,0,1,1,0,0,0,1,0,1,1,0,1,0,1,0,1,1,0,0,0,1,0,1,1,0,1,0,1,0,1,1,0,0
2024,11,5,17:41:23.586,19.58,115,120.3,0.8358,4879.0,3495.6,7.924,0.02,0.02,0.02,0.02,162.0,358.0,-523.0,11925.0,5806,-7052,22.5,78.9,1337.0,0,0,0,81f,d5e,d5a,d5a,d5a,1,1,1,1,1,0,0,0,0,0,0,1,0,0,1,1,1,1,0,1,0,1,0,1,1,0,0,0,1,0,1,1,0,1,0,1,0,1,1,0,0,0,1,0,1,1,0,1,0,1,0,1,1,0,0,0,1,0,1,1,0,1,0,1,0,1,1,0,0
2024,11,5,17:41:23.606,19.60,135,120.3,0.8358,4881.0,3497.6,7.924,0.02,0.02,0.02,0.02,161.0,358.0,-523.0,11928.0,5813,-7063,24.2,79.9,1339.0,0,0,0,81f,d5e,d5a,d5a,d5a,1,1,1,1,1,0,0,0,0,0,0,1,0,0,1,1,1,1,0,1,0,1,0,1,1,0,0,0,1,0,1,1,0,1,0,1,0,1,1,0,0,0,1,0,1,1,0,1,0,1,0,1,1,0,0,0,1,0,1,1,0,1,0,1,0,1,1,0,0
2024,11,5,17:41:23.626,19.62,155,120.3,0.8358,4880.3,3496.9,7.924,0.02,0.02,0.02,0.02,160.0,358.0,-523.0,11932.0,5820,-7073,25.3,80.5,1341.0,0,0,0,81f,d5e,d5a,d5a,d5a,1,1,1,1,1,0,0,0,0,0,0,1,0,0,1,1,1,1,0,1,0,1,0,1,1,0,0,0,1,0,1,1,0,1,0,1,0,1,1,0,0,0,1,0,1,1,0,1,0,1,0,1,1,0,0,0,1,0,1,1,0,1,0,1,0,1,1,0,0
2024,11,5,17:41:23.646,19.64,175,120.3,0.8349,4907.2,3523.8,7.924,0.02,0.02,0.02,0.02,159.0,359.0,-523.0,11935.0,5827,-7083,25.6,80.8,1343.0,0,0,0,81f,d5e,d5a,d5a,d5a,1,1,1,1,1,0,0,0,0,0,0,1,0,0,1,1,1,1,0,1,0,1,0,1,1,0,0,0,1,0,1,1,0,1,0,1,0,1,1,0,0,0,1,0,1,1,0,1,0,1,0,1,1,0,0,0,1,0,1,1,0,1,0,1,0,1,1,0,0
2024,11,5,17:41:23.666,19.66,195,120.3,0.8349,4907.2,3523.8,7.922,0.02,0.02,0.02,0.02,158.0,359.0,-523.0,11938.0,5834,-7094,25.2,80.7,1344.0,0,0,0,81f,d5e,d5a,d5a,d5a,1,1,1,1,1,0,0,0,0,0,0,1,0,0,1,1,1,1,0,1,0,1,0,1,1,0,0,0,1,0,1,1,0,1,0,1,0,1,1,0,0,0,1,0,1,1,0,1,0,1,0,1,1,0,0,0,1,0,1,1,0,1,0,1,0,1,1,0,0
2024,11,5,17:41:23.686,19.68,215,120.3,0.8353,4895.7,3512.3,7.925,0.02,0.02,0.02,0.02,157.0,359.0,-523.0,11941.0,5842,-7104,24.2,80.4,1346.0,0,0,0,81f,d5e,d5a,d5a,d5a,1,1,1,1,1,0,0,0,0,0,0,1,0,0,1,1,1,1,0,1,0,1,0,1,1,0,0,0,1,0,1,1,0,1,0,1,0,1,1,0,0,0,1,0,1,1,0,1,0,1,0,1,1,0,0,0,1,0,1,1,0,1,0,1,0,1,1,0,0
2024,11,5,17:41:23.706,19.70,235,120.3,0.8353,4895.7,3512.3,7.924,0.02,0.02,0.02,0.02,156.0,359.0,-523.0,11944.0,5849,-7115,23.0,80.1,1347.0,0,0,0,81f,d5e,d5a,d5a,d5a,1,1,1,1,1,0,0,0,0,0,0,1,0,0,1,1,1,1,0,1,0,1,0,1,1,0,0,0,1,0,1,1,0,1,0,1,0,1,1,0,0,0,1,0,1,1,0,1,0,1,0,1,1,0,0,0,1,0,1,1,0,1,0,1,0,1,1,0,0
2024,11,5,17:41:23.726,19.72,5,120.3,0.8355,4888.6,3505.2,7.925,0.02,0.02,0.02,0.02,155.0,359.0,-522.0,11947.0,5856,-7125,22.2,79.9,1349.0,0,0,0,81f,d5e,d5a,d5a,d5a,1,1,1,1,1,0,0,0,0,0,0,1,0,0,1,1,1,1,0,1,0,1,0,1,1,0,0,0,1,0,1,1,0,1,0,1,0,1,1,0,0,0,1,0,1,1,0,1,0,1,0,1,1,0,0,0,1,0,1,1,0,1,0,1,0,1,1,0,0
2024,11,5,17:41:23.746,19.74,25,120.3,0.8355,4889.3,3505.9,7.923,0.02,0.02,0.02,0.02,154.0,359.0,-522.0,11950.0,5863,-7136,22.4,80.2,1351.0,0,0,0,81f,d5e,d5a,d5a,d5a,1,1,1,1,1,0,0,0,0,0,0,1,0,0,1,1,1,1,0,1,0,1,0,1,1,0,0,0,1,0,1,1,0,1,0,1,0,1,1,0,0,0,1,0,1,1,0,1,0,1,0,1,1,0,0,0,1,0,1,1,0,1,0,1,0,1,1,0,0
2024,11,5,17:41:23.766,19.76,45,120.3,0.8360,4872.6,3489.2,7.924,0.02,0.02,0.02,0.02,152.0,360.0,-522.0,11954.0,5870,-7146,24.1,81.1,1352.0,0,0,0,81f,d5e,d5a,d5a,d5a,1,1,1,1,1,0,0,0,0,0,0,1,0,0,1,1,1,1,0,1,0,1,0,1,1,0,0,0,1,0,1,1,0,1,0,1,0,1,1,0,0,0,1,0,1,1,0,1,0,1,0,1,1,0,0,0,1,0,1,1,0,1,0,1,0,1,1,0,0
2024,11,5,17:41:23.786,19.78,65,120.3,0.8360,4872.0,3488.6,7.925,0.02,0.02,0.02,0.02,151.0,360.0,-522.0,11957.0,5878,-7157,27.1,82.5,1354.0,0,0,0,81f,d5e,d5a,d5a,d5a,1,1,1,1,1,0,0,0,0,0,0,1,0,0,1,1,1,1,0,1,0,1,0,1,1,0,0,0,1,0,1,1,0,1,0,1,0,1,1,0,0,0,1,0,1,1,0,1,0,1,0,1,1,0,0,0,1,0,1,1,0,1,0,1,0,1,1,0,0
2024,11,5,17:41:23.806,19.80,85,120.3,0.8368,4847.1,3463.7,7.924,0.02,0.02,0.02,0.02,149.0,360.0,-522.0,11960.0,5885,-7167,31.5,83.8,1356.0,0,0,0,81f,d5e,d5a,d5a,d5a,1,1,1,1,1,0,0,0,0,0,0,1,0,0,1,1,1,1,0,1,0,1,0,1,1,0,0,0,1,0,1,1,0,1,0,1,0,1,1,0,0,0,1,0,1,1,0,1,0,1,0,1,1,0,0,0,1,0,1,1,0,1,0,1,0,1,1,0,0
2024,11,5,17:41:23.826,19.82,105,120.3,0.8368,4847.1,3463.7,7.925,0.02,0.02,0.02,0.02,148.0,359.0,-522.0,11963.0,5892,-7178,36.5,85.0,1358.0,0,0,0,81f,d5e,d5a,d5a,d5a,1,1,1,1,1,0,0,0,0,0,0,1,0,0,1,1,1,1,0,1,0,1,0,1,1,0,0,0,1,0,1,1,0,1,0,1,0,1,1,0,0,0,1,0,1,1,0,1,0,1,0,1,1,0,0,0,1,0,1,1,0,1,0,1,0,1,1,0,0
2024,11,5,17:41:23.846,19.84,125,120.3,0.8370,4842.6,3459.2,7.925,0.02,0.02,0.02,0.02,146.0,359.0,-522.0,11966.0,5899,-7188,42.0,86.0,1360.0,0,0,0,81f,d5e,d5a,d5a,d5a,1,1,1,1,1,0,0,0,0,0,0,1,0,0,1,1,1,1,0,1,0,1,0,1,1,0,0,0,1,0,1,1,0,1,0,1,0,1,1,0,0,0,1,0,1,1,0,1,0,1,0,1,1,0,0,0,1,0,1,1,0,1,0,1,0,1,1,0,0
2024,11,5,17:41:23.866,19.86,145,120.3,0.8370,4842.6,3459.2,7.924,0.02,0.02,0.02,0.02,145.0,359.0,-522.0,11968.0,5906,-7199,47.2,86.8,1362.0,0,0,0,81f,d5e,d5a,d5a,d5a,1,1,1,1,1,0,0,0,0,0,0,1,0,0,1,1,1,1,0,1,0,1,0,1,1,0,0,0,1,0,1,1,0,1,0,1,0,1,1,0,0,0,1,0,1,1,0,1,0,1,0,1,1,0,0,0,1,0,1,1,0,1,0,1,0,1,1,0,0
2024,11,5,17:41:23.886,19.88,165,120.3,0.8367,4850.9,3467.5,7.924,0.02,0.02,0.02,0.02,143.0,358.0,-522.0,11971.0,5914,-7209,52.0,87.3,1363.0,0,0,0,81f,d5e,d5a,d5a,d5a,1,1,1,1,1,0,0,0,0,0,0,1,0,0,1,1,1,1,0,1,0,1,0,1,1,0,0,0,1,0,1,1,0,1,0,1,0,1,1,0,0,0,1,0,1,1,0,1,0,1,0,1,1,0,0,0,1,0,1,1,0,1,0,1,0,1,1,0,0
2024,11,5,17:41:23.906,19.90,185,120.3,0.8367,4850.9,3467.5,7.925,0.02,0.02,0.02,0.02,142.0,358.0,-522.0,11974.0,5921,-7219,56.2,87.8,1364.0,0,0,0,81f,d5e,d5a,d5a,d5a,1,1,1,1,1,0,0,0,0,0,0,1,0,0,1,1,1,1,0,1,0,1,0,1,1,0,0,0,1,0,1,1,0,1,0,1,0,1,1,0,0,0,1,0,1,1,0,1,0,1,0,1,1,0,0,0,1,0,1,1,0,1,0,1,0,1,1,0,0
2024,11,5,17:41:23.926,19.92,205,120.3,0.8366,4855.4,3472.0,7.925,0.02,0.02,0.02,0.02,141.0,357.0,-523.0,11977.0,5928,-7230,59.7,88.1,1364.0,0,0,0,81f,d5e,d5a,d5a,d5a,1,1,1,1,1,0,0,0,0,0,0,1,0,0,1,1,1,1,0,1,0,1,0,1,1,0,0,0,1,0,1,1,0,1,0,1,0,1,1,0,0,0,1,0,1,1,0,1,0,1,0,1,1,0,0,0,1,0,1,1,0,1,0,1,0,1,1,0,0
2024,11,5,17:41:23.946,19.94,225,120.3,0.8366,4855.4,3472.0,7.925,0.02,0.02,0.02,0.02,140.0,357.0,-522.0,11980.0,5935,-7240,62.3,88.3,1364.0,0,0,0,81f,d5e,d5a,d5a,d5a,1,1,1,1,1,0,0,0,0,0,0,1,0,0,1,1,1,1,0,1,0,1,0,1,1,0,0,0,1,0,1,1,0,1,0,1,0,1,1,0,0,0,1,0,1,1,0,1,0,1,0,1,1,0,0,0,1,0,1,1,0,1,0,1,0,1,1,0,0
2024,11,5,17:41:23.966,19.96,245,120.3,0.8364,4859.8,3476.5,7.926,0.02,0.02,0.02,0.02,139.0,356.0,-522.0,11983.0,5942,-7251,64.1,88.5,1364.0,0,0,0,81f,d5e,d5a,d5a,d5a,1,1,1,1,1,0,0,0,0,0,0,1,0,0,1,1,1,1,0,1,0,1,0,1,1,0,0,0,1,0,1,1,0,1,0,1,0,1,1,0,0,0,1,0,1,1,0,1,0,1,0,1,1,0,0,0,1,0,1,1,0,1,0,1,0,1,1,0,0
2024,11,5,17:41:23.986,19.98,15,120.3,0.8364,4861.1,3477.7,7.924,0.02,0.02,0.02,0.02,138.0,356.0,-522.0,11985.0,5949,-7261,65.3,88.6,1363.0,0,0,0,81f,d5e,d5a,d5a,d5a,1,1,1,1,1,0,0,0,0,0,0,1,0,0,1,1,1,1,0,1,0,1,0,1,1,0,0,0,1,0,1,1,0,1,0,1,0,1,1,0,0,0,1,0,1,1,0,1,0,1,0,1,1,0,0,0,1,0,1,1,0,1,0,1,0,1,1,0,0
2024,11,5,17:41:24.006,20.00,35,120.3,0.8366,4852.8,3469.4,7.924,0.02,0.02,0.02,0.02,136.0,355.0,-522.0,11988.0,5956,-7272,66.2,88.7,1361.0,0,0,0,81f,d5e,d5a,d5a,d5a,1,1,1,1,1,0,0,0,0,0,0,1,0,0,1,1,1,1,0,1,0,1,0,1,1,0,0,0,1,0,1,1,0,1,0,1,0,1,1,0,0,0,1,0,1,1,0,1,0,1,0,1,1,0,0,0,1,0,1,1,0,1,0,1,0,1,1,0,0
2024,11,5,17:41:24.026,20.02,55,120.3,0.8367,4852.2,3468.8,7.922,0.02,0.02,0.02,0.02,135.0,355.0,-522.0,11991.0,5963,-7282,67.0,88.8,1359.0,0,0,0,81f,d5e,d5a,d5a,d5a,1,1,1,1,1,0,0,0,0,0,0,1,0,0,1,1,1,1,0,1,0,1,0,1,1,0,0,0,1,0,1,1,0,1,0,1,0,1,1,0,0,0,1,0,1,1,0,1,0,1,0,1,1,0,0,0,1,0,1,1,0,1,0,1,0,1,1,0,0
2024,11,5,17:41:24.046,20.04,75,120.3,0.8368,4847.1,3463.7,7.923,0.02,0.02,0.02,0.02,134.0,354.0,-522.0,11994.0,5971,-7293,67.6,88.9,1357.0,0,0,0,81f,d5e,d5a,d5a,d5a,1,1,1,1,1,0,0,0,0,0,0,1,0,0,1,1,1,1,0,1,0,1,0,1,1,0,0,0,1,0,1,1,0,1,0,1,0,1,1,0,0,0,1,0,1,1,0,1,0,1,0,1,1,0,0,0,1,0,1,1,0,1,0,1,0,1,1,0,0
2024,11,5,17:41:24.066,20.06,95,120.3,0.8368,4847.1,3463.7,7.924,0.02,0.02,0.02,0.02,132.0,354.0,-522.0,11996.0,5978,-7303,68.1,88.9,1354.0,0,0,0,81f,d5e,d5a,d5a,d5a,1,1,1,1,1,0,0,0,0,0,0,1,0,0,1,1,1,1,0,1,0,1,0,1,1,0,0,0,1,0,1,1,0,1,0,1,0,1,1,0,0,0,1,0,1,1,0,1,0,1,0,1,1,0,0,0,1,0,1,1,0,1,0,1,0,1,1,0,0
2024,11,5,17:41:24.086,20.08,115,120.3,0.8365,4857.3,3473.9,7.924,0.02,0.02,0.02,0.02,131.0,354.0,-522.0,11999.0,5985,-7314,68.6,89.0,1351.0,0,0,0,81f,d5e,d5a,d5a,d5a,1,1,1,1,1,0,0,0,0,0,0,1,0,0,1,1,1,1,0,1,0,1,0,1,1,0,0,0,1,0,1,1,0,1,0,1,0,1,1,0,0,0,1,0,1,1,0,1,0,1,0,1,1,0,0,0,1,0,1,1,0,1,0,1,0,1,1,0,0
2024,11,5,17:41:24.106,20.10,135,120.3,0.8365,4857.3,3473.9,7.924,0.02,0.02,0.02,0.02,130.0,354.0,-522.0,12002.0,5992,-7324,69.1,89.0,1348.0,0,0,0,81f,d5e,d5a,d5a,d5a,1,1,1,1,1,0,0,0,0,0,0,1,0,0,1,1,1,1,0,1,0,1,0,1,1,0,0,0,1,0,1,1,0,1,0,1,0,1,1,0,0,0,1,0,1,1,0,1,0,1,0,1,1,0,0,0,1,0,1,1,0,1,0,1,0,1,1,0,0
2024,11,5,17:41:24.126,20.12,155,120.3,0.8369,4843.9,3460.5,7.923,0.02,0.02,0.02,0.02,128.0,353.0,-522.0,12004.0,5999,-7334,69.4,89.1,1344.0,0,0,0,81f,d5e,d5a,d5a,d5a,1,1,1,1,1,0,0,0,0,0,0,1,0,0,1,1,1,1,0,1,0,1,0,1,1,0,0,0,1,0,1,1,0,1,0,1,0,1,1,0,0,0,1,0,1,1,0,1,0,1,0,1,1,0,0,0,1,0,1,1,0,1,0,1,0,1,1,0,0
2024,11,5,17:41:24.146,20.14,175,120.3,0.8369,4843.9,3460.5,7.923,0.02,0.02,0.02,0.02,127.0,353.0,-522.0,12007.0,6006,-7345,69.6,89.1,1339.0,0,0,0,81f,d5e,d5a,d5a,d5a,1,1,1,1,1,0,0,0,0,0,0,1,0,0,1,1,1,1,0,1,0,1,0,1,1,0,0,0,1,0,1,1,0,1,0,1,0,1,1,0,0,0,1,0,1,1,0,1,0,1,0,1,1,0,0,0,1,0,1,1,0,1,0,1,0,1,1,0,0
2024,11,5,17:41:24.166,20.16,195,120.3,0.8367,4852.2,3468.8,7.925,0.02,0.02,0.02,0.02,126.0,353.0,-522.0,12009.0,6013,-7355,69.7,89.2,1335.0,0,0,0,81f,d5e,d5a,d5a,d5a,1,1,1,1,1,0,0,0,0,0,0,1,0,0,1,1,1,1,0,1,0,1,0,1,1,0,0,0,1,0,1,1,0,1,0,1,0,1,1,0,0,0,1,0,1,1,0,1,0,1,0,1,1,0,0,0,1,0,1,1,0,1,0,1,0,1,1,0,0
2024,11,5,17:41:24.186,20.18,215,120.3,0.8367,4852.2,3468.8,7.923,0.02,0.02,0.02,0.02,124.0,353.0,-522.0,12012.0,6020,-7366,69.7,89.2,1330.0,0,0,0,81f,d5e,d5a,d5a,d5a,1,1,1,1,1,0,0,0,0,0,0,1,0,0,1,1,1,1,0,1,0,1,0,1,1,0,0,0,1,0,1,1,0,1,0,1,0,1,1,0,0,0,1,0,1,1,0,1,0,1,0,1,1,0,0,0,1,0,1,1,0,1,0,1,0,1,1,0,0
2024,11,5,17:41:24.206,20.20,235,120.3,0.8366,4853.4,3470.1,7.925,0.02,0.02,0.02,0.02,123.0,353.0,-523.0,12014.0,6027,-7376,69.6,89.2,1325.0,0,0,0,81f,d5e,d5a,d5a,d5a,1,1,1,1,1,0,0,0,0,0,0,1,0,0,1,1,1,1,0,1,0,1,0,1,1,0,0,0,1,0,1,1,0,1,0,1,0,1,1,0,0,0,1,0,1,1,0,1,0,1,0,1,1,0,0,0,1,0,1,1,0,1,0,1,0,1,1,0,0
2024,11,5,17:41:24.226,20.22,5,120.3,0.8366,4854.1,3470.7,7.924,0.02,0.02,0.02,0.02,122.0,353.0,-523.0,12017.0,6034,-7387,69.4,89.3,1319.0,0,0,0,81f,d5e,d5a,d5a,d5a,1,1,1,1,1,0,0,0,0,0,0,1,0,0,1,1,1,1,0,1,0,1,0,1,1,0,0,0,1,0,1,1,0,1,0,1,0,1,1,0,0,0,1,0,1,1,0,1,0,1,0,1,1,0,0,0,1,0,1,1,0,1,0,1,0,1,1,0,0
2024,11,5,17:41:24.246,20.24,25,120.3,0.8371,4838.7,3455.4,7.923,0.02,0.02,0.02,0.02,121.0,353.0,-523.0,12019.0,6041,-7397,69.0,89.3,1313.0,0,0,0,81f,d5e,d5a,d5a,d5a,1,1,1,1,1,0,0,0,0,0,0,1,0,0,1,1,1,1,0,1,0,1,0,1,1,0,0,0,1,0,1,1,0,1,0,1,0,1,1,0,0,0,1,0,1,1,0,1,0,1,0,1,1,0,0,0,1,0,1,1,0,1,0,1,0,1,1,0,0
2024,11,5,17:41:24.266,20.26,45,120.3,0.8371,4838.7,3455.4,7.925,0.02,0.02,0.02,0.02,119.0,353.0,-523.0,12022.0,6048,-7408,68.3,89.3,1307.0,0,0,0,81f,d5e,d5a,d5a,d5a,1,1,1,1,1,0,0,0,0,0,0,1,0,0,1,1,1,1,0,1,0,1,0,1,1,0,0,0,1,0,1,1,0,1,0,1,0,1,1,0,0,0,1,0,1,1,0,1,0,1,0,1,1,0,0,0,1,0,1,1,0,1,0,1,0,1,1,0,0
2024,11,5,17:41:24.286,20.28,65,120.3,0.8371,4837.5,3454.1,7.926,0.02,0.02,0.02,0.02,118.0,352.0,-524.0,12024.0,6055,-7418,67.3,89.3,1300.0,0,0,0,81f,d5e,d5a,d5a,d5a,1,1,1,1,1,0,0,0,0,0,0,1,0,0,1,1,1,1,0,1,0,1,0,1,1,0,0,0,1,0,1,1,0,1,0,1,0,1,1,0,0,0,1,0,1,1,0,1,0,1,0,1,1,0,0,0,1,0,1,1,0,1,0,1,0,1,1,0,0
2024,11,5,17:41:24.306,20.30,85,120.3,0.8371,4836.8,3453.4,7.924,0.02,0.02,0.02,0.02,117.0,352.0,-524.0,12026.0,6063,-7429,66.0,89.3,1293.0,0,0,0,81f,d5e,d5a,d5a,d5a,1,1,1,1,1,0,0,0,0,0,0,1,0,0,1,1,1,1,0,1,0,1,0,1,1,0,0,0,1,0,1,1,0,1,0,1,0,1,1,0,0,0,1,0,1,1,0,1,0,1,0,1,1,0,0,0,1,0,1,1,0,1,0,1,0,1,1,0,0
2024,11,5,17:41:24.326,20.32,105,120.3,0.8368,4849.0,3465.6,7.924,0.02,0.02,0.02,0.02,115.0,352.0,-524.0,12029.0,6070,-7439,64.5,89.3,1286.0,0,0,0,81f,d5e,d5a,d5a,d5a,1,1,1,1,1,0,0,0,0,0,0,1,0,0,1,1,1,1,0,1,0,1,0,1,1,0,0,0,1,0,1,1,0,1,0,1,0,1,1,0,0,0,1,0,1,1,0,1,0,1,0,1,1,0,0,0,1,0,1,1,0,1,0,1,0,1,1,0,0
2024,11,5,17:41:24.346,20.34,125,120.3,0.8368,4849.0,3465.6,7.924,0.02,0.02,0.02,0.02,114.0,352.0,-524.0,12031.0,6077,-7450,62.9,89.3,1279.0,0,0,0,81f,d5e,d5a,d5a,d5a,1,1,1,1,1,0,0,0,0,0,0,1,0,0,1,1,1,1,0,1,0,1,0,1,1,0,0,0,1,0,1,1,0,1,0,1,0,1,1,0,0,0,1,0,1,1,0,1,0,1,0,1,1,0,0,0,1,0,1,1,0,1,0,1,0,1,1,0,0
2024,11,5,17:41:24.366,20.36,145,120.3,0.8368,4849.0,3465.6,7.925,0.02,0.02,0.02,0.02,113.0,352.0,-525.0,12033.0,6084,-7460,61.2,89.3,1272.0,0,0,0,81f,d5e,d5a,d5a,d5a,1,1,1,1,1,0,0,0,0,0,0,1,0,0,1,1,1,1,0,1,0,1,0,1,1,0,0,0,1,0,1,1,0,1,0,1,0,1,1,0,0,0,1,0,1,1,0,1,0,1,0,1,1,0,0,0,1,0,1,1,0,1,0,1,0,1,1,0,0
2024,11,5,17:41:24.386,20.38,165,120.3,0.8368,4849.0,3465.6,7.924,0.02,0.02,0.02,0.02,112.0,352.0,-525.0,12035.0,6091,-7471,59.3,89.3,1265.0,0,0,0,81f,d5e,d5a,d5a,d5a,1,1,1,1,1,0,0,0,0,0,0,1,0,0,1,1,1,1,0,1,0,1,0,1,1,0,0,0,1,0,1,1,0,1,0,1,0,1,1,0,0,0,1,0,1,1,0,1,0,1,0,1,1,0,0,0,1,0,1,1,0,1,0,1,0,1,1,0,0
2024,11,5,17:41:24.406,20.40,185,120.3,0.8370,4842.6,3459.2,7.924,0.02,0.02,0.02,0.02,111.0,351.0,-525.0,12038.0,6098,-7481,57.3,89.3,1258.0,0,0,0,81f,d5e,d5a,d5a,d5a,1,1,1,1,1,0,0,0,0,0,0,1,0,0,1,1,1,1,0,1,0,1,0,1,1,0,0,0,1,0,1,1,0,1,0,1,0,1,1,0,0,0,1,0,1,1,0,1,0,1,0,1,1,0,0,0,1,0,1,1,0,1,0,1,0,1,1,0,0
2024,11,5,17:41:24.426,20.42,205,120.3,0.8370,4842.6,3459.2,7.923,0.02,0.02,0.02,0.02,110.0,351.0,-526.0,12040.0,6105,-7492,55.0,89.3,1251.0,0,0,0,81f,d5e,d5a,d5a,d5a,1,1,1,1,1,0,0,0,0,0,0,1,0,0,1,1,1,1,0,1,0,1,0,1,1,0,0,0,1,0,1,1,0,1,0,1,0,1,1,0,0,0,1,0,1,1,0,1,0,1,0,1,1,0,0,0,1,0,1,1,0,1,0,1,0,1,1,0,0
2024,11,5,17:41:24.446,20.44,225,120.3,0.8367,4852.2,3468.8,7.924,0.02,0.02,0.02,0.02,109.0,352.0,-526.0,12042.0,6112,-7502,52.0,89.3,1245.0,0,0,0,81f,d5e,d5a,d5a,d5a,1,1,1,1,1,0,0,0,0,0,0,1,0,0,1,1,1,1,0,1,0,1,0,1,1,0,0,0,1,0,1,1,0,1,0,1,0,1,1,0,0,0,1,0,1,1,0,1,0,1,0,1,1,0,0,0,1,0,1,1,0,1,0,1,0,1,1,0,0
2024,11,5,17:41:24.466,20.46,245,120.3,0.8367,4852.2,3468.8,7.924,0.02,0.02,0.02,0.02,107.0,352.0,-527.0,12044.0,6119,-7513,48.1,89.2,1240.0,0,0,0,81f,d5e,d5a,d5a,d5a,1,1,1,1,1,0,0,0,0,0,0,1,0,0,1,1,1,1,0,1,0,1,0,1,1,0,0,0,1,0,1,1,0,1,0,1,0,1,1,0,0,0,1,0,1,1,0,1,0,1,0,1,1,0,0,0,1,0,1,1,0,1,0,1,0,1,1,0,0
2024,11,5,17:41:24.486,20.48,15,120.3,0.8368,4849.0,3465.6,7.924,0.02,0.02,0.02,0.02,106.0,352.0,-527.0,12046.0,6126,-7523,43.2,89.2,1236.0,0,0,0,81f,d5e,d5a,d5a,d5a,1,1,1,1,1,0,0,0,0,0,0,1,0,0,1,1,1,1,0,1,0,1,0,1,1,0,0,0,1,0,1,1,0,1,0,1,0,1,1,0,0,0,1,0,1,1,0,1,0,1,0,1,1,0,0,0,1,0,1,1,0,1,0,1,0,1,1,0,0
2024,11,5,17:41:24.506,20.50,35,120.3,0.8368,4849.0,3465.6,7.925,0.02,0.02,0.02,0.02,105.0,352.0,-528.0,12048.0,6133,-7534,37.5,89.1,1234.0,0,0,0,81f,d5e,d5a,d5a,d5a,1,1,1,1,1,0,0,0,0,0,0,1,0,0,1,1,1,1,0,1,0,1,0,1,1,0,0,0,1,0,1,1,0,1,0,1,0,1,1,0,0,0,1,0,1,1,0,1,0,1,0,1,1,0,0,0,1,0,1,1,0,1,0,1,0,1,1,0,0
2024,11,5,17:41:24.526,20.52,55,120.3,0.8374,4827.2,3443.9,7.924,0.02,0.02,0.02,0.02,104.0,353.0,-528.0,12051.0,6140,-7544,30.9,89.0,1232.0,0,0,0,81f,d5e,d5a,d5a,d5a,1,1,1,1,1,0,0,0,0,0,0,1,0,0,1,1,1,1,0,1,0,1,0,1,1,0,0,0,1,0,1,1,0,1,0,1,0,1,1,0,0,0,1,0,1,1,0,1,0,1,0,1,1,0,0,0,1,0,1,1,0,1,0,1,0,1,1,0,0
2024,11,5,17:41:24.546,20.54,75,120.3,0.8374,4827.2,3443.9,7.924,0.02,0.02,0.02,0.02,102.0,353.0,-529.0,12053.0,6147,-7555,23.6,88.9,1231.0,0,0,0,81f,d5e,d5a,d5a,d5a,1,1,1,1,1,0,0,0,0,0,0,1,0,0,1,1,1,1,0,1,0,1,0,1,1,0,0,0,1,0,1,1,0,1,0,1,0,1,1,0,0,0,1,0,1,1,0,1,0,1,0,1,1,0,0,0,1,0,1,1,0,1,0,1,0,1,1,0,0
2024,11,5,17:41:24.566,20.56,95,120.3,0.8383,4801.1,3417.7,7.925,0.02,0.02,0.02,0.02,101.0,354.0,-529.0,12055.0,6154,-7566,15.9,88.8,1231.0,0,0,0,81f,d5e,d5a,d5a,d5a,1,1,1,1,1,0,0,0,0,0,0,1,0,0,1,1,1,1,0,1,0,1,0,1,1,0,0,0,1,0,1,1,0,1,0,1,0,1,1,0,0,0,1,0,1,1,0,1,0,1,0,1,1,0,0,0,1,0,1,1,0,1,0,1,0,1,1,0,0
2024,11,5,17:41:24.586,20.58,115,120.3,0.8383,4801.1,3417.7,7.925,0.02,0.02,0.02,0.02,99.0,354.0,-530.0,12057.0,6161,-7576,9.0,88.7,1232.0,0,0,0,81f,d5e,d5a,d5a,d5a,1,1,1,1,1,0,0,0,0,0,0,1,0,0,1,1,1,1,0,1,0,1,0,1,1,0,0,0,1,0,1,1,0,1,0,1,0,1,1,0,0,0,1,0,1,1,0,1,0,1,0,1,1,0,0,0,1,0,1,1,0,1,0,1,0,1,1,0,0
2024,11,5,17:41:24.606,20.60,135,120.3,0.8393,4767.9,3384.5,7.924,0.02,0.02,0.02,0.02,97.0,354.0,-530.0,12059.0,6168,-7587,8.3,89.4,1233.0,0,0,0,81f,d56,d52,d52,d56,1,1,1,1,1,0,0,0,0,0,0,1,0,0,1,1,0,1,0,1,0,1,0,1,1,0,0,0,1,0,0,1,0,1,0,1,0,1,1,0,0,0,1,0,0,1,0,1,0,1,0,1,1,0,0,0,1,1,0,1,0,1,0,1,0,1,1,0,0
2024,11,5,17:41:24.626,20.62,155,120.3,0.8393,4767.9,3384.5,7.925,0.02,0.02,0.02,0.02,95.0,354.0,-531.0,12061.0,6175,-7597,15.2,0.0,1234.0,0,0,0,81f,d56,d52,d52,d56,1,1,1,1,1,0,0,0,0,0,0,1,0,0,1,1,0,1,0,1,0,1,0,1,1,0,0,0,1,0,0,1,0,1,0,1,0,1,1,0,0,0,1,0,0,1,0,1,0,1,0,1,1,0,0,0,1,1,0,1,0,1,0,1,0,1,1,0,0
2024,11,5,17:41:24.646,20.64,175,120.3,0.8391,4773.0,3389.6,7.924,0.02,0.02,0.02,0.02,93.0,354.0,-531.0,12062.0,6183,-7608,23.9,0.0,1235.0,0,0,0,81f,d4e,d4a,d4a,d4a,1,1,1,1,1,0,0,0,0,0,0,1,0,0,1,1,1,0,0,1,0,1,0,1,1,0,0,0,1,0,1,0,0,1,0,1,0,1,1,0,0,0,1,0,1,0,0,1,0,1,0,1,1,0,0,0,1,0,1,0,0,1,0,1,0,1,1,0,0
2024,11,5,17:41:24.666,20.66,195,120.3,0.8391,4773.0,3389.6,7.924,0.02,0.02,0.02,0.02,92.0,354.0,-531.0,12064.0,6190,-7619,32.5,0.0,1235.0,0,0,0,81f,d4e,d4a,d4a,d4a,1,1,1,1,1,0,0,0,0,0,0,1,0,0,1,1,1,0,0,1,0,1,0,1,1,0,0,0,1,0,1,0,0,1,0,1,0,1,1,0,0,0,1,0,1,0,0,1,0,1,0,1,1,0,0,0,1,0,1,0,0,1,0,1,0,1,1,0,0
2024,11,5,17:41:24.686,20.68,215,120.3,0.8384,4797.9,3414.5,7.925,0.02,0.02,0.02,0.02,91.0,354.0,-531.0,12066.0,6197,-7629,40.8,0.0,1236.0,0,0,0,81f,d4e,d4a,d4a,d4a,1,1,1,1,1,0,0,0,0,0,0,1,0,0,1,1,1,0,0,1,0,1,0,1,1,0,0,0,1,0,1,0,0,1,0,1,0,1,1,0,0,0,1,0,1,0,0,1,0,1,0,1,1,0,0,0,1,0,1,0,0,1,0,1,0,1,1,0,0
2024,11,5,17:41:24.706,20.70,235,120.3,0.8384,4797.2,3413.8,7.924,0.02,0.02,0.02,0.02,90.0,354.0,-531.0,12068.0,6204,-7640,47.8,0.0,1236.0,0,0,0,81f,d4e,d4a,d4a,d4a,1,1,1,1,1,0,0,0,0,0,0,1,0,0,1,1,1,0,0,1,0,1,0,1,1,0,0,0,1,0,1,0,0,1,0,1,0,1,1,0,0,0,1,0,1,0,0,1,0,1,0,1,1,0,0,0,1,0,1,0,0,1,0,1,0,1,1,0,0
2024,11,5,17:41:24.726,20.72,5,120.3,0.8376,4822.1,3438.7,7.925,0.02,0.02,0.02,0.02,90.0,354.0,-531.0,12070.0,6211,-7650,52.6,0.0,1236.0,0,0,0,81f,d4e,d4a,d4a,d4a,1,1,1,1,1,0,0,0,0,0,0,1,0,0,1,1,1,0,0,1,0,1,0,1,1,0,0,0,1,0,1,0,0,1,0,1,0,1,1,0,0,0,1,0,1,0,0,1,0,1,0,1,1,0,0,0,1,0,1,0,0,1,0,1,0,1,1,0,0
2024,11,5,17:41:24.746,20.74,25,120.3,0.8376,4822.1,3438.7,7.924,0.02,0.02,0.02,0.02,90.0,354.0,-531.0,12072.0,6218,-7661,55.2,0.0,1236.0,0,0,0,81f,d4e,d4a,d4a,d4a,1,1,1,1,1,0,0,0,0,0,0,1,0,0,1,1,1,0,0,1,0,1,0,1,1,0,0,0,1,0,1,0,0,1,0,1,0,1,1,0,0,0,1,0,1,0,0,1,0,1,0,1,1,0,0,0,1,0,1,0,0,1,0,1,0,1,1,0,0
2024,11,5,17:41:24.766,20.76,45,120.3,0.8371,4838.7,3455.4,7.924,0.02,0.02,0.02,0.02,89.0,354.0,-531.0,12073.0,6225,-7672,56.5,0.0,1236.0,0,0,0,81f,d4e,d4a,d4a,d4a,1,1,1,1,1,0,0,0,0,0,0,1,0,0,1,1,1,0,0,1,0,1,0,1,1,0,0,0,1,0,1,0,0,1,0,1,0,1,1,0,0,0,1,0,1,0,0,1,0,1,0,1,1,0,0,0,1,0,1,0,0,1,0,1,0,1,1,0,0
2024,11,5,17:41:24.786,20.78,65,120.3,0.8371,4839.4,3456.0,7.925,0.02,0.02,0.02,0.02,88.0,354.0,-531.0,12075.0,6232,-7682,57.0,0.0,1236.0,0,0,0,81f,d4e,d4a,d4a,d4a,1,1,1,1,1,0,0,0,0,0,0,1,0,0,1,1,1,0,0,1,0,1,0,1,1,0,0,0,1,0,1,0,0,1,0,1,0,1,1,0,0,0,1,0,1,0,0,1,0,1,0,1,1,0,0,0,1,0,1,0,0,1,0,1,0,1,1,0,0
2024,11,5,17:41:24.806,20.80,85,120.3,0.8376,4820.9,3437.5,7.925,0.02,0.02,0.02,0.02,87.0,354.0,-532.0,12077.0,6239,-7693,57.1,0.0,1235.0,0,0,0,81f,d4e,d4a,d4a,d4a,1,1,1,1,1,0,0,0,0,0,0,1,0,0,1,1,1,0,0,1,0,1,0,1,1,0,0,0,1,0,1,0,0,1,0,1,0,1,1,0,0,0,1,0,1,0,0,1,0,1,0,1,1,0,0,0,1,0,1,0,0,1,0,1,0,1,1,0,0
2024,11,5,17:41:24.826,20.82,105,120.3,0.8376,4820.9,3437.5,7.925,0.02,0.02,0.02,0.02,86.0,354.0,-532.0,12079.0,6246,-7704,56.5,0.0,1235.0,0,0,0,81f,d4e,d4a,d4a,d4a,1,1,1,1,1,0,0,0,0,0,0,1,0,0,1,1,1,0,0,1,0,1,0,1,1,0,0,0,1,0,1,0,0,1,0,1,0,1,1,0,0,0,1,0,1,0,0,1,0,1,0,1,1,0,0,0,1,0,1,0,0,1,0,1,0,1,1,0,0
2024,11,5,17:41:24.846,20.84,125,120.3,0.8380,4809.4,3426.0,7.925,0.02,0.02,0.02,0.02,85.0,354.0,-532.0,12080.0,6254,-7714,55.5,0.0,1235.0,0,0,0,81f,d4e,d4a,d4a,d4a,1,1,1,1,1,0,0,0,0,0,0,1,0,0,1,1,1,0,0,1,0,1,0,1,1,0,0,0,1,0,1,0,0,1,0,1,0,1,1,0,0,0,1,0,1,0,0,1,0,1,0,1,1,0,0,0,1,0,1,0,0,1,0,1,0,1,1,0,0
2024,11,5,17:41:24.866,20.86,145,120.3,0.8380,4810.0,3426.6,7.925,0.02,0.02,0.02,0.02,84.0,354.0,-533.0,12082.0,6261,-7725,54.2,0.0,1235.0,0,0,0,81f,d4e,d4a,d4a,d4a,1,1,1,1,1,0,0,0,0,0,0,1,0,0,1,1,1,0,0,1,0,1,0,1,1,0,0,0,1,0,1,0,0,1,0,1,0,1,1,0,0,0,1,0,1,0,0,1,0,1,0,1,1,0,0,0,1,0,1,0,0,1,0,1,0,1,1,0,0
2024,11,5,17:41:24.886,20.88,165,120.3,0.8379,4811.3,3427.9,7.924,0.02,0.02,0.02,0.02,83.0,354.0,-533.0,12084.0,6268,-7736,52.6,0.0,1235.0,0,0,0,81f,d4e,d4a,d4a,d4a,1,1,1,1,1,0,0,0,0,0,0,1,0,0,1,1,1,0,0,1,0,1,0,1,1,0,0,0,1,0,1,0,0,1,0,1,0,1,1,0,0,0,1,0,1,0,0,1,0,1,0,1,1,0,0,0,1,0,1,0,0,1,0,1,0,1,1,0,0
2024,11,5,17:41:24.906,20.90,185,120.3,0.8379,4811.3,3427.9,7.925,0.02,0.02,0.02,0.02,82.0,354.0,-534.0,12085.0,6275,-7746,50.8,0.0,1236.0,0,0,0,81f,d4e,d4a,d4a,d4a,1,1,1,1,1,0,0,0,0,0,0,1,0,0,1,1,1,0,0,1,0,1,0,1,1,0,0,0,1,0,1,0,0,1,0,1,0,1,1,0,0,0,1,0,1,0,0,1,0,1,0,1,1,0,0,0,1,0,1,0,0,1,0,1,0,1,1,0,0
2024,11,5,17:41:24.926,20.92,205,120.3,0.8386,4789.6,3406.2,7.923,0.02,0.02,0.02,0.02,80.0,354.0,-534.0,12087.0,6282,-7757,48.9,0.0,1236.0,0,0,0,81f,d4e,d4a,d4a,d4a,1,1,1,1,1,0,0,0,0,0,0,1,0,0,1,1,1,0,0,1,0,1,0,1,1,0,0,0,1,0,1,0,0,1,0,1,0,1,1,0,0,0,1,0,1,0,0,1,0,1,0,1,1,0,0,0,1,0,1,0,0,1,0,1,0,1,1,0,0
2024,11,5,17:41:24.946,20.94,225,120.3,0.8386,4789.6,3406.2,7.925,0.02,0.02,0.02,0.02,79.0,355.0,-534.0,12089.0,6289,-7768,46.9,0.0,1237.0,0,0,0,81f,d4e,d4a,d4a,d4a,1,1,1,1,1,0,0,0,0,0,0,1,0,0,1,1,1,0,0,1,0,1,0,1,1,0,0,0,1,0,1,0,0,1,0,1,0,1,1,0,0,0,1,0,1,0,0,1,0,1,0,1,1,0,0,0,1,0,1,0,0,1,0,1,0,1,1,0,0
2024,11,5,17:41:24.966,20.96,245,120.3,0.8389,4781.3,3397.9,7.924,0.02,0.02,0.02,0.02,78.0,355.0,-535.0,12090.0,6296,-7778,44.5,0.0,1238.0,0,0,0,81f,d4e,d4a,d4a,d4a,1,1,1,1,1,0,0,0,0,0,0,1,0,0,1,1,1,0,0,1,0,1,0,1,1,0,0,0,1,0,1,0,0,1,0,1,0,1,1,0,0,0,1,0,1,0,0,1,0,1,0,1,1,0,0,0,1,0,1,0,0,1,0,1,0,1,1,0,0
2024,11,5,17:41:24.986,20.98,15,120.3,0.8389,4781.3,3397.9,7.925,0.02,0.02,0.02,0.02,77.0,355.0,-536.0,12092.0,6303,-7789,41.9,0.0,1239.0,0,0,0,81f,d4e,d4a,d4a,d4a,1,1,1,1,1,0,0,0,0,0,0,1,0,0,1,1,1,0,0,1,0,1,0,1,1,0,0,0,1,0,1,0,0,1,0,1,0,1,1,0,0,0,1,0,1,0,0,1,0,1,0,1,1,0,0,0,1,0,1,0,0,1,0,1,0,1,1,0,0
2024,11,5,17:41:25.006,21.00,35,120.3,0.8389,4781.3,3397.9,7.926,0.02,0.02,0.02,0.02,75.0,355.0,-536.0,12093.0,6310,-7800,39.0,0.0,1241.0,0,0,0,81f,d4e,d4a,d4a,d4a,1,1,1,1,1,0,0,0,0,0,0,1,0,0,1,1,1,0,0,1,0,1,0,1,1,0,0,0,1,0,1,0,0,1,0,1,0,1,1,0,0,0,1,0,1,0,0,1,0,1,0,1,1,0,0,0,1,0,1,0,0,1,0,1,0,1,1,0,0
2024,11,5,17:41:25.026,21.02,55,120.3,0.8389,4781.3,3397.9,7.925,0.02,0.02,0.02,0.02,74.0,355.0,-537.0,12095.0,6317,-7811,35.9,0.0,1243.0,0,0,0,81f,d4e,d4a,d4a,d4a,1,1,1,1,1,0,0,0,0,0,0,1,0,0,1,1,1,0,0,1,0,1,0,1,1,0,0,0,1,0,1,0,0,1,0,1,0,1,1,0,0,0,1,0,1,0,0,1,0,1,0,1,1,0,0,0,1,0,1,0,0,1,0,1,0,1,1,0,0
2024,11,5,17:41:25.046,21.04,75,120.3,0.8398,4753.2,3369.8,7.925,0.02,0.02,0.02,0.02,73.0,355.0,-537.0,12096.0,6324,-7821,32.8,0.0,1246.0,0,0,0,81f,d4e,d4a,d4a,d4a,1,1,1,1,1,0,0,0,0,0,0,1,0,0,1,1,1,0,0,1,0,1,0,1,1,0,0,0,1,0,1,0,0,1,0,1,0,1,1,0,0,0,1,0,1,0,0,1,0,1,0,1,1,0,0,0,1,0,1,0,0,1,0,1,0,1,1,0,0
2024,11,5,17:41:25.066,21.06,95,120.3,0.8398,4753.2,3369.8,7.925,0.02,0.02,0.02,0.02,71.0,355.0,-538.0,12098.0,6332,-7832,29.6,0.0,1249.0,0,0,0,81f,d4e,d4a,d4a,d4a,1,1,1,1,1,0,0,0,0,0,0,1,0,0,1,1,1,0,0,1,0,1,0,1,1,0,0,0,1,0,1,0,0,1,0,1,0,1,1,0,0,0,1,0,1,0,0,1,0,1,0,1,1,0,0,0,1,0,1,0,0,1,0,1,0,1,1,0,0
2024,11,5,17:41:25.086,21.08,115,120.3,0.8394,4763.4,3380.0,7.924,0.02,0.02,0.02,0.02,70.0,354.0,-538.0,12099.0,6339,-7843,26.6,0.0,1252.0,0,0,0,81f,d4e,d4a,d4a,d4a,1,1,1,1,1,0,0,0,0,0,0,1,0,0,1,1,1,0,0,1,0,1,0,1,1,0,0,0,1,0,1,0,0,1,0,1,0,1,1,0,0,0,1,0,1,0,0,1,0,1,0,1,1,0,0,0,1,0,1,0,0,1,0,1,0,1,1,0,0
2024,11,5,17:41:25.106,21.10,135,120.3,0.8394,4763.4,3380.0,7.924,0.02,0.02,0.02,0.02,69.0,354.0,-539.0,12101.0,6346,-7854,23.7,0.0,1255.0,0,0,0,81f,d4e,d4a,d4a,d4a,1,1,1,1,1,0,0,0,0,0,0,1,0,0,1,1,1,0,0,1,0,1,0,1,1,0,0,0,1,0,1,0,0,1,0,1,0,1,1,0,0,0,1,0,1,0,0,1,0,1,0,1,1,0,0,0,1,0,1,0,0,1,0,1,0,1,1,0,0
2024,11,5,17:41:25.126,21.12,155,120.3,0.8403,4735.4,3352.0,7.925,0.02,0.02,0.02,0.02,67.0,354.0,-539.0,12102.0,6353,-7864,21.0,0.0,1258.0,0,0,0,81f,d4e,d4a,d4a,d4a,1,1,1,1,1,0,0,0,0,0,0,1,0,0,1,1,1,0,0,1,0,1,0,1,1,0,0,0,1,0,1,0,0,1,0,1,0,1,1,0,0,0,1,0,1,0,0,1,0,1,0,1,1,0,0,0,1,0,1,0,0,1,0,1,0,1,1,0,0
2024,11,5,17:41:25.146,21.14,175,120.3,0.8403,4735.4,3352.0,7.923,0.02,0.02,0.02,0.02,66.0,354.0,-540.0,12103.0,6360,-7875,18.7,0.0,1262.0,0,0,0,81f,d4e,d4a,d4a,d4a,1,1,1,1,1,0,0,0,0,0,0,1,0,0,1,1,1,0,0,1,0,1,0,1,1,0,0,0,1,0,1,0,0,1,0,1,0,1,1,0,0,0,1,0,1,0,0,1,0,1,0,1,1,0,0,0,1,0,1,0,0,1,0,1,0,1,1,0,0
2024,11,5,17:41:25.166,21.16,195,120.3,0.8403,4736.6,3353.2,7.922,0.02,0.02,0.02,0.02,64.0,354.0,-540.0,12105.0,6367,-7886,16.8,0.0,1266.0,0,0,0,81f,d4e,d4a,d4a,d4a,1,1,1,1,1,0,0,0,0,0,0,1,0,0,1,1,1,0,0,1,0,1,0,1,1,0,0,0,1,0,1,0,0,1,0,1,0,1,1,0,0,0,1,0,1,0,0,1,0,1,0,1,1,0,0,0,1,0,1,0,0,1,0,1,0,1,1,0,0
2024,11,5,17:41:25.186,21.18,215,120.3,0.8403,4736.6,3353.2,7.924,0.02,0.02,0.02,0.02,63.0,354.0,-541.0,12106.0,6374,-7897,15.7,0.0,1271.0,0,0,0,81f,d4e,d4a,d4a,d4a,1,1,1,1,1,0,0,0,0,0,0,1,0,0,1,1,1,0,0,1,0,1,0,1,1,0,0,0,1,0,1,0,0,1,0,1,0,1,1,0,0,0,1,0,1,0,0,1,0,1,0,1,1,0,0,0,1,0,1,0,0,1,0,1,0,1,1,0,0
2024,11,5,17:41:25.206,21.20,235,120.3,0.8402,4739.8,3356.4,7.922,0.02,0.02,0.02,0.02,61.0,354.0,-541.0,12107.0,6381,-7908,15.5,0.0,1275.0,0,0,0,81f,d4e,d4a,d4a,d4a,1,1,1,1,1,0,0,0,0,0,0,1,0,0,1,1,1,0,0,1,0,1,0,1,1,0,0,0,1,0,1,0,0,1,0,1,0,1,1,0,0,0,1,0,1,0,0,1,0,1,0,1,1,0,0,0,1,0,1,0,0,1,0,1,0,1,1,0,0
2024,11,5,17:41:25.226,21.22,5,120.3,0.8402,4740.5,3357.1,7.925,0.02,0.02,0.02,0.02,60.0,354.0,-541.0,12108.0,6388,-7919,16.1,0.0,1280.0,0,0,0,81f,d4e,d4a,d4a,d4a,1,1,1,1,1,0,0,0,0,0,0,1,0,0,1,1,1,0,0,1,0,1,0,1,1,0,0,0,1,0,1,0,0,1,0,1,0,1,1,0,0,0,1,0,1,0,0,1,0,1,0,1,1,0,0,0,1,0,1,0,0,1,0,1,0,1,1,0,0
2024,11,5,17:41:25.246,21.24,25,120.3,0.8403,4735.4,3352.0,7.924,0.02,0.02,0.02,0.02,58.0,354.0,-542.0,12110.0,6395,-7929,17.6,0.0,1284.0,0,0,0,81f,d4e,d4a,d4a,d4a,1,1,1,1,1,0,0,0,0,0,0,1,0,0,1,1,1,0,0,1,0,1,0,1,1,0,0,0,1,0,1,0,0,1,0,1,0,1,1,0,0,0,1,0,1,0,0,1,0,1,0,1,1,0,0,0,1,0,1,0,0,1,0,1,0,1,1,0,0
2024,11,5,17:41:25.266,21.26,45,120.3,0.8403,4735.4,3352.0,7.925,0.02,0.02,0.02,0.02,57.0,354.0,-542.0,12111.0,6403,-7940,19.5,0.0,1288.0,0,0,0,81f,d4e,d4a,d4a,d4a,1,1,1,1,1,0,0,0,0,0,0,1,0,0,1,1,1,0,0,1,0,1,0,1,1,0,0,0,1,0,1,0,0,1,0,1,0,1,1,0,0,0,1,0,1,0,0,1,0,1,0,1,1,0,0,0,1,0,1,0,0,1,0,1,0,1,1,0,0
2024,11,5,17:41:25.286,21.28,65,120.3,0.8402,4740.5,3357.1,7.926,0.02,0.02,0.02,0.02,55.0,354.0,-542.0,12112.0,6410,-7951,21.6,0.0,1293.0,0,0,0,81f,d4e,d4a,d4a,d4a,1,1,1,1,1,0,0,0,0,0,0,1,0,0,1,1,1,0,0,1,0,1,0,1,1,0,0,0,1,0,1,0,0,1,0,1,0,1,1,0,0,0,1,0,1,0,0,1,0,1,0,1,1,0,0,0,1,0,1,0,0,1,0,1,0,1,1,0,0
2024,11,5,17:41:25.306,21.30,85,120.3,0.8402,4739.8,3356.4,7.924,0.02,0.02,0.02,0.02,54.0,354.0,-543.0,12113.0,6417,-7962,24.0,0.0,1297.0,0,0,0,81f,d4e,d4a,d4a,d4a,1,1,1,1,1,0,0,0,0,0,0,1,0,0,1,1,1,0,0,1,0,1,0,1,1,0,0,0,1,0,1,0,0,1,0,1,0,1,1,0,0,0,1,0,1,0,0,1,0,1,0,1,1,0,0,0,1,0,1,0,0,1,0,1,0,1,1,0,0
2024,11,5,17:41:25.326,21.32,105,120.3,0.8401,4741.7,3358.3,7.925,0.02,0.02,0.02,0.02,53.0,354.0,-543.0,12114.0,6424,-7973,26.3,0.0,1302.0,0,0,0,81f,d4e,d4a,d4a,d4a,1,1,1,1,1,0,0,0,0,0,0,1,0,0,1,1,1,0,0,1,0,1,0,1,1,0,0,0,1,0,1,0,0,1,0,1,0,1,1,0,0,0,1,0,1,0,0,1,0,1,0,1,1,0,0,0,1,0,1,0,0,1,0,1,0,1,1,0,0
2024,11,5,17:41:25.346,21.34,125,120.3,0.8401,4741.7,3358.3,7.924,0.02,0.02,0.02,0.02,51.0,354.0,-543.0,12115.0,6431,-7984,28.7,0.0,1306.0,0,0,0,81f,d4e,d4a,d4a,d4a,1,1,1,1,1,0,0,0,0,0,0,1,0,0,1,1,1,0,0,1,0,1,0,1,1,0,0,0,1,0,1,0,0,1,0,1,0,1,1,0,0,0,1,0,1,0,0,1,0,1,0,1,1,0,0,0,1,0,1,0,0,1,0,1,0,1,1,0,0
2024,11,5,17:41:25.366,21.36,145,120.3,0.8402,4738.5,3355.2,7.924,0.02,0.02,0.02,0.02,50.0,354.0,-543.0,12116.0,6438,-7995,30.9,0.0,1310.0,0,0,0,81f,d4e,d4a,d4a,d4a,1,1,1,1,1,0,0,0,0,0,0,1,0,0,1,1,1,0,0,1,0,1,0,1,1,0,0,0,1,0,1,0,0,1,0,1,0,1,1,0,0,0,1,0,1,0,0,1,0,1,0,1,1,0,0,0,1,0,1,0,0,1,0,1,0,1,1,0,0
2024,11,5,17:41:25.386,21.38,165,120.3,0.8402,4738.5,3355.2,7.924,0.02,0.02,0.02,0.02,49.0,355.0,-544.0,12117.0,6445,-8005,33.0,0.0,1314.0,0,0,0,81f,d4e,d4a,d4a,d4a,1,1,1,1,1,0,0,0,0,0,0,1,0,0,1,1,1,0,0,1,0,1,0,1,1,0,0,0,1,0,1,0,0,1,0,1,0,1,1,0,0,0,1,0,1,0,0,1,0,1,0,1,1,0,0,0,1,0,1,0,0,1,0,1,0,1,1,0,0
2024,11,5,17:41:25.406,21.40,185,120.3,0.8403,4735.4,3352.0,7.923,0.02,0.02,0.02,0.02,48.0,355.0,-544.0,12118.0,6452,-8016,34.9,0.0,1319.0,0,0,0,81f,d4e,d4a,d4a,d4a,1,1,1,1,1,0,0,0,0,0,0,1,0,0,1,1,1,0,0,1,0,1,0,1,1,0,0,0,1,0,1,0,0,1,0,1,0,1,1,0,0,0,1,0,1,0,0,1,0,1,0,1,1,0,0,0,1,0,1,0,0,1,0,1,0,1,1,0,0
2024,11,5,17:41:25.426,21.42,205,120.3,0.8403,4735.4,3352.0,7.925,0.02,0.02,0.02,0.02,46.0,355.0,-544.0,12119.0,6459,-8027,36.8,0.0,1323.0,0,0,0,81f,d4e,d4a,d4a,d4a,1,1,1,1,1,0,0,0,0,0,0,1,0,0,1,1,1,0,0,1,0,1,0,1,1,0,0,0,1,0,1,0,0,1,0,1,0,1,1,0,0,0,1,0,1,0,0,1,0,1,0,1,1,0,0,0,1,0,1,0,0,1,0,1,0,1,1,0,0
2024,11,5,17:41:25.446,21.44,225,120.3,0.8399,4747.5,3364.1,7.923,0.02,0.02,0.02,0.02,45.0,355.0,-544.0,12120.0,6466,-8038,38.4,0.0,1327.0,0,0,0,81f,d4e,d4a,d4a,d4a,1,1,1,1,1,0,0,0,0,0,0,1,0,0,1,1,1,0,0,1,0,1,0,1,1,0,0,0,1,0,1,0,0,1,0,1,0,1,1,0,0,0,1,0,1,0,0,1,0,1,0,1,1,0,0,0,1,0,1,0,0,1,0,1,0,1,1,0,0
2024,11,5,17:41:25.466,21.46,245,120.3,0.8399,4747.5,3364.1,7.924,0.02,0.02,0.02,0.02,45.0,356.0,-544.0,12121.0,6474,-8049,39.0,0.0,1331.0,0,0,0,81f,d4e,d4a,d4a,d4a,1,1,1,1,1,0,0,0,0,0,0,1,0,0,1,1,1,0,0,1,0,1,0,1,1,0,0,0,1,0,1,0,0,1,0,1,0,1,1,0,0,0,1,0,1,0,0,1,0,1,0,1,1,0,0,0,1,0,1,0,0,1,0,1,0,1,1,0,0
2024,11,5,17:41:25.486,21.48,15,120.3,0.8399,4747.5,3364.1,7.923,0.02,0.02,0.02,0.02,44.0,357.0,-544.0,12122.0,6481,-8060,38.8,0.0,1335.0,0,0,0,81f,d4e,d4a,d4a,d4a,1,1,1,1,1,0,0,0,0,0,0,1,0,0,1,1,1,0,0,1,0,1,0,1,1,0,0,0,1,0,1,0,0,1,0,1,0,1,1,0,0,0,1,0,1,0,0,1,0,1,0,1,1,0,0,0,1,0,1,0,0,1,0,1,0,1,1,0,0
2024,11,5,17:41:25.506,21.50,35,120.3,0.8400,4746.8,3363.4,7.924,0.02,0.02,0.02,0.02,43.0,357.0,-544.0,12123.0,6488,-8071,38.4,0.0,1339.0,0,0,0,81f,d4e,d4a,d4a,d4a,1,1,1,1,1,0,0,0,0,0,0,1,0,0,1,1,1,0,0,1,0,1,0,1,1,0,0,0,1,0,1,0,0,1,0,1,0,1,1,0,0,0,1,0,1,0,0,1,0,1,0,1,1,0,0,0,1,0,1,0,0,1,0,1,0,1,1,0,0
2024,11,5,17:41:25.526,21.52,55,120.3,0.8400,4744.9,3361.5,7.924,0.02,0.02,0.02,0.02,41.0,357.0,-544.0,12123.0,6495,-8082,38.2,0.0,1344.0,0,0,0,81f,d4e,d4a,d4a,d4a,1,1,1,1,1,0,0,0,0,0,0,1,0,0,1,1,1,0,0,1,0,1,0,1,1,0,0,0,1,0,1,0,0,1,0,1,0,1,1,0,0,0,1,0,1,0,0,1,0,1,0,1,1,0,0,0,1,0,1,0,0,1,0,1,0,1,1,0,0
2024,11,5,17:41:25.546,21.54,75,120.3,0.8400,4745.6,3362.2,7.924,0.02,0.02,0.02,0.02,40.0,357.0,-544.0,12124.0,6502,-8093,38.4,0.0,1349.0,0,0,0,81f,d4e,d4a,d4a,d4a,1,1,1,1,1,0,0,0,0,0,0,1,0,0,1,1,1,0,0,1,0,1,0,1,1,0,0,0,1,0,1,0,0,1,0,1,0,1,1,0,0,0,1,0,1,0,0,1,0,1,0,1,1,0,0,0,1,0,1,0,0,1,0,1,0,1,1,0,0
2024,11,5,17:41:25.566,21.56,95,120.3,0.8399,4748.7,3365.4,7.924,0.02,0.02,0.02,0.02,39.0,357.0,-544.0,12125.0,6509,-8104,38.9,0.0,1355.0,0,0,0,81f,d4e,d4a,d4a,d4a,1,1,1,1,1,0,0,0,0,0,0,1,0,0,1,1,1,0,0,1,0,1,0,1,1,0,0,0,1,0,1,0,0,1,0,1,0,1,1,0,0,0,1,0,1,0,0,1,0,1,0,1,1,0,0,0,1,0,1,0,0,1,0,1,0,1,1,0,0
2024,11,5,17:41:25.586,21.58,115,120.3,0.8399,4748.7,3365.4,7.925,0.02,0.02,0.02,0.02,37.0,357.0,-545.0,12126.0,6516,-8114,39.8,0.0,1360.0,0,0,0,81f,d4e,d4a,d4a,d4a,1,1,1,1,1,0,0,0,0,0,0,1,0,0,1,1,1,0,0,1,0,1,0,1,1,0,0,0,1,0,1,0,0,1,0,1,0,1,1,0,0,0,1,0,1,0,0,1,0,1,0,1,1,0,0,0,1,0,1,0,0,1,0,1,0,1,1,0,0
2024,11,5,17:41:25.606,21.60,135,120.3,0.8405,4730.3,3346.9,7.923,0.02,0.02,0.02,0.02,36.0,356.0,-545.0,12127.0,6524,-8125,40.9,0.0,1366.0,0,0,0,81f,d4e,d4a,d4a,d4a,1,1,1,1,1,0,0,0,0,0,0,1,0,0,1,1,1,0,0,1,0,1,0,1,1,0,0,0,1,0,1,0,0,1,0,1,0,1,1,0,0,0,1,0,1,0,0,1,0,1,0,1,1,0,0,0,1,0,1,0,0,1,0,1,0,1,1,0,0
2024,11,5,17:41:25.626,21.62,155,120.3,0.8405,4730.3,3346.9,7.924,0.02,0.02,0.02,0.02,35.0,356.0,-545.0,12127.0,6531,-8136,41.9,0.0,1373.0,0,0,0,81f,d4e,d4a,d4a,d4a,1,1,1,1,1,0,0,0,0,0,0,1,0,0,1,1,1,0,0,1,0,1,0,1,1,0,0,0,1,0,1,0,0,1,0,1,0,1,1,0,0,0,1,0,1,0,0,1,0,1,0,1,1,0,0,0,1,0,1,0,0,1,0,1,0,1,1,0,0
2024,11,5,17:41:25.646,21.64,175,120.3,0.8409,4716.9,3333.5,7.923,0.02,0.02,0.02,0.02,33.0,356.0,-545.0,12128.0,6538,-8147,42.9,0.0,1378.0,0,0,0,81f,d4e,d4a,d4a,d4a,1,1,1,1,1,0,0,0,0,0,0,1,0,0,1,1,1,0,0,1,0,1,0,1,1,0,0,0,1,0,1,0,0,1,0,1,0,1,1,0,0,0,1,0,1,0,0,1,0,1,0,1,1,0,0,0,1,0,1,0,0,1,0,1,0,1,1,0,0
2024,11,5,17:41:25.666,21.66,195,120.3,0.8409,4716.9,3333.5,7.923,0.02,0.02,0.02,0.02,32.0,356.0,-545.0,12129.0,6545,-8158,44.0,0.0,1384.0,0,0,0,81f,d4e,d4a,d4a,d4a,1,1,1,1,1,0,0,0,0,0,0,1,0,0,1,1,1,0,0,1,0,1,0,1,1,0,0,0,1,0,1,0,0,1,0,1,0,1,1,0,0,0,1,0,1,0,0,1,0,1,0,1,1,0,0,0,1,0,1,0,0,1,0,1,0,1,1,0,0
2024,11,5,17:41:25.686,21.68,215,120.3,0.8413,4703.5,3320.1,7.924,0.02,0.02,0.02,0.02,31.0,356.0,-545.0,12129.0,6552,-8169,45.2,0.0,1390.0,0,0,0,81f,d4e,d4a,d4a,d4a,1,1,1,1,1,0,0,0,0,0,0,1,0,0,1,1,1,0,0,1,0,1,0,1,1,0,0,0,1,0,1,0,0,1,0,1,0,1,1,0,0,0,1,0,1,0,0,1,0,1,0,1,1,0,0,0,1,0,1,0,0,1,0,1,0,1,1,0,0
2024,11,5,17:41:25.706,21.70,235,120.3,0.8413,4703.5,3320.1,7.924,0.02,0.02,0.02,0.02,29.0,356.0,-545.0,12130.0,6559,-8180,46.5,0.0,1395.0,0,0,0,81f,d4e,d4a,d4a,d4a,1,1,1,1,1,0,0,0,0,0,0,1,0,0,1,1,1,0,0,1,0,1,0,1,1,0,0,0,1,0,1,0,0,1,0,1,0,1,1,0,0,0,1,0,1,0,0,1,0,1,0,1,1,0,0,0,1,0,1,0,0,1,0,1,0,1,1,0,0
2024,11,5,17:41:25.726,21.72,5,120.3,0.8418,4688.9,3305.5,7.923,0.02,0.02,0.02,0.02,28.0,356.0,-546.0,12130.0,6566,-8191,47.7,0.0,1400.0,0,0,0,81f,d4e,d4a,d4a,d4a,1,1,1,1,1,0,0,0,0,0,0,1,0,0,1,1,1,0,0,1,0,1,0,1,1,0,0,0,1,0,1,0,0,1,0,1,0,1,1,0,0,0,1,0,1,0,0,1,0,1,0,1,1,0,0,0,1,0,1,0,0,1,0,1,0,1,1,0,0
2024,11,5,17:41:25.746,21.74,25,120.3,0.8418,4688.9,3305.5,7.924,0.02,0.02,0.02,0.02,26.0,356.0,-546.0,12131.0,6574,-8202,48.8,0.0,1405.0,0,0,0,81f,d4e,d4a,d4a,d4a,1,1,1,1,1,0,0,0,0,0,0,1,0,0,1,1,1,0,0,1,0,1,0,1,1,0,0,0,1,0,1,0,0,1,0,1,0,1,1,0,0,0,1,0,1,0,0,1,0,1,0,1,1,0,0,0,1,0,1,0,0,1,0,1,0,1,1,0,0
2024,11,5,17:41:25.766,21.76,45,120.3,0.8415,4697.2,3313.8,7.924,0.02,0.02,0.02,0.02,25.0,356.0,-546.0,12132.0,6581,-8213,49.8,0.0,1409.0,0,0,0,81f,d4e,d4a,d4a,d4a,1,1,1,1,1,0,0,0,0,0,0,1,0,0,1,1,1,0,0,1,0,1,0,1,1,0,0,0,1,0,1,0,0,1,0,1,0,1,1,0,0,0,1,0,1,0,0,1,0,1,0,1,1,0,0,0,1,0,1,0,0,1,0,1,0,1,1,0,0
2024,11,5,17:41:25.786,21.78,65,120.3,0.8415,4696.5,3313.1,7.924,0.02,0.02,0.02,0.02,23.0,356.0,-546.0,12132.0,6588,-8224,50.4,0.0,1413.0,0,0,0,81f,d4e,d4a,d4a,d4a,1,1,1,1,1,0,0,0,0,0,0,1,0,0,1,1,1,0,0,1,0,1,0,1,1,0,0,0,1,0,1,0,0,1,0,1,0,1,1,0,0,0,1,0,1,0,0,1,0,1,0,1,1,0,0,0,1,0,1,0,0,1,0,1,0,1,1,0,0
2024,11,5,17:41:25.806,21.80,85,120.3,0.8417,4690.2,3306.8,7.924,0.02,0.02,0.02,0.02,22.0,356.0,-546.0,12133.0,6595,-8234,50.7,0.0,1417.0,0,0,0,81f,d4e,d4a,d4a,d4a,1,1,1,1,1,0,0,0,0,0,0,1,0,0,1,1,1,0,0,1,0,1,0,1,1,0,0,0,1,0,1,0,0,1,0,1,0,1,1,0,0,0,1,0,1,0,0,1,0,1,0,1,1,0,0,0,1,0,1,0,0,1,0,1,0,1,1,0,0
2024,11,5,17:41:25.826,21.82,105,120.3,0.8417,4690.8,3307.4,7.924,0.02,0.02,0.02,0.02,21.0,355.0,-546.0,12133.0,6602,-8245,50.9,0.0,1420.0,0,0,0,81f,d4e,d4a,d4a,d4a,1,1,1,1,1,0,0,0,0,0,0,1,0,0,1,1,1,0,0,1,0,1,0,1,1,0,0,0,1,0,1,0,0,1,0,1,0,1,1,0,0,0,1,0,1,0,0,1,0,1,0,1,1,0,0,0,1,0,1,0,0,1,0,1,0,1,1,0,0
2024,11,5,17:41:25.846,21.84,125,120.3,0.8414,4702.2,3318.9,7.924,0.02,0.02,0.02,0.02,19.0,355.0,-546.0,12133.0,6609,-8256,51.1,0.0,1423.0,0,0,0,81f,d4e,d4a,d4a,d4a,1,1,1,1,1,0,0,0,0,0,0,1,0,0,1,1,1,0,0,1,0,1,0,1,1,0,0,0,1,0,1,0,0,1,0,1,0,1,1,0,0,0,1,0,1,0,0,1,0,1,0,1,1,0,0,0,1,0,1,0,0,1,0,1,0,1,1,0,0
2024,11,5,17:41:25.866,21.86,145,120.3,0.8414,4702.2,3318.9,7.923,0.02,0.02,0.02,0.02,18.0,355.0,-547.0,12134.0,6616,-8267,51.2,0.0,1426.0,0,0,0,81f,d4e,d4a,d4a,d4a,1,1,1,1,1,0,0,0,0,0,0,1,0,0,1,1,1,0,0,1,0,1,0,1,1,0,0,0,1,0,1,0,0,1,0,1,0,1,1,0,0,0,1,0,1,0,0,1,0,1,0,1,1,0,0,0,1,0,1,0,0,1,0,1,0,1,1,0,0
2024,11,5,17:41:25.886,21.88,165,120.3,0.8417,4692.1,3308.7,7.924,0.02,0.02,0.02,0.02,17.0,355.0,-547.0,12134.0,6623,-8278,51.2,0.0,1429.0,0,0,0,81f,d4e,d4a,d4a,d4a,1,1,1,1,1,0,0,0,0,0,0,1,0,0,1,1,1,0,0,1,0,1,0,1,1,0,0,0,1,0,1,0,0,1,0,1,0,1,1,0,0,0,1,0,1,0,0,1,0,1,0,1,1,0,0,0,1,0,1,0,0,1,0,1,0,1,1,0,0
2024,11,5,17:41:25.906,21.90,185,120.3,0.8417,4692.1,3308.7,7.924,0.02,0.02,0.02,0.02,15.0,355.0,-547.0,12134.0,6630,-8289,51.0,0.0,1432.0,0,0,0,81f,d4e,d4a,d4a,d4a,1,1,1,1,1,0,0,0,0,0,0,1,0,0,1,1,1,0,0,1,0,1,0,1,1,0,0,0,1,0,1,0,0,1,0,1,0,1,1,0,0,0,1,0,1,0,0,1,0,1,0,1,1,0,0,0,1,0,1,0,0,1,0,1,0,1,1,0,0
2024,11,5,17:41:25.926,21.92,205,120.3,0.8421,4677.4,3294.0,7.924,0.02,0.02,0.02,0.02,14.0,355.0,-547.0,12135.0,6638,-8300,50.7,0.0,1434.0,0,0,0,81f,d4e,d4a,d4a,d4a,1,1,1,1,1,0,0,0,0,0,0,1,0,0,1,1,1,0,0,1,0,1,0,1,1,0,0,0,1,0,1,0,0,1,0,1,0,1,1,0,0,0,1,0,1,0,0,1,0,1,0,1,1,0,0,0,1,0,1,0,0,1,0,1,0,1,1,0,0
2024,11,5,17:41:25.946,21.94,225,120.3,0.8421,4677.4,3294.0,7.924,0.02,0.02,0.02,0.02,12.0,355.0,-548.0,12135.0,6645,-8311,50.2,0.0,1436.0,0,0,0,81f,d4e,d4a,d4a,d4a,1,1,1,1,1,0,0,0,0,0,0,1,0,0,1,1,1,0,0,1,0,1,0,1,1,0,0,0,1,0,1,0,0,1,0,1,0,1,1,0,0,0,1,0,1,0,0,1,0,1,0,1,1,0,0,0,1,0,1,0,0,1,0,1,0,1,1,0,0
2024,11,5,17:41:25.966,21.96,245,120.3,0.8428,4657.7,3274.3,7.923,0.02,0.02,0.02,0.02,11.0,354.0,-548.0,12135.0,6652,-8322,48.6,0.0,1438.0,0,0,0,81f,d4e,d4a,d4a,d4a,1,1,1,1,1,0,0,0,0,0,0,1,0,0,1,1,1,0,0,1,0,1,0,1,1,0,0,0,1,0,1,0,0,1,0,1,0,1,1,0,0,0,1,0,1,0,0,1,0,1,0,1,1,0,0,0,1,0,1,0,0,1,0,1,0,1,1,0,0
2024,11,5,17:41:25.986,21.98,15,120.3,0.8428,4657.7,3274.3,7.924,0.02,0.02,0.02,0.02,10.0,353.0,-548.0,12135.0,6659,-8333,45.3,0.0,1441.0,0,0,0,81f,d4e,d4a,d4a,d4a,1,1,1,1,1,0,0,0,0,0,0,1,0,0,1,1,1,0,0,1,0,1,0,1,1,0,0,0,1,0,1,0,0,1,0,1,0,1,1,0,0,0,1,0,1,0,0,1,0,1,0,1,1,0,0,0,1,0,1,0,0,1,0,1,0,1,1,0,0
2024,11,5,17:41:26.006,22.00,35,120.3,0.8431,4647.5,3264.2,7.924,0.02,0.02,0.02,0.02,9.0,353.0,-549.0,12136.0,6666,-8344,41.8,0.0,1443.0,0,0,0,81f,d4e,d4a,d4a,d4a,1,1,1,1,1,0,0,0,0,0,0,1,0,0,1,1,1,0,0,1,0,1,0,1,1,0,0,0,1,0,1,0,0,1,0,1,0,1,1,0,0,0,1,0,1,0,0,1,0,1,0,1,1,0,0,0,1,0,1,0,0,1,0,1,0,1,1,0,0
2024,11,5,17:41:26.026,22.02,55,120.3,0.8431,4647.5,3264.2,7.923,0.02,0.02,0.02,0.02,7.0,352.0,-549.0,12136.0,6673,-8355,38.0,0.0,1446.0,0,0,0,81f,d4e,d4a,d4a,d4a,1,1,1,1,1,0,0,0,0,0,0,1,0,0,1,1,1,0,0,1,0,1,0,1,1,0,0,0,1,0,1,0,0,1,0,1,0,1,1,0,0,0,1,0,1,0,0,1,0,1,0,1,1,0,0,0,1,0,1,0,0,1,0,1,0,1,1,0,0
2024,11,5,17:41:26.046,22.04,75,120.3,0.8436,4631.0,3247.6,7.924,0.02,0.02,0.02,0.02,6.0,351.0,-549.0,12136.0,6680,-8366,34.4,0.0,1449.0,0,0,0,81f,d4e,d4a,d4a,d4a,1,1,1,1,1,0,0,0,0,0,0,1,0,0,1,1,1,0,0,1,0,1,0,1,1,0,0,0,1,0,1,0,0,1,0,1,0,1,1,0,0,0,1,0,1,0,0,1,0,1,0,1,1,0,0,0,1,0,1,0,0,1,0,1,0,1,1,0,0
2024,11,5,17:41:26.066,22.06,95,120.3,0.8436,4631.0,3247.6,7.923,0.02,0.02,0.02,0.02,4.0,350.0,-549.0,12136.0,6687,-8377,32.2,0.0,1453.0,0,0,0,81f,d4e,d4a,d4a,d4a,1,1,1,1,1,0,0,0,0,0,0,1,0,0,1,1,1,0,0,1,0,1,0,1,1,0,0,0,1,0,1,0,0,1,0,1,0,1,1,0,0,0,1,0,1,0,0,1,0,1,0,1,1,0,0,0,1,0,1,0,0,1,0,1,0,1,1,0,0
2024,11,5,17:41:26.086,22.08,115,120.3,0.8443,4608.2,3224.8,7.924,0.02,0.02,0.02,0.02,2.0,350.0,-549.0,12136.0,6694,-8388,32.4,0.0,1459.0,0,0,0,81f,d4e,d4a,d4a,d4a,1,1,1,1,1,0,0,0,0,0,0,1,0,0,1,1,1,0,0,1,0,1,0,1,1,0,0,0,1,0,1,0,0,1,0,1,0,1,1,0,0,0,1,0,1,0,0,1,0,1,0,1,1,0,0,0,1,0,1,0,0,1,0,1,0,1,1,0,0
2024,11,5,17:41:26.106,22.10,135,120.3,0.8443,4608.2,3224.8,7.923,0.02,0.02,0.02,0.02,1.0,349.0,-550.0,12136.0,6701,-8399,35.2,0.0,1464.0,0,0,0,81f,d4e,d4a,d4a,d4a,1,1,1,1,1,0,0,0,0,0,0,1,0,0,1,1,1,0,0,1,0,1,0,1,1,0,0,0,1,0,1,0,0,1,0,1,0,1,1,0,0,0,1,0,1,0,0,1,0,1,0,1,1,0,0,0,1,0,1,0,0,1,0,1,0,1,1,0,0
2024,11,5,17:41:26.126,22.12,155,120.3,0.8440,4619.6,3236.2,7.923,0.02,0.02,0.02,0.02,0.0,349.0,-551.0,12136.0,6708,-8410,40.4,0.0,1470.0,0,0,0,c1f,d4e,d4a,d4a,d4a,1,1,1,1,1,0,0,0,0,0,1,1,0,0,1,1,1,0,0,1,0,1,0,1,1,0,0,0,1,0,1,0,0,1,0,1,0,1,1,0,0,0,1,0,1,0,0,1,0,1,0,1,1,0,0,0,1,0,1,0,0,1,0,1,0,1,1,0,0
2024,11,5,17:41:26.146,22.14,175,120.3,0.8440,4619.6,3236.2,7.925,0.02,0.02,0.02,0.02,-2.0,349.0,-551.0,12136.0,6715,-8421,47.3,0.0,1476.0,0,0,0,c1f,d4e,d4a,d4a,d4a,1,1,1,1,1,0,0,0,0,0,1,1,0,0,1,1,1,0,0,1,0,1,0,1,1,0,0,0,1,0,1,0,0,1,0,1,0,1,1,0,0,0,1,0,1,0,0,1,0,1,0,1,1,0,0,0,1,0,1,0,0,1,0,1,0,1,1,0,0
2024,11,5,17:41:26.166,22.16,195,120.3,0.8437,4629.1,3245.7,7.924,0.02,0.02,0.02,0.02,-3.0,349.0,-551.0,12136.0,6722,-8432,55.1,0.0,1482.0,0,0,0,c1f,d4e,d4a,d4a,d4a,1,1,1,1,1,0,0,0,0,0,1,1,0,0,1,1,1,0,0,1,0,1,0,1,1,0,0,0,1,0,1,0,0,1,0,1,0,1,1,0,0,0,1,0,1,0,0,1,0,1,0,1,1,0,0,0,1,0,1,0,0,1,0,1,0,1,1,0,0
2024,11,5,17:41:26.186,22.18,215,120.3,0.8436,4629.8,3246.4,7.922,0.02,0.02,0.02,0.02,-3.0,349.0,-550.0,12136.0,6729,-8443,62.7,0.0,1489.0,0,0,0,c1f,d4e,d4a,d4a,d4a,1,1,1,1,1,0,0,0,0,0,1,1,0,0,1,1,1,0,0,1,0,1,0,1,1,0,0,0,1,0,1,0,0,1,0,1,0,1,1,0,0,0,1,0,1,0,0,1,0,1,0,1,1,0,0,0,1,0,1,0,0,1,0,1,0,1,1,0,0
2024,11,5,17:41:26.206,22.20,235,120.3,0.8422,4675.5,3292.1,7.923,0.02,0.02,0.02,0.02,-4.0,349.0,-550.0,12136.0,6736,-8454,69.4,0.0,1497.0,0,0,0,c1f,d4e,d4a,d4a,d4a,1,1,1,1,1,0,0,0,0,0,1,1,0,0,1,1,1,0,0,1,0,1,0,1,1,0,0,0,1,0,1,0,0,1,0,1,0,1,1,0,0,0,1,0,1,0,0,1,0,1,0,1,1,0,0,0,1,0,1,0,0,1,0,1,0,1,1,0,0
2024,11,5,17:41:26.226,22.22,5,120.3,0.8422,4675.5,3292.1,7.924,0.02,0.02,0.02,0.02,-4.0,348.0,-550.0,12136.0,6743,-8465,74.8,0.0,1506.0,0,0,0,c1f,d4e,d4a,d4a,d4a,1,1,1,1,1,0,0,0,0,0,1,1,0,0,1,1,1,0,0,1,0,1,0,1,1,0,0,0,1,0,1,0,0,1,0,1,0,1,1,0,0,0,1,0,1,0,0,1,0,1,0,1,1,0,0,0,1,0,1,0,0,1,0,1,0,1,1,0,0
2024,11,5,17:41:26.246,22.24,25,120.3,0.8414,4700.3,3316.9,7.925,0.02,0.02,0.02,0.02,-5.0,348.0,-550.0,12136.0,6750,-8476,79.0,0.0,1515.0,0,0,0,c1f,d4e,d4a,d4a,d4a,1,1,1,1,1,0,0,0,0,0,1,1,0,0,1,1,1,0,0,1,0,1,0,1,1,0,0,0,1,0,1,0,0,1,0,1,0,1,1,0,0,0,1,0,1,0,0,1,0,1,0,1,1,0,0,0,1,0,1,0,0,1,0,1,0,1,1,0,0
2024,11,5,17:41:26.266,22.26,45,120.3,0.8414,4700.3,3316.9,7.925,0.02,0.02,0.02,0.02,-6.0,348.0,-550.0,12136.0,6757,-8487,82.2,0.0,1525.0,0,0,0,c1f,d4e,d4a,d4a,d4a,1,1,1,1,1,0,0,0,0,0,1,1,0,0,1,1,1,0,0,1,0,1,0,1,1,0,0,0,1,0,1,0,0,1,0,1,0,1,1,0,0,0,1,0,1,0,0,1,0,1,0,1,1,0,0,0,1,0,1,0,0,1,0,1,0,1,1,0,0
2024,11,5,17:41:26.286,22.28,65,120.3,0.8418,4687.6,3304.2,7.925,0.02,0.02,0.02,0.02,-7.0,347.0,-550.0,12135.0,6764,-8498,84.4,0.0,1534.0,0,0,0,c1f,d4e,d4a,d4a,d4a,1,1,1,1,1,0,0,0,0,0,1,1,0,0,1,1,1,0,0,1,0,1,0,1,1,0,0,0,1,0,1,0,0,1,0,1,0,1,1,0,0,0,1,0,1,0,0,1,0,1,0,1,1,0,0,0,1,0,1,0,0,1,0,1,0,1,1,0,0
2024,11,5,17:41:26.306,22.30,85,120.2,0.8418,4687.6,3304.2,7.924,0.02,0.02,0.02,0.02,-7.0,347.0,-551.0,12135.0,6771,-8509,85.7,0.0,1543.0,0,0,0,c1f,d4e,d4a,d4a,d4a,1,1,1,1,1,0,0,0,0,0,1,1,0,0,1,1,1,0,0,1,0,1,0,1,1,0,0,0,1,0,1,0,0,1,0,1,0,1,1,0,0,0,1,0,1,0,0,1,0,1,0,1,1,0,0,0,1,0,1,0,0,1,0,1,0,1,1,0,0
2024,11,5,17:41:26.326,22.32,105,120.2,0.8432,4643.1,3259.7,7.924,0.02,0.02,0.02,0.02,-8.0,347.0,-551.0,12135.0,6778,-8520,86.3,0.0,1552.0,0,0,0,c1f,d4e,d4a,d4a,d4a,1,1,1,1,1,0,0,0,0,0,1,1,0,0,1,1,1,0,0,1,0,1,0,1,1,0,0,0,1,0,1,0,0,1,0,1,0,1,1,0,0,0,1,0,1,0,0,1,0,1,0,1,1,0,0,0,1,0,1,0,0,1,0,1,0,1,1,0,0
2024,11,5,17:41:26.346,22.34,125,120.3,0.8432,4642.5,3259.1,7.924,0.02,0.02,0.02,0.02,-10.0,347.0,-551.0,12135.0,6785,-8531,86.2,0.0,1561.0,0,0,0,c1f,d4e,d4a,d4a,d4a,1,1,1,1,1,0,0,0,0,0,1,1,0,0,1,1,1,0,0,1,0,1,0,1,1,0,0,0,1,0,1,0,0,1,0,1,0,1,1,0,0,0,1,0,1,0,0,1,0,1,0,1,1,0,0,0,1,0,1,0,0,1,0,1,0,1,1,0,0
2024,11,5,17:41:26.366,22.36,145,120.3,0.8436,4629.8,3246.4,7.924,0.02,0.02,0.02,0.02,-11.0,347.0,-551.0,12135.0,6792,-8542,85.6,0.0,1569.0,0,0,0,c1f,d4e,d4a,d4a,d4a,1,1,1,1,1,0,0,0,0,0,1,1,0,0,1,1,1,0,0,1,0,1,0,1,1,0,0,0,1,0,1,0,0,1,0,1,0,1,1,0,0,0,1,0,1,0,0,1,0,1,0,1,1,0,0,0,1,0,1,0,0,1,0,1,0,1,1,0,0
2024,11,5,17:41:26.386,22.38,165,120.2,0.8436,4629.8,3246.4,7.924,0.02,0.02,0.02,0.02,-12.0,346.0,-552.0,12134.0,6799,-8553,84.5,0.0,1576.0,0,0,0,c1f,d4e,d4a,d4a,d4a,1,1,1,1,1,0,0,0,0,0,1,1,0,0,1,1,1,0,0,1,0,1,0,1,1,0,0,0,1,0,1,0,0,1,0,1,0,1,1,0,0,0,1,0,1,0,0,1,0,1,0,1,1,0,0,0,1,0,1,0,0,1,0,1,0,1,1,0,0
2024,11,5,17:41:26.406,22.40,185,120.2,0.8440,4617.1,3233.7,7.923,0.02,0.02,0.02,0.02,-13.0,346.0,-552.0,12134.0,6806,-8564,83.1,0.0,1583.0,0,0,0,c1f,d4e,d4a,d4a,d4a,1,1,1,1,1,0,0,0,0,0,1,1,0,0,1,1,1,0,0,1,0,1,0,1,1,0,0,0,1,0,1,0,0,1,0,1,0,1,1,0,0,0,1,0,1,0,0,1,0,1,0,1,1,0,0,0,1,0,1,0,0,1,0,1,0,1,1,0,0
2024,11,5,17:41:26.426,22.42,205,120.2,0.8440,4617.1,3233.7,7.924,0.02,0.02,0.02,0.02,-15.0,346.0,-552.0,12134.0,6812,-8575,81.4,0.0,1589.0,0,0,0,c1f,d4e,d4a,d4a,d4a,1,1,1,1,1,0,0,0,0,0,1,1,0,0,1,1,1,0,0,1,0,1,0,1,1,0,0,0,1,0,1,0,0,1,0,1,0,1,1,0,0,0,1,0,1,0,0,1,0,1,0,1,1,0,0,0,1,0,1,0,0,1,0,1,0,1,1,0,0
2024,11,5,17:41:26.446,22.44,225,120.2,0.8444,4606.9,3223.5,7.924,0.02,0.02,0.02,0.02,-16.0,346.0,-552.0,12134.0,6819,-8586,79.1,0.0,1593.0,0,0,0,c1f,d4e,d4a,d4a,d4a,1,1,1,1,1,0,0,0,0,0,1,1,0,0,1,1,1,0,0,1,0,1,0,1,1,0,0,0,1,0,1,0,0,1,0,1,0,1,1,0,0,0,1,0,1,0,0,1,0,1,0,1,1,0,0,0,1,0,1,0,0,1,0,1,0,1,1,0,0
2024,11,5,17:41:26.466,22.46,245,120.2,0.8444,4606.9,3223.5,7.925,0.02,0.02,0.02,0.02,-18.0,346.0,-552.0,12133.0,6826,-8598,76.2,0.0,1596.0,0,0,0,c1f,d4e,d4a,d4a,d4a,1,1,1,1,1,0,0,0,0,0,1,1,0,0,1,1,1,0,0,1,0,1,0,1,1,0,0,0,1,0,1,0,0,1,0,1,0,1,1,0,0,0,1,0,1,0,0,1,0,1,0,1,1,0,0,0,1,0,1,0,0,1,0,1,0,1,1,0,0
2024,11,5,17:41:26.486,22.48,15,120.2,0.8440,4619.0,3235.6,7.925,0.02,0.02,0.02,0.02,-19.0,346.0,-552.0,12133.0,6833,-8609,73.0,0.0,1598.0,0,0,0,c1f,d4e,d4a,d4a,d4a,1,1,1,1,1,0,0,0,0,0,1,1,0,0,1,1,1,0,0,1,0,1,0,1,1,0,0,0,1,0,1,0,0,1,0,1,0,1,1,0,0,0,1,0,1,0,0,1,0,1,0,1,1,0,0,0,1,0,1,0,0,1,0,1,0,1,1,0,0
2024,11,5,17:41:26.506,22.50,35,120.2,0.8440,4619.0,3235.6,7.924,0.02,0.02,0.02,0.02,-21.0,346.0,-552.0,12132.0,6840,-8620,69.7,0.0,1598.0,0,0,0,c1f,d4e,d4a,d4a,d4a,1,1,1,1,1,0,0,0,0,0,1,1,0,0,1,1,1,0,0,1,0,1,0,1,1,0,0,0,1,0,1,0,0,1,0,1,0,1,1,0,0,0,1,0,1,0,0,1,0,1,0,1,1,0,0,0,1,0,1,0,0,1,0,1,0,1,1,0,0
2024,11,5,17:41:26.526,22.52,55,120.2,0.8440,4617.1,3233.7,7.925,0.02,0.02,0.02,0.02,-23.0,345.0,-553.0,12132.0,6847,-8631,66.4,0.0,1597.0,0,0,0,c1f,d4e,d4a,d4a,d4a,1,1,1,1,1,0,0,0,0,0,1,1,0,0,1,1,1,0,0,1,0,1,0,1,1,0,0,0,1,0,1,0,0,1,0,1,0,1,1,0,0,0,1,0,1,0,0,1,0,1,0,1,1,0,0,0,1,0,1,0,0,1,0,1,0,1,1,0,0
2024,11,5,17:41:26.546,22.54,75,120.2,0.8440,4617.1,3233.7,7.924,0.02,0.02,0.02,0.02,-24.0,345.0,-553.0,12132.0,6854,-8642,63.4,0.0,1595.0,0,0,0,c1f,d4e,d4a,d4a,d4a,1,1,1,1,1,0,0,0,0,0,1,1,0,0,1,1,1,0,0,1,0,1,0,1,1,0,0,0,1,0,1,0,0,1,0,1,0,1,1,0,0,0,1,0,1,0,0,1,0,1,0,1,1,0,0,0,1,0,1,0,0,1,0,1,0,1,1,0,0
2024,11,5,17:41:26.566,22.56,95,120.2,0.8438,4625.3,3241.9,7.923,0.02,0.02,0.02,0.02,-26.0,345.0,-553.0,12131.0,6861,-8653,61.1,0.0,1591.0,0,0,0,c1f,d4e,d4a,d4a,d4a,1,1,1,1,1,0,0,0,0,0,1,1,0,0,1,1,1,0,0,1,0,1,0,1,1,0,0,0,1,0,1,0,0,1,0,1,0,1,1,0,0,0,1,0,1,0,0,1,0,1,0,1,1,0,0,0,1,0,1,0,0,1,0,1,0,1,1,0,0
2024,11,5,17:41:26.586,22.58,115,120.2,0.8438,4625.3,3241.9,7.924,0.02,0.02,0.02,0.02,-28.0,345.0,-553.0,12130.0,6868,-8664,59.1,0.0,1588.0,0,0,0,c1f,d4e,d4a,d4a,d4a,1,1,1,1,1,0,0,0,0,0,1,1,0,0,1,1,1,0,0,1,0,1,0,1,1,0,0,0,1,0,1,0,0,1,0,1,0,1,1,0,0,0,1,0,1,0,0,1,0,1,0,1,1,0,0,0,1,0,1,0,0,1,0,1,0,1,1,0,0
2024,11,5,17:41:26.606,22.60,135,120.2,0.8443,4608.8,3225.4,7.925,0.02,0.02,0.02,0.02,-29.0,344.0,-553.0,12130.0,6875,-8675,57.3,0.0,1583.0,0,0,0,c1f,d4e,d4a,d4a,d4a,1,1,1,1,1,0,0,0,0,0,1,1,0,0,1,1,1,0,0,1,0,1,0,1,1,0,0,0,1,0,1,0,0,1,0,1,0,1,1,0,0,0,1,0,1,0,0,1,0,1,0,1,1,0,0,0,1,0,1,0,0,1,0,1,0,1,1,0,0
2024,11,5,17:41:26.626,22.62,155,120.2,0.8443,4608.8,3225.4,7.924,0.02,0.02,0.02,0.02,-31.0,344.0,-553.0,12129.0,6882,-8686,56.0,0.0,1579.0,0,0,0,c1f,d4e,d4a,d4a,d4a,1,1,1,1,1,0,0,0,0,0,1,1,0,0,1,1,1,0,0,1,0,1,0,1,1,0,0,0,1,0,1,0,0,1,0,1,0,1,1,0,0,0,1,0,1,0,0,1,0,1,0,1,1,0,0,0,1,0,1,0,0,1,0,1,0,1,1,0,0
2024,11,5,17:41:26.646,22.64,175,120.2,0.8451,4582.8,3199.4,7.925,0.02,0.02,0.02,0.02,-32.0,344.0,-554.0,12129.0,6889,-8697,55.1,0.0,1574.0,0,0,0,c1f,d4e,d4a,d4a,d4a,1,1,1,1,1,0,0,0,0,0,1,1,0,0,1,1,1,0,0,1,0,1,0,1,1,0,0,0,1,0,1,0,0,1,0,1,0,1,1,0,0,0,1,0,1,0,0,1,0,1,0,1,1,0,0,0,1,0,1,0,0,1,0,1,0,1,1,0,0
2024,11,5,17:41:26.666,22.66,195,120.2,0.8451,4582.8,3199.4,7.924,0.02,0.02,0.02,0.02,-34.0,344.0,-554.0,12128.0,6895,-8708,54.3,0.0,1569.0,0,0,0,c1f,d4e,d4a,d4a,d4a,1,1,1,1,1,0,0,0,0,0,1,1,0,0,1,1,1,0,0,1,0,1,0,1,1,0,0,0,1,0,1,0,0,1,0,1,0,1,1,0,0,0,1,0,1,0,0,1,0,1,0,1,1,0,0,0,1,0,1,0,0,1,0,1,0,1,1,0,0
2024,11,5,17:41:26.686,22.68,215,120.2,0.8447,4597.4,3214.0,7.925,0.02,0.02,0.02,0.02,-35.0,344.0,-555.0,12127.0,6902,-8719,53.5,0.0,1563.0,0,0,0,c1f,d4e,d4a,d4a,d4a,1,1,1,1,1,0,0,0,0,0,1,1,0,0,1,1,1,0,0,1,0,1,0,1,1,0,0,0,1,0,1,0,0,1,0,1,0,1,1,0,0,0,1,0,1,0,0,1,0,1,0,1,1,0,0,0,1,0,1,0,0,1,0,1,0,1,1,0,0
2024,11,5,17:41:26.706,22.70,235,120.2,0.8447,4597.4,3214.0,7.924,0.02,0.02,0.02,0.02,-37.0,344.0,-555.0,12127.0,6909,-8730,52.9,0.0,1558.0,0,0,0,c1f,d4e,d4a,d4a,d4a,1,1,1,1,1,0,0,0,0,0,1,1,0,0,1,1,1,0,0,1,0,1,0,1,1,0,0,0,1,0,1,0,0,1,0,1,0,1,1,0,0,0,1,0,1,0,0,1,0,1,0,1,1,0,0,0,1,0,1,0,0,1,0,1,0,1,1,0,0
2024,11,5,17:41:26.726,22.72,5,120.2,0.8448,4592.3,3208.9,7.924,0.02,0.02,0.02,0.02,-39.0,343.0,-556.0,12126.0,6916,-8742,52.6,0.0,1553.0,0,0,0,c1f,d4e,d4a,d4a,d4a,1,1,1,1,1,0,0,0,0,0,1,1,0,0,1,1,1,0,0,1,0,1,0,1,1,0,0,0,1,0,1,0,0,1,0,1,0,1,1,0,0,0,1,0,1,0,0,1,0,1,0,1,1,0,0,0,1,0,1,0,0,1,0,1,0,1,1,0,0
2024,11,5,17:41:26.746,22.74,25,120.2,0.8448,4592.3,3208.9,7.924,0.02,0.02,0.02,0.02,-40.0,343.0,-556.0,12125.0,6923,-8753,53.0,0.0,1548.0,0,0,0,c1f,d4e,d4a,d4a,d4a,1,1,1,1,1,0,0,0,0,0,1,1,0,0,1,1,1,0,0,1,0,1,0,1,1,0,0,0,1,0,1,0,0,1,0,1,0,1,1,0,0,0,1,0,1,0,0,1,0,1,0,1,1,0,0,0,1,0,1,0,0,1,0,1,0,1,1,0,0
2024,11,5,17:41:26.766,22.76,45,120.2,0.8451,4584.1,3200.7,7.925,0.02,0.02,0.02,0.02,-42.0,343.0,-556.0,12124.0,6930,-8764,53.7,0.0,1543.0,0,0,0,c1f,d4e,d4a,d4a,d4a,1,1,1,1,1,0,0,0,0,0,1,1,0,0,1,1,1,0,0,1,0,1,0,1,1,0,0,0,1,0,1,0,0,1,0,1,0,1,1,0,0,0,1,0,1,0,0,1,0,1,0,1,1,0,0,0,1,0,1,0,0,1,0,1,0,1,1,0,0
2024,11,5,17:41:26.786,22.78,65,120.2,0.8451,4584.7,3201.3,7.925,0.02,0.02,0.02,0.02,-43.0,343.0,-556.0,12123.0,6937,-8775,54.7,0.0,1538.0,0,0,0,c1f,d4e,d4a,d4a,d4a,1,1,1,1,1,0,0,0,0,0,1,1,0,0,1,1,1,0,0,1,0,1,0,1,1,0,0,0,1,0,1,0,0,1,0,1,0,1,1,0,0,0,1,0,1,0,0,1,0,1,0,1,1,0,0,0,1,0,1,0,0,1,0,1,0,1,1,0,0
2024,11,5,17:41:26.806,22.80,85,120.2,0.8450,4586.0,3202.6,7.924,0.02,0.02,0.02,0.02,-44.0,343.0,-557.0,12122.0,6944,-8786,56.0,0.0,1533.0,0,0,0,c1f,d4e,d4a,d4a,d4a,1,1,1,1,1,0,0,0,0,0,1,1,0,0,1,1,1,0,0,1,0,1,0,1,1,0,0,0,1,0,1,0,0,1,0,1,0,1,1,0,0,0,1,0,1,0,0,1,0,1,0,1,1,0,0,0,1,0,1,0,0,1,0,1,0,1,1,0,0
2024,11,5,17:41:26.826,22.82,105,120.2,0.8450,4586.6,3203.2,7.924,0.02,0.02,0.02,0.02,-46.0,343.0,-557.0,12121.0,6950,-8797,57.7,0.0,1528.0,0,0,0,c1f,d4e,d4a,d4a,d4a,1,1,1,1,1,0,0,0,0,0,1,1,0,0,1,1,1,0,0,1,0,1,0,1,1,0,0,0,1,0,1,0,0,1,0,1,0,1,1,0,0,0,1,0,1,0,0,1,0,1,0,1,1,0,0,0,1,0,1,0,0,1,0,1,0,1,1,0,0
2024,11,5,17:41:26.846,22.84,125,120.2,0.8454,4575.2,3191.8,7.924,0.02,0.02,0.02,0.02,-47.0,342.0,-557.0,12121.0,6957,-8808,59.6,0.0,1525.0,0,0,0,c1f,d4e,d4a,d4a,d4a,1,1,1,1,1,0,0,0,0,0,1,1,0,0,1,1,1,0,0,1,0,1,0,1,1,0,0,0,1,0,1,0,0,1,0,1,0,1,1,0,0,0,1,0,1,0,0,1,0,1,0,1,1,0,0,0,1,0,1,0,0,1,0,1,0,1,1,0,0
2024,11,5,17:41:26.866,22.86,145,120.2,0.8454,4575.2,3191.8,7.925,0.02,0.02,0.02,0.02,-49.0,342.0,-557.0,12120.0,6964,-8820,61.6,0.0,1521.0,0,0,0,c1f,d4e,d4a,d4a,d4a,1,1,1,1,1,0,0,0,0,0,1,1,0,0,1,1,1,0,0,1,0,1,0,1,1,0,0,0,1,0,1,0,0,1,0,1,0,1,1,0,0,0,1,0,1,0,0,1,0,1,0,1,1,0,0,0,1,0,1,0,0,1,0,1,0,1,1,0,0
2024,11,5,17:41:26.886,22.88,165,120.2,0.8455,4570.1,3186.7,7.924,0.02,0.02,0.02,0.02,-50.0,342.0,-558.0,12119.0,6971,-8831,63.7,0.0,1518.0,0,0,0,c1f,d4e,d4a,d4a,d4a,1,1,1,1,1,0,0,0,0,0,1,1,0,0,1,1,1,0,0,1,0,1,0,1,1,0,0,0,1,0,1,0,0,1,0,1,0,1,1,0,0,0,1,0,1,0,0,1,0,1,0,1,1,0,0,0,1,0,1,0,0,1,0,1,0,1,1,0,0
2024,11,5,17:41:26.906,22.90,185,120.2,0.8455,4570.1,3186.7,7.924,0.02,0.02,0.02,0.02,-51.0,342.0,-558.0,12118.0,6978,-8842,65.7,0.0,1516.0,0,0,0,c1f,d4e,d4a,d4a,d4a,1,1,1,1,1,0,0,0,0,0,1,1,0,0,1,1,1,0,0,1,0,1,0,1,1,0,0,0,1,0,1,0,0,1,0,1,0,1,1,0,0,0,1,0,1,0,0,1,0,1,0,1,1,0,0,0,1,0,1,0,0,1,0,1,0,1,1,0,0
2024,11,5,17:41:26.926,22.92,205,120.2,0.8457,4563.8,3180.4,7.924,0.02,0.02,0.02,0.02,-53.0,341.0,-558.0,12116.0,6985,-8853,67.6,0.0,1513.0,0,0,0,c1f,d4e,d4a,d4a,d4a,1,1,1,1,1,0,0,0,0,0,1,1,0,0,1,1,1,0,0,1,0,1,0,1,1,0,0,0,1,0,1,0,0,1,0,1,0,1,1,0,0,0,1,0,1,0,0,1,0,1,0,1,1,0,0,0,1,0,1,0,0,1,0,1,0,1,1,0,0
2024,11,5,17:41:26.946,22.94,225,120.2,0.8457,4563.8,3180.4,7.923,0.02,0.02,0.02,0.02,-54.0,341.0,-558.0,12115.0,6991,-8864,69.1,0.0,1511.0,0,0,0,c1f,d4e,d4a,d4a,d4a,1,1,1,1,1,0,0,0,0,0,1,1,0,0,1,1,1,0,0,1,0,1,0,1,1,0,0,0,1,0,1,0,0,1,0,1,0,1,1,0,0,0,1,0,1,0,0,1,0,1,0,1,1,0,0,0,1,0,1,0,0,1,0,1,0,1,1,0,0
2024,11,5,17:41:26.966,22.96,245,120.2,0.8456,4566.9,3183.6,7.922,0.02,0.02,0.02,0.02,-55.0,340.0,-559.0,12114.0,6998,-8875,70.5,0.0,1509.0,0,0,0,c1f,d4e,d4a,d4a,d4a,1,1,1,1,1,0,0,0,0,0,1,1,0,0,1,1,1,0,0,1,0,1,0,1,1,0,0,0,1,0,1,0,0,1,0,1,0,1,1,0,0,0,1,0,1,0,0,1,0,1,0,1,1,0,0,0,1,0,1,0,0,1,0,1,0,1,1,0,0
2024,11,5,17:41:26.986,22.98,15,120.2,0.8456,4566.9,3183.6,7.923,0.02,0.02,0.02,0.02,-56.0,340.0,-559.0,12113.0,7005,-8887,71.5,0.0,1507.0,0,0,0,c1f,d4e,d4a,d4a,d4a,1,1,1,1,1,0,0,0,0,0,1,1,0,0,1,1,1,0,0,1,0,1,0,1,1,0,0,0,1,0,1,0,0,1,0,1,0,1,1,0,0,0,1,0,1,0,0,1,0,1,0,1,1,0,0,0,1,0,1,0,0,1,0,1,0,1,1,0,0
2024,11,5,17:41:27.006,23.00,35,120.2,0.8460,4555.5,3172.1,7.924,0.02,0.02,0.02,0.02,-57.0,340.0,-559.0,12112.0,7012,-8898,72.1,0.0,1506.0,0,0,0,c1f,d4e,d4a,d4a,d4a,1,1,1,1,1,0,0,0,0,0,1,1,0,0,1,1,1,0,0,1,0,1,0,1,1,0,0,0,1,0,1,0,0,1,0,1,0,1,1,0,0,0,1,0,1,0,0,1,0,1,0,1,1,0,0,0,1,0,1,0,0,1,0,1,0,1,1,0,0
2024,11,5,17:41:27.026,23.02,55,120.2,0.8460,4555.5,3172.1,7.924,0.02,0.02,0.02,0.02,-59.0,339.0,-560.0,12111.0,7019,-8909,72.6,0.0,1504.0,0,0,0,c1f,d4e,d4a,d4a,d4a,1,1,1,1,1,0,0,0,0,0,1,1,0,0,1,1,1,0,0,1,0,1,0,1,1,0,0,0,1,0,1,0,0,1,0,1,0,1,1,0,0,0,1,0,1,0,0,1,0,1,0,1,1,0,0,0,1,0,1,0,0,1,0,1,0,1,1,0,0
2024,11,5,17:41:27.046,23.04,75,120.2,0.8456,4568.8,3185.5,7.922,0.02,0.02,0.02,0.02,-60.0,339.0,-560.0,12110.0,7026,-8920,72.9,0.0,1502.0,0,0,0,c1f,d4e,d4a,d4a,d4a,1,1,1,1,1,0,0,0,0,0,1,1,0,0,1,1,1,0,0,1,0,1,0,1,1,0,0,0,1,0,1,0,0,1,0,1,0,1,1,0,0,0,1,0,1,0,0,1,0,1,0,1,1,0,0,0,1,0,1,0,0,1,0,1,0,1,1,0,0
2024,11,5,17:41:27.066,23.06,95,120.2,0.8456,4568.2,3184.8,7.925,0.02,0.02,0.02,0.02,-61.0,339.0,-560.0,12108.0,7032,-8931,73.0,0.0,1501.0,0,0,0,c1f,d4e,d4a,d4a,d4a,1,1,1,1,1,0,0,0,0,0,1,1,0,0,1,1,1,0,0,1,0,1,0,1,1,0,0,0,1,0,1,0,0,1,0,1,0,1,1,0,0,0,1,0,1,0,0,1,0,1,0,1,1,0,0,0,1,0,1,0,0,1,0,1,0,1,1,0,0
2024,11,5,17:41:27.086,23.08,115,120.2,0.8457,4563.8,3180.4,7.923,0.02,0.02,0.02,0.02,-62.0,339.0,-561.0,12107.0,7039,-8943,73.0,0.0,1500.0,0,0,0,c1f,d4e,d4a,d4a,d4a,1,1,1,1,1,0,0,0,0,0,1,1,0,0,1,1,1,0,0,1,0,1,0,1,1,0,0,0,1,0,1,0,0,1,0,1,0,1,1,0,0,0,1,0,1,0,0,1,0,1,0,1,1,0,0,0,1,0,1,0,0,1,0,1,0,1,1,0,0
2024,11,5,17:41:27.106,23.10,135,120.2,0.8457,4563.8,3180.4,7.921,0.02,0.02,0.02,0.02,-63.0,339.0,-561.0,12106.0,7046,-8954,73.0,0.0,1499.0,0,0,0,c1f,d4e,d4a,d4a,d4a,1,1,1,1,1,0,0,0,0,0,1,1,0,0,1,1,1,0,0,1,0,1,0,1,1,0,0,0,1,0,1,0,0,1,0,1,0,1,1,0,0,0,1,0,1,0,0,1,0,1,0,1,1,0,0,0,1,0,1,0,0,1,0,1,0,1,1,0,0
2024,11,5,17:41:27.126,23.12,155,120.2,0.8457,4563.8,3180.4,7.923,0.02,0.02,0.02,0.02,-64.0,339.0,-561.0,12105.0,7053,-8965,72.8,0.0,1499.0,0,0,0,c1f,d4e,d4a,d4a,d4a,1,1,1,1,1,0,0,0,0,0,1,1,0,0,1,1,1,0,0,1,0,1,0,1,1,0,0,0,1,0,1,0,0,1,0,1,0,1,1,0,0,0,1,0,1,0,0,1,0,1,0,1,1,0,0,0,1,0,1,0,0,1,0,1,0,1,1,0,0
2024,11,5,17:41:27.146,23.14,175,120.2,0.8457,4563.8,3180.4,7.925,0.02,0.02,0.02,0.02,-66.0,339.0,-561.0,12103.0,7059,-8976,72.6,0.0,1499.0,0,0,0,c1f,d4e,d4a,d4a,d4a,1,1,1,1,1,0,0,0,0,0,1,1,0,0,1,1,1,0,0,1,0,1,0,1,1,0,0,0,1,0,1,0,0,1,0,1,0,1,1,0,0,0,1,0,1,0,0,1,0,1,0,1,1,0,0,0,1,0,1,0,0,1,0,1,0,1,1,0,0
2024,11,5,17:41:27.166,23.16,195,120.2,0.8457,4565.7,3182.3,7.925,0.02,0.02,0.02,0.02,-67.0,339.0,-561.0,12102.0,7066,-8988,72.1,0.0,1499.0,0,0,0,c1f,d4e,d4a,d4a,d4a,1,1,1,1,1,0,0,0,0,0,1,1,0,0,1,1,1,0,0,1,0,1,0,1,1,0,0,0,1,0,1,0,0,1,0,1,0,1,1,0,0,0,1,0,1,0,0,1,0,1,0,1,1,0,0,0,1,0,1,0,0,1,0,1,0,1,1,0,0
2024,11,5,17:41:27.186,23.18,215,120.2,0.8457,4565.7,3182.3,7.924,0.02,0.02,0.02,0.02,-68.0,339.0,-561.0,12101.0,7073,-8999,71.1,0.0,1500.0,0,0,0,c1f,d4e,d4a,d4a,d4a,1,1,1,1,1,0,0,0,0,0,1,1,0,0,1,1,1,0,0,1,0,1,0,1,1,0,0,0,1,0,1,0,0,1,0,1,0,1,1,0,0,0,1,0,1,0,0,1,0,1,0,1,1,0,0,0,1,0,1,0,0,1,0,1,0,1,1,0,0
2024,11,5,17:41:27.206,23.20,235,120.2,0.8456,4566.9,3183.6,7.924,0.02,0.02,0.02,0.02,-69.0,339.0,-561.0,12099.0,7080,-9010,69.7,0.0,1502.0,0,0,0,c1f,d4e,d4a,d4a,d4a,1,1,1,1,1,0,0,0,0,0,1,1,0,0,1,1,1,0,0,1,0,1,0,1,1,0,0,0,1,0,1,0,0,1,0,1,0,1,1,0,0,0,1,0,1,0,0,1,0,1,0,1,1,0,0,0,1,0,1,0,0,1,0,1,0,1,1,0,0
2024,11,5,17:41:27.226,23.22,5,120.2,0.8456,4567.6,3184.2,7.923,0.02,0.02,0.02,0.02,-70.0,339.0,-561.0,12098.0,7087,-9021,67.9,0.0,1504.0,0,0,0,c1f,d4e,d4a,d4a,d4a,1,1,1,1,1,0,0,0,0,0,1,1,0,0,1,1,1,0,0,1,0,1,0,1,1,0,0,0,1,0,1,0,0,1,0,1,0,1,1,0,0,0,1,0,1,0,0,1,0,1,0,1,1,0,0,0,1,0,1,0,0,1,0,1,0,1,1,0,0
2024,11,5,17:41:27.246,23.24,25,120.2,0.8455,4570.7,3187.4,7.923,0.02,0.02,0.02,0.02,-71.0,339.0,-562.0,12096.0,7093,-9032,65.4,0.0,1507.0,0,0,0,c1f,d4e,d4a,d4a,d4a,1,1,1,1,1,0,0,0,0,0,1,1,0,0,1,1,1,0,0,1,0,1,0,1,1,0,0,0,1,0,1,0,0,1,0,1,0,1,1,0,0,0,1,0,1,0,0,1,0,1,0,1,1,0,0,0,1,0,1,0,0,1,0,1,0,1,1,0,0
2024,11,5,17:41:27.266,23.26,45,120.2,0.8455,4570.7,3187.4,7.924,0.02,0.02,0.02,0.02,-72.0,339.0,-562.0,12095.0,7100,-9044,62.1,0.0,1510.0,0,0,0,c1f,d4e,d4a,d4a,d4a,1,1,1,1,1,0,0,0,0,0,1,1,0,0,1,1,1,0,0,1,0,1,0,1,1,0,0,0,1,0,1,0,0,1,0,1,0,1,1,0,0,0,1,0,1,0,0,1,0,1,0,1,1,0,0,0,1,0,1,0,0,1,0,1,0,1,1,0,0
2024,11,5,17:41:27.286,23.28,65,120.2,0.8457,4564.4,3181.0,7.924,0.02,0.02,0.02,0.02,-72.0,339.0,-562.0,12094.0,7107,-9055,58.4,0.0,1514.0,0,0,0,c1f,d4e,d4a,d4a,d4a,1,1,1,1,1,0,0,0,0,0,1,1,0,0,1,1,1,0,0,1,0,1,0,1,1,0,0,0,1,0,1,0,0,1,0,1,0,1,1,0,0,0,1,0,1,0,0,1,0,1,0,1,1,0,0,0,1,0,1,0,0,1,0,1,0,1,1,0,0
2024,11,5,17:41:27.306,23.30,85,120.2,0.8457,4564.4,3181.0,7.924,0.02,0.02,0.02,0.02,-73.0,339.0,-562.0,12092.0,7114,-9066,54.0,0.0,1518.0,0,0,0,c1f,d4e,d4a,d4a,d4a,1,1,1,1,1,0,0,0,0,0,1,1,0,0,1,1,1,0,0,1,0,1,0,1,1,0,0,0,1,0,1,0,0,1,0,1,0,1,1,0,0,0,1,0,1,0,0,1,0,1,0,1,1,0,0,0,1,0,1,0,0,1,0,1,0,1,1,0,0
2024,11,5,17:41:27.326,23.32,105,120.2,0.8460,4554.3,3170.9,7.924,0.02,0.02,0.02,0.02,-74.0,340.0,-562.0,12091.0,7121,-9077,49.3,0.0,1522.0,0,0,0,c1f,d4e,d4a,d4a,d4a,1,1,1,1,1,0,0,0,0,0,1,1,0,0,1,1,1,0,0,1,0,1,0,1,1,0,0,0,1,0,1,0,0,1,0,1,0,1,1,0,0,0,1,0,1,0,0,1,0,1,0,1,1,0,0,0,1,0,1,0,0,1,0,1,0,1,1,0,0
2024,11,5,17:41:27.346,23.34,125,120.2,0.8460,4554.9,3171.5,7.925,0.02,0.02,0.02,0.02,-75.0,340.0,-563.0,12089.0,7127,-9089,44.2,0.0,1526.0,0,0,0,c1f,d4e,d4a,d4a,d4a,1,1,1,1,1,0,0,0,0,0,1,1,0,0,1,1,1,0,0,1,0,1,0,1,1,0,0,0,1,0,1,0,0,1,0,1,0,1,1,0,0,0,1,0,1,0,0,1,0,1,0,1,1,0,0,0,1,0,1,0,0,1,0,1,0,1,1,0,0
2024,11,5,17:41:27.366,23.36,145,120.2,0.8469,4526.4,3143.0,7.923,0.02,0.02,0.02,0.02,-76.0,340.0,-563.0,12088.0,7134,-9100,38.7,0.0,1530.0,0,0,0,c1f,d4e,d4a,d4a,d4a,1,1,1,1,1,0,0,0,0,0,1,1,0,0,1,1,1,0,0,1,0,1,0,1,1,0,0,0,1,0,1,0,0,1,0,1,0,1,1,0,0,0,1,0,1,0,0,1,0,1,0,1,1,0,0,0,1,0,1,0,0,1,0,1,0,1,1,0,0
2024,11,5,17:41:27.386,23.38,165,120.2,0.8469,4526.4,3143.0,7.924,0.02,0.02,0.02,0.02,-78.0,340.0,-563.0,12086.0,7141,-9111,32.9,0.0,1534.0,0,0,0,c1f,d4e,d4a,d4a,d4a,1,1,1,1,1,0,0,0,0,0,1,1,0,0,1,1,1,0,0,1,0,1,0,1,1,0,0,0,1,0,1,0,0,1,0,1,0,1,1,0,0,0,1,0,1,0,0,1,0,1,0,1,1,0,0,0,1,0,1,0,0,1,0,1,0,1,1,0,0
2024,11,5,17:41:27.406,23.40,185,120.2,0.8474,4511.2,3127.8,7.924,0.02,0.02,0.02,0.02,-79.0,341.0,-563.0,12084.0,7148,-9123,27.1,0.0,1538.0,0,0,0,c1f,d4e,d4a,d4a,d4a,1,1,1,1,1,0,0,0,0,0,1,1,0,0,1,1,1,0,0,1,0,1,0,1,1,0,0,0,1,0,1,0,0,1,0,1,0,1,1,0,0,0,1,0,1,0,0,1,0,1,0,1,1,0,0,0,1,0,1,0,0,1,0,1,0,1,1,0,0
2024,11,5,17:41:27.426,23.42,205,120.2,0.8474,4511.2,3127.8,7.923,0.02,0.02,0.02,0.02,-80.0,341.0,-563.0,12083.0,7155,-9134,21.8,0.0,1542.0,0,0,0,c1f,d4e,d4a,d4a,d4a,1,1,1,1,1,0,0,0,0,0,1,1,0,0,1,1,1,0,0,1,0,1,0,1,1,0,0,0,1,0,1,0,0,1,0,1,0,1,1,0,0,0,1,0,1,0,0,1,0,1,0,1,1,0,0,0,1,0,1,0,0,1,0,1,0,1,1,0,0
2024,11,5,17:41:27.446,23.44,225,120.2,0.8482,4486.5,3103.1,7.923,0.02,0.02,0.02,0.02,-82.0,341.0,-563.0,12081.0,7162,-9145,18.1,0.0,1546.0,0,0,0,c1f,d4e,d4a,d4a,d4a,1,1,1,1,1,0,0,0,0,0,1,1,0,0,1,1,1,0,0,1,0,1,0,1,1,0,0,0,1,0,1,0,0,1,0,1,0,1,1,0,0,0,1,0,1,0,0,1,0,1,0,1,1,0,0,0,1,0,1,0,0,1,0,1,0,1,1,0,0
2024,11,5,17:41:27.466,23.46,245,120.2,0.8482,4486.5,3103.1,7.925,0.02,0.02,0.02,0.02,-83.0,341.0,-563.0,12080.0,7168,-9156,17.6,0.0,1550.0,0,0,0,c1f,d4e,d4a,d4a,d4a,1,1,1,1,1,0,0,0,0,0,1,1,0,0,1,1,1,0,0,1,0,1,0,1,1,0,0,0,1,0,1,0,0,1,0,1,0,1,1,0,0,0,1,0,1,0,0,1,0,1,0,1,1,0,0,0,1,0,1,0,0,1,0,1,0,1,1,0,0
2024,11,5,17:41:27.486,23.48,15,120.2,0.8489,4461.9,3078.5,7.923,0.02,0.02,0.02,0.02,-84.0,340.0,-564.0,12078.0,7175,-9168,19.3,0.0,1554.0,0,0,0,c1f,d4e,d4a,d4a,d4a,1,1,1,1,1,0,0,0,0,0,1,1,0,0,1,1,1,0,0,1,0,1,0,1,1,0,0,0,1,0,1,0,0,1,0,1,0,1,1,0,0,0,1,0,1,0,0,1,0,1,0,1,1,0,0,0,1,0,1,0,0,1,0,1,0,1,1,0,0
2024,11,5,17:41:27.506,23.50,35,120.2,0.8489,4462.5,3079.1,7.924,0.02,0.02,0.02,0.02,-84.0,339.0,-565.0,12076.0,7182,-9179,20.4,0.0,1557.0,0,0,0,c1f,d4e,d4a,d4a,d4a,1,1,1,1,1,0,0,0,0,0,1,1,0,0,1,1,1,0,0,1,0,1,0,1,1,0,0,0,1,0,1,0,0,1,0,1,0,1,1,0,0,0,1,0,1,0,0,1,0,1,0,1,1,0,0,0,1,0,1,0,0,1,0,1,0,1,1,0,0
2024,11,5,17:41:27.526,23.52,55,120.2,0.8490,4458.7,3075.3,7.924,0.02,0.02,0.02,0.02,-86.0,339.0,-565.0,12075.0,7189,-9190,20.8,0.0,1560.0,0,0,0,c1f,d4e,d4a,d4a,d4a,1,1,1,1,1,0,0,0,0,0,1,1,0,0,1,1,1,0,0,1,0,1,0,1,1,0,0,0,1,0,1,0,0,1,0,1,0,1,1,0,0,0,1,0,1,0,0,1,0,1,0,1,1,0,0,0,1,0,1,0,0,1,0,1,0,1,1,0,0
2024,11,5,17:41:27.546,23.54,75,120.2,0.8490,4459.3,3076.0,7.924,0.02,0.02,0.02,0.02,-87.0,339.0,-565.0,12073.0,7196,-9202,21.4,0.0,1563.0,0,0,0,c1f,d4e,d4a,d4a,d4a,1,1,1,1,1,0,0,0,0,0,1,1,0,0,1,1,1,0,0,1,0,1,0,1,1,0,0,0,1,0,1,0,0,1,0,1,0,1,1,0,0,0,1,0,1,0,0,1,0,1,0,1,1,0,0,0,1,0,1,0,0,1,0,1,0,1,1,0,0
2024,11,5,17:41:27.566,23.56,95,120.2,0.8491,4456.2,3072.8,7.925,0.02,0.02,0.02,0.02,-88.0,339.0,-565.0,12071.0,7202,-9213,22.1,0.0,1566.0,0,0,0,c1f,d4e,d4a,d4a,d4a,1,1,1,1,1,0,0,0,0,0,1,1,0,0,1,1,1,0,0,1,0,1,0,1,1,0,0,0,1,0,1,0,0,1,0,1,0,1,1,0,0,0,1,0,1,0,0,1,0,1,0,1,1,0,0,0,1,0,1,0,0,1,0,1,0,1,1,0,0
2024,11,5,17:41:27.586,23.58,115,120.2,0.8491,4455.6,3072.2,7.924,0.02,0.02,0.02,0.02,-89.0,339.0,-566.0,12069.0,7209,-9224,23.0,0.0,1568.0,0,0,0,c1f,d4e,d4a,d4a,d4a,1,1,1,1,1,0,0,0,0,0,1,1,0,0,1,1,1,0,0,1,0,1,0,1,1,0,0,0,1,0,1,0,0,1,0,1,0,1,1,0,0,0,1,0,1,0,0,1,0,1,0,1,1,0,0,0,1,0,1,0,0,1,0,1,0,1,1,0,0
2024,11,5,17:41:27.606,23.60,135,120.2,0.8491,4457.5,3074.1,7.924,0.02,0.02,0.02,0.02,-90.0,338.0,-566.0,12067.0,7216,-9235,23.6,0.0,1571.0,0,0,0,c1f,d4e,d4a,d4a,d4a,1,1,1,1,1,0,0,0,0,0,1,1,0,0,1,1,1,0,0,1,0,1,0,1,1,0,0,0,1,0,1,0,0,1,0,1,0,1,1,0,0,0,1,0,1,0,0,1,0,1,0,1,1,0,0,0,1,0,1,0,0,1,0,1,0,1,1,0,0
2024,11,5,17:41:27.626,23.62,155,120.2,0.8491,4457.5,3074.1,7.925,0.02,0.02,0.02,0.02,-91.0,338.0,-566.0,12066.0,7223,-9247,23.6,0.0,1573.0,0,0,0,c1f,d4e,d4a,d4a,d4a,1,1,1,1,1,0,0,0,0,0,1,1,0,0,1,1,1,0,0,1,0,1,0,1,1,0,0,0,1,0,1,0,0,1,0,1,0,1,1,0,0,0,1,0,1,0,0,1,0,1,0,1,1,0,0,0,1,0,1,0,0,1,0,1,0,1,1,0,0
2024,11,5,17:41:27.646,23.64,175,120.2,0.8489,4463.8,3080.4,7.923,0.02,0.02,0.02,0.02,-93.0,338.0,-567.0,12064.0,7229,-9258,23.3,0.0,1575.0,0,0,0,c1f,d4e,d4a,d4a,d4a,1,1,1,1,1,0,0,0,0,0,1,1,0,0,1,1,1,0,0,1,0,1,0,1,1,0,0,0,1,0,1,0,0,1,0,1,0,1,1,0,0,0,1,0,1,0,0,1,0,1,0,1,1,0,0,0,1,0,1,0,0,1,0,1,0,1,1,0,0
2024,11,5,17:41:27.666,23.66,195,120.2,0.8489,4464.4,3081.0,7.925,0.02,0.02,0.02,0.02,-94.0,338.0,-567.0,12062.0,7236,-9270,22.7,0.0,1576.0,0,0,0,c1f,d4e,d4a,d4a,d4a,1,1,1,1,1,0,0,0,0,0,1,1,0,0,1,1,1,0,0,1,0,1,0,1,1,0,0,0,1,0,1,0,0,1,0,1,0,1,1,0,0,0,1,0,1,0,0,1,0,1,0,1,1,0,0,0,1,0,1,0,0,1,0,1,0,1,1,0,0
2024,11,5,17:41:27.686,23.68,215,120.2,0.8489,4464.4,3081.0,7.924,0.02,0.02,0.02,0.02,-95.0,338.0,-567.0,12060.0,7243,-9281,21.9,0.0,1578.0,0,0,0,c1f,d4e,d4a,d4a,d4a,1,1,1,1,1,0,0,0,0,0,1,1,0,0,1,1,1,0,0,1,0,1,0,1,1,0,0,0,1,0,1,0,0,1,0,1,0,1,1,0,0,0,1,0,1,0,0,1,0,1,0,1,1,0,0,0,1,0,1,0,0,1,0,1,0,1,1,0,0
2024,11,5,17:41:27.706,23.70,235,120.2,0.8489,4463.8,3080.4,7.924,0.02,0.02,0.02,0.02,-96.0,338.0,-567.0,12058.0,7250,-9292,20.9,0.0,1579.0,0,0,0,c1f,d4e,d4a,d4a,d4a,1,1,1,1,1,0,0,0,0,0,1,1,0,0,1,1,1,0,0,1,0,1,0,1,1,0,0,0,1,0,1,0,0,1,0,1,0,1,1,0,0,0,1,0,1,0,0,1,0,1,0,1,1,0,0,0,1,0,1,0,0,1,0,1,0,1,1,0,0
2024,11,5,17:41:27.726,23.72,5,120.2,0.8489,4462.5,3079.1,7.924,0.02,0.02,0.02,0.02,-97.0,338.0,-567.0,12056.0,7257,-9304,19.6,0.0,1580.0,0,0,0,c1f,d4e,d4a,d4a,d4a,1,1,1,1,1,0,0,0,0,0,1,1,0,0,1,1,1,0,0,1,0,1,0,1,1,0,0,0,1,0,1,0,0,1,0,1,0,1,1,0,0,0,1,0,1,0,0,1,0,1,0,1,1,0,0,0,1,0,1,0,0,1,0,1,0,1,1,0,0
2024,11,5,17:41:27.746,23.74,25,120.2,0.8489,4462.5,3079.1,7.926,0.02,0.02,0.02,0.02,-99.0,338.0,-568.0,12054.0,7263,-9315,18.2,0.0,1580.0,0,0,0,c1f,d4e,d4a,d4a,d4a,1,1,1,1,1,0,0,0,0,0,1,1,0,0,1,1,1,0,0,1,0,1,0,1,1,0,0,0,1,0,1,0,0,1,0,1,0,1,1,0,0,0,1,0,1,0,0,1,0,1,0,1,1,0,0,0,1,0,1,0,0,1,0,1,0,1,1,0,0
2024,11,5,17:41:27.766,23.76,45,120.2,0.8488,4465.7,3082.3,7.924,0.02,0.02,0.02,0.02,-100.0,338.0,-568.0,12052.0,7270,-9326,16.5,0.0,1581.0,0,0,0,c1f,d4e,d4a,d4a,d4a,1,1,1,1,1,0,0,0,0,0,1,1,0,0,1,1,1,0,0,1,0,1,0,1,1,0,0,0,1,0,1,0,0,1,0,1,0,1,1,0,0,0,1,0,1,0,0,1,0,1,0,1,1,0,0,0,1,0,1,0,0,1,0,1,0,1,1,0,0
2024,11,5,17:41:27.786,23.78,65,120.2,0.8488,4466.3,3082.9,7.925,0.02,0.02,0.02,0.02,-101.0,338.0,-568.0,12050.0,7277,-9338,14.5,0.0,1581.0,0,0,0,c1f,d4e,d4a,d4a,d4a,1,1,1,1,1,0,0,0,0,0,1,1,0,0,1,1,1,0,0,1,0,1,0,1,1,0,0,0,1,0,1,0,0,1,0,1,0,1,1,0,0,0,1,0,1,0,0,1,0,1,0,1,1,0,0,0,1,0,1,0,0,1,0,1,0,1,1,0,0
2024,11,5,17:41:27.806,23.80,85,120.2,0.8492,4454.3,3070.9,7.925,0.02,0.02,0.02,0.02,-102.0,338.0,-568.0,12048.0,7284,-9349,12.4,0.0,1581.0,0,0,0,c1f,d4e,d4a,d4a,d4e,1,1,1,1,1,0,0,0,0,0,1,1,0,0,1,1,1,0,0,1,0,1,0,1,1,0,0,0,1,0,1,0,0,1,0,1,0,1,1,0,0,0,1,0,1,0,0,1,0,1,0,1,1,0,0,0,1,1,1,0,0,1,0,1,0,1,1,0,0
2024,11,5,17:41:27.826,23.82,105,120.2,0.8492,4454.3,3070.9,7.924,0.02,0.02,0.02,0.02,-103.0,337.0,-569.0,12046.0,7290,-9360,10.2,0.0,1581.0,0,0,0,c1f,d4e,d4a,d4a,d4e,1,1,1,1,1,0,0,0,0,0,1,1,0,0,1,1,1,0,0,1,0,1,0,1,1,0,0,0,1,0,1,0,0,1,0,1,0,1,1,0,0,0,1,0,1,0,0,1,0,1,0,1,1,0,0,0,1,1,1,0,0,1,0,1,0,1,1,0,0
2024,11,5,17:41:27.846,23.84,125,120.2,0.8496,4442.3,3058.9,7.923,0.02,0.02,0.02,0.02,-105.0,337.0,-569.0,12044.0,7297,-9372,7.9,0.0,1580.0,0,0,0,c1f,d46,d42,d42,d46,1,1,1,1,1,0,0,0,0,0,1,1,0,0,1,1,0,0,0,1,0,1,0,1,1,0,0,0,1,0,0,0,0,1,0,1,0,1,1,0,0,0,1,0,0,0,0,1,0,1,0,1,1,0,0,0,1,1,0,0,0,1,0,1,0,1,1,0,0
2024,11,5,17:41:27.866,23.86,145,120.2,0.8496,4442.3,3058.9,7.925,0.02,0.02,0.02,0.02,-106.0,338.0,-569.0,12042.0,7304,-9383,5.8,0.0,1580.0,0,0,0,c1f,d46,d42,d42,d46,1,1,1,1,1,0,0,0,0,0,1,1,0,0,1,1,0,0,0,1,0,1,0,1,1,0,0,0,1,0,0,0,0,1,0,1,0,1,1,0,0,0,1,0,0,0,0,1,0,1,0,1,1,0,0,0,1,1,0,0,0,1,0,1,0,1,1,0,0
2024,11,5,17:41:27.886,23.88,165,120.2,0.8492,4452.4,3069.0,7.924,0.02,0.02,0.02,0.02,-107.0,337.0,-570.0,12040.0,7311,-9395,4.3,0.0,1579.0,0,0,0,c1f,d46,d46,d46,d46,1,1,1,1,1,0,0,0,0,0,1,1,0,0,1,1,0,0,0,1,0,1,0,1,1,0,0,0,1,1,0,0,0,1,0,1,0,1,1,0,0,0,1,1,0,0,0,1,0,1,0,1,1,0,0,0,1,1,0,0,0,1,0,1,0,1,1,0,0
2024,11,5,17:41:27.906,23.90,185,120.2,0.8492,4452.4,3069.0,7.923,0.02,0.02,0.02,0.02,-108.0,337.0,-570.0,12037.0,7317,-9406,4.2,0.0,1578.0,0,0,0,c1f,d46,d46,d46,d46,1,1,1,1,1,0,0,0,0,0,1,1,0,0,1,1,0,0,0,1,0,1,0,1,1,0,0,0,1,1,0,0,0,1,0,1,0,1,1,0,0,0,1,1,0,0,0,1,0,1,0,1,1,0,0,0,1,1,0,0,0,1,0,1,0,1,1,0,0
2024,11,5,17:41:27.926,23.92,205,120.2,0.8493,4449.2,3065.9,7.925,0.02,0.02,0.02,0.02,-110.0,337.0,-571.0,12035.0,7324,-9417,5.8,0.0,1577.0,0,0,0,c1f,d46,d46,d46,d46,1,1,1,1,1,0,0,0,0,0,1,1,0,0,1,1,0,0,0,1,0,1,0,1,1,0,0,0,1,1,0,0,0,1,0,1,0,1,1,0,0,0,1,1,0,0,0,1,0,1,0,1,1,0,0,0,1,1,0,0,0,1,0,1,0,1,1,0,0
2024,11,5,17:41:27.946,23.94,225,120.2,0.8493,4449.2,3065.9,7.926,0.02,0.02,0.02,0.02,-111.0,337.0,-571.0,12033.0,7331,-9429,8.4,0.0,1577.0,0,0,0,c1f,d46,d46,d46,d46,1,1,1,1,1,0,0,0,0,0,1,1,0,0,1,1,0,0,0,1,0,1,0,1,1,0,0,0,1,1,0,0,0,1,0,1,0,1,1,0,0,0,1,1,0,0,0,1,0,1,0,1,1,0,0,0,1,1,0,0,0,1,0,1,0,1,1,0,0
2024,11,5,17:41:27.966,23.96,245,120.2,0.8493,4449.2,3065.9,7.924,0.02,0.02,0.02,0.02,-112.0,337.0,-571.0,12031.0,7338,-9440,11.5,0.0,1576.0,0,0,0,c1f,d46,d42,d42,d46,1,1,1,1,1,0,0,0,0,0,1,1,0,0,1,1,0,0,0,1,0,1,0,1,1,0,0,0,1,0,0,0,0,1,0,1,0,1,1,0,0,0,1,0,0,0,0,1,0,1,0,1,1,0,0,0,1,1,0,0,0,1,0,1,0,1,1,0,0
2024,11,5,17:41:27.986,23.98,15,120.2,0.8493,4449.2,3065.9,7.924,0.02,0.02,0.02,0.02,-113.0,337.0,-572.0,12029.0,7344,-9452,14.7,0.0,1575.0,0,0,0,c1f,d46,d42,d42,d46,1,1,1,1,1,0,0,0,0,0,1,1,0,0,1,1,0,0,0,1,0,1,0,1,1,0,0,0,1,0,0,0,0,1,0,1,0,1,1,0,0,0,1,0,0,0,0,1,0,1,0,1,1,0,0,0,1,1,0,0,0,1,0,1,0,1,1,0,0
2024,11,5,17:41:28.006,24.00,35,120.2,0.8489,4462.5,3079.1,7.925,0.02,0.02,0.02,0.02,-115.0,337.0,-572.0,12026.0,7351,-9463,17.8,0.0,1574.0,0,0,0,c1f,d4e,d4a,d4a,d4e,1,1,1,1,1,0,0,0,0,0,1,1,0,0,1,1,1,0,0,1,0,1,0,1,1,0,0,0,1,0,1,0,0,1,0,1,0,1,1,0,0,0,1,0,1,0,0,1,0,1,0,1,1,0,0,0,1,1,1,0,0,1,0,1,0,1,1,0,0
2024,11,5,17:41:28.026,24.02,55,120.2,0.8489,4462.5,3079.1,7.924,0.02,0.02,0.02,0.02,-116.0,337.0,-573.0,12024.0,7358,-9475,21.0,0.0,1573.0,0,0,0,c1f,d4e,d4a,d4a,d4a,1,1,1,1,1,0,0,0,0,0,1,1,0,0,1,1,1,0,0,1,0,1,0,1,1,0,0,0,1,0,1,0,0,1,0,1,0,1,1,0,0,0,1,0,1,0,0,1,0,1,0,1,1,0,0,0,1,0,1,0,0,1,0,1,0,1,1,0,0
2024,11,5,17:41:28.046,24.04,75,120.2,0.8490,4460.6,3077.2,7.924,0.02,0.02,0.02,0.02,-117.0,337.0,-574.0,12022.0,7365,-9486,24.3,0.0,1573.0,0,0,0,c1f,d4e,d4a,d4a,d4a,1,1,1,1,1,0,0,0,0,0,1,1,0,0,1,1,1,0,0,1,0,1,0,1,1,0,0,0,1,0,1,0,0,1,0,1,0,1,1,0,0,0,1,0,1,0,0,1,0,1,0,1,1,0,0,0,1,0,1,0,0,1,0,1,0,1,1,0,0
2024,11,5,17:41:28.066,24.06,95,120.2,0.8490,4460.6,3077.2,7.924,0.02,0.02,0.02,0.02,-118.0,338.0,-574.0,12019.0,7371,-9498,27.3,0.0,1572.0,0,0,0,c1f,d4e,d4a,d4a,d4a,1,1,1,1,1,0,0,0,0,0,1,1,0,0,1,1,1,0,0,1,0,1,0,1,1,0,0,0,1,0,1,0,0,1,0,1,0,1,1,0,0,0,1,0,1,0,0,1,0,1,0,1,1,0,0,0,1,0,1,0,0,1,0,1,0,1,1,0,0
2024,11,5,17:41:28.086,24.08,115,120.2,0.8484,4478.3,3094.9,7.925,0.02,0.02,0.02,0.02,-120.0,338.0,-575.0,12017.0,7378,-9509,30.0,0.0,1572.0,0,0,0,c1f,d4e,d4a,d4a,d4a,1,1,1,1,1,0,0,0,0,0,1,1,0,0,1,1,1,0,0,1,0,1,0,1,1,0,0,0,1,0,1,0,0,1,0,1,0,1,1,0,0,0,1,0,1,0,0,1,0,1,0,1,1,0,0,0,1,0,1,0,0,1,0,1,0,1,1,0,0
2024,11,5,17:41:28.106,24.10,135,120.2,0.8484,4478.9,3095.6,7.925,0.02,0.02,0.02,0.02,-121.0,338.0,-575.0,12014.0,7385,-9521,32.4,0.0,1571.0,0,0,0,c1f,d4e,d4a,d4a,d4a,1,1,1,1,1,0,0,0,0,0,1,1,0,0,1,1,1,0,0,1,0,1,0,1,1,0,0,0,1,0,1,0,0,1,0,1,0,1,1,0,0,0,1,0,1,0,0,1,0,1,0,1,1,0,0,0,1,0,1,0,0,1,0,1,0,1,1,0,0
2024,11,5,17:41:28.126,24.12,155,120.2,0.8484,4480.2,3096.8,7.925,0.02,0.02,0.02,0.02,-122.0,338.0,-576.0,12012.0,7392,-9532,34.7,0.0,1571.0,0,0,0,c1f,d4e,d4a,d4a,d4a,1,1,1,1,1,0,0,0,0,0,1,1,0,0,1,1,1,0,0,1,0,1,0,1,1,0,0,0,1,0,1,0,0,1,0,1,0,1,1,0,0,0,1,0,1,0,0,1,0,1,0,1,1,0,0,0,1,0,1,0,0,1,0,1,0,1,1,0,0
2024,11,5,17:41:28.146,24.14,175,120.2,0.8483,4480.8,3097.5,7.925,0.02,0.02,0.02,0.02,-123.0,338.0,-576.0,12010.0,7399,-9544,37.0,0.0,1570.0,0,0,0,c1f,d4e,d4a,d4a,d4a,1,1,1,1,1,0,0,0,0,0,1,1,0,0,1,1,1,0,0,1,0,1,0,1,1,0,0,0,1,0,1,0,0,1,0,1,0,1,1,0,0,0,1,0,1,0,0,1,0,1,0,1,1,0,0,0,1,0,1,0,0,1,0,1,0,1,1,0,0
2024,11,5,17:41:28.166,24.16,195,120.2,0.8483,4482.1,3098.7,7.925,0.02,0.02,0.02,0.02,-125.0,338.0,-577.0,12007.0,7405,-9555,39.1,0.0,1570.0,0,0,0,c1f,d4e,d4a,d4a,d4a,1,1,1,1,1,0,0,0,0,0,1,1,0,0,1,1,1,0,0,1,0,1,0,1,1,0,0,0,1,0,1,0,0,1,0,1,0,1,1,0,0,0,1,0,1,0,0,1,0,1,0,1,1,0,0,0,1,0,1,0,0,1,0,1,0,1,1,0,0
2024,11,5,17:41:28.186,24.18,215,120.2,0.8483,4482.1,3098.7,7.924,0.02,0.02,0.02,0.02,-126.0,338.0,-577.0,12005.0,7412,-9567,41.0,0.0,1570.0,0,0,0,c1f,d4e,d4a,d4a,d4a,1,1,1,1,1,0,0,0,0,0,1,1,0,0,1,1,1,0,0,1,0,1,0,1,1,0,0,0,1,0,1,0,0,1,0,1,0,1,1,0,0,0,1,0,1,0,0,1,0,1,0,1,1,0,0,0,1,0,1,0,0,1,0,1,0,1,1,0,0
2024,11,5,17:41:28.206,24.20,235,120.2,0.8487,4468.8,3085.4,7.925,0.02,0.02,0.02,0.02,-127.0,338.0,-577.0,12002.0,7419,-9578,42.4,0.0,1570.0,0,0,0,c1f,d4e,d4a,d4a,d4a,1,1,1,1,1,0,0,0,0,0,1,1,0,0,1,1,1,0,0,1,0,1,0,1,1,0,0,0,1,0,1,0,0,1,0,1,0,1,1,0,0,0,1,0,1,0,0,1,0,1,0,1,1,0,0,0,1,0,1,0,0,1,0,1,0,1,1,0,0
2024,11,5,17:41:28.226,24.22,5,120.2,0.8487,4468.8,3085.4,7.925,0.02,0.02,0.02,0.02,-128.0,338.0,-578.0,11999.0,7426,-9590,43.1,0.0,1570.0,0,0,0,c1f,d4e,d4a,d4a,d4a,1,1,1,1,1,0,0,0,0,0,1,1,0,0,1,1,1,0,0,1,0,1,0,1,1,0,0,0,1,0,1,0,0,1,0,1,0,1,1,0,0,0,1,0,1,0,0,1,0,1,0,1,1,0,0,0,1,0,1,0,0,1,0,1,0,1,1,0,0
2024,11,5,17:41:28.246,24.24,25,120.2,0.8486,4472.0,3088.6,7.926,0.02,0.02,0.02,0.02,-129.0,338.0,-578.0,11997.0,7432,-9601,43.2,0.0,1570.0,0,0,0,c1f,d4e,d4a,d4a,d4a,1,1,1,1,1,0,0,0,0,0,1,1,0,0,1,1,1,0,0,1,0,1,0,1,1,0,0,0,1,0,1,0,0,1,0,1,0,1,1,0,0,0,1,0,1,0,0,1,0,1,0,1,1,0,0,0,1,0,1,0,0,1,0,1,0,1,1,0,0
2024,11,5,17:41:28.266,24.26,45,120.2,0.8486,4472.6,3089.2,7.925,0.02,0.02,0.02,0.02,-130.0,338.0,-578.0,11994.0,7439,-9613,42.6,0.0,1570.0,0,0,0,c1f,d4e,d4a,d4a,d4a,1,1,1,1,1,0,0,0,0,0,1,1,0,0,1,1,1,0,0,1,0,1,0,1,1,0,0,0,1,0,1,0,0,1,0,1,0,1,1,0,0,0,1,0,1,0,0,1,0,1,0,1,1,0,0,0,1,0,1,0,0,1,0,1,0,1,1,0,0
2024,11,5,17:41:28.286,24.28,65,120.2,0.8491,4457.5,3074.1,7.924,0.02,0.02,0.02,0.02,-131.0,338.0,-579.0,11992.0,7446,-9625,41.6,0.0,1570.0,0,0,0,c1f,d4e,d4a,d4a,d4a,1,1,1,1,1,0,0,0,0,0,1,1,0,0,1,1,1,0,0,1,0,1,0,1,1,0,0,0,1,0,1,0,0,1,0,1,0,1,1,0,0,0,1,0,1,0,0,1,0,1,0,1,1,0,0,0,1,0,1,0,0,1,0,1,0,1,1,0,0
2024,11,5,17:41:28.306,24.30,85,120.2,0.8491,4457.5,3074.1,7.924,0.02,0.02,0.02,0.02,-132.0,338.0,-579.0,11989.0,7453,-9636,40.2,0.0,1570.0,0,0,0,c1f,d4e,d4a,d4a,d4a,1,1,1,1,1,0,0,0,0,0,1,1,0,0,1,1,1,0,0,1,0,1,0,1,1,0,0,0,1,0,1,0,0,1,0,1,0,1,1,0,0,0,1,0,1,0,0,1,0,1,0,1,1,0,0,0,1,0,1,0,0,1,0,1,0,1,1,0,0
2024,11,5,17:41:28.326,24.32,105,120.2,0.8487,4468.8,3085.4,7.925,0.02,0.02,0.02,0.02,-133.0,338.0,-579.0,11986.0,7459,-9648,38.3,0.0,1570.0,0,0,0,c1f,d4e,d4a,d4a,d4a,1,1,1,1,1,0,0,0,0,0,1,1,0,0,1,1,1,0,0,1,0,1,0,1,1,0,0,0,1,0,1,0,0,1,0,1,0,1,1,0,0,0,1,0,1,0,0,1,0,1,0,1,1,0,0,0,1,0,1,0,0,1,0,1,0,1,1,0,0
2024,11,5,17:41:28.346,24.34,125,120.2,0.8487,4468.8,3085.4,7.921,0.02,0.02,0.02,0.02,-134.0,338.0,-579.0,11984.0,7466,-9659,36.0,0.0,1570.0,0,0,0,c1f,d4e,d4a,d4a,d4a,1,1,1,1,1,0,0,0,0,0,1,1,0,0,1,1,1,0,0,1,0,1,0,1,1,0,0,0,1,0,1,0,0,1,0,1,0,1,1,0,0,0,1,0,1,0,0,1,0,1,0,1,1,0,0,0,1,0,1,0,0,1,0,1,0,1,1,0,0
2024,11,5,17:41:28.366,24.36,145,120.2,0.8493,4450.5,3067.1,7.925,0.02,0.02,0.02,0.02,-135.0,338.0,-579.0,11981.0,7473,-9671,33.4,0.0,1570.0,0,0,0,c1f,d4e,d4a,d4a,d4a,1,1,1,1,1,0,0,0,0,0,1,1,0,0,1,1,1,0,0,1,0,1,0,1,1,0,0,0,1,0,1,0,0,1,0,1,0,1,1,0,0,0,1,0,1,0,0,1,0,1,0,1,1,0,0,0,1,0,1,0,0,1,0,1,0,1,1,0,0
2024,11,5,17:41:28.386,24.38,165,120.2,0.8493,4450.5,3067.1,7.923,0.02,0.02,0.02,0.02,-137.0,338.0,-580.0,11978.0,7480,-9683,30.5,0.0,1570.0,0,0,0,c1f,d4e,d4a,d4a,d4a,1,1,1,1,1,0,0,0,0,0,1,1,0,0,1,1,1,0,0,1,0,1,0,1,1,0,0,0,1,0,1,0,0,1,0,1,0,1,1,0,0,0,1,0,1,0,0,1,0,1,0,1,1,0,0,0,1,0,1,0,0,1,0,1,0,1,1,0,0
2024,11,5,17:41:28.406,24.40,185,120.2,0.8495,4444.2,3060.8,7.923,0.02,0.02,0.02,0.02,-138.0,338.0,-580.0,11975.0,7486,-9694,27.4,0.0,1571.0,0,0,0,c1f,d4e,d4a,d4a,d4a,1,1,1,1,1,0,0,0,0,0,1,1,0,0,1,1,1,0,0,1,0,1,0,1,1,0,0,0,1,0,1,0,0,1,0,1,0,1,1,0,0,0,1,0,1,0,0,1,0,1,0,1,1,0,0,0,1,0,1,0,0,1,0,1,0,1,1,0,0
2024,11,5,17:41:28.426,24.42,205,120.2,0.8495,4444.2,3060.8,7.925,0.02,0.02,0.02,0.02,-139.0,338.0,-580.0,11973.0,7493,-9706,24.4,0.0,1571.0,0,0,0,c1f,d4e,d4a,d4a,d4a,1,1,1,1,1,0,0,0,0,0,1,1,0,0,1,1,1,0,0,1,0,1,0,1,1,0,0,0,1,0,1,0,0,1,0,1,0,1,1,0,0,0,1,0,1,0,0,1,0,1,0,1,1,0,0,0,1,0,1,0,0,1,0,1,0,1,1,0,0
2024,11,5,17:41:28.446,24.44,225,120.2,0.8500,4429.7,3046.3,7.925,0.02,0.02,0.02,0.02,-140.0,338.0,-581.0,11970.0,7500,-9717,21.5,0.0,1571.0,0,0,0,c1f,d4e,d4a,d4a,d4a,1,1,1,1,1,0,0,0,0,0,1,1,0,0,1,1,1,0,0,1,0,1,0,1,1,0,0,0,1,0,1,0,0,1,0,1,0,1,1,0,0,0,1,0,1,0,0,1,0,1,0,1,1,0,0,0,1,0,1,0,0,1,0,1,0,1,1,0,0
2024,11,5,17:41:28.466,24.46,245,120.2,0.8500,4429.7,3046.3,7.925,0.02,0.02,0.02,0.02,-142.0,338.0,-581.0,11967.0,7507,-9729,18.9,0.0,1572.0,0,0,0,c1f,d4e,d4a,d4a,d4a,1,1,1,1,1,0,0,0,0,0,1,1,0,0,1,1,1,0,0,1,0,1,0,1,1,0,0,0,1,0,1,0,0,1,0,1,0,1,1,0,0,0,1,0,1,0,0,1,0,1,0,1,1,0,0,0,1,0,1,0,0,1,0,1,0,1,1,0,0
2024,11,5,17:41:28.486,24.48,15,120.2,0.8507,4405.1,3021.7,7.924,0.02,0.02,0.02,0.02,-143.0,338.0,-581.0,11964.0,7514,-9741,16.8,0.0,1572.0,0,0,0,c1f,d4e,d4a,d4a,d4a,1,1,1,1,1,0,0,0,0,0,1,1,0,0,1,1,1,0,0,1,0,1,0,1,1,0,0,0,1,0,1,0,0,1,0,1,0,1,1,0,0,0,1,0,1,0,0,1,0,1,0,1,1,0,0,0,1,0,1,0,0,1,0,1,0,1,1,0,0
2024,11,5,17:41:28.506,24.50,35,120.2,0.8507,4405.1,3021.7,7.924,0.02,0.02,0.02,0.02,-145.0,338.0,-582.0,11961.0,7520,-9752,15.1,0.0,1572.0,0,0,0,c1f,d4e,d4a,d4a,d4a,1,1,1,1,1,0,0,0,0,0,1,1,0,0,1,1,1,0,0,1,0,1,0,1,1,0,0,0,1,0,1,0,0,1,0,1,0,1,1,0,0,0,1,0,1,0,0,1,0,1,0,1,1,0,0,0,1,0,1,0,0,1,0,1,0,1,1,0,0
2024,11,5,17:41:28.526,24.52,55,120.2,0.8511,4395.0,3011.6,7.924,0.02,0.02,0.02,0.02,-146.0,338.0,-582.0,11958.0,7527,-9764,14.2,0.0,1572.0,0,0,0,c1f,d4e,d4a,d4a,d4a,1,1,1,1,1,0,0,0,0,0,1,1,0,0,1,1,1,0,0,1,0,1,0,1,1,0,0,0,1,0,1,0,0,1,0,1,0,1,1,0,0,0,1,0,1,0,0,1,0,1,0,1,1,0,0,0,1,0,1,0,0,1,0,1,0,1,1,0,0
2024,11,5,17:41:28.546,24.54,75,120.2,0.8511,4395.0,3011.6,7.924,0.02,0.02,0.02,0.02,-147.0,338.0,-582.0,11955.0,7534,-9776,14.0,0.0,1572.0,0,0,0,c1f,d4e,d4a,d4a,d4e,1,1,1,1,1,0,0,0,0,0,1,1,0,0,1,1,1,0,0,1,0,1,0,1,1,0,0,0,1,0,1,0,0,1,0,1,0,1,1,0,0,0,1,0,1,0,0,1,0,1,0,1,1,0,0,0,1,1,1,0,0,1,0,1,0,1,1,0,0
2024,11,5,17:41:28.566,24.56,95,120.2,0.8519,4367.2,2983.8,7.924,0.02,0.02,0.02,0.02,-149.0,338.0,-582.0,11952.0,7541,-9787,14.6,0.0,1572.0,0,0,0,c1f,d4e,d4a,d4a,d4e,1,1,1,1,1,0,0,0,0,0,1,1,0,0,1,1,1,0,0,1,0,1,0,1,1,0,0,0,1,0,1,0,0,1,0,1,0,1,1,0,0,0,1,0,1,0,0,1,0,1,0,1,1,0,0,0,1,1,1,0,0,1,0,1,0,1,1,0,0
2024,11,5,17:41:28.586,24.58,115,120.2,0.8519,4367.9,2984.5,7.924,0.02,0.02,0.02,0.02,-150.0,338.0,-582.0,11949.0,7547,-9799,15.9,0.0,1572.0,0,0,0,c1f,d4e,d4a,d4a,d4e,1,1,1,1,1,0,0,0,0,0,1,1,0,0,1,1,1,0,0,1,0,1,0,1,1,0,0,0,1,0,1,0,0,1,0,1,0,1,1,0,0,0,1,0,1,0,0,1,0,1,0,1,1,0,0,0,1,1,1,0,0,1,0,1,0,1,1,0,0
2024,11,5,17:41:28.606,24.60,135,120.2,0.8525,4349.6,2966.2,7.925,0.02,0.02,0.02,0.02,-151.0,338.0,-582.0,11946.0,7554,-9811,17.6,0.0,1571.0,0,0,0,c1f,d4e,d4a,d4a,d4a,1,1,1,1,1,0,0,0,0,0,1,1,0,0,1,1,1,0,0,1,0,1,0,1,1,0,0,0,1,0,1,0,0,1,0,1,0,1,1,0,0,0,1,0,1,0,0,1,0,1,0,1,1,0,0,0,1,0,1,0,0,1,0,1,0,1,1,0,0
2024,11,5,17:41:28.626,24.62,155,120.2,0.8525,4349.6,2966.2,7.924,0.02,0.02,0.02,0.02,-152.0,338.0,-583.0,11943.0,7561,-9822,19.7,0.0,1571.0,0,0,0,c1f,d4e,d4a,d4a,d4a,1,1,1,1,1,0,0,0,0,0,1,1,0,0,1,1,1,0,0,1,0,1,0,1,1,0,0,0,1,0,1,0,0,1,0,1,0,1,1,0,0,0,1,0,1,0,0,1,0,1,0,1,1,0,0,0,1,0,1,0,0,1,0,1,0,1,1,0,0
2024,11,5,17:41:28.646,24.64,175,120.2,0.8528,4341.4,2958.0,7.924,0.02,0.02,0.02,0.02,-154.0,338.0,-583.0,11940.0,7568,-9834,21.9,0.0,1569.0,0,0,0,c1f,d4e,d4a,d4a,d4a,1,1,1,1,1,0,0,0,0,0,1,1,0,0,1,1,1,0,0,1,0,1,0,1,1,0,0,0,1,0,1,0,0,1,0,1,0,1,1,0,0,0,1,0,1,0,0,1,0,1,0,1,1,0,0,0,1,0,1,0,0,1,0,1,0,1,1,0,0
2024,11,5,17:41:28.666,24.66,195,120.2,0.8527,4342.0,2958.6,7.925,0.02,0.02,0.02,0.02,-155.0,338.0,-583.0,11937.0,7575,-9846,24.2,0.0,1568.0,0,0,0,c1f,d4e,d4a,d4a,d4a,1,1,1,1,1,0,0,0,0,0,1,1,0,0,1,1,1,0,0,1,0,1,0,1,1,0,0,0,1,0,1,0,0,1,0,1,0,1,1,0,0,0,1,0,1,0,0,1,0,1,0,1,1,0,0,0,1,0,1,0,0,1,0,1,0,1,1,0,0
2024,11,5,17:41:28.686,24.68,215,120.2,0.8528,4340.1,2956.8,7.922,0.02,0.02,0.02,0.02,-156.0,338.0,-583.0,11934.0,7581,-9857,26.5,0.0,1567.0,0,0,0,c1f,d4e,d4a,d4a,d4a,1,1,1,1,1,0,0,0,0,0,1,1,0,0,1,1,1,0,0,1,0,1,0,1,1,0,0,0,1,0,1,0,0,1,0,1,0,1,1,0,0,0,1,0,1,0,0,1,0,1,0,1,1,0,0,0,1,0,1,0,0,1,0,1,0,1,1,0,0
2024,11,5,17:41:28.706,24.70,235,120.2,0.8528,4340.1,2956.8,7.925,0.02,0.02,0.02,0.02,-157.0,338.0,-583.0,11931.0,7588,-9869,28.6,0.0,1565.0,0,0,0,c1f,d4e,d4a,d4a,d4a,1,1,1,1,1,0,0,0,0,0,1,1,0,0,1,1,1,0,0,1,0,1,0,1,1,0,0,0,1,0,1,0,0,1,0,1,0,1,1,0,0,0,1,0,1,0,0,1,0,1,0,1,1,0,0,0,1,0,1,0,0,1,0,1,0,1,1,0,0
2024,11,5,17:41:28.726,24.72,5,120.2,0.8528,4338.9,2955.5,7.924,0.02,0.02,0.02,0.02,-158.0,338.0,-584.0,11928.0,7595,-9881,30.2,0.0,1563.0,0,0,0,c1f,d4e,d4a,d4a,d4a,1,1,1,1,1,0,0,0,0,0,1,1,0,0,1,1,1,0,0,1,0,1,0,1,1,0,0,0,1,0,1,0,0,1,0,1,0,1,1,0,0,0,1,0,1,0,0,1,0,1,0,1,1,0,0,0,1,0,1,0,0,1,0,1,0,1,1,0,0
2024,11,5,17:41:28.746,24.74,25,120.1,0.8528,4338.9,2955.5,7.925,0.02,0.02,0.02,0.02,-159.0,338.0,-584.0,11925.0,7602,-9892,31.1,0.0,1561.0,0,0,0,c1f,d4e,d4a,d4a,d4a,1,1,1,1,1,0,0,0,0,0,1,1,0,0,1,1,1,0,0,1,0,1,0,1,1,0,0,0,1,0,1,0,0,1,0,1,0,1,1,0,0,0,1,0,1,0,0,1,0,1,0,1,1,0,0,0,1,0,1,0,0,1,0,1,0,1,1,0,0
2024,11,5,17:41:28.766,24.76,45,120.1,0.8529,4335.7,2952.3,7.924,0.02,0.02,0.02,0.02,-160.0,338.0,-584.0,11921.0,7608,-9904,31.5,0.0,1559.0,0,0,0,c1f,d4e,d4a,d4a,d4a,1,1,1,1,1,0,0,0,0,0,1,1,0,0,1,1,1,0,0,1,0,1,0,1,1,0,0,0,1,0,1,0,0,1,0,1,0,1,1,0,0,0,1,0,1,0,0,1,0,1,0,1,1,0,0,0,1,0,1,0,0,1,0,1,0,1,1,0,0
2024,11,5,17:41:28.786,24.78,65,120.2,0.8530,4335.1,2951.7,7.925,0.02,0.02,0.02,0.02,-161.0,339.0,-585.0,11918.0,7615,-9916,31.3,0.0,1557.0,0,0,0,c1f,d4e,d4a,d4a,d4a,1,1,1,1,1,0,0,0,0,0,1,1,0,0,1,1,1,0,0,1,0,1,0,1,1,0,0,0,1,0,1,0,0,1,0,1,0,1,1,0,0,0,1,0,1,0,0,1,0,1,0,1,1,0,0,0,1,0,1,0,0,1,0,1,0,1,1,0,0
2024,11,5,17:41:28.806,24.80,85,120.2,0.8532,4326.9,2943.5,7.925,0.02,0.02,0.02,0.02,-162.0,339.0,-585.0,11915.0,7622,-9927,30.7,0.0,1555.0,0,0,0,c1f,d4e,d4a,d4a,d4a,1,1,1,1,1,0,0,0,0,0,1,1,0,0,1,1,1,0,0,1,0,1,0,1,1,0,0,0,1,0,1,0,0,1,0,1,0,1,1,0,0,0,1,0,1,0,0,1,0,1,0,1,1,0,0,0,1,0,1,0,0,1,0,1,0,1,1,0,0
2024,11,5,17:41:28.826,24.82,105,120.1,0.8532,4327.6,2944.2,7.925,0.02,0.02,0.02,0.02,-163.0,339.0,-585.0,11912.0,7629,-9939,30.0,0.0,1553.0,0,0,0,c1f,d4e,d4a,d4a,d4a,1,1,1,1,1,0,0,0,0,0,1,1,0,0,1,1,1,0,0,1,0,1,0,1,1,0,0,0,1,0,1,0,0,1,0,1,0,1,1,0,0,0,1,0,1,0,0,1,0,1,0,1,1,0,0,0,1,0,1,0,0,1,0,1,0,1,1,0,0
2024,11,5,17:41:28.846,24.84,125,120.1,0.8529,4337.0,2953.6,7.924,0.02,0.02,0.02,0.02,-164.0,339.0,-585.0,11908.0,7636,-9951,29.0,0.0,1551.0,0,0,0,c1f,d4e,d4a,d4a,d4a,1,1,1,1,1,0,0,0,0,0,1,1,0,0,1,1,1,0,0,1,0,1,0,1,1,0,0,0,1,0,1,0,0,1,0,1,0,1,1,0,0,0,1,0,1,0,0,1,0,1,0,1,1,0,0,0,1,0,1,0,0,1,0,1,0,1,1,0,0
2024,11,5,17:41:28.866,24.86,145,120.1,0.8529,4337.0,2953.6,7.925,0.02,0.02,0.02,0.02,-165.0,339.0,-585.0,11905.0,7642,-9963,27.8,0.0,1549.0,0,0,0,c1f,d4e,d4a,d4a,d4a,1,1,1,1,1,0,0,0,0,0,1,1,0,0,1,1,1,0,0,1,0,1,0,1,1,0,0,0,1,0,1,0,0,1,0,1,0,1,1,0,0,0,1,0,1,0,0,1,0,1,0,1,1,0,0,0,1,0,1,0,0,1,0,1,0,1,1,0,0
2024,11,5,17:41:28.886,24.88,165,120.1,0.8533,4324.4,2941.0,7.924,0.02,0.02,0.02,0.02,-166.0,339.0,-585.0,11902.0,7649,-9974,26.5,0.0,1547.0,0,0,0,c1f,d4e,d4a,d4a,d4a,1,1,1,1,1,0,0,0,0,0,1,1,0,0,1,1,1,0,0,1,0,1,0,1,1,0,0,0,1,0,1,0,0,1,0,1,0,1,1,0,0,0,1,0,1,0,0,1,0,1,0,1,1,0,0,0,1,0,1,0,0,1,0,1,0,1,1,0,0
2024,11,5,17:41:28.906,24.90,185,120.1,0.8533,4324.4,2941.0,7.925,0.02,0.02,0.02,0.02,-167.0,340.0,-585.0,11898.0,7656,-9986,25.2,0.0,1545.0,0,0,0,c1f,d4e,d4a,d4a,d4a,1,1,1,1,1,0,0,0,0,0,1,1,0,0,1,1,1,0,0,1,0,1,0,1,1,0,0,0,1,0,1,0,0,1,0,1,0,1,1,0,0,0,1,0,1,0,0,1,0,1,0,1,1,0,0,0,1,0,1,0,0,1,0,1,0,1,1,0,0
2024,11,5,17:41:28.926,24.92,205,120.1,0.8538,4309.3,2925.9,7.926,0.02,0.02,0.02,0.02,-168.0,340.0,-585.0,11895.0,7663,-9998,23.9,0.0,1543.0,0,0,0,c1f,d4e,d4a,d4a,d4a,1,1,1,1,1,0,0,0,0,0,1,1,0,0,1,1,1,0,0,1,0,1,0,1,1,0,0,0,1,0,1,0,0,1,0,1,0,1,1,0,0,0,1,0,1,0,0,1,0,1,0,1,1,0,0,0,1,0,1,0,0,1,0,1,0,1,1,0,0
2024,11,5,17:41:28.946,24.94,225,120.1,0.8538,4309.3,2925.9,7.923,0.02,0.02,0.02,0.02,-169.0,340.0,-585.0,11892.0,7670,-10009,22.8,0.0,1541.0,0,0,0,c1f,d4e,d4a,d4a,d4a,1,1,1,1,1,0,0,0,0,0,1,1,0,0,1,1,1,0,0,1,0,1,0,1,1,0,0,0,1,0,1,0,0,1,0,1,0,1,1,0,0,0,1,0,1,0,0,1,0,1,0,1,1,0,0,0,1,0,1,0,0,1,0,1,0,1,1,0,0
2024,11,5,17:41:28.966,24.96,245,120.1,0.8537,4311.2,2927.8,7.924,0.02,0.02,0.02,0.02,-170.0,340.0,-585.0,11888.0,7676,-10021,21.9,0.0,1538.0,0,0,0,c1f,d4e,d4a,d4a,d4a,1,1,1,1,1,0,0,0,0,0,1,1,0,0,1,1,1,0,0,1,0,1,0,1,1,0,0,0,1,0,1,0,0,1,0,1,0,1,1,0,0,0,1,0,1,0,0,1,0,1,0,1,1,0,0,0,1,0,1,0,0,1,0,1,0,1,1,0,0
2024,11,5,17:41:28.986,24.98,15,120.1,0.8537,4311.2,2927.8,7.924,0.02,0.02,0.02,0.02,-172.0,340.0,-585.0,11885.0,7683,-10033,21.2,0.0,1536.0,0,0,0,c1f,d4e,d4a,d4a,d4a,1,1,1,1,1,0,0,0,0,0,1,1,0,0,1,1,1,0,0,1,0,1,0,1,1,0,0,0,1,0,1,0,0,1,0,1,0,1,1,0,0,0,1,0,1,0,0,1,0,1,0,1,1,0,0,0,1,0,1,0,0,1,0,1,0,1,1,0,0
2024,11,5,17:41:29.006,25.00,35,120.1,0.8539,4304.9,2921.5,7.924,0.02,0.02,0.02,0.02,-173.0,340.0,-585.0,11881.0,7690,-10045,20.6,0.0,1534.0,0,0,0,c1f,d4e,d4a,d4a,d4a,1,1,1,1,1,0,0,0,0,0,1,1,0,0,1,1,1,0,0,1,0,1,0,1,1,0,0,0,1,0,1,0,0,1,0,1,0,1,1,0,0,0,1,0,1,0,0,1,0,1,0,1,1,0,0,0,1,0,1,0,0,1,0,1,0,1,1,0,0
2024,11,5,17:41:29.026,25.02,55,120.1,0.8539,4304.9,2921.5,7.924,0.02,0.02,0.02,0.02,-174.0,340.0,-585.0,11878.0,7697,-10056,20.5,0.0,1531.0,0,0,0,c1f,d4e,d4a,d4a,d4a,1,1,1,1,1,0,0,0,0,0,1,1,0,0,1,1,1,0,0,1,0,1,0,1,1,0,0,0,1,0,1,0,0,1,0,1,0,1,1,0,0,0,1,0,1,0,0,1,0,1,0,1,1,0,0,0,1,0,1,0,0,1,0,1,0,1,1,0,0
2024,11,5,17:41:29.046,25.04,75,120.1,0.8541,4298.6,2915.2,7.924,0.02,0.02,0.02,0.02,-175.0,340.0,-585.0,11874.0,7704,-10068,20.7,0.0,1529.0,0,0,0,c1f,d4e,d4a,d4a,d4a,1,1,1,1,1,0,0,0,0,0,1,1,0,0,1,1,1,0,0,1,0,1,0,1,1,0,0,0,1,0,1,0,0,1,0,1,0,1,1,0,0,0,1,0,1,0,0,1,0,1,0,1,1,0,0,0,1,0,1,0,0,1,0,1,0,1,1,0,0
2024,11,5,17:41:29.066,25.06,95,120.1,0.8541,4298.6,2915.2,7.925,0.02,0.02,0.02,0.02,-176.0,340.0,-585.0,11871.0,7710,-10080,21.1,0.0,1526.0,0,0,0,c1f,d4e,d4a,d4a,d4a,1,1,1,1,1,0,0,0,0,0,1,1,0,0,1,1,1,0,0,1,0,1,0,1,1,0,0,0,1,0,1,0,0,1,0,1,0,1,1,0,0,0,1,0,1,0,0,1,0,1,0,1,1,0,0,0,1,0,1,0,0,1,0,1,0,1,1,0,0
2024,11,5,17:41:29.086,25.08,115,120.1,0.8541,4298.6,2915.2,7.923,0.02,0.02,0.02,0.02,-178.0,341.0,-585.0,11867.0,7717,-10091,22.0,0.0,1523.0,0,0,0,c1f,d4e,d4a,d4a,d4a,1,1,1,1,1,0,0,0,0,0,1,1,0,0,1,1,1,0,0,1,0,1,0,1,1,0,0,0,1,0,1,0,0,1,0,1,0,1,1,0,0,0,1,0,1,0,0,1,0,1,0,1,1,0,0,0,1,0,1,0,0,1,0,1,0,1,1,0,0
2024,11,5,17:41:29.106,25.10,135,120.1,0.8541,4298.6,2915.2,7.925,0.02,0.02,0.02,0.02,-179.0,341.0,-585.0,11864.0,7724,-10103,23.3,0.0,1520.0,0,0,0,c1f,d4e,d4a,d4a,d4a,1,1,1,1,1,0,0,0,0,0,1,1,0,0,1,1,1,0,0,1,0,1,0,1,1,0,0,0,1,0,1,0,0,1,0,1,0,1,1,0,0,0,1,0,1,0,0,1,0,1,0,1,1,0,0,0,1,0,1,0,0,1,0,1,0,1,1,0,0
2024,11,5,17:41:29.126,25.12,155,120.1,0.8543,4293.6,2910.2,7.924,0.02,0.02,0.02,0.02,-180.0,341.0,-585.0,11860.0,7731,-10115,24.9,0.0,1517.0,0,0,0,c1f,d4e,d4a,d4a,d4a,1,1,1,1,1,0,0,0,0,0,1,1,0,0,1,1,1,0,0,1,0,1,0,1,1,0,0,0,1,0,1,0,0,1,0,1,0,1,1,0,0,0,1,0,1,0,0,1,0,1,0,1,1,0,0,0,1,0,1,0,0,1,0,1,0,1,1,0,0
2024,11,5,17:41:29.146,25.14,175,120.1,0.8543,4293.6,2910.2,7.924,0.02,0.02,0.02,0.02,-181.0,341.0,-585.0,11857.0,7738,-10127,26.8,0.0,1514.0,0,0,0,c1f,d4e,d4a,d4a,d4a,1,1,1,1,1,0,0,0,0,0,1,1,0,0,1,1,1,0,0,1,0,1,0,1,1,0,0,0,1,0,1,0,0,1,0,1,0,1,1,0,0,0,1,0,1,0,0,1,0,1,0,1,1,0,0,0,1,0,1,0,0,1,0,1,0,1,1,0,0
2024,11,5,17:41:29.166,25.16,195,120.1,0.8544,4290.4,2907.1,7.923,0.02,0.02,0.02,0.02,-183.0,341.0,-585.0,11853.0,7745,-10138,29.1,0.0,1511.0,0,0,0,c1f,d4e,d4a,d4a,d4a,1,1,1,1,1,0,0,0,0,0,1,1,0,0,1,1,1,0,0,1,0,1,0,1,1,0,0,0,1,0,1,0,0,1,0,1,0,1,1,0,0,0,1,0,1,0,0,1,0,1,0,1,1,0,0,0,1,0,1,0,0,1,0,1,0,1,1,0,0
2024,11,5,17:41:29.186,25.18,215,120.1,0.8544,4290.4,2907.1,7.924,0.02,0.02,0.02,0.02,-184.0,341.0,-585.0,11849.0,7751,-10150,31.7,0.0,1508.0,0,0,0,c1f,d4e,d4a,d4a,d4a,1,1,1,1,1,0,0,0,0,0,1,1,0,0,1,1,1,0,0,1,0,1,0,1,1,0,0,0,1,0,1,0,0,1,0,1,0,1,1,0,0,0,1,0,1,0,0,1,0,1,0,1,1,0,0,0,1,0,1,0,0,1,0,1,0,1,1,0,0
2024,11,5,17:41:29.206,25.20,235,120.1,0.8543,4293.6,2910.2,7.924,0.02,0.02,0.02,0.02,-185.0,341.0,-585.0,11846.0,7758,-10162,34.8,0.0,1505.0,0,0,0,c1f,d4e,d4a,d4a,d4a,1,1,1,1,1,0,0,0,0,0,1,1,0,0,1,1,1,0,0,1,0,1,0,1,1,0,0,0,1,0,1,0,0,1,0,1,0,1,1,0,0,0,1,0,1,0,0,1,0,1,0,1,1,0,0,0,1,0,1,0,0,1,0,1,0,1,1,0,0
2024,11,5,17:41:29.226,25.22,5,120.1,0.8543,4293.6,2910.2,7.924,0.02,0.02,0.02,0.02,-187.0,341.0,-585.0,11842.0,7765,-10173,38.2,0.0,1502.0,0,0,0,c1f,d4e,d4a,d4a,d4a,1,1,1,1,1,0,0,0,0,0,1,1,0,0,1,1,1,0,0,1,0,1,0,1,1,0,0,0,1,0,1,0,0,1,0,1,0,1,1,0,0,0,1,0,1,0,0,1,0,1,0,1,1,0,0,0,1,0,1,0,0,1,0,1,0,1,1,0,0
2024,11,5,17:41:29.246,25.24,25,120.1,0.8543,4292.3,2908.9,7.925,0.02,0.02,0.02,0.02,-188.0,341.0,-584.0,11838.0,7772,-10185,42.0,0.0,1498.0,0,0,0,c1f,d4e,d4a,d4a,d4a,1,1,1,1,1,0,0,0,0,0,1,1,0,0,1,1,1,0,0,1,0,1,0,1,1,0,0,0,1,0,1,0,0,1,0,1,0,1,1,0,0,0,1,0,1,0,0,1,0,1,0,1,1,0,0,0,1,0,1,0,0,1,0,1,0,1,1,0,0
2024,11,5,17:41:29.266,25.26,45,120.1,0.8543,4292.3,2908.9,7.925,0.02,0.02,0.02,0.02,-190.0,341.0,-584.0,11834.0,7779,-10197,46.1,0.0,1495.0,0,0,0,c1f,d4e,d4a,d4a,d4a,1,1,1,1,1,0,0,0,0,0,1,1,0,0,1,1,1,0,0,1,0,1,0,1,1,0,0,0,1,0,1,0,0,1,0,1,0,1,1,0,0,0,1,0,1,0,0,1,0,1,0,1,1,0,0,0,1,0,1,0,0,1,0,1,0,1,1,0,0
2024,11,5,17:41:29.286,25.28,65,120.1,0.8541,4300.5,2917.1,7.925,0.02,0.02,0.02,0.02,-191.0,341.0,-585.0,11830.0,7786,-10208,50.4,0.0,1491.0,0,0,0,c1f,d4e,d4a,d4a,d4a,1,1,1,1,1,0,0,0,0,0,1,1,0,0,1,1,1,0,0,1,0,1,0,1,1,0,0,0,1,0,1,0,0,1,0,1,0,1,1,0,0,0,1,0,1,0,0,1,0,1,0,1,1,0,0,0,1,0,1,0,0,1,0,1,0,1,1,0,0
2024,11,5,17:41:29.306,25.30,85,120.1,0.8541,4300.5,2917.1,7.925,0.02,0.02,0.02,0.02,-192.0,341.0,-585.0,11827.0,7792,-10220,54.9,0.0,1487.0,0,0,0,c1f,d4e,d4a,d4a,d4a,1,1,1,1,1,0,0,0,0,0,1,1,0,0,1,1,1,0,0,1,0,1,0,1,1,0,0,0,1,0,1,0,0,1,0,1,0,1,1,0,0,0,1,0,1,0,0,1,0,1,0,1,1,0,0,0,1,0,1,0,0,1,0,1,0,1,1,0,0
2024,11,5,17:41:29.326,25.32,105,120.1,0.8540,4303.6,2920.3,7.924,0.02,0.02,0.02,0.02,-194.0,341.0,-585.0,11823.0,7799,-10232,59.5,0.0,1483.0,0,0,0,c1f,d4e,d4a,d4a,d4a,1,1,1,1,1,0,0,0,0,0,1,1,0,0,1,1,1,0,0,1,0,1,0,1,1,0,0,0,1,0,1,0,0,1,0,1,0,1,1,0,0,0,1,0,1,0,0,1,0,1,0,1,1,0,0,0,1,0,1,0,0,1,0,1,0,1,1,0,0
2024,11,5,17:41:29.346,25.34,125,120.1,0.8540,4303.6,2920.3,7.924,0.02,0.02,0.02,0.02,-195.0,341.0,-585.0,11819.0,7806,-10244,64.1,0.0,1479.0,0,0,0,c1f,d4e,d4a,d4a,d4a,1,1,1,1,1,0,0,0,0,0,1,1,0,0,1,1,1,0,0,1,0,1,0,1,1,0,0,0,1,0,1,0,0,1,0,1,0,1,1,0,0,0,1,0,1,0,0,1,0,1,0,1,1,0,0,0,1,0,1,0,0,1,0,1,0,1,1,0,0
2024,11,5,17:41:29.366,25.36,145,120.1,0.8531,4331.3,2947.9,7.925,0.02,0.02,0.02,0.02,-197.0,341.0,-585.0,11815.0,7813,-10255,68.7,0.0,1475.0,0,0,0,c1f,d4e,d4a,d4a,d4a,1,1,1,1,1,0,0,0,0,0,1,1,0,0,1,1,1,0,0,1,0,1,0,1,1,0,0,0,1,0,1,0,0,1,0,1,0,1,1,0,0,0,1,0,1,0,0,1,0,1,0,1,1,0,0,0,1,0,1,0,0,1,0,1,0,1,1,0,0
2024,11,5,17:41:29.386,25.38,165,120.1,0.8531,4331.3,2947.9,7.925,0.02,0.02,0.02,0.02,-198.0,341.0,-586.0,11811.0,7820,-10267,72.9,0.0,1470.0,0,0,0,c1f,d4e,d4a,d4a,d4a,1,1,1,1,1,0,0,0,0,0,1,1,0,0,1,1,1,0,0,1,0,1,0,1,1,0,0,0,1,0,1,0,0,1,0,1,0,1,1,0,0,0,1,0,1,0,0,1,0,1,0,1,1,0,0,0,1,0,1,0,0,1,0,1,0,1,1,0,0
2024,11,5,17:41:29.406,25.40,185,120.1,0.8528,4341.4,2958.0,7.924,0.02,0.02,0.02,0.02,-200.0,341.0,-586.0,11807.0,7826,-10279,76.9,0.0,1466.0,0,0,0,c1f,d4e,d4a,d4a,d4a,1,1,1,1,1,0,0,0,0,0,1,1,0,0,1,1,1,0,0,1,0,1,0,1,1,0,0,0,1,0,1,0,0,1,0,1,0,1,1,0,0,0,1,0,1,0,0,1,0,1,0,1,1,0,0,0,1,0,1,0,0,1,0,1,0,1,1,0,0
2024,11,5,17:41:29.426,25.42,205,120.1,0.8528,4341.4,2958.0,7.925,0.02,0.02,0.02,0.02,-201.0,340.0,-586.0,11803.0,7833,-10290,80.6,0.0,1461.0,0,0,0,c1f,d4e,d4a,d4a,d4a,1,1,1,1,1,0,0,0,0,0,1,1,0,0,1,1,1,0,0,1,0,1,0,1,1,0,0,0,1,0,1,0,0,1,0,1,0,1,1,0,0,0,1,0,1,0,0,1,0,1,0,1,1,0,0,0,1,0,1,0,0,1,0,1,0,1,1,0,0
2024,11,5,17:41:29.446,25.44,225,120.1,0.8530,4334.5,2951.1,7.925,0.02,0.02,0.02,0.02,-202.0,340.0,-586.0,11799.0,7840,-10302,83.9,0.0,1456.0,0,0,0,c1f,d4e,d4a,d4a,d4a,1,1,1,1,1,0,0,0,0,0,1,1,0,0,1,1,1,0,0,1,0,1,0,1,1,0,0,0,1,0,1,0,0,1,0,1,0,1,1,0,0,0,1,0,1,0,0,1,0,1,0,1,1,0,0,0,1,0,1,0,0,1,0,1,0,1,1,0,0
2024,11,5,17:41:29.466,25.46,245,120.1,0.8530,4335.1,2951.7,7.925,0.02,0.02,0.02,0.02,-204.0,340.0,-587.0,11795.0,7847,-10314,86.7,0.0,1451.0,0,0,0,c1f,d4e,d4a,d4a,d4a,1,1,1,1,1,0,0,0,0,0,1,1,0,0,1,1,1,0,0,1,0,1,0,1,1,0,0,0,1,0,1,0,0,1,0,1,0,1,1,0,0,0,1,0,1,0,0,1,0,1,0,1,1,0,0,0,1,0,1,0,0,1,0,1,0,1,1,0,0
2024,11,5,17:41:29.486,25.48,15,120.1,0.8526,4346.4,2963.0,7.925,0.02,0.02,0.02,0.02,-205.0,340.0,-587.0,11791.0,7854,-10326,89.0,0.0,1446.0,0,0,0,c1f,d4e,d4a,d4a,d4a,1,1,1,1,1,0,0,0,0,0,1,1,0,0,1,1,1,0,0,1,0,1,0,1,1,0,0,0,1,0,1,0,0,1,0,1,0,1,1,0,0,0,1,0,1,0,0,1,0,1,0,1,1,0,0,0,1,0,1,0,0,1,0,1,0,1,1,0,0
2024,11,5,17:41:29.506,25.50,35,120.1,0.8526,4346.4,2963.0,7.926,0.02,0.02,0.02,0.02,-207.0,340.0,-587.0,11787.0,7861,-10337,90.9,0.0,1440.0,0,0,0,c1f,d4e,d4a,d4a,d4a,1,1,1,1,1,0,0,0,0,0,1,1,0,0,1,1,1,0,0,1,0,1,0,1,1,0,0,0,1,0,1,0,0,1,0,1,0,1,1,0,0,0,1,0,1,0,0,1,0,1,0,1,1,0,0,0,1,0,1,0,0,1,0,1,0,1,1,0,0
2024,11,5,17:41:29.526,25.52,55,120.1,0.8522,4359.7,2976.3,7.925,0.02,0.02,0.02,0.02,-208.0,340.0,-587.0,11782.0,7867,-10349,92.3,0.0,1435.0,0,0,0,c1f,d4a,d4a,d4a,d4a,1,1,1,1,1,0,0,0,0,0,1,1,0,0,1,0,1,0,0,1,0,1,0,1,1,0,0,0,1,0,1,0,0,1,0,1,0,1,1,0,0,0,1,0,1,0,0,1,0,1,0,1,1,0,0,0,1,0,1,0,0,1,0,1,0,1,1,0,0
2024,11,5,17:41:29.546,25.54,75,120.1,0.8522,4359.7,2976.3,7.924,0.02,0.02,0.02,0.02,-209.0,340.0,-588.0,11778.0,7874,-10361,93.2,0.0,1431.0,0,0,0,c1f,d4a,d4a,d4a,d4a,1,1,1,1,1,0,0,0,0,0,1,1,0,0,1,0,1,0,0,1,0,1,0,1,1,0,0,0,1,0,1,0,0,1,0,1,0,1,1,0,0,0,1,0,1,0,0,1,0,1,0,1,1,0,0,0,1,0,1,0,0,1,0,1,0,1,1,0,0
2024,11,5,17:41:29.566,25.56,95,120.1,0.8524,4352.7,2969.3,7.925,0.02,0.02,0.02,0.02,-210.0,340.0,-588.0,11774.0,7881,-10373,93.5,0.0,1426.0,0,0,0,c1f,d4a,d4a,d4a,d4a,1,1,1,1,1,0,0,0,0,0,1,1,0,0,1,0,1,0,0,1,0,1,0,1,1,0,0,0,1,0,1,0,0,1,0,1,0,1,1,0,0,0,1,0,1,0,0,1,0,1,0,1,1,0,0,0,1,0,1,0,0,1,0,1,0,1,1,0,0
2024,11,5,17:41:29.586,25.58,115,120.1,0.8524,4353.4,2970.0,7.924,0.02,0.02,0.02,0.02,-212.0,340.0,-588.0,11770.0,7888,-10384,93.3,0.0,1422.0,0,0,0,c1f,d4a,d4a,d4a,d4a,1,1,1,1,1,0,0,0,0,0,1,1,0,0,1,0,1,0,0,1,0,1,0,1,1,0,0,0,1,0,1,0,0,1,0,1,0,1,1,0,0,0,1,0,1,0,0,1,0,1,0,1,1,0,0,0,1,0,1,0,0,1,0,1,0,1,1,0,0
2024,11,5,17:41:29.606,25.60,135,120.1,0.8524,4353.4,2970.0,7.924,0.02,0.02,0.02,0.02,-213.0,340.0,-589.0,11766.0,7895,-10396,92.4,0.0,1418.0,0,0,0,c1f,d4a,d4a,d4a,d4a,1,1,1,1,1,0,0,0,0,0,1,1,0,0,1,0,1,0,0,1,0,1,0,1,1,0,0,0,1,0,1,0,0,1,0,1,0,1,1,0,0,0,1,0,1,0,0,1,0,1,0,1,1,0,0,0,1,0,1,0,0,1,0,1,0,1,1,0,0
2024,11,5,17:41:29.626,25.62,155,120.1,0.8524,4352.7,2969.3,7.924,0.02,0.02,0.02,0.02,-214.0,340.0,-589.0,11761.0,7901,-10408,90.8,0.0,1415.0,0,0,0,c1f,d4a,d4a,d4a,d4a,1,1,1,1,1,0,0,0,0,0,1,1,0,0,1,0,1,0,0,1,0,1,0,1,1,0,0,0,1,0,1,0,0,1,0,1,0,1,1,0,0,0,1,0,1,0,0,1,0,1,0,1,1,0,0,0,1,0,1,0,0,1,0,1,0,1,1,0,0
2024,11,5,17:41:29.646,25.64,175,120.1,0.8527,4343.3,2959.9,7.925,0.02,0.02,0.02,0.02,-215.0,340.0,-589.0,11757.0,7908,-10420,88.6,0.0,1413.0,0,0,0,c1f,d4a,d4a,d4a,d4a,1,1,1,1,1,0,0,0,0,0,1,1,0,0,1,0,1,0,0,1,0,1,0,1,1,0,0,0,1,0,1,0,0,1,0,1,0,1,1,0,0,0,1,0,1,0,0,1,0,1,0,1,1,0,0,0,1,0,1,0,0,1,0,1,0,1,1,0,0
2024,11,5,17:41:29.666,25.66,195,120.1,0.8527,4343.3,2959.9,7.925,0.02,0.02,0.02,0.02,-216.0,340.0,-590.0,11753.0,7915,-10432,85.8,0.0,1412.0,0,0,0,c1f,d4e,d4a,d4a,d4a,1,1,1,1,1,0,0,0,0,0,1,1,0,0,1,1,1,0,0,1,0,1,0,1,1,0,0,0,1,0,1,0,0,1,0,1,0,1,1,0,0,0,1,0,1,0,0,1,0,1,0,1,1,0,0,0,1,0,1,0,0,1,0,1,0,1,1,0,0
2024,11,5,17:41:29.686,25.68,215,120.1,0.8527,4343.3,2959.9,7.924,0.02,0.02,0.02,0.02,-217.0,340.0,-590.0,11748.0,7922,-10443,82.4,0.0,1411.0,0,0,0,c1f,d4e,d4a,d4a,d4a,1,1,1,1,1,0,0,0,0,0,1,1,0,0,1,1,1,0,0,1,0,1,0,1,1,0,0,0,1,0,1,0,0,1,0,1,0,1,1,0,0,0,1,0,1,0,0,1,0,1,0,1,1,0,0,0,1,0,1,0,0,1,0,1,0,1,1,0,0
2024,11,5,17:41:29.706,25.70,235,120.1,0.8527,4343.3,2959.9,7.925,0.02,0.02,0.02,0.02,-218.0,340.0,-590.0,11744.0,7929,-10455,78.2,0.0,1411.0,0,0,0,c1f,d4e,d4a,d4a,d4a,1,1,1,1,1,0,0,0,0,0,1,1,0,0,1,1,1,0,0,1,0,1,0,1,1,0,0,0,1,0,1,0,0,1,0,1,0,1,1,0,0,0,1,0,1,0,0,1,0,1,0,1,1,0,0,0,1,0,1,0,0,1,0,1,0,1,1,0,0
2024,11,5,17:41:29.726,25.72,5,120.1,0.8539,4305.5,2922.1,7.925,0.02,0.02,0.02,0.02,-219.0,340.0,-591.0,11740.0,7935,-10467,72.9,0.0,1413.0,0,0,0,c1f,d4e,d4a,d4a,d4a,1,1,1,1,1,0,0,0,0,0,1,1,0,0,1,1,1,0,0,1,0,1,0,1,1,0,0,0,1,0,1,0,0,1,0,1,0,1,1,0,0,0,1,0,1,0,0,1,0,1,0,1,1,0,0,0,1,0,1,0,0,1,0,1,0,1,1,0,0
2024,11,5,17:41:29.746,25.74,25,120.1,0.8539,4306.2,2922.8,7.924,0.02,0.02,0.02,0.02,-220.0,340.0,-591.0,11735.0,7942,-10479,66.7,0.0,1415.0,0,0,0,c1f,d4e,d4a,d4a,d4a,1,1,1,1,1,0,0,0,0,0,1,1,0,0,1,1,1,0,0,1,0,1,0,1,1,0,0,0,1,0,1,0,0,1,0,1,0,1,1,0,0,0,1,0,1,0,0,1,0,1,0,1,1,0,0,0,1,0,1,0,0,1,0,1,0,1,1,0,0
2024,11,5,17:41:29.766,25.76,45,120.1,0.8547,4279.8,2896.4,7.925,0.02,0.02,0.02,0.02,-221.0,340.0,-592.0,11731.0,7949,-10491,59.9,0.0,1417.0,0,0,0,c1f,d4e,d4a,d4a,d4a,1,1,1,1,1,0,0,0,0,0,1,1,0,0,1,1,1,0,0,1,0,1,0,1,1,0,0,0,1,0,1,0,0,1,0,1,0,1,1,0,0,0,1,0,1,0,0,1,0,1,0,1,1,0,0,0,1,0,1,0,0,1,0,1,0,1,1,0,0
2024,11,5,17:41:29.786,25.78,65,120.1,0.8547,4279.8,2896.4,7.924,0.02,0.02,0.02,0.02,-223.0,341.0,-592.0,11726.0,7956,-10503,52.5,0.0,1420.0,0,0,0,c1f,d4e,d4a,d4a,d4a,1,1,1,1,1,0,0,0,0,0,1,1,0,0,1,1,1,0,0,1,0,1,0,1,1,0,0,0,1,0,1,0,0,1,0,1,0,1,1,0,0,0,1,0,1,0,0,1,0,1,0,1,1,0,0,0,1,0,1,0,0,1,0,1,0,1,1,0,0
2024,11,5,17:41:29.806,25.80,85,120.1,0.8549,4274.7,2891.3,7.925,0.02,0.02,0.02,0.02,-224.0,341.0,-593.0,11722.0,7963,-10514,44.6,0.0,1422.0,0,0,0,c1f,d4e,d4a,d4a,d4a,1,1,1,1,1,0,0,0,0,0,1,1,0,0,1,1,1,0,0,1,0,1,0,1,1,0,0,0,1,0,1,0,0,1,0,1,0,1,1,0,0,0,1,0,1,0,0,1,0,1,0,1,1,0,0,0,1,0,1,0,0,1,0,1,0,1,1,0,0
2024,11,5,17:41:29.826,25.82,105,120.1,0.8549,4275.4,2892.0,7.925,0.02,0.02,0.02,0.02,-226.0,341.0,-594.0,11717.0,7970,-10526,36.2,0.0,1424.0,0,0,0,c1f,d4e,d4a,d4a,d4a,1,1,1,1,1,0,0,0,0,0,1,1,0,0,1,1,1,0,0,1,0,1,0,1,1,0,0,0,1,0,1,0,0,1,0,1,0,1,1,0,0,0,1,0,1,0,0,1,0,1,0,1,1,0,0,0,1,0,1,0,0,1,0,1,0,1,1,0,0
2024,11,5,17:41:29.846,25.84,125,120.1,0.8558,4247.1,2863.7,7.924,0.02,0.02,0.02,0.02,-227.0,341.0,-595.0,11713.0,7976,-10538,27.3,0.0,1426.0,0,0,0,c1f,d4e,d4a,d4a,d4a,1,1,1,1,1,0,0,0,0,0,1,1,0,0,1,1,1,0,0,1,0,1,0,1,1,0,0,0,1,0,1,0,0,1,0,1,0,1,1,0,0,0,1,0,1,0,0,1,0,1,0,1,1,0,0,0,1,0,1,0,0,1,0,1,0,1,1,0,0
2024,11,5,17:41:29.866,25.86,145,120.1,0.8558,4247.1,2863.7,7.924,0.02,0.02,0.02,0.02,-229.0,341.0,-595.0,11708.0,7983,-10550,18.6,0.0,1427.0,0,0,0,c1f,d4e,d4a,d4a,d4a,1,1,1,1,1,0,0,0,0,0,1,1,0,0,1,1,1,0,0,1,0,1,0,1,1,0,0,0,1,0,1,0,0,1,0,1,0,1,1,0,0,0,1,0,1,0,0,1,0,1,0,1,1,0,0,0,1,0,1,0,0,1,0,1,0,1,1,0,0
2024,11,5,17:41:29.886,25.88,165,120.1,0.8565,4222.6,2839.2,7.924,0.02,0.02,0.02,0.02,-231.0,341.0,-595.0,11704.0,7990,-10562,11.6,0.0,1427.0,0,0,0,c1f,d4e,d4a,d4a,d4a,1,1,1,1,1,0,0,0,0,0,1,1,0,0,1,1,1,0,0,1,0,1,0,1,1,0,0,0,1,0,1,0,0,1,0,1,0,1,1,0,0,0,1,0,1,0,0,1,0,1,0,1,1,0,0,0,1,0,1,0,0,1,0,1,0,1,1,0,0
2024,11,5,17:41:29.906,25.90,185,120.1,0.8565,4222.6,2839.2,7.925,0.02,0.02,0.02,0.02,-232.0,341.0,-595.0,11699.0,7997,-10574,9.3,0.0,1427.0,0,0,0,c1f,d46,d42,d42,d46,1,1,1,1,1,0,0,0,0,0,1,1,0,0,1,1,0,0,0,1,0,1,0,1,1,0,0,0,1,0,0,0,0,1,0,1,0,1,1,0,0,0,1,0,0,0,0,1,0,1,0,1,1,0,0,0,1,1,0,0,0,1,0,1,0,1,1,0,0
2024,11,5,17:41:29.926,25.92,205,120.1,0.8562,4234.5,2851.1,7.925,0.02,0.02,0.02,0.02,-232.0,341.0,-594.0,11694.0,8004,-10586,11.6,0.0,1426.0,0,0,0,c1f,d46,d42,d42,d46,1,1,1,1,1,0,0,0,0,0,1,1,0,0,1,1,0,0,0,1,0,1,0,1,1,0,0,0,1,0,0,0,0,1,0,1,0,1,1,0,0,0,1,0,0,0,0,1,0,1,0,1,1,0,0,0,1,1,0,0,0,1,0,1,0,1,1,0,0
2024,11,5,17:41:29.946,25.94,225,120.1,0.8562,4234.5,2851.1,7.924,0.02,0.02,0.02,0.02,-233.0,341.0,-593.0,11690.0,8011,-10598,15.3,0.0,1425.0,0,0,0,c1f,d46,d42,d42,d46,1,1,1,1,1,0,0,0,0,0,1,1,0,0,1,1,0,0,0,1,0,1,0,1,1,0,0,0,1,0,0,0,0,1,0,1,0,1,1,0,0,0,1,0,0,0,0,1,0,1,0,1,1,0,0,0,1,1,0,0,0,1,0,1,0,1,1,0,0
2024,11,5,17:41:29.966,25.96,245,120.1,0.8556,4252.1,2868.7,7.924,0.02,0.02,0.02,0.02,-233.0,341.0,-593.0,11685.0,8017,-10610,19.7,0.0,1425.0,0,0,0,c1f,d4e,d4a,d4a,d4a,1,1,1,1,1,0,0,0,0,0,1,1,0,0,1,1,1,0,0,1,0,1,0,1,1,0,0,0,1,0,1,0,0,1,0,1,0,1,1,0,0,0,1,0,1,0,0,1,0,1,0,1,1,0,0,0,1,0,1,0,0,1,0,1,0,1,1,0,0
2024,11,5,17:41:29.986,25.98,15,120.1,0.8556,4252.1,2868.7,7.924,0.02,0.02,0.02,0.02,-235.0,340.0,-593.0,11680.0,8024,-10621,24.8,0.0,1424.0,0,0,0,c1f,d4e,d4a,d4a,d4a,1,1,1,1,1,0,0,0,0,0,1,1,0,0,1,1,1,0,0,1,0,1,0,1,1,0,0,0,1,0,1,0,0,1,0,1,0,1,1,0,0,0,1,0,1,0,0,1,0,1,0,1,1,0,0,0,1,0,1,0,0,1,0,1,0,1,1,0,0
2024,11,5,17:41:30.006,26.00,35,120.1,0.8563,4229.5,2846.1,7.925,0.02,0.02,0.02,0.02,-236.0,340.0,-593.0,11675.0,8031,-10633,30.2,0.0,1424.0,0,0,0,c1f,d4e,d4a,d4a,d4a,1,1,1,1,1,0,0,0,0,0,1,1,0,0,1,1,1,0,0,1,0,1,0,1,1,0,0,0,1,0,1,0,0,1,0,1,0,1,1,0,0,0,1,0,1,0,0,1,0,1,0,1,1,0,0,0,1,0,1,0,0,1,0,1,0,1,1,0,0
2024,11,5,17:41:30.026,26.02,55,120.1,0.8563,4229.5,2846.1,7.924,0.02,0.02,0.02,0.02,-237.0,340.0,-594.0,11671.0,8038,-10645,35.6,0.0,1424.0,0,0,0,c1f,d4e,d4a,d4a,d4a,1,1,1,1,1,0,0,0,0,0,1,1,0,0,1,1,1,0,0,1,0,1,0,1,1,0,0,0,1,0,1,0,0,1,0,1,0,1,1,0,0,0,1,0,1,0,0,1,0,1,0,1,1,0,0,0,1,0,1,0,0,1,0,1,0,1,1,0,0
2024,11,5,17:41:30.046,26.04,75,120.1,0.8562,4232.7,2849.3,7.924,0.02,0.02,0.02,0.02,-238.0,340.0,-594.0,11666.0,8045,-10657,40.7,0.0,1424.0,0,0,0,c1f,d4e,d4a,d4a,d4a,1,1,1,1,1,0,0,0,0,0,1,1,0,0,1,1,1,0,0,1,0,1,0,1,1,0,0,0,1,0,1,0,0,1,0,1,0,1,1,0,0,0,1,0,1,0,0,1,0,1,0,1,1,0,0,0,1,0,1,0,0,1,0,1,0,1,1,0,0
2024,11,5,17:41:30.066,26.06,95,120.1,0.8562,4232.7,2849.3,7.924,0.02,0.02,0.02,0.02,-240.0,339.0,-595.0,11661.0,8051,-10669,45.4,0.0,1424.0,0,0,0,c1f,d4e,d4a,d4a,d4a,1,1,1,1,1,0,0,0,0,0,1,1,0,0,1,1,1,0,0,1,0,1,0,1,1,0,0,0,1,0,1,0,0,1,0,1,0,1,1,0,0,0,1,0,1,0,0,1,0,1,0,1,1,0,0,0,1,0,1,0,0,1,0,1,0,1,1,0,0
2024,11,5,17:41:30.086,26.08,115,120.1,0.8556,4250.9,2867.5,7.924,0.02,0.02,0.02,0.02,-241.0,339.0,-595.0,11656.0,8058,-10681,49.5,0.0,1425.0,0,0,0,c1f,d4e,d4a,d4a,d4a,1,1,1,1,1,0,0,0,0,0,1,1,0,0,1,1,1,0,0,1,0,1,0,1,1,0,0,0,1,0,1,0,0,1,0,1,0,1,1,0,0,0,1,0,1,0,0,1,0,1,0,1,1,0,0,0,1,0,1,0,0,1,0,1,0,1,1,0,0
2024,11,5,17:41:30.106,26.10,135,120.1,0.8556,4250.9,2867.5,7.926,0.02,0.02,0.02,0.02,-242.0,339.0,-595.0,11652.0,8065,-10693,53.1,0.0,1425.0,0,0,0,c1f,d4e,d4a,d4a,d4a,1,1,1,1,1,0,0,0,0,0,1,1,0,0,1,1,1,0,0,1,0,1,0,1,1,0,0,0,1,0,1,0,0,1,0,1,0,1,1,0,0,0,1,0,1,0,0,1,0,1,0,1,1,0,0,0,1,0,1,0,0,1,0,1,0,1,1,0,0
2024,11,5,17:41:30.126,26.12,155,120.1,0.8549,4274.1,2890.7,7.925,0.02,0.02,0.02,0.02,-243.0,339.0,-596.0,11647.0,8072,-10705,56.1,0.0,1426.0,0,0,0,c1f,d4e,d4a,d4a,d4a,1,1,1,1,1,0,0,0,0,0,1,1,0,0,1,1,1,0,0,1,0,1,0,1,1,0,0,0,1,0,1,0,0,1,0,1,0,1,1,0,0,0,1,0,1,0,0,1,0,1,0,1,1,0,0,0,1,0,1,0,0,1,0,1,0,1,1,0,0
2024,11,5,17:41:30.146,26.14,175,120.1,0.8549,4274.1,2890.7,7.925,0.02,0.02,0.02,0.02,-244.0,339.0,-596.0,11642.0,8079,-10717,58.1,0.0,1427.0,0,0,0,c1f,d4e,d4a,d4a,d4a,1,1,1,1,1,0,0,0,0,0,1,1,0,0,1,1,1,0,0,1,0,1,0,1,1,0,0,0,1,0,1,0,0,1,0,1,0,1,1,0,0,0,1,0,1,0,0,1,0,1,0,1,1,0,0,0,1,0,1,0,0,1,0,1,0,1,1,0,0
2024,11,5,17:41:30.166,26.16,195,120.1,0.8551,4269.1,2885.7,7.925,0.02,0.02,0.02,0.02,-245.0,339.0,-597.0,11637.0,8085,-10729,59.2,0.0,1429.0,0,0,0,c1f,d4e,d4a,d4a,d4a,1,1,1,1,1,0,0,0,0,0,1,1,0,0,1,1,1,0,0,1,0,1,0,1,1,0,0,0,1,0,1,0,0,1,0,1,0,1,1,0,0,0,1,0,1,0,0,1,0,1,0,1,1,0,0,0,1,0,1,0,0,1,0,1,0,1,1,0,0
2024,11,5,17:41:30.186,26.18,215,120.1,0.8551,4269.1,2885.7,7.925,0.02,0.02,0.02,0.02,-246.0,339.0,-598.0,11632.0,8092,-10741,59.6,0.0,1430.0,0,0,0,c1f,d4e,d4a,d4a,d4a,1,1,1,1,1,0,0,0,0,0,1,1,0,0,1,1,1,0,0,1,0,1,0,1,1,0,0,0,1,0,1,0,0,1,0,1,0,1,1,0,0,0,1,0,1,0,0,1,0,1,0,1,1,0,0,0,1,0,1,0,0,1,0,1,0,1,1,0,0
2024,11,5,17:41:30.206,26.20,235,120.1,0.8553,4262.2,2878.8,7.925,0.02,0.02,0.02,0.02,-248.0,340.0,-599.0,11627.0,8099,-10753,59.3,0.0,1431.0,0,0,0,c1f,d4e,d4a,d4a,d4a,1,1,1,1,1,0,0,0,0,0,1,1,0,0,1,1,1,0,0,1,0,1,0,1,1,0,0,0,1,0,1,0,0,1,0,1,0,1,1,0,0,0,1,0,1,0,0,1,0,1,0,1,1,0,0,0,1,0,1,0,0,1,0,1,0,1,1,0,0
2024,11,5,17:41:30.226,26.22,5,120.1,0.8553,4262.8,2879.4,7.925,0.02,0.02,0.02,0.02,-249.0,340.0,-599.0,11622.0,8106,-10765,58.6,0.0,1433.0,0,0,0,c1f,d4e,d4a,d4a,d4a,1,1,1,1,1,0,0,0,0,0,1,1,0,0,1,1,1,0,0,1,0,1,0,1,1,0,0,0,1,0,1,0,0,1,0,1,0,1,1,0,0,0,1,0,1,0,0,1,0,1,0,1,1,0,0,0,1,0,1,0,0,1,0,1,0,1,1,0,0
2024,11,5,17:41:30.246,26.24,25,120.1,0.8553,4262.8,2879.4,7.925,0.02,0.02,0.02,0.02,-250.0,340.0,-600.0,11617.0,8113,-10777,57.5,0.0,1434.0,0,0,0,c1f,d4e,d4a,d4a,d4a,1,1,1,1,1,0,0,0,0,0,1,1,0,0,1,1,1,0,0,1,0,1,0,1,1,0,0,0,1,0,1,0,0,1,0,1,0,1,1,0,0,0,1,0,1,0,0,1,0,1,0,1,1,0,0,0,1,0,1,0,0,1,0,1,0,1,1,0,0
2024,11,5,17:41:30.266,26.26,45,120.1,0.8553,4262.8,2879.4,7.925,0.02,0.02,0.02,0.02,-251.0,340.0,-600.0,11612.0,8119,-10789,55.9,0.0,1436.0,0,0,0,c1f,d4e,d4a,d4a,d4a,1,1,1,1,1,0,0,0,0,0,1,1,0,0,1,1,1,0,0,1,0,1,0,1,1,0,0,0,1,0,1,0,0,1,0,1,0,1,1,0,0,0,1,0,1,0,0,1,0,1,0,1,1,0,0,0,1,0,1,0,0,1,0,1,0,1,1,0,0
2024,11,5,17:41:30.286,26.28,65,120.1,0.8557,4247.7,2864.3,7.925,0.02,0.02,0.02,0.02,-252.0,340.0,-601.0,11607.0,8126,-10801,54.1,0.0,1438.0,0,0,0,c1f,d4e,d4a,d4a,d4a,1,1,1,1,1,0,0,0,0,0,1,1,0,0,1,1,1,0,0,1,0,1,0,1,1,0,0,0,1,0,1,0,0,1,0,1,0,1,1,0,0,0,1,0,1,0,0,1,0,1,0,1,1,0,0,0,1,0,1,0,0,1,0,1,0,1,1,0,0
2024,11,5,17:41:30.306,26.30,85,120.1,0.8557,4247.7,2864.3,7.924,0.02,0.02,0.02,0.02,-254.0,340.0,-602.0,11602.0,8133,-10813,51.9,0.0,1440.0,0,0,0,c1f,d4e,d4a,d4a,d4a,1,1,1,1,1,0,0,0,0,0,1,1,0,0,1,1,1,0,0,1,0,1,0,1,1,0,0,0,1,0,1,0,0,1,0,1,0,1,1,0,0,0,1,0,1,0,0,1,0,1,0,1,1,0,0,0,1,0,1,0,0,1,0,1,0,1,1,0,0
2024,11,5,17:41:30.326,26.32,105,120.1,0.8558,4246.5,2863.1,7.925,0.02,0.02,0.02,0.02,-255.0,340.0,-602.0,11597.0,8140,-10825,49.3,0.0,1442.0,0,0,0,c1f,d4e,d4a,d4a,d4a,1,1,1,1,1,0,0,0,0,0,1,1,0,0,1,1,1,0,0,1,0,1,0,1,1,0,0,0,1,0,1,0,0,1,0,1,0,1,1,0,0,0,1,0,1,0,0,1,0,1,0,1,1,0,0,0,1,0,1,0,0,1,0,1,0,1,1,0,0
2024,11,5,17:41:30.346,26.34,125,120.1,0.8558,4246.5,2863.1,7.924,0.02,0.02,0.02,0.02,-256.0,339.0,-603.0,11592.0,8147,-10837,46.3,0.0,1445.0,0,0,0,c1f,d4e,d4a,d4a,d4a,1,1,1,1,1,0,0,0,0,0,1,1,0,0,1,1,1,0,0,1,0,1,0,1,1,0,0,0,1,0,1,0,0,1,0,1,0,1,1,0,0,0,1,0,1,0,0,1,0,1,0,1,1,0,0,0,1,0,1,0,0,1,0,1,0,1,1,0,0
2024,11,5,17:41:30.366,26.36,145,120.1,0.8562,4234.5,2851.1,7.925,0.02,0.02,0.02,0.02,-257.0,339.0,-603.0,11587.0,8153,-10849,43.1,0.0,1447.0,0,0,0,c1f,d4e,d4a,d4a,d4a,1,1,1,1,1,0,0,0,0,0,1,1,0,0,1,1,1,0,0,1,0,1,0,1,1,0,0,0,1,0,1,0,0,1,0,1,0,1,1,0,0,0,1,0,1,0,0,1,0,1,0,1,1,0,0,0,1,0,1,0,0,1,0,1,0,1,1,0,0
2024,11,5,17:41:30.386,26.38,165,120.1,0.8561,4235.2,2851.8,7.925,0.02,0.02,0.02,0.02,-259.0,339.0,-604.0,11581.0,8160,-10861,39.6,0.0,1451.0,0,0,0,c1f,d4e,d4a,d4a,d4a,1,1,1,1,1,0,0,0,0,0,1,1,0,0,1,1,1,0,0,1,0,1,0,1,1,0,0,0,1,0,1,0,0,1,0,1,0,1,1,0,0,0,1,0,1,0,0,1,0,1,0,1,1,0,0,0,1,0,1,0,0,1,0,1,0,1,1,0,0
2024,11,5,17:41:30.406,26.40,185,120.1,0.8563,4231.4,2848.0,7.925,0.02,0.02,0.02,0.02,-260.0,339.0,-604.0,11576.0,8167,-10873,35.9,0.0,1454.0,0,0,0,c1f,d4e,d4a,d4a,d4a,1,1,1,1,1,0,0,0,0,0,1,1,0,0,1,1,1,0,0,1,0,1,0,1,1,0,0,0,1,0,1,0,0,1,0,1,0,1,1,0,0,0,1,0,1,0,0,1,0,1,0,1,1,0,0,0,1,0,1,0,0,1,0,1,0,1,1,0,0
2024,11,5,17:41:30.426,26.42,205,120.1,0.8563,4231.4,2848.0,7.925,0.02,0.02,0.02,0.02,-261.0,339.0,-604.0,11571.0,8174,-10885,31.9,0.0,1458.0,0,0,0,c1f,d4e,d4a,d4a,d4a,1,1,1,1,1,0,0,0,0,0,1,1,0,0,1,1,1,0,0,1,0,1,0,1,1,0,0,0,1,0,1,0,0,1,0,1,0,1,1,0,0,0,1,0,1,0,0,1,0,1,0,1,1,0,0,0,1,0,1,0,0,1,0,1,0,1,1,0,0
2024,11,5,17:41:30.446,26.44,225,120.1,0.8566,4220.1,2836.7,7.925,0.02,0.02,0.02,0.02,-263.0,338.0,-603.0,11566.0,8181,-10897,27.8,0.0,1462.0,0,0,0,c1f,d4e,d4a,d4a,d4a,1,1,1,1,1,0,0,0,0,0,1,1,0,0,1,1,1,0,0,1,0,1,0,1,1,0,0,0,1,0,1,0,0,1,0,1,0,1,1,0,0,0,1,0,1,0,0,1,0,1,0,1,1,0,0,0,1,0,1,0,0,1,0,1,0,1,1,0,0
2024,11,5,17:41:30.466,26.46,245,120.1,0.8566,4220.1,2836.7,7.924,0.02,0.02,0.02,0.02,-264.0,338.0,-603.0,11560.0,8187,-10909,23.7,0.0,1467.0,0,0,0,c1f,d4e,d4a,d4a,d4a,1,1,1,1,1,0,0,0,0,0,1,1,0,0,1,1,1,0,0,1,0,1,0,1,1,0,0,0,1,0,1,0,0,1,0,1,0,1,1,0,0,0,1,0,1,0,0,1,0,1,0,1,1,0,0,0,1,0,1,0,0,1,0,1,0,1,1,0,0
2024,11,5,17:41:30.486,26.48,15,120.1,0.8570,4208.8,2825.4,7.924,0.02,0.02,0.02,0.02,-266.0,338.0,-603.0,11555.0,8194,-10921,19.7,0.0,1472.0,0,0,0,c1f,d4e,d4a,d4a,d4a,1,1,1,1,1,0,0,0,0,0,1,1,0,0,1,1,1,0,0,1,0,1,0,1,1,0,0,0,1,0,1,0,0,1,0,1,0,1,1,0,0,0,1,0,1,0,0,1,0,1,0,1,1,0,0,0,1,0,1,0,0,1,0,1,0,1,1,0,0
2024,11,5,17:41:30.506,26.50,35,120.1,0.8570,4208.8,2825.4,7.924,0.02,0.02,0.02,0.02,-267.0,338.0,-603.0,11550.0,8201,-10933,16.4,0.0,1478.0,0,0,0,c1f,d4e,d4a,d4a,d4a,1,1,1,1,1,0,0,0,0,0,1,1,0,0,1,1,1,0,0,1,0,1,0,1,1,0,0,0,1,0,1,0,0,1,0,1,0,1,1,0,0,0,1,0,1,0,0,1,0,1,0,1,1,0,0,0,1,0,1,0,0,1,0,1,0,1,1,0,0
2024,11,5,17:41:30.526,26.52,55,120.1,0.8572,4201.9,2818.5,7.923,0.02,0.02,0.02,0.02,-269.0,338.0,-602.0,11544.0,8208,-10945,15.3,0.0,1484.0,0,0,0,c1f,d4e,d4a,d4a,d4a,1,1,1,1,1,0,0,0,0,0,1,1,0,0,1,1,1,0,0,1,0,1,0,1,1,0,0,0,1,0,1,0,0,1,0,1,0,1,1,0,0,0,1,0,1,0,0,1,0,1,0,1,1,0,0,0,1,0,1,0,0,1,0,1,0,1,1,0,0
2024,11,5,17:41:30.546,26.54,75,120.1,0.8572,4201.9,2818.5,7.923,0.02,0.02,0.02,0.02,-271.0,338.0,-602.0,11539.0,8214,-10957,16.9,0.0,1492.0,0,0,0,c1f,d4e,d4a,d4a,d4a,1,1,1,1,1,0,0,0,0,0,1,1,0,0,1,1,1,0,0,1,0,1,0,1,1,0,0,0,1,0,1,0,0,1,0,1,0,1,1,0,0,0,1,0,1,0,0,1,0,1,0,1,1,0,0,0,1,0,1,0,0,1,0,1,0,1,1,0,0
2024,11,5,17:41:30.566,26.56,95,120.1,0.8575,4192.5,2809.1,7.924,0.02,0.02,0.02,0.02,-272.0,339.0,-602.0,11534.0,8221,-10969,20.4,0.0,1500.0,0,0,0,c1f,d4e,d4a,d4a,d4a,1,1,1,1,1,0,0,0,0,0,1,1,0,0,1,1,1,0,0,1,0,1,0,1,1,0,0,0,1,0,1,0,0,1,0,1,0,1,1,0,0,0,1,0,1,0,0,1,0,1,0,1,1,0,0,0,1,0,1,0,0,1,0,1,0,1,1,0,0
2024,11,5,17:41:30.586,26.58,115,120.1,0.8575,4192.5,2809.1,7.923,0.02,0.02,0.02,0.02,-273.0,340.0,-601.0,11528.0,8228,-10982,24.6,0.0,1509.0,0,0,0,c1f,d4e,d4a,d4a,d4a,1,1,1,1,1,0,0,0,0,0,1,1,0,0,1,1,1,0,0,1,0,1,0,1,1,0,0,0,1,0,1,0,0,1,0,1,0,1,1,0,0,0,1,0,1,0,0,1,0,1,0,1,1,0,0,0,1,0,1,0,0,1,0,1,0,1,1,0,0
2024,11,5,17:41:30.606,26.60,135,120.1,0.8578,4182.5,2799.1,7.923,0.02,0.02,0.02,0.02,-274.0,340.0,-601.0,11523.0,8235,-10994,28.5,0.0,1519.0,0,0,0,c1f,d4e,d4a,d4a,d4a,1,1,1,1,1,0,0,0,0,0,1,1,0,0,1,1,1,0,0,1,0,1,0,1,1,0,0,0,1,0,1,0,0,1,0,1,0,1,1,0,0,0,1,0,1,0,0,1,0,1,0,1,1,0,0,0,1,0,1,0,0,1,0,1,0,1,1,0,0
2024,11,5,17:41:30.626,26.62,155,120.1,0.8578,4183.1,2799.7,7.924,0.02,0.02,0.02,0.02,-276.0,341.0,-601.0,11517.0,8242,-11006,32.3,0.0,1530.0,0,0,0,c1f,d4e,d4a,d4a,d4a,1,1,1,1,1,0,0,0,0,0,1,1,0,0,1,1,1,0,0,1,0,1,0,1,1,0,0,0,1,0,1,0,0,1,0,1,0,1,1,0,0,0,1,0,1,0,0,1,0,1,0,1,1,0,0,0,1,0,1,0,0,1,0,1,0,1,1,0,0
2024,11,5,17:41:30.646,26.64,175,120.1,0.8584,4164.9,2781.6,7.924,0.02,0.02,0.02,0.02,-277.0,342.0,-602.0,11512.0,8248,-11018,36.1,0.0,1542.0,0,0,0,c1f,d4e,d4a,d4a,d4a,1,1,1,1,1,0,0,0,0,0,1,1,0,0,1,1,1,0,0,1,0,1,0,1,1,0,0,0,1,0,1,0,0,1,0,1,0,1,1,0,0,0,1,0,1,0,0,1,0,1,0,1,1,0,0,0,1,0,1,0,0,1,0,1,0,1,1,0,0
2024,11,5,17:41:30.666,26.66,195,120.1,0.8584,4164.9,2781.6,7.924,0.02,0.02,0.02,0.02,-279.0,342.0,-602.0,11506.0,8255,-11030,39.9,0.0,1555.0,0,0,0,c1f,d4e,d4a,d4a,d4a,1,1,1,1,1,0,0,0,0,0,1,1,0,0,1,1,1,0,0,1,0,1,0,1,1,0,0,0,1,0,1,0,0,1,0,1,0,1,1,0,0,0,1,0,1,0,0,1,0,1,0,1,1,0,0,0,1,0,1,0,0,1,0,1,0,1,1,0,0
2024,11,5,17:41:30.686,26.68,215,120.1,0.8585,4159.9,2776.5,7.924,0.02,0.02,0.02,0.02,-280.0,343.0,-602.0,11500.0,8262,-11042,43.6,0.0,1567.0,0,0,0,c1f,d4e,d4a,d4a,d4a,1,1,1,1,1,0,0,0,0,0,1,1,0,0,1,1,1,0,0,1,0,1,0,1,1,0,0,0,1,0,1,0,0,1,0,1,0,1,1,0,0,0,1,0,1,0,0,1,0,1,0,1,1,0,0,0,1,0,1,0,0,1,0,1,0,1,1,0,0
2024,11,5,17:41:30.706,26.70,235,120.1,0.8585,4159.9,2776.5,7.923,0.02,0.02,0.02,0.02,-281.0,343.0,-603.0,11495.0,8269,-11054,47.0,0.0,1580.0,0,0,0,c1f,d4e,d4a,d4a,d4a,1,1,1,1,1,0,0,0,0,0,1,1,0,0,1,1,1,0,0,1,0,1,0,1,1,0,0,0,1,0,1,0,0,1,0,1,0,1,1,0,0,0,1,0,1,0,0,1,0,1,0,1,1,0,0,0,1,0,1,0,0,1,0,1,0,1,1,0,0
2024,11,5,17:41:30.726,26.72,5,120.1,0.8589,4148.7,2765.3,7.925,0.02,0.02,0.02,0.02,-282.0,344.0,-604.0,11489.0,8276,-11066,50.2,0.0,1593.0,0,0,0,c1f,d4e,d4a,d4a,d4a,1,1,1,1,1,0,0,0,0,0,1,1,0,0,1,1,1,0,0,1,0,1,0,1,1,0,0,0,1,0,1,0,0,1,0,1,0,1,1,0,0,0,1,0,1,0,0,1,0,1,0,1,1,0,0,0,1,0,1,0,0,1,0,1,0,1,1,0,0
2024,11,5,17:41:30.746,26.74,25,120.1,0.8589,4148.7,2765.3,7.924,0.02,0.02,0.02,0.02,-283.0,344.0,-604.0,11483.0,8283,-11078,53.2,0.0,1607.0,0,0,0,c1f,d4e,d4a,d4a,d4a,1,1,1,1,1,0,0,0,0,0,1,1,0,0,1,1,1,0,0,1,0,1,0,1,1,0,0,0,1,0,1,0,0,1,0,1,0,1,1,0,0,0,1,0,1,0,0,1,0,1,0,1,1,0,0,0,1,0,1,0,0,1,0,1,0,1,1,0,0
2024,11,5,17:41:30.766,26.76,45,120.1,0.8586,4156.8,2773.4,7.924,0.02,0.02,0.02,0.02,-285.0,344.0,-605.0,11478.0,8290,-11090,56.2,0.0,1620.0,0,0,0,c1f,d4e,d4a,d4a,d4a,1,1,1,1,1,0,0,0,0,0,1,1,0,0,1,1,1,0,0,1,0,1,0,1,1,0,0,0,1,0,1,0,0,1,0,1,0,1,1,0,0,0,1,0,1,0,0,1,0,1,0,1,1,0,0,0,1,0,1,0,0,1,0,1,0,1,1,0,0
2024,11,5,17:41:30.786,26.78,65,120.1,0.8586,4156.8,2773.4,7.925,0.02,0.02,0.02,0.02,-286.0,344.0,-606.0,11472.0,8297,-11102,59.1,0.0,1634.0,0,0,0,c1f,d4e,d4a,d4a,d4a,1,1,1,1,1,0,0,0,0,0,1,1,0,0,1,1,1,0,0,1,0,1,0,1,1,0,0,0,1,0,1,0,0,1,0,1,0,1,1,0,0,0,1,0,1,0,0,1,0,1,0,1,1,0,0,0,1,0,1,0,0,1,0,1,0,1,1,0,0
2024,11,5,17:41:30.806,26.80,85,120.1,0.8587,4153.7,2770.3,7.925,0.02,0.02,0.02,0.02,-287.0,344.0,-606.0,11466.0,8303,-11114,61.9,0.0,1647.0,0,0,0,c1f,d4e,d4a,d4a,d4a,1,1,1,1,1,0,0,0,0,0,1,1,0,0,1,1,1,0,0,1,0,1,0,1,1,0,0,0,1,0,1,0,0,1,0,1,0,1,1,0,0,0,1,0,1,0,0,1,0,1,0,1,1,0,0,0,1,0,1,0,0,1,0,1,0,1,1,0,0
2024,11,5,17:41:30.826,26.82,105,120.1,0.8587,4153.7,2770.3,7.926,0.02,0.02,0.02,0.02,-288.0,344.0,-607.0,11461.0,8310,-11126,64.5,0.0,1661.0,0,0,0,c1f,d4e,d4a,d4a,d4a,1,1,1,1,1,0,0,0,0,0,1,1,0,0,1,1,1,0,0,1,0,1,0,1,1,0,0,0,1,0,1,0,0,1,0,1,0,1,1,0,0,0,1,0,1,0,0,1,0,1,0,1,1,0,0,0,1,0,1,0,0,1,0,1,0,1,1,0,0
2024,11,5,17:41:30.846,26.84,125,120.1,0.8578,4183.1,2799.7,7.925,0.02,0.02,0.02,0.02,-289.0,344.0,-608.0,11455.0,8317,-11139,66.8,0.0,1675.0,0,0,0,c1f,d4e,d4a,d4a,d4a,1,1,1,1,1,0,0,0,0,0,1,1,0,0,1,1,1,0,0,1,0,1,0,1,1,0,0,0,1,0,1,0,0,1,0,1,0,1,1,0,0,0,1,0,1,0,0,1,0,1,0,1,1,0,0,0,1,0,1,0,0,1,0,1,0,1,1,0,0
2024,11,5,17:41:30.866,26.86,145,120.1,0.8578,4183.1,2799.7,7.925,0.02,0.02,0.02,0.02,-289.0,343.0,-608.0,11449.0,8324,-11151,68.8,0.0,1689.0,0,0,0,c1f,d4e,d4a,d4a,d4a,1,1,1,1,1,0,0,0,0,0,1,1,0,0,1,1,1,0,0,1,0,1,0,1,1,0,0,0,1,0,1,0,0,1,0,1,0,1,1,0,0,0,1,0,1,0,0,1,0,1,0,1,1,0,0,0,1,0,1,0,0,1,0,1,0,1,1,0,0
2024,11,5,17:41:30.886,26.88,165,120.1,0.8574,4195.6,2812.3,7.924,0.02,0.02,0.02,0.02,-290.0,343.0,-608.0,11443.0,8331,-11163,70.4,0.0,1702.0,0,0,0,c1f,d4e,d4a,d4a,d4a,1,1,1,1,1,0,0,0,0,0,1,1,0,0,1,1,1,0,0,1,0,1,0,1,1,0,0,0,1,0,1,0,0,1,0,1,0,1,1,0,0,0,1,0,1,0,0,1,0,1,0,1,1,0,0,0,1,0,1,0,0,1,0,1,0,1,1,0,0
2024,11,5,17:41:30.906,26.90,185,120.1,0.8574,4196.3,2812.9,7.924,0.02,0.02,0.02,0.02,-291.0,343.0,-609.0,11437.0,8338,-11175,71.6,0.0,1716.0,0,0,0,c1f,d4e,d4a,d4a,d4a,1,1,1,1,1,0,0,0,0,0,1,1,0,0,1,1,1,0,0,1,0,1,0,1,1,0,0,0,1,0,1,0,0,1,0,1,0,1,1,0,0,0,1,0,1,0,0,1,0,1,0,1,1,0,0,0,1,0,1,0,0,1,0,1,0,1,1,0,0
2024,11,5,17:41:30.926,26.92,205,120.1,0.8574,4196.3,2812.9,7.923,0.02,0.02,0.02,0.02,-293.0,342.0,-609.0,11431.0,8345,-11187,72.4,0.0,1729.0,0,0,0,c1f,d4e,d4a,d4a,d4a,1,1,1,1,1,0,0,0,0,0,1,1,0,0,1,1,1,0,0,1,0,1,0,1,1,0,0,0,1,0,1,0,0,1,0,1,0,1,1,0,0,0,1,0,1,0,0,1,0,1,0,1,1,0,0,0,1,0,1,0,0,1,0,1,0,1,1,0,0
2024,11,5,17:41:30.946,26.94,225,120.1,0.8574,4195.6,2812.3,7.924,0.02,0.02,0.02,0.02,-294.0,342.0,-608.0,11426.0,8352,-11199,72.7,0.0,1742.0,0,0,0,c1f,d4e,d4a,d4a,d4a,1,1,1,1,1,0,0,0,0,0,1,1,0,0,1,1,1,0,0,1,0,1,0,1,1,0,0,0,1,0,1,0,0,1,0,1,0,1,1,0,0,0,1,0,1,0,0,1,0,1,0,1,1,0,0,0,1,0,1,0,0,1,0,1,0,1,1,0,0
2024,11,5,17:41:30.966,26.96,245,120.1,0.8582,4171.2,2787.8,7.924,0.02,0.02,0.02,0.02,-295.0,342.0,-608.0,11420.0,8358,-11212,72.5,0.0,1755.0,0,0,0,c1f,d4e,d4a,d4a,d4a,1,1,1,1,1,0,0,0,0,0,1,1,0,0,1,1,1,0,0,1,0,1,0,1,1,0,0,0,1,0,1,0,0,1,0,1,0,1,1,0,0,0,1,0,1,0,0,1,0,1,0,1,1,0,0,0,1,0,1,0,0,1,0,1,0,1,1,0,0
2024,11,5,17:41:30.986,26.98,15,120.0,0.8582,4171.8,2788.4,7.924,0.02,0.02,0.02,0.02,-296.0,342.0,-608.0,11414.0,8365,-11224,72.1,0.0,1768.0,0,0,0,c1f,d4e,d4a,d4a,d4a,1,1,1,1,1,0,0,0,0,0,1,1,0,0,1,1,1,0,0,1,0,1,0,1,1,0,0,0,1,0,1,0,0,1,0,1,0,1,1,0,0,0,1,0,1,0,0,1,0,1,0,1,1,0,0,0,1,0,1,0,0,1,0,1,0,1,1,0,0
2024,11,5,17:41:31.006,27.00,35,120.0,0.8586,4158.7,2775.3,7.923,0.02,0.02,0.02,0.02,-297.0,342.0,-608.0,11408.0,8372,-11236,71.6,0.0,1780.0,0,0,0,c1f,d4e,d4a,d4a,d4a,1,1,1,1,1,0,0,0,0,0,1,1,0,0,1,1,1,0,0,1,0,1,0,1,1,0,0,0,1,0,1,0,0,1,0,1,0,1,1,0,0,0,1,0,1,0,0,1,0,1,0,1,1,0,0,0,1,0,1,0,0,1,0,1,0,1,1,0,0
2024,11,5,17:41:31.026,27.02,55,120.1,0.8586,4158.7,2775.3,7.924,0.02,0.02,0.02,0.02,-299.0,342.0,-608.0,11402.0,8379,-11248,70.8,0.0,1791.0,0,0,0,c1f,d4e,d4a,d4a,d4a,1,1,1,1,1,0,0,0,0,0,1,1,0,0,1,1,1,0,0,1,0,1,0,1,1,0,0,0,1,0,1,0,0,1,0,1,0,1,1,0,0,0,1,0,1,0,0,1,0,1,0,1,1,0,0,0,1,0,1,0,0,1,0,1,0,1,1,0,0
2024,11,5,17:41:31.046,27.04,75,120.1,0.8596,4126.1,2742.7,7.925,0.02,0.02,0.02,0.02,-300.0,342.0,-607.0,11396.0,8386,-11260,69.7,0.0,1802.0,0,0,0,c1f,d4e,d4a,d4a,d4a,1,1,1,1,1,0,0,0,0,0,1,1,0,0,1,1,1,0,0,1,0,1,0,1,1,0,0,0,1,0,1,0,0,1,0,1,0,1,1,0,0,0,1,0,1,0,0,1,0,1,0,1,1,0,0,0,1,0,1,0,0,1,0,1,0,1,1,0,0
2024,11,5,17:41:31.066,27.06,95,120.1,0.8596,4125.5,2742.1,7.924,0.02,0.02,0.02,0.02,-301.0,342.0,-608.0,11390.0,8393,-11272,68.1,0.0,1812.0,0,0,0,c1f,d4e,d4a,d4a,d4a,1,1,1,1,1,0,0,0,0,0,1,1,0,0,1,1,1,0,0,1,0,1,0,1,1,0,0,0,1,0,1,0,0,1,0,1,0,1,1,0,0,0,1,0,1,0,0,1,0,1,0,1,1,0,0,0,1,0,1,0,0,1,0,1,0,1,1,0,0
2024,11,5,17:41:31.086,27.08,115,120.1,0.8601,4111.1,2727.7,7.922,0.02,0.02,0.02,0.02,-302.0,342.0,-608.0,11384.0,8399,-11285,66.4,0.0,1821.0,0,0,0,c1f,d4e,d4a,d4a,d4a,1,1,1,1,1,0,0,0,0,0,1,1,0,0,1,1,1,0,0,1,0,1,0,1,1,0,0,0,1,0,1,0,0,1,0,1,0,1,1,0,0,0,1,0,1,0,0,1,0,1,0,1,1,0,0,0,1,0,1,0,0,1,0,1,0,1,1,0,0
2024,11,5,17:41:31.106,27.10,135,120.1,0.8601,4111.8,2728.4,7.925,0.02,0.02,0.02,0.02,-304.0,342.0,-608.0,11378.0,8406,-11297,64.5,0.0,1830.0,0,0,0,c1f,d4e,d4a,d4a,d4a,1,1,1,1,1,0,0,0,0,0,1,1,0,0,1,1,1,0,0,1,0,1,0,1,1,0,0,0,1,0,1,0,0,1,0,1,0,1,1,0,0,0,1,0,1,0,0,1,0,1,0,1,1,0,0,0,1,0,1,0,0,1,0,1,0,1,1,0,0
2024,11,5,17:41:31.126,27.12,155,120.1,0.8599,4116.1,2732.7,7.924,0.02,0.02,0.02,0.02,-305.0,342.0,-608.0,11372.0,8413,-11309,62.2,0.0,1838.0,0,0,0,c1f,d4e,d4a,d4a,d4a,1,1,1,1,1,0,0,0,0,0,1,1,0,0,1,1,1,0,0,1,0,1,0,1,1,0,0,0,1,0,1,0,0,1,0,1,0,1,1,0,0,0,1,0,1,0,0,1,0,1,0,1,1,0,0,0,1,0,1,0,0,1,0,1,0,1,1,0,0
2024,11,5,17:41:31.146,27.14,175,120.1,0.8599,4116.1,2732.7,7.924,0.02,0.02,0.02,0.02,-306.0,342.0,-608.0,11365.0,8420,-11321,59.3,0.0,1846.0,0,0,0,c1f,d4e,d4a,d4a,d4a,1,1,1,1,1,0,0,0,0,0,1,1,0,0,1,1,1,0,0,1,0,1,0,1,1,0,0,0,1,0,1,0,0,1,0,1,0,1,1,0,0,0,1,0,1,0,0,1,0,1,0,1,1,0,0,0,1,0,1,0,0,1,0,1,0,1,1,0,0
2024,11,5,17:41:31.166,27.16,195,120.1,0.8594,4132.4,2749.0,7.924,0.02,0.02,0.02,0.02,-307.0,342.0,-608.0,11359.0,8427,-11333,56.1,0.0,1855.0,0,0,0,c1f,d4e,d4a,d4a,d4a,1,1,1,1,1,0,0,0,0,0,1,1,0,0,1,1,1,0,0,1,0,1,0,1,1,0,0,0,1,0,1,0,0,1,0,1,0,1,1,0,0,0,1,0,1,0,0,1,0,1,0,1,1,0,0,0,1,0,1,0,0,1,0,1,0,1,1,0,0
2024,11,5,17:41:31.186,27.18,215,120.1,0.8594,4132.4,2749.0,7.925,0.02,0.02,0.02,0.02,-308.0,342.0,-608.0,11353.0,8434,-11345,52.3,0.0,1863.0,0,0,0,c1f,d4e,d4a,d4a,d4a,1,1,1,1,1,0,0,0,0,0,1,1,0,0,1,1,1,0,0,1,0,1,0,1,1,0,0,0,1,0,1,0,0,1,0,1,0,1,1,0,0,0,1,0,1,0,0,1,0,1,0,1,1,0,0,0,1,0,1,0,0,1,0,1,0,1,1,0,0
2024,11,5,17:41:31.206,27.20,235,120.1,0.8589,4148.7,2765.3,7.924,0.02,0.02,0.02,0.02,-310.0,342.0,-609.0,11347.0,8441,-11358,48.2,0.0,1871.0,0,0,0,c1f,d4e,d4a,d4a,d4a,1,1,1,1,1,0,0,0,0,0,1,1,0,0,1,1,1,0,0,1,0,1,0,1,1,0,0,0,1,0,1,0,0,1,0,1,0,1,1,0,0,0,1,0,1,0,0,1,0,1,0,1,1,0,0,0,1,0,1,0,0,1,0,1,0,1,1,0,0
2024,11,5,17:41:31.226,27.22,5,120.1,0.8589,4148.7,2765.3,7.925,0.02,0.02,0.02,0.02,-311.0,342.0,-609.0,11341.0,8447,-11370,44.1,0.0,1879.0,0,0,0,c1f,d4e,d4a,d4a,d4a,1,1,1,1,1,0,0,0,0,0,1,1,0,0,1,1,1,0,0,1,0,1,0,1,1,0,0,0,1,0,1,0,0,1,0,1,0,1,1,0,0,0,1,0,1,0,0,1,0,1,0,1,1,0,0,0,1,0,1,0,0,1,0,1,0,1,1,0,0
2024,11,5,17:41:31.246,27.24,25,120.1,0.8584,4163.7,2780.3,7.924,0.02,0.02,0.02,0.02,-312.0,342.0,-609.0,11335.0,8454,-11382,39.9,0.0,1886.0,0,0,0,c1f,d4e,d4a,d4a,d4a,1,1,1,1,1,0,0,0,0,0,1,1,0,0,1,1,1,0,0,1,0,1,0,1,1,0,0,0,1,0,1,0,0,1,0,1,0,1,1,0,0,0,1,0,1,0,0,1,0,1,0,1,1,0,0,0,1,0,1,0,0,1,0,1,0,1,1,0,0
2024,11,5,17:41:31.266,27.26,45,120.1,0.8584,4163.1,2779.7,7.925,0.02,0.02,0.02,0.02,-313.0,342.0,-609.0,11328.0,8461,-11394,35.9,0.0,1894.0,0,0,0,c1f,d4e,d4a,d4a,d4a,1,1,1,1,1,0,0,0,0,0,1,1,0,0,1,1,1,0,0,1,0,1,0,1,1,0,0,0,1,0,1,0,0,1,0,1,0,1,1,0,0,0,1,0,1,0,0,1,0,1,0,1,1,0,0,0,1,0,1,0,0,1,0,1,0,1,1,0,0
2024,11,5,17:41:31.286,27.28,65,120.1,0.8584,4163.1,2779.7,7.925,0.02,0.02,0.02,0.02,-313.0,342.0,-609.0,11322.0,8468,-11406,32.4,0.0,1902.0,0,0,0,c1f,d4e,d4a,d4a,d4a,1,1,1,1,1,0,0,0,0,0,1,1,0,0,1,1,1,0,0,1,0,1,0,1,1,0,0,0,1,0,1,0,0,1,0,1,0,1,1,0,0,0,1,0,1,0,0,1,0,1,0,1,1,0,0,0,1,0,1,0,0,1,0,1,0,1,1,0,0
2024,11,5,17:41:31.306,27.30,85,120.1,0.8584,4163.7,2780.3,7.924,0.02,0.02,0.02,0.02,-315.0,342.0,-610.0,11316.0,8475,-11419,30.5,0.0,1909.0,0,0,0,c1f,d4e,d4a,d4a,d4a,1,1,1,1,1,0,0,0,0,0,1,1,0,0,1,1,1,0,0,1,0,1,0,1,1,0,0,0,1,0,1,0,0,1,0,1,0,1,1,0,0,0,1,0,1,0,0,1,0,1,0,1,1,0,0,0,1,0,1,0,0,1,0,1,0,1,1,0,0
2024,11,5,17:41:31.326,27.32,105,120.1,0.8588,4151.8,2768.4,7.920,0.02,0.02,0.02,0.02,-316.0,342.0,-610.0,11309.0,8482,-11431,30.7,0.0,1916.0,0,0,0,c1f,d4e,d4a,d4a,d4a,1,1,1,1,1,0,0,0,0,0,1,1,0,0,1,1,1,0,0,1,0,1,0,1,1,0,0,0,1,0,1,0,0,1,0,1,0,1,1,0,0,0,1,0,1,0,0,1,0,1,0,1,1,0,0,0,1,0,1,0,0,1,0,1,0,1,1,0,0
2024,11,5,17:41:31.346,27.34,125,120.1,0.8588,4151.8,2768.4,7.924,0.02,0.02,0.02,0.02,-317.0,341.0,-611.0,11303.0,8488,-11443,33.0,0.0,1924.0,0,0,0,c1f,d4e,d4a,d4a,d4a,1,1,1,1,1,0,0,0,0,0,1,1,0,0,1,1,1,0,0,1,0,1,0,1,1,0,0,0,1,0,1,0,0,1,0,1,0,1,1,0,0,0,1,0,1,0,0,1,0,1,0,1,1,0,0,0,1,0,1,0,0,1,0,1,0,1,1,0,0
2024,11,5,17:41:31.366,27.36,145,120.1,0.8590,4145.5,2762.1,7.923,0.02,0.02,0.02,0.02,-318.0,341.0,-612.0,11297.0,8495,-11455,36.8,0.0,1931.0,0,0,0,c1f,d4e,d4a,d4a,d4a,1,1,1,1,1,0,0,0,0,0,1,1,0,0,1,1,1,0,0,1,0,1,0,1,1,0,0,0,1,0,1,0,0,1,0,1,0,1,1,0,0,0,1,0,1,0,0,1,0,1,0,1,1,0,0,0,1,0,1,0,0,1,0,1,0,1,1,0,0
2024,11,5,17:41:31.386,27.38,165,120.1,0.8590,4145.5,2762.1,7.924,0.02,0.02,0.02,0.02,-320.0,341.0,-612.0,11290.0,8502,-11468,41.5,0.0,1939.0,0,0,0,c1f,d4e,d4a,d4a,d4a,1,1,1,1,1,0,0,0,0,0,1,1,0,0,1,1,1,0,0,1,0,1,0,1,1,0,0,0,1,0,1,0,0,1,0,1,0,1,1,0,0,0,1,0,1,0,0,1,0,1,0,1,1,0,0,0,1,0,1,0,0,1,0,1,0,1,1,0,0
2024,11,5,17:41:31.406,27.40,185,120.1,0.8594,4132.4,2749.0,7.925,0.02,0.02,0.02,0.02,-321.0,341.0,-613.0,11284.0,8509,-11480,46.5,0.0,1947.0,0,0,0,c1f,d4e,d4a,d4a,d4a,1,1,1,1,1,0,0,0,0,0,1,1,0,0,1,1,1,0,0,1,0,1,0,1,1,0,0,0,1,0,1,0,0,1,0,1,0,1,1,0,0,0,1,0,1,0,0,1,0,1,0,1,1,0,0,0,1,0,1,0,0,1,0,1,0,1,1,0,0
2024,11,5,17:41:31.426,27.42,205,120.1,0.8594,4132.4,2749.0,7.925,0.02,0.02,0.02,0.02,-322.0,340.0,-614.0,11277.0,8516,-11492,51.4,0.0,1954.0,0,0,0,c1f,d4e,d4a,d4a,d4a,1,1,1,1,1,0,0,0,0,0,1,1,0,0,1,1,1,0,0,1,0,1,0,1,1,0,0,0,1,0,1,0,0,1,0,1,0,1,1,0,0,0,1,0,1,0,0,1,0,1,0,1,1,0,0,0,1,0,1,0,0,1,0,1,0,1,1,0,0
2024,11,5,17:41:31.446,27.44,225,120.1,0.8593,4135.5,2752.1,7.924,0.02,0.02,0.02,0.02,-324.0,340.0,-614.0,11271.0,8523,-11504,56.1,0.0,1962.0,0,0,0,c1f,d4e,d4a,d4a,d4a,1,1,1,1,1,0,0,0,0,0,1,1,0,0,1,1,1,0,0,1,0,1,0,1,1,0,0,0,1,0,1,0,0,1,0,1,0,1,1,0,0,0,1,0,1,0,0,1,0,1,0,1,1,0,0,0,1,0,1,0,0,1,0,1,0,1,1,0,0
2024,11,5,17:41:31.466,27.46,245,120.0,0.8593,4136.1,2752.8,7.924,0.02,0.02,0.02,0.02,-325.0,340.0,-615.0,11264.0,8529,-11517,60.3,0.0,1969.0,0,0,0,c1f,d4e,d4a,d4a,d4a,1,1,1,1,1,0,0,0,0,0,1,1,0,0,1,1,1,0,0,1,0,1,0,1,1,0,0,0,1,0,1,0,0,1,0,1,0,1,1,0,0,0,1,0,1,0,0,1,0,1,0,1,1,0,0,0,1,0,1,0,0,1,0,1,0,1,1,0,0
2024,11,5,17:41:31.486,27.48,15,120.0,0.8589,4149.3,2765.9,7.925,0.02,0.02,0.02,0.02,-326.0,339.0,-616.0,11258.0,8536,-11529,64.0,0.0,1977.0,0,0,0,c1f,d4e,d4a,d4a,d4a,1,1,1,1,1,0,0,0,0,0,1,1,0,0,1,1,1,0,0,1,0,1,0,1,1,0,0,0,1,0,1,0,0,1,0,1,0,1,1,0,0,0,1,0,1,0,0,1,0,1,0,1,1,0,0,0,1,0,1,0,0,1,0,1,0,1,1,0,0
2024,11,5,17:41:31.506,27.50,35,120.1,0.8589,4148.7,2765.3,7.924,0.02,0.02,0.02,0.02,-327.0,339.0,-616.0,11251.0,8543,-11541,67.3,0.0,1983.0,0,0,0,c1f,d4e,d4a,d4a,d4a,1,1,1,1,1,0,0,0,0,0,1,1,0,0,1,1,1,0,0,1,0,1,0,1,1,0,0,0,1,0,1,0,0,1,0,1,0,1,1,0,0,0,1,0,1,0,0,1,0,1,0,1,1,0,0,0,1,0,1,0,0,1,0,1,0,1,1,0,0
2024,11,5,17:41:31.526,27.52,55,120.1,0.8594,4134.3,2750.9,7.924,0.02,0.02,0.02,0.02,-329.0,338.0,-617.0,11245.0,8550,-11554,70.0,0.0,1990.0,0,0,0,c1f,d4e,d4a,d4a,d4a,1,1,1,1,1,0,0,0,0,0,1,1,0,0,1,1,1,0,0,1,0,1,0,1,1,0,0,0,1,0,1,0,0,1,0,1,0,1,1,0,0,0,1,0,1,0,0,1,0,1,0,1,1,0,0,0,1,0,1,0,0,1,0,1,0,1,1,0,0
2024,11,5,17:41:31.546,27.54,75,120.1,0.8594,4134.3,2750.9,7.924,0.02,0.02,0.02,0.02,-330.0,338.0,-618.0,11238.0,8557,-11566,72.2,0.0,1996.0,0,0,0,c1f,d4e,d4a,d4a,d4a,1,1,1,1,1,0,0,0,0,0,1,1,0,0,1,1,1,0,0,1,0,1,0,1,1,0,0,0,1,0,1,0,0,1,0,1,0,1,1,0,0,0,1,0,1,0,0,1,0,1,0,1,1,0,0,0,1,0,1,0,0,1,0,1,0,1,1,0,0
2024,11,5,17:41:31.566,27.56,95,120.1,0.8595,4130.5,2747.1,7.924,0.02,0.02,0.02,0.02,-331.0,338.0,-618.0,11232.0,8563,-11578,74.2,0.0,2002.0,0,0,0,c1f,d4e,d4a,d4a,d4a,1,1,1,1,1,0,0,0,0,0,1,1,0,0,1,1,1,0,0,1,0,1,0,1,1,0,0,0,1,0,1,0,0,1,0,1,0,1,1,0,0,0,1,0,1,0,0,1,0,1,0,1,1,0,0,0,1,0,1,0,0,1,0,1,0,1,1,0,0
2024,11,5,17:41:31.586,27.58,115,120.1,0.8595,4130.5,2747.1,7.924,0.02,0.02,0.02,0.02,-333.0,338.0,-619.0,11225.0,8570,-11591,75.9,0.0,2007.0,0,0,0,c1f,d4e,d4a,d4a,d4a,1,1,1,1,1,0,0,0,0,0,1,1,0,0,1,1,1,0,0,1,0,1,0,1,1,0,0,0,1,0,1,0,0,1,0,1,0,1,1,0,0,0,1,0,1,0,0,1,0,1,0,1,1,0,0,0,1,0,1,0,0,1,0,1,0,1,1,0,0
2024,11,5,17:41:31.606,27.60,135,120.1,0.8606,4094.9,2711.5,7.925,0.02,0.02,0.02,0.02,-334.0,337.0,-620.0,11218.0,8577,-11603,77.6,0.0,2011.0,0,0,0,c1f,d4e,d4a,d4a,d4a,1,1,1,1,1,0,0,0,0,0,1,1,0,0,1,1,1,0,0,1,0,1,0,1,1,0,0,0,1,0,1,0,0,1,0,1,0,1,1,0,0,0,1,0,1,0,0,1,0,1,0,1,1,0,0,0,1,0,1,0,0,1,0,1,0,1,1,0,0
2024,11,5,17:41:31.626,27.62,155,120.0,0.8606,4095.5,2712.1,7.924,0.02,0.02,0.02,0.02,-335.0,337.0,-620.0,11212.0,8584,-11616,79.2,0.0,2015.0,0,0,0,c1f,d4e,d4a,d4a,d4a,1,1,1,1,1,0,0,0,0,0,1,1,0,0,1,1,1,0,0,1,0,1,0,1,1,0,0,0,1,0,1,0,0,1,0,1,0,1,1,0,0,0,1,0,1,0,0,1,0,1,0,1,1,0,0,0,1,0,1,0,0,1,0,1,0,1,1,0,0
2024,11,5,17:41:31.646,27.64,175,120.0,0.8607,4092.4,2709.0,7.923,0.02,0.02,0.02,0.02,-337.0,337.0,-621.0,11205.0,8590,-11628,80.7,0.0,2018.0,0,0,0,c1f,d4e,d4a,d4a,d4a,1,1,1,1,1,0,0,0,0,0,1,1,0,0,1,1,1,0,0,1,0,1,0,1,1,0,0,0,1,0,1,0,0,1,0,1,0,1,1,0,0,0,1,0,1,0,0,1,0,1,0,1,1,0,0,0,1,0,1,0,0,1,0,1,0,1,1,0,0
2024,11,5,17:41:31.666,27.66,195,120.0,0.8607,4092.4,2709.0,7.924,0.02,0.02,0.02,0.02,-338.0,337.0,-621.0,11198.0,8597,-11640,82.2,0.0,2020.0,0,0,0,c1f,d4e,d4a,d4a,d4a,1,1,1,1,1,0,0,0,0,0,1,1,0,0,1,1,1,0,0,1,0,1,0,1,1,0,0,0,1,0,1,0,0,1,0,1,0,1,1,0,0,0,1,0,1,0,0,1,0,1,0,1,1,0,0,0,1,0,1,0,0,1,0,1,0,1,1,0,0
2024,11,5,17:41:31.686,27.68,215,120.0,0.8614,4069.3,2685.9,7.925,0.02,0.02,0.02,0.02,-340.0,338.0,-621.0,11191.0,8604,-11653,83.7,0.0,2022.0,0,0,0,c1f,d4e,d4a,d4a,d4a,1,1,1,1,1,0,0,0,0,0,1,1,0,0,1,1,1,0,0,1,0,1,0,1,1,0,0,0,1,0,1,0,0,1,0,1,0,1,1,0,0,0,1,0,1,0,0,1,0,1,0,1,1,0,0,0,1,0,1,0,0,1,0,1,0,1,1,0,0
2024,11,5,17:41:31.706,27.70,235,120.1,0.8614,4069.3,2685.9,7.924,0.02,0.02,0.02,0.02,-341.0,338.0,-621.0,11184.0,8611,-11665,85.1,0.0,2022.0,0,0,0,c1f,d4e,d4a,d4a,d4a,1,1,1,1,1,0,0,0,0,0,1,1,0,0,1,1,1,0,0,1,0,1,0,1,1,0,0,0,1,0,1,0,0,1,0,1,0,1,1,0,0,0,1,0,1,0,0,1,0,1,0,1,1,0,0,0,1,0,1,0,0,1,0,1,0,1,1,0,0
2024,11,5,17:41:31.726,27.72,5,120.1,0.8621,4049.9,2666.5,7.924,0.02,0.02,0.02,0.02,-342.0,338.0,-622.0,11178.0,8617,-11678,86.6,0.0,2022.0,0,0,0,c1f,d4e,d4a,d4a,d4a,1,1,1,1,1,0,0,0,0,0,1,1,0,0,1,1,1,0,0,1,0,1,0,1,1,0,0,0,1,0,1,0,0,1,0,1,0,1,1,0,0,0,1,0,1,0,0,1,0,1,0,1,1,0,0,0,1,0,1,0,0,1,0,1,0,1,1,0,0
2024,11,5,17:41:31.746,27.74,25,120.0,0.8621,4049.9,2666.5,7.925,0.02,0.02,0.02,0.02,-343.0,338.0,-622.0,11171.0,8624,-11690,87.9,0.0,2022.0,0,0,0,c1f,d4e,d4a,d4a,d4a,1,1,1,1,1,0,0,0,0,0,1,1,0,0,1,1,1,0,0,1,0,1,0,1,1,0,0,0,1,0,1,0,0,1,0,1,0,1,1,0,0,0,1,0,1,0,0,1,0,1,0,1,1,0,0,0,1,0,1,0,0,1,0,1,0,1,1,0,0
2024,11,5,17:41:31.766,27.76,45,120.0,0.8624,4040.5,2657.2,7.925,0.02,0.02,0.02,0.02,-345.0,338.0,-622.0,11164.0,8631,-11703,89.0,0.0,2021.0,0,0,0,c1f,d4e,d4a,d4a,d4a,1,1,1,1,1,0,0,0,0,0,1,1,0,0,1,1,1,0,0,1,0,1,0,1,1,0,0,0,1,0,1,0,0,1,0,1,0,1,1,0,0,0,1,0,1,0,0,1,0,1,0,1,1,0,0,0,1,0,1,0,0,1,0,1,0,1,1,0,0
2024,11,5,17:41:31.786,27.78,65,120.0,0.8624,4040.5,2657.2,7.924,0.02,0.02,0.02,0.02,-346.0,338.0,-622.0,11157.0,8638,-11715,90.1,0.0,2019.0,0,0,0,c1f,d4e,d4a,d4a,d4a,1,1,1,1,1,0,0,0,0,0,1,1,0,0,1,1,1,0,0,1,0,1,0,1,1,0,0,0,1,0,1,0,0,1,0,1,0,1,1,0,0,0,1,0,1,0,0,1,0,1,0,1,1,0,0,0,1,0,1,0,0,1,0,1,0,1,1,0,0
2024,11,5,17:41:31.806,27.80,85,120.0,0.8629,4022.5,2639.1,7.924,0.02,0.02,0.02,0.02,-347.0,338.0,-623.0,11150.0,8644,-11728,91.0,0.0,2017.0,0,0,0,c1f,d4a,d4a,d4a,d4a,1,1,1,1,1,0,0,0,0,0,1,1,0,0,1,0,1,0,0,1,0,1,0,1,1,0,0,0,1,0,1,0,0,1,0,1,0,1,1,0,0,0,1,0,1,0,0,1,0,1,0,1,1,0,0,0,1,0,1,0,0,1,0,1,0,1,1,0,0
2024,11,5,17:41:31.826,27.82,105,120.0,0.8629,4022.5,2639.1,7.924,0.02,0.02,0.02,0.02,-348.0,338.0,-623.0,11143.0,8651,-11740,91.4,0.0,2014.0,0,0,0,c1f,d4a,d4a,d4a,d4a,1,1,1,1,1,0,0,0,0,0,1,1,0,0,1,0,1,0,0,1,0,1,0,1,1,0,0,0,1,0,1,0,0,1,0,1,0,1,1,0,0,0,1,0,1,0,0,1,0,1,0,1,1,0,0,0,1,0,1,0,0,1,0,1,0,1,1,0,0
2024,11,5,17:41:31.846,27.84,125,120.0,0.8631,4018.1,2634.7,7.925,0.02,0.02,0.02,0.02,-349.0,338.0,-623.0,11136.0,8658,-11752,91.4,0.0,2011.0,0,0,0,c1f,d4a,d4a,d4a,d4a,1,1,1,1,1,0,0,0,0,0,1,1,0,0,1,0,1,0,0,1,0,1,0,1,1,0,0,0,1,0,1,0,0,1,0,1,0,1,1,0,0,0,1,0,1,0,0,1,0,1,0,1,1,0,0,0,1,0,1,0,0,1,0,1,0,1,1,0,0
2024,11,5,17:41:31.866,27.86,145,120.0,0.8631,4017.5,2634.1,7.924,0.02,0.02,0.02,0.02,-351.0,338.0,-623.0,11129.0,8665,-11765,91.0,0.0,2007.0,0,0,0,c1f,d4a,d4a,d4a,d4a,1,1,1,1,1,0,0,0,0,0,1,1,0,0,1,0,1,0,0,1,0,1,0,1,1,0,0,0,1,0,1,0,0,1,0,1,0,1,1,0,0,0,1,0,1,0,0,1,0,1,0,1,1,0,0,0,1,0,1,0,0,1,0,1,0,1,1,0,0
2024,11,5,17:41:31.886,27.88,165,120.0,0.8636,4001.3,2617.9,7.923,0.02,0.02,0.02,0.02,-352.0,338.0,-623.0,11122.0,8672,-11777,90.2,0.0,2003.0,0,0,0,c1f,d4a,d4a,d4a,d4a,1,1,1,1,1,0,0,0,0,0,1,1,0,0,1,0,1,0,0,1,0,1,0,1,1,0,0,0,1,0,1,0,0,1,0,1,0,1,1,0,0,0,1,0,1,0,0,1,0,1,0,1,1,0,0,0,1,0,1,0,0,1,0,1,0,1,1,0,0
2024,11,5,17:41:31.906,27.90,185,120.0,0.8636,4001.9,2618.5,7.923,0.02,0.02,0.02,0.02,-353.0,338.0,-623.0,11115.0,8678,-11790,89.0,0.0,1999.0,0,0,0,c1f,d4a,d4a,d4a,d4a,1,1,1,1,1,0,0,0,0,0,1,1,0,0,1,0,1,0,0,1,0,1,0,1,1,0,0,0,1,0,1,0,0,1,0,1,0,1,1,0,0,0,1,0,1,0,0,1,0,1,0,1,1,0,0,0,1,0,1,0,0,1,0,1,0,1,1,0,0
2024,11,5,17:41:31.926,27.92,205,120.0,0.8633,4011.2,2627.8,7.924,0.02,0.02,0.02,0.02,-355.0,338.0,-623.0,11108.0,8685,-11802,87.4,0.0,1995.0,0,0,0,c1f,d4e,d4a,d4a,d4a,1,1,1,1,1,0,0,0,0,0,1,1,0,0,1,1,1,0,0,1,0,1,0,1,1,0,0,0,1,0,1,0,0,1,0,1,0,1,1,0,0,0,1,0,1,0,0,1,0,1,0,1,1,0,0,0,1,0,1,0,0,1,0,1,0,1,1,0,0
2024,11,5,17:41:31.946,27.94,225,120.0,0.8633,4011.2,2627.8,7.924,0.02,0.02,0.02,0.02,-356.0,338.0,-623.0,11101.0,8692,-11815,85.7,0.0,1991.0,0,0,0,c1f,d4e,d4a,d4a,d4a,1,1,1,1,1,0,0,0,0,0,1,1,0,0,1,1,1,0,0,1,0,1,0,1,1,0,0,0,1,0,1,0,0,1,0,1,0,1,1,0,0,0,1,0,1,0,0,1,0,1,0,1,1,0,0,0,1,0,1,0,0,1,0,1,0,1,1,0,0
2024,11,5,17:41:31.966,27.96,245,120.0,0.8628,4027.4,2644.1,7.925,0.02,0.02,0.02,0.02,-358.0,338.0,-623.0,11094.0,8699,-11827,84.2,0.0,1987.0,0,0,0,c1f,d4e,d4a,d4a,d4a,1,1,1,1,1,0,0,0,0,0,1,1,0,0,1,1,1,0,0,1,0,1,0,1,1,0,0,0,1,0,1,0,0,1,0,1,0,1,1,0,0,0,1,0,1,0,0,1,0,1,0,1,1,0,0,0,1,0,1,0,0,1,0,1,0,1,1,0,0
2024,11,5,17:41:31.986,27.98,15,120.0,0.8628,4027.4,2644.1,7.925,0.02,0.02,0.02,0.02,-359.0,338.0,-623.0,11086.0,8705,-11840,82.7,0.0,1983.0,0,0,0,c1f,d4e,d4a,d4a,d4a,1,1,1,1,1,0,0,0,0,0,1,1,0,0,1,1,1,0,0,1,0,1,0,1,1,0,0,0,1,0,1,0,0,1,0,1,0,1,1,0,0,0,1,0,1,0,0,1,0,1,0,1,1,0,0,0,1,0,1,0,0,1,0,1,0,1,1,0,0
2024,11,5,17:41:32.006,28.00,35,120.0,0.8624,4038.7,2655.3,7.926,0.02,0.02,0.02,0.02,-361.0,337.0,-624.0,11079.0,8712,-11852,81.4,0.0,1980.0,0,0,0,c1f,d4e,d4a,d4a,d4a,1,1,1,1,1,0,0,0,0,0,1,1,0,0,1,1,1,0,0,1,0,1,0,1,1,0,0,0,1,0,1,0,0,1,0,1,0,1,1,0,0,0,1,0,1,0,0,1,0,1,0,1,1,0,0,0,1,0,1,0,0,1,0,1,0,1,1,0,0
2024,11,5,17:41:32.026,28.02,55,120.0,0.8624,4039.3,2655.9,7.925,0.02,0.02,0.02,0.02,-362.0,337.0,-624.0,11072.0,8719,-11865,80.2,0.0,1978.0,0,0,0,c1f,d4e,d4a,d4a,d4a,1,1,1,1,1,0,0,0,0,0,1,1,0,0,1,1,1,0,0,1,0,1,0,1,1,0,0,0,1,0,1,0,0,1,0,1,0,1,1,0,0,0,1,0,1,0,0,1,0,1,0,1,1,0,0,0,1,0,1,0,0,1,0,1,0,1,1,0,0
2024,11,5,17:41:32.046,28.04,75,120.0,0.8625,4035.6,2652.2,7.924,0.02,0.02,0.02,0.02,-364.0,337.0,-624.0,11065.0,8726,-11877,79.0,0.0,1976.0,0,0,0,c1f,d4e,d4a,d4a,d4a,1,1,1,1,1,0,0,0,0,0,1,1,0,0,1,1,1,0,0,1,0,1,0,1,1,0,0,0,1,0,1,0,0,1,0,1,0,1,1,0,0,0,1,0,1,0,0,1,0,1,0,1,1,0,0,0,1,0,1,0,0,1,0,1,0,1,1,0,0
2024,11,5,17:41:32.066,28.06,95,120.0,0.8625,4035.6,2652.2,7.925,0.02,0.02,0.02,0.02,-365.0,337.0,-624.0,11057.0,8732,-11890,77.8,0.0,1975.0,0,0,0,c1f,d4e,d4a,d4a,d4a,1,1,1,1,1,0,0,0,0,0,1,1,0,0,1,1,1,0,0,1,0,1,0,1,1,0,0,0,1,0,1,0,0,1,0,1,0,1,1,0,0,0,1,0,1,0,0,1,0,1,0,1,1,0,0,0,1,0,1,0,0,1,0,1,0,1,1,0,0
2024,11,5,17:41:32.086,28.08,115,120.0,0.8624,4040.5,2657.2,7.925,0.02,0.02,0.02,0.02,-367.0,337.0,-625.0,11050.0,8739,-11902,76.5,0.0,1974.0,0,0,0,c1f,d4e,d4a,d4a,d4a,1,1,1,1,1,0,0,0,0,0,1,1,0,0,1,1,1,0,0,1,0,1,0,1,1,0,0,0,1,0,1,0,0,1,0,1,0,1,1,0,0,0,1,0,1,0,0,1,0,1,0,1,1,0,0,0,1,0,1,0,0,1,0,1,0,1,1,0,0
2024,11,5,17:41:32.106,28.10,135,120.0,0.8624,4040.5,2657.2,7.924,0.02,0.02,0.02,0.02,-368.0,337.0,-625.0,11043.0,8746,-11915,75.3,0.0,1974.0,0,0,0,c1f,d4e,d4a,d4a,d4a,1,1,1,1,1,0,0,0,0,0,1,1,0,0,1,1,1,0,0,1,0,1,0,1,1,0,0,0,1,0,1,0,0,1,0,1,0,1,1,0,0,0,1,0,1,0,0,1,0,1,0,1,1,0,0,0,1,0,1,0,0,1,0,1,0,1,1,0,0
2024,11,5,17:41:32.126,28.12,155,120.0,0.8626,4034.3,2650.9,7.924,0.02,0.02,0.02,0.02,-370.0,337.0,-625.0,11035.0,8753,-11927,74.0,0.0,1975.0,0,0,0,c1f,d4e,d4a,d4a,d4a,1,1,1,1,1,0,0,0,0,0,1,1,0,0,1,1,1,0,0,1,0,1,0,1,1,0,0,0,1,0,1,0,0,1,0,1,0,1,1,0,0,0,1,0,1,0,0,1,0,1,0,1,1,0,0,0,1,0,1,0,0,1,0,1,0,1,1,0,0
2024,11,5,17:41:32.146,28.14,175,120.0,0.8626,4034.3,2650.9,7.924,0.02,0.02,0.02,0.02,-371.0,336.0,-626.0,11028.0,8759,-11940,72.5,0.0,1976.0,0,0,0,c1f,d4e,d4a,d4a,d4a,1,1,1,1,1,0,0,0,0,0,1,1,0,0,1,1,1,0,0,1,0,1,0,1,1,0,0,0,1,0,1,0,0,1,0,1,0,1,1,0,0,0,1,0,1,0,0,1,0,1,0,1,1,0,0,0,1,0,1,0,0,1,0,1,0,1,1,0,0
2024,11,5,17:41:32.166,28.16,195,120.0,0.8626,4034.3,2650.9,7.924,0.02,0.02,0.02,0.02,-373.0,336.0,-626.0,11020.0,8766,-11952,71.2,0.0,1978.0,0,0,0,c1f,d4e,d4a,d4a,d4a,1,1,1,1,1,0,0,0,0,0,1,1,0,0,1,1,1,0,0,1,0,1,0,1,1,0,0,0,1,0,1,0,0,1,0,1,0,1,1,0,0,0,1,0,1,0,0,1,0,1,0,1,1,0,0,0,1,0,1,0,0,1,0,1,0,1,1,0,0
2024,11,5,17:41:32.186,28.18,215,120.0,0.8626,4033.7,2650.3,7.925,0.02,0.02,0.02,0.02,-374.0,336.0,-626.0,11013.0,8773,-11965,70.1,0.0,1980.0,0,0,0,c1f,d4e,d4a,d4a,d4a,1,1,1,1,1,0,0,0,0,0,1,1,0,0,1,1,1,0,0,1,0,1,0,1,1,0,0,0,1,0,1,0,0,1,0,1,0,1,1,0,0,0,1,0,1,0,0,1,0,1,0,1,1,0,0,0,1,0,1,0,0,1,0,1,0,1,1,0,0
2024,11,5,17:41:32.206,28.20,235,120.0,0.8629,4024.3,2640.9,7.924,0.02,0.02,0.02,0.02,-376.0,337.0,-626.0,11005.0,8780,-11977,69.0,0.0,1983.0,0,0,0,c1f,d4e,d4a,d4a,d4a,1,1,1,1,1,0,0,0,0,0,1,1,0,0,1,1,1,0,0,1,0,1,0,1,1,0,0,0,1,0,1,0,0,1,0,1,0,1,1,0,0,0,1,0,1,0,0,1,0,1,0,1,1,0,0,0,1,0,1,0,0,1,0,1,0,1,1,0,0
2024,11,5,17:41:32.226,28.22,5,120.0,0.8629,4024.3,2640.9,7.924,0.02,0.02,0.02,0.02,-377.0,337.0,-627.0,10998.0,8786,-11990,67.7,0.0,1986.0,0,0,0,c1f,d4e,d4a,d4a,d4a,1,1,1,1,1,0,0,0,0,0,1,1,0,0,1,1,1,0,0,1,0,1,0,1,1,0,0,0,1,0,1,0,0,1,0,1,0,1,1,0,0,0,1,0,1,0,0,1,0,1,0,1,1,0,0,0,1,0,1,0,0,1,0,1,0,1,1,0,0
2024,11,5,17:41:32.246,28.24,25,120.0,0.8630,4021.2,2637.8,7.924,0.02,0.02,0.02,0.02,-378.0,337.0,-627.0,10990.0,8793,-12002,66.2,0.0,1990.0,0,0,0,c1f,d4e,d4a,d4a,d4a,1,1,1,1,1,0,0,0,0,0,1,1,0,0,1,1,1,0,0,1,0,1,0,1,1,0,0,0,1,0,1,0,0,1,0,1,0,1,1,0,0,0,1,0,1,0,0,1,0,1,0,1,1,0,0,0,1,0,1,0,0,1,0,1,0,1,1,0,0
2024,11,5,17:41:32.266,28.26,45,120.0,0.8630,4021.8,2638.4,7.925,0.02,0.02,0.02,0.02,-380.0,336.0,-627.0,10983.0,8800,-12015,64.6,0.0,1994.0,0,0,0,c1f,d4e,d4a,d4a,d4a,1,1,1,1,1,0,0,0,0,0,1,1,0,0,1,1,1,0,0,1,0,1,0,1,1,0,0,0,1,0,1,0,0,1,0,1,0,1,1,0,0,0,1,0,1,0,0,1,0,1,0,1,1,0,0,0,1,0,1,0,0,1,0,1,0,1,1,0,0
2024,11,5,17:41:32.286,28.28,65,120.0,0.8631,4016.8,2633.5,7.924,0.02,0.02,0.02,0.02,-382.0,336.0,-628.0,10975.0,8807,-12028,62.9,0.0,1998.0,0,0,0,c1f,d4e,d4a,d4a,d4a,1,1,1,1,1,0,0,0,0,0,1,1,0,0,1,1,1,0,0,1,0,1,0,1,1,0,0,0,1,0,1,0,0,1,0,1,0,1,1,0,0,0,1,0,1,0,0,1,0,1,0,1,1,0,0,0,1,0,1,0,0,1,0,1,0,1,1,0,0
2024,11,5,17:41:32.306,28.30,85,120.0,0.8631,4016.8,2633.5,7.924,0.02,0.02,0.02,0.02,-383.0,336.0,-628.0,10967.0,8813,-12040,60.9,0.0,2002.0,0,0,0,c1f,d4e,d4a,d4a,d4a,1,1,1,1,1,0,0,0,0,0,1,1,0,0,1,1,1,0,0,1,0,1,0,1,1,0,0,0,1,0,1,0,0,1,0,1,0,1,1,0,0,0,1,0,1,0,0,1,0,1,0,1,1,0,0,0,1,0,1,0,0,1,0,1,0,1,1,0,0
2024,11,5,17:41:32.326,28.32,105,120.0,0.8633,4010.0,2626.6,7.923,0.02,0.02,0.02,0.02,-385.0,336.0,-629.0,10960.0,8820,-12053,59.0,0.0,2006.0,0,0,0,c1f,d4e,d4a,d4a,d4a,1,1,1,1,1,0,0,0,0,0,1,1,0,0,1,1,1,0,0,1,0,1,0,1,1,0,0,0,1,0,1,0,0,1,0,1,0,1,1,0,0,0,1,0,1,0,0,1,0,1,0,1,1,0,0,0,1,0,1,0,0,1,0,1,0,1,1,0,0
2024,11,5,17:41:32.346,28.34,125,120.0,0.8633,4010.0,2626.6,7.924,0.02,0.02,0.02,0.02,-386.0,336.0,-629.0,10952.0,8827,-12065,57.2,0.0,2009.0,0,0,0,c1f,d4e,d4a,d4a,d4a,1,1,1,1,1,0,0,0,0,0,1,1,0,0,1,1,1,0,0,1,0,1,0,1,1,0,0,0,1,0,1,0,0,1,0,1,0,1,1,0,0,0,1,0,1,0,0,1,0,1,0,1,1,0,0,0,1,0,1,0,0,1,0,1,0,1,1,0,0
2024,11,5,17:41:32.366,28.36,145,120.0,0.8635,4005.0,2621.6,7.924,0.02,0.02,0.02,0.02,-388.0,336.0,-629.0,10944.0,8834,-12078,55.6,0.0,2012.0,0,0,0,c1f,d4e,d4a,d4a,d4a,1,1,1,1,1,0,0,0,0,0,1,1,0,0,1,1,1,0,0,1,0,1,0,1,1,0,0,0,1,0,1,0,0,1,0,1,0,1,1,0,0,0,1,0,1,0,0,1,0,1,0,1,1,0,0,0,1,0,1,0,0,1,0,1,0,1,1,0,0
2024,11,5,17:41:32.386,28.38,165,120.0,0.8635,4005.0,2621.6,7.925,0.02,0.02,0.02,0.02,-389.0,336.0,-630.0,10937.0,8840,-12090,53.9,0.0,2015.0,0,0,0,c1f,d4e,d4a,d4a,d4a,1,1,1,1,1,0,0,0,0,0,1,1,0,0,1,1,1,0,0,1,0,1,0,1,1,0,0,0,1,0,1,0,0,1,0,1,0,1,1,0,0,0,1,0,1,0,0,1,0,1,0,1,1,0,0,0,1,0,1,0,0,1,0,1,0,1,1,0,0
2024,11,5,17:41:32.406,28.40,185,120.0,0.8635,4005.0,2621.6,7.925,0.02,0.02,0.02,0.02,-391.0,336.0,-630.0,10929.0,8847,-12103,52.3,0.0,2018.0,0,0,0,c1f,d4e,d4a,d4a,d4a,1,1,1,1,1,0,0,0,0,0,1,1,0,0,1,1,1,0,0,1,0,1,0,1,1,0,0,0,1,0,1,0,0,1,0,1,0,1,1,0,0,0,1,0,1,0,0,1,0,1,0,1,1,0,0,0,1,0,1,0,0,1,0,1,0,1,1,0,0
2024,11,5,17:41:32.426,28.42,205,120.0,0.8635,4005.6,2622.2,7.925,0.02,0.02,0.02,0.02,-392.0,336.0,-631.0,10921.0,8854,-12116,50.9,0.0,2020.0,0,0,0,c1f,d4e,d4a,d4a,d4a,1,1,1,1,1,0,0,0,0,0,1,1,0,0,1,1,1,0,0,1,0,1,0,1,1,0,0,0,1,0,1,0,0,1,0,1,0,1,1,0,0,0,1,0,1,0,0,1,0,1,0,1,1,0,0,0,1,0,1,0,0,1,0,1,0,1,1,0,0
2024,11,5,17:41:32.446,28.44,225,120.0,0.8636,4000.6,2617.3,7.924,0.02,0.02,0.02,0.02,-394.0,336.0,-631.0,10913.0,8861,-12128,49.5,0.0,2021.0,0,0,0,c1f,d4e,d4a,d4a,d4a,1,1,1,1,1,0,0,0,0,0,1,1,0,0,1,1,1,0,0,1,0,1,0,1,1,0,0,0,1,0,1,0,0,1,0,1,0,1,1,0,0,0,1,0,1,0,0,1,0,1,0,1,1,0,0,0,1,0,1,0,0,1,0,1,0,1,1,0,0
2024,11,5,17:41:32.466,28.46,245,120.0,0.8636,4000.6,2617.3,7.924,0.02,0.02,0.02,0.02,-395.0,336.0,-631.0,10905.0,8867,-12141,48.5,0.0,2023.0,0,0,0,c1f,d4e,d4a,d4a,d4a,1,1,1,1,1,0,0,0,0,0,1,1,0,0,1,1,1,0,0,1,0,1,0,1,1,0,0,0,1,0,1,0,0,1,0,1,0,1,1,0,0,0,1,0,1,0,0,1,0,1,0,1,1,0,0,0,1,0,1,0,0,1,0,1,0,1,1,0,0
2024,11,5,17:41:32.486,28.48,15,120.0,0.8640,3988.2,2604.8,7.925,0.02,0.02,0.02,0.02,-397.0,336.0,-632.0,10897.0,8874,-12154,47.9,0.0,2023.0,0,0,0,c1f,d4e,d4a,d4a,d4a,1,1,1,1,1,0,0,0,0,0,1,1,0,0,1,1,1,0,0,1,0,1,0,1,1,0,0,0,1,0,1,0,0,1,0,1,0,1,1,0,0,0,1,0,1,0,0,1,0,1,0,1,1,0,0,0,1,0,1,0,0,1,0,1,0,1,1,0,0
2024,11,5,17:41:32.506,28.50,35,120.0,0.8641,3987.6,2604.2,7.924,0.02,0.02,0.02,0.02,-398.0,336.0,-632.0,10889.0,8881,-12166,47.2,0.0,2024.0,0,0,0,c1f,d4e,d4a,d4a,d4a,1,1,1,1,1,0,0,0,0,0,1,1,0,0,1,1,1,0,0,1,0,1,0,1,1,0,0,0,1,0,1,0,0,1,0,1,0,1,1,0,0,0,1,0,1,0,0,1,0,1,0,1,1,0,0,0,1,0,1,0,0,1,0,1,0,1,1,0,0
2024,11,5,17:41:32.526,28.52,55,120.0,0.8638,3994.4,2611.0,7.924,0.02,0.02,0.02,0.02,-400.0,336.0,-633.0,10881.0,8887,-12179,46.4,0.0,2023.0,0,0,0,c1f,d4e,d4a,d4a,d4a,1,1,1,1,1,0,0,0,0,0,1,1,0,0,1,1,1,0,0,1,0,1,0,1,1,0,0,0,1,0,1,0,0,1,0,1,0,1,1,0,0,0,1,0,1,0,0,1,0,1,0,1,1,0,0,0,1,0,1,0,0,1,0,1,0,1,1,0,0
2024,11,5,17:41:32.546,28.54,75,120.0,0.8638,3994.4,2611.0,7.925,0.02,0.02,0.02,0.02,-401.0,336.0,-633.0,10873.0,8894,-12192,46.0,0.0,2023.0,0,0,0,c1f,d4e,d4a,d4a,d4a,1,1,1,1,1,0,0,0,0,0,1,1,0,0,1,1,1,0,0,1,0,1,0,1,1,0,0,0,1,0,1,0,0,1,0,1,0,1,1,0,0,0,1,0,1,0,0,1,0,1,0,1,1,0,0,0,1,0,1,0,0,1,0,1,0,1,1,0,0
2024,11,5,17:41:32.566,28.56,95,120.0,0.8637,3998.8,2615.4,7.924,0.02,0.02,0.02,0.02,-403.0,336.0,-633.0,10865.0,8901,-12204,45.7,0.0,2022.0,0,0,0,c1f,d4e,d4a,d4a,d4a,1,1,1,1,1,0,0,0,0,0,1,1,0,0,1,1,1,0,0,1,0,1,0,1,1,0,0,0,1,0,1,0,0,1,0,1,0,1,1,0,0,0,1,0,1,0,0,1,0,1,0,1,1,0,0,0,1,0,1,0,0,1,0,1,0,1,1,0,0
2024,11,5,17:41:32.586,28.58,115,120.0,0.8637,3999.4,2616.0,7.924,0.02,0.02,0.02,0.02,-404.0,336.0,-634.0,10857.0,8908,-12217,45.6,0.0,2021.0,0,0,0,c1f,d4e,d4a,d4a,d4a,1,1,1,1,1,0,0,0,0,0,1,1,0,0,1,1,1,0,0,1,0,1,0,1,1,0,0,0,1,0,1,0,0,1,0,1,0,1,1,0,0,0,1,0,1,0,0,1,0,1,0,1,1,0,0,0,1,0,1,0,0,1,0,1,0,1,1,0,0
2024,11,5,17:41:32.606,28.60,135,120.0,0.8636,4001.3,2617.9,7.926,0.02,0.02,0.02,0.02,-405.0,335.0,-634.0,10849.0,8914,-12230,45.7,0.0,2020.0,0,0,0,c1f,d4e,d4a,d4a,d4a,1,1,1,1,1,0,0,0,0,0,1,1,0,0,1,1,1,0,0,1,0,1,0,1,1,0,0,0,1,0,1,0,0,1,0,1,0,1,1,0,0,0,1,0,1,0,0,1,0,1,0,1,1,0,0,0,1,0,1,0,0,1,0,1,0,1,1,0,0
2024,11,5,17:41:32.626,28.62,155,120.0,0.8636,4001.3,2617.9,7.926,0.02,0.02,0.02,0.02,-407.0,335.0,-635.0,10841.0,8921,-12242,46.0,0.0,2020.0,0,0,0,c1f,d4e,d4a,d4a,d4a,1,1,1,1,1,0,0,0,0,0,1,1,0,0,1,1,1,0,0,1,0,1,0,1,1,0,0,0,1,0,1,0,0,1,0,1,0,1,1,0,0,0,1,0,1,0,0,1,0,1,0,1,1,0,0,0,1,0,1,0,0,1,0,1,0,1,1,0,0
2024,11,5,17:41:32.646,28.64,175,120.0,0.8637,3998.1,2614.8,7.925,0.02,0.02,0.02,0.02,-408.0,335.0,-635.0,10833.0,8928,-12255,46.3,0.0,2019.0,0,0,0,c1f,d4e,d4a,d4a,d4a,1,1,1,1,1,0,0,0,0,0,1,1,0,0,1,1,1,0,0,1,0,1,0,1,1,0,0,0,1,0,1,0,0,1,0,1,0,1,1,0,0,0,1,0,1,0,0,1,0,1,0,1,1,0,0,0,1,0,1,0,0,1,0,1,0,1,1,0,0
2024,11,5,17:41:32.666,28.66,195,120.0,0.8637,3997.5,2614.1,7.924,0.02,0.02,0.02,0.02,-410.0,335.0,-635.0,10824.0,8935,-12268,46.6,0.0,2018.0,0,0,0,c1f,d4e,d4a,d4a,d4a,1,1,1,1,1,0,0,0,0,0,1,1,0,0,1,1,1,0,0,1,0,1,0,1,1,0,0,0,1,0,1,0,0,1,0,1,0,1,1,0,0,0,1,0,1,0,0,1,0,1,0,1,1,0,0,0,1,0,1,0,0,1,0,1,0,1,1,0,0
2024,11,5,17:41:32.686,28.68,215,120.0,0.8636,4000.6,2617.3,7.924,0.02,0.02,0.02,0.02,-411.0,335.0,-636.0,10816.0,8941,-12281,46.9,0.0,2017.0,0,0,0,c1f,d4e,d4a,d4a,d4a,1,1,1,1,1,0,0,0,0,0,1,1,0,0,1,1,1,0,0,1,0,1,0,1,1,0,0,0,1,0,1,0,0,1,0,1,0,1,1,0,0,0,1,0,1,0,0,1,0,1,0,1,1,0,0,0,1,0,1,0,0,1,0,1,0,1,1,0,0
2024,11,5,17:41:32.706,28.70,235,120.0,0.8636,4001.3,2617.9,7.924,0.02,0.02,0.02,0.02,-412.0,335.0,-636.0,10808.0,8948,-12293,47.2,0.0,2016.0,0,0,0,c1f,d4e,d4a,d4a,d4a,1,1,1,1,1,0,0,0,0,0,1,1,0,0,1,1,1,0,0,1,0,1,0,1,1,0,0,0,1,0,1,0,0,1,0,1,0,1,1,0,0,0,1,0,1,0,0,1,0,1,0,1,1,0,0,0,1,0,1,0,0,1,0,1,0,1,1,0,0
2024,11,5,17:41:32.726,28.72,5,120.0,0.8646,3970.1,2586.7,7.925,0.02,0.02,0.02,0.02,-414.0,334.0,-637.0,10800.0,8955,-12306,47.4,0.0,2015.0,0,0,0,c1f,d4e,d4a,d4a,d4a,1,1,1,1,1,0,0,0,0,0,1,1,0,0,1,1,1,0,0,1,0,1,0,1,1,0,0,0,1,0,1,0,0,1,0,1,0,1,1,0,0,0,1,0,1,0,0,1,0,1,0,1,1,0,0,0,1,0,1,0,0,1,0,1,0,1,1,0,0
2024,11,5,17:41:32.746,28.74,25,120.0,0.8646,3970.7,2587.4,7.924,0.02,0.02,0.02,0.02,-415.0,335.0,-637.0,10791.0,8961,-12319,47.3,0.0,2015.0,0,0,0,c1f,d4e,d4a,d4a,d4a,1,1,1,1,1,0,0,0,0,0,1,1,0,0,1,1,1,0,0,1,0,1,0,1,1,0,0,0,1,0,1,0,0,1,0,1,0,1,1,0,0,0,1,0,1,0,0,1,0,1,0,1,1,0,0,0,1,0,1,0,0,1,0,1,0,1,1,0,0
2024,11,5,17:41:32.766,28.76,45,120.0,0.8648,3965.8,2582.4,7.924,0.02,0.02,0.02,0.02,-416.0,334.0,-637.0,10783.0,8968,-12331,46.8,0.0,2014.0,0,0,0,c1f,d4e,d4a,d4a,d4a,1,1,1,1,1,0,0,0,0,0,1,1,0,0,1,1,1,0,0,1,0,1,0,1,1,0,0,0,1,0,1,0,0,1,0,1,0,1,1,0,0,0,1,0,1,0,0,1,0,1,0,1,1,0,0,0,1,0,1,0,0,1,0,1,0,1,1,0,0
2024,11,5,17:41:32.786,28.78,65,120.0,0.8648,3965.8,2582.4,7.925,0.02,0.02,0.02,0.02,-417.0,334.0,-638.0,10775.0,8975,-12344,46.1,0.0,2013.0,0,0,0,c1f,d4e,d4a,d4a,d4a,1,1,1,1,1,0,0,0,0,0,1,1,0,0,1,1,1,0,0,1,0,1,0,1,1,0,0,0,1,0,1,0,0,1,0,1,0,1,1,0,0,0,1,0,1,0,0,1,0,1,0,1,1,0,0,0,1,0,1,0,0,1,0,1,0,1,1,0,0
2024,11,5,17:41:32.806,28.80,85,120.0,0.8648,3965.8,2582.4,7.924,0.02,0.02,0.02,0.02,-418.0,334.0,-638.0,10766.0,8981,-12357,45.4,0.0,2012.0,0,0,0,c1f,d4e,d4a,d4a,d4a,1,1,1,1,1,0,0,0,0,0,1,1,0,0,1,1,1,0,0,1,0,1,0,1,1,0,0,0,1,0,1,0,0,1,0,1,0,1,1,0,0,0,1,0,1,0,0,1,0,1,0,1,1,0,0,0,1,0,1,0,0,1,0,1,0,1,1,0,0
2024,11,5,17:41:32.826,28.82,105,120.0,0.8648,3965.8,2582.4,7.924,0.02,0.02,0.02,0.02,-420.0,334.0,-639.0,10758.0,8988,-12370,44.6,0.0,2011.0,0,0,0,c1f,d4e,d4a,d4a,d4a,1,1,1,1,1,0,0,0,0,0,1,1,0,0,1,1,1,0,0,1,0,1,0,1,1,0,0,0,1,0,1,0,0,1,0,1,0,1,1,0,0,0,1,0,1,0,0,1,0,1,0,1,1,0,0,0,1,0,1,0,0,1,0,1,0,1,1,0,0
2024,11,5,17:41:32.846,28.84,125,120.0,0.8652,3952.7,2569.3,7.925,0.02,0.02,0.02,0.02,-421.0,334.0,-639.0,10750.0,8995,-12383,43.4,0.0,2011.0,0,0,0,c1f,d4e,d4a,d4a,d4a,1,1,1,1,1,0,0,0,0,0,1,1,0,0,1,1,1,0,0,1,0,1,0,1,1,0,0,0,1,0,1,0,0,1,0,1,0,1,1,0,0,0,1,0,1,0,0,1,0,1,0,1,1,0,0,0,1,0,1,0,0,1,0,1,0,1,1,0,0
2024,11,5,17:41:32.866,28.86,145,120.0,0.8652,3952.7,2569.3,7.925,0.02,0.02,0.02,0.02,-422.0,334.0,-640.0,10741.0,9002,-12395,42.1,0.0,2010.0,0,0,0,c1f,d4e,d4a,d4a,d4a,1,1,1,1,1,0,0,0,0,0,1,1,0,0,1,1,1,0,0,1,0,1,0,1,1,0,0,0,1,0,1,0,0,1,0,1,0,1,1,0,0,0,1,0,1,0,0,1,0,1,0,1,1,0,0,0,1,0,1,0,0,1,0,1,0,1,1,0,0
2024,11,5,17:41:32.886,28.88,165,120.0,0.8655,3943.4,2560.0,7.923,0.02,0.02,0.02,0.02,-423.0,334.0,-640.0,10733.0,9008,-12408,40.6,0.0,2009.0,0,0,0,c1f,d4e,d4a,d4a,d4a,1,1,1,1,1,0,0,0,0,0,1,1,0,0,1,1,1,0,0,1,0,1,0,1,1,0,0,0,1,0,1,0,0,1,0,1,0,1,1,0,0,0,1,0,1,0,0,1,0,1,0,1,1,0,0,0,1,0,1,0,0,1,0,1,0,1,1,0,0
2024,11,5,17:41:32.906,28.90,185,120.0,0.8655,3943.4,2560.0,7.924,0.02,0.02,0.02,0.02,-424.0,334.0,-641.0,10724.0,9015,-12421,38.8,0.0,2008.0,0,0,0,c1f,d4e,d4a,d4a,d4a,1,1,1,1,1,0,0,0,0,0,1,1,0,0,1,1,1,0,0,1,0,1,0,1,1,0,0,0,1,0,1,0,0,1,0,1,0,1,1,0,0,0,1,0,1,0,0,1,0,1,0,1,1,0,0,0,1,0,1,0,0,1,0,1,0,1,1,0,0
2024,11,5,17:41:32.926,28.92,205,120.0,0.8654,3946.5,2563.1,7.924,0.02,0.02,0.02,0.02,-425.0,334.0,-641.0,10716.0,9022,-12434,37.1,0.0,2007.0,0,0,0,c1f,d4e,d4a,d4a,d4a,1,1,1,1,1,0,0,0,0,0,1,1,0,0,1,1,1,0,0,1,0,1,0,1,1,0,0,0,1,0,1,0,0,1,0,1,0,1,1,0,0,0,1,0,1,0,0,1,0,1,0,1,1,0,0,0,1,0,1,0,0,1,0,1,0,1,1,0,0
2024,11,5,17:41:32.946,28.94,225,120.0,0.8654,3946.5,2563.1,7.924,0.02,0.02,0.02,0.02,-426.0,334.0,-641.0,10707.0,9028,-12447,35.6,0.0,2006.0,0,0,0,c1f,d4e,d4a,d4a,d4a,1,1,1,1,1,0,0,0,0,0,1,1,0,0,1,1,1,0,0,1,0,1,0,1,1,0,0,0,1,0,1,0,0,1,0,1,0,1,1,0,0,0,1,0,1,0,0,1,0,1,0,1,1,0,0,0,1,0,1,0,0,1,0,1,0,1,1,0,0
2024,11,5,17:41:32.966,28.96,245,120.0,0.8657,3935.3,2551.9,7.924,0.02,0.02,0.02,0.02,-428.0,334.0,-641.0,10699.0,9035,-12460,34.0,0.0,2006.0,0,0,0,c1f,d4e,d4a,d4a,d4a,1,1,1,1,1,0,0,0,0,0,1,1,0,0,1,1,1,0,0,1,0,1,0,1,1,0,0,0,1,0,1,0,0,1,0,1,0,1,1,0,0,0,1,0,1,0,0,1,0,1,0,1,1,0,0,0,1,0,1,0,0,1,0,1,0,1,1,0,0
2024,11,5,17:41:32.986,28.98,15,120.0,0.8657,3935.3,2551.9,7.924,0.02,0.02,0.02,0.02,-429.0,334.0,-642.0,10690.0,9042,-12472,32.6,0.0,2005.0,0,0,0,c1f,d4e,d4a,d4a,d4a,1,1,1,1,1,0,0,0,0,0,1,1,0,0,1,1,1,0,0,1,0,1,0,1,1,0,0,0,1,0,1,0,0,1,0,1,0,1,1,0,0,0,1,0,1,0,0,1,0,1,0,1,1,0,0,0,1,0,1,0,0,1,0,1,0,1,1,0,0
2024,11,5,17:41:33.006,29.00,35,120.0,0.8660,3927.2,2543.8,7.924,0.02,0.02,0.02,0.02,-430.0,334.0,-642.0,10681.0,9048,-12485,31.3,0.0,2005.0,0,0,0,c1f,d4e,d4a,d4a,d4a,1,1,1,1,1,0,0,0,0,0,1,1,0,0,1,1,1,0,0,1,0,1,0,1,1,0,0,0,1,0,1,0,0,1,0,1,0,1,1,0,0,0,1,0,1,0,0,1,0,1,0,1,1,0,0,0,1,0,1,0,0,1,0,1,0,1,1,0,0
2024,11,5,17:41:33.026,29.02,55,120.0,0.8660,3926.6,2543.2,7.925,0.02,0.02,0.02,0.02,-432.0,334.0,-642.0,10673.0,9055,-12498,30.1,0.0,2004.0,0,0,0,c1f,d4e,d4a,d4a,d4a,1,1,1,1,1,0,0,0,0,0,1,1,0,0,1,1,1,0,0,1,0,1,0,1,1,0,0,0,1,0,1,0,0,1,0,1,0,1,1,0,0,0,1,0,1,0,0,1,0,1,0,1,1,0,0,0,1,0,1,0,0,1,0,1,0,1,1,0,0
2024,11,5,17:41:33.046,29.04,75,120.0,0.8664,3913.5,2530.1,7.925,0.02,0.02,0.02,0.02,-433.0,334.0,-642.0,10664.0,9062,-12511,29.5,0.0,2004.0,0,0,0,c1f,d4e,d4a,d4a,d4a,1,1,1,1,1,0,0,0,0,0,1,1,0,0,1,1,1,0,0,1,0,1,0,1,1,0,0,0,1,0,1,0,0,1,0,1,0,1,1,0,0,0,1,0,1,0,0,1,0,1,0,1,1,0,0,0,1,0,1,0,0,1,0,1,0,1,1,0,0
2024,11,5,17:41:33.066,29.06,95,120.0,0.8664,3914.1,2530.7,7.924,0.02,0.02,0.02,0.02,-434.0,334.0,-642.0,10656.0,9068,-12524,29.5,0.0,2004.0,0,0,0,c1f,d4e,d4a,d4a,d4a,1,1,1,1,1,0,0,0,0,0,1,1,0,0,1,1,1,0,0,1,0,1,0,1,1,0,0,0,1,0,1,0,0,1,0,1,0,1,1,0,0,0,1,0,1,0,0,1,0,1,0,1,1,0,0,0,1,0,1,0,0,1,0,1,0,1,1,0,0
2024,11,5,17:41:33.086,29.08,115,120.0,0.8664,3914.1,2530.7,7.924,0.02,0.02,0.02,0.02,-435.0,334.0,-643.0,10647.0,9075,-12537,30.1,0.0,2005.0,0,0,0,c1f,d4e,d4a,d4a,d4a,1,1,1,1,1,0,0,0,0,0,1,1,0,0,1,1,1,0,0,1,0,1,0,1,1,0,0,0,1,0,1,0,0,1,0,1,0,1,1,0,0,0,1,0,1,0,0,1,0,1,0,1,1,0,0,0,1,0,1,0,0,1,0,1,0,1,1,0,0
2024,11,5,17:41:33.106,29.10,135,120.0,0.8664,3914.1,2530.7,7.924,0.02,0.02,0.02,0.02,-436.0,333.0,-643.0,10638.0,9082,-12549,31.4,0.0,2005.0,0,0,0,c1f,d4e,d4a,d4a,d4a,1,1,1,1,1,0,0,0,0,0,1,1,0,0,1,1,1,0,0,1,0,1,0,1,1,0,0,0,1,0,1,0,0,1,0,1,0,1,1,0,0,0,1,0,1,0,0,1,0,1,0,1,1,0,0,0,1,0,1,0,0,1,0,1,0,1,1,0,0
2024,11,5,17:41:33.126,29.12,155,120.0,0.8665,3912.3,2528.9,7.925,0.02,0.02,0.02,0.02,-438.0,333.0,-643.0,10629.0,9088,-12562,33.2,0.0,2006.0,0,0,0,c1f,d4e,d4a,d4a,d4a,1,1,1,1,1,0,0,0,0,0,1,1,0,0,1,1,1,0,0,1,0,1,0,1,1,0,0,0,1,0,1,0,0,1,0,1,0,1,1,0,0,0,1,0,1,0,0,1,0,1,0,1,1,0,0,0,1,0,1,0,0,1,0,1,0,1,1,0,0
2024,11,5,17:41:33.146,29.14,175,120.0,0.8665,3912.3,2528.9,7.924,0.02,0.02,0.02,0.02,-439.0,333.0,-643.0,10621.0,9095,-12575,35.2,0.0,2007.0,0,0,0,c1f,d4e,d4a,d4a,d4a,1,1,1,1,1,0,0,0,0,0,1,1,0,0,1,1,1,0,0,1,0,1,0,1,1,0,0,0,1,0,1,0,0,1,0,1,0,1,1,0,0,0,1,0,1,0,0,1,0,1,0,1,1,0,0,0,1,0,1,0,0,1,0,1,0,1,1,0,0
2024,11,5,17:41:33.166,29.16,195,120.0,0.8668,3901.1,2517.7,7.924,0.02,0.02,0.02,0.02,-440.0,333.0,-643.0,10612.0,9102,-12588,37.3,0.0,2009.0,0,0,0,c1f,d4e,d4a,d4a,d4a,1,1,1,1,1,0,0,0,0,0,1,1,0,0,1,1,1,0,0,1,0,1,0,1,1,0,0,0,1,0,1,0,0,1,0,1,0,1,1,0,0,0,1,0,1,0,0,1,0,1,0,1,1,0,0,0,1,0,1,0,0,1,0,1,0,1,1,0,0
2024,11,5,17:41:33.186,29.18,215,120.0,0.8669,3900.5,2517.1,7.925,0.02,0.02,0.02,0.02,-441.0,332.0,-644.0,10603.0,9108,-12601,39.6,0.0,2010.0,0,0,0,c1f,d4e,d4a,d4a,d4a,1,1,1,1,1,0,0,0,0,0,1,1,0,0,1,1,1,0,0,1,0,1,0,1,1,0,0,0,1,0,1,0,0,1,0,1,0,1,1,0,0,0,1,0,1,0,0,1,0,1,0,1,1,0,0,0,1,0,1,0,0,1,0,1,0,1,1,0,0
2024,11,5,17:41:33.206,29.20,235,120.0,0.8667,3905.4,2522.0,7.924,0.02,0.02,0.02,0.02,-442.0,332.0,-644.0,10594.0,9115,-12614,41.9,0.0,2013.0,0,0,0,c1f,d4e,d4a,d4a,d4a,1,1,1,1,1,0,0,0,0,0,1,1,0,0,1,1,1,0,0,1,0,1,0,1,1,0,0,0,1,0,1,0,0,1,0,1,0,1,1,0,0,0,1,0,1,0,0,1,0,1,0,1,1,0,0,0,1,0,1,0,0,1,0,1,0,1,1,0,0
2024,11,5,17:41:33.226,29.22,5,120.0,0.8667,3906.0,2522.7,7.926,0.02,0.02,0.02,0.02,-444.0,332.0,-644.0,10585.0,9122,-12627,44.2,0.0,2015.0,0,0,0,c1f,d4e,d4a,d4a,d4a,1,1,1,1,1,0,0,0,0,0,1,1,0,0,1,1,1,0,0,1,0,1,0,1,1,0,0,0,1,0,1,0,0,1,0,1,0,1,1,0,0,0,1,0,1,0,0,1,0,1,0,1,1,0,0,0,1,0,1,0,0,1,0,1,0,1,1,0,0
2024,11,5,17:41:33.246,29.24,25,120.0,0.8666,3907.3,2523.9,7.924,0.02,0.02,0.02,0.02,-445.0,332.0,-644.0,10576.0,9128,-12640,46.5,0.0,2018.0,0,0,0,c1f,d4e,d4a,d4a,d4a,1,1,1,1,1,0,0,0,0,0,1,1,0,0,1,1,1,0,0,1,0,1,0,1,1,0,0,0,1,0,1,0,0,1,0,1,0,1,1,0,0,0,1,0,1,0,0,1,0,1,0,1,1,0,0,0,1,0,1,0,0,1,0,1,0,1,1,0,0
2024,11,5,17:41:33.266,29.26,45,120.0,0.8666,3907.9,2524.5,7.925,0.02,0.02,0.02,0.02,-446.0,332.0,-644.0,10567.0,9135,-12653,48.6,0.0,2021.0,0,0,0,c1f,d4e,d4a,d4a,d4a,1,1,1,1,1,0,0,0,0,0,1,1,0,0,1,1,1,0,0,1,0,1,0,1,1,0,0,0,1,0,1,0,0,1,0,1,0,1,1,0,0,0,1,0,1,0,0,1,0,1,0,1,1,0,0,0,1,0,1,0,0,1,0,1,0,1,1,0,0
2024,11,5,17:41:33.286,29.28,65,120.0,0.8667,3904.8,2521.4,7.924,0.02,0.02,0.02,0.02,-447.0,332.0,-644.0,10558.0,9142,-12665,50.5,0.0,2024.0,0,0,0,c1f,d4e,d4a,d4a,d4a,1,1,1,1,1,0,0,0,0,0,1,1,0,0,1,1,1,0,0,1,0,1,0,1,1,0,0,0,1,0,1,0,0,1,0,1,0,1,1,0,0,0,1,0,1,0,0,1,0,1,0,1,1,0,0,0,1,0,1,0,0,1,0,1,0,1,1,0,0
2024,11,5,17:41:33.306,29.30,85,120.0,0.8667,3904.2,2520.8,7.924,0.02,0.02,0.02,0.02,-448.0,332.0,-644.0,10549.0,9148,-12678,52.1,0.0,2028.0,0,0,0,c1f,d4e,d4a,d4a,d4a,1,1,1,1,1,0,0,0,0,0,1,1,0,0,1,1,1,0,0,1,0,1,0,1,1,0,0,0,1,0,1,0,0,1,0,1,0,1,1,0,0,0,1,0,1,0,0,1,0,1,0,1,1,0,0,0,1,0,1,0,0,1,0,1,0,1,1,0,0
2024,11,5,17:41:33.326,29.32,105,120.0,0.8667,3906.0,2522.7,7.924,0.02,0.02,0.02,0.02,-449.0,332.0,-644.0,10540.0,9155,-12691,53.4,0.0,2031.0,0,0,0,c1f,d4e,d4a,d4a,d4a,1,1,1,1,1,0,0,0,0,0,1,1,0,0,1,1,1,0,0,1,0,1,0,1,1,0,0,0,1,0,1,0,0,1,0,1,0,1,1,0,0,0,1,0,1,0,0,1,0,1,0,1,1,0,0,0,1,0,1,0,0,1,0,1,0,1,1,0,0
2024,11,5,17:41:33.346,29.34,125,120.0,0.8667,3906.0,2522.7,7.924,0.02,0.02,0.02,0.02,-450.0,332.0,-644.0,10531.0,9162,-12704,54.6,0.0,2034.0,0,0,0,c1f,d4e,d4a,d4a,d4a,1,1,1,1,1,0,0,0,0,0,1,1,0,0,1,1,1,0,0,1,0,1,0,1,1,0,0,0,1,0,1,0,0,1,0,1,0,1,1,0,0,0,1,0,1,0,0,1,0,1,0,1,1,0,0,0,1,0,1,0,0,1,0,1,0,1,1,0,0
2024,11,5,17:41:33.366,29.36,145,120.0,0.8665,3912.3,2528.9,7.924,0.02,0.02,0.02,0.02,-451.0,332.0,-644.0,10522.0,9168,-12717,55.5,0.0,2038.0,0,0,0,c1f,d4e,d4a,d4a,d4a,1,1,1,1,1,0,0,0,0,0,1,1,0,0,1,1,1,0,0,1,0,1,0,1,1,0,0,0,1,0,1,0,0,1,0,1,0,1,1,0,0,0,1,0,1,0,0,1,0,1,0,1,1,0,0,0,1,0,1,0,0,1,0,1,0,1,1,0,0
2024,11,5,17:41:33.386,29.38,165,120.0,0.8665,3912.3,2528.9,7.924,0.02,0.02,0.02,0.02,-452.0,332.0,-644.0,10513.0,9175,-12730,56.1,0.0,2041.0,0,0,0,c1f,d4e,d4a,d4a,d4a,1,1,1,1,1,0,0,0,0,0,1,1,0,0,1,1,1,0,0,1,0,1,0,1,1,0,0,0,1,0,1,0,0,1,0,1,0,1,1,0,0,0,1,0,1,0,0,1,0,1,0,1,1,0,0,0,1,0,1,0,0,1,0,1,0,1,1,0,0
2024,11,5,17:41:33.406,29.40,185,120.0,0.8662,3922.2,2538.8,7.924,0.02,0.02,0.02,0.02,-453.0,332.0,-644.0,10504.0,9182,-12743,56.4,0.0,2045.0,0,0,0,c1f,d4e,d4a,d4a,d4a,1,1,1,1,1,0,0,0,0,0,1,1,0,0,1,1,1,0,0,1,0,1,0,1,1,0,0,0,1,0,1,0,0,1,0,1,0,1,1,0,0,0,1,0,1,0,0,1,0,1,0,1,1,0,0,0,1,0,1,0,0,1,0,1,0,1,1,0,0
2024,11,5,17:41:33.426,29.42,205,120.0,0.8662,3922.2,2538.8,7.925,0.02,0.02,0.02,0.02,-454.0,331.0,-644.0,10495.0,9188,-12756,56.2,0.0,2048.0,0,0,0,c1f,d4e,d4a,d4a,d4a,1,1,1,1,1,0,0,0,0,0,1,1,0,0,1,1,1,0,0,1,0,1,0,1,1,0,0,0,1,0,1,0,0,1,0,1,0,1,1,0,0,0,1,0,1,0,0,1,0,1,0,1,1,0,0,0,1,0,1,0,0,1,0,1,0,1,1,0,0
2024,11,5,17:41:33.446,29.44,225,120.0,0.8668,3902.9,2519.6,7.924,0.02,0.02,0.02,0.02,-455.0,331.0,-644.0,10486.0,9195,-12769,55.4,0.0,2052.0,0,0,0,c1f,d4e,d4a,d4a,d4a,1,1,1,1,1,0,0,0,0,0,1,1,0,0,1,1,1,0,0,1,0,1,0,1,1,0,0,0,1,0,1,0,0,1,0,1,0,1,1,0,0,0,1,0,1,0,0,1,0,1,0,1,1,0,0,0,1,0,1,0,0,1,0,1,0,1,1,0,0
2024,11,5,17:41:33.466,29.46,245,120.0,0.8668,3902.9,2519.6,7.924,0.02,0.02,0.02,0.02,-456.0,331.0,-644.0,10477.0,9201,-12781,54.3,0.0,2055.0,0,0,0,c1f,d4e,d4a,d4a,d4a,1,1,1,1,1,0,0,0,0,0,1,1,0,0,1,1,1,0,0,1,0,1,0,1,1,0,0,0,1,0,1,0,0,1,0,1,0,1,1,0,0,0,1,0,1,0,0,1,0,1,0,1,1,0,0,0,1,0,1,0,0,1,0,1,0,1,1,0,0
2024,11,5,17:41:33.486,29.48,15,120.0,0.8671,3893.0,2509.6,7.924,0.02,0.02,0.02,0.02,-457.0,331.0,-644.0,10468.0,9208,-12794,52.9,0.0,2058.0,0,0,0,c1f,d4e,d4a,d4a,d4a,1,1,1,1,1,0,0,0,0,0,1,1,0,0,1,1,1,0,0,1,0,1,0,1,1,0,0,0,1,0,1,0,0,1,0,1,0,1,1,0,0,0,1,0,1,0,0,1,0,1,0,1,1,0,0,0,1,0,1,0,0,1,0,1,0,1,1,0,0
2024,11,5,17:41:33.506,29.50,35,120.0,0.8671,3893.0,2509.6,7.925,0.02,0.02,0.02,0.02,-458.0,331.0,-644.0,10459.0,9215,-12807,51.3,0.0,2062.0,0,0,0,c1f,d4e,d4a,d4a,d4a,1,1,1,1,1,0,0,0,0,0,1,1,0,0,1,1,1,0,0,1,0,1,0,1,1,0,0,0,1,0,1,0,0,1,0,1,0,1,1,0,0,0,1,0,1,0,0,1,0,1,0,1,1,0,0,0,1,0,1,0,0,1,0,1,0,1,1,0,0
2024,11,5,17:41:33.526,29.52,55,120.0,0.8672,3889.9,2506.5,7.925,0.02,0.02,0.02,0.02,-459.0,331.0,-644.0,10450.0,9221,-12820,49.6,0.0,2065.0,0,0,0,c1f,d4e,d4a,d4a,d4a,1,1,1,1,1,0,0,0,0,0,1,1,0,0,1,1,1,0,0,1,0,1,0,1,1,0,0,0,1,0,1,0,0,1,0,1,0,1,1,0,0,0,1,0,1,0,0,1,0,1,0,1,1,0,0,0,1,0,1,0,0,1,0,1,0,1,1,0,0
2024,11,5,17:41:33.546,29.54,75,120.0,0.8672,3889.9,2506.5,7.925,0.02,0.02,0.02,0.02,-461.0,330.0,-644.0,10440.0,9228,-12833,47.7,0.0,2068.0,0,0,0,c1f,d4e,d4a,d4a,d4a,1,1,1,1,1,0,0,0,0,0,1,1,0,0,1,1,1,0,0,1,0,1,0,1,1,0,0,0,1,0,1,0,0,1,0,1,0,1,1,0,0,0,1,0,1,0,0,1,0,1,0,1,1,0,0,0,1,0,1,0,0,1,0,1,0,1,1,0,0
2024,11,5,17:41:33.566,29.56,95,120.0,0.8676,3876.9,2493.5,7.925,0.02,0.02,0.02,0.02,-462.0,330.0,-644.0,10431.0,9235,-12846,45.7,0.0,2072.0,0,0,0,c1f,d4e,d4a,d4a,d4a,1,1,1,1,1,0,0,0,0,0,1,1,0,0,1,1,1,0,0,1,0,1,0,1,1,0,0,0,1,0,1,0,0,1,0,1,0,1,1,0,0,0,1,0,1,0,0,1,0,1,0,1,1,0,0,0,1,0,1,0,0,1,0,1,0,1,1,0,0
2024,11,5,17:41:33.586,29.58,115,120.0,0.8676,3877.5,2494.1,7.924,0.02,0.02,0.02,0.02,-463.0,330.0,-645.0,10422.0,9241,-12859,43.6,0.0,2075.0,0,0,0,c1f,d4e,d4a,d4a,d4a,1,1,1,1,1,0,0,0,0,0,1,1,0,0,1,1,1,0,0,1,0,1,0,1,1,0,0,0,1,0,1,0,0,1,0,1,0,1,1,0,0,0,1,0,1,0,0,1,0,1,0,1,1,0,0,0,1,0,1,0,0,1,0,1,0,1,1,0,0
2024,11,5,17:41:33.606,29.60,135,120.0,0.8682,3858.2,2474.8,7.923,0.02,0.02,0.02,0.02,-464.0,330.0,-645.0,10413.0,9248,-12872,41.3,0.0,2078.0,0,0,0,c1f,d4e,d4a,d4a,d4a,1,1,1,1,1,0,0,0,0,0,1,1,0,0,1,1,1,0,0,1,0,1,0,1,1,0,0,0,1,0,1,0,0,1,0,1,0,1,1,0,0,0,1,0,1,0,0,1,0,1,0,1,1,0,0,0,1,0,1,0,0,1,0,1,0,1,1,0,0
2024,11,5,17:41:33.626,29.62,155,120.0,0.8682,3858.2,2474.8,7.923,0.02,0.02,0.02,0.02,-465.0,329.0,-645.0,10403.0,9254,-12885,39.1,0.0,2081.0,0,0,0,c1f,d4e,d4a,d4a,d4a,1,1,1,1,1,0,0,0,0,0,1,1,0,0,1,1,1,0,0,1,0,1,0,1,1,0,0,0,1,0,1,0,0,1,0,1,0,1,1,0,0,0,1,0,1,0,0,1,0,1,0,1,1,0,0,0,1,0,1,0,0,1,0,1,0,1,1,0,0
2024,11,5,17:41:33.646,29.64,175,120.0,0.8685,3850.2,2466.8,7.924,0.02,0.02,0.02,0.02,-466.0,329.0,-645.0,10394.0,9261,-12898,37.0,0.0,2085.0,0,0,0,c1f,d4e,d4a,d4a,d4a,1,1,1,1,1,0,0,0,0,0,1,1,0,0,1,1,1,0,0,1,0,1,0,1,1,0,0,0,1,0,1,0,0,1,0,1,0,1,1,0,0,0,1,0,1,0,0,1,0,1,0,1,1,0,0,0,1,0,1,0,0,1,0,1,0,1,1,0,0
2024,11,5,17:41:33.666,29.66,195,120.0,0.8685,3850.2,2466.8,7.924,0.02,0.02,0.02,0.02,-467.0,329.0,-645.0,10385.0,9268,-12910,35.1,0.0,2088.0,0,0,0,c1f,d4e,d4a,d4a,d4a,1,1,1,1,1,0,0,0,0,0,1,1,0,0,1,1,1,0,0,1,0,1,0,1,1,0,0,0,1,0,1,0,0,1,0,1,0,1,1,0,0,0,1,0,1,0,0,1,0,1,0,1,1,0,0,0,1,0,1,0,0,1,0,1,0,1,1,0,0
2024,11,5,17:41:33.686,29.68,215,120.0,0.8690,3834.0,2450.7,7.923,0.02,0.02,0.02,0.02,-468.0,328.0,-645.0,10375.0,9274,-12923,33.4,0.0,2091.0,0,0,0,c1f,d4e,d4a,d4a,d4a,1,1,1,1,1,0,0,0,0,0,1,1,0,0,1,1,1,0,0,1,0,1,0,1,1,0,0,0,1,0,1,0,0,1,0,1,0,1,1,0,0,0,1,0,1,0,0,1,0,1,0,1,1,0,0,0,1,0,1,0,0,1,0,1,0,1,1,0,0
2024,11,5,17:41:33.706,29.70,235,120.0,0.8690,3834.0,2450.7,7.924,0.02,0.02,0.02,0.02,-470.0,328.0,-645.0,10366.0,9281,-12936,32.1,0.0,2095.0,0,0,0,c1f,d4e,d4a,d4a,d4a,1,1,1,1,1,0,0,0,0,0,1,1,0,0,1,1,1,0,0,1,0,1,0,1,1,0,0,0,1,0,1,0,0,1,0,1,0,1,1,0,0,0,1,0,1,0,0,1,0,1,0,1,1,0,0,0,1,0,1,0,0,1,0,1,0,1,1,0,0
2024,11,5,17:41:33.726,29.72,5,120.0,0.8692,3827.8,2444.5,7.924,0.02,0.02,0.02,0.02,-471.0,328.0,-645.0,10356.0,9287,-12949,31.4,0.0,2098.0,0,0,0,c1f,d4e,d4a,d4a,d4a,1,1,1,1,1,0,0,0,0,0,1,1,0,0,1,1,1,0,0,1,0,1,0,1,1,0,0,0,1,0,1,0,0,1,0,1,0,1,1,0,0,0,1,0,1,0,0,1,0,1,0,1,1,0,0,0,1,0,1,0,0,1,0,1,0,1,1,0,0
2024,11,5,17:41:33.746,29.74,25,120.0,0.8692,3827.8,2444.5,7.924,0.02,0.02,0.02,0.02,-472.0,328.0,-646.0,10347.0,9294,-12962,31.2,0.0,2101.0,0,0,0,c1f,d4e,d4a,d4a,d4a,1,1,1,1,1,0,0,0,0,0,1,1,0,0,1,1,1,0,0,1,0,1,0,1,1,0,0,0,1,0,1,0,0,1,0,1,0,1,1,0,0,0,1,0,1,0,0,1,0,1,0,1,1,0,0,0,1,0,1,0,0,1,0,1,0,1,1,0,0
2024,11,5,17:41:33.766,29.76,45,120.0,0.8696,3816.7,2433.3,7.925,0.02,0.02,0.02,0.02,-473.0,328.0,-646.0,10337.0,9300,-12975,31.7,0.0,2103.0,0,0,0,c1f,d4e,d4a,d4a,d4a,1,1,1,1,1,0,0,0,0,0,1,1,0,0,1,1,1,0,0,1,0,1,0,1,1,0,0,0,1,0,1,0,0,1,0,1,0,1,1,0,0,0,1,0,1,0,0,1,0,1,0,1,1,0,0,0,1,0,1,0,0,1,0,1,0,1,1,0,0
2024,11,5,17:41:33.786,29.78,65,119.9,0.8696,3816.7,2433.3,7.924,0.02,0.02,0.02,0.02,-475.0,327.0,-646.0,10328.0,9307,-12988,32.9,0.0,2106.0,0,0,0,c1f,d4e,d4a,d4a,d4a,1,1,1,1,1,0,0,0,0,0,1,1,0,0,1,1,1,0,0,1,0,1,0,1,1,0,0,0,1,0,1,0,0,1,0,1,0,1,1,0,0,0,1,0,1,0,0,1,0,1,0,1,1,0,0,0,1,0,1,0,0,1,0,1,0,1,1,0,0
2024,11,5,17:41:33.806,29.80,85,119.9,0.8697,3811.7,2428.3,7.924,0.02,0.02,0.02,0.02,-476.0,327.0,-646.0,10318.0,9314,-13001,34.7,0.0,2108.0,0,0,0,c1f,d4e,d4a,d4a,d4a,1,1,1,1,1,0,0,0,0,0,1,1,0,0,1,1,1,0,0,1,0,1,0,1,1,0,0,0,1,0,1,0,0,1,0,1,0,1,1,0,0,0,1,0,1,0,0,1,0,1,0,1,1,0,0,0,1,0,1,0,0,1,0,1,0,1,1,0,0
2024,11,5,17:41:33.826,29.82,105,120.0,0.8697,3811.7,2428.3,7.924,0.02,0.02,0.02,0.02,-477.0,327.0,-646.0,10309.0,9320,-13014,37.0,0.0,2110.0,0,0,0,c1f,d4e,d4a,d4a,d4a,1,1,1,1,1,0,0,0,0,0,1,1,0,0,1,1,1,0,0,1,0,1,0,1,1,0,0,0,1,0,1,0,0,1,0,1,0,1,1,0,0,0,1,0,1,0,0,1,0,1,0,1,1,0,0,0,1,0,1,0,0,1,0,1,0,1,1,0,0
2024,11,5,17:41:33.846,29.84,125,120.0,0.8690,3832.8,2449.4,7.924,0.02,0.02,0.02,0.02,-478.0,327.0,-646.0,10299.0,9327,-13027,39.6,0.0,2112.0,0,0,0,c1f,d4e,d4a,d4a,d4a,1,1,1,1,1,0,0,0,0,0,1,1,0,0,1,1,1,0,0,1,0,1,0,1,1,0,0,0,1,0,1,0,0,1,0,1,0,1,1,0,0,0,1,0,1,0,0,1,0,1,0,1,1,0,0,0,1,0,1,0,0,1,0,1,0,1,1,0,0
2024,11,5,17:41:33.866,29.86,145,119.9,0.8690,3833.4,2450.0,7.924,0.02,0.02,0.02,0.02,-480.0,327.0,-646.0,10290.0,9333,-13040,42.5,0.0,2113.0,0,0,0,c1f,d4e,d4a,d4a,d4a,1,1,1,1,1,0,0,0,0,0,1,1,0,0,1,1,1,0,0,1,0,1,0,1,1,0,0,0,1,0,1,0,0,1,0,1,0,1,1,0,0,0,1,0,1,0,0,1,0,1,0,1,1,0,0,0,1,0,1,0,0,1,0,1,0,1,1,0,0
2024,11,5,17:41:33.886,29.88,165,119.9,0.8684,3852.6,2469.3,7.923,0.02,0.02,0.02,0.02,-481.0,327.0,-646.0,10280.0,9340,-13053,45.5,0.0,2114.0,0,0,0,c1f,d4e,d4a,d4a,d4a,1,1,1,1,1,0,0,0,0,0,1,1,0,0,1,1,1,0,0,1,0,1,0,1,1,0,0,0,1,0,1,0,0,1,0,1,0,1,1,0,0,0,1,0,1,0,0,1,0,1,0,1,1,0,0,0,1,0,1,0,0,1,0,1,0,1,1,0,0
2024,11,5,17:41:33.906,29.90,185,119.9,0.8684,3852.6,2469.3,7.923,0.02,0.02,0.02,0.02,-483.0,327.0,-647.0,10271.0,9346,-13066,48.4,0.0,2115.0,0,0,0,c1f,d4e,d4a,d4a,d4a,1,1,1,1,1,0,0,0,0,0,1,1,0,0,1,1,1,0,0,1,0,1,0,1,1,0,0,0,1,0,1,0,0,1,0,1,0,1,1,0,0,0,1,0,1,0,0,1,0,1,0,1,1,0,0,0,1,0,1,0,0,1,0,1,0,1,1,0,0
2024,11,5,17:41:33.926,29.92,205,119.9,0.8684,3851.4,2468.0,7.925,0.02,0.02,0.02,0.02,-484.0,327.0,-647.0,10261.0,9353,-13078,51.4,0.0,2116.0,0,0,0,c1f,d4e,d4a,d4a,d4a,1,1,1,1,1,0,0,0,0,0,1,1,0,0,1,1,1,0,0,1,0,1,0,1,1,0,0,0,1,0,1,0,0,1,0,1,0,1,1,0,0,0,1,0,1,0,0,1,0,1,0,1,1,0,0,0,1,0,1,0,0,1,0,1,0,1,1,0,0
2024,11,5,17:41:33.946,29.94,225,119.9,0.8684,3851.4,2468.0,7.924,0.02,0.02,0.02,0.02,-485.0,327.0,-647.0,10251.0,9359,-13091,54.1,0.0,2116.0,0,0,0,c1f,d4e,d4a,d4a,d4a,1,1,1,1,1,0,0,0,0,0,1,1,0,0,1,1,1,0,0,1,0,1,0,1,1,0,0,0,1,0,1,0,0,1,0,1,0,1,1,0,0,0,1,0,1,0,0,1,0,1,0,1,1,0,0,0,1,0,1,0,0,1,0,1,0,1,1,0,0
2024,11,5,17:41:33.966,29.96,245,119.9,0.8680,3864.4,2481.1,7.924,0.02,0.02,0.02,0.02,-486.0,327.0,-647.0,10241.0,9366,-13104,56.6,0.0,2116.0,0,0,0,c1f,d4e,d4a,d4a,d4a,1,1,1,1,1,0,0,0,0,0,1,1,0,0,1,1,1,0,0,1,0,1,0,1,1,0,0,0,1,0,1,0,0,1,0,1,0,1,1,0,0,0,1,0,1,0,0,1,0,1,0,1,1,0,0,0,1,0,1,0,0,1,0,1,0,1,1,0,0
2024,11,5,17:41:33.986,29.98,15,119.9,0.8680,3864.4,2481.1,7.922,0.02,0.02,0.02,0.02,-488.0,327.0,-647.0,10232.0,9372,-13117,59.0,0.0,2116.0,0,0,0,c1f,d4e,d4a,d4a,d4a,1,1,1,1,1,0,0,0,0,0,1,1,0,0,1,1,1,0,0,1,0,1,0,1,1,0,0,0,1,0,1,0,0,1,0,1,0,1,1,0,0,0,1,0,1,0,0,1,0,1,0,1,1,0,0,0,1,0,1,0,0,1,0,1,0,1,1,0,0
2024,11,5,17:41:34.006,30.00,35,119.9,0.8683,3855.1,2471.7,7.924,0.02,0.02,0.02,0.02,-489.0,326.0,-647.0,10222.0,9379,-13130,61.4,0.0,2115.0,0,0,0,c1f,d4e,d4a,d4a,d4a,1,1,1,1,1,0,0,0,0,0,1,1,0,0,1,1,1,0,0,1,0,1,0,1,1,0,0,0,1,0,1,0,0,1,0,1,0,1,1,0,0,0,1,0,1,0,0,1,0,1,0,1,1,0,0,0,1,0,1,0,0,1,0,1,0,1,1,0,0
2024,11,5,17:41:34.026,30.02,55,119.9,0.8683,3855.1,2471.7,7.924,0.02,0.02,0.02,0.02,-490.0,326.0,-647.0,10212.0,9386,-13143,63.8,0.0,2115.0,0,0,0,c1f,d4e,d4a,d4a,d4a,1,1,1,1,1,0,0,0,0,0,1,1,0,0,1,1,1,0,0,1,0,1,0,1,1,0,0,0,1,0,1,0,0,1,0,1,0,1,1,0,0,0,1,0,1,0,0,1,0,1,0,1,1,0,0,0,1,0,1,0,0,1,0,1,0,1,1,0,0
2024,11,5,17:41:34.046,30.04,75,119.9,0.8684,3853.3,2469.9,7.923,0.02,0.02,0.02,0.02,-492.0,326.0,-647.0,10202.0,9392,-13156,66.1,0.0,2114.0,0,0,0,c1f,d4e,d4a,d4a,d4a,1,1,1,1,1,0,0,0,0,0,1,1,0,0,1,1,1,0,0,1,0,1,0,1,1,0,0,0,1,0,1,0,0,1,0,1,0,1,1,0,0,0,1,0,1,0,0,1,0,1,0,1,1,0,0,0,1,0,1,0,0,1,0,1,0,1,1,0,0
2024,11,5,17:41:34.066,30.06,95,119.9,0.8684,3853.3,2469.9,7.923,0.02,0.02,0.02,0.02,-493.0,326.0,-648.0,10192.0,9399,-13169,68.5,0.0,2113.0,0,0,0,c1f,d4e,d4a,d4a,d4a,1,1,1,1,1,0,0,0,0,0,1,1,0,0,1,1,1,0,0,1,0,1,0,1,1,0,0,0,1,0,1,0,0,1,0,1,0,1,1,0,0,0,1,0,1,0,0,1,0,1,0,1,1,0,0,0,1,0,1,0,0,1,0,1,0,1,1,0,0
2024,11,5,17:41:34.086,30.08,115,119.9,0.8684,3852.0,2468.6,7.923,0.02,0.02,0.02,0.02,-494.0,326.0,-648.0,10182.0,9405,-13182,70.7,0.0,2112.0,0,0,0,c1f,d4e,d4a,d4a,d4a,1,1,1,1,1,0,0,0,0,0,1,1,0,0,1,1,1,0,0,1,0,1,0,1,1,0,0,0,1,0,1,0,0,1,0,1,0,1,1,0,0,0,1,0,1,0,0,1,0,1,0,1,1,0,0,0,1,0,1,0,0,1,0,1,0,1,1,0,0
2024,11,5,17:41:34.106,30.10,135,119.9,0.8684,3852.0,2468.6,7.925,0.02,0.02,0.02,0.02,-496.0,326.0,-648.0,10173.0,9412,-13195,72.7,0.0,2111.0,0,0,0,c1f,d4e,d4a,d4a,d4a,1,1,1,1,1,0,0,0,0,0,1,1,0,0,1,1,1,0,0,1,0,1,0,1,1,0,0,0,1,0,1,0,0,1,0,1,0,1,1,0,0,0,1,0,1,0,0,1,0,1,0,1,1,0,0,0,1,0,1,0,0,1,0,1,0,1,1,0,0
2024,11,5,17:41:34.126,30.12,155,119.9,0.8684,3852.0,2468.6,7.926,0.02,0.02,0.02,0.02,-497.0,326.0,-648.0,10163.0,9418,-13208,74.5,0.0,2110.0,0,0,0,c1f,d4e,d4a,d4a,d4a,1,1,1,1,1,0,0,0,0,0,1,1,0,0,1,1,1,0,0,1,0,1,0,1,1,0,0,0,1,0,1,0,0,1,0,1,0,1,1,0,0,0,1,0,1,0,0,1,0,1,0,1,1,0,0,0,1,0,1,0,0,1,0,1,0,1,1,0,0
2024,11,5,17:41:34.146,30.14,175,119.9,0.8684,3851.4,2468.0,7.923,0.02,0.02,0.02,0.02,-498.0,326.0,-648.0,10153.0,9425,-13221,76.1,0.0,2108.0,0,0,0,c1f,d4e,d4a,d4a,d4a,1,1,1,1,1,0,0,0,0,0,1,1,0,0,1,1,1,0,0,1,0,1,0,1,1,0,0,0,1,0,1,0,0,1,0,1,0,1,1,0,0,0,1,0,1,0,0,1,0,1,0,1,1,0,0,0,1,0,1,0,0,1,0,1,0,1,1,0,0
2024,11,5,17:41:34.166,30.16,195,119.9,0.8686,3845.2,2461.8,7.924,0.02,0.02,0.02,0.02,-500.0,326.0,-649.0,10143.0,9431,-13234,77.7,0.0,2106.0,0,0,0,c1f,d4e,d4a,d4a,d4a,1,1,1,1,1,0,0,0,0,0,1,1,0,0,1,1,1,0,0,1,0,1,0,1,1,0,0,0,1,0,1,0,0,1,0,1,0,1,1,0,0,0,1,0,1,0,0,1,0,1,0,1,1,0,0,0,1,0,1,0,0,1,0,1,0,1,1,0,0
2024,11,5,17:41:34.186,30.18,215,119.9,0.8686,3845.8,2462.4,7.924,0.02,0.02,0.02,0.02,-501.0,327.0,-649.0,10133.0,9438,-13247,79.1,0.0,2105.0,0,0,0,c1f,d4e,d4a,d4a,d4a,1,1,1,1,1,0,0,0,0,0,1,1,0,0,1,1,1,0,0,1,0,1,0,1,1,0,0,0,1,0,1,0,0,1,0,1,0,1,1,0,0,0,1,0,1,0,0,1,0,1,0,1,1,0,0,0,1,0,1,0,0,1,0,1,0,1,1,0,0
2024,11,5,17:41:34.206,30.20,235,119.9,0.8690,3834.0,2450.7,7.923,0.02,0.02,0.02,0.02,-502.0,326.0,-649.0,10123.0,9444,-13260,80.3,0.0,2103.0,0,0,0,c1f,d4e,d4a,d4a,d4a,1,1,1,1,1,0,0,0,0,0,1,1,0,0,1,1,1,0,0,1,0,1,0,1,1,0,0,0,1,0,1,0,0,1,0,1,0,1,1,0,0,0,1,0,1,0,0,1,0,1,0,1,1,0,0,0,1,0,1,0,0,1,0,1,0,1,1,0,0
2024,11,5,17:41:34.226,30.22,5,119.9,0.8690,3834.0,2450.7,7.925,0.02,0.02,0.02,0.02,-503.0,326.0,-649.0,10113.0,9451,-13273,81.5,0.0,2101.0,0,0,0,c1f,d4e,d4a,d4a,d4a,1,1,1,1,1,0,0,0,0,0,1,1,0,0,1,1,1,0,0,1,0,1,0,1,1,0,0,0,1,0,1,0,0,1,0,1,0,1,1,0,0,0,1,0,1,0,0,1,0,1,0,1,1,0,0,0,1,0,1,0,0,1,0,1,0,1,1,0,0
2024,11,5,17:41:34.246,30.24,25,119.9,0.8695,3819.8,2436.4,7.924,0.02,0.02,0.02,0.02,-505.0,326.0,-649.0,10102.0,9457,-13286,82.3,0.0,2099.0,0,0,0,c1f,d4e,d4a,d4a,d4a,1,1,1,1,1,0,0,0,0,0,1,1,0,0,1,1,1,0,0,1,0,1,0,1,1,0,0,0,1,0,1,0,0,1,0,1,0,1,1,0,0,0,1,0,1,0,0,1,0,1,0,1,1,0,0,0,1,0,1,0,0,1,0,1,0,1,1,0,0
2024,11,5,17:41:34.266,30.26,45,119.9,0.8695,3819.8,2436.4,7.923,0.02,0.02,0.02,0.02,-506.0,327.0,-649.0,10092.0,9464,-13299,83.2,0.0,2097.0,0,0,0,c1f,d4e,d4a,d4a,d4a,1,1,1,1,1,0,0,0,0,0,1,1,0,0,1,1,1,0,0,1,0,1,0,1,1,0,0,0,1,0,1,0,0,1,0,1,0,1,1,0,0,0,1,0,1,0,0,1,0,1,0,1,1,0,0,0,1,0,1,0,0,1,0,1,0,1,1,0,0
2024,11,5,17:41:34.286,30.28,65,119.9,0.8696,3814.8,2431.4,7.923,0.02,0.02,0.02,0.02,-508.0,327.0,-649.0,10082.0,9471,-13312,84.2,0.0,2095.0,0,0,0,c1f,d4e,d4a,d4a,d4a,1,1,1,1,1,0,0,0,0,0,1,1,0,0,1,1,1,0,0,1,0,1,0,1,1,0,0,0,1,0,1,0,0,1,0,1,0,1,1,0,0,0,1,0,1,0,0,1,0,1,0,1,1,0,0,0,1,0,1,0,0,1,0,1,0,1,1,0,0
2024,11,5,17:41:34.306,30.30,85,119.9,0.8696,3814.8,2431.4,7.924,0.02,0.02,0.02,0.02,-509.0,327.0,-649.0,10072.0,9477,-13325,85.1,0.0,2093.0,0,0,0,c1f,d4e,d4a,d4a,d4a,1,1,1,1,1,0,0,0,0,0,1,1,0,0,1,1,1,0,0,1,0,1,0,1,1,0,0,0,1,0,1,0,0,1,0,1,0,1,1,0,0,0,1,0,1,0,0,1,0,1,0,1,1,0,0,0,1,0,1,0,0,1,0,1,0,1,1,0,0
2024,11,5,17:41:34.326,30.32,105,119.9,0.8699,3806.8,2423.4,7.922,0.02,0.02,0.02,0.02,-510.0,327.0,-649.0,10062.0,9484,-13338,85.7,0.0,2091.0,0,0,0,c1f,d4e,d4a,d4a,d4a,1,1,1,1,1,0,0,0,0,0,1,1,0,0,1,1,1,0,0,1,0,1,0,1,1,0,0,0,1,0,1,0,0,1,0,1,0,1,1,0,0,0,1,0,1,0,0,1,0,1,0,1,1,0,0,0,1,0,1,0,0,1,0,1,0,1,1,0,0
2024,11,5,17:41:34.346,30.34,125,119.9,0.8699,3807.4,2424.0,7.924,0.02,0.02,0.02,0.02,-512.0,327.0,-650.0,10052.0,9490,-13351,86.2,0.0,2089.0,0,0,0,c1f,d4e,d4a,d4a,d4a,1,1,1,1,1,0,0,0,0,0,1,1,0,0,1,1,1,0,0,1,0,1,0,1,1,0,0,0,1,0,1,0,0,1,0,1,0,1,1,0,0,0,1,0,1,0,0,1,0,1,0,1,1,0,0,0,1,0,1,0,0,1,0,1,0,1,1,0,0
2024,11,5,17:41:34.366,30.36,145,119.9,0.8700,3804.3,2420.9,7.924,0.02,0.02,0.02,0.02,-513.0,327.0,-650.0,10041.0,9497,-13364,86.7,0.0,2088.0,0,0,0,c1f,d4e,d4a,d4a,d4a,1,1,1,1,1,0,0,0,0,0,1,1,0,0,1,1,1,0,0,1,0,1,0,1,1,0,0,0,1,0,1,0,0,1,0,1,0,1,1,0,0,0,1,0,1,0,0,1,0,1,0,1,1,0,0,0,1,0,1,0,0,1,0,1,0,1,1,0,0
2024,11,5,17:41:34.386,30.38,165,119.9,0.8700,3803.7,2420.3,7.925,0.02,0.02,0.02,0.02,-514.0,327.0,-650.0,10031.0,9503,-13377,86.7,0.0,2088.0,0,0,0,c1f,d4e,d4a,d4a,d4a,1,1,1,1,1,0,0,0,0,0,1,1,0,0,1,1,1,0,0,1,0,1,0,1,1,0,0,0,1,0,1,0,0,1,0,1,0,1,1,0,0,0,1,0,1,0,0,1,0,1,0,1,1,0,0,0,1,0,1,0,0,1,0,1,0,1,1,0,0
2024,11,5,17:41:34.406,30.40,185,119.9,0.8701,3800.6,2417.2,7.922,0.02,0.02,0.02,0.02,-516.0,328.0,-650.0,10021.0,9510,-13390,86.3,0.0,2088.0,0,0,0,c1f,d4e,d4a,d4a,d4a,1,1,1,1,1,0,0,0,0,0,1,1,0,0,1,1,1,0,0,1,0,1,0,1,1,0,0,0,1,0,1,0,0,1,0,1,0,1,1,0,0,0,1,0,1,0,0,1,0,1,0,1,1,0,0,0,1,0,1,0,0,1,0,1,0,1,1,0,0
2024,11,5,17:41:34.426,30.42,205,119.9,0.8701,3801.2,2417.8,7.924,0.02,0.02,0.02,0.02,-517.0,328.0,-650.0,10010.0,9516,-13403,85.6,0.0,2089.0,0,0,0,c1f,d4e,d4a,d4a,d4a,1,1,1,1,1,0,0,0,0,0,1,1,0,0,1,1,1,0,0,1,0,1,0,1,1,0,0,0,1,0,1,0,0,1,0,1,0,1,1,0,0,0,1,0,1,0,0,1,0,1,0,1,1,0,0,0,1,0,1,0,0,1,0,1,0,1,1,0,0
2024,11,5,17:41:34.446,30.44,225,119.9,0.8704,3791.3,2407.9,7.925,0.02,0.02,0.02,0.02,-518.0,329.0,-650.0,10000.0,9523,-13416,84.5,0.0,2091.0,0,0,0,c1f,d4e,d4a,d4a,d4a,1,1,1,1,1,0,0,0,0,0,1,1,0,0,1,1,1,0,0,1,0,1,0,1,1,0,0,0,1,0,1,0,0,1,0,1,0,1,1,0,0,0,1,0,1,0,0,1,0,1,0,1,1,0,0,0,1,0,1,0,0,1,0,1,0,1,1,0,0
2024,11,5,17:41:34.466,30.46,245,119.9,0.8704,3791.3,2407.9,7.925,0.02,0.02,0.02,0.02,-520.0,329.0,-650.0,9990.0,9530,-13429,83.0,0.0,2094.0,0,0,0,c1f,d4e,d4a,d4a,d4a,1,1,1,1,1,0,0,0,0,0,1,1,0,0,1,1,1,0,0,1,0,1,0,1,1,0,0,0,1,0,1,0,0,1,0,1,0,1,1,0,0,0,1,0,1,0,0,1,0,1,0,1,1,0,0,0,1,0,1,0,0,1,0,1,0,1,1,0,0
2024,11,5,17:41:34.486,30.48,15,119.9,0.8707,3782.0,2398.6,7.925,0.02,0.02,0.02,0.02,-521.0,330.0,-650.0,9979.0,9536,-13442,81.2,0.0,2097.0,0,0,0,c1f,d4e,d4a,d4a,d4a,1,1,1,1,1,0,0,0,0,0,1,1,0,0,1,1,1,0,0,1,0,1,0,1,1,0,0,0,1,0,1,0,0,1,0,1,0,1,1,0,0,0,1,0,1,0,0,1,0,1,0,1,1,0,0,0,1,0,1,0,0,1,0,1,0,1,1,0,0
2024,11,5,17:41:34.506,30.50,35,119.9,0.8707,3781.4,2398.0,7.924,0.02,0.02,0.02,0.02,-522.0,330.0,-650.0,9969.0,9543,-13455,79.1,0.0,2100.0,0,0,0,c1f,d4e,d4a,d4a,d4a,1,1,1,1,1,0,0,0,0,0,1,1,0,0,1,1,1,0,0,1,0,1,0,1,1,0,0,0,1,0,1,0,0,1,0,1,0,1,1,0,0,0,1,0,1,0,0,1,0,1,0,1,1,0,0,0,1,0,1,0,0,1,0,1,0,1,1,0,0
2024,11,5,17:41:34.526,30.52,55,119.9,0.8709,3776.4,2393.0,7.924,0.02,0.02,0.02,0.02,-523.0,330.0,-650.0,9958.0,9549,-13468,76.8,0.0,2104.0,0,0,0,c1f,d4e,d4a,d4a,d4a,1,1,1,1,1,0,0,0,0,0,1,1,0,0,1,1,1,0,0,1,0,1,0,1,1,0,0,0,1,0,1,0,0,1,0,1,0,1,1,0,0,0,1,0,1,0,0,1,0,1,0,1,1,0,0,0,1,0,1,0,0,1,0,1,0,1,1,0,0
2024,11,5,17:41:34.546,30.54,75,119.9,0.8708,3777.0,2393.7,7.924,0.02,0.02,0.02,0.02,-525.0,331.0,-651.0,9948.0,9556,-13481,74.4,0.0,2108.0,0,0,0,c1f,d4e,d4a,d4a,d4a,1,1,1,1,1,0,0,0,0,0,1,1,0,0,1,1,1,0,0,1,0,1,0,1,1,0,0,0,1,0,1,0,0,1,0,1,0,1,1,0,0,0,1,0,1,0,0,1,0,1,0,1,1,0,0,0,1,0,1,0,0,1,0,1,0,1,1,0,0
2024,11,5,17:41:34.566,30.56,95,119.9,0.8711,3769.0,2385.6,7.925,0.02,0.02,0.02,0.02,-526.0,331.0,-651.0,9937.0,9563,-13494,71.6,0.0,2111.0,0,0,0,c1f,d4e,d4a,d4a,d4a,1,1,1,1,1,0,0,0,0,0,1,1,0,0,1,1,1,0,0,1,0,1,0,1,1,0,0,0,1,0,1,0,0,1,0,1,0,1,1,0,0,0,1,0,1,0,0,1,0,1,0,1,1,0,0,0,1,0,1,0,0,1,0,1,0,1,1,0,0
2024,11,5,17:41:34.586,30.58,115,119.9,0.8711,3769.0,2385.6,7.924,0.02,0.02,0.02,0.02,-527.0,331.0,-651.0,9927.0,9569,-13507,68.9,0.0,2115.0,0,0,0,c1f,d4e,d4a,d4a,d4a,1,1,1,1,1,0,0,0,0,0,1,1,0,0,1,1,1,0,0,1,0,1,0,1,1,0,0,0,1,0,1,0,0,1,0,1,0,1,1,0,0,0,1,0,1,0,0,1,0,1,0,1,1,0,0,0,1,0,1,0,0,1,0,1,0,1,1,0,0
2024,11,5,17:41:34.606,30.60,135,119.9,0.8713,3762.8,2379.4,7.924,0.02,0.02,0.02,0.02,-529.0,331.0,-652.0,9916.0,9576,-13520,66.2,0.0,2117.0,0,0,0,c1f,d4e,d4a,d4a,d4a,1,1,1,1,1,0,0,0,0,0,1,1,0,0,1,1,1,0,0,1,0,1,0,1,1,0,0,0,1,0,1,0,0,1,0,1,0,1,1,0,0,0,1,0,1,0,0,1,0,1,0,1,1,0,0,0,1,0,1,0,0,1,0,1,0,1,1,0,0
2024,11,5,17:41:34.626,30.62,155,119.9,0.8713,3762.8,2379.4,7.925,0.02,0.02,0.02,0.02,-530.0,331.0,-652.0,9906.0,9583,-13533,63.7,0.0,2120.0,0,0,0,c1f,d4e,d4a,d4a,d4a,1,1,1,1,1,0,0,0,0,0,1,1,0,0,1,1,1,0,0,1,0,1,0,1,1,0,0,0,1,0,1,0,0,1,0,1,0,1,1,0,0,0,1,0,1,0,0,1,0,1,0,1,1,0,0,0,1,0,1,0,0,1,0,1,0,1,1,0,0
2024,11,5,17:41:34.646,30.64,175,119.9,0.8713,3764.0,2380.7,7.923,0.02,0.02,0.02,0.02,-531.0,331.0,-652.0,9895.0,9589,-13546,61.2,0.0,2122.0,0,0,0,c1f,d4e,d4a,d4a,d4a,1,1,1,1,1,0,0,0,0,0,1,1,0,0,1,1,1,0,0,1,0,1,0,1,1,0,0,0,1,0,1,0,0,1,0,1,0,1,1,0,0,0,1,0,1,0,0,1,0,1,0,1,1,0,0,0,1,0,1,0,0,1,0,1,0,1,1,0,0
2024,11,5,17:41:34.666,30.66,195,119.9,0.8712,3764.7,2381.3,7.924,0.02,0.02,0.02,0.02,-532.0,331.0,-651.0,9884.0,9596,-13559,59.2,0.0,2123.0,0,0,0,c1f,d4e,d4a,d4a,d4a,1,1,1,1,1,0,0,0,0,0,1,1,0,0,1,1,1,0,0,1,0,1,0,1,1,0,0,0,1,0,1,0,0,1,0,1,0,1,1,0,0,0,1,0,1,0,0,1,0,1,0,1,1,0,0,0,1,0,1,0,0,1,0,1,0,1,1,0,0
2024,11,5,17:41:34.686,30.68,215,119.9,0.8712,3765.9,2382.5,7.924,0.02,0.02,0.02,0.02,-534.0,331.0,-651.0,9874.0,9602,-13572,57.7,0.0,2124.0,0,0,0,c1f,d4e,d4a,d4a,d4a,1,1,1,1,1,0,0,0,0,0,1,1,0,0,1,1,1,0,0,1,0,1,0,1,1,0,0,0,1,0,1,0,0,1,0,1,0,1,1,0,0,0,1,0,1,0,0,1,0,1,0,1,1,0,0,0,1,0,1,0,0,1,0,1,0,1,1,0,0
2024,11,5,17:41:34.706,30.70,235,119.9,0.8712,3765.9,2382.5,7.924,0.02,0.02,0.02,0.02,-535.0,332.0,-651.0,9863.0,9609,-13585,56.7,0.0,2125.0,0,0,0,c1f,d4e,d4a,d4a,d4a,1,1,1,1,1,0,0,0,0,0,1,1,0,0,1,1,1,0,0,1,0,1,0,1,1,0,0,0,1,0,1,0,0,1,0,1,0,1,1,0,0,0,1,0,1,0,0,1,0,1,0,1,1,0,0,0,1,0,1,0,0,1,0,1,0,1,1,0,0
2024,11,5,17:41:34.726,30.72,5,119.9,0.8710,3772.1,2388.7,7.923,0.02,0.02,0.02,0.02,-537.0,332.0,-651.0,9852.0,9616,-13598,56.4,0.0,2125.0,0,0,0,c1f,d4e,d4a,d4a,d4a,1,1,1,1,1,0,0,0,0,0,1,1,0,0,1,1,1,0,0,1,0,1,0,1,1,0,0,0,1,0,1,0,0,1,0,1,0,1,1,0,0,0,1,0,1,0,0,1,0,1,0,1,1,0,0,0,1,0,1,0,0,1,0,1,0,1,1,0,0
2024,11,5,17:41:34.746,30.74,25,119.9,0.8710,3772.7,2389.3,7.924,0.02,0.02,0.02,0.02,-538.0,332.0,-650.0,9841.0,9622,-13611,56.6,0.0,2125.0,0,0,0,c1f,d4e,d4a,d4a,d4a,1,1,1,1,1,0,0,0,0,0,1,1,0,0,1,1,1,0,0,1,0,1,0,1,1,0,0,0,1,0,1,0,0,1,0,1,0,1,1,0,0,0,1,0,1,0,0,1,0,1,0,1,1,0,0,0,1,0,1,0,0,1,0,1,0,1,1,0,0
2024,11,5,17:41:34.766,30.76,45,119.9,0.8709,3775.8,2392.4,7.923,0.02,0.02,0.02,0.02,-540.0,332.0,-650.0,9831.0,9629,-13624,57.3,0.0,2125.0,0,0,0,c1f,d4e,d4a,d4a,d4a,1,1,1,1,1,0,0,0,0,0,1,1,0,0,1,1,1,0,0,1,0,1,0,1,1,0,0,0,1,0,1,0,0,1,0,1,0,1,1,0,0,0,1,0,1,0,0,1,0,1,0,1,1,0,0,0,1,0,1,0,0,1,0,1,0,1,1,0,0
2024,11,5,17:41:34.786,30.78,65,119.9,0.8709,3775.8,2392.4,7.924,0.02,0.02,0.02,0.02,-542.0,333.0,-650.0,9820.0,9636,-13637,58.3,0.0,2125.0,0,0,0,c1f,d4e,d4a,d4a,d4a,1,1,1,1,1,0,0,0,0,0,1,1,0,0,1,1,1,0,0,1,0,1,0,1,1,0,0,0,1,0,1,0,0,1,0,1,0,1,1,0,0,0,1,0,1,0,0,1,0,1,0,1,1,0,0,0,1,0,1,0,0,1,0,1,0,1,1,0,0
2024,11,5,17:41:34.806,30.80,85,119.9,0.8707,3782.0,2398.6,7.923,0.02,0.02,0.02,0.02,-543.0,333.0,-650.0,9809.0,9642,-13650,59.8,0.0,2124.0,0,0,0,c1f,d4e,d4a,d4a,d4a,1,1,1,1,1,0,0,0,0,0,1,1,0,0,1,1,1,0,0,1,0,1,0,1,1,0,0,0,1,0,1,0,0,1,0,1,0,1,1,0,0,0,1,0,1,0,0,1,0,1,0,1,1,0,0,0,1,0,1,0,0,1,0,1,0,1,1,0,0
2024,11,5,17:41:34.826,30.82,105,119.8,0.8707,3782.6,2399.2,7.923,0.02,0.02,0.02,0.02,-545.0,333.0,-650.0,9798.0,9649,-13663,61.7,0.0,2122.0,0,0,0,c1f,d4e,d4a,d4a,d4a,1,1,1,1,1,0,0,0,0,0,1,1,0,0,1,1,1,0,0,1,0,1,0,1,1,0,0,0,1,0,1,0,0,1,0,1,0,1,1,0,0,0,1,0,1,0,0,1,0,1,0,1,1,0,0,0,1,0,1,0,0,1,0,1,0,1,1,0,0
2024,11,5,17:41:34.846,30.84,125,119.8,0.8712,3764.7,2381.3,7.923,0.02,0.02,0.02,0.02,-546.0,333.0,-650.0,9787.0,9656,-13676,64.0,0.0,2121.0,0,0,0,c1f,d4e,d4a,d4a,d4a,1,1,1,1,1,0,0,0,0,0,1,1,0,0,1,1,1,0,0,1,0,1,0,1,1,0,0,0,1,0,1,0,0,1,0,1,0,1,1,0,0,0,1,0,1,0,0,1,0,1,0,1,1,0,0,0,1,0,1,0,0,1,0,1,0,1,1,0,0
2024,11,5,17:41:34.866,30.86,145,119.9,0.8712,3764.7,2381.3,7.924,0.02,0.02,0.02,0.02,-548.0,333.0,-650.0,9776.0,9662,-13689,66.8,0.0,2118.0,0,0,0,c1f,d4e,d4a,d4a,d4a,1,1,1,1,1,0,0,0,0,0,1,1,0,0,1,1,1,0,0,1,0,1,0,1,1,0,0,0,1,0,1,0,0,1,0,1,0,1,1,0,0,0,1,0,1,0,0,1,0,1,0,1,1,0,0,0,1,0,1,0,0,1,0,1,0,1,1,0,0
2024,11,5,17:41:34.886,30.88,165,119.9,0.8714,3758.5,2375.1,7.924,0.02,0.02,0.02,0.02,-550.0,334.0,-650.0,9765.0,9669,-13702,70.0,0.0,2115.0,0,0,0,c1f,d4e,d4a,d4a,d4a,1,1,1,1,1,0,0,0,0,0,1,1,0,0,1,1,1,0,0,1,0,1,0,1,1,0,0,0,1,0,1,0,0,1,0,1,0,1,1,0,0,0,1,0,1,0,0,1,0,1,0,1,1,0,0,0,1,0,1,0,0,1,0,1,0,1,1,0,0
2024,11,5,17:41:34.906,30.90,185,119.9,0.8714,3758.5,2375.1,7.924,0.02,0.02,0.02,0.02,-551.0,334.0,-650.0,9754.0,9676,-13715,73.5,0.0,2112.0,0,0,0,c1f,d4e,d4a,d4a,d4a,1,1,1,1,1,0,0,0,0,0,1,1,0,0,1,1,1,0,0,1,0,1,0,1,1,0,0,0,1,0,1,0,0,1,0,1,0,1,1,0,0,0,1,0,1,0,0,1,0,1,0,1,1,0,0,0,1,0,1,0,0,1,0,1,0,1,1,0,0
2024,11,5,17:41:34.926,30.92,205,119.9,0.8714,3759.7,2376.3,7.925,0.02,0.02,0.02,0.02,-552.0,334.0,-650.0,9743.0,9682,-13728,77.4,0.0,2109.0,0,0,0,c1f,d4e,d4a,d4a,d4a,1,1,1,1,1,0,0,0,0,0,1,1,0,0,1,1,1,0,0,1,0,1,0,1,1,0,0,0,1,0,1,0,0,1,0,1,0,1,1,0,0,0,1,0,1,0,0,1,0,1,0,1,1,0,0,0,1,0,1,0,0,1,0,1,0,1,1,0,0
2024,11,5,17:41:34.946,30.94,225,119.8,0.8714,3760.3,2376.9,7.924,0.02,0.02,0.02,0.02,-554.0,334.0,-650.0,9732.0,9689,-13741,81.5,0.0,2106.0,0,0,0,c1f,d4e,d4a,d4a,d4a,1,1,1,1,1,0,0,0,0,0,1,1,0,0,1,1,1,0,0,1,0,1,0,1,1,0,0,0,1,0,1,0,0,1,0,1,0,1,1,0,0,0,1,0,1,0,0,1,0,1,0,1,1,0,0,0,1,0,1,0,0,1,0,1,0,1,1,0,0
2024,11,5,17:41:34.966,30.96,245,119.8,0.8714,3760.3,2376.9,7.923,0.02,0.02,0.02,0.02,-555.0,334.0,-651.0,9721.0,9696,-13754,85.7,0.0,2103.0,0,0,0,c1f,d4e,d4a,d4a,d4a,1,1,1,1,1,0,0,0,0,0,1,1,0,0,1,1,1,0,0,1,0,1,0,1,1,0,0,0,1,0,1,0,0,1,0,1,0,1,1,0,0,0,1,0,1,0,0,1,0,1,0,1,1,0,0,0,1,0,1,0,0,1,0,1,0,1,1,0,0
2024,11,5,17:41:34.986,30.98,15,119.8,0.8714,3760.3,2376.9,7.925,0.02,0.02,0.02,0.02,-557.0,334.0,-651.0,9710.0,9703,-13767,89.9,0.0,2099.0,0,0,0,c1f,d4e,d4a,d4a,d4a,1,1,1,1,1,0,0,0,0,0,1,1,0,0,1,1,1,0,0,1,0,1,0,1,1,0,0,0,1,0,1,0,0,1,0,1,0,1,1,0,0,0,1,0,1,0,0,1,0,1,0,1,1,0,0,0,1,0,1,0,0,1,0,1,0,1,1,0,0
2024,11,5,17:41:35.006,31.00,35,119.8,0.8721,3737.4,2354.1,7.924,0.02,0.02,0.02,0.02,-558.0,335.0,-651.0,9699.0,9709,-13781,93.8,0.0,2095.0,0,0,0,c1f,d4e,d4a,d4a,d4a,1,1,1,1,1,0,0,0,0,0,1,1,0,0,1,1,1,0,0,1,0,1,0,1,1,0,0,0,1,0,1,0,0,1,0,1,0,1,1,0,0,0,1,0,1,0,0,1,0,1,0,1,1,0,0,0,1,0,1,0,0,1,0,1,0,1,1,0,0
2024,11,5,17:41:35.026,31.02,55,119.8,0.8721,3737.4,2354.1,7.923,0.02,0.02,0.02,0.02,-559.0,335.0,-651.0,9687.0,9716,-13794,97.5,0.0,2092.0,0,0,0,c1f,d4a,d4a,d4a,d4a,1,1,1,1,1,0,0,0,0,0,1,1,0,0,1,0,1,0,0,1,0,1,0,1,1,0,0,0,1,0,1,0,0,1,0,1,0,1,1,0,0,0,1,0,1,0,0,1,0,1,0,1,1,0,0,0,1,0,1,0,0,1,0,1,0,1,1,0,0
2024,11,5,17:41:35.046,31.04,75,119.8,0.8722,3734.4,2351.0,7.924,0.02,0.02,0.02,0.02,-560.0,335.0,-652.0,9676.0,9723,-13807,100.6,0.0,2088.0,0,0,0,c1f,d4a,d4a,d4a,d4a,1,1,1,1,1,0,0,0,0,0,1,1,0,0,1,0,1,0,0,1,0,1,0,1,1,0,0,0,1,0,1,0,0,1,0,1,0,1,1,0,0,0,1,0,1,0,0,1,0,1,0,1,1,0,0,0,1,0,1,0,0,1,0,1,0,1,1,0,0
2024,11,5,17:41:35.066,31.06,95,119.8,0.8722,3734.4,2351.0,7.925,0.02,0.02,0.02,0.02,-562.0,335.0,-652.0,9665.0,9729,-13820,102.9,0.0,2085.0,0,0,0,c1f,d4a,d4a,d4a,d4a,1,1,1,1,1,0,0,0,0,0,1,1,0,0,1,0,1,0,0,1,0,1,0,1,1,0,0,0,1,0,1,0,0,1,0,1,0,1,1,0,0,0,1,0,1,0,0,1,0,1,0,1,1,0,0,0,1,0,1,0,0,1,0,1,0,1,1,0,0
2024,11,5,17:41:35.086,31.08,115,119.8,0.8722,3736.2,2352.8,7.924,0.02,0.02,0.02,0.02,-563.0,336.0,-652.0,9654.0,9736,-13833,104.2,0.0,2081.0,0,0,0,c1f,d4a,d4a,d4a,d4a,1,1,1,1,1,0,0,0,0,0,1,1,0,0,1,0,1,0,0,1,0,1,0,1,1,0,0,0,1,0,1,0,0,1,0,1,0,1,1,0,0,0,1,0,1,0,0,1,0,1,0,1,1,0,0,0,1,0,1,0,0,1,0,1,0,1,1,0,0
2024,11,5,17:41:35.106,31.10,135,119.8,0.8722,3736.2,2352.8,7.924,0.02,0.02,0.02,0.02,-564.0,336.0,-652.0,9643.0,9743,-13846,104.5,0.0,2078.0,0,0,0,c1f,d4a,d4a,d4a,d4a,1,1,1,1,1,0,0,0,0,0,1,1,0,0,1,0,1,0,0,1,0,1,0,1,1,0,0,0,1,0,1,0,0,1,0,1,0,1,1,0,0,0,1,0,1,0,0,1,0,1,0,1,1,0,0,0,1,0,1,0,0,1,0,1,0,1,1,0,0
2024,11,5,17:41:35.126,31.12,155,119.8,0.8724,3728.2,2344.8,7.923,0.02,0.02,0.02,0.02,-565.0,336.0,-653.0,9631.0,9750,-13859,103.8,0.0,2075.0,0,0,0,c1f,d4a,d4a,d4a,d4a,1,1,1,1,1,0,0,0,0,0,1,1,0,0,1,0,1,0,0,1,0,1,0,1,1,0,0,0,1,0,1,0,0,1,0,1,0,1,1,0,0,0,1,0,1,0,0,1,0,1,0,1,1,0,0,0,1,0,1,0,0,1,0,1,0,1,1,0,0
2024,11,5,17:41:35.146,31.14,175,119.8,0.8724,3728.2,2344.8,7.925,0.02,0.02,0.02,0.02,-566.0,336.0,-653.0,9620.0,9756,-13872,102.3,0.0,2073.0,0,0,0,c1f,d4a,d4a,d4a,d4a,1,1,1,1,1,0,0,0,0,0,1,1,0,0,1,0,1,0,0,1,0,1,0,1,1,0,0,0,1,0,1,0,0,1,0,1,0,1,1,0,0,0,1,0,1,0,0,1,0,1,0,1,1,0,0,0,1,0,1,0,0,1,0,1,0,1,1,0,0
2024,11,5,17:41:35.166,31.16,195,119.8,0.8727,3718.3,2334.9,7.924,0.02,0.02,0.02,0.02,-567.0,337.0,-653.0,9609.0,9763,-13885,100.1,0.0,2071.0,0,0,0,c1f,d4a,d4a,d4a,d4a,1,1,1,1,1,0,0,0,0,0,1,1,0,0,1,0,1,0,0,1,0,1,0,1,1,0,0,0,1,0,1,0,0,1,0,1,0,1,1,0,0,0,1,0,1,0,0,1,0,1,0,1,1,0,0,0,1,0,1,0,0,1,0,1,0,1,1,0,0
2024,11,5,17:41:35.186,31.18,215,119.8,0.8727,3718.3,2334.9,7.924,0.02,0.02,0.02,0.02,-568.0,337.0,-653.0,9597.0,9770,-13898,97.2,0.0,2069.0,0,0,0,c1f,d4a,d4a,d4a,d4a,1,1,1,1,1,0,0,0,0,0,1,1,0,0,1,0,1,0,0,1,0,1,0,1,1,0,0,0,1,0,1,0,0,1,0,1,0,1,1,0,0,0,1,0,1,0,0,1,0,1,0,1,1,0,0,0,1,0,1,0,0,1,0,1,0,1,1,0,0
2024,11,5,17:41:35.206,31.20,235,119.8,0.8724,3728.2,2344.8,7.925,0.02,0.02,0.02,0.02,-570.0,337.0,-653.0,9586.0,9777,-13911,93.6,0.0,2067.0,0,0,0,c1f,d4a,d4a,d4a,d4a,1,1,1,1,1,0,0,0,0,0,1,1,0,0,1,0,1,0,0,1,0,1,0,1,1,0,0,0,1,0,1,0,0,1,0,1,0,1,1,0,0,0,1,0,1,0,0,1,0,1,0,1,1,0,0,0,1,0,1,0,0,1,0,1,0,1,1,0,0
2024,11,5,17:41:35.226,31.22,5,119.8,0.8724,3728.2,2344.8,7.924,0.02,0.02,0.02,0.02,-571.0,337.0,-654.0,9574.0,9783,-13924,89.3,0.0,2066.0,0,0,0,c1f,d4a,d4a,d4a,d4a,1,1,1,1,1,0,0,0,0,0,1,1,0,0,1,0,1,0,0,1,0,1,0,1,1,0,0,0,1,0,1,0,0,1,0,1,0,1,1,0,0,0,1,0,1,0,0,1,0,1,0,1,1,0,0,0,1,0,1,0,0,1,0,1,0,1,1,0,0
2024,11,5,17:41:35.246,31.24,25,119.8,0.8726,3723.2,2339.8,7.924,0.02,0.02,0.02,0.02,-572.0,338.0,-654.0,9563.0,9790,-13937,84.2,0.0,2064.0,0,0,0,c1f,d4e,d4a,d4a,d4a,1,1,1,1,1,0,0,0,0,0,1,1,0,0,1,1,1,0,0,1,0,1,0,1,1,0,0,0,1,0,1,0,0,1,0,1,0,1,1,0,0,0,1,0,1,0,0,1,0,1,0,1,1,0,0,0,1,0,1,0,0,1,0,1,0,1,1,0,0
2024,11,5,17:41:35.266,31.26,45,119.8,0.8726,3723.2,2339.8,7.923,0.02,0.02,0.02,0.02,-573.0,338.0,-654.0,9551.0,9797,-13950,78.3,0.0,2062.0,0,0,0,c1f,d4e,d4a,d4a,d4a,1,1,1,1,1,0,0,0,0,0,1,1,0,0,1,1,1,0,0,1,0,1,0,1,1,0,0,0,1,0,1,0,0,1,0,1,0,1,1,0,0,0,1,0,1,0,0,1,0,1,0,1,1,0,0,0,1,0,1,0,0,1,0,1,0,1,1,0,0
2024,11,5,17:41:35.286,31.28,65,119.8,0.8726,3723.2,2339.8,7.923,0.02,0.02,0.02,0.02,-574.0,338.0,-654.0,9540.0,9804,-13963,71.6,0.0,2060.0,0,0,0,c1f,d4e,d4a,d4a,d4a,1,1,1,1,1,0,0,0,0,0,1,1,0,0,1,1,1,0,0,1,0,1,0,1,1,0,0,0,1,0,1,0,0,1,0,1,0,1,1,0,0,0,1,0,1,0,0,1,0,1,0,1,1,0,0,0,1,0,1,0,0,1,0,1,0,1,1,0,0
2024,11,5,17:41:35.306,31.30,85,119.9,0.8726,3722.6,2339.2,7.923,0.02,0.02,0.02,0.02,-575.0,338.0,-654.0,9529.0,9810,-13977,64.1,0.0,2058.0,0,0,0,c1f,d4e,d4a,d4a,d4a,1,1,1,1,1,0,0,0,0,0,1,1,0,0,1,1,1,0,0,1,0,1,0,1,1,0,0,0,1,0,1,0,0,1,0,1,0,1,1,0,0,0,1,0,1,0,0,1,0,1,0,1,1,0,0,0,1,0,1,0,0,1,0,1,0,1,1,0,0
2024,11,5,17:41:35.326,31.32,105,119.9,0.8726,3721.4,2338.0,7.925,0.02,0.02,0.02,0.02,-576.0,338.0,-655.0,9517.0,9817,-13990,56.1,0.0,2057.0,0,0,0,c1f,d4e,d4a,d4a,d4a,1,1,1,1,1,0,0,0,0,0,1,1,0,0,1,1,1,0,0,1,0,1,0,1,1,0,0,0,1,0,1,0,0,1,0,1,0,1,1,0,0,0,1,0,1,0,0,1,0,1,0,1,1,0,0,0,1,0,1,0,0,1,0,1,0,1,1,0,0
2024,11,5,17:41:35.346,31.34,125,119.8,0.8726,3721.4,2338.0,7.924,0.02,0.02,0.02,0.02,-578.0,338.0,-655.0,9505.0,9824,-14003,48.2,0.0,2055.0,0,0,0,c1f,d4e,d4a,d4a,d4a,1,1,1,1,1,0,0,0,0,0,1,1,0,0,1,1,1,0,0,1,0,1,0,1,1,0,0,0,1,0,1,0,0,1,0,1,0,1,1,0,0,0,1,0,1,0,0,1,0,1,0,1,1,0,0,0,1,0,1,0,0,1,0,1,0,1,1,0,0
2024,11,5,17:41:35.366,31.36,145,119.8,0.8737,3689.3,2305.9,7.923,0.02,0.02,0.02,0.02,-580.0,338.0,-655.0,9494.0,9831,-14016,40.5,0.0,2054.0,0,0,0,c1f,d4e,d4a,d4a,d4a,1,1,1,1,1,0,0,0,0,0,1,1,0,0,1,1,1,0,0,1,0,1,0,1,1,0,0,0,1,0,1,0,0,1,0,1,0,1,1,0,0,0,1,0,1,0,0,1,0,1,0,1,1,0,0,0,1,0,1,0,0,1,0,1,0,1,1,0,0
2024,11,5,17:41:35.386,31.38,165,119.8,0.8737,3689.9,2306.5,7.923,0.02,0.02,0.02,0.02,-581.0,337.0,-655.0,9482.0,9837,-14029,33.2,0.0,2052.0,0,0,0,c1f,d4e,d4a,d4a,d4a,1,1,1,1,1,0,0,0,0,0,1,1,0,0,1,1,1,0,0,1,0,1,0,1,1,0,0,0,1,0,1,0,0,1,0,1,0,1,1,0,0,0,1,0,1,0,0,1,0,1,0,1,1,0,0,0,1,0,1,0,0,1,0,1,0,1,1,0,0
2024,11,5,17:41:35.406,31.40,185,119.8,0.8747,3659.0,2275.6,7.924,0.02,0.02,0.02,0.02,-583.0,337.0,-655.0,9471.0,9844,-14042,26.8,0.0,2052.0,0,0,0,c1f,d4e,d4a,d4a,d4a,1,1,1,1,1,0,0,0,0,0,1,1,0,0,1,1,1,0,0,1,0,1,0,1,1,0,0,0,1,0,1,0,0,1,0,1,0,1,1,0,0,0,1,0,1,0,0,1,0,1,0,1,1,0,0,0,1,0,1,0,0,1,0,1,0,1,1,0,0
2024,11,5,17:41:35.426,31.42,205,119.8,0.8747,3659.0,2275.6,7.924,0.02,0.02,0.02,0.02,-584.0,338.0,-655.0,9459.0,9851,-14055,21.5,0.0,2051.0,0,0,0,c1f,d4e,d4a,d4a,d4a,1,1,1,1,1,0,0,0,0,0,1,1,0,0,1,1,1,0,0,1,0,1,0,1,1,0,0,0,1,0,1,0,0,1,0,1,0,1,1,0,0,0,1,0,1,0,0,1,0,1,0,1,1,0,0,0,1,0,1,0,0,1,0,1,0,1,1,0,0
2024,11,5,17:41:35.446,31.44,225,119.8,0.8747,3657.2,2273.8,7.924,0.02,0.02,0.02,0.02,-585.0,338.0,-655.0,9447.0,9858,-14068,17.3,0.0,2051.0,0,0,0,c1f,d4e,d4a,d4a,d4a,1,1,1,1,1,0,0,0,0,0,1,1,0,0,1,1,1,0,0,1,0,1,0,1,1,0,0,0,1,0,1,0,0,1,0,1,0,1,1,0,0,0,1,0,1,0,0,1,0,1,0,1,1,0,0,0,1,0,1,0,0,1,0,1,0,1,1,0,0
2024,11,5,17:41:35.466,31.46,245,119.8,0.8747,3657.8,2274.4,7.924,0.02,0.02,0.02,0.02,-587.0,337.0,-655.0,9435.0,9864,-14081,14.2,0.0,2051.0,0,0,0,c1f,d4e,d4a,d4a,d4a,1,1,1,1,1,0,0,0,0,0,1,1,0,0,1,1,1,0,0,1,0,1,0,1,1,0,0,0,1,0,1,0,0,1,0,1,0,1,1,0,0,0,1,0,1,0,0,1,0,1,0,1,1,0,0,0,1,0,1,0,0,1,0,1,0,1,1,0,0
2024,11,5,17:41:35.486,31.48,15,119.8,0.8747,3657.8,2274.4,7.925,0.02,0.02,0.02,0.02,-588.0,337.0,-655.0,9424.0,9871,-14094,12.2,0.0,2052.0,0,0,0,c1f,d4e,d4a,d4a,d4e,1,1,1,1,1,0,0,0,0,0,1,1,0,0,1,1,1,0,0,1,0,1,0,1,1,0,0,0,1,0,1,0,0,1,0,1,0,1,1,0,0,0,1,0,1,0,0,1,0,1,0,1,1,0,0,0,1,1,1,0,0,1,0,1,0,1,1,0,0
2024,11,5,17:41:35.506,31.50,35,119.8,0.8747,3657.8,2274.4,7.923,0.02,0.02,0.02,0.02,-589.0,337.0,-655.0,9412.0,9878,-14108,11.2,0.0,2053.0,0,0,0,c1f,d4e,d4a,d4a,d4e,1,1,1,1,1,0,0,0,0,0,1,1,0,0,1,1,1,0,0,1,0,1,0,1,1,0,0,0,1,0,1,0,0,1,0,1,0,1,1,0,0,0,1,0,1,0,0,1,0,1,0,1,1,0,0,0,1,1,1,0,0,1,0,1,0,1,1,0,0
2024,11,5,17:41:35.526,31.52,55,119.8,0.8754,3635.6,2252.2,7.923,0.02,0.02,0.02,0.02,-590.0,337.0,-654.0,9400.0,9885,-14121,10.8,0.0,2055.0,0,0,0,e1f,d46,d42,d42,d46,1,1,1,1,1,0,0,0,0,1,1,1,0,0,1,1,0,0,0,1,0,1,0,1,1,0,0,0,1,0,0,0,0,1,0,1,0,1,1,0,0,0,1,0,0,0,0,1,0,1,0,1,1,0,0,0,1,1,0,0,0,1,0,1,0,1,1,0,0
2024,11,5,17:41:35.546,31.54,75,119.8,0.8754,3635.6,2252.2,7.924,0.02,0.02,0.02,0.02,-591.0,337.0,-655.0,9388.0,9891,-14134,10.7,0.0,2056.0,0,0,0,e1f,d46,d42,d42,d46,1,1,1,1,1,0,0,0,0,1,1,1,0,0,1,1,0,0,0,1,0,1,0,1,1,0,0,0,1,0,0,0,0,1,0,1,0,1,1,0,0,0,1,0,0,0,0,1,0,1,0,1,1,0,0,0,1,1,0,0,0,1,0,1,0,1,1,0,0
2024,11,5,17:41:35.566,31.56,95,119.8,0.8752,3643.6,2260.2,7.925,0.02,0.02,0.02,0.02,-592.0,337.0,-655.0,9376.0,9898,-14147,10.6,0.0,2059.0,0,0,0,e1f,d46,d42,d42,d46,1,1,1,1,1,0,0,0,0,1,1,1,0,0,1,1,0,0,0,1,0,1,0,1,1,0,0,0,1,0,0,0,0,1,0,1,0,1,1,0,0,0,1,0,0,0,0,1,0,1,0,1,1,0,0,0,1,1,0,0,0,1,0,1,0,1,1,0,0
2024,11,5,17:41:35.586,31.58,115,119.8,0.8752,3643.6,2260.2,7.924,0.02,0.02,0.02,0.02,-593.0,337.0,-655.0,9365.0,9905,-14160,10.8,0.0,2061.0,0,0,0,e1f,d46,d42,d42,d46,1,1,1,1,1,0,0,0,0,1,1,1,0,0,1,1,0,0,0,1,0,1,0,1,1,0,0,0,1,0,0,0,0,1,0,1,0,1,1,0,0,0,1,0,0,0,0,1,0,1,0,1,1,0,0,0,1,1,0,0,0,1,0,1,0,1,1,0,0
2024,11,5,17:41:35.606,31.60,135,119.8,0.8752,3643.6,2260.2,7.924,0.02,0.02,0.02,0.02,-595.0,337.0,-655.0,9353.0,9912,-14173,11.3,0.0,2063.0,0,0,0,e1f,d46,d42,d42,d46,1,1,1,1,1,0,0,0,0,1,1,1,0,0,1,1,0,0,0,1,0,1,0,1,1,0,0,0,1,0,0,0,0,1,0,1,0,1,1,0,0,0,1,0,0,0,0,1,0,1,0,1,1,0,0,0,1,1,0,0,0,1,0,1,0,1,1,0,0
2024,11,5,17:41:35.626,31.62,155,119.8,0.8752,3643.6,2260.2,7.925,0.02,0.02,0.02,0.02,-596.0,337.0,-655.0,9341.0,9918,-14186,12.4,0.0,2066.0,0,0,0,e1f,d46,d42,d42,d46,1,1,1,1,1,0,0,0,0,1,1,1,0,0,1,1,0,0,0,1,0,1,0,1,1,0,0,0,1,0,0,0,0,1,0,1,0,1,1,0,0,0,1,0,0,0,0,1,0,1,0,1,1,0,0,0,1,1,0,0,0,1,0,1,0,1,1,0,0
2024,11,5,17:41:35.646,31.64,175,119.8,0.8754,3637.4,2254.0,7.924,0.02,0.02,0.02,0.02,-597.0,337.0,-655.0,9329.0,9925,-14199,14.1,0.0,2069.0,0,0,0,e1f,d4e,d4a,d4a,d4e,1,1,1,1,1,0,0,0,0,1,1,1,0,0,1,1,1,0,0,1,0,1,0,1,1,0,0,0,1,0,1,0,0,1,0,1,0,1,1,0,0,0,1,0,1,0,0,1,0,1,0,1,1,0,0,0,1,1,1,0,0,1,0,1,0,1,1,0,0
2024,11,5,17:41:35.666,31.66,195,119.8,0.8754,3637.4,2254.0,7.924,0.02,0.02,0.02,0.02,-598.0,337.0,-655.0,9317.0,9932,-14212,16.2,0.0,2072.0,0,0,0,e1f,d4e,d4a,d4a,d4e,1,1,1,1,1,0,0,0,0,1,1,1,0,0,1,1,1,0,0,1,0,1,0,1,1,0,0,0,1,0,1,0,0,1,0,1,0,1,1,0,0,0,1,0,1,0,0,1,0,1,0,1,1,0,0,0,1,1,1,0,0,1,0,1,0,1,1,0,0
2024,11,5,17:41:35.686,31.68,215,119.8,0.8756,3630.7,2247.3,7.925,0.02,0.02,0.02,0.02,-599.0,337.0,-655.0,9305.0,9939,-14226,18.8,0.0,2076.0,0,0,0,e1f,d4e,d4a,d4a,d4a,1,1,1,1,1,0,0,0,0,1,1,1,0,0,1,1,1,0,0,1,0,1,0,1,1,0,0,0,1,0,1,0,0,1,0,1,0,1,1,0,0,0,1,0,1,0,0,1,0,1,0,1,1,0,0,0,1,0,1,0,0,1,0,1,0,1,1,0,0
2024,11,5,17:41:35.706,31.70,235,119.8,0.8756,3630.7,2247.3,7.924,0.02,0.02,0.02,0.02,-601.0,337.0,-656.0,9293.0,9945,-14239,21.6,0.0,2079.0,0,0,0,e1f,d4e,d4a,d4a,d4a,1,1,1,1,1,0,0,0,0,1,1,1,0,0,1,1,1,0,0,1,0,1,0,1,1,0,0,0,1,0,1,0,0,1,0,1,0,1,1,0,0,0,1,0,1,0,0,1,0,1,0,1,1,0,0,0,1,0,1,0,0,1,0,1,0,1,1,0,0
2024,11,5,17:41:35.726,31.72,5,119.8,0.8760,3616.5,2233.1,7.924,0.02,0.02,0.02,0.02,-602.0,337.0,-656.0,9281.0,9952,-14252,24.6,0.0,2082.0,0,0,0,e1f,d4e,d4a,d4a,d4a,1,1,1,1,1,0,0,0,0,1,1,1,0,0,1,1,1,0,0,1,0,1,0,1,1,0,0,0,1,0,1,0,0,1,0,1,0,1,1,0,0,0,1,0,1,0,0,1,0,1,0,1,1,0,0,0,1,0,1,0,0,1,0,1,0,1,1,0,0
2024,11,5,17:41:35.746,31.74,25,119.8,0.8760,3616.5,2233.1,7.924,0.02,0.02,0.02,0.02,-603.0,337.0,-656.0,9269.0,9959,-14265,27.7,0.0,2086.0,0,0,0,e1f,d4e,d4a,d4a,d4a,1,1,1,1,1,0,0,0,0,1,1,1,0,0,1,1,1,0,0,1,0,1,0,1,1,0,0,0,1,0,1,0,0,1,0,1,0,1,1,0,0,0,1,0,1,0,0,1,0,1,0,1,1,0,0,0,1,0,1,0,0,1,0,1,0,1,1,0,0
2024,11,5,17:41:35.766,31.76,45,119.8,0.8762,3611.6,2228.2,7.925,0.02,0.02,0.02,0.02,-604.0,337.0,-656.0,9257.0,9966,-14278,31.0,0.0,2089.0,0,0,0,e1f,d4e,d4a,d4a,d4a,1,1,1,1,1,0,0,0,0,1,1,1,0,0,1,1,1,0,0,1,0,1,0,1,1,0,0,0,1,0,1,0,0,1,0,1,0,1,1,0,0,0,1,0,1,0,0,1,0,1,0,1,1,0,0,0,1,0,1,0,0,1,0,1,0,1,1,0,0
2024,11,5,17:41:35.786,31.78,65,119.8,0.8762,3611.6,2228.2,7.926,0.02,0.02,0.02,0.02,-606.0,337.0,-656.0,9245.0,9973,-14291,34.2,0.0,2092.0,0,0,0,e1f,d4e,d4a,d4a,d4a,1,1,1,1,1,0,0,0,0,1,1,1,0,0,1,1,1,0,0,1,0,1,0,1,1,0,0,0,1,0,1,0,0,1,0,1,0,1,1,0,0,0,1,0,1,0,0,1,0,1,0,1,1,0,0,0,1,0,1,0,0,1,0,1,0,1,1,0,0
2024,11,5,17:41:35.806,31.80,85,119.8,0.8766,3600.5,2217.1,7.924,0.02,0.02,0.02,0.02,-607.0,337.0,-657.0,9232.0,9979,-14304,37.3,0.0,2096.0,0,0,0,e1f,d4e,d4a,d4a,d4a,1,1,1,1,1,0,0,0,0,1,1,1,0,0,1,1,1,0,0,1,0,1,0,1,1,0,0,0,1,0,1,0,0,1,0,1,0,1,1,0,0,0,1,0,1,0,0,1,0,1,0,1,1,0,0,0,1,0,1,0,0,1,0,1,0,1,1,0,0
2024,11,5,17:41:35.826,31.82,105,119.8,0.8766,3600.5,2217.1,7.924,0.02,0.02,0.02,0.02,-608.0,337.0,-657.0,9220.0,9986,-14317,40.4,0.0,2099.0,0,0,0,e1f,d4e,d4a,d4a,d4a,1,1,1,1,1,0,0,0,0,1,1,1,0,0,1,1,1,0,0,1,0,1,0,1,1,0,0,0,1,0,1,0,0,1,0,1,0,1,1,0,0,0,1,0,1,0,0,1,0,1,0,1,1,0,0,0,1,0,1,0,0,1,0,1,0,1,1,0,0
2024,11,5,17:41:35.846,31.84,125,119.8,0.8765,3602.3,2218.9,7.924,0.02,0.02,0.02,0.02,-609.0,337.0,-657.0,9208.0,9993,-14331,43.2,0.0,2103.0,0,0,0,e1f,d4e,d4a,d4a,d4a,1,1,1,1,1,0,0,0,0,1,1,1,0,0,1,1,1,0,0,1,0,1,0,1,1,0,0,0,1,0,1,0,0,1,0,1,0,1,1,0,0,0,1,0,1,0,0,1,0,1,0,1,1,0,0,0,1,0,1,0,0,1,0,1,0,1,1,0,0
2024,11,5,17:41:35.866,31.86,145,119.8,0.8765,3602.3,2218.9,7.924,0.02,0.02,0.02,0.02,-611.0,337.0,-658.0,9196.0,10000,-14344,45.7,0.0,2106.0,0,0,0,e1f,d4e,d4a,d4a,d4a,1,1,1,1,1,0,0,0,0,1,1,1,0,0,1,1,1,0,0,1,0,1,0,1,1,0,0,0,1,0,1,0,0,1,0,1,0,1,1,0,0,0,1,0,1,0,0,1,0,1,0,1,1,0,0,0,1,0,1,0,0,1,0,1,0,1,1,0,0
2024,11,5,17:41:35.886,31.88,165,119.8,0.8765,3602.3,2218.9,7.925,0.02,0.02,0.02,0.02,-612.0,337.0,-658.0,9184.0,10006,-14357,47.9,0.0,2110.0,0,0,0,e1f,d4e,d4a,d4a,d4a,1,1,1,1,1,0,0,0,0,1,1,1,0,0,1,1,1,0,0,1,0,1,0,1,1,0,0,0,1,0,1,0,0,1,0,1,0,1,1,0,0,0,1,0,1,0,0,1,0,1,0,1,1,0,0,0,1,0,1,0,0,1,0,1,0,1,1,0,0
2024,11,5,17:41:35.906,31.90,185,119.8,0.8765,3602.3,2218.9,7.924,0.02,0.02,0.02,0.02,-613.0,337.0,-658.0,9171.0,10013,-14370,49.7,0.0,2114.0,0,0,0,e1f,d4e,d4a,d4a,d4a,1,1,1,1,1,0,0,0,0,1,1,1,0,0,1,1,1,0,0,1,0,1,0,1,1,0,0,0,1,0,1,0,0,1,0,1,0,1,1,0,0,0,1,0,1,0,0,1,0,1,0,1,1,0,0,0,1,0,1,0,0,1,0,1,0,1,1,0,0
2024,11,5,17:41:35.926,31.92,205,119.8,0.8766,3600.5,2217.1,7.924,0.02,0.02,0.02,0.02,-614.0,336.0,-659.0,9159.0,10020,-14383,50.9,0.0,2117.0,0,0,0,e1f,d4e,d4a,d4a,d4a,1,1,1,1,1,0,0,0,0,1,1,1,0,0,1,1,1,0,0,1,0,1,0,1,1,0,0,0,1,0,1,0,0,1,0,1,0,1,1,0,0,0,1,0,1,0,0,1,0,1,0,1,1,0,0,0,1,0,1,0,0,1,0,1,0,1,1,0,0
2024,11,5,17:41:35.946,31.94,225,119.8,0.8766,3600.5,2217.1,7.925,0.02,0.02,0.02,0.02,-615.0,336.0,-659.0,9147.0,10026,-14396,51.9,0.0,2121.0,0,0,0,e1f,d4e,d4a,d4a,d4a,1,1,1,1,1,0,0,0,0,1,1,1,0,0,1,1,1,0,0,1,0,1,0,1,1,0,0,0,1,0,1,0,0,1,0,1,0,1,1,0,0,0,1,0,1,0,0,1,0,1,0,1,1,0,0,0,1,0,1,0,0,1,0,1,0,1,1,0,0
2024,11,5,17:41:35.966,31.96,245,119.8,0.8766,3600.5,2217.1,7.924,0.02,0.02,0.02,0.02,-616.0,336.0,-659.0,9135.0,10033,-14410,52.4,0.0,2125.0,0,0,0,e1f,d4e,d4a,d4a,d4a,1,1,1,1,1,0,0,0,0,1,1,1,0,0,1,1,1,0,0,1,0,1,0,1,1,0,0,0,1,0,1,0,0,1,0,1,0,1,1,0,0,0,1,0,1,0,0,1,0,1,0,1,1,0,0,0,1,0,1,0,0,1,0,1,0,1,1,0,0
2024,11,5,17:41:35.986,31.98,15,119.8,0.8766,3600.5,2217.1,7.923,0.02,0.02,0.02,0.02,-616.0,336.0,-660.0,9122.0,10040,-14423,52.2,0.0,2128.0,0,0,0,e1f,d4e,d4a,d4a,d4a,1,1,1,1,1,0,0,0,0,1,1,1,0,0,1,1,1,0,0,1,0,1,0,1,1,0,0,0,1,0,1,0,0,1,0,1,0,1,1,0,0,0,1,0,1,0,0,1,0,1,0,1,1,0,0,0,1,0,1,0,0,1,0,1,0,1,1,0,0
2024,11,5,17:41:36.006,32.00,35,119.8,0.8767,3597.4,2214.0,7.924,0.02,0.02,0.02,0.02,-617.0,335.0,-660.0,9110.0,10047,-14436,51.5,0.0,2130.0,0,0,0,e1f,d4e,d4a,d4a,d4a,1,1,1,1,1,0,0,0,0,1,1,1,0,0,1,1,1,0,0,1,0,1,0,1,1,0,0,0,1,0,1,0,0,1,0,1,0,1,1,0,0,0,1,0,1,0,0,1,0,1,0,1,1,0,0,0,1,0,1,0,0,1,0,1,0,1,1,0,0
2024,11,5,17:41:36.026,32.02,55,119.8,0.8767,3597.4,2214.0,7.924,0.02,0.02,0.02,0.02,-618.0,335.0,-660.0,9097.0,10053,-14449,50.5,0.0,2132.0,0,0,0,e1f,d4e,d4a,d4a,d4a,1,1,1,1,1,0,0,0,0,1,1,1,0,0,1,1,1,0,0,1,0,1,0,1,1,0,0,0,1,0,1,0,0,1,0,1,0,1,1,0,0,0,1,0,1,0,0,1,0,1,0,1,1,0,0,0,1,0,1,0,0,1,0,1,0,1,1,0,0
2024,11,5,17:41:36.046,32.04,75,119.8,0.8764,3605.4,2222.0,7.923,0.02,0.02,0.02,0.02,-619.0,335.0,-661.0,9085.0,10060,-14463,49.3,0.0,2134.0,0,0,0,e1f,d4e,d4a,d4a,d4a,1,1,1,1,1,0,0,0,0,1,1,1,0,0,1,1,1,0,0,1,0,1,0,1,1,0,0,0,1,0,1,0,0,1,0,1,0,1,1,0,0,0,1,0,1,0,0,1,0,1,0,1,1,0,0,0,1,0,1,0,0,1,0,1,0,1,1,0,0
2024,11,5,17:41:36.066,32.06,95,119.8,0.8764,3605.4,2222.0,7.924,0.02,0.02,0.02,0.02,-620.0,335.0,-661.0,9073.0,10067,-14476,48.0,0.0,2135.0,0,0,0,e1f,d4e,d4a,d4a,d4a,1,1,1,1,1,0,0,0,0,1,1,1,0,0,1,1,1,0,0,1,0,1,0,1,1,0,0,0,1,0,1,0,0,1,0,1,0,1,1,0,0,0,1,0,1,0,0,1,0,1,0,1,1,0,0,0,1,0,1,0,0,1,0,1,0,1,1,0,0
2024,11,5,17:41:36.086,32.08,115,119.8,0.8763,3608.5,2225.1,7.924,0.02,0.02,0.02,0.02,-622.0,335.0,-661.0,9060.0,10074,-14489,46.4,0.0,2136.0,0,0,0,e1f,d4e,d4a,d4a,d4a,1,1,1,1,1,0,0,0,0,1,1,1,0,0,1,1,1,0,0,1,0,1,0,1,1,0,0,0,1,0,1,0,0,1,0,1,0,1,1,0,0,0,1,0,1,0,0,1,0,1,0,1,1,0,0,0,1,0,1,0,0,1,0,1,0,1,1,0,0
2024,11,5,17:41:36.106,32.10,135,119.8,0.8763,3609.1,2225.7,7.924,0.02,0.02,0.02,0.02,-623.0,335.0,-662.0,9048.0,10080,-14502,44.4,0.0,2137.0,0,0,0,e1f,d4e,d4a,d4a,d4a,1,1,1,1,1,0,0,0,0,1,1,1,0,0,1,1,1,0,0,1,0,1,0,1,1,0,0,0,1,0,1,0,0,1,0,1,0,1,1,0,0,0,1,0,1,0,0,1,0,1,0,1,1,0,0,0,1,0,1,0,0,1,0,1,0,1,1,0,0
2024,11,5,17:41:36.126,32.12,155,119.8,0.8759,3620.8,2237.4,7.924,0.02,0.02,0.02,0.02,-624.0,335.0,-662.0,9035.0,10087,-14515,42.1,0.0,2138.0,0,0,0,e1f,d4e,d4a,d4a,d4a,1,1,1,1,1,0,0,0,0,1,1,1,0,0,1,1,1,0,0,1,0,1,0,1,1,0,0,0,1,0,1,0,0,1,0,1,0,1,1,0,0,0,1,0,1,0,0,1,0,1,0,1,1,0,0,0,1,0,1,0,0,1,0,1,0,1,1,0,0
2024,11,5,17:41:36.146,32.14,175,119.8,0.8759,3620.2,2236.8,7.924,0.02,0.02,0.02,0.02,-625.0,335.0,-662.0,9023.0,10094,-14529,39.8,0.0,2138.0,0,0,0,e1f,d4e,d4a,d4a,d4a,1,1,1,1,1,0,0,0,0,1,1,1,0,0,1,1,1,0,0,1,0,1,0,1,1,0,0,0,1,0,1,0,0,1,0,1,0,1,1,0,0,0,1,0,1,0,0,1,0,1,0,1,1,0,0,0,1,0,1,0,0,1,0,1,0,1,1,0,0
2024,11,5,17:41:36.166,32.16,195,119.8,0.8763,3607.2,2223.9,7.923,0.02,0.02,0.02,0.02,-626.0,335.0,-663.0,9010.0,10100,-14542,37.7,0.0,2139.0,0,0,0,e1f,d4e,d4a,d4a,d4a,1,1,1,1,1,0,0,0,0,1,1,1,0,0,1,1,1,0,0,1,0,1,0,1,1,0,0,0,1,0,1,0,0,1,0,1,0,1,1,0,0,0,1,0,1,0,0,1,0,1,0,1,1,0,0,0,1,0,1,0,0,1,0,1,0,1,1,0,0
2024,11,5,17:41:36.186,32.18,215,119.8,0.8763,3607.2,2223.9,7.924,0.02,0.02,0.02,0.02,-627.0,335.0,-663.0,8998.0,10107,-14555,35.5,0.0,2139.0,0,0,0,e1f,d4e,d4a,d4a,d4a,1,1,1,1,1,0,0,0,0,1,1,1,0,0,1,1,1,0,0,1,0,1,0,1,1,0,0,0,1,0,1,0,0,1,0,1,0,1,1,0,0,0,1,0,1,0,0,1,0,1,0,1,1,0,0,0,1,0,1,0,0,1,0,1,0,1,1,0,0
2024,11,5,17:41:36.206,32.20,235,119.8,0.8761,3614.0,2230.6,7.924,0.02,0.02,0.02,0.02,-628.0,336.0,-664.0,8985.0,10114,-14569,32.7,0.0,2140.0,0,0,0,e1f,d4e,d4a,d4a,d4a,1,1,1,1,1,0,0,0,0,1,1,1,0,0,1,1,1,0,0,1,0,1,0,1,1,0,0,0,1,0,1,0,0,1,0,1,0,1,1,0,0,0,1,0,1,0,0,1,0,1,0,1,1,0,0,0,1,0,1,0,0,1,0,1,0,1,1,0,0
2024,11,5,17:41:36.226,32.22,5,119.8,0.8761,3614.0,2230.6,7.924,0.02,0.02,0.02,0.02,-629.0,336.0,-664.0,8973.0,10121,-14582,29.4,0.0,2141.0,0,0,0,e1f,d4e,d4a,d4a,d4a,1,1,1,1,1,0,0,0,0,1,1,1,0,0,1,1,1,0,0,1,0,1,0,1,1,0,0,0,1,0,1,0,0,1,0,1,0,1,1,0,0,0,1,0,1,0,0,1,0,1,0,1,1,0,0,0,1,0,1,0,0,1,0,1,0,1,1,0,0
2024,11,5,17:41:36.246,32.24,25,119.8,0.8759,3622.0,2238.6,7.923,0.02,0.02,0.02,0.02,-630.0,336.0,-665.0,8960.0,10127,-14595,26.4,0.0,2141.0,0,0,0,e1f,d4e,d4a,d4a,d4a,1,1,1,1,1,0,0,0,0,1,1,1,0,0,1,1,1,0,0,1,0,1,0,1,1,0,0,0,1,0,1,0,0,1,0,1,0,1,1,0,0,0,1,0,1,0,0,1,0,1,0,1,1,0,0,0,1,0,1,0,0,1,0,1,0,1,1,0,0
2024,11,5,17:41:36.266,32.26,45,119.8,0.8758,3622.6,2239.3,7.925,0.02,0.02,0.02,0.02,-631.0,336.0,-665.0,8947.0,10134,-14608,24.1,0.0,2142.0,0,0,0,e1f,d4e,d4a,d4a,d4a,1,1,1,1,1,0,0,0,0,1,1,1,0,0,1,1,1,0,0,1,0,1,0,1,1,0,0,0,1,0,1,0,0,1,0,1,0,1,1,0,0,0,1,0,1,0,0,1,0,1,0,1,1,0,0,0,1,0,1,0,0,1,0,1,0,1,1,0,0
2024,11,5,17:41:36.286,32.28,65,119.8,0.8762,3611.6,2228.2,7.924,0.02,0.02,0.02,0.02,-633.0,337.0,-665.0,8935.0,10141,-14622,23.0,0.0,2143.0,0,0,0,e1f,d4e,d4a,d4a,d4a,1,1,1,1,1,0,0,0,0,1,1,1,0,0,1,1,1,0,0,1,0,1,0,1,1,0,0,0,1,0,1,0,0,1,0,1,0,1,1,0,0,0,1,0,1,0,0,1,0,1,0,1,1,0,0,0,1,0,1,0,0,1,0,1,0,1,1,0,0
2024,11,5,17:41:36.306,32.30,85,119.8,0.8762,3610.9,2227.6,7.924,0.02,0.02,0.02,0.02,-634.0,337.0,-666.0,8922.0,10147,-14635,23.0,0.0,2144.0,0,0,0,e1f,d4e,d4a,d4a,d4a,1,1,1,1,1,0,0,0,0,1,1,1,0,0,1,1,1,0,0,1,0,1,0,1,1,0,0,0,1,0,1,0,0,1,0,1,0,1,1,0,0,0,1,0,1,0,0,1,0,1,0,1,1,0,0,0,1,0,1,0,0,1,0,1,0,1,1,0,0
2024,11,5,17:41:36.326,32.32,105,119.8,0.8760,3617.1,2233.7,7.923,0.02,0.02,0.02,0.02,-635.0,337.0,-666.0,8909.0,10154,-14648,24.3,0.0,2145.0,0,0,0,e1f,d4e,d4a,d4a,d4a,1,1,1,1,1,0,0,0,0,1,1,1,0,0,1,1,1,0,0,1,0,1,0,1,1,0,0,0,1,0,1,0,0,1,0,1,0,1,1,0,0,0,1,0,1,0,0,1,0,1,0,1,1,0,0,0,1,0,1,0,0,1,0,1,0,1,1,0,0
2024,11,5,17:41:36.346,32.34,125,119.8,0.8760,3617.7,2234.3,7.925,0.02,0.02,0.02,0.02,-636.0,337.0,-667.0,8897.0,10161,-14662,26.2,0.0,2146.0,0,0,0,e1f,d4e,d4a,d4a,d4a,1,1,1,1,1,0,0,0,0,1,1,1,0,0,1,1,1,0,0,1,0,1,0,1,1,0,0,0,1,0,1,0,0,1,0,1,0,1,1,0,0,0,1,0,1,0,0,1,0,1,0,1,1,0,0,0,1,0,1,0,0,1,0,1,0,1,1,0,0
2024,11,5,17:41:36.366,32.36,145,119.8,0.8760,3618.9,2235.6,7.924,0.02,0.02,0.02,0.02,-638.0,337.0,-667.0,8884.0,10168,-14675,28.4,0.0,2147.0,0,0,0,e1f,d4e,d4a,d4a,d4a,1,1,1,1,1,0,0,0,0,1,1,1,0,0,1,1,1,0,0,1,0,1,0,1,1,0,0,0,1,0,1,0,0,1,0,1,0,1,1,0,0,0,1,0,1,0,0,1,0,1,0,1,1,0,0,0,1,0,1,0,0,1,0,1,0,1,1,0,0
2024,11,5,17:41:36.386,32.38,165,119.8,0.8759,3619.6,2236.2,7.923,0.02,0.02,0.02,0.02,-639.0,336.0,-667.0,8871.0,10174,-14688,30.6,0.0,2147.0,0,0,0,e1f,d4e,d4a,d4a,d4a,1,1,1,1,1,0,0,0,0,1,1,1,0,0,1,1,1,0,0,1,0,1,0,1,1,0,0,0,1,0,1,0,0,1,0,1,0,1,1,0,0,0,1,0,1,0,0,1,0,1,0,1,1,0,0,0,1,0,1,0,0,1,0,1,0,1,1,0,0
2024,11,5,17:41:36.406,32.40,185,119.8,0.8760,3616.5,2233.1,7.924,0.02,0.02,0.02,0.02,-640.0,336.0,-668.0,8858.0,10181,-14702,32.7,0.0,2148.0,0,0,0,e1f,d4e,d4a,d4a,d4a,1,1,1,1,1,0,0,0,0,1,1,1,0,0,1,1,1,0,0,1,0,1,0,1,1,0,0,0,1,0,1,0,0,1,0,1,0,1,1,0,0,0,1,0,1,0,0,1,0,1,0,1,1,0,0,0,1,0,1,0,0,1,0,1,0,1,1,0,0
2024,11,5,17:41:36.426,32.42,205,119.8,0.8760,3616.5,2233.1,7.923,0.02,0.02,0.02,0.02,-641.0,336.0,-668.0,8845.0,10188,-14715,34.6,0.0,2148.0,0,0,0,e1f,d4e,d4a,d4a,d4a,1,1,1,1,1,0,0,0,0,1,1,1,0,0,1,1,1,0,0,1,0,1,0,1,1,0,0,0,1,0,1,0,0,1,0,1,0,1,1,0,0,0,1,0,1,0,0,1,0,1,0,1,1,0,0,0,1,0,1,0,0,1,0,1,0,1,1,0,0
2024,11,5,17:41:36.446,32.44,225,119.8,0.8762,3612.8,2229.4,7.924,0.02,0.02,0.02,0.02,-642.0,336.0,-669.0,8833.0,10195,-14729,36.2,0.0,2148.0,0,0,0,e1f,d4e,d4a,d4a,d4a,1,1,1,1,1,0,0,0,0,1,1,1,0,0,1,1,1,0,0,1,0,1,0,1,1,0,0,0,1,0,1,0,0,1,0,1,0,1,1,0,0,0,1,0,1,0,0,1,0,1,0,1,1,0,0,0,1,0,1,0,0,1,0,1,0,1,1,0,0
2024,11,5,17:41:36.466,32.46,245,119.8,0.8762,3612.8,2229.4,7.924,0.02,0.02,0.02,0.02,-643.0,337.0,-669.0,8820.0,10201,-14742,37.7,0.0,2148.0,0,0,0,e1f,d4e,d4a,d4a,d4a,1,1,1,1,1,0,0,0,0,1,1,1,0,0,1,1,1,0,0,1,0,1,0,1,1,0,0,0,1,0,1,0,0,1,0,1,0,1,1,0,0,0,1,0,1,0,0,1,0,1,0,1,1,0,0,0,1,0,1,0,0,1,0,1,0,1,1,0,0
2024,11,5,17:41:36.486,32.48,15,119.8,0.8758,3622.6,2239.3,7.924,0.02,0.02,0.02,0.02,-644.0,337.0,-670.0,8807.0,10208,-14755,39.0,0.0,2148.0,0,0,0,e1f,d4e,d4a,d4a,d4a,1,1,1,1,1,0,0,0,0,1,1,1,0,0,1,1,1,0,0,1,0,1,0,1,1,0,0,0,1,0,1,0,0,1,0,1,0,1,1,0,0,0,1,0,1,0,0,1,0,1,0,1,1,0,0,0,1,0,1,0,0,1,0,1,0,1,1,0,0
2024,11,5,17:41:36.506,32.50,35,119.8,0.8758,3622.6,2239.3,7.925,0.02,0.02,0.02,0.02,-645.0,337.0,-670.0,8794.0,10215,-14769,40.1,0.0,2148.0,0,0,0,e1f,d4e,d4a,d4a,d4a,1,1,1,1,1,0,0,0,0,1,1,1,0,0,1,1,1,0,0,1,0,1,0,1,1,0,0,0,1,0,1,0,0,1,0,1,0,1,1,0,0,0,1,0,1,0,0,1,0,1,0,1,1,0,0,0,1,0,1,0,0,1,0,1,0,1,1,0,0
2024,11,5,17:41:36.526,32.52,55,119.8,0.8761,3614.6,2231.2,7.925,0.02,0.02,0.02,0.02,-647.0,337.0,-671.0,8781.0,10222,-14782,41.0,0.0,2147.0,0,0,0,e1f,d4e,d4a,d4a,d4a,1,1,1,1,1,0,0,0,0,1,1,1,0,0,1,1,1,0,0,1,0,1,0,1,1,0,0,0,1,0,1,0,0,1,0,1,0,1,1,0,0,0,1,0,1,0,0,1,0,1,0,1,1,0,0,0,1,0,1,0,0,1,0,1,0,1,1,0,0
2024,11,5,17:41:36.546,32.54,75,119.8,0.8761,3614.6,2231.2,7.923,0.02,0.02,0.02,0.02,-648.0,337.0,-671.0,8768.0,10228,-14796,41.9,0.0,2147.0,0,0,0,e1f,d4e,d4a,d4a,d4a,1,1,1,1,1,0,0,0,0,1,1,1,0,0,1,1,1,0,0,1,0,1,0,1,1,0,0,0,1,0,1,0,0,1,0,1,0,1,1,0,0,0,1,0,1,0,0,1,0,1,0,1,1,0,0,0,1,0,1,0,0,1,0,1,0,1,1,0,0
2024,11,5,17:41:36.566,32.56,95,119.8,0.8762,3610.9,2227.6,7.926,0.02,0.02,0.02,0.02,-649.0,337.0,-672.0,8755.0,10235,-14809,42.6,0.0,2146.0,0,0,0,e1f,d4e,d4a,d4a,d4a,1,1,1,1,1,0,0,0,0,1,1,1,0,0,1,1,1,0,0,1,0,1,0,1,1,0,0,0,1,0,1,0,0,1,0,1,0,1,1,0,0,0,1,0,1,0,0,1,0,1,0,1,1,0,0,0,1,0,1,0,0,1,0,1,0,1,1,0,0
2024,11,5,17:41:36.586,32.58,115,119.8,0.8762,3611.6,2228.2,7.924,0.02,0.02,0.02,0.02,-650.0,337.0,-672.0,8742.0,10242,-14823,43.3,0.0,2145.0,0,0,0,e1f,d4e,d4a,d4a,d4a,1,1,1,1,1,0,0,0,0,1,1,1,0,0,1,1,1,0,0,1,0,1,0,1,1,0,0,0,1,0,1,0,0,1,0,1,0,1,1,0,0,0,1,0,1,0,0,1,0,1,0,1,1,0,0,0,1,0,1,0,0,1,0,1,0,1,1,0,0
2024,11,5,17:41:36.606,32.60,135,119.8,0.8764,3606.6,2223.2,7.925,0.02,0.02,0.02,0.02,-651.0,337.0,-673.0,8729.0,10249,-14836,43.8,0.0,2144.0,0,0,0,e1f,d4e,d4a,d4a,d4a,1,1,1,1,1,0,0,0,0,1,1,1,0,0,1,1,1,0,0,1,0,1,0,1,1,0,0,0,1,0,1,0,0,1,0,1,0,1,1,0,0,0,1,0,1,0,0,1,0,1,0,1,1,0,0,0,1,0,1,0,0,1,0,1,0,1,1,0,0
2024,11,5,17:41:36.626,32.62,155,119.8,0.8764,3606.6,2223.2,7.925,0.02,0.02,0.02,0.02,-653.0,337.0,-674.0,8716.0,10255,-14849,44.3,0.0,2143.0,0,0,0,e1f,d4e,d4a,d4a,d4a,1,1,1,1,1,0,0,0,0,1,1,1,0,0,1,1,1,0,0,1,0,1,0,1,1,0,0,0,1,0,1,0,0,1,0,1,0,1,1,0,0,0,1,0,1,0,0,1,0,1,0,1,1,0,0,0,1,0,1,0,0,1,0,1,0,1,1,0,0
2024,11,5,17:41:36.646,32.64,175,119.8,0.8765,3603.6,2220.2,7.925,0.02,0.02,0.02,0.02,-654.0,337.0,-674.0,8703.0,10262,-14863,44.9,0.0,2142.0,0,0,0,e1f,d4e,d4a,d4a,d4a,1,1,1,1,1,0,0,0,0,1,1,1,0,0,1,1,1,0,0,1,0,1,0,1,1,0,0,0,1,0,1,0,0,1,0,1,0,1,1,0,0,0,1,0,1,0,0,1,0,1,0,1,1,0,0,0,1,0,1,0,0,1,0,1,0,1,1,0,0
2024,11,5,17:41:36.666,32.66,195,119.8,0.8765,3602.9,2219.5,7.924,0.02,0.02,0.02,0.02,-655.0,337.0,-675.0,8690.0,10269,-14876,45.1,0.0,2140.0,0,0,0,e1f,d4e,d4a,d4a,d4a,1,1,1,1,1,0,0,0,0,1,1,1,0,0,1,1,1,0,0,1,0,1,0,1,1,0,0,0,1,0,1,0,0,1,0,1,0,1,1,0,0,0,1,0,1,0,0,1,0,1,0,1,1,0,0,0,1,0,1,0,0,1,0,1,0,1,1,0,0
2024,11,5,17:41:36.686,32.68,215,119.8,0.8766,3599.9,2216.5,7.925,0.02,0.02,0.02,0.02,-656.0,337.0,-675.0,8677.0,10276,-14890,45.0,0.0,2139.0,0,0,0,e1f,d4e,d4a,d4a,d4a,1,1,1,1,1,0,0,0,0,1,1,1,0,0,1,1,1,0,0,1,0,1,0,1,1,0,0,0,1,0,1,0,0,1,0,1,0,1,1,0,0,0,1,0,1,0,0,1,0,1,0,1,1,0,0,0,1,0,1,0,0,1,0,1,0,1,1,0,0
2024,11,5,17:41:36.706,32.70,235,119.8,0.8766,3600.5,2217.1,7.923,0.02,0.02,0.02,0.02,-657.0,337.0,-676.0,8664.0,10282,-14903,44.9,0.0,2137.0,0,0,0,e1f,d4e,d4a,d4a,d4a,1,1,1,1,1,0,0,0,0,1,1,1,0,0,1,1,1,0,0,1,0,1,0,1,1,0,0,0,1,0,1,0,0,1,0,1,0,1,1,0,0,0,1,0,1,0,0,1,0,1,0,1,1,0,0,0,1,0,1,0,0,1,0,1,0,1,1,0,0
2024,11,5,17:41:36.726,32.72,5,119.8,0.8770,3586.3,2202.9,7.924,0.02,0.02,0.02,0.02,-659.0,337.0,-676.0,8650.0,10289,-14917,44.7,0.0,2135.0,0,0,0,e1f,d4e,d4a,d4a,d4a,1,1,1,1,1,0,0,0,0,1,1,1,0,0,1,1,1,0,0,1,0,1,0,1,1,0,0,0,1,0,1,0,0,1,0,1,0,1,1,0,0,0,1,0,1,0,0,1,0,1,0,1,1,0,0,0,1,0,1,0,0,1,0,1,0,1,1,0,0
2024,11,5,17:41:36.746,32.74,25,119.8,0.8770,3585.7,2202.3,7.926,0.02,0.02,0.02,0.02,-660.0,337.0,-677.0,8637.0,10296,-14931,44.7,0.0,2132.0,0,0,0,e1f,d4e,d4a,d4a,d4a,1,1,1,1,1,0,0,0,0,1,1,1,0,0,1,1,1,0,0,1,0,1,0,1,1,0,0,0,1,0,1,0,0,1,0,1,0,1,1,0,0,0,1,0,1,0,0,1,0,1,0,1,1,0,0,0,1,0,1,0,0,1,0,1,0,1,1,0,0
2024,11,5,17:41:36.766,32.76,45,119.8,0.8770,3587.5,2204.2,7.923,0.02,0.02,0.02,0.02,-661.0,337.0,-677.0,8624.0,10303,-14944,44.8,0.0,2130.0,0,0,0,e1f,d4e,d4a,d4a,d4a,1,1,1,1,1,0,0,0,0,1,1,1,0,0,1,1,1,0,0,1,0,1,0,1,1,0,0,0,1,0,1,0,0,1,0,1,0,1,1,0,0,0,1,0,1,0,0,1,0,1,0,1,1,0,0,0,1,0,1,0,0,1,0,1,0,1,1,0,0
2024,11,5,17:41:36.786,32.78,65,119.8,0.8770,3587.5,2204.2,7.924,0.02,0.02,0.02,0.02,-663.0,337.0,-678.0,8611.0,10309,-14958,45.1,0.0,2128.0,0,0,0,e1f,d4e,d4a,d4a,d4a,1,1,1,1,1,0,0,0,0,1,1,1,0,0,1,1,1,0,0,1,0,1,0,1,1,0,0,0,1,0,1,0,0,1,0,1,0,1,1,0,0,0,1,0,1,0,0,1,0,1,0,1,1,0,0,0,1,0,1,0,0,1,0,1,0,1,1,0,0
2024,11,5,17:41:36.806,32.80,85,119.8,0.8767,3595.5,2212.2,7.924,0.02,0.02,0.02,0.02,-664.0,337.0,-678.0,8597.0,10316,-14971,45.3,0.0,2125.0,0,0,0,e1f,d4e,d4a,d4a,d4a,1,1,1,1,1,0,0,0,0,1,1,1,0,0,1,1,1,0,0,1,0,1,0,1,1,0,0,0,1,0,1,0,0,1,0,1,0,1,1,0,0,0,1,0,1,0,0,1,0,1,0,1,1,0,0,0,1,0,1,0,0,1,0,1,0,1,1,0,0
2024,11,5,17:41:36.826,32.82,105,119.8,0.8767,3595.5,2212.2,7.924,0.02,0.02,0.02,0.02,-665.0,337.0,-679.0,8584.0,10323,-14985,45.4,0.0,2123.0,0,0,0,e1f,d4e,d4a,d4a,d4a,1,1,1,1,1,0,0,0,0,1,1,1,0,0,1,1,1,0,0,1,0,1,0,1,1,0,0,0,1,0,1,0,0,1,0,1,0,1,1,0,0,0,1,0,1,0,0,1,0,1,0,1,1,0,0,0,1,0,1,0,0,1,0,1,0,1,1,0,0
2024,11,5,17:41:36.846,32.84,125,119.8,0.8766,3598.6,2215.2,7.924,0.02,0.02,0.02,0.02,-666.0,337.0,-679.0,8571.0,10330,-14998,45.5,0.0,2121.0,0,0,0,e1f,d4e,d4a,d4a,d4a,1,1,1,1,1,0,0,0,0,1,1,1,0,0,1,1,1,0,0,1,0,1,0,1,1,0,0,0,1,0,1,0,0,1,0,1,0,1,1,0,0,0,1,0,1,0,0,1,0,1,0,1,1,0,0,0,1,0,1,0,0,1,0,1,0,1,1,0,0
2024,11,5,17:41:36.866,32.86,145,119.8,0.8766,3598.6,2215.2,7.926,0.02,0.02,0.02,0.02,-668.0,337.0,-680.0,8557.0,10336,-15012,45.9,0.0,2118.0,0,0,0,e1f,d4e,d4a,d4a,d4a,1,1,1,1,1,0,0,0,0,1,1,1,0,0,1,1,1,0,0,1,0,1,0,1,1,0,0,0,1,0,1,0,0,1,0,1,0,1,1,0,0,0,1,0,1,0,0,1,0,1,0,1,1,0,0,0,1,0,1,0,0,1,0,1,0,1,1,0,0
2024,11,5,17:41:36.886,32.88,165,119.8,0.8770,3586.3,2202.9,7.925,0.02,0.02,0.02,0.02,-669.0,337.0,-681.0,8544.0,10343,-15026,46.1,0.0,2116.0,0,0,0,e1f,d4e,d4a,d4a,d4a,1,1,1,1,1,0,0,0,0,1,1,1,0,0,1,1,1,0,0,1,0,1,0,1,1,0,0,0,1,0,1,0,0,1,0,1,0,1,1,0,0,0,1,0,1,0,0,1,0,1,0,1,1,0,0,0,1,0,1,0,0,1,0,1,0,1,1,0,0
2024,11,5,17:41:36.906,32.90,185,119.8,0.8770,3586.3,2202.9,7.923,0.02,0.02,0.02,0.02,-670.0,337.0,-681.0,8531.0,10350,-15039,46.1,0.0,2114.0,0,0,0,e1f,d4e,d4a,d4a,d4a,1,1,1,1,1,0,0,0,0,1,1,1,0,0,1,1,1,0,0,1,0,1,0,1,1,0,0,0,1,0,1,0,0,1,0,1,0,1,1,0,0,0,1,0,1,0,0,1,0,1,0,1,1,0,0,0,1,0,1,0,0,1,0,1,0,1,1,0,0
2024,11,5,17:41:36.926,32.92,205,119.8,0.8772,3580.2,2196.8,7.924,0.02,0.02,0.02,0.02,-671.0,337.0,-682.0,8517.0,10357,-15053,45.9,0.0,2113.0,0,0,0,e1f,d4e,d4a,d4a,d4a,1,1,1,1,1,0,0,0,0,1,1,1,0,0,1,1,1,0,0,1,0,1,0,1,1,0,0,0,1,0,1,0,0,1,0,1,0,1,1,0,0,0,1,0,1,0,0,1,0,1,0,1,1,0,0,0,1,0,1,0,0,1,0,1,0,1,1,0,0
2024,11,5,17:41:36.946,32.94,225,119.8,0.8772,3580.2,2196.8,7.925,0.02,0.02,0.02,0.02,-672.0,337.0,-683.0,8504.0,10363,-15067,45.4,0.0,2112.0,0,0,0,e1f,d4e,d4a,d4a,d4a,1,1,1,1,1,0,0,0,0,1,1,1,0,0,1,1,1,0,0,1,0,1,0,1,1,0,0,0,1,0,1,0,0,1,0,1,0,1,1,0,0,0,1,0,1,0,0,1,0,1,0,1,1,0,0,0,1,0,1,0,0,1,0,1,0,1,1,0,0
2024,11,5,17:41:36.966,32.96,245,119.8,0.8776,3568.5,2185.1,7.924,0.02,0.02,0.02,0.02,-673.0,338.0,-684.0,8490.0,10370,-15080,44.6,0.0,2111.0,0,0,0,e1f,d4e,d4a,d4a,d4a,1,1,1,1,1,0,0,0,0,1,1,1,0,0,1,1,1,0,0,1,0,1,0,1,1,0,0,0,1,0,1,0,0,1,0,1,0,1,1,0,0,0,1,0,1,0,0,1,0,1,0,1,1,0,0,0,1,0,1,0,0,1,0,1,0,1,1,0,0
2024,11,5,17:41:36.986,32.98,15,119.8,0.8776,3569.1,2185.7,7.925,0.02,0.02,0.02,0.02,-675.0,338.0,-684.0,8477.0,10377,-15094,43.8,0.0,2110.0,0,0,0,e1f,d4e,d4a,d4a,d4a,1,1,1,1,1,0,0,0,0,1,1,1,0,0,1,1,1,0,0,1,0,1,0,1,1,0,0,0,1,0,1,0,0,1,0,1,0,1,1,0,0,0,1,0,1,0,0,1,0,1,0,1,1,0,0,0,1,0,1,0,0,1,0,1,0,1,1,0,0
2024,11,5,17:41:37.006,33.00,35,119.8,0.8776,3567.9,2184.5,7.924,0.02,0.02,0.02,0.02,-676.0,338.0,-685.0,8463.0,10384,-15108,42.8,0.0,2110.0,0,0,0,e1f,d4e,d4a,d4a,d4a,1,1,1,1,1,0,0,0,0,1,1,1,0,0,1,1,1,0,0,1,0,1,0,1,1,0,0,0,1,0,1,0,0,1,0,1,0,1,1,0,0,0,1,0,1,0,0,1,0,1,0,1,1,0,0,0,1,0,1,0,0,1,0,1,0,1,1,0,0
2024,11,5,17:41:37.026,33.02,55,119.8,0.8776,3567.2,2183.8,7.924,0.02,0.02,0.02,0.02,-677.0,338.0,-686.0,8450.0,10390,-15121,41.5,0.0,2111.0,0,0,0,e1f,d4e,d4a,d4a,d4a,1,1,1,1,1,0,0,0,0,1,1,1,0,0,1,1,1,0,0,1,0,1,0,1,1,0,0,0,1,0,1,0,0,1,0,1,0,1,1,0,0,0,1,0,1,0,0,1,0,1,0,1,1,0,0,0,1,0,1,0,0,1,0,1,0,1,1,0,0
2024,11,5,17:41:37.046,33.04,75,119.8,0.8777,3564.2,2180.8,7.923,0.02,0.02,0.02,0.02,-678.0,338.0,-686.0,8436.0,10397,-15135,40.3,0.0,2111.0,0,0,0,e1f,d4e,d4a,d4a,d4a,1,1,1,1,1,0,0,0,0,1,1,1,0,0,1,1,1,0,0,1,0,1,0,1,1,0,0,0,1,0,1,0,0,1,0,1,0,1,1,0,0,0,1,0,1,0,0,1,0,1,0,1,1,0,0,0,1,0,1,0,0,1,0,1,0,1,1,0,0
2024,11,5,17:41:37.066,33.06,95,119.8,0.8777,3564.2,2180.8,7.923,0.02,0.02,0.02,0.02,-680.0,338.0,-687.0,8423.0,10404,-15149,39.3,0.0,2112.0,0,0,0,e1f,d4e,d4a,d4a,d4a,1,1,1,1,1,0,0,0,0,1,1,1,0,0,1,1,1,0,0,1,0,1,0,1,1,0,0,0,1,0,1,0,0,1,0,1,0,1,1,0,0,0,1,0,1,0,0,1,0,1,0,1,1,0,0,0,1,0,1,0,0,1,0,1,0,1,1,0,0
2024,11,5,17:41:37.086,33.08,115,119.8,0.8783,3548.2,2164.8,7.924,0.02,0.02,0.02,0.02,-681.0,339.0,-687.0,8409.0,10411,-15163,38.8,0.0,2112.0,0,0,0,e1f,d4e,d4a,d4a,d4a,1,1,1,1,1,0,0,0,0,1,1,1,0,0,1,1,1,0,0,1,0,1,0,1,1,0,0,0,1,0,1,0,0,1,0,1,0,1,1,0,0,0,1,0,1,0,0,1,0,1,0,1,1,0,0,0,1,0,1,0,0,1,0,1,0,1,1,0,0
2024,11,5,17:41:37.106,33.10,135,119.8,0.8783,3548.2,2164.8,7.924,0.02,0.02,0.02,0.02,-683.0,339.0,-688.0,8395.0,10417,-15176,38.5,0.0,2113.0,0,0,0,e1f,d4e,d4a,d4a,d4a,1,1,1,1,1,0,0,0,0,1,1,1,0,0,1,1,1,0,0,1,0,1,0,1,1,0,0,0,1,0,1,0,0,1,0,1,0,1,1,0,0,0,1,0,1,0,0,1,0,1,0,1,1,0,0,0,1,0,1,0,0,1,0,1,0,1,1,0,0
2024,11,5,17:41:37.126,33.12,155,119.8,0.8782,3550.0,2166.6,7.924,0.02,0.02,0.02,0.02,-684.0,339.0,-688.0,8382.0,10424,-15190,38.8,0.0,2114.0,0,0,0,e1f,d4e,d4a,d4a,d4a,1,1,1,1,1,0,0,0,0,1,1,1,0,0,1,1,1,0,0,1,0,1,0,1,1,0,0,0,1,0,1,0,0,1,0,1,0,1,1,0,0,0,1,0,1,0,0,1,0,1,0,1,1,0,0,0,1,0,1,0,0,1,0,1,0,1,1,0,0
2024,11,5,17:41:37.146,33.14,175,119.8,0.8782,3550.0,2166.6,7.924,0.02,0.02,0.02,0.02,-686.0,339.0,-689.0,8368.0,10431,-15204,39.6,0.0,2114.0,0,0,0,e1f,d4e,d4a,d4a,d4a,1,1,1,1,1,0,0,0,0,1,1,1,0,0,1,1,1,0,0,1,0,1,0,1,1,0,0,0,1,0,1,0,0,1,0,1,0,1,1,0,0,0,1,0,1,0,0,1,0,1,0,1,1,0,0,0,1,0,1,0,0,1,0,1,0,1,1,0,0
2024,11,5,17:41:37.166,33.16,195,119.8,0.8780,3554.9,2171.5,7.923,0.02,0.02,0.02,0.02,-687.0,339.0,-689.0,8354.0,10438,-15218,41.0,0.0,2115.0,0,0,0,e1f,d4e,d4a,d4a,d4a,1,1,1,1,1,0,0,0,0,1,1,1,0,0,1,1,1,0,0,1,0,1,0,1,1,0,0,0,1,0,1,0,0,1,0,1,0,1,1,0,0,0,1,0,1,0,0,1,0,1,0,1,1,0,0,0,1,0,1,0,0,1,0,1,0,1,1,0,0
2024,11,5,17:41:37.186,33.18,215,119.7,0.8780,3554.9,2171.5,7.924,0.02,0.02,0.02,0.02,-688.0,339.0,-690.0,8341.0,10445,-15231,42.7,0.0,2115.0,0,0,0,e1f,d4e,d4a,d4a,d4a,1,1,1,1,1,0,0,0,0,1,1,1,0,0,1,1,1,0,0,1,0,1,0,1,1,0,0,0,1,0,1,0,0,1,0,1,0,1,1,0,0,0,1,0,1,0,0,1,0,1,0,1,1,0,0,0,1,0,1,0,0,1,0,1,0,1,1,0,0
2024,11,5,17:41:37.206,33.20,235,119.7,0.8782,3548.8,2165.4,7.924,0.02,0.02,0.02,0.02,-690.0,339.0,-690.0,8327.0,10451,-15245,44.6,0.0,2115.0,0,0,0,e1f,d4e,d4a,d4a,d4a,1,1,1,1,1,0,0,0,0,1,1,1,0,0,1,1,1,0,0,1,0,1,0,1,1,0,0,0,1,0,1,0,0,1,0,1,0,1,1,0,0,0,1,0,1,0,0,1,0,1,0,1,1,0,0,0,1,0,1,0,0,1,0,1,0,1,1,0,0
2024,11,5,17:41:37.226,33.22,5,119.8,0.8783,3548.2,2164.8,7.923,0.02,0.02,0.02,0.02,-691.0,339.0,-690.0,8313.0,10458,-15259,46.5,0.0,2115.0,0,0,0,e1f,d4e,d4a,d4a,d4a,1,1,1,1,1,0,0,0,0,1,1,1,0,0,1,1,1,0,0,1,0,1,0,1,1,0,0,0,1,0,1,0,0,1,0,1,0,1,1,0,0,0,1,0,1,0,0,1,0,1,0,1,1,0,0,0,1,0,1,0,0,1,0,1,0,1,1,0,0
2024,11,5,17:41:37.246,33.24,25,119.8,0.8784,3543.9,2160.5,7.922,0.02,0.02,0.02,0.02,-693.0,339.0,-691.0,8299.0,10465,-15273,48.7,0.0,2115.0,0,0,0,e1f,d4e,d4a,d4a,d4a,1,1,1,1,1,0,0,0,0,1,1,1,0,0,1,1,1,0,0,1,0,1,0,1,1,0,0,0,1,0,1,0,0,1,0,1,0,1,1,0,0,0,1,0,1,0,0,1,0,1,0,1,1,0,0,0,1,0,1,0,0,1,0,1,0,1,1,0,0
2024,11,5,17:41:37.266,33.26,45,119.7,0.8784,3543.9,2160.5,7.923,0.02,0.02,0.02,0.02,-694.0,339.0,-691.0,8285.0,10472,-15287,50.8,0.0,2114.0,0,0,0,e1f,d4e,d4a,d4a,d4a,1,1,1,1,1,0,0,0,0,1,1,1,0,0,1,1,1,0,0,1,0,1,0,1,1,0,0,0,1,0,1,0,0,1,0,1,0,1,1,0,0,0,1,0,1,0,0,1,0,1,0,1,1,0,0,0,1,0,1,0,0,1,0,1,0,1,1,0,0
2024,11,5,17:41:37.286,33.28,65,119.7,0.8783,3545.7,2162.3,7.923,0.02,0.02,0.02,0.02,-696.0,339.0,-691.0,8271.0,10479,-15301,52.8,0.0,2114.0,0,0,0,e1f,d4e,d4a,d4a,d4a,1,1,1,1,1,0,0,0,0,1,1,1,0,0,1,1,1,0,0,1,0,1,0,1,1,0,0,0,1,0,1,0,0,1,0,1,0,1,1,0,0,0,1,0,1,0,0,1,0,1,0,1,1,0,0,0,1,0,1,0,0,1,0,1,0,1,1,0,0
2024,11,5,17:41:37.306,33.30,85,119.7,0.8783,3545.7,2162.3,7.924,0.02,0.02,0.02,0.02,-697.0,339.0,-692.0,8257.0,10485,-15314,54.6,0.0,2113.0,0,0,0,e1f,d4e,d4a,d4a,d4a,1,1,1,1,1,0,0,0,0,1,1,1,0,0,1,1,1,0,0,1,0,1,0,1,1,0,0,0,1,0,1,0,0,1,0,1,0,1,1,0,0,0,1,0,1,0,0,1,0,1,0,1,1,0,0,0,1,0,1,0,0,1,0,1,0,1,1,0,0
2024,11,5,17:41:37.326,33.32,105,119.7,0.8785,3540.8,2157.4,7.924,0.02,0.02,0.02,0.02,-698.0,339.0,-692.0,8243.0,10492,-15328,56.2,0.0,2112.0,0,0,0,e1f,d4e,d4a,d4a,d4a,1,1,1,1,1,0,0,0,0,1,1,1,0,0,1,1,1,0,0,1,0,1,0,1,1,0,0,0,1,0,1,0,0,1,0,1,0,1,1,0,0,0,1,0,1,0,0,1,0,1,0,1,1,0,0,0,1,0,1,0,0,1,0,1,0,1,1,0,0
2024,11,5,17:41:37.346,33.34,125,119.8,0.8785,3540.2,2156.8,7.924,0.02,0.02,0.02,0.02,-700.0,339.0,-692.0,8229.0,10499,-15342,57.9,0.0,2111.0,0,0,0,e1f,d4e,d4a,d4a,d4a,1,1,1,1,1,0,0,0,0,1,1,1,0,0,1,1,1,0,0,1,0,1,0,1,1,0,0,0,1,0,1,0,0,1,0,1,0,1,1,0,0,0,1,0,1,0,0,1,0,1,0,1,1,0,0,0,1,0,1,0,0,1,0,1,0,1,1,0,0
2024,11,5,17:41:37.366,33.36,145,119.8,0.8789,3529.1,2145.7,7.923,0.02,0.02,0.02,0.02,-701.0,339.0,-692.0,8215.0,10506,-15356,59.5,0.0,2110.0,0,0,0,e1f,d4e,d4a,d4a,d4a,1,1,1,1,1,0,0,0,0,1,1,1,0,0,1,1,1,0,0,1,0,1,0,1,1,0,0,0,1,0,1,0,0,1,0,1,0,1,1,0,0,0,1,0,1,0,0,1,0,1,0,1,1,0,0,0,1,0,1,0,0,1,0,1,0,1,1,0,0
2024,11,5,17:41:37.386,33.38,165,119.7,0.8789,3529.7,2146.3,7.924,0.02,0.02,0.02,0.02,-702.0,339.0,-693.0,8201.0,10512,-15370,60.9,0.0,2109.0,0,0,0,e1f,d4e,d4a,d4a,d4a,1,1,1,1,1,0,0,0,0,1,1,1,0,0,1,1,1,0,0,1,0,1,0,1,1,0,0,0,1,0,1,0,0,1,0,1,0,1,1,0,0,0,1,0,1,0,0,1,0,1,0,1,1,0,0,0,1,0,1,0,0,1,0,1,0,1,1,0,0
2024,11,5,17:41:37.406,33.40,185,119.7,0.8790,3524.8,2141.4,7.924,0.02,0.02,0.02,0.02,-704.0,339.0,-693.0,8187.0,10519,-15384,62.2,0.0,2108.0,0,0,0,e1f,d4e,d4a,d4a,d4a,1,1,1,1,1,0,0,0,0,1,1,1,0,0,1,1,1,0,0,1,0,1,0,1,1,0,0,0,1,0,1,0,0,1,0,1,0,1,1,0,0,0,1,0,1,0,0,1,0,1,0,1,1,0,0,0,1,0,1,0,0,1,0,1,0,1,1,0,0
2024,11,5,17:41:37.426,33.42,205,119.7,0.8790,3524.8,2141.4,7.924,0.02,0.02,0.02,0.02,-705.0,339.0,-693.0,8173.0,10526,-15398,63.3,0.0,2106.0,0,0,0,e1f,d4e,d4a,d4a,d4a,1,1,1,1,1,0,0,0,0,1,1,1,0,0,1,1,1,0,0,1,0,1,0,1,1,0,0,0,1,0,1,0,0,1,0,1,0,1,1,0,0,0,1,0,1,0,0,1,0,1,0,1,1,0,0,0,1,0,1,0,0,1,0,1,0,1,1,0,0
2024,11,5,17:41:37.446,33.44,225,119.7,0.8793,3516.8,2133.4,7.922,0.02,0.02,0.02,0.02,-706.0,339.0,-693.0,8159.0,10533,-15411,64.1,0.0,2105.0,0,0,0,e1f,d4e,d4a,d4a,d4a,1,1,1,1,1,0,0,0,0,1,1,1,0,0,1,1,1,0,0,1,0,1,0,1,1,0,0,0,1,0,1,0,0,1,0,1,0,1,1,0,0,0,1,0,1,0,0,1,0,1,0,1,1,0,0,0,1,0,1,0,0,1,0,1,0,1,1,0,0
2024,11,5,17:41:37.466,33.46,245,119.7,0.8793,3516.8,2133.4,7.924,0.02,0.02,0.02,0.02,-707.0,339.0,-694.0,8145.0,10540,-15425,64.5,0.0,2104.0,0,0,0,e1f,d4e,d4a,d4a,d4a,1,1,1,1,1,0,0,0,0,1,1,1,0,0,1,1,1,0,0,1,0,1,0,1,1,0,0,0,1,0,1,0,0,1,0,1,0,1,1,0,0,0,1,0,1,0,0,1,0,1,0,1,1,0,0,0,1,0,1,0,0,1,0,1,0,1,1,0,0
2024,11,5,17:41:37.486,33.48,15,119.7,0.8796,3505.8,2122.4,7.924,0.02,0.02,0.02,0.02,-709.0,339.0,-694.0,8131.0,10546,-15439,64.6,0.0,2102.0,0,0,0,e1f,d4e,d4a,d4a,d4a,1,1,1,1,1,0,0,0,0,1,1,1,0,0,1,1,1,0,0,1,0,1,0,1,1,0,0,0,1,0,1,0,0,1,0,1,0,1,1,0,0,0,1,0,1,0,0,1,0,1,0,1,1,0,0,0,1,0,1,0,0,1,0,1,0,1,1,0,0
2024,11,5,17:41:37.506,33.50,35,119.7,0.8796,3505.8,2122.4,7.923,0.02,0.02,0.02,0.02,-710.0,339.0,-694.0,8116.0,10553,-15453,64.4,0.0,2101.0,0,0,0,e1f,d4e,d4a,d4a,d4a,1,1,1,1,1,0,0,0,0,1,1,1,0,0,1,1,1,0,0,1,0,1,0,1,1,0,0,0,1,0,1,0,0,1,0,1,0,1,1,0,0,0,1,0,1,0,0,1,0,1,0,1,1,0,0,0,1,0,1,0,0,1,0,1,0,1,1,0,0
2024,11,5,17:41:37.526,33.52,55,119.7,0.8794,3513.8,2130.4,7.924,0.02,0.02,0.02,0.02,-711.0,339.0,-694.0,8102.0,10560,-15467,64.0,0.0,2100.0,0,0,0,e1f,d4e,d4a,d4a,d4a,1,1,1,1,1,0,0,0,0,1,1,1,0,0,1,1,1,0,0,1,0,1,0,1,1,0,0,0,1,0,1,0,0,1,0,1,0,1,1,0,0,0,1,0,1,0,0,1,0,1,0,1,1,0,0,0,1,0,1,0,0,1,0,1,0,1,1,0,0
2024,11,5,17:41:37.546,33.54,75,119.7,0.8794,3513.8,2130.4,7.923,0.02,0.02,0.02,0.02,-713.0,339.0,-694.0,8088.0,10567,-15481,63.4,0.0,2099.0,0,0,0,e1f,d4e,d4a,d4a,d4a,1,1,1,1,1,0,0,0,0,1,1,1,0,0,1,1,1,0,0,1,0,1,0,1,1,0,0,0,1,0,1,0,0,1,0,1,0,1,1,0,0,0,1,0,1,0,0,1,0,1,0,1,1,0,0,0,1,0,1,0,0,1,0,1,0,1,1,0,0
2024,11,5,17:41:37.566,33.56,95,119.7,0.8793,3516.8,2133.4,7.923,0.02,0.02,0.02,0.02,-714.0,339.0,-695.0,8074.0,10574,-15495,62.7,0.0,2097.0,0,0,0,e1f,d4e,d4a,d4a,d4a,1,1,1,1,1,0,0,0,0,1,1,1,0,0,1,1,1,0,0,1,0,1,0,1,1,0,0,0,1,0,1,0,0,1,0,1,0,1,1,0,0,0,1,0,1,0,0,1,0,1,0,1,1,0,0,0,1,0,1,0,0,1,0,1,0,1,1,0,0
2024,11,5,17:41:37.586,33.58,115,119.8,0.8793,3516.2,2132.8,7.923,0.02,0.02,0.02,0.02,-715.0,339.0,-695.0,8059.0,10580,-15509,61.8,0.0,2096.0,0,0,0,e1f,d4e,d4a,d4a,d4a,1,1,1,1,1,0,0,0,0,1,1,1,0,0,1,1,1,0,0,1,0,1,0,1,1,0,0,0,1,0,1,0,0,1,0,1,0,1,1,0,0,0,1,0,1,0,0,1,0,1,0,1,1,0,0,0,1,0,1,0,0,1,0,1,0,1,1,0,0
2024,11,5,17:41:37.606,33.60,135,119.8,0.8795,3510.1,2126.7,7.924,0.02,0.02,0.02,0.02,-717.0,340.0,-695.0,8045.0,10587,-15523,60.8,0.0,2095.0,0,0,0,e1f,d4e,d4a,d4a,d4a,1,1,1,1,1,0,0,0,0,1,1,1,0,0,1,1,1,0,0,1,0,1,0,1,1,0,0,0,1,0,1,0,0,1,0,1,0,1,1,0,0,0,1,0,1,0,0,1,0,1,0,1,1,0,0,0,1,0,1,0,0,1,0,1,0,1,1,0,0
2024,11,5,17:41:37.626,33.62,155,119.7,0.8795,3510.1,2126.7,7.924,0.02,0.02,0.02,0.02,-718.0,340.0,-695.0,8031.0,10594,-15536,59.9,0.0,2094.0,0,0,0,e1f,d4e,d4a,d4a,d4a,1,1,1,1,1,0,0,0,0,1,1,1,0,0,1,1,1,0,0,1,0,1,0,1,1,0,0,0,1,0,1,0,0,1,0,1,0,1,1,0,0,0,1,0,1,0,0,1,0,1,0,1,1,0,0,0,1,0,1,0,0,1,0,1,0,1,1,0,0
2024,11,5,17:41:37.646,33.64,175,119.7,0.8801,3492.9,2109.5,7.924,0.02,0.02,0.02,0.02,-719.0,340.0,-695.0,8016.0,10601,-15550,59.0,0.0,2093.0,0,0,0,e1f,d4e,d4a,d4a,d4a,1,1,1,1,1,0,0,0,0,1,1,1,0,0,1,1,1,0,0,1,0,1,0,1,1,0,0,0,1,0,1,0,0,1,0,1,0,1,1,0,0,0,1,0,1,0,0,1,0,1,0,1,1,0,0,0,1,0,1,0,0,1,0,1,0,1,1,0,0
2024,11,5,17:41:37.666,33.66,195,119.7,0.8801,3492.9,2109.5,7.923,0.02,0.02,0.02,0.02,-721.0,340.0,-695.0,8002.0,10608,-15564,58.3,0.0,2091.0,0,0,0,e1f,d4e,d4a,d4a,d4a,1,1,1,1,1,0,0,0,0,1,1,1,0,0,1,1,1,0,0,1,0,1,0,1,1,0,0,0,1,0,1,0,0,1,0,1,0,1,1,0,0,0,1,0,1,0,0,1,0,1,0,1,1,0,0,0,1,0,1,0,0,1,0,1,0,1,1,0,0
2024,11,5,17:41:37.686,33.68,215,119.7,0.8801,3491.7,2108.3,7.924,0.02,0.02,0.02,0.02,-722.0,341.0,-695.0,7988.0,10614,-15578,57.7,0.0,2090.0,0,0,0,e1f,d4e,d4a,d4a,d4a,1,1,1,1,1,0,0,0,0,1,1,1,0,0,1,1,1,0,0,1,0,1,0,1,1,0,0,0,1,0,1,0,0,1,0,1,0,1,1,0,0,0,1,0,1,0,0,1,0,1,0,1,1,0,0,0,1,0,1,0,0,1,0,1,0,1,1,0,0
2024,11,5,17:41:37.706,33.70,235,119.7,0.8801,3491.0,2107.7,7.924,0.02,0.02,0.02,0.02,-723.0,341.0,-695.0,7973.0,10621,-15592,57.3,0.0,2088.0,0,0,0,e1f,d4e,d4a,d4a,d4a,1,1,1,1,1,0,0,0,0,1,1,1,0,0,1,1,1,0,0,1,0,1,0,1,1,0,0,0,1,0,1,0,0,1,0,1,0,1,1,0,0,0,1,0,1,0,0,1,0,1,0,1,1,0,0,0,1,0,1,0,0,1,0,1,0,1,1,0,0
2024,11,5,17:41:37.726,33.72,5,119.7,0.8806,3476.9,2093.5,7.924,0.02,0.02,0.02,0.02,-725.0,341.0,-696.0,7959.0,10628,-15606,56.9,0.0,2086.0,0,0,0,e1f,d4e,d4a,d4a,d4a,1,1,1,1,1,0,0,0,0,1,1,1,0,0,1,1,1,0,0,1,0,1,0,1,1,0,0,0,1,0,1,0,0,1,0,1,0,1,1,0,0,0,1,0,1,0,0,1,0,1,0,1,1,0,0,0,1,0,1,0,0,1,0,1,0,1,1,0,0
2024,11,5,17:41:37.746,33.74,25,119.7,0.8806,3476.9,2093.5,7.924,0.02,0.02,0.02,0.02,-726.0,341.0,-696.0,7944.0,10635,-15620,56.7,0.0,2084.0,0,0,0,e1f,d4e,d4a,d4a,d4a,1,1,1,1,1,0,0,0,0,1,1,1,0,0,1,1,1,0,0,1,0,1,0,1,1,0,0,0,1,0,1,0,0,1,0,1,0,1,1,0,0,0,1,0,1,0,0,1,0,1,0,1,1,0,0,0,1,0,1,0,0,1,0,1,0,1,1,0,0
2024,11,5,17:41:37.766,33.76,45,119.7,0.8805,3480.0,2096.6,7.922,0.02,0.02,0.02,0.02,-727.0,342.0,-696.0,7929.0,10642,-15634,56.5,0.0,2081.0,0,0,0,e1f,d4e,d4a,d4a,d4a,1,1,1,1,1,0,0,0,0,1,1,1,0,0,1,1,1,0,0,1,0,1,0,1,1,0,0,0,1,0,1,0,0,1,0,1,0,1,1,0,0,0,1,0,1,0,0,1,0,1,0,1,1,0,0,0,1,0,1,0,0,1,0,1,0,1,1,0,0
2024,11,5,17:41:37.786,33.78,65,119.7,0.8805,3480.0,2096.6,7.919,0.02,0.02,0.02,0.02,-728.0,342.0,-696.0,7915.0,10649,-15648,56.2,0.0,2078.0,0,0,0,e1f,d4e,d4a,d4a,d4a,1,1,1,1,1,0,0,0,0,1,1,1,0,0,1,1,1,0,0,1,0,1,0,1,1,0,0,0,1,0,1,0,0,1,0,1,0,1,1,0,0,0,1,0,1,0,0,1,0,1,0,1,1,0,0,0,1,0,1,0,0,1,0,1,0,1,1,0,0
2024,11,5,17:41:37.806,33.80,85,119.7,0.8801,3491.0,2107.7,7.923,0.02,0.02,0.02,0.02,-730.0,342.0,-696.0,7900.0,10655,-15662,55.8,0.0,2076.0,0,0,0,e1f,d4e,d4a,d4a,d4a,1,1,1,1,1,0,0,0,0,1,1,1,0,0,1,1,1,0,0,1,0,1,0,1,1,0,0,0,1,0,1,0,0,1,0,1,0,1,1,0,0,0,1,0,1,0,0,1,0,1,0,1,1,0,0,0,1,0,1,0,0,1,0,1,0,1,1,0,0
2024,11,5,17:41:37.826,33.82,105,119.7,0.8801,3491.0,2107.7,7.924,0.02,0.02,0.02,0.02,-731.0,342.0,-696.0,7886.0,10662,-15676,55.6,0.0,2073.0,0,0,0,e1f,d4e,d4a,d4a,d4a,1,1,1,1,1,0,0,0,0,1,1,1,0,0,1,1,1,0,0,1,0,1,0,1,1,0,0,0,1,0,1,0,0,1,0,1,0,1,1,0,0,0,1,0,1,0,0,1,0,1,0,1,1,0,0,0,1,0,1,0,0,1,0,1,0,1,1,0,0
2024,11,5,17:41:37.846,33.84,125,119.7,0.8801,3492.9,2109.5,7.922,0.02,0.02,0.02,0.02,-732.0,342.0,-697.0,7871.0,10669,-15690,55.5,0.0,2070.0,0,0,0,e1f,d4e,d4a,d4a,d4a,1,1,1,1,1,0,0,0,0,1,1,1,0,0,1,1,1,0,0,1,0,1,0,1,1,0,0,0,1,0,1,0,0,1,0,1,0,1,1,0,0,0,1,0,1,0,0,1,0,1,0,1,1,0,0,0,1,0,1,0,0,1,0,1,0,1,1,0,0
2024,11,5,17:41:37.866,33.86,145,119.7,0.8801,3492.9,2109.5,7.924,0.02,0.02,0.02,0.02,-734.0,343.0,-697.0,7856.0,10676,-15704,55.4,0.0,2067.0,0,0,0,e1f,d4e,d4a,d4a,d4a,1,1,1,1,1,0,0,0,0,1,1,1,0,0,1,1,1,0,0,1,0,1,0,1,1,0,0,0,1,0,1,0,0,1,0,1,0,1,1,0,0,0,1,0,1,0,0,1,0,1,0,1,1,0,0,0,1,0,1,0,0,1,0,1,0,1,1,0,0
2024,11,5,17:41:37.886,33.88,165,119.7,0.8805,3480.0,2096.6,7.924,0.02,0.02,0.02,0.02,-735.0,343.0,-697.0,7842.0,10683,-15718,55.3,0.0,2064.0,0,0,0,e1f,d4e,d4a,d4a,d4a,1,1,1,1,1,0,0,0,0,1,1,1,0,0,1,1,1,0,0,1,0,1,0,1,1,0,0,0,1,0,1,0,0,1,0,1,0,1,1,0,0,0,1,0,1,0,0,1,0,1,0,1,1,0,0,0,1,0,1,0,0,1,0,1,0,1,1,0,0
2024,11,5,17:41:37.906,33.90,185,119.7,0.8805,3480.0,2096.6,7.923,0.02,0.02,0.02,0.02,-737.0,343.0,-698.0,7827.0,10690,-15731,55.1,0.0,2061.0,0,0,0,e1f,d4e,d4a,d4a,d4a,1,1,1,1,1,0,0,0,0,1,1,1,0,0,1,1,1,0,0,1,0,1,0,1,1,0,0,0,1,0,1,0,0,1,0,1,0,1,1,0,0,0,1,0,1,0,0,1,0,1,0,1,1,0,0,0,1,0,1,0,0,1,0,1,0,1,1,0,0
2024,11,5,17:41:37.926,33.92,205,119.7,0.8813,3456.1,2072.7,7.924,0.02,0.02,0.02,0.02,-738.0,344.0,-698.0,7812.0,10697,-15745,54.7,0.0,2058.0,0,0,0,e1f,d4e,d4a,d4a,d4a,1,1,1,1,1,0,0,0,0,1,1,1,0,0,1,1,1,0,0,1,0,1,0,1,1,0,0,0,1,0,1,0,0,1,0,1,0,1,1,0,0,0,1,0,1,0,0,1,0,1,0,1,1,0,0,0,1,0,1,0,0,1,0,1,0,1,1,0,0
2024,11,5,17:41:37.946,33.94,225,119.7,0.8813,3456.1,2072.7,7.924,0.02,0.02,0.02,0.02,-739.0,344.0,-698.0,7797.0,10704,-15759,54.3,0.0,2055.0,0,0,0,e1f,d4e,d4a,d4a,d4a,1,1,1,1,1,0,0,0,0,1,1,1,0,0,1,1,1,0,0,1,0,1,0,1,1,0,0,0,1,0,1,0,0,1,0,1,0,1,1,0,0,0,1,0,1,0,0,1,0,1,0,1,1,0,0,0,1,0,1,0,0,1,0,1,0,1,1,0,0
2024,11,5,17:41:37.966,33.96,245,119.7,0.8812,3459.2,2075.8,7.924,0.02,0.02,0.02,0.02,-740.0,344.0,-698.0,7783.0,10710,-15773,53.8,0.0,2052.0,0,0,0,e1f,d4e,d4a,d4a,d4a,1,1,1,1,1,0,0,0,0,1,1,1,0,0,1,1,1,0,0,1,0,1,0,1,1,0,0,0,1,0,1,0,0,1,0,1,0,1,1,0,0,0,1,0,1,0,0,1,0,1,0,1,1,0,0,0,1,0,1,0,0,1,0,1,0,1,1,0,0
2024,11,5,17:41:37.986,33.98,15,119.7,0.8812,3459.2,2075.8,7.924,0.02,0.02,0.02,0.02,-742.0,344.0,-698.0,7768.0,10717,-15787,53.1,0.0,2050.0,0,0,0,e1f,d4e,d4a,d4a,d4a,1,1,1,1,1,0,0,0,0,1,1,1,0,0,1,1,1,0,0,1,0,1,0,1,1,0,0,0,1,0,1,0,0,1,0,1,0,1,1,0,0,0,1,0,1,0,0,1,0,1,0,1,1,0,0,0,1,0,1,0,0,1,0,1,0,1,1,0,0
2024,11,5,17:41:38.006,34.00,35,119.7,0.8820,3434.0,2050.6,7.924,0.02,0.02,0.02,0.02,-743.0,344.0,-699.0,7753.0,10724,-15801,52.3,0.0,2048.0,0,0,0,e1f,d4e,d4a,d4a,d4a,1,1,1,1,1,0,0,0,0,1,1,1,0,0,1,1,1,0,0,1,0,1,0,1,1,0,0,0,1,0,1,0,0,1,0,1,0,1,1,0,0,0,1,0,1,0,0,1,0,1,0,1,1,0,0,0,1,0,1,0,0,1,0,1,0,1,1,0,0
2024,11,5,17:41:38.026,34.02,55,119.7,0.8820,3434.0,2050.6,7.923,0.02,0.02,0.02,0.02,-744.0,344.0,-699.0,7738.0,10731,-15815,51.4,0.0,2045.0,0,0,0,e1f,d4e,d4a,d4a,d4a,1,1,1,1,1,0,0,0,0,1,1,1,0,0,1,1,1,0,0,1,0,1,0,1,1,0,0,0,1,0,1,0,0,1,0,1,0,1,1,0,0,0,1,0,1,0,0,1,0,1,0,1,1,0,0,0,1,0,1,0,0,1,0,1,0,1,1,0,0
2024,11,5,17:41:38.046,34.04,75,119.7,0.8822,3426.1,2042.7,7.925,0.02,0.02,0.02,0.02,-745.0,345.0,-699.0,7723.0,10738,-15829,50.4,0.0,2043.0,0,0,0,e1f,d4e,d4a,d4a,d4a,1,1,1,1,1,0,0,0,0,1,1,1,0,0,1,1,1,0,0,1,0,1,0,1,1,0,0,0,1,0,1,0,0,1,0,1,0,1,1,0,0,0,1,0,1,0,0,1,0,1,0,1,1,0,0,0,1,0,1,0,0,1,0,1,0,1,1,0,0
2024,11,5,17:41:38.066,34.06,95,119.7,0.8822,3426.1,2042.7,7.924,0.02,0.02,0.02,0.02,-746.0,345.0,-699.0,7708.0,10745,-15843,49.4,0.0,2041.0,0,0,0,e1f,d4e,d4a,d4a,d4a,1,1,1,1,1,0,0,0,0,1,1,1,0,0,1,1,1,0,0,1,0,1,0,1,1,0,0,0,1,0,1,0,0,1,0,1,0,1,1,0,0,0,1,0,1,0,0,1,0,1,0,1,1,0,0,0,1,0,1,0,0,1,0,1,0,1,1,0,0
2024,11,5,17:41:38.086,34.08,115,119.7,0.8818,3438.9,2055.5,7.924,0.02,0.02,0.02,0.02,-748.0,345.0,-699.0,7693.0,10752,-15857,48.4,0.0,2040.0,0,0,0,e1f,d4e,d4a,d4a,d4a,1,1,1,1,1,0,0,0,0,1,1,1,0,0,1,1,1,0,0,1,0,1,0,1,1,0,0,0,1,0,1,0,0,1,0,1,0,1,1,0,0,0,1,0,1,0,0,1,0,1,0,1,1,0,0,0,1,0,1,0,0,1,0,1,0,1,1,0,0
2024,11,5,17:41:38.106,34.10,135,119.7,0.8818,3438.9,2055.5,7.924,0.02,0.02,0.02,0.02,-749.0,345.0,-699.0,7678.0,10759,-15871,47.3,0.0,2039.0,0,0,0,e1f,d4e,d4a,d4a,d4a,1,1,1,1,1,0,0,0,0,1,1,1,0,0,1,1,1,0,0,1,0,1,0,1,1,0,0,0,1,0,1,0,0,1,0,1,0,1,1,0,0,0,1,0,1,0,0,1,0,1,0,1,1,0,0,0,1,0,1,0,0,1,0,1,0,1,1,0,0
2024,11,5,17:41:38.126,34.12,155,119.7,0.8822,3427.3,2043.9,7.924,0.02,0.02,0.02,0.02,-750.0,345.0,-699.0,7663.0,10766,-15885,46.0,0.0,2038.0,0,0,0,e1f,d4e,d4a,d4a,d4a,1,1,1,1,1,0,0,0,0,1,1,1,0,0,1,1,1,0,0,1,0,1,0,1,1,0,0,0,1,0,1,0,0,1,0,1,0,1,1,0,0,0,1,0,1,0,0,1,0,1,0,1,1,0,0,0,1,0,1,0,0,1,0,1,0,1,1,0,0
2024,11,5,17:41:38.146,34.14,175,119.8,0.8822,3427.3,2043.9,7.924,0.02,0.02,0.02,0.02,-752.0,345.0,-699.0,7648.0,10773,-15899,44.8,0.0,2037.0,0,0,0,e1f,d4e,d4a,d4a,d4a,1,1,1,1,1,0,0,0,0,1,1,1,0,0,1,1,1,0,0,1,0,1,0,1,1,0,0,0,1,0,1,0,0,1,0,1,0,1,1,0,0,0,1,0,1,0,0,1,0,1,0,1,1,0,0,0,1,0,1,0,0,1,0,1,0,1,1,0,0
2024,11,5,17:41:38.166,34.16,195,119.8,0.8827,3413.2,2029.8,7.925,0.02,0.02,0.02,0.02,-753.0,346.0,-699.0,7633.0,10779,-15913,43.9,0.0,2037.0,0,0,0,e1f,d4e,d4a,d4a,d4a,1,1,1,1,1,0,0,0,0,1,1,1,0,0,1,1,1,0,0,1,0,1,0,1,1,0,0,0,1,0,1,0,0,1,0,1,0,1,1,0,0,0,1,0,1,0,0,1,0,1,0,1,1,0,0,0,1,0,1,0,0,1,0,1,0,1,1,0,0
2024,11,5,17:41:38.186,34.18,215,119.7,0.8827,3413.2,2029.8,7.925,0.02,0.02,0.02,0.02,-754.0,346.0,-699.0,7618.0,10786,-15927,43.0,0.0,2037.0,0,0,0,e1f,d4e,d4a,d4a,d4a,1,1,1,1,1,0,0,0,0,1,1,1,0,0,1,1,1,0,0,1,0,1,0,1,1,0,0,0,1,0,1,0,0,1,0,1,0,1,1,0,0,0,1,0,1,0,0,1,0,1,0,1,1,0,0,0,1,0,1,0,0,1,0,1,0,1,1,0,0
2024,11,5,17:41:38.206,34.20,235,119.7,0.8828,3410.1,2026.7,7.925,0.02,0.02,0.02,0.02,-755.0,346.0,-699.0,7603.0,10793,-15941,42.0,0.0,2038.0,0,0,0,e1f,d4e,d4a,d4a,d4a,1,1,1,1,1,0,0,0,0,1,1,1,0,0,1,1,1,0,0,1,0,1,0,1,1,0,0,0,1,0,1,0,0,1,0,1,0,1,1,0,0,0,1,0,1,0,0,1,0,1,0,1,1,0,0,0,1,0,1,0,0,1,0,1,0,1,1,0,0
2024,11,5,17:41:38.226,34.22,5,119.8,0.8828,3409.5,2026.1,7.924,0.02,0.02,0.02,0.02,-757.0,347.0,-700.0,7588.0,10800,-15955,41.1,0.0,2038.0,0,0,0,e1f,d4e,d4a,d4a,d4a,1,1,1,1,1,0,0,0,0,1,1,1,0,0,1,1,1,0,0,1,0,1,0,1,1,0,0,0,1,0,1,0,0,1,0,1,0,1,1,0,0,0,1,0,1,0,0,1,0,1,0,1,1,0,0,0,1,0,1,0,0,1,0,1,0,1,1,0,0
2024,11,5,17:41:38.246,34.24,25,119.8,0.8829,3404.6,2021.2,7.925,0.02,0.02,0.02,0.02,-758.0,347.0,-700.0,7573.0,10807,-15969,40.4,0.0,2039.0,0,0,0,e1f,d4e,d4a,d4a,d4a,1,1,1,1,1,0,0,0,0,1,1,1,0,0,1,1,1,0,0,1,0,1,0,1,1,0,0,0,1,0,1,0,0,1,0,1,0,1,1,0,0,0,1,0,1,0,0,1,0,1,0,1,1,0,0,0,1,0,1,0,0,1,0,1,0,1,1,0,0
2024,11,5,17:41:38.266,34.26,45,119.8,0.8829,3404.6,2021.2,7.924,0.02,0.02,0.02,0.02,-759.0,347.0,-700.0,7558.0,10814,-15983,39.6,0.0,2041.0,0,0,0,e1f,d4e,d4a,d4a,d4a,1,1,1,1,1,0,0,0,0,1,1,1,0,0,1,1,1,0,0,1,0,1,0,1,1,0,0,0,1,0,1,0,0,1,0,1,0,1,1,0,0,0,1,0,1,0,0,1,0,1,0,1,1,0,0,0,1,0,1,0,0,1,0,1,0,1,1,0,0
2024,11,5,17:41:38.286,34.28,65,119.8,0.8833,3393.6,2010.2,7.923,0.02,0.02,0.02,0.02,-761.0,348.0,-701.0,7542.0,10821,-15997,38.7,0.0,2042.0,0,0,0,e1f,d4e,d4a,d4a,d4a,1,1,1,1,1,0,0,0,0,1,1,1,0,0,1,1,1,0,0,1,0,1,0,1,1,0,0,0,1,0,1,0,0,1,0,1,0,1,1,0,0,0,1,0,1,0,0,1,0,1,0,1,1,0,0,0,1,0,1,0,0,1,0,1,0,1,1,0,0
2024,11,5,17:41:38.306,34.30,85,119.7,0.8833,3394.2,2010.8,7.926,0.02,0.02,0.02,0.02,-762.0,348.0,-701.0,7527.0,10828,-16011,37.9,0.0,2044.0,0,0,0,e1f,d4e,d4a,d4a,d4a,1,1,1,1,1,0,0,0,0,1,1,1,0,0,1,1,1,0,0,1,0,1,0,1,1,0,0,0,1,0,1,0,0,1,0,1,0,1,1,0,0,0,1,0,1,0,0,1,0,1,0,1,1,0,0,0,1,0,1,0,0,1,0,1,0,1,1,0,0
2024,11,5,17:41:38.326,34.32,105,119.7,0.8835,3387.5,2004.1,7.925,0.02,0.02,0.02,0.02,-763.0,348.0,-701.0,7512.0,10835,-16025,37.5,0.0,2047.0,0,0,0,e1f,d4e,d4a,d4a,d4a,1,1,1,1,1,0,0,0,0,1,1,1,0,0,1,1,1,0,0,1,0,1,0,1,1,0,0,0,1,0,1,0,0,1,0,1,0,1,1,0,0,0,1,0,1,0,0,1,0,1,0,1,1,0,0,0,1,0,1,0,0,1,0,1,0,1,1,0,0
2024,11,5,17:41:38.346,34.34,125,119.7,0.8835,3387.5,2004.1,7.924,0.02,0.02,0.02,0.02,-764.0,348.0,-702.0,7497.0,10842,-16039,37.3,0.0,2049.0,0,0,0,e1f,d4e,d4a,d4a,d4a,1,1,1,1,1,0,0,0,0,1,1,1,0,0,1,1,1,0,0,1,0,1,0,1,1,0,0,0,1,0,1,0,0,1,0,1,0,1,1,0,0,0,1,0,1,0,0,1,0,1,0,1,1,0,0,0,1,0,1,0,0,1,0,1,0,1,1,0,0
2024,11,5,17:41:38.366,34.36,145,119.7,0.8834,3391.2,2007.8,7.924,0.02,0.02,0.02,0.02,-766.0,349.0,-702.0,7481.0,10849,-16053,37.5,0.0,2052.0,0,0,0,e1f,d4e,d4a,d4a,d4a,1,1,1,1,1,0,0,0,0,1,1,1,0,0,1,1,1,0,0,1,0,1,0,1,1,0,0,0,1,0,1,0,0,1,0,1,0,1,1,0,0,0,1,0,1,0,0,1,0,1,0,1,1,0,0,0,1,0,1,0,0,1,0,1,0,1,1,0,0
2024,11,5,17:41:38.386,34.38,165,119.7,0.8834,3391.2,2007.8,7.925,0.02,0.02,0.02,0.02,-767.0,349.0,-703.0,7466.0,10856,-16067,38.0,0.0,2055.0,0,0,0,e1f,d4e,d4a,d4a,d4a,1,1,1,1,1,0,0,0,0,1,1,1,0,0,1,1,1,0,0,1,0,1,0,1,1,0,0,0,1,0,1,0,0,1,0,1,0,1,1,0,0,0,1,0,1,0,0,1,0,1,0,1,1,0,0,0,1,0,1,0,0,1,0,1,0,1,1,0,0
2024,11,5,17:41:38.406,34.40,185,119.7,0.8838,3379.5,1996.1,7.924,0.02,0.02,0.02,0.02,-768.0,349.0,-703.0,7451.0,10863,-16082,38.7,0.0,2059.0,0,0,0,e1f,d4e,d4a,d4a,d4a,1,1,1,1,1,0,0,0,0,1,1,1,0,0,1,1,1,0,0,1,0,1,0,1,1,0,0,0,1,0,1,0,0,1,0,1,0,1,1,0,0,0,1,0,1,0,0,1,0,1,0,1,1,0,0,0,1,0,1,0,0,1,0,1,0,1,1,0,0
2024,11,5,17:41:38.426,34.42,205,119.8,0.8838,3379.5,1996.1,7.925,0.02,0.02,0.02,0.02,-769.0,349.0,-703.0,7435.0,10870,-16096,39.7,0.0,2063.0,0,0,0,e1f,d4e,d4a,d4a,d4a,1,1,1,1,1,0,0,0,0,1,1,1,0,0,1,1,1,0,0,1,0,1,0,1,1,0,0,0,1,0,1,0,0,1,0,1,0,1,1,0,0,0,1,0,1,0,0,1,0,1,0,1,1,0,0,0,1,0,1,0,0,1,0,1,0,1,1,0,0
2024,11,5,17:41:38.446,34.44,225,119.8,0.8839,3374.6,1991.3,7.925,0.02,0.02,0.02,0.02,-771.0,349.0,-703.0,7420.0,10877,-16110,40.8,0.0,2067.0,0,0,0,e1f,d4e,d4a,d4a,d4a,1,1,1,1,1,0,0,0,0,1,1,1,0,0,1,1,1,0,0,1,0,1,0,1,1,0,0,0,1,0,1,0,0,1,0,1,0,1,1,0,0,0,1,0,1,0,0,1,0,1,0,1,1,0,0,0,1,0,1,0,0,1,0,1,0,1,1,0,0
2024,11,5,17:41:38.466,34.46,245,119.7,0.8839,3375.3,1991.9,7.925,0.02,0.02,0.02,0.02,-772.0,349.0,-703.0,7404.0,10884,-16124,41.7,0.0,2072.0,0,0,0,e1f,d4e,d4a,d4a,d4a,1,1,1,1,1,0,0,0,0,1,1,1,0,0,1,1,1,0,0,1,0,1,0,1,1,0,0,0,1,0,1,0,0,1,0,1,0,1,1,0,0,0,1,0,1,0,0,1,0,1,0,1,1,0,0,0,1,0,1,0,0,1,0,1,0,1,1,0,0
2024,11,5,17:41:38.486,34.48,15,119.7,0.8836,3383.2,1999.8,7.925,0.02,0.02,0.02,0.02,-773.0,349.0,-704.0,7389.0,10891,-16138,42.3,0.0,2077.0,0,0,0,e1f,d4e,d4a,d4a,d4a,1,1,1,1,1,0,0,0,0,1,1,1,0,0,1,1,1,0,0,1,0,1,0,1,1,0,0,0,1,0,1,0,0,1,0,1,0,1,1,0,0,0,1,0,1,0,0,1,0,1,0,1,1,0,0,0,1,0,1,0,0,1,0,1,0,1,1,0,0
2024,11,5,17:41:38.506,34.50,35,119.7,0.8836,3383.2,1999.8,7.924,0.02,0.02,0.02,0.02,-773.0,349.0,-704.0,7373.0,10898,-16152,42.5,0.0,2083.0,0,0,0,e1f,d4e,d4a,d4a,d4a,1,1,1,1,1,0,0,0,0,1,1,1,0,0,1,1,1,0,0,1,0,1,0,1,1,0,0,0,1,0,1,0,0,1,0,1,0,1,1,0,0,0,1,0,1,0,0,1,0,1,0,1,1,0,0,0,1,0,1,0,0,1,0,1,0,1,1,0,0
2024,11,5,17:41:38.526,34.52,55,119.7,0.8833,3394.2,2010.8,7.923,0.02,0.02,0.02,0.02,-774.0,349.0,-704.0,7358.0,10905,-16166,42.0,0.0,2088.0,0,0,0,e1f,d4e,d4a,d4a,d4a,1,1,1,1,1,0,0,0,0,1,1,1,0,0,1,1,1,0,0,1,0,1,0,1,1,0,0,0,1,0,1,0,0,1,0,1,0,1,1,0,0,0,1,0,1,0,0,1,0,1,0,1,1,0,0,0,1,0,1,0,0,1,0,1,0,1,1,0,0
2024,11,5,17:41:38.546,34.54,75,119.8,0.8833,3393.6,2010.2,7.925,0.02,0.02,0.02,0.02,-775.0,349.0,-704.0,7342.0,10912,-16180,40.6,0.0,2095.0,0,0,0,e1f,d4e,d4a,d4a,d4a,1,1,1,1,1,0,0,0,0,1,1,1,0,0,1,1,1,0,0,1,0,1,0,1,1,0,0,0,1,0,1,0,0,1,0,1,0,1,1,0,0,0,1,0,1,0,0,1,0,1,0,1,1,0,0,0,1,0,1,0,0,1,0,1,0,1,1,0,0
2024,11,5,17:41:38.566,34.56,95,119.8,0.8832,3395.4,2012.1,7.925,0.02,0.02,0.02,0.02,-776.0,349.0,-703.0,7327.0,10919,-16194,38.3,0.0,2102.0,0,0,0,e1f,d4e,d4a,d4a,d4a,1,1,1,1,1,0,0,0,0,1,1,1,0,0,1,1,1,0,0,1,0,1,0,1,1,0,0,0,1,0,1,0,0,1,0,1,0,1,1,0,0,0,1,0,1,0,0,1,0,1,0,1,1,0,0,0,1,0,1,0,0,1,0,1,0,1,1,0,0
2024,11,5,17:41:38.586,34.58,115,119.7,0.8832,3395.4,2012.1,7.924,0.02,0.02,0.02,0.02,-776.0,349.0,-703.0,7311.0,10926,-16208,35.3,0.0,2109.0,0,0,0,e1f,d4e,d4a,d4a,d4a,1,1,1,1,1,0,0,0,0,1,1,1,0,0,1,1,1,0,0,1,0,1,0,1,1,0,0,0,1,0,1,0,0,1,0,1,0,1,1,0,0,0,1,0,1,0,0,1,0,1,0,1,1,0,0,0,1,0,1,0,0,1,0,1,0,1,1,0,0
2024,11,5,17:41:38.606,34.60,135,119.7,0.8837,3381.4,1998.0,7.924,0.02,0.02,0.02,0.02,-777.0,349.0,-703.0,7296.0,10933,-16222,31.8,0.0,2116.0,0,0,0,e1f,d4e,d4a,d4a,d4a,1,1,1,1,1,0,0,0,0,1,1,1,0,0,1,1,1,0,0,1,0,1,0,1,1,0,0,0,1,0,1,0,0,1,0,1,0,1,1,0,0,0,1,0,1,0,0,1,0,1,0,1,1,0,0,0,1,0,1,0,0,1,0,1,0,1,1,0,0
2024,11,5,17:41:38.626,34.62,155,119.8,0.8837,3380.8,1997.4,7.924,0.02,0.02,0.02,0.02,-779.0,349.0,-703.0,7280.0,10940,-16236,28.0,0.0,2124.0,0,0,0,e1f,d4e,d4a,d4a,d4a,1,1,1,1,1,0,0,0,0,1,1,1,0,0,1,1,1,0,0,1,0,1,0,1,1,0,0,0,1,0,1,0,0,1,0,1,0,1,1,0,0,0,1,0,1,0,0,1,0,1,0,1,1,0,0,0,1,0,1,0,0,1,0,1,0,1,1,0,0
2024,11,5,17:41:38.646,34.64,175,119.8,0.8843,3363.6,1980.2,7.925,0.02,0.02,0.02,0.02,-780.0,349.0,-703.0,7265.0,10947,-16250,23.8,0.0,2131.0,0,0,0,e1f,d4e,d4a,d4a,d4a,1,1,1,1,1,0,0,0,0,1,1,1,0,0,1,1,1,0,0,1,0,1,0,1,1,0,0,0,1,0,1,0,0,1,0,1,0,1,1,0,0,0,1,0,1,0,0,1,0,1,0,1,1,0,0,0,1,0,1,0,0,1,0,1,0,1,1,0,0
2024,11,5,17:41:38.666,34.66,195,119.8,0.8843,3363.6,1980.2,7.925,0.02,0.02,0.02,0.02,-781.0,349.0,-703.0,7249.0,10954,-16265,19.8,0.0,2139.0,0,0,0,e1f,d4e,d4a,d4a,d4a,1,1,1,1,1,0,0,0,0,1,1,1,0,0,1,1,1,0,0,1,0,1,0,1,1,0,0,0,1,0,1,0,0,1,0,1,0,1,1,0,0,0,1,0,1,0,0,1,0,1,0,1,1,0,0,0,1,0,1,0,0,1,0,1,0,1,1,0,0
2024,11,5,17:41:38.686,34.68,215,119.8,0.8849,3344.1,1960.7,7.924,0.02,0.02,0.02,0.02,-782.0,349.0,-703.0,7233.0,10961,-16279,16.0,0.0,2147.0,0,0,0,e1f,d4e,d4a,d4a,d4a,1,1,1,1,1,0,0,0,0,1,1,1,0,0,1,1,1,0,0,1,0,1,0,1,1,0,0,0,1,0,1,0,0,1,0,1,0,1,1,0,0,0,1,0,1,0,0,1,0,1,0,1,1,0,0,0,1,0,1,0,0,1,0,1,0,1,1,0,0
2024,11,5,17:41:38.706,34.70,235,119.8,0.8849,3344.1,1960.7,7.925,0.02,0.02,0.02,0.02,-784.0,349.0,-703.0,7218.0,10968,-16293,13.1,0.0,2155.0,0,0,0,e1f,d4e,d4a,d4a,d4a,1,1,1,1,1,0,0,0,0,1,1,1,0,0,1,1,1,0,0,1,0,1,0,1,1,0,0,0,1,0,1,0,0,1,0,1,0,1,1,0,0,0,1,0,1,0,0,1,0,1,0,1,1,0,0,0,1,0,1,0,0,1,0,1,0,1,1,0,0
2024,11,5,17:41:38.726,34.72,5,119.8,0.8856,3323.3,1939.9,7.926,0.02,0.02,0.02,0.02,-785.0,349.0,-703.0,7202.0,10975,-16307,11.7,0.0,2163.0,0,0,0,e1f,d4e,d4a,d4a,d4e,1,1,1,1,1,0,0,0,0,1,1,1,0,0,1,1,1,0,0,1,0,1,0,1,1,0,0,0,1,0,1,0,0,1,0,1,0,1,1,0,0,0,1,0,1,0,0,1,0,1,0,1,1,0,0,0,1,1,1,0,0,1,0,1,0,1,1,0,0
2024,11,5,17:41:38.746,34.74,25,119.8,0.8856,3323.3,1939.9,7.925,0.02,0.02,0.02,0.02,-786.0,349.0,-704.0,7186.0,10982,-16321,12.4,0.0,2170.0,0,0,0,e1f,d46,d42,d42,d46,1,1,1,1,1,0,0,0,0,1,1,1,0,0,1,1,0,0,0,1,0,1,0,1,1,0,0,0,1,0,0,0,0,1,0,1,0,1,1,0,0,0,1,0,0,0,0,1,0,1,0,1,1,0,0,0,1,1,0,0,0,1,0,1,0,1,1,0,0
2024,11,5,17:41:38.766,34.76,45,119.8,0.8862,3305.6,1922.2,7.924,0.02,0.02,0.02,0.02,-788.0,349.0,-704.0,7171.0,10989,-16335,14.8,0.0,2178.0,0,0,0,e1f,d4e,d4a,d4a,d4e,1,1,1,1,1,0,0,0,0,1,1,1,0,0,1,1,1,0,0,1,0,1,0,1,1,0,0,0,1,0,1,0,0,1,0,1,0,1,1,0,0,0,1,0,1,0,0,1,0,1,0,1,1,0,0,0,1,1,1,0,0,1,0,1,0,1,1,0,0
2024,11,5,17:41:38.786,34.78,65,119.8,0.8862,3306.2,1922.8,7.924,0.02,0.02,0.02,0.02,-789.0,349.0,-704.0,7155.0,10996,-16349,18.0,0.0,2186.0,0,0,0,e1f,d4e,d4a,d4a,d4e,1,1,1,1,1,0,0,0,0,1,1,1,0,0,1,1,1,0,0,1,0,1,0,1,1,0,0,0,1,0,1,0,0,1,0,1,0,1,1,0,0,0,1,0,1,0,0,1,0,1,0,1,1,0,0,0,1,1,1,0,0,1,0,1,0,1,1,0,0
2024,11,5,17:41:38.806,34.80,85,119.8,0.8867,3290.4,1907.0,7.925,0.02,0.02,0.02,0.02,-791.0,349.0,-704.0,7139.0,11003,-16363,21.6,0.0,2194.0,0,0,0,e1f,d4e,d4a,d4a,d4a,1,1,1,1,1,0,0,0,0,1,1,1,0,0,1,1,1,0,0,1,0,1,0,1,1,0,0,0,1,0,1,0,0,1,0,1,0,1,1,0,0,0,1,0,1,0,0,1,0,1,0,1,1,0,0,0,1,0,1,0,0,1,0,1,0,1,1,0,0
2024,11,5,17:41:38.826,34.82,105,119.8,0.8867,3290.4,1907.0,7.925,0.02,0.02,0.02,0.02,-792.0,349.0,-704.0,7123.0,11010,-16377,25.1,0.0,2202.0,0,0,0,e1f,d4e,d4a,d4a,d4a,1,1,1,1,1,0,0,0,0,1,1,1,0,0,1,1,1,0,0,1,0,1,0,1,1,0,0,0,1,0,1,0,0,1,0,1,0,1,1,0,0,0,1,0,1,0,0,1,0,1,0,1,1,0,0,0,1,0,1,0,0,1,0,1,0,1,1,0,0
2024,11,5,17:41:38.846,34.84,125,119.8,0.8867,3290.4,1907.0,7.925,0.02,0.02,0.02,0.02,-793.0,350.0,-705.0,7107.0,11017,-16391,28.4,0.0,2209.0,0,0,0,e1f,d4e,d4a,d4a,d4a,1,1,1,1,1,0,0,0,0,1,1,1,0,0,1,1,1,0,0,1,0,1,0,1,1,0,0,0,1,0,1,0,0,1,0,1,0,1,1,0,0,0,1,0,1,0,0,1,0,1,0,1,1,0,0,0,1,0,1,0,0,1,0,1,0,1,1,0,0
2024,11,5,17:41:38.866,34.86,145,119.8,0.8867,3290.4,1907.0,7.925,0.02,0.02,0.02,0.02,-794.0,350.0,-705.0,7091.0,11024,-16405,31.4,0.0,2217.0,0,0,0,e1f,d4e,d4a,d4a,d4a,1,1,1,1,1,0,0,0,0,1,1,1,0,0,1,1,1,0,0,1,0,1,0,1,1,0,0,0,1,0,1,0,0,1,0,1,0,1,1,0,0,0,1,0,1,0,0,1,0,1,0,1,1,0,0,0,1,0,1,0,0,1,0,1,0,1,1,0,0
2024,11,5,17:41:38.886,34.88,165,119.8,0.8865,3294.6,1911.2,7.924,0.02,0.02,0.02,0.02,-795.0,350.0,-705.0,7075.0,11031,-16419,34.1,0.0,2224.0,0,0,0,e1f,d4e,d4a,d4a,d4a,1,1,1,1,1,0,0,0,0,1,1,1,0,0,1,1,1,0,0,1,0,1,0,1,1,0,0,0,1,0,1,0,0,1,0,1,0,1,1,0,0,0,1,0,1,0,0,1,0,1,0,1,1,0,0,0,1,0,1,0,0,1,0,1,0,1,1,0,0
2024,11,5,17:41:38.906,34.90,185,119.8,0.8865,3294.6,1911.2,7.926,0.02,0.02,0.02,0.02,-797.0,350.0,-705.0,7059.0,11038,-16434,36.8,0.0,2232.0,0,0,0,e1f,d4e,d4a,d4a,d4a,1,1,1,1,1,0,0,0,0,1,1,1,0,0,1,1,1,0,0,1,0,1,0,1,1,0,0,0,1,0,1,0,0,1,0,1,0,1,1,0,0,0,1,0,1,0,0,1,0,1,0,1,1,0,0,0,1,0,1,0,0,1,0,1,0,1,1,0,0
2024,11,5,17:41:38.926,34.92,205,119.8,0.8863,3300.7,1917.3,7.924,0.02,0.02,0.02,0.02,-798.0,350.0,-705.0,7044.0,11045,-16448,39.2,0.0,2240.0,0,0,0,e1f,d4e,d4a,d4a,d4a,1,1,1,1,1,0,0,0,0,1,1,1,0,0,1,1,1,0,0,1,0,1,0,1,1,0,0,0,1,0,1,0,0,1,0,1,0,1,1,0,0,0,1,0,1,0,0,1,0,1,0,1,1,0,0,0,1,0,1,0,0,1,0,1,0,1,1,0,0
2024,11,5,17:41:38.946,34.94,225,119.8,0.8863,3300.7,1917.3,7.924,0.02,0.02,0.02,0.02,-799.0,350.0,-706.0,7028.0,11052,-16462,41.4,0.0,2248.0,0,0,0,e1f,d4e,d4a,d4a,d4a,1,1,1,1,1,0,0,0,0,1,1,1,0,0,1,1,1,0,0,1,0,1,0,1,1,0,0,0,1,0,1,0,0,1,0,1,0,1,1,0,0,0,1,0,1,0,0,1,0,1,0,1,1,0,0,0,1,0,1,0,0,1,0,1,0,1,1,0,0
2024,11,5,17:41:38.966,34.96,245,119.8,0.8863,3300.7,1917.3,7.924,0.02,0.02,0.02,0.02,-800.0,350.0,-706.0,7012.0,11059,-16476,43.3,0.0,2255.0,0,0,0,e1f,d4e,d4a,d4a,d4a,1,1,1,1,1,0,0,0,0,1,1,1,0,0,1,1,1,0,0,1,0,1,0,1,1,0,0,0,1,0,1,0,0,1,0,1,0,1,1,0,0,0,1,0,1,0,0,1,0,1,0,1,1,0,0,0,1,0,1,0,0,1,0,1,0,1,1,0,0
2024,11,5,17:41:38.986,34.98,15,119.8,0.8863,3301.3,1917.9,7.922,0.02,0.02,0.02,0.02,-802.0,350.0,-706.0,6996.0,11066,-16490,44.9,0.0,2263.0,0,0,0,e1f,d4e,d4a,d4a,d4a,1,1,1,1,1,0,0,0,0,1,1,1,0,0,1,1,1,0,0,1,0,1,0,1,1,0,0,0,1,0,1,0,0,1,0,1,0,1,1,0,0,0,1,0,1,0,0,1,0,1,0,1,1,0,0,0,1,0,1,0,0,1,0,1,0,1,1,0,0
2024,11,5,17:41:39.006,35.00,35,119.8,0.8862,3306.2,1922.8,7.924,0.02,0.02,0.02,0.02,-803.0,351.0,-706.0,6979.0,11073,-16504,46.2,0.0,2271.0,0,0,0,e1f,d4e,d4a,d4a,d4a,1,1,1,1,1,0,0,0,0,1,1,1,0,0,1,1,1,0,0,1,0,1,0,1,1,0,0,0,1,0,1,0,0,1,0,1,0,1,1,0,0,0,1,0,1,0,0,1,0,1,0,1,1,0,0,0,1,0,1,0,0,1,0,1,0,1,1,0,0
2024,11,5,17:41:39.026,35.02,55,119.8,0.8862,3305.6,1922.2,7.924,0.02,0.02,0.02,0.02,-804.0,351.0,-706.0,6963.0,11080,-16518,47.0,0.0,2279.0,0,0,0,e1f,d4e,d4a,d4a,d4a,1,1,1,1,1,0,0,0,0,1,1,1,0,0,1,1,1,0,0,1,0,1,0,1,1,0,0,0,1,0,1,0,0,1,0,1,0,1,1,0,0,0,1,0,1,0,0,1,0,1,0,1,1,0,0,0,1,0,1,0,0,1,0,1,0,1,1,0,0
2024,11,5,17:41:39.046,35.04,75,119.8,0.8863,3300.7,1917.3,7.923,0.02,0.02,0.02,0.02,-805.0,351.0,-707.0,6947.0,11087,-16533,47.4,0.0,2287.0,0,0,0,e1f,d4e,d4a,d4a,d4a,1,1,1,1,1,0,0,0,0,1,1,1,0,0,1,1,1,0,0,1,0,1,0,1,1,0,0,0,1,0,1,0,0,1,0,1,0,1,1,0,0,0,1,0,1,0,0,1,0,1,0,1,1,0,0,0,1,0,1,0,0,1,0,1,0,1,1,0,0
2024,11,5,17:41:39.066,35.06,95,119.8,0.8863,3300.7,1917.3,7.925,0.02,0.02,0.02,0.02,-806.0,351.0,-707.0,6931.0,11094,-16547,47.4,0.0,2296.0,0,0,0,e1f,d4e,d4a,d4a,d4a,1,1,1,1,1,0,0,0,0,1,1,1,0,0,1,1,1,0,0,1,0,1,0,1,1,0,0,0,1,0,1,0,0,1,0,1,0,1,1,0,0,0,1,0,1,0,0,1,0,1,0,1,1,0,0,0,1,0,1,0,0,1,0,1,0,1,1,0,0
2024,11,5,17:41:39.086,35.08,115,119.8,0.8865,3294.6,1911.2,7.925,0.02,0.02,0.02,0.02,-807.0,352.0,-707.0,6915.0,11101,-16561,47.1,0.0,2304.0,0,0,0,e1f,d4e,d4a,d4a,d4a,1,1,1,1,1,0,0,0,0,1,1,1,0,0,1,1,1,0,0,1,0,1,0,1,1,0,0,0,1,0,1,0,0,1,0,1,0,1,1,0,0,0,1,0,1,0,0,1,0,1,0,1,1,0,0,0,1,0,1,0,0,1,0,1,0,1,1,0,0
2024,11,5,17:41:39.106,35.10,135,119.8,0.8866,3294.0,1910.6,7.924,0.02,0.02,0.02,0.02,-808.0,352.0,-707.0,6899.0,11108,-16575,46.5,0.0,2313.0,0,0,0,e1f,d4e,d4a,d4a,d4a,1,1,1,1,1,0,0,0,0,1,1,1,0,0,1,1,1,0,0,1,0,1,0,1,1,0,0,0,1,0,1,0,0,1,0,1,0,1,1,0,0,0,1,0,1,0,0,1,0,1,0,1,1,0,0,0,1,0,1,0,0,1,0,1,0,1,1,0,0
2024,11,5,17:41:39.126,35.12,155,119.8,0.8864,3297.7,1914.3,7.924,0.02,0.02,0.02,0.02,-809.0,352.0,-708.0,6883.0,11115,-16589,45.8,0.0,2321.0,0,0,0,e1f,d4e,d4a,d4a,d4a,1,1,1,1,1,0,0,0,0,1,1,1,0,0,1,1,1,0,0,1,0,1,0,1,1,0,0,0,1,0,1,0,0,1,0,1,0,1,1,0,0,0,1,0,1,0,0,1,0,1,0,1,1,0,0,0,1,0,1,0,0,1,0,1,0,1,1,0,0
2024,11,5,17:41:39.146,35.14,175,119.8,0.8864,3297.7,1914.3,7.924,0.02,0.02,0.02,0.02,-810.0,352.0,-708.0,6866.0,11122,-16603,44.9,0.0,2330.0,0,0,0,e1f,d4e,d4a,d4a,d4a,1,1,1,1,1,0,0,0,0,1,1,1,0,0,1,1,1,0,0,1,0,1,0,1,1,0,0,0,1,0,1,0,0,1,0,1,0,1,1,0,0,0,1,0,1,0,0,1,0,1,0,1,1,0,0,0,1,0,1,0,0,1,0,1,0,1,1,0,0
2024,11,5,17:41:39.166,35.16,195,119.8,0.8865,3296.5,1913.1,7.925,0.02,0.02,0.02,0.02,-812.0,353.0,-708.0,6850.0,11129,-16617,44.2,0.0,2339.0,0,0,0,e1f,d4e,d4a,d4a,d4a,1,1,1,1,1,0,0,0,0,1,1,1,0,0,1,1,1,0,0,1,0,1,0,1,1,0,0,0,1,0,1,0,0,1,0,1,0,1,1,0,0,0,1,0,1,0,0,1,0,1,0,1,1,0,0,0,1,0,1,0,0,1,0,1,0,1,1,0,0
2024,11,5,17:41:39.186,35.18,215,119.8,0.8865,3296.5,1913.1,7.925,0.02,0.02,0.02,0.02,-813.0,353.0,-709.0,6834.0,11136,-16632,43.9,0.0,2347.0,0,0,0,e1f,d4e,d4a,d4a,d4a,1,1,1,1,1,0,0,0,0,1,1,1,0,0,1,1,1,0,0,1,0,1,0,1,1,0,0,0,1,0,1,0,0,1,0,1,0,1,1,0,0,0,1,0,1,0,0,1,0,1,0,1,1,0,0,0,1,0,1,0,0,1,0,1,0,1,1,0,0
2024,11,5,17:41:39.206,35.20,235,119.8,0.8867,3288.5,1905.1,7.924,0.02,0.02,0.02,0.02,-814.0,353.0,-709.0,6818.0,11143,-16646,44.2,0.0,2356.0,0,0,0,e1f,d4e,d4a,d4a,d4a,1,1,1,1,1,0,0,0,0,1,1,1,0,0,1,1,1,0,0,1,0,1,0,1,1,0,0,0,1,0,1,0,0,1,0,1,0,1,1,0,0,0,1,0,1,0,0,1,0,1,0,1,1,0,0,0,1,0,1,0,0,1,0,1,0,1,1,0,0
2024,11,5,17:41:39.226,35.22,5,119.8,0.8867,3288.5,1905.1,7.925,0.02,0.02,0.02,0.02,-816.0,353.0,-709.0,6801.0,11150,-16660,44.9,0.0,2364.0,0,0,0,e1f,d4e,d4a,d4a,d4a,1,1,1,1,1,0,0,0,0,1,1,1,0,0,1,1,1,0,0,1,0,1,0,1,1,0,0,0,1,0,1,0,0,1,0,1,0,1,1,0,0,0,1,0,1,0,0,1,0,1,0,1,1,0,0,0,1,0,1,0,0,1,0,1,0,1,1,0,0
2024,11,5,17:41:39.246,35.24,25,119.8,0.8867,3288.5,1905.1,7.924,0.02,0.02,0.02,0.02,-817.0,353.0,-709.0,6785.0,11157,-16674,46.2,0.0,2373.0,0,0,0,e1f,d4e,d4a,d4a,d4a,1,1,1,1,1,0,0,0,0,1,1,1,0,0,1,1,1,0,0,1,0,1,0,1,1,0,0,0,1,0,1,0,0,1,0,1,0,1,1,0,0,0,1,0,1,0,0,1,0,1,0,1,1,0,0,0,1,0,1,0,0,1,0,1,0,1,1,0,0
2024,11,5,17:41:39.266,35.26,45,119.8,0.8867,3288.5,1905.1,7.924,0.02,0.02,0.02,0.02,-818.0,352.0,-709.0,6769.0,11164,-16688,47.9,0.0,2381.0,0,0,0,e1f,d4e,d4a,d4a,d4a,1,1,1,1,1,0,0,0,0,1,1,1,0,0,1,1,1,0,0,1,0,1,0,1,1,0,0,0,1,0,1,0,0,1,0,1,0,1,1,0,0,0,1,0,1,0,0,1,0,1,0,1,1,0,0,0,1,0,1,0,0,1,0,1,0,1,1,0,0
2024,11,5,17:41:39.286,35.28,65,119.8,0.8861,3309.3,1925.9,7.925,0.02,0.02,0.02,0.02,-819.0,352.0,-708.0,6752.0,11172,-16703,49.5,0.0,2390.0,0,0,0,e1f,d4e,d4a,d4a,d4a,1,1,1,1,1,0,0,0,0,1,1,1,0,0,1,1,1,0,0,1,0,1,0,1,1,0,0,0,1,0,1,0,0,1,0,1,0,1,1,0,0,0,1,0,1,0,0,1,0,1,0,1,1,0,0,0,1,0,1,0,0,1,0,1,0,1,1,0,0
2024,11,5,17:41:39.306,35.30,85,119.8,0.8861,3309.3,1925.9,7.925,0.02,0.02,0.02,0.02,-820.0,352.0,-708.0,6736.0,11179,-16717,50.8,0.0,2398.0,0,0,0,e1f,d4e,d4a,d4a,d4a,1,1,1,1,1,0,0,0,0,1,1,1,0,0,1,1,1,0,0,1,0,1,0,1,1,0,0,0,1,0,1,0,0,1,0,1,0,1,1,0,0,0,1,0,1,0,0,1,0,1,0,1,1,0,0,0,1,0,1,0,0,1,0,1,0,1,1,0,0
2024,11,5,17:41:39.326,35.32,105,119.8,0.8855,3326.4,1943.0,7.924,0.02,0.02,0.02,0.02,-821.0,352.0,-708.0,6719.0,11186,-16731,51.6,0.0,2407.0,0,0,0,e1f,d4e,d4a,d4a,d4a,1,1,1,1,1,0,0,0,0,1,1,1,0,0,1,1,1,0,0,1,0,1,0,1,1,0,0,0,1,0,1,0,0,1,0,1,0,1,1,0,0,0,1,0,1,0,0,1,0,1,0,1,1,0,0,0,1,0,1,0,0,1,0,1,0,1,1,0,0
2024,11,5,17:41:39.346,35.34,125,119.8,0.8855,3326.4,1943.0,7.925,0.02,0.02,0.02,0.02,-822.0,352.0,-707.0,6703.0,11193,-16745,52.2,0.0,2416.0,0,0,0,e1f,d4e,d4a,d4a,d4a,1,1,1,1,1,0,0,0,0,1,1,1,0,0,1,1,1,0,0,1,0,1,0,1,1,0,0,0,1,0,1,0,0,1,0,1,0,1,1,0,0,0,1,0,1,0,0,1,0,1,0,1,1,0,0,0,1,0,1,0,0,1,0,1,0,1,1,0,0
2024,11,5,17:41:39.366,35.36,145,119.8,0.8856,3323.3,1939.9,7.924,0.02,0.02,0.02,0.02,-824.0,352.0,-707.0,6687.0,11200,-16759,52.6,0.0,2425.0,0,0,0,e1f,d4e,d4a,d4a,d4a,1,1,1,1,1,0,0,0,0,1,1,1,0,0,1,1,1,0,0,1,0,1,0,1,1,0,0,0,1,0,1,0,0,1,0,1,0,1,1,0,0,0,1,0,1,0,0,1,0,1,0,1,1,0,0,0,1,0,1,0,0,1,0,1,0,1,1,0,0
2024,11,5,17:41:39.386,35.38,165,119.8,0.8856,3323.3,1939.9,7.925,0.02,0.02,0.02,0.02,-825.0,352.0,-707.0,6670.0,11207,-16773,52.9,0.0,2434.0,0,0,0,e1f,d4e,d4a,d4a,d4a,1,1,1,1,1,0,0,0,0,1,1,1,0,0,1,1,1,0,0,1,0,1,0,1,1,0,0,0,1,0,1,0,0,1,0,1,0,1,1,0,0,0,1,0,1,0,0,1,0,1,0,1,1,0,0,0,1,0,1,0,0,1,0,1,0,1,1,0,0
2024,11,5,17:41:39.406,35.40,185,119.8,0.8857,3321.5,1938.1,7.925,0.02,0.02,0.02,0.02,-826.0,352.0,-706.0,6654.0,11214,-16787,52.9,0.0,2443.0,0,0,0,e1f,d4e,d4a,d4a,d4a,1,1,1,1,1,0,0,0,0,1,1,1,0,0,1,1,1,0,0,1,0,1,0,1,1,0,0,0,1,0,1,0,0,1,0,1,0,1,1,0,0,0,1,0,1,0,0,1,0,1,0,1,1,0,0,0,1,0,1,0,0,1,0,1,0,1,1,0,0
2024,11,5,17:41:39.426,35.42,205,119.8,0.8857,3321.5,1938.1,7.925,0.02,0.02,0.02,0.02,-828.0,352.0,-706.0,6637.0,11221,-16802,52.8,0.0,2451.0,0,0,0,e1f,d4e,d4a,d4a,d4a,1,1,1,1,1,0,0,0,0,1,1,1,0,0,1,1,1,0,0,1,0,1,0,1,1,0,0,0,1,0,1,0,0,1,0,1,0,1,1,0,0,0,1,0,1,0,0,1,0,1,0,1,1,0,0,0,1,0,1,0,0,1,0,1,0,1,1,0,0
2024,11,5,17:41:39.446,35.44,225,119.8,0.8867,3289.7,1906.4,7.924,0.02,0.02,0.02,0.02,-829.0,352.0,-706.0,6620.0,11228,-16816,52.6,0.0,2459.0,0,0,0,e1f,d4e,d4a,d4a,d4a,1,1,1,1,1,0,0,0,0,1,1,1,0,0,1,1,1,0,0,1,0,1,0,1,1,0,0,0,1,0,1,0,0,1,0,1,0,1,1,0,0,0,1,0,1,0,0,1,0,1,0,1,1,0,0,0,1,0,1,0,0,1,0,1,0,1,1,0,0
2024,11,5,17:41:39.466,35.46,245,119.8,0.8867,3289.7,1906.4,7.924,0.02,0.02,0.02,0.02,-831.0,352.0,-706.0,6604.0,11235,-16830,52.3,0.0,2467.0,0,0,0,e1f,d4e,d4a,d4a,d4a,1,1,1,1,1,0,0,0,0,1,1,1,0,0,1,1,1,0,0,1,0,1,0,1,1,0,0,0,1,0,1,0,0,1,0,1,0,1,1,0,0,0,1,0,1,0,0,1,0,1,0,1,1,0,0,0,1,0,1,0,0,1,0,1,0,1,1,0,0
2024,11,5,17:41:39.486,35.48,15,119.8,0.8869,3283.6,1900.3,7.924,0.02,0.02,0.02,0.02,-832.0,352.0,-706.0,6587.0,11242,-16844,51.9,0.0,2475.0,0,0,0,e1f,d4e,d4a,d4a,d4a,1,1,1,1,1,0,0,0,0,1,1,1,0,0,1,1,1,0,0,1,0,1,0,1,1,0,0,0,1,0,1,0,0,1,0,1,0,1,1,0,0,0,1,0,1,0,0,1,0,1,0,1,1,0,0,0,1,0,1,0,0,1,0,1,0,1,1,0,0
2024,11,5,17:41:39.506,35.50,35,119.8,0.8869,3283.6,1900.3,7.924,0.02,0.02,0.02,0.02,-834.0,352.0,-706.0,6570.0,11249,-16858,51.5,0.0,2482.0,0,0,0,e1f,d4e,d4a,d4a,d4a,1,1,1,1,1,0,0,0,0,1,1,1,0,0,1,1,1,0,0,1,0,1,0,1,1,0,0,0,1,0,1,0,0,1,0,1,0,1,1,0,0,0,1,0,1,0,0,1,0,1,0,1,1,0,0,0,1,0,1,0,0,1,0,1,0,1,1,0,0
2024,11,5,17:41:39.526,35.52,55,119.8,0.8872,3275.7,1892.3,7.923,0.02,0.02,0.02,0.02,-835.0,352.0,-706.0,6554.0,11256,-16872,51.1,0.0,2489.0,0,0,0,e1f,d4e,d4a,d4a,d4a,1,1,1,1,1,0,0,0,0,1,1,1,0,0,1,1,1,0,0,1,0,1,0,1,1,0,0,0,1,0,1,0,0,1,0,1,0,1,1,0,0,0,1,0,1,0,0,1,0,1,0,1,1,0,0,0,1,0,1,0,0,1,0,1,0,1,1,0,0
2024,11,5,17:41:39.546,35.54,75,119.8,0.8872,3275.7,1892.3,7.925,0.02,0.02,0.02,0.02,-837.0,352.0,-706.0,6537.0,11263,-16886,50.6,0.0,2496.0,0,0,0,e1f,d4e,d4a,d4a,d4a,1,1,1,1,1,0,0,0,0,1,1,1,0,0,1,1,1,0,0,1,0,1,0,1,1,0,0,0,1,0,1,0,0,1,0,1,0,1,1,0,0,0,1,0,1,0,0,1,0,1,0,1,1,0,0,0,1,0,1,0,0,1,0,1,0,1,1,0,0
2024,11,5,17:41:39.566,35.56,95,119.8,0.8871,3276.9,1893.5,7.924,0.02,0.02,0.02,0.02,-838.0,352.0,-706.0,6520.0,11270,-16901,50.1,0.0,2503.0,0,0,0,e1f,d4e,d4a,d4a,d4a,1,1,1,1,1,0,0,0,0,1,1,1,0,0,1,1,1,0,0,1,0,1,0,1,1,0,0,0,1,0,1,0,0,1,0,1,0,1,1,0,0,0,1,0,1,0,0,1,0,1,0,1,1,0,0,0,1,0,1,0,0,1,0,1,0,1,1,0,0
2024,11,5,17:41:39.586,35.58,115,119.8,0.8871,3276.9,1893.5,7.924,0.02,0.02,0.02,0.02,-840.0,351.0,-706.0,6504.0,11277,-16915,49.8,0.0,2509.0,0,0,0,e1f,d4e,d4a,d4a,d4a,1,1,1,1,1,0,0,0,0,1,1,1,0,0,1,1,1,0,0,1,0,1,0,1,1,0,0,0,1,0,1,0,0,1,0,1,0,1,1,0,0,0,1,0,1,0,0,1,0,1,0,1,1,0,0,0,1,0,1,0,0,1,0,1,0,1,1,0,0
2024,11,5,17:41:39.606,35.60,135,119.8,0.8871,3278.8,1895.4,7.925,0.02,0.02,0.02,0.02,-841.0,351.0,-706.0,6487.0,11284,-16929,49.6,0.0,2514.0,0,0,0,e1f,d4e,d4a,d4a,d4a,1,1,1,1,1,0,0,0,0,1,1,1,0,0,1,1,1,0,0,1,0,1,0,1,1,0,0,0,1,0,1,0,0,1,0,1,0,1,1,0,0,0,1,0,1,0,0,1,0,1,0,1,1,0,0,0,1,0,1,0,0,1,0,1,0,1,1,0,0
2024,11,5,17:41:39.626,35.62,155,119.8,0.8871,3278.8,1895.4,7.924,0.02,0.02,0.02,0.02,-843.0,351.0,-706.0,6470.0,11291,-16943,49.5,0.0,2519.0,0,0,0,e1f,d4e,d4a,d4a,d4a,1,1,1,1,1,0,0,0,0,1,1,1,0,0,1,1,1,0,0,1,0,1,0,1,1,0,0,0,1,0,1,0,0,1,0,1,0,1,1,0,0,0,1,0,1,0,0,1,0,1,0,1,1,0,0,0,1,0,1,0,0,1,0,1,0,1,1,0,0
2024,11,5,17:41:39.646,35.64,175,119.8,0.8875,3264.7,1881.3,7.923,0.02,0.02,0.02,0.02,-844.0,350.0,-706.0,6453.0,11298,-16957,49.8,0.0,2523.0,0,0,0,e1f,d4e,d4a,d4a,d4a,1,1,1,1,1,0,0,0,0,1,1,1,0,0,1,1,1,0,0,1,0,1,0,1,1,0,0,0,1,0,1,0,0,1,0,1,0,1,1,0,0,0,1,0,1,0,0,1,0,1,0,1,1,0,0,0,1,0,1,0,0,1,0,1,0,1,1,0,0
2024,11,5,17:41:39.666,35.66,195,119.8,0.8875,3264.1,1880.7,7.924,0.02,0.02,0.02,0.02,-846.0,350.0,-707.0,6436.0,11305,-16971,50.5,0.0,2527.0,0,0,0,e1f,d4e,d4a,d4a,d4a,1,1,1,1,1,0,0,0,0,1,1,1,0,0,1,1,1,0,0,1,0,1,0,1,1,0,0,0,1,0,1,0,0,1,0,1,0,1,1,0,0,0,1,0,1,0,0,1,0,1,0,1,1,0,0,0,1,0,1,0,0,1,0,1,0,1,1,0,0
2024,11,5,17:41:39.686,35.68,215,119.8,0.8882,3245.2,1861.8,7.923,0.02,0.02,0.02,0.02,-847.0,350.0,-707.0,6419.0,11312,-16985,51.6,0.0,2530.0,0,0,0,e1f,d4e,d4a,d4a,d4a,1,1,1,1,1,0,0,0,0,1,1,1,0,0,1,1,1,0,0,1,0,1,0,1,1,0,0,0,1,0,1,0,0,1,0,1,0,1,1,0,0,0,1,0,1,0,0,1,0,1,0,1,1,0,0,0,1,0,1,0,0,1,0,1,0,1,1,0,0
2024,11,5,17:41:39.706,35.70,235,119.8,0.8881,3245.8,1862.5,7.924,0.02,0.02,0.02,0.02,-849.0,349.0,-708.0,6402.0,11319,-16999,53.3,0.0,2532.0,0,0,0,e1f,d4e,d4a,d4a,d4a,1,1,1,1,1,0,0,0,0,1,1,1,0,0,1,1,1,0,0,1,0,1,0,1,1,0,0,0,1,0,1,0,0,1,0,1,0,1,1,0,0,0,1,0,1,0,0,1,0,1,0,1,1,0,0,0,1,0,1,0,0,1,0,1,0,1,1,0,0
2024,11,5,17:41:39.726,35.72,5,119.8,0.8883,3241.0,1857.6,7.925,0.02,0.02,0.02,0.02,-851.0,349.0,-708.0,6385.0,11326,-17014,55.4,0.0,2533.0,0,0,0,e1f,d4e,d4a,d4a,d4a,1,1,1,1,1,0,0,0,0,1,1,1,0,0,1,1,1,0,0,1,0,1,0,1,1,0,0,0,1,0,1,0,0,1,0,1,0,1,1,0,0,0,1,0,1,0,0,1,0,1,0,1,1,0,0,0,1,0,1,0,0,1,0,1,0,1,1,0,0
2024,11,5,17:41:39.746,35.74,25,119.8,0.8883,3240.4,1857.0,7.925,0.02,0.02,0.02,0.02,-852.0,349.0,-709.0,6368.0,11333,-17028,58.0,0.0,2533.0,0,0,0,e1f,d4e,d4a,d4a,d4a,1,1,1,1,1,0,0,0,0,1,1,1,0,0,1,1,1,0,0,1,0,1,0,1,1,0,0,0,1,0,1,0,0,1,0,1,0,1,1,0,0,0,1,0,1,0,0,1,0,1,0,1,1,0,0,0,1,0,1,0,0,1,0,1,0,1,1,0,0
2024,11,5,17:41:39.766,35.76,45,119.8,0.8885,3236.1,1852.7,7.925,0.02,0.02,0.02,0.02,-854.0,349.0,-710.0,6351.0,11340,-17042,60.9,0.0,2533.0,0,0,0,e1f,d4e,d4a,d4a,d4a,1,1,1,1,1,0,0,0,0,1,1,1,0,0,1,1,1,0,0,1,0,1,0,1,1,0,0,0,1,0,1,0,0,1,0,1,0,1,1,0,0,0,1,0,1,0,0,1,0,1,0,1,1,0,0,0,1,0,1,0,0,1,0,1,0,1,1,0,0
2024,11,5,17:41:39.786,35.78,65,119.8,0.8885,3236.1,1852.7,7.925,0.02,0.02,0.02,0.02,-855.0,349.0,-710.0,6334.0,11347,-17056,63.8,0.0,2532.0,0,0,0,e1f,d4e,d4a,d4a,d4a,1,1,1,1,1,0,0,0,0,1,1,1,0,0,1,1,1,0,0,1,0,1,0,1,1,0,0,0,1,0,1,0,0,1,0,1,0,1,1,0,0,0,1,0,1,0,0,1,0,1,0,1,1,0,0,0,1,0,1,0,0,1,0,1,0,1,1,0,0
2024,11,5,17:41:39.806,35.80,85,119.8,0.8885,3236.1,1852.7,7.924,0.02,0.02,0.02,0.02,-856.0,349.0,-711.0,6317.0,11354,-17070,66.7,0.0,2530.0,0,0,0,e1f,d4e,d4a,d4a,d4a,1,1,1,1,1,0,0,0,0,1,1,1,0,0,1,1,1,0,0,1,0,1,0,1,1,0,0,0,1,0,1,0,0,1,0,1,0,1,1,0,0,0,1,0,1,0,0,1,0,1,0,1,1,0,0,0,1,0,1,0,0,1,0,1,0,1,1,0,0
2024,11,5,17:41:39.826,35.82,105,119.8,0.8885,3235.5,1852.1,7.924,0.02,0.02,0.02,0.02,-858.0,349.0,-711.0,6300.0,11361,-17085,69.5,0.0,2527.0,0,0,0,e1f,d4e,d4a,d4a,d4a,1,1,1,1,1,0,0,0,0,1,1,1,0,0,1,1,1,0,0,1,0,1,0,1,1,0,0,0,1,0,1,0,0,1,0,1,0,1,1,0,0,0,1,0,1,0,0,1,0,1,0,1,1,0,0,0,1,0,1,0,0,1,0,1,0,1,1,0,0
2024,11,5,17:41:39.846,35.84,125,119.8,0.8883,3240.4,1857.0,7.925,0.02,0.02,0.02,0.02,-859.0,350.0,-711.0,6282.0,11368,-17099,72.2,0.0,2524.0,0,0,0,e1f,d4e,d4a,d4a,d4a,1,1,1,1,1,0,0,0,0,1,1,1,0,0,1,1,1,0,0,1,0,1,0,1,1,0,0,0,1,0,1,0,0,1,0,1,0,1,1,0,0,0,1,0,1,0,0,1,0,1,0,1,1,0,0,0,1,0,1,0,0,1,0,1,0,1,1,0,0
2024,11,5,17:41:39.866,35.86,145,119.8,0.8883,3241.0,1857.6,7.924,0.02,0.02,0.02,0.02,-860.0,350.0,-712.0,6265.0,11375,-17113,74.5,0.0,2520.0,0,0,0,e1f,d4e,d4a,d4a,d4a,1,1,1,1,1,0,0,0,0,1,1,1,0,0,1,1,1,0,0,1,0,1,0,1,1,0,0,0,1,0,1,0,0,1,0,1,0,1,1,0,0,0,1,0,1,0,0,1,0,1,0,1,1,0,0,0,1,0,1,0,0,1,0,1,0,1,1,0,0
2024,11,5,17:41:39.886,35.88,165,119.8,0.8880,3250.1,1866.7,7.925,0.02,0.02,0.02,0.02,-862.0,350.0,-712.0,6248.0,11382,-17127,76.4,0.0,2515.0,0,0,0,e1f,d4e,d4a,d4a,d4a,1,1,1,1,1,0,0,0,0,1,1,1,0,0,1,1,1,0,0,1,0,1,0,1,1,0,0,0,1,0,1,0,0,1,0,1,0,1,1,0,0,0,1,0,1,0,0,1,0,1,0,1,1,0,0,0,1,0,1,0,0,1,0,1,0,1,1,0,0
2024,11,5,17:41:39.906,35.90,185,119.8,0.8880,3250.7,1867.3,7.925,0.02,0.02,0.02,0.02,-863.0,350.0,-712.0,6231.0,11389,-17142,77.8,0.0,2510.0,0,0,0,e1f,d4e,d4a,d4a,d4a,1,1,1,1,1,0,0,0,0,1,1,1,0,0,1,1,1,0,0,1,0,1,0,1,1,0,0,0,1,0,1,0,0,1,0,1,0,1,1,0,0,0,1,0,1,0,0,1,0,1,0,1,1,0,0,0,1,0,1,0,0,1,0,1,0,1,1,0,0
2024,11,5,17:41:39.926,35.92,205,119.8,0.8883,3239.8,1856.4,7.925,0.02,0.02,0.02,0.02,-864.0,350.0,-712.0,6213.0,11396,-17156,78.8,0.0,2505.0,0,0,0,e1f,d4e,d4a,d4a,d4a,1,1,1,1,1,0,0,0,0,1,1,1,0,0,1,1,1,0,0,1,0,1,0,1,1,0,0,0,1,0,1,0,0,1,0,1,0,1,1,0,0,0,1,0,1,0,0,1,0,1,0,1,1,0,0,0,1,0,1,0,0,1,0,1,0,1,1,0,0
2024,11,5,17:41:39.946,35.94,225,119.8,0.8883,3239.8,1856.4,7.925,0.02,0.02,0.02,0.02,-865.0,350.0,-712.0,6196.0,11403,-17170,79.4,0.0,2500.0,0,0,0,e1f,d4e,d4a,d4a,d4a,1,1,1,1,1,0,0,0,0,1,1,1,0,0,1,1,1,0,0,1,0,1,0,1,1,0,0,0,1,0,1,0,0,1,0,1,0,1,1,0,0,0,1,0,1,0,0,1,0,1,0,1,1,0,0,0,1,0,1,0,0,1,0,1,0,1,1,0,0
2024,11,5,17:41:39.966,35.96,245,119.8,0.8890,3220.9,1837.5,7.924,0.02,0.02,0.02,0.02,-867.0,350.0,-712.0,6179.0,11410,-17184,79.7,0.0,2495.0,0,0,0,e1f,d4e,d4a,d4a,d4a,1,1,1,1,1,0,0,0,0,1,1,1,0,0,1,1,1,0,0,1,0,1,0,1,1,0,0,0,1,0,1,0,0,1,0,1,0,1,1,0,0,0,1,0,1,0,0,1,0,1,0,1,1,0,0,0,1,0,1,0,0,1,0,1,0,1,1,0,0
2024,11,5,17:41:39.986,35.98,15,119.8,0.8890,3220.3,1836.9,7.925,0.02,0.02,0.02,0.02,-868.0,350.0,-712.0,6161.0,11417,-17199,79.4,0.0,2491.0,0,0,0,e1f,d4e,d4a,d4a,d4a,1,1,1,1,1,0,0,0,0,1,1,1,0,0,1,1,1,0,0,1,0,1,0,1,1,0,0,0,1,0,1,0,0,1,0,1,0,1,1,0,0,0,1,0,1,0,0,1,0,1,0,1,1,0,0,0,1,0,1,0,0,1,0,1,0,1,1,0,0
2024,11,5,17:41:40.006,36.00,35,119.8,0.8894,3208.1,1824.7,7.924,0.02,0.02,0.02,0.02,-869.0,350.0,-712.0,6144.0,11424,-17213,78.6,0.0,2487.0,0,0,0,e1f,d4e,d4a,d4a,d4a,1,1,1,1,1,0,0,0,0,1,1,1,0,0,1,1,1,0,0,1,0,1,0,1,1,0,0,0,1,0,1,0,0,1,0,1,0,1,1,0,0,0,1,0,1,0,0,1,0,1,0,1,1,0,0,0,1,0,1,0,0,1,0,1,0,1,1,0,0
2024,11,5,17:41:40.026,36.02,55,119.8,0.8894,3208.1,1824.7,7.924,0.02,0.02,0.02,0.02,-870.0,350.0,-713.0,6127.0,11431,-17227,77.0,0.0,2483.0,0,0,0,e1f,d4e,d4a,d4a,d4a,1,1,1,1,1,0,0,0,0,1,1,1,0,0,1,1,1,0,0,1,0,1,0,1,1,0,0,0,1,0,1,0,0,1,0,1,0,1,1,0,0,0,1,0,1,0,0,1,0,1,0,1,1,0,0,0,1,0,1,0,0,1,0,1,0,1,1,0,0
2024,11,5,17:41:40.046,36.04,75,119.8,0.8904,3178.3,1794.9,7.922,0.02,0.02,0.02,0.02,-871.0,350.0,-713.0,6109.0,11438,-17241,74.8,0.0,2480.0,0,0,0,e1f,d4e,d4a,d4a,d4a,1,1,1,1,1,0,0,0,0,1,1,1,0,0,1,1,1,0,0,1,0,1,0,1,1,0,0,0,1,0,1,0,0,1,0,1,0,1,1,0,0,0,1,0,1,0,0,1,0,1,0,1,1,0,0,0,1,0,1,0,0,1,0,1,0,1,1,0,0
2024,11,5,17:41:40.066,36.06,95,119.8,0.8904,3178.3,1794.9,7.924,0.02,0.02,0.02,0.02,-873.0,350.0,-713.0,6092.0,11445,-17256,72.0,0.0,2478.0,0,0,0,e1f,d4e,d4a,d4a,d4a,1,1,1,1,1,0,0,0,0,1,1,1,0,0,1,1,1,0,0,1,0,1,0,1,1,0,0,0,1,0,1,0,0,1,0,1,0,1,1,0,0,0,1,0,1,0,0,1,0,1,0,1,1,0,0,0,1,0,1,0,0,1,0,1,0,1,1,0,0
2024,11,5,17:41:40.086,36.08,115,119.8,0.8899,3191.1,1807.7,7.924,0.02,0.02,0.02,0.02,-874.0,350.0,-713.0,6074.0,11452,-17270,68.7,0.0,2476.0,0,0,0,e1f,d4e,d4a,d4a,d4a,1,1,1,1,1,0,0,0,0,1,1,1,0,0,1,1,1,0,0,1,0,1,0,1,1,0,0,0,1,0,1,0,0,1,0,1,0,1,1,0,0,0,1,0,1,0,0,1,0,1,0,1,1,0,0,0,1,0,1,0,0,1,0,1,0,1,1,0,0
2024,11,5,17:41:40.106,36.10,135,119.8,0.8899,3191.1,1807.7,7.924,0.02,0.02,0.02,0.02,-875.0,350.0,-713.0,6057.0,11459,-17284,64.9,0.0,2475.0,0,0,0,e1f,d4e,d4a,d4a,d4a,1,1,1,1,1,0,0,0,0,1,1,1,0,0,1,1,1,0,0,1,0,1,0,1,1,0,0,0,1,0,1,0,0,1,0,1,0,1,1,0,0,0,1,0,1,0,0,1,0,1,0,1,1,0,0,0,1,0,1,0,0,1,0,1,0,1,1,0,0
2024,11,5,17:41:40.126,36.12,155,119.8,0.8897,3199.0,1815.6,7.923,0.02,0.02,0.02,0.02,-877.0,350.0,-713.0,6039.0,11466,-17298,60.8,0.0,2475.0,0,0,0,e1f,d4e,d4a,d4a,d4a,1,1,1,1,1,0,0,0,0,1,1,1,0,0,1,1,1,0,0,1,0,1,0,1,1,0,0,0,1,0,1,0,0,1,0,1,0,1,1,0,0,0,1,0,1,0,0,1,0,1,0,1,1,0,0,0,1,0,1,0,0,1,0,1,0,1,1,0,0
2024,11,5,17:41:40.146,36.14,175,119.8,0.8897,3199.0,1815.6,7.923,0.02,0.02,0.02,0.02,-878.0,350.0,-714.0,6022.0,11473,-17313,56.2,0.0,2475.0,0,0,0,e1f,d4e,d4a,d4a,d4a,1,1,1,1,1,0,0,0,0,1,1,1,0,0,1,1,1,0,0,1,0,1,0,1,1,0,0,0,1,0,1,0,0,1,0,1,0,1,1,0,0,0,1,0,1,0,0,1,0,1,0,1,1,0,0,0,1,0,1,0,0,1,0,1,0,1,1,0,0
2024,11,5,17:41:40.166,36.16,195,119.8,0.8895,3205.1,1821.7,7.923,0.02,0.02,0.02,0.02,-880.0,350.0,-714.0,6004.0,11480,-17327,51.1,0.0,2476.0,0,0,0,e1f,d4e,d4a,d4a,d4a,1,1,1,1,1,0,0,0,0,1,1,1,0,0,1,1,1,0,0,1,0,1,0,1,1,0,0,0,1,0,1,0,0,1,0,1,0,1,1,0,0,0,1,0,1,0,0,1,0,1,0,1,1,0,0,0,1,0,1,0,0,1,0,1,0,1,1,0,0
2024,11,5,17:41:40.186,36.18,215,119.8,0.8895,3205.1,1821.7,7.924,0.02,0.02,0.02,0.02,-881.0,350.0,-714.0,5987.0,11487,-17341,45.6,0.0,2477.0,0,0,0,e1f,d4e,d4a,d4a,d4a,1,1,1,1,1,0,0,0,0,1,1,1,0,0,1,1,1,0,0,1,0,1,0,1,1,0,0,0,1,0,1,0,0,1,0,1,0,1,1,0,0,0,1,0,1,0,0,1,0,1,0,1,1,0,0,0,1,0,1,0,0,1,0,1,0,1,1,0,0
2024,11,5,17:41:40.206,36.20,235,119.8,0.8899,3192.3,1808.9,7.924,0.02,0.02,0.02,0.02,-882.0,350.0,-714.0,5969.0,11494,-17356,39.8,0.0,2479.0,0,0,0,e1f,d4e,d4a,d4a,d4a,1,1,1,1,1,0,0,0,0,1,1,1,0,0,1,1,1,0,0,1,0,1,0,1,1,0,0,0,1,0,1,0,0,1,0,1,0,1,1,0,0,0,1,0,1,0,0,1,0,1,0,1,1,0,0,0,1,0,1,0,0,1,0,1,0,1,1,0,0
2024,11,5,17:41:40.226,36.22,5,119.8,0.8899,3192.3,1808.9,7.924,0.02,0.02,0.02,0.02,-884.0,350.0,-715.0,5951.0,11501,-17370,34.0,0.0,2480.0,0,0,0,e1f,d4e,d4a,d4a,d4a,1,1,1,1,1,0,0,0,0,1,1,1,0,0,1,1,1,0,0,1,0,1,0,1,1,0,0,0,1,0,1,0,0,1,0,1,0,1,1,0,0,0,1,0,1,0,0,1,0,1,0,1,1,0,0,0,1,0,1,0,0,1,0,1,0,1,1,0,0
2024,11,5,17:41:40.246,36.24,25,119.8,0.8900,3189.2,1805.8,7.924,0.02,0.02,0.02,0.02,-885.0,350.0,-715.0,5934.0,11509,-17384,28.0,0.0,2481.0,0,0,0,e1f,d4e,d4a,d4a,d4a,1,1,1,1,1,0,0,0,0,1,1,1,0,0,1,1,1,0,0,1,0,1,0,1,1,0,0,0,1,0,1,0,0,1,0,1,0,1,1,0,0,0,1,0,1,0,0,1,0,1,0,1,1,0,0,0,1,0,1,0,0,1,0,1,0,1,1,0,0
2024,11,5,17:41:40.266,36.26,45,119.8,0.8900,3189.2,1805.8,7.925,0.02,0.02,0.02,0.02,-887.0,350.0,-715.0,5916.0,11516,-17399,21.8,0.0,2481.0,0,0,0,e1f,d4e,d4a,d4a,d4a,1,1,1,1,1,0,0,0,0,1,1,1,0,0,1,1,1,0,0,1,0,1,0,1,1,0,0,0,1,0,1,0,0,1,0,1,0,1,1,0,0,0,1,0,1,0,0,1,0,1,0,1,1,0,0,0,1,0,1,0,0,1,0,1,0,1,1,0,0
2024,11,5,17:41:40.286,36.28,65,119.8,0.8899,3192.3,1808.9,7.923,0.02,0.02,0.02,0.02,-888.0,350.0,-715.0,5898.0,11523,-17413,15.7,0.0,2481.0,0,0,0,e1f,d4e,d4a,d4a,d4a,1,1,1,1,1,0,0,0,0,1,1,1,0,0,1,1,1,0,0,1,0,1,0,1,1,0,0,0,1,0,1,0,0,1,0,1,0,1,1,0,0,0,1,0,1,0,0,1,0,1,0,1,1,0,0,0,1,0,1,0,0,1,0,1,0,1,1,0,0
2024,11,5,17:41:40.306,36.30,85,119.8,0.8899,3192.3,1808.9,7.923,0.02,0.02,0.02,0.02,-890.0,350.0,-715.0,5880.0,11530,-17427,10.4,0.0,2481.0,0,0,0,e1f,d4e,d4a,d4a,d4a,1,1,1,1,1,0,0,0,0,1,1,1,0,0,1,1,1,0,0,1,0,1,0,1,1,0,0,0,1,0,1,0,0,1,0,1,0,1,1,0,0,0,1,0,1,0,0,1,0,1,0,1,1,0,0,0,1,0,1,0,0,1,0,1,0,1,1,0,0
2024,11,5,17:41:40.326,36.32,105,119.8,0.8906,3172.2,1788.8,7.924,0.02,0.02,0.02,0.02,-891.0,350.0,-715.0,5862.0,11537,-17441,8.1,0.0,2480.0,0,0,0,e1f,d46,d42,d42,d46,1,1,1,1,1,0,0,0,0,1,1,1,0,0,1,1,0,0,0,1,0,1,0,1,1,0,0,0,1,0,0,0,0,1,0,1,0,1,1,0,0,0,1,0,0,0,0,1,0,1,0,1,1,0,0,0,1,1,0,0,0,1,0,1,0,1,1,0,0
2024,11,5,17:41:40.346,36.34,125,119.7,0.8906,3172.2,1788.8,7.925,0.02,0.02,0.02,0.02,-893.0,349.0,-716.0,5845.0,11544,-17456,11.0,0.0,2479.0,0,0,0,e1f,d46,d42,d42,d46,1,1,1,1,1,0,0,0,0,1,1,1,0,0,1,1,0,0,0,1,0,1,0,1,1,0,0,0,1,0,0,0,0,1,0,1,0,1,1,0,0,0,1,0,0,0,0,1,0,1,0,1,1,0,0,0,1,1,0,0,0,1,0,1,0,1,1,0,0
2024,11,5,17:41:40.366,36.36,145,119.7,0.8906,3172.2,1788.8,7.924,0.02,0.02,0.02,0.02,-894.0,349.0,-716.0,5827.0,11551,-17470,16.5,0.0,2479.0,0,0,0,e1f,d46,d42,d42,d46,1,1,1,1,1,0,0,0,0,1,1,1,0,0,1,1,0,0,0,1,0,1,0,1,1,0,0,0,1,0,0,0,0,1,0,1,0,1,1,0,0,0,1,0,0,0,0,1,0,1,0,1,1,0,0,0,1,1,0,0,0,1,0,1,0,1,1,0,0
2024,11,5,17:41:40.386,36.38,165,119.7,0.8906,3172.2,1788.8,7.924,0.02,0.02,0.02,0.02,-895.0,349.0,-716.0,5809.0,11558,-17484,22.5,0.0,2479.0,0,0,0,e1f,d4e,d4a,d4a,d4a,1,1,1,1,1,0,0,0,0,1,1,1,0,0,1,1,1,0,0,1,0,1,0,1,1,0,0,0,1,0,1,0,0,1,0,1,0,1,1,0,0,0,1,0,1,0,0,1,0,1,0,1,1,0,0,0,1,0,1,0,0,1,0,1,0,1,1,0,0
2024,11,5,17:41:40.406,36.40,185,119.7,0.8905,3174.0,1790.6,7.925,0.02,0.02,0.02,0.02,-896.0,348.0,-716.0,5791.0,11564,-17499,28.1,0.0,2479.0,0,0,0,e1f,d4e,d4a,d4a,d4a,1,1,1,1,1,0,0,0,0,1,1,1,0,0,1,1,1,0,0,1,0,1,0,1,1,0,0,0,1,0,1,0,0,1,0,1,0,1,1,0,0,0,1,0,1,0,0,1,0,1,0,1,1,0,0,0,1,0,1,0,0,1,0,1,0,1,1,0,0
2024,11,5,17:41:40.426,36.42,205,119.7,0.8905,3174.0,1790.6,7.925,0.02,0.02,0.02,0.02,-896.0,348.0,-717.0,5773.0,11571,-17513,32.8,0.0,2480.0,0,0,0,e1f,d4e,d4a,d4a,d4a,1,1,1,1,1,0,0,0,0,1,1,1,0,0,1,1,1,0,0,1,0,1,0,1,1,0,0,0,1,0,1,0,0,1,0,1,0,1,1,0,0,0,1,0,1,0,0,1,0,1,0,1,1,0,0,0,1,0,1,0,0,1,0,1,0,1,1,0,0
2024,11,5,17:41:40.446,36.44,225,119.7,0.8907,3168.0,1784.6,7.924,0.02,0.02,0.02,0.02,-897.0,348.0,-717.0,5755.0,11578,-17527,36.3,0.0,2481.0,0,0,0,e1f,d4e,d4a,d4a,d4a,1,1,1,1,1,0,0,0,0,1,1,1,0,0,1,1,1,0,0,1,0,1,0,1,1,0,0,0,1,0,1,0,0,1,0,1,0,1,1,0,0,0,1,0,1,0,0,1,0,1,0,1,1,0,0,0,1,0,1,0,0,1,0,1,0,1,1,0,0
2024,11,5,17:41:40.466,36.46,245,119.7,0.8907,3168.0,1784.6,7.926,0.02,0.02,0.02,0.02,-897.0,348.0,-718.0,5737.0,11585,-17542,38.7,0.0,2482.0,0,0,0,e1f,d4e,d4a,d4a,d4a,1,1,1,1,1,0,0,0,0,1,1,1,0,0,1,1,1,0,0,1,0,1,0,1,1,0,0,0,1,0,1,0,0,1,0,1,0,1,1,0,0,0,1,0,1,0,0,1,0,1,0,1,1,0,0,0,1,0,1,0,0,1,0,1,0,1,1,0,0
2024,11,5,17:41:40.486,36.48,15,119.7,0.8913,3150.3,1766.9,7.924,0.02,0.02,0.02,0.02,-898.0,348.0,-718.0,5719.0,11592,-17556,39.8,0.0,2483.0,0,0,0,e1f,d4e,d4a,d4a,d4a,1,1,1,1,1,0,0,0,0,1,1,1,0,0,1,1,1,0,0,1,0,1,0,1,1,0,0,0,1,0,1,0,0,1,0,1,0,1,1,0,0,0,1,0,1,0,0,1,0,1,0,1,1,0,0,0,1,0,1,0,0,1,0,1,0,1,1,0,0
2024,11,5,17:41:40.506,36.50,35,119.7,0.8913,3150.3,1766.9,7.925,0.02,0.02,0.02,0.02,-898.0,348.0,-719.0,5701.0,11599,-17571,39.4,0.0,2484.0,0,0,0,e1f,d4e,d4a,d4a,d4a,1,1,1,1,1,0,0,0,0,1,1,1,0,0,1,1,1,0,0,1,0,1,0,1,1,0,0,0,1,0,1,0,0,1,0,1,0,1,1,0,0,0,1,0,1,0,0,1,0,1,0,1,1,0,0,0,1,0,1,0,0,1,0,1,0,1,1,0,0
2024,11,5,17:41:40.526,36.52,55,119.7,0.8913,3149.1,1765.7,7.925,0.02,0.02,0.02,0.02,-899.0,348.0,-719.0,5683.0,11606,-17585,37.7,0.0,2485.0,0,0,0,e1f,d4e,d4a,d4a,d4a,1,1,1,1,1,0,0,0,0,1,1,1,0,0,1,1,1,0,0,1,0,1,0,1,1,0,0,0,1,0,1,0,0,1,0,1,0,1,1,0,0,0,1,0,1,0,0,1,0,1,0,1,1,0,0,0,1,0,1,0,0,1,0,1,0,1,1,0,0
2024,11,5,17:41:40.546,36.54,75,119.7,0.8913,3149.1,1765.7,7.924,0.02,0.02,0.02,0.02,-900.0,348.0,-719.0,5665.0,11613,-17599,35.8,0.0,2486.0,0,0,0,e1f,d4e,d4a,d4a,d4a,1,1,1,1,1,0,0,0,0,1,1,1,0,0,1,1,1,0,0,1,0,1,0,1,1,0,0,0,1,0,1,0,0,1,0,1,0,1,1,0,0,0,1,0,1,0,0,1,0,1,0,1,1,0,0,0,1,0,1,0,0,1,0,1,0,1,1,0,0
2024,11,5,17:41:40.566,36.56,95,119.7,0.8918,3135.1,1751.8,7.924,0.02,0.02,0.02,0.02,-901.0,348.0,-720.0,5647.0,11620,-17614,33.9,0.0,2487.0,0,0,0,e1f,d4e,d4a,d4a,d4a,1,1,1,1,1,0,0,0,0,1,1,1,0,0,1,1,1,0,0,1,0,1,0,1,1,0,0,0,1,0,1,0,0,1,0,1,0,1,1,0,0,0,1,0,1,0,0,1,0,1,0,1,1,0,0,0,1,0,1,0,0,1,0,1,0,1,1,0,0
2024,11,5,17:41:40.586,36.58,115,119.7,0.8918,3134.5,1751.2,7.925,0.02,0.02,0.02,0.02,-902.0,348.0,-720.0,5629.0,11627,-17628,32.2,0.0,2488.0,0,0,0,e1f,d4e,d4a,d4a,d4a,1,1,1,1,1,0,0,0,0,1,1,1,0,0,1,1,1,0,0,1,0,1,0,1,1,0,0,0,1,0,1,0,0,1,0,1,0,1,1,0,0,0,1,0,1,0,0,1,0,1,0,1,1,0,0,0,1,0,1,0,0,1,0,1,0,1,1,0,0
2024,11,5,17:41:40.606,36.60,135,119.7,0.8920,3128.5,1745.1,7.925,0.02,0.02,0.02,0.02,-903.0,349.0,-720.0,5611.0,11634,-17643,30.4,0.0,2489.0,0,0,0,e1f,d4e,d4a,d4a,d4a,1,1,1,1,1,0,0,0,0,1,1,1,0,0,1,1,1,0,0,1,0,1,0,1,1,0,0,0,1,0,1,0,0,1,0,1,0,1,1,0,0,0,1,0,1,0,0,1,0,1,0,1,1,0,0,0,1,0,1,0,0,1,0,1,0,1,1,0,0
2024,11,5,17:41:40.626,36.62,155,119.7,0.8920,3128.5,1745.1,7.925,0.02,0.02,0.02,0.02,-904.0,349.0,-721.0,5593.0,11641,-17657,28.7,0.0,2489.0,0,0,0,e1f,d4e,d4a,d4a,d4a,1,1,1,1,1,0,0,0,0,1,1,1,0,0,1,1,1,0,0,1,0,1,0,1,1,0,0,0,1,0,1,0,0,1,0,1,0,1,1,0,0,0,1,0,1,0,0,1,0,1,0,1,1,0,0,0,1,0,1,0,0,1,0,1,0,1,1,0,0
2024,11,5,17:41:40.646,36.64,175,119.7,0.8921,3125.4,1742.0,7.925,0.02,0.02,0.02,0.02,-906.0,349.0,-721.0,5575.0,11648,-17671,26.8,0.0,2489.0,0,0,0,e1f,d4e,d4a,d4a,d4a,1,1,1,1,1,0,0,0,0,1,1,1,0,0,1,1,1,0,0,1,0,1,0,1,1,0,0,0,1,0,1,0,0,1,0,1,0,1,1,0,0,0,1,0,1,0,0,1,0,1,0,1,1,0,0,0,1,0,1,0,0,1,0,1,0,1,1,0,0
2024,11,5,17:41:40.666,36.66,195,119.7,0.8921,3124.8,1741.4,7.925,0.02,0.02,0.02,0.02,-907.0,349.0,-721.0,5557.0,11655,-17686,24.6,0.0,2489.0,0,0,0,e1f,d4e,d4a,d4a,d4a,1,1,1,1,1,0,0,0,0,1,1,1,0,0,1,1,1,0,0,1,0,1,0,1,1,0,0,0,1,0,1,0,0,1,0,1,0,1,1,0,0,0,1,0,1,0,0,1,0,1,0,1,1,0,0,0,1,0,1,0,0,1,0,1,0,1,1,0,0
2024,11,5,17:41:40.686,36.68,215,119.7,0.8923,3118.8,1735.4,7.924,0.02,0.02,0.02,0.02,-908.0,350.0,-722.0,5538.0,11662,-17700,21.8,0.0,2489.0,0,0,0,e1f,d4e,d4a,d4a,d4a,1,1,1,1,1,0,0,0,0,1,1,1,0,0,1,1,1,0,0,1,0,1,0,1,1,0,0,0,1,0,1,0,0,1,0,1,0,1,1,0,0,0,1,0,1,0,0,1,0,1,0,1,1,0,0,0,1,0,1,0,0,1,0,1,0,1,1,0,0
2024,11,5,17:41:40.706,36.70,235,119.7,0.8923,3118.8,1735.4,7.925,0.02,0.02,0.02,0.02,-909.0,350.0,-723.0,5520.0,11669,-17715,18.4,0.0,2488.0,0,0,0,e1f,d4e,d4a,d4a,d4a,1,1,1,1,1,0,0,0,0,1,1,1,0,0,1,1,1,0,0,1,0,1,0,1,1,0,0,0,1,0,1,0,0,1,0,1,0,1,1,0,0,0,1,0,1,0,0,1,0,1,0,1,1,0,0,0,1,0,1,0,0,1,0,1,0,1,1,0,0
2024,11,5,17:41:40.726,36.72,5,119.7,0.8923,3120.6,1737.2,7.925,0.02,0.02,0.02,0.02,-910.0,350.0,-723.0,5502.0,11676,-17729,14.3,0.0,2487.0,0,0,0,e1f,d4e,d4a,d4a,d4a,1,1,1,1,1,0,0,0,0,1,1,1,0,0,1,1,1,0,0,1,0,1,0,1,1,0,0,0,1,0,1,0,0,1,0,1,0,1,1,0,0,0,1,0,1,0,0,1,0,1,0,1,1,0,0,0,1,0,1,0,0,1,0,1,0,1,1,0,0
2024,11,5,17:41:40.746,36.74,25,119.7,0.8922,3121.2,1737.8,7.925,0.02,0.02,0.02,0.02,-911.0,351.0,-724.0,5484.0,11683,-17744,10.5,0.0,2486.0,0,0,0,e1f,d4e,d4a,d4a,d4e,1,1,1,1,1,0,0,0,0,1,1,1,0,0,1,1,1,0,0,1,0,1,0,1,1,0,0,0,1,0,1,0,0,1,0,1,0,1,1,0,0,0,1,0,1,0,0,1,0,1,0,1,1,0,0,0,1,1,1,0,0,1,0,1,0,1,1,0,0
2024,11,5,17:41:40.766,36.76,45,119.7,0.8924,3116.3,1732.9,7.925,0.02,0.02,0.02,0.02,-913.0,351.0,-724.0,5466.0,11690,-17758,8.8,0.0,2484.0,0,0,0,e1f,d46,d42,d42,d46,1,1,1,1,1,0,0,0,0,1,1,1,0,0,1,1,0,0,0,1,0,1,0,1,1,0,0,0,1,0,0,0,0,1,0,1,0,1,1,0,0,0,1,0,0,0,0,1,0,1,0,1,1,0,0,0,1,1,0,0,0,1,0,1,0,1,1,0,0
2024,11,5,17:41:40.786,36.78,65,119.7,0.8924,3116.3,1732.9,7.924,0.02,0.02,0.02,0.02,-914.0,351.0,-725.0,5447.0,11697,-17773,10.7,0.0,2482.0,0,0,0,e1f,d46,d42,d42,d46,1,1,1,1,1,0,0,0,0,1,1,1,0,0,1,1,0,0,0,1,0,1,0,1,1,0,0,0,1,0,0,0,0,1,0,1,0,1,1,0,0,0,1,0,0,0,0,1,0,1,0,1,1,0,0,0,1,1,0,0,0,1,0,1,0,1,1,0,0
2024,11,5,17:41:40.806,36.80,85,119.7,0.8922,3121.2,1737.8,7.925,0.02,0.02,0.02,0.02,-916.0,351.0,-725.0,5429.0,11704,-17787,15.0,0.0,2480.0,0,0,0,e1f,d46,d42,d42,d46,1,1,1,1,1,0,0,0,0,1,1,1,0,0,1,1,0,0,0,1,0,1,0,1,1,0,0,0,1,0,0,0,0,1,0,1,0,1,1,0,0,0,1,0,0,0,0,1,0,1,0,1,1,0,0,0,1,1,0,0,0,1,0,1,0,1,1,0,0
2024,11,5,17:41:40.826,36.82,105,119.7,0.8922,3121.2,1737.8,7.925,0.02,0.02,0.02,0.02,-917.0,352.0,-725.0,5411.0,11711,-17802,20.3,0.0,2477.0,0,0,0,e1f,d4e,d4a,d4a,d4a,1,1,1,1,1,0,0,0,0,1,1,1,0,0,1,1,1,0,0,1,0,1,0,1,1,0,0,0,1,0,1,0,0,1,0,1,0,1,1,0,0,0,1,0,1,0,0,1,0,1,0,1,1,0,0,0,1,0,1,0,0,1,0,1,0,1,1,0,0
2024,11,5,17:41:40.846,36.84,125,119.7,0.8918,3135.1,1751.8,7.925,0.02,0.02,0.02,0.02,-919.0,352.0,-726.0,5392.0,11718,-17816,25.6,0.0,2473.0,0,0,0,e1f,d4e,d4a,d4a,d4a,1,1,1,1,1,0,0,0,0,1,1,1,0,0,1,1,1,0,0,1,0,1,0,1,1,0,0,0,1,0,1,0,0,1,0,1,0,1,1,0,0,0,1,0,1,0,0,1,0,1,0,1,1,0,0,0,1,0,1,0,0,1,0,1,0,1,1,0,0
2024,11,5,17:41:40.866,36.86,145,119.7,0.8918,3135.8,1752.4,7.926,0.02,0.02,0.02,0.02,-920.0,352.0,-726.0,5374.0,11725,-17831,31.0,0.0,2469.0,0,0,0,e1f,d4e,d4a,d4a,d4a,1,1,1,1,1,0,0,0,0,1,1,1,0,0,1,1,1,0,0,1,0,1,0,1,1,0,0,0,1,0,1,0,0,1,0,1,0,1,1,0,0,0,1,0,1,0,0,1,0,1,0,1,1,0,0,0,1,0,1,0,0,1,0,1,0,1,1,0,0
2024,11,5,17:41:40.886,36.88,165,119.7,0.8916,3141.8,1758.4,7.926,0.02,0.02,0.02,0.02,-922.0,352.0,-726.0,5355.0,11733,-17845,36.1,0.0,2465.0,0,0,0,e1f,d4e,d4a,d4a,d4a,1,1,1,1,1,0,0,0,0,1,1,1,0,0,1,1,1,0,0,1,0,1,0,1,1,0,0,0,1,0,1,0,0,1,0,1,0,1,1,0,0,0,1,0,1,0,0,1,0,1,0,1,1,0,0,0,1,0,1,0,0,1,0,1,0,1,1,0,0
2024,11,5,17:41:40.906,36.90,185,119.7,0.8916,3141.8,1758.4,7.925,0.02,0.02,0.02,0.02,-923.0,352.0,-726.0,5337.0,11740,-17860,41.1,0.0,2460.0,0,0,0,e1f,d4e,d4a,d4a,d4a,1,1,1,1,1,0,0,0,0,1,1,1,0,0,1,1,1,0,0,1,0,1,0,1,1,0,0,0,1,0,1,0,0,1,0,1,0,1,1,0,0,0,1,0,1,0,0,1,0,1,0,1,1,0,0,0,1,0,1,0,0,1,0,1,0,1,1,0,0
2024,11,5,17:41:40.926,36.92,205,119.7,0.8921,3126.0,1742.7,7.925,0.02,0.02,0.02,0.02,-924.0,352.0,-726.0,5319.0,11747,-17874,45.7,0.0,2454.0,0,0,0,e1f,d4e,d4a,d4a,d4a,1,1,1,1,1,0,0,0,0,1,1,1,0,0,1,1,1,0,0,1,0,1,0,1,1,0,0,0,1,0,1,0,0,1,0,1,0,1,1,0,0,0,1,0,1,0,0,1,0,1,0,1,1,0,0,0,1,0,1,0,0,1,0,1,0,1,1,0,0
2024,11,5,17:41:40.946,36.94,225,119.7,0.8921,3126.0,1742.7,7.925,0.02,0.02,0.02,0.02,-925.0,352.0,-726.0,5300.0,11754,-17889,49.7,0.0,2447.0,0,0,0,e1f,d4e,d4a,d4a,d4a,1,1,1,1,1,0,0,0,0,1,1,1,0,0,1,1,1,0,0,1,0,1,0,1,1,0,0,0,1,0,1,0,0,1,0,1,0,1,1,0,0,0,1,0,1,0,0,1,0,1,0,1,1,0,0,0,1,0,1,0,0,1,0,1,0,1,1,0,0
2024,11,5,17:41:40.966,36.96,245,119.7,0.8920,3129.7,1746.3,7.926,0.02,0.02,0.02,0.02,-927.0,352.0,-727.0,5281.0,11761,-17903,53.3,0.0,2439.0,0,0,0,e1f,d4e,d4a,d4a,d4a,1,1,1,1,1,0,0,0,0,1,1,1,0,0,1,1,1,0,0,1,0,1,0,1,1,0,0,0,1,0,1,0,0,1,0,1,0,1,1,0,0,0,1,0,1,0,0,1,0,1,0,1,1,0,0,0,1,0,1,0,0,1,0,1,0,1,1,0,0
2024,11,5,17:41:40.986,36.98,15,119.7,0.8920,3129.7,1746.3,7.925,0.02,0.02,0.02,0.02,-928.0,352.0,-727.0,5263.0,11768,-17918,56.3,0.0,2431.0,0,0,0,e1f,d4e,d4a,d4a,d4a,1,1,1,1,1,0,0,0,0,1,1,1,0,0,1,1,1,0,0,1,0,1,0,1,1,0,0,0,1,0,1,0,0,1,0,1,0,1,1,0,0,0,1,0,1,0,0,1,0,1,0,1,1,0,0,0,1,0,1,0,0,1,0,1,0,1,1,0,0
2024,11,5,17:41:41.006,37.00,35,119.7,0.8918,3135.8,1752.4,7.926,0.02,0.02,0.02,0.02,-929.0,352.0,-727.0,5244.0,11775,-17933,58.9,0.0,2422.0,0,0,0,e1f,d4e,d4a,d4a,d4a,1,1,1,1,1,0,0,0,0,1,1,1,0,0,1,1,1,0,0,1,0,1,0,1,1,0,0,0,1,0,1,0,0,1,0,1,0,1,1,0,0,0,1,0,1,0,0,1,0,1,0,1,1,0,0,0,1,0,1,0,0,1,0,1,0,1,1,0,0
2024,11,5,17:41:41.026,37.02,55,119.7,0.8918,3135.8,1752.4,7.924,0.02,0.02,0.02,0.02,-931.0,352.0,-728.0,5226.0,11782,-17947,61.0,0.0,2413.0,0,0,0,e1f,d4e,d4a,d4a,d4a,1,1,1,1,1,0,0,0,0,1,1,1,0,0,1,1,1,0,0,1,0,1,0,1,1,0,0,0,1,0,1,0,0,1,0,1,0,1,1,0,0,0,1,0,1,0,0,1,0,1,0,1,1,0,0,0,1,0,1,0,0,1,0,1,0,1,1,0,0
2024,11,5,17:41:41.046,37.04,75,119.7,0.8920,3129.7,1746.3,7.925,0.02,0.02,0.02,0.02,-932.0,352.0,-728.0,5207.0,11789,-17962,62.6,0.0,2404.0,0,0,0,e1f,d4e,d4a,d4a,d4a,1,1,1,1,1,0,0,0,0,1,1,1,0,0,1,1,1,0,0,1,0,1,0,1,1,0,0,0,1,0,1,0,0,1,0,1,0,1,1,0,0,0,1,0,1,0,0,1,0,1,0,1,1,0,0,0,1,0,1,0,0,1,0,1,0,1,1,0,0
2024,11,5,17:41:41.066,37.06,95,119.7,0.8920,3129.1,1745.7,7.925,0.02,0.02,0.02,0.02,-933.0,352.0,-728.0,5188.0,11796,-17976,63.7,0.0,2395.0,0,0,0,e1f,d4e,d4a,d4a,d4a,1,1,1,1,1,0,0,0,0,1,1,1,0,0,1,1,1,0,0,1,0,1,0,1,1,0,0,0,1,0,1,0,0,1,0,1,0,1,1,0,0,0,1,0,1,0,0,1,0,1,0,1,1,0,0,0,1,0,1,0,0,1,0,1,0,1,1,0,0
2024,11,5,17:41:41.086,37.08,115,119.7,0.8916,3141.8,1758.4,7.925,0.02,0.02,0.02,0.02,-935.0,352.0,-729.0,5170.0,11803,-17991,64.2,0.0,2386.0,0,0,0,e1f,d4e,d4a,d4a,d4a,1,1,1,1,1,0,0,0,0,1,1,1,0,0,1,1,1,0,0,1,0,1,0,1,1,0,0,0,1,0,1,0,0,1,0,1,0,1,1,0,0,0,1,0,1,0,0,1,0,1,0,1,1,0,0,0,1,0,1,0,0,1,0,1,0,1,1,0,0
2024,11,5,17:41:41.106,37.10,135,119.7,0.8915,3142.4,1759.0,7.925,0.02,0.02,0.02,0.02,-936.0,352.0,-729.0,5151.0,11810,-18005,64.1,0.0,2378.0,0,0,0,e1f,d4e,d4a,d4a,d4a,1,1,1,1,1,0,0,0,0,1,1,1,0,0,1,1,1,0,0,1,0,1,0,1,1,0,0,0,1,0,1,0,0,1,0,1,0,1,1,0,0,0,1,0,1,0,0,1,0,1,0,1,1,0,0,0,1,0,1,0,0,1,0,1,0,1,1,0,0
2024,11,5,17:41:41.126,37.12,155,119.7,0.8915,3143.7,1760.3,7.924,0.02,0.02,0.02,0.02,-938.0,352.0,-729.0,5132.0,11817,-18020,63.5,0.0,2370.0,0,0,0,e1f,d4e,d4a,d4a,d4a,1,1,1,1,1,0,0,0,0,1,1,1,0,0,1,1,1,0,0,1,0,1,0,1,1,0,0,0,1,0,1,0,0,1,0,1,0,1,1,0,0,0,1,0,1,0,0,1,0,1,0,1,1,0,0,0,1,0,1,0,0,1,0,1,0,1,1,0,0
2024,11,5,17:41:41.146,37.14,175,119.7,0.8915,3143.7,1760.3,7.926,0.02,0.02,0.02,0.02,-939.0,352.0,-729.0,5113.0,11824,-18035,62.6,0.0,2362.0,0,0,0,e1f,d4e,d4a,d4a,d4a,1,1,1,1,1,0,0,0,0,1,1,1,0,0,1,1,1,0,0,1,0,1,0,1,1,0,0,0,1,0,1,0,0,1,0,1,0,1,1,0,0,0,1,0,1,0,0,1,0,1,0,1,1,0,0,0,1,0,1,0,0,1,0,1,0,1,1,0,0
2024,11,5,17:41:41.166,37.16,195,119.7,0.8915,3143.7,1760.3,7.925,0.02,0.02,0.02,0.02,-940.0,352.0,-729.0,5095.0,11831,-18049,61.4,0.0,2356.0,0,0,0,e1f,d4e,d4a,d4a,d4a,1,1,1,1,1,0,0,0,0,1,1,1,0,0,1,1,1,0,0,1,0,1,0,1,1,0,0,0,1,0,1,0,0,1,0,1,0,1,1,0,0,0,1,0,1,0,0,1,0,1,0,1,1,0,0,0,1,0,1,0,0,1,0,1,0,1,1,0,0
2024,11,5,17:41:41.186,37.18,215,119.7,0.8915,3143.7,1760.3,7.925,0.02,0.02,0.02,0.02,-942.0,352.0,-729.0,5076.0,11838,-18064,59.9,0.0,2350.0,0,0,0,e1f,d4e,d4a,d4a,d4a,1,1,1,1,1,0,0,0,0,1,1,1,0,0,1,1,1,0,0,1,0,1,0,1,1,0,0,0,1,0,1,0,0,1,0,1,0,1,1,0,0,0,1,0,1,0,0,1,0,1,0,1,1,0,0,0,1,0,1,0,0,1,0,1,0,1,1,0,0
2024,11,5,17:41:41.206,37.20,235,119.7,0.8921,3126.6,1743.3,7.925,0.02,0.02,0.02,0.02,-943.0,352.0,-730.0,5057.0,11845,-18078,58.1,0.0,2345.0,0,0,0,e1f,d4e,d4a,d4a,d4a,1,1,1,1,1,0,0,0,0,1,1,1,0,0,1,1,1,0,0,1,0,1,0,1,1,0,0,0,1,0,1,0,0,1,0,1,0,1,1,0,0,0,1,0,1,0,0,1,0,1,0,1,1,0,0,0,1,0,1,0,0,1,0,1,0,1,1,0,0
2024,11,5,17:41:41.226,37.22,5,119.7,0.8921,3126.6,1743.3,7.925,0.02,0.02,0.02,0.02,-944.0,352.0,-730.0,5038.0,11852,-18093,56.2,0.0,2341.0,0,0,0,e1f,d4e,d4a,d4a,d4a,1,1,1,1,1,0,0,0,0,1,1,1,0,0,1,1,1,0,0,1,0,1,0,1,1,0,0,0,1,0,1,0,0,1,0,1,0,1,1,0,0,0,1,0,1,0,0,1,0,1,0,1,1,0,0,0,1,0,1,0,0,1,0,1,0,1,1,0,0
2024,11,5,17:41:41.246,37.24,25,119.7,0.8920,3127.9,1744.5,7.926,0.02,0.02,0.02,0.02,-946.0,352.0,-730.0,5019.0,11859,-18108,54.0,0.0,2337.0,0,0,0,e1f,d4e,d4a,d4a,d4a,1,1,1,1,1,0,0,0,0,1,1,1,0,0,1,1,1,0,0,1,0,1,0,1,1,0,0,0,1,0,1,0,0,1,0,1,0,1,1,0,0,0,1,0,1,0,0,1,0,1,0,1,1,0,0,0,1,0,1,0,0,1,0,1,0,1,1,0,0
2024,11,5,17:41:41.266,37.26,45,119.7,0.8920,3128.5,1745.1,7.926,0.02,0.02,0.02,0.02,-947.0,352.0,-730.0,5000.0,11867,-18122,51.4,0.0,2335.0,0,0,0,e1f,d4e,d4a,d4a,d4a,1,1,1,1,1,0,0,0,0,1,1,1,0,0,1,1,1,0,0,1,0,1,0,1,1,0,0,0,1,0,1,0,0,1,0,1,0,1,1,0,0,0,1,0,1,0,0,1,0,1,0,1,1,0,0,0,1,0,1,0,0,1,0,1,0,1,1,0,0
2024,11,5,17:41:41.286,37.28,65,119.7,0.8929,3101.8,1718.4,7.924,0.02,0.02,0.02,0.02,-948.0,351.0,-731.0,4981.0,11874,-18137,47.5,0.0,2335.0,0,0,0,e1f,d4e,d4a,d4a,d4a,1,1,1,1,1,0,0,0,0,1,1,1,0,0,1,1,1,0,0,1,0,1,0,1,1,0,0,0,1,0,1,0,0,1,0,1,0,1,1,0,0,0,1,0,1,0,0,1,0,1,0,1,1,0,0,0,1,0,1,0,0,1,0,1,0,1,1,0,0
2024,11,5,17:41:41.306,37.30,85,119.7,0.8929,3101.8,1718.4,7.924,0.02,0.02,0.02,0.02,-949.0,350.0,-731.0,4962.0,11881,-18151,42.6,0.0,2337.0,0,0,0,e1f,d4e,d4a,d4a,d4a,1,1,1,1,1,0,0,0,0,1,1,1,0,0,1,1,1,0,0,1,0,1,0,1,1,0,0,0,1,0,1,0,0,1,0,1,0,1,1,0,0,0,1,0,1,0,0,1,0,1,0,1,1,0,0,0,1,0,1,0,0,1,0,1,0,1,1,0,0
2024,11,5,17:41:41.326,37.32,105,119.7,0.8931,3093.9,1710.5,7.925,0.02,0.02,0.02,0.02,-951.0,350.0,-732.0,4943.0,11888,-18166,37.2,0.0,2340.0,0,0,0,e1f,d4e,d4a,d4a,d4a,1,1,1,1,1,0,0,0,0,1,1,1,0,0,1,1,1,0,0,1,0,1,0,1,1,0,0,0,1,0,1,0,0,1,0,1,0,1,1,0,0,0,1,0,1,0,0,1,0,1,0,1,1,0,0,0,1,0,1,0,0,1,0,1,0,1,1,0,0
2024,11,5,17:41:41.346,37.34,125,119.7,0.8931,3093.9,1710.5,7.925,0.02,0.02,0.02,0.02,-952.0,350.0,-733.0,4924.0,11895,-18181,32.0,0.0,2344.0,0,0,0,e1f,d4e,d4a,d4a,d4a,1,1,1,1,1,0,0,0,0,1,1,1,0,0,1,1,1,0,0,1,0,1,0,1,1,0,0,0,1,0,1,0,0,1,0,1,0,1,1,0,0,0,1,0,1,0,0,1,0,1,0,1,1,0,0,0,1,0,1,0,0,1,0,1,0,1,1,0,0
2024,11,5,17:41:41.366,37.36,145,119.7,0.8940,3066.6,1683.2,7.925,0.02,0.02,0.02,0.02,-954.0,350.0,-733.0,4905.0,11902,-18195,27.6,0.0,2348.0,0,0,0,e1f,d4e,d4a,d4a,d4a,1,1,1,1,1,0,0,0,0,1,1,1,0,0,1,1,1,0,0,1,0,1,0,1,1,0,0,0,1,0,1,0,0,1,0,1,0,1,1,0,0,0,1,0,1,0,0,1,0,1,0,1,1,0,0,0,1,0,1,0,0,1,0,1,0,1,1,0,0
2024,11,5,17:41:41.386,37.38,165,119.7,0.8940,3066.6,1683.2,7.924,0.02,0.02,0.02,0.02,-956.0,350.0,-733.0,4886.0,11909,-18210,25.2,0.0,2352.0,0,0,0,e1f,d4e,d4a,d4a,d4a,1,1,1,1,1,0,0,0,0,1,1,1,0,0,1,1,1,0,0,1,0,1,0,1,1,0,0,0,1,0,1,0,0,1,0,1,0,1,1,0,0,0,1,0,1,0,0,1,0,1,0,1,1,0,0,0,1,0,1,0,0,1,0,1,0,1,1,0,0
2024,11,5,17:41:41.406,37.40,185,119.7,0.8950,3038.1,1654.7,7.924,0.02,0.02,0.02,0.02,-958.0,350.0,-733.0,4867.0,11916,-18225,25.7,0.0,2355.0,0,0,0,e1f,d4e,d4a,d4a,d4a,1,1,1,1,1,0,0,0,0,1,1,1,0,0,1,1,1,0,0,1,0,1,0,1,1,0,0,0,1,0,1,0,0,1,0,1,0,1,1,0,0,0,1,0,1,0,0,1,0,1,0,1,1,0,0,0,1,0,1,0,0,1,0,1,0,1,1,0,0
2024,11,5,17:41:41.426,37.42,205,119.7,0.8950,3038.7,1655.4,7.924,0.02,0.02,0.02,0.02,-959.0,350.0,-734.0,4848.0,11923,-18239,28.4,0.0,2359.0,0,0,0,e1f,d4e,d4a,d4a,d4a,1,1,1,1,1,0,0,0,0,1,1,1,0,0,1,1,1,0,0,1,0,1,0,1,1,0,0,0,1,0,1,0,0,1,0,1,0,1,1,0,0,0,1,0,1,0,0,1,0,1,0,1,1,0,0,0,1,0,1,0,0,1,0,1,0,1,1,0,0
2024,11,5,17:41:41.446,37.44,225,119.7,0.8945,3051.5,1668.1,7.925,0.02,0.02,0.02,0.02,-960.0,351.0,-734.0,4829.0,11930,-18254,32.2,0.0,2362.0,0,0,0,e1f,d4e,d4a,d4a,d4a,1,1,1,1,1,0,0,0,0,1,1,1,0,0,1,1,1,0,0,1,0,1,0,1,1,0,0,0,1,0,1,0,0,1,0,1,0,1,1,0,0,0,1,0,1,0,0,1,0,1,0,1,1,0,0,0,1,0,1,0,0,1,0,1,0,1,1,0,0
2024,11,5,17:41:41.466,37.46,245,119.7,0.8945,3051.5,1668.1,7.924,0.02,0.02,0.02,0.02,-962.0,351.0,-734.0,4809.0,11937,-18269,36.2,0.0,2365.0,0,0,0,e1f,d4e,d4a,d4a,d4a,1,1,1,1,1,0,0,0,0,1,1,1,0,0,1,1,1,0,0,1,0,1,0,1,1,0,0,0,1,0,1,0,0,1,0,1,0,1,1,0,0,0,1,0,1,0,0,1,0,1,0,1,1,0,0,0,1,0,1,0,0,1,0,1,0,1,1,0,0
2024,11,5,17:41:41.486,37.48,15,119.7,0.8946,3048.4,1665.0,7.926,0.02,0.02,0.02,0.02,-963.0,351.0,-734.0,4790.0,11944,-18283,40.5,0.0,2368.0,0,0,0,e1f,d4e,d4a,d4a,d4a,1,1,1,1,1,0,0,0,0,1,1,1,0,0,1,1,1,0,0,1,0,1,0,1,1,0,0,0,1,0,1,0,0,1,0,1,0,1,1,0,0,0,1,0,1,0,0,1,0,1,0,1,1,0,0,0,1,0,1,0,0,1,0,1,0,1,1,0,0
2024,11,5,17:41:41.506,37.50,35,119.7,0.8946,3048.4,1665.0,7.925,0.02,0.02,0.02,0.02,-964.0,351.0,-734.0,4771.0,11951,-18298,44.6,0.0,2372.0,0,0,0,e1f,d4e,d4a,d4a,d4a,1,1,1,1,1,0,0,0,0,1,1,1,0,0,1,1,1,0,0,1,0,1,0,1,1,0,0,0,1,0,1,0,0,1,0,1,0,1,1,0,0,0,1,0,1,0,0,1,0,1,0,1,1,0,0,0,1,0,1,0,0,1,0,1,0,1,1,0,0
2024,11,5,17:41:41.526,37.52,55,119.7,0.8948,3043.6,1660.2,7.925,0.02,0.02,0.02,0.02,-965.0,351.0,-734.0,4751.0,11958,-18313,48.2,0.0,2376.0,0,0,0,e1f,d4e,d4a,d4a,d4a,1,1,1,1,1,0,0,0,0,1,1,1,0,0,1,1,1,0,0,1,0,1,0,1,1,0,0,0,1,0,1,0,0,1,0,1,0,1,1,0,0,0,1,0,1,0,0,1,0,1,0,1,1,0,0,0,1,0,1,0,0,1,0,1,0,1,1,0,0
2024,11,5,17:41:41.546,37.54,75,119.7,0.8948,3043.6,1660.2,7.923,0.02,0.02,0.02,0.02,-965.0,352.0,-735.0,4732.0,11965,-18328,49.7,0.0,2381.0,0,0,0,e1f,d4e,d4a,d4a,d4a,1,1,1,1,1,0,0,0,0,1,1,1,0,0,1,1,1,0,0,1,0,1,0,1,1,0,0,0,1,0,1,0,0,1,0,1,0,1,1,0,0,0,1,0,1,0,0,1,0,1,0,1,1,0,0,0,1,0,1,0,0,1,0,1,0,1,1,0,0
2024,11,5,17:41:41.566,37.56,95,119.7,0.8941,3065.4,1682.0,7.924,0.02,0.02,0.02,0.02,-965.0,352.0,-736.0,4713.0,11972,-18342,48.9,0.0,2388.0,0,0,0,e1f,d4e,d4a,d4a,d4a,1,1,1,1,1,0,0,0,0,1,1,1,0,0,1,1,1,0,0,1,0,1,0,1,1,0,0,0,1,0,1,0,0,1,0,1,0,1,1,0,0,0,1,0,1,0,0,1,0,1,0,1,1,0,0,0,1,0,1,0,0,1,0,1,0,1,1,0,0
2024,11,5,17:41:41.586,37.58,115,119.7,0.8941,3066.0,1682.6,7.924,0.02,0.02,0.02,0.02,-966.0,352.0,-736.0,4694.0,11979,-18357,48.0,0.0,2396.0,0,0,0,e1f,d4e,d4a,d4a,d4a,1,1,1,1,1,0,0,0,0,1,1,1,0,0,1,1,1,0,0,1,0,1,0,1,1,0,0,0,1,0,1,0,0,1,0,1,0,1,1,0,0,0,1,0,1,0,0,1,0,1,0,1,1,0,0,0,1,0,1,0,0,1,0,1,0,1,1,0,0
2024,11,5,17:41:41.606,37.60,135,119.7,0.8931,3094.5,1711.1,7.924,0.02,0.02,0.02,0.02,-968.0,352.0,-736.0,4674.0,11986,-18372,47.1,0.0,2404.0,0,0,0,e1f,d4e,d4a,d4a,d4a,1,1,1,1,1,0,0,0,0,1,1,1,0,0,1,1,1,0,0,1,0,1,0,1,1,0,0,0,1,0,1,0,0,1,0,1,0,1,1,0,0,0,1,0,1,0,0,1,0,1,0,1,1,0,0,0,1,0,1,0,0,1,0,1,0,1,1,0,0
2024,11,5,17:41:41.626,37.62,155,119.7,0.8931,3094.5,1711.1,7.924,0.02,0.02,0.02,0.02,-969.0,352.0,-737.0,4655.0,11993,-18386,46.2,0.0,2412.0,0,0,0,e1f,d4e,d4a,d4a,d4a,1,1,1,1,1,0,0,0,0,1,1,1,0,0,1,1,1,0,0,1,0,1,0,1,1,0,0,0,1,0,1,0,0,1,0,1,0,1,1,0,0,0,1,0,1,0,0,1,0,1,0,1,1,0,0,0,1,0,1,0,0,1,0,1,0,1,1,0,0
2024,11,5,17:41:41.646,37.64,175,119.7,0.8934,3086.6,1703.2,7.924,0.02,0.02,0.02,0.02,-970.0,352.0,-738.0,4635.0,12000,-18401,45.4,0.0,2421.0,0,0,0,e1f,d4e,d4a,d4a,d4a,1,1,1,1,1,0,0,0,0,1,1,1,0,0,1,1,1,0,0,1,0,1,0,1,1,0,0,0,1,0,1,0,0,1,0,1,0,1,1,0,0,0,1,0,1,0,0,1,0,1,0,1,1,0,0,0,1,0,1,0,0,1,0,1,0,1,1,0,0
2024,11,5,17:41:41.666,37.66,195,119.7,0.8934,3086.0,1702.6,7.926,0.02,0.02,0.02,0.02,-971.0,353.0,-738.0,4616.0,12007,-18416,44.8,0.0,2430.0,0,0,0,e1f,d4e,d4a,d4a,d4a,1,1,1,1,1,0,0,0,0,1,1,1,0,0,1,1,1,0,0,1,0,1,0,1,1,0,0,0,1,0,1,0,0,1,0,1,0,1,1,0,0,0,1,0,1,0,0,1,0,1,0,1,1,0,0,0,1,0,1,0,0,1,0,1,0,1,1,0,0
2024,11,5,17:41:41.686,37.68,215,119.7,0.8934,3084.8,1701.4,7.925,0.02,0.02,0.02,0.02,-972.0,353.0,-739.0,4597.0,12014,-18431,44.4,0.0,2439.0,0,0,0,e1f,d4e,d4a,d4a,d4a,1,1,1,1,1,0,0,0,0,1,1,1,0,0,1,1,1,0,0,1,0,1,0,1,1,0,0,0,1,0,1,0,0,1,0,1,0,1,1,0,0,0,1,0,1,0,0,1,0,1,0,1,1,0,0,0,1,0,1,0,0,1,0,1,0,1,1,0,0
2024,11,5,17:41:41.706,37.70,235,119.7,0.8934,3084.8,1701.4,7.926,0.02,0.02,0.02,0.02,-973.0,353.0,-739.0,4577.0,12021,-18446,44.2,0.0,2447.0,0,0,0,e1f,d4e,d4a,d4a,d4a,1,1,1,1,1,0,0,0,0,1,1,1,0,0,1,1,1,0,0,1,0,1,0,1,1,0,0,0,1,0,1,0,0,1,0,1,0,1,1,0,0,0,1,0,1,0,0,1,0,1,0,1,1,0,0,0,1,0,1,0,0,1,0,1,0,1,1,0,0
2024,11,5,17:41:41.726,37.72,5,119.7,0.8943,3058.1,1674.7,7.926,0.02,0.02,0.02,0.02,-975.0,354.0,-740.0,4558.0,12028,-18460,44.4,0.0,2455.0,0,0,0,e1f,d4e,d4a,d4a,d4a,1,1,1,1,1,0,0,0,0,1,1,1,0,0,1,1,1,0,0,1,0,1,0,1,1,0,0,0,1,0,1,0,0,1,0,1,0,1,1,0,0,0,1,0,1,0,0,1,0,1,0,1,1,0,0,0,1,0,1,0,0,1,0,1,0,1,1,0,0
2024,11,5,17:41:41.746,37.74,25,119.7,0.8943,3058.1,1674.7,7.924,0.02,0.02,0.02,0.02,-976.0,354.0,-740.0,4538.0,12035,-18475,45.2,0.0,2462.0,0,0,0,e1f,d4e,d4a,d4a,d4a,1,1,1,1,1,0,0,0,0,1,1,1,0,0,1,1,1,0,0,1,0,1,0,1,1,0,0,0,1,0,1,0,0,1,0,1,0,1,1,0,0,0,1,0,1,0,0,1,0,1,0,1,1,0,0,0,1,0,1,0,0,1,0,1,0,1,1,0,0
2024,11,5,17:41:41.766,37.76,45,119.7,0.8943,3058.1,1674.7,7.926,0.02,0.02,0.02,0.02,-978.0,354.0,-741.0,4519.0,12043,-18490,46.4,0.0,2469.0,0,0,0,e1f,d4e,d4a,d4a,d4a,1,1,1,1,1,0,0,0,0,1,1,1,0,0,1,1,1,0,0,1,0,1,0,1,1,0,0,0,1,0,1,0,0,1,0,1,0,1,1,0,0,0,1,0,1,0,0,1,0,1,0,1,1,0,0,0,1,0,1,0,0,1,0,1,0,1,1,0,0
2024,11,5,17:41:41.786,37.78,65,119.7,0.8943,3058.1,1674.7,7.925,0.02,0.02,0.02,0.02,-980.0,354.0,-741.0,4499.0,12050,-18505,48.1,0.0,2474.0,0,0,0,e1f,d4e,d4a,d4a,d4a,1,1,1,1,1,0,0,0,0,1,1,1,0,0,1,1,1,0,0,1,0,1,0,1,1,0,0,0,1,0,1,0,0,1,0,1,0,1,1,0,0,0,1,0,1,0,0,1,0,1,0,1,1,0,0,0,1,0,1,0,0,1,0,1,0,1,1,0,0
2024,11,5,17:41:41.806,37.80,85,119.7,0.8936,3080.5,1697.2,7.925,0.02,0.02,0.02,0.02,-981.0,354.0,-741.0,4479.0,12057,-18520,50.1,0.0,2480.0,0,0,0,e1f,d4e,d4a,d4a,d4a,1,1,1,1,1,0,0,0,0,1,1,1,0,0,1,1,1,0,0,1,0,1,0,1,1,0,0,0,1,0,1,0,0,1,0,1,0,1,1,0,0,0,1,0,1,0,0,1,0,1,0,1,1,0,0,0,1,0,1,0,0,1,0,1,0,1,1,0,0
2024,11,5,17:41:41.826,37.82,105,119.6,0.8936,3080.5,1697.2,7.924,0.02,0.02,0.02,0.02,-983.0,354.0,-741.0,4460.0,12064,-18535,52.0,0.0,2485.0,0,0,0,e1f,d4e,d4a,d4a,d4a,1,1,1,1,1,0,0,0,0,1,1,1,0,0,1,1,1,0,0,1,0,1,0,1,1,0,0,0,1,0,1,0,0,1,0,1,0,1,1,0,0,0,1,0,1,0,0,1,0,1,0,1,1,0,0,0,1,0,1,0,0,1,0,1,0,1,1,0,0
2024,11,5,17:41:41.846,37.84,125,119.6,0.8941,3064.8,1681.4,7.926,0.02,0.02,0.02,0.02,-984.0,354.0,-741.0,4440.0,12071,-18549,53.9,0.0,2490.0,0,0,0,e1f,d4e,d4a,d4a,d4a,1,1,1,1,1,0,0,0,0,1,1,1,0,0,1,1,1,0,0,1,0,1,0,1,1,0,0,0,1,0,1,0,0,1,0,1,0,1,1,0,0,0,1,0,1,0,0,1,0,1,0,1,1,0,0,0,1,0,1,0,0,1,0,1,0,1,1,0,0
2024,11,5,17:41:41.866,37.86,145,119.6,0.8941,3064.8,1681.4,7.925,0.02,0.02,0.02,0.02,-986.0,354.0,-741.0,4420.0,12078,-18564,56.0,0.0,2496.0,0,0,0,e1f,d4e,d4a,d4a,d4a,1,1,1,1,1,0,0,0,0,1,1,1,0,0,1,1,1,0,0,1,0,1,0,1,1,0,0,0,1,0,1,0,0,1,0,1,0,1,1,0,0,0,1,0,1,0,0,1,0,1,0,1,1,0,0,0,1,0,1,0,0,1,0,1,0,1,1,0,0
2024,11,5,17:41:41.886,37.88,165,119.6,0.8941,3064.8,1681.4,7.925,0.02,0.02,0.02,0.02,-987.0,354.0,-741.0,4401.0,12085,-18579,58.2,0.0,2501.0,0,0,0,e1f,d4e,d4a,d4a,d4a,1,1,1,1,1,0,0,0,0,1,1,1,0,0,1,1,1,0,0,1,0,1,0,1,1,0,0,0,1,0,1,0,0,1,0,1,0,1,1,0,0,0,1,0,1,0,0,1,0,1,0,1,1,0,0,0,1,0,1,0,0,1,0,1,0,1,1,0,0
2024,11,5,17:41:41.906,37.90,185,119.6,0.8941,3065.4,1682.0,7.926,0.02,0.02,0.02,0.02,-989.0,354.0,-741.0,4381.0,12092,-18594,60.3,0.0,2507.0,0,0,0,e1f,d4e,d4a,d4a,d4a,1,1,1,1,1,0,0,0,0,1,1,1,0,0,1,1,1,0,0,1,0,1,0,1,1,0,0,0,1,0,1,0,0,1,0,1,0,1,1,0,0,0,1,0,1,0,0,1,0,1,0,1,1,0,0,0,1,0,1,0,0,1,0,1,0,1,1,0,0
2024,11,5,17:41:41.926,37.92,205,119.6,0.8942,3061.8,1678.4,7.925,0.02,0.02,0.02,0.02,-990.0,353.0,-741.0,4361.0,12099,-18609,62.5,0.0,2513.0,0,0,0,e1f,d4e,d4a,d4a,d4a,1,1,1,1,1,0,0,0,0,1,1,1,0,0,1,1,1,0,0,1,0,1,0,1,1,0,0,0,1,0,1,0,0,1,0,1,0,1,1,0,0,0,1,0,1,0,0,1,0,1,0,1,1,0,0,0,1,0,1,0,0,1,0,1,0,1,1,0,0
2024,11,5,17:41:41.946,37.94,225,119.7,0.8942,3061.8,1678.4,7.925,0.02,0.02,0.02,0.02,-991.0,353.0,-741.0,4341.0,12106,-18623,64.5,0.0,2519.0,0,0,0,e1f,d4e,d4a,d4a,d4a,1,1,1,1,1,0,0,0,0,1,1,1,0,0,1,1,1,0,0,1,0,1,0,1,1,0,0,0,1,0,1,0,0,1,0,1,0,1,1,0,0,0,1,0,1,0,0,1,0,1,0,1,1,0,0,0,1,0,1,0,0,1,0,1,0,1,1,0,0
2024,11,5,17:41:41.966,37.96,245,119.7,0.8945,3053.9,1670.5,7.925,0.02,0.02,0.02,0.02,-993.0,353.0,-741.0,4321.0,12113,-18638,66.2,0.0,2524.0,0,0,0,e1f,d4e,d4a,d4a,d4a,1,1,1,1,1,0,0,0,0,1,1,1,0,0,1,1,1,0,0,1,0,1,0,1,1,0,0,0,1,0,1,0,0,1,0,1,0,1,1,0,0,0,1,0,1,0,0,1,0,1,0,1,1,0,0,0,1,0,1,0,0,1,0,1,0,1,1,0,0
2024,11,5,17:41:41.986,37.98,15,119.6,0.8944,3054.5,1671.1,7.926,0.02,0.02,0.02,0.02,-994.0,352.0,-741.0,4301.0,12120,-18653,67.8,0.0,2530.0,0,0,0,e1f,d4e,d4a,d4a,d4a,1,1,1,1,1,0,0,0,0,1,1,1,0,0,1,1,1,0,0,1,0,1,0,1,1,0,0,0,1,0,1,0,0,1,0,1,0,1,1,0,0,0,1,0,1,0,0,1,0,1,0,1,1,0,0,0,1,0,1,0,0,1,0,1,0,1,1,0,0
2024,11,5,17:41:42.006,38.00,35,119.6,0.8955,3023.0,1639.6,7.925,0.02,0.02,0.02,0.02,-996.0,352.0,-742.0,4282.0,12128,-18668,69.3,0.0,2534.0,0,0,0,e1f,d4e,d4a,d4a,d4a,1,1,1,1,1,0,0,0,0,1,1,1,0,0,1,1,1,0,0,1,0,1,0,1,1,0,0,0,1,0,1,0,0,1,0,1,0,1,1,0,0,0,1,0,1,0,0,1,0,1,0,1,1,0,0,0,1,0,1,0,0,1,0,1,0,1,1,0,0
2024,11,5,17:41:42.026,38.02,55,119.6,0.8955,3022.4,1639.0,7.926,0.02,0.02,0.02,0.02,-997.0,352.0,-742.0,4262.0,12135,-18683,70.7,0.0,2538.0,0,0,0,e1f,d4e,d4a,d4a,d4a,1,1,1,1,1,0,0,0,0,1,1,1,0,0,1,1,1,0,0,1,0,1,0,1,1,0,0,0,1,0,1,0,0,1,0,1,0,1,1,0,0,0,1,0,1,0,0,1,0,1,0,1,1,0,0,0,1,0,1,0,0,1,0,1,0,1,1,0,0
2024,11,5,17:41:42.046,38.04,75,119.6,0.8961,3003.6,1620.3,7.925,0.02,0.02,0.02,0.02,-998.0,352.0,-742.0,4242.0,12142,-18698,71.7,0.0,2542.0,0,0,0,e1f,d4e,d4a,d4a,d4a,1,1,1,1,1,0,0,0,0,1,1,1,0,0,1,1,1,0,0,1,0,1,0,1,1,0,0,0,1,0,1,0,0,1,0,1,0,1,1,0,0,0,1,0,1,0,0,1,0,1,0,1,1,0,0,0,1,0,1,0,0,1,0,1,0,1,1,0,0
2024,11,5,17:41:42.066,38.06,95,119.6,0.8961,3004.2,1620.9,7.923,0.02,0.02,0.02,0.02,-999.0,351.0,-742.0,4222.0,12149,-18713,72.3,0.0,2545.0,0,0,0,e1f,d4e,d4a,d4a,d4a,1,1,1,1,1,0,0,0,0,1,1,1,0,0,1,1,1,0,0,1,0,1,0,1,1,0,0,0,1,0,1,0,0,1,0,1,0,1,1,0,0,0,1,0,1,0,0,1,0,1,0,1,1,0,0,0,1,0,1,0,0,1,0,1,0,1,1,0,0
2024,11,5,17:41:42.086,38.08,115,119.6,0.8965,2993.4,1610.0,7.925,0.02,0.02,0.02,0.02,-1000.0,351.0,-742.0,4202.0,12156,-18727,72.6,0.0,2546.0,0,0,0,e1f,d4e,d4a,d4a,d4a,1,1,1,1,1,0,0,0,0,1,1,1,0,0,1,1,1,0,0,1,0,1,0,1,1,0,0,0,1,0,1,0,0,1,0,1,0,1,1,0,0,0,1,0,1,0,0,1,0,1,0,1,1,0,0,0,1,0,1,0,0,1,0,1,0,1,1,0,0
2024,11,5,17:41:42.106,38.10,135,119.6,0.8965,2992.8,1609.4,7.924,0.02,0.02,0.02,0.02,-1001.0,351.0,-743.0,4182.0,12163,-18742,72.8,0.0,2547.0,0,0,0,e1f,d4e,d4a,d4a,d4a,1,1,1,1,1,0,0,0,0,1,1,1,0,0,1,1,1,0,0,1,0,1,0,1,1,0,0,0,1,0,1,0,0,1,0,1,0,1,1,0,0,0,1,0,1,0,0,1,0,1,0,1,1,0,0,0,1,0,1,0,0,1,0,1,0,1,1,0,0
2024,11,5,17:41:42.126,38.12,155,119.6,0.8965,2992.8,1609.4,7.924,0.02,0.02,0.02,0.02,-1002.0,350.0,-743.0,4162.0,12170,-18757,72.8,0.0,2547.0,0,0,0,e1f,d4e,d4a,d4a,d4a,1,1,1,1,1,0,0,0,0,1,1,1,0,0,1,1,1,0,0,1,0,1,0,1,1,0,0,0,1,0,1,0,0,1,0,1,0,1,1,0,0,0,1,0,1,0,0,1,0,1,0,1,1,0,0,0,1,0,1,0,0,1,0,1,0,1,1,0,0
2024,11,5,17:41:42.146,38.14,175,119.6,0.8965,2992.8,1609.4,7.923,0.02,0.02,0.02,0.02,-1003.0,350.0,-744.0,4142.0,12177,-18772,72.6,0.0,2545.0,0,0,0,e1f,d4e,d4a,d4a,d4a,1,1,1,1,1,0,0,0,0,1,1,1,0,0,1,1,1,0,0,1,0,1,0,1,1,0,0,0,1,0,1,0,0,1,0,1,0,1,1,0,0,0,1,0,1,0,0,1,0,1,0,1,1,0,0,0,1,0,1,0,0,1,0,1,0,1,1,0,0
2024,11,5,17:41:42.166,38.16,195,119.6,0.8965,2992.8,1609.4,7.925,0.02,0.02,0.02,0.02,-1004.0,350.0,-745.0,4121.0,12184,-18787,71.0,0.0,2543.0,0,0,0,e1f,d4e,d4a,d4a,d4a,1,1,1,1,1,0,0,0,0,1,1,1,0,0,1,1,1,0,0,1,0,1,0,1,1,0,0,0,1,0,1,0,0,1,0,1,0,1,1,0,0,0,1,0,1,0,0,1,0,1,0,1,1,0,0,0,1,0,1,0,0,1,0,1,0,1,1,0,0
2024,11,5,17:41:42.186,38.18,215,119.6,0.8965,2992.8,1609.4,7.926,0.02,0.02,0.02,0.02,-1005.0,350.0,-746.0,4101.0,12191,-18802,68.3,0.0,2541.0,0,0,0,e1f,d4e,d4a,d4a,d4a,1,1,1,1,1,0,0,0,0,1,1,1,0,0,1,1,1,0,0,1,0,1,0,1,1,0,0,0,1,0,1,0,0,1,0,1,0,1,1,0,0,0,1,0,1,0,0,1,0,1,0,1,1,0,0,0,1,0,1,0,0,1,0,1,0,1,1,0,0
2024,11,5,17:41:42.206,38.20,235,119.6,0.8969,2978.9,1595.5,7.924,0.02,0.02,0.02,0.02,-1006.0,350.0,-746.0,4081.0,12198,-18817,65.2,0.0,2538.0,0,0,0,e1f,d4e,d4a,d4a,d4a,1,1,1,1,1,0,0,0,0,1,1,1,0,0,1,1,1,0,0,1,0,1,0,1,1,0,0,0,1,0,1,0,0,1,0,1,0,1,1,0,0,0,1,0,1,0,0,1,0,1,0,1,1,0,0,0,1,0,1,0,0,1,0,1,0,1,1,0,0
2024,11,5,17:41:42.226,38.22,5,119.6,0.8969,2978.9,1595.5,7.924,0.02,0.02,0.02,0.02,-1007.0,350.0,-747.0,4061.0,12205,-18832,61.9,0.0,2534.0,0,0,0,e1f,d4e,d4a,d4a,d4a,1,1,1,1,1,0,0,0,0,1,1,1,0,0,1,1,1,0,0,1,0,1,0,1,1,0,0,0,1,0,1,0,0,1,0,1,0,1,1,0,0,0,1,0,1,0,0,1,0,1,0,1,1,0,0,0,1,0,1,0,0,1,0,1,0,1,1,0,0
2024,11,5,17:41:42.246,38.24,25,119.6,0.8962,3000.6,1617.2,7.925,0.02,0.02,0.02,0.02,-1009.0,350.0,-748.0,4041.0,12212,-18847,58.7,0.0,2530.0,0,0,0,e1f,d4e,d4a,d4a,d4a,1,1,1,1,1,0,0,0,0,1,1,1,0,0,1,1,1,0,0,1,0,1,0,1,1,0,0,0,1,0,1,0,0,1,0,1,0,1,1,0,0,0,1,0,1,0,0,1,0,1,0,1,1,0,0,0,1,0,1,0,0,1,0,1,0,1,1,0,0
2024,11,5,17:41:42.266,38.26,45,119.6,0.8962,3001.2,1617.8,7.924,0.02,0.02,0.02,0.02,-1010.0,350.0,-749.0,4021.0,12219,-18862,55.9,0.0,2524.0,0,0,0,e1f,d4e,d4a,d4a,d4a,1,1,1,1,1,0,0,0,0,1,1,1,0,0,1,1,1,0,0,1,0,1,0,1,1,0,0,0,1,0,1,0,0,1,0,1,0,1,1,0,0,0,1,0,1,0,0,1,0,1,0,1,1,0,0,0,1,0,1,0,0,1,0,1,0,1,1,0,0
2024,11,5,17:41:42.286,38.28,65,119.6,0.8967,2987.3,1603.9,7.925,0.02,0.02,0.02,0.02,-1012.0,351.0,-749.0,4000.0,12226,-18877,53.4,0.0,2518.0,0,0,0,e1f,d4e,d4a,d4a,d4a,1,1,1,1,1,0,0,0,0,1,1,1,0,0,1,1,1,0,0,1,0,1,0,1,1,0,0,0,1,0,1,0,0,1,0,1,0,1,1,0,0,0,1,0,1,0,0,1,0,1,0,1,1,0,0,0,1,0,1,0,0,1,0,1,0,1,1,0,0
2024,11,5,17:41:42.306,38.30,85,119.6,0.8967,2986.7,1603.3,7.925,0.02,0.02,0.02,0.02,-1013.0,351.0,-749.0,3980.0,12233,-18892,50.9,0.0,2512.0,0,0,0,e1f,d4e,d4a,d4a,d4a,1,1,1,1,1,0,0,0,0,1,1,1,0,0,1,1,1,0,0,1,0,1,0,1,1,0,0,0,1,0,1,0,0,1,0,1,0,1,1,0,0,0,1,0,1,0,0,1,0,1,0,1,1,0,0,0,1,0,1,0,0,1,0,1,0,1,1,0,0
2024,11,5,17:41:42.326,38.32,105,119.6,0.8968,2983.7,1600.3,7.925,0.02,0.02,0.02,0.02,-1014.0,352.0,-749.0,3960.0,12240,-18907,47.9,0.0,2505.0,0,0,0,e1f,d4e,d4a,d4a,d4a,1,1,1,1,1,0,0,0,0,1,1,1,0,0,1,1,1,0,0,1,0,1,0,1,1,0,0,0,1,0,1,0,0,1,0,1,0,1,1,0,0,0,1,0,1,0,0,1,0,1,0,1,1,0,0,0,1,0,1,0,0,1,0,1,0,1,1,0,0
2024,11,5,17:41:42.346,38.34,125,119.6,0.8968,2984.3,1600.9,7.925,0.02,0.02,0.02,0.02,-1015.0,353.0,-749.0,3940.0,12247,-18922,44.7,0.0,2499.0,0,0,0,e1f,d4e,d4a,d4a,d4a,1,1,1,1,1,0,0,0,0,1,1,1,0,0,1,1,1,0,0,1,0,1,0,1,1,0,0,0,1,0,1,0,0,1,0,1,0,1,1,0,0,0,1,0,1,0,0,1,0,1,0,1,1,0,0,0,1,0,1,0,0,1,0,1,0,1,1,0,0
2024,11,5,17:41:42.366,38.36,145,119.6,0.8964,2996.4,1613.0,7.924,0.02,0.02,0.02,0.02,-1016.0,353.0,-749.0,3919.0,12254,-18937,41.2,0.0,2492.0,0,0,0,e1f,d4e,d4a,d4a,d4a,1,1,1,1,1,0,0,0,0,1,1,1,0,0,1,1,1,0,0,1,0,1,0,1,1,0,0,0,1,0,1,0,0,1,0,1,0,1,1,0,0,0,1,0,1,0,0,1,0,1,0,1,1,0,0,0,1,0,1,0,0,1,0,1,0,1,1,0,0
2024,11,5,17:41:42.386,38.38,165,119.6,0.8963,2997.0,1613.6,7.924,0.02,0.02,0.02,0.02,-1017.0,354.0,-749.0,3899.0,12261,-18952,37.6,0.0,2484.0,0,0,0,e1f,d4e,d4a,d4a,d4a,1,1,1,1,1,0,0,0,0,1,1,1,0,0,1,1,1,0,0,1,0,1,0,1,1,0,0,0,1,0,1,0,0,1,0,1,0,1,1,0,0,0,1,0,1,0,0,1,0,1,0,1,1,0,0,0,1,0,1,0,0,1,0,1,0,1,1,0,0
2024,11,5,17:41:42.406,38.40,185,119.6,0.8969,2981.3,1597.9,7.925,0.02,0.02,0.02,0.02,-1018.0,354.0,-749.0,3879.0,12268,-18967,33.6,0.0,2477.0,0,0,0,e1f,d4e,d4a,d4a,d4a,1,1,1,1,1,0,0,0,0,1,1,1,0,0,1,1,1,0,0,1,0,1,0,1,1,0,0,0,1,0,1,0,0,1,0,1,0,1,1,0,0,0,1,0,1,0,0,1,0,1,0,1,1,0,0,0,1,0,1,0,0,1,0,1,0,1,1,0,0
2024,11,5,17:41:42.426,38.42,205,119.6,0.8968,2981.9,1598.5,7.925,0.02,0.02,0.02,0.02,-1020.0,354.0,-748.0,3858.0,12275,-18982,29.3,0.0,2470.0,0,0,0,e1f,d4e,d4a,d4a,d4a,1,1,1,1,1,0,0,0,0,1,1,1,0,0,1,1,1,0,0,1,0,1,0,1,1,0,0,0,1,0,1,0,0,1,0,1,0,1,1,0,0,0,1,0,1,0,0,1,0,1,0,1,1,0,0,0,1,0,1,0,0,1,0,1,0,1,1,0,0
2024,11,5,17:41:42.446,38.44,225,119.6,0.8965,2992.8,1609.4,7.925,0.02,0.02,0.02,0.02,-1021.0,354.0,-748.0,3838.0,12282,-18997,25.2,0.0,2462.0,0,0,0,e1f,d4e,d4a,d4a,d4a,1,1,1,1,1,0,0,0,0,1,1,1,0,0,1,1,1,0,0,1,0,1,0,1,1,0,0,0,1,0,1,0,0,1,0,1,0,1,1,0,0,0,1,0,1,0,0,1,0,1,0,1,1,0,0,0,1,0,1,0,0,1,0,1,0,1,1,0,0
2024,11,5,17:41:42.466,38.46,245,119.6,0.8965,2992.8,1609.4,7.925,0.02,0.02,0.02,0.02,-1023.0,354.0,-748.0,3817.0,12289,-19012,21.4,0.0,2454.0,0,0,0,e1f,d4e,d4a,d4a,d4a,1,1,1,1,1,0,0,0,0,1,1,1,0,0,1,1,1,0,0,1,0,1,0,1,1,0,0,0,1,0,1,0,0,1,0,1,0,1,1,0,0,0,1,0,1,0,0,1,0,1,0,1,1,0,0,0,1,0,1,0,0,1,0,1,0,1,1,0,0
2024,11,5,17:41:42.486,38.48,15,119.6,0.8970,2978.2,1594.9,7.925,0.02,0.02,0.02,0.02,-1024.0,355.0,-748.0,3797.0,12297,-19026,17.5,0.0,2447.0,0,0,0,e1f,d4e,d4a,d4a,d4a,1,1,1,1,1,0,0,0,0,1,1,1,0,0,1,1,1,0,0,1,0,1,0,1,1,0,0,0,1,0,1,0,0,1,0,1,0,1,1,0,0,0,1,0,1,0,0,1,0,1,0,1,1,0,0,0,1,0,1,0,0,1,0,1,0,1,1,0,0
2024,11,5,17:41:42.506,38.50,35,119.6,0.8969,2978.9,1595.5,7.923,0.02,0.02,0.02,0.02,-1025.0,355.0,-748.0,3776.0,12304,-19041,14.5,0.0,2438.0,0,0,0,e1f,d4e,d4a,d4a,d4a,1,1,1,1,1,0,0,0,0,1,1,1,0,0,1,1,1,0,0,1,0,1,0,1,1,0,0,0,1,0,1,0,0,1,0,1,0,1,1,0,0,0,1,0,1,0,0,1,0,1,0,1,1,0,0,0,1,0,1,0,0,1,0,1,0,1,1,0,0
2024,11,5,17:41:42.526,38.52,55,119.6,0.8970,2977.0,1593.6,7.924,0.02,0.02,0.02,0.02,-1027.0,355.0,-748.0,3756.0,12311,-19056,14.2,0.0,2430.0,0,0,0,e1f,d4e,d4a,d4a,d4e,1,1,1,1,1,0,0,0,0,1,1,1,0,0,1,1,1,0,0,1,0,1,0,1,1,0,0,0,1,0,1,0,0,1,0,1,0,1,1,0,0,0,1,0,1,0,0,1,0,1,0,1,1,0,0,0,1,1,1,0,0,1,0,1,0,1,1,0,0
2024,11,5,17:41:42.546,38.54,75,119.6,0.8970,2977.0,1593.6,7.924,0.02,0.02,0.02,0.02,-1028.0,355.0,-748.0,3735.0,12318,-19071,17.1,0.0,2421.0,0,0,0,e1f,d4e,d4a,d4a,d4e,1,1,1,1,1,0,0,0,0,1,1,1,0,0,1,1,1,0,0,1,0,1,0,1,1,0,0,0,1,0,1,0,0,1,0,1,0,1,1,0,0,0,1,0,1,0,0,1,0,1,0,1,1,0,0,0,1,1,1,0,0,1,0,1,0,1,1,0,0
2024,11,5,17:41:42.566,38.56,95,119.6,0.8969,2980.1,1596.7,7.923,0.02,0.02,0.02,0.02,-1030.0,354.0,-748.0,3715.0,12325,-19086,21.7,0.0,2413.0,0,0,0,e1f,d4e,d4a,d4a,d4a,1,1,1,1,1,0,0,0,0,1,1,1,0,0,1,1,1,0,0,1,0,1,0,1,1,0,0,0,1,0,1,0,0,1,0,1,0,1,1,0,0,0,1,0,1,0,0,1,0,1,0,1,1,0,0,0,1,0,1,0,0,1,0,1,0,1,1,0,0
2024,11,5,17:41:42.586,38.58,115,119.6,0.8969,2980.1,1596.7,7.925,0.02,0.02,0.02,0.02,-1031.0,354.0,-748.0,3694.0,12332,-19101,26.8,0.0,2404.0,0,0,0,e1f,d4e,d4a,d4a,d4a,1,1,1,1,1,0,0,0,0,1,1,1,0,0,1,1,1,0,0,1,0,1,0,1,1,0,0,0,1,0,1,0,0,1,0,1,0,1,1,0,0,0,1,0,1,0,0,1,0,1,0,1,1,0,0,0,1,0,1,0,0,1,0,1,0,1,1,0,0
2024,11,5,17:41:42.606,38.60,135,119.6,0.8976,2958.3,1574.9,7.924,0.02,0.02,0.02,0.02,-1032.0,354.0,-748.0,3673.0,12339,-19116,31.6,0.0,2396.0,0,0,0,e1f,d4e,d4a,d4a,d4a,1,1,1,1,1,0,0,0,0,1,1,1,0,0,1,1,1,0,0,1,0,1,0,1,1,0,0,0,1,0,1,0,0,1,0,1,0,1,1,0,0,0,1,0,1,0,0,1,0,1,0,1,1,0,0,0,1,0,1,0,0,1,0,1,0,1,1,0,0
2024,11,5,17:41:42.626,38.62,155,119.6,0.8976,2958.3,1574.9,7.925,0.02,0.02,0.02,0.02,-1033.0,353.0,-748.0,3653.0,12346,-19131,36.2,0.0,2387.0,0,0,0,e1f,d4e,d4a,d4a,d4a,1,1,1,1,1,0,0,0,0,1,1,1,0,0,1,1,1,0,0,1,0,1,0,1,1,0,0,0,1,0,1,0,0,1,0,1,0,1,1,0,0,0,1,0,1,0,0,1,0,1,0,1,1,0,0,0,1,0,1,0,0,1,0,1,0,1,1,0,0
2024,11,5,17:41:42.646,38.64,175,119.6,0.8975,2963.1,1579.8,7.923,0.02,0.02,0.02,0.02,-1034.0,353.0,-748.0,3632.0,12353,-19146,40.4,0.0,2379.0,0,0,0,e1f,d4e,d4a,d4a,d4a,1,1,1,1,1,0,0,0,0,1,1,1,0,0,1,1,1,0,0,1,0,1,0,1,1,0,0,0,1,0,1,0,0,1,0,1,0,1,1,0,0,0,1,0,1,0,0,1,0,1,0,1,1,0,0,0,1,0,1,0,0,1,0,1,0,1,1,0,0
2024,11,5,17:41:42.666,38.66,195,119.6,0.8975,2963.1,1579.8,7.924,0.02,0.02,0.02,0.02,-1035.0,353.0,-749.0,3611.0,12360,-19161,44.1,0.0,2371.0,0,0,0,e1f,d4e,d4a,d4a,d4a,1,1,1,1,1,0,0,0,0,1,1,1,0,0,1,1,1,0,0,1,0,1,0,1,1,0,0,0,1,0,1,0,0,1,0,1,0,1,1,0,0,0,1,0,1,0,0,1,0,1,0,1,1,0,0,0,1,0,1,0,0,1,0,1,0,1,1,0,0
2024,11,5,17:41:42.686,38.68,215,119.6,0.8969,2978.9,1595.5,7.925,0.02,0.02,0.02,0.02,-1036.0,352.0,-749.0,3591.0,12367,-19176,47.4,0.0,2363.0,0,0,0,e1f,d4e,d4a,d4a,d4a,1,1,1,1,1,0,0,0,0,1,1,1,0,0,1,1,1,0,0,1,0,1,0,1,1,0,0,0,1,0,1,0,0,1,0,1,0,1,1,0,0,0,1,0,1,0,0,1,0,1,0,1,1,0,0,0,1,0,1,0,0,1,0,1,0,1,1,0,0
2024,11,5,17:41:42.706,38.70,235,119.6,0.8969,2979.5,1596.1,7.925,0.02,0.02,0.02,0.02,-1037.0,352.0,-749.0,3570.0,12374,-19191,50.5,0.0,2355.0,0,0,0,e1f,d4e,d4a,d4a,d4a,1,1,1,1,1,0,0,0,0,1,1,1,0,0,1,1,1,0,0,1,0,1,0,1,1,0,0,0,1,0,1,0,0,1,0,1,0,1,1,0,0,0,1,0,1,0,0,1,0,1,0,1,1,0,0,0,1,0,1,0,0,1,0,1,0,1,1,0,0
2024,11,5,17:41:42.726,38.72,5,119.6,0.8973,2966.8,1583.4,7.924,0.02,0.02,0.02,0.02,-1038.0,352.0,-750.0,3549.0,12382,-19206,52.9,0.0,2347.0,0,0,0,e1f,d4e,d4a,d4a,d4a,1,1,1,1,1,0,0,0,0,1,1,1,0,0,1,1,1,0,0,1,0,1,0,1,1,0,0,0,1,0,1,0,0,1,0,1,0,1,1,0,0,0,1,0,1,0,0,1,0,1,0,1,1,0,0,0,1,0,1,0,0,1,0,1,0,1,1,0,0
2024,11,5,17:41:42.746,38.74,25,119.6,0.8974,2966.2,1582.8,7.926,0.02,0.02,0.02,0.02,-1039.0,352.0,-750.0,3528.0,12389,-19221,54.6,0.0,2340.0,0,0,0,e1f,d4e,d4a,d4a,d4a,1,1,1,1,1,0,0,0,0,1,1,1,0,0,1,1,1,0,0,1,0,1,0,1,1,0,0,0,1,0,1,0,0,1,0,1,0,1,1,0,0,0,1,0,1,0,0,1,0,1,0,1,1,0,0,0,1,0,1,0,0,1,0,1,0,1,1,0,0
2024,11,5,17:41:42.766,38.76,45,119.6,0.8977,2955.3,1571.9,7.925,0.02,0.02,0.02,0.02,-1039.0,352.0,-750.0,3508.0,12396,-19236,55.3,0.0,2332.0,0,0,0,e1f,d4e,d4a,d4a,d4a,1,1,1,1,1,0,0,0,0,1,1,1,0,0,1,1,1,0,0,1,0,1,0,1,1,0,0,0,1,0,1,0,0,1,0,1,0,1,1,0,0,0,1,0,1,0,0,1,0,1,0,1,1,0,0,0,1,0,1,0,0,1,0,1,0,1,1,0,0
2024,11,5,17:41:42.786,38.78,65,119.6,0.8977,2955.3,1571.9,7.924,0.02,0.02,0.02,0.02,-1040.0,352.0,-751.0,3487.0,12403,-19251,55.0,0.0,2325.0,0,0,0,e1f,d4e,d4a,d4a,d4a,1,1,1,1,1,0,0,0,0,1,1,1,0,0,1,1,1,0,0,1,0,1,0,1,1,0,0,0,1,0,1,0,0,1,0,1,0,1,1,0,0,0,1,0,1,0,0,1,0,1,0,1,1,0,0,0,1,0,1,0,0,1,0,1,0,1,1,0,0
2024,11,5,17:41:42.806,38.80,85,119.6,0.8979,2949.2,1565.9,7.924,0.02,0.02,0.02,0.02,-1041.0,352.0,-751.0,3466.0,12410,-19266,54.0,0.0,2318.0,0,0,0,e1f,d4e,d4a,d4a,d4a,1,1,1,1,1,0,0,0,0,1,1,1,0,0,1,1,1,0,0,1,0,1,0,1,1,0,0,0,1,0,1,0,0,1,0,1,0,1,1,0,0,0,1,0,1,0,0,1,0,1,0,1,1,0,0,0,1,0,1,0,0,1,0,1,0,1,1,0,0
2024,11,5,17:41:42.826,38.82,105,119.6,0.8979,2949.2,1565.9,7.924,0.02,0.02,0.02,0.02,-1041.0,352.0,-752.0,3445.0,12417,-19281,52.4,0.0,2311.0,0,0,0,e1f,d4e,d4a,d4a,d4a,1,1,1,1,1,0,0,0,0,1,1,1,0,0,1,1,1,0,0,1,0,1,0,1,1,0,0,0,1,0,1,0,0,1,0,1,0,1,1,0,0,0,1,0,1,0,0,1,0,1,0,1,1,0,0,0,1,0,1,0,0,1,0,1,0,1,1,0,0
2024,11,5,17:41:42.846,38.84,125,119.6,0.8982,2940.2,1556.8,7.925,0.02,0.02,0.02,0.02,-1042.0,353.0,-752.0,3424.0,12424,-19296,50.3,0.0,2303.0,0,0,0,e1f,d4e,d4a,d4a,d4a,1,1,1,1,1,0,0,0,0,1,1,1,0,0,1,1,1,0,0,1,0,1,0,1,1,0,0,0,1,0,1,0,0,1,0,1,0,1,1,0,0,0,1,0,1,0,0,1,0,1,0,1,1,0,0,0,1,0,1,0,0,1,0,1,0,1,1,0,0
2024,11,5,17:41:42.866,38.86,145,119.6,0.8982,2939.6,1556.2,7.925,0.02,0.02,0.02,0.02,-1044.0,353.0,-753.0,3403.0,12431,-19311,47.8,0.0,2297.0,0,0,0,e1f,d4e,d4a,d4a,d4a,1,1,1,1,1,0,0,0,0,1,1,1,0,0,1,1,1,0,0,1,0,1,0,1,1,0,0,0,1,0,1,0,0,1,0,1,0,1,1,0,0,0,1,0,1,0,0,1,0,1,0,1,1,0,0,0,1,0,1,0,0,1,0,1,0,1,1,0,0
2024,11,5,17:41:42.886,38.88,165,119.6,0.8986,2928.7,1545.3,7.925,0.02,0.02,0.02,0.02,-1045.0,353.0,-753.0,3382.0,12438,-19326,44.9,0.0,2290.0,0,0,0,e1f,d4e,d4a,d4a,d4a,1,1,1,1,1,0,0,0,0,1,1,1,0,0,1,1,1,0,0,1,0,1,0,1,1,0,0,0,1,0,1,0,0,1,0,1,0,1,1,0,0,0,1,0,1,0,0,1,0,1,0,1,1,0,0,0,1,0,1,0,0,1,0,1,0,1,1,0,0
2024,11,5,17:41:42.906,38.90,185,119.6,0.8986,2929.3,1545.9,7.924,0.02,0.02,0.02,0.02,-1046.0,354.0,-754.0,3362.0,12445,-19342,41.4,0.0,2284.0,0,0,0,e1f,d4e,d4a,d4a,d4a,1,1,1,1,1,0,0,0,0,1,1,1,0,0,1,1,1,0,0,1,0,1,0,1,1,0,0,0,1,0,1,0,0,1,0,1,0,1,1,0,0,0,1,0,1,0,0,1,0,1,0,1,1,0,0,0,1,0,1,0,0,1,0,1,0,1,1,0,0
2024,11,5,17:41:42.926,38.92,205,119.6,0.8987,2925.7,1542.3,7.925,0.02,0.02,0.02,0.02,-1047.0,354.0,-754.0,3341.0,12452,-19357,37.3,0.0,2278.0,0,0,0,e1f,d4e,d4a,d4a,d4a,1,1,1,1,1,0,0,0,0,1,1,1,0,0,1,1,1,0,0,1,0,1,0,1,1,0,0,0,1,0,1,0,0,1,0,1,0,1,1,0,0,0,1,0,1,0,0,1,0,1,0,1,1,0,0,0,1,0,1,0,0,1,0,1,0,1,1,0,0
2024,11,5,17:41:42.946,38.94,225,119.6,0.8987,2925.7,1542.3,7.925,0.02,0.02,0.02,0.02,-1048.0,354.0,-755.0,3320.0,12459,-19372,33.1,0.0,2272.0,0,0,0,e1f,d4e,d4a,d4a,d4a,1,1,1,1,1,0,0,0,0,1,1,1,0,0,1,1,1,0,0,1,0,1,0,1,1,0,0,0,1,0,1,0,0,1,0,1,0,1,1,0,0,0,1,0,1,0,0,1,0,1,0,1,1,0,0,0,1,0,1,0,0,1,0,1,0,1,1,0,0
2024,11,5,17:41:42.966,38.96,245,119.6,0.8997,2896.2,1512.8,7.925,0.02,0.02,0.02,0.02,-1049.0,355.0,-755.0,3299.0,12466,-19387,28.9,0.0,2266.0,0,0,0,e1f,d4e,d4a,d4a,d4a,1,1,1,1,1,0,0,0,0,1,1,1,0,0,1,1,1,0,0,1,0,1,0,1,1,0,0,0,1,0,1,0,0,1,0,1,0,1,1,0,0,0,1,0,1,0,0,1,0,1,0,1,1,0,0,0,1,0,1,0,0,1,0,1,0,1,1,0,0
2024,11,5,17:41:42.986,38.98,15,119.6,0.8997,2895.5,1512.2,7.924,0.02,0.02,0.02,0.02,-1051.0,355.0,-755.0,3278.0,12473,-19402,24.4,0.0,2261.0,0,0,0,e1f,d4e,d4a,d4a,d4a,1,1,1,1,1,0,0,0,0,1,1,1,0,0,1,1,1,0,0,1,0,1,0,1,1,0,0,0,1,0,1,0,0,1,0,1,0,1,1,0,0,0,1,0,1,0,0,1,0,1,0,1,1,0,0,0,1,0,1,0,0,1,0,1,0,1,1,0,0
2024,11,5,17:41:43.006,39.00,35,119.6,0.9001,2884.7,1501.3,7.925,0.02,0.02,0.02,0.02,-1052.0,356.0,-755.0,3257.0,12481,-19417,20.1,0.0,2256.0,0,0,0,e1f,d4e,d4a,d4a,d4a,1,1,1,1,1,0,0,0,0,1,1,1,0,0,1,1,1,0,0,1,0,1,0,1,1,0,0,0,1,0,1,0,0,1,0,1,0,1,1,0,0,0,1,0,1,0,0,1,0,1,0,1,1,0,0,0,1,0,1,0,0,1,0,1,0,1,1,0,0
2024,11,5,17:41:43.026,39.02,55,119.6,0.9000,2885.3,1501.9,7.925,0.02,0.02,0.02,0.02,-1053.0,356.0,-756.0,3236.0,12488,-19432,16.1,0.0,2251.0,0,0,0,e1f,d4e,d4a,d4a,d4a,1,1,1,1,1,0,0,0,0,1,1,1,0,0,1,1,1,0,0,1,0,1,0,1,1,0,0,0,1,0,1,0,0,1,0,1,0,1,1,0,0,0,1,0,1,0,0,1,0,1,0,1,1,0,0,0,1,0,1,0,0,1,0,1,0,1,1,0,0
2024,11,5,17:41:43.046,39.04,75,119.6,0.9003,2877.5,1494.1,7.924,0.02,0.02,0.02,0.02,-1054.0,356.0,-756.0,3214.0,12495,-19447,12.4,0.0,2247.0,0,0,0,e1f,d4e,d4a,d4a,d4a,1,1,1,1,1,0,0,0,0,1,1,1,0,0,1,1,1,0,0,1,0,1,0,1,1,0,0,0,1,0,1,0,0,1,0,1,0,1,1,0,0,0,1,0,1,0,0,1,0,1,0,1,1,0,0,0,1,0,1,0,0,1,0,1,0,1,1,0,0
2024,11,5,17:41:43.066,39.06,95,119.6,0.9003,2876.9,1493.5,7.925,0.02,0.02,0.02,0.02,-1055.0,357.0,-756.0,3193.0,12502,-19462,8.5,0.0,2243.0,0,0,0,e1f,d4e,d4a,d4a,d4e,1,1,1,1,1,0,0,0,0,1,1,1,0,0,1,1,1,0,0,1,0,1,0,1,1,0,0,0,1,0,1,0,0,1,0,1,0,1,1,0,0,0,1,0,1,0,0,1,0,1,0,1,1,0,0,0,1,1,1,0,0,1,0,1,0,1,1,0,0
2024,11,5,17:41:43.086,39.08,115,119.6,0.8997,2894.3,1511.0,7.924,0.02,0.02,0.02,0.02,-1056.0,357.0,-755.0,3172.0,12509,-19478,4.5,0.0,2239.0,0,0,0,e1f,d46,d42,d42,d46,1,1,1,1,1,0,0,0,0,1,1,1,0,0,1,1,0,0,0,1,0,1,0,1,1,0,0,0,1,0,0,0,0,1,0,1,0,1,1,0,0,0,1,0,0,0,0,1,0,1,0,1,1,0,0,0,1,1,0,0,0,1,0,1,0,1,1,0,0
2024,11,5,17:41:43.106,39.10,135,119.6,0.8997,2894.3,1511.0,7.924,0.02,0.02,0.02,0.02,-1057.0,358.0,-755.0,3151.0,12516,-19493,1.8,0.0,2236.0,0,0,0,e1f,d46,d46,d46,d46,1,1,1,1,1,0,0,0,0,1,1,1,0,0,1,1,0,0,0,1,0,1,0,1,1,0,0,0,1,1,0,0,0,1,0,1,0,1,1,0,0,0,1,1,0,0,0,1,0,1,0,1,1,0,0,0,1,1,0,0,0,1,0,1,0,1,1,0,0
2024,11,5,17:41:43.126,39.12,155,119.6,0.8998,2892.5,1509.1,7.924,0.02,0.02,0.02,0.02,-1058.0,358.0,-755.0,3130.0,12523,-19508,5.6,0.0,2234.0,0,0,0,e1f,d46,d46,d46,d46,1,1,1,1,1,0,0,0,0,1,1,1,0,0,1,1,0,0,0,1,0,1,0,1,1,0,0,0,1,1,0,0,0,1,0,1,0,1,1,0,0,0,1,1,0,0,0,1,0,1,0,1,1,0,0,0,1,1,0,0,0,1,0,1,0,1,1,0,0
2024,11,5,17:41:43.146,39.14,175,119.6,0.8998,2892.5,1509.1,7.924,0.02,0.02,0.02,0.02,-1060.0,359.0,-756.0,3109.0,12531,-19523,10.9,0.0,2232.0,0,0,0,e1f,d46,d46,d46,d46,1,1,1,1,1,0,0,0,0,1,1,1,0,0,1,1,0,0,0,1,0,1,0,1,1,0,0,0,1,1,0,0,0,1,0,1,0,1,1,0,0,0,1,1,0,0,0,1,0,1,0,1,1,0,0,0,1,1,0,0,0,1,0,1,0,1,1,0,0
2024,11,5,17:41:43.166,39.16,195,119.6,0.8996,2899.2,1515.8,7.923,0.02,0.02,0.02,0.02,-1061.0,359.0,-756.0,3088.0,12538,-19538,16.7,0.0,2230.0,0,0,0,e1f,d46,d42,d42,d46,1,1,1,1,1,0,0,0,0,1,1,1,0,0,1,1,0,0,0,1,0,1,0,1,1,0,0,0,1,0,0,0,0,1,0,1,0,1,1,0,0,0,1,0,0,0,0,1,0,1,0,1,1,0,0,0,1,1,0,0,0,1,0,1,0,1,1,0,0
2024,11,5,17:41:43.186,39.18,215,119.6,0.8996,2899.2,1515.8,7.924,0.02,0.02,0.02,0.02,-1062.0,359.0,-756.0,3066.0,12545,-19553,22.7,0.0,2229.0,0,0,0,e1f,d4e,d4a,d4a,d4a,1,1,1,1,1,0,0,0,0,1,1,1,0,0,1,1,1,0,0,1,0,1,0,1,1,0,0,0,1,0,1,0,0,1,0,1,0,1,1,0,0,0,1,0,1,0,0,1,0,1,0,1,1,0,0,0,1,0,1,0,0,1,0,1,0,1,1,0,0
2024,11,5,17:41:43.206,39.20,235,119.6,0.8994,2905.8,1522.4,7.924,0.02,0.02,0.02,0.02,-1064.0,359.0,-756.0,3045.0,12552,-19568,28.9,0.0,2228.0,0,0,0,e1f,d4e,d4a,d4a,d4a,1,1,1,1,1,0,0,0,0,1,1,1,0,0,1,1,1,0,0,1,0,1,0,1,1,0,0,0,1,0,1,0,0,1,0,1,0,1,1,0,0,0,1,0,1,0,0,1,0,1,0,1,1,0,0,0,1,0,1,0,0,1,0,1,0,1,1,0,0
2024,11,5,17:41:43.226,39.22,5,119.6,0.8994,2905.2,1521.8,7.925,0.02,0.02,0.02,0.02,-1065.0,360.0,-756.0,3024.0,12559,-19583,35.2,0.0,2227.0,0,0,0,e1f,d4e,d4a,d4a,d4a,1,1,1,1,1,0,0,0,0,1,1,1,0,0,1,1,1,0,0,1,0,1,0,1,1,0,0,0,1,0,1,0,0,1,0,1,0,1,1,0,0,0,1,0,1,0,0,1,0,1,0,1,1,0,0,0,1,0,1,0,0,1,0,1,0,1,1,0,0
2024,11,5,17:41:43.246,39.24,25,119.6,0.8992,2910.0,1526.6,7.925,0.02,0.02,0.02,0.02,-1067.0,360.0,-757.0,3002.0,12567,-19599,41.4,0.0,2226.0,0,0,0,e1f,d4e,d4a,d4a,d4a,1,1,1,1,1,0,0,0,0,1,1,1,0,0,1,1,1,0,0,1,0,1,0,1,1,0,0,0,1,0,1,0,0,1,0,1,0,1,1,0,0,0,1,0,1,0,0,1,0,1,0,1,1,0,0,0,1,0,1,0,0,1,0,1,0,1,1,0,0
2024,11,5,17:41:43.266,39.26,45,119.6,0.8992,2910.0,1526.6,7.924,0.02,0.02,0.02,0.02,-1068.0,360.0,-757.0,2981.0,12574,-19614,47.5,0.0,2226.0,0,0,0,e1f,d4e,d4a,d4a,d4a,1,1,1,1,1,0,0,0,0,1,1,1,0,0,1,1,1,0,0,1,0,1,0,1,1,0,0,0,1,0,1,0,0,1,0,1,0,1,1,0,0,0,1,0,1,0,0,1,0,1,0,1,1,0,0,0,1,0,1,0,0,1,0,1,0,1,1,0,0
2024,11,5,17:41:43.286,39.28,65,119.6,0.8990,2917.9,1534.5,7.924,0.02,0.02,0.02,0.02,-1070.0,360.0,-757.0,2960.0,12581,-19629,53.2,0.0,2225.0,0,0,0,e1f,d4e,d4a,d4a,d4a,1,1,1,1,1,0,0,0,0,1,1,1,0,0,1,1,1,0,0,1,0,1,0,1,1,0,0,0,1,0,1,0,0,1,0,1,0,1,1,0,0,0,1,0,1,0,0,1,0,1,0,1,1,0,0,0,1,0,1,0,0,1,0,1,0,1,1,0,0
2024,11,5,17:41:43.306,39.30,85,119.6,0.8990,2917.9,1534.5,7.925,0.02,0.02,0.02,0.02,-1071.0,360.0,-757.0,2938.0,12588,-19644,58.7,0.0,2224.0,0,0,0,e1f,d4e,d4a,d4a,d4a,1,1,1,1,1,0,0,0,0,1,1,1,0,0,1,1,1,0,0,1,0,1,0,1,1,0,0,0,1,0,1,0,0,1,0,1,0,1,1,0,0,0,1,0,1,0,0,1,0,1,0,1,1,0,0,0,1,0,1,0,0,1,0,1,0,1,1,0,0
2024,11,5,17:41:43.326,39.32,105,119.6,0.8996,2899.2,1515.8,7.925,0.02,0.02,0.02,0.02,-1073.0,360.0,-758.0,2917.0,12595,-19659,63.7,0.0,2223.0,0,0,0,e1f,d4e,d4a,d4a,d4a,1,1,1,1,1,0,0,0,0,1,1,1,0,0,1,1,1,0,0,1,0,1,0,1,1,0,0,0,1,0,1,0,0,1,0,1,0,1,1,0,0,0,1,0,1,0,0,1,0,1,0,1,1,0,0,0,1,0,1,0,0,1,0,1,0,1,1,0,0
2024,11,5,17:41:43.346,39.34,125,119.6,0.8996,2899.2,1515.8,7.924,0.02,0.02,0.02,0.02,-1074.0,360.0,-758.0,2895.0,12603,-19674,68.4,0.0,2222.0,0,0,0,e1f,d4e,d4a,d4a,d4a,1,1,1,1,1,0,0,0,0,1,1,1,0,0,1,1,1,0,0,1,0,1,0,1,1,0,0,0,1,0,1,0,0,1,0,1,0,1,1,0,0,0,1,0,1,0,0,1,0,1,0,1,1,0,0,0,1,0,1,0,0,1,0,1,0,1,1,0,0
2024,11,5,17:41:43.366,39.36,145,119.6,0.8995,2900.4,1517.0,7.925,0.02,0.02,0.02,0.02,-1075.0,360.0,-758.0,2874.0,12610,-19689,72.5,0.0,2220.0,0,0,0,e1f,d4e,d4a,d4a,d4a,1,1,1,1,1,0,0,0,0,1,1,1,0,0,1,1,1,0,0,1,0,1,0,1,1,0,0,0,1,0,1,0,0,1,0,1,0,1,1,0,0,0,1,0,1,0,0,1,0,1,0,1,1,0,0,0,1,0,1,0,0,1,0,1,0,1,1,0,0
2024,11,5,17:41:43.386,39.38,165,119.6,0.8995,2901.0,1517.6,7.925,0.02,0.02,0.02,0.02,-1077.0,360.0,-758.0,2852.0,12617,-19705,76.3,0.0,2219.0,0,0,0,e1f,d4e,d4a,d4a,d4a,1,1,1,1,1,0,0,0,0,1,1,1,0,0,1,1,1,0,0,1,0,1,0,1,1,0,0,0,1,0,1,0,0,1,0,1,0,1,1,0,0,0,1,0,1,0,0,1,0,1,0,1,1,0,0,0,1,0,1,0,0,1,0,1,0,1,1,0,0
2024,11,5,17:41:43.406,39.40,185,119.6,0.8998,2891.3,1507.9,7.924,0.02,0.02,0.02,0.02,-1078.0,360.0,-759.0,2831.0,12624,-19720,79.5,0.0,2218.0,0,0,0,e1f,d4e,d4a,d4a,d4a,1,1,1,1,1,0,0,0,0,1,1,1,0,0,1,1,1,0,0,1,0,1,0,1,1,0,0,0,1,0,1,0,0,1,0,1,0,1,1,0,0,0,1,0,1,0,0,1,0,1,0,1,1,0,0,0,1,0,1,0,0,1,0,1,0,1,1,0,0
2024,11,5,17:41:43.426,39.42,205,119.6,0.8998,2891.3,1507.9,7.925,0.02,0.02,0.02,0.02,-1079.0,360.0,-759.0,2809.0,12631,-19735,82.1,0.0,2216.0,0,0,0,e1f,d4e,d4a,d4a,d4a,1,1,1,1,1,0,0,0,0,1,1,1,0,0,1,1,1,0,0,1,0,1,0,1,1,0,0,0,1,0,1,0,0,1,0,1,0,1,1,0,0,0,1,0,1,0,0,1,0,1,0,1,1,0,0,0,1,0,1,0,0,1,0,1,0,1,1,0,0
2024,11,5,17:41:43.446,39.44,225,119.6,0.8998,2892.5,1509.1,7.925,0.02,0.02,0.02,0.02,-1080.0,360.0,-759.0,2787.0,12639,-19750,83.9,0.0,2215.0,0,0,0,e1f,d4e,d4a,d4a,d4a,1,1,1,1,1,0,0,0,0,1,1,1,0,0,1,1,1,0,0,1,0,1,0,1,1,0,0,0,1,0,1,0,0,1,0,1,0,1,1,0,0,0,1,0,1,0,0,1,0,1,0,1,1,0,0,0,1,0,1,0,0,1,0,1,0,1,1,0,0
2024,11,5,17:41:43.466,39.46,245,119.6,0.8998,2892.5,1509.1,7.924,0.02,0.02,0.02,0.02,-1082.0,360.0,-759.0,2766.0,12646,-19765,85.0,0.0,2214.0,0,0,0,e1f,d4e,d4a,d4a,d4a,1,1,1,1,1,0,0,0,0,1,1,1,0,0,1,1,1,0,0,1,0,1,0,1,1,0,0,0,1,0,1,0,0,1,0,1,0,1,1,0,0,0,1,0,1,0,0,1,0,1,0,1,1,0,0,0,1,0,1,0,0,1,0,1,0,1,1,0,0
2024,11,5,17:41:43.486,39.48,15,119.6,0.9000,2887.7,1504.3,7.924,0.02,0.02,0.02,0.02,-1083.0,360.0,-759.0,2744.0,12653,-19781,85.3,0.0,2213.0,0,0,0,e1f,d4e,d4a,d4a,d4a,1,1,1,1,1,0,0,0,0,1,1,1,0,0,1,1,1,0,0,1,0,1,0,1,1,0,0,0,1,0,1,0,0,1,0,1,0,1,1,0,0,0,1,0,1,0,0,1,0,1,0,1,1,0,0,0,1,0,1,0,0,1,0,1,0,1,1,0,0
2024,11,5,17:41:43.506,39.50,35,119.6,0.8999,2888.3,1504.9,7.925,0.02,0.02,0.02,0.02,-1084.0,360.0,-759.0,2723.0,12660,-19796,84.9,0.0,2212.0,0,0,0,e1f,d4e,d4a,d4a,d4a,1,1,1,1,1,0,0,0,0,1,1,1,0,0,1,1,1,0,0,1,0,1,0,1,1,0,0,0,1,0,1,0,0,1,0,1,0,1,1,0,0,0,1,0,1,0,0,1,0,1,0,1,1,0,0,0,1,0,1,0,0,1,0,1,0,1,1,0,0
2024,11,5,17:41:43.526,39.52,55,119.6,0.8999,2888.3,1504.9,7.925,0.02,0.02,0.02,0.02,-1085.0,360.0,-760.0,2701.0,12668,-19811,83.9,0.0,2210.0,0,0,0,e1f,d4e,d4a,d4a,d4a,1,1,1,1,1,0,0,0,0,1,1,1,0,0,1,1,1,0,0,1,0,1,0,1,1,0,0,0,1,0,1,0,0,1,0,1,0,1,1,0,0,0,1,0,1,0,0,1,0,1,0,1,1,0,0,0,1,0,1,0,0,1,0,1,0,1,1,0,0
2024,11,5,17:41:43.546,39.54,75,119.6,0.8999,2888.3,1504.9,7.924,0.02,0.02,0.02,0.02,-1086.0,360.0,-760.0,2679.0,12675,-19826,82.3,0.0,2209.0,0,0,0,e1f,d4e,d4a,d4a,d4a,1,1,1,1,1,0,0,0,0,1,1,1,0,0,1,1,1,0,0,1,0,1,0,1,1,0,0,0,1,0,1,0,0,1,0,1,0,1,1,0,0,0,1,0,1,0,0,1,0,1,0,1,1,0,0,0,1,0,1,0,0,1,0,1,0,1,1,0,0
2024,11,5,17:41:43.566,39.56,95,119.6,0.9001,2882.3,1498.9,7.924,0.02,0.02,0.02,0.02,-1088.0,360.0,-760.0,2657.0,12682,-19841,80.3,0.0,2208.0,0,0,0,e1f,d4e,d4a,d4a,d4a,1,1,1,1,1,0,0,0,0,1,1,1,0,0,1,1,1,0,0,1,0,1,0,1,1,0,0,0,1,0,1,0,0,1,0,1,0,1,1,0,0,0,1,0,1,0,0,1,0,1,0,1,1,0,0,0,1,0,1,0,0,1,0,1,0,1,1,0,0
2024,11,5,17:41:43.586,39.58,115,119.6,0.9001,2882.3,1498.9,7.924,0.02,0.02,0.02,0.02,-1089.0,360.0,-760.0,2636.0,12689,-19857,77.8,0.0,2207.0,0,0,0,e1f,d4e,d4a,d4a,d4a,1,1,1,1,1,0,0,0,0,1,1,1,0,0,1,1,1,0,0,1,0,1,0,1,1,0,0,0,1,0,1,0,0,1,0,1,0,1,1,0,0,0,1,0,1,0,0,1,0,1,0,1,1,0,0,0,1,0,1,0,0,1,0,1,0,1,1,0,0
2024,11,5,17:41:43.606,39.60,135,119.6,0.9003,2877.5,1494.1,7.924,0.02,0.02,0.02,0.02,-1090.0,360.0,-761.0,2614.0,12696,-19872,74.8,0.0,2206.0,0,0,0,e1f,d4e,d4a,d4a,d4a,1,1,1,1,1,0,0,0,0,1,1,1,0,0,1,1,1,0,0,1,0,1,0,1,1,0,0,0,1,0,1,0,0,1,0,1,0,1,1,0,0,0,1,0,1,0,0,1,0,1,0,1,1,0,0,0,1,0,1,0,0,1,0,1,0,1,1,0,0
2024,11,5,17:41:43.626,39.62,155,119.6,0.9003,2877.5,1494.1,7.924,0.02,0.02,0.02,0.02,-1092.0,360.0,-761.0,2592.0,12704,-19887,71.3,0.0,2205.0,0,0,0,e1f,d4e,d4a,d4a,d4a,1,1,1,1,1,0,0,0,0,1,1,1,0,0,1,1,1,0,0,1,0,1,0,1,1,0,0,0,1,0,1,0,0,1,0,1,0,1,1,0,0,0,1,0,1,0,0,1,0,1,0,1,1,0,0,0,1,0,1,0,0,1,0,1,0,1,1,0,0
2024,11,5,17:41:43.646,39.64,175,119.6,0.9007,2864.8,1481.4,7.924,0.02,0.02,0.02,0.02,-1093.0,360.0,-761.0,2570.0,12711,-19902,67.8,0.0,2204.0,0,0,0,e1f,d4e,d4a,d4a,d4a,1,1,1,1,1,0,0,0,0,1,1,1,0,0,1,1,1,0,0,1,0,1,0,1,1,0,0,0,1,0,1,0,0,1,0,1,0,1,1,0,0,0,1,0,1,0,0,1,0,1,0,1,1,0,0,0,1,0,1,0,0,1,0,1,0,1,1,0,0
2024,11,5,17:41:43.666,39.66,195,119.5,0.9007,2865.4,1482.0,7.924,0.02,0.02,0.02,0.02,-1094.0,360.0,-761.0,2548.0,12718,-19917,63.9,0.0,2203.0,0,0,0,e1f,d4e,d4a,d4a,d4a,1,1,1,1,1,0,0,0,0,1,1,1,0,0,1,1,1,0,0,1,0,1,0,1,1,0,0,0,1,0,1,0,0,1,0,1,0,1,1,0,0,0,1,0,1,0,0,1,0,1,0,1,1,0,0,0,1,0,1,0,0,1,0,1,0,1,1,0,0
2024,11,5,17:41:43.686,39.68,215,119.5,0.9012,2851.0,1467.6,7.924,0.02,0.02,0.02,0.02,-1096.0,360.0,-761.0,2526.0,12725,-19933,59.8,0.0,2201.0,0,0,0,e1f,d4e,d4a,d4a,d4a,1,1,1,1,1,0,0,0,0,1,1,1,0,0,1,1,1,0,0,1,0,1,0,1,1,0,0,0,1,0,1,0,0,1,0,1,0,1,1,0,0,0,1,0,1,0,0,1,0,1,0,1,1,0,0,0,1,0,1,0,0,1,0,1,0,1,1,0,0
2024,11,5,17:41:43.706,39.70,235,119.6,0.9012,2851.0,1467.6,7.925,0.02,0.02,0.02,0.02,-1097.0,360.0,-762.0,2504.0,12732,-19948,55.5,0.0,2200.0,0,0,0,e1f,d4e,d4a,d4a,d4a,1,1,1,1,1,0,0,0,0,1,1,1,0,0,1,1,1,0,0,1,0,1,0,1,1,0,0,0,1,0,1,0,0,1,0,1,0,1,1,0,0,0,1,0,1,0,0,1,0,1,0,1,1,0,0,0,1,0,1,0,0,1,0,1,0,1,1,0,0
2024,11,5,17:41:43.726,39.72,5,119.6,0.9012,2851.0,1467.6,7.924,0.02,0.02,0.02,0.02,-1099.0,360.0,-762.0,2482.0,12740,-19963,50.9,0.0,2199.0,0,0,0,e1f,d4e,d4a,d4a,d4a,1,1,1,1,1,0,0,0,0,1,1,1,0,0,1,1,1,0,0,1,0,1,0,1,1,0,0,0,1,0,1,0,0,1,0,1,0,1,1,0,0,0,1,0,1,0,0,1,0,1,0,1,1,0,0,0,1,0,1,0,0,1,0,1,0,1,1,0,0
2024,11,5,17:41:43.746,39.74,25,119.6,0.9012,2851.0,1467.6,7.924,0.02,0.02,0.02,0.02,-1100.0,360.0,-762.0,2460.0,12747,-19978,46.3,0.0,2197.0,0,0,0,e1f,d4e,d4a,d4a,d4a,1,1,1,1,1,0,0,0,0,1,1,1,0,0,1,1,1,0,0,1,0,1,0,1,1,0,0,0,1,0,1,0,0,1,0,1,0,1,1,0,0,0,1,0,1,0,0,1,0,1,0,1,1,0,0,0,1,0,1,0,0,1,0,1,0,1,1,0,0
2024,11,5,17:41:43.766,39.76,45,119.6,0.9013,2847.4,1464.0,7.924,0.02,0.02,0.02,0.02,-1102.0,360.0,-763.0,2438.0,12754,-19994,41.5,0.0,2196.0,0,0,0,e1f,d4e,d4a,d4a,d4a,1,1,1,1,1,0,0,0,0,1,1,1,0,0,1,1,1,0,0,1,0,1,0,1,1,0,0,0,1,0,1,0,0,1,0,1,0,1,1,0,0,0,1,0,1,0,0,1,0,1,0,1,1,0,0,0,1,0,1,0,0,1,0,1,0,1,1,0,0
2024,11,5,17:41:43.786,39.78,65,119.6,0.9013,2848.0,1464.6,7.925,0.02,0.02,0.02,0.02,-1103.0,360.0,-763.0,2416.0,12761,-20009,36.7,0.0,2194.0,0,0,0,e1f,d4e,d4a,d4a,d4a,1,1,1,1,1,0,0,0,0,1,1,1,0,0,1,1,1,0,0,1,0,1,0,1,1,0,0,0,1,0,1,0,0,1,0,1,0,1,1,0,0,0,1,0,1,0,0,1,0,1,0,1,1,0,0,0,1,0,1,0,0,1,0,1,0,1,1,0,0
2024,11,5,17:41:43.806,39.80,85,119.6,0.9018,2833.5,1450.1,7.923,0.02,0.02,0.02,0.02,-1105.0,360.0,-763.0,2394.0,12768,-20024,31.9,0.0,2192.0,0,0,0,e1f,d4e,d4a,d4a,d4a,1,1,1,1,1,0,0,0,0,1,1,1,0,0,1,1,1,0,0,1,0,1,0,1,1,0,0,0,1,0,1,0,0,1,0,1,0,1,1,0,0,0,1,0,1,0,0,1,0,1,0,1,1,0,0,0,1,0,1,0,0,1,0,1,0,1,1,0,0
2024,11,5,17:41:43.826,39.82,105,119.6,0.9018,2833.5,1450.1,7.926,0.02,0.02,0.02,0.02,-1106.0,360.0,-764.0,2372.0,12776,-20040,27.2,0.0,2190.0,0,0,0,e1f,d4e,d4a,d4a,d4a,1,1,1,1,1,0,0,0,0,1,1,1,0,0,1,1,1,0,0,1,0,1,0,1,1,0,0,0,1,0,1,0,0,1,0,1,0,1,1,0,0,0,1,0,1,0,0,1,0,1,0,1,1,0,0,0,1,0,1,0,0,1,0,1,0,1,1,0,0
2024,11,5,17:41:43.846,39.84,125,119.6,0.9026,2807.0,1423.7,7.925,0.02,0.02,0.02,0.02,-1108.0,360.0,-764.0,2350.0,12783,-20055,22.5,0.0,2188.0,0,0,0,e1f,d4e,d4a,d4a,d4a,1,1,1,1,1,0,0,0,0,1,1,1,0,0,1,1,1,0,0,1,0,1,0,1,1,0,0,0,1,0,1,0,0,1,0,1,0,1,1,0,0,0,1,0,1,0,0,1,0,1,0,1,1,0,0,0,1,0,1,0,0,1,0,1,0,1,1,0,0
2024,11,5,17:41:43.866,39.86,145,119.5,0.9026,2807.6,1424.3,7.925,0.02,0.02,0.02,0.02,-1109.0,360.0,-764.0,2328.0,12790,-20070,17.9,0.0,2185.0,0,0,0,e1f,d4e,d4a,d4a,d4a,1,1,1,1,1,0,0,0,0,1,1,1,0,0,1,1,1,0,0,1,0,1,0,1,1,0,0,0,1,0,1,0,0,1,0,1,0,1,1,0,0,0,1,0,1,0,0,1,0,1,0,1,1,0,0,0,1,0,1,0,0,1,0,1,0,1,1,0,0
2024,11,5,17:41:43.886,39.88,165,119.5,0.9028,2801.0,1417.6,7.925,0.02,0.02,0.02,0.02,-1110.0,360.0,-765.0,2306.0,12797,-20085,13.6,0.0,2183.0,0,0,0,e1f,d4e,d4a,d4a,d4a,1,1,1,1,1,0,0,0,0,1,1,1,0,0,1,1,1,0,0,1,0,1,0,1,1,0,0,0,1,0,1,0,0,1,0,1,0,1,1,0,0,0,1,0,1,0,0,1,0,1,0,1,1,0,0,0,1,0,1,0,0,1,0,1,0,1,1,0,0
2024,11,5,17:41:43.906,39.90,185,119.6,0.9028,2801.0,1417.6,7.923,0.02,0.02,0.02,0.02,-1112.0,360.0,-765.0,2283.0,12804,-20101,9.8,0.0,2181.0,0,0,0,e1f,d4e,d4a,d4a,d4e,1,1,1,1,1,0,0,0,0,1,1,1,0,0,1,1,1,0,0,1,0,1,0,1,1,0,0,0,1,0,1,0,0,1,0,1,0,1,1,0,0,0,1,0,1,0,0,1,0,1,0,1,1,0,0,0,1,1,1,0,0,1,0,1,0,1,1,0,0
2024,11,5,17:41:43.926,39.92,205,119.6,0.9034,2785.4,1402.0,7.924,0.02,0.02,0.02,0.02,-1113.0,360.0,-765.0,2261.0,12812,-20116,6.8,0.0,2178.0,0,0,0,e1f,d46,d42,d42,d46,1,1,1,1,1,0,0,0,0,1,1,1,0,0,1,1,0,0,0,1,0,1,0,1,1,0,0,0,1,0,0,0,0,1,0,1,0,1,1,0,0,0,1,0,0,0,0,1,0,1,0,1,1,0,0,0,1,1,0,0,0,1,0,1,0,1,1,0,0
2024,11,5,17:41:43.946,39.94,225,119.5,0.9034,2785.4,1402.0,7.924,0.02,0.02,0.02,0.02,-1114.0,360.0,-766.0,2239.0,12819,-20131,5.3,0.0,2176.0,0,0,0,e1f,d46,d46,d46,d46,1,1,1,1,1,0,0,0,0,1,1,1,0,0,1,1,0,0,0,1,0,1,0,1,1,0,0,0,1,1,0,0,0,1,0,1,0,1,1,0,0,0,1,1,0,0,0,1,0,1,0,1,1,0,0,0,1,1,0,0,0,1,0,1,0,1,1,0,0
2024,11,5,17:41:43.966,39.96,245,119.5,0.9031,2792.0,1408.6,7.924,0.02,0.02,0.02,0.02,-1116.0,360.0,-766.0,2216.0,12826,-20147,6.0,0.0,2174.0,0,0,0,e1f,d46,d46,d46,d46,1,1,1,1,1,0,0,0,0,1,1,1,0,0,1,1,0,0,0,1,0,1,0,1,1,0,0,0,1,1,0,0,0,1,0,1,0,1,1,0,0,0,1,1,0,0,0,1,0,1,0,1,1,0,0,0,1,1,0,0,0,1,0,1,0,1,1,0,0
2024,11,5,17:41:43.986,39.98,15,119.5,0.9031,2792.0,1408.6,7.924,0.02,0.02,0.02,0.02,-1117.0,360.0,-766.0,2194.0,12833,-20162,8.2,0.0,2173.0,0,0,0,e1f,d46,d46,d46,d46,1,1,1,1,1,0,0,0,0,1,1,1,0,0,1,1,0,0,0,1,0,1,0,1,1,0,0,0,1,1,0,0,0,1,0,1,0,1,1,0,0,0,1,1,0,0,0,1,0,1,0,1,1,0,0,0,1,1,0,0,0,1,0,1,0,1,1,0,0
2024,11,5,17:41:44.006,40.00,35,119.5,0.9027,2805.8,1422.4,7.925,0.02,0.02,0.02,0.02,-1118.0,360.0,-767.0,2172.0,12840,-20177,10.7,0.0,2171.0,0,0,0,e1f,d46,d42,d42,d46,1,1,1,1,1,0,0,0,0,1,1,1,0,0,1,1,0,0,0,1,0,1,0,1,1,0,0,0,1,0,0,0,0,1,0,1,0,1,1,0,0,0,1,0,0,0,0,1,0,1,0,1,1,0,0,0,1,1,0,0,0,1,0,1,0,1,1,0,0
2024,11,5,17:41:44.026,40.02,55,119.5,0.9027,2806.4,1423.1,7.923,0.02,0.02,0.02,0.02,-1119.0,360.0,-767.0,2149.0,12848,-20193,13.1,0.0,2170.0,0,0,0,e1f,d46,d42,d42,d46,1,1,1,1,1,0,0,0,0,1,1,1,0,0,1,1,0,0,0,1,0,1,0,1,1,0,0,0,1,0,0,0,0,1,0,1,0,1,1,0,0,0,1,0,0,0,0,1,0,1,0,1,1,0,0,0,1,1,0,0,0,1,0,1,0,1,1,0,0
2024,11,5,17:41:44.046,40.04,75,119.5,0.9022,2819.1,1435.7,7.923,0.02,0.02,0.02,0.02,-1121.0,360.0,-767.0,2127.0,12855,-20208,15.3,0.0,2168.0,0,0,0,e1f,d4e,d4a,d4a,d4e,1,1,1,1,1,0,0,0,0,1,1,1,0,0,1,1,1,0,0,1,0,1,0,1,1,0,0,0,1,0,1,0,0,1,0,1,0,1,1,0,0,0,1,0,1,0,0,1,0,1,0,1,1,0,0,0,1,1,1,0,0,1,0,1,0,1,1,0,0
2024,11,5,17:41:44.066,40.06,95,119.5,0.9023,2818.5,1435.1,7.923,0.02,0.02,0.02,0.02,-1122.0,361.0,-767.0,2105.0,12862,-20223,17.2,0.0,2167.0,0,0,0,e1f,d4e,d4a,d4a,d4a,1,1,1,1,1,0,0,0,0,1,1,1,0,0,1,1,1,0,0,1,0,1,0,1,1,0,0,0,1,0,1,0,0,1,0,1,0,1,1,0,0,0,1,0,1,0,0,1,0,1,0,1,1,0,0,0,1,0,1,0,0,1,0,1,0,1,1,0,0
2024,11,5,17:41:44.086,40.08,115,119.5,0.9015,2840.7,1457.3,7.922,0.02,0.02,0.02,0.02,-1123.0,361.0,-768.0,2082.0,12869,-20239,18.8,0.0,2166.0,0,0,0,e1f,d4e,d4a,d4a,d4a,1,1,1,1,1,0,0,0,0,1,1,1,0,0,1,1,1,0,0,1,0,1,0,1,1,0,0,0,1,0,1,0,0,1,0,1,0,1,1,0,0,0,1,0,1,0,0,1,0,1,0,1,1,0,0,0,1,0,1,0,0,1,0,1,0,1,1,0,0
2024,11,5,17:41:44.106,40.10,135,119.5,0.9015,2840.7,1457.3,7.926,0.02,0.02,0.02,0.02,-1124.0,361.0,-768.0,2060.0,12877,-20254,20.1,0.0,2164.0,0,0,0,e1f,d4e,d4a,d4a,d4a,1,1,1,1,1,0,0,0,0,1,1,1,0,0,1,1,1,0,0,1,0,1,0,1,1,0,0,0,1,0,1,0,0,1,0,1,0,1,1,0,0,0,1,0,1,0,0,1,0,1,0,1,1,0,0,0,1,0,1,0,0,1,0,1,0,1,1,0,0
2024,11,5,17:41:44.126,40.12,155,119.5,0.9016,2837.7,1454.3,7.923,0.02,0.02,0.02,0.02,-1126.0,362.0,-768.0,2037.0,12884,-20270,21.5,0.0,2163.0,0,0,0,e1f,d4e,d4a,d4a,d4a,1,1,1,1,1,0,0,0,0,1,1,1,0,0,1,1,1,0,0,1,0,1,0,1,1,0,0,0,1,0,1,0,0,1,0,1,0,1,1,0,0,0,1,0,1,0,0,1,0,1,0,1,1,0,0,0,1,0,1,0,0,1,0,1,0,1,1,0,0
2024,11,5,17:41:44.146,40.14,175,119.5,0.9016,2837.7,1454.3,7.925,0.02,0.02,0.02,0.02,-1127.0,362.0,-769.0,2015.0,12891,-20285,23.0,0.0,2161.0,0,0,0,e1f,d4e,d4a,d4a,d4a,1,1,1,1,1,0,0,0,0,1,1,1,0,0,1,1,1,0,0,1,0,1,0,1,1,0,0,0,1,0,1,0,0,1,0,1,0,1,1,0,0,0,1,0,1,0,0,1,0,1,0,1,1,0,0,0,1,0,1,0,0,1,0,1,0,1,1,0,0
2024,11,5,17:41:44.166,40.16,195,119.5,0.9015,2842.5,1459.1,7.924,0.02,0.02,0.02,0.02,-1128.0,362.0,-769.0,1992.0,12898,-20300,24.8,0.0,2159.0,0,0,0,e1f,d4e,d4a,d4a,d4a,1,1,1,1,1,0,0,0,0,1,1,1,0,0,1,1,1,0,0,1,0,1,0,1,1,0,0,0,1,0,1,0,0,1,0,1,0,1,1,0,0,0,1,0,1,0,0,1,0,1,0,1,1,0,0,0,1,0,1,0,0,1,0,1,0,1,1,0,0
2024,11,5,17:41:44.186,40.18,215,119.5,0.9015,2842.5,1459.1,7.924,0.02,0.02,0.02,0.02,-1129.0,362.0,-769.0,1969.0,12906,-20316,26.6,0.0,2158.0,0,0,0,e1f,d4e,d4a,d4a,d4a,1,1,1,1,1,0,0,0,0,1,1,1,0,0,1,1,1,0,0,1,0,1,0,1,1,0,0,0,1,0,1,0,0,1,0,1,0,1,1,0,0,0,1,0,1,0,0,1,0,1,0,1,1,0,0,0,1,0,1,0,0,1,0,1,0,1,1,0,0
2024,11,5,17:41:44.206,40.20,235,119.5,0.9021,2823.3,1439.9,7.923,0.02,0.02,0.02,0.02,-1130.0,362.0,-770.0,1947.0,12913,-20331,27.9,0.0,2156.0,0,0,0,e1f,d4e,d4a,d4a,d4a,1,1,1,1,1,0,0,0,0,1,1,1,0,0,1,1,1,0,0,1,0,1,0,1,1,0,0,0,1,0,1,0,0,1,0,1,0,1,1,0,0,0,1,0,1,0,0,1,0,1,0,1,1,0,0,0,1,0,1,0,0,1,0,1,0,1,1,0,0
2024,11,5,17:41:44.226,40.22,5,119.5,0.9021,2823.9,1440.5,7.924,0.02,0.02,0.02,0.02,-1130.0,361.0,-770.0,1924.0,12920,-20347,28.6,0.0,2155.0,0,0,0,e1f,d4e,d4a,d4a,d4a,1,1,1,1,1,0,0,0,0,1,1,1,0,0,1,1,1,0,0,1,0,1,0,1,1,0,0,0,1,0,1,0,0,1,0,1,0,1,1,0,0,0,1,0,1,0,0,1,0,1,0,1,1,0,0,0,1,0,1,0,0,1,0,1,0,1,1,0,0
2024,11,5,17:41:44.246,40.24,25,119.5,0.9024,2813.1,1429.7,7.923,0.02,0.02,0.02,0.02,-1131.0,361.0,-770.0,1902.0,12927,-20362,28.8,0.0,2153.0,0,0,0,e1f,d4e,d4a,d4a,d4a,1,1,1,1,1,0,0,0,0,1,1,1,0,0,1,1,1,0,0,1,0,1,0,1,1,0,0,0,1,0,1,0,0,1,0,1,0,1,1,0,0,0,1,0,1,0,0,1,0,1,0,1,1,0,0,0,1,0,1,0,0,1,0,1,0,1,1,0,0
2024,11,5,17:41:44.266,40.26,45,119.5,0.9025,2812.5,1429.1,7.924,0.02,0.02,0.02,0.02,-1132.0,361.0,-771.0,1879.0,12934,-20377,28.6,0.0,2152.0,0,0,0,e1f,d4e,d4a,d4a,d4a,1,1,1,1,1,0,0,0,0,1,1,1,0,0,1,1,1,0,0,1,0,1,0,1,1,0,0,0,1,0,1,0,0,1,0,1,0,1,1,0,0,0,1,0,1,0,0,1,0,1,0,1,1,0,0,0,1,0,1,0,0,1,0,1,0,1,1,0,0
2024,11,5,17:41:44.286,40.28,65,119.5,0.9028,2803.4,1420.0,7.925,0.02,0.02,0.02,0.02,-1133.0,361.0,-771.0,1856.0,12942,-20393,27.9,0.0,2152.0,0,0,0,e1f,d4e,d4a,d4a,d4a,1,1,1,1,1,0,0,0,0,1,1,1,0,0,1,1,1,0,0,1,0,1,0,1,1,0,0,0,1,0,1,0,0,1,0,1,0,1,1,0,0,0,1,0,1,0,0,1,0,1,0,1,1,0,0,0,1,0,1,0,0,1,0,1,0,1,1,0,0
2024,11,5,17:41:44.306,40.30,85,119.5,0.9028,2803.4,1420.0,7.924,0.02,0.02,0.02,0.02,-1134.0,360.0,-772.0,1834.0,12949,-20408,26.9,0.0,2151.0,0,0,0,e1f,d4e,d4a,d4a,d4a,1,1,1,1,1,0,0,0,0,1,1,1,0,0,1,1,1,0,0,1,0,1,0,1,1,0,0,0,1,0,1,0,0,1,0,1,0,1,1,0,0,0,1,0,1,0,0,1,0,1,0,1,1,0,0,0,1,0,1,0,0,1,0,1,0,1,1,0,0
2024,11,5,17:41:44.326,40.32,105,119.5,0.9033,2787.8,1404.4,7.924,0.02,0.02,0.02,0.02,-1135.0,360.0,-772.0,1811.0,12956,-20424,25.7,0.0,2151.0,0,0,0,e1f,d4e,d4a,d4a,d4a,1,1,1,1,1,0,0,0,0,1,1,1,0,0,1,1,1,0,0,1,0,1,0,1,1,0,0,0,1,0,1,0,0,1,0,1,0,1,1,0,0,0,1,0,1,0,0,1,0,1,0,1,1,0,0,0,1,0,1,0,0,1,0,1,0,1,1,0,0
2024,11,5,17:41:44.346,40.34,125,119.5,0.9033,2787.8,1404.4,7.924,0.02,0.02,0.02,0.02,-1136.0,360.0,-772.0,1788.0,12963,-20439,24.4,0.0,2150.0,0,0,0,e1f,d4e,d4a,d4a,d4a,1,1,1,1,1,0,0,0,0,1,1,1,0,0,1,1,1,0,0,1,0,1,0,1,1,0,0,0,1,0,1,0,0,1,0,1,0,1,1,0,0,0,1,0,1,0,0,1,0,1,0,1,1,0,0,0,1,0,1,0,0,1,0,1,0,1,1,0,0
2024,11,5,17:41:44.366,40.36,145,119.5,0.9032,2790.8,1407.4,7.922,0.02,0.02,0.02,0.02,-1138.0,360.0,-773.0,1765.0,12971,-20455,22.8,0.0,2151.0,0,0,0,e1f,d4e,d4a,d4a,d4a,1,1,1,1,1,0,0,0,0,1,1,1,0,0,1,1,1,0,0,1,0,1,0,1,1,0,0,0,1,0,1,0,0,1,0,1,0,1,1,0,0,0,1,0,1,0,0,1,0,1,0,1,1,0,0,0,1,0,1,0,0,1,0,1,0,1,1,0,0
2024,11,5,17:41:44.386,40.38,165,119.5,0.9032,2790.8,1407.4,7.922,0.02,0.02,0.02,0.02,-1139.0,360.0,-773.0,1743.0,12978,-20470,21.2,0.0,2151.0,0,0,0,e1f,d4e,d4a,d4a,d4a,1,1,1,1,1,0,0,0,0,1,1,1,0,0,1,1,1,0,0,1,0,1,0,1,1,0,0,0,1,0,1,0,0,1,0,1,0,1,1,0,0,0,1,0,1,0,0,1,0,1,0,1,1,0,0,0,1,0,1,0,0,1,0,1,0,1,1,0,0
2024,11,5,17:41:44.406,40.40,185,119.5,0.9043,2756.6,1373.2,7.924,0.02,0.02,0.02,0.02,-1140.0,359.0,-774.0,1720.0,12985,-20486,19.5,0.0,2151.0,0,0,0,e1f,d4e,d4a,d4a,d4a,1,1,1,1,1,0,0,0,0,1,1,1,0,0,1,1,1,0,0,1,0,1,0,1,1,0,0,0,1,0,1,0,0,1,0,1,0,1,1,0,0,0,1,0,1,0,0,1,0,1,0,1,1,0,0,0,1,0,1,0,0,1,0,1,0,1,1,0,0
2024,11,5,17:41:44.426,40.42,205,119.5,0.9043,2757.2,1373.8,7.923,0.02,0.02,0.02,0.02,-1141.0,359.0,-774.0,1697.0,12992,-20501,17.8,0.0,2152.0,0,0,0,e1f,d4e,d4a,d4a,d4a,1,1,1,1,1,0,0,0,0,1,1,1,0,0,1,1,1,0,0,1,0,1,0,1,1,0,0,0,1,0,1,0,0,1,0,1,0,1,1,0,0,0,1,0,1,0,0,1,0,1,0,1,1,0,0,0,1,0,1,0,0,1,0,1,0,1,1,0,0
2024,11,5,17:41:44.446,40.44,225,119.5,0.9045,2750.6,1367.2,7.924,0.02,0.02,0.02,0.02,-1143.0,359.0,-775.0,1674.0,12999,-20517,16.3,0.0,2152.0,0,0,0,e1f,d4e,d4a,d4a,d4a,1,1,1,1,1,0,0,0,0,1,1,1,0,0,1,1,1,0,0,1,0,1,0,1,1,0,0,0,1,0,1,0,0,1,0,1,0,1,1,0,0,0,1,0,1,0,0,1,0,1,0,1,1,0,0,0,1,0,1,0,0,1,0,1,0,1,1,0,0
2024,11,5,17:41:44.466,40.46,245,119.5,0.9045,2750.6,1367.2,7.924,0.02,0.02,0.02,0.02,-1144.0,359.0,-775.0,1651.0,13007,-20532,15.3,0.0,2153.0,0,0,0,e1f,d4e,d4a,d4a,d4a,1,1,1,1,1,0,0,0,0,1,1,1,0,0,1,1,1,0,0,1,0,1,0,1,1,0,0,0,1,0,1,0,0,1,0,1,0,1,1,0,0,0,1,0,1,0,0,1,0,1,0,1,1,0,0,0,1,0,1,0,0,1,0,1,0,1,1,0,0
2024,11,5,17:41:44.486,40.48,15,119.5,0.9047,2745.8,1362.4,7.924,0.02,0.02,0.02,0.02,-1145.0,359.0,-776.0,1628.0,13014,-20548,14.8,0.0,2154.0,0,0,0,e1f,d4e,d4a,d4a,d4a,1,1,1,1,1,0,0,0,0,1,1,1,0,0,1,1,1,0,0,1,0,1,0,1,1,0,0,0,1,0,1,0,0,1,0,1,0,1,1,0,0,0,1,0,1,0,0,1,0,1,0,1,1,0,0,0,1,0,1,0,0,1,0,1,0,1,1,0,0
2024,11,5,17:41:44.506,40.50,35,119.5,0.9047,2745.8,1362.4,7.924,0.02,0.02,0.02,0.02,-1146.0,359.0,-776.0,1605.0,13021,-20563,14.6,0.0,2154.0,0,0,0,e1f,d4e,d4a,d4a,d4e,1,1,1,1,1,0,0,0,0,1,1,1,0,0,1,1,1,0,0,1,0,1,0,1,1,0,0,0,1,0,1,0,0,1,0,1,0,1,1,0,0,0,1,0,1,0,0,1,0,1,0,1,1,0,0,0,1,1,1,0,0,1,0,1,0,1,1,0,0
2024,11,5,17:41:44.526,40.52,55,119.5,0.9053,2728.4,1345.0,7.925,0.02,0.02,0.02,0.02,-1148.0,359.0,-777.0,1582.0,13028,-20579,14.4,0.0,2155.0,0,0,0,e1f,d4e,d4a,d4a,d4e,1,1,1,1,1,0,0,0,0,1,1,1,0,0,1,1,1,0,0,1,0,1,0,1,1,0,0,0,1,0,1,0,0,1,0,1,0,1,1,0,0,0,1,0,1,0,0,1,0,1,0,1,1,0,0,0,1,1,1,0,0,1,0,1,0,1,1,0,0
2024,11,5,17:41:44.546,40.54,75,119.5,0.9052,2729.0,1345.6,7.925,0.02,0.02,0.02,0.02,-1149.0,359.0,-777.0,1559.0,13035,-20594,14.1,0.0,2155.0,0,0,0,e1f,d4e,d4a,d4a,d4e,1,1,1,1,1,0,0,0,0,1,1,1,0,0,1,1,1,0,0,1,0,1,0,1,1,0,0,0,1,0,1,0,0,1,0,1,0,1,1,0,0,0,1,0,1,0,0,1,0,1,0,1,1,0,0,0,1,1,1,0,0,1,0,1,0,1,1,0,0
2024,11,5,17:41:44.566,40.56,95,119.5,0.9053,2726.0,1342.6,7.924,0.02,0.02,0.02,0.02,-1150.0,359.0,-778.0,1536.0,13042,-20610,13.5,0.0,2154.0,0,0,0,e1f,d4e,d4a,d4a,d4e,1,1,1,1,1,0,0,0,0,1,1,1,0,0,1,1,1,0,0,1,0,1,0,1,1,0,0,0,1,0,1,0,0,1,0,1,0,1,1,0,0,0,1,0,1,0,0,1,0,1,0,1,1,0,0,0,1,1,1,0,0,1,0,1,0,1,1,0,0
2024,11,5,17:41:44.586,40.58,115,119.5,0.9054,2725.4,1342.0,7.925,0.02,0.02,0.02,0.02,-1151.0,359.0,-778.0,1513.0,13050,-20625,12.6,0.0,2154.0,0,0,0,e1f,d4e,d4a,d4a,d4e,1,1,1,1,1,0,0,0,0,1,1,1,0,0,1,1,1,0,0,1,0,1,0,1,1,0,0,0,1,0,1,0,0,1,0,1,0,1,1,0,0,0,1,0,1,0,0,1,0,1,0,1,1,0,0,0,1,1,1,0,0,1,0,1,0,1,1,0,0
2024,11,5,17:41:44.606,40.60,135,119.5,0.9054,2724.2,1340.8,7.924,0.02,0.02,0.02,0.02,-1153.0,359.0,-779.0,1490.0,13057,-20641,11.4,0.0,2153.0,0,0,0,e1f,d4e,d4a,d4a,d4e,1,1,1,1,1,0,0,0,0,1,1,1,0,0,1,1,1,0,0,1,0,1,0,1,1,0,0,0,1,0,1,0,0,1,0,1,0,1,1,0,0,0,1,0,1,0,0,1,0,1,0,1,1,0,0,0,1,1,1,0,0,1,0,1,0,1,1,0,0
2024,11,5,17:41:44.626,40.62,155,119.5,0.9054,2724.2,1340.8,7.924,0.02,0.02,0.02,0.02,-1154.0,360.0,-780.0,1467.0,13064,-20656,9.9,0.0,2152.0,0,0,0,e1f,d46,d42,d42,d46,1,1,1,1,1,0,0,0,0,1,1,1,0,0,1,1,0,0,0,1,0,1,0,1,1,0,0,0,1,0,0,0,0,1,0,1,0,1,1,0,0,0,1,0,0,0,0,1,0,1,0,1,1,0,0,0,1,1,0,0,0,1,0,1,0,1,1,0,0
2024,11,5,17:41:44.646,40.64,175,119.5,0.9056,2719.4,1336.0,7.925,0.02,0.02,0.02,0.02,-1155.0,360.0,-780.0,1444.0,13071,-20672,8.0,0.0,2150.0,0,0,0,e1f,d46,d42,d42,d46,1,1,1,1,1,0,0,0,0,1,1,1,0,0,1,1,0,0,0,1,0,1,0,1,1,0,0,0,1,0,0,0,0,1,0,1,0,1,1,0,0,0,1,0,0,0,0,1,0,1,0,1,1,0,0,0,1,1,0,0,0,1,0,1,0,1,1,0,0
2024,11,5,17:41:44.666,40.66,195,119.5,0.9056,2719.4,1336.0,7.924,0.02,0.02,0.02,0.02,-1156.0,361.0,-780.0,1421.0,13078,-20688,7.1,0.0,2149.0,0,0,0,e1f,d46,d42,d42,d46,1,1,1,1,1,0,0,0,0,1,1,1,0,0,1,1,0,0,0,1,0,1,0,1,1,0,0,0,1,0,0,0,0,1,0,1,0,1,1,0,0,0,1,0,0,0,0,1,0,1,0,1,1,0,0,0,1,1,0,0,0,1,0,1,0,1,1,0,0
2024,11,5,17:41:44.686,40.68,215,119.5,0.9053,2727.2,1343.8,7.923,0.02,0.02,0.02,0.02,-1158.0,361.0,-781.0,1398.0,13086,-20703,8.4,0.0,2147.0,0,0,0,e1f,d46,d42,d42,d46,1,1,1,1,1,0,0,0,0,1,1,1,0,0,1,1,0,0,0,1,0,1,0,1,1,0,0,0,1,0,0,0,0,1,0,1,0,1,1,0,0,0,1,0,0,0,0,1,0,1,0,1,1,0,0,0,1,1,0,0,0,1,0,1,0,1,1,0,0
2024,11,5,17:41:44.706,40.70,235,119.5,0.9053,2727.2,1343.8,7.924,0.02,0.02,0.02,0.02,-1159.0,362.0,-781.0,1375.0,13093,-20719,11.6,0.0,2145.0,0,0,0,e1f,d46,d42,d42,d46,1,1,1,1,1,0,0,0,0,1,1,1,0,0,1,1,0,0,0,1,0,1,0,1,1,0,0,0,1,0,0,0,0,1,0,1,0,1,1,0,0,0,1,0,0,0,0,1,0,1,0,1,1,0,0,0,1,1,0,0,0,1,0,1,0,1,1,0,0
2024,11,5,17:41:44.726,40.72,5,119.5,0.9050,2735.0,1351.6,7.924,0.02,0.02,0.02,0.02,-1160.0,362.0,-781.0,1352.0,13100,-20735,15.5,0.0,2143.0,0,0,0,e1f,d46,d42,d42,d46,1,1,1,1,1,0,0,0,0,1,1,1,0,0,1,1,0,0,0,1,0,1,0,1,1,0,0,0,1,0,0,0,0,1,0,1,0,1,1,0,0,0,1,0,0,0,0,1,0,1,0,1,1,0,0,0,1,1,0,0,0,1,0,1,0,1,1,0,0
2024,11,5,17:41:44.746,40.74,25,119.5,0.9050,2735.0,1351.6,7.925,0.02,0.02,0.02,0.02,-1161.0,362.0,-781.0,1328.0,13107,-20750,19.5,0.0,2140.0,0,0,0,e1f,d4e,d4a,d4a,d4a,1,1,1,1,1,0,0,0,0,1,1,1,0,0,1,1,1,0,0,1,0,1,0,1,1,0,0,0,1,0,1,0,0,1,0,1,0,1,1,0,0,0,1,0,1,0,0,1,0,1,0,1,1,0,0,0,1,0,1,0,0,1,0,1,0,1,1,0,0
2024,11,5,17:41:44.766,40.76,45,119.5,0.9049,2739.8,1356.4,7.925,0.02,0.02,0.02,0.02,-1161.0,362.0,-780.0,1305.0,13115,-20766,22.5,0.0,2137.0,0,0,0,e1f,d4e,d4a,d4a,d4a,1,1,1,1,1,0,0,0,0,1,1,1,0,0,1,1,1,0,0,1,0,1,0,1,1,0,0,0,1,0,1,0,0,1,0,1,0,1,1,0,0,0,1,0,1,0,0,1,0,1,0,1,1,0,0,0,1,0,1,0,0,1,0,1,0,1,1,0,0
2024,11,5,17:41:44.786,40.78,65,119.5,0.9049,2739.8,1356.4,7.925,0.02,0.02,0.02,0.02,-1162.0,362.0,-780.0,1282.0,13122,-20781,24.6,0.0,2134.0,0,0,0,e1f,d4e,d4a,d4a,d4a,1,1,1,1,1,0,0,0,0,1,1,1,0,0,1,1,1,0,0,1,0,1,0,1,1,0,0,0,1,0,1,0,0,1,0,1,0,1,1,0,0,0,1,0,1,0,0,1,0,1,0,1,1,0,0,0,1,0,1,0,0,1,0,1,0,1,1,0,0
2024,11,5,17:41:44.806,40.80,85,119.5,0.9045,2750.6,1367.2,7.924,0.02,0.02,0.02,0.02,-1163.0,362.0,-780.0,1259.0,13129,-20797,26.4,0.0,2130.0,0,0,0,e1f,d4e,d4a,d4a,d4a,1,1,1,1,1,0,0,0,0,1,1,1,0,0,1,1,1,0,0,1,0,1,0,1,1,0,0,0,1,0,1,0,0,1,0,1,0,1,1,0,0,0,1,0,1,0,0,1,0,1,0,1,1,0,0,0,1,0,1,0,0,1,0,1,0,1,1,0,0
2024,11,5,17:41:44.826,40.82,105,119.5,0.9045,2750.6,1367.2,7.923,0.02,0.02,0.02,0.02,-1164.0,362.0,-780.0,1235.0,13136,-20813,28.1,0.0,2126.0,0,0,0,e1f,d4e,d4a,d4a,d4a,1,1,1,1,1,0,0,0,0,1,1,1,0,0,1,1,1,0,0,1,0,1,0,1,1,0,0,0,1,0,1,0,0,1,0,1,0,1,1,0,0,0,1,0,1,0,0,1,0,1,0,1,1,0,0,0,1,0,1,0,0,1,0,1,0,1,1,0,0
2024,11,5,17:41:44.846,40.84,125,119.5,0.9047,2745.8,1362.4,7.924,0.02,0.02,0.02,0.02,-1166.0,362.0,-780.0,1212.0,13144,-20828,29.6,0.0,2122.0,0,0,0,e1f,d4e,d4a,d4a,d4a,1,1,1,1,1,0,0,0,0,1,1,1,0,0,1,1,1,0,0,1,0,1,0,1,1,0,0,0,1,0,1,0,0,1,0,1,0,1,1,0,0,0,1,0,1,0,0,1,0,1,0,1,1,0,0,0,1,0,1,0,0,1,0,1,0,1,1,0,0
2024,11,5,17:41:44.866,40.86,145,119.5,0.9047,2745.8,1362.4,7.923,0.02,0.02,0.02,0.02,-1167.0,362.0,-780.0,1189.0,13151,-20844,31.2,0.0,2118.0,0,0,0,e1f,d4e,d4a,d4a,d4a,1,1,1,1,1,0,0,0,0,1,1,1,0,0,1,1,1,0,0,1,0,1,0,1,1,0,0,0,1,0,1,0,0,1,0,1,0,1,1,0,0,0,1,0,1,0,0,1,0,1,0,1,1,0,0,0,1,0,1,0,0,1,0,1,0,1,1,0,0
2024,11,5,17:41:44.886,40.88,165,119.5,0.9048,2741.0,1357.6,7.925,0.02,0.02,0.02,0.02,-1168.0,362.0,-781.0,1165.0,13158,-20860,33.1,0.0,2114.0,0,0,0,e1f,d4e,d4a,d4a,d4a,1,1,1,1,1,0,0,0,0,1,1,1,0,0,1,1,1,0,0,1,0,1,0,1,1,0,0,0,1,0,1,0,0,1,0,1,0,1,1,0,0,0,1,0,1,0,0,1,0,1,0,1,1,0,0,0,1,0,1,0,0,1,0,1,0,1,1,0,0
2024,11,5,17:41:44.906,40.90,185,119.5,0.9048,2741.0,1357.6,7.923,0.02,0.02,0.02,0.02,-1170.0,362.0,-781.0,1142.0,13166,-20875,35.2,0.0,2109.0,0,0,0,e1f,d4e,d4a,d4a,d4a,1,1,1,1,1,0,0,0,0,1,1,1,0,0,1,1,1,0,0,1,0,1,0,1,1,0,0,0,1,0,1,0,0,1,0,1,0,1,1,0,0,0,1,0,1,0,0,1,0,1,0,1,1,0,0,0,1,0,1,0,0,1,0,1,0,1,1,0,0
2024,11,5,17:41:44.926,40.92,205,119.5,0.9050,2735.0,1351.6,7.922,0.02,0.02,0.02,0.02,-1171.0,362.0,-781.0,1119.0,13173,-20891,37.3,0.0,2104.0,0,0,0,e1f,d4e,d4a,d4a,d4a,1,1,1,1,1,0,0,0,0,1,1,1,0,0,1,1,1,0,0,1,0,1,0,1,1,0,0,0,1,0,1,0,0,1,0,1,0,1,1,0,0,0,1,0,1,0,0,1,0,1,0,1,1,0,0,0,1,0,1,0,0,1,0,1,0,1,1,0,0
2024,11,5,17:41:44.946,40.94,225,119.5,0.9051,2734.4,1351.0,7.925,0.02,0.02,0.02,0.02,-1172.0,362.0,-781.0,1095.0,13180,-20906,39.5,0.0,2100.0,0,0,0,e1f,d4e,d4a,d4a,d4a,1,1,1,1,1,0,0,0,0,1,1,1,0,0,1,1,1,0,0,1,0,1,0,1,1,0,0,0,1,0,1,0,0,1,0,1,0,1,1,0,0,0,1,0,1,0,0,1,0,1,0,1,1,0,0,0,1,0,1,0,0,1,0,1,0,1,1,0,0
2024,11,5,17:41:44.966,40.96,245,119.5,0.9053,2728.4,1345.0,7.924,0.02,0.02,0.02,0.02,-1173.0,362.0,-782.0,1072.0,13187,-20922,41.4,0.0,2095.0,0,0,0,e1f,d4e,d4a,d4a,d4a,1,1,1,1,1,0,0,0,0,1,1,1,0,0,1,1,1,0,0,1,0,1,0,1,1,0,0,0,1,0,1,0,0,1,0,1,0,1,1,0,0,0,1,0,1,0,0,1,0,1,0,1,1,0,0,0,1,0,1,0,0,1,0,1,0,1,1,0,0
2024,11,5,17:41:44.986,40.98,15,119.5,0.9052,2729.0,1345.6,7.925,0.02,0.02,0.02,0.02,-1174.0,362.0,-782.0,1048.0,13195,-20938,43.0,0.0,2090.0,0,0,0,e1f,d4e,d4a,d4a,d4a,1,1,1,1,1,0,0,0,0,1,1,1,0,0,1,1,1,0,0,1,0,1,0,1,1,0,0,0,1,0,1,0,0,1,0,1,0,1,1,0,0,0,1,0,1,0,0,1,0,1,0,1,1,0,0,0,1,0,1,0,0,1,0,1,0,1,1,0,0
2024,11,5,17:41:45.006,41.00,35,119.5,0.9049,2739.8,1356.4,7.924,0.02,0.02,0.02,0.02,-1176.0,362.0,-782.0,1025.0,13202,-20953,44.0,0.0,2086.0,0,0,0,e1f,d4e,d4a,d4a,d4a,1,1,1,1,1,0,0,0,0,1,1,1,0,0,1,1,1,0,0,1,0,1,0,1,1,0,0,0,1,0,1,0,0,1,0,1,0,1,1,0,0,0,1,0,1,0,0,1,0,1,0,1,1,0,0,0,1,0,1,0,0,1,0,1,0,1,1,0,0
2024,11,5,17:41:45.026,41.02,55,119.5,0.9049,2739.8,1356.4,7.924,0.02,0.02,0.02,0.02,-1177.0,362.0,-783.0,1001.0,13209,-20969,44.7,0.0,2081.0,0,0,0,e1f,d4e,d4a,d4a,d4a,1,1,1,1,1,0,0,0,0,1,1,1,0,0,1,1,1,0,0,1,0,1,0,1,1,0,0,0,1,0,1,0,0,1,0,1,0,1,1,0,0,0,1,0,1,0,0,1,0,1,0,1,1,0,0,0,1,0,1,0,0,1,0,1,0,1,1,0,0
2024,11,5,17:41:45.046,41.04,75,119.5,0.9048,2741.0,1357.6,7.924,0.02,0.02,0.02,0.02,-1178.0,362.0,-783.0,978.0,13216,-20985,44.9,0.0,2077.0,0,0,0,e1f,d4e,d4a,d4a,d4a,1,1,1,1,1,0,0,0,0,1,1,1,0,0,1,1,1,0,0,1,0,1,0,1,1,0,0,0,1,0,1,0,0,1,0,1,0,1,1,0,0,0,1,0,1,0,0,1,0,1,0,1,1,0,0,0,1,0,1,0,0,1,0,1,0,1,1,0,0
2024,11,5,17:41:45.066,41.06,95,119.5,0.9048,2741.6,1358.2,7.924,0.02,0.02,0.02,0.02,-1179.0,362.0,-783.0,954.0,13224,-21000,44.8,0.0,2072.0,0,0,0,e1f,d4e,d4a,d4a,d4a,1,1,1,1,1,0,0,0,0,1,1,1,0,0,1,1,1,0,0,1,0,1,0,1,1,0,0,0,1,0,1,0,0,1,0,1,0,1,1,0,0,0,1,0,1,0,0,1,0,1,0,1,1,0,0,0,1,0,1,0,0,1,0,1,0,1,1,0,0
2024,11,5,17:41:45.086,41.08,115,119.5,0.9056,2719.4,1336.0,7.924,0.02,0.02,0.02,0.02,-1180.0,362.0,-784.0,930.0,13231,-21016,44.3,0.0,2068.0,0,0,0,e1f,d4e,d4a,d4a,d4a,1,1,1,1,1,0,0,0,0,1,1,1,0,0,1,1,1,0,0,1,0,1,0,1,1,0,0,0,1,0,1,0,0,1,0,1,0,1,1,0,0,0,1,0,1,0,0,1,0,1,0,1,1,0,0,0,1,0,1,0,0,1,0,1,0,1,1,0,0
2024,11,5,17:41:45.106,41.10,135,119.5,0.9056,2718.8,1335.4,7.924,0.02,0.02,0.02,0.02,-1181.0,362.0,-784.0,907.0,13238,-21032,43.5,0.0,2063.0,0,0,0,e1f,d4e,d4a,d4a,d4a,1,1,1,1,1,0,0,0,0,1,1,1,0,0,1,1,1,0,0,1,0,1,0,1,1,0,0,0,1,0,1,0,0,1,0,1,0,1,1,0,0,0,1,0,1,0,0,1,0,1,0,1,1,0,0,0,1,0,1,0,0,1,0,1,0,1,1,0,0
2024,11,5,17:41:45.126,41.12,155,119.5,0.9062,2701.4,1318.0,7.925,0.02,0.02,0.02,0.02,-1183.0,362.0,-784.0,883.0,13245,-21047,42.5,0.0,2059.0,0,0,0,e1f,d4e,d4a,d4a,d4a,1,1,1,1,1,0,0,0,0,1,1,1,0,0,1,1,1,0,0,1,0,1,0,1,1,0,0,0,1,0,1,0,0,1,0,1,0,1,1,0,0,0,1,0,1,0,0,1,0,1,0,1,1,0,0,0,1,0,1,0,0,1,0,1,0,1,1,0,0
2024,11,5,17:41:45.146,41.14,175,119.5,0.9061,2702.0,1318.6,7.924,0.02,0.02,0.02,0.02,-1184.0,362.0,-784.0,859.0,13253,-21063,41.3,0.0,2054.0,0,0,0,e1f,d4e,d4a,d4a,d4a,1,1,1,1,1,0,0,0,0,1,1,1,0,0,1,1,1,0,0,1,0,1,0,1,1,0,0,0,1,0,1,0,0,1,0,1,0,1,1,0,0,0,1,0,1,0,0,1,0,1,0,1,1,0,0,0,1,0,1,0,0,1,0,1,0,1,1,0,0
2024,11,5,17:41:45.166,41.16,195,119.5,0.9063,2697.2,1313.8,7.923,0.02,0.02,0.02,0.02,-1185.0,362.0,-785.0,836.0,13260,-21079,39.9,0.0,2050.0,0,0,0,e1f,d4e,d4a,d4a,d4a,1,1,1,1,1,0,0,0,0,1,1,1,0,0,1,1,1,0,0,1,0,1,0,1,1,0,0,0,1,0,1,0,0,1,0,1,0,1,1,0,0,0,1,0,1,0,0,1,0,1,0,1,1,0,0,0,1,0,1,0,0,1,0,1,0,1,1,0,0
2024,11,5,17:41:45.186,41.18,215,119.5,0.9063,2697.2,1313.8,7.923,0.02,0.02,0.02,0.02,-1186.0,362.0,-785.0,812.0,13267,-21095,38.3,0.0,2045.0,0,0,0,e1f,d4e,d4a,d4a,d4a,1,1,1,1,1,0,0,0,0,1,1,1,0,0,1,1,1,0,0,1,0,1,0,1,1,0,0,0,1,0,1,0,0,1,0,1,0,1,1,0,0,0,1,0,1,0,0,1,0,1,0,1,1,0,0,0,1,0,1,0,0,1,0,1,0,1,1,0,0
2024,11,5,17:41:45.206,41.20,235,119.5,0.9070,2677.4,1294.0,7.924,0.02,0.02,0.02,0.02,-1188.0,362.0,-785.0,788.0,13274,-21110,36.5,0.0,2041.0,0,0,0,e1f,d4e,d4a,d4a,d4a,1,1,1,1,1,0,0,0,0,1,1,1,0,0,1,1,1,0,0,1,0,1,0,1,1,0,0,0,1,0,1,0,0,1,0,1,0,1,1,0,0,0,1,0,1,0,0,1,0,1,0,1,1,0,0,0,1,0,1,0,0,1,0,1,0,1,1,0,0
2024,11,5,17:41:45.226,41.22,5,119.5,0.9070,2677.4,1294.0,7.924,0.02,0.02,0.02,0.02,-1189.0,362.0,-785.0,764.0,13282,-21126,34.5,0.0,2037.0,0,0,0,e1f,d4e,d4a,d4a,d4a,1,1,1,1,1,0,0,0,0,1,1,1,0,0,1,1,1,0,0,1,0,1,0,1,1,0,0,0,1,0,1,0,0,1,0,1,0,1,1,0,0,0,1,0,1,0,0,1,0,1,0,1,1,0,0,0,1,0,1,0,0,1,0,1,0,1,1,0,0
2024,11,5,17:41:45.246,41.24,25,119.5,0.9075,2660.0,1276.7,7.924,0.02,0.02,0.02,0.02,-1190.0,362.0,-786.0,741.0,13289,-21142,32.3,0.0,2032.0,0,0,0,e1f,d4e,d4a,d4a,d4a,1,1,1,1,1,0,0,0,0,1,1,1,0,0,1,1,1,0,0,1,0,1,0,1,1,0,0,0,1,0,1,0,0,1,0,1,0,1,1,0,0,0,1,0,1,0,0,1,0,1,0,1,1,0,0,0,1,0,1,0,0,1,0,1,0,1,1,0,0
2024,11,5,17:41:45.266,41.26,45,119.5,0.9075,2660.0,1276.7,7.924,0.02,0.02,0.02,0.02,-1191.0,362.0,-786.0,717.0,13296,-21157,30.0,0.0,2028.0,0,0,0,e1f,d4e,d4a,d4a,d4a,1,1,1,1,1,0,0,0,0,1,1,1,0,0,1,1,1,0,0,1,0,1,0,1,1,0,0,0,1,0,1,0,0,1,0,1,0,1,1,0,0,0,1,0,1,0,0,1,0,1,0,1,1,0,0,0,1,0,1,0,0,1,0,1,0,1,1,0,0
2024,11,5,17:41:45.286,41.28,65,119.5,0.9077,2654.1,1270.7,7.924,0.02,0.02,0.02,0.02,-1193.0,362.0,-786.0,693.0,13303,-21173,27.7,0.0,2023.0,0,0,0,e1f,d4e,d4a,d4a,d4a,1,1,1,1,1,0,0,0,0,1,1,1,0,0,1,1,1,0,0,1,0,1,0,1,1,0,0,0,1,0,1,0,0,1,0,1,0,1,1,0,0,0,1,0,1,0,0,1,0,1,0,1,1,0,0,0,1,0,1,0,0,1,0,1,0,1,1,0,0
2024,11,5,17:41:45.306,41.30,85,119.5,0.9078,2653.5,1270.1,7.924,0.02,0.02,0.02,0.02,-1194.0,363.0,-786.0,669.0,13311,-21189,25.4,0.0,2019.0,0,0,0,e1f,d4e,d4a,d4a,d4a,1,1,1,1,1,0,0,0,0,1,1,1,0,0,1,1,1,0,0,1,0,1,0,1,1,0,0,0,1,0,1,0,0,1,0,1,0,1,1,0,0,0,1,0,1,0,0,1,0,1,0,1,1,0,0,0,1,0,1,0,0,1,0,1,0,1,1,0,0
2024,11,5,17:41:45.326,41.32,105,119.5,0.9079,2650.5,1267.1,7.924,0.02,0.02,0.02,0.02,-1195.0,363.0,-786.0,645.0,13318,-21205,23.2,0.0,2015.0,0,0,0,e1f,d4e,d4a,d4a,d4a,1,1,1,1,1,0,0,0,0,1,1,1,0,0,1,1,1,0,0,1,0,1,0,1,1,0,0,0,1,0,1,0,0,1,0,1,0,1,1,0,0,0,1,0,1,0,0,1,0,1,0,1,1,0,0,0,1,0,1,0,0,1,0,1,0,1,1,0,0
2024,11,5,17:41:45.346,41.34,125,119.5,0.9078,2651.1,1267.7,7.924,0.02,0.02,0.02,0.02,-1196.0,363.0,-787.0,621.0,13325,-21220,21.3,0.0,2010.0,0,0,0,e1f,d4e,d4a,d4a,d4a,1,1,1,1,1,0,0,0,0,1,1,1,0,0,1,1,1,0,0,1,0,1,0,1,1,0,0,0,1,0,1,0,0,1,0,1,0,1,1,0,0,0,1,0,1,0,0,1,0,1,0,1,1,0,0,0,1,0,1,0,0,1,0,1,0,1,1,0,0
2024,11,5,17:41:45.366,41.36,145,119.5,0.9083,2638.5,1255.1,7.924,0.02,0.02,0.02,0.02,-1198.0,363.0,-787.0,597.0,13332,-21236,19.6,0.0,2006.0,0,0,0,e1f,d4e,d4a,d4a,d4a,1,1,1,1,1,0,0,0,0,1,1,1,0,0,1,1,1,0,0,1,0,1,0,1,1,0,0,0,1,0,1,0,0,1,0,1,0,1,1,0,0,0,1,0,1,0,0,1,0,1,0,1,1,0,0,0,1,0,1,0,0,1,0,1,0,1,1,0,0
2024,11,5,17:41:45.386,41.38,165,119.5,0.9083,2638.5,1255.1,7.924,0.02,0.02,0.02,0.02,-1199.0,363.0,-787.0,573.0,13340,-21252,18.5,0.0,2001.0,0,0,0,e1f,d4e,d4a,d4a,d4a,1,1,1,1,1,0,0,0,0,1,1,1,0,0,1,1,1,0,0,1,0,1,0,1,1,0,0,0,1,0,1,0,0,1,0,1,0,1,1,0,0,0,1,0,1,0,0,1,0,1,0,1,1,0,0,0,1,0,1,0,0,1,0,1,0,1,1,0,0
2024,11,5,17:41:45.406,41.40,185,119.5,0.9081,2644.5,1261.1,7.925,0.02,0.02,0.02,0.02,-1200.0,362.0,-786.0,549.0,13347,-21268,18.1,0.0,1997.0,0,0,0,e1f,d4e,d4a,d4a,d4a,1,1,1,1,1,0,0,0,0,1,1,1,0,0,1,1,1,0,0,1,0,1,0,1,1,0,0,0,1,0,1,0,0,1,0,1,0,1,1,0,0,0,1,0,1,0,0,1,0,1,0,1,1,0,0,0,1,0,1,0,0,1,0,1,0,1,1,0,0
2024,11,5,17:41:45.426,41.42,205,119.5,0.9081,2644.5,1261.1,7.925,0.02,0.02,0.02,0.02,-1202.0,362.0,-786.0,525.0,13354,-21283,18.3,0.0,1992.0,0,0,0,e1f,d4e,d4a,d4a,d4a,1,1,1,1,1,0,0,0,0,1,1,1,0,0,1,1,1,0,0,1,0,1,0,1,1,0,0,0,1,0,1,0,0,1,0,1,0,1,1,0,0,0,1,0,1,0,0,1,0,1,0,1,1,0,0,0,1,0,1,0,0,1,0,1,0,1,1,0,0
2024,11,5,17:41:45.446,41.44,225,119.5,0.9081,2644.5,1261.1,7.924,0.02,0.02,0.02,0.02,-1203.0,362.0,-786.0,501.0,13361,-21299,19.0,0.0,1988.0,0,0,0,e1f,d4e,d4a,d4a,d4a,1,1,1,1,1,0,0,0,0,1,1,1,0,0,1,1,1,0,0,1,0,1,0,1,1,0,0,0,1,0,1,0,0,1,0,1,0,1,1,0,0,0,1,0,1,0,0,1,0,1,0,1,1,0,0,0,1,0,1,0,0,1,0,1,0,1,1,0,0
2024,11,5,17:41:45.466,41.46,245,119.5,0.9081,2644.5,1261.1,7.924,0.02,0.02,0.02,0.02,-1205.0,362.0,-786.0,477.0,13369,-21315,20.0,0.0,1983.0,0,0,0,e1f,d4e,d4a,d4a,d4a,1,1,1,1,1,0,0,0,0,1,1,1,0,0,1,1,1,0,0,1,0,1,0,1,1,0,0,0,1,0,1,0,0,1,0,1,0,1,1,0,0,0,1,0,1,0,0,1,0,1,0,1,1,0,0,0,1,0,1,0,0,1,0,1,0,1,1,0,0
2024,11,5,17:41:45.486,41.48,15,119.5,0.9082,2641.5,1258.1,7.925,0.02,0.02,0.02,0.02,-1206.0,362.0,-786.0,453.0,13376,-21331,21.4,0.0,1978.0,0,0,0,e1f,d4e,d4a,d4a,d4a,1,1,1,1,1,0,0,0,0,1,1,1,0,0,1,1,1,0,0,1,0,1,0,1,1,0,0,0,1,0,1,0,0,1,0,1,0,1,1,0,0,0,1,0,1,0,0,1,0,1,0,1,1,0,0,0,1,0,1,0,0,1,0,1,0,1,1,0,0
2024,11,5,17:41:45.506,41.50,35,119.5,0.9082,2641.5,1258.1,7.925,0.02,0.02,0.02,0.02,-1207.0,362.0,-786.0,429.0,13383,-21346,23.0,0.0,1974.0,0,0,0,e1f,d4e,d4a,d4a,d4a,1,1,1,1,1,0,0,0,0,1,1,1,0,0,1,1,1,0,0,1,0,1,0,1,1,0,0,0,1,0,1,0,0,1,0,1,0,1,1,0,0,0,1,0,1,0,0,1,0,1,0,1,1,0,0,0,1,0,1,0,0,1,0,1,0,1,1,0,0
2024,11,5,17:41:45.526,41.52,55,119.5,0.9083,2638.5,1255.1,7.923,0.02,0.02,0.02,0.02,-1209.0,362.0,-786.0,405.0,13390,-21362,24.8,0.0,1969.0,0,0,0,e1f,d4e,d4a,d4a,d4a,1,1,1,1,1,0,0,0,0,1,1,1,0,0,1,1,1,0,0,1,0,1,0,1,1,0,0,0,1,0,1,0,0,1,0,1,0,1,1,0,0,0,1,0,1,0,0,1,0,1,0,1,1,0,0,0,1,0,1,0,0,1,0,1,0,1,1,0,0
2024,11,5,17:41:45.546,41.54,75,119.5,0.9083,2638.5,1255.1,7.925,0.02,0.02,0.02,0.02,-1210.0,361.0,-786.0,380.0,13398,-21378,26.6,0.0,1965.0,0,0,0,e1f,d4e,d4a,d4a,d4a,1,1,1,1,1,0,0,0,0,1,1,1,0,0,1,1,1,0,0,1,0,1,0,1,1,0,0,0,1,0,1,0,0,1,0,1,0,1,1,0,0,0,1,0,1,0,0,1,0,1,0,1,1,0,0,0,1,0,1,0,0,1,0,1,0,1,1,0,0
2024,11,5,17:41:45.566,41.56,95,119.5,0.9084,2635.5,1252.1,7.924,0.02,0.02,0.02,0.02,-1211.0,361.0,-786.0,356.0,13405,-21394,28.5,0.0,1960.0,0,0,0,e1f,d4e,d4a,d4a,d4a,1,1,1,1,1,0,0,0,0,1,1,1,0,0,1,1,1,0,0,1,0,1,0,1,1,0,0,0,1,0,1,0,0,1,0,1,0,1,1,0,0,0,1,0,1,0,0,1,0,1,0,1,1,0,0,0,1,0,1,0,0,1,0,1,0,1,1,0,0
2024,11,5,17:41:45.586,41.58,115,119.5,0.9084,2634.9,1251.5,7.924,0.02,0.02,0.02,0.02,-1212.0,361.0,-786.0,332.0,13412,-21409,30.2,0.0,1956.0,0,0,0,e1f,d4e,d4a,d4a,d4a,1,1,1,1,1,0,0,0,0,1,1,1,0,0,1,1,1,0,0,1,0,1,0,1,1,0,0,0,1,0,1,0,0,1,0,1,0,1,1,0,0,0,1,0,1,0,0,1,0,1,0,1,1,0,0,0,1,0,1,0,0,1,0,1,0,1,1,0,0
2024,11,5,17:41:45.606,41.60,135,119.5,0.9087,2625.9,1242.5,7.925,0.02,0.02,0.02,0.02,-1214.0,361.0,-786.0,308.0,13419,-21425,31.7,0.0,1952.0,0,0,0,e1f,d4e,d4a,d4a,d4a,1,1,1,1,1,0,0,0,0,1,1,1,0,0,1,1,1,0,0,1,0,1,0,1,1,0,0,0,1,0,1,0,0,1,0,1,0,1,1,0,0,0,1,0,1,0,0,1,0,1,0,1,1,0,0,0,1,0,1,0,0,1,0,1,0,1,1,0,0
2024,11,5,17:41:45.626,41.62,155,119.5,0.9087,2625.9,1242.5,7.925,0.02,0.02,0.02,0.02,-1214.0,361.0,-787.0,283.0,13427,-21441,32.8,0.0,1948.0,0,0,0,e1f,d4e,d4a,d4a,d4a,1,1,1,1,1,0,0,0,0,1,1,1,0,0,1,1,1,0,0,1,0,1,0,1,1,0,0,0,1,0,1,0,0,1,0,1,0,1,1,0,0,0,1,0,1,0,0,1,0,1,0,1,1,0,0,0,1,0,1,0,0,1,0,1,0,1,1,0,0
2024,11,5,17:41:45.646,41.64,175,119.5,0.9083,2637.9,1254.5,7.925,0.02,0.02,0.02,0.02,-1216.0,361.0,-787.0,259.0,13434,-21456,33.4,0.0,1944.0,0,0,0,e1f,d4e,d4a,d4a,d4a,1,1,1,1,1,0,0,0,0,1,1,1,0,0,1,1,1,0,0,1,0,1,0,1,1,0,0,0,1,0,1,0,0,1,0,1,0,1,1,0,0,0,1,0,1,0,0,1,0,1,0,1,1,0,0,0,1,0,1,0,0,1,0,1,0,1,1,0,0
2024,11,5,17:41:45.666,41.66,195,119.5,0.9083,2638.5,1255.1,7.925,0.02,0.02,0.02,0.02,-1216.0,361.0,-788.0,235.0,13441,-21472,33.0,0.0,1940.0,0,0,0,e1f,d4e,d4a,d4a,d4a,1,1,1,1,1,0,0,0,0,1,1,1,0,0,1,1,1,0,0,1,0,1,0,1,1,0,0,0,1,0,1,0,0,1,0,1,0,1,1,0,0,0,1,0,1,0,0,1,0,1,0,1,1,0,0,0,1,0,1,0,0,1,0,1,0,1,1,0,0
2024,11,5,17:41:45.686,41.68,215,119.5,0.9080,2645.1,1261.7,7.925,0.02,0.02,0.02,0.02,-1217.0,362.0,-788.0,210.0,13448,-21488,30.4,0.0,1936.0,0,0,0,e1f,d4e,d4a,d4a,d4a,1,1,1,1,1,0,0,0,0,1,1,1,0,0,1,1,1,0,0,1,0,1,0,1,1,0,0,0,1,0,1,0,0,1,0,1,0,1,1,0,0,0,1,0,1,0,0,1,0,1,0,1,1,0,0,0,1,0,1,0,0,1,0,1,0,1,1,0,0
2024,11,5,17:41:45.706,41.70,235,119.5,0.9081,2643.9,1260.5,7.925,0.02,0.02,0.02,0.02,-1218.0,362.0,-789.0,186.0,13456,-21504,27.2,0.0,1932.0,0,0,0,e1f,d4e,d4a,d4a,d4a,1,1,1,1,1,0,0,0,0,1,1,1,0,0,1,1,1,0,0,1,0,1,0,1,1,0,0,0,1,0,1,0,0,1,0,1,0,1,1,0,0,0,1,0,1,0,0,1,0,1,0,1,1,0,0,0,1,0,1,0,0,1,0,1,0,1,1,0,0
2024,11,5,17:41:45.726,41.72,5,119.5,0.9079,2648.7,1265.3,7.924,0.02,0.02,0.02,0.02,-1220.0,362.0,-789.0,162.0,13463,-21520,23.7,0.0,1928.0,0,0,0,e1f,d4e,d4a,d4a,d4a,1,1,1,1,1,0,0,0,0,1,1,1,0,0,1,1,1,0,0,1,0,1,0,1,1,0,0,0,1,0,1,0,0,1,0,1,0,1,1,0,0,0,1,0,1,0,0,1,0,1,0,1,1,0,0,0,1,0,1,0,0,1,0,1,0,1,1,0,0
2024,11,5,17:41:45.746,41.74,25,119.5,0.9079,2649.3,1265.9,7.924,0.02,0.02,0.02,0.02,-1221.0,362.0,-789.0,137.0,13470,-21535,20.1,0.0,1924.0,0,0,0,e1f,d4e,d4a,d4a,d4a,1,1,1,1,1,0,0,0,0,1,1,1,0,0,1,1,1,0,0,1,0,1,0,1,1,0,0,0,1,0,1,0,0,1,0,1,0,1,1,0,0,0,1,0,1,0,0,1,0,1,0,1,1,0,0,0,1,0,1,0,0,1,0,1,0,1,1,0,0
2024,11,5,17:41:45.766,41.76,45,119.5,0.9086,2627.7,1244.3,7.925,0.02,0.02,0.02,0.02,-1223.0,362.0,-789.0,113.0,13477,-21551,16.4,0.0,1920.0,0,0,0,e1f,d4e,d4a,d4a,d4a,1,1,1,1,1,0,0,0,0,1,1,1,0,0,1,1,1,0,0,1,0,1,0,1,1,0,0,0,1,0,1,0,0,1,0,1,0,1,1,0,0,0,1,0,1,0,0,1,0,1,0,1,1,0,0,0,1,0,1,0,0,1,0,1,0,1,1,0,0
2024,11,5,17:41:45.786,41.78,65,119.5,0.9086,2627.7,1244.3,7.924,0.02,0.02,0.02,0.02,-1224.0,362.0,-789.0,88.0,13485,-21567,12.9,0.0,1916.0,0,0,0,e1f,d4e,d4a,d4a,d4a,1,1,1,1,1,0,0,0,0,1,1,1,0,0,1,1,1,0,0,1,0,1,0,1,1,0,0,0,1,0,1,0,0,1,0,1,0,1,1,0,0,0,1,0,1,0,0,1,0,1,0,1,1,0,0,0,1,0,1,0,0,1,0,1,0,1,1,0,0
2024,11,5,17:41:45.806,41.80,85,119.5,0.9094,2605.6,1222.2,7.925,0.02,0.02,0.02,0.02,-1225.0,362.0,-789.0,64.0,13492,-21583,9.9,0.0,1912.0,0,0,0,e1f,d4e,d4a,d4a,d4e,1,1,1,1,1,0,0,0,0,1,1,1,0,0,1,1,1,0,0,1,0,1,0,1,1,0,0,0,1,0,1,0,0,1,0,1,0,1,1,0,0,0,1,0,1,0,0,1,0,1,0,1,1,0,0,0,1,1,1,0,0,1,0,1,0,1,1,0,0
2024,11,5,17:41:45.826,41.82,105,119.5,0.9093,2606.2,1222.8,7.925,0.02,0.02,0.02,0.02,-1227.0,362.0,-789.0,39.0,13499,-21599,8.4,0.0,1908.0,0,0,0,e1f,d46,d42,d42,d46,1,1,1,1,1,0,0,0,0,1,1,1,0,0,1,1,0,0,0,1,0,1,0,1,1,0,0,0,1,0,0,0,0,1,0,1,0,1,1,0,0,0,1,0,0,0,0,1,0,1,0,1,1,0,0,0,1,1,0,0,0,1,0,1,0,1,1,0,0
2024,11,5,17:41:45.846,41.84,125,119.5,0.9093,2606.2,1222.8,7.924,0.02,0.02,0.02,0.02,-1228.0,361.0,-788.0,15.0,13506,-21614,10.1,0.0,1903.0,0,0,0,e1f,d46,d42,d42,d46,1,1,1,1,1,0,0,0,0,1,1,1,0,0,1,1,0,0,0,1,0,1,0,1,1,0,0,0,1,0,0,0,0,1,0,1,0,1,1,0,0,0,1,0,0,0,0,1,0,1,0,1,1,0,0,0,1,1,0,0,0,1,0,1,0,1,1,0,0
2024,11,5,17:41:45.866,41.86,145,119.5,0.9093,2606.2,1222.8,7.926,0.02,0.02,0.02,0.02,-1230.0,360.0,-788.0,-9.0,13513,-21630,13.3,0.0,1897.0,0,0,0,e1f,d46,d42,d42,d46,1,1,1,1,1,0,0,0,0,1,1,1,0,0,1,1,0,0,0,1,0,1,0,1,1,0,0,0,1,0,0,0,0,1,0,1,0,1,1,0,0,0,1,0,0,0,0,1,0,1,0,1,1,0,0,0,1,1,0,0,0,1,0,1,0,1,1,0,0
2024,11,5,17:41:45.886,41.88,165,119.5,0.9100,2587.1,1203.7,7.924,0.02,0.02,0.02,0.02,-1231.0,360.0,-788.0,-33.0,13521,-21646,16.8,0.0,1891.0,0,0,0,e1f,d4e,d4a,d4a,d4e,1,1,1,1,1,0,0,0,0,1,1,1,0,0,1,1,1,0,0,1,0,1,0,1,1,0,0,0,1,0,1,0,0,1,0,1,0,1,1,0,0,0,1,0,1,0,0,1,0,1,0,1,1,0,0,0,1,1,1,0,0,1,0,1,0,1,1,0,0
2024,11,5,17:41:45.906,41.90,185,119.5,0.9100,2587.1,1203.7,7.924,0.02,0.02,0.02,0.02,-1232.0,359.0,-788.0,-58.0,13528,-21662,20.4,0.0,1885.0,0,0,0,e1f,d4e,d4a,d4a,d4a,1,1,1,1,1,0,0,0,0,1,1,1,0,0,1,1,1,0,0,1,0,1,0,1,1,0,0,0,1,0,1,0,0,1,0,1,0,1,1,0,0,0,1,0,1,0,0,1,0,1,0,1,1,0,0,0,1,0,1,0,0,1,0,1,0,1,1,0,0
2024,11,5,17:41:45.926,41.92,205,119.5,0.9101,2584.1,1200.7,7.924,0.02,0.02,0.02,0.02,-1234.0,359.0,-788.0,-83.0,13535,-21677,24.3,0.0,1878.0,0,0,0,e1f,d4e,d4a,d4a,d4a,1,1,1,1,1,0,0,0,0,1,1,1,0,0,1,1,1,0,0,1,0,1,0,1,1,0,0,0,1,0,1,0,0,1,0,1,0,1,1,0,0,0,1,0,1,0,0,1,0,1,0,1,1,0,0,0,1,0,1,0,0,1,0,1,0,1,1,0,0
2024,11,5,17:41:45.946,41.94,225,119.5,0.9101,2584.7,1201.3,7.924,0.02,0.02,0.02,0.02,-1235.0,358.0,-788.0,-107.0,13542,-21693,28.9,0.0,1872.0,0,0,0,e1f,d4e,d4a,d4a,d4a,1,1,1,1,1,0,0,0,0,1,1,1,0,0,1,1,1,0,0,1,0,1,0,1,1,0,0,0,1,0,1,0,0,1,0,1,0,1,1,0,0,0,1,0,1,0,0,1,0,1,0,1,1,0,0,0,1,0,1,0,0,1,0,1,0,1,1,0,0
2024,11,5,17:41:45.966,41.96,245,119.5,0.9101,2584.7,1201.3,7.925,0.02,0.02,0.02,0.02,-1237.0,357.0,-787.0,-132.0,13549,-21709,34.3,0.0,1865.0,0,0,0,e1f,d4e,d4a,d4a,d4a,1,1,1,1,1,0,0,0,0,1,1,1,0,0,1,1,1,0,0,1,0,1,0,1,1,0,0,0,1,0,1,0,0,1,0,1,0,1,1,0,0,0,1,0,1,0,0,1,0,1,0,1,1,0,0,0,1,0,1,0,0,1,0,1,0,1,1,0,0
2024,11,5,17:41:45.986,41.98,15,119.5,0.9101,2584.1,1200.7,7.925,0.02,0.02,0.02,0.02,-1239.0,357.0,-788.0,-157.0,13557,-21725,40.1,0.0,1859.0,0,0,0,e1f,d4e,d4a,d4a,d4a,1,1,1,1,1,0,0,0,0,1,1,1,0,0,1,1,1,0,0,1,0,1,0,1,1,0,0,0,1,0,1,0,0,1,0,1,0,1,1,0,0,0,1,0,1,0,0,1,0,1,0,1,1,0,0,0,1,0,1,0,0,1,0,1,0,1,1,0,0
2024,11,5,17:41:46.006,42.00,35,119.5,0.9094,2604.4,1221.0,7.924,0.02,0.02,0.02,0.02,-1241.0,357.0,-788.0,-182.0,13564,-21740,46.3,0.0,1854.0,0,0,0,e1f,d4e,d4a,d4a,d4a,1,1,1,1,1,0,0,0,0,1,1,1,0,0,1,1,1,0,0,1,0,1,0,1,1,0,0,0,1,0,1,0,0,1,0,1,0,1,1,0,0,0,1,0,1,0,0,1,0,1,0,1,1,0,0,0,1,0,1,0,0,1,0,1,0,1,1,0,0
2024,11,5,17:41:46.026,42.02,55,119.5,0.9094,2604.4,1221.0,7.923,0.02,0.02,0.02,0.02,-1242.0,356.0,-788.0,-207.0,13571,-21756,52.6,0.0,1848.0,0,0,0,e1f,d4e,d4a,d4a,d4a,1,1,1,1,1,0,0,0,0,1,1,1,0,0,1,1,1,0,0,1,0,1,0,1,1,0,0,0,1,0,1,0,0,1,0,1,0,1,1,0,0,0,1,0,1,0,0,1,0,1,0,1,1,0,0,0,1,0,1,0,0,1,0,1,0,1,1,0,0
2024,11,5,17:41:46.046,42.04,75,119.5,0.9086,2627.7,1244.3,7.924,0.02,0.02,0.02,0.02,-1244.0,356.0,-788.0,-232.0,13578,-21772,59.1,0.0,1844.0,0,0,0,e1f,d4e,d4a,d4a,d4a,1,1,1,1,1,0,0,0,0,1,1,1,0,0,1,1,1,0,0,1,0,1,0,1,1,0,0,0,1,0,1,0,0,1,0,1,0,1,1,0,0,0,1,0,1,0,0,1,0,1,0,1,1,0,0,0,1,0,1,0,0,1,0,1,0,1,1,0,0
2024,11,5,17:41:46.066,42.06,95,119.5,0.9086,2627.7,1244.3,7.925,0.02,0.02,0.02,0.02,-1246.0,356.0,-788.0,-256.0,13585,-21788,65.4,0.0,1840.0,0,0,0,e1f,d4e,d4a,d4a,d4a,1,1,1,1,1,0,0,0,0,1,1,1,0,0,1,1,1,0,0,1,0,1,0,1,1,0,0,0,1,0,1,0,0,1,0,1,0,1,1,0,0,0,1,0,1,0,0,1,0,1,0,1,1,0,0,0,1,0,1,0,0,1,0,1,0,1,1,0,0
2024,11,5,17:41:46.086,42.08,115,119.5,0.9078,2651.1,1267.7,7.925,0.02,0.02,0.02,0.02,-1248.0,356.0,-789.0,-281.0,13592,-21803,71.5,0.0,1836.0,0,0,0,e1f,d4e,d4a,d4a,d4a,1,1,1,1,1,0,0,0,0,1,1,1,0,0,1,1,1,0,0,1,0,1,0,1,1,0,0,0,1,0,1,0,0,1,0,1,0,1,1,0,0,0,1,0,1,0,0,1,0,1,0,1,1,0,0,0,1,0,1,0,0,1,0,1,0,1,1,0,0
2024,11,5,17:41:46.106,42.10,135,119.5,0.9079,2650.5,1267.1,7.924,0.02,0.02,0.02,0.02,-1249.0,356.0,-789.0,-306.0,13599,-21819,77.3,0.0,1833.0,0,0,0,e1f,d4e,d4a,d4a,d4a,1,1,1,1,1,0,0,0,0,1,1,1,0,0,1,1,1,0,0,1,0,1,0,1,1,0,0,0,1,0,1,0,0,1,0,1,0,1,1,0,0,0,1,0,1,0,0,1,0,1,0,1,1,0,0,0,1,0,1,0,0,1,0,1,0,1,1,0,0
2024,11,5,17:41:46.126,42.12,155,119.5,0.9075,2660.0,1276.7,7.924,0.02,0.02,0.02,0.02,-1251.0,356.0,-789.0,-331.0,13606,-21835,82.7,0.0,1831.0,0,0,0,e1f,d4e,d4a,d4a,d4a,1,1,1,1,1,0,0,0,0,1,1,1,0,0,1,1,1,0,0,1,0,1,0,1,1,0,0,0,1,0,1,0,0,1,0,1,0,1,1,0,0,0,1,0,1,0,0,1,0,1,0,1,1,0,0,0,1,0,1,0,0,1,0,1,0,1,1,0,0
2024,11,5,17:41:46.146,42.14,175,119.5,0.9075,2660.0,1276.7,7.923,0.02,0.02,0.02,0.02,-1252.0,356.0,-789.0,-356.0,13614,-21851,87.6,0.0,1829.0,0,0,0,e1f,d4e,d4a,d4a,d4a,1,1,1,1,1,0,0,0,0,1,1,1,0,0,1,1,1,0,0,1,0,1,0,1,1,0,0,0,1,0,1,0,0,1,0,1,0,1,1,0,0,0,1,0,1,0,0,1,0,1,0,1,1,0,0,0,1,0,1,0,0,1,0,1,0,1,1,0,0
2024,11,5,17:41:46.166,42.16,195,119.5,0.9079,2650.5,1267.1,7.923,0.02,0.02,0.02,0.02,-1253.0,356.0,-789.0,-381.0,13621,-21867,92.1,0.0,1827.0,0,0,0,e1f,d4e,d4a,d4a,d4a,1,1,1,1,1,0,0,0,0,1,1,1,0,0,1,1,1,0,0,1,0,1,0,1,1,0,0,0,1,0,1,0,0,1,0,1,0,1,1,0,0,0,1,0,1,0,0,1,0,1,0,1,1,0,0,0,1,0,1,0,0,1,0,1,0,1,1,0,0
2024,11,5,17:41:46.186,42.18,215,119.5,0.9078,2651.1,1267.7,7.925,0.02,0.02,0.02,0.02,-1255.0,356.0,-789.0,-407.0,13628,-21882,95.8,0.0,1825.0,0,0,0,e1f,d4a,d4a,d4a,d4a,1,1,1,1,1,0,0,0,0,1,1,1,0,0,1,0,1,0,0,1,0,1,0,1,1,0,0,0,1,0,1,0,0,1,0,1,0,1,1,0,0,0,1,0,1,0,0,1,0,1,0,1,1,0,0,0,1,0,1,0,0,1,0,1,0,1,1,0,0
2024,11,5,17:41:46.206,42.20,235,119.5,0.9085,2631.9,1248.5,7.923,0.02,0.02,0.02,0.02,-1256.0,356.0,-789.0,-432.0,13635,-21898,98.7,0.0,1824.0,0,0,0,e1f,d4a,d4a,d4a,d4a,1,1,1,1,1,0,0,0,0,1,1,1,0,0,1,0,1,0,0,1,0,1,0,1,1,0,0,0,1,0,1,0,0,1,0,1,0,1,1,0,0,0,1,0,1,0,0,1,0,1,0,1,1,0,0,0,1,0,1,0,0,1,0,1,0,1,1,0,0
2024,11,5,17:41:46.226,42.22,5,119.5,0.9085,2631.9,1248.5,7.924,0.02,0.02,0.02,0.02,-1257.0,356.0,-789.0,-457.0,13642,-21914,100.7,0.0,1822.0,0,0,0,e1f,d4a,d4a,d4a,d4a,1,1,1,1,1,0,0,0,0,1,1,1,0,0,1,0,1,0,0,1,0,1,0,1,1,0,0,0,1,0,1,0,0,1,0,1,0,1,1,0,0,0,1,0,1,0,0,1,0,1,0,1,1,0,0,0,1,0,1,0,0,1,0,1,0,1,1,0,0
2024,11,5,17:41:46.246,42.24,25,119.5,0.9088,2622.3,1239.0,7.923,0.02,0.02,0.02,0.02,-1258.0,356.0,-789.0,-482.0,13649,-21930,101.7,0.0,1821.0,0,0,0,e1f,d4a,d4a,d4a,d4a,1,1,1,1,1,0,0,0,0,1,1,1,0,0,1,0,1,0,0,1,0,1,0,1,1,0,0,0,1,0,1,0,0,1,0,1,0,1,1,0,0,0,1,0,1,0,0,1,0,1,0,1,1,0,0,0,1,0,1,0,0,1,0,1,0,1,1,0,0
2024,11,5,17:41:46.266,42.26,45,119.5,0.9088,2622.3,1239.0,7.924,0.02,0.02,0.02,0.02,-1259.0,356.0,-789.0,-507.0,13656,-21946,101.9,0.0,1821.0,0,0,0,e1f,d4a,d4a,d4a,d4a,1,1,1,1,1,0,0,0,0,1,1,1,0,0,1,0,1,0,0,1,0,1,0,1,1,0,0,0,1,0,1,0,0,1,0,1,0,1,1,0,0,0,1,0,1,0,0,1,0,1,0,1,1,0,0,0,1,0,1,0,0,1,0,1,0,1,1,0,0
2024,11,5,17:41:46.286,42.28,65,119.5,0.9095,2602.6,1219.2,7.923,0.02,0.02,0.02,0.02,-1260.0,356.0,-789.0,-532.0,13664,-21961,101.4,0.0,1821.0,0,0,0,e1f,d4a,d4a,d4a,d4a,1,1,1,1,1,0,0,0,0,1,1,1,0,0,1,0,1,0,0,1,0,1,0,1,1,0,0,0,1,0,1,0,0,1,0,1,0,1,1,0,0,0,1,0,1,0,0,1,0,1,0,1,1,0,0,0,1,0,1,0,0,1,0,1,0,1,1,0,0
2024,11,5,17:41:46.306,42.30,85,119.5,0.9095,2602.6,1219.2,7.925,0.02,0.02,0.02,0.02,-1261.0,356.0,-789.0,-558.0,13671,-21977,100.0,0.0,1821.0,0,0,0,e1f,d4a,d4a,d4a,d4a,1,1,1,1,1,0,0,0,0,1,1,1,0,0,1,0,1,0,0,1,0,1,0,1,1,0,0,0,1,0,1,0,0,1,0,1,0,1,1,0,0,0,1,0,1,0,0,1,0,1,0,1,1,0,0,0,1,0,1,0,0,1,0,1,0,1,1,0,0
2024,11,5,17:41:46.326,42.32,105,119.5,0.9096,2597.8,1214.5,7.925,0.02,0.02,0.02,0.02,-1262.0,356.0,-789.0,-583.0,13678,-21993,98.1,0.0,1823.0,0,0,0,e1f,d4a,d4a,d4a,d4a,1,1,1,1,1,0,0,0,0,1,1,1,0,0,1,0,1,0,0,1,0,1,0,1,1,0,0,0,1,0,1,0,0,1,0,1,0,1,1,0,0,0,1,0,1,0,0,1,0,1,0,1,1,0,0,0,1,0,1,0,0,1,0,1,0,1,1,0,0
2024,11,5,17:41:46.346,42.34,125,119.5,0.9096,2597.8,1214.5,7.925,0.02,0.02,0.02,0.02,-1264.0,356.0,-789.0,-608.0,13685,-22009,95.7,0.0,1824.0,0,0,0,e1f,d4a,d4a,d4a,d4a,1,1,1,1,1,0,0,0,0,1,1,1,0,0,1,0,1,0,0,1,0,1,0,1,1,0,0,0,1,0,1,0,0,1,0,1,0,1,1,0,0,0,1,0,1,0,0,1,0,1,0,1,1,0,0,0,1,0,1,0,0,1,0,1,0,1,1,0,0
2024,11,5,17:41:46.366,42.36,145,119.5,0.9092,2610.4,1227.0,7.924,0.02,0.02,0.02,0.02,-1265.0,356.0,-790.0,-633.0,13692,-22024,93.1,0.0,1826.0,0,0,0,e1f,d4a,d4a,d4a,d4a,1,1,1,1,1,0,0,0,0,1,1,1,0,0,1,0,1,0,0,1,0,1,0,1,1,0,0,0,1,0,1,0,0,1,0,1,0,1,1,0,0,0,1,0,1,0,0,1,0,1,0,1,1,0,0,0,1,0,1,0,0,1,0,1,0,1,1,0,0
2024,11,5,17:41:46.386,42.38,165,119.5,0.9092,2610.4,1227.0,7.924,0.02,0.02,0.02,0.02,-1266.0,356.0,-790.0,-659.0,13699,-22040,90.3,0.0,1829.0,0,0,0,e1f,d4a,d4a,d4a,d4a,1,1,1,1,1,0,0,0,0,1,1,1,0,0,1,0,1,0,0,1,0,1,0,1,1,0,0,0,1,0,1,0,0,1,0,1,0,1,1,0,0,0,1,0,1,0,0,1,0,1,0,1,1,0,0,0,1,0,1,0,0,1,0,1,0,1,1,0,0
2024,11,5,17:41:46.406,42.40,185,119.5,0.9092,2610.4,1227.0,7.923,0.02,0.02,0.02,0.02,-1268.0,356.0,-790.0,-684.0,13706,-22056,87.6,0.0,1832.0,0,0,0,e1f,d4a,d4a,d4a,d4a,1,1,1,1,1,0,0,0,0,1,1,1,0,0,1,0,1,0,0,1,0,1,0,1,1,0,0,0,1,0,1,0,0,1,0,1,0,1,1,0,0,0,1,0,1,0,0,1,0,1,0,1,1,0,0,0,1,0,1,0,0,1,0,1,0,1,1,0,0
2024,11,5,17:41:46.426,42.42,205,119.5,0.9092,2610.4,1227.0,7.924,0.02,0.02,0.02,0.02,-1269.0,355.0,-790.0,-709.0,13713,-22072,84.8,0.0,1835.0,0,0,0,e1f,d4e,d4a,d4a,d4a,1,1,1,1,1,0,0,0,0,1,1,1,0,0,1,1,1,0,0,1,0,1,0,1,1,0,0,0,1,0,1,0,0,1,0,1,0,1,1,0,0,0,1,0,1,0,0,1,0,1,0,1,1,0,0,0,1,0,1,0,0,1,0,1,0,1,1,0,0
2024,11,5,17:41:46.446,42.44,225,119.5,0.9082,2641.5,1258.1,7.923,0.02,0.02,0.02,0.02,-1271.0,355.0,-790.0,-735.0,13721,-22088,82.0,0.0,1839.0,0,0,0,e1f,d4e,d4a,d4a,d4a,1,1,1,1,1,0,0,0,0,1,1,1,0,0,1,1,1,0,0,1,0,1,0,1,1,0,0,0,1,0,1,0,0,1,0,1,0,1,1,0,0,0,1,0,1,0,0,1,0,1,0,1,1,0,0,0,1,0,1,0,0,1,0,1,0,1,1,0,0
2024,11,5,17:41:46.466,42.46,245,119.5,0.9082,2641.5,1258.1,7.924,0.02,0.02,0.02,0.02,-1272.0,355.0,-791.0,-760.0,13728,-22104,79.1,0.0,1843.0,0,0,0,e1f,d4e,d4a,d4a,d4a,1,1,1,1,1,0,0,0,0,1,1,1,0,0,1,1,1,0,0,1,0,1,0,1,1,0,0,0,1,0,1,0,0,1,0,1,0,1,1,0,0,0,1,0,1,0,0,1,0,1,0,1,1,0,0,0,1,0,1,0,0,1,0,1,0,1,1,0,0
2024,11,5,17:41:46.486,42.48,15,119.5,0.9090,2617.0,1233.6,7.924,0.02,0.02,0.02,0.02,-1274.0,355.0,-791.0,-786.0,13735,-22119,76.1,0.0,1848.0,0,0,0,e1f,d4e,d4a,d4a,d4a,1,1,1,1,1,0,0,0,0,1,1,1,0,0,1,1,1,0,0,1,0,1,0,1,1,0,0,0,1,0,1,0,0,1,0,1,0,1,1,0,0,0,1,0,1,0,0,1,0,1,0,1,1,0,0,0,1,0,1,0,0,1,0,1,0,1,1,0,0
2024,11,5,17:41:46.506,42.50,35,119.5,0.9090,2617.0,1233.6,7.924,0.02,0.02,0.02,0.02,-1275.0,355.0,-791.0,-811.0,13742,-22135,73.1,0.0,1853.0,0,0,0,e1f,d4e,d4a,d4a,d4a,1,1,1,1,1,0,0,0,0,1,1,1,0,0,1,1,1,0,0,1,0,1,0,1,1,0,0,0,1,0,1,0,0,1,0,1,0,1,1,0,0,0,1,0,1,0,0,1,0,1,0,1,1,0,0,0,1,0,1,0,0,1,0,1,0,1,1,0,0
2024,11,5,17:41:46.526,42.52,55,119.5,0.9094,2604.4,1221.0,7.923,0.02,0.02,0.02,0.02,-1277.0,355.0,-791.0,-837.0,13749,-22151,69.9,0.0,1859.0,0,0,0,e1f,d4e,d4a,d4a,d4a,1,1,1,1,1,0,0,0,0,1,1,1,0,0,1,1,1,0,0,1,0,1,0,1,1,0,0,0,1,0,1,0,0,1,0,1,0,1,1,0,0,0,1,0,1,0,0,1,0,1,0,1,1,0,0,0,1,0,1,0,0,1,0,1,0,1,1,0,0
2024,11,5,17:41:46.546,42.54,75,119.5,0.9094,2604.4,1221.0,7.923,0.02,0.02,0.02,0.02,-1278.0,354.0,-792.0,-862.0,13756,-22167,66.7,0.0,1865.0,0,0,0,e1f,d4e,d4a,d4a,d4a,1,1,1,1,1,0,0,0,0,1,1,1,0,0,1,1,1,0,0,1,0,1,0,1,1,0,0,0,1,0,1,0,0,1,0,1,0,1,1,0,0,0,1,0,1,0,0,1,0,1,0,1,1,0,0,0,1,0,1,0,0,1,0,1,0,1,1,0,0
2024,11,5,17:41:46.566,42.56,95,119.5,0.9098,2592.5,1209.1,7.924,0.02,0.02,0.02,0.02,-1280.0,354.0,-792.0,-888.0,13763,-22183,63.5,0.0,1871.0,0,0,0,e1f,d4e,d4a,d4a,d4a,1,1,1,1,1,0,0,0,0,1,1,1,0,0,1,1,1,0,0,1,0,1,0,1,1,0,0,0,1,0,1,0,0,1,0,1,0,1,1,0,0,0,1,0,1,0,0,1,0,1,0,1,1,0,0,0,1,0,1,0,0,1,0,1,0,1,1,0,0
2024,11,5,17:41:46.586,42.58,115,119.5,0.9098,2592.5,1209.1,7.925,0.02,0.02,0.02,0.02,-1281.0,354.0,-792.0,-914.0,13770,-22199,60.3,0.0,1877.0,0,0,0,e1f,d4e,d4a,d4a,d4a,1,1,1,1,1,0,0,0,0,1,1,1,0,0,1,1,1,0,0,1,0,1,0,1,1,0,0,0,1,0,1,0,0,1,0,1,0,1,1,0,0,0,1,0,1,0,0,1,0,1,0,1,1,0,0,0,1,0,1,0,0,1,0,1,0,1,1,0,0
2024,11,5,17:41:46.606,42.60,135,119.5,0.9106,2569.2,1185.8,7.923,0.02,0.02,0.02,0.02,-1283.0,354.0,-793.0,-939.0,13777,-22214,57.2,0.0,1883.0,0,0,0,e1f,d4e,d4a,d4a,d4a,1,1,1,1,1,0,0,0,0,1,1,1,0,0,1,1,1,0,0,1,0,1,0,1,1,0,0,0,1,0,1,0,0,1,0,1,0,1,1,0,0,0,1,0,1,0,0,1,0,1,0,1,1,0,0,0,1,0,1,0,0,1,0,1,0,1,1,0,0
2024,11,5,17:41:46.626,42.62,155,119.5,0.9106,2569.2,1185.8,7.923,0.02,0.02,0.02,0.02,-1284.0,354.0,-793.0,-965.0,13784,-22230,54.1,0.0,1889.0,0,0,0,e1f,d4e,d4a,d4a,d4a,1,1,1,1,1,0,0,0,0,1,1,1,0,0,1,1,1,0,0,1,0,1,0,1,1,0,0,0,1,0,1,0,0,1,0,1,0,1,1,0,0,0,1,0,1,0,0,1,0,1,0,1,1,0,0,0,1,0,1,0,0,1,0,1,0,1,1,0,0
2024,11,5,17:41:46.646,42.64,175,119.5,0.9115,2542.9,1159.5,7.925,0.02,0.02,0.02,0.02,-1285.0,354.0,-793.0,-991.0,13792,-22246,51.2,0.0,1894.0,0,0,0,e1f,d4e,d4a,d4a,d4a,1,1,1,1,1,0,0,0,0,1,1,1,0,0,1,1,1,0,0,1,0,1,0,1,1,0,0,0,1,0,1,0,0,1,0,1,0,1,1,0,0,0,1,0,1,0,0,1,0,1,0,1,1,0,0,0,1,0,1,0,0,1,0,1,0,1,1,0,0
2024,11,5,17:41:46.666,42.66,195,119.5,0.9115,2542.9,1159.5,7.924,0.02,0.02,0.02,0.02,-1287.0,354.0,-794.0,-1016.0,13799,-22262,48.4,0.0,1900.0,0,0,0,e1f,d4e,d4a,d4a,d4a,1,1,1,1,1,0,0,0,0,1,1,1,0,0,1,1,1,0,0,1,0,1,0,1,1,0,0,0,1,0,1,0,0,1,0,1,0,1,1,0,0,0,1,0,1,0,0,1,0,1,0,1,1,0,0,0,1,0,1,0,0,1,0,1,0,1,1,0,0
2024,11,5,17:41:46.686,42.68,215,119.5,0.9117,2536.3,1153.0,7.925,0.02,0.02,0.02,0.02,-1288.0,354.0,-794.0,-1042.0,13806,-22278,45.9,0.0,1906.0,0,0,0,e1f,d4e,d4a,d4a,d4a,1,1,1,1,1,0,0,0,0,1,1,1,0,0,1,1,1,0,0,1,0,1,0,1,1,0,0,0,1,0,1,0,0,1,0,1,0,1,1,0,0,0,1,0,1,0,0,1,0,1,0,1,1,0,0,0,1,0,1,0,0,1,0,1,0,1,1,0,0
2024,11,5,17:41:46.706,42.70,235,119.5,0.9117,2536.3,1153.0,7.924,0.02,0.02,0.02,0.02,-1290.0,354.0,-794.0,-1068.0,13813,-22294,43.6,0.0,1911.0,0,0,0,e1f,d4e,d4a,d4a,d4a,1,1,1,1,1,0,0,0,0,1,1,1,0,0,1,1,1,0,0,1,0,1,0,1,1,0,0,0,1,0,1,0,0,1,0,1,0,1,1,0,0,0,1,0,1,0,0,1,0,1,0,1,1,0,0,0,1,0,1,0,0,1,0,1,0,1,1,0,0
2024,11,5,17:41:46.726,42.72,5,119.5,0.9117,2536.3,1153.0,7.924,0.02,0.02,0.02,0.02,-1291.0,354.0,-794.0,-1094.0,13820,-22310,41.5,0.0,1917.0,0,0,0,e1f,d4e,d4a,d4a,d4a,1,1,1,1,1,0,0,0,0,1,1,1,0,0,1,1,1,0,0,1,0,1,0,1,1,0,0,0,1,0,1,0,0,1,0,1,0,1,1,0,0,0,1,0,1,0,0,1,0,1,0,1,1,0,0,0,1,0,1,0,0,1,0,1,0,1,1,0,0
2024,11,5,17:41:46.746,42.74,25,119.5,0.9117,2536.3,1153.0,7.925,0.02,0.02,0.02,0.02,-1292.0,354.0,-794.0,-1119.0,13827,-22326,39.6,0.0,1922.0,0,0,0,e1f,d4e,d4a,d4a,d4a,1,1,1,1,1,0,0,0,0,1,1,1,0,0,1,1,1,0,0,1,0,1,0,1,1,0,0,0,1,0,1,0,0,1,0,1,0,1,1,0,0,0,1,0,1,0,0,1,0,1,0,1,1,0,0,0,1,0,1,0,0,1,0,1,0,1,1,0,0
2024,11,5,17:41:46.766,42.76,45,119.5,0.9115,2542.3,1158.9,7.924,0.02,0.02,0.02,0.02,-1294.0,354.0,-795.0,-1145.0,13834,-22342,37.9,0.0,1927.0,0,0,0,e1f,d4e,d4a,d4a,d4a,1,1,1,1,1,0,0,0,0,1,1,1,0,0,1,1,1,0,0,1,0,1,0,1,1,0,0,0,1,0,1,0,0,1,0,1,0,1,1,0,0,0,1,0,1,0,0,1,0,1,0,1,1,0,0,0,1,0,1,0,0,1,0,1,0,1,1,0,0
2024,11,5,17:41:46.786,42.78,65,119.5,0.9115,2542.9,1159.5,7.924,0.02,0.02,0.02,0.02,-1295.0,354.0,-795.0,-1171.0,13841,-22357,36.4,0.0,1932.0,0,0,0,e1f,d4e,d4a,d4a,d4a,1,1,1,1,1,0,0,0,0,1,1,1,0,0,1,1,1,0,0,1,0,1,0,1,1,0,0,0,1,0,1,0,0,1,0,1,0,1,1,0,0,0,1,0,1,0,0,1,0,1,0,1,1,0,0,0,1,0,1,0,0,1,0,1,0,1,1,0,0
2024,11,5,17:41:46.806,42.80,85,119.5,0.9114,2544.1,1160.7,7.924,0.02,0.02,0.02,0.02,-1296.0,354.0,-795.0,-1197.0,13848,-22373,35.0,0.0,1937.0,0,0,0,e1f,d4e,d4a,d4a,d4a,1,1,1,1,1,0,0,0,0,1,1,1,0,0,1,1,1,0,0,1,0,1,0,1,1,0,0,0,1,0,1,0,0,1,0,1,0,1,1,0,0,0,1,0,1,0,0,1,0,1,0,1,1,0,0,0,1,0,1,0,0,1,0,1,0,1,1,0,0
2024,11,5,17:41:46.826,42.82,105,119.5,0.9114,2544.7,1161.3,7.924,0.02,0.02,0.02,0.02,-1298.0,354.0,-795.0,-1223.0,13855,-22389,33.7,0.0,1942.0,0,0,0,e1f,d4e,d4a,d4a,d4a,1,1,1,1,1,0,0,0,0,1,1,1,0,0,1,1,1,0,0,1,0,1,0,1,1,0,0,0,1,0,1,0,0,1,0,1,0,1,1,0,0,0,1,0,1,0,0,1,0,1,0,1,1,0,0,0,1,0,1,0,0,1,0,1,0,1,1,0,0
2024,11,5,17:41:46.846,42.84,125,119.5,0.9115,2541.7,1158.3,7.925,0.02,0.02,0.02,0.02,-1299.0,354.0,-795.0,-1249.0,13862,-22405,32.3,0.0,1948.0,0,0,0,e1f,d4e,d4a,d4a,d4a,1,1,1,1,1,0,0,0,0,1,1,1,0,0,1,1,1,0,0,1,0,1,0,1,1,0,0,0,1,0,1,0,0,1,0,1,0,1,1,0,0,0,1,0,1,0,0,1,0,1,0,1,1,0,0,0,1,0,1,0,0,1,0,1,0,1,1,0,0
2024,11,5,17:41:46.866,42.86,145,119.5,0.9115,2541.7,1158.3,7.925,0.02,0.02,0.02,0.02,-1300.0,354.0,-795.0,-1275.0,13869,-22421,30.9,0.0,1954.0,0,0,0,e1f,d4e,d4a,d4a,d4a,1,1,1,1,1,0,0,0,0,1,1,1,0,0,1,1,1,0,0,1,0,1,0,1,1,0,0,0,1,0,1,0,0,1,0,1,0,1,1,0,0,0,1,0,1,0,0,1,0,1,0,1,1,0,0,0,1,0,1,0,0,1,0,1,0,1,1,0,0
2024,11,5,17:41:46.886,42.88,165,119.5,0.9115,2541.7,1158.3,7.924,0.02,0.02,0.02,0.02,-1301.0,355.0,-795.0,-1301.0,13877,-22437,29.5,0.0,1960.0,0,0,0,e1f,d4e,d4a,d4a,d4a,1,1,1,1,1,0,0,0,0,1,1,1,0,0,1,1,1,0,0,1,0,1,0,1,1,0,0,0,1,0,1,0,0,1,0,1,0,1,1,0,0,0,1,0,1,0,0,1,0,1,0,1,1,0,0,0,1,0,1,0,0,1,0,1,0,1,1,0,0
2024,11,5,17:41:46.906,42.90,185,119.5,0.9115,2541.7,1158.3,7.925,0.02,0.02,0.02,0.02,-1302.0,355.0,-795.0,-1327.0,13884,-22453,28.0,0.0,1966.0,0,0,0,e1f,d4e,d4a,d4a,d4a,1,1,1,1,1,0,0,0,0,1,1,1,0,0,1,1,1,0,0,1,0,1,0,1,1,0,0,0,1,0,1,0,0,1,0,1,0,1,1,0,0,0,1,0,1,0,0,1,0,1,0,1,1,0,0,0,1,0,1,0,0,1,0,1,0,1,1,0,0
2024,11,5,17:41:46.926,42.92,205,119.5,0.9123,2518.5,1135.1,7.926,0.02,0.02,0.02,0.02,-1303.0,355.0,-796.0,-1353.0,13891,-22469,26.3,0.0,1973.0,0,0,0,e1f,d4e,d4a,d4a,d4a,1,1,1,1,1,0,0,0,0,1,1,1,0,0,1,1,1,0,0,1,0,1,0,1,1,0,0,0,1,0,1,0,0,1,0,1,0,1,1,0,0,0,1,0,1,0,0,1,0,1,0,1,1,0,0,0,1,0,1,0,0,1,0,1,0,1,1,0,0
2024,11,5,17:41:46.946,42.94,225,119.5,0.9123,2519.1,1135.7,7.924,0.02,0.02,0.02,0.02,-1305.0,355.0,-796.0,-1379.0,13898,-22485,24.6,0.0,1980.0,0,0,0,e1f,d4e,d4a,d4a,d4a,1,1,1,1,1,0,0,0,0,1,1,1,0,0,1,1,1,0,0,1,0,1,0,1,1,0,0,0,1,0,1,0,0,1,0,1,0,1,1,0,0,0,1,0,1,0,0,1,0,1,0,1,1,0,0,0,1,0,1,0,0,1,0,1,0,1,1,0,0
2024,11,5,17:41:46.966,42.96,245,119.5,0.9127,2506.5,1123.1,7.925,0.02,0.02,0.02,0.02,-1306.0,355.0,-796.0,-1405.0,13905,-22501,22.8,0.0,1986.0,0,0,0,e1f,d4e,d4a,d4a,d4a,1,1,1,1,1,0,0,0,0,1,1,1,0,0,1,1,1,0,0,1,0,1,0,1,1,0,0,0,1,0,1,0,0,1,0,1,0,1,1,0,0,0,1,0,1,0,0,1,0,1,0,1,1,0,0,0,1,0,1,0,0,1,0,1,0,1,1,0,0
2024,11,5,17:41:46.986,42.98,15,119.5,0.9127,2505.9,1122.6,7.924,0.02,0.02,0.02,0.02,-1307.0,356.0,-796.0,-1432.0,13912,-22517,20.8,0.0,1993.0,0,0,0,e1f,d4e,d4a,d4a,d4a,1,1,1,1,1,0,0,0,0,1,1,1,0,0,1,1,1,0,0,1,0,1,0,1,1,0,0,0,1,0,1,0,0,1,0,1,0,1,1,0,0,0,1,0,1,0,0,1,0,1,0,1,1,0,0,0,1,0,1,0,0,1,0,1,0,1,1,0,0
2024,11,5,17:41:47.006,43.00,35,119.5,0.9130,2498.2,1114.8,7.924,0.02,0.02,0.02,0.02,-1308.0,356.0,-796.0,-1458.0,13919,-22533,19.0,0.0,2000.0,0,0,0,e1f,d4e,d4a,d4a,d4a,1,1,1,1,1,0,0,0,0,1,1,1,0,0,1,1,1,0,0,1,0,1,0,1,1,0,0,0,1,0,1,0,0,1,0,1,0,1,1,0,0,0,1,0,1,0,0,1,0,1,0,1,1,0,0,0,1,0,1,0,0,1,0,1,0,1,1,0,0
2024,11,5,17:41:47.026,43.02,55,119.5,0.9130,2498.2,1114.8,7.921,0.02,0.02,0.02,0.02,-1309.0,356.0,-797.0,-1484.0,13926,-22548,17.3,0.0,2007.0,0,0,0,e1f,d4e,d4a,d4a,d4a,1,1,1,1,1,0,0,0,0,1,1,1,0,0,1,1,1,0,0,1,0,1,0,1,1,0,0,0,1,0,1,0,0,1,0,1,0,1,1,0,0,0,1,0,1,0,0,1,0,1,0,1,1,0,0,0,1,0,1,0,0,1,0,1,0,1,1,0,0
2024,11,5,17:41:47.046,43.04,75,119.5,0.9134,2485.7,1102.3,7.924,0.02,0.02,0.02,0.02,-1311.0,356.0,-797.0,-1510.0,13934,-22564,16.1,0.0,2014.0,0,0,0,e1f,d4e,d4a,d4a,d4a,1,1,1,1,1,0,0,0,0,1,1,1,0,0,1,1,1,0,0,1,0,1,0,1,1,0,0,0,1,0,1,0,0,1,0,1,0,1,1,0,0,0,1,0,1,0,0,1,0,1,0,1,1,0,0,0,1,0,1,0,0,1,0,1,0,1,1,0,0
2024,11,5,17:41:47.066,43.06,95,119.5,0.9134,2486.3,1102.9,7.924,0.02,0.02,0.02,0.02,-1312.0,356.0,-797.0,-1536.0,13941,-22580,15.4,0.0,2020.0,0,0,0,e1f,d4e,d4a,d4a,d4a,1,1,1,1,1,0,0,0,0,1,1,1,0,0,1,1,1,0,0,1,0,1,0,1,1,0,0,0,1,0,1,0,0,1,0,1,0,1,1,0,0,0,1,0,1,0,0,1,0,1,0,1,1,0,0,0,1,0,1,0,0,1,0,1,0,1,1,0,0
2024,11,5,17:41:47.086,43.08,115,119.5,0.9134,2486.3,1102.9,7.925,0.02,0.02,0.02,0.02,-1313.0,357.0,-798.0,-1563.0,13948,-22596,15.6,0.0,2027.0,0,0,0,e1f,d4e,d4a,d4a,d4a,1,1,1,1,1,0,0,0,0,1,1,1,0,0,1,1,1,0,0,1,0,1,0,1,1,0,0,0,1,0,1,0,0,1,0,1,0,1,1,0,0,0,1,0,1,0,0,1,0,1,0,1,1,0,0,0,1,0,1,0,0,1,0,1,0,1,1,0,0
2024,11,5,17:41:47.106,43.10,135,119.5,0.9134,2486.3,1102.9,7.925,0.02,0.02,0.02,0.02,-1315.0,357.0,-798.0,-1589.0,13955,-22612,16.6,0.0,2033.0,0,0,0,e1f,d4e,d4a,d4a,d4a,1,1,1,1,1,0,0,0,0,1,1,1,0,0,1,1,1,0,0,1,0,1,0,1,1,0,0,0,1,0,1,0,0,1,0,1,0,1,1,0,0,0,1,0,1,0,0,1,0,1,0,1,1,0,0,0,1,0,1,0,0,1,0,1,0,1,1,0,0
2024,11,5,17:41:47.126,43.12,155,119.5,0.9137,2475.6,1092.2,7.925,0.02,0.02,0.02,0.02,-1316.0,357.0,-798.0,-1615.0,13962,-22628,18.3,0.0,2040.0,0,0,0,e1f,d4e,d4a,d4a,d4a,1,1,1,1,1,0,0,0,0,1,1,1,0,0,1,1,1,0,0,1,0,1,0,1,1,0,0,0,1,0,1,0,0,1,0,1,0,1,1,0,0,0,1,0,1,0,0,1,0,1,0,1,1,0,0,0,1,0,1,0,0,1,0,1,0,1,1,0,0
2024,11,5,17:41:47.146,43.14,175,119.5,0.9137,2475.0,1091.6,7.923,0.02,0.02,0.02,0.02,-1318.0,357.0,-799.0,-1642.0,13969,-22644,20.6,0.0,2046.0,0,0,0,e1f,d4e,d4a,d4a,d4a,1,1,1,1,1,0,0,0,0,1,1,1,0,0,1,1,1,0,0,1,0,1,0,1,1,0,0,0,1,0,1,0,0,1,0,1,0,1,1,0,0,0,1,0,1,0,0,1,0,1,0,1,1,0,0,0,1,0,1,0,0,1,0,1,0,1,1,0,0
2024,11,5,17:41:47.166,43.16,195,119.5,0.9139,2470.8,1087.4,7.924,0.02,0.02,0.02,0.02,-1319.0,357.0,-799.0,-1668.0,13976,-22660,23.4,0.0,2051.0,0,0,0,e1f,d4e,d4a,d4a,d4a,1,1,1,1,1,0,0,0,0,1,1,1,0,0,1,1,1,0,0,1,0,1,0,1,1,0,0,0,1,0,1,0,0,1,0,1,0,1,1,0,0,0,1,0,1,0,0,1,0,1,0,1,1,0,0,0,1,0,1,0,0,1,0,1,0,1,1,0,0
2024,11,5,17:41:47.186,43.18,215,119.5,0.9139,2470.8,1087.4,7.924,0.02,0.02,0.02,0.02,-1321.0,357.0,-799.0,-1694.0,13984,-22676,26.5,0.0,2056.0,0,0,0,e1f,d4e,d4a,d4a,d4a,1,1,1,1,1,0,0,0,0,1,1,1,0,0,1,1,1,0,0,1,0,1,0,1,1,0,0,0,1,0,1,0,0,1,0,1,0,1,1,0,0,0,1,0,1,0,0,1,0,1,0,1,1,0,0,0,1,0,1,0,0,1,0,1,0,1,1,0,0
2024,11,5,17:41:47.206,43.20,235,119.5,0.9139,2469.0,1085.6,7.924,0.02,0.02,0.02,0.02,-1322.0,357.0,-799.0,-1721.0,13991,-22692,29.9,0.0,2060.0,0,0,0,e1f,d4e,d4a,d4a,d4a,1,1,1,1,1,0,0,0,0,1,1,1,0,0,1,1,1,0,0,1,0,1,0,1,1,0,0,0,1,0,1,0,0,1,0,1,0,1,1,0,0,0,1,0,1,0,0,1,0,1,0,1,1,0,0,0,1,0,1,0,0,1,0,1,0,1,1,0,0
2024,11,5,17:41:47.226,43.22,5,119.5,0.9139,2469.0,1085.6,7.923,0.02,0.02,0.02,0.02,-1323.0,357.0,-799.0,-1747.0,13998,-22708,33.5,0.0,2064.0,0,0,0,e1f,d4e,d4a,d4a,d4a,1,1,1,1,1,0,0,0,0,1,1,1,0,0,1,1,1,0,0,1,0,1,0,1,1,0,0,0,1,0,1,0,0,1,0,1,0,1,1,0,0,0,1,0,1,0,0,1,0,1,0,1,1,0,0,0,1,0,1,0,0,1,0,1,0,1,1,0,0
2024,11,5,17:41:47.246,43.24,25,119.5,0.9138,2472.6,1089.2,7.924,0.02,0.02,0.02,0.02,-1325.0,357.0,-800.0,-1774.0,14005,-22724,37.2,0.0,2067.0,0,0,0,e1f,d4e,d4a,d4a,d4a,1,1,1,1,1,0,0,0,0,1,1,1,0,0,1,1,1,0,0,1,0,1,0,1,1,0,0,0,1,0,1,0,0,1,0,1,0,1,1,0,0,0,1,0,1,0,0,1,0,1,0,1,1,0,0,0,1,0,1,0,0,1,0,1,0,1,1,0,0
2024,11,5,17:41:47.266,43.26,45,119.5,0.9138,2472.6,1089.2,7.923,0.02,0.02,0.02,0.02,-1326.0,357.0,-800.0,-1800.0,14012,-22740,40.4,0.0,2071.0,0,0,0,e1f,d4e,d4a,d4a,d4a,1,1,1,1,1,0,0,0,0,1,1,1,0,0,1,1,1,0,0,1,0,1,0,1,1,0,0,0,1,0,1,0,0,1,0,1,0,1,1,0,0,0,1,0,1,0,0,1,0,1,0,1,1,0,0,0,1,0,1,0,0,1,0,1,0,1,1,0,0
2024,11,5,17:41:47.286,43.28,65,119.5,0.9138,2472.6,1089.2,7.924,0.02,0.02,0.02,0.02,-1327.0,357.0,-801.0,-1827.0,14019,-22756,43.0,0.0,2074.0,0,0,0,e1f,d4e,d4a,d4a,d4a,1,1,1,1,1,0,0,0,0,1,1,1,0,0,1,1,1,0,0,1,0,1,0,1,1,0,0,0,1,0,1,0,0,1,0,1,0,1,1,0,0,0,1,0,1,0,0,1,0,1,0,1,1,0,0,0,1,0,1,0,0,1,0,1,0,1,1,0,0
2024,11,5,17:41:47.306,43.30,85,119.5,0.9138,2472.6,1089.2,7.924,0.02,0.02,0.02,0.02,-1328.0,357.0,-801.0,-1853.0,14026,-22772,44.9,0.0,2077.0,0,0,0,e1f,d4e,d4a,d4a,d4a,1,1,1,1,1,0,0,0,0,1,1,1,0,0,1,1,1,0,0,1,0,1,0,1,1,0,0,0,1,0,1,0,0,1,0,1,0,1,1,0,0,0,1,0,1,0,0,1,0,1,0,1,1,0,0,0,1,0,1,0,0,1,0,1,0,1,1,0,0
2024,11,5,17:41:47.326,43.32,105,119.5,0.9132,2491.0,1107.7,7.924,0.02,0.02,0.02,0.02,-1329.0,357.0,-801.0,-1880.0,14034,-22788,46.2,0.0,2080.0,0,0,0,e1f,d4e,d4a,d4a,d4a,1,1,1,1,1,0,0,0,0,1,1,1,0,0,1,1,1,0,0,1,0,1,0,1,1,0,0,0,1,0,1,0,0,1,0,1,0,1,1,0,0,0,1,0,1,0,0,1,0,1,0,1,1,0,0,0,1,0,1,0,0,1,0,1,0,1,1,0,0
2024,11,5,17:41:47.346,43.34,125,119.5,0.9132,2491.0,1107.7,7.925,0.02,0.02,0.02,0.02,-1329.0,356.0,-801.0,-1907.0,14041,-22804,45.5,0.0,2084.0,0,0,0,e1f,d4e,d4a,d4a,d4a,1,1,1,1,1,0,0,0,0,1,1,1,0,0,1,1,1,0,0,1,0,1,0,1,1,0,0,0,1,0,1,0,0,1,0,1,0,1,1,0,0,0,1,0,1,0,0,1,0,1,0,1,1,0,0,0,1,0,1,0,0,1,0,1,0,1,1,0,0
2024,11,5,17:41:47.366,43.36,145,119.5,0.9133,2489.3,1105.9,7.925,0.02,0.02,0.02,0.02,-1330.0,356.0,-801.0,-1933.0,14048,-22820,44.5,0.0,2087.0,0,0,0,e1f,d4e,d4a,d4a,d4a,1,1,1,1,1,0,0,0,0,1,1,1,0,0,1,1,1,0,0,1,0,1,0,1,1,0,0,0,1,0,1,0,0,1,0,1,0,1,1,0,0,0,1,0,1,0,0,1,0,1,0,1,1,0,0,0,1,0,1,0,0,1,0,1,0,1,1,0,0
2024,11,5,17:41:47.386,43.38,165,119.5,0.9132,2489.9,1106.5,7.925,0.02,0.02,0.02,0.02,-1332.0,356.0,-802.0,-1960.0,14055,-22836,43.3,0.0,2090.0,0,0,0,e1f,d4e,d4a,d4a,d4a,1,1,1,1,1,0,0,0,0,1,1,1,0,0,1,1,1,0,0,1,0,1,0,1,1,0,0,0,1,0,1,0,0,1,0,1,0,1,1,0,0,0,1,0,1,0,0,1,0,1,0,1,1,0,0,0,1,0,1,0,0,1,0,1,0,1,1,0,0
2024,11,5,17:41:47.406,43.40,185,119.5,0.9138,2472.6,1089.2,7.925,0.02,0.02,0.02,0.02,-1333.0,356.0,-802.0,-1986.0,14062,-22852,42.1,0.0,2093.0,0,0,0,e1f,d4e,d4a,d4a,d4a,1,1,1,1,1,0,0,0,0,1,1,1,0,0,1,1,1,0,0,1,0,1,0,1,1,0,0,0,1,0,1,0,0,1,0,1,0,1,1,0,0,0,1,0,1,0,0,1,0,1,0,1,1,0,0,0,1,0,1,0,0,1,0,1,0,1,1,0,0
2024,11,5,17:41:47.426,43.42,205,119.4,0.9138,2472.6,1089.2,7.924,0.02,0.02,0.02,0.02,-1334.0,356.0,-802.0,-2013.0,14069,-22869,41.0,0.0,2096.0,0,0,0,e1f,d4e,d4a,d4a,d4a,1,1,1,1,1,0,0,0,0,1,1,1,0,0,1,1,1,0,0,1,0,1,0,1,1,0,0,0,1,0,1,0,0,1,0,1,0,1,1,0,0,0,1,0,1,0,0,1,0,1,0,1,1,0,0,0,1,0,1,0,0,1,0,1,0,1,1,0,0
2024,11,5,17:41:47.446,43.44,225,119.4,0.9142,2460.7,1077.3,7.924,0.02,0.02,0.02,0.02,-1335.0,356.0,-802.0,-2040.0,14076,-22885,39.8,0.0,2099.0,0,0,0,e1f,d4e,d4a,d4a,d4a,1,1,1,1,1,0,0,0,0,1,1,1,0,0,1,1,1,0,0,1,0,1,0,1,1,0,0,0,1,0,1,0,0,1,0,1,0,1,1,0,0,0,1,0,1,0,0,1,0,1,0,1,1,0,0,0,1,0,1,0,0,1,0,1,0,1,1,0,0
2024,11,5,17:41:47.466,43.46,245,119.5,0.9142,2460.1,1076.7,7.925,0.02,0.02,0.02,0.02,-1336.0,356.0,-803.0,-2067.0,14084,-22901,38.6,0.0,2101.0,0,0,0,e1f,d4e,d4a,d4a,d4a,1,1,1,1,1,0,0,0,0,1,1,1,0,0,1,1,1,0,0,1,0,1,0,1,1,0,0,0,1,0,1,0,0,1,0,1,0,1,1,0,0,0,1,0,1,0,0,1,0,1,0,1,1,0,0,0,1,0,1,0,0,1,0,1,0,1,1,0,0
2024,11,5,17:41:47.486,43.48,15,119.5,0.9143,2457.1,1073.7,7.925,0.02,0.02,0.02,0.02,-1337.0,356.0,-804.0,-2093.0,14091,-22917,36.6,0.0,2104.0,0,0,0,e1f,d4e,d4a,d4a,d4a,1,1,1,1,1,0,0,0,0,1,1,1,0,0,1,1,1,0,0,1,0,1,0,1,1,0,0,0,1,0,1,0,0,1,0,1,0,1,1,0,0,0,1,0,1,0,0,1,0,1,0,1,1,0,0,0,1,0,1,0,0,1,0,1,0,1,1,0,0
2024,11,5,17:41:47.506,43.50,35,119.5,0.9143,2457.1,1073.7,7.926,0.02,0.02,0.02,0.02,-1338.0,356.0,-804.0,-2120.0,14098,-22933,33.4,0.0,2107.0,0,0,0,e1f,d4e,d4a,d4a,d4a,1,1,1,1,1,0,0,0,0,1,1,1,0,0,1,1,1,0,0,1,0,1,0,1,1,0,0,0,1,0,1,0,0,1,0,1,0,1,1,0,0,0,1,0,1,0,0,1,0,1,0,1,1,0,0,0,1,0,1,0,0,1,0,1,0,1,1,0,0
2024,11,5,17:41:47.526,43.52,55,119.5,0.9145,2451.2,1067.8,7.925,0.02,0.02,0.02,0.02,-1339.0,356.0,-805.0,-2147.0,14105,-22949,30.0,0.0,2111.0,0,0,0,e1f,d4e,d4a,d4a,d4a,1,1,1,1,1,0,0,0,0,1,1,1,0,0,1,1,1,0,0,1,0,1,0,1,1,0,0,0,1,0,1,0,0,1,0,1,0,1,1,0,0,0,1,0,1,0,0,1,0,1,0,1,1,0,0,0,1,0,1,0,0,1,0,1,0,1,1,0,0
2024,11,5,17:41:47.546,43.54,75,119.5,0.9146,2450.6,1067.2,7.923,0.02,0.02,0.02,0.02,-1340.0,356.0,-805.0,-2174.0,14112,-22965,26.7,0.0,2114.0,0,0,0,e1f,d4e,d4a,d4a,d4a,1,1,1,1,1,0,0,0,0,1,1,1,0,0,1,1,1,0,0,1,0,1,0,1,1,0,0,0,1,0,1,0,0,1,0,1,0,1,1,0,0,0,1,0,1,0,0,1,0,1,0,1,1,0,0,0,1,0,1,0,0,1,0,1,0,1,1,0,0
2024,11,5,17:41:47.566,43.56,95,119.5,0.9155,2422.6,1039.2,7.925,0.02,0.02,0.02,0.02,-1342.0,356.0,-806.0,-2201.0,14119,-22981,23.6,0.0,2118.0,0,0,0,e1f,d4e,d4a,d4a,d4a,1,1,1,1,1,0,0,0,0,1,1,1,0,0,1,1,1,0,0,1,0,1,0,1,1,0,0,0,1,0,1,0,0,1,0,1,0,1,1,0,0,0,1,0,1,0,0,1,0,1,0,1,1,0,0,0,1,0,1,0,0,1,0,1,0,1,1,0,0
2024,11,5,17:41:47.586,43.58,115,119.5,0.9155,2423.2,1039.8,7.925,0.02,0.02,0.02,0.02,-1343.0,356.0,-807.0,-2227.0,14126,-22997,20.9,0.0,2121.0,0,0,0,e1f,d4e,d4a,d4a,d4a,1,1,1,1,1,0,0,0,0,1,1,1,0,0,1,1,1,0,0,1,0,1,0,1,1,0,0,0,1,0,1,0,0,1,0,1,0,1,1,0,0,0,1,0,1,0,0,1,0,1,0,1,1,0,0,0,1,0,1,0,0,1,0,1,0,1,1,0,0
2024,11,5,17:41:47.606,43.60,135,119.5,0.9156,2418.5,1035.1,7.925,0.02,0.02,0.02,0.02,-1344.0,356.0,-807.0,-2254.0,14133,-23013,19.1,0.0,2124.0,0,0,0,e1f,d4e,d4a,d4a,d4a,1,1,1,1,1,0,0,0,0,1,1,1,0,0,1,1,1,0,0,1,0,1,0,1,1,0,0,0,1,0,1,0,0,1,0,1,0,1,1,0,0,0,1,0,1,0,0,1,0,1,0,1,1,0,0,0,1,0,1,0,0,1,0,1,0,1,1,0,0
2024,11,5,17:41:47.626,43.62,155,119.5,0.9156,2418.5,1035.1,7.925,0.02,0.02,0.02,0.02,-1345.0,356.0,-808.0,-2281.0,14141,-23030,18.8,0.0,2128.0,0,0,0,e1f,d4e,d4a,d4a,d4a,1,1,1,1,1,0,0,0,0,1,1,1,0,0,1,1,1,0,0,1,0,1,0,1,1,0,0,0,1,0,1,0,0,1,0,1,0,1,1,0,0,0,1,0,1,0,0,1,0,1,0,1,1,0,0,0,1,0,1,0,0,1,0,1,0,1,1,0,0
2024,11,5,17:41:47.646,43.64,175,119.5,0.9152,2432.1,1048.7,7.924,0.02,0.02,0.02,0.02,-1347.0,356.0,-808.0,-2308.0,14148,-23046,20.7,0.0,2131.0,0,0,0,e1f,d4e,d4a,d4a,d4a,1,1,1,1,1,0,0,0,0,1,1,1,0,0,1,1,1,0,0,1,0,1,0,1,1,0,0,0,1,0,1,0,0,1,0,1,0,1,1,0,0,0,1,0,1,0,0,1,0,1,0,1,1,0,0,0,1,0,1,0,0,1,0,1,0,1,1,0,0
2024,11,5,17:41:47.666,43.66,195,119.5,0.9152,2432.1,1048.7,7.925,0.02,0.02,0.02,0.02,-1348.0,356.0,-809.0,-2335.0,14155,-23062,23.6,0.0,2134.0,0,0,0,e1f,d4e,d4a,d4a,d4a,1,1,1,1,1,0,0,0,0,1,1,1,0,0,1,1,1,0,0,1,0,1,0,1,1,0,0,0,1,0,1,0,0,1,0,1,0,1,1,0,0,0,1,0,1,0,0,1,0,1,0,1,1,0,0,0,1,0,1,0,0,1,0,1,0,1,1,0,0
2024,11,5,17:41:47.686,43.68,215,119.5,0.9147,2447.6,1064.2,7.924,0.02,0.02,0.02,0.02,-1350.0,356.0,-810.0,-2362.0,14162,-23078,27.5,0.0,2138.0,0,0,0,e1f,d4e,d4a,d4a,d4a,1,1,1,1,1,0,0,0,0,1,1,1,0,0,1,1,1,0,0,1,0,1,0,1,1,0,0,0,1,0,1,0,0,1,0,1,0,1,1,0,0,0,1,0,1,0,0,1,0,1,0,1,1,0,0,0,1,0,1,0,0,1,0,1,0,1,1,0,0
2024,11,5,17:41:47.706,43.70,235,119.5,0.9147,2447.6,1064.2,7.925,0.02,0.02,0.02,0.02,-1351.0,356.0,-810.0,-2389.0,14169,-23094,31.9,0.0,2141.0,0,0,0,e1f,d4e,d4a,d4a,d4a,1,1,1,1,1,0,0,0,0,1,1,1,0,0,1,1,1,0,0,1,0,1,0,1,1,0,0,0,1,0,1,0,0,1,0,1,0,1,1,0,0,0,1,0,1,0,0,1,0,1,0,1,1,0,0,0,1,0,1,0,0,1,0,1,0,1,1,0,0
2024,11,5,17:41:47.726,43.72,5,119.5,0.9143,2458.9,1075.5,7.925,0.02,0.02,0.02,0.02,-1353.0,357.0,-811.0,-2416.0,14176,-23111,36.2,0.0,2143.0,0,0,0,e1f,d4e,d4a,d4a,d4a,1,1,1,1,1,0,0,0,0,1,1,1,0,0,1,1,1,0,0,1,0,1,0,1,1,0,0,0,1,0,1,0,0,1,0,1,0,1,1,0,0,0,1,0,1,0,0,1,0,1,0,1,1,0,0,0,1,0,1,0,0,1,0,1,0,1,1,0,0
2024,11,5,17:41:47.746,43.74,25,119.4,0.9143,2458.9,1075.5,7.925,0.02,0.02,0.02,0.02,-1354.0,358.0,-811.0,-2443.0,14183,-23127,40.3,0.0,2145.0,0,0,0,e1f,d4e,d4a,d4a,d4a,1,1,1,1,1,0,0,0,0,1,1,1,0,0,1,1,1,0,0,1,0,1,0,1,1,0,0,0,1,0,1,0,0,1,0,1,0,1,1,0,0,0,1,0,1,0,0,1,0,1,0,1,1,0,0,0,1,0,1,0,0,1,0,1,0,1,1,0,0
2024,11,5,17:41:47.766,43.76,45,119.4,0.9142,2461.9,1078.5,7.924,0.02,0.02,0.02,0.02,-1355.0,358.0,-812.0,-2470.0,14191,-23143,43.8,0.0,2147.0,0,0,0,e1f,d4e,d4a,d4a,d4a,1,1,1,1,1,0,0,0,0,1,1,1,0,0,1,1,1,0,0,1,0,1,0,1,1,0,0,0,1,0,1,0,0,1,0,1,0,1,1,0,0,0,1,0,1,0,0,1,0,1,0,1,1,0,0,0,1,0,1,0,0,1,0,1,0,1,1,0,0
2024,11,5,17:41:47.786,43.78,65,119.5,0.9142,2461.9,1078.5,7.924,0.02,0.02,0.02,0.02,-1356.0,359.0,-812.0,-2497.0,14198,-23159,46.9,0.0,2147.0,0,0,0,e1f,d4e,d4a,d4a,d4a,1,1,1,1,1,0,0,0,0,1,1,1,0,0,1,1,1,0,0,1,0,1,0,1,1,0,0,0,1,0,1,0,0,1,0,1,0,1,1,0,0,0,1,0,1,0,0,1,0,1,0,1,1,0,0,0,1,0,1,0,0,1,0,1,0,1,1,0,0
2024,11,5,17:41:47.806,43.80,85,119.5,0.9148,2443.4,1060.0,7.925,0.02,0.02,0.02,0.02,-1357.0,360.0,-812.0,-2525.0,14205,-23176,49.5,0.0,2147.0,0,0,0,e1f,d4e,d4a,d4a,d4a,1,1,1,1,1,0,0,0,0,1,1,1,0,0,1,1,1,0,0,1,0,1,0,1,1,0,0,0,1,0,1,0,0,1,0,1,0,1,1,0,0,0,1,0,1,0,0,1,0,1,0,1,1,0,0,0,1,0,1,0,0,1,0,1,0,1,1,0,0
2024,11,5,17:41:47.826,43.82,105,119.4,0.9148,2443.4,1060.0,7.925,0.02,0.02,0.02,0.02,-1358.0,360.0,-812.0,-2552.0,14212,-23192,51.5,0.0,2146.0,0,0,0,e1f,d4e,d4a,d4a,d4a,1,1,1,1,1,0,0,0,0,1,1,1,0,0,1,1,1,0,0,1,0,1,0,1,1,0,0,0,1,0,1,0,0,1,0,1,0,1,1,0,0,0,1,0,1,0,0,1,0,1,0,1,1,0,0,0,1,0,1,0,0,1,0,1,0,1,1,0,0
2024,11,5,17:41:47.846,43.84,125,119.4,0.9143,2458.9,1075.5,7.924,0.02,0.02,0.02,0.02,-1359.0,361.0,-812.0,-2579.0,14219,-23208,52.4,0.0,2145.0,0,0,0,e1f,d4e,d4a,d4a,d4a,1,1,1,1,1,0,0,0,0,1,1,1,0,0,1,1,1,0,0,1,0,1,0,1,1,0,0,0,1,0,1,0,0,1,0,1,0,1,1,0,0,0,1,0,1,0,0,1,0,1,0,1,1,0,0,0,1,0,1,0,0,1,0,1,0,1,1,0,0
2024,11,5,17:41:47.866,43.86,145,119.5,0.9143,2458.3,1074.9,7.925,0.02,0.02,0.02,0.02,-1360.0,361.0,-812.0,-2606.0,14227,-23224,52.5,0.0,2143.0,0,0,0,e1f,d4e,d4a,d4a,d4a,1,1,1,1,1,0,0,0,0,1,1,1,0,0,1,1,1,0,0,1,0,1,0,1,1,0,0,0,1,0,1,0,0,1,0,1,0,1,1,0,0,0,1,0,1,0,0,1,0,1,0,1,1,0,0,0,1,0,1,0,0,1,0,1,0,1,1,0,0
2024,11,5,17:41:47.886,43.88,165,119.5,0.9145,2452.4,1069.0,7.925,0.02,0.02,0.02,0.02,-1360.0,361.0,-812.0,-2633.0,14234,-23241,51.9,0.0,2140.0,0,0,0,e1f,d4e,d4a,d4a,d4a,1,1,1,1,1,0,0,0,0,1,1,1,0,0,1,1,1,0,0,1,0,1,0,1,1,0,0,0,1,0,1,0,0,1,0,1,0,1,1,0,0,0,1,0,1,0,0,1,0,1,0,1,1,0,0,0,1,0,1,0,0,1,0,1,0,1,1,0,0
2024,11,5,17:41:47.906,43.90,185,119.4,0.9145,2452.9,1069.6,7.924,0.02,0.02,0.02,0.02,-1361.0,360.0,-812.0,-2661.0,14241,-23257,50.9,0.0,2136.0,0,0,0,e1f,d4e,d4a,d4a,d4a,1,1,1,1,1,0,0,0,0,1,1,1,0,0,1,1,1,0,0,1,0,1,0,1,1,0,0,0,1,0,1,0,0,1,0,1,0,1,1,0,0,0,1,0,1,0,0,1,0,1,0,1,1,0,0,0,1,0,1,0,0,1,0,1,0,1,1,0,0
2024,11,5,17:41:47.926,43.92,205,119.4,0.9142,2460.7,1077.3,7.925,0.02,0.02,0.02,0.02,-1363.0,360.0,-812.0,-2688.0,14248,-23273,49.8,0.0,2131.0,0,0,0,e1f,d4e,d4a,d4a,d4a,1,1,1,1,1,0,0,0,0,1,1,1,0,0,1,1,1,0,0,1,0,1,0,1,1,0,0,0,1,0,1,0,0,1,0,1,0,1,1,0,0,0,1,0,1,0,0,1,0,1,0,1,1,0,0,0,1,0,1,0,0,1,0,1,0,1,1,0,0
2024,11,5,17:41:47.946,43.94,225,119.5,0.9142,2460.1,1076.7,7.924,0.02,0.02,0.02,0.02,-1364.0,360.0,-812.0,-2715.0,14255,-23289,49.0,0.0,2126.0,0,0,0,e1f,d4e,d4a,d4a,d4a,1,1,1,1,1,0,0,0,0,1,1,1,0,0,1,1,1,0,0,1,0,1,0,1,1,0,0,0,1,0,1,0,0,1,0,1,0,1,1,0,0,0,1,0,1,0,0,1,0,1,0,1,1,0,0,0,1,0,1,0,0,1,0,1,0,1,1,0,0
2024,11,5,17:41:47.966,43.96,245,119.5,0.9143,2458.9,1075.5,7.924,0.02,0.02,0.02,0.02,-1366.0,360.0,-812.0,-2742.0,14263,-23306,48.5,0.0,2121.0,0,0,0,e1f,d4e,d4a,d4a,d4a,1,1,1,1,1,0,0,0,0,1,1,1,0,0,1,1,1,0,0,1,0,1,0,1,1,0,0,0,1,0,1,0,0,1,0,1,0,1,1,0,0,0,1,0,1,0,0,1,0,1,0,1,1,0,0,0,1,0,1,0,0,1,0,1,0,1,1,0,0
2024,11,5,17:41:47.986,43.98,15,119.5,0.9143,2458.9,1075.5,7.923,0.02,0.02,0.02,0.02,-1367.0,360.0,-812.0,-2770.0,14270,-23322,48.4,0.0,2115.0,0,0,0,e1f,d4e,d4a,d4a,d4a,1,1,1,1,1,0,0,0,0,1,1,1,0,0,1,1,1,0,0,1,0,1,0,1,1,0,0,0,1,0,1,0,0,1,0,1,0,1,1,0,0,0,1,0,1,0,0,1,0,1,0,1,1,0,0,0,1,0,1,0,0,1,0,1,0,1,1,0,0
2024,11,5,17:41:48.006,44.00,35,119.5,0.9147,2447.6,1064.2,7.925,0.02,0.02,0.02,0.02,-1369.0,359.0,-813.0,-2797.0,14277,-23338,48.8,0.0,2109.0,0,0,0,e1f,d4e,d4a,d4a,d4a,1,1,1,1,1,0,0,0,0,1,1,1,0,0,1,1,1,0,0,1,0,1,0,1,1,0,0,0,1,0,1,0,0,1,0,1,0,1,1,0,0,0,1,0,1,0,0,1,0,1,0,1,1,0,0,0,1,0,1,0,0,1,0,1,0,1,1,0,0
2024,11,5,17:41:48.026,44.02,55,119.4,0.9146,2448.2,1064.8,7.924,0.02,0.02,0.02,0.02,-1370.0,359.0,-813.0,-2825.0,14284,-23354,49.7,0.0,2102.0,0,0,0,e1f,d4e,d4a,d4a,d4a,1,1,1,1,1,0,0,0,0,1,1,1,0,0,1,1,1,0,0,1,0,1,0,1,1,0,0,0,1,0,1,0,0,1,0,1,0,1,1,0,0,0,1,0,1,0,0,1,0,1,0,1,1,0,0,0,1,0,1,0,0,1,0,1,0,1,1,0,0
2024,11,5,17:41:48.046,44.04,75,119.4,0.9150,2438.7,1055.3,7.925,0.02,0.02,0.02,0.02,-1371.0,358.0,-814.0,-2852.0,14291,-23371,50.4,0.0,2095.0,0,0,0,e1f,d4e,d4a,d4a,d4a,1,1,1,1,1,0,0,0,0,1,1,1,0,0,1,1,1,0,0,1,0,1,0,1,1,0,0,0,1,0,1,0,0,1,0,1,0,1,1,0,0,0,1,0,1,0,0,1,0,1,0,1,1,0,0,0,1,0,1,0,0,1,0,1,0,1,1,0,0
2024,11,5,17:41:48.066,44.06,95,119.4,0.9150,2438.7,1055.3,7.924,0.02,0.02,0.02,0.02,-1372.0,358.0,-814.0,-2879.0,14299,-23387,51.1,0.0,2087.0,0,0,0,e1f,d4e,d4a,d4a,d4a,1,1,1,1,1,0,0,0,0,1,1,1,0,0,1,1,1,0,0,1,0,1,0,1,1,0,0,0,1,0,1,0,0,1,0,1,0,1,1,0,0,0,1,0,1,0,0,1,0,1,0,1,1,0,0,0,1,0,1,0,0,1,0,1,0,1,1,0,0
2024,11,5,17:41:48.086,44.08,115,119.4,0.9152,2432.7,1049.3,7.925,0.02,0.02,0.02,0.02,-1374.0,358.0,-815.0,-2907.0,14306,-23403,51.7,0.0,2079.0,0,0,0,e1f,d4e,d4a,d4a,d4a,1,1,1,1,1,0,0,0,0,1,1,1,0,0,1,1,1,0,0,1,0,1,0,1,1,0,0,0,1,0,1,0,0,1,0,1,0,1,1,0,0,0,1,0,1,0,0,1,0,1,0,1,1,0,0,0,1,0,1,0,0,1,0,1,0,1,1,0,0
2024,11,5,17:41:48.106,44.10,135,119.5,0.9152,2432.1,1048.7,7.924,0.02,0.02,0.02,0.02,-1375.0,358.0,-815.0,-2934.0,14313,-23419,52.3,0.0,2071.0,0,0,0,e1f,d4e,d4a,d4a,d4a,1,1,1,1,1,0,0,0,0,1,1,1,0,0,1,1,1,0,0,1,0,1,0,1,1,0,0,0,1,0,1,0,0,1,0,1,0,1,1,0,0,0,1,0,1,0,0,1,0,1,0,1,1,0,0,0,1,0,1,0,0,1,0,1,0,1,1,0,0
2024,11,5,17:41:48.126,44.12,155,119.5,0.9155,2423.2,1039.8,7.924,0.02,0.02,0.02,0.02,-1376.0,358.0,-816.0,-2962.0,14320,-23436,52.5,0.0,2062.0,0,0,0,e1f,d4e,d4a,d4a,d4a,1,1,1,1,1,0,0,0,0,1,1,1,0,0,1,1,1,0,0,1,0,1,0,1,1,0,0,0,1,0,1,0,0,1,0,1,0,1,1,0,0,0,1,0,1,0,0,1,0,1,0,1,1,0,0,0,1,0,1,0,0,1,0,1,0,1,1,0,0
2024,11,5,17:41:48.146,44.14,175,119.4,0.9155,2423.2,1039.8,7.924,0.02,0.02,0.02,0.02,-1377.0,358.0,-817.0,-2989.0,14327,-23452,52.4,0.0,2052.0,0,0,0,e1f,d4e,d4a,d4a,d4a,1,1,1,1,1,0,0,0,0,1,1,1,0,0,1,1,1,0,0,1,0,1,0,1,1,0,0,0,1,0,1,0,0,1,0,1,0,1,1,0,0,0,1,0,1,0,0,1,0,1,0,1,1,0,0,0,1,0,1,0,0,1,0,1,0,1,1,0,0
2024,11,5,17:41:48.166,44.16,195,119.4,0.9157,2417.3,1033.9,7.924,0.02,0.02,0.02,0.02,-1378.0,359.0,-817.0,-3017.0,14334,-23468,51.9,0.0,2042.0,0,0,0,e1f,d4e,d4a,d4a,d4a,1,1,1,1,1,0,0,0,0,1,1,1,0,0,1,1,1,0,0,1,0,1,0,1,1,0,0,0,1,0,1,0,0,1,0,1,0,1,1,0,0,0,1,0,1,0,0,1,0,1,0,1,1,0,0,0,1,0,1,0,0,1,0,1,0,1,1,0,0
2024,11,5,17:41:48.186,44.18,215,119.4,0.9157,2417.3,1033.9,7.924,0.02,0.02,0.02,0.02,-1380.0,359.0,-817.0,-3045.0,14342,-23485,50.9,0.0,2032.0,0,0,0,e1f,d4e,d4a,d4a,d4a,1,1,1,1,1,0,0,0,0,1,1,1,0,0,1,1,1,0,0,1,0,1,0,1,1,0,0,0,1,0,1,0,0,1,0,1,0,1,1,0,0,0,1,0,1,0,0,1,0,1,0,1,1,0,0,0,1,0,1,0,0,1,0,1,0,1,1,0,0
2024,11,5,17:41:48.206,44.20,235,119.4,0.9161,2403.6,1020.2,7.924,0.02,0.02,0.02,0.02,-1381.0,359.0,-818.0,-3072.0,14349,-23501,49.6,0.0,2021.0,0,0,0,e1f,d4e,d4a,d4a,d4a,1,1,1,1,1,0,0,0,0,1,1,1,0,0,1,1,1,0,0,1,0,1,0,1,1,0,0,0,1,0,1,0,0,1,0,1,0,1,1,0,0,0,1,0,1,0,0,1,0,1,0,1,1,0,0,0,1,0,1,0,0,1,0,1,0,1,1,0,0
2024,11,5,17:41:48.226,44.22,5,119.4,0.9161,2403.6,1020.2,7.924,0.02,0.02,0.02,0.02,-1382.0,360.0,-818.0,-3100.0,14356,-23518,48.0,0.0,2010.0,0,0,0,e1f,d4e,d4a,d4a,d4a,1,1,1,1,1,0,0,0,0,1,1,1,0,0,1,1,1,0,0,1,0,1,0,1,1,0,0,0,1,0,1,0,0,1,0,1,0,1,1,0,0,0,1,0,1,0,0,1,0,1,0,1,1,0,0,0,1,0,1,0,0,1,0,1,0,1,1,0,0
2024,11,5,17:41:48.246,44.24,25,119.4,0.9163,2397.7,1014.3,7.925,0.02,0.02,0.02,0.02,-1383.0,360.0,-818.0,-3127.0,14363,-23534,46.1,0.0,1999.0,0,0,0,e1f,d4e,d4a,d4a,d4a,1,1,1,1,1,0,0,0,0,1,1,1,0,0,1,1,1,0,0,1,0,1,0,1,1,0,0,0,1,0,1,0,0,1,0,1,0,1,1,0,0,0,1,0,1,0,0,1,0,1,0,1,1,0,0,0,1,0,1,0,0,1,0,1,0,1,1,0,0
2024,11,5,17:41:48.266,44.26,45,119.4,0.9163,2397.7,1014.3,7.923,0.02,0.02,0.02,0.02,-1385.0,360.0,-818.0,-3155.0,14370,-23550,43.8,0.0,1988.0,0,0,0,e1f,d4e,d4a,d4a,d4a,1,1,1,1,1,0,0,0,0,1,1,1,0,0,1,1,1,0,0,1,0,1,0,1,1,0,0,0,1,0,1,0,0,1,0,1,0,1,1,0,0,0,1,0,1,0,0,1,0,1,0,1,1,0,0,0,1,0,1,0,0,1,0,1,0,1,1,0,0
2024,11,5,17:41:48.286,44.28,65,119.4,0.9169,2381.0,997.6,7.925,0.02,0.02,0.02,0.02,-1386.0,360.0,-818.0,-3183.0,14378,-23567,41.1,0.0,1977.0,0,0,0,e1f,d4c,d48,d48,d48,1,1,1,1,1,0,0,0,0,1,1,1,0,0,0,1,1,0,0,1,0,1,0,1,1,0,0,0,0,0,1,0,0,1,0,1,0,1,1,0,0,0,0,0,1,0,0,1,0,1,0,1,1,0,0,0,0,0,1,0,0,1,0,1,0,1,1,0,0
2024,11,5,17:41:48.306,44.30,85,119.4,0.9169,2380.4,997.0,7.923,0.02,0.02,0.02,0.02,-1388.0,360.0,-819.0,-3211.0,14385,-23583,37.9,0.0,1966.0,0,0,0,e1f,d4c,d48,d48,d48,1,1,1,1,1,0,0,0,0,1,1,1,0,0,0,1,1,0,0,1,0,1,0,1,1,0,0,0,0,0,1,0,0,1,0,1,0,1,1,0,0,0,0,0,1,0,0,1,0,1,0,1,1,0,0,0,0,0,1,0,0,1,0,1,0,1,1,0,0
2024,11,5,17:41:48.326,44.32,105,119.4,0.9173,2368.6,985.2,7.926,0.02,0.02,0.02,0.02,-1389.0,360.0,-819.0,-3238.0,14392,-23599,34.4,0.0,1955.0,0,0,0,e1f,d4c,d48,d48,d48,1,1,1,1,1,0,0,0,0,1,1,1,0,0,0,1,1,0,0,1,0,1,0,1,1,0,0,0,0,0,1,0,0,1,0,1,0,1,1,0,0,0,0,0,1,0,0,1,0,1,0,1,1,0,0,0,0,0,1,0,0,1,0,1,0,1,1,0,0
2024,11,5,17:41:48.346,44.34,125,119.4,0.9173,2368.6,985.2,7.924,0.02,0.02,0.02,0.02,-1390.0,360.0,-819.0,-3266.0,14399,-23616,30.6,0.0,1945.0,0,0,0,e1f,d4c,d48,d48,d48,1,1,1,1,1,0,0,0,0,1,1,1,0,0,0,1,1,0,0,1,0,1,0,1,1,0,0,0,0,0,1,0,0,1,0,1,0,1,1,0,0,0,0,0,1,0,0,1,0,1,0,1,1,0,0,0,0,0,1,0,0,1,0,1,0,1,1,0,0
2024,11,5,17:41:48.366,44.36,145,119.4,0.9180,2349.0,965.6,7.924,0.02,0.02,0.02,0.02,-1392.0,360.0,-819.0,-3294.0,14407,-23632,26.6,0.0,1935.0,0,0,0,e1f,d4c,d48,d48,d48,1,1,1,1,1,0,0,0,0,1,1,1,0,0,0,1,1,0,0,1,0,1,0,1,1,0,0,0,0,0,1,0,0,1,0,1,0,1,1,0,0,0,0,0,1,0,0,1,0,1,0,1,1,0,0,0,0,0,1,0,0,1,0,1,0,1,1,0,0
2024,11,5,17:41:48.386,44.38,165,119.4,0.9180,2349.0,965.6,7.925,0.02,0.02,0.02,0.02,-1393.0,360.0,-820.0,-3322.0,14414,-23649,22.3,0.0,1925.0,0,0,0,e1f,d4c,d48,d48,d48,1,1,1,1,1,0,0,0,0,1,1,1,0,0,0,1,1,0,0,1,0,1,0,1,1,0,0,0,0,0,1,0,0,1,0,1,0,1,1,0,0,0,0,0,1,0,0,1,0,1,0,1,1,0,0,0,0,0,1,0,0,1,0,1,0,1,1,0,0
2024,11,5,17:41:48.406,44.40,185,119.4,0.9180,2347.2,963.8,7.923,0.02,0.02,0.02,0.02,-1394.0,361.0,-820.0,-3350.0,14421,-23665,17.4,0.0,1915.0,0,0,0,e1f,d4c,d48,d48,d48,1,1,1,1,1,0,0,0,0,1,1,1,0,0,0,1,1,0,0,1,0,1,0,1,1,0,0,0,0,0,1,0,0,1,0,1,0,1,1,0,0,0,0,0,1,0,0,1,0,1,0,1,1,0,0,0,0,0,1,0,0,1,0,1,0,1,1,0,0
2024,11,5,17:41:48.426,44.42,205,119.4,0.9180,2347.2,963.8,7.925,0.02,0.02,0.02,0.02,-1396.0,361.0,-821.0,-3378.0,14428,-23681,11.8,0.0,1906.0,0,0,0,e1f,d4c,d48,d48,d48,1,1,1,1,1,0,0,0,0,1,1,1,0,0,0,1,1,0,0,1,0,1,0,1,1,0,0,0,0,0,1,0,0,1,0,1,0,1,1,0,0,0,0,0,1,0,0,1,0,1,0,1,1,0,0,0,0,0,1,0,0,1,0,1,0,1,1,0,0
2024,11,5,17:41:48.446,44.44,225,119.4,0.9181,2344.2,960.9,7.924,0.02,0.02,0.02,0.02,-1397.0,361.0,-821.0,-3406.0,14435,-23698,7.1,0.0,1897.0,0,0,0,e1f,d44,d40,d40,d44,1,1,1,1,1,0,0,0,0,1,1,1,0,0,0,1,0,0,0,1,0,1,0,1,1,0,0,0,0,0,0,0,0,1,0,1,0,1,1,0,0,0,0,0,0,0,0,1,0,1,0,1,1,0,0,0,0,1,0,0,0,1,0,1,0,1,1,0,0
2024,11,5,17:41:48.466,44.46,245,119.4,0.9181,2344.2,960.9,7.924,0.02,0.02,0.02,0.02,-1399.0,361.0,-822.0,-3434.0,14443,-23714,6.9,0.0,1888.0,0,0,0,e1f,d44,d40,d40,d44,1,1,1,1,1,0,0,0,0,1,1,1,0,0,0,1,0,0,0,1,0,1,0,1,1,0,0,0,0,0,0,0,0,1,0,1,0,1,1,0,0,0,0,0,0,0,0,1,0,1,0,1,1,0,0,0,0,1,0,0,0,1,0,1,0,1,1,0,0
2024,11,5,17:41:48.486,44.48,15,119.4,0.9180,2347.2,963.8,7.924,0.02,0.02,0.02,0.02,-1400.0,361.0,-822.0,-3462.0,14450,-23731,11.6,0.0,1879.0,0,0,0,e1f,d44,d44,d44,d44,1,1,1,1,1,0,0,0,0,1,1,1,0,0,0,1,0,0,0,1,0,1,0,1,1,0,0,0,0,1,0,0,0,1,0,1,0,1,1,0,0,0,0,1,0,0,0,1,0,1,0,1,1,0,0,0,0,1,0,0,0,1,0,1,0,1,1,0,0
2024,11,5,17:41:48.506,44.50,35,119.4,0.9180,2347.2,963.8,7.925,0.02,0.02,0.02,0.02,-1401.0,362.0,-822.0,-3490.0,14457,-23747,17.7,0.0,1870.0,0,0,0,e1f,d44,d40,d40,d44,1,1,1,1,1,0,0,0,0,1,1,1,0,0,0,1,0,0,0,1,0,1,0,1,1,0,0,0,0,0,0,0,0,1,0,1,0,1,1,0,0,0,0,0,0,0,0,1,0,1,0,1,1,0,0,0,0,1,0,0,0,1,0,1,0,1,1,0,0
2024,11,5,17:41:48.526,44.52,55,119.4,0.9176,2361.4,978.1,7.924,0.02,0.02,0.02,0.02,-1403.0,362.0,-822.0,-3518.0,14464,-23764,23.9,0.0,1862.0,0,0,0,e1f,d4c,d48,d48,d48,1,1,1,1,1,0,0,0,0,1,1,1,0,0,0,1,1,0,0,1,0,1,0,1,1,0,0,0,0,0,1,0,0,1,0,1,0,1,1,0,0,0,0,0,1,0,0,1,0,1,0,1,1,0,0,0,0,0,1,0,0,1,0,1,0,1,1,0,0
2024,11,5,17:41:48.546,44.54,75,119.4,0.9175,2362.0,978.6,7.924,0.02,0.02,0.02,0.02,-1404.0,362.0,-822.0,-3546.0,14472,-23780,29.8,0.0,1853.0,0,0,0,e1f,d4c,d48,d48,d48,1,1,1,1,1,0,0,0,0,1,1,1,0,0,0,1,1,0,0,1,0,1,0,1,1,0,0,0,0,0,1,0,0,1,0,1,0,1,1,0,0,0,0,0,1,0,0,1,0,1,0,1,1,0,0,0,0,0,1,0,0,1,0,1,0,1,1,0,0
2024,11,5,17:41:48.566,44.56,95,119.4,0.9172,2372.7,989.3,7.924,0.02,0.02,0.02,0.02,-1405.0,361.0,-824.0,-3574.0,14479,-23797,35.6,0.0,1843.0,0,0,0,e1f,d4c,d48,d48,d48,1,1,1,1,1,0,0,0,0,1,1,1,0,0,0,1,1,0,0,1,0,1,0,1,1,0,0,0,0,0,1,0,0,1,0,1,0,1,1,0,0,0,0,0,1,0,0,1,0,1,0,1,1,0,0,0,0,0,1,0,0,1,0,1,0,1,1,0,0
2024,11,5,17:41:48.586,44.58,115,119.4,0.9172,2372.7,989.3,7.925,0.02,0.02,0.02,0.02,-1407.0,361.0,-824.0,-3602.0,14486,-23813,41.4,0.0,1834.0,0,0,0,e1f,d4c,d48,d48,d48,1,1,1,1,1,0,0,0,0,1,1,1,0,0,0,1,1,0,0,1,0,1,0,1,1,0,0,0,0,0,1,0,0,1,0,1,0,1,1,0,0,0,0,0,1,0,0,1,0,1,0,1,1,0,0,0,0,0,1,0,0,1,0,1,0,1,1,0,0
2024,11,5,17:41:48.606,44.60,135,119.4,0.9164,2395.9,1012.5,7.923,0.02,0.02,0.02,0.02,-1408.0,361.0,-824.0,-3630.0,14493,-23830,46.9,0.0,1824.0,0,0,0,e1f,d4e,d4a,d4a,d4a,1,1,1,1,1,0,0,0,0,1,1,1,0,0,1,1,1,0,0,1,0,1,0,1,1,0,0,0,1,0,1,0,0,1,0,1,0,1,1,0,0,0,1,0,1,0,0,1,0,1,0,1,1,0,0,0,1,0,1,0,0,1,0,1,0,1,1,0,0
2024,11,5,17:41:48.626,44.62,155,119.4,0.9164,2395.9,1012.5,7.921,0.02,0.02,0.02,0.02,-1410.0,361.0,-825.0,-3658.0,14501,-23846,52.1,0.0,1815.0,0,0,0,e1f,d4e,d4a,d4a,d4a,1,1,1,1,1,0,0,0,0,1,1,1,0,0,1,1,1,0,0,1,0,1,0,1,1,0,0,0,1,0,1,0,0,1,0,1,0,1,1,0,0,0,1,0,1,0,0,1,0,1,0,1,1,0,0,0,1,0,1,0,0,1,0,1,0,1,1,0,0
2024,11,5,17:41:48.646,44.64,175,119.4,0.9160,2406.6,1023.2,7.925,0.02,0.02,0.02,0.02,-1411.0,361.0,-825.0,-3687.0,14508,-23863,56.6,0.0,1806.0,0,0,0,e1f,d4e,d4a,d4a,d4a,1,1,1,1,1,0,0,0,0,1,1,1,0,0,1,1,1,0,0,1,0,1,0,1,1,0,0,0,1,0,1,0,0,1,0,1,0,1,1,0,0,0,1,0,1,0,0,1,0,1,0,1,1,0,0,0,1,0,1,0,0,1,0,1,0,1,1,0,0
2024,11,5,17:41:48.666,44.66,195,119.4,0.9160,2407.2,1023.8,7.924,0.02,0.02,0.02,0.02,-1412.0,361.0,-825.0,-3715.0,14515,-23879,60.5,0.0,1797.0,0,0,0,e1f,d4e,d4a,d4a,d4a,1,1,1,1,1,0,0,0,0,1,1,1,0,0,1,1,1,0,0,1,0,1,0,1,1,0,0,0,1,0,1,0,0,1,0,1,0,1,1,0,0,0,1,0,1,0,0,1,0,1,0,1,1,0,0,0,1,0,1,0,0,1,0,1,0,1,1,0,0
2024,11,5,17:41:48.686,44.68,215,119.4,0.9157,2417.9,1034.5,7.925,0.02,0.02,0.02,0.02,-1414.0,361.0,-826.0,-3743.0,14522,-23896,63.9,0.0,1788.0,0,0,0,e1f,d4e,d4a,d4a,d4a,1,1,1,1,1,0,0,0,0,1,1,1,0,0,1,1,1,0,0,1,0,1,0,1,1,0,0,0,1,0,1,0,0,1,0,1,0,1,1,0,0,0,1,0,1,0,0,1,0,1,0,1,1,0,0,0,1,0,1,0,0,1,0,1,0,1,1,0,0
2024,11,5,17:41:48.706,44.70,235,119.4,0.9157,2417.9,1034.5,7.925,0.02,0.02,0.02,0.02,-1415.0,361.0,-826.0,-3771.0,14530,-23912,66.6,0.0,1780.0,0,0,0,e1f,d4e,d4a,d4a,d4a,1,1,1,1,1,0,0,0,0,1,1,1,0,0,1,1,1,0,0,1,0,1,0,1,1,0,0,0,1,0,1,0,0,1,0,1,0,1,1,0,0,0,1,0,1,0,0,1,0,1,0,1,1,0,0,0,1,0,1,0,0,1,0,1,0,1,1,0,0
2024,11,5,17:41:48.726,44.72,5,119.4,0.9154,2425.6,1042.2,7.925,0.02,0.02,0.02,0.02,-1416.0,361.0,-826.0,-3800.0,14537,-23929,68.7,0.0,1773.0,0,0,0,e1f,d4e,d4a,d4a,d4a,1,1,1,1,1,0,0,0,0,1,1,1,0,0,1,1,1,0,0,1,0,1,0,1,1,0,0,0,1,0,1,0,0,1,0,1,0,1,1,0,0,0,1,0,1,0,0,1,0,1,0,1,1,0,0,0,1,0,1,0,0,1,0,1,0,1,1,0,0
2024,11,5,17:41:48.746,44.74,25,119.4,0.9154,2425.6,1042.2,7.924,0.02,0.02,0.02,0.02,-1417.0,361.0,-827.0,-3828.0,14544,-23945,70.2,0.0,1766.0,0,0,0,e1f,d4e,d4a,d4a,d4a,1,1,1,1,1,0,0,0,0,1,1,1,0,0,1,1,1,0,0,1,0,1,0,1,1,0,0,0,1,0,1,0,0,1,0,1,0,1,1,0,0,0,1,0,1,0,0,1,0,1,0,1,1,0,0,0,1,0,1,0,0,1,0,1,0,1,1,0,0
2024,11,5,17:41:48.766,44.76,45,119.4,0.9160,2407.2,1023.8,7.924,0.02,0.02,0.02,0.02,-1418.0,361.0,-827.0,-3856.0,14551,-23962,71.0,0.0,1760.0,0,0,0,e1f,d4e,d4a,d4a,d4a,1,1,1,1,1,0,0,0,0,1,1,1,0,0,1,1,1,0,0,1,0,1,0,1,1,0,0,0,1,0,1,0,0,1,0,1,0,1,1,0,0,0,1,0,1,0,0,1,0,1,0,1,1,0,0,0,1,0,1,0,0,1,0,1,0,1,1,0,0
2024,11,5,17:41:48.786,44.78,65,119.4,0.9160,2407.2,1023.8,7.925,0.02,0.02,0.02,0.02,-1419.0,361.0,-827.0,-3885.0,14558,-23978,71.0,0.0,1754.0,0,0,0,e1f,d4e,d4a,d4a,d4a,1,1,1,1,1,0,0,0,0,1,1,1,0,0,1,1,1,0,0,1,0,1,0,1,1,0,0,0,1,0,1,0,0,1,0,1,0,1,1,0,0,0,1,0,1,0,0,1,0,1,0,1,1,0,0,0,1,0,1,0,0,1,0,1,0,1,1,0,0
2024,11,5,17:41:48.806,44.80,85,119.4,0.9175,2362.0,978.6,7.925,0.02,0.02,0.02,0.02,-1420.0,361.0,-828.0,-3913.0,14566,-23995,70.2,0.0,1749.0,0,0,0,e1f,d4c,d48,d48,d48,1,1,1,1,1,0,0,0,0,1,1,1,0,0,0,1,1,0,0,1,0,1,0,1,1,0,0,0,0,0,1,0,0,1,0,1,0,1,1,0,0,0,0,0,1,0,0,1,0,1,0,1,1,0,0,0,0,0,1,0,0,1,0,1,0,1,1,0,0
2024,11,5,17:41:48.826,44.82,105,119.4,0.9175,2362.0,978.6,7.923,0.02,0.02,0.02,0.02,-1421.0,360.0,-828.0,-3942.0,14573,-24012,68.7,0.0,1744.0,0,0,0,e1f,d4c,d48,d48,d48,1,1,1,1,1,0,0,0,0,1,1,1,0,0,0,1,1,0,0,1,0,1,0,1,1,0,0,0,0,0,1,0,0,1,0,1,0,1,1,0,0,0,0,0,1,0,0,1,0,1,0,1,1,0,0,0,0,0,1,0,0,1,0,1,0,1,1,0,0
2024,11,5,17:41:48.846,44.84,125,119.4,0.9178,2353.1,969.7,7.924,0.02,0.02,0.02,0.02,-1422.0,360.0,-829.0,-3970.0,14580,-24028,66.4,0.0,1740.0,0,0,0,e1f,d4c,d48,d48,d48,1,1,1,1,1,0,0,0,0,1,1,1,0,0,0,1,1,0,0,1,0,1,0,1,1,0,0,0,0,0,1,0,0,1,0,1,0,1,1,0,0,0,0,0,1,0,0,1,0,1,0,1,1,0,0,0,0,0,1,0,0,1,0,1,0,1,1,0,0
2024,11,5,17:41:48.866,44.86,145,119.4,0.9178,2353.1,969.7,7.923,0.02,0.02,0.02,0.02,-1423.0,360.0,-829.0,-3999.0,14587,-24045,63.5,0.0,1737.0,0,0,0,e1f,d4c,d48,d48,d48,1,1,1,1,1,0,0,0,0,1,1,1,0,0,0,1,1,0,0,1,0,1,0,1,1,0,0,0,0,0,1,0,0,1,0,1,0,1,1,0,0,0,0,0,1,0,0,1,0,1,0,1,1,0,0,0,0,0,1,0,0,1,0,1,0,1,1,0,0
2024,11,5,17:41:48.886,44.88,165,119.4,0.9180,2348.4,965.0,7.925,0.02,0.02,0.02,0.02,-1424.0,360.0,-829.0,-4027.0,14595,-24061,60.0,0.0,1735.0,0,0,0,e1f,d4c,d48,d48,d48,1,1,1,1,1,0,0,0,0,1,1,1,0,0,0,1,1,0,0,1,0,1,0,1,1,0,0,0,0,0,1,0,0,1,0,1,0,1,1,0,0,0,0,0,1,0,0,1,0,1,0,1,1,0,0,0,0,0,1,0,0,1,0,1,0,1,1,0,0
2024,11,5,17:41:48.906,44.90,185,119.4,0.9180,2348.4,965.0,7.924,0.02,0.02,0.02,0.02,-1425.0,360.0,-829.0,-4056.0,14602,-24078,55.9,0.0,1733.0,0,0,0,e1f,d4c,d48,d48,d48,1,1,1,1,1,0,0,0,0,1,1,1,0,0,0,1,1,0,0,1,0,1,0,1,1,0,0,0,0,0,1,0,0,1,0,1,0,1,1,0,0,0,0,0,1,0,0,1,0,1,0,1,1,0,0,0,0,0,1,0,0,1,0,1,0,1,1,0,0
2024,11,5,17:41:48.926,44.92,205,119.4,0.9177,2356.1,972.7,7.924,0.02,0.02,0.02,0.02,-1427.0,360.0,-830.0,-4084.0,14609,-24094,51.4,0.0,1732.0,0,0,0,e1f,d4c,d48,d48,d48,1,1,1,1,1,0,0,0,0,1,1,1,0,0,0,1,1,0,0,1,0,1,0,1,1,0,0,0,0,0,1,0,0,1,0,1,0,1,1,0,0,0,0,0,1,0,0,1,0,1,0,1,1,0,0,0,0,0,1,0,0,1,0,1,0,1,1,0,0
2024,11,5,17:41:48.946,44.94,225,119.4,0.9177,2356.1,972.7,7.924,0.02,0.02,0.02,0.02,-1428.0,360.0,-830.0,-4113.0,14616,-24111,46.7,0.0,1732.0,0,0,0,e1f,d4c,d48,d48,d48,1,1,1,1,1,0,0,0,0,1,1,1,0,0,0,1,1,0,0,1,0,1,0,1,1,0,0,0,0,0,1,0,0,1,0,1,0,1,1,0,0,0,0,0,1,0,0,1,0,1,0,1,1,0,0,0,0,0,1,0,0,1,0,1,0,1,1,0,0
2024,11,5,17:41:48.966,44.96,245,119.4,0.9182,2342.5,959.1,7.924,0.02,0.02,0.02,0.02,-1429.0,360.0,-830.0,-4141.0,14623,-24128,41.3,0.0,1732.0,0,0,0,e1f,d4c,d48,d48,d48,1,1,1,1,1,0,0,0,0,1,1,1,0,0,0,1,1,0,0,1,0,1,0,1,1,0,0,0,0,0,1,0,0,1,0,1,0,1,1,0,0,0,0,0,1,0,0,1,0,1,0,1,1,0,0,0,0,0,1,0,0,1,0,1,0,1,1,0,0
2024,11,5,17:41:48.986,44.98,15,119.4,0.9182,2342.5,959.1,7.924,0.02,0.02,0.02,0.02,-1431.0,360.0,-831.0,-4170.0,14631,-24144,35.4,0.0,1732.0,0,0,0,e1f,d4c,d48,d48,d48,1,1,1,1,1,0,0,0,0,1,1,1,0,0,0,1,1,0,0,1,0,1,0,1,1,0,0,0,0,0,1,0,0,1,0,1,0,1,1,0,0,0,0,0,1,0,0,1,0,1,0,1,1,0,0,0,0,0,1,0,0,1,0,1,0,1,1,0,0
2024,11,5,17:41:49.006,45.00,35,119.4,0.9188,2324.1,940.7,7.925,0.02,0.02,0.02,0.02,-1432.0,359.0,-831.0,-4199.0,14638,-24161,29.2,0.0,1733.0,0,0,0,e1f,d4c,d48,d48,d48,1,1,1,1,1,0,0,0,0,1,1,1,0,0,0,1,1,0,0,1,0,1,0,1,1,0,0,0,0,0,1,0,0,1,0,1,0,1,1,0,0,0,0,0,1,0,0,1,0,1,0,1,1,0,0,0,0,0,1,0,0,1,0,1,0,1,1,0,0
2024,11,5,17:41:49.026,45.02,55,119.4,0.9188,2324.1,940.7,7.925,0.02,0.02,0.02,0.02,-1434.0,359.0,-831.0,-4227.0,14645,-24178,22.7,0.0,1734.0,0,0,0,e1f,d4c,d48,d48,d48,1,1,1,1,1,0,0,0,0,1,1,1,0,0,0,1,1,0,0,1,0,1,0,1,1,0,0,0,0,0,1,0,0,1,0,1,0,1,1,0,0,0,0,0,1,0,0,1,0,1,0,1,1,0,0,0,0,0,1,0,0,1,0,1,0,1,1,0,0
2024,11,5,17:41:49.046,45.04,75,119.4,0.9191,2315.2,931.8,7.924,0.02,0.02,0.02,0.02,-1435.0,359.0,-832.0,-4256.0,14652,-24194,16.4,0.0,1735.0,0,0,0,e1f,d4c,d48,d48,d48,1,1,1,1,1,0,0,0,0,1,1,1,0,0,0,1,1,0,0,1,0,1,0,1,1,0,0,0,0,0,1,0,0,1,0,1,0,1,1,0,0,0,0,0,1,0,0,1,0,1,0,1,1,0,0,0,0,0,1,0,0,1,0,1,0,1,1,0,0
2024,11,5,17:41:49.066,45.06,95,119.4,0.9191,2315.2,931.8,7.924,0.02,0.02,0.02,0.02,-1437.0,359.0,-832.0,-4285.0,14659,-24211,11.4,0.0,1737.0,0,0,0,e1f,d4c,d48,d48,d48,1,1,1,1,1,0,0,0,0,1,1,1,0,0,0,1,1,0,0,1,0,1,0,1,1,0,0,0,0,0,1,0,0,1,0,1,0,1,1,0,0,0,0,0,1,0,0,1,0,1,0,1,1,0,0,0,0,0,1,0,0,1,0,1,0,1,1,0,0
2024,11,5,17:41:49.086,45.08,115,119.4,0.9198,2295.1,911.7,7.925,0.02,0.02,0.02,0.02,-1439.0,359.0,-832.0,-4313.0,14667,-24227,11.3,0.0,1738.0,0,0,0,e1f,d44,d40,d40,d44,1,1,1,1,1,0,0,0,0,1,1,1,0,0,0,1,0,0,0,1,0,1,0,1,1,0,0,0,0,0,0,0,0,1,0,1,0,1,1,0,0,0,0,0,0,0,0,1,0,1,0,1,1,0,0,0,0,1,0,0,0,1,0,1,0,1,1,0,0
2024,11,5,17:41:49.106,45.10,135,119.4,0.9198,2295.1,911.7,7.925,0.02,0.02,0.02,0.02,-1440.0,359.0,-833.0,-4342.0,14674,-24244,16.6,0.0,1740.0,0,0,0,e1f,d44,d40,d40,d44,1,1,1,1,1,0,0,0,0,1,1,1,0,0,0,1,0,0,0,1,0,1,0,1,1,0,0,0,0,0,0,0,0,1,0,1,0,1,1,0,0,0,0,0,0,0,0,1,0,1,0,1,1,0,0,0,0,1,0,0,0,1,0,1,0,1,1,0,0
2024,11,5,17:41:49.126,45.12,155,119.4,0.9207,2269.0,885.6,7.924,0.02,0.02,0.02,0.02,-1442.0,359.0,-833.0,-4371.0,14681,-24261,23.9,0.0,1741.0,0,0,0,e1f,d4c,d48,d48,d48,1,1,1,1,1,0,0,0,0,1,1,1,0,0,0,1,1,0,0,1,0,1,0,1,1,0,0,0,0,0,1,0,0,1,0,1,0,1,1,0,0,0,0,0,1,0,0,1,0,1,0,1,1,0,0,0,0,0,1,0,0,1,0,1,0,1,1,0,0
2024,11,5,17:41:49.146,45.14,175,119.4,0.9207,2269.0,885.6,7.925,0.02,0.02,0.02,0.02,-1443.0,359.0,-833.0,-4400.0,14688,-24277,31.5,0.0,1742.0,0,0,0,e1f,d4c,d48,d48,d48,1,1,1,1,1,0,0,0,0,1,1,1,0,0,0,1,1,0,0,1,0,1,0,1,1,0,0,0,0,0,1,0,0,1,0,1,0,1,1,0,0,0,0,0,1,0,0,1,0,1,0,1,1,0,0,0,0,0,1,0,0,1,0,1,0,1,1,0,0
2024,11,5,17:41:49.166,45.16,195,119.4,0.9204,2278.5,895.1,7.925,0.02,0.02,0.02,0.02,-1444.0,359.0,-833.0,-4429.0,14695,-24294,38.3,0.0,1743.0,0,0,0,e1f,d4c,d48,d48,d48,1,1,1,1,1,0,0,0,0,1,1,1,0,0,0,1,1,0,0,1,0,1,0,1,1,0,0,0,0,0,1,0,0,1,0,1,0,1,1,0,0,0,0,0,1,0,0,1,0,1,0,1,1,0,0,0,0,0,1,0,0,1,0,1,0,1,1,0,0
2024,11,5,17:41:49.186,45.18,215,119.3,0.9204,2278.5,895.1,7.924,0.02,0.02,0.02,0.02,-1445.0,359.0,-833.0,-4458.0,14702,-24311,44.1,0.0,1744.0,0,0,0,e1f,d4c,d48,d48,d48,1,1,1,1,1,0,0,0,0,1,1,1,0,0,0,1,1,0,0,1,0,1,0,1,1,0,0,0,0,0,1,0,0,1,0,1,0,1,1,0,0,0,0,0,1,0,0,1,0,1,0,1,1,0,0,0,0,0,1,0,0,1,0,1,0,1,1,0,0
2024,11,5,17:41:49.206,45.20,235,119.3,0.9198,2293.9,910.5,7.924,0.02,0.02,0.02,0.02,-1446.0,359.0,-834.0,-4487.0,14710,-24328,48.6,0.0,1746.0,0,0,0,e1f,d4c,d48,d48,d48,1,1,1,1,1,0,0,0,0,1,1,1,0,0,0,1,1,0,0,1,0,1,0,1,1,0,0,0,0,0,1,0,0,1,0,1,0,1,1,0,0,0,0,0,1,0,0,1,0,1,0,1,1,0,0,0,0,0,1,0,0,1,0,1,0,1,1,0,0
2024,11,5,17:41:49.226,45.22,5,119.3,0.9198,2293.9,910.5,7.924,0.02,0.02,0.02,0.02,-1447.0,359.0,-834.0,-4516.0,14717,-24344,51.9,0.0,1747.0,0,0,0,e1f,d4c,d48,d48,d48,1,1,1,1,1,0,0,0,0,1,1,1,0,0,0,1,1,0,0,1,0,1,0,1,1,0,0,0,0,0,1,0,0,1,0,1,0,1,1,0,0,0,0,0,1,0,0,1,0,1,0,1,1,0,0,0,0,0,1,0,0,1,0,1,0,1,1,0,0
2024,11,5,17:41:49.246,45.24,25,119.3,0.9195,2304.5,921.1,7.924,0.02,0.02,0.02,0.02,-1447.0,359.0,-834.0,-4544.0,14724,-24361,54.2,0.0,1749.0,0,0,0,e1f,d4c,d48,d48,d48,1,1,1,1,1,0,0,0,0,1,1,1,0,0,0,1,1,0,0,1,0,1,0,1,1,0,0,0,0,0,1,0,0,1,0,1,0,1,1,0,0,0,0,0,1,0,0,1,0,1,0,1,1,0,0,0,0,0,1,0,0,1,0,1,0,1,1,0,0
2024,11,5,17:41:49.266,45.26,45,119.4,0.9195,2304.5,921.1,7.924,0.02,0.02,0.02,0.02,-1448.0,359.0,-834.0,-4573.0,14731,-24378,55.6,0.0,1751.0,0,0,0,e1f,d4c,d48,d48,d48,1,1,1,1,1,0,0,0,0,1,1,1,0,0,0,1,1,0,0,1,0,1,0,1,1,0,0,0,0,0,1,0,0,1,0,1,0,1,1,0,0,0,0,0,1,0,0,1,0,1,0,1,1,0,0,0,0,0,1,0,0,1,0,1,0,1,1,0,0
2024,11,5,17:41:49.286,45.28,65,119.4,0.9192,2312.2,928.8,7.924,0.02,0.02,0.02,0.02,-1449.0,359.0,-834.0,-4602.0,14738,-24394,56.2,0.0,1753.0,0,0,0,e1f,d4c,d48,d48,d48,1,1,1,1,1,0,0,0,0,1,1,1,0,0,0,1,1,0,0,1,0,1,0,1,1,0,0,0,0,0,1,0,0,1,0,1,0,1,1,0,0,0,0,0,1,0,0,1,0,1,0,1,1,0,0,0,0,0,1,0,0,1,0,1,0,1,1,0,0
2024,11,5,17:41:49.306,45.30,85,119.3,0.9192,2312.8,929.4,7.924,0.02,0.02,0.02,0.02,-1450.0,359.0,-834.0,-4631.0,14746,-24411,56.4,0.0,1755.0,0,0,0,e1f,d4c,d48,d48,d48,1,1,1,1,1,0,0,0,0,1,1,1,0,0,0,1,1,0,0,1,0,1,0,1,1,0,0,0,0,0,1,0,0,1,0,1,0,1,1,0,0,0,0,0,1,0,0,1,0,1,0,1,1,0,0,0,0,0,1,0,0,1,0,1,0,1,1,0,0
2024,11,5,17:41:49.326,45.32,105,119.3,0.9194,2306.3,922.9,7.924,0.02,0.02,0.02,0.02,-1451.0,359.0,-834.0,-4660.0,14753,-24428,56.0,0.0,1758.0,0,0,0,e1f,d4c,d48,d48,d48,1,1,1,1,1,0,0,0,0,1,1,1,0,0,0,1,1,0,0,1,0,1,0,1,1,0,0,0,0,0,1,0,0,1,0,1,0,1,1,0,0,0,0,0,1,0,0,1,0,1,0,1,1,0,0,0,0,0,1,0,0,1,0,1,0,1,1,0,0
2024,11,5,17:41:49.346,45.34,125,119.3,0.9194,2306.3,922.9,7.925,0.02,0.02,0.02,0.02,-1452.0,359.0,-834.0,-4690.0,14760,-24444,55.0,0.0,1761.0,0,0,0,e1f,d4c,d48,d48,d48,1,1,1,1,1,0,0,0,0,1,1,1,0,0,0,1,1,0,0,1,0,1,0,1,1,0,0,0,0,0,1,0,0,1,0,1,0,1,1,0,0,0,0,0,1,0,0,1,0,1,0,1,1,0,0,0,0,0,1,0,0,1,0,1,0,1,1,0,0
2024,11,5,17:41:49.366,45.36,145,119.3,0.9196,2301.6,918.2,7.923,0.02,0.02,0.02,0.02,-1454.0,359.0,-834.0,-4719.0,14767,-24461,53.5,0.0,1764.0,0,0,0,e1f,d4c,d48,d48,d48,1,1,1,1,1,0,0,0,0,1,1,1,0,0,0,1,1,0,0,1,0,1,0,1,1,0,0,0,0,0,1,0,0,1,0,1,0,1,1,0,0,0,0,0,1,0,0,1,0,1,0,1,1,0,0,0,0,0,1,0,0,1,0,1,0,1,1,0,0
2024,11,5,17:41:49.386,45.38,165,119.3,0.9196,2302.2,918.8,7.923,0.02,0.02,0.02,0.02,-1455.0,359.0,-834.0,-4748.0,14774,-24478,51.4,0.0,1767.0,0,0,0,e1f,d4c,d48,d48,d48,1,1,1,1,1,0,0,0,0,1,1,1,0,0,0,1,1,0,0,1,0,1,0,1,1,0,0,0,0,0,1,0,0,1,0,1,0,1,1,0,0,0,0,0,1,0,0,1,0,1,0,1,1,0,0,0,0,0,1,0,0,1,0,1,0,1,1,0,0
2024,11,5,17:41:49.406,45.40,185,119.3,0.9196,2300.4,917.0,7.924,0.02,0.02,0.02,0.02,-1456.0,359.0,-835.0,-4777.0,14782,-24494,49.0,0.0,1771.0,0,0,0,e1f,d4c,d48,d48,d48,1,1,1,1,1,0,0,0,0,1,1,1,0,0,0,1,1,0,0,1,0,1,0,1,1,0,0,0,0,0,1,0,0,1,0,1,0,1,1,0,0,0,0,0,1,0,0,1,0,1,0,1,1,0,0,0,0,0,1,0,0,1,0,1,0,1,1,0,0
2024,11,5,17:41:49.426,45.42,205,119.3,0.9196,2300.4,917.0,7.924,0.02,0.02,0.02,0.02,-1457.0,359.0,-835.0,-4806.0,14789,-24511,46.5,0.0,1776.0,0,0,0,e1f,d4c,d48,d48,d48,1,1,1,1,1,0,0,0,0,1,1,1,0,0,0,1,1,0,0,1,0,1,0,1,1,0,0,0,0,0,1,0,0,1,0,1,0,1,1,0,0,0,0,0,1,0,0,1,0,1,0,1,1,0,0,0,0,0,1,0,0,1,0,1,0,1,1,0,0
2024,11,5,17:41:49.446,45.44,225,119.3,0.9192,2314.0,930.6,7.924,0.02,0.02,0.02,0.02,-1458.0,359.0,-835.0,-4835.0,14796,-24528,43.8,0.0,1780.0,0,0,0,e1f,d4c,d48,d48,d48,1,1,1,1,1,0,0,0,0,1,1,1,0,0,0,1,1,0,0,1,0,1,0,1,1,0,0,0,0,0,1,0,0,1,0,1,0,1,1,0,0,0,0,0,1,0,0,1,0,1,0,1,1,0,0,0,0,0,1,0,0,1,0,1,0,1,1,0,0
2024,11,5,17:41:49.466,45.46,245,119.3,0.9192,2314.0,930.6,7.923,0.02,0.02,0.02,0.02,-1460.0,359.0,-835.0,-4864.0,14803,-24545,41.3,0.0,1785.0,0,0,0,e1f,d4c,d48,d48,d48,1,1,1,1,1,0,0,0,0,1,1,1,0,0,0,1,1,0,0,1,0,1,0,1,1,0,0,0,0,0,1,0,0,1,0,1,0,1,1,0,0,0,0,0,1,0,0,1,0,1,0,1,1,0,0,0,0,0,1,0,0,1,0,1,0,1,1,0,0
2024,11,5,17:41:49.486,45.48,15,119.3,0.9205,2273.7,890.3,7.923,0.02,0.02,0.02,0.02,-1461.0,359.0,-835.0,-4894.0,14810,-24561,39.0,0.0,1789.0,0,0,0,e1f,d4c,d48,d48,d48,1,1,1,1,1,0,0,0,0,1,1,1,0,0,0,1,1,0,0,1,0,1,0,1,1,0,0,0,0,0,1,0,0,1,0,1,0,1,1,0,0,0,0,0,1,0,0,1,0,1,0,1,1,0,0,0,0,0,1,0,0,1,0,1,0,1,1,0,0
2024,11,5,17:41:49.506,45.50,35,119.3,0.9205,2273.7,890.3,7.924,0.02,0.02,0.02,0.02,-1463.0,359.0,-835.0,-4923.0,14818,-24578,37.0,0.0,1794.0,0,0,0,e1f,d4c,d48,d48,d48,1,1,1,1,1,0,0,0,0,1,1,1,0,0,0,1,1,0,0,1,0,1,0,1,1,0,0,0,0,0,1,0,0,1,0,1,0,1,1,0,0,0,0,0,1,0,0,1,0,1,0,1,1,0,0,0,0,0,1,0,0,1,0,1,0,1,1,0,0
2024,11,5,17:41:49.526,45.52,55,119.3,0.9208,2266.0,882.7,7.923,0.02,0.02,0.02,0.02,-1464.0,360.0,-835.0,-4952.0,14825,-24595,35.5,0.0,1799.0,0,0,0,e1f,d4c,d48,d48,d48,1,1,1,1,1,0,0,0,0,1,1,1,0,0,0,1,1,0,0,1,0,1,0,1,1,0,0,0,0,0,1,0,0,1,0,1,0,1,1,0,0,0,0,0,1,0,0,1,0,1,0,1,1,0,0,0,0,0,1,0,0,1,0,1,0,1,1,0,0
2024,11,5,17:41:49.546,45.54,75,119.3,0.9208,2266.6,883.2,7.924,0.02,0.02,0.02,0.02,-1466.0,360.0,-835.0,-4981.0,14832,-24611,34.6,0.0,1805.0,0,0,0,e1f,d4c,d48,d48,d48,1,1,1,1,1,0,0,0,0,1,1,1,0,0,0,1,1,0,0,1,0,1,0,1,1,0,0,0,0,0,1,0,0,1,0,1,0,1,1,0,0,0,0,0,1,0,0,1,0,1,0,1,1,0,0,0,0,0,1,0,0,1,0,1,0,1,1,0,0
2024,11,5,17:41:49.566,45.56,95,119.3,0.9212,2253.0,869.6,7.924,0.02,0.02,0.02,0.02,-1467.0,360.0,-835.0,-5011.0,14839,-24628,34.6,0.0,1810.0,0,0,0,e1f,d4c,d48,d48,d48,1,1,1,1,1,0,0,0,0,1,1,1,0,0,0,1,1,0,0,1,0,1,0,1,1,0,0,0,0,0,1,0,0,1,0,1,0,1,1,0,0,0,0,0,1,0,0,1,0,1,0,1,1,0,0,0,0,0,1,0,0,1,0,1,0,1,1,0,0
2024,11,5,17:41:49.586,45.58,115,119.3,0.9212,2253.0,869.6,7.923,0.02,0.02,0.02,0.02,-1469.0,360.0,-835.0,-5040.0,14846,-24645,35.3,0.0,1816.0,0,0,0,e1f,d4c,d48,d48,d48,1,1,1,1,1,0,0,0,0,1,1,1,0,0,0,1,1,0,0,1,0,1,0,1,1,0,0,0,0,0,1,0,0,1,0,1,0,1,1,0,0,0,0,0,1,0,0,1,0,1,0,1,1,0,0,0,0,0,1,0,0,1,0,1,0,1,1,0,0
2024,11,5,17:41:49.606,45.60,135,119.3,0.9221,2228.2,844.8,7.922,0.02,0.02,0.02,0.02,-1470.0,360.0,-836.0,-5069.0,14854,-24661,37.0,0.0,1821.0,0,0,0,e1f,d4c,d48,d48,d48,1,1,1,1,1,0,0,0,0,1,1,1,0,0,0,1,1,0,0,1,0,1,0,1,1,0,0,0,0,0,1,0,0,1,0,1,0,1,1,0,0,0,0,0,1,0,0,1,0,1,0,1,1,0,0,0,0,0,1,0,0,1,0,1,0,1,1,0,0
2024,11,5,17:41:49.626,45.62,155,119.3,0.9220,2228.8,845.4,7.924,0.02,0.02,0.02,0.02,-1472.0,360.0,-836.0,-5099.0,14861,-24678,39.3,0.0,1827.0,0,0,0,e1f,d4c,d48,d48,d48,1,1,1,1,1,0,0,0,0,1,1,1,0,0,0,1,1,0,0,1,0,1,0,1,1,0,0,0,0,0,1,0,0,1,0,1,0,1,1,0,0,0,0,0,1,0,0,1,0,1,0,1,1,0,0,0,0,0,1,0,0,1,0,1,0,1,1,0,0
2024,11,5,17:41:49.646,45.64,175,119.3,0.9220,2228.8,845.4,7.924,0.02,0.02,0.02,0.02,-1473.0,360.0,-837.0,-5128.0,14868,-24695,42.2,0.0,1833.0,0,0,0,e1f,d4c,d48,d48,d48,1,1,1,1,1,0,0,0,0,1,1,1,0,0,0,1,1,0,0,1,0,1,0,1,1,0,0,0,0,0,1,0,0,1,0,1,0,1,1,0,0,0,0,0,1,0,0,1,0,1,0,1,1,0,0,0,0,0,1,0,0,1,0,1,0,1,1,0,0
2024,11,5,17:41:49.666,45.66,195,119.3,0.9220,2228.8,845.4,7.926,0.02,0.02,0.02,0.02,-1475.0,360.0,-837.0,-5158.0,14875,-24712,45.5,0.0,1839.0,0,0,0,e1f,d4c,d48,d48,d48,1,1,1,1,1,0,0,0,0,1,1,1,0,0,0,1,1,0,0,1,0,1,0,1,1,0,0,0,0,0,1,0,0,1,0,1,0,1,1,0,0,0,0,0,1,0,0,1,0,1,0,1,1,0,0,0,0,0,1,0,0,1,0,1,0,1,1,0,0
2024,11,5,17:41:49.686,45.68,215,119.3,0.9215,2245.3,862.0,7.924,0.02,0.02,0.02,0.02,-1476.0,360.0,-837.0,-5187.0,14882,-24728,49.1,0.0,1845.0,0,0,0,e1f,d4c,d48,d48,d48,1,1,1,1,1,0,0,0,0,1,1,1,0,0,0,1,1,0,0,1,0,1,0,1,1,0,0,0,0,0,1,0,0,1,0,1,0,1,1,0,0,0,0,0,1,0,0,1,0,1,0,1,1,0,0,0,0,0,1,0,0,1,0,1,0,1,1,0,0
2024,11,5,17:41:49.706,45.70,235,119.3,0.9215,2245.9,862.5,7.925,0.02,0.02,0.02,0.02,-1478.0,360.0,-838.0,-5217.0,14890,-24745,52.7,0.0,1851.0,0,0,0,e1f,d4c,d48,d48,d48,1,1,1,1,1,0,0,0,0,1,1,1,0,0,0,1,1,0,0,1,0,1,0,1,1,0,0,0,0,0,1,0,0,1,0,1,0,1,1,0,0,0,0,0,1,0,0,1,0,1,0,1,1,0,0,0,0,0,1,0,0,1,0,1,0,1,1,0,0
2024,11,5,17:41:49.726,45.72,5,119.3,0.9214,2248.9,865.5,7.920,0.02,0.02,0.02,0.02,-1479.0,360.0,-838.0,-5247.0,14897,-24762,56.0,0.0,1858.0,0,0,0,e1f,d4c,d48,d48,d48,1,1,1,1,1,0,0,0,0,1,1,1,0,0,0,1,1,0,0,1,0,1,0,1,1,0,0,0,0,0,1,0,0,1,0,1,0,1,1,0,0,0,0,0,1,0,0,1,0,1,0,1,1,0,0,0,0,0,1,0,0,1,0,1,0,1,1,0,0
2024,11,5,17:41:49.746,45.74,25,119.3,0.9214,2248.9,865.5,7.923,0.02,0.02,0.02,0.02,-1480.0,360.0,-838.0,-5276.0,14904,-24779,58.8,0.0,1864.0,0,0,0,e1f,d4c,d48,d48,d48,1,1,1,1,1,0,0,0,0,1,1,1,0,0,0,1,1,0,0,1,0,1,0,1,1,0,0,0,0,0,1,0,0,1,0,1,0,1,1,0,0,0,0,0,1,0,0,1,0,1,0,1,1,0,0,0,0,0,1,0,0,1,0,1,0,1,1,0,0
2024,11,5,17:41:49.766,45.76,45,119.3,0.9209,2261.3,877.9,7.924,0.02,0.02,0.02,0.02,-1481.0,360.0,-838.0,-5306.0,14911,-24796,61.3,0.0,1871.0,0,0,0,e1f,d4c,d48,d48,d48,1,1,1,1,1,0,0,0,0,1,1,1,0,0,0,1,1,0,0,1,0,1,0,1,1,0,0,0,0,0,1,0,0,1,0,1,0,1,1,0,0,0,0,0,1,0,0,1,0,1,0,1,1,0,0,0,0,0,1,0,0,1,0,1,0,1,1,0,0
2024,11,5,17:41:49.786,45.78,65,119.3,0.9209,2261.3,877.9,7.924,0.02,0.02,0.02,0.02,-1482.0,360.0,-838.0,-5335.0,14919,-24812,63.3,0.0,1877.0,0,0,0,e1f,d4c,d48,d48,d48,1,1,1,1,1,0,0,0,0,1,1,1,0,0,0,1,1,0,0,1,0,1,0,1,1,0,0,0,0,0,1,0,0,1,0,1,0,1,1,0,0,0,0,0,1,0,0,1,0,1,0,1,1,0,0,0,0,0,1,0,0,1,0,1,0,1,1,0,0
2024,11,5,17:41:49.806,45.80,85,119.3,0.9209,2262.5,879.1,7.924,0.02,0.02,0.02,0.02,-1483.0,360.0,-838.0,-5365.0,14926,-24829,64.6,0.0,1884.0,0,0,0,e1f,d4c,d48,d48,d48,1,1,1,1,1,0,0,0,0,1,1,1,0,0,0,1,1,0,0,1,0,1,0,1,1,0,0,0,0,0,1,0,0,1,0,1,0,1,1,0,0,0,0,0,1,0,0,1,0,1,0,1,1,0,0,0,0,0,1,0,0,1,0,1,0,1,1,0,0
2024,11,5,17:41:49.826,45.82,105,119.3,0.9209,2261.9,878.5,7.924,0.02,0.02,0.02,0.02,-1484.0,360.0,-838.0,-5395.0,14933,-24846,65.4,0.0,1891.0,0,0,0,e1f,d4c,d48,d48,d48,1,1,1,1,1,0,0,0,0,1,1,1,0,0,0,1,1,0,0,1,0,1,0,1,1,0,0,0,0,0,1,0,0,1,0,1,0,1,1,0,0,0,0,0,1,0,0,1,0,1,0,1,1,0,0,0,0,0,1,0,0,1,0,1,0,1,1,0,0
2024,11,5,17:41:49.846,45.84,125,119.3,0.9211,2257.8,874.4,7.924,0.02,0.02,0.02,0.02,-1485.0,359.0,-838.0,-5424.0,14940,-24863,65.5,0.0,1898.0,0,0,0,e1f,d4c,d48,d48,d48,1,1,1,1,1,0,0,0,0,1,1,1,0,0,0,1,1,0,0,1,0,1,0,1,1,0,0,0,0,0,1,0,0,1,0,1,0,1,1,0,0,0,0,0,1,0,0,1,0,1,0,1,1,0,0,0,0,0,1,0,0,1,0,1,0,1,1,0,0
2024,11,5,17:41:49.866,45.86,145,119.3,0.9211,2257.8,874.4,7.924,0.02,0.02,0.02,0.02,-1486.0,359.0,-838.0,-5454.0,14947,-24879,65.0,0.0,1905.0,0,0,0,e1f,d4c,d48,d48,d48,1,1,1,1,1,0,0,0,0,1,1,1,0,0,0,1,1,0,0,1,0,1,0,1,1,0,0,0,0,0,1,0,0,1,0,1,0,1,1,0,0,0,0,0,1,0,0,1,0,1,0,1,1,0,0,0,0,0,1,0,0,1,0,1,0,1,1,0,0
2024,11,5,17:41:49.886,45.88,165,119.3,0.9210,2260.7,877.3,7.925,0.02,0.02,0.02,0.02,-1487.0,359.0,-838.0,-5484.0,14955,-24896,63.9,0.0,1912.0,0,0,0,e1f,d4c,d48,d48,d48,1,1,1,1,1,0,0,0,0,1,1,1,0,0,0,1,1,0,0,1,0,1,0,1,1,0,0,0,0,0,1,0,0,1,0,1,0,1,1,0,0,0,0,0,1,0,0,1,0,1,0,1,1,0,0,0,0,0,1,0,0,1,0,1,0,1,1,0,0
2024,11,5,17:41:49.906,45.90,185,119.3,0.9210,2260.7,877.3,7.925,0.02,0.02,0.02,0.02,-1488.0,359.0,-838.0,-5514.0,14962,-24913,62.1,0.0,1920.0,0,0,0,e1f,d4c,d48,d48,d48,1,1,1,1,1,0,0,0,0,1,1,1,0,0,0,1,1,0,0,1,0,1,0,1,1,0,0,0,0,0,1,0,0,1,0,1,0,1,1,0,0,0,0,0,1,0,0,1,0,1,0,1,1,0,0,0,0,0,1,0,0,1,0,1,0,1,1,0,0
2024,11,5,17:41:49.926,45.92,205,119.3,0.9204,2277.9,894.5,7.924,0.02,0.02,0.02,0.02,-1489.0,359.0,-838.0,-5543.0,14969,-24930,59.7,0.0,1929.0,0,0,0,e1f,d4c,d48,d48,d48,1,1,1,1,1,0,0,0,0,1,1,1,0,0,0,1,1,0,0,1,0,1,0,1,1,0,0,0,0,0,1,0,0,1,0,1,0,1,1,0,0,0,0,0,1,0,0,1,0,1,0,1,1,0,0,0,0,0,1,0,0,1,0,1,0,1,1,0,0
2024,11,5,17:41:49.946,45.94,225,119.3,0.9204,2277.9,894.5,7.925,0.02,0.02,0.02,0.02,-1490.0,358.0,-839.0,-5573.0,14976,-24947,56.6,0.0,1937.0,0,0,0,e1f,d4c,d48,d48,d48,1,1,1,1,1,0,0,0,0,1,1,1,0,0,0,1,1,0,0,1,0,1,0,1,1,0,0,0,0,0,1,0,0,1,0,1,0,1,1,0,0,0,0,0,1,0,0,1,0,1,0,1,1,0,0,0,0,0,1,0,0,1,0,1,0,1,1,0,0
2024,11,5,17:41:49.966,45.96,245,119.3,0.9211,2256.0,872.6,7.925,0.02,0.02,0.02,0.02,-1491.0,358.0,-839.0,-5603.0,14983,-24963,52.9,0.0,1946.0,0,0,0,e1f,d4c,d48,d48,d48,1,1,1,1,1,0,0,0,0,1,1,1,0,0,0,1,1,0,0,1,0,1,0,1,1,0,0,0,0,0,1,0,0,1,0,1,0,1,1,0,0,0,0,0,1,0,0,1,0,1,0,1,1,0,0,0,0,0,1,0,0,1,0,1,0,1,1,0,0
2024,11,5,17:41:49.986,45.98,15,119.3,0.9211,2256.6,873.2,7.925,0.02,0.02,0.02,0.02,-1492.0,358.0,-839.0,-5633.0,14990,-24980,48.5,0.0,1954.0,0,0,0,e1f,d4c,d48,d48,d48,1,1,1,1,1,0,0,0,0,1,1,1,0,0,0,1,1,0,0,1,0,1,0,1,1,0,0,0,0,0,1,0,0,1,0,1,0,1,1,0,0,0,0,0,1,0,0,1,0,1,0,1,1,0,0,0,0,0,1,0,0,1,0,1,0,1,1,0,0
2024,11,5,17:41:50.006,46.00,35,119.3,0.9219,2233.5,850.1,7.924,0.02,0.02,0.02,0.02,-1493.0,357.0,-839.0,-5663.0,14998,-24997,43.5,0.0,1963.0,0,0,0,e1f,d4c,d48,d48,d48,1,1,1,1,1,0,0,0,0,1,1,1,0,0,0,1,1,0,0,1,0,1,0,1,1,0,0,0,0,0,1,0,0,1,0,1,0,1,1,0,0,0,0,0,1,0,0,1,0,1,0,1,1,0,0,0,0,0,1,0,0,1,0,1,0,1,1,0,0
2024,11,5,17:41:50.026,46.02,55,119.3,0.9219,2232.9,849.5,7.924,0.02,0.02,0.02,0.02,-1494.0,357.0,-840.0,-5693.0,15005,-25014,37.8,0.0,1971.0,0,0,0,e1f,d4c,d48,d48,d48,1,1,1,1,1,0,0,0,0,1,1,1,0,0,0,1,1,0,0,1,0,1,0,1,1,0,0,0,0,0,1,0,0,1,0,1,0,1,1,0,0,0,0,0,1,0,0,1,0,1,0,1,1,0,0,0,0,0,1,0,0,1,0,1,0,1,1,0,0
2024,11,5,17:41:50.046,46.04,75,119.3,0.9230,2201.0,817.6,7.925,0.02,0.02,0.02,0.02,-1496.0,357.0,-840.0,-5723.0,15012,-25030,31.9,0.0,1979.0,0,0,0,e1f,d4c,d48,d48,d48,1,1,1,1,1,0,0,0,0,1,1,1,0,0,0,1,1,0,0,1,0,1,0,1,1,0,0,0,0,0,1,0,0,1,0,1,0,1,1,0,0,0,0,0,1,0,0,1,0,1,0,1,1,0,0,0,0,0,1,0,0,1,0,1,0,1,1,0,0
2024,11,5,17:41:50.066,46.06,95,119.3,0.9230,2201.0,817.6,7.925,0.02,0.02,0.02,0.02,-1497.0,357.0,-841.0,-5752.0,15019,-25047,25.9,0.0,1987.0,0,0,0,e1f,d4c,d48,d48,d48,1,1,1,1,1,0,0,0,0,1,1,1,0,0,0,1,1,0,0,1,0,1,0,1,1,0,0,0,0,0,1,0,0,1,0,1,0,1,1,0,0,0,0,0,1,0,0,1,0,1,0,1,1,0,0,0,0,0,1,0,0,1,0,1,0,1,1,0,0
2024,11,5,17:41:50.086,46.08,115,119.3,0.9235,2185.7,802.3,7.924,0.02,0.02,0.02,0.02,-1499.0,357.0,-842.0,-5782.0,15026,-25064,19.8,0.0,1994.0,0,0,0,e1f,d4c,d48,d48,d48,1,1,1,1,1,0,0,0,0,1,1,1,0,0,0,1,1,0,0,1,0,1,0,1,1,0,0,0,0,0,1,0,0,1,0,1,0,1,1,0,0,0,0,0,1,0,0,1,0,1,0,1,1,0,0,0,0,0,1,0,0,1,0,1,0,1,1,0,0
2024,11,5,17:41:50.106,46.10,135,119.3,0.9235,2185.7,802.3,7.924,0.02,0.02,0.02,0.02,-1501.0,357.0,-842.0,-5812.0,15033,-25081,15.0,0.0,2002.0,0,0,0,e1f,d4c,d48,d48,d48,1,1,1,1,1,0,0,0,0,1,1,1,0,0,0,1,1,0,0,1,0,1,0,1,1,0,0,0,0,0,1,0,0,1,0,1,0,1,1,0,0,0,0,0,1,0,0,1,0,1,0,1,1,0,0,0,0,0,1,0,0,1,0,1,0,1,1,0,0
2024,11,5,17:41:50.126,46.12,155,119.3,0.9238,2176.2,792.8,7.925,0.02,0.02,0.02,0.02,-1502.0,357.0,-842.0,-5842.0,15040,-25098,13.2,0.0,2009.0,0,0,0,e1f,d4c,d48,d48,d48,1,1,1,1,1,0,0,0,0,1,1,1,0,0,0,1,1,0,0,1,0,1,0,1,1,0,0,0,0,0,1,0,0,1,0,1,0,1,1,0,0,0,0,0,1,0,0,1,0,1,0,1,1,0,0,0,0,0,1,0,0,1,0,1,0,1,1,0,0
2024,11,5,17:41:50.146,46.14,175,119.3,0.9238,2176.2,792.8,7.924,0.02,0.02,0.02,0.02,-1504.0,357.0,-842.0,-5873.0,15048,-25115,15.0,0.0,2017.0,0,0,0,e1f,d4c,d48,d48,d4c,1,1,1,1,1,0,0,0,0,1,1,1,0,0,0,1,1,0,0,1,0,1,0,1,1,0,0,0,0,0,1,0,0,1,0,1,0,1,1,0,0,0,0,0,1,0,0,1,0,1,0,1,1,0,0,0,0,1,1,0,0,1,0,1,0,1,1,0,0
2024,11,5,17:41:50.166,46.16,195,119.3,0.9237,2179.8,796.4,7.924,0.02,0.02,0.02,0.02,-1505.0,358.0,-843.0,-5903.0,15055,-25132,18.8,0.0,2024.0,0,0,0,e1f,d4c,d48,d48,d48,1,1,1,1,1,0,0,0,0,1,1,1,0,0,0,1,1,0,0,1,0,1,0,1,1,0,0,0,0,0,1,0,0,1,0,1,0,1,1,0,0,0,0,0,1,0,0,1,0,1,0,1,1,0,0,0,0,0,1,0,0,1,0,1,0,1,1,0,0
2024,11,5,17:41:50.186,46.18,215,119.3,0.9237,2179.2,795.8,7.924,0.02,0.02,0.02,0.02,-1506.0,358.0,-842.0,-5933.0,15062,-25148,23.1,0.0,2030.0,0,0,0,e1f,d4c,d48,d48,d48,1,1,1,1,1,0,0,0,0,1,1,1,0,0,0,1,1,0,0,1,0,1,0,1,1,0,0,0,0,0,1,0,0,1,0,1,0,1,1,0,0,0,0,0,1,0,0,1,0,1,0,1,1,0,0,0,0,0,1,0,0,1,0,1,0,1,1,0,0
2024,11,5,17:41:50.206,46.20,235,119.3,0.9231,2197.5,814.1,7.925,0.02,0.02,0.02,0.02,-1508.0,358.0,-842.0,-5963.0,15069,-25165,26.8,0.0,2036.0,0,0,0,e1f,d4c,d48,d48,d48,1,1,1,1,1,0,0,0,0,1,1,1,0,0,0,1,1,0,0,1,0,1,0,1,1,0,0,0,0,0,1,0,0,1,0,1,0,1,1,0,0,0,0,0,1,0,0,1,0,1,0,1,1,0,0,0,0,0,1,0,0,1,0,1,0,1,1,0,0
2024,11,5,17:41:50.226,46.22,5,119.3,0.9231,2197.5,814.1,7.924,0.02,0.02,0.02,0.02,-1508.0,358.0,-842.0,-5993.0,15076,-25182,29.9,0.0,2042.0,0,0,0,e1f,d4c,d48,d48,d48,1,1,1,1,1,0,0,0,0,1,1,1,0,0,0,1,1,0,0,1,0,1,0,1,1,0,0,0,0,0,1,0,0,1,0,1,0,1,1,0,0,0,0,0,1,0,0,1,0,1,0,1,1,0,0,0,0,0,1,0,0,1,0,1,0,1,1,0,0
2024,11,5,17:41:50.246,46.24,25,119.3,0.9231,2197.5,814.1,7.923,0.02,0.02,0.02,0.02,-1509.0,358.0,-841.0,-6023.0,15083,-25199,31.8,0.0,2049.0,0,0,0,e1f,d4c,d48,d48,d48,1,1,1,1,1,0,0,0,0,1,1,1,0,0,0,1,1,0,0,1,0,1,0,1,1,0,0,0,0,0,1,0,0,1,0,1,0,1,1,0,0,0,0,0,1,0,0,1,0,1,0,1,1,0,0,0,0,0,1,0,0,1,0,1,0,1,1,0,0
2024,11,5,17:41:50.266,46.26,45,119.3,0.9231,2198.1,814.7,7.922,0.02,0.02,0.02,0.02,-1510.0,358.0,-841.0,-6053.0,15091,-25216,33.2,0.0,2056.0,0,0,0,e1f,d4c,d48,d48,d48,1,1,1,1,1,0,0,0,0,1,1,1,0,0,0,1,1,0,0,1,0,1,0,1,1,0,0,0,0,0,1,0,0,1,0,1,0,1,1,0,0,0,0,0,1,0,0,1,0,1,0,1,1,0,0,0,0,0,1,0,0,1,0,1,0,1,1,0,0
2024,11,5,17:41:50.286,46.28,65,119.3,0.9225,2214.6,831.2,7.923,0.02,0.02,0.02,0.02,-1511.0,358.0,-841.0,-6084.0,15098,-25233,34.3,0.0,2063.0,0,0,0,e1f,d4c,d48,d48,d48,1,1,1,1,1,0,0,0,0,1,1,1,0,0,0,1,1,0,0,1,0,1,0,1,1,0,0,0,0,0,1,0,0,1,0,1,0,1,1,0,0,0,0,0,1,0,0,1,0,1,0,1,1,0,0,0,0,0,1,0,0,1,0,1,0,1,1,0,0
2024,11,5,17:41:50.306,46.30,85,119.3,0.9225,2214.6,831.2,7.923,0.02,0.02,0.02,0.02,-1513.0,358.0,-840.0,-6114.0,15105,-25249,35.2,0.0,2071.0,0,0,0,e1f,d4c,d48,d48,d48,1,1,1,1,1,0,0,0,0,1,1,1,0,0,0,1,1,0,0,1,0,1,0,1,1,0,0,0,0,0,1,0,0,1,0,1,0,1,1,0,0,0,0,0,1,0,0,1,0,1,0,1,1,0,0,0,0,0,1,0,0,1,0,1,0,1,1,0,0
2024,11,5,17:41:50.326,46.32,105,119.3,0.9228,2205.2,821.8,7.924,0.02,0.02,0.02,0.02,-1514.0,359.0,-840.0,-6144.0,15112,-25266,36.0,0.0,2079.0,0,0,0,e1f,d4c,d48,d48,d48,1,1,1,1,1,0,0,0,0,1,1,1,0,0,0,1,1,0,0,1,0,1,0,1,1,0,0,0,0,0,1,0,0,1,0,1,0,1,1,0,0,0,0,0,1,0,0,1,0,1,0,1,1,0,0,0,0,0,1,0,0,1,0,1,0,1,1,0,0
2024,11,5,17:41:50.346,46.34,125,119.3,0.9228,2205.2,821.8,7.925,0.02,0.02,0.02,0.02,-1515.0,359.0,-840.0,-6175.0,15119,-25283,37.0,0.0,2086.0,0,0,0,e1f,d4c,d48,d48,d48,1,1,1,1,1,0,0,0,0,1,1,1,0,0,0,1,1,0,0,1,0,1,0,1,1,0,0,0,0,0,1,0,0,1,0,1,0,1,1,0,0,0,0,0,1,0,0,1,0,1,0,1,1,0,0,0,0,0,1,0,0,1,0,1,0,1,1,0,0
2024,11,5,17:41:50.366,46.36,145,119.3,0.9232,2193.3,810.0,7.924,0.02,0.02,0.02,0.02,-1517.0,359.0,-840.0,-6205.0,15127,-25300,38.2,0.0,2094.0,0,0,0,e1f,d4c,d48,d48,d48,1,1,1,1,1,0,0,0,0,1,1,1,0,0,0,1,1,0,0,1,0,1,0,1,1,0,0,0,0,0,1,0,0,1,0,1,0,1,1,0,0,0,0,0,1,0,0,1,0,1,0,1,1,0,0,0,0,0,1,0,0,1,0,1,0,1,1,0,0
2024,11,5,17:41:50.386,46.38,165,119.3,0.9232,2193.3,810.0,7.924,0.02,0.02,0.02,0.02,-1518.0,359.0,-840.0,-6235.0,15134,-25317,39.9,0.0,2102.0,0,0,0,e1f,d4c,d48,d48,d48,1,1,1,1,1,0,0,0,0,1,1,1,0,0,0,1,1,0,0,1,0,1,0,1,1,0,0,0,0,0,1,0,0,1,0,1,0,1,1,0,0,0,0,0,1,0,0,1,0,1,0,1,1,0,0,0,0,0,1,0,0,1,0,1,0,1,1,0,0
2024,11,5,17:41:50.406,46.40,185,119.3,0.9232,2194.5,811.1,7.923,0.02,0.02,0.02,0.02,-1520.0,360.0,-840.0,-6266.0,15141,-25334,42.3,0.0,2109.0,0,0,0,e1f,d4c,d48,d48,d48,1,1,1,1,1,0,0,0,0,1,1,1,0,0,0,1,1,0,0,1,0,1,0,1,1,0,0,0,0,0,1,0,0,1,0,1,0,1,1,0,0,0,0,0,1,0,0,1,0,1,0,1,1,0,0,0,0,0,1,0,0,1,0,1,0,1,1,0,0
2024,11,5,17:41:50.426,46.42,205,119.3,0.9232,2194.5,811.1,7.925,0.02,0.02,0.02,0.02,-1521.0,360.0,-841.0,-6296.0,15148,-25350,45.6,0.0,2117.0,0,0,0,e1f,d4c,d48,d48,d48,1,1,1,1,1,0,0,0,0,1,1,1,0,0,0,1,1,0,0,1,0,1,0,1,1,0,0,0,0,0,1,0,0,1,0,1,0,1,1,0,0,0,0,0,1,0,0,1,0,1,0,1,1,0,0,0,0,0,1,0,0,1,0,1,0,1,1,0,0
2024,11,5,17:41:50.446,46.44,225,119.3,0.9242,2165.6,782.2,7.923,0.02,0.02,0.02,0.02,-1523.0,360.0,-841.0,-6326.0,15155,-25367,49.6,0.0,2124.0,0,0,0,e1f,d4c,d48,d48,d48,1,1,1,1,1,0,0,0,0,1,1,1,0,0,0,1,1,0,0,1,0,1,0,1,1,0,0,0,0,0,1,0,0,1,0,1,0,1,1,0,0,0,0,0,1,0,0,1,0,1,0,1,1,0,0,0,0,0,1,0,0,1,0,1,0,1,1,0,0
2024,11,5,17:41:50.466,46.46,245,119.3,0.9242,2165.0,781.6,7.925,0.02,0.02,0.02,0.02,-1525.0,361.0,-842.0,-6357.0,15163,-25384,54.2,0.0,2131.0,0,0,0,e1f,d4c,d48,d48,d48,1,1,1,1,1,0,0,0,0,1,1,1,0,0,0,1,1,0,0,1,0,1,0,1,1,0,0,0,0,0,1,0,0,1,0,1,0,1,1,0,0,0,0,0,1,0,0,1,0,1,0,1,1,0,0,0,0,0,1,0,0,1,0,1,0,1,1,0,0
2024,11,5,17:41:50.486,46.48,15,119.3,0.9243,2162.1,778.7,7.923,0.02,0.02,0.02,0.02,-1526.0,361.0,-842.0,-6387.0,15170,-25401,59.2,0.0,2139.0,0,0,0,e1f,d4c,d48,d48,d48,1,1,1,1,1,0,0,0,0,1,1,1,0,0,0,1,1,0,0,1,0,1,0,1,1,0,0,0,0,0,1,0,0,1,0,1,0,1,1,0,0,0,0,0,1,0,0,1,0,1,0,1,1,0,0,0,0,0,1,0,0,1,0,1,0,1,1,0,0
2024,11,5,17:41:50.506,46.50,35,119.3,0.9243,2162.7,779.3,7.924,0.02,0.02,0.02,0.02,-1528.0,361.0,-843.0,-6418.0,15177,-25418,64.6,0.0,2146.0,0,0,0,e1f,d4c,d48,d48,d48,1,1,1,1,1,0,0,0,0,1,1,1,0,0,0,1,1,0,0,1,0,1,0,1,1,0,0,0,0,0,1,0,0,1,0,1,0,1,1,0,0,0,0,0,1,0,0,1,0,1,0,1,1,0,0,0,0,0,1,0,0,1,0,1,0,1,1,0,0
2024,11,5,17:41:50.526,46.52,55,119.3,0.9240,2170.3,786.9,7.925,0.02,0.02,0.02,0.02,-1529.0,361.0,-844.0,-6449.0,15184,-25435,70.1,0.0,2153.0,0,0,0,e1f,d4c,d48,d48,d48,1,1,1,1,1,0,0,0,0,1,1,1,0,0,0,1,1,0,0,1,0,1,0,1,1,0,0,0,0,0,1,0,0,1,0,1,0,1,1,0,0,0,0,0,1,0,0,1,0,1,0,1,1,0,0,0,0,0,1,0,0,1,0,1,0,1,1,0,0
2024,11,5,17:41:50.546,46.54,75,119.3,0.9240,2170.3,786.9,7.924,0.02,0.02,0.02,0.02,-1530.0,361.0,-845.0,-6479.0,15192,-25451,75.3,0.0,2160.0,0,0,0,e1f,d4c,d48,d48,d48,1,1,1,1,1,0,0,0,0,1,1,1,0,0,0,1,1,0,0,1,0,1,0,1,1,0,0,0,0,0,1,0,0,1,0,1,0,1,1,0,0,0,0,0,1,0,0,1,0,1,0,1,1,0,0,0,0,0,1,0,0,1,0,1,0,1,1,0,0
2024,11,5,17:41:50.566,46.56,95,119.3,0.9235,2185.7,802.3,7.924,0.02,0.02,0.02,0.02,-1531.0,361.0,-845.0,-6510.0,15199,-25468,79.9,0.0,2168.0,0,0,0,e1f,d4c,d48,d48,d48,1,1,1,1,1,0,0,0,0,1,1,1,0,0,0,1,1,0,0,1,0,1,0,1,1,0,0,0,0,0,1,0,0,1,0,1,0,1,1,0,0,0,0,0,1,0,0,1,0,1,0,1,1,0,0,0,0,0,1,0,0,1,0,1,0,1,1,0,0
2024,11,5,17:41:50.586,46.58,115,119.3,0.9235,2185.7,802.3,7.924,0.02,0.02,0.02,0.02,-1532.0,361.0,-846.0,-6541.0,15206,-25485,83.6,0.0,2176.0,0,0,0,e1f,d4c,d48,d48,d48,1,1,1,1,1,0,0,0,0,1,1,1,0,0,0,1,1,0,0,1,0,1,0,1,1,0,0,0,0,0,1,0,0,1,0,1,0,1,1,0,0,0,0,0,1,0,0,1,0,1,0,1,1,0,0,0,0,0,1,0,0,1,0,1,0,1,1,0,0
2024,11,5,17:41:50.606,46.60,135,119.3,0.9229,2204.0,820.6,7.924,0.02,0.02,0.02,0.02,-1533.0,360.0,-846.0,-6571.0,15213,-25502,86.3,0.0,2185.0,0,0,0,e1f,d4c,d48,d48,d48,1,1,1,1,1,0,0,0,0,1,1,1,0,0,0,1,1,0,0,1,0,1,0,1,1,0,0,0,0,0,1,0,0,1,0,1,0,1,1,0,0,0,0,0,1,0,0,1,0,1,0,1,1,0,0,0,0,0,1,0,0,1,0,1,0,1,1,0,0
2024,11,5,17:41:50.626,46.62,155,119.3,0.9229,2204.0,820.6,7.924,0.02,0.02,0.02,0.02,-1534.0,360.0,-846.0,-6602.0,15220,-25519,88.1,0.0,2194.0,0,0,0,e1f,d4c,d48,d48,d48,1,1,1,1,1,0,0,0,0,1,1,1,0,0,0,1,1,0,0,1,0,1,0,1,1,0,0,0,0,0,1,0,0,1,0,1,0,1,1,0,0,0,0,0,1,0,0,1,0,1,0,1,1,0,0,0,0,0,1,0,0,1,0,1,0,1,1,0,0
2024,11,5,17:41:50.646,46.64,175,119.3,0.9228,2206.9,823.5,7.923,0.02,0.02,0.02,0.02,-1535.0,360.0,-846.0,-6633.0,15228,-25536,89.2,0.0,2203.0,0,0,0,e1f,d4c,d48,d48,d48,1,1,1,1,1,0,0,0,0,1,1,1,0,0,0,1,1,0,0,1,0,1,0,1,1,0,0,0,0,0,1,0,0,1,0,1,0,1,1,0,0,0,0,0,1,0,0,1,0,1,0,1,1,0,0,0,0,0,1,0,0,1,0,1,0,1,1,0,0
2024,11,5,17:41:50.666,46.66,195,119.3,0.9228,2206.9,823.5,7.923,0.02,0.02,0.02,0.02,-1535.0,360.0,-846.0,-6663.0,15235,-25553,89.6,0.0,2212.0,0,0,0,e1f,d4c,d48,d48,d48,1,1,1,1,1,0,0,0,0,1,1,1,0,0,0,1,1,0,0,1,0,1,0,1,1,0,0,0,0,0,1,0,0,1,0,1,0,1,1,0,0,0,0,0,1,0,0,1,0,1,0,1,1,0,0,0,0,0,1,0,0,1,0,1,0,1,1,0,0
2024,11,5,17:41:50.686,46.68,215,119.3,0.9228,2205.2,821.8,7.922,0.02,0.02,0.02,0.02,-1536.0,360.0,-846.0,-6694.0,15242,-25570,89.1,0.0,2221.0,0,0,0,e1f,d4c,d48,d48,d48,1,1,1,1,1,0,0,0,0,1,1,1,0,0,0,1,1,0,0,1,0,1,0,1,1,0,0,0,0,0,1,0,0,1,0,1,0,1,1,0,0,0,0,0,1,0,0,1,0,1,0,1,1,0,0,0,0,0,1,0,0,1,0,1,0,1,1,0,0
2024,11,5,17:41:50.706,46.70,235,119.3,0.9228,2205.2,821.8,7.926,0.02,0.02,0.02,0.02,-1537.0,359.0,-846.0,-6725.0,15249,-25587,87.3,0.0,2231.0,0,0,0,e1f,d4c,d48,d48,d48,1,1,1,1,1,0,0,0,0,1,1,1,0,0,0,1,1,0,0,1,0,1,0,1,1,0,0,0,0,0,1,0,0,1,0,1,0,1,1,0,0,0,0,0,1,0,0,1,0,1,0,1,1,0,0,0,0,0,1,0,0,1,0,1,0,1,1,0,0
2024,11,5,17:41:50.726,46.72,5,119.3,0.9232,2194.5,811.1,7.924,0.02,0.02,0.02,0.02,-1538.0,359.0,-846.0,-6755.0,15256,-25604,84.7,0.0,2242.0,0,0,0,e1f,d4c,d48,d48,d48,1,1,1,1,1,0,0,0,0,1,1,1,0,0,0,1,1,0,0,1,0,1,0,1,1,0,0,0,0,0,1,0,0,1,0,1,0,1,1,0,0,0,0,0,1,0,0,1,0,1,0,1,1,0,0,0,0,0,1,0,0,1,0,1,0,1,1,0,0
2024,11,5,17:41:50.746,46.74,25,119.3,0.9232,2194.5,811.1,7.924,0.02,0.02,0.02,0.02,-1539.0,359.0,-846.0,-6786.0,15264,-25621,81.7,0.0,2252.0,0,0,0,e1f,d4c,d48,d48,d48,1,1,1,1,1,0,0,0,0,1,1,1,0,0,0,1,1,0,0,1,0,1,0,1,1,0,0,0,0,0,1,0,0,1,0,1,0,1,1,0,0,0,0,0,1,0,0,1,0,1,0,1,1,0,0,0,0,0,1,0,0,1,0,1,0,1,1,0,0
2024,11,5,17:41:50.766,46.76,45,119.3,0.9230,2201.0,817.6,7.924,0.02,0.02,0.02,0.02,-1540.0,359.0,-846.0,-6817.0,15271,-25638,78.3,0.0,2262.0,0,0,0,e1f,d4c,d48,d48,d48,1,1,1,1,1,0,0,0,0,1,1,1,0,0,0,1,1,0,0,1,0,1,0,1,1,0,0,0,0,0,1,0,0,1,0,1,0,1,1,0,0,0,0,0,1,0,0,1,0,1,0,1,1,0,0,0,0,0,1,0,0,1,0,1,0,1,1,0,0
2024,11,5,17:41:50.786,46.78,65,119.3,0.9230,2201.0,817.6,7.923,0.02,0.02,0.02,0.02,-1541.0,358.0,-846.0,-6848.0,15278,-25655,74.6,0.0,2272.0,0,0,0,e1f,d4c,d48,d48,d48,1,1,1,1,1,0,0,0,0,1,1,1,0,0,0,1,1,0,0,1,0,1,0,1,1,0,0,0,0,0,1,0,0,1,0,1,0,1,1,0,0,0,0,0,1,0,0,1,0,1,0,1,1,0,0,0,0,0,1,0,0,1,0,1,0,1,1,0,0
2024,11,5,17:41:50.806,46.80,85,119.3,0.9236,2183.9,800.5,7.923,0.02,0.02,0.02,0.02,-1543.0,358.0,-846.0,-6879.0,15285,-25672,70.5,0.0,2282.0,0,0,0,e1f,d4c,d48,d48,d48,1,1,1,1,1,0,0,0,0,1,1,1,0,0,0,1,1,0,0,1,0,1,0,1,1,0,0,0,0,0,1,0,0,1,0,1,0,1,1,0,0,0,0,0,1,0,0,1,0,1,0,1,1,0,0,0,0,0,1,0,0,1,0,1,0,1,1,0,0
2024,11,5,17:41:50.826,46.82,105,119.3,0.9236,2183.9,800.5,7.924,0.02,0.02,0.02,0.02,-1545.0,358.0,-846.0,-6910.0,15292,-25689,66.2,0.0,2291.0,0,0,0,e1f,d4c,d48,d48,d48,1,1,1,1,1,0,0,0,0,1,1,1,0,0,0,1,1,0,0,1,0,1,0,1,1,0,0,0,0,0,1,0,0,1,0,1,0,1,1,0,0,0,0,0,1,0,0,1,0,1,0,1,1,0,0,0,0,0,1,0,0,1,0,1,0,1,1,0,0
2024,11,5,17:41:50.846,46.84,125,119.3,0.9241,2166.8,783.4,7.925,0.02,0.02,0.02,0.02,-1546.0,358.0,-846.0,-6941.0,15300,-25705,61.8,0.0,2299.0,0,0,0,e1f,d4c,d48,d48,d48,1,1,1,1,1,0,0,0,0,1,1,1,0,0,0,1,1,0,0,1,0,1,0,1,1,0,0,0,0,0,1,0,0,1,0,1,0,1,1,0,0,0,0,0,1,0,0,1,0,1,0,1,1,0,0,0,0,0,1,0,0,1,0,1,0,1,1,0,0
2024,11,5,17:41:50.866,46.86,145,119.3,0.9241,2167.4,784.0,7.924,0.02,0.02,0.02,0.02,-1548.0,358.0,-846.0,-6971.0,15307,-25722,57.4,0.0,2307.0,0,0,0,e1f,d4c,d48,d48,d48,1,1,1,1,1,0,0,0,0,1,1,1,0,0,0,1,1,0,0,1,0,1,0,1,1,0,0,0,0,0,1,0,0,1,0,1,0,1,1,0,0,0,0,0,1,0,0,1,0,1,0,1,1,0,0,0,0,0,1,0,0,1,0,1,0,1,1,0,0
2024,11,5,17:41:50.886,46.88,165,119.3,0.9245,2155.0,771.6,7.925,0.02,0.02,0.02,0.02,-1549.0,358.0,-846.0,-7002.0,15314,-25739,53.3,0.0,2314.0,0,0,0,e1f,d4c,d48,d48,d48,1,1,1,1,1,0,0,0,0,1,1,1,0,0,0,1,1,0,0,1,0,1,0,1,1,0,0,0,0,0,1,0,0,1,0,1,0,1,1,0,0,0,0,0,1,0,0,1,0,1,0,1,1,0,0,0,0,0,1,0,0,1,0,1,0,1,1,0,0
2024,11,5,17:41:50.906,46.90,185,119.3,0.9246,2154.4,771.0,7.924,0.02,0.02,0.02,0.02,-1551.0,358.0,-846.0,-7033.0,15321,-25756,49.3,0.0,2321.0,0,0,0,e1f,d4c,d48,d48,d48,1,1,1,1,1,0,0,0,0,1,1,1,0,0,0,1,1,0,0,1,0,1,0,1,1,0,0,0,0,0,1,0,0,1,0,1,0,1,1,0,0,0,0,0,1,0,0,1,0,1,0,1,1,0,0,0,0,0,1,0,0,1,0,1,0,1,1,0,0
2024,11,5,17:41:50.926,46.92,205,119.3,0.9245,2157.3,774.0,7.923,0.02,0.02,0.02,0.02,-1552.0,358.0,-846.0,-7065.0,15328,-25773,45.6,0.0,2327.0,0,0,0,e1f,d4c,d48,d48,d48,1,1,1,1,1,0,0,0,0,1,1,1,0,0,0,1,1,0,0,1,0,1,0,1,1,0,0,0,0,0,1,0,0,1,0,1,0,1,1,0,0,0,0,0,1,0,0,1,0,1,0,1,1,0,0,0,0,0,1,0,0,1,0,1,0,1,1,0,0
2024,11,5,17:41:50.946,46.94,225,119.3,0.9244,2157.9,774.6,7.921,0.02,0.02,0.02,0.02,-1554.0,358.0,-846.0,-7096.0,15335,-25790,42.0,0.0,2333.0,0,0,0,e1f,d4c,d48,d48,d48,1,1,1,1,1,0,0,0,0,1,1,1,0,0,0,1,1,0,0,1,0,1,0,1,1,0,0,0,0,0,1,0,0,1,0,1,0,1,1,0,0,0,0,0,1,0,0,1,0,1,0,1,1,0,0,0,0,0,1,0,0,1,0,1,0,1,1,0,0
2024,11,5,17:41:50.966,46.96,245,119.3,0.9250,2140.8,757.5,7.924,0.02,0.02,0.02,0.02,-1555.0,358.0,-847.0,-7127.0,15343,-25807,38.5,0.0,2338.0,0,0,0,e1f,d4c,d48,d48,d48,1,1,1,1,1,0,0,0,0,1,1,1,0,0,0,1,1,0,0,1,0,1,0,1,1,0,0,0,0,0,1,0,0,1,0,1,0,1,1,0,0,0,0,0,1,0,0,1,0,1,0,1,1,0,0,0,0,0,1,0,0,1,0,1,0,1,1,0,0
2024,11,5,17:41:50.986,46.98,15,119.3,0.9250,2140.8,757.5,7.924,0.02,0.02,0.02,0.02,-1557.0,358.0,-847.0,-7158.0,15350,-25824,35.5,0.0,2344.0,0,0,0,e1f,d4c,d48,d48,d48,1,1,1,1,1,0,0,0,0,1,1,1,0,0,0,1,1,0,0,1,0,1,0,1,1,0,0,0,0,0,1,0,0,1,0,1,0,1,1,0,0,0,0,0,1,0,0,1,0,1,0,1,1,0,0,0,0,0,1,0,0,1,0,1,0,1,1,0,0
2024,11,5,17:41:51.006,47.00,35,119.3,0.9254,2130.2,746.8,7.922,0.02,0.02,0.02,0.02,-1558.0,358.0,-847.0,-7189.0,15357,-25841,33.3,0.0,2349.0,0,0,0,e1f,d4c,d48,d48,d48,1,1,1,1,1,0,0,0,0,1,1,1,0,0,0,1,1,0,0,1,0,1,0,1,1,0,0,0,0,0,1,0,0,1,0,1,0,1,1,0,0,0,0,0,1,0,0,1,0,1,0,1,1,0,0,0,0,0,1,0,0,1,0,1,0,1,1,0,0
2024,11,5,17:41:51.026,47.02,55,119.3,0.9254,2130.2,746.8,7.923,0.02,0.02,0.02,0.02,-1560.0,358.0,-848.0,-7220.0,15364,-25858,32.0,0.0,2354.0,0,0,0,e1f,d4c,d48,d48,d48,1,1,1,1,1,0,0,0,0,1,1,1,0,0,0,1,1,0,0,1,0,1,0,1,1,0,0,0,0,0,1,0,0,1,0,1,0,1,1,0,0,0,0,0,1,0,0,1,0,1,0,1,1,0,0,0,0,0,1,0,0,1,0,1,0,1,1,0,0
2024,11,5,17:41:51.046,47.04,75,119.3,0.9263,2102.5,719.2,7.922,0.02,0.02,0.02,0.02,-1561.0,358.0,-848.0,-7251.0,15371,-25875,31.9,0.0,2359.0,0,0,0,e1f,d4c,d48,d48,d48,1,1,1,1,1,0,0,0,0,1,1,1,0,0,0,1,1,0,0,1,0,1,0,1,1,0,0,0,0,0,1,0,0,1,0,1,0,1,1,0,0,0,0,0,1,0,0,1,0,1,0,1,1,0,0,0,0,0,1,0,0,1,0,1,0,1,1,0,0
2024,11,5,17:41:51.066,47.06,95,119.3,0.9263,2102.5,719.2,7.920,0.02,0.02,0.02,0.02,-1563.0,358.0,-848.0,-7283.0,15378,-25892,32.9,0.0,2363.0,0,0,0,e1f,d4c,d48,d48,d48,1,1,1,1,1,0,0,0,0,1,1,1,0,0,0,1,1,0,0,1,0,1,0,1,1,0,0,0,0,0,1,0,0,1,0,1,0,1,1,0,0,0,0,0,1,0,0,1,0,1,0,1,1,0,0,0,0,0,1,0,0,1,0,1,0,1,1,0,0
2024,11,5,17:41:51.086,47.08,115,119.3,0.9270,2083.7,700.3,7.924,0.02,0.02,0.02,0.02,-1564.0,358.0,-849.0,-7314.0,15386,-25909,35.0,0.0,2368.0,0,0,0,e1f,d4c,d48,d48,d48,1,1,1,1,1,0,0,0,0,1,1,1,0,0,0,1,1,0,0,1,0,1,0,1,1,0,0,0,0,0,1,0,0,1,0,1,0,1,1,0,0,0,0,0,1,0,0,1,0,1,0,1,1,0,0,0,0,0,1,0,0,1,0,1,0,1,1,0,0
2024,11,5,17:41:51.106,47.10,135,119.3,0.9269,2084.3,700.9,7.925,0.02,0.02,0.02,0.02,-1566.0,358.0,-849.0,-7345.0,15393,-25926,38.1,0.0,2372.0,0,0,0,e1f,d4c,d48,d48,d48,1,1,1,1,1,0,0,0,0,1,1,1,0,0,0,1,1,0,0,1,0,1,0,1,1,0,0,0,0,0,1,0,0,1,0,1,0,1,1,0,0,0,0,0,1,0,0,1,0,1,0,1,1,0,0,0,0,0,1,0,0,1,0,1,0,1,1,0,0
2024,11,5,17:41:51.126,47.12,155,119.3,0.9269,2086.1,702.7,7.924,0.02,0.02,0.02,0.02,-1567.0,359.0,-849.0,-7377.0,15400,-25943,41.8,0.0,2376.0,0,0,0,e1f,d4c,d48,d48,d48,1,1,1,1,1,0,0,0,0,1,1,1,0,0,0,1,1,0,0,1,0,1,0,1,1,0,0,0,0,0,1,0,0,1,0,1,0,1,1,0,0,0,0,0,1,0,0,1,0,1,0,1,1,0,0,0,0,0,1,0,0,1,0,1,0,1,1,0,0
2024,11,5,17:41:51.146,47.14,175,119.3,0.9269,2086.1,702.7,7.924,0.02,0.02,0.02,0.02,-1569.0,359.0,-850.0,-7408.0,15407,-25960,46.0,0.0,2381.0,0,0,0,e1f,d4c,d48,d48,d48,1,1,1,1,1,0,0,0,0,1,1,1,0,0,0,1,1,0,0,1,0,1,0,1,1,0,0,0,0,0,1,0,0,1,0,1,0,1,1,0,0,0,0,0,1,0,0,1,0,1,0,1,1,0,0,0,0,0,1,0,0,1,0,1,0,1,1,0,0
2024,11,5,17:41:51.166,47.16,195,119.3,0.9259,2114.9,731.5,7.924,0.02,0.02,0.02,0.02,-1570.0,359.0,-850.0,-7439.0,15414,-25977,50.5,0.0,2384.0,0,0,0,e1f,d4c,d48,d48,d48,1,1,1,1,1,0,0,0,0,1,1,1,0,0,0,1,1,0,0,1,0,1,0,1,1,0,0,0,0,0,1,0,0,1,0,1,0,1,1,0,0,0,0,0,1,0,0,1,0,1,0,1,1,0,0,0,0,0,1,0,0,1,0,1,0,1,1,0,0
2024,11,5,17:41:51.186,47.18,215,119.3,0.9259,2115.5,732.1,7.925,0.02,0.02,0.02,0.02,-1572.0,359.0,-850.0,-7471.0,15422,-25994,55.1,0.0,2388.0,0,0,0,e1f,d4c,d48,d48,d48,1,1,1,1,1,0,0,0,0,1,1,1,0,0,0,1,1,0,0,1,0,1,0,1,1,0,0,0,0,0,1,0,0,1,0,1,0,1,1,0,0,0,0,0,1,0,0,1,0,1,0,1,1,0,0,0,0,0,1,0,0,1,0,1,0,1,1,0,0
2024,11,5,17:41:51.206,47.20,235,119.3,0.9257,2121.4,738.0,7.925,0.02,0.02,0.02,0.02,-1573.0,359.0,-850.0,-7502.0,15429,-26011,59.5,0.0,2391.0,0,0,0,e1f,d4c,d48,d48,d48,1,1,1,1,1,0,0,0,0,1,1,1,0,0,0,1,1,0,0,1,0,1,0,1,1,0,0,0,0,0,1,0,0,1,0,1,0,1,1,0,0,0,0,0,1,0,0,1,0,1,0,1,1,0,0,0,0,0,1,0,0,1,0,1,0,1,1,0,0
2024,11,5,17:41:51.226,47.22,5,119.3,0.9257,2121.4,738.0,7.924,0.02,0.02,0.02,0.02,-1574.0,359.0,-851.0,-7534.0,15436,-26028,63.5,0.0,2395.0,0,0,0,e1f,d4c,d48,d48,d48,1,1,1,1,1,0,0,0,0,1,1,1,0,0,0,1,1,0,0,1,0,1,0,1,1,0,0,0,0,0,1,0,0,1,0,1,0,1,1,0,0,0,0,0,1,0,0,1,0,1,0,1,1,0,0,0,0,0,1,0,0,1,0,1,0,1,1,0,0
2024,11,5,17:41:51.246,47.24,25,119.3,0.9260,2110.8,727.4,7.924,0.02,0.02,0.02,0.02,-1575.0,359.0,-851.0,-7565.0,15443,-26045,67.1,0.0,2398.0,0,0,0,e1f,d4c,d48,d48,d48,1,1,1,1,1,0,0,0,0,1,1,1,0,0,0,1,1,0,0,1,0,1,0,1,1,0,0,0,0,0,1,0,0,1,0,1,0,1,1,0,0,0,0,0,1,0,0,1,0,1,0,1,1,0,0,0,0,0,1,0,0,1,0,1,0,1,1,0,0
2024,11,5,17:41:51.266,47.26,45,119.3,0.9261,2110.2,726.8,7.925,0.02,0.02,0.02,0.02,-1576.0,360.0,-851.0,-7597.0,15450,-26062,70.1,0.0,2401.0,0,0,0,e1f,d4c,d48,d48,d48,1,1,1,1,1,0,0,0,0,1,1,1,0,0,0,1,1,0,0,1,0,1,0,1,1,0,0,0,0,0,1,0,0,1,0,1,0,1,1,0,0,0,0,0,1,0,0,1,0,1,0,1,1,0,0,0,0,0,1,0,0,1,0,1,0,1,1,0,0
2024,11,5,17:41:51.286,47.28,65,119.3,0.9260,2112.0,728.6,7.922,0.02,0.02,0.02,0.02,-1577.0,360.0,-851.0,-7628.0,15458,-26079,72.8,0.0,2403.0,0,0,0,e1f,d4c,d48,d48,d48,1,1,1,1,1,0,0,0,0,1,1,1,0,0,0,1,1,0,0,1,0,1,0,1,1,0,0,0,0,0,1,0,0,1,0,1,0,1,1,0,0,0,0,0,1,0,0,1,0,1,0,1,1,0,0,0,0,0,1,0,0,1,0,1,0,1,1,0,0
2024,11,5,17:41:51.306,47.30,85,119.3,0.9260,2112.0,728.6,7.923,0.02,0.02,0.02,0.02,-1579.0,360.0,-852.0,-7660.0,15465,-26096,75.2,0.0,2406.0,0,0,0,e1f,d4c,d48,d48,d48,1,1,1,1,1,0,0,0,0,1,1,1,0,0,0,1,1,0,0,1,0,1,0,1,1,0,0,0,0,0,1,0,0,1,0,1,0,1,1,0,0,0,0,0,1,0,0,1,0,1,0,1,1,0,0,0,0,0,1,0,0,1,0,1,0,1,1,0,0
2024,11,5,17:41:51.326,47.32,105,119.3,0.9262,2106.1,722.7,7.925,0.02,0.02,0.02,0.02,-1580.0,360.0,-852.0,-7691.0,15472,-26113,77.3,0.0,2408.0,0,0,0,e1f,d4c,d48,d48,d48,1,1,1,1,1,0,0,0,0,1,1,1,0,0,0,1,1,0,0,1,0,1,0,1,1,0,0,0,0,0,1,0,0,1,0,1,0,1,1,0,0,0,0,0,1,0,0,1,0,1,0,1,1,0,0,0,0,0,1,0,0,1,0,1,0,1,1,0,0
2024,11,5,17:41:51.346,47.34,125,119.3,0.9262,2106.1,722.7,7.924,0.02,0.02,0.02,0.02,-1581.0,360.0,-852.0,-7723.0,15479,-26130,79.3,0.0,2410.0,0,0,0,e1f,d4c,d48,d48,d48,1,1,1,1,1,0,0,0,0,1,1,1,0,0,0,1,1,0,0,1,0,1,0,1,1,0,0,0,0,0,1,0,0,1,0,1,0,1,1,0,0,0,0,0,1,0,0,1,0,1,0,1,1,0,0,0,0,0,1,0,0,1,0,1,0,1,1,0,0
2024,11,5,17:41:51.366,47.36,145,119.3,0.9260,2112.0,728.6,7.925,0.02,0.02,0.02,0.02,-1582.0,360.0,-852.0,-7755.0,15486,-26147,81.1,0.0,2412.0,0,0,0,e1f,d4c,d48,d48,d48,1,1,1,1,1,0,0,0,0,1,1,1,0,0,0,1,1,0,0,1,0,1,0,1,1,0,0,0,0,0,1,0,0,1,0,1,0,1,1,0,0,0,0,0,1,0,0,1,0,1,0,1,1,0,0,0,0,0,1,0,0,1,0,1,0,1,1,0,0
2024,11,5,17:41:51.386,47.38,165,119.3,0.9260,2112.6,729.2,7.924,0.02,0.02,0.02,0.02,-1583.0,360.0,-852.0,-7786.0,15494,-26164,82.6,0.0,2414.0,0,0,0,e1f,d4c,d48,d48,d48,1,1,1,1,1,0,0,0,0,1,1,1,0,0,0,1,1,0,0,1,0,1,0,1,1,0,0,0,0,0,1,0,0,1,0,1,0,1,1,0,0,0,0,0,1,0,0,1,0,1,0,1,1,0,0,0,0,0,1,0,0,1,0,1,0,1,1,0,0
2024,11,5,17:41:51.406,47.40,185,119.3,0.9258,2118.4,735.1,7.925,0.02,0.02,0.02,0.02,-1584.0,360.0,-852.0,-7818.0,15501,-26181,83.7,0.0,2416.0,0,0,0,e1f,d4c,d48,d48,d48,1,1,1,1,1,0,0,0,0,1,1,1,0,0,0,1,1,0,0,1,0,1,0,1,1,0,0,0,0,0,1,0,0,1,0,1,0,1,1,0,0,0,0,0,1,0,0,1,0,1,0,1,1,0,0,0,0,0,1,0,0,1,0,1,0,1,1,0,0
2024,11,5,17:41:51.426,47.42,205,119.3,0.9258,2119.0,735.6,7.923,0.02,0.02,0.02,0.02,-1585.0,360.0,-853.0,-7850.0,15508,-26198,84.5,0.0,2418.0,0,0,0,e1f,d4c,d48,d48,d48,1,1,1,1,1,0,0,0,0,1,1,1,0,0,0,1,1,0,0,1,0,1,0,1,1,0,0,0,0,0,1,0,0,1,0,1,0,1,1,0,0,0,0,0,1,0,0,1,0,1,0,1,1,0,0,0,0,0,1,0,0,1,0,1,0,1,1,0,0
2024,11,5,17:41:51.446,47.44,225,119.3,0.9260,2111.4,728.0,7.925,0.02,0.02,0.02,0.02,-1586.0,360.0,-853.0,-7882.0,15515,-26215,84.9,0.0,2419.0,0,0,0,e1f,d4c,d48,d48,d48,1,1,1,1,1,0,0,0,0,1,1,1,0,0,0,1,1,0,0,1,0,1,0,1,1,0,0,0,0,0,1,0,0,1,0,1,0,1,1,0,0,0,0,0,1,0,0,1,0,1,0,1,1,0,0,0,0,0,1,0,0,1,0,1,0,1,1,0,0
2024,11,5,17:41:51.466,47.46,245,119.3,0.9260,2110.8,727.4,7.923,0.02,0.02,0.02,0.02,-1587.0,360.0,-853.0,-7913.0,15522,-26232,85.0,0.0,2421.0,0,0,0,e1f,d4c,d48,d48,d48,1,1,1,1,1,0,0,0,0,1,1,1,0,0,0,1,1,0,0,1,0,1,0,1,1,0,0,0,0,0,1,0,0,1,0,1,0,1,1,0,0,0,0,0,1,0,0,1,0,1,0,1,1,0,0,0,0,0,1,0,0,1,0,1,0,1,1,0,0
2024,11,5,17:41:51.486,47.48,15,119.3,0.9262,2104.9,721.5,7.924,0.02,0.02,0.02,0.02,-1589.0,361.0,-853.0,-7945.0,15530,-26250,84.7,0.0,2422.0,0,0,0,e1f,d4c,d48,d48,d48,1,1,1,1,1,0,0,0,0,1,1,1,0,0,0,1,1,0,0,1,0,1,0,1,1,0,0,0,0,0,1,0,0,1,0,1,0,1,1,0,0,0,0,0,1,0,0,1,0,1,0,1,1,0,0,0,0,0,1,0,0,1,0,1,0,1,1,0,0
2024,11,5,17:41:51.506,47.50,35,119.3,0.9262,2104.9,721.5,7.924,0.02,0.02,0.02,0.02,-1590.0,361.0,-853.0,-7977.0,15537,-26267,84.3,0.0,2423.0,0,0,0,e1f,d4c,d48,d48,d48,1,1,1,1,1,0,0,0,0,1,1,1,0,0,0,1,1,0,0,1,0,1,0,1,1,0,0,0,0,0,1,0,0,1,0,1,0,1,1,0,0,0,0,0,1,0,0,1,0,1,0,1,1,0,0,0,0,0,1,0,0,1,0,1,0,1,1,0,0
2024,11,5,17:41:51.526,47.52,55,119.3,0.9263,2102.0,718.6,7.924,0.02,0.02,0.02,0.02,-1591.0,361.0,-853.0,-8009.0,15544,-26284,83.7,0.0,2425.0,0,0,0,e1f,d4c,d48,d48,d48,1,1,1,1,1,0,0,0,0,1,1,1,0,0,0,1,1,0,0,1,0,1,0,1,1,0,0,0,0,0,1,0,0,1,0,1,0,1,1,0,0,0,0,0,1,0,0,1,0,1,0,1,1,0,0,0,0,0,1,0,0,1,0,1,0,1,1,0,0
2024,11,5,17:41:51.546,47.54,75,119.3,0.9264,2101.4,718.0,7.924,0.02,0.02,0.02,0.02,-1592.0,361.0,-853.0,-8040.0,15551,-26301,82.8,0.0,2426.0,0,0,0,e1f,d4c,d48,d48,d48,1,1,1,1,1,0,0,0,0,1,1,1,0,0,0,1,1,0,0,1,0,1,0,1,1,0,0,0,0,0,1,0,0,1,0,1,0,1,1,0,0,0,0,0,1,0,0,1,0,1,0,1,1,0,0,0,0,0,1,0,0,1,0,1,0,1,1,0,0
2024,11,5,17:41:51.566,47.56,95,119.3,0.9264,2101.4,718.0,7.925,0.02,0.02,0.02,0.02,-1593.0,361.0,-854.0,-8072.0,15559,-26318,81.5,0.0,2427.0,0,0,0,e1f,d4c,d48,d48,d48,1,1,1,1,1,0,0,0,0,1,1,1,0,0,0,1,1,0,0,1,0,1,0,1,1,0,0,0,0,0,1,0,0,1,0,1,0,1,1,0,0,0,0,0,1,0,0,1,0,1,0,1,1,0,0,0,0,0,1,0,0,1,0,1,0,1,1,0,0
2024,11,5,17:41:51.586,47.58,115,119.3,0.9263,2102.0,718.6,7.924,0.02,0.02,0.02,0.02,-1594.0,361.0,-854.0,-8104.0,15566,-26335,80.1,0.0,2429.0,0,0,0,e1f,d4c,d48,d48,d48,1,1,1,1,1,0,0,0,0,1,1,1,0,0,0,1,1,0,0,1,0,1,0,1,1,0,0,0,0,0,1,0,0,1,0,1,0,1,1,0,0,0,0,0,1,0,0,1,0,1,0,1,1,0,0,0,0,0,1,0,0,1,0,1,0,1,1,0,0
2024,11,5,17:41:51.606,47.60,135,119.3,0.9266,2095.5,712.1,7.924,0.02,0.02,0.02,0.02,-1596.0,361.0,-855.0,-8136.0,15573,-26352,78.3,0.0,2430.0,0,0,0,e1f,d4c,d48,d48,d48,1,1,1,1,1,0,0,0,0,1,1,1,0,0,0,1,1,0,0,1,0,1,0,1,1,0,0,0,0,0,1,0,0,1,0,1,0,1,1,0,0,0,0,0,1,0,0,1,0,1,0,1,1,0,0,0,0,0,1,0,0,1,0,1,0,1,1,0,0
2024,11,5,17:41:51.626,47.62,155,119.3,0.9266,2095.5,712.1,7.924,0.02,0.02,0.02,0.02,-1597.0,361.0,-855.0,-8168.0,15580,-26369,76.2,0.0,2432.0,0,0,0,e1f,d4c,d48,d48,d48,1,1,1,1,1,0,0,0,0,1,1,1,0,0,0,1,1,0,0,1,0,1,0,1,1,0,0,0,0,0,1,0,0,1,0,1,0,1,1,0,0,0,0,0,1,0,0,1,0,1,0,1,1,0,0,0,0,0,1,0,0,1,0,1,0,1,1,0,0
2024,11,5,17:41:51.646,47.64,175,119.3,0.9269,2086.6,703.3,7.923,0.02,0.02,0.02,0.02,-1598.0,361.0,-856.0,-8200.0,15587,-26386,73.8,0.0,2434.0,0,0,0,e1f,d4c,d48,d48,d48,1,1,1,1,1,0,0,0,0,1,1,1,0,0,0,1,1,0,0,1,0,1,0,1,1,0,0,0,0,0,1,0,0,1,0,1,0,1,1,0,0,0,0,0,1,0,0,1,0,1,0,1,1,0,0,0,0,0,1,0,0,1,0,1,0,1,1,0,0
2024,11,5,17:41:51.666,47.66,195,119.3,0.9269,2086.6,703.3,7.924,0.02,0.02,0.02,0.02,-1599.0,361.0,-856.0,-8232.0,15595,-26403,71.0,0.0,2436.0,0,0,0,e1f,d4c,d48,d48,d48,1,1,1,1,1,0,0,0,0,1,1,1,0,0,0,1,1,0,0,1,0,1,0,1,1,0,0,0,0,0,1,0,0,1,0,1,0,1,1,0,0,0,0,0,1,0,0,1,0,1,0,1,1,0,0,0,0,0,1,0,0,1,0,1,0,1,1,0,0
2024,11,5,17:41:51.686,47.68,215,119.3,0.9267,2091.4,708.0,7.925,0.02,0.02,0.02,0.02,-1600.0,361.0,-857.0,-8264.0,15602,-26421,67.2,0.0,2439.0,0,0,0,e1f,d4c,d48,d48,d48,1,1,1,1,1,0,0,0,0,1,1,1,0,0,0,1,1,0,0,1,0,1,0,1,1,0,0,0,0,0,1,0,0,1,0,1,0,1,1,0,0,0,0,0,1,0,0,1,0,1,0,1,1,0,0,0,0,0,1,0,0,1,0,1,0,1,1,0,0
2024,11,5,17:41:51.706,47.70,235,119.3,0.9267,2091.4,708.0,7.924,0.02,0.02,0.02,0.02,-1600.0,361.0,-857.0,-8296.0,15609,-26438,62.4,0.0,2443.0,0,0,0,e1f,d4c,d48,d48,d48,1,1,1,1,1,0,0,0,0,1,1,1,0,0,0,1,1,0,0,1,0,1,0,1,1,0,0,0,0,0,1,0,0,1,0,1,0,1,1,0,0,0,0,0,1,0,0,1,0,1,0,1,1,0,0,0,0,0,1,0,0,1,0,1,0,1,1,0,0
2024,11,5,17:41:51.726,47.72,5,119.3,0.9272,2077.2,693.8,7.923,0.02,0.02,0.02,0.02,-1601.0,362.0,-858.0,-8328.0,15616,-26455,56.7,0.0,2447.0,0,0,0,e1f,d4d,d49,d49,d48,1,1,1,1,1,0,0,0,0,1,1,1,0,1,0,1,1,0,0,1,0,1,0,1,1,0,0,1,0,0,1,0,0,1,0,1,0,1,1,0,0,1,0,0,1,0,0,1,0,1,0,1,1,0,0,0,0,0,1,0,0,1,0,1,0,1,1,0,0
2024,11,5,17:41:51.746,47.74,25,119.3,0.9272,2077.8,694.4,7.923,0.02,0.02,0.02,0.02,-1602.0,361.0,-859.0,-8360.0,15624,-26472,50.3,0.0,2451.0,0,0,0,e1f,d4d,d49,d49,d48,1,1,1,1,1,0,0,0,0,1,1,1,0,1,0,1,1,0,0,1,0,1,0,1,1,0,0,1,0,0,1,0,0,1,0,1,0,1,1,0,0,1,0,0,1,0,0,1,0,1,0,1,1,0,0,0,0,0,1,0,0,1,0,1,0,1,1,0,0
2024,11,5,17:41:51.766,47.76,45,119.3,0.9274,2070.2,686.8,7.923,0.02,0.02,0.02,0.02,-1603.0,361.0,-859.0,-8392.0,15631,-26489,43.5,0.0,2456.0,0,0,0,e1f,d4d,d49,d49,d48,1,1,1,1,1,0,0,0,0,1,1,1,0,1,0,1,1,0,0,1,0,1,0,1,1,0,0,1,0,0,1,0,0,1,0,1,0,1,1,0,0,1,0,0,1,0,0,1,0,1,0,1,1,0,0,0,0,0,1,0,0,1,0,1,0,1,1,0,0
2024,11,5,17:41:51.786,47.78,65,119.3,0.9274,2070.2,686.8,7.923,0.02,0.02,0.02,0.02,-1605.0,361.0,-860.0,-8424.0,15638,-26506,36.9,0.0,2461.0,0,0,0,e1f,d4d,d49,d49,d48,1,1,1,1,1,0,0,0,0,1,1,1,0,1,0,1,1,0,0,1,0,1,0,1,1,0,0,1,0,0,1,0,0,1,0,1,0,1,1,0,0,1,0,0,1,0,0,1,0,1,0,1,1,0,0,0,0,0,1,0,0,1,0,1,0,1,1,0,0
2024,11,5,17:41:51.806,47.80,85,119.3,0.9279,2054.9,671.5,7.923,0.02,0.02,0.02,0.02,-1606.0,361.0,-860.0,-8456.0,15645,-26524,30.7,0.0,2466.0,0,0,0,e1f,d4d,d49,d49,d48,1,1,1,1,1,0,0,0,0,1,1,1,0,1,0,1,1,0,0,1,0,1,0,1,1,0,0,1,0,0,1,0,0,1,0,1,0,1,1,0,0,1,0,0,1,0,0,1,0,1,0,1,1,0,0,0,0,0,1,0,0,1,0,1,0,1,1,0,0
2024,11,5,17:41:51.826,47.82,105,119.3,0.9279,2055.5,672.1,7.923,0.02,0.02,0.02,0.02,-1607.0,360.0,-860.0,-8489.0,15652,-26541,25.1,0.0,2470.0,0,0,0,e1f,d4d,d49,d49,d48,1,1,1,1,1,0,0,0,0,1,1,1,0,1,0,1,1,0,0,1,0,1,0,1,1,0,0,1,0,0,1,0,0,1,0,1,0,1,1,0,0,1,0,0,1,0,0,1,0,1,0,1,1,0,0,0,0,0,1,0,0,1,0,1,0,1,1,0,0
2024,11,5,17:41:51.846,47.84,125,119.3,0.9282,2046.1,662.7,7.923,0.02,0.02,0.02,0.02,-1608.0,360.0,-860.0,-8521.0,15660,-26558,20.3,0.0,2475.0,0,0,0,e1f,d4d,d49,d49,d48,1,1,1,1,1,0,0,0,0,1,1,1,0,1,0,1,1,0,0,1,0,1,0,1,1,0,0,1,0,0,1,0,0,1,0,1,0,1,1,0,0,1,0,0,1,0,0,1,0,1,0,1,1,0,0,0,0,0,1,0,0,1,0,1,0,1,1,0,0
2024,11,5,17:41:51.866,47.86,145,119.3,0.9283,2045.5,662.1,7.924,0.02,0.02,0.02,0.02,-1609.0,360.0,-861.0,-8553.0,15667,-26575,16.8,0.0,2479.0,0,0,0,e1f,d4d,d49,d49,d48,1,1,1,1,1,0,0,0,0,1,1,1,0,1,0,1,1,0,0,1,0,1,0,1,1,0,0,1,0,0,1,0,0,1,0,1,0,1,1,0,0,1,0,0,1,0,0,1,0,1,0,1,1,0,0,0,0,0,1,0,0,1,0,1,0,1,1,0,0
2024,11,5,17:41:51.886,47.88,165,119.3,0.9286,2036.7,653.3,7.923,0.02,0.02,0.02,0.02,-1610.0,360.0,-861.0,-8585.0,15674,-26592,15.0,0.0,2482.0,0,0,0,e1f,d4d,d49,d49,d48,1,1,1,1,1,0,0,0,0,1,1,1,0,1,0,1,1,0,0,1,0,1,0,1,1,0,0,1,0,0,1,0,0,1,0,1,0,1,1,0,0,1,0,0,1,0,0,1,0,1,0,1,1,0,0,0,0,0,1,0,0,1,0,1,0,1,1,0,0
2024,11,5,17:41:51.906,47.90,185,119.3,0.9286,2036.7,653.3,7.924,0.02,0.02,0.02,0.02,-1612.0,361.0,-861.0,-8617.0,15681,-26610,15.2,0.0,2485.0,0,0,0,e1f,d4d,d49,d49,d48,1,1,1,1,1,0,0,0,0,1,1,1,0,1,0,1,1,0,0,1,0,1,0,1,1,0,0,1,0,0,1,0,0,1,0,1,0,1,1,0,0,1,0,0,1,0,0,1,0,1,0,1,1,0,0,0,0,0,1,0,0,1,0,1,0,1,1,0,0
2024,11,5,17:41:51.926,47.92,205,119.3,0.9284,2040.8,657.4,7.924,0.02,0.02,0.02,0.02,-1613.0,361.0,-861.0,-8650.0,15689,-26627,16.6,0.0,2488.0,0,0,0,e1f,d4d,d49,d49,d48,1,1,1,1,1,0,0,0,0,1,1,1,0,1,0,1,1,0,0,1,0,1,0,1,1,0,0,1,0,0,1,0,0,1,0,1,0,1,1,0,0,1,0,0,1,0,0,1,0,1,0,1,1,0,0,0,0,0,1,0,0,1,0,1,0,1,1,0,0
2024,11,5,17:41:51.946,47.94,225,119.3,0.9284,2040.8,657.4,7.922,0.02,0.02,0.02,0.02,-1614.0,361.0,-862.0,-8682.0,15696,-26644,18.4,0.0,2490.0,0,0,0,e1f,d4d,d49,d49,d48,1,1,1,1,1,0,0,0,0,1,1,1,0,1,0,1,1,0,0,1,0,1,0,1,1,0,0,1,0,0,1,0,0,1,0,1,0,1,1,0,0,1,0,0,1,0,0,1,0,1,0,1,1,0,0,0,0,0,1,0,0,1,0,1,0,1,1,0,0
2024,11,5,17:41:51.966,47.96,245,119.3,0.9286,2036.7,653.3,7.924,0.02,0.02,0.02,0.02,-1615.0,361.0,-862.0,-8714.0,15703,-26661,20.2,0.0,2492.0,0,0,0,e1f,d4d,d49,d49,d48,1,1,1,1,1,0,0,0,0,1,1,1,0,1,0,1,1,0,0,1,0,1,0,1,1,0,0,1,0,0,1,0,0,1,0,1,0,1,1,0,0,1,0,0,1,0,0,1,0,1,0,1,1,0,0,0,0,0,1,0,0,1,0,1,0,1,1,0,0
2024,11,5,17:41:51.986,47.98,15,119.3,0.9286,2036.7,653.3,7.924,0.02,0.02,0.02,0.02,-1616.0,362.0,-862.0,-8746.0,15710,-26679,21.8,0.0,2493.0,0,0,0,e1f,d4d,d49,d49,d48,1,1,1,1,1,0,0,0,0,1,1,1,0,1,0,1,1,0,0,1,0,1,0,1,1,0,0,1,0,0,1,0,0,1,0,1,0,1,1,0,0,1,0,0,1,0,0,1,0,1,0,1,1,0,0,0,0,0,1,0,0,1,0,1,0,1,1,0,0
2024,11,5,17:41:52.006,48.00,35,119.3,0.9284,2042.5,659.1,7.924,0.02,0.02,0.02,0.02,-1618.0,362.0,-863.0,-8779.0,15718,-26696,23.0,0.0,2494.0,0,0,0,e1f,d4d,d49,d49,d48,1,1,1,1,1,0,0,0,0,1,1,1,0,1,0,1,1,0,0,1,0,1,0,1,1,0,0,1,0,0,1,0,0,1,0,1,0,1,1,0,0,1,0,0,1,0,0,1,0,1,0,1,1,0,0,0,0,0,1,0,0,1,0,1,0,1,1,0,0
2024,11,5,17:41:52.026,48.02,55,119.3,0.9284,2042.5,659.1,7.923,0.02,0.02,0.02,0.02,-1619.0,362.0,-863.0,-8811.0,15725,-26713,23.8,0.0,2494.0,0,0,0,e1f,d4d,d49,d49,d48,1,1,1,1,1,0,0,0,0,1,1,1,0,1,0,1,1,0,0,1,0,1,0,1,1,0,0,1,0,0,1,0,0,1,0,1,0,1,1,0,0,1,0,0,1,0,0,1,0,1,0,1,1,0,0,0,0,0,1,0,0,1,0,1,0,1,1,0,0
2024,11,5,17:41:52.046,48.04,75,119.3,0.9285,2039.6,656.2,7.925,0.02,0.02,0.02,0.02,-1620.0,363.0,-864.0,-8844.0,15732,-26730,24.4,0.0,2494.0,0,0,0,e1f,d4d,d49,d49,d48,1,1,1,1,1,0,0,0,0,1,1,1,0,1,0,1,1,0,0,1,0,1,0,1,1,0,0,1,0,0,1,0,0,1,0,1,0,1,1,0,0,1,0,0,1,0,0,1,0,1,0,1,1,0,0,0,0,0,1,0,0,1,0,1,0,1,1,0,0
2024,11,5,17:41:52.066,48.06,95,119.3,0.9285,2039.6,656.2,7.924,0.02,0.02,0.02,0.02,-1621.0,363.0,-864.0,-8876.0,15739,-26748,24.7,0.0,2494.0,0,0,0,e1f,d4d,d49,d49,d48,1,1,1,1,1,0,0,0,0,1,1,1,0,1,0,1,1,0,0,1,0,1,0,1,1,0,0,1,0,0,1,0,0,1,0,1,0,1,1,0,0,1,0,0,1,0,0,1,0,1,0,1,1,0,0,0,0,0,1,0,0,1,0,1,0,1,1,0,0
2024,11,5,17:41:52.086,48.08,115,119.3,0.9289,2027.3,643.9,7.923,0.02,0.02,0.02,0.02,-1622.0,363.0,-865.0,-8908.0,15747,-26765,24.9,0.0,2493.0,0,0,0,e1f,d4d,d49,d49,d48,1,1,1,1,1,0,0,0,0,1,1,1,0,1,0,1,1,0,0,1,0,1,0,1,1,0,0,1,0,0,1,0,0,1,0,1,0,1,1,0,0,1,0,0,1,0,0,1,0,1,0,1,1,0,0,0,0,0,1,0,0,1,0,1,0,1,1,0,0
2024,11,5,17:41:52.106,48.10,135,119.3,0.9289,2027.8,644.5,7.925,0.02,0.02,0.02,0.02,-1624.0,363.0,-865.0,-8941.0,15754,-26782,25.0,0.0,2493.0,0,0,0,e1f,d4d,d49,d49,d48,1,1,1,1,1,0,0,0,0,1,1,1,0,1,0,1,1,0,0,1,0,1,0,1,1,0,0,1,0,0,1,0,0,1,0,1,0,1,1,0,0,1,0,0,1,0,0,1,0,1,0,1,1,0,0,0,0,0,1,0,0,1,0,1,0,1,1,0,0
2024,11,5,17:41:52.126,48.12,155,119.3,0.9288,2029.0,645.6,7.924,0.02,0.02,0.02,0.02,-1625.0,363.0,-865.0,-8973.0,15761,-26800,25.4,0.0,2491.0,0,0,0,e1f,d4d,d49,d49,d48,1,1,1,1,1,0,0,0,0,1,1,1,0,1,0,1,1,0,0,1,0,1,0,1,1,0,0,1,0,0,1,0,0,1,0,1,0,1,1,0,0,1,0,0,1,0,0,1,0,1,0,1,1,0,0,0,0,0,1,0,0,1,0,1,0,1,1,0,0
2024,11,5,17:41:52.146,48.14,175,119.3,0.9288,2029.0,645.6,7.923,0.02,0.02,0.02,0.02,-1626.0,363.0,-866.0,-9006.0,15768,-26817,26.1,0.0,2490.0,0,0,0,e1f,d4d,d49,d49,d48,1,1,1,1,1,0,0,0,0,1,1,1,0,1,0,1,1,0,0,1,0,1,0,1,1,0,0,1,0,0,1,0,0,1,0,1,0,1,1,0,0,1,0,0,1,0,0,1,0,1,0,1,1,0,0,0,0,0,1,0,0,1,0,1,0,1,1,0,0
2024,11,5,17:41:52.166,48.16,195,119.3,0.9288,2029.0,645.6,7.923,0.02,0.02,0.02,0.02,-1628.0,363.0,-866.0,-9039.0,15776,-26834,27.3,0.0,2488.0,0,0,0,e1f,d4d,d49,d49,d48,1,1,1,1,1,0,0,0,0,1,1,1,0,1,0,1,1,0,0,1,0,1,0,1,1,0,0,1,0,0,1,0,0,1,0,1,0,1,1,0,0,1,0,0,1,0,0,1,0,1,0,1,1,0,0,0,0,0,1,0,0,1,0,1,0,1,1,0,0
2024,11,5,17:41:52.186,48.18,215,119.3,0.9288,2029.0,645.6,7.923,0.02,0.02,0.02,0.02,-1629.0,363.0,-867.0,-9071.0,15783,-26852,29.0,0.0,2486.0,0,0,0,e1f,d4d,d49,d49,d48,1,1,1,1,1,0,0,0,0,1,1,1,0,1,0,1,1,0,0,1,0,1,0,1,1,0,0,1,0,0,1,0,0,1,0,1,0,1,1,0,0,1,0,0,1,0,0,1,0,1,0,1,1,0,0,0,0,0,1,0,0,1,0,1,0,1,1,0,0
2024,11,5,17:41:52.206,48.20,235,119.3,0.9290,2023.1,639.8,7.923,0.02,0.02,0.02,0.02,-1630.0,364.0,-867.0,-9104.0,15790,-26869,31.0,0.0,2483.0,0,0,0,e1f,d4d,d49,d49,d48,1,1,1,1,1,0,0,0,0,1,1,1,0,1,0,1,1,0,0,1,0,1,0,1,1,0,0,1,0,0,1,0,0,1,0,1,0,1,1,0,0,1,0,0,1,0,0,1,0,1,0,1,1,0,0,0,0,0,1,0,0,1,0,1,0,1,1,0,0
2024,11,5,17:41:52.226,48.22,5,119.3,0.9290,2022.6,639.2,7.921,0.02,0.02,0.02,0.02,-1632.0,364.0,-867.0,-9136.0,15798,-26886,33.3,0.0,2480.0,0,0,0,e1f,d4d,d49,d49,d48,1,1,1,1,1,0,0,0,0,1,1,1,0,1,0,1,1,0,0,1,0,1,0,1,1,0,0,1,0,0,1,0,0,1,0,1,0,1,1,0,0,1,0,0,1,0,0,1,0,1,0,1,1,0,0,0,0,0,1,0,0,1,0,1,0,1,1,0,0
2024,11,5,17:41:52.246,48.24,25,119.3,0.9288,2029.0,645.6,7.923,0.02,0.02,0.02,0.02,-1633.0,364.0,-868.0,-9169.0,15805,-26904,35.6,0.0,2476.0,0,0,0,e1f,d4d,d49,d49,d48,1,1,1,1,1,0,0,0,0,1,1,1,0,1,0,1,1,0,0,1,0,1,0,1,1,0,0,1,0,0,1,0,0,1,0,1,0,1,1,0,0,1,0,0,1,0,0,1,0,1,0,1,1,0,0,0,0,0,1,0,0,1,0,1,0,1,1,0,0
2024,11,5,17:41:52.266,48.26,45,119.3,0.9288,2029.0,645.6,7.922,0.02,0.02,0.02,0.02,-1634.0,363.0,-868.0,-9202.0,15812,-26921,38.1,0.0,2472.0,0,0,0,e1f,d4d,d49,d49,d48,1,1,1,1,1,0,0,0,0,1,1,1,0,1,0,1,1,0,0,1,0,1,0,1,1,0,0,1,0,0,1,0,0,1,0,1,0,1,1,0,0,1,0,0,1,0,0,1,0,1,0,1,1,0,0,0,0,0,1,0,0,1,0,1,0,1,1,0,0
2024,11,5,17:41:52.286,48.28,65,119.3,0.9290,2022.6,639.2,7.922,0.02,0.02,0.02,0.02,-1635.0,363.0,-868.0,-9234.0,15819,-26939,40.5,0.0,2467.0,0,0,0,e1f,d4d,d49,d49,d48,1,1,1,1,1,0,0,0,0,1,1,1,0,1,0,1,1,0,0,1,0,1,0,1,1,0,0,1,0,0,1,0,0,1,0,1,0,1,1,0,0,1,0,0,1,0,0,1,0,1,0,1,1,0,0,0,0,0,1,0,0,1,0,1,0,1,1,0,0
2024,11,5,17:41:52.306,48.30,85,119.3,0.9290,2022.6,639.2,7.923,0.02,0.02,0.02,0.02,-1637.0,363.0,-869.0,-9267.0,15827,-26956,42.7,0.0,2462.0,0,0,0,e1f,d4d,d49,d49,d48,1,1,1,1,1,0,0,0,0,1,1,1,0,1,0,1,1,0,0,1,0,1,0,1,1,0,0,1,0,0,1,0,0,1,0,1,0,1,1,0,0,1,0,0,1,0,0,1,0,1,0,1,1,0,0,0,0,0,1,0,0,1,0,1,0,1,1,0,0
2024,11,5,17:41:52.326,48.32,105,119.3,0.9294,2012.0,628.6,7.923,0.02,0.02,0.02,0.02,-1638.0,363.0,-869.0,-9300.0,15834,-26973,44.8,0.0,2456.0,0,0,0,e1f,d4d,d49,d49,d48,1,1,1,1,1,0,0,0,0,1,1,1,0,1,0,1,1,0,0,1,0,1,0,1,1,0,0,1,0,0,1,0,0,1,0,1,0,1,1,0,0,1,0,0,1,0,0,1,0,1,0,1,1,0,0,0,0,0,1,0,0,1,0,1,0,1,1,0,0
2024,11,5,17:41:52.346,48.34,125,119.3,0.9294,2012.6,629.2,7.922,0.02,0.02,0.02,0.02,-1639.0,363.0,-869.0,-9333.0,15841,-26991,46.7,0.0,2451.0,0,0,0,e1f,d4d,d49,d49,d48,1,1,1,1,1,0,0,0,0,1,1,1,0,1,0,1,1,0,0,1,0,1,0,1,1,0,0,1,0,0,1,0,0,1,0,1,0,1,1,0,0,1,0,0,1,0,0,1,0,1,0,1,1,0,0,0,0,0,1,0,0,1,0,1,0,1,1,0,0
2024,11,5,17:41:52.366,48.36,145,119.3,0.9295,2007.9,624.5,7.922,0.02,0.02,0.02,0.02,-1641.0,363.0,-870.0,-9365.0,15848,-27008,48.4,0.0,2444.0,0,0,0,e1f,d4d,d49,d49,d48,1,1,1,1,1,0,0,0,0,1,1,1,0,1,0,1,1,0,0,1,0,1,0,1,1,0,0,1,0,0,1,0,0,1,0,1,0,1,1,0,0,1,0,0,1,0,0,1,0,1,0,1,1,0,0,0,0,0,1,0,0,1,0,1,0,1,1,0,0
2024,11,5,17:41:52.386,48.38,165,119.3,0.9296,2007.3,623.9,7.922,0.02,0.02,0.02,0.02,-1642.0,363.0,-870.0,-9398.0,15856,-27025,49.8,0.0,2438.0,0,0,0,e1f,d4d,d49,d49,d48,1,1,1,1,1,0,0,0,0,1,1,1,0,1,0,1,1,0,0,1,0,1,0,1,1,0,0,1,0,0,1,0,0,1,0,1,0,1,1,0,0,1,0,0,1,0,0,1,0,1,0,1,1,0,0,0,0,0,1,0,0,1,0,1,0,1,1,0,0
2024,11,5,17:41:52.406,48.40,185,119.3,0.9297,2003.2,619.8,7.924,0.02,0.02,0.02,0.02,-1643.0,363.0,-871.0,-9431.0,15863,-27043,51.0,0.0,2431.0,0,0,0,e1f,d4d,d49,d49,d48,1,1,1,1,1,0,0,0,0,1,1,1,0,1,0,1,1,0,0,1,0,1,0,1,1,0,0,1,0,0,1,0,0,1,0,1,0,1,1,0,0,1,0,0,1,0,0,1,0,1,0,1,1,0,0,0,0,0,1,0,0,1,0,1,0,1,1,0,0
2024,11,5,17:41:52.426,48.42,205,119.3,0.9297,2002.6,619.2,7.922,0.02,0.02,0.02,0.02,-1645.0,363.0,-871.0,-9464.0,15870,-27060,52.0,0.0,2424.0,0,0,0,e1f,d4d,d49,d49,d48,1,1,1,1,1,0,0,0,0,1,1,1,0,1,0,1,1,0,0,1,0,1,0,1,1,0,0,1,0,0,1,0,0,1,0,1,0,1,1,0,0,1,0,0,1,0,0,1,0,1,0,1,1,0,0,0,0,0,1,0,0,1,0,1,0,1,1,0,0
2024,11,5,17:41:52.446,48.44,225,119.3,0.9296,2007.3,623.9,7.923,0.02,0.02,0.02,0.02,-1646.0,363.0,-871.0,-9497.0,15878,-27078,53.0,0.0,2417.0,0,0,0,e1f,d4d,d49,d49,d48,1,1,1,1,1,0,0,0,0,1,1,1,0,1,0,1,1,0,0,1,0,1,0,1,1,0,0,1,0,0,1,0,0,1,0,1,0,1,1,0,0,1,0,0,1,0,0,1,0,1,0,1,1,0,0,0,0,0,1,0,0,1,0,1,0,1,1,0,0
2024,11,5,17:41:52.466,48.46,245,119.3,0.9296,2007.3,623.9,7.923,0.02,0.02,0.02,0.02,-1647.0,363.0,-872.0,-9530.0,15885,-27095,54.0,0.0,2410.0,0,0,0,e1f,d4d,d49,d49,d48,1,1,1,1,1,0,0,0,0,1,1,1,0,1,0,1,1,0,0,1,0,1,0,1,1,0,0,1,0,0,1,0,0,1,0,1,0,1,1,0,0,1,0,0,1,0,0,1,0,1,0,1,1,0,0,0,0,0,1,0,0,1,0,1,0,1,1,0,0
2024,11,5,17:41:52.486,48.48,15,119.3,0.9293,2013.7,630.4,7.924,0.02,0.02,0.02,0.02,-1649.0,363.0,-872.0,-9563.0,15892,-27113,55.1,0.0,2403.0,0,0,0,e1f,d4d,d49,d49,d48,1,1,1,1,1,0,0,0,0,1,1,1,0,1,0,1,1,0,0,1,0,1,0,1,1,0,0,1,0,0,1,0,0,1,0,1,0,1,1,0,0,1,0,0,1,0,0,1,0,1,0,1,1,0,0,0,0,0,1,0,0,1,0,1,0,1,1,0,0
2024,11,5,17:41:52.506,48.50,35,119.3,0.9293,2013.7,630.4,7.924,0.02,0.02,0.02,0.02,-1650.0,363.0,-872.0,-9596.0,15899,-27130,56.2,0.0,2397.0,0,0,0,e1f,d4d,d49,d49,d48,1,1,1,1,1,0,0,0,0,1,1,1,0,1,0,1,1,0,0,1,0,1,0,1,1,0,0,1,0,0,1,0,0,1,0,1,0,1,1,0,0,1,0,0,1,0,0,1,0,1,0,1,1,0,0,0,0,0,1,0,0,1,0,1,0,1,1,0,0
2024,11,5,17:41:52.526,48.52,55,119.3,0.9292,2018.4,635.1,7.924,0.02,0.02,0.02,0.02,-1651.0,362.0,-873.0,-9629.0,15907,-27148,56.9,0.0,2392.0,0,0,0,e1f,d4d,d49,d49,d48,1,1,1,1,1,0,0,0,0,1,1,1,0,1,0,1,1,0,0,1,0,1,0,1,1,0,0,1,0,0,1,0,0,1,0,1,0,1,1,0,0,1,0,0,1,0,0,1,0,1,0,1,1,0,0,0,0,0,1,0,0,1,0,1,0,1,1,0,0
2024,11,5,17:41:52.546,48.54,75,119.3,0.9292,2018.4,635.1,7.922,0.02,0.02,0.02,0.02,-1652.0,362.0,-873.0,-9662.0,15914,-27165,56.8,0.0,2388.0,0,0,0,e1f,d4d,d49,d49,d48,1,1,1,1,1,0,0,0,0,1,1,1,0,1,0,1,1,0,0,1,0,1,0,1,1,0,0,1,0,0,1,0,0,1,0,1,0,1,1,0,0,1,0,0,1,0,0,1,0,1,0,1,1,0,0,0,0,0,1,0,0,1,0,1,0,1,1,0,0
2024,11,5,17:41:52.566,48.56,95,119.3,0.9296,2006.1,622.7,7.922,0.02,0.02,0.02,0.02,-1654.0,362.0,-873.0,-9695.0,15921,-27182,56.1,0.0,2384.0,0,0,0,e1f,d4d,d49,d49,d48,1,1,1,1,1,0,0,0,0,1,1,1,0,1,0,1,1,0,0,1,0,1,0,1,1,0,0,1,0,0,1,0,0,1,0,1,0,1,1,0,0,1,0,0,1,0,0,1,0,1,0,1,1,0,0,0,0,0,1,0,0,1,0,1,0,1,1,0,0
2024,11,5,17:41:52.586,48.58,115,119.3,0.9296,2006.1,622.7,7.925,0.02,0.02,0.02,0.02,-1655.0,362.0,-873.0,-9728.0,15928,-27200,55.2,0.0,2382.0,0,0,0,e1f,d4d,d49,d49,d48,1,1,1,1,1,0,0,0,0,1,1,1,0,1,0,1,1,0,0,1,0,1,0,1,1,0,0,1,0,0,1,0,0,1,0,1,0,1,1,0,0,1,0,0,1,0,0,1,0,1,0,1,1,0,0,0,0,0,1,0,0,1,0,1,0,1,1,0,0
2024,11,5,17:41:52.606,48.60,135,119.3,0.9301,1990.9,607.5,7.923,0.02,0.02,0.02,0.02,-1656.0,361.0,-874.0,-9761.0,15936,-27217,53.8,0.0,2379.0,0,0,0,e1f,d4d,d49,d49,d48,1,1,1,1,1,0,0,0,0,1,1,1,0,1,0,1,1,0,0,1,0,1,0,1,1,0,0,1,0,0,1,0,0,1,0,1,0,1,1,0,0,1,0,0,1,0,0,1,0,1,0,1,1,0,0,0,0,0,1,0,0,1,0,1,0,1,1,0,0
2024,11,5,17:41:52.626,48.62,155,119.3,0.9301,1990.9,607.5,7.922,0.02,0.02,0.02,0.02,-1657.0,361.0,-874.0,-9794.0,15943,-27235,51.7,0.0,2376.0,0,0,0,e1f,d4d,d49,d49,d48,1,1,1,1,1,0,0,0,0,1,1,1,0,1,0,1,1,0,0,1,0,1,0,1,1,0,0,1,0,0,1,0,0,1,0,1,0,1,1,0,0,1,0,0,1,0,0,1,0,1,0,1,1,0,0,0,0,0,1,0,0,1,0,1,0,1,1,0,0
2024,11,5,17:41:52.646,48.64,175,119.3,0.9309,1969.1,585.8,7.923,0.02,0.02,0.02,0.02,-1658.0,361.0,-874.0,-9828.0,15950,-27252,49.1,0.0,2374.0,0,0,0,e1f,d4d,d49,d49,d48,1,1,1,1,1,0,0,0,0,1,1,1,0,1,0,1,1,0,0,1,0,1,0,1,1,0,0,1,0,0,1,0,0,1,0,1,0,1,1,0,0,1,0,0,1,0,0,1,0,1,0,1,1,0,0,0,0,0,1,0,0,1,0,1,0,1,1,0,0
2024,11,5,17:41:52.666,48.66,195,119.3,0.9308,1969.7,586.3,7.923,0.02,0.02,0.02,0.02,-1660.0,361.0,-875.0,-9861.0,15957,-27270,46.3,0.0,2371.0,0,0,0,e1f,d4d,d49,d49,d48,1,1,1,1,1,0,0,0,0,1,1,1,0,1,0,1,1,0,0,1,0,1,0,1,1,0,0,1,0,0,1,0,0,1,0,1,0,1,1,0,0,1,0,0,1,0,0,1,0,1,0,1,1,0,0,0,0,0,1,0,0,1,0,1,0,1,1,0,0
2024,11,5,17:41:52.686,48.68,215,119.3,0.9316,1946.9,563.5,7.922,0.02,0.02,0.02,0.02,-1661.0,360.0,-875.0,-9894.0,15964,-27287,43.4,0.0,2368.0,0,0,0,e1f,d4d,d49,d49,d48,1,1,1,1,1,0,0,0,0,1,1,1,0,1,0,1,1,0,0,1,0,1,0,1,1,0,0,1,0,0,1,0,0,1,0,1,0,1,1,0,0,1,0,0,1,0,0,1,0,1,0,1,1,0,0,0,0,0,1,0,0,1,0,1,0,1,1,0,0
2024,11,5,17:41:52.706,48.70,235,119.3,0.9316,1946.3,562.9,7.922,0.02,0.02,0.02,0.02,-1662.0,360.0,-876.0,-9927.0,15972,-27305,40.9,0.0,2365.0,0,0,0,e1f,d4d,d49,d49,d48,1,1,1,1,1,0,0,0,0,1,1,1,0,1,0,1,1,0,0,1,0,1,0,1,1,0,0,1,0,0,1,0,0,1,0,1,0,1,1,0,0,1,0,0,1,0,0,1,0,1,0,1,1,0,0,0,0,0,1,0,0,1,0,1,0,1,1,0,0
2024,11,5,17:41:52.726,48.72,5,119.3,0.9321,1932.8,549.4,7.922,0.02,0.02,0.02,0.02,-1664.0,360.0,-877.0,-9960.0,15979,-27323,38.7,0.0,2362.0,0,0,0,e1f,d4d,d49,d49,d48,1,1,1,1,1,0,0,0,0,1,1,1,0,1,0,1,1,0,0,1,0,1,0,1,1,0,0,1,0,0,1,0,0,1,0,1,0,1,1,0,0,1,0,0,1,0,0,1,0,1,0,1,1,0,0,0,0,0,1,0,0,1,0,1,0,1,1,0,0
2024,11,5,17:41:52.746,48.74,25,119.3,0.9321,1932.8,549.4,7.922,0.02,0.02,0.02,0.02,-1665.0,360.0,-877.0,-9994.0,15986,-27340,37.0,0.0,2359.0,0,0,0,e1f,d4d,d49,d49,d48,1,1,1,1,1,0,0,0,0,1,1,1,0,1,0,1,1,0,0,1,0,1,0,1,1,0,0,1,0,0,1,0,0,1,0,1,0,1,1,0,0,1,0,0,1,0,0,1,0,1,0,1,1,0,0,0,0,0,1,0,0,1,0,1,0,1,1,0,0
2024,11,5,17:41:52.766,48.76,45,119.3,0.9326,1918.2,534.8,7.924,0.02,0.02,0.02,0.02,-1666.0,360.0,-878.0,-10027.0,15993,-27358,36.3,0.0,2356.0,0,0,0,e1f,d4d,d49,d49,d48,1,1,1,1,1,0,0,0,0,1,1,1,0,1,0,1,1,0,0,1,0,1,0,1,1,0,0,1,0,0,1,0,0,1,0,1,0,1,1,0,0,1,0,0,1,0,0,1,0,1,0,1,1,0,0,0,0,0,1,0,0,1,0,1,0,1,1,0,0
2024,11,5,17:41:52.786,48.78,65,119.3,0.9326,1918.2,534.8,7.924,0.02,0.02,0.02,0.02,-1667.0,360.0,-878.0,-10060.0,16001,-27375,35.8,0.0,2353.0,0,0,0,e1f,d4d,d49,d49,d48,1,1,1,1,1,0,0,0,0,1,1,1,0,1,0,1,1,0,0,1,0,1,0,1,1,0,0,1,0,0,1,0,0,1,0,1,0,1,1,0,0,1,0,0,1,0,0,1,0,1,0,1,1,0,0,0,0,0,1,0,0,1,0,1,0,1,1,0,0
2024,11,5,17:41:52.806,48.80,85,119.3,0.9317,1945.1,561.7,7.924,0.02,0.02,0.02,0.02,-1668.0,361.0,-879.0,-10094.0,16008,-27393,35.2,0.0,2349.0,0,0,0,e1f,d4d,d49,d49,d48,1,1,1,1,1,0,0,0,0,1,1,1,0,1,0,1,1,0,0,1,0,1,0,1,1,0,0,1,0,0,1,0,0,1,0,1,0,1,1,0,0,1,0,0,1,0,0,1,0,1,0,1,1,0,0,0,0,0,1,0,0,1,0,1,0,1,1,0,0
2024,11,5,17:41:52.826,48.82,105,119.3,0.9317,1945.1,561.7,7.924,0.02,0.02,0.02,0.02,-1669.0,361.0,-879.0,-10127.0,16015,-27410,34.4,0.0,2346.0,0,0,0,e1f,d4d,d49,d49,d48,1,1,1,1,1,0,0,0,0,1,1,1,0,1,0,1,1,0,0,1,0,1,0,1,1,0,0,1,0,0,1,0,0,1,0,1,0,1,1,0,0,1,0,0,1,0,0,1,0,1,0,1,1,0,0,0,0,0,1,0,0,1,0,1,0,1,1,0,0
2024,11,5,17:41:52.846,48.84,125,119.3,0.9317,1945.1,561.7,7.924,0.02,0.02,0.02,0.02,-1669.0,361.0,-879.0,-10161.0,16022,-27428,33.4,0.0,2342.0,0,0,0,e1f,d4d,d49,d49,d48,1,1,1,1,1,0,0,0,0,1,1,1,0,1,0,1,1,0,0,1,0,1,0,1,1,0,0,1,0,0,1,0,0,1,0,1,0,1,1,0,0,1,0,0,1,0,0,1,0,1,0,1,1,0,0,0,0,0,1,0,0,1,0,1,0,1,1,0,0
2024,11,5,17:41:52.866,48.86,145,119.3,0.9317,1945.7,562.3,7.924,0.02,0.02,0.02,0.02,-1670.0,362.0,-879.0,-10194.0,16029,-27446,32.1,0.0,2339.0,0,0,0,e1f,d4d,d49,d49,d48,1,1,1,1,1,0,0,0,0,1,1,1,0,1,0,1,1,0,0,1,0,1,0,1,1,0,0,1,0,0,1,0,0,1,0,1,0,1,1,0,0,1,0,0,1,0,0,1,0,1,0,1,1,0,0,0,0,0,1,0,0,1,0,1,0,1,1,0,0
2024,11,5,17:41:52.886,48.88,165,119.3,0.9314,1953.3,569.9,7.924,0.02,0.02,0.02,0.02,-1671.0,362.0,-880.0,-10227.0,16037,-27463,30.3,0.0,2336.0,0,0,0,e1f,d4d,d49,d49,d48,1,1,1,1,1,0,0,0,0,1,1,1,0,1,0,1,1,0,0,1,0,1,0,1,1,0,0,1,0,0,1,0,0,1,0,1,0,1,1,0,0,1,0,0,1,0,0,1,0,1,0,1,1,0,0,0,0,0,1,0,0,1,0,1,0,1,1,0,0
2024,11,5,17:41:52.906,48.90,185,119.3,0.9314,1953.3,569.9,7.924,0.02,0.02,0.02,0.02,-1672.0,362.0,-880.0,-10261.0,16044,-27481,28.2,0.0,2332.0,0,0,0,e1f,d4d,d49,d49,d48,1,1,1,1,1,0,0,0,0,1,1,1,0,1,0,1,1,0,0,1,0,1,0,1,1,0,0,1,0,0,1,0,0,1,0,1,0,1,1,0,0,1,0,0,1,0,0,1,0,1,0,1,1,0,0,0,0,0,1,0,0,1,0,1,0,1,1,0,0
2024,11,5,17:41:52.926,48.92,205,119.3,0.9313,1955.1,571.7,7.924,0.02,0.02,0.02,0.02,-1674.0,362.0,-880.0,-10294.0,16051,-27498,26.3,0.0,2329.0,0,0,0,e1f,d4d,d49,d49,d48,1,1,1,1,1,0,0,0,0,1,1,1,0,1,0,1,1,0,0,1,0,1,0,1,1,0,0,1,0,0,1,0,0,1,0,1,0,1,1,0,0,1,0,0,1,0,0,1,0,1,0,1,1,0,0,0,0,0,1,0,0,1,0,1,0,1,1,0,0
2024,11,5,17:41:52.946,48.94,225,119.3,0.9314,1954.5,571.1,7.923,0.02,0.02,0.02,0.02,-1675.0,362.0,-880.0,-10328.0,16058,-27516,24.8,0.0,2327.0,0,0,0,e1f,d4d,d49,d49,d48,1,1,1,1,1,0,0,0,0,1,1,1,0,1,0,1,1,0,0,1,0,1,0,1,1,0,0,1,0,0,1,0,0,1,0,1,0,1,1,0,0,1,0,0,1,0,0,1,0,1,0,1,1,0,0,0,0,0,1,0,0,1,0,1,0,1,1,0,0
2024,11,5,17:41:52.966,48.96,245,119.3,0.9310,1965.0,581.7,7.922,0.02,0.02,0.02,0.02,-1676.0,362.0,-880.0,-10361.0,16066,-27534,23.7,0.0,2324.0,0,0,0,e1f,d4d,d49,d49,d48,1,1,1,1,1,0,0,0,0,1,1,1,0,1,0,1,1,0,0,1,0,1,0,1,1,0,0,1,0,0,1,0,0,1,0,1,0,1,1,0,0,1,0,0,1,0,0,1,0,1,0,1,1,0,0,0,0,0,1,0,0,1,0,1,0,1,1,0,0
2024,11,5,17:41:52.986,48.98,15,119.3,0.9310,1965.6,582.2,7.924,0.02,0.02,0.02,0.02,-1677.0,363.0,-880.0,-10395.0,16073,-27551,23.0,0.0,2322.0,0,0,0,e1f,d4d,d49,d49,d48,1,1,1,1,1,0,0,0,0,1,1,1,0,1,0,1,1,0,0,1,0,1,0,1,1,0,0,1,0,0,1,0,0,1,0,1,0,1,1,0,0,1,0,0,1,0,0,1,0,1,0,1,1,0,0,0,0,0,1,0,0,1,0,1,0,1,1,0,0
2024,11,5,17:41:53.006,49.00,35,119.3,0.9309,1966.8,583.4,7.922,0.02,0.02,0.02,0.02,-1679.0,363.0,-881.0,-10428.0,16080,-27569,22.9,0.0,2320.0,0,0,0,e1f,d4d,d49,d49,d48,1,1,1,1,1,0,0,0,0,1,1,1,0,1,0,1,1,0,0,1,0,1,0,1,1,0,0,1,0,0,1,0,0,1,0,1,0,1,1,0,0,1,0,0,1,0,0,1,0,1,0,1,1,0,0,0,0,0,1,0,0,1,0,1,0,1,1,0,0
2024,11,5,17:41:53.026,49.02,55,119.3,0.9309,1967.4,584.0,7.924,0.02,0.02,0.02,0.02,-1680.0,362.0,-880.0,-10462.0,16088,-27586,23.2,0.0,2318.0,0,0,0,e1f,d4d,d49,d49,d48,1,1,1,1,1,0,0,0,0,1,1,1,0,1,0,1,1,0,0,1,0,1,0,1,1,0,0,1,0,0,1,0,0,1,0,1,0,1,1,0,0,1,0,0,1,0,0,1,0,1,0,1,1,0,0,0,0,0,1,0,0,1,0,1,0,1,1,0,0
2024,11,5,17:41:53.046,49.04,75,119.3,0.9310,1965.6,582.2,7.922,0.02,0.02,0.02,0.02,-1681.0,362.0,-881.0,-10496.0,16095,-27604,23.4,0.0,2317.0,0,0,0,e1f,d4d,d49,d49,d48,1,1,1,1,1,0,0,0,0,1,1,1,0,1,0,1,1,0,0,1,0,1,0,1,1,0,0,1,0,0,1,0,0,1,0,1,0,1,1,0,0,1,0,0,1,0,0,1,0,1,0,1,1,0,0,0,0,0,1,0,0,1,0,1,0,1,1,0,0
2024,11,5,17:41:53.066,49.06,95,119.3,0.9310,1965.6,582.2,7.925,0.02,0.02,0.02,0.02,-1682.0,362.0,-881.0,-10529.0,16102,-27622,24.0,0.0,2317.0,0,0,0,e1f,d4d,d49,d49,d48,1,1,1,1,1,0,0,0,0,1,1,1,0,1,0,1,1,0,0,1,0,1,0,1,1,0,0,1,0,0,1,0,0,1,0,1,0,1,1,0,0,1,0,0,1,0,0,1,0,1,0,1,1,0,0,0,0,0,1,0,0,1,0,1,0,1,1,0,0
2024,11,5,17:41:53.086,49.08,115,119.3,0.9315,1951.6,568.2,7.922,0.02,0.02,0.02,0.02,-1683.0,362.0,-881.0,-10563.0,16109,-27639,25.1,0.0,2316.0,0,0,0,e1f,d4d,d49,d49,d48,1,1,1,1,1,0,0,0,0,1,1,1,0,1,0,1,1,0,0,1,0,1,0,1,1,0,0,1,0,0,1,0,0,1,0,1,0,1,1,0,0,1,0,0,1,0,0,1,0,1,0,1,1,0,0,0,0,0,1,0,0,1,0,1,0,1,1,0,0
2024,11,5,17:41:53.106,49.10,135,119.3,0.9314,1952.1,568.8,7.923,0.02,0.02,0.02,0.02,-1684.0,362.0,-881.0,-10597.0,16117,-27657,26.4,0.0,2316.0,0,0,0,e1f,d4d,d49,d49,d48,1,1,1,1,1,0,0,0,0,1,1,1,0,1,0,1,1,0,0,1,0,1,0,1,1,0,0,1,0,0,1,0,0,1,0,1,0,1,1,0,0,1,0,0,1,0,0,1,0,1,0,1,1,0,0,0,0,0,1,0,0,1,0,1,0,1,1,0,0
2024,11,5,17:41:53.126,49.12,155,119.3,0.9311,1962.7,579.3,7.924,0.02,0.02,0.02,0.02,-1685.0,361.0,-881.0,-10630.0,16124,-27675,27.8,0.0,2316.0,0,0,0,e1f,d4d,d49,d49,d48,1,1,1,1,1,0,0,0,0,1,1,1,0,1,0,1,1,0,0,1,0,1,0,1,1,0,0,1,0,0,1,0,0,1,0,1,0,1,1,0,0,1,0,0,1,0,0,1,0,1,0,1,1,0,0,0,0,0,1,0,0,1,0,1,0,1,1,0,0
2024,11,5,17:41:53.146,49.14,175,119.3,0.9311,1962.7,579.3,7.922,0.02,0.02,0.02,0.02,-1687.0,361.0,-882.0,-10664.0,16131,-27692,29.2,0.0,2316.0,0,0,0,e1f,d4d,d49,d49,d48,1,1,1,1,1,0,0,0,0,1,1,1,0,1,0,1,1,0,0,1,0,1,0,1,1,0,0,1,0,0,1,0,0,1,0,1,0,1,1,0,0,1,0,0,1,0,0,1,0,1,0,1,1,0,0,0,0,0,1,0,0,1,0,1,0,1,1,0,0
2024,11,5,17:41:53.166,49.16,195,119.3,0.9319,1938.1,554.7,7.923,0.02,0.02,0.02,0.02,-1688.0,361.0,-882.0,-10698.0,16138,-27710,30.5,0.0,2316.0,0,0,0,e1f,d4d,d49,d49,d48,1,1,1,1,1,0,0,0,0,1,1,1,0,1,0,1,1,0,0,1,0,1,0,1,1,0,0,1,0,0,1,0,0,1,0,1,0,1,1,0,0,1,0,0,1,0,0,1,0,1,0,1,1,0,0,0,0,0,1,0,0,1,0,1,0,1,1,0,0
2024,11,5,17:41:53.186,49.18,215,119.3,0.9319,1938.7,555.3,7.922,0.02,0.02,0.02,0.02,-1689.0,361.0,-883.0,-10732.0,16145,-27728,31.6,0.0,2316.0,0,0,0,e1f,d4d,d49,d49,d48,1,1,1,1,1,0,0,0,0,1,1,1,0,1,0,1,1,0,0,1,0,1,0,1,1,0,0,1,0,0,1,0,0,1,0,1,0,1,1,0,0,1,0,0,1,0,0,1,0,1,0,1,1,0,0,0,0,0,1,0,0,1,0,1,0,1,1,0,0
2024,11,5,17:41:53.206,49.20,235,119.3,0.9322,1929.3,545.9,7.923,0.02,0.02,0.02,0.02,-1690.0,360.0,-883.0,-10765.0,16153,-27745,32.3,0.0,2316.0,0,0,0,e1f,d4d,d49,d49,d48,1,1,1,1,1,0,0,0,0,1,1,1,0,1,0,1,1,0,0,1,0,1,0,1,1,0,0,1,0,0,1,0,0,1,0,1,0,1,1,0,0,1,0,0,1,0,0,1,0,1,0,1,1,0,0,0,0,0,1,0,0,1,0,1,0,1,1,0,0
2024,11,5,17:41:53.226,49.22,5,119.3,0.9322,1929.3,545.9,7.924,0.02,0.02,0.02,0.02,-1691.0,360.0,-884.0,-10799.0,16160,-27763,32.9,0.0,2315.0,0,0,0,e1f,d4d,d49,d49,d48,1,1,1,1,1,0,0,0,0,1,1,1,0,1,0,1,1,0,0,1,0,1,0,1,1,0,0,1,0,0,1,0,0,1,0,1,0,1,1,0,0,1,0,0,1,0,0,1,0,1,0,1,1,0,0,0,0,0,1,0,0,1,0,1,0,1,1,0,0
2024,11,5,17:41:53.246,49.24,25,119.3,0.9331,1904.7,521.3,7.924,0.02,0.02,0.02,0.02,-1692.0,360.0,-884.0,-10833.0,16167,-27781,33.3,0.0,2315.0,0,0,0,e1f,d4d,d49,d49,d48,1,1,1,1,1,0,0,0,0,1,1,1,0,1,0,1,1,0,0,1,0,1,0,1,1,0,0,1,0,0,1,0,0,1,0,1,0,1,1,0,0,1,0,0,1,0,0,1,0,1,0,1,1,0,0,0,0,0,1,0,0,1,0,1,0,1,1,0,0
2024,11,5,17:41:53.266,49.26,45,119.3,0.9331,1904.7,521.3,7.922,0.02,0.02,0.02,0.02,-1694.0,360.0,-885.0,-10867.0,16174,-27798,33.5,0.0,2314.0,0,0,0,e3f,d4d,d49,d49,d48,1,1,1,1,1,1,0,0,0,1,1,1,0,1,0,1,1,0,0,1,0,1,0,1,1,0,0,1,0,0,1,0,0,1,0,1,0,1,1,0,0,1,0,0,1,0,0,1,0,1,0,1,1,0,0,0,0,0,1,0,0,1,0,1,0,1,1,0,0
2024,11,5,17:41:53.286,49.28,65,119.3,0.9333,1898.8,515.5,7.923,0.02,0.02,0.02,0.02,-1695.0,360.0,-885.0,-10901.0,16181,-27816,33.7,0.0,2313.0,0,0,0,e3f,d4d,d49,d49,d48,1,1,1,1,1,1,0,0,0,1,1,1,0,1,0,1,1,0,0,1,0,1,0,1,1,0,0,1,0,0,1,0,0,1,0,1,0,1,1,0,0,1,0,0,1,0,0,1,0,1,0,1,1,0,0,0,0,0,1,0,0,1,0,1,0,1,1,0,0
2024,11,5,17:41:53.306,49.30,85,119.3,0.9333,1898.8,515.5,7.923,0.02,0.02,0.02,0.02,-1696.0,360.0,-886.0,-10935.0,16189,-27834,33.5,0.0,2312.0,0,0,0,e3f,d4d,d49,d49,d48,1,1,1,1,1,1,0,0,0,1,1,1,0,1,0,1,1,0,0,1,0,1,0,1,1,0,0,1,0,0,1,0,0,1,0,1,0,1,1,0,0,1,0,0,1,0,0,1,0,1,0,1,1,0,0,0,0,0,1,0,0,1,0,1,0,1,1,0,0
2024,11,5,17:41:53.326,49.32,105,119.3,0.9334,1894.2,510.8,7.922,0.02,0.02,0.02,0.02,-1697.0,360.0,-886.0,-10969.0,16196,-27851,33.0,0.0,2310.0,0,0,0,e3f,d4d,d49,d49,d48,1,1,1,1,1,1,0,0,0,1,1,1,0,1,0,1,1,0,0,1,0,1,0,1,1,0,0,1,0,0,1,0,0,1,0,1,0,1,1,0,0,1,0,0,1,0,0,1,0,1,0,1,1,0,0,0,0,0,1,0,0,1,0,1,0,1,1,0,0
2024,11,5,17:41:53.346,49.34,125,119.3,0.9334,1894.2,510.8,7.925,0.02,0.02,0.02,0.02,-1698.0,360.0,-887.0,-11003.0,16203,-27869,32.3,0.0,2309.0,0,0,0,e3f,d4d,d49,d49,d48,1,1,1,1,1,1,0,0,0,1,1,1,0,1,0,1,1,0,0,1,0,1,0,1,1,0,0,1,0,0,1,0,0,1,0,1,0,1,1,0,0,1,0,0,1,0,0,1,0,1,0,1,1,0,0,0,0,0,1,0,0,1,0,1,0,1,1,0,0
2024,11,5,17:41:53.366,49.36,145,119.3,0.9337,1884.8,501.4,7.923,0.02,0.02,0.02,0.02,-1699.0,360.0,-888.0,-11037.0,16210,-27887,31.3,0.0,2307.0,0,0,0,e3f,d4d,d49,d49,d48,1,1,1,1,1,1,0,0,0,1,1,1,0,1,0,1,1,0,0,1,0,1,0,1,1,0,0,1,0,0,1,0,0,1,0,1,0,1,1,0,0,1,0,0,1,0,0,1,0,1,0,1,1,0,0,0,0,0,1,0,0,1,0,1,0,1,1,0,0
2024,11,5,17:41:53.386,49.38,165,119.3,0.9337,1885.4,502.0,7.923,0.02,0.02,0.02,0.02,-1701.0,360.0,-888.0,-11071.0,16218,-27905,30.1,0.0,2305.0,0,0,0,e3f,d4d,d49,d49,d48,1,1,1,1,1,1,0,0,0,1,1,1,0,1,0,1,1,0,0,1,0,1,0,1,1,0,0,1,0,0,1,0,0,1,0,1,0,1,1,0,0,1,0,0,1,0,0,1,0,1,0,1,1,0,0,0,0,0,1,0,0,1,0,1,0,1,1,0,0
2024,11,5,17:41:53.406,49.40,185,119.3,0.9344,1864.3,480.9,7.923,0.02,0.02,0.02,0.02,-1702.0,360.0,-889.0,-11105.0,16225,-27922,28.9,0.0,2303.0,0,0,0,e3f,d4d,d49,d49,d49,1,1,1,1,1,1,0,0,0,1,1,1,0,1,0,1,1,0,0,1,0,1,0,1,1,0,0,1,0,0,1,0,0,1,0,1,0,1,1,0,0,1,0,0,1,0,0,1,0,1,0,1,1,0,0,1,0,0,1,0,0,1,0,1,0,1,1,0,0
2024,11,5,17:41:53.426,49.42,205,119.3,0.9344,1864.3,480.9,7.924,0.02,0.02,0.02,0.02,-1703.0,360.0,-889.0,-11139.0,16232,-27940,27.5,0.0,2300.0,0,0,0,e3f,d4d,d49,d49,d49,1,1,1,1,1,1,0,0,0,1,1,1,0,1,0,1,1,0,0,1,0,1,0,1,1,0,0,1,0,0,1,0,0,1,0,1,0,1,1,0,0,1,0,0,1,0,0,1,0,1,0,1,1,0,0,1,0,0,1,0,0,1,0,1,0,1,1,0,0
2024,11,5,17:41:53.446,49.44,225,119.3,0.9345,1862.6,479.2,7.922,0.02,0.02,0.02,0.02,-1704.0,360.0,-890.0,-11173.0,16239,-27958,26.0,0.0,2298.0,0,0,0,e3f,d4d,d49,d49,d49,1,1,1,1,1,1,0,0,0,1,1,1,0,1,0,1,1,0,0,1,0,1,0,1,1,0,0,1,0,0,1,0,0,1,0,1,0,1,1,0,0,1,0,0,1,0,0,1,0,1,0,1,1,0,0,1,0,0,1,0,0,1,0,1,0,1,1,0,0
2024,11,5,17:41:53.466,49.46,245,119.3,0.9345,1862.6,479.2,7.923,0.02,0.02,0.02,0.02,-1705.0,361.0,-890.0,-11207.0,16246,-27976,24.3,0.0,2295.0,0,0,0,e3f,d4d,d49,d49,d49,1,1,1,1,1,1,0,0,0,1,1,1,0,1,0,1,1,0,0,1,0,1,0,1,1,0,0,1,0,0,1,0,0,1,0,1,0,1,1,0,0,1,0,0,1,0,0,1,0,1,0,1,1,0,0,1,0,0,1,0,0,1,0,1,0,1,1,0,0
2024,11,5,17:41:53.486,49.48,15,119.3,0.9345,1863.7,480.4,7.922,0.02,0.02,0.02,0.02,-1706.0,361.0,-890.0,-11241.0,16254,-27994,22.4,0.0,2292.0,0,0,0,e3f,d4d,d49,d49,d49,1,1,1,1,1,1,0,0,0,1,1,1,0,1,0,1,1,0,0,1,0,1,0,1,1,0,0,1,0,0,1,0,0,1,0,1,0,1,1,0,0,1,0,0,1,0,0,1,0,1,0,1,1,0,0,1,0,0,1,0,0,1,0,1,0,1,1,0,0
2024,11,5,17:41:53.506,49.50,35,119.3,0.9344,1864.3,480.9,7.924,0.02,0.02,0.02,0.02,-1707.0,361.0,-891.0,-11275.0,16261,-28011,20.6,0.0,2288.0,0,0,0,e3f,d4d,d49,d49,d49,1,1,1,1,1,1,0,0,0,1,1,1,0,1,0,1,1,0,0,1,0,1,0,1,1,0,0,1,0,0,1,0,0,1,0,1,0,1,1,0,0,1,0,0,1,0,0,1,0,1,0,1,1,0,0,1,0,0,1,0,0,1,0,1,0,1,1,0,0
2024,11,5,17:41:53.526,49.52,55,119.3,0.9346,1859.6,476.3,7.923,0.02,0.02,0.02,0.02,-1709.0,361.0,-891.0,-11309.0,16268,-28029,18.8,0.0,2285.0,0,0,0,e3f,d4d,d49,d49,d49,1,1,1,1,1,1,0,0,0,1,1,1,0,1,0,1,1,0,0,1,0,1,0,1,1,0,0,1,0,0,1,0,0,1,0,1,0,1,1,0,0,1,0,0,1,0,0,1,0,1,0,1,1,0,0,1,0,0,1,0,0,1,0,1,0,1,1,0,0
2024,11,5,17:41:53.546,49.54,75,119.3,0.9346,1859.6,476.3,7.923,0.02,0.02,0.02,0.02,-1710.0,361.0,-892.0,-11344.0,16275,-28047,17.0,0.0,2281.0,0,0,0,e3f,d4d,d49,d49,d49,1,1,1,1,1,1,0,0,0,1,1,1,0,1,0,1,1,0,0,1,0,1,0,1,1,0,0,1,0,0,1,0,0,1,0,1,0,1,1,0,0,1,0,0,1,0,0,1,0,1,0,1,1,0,0,1,0,0,1,0,0,1,0,1,0,1,1,0,0
2024,11,5,17:41:53.566,49.56,95,119.3,0.9348,1855.0,471.6,7.922,0.02,0.02,0.02,0.02,-1711.0,362.0,-892.0,-11378.0,16283,-28065,15.4,0.0,2277.0,0,0,0,e3f,d4d,d49,d49,d49,1,1,1,1,1,1,0,0,0,1,1,1,0,1,0,1,1,0,0,1,0,1,0,1,1,0,0,1,0,0,1,0,0,1,0,1,0,1,1,0,0,1,0,0,1,0,0,1,0,1,0,1,1,0,0,1,0,0,1,0,0,1,0,1,0,1,1,0,0
2024,11,5,17:41:53.586,49.58,115,119.3,0.9348,1855.0,471.6,7.924,0.02,0.02,0.02,0.02,-1712.0,362.0,-892.0,-11412.0,16290,-28083,13.7,0.0,2272.0,0,0,0,e3f,d4d,d49,d49,d49,1,1,1,1,1,1,0,0,0,1,1,1,0,1,0,1,1,0,0,1,0,1,0,1,1,0,0,1,0,0,1,0,0,1,0,1,0,1,1,0,0,1,0,0,1,0,0,1,0,1,0,1,1,0,0,1,0,0,1,0,0,1,0,1,0,1,1,0,0
2024,11,5,17:41:53.606,49.60,135,119.3,0.9344,1864.3,480.9,7.924,0.02,0.02,0.02,0.02,-1713.0,362.0,-892.0,-11446.0,16297,-28101,11.9,0.0,2268.0,0,0,0,e3f,d4d,d49,d49,d4d,1,1,1,1,1,1,0,0,0,1,1,1,0,1,0,1,1,0,0,1,0,1,0,1,1,0,0,1,0,0,1,0,0,1,0,1,0,1,1,0,0,1,0,0,1,0,0,1,0,1,0,1,1,0,0,1,0,1,1,0,0,1,0,1,0,1,1,0,0
2024,11,5,17:41:53.626,49.62,155,119.3,0.9344,1864.3,480.9,7.924,0.02,0.02,0.02,0.02,-1715.0,363.0,-893.0,-11481.0,16304,-28119,9.7,0.0,2263.0,0,0,0,e3f,d45,d41,d41,d45,1,1,1,1,1,1,0,0,0,1,1,1,0,1,0,1,0,0,0,1,0,1,0,1,1,0,0,1,0,0,0,0,0,1,0,1,0,1,1,0,0,1,0,0,0,0,0,1,0,1,0,1,1,0,0,1,0,1,0,0,0,1,0,1,0,1,1,0,0
2024,11,5,17:41:53.646,49.64,175,119.3,0.9344,1866.1,482.7,7.924,0.02,0.02,0.02,0.02,-1716.0,363.0,-893.0,-11515.0,16312,-28136,8.1,0.0,2258.0,0,0,0,e3f,d45,d41,d41,d45,1,1,1,1,1,1,0,0,0,1,1,1,0,1,0,1,0,0,0,1,0,1,0,1,1,0,0,1,0,0,0,0,0,1,0,1,0,1,1,0,0,1,0,0,0,0,0,1,0,1,0,1,1,0,0,1,0,1,0,0,0,1,0,1,0,1,1,0,0
2024,11,5,17:41:53.666,49.66,195,119.3,0.9344,1866.1,482.7,7.923,0.02,0.02,0.02,0.02,-1717.0,363.0,-893.0,-11549.0,16319,-28154,8.6,0.0,2253.0,0,0,0,e3f,d45,d41,d41,d45,1,1,1,1,1,1,0,0,0,1,1,1,0,1,0,1,0,0,0,1,0,1,0,1,1,0,0,1,0,0,0,0,0,1,0,1,0,1,1,0,0,1,0,0,0,0,0,1,0,1,0,1,1,0,0,1,0,1,0,0,0,1,0,1,0,1,1,0,0
2024,11,5,17:41:53.686,49.68,215,119.3,0.9349,1850.9,467.5,7.923,0.02,0.02,0.02,0.02,-1719.0,363.0,-894.0,-11584.0,16326,-28172,11.2,0.0,2247.0,0,0,0,e3f,d45,d41,d41,d45,1,1,1,1,1,1,0,0,0,1,1,1,0,1,0,1,0,0,0,1,0,1,0,1,1,0,0,1,0,0,0,0,0,1,0,1,0,1,1,0,0,1,0,0,0,0,0,1,0,1,0,1,1,0,0,1,0,1,0,0,0,1,0,1,0,1,1,0,0
2024,11,5,17:41:53.706,49.70,235,119.3,0.9349,1850.9,467.5,7.923,0.02,0.02,0.02,0.02,-1720.0,363.0,-894.0,-11618.0,16333,-28190,14.9,0.0,2242.0,0,0,0,e3f,d45,d41,d41,d45,1,1,1,1,1,1,0,0,0,1,1,1,0,1,0,1,0,0,0,1,0,1,0,1,1,0,0,1,0,0,0,0,0,1,0,1,0,1,1,0,0,1,0,0,0,0,0,1,0,1,0,1,1,0,0,1,0,1,0,0,0,1,0,1,0,1,1,0,0
2024,11,5,17:41:53.726,49.72,5,119.3,0.9350,1849.1,465.7,7.924,0.02,0.02,0.02,0.02,-1721.0,363.0,-894.0,-11652.0,16341,-28208,19.0,0.0,2236.0,0,0,0,e3f,d4d,d49,d49,d4d,1,1,1,1,1,1,0,0,0,1,1,1,0,1,0,1,1,0,0,1,0,1,0,1,1,0,0,1,0,0,1,0,0,1,0,1,0,1,1,0,0,1,0,0,1,0,0,1,0,1,0,1,1,0,0,1,0,1,1,0,0,1,0,1,0,1,1,0,0
2024,11,5,17:41:53.746,49.74,25,119.3,0.9350,1849.1,465.7,7.922,0.02,0.02,0.02,0.02,-1723.0,363.0,-894.0,-11687.0,16348,-28226,23.4,0.0,2230.0,0,0,0,e3f,d4d,d49,d49,d49,1,1,1,1,1,1,0,0,0,1,1,1,0,1,0,1,1,0,0,1,0,1,0,1,1,0,0,1,0,0,1,0,0,1,0,1,0,1,1,0,0,1,0,0,1,0,0,1,0,1,0,1,1,0,0,1,0,0,1,0,0,1,0,1,0,1,1,0,0
2024,11,5,17:41:53.766,49.76,45,119.3,0.9349,1850.9,467.5,7.923,0.02,0.02,0.02,0.02,-1724.0,363.0,-894.0,-11721.0,16355,-28244,27.9,0.0,2224.0,0,0,0,e3f,d4d,d49,d49,d49,1,1,1,1,1,1,0,0,0,1,1,1,0,1,0,1,1,0,0,1,0,1,0,1,1,0,0,1,0,0,1,0,0,1,0,1,0,1,1,0,0,1,0,0,1,0,0,1,0,1,0,1,1,0,0,1,0,0,1,0,0,1,0,1,0,1,1,0,0
2024,11,5,17:41:53.786,49.78,65,119.3,0.9349,1850.3,466.9,7.923,0.02,0.02,0.02,0.02,-1725.0,363.0,-894.0,-11756.0,16362,-28262,32.2,0.0,2217.0,0,0,0,e3f,d4d,d49,d49,d49,1,1,1,1,1,1,0,0,0,1,1,1,0,1,0,1,1,0,0,1,0,1,0,1,1,0,0,1,0,0,1,0,0,1,0,1,0,1,1,0,0,1,0,0,1,0,0,1,0,1,0,1,1,0,0,1,0,0,1,0,0,1,0,1,0,1,1,0,0
2024,11,5,17:41:53.806,49.80,85,119.3,0.9349,1850.3,466.9,7.923,0.02,0.02,0.02,0.02,-1726.0,362.0,-894.0,-11790.0,16370,-28280,35.4,0.0,2210.0,0,0,0,e3f,d4d,d49,d49,d49,1,1,1,1,1,1,0,0,0,1,1,1,0,1,0,1,1,0,0,1,0,1,0,1,1,0,0,1,0,0,1,0,0,1,0,1,0,1,1,0,0,1,0,0,1,0,0,1,0,1,0,1,1,0,0,1,0,0,1,0,0,1,0,1,0,1,1,0,0
2024,11,5,17:41:53.826,49.82,105,119.3,0.9349,1850.9,467.5,7.922,0.02,0.02,0.02,0.02,-1727.0,362.0,-894.0,-11825.0,16377,-28297,37.9,0.0,2203.0,0,0,0,e3f,d4d,d49,d49,d49,1,1,1,1,1,1,0,0,0,1,1,1,0,1,0,1,1,0,0,1,0,1,0,1,1,0,0,1,0,0,1,0,0,1,0,1,0,1,1,0,0,1,0,0,1,0,0,1,0,1,0,1,1,0,0,1,0,0,1,0,0,1,0,1,0,1,1,0,0
2024,11,5,17:41:53.846,49.84,125,119.3,0.9349,1849.7,466.3,7.923,0.02,0.02,0.02,0.02,-1728.0,362.0,-895.0,-11859.0,16384,-28315,40.3,0.0,2196.0,0,0,0,e3f,d4d,d49,d49,d49,1,1,1,1,1,1,0,0,0,1,1,1,0,1,0,1,1,0,0,1,0,1,0,1,1,0,0,1,0,0,1,0,0,1,0,1,0,1,1,0,0,1,0,0,1,0,0,1,0,1,0,1,1,0,0,1,0,0,1,0,0,1,0,1,0,1,1,0,0
2024,11,5,17:41:53.866,49.86,145,119.3,0.9350,1849.1,465.7,7.923,0.02,0.02,0.02,0.02,-1729.0,362.0,-895.0,-11894.0,16391,-28333,42.3,0.0,2188.0,0,0,0,e3f,d4d,d49,d49,d49,1,1,1,1,1,1,0,0,0,1,1,1,0,1,0,1,1,0,0,1,0,1,0,1,1,0,0,1,0,0,1,0,0,1,0,1,0,1,1,0,0,1,0,0,1,0,0,1,0,1,0,1,1,0,0,1,0,0,1,0,0,1,0,1,0,1,1,0,0
2024,11,5,17:41:53.886,49.88,165,119.3,0.9352,1843.3,459.9,7.923,0.02,0.02,0.02,0.02,-1730.0,361.0,-895.0,-11929.0,16399,-28351,43.9,0.0,2180.0,0,0,0,e3f,d4d,d49,d49,d49,1,1,1,1,1,1,0,0,0,1,1,1,0,1,0,1,1,0,0,1,0,1,0,1,1,0,0,1,0,0,1,0,0,1,0,1,0,1,1,0,0,1,0,0,1,0,0,1,0,1,0,1,1,0,0,1,0,0,1,0,0,1,0,1,0,1,1,0,0
2024,11,5,17:41:53.906,49.90,185,119.3,0.9352,1843.3,459.9,7.924,0.02,0.02,0.02,0.02,-1731.0,361.0,-895.0,-11963.0,16406,-28369,45.0,0.0,2171.0,0,0,0,e3f,d4d,d49,d49,d49,1,1,1,1,1,1,0,0,0,1,1,1,0,1,0,1,1,0,0,1,0,1,0,1,1,0,0,1,0,0,1,0,0,1,0,1,0,1,1,0,0,1,0,0,1,0,0,1,0,1,0,1,1,0,0,1,0,0,1,0,0,1,0,1,0,1,1,0,0
2024,11,5,17:41:53.926,49.92,205,119.3,0.9355,1833.9,450.5,7.922,0.02,0.02,0.02,0.02,-1732.0,360.0,-895.0,-11998.0,16413,-28387,46.0,0.0,2162.0,0,0,0,e3f,d4d,d49,d49,d49,1,1,1,1,1,1,0,0,0,1,1,1,0,1,0,1,1,0,0,1,0,1,0,1,1,0,0,1,0,0,1,0,0,1,0,1,0,1,1,0,0,1,0,0,1,0,0,1,0,1,0,1,1,0,0,1,0,0,1,0,0,1,0,1,0,1,1,0,0
2024,11,5,17:41:53.946,49.94,225,119.2,0.9355,1834.5,451.1,7.923,0.02,0.02,0.02,0.02,-1734.0,360.0,-895.0,-12033.0,16420,-28405,47.1,0.0,2152.0,0,0,0,e3f,d4d,d49,d49,d49,1,1,1,1,1,1,0,0,0,1,1,1,0,1,0,1,1,0,0,1,0,1,0,1,1,0,0,1,0,0,1,0,0,1,0,1,0,1,1,0,0,1,0,0,1,0,0,1,0,1,0,1,1,0,0,1,0,0,1,0,0,1,0,1,0,1,1,0,0
2024,11,5,17:41:53.966,49.96,245,119.2,0.9356,1831.6,448.2,7.924,0.02,0.02,0.02,0.02,-1735.0,360.0,-896.0,-12067.0,16428,-28423,48.4,0.0,2142.0,0,0,0,e3f,d4d,d49,d49,d49,1,1,1,1,1,1,0,0,0,1,1,1,0,1,0,1,1,0,0,1,0,1,0,1,1,0,0,1,0,0,1,0,0,1,0,1,0,1,1,0,0,1,0,0,1,0,0,1,0,1,0,1,1,0,0,1,0,0,1,0,0,1,0,1,0,1,1,0,0
2024,11,5,17:41:53.986,49.98,15,119.2,0.9356,1831.6,448.2,7.923,0.02,0.02,0.02,0.02,-1736.0,360.0,-896.0,-12102.0,16435,-28441,49.9,0.0,2132.0,0,0,0,e3f,d4d,d49,d49,d49,1,1,1,1,1,1,0,0,0,1,1,1,0,1,0,1,1,0,0,1,0,1,0,1,1,0,0,1,0,0,1,0,0,1,0,1,0,1,1,0,0,1,0,0,1,0,0,1,0,1,0,1,1,0,0,1,0,0,1,0,0,1,0,1,0,1,1,0,0
2024,11,5,17:41:54.006,50.00,35,119.2,0.9359,1822.3,438.9,7.922,0.02,0.02,0.02,0.02,-1737.0,360.0,-897.0,-12137.0,16442,-28459,51.6,0.0,2121.0,0,0,0,e3f,d4d,d49,d49,d49,1,1,1,1,1,1,0,0,0,1,1,1,0,1,0,1,1,0,0,1,0,1,0,1,1,0,0,1,0,0,1,0,0,1,0,1,0,1,1,0,0,1,0,0,1,0,0,1,0,1,0,1,1,0,0,1,0,0,1,0,0,1,0,1,0,1,1,0,0
2024,11,5,17:41:54.026,50.02,55,119.2,0.9359,1822.8,439.5,7.922,0.02,0.02,0.02,0.02,-1738.0,360.0,-897.0,-12172.0,16449,-28477,53.5,0.0,2109.0,0,0,0,e3f,d4d,d49,d49,d49,1,1,1,1,1,1,0,0,0,1,1,1,0,1,0,1,1,0,0,1,0,1,0,1,1,0,0,1,0,0,1,0,0,1,0,1,0,1,1,0,0,1,0,0,1,0,0,1,0,1,0,1,1,0,0,1,0,0,1,0,0,1,0,1,0,1,1,0,0
2024,11,5,17:41:54.046,50.04,75,119.2,0.9362,1811.7,428.4,7.921,0.02,0.02,0.02,0.02,-1739.0,360.0,-898.0,-12206.0,16456,-28495,55.5,0.0,2097.0,0,0,0,e3f,d4d,d49,d49,d49,1,1,1,1,1,1,0,0,0,1,1,1,0,1,0,1,1,0,0,1,0,1,0,1,1,0,0,1,0,0,1,0,0,1,0,1,0,1,1,0,0,1,0,0,1,0,0,1,0,1,0,1,1,0,0,1,0,0,1,0,0,1,0,1,0,1,1,0,0
2024,11,5,17:41:54.066,50.06,95,119.3,0.9362,1811.7,428.4,7.923,0.02,0.02,0.02,0.02,-1740.0,360.0,-898.0,-12241.0,16464,-28513,57.3,0.0,2084.0,0,0,0,e3f,d4d,d49,d49,d49,1,1,1,1,1,1,0,0,0,1,1,1,0,1,0,1,1,0,0,1,0,1,0,1,1,0,0,1,0,0,1,0,0,1,0,1,0,1,1,0,0,1,0,0,1,0,0,1,0,1,0,1,1,0,0,1,0,0,1,0,0,1,0,1,0,1,1,0,0
2024,11,5,17:41:54.086,50.08,115,119.3,0.9359,1822.3,438.9,7.924,0.02,0.02,0.02,0.02,-1741.0,360.0,-898.0,-12276.0,16471,-28531,58.7,0.0,2072.0,0,0,0,e3f,d4d,d49,d49,d49,1,1,1,1,1,1,0,0,0,1,1,1,0,1,0,1,1,0,0,1,0,1,0,1,1,0,0,1,0,0,1,0,0,1,0,1,0,1,1,0,0,1,0,0,1,0,0,1,0,1,0,1,1,0,0,1,0,0,1,0,0,1,0,1,0,1,1,0,0
2024,11,5,17:41:54.106,50.10,135,119.2,0.9359,1822.3,438.9,7.923,0.02,0.02,0.02,0.02,-1742.0,361.0,-898.0,-12311.0,16478,-28549,59.6,0.0,2058.0,0,0,0,e3f,d4d,d49,d49,d49,1,1,1,1,1,1,0,0,0,1,1,1,0,1,0,1,1,0,0,1,0,1,0,1,1,0,0,1,0,0,1,0,0,1,0,1,0,1,1,0,0,1,0,0,1,0,0,1,0,1,0,1,1,0,0,1,0,0,1,0,0,1,0,1,0,1,1,0,0
2024,11,5,17:41:54.126,50.12,155,119.2,0.9357,1828.7,445.3,7.923,0.02,0.02,0.02,0.02,-1743.0,362.0,-898.0,-12346.0,16485,-28566,59.5,0.0,2045.0,0,0,0,e3f,d4d,d49,d49,d49,1,1,1,1,1,1,0,0,0,1,1,1,0,1,0,1,1,0,0,1,0,1,0,1,1,0,0,1,0,0,1,0,0,1,0,1,0,1,1,0,0,1,0,0,1,0,0,1,0,1,0,1,1,0,0,1,0,0,1,0,0,1,0,1,0,1,1,0,0
2024,11,5,17:41:54.146,50.14,175,119.2,0.9357,1828.7,445.3,7.923,0.02,0.02,0.02,0.02,-1744.0,362.0,-897.0,-12381.0,16493,-28584,58.8,0.0,2031.0,0,0,0,e3f,d4d,d49,d49,d49,1,1,1,1,1,1,0,0,0,1,1,1,0,1,0,1,1,0,0,1,0,1,0,1,1,0,0,1,0,0,1,0,0,1,0,1,0,1,1,0,0,1,0,0,1,0,0,1,0,1,0,1,1,0,0,1,0,0,1,0,0,1,0,1,0,1,1,0,0
2024,11,5,17:41:54.166,50.16,195,119.2,0.9356,1830.4,447.0,7.923,0.02,0.02,0.02,0.02,-1746.0,362.0,-897.0,-12415.0,16500,-28602,57.5,0.0,2017.0,0,0,0,e3f,d4d,d49,d49,d49,1,1,1,1,1,1,0,0,0,1,1,1,0,1,0,1,1,0,0,1,0,1,0,1,1,0,0,1,0,0,1,0,0,1,0,1,0,1,1,0,0,1,0,0,1,0,0,1,0,1,0,1,1,0,0,1,0,0,1,0,0,1,0,1,0,1,1,0,0
2024,11,5,17:41:54.186,50.18,215,119.2,0.9356,1829.8,446.5,7.922,0.02,0.02,0.02,0.02,-1747.0,362.0,-897.0,-12450.0,16507,-28620,55.8,0.0,2003.0,0,0,0,e3f,d4d,d49,d49,d49,1,1,1,1,1,1,0,0,0,1,1,1,0,1,0,1,1,0,0,1,0,1,0,1,1,0,0,1,0,0,1,0,0,1,0,1,0,1,1,0,0,1,0,0,1,0,0,1,0,1,0,1,1,0,0,1,0,0,1,0,0,1,0,1,0,1,1,0,0
2024,11,5,17:41:54.206,50.20,235,119.2,0.9356,1829.8,446.5,7.922,0.02,0.02,0.02,0.02,-1748.0,362.0,-896.0,-12485.0,16514,-28638,53.6,0.0,1988.0,0,0,0,e3f,d4d,d49,d49,d49,1,1,1,1,1,1,0,0,0,1,1,1,0,1,0,1,1,0,0,1,0,1,0,1,1,0,0,1,0,0,1,0,0,1,0,1,0,1,1,0,0,1,0,0,1,0,0,1,0,1,0,1,1,0,0,1,0,0,1,0,0,1,0,1,0,1,1,0,0
2024,11,5,17:41:54.226,50.22,5,119.2,0.9356,1830.4,447.0,7.923,0.02,0.02,0.02,0.02,-1750.0,362.0,-896.0,-12520.0,16522,-28656,50.9,0.0,1974.0,0,0,0,e3f,d4d,d49,d49,d49,1,1,1,1,1,1,0,0,0,1,1,1,0,1,0,1,1,0,0,1,0,1,0,1,1,0,0,1,0,0,1,0,0,1,0,1,0,1,1,0,0,1,0,0,1,0,0,1,0,1,0,1,1,0,0,1,0,0,1,0,0,1,0,1,0,1,1,0,0
2024,11,5,17:41:54.246,50.24,25,119.2,0.9353,1838.0,454.6,7.923,0.02,0.02,0.02,0.02,-1751.0,362.0,-897.0,-12555.0,16529,-28674,47.9,0.0,1959.0,0,0,0,e3f,d4d,d49,d49,d49,1,1,1,1,1,1,0,0,0,1,1,1,0,1,0,1,1,0,0,1,0,1,0,1,1,0,0,1,0,0,1,0,0,1,0,1,0,1,1,0,0,1,0,0,1,0,0,1,0,1,0,1,1,0,0,1,0,0,1,0,0,1,0,1,0,1,1,0,0
2024,11,5,17:41:54.266,50.26,45,119.3,0.9354,1837.4,454.1,7.922,0.02,0.02,0.02,0.02,-1753.0,362.0,-897.0,-12590.0,16536,-28692,44.6,0.0,1946.0,0,0,0,e3f,d4d,d49,d49,d49,1,1,1,1,1,1,0,0,0,1,1,1,0,1,0,1,1,0,0,1,0,1,0,1,1,0,0,1,0,0,1,0,0,1,0,1,0,1,1,0,0,1,0,0,1,0,0,1,0,1,0,1,1,0,0,1,0,0,1,0,0,1,0,1,0,1,1,0,0
2024,11,5,17:41:54.286,50.28,65,119.3,0.9352,1842.1,458.7,7.922,0.02,0.02,0.02,0.02,-1754.0,361.0,-897.0,-12625.0,16543,-28710,41.1,0.0,1932.0,0,0,0,e3f,d4d,d49,d49,d49,1,1,1,1,1,1,0,0,0,1,1,1,0,1,0,1,1,0,0,1,0,1,0,1,1,0,0,1,0,0,1,0,0,1,0,1,0,1,1,0,0,1,0,0,1,0,0,1,0,1,0,1,1,0,0,1,0,0,1,0,0,1,0,1,0,1,1,0,0
2024,11,5,17:41:54.306,50.30,85,119.2,0.9352,1842.7,459.3,7.924,0.02,0.02,0.02,0.02,-1756.0,361.0,-898.0,-12661.0,16551,-28728,37.6,0.0,1919.0,0,0,0,e3f,d4d,d49,d49,d49,1,1,1,1,1,1,0,0,0,1,1,1,0,1,0,1,1,0,0,1,0,1,0,1,1,0,0,1,0,0,1,0,0,1,0,1,0,1,1,0,0,1,0,0,1,0,0,1,0,1,0,1,1,0,0,1,0,0,1,0,0,1,0,1,0,1,1,0,0
2024,11,5,17:41:54.326,50.32,105,119.2,0.9355,1832.2,448.8,7.925,0.02,0.02,0.02,0.02,-1757.0,361.0,-898.0,-12696.0,16558,-28746,34.3,0.0,1907.0,0,0,0,e3f,d4d,d49,d49,d49,1,1,1,1,1,1,0,0,0,1,1,1,0,1,0,1,1,0,0,1,0,1,0,1,1,0,0,1,0,0,1,0,0,1,0,1,0,1,1,0,0,1,0,0,1,0,0,1,0,1,0,1,1,0,0,1,0,0,1,0,0,1,0,1,0,1,1,0,0
2024,11,5,17:41:54.346,50.34,125,119.2,0.9356,1831.6,448.2,7.923,0.02,0.02,0.02,0.02,-1758.0,361.0,-898.0,-12731.0,16565,-28764,31.3,0.0,1895.0,0,0,0,e3f,d4d,d49,d49,d49,1,1,1,1,1,1,0,0,0,1,1,1,0,1,0,1,1,0,0,1,0,1,0,1,1,0,0,1,0,0,1,0,0,1,0,1,0,1,1,0,0,1,0,0,1,0,0,1,0,1,0,1,1,0,0,1,0,0,1,0,0,1,0,1,0,1,1,0,0
2024,11,5,17:41:54.366,50.36,145,119.2,0.9364,1807.7,424.3,7.922,0.02,0.02,0.02,0.02,-1760.0,361.0,-899.0,-12766.0,16572,-28782,28.8,0.0,1884.0,0,0,0,e3f,d4d,d49,d49,d49,1,1,1,1,1,1,0,0,0,1,1,1,0,1,0,1,1,0,0,1,0,1,0,1,1,0,0,1,0,0,1,0,0,1,0,1,0,1,1,0,0,1,0,0,1,0,0,1,0,1,0,1,1,0,0,1,0,0,1,0,0,1,0,1,0,1,1,0,0
2024,11,5,17:41:54.386,50.38,165,119.2,0.9364,1807.7,424.3,7.922,0.02,0.02,0.02,0.02,-1761.0,361.0,-899.0,-12801.0,16579,-28800,27.0,0.0,1874.0,0,0,0,e3f,d4d,d49,d49,d49,1,1,1,1,1,1,0,0,0,1,1,1,0,1,0,1,1,0,0,1,0,1,0,1,1,0,0,1,0,0,1,0,0,1,0,1,0,1,1,0,0,1,0,0,1,0,0,1,0,1,0,1,1,0,0,1,0,0,1,0,0,1,0,1,0,1,1,0,0
2024,11,5,17:41:54.406,50.40,185,119.2,0.9365,1803.0,419.6,7.923,0.02,0.02,0.02,0.02,-1763.0,360.0,-899.0,-12837.0,16587,-28818,26.6,0.0,1864.0,0,0,0,e3f,d4d,d49,d49,d49,1,1,1,1,1,1,0,0,0,1,1,1,0,1,0,1,1,0,0,1,0,1,0,1,1,0,0,1,0,0,1,0,0,1,0,1,0,1,1,0,0,1,0,0,1,0,0,1,0,1,0,1,1,0,0,1,0,0,1,0,0,1,0,1,0,1,1,0,0
2024,11,5,17:41:54.426,50.42,205,119.2,0.9365,1803.0,419.6,7.922,0.02,0.02,0.02,0.02,-1764.0,361.0,-899.0,-12872.0,16594,-28836,27.9,0.0,1854.0,0,0,0,e3f,d4d,d49,d49,d49,1,1,1,1,1,1,0,0,0,1,1,1,0,1,0,1,1,0,0,1,0,1,0,1,1,0,0,1,0,0,1,0,0,1,0,1,0,1,1,0,0,1,0,0,1,0,0,1,0,1,0,1,1,0,0,1,0,0,1,0,0,1,0,1,0,1,1,0,0
2024,11,5,17:41:54.446,50.44,225,119.2,0.9373,1780.2,396.8,7.923,0.02,0.02,0.02,0.02,-1766.0,361.0,-899.0,-12907.0,16601,-28854,30.9,0.0,1845.0,0,0,0,e3f,d4d,d49,d49,d49,1,1,1,1,1,1,0,0,0,1,1,1,0,1,0,1,1,0,0,1,0,1,0,1,1,0,0,1,0,0,1,0,0,1,0,1,0,1,1,0,0,1,0,0,1,0,0,1,0,1,0,1,1,0,0,1,0,0,1,0,0,1,0,1,0,1,1,0,0
2024,11,5,17:41:54.466,50.46,245,119.2,0.9373,1780.2,396.8,7.923,0.02,0.02,0.02,0.02,-1768.0,361.0,-899.0,-12943.0,16608,-28872,35.5,0.0,1837.0,0,0,0,e3f,d4d,d49,d49,d49,1,1,1,1,1,1,0,0,0,1,1,1,0,1,0,1,1,0,0,1,0,1,0,1,1,0,0,1,0,0,1,0,0,1,0,1,0,1,1,0,0,1,0,0,1,0,0,1,0,1,0,1,1,0,0,1,0,0,1,0,0,1,0,1,0,1,1,0,0
2024,11,5,17:41:54.486,50.48,15,119.2,0.9381,1756.3,372.9,7.923,0.02,0.02,0.02,0.02,-1769.0,361.0,-900.0,-12978.0,16616,-28890,41.2,0.0,1830.0,0,0,0,e3f,d4d,d49,d49,d49,1,1,1,1,1,1,0,0,0,1,1,1,0,1,0,1,1,0,0,1,0,1,0,1,1,0,0,1,0,0,1,0,0,1,0,1,0,1,1,0,0,1,0,0,1,0,0,1,0,1,0,1,1,0,0,1,0,0,1,0,0,1,0,1,0,1,1,0,0
2024,11,5,17:41:54.506,50.50,35,119.2,0.9381,1756.3,372.9,7.924,0.02,0.02,0.02,0.02,-1771.0,361.0,-900.0,-13013.0,16623,-28908,47.7,0.0,1823.0,0,0,0,e3f,d4d,d49,d49,d49,1,1,1,1,1,1,0,0,0,1,1,1,0,1,0,1,1,0,0,1,0,1,0,1,1,0,0,1,0,0,1,0,0,1,0,1,0,1,1,0,0,1,0,0,1,0,0,1,0,1,0,1,1,0,0,1,0,0,1,0,0,1,0,1,0,1,1,0,0
2024,11,5,17:41:54.526,50.52,55,119.2,0.9380,1761.0,377.6,7.924,0.02,0.02,0.02,0.02,-1773.0,361.0,-900.0,-13049.0,16630,-28926,54.7,0.0,1817.0,0,0,0,e3f,d4d,d49,d49,d49,1,1,1,1,1,1,0,0,0,1,1,1,0,1,0,1,1,0,0,1,0,1,0,1,1,0,0,1,0,0,1,0,0,1,0,1,0,1,1,0,0,1,0,0,1,0,0,1,0,1,0,1,1,0,0,1,0,0,1,0,0,1,0,1,0,1,1,0,0
2024,11,5,17:41:54.546,50.54,75,119.2,0.9380,1761.0,377.6,7.923,0.02,0.02,0.02,0.02,-1775.0,361.0,-900.0,-13084.0,16637,-28944,62.2,0.0,1812.0,0,0,0,e3f,d4d,d49,d49,d49,1,1,1,1,1,1,0,0,0,1,1,1,0,1,0,1,1,0,0,1,0,1,0,1,1,0,0,1,0,0,1,0,0,1,0,1,0,1,1,0,0,1,0,0,1,0,0,1,0,1,0,1,1,0,0,1,0,0,1,0,0,1,0,1,0,1,1,0,0
2024,11,5,17:41:54.566,50.56,95,119.2,0.9372,1783.7,400.3,7.923,0.02,0.02,0.02,0.02,-1777.0,360.0,-901.0,-13120.0,16645,-28962,69.7,0.0,1808.0,0,0,0,e3f,d4d,d49,d49,d49,1,1,1,1,1,1,0,0,0,1,1,1,0,1,0,1,1,0,0,1,0,1,0,1,1,0,0,1,0,0,1,0,0,1,0,1,0,1,1,0,0,1,0,0,1,0,0,1,0,1,0,1,1,0,0,1,0,0,1,0,0,1,0,1,0,1,1,0,0
2024,11,5,17:41:54.586,50.58,115,119.2,0.9372,1783.7,400.3,7.924,0.02,0.02,0.02,0.02,-1778.0,360.0,-901.0,-13155.0,16652,-28980,77.2,0.0,1804.0,0,0,0,e3f,d4d,d49,d49,d49,1,1,1,1,1,1,0,0,0,1,1,1,0,1,0,1,1,0,0,1,0,1,0,1,1,0,0,1,0,0,1,0,0,1,0,1,0,1,1,0,0,1,0,0,1,0,0,1,0,1,0,1,1,0,0,1,0,0,1,0,0,1,0,1,0,1,1,0,0
2024,11,5,17:41:54.606,50.60,135,119.2,0.9369,1793.1,409.7,7.923,0.02,0.02,0.02,0.02,-1780.0,360.0,-901.0,-13191.0,16659,-28998,84.4,0.0,1801.0,0,0,0,e3f,d4d,d49,d49,d49,1,1,1,1,1,1,0,0,0,1,1,1,0,1,0,1,1,0,0,1,0,1,0,1,1,0,0,1,0,0,1,0,0,1,0,1,0,1,1,0,0,1,0,0,1,0,0,1,0,1,0,1,1,0,0,1,0,0,1,0,0,1,0,1,0,1,1,0,0
2024,11,5,17:41:54.626,50.62,155,119.2,0.9369,1793.1,409.7,7.923,0.02,0.02,0.02,0.02,-1781.0,360.0,-902.0,-13227.0,16666,-29016,90.9,0.0,1798.0,0,0,0,e3f,d4d,d49,d49,d49,1,1,1,1,1,1,0,0,0,1,1,1,0,1,0,1,1,0,0,1,0,1,0,1,1,0,0,1,0,0,1,0,0,1,0,1,0,1,1,0,0,1,0,0,1,0,0,1,0,1,0,1,1,0,0,1,0,0,1,0,0,1,0,1,0,1,1,0,0
2024,11,5,17:41:54.646,50.64,175,119.2,0.9369,1793.1,409.7,7.925,0.02,0.02,0.02,0.02,-1782.0,359.0,-902.0,-13262.0,16673,-29034,96.9,0.0,1795.0,0,0,0,e3f,d49,d49,d49,d49,1,1,1,1,1,1,0,0,0,1,1,1,0,1,0,0,1,0,0,1,0,1,0,1,1,0,0,1,0,0,1,0,0,1,0,1,0,1,1,0,0,1,0,0,1,0,0,1,0,1,0,1,1,0,0,1,0,0,1,0,0,1,0,1,0,1,1,0,0
2024,11,5,17:41:54.666,50.66,195,119.2,0.9369,1793.1,409.7,7.924,0.02,0.02,0.02,0.02,-1784.0,359.0,-902.0,-13298.0,16681,-29052,102.3,0.0,1792.0,0,0,0,e3f,d49,d49,d49,d49,1,1,1,1,1,1,0,0,0,1,1,1,0,1,0,0,1,0,0,1,0,1,0,1,1,0,0,1,0,0,1,0,0,1,0,1,0,1,1,0,0,1,0,0,1,0,0,1,0,1,0,1,1,0,0,1,0,0,1,0,0,1,0,1,0,1,1,0,0
2024,11,5,17:41:54.686,50.68,215,119.2,0.9369,1791.3,407.9,7.922,0.02,0.02,0.02,0.02,-1785.0,359.0,-903.0,-13334.0,16688,-29070,106.9,0.0,1790.0,0,0,0,e3f,d49,d49,d49,d49,1,1,1,1,1,1,0,0,0,1,1,1,0,1,0,0,1,0,0,1,0,1,0,1,1,0,0,1,0,0,1,0,0,1,0,1,0,1,1,0,0,1,0,0,1,0,0,1,0,1,0,1,1,0,0,1,0,0,1,0,0,1,0,1,0,1,1,0,0
2024,11,5,17:41:54.706,50.70,235,119.2,0.9369,1791.3,407.9,7.923,0.02,0.02,0.02,0.02,-1786.0,358.0,-903.0,-13369.0,16695,-29088,110.7,0.0,1788.0,0,0,0,e3f,d49,d49,d49,d49,1,1,1,1,1,1,0,0,0,1,1,1,0,1,0,0,1,0,0,1,0,1,0,1,1,0,0,1,0,0,1,0,0,1,0,1,0,1,1,0,0,1,0,0,1,0,0,1,0,1,0,1,1,0,0,1,0,0,1,0,0,1,0,1,0,1,1,0,0
2024,11,5,17:41:54.726,50.72,5,119.2,0.9373,1779.7,396.3,7.923,0.02,0.02,0.02,0.02,-1787.0,358.0,-903.0,-13405.0,16702,-29106,113.6,0.0,1786.0,0,0,0,e3f,d49,d49,d49,d49,1,1,1,1,1,1,0,0,0,1,1,1,0,1,0,0,1,0,0,1,0,1,0,1,1,0,0,1,0,0,1,0,0,1,0,1,0,1,1,0,0,1,0,0,1,0,0,1,0,1,0,1,1,0,0,1,0,0,1,0,0,1,0,1,0,1,1,0,0
2024,11,5,17:41:54.746,50.74,25,119.2,0.9373,1779.7,396.3,7.924,0.02,0.02,0.02,0.02,-1788.0,358.0,-903.0,-13441.0,16709,-29124,115.5,0.0,1784.0,0,0,0,e3f,d49,d49,d49,d49,1,1,1,1,1,1,0,0,0,1,1,1,0,1,0,0,1,0,0,1,0,1,0,1,1,0,0,1,0,0,1,0,0,1,0,1,0,1,1,0,0,1,0,0,1,0,0,1,0,1,0,1,1,0,0,1,0,0,1,0,0,1,0,1,0,1,1,0,0
2024,11,5,17:41:54.766,50.76,45,119.2,0.9376,1772.1,388.7,7.924,0.02,0.02,0.02,0.02,-1789.0,358.0,-903.0,-13477.0,16716,-29142,116.4,0.0,1782.0,0,0,0,e3f,d49,d49,d49,d49,1,1,1,1,1,1,0,0,0,1,1,1,0,1,0,0,1,0,0,1,0,1,0,1,1,0,0,1,0,0,1,0,0,1,0,1,0,1,1,0,0,1,0,0,1,0,0,1,0,1,0,1,1,0,0,1,0,0,1,0,0,1,0,1,0,1,1,0,0
2024,11,5,17:41:54.786,50.78,65,119.2,0.9376,1772.1,388.7,7.922,0.02,0.02,0.02,0.02,-1790.0,357.0,-903.0,-13512.0,16724,-29161,116.3,0.0,1781.0,0,0,0,e3f,d49,d49,d49,d49,1,1,1,1,1,1,0,0,0,1,1,1,0,1,0,0,1,0,0,1,0,1,0,1,1,0,0,1,0,0,1,0,0,1,0,1,0,1,1,0,0,1,0,0,1,0,0,1,0,1,0,1,1,0,0,1,0,0,1,0,0,1,0,1,0,1,1,0,0
2024,11,5,17:41:54.806,50.80,85,119.2,0.9384,1749.3,366.0,7.923,0.02,0.02,0.02,0.02,-1792.0,357.0,-903.0,-13548.0,16731,-29179,115.2,0.0,1780.0,0,0,0,e3f,d49,d49,d49,d49,1,1,1,1,1,1,0,0,0,1,1,1,0,1,0,0,1,0,0,1,0,1,0,1,1,0,0,1,0,0,1,0,0,1,0,1,0,1,1,0,0,1,0,0,1,0,0,1,0,1,0,1,1,0,0,1,0,0,1,0,0,1,0,1,0,1,1,0,0
2024,11,5,17:41:54.826,50.82,105,119.2,0.9384,1749.3,366.0,7.923,0.02,0.02,0.02,0.02,-1793.0,357.0,-904.0,-13584.0,16738,-29197,113.3,0.0,1779.0,0,0,0,e3f,d49,d49,d49,d49,1,1,1,1,1,1,0,0,0,1,1,1,0,1,0,0,1,0,0,1,0,1,0,1,1,0,0,1,0,0,1,0,0,1,0,1,0,1,1,0,0,1,0,0,1,0,0,1,0,1,0,1,1,0,0,1,0,0,1,0,0,1,0,1,0,1,1,0,0
2024,11,5,17:41:54.846,50.84,125,119.2,0.9383,1751.1,367.7,7.924,0.02,0.02,0.02,0.02,-1794.0,357.0,-904.0,-13620.0,16745,-29215,110.5,0.0,1779.0,0,0,0,e3f,d49,d49,d49,d49,1,1,1,1,1,1,0,0,0,1,1,1,0,1,0,0,1,0,0,1,0,1,0,1,1,0,0,1,0,0,1,0,0,1,0,1,0,1,1,0,0,1,0,0,1,0,0,1,0,1,0,1,1,0,0,1,0,0,1,0,0,1,0,1,0,1,1,0,0
2024,11,5,17:41:54.866,50.86,145,119.2,0.9383,1751.1,367.7,7.924,0.02,0.02,0.02,0.02,-1795.0,357.0,-904.0,-13656.0,16752,-29233,106.9,0.0,1779.0,0,0,0,e3f,d49,d49,d49,d49,1,1,1,1,1,1,0,0,0,1,1,1,0,1,0,0,1,0,0,1,0,1,0,1,1,0,0,1,0,0,1,0,0,1,0,1,0,1,1,0,0,1,0,0,1,0,0,1,0,1,0,1,1,0,0,1,0,0,1,0,0,1,0,1,0,1,1,0,0
2024,11,5,17:41:54.886,50.88,165,119.2,0.9389,1734.2,350.8,7.924,0.02,0.02,0.02,0.02,-1797.0,357.0,-904.0,-13692.0,16759,-29251,102.7,0.0,1779.0,0,0,0,e3f,d49,d49,d49,d49,1,1,1,1,1,1,0,0,0,1,1,1,0,1,0,0,1,0,0,1,0,1,0,1,1,0,0,1,0,0,1,0,0,1,0,1,0,1,1,0,0,1,0,0,1,0,0,1,0,1,0,1,1,0,0,1,0,0,1,0,0,1,0,1,0,1,1,0,0
2024,11,5,17:41:54.906,50.90,185,119.2,0.9389,1734.8,351.4,7.924,0.02,0.02,0.02,0.02,-1798.0,357.0,-905.0,-13728.0,16766,-29269,97.9,0.0,1780.0,0,0,0,e3f,d49,d49,d49,d49,1,1,1,1,1,1,0,0,0,1,1,1,0,1,0,0,1,0,0,1,0,1,0,1,1,0,0,1,0,0,1,0,0,1,0,1,0,1,1,0,0,1,0,0,1,0,0,1,0,1,0,1,1,0,0,1,0,0,1,0,0,1,0,1,0,1,1,0,0
2024,11,5,17:41:54.926,50.92,205,119.2,0.9383,1751.1,367.7,7.924,0.02,0.02,0.02,0.02,-1799.0,357.0,-905.0,-13764.0,16774,-29287,92.6,0.0,1780.0,0,0,0,e3f,d49,d49,d49,d49,1,1,1,1,1,1,0,0,0,1,1,1,0,1,0,0,1,0,0,1,0,1,0,1,1,0,0,1,0,0,1,0,0,1,0,1,0,1,1,0,0,1,0,0,1,0,0,1,0,1,0,1,1,0,0,1,0,0,1,0,0,1,0,1,0,1,1,0,0
2024,11,5,17:41:54.946,50.94,225,119.2,0.9383,1751.1,367.7,7.924,0.02,0.02,0.02,0.02,-1801.0,357.0,-905.0,-13800.0,16781,-29305,87.1,0.0,1781.0,0,0,0,ebf,d49,d49,d49,d49,1,1,1,1,1,1,0,1,0,1,1,1,0,1,0,0,1,0,0,1,0,1,0,1,1,0,0,1,0,0,1,0,0,1,0,1,0,1,1,0,0,1,0,0,1,0,0,1,0,1,0,1,1,0,0,1,0,0,1,0,0,1,0,1,0,1,1,0,0
2024,11,5,17:41:54.966,50.96,245,119.2,0.9383,1752.8,369.4,7.924,0.02,0.02,0.02,0.02,-1802.0,357.0,-906.0,-13836.0,16788,-29323,81.3,0.0,1780.0,0,0,0,ebf,d4d,d49,d49,d49,1,1,1,1,1,1,0,1,0,1,1,1,0,1,0,1,1,0,0,1,0,1,0,1,1,0,0,1,0,0,1,0,0,1,0,1,0,1,1,0,0,1,0,0,1,0,0,1,0,1,0,1,1,0,0,1,0,0,1,0,0,1,0,1,0,1,1,0,0
2024,11,5,17:41:54.986,50.98,15,119.2,0.9383,1752.8,369.4,7.924,0.02,0.02,0.02,0.02,-1804.0,357.0,-906.0,-13872.0,16795,-29342,75.5,0.0,1780.0,0,0,0,ebf,d4d,d49,d49,d49,1,1,1,1,1,1,0,1,0,1,1,1,0,1,0,1,1,0,0,1,0,1,0,1,1,0,0,1,0,0,1,0,0,1,0,1,0,1,1,0,0,1,0,0,1,0,0,1,0,1,0,1,1,0,0,1,0,0,1,0,0,1,0,1,0,1,1,0,0
2024,11,5,17:41:55.006,51.00,35,119.2,0.9381,1756.3,372.9,7.925,0.02,0.02,0.02,0.02,-1805.0,357.0,-906.0,-13908.0,16802,-29360,69.8,0.0,1778.0,0,0,0,ebf,d4d,d49,d49,d49,1,1,1,1,1,1,0,1,0,1,1,1,0,1,0,1,1,0,0,1,0,1,0,1,1,0,0,1,0,0,1,0,0,1,0,1,0,1,1,0,0,1,0,0,1,0,0,1,0,1,0,1,1,0,0,1,0,0,1,0,0,1,0,1,0,1,1,0,0
2024,11,5,17:41:55.026,51.02,55,119.2,0.9382,1755.8,372.4,7.924,0.02,0.02,0.02,0.02,-1807.0,357.0,-907.0,-13944.0,16809,-29378,64.4,0.0,1776.0,0,0,0,ebf,d4d,d49,d49,d49,1,1,1,1,1,1,0,1,0,1,1,1,0,1,0,1,1,0,0,1,0,1,0,1,1,0,0,1,0,0,1,0,0,1,0,1,0,1,1,0,0,1,0,0,1,0,0,1,0,1,0,1,1,0,0,1,0,0,1,0,0,1,0,1,0,1,1,0,0
2024,11,5,17:41:55.046,51.04,75,119.2,0.9389,1734.8,351.4,7.924,0.02,0.02,0.02,0.02,-1809.0,357.0,-907.0,-13980.0,16816,-29396,59.5,0.0,1774.0,0,0,0,ebf,d4d,d49,d49,d49,1,1,1,1,1,1,0,1,0,1,1,1,0,1,0,1,1,0,0,1,0,1,0,1,1,0,0,1,0,0,1,0,0,1,0,1,0,1,1,0,0,1,0,0,1,0,0,1,0,1,0,1,1,0,0,1,0,0,1,0,0,1,0,1,0,1,1,0,0
2024,11,5,17:41:55.066,51.06,95,119.2,0.9389,1734.8,351.4,7.924,0.02,0.02,0.02,0.02,-1810.0,357.0,-907.0,-14016.0,16824,-29414,55.2,0.0,1771.0,0,0,0,ebf,d4d,d49,d49,d49,1,1,1,1,1,1,0,1,0,1,1,1,0,1,0,1,1,0,0,1,0,1,0,1,1,0,0,1,0,0,1,0,0,1,0,1,0,1,1,0,0,1,0,0,1,0,0,1,0,1,0,1,1,0,0,1,0,0,1,0,0,1,0,1,0,1,1,0,0
2024,11,5,17:41:55.086,51.08,115,119.2,0.9389,1734.8,351.4,7.924,0.02,0.02,0.02,0.02,-1812.0,357.0,-907.0,-14053.0,16831,-29432,51.5,0.0,1768.0,0,0,0,ebf,d4d,d49,d49,d49,1,1,1,1,1,1,0,1,0,1,1,1,0,1,0,1,1,0,0,1,0,1,0,1,1,0,0,1,0,0,1,0,0,1,0,1,0,1,1,0,0,1,0,0,1,0,0,1,0,1,0,1,1,0,0,1,0,0,1,0,0,1,0,1,0,1,1,0,0
2024,11,5,17:41:55.106,51.10,135,119.2,0.9389,1734.8,351.4,7.924,0.02,0.02,0.02,0.02,-1814.0,357.0,-907.0,-14089.0,16838,-29450,48.4,0.0,1765.0,0,0,0,ebf,d4d,d49,d49,d49,1,1,1,1,1,1,0,1,0,1,1,1,0,1,0,1,1,0,0,1,0,1,0,1,1,0,0,1,0,0,1,0,0,1,0,1,0,1,1,0,0,1,0,0,1,0,0,1,0,1,0,1,1,0,0,1,0,0,1,0,0,1,0,1,0,1,1,0,0
2024,11,5,17:41:55.126,51.12,155,119.2,0.9396,1713.8,330.4,7.923,0.02,0.02,0.02,0.02,-1815.0,357.0,-907.0,-14125.0,16845,-29469,46.0,0.0,1761.0,0,0,0,ebf,d4d,d49,d49,d49,1,1,1,1,1,1,0,1,0,1,1,1,0,1,0,1,1,0,0,1,0,1,0,1,1,0,0,1,0,0,1,0,0,1,0,1,0,1,1,0,0,1,0,0,1,0,0,1,0,1,0,1,1,0,0,1,0,0,1,0,0,1,0,1,0,1,1,0,0
2024,11,5,17:41:55.146,51.14,175,119.2,0.9396,1713.8,330.4,7.924,0.02,0.02,0.02,0.02,-1817.0,357.0,-907.0,-14162.0,16852,-29487,44.4,0.0,1757.0,0,0,0,ebf,d4d,d49,d49,d49,1,1,1,1,1,1,0,1,0,1,1,1,0,1,0,1,1,0,0,1,0,1,0,1,1,0,0,1,0,0,1,0,0,1,0,1,0,1,1,0,0,1,0,0,1,0,0,1,0,1,0,1,1,0,0,1,0,0,1,0,0,1,0,1,0,1,1,0,0
2024,11,5,17:41:55.166,51.16,195,119.2,0.9395,1715.6,332.2,7.925,0.02,0.02,0.02,0.02,-1818.0,356.0,-907.0,-14198.0,16859,-29505,43.6,0.0,1754.0,0,0,0,ebf,d4d,d49,d49,d49,1,1,1,1,1,1,0,1,0,1,1,1,0,1,0,1,1,0,0,1,0,1,0,1,1,0,0,1,0,0,1,0,0,1,0,1,0,1,1,0,0,1,0,0,1,0,0,1,0,1,0,1,1,0,0,1,0,0,1,0,0,1,0,1,0,1,1,0,0
2024,11,5,17:41:55.186,51.18,215,119.2,0.9396,1715.0,331.6,7.923,0.02,0.02,0.02,0.02,-1819.0,356.0,-907.0,-14234.0,16867,-29523,43.5,0.0,1750.0,0,0,0,ebf,d4d,d49,d49,d49,1,1,1,1,1,1,0,1,0,1,1,1,0,1,0,1,1,0,0,1,0,1,0,1,1,0,0,1,0,0,1,0,0,1,0,1,0,1,1,0,0,1,0,0,1,0,0,1,0,1,0,1,1,0,0,1,0,0,1,0,0,1,0,1,0,1,1,0,0
2024,11,5,17:41:55.206,51.20,235,119.2,0.9398,1707.4,324.0,7.924,0.02,0.02,0.02,0.02,-1821.0,356.0,-907.0,-14271.0,16874,-29541,44.2,0.0,1746.0,0,0,0,ebf,d4d,d49,d49,d49,1,1,1,1,1,1,0,1,0,1,1,1,0,1,0,1,1,0,0,1,0,1,0,1,1,0,0,1,0,0,1,0,0,1,0,1,0,1,1,0,0,1,0,0,1,0,0,1,0,1,0,1,1,0,0,1,0,0,1,0,0,1,0,1,0,1,1,0,0
2024,11,5,17:41:55.226,51.22,5,119.2,0.9398,1708.0,324.6,7.924,0.02,0.02,0.02,0.02,-1822.0,356.0,-907.0,-14307.0,16881,-29559,45.5,0.0,1743.0,0,0,0,ebf,d4d,d49,d49,d49,1,1,1,1,1,1,0,1,0,1,1,1,0,1,0,1,1,0,0,1,0,1,0,1,1,0,0,1,0,0,1,0,0,1,0,1,0,1,1,0,0,1,0,0,1,0,0,1,0,1,0,1,1,0,0,1,0,0,1,0,0,1,0,1,0,1,1,0,0
2024,11,5,17:41:55.246,51.24,25,119.2,0.9402,1695.8,312.4,7.922,0.02,0.02,0.02,0.02,-1824.0,356.0,-908.0,-14344.0,16888,-29578,47.6,0.0,1739.0,0,0,0,ebf,d4d,d49,d49,d49,1,1,1,1,1,1,0,1,0,1,1,1,0,1,0,1,1,0,0,1,0,1,0,1,1,0,0,1,0,0,1,0,0,1,0,1,0,1,1,0,0,1,0,0,1,0,0,1,0,1,0,1,1,0,0,1,0,0,1,0,0,1,0,1,0,1,1,0,0
2024,11,5,17:41:55.266,51.26,45,119.2,0.9402,1696.4,313.0,7.923,0.02,0.02,0.02,0.02,-1825.0,355.0,-908.0,-14380.0,16895,-29596,50.2,0.0,1736.0,0,0,0,ebf,d4d,d49,d49,d49,1,1,1,1,1,1,0,1,0,1,1,1,0,1,0,1,1,0,0,1,0,1,0,1,1,0,0,1,0,0,1,0,0,1,0,1,0,1,1,0,0,1,0,0,1,0,0,1,0,1,0,1,1,0,0,1,0,0,1,0,0,1,0,1,0,1,1,0,0
2024,11,5,17:41:55.286,51.28,65,119.2,0.9401,1699.3,315.9,7.922,0.02,0.02,0.02,0.02,-1827.0,355.0,-908.0,-14417.0,16902,-29614,53.4,0.0,1734.0,0,0,0,ebf,d4d,d49,d49,d49,1,1,1,1,1,1,0,1,0,1,1,1,0,1,0,1,1,0,0,1,0,1,0,1,1,0,0,1,0,0,1,0,0,1,0,1,0,1,1,0,0,1,0,0,1,0,0,1,0,1,0,1,1,0,0,1,0,0,1,0,0,1,0,1,0,1,1,0,0
2024,11,5,17:41:55.306,51.30,85,119.2,0.9401,1698.7,315.3,7.924,0.02,0.02,0.02,0.02,-1828.0,355.0,-908.0,-14453.0,16909,-29632,56.9,0.0,1732.0,0,0,0,ebf,d4d,d49,d49,d49,1,1,1,1,1,1,0,1,0,1,1,1,0,1,0,1,1,0,0,1,0,1,0,1,1,0,0,1,0,0,1,0,0,1,0,1,0,1,1,0,0,1,0,0,1,0,0,1,0,1,0,1,1,0,0,1,0,0,1,0,0,1,0,1,0,1,1,0,0
2024,11,5,17:41:55.326,51.32,105,119.2,0.9399,1706.2,322.9,7.925,0.02,0.02,0.02,0.02,-1829.0,355.0,-908.0,-14490.0,16916,-29650,60.6,0.0,1730.0,0,0,0,ebf,d4d,d49,d49,d49,1,1,1,1,1,1,0,1,0,1,1,1,0,1,0,1,1,0,0,1,0,1,0,1,1,0,0,1,0,0,1,0,0,1,0,1,0,1,1,0,0,1,0,0,1,0,0,1,0,1,0,1,1,0,0,1,0,0,1,0,0,1,0,1,0,1,1,0,0
2024,11,5,17:41:55.346,51.34,125,119.2,0.9399,1706.2,322.9,7.924,0.02,0.02,0.02,0.02,-1831.0,355.0,-908.0,-14526.0,16923,-29668,64.4,0.0,1729.0,0,0,0,ebf,d4d,d49,d49,d49,1,1,1,1,1,1,0,1,0,1,1,1,0,1,0,1,1,0,0,1,0,1,0,1,1,0,0,1,0,0,1,0,0,1,0,1,0,1,1,0,0,1,0,0,1,0,0,1,0,1,0,1,1,0,0,1,0,0,1,0,0,1,0,1,0,1,1,0,0
2024,11,5,17:41:55.366,51.36,145,119.2,0.9397,1710.3,326.9,7.925,0.02,0.02,0.02,0.02,-1832.0,355.0,-908.0,-14563.0,16931,-29687,68.1,0.0,1728.0,0,0,0,ebf,d4d,d49,d49,d49,1,1,1,1,1,1,0,1,0,1,1,1,0,1,0,1,1,0,0,1,0,1,0,1,1,0,0,1,0,0,1,0,0,1,0,1,0,1,1,0,0,1,0,0,1,0,0,1,0,1,0,1,1,0,0,1,0,0,1,0,0,1,0,1,0,1,1,0,0
2024,11,5,17:41:55.386,51.38,165,119.2,0.9397,1710.9,327.5,7.925,0.02,0.02,0.02,0.02,-1834.0,355.0,-909.0,-14600.0,16938,-29705,71.7,0.0,1727.0,0,0,0,ebf,d4d,d49,d49,d49,1,1,1,1,1,1,0,1,0,1,1,1,0,1,0,1,1,0,0,1,0,1,0,1,1,0,0,1,0,0,1,0,0,1,0,1,0,1,1,0,0,1,0,0,1,0,0,1,0,1,0,1,1,0,0,1,0,0,1,0,0,1,0,1,0,1,1,0,0
2024,11,5,17:41:55.406,51.40,185,119.2,0.9394,1718.5,335.1,7.925,0.02,0.02,0.02,0.02,-1835.0,355.0,-909.0,-14636.0,16945,-29723,75.1,0.0,1727.0,0,0,0,ebf,d4d,d49,d49,d49,1,1,1,1,1,1,0,1,0,1,1,1,0,1,0,1,1,0,0,1,0,1,0,1,1,0,0,1,0,0,1,0,0,1,0,1,0,1,1,0,0,1,0,0,1,0,0,1,0,1,0,1,1,0,0,1,0,0,1,0,0,1,0,1,0,1,1,0,0
2024,11,5,17:41:55.426,51.42,205,119.2,0.9394,1718.5,335.1,7.925,0.02,0.02,0.02,0.02,-1836.0,354.0,-909.0,-14673.0,16952,-29741,78.2,0.0,1727.0,0,0,0,ebf,d4d,d49,d49,d49,1,1,1,1,1,1,0,1,0,1,1,1,0,1,0,1,1,0,0,1,0,1,0,1,1,0,0,1,0,0,1,0,0,1,0,1,0,1,1,0,0,1,0,0,1,0,0,1,0,1,0,1,1,0,0,1,0,0,1,0,0,1,0,1,0,1,1,0,0
2024,11,5,17:41:55.446,51.44,225,119.2,0.9389,1733.6,350.2,7.925,0.02,0.02,0.02,0.02,-1837.0,354.0,-909.0,-14710.0,16959,-29759,81.0,0.0,1727.0,0,0,0,ebf,d4d,d49,d49,d49,1,1,1,1,1,1,0,1,0,1,1,1,0,1,0,1,1,0,0,1,0,1,0,1,1,0,0,1,0,0,1,0,0,1,0,1,0,1,1,0,0,1,0,0,1,0,0,1,0,1,0,1,1,0,0,1,0,0,1,0,0,1,0,1,0,1,1,0,0
2024,11,5,17:41:55.466,51.46,245,119.2,0.9389,1733.0,349.6,7.925,0.02,0.02,0.02,0.02,-1839.0,354.0,-910.0,-14747.0,16966,-29777,83.4,0.0,1727.0,0,0,0,ebf,d4d,d49,d49,d49,1,1,1,1,1,1,0,1,0,1,1,1,0,1,0,1,1,0,0,1,0,1,0,1,1,0,0,1,0,0,1,0,0,1,0,1,0,1,1,0,0,1,0,0,1,0,0,1,0,1,0,1,1,0,0,1,0,0,1,0,0,1,0,1,0,1,1,0,0
2024,11,5,17:41:55.486,51.48,15,119.2,0.9391,1727.2,343.8,7.926,0.02,0.02,0.02,0.02,-1840.0,354.0,-910.0,-14784.0,16973,-29796,85.4,0.0,1727.0,0,0,0,ebf,d4d,d49,d49,d49,1,1,1,1,1,1,0,1,0,1,1,1,0,1,0,1,1,0,0,1,0,1,0,1,1,0,0,1,0,0,1,0,0,1,0,1,0,1,1,0,0,1,0,0,1,0,0,1,0,1,0,1,1,0,0,1,0,0,1,0,0,1,0,1,0,1,1,0,0
2024,11,5,17:41:55.506,51.50,35,119.2,0.9391,1727.2,343.8,7.925,0.02,0.02,0.02,0.02,-1841.0,355.0,-910.0,-14820.0,16980,-29814,86.9,0.0,1728.0,0,0,0,ebf,d4d,d49,d49,d49,1,1,1,1,1,1,0,1,0,1,1,1,0,1,0,1,1,0,0,1,0,1,0,1,1,0,0,1,0,0,1,0,0,1,0,1,0,1,1,0,0,1,0,0,1,0,0,1,0,1,0,1,1,0,0,1,0,0,1,0,0,1,0,1,0,1,1,0,0
2024,11,5,17:41:55.526,51.52,55,119.2,0.9387,1741.2,357.8,7.924,0.02,0.02,0.02,0.02,-1842.0,355.0,-910.0,-14857.0,16987,-29832,88.1,0.0,1728.0,0,0,0,ebf,d4d,d49,d49,d49,1,1,1,1,1,1,0,1,0,1,1,1,0,1,0,1,1,0,0,1,0,1,0,1,1,0,0,1,0,0,1,0,0,1,0,1,0,1,1,0,0,1,0,0,1,0,0,1,0,1,0,1,1,0,0,1,0,0,1,0,0,1,0,1,0,1,1,0,0
2024,11,5,17:41:55.546,51.54,75,119.2,0.9387,1740.6,357.2,7.924,0.02,0.02,0.02,0.02,-1843.0,355.0,-911.0,-14894.0,16994,-29850,88.9,0.0,1729.0,0,0,0,ebf,d4d,d49,d49,d49,1,1,1,1,1,1,0,1,0,1,1,1,0,1,0,1,1,0,0,1,0,1,0,1,1,0,0,1,0,0,1,0,0,1,0,1,0,1,1,0,0,1,0,0,1,0,0,1,0,1,0,1,1,0,0,1,0,0,1,0,0,1,0,1,0,1,1,0,0
2024,11,5,17:41:55.566,51.56,95,119.2,0.9393,1722.5,339.2,7.924,0.02,0.02,0.02,0.02,-1844.0,355.0,-911.0,-14931.0,17002,-29869,89.3,0.0,1730.0,0,0,0,ebf,d4d,d49,d49,d49,1,1,1,1,1,1,0,1,0,1,1,1,0,1,0,1,1,0,0,1,0,1,0,1,1,0,0,1,0,0,1,0,0,1,0,1,0,1,1,0,0,1,0,0,1,0,0,1,0,1,0,1,1,0,0,1,0,0,1,0,0,1,0,1,0,1,1,0,0
2024,11,5,17:41:55.586,51.58,115,119.2,0.9393,1722.5,339.2,7.925,0.02,0.02,0.02,0.02,-1846.0,355.0,-911.0,-14968.0,17009,-29887,89.4,0.0,1731.0,0,0,0,ebf,d4d,d49,d49,d49,1,1,1,1,1,1,0,1,0,1,1,1,0,1,0,1,1,0,0,1,0,1,0,1,1,0,0,1,0,0,1,0,0,1,0,1,0,1,1,0,0,1,0,0,1,0,0,1,0,1,0,1,1,0,0,1,0,0,1,0,0,1,0,1,0,1,1,0,0
2024,11,5,17:41:55.606,51.60,135,119.2,0.9392,1725.5,342.1,7.924,0.02,0.02,0.02,0.02,-1847.0,355.0,-911.0,-15005.0,17016,-29905,89.1,0.0,1732.0,0,0,0,ebf,d4d,d49,d49,d49,1,1,1,1,1,1,0,1,0,1,1,1,0,1,0,1,1,0,0,1,0,1,0,1,1,0,0,1,0,0,1,0,0,1,0,1,0,1,1,0,0,1,0,0,1,0,0,1,0,1,0,1,1,0,0,1,0,0,1,0,0,1,0,1,0,1,1,0,0
2024,11,5,17:41:55.626,51.62,155,119.2,0.9392,1726.0,342.7,7.923,0.02,0.02,0.02,0.02,-1848.0,355.0,-912.0,-15042.0,17023,-29923,88.3,0.0,1733.0,0,0,0,ebf,d4d,d49,d49,d49,1,1,1,1,1,1,0,1,0,1,1,1,0,1,0,1,1,0,0,1,0,1,0,1,1,0,0,1,0,0,1,0,0,1,0,1,0,1,1,0,0,1,0,0,1,0,0,1,0,1,0,1,1,0,0,1,0,0,1,0,0,1,0,1,0,1,1,0,0
2024,11,5,17:41:55.646,51.64,175,119.2,0.9393,1721.4,338.0,7.924,0.02,0.02,0.02,0.02,-1849.0,355.0,-912.0,-15079.0,17030,-29941,87.1,0.0,1734.0,0,0,0,ebf,d4d,d49,d49,d49,1,1,1,1,1,1,0,1,0,1,1,1,0,1,0,1,1,0,0,1,0,1,0,1,1,0,0,1,0,0,1,0,0,1,0,1,0,1,1,0,0,1,0,0,1,0,0,1,0,1,0,1,1,0,0,1,0,0,1,0,0,1,0,1,0,1,1,0,0
2024,11,5,17:41:55.666,51.66,195,119.2,0.9394,1720.8,337.4,7.924,0.02,0.02,0.02,0.02,-1850.0,355.0,-912.0,-15116.0,17037,-29960,85.5,0.0,1735.0,0,0,0,ebf,d4d,d49,d49,d49,1,1,1,1,1,1,0,1,0,1,1,1,0,1,0,1,1,0,0,1,0,1,0,1,1,0,0,1,0,0,1,0,0,1,0,1,0,1,1,0,0,1,0,0,1,0,0,1,0,1,0,1,1,0,0,1,0,0,1,0,0,1,0,1,0,1,1,0,0
2024,11,5,17:41:55.686,51.68,215,119.2,0.9394,1720.8,337.4,7.924,0.02,0.02,0.02,0.02,-1852.0,355.0,-913.0,-15153.0,17044,-29978,83.7,0.0,1737.0,0,0,0,ebf,d4d,d49,d49,d49,1,1,1,1,1,1,0,1,0,1,1,1,0,1,0,1,1,0,0,1,0,1,0,1,1,0,0,1,0,0,1,0,0,1,0,1,0,1,1,0,0,1,0,0,1,0,0,1,0,1,0,1,1,0,0,1,0,0,1,0,0,1,0,1,0,1,1,0,0
2024,11,5,17:41:55.706,51.70,235,119.2,0.9393,1721.4,338.0,7.925,0.02,0.02,0.02,0.02,-1853.0,354.0,-913.0,-15190.0,17051,-29996,81.5,0.0,1738.0,0,0,0,ebf,d4d,d49,d49,d49,1,1,1,1,1,1,0,1,0,1,1,1,0,1,0,1,1,0,0,1,0,1,0,1,1,0,0,1,0,0,1,0,0,1,0,1,0,1,1,0,0,1,0,0,1,0,0,1,0,1,0,1,1,0,0,1,0,0,1,0,0,1,0,1,0,1,1,0,0
2024,11,5,17:41:55.726,51.72,5,119.2,0.9400,1702.8,319.4,7.924,0.02,0.02,0.02,0.02,-1854.0,354.0,-913.0,-15227.0,17058,-30015,79.0,0.0,1739.0,0,0,0,ebf,d4d,d49,d49,d49,1,1,1,1,1,1,0,1,0,1,1,1,0,1,0,1,1,0,0,1,0,1,0,1,1,0,0,1,0,0,1,0,0,1,0,1,0,1,1,0,0,1,0,0,1,0,0,1,0,1,0,1,1,0,0,1,0,0,1,0,0,1,0,1,0,1,1,0,0
2024,11,5,17:41:55.746,51.74,25,119.2,0.9400,1703.3,320.0,7.926,0.02,0.02,0.02,0.02,-1855.0,354.0,-914.0,-15264.0,17066,-30033,76.4,0.0,1740.0,0,0,0,ebf,d4d,d49,d49,d49,1,1,1,1,1,1,0,1,0,1,1,1,0,1,0,1,1,0,0,1,0,1,0,1,1,0,0,1,0,0,1,0,0,1,0,1,0,1,1,0,0,1,0,0,1,0,0,1,0,1,0,1,1,0,0,1,0,0,1,0,0,1,0,1,0,1,1,0,0
2024,11,5,17:41:55.766,51.76,45,119.2,0.9403,1692.9,309.5,7.924,0.02,0.02,0.02,0.02,-1857.0,354.0,-914.0,-15301.0,17073,-30051,73.4,0.0,1741.0,0,0,0,ebf,d4d,d49,d49,d49,1,1,1,1,1,1,0,1,0,1,1,1,0,1,0,1,1,0,0,1,0,1,0,1,1,0,0,1,0,0,1,0,0,1,0,1,0,1,1,0,0,1,0,0,1,0,0,1,0,1,0,1,1,0,0,1,0,0,1,0,0,1,0,1,0,1,1,0,0
2024,11,5,17:41:55.786,51.78,65,119.2,0.9403,1692.3,308.9,7.925,0.02,0.02,0.02,0.02,-1858.0,354.0,-915.0,-15338.0,17080,-30069,70.0,0.0,1742.0,0,0,0,ebf,d4d,d49,d49,d49,1,1,1,1,1,1,0,1,0,1,1,1,0,1,0,1,1,0,0,1,0,1,0,1,1,0,0,1,0,0,1,0,0,1,0,1,0,1,1,0,0,1,0,0,1,0,0,1,0,1,0,1,1,0,0,1,0,0,1,0,0,1,0,1,0,1,1,0,0
2024,11,5,17:41:55.806,51.80,85,119.2,0.9414,1662.1,278.7,7.925,0.02,0.02,0.02,0.02,-1859.0,354.0,-915.0,-15375.0,17087,-30088,66.4,0.0,1742.0,0,0,0,ebf,d4d,d49,d49,d49,1,1,1,1,1,1,0,1,0,1,1,1,0,1,0,1,1,0,0,1,0,1,0,1,1,0,0,1,0,0,1,0,0,1,0,1,0,1,1,0,0,1,0,0,1,0,0,1,0,1,0,1,1,0,0,1,0,0,1,0,0,1,0,1,0,1,1,0,0
2024,11,5,17:41:55.826,51.82,105,119.2,0.9414,1662.6,279.2,7.925,0.02,0.02,0.02,0.02,-1860.0,354.0,-915.0,-15413.0,17094,-30106,62.5,0.0,1743.0,0,0,0,ebf,d4d,d49,d49,d49,1,1,1,1,1,1,0,1,0,1,1,1,0,1,0,1,1,0,0,1,0,1,0,1,1,0,0,1,0,0,1,0,0,1,0,1,0,1,1,0,0,1,0,0,1,0,0,1,0,1,0,1,1,0,0,1,0,0,1,0,0,1,0,1,0,1,1,0,0
2024,11,5,17:41:55.846,51.84,125,119.2,0.9417,1651.6,268.2,7.923,0.02,0.02,0.02,0.02,-1861.0,354.0,-916.0,-15450.0,17101,-30124,58.3,0.0,1743.0,0,0,0,ebf,d4d,d49,d49,d49,1,1,1,1,1,1,0,1,0,1,1,1,0,1,0,1,1,0,0,1,0,1,0,1,1,0,0,1,0,0,1,0,0,1,0,1,0,1,1,0,0,1,0,0,1,0,0,1,0,1,0,1,1,0,0,1,0,0,1,0,0,1,0,1,0,1,1,0,0
2024,11,5,17:41:55.866,51.86,145,119.2,0.9417,1651.6,268.2,7.924,0.02,0.02,0.02,0.02,-1863.0,354.0,-916.0,-15487.0,17108,-30143,54.0,0.0,1743.0,0,0,0,ebf,d4d,d49,d49,d49,1,1,1,1,1,1,0,1,0,1,1,1,0,1,0,1,1,0,0,1,0,1,0,1,1,0,0,1,0,0,1,0,0,1,0,1,0,1,1,0,0,1,0,0,1,0,0,1,0,1,0,1,1,0,0,1,0,0,1,0,0,1,0,1,0,1,1,0,0
2024,11,5,17:41:55.886,51.88,165,119.2,0.9421,1641.1,257.7,7.925,0.02,0.02,0.02,0.02,-1864.0,354.0,-917.0,-15524.0,17115,-30161,49.5,0.0,1743.0,0,0,0,ebf,d4d,d49,d49,d49,1,1,1,1,1,1,0,1,0,1,1,1,0,1,0,1,1,0,0,1,0,1,0,1,1,0,0,1,0,0,1,0,0,1,0,1,0,1,1,0,0,1,0,0,1,0,0,1,0,1,0,1,1,0,0,1,0,0,1,0,0,1,0,1,0,1,1,0,0
2024,11,5,17:41:55.906,51.90,185,119.2,0.9421,1641.1,257.7,7.926,0.02,0.02,0.02,0.02,-1865.0,354.0,-917.0,-15562.0,17122,-30179,44.8,0.0,1742.0,0,0,0,ebf,d4d,d49,d49,d49,1,1,1,1,1,1,0,1,0,1,1,1,0,1,0,1,1,0,0,1,0,1,0,1,1,0,0,1,0,0,1,0,0,1,0,1,0,1,1,0,0,1,0,0,1,0,0,1,0,1,0,1,1,0,0,1,0,0,1,0,0,1,0,1,0,1,1,0,0
2024,11,5,17:41:55.926,51.92,205,119.2,0.9425,1629.5,246.1,7.924,0.02,0.02,0.02,0.02,-1866.0,354.0,-918.0,-15599.0,17129,-30198,40.1,0.0,1742.0,0,0,0,ebf,d4d,d49,d49,d49,1,1,1,1,1,1,0,1,0,1,1,1,0,1,0,1,1,0,0,1,0,1,0,1,1,0,0,1,0,0,1,0,0,1,0,1,0,1,1,0,0,1,0,0,1,0,0,1,0,1,0,1,1,0,0,1,0,0,1,0,0,1,0,1,0,1,1,0,0
2024,11,5,17:41:55.946,51.94,225,119.2,0.9425,1629.5,246.1,7.924,0.02,0.02,0.02,0.02,-1868.0,354.0,-918.0,-15636.0,17136,-30216,35.4,0.0,1741.0,0,0,0,ebf,d4d,d49,d49,d49,1,1,1,1,1,1,0,1,0,1,1,1,0,1,0,1,1,0,0,1,0,1,0,1,1,0,0,1,0,0,1,0,0,1,0,1,0,1,1,0,0,1,0,0,1,0,0,1,0,1,0,1,1,0,0,1,0,0,1,0,0,1,0,1,0,1,1,0,0
2024,11,5,17:41:55.966,51.96,245,119.2,0.9426,1627.8,244.4,7.924,0.02,0.02,0.02,0.02,-1869.0,355.0,-919.0,-15674.0,17144,-30235,30.8,0.0,1741.0,0,0,0,ebf,d4d,d49,d49,d49,1,1,1,1,1,1,0,1,0,1,1,1,0,1,0,1,1,0,0,1,0,1,0,1,1,0,0,1,0,0,1,0,0,1,0,1,0,1,1,0,0,1,0,0,1,0,0,1,0,1,0,1,1,0,0,1,0,0,1,0,0,1,0,1,0,1,1,0,0
2024,11,5,17:41:55.986,51.98,15,119.2,0.9426,1627.8,244.4,7.925,0.02,0.02,0.02,0.02,-1870.0,355.0,-919.0,-15711.0,17151,-30253,26.4,0.0,1740.0,0,0,0,ebf,d4d,d49,d49,d49,1,1,1,1,1,1,0,1,0,1,1,1,0,1,0,1,1,0,0,1,0,1,0,1,1,0,0,1,0,0,1,0,0,1,0,1,0,1,1,0,0,1,0,0,1,0,0,1,0,1,0,1,1,0,0,1,0,0,1,0,0,1,0,1,0,1,1,0,0
2024,11,5,17:41:56.006,52.00,35,119.2,0.9425,1629.5,246.1,7.925,0.02,0.02,0.02,0.02,-1871.0,355.0,-920.0,-15749.0,17158,-30271,22.2,0.0,1740.0,0,0,0,ebf,d4d,d49,d49,d49,1,1,1,1,1,1,0,1,0,1,1,1,0,1,0,1,1,0,0,1,0,1,0,1,1,0,0,1,0,0,1,0,0,1,0,1,0,1,1,0,0,1,0,0,1,0,0,1,0,1,0,1,1,0,0,1,0,0,1,0,0,1,0,1,0,1,1,0,0
2024,11,5,17:41:56.026,52.02,55,119.2,0.9425,1629.5,246.1,7.924,0.02,0.02,0.02,0.02,-1872.0,355.0,-920.0,-15786.0,17165,-30290,18.1,0.0,1739.0,0,0,0,ebf,d4d,d49,d49,d49,1,1,1,1,1,1,0,1,0,1,1,1,0,1,0,1,1,0,0,1,0,1,0,1,1,0,0,1,0,0,1,0,0,1,0,1,0,1,1,0,0,1,0,0,1,0,0,1,0,1,0,1,1,0,0,1,0,0,1,0,0,1,0,1,0,1,1,0,0
2024,11,5,17:41:56.046,52.04,75,119.2,0.9424,1633.6,250.2,7.925,0.02,0.02,0.02,0.02,-1874.0,355.0,-920.0,-15823.0,17172,-30308,14.2,0.0,1739.0,0,0,0,ebf,d4d,d49,d49,d49,1,1,1,1,1,1,0,1,0,1,1,1,0,1,0,1,1,0,0,1,0,1,0,1,1,0,0,1,0,0,1,0,0,1,0,1,0,1,1,0,0,1,0,0,1,0,0,1,0,1,0,1,1,0,0,1,0,0,1,0,0,1,0,1,0,1,1,0,0
2024,11,5,17:41:56.066,52.06,95,119.2,0.9423,1634.2,250.8,7.923,0.02,0.02,0.02,0.02,-1875.0,355.0,-920.0,-15861.0,17179,-30327,10.5,0.0,1739.0,0,0,0,ebf,d4d,d49,d49,d4d,1,1,1,1,1,1,0,1,0,1,1,1,0,1,0,1,1,0,0,1,0,1,0,1,1,0,0,1,0,0,1,0,0,1,0,1,0,1,1,0,0,1,0,0,1,0,0,1,0,1,0,1,1,0,0,1,0,1,1,0,0,1,0,1,0,1,1,0,0
2024,11,5,17:41:56.086,52.08,115,119.2,0.9422,1638.8,255.4,7.924,0.02,0.02,0.02,0.02,-1876.0,356.0,-920.0,-15898.0,17186,-30345,7.2,0.0,1740.0,0,0,0,ebf,d45,d41,d41,d45,1,1,1,1,1,1,0,1,0,1,1,1,0,1,0,1,0,0,0,1,0,1,0,1,1,0,0,1,0,0,0,0,0,1,0,1,0,1,1,0,0,1,0,0,0,0,0,1,0,1,0,1,1,0,0,1,0,1,0,0,0,1,0,1,0,1,1,0,0
2024,11,5,17:41:56.106,52.10,135,119.2,0.9422,1638.2,254.8,7.923,0.02,0.02,0.02,0.02,-1876.0,356.0,-920.0,-15936.0,17193,-30363,4.1,0.0,1741.0,0,0,0,ebf,d45,d41,d41,d45,1,1,1,1,1,1,0,1,0,1,1,1,0,1,0,1,0,0,0,1,0,1,0,1,1,0,0,1,0,0,0,0,0,1,0,1,0,1,1,0,0,1,0,0,0,0,0,1,0,1,0,1,1,0,0,1,0,1,0,0,0,1,0,1,0,1,1,0,0
2024,11,5,17:41:56.126,52.12,155,119.2,0.9421,1641.1,257.7,7.924,0.02,0.02,0.02,0.02,-1876.0,356.0,-919.0,-15974.0,17200,-30382,2.6,0.0,1743.0,0,0,0,ebf,d45,d45,d45,d45,1,1,1,1,1,1,0,1,0,1,1,1,0,1,0,1,0,0,0,1,0,1,0,1,1,0,0,1,0,1,0,0,0,1,0,1,0,1,1,0,0,1,0,1,0,0,0,1,0,1,0,1,1,0,0,1,0,1,0,0,0,1,0,1,0,1,1,0,0
2024,11,5,17:41:56.146,52.14,175,119.2,0.9421,1641.7,258.3,7.924,0.02,0.02,0.02,0.02,-1877.0,355.0,-919.0,-16011.0,17208,-30400,5.8,0.0,1746.0,0,0,0,ebf,d45,d45,d45,d45,1,1,1,1,1,1,0,1,0,1,1,1,0,1,0,1,0,0,0,1,0,1,0,1,1,0,0,1,0,1,0,0,0,1,0,1,0,1,1,0,0,1,0,1,0,0,0,1,0,1,0,1,1,0,0,1,0,1,0,0,0,1,0,1,0,1,1,0,0
2024,11,5,17:41:56.166,52.16,195,119.2,0.9426,1626.6,243.2,7.924,0.02,0.02,0.02,0.02,-1878.0,355.0,-919.0,-16049.0,17215,-30419,11.1,0.0,1749.0,0,0,0,ebf,d45,d45,d45,d45,1,1,1,1,1,1,0,1,0,1,1,1,0,1,0,1,0,0,0,1,0,1,0,1,1,0,0,1,0,1,0,0,0,1,0,1,0,1,1,0,0,1,0,1,0,0,0,1,0,1,0,1,1,0,0,1,0,1,0,0,0,1,0,1,0,1,1,0,0
2024,11,5,17:41:56.186,52.18,215,119.2,0.9426,1626.6,243.2,7.924,0.02,0.02,0.02,0.02,-1879.0,355.0,-919.0,-16086.0,17222,-30437,16.8,0.0,1753.0,0,0,0,ebf,d45,d41,d41,d45,1,1,1,1,1,1,0,1,0,1,1,1,0,1,0,1,0,0,0,1,0,1,0,1,1,0,0,1,0,0,0,0,0,1,0,1,0,1,1,0,0,1,0,0,0,0,0,1,0,1,0,1,1,0,0,1,0,1,0,0,0,1,0,1,0,1,1,0,0
2024,11,5,17:41:56.206,52.20,235,119.2,0.9428,1622.0,238.6,7.923,0.02,0.02,0.02,0.02,-1880.0,355.0,-919.0,-16124.0,17229,-30455,22.6,0.0,1757.0,0,0,0,ebf,d4d,d49,d49,d49,1,1,1,1,1,1,0,1,0,1,1,1,0,1,0,1,1,0,0,1,0,1,0,1,1,0,0,1,0,0,1,0,0,1,0,1,0,1,1,0,0,1,0,0,1,0,0,1,0,1,0,1,1,0,0,1,0,0,1,0,0,1,0,1,0,1,1,0,0
2024,11,5,17:41:56.226,52.22,5,119.2,0.9428,1622.0,238.6,7.925,0.02,0.02,0.02,0.02,-1881.0,355.0,-919.0,-16161.0,17236,-30474,28.1,0.0,1760.0,0,0,0,ebf,d4d,d49,d49,d49,1,1,1,1,1,1,0,1,0,1,1,1,0,1,0,1,1,0,0,1,0,1,0,1,1,0,0,1,0,0,1,0,0,1,0,1,0,1,1,0,0,1,0,0,1,0,0,1,0,1,0,1,1,0,0,1,0,0,1,0,0,1,0,1,0,1,1,0,0
2024,11,5,17:41:56.246,52.24,25,119.2,0.9434,1604.0,220.6,7.924,0.02,0.02,0.02,0.02,-1882.0,355.0,-920.0,-16199.0,17243,-30492,33.1,0.0,1763.0,0,0,0,ebf,d4d,d49,d49,d49,1,1,1,1,1,1,0,1,0,1,1,1,0,1,0,1,1,0,0,1,0,1,0,1,1,0,0,1,0,0,1,0,0,1,0,1,0,1,1,0,0,1,0,0,1,0,0,1,0,1,0,1,1,0,0,1,0,0,1,0,0,1,0,1,0,1,1,0,0
2024,11,5,17:41:56.266,52.26,45,119.2,0.9434,1604.6,221.2,7.925,0.02,0.02,0.02,0.02,-1884.0,355.0,-920.0,-16237.0,17250,-30510,37.7,0.0,1766.0,0,0,0,ebf,d4d,d49,d49,d49,1,1,1,1,1,1,0,1,0,1,1,1,0,1,0,1,1,0,0,1,0,1,0,1,1,0,0,1,0,0,1,0,0,1,0,1,0,1,1,0,0,1,0,0,1,0,0,1,0,1,0,1,1,0,0,1,0,0,1,0,0,1,0,1,0,1,1,0,0
2024,11,5,17:41:56.286,52.28,65,119.2,0.9434,1604.6,221.2,7.925,0.02,0.02,0.02,0.02,-1885.0,355.0,-921.0,-16274.0,17257,-30529,41.8,0.0,1769.0,0,0,0,ebf,d4d,d49,d49,d49,1,1,1,1,1,1,0,1,0,1,1,1,0,1,0,1,1,0,0,1,0,1,0,1,1,0,0,1,0,0,1,0,0,1,0,1,0,1,1,0,0,1,0,0,1,0,0,1,0,1,0,1,1,0,0,1,0,0,1,0,0,1,0,1,0,1,1,0,0
2024,11,5,17:41:56.306,52.30,85,119.2,0.9434,1604.0,220.6,7.925,0.02,0.02,0.02,0.02,-1886.0,355.0,-921.0,-16312.0,17264,-30547,45.4,0.0,1771.0,0,0,0,ebf,d4d,d49,d49,d49,1,1,1,1,1,1,0,1,0,1,1,1,0,1,0,1,1,0,0,1,0,1,0,1,1,0,0,1,0,0,1,0,0,1,0,1,0,1,1,0,0,1,0,0,1,0,0,1,0,1,0,1,1,0,0,1,0,0,1,0,0,1,0,1,0,1,1,0,0
2024,11,5,17:41:56.326,52.32,105,119.2,0.9430,1616.2,232.8,7.925,0.02,0.02,0.02,0.02,-1887.0,355.0,-922.0,-16350.0,17272,-30566,48.3,0.0,1773.0,0,0,0,ebf,d4d,d49,d49,d49,1,1,1,1,1,1,0,1,0,1,1,1,0,1,0,1,1,0,0,1,0,1,0,1,1,0,0,1,0,0,1,0,0,1,0,1,0,1,1,0,0,1,0,0,1,0,0,1,0,1,0,1,1,0,0,1,0,0,1,0,0,1,0,1,0,1,1,0,0
2024,11,5,17:41:56.346,52.34,125,119.2,0.9430,1616.2,232.8,7.925,0.02,0.02,0.02,0.02,-1888.0,356.0,-922.0,-16388.0,17279,-30584,50.8,0.0,1774.0,0,0,0,ebf,d4d,d49,d49,d49,1,1,1,1,1,1,0,1,0,1,1,1,0,1,0,1,1,0,0,1,0,1,0,1,1,0,0,1,0,0,1,0,0,1,0,1,0,1,1,0,0,1,0,0,1,0,0,1,0,1,0,1,1,0,0,1,0,0,1,0,0,1,0,1,0,1,1,0,0
2024,11,5,17:41:56.366,52.36,145,119.2,0.9430,1616.2,232.8,7.924,0.02,0.02,0.02,0.02,-1889.0,356.0,-922.0,-16425.0,17286,-30603,52.9,0.0,1775.0,0,0,0,ebf,d4d,d49,d49,d49,1,1,1,1,1,1,0,1,0,1,1,1,0,1,0,1,1,0,0,1,0,1,0,1,1,0,0,1,0,0,1,0,0,1,0,1,0,1,1,0,0,1,0,0,1,0,0,1,0,1,0,1,1,0,0,1,0,0,1,0,0,1,0,1,0,1,1,0,0
2024,11,5,17:41:56.386,52.38,165,119.2,0.9430,1616.2,232.8,7.925,0.02,0.02,0.02,0.02,-1890.0,356.0,-923.0,-16463.0,17293,-30621,54.4,0.0,1776.0,0,0,0,ebf,d4d,d49,d49,d49,1,1,1,1,1,1,0,1,0,1,1,1,0,1,0,1,1,0,0,1,0,1,0,1,1,0,0,1,0,0,1,0,0,1,0,1,0,1,1,0,0,1,0,0,1,0,0,1,0,1,0,1,1,0,0,1,0,0,1,0,0,1,0,1,0,1,1,0,0
2024,11,5,17:41:56.406,52.40,185,119.2,0.9430,1616.2,232.8,7.925,0.02,0.02,0.02,0.02,-1891.0,356.0,-923.0,-16501.0,17300,-30640,55.4,0.0,1777.0,0,0,0,ebf,d4d,d49,d49,d49,1,1,1,1,1,1,0,1,0,1,1,1,0,1,0,1,1,0,0,1,0,1,0,1,1,0,0,1,0,0,1,0,0,1,0,1,0,1,1,0,0,1,0,0,1,0,0,1,0,1,0,1,1,0,0,1,0,0,1,0,0,1,0,1,0,1,1,0,0
2024,11,5,17:41:56.426,52.42,205,119.2,0.9430,1616.2,232.8,7.924,0.02,0.02,0.02,0.02,-1892.0,356.0,-924.0,-16539.0,17307,-30658,55.9,0.0,1777.0,0,0,0,ebf,d4d,d49,d49,d49,1,1,1,1,1,1,0,1,0,1,1,1,0,1,0,1,1,0,0,1,0,1,0,1,1,0,0,1,0,0,1,0,0,1,0,1,0,1,1,0,0,1,0,0,1,0,0,1,0,1,0,1,1,0,0,1,0,0,1,0,0,1,0,1,0,1,1,0,0
2024,11,5,17:41:56.446,52.44,225,119.2,0.9431,1613.3,229.9,7.924,0.02,0.02,0.02,0.02,-1893.0,356.0,-924.0,-16577.0,17314,-30677,55.7,0.0,1776.0,0,0,0,ebf,d4d,d49,d49,d49,1,1,1,1,1,1,0,1,0,1,1,1,0,1,0,1,1,0,0,1,0,1,0,1,1,0,0,1,0,0,1,0,0,1,0,1,0,1,1,0,0,1,0,0,1,0,0,1,0,1,0,1,1,0,0,1,0,0,1,0,0,1,0,1,0,1,1,0,0
2024,11,5,17:41:56.466,52.46,245,119.2,0.9431,1613.3,229.9,7.923,0.02,0.02,0.02,0.02,-1894.0,356.0,-924.0,-16615.0,17322,-30695,55.0,0.0,1776.0,0,0,0,ebf,d4d,d49,d49,d49,1,1,1,1,1,1,0,1,0,1,1,1,0,1,0,1,1,0,0,1,0,1,0,1,1,0,0,1,0,0,1,0,0,1,0,1,0,1,1,0,0,1,0,0,1,0,0,1,0,1,0,1,1,0,0,1,0,0,1,0,0,1,0,1,0,1,1,0,0
2024,11,5,17:41:56.486,52.48,15,119.2,0.9436,1597.0,213.6,7.924,0.02,0.02,0.02,0.02,-1895.0,357.0,-925.0,-16653.0,17329,-30714,53.9,0.0,1775.0,0,0,0,ebf,d4d,d49,d49,d49,1,1,1,1,1,1,0,1,0,1,1,1,0,1,0,1,1,0,0,1,0,1,0,1,1,0,0,1,0,0,1,0,0,1,0,1,0,1,1,0,0,1,0,0,1,0,0,1,0,1,0,1,1,0,0,1,0,0,1,0,0,1,0,1,0,1,1,0,0
2024,11,5,17:41:56.506,52.50,35,119.2,0.9436,1596.4,213.1,7.925,0.02,0.02,0.02,0.02,-1896.0,357.0,-925.0,-16690.0,17336,-30732,52.4,0.0,1774.0,0,0,0,ebf,d4d,d49,d49,d49,1,1,1,1,1,1,0,1,0,1,1,1,0,1,0,1,1,0,0,1,0,1,0,1,1,0,0,1,0,0,1,0,0,1,0,1,0,1,1,0,0,1,0,0,1,0,0,1,0,1,0,1,1,0,0,1,0,0,1,0,0,1,0,1,0,1,1,0,0
2024,11,5,17:41:56.526,52.52,55,119.2,0.9436,1596.4,213.1,7.924,0.02,0.02,0.02,0.02,-1897.0,357.0,-925.0,-16728.0,17343,-30751,50.6,0.0,1773.0,0,0,0,ebf,d4d,d49,d49,d49,1,1,1,1,1,1,0,1,0,1,1,1,0,1,0,1,1,0,0,1,0,1,0,1,1,0,0,1,0,0,1,0,0,1,0,1,0,1,1,0,0,1,0,0,1,0,0,1,0,1,0,1,1,0,0,1,0,0,1,0,0,1,0,1,0,1,1,0,0
2024,11,5,17:41:56.546,52.54,75,119.2,0.9436,1597.0,213.6,7.924,0.02,0.02,0.02,0.02,-1898.0,357.0,-926.0,-16766.0,17350,-30769,48.5,0.0,1772.0,0,0,0,ebf,d4d,d49,d49,d49,1,1,1,1,1,1,0,1,0,1,1,1,0,1,0,1,1,0,0,1,0,1,0,1,1,0,0,1,0,0,1,0,0,1,0,1,0,1,1,0,0,1,0,0,1,0,0,1,0,1,0,1,1,0,0,1,0,0,1,0,0,1,0,1,0,1,1,0,0
2024,11,5,17:41:56.566,52.56,95,119.2,0.9438,1590.6,207.3,7.924,0.02,0.02,0.02,0.02,-1899.0,357.0,-926.0,-16804.0,17357,-30788,46.1,0.0,1770.0,0,0,0,ebf,d4d,d49,d49,d49,1,1,1,1,1,1,0,1,0,1,1,1,0,1,0,1,1,0,0,1,0,1,0,1,1,0,0,1,0,0,1,0,0,1,0,1,0,1,1,0,0,1,0,0,1,0,0,1,0,1,0,1,1,0,0,1,0,0,1,0,0,1,0,1,0,1,1,0,0
2024,11,5,17:41:56.586,52.58,115,119.2,0.9438,1590.6,207.3,7.924,0.02,0.02,0.02,0.02,-1901.0,357.0,-927.0,-16842.0,17364,-30806,43.5,0.0,1768.0,0,0,0,ebf,d4d,d49,d49,d49,1,1,1,1,1,1,0,1,0,1,1,1,0,1,0,1,1,0,0,1,0,1,0,1,1,0,0,1,0,0,1,0,0,1,0,1,0,1,1,0,0,1,0,0,1,0,0,1,0,1,0,1,1,0,0,1,0,0,1,0,0,1,0,1,0,1,1,0,0
2024,11,5,17:41:56.606,52.60,135,119.2,0.9441,1583.1,199.7,7.924,0.02,0.02,0.02,0.02,-1902.0,358.0,-927.0,-16880.0,17372,-30825,40.8,0.0,1766.0,0,0,0,ebf,d4d,d49,d49,d49,1,1,1,1,1,1,0,1,0,1,1,1,0,1,0,1,1,0,0,1,0,1,0,1,1,0,0,1,0,0,1,0,0,1,0,1,0,1,1,0,0,1,0,0,1,0,0,1,0,1,0,1,1,0,0,1,0,0,1,0,0,1,0,1,0,1,1,0,0
2024,11,5,17:41:56.626,52.62,155,119.2,0.9441,1583.1,199.7,7.924,0.02,0.02,0.02,0.02,-1903.0,358.0,-927.0,-16918.0,17379,-30843,38.1,0.0,1763.0,0,0,0,ebf,d4d,d49,d49,d49,1,1,1,1,1,1,0,1,0,1,1,1,0,1,0,1,1,0,0,1,0,1,0,1,1,0,0,1,0,0,1,0,0,1,0,1,0,1,1,0,0,1,0,0,1,0,0,1,0,1,0,1,1,0,0,1,0,0,1,0,0,1,0,1,0,1,1,0,0
2024,11,5,17:41:56.646,52.64,175,119.2,0.9446,1568.0,184.6,7.924,0.02,0.02,0.02,0.02,-1904.0,358.0,-928.0,-16957.0,17386,-30862,35.4,0.0,1761.0,0,0,0,ebf,d4d,d49,d49,d49,1,1,1,1,1,1,0,1,0,1,1,1,0,1,0,1,1,0,0,1,0,1,0,1,1,0,0,1,0,0,1,0,0,1,0,1,0,1,1,0,0,1,0,0,1,0,0,1,0,1,0,1,1,0,0,1,0,0,1,0,0,1,0,1,0,1,1,0,0
2024,11,5,17:41:56.666,52.66,195,119.2,0.9446,1568.0,184.6,7.925,0.02,0.02,0.02,0.02,-1906.0,358.0,-928.0,-16995.0,17393,-30880,32.8,0.0,1758.0,0,0,0,ebf,d4d,d49,d49,d49,1,1,1,1,1,1,0,1,0,1,1,1,0,1,0,1,1,0,0,1,0,1,0,1,1,0,0,1,0,0,1,0,0,1,0,1,0,1,1,0,0,1,0,0,1,0,0,1,0,1,0,1,1,0,0,1,0,0,1,0,0,1,0,1,0,1,1,0,0
2024,11,5,17:41:56.686,52.68,215,119.2,0.9446,1569.8,186.4,7.925,0.02,0.02,0.02,0.02,-1907.0,358.0,-928.0,-17033.0,17400,-30899,30.4,0.0,1755.0,0,0,0,ebf,d4d,d49,d49,d49,1,1,1,1,1,1,0,1,0,1,1,1,0,1,0,1,1,0,0,1,0,1,0,1,1,0,0,1,0,0,1,0,0,1,0,1,0,1,1,0,0,1,0,0,1,0,0,1,0,1,0,1,1,0,0,1,0,0,1,0,0,1,0,1,0,1,1,0,0
2024,11,5,17:41:56.706,52.70,235,119.1,0.9446,1569.8,186.4,7.924,0.02,0.02,0.02,0.02,-1908.0,358.0,-928.0,-17071.0,17407,-30918,28.2,0.0,1751.0,0,0,0,ebf,d4d,d49,d49,d49,1,1,1,1,1,1,0,1,0,1,1,1,0,1,0,1,1,0,0,1,0,1,0,1,1,0,0,1,0,0,1,0,0,1,0,1,0,1,1,0,0,1,0,0,1,0,0,1,0,1,0,1,1,0,0,1,0,0,1,0,0,1,0,1,0,1,1,0,0
2024,11,5,17:41:56.726,52.72,5,119.1,0.9444,1574.4,191.0,7.925,0.02,0.02,0.02,0.02,-1909.0,359.0,-929.0,-17109.0,17415,-30936,26.4,0.0,1748.0,0,0,0,ebf,d4d,d49,d49,d49,1,1,1,1,1,1,0,1,0,1,1,1,0,1,0,1,1,0,0,1,0,1,0,1,1,0,0,1,0,0,1,0,0,1,0,1,0,1,1,0,0,1,0,0,1,0,0,1,0,1,0,1,1,0,0,1,0,0,1,0,0,1,0,1,0,1,1,0,0
2024,11,5,17:41:56.746,52.74,25,119.2,0.9444,1574.4,191.0,7.925,0.02,0.02,0.02,0.02,-1910.0,359.0,-929.0,-17147.0,17422,-30955,24.8,0.0,1744.0,0,0,0,ebf,d4d,d49,d49,d49,1,1,1,1,1,1,0,1,0,1,1,1,0,1,0,1,1,0,0,1,0,1,0,1,1,0,0,1,0,0,1,0,0,1,0,1,0,1,1,0,0,1,0,0,1,0,0,1,0,1,0,1,1,0,0,1,0,0,1,0,0,1,0,1,0,1,1,0,0
2024,11,5,17:41:56.766,52.76,45,119.2,0.9448,1564.0,180.6,7.924,0.02,0.02,0.02,0.02,-1912.0,359.0,-929.0,-17186.0,17429,-30973,23.4,0.0,1740.0,0,0,0,ebf,d4d,d49,d49,d49,1,1,1,1,1,1,0,1,0,1,1,1,0,1,0,1,1,0,0,1,0,1,0,1,1,0,0,1,0,0,1,0,0,1,0,1,0,1,1,0,0,1,0,0,1,0,0,1,0,1,0,1,1,0,0,1,0,0,1,0,0,1,0,1,0,1,1,0,0
2024,11,5,17:41:56.786,52.78,65,119.1,0.9448,1564.0,180.6,7.925,0.02,0.02,0.02,0.02,-1913.0,359.0,-929.0,-17224.0,17436,-30992,22.6,0.0,1736.0,0,0,0,ebf,d4d,d49,d49,d49,1,1,1,1,1,1,0,1,0,1,1,1,0,1,0,1,1,0,0,1,0,1,0,1,1,0,0,1,0,0,1,0,0,1,0,1,0,1,1,0,0,1,0,0,1,0,0,1,0,1,0,1,1,0,0,1,0,0,1,0,0,1,0,1,0,1,1,0,0
2024,11,5,17:41:56.806,52.80,85,119.1,0.9446,1568.6,185.2,7.925,0.02,0.02,0.02,0.02,-1914.0,359.0,-930.0,-17262.0,17443,-31011,22.3,0.0,1732.0,0,0,0,ebf,d4d,d49,d49,d49,1,1,1,1,1,1,0,1,0,1,1,1,0,1,0,1,1,0,0,1,0,1,0,1,1,0,0,1,0,0,1,0,0,1,0,1,0,1,1,0,0,1,0,0,1,0,0,1,0,1,0,1,1,0,0,1,0,0,1,0,0,1,0,1,0,1,1,0,0
2024,11,5,17:41:56.826,52.82,105,119.1,0.9446,1568.6,185.2,7.924,0.02,0.02,0.02,0.02,-1915.0,359.0,-930.0,-17300.0,17451,-31029,22.4,0.0,1728.0,0,0,0,ebf,d4d,d49,d49,d49,1,1,1,1,1,1,0,1,0,1,1,1,0,1,0,1,1,0,0,1,0,1,0,1,1,0,0,1,0,0,1,0,0,1,0,1,0,1,1,0,0,1,0,0,1,0,0,1,0,1,0,1,1,0,0,1,0,0,1,0,0,1,0,1,0,1,1,0,0
2024,11,5,17:41:56.846,52.84,125,119.1,0.9444,1573.2,189.9,7.923,0.02,0.02,0.02,0.02,-1916.0,360.0,-930.0,-17339.0,17458,-31048,22.9,0.0,1724.0,0,0,0,ebf,d4d,d49,d49,d49,1,1,1,1,1,1,0,1,0,1,1,1,0,1,0,1,1,0,0,1,0,1,0,1,1,0,0,1,0,0,1,0,0,1,0,1,0,1,1,0,0,1,0,0,1,0,0,1,0,1,0,1,1,0,0,1,0,0,1,0,0,1,0,1,0,1,1,0,0
2024,11,5,17:41:56.866,52.86,145,119.1,0.9444,1573.2,189.9,7.924,0.02,0.02,0.02,0.02,-1918.0,360.0,-931.0,-17377.0,17465,-31066,23.8,0.0,1720.0,0,0,0,ebf,d4d,d49,d49,d49,1,1,1,1,1,1,0,1,0,1,1,1,0,1,0,1,1,0,0,1,0,1,0,1,1,0,0,1,0,0,1,0,0,1,0,1,0,1,1,0,0,1,0,0,1,0,0,1,0,1,0,1,1,0,0,1,0,0,1,0,0,1,0,1,0,1,1,0,0
2024,11,5,17:41:56.886,52.88,165,119.1,0.9443,1576.1,192.8,7.925,0.02,0.02,0.02,0.02,-1919.0,360.0,-931.0,-17415.0,17472,-31085,24.9,0.0,1716.0,0,0,0,ebf,d4d,d49,d49,d49,1,1,1,1,1,1,0,1,0,1,1,1,0,1,0,1,1,0,0,1,0,1,0,1,1,0,0,1,0,0,1,0,0,1,0,1,0,1,1,0,0,1,0,0,1,0,0,1,0,1,0,1,1,0,0,1,0,0,1,0,0,1,0,1,0,1,1,0,0
2024,11,5,17:41:56.906,52.90,185,119.1,0.9443,1576.7,193.3,7.922,0.02,0.02,0.02,0.02,-1920.0,360.0,-931.0,-17454.0,17479,-31104,26.3,0.0,1711.0,0,0,0,ebf,d4d,d49,d49,d49,1,1,1,1,1,1,0,1,0,1,1,1,0,1,0,1,1,0,0,1,0,1,0,1,1,0,0,1,0,0,1,0,0,1,0,1,0,1,1,0,0,1,0,0,1,0,0,1,0,1,0,1,1,0,0,1,0,0,1,0,0,1,0,1,0,1,1,0,0
2024,11,5,17:41:56.926,52.92,205,119.1,0.9446,1569.2,185.8,7.924,0.02,0.02,0.02,0.02,-1921.0,360.0,-931.0,-17492.0,17487,-31122,28.0,0.0,1707.0,0,0,0,ebf,d4d,d49,d49,d49,1,1,1,1,1,1,0,1,0,1,1,1,0,1,0,1,1,0,0,1,0,1,0,1,1,0,0,1,0,0,1,0,0,1,0,1,0,1,1,0,0,1,0,0,1,0,0,1,0,1,0,1,1,0,0,1,0,0,1,0,0,1,0,1,0,1,1,0,0
2024,11,5,17:41:56.946,52.94,225,119.1,0.9446,1568.6,185.2,7.922,0.02,0.02,0.02,0.02,-1923.0,361.0,-932.0,-17531.0,17494,-31141,29.8,0.0,1703.0,0,0,0,ebf,d4d,d49,d49,d49,1,1,1,1,1,1,0,1,0,1,1,1,0,1,0,1,1,0,0,1,0,1,0,1,1,0,0,1,0,0,1,0,0,1,0,1,0,1,1,0,0,1,0,0,1,0,0,1,0,1,0,1,1,0,0,1,0,0,1,0,0,1,0,1,0,1,1,0,0
2024,11,5,17:41:56.966,52.96,245,119.1,0.9448,1562.8,179.4,7.924,0.02,0.02,0.02,0.02,-1924.0,361.0,-932.0,-17569.0,17501,-31160,31.7,0.0,1700.0,0,0,0,ebf,d4d,d49,d49,d49,1,1,1,1,1,1,0,1,0,1,1,1,0,1,0,1,1,0,0,1,0,1,0,1,1,0,0,1,0,0,1,0,0,1,0,1,0,1,1,0,0,1,0,0,1,0,0,1,0,1,0,1,1,0,0,1,0,0,1,0,0,1,0,1,0,1,1,0,0
2024,11,5,17:41:56.986,52.98,15,119.1,0.9448,1562.8,179.4,7.923,0.02,0.02,0.02,0.02,-1925.0,361.0,-932.0,-17608.0,17508,-31178,33.6,0.0,1696.0,0,0,0,ebf,d4d,d49,d49,d49,1,1,1,1,1,1,0,1,0,1,1,1,0,1,0,1,1,0,0,1,0,1,0,1,1,0,0,1,0,0,1,0,0,1,0,1,0,1,1,0,0,1,0,0,1,0,0,1,0,1,0,1,1,0,0,1,0,0,1,0,0,1,0,1,0,1,1,0,0
2024,11,5,17:41:57.006,53.00,35,119.1,0.9442,1580.8,197.4,7.923,0.02,0.02,0.02,0.02,-1927.0,361.0,-933.0,-17646.0,17516,-31197,35.4,0.0,1693.0,0,0,0,ebf,d4d,d49,d49,d49,1,1,1,1,1,1,0,1,0,1,1,1,0,1,0,1,1,0,0,1,0,1,0,1,1,0,0,1,0,0,1,0,0,1,0,1,0,1,1,0,0,1,0,0,1,0,0,1,0,1,0,1,1,0,0,1,0,0,1,0,0,1,0,1,0,1,1,0,0
2024,11,5,17:41:57.026,53.02,55,119.1,0.9442,1580.8,197.4,7.924,0.02,0.02,0.02,0.02,-1928.0,361.0,-933.0,-17685.0,17523,-31216,37.1,0.0,1690.0,0,0,0,ebf,d4d,d49,d49,d49,1,1,1,1,1,1,0,1,0,1,1,1,0,1,0,1,1,0,0,1,0,1,0,1,1,0,0,1,0,0,1,0,0,1,0,1,0,1,1,0,0,1,0,0,1,0,0,1,0,1,0,1,1,0,0,1,0,0,1,0,0,1,0,1,0,1,1,0,0
2024,11,5,17:41:57.046,53.04,75,119.1,0.9446,1567.4,184.1,7.923,0.02,0.02,0.02,0.02,-1929.0,361.0,-933.0,-17723.0,17530,-31234,38.6,0.0,1687.0,0,0,0,ebf,d4d,d49,d49,d49,1,1,1,1,1,1,0,1,0,1,1,1,0,1,0,1,1,0,0,1,0,1,0,1,1,0,0,1,0,0,1,0,0,1,0,1,0,1,1,0,0,1,0,0,1,0,0,1,0,1,0,1,1,0,0,1,0,0,1,0,0,1,0,1,0,1,1,0,0
2024,11,5,17:41:57.066,53.06,95,119.1,0.9446,1567.4,184.1,7.923,0.02,0.02,0.02,0.02,-1931.0,361.0,-934.0,-17762.0,17537,-31253,40.2,0.0,1685.0,0,0,0,ebf,d4d,d49,d49,d49,1,1,1,1,1,1,0,1,0,1,1,1,0,1,0,1,1,0,0,1,0,1,0,1,1,0,0,1,0,0,1,0,0,1,0,1,0,1,1,0,0,1,0,0,1,0,0,1,0,1,0,1,1,0,0,1,0,0,1,0,0,1,0,1,0,1,1,0,0
2024,11,5,17:41:57.086,53.08,115,119.1,0.9445,1572.1,188.7,7.924,0.02,0.02,0.02,0.02,-1932.0,361.0,-934.0,-17801.0,17544,-31272,41.7,0.0,1683.0,0,0,0,ebf,d4d,d49,d49,d49,1,1,1,1,1,1,0,1,0,1,1,1,0,1,0,1,1,0,0,1,0,1,0,1,1,0,0,1,0,0,1,0,0,1,0,1,0,1,1,0,0,1,0,0,1,0,0,1,0,1,0,1,1,0,0,1,0,0,1,0,0,1,0,1,0,1,1,0,0
2024,11,5,17:41:57.106,53.10,135,119.1,0.9445,1572.1,188.7,7.924,0.02,0.02,0.02,0.02,-1933.0,361.0,-934.0,-17839.0,17552,-31290,43.2,0.0,1682.0,0,0,0,ebf,d4d,d49,d49,d49,1,1,1,1,1,1,0,1,0,1,1,1,0,1,0,1,1,0,0,1,0,1,0,1,1,0,0,1,0,0,1,0,0,1,0,1,0,1,1,0,0,1,0,0,1,0,0,1,0,1,0,1,1,0,0,1,0,0,1,0,0,1,0,1,0,1,1,0,0
2024,11,5,17:41:57.126,53.12,155,119.1,0.9450,1555.9,172.5,7.924,0.02,0.02,0.02,0.02,-1935.0,361.0,-935.0,-17878.0,17559,-31309,44.7,0.0,1680.0,0,0,0,ebf,d4d,d49,d49,d49,1,1,1,1,1,1,0,1,0,1,1,1,0,1,0,1,1,0,0,1,0,1,0,1,1,0,0,1,0,0,1,0,0,1,0,1,0,1,1,0,0,1,0,0,1,0,0,1,0,1,0,1,1,0,0,1,0,0,1,0,0,1,0,1,0,1,1,0,0
2024,11,5,17:41:57.146,53.14,175,119.1,0.9450,1555.9,172.5,7.924,0.02,0.02,0.02,0.02,-1936.0,361.0,-935.0,-17917.0,17566,-31328,46.1,0.0,1679.0,0,0,0,ebf,d4d,d49,d49,d49,1,1,1,1,1,1,0,1,0,1,1,1,0,1,0,1,1,0,0,1,0,1,0,1,1,0,0,1,0,0,1,0,0,1,0,1,0,1,1,0,0,1,0,0,1,0,0,1,0,1,0,1,1,0,0,1,0,0,1,0,0,1,0,1,0,1,1,0,0
2024,11,5,17:41:57.166,53.16,195,119.1,0.9455,1543.7,160.3,7.924,0.02,0.02,0.02,0.02,-1937.0,361.0,-935.0,-17955.0,17573,-31346,47.5,0.0,1678.0,0,0,0,ebf,d4d,d49,d49,d49,1,1,1,1,1,1,0,1,0,1,1,1,0,1,0,1,1,0,0,1,0,1,0,1,1,0,0,1,0,0,1,0,0,1,0,1,0,1,1,0,0,1,0,0,1,0,0,1,0,1,0,1,1,0,0,1,0,0,1,0,0,1,0,1,0,1,1,0,0
2024,11,5,17:41:57.186,53.18,215,119.1,0.9455,1543.7,160.3,7.924,0.02,0.02,0.02,0.02,-1938.0,361.0,-936.0,-17994.0,17581,-31365,48.9,0.0,1677.0,0,0,0,ebf,d4d,d49,d49,d49,1,1,1,1,1,1,0,1,0,1,1,1,0,1,0,1,1,0,0,1,0,1,0,1,1,0,0,1,0,0,1,0,0,1,0,1,0,1,1,0,0,1,0,0,1,0,0,1,0,1,0,1,1,0,0,1,0,0,1,0,0,1,0,1,0,1,1,0,0
2024,11,5,17:41:57.206,53.20,235,119.1,0.9454,1544.9,161.5,7.923,0.02,0.02,0.02,0.02,-1940.0,361.0,-936.0,-18033.0,17588,-31384,50.2,0.0,1677.0,0,0,0,ebf,d4d,d49,d49,d49,1,1,1,1,1,1,0,1,0,1,1,1,0,1,0,1,1,0,0,1,0,1,0,1,1,0,0,1,0,0,1,0,0,1,0,1,0,1,1,0,0,1,0,0,1,0,0,1,0,1,0,1,1,0,0,1,0,0,1,0,0,1,0,1,0,1,1,0,0
2024,11,5,17:41:57.226,53.22,5,119.1,0.9454,1545.4,162.0,7.923,0.02,0.02,0.02,0.02,-1941.0,361.0,-936.0,-18072.0,17595,-31403,51.3,0.0,1676.0,0,0,0,ebf,d4d,d49,d49,d49,1,1,1,1,1,1,0,1,0,1,1,1,0,1,0,1,1,0,0,1,0,1,0,1,1,0,0,1,0,0,1,0,0,1,0,1,0,1,1,0,0,1,0,0,1,0,0,1,0,1,0,1,1,0,0,1,0,0,1,0,0,1,0,1,0,1,1,0,0
2024,11,5,17:41:57.246,53.24,25,119.1,0.9459,1530.4,147.0,7.924,0.02,0.02,0.02,0.02,-1942.0,361.0,-937.0,-18111.0,17602,-31421,52.3,0.0,1676.0,0,0,0,ebf,d4d,d49,d49,d49,1,1,1,1,1,1,0,1,0,1,1,1,0,1,0,1,1,0,0,1,0,1,0,1,1,0,0,1,0,0,1,0,0,1,0,1,0,1,1,0,0,1,0,0,1,0,0,1,0,1,0,1,1,0,0,1,0,0,1,0,0,1,0,1,0,1,1,0,0
2024,11,5,17:41:57.266,53.26,45,119.1,0.9459,1530.4,147.0,7.923,0.02,0.02,0.02,0.02,-1943.0,361.0,-937.0,-18150.0,17610,-31440,53.1,0.0,1677.0,0,0,0,ebf,d4d,d49,d49,d49,1,1,1,1,1,1,0,1,0,1,1,1,0,1,0,1,1,0,0,1,0,1,0,1,1,0,0,1,0,0,1,0,0,1,0,1,0,1,1,0,0,1,0,0,1,0,0,1,0,1,0,1,1,0,0,1,0,0,1,0,0,1,0,1,0,1,1,0,0
2024,11,5,17:41:57.286,53.28,65,119.1,0.9462,1521.7,138.3,7.924,0.02,0.02,0.02,0.02,-1944.0,361.0,-937.0,-18188.0,17617,-31459,53.6,0.0,1677.0,0,0,0,ebf,d4d,d49,d49,d49,1,1,1,1,1,1,0,1,0,1,1,1,0,1,0,1,1,0,0,1,0,1,0,1,1,0,0,1,0,0,1,0,0,1,0,1,0,1,1,0,0,1,0,0,1,0,0,1,0,1,0,1,1,0,0,1,0,0,1,0,0,1,0,1,0,1,1,0,0
2024,11,5,17:41:57.306,53.30,85,119.1,0.9462,1521.7,138.3,7.924,0.02,0.02,0.02,0.02,-1946.0,362.0,-938.0,-18227.0,17624,-31478,54.0,0.0,1678.0,0,0,0,ebf,d4d,d49,d49,d49,1,1,1,1,1,1,0,1,0,1,1,1,0,1,0,1,1,0,0,1,0,1,0,1,1,0,0,1,0,0,1,0,0,1,0,1,0,1,1,0,0,1,0,0,1,0,0,1,0,1,0,1,1,0,0,1,0,0,1,0,0,1,0,1,0,1,1,0,0
2024,11,5,17:41:57.326,53.32,105,119.1,0.9458,1533.9,150.5,7.923,0.02,0.02,0.02,0.02,-1947.0,362.0,-938.0,-18266.0,17631,-31496,54.1,0.0,1678.0,0,0,0,ebf,d4d,d49,d49,d49,1,1,1,1,1,1,0,1,0,1,1,1,0,1,0,1,1,0,0,1,0,1,0,1,1,0,0,1,0,0,1,0,0,1,0,1,0,1,1,0,0,1,0,0,1,0,0,1,0,1,0,1,1,0,0,1,0,0,1,0,0,1,0,1,0,1,1,0,0
2024,11,5,17:41:57.346,53.34,125,119.1,0.9458,1533.3,149.9,7.923,0.02,0.02,0.02,0.02,-1948.0,362.0,-938.0,-18305.0,17639,-31515,53.7,0.0,1679.0,0,0,0,ebf,d4d,d49,d49,d49,1,1,1,1,1,1,0,1,0,1,1,1,0,1,0,1,1,0,0,1,0,1,0,1,1,0,0,1,0,0,1,0,0,1,0,1,0,1,1,0,0,1,0,0,1,0,0,1,0,1,0,1,1,0,0,1,0,0,1,0,0,1,0,1,0,1,1,0,0
2024,11,5,17:41:57.366,53.36,145,119.1,0.9464,1517.1,133.7,7.924,0.02,0.02,0.02,0.02,-1949.0,362.0,-939.0,-18344.0,17646,-31534,52.9,0.0,1680.0,0,0,0,ebf,d4d,d49,d49,d49,1,1,1,1,1,1,0,1,0,1,1,1,0,1,0,1,1,0,0,1,0,1,0,1,1,0,0,1,0,0,1,0,0,1,0,1,0,1,1,0,0,1,0,0,1,0,0,1,0,1,0,1,1,0,0,1,0,0,1,0,0,1,0,1,0,1,1,0,0
2024,11,5,17:41:57.386,53.38,165,119.1,0.9464,1517.1,133.7,7.923,0.02,0.02,0.02,0.02,-1950.0,362.0,-939.0,-18383.0,17653,-31553,52.0,0.0,1681.0,0,0,0,ebf,d4d,d49,d49,d49,1,1,1,1,1,1,0,1,0,1,1,1,0,1,0,1,1,0,0,1,0,1,0,1,1,0,0,1,0,0,1,0,0,1,0,1,0,1,1,0,0,1,0,0,1,0,0,1,0,1,0,1,1,0,0,1,0,0,1,0,0,1,0,1,0,1,1,0,0
2024,11,5,17:41:57.406,53.40,185,119.1,0.9465,1512.4,129.0,7.924,0.02,0.02,0.02,0.02,-1951.0,362.0,-940.0,-18422.0,17660,-31571,51.0,0.0,1682.0,0,0,0,ebf,d4d,d49,d49,d49,1,1,1,1,1,1,0,1,0,1,1,1,0,1,0,1,1,0,0,1,0,1,0,1,1,0,0,1,0,0,1,0,0,1,0,1,0,1,1,0,0,1,0,0,1,0,0,1,0,1,0,1,1,0,0,1,0,0,1,0,0,1,0,1,0,1,1,0,0
2024,11,5,17:41:57.426,53.42,205,119.1,0.9465,1512.4,129.0,7.924,0.02,0.02,0.02,0.02,-1952.0,362.0,-940.0,-18461.0,17667,-31590,49.6,0.0,1684.0,0,0,0,ebf,d4d,d49,d49,d49,1,1,1,1,1,1,0,1,0,1,1,1,0,1,0,1,1,0,0,1,0,1,0,1,1,0,0,1,0,0,1,0,0,1,0,1,0,1,1,0,0,1,0,0,1,0,0,1,0,1,0,1,1,0,0,1,0,0,1,0,0,1,0,1,0,1,1,0,0
2024,11,5,17:41:57.446,53.44,225,119.1,0.9468,1506.1,122.7,7.924,0.02,0.02,0.02,0.02,-1953.0,362.0,-940.0,-18500.0,17675,-31609,47.9,0.0,1685.0,0,0,0,ebf,d4d,d49,d49,d49,1,1,1,1,1,1,0,1,0,1,1,1,0,1,0,1,1,0,0,1,0,1,0,1,1,0,0,1,0,0,1,0,0,1,0,1,0,1,1,0,0,1,0,0,1,0,0,1,0,1,0,1,1,0,0,1,0,0,1,0,0,1,0,1,0,1,1,0,0
2024,11,5,17:41:57.466,53.46,245,119.1,0.9467,1506.7,123.3,7.924,0.02,0.02,0.02,0.02,-1953.0,361.0,-941.0,-18539.0,17682,-31628,45.2,0.0,1686.0,0,0,0,ebf,d4d,d49,d49,d49,1,1,1,1,1,1,0,1,0,1,1,1,0,1,0,1,1,0,0,1,0,1,0,1,1,0,0,1,0,0,1,0,0,1,0,1,0,1,1,0,0,1,0,0,1,0,0,1,0,1,0,1,1,0,0,1,0,0,1,0,0,1,0,1,0,1,1,0,0
2024,11,5,17:41:57.486,53.48,15,119.1,0.9472,1493.3,110.0,7.923,0.02,0.02,0.02,0.02,-1954.0,361.0,-941.0,-18579.0,17689,-31647,42.0,0.0,1688.0,0,0,0,ebf,d4d,d49,d49,d49,1,1,1,1,1,1,0,1,0,1,1,1,0,1,0,1,1,0,0,1,0,1,0,1,1,0,0,1,0,0,1,0,0,1,0,1,0,1,1,0,0,1,0,0,1,0,0,1,0,1,0,1,1,0,0,1,0,0,1,0,0,1,0,1,0,1,1,0,0
2024,11,5,17:41:57.506,53.50,35,119.1,0.9472,1492.8,109.4,7.924,0.02,0.02,0.02,0.02,-1955.0,361.0,-942.0,-18618.0,17696,-31666,38.6,0.0,1689.0,0,0,0,ebf,d4d,d49,d49,d49,1,1,1,1,1,1,0,1,0,1,1,1,0,1,0,1,1,0,0,1,0,1,0,1,1,0,0,1,0,0,1,0,0,1,0,1,0,1,1,0,0,1,0,0,1,0,0,1,0,1,0,1,1,0,0,1,0,0,1,0,0,1,0,1,0,1,1,0,0
2024,11,5,17:41:57.526,53.52,55,119.1,0.9479,1472.0,88.6,7.923,0.02,0.02,0.02,0.02,-1956.0,361.0,-942.0,-18657.0,17704,-31684,35.0,0.0,1690.0,0,0,0,ebf,d4d,d49,d49,d49,1,1,1,1,1,1,0,1,0,1,1,1,0,1,0,1,1,0,0,1,0,1,0,1,1,0,0,1,0,0,1,0,0,1,0,1,0,1,1,0,0,1,0,0,1,0,0,1,0,1,0,1,1,0,0,1,0,0,1,0,0,1,0,1,0,1,1,0,0
2024,11,5,17:41:57.546,53.54,75,119.1,0.9479,1472.0,88.6,7.923,0.02,0.02,0.02,0.02,-1958.0,361.0,-942.0,-18696.0,17711,-31703,31.5,0.0,1692.0,0,0,0,ebf,d4d,d49,d49,d49,1,1,1,1,1,1,0,1,0,1,1,1,0,1,0,1,1,0,0,1,0,1,0,1,1,0,0,1,0,0,1,0,0,1,0,1,0,1,1,0,0,1,0,0,1,0,0,1,0,1,0,1,1,0,0,1,0,0,1,0,0,1,0,1,0,1,1,0,0
2024,11,5,17:41:57.566,53.56,95,119.1,0.9480,1469.1,85.7,7.924,0.02,0.02,0.02,0.02,-1959.0,361.0,-943.0,-18735.0,17718,-31722,28.4,0.0,1693.0,0,0,0,ebf,d4d,d49,d49,d49,1,1,1,1,1,1,0,1,0,1,1,1,0,1,0,1,1,0,0,1,0,1,0,1,1,0,0,1,0,0,1,0,0,1,0,1,0,1,1,0,0,1,0,0,1,0,0,1,0,1,0,1,1,0,0,1,0,0,1,0,0,1,0,1,0,1,1,0,0
2024,11,5,17:41:57.586,53.58,115,119.1,0.9480,1469.1,85.7,7.925,0.02,0.02,0.02,0.02,-1960.0,361.0,-943.0,-18774.0,17725,-31741,25.7,0.0,1694.0,0,0,0,ebf,d4d,d49,d49,d49,1,1,1,1,1,1,0,1,0,1,1,1,0,1,0,1,1,0,0,1,0,1,0,1,1,0,0,1,0,0,1,0,0,1,0,1,0,1,1,0,0,1,0,0,1,0,0,1,0,1,0,1,1,0,0,1,0,0,1,0,0,1,0,1,0,1,1,0,0
2024,11,5,17:41:57.606,53.60,135,119.1,0.9484,1458.7,75.3,7.925,0.02,0.02,0.02,0.02,-1961.0,361.0,-944.0,-18814.0,17733,-31760,23.4,0.0,1695.0,0,0,0,ebf,d4d,d49,d49,d49,1,1,1,1,1,1,0,1,0,1,1,1,0,1,0,1,1,0,0,1,0,1,0,1,1,0,0,1,0,0,1,0,0,1,0,1,0,1,1,0,0,1,0,0,1,0,0,1,0,1,0,1,1,0,0,1,0,0,1,0,0,1,0,1,0,1,1,0,0
2024,11,5,17:41:57.626,53.62,155,119.1,0.9484,1458.7,75.3,7.924,0.02,0.02,0.02,0.02,-1962.0,361.0,-944.0,-18853.0,17740,-31779,21.6,0.0,1695.0,0,0,0,ebf,d4d,d49,d49,d49,1,1,1,1,1,1,0,1,0,1,1,1,0,1,0,1,1,0,0,1,0,1,0,1,1,0,0,1,0,0,1,0,0,1,0,1,0,1,1,0,0,1,0,0,1,0,0,1,0,1,0,1,1,0,0,1,0,0,1,0,0,1,0,1,0,1,1,0,0
2024,11,5,17:41:57.646,53.64,175,119.1,0.9486,1454.0,70.7,7.923,0.02,0.02,0.02,0.02,-1964.0,361.0,-944.0,-18892.0,17747,-31798,20.1,0.0,1695.0,0,0,0,ebf,d4d,d49,d49,d49,1,1,1,1,1,1,0,1,0,1,1,1,0,1,0,1,1,0,0,1,0,1,0,1,1,0,0,1,0,0,1,0,0,1,0,1,0,1,1,0,0,1,0,0,1,0,0,1,0,1,0,1,1,0,0,1,0,0,1,0,0,1,0,1,0,1,1,0,0
2024,11,5,17:41:57.666,53.66,195,119.1,0.9486,1454.0,70.7,7.923,0.02,0.02,0.02,0.02,-1965.0,361.0,-944.0,-18931.0,17754,-31817,18.8,0.0,1695.0,0,0,0,ebf,d4d,d49,d49,d49,1,1,1,1,1,1,0,1,0,1,1,1,0,1,0,1,1,0,0,1,0,1,0,1,1,0,0,1,0,0,1,0,0,1,0,1,0,1,1,0,0,1,0,0,1,0,0,1,0,1,0,1,1,0,0,1,0,0,1,0,0,1,0,1,0,1,1,0,0
2024,11,5,17:41:57.686,53.68,215,119.1,0.9484,1457.5,74.1,7.923,0.02,0.02,0.02,0.02,-1965.0,361.0,-946.0,-18971.0,17761,-31835,16.7,0.0,1695.0,0,0,0,ebf,d4d,d49,d49,d49,1,1,1,1,1,1,0,1,0,1,1,1,0,1,0,1,1,0,0,1,0,1,0,1,1,0,0,1,0,0,1,0,0,1,0,1,0,1,1,0,0,1,0,0,1,0,0,1,0,1,0,1,1,0,0,1,0,0,1,0,0,1,0,1,0,1,1,0,0
2024,11,5,17:41:57.706,53.70,235,119.1,0.9484,1457.5,74.1,7.923,0.02,0.02,0.02,0.02,-1967.0,362.0,-947.0,-19010.0,17769,-31854,12.7,0.0,1694.0,0,0,0,ebf,d4d,d49,d49,d49,1,1,1,1,1,1,0,1,0,1,1,1,0,1,0,1,1,0,0,1,0,1,0,1,1,0,0,1,0,0,1,0,0,1,0,1,0,1,1,0,0,1,0,0,1,0,0,1,0,1,0,1,1,0,0,1,0,0,1,0,0,1,0,1,0,1,1,0,0
2024,11,5,17:41:57.726,53.72,5,119.1,0.9480,1469.6,86.3,7.923,0.02,0.02,0.02,0.02,-1968.0,362.0,-947.0,-19049.0,17776,-31873,9.1,0.0,1693.0,0,0,0,ebf,d4d,d49,d49,d4d,1,1,1,1,1,1,0,1,0,1,1,1,0,1,0,1,1,0,0,1,0,1,0,1,1,0,0,1,0,0,1,0,0,1,0,1,0,1,1,0,0,1,0,0,1,0,0,1,0,1,0,1,1,0,0,1,0,1,1,0,0,1,0,1,0,1,1,0,0
2024,11,5,17:41:57.746,53.74,25,119.1,0.9480,1469.1,85.7,7.925,0.02,0.02,0.02,0.02,-1969.0,362.0,-948.0,-19089.0,17783,-31892,7.5,0.0,1691.0,0,0,0,ebf,d45,d41,d41,d45,1,1,1,1,1,1,0,1,0,1,1,1,0,1,0,1,0,0,0,1,0,1,0,1,1,0,0,1,0,0,0,0,0,1,0,1,0,1,1,0,0,1,0,0,0,0,0,1,0,1,0,1,1,0,0,1,0,1,0,0,0,1,0,1,0,1,1,0,0
2024,11,5,17:41:57.766,53.76,45,119.1,0.9478,1475.4,92.0,7.924,0.02,0.02,0.02,0.02,-1971.0,362.0,-948.0,-19128.0,17790,-31911,8.8,0.0,1689.0,0,0,0,ebf,d45,d41,d41,d45,1,1,1,1,1,1,0,1,0,1,1,1,0,1,0,1,0,0,0,1,0,1,0,1,1,0,0,1,0,0,0,0,0,1,0,1,0,1,1,0,0,1,0,0,0,0,0,1,0,1,0,1,1,0,0,1,0,1,0,0,0,1,0,1,0,1,1,0,0
2024,11,5,17:41:57.786,53.78,65,119.1,0.9478,1474.8,91.5,7.923,0.02,0.02,0.02,0.02,-1972.0,362.0,-948.0,-19168.0,17798,-31930,11.8,0.0,1686.0,0,0,0,ebf,d45,d41,d41,d45,1,1,1,1,1,1,0,1,0,1,1,1,0,1,0,1,0,0,0,1,0,1,0,1,1,0,0,1,0,0,0,0,0,1,0,1,0,1,1,0,0,1,0,0,0,0,0,1,0,1,0,1,1,0,0,1,0,1,0,0,0,1,0,1,0,1,1,0,0
2024,11,5,17:41:57.806,53.80,85,119.1,0.9482,1464.4,81.1,7.923,0.02,0.02,0.02,0.02,-1973.0,363.0,-948.0,-19207.0,17805,-31949,15.3,0.0,1683.0,0,0,0,ebf,d45,d41,d41,d45,1,1,1,1,1,1,0,1,0,1,1,1,0,1,0,1,0,0,0,1,0,1,0,1,1,0,0,1,0,0,0,0,0,1,0,1,0,1,1,0,0,1,0,0,0,0,0,1,0,1,0,1,1,0,0,1,0,1,0,0,0,1,0,1,0,1,1,0,0
2024,11,5,17:41:57.826,53.82,105,119.1,0.9482,1465.0,81.6,7.924,0.02,0.02,0.02,0.02,-1975.0,362.0,-948.0,-19247.0,17812,-31968,18.8,0.0,1680.0,0,0,0,ebf,d4d,d49,d49,d49,1,1,1,1,1,1,0,1,0,1,1,1,0,1,0,1,1,0,0,1,0,1,0,1,1,0,0,1,0,0,1,0,0,1,0,1,0,1,1,0,0,1,0,0,1,0,0,1,0,1,0,1,1,0,0,1,0,0,1,0,0,1,0,1,0,1,1,0,0
2024,11,5,17:41:57.846,53.84,125,119.1,0.9479,1472.0,88.6,7.922,0.02,0.02,0.02,0.02,-1976.0,362.0,-949.0,-19286.0,17820,-31987,22.2,0.0,1676.0,0,0,0,ebf,d4d,d49,d49,d49,1,1,1,1,1,1,0,1,0,1,1,1,0,1,0,1,1,0,0,1,0,1,0,1,1,0,0,1,0,0,1,0,0,1,0,1,0,1,1,0,0,1,0,0,1,0,0,1,0,1,0,1,1,0,0,1,0,0,1,0,0,1,0,1,0,1,1,0,0
2024,11,5,17:41:57.866,53.86,145,119.1,0.9479,1472.0,88.6,7.923,0.02,0.02,0.02,0.02,-1977.0,362.0,-949.0,-19326.0,17827,-32006,25.4,0.0,1671.0,0,0,0,ebf,d4d,d49,d49,d49,1,1,1,1,1,1,0,1,0,1,1,1,0,1,0,1,1,0,0,1,0,1,0,1,1,0,0,1,0,0,1,0,0,1,0,1,0,1,1,0,0,1,0,0,1,0,0,1,0,1,0,1,1,0,0,1,0,0,1,0,0,1,0,1,0,1,1,0,0
2024,11,5,17:41:57.886,53.88,165,119.1,0.9480,1470.8,87.4,7.923,0.02,0.02,0.02,0.02,-1979.0,362.0,-949.0,-19365.0,17834,-32025,28.4,0.0,1666.0,0,0,0,ebf,d4d,d49,d49,d49,1,1,1,1,1,1,0,1,0,1,1,1,0,1,0,1,1,0,0,1,0,1,0,1,1,0,0,1,0,0,1,0,0,1,0,1,0,1,1,0,0,1,0,0,1,0,0,1,0,1,0,1,1,0,0,1,0,0,1,0,0,1,0,1,0,1,1,0,0
2024,11,5,17:41:57.906,53.90,185,119.1,0.9480,1470.2,86.8,7.923,0.02,0.02,0.02,0.02,-1980.0,362.0,-949.0,-19405.0,17841,-32044,31.3,0.0,1661.0,0,0,0,ebf,d4d,d49,d49,d49,1,1,1,1,1,1,0,1,0,1,1,1,0,1,0,1,1,0,0,1,0,1,0,1,1,0,0,1,0,0,1,0,0,1,0,1,0,1,1,0,0,1,0,0,1,0,0,1,0,1,0,1,1,0,0,1,0,0,1,0,0,1,0,1,0,1,1,0,0
2024,11,5,17:41:57.926,53.92,205,119.1,0.9480,1469.1,85.7,7.922,0.02,0.02,0.02,0.02,-1981.0,362.0,-949.0,-19444.0,17849,-32063,34.0,0.0,1654.0,0,0,0,ebf,d4d,d49,d49,d49,1,1,1,1,1,1,0,1,0,1,1,1,0,1,0,1,1,0,0,1,0,1,0,1,1,0,0,1,0,0,1,0,0,1,0,1,0,1,1,0,0,1,0,0,1,0,0,1,0,1,0,1,1,0,0,1,0,0,1,0,0,1,0,1,0,1,1,0,0
2024,11,5,17:41:57.946,53.94,225,119.1,0.9480,1469.1,85.7,7.923,0.02,0.02,0.02,0.02,-1982.0,362.0,-948.0,-19484.0,17856,-32082,36.3,0.0,1643.0,0,0,0,ebf,d4d,d49,d49,d49,1,1,1,1,1,1,0,1,0,1,1,1,0,1,0,1,1,0,0,1,0,1,0,1,1,0,0,1,0,0,1,0,0,1,0,1,0,1,1,0,0,1,0,0,1,0,0,1,0,1,0,1,1,0,0,1,0,0,1,0,0,1,0,1,0,1,1,0,0
2024,11,5,17:41:57.966,53.96,245,119.1,0.9480,1470.2,86.8,7.924,0.02,0.02,0.02,0.02,-1983.0,361.0,-948.0,-19524.0,17863,-32101,38.4,0.0,1631.0,0,0,0,ebf,d4d,d49,d49,d49,1,1,1,1,1,1,0,1,0,1,1,1,0,1,0,1,1,0,0,1,0,1,0,1,1,0,0,1,0,0,1,0,0,1,0,1,0,1,1,0,0,1,0,0,1,0,0,1,0,1,0,1,1,0,0,1,0,0,1,0,0,1,0,1,0,1,1,0,0
2024,11,5,17:41:57.986,53.98,15,119.1,0.9480,1470.2,86.8,7.924,0.02,0.02,0.02,0.02,-1984.0,361.0,-949.0,-19563.0,17870,-32120,40.6,0.0,1617.0,0,0,0,ebf,d4d,d49,d49,d49,1,1,1,1,1,1,0,1,0,1,1,1,0,1,0,1,1,0,0,1,0,1,0,1,1,0,0,1,0,0,1,0,0,1,0,1,0,1,1,0,0,1,0,0,1,0,0,1,0,1,0,1,1,0,0,1,0,0,1,0,0,1,0,1,0,1,1,0,0
2024,11,5,17:41:58.006,54.00,35,119.1,0.9484,1459.8,76.4,7.922,0.02,0.02,0.02,0.02,-1986.0,361.0,-949.0,-19603.0,17878,-32139,42.8,0.0,1602.0,0,0,0,ebf,d4d,d49,d49,d49,1,1,1,1,1,1,0,1,0,1,1,1,0,1,0,1,1,0,0,1,0,1,0,1,1,0,0,1,0,0,1,0,0,1,0,1,0,1,1,0,0,1,0,0,1,0,0,1,0,1,0,1,1,0,0,1,0,0,1,0,0,1,0,1,0,1,1,0,0
2024,11,5,17:41:58.026,54.02,55,119.1,0.9484,1459.8,76.4,7.924,0.02,0.02,0.02,0.02,-1987.0,361.0,-950.0,-19643.0,17885,-32158,45.2,0.0,1587.0,0,0,0,ebf,d4d,d49,d49,d49,1,1,1,1,1,1,0,1,0,1,1,1,0,1,0,1,1,0,0,1,0,1,0,1,1,0,0,1,0,0,1,0,0,1,0,1,0,1,1,0,0,1,0,0,1,0,0,1,0,1,0,1,1,0,0,1,0,0,1,0,0,1,0,1,0,1,1,0,0
2024,11,5,17:41:58.046,54.04,75,119.1,0.9481,1466.2,82.8,7.924,0.02,0.02,0.02,0.02,-1988.0,361.0,-951.0,-19683.0,17892,-32177,47.8,0.0,1571.0,0,0,0,ebf,d4d,d49,d49,d49,1,1,1,1,1,1,0,1,0,1,1,1,0,1,0,1,1,0,0,1,0,1,0,1,1,0,0,1,0,0,1,0,0,1,0,1,0,1,1,0,0,1,0,0,1,0,0,1,0,1,0,1,1,0,0,1,0,0,1,0,0,1,0,1,0,1,1,0,0
2024,11,5,17:41:58.066,54.06,95,119.1,0.9481,1466.2,82.8,7.923,0.02,0.02,0.02,0.02,-1990.0,361.0,-951.0,-19722.0,17899,-32196,50.8,0.0,1556.0,0,0,0,ebf,d4d,d49,d49,d49,1,1,1,1,1,1,0,1,0,1,1,1,0,1,0,1,1,0,0,1,0,1,0,1,1,0,0,1,0,0,1,0,0,1,0,1,0,1,1,0,0,1,0,0,1,0,0,1,0,1,0,1,1,0,0,1,0,0,1,0,0,1,0,1,0,1,1,0,0
2024,11,5,17:41:58.086,54.08,115,119.1,0.9484,1458.7,75.3,7.925,0.02,0.02,0.02,0.02,-1991.0,361.0,-952.0,-19762.0,17906,-32215,53.3,0.0,1540.0,0,0,0,ebf,d4d,d49,d49,d49,1,1,1,1,1,1,0,1,0,1,1,1,0,1,0,1,1,0,0,1,0,1,0,1,1,0,0,1,0,0,1,0,0,1,0,1,0,1,1,0,0,1,0,0,1,0,0,1,0,1,0,1,1,0,0,1,0,0,1,0,0,1,0,1,0,1,1,0,0
2024,11,5,17:41:58.106,54.10,135,119.1,0.9484,1458.7,75.3,7.923,0.02,0.02,0.02,0.02,-1992.0,361.0,-952.0,-19802.0,17914,-32234,55.4,0.0,1523.0,0,0,0,ebf,d4d,d49,d49,d49,1,1,1,1,1,1,0,1,0,1,1,1,0,1,0,1,1,0,0,1,0,1,0,1,1,0,0,1,0,0,1,0,0,1,0,1,0,1,1,0,0,1,0,0,1,0,0,1,0,1,0,1,1,0,0,1,0,0,1,0,0,1,0,1,0,1,1,0,0
2024,11,5,17:41:58.126,54.12,155,119.1,0.9488,1448.3,64.9,7.924,0.02,0.02,0.02,0.02,-1993.0,361.0,-952.0,-19842.0,17921,-32253,56.7,0.0,1507.0,0,0,0,ebf,d4d,d49,d49,d49,1,1,1,1,1,1,0,1,0,1,1,1,0,1,0,1,1,0,0,1,0,1,0,1,1,0,0,1,0,0,1,0,0,1,0,1,0,1,1,0,0,1,0,0,1,0,0,1,0,1,0,1,1,0,0,1,0,0,1,0,0,1,0,1,0,1,1,0,0
2024,11,5,17:41:58.146,54.14,175,119.1,0.9488,1448.3,64.9,7.924,0.02,0.02,0.02,0.02,-1994.0,362.0,-953.0,-19882.0,17928,-32272,57.2,0.0,1490.0,0,0,0,ebf,d4d,d49,d49,d49,1,1,1,1,1,1,0,1,0,1,1,1,0,1,0,1,1,0,0,1,0,1,0,1,1,0,0,1,0,0,1,0,0,1,0,1,0,1,1,0,0,1,0,0,1,0,0,1,0,1,0,1,1,0,0,1,0,0,1,0,0,1,0,1,0,1,1,0,0
2024,11,5,17:41:58.166,54.16,195,119.1,0.9491,1439.0,55.6,7.924,0.02,0.02,0.02,0.02,-1996.0,361.0,-953.0,-19922.0,17935,-32291,56.7,0.0,1474.0,0,0,0,ebf,d4d,d49,d49,d49,1,1,1,1,1,1,0,1,0,1,1,1,0,1,0,1,1,0,0,1,0,1,0,1,1,0,0,1,0,0,1,0,0,1,0,1,0,1,1,0,0,1,0,0,1,0,0,1,0,1,0,1,1,0,0,1,0,0,1,0,0,1,0,1,0,1,1,0,0
2024,11,5,17:41:58.186,54.18,215,119.1,0.9491,1439.0,55.6,7.924,0.02,0.02,0.02,0.02,-1997.0,361.0,-954.0,-19962.0,17943,-32311,55.6,0.0,1458.0,0,0,0,ebf,d4d,d49,d49,d49,1,1,1,1,1,1,0,1,0,1,1,1,0,1,0,1,1,0,0,1,0,1,0,1,1,0,0,1,0,0,1,0,0,1,0,1,0,1,1,0,0,1,0,0,1,0,0,1,0,1,0,1,1,0,0,1,0,0,1,0,0,1,0,1,0,1,1,0,0
2024,11,5,17:41:58.206,54.20,235,119.1,0.9491,1439.0,55.6,7.925,0.02,0.02,0.02,0.02,-1999.0,361.0,-954.0,-20002.0,17950,-32330,54.0,0.0,1442.0,0,0,0,ebf,d4d,d49,d49,d49,1,1,1,1,1,1,0,1,0,1,1,1,0,1,0,1,1,0,0,1,0,1,0,1,1,0,0,1,0,0,1,0,0,1,0,1,0,1,1,0,0,1,0,0,1,0,0,1,0,1,0,1,1,0,0,1,0,0,1,0,0,1,0,1,0,1,1,0,0
2024,11,5,17:41:58.226,54.22,5,119.1,0.9491,1439.0,55.6,2.974,0.02,0.02,0.02,0.02,-2035.0,362.0,-995.0,-20042.0,17957,-32349,59.4,0.0,1427.0,0,0,0,ebf,d4d,d49,d49,d49,1,1,1,1,1,1,0,1,0,1,1,1,0,1,0,1,1,0,0,1,0,1,0,1,1,0,0,1,0,0,1,0,0,1,0,1,0,1,1,0,0,1,0,0,1,0,0,1,0,1,0,1,1,0,0,1,0,0,1,0,0,1,0,1,0,1,1,0,0
2024,11,5,17:41:58.246,54.24,25,119.1,0.9863,381.2,-1002.2,2.565,0.02,0.02,0.02,0.02,-2035.0,363.0,-996.0,-20082.0,17964,-32369,76.7,0.0,1429.0,0,0,0,ebf,d4d,d49,d49,d49,1,1,1,1,1,1,0,1,0,1,1,1,0,1,0,1,1,0,0,1,0,1,0,1,1,0,0,1,0,0,1,0,0,1,0,1,0,1,1,0,0,1,0,0,1,0,0,1,0,1,0,1,1,0,0,1,0,0,1,0,0,1,0,1,0,1,1,0,0
2024,11,5,17:41:58.266,54.26,45,119.1,0.9863,381.2,-1002.2,2.556,0.02,0.02,0.02,0.03,-2038.0,363.0,-997.0,-20123.0,17972,-32389,107.9,0.0,1426.0,0,0,0,ebf,d4d,d49,d49,d49,1,1,1,1,1,1,0,1,0,1,1,1,0,1,0,1,1,0,0,1,0,1,0,1,1,0,0,1,0,0,1,0,0,1,0,1,0,1,1,0,0,1,0,0,1,0,0,1,0,1,0,1,1,0,0,1,0,0,1,0,0,1,0,1,0,1,1,0,0
2024,11,5,17:41:58.286,54.28,65,119.1,0.9512,1377.9,-5.5,2.549,0.02,0.02,0.02,0.02,-2042.0,360.0,-995.0,-20164.0,17979,-32409,123.0,0.0,1417.0,0,0,0,ebf,d49,d49,d49,d49,1,1,1,1,1,1,0,1,0,1,1,1,0,1,0,0,1,0,0,1,0,1,0,1,1,0,0,1,0,0,1,0,0,1,0,1,0,1,1,0,0,1,0,0,1,0,0,1,0,1,0,1,1,0,0,1,0,0,1,0,0,1,0,1,0,1,1,0,0
2024,11,5,17:41:58.306,54.30,85,119.1,0.9512,1378.5,-4.9,2.544,0.02,0.02,0.02,0.02,-2041.0,360.0,-997.0,-20205.0,17986,-32429,139.8,0.0,1410.0,0,0,0,ebf,d49,d49,d49,d49,1,1,1,1,1,1,0,1,0,1,1,1,0,1,0,0,1,0,0,1,0,1,0,1,1,0,0,1,0,0,1,0,0,1,0,1,0,1,1,0,0,1,0,0,1,0,0,1,0,1,0,1,1,0,0,1,0,0,1,0,0,1,0,1,0,1,1,0,0
2024,11,5,17:41:58.326,54.32,105,119.1,0.9506,1394.6,11.2,2.540,0.02,0.02,0.02,0.02,-2041.0,360.0,-997.0,-20246.0,17993,-32449,155.5,0.0,1405.0,0,0,0,ebf,d49,d49,d49,d49,1,1,1,1,1,1,0,1,0,1,1,1,0,1,0,0,1,0,0,1,0,1,0,1,1,0,0,1,0,0,1,0,0,1,0,1,0,1,1,0,0,1,0,0,1,0,0,1,0,1,0,1,1,0,0,1,0,0,1,0,0,1,0,1,0,1,1,0,0
2024,11,5,17:41:58.346,54.34,125,119.1,0.9506,1395.2,11.8,2.535,0.02,0.02,0.02,0.02,-2040.0,360.0,-998.0,-20287.0,18000,-32469,169.8,0.0,1400.0,0,0,0,ebf,d49,d49,d49,d49,1,1,1,1,1,1,0,1,0,1,1,1,0,1,0,0,1,0,0,1,0,1,0,1,1,0,0,1,0,0,1,0,0,1,0,1,0,1,1,0,0,1,0,0,1,0,0,1,0,1,0,1,1,0,0,1,0,0,1,0,0,1,0,1,0,1,1,0,0
2024,11,5,17:41:58.366,54.36,145,119.1,0.9507,1393.5,10.1,2.531,0.02,0.02,0.02,0.02,-2040.0,360.0,-998.0,-20327.0,18008,-32489,173.1,0.0,1397.0,0,0,0,ebf,d49,d49,d49,d49,1,1,1,1,1,1,0,1,0,1,1,1,0,1,0,0,1,0,0,1,0,1,0,1,1,0,0,1,0,0,1,0,0,1,0,1,0,1,1,0,0,1,0,0,1,0,0,1,0,1,0,1,1,0,0,1,0,0,1,0,0,1,0,1,0,1,1,0,0
2024,11,5,17:41:58.386,54.38,165,119.1,0.9507,1393.5,10.1,2.527,0.02,0.02,0.02,0.02,-2039.0,360.0,-998.0,-20368.0,18015,-32509,160.5,0.0,1394.0,0,0,0,ebf,d49,d49,d49,d49,1,1,1,1,1,1,0,1,0,1,1,1,0,1,0,0,1,0,0,1,0,1,0,1,1,0,0,1,0,0,1,0,0,1,0,1,0,1,1,0,0,1,0,0,1,0,0,1,0,1,0,1,1,0,0,1,0,0,1,0,0,1,0,1,0,1,1,0,0
2024,11,5,17:41:58.406,54.40,185,119.1,0.9507,1392.3,8.9,2.525,0.02,0.02,0.02,0.02,-2039.0,360.0,-998.0,-20409.0,18022,-32529,147.2,0.0,1391.0,0,0,0,ebf,d49,d49,d49,d49,1,1,1,1,1,1,0,1,0,1,1,1,0,1,0,0,1,0,0,1,0,1,0,1,1,0,0,1,0,0,1,0,0,1,0,1,0,1,1,0,0,1,0,0,1,0,0,1,0,1,0,1,1,0,0,1,0,0,1,0,0,1,0,1,0,1,1,0,0
2024,11,5,17:41:58.426,54.42,205,119.1,0.9507,1392.3,8.9,2.520,0.02,0.02,0.02,0.02,-2039.0,360.0,-998.0,-20450.0,18029,-32548,134.2,0.0,1389.0,0,0,0,ebf,d49,d49,d49,d49,1,1,1,1,1,1,0,1,0,1,1,1,0,1,0,0,1,0,0,1,0,1,0,1,1,0,0,1,0,0,1,0,0,1,0,1,0,1,1,0,0,1,0,0,1,0,0,1,0,1,0,1,1,0,0,1,0,0,1,0,0,1,0,1,0,1,1,0,0
2024,11,5,17:41:58.446,54.44,225,119.1,0.9509,1386.5,3.1,2.517,0.02,0.02,0.02,0.02,-2039.0,360.0,-997.0,-20490.0,18036,-32568,121.6,0.0,1387.0,0,0,0,ebf,d49,d49,d49,d49,1,1,1,1,1,1,0,1,0,1,1,1,0,1,0,0,1,0,0,1,0,1,0,1,1,0,0,1,0,0,1,0,0,1,0,1,0,1,1,0,0,1,0,0,1,0,0,1,0,1,0,1,1,0,0,1,0,0,1,0,0,1,0,1,0,1,1,0,0
2024,11,5,17:41:58.466,54.46,245,119.1,0.9509,1386.5,3.1,2.514,0.02,0.02,0.02,0.02,-2039.0,359.0,-997.0,-20531.0,18044,-32588,109.3,0.0,1385.0,0,0,0,ebf,d49,d49,d49,d49,1,1,1,1,1,1,0,1,0,1,1,1,0,1,0,0,1,0,0,1,0,1,0,1,1,0,0,1,0,0,1,0,0,1,0,1,0,1,1,0,0,1,0,0,1,0,0,1,0,1,0,1,1,0,0,1,0,0,1,0,0,1,0,1,0,1,1,0,0
2024,11,5,17:41:58.486,54.48,15,119.1,0.9507,1392.3,8.9,2.511,0.02,0.02,0.02,0.02,-2039.0,359.0,-996.0,-20572.0,18051,-32608,97.3,0.0,1384.0,0,0,0,ebf,d49,d49,d49,d49,1,1,1,1,1,1,0,1,0,1,1,1,0,1,0,0,1,0,0,1,0,1,0,1,1,0,0,1,0,0,1,0,0,1,0,1,0,1,1,0,0,1,0,0,1,0,0,1,0,1,0,1,1,0,0,1,0,0,1,0,0,1,0,1,0,1,1,0,0
2024,11,5,17:41:58.506,54.50,35,119.1,0.9507,1392.9,9.5,2.508,0.02,0.02,0.02,0.02,-2040.0,359.0,-995.0,-20613.0,18058,-32628,85.6,0.0,1382.0,0,0,0,ebf,d49,d49,d49,d49,1,1,1,1,1,1,0,1,0,1,1,1,0,1,0,0,1,0,0,1,0,1,0,1,1,0,0,1,0,0,1,0,0,1,0,1,0,1,1,0,0,1,0,0,1,0,0,1,0,1,0,1,1,0,0,1,0,0,1,0,0,1,0,1,0,1,1,0,0
2024,11,5,17:41:58.526,54.52,55,119.1,0.9507,1391.1,7.8,2.505,0.02,0.02,0.02,0.02,-2040.0,358.0,-995.0,-20654.0,18065,-32648,74.0,0.0,1382.0,0,0,0,ebf,d4d,d49,d49,d49,1,1,1,1,1,1,0,1,0,1,1,1,0,1,0,1,1,0,0,1,0,1,0,1,1,0,0,1,0,0,1,0,0,1,0,1,0,1,1,0,0,1,0,0,1,0,0,1,0,1,0,1,1,0,0,1,0,0,1,0,0,1,0,1,0,1,1,0,0
2024,11,5,17:41:58.546,54.54,75,119.1,0.9507,1391.1,7.8,2.502,0.02,0.02,0.02,0.02,-2041.0,358.0,-994.0,-20694.0,18072,-32668,62.8,0.0,1381.0,0,0,0,ebf,d4d,d49,d49,d49,1,1,1,1,1,1,0,1,0,1,1,1,0,1,0,1,1,0,0,1,0,1,0,1,1,0,0,1,0,0,1,0,0,1,0,1,0,1,1,0,0,1,0,0,1,0,0,1,0,1,0,1,1,0,0,1,0,0,1,0,0,1,0,1,0,1,1,0,0
2024,11,5,17:41:58.566,54.56,95,119.1,0.9508,1389.4,6.0,2.500,0.02,0.02,0.02,0.02,-2042.0,358.0,-994.0,-20735.0,18080,-32688,51.8,0.0,1381.0,0,0,0,ebf,d4d,d49,d49,d49,1,1,1,1,1,1,0,1,0,1,1,1,0,1,0,1,1,0,0,1,0,1,0,1,1,0,0,1,0,0,1,0,0,1,0,1,0,1,1,0,0,1,0,0,1,0,0,1,0,1,0,1,1,0,0,1,0,0,1,0,0,1,0,1,0,1,1,0,0
2024,11,5,17:41:58.586,54.58,115,119.1,0.9508,1390.0,6.6,2.497,0.02,0.02,0.02,0.02,-2043.0,357.0,-993.0,-20776.0,18087,-32708,40.9,0.0,1381.0,0,0,0,ebf,d4d,d49,d49,d49,1,1,1,1,1,1,0,1,0,1,1,1,0,1,0,1,1,0,0,1,0,1,0,1,1,0,0,1,0,0,1,0,0,1,0,1,0,1,1,0,0,1,0,0,1,0,0,1,0,1,0,1,1,0,0,1,0,0,1,0,0,1,0,1,0,1,1,0,0
2024,11,5,17:41:58.606,54.60,135,119.1,0.9507,1391.1,7.8,2.493,0.02,0.02,0.02,0.02,-2044.0,357.0,-993.0,-20817.0,18094,-32728,30.3,0.0,1382.0,0,0,0,ebf,d4d,d49,d49,d49,1,1,1,1,1,1,0,1,0,1,1,1,0,1,0,1,1,0,0,1,0,1,0,1,1,0,0,1,0,0,1,0,0,1,0,1,0,1,1,0,0,1,0,0,1,0,0,1,0,1,0,1,1,0,0,1,0,0,1,0,0,1,0,1,0,1,1,0,0
2024,11,5,17:41:58.626,54.62,155,119.0,0.9507,1391.7,8.3,2.491,0.02,0.02,0.02,0.02,-2045.0,357.0,-993.0,-20858.0,18101,-32748,19.7,0.0,1382.0,0,0,0,ebf,d4d,d49,d49,d49,1,1,1,1,1,1,0,1,0,1,1,1,0,1,0,1,1,0,0,1,0,1,0,1,1,0,0,1,0,0,1,0,0,1,0,1,0,1,1,0,0,1,0,0,1,0,0,1,0,1,0,1,1,0,0,1,0,0,1,0,0,1,0,1,0,1,1,0,0
2024,11,5,17:41:58.646,54.64,175,119.0,0.9507,1393.5,10.1,2.488,0.02,0.02,0.02,0.02,-2046.0,357.0,-992.0,-20899.0,18108,-32767,9.3,0.0,1383.0,0,0,0,ebf,d4d,d49,d49,d49,1,1,1,1,1,1,0,1,0,1,1,1,0,1,0,1,1,0,0,1,0,1,0,1,1,0,0,1,0,0,1,0,0,1,0,1,0,1,1,0,0,1,0,0,1,0,0,1,0,1,0,1,1,0,0,1,0,0,1,0,0,1,0,1,0,1,1,0,0
2024,11,5,17:41:58.666,54.66,195,119.0,0.9507,1393.5,10.1,2.486,0.02,0.02,0.02,0.02,-2047.0,357.0,-992.0,-20940.0,18115,32749,1.0,0.0,1384.0,0,0,0,ebf,d45,d41,d41,d45,1,1,1,1,1,1,0,1,0,1,1,1,0,1,0,1,0,0,0,1,0,1,0,1,1,0,0,1,0,0,0,0,0,1,0,1,0,1,1,0,0,1,0,0,0,0,0,1,0,1,0,1,1,0,0,1,0,1,0,0,0,1,0,1,0,1,1,0,0
2024,11,5,17:41:58.686,54.68,215,119.0,0.9507,1393.5,10.1,2.482,0.02,0.02,0.02,0.02,-2049.0,357.0,-992.0,-20981.0,18123,32729,10.9,0.0,1386.0,0,0,0,ebf,d45,d45,d45,d45,1,1,1,1,1,1,0,1,0,1,1,1,0,1,0,1,0,0,0,1,0,1,0,1,1,0,0,1,0,1,0,0,0,1,0,1,0,1,1,0,0,1,0,1,0,0,0,1,0,1,0,1,1,0,0,1,0,1,0,0,0,1,0,1,0,1,1,0,0
2024,11,5,17:41:58.706,54.70,235,119.0,0.9507,1393.5,10.1,2.480,0.02,0.02,0.02,0.02,-2050.0,357.0,-992.0,-21022.0,18130,32709,20.7,0.0,1387.0,0,0,0,ebf,d45,d41,d41,d45,1,1,1,1,1,1,0,1,0,1,1,1,0,1,0,1,0,0,0,1,0,1,0,1,1,0,0,1,0,0,0,0,0,1,0,1,0,1,1,0,0,1,0,0,0,0,0,1,0,1,0,1,1,0,0,1,0,1,0,0,0,1,0,1,0,1,1,0,0
2024,11,5,17:41:58.726,54.72,5,119.0,0.9507,1391.7,8.3,2.477,0.02,0.02,0.02,0.02,-2051.0,357.0,-992.0,-21063.0,18137,32689,30.3,0.0,1389.0,0,0,0,ebf,d4d,d49,d49,d49,1,1,1,1,1,1,0,1,0,1,1,1,0,1,0,1,1,0,0,1,0,1,0,1,1,0,0,1,0,0,1,0,0,1,0,1,0,1,1,0,0,1,0,0,1,0,0,1,0,1,0,1,1,0,0,1,0,0,1,0,0,1,0,1,0,1,1,0,0
2024,11,5,17:41:58.746,54.74,25,119.0,0.9507,1391.7,8.3,2.476,0.02,0.02,0.02,0.02,-2052.0,357.0,-993.0,-21104.0,18144,32669,39.8,0.0,1392.0,0,0,0,ebf,d4d,d49,d49,d49,1,1,1,1,1,1,0,1,0,1,1,1,0,1,0,1,1,0,0,1,0,1,0,1,1,0,0,1,0,0,1,0,0,1,0,1,0,1,1,0,0,1,0,0,1,0,0,1,0,1,0,1,1,0,0,1,0,0,1,0,0,1,0,1,0,1,1,0,0
2024,11,5,17:41:58.766,54.76,45,119.0,0.9508,1390.0,6.6,2.473,0.02,0.02,0.02,0.02,-2053.0,357.0,-993.0,-21145.0,18151,32650,49.1,0.0,1394.0,0,0,0,ebf,d4d,d49,d49,d49,1,1,1,1,1,1,0,1,0,1,1,1,0,1,0,1,1,0,0,1,0,1,0,1,1,0,0,1,0,0,1,0,0,1,0,1,0,1,1,0,0,1,0,0,1,0,0,1,0,1,0,1,1,0,0,1,0,0,1,0,0,1,0,1,0,1,1,0,0
2024,11,5,17:41:58.786,54.78,65,119.0,0.9508,1390.6,7.2,2.473,0.02,0.02,0.02,0.02,-2054.0,357.0,-993.0,-21186.0,18158,32630,58.2,0.0,1397.0,0,0,0,ebf,d4d,d49,d49,d49,1,1,1,1,1,1,0,1,0,1,1,1,0,1,0,1,1,0,0,1,0,1,0,1,1,0,0,1,0,0,1,0,0,1,0,1,0,1,1,0,0,1,0,0,1,0,0,1,0,1,0,1,1,0,0,1,0,0,1,0,0,1,0,1,0,1,1,0,0
2024,11,5,17:41:58.806,54.80,85,119.0,0.9508,1389.4,6.0,2.473,0.02,0.02,0.02,0.02,-2055.0,357.0,-993.0,-21227.0,18165,32610,67.3,0.0,1399.0,0,0,0,ebf,d4d,d49,d49,d49,1,1,1,1,1,1,0,1,0,1,1,1,0,1,0,1,1,0,0,1,0,1,0,1,1,0,0,1,0,0,1,0,0,1,0,1,0,1,1,0,0,1,0,0,1,0,0,1,0,1,0,1,1,0,0,1,0,0,1,0,0,1,0,1,0,1,1,0,0
2024,11,5,17:41:58.826,54.82,105,119.0,0.9508,1388.8,5.5,2.479,0.02,0.02,0.02,0.02,-2056.0,357.0,-994.0,-21268.0,18173,32590,76.3,0.0,1402.0,0,0,0,ebf,d4d,d49,d49,d49,1,1,1,1,1,1,0,1,0,1,1,1,0,1,0,1,1,0,0,1,0,1,0,1,1,0,0,1,0,0,1,0,0,1,0,1,0,1,1,0,0,1,0,0,1,0,0,1,0,1,0,1,1,0,0,1,0,0,1,0,0,1,0,1,0,1,1,0,0
2024,11,5,17:41:58.846,54.84,125,119.0,0.9509,1387.7,4.3,2.500,0.02,0.02,0.02,0.02,-2056.0,357.0,-994.0,-21309.0,18180,32570,85.3,0.0,1405.0,0,0,0,ebf,d4d,d49,d49,d49,1,1,1,1,1,1,0,1,0,1,1,1,0,1,0,1,1,0,0,1,0,1,0,1,1,0,0,1,0,0,1,0,0,1,0,1,0,1,1,0,0,1,0,0,1,0,0,1,0,1,0,1,1,0,0,1,0,0,1,0,0,1,0,1,0,1,1,0,0
2024,11,5,17:41:58.866,54.86,145,119.0,0.9509,1387.7,4.3,2.524,0.02,0.02,0.02,0.02,-2057.0,358.0,-994.0,-21350.0,18187,32550,94.3,0.0,1407.0,0,0,0,ebf,d4d,d49,d49,d49,1,1,1,1,1,1,0,1,0,1,1,1,0,1,0,1,1,0,0,1,0,1,0,1,1,0,0,1,0,0,1,0,0,1,0,1,0,1,1,0,0,1,0,0,1,0,0,1,0,1,0,1,1,0,0,1,0,0,1,0,0,1,0,1,0,1,1,0,0
2024,11,5,17:41:58.886,54.88,165,119.0,0.9508,1390.6,7.2,2.572,0.02,0.02,0.02,0.02,-2058.0,358.0,-994.0,-21392.0,18194,32530,103.3,0.0,1410.0,0,0,0,ebf,d49,d49,d49,d49,1,1,1,1,1,1,0,1,0,1,1,1,0,1,0,0,1,0,0,1,0,1,0,1,1,0,0,1,0,0,1,0,0,1,0,1,0,1,1,0,0,1,0,0,1,0,0,1,0,1,0,1,1,0,0,1,0,0,1,0,0,1,0,1,0,1,1,0,0
2024,11,5,17:41:58.906,54.90,185,119.0,0.9508,1390.6,7.2,2.615,0.02,0.02,0.02,0.02,-2065.0,354.0,-987.0,-21433.0,18201,32510,103.1,0.0,1411.0,0,0,0,ebf,d49,d49,d49,d49,1,1,1,1,1,1,0,1,0,1,1,1,0,1,0,0,1,0,0,1,0,1,0,1,1,0,0,1,0,0,1,0,0,1,0,1,0,1,1,0,0,1,0,0,1,0,0,1,0,1,0,1,1,0,0,1,0,0,1,0,0,1,0,1,0,1,1,0,0
2024,11,5,17:41:58.926,54.92,205,119.0,0.9508,1389.4,6.0,2.661,0.02,0.02,0.02,0.02,-2068.0,353.0,-985.0,-21474.0,18208,32491,101.7,0.0,1413.0,0,0,0,ebf,d49,d49,d49,d49,1,1,1,1,1,1,0,1,0,1,1,1,0,1,0,0,1,0,0,1,0,1,0,1,1,0,0,1,0,0,1,0,0,1,0,1,0,1,1,0,0,1,0,0,1,0,0,1,0,1,0,1,1,0,0,1,0,0,1,0,0,1,0,1,0,1,1,0,0
2024,11,5,17:41:58.946,54.94,225,119.0,0.9508,1389.4,6.0,2.713,0.02,0.02,0.02,0.02,-2069.0,353.0,-986.0,-21516.0,18215,32471,101.1,0.0,1415.0,0,0,0,ebf,d49,d49,d49,d49,1,1,1,1,1,1,0,1,0,1,1,1,0,1,0,0,1,0,0,1,0,1,0,1,1,0,0,1,0,0,1,0,0,1,0,1,0,1,1,0,0,1,0,0,1,0,0,1,0,1,0,1,1,0,0,1,0,0,1,0,0,1,0,1,0,1,1,0,0
2024,11,5,17:41:58.966,54.96,245,119.0,0.9509,1387.7,4.3,2.750,0.02,0.02,0.02,0.02,-2070.0,353.0,-986.0,-21557.0,18222,32451,99.4,0.0,1417.0,0,0,0,ebf,d49,d49,d49,d49,1,1,1,1,1,1,0,1,0,1,1,1,0,1,0,0,1,0,0,1,0,1,0,1,1,0,0,1,0,0,1,0,0,1,0,1,0,1,1,0,0,1,0,0,1,0,0,1,0,1,0,1,1,0,0,1,0,0,1,0,0,1,0,1,0,1,1,0,0
2024,11,5,17:41:58.986,54.98,15,119.0,0.9509,1387.1,3.7,2.769,0.02,0.02,0.02,0.02,-2071.0,352.0,-986.0,-21598.0,18229,32431,97.4,0.0,1419.0,0,0,0,ebf,d49,d49,d49,d49,1,1,1,1,1,1,0,1,0,1,1,1,0,1,0,0,1,0,0,1,0,1,0,1,1,0,0,1,0,0,1,0,0,1,0,1,0,1,1,0,0,1,0,0,1,0,0,1,0,1,0,1,1,0,0,1,0,0,1,0,0,1,0,1,0,1,1,0,0
2024,11,5,17:41:59.006,55.00,35,119.0,0.9509,1386.0,2.6,2.773,0.02,0.02,0.02,0.02,-2073.0,352.0,-986.0,-21640.0,18236,32412,95.4,0.0,1420.0,0,0,0,ebf,d49,d49,d49,d49,1,1,1,1,1,1,0,1,0,1,1,1,0,1,0,0,1,0,0,1,0,1,0,1,1,0,0,1,0,0,1,0,0,1,0,1,0,1,1,0,0,1,0,0,1,0,0,1,0,1,0,1,1,0,0,1,0,0,1,0,0,1,0,1,0,1,1,0,0
2024,11,5,17:41:59.026,55.02,55,119.0,0.9509,1386.0,2.6,2.774,0.02,0.02,0.02,0.02,-2074.0,352.0,-986.0,-21681.0,18244,32392,93.9,0.0,1421.0,0,0,0,ebf,d49,d49,d49,d49,1,1,1,1,1,1,0,1,0,1,1,1,0,1,0,0,1,0,0,1,0,1,0,1,1,0,0,1,0,0,1,0,0,1,0,1,0,1,1,0,0,1,0,0,1,0,0,1,0,1,0,1,1,0,0,1,0,0,1,0,0,1,0,1,0,1,1,0,0
2024,11,5,17:41:59.046,55.04,75,119.0,0.9509,1386.0,2.6,2.776,0.02,0.02,0.02,0.02,-2076.0,351.0,-987.0,-21723.0,18251,32372,93.2,0.0,1423.0,0,0,0,ebf,d49,d49,d49,d49,1,1,1,1,1,1,0,1,0,1,1,1,0,1,0,0,1,0,0,1,0,1,0,1,1,0,0,1,0,0,1,0,0,1,0,1,0,1,1,0,0,1,0,0,1,0,0,1,0,1,0,1,1,0,0,1,0,0,1,0,0,1,0,1,0,1,1,0,0
2024,11,5,17:41:59.066,55.06,95,119.0,0.9509,1386.0,2.6,2.776,0.02,0.02,0.02,0.02,-2077.0,351.0,-987.0,-21764.0,18258,32353,93.4,0.0,1423.0,0,0,0,ebf,d49,d49,d49,d49,1,1,1,1,1,1,0,1,0,1,1,1,0,1,0,0,1,0,0,1,0,1,0,1,1,0,0,1,0,0,1,0,0,1,0,1,0,1,1,0,0,1,0,0,1,0,0,1,0,1,0,1,1,0,0,1,0,0,1,0,0,1,0,1,0,1,1,0,0
2024,11,5,17:41:59.086,55.08,115,119.0,0.9510,1384.8,1.4,2.776,0.02,0.02,0.02,0.02,-2079.0,351.0,-987.0,-21806.0,18265,32333,93.9,0.0,1424.0,0,0,0,ebf,d49,d49,d49,d49,1,1,1,1,1,1,0,1,0,1,1,1,0,1,0,0,1,0,0,1,0,1,0,1,1,0,0,1,0,0,1,0,0,1,0,1,0,1,1,0,0,1,0,0,1,0,0,1,0,1,0,1,1,0,0,1,0,0,1,0,0,1,0,1,0,1,1,0,0
2024,11,5,17:41:59.106,55.10,135,119.0,0.9510,1384.8,1.4,2.776,0.02,0.02,0.02,0.02,-2080.0,351.0,-987.0,-21848.0,18272,32313,94.4,0.0,1423.0,0,0,0,ebf,d49,d49,d49,d49,1,1,1,1,1,1,0,1,0,1,1,1,0,1,0,0,1,0,0,1,0,1,0,1,1,0,0,1,0,0,1,0,0,1,0,1,0,1,1,0,0,1,0,0,1,0,0,1,0,1,0,1,1,0,0,1,0,0,1,0,0,1,0,1,0,1,1,0,0
2024,11,5,17:41:59.126,55.12,155,119.0,0.9508,1390.6,7.2,2.775,0.02,0.02,0.02,0.02,-2081.0,351.0,-987.0,-21889.0,18279,32293,94.9,0.0,1423.0,0,0,0,ebf,d49,d49,d49,d49,1,1,1,1,1,1,0,1,0,1,1,1,0,1,0,0,1,0,0,1,0,1,0,1,1,0,0,1,0,0,1,0,0,1,0,1,0,1,1,0,0,1,0,0,1,0,0,1,0,1,0,1,1,0,0,1,0,0,1,0,0,1,0,1,0,1,1,0,0
2024,11,5,17:41:59.146,55.14,175,119.0,0.9507,1391.1,7.8,2.775,0.02,0.02,0.02,0.02,-2082.0,351.0,-987.0,-21931.0,18286,32273,95.1,0.0,1421.0,0,0,0,ebf,d49,d49,d49,d49,1,1,1,1,1,1,0,1,0,1,1,1,0,1,0,0,1,0,0,1,0,1,0,1,1,0,0,1,0,0,1,0,0,1,0,1,0,1,1,0,0,1,0,0,1,0,0,1,0,1,0,1,1,0,0,1,0,0,1,0,0,1,0,1,0,1,1,0,0
2024,11,5,17:41:59.166,55.16,195,119.0,0.9508,1389.4,6.0,2.774,0.02,0.02,0.02,0.02,-2083.0,350.0,-987.0,-21973.0,18293,32254,95.1,0.0,1420.0,0,0,0,ebf,d49,d49,d49,d49,1,1,1,1,1,1,0,1,0,1,1,1,0,1,0,0,1,0,0,1,0,1,0,1,1,0,0,1,0,0,1,0,0,1,0,1,0,1,1,0,0,1,0,0,1,0,0,1,0,1,0,1,1,0,0,1,0,0,1,0,0,1,0,1,0,1,1,0,0
2024,11,5,17:41:59.186,55.18,215,119.0,0.9508,1389.4,6.0,2.773,0.02,0.02,0.02,0.02,-2085.0,350.0,-987.0,-22014.0,18300,32234,94.9,0.0,1418.0,0,0,0,ebf,d49,d49,d49,d49,1,1,1,1,1,1,0,1,0,1,1,1,0,1,0,0,1,0,0,1,0,1,0,1,1,0,0,1,0,0,1,0,0,1,0,1,0,1,1,0,0,1,0,0,1,0,0,1,0,1,0,1,1,0,0,1,0,0,1,0,0,1,0,1,0,1,1,0,0
2024,11,5,17:41:59.206,55.20,235,119.0,0.9509,1386.5,3.1,2.772,0.02,0.02,0.02,0.02,-2086.0,350.0,-987.0,-22056.0,18307,32214,94.8,0.0,1416.0,0,0,0,ebf,d49,d49,d49,d49,1,1,1,1,1,1,0,1,0,1,1,1,0,1,0,0,1,0,0,1,0,1,0,1,1,0,0,1,0,0,1,0,0,1,0,1,0,1,1,0,0,1,0,0,1,0,0,1,0,1,0,1,1,0,0,1,0,0,1,0,0,1,0,1,0,1,1,0,0
2024,11,5,17:41:59.226,55.22,5,119.0,0.9509,1386.5,3.1,2.771,0.02,0.02,0.02,0.02,-2087.0,350.0,-987.0,-22098.0,18314,32194,94.7,0.0,1415.0,0,0,0,ebf,d49,d49,d49,d49,1,1,1,1,1,1,0,1,0,1,1,1,0,1,0,0,1,0,0,1,0,1,0,1,1,0,0,1,0,0,1,0,0,1,0,1,0,1,1,0,0,1,0,0,1,0,0,1,0,1,0,1,1,0,0,1,0,0,1,0,0,1,0,1,0,1,1,0,0
2024,11,5,17:41:59.246,55.24,25,119.0,0.9508,1390.0,6.6,2.771,0.02,0.02,0.02,0.02,-2089.0,350.0,-987.0,-22139.0,18321,32175,94.6,0.0,1413.0,0,0,0,ebf,d49,d49,d49,d49,1,1,1,1,1,1,0,1,0,1,1,1,0,1,0,0,1,0,0,1,0,1,0,1,1,0,0,1,0,0,1,0,0,1,0,1,0,1,1,0,0,1,0,0,1,0,0,1,0,1,0,1,1,0,0,1,0,0,1,0,0,1,0,1,0,1,1,0,0
2024,11,5,17:41:59.266,55.26,45,119.0,0.9508,1389.4,6.0,2.770,0.02,0.02,0.02,0.02,-2090.0,350.0,-987.0,-22181.0,18328,32155,94.7,0.0,1412.0,0,0,0,ebf,d49,d49,d49,d49,1,1,1,1,1,1,0,1,0,1,1,1,0,1,0,0,1,0,0,1,0,1,0,1,1,0,0,1,0,0,1,0,0,1,0,1,0,1,1,0,0,1,0,0,1,0,0,1,0,1,0,1,1,0,0,1,0,0,1,0,0,1,0,1,0,1,1,0,0
2024,11,5,17:41:59.286,55.28,65,119.0,0.9509,1386.5,3.1,2.767,0.02,0.02,0.02,0.02,-2091.0,350.0,-987.0,-22223.0,18335,32135,94.8,0.0,1411.0,0,0,0,ebf,d49,d49,d49,d49,1,1,1,1,1,1,0,1,0,1,1,1,0,1,0,0,1,0,0,1,0,1,0,1,1,0,0,1,0,0,1,0,0,1,0,1,0,1,1,0,0,1,0,0,1,0,0,1,0,1,0,1,1,0,0,1,0,0,1,0,0,1,0,1,0,1,1,0,0
2024,11,5,17:41:59.306,55.30,85,119.0,0.9509,1386.5,3.1,2.766,0.02,0.02,0.02,0.02,-2093.0,350.0,-987.0,-22265.0,18342,32115,94.9,0.0,1411.0,0,0,0,ebf,d49,d49,d49,d49,1,1,1,1,1,1,0,1,0,1,1,1,0,1,0,0,1,0,0,1,0,1,0,1,1,0,0,1,0,0,1,0,0,1,0,1,0,1,1,0,0,1,0,0,1,0,0,1,0,1,0,1,1,0,0,1,0,0,1,0,0,1,0,1,0,1,1,0,0
2024,11,5,17:41:59.326,55.32,105,119.0,0.9508,1390.0,6.6,2.763,0.02,0.02,0.02,0.02,-2094.0,350.0,-987.0,-22307.0,18349,32096,94.9,0.0,1410.0,0,0,0,ebf,d49,d49,d49,d49,1,1,1,1,1,1,0,1,0,1,1,1,0,1,0,0,1,0,0,1,0,1,0,1,1,0,0,1,0,0,1,0,0,1,0,1,0,1,1,0,0,1,0,0,1,0,0,1,0,1,0,1,1,0,0,1,0,0,1,0,0,1,0,1,0,1,1,0,0
2024,11,5,17:41:59.346,55.34,125,119.0,0.9508,1390.0,6.6,2.762,0.02,0.02,0.02,0.02,-2095.0,350.0,-987.0,-22349.0,18356,32076,94.9,0.0,1410.0,0,0,0,ebf,d49,d49,d49,d49,1,1,1,1,1,1,0,1,0,1,1,1,0,1,0,0,1,0,0,1,0,1,0,1,1,0,0,1,0,0,1,0,0,1,0,1,0,1,1,0,0,1,0,0,1,0,0,1,0,1,0,1,1,0,0,1,0,0,1,0,0,1,0,1,0,1,1,0,0
2024,11,5,17:41:59.366,55.36,145,119.0,0.9508,1388.3,4.9,2.760,0.02,0.02,0.02,0.02,-2096.0,350.0,-987.0,-22391.0,18363,32056,94.8,0.0,1410.0,0,0,0,ebf,d49,d49,d49,d49,1,1,1,1,1,1,0,1,0,1,1,1,0,1,0,0,1,0,0,1,0,1,0,1,1,0,0,1,0,0,1,0,0,1,0,1,0,1,1,0,0,1,0,0,1,0,0,1,0,1,0,1,1,0,0,1,0,0,1,0,0,1,0,1,0,1,1,0,0
2024,11,5,17:41:59.386,55.38,165,119.0,0.9508,1388.3,4.9,2.759,0.02,0.02,0.02,0.02,-2098.0,350.0,-987.0,-22433.0,18370,32036,94.8,0.0,1411.0,0,0,0,ebf,d49,d49,d49,d49,1,1,1,1,1,1,0,1,0,1,1,1,0,1,0,0,1,0,0,1,0,1,0,1,1,0,0,1,0,0,1,0,0,1,0,1,0,1,1,0,0,1,0,0,1,0,0,1,0,1,0,1,1,0,0,1,0,0,1,0,0,1,0,1,0,1,1,0,0
2024,11,5,17:41:59.406,55.40,185,119.0,0.9509,1386.5,3.1,2.757,0.02,0.02,0.02,0.02,-2099.0,350.0,-987.0,-22475.0,18377,32017,94.8,0.0,1411.0,0,0,0,ebf,d49,d49,d49,d49,1,1,1,1,1,1,0,1,0,1,1,1,0,1,0,0,1,0,0,1,0,1,0,1,1,0,0,1,0,0,1,0,0,1,0,1,0,1,1,0,0,1,0,0,1,0,0,1,0,1,0,1,1,0,0,1,0,0,1,0,0,1,0,1,0,1,1,0,0
2024,11,5,17:41:59.426,55.42,205,119.0,0.9509,1386.5,3.1,2.756,0.02,0.02,0.02,0.02,-2100.0,350.0,-987.0,-22517.0,18384,31997,94.8,0.0,1412.0,0,0,0,ebf,d49,d49,d49,d49,1,1,1,1,1,1,0,1,0,1,1,1,0,1,0,0,1,0,0,1,0,1,0,1,1,0,0,1,0,0,1,0,0,1,0,1,0,1,1,0,0,1,0,0,1,0,0,1,0,1,0,1,1,0,0,1,0,0,1,0,0,1,0,1,0,1,1,0,0
2024,11,5,17:41:59.446,55.44,225,119.0,0.9508,1388.3,4.9,2.754,0.02,0.02,0.02,0.02,-2102.0,350.0,-987.0,-22559.0,18391,31977,94.8,0.0,1412.0,0,0,0,ebf,d49,d49,d49,d49,1,1,1,1,1,1,0,1,0,1,1,1,0,1,0,0,1,0,0,1,0,1,0,1,1,0,0,1,0,0,1,0,0,1,0,1,0,1,1,0,0,1,0,0,1,0,0,1,0,1,0,1,1,0,0,1,0,0,1,0,0,1,0,1,0,1,1,0,0
2024,11,5,17:41:59.466,55.46,245,119.0,0.9508,1388.3,4.9,2.752,0.02,0.02,0.02,0.02,-2103.0,350.0,-987.0,-22601.0,18398,31957,94.8,0.0,1412.0,0,0,0,ebf,d49,d49,d49,d49,1,1,1,1,1,1,0,1,0,1,1,1,0,1,0,0,1,0,0,1,0,1,0,1,1,0,0,1,0,0,1,0,0,1,0,1,0,1,1,0,0,1,0,0,1,0,0,1,0,1,0,1,1,0,0,1,0,0,1,0,0,1,0,1,0,1,1,0,0
2024,11,5,17:41:59.486,55.48,15,119.0,0.9509,1387.1,3.7,2.750,0.02,0.02,0.02,0.02,-2104.0,349.0,-987.0,-22643.0,18405,31937,94.8,0.0,1413.0,0,0,0,ebf,d49,d49,d49,d49,1,1,1,1,1,1,0,1,0,1,1,1,0,1,0,0,1,0,0,1,0,1,0,1,1,0,0,1,0,0,1,0,0,1,0,1,0,1,1,0,0,1,0,0,1,0,0,1,0,1,0,1,1,0,0,1,0,0,1,0,0,1,0,1,0,1,1,0,0
2024,11,5,17:41:59.506,55.50,35,119.0,0.9509,1387.1,3.7,2.748,0.02,0.02,0.02,0.02,-2105.0,349.0,-987.0,-22685.0,18412,31918,94.8,0.0,1413.0,0,0,0,ebf,d49,d49,d49,d49,1,1,1,1,1,1,0,1,0,1,1,1,0,1,0,0,1,0,0,1,0,1,0,1,1,0,0,1,0,0,1,0,0,1,0,1,0,1,1,0,0,1,0,0,1,0,0,1,0,1,0,1,1,0,0,1,0,0,1,0,0,1,0,1,0,1,1,0,0
2024,11,5,17:41:59.526,55.52,55,119.0,0.9508,1388.8,5.5,2.746,0.02,0.02,0.02,0.02,-2107.0,349.0,-987.0,-22727.0,18419,31898,94.8,0.0,1413.0,0,0,0,ebf,d49,d49,d49,d49,1,1,1,1,1,1,0,1,0,1,1,1,0,1,0,0,1,0,0,1,0,1,0,1,1,0,0,1,0,0,1,0,0,1,0,1,0,1,1,0,0,1,0,0,1,0,0,1,0,1,0,1,1,0,0,1,0,0,1,0,0,1,0,1,0,1,1,0,0
2024,11,5,17:41:59.546,55.54,75,119.0,0.9508,1388.3,4.9,2.745,0.02,0.02,0.02,0.02,-2108.0,349.0,-987.0,-22769.0,18426,31878,94.8,0.0,1412.0,0,0,0,ebf,d49,d49,d49,d49,1,1,1,1,1,1,0,1,0,1,1,1,0,1,0,0,1,0,0,1,0,1,0,1,1,0,0,1,0,0,1,0,0,1,0,1,0,1,1,0,0,1,0,0,1,0,0,1,0,1,0,1,1,0,0,1,0,0,1,0,0,1,0,1,0,1,1,0,0
2024,11,5,17:41:59.566,55.56,95,119.0,0.9507,1391.7,8.3,2.743,0.02,0.02,0.02,0.02,-2109.0,349.0,-987.0,-22811.0,18433,31858,94.8,0.0,1412.0,0,0,0,ebf,d49,d49,d49,d49,1,1,1,1,1,1,0,1,0,1,1,1,0,1,0,0,1,0,0,1,0,1,0,1,1,0,0,1,0,0,1,0,0,1,0,1,0,1,1,0,0,1,0,0,1,0,0,1,0,1,0,1,1,0,0,1,0,0,1,0,0,1,0,1,0,1,1,0,0
2024,11,5,17:41:59.586,55.58,115,119.0,0.9507,1391.7,8.3,2.741,0.02,0.02,0.02,0.02,-2111.0,349.0,-987.0,-22854.0,18440,31839,94.8,0.0,1412.0,0,0,0,ebf,d49,d49,d49,d49,1,1,1,1,1,1,0,1,0,1,1,1,0,1,0,0,1,0,0,1,0,1,0,1,1,0,0,1,0,0,1,0,0,1,0,1,0,1,1,0,0,1,0,0,1,0,0,1,0,1,0,1,1,0,0,1,0,0,1,0,0,1,0,1,0,1,1,0,0
2024,11,5,17:41:59.606,55.60,135,119.0,0.9508,1388.8,5.5,2.739,0.02,0.02,0.02,0.02,-2112.0,349.0,-987.0,-22896.0,18447,31819,94.8,0.0,1412.0,0,0,0,ebf,d49,d49,d49,d49,1,1,1,1,1,1,0,1,0,1,1,1,0,1,0,0,1,0,0,1,0,1,0,1,1,0,0,1,0,0,1,0,0,1,0,1,0,1,1,0,0,1,0,0,1,0,0,1,0,1,0,1,1,0,0,1,0,0,1,0,0,1,0,1,0,1,1,0,0
2024,11,5,17:41:59.626,55.62,155,119.0,0.9508,1389.4,6.0,2.736,0.02,0.01,0.02,0.02,-2113.0,349.0,-987.0,-22938.0,18454,31799,94.8,0.0,1412.0,0,0,0,ebf,d49,d49,d49,d49,1,1,1,1,1,1,0,1,0,1,1,1,0,1,0,0,1,0,0,1,0,1,0,1,1,0,0,1,0,0,1,0,0,1,0,1,0,1,1,0,0,1,0,0,1,0,0,1,0,1,0,1,1,0,0,1,0,0,1,0,0,1,0,1,0,1,1,0,0
2024,11,5,17:41:59.646,55.64,175,119.0,0.9507,1393.5,10.1,2.735,0.02,0.01,0.02,0.02,-2114.0,349.0,-987.0,-22980.0,18461,31779,94.8,0.0,1412.0,0,0,0,ebf,d49,d49,d49,d49,1,1,1,1,1,1,0,1,0,1,1,1,0,1,0,0,1,0,0,1,0,1,0,1,1,0,0,1,0,0,1,0,0,1,0,1,0,1,1,0,0,1,0,0,1,0,0,1,0,1,0,1,1,0,0,1,0,0,1,0,0,1,0,1,0,1,1,0,0
2024,11,5,17:41:59.666,55.66,195,119.0,0.9507,1393.5,10.1,2.733,0.02,0.02,0.02,0.02,-2116.0,349.0,-987.0,-23023.0,18468,31760,94.8,0.0,1412.0,0,0,0,ebf,d49,d49,d49,d49,1,1,1,1,1,1,0,1,0,1,1,1,0,1,0,0,1,0,0,1,0,1,0,1,1,0,0,1,0,0,1,0,0,1,0,1,0,1,1,0,0,1,0,0,1,0,0,1,0,1,0,1,1,0,0,1,0,0,1,0,0,1,0,1,0,1,1,0,0
2024,11,5,17:41:59.686,55.68,215,119.0,0.9508,1388.8,5.5,2.731,0.02,0.02,0.02,0.02,-2117.0,349.0,-987.0,-23065.0,18475,31740,94.8,0.0,1412.0,0,0,0,ebf,d49,d49,d49,d49,1,1,1,1,1,1,0,1,0,1,1,1,0,1,0,0,1,0,0,1,0,1,0,1,1,0,0,1,0,0,1,0,0,1,0,1,0,1,1,0,0,1,0,0,1,0,0,1,0,1,0,1,1,0,0,1,0,0,1,0,0,1,0,1,0,1,1,0,0
2024,11,5,17:41:59.706,55.70,235,119.0,0.9508,1388.8,5.5,2.728,0.02,0.02,0.02,0.02,-2118.0,349.0,-987.0,-23107.0,18482,31720,94.8,0.0,1412.0,0,0,0,ebf,d49,d49,d49,d49,1,1,1,1,1,1,0,1,0,1,1,1,0,1,0,0,1,0,0,1,0,1,0,1,1,0,0,1,0,0,1,0,0,1,0,1,0,1,1,0,0,1,0,0,1,0,0,1,0,1,0,1,1,0,0,1,0,0,1,0,0,1,0,1,0,1,1,0,0
2024,11,5,17:41:59.726,55.72,5,119.0,0.9507,1391.7,8.3,2.726,0.02,0.02,0.02,0.02,-2120.0,348.0,-987.0,-23150.0,18489,31700,94.8,0.0,1412.0,0,0,0,ebf,d49,d49,d49,d49,1,1,1,1,1,1,0,1,0,1,1,1,0,1,0,0,1,0,0,1,0,1,0,1,1,0,0,1,0,0,1,0,0,1,0,1,0,1,1,0,0,1,0,0,1,0,0,1,0,1,0,1,1,0,0,1,0,0,1,0,0,1,0,1,0,1,1,0,0
2024,11,5,17:41:59.746,55.74,25,119.0,0.9507,1392.3,8.9,2.725,0.02,0.02,0.02,0.02,-2121.0,348.0,-987.0,-23192.0,18496,31681,94.8,0.0,1412.0,0,0,0,ebf,d49,d49,d49,d49,1,1,1,1,1,1,0,1,0,1,1,1,0,1,0,0,1,0,0,1,0,1,0,1,1,0,0,1,0,0,1,0,0,1,0,1,0,1,1,0,0,1,0,0,1,0,0,1,0,1,0,1,1,0,0,1,0,0,1,0,0,1,0,1,0,1,1,0,0
2024,11,5,17:41:59.766,55.76,45,119.0,0.9507,1392.3,8.9,2.723,0.02,0.02,0.02,0.02,-2122.0,348.0,-987.0,-23235.0,18503,31661,94.8,0.0,1412.0,0,0,0,ebf,d49,d49,d49,d49,1,1,1,1,1,1,0,1,0,1,1,1,0,1,0,0,1,0,0,1,0,1,0,1,1,0,0,1,0,0,1,0,0,1,0,1,0,1,1,0,0,1,0,0,1,0,0,1,0,1,0,1,1,0,0,1,0,0,1,0,0,1,0,1,0,1,1,0,0
2024,11,5,17:41:59.786,55.78,65,119.0,0.9507,1392.3,8.9,2.721,0.02,0.02,0.02,0.02,-2123.0,348.0,-987.0,-23277.0,18510,31641,94.8,0.0,1412.0,0,0,0,ebf,d49,d49,d49,d49,1,1,1,1,1,1,0,1,0,1,1,1,0,1,0,0,1,0,0,1,0,1,0,1,1,0,0,1,0,0,1,0,0,1,0,1,0,1,1,0,0,1,0,0,1,0,0,1,0,1,0,1,1,0,0,1,0,0,1,0,0,1,0,1,0,1,1,0,0
2024,11,5,17:41:59.806,55.80,85,119.0,0.9509,1387.7,4.3,2.718,0.02,0.02,0.02,0.02,-2125.0,348.0,-987.0,-23320.0,18517,31621,94.8,0.0,1412.0,0,0,0,ebf,d49,d49,d49,d49,1,1,1,1,1,1,0,1,0,1,1,1,0,1,0,0,1,0,0,1,0,1,0,1,1,0,0,1,0,0,1,0,0,1,0,1,0,1,1,0,0,1,0,0,1,0,0,1,0,1,0,1,1,0,0,1,0,0,1,0,0,1,0,1,0,1,1,0,0
2024,11,5,17:41:59.826,55.82,105,119.0,0.9509,1387.7,4.3,2.716,0.02,0.01,0.02,0.01,-2126.0,348.0,-987.0,-23362.0,18524,31601,94.8,0.0,1412.0,0,0,0,ebf,d49,d49,d49,d49,1,1,1,1,1,1,0,1,0,1,1,1,0,1,0,0,1,0,0,1,0,1,0,1,1,0,0,1,0,0,1,0,0,1,0,1,0,1,1,0,0,1,0,0,1,0,0,1,0,1,0,1,1,0,0,1,0,0,1,0,0,1,0,1,0,1,1,0,0
2024,11,5,17:41:59.846,55.84,125,119.0,0.9509,1387.7,4.3,2.714,0.02,0.01,0.02,0.01,-2127.0,348.0,-987.0,-23405.0,18531,31582,94.8,0.0,1412.0,0,0,0,ebf,d49,d49,d49,d49,1,1,1,1,1,1,0,1,0,1,1,1,0,1,0,0,1,0,0,1,0,1,0,1,1,0,0,1,0,0,1,0,0,1,0,1,0,1,1,0,0,1,0,0,1,0,0,1,0,1,0,1,1,0,0,1,0,0,1,0,0,1,0,1,0,1,1,0,0
2024,11,5,17:41:59.866,55.86,145,119.0,0.9509,1387.7,4.3,2.712,0.01,0.01,0.01,0.01,-2129.0,348.0,-987.0,-23447.0,18538,31562,94.8,0.0,1412.0,0,0,0,ebf,d49,d49,d49,d49,1,1,1,1,1,1,0,1,0,1,1,1,0,1,0,0,1,0,0,1,0,1,0,1,1,0,0,1,0,0,1,0,0,1,0,1,0,1,1,0,0,1,0,0,1,0,0,1,0,1,0,1,1,0,0,1,0,0,1,0,0,1,0,1,0,1,1,0,0
2024,11,5,17:41:59.886,55.88,165,119.0,0.9507,1392.3,8.9,2.710,0.01,0.01,0.01,0.01,-2130.0,348.0,-987.0,-23490.0,18545,31542,94.8,0.0,1412.0,0,0,0,ebf,d49,d49,d49,d49,1,1,1,1,1,1,0,1,0,1,1,1,0,1,0,0,1,0,0,1,0,1,0,1,1,0,0,1,0,0,1,0,0,1,0,1,0,1,1,0,0,1,0,0,1,0,0,1,0,1,0,1,1,0,0,1,0,0,1,0,0,1,0,1,0,1,1,0,0
2024,11,5,17:41:59.906,55.90,185,119.0,0.9507,1391.7,8.3,2.708,0.01,0.01,0.01,0.01,-2131.0,348.0,-987.0,-23532.0,18552,31522,94.8,0.0,1412.0,0,0,0,ebf,d49,d49,d49,d49,1,1,1,1,1,1,0,1,0,1,1,1,0,1,0,0,1,0,0,1,0,1,0,1,1,0,0,1,0,0,1,0,0,1,0,1,0,1,1,0,0,1,0,0,1,0,0,1,0,1,0,1,1,0,0,1,0,0,1,0,0,1,0,1,0,1,1,0,0
2024,11,5,17:41:59.926,55.92,205,119.0,0.9507,1391.7,8.3,2.704,0.01,0.01,0.01,0.01,-2132.0,348.0,-987.0,-23575.0,18558,31503,94.8,0.0,1412.0,0,0,0,ebf,d49,d49,d49,d49,1,1,1,1,1,1,0,1,0,1,1,1,0,1,0,0,1,0,0,1,0,1,0,1,1,0,0,1,0,0,1,0,0,1,0,1,0,1,1,0,0,1,0,0,1,0,0,1,0,1,0,1,1,0,0,1,0,0,1,0,0,1,0,1,0,1,1,0,0
2024,11,5,17:41:59.946,55.94,225,119.0,0.9507,1392.3,8.9,2.702,0.01,0.01,0.01,0.01,-2134.0,348.0,-987.0,-23618.0,18565,31483,94.8,0.0,1412.0,0,0,0,ebf,d49,d49,d49,d49,1,1,1,1,1,1,0,1,0,1,1,1,0,1,0,0,1,0,0,1,0,1,0,1,1,0,0,1,0,0,1,0,0,1,0,1,0,1,1,0,0,1,0,0,1,0,0,1,0,1,0,1,1,0,0,1,0,0,1,0,0,1,0,1,0,1,1,0,0
2024,11,5,17:41:59.966,55.96,245,119.0,0.9507,1393.5,10.1,2.699,0.01,0.01,0.01,0.01,-2135.0,348.0,-987.0,-23660.0,18572,31463,94.8,0.0,1412.0,0,0,0,ebf,d49,d49,d49,d49,1,1,1,1,1,1,0,1,0,1,1,1,0,1,0,0,1,0,0,1,0,1,0,1,1,0,0,1,0,0,1,0,0,1,0,1,0,1,1,0,0,1,0,0,1,0,0,1,0,1,0,1,1,0,0,1,0,0,1,0,0,1,0,1,0,1,1,0,0
2024,11,5,17:41:59.986,55.98,15,119.0,0.9506,1394.0,10.6,2.698,0.01,0.01,0.01,0.01,-2136.0,347.0,-987.0,-23703.0,18579,31443,94.8,0.0,1412.0,0,0,0,ebf,d49,d49,d49,d49,1,1,1,1,1,1,0,1,0,1,1,1,0,1,0,0,1,0,0,1,0,1,0,1,1,0,0,1,0,0,1,0,0,1,0,1,0,1,1,0,0,1,0,0,1,0,0,1,0,1,0,1,1,0,0,1,0,0,1,0,0,1,0,1,0,1,1,0,0
2024,11,5,17:42:00.006,56.00,35,119.0,0.9507,1391.1,7.8,2.696,0.01,0.01,0.01,0.01,-2138.0,347.0,-987.0,-23746.0,18586,31424,94.8,0.0,1412.0,0,0,0,ebf,d49,d49,d49,d49,1,1,1,1,1,1,0,1,0,1,1,1,0,1,0,0,1,0,0,1,0,1,0,1,1,0,0,1,0,0,1,0,0,1,0,1,0,1,1,0,0,1,0,0,1,0,0,1,0,1,0,1,1,0,0,1,0,0,1,0,0,1,0,1,0,1,1,0,0
2024,11,5,17:42:00.026,56.02,55,119.0,0.9507,1391.1,7.8,2.693,0.01,0.01,0.01,0.01,-2139.0,347.0,-987.0,-23789.0,18593,31404,94.8,0.0,1412.0,0,0,0,ebf,d49,d49,d49,d49,1,1,1,1,1,1,0,1,0,1,1,1,0,1,0,0,1,0,0,1,0,1,0,1,1,0,0,1,0,0,1,0,0,1,0,1,0,1,1,0,0,1,0,0,1,0,0,1,0,1,0,1,1,0,0,1,0,0,1,0,0,1,0,1,0,1,1,0,0
2024,11,5,17:42:00.046,56.04,75,119.0,0.9507,1391.1,7.8,2.692,0.01,0.01,0.01,0.01,-2140.0,347.0,-987.0,-23831.0,18600,31384,94.8,0.0,1412.0,0,0,0,ebf,d49,d49,d49,d49,1,1,1,1,1,1,0,1,0,1,1,1,0,1,0,0,1,0,0,1,0,1,0,1,1,0,0,1,0,0,1,0,0,1,0,1,0,1,1,0,0,1,0,0,1,0,0,1,0,1,0,1,1,0,0,1,0,0,1,0,0,1,0,1,0,1,1,0,0
2024,11,5,17:42:00.066,56.06,95,119.0,0.9508,1390.6,7.2,2.690,0.01,0.01,0.01,0.01,-2141.0,347.0,-987.0,-23874.0,18607,31364,94.8,0.0,1412.0,0,0,0,ebf,d49,d49,d49,d49,1,1,1,1,1,1,0,1,0,1,1,1,0,1,0,0,1,0,0,1,0,1,0,1,1,0,0,1,0,0,1,0,0,1,0,1,0,1,1,0,0,1,0,0,1,0,0,1,0,1,0,1,1,0,0,1,0,0,1,0,0,1,0,1,0,1,1,0,0
2024,11,5,17:42:00.086,56.08,115,119.0,0.9507,1393.5,10.1,2.687,0.01,0.01,0.01,0.01,-2143.0,347.0,-987.0,-23917.0,18614,31344,94.8,0.0,1412.0,0,0,0,ebf,d49,d49,d49,d49,1,1,1,1,1,1,0,1,0,1,1,1,0,1,0,0,1,0,0,1,0,1,0,1,1,0,0,1,0,0,1,0,0,1,0,1,0,1,1,0,0,1,0,0,1,0,0,1,0,1,0,1,1,0,0,1,0,0,1,0,0,1,0,1,0,1,1,0,0
2024,11,5,17:42:00.106,56.10,135,119.0,0.9507,1393.5,10.1,2.684,0.01,0.01,0.01,0.01,-2144.0,347.0,-987.0,-23960.0,18621,31325,94.8,0.0,1412.0,0,0,0,ebf,d49,d49,d49,d49,1,1,1,1,1,1,0,1,0,1,1,1,0,1,0,0,1,0,0,1,0,1,0,1,1,0,0,1,0,0,1,0,0,1,0,1,0,1,1,0,0,1,0,0,1,0,0,1,0,1,0,1,1,0,0,1,0,0,1,0,0,1,0,1,0,1,1,0,0
