UTCTIME,UNIXTIME,ALT,LAT,LON,#SATS,FIX,HORZV,VERTV,HEAD,FLAGS,>40,>32,>24,RSSI,BATT,Altitude AGL,Launch detection,Apogee detection,Landing detection,Distance (feet)
Jun 17 2025 22:42:14.399 UTC,1750214534.399,2934.7,31.04254,-103.52270,27,3,0,0,173,1,1,7,14,-75,4.064,0.7,FALSE,FALSE,FALSE,0.3118
Jun 17 2025 22:42:14.499 UTC,1750214534.499,2934.7,31.04254,-103.52270,27,3,0,0,151,1,1,7,14,-75,4.064,0.7,FALSE,FALSE,FALSE,0.3118
Jun 17 2025 22:42:14.599 UTC,1750214534.599,2934.6,31.04254,-103.52270,27,3,0,0,-23,1,1,7,14,-75,4.064,0.6,FALSE,FALSE,FALSE,0.3118
Jun 17 2025 22:42:14.699 UTC,1750214534.699,2934.6,31.04254,-103.52270,27,3,0,0,177,1,1,7,14,-75,4.064,0.6,FALSE,FALSE,FALSE,0.3118
Jun 17 2025 22:42:14.799 UTC,1750214534.799,2934.6,31.04254,-103.52270,27,3,0,0,-99,1,1,7,14,-75,4.064,0.6,FALSE,FALSE,FALSE,0.3118
Jun 17 2025 22:42:14.899 UTC,1750214534.899,2934.6,31.04254,-103.52270,27,3,0,0,123,1,1,8,13,-75,4.064,0.6,FALSE,FALSE,FALSE,0.3118
Jun 17 2025 22:42:15.000 UTC,1750214535.0,2934.6,31.04254,-103.52270,27,3,0,0,24,1,1,8,13,-75,4.064,0.6,FALSE,FALSE,FALSE,0.3118
Jun 17 2025 22:42:15.199 UTC,1750214535.199,2934.6,31.04254,-103.52270,26,3,0,0,59,1,1,8,13,-75,4.064,0.6,FALSE,FALSE,FALSE,0.3118
Jun 17 2025 22:42:15.299 UTC,1750214535.299,2934.6,31.04254,-103.52270,26,3,0,0,-101,1,1,8,13,-75,4.064,0.6,FALSE,FALSE,FALSE,0.3118
Jun 17 2025 22:42:15.399 UTC,1750214535.399,2934.6,31.04254,-103.52270,27,3,0,0,92,1,1,8,13,-75,4.064,0.6,FALSE,FALSE,FALSE,0.3118
Jun 17 2025 22:42:15.499 UTC,1750214535.499,2934.6,31.04254,-103.52270,27,3,0,0,-27,1,1,8,13,-75,4.062,0.6,FALSE,FALSE,FALSE,0.3118
Jun 17 2025 22:42:15.599 UTC,1750214535.599,2934.6,31.04254,-103.52270,27,3,0,0,-118,1,1,8,13,-75,4.062,0.6,FALSE,FALSE,FALSE,0.3118
Jun 17 2025 22:42:15.699 UTC,1750214535.699,2934.6,31.04254,-103.52270,27,3,0,0,-1,1,1,8,13,-75,4.062,0.6,FALSE,FALSE,FALSE,0.3118
Jun 17 2025 22:42:15.799 UTC,1750214535.799,2934.6,31.04254,-103.52270,27,3,0,0,110,1,1,8,13,-75,4.062,0.6,FALSE,FALSE,FALSE,0.3118
Jun 17 2025 22:42:15.899 UTC,1750214535.899,2934.6,31.04254,-103.52270,27,3,0,0,-100,1,1,8,13,-75,4.062,0.6,FALSE,FALSE,FALSE,0.3118
Jun 17 2025 22:42:16.000 UTC,1750214536.0,2934.6,31.04254,-103.52270,27,3,0,0,20,1,1,8,13,-75,4.062,0.6,FALSE,FALSE,FALSE,0.3118
Jun 17 2025 22:42:16.099 UTC,1750214536.099,2934.6,31.04254,-103.52270,26,3,0,0,-168,1,1,8,13,-75,4.062,0.6,FALSE,FALSE,FALSE,0.3118
Jun 17 2025 22:42:16.199 UTC,1750214536.199,2934.5,31.04254,-103.52270,27,3,0,0,168,1,1,8,13,-75,4.062,0.5,FALSE,FALSE,FALSE,0.3118
Jun 17 2025 22:42:16.299 UTC,1750214536.299,2934.6,31.04254,-103.52270,27,3,0,0,67,1,1,8,13,-75,4.062,0.6,FALSE,FALSE,FALSE,0.3118
Jun 17 2025 22:42:16.399 UTC,1750214536.399,2934.6,31.04254,-103.52270,27,3,0,0,-170,1,1,8,13,-75,4.062,0.6,FALSE,FALSE,FALSE,0.3118
Jun 17 2025 22:42:16.499 UTC,1750214536.499,2934.5,31.04254,-103.52270,27,3,0,0,130,1,1,8,13,-75,4.062,0.5,FALSE,FALSE,FALSE,0.3118
Jun 17 2025 22:42:16.599 UTC,1750214536.599,2934.5,31.04254,-103.52270,27,3,0,0,-119,1,1,8,13,-75,4.062,0.5,FALSE,FALSE,FALSE,0.3118
Jun 17 2025 22:42:16.699 UTC,1750214536.699,2934.5,31.04254,-103.52270,27,3,0,0,165,1,1,8,13,-75,4.062,0.5,FALSE,FALSE,FALSE,0.3118
Jun 17 2025 22:42:16.799 UTC,1750214536.799,2934.5,31.04254,-103.52270,27,3,0,0,170,1,1,8,13,-75,4.062,0.5,FALSE,FALSE,FALSE,0.3118
Jun 17 2025 22:42:16.899 UTC,1750214536.899,2934.5,31.04254,-103.52270,27,3,0,0,135,1,1,8,13,-75,4.062,0.5,FALSE,FALSE,FALSE,0.3118
Jun 17 2025 22:42:17.000 UTC,1750214537.0,2934.4,31.04254,-103.52270,27,3,0,0,-79,1,1,8,13,-75,4.062,0.4,FALSE,FALSE,FALSE,0.3118
Jun 17 2025 22:42:17.099 UTC,1750214537.099,2934.4,31.04254,-103.52270,27,3,0,0,51,1,1,8,13,-75,4.062,0.4,FALSE,FALSE,FALSE,0.3118
Jun 17 2025 22:42:17.199 UTC,1750214537.199,2934.4,31.04254,-103.52270,27,3,0,0,-53,1,1,8,13,-75,4.062,0.4,FALSE,FALSE,FALSE,0.3118
Jun 17 2025 22:42:17.299 UTC,1750214537.299,2934.4,31.04254,-103.52270,27,3,0,0,-55,1,1,8,13,-75,4.062,0.4,FALSE,FALSE,FALSE,0.3118
Jun 17 2025 22:42:17.399 UTC,1750214537.399,2934.4,31.04254,-103.52270,27,3,0,0,-165,1,1,8,13,-75,4.062,0.4,FALSE,FALSE,FALSE,0.3118
Jun 17 2025 22:42:17.499 UTC,1750214537.499,2934.4,31.04254,-103.52270,26,3,0,0,138,1,1,8,12,-75,4.056,0.4,FALSE,FALSE,FALSE,0.3118
Jun 17 2025 22:42:17.599 UTC,1750214537.599,2934.4,31.04254,-103.52270,26,3,0,0,175,1,1,8,12,-75,4.056,0.4,FALSE,FALSE,FALSE,0.3118
Jun 17 2025 22:42:17.699 UTC,1750214537.699,2934.4,31.04254,-103.52270,27,3,0,0,104,1,1,8,13,-75,4.056,0.4,FALSE,FALSE,FALSE,0.3118
Jun 17 2025 22:42:17.799 UTC,1750214537.799,2934.4,31.04254,-103.52270,27,3,0,0,-173,1,1,8,13,-75,4.056,0.4,FALSE,FALSE,FALSE,0.3118
Jun 17 2025 22:42:17.899 UTC,1750214537.899,2934.4,31.04254,-103.52270,28,3,0,0,-162,1,1,8,13,-75,4.056,0.4,FALSE,FALSE,FALSE,0.3118
Jun 17 2025 22:42:18.000 UTC,1750214538.0,2934.4,31.04254,-103.52270,28,3,0,0,26,1,1,8,13,-75,4.056,0.4,FALSE,FALSE,FALSE,0.3118
Jun 17 2025 22:42:18.099 UTC,1750214538.099,2934.8,31.04254,-103.52270,27,3,1,8,3,1,0,10,11,-75,4.056,0.8,TRUE,FALSE,FALSE,0.3118
Jun 17 2025 22:42:18.199 UTC,1750214538.199,2936.5,31.04254,-103.52270,23,3,5,27,-8,1,0,11,8,-75,4.056,2.5,TRUE,FALSE,FALSE,0.6236
Jun 17 2025 22:42:18.399 UTC,1750214538.399,2946.0,31.04255,-103.52270,25,3,9,67,-2,1,0,7,8,-75,4.056,12.0,TRUE,FALSE,FALSE,2.0917
Jun 17 2025 22:42:18.499 UTC,1750214538.499,2954.4,31.04255,-103.52270,25,3,9,93,6,1,0,8,7,-75,4.056,20.4,TRUE,FALSE,FALSE,2.7890
Jun 17 2025 22:42:18.599 UTC,1750214538.599,2964.7,31.04255,-103.52270,24,3,10,112,9,1,0,10,4,-75,4.056,30.7,TRUE,FALSE,FALSE,4.1835
Jun 17 2025 22:42:18.699 UTC,1750214538.699,2977.3,31.04255,-103.52269,24,3,11,134,14,1,0,8,7,-75,4.056,43.3,TRUE,FALSE,FALSE,5.4367
Jun 17 2025 22:42:18.799 UTC,1750214538.799,2991.8,31.04256,-103.52269,23,3,14,155,17,1,0,8,7,-75,4.056,57.8,TRUE,FALSE,FALSE,6.7095
Jun 17 2025 22:42:18.899 UTC,1750214538.899,3008.5,31.04256,-103.52269,21,3,15,177,22,1,0,8,6,-75,4.056,74.5,TRUE,FALSE,FALSE,8.0350
Jun 17 2025 22:42:19.000 UTC,1750214539.0,3027.5,31.04257,-103.52269,19,3,16,199,30,1,0,8,6,-75,4.056,93.5,TRUE,FALSE,FALSE,9.3649
Jun 17 2025 22:42:19.099 UTC,1750214539.099,3048.8,31.04257,-103.52268,17,3,17,221,38,1,0,8,5,-75,4.056,114.8,TRUE,FALSE,FALSE,11.4866
Jun 17 2025 22:42:19.199 UTC,1750214539.199,3072.0,31.04257,-103.52268,17,3,18,242,49,1,0,7,6,-75,4.056,138.0,TRUE,FALSE,FALSE,12.1249
Jun 17 2025 22:42:19.299 UTC,1750214539.299,3097.7,31.04258,-103.52267,19,3,19,266,60,1,0,6,8,-75,4.056,163.7,TRUE,FALSE,FALSE,14.4449
Jun 17 2025 22:42:19.399 UTC,1750214539.399,3125.5,31.04258,-103.52267,18,3,21,288,74,1,0,5,8,-75,4.056,191.5,TRUE,FALSE,FALSE,16.3221
Jun 17 2025 22:42:19.499 UTC,1750214539.499,3155.7,31.04258,-103.52266,17,3,25,311,87,1,0,6,6,-75,4.056,221.7,TRUE,FALSE,FALSE,17.8200
Jun 17 2025 22:42:19.599 UTC,1750214539.599,3188.1,31.04258,-103.52265,17,3,29,334,95,1,0,7,6,-75,4.057,254.1,TRUE,FALSE,FALSE,19.5029
Jun 17 2025 22:42:19.699 UTC,1750214539.699,3222.8,31.04258,-103.52264,17,3,34,357,102,1,0,8,5,-75,4.057,288.8,TRUE,FALSE,FALSE,20.8941
Jun 17 2025 22:42:19.899 UTC,1750214539.899,3299.2,31.04257,-103.52262,16,3,44,404,108,1,0,6,7,-75,4.057,365.2,TRUE,FALSE,FALSE,26.0606
Jun 17 2025 22:42:20.000 UTC,1750214540.0,3341.0,31.04257,-103.52261,14,3,50,428,109,1,0,6,5,-75,4.057,407.0,TRUE,FALSE,FALSE,30.0447
Jun 17 2025 22:42:20.199 UTC,1750214540.199,3431.6,31.04256,-103.52258,14,3,57,476,109,1,0,6,6,-75,4.057,497.6,TRUE,FALSE,FALSE,38.6037
Jun 17 2025 22:42:20.299 UTC,1750214540.299,3480.6,31.04255,-103.52255,13,3,60,501,109,1,0,6,4,-75,4.057,546.6,TRUE,FALSE,FALSE,45.4933
Jun 17 2025 22:42:20.399 UTC,1750214540.399,3533.2,31.04255,-103.52254,12,3,64,525,108,1,0,6,3,-75,4.057,599.2,TRUE,FALSE,FALSE,50.1552
Jun 17 2025 22:42:20.499 UTC,1750214540.499,3587.0,31.04254,-103.52251,14,3,68,549,108,1,0,7,3,-75,4.057,653.0,TRUE,FALSE,FALSE,57.3015
Jun 17 2025 22:42:20.599 UTC,1750214540.599,3643.3,31.04253,-103.52249,13,3,71,574,109,1,0,9,2,-75,4.057,709.3,TRUE,FALSE,FALSE,64.5530
Jun 17 2025 22:42:20.699 UTC,1750214540.699,3702.0,31.04253,-103.52247,13,3,76,598,109,1,0,9,2,-75,4.057,768.0,TRUE,FALSE,FALSE,71.8379
Jun 17 2025 22:42:20.799 UTC,1750214540.799,3763.2,31.04252,-103.52245,13,3,80,623,110,1,0,8,3,-75,4.057,829.2,TRUE,FALSE,FALSE,79.2256
Jun 17 2025 22:42:20.899 UTC,1750214540.899,3826.8,31.04251,-103.52242,14,3,84,647,110,1,0,8,3,-75,4.057,892.8,TRUE,FALSE,FALSE,86.6651
Jun 17 2025 22:42:21.199 UTC,1750214541.199,4032.6,31.04248,-103.52234,13,3,97,722,110,1,0,9,2,-75,4.057,1098.6,TRUE,FALSE,FALSE,114.1363
Jun 17 2025 22:42:21.299 UTC,1750214541.299,4106.2,31.04247,-103.52232,13,3,102,747,110,1,0,9,2,-75,4.057,1172.2,TRUE,FALSE,FALSE,121.8325
Jun 17 2025 22:42:21.399 UTC,1750214541.399,4182.1,31.04246,-103.52228,14,3,106,771,110,1,0,8,3,-75,4.057,1248.1,TRUE,FALSE,FALSE,134.3756
Jun 17 2025 22:42:21.499 UTC,1750214541.499,4260.7,31.04245,-103.52225,13,3,110,797,110,1,0,8,3,-75,4.057,1326.7,TRUE,FALSE,FALSE,144.4533
Jun 17 2025 22:42:21.599 UTC,1750214541.599,4341.8,31.04244,-103.52222,13,3,115,822,110,1,0,8,4,-75,4.057,1407.8,TRUE,FALSE,FALSE,154.7049
Jun 17 2025 22:42:21.699 UTC,1750214541.699,4425.3,31.04243,-103.52218,13,3,120,847,110,1,0,8,3,-75,4.057,1491.3,TRUE,FALSE,FALSE,167.2932
Jun 17 2025 22:42:21.799 UTC,1750214541.799,4511.3,31.04242,-103.52214,12,3,125,871,110,1,0,8,3,-75,4.07,1577.3,TRUE,FALSE,FALSE,179.8904
Jun 17 2025 22:42:21.899 UTC,1750214541.899,4599.9,31.04241,-103.52210,12,3,129,897,110,1,0,8,3,-75,4.07,1665.9,TRUE,FALSE,FALSE,192.6712
Jun 17 2025 22:42:22.000 UTC,1750214542.0,4690.9,31.04239,-103.52206,13,3,134,922,110,1,0,8,4,-75,4.07,1756.9,TRUE,FALSE,FALSE,205.2835
Jun 17 2025 22:42:22.199 UTC,1750214542.199,4880.6,31.04237,-103.52198,12,3,144,972,110,1,0,8,2,-75,4.07,1946.6,TRUE,FALSE,FALSE,233.1945
Jun 17 2025 22:42:22.299 UTC,1750214542.299,4979.3,31.04235,-103.52193,14,3,148,998,110,1,0,8,4,-75,4.07,2045.3,TRUE,FALSE,FALSE,248.4984
Jun 17 2025 22:42:22.399 UTC,1750214542.399,5080.3,31.04234,-103.52190,15,3,153,1022,110,1,0,8,4,-75,4.07,2146.3,TRUE,FALSE,FALSE,261.3234
Jun 17 2025 22:42:22.499 UTC,1750214542.499,5183.9,31.04232,-103.52184,14,3,158,1047,110,1,0,8,3,-75,4.07,2249.9,TRUE,FALSE,FALSE,278.9295
Jun 17 2025 22:42:22.599 UTC,1750214542.599,5289.9,31.04231,-103.52180,14,3,162,1072,110,1,0,8,4,-75,4.07,2355.9,TRUE,FALSE,FALSE,294.2501
Jun 17 2025 22:42:22.699 UTC,1750214542.699,5398.4,31.04229,-103.52175,12,3,166,1096,110,1,0,8,2,-75,4.07,2464.4,TRUE,FALSE,FALSE,309.7802
Jun 17 2025 22:42:22.799 UTC,1750214542.799,5509.1,31.04228,-103.52170,12,3,171,1117,110,1,0,7,3,-75,4.07,2575.1,TRUE,FALSE,FALSE,327.3921
Jun 17 2025 22:42:22.899 UTC,1750214542.899,5622.3,31.04226,-103.52164,13,3,175,1139,110,1,0,7,3,-75,4.07,2688.3,TRUE,FALSE,FALSE,345.2120
Jun 17 2025 22:42:23.000 UTC,1750214543.0,5737.6,31.04224,-103.52159,14,3,179,1164,110,1,0,8,3,-75,4.07,2803.6,TRUE,FALSE,FALSE,363.0349
Jun 17 2025 22:42:23.099 UTC,1750214543.099,5855.2,31.04222,-103.52154,13,3,185,1187,110,1,0,8,3,-75,4.07,2921.2,TRUE,FALSE,FALSE,380.8600
Jun 17 2025 22:42:23.199 UTC,1750214543.199,5975.1,31.04221,-103.52148,12,3,188,1208,110,1,0,8,2,-75,4.07,3041.1,TRUE,FALSE,FALSE,398.9008
Jun 17 2025 22:42:23.299 UTC,1750214543.299,6097.3,31.04219,-103.52142,12,3,192,1231,110,1,0,8,3,-75,4.07,3163.3,TRUE,FALSE,FALSE,419.0023
Jun 17 2025 22:42:23.399 UTC,1750214543.399,6221.5,31.04217,-103.52137,11,3,197,1252,110,1,0,8,2,-75,4.07,3287.5,TRUE,FALSE,FALSE,437.0490
Jun 17 2025 22:42:23.499 UTC,1750214543.499,6347.9,31.04215,-103.52131,13,3,202,1274,110,1,0,8,3,-75,4.07,3413.9,TRUE,FALSE,FALSE,457.3676
Jun 17 2025 22:42:23.599 UTC,1750214543.599,6476.5,31.04213,-103.52125,12,3,206,1295,110,1,0,8,2,-75,4.07,3542.5,TRUE,FALSE,FALSE,477.6874
Jun 17 2025 22:42:23.699 UTC,1750214543.699,6607.1,31.04211,-103.52119,13,3,211,1316,110,1,0,8,3,-75,4.07,3673.1,TRUE,FALSE,FALSE,498.2275
Jun 17 2025 22:42:23.799 UTC,1750214543.799,6740.0,31.04209,-103.52112,12,3,215,1337,110,1,0,8,3,-75,4.07,3806.0,TRUE,FALSE,FALSE,521.0345
Jun 17 2025 22:42:23.899 UTC,1750214543.899,6874.9,31.04207,-103.52106,11,3,220,1358,110,1,0,8,2,-75,4.062,3940.9,TRUE,FALSE,FALSE,541.5789
Jun 17 2025 22:42:24.000 UTC,1750214544.0,7011.8,31.04205,-103.52099,12,3,224,1378,110,1,0,9,2,-75,4.062,4077.8,TRUE,FALSE,FALSE,564.3874
Jun 17 2025 22:42:24.099 UTC,1750214544.099,7150.9,31.04203,-103.52092,12,3,228,1399,110,1,0,9,1,-75,4.062,4216.9,TRUE,FALSE,FALSE,587.1961
Jun 17 2025 22:42:24.199 UTC,1750214544.199,7292.0,31.04201,-103.52085,12,3,233,1420,109,1,0,8,2,-75,4.062,4358.0,TRUE,FALSE,FALSE,610.0049
Jun 17 2025 22:42:24.299 UTC,1750214544.299,7435.1,31.04198,-103.52078,12,3,237,1440,109,1,0,8,3,-75,4.062,4501.1,TRUE,FALSE,FALSE,633.0383
Jun 17 2025 22:42:24.399 UTC,1750214544.399,7580.2,31.04196,-103.52071,13,3,241,1460,109,1,0,9,3,-75,4.062,4646.2,TRUE,FALSE,FALSE,658.3324
Jun 17 2025 22:42:24.499 UTC,1750214544.499,7727.1,31.04194,-103.52064,12,3,245,1479,109,1,0,8,3,-75,4.062,4793.1,TRUE,FALSE,FALSE,681.1423
Jun 17 2025 22:42:24.599 UTC,1750214544.599,7876.2,31.04192,-103.52056,12,3,249,1499,109,1,0,8,3,-75,4.062,4942.2,TRUE,FALSE,FALSE,706.4366
Jun 17 2025 22:42:24.699 UTC,1750214544.699,8027.2,31.04189,-103.52048,12,3,252,1518,109,1,0,7,4,-75,4.062,5093.2,TRUE,FALSE,FALSE,731.7309
Jun 17 2025 22:42:24.799 UTC,1750214544.799,8180.0,31.04187,-103.52041,12,3,256,1537,108,1,0,7,4,-75,4.062,5246.0,TRUE,FALSE,FALSE,757.0253
Jun 17 2025 22:42:24.899 UTC,1750214544.899,8334.7,31.04185,-103.52033,15,3,259,1555,108,1,0,8,5,-75,4.062,5400.7,TRUE,FALSE,FALSE,782.3197
Jun 17 2025 22:42:25.000 UTC,1750214545.0,8491.3,31.04182,-103.52025,13,3,263,1575,108,1,0,8,4,-75,4.062,5557.3,TRUE,FALSE,FALSE,809.8730
Jun 17 2025 22:42:25.099 UTC,1750214545.099,8649.7,31.04180,-103.52017,13,3,266,1592,108,1,0,7,5,-75,4.062,5715.7,TRUE,FALSE,FALSE,835.1673
Jun 17 2025 22:42:25.199 UTC,1750214545.199,8809.9,31.04178,-103.52009,15,3,269,1610,108,1,0,8,6,-75,4.062,5875.9,TRUE,FALSE,FALSE,862.7208
Jun 17 2025 22:42:25.299 UTC,1750214545.299,8971.8,31.04176,-103.52000,14,3,272,1627,107,1,0,7,6,-75,4.062,6037.8,TRUE,FALSE,FALSE,890.2747
Jun 17 2025 22:42:25.399 UTC,1750214545.399,9135.6,31.04173,-103.51992,15,3,274,1645,107,1,0,8,6,-75,4.062,6201.6,TRUE,FALSE,FALSE,917.8289
Jun 17 2025 22:42:25.499 UTC,1750214545.499,9300.9,31.04171,-103.51984,17,3,278,1661,107,1,0,12,4,-75,4.062,6366.9,TRUE,FALSE,FALSE,945.3835
Jun 17 2025 22:42:28.000 UTC,1750214548.0,13638.9,31.04118,-103.51765,22,3,273,1666,104,1,0,10,9,-75,4.064,10704.9,TRUE,FALSE,FALSE,1657.2850
Jun 17 2025 22:42:28.099 UTC,1750214548.099,13805.1,31.04116,-103.51756,22,3,271,1654,104,1,0,11,8,-75,4.064,10871.1,TRUE,FALSE,FALSE,1684.4258
Jun 17 2025 22:42:28.199 UTC,1750214548.199,13970.0,31.04114,-103.51748,22,3,270,1642,104,1,0,12,7,-75,4.064,11036.0,TRUE,FALSE,FALSE,1711.5675
Jun 17 2025 22:42:28.299 UTC,1750214548.299,14133.8,31.04112,-103.51740,21,3,268,1630,104,1,0,11,7,-75,4.064,11199.8,TRUE,FALSE,FALSE,1738.5021
Jun 17 2025 22:42:28.399 UTC,1750214548.399,14296.4,31.04110,-103.51731,21,3,266,1617,104,1,0,10,8,-75,4.064,11362.4,TRUE,FALSE,FALSE,1765.6459
Jun 17 2025 22:42:28.499 UTC,1750214548.499,14457.7,31.04108,-103.51723,21,3,264,1605,104,1,0,9,9,-75,4.064,11523.7,TRUE,FALSE,FALSE,1792.7907
Jun 17 2025 22:42:28.599 UTC,1750214548.599,14617.7,31.04106,-103.51715,21,3,262,1593,104,1,0,10,8,-75,4.064,11683.7,TRUE,FALSE,FALSE,1817.6563
Jun 17 2025 22:42:28.699 UTC,1750214548.699,14776.6,31.04105,-103.51707,21,3,261,1581,104,1,0,9,9,-75,4.064,11842.6,TRUE,FALSE,FALSE,1844.5957
Jun 17 2025 22:42:28.799 UTC,1750214548.799,14934.2,31.04103,-103.51699,21,3,260,1569,104,1,0,9,9,-75,4.064,12000.2,TRUE,FALSE,FALSE,1869.4618
Jun 17 2025 22:42:28.899 UTC,1750214548.899,15090.7,31.04101,-103.51691,21,3,257,1557,104,1,0,9,9,-75,4.064,12156.7,TRUE,FALSE,FALSE,1896.4033
Jun 17 2025 22:42:29.099 UTC,1750214549.099,15400.1,31.04097,-103.51675,21,3,255,1534,104,1,0,10,9,-75,4.064,12466.1,TRUE,FALSE,FALSE,1948.2134
Jun 17 2025 22:42:29.199 UTC,1750214549.199,15553.1,31.04095,-103.51667,21,3,253,1523,105,1,0,10,9,-75,4.064,12619.1,TRUE,FALSE,FALSE,1973.0805
Jun 17 2025 22:42:29.299 UTC,1750214549.299,15704.9,31.04094,-103.51659,20,3,252,1511,104,1,0,10,8,-75,4.064,12770.9,TRUE,FALSE,FALSE,1997.7432
Jun 17 2025 22:42:29.399 UTC,1750214549.399,15855.7,31.04092,-103.51652,21,3,250,1500,105,1,0,10,9,-75,4.064,12921.7,TRUE,FALSE,FALSE,2022.6104
Jun 17 2025 22:42:29.599 UTC,1750214549.599,16153.9,31.04088,-103.51637,22,3,248,1479,105,1,0,9,11,-75,4.064,13219.9,TRUE,FALSE,FALSE,2072.1414
Jun 17 2025 22:42:29.699 UTC,1750214549.699,16301.4,31.04086,-103.51629,21,3,246,1468,105,1,0,8,11,-75,4.064,13367.4,TRUE,FALSE,FALSE,2096.8054
Jun 17 2025 22:42:29.799 UTC,1750214549.799,16447.8,31.04085,-103.51621,22,3,245,1457,105,1,0,10,10,-75,4.064,13513.8,TRUE,FALSE,FALSE,2121.6732
Jun 17 2025 22:42:29.899 UTC,1750214549.899,16593.1,31.04083,-103.51614,22,3,244,1447,105,1,0,12,7,-75,4.067,13659.1,TRUE,FALSE,FALSE,2146.3378
Jun 17 2025 22:42:30.000 UTC,1750214550.0,16737.5,31.04081,-103.51606,21,3,242,1437,105,1,0,11,7,-75,4.067,13803.5,TRUE,FALSE,FALSE,2171.2057
Jun 17 2025 22:42:30.199 UTC,1750214550.199,17022.9,31.04077,-103.51591,22,3,240,1416,105,1,0,11,8,-75,4.067,14088.9,TRUE,FALSE,FALSE,2218.4549
Jun 17 2025 22:42:30.299 UTC,1750214550.299,17164.1,31.04076,-103.51584,22,3,239,1406,105,1,0,11,8,-75,4.067,14230.1,TRUE,FALSE,FALSE,2243.1204
Jun 17 2025 22:42:30.399 UTC,1750214550.399,17304.3,31.04072,-103.51576,20,3,238,1396,105,1,0,10,7,-75,4.067,14370.3,TRUE,FALSE,FALSE,2270.2271
Jun 17 2025 22:42:30.499 UTC,1750214550.499,17443.6,31.04072,-103.51569,22,3,237,1386,106,1,0,11,7,-75,4.067,14509.6,TRUE,FALSE,FALSE,2290.3699
Jun 17 2025 22:42:30.599 UTC,1750214550.599,17581.9,31.04070,-103.51562,22,3,236,1377,106,1,0,8,10,-75,4.067,14647.9,TRUE,FALSE,FALSE,2315.2381
Jun 17 2025 22:42:30.699 UTC,1750214550.699,17719.3,31.04068,-103.51555,22,3,235,1367,106,1,0,8,10,-75,4.067,14785.3,TRUE,FALSE,FALSE,2337.6196
Jun 17 2025 22:42:30.799 UTC,1750214550.799,17855.6,31.04066,-103.51547,22,3,234,1358,106,1,0,7,11,-75,4.067,14921.6,TRUE,FALSE,FALSE,2362.4879
Jun 17 2025 22:42:30.899 UTC,1750214550.899,17991.0,31.04065,-103.51540,23,3,233,1348,106,1,0,8,10,-75,4.067,15057.0,TRUE,FALSE,FALSE,2384.8694
Jun 17 2025 22:42:31.000 UTC,1750214551.0,18125.5,31.04063,-103.51533,23,3,233,1339,106,1,0,9,10,-75,4.067,15191.5,TRUE,FALSE,FALSE,2409.7378
Jun 17 2025 22:42:31.099 UTC,1750214551.099,18259.1,31.04061,-103.51526,22,3,232,1330,106,1,0,9,9,-75,4.067,15325.1,TRUE,FALSE,FALSE,2432.1193
Jun 17 2025 22:42:31.199 UTC,1750214551.199,18391.8,31.04059,-103.51519,22,3,231,1320,106,1,0,9,9,-75,4.067,15457.8,TRUE,FALSE,FALSE,2454.7029
Jun 17 2025 22:42:31.299 UTC,1750214551.299,18523.5,31.04058,-103.51511,22,3,230,1312,106,1,0,9,10,-75,4.067,15589.5,TRUE,FALSE,FALSE,2479.3694
Jun 17 2025 22:42:31.399 UTC,1750214551.399,18654.3,31.04056,-103.51505,22,3,229,1303,106,1,0,9,10,-75,4.067,15720.3,TRUE,FALSE,FALSE,2501.7510
Jun 17 2025 22:42:31.499 UTC,1750214551.499,18784.3,31.04054,-103.51498,22,3,229,1294,106,1,0,9,10,-75,4.067,15850.3,TRUE,FALSE,FALSE,2524.3344
Jun 17 2025 22:42:31.599 UTC,1750214551.599,18913.4,31.04052,-103.51491,22,3,228,1285,106,1,0,10,9,-75,4.067,15979.4,TRUE,FALSE,FALSE,2546.7160
Jun 17 2025 22:42:31.699 UTC,1750214551.699,19041.7,31.04050,-103.51484,23,3,227,1277,106,1,0,10,10,-75,4.067,16107.7,TRUE,FALSE,FALSE,2569.2995
Jun 17 2025 22:42:31.799 UTC,1750214551.799,19169.1,31.04049,-103.51477,23,3,226,1268,106,1,0,11,9,-75,4.067,16235.1,TRUE,FALSE,FALSE,2591.6811
Jun 17 2025 22:42:31.899 UTC,1750214551.899,19295.7,31.04047,-103.51470,23,3,226,1260,106,1,0,11,9,-75,4.067,16361.7,TRUE,FALSE,FALSE,2614.0628
Jun 17 2025 22:42:32.099 UTC,1750214552.099,19546.1,31.04043,-103.51456,23,3,224,1243,106,1,0,11,9,-75,4.067,16612.1,TRUE,FALSE,FALSE,2661.3130
Jun 17 2025 22:42:32.199 UTC,1750214552.199,19670.1,31.04041,-103.51449,22,3,223,1234,106,1,0,11,9,-75,4.067,16736.1,TRUE,FALSE,FALSE,2683.6947
Jun 17 2025 22:42:32.299 UTC,1750214552.299,19793.3,31.04040,-103.51443,22,3,222,1226,106,1,0,11,9,-75,4.067,16859.3,TRUE,FALSE,FALSE,2703.7912
Jun 17 2025 22:42:32.399 UTC,1750214552.399,19915.7,31.04038,-103.51436,22,3,222,1218,106,1,0,12,8,-75,4.067,16981.7,TRUE,FALSE,FALSE,2726.1729
Jun 17 2025 22:42:32.499 UTC,1750214552.499,20037.2,31.04036,-103.51429,23,3,221,1210,106,1,0,13,8,-75,4.067,17103.2,TRUE,FALSE,FALSE,2748.7563
Jun 17 2025 22:42:32.599 UTC,1750214552.599,20158.0,31.04034,-103.51422,23,3,220,1202,106,1,0,12,9,-75,4.067,17224.0,TRUE,FALSE,FALSE,2771.1380
Jun 17 2025 22:42:32.699 UTC,1750214552.699,20277.9,31.04033,-103.51415,22,3,219,1194,106,1,0,13,7,-75,4.067,17343.9,TRUE,FALSE,FALSE,2793.5197
Jun 17 2025 22:42:32.799 UTC,1750214552.799,20397.1,31.04031,-103.51408,22,3,218,1186,106,1,0,13,7,-75,4.067,17463.1,TRUE,FALSE,FALSE,2815.9014
Jun 17 2025 22:42:32.899 UTC,1750214552.899,20515.5,31.04029,-103.51402,22,3,218,1178,106,1,0,13,6,-75,4.067,17581.5,TRUE,FALSE,FALSE,2838.2832
Jun 17 2025 22:42:33.000 UTC,1750214553.0,20633.1,31.04028,-103.51395,22,3,217,1170,106,1,0,13,6,-75,4.067,17699.1,TRUE,FALSE,FALSE,2858.3797
Jun 17 2025 22:42:33.199 UTC,1750214553.199,20866.0,31.04024,-103.51382,22,3,216,1155,106,1,0,13,6,-75,4.067,17932.0,TRUE,FALSE,FALSE,2903.1432
Jun 17 2025 22:42:33.299 UTC,1750214553.299,20981.3,31.04022,-103.51376,22,3,215,1148,106,1,0,13,6,-75,4.067,18047.3,TRUE,FALSE,FALSE,2923.2397
Jun 17 2025 22:42:33.399 UTC,1750214553.399,21096.0,31.04021,-103.51369,23,3,214,1140,106,1,0,13,7,-75,4.067,18162.0,TRUE,FALSE,FALSE,2945.6215
Jun 17 2025 22:42:33.499 UTC,1750214553.499,21209.9,31.04019,-103.51363,23,3,214,1133,106,1,0,14,6,-75,4.067,18275.9,TRUE,FALSE,FALSE,2965.7181
Jun 17 2025 22:42:33.599 UTC,1750214553.599,21323.0,31.04017,-103.51356,22,3,213,1126,107,1,0,13,6,-75,4.067,18389.0,TRUE,FALSE,FALSE,2988.3016
Jun 17 2025 22:42:33.699 UTC,1750214553.699,21435.4,31.04016,-103.51350,24,3,212,1119,106,1,0,15,6,-75,4.067,18501.4,TRUE,FALSE,FALSE,3008.1964
Jun 17 2025 22:42:33.799 UTC,1750214553.799,21547.1,31.04014,-103.51343,24,3,211,1111,107,1,0,15,6,-75,4.067,18613.1,TRUE,FALSE,FALSE,3030.5782
Jun 17 2025 22:42:34.000 UTC,1750214554.0,21768.3,31.04010,-103.51330,24,3,210,1097,107,1,0,15,7,-75,4.067,18834.3,TRUE,FALSE,FALSE,3073.0565
Jun 17 2025 22:42:34.199 UTC,1750214554.199,21986.5,31.04007,-103.51317,25,3,209,1083,107,1,0,15,8,-75,4.067,19052.5,TRUE,FALSE,FALSE,3115.5350
Jun 17 2025 22:42:34.299 UTC,1750214554.299,22094.7,31.04005,-103.51311,24,3,208,1076,107,1,0,15,7,-75,4.067,19160.7,TRUE,FALSE,FALSE,3135.6318
Jun 17 2025 22:42:34.399 UTC,1750214554.399,22202.1,31.04004,-103.51305,25,3,207,1069,107,1,0,15,8,-75,4.067,19268.1,TRUE,FALSE,FALSE,3155.7286
Jun 17 2025 22:42:34.499 UTC,1750214554.499,22308.9,31.04002,-103.51298,25,3,207,1062,107,1,0,15,8,-75,4.067,19374.9,TRUE,FALSE,FALSE,3178.1103
Jun 17 2025 22:42:34.599 UTC,1750214554.599,22415.0,31.04000,-103.51292,25,3,207,1055,107,1,0,15,8,-75,4.067,19481.0,TRUE,FALSE,FALSE,3198.2071
Jun 17 2025 22:42:34.699 UTC,1750214554.699,22520.4,31.03998,-103.51286,25,3,206,1049,107,1,0,14,9,-75,4.067,19586.4,TRUE,FALSE,FALSE,3218.3041
Jun 17 2025 22:42:34.799 UTC,1750214554.799,22625.2,31.03997,-103.51279,25,3,205,1042,107,1,0,15,8,-75,4.067,19691.2,TRUE,FALSE,FALSE,3238.4011
Jun 17 2025 22:42:34.899 UTC,1750214554.899,22729.3,31.03995,-103.51273,25,3,205,1036,107,1,0,15,8,-75,4.067,19795.3,TRUE,FALSE,FALSE,3260.7827
Jun 17 2025 22:42:35.000 UTC,1750214555.0,22832.8,31.03993,-103.51266,25,3,204,1029,107,1,0,14,9,-75,4.067,19898.8,TRUE,FALSE,FALSE,3280.8798
Jun 17 2025 22:42:35.199 UTC,1750214555.199,23037.6,31.03990,-103.51254,25,3,203,1016,107,1,0,13,10,-75,4.067,20103.6,TRUE,FALSE,FALSE,3321.0740
Jun 17 2025 22:42:35.299 UTC,1750214555.299,23139.0,31.03988,-103.51248,25,3,202,1010,107,1,0,13,10,-75,4.067,20205.0,TRUE,FALSE,FALSE,3340.9687
Jun 17 2025 22:42:35.399 UTC,1750214555.399,23239.9,31.03987,-103.51242,25,3,202,1004,107,1,0,13,10,-75,4.067,20305.9,TRUE,FALSE,FALSE,3361.0660
Jun 17 2025 22:42:35.499 UTC,1750214555.499,23340.3,31.03985,-103.51236,25,3,202,998,107,1,0,13,10,-75,4.067,20406.3,TRUE,FALSE,FALSE,3381.1633
Jun 17 2025 22:42:35.599 UTC,1750214555.599,23440.0,31.03983,-103.51230,25,3,201,993,107,1,0,13,10,-75,4.067,20506.0,TRUE,FALSE,FALSE,3401.2606
Jun 17 2025 22:42:35.699 UTC,1750214555.699,23539.2,31.03981,-103.51224,25,3,201,987,107,1,0,13,10,-75,4.067,20605.2,TRUE,FALSE,FALSE,3421.3580
Jun 17 2025 22:42:35.799 UTC,1750214555.799,23637.8,31.03980,-103.51218,24,3,200,982,108,1,0,13,8,-75,4.067,20703.8,TRUE,FALSE,FALSE,3441.4555
Jun 17 2025 22:42:35.899 UTC,1750214555.899,23735.9,31.03978,-103.51212,24,3,200,976,108,1,0,13,8,-75,4.067,20801.9,TRUE,FALSE,FALSE,3461.5530
Jun 17 2025 22:42:36.000 UTC,1750214556.0,23833.4,31.03976,-103.51205,24,3,199,971,108,1,0,13,8,-75,4.067,20899.4,TRUE,FALSE,FALSE,3481.6506
Jun 17 2025 22:42:36.099 UTC,1750214556.099,23930.5,31.03975,-103.51199,24,3,199,966,108,1,0,13,8,-75,4.067,20996.5,TRUE,FALSE,FALSE,3501.7482
Jun 17 2025 22:42:36.199 UTC,1750214556.199,24027.0,31.03973,-103.51193,25,3,199,961,108,1,0,13,9,-75,4.067,21093.0,TRUE,FALSE,FALSE,3521.8459
Jun 17 2025 22:42:36.299 UTC,1750214556.299,24123.0,31.03971,-103.51187,25,3,199,955,108,1,0,13,9,-75,4.071,21189.0,TRUE,FALSE,FALSE,3541.9437
Jun 17 2025 22:42:36.399 UTC,1750214556.399,24218.5,31.03969,-103.51181,25,3,198,951,108,1,0,13,9,-75,4.071,21284.5,TRUE,FALSE,FALSE,3562.0415
Jun 17 2025 22:42:36.499 UTC,1750214556.499,24313.4,31.03968,-103.51175,25,3,198,945,108,1,0,13,9,-75,4.071,21379.4,TRUE,FALSE,FALSE,3582.1393
Jun 17 2025 22:42:36.599 UTC,1750214556.599,24407.9,31.03966,-103.51169,25,3,197,940,108,1,0,13,9,-75,4.071,21473.9,TRUE,FALSE,FALSE,3602.2372
Jun 17 2025 22:42:36.699 UTC,1750214556.699,24501.9,31.03964,-103.51163,25,3,197,936,108,1,0,13,9,-75,4.071,21567.9,TRUE,FALSE,FALSE,3620.0521
Jun 17 2025 22:42:36.799 UTC,1750214556.799,24595.4,31.03962,-103.51157,25,3,197,931,108,1,0,13,9,-75,4.071,21661.4,TRUE,FALSE,FALSE,3640.3541
Jun 17 2025 22:42:36.899 UTC,1750214556.899,24688.4,31.03961,-103.51151,25,3,197,926,108,1,0,13,9,-75,4.071,21754.4,TRUE,FALSE,FALSE,3660.4523
Jun 17 2025 22:42:37.000 UTC,1750214557.0,24781.0,31.03959,-103.51145,25,3,196,921,108,1,0,14,9,-75,4.071,21847.0,TRUE,FALSE,FALSE,3680.5506
Jun 17 2025 22:42:37.199 UTC,1750214557.199,24964.4,31.03955,-103.51134,25,3,196,911,108,1,0,14,9,-75,4.071,22030.4,TRUE,FALSE,FALSE,3718.4648
Jun 17 2025 22:42:37.299 UTC,1750214557.299,25055.6,31.03954,-103.51128,26,3,196,907,108,1,0,14,9,-75,4.071,22121.6,TRUE,FALSE,FALSE,3738.5633
Jun 17 2025 22:42:37.399 UTC,1750214557.399,25146.2,31.03952,-103.51122,26,3,195,902,108,1,0,14,9,-75,4.071,22212.2,TRUE,FALSE,FALSE,3758.6618
Jun 17 2025 22:42:37.599 UTC,1750214557.599,25326.0,31.03949,-103.51110,26,3,194,893,108,1,0,14,9,-75,4.071,22392.0,TRUE,FALSE,FALSE,3796.5770
Jun 17 2025 22:42:37.699 UTC,1750214557.699,25415.3,31.03947,-103.51104,26,3,194,888,108,1,0,14,9,-75,4.071,22481.3,TRUE,FALSE,FALSE,3816.6756
Jun 17 2025 22:42:37.799 UTC,1750214557.799,25504.0,31.03945,-103.51098,26,3,194,883,108,1,0,14,9,-75,4.071,22570.0,TRUE,FALSE,FALSE,3836.7744
Jun 17 2025 22:42:37.899 UTC,1750214557.899,25592.4,31.03943,-103.51093,26,3,194,879,108,1,0,14,9,-75,4.071,22658.4,TRUE,FALSE,FALSE,3854.7967
Jun 17 2025 22:42:38.000 UTC,1750214558.0,25680.2,31.03942,-103.51086,26,3,193,875,108,1,0,14,9,-75,4.071,22746.2,TRUE,FALSE,FALSE,3874.8956
Jun 17 2025 22:42:38.099 UTC,1750214558.099,25767.6,31.03940,-103.51080,26,3,193,870,108,1,0,15,8,-75,4.071,22833.6,TRUE,FALSE,FALSE,3894.9946
Jun 17 2025 22:42:38.199 UTC,1750214558.199,25854.6,31.03938,-103.51075,26,3,193,866,109,1,0,15,8,-75,4.071,22920.6,TRUE,FALSE,FALSE,3912.8124
Jun 17 2025 22:42:38.299 UTC,1750214558.299,25941.1,31.03936,-103.51069,26,3,193,861,109,1,0,15,8,-75,4.071,23007.1,TRUE,FALSE,FALSE,3932.9116
Jun 17 2025 22:42:38.399 UTC,1750214558.399,26027.2,31.03935,-103.51063,26,3,192,857,109,1,0,15,8,-75,4.071,23093.2,TRUE,FALSE,FALSE,3953.0107
Jun 17 2025 22:42:38.499 UTC,1750214558.499,26112.8,31.03933,-103.51057,26,3,192,852,109,1,0,15,8,-75,4.071,23178.8,TRUE,FALSE,FALSE,3970.8290
Jun 17 2025 22:42:38.599 UTC,1750214558.599,26198.0,31.03931,-103.51051,26,3,192,848,109,1,0,15,8,-75,4.071,23264.0,TRUE,FALSE,FALSE,3990.9283
Jun 17 2025 22:42:38.699 UTC,1750214558.699,26282.7,31.03929,-103.51046,26,3,191,843,109,1,0,15,8,-75,4.071,23348.7,TRUE,FALSE,FALSE,4008.9531
Jun 17 2025 22:42:38.799 UTC,1750214558.799,26367.0,31.03928,-103.51040,26,3,191,839,109,1,0,15,8,-75,4.071,23433.0,TRUE,FALSE,FALSE,4029.0526
Jun 17 2025 22:42:38.899 UTC,1750214558.899,26450.9,31.03926,-103.51034,26,3,191,835,109,1,0,15,8,-75,4.071,23516.9,TRUE,FALSE,FALSE,4049.1521
Jun 17 2025 22:42:39.000 UTC,1750214559.0,26534.3,31.03924,-103.51028,26,3,191,830,109,1,0,14,9,-75,4.071,23600.3,TRUE,FALSE,FALSE,4066.9714
Jun 17 2025 22:42:39.199 UTC,1750214559.199,26699.7,31.03921,-103.51017,25,3,190,821,109,1,0,15,8,-75,4.071,23765.7,TRUE,FALSE,FALSE,4104.8907
Jun 17 2025 22:42:39.299 UTC,1750214559.299,26781.8,31.03919,-103.51011,25,3,190,817,109,1,0,15,8,-75,4.071,23847.8,TRUE,FALSE,FALSE,4124.9904
Jun 17 2025 22:42:39.399 UTC,1750214559.399,26863.5,31.03917,-103.51006,25,3,190,813,109,1,0,14,9,-75,4.071,23929.5,TRUE,FALSE,FALSE,4142.8104
Jun 17 2025 22:42:39.499 UTC,1750214559.499,26944.8,31.03916,-103.50999,26,3,190,809,109,1,0,15,8,-75,4.071,24010.8,TRUE,FALSE,FALSE,4162.9102
Jun 17 2025 22:42:39.599 UTC,1750214559.599,27025.6,31.03914,-103.50994,26,3,189,805,109,1,0,15,8,-75,4.071,24091.6,TRUE,FALSE,FALSE,4180.7306
Jun 17 2025 22:42:39.699 UTC,1750214559.699,27106.0,31.03912,-103.50988,26,3,189,800,109,1,0,15,8,-75,4.071,24172.0,TRUE,FALSE,FALSE,4200.8305
Jun 17 2025 22:42:39.799 UTC,1750214559.799,27186.0,31.03910,-103.50983,26,3,189,796,109,1,0,15,8,-75,4.071,24252.0,TRUE,FALSE,FALSE,4218.8585
Jun 17 2025 22:42:39.899 UTC,1750214559.899,27265.5,31.03909,-103.50977,26,3,189,792,109,1,0,15,7,-75,4.071,24331.5,TRUE,FALSE,FALSE,4238.9586
Jun 17 2025 22:42:40.000 UTC,1750214560.0,27344.7,31.03907,-103.50971,26,3,188,787,109,1,0,15,7,-75,4.071,24410.7,TRUE,FALSE,FALSE,4256.7798
Jun 17 2025 22:42:40.199 UTC,1750214560.199,27501.6,31.03903,-103.50960,25,3,188,779,109,1,0,15,7,-75,4.071,24567.6,TRUE,FALSE,FALSE,4294.7014
Jun 17 2025 22:42:40.299 UTC,1750214560.299,27579.5,31.03902,-103.50954,26,3,188,775,109,1,0,15,7,-75,4.071,24645.5,TRUE,FALSE,FALSE,4312.5231
Jun 17 2025 22:42:40.399 UTC,1750214560.399,27656.9,31.03900,-103.50948,25,3,188,771,109,1,0,15,7,-75,4.071,24722.9,TRUE,FALSE,FALSE,4332.6235
Jun 17 2025 22:42:40.499 UTC,1750214560.499,27733.9,31.03898,-103.50943,26,3,187,766,109,1,0,15,7,-75,4.071,24799.9,TRUE,FALSE,FALSE,4350.4454
Jun 17 2025 22:42:40.599 UTC,1750214560.599,27810.6,31.03897,-103.50938,26,3,187,763,109,1,0,14,8,-75,4.058,24876.6,TRUE,FALSE,FALSE,4368.2676
Jun 17 2025 22:42:40.699 UTC,1750214560.699,27886.8,31.03895,-103.50932,26,3,187,758,109,1,0,14,8,-75,4.058,24952.8,TRUE,FALSE,FALSE,4388.3681
Jun 17 2025 22:42:40.799 UTC,1750214560.799,27962.6,31.03893,-103.50926,26,3,187,754,109,1,0,14,8,-75,4.058,25028.6,TRUE,FALSE,FALSE,4406.1906
Jun 17 2025 22:42:40.899 UTC,1750214560.899,28038.0,31.03891,-103.50920,26,3,187,750,109,1,0,14,8,-75,4.058,25104.0,TRUE,FALSE,FALSE,4426.2912
Jun 17 2025 22:42:41.000 UTC,1750214561.0,28113.0,31.03890,-103.50915,26,3,186,746,109,1,0,14,8,-75,4.058,25179.0,TRUE,FALSE,FALSE,4444.1140
Jun 17 2025 22:42:41.099 UTC,1750214561.099,28187.5,31.03888,-103.50909,25,3,186,742,109,1,0,15,7,-75,4.058,25253.5,TRUE,FALSE,FALSE,4461.9370
Jun 17 2025 22:42:41.199 UTC,1750214561.199,28261.7,31.03886,-103.50903,25,3,186,738,109,1,0,16,6,-75,4.058,25327.7,TRUE,FALSE,FALSE,4482.0378
Jun 17 2025 22:42:41.299 UTC,1750214561.299,28335.4,31.03885,-103.50898,26,3,186,734,109,1,0,16,6,-75,4.058,25401.4,TRUE,FALSE,FALSE,4499.8610
Jun 17 2025 22:42:41.399 UTC,1750214561.399,28408.8,31.03883,-103.50893,25,3,185,730,109,1,0,16,6,-75,4.058,25474.8,TRUE,FALSE,FALSE,4517.6845
Jun 17 2025 22:42:41.499 UTC,1750214561.499,28481.8,31.03881,-103.50887,26,3,186,726,109,1,0,15,7,-75,4.058,25547.8,TRUE,FALSE,FALSE,4537.7853
Jun 17 2025 22:42:41.599 UTC,1750214561.599,28554.3,31.03879,-103.50881,25,3,185,722,109,1,0,15,7,-75,4.058,25620.3,TRUE,FALSE,FALSE,4555.8185
Jun 17 2025 22:42:41.699 UTC,1750214561.699,28626.5,31.03877,-103.50876,26,3,185,718,109,1,0,15,7,-75,4.058,25692.5,TRUE,FALSE,FALSE,4573.6426
Jun 17 2025 22:42:41.799 UTC,1750214561.799,28698.2,31.03876,-103.50871,26,3,185,713,109,1,0,15,7,-75,4.058,25764.2,TRUE,FALSE,FALSE,4591.4668
Jun 17 2025 22:42:41.899 UTC,1750214561.899,28769.5,31.03874,-103.50864,25,3,185,710,109,1,0,14,8,-75,4.058,25835.5,TRUE,FALSE,FALSE,4611.5679
Jun 17 2025 22:42:42.000 UTC,1750214562.0,28840.4,31.03872,-103.50859,26,3,184,706,109,1,0,14,8,-75,4.058,25906.4,TRUE,FALSE,FALSE,4629.3924
Jun 17 2025 22:42:42.199 UTC,1750214562.199,28981.0,31.03869,-103.50848,26,3,184,698,109,1,0,14,8,-75,4.058,26047.0,TRUE,FALSE,FALSE,4667.3184
Jun 17 2025 22:42:42.299 UTC,1750214562.299,29050.8,31.03867,-103.50842,26,3,184,694,109,1,0,14,8,-75,4.058,26116.8,TRUE,FALSE,FALSE,4685.1433
Jun 17 2025 22:42:42.399 UTC,1750214562.399,29120.1,31.03865,-103.50837,25,3,184,690,109,1,0,14,8,-75,4.058,26186.1,TRUE,FALSE,FALSE,4702.9685
Jun 17 2025 22:42:42.499 UTC,1750214562.499,29189.1,31.03864,-103.50832,25,3,184,686,109,1,0,14,8,-75,4.058,26255.1,TRUE,FALSE,FALSE,4720.7938
Jun 17 2025 22:42:42.699 UTC,1750214562.699,29325.9,31.03860,-103.50820,25,3,183,678,109,1,0,14,8,-75,4.069,26391.9,TRUE,FALSE,FALSE,4758.7207
Jun 17 2025 22:42:42.799 UTC,1750214562.799,29393.6,31.03859,-103.50815,25,3,183,674,109,1,0,13,9,-75,4.069,26459.6,TRUE,FALSE,FALSE,4776.5465
Jun 17 2025 22:42:42.899 UTC,1750214562.899,29461.1,31.03857,-103.50809,25,3,183,670,109,1,0,13,9,-75,4.069,26527.1,TRUE,FALSE,FALSE,4794.3724
Jun 17 2025 22:42:43.000 UTC,1750214563.0,29528.0,31.03855,-103.50804,25,3,183,666,109,1,0,13,9,-75,4.069,26594.0,TRUE,FALSE,FALSE,4812.1985
Jun 17 2025 22:42:43.199 UTC,1750214563.199,29660.8,31.03852,-103.50793,24,3,183,659,109,1,0,14,8,-75,4.069,26726.8,TRUE,FALSE,FALSE,4850.1263
Jun 17 2025 22:42:43.299 UTC,1750214563.299,29726.6,31.03850,-103.50787,25,3,182,655,109,1,0,14,8,-75,4.069,26792.6,TRUE,FALSE,FALSE,4867.9528
Jun 17 2025 22:42:43.399 UTC,1750214563.399,29792.1,31.03848,-103.50782,25,3,182,651,109,1,0,14,8,-75,4.069,26858.1,TRUE,FALSE,FALSE,4885.7795
Jun 17 2025 22:42:43.499 UTC,1750214563.499,29857.2,31.03847,-103.50777,25,3,182,647,109,1,0,14,8,-75,4.069,26923.2,TRUE,FALSE,FALSE,4903.6064
Jun 17 2025 22:42:43.599 UTC,1750214563.599,29921.9,31.03845,-103.50771,25,3,182,643,110,1,0,14,8,-75,4.069,26987.9,TRUE,FALSE,FALSE,4921.4334
Jun 17 2025 22:42:43.699 UTC,1750214563.699,29986.3,31.03843,-103.50765,24,3,182,640,110,1,0,14,8,-75,4.069,27052.3,TRUE,FALSE,FALSE,4941.5351
Jun 17 2025 22:42:43.799 UTC,1750214563.799,30050.2,31.03841,-103.50760,24,3,182,636,110,1,0,14,8,-75,4.069,27116.2,TRUE,FALSE,FALSE,4959.3623
Jun 17 2025 22:42:43.899 UTC,1750214563.899,30113.8,31.03840,-103.50755,25,3,182,632,110,1,0,14,8,-75,4.069,27179.8,TRUE,FALSE,FALSE,4977.1897
Jun 17 2025 22:42:44.000 UTC,1750214564.0,30176.9,31.03838,-103.50749,25,3,181,628,110,1,0,14,8,-75,4.069,27242.9,TRUE,FALSE,FALSE,4995.0172
Jun 17 2025 22:42:44.099 UTC,1750214564.099,30239.7,31.03836,-103.50744,25,3,181,624,110,1,0,14,8,-75,4.069,27305.7,TRUE,FALSE,FALSE,5012.8449
Jun 17 2025 22:42:44.199 UTC,1750214564.199,30302.1,31.03835,-103.50739,26,3,181,621,110,1,0,14,8,-75,4.069,27368.1,TRUE,FALSE,FALSE,5030.6728
Jun 17 2025 22:42:44.299 UTC,1750214564.299,30364.2,31.03833,-103.50733,26,3,181,617,110,1,0,14,8,-75,4.069,27430.2,TRUE,FALSE,FALSE,5048.5008
Jun 17 2025 22:42:44.399 UTC,1750214564.399,30425.9,31.03831,-103.50728,26,3,181,614,110,1,0,14,8,-75,4.069,27491.9,TRUE,FALSE,FALSE,5066.3289
Jun 17 2025 22:42:44.499 UTC,1750214564.499,30487.2,31.03829,-103.50722,24,3,181,609,110,1,0,14,8,-75,4.069,27553.2,TRUE,FALSE,FALSE,5086.4309
Jun 17 2025 22:42:44.599 UTC,1750214564.599,30548.1,31.03828,-103.50716,25,3,181,606,110,1,0,14,8,-75,4.069,27614.1,TRUE,FALSE,FALSE,5104.2592
Jun 17 2025 22:42:44.699 UTC,1750214564.699,30608.6,31.03826,-103.50711,25,3,180,602,110,1,0,14,8,-75,4.069,27674.6,TRUE,FALSE,FALSE,5122.0877
Jun 17 2025 22:42:44.799 UTC,1750214564.799,30668.7,31.03824,-103.50706,25,3,180,598,110,1,0,14,8,-75,4.074,27734.7,TRUE,FALSE,FALSE,5139.9163
Jun 17 2025 22:42:44.899 UTC,1750214564.899,30728.5,31.03823,-103.50700,25,3,180,595,110,1,0,14,8,-75,4.074,27794.5,TRUE,FALSE,FALSE,5157.7451
Jun 17 2025 22:42:45.000 UTC,1750214565.0,30787.9,31.03821,-103.50695,24,3,180,591,110,1,0,14,8,-75,4.074,27853.9,TRUE,FALSE,FALSE,5175.5741
Jun 17 2025 22:42:45.199 UTC,1750214565.199,30905.5,31.03817,-103.50684,24,3,180,583,110,1,0,14,8,-75,4.074,27971.5,TRUE,FALSE,FALSE,5211.2324
Jun 17 2025 22:42:45.299 UTC,1750214565.299,30963.8,31.03816,-103.50679,25,3,180,580,110,1,0,14,9,-75,4.074,28029.8,TRUE,FALSE,FALSE,5229.0618
Jun 17 2025 22:42:45.399 UTC,1750214565.399,31021.8,31.03814,-103.50674,25,3,180,576,110,1,0,14,9,-75,4.074,28087.8,TRUE,FALSE,FALSE,5246.8913
Jun 17 2025 22:42:45.499 UTC,1750214565.499,31079.3,31.03812,-103.50668,25,3,179,572,110,1,0,14,9,-75,4.074,28145.3,TRUE,FALSE,FALSE,5264.7209
Jun 17 2025 22:42:45.599 UTC,1750214565.599,31136.5,31.03811,-103.50663,24,3,179,569,110,1,0,14,8,-75,4.074,28202.5,TRUE,FALSE,FALSE,5282.5507
Jun 17 2025 22:42:45.699 UTC,1750214565.699,31193.3,31.03809,-103.50658,25,3,179,565,110,1,0,14,9,-75,4.074,28259.3,TRUE,FALSE,FALSE,5300.3807
Jun 17 2025 22:42:45.799 UTC,1750214565.799,31249.8,31.03807,-103.50652,25,3,179,561,110,1,0,14,9,-75,4.074,28315.8,TRUE,FALSE,FALSE,5318.2107
Jun 17 2025 22:42:45.899 UTC,1750214565.899,31305.9,31.03805,-103.50647,25,3,179,558,110,1,0,14,9,-75,4.074,28371.9,TRUE,FALSE,FALSE,5336.0409
Jun 17 2025 22:42:46.000 UTC,1750214566.0,31361.6,31.03804,-103.50642,25,3,179,554,110,1,0,14,9,-75,4.074,28427.6,TRUE,FALSE,FALSE,5353.8713
Jun 17 2025 22:42:46.099 UTC,1750214566.099,31417.0,31.03802,-103.50636,25,3,178,550,110,1,0,14,9,-75,4.074,28483.0,TRUE,FALSE,FALSE,5371.7017
Jun 17 2025 22:42:46.199 UTC,1750214566.199,31472.0,31.03800,-103.50631,25,3,178,546,110,1,0,14,9,-75,4.074,28538.0,TRUE,FALSE,FALSE,5389.5323
Jun 17 2025 22:42:46.299 UTC,1750214566.299,31526.6,31.03798,-103.50626,26,3,178,543,110,1,0,14,9,-75,4.074,28592.6,TRUE,FALSE,FALSE,5407.3630
Jun 17 2025 22:42:46.399 UTC,1750214566.399,31580.9,31.03797,-103.50620,26,3,178,539,110,1,0,14,9,-75,4.074,28646.9,TRUE,FALSE,FALSE,5425.1939
Jun 17 2025 22:42:46.499 UTC,1750214566.499,31634.8,31.03795,-103.50615,25,3,178,536,110,1,0,14,9,-75,4.074,28700.8,TRUE,FALSE,FALSE,5443.0249
Jun 17 2025 22:42:46.599 UTC,1750214566.599,31688.4,31.03793,-103.50610,25,3,178,532,110,1,0,14,9,-75,4.074,28754.4,TRUE,FALSE,FALSE,5460.8560
Jun 17 2025 22:42:46.699 UTC,1750214566.699,31741.6,31.03792,-103.50604,25,3,178,529,110,1,0,14,9,-75,4.074,28807.6,TRUE,FALSE,FALSE,5478.6872
Jun 17 2025 22:42:46.799 UTC,1750214566.799,31794.4,31.03790,-103.50599,25,3,178,525,110,1,0,14,9,-75,4.074,28860.4,TRUE,FALSE,FALSE,5496.5185
Jun 17 2025 22:42:46.899 UTC,1750214566.899,31846.8,31.03788,-103.50594,25,3,178,521,110,1,0,14,9,-75,4.064,28912.8,TRUE,FALSE,FALSE,5514.3500
Jun 17 2025 22:42:47.099 UTC,1750214567.099,31950.7,31.03785,-103.50583,25,3,177,514,110,1,0,14,9,-75,4.064,29016.7,TRUE,FALSE,FALSE,5549.7981
Jun 17 2025 22:42:47.199 UTC,1750214567.199,32002.1,31.03783,-103.50578,25,3,177,511,110,1,0,14,9,-75,4.064,29068.1,TRUE,FALSE,FALSE,5567.6299
Jun 17 2025 22:42:47.299 UTC,1750214567.299,32053.1,31.03782,-103.50572,26,3,177,507,110,1,0,14,9,-75,4.064,29119.1,TRUE,FALSE,FALSE,5585.4617
Jun 17 2025 22:42:47.399 UTC,1750214567.399,32103.8,31.03780,-103.50567,25,3,177,503,110,1,0,14,9,-75,4.064,29169.8,TRUE,FALSE,FALSE,5603.2937
Jun 17 2025 22:42:47.499 UTC,1750214567.499,32154.1,31.03778,-103.50562,25,3,177,500,110,1,0,14,9,-75,4.064,29220.1,TRUE,FALSE,FALSE,5621.1258
Jun 17 2025 22:42:47.599 UTC,1750214567.599,32204.1,31.03776,-103.50556,25,3,177,496,110,1,0,14,9,-75,4.064,29270.1,TRUE,FALSE,FALSE,5638.9580
Jun 17 2025 22:42:47.699 UTC,1750214567.699,32253.7,31.03775,-103.50551,25,3,177,493,110,1,0,14,9,-75,4.064,29319.7,TRUE,FALSE,FALSE,5656.7903
Jun 17 2025 22:42:47.799 UTC,1750214567.799,32303.0,31.03773,-103.50546,25,3,176,489,110,1,0,14,9,-75,4.064,29369.0,TRUE,FALSE,FALSE,5674.6227
Jun 17 2025 22:42:47.899 UTC,1750214567.899,32351.9,31.03771,-103.50540,25,3,177,486,110,1,0,14,9,-75,4.064,29417.9,TRUE,FALSE,FALSE,5692.4552
Jun 17 2025 22:42:48.199 UTC,1750214568.199,32496.4,31.03766,-103.50524,25,3,176,475,110,1,0,15,8,-75,4.064,29562.4,TRUE,FALSE,FALSE,5745.9535
Jun 17 2025 22:42:48.299 UTC,1750214568.299,32543.9,31.03764,-103.50520,26,3,176,472,110,1,0,15,8,-75,4.064,29609.9,TRUE,FALSE,FALSE,5761.5170
Jun 17 2025 22:42:48.499 UTC,1750214568.499,32637.8,31.03761,-103.50509,25,3,176,465,110,1,0,15,8,-75,4.064,29703.8,TRUE,FALSE,FALSE,5796.9670
Jun 17 2025 22:42:48.599 UTC,1750214568.599,32684.3,31.03759,-103.50504,25,3,176,461,110,1,0,15,8,-75,4.064,29750.3,TRUE,FALSE,FALSE,5814.8003
Jun 17 2025 22:42:48.699 UTC,1750214568.699,32730.4,31.03758,-103.50498,25,3,175,458,110,1,0,15,8,-75,4.064,29796.4,TRUE,FALSE,FALSE,5832.6337
Jun 17 2025 22:42:48.799 UTC,1750214568.799,32776.1,31.03756,-103.50493,25,3,175,454,110,1,0,15,8,-75,4.064,29842.1,TRUE,FALSE,FALSE,5850.4672
Jun 17 2025 22:42:49.000 UTC,1750214569.0,32866.6,31.03753,-103.50482,25,3,175,447,110,1,0,15,8,-75,4.066,29932.6,TRUE,FALSE,FALSE,5886.1345
Jun 17 2025 22:42:49.099 UTC,1750214569.099,32911.3,31.03751,-103.50478,26,3,175,444,110,1,0,15,9,-75,4.066,29977.3,TRUE,FALSE,FALSE,5901.6996
Jun 17 2025 22:42:49.199 UTC,1750214569.199,32955.6,31.03749,-103.50472,25,3,175,440,110,1,0,15,8,-75,4.066,30021.6,TRUE,FALSE,FALSE,5919.5336
Jun 17 2025 22:42:49.299 UTC,1750214569.299,32999.6,31.03747,-103.50467,25,3,175,437,110,1,0,15,8,-75,4.066,30065.6,TRUE,FALSE,FALSE,5937.3677
Jun 17 2025 22:42:49.399 UTC,1750214569.399,33043.2,31.03746,-103.50462,26,3,175,433,110,1,0,15,9,-75,4.066,30109.2,TRUE,FALSE,FALSE,5954.9846
Jun 17 2025 22:42:49.499 UTC,1750214569.499,33086.5,31.03744,-103.50456,26,3,175,430,110,1,0,15,9,-75,4.066,30152.5,TRUE,FALSE,FALSE,5972.8189
Jun 17 2025 22:42:49.599 UTC,1750214569.599,33129.4,31.03742,-103.50451,26,3,175,426,110,1,0,15,9,-75,4.066,30195.4,TRUE,FALSE,FALSE,5990.6531
Jun 17 2025 22:42:49.699 UTC,1750214569.699,33172.0,31.03741,-103.50446,26,3,175,423,110,1,0,15,9,-75,4.066,30238.0,TRUE,FALSE,FALSE,6008.4876
Jun 17 2025 22:42:49.799 UTC,1750214569.799,33214.3,31.03739,-103.50441,26,3,174,419,110,1,0,15,9,-75,4.066,30280.3,TRUE,FALSE,FALSE,6024.0540
Jun 17 2025 22:42:49.899 UTC,1750214569.899,33256.2,31.03737,-103.50436,26,3,175,416,110,1,0,15,9,-75,4.066,30322.2,TRUE,FALSE,FALSE,6041.8887
Jun 17 2025 22:42:50.000 UTC,1750214570.0,33297.8,31.03736,-103.50430,26,3,174,413,110,1,0,15,9,-75,4.066,30363.8,TRUE,FALSE,FALSE,6059.7235
Jun 17 2025 22:42:50.099 UTC,1750214570.099,33339.0,31.03734,-103.50425,26,3,174,409,110,1,0,15,9,-75,4.066,30405.0,TRUE,FALSE,FALSE,6077.5583
Jun 17 2025 22:42:50.199 UTC,1750214570.199,33379.9,31.03732,-103.50420,26,3,174,406,110,1,0,15,9,-75,4.066,30445.9,TRUE,FALSE,FALSE,6095.3933
Jun 17 2025 22:42:50.299 UTC,1750214570.299,33420.4,31.03731,-103.50414,26,3,174,403,110,1,0,15,9,-75,4.066,30486.4,TRUE,FALSE,FALSE,6113.0103
Jun 17 2025 22:42:50.399 UTC,1750214570.399,33460.6,31.03729,-103.50410,26,3,174,399,110,1,0,15,9,-75,4.066,30526.6,TRUE,FALSE,FALSE,6128.5779
Jun 17 2025 22:42:50.499 UTC,1750214570.499,33500.5,31.03727,-103.50404,26,3,174,396,110,1,0,15,9,-75,4.066,30566.5,TRUE,FALSE,FALSE,6146.4131
Jun 17 2025 22:42:50.599 UTC,1750214570.599,33540.0,31.03725,-103.50399,26,3,174,392,110,1,0,15,9,-75,4.066,30606.0,TRUE,FALSE,FALSE,6164.2484
Jun 17 2025 22:42:50.699 UTC,1750214570.699,33579.1,31.03724,-103.50394,26,3,174,389,110,1,0,15,9,-75,4.066,30645.1,TRUE,FALSE,FALSE,6182.0838
Jun 17 2025 22:42:50.799 UTC,1750214570.799,33617.9,31.03722,-103.50388,26,3,173,385,110,1,0,15,9,-75,4.066,30683.9,TRUE,FALSE,FALSE,6199.9193
Jun 17 2025 22:42:50.899 UTC,1750214570.899,33656.4,31.03720,-103.50384,26,3,174,382,110,1,0,15,9,-75,4.073,30722.4,TRUE,FALSE,FALSE,6215.4879
Jun 17 2025 22:42:51.000 UTC,1750214571.0,33694.5,31.03719,-103.50378,26,3,173,378,110,1,0,15,9,-75,4.073,30760.5,TRUE,FALSE,FALSE,6233.3237
Jun 17 2025 22:42:51.099 UTC,1750214571.099,33732.3,31.03717,-103.50373,26,3,173,375,110,1,0,15,9,-75,4.073,30798.3,TRUE,FALSE,FALSE,6250.9408
Jun 17 2025 22:42:51.199 UTC,1750214571.199,33769.7,31.03715,-103.50368,26,3,173,371,110,1,0,15,9,-75,4.073,30835.7,TRUE,FALSE,FALSE,6268.7766
Jun 17 2025 22:42:51.299 UTC,1750214571.299,33806.8,31.03714,-103.50363,26,3,173,368,110,1,0,15,9,-75,4.073,30872.8,TRUE,FALSE,FALSE,6284.3459
Jun 17 2025 22:42:51.399 UTC,1750214571.399,33843.6,31.03712,-103.50358,26,3,173,365,110,1,0,15,9,-75,4.073,30909.6,TRUE,FALSE,FALSE,6302.1820
Jun 17 2025 22:42:51.499 UTC,1750214571.499,33880.0,31.03710,-103.50352,26,3,173,361,110,1,0,15,9,-75,4.073,30946.0,TRUE,FALSE,FALSE,6320.0182
Jun 17 2025 22:42:51.599 UTC,1750214571.599,33916.1,31.03708,-103.50347,26,3,173,358,110,1,0,15,9,-75,4.073,30982.1,TRUE,FALSE,FALSE,6337.8544
Jun 17 2025 22:42:51.699 UTC,1750214571.699,33951.8,31.03707,-103.50342,26,3,173,354,110,1,0,15,9,-75,4.073,31017.8,TRUE,FALSE,FALSE,6355.4716
Jun 17 2025 22:42:51.799 UTC,1750214571.799,33987.3,31.03705,-103.50337,26,3,173,351,110,1,0,15,9,-75,4.073,31053.3,TRUE,FALSE,FALSE,6371.0417
Jun 17 2025 22:42:51.899 UTC,1750214571.899,34022.3,31.03703,-103.50332,26,3,173,348,110,1,0,15,9,-75,4.073,31088.3,TRUE,FALSE,FALSE,6388.8782
Jun 17 2025 22:42:52.000 UTC,1750214572.0,34057.1,31.03702,-103.50327,26,3,172,345,110,1,0,15,9,-75,4.073,31123.1,TRUE,FALSE,FALSE,6406.7147
Jun 17 2025 22:42:52.199 UTC,1750214572.199,34125.4,31.03698,-103.50317,26,3,172,338,110,1,0,15,9,-75,4.073,31191.4,TRUE,FALSE,FALSE,6440.1223
Jun 17 2025 22:42:52.299 UTC,1750214572.299,34159.2,31.03697,-103.50311,26,3,172,335,110,1,0,15,9,-75,4.073,31225.2,TRUE,FALSE,FALSE,6457.7395
Jun 17 2025 22:42:52.399 UTC,1750214572.399,34192.6,31.03695,-103.50306,26,3,172,331,110,1,0,15,9,-75,4.073,31258.6,TRUE,FALSE,FALSE,6475.5764
Jun 17 2025 22:42:52.499 UTC,1750214572.499,34225.6,31.03693,-103.50301,26,3,172,328,110,1,0,15,9,-75,4.073,31291.6,TRUE,FALSE,FALSE,6493.4134
Jun 17 2025 22:42:52.599 UTC,1750214572.599,34258.3,31.03692,-103.50296,26,3,172,324,110,1,0,16,8,-75,4.073,31324.3,TRUE,FALSE,FALSE,6508.9849
Jun 17 2025 22:42:52.799 UTC,1750214572.799,34322.7,31.03688,-103.50285,26,3,172,318,110,1,0,16,8,-75,4.073,31388.7,TRUE,FALSE,FALSE,6544.6593
Jun 17 2025 22:42:52.899 UTC,1750214572.899,34354.4,31.03687,-103.50281,26,3,172,314,110,1,0,16,8,-75,4.073,31420.4,TRUE,FALSE,FALSE,6560.0114
Jun 17 2025 22:42:53.000 UTC,1750214573.0,34385.8,31.03683,-103.50275,26,3,172,311,110,1,0,16,8,-75,4.068,31451.8,TRUE,FALSE,FALSE,6580.7169
Jun 17 2025 22:42:53.099 UTC,1750214573.099,34416.9,31.03683,-103.50270,26,3,172,308,110,1,0,16,8,-75,4.068,31482.9,TRUE,FALSE,FALSE,6595.6862
Jun 17 2025 22:42:53.199 UTC,1750214573.199,34447.5,31.03682,-103.50265,26,3,171,304,110,1,0,16,8,-75,4.068,31513.5,TRUE,FALSE,FALSE,6613.5238
Jun 17 2025 22:42:53.299 UTC,1750214573.299,34477.9,31.03680,-103.50260,26,3,172,301,110,1,0,16,8,-75,4.068,31543.9,TRUE,FALSE,FALSE,6628.8761
Jun 17 2025 22:42:53.399 UTC,1750214573.399,34508.0,31.03678,-103.50255,26,3,171,298,110,1,0,15,9,-75,4.068,31574.0,TRUE,FALSE,FALSE,6646.7138
Jun 17 2025 22:42:53.499 UTC,1750214573.499,34537.7,31.03677,-103.50249,26,3,171,295,110,1,0,16,7,-75,4.068,31603.7,TRUE,FALSE,FALSE,6664.5515
Jun 17 2025 22:42:53.599 UTC,1750214573.599,34567.1,31.03675,-103.50245,26,3,172,291,110,1,0,16,7,-75,4.068,31633.1,TRUE,FALSE,FALSE,6680.1248
Jun 17 2025 22:42:53.699 UTC,1750214573.699,34596.2,31.03673,-103.50240,26,3,171,288,110,1,0,15,8,-75,4.068,31662.2,TRUE,FALSE,FALSE,6697.9628
Jun 17 2025 22:42:53.799 UTC,1750214573.799,34624.9,31.03672,-103.50234,26,3,171,284,110,1,0,15,8,-75,4.068,31690.9,TRUE,FALSE,FALSE,6715.5800
Jun 17 2025 22:42:53.899 UTC,1750214573.899,34653.2,31.03670,-103.50229,26,3,171,281,110,1,0,15,8,-75,4.068,31719.2,TRUE,FALSE,FALSE,6733.4180
Jun 17 2025 22:42:54.000 UTC,1750214574.0,34681.3,31.03668,-103.50224,26,3,171,278,110,1,0,15,8,-75,4.068,31747.3,TRUE,FALSE,FALSE,6748.9918
Jun 17 2025 22:42:54.199 UTC,1750214574.199,34736.4,31.03665,-103.50214,26,3,171,271,110,1,0,15,8,-75,4.068,31802.4,TRUE,FALSE,FALSE,6784.6684
Jun 17 2025 22:42:54.299 UTC,1750214574.299,34763.4,31.03663,-103.50209,26,3,171,268,110,1,0,15,8,-75,4.068,31829.4,TRUE,FALSE,FALSE,6800.0216
Jun 17 2025 22:42:54.399 UTC,1750214574.399,34790.2,31.03662,-103.50204,26,3,171,265,110,1,0,15,8,-75,4.068,31856.2,TRUE,FALSE,FALSE,6817.8600
Jun 17 2025 22:42:54.499 UTC,1750214574.499,34816.5,31.03660,-103.50198,26,3,171,261,110,1,0,15,8,-75,4.068,31882.5,TRUE,FALSE,FALSE,6835.6985
Jun 17 2025 22:42:54.599 UTC,1750214574.599,34842.6,31.03658,-103.50194,26,3,171,258,110,1,0,15,8,-75,4.068,31908.6,TRUE,FALSE,FALSE,6851.2733
Jun 17 2025 22:42:54.699 UTC,1750214574.699,34868.3,31.03657,-103.50188,26,3,171,255,110,1,0,15,8,-75,4.068,31934.3,TRUE,FALSE,FALSE,6868.8906
Jun 17 2025 22:42:54.799 UTC,1750214574.799,34893.7,31.03655,-103.50183,26,3,171,251,110,1,0,15,8,-75,4.068,31959.7,TRUE,FALSE,FALSE,6886.7293
Jun 17 2025 22:42:54.899 UTC,1750214574.899,34918.8,31.03653,-103.50179,26,3,171,248,110,1,0,15,8,-75,4.068,31984.8,TRUE,FALSE,FALSE,6902.3045
Jun 17 2025 22:42:55.000 UTC,1750214575.0,34943.5,31.03651,-103.50173,26,3,171,245,110,1,0,15,8,-75,4.068,32009.5,TRUE,FALSE,FALSE,6920.1434
Jun 17 2025 22:42:55.199 UTC,1750214575.199,34992.0,31.03648,-103.50163,26,3,170,238,110,1,0,15,8,-75,4.072,32058.0,TRUE,FALSE,FALSE,6953.3362
Jun 17 2025 22:42:55.299 UTC,1750214575.299,35015.7,31.03646,-103.50158,26,3,170,235,110,1,0,15,8,-75,4.072,32081.7,TRUE,FALSE,FALSE,6971.1753
Jun 17 2025 22:42:55.399 UTC,1750214575.399,35039.2,31.03645,-103.50153,26,3,170,232,110,1,0,15,8,-75,4.072,32105.2,TRUE,FALSE,FALSE,6989.0144
Jun 17 2025 22:42:55.499 UTC,1750214575.499,35062.3,31.03643,-103.50148,26,3,170,228,110,1,0,15,8,-75,4.072,32128.3,TRUE,FALSE,FALSE,7004.5906
Jun 17 2025 22:42:55.599 UTC,1750214575.599,35085.0,31.03642,-103.50143,26,3,170,225,110,1,0,13,10,-75,4.072,32151.0,TRUE,FALSE,FALSE,7022.2078
Jun 17 2025 22:42:55.699 UTC,1750214575.699,35107.5,31.03640,-103.50137,26,3,170,222,110,1,0,13,10,-75,4.072,32173.5,TRUE,FALSE,FALSE,7040.0471
Jun 17 2025 22:42:55.799 UTC,1750214575.799,35129.6,31.03638,-103.50133,26,3,170,218,110,1,0,15,8,-75,4.072,32195.6,TRUE,FALSE,FALSE,7055.6237
Jun 17 2025 22:42:55.899 UTC,1750214575.899,35151.4,31.03636,-103.50127,26,3,170,215,110,1,0,15,8,-75,4.072,32217.4,TRUE,FALSE,FALSE,7073.4632
Jun 17 2025 22:42:56.000 UTC,1750214576.0,35172.8,31.03635,-103.50122,26,3,170,212,110,1,0,15,8,-75,4.072,32238.8,TRUE,FALSE,FALSE,7091.0804
Jun 17 2025 22:42:56.099 UTC,1750214576.099,35194.0,31.03633,-103.50117,26,3,170,209,110,1,0,15,8,-75,4.072,32260.0,TRUE,FALSE,FALSE,7106.6573
Jun 17 2025 22:42:56.199 UTC,1750214576.199,35214.8,31.03631,-103.50112,26,3,170,205,110,1,0,17,6,-75,4.072,32280.8,TRUE,FALSE,FALSE,7124.4970
Jun 17 2025 22:42:56.299 UTC,1750214576.299,35235.3,31.03630,-103.50107,26,3,170,202,110,1,0,17,6,-75,4.072,32301.3,TRUE,FALSE,FALSE,7142.3367
Jun 17 2025 22:42:56.399 UTC,1750214576.399,35255.4,31.03628,-103.50102,26,3,170,199,110,1,0,17,6,-75,4.072,32321.4,TRUE,FALSE,FALSE,7157.6915
Jun 17 2025 22:42:56.499 UTC,1750214576.499,35275.2,31.03626,-103.50097,27,3,170,196,110,1,0,18,6,-75,4.072,32341.2,TRUE,FALSE,FALSE,7175.5314
Jun 17 2025 22:42:56.599 UTC,1750214576.599,35294.8,31.03625,-103.50092,27,3,170,192,110,1,0,18,6,-75,4.072,32360.8,TRUE,FALSE,FALSE,7191.1090
Jun 17 2025 22:42:56.699 UTC,1750214576.699,35313.9,31.03623,-103.50087,27,3,169,189,110,1,0,18,6,-75,4.072,32379.9,TRUE,FALSE,FALSE,7208.7262
Jun 17 2025 22:42:56.799 UTC,1750214576.799,35332.8,31.03621,-103.50082,27,3,170,186,110,1,0,18,6,-75,4.072,32398.8,TRUE,FALSE,FALSE,7226.5663
Jun 17 2025 22:42:56.899 UTC,1750214576.899,35351.3,31.03620,-103.50077,27,3,170,182,110,1,0,17,7,-75,4.072,32417.3,TRUE,FALSE,FALSE,7242.1443
Jun 17 2025 22:42:57.000 UTC,1750214577.0,35369.5,31.03618,-103.50072,27,3,169,179,110,1,0,18,6,-75,4.072,32435.5,TRUE,FALSE,FALSE,7259.9845
Jun 17 2025 22:42:57.199 UTC,1750214577.199,35404.9,31.03615,-103.50062,27,3,169,173,110,1,0,17,7,-75,4.072,32470.9,TRUE,FALSE,FALSE,7293.1801
Jun 17 2025 22:42:57.299 UTC,1750214577.299,35422.1,31.03613,-103.50056,27,3,169,169,110,1,0,17,7,-75,4.072,32488.1,TRUE,FALSE,FALSE,7311.0204
Jun 17 2025 22:42:57.399 UTC,1750214577.399,35439.0,31.03612,-103.50052,27,3,169,166,110,1,0,16,8,-75,4.072,32505.0,TRUE,FALSE,FALSE,7326.3759
Jun 17 2025 22:42:57.499 UTC,1750214577.499,35455.6,31.03610,-103.50047,27,3,169,163,110,1,0,16,8,-75,4.072,32521.6,TRUE,FALSE,FALSE,7344.2163
Jun 17 2025 22:42:57.599 UTC,1750214577.599,35471.8,31.03608,-103.50041,27,3,169,160,110,1,0,16,8,-75,4.072,32537.8,TRUE,FALSE,FALSE,7362.0568
Jun 17 2025 22:42:57.699 UTC,1750214577.699,35487.7,31.03606,-103.50037,27,3,169,157,110,1,0,16,8,-75,4.072,32553.7,TRUE,FALSE,FALSE,7377.6359
Jun 17 2025 22:42:57.799 UTC,1750214577.799,35503.4,31.03605,-103.50031,27,3,169,153,110,1,0,16,8,-75,4.072,32569.4,TRUE,FALSE,FALSE,7395.2531
Jun 17 2025 22:42:57.899 UTC,1750214577.899,35518.6,31.03603,-103.50026,27,3,169,150,110,1,0,16,8,-75,4.072,32584.6,TRUE,FALSE,FALSE,7413.0938
Jun 17 2025 22:42:58.000 UTC,1750214578.0,35533.6,31.03601,-103.50021,27,3,169,147,110,1,0,16,8,-75,4.072,32599.6,TRUE,FALSE,FALSE,7428.6732
Jun 17 2025 22:42:58.199 UTC,1750214578.199,35562.4,31.03598,-103.50011,27,3,169,140,110,1,0,15,9,-75,4.072,32628.4,TRUE,FALSE,FALSE,7461.8701
Jun 17 2025 22:42:58.299 UTC,1750214578.299,35576.4,31.03596,-103.50006,27,3,169,137,110,1,0,15,9,-75,4.072,32642.4,TRUE,FALSE,FALSE,7479.7110
Jun 17 2025 22:42:58.399 UTC,1750214578.399,35590.0,31.03595,-103.50001,27,3,169,134,110,1,0,16,8,-75,4.072,32656.0,TRUE,FALSE,FALSE,7497.5519
Jun 17 2025 22:42:58.499 UTC,1750214578.499,35603.4,31.03593,-103.49996,27,3,169,130,110,1,0,16,8,-75,4.072,32669.4,TRUE,FALSE,FALSE,7512.9081
Jun 17 2025 22:42:58.599 UTC,1750214578.599,35616.4,31.03592,-103.49991,27,3,169,127,110,1,0,16,8,-75,4.072,32682.4,TRUE,FALSE,FALSE,7530.7492
Jun 17 2025 22:42:58.699 UTC,1750214578.699,35629.0,31.03590,-103.49986,27,3,169,124,110,1,0,16,8,-75,4.072,32695.0,TRUE,FALSE,FALSE,7546.3295
Jun 17 2025 22:42:58.799 UTC,1750214578.799,35641.4,31.03588,-103.49981,27,3,169,120,110,1,0,16,8,-75,4.072,32707.4,TRUE,FALSE,FALSE,7564.1707
Jun 17 2025 22:42:59.000 UTC,1750214579.0,35665.1,31.03585,-103.49971,27,3,169,114,110,1,0,17,8,-75,4.072,32731.1,TRUE,FALSE,FALSE,7597.3685
Jun 17 2025 22:42:59.099 UTC,1750214579.099,35676.5,31.03583,-103.49966,27,3,169,111,110,1,0,16,9,-75,4.072,32742.5,TRUE,FALSE,FALSE,7615.2098
Jun 17 2025 22:42:59.199 UTC,1750214579.199,35687.5,31.03582,-103.49961,27,3,168,108,110,1,0,16,9,-75,4.072,32753.5,TRUE,FALSE,FALSE,7630.5665
Jun 17 2025 22:42:59.299 UTC,1750214579.299,35698.2,31.03580,-103.49956,27,3,168,105,110,1,0,17,8,-75,4.072,32764.2,TRUE,FALSE,FALSE,7648.4079
Jun 17 2025 22:42:59.399 UTC,1750214579.399,35708.6,31.03578,-103.49950,27,3,168,101,110,1,0,17,8,-75,4.059,32774.6,TRUE,FALSE,FALSE,7666.2494
Jun 17 2025 22:42:59.499 UTC,1750214579.499,35718.7,31.03577,-103.49946,27,3,169,98,110,1,0,17,8,-75,4.059,32784.7,TRUE,FALSE,FALSE,7681.6063
Jun 17 2025 22:42:59.599 UTC,1750214579.599,35728.5,31.03575,-103.49940,27,3,168,95,110,1,0,17,8,-75,4.059,32794.5,TRUE,FALSE,FALSE,7699.4478
Jun 17 2025 22:42:59.699 UTC,1750214579.699,35737.9,31.03573,-103.49936,27,3,168,92,110,1,0,16,9,-75,4.059,32803.9,TRUE,FALSE,FALSE,7715.0294
Jun 17 2025 22:42:59.799 UTC,1750214579.799,35747.1,31.03572,-103.49931,27,3,168,89,110,1,0,17,8,-75,4.059,32813.1,TRUE,FALSE,FALSE,7732.6464
Jun 17 2025 22:42:59.899 UTC,1750214579.899,35755.9,31.03570,-103.49926,27,3,168,85,110,1,0,17,8,-75,4.059,32821.9,TRUE,FALSE,FALSE,7748.2282
Jun 17 2025 22:43:00.000 UTC,1750214580.0,35764.4,31.03568,-103.49921,27,3,168,82,110,1,0,17,8,-75,4.059,32830.4,TRUE,FALSE,FALSE,7766.0700
Jun 17 2025 22:43:00.199 UTC,1750214580.199,35780.3,31.03565,-103.49911,27,3,168,76,110,1,0,16,9,-75,4.059,32846.3,TRUE,FALSE,FALSE,7799.2691
Jun 17 2025 22:43:00.299 UTC,1750214580.299,35787.8,31.03563,-103.49905,27,3,168,72,111,1,0,15,10,-75,4.059,32853.8,TRUE,FALSE,FALSE,7817.1110
Jun 17 2025 22:43:00.399 UTC,1750214580.399,35795.0,31.03562,-103.49901,27,3,168,69,111,1,0,17,8,-75,4.059,32861.0,TRUE,FALSE,FALSE,7832.6933
Jun 17 2025 22:43:00.499 UTC,1750214580.499,35801.8,31.03560,-103.49895,27,3,168,66,110,1,0,16,9,-75,4.059,32867.8,TRUE,FALSE,FALSE,7850.3104
Jun 17 2025 22:43:00.599 UTC,1750214580.599,35808.4,31.03558,-103.49891,27,3,168,63,110,1,0,15,10,-75,4.059,32874.4,TRUE,FALSE,FALSE,7865.8929
Jun 17 2025 22:43:00.699 UTC,1750214580.699,35814.6,31.03557,-103.49886,27,3,168,60,111,1,0,15,10,-75,4.059,32880.6,TRUE,FALSE,FALSE,7883.7351
Jun 17 2025 22:43:00.799 UTC,1750214580.799,35820.5,31.03555,-103.49880,27,3,168,56,110,1,0,15,10,-75,4.059,32886.5,TRUE,FALSE,FALSE,7901.3520
Jun 17 2025 22:43:00.899 UTC,1750214580.899,35826.1,31.03553,-103.49876,27,3,168,53,110,1,0,16,9,-75,4.059,32892.1,TRUE,FALSE,FALSE,7916.9349
Jun 17 2025 22:43:01.000 UTC,1750214581.0,35831.3,31.03552,-103.49870,27,3,168,50,110,1,0,16,9,-75,4.059,32897.3,TRUE,FALSE,FALSE,7934.7772
Jun 17 2025 22:43:01.299 UTC,1750214581.299,35845.1,31.03547,-103.49856,27,3,167,40,110,1,0,16,9,-75,4.059,32911.1,TRUE,FALSE,FALSE,7983.5606
Jun 17 2025 22:43:01.399 UTC,1750214581.399,35849.0,31.03545,-103.49850,27,3,167,37,110,1,0,16,9,-75,4.059,32915.0,TRUE,FALSE,FALSE,8001.1776
Jun 17 2025 22:43:01.499 UTC,1750214581.499,35852.7,31.03543,-103.49846,27,3,167,34,110,1,0,16,9,-75,4.059,32918.7,TRUE,FALSE,FALSE,8016.7611
Jun 17 2025 22:43:01.599 UTC,1750214581.599,35856.0,31.03542,-103.49841,27,3,167,31,110,1,0,16,9,-75,4.074,32922.0,TRUE,FALSE,FALSE,8034.6037
Jun 17 2025 22:43:01.699 UTC,1750214581.699,35859.0,31.03540,-103.49835,27,3,167,27,110,1,0,16,9,-75,4.074,32925.0,TRUE,FALSE,FALSE,8052.2206
Jun 17 2025 22:43:01.799 UTC,1750214581.799,35861.7,31.03539,-103.49831,27,3,167,24,110,1,0,16,9,-75,4.074,32927.7,TRUE,FALSE,FALSE,8067.8044
Jun 17 2025 22:43:01.899 UTC,1750214581.899,35864.0,31.03537,-103.49825,27,3,167,21,110,1,0,16,9,-75,4.074,32930.0,TRUE,FALSE,FALSE,8085.4213
Jun 17 2025 22:43:02.000 UTC,1750214582.0,35866.1,31.03535,-103.49821,27,3,167,18,110,1,0,16,9,-75,4.074,32932.1,TRUE,FALSE,FALSE,8101.0054
Jun 17 2025 22:43:02.199 UTC,1750214582.199,35869.1,31.03532,-103.49811,27,3,167,11,110,1,0,14,11,-75,4.074,32935.1,TRUE,FALSE,FALSE,8134.2065
Jun 17 2025 22:43:02.299 UTC,1750214582.299,35870.2,31.03530,-103.49805,27,3,167,8,110,1,0,13,12,-75,4.074,32936.2,TRUE,FALSE,FALSE,8152.0493
Jun 17 2025 22:43:02.399 UTC,1750214582.399,35870.9,31.03529,-103.49801,27,3,167,5,110,1,0,13,12,-75,4.074,32936.9,TRUE,FALSE,FALSE,8167.6338
Jun 17 2025 22:43:02.599 UTC,1750214582.599,35871.5,31.03525,-103.49791,27,3,167,-1,110,1,0,13,12,-75,4.074,32937.5,TRUE,TRUE,FALSE,8200.8353
Jun 17 2025 22:43:02.699 UTC,1750214582.699,35871.2,31.03524,-103.49786,23,3,183,-3,111,1,0,12,9,-75,4.074,32937.2,TRUE,TRUE,FALSE,8218.6783
Jun 17 2025 22:43:02.799 UTC,1750214582.799,35870.8,31.03522,-103.49780,24,3,182,-7,111,1,0,12,10,-75,4.074,32936.8,TRUE,TRUE,FALSE,8236.5213
Jun 17 2025 22:43:02.899 UTC,1750214582.899,35870.0,31.03520,-103.49775,25,3,179,-10,111,1,0,10,13,-75,4.074,32936.0,TRUE,TRUE,FALSE,8254.5907
Jun 17 2025 22:43:03.000 UTC,1750214583.0,35868.8,31.03518,-103.49770,27,3,179,-13,111,1,0,10,15,-75,4.074,32934.8,TRUE,TRUE,FALSE,8272.4339
Jun 17 2025 22:43:03.199 UTC,1750214583.199,35865.6,31.03515,-103.49759,26,3,179,-19,111,1,0,10,14,-75,4.074,32931.6,TRUE,TRUE,FALSE,8308.3468
Jun 17 2025 22:43:03.299 UTC,1750214583.299,35863.6,31.03513,-103.49754,26,3,179,-21,111,1,0,2,21,-75,4.074,32929.6,TRUE,TRUE,FALSE,8326.1901
Jun 17 2025 22:43:03.399 UTC,1750214583.399,35861.3,31.03511,-103.49748,26,3,178,-24,111,1,0,0,9,-75,4.074,32927.3,TRUE,TRUE,FALSE,8344.2600
Jun 17 2025 22:43:03.499 UTC,1750214583.499,35858.6,31.03509,-103.49743,26,3,176,-28,111,1,0,0,9,-75,4.074,32924.6,TRUE,TRUE,FALSE,8362.1034
Jun 17 2025 22:43:03.599 UTC,1750214583.599,35855.7,31.03508,-103.49738,26,3,175,-31,111,1,0,0,9,-75,4.074,32921.7,TRUE,TRUE,FALSE,8379.9468
Jun 17 2025 22:43:03.699 UTC,1750214583.699,35852.4,31.03506,-103.49732,26,3,175,-34,110,1,0,0,6,-75,4.074,32918.4,TRUE,TRUE,FALSE,8397.7903
Jun 17 2025 22:43:03.799 UTC,1750214583.799,35849.0,31.03504,-103.49727,26,3,173,-36,110,1,0,0,6,-75,4.063,32915.0,TRUE,TRUE,FALSE,8415.6338
Jun 17 2025 22:43:03.899 UTC,1750214583.899,35845.2,31.03503,-103.49722,26,3,167,-40,109,1,0,1,6,-75,4.063,32911.2,TRUE,TRUE,FALSE,8430.9930
Jun 17 2025 22:43:04.000 UTC,1750214584.0,35841.1,31.03501,-103.49717,26,3,160,-41,109,1,0,3,9,-75,4.063,32907.1,TRUE,TRUE,FALSE,8448.6097
Jun 17 2025 22:43:04.099 UTC,1750214584.099,35837.1,31.03500,-103.49712,26,3,156,-44,110,1,0,4,12,-75,4.063,32903.1,TRUE,TRUE,FALSE,8463.9690
Jun 17 2025 22:43:04.199 UTC,1750214584.199,35832.6,31.03498,-103.49708,25,3,148,-48,109,1,0,4,13,-75,4.063,32898.6,TRUE,TRUE,FALSE,8479.3283
Jun 17 2025 22:43:04.299 UTC,1750214584.299,35827.9,31.03497,-103.49703,25,3,144,-48,112,1,0,5,12,-75,4.063,32893.9,TRUE,TRUE,FALSE,8494.4608
Jun 17 2025 22:43:04.399 UTC,1750214584.399,35823.0,31.03495,-103.49699,25,3,141,-50,115,1,0,6,11,-75,4.063,32889.0,TRUE,TRUE,FALSE,8507.7900
Jun 17 2025 22:43:04.499 UTC,1750214584.499,35818.0,31.03493,-103.49696,27,3,137,-48,114,1,0,11,8,-75,4.063,32884.0,TRUE,TRUE,FALSE,8520.8924
Jun 17 2025 22:43:04.599 UTC,1750214584.599,35813.3,31.03492,-103.49691,26,3,136,-45,112,1,0,10,10,-75,4.063,32879.3,TRUE,TRUE,FALSE,8536.2521
Jun 17 2025 22:43:04.699 UTC,1750214584.699,35808.3,31.03491,-103.49687,26,3,134,-49,110,1,0,11,10,-75,4.063,32874.3,TRUE,TRUE,FALSE,8549.1276
Jun 17 2025 22:43:04.799 UTC,1750214584.799,35803.3,31.03489,-103.49683,27,3,131,-52,109,1,0,13,10,-75,4.063,32869.3,TRUE,TRUE,FALSE,8562.0031
Jun 17 2025 22:43:04.899 UTC,1750214584.899,35797.9,31.03488,-103.49680,27,3,129,-53,108,1,0,12,11,-75,4.063,32863.9,TRUE,TRUE,FALSE,8574.6513
Jun 17 2025 22:43:05.000 UTC,1750214585.0,35792.1,31.03487,-103.49676,25,3,124,-59,106,1,0,16,6,-75,4.063,32858.1,TRUE,TRUE,FALSE,8587.0722
Jun 17 2025 22:43:05.199 UTC,1750214585.199,35779.1,31.03485,-103.49668,27,3,115,-66,110,1,0,2,17,-75,4.063,32845.1,TRUE,TRUE,FALSE,8612.1414
Jun 17 2025 22:43:05.299 UTC,1750214585.299,35772.5,31.03484,-103.49665,27,3,115,-68,110,1,0,9,12,-75,4.063,32838.5,TRUE,TRUE,FALSE,8622.5327
Jun 17 2025 22:43:05.399 UTC,1750214585.399,35765.4,31.03483,-103.49661,27,3,114,-71,109,1,0,11,11,-75,4.063,32831.4,TRUE,TRUE,FALSE,8634.9536
Jun 17 2025 22:43:05.499 UTC,1750214585.499,35758.0,31.03482,-103.49658,27,3,112,-73,110,1,1,11,10,-75,4.063,32824.0,TRUE,TRUE,FALSE,8645.3450
Jun 17 2025 22:43:05.599 UTC,1750214585.599,35750.4,31.03481,-103.49654,27,3,112,-76,110,1,0,12,8,-75,4.063,32816.4,TRUE,TRUE,FALSE,8657.9932
Jun 17 2025 22:43:05.699 UTC,1750214585.699,35742.6,31.03480,-103.49651,27,3,112,-79,110,1,0,9,12,-75,4.063,32808.6,TRUE,TRUE,FALSE,8668.1573
Jun 17 2025 22:43:05.799 UTC,1750214585.799,35734.6,31.03479,-103.49648,27,3,111,-81,109,1,0,10,10,-75,4.069,32800.6,TRUE,TRUE,FALSE,8678.5488
Jun 17 2025 22:43:05.899 UTC,1750214585.899,35726.2,31.03478,-103.49644,27,3,111,-83,109,1,0,10,10,-75,4.069,32792.2,TRUE,TRUE,FALSE,8690.9696
Jun 17 2025 22:43:06.000 UTC,1750214586.0,35717.5,31.03477,-103.49641,26,3,108,-88,110,1,0,9,10,-75,4.069,32783.5,TRUE,TRUE,FALSE,8701.1337
Jun 17 2025 22:43:06.099 UTC,1750214586.099,35708.7,31.03476,-103.49638,27,3,108,-87,110,1,0,10,8,-75,4.069,32774.7,TRUE,TRUE,FALSE,8711.5252
Jun 17 2025 22:43:06.199 UTC,1750214586.199,35699.8,31.03475,-103.49635,26,3,108,-89,109,1,0,6,12,-75,4.069,32765.8,TRUE,TRUE,FALSE,8723.9460
Jun 17 2025 22:43:06.299 UTC,1750214586.299,35690.7,31.03474,-103.49632,26,3,108,-92,108,1,0,6,10,-75,4.069,32756.7,TRUE,TRUE,FALSE,8734.1101
Jun 17 2025 22:43:07.000 UTC,1750214587.0,35622.5,31.03467,-103.49609,27,3,100,-101,111,1,0,8,10,-75,4.069,32688.5,TRUE,TRUE,FALSE,8807.7429
Jun 17 2025 22:43:08.000 UTC,1750214588.0,35520.1,31.03456,-103.49582,28,3,89,-102,113,1,0,7,11,-75,4.067,32586.1,TRUE,TRUE,FALSE,8901.2707
Jun 17 2025 22:43:09.000 UTC,1750214589.0,35407.5,31.03448,-103.49557,28,3,83,-122,112,1,0,5,14,-75,4.067,32473.5,TRUE,TRUE,FALSE,8985.9820
Jun 17 2025 22:43:10.000 UTC,1750214590.0,35281.6,31.03441,-103.49534,28,3,69,-131,106,1,0,14,8,-75,4.068,32347.6,TRUE,TRUE,FALSE,9062.3289
Jun 17 2025 22:43:11.000 UTC,1750214591.0,35149.3,31.03436,-103.49513,28,3,61,-137,95,1,0,10,11,-75,4.068,32215.3,TRUE,TRUE,FALSE,9128.7126
Jun 17 2025 22:43:12.000 UTC,1750214592.0,35010.4,31.03433,-103.49495,28,3,52,-141,96,1,0,10,10,-75,4.068,32076.4,TRUE,TRUE,FALSE,9186.7365
Jun 17 2025 22:43:13.000 UTC,1750214593.0,34868.8,31.03431,-103.49481,27,3,43,-142,110,1,0,12,8,-75,4.068,31934.8,TRUE,TRUE,FALSE,9230.0881
Jun 17 2025 22:43:14.000 UTC,1750214594.0,34724.4,31.03426,-103.49469,28,3,46,-143,118,1,0,5,14,-75,4.064,31790.4,TRUE,TRUE,FALSE,9271.4259
Jun 17 2025 22:43:15.000 UTC,1750214595.0,34580.1,31.03420,-103.49456,28,3,48,-146,117,1,0,11,9,-75,4.064,31646.1,TRUE,TRUE,FALSE,9317.0700
Jun 17 2025 22:43:16.000 UTC,1750214596.0,34432.7,31.03415,-103.49442,28,3,48,-147,110,1,0,7,13,-75,4.065,31498.7,TRUE,TRUE,FALSE,9366.3192
Jun 17 2025 22:43:17.000 UTC,1750214597.0,34285.5,31.03411,-103.49428,28,3,47,-147,99,1,0,6,16,-75,4.065,31351.5,TRUE,TRUE,FALSE,9411.0324
Jun 17 2025 22:43:18.000 UTC,1750214598.0,34136.3,31.03410,-103.49414,28,3,43,-151,94,1,0,8,13,-75,4.067,31202.3,TRUE,TRUE,FALSE,9453.6980
Jun 17 2025 22:43:19.000 UTC,1750214599.0,33985.1,31.03408,-103.49402,28,3,39,-150,88,1,0,6,13,-75,4.067,31051.1,TRUE,TRUE,FALSE,9491.1751
Jun 17 2025 22:43:20.000 UTC,1750214600.0,33833.6,31.03407,-103.49391,28,3,33,-155,92,1,0,8,14,-75,4.067,30899.6,TRUE,TRUE,FALSE,9524.1435
Jun 17 2025 22:43:21.000 UTC,1750214601.0,33678.6,31.03404,-103.49381,28,3,34,-150,108,1,0,7,14,-75,4.067,30744.6,TRUE,TRUE,FALSE,9556.8931
Jun 17 2025 22:43:22.000 UTC,1750214602.0,33523.9,31.03400,-103.49371,28,3,34,-156,117,1,0,9,13,-75,4.067,30589.9,TRUE,TRUE,FALSE,9593.7121
Jun 17 2025 22:43:23.000 UTC,1750214603.0,33366.3,31.03395,-103.49361,28,3,32,-158,122,1,0,6,14,-75,4.067,30432.3,TRUE,TRUE,FALSE,9626.6995
Jun 17 2025 22:43:24.000 UTC,1750214604.0,33207.7,31.03390,-103.49352,28,3,31,-158,123,1,0,5,14,-75,4.072,30273.7,TRUE,TRUE,FALSE,9659.6932
Jun 17 2025 22:43:25.000 UTC,1750214605.0,33047.2,31.03385,-103.49345,28,3,29,-159,124,1,0,7,13,-75,4.072,30113.2,TRUE,TRUE,FALSE,9688.1816
Jun 17 2025 22:43:26.000 UTC,1750214606.0,32886.8,31.03380,-103.49338,28,3,29,-161,129,1,0,6,13,-75,4.069,29952.8,TRUE,TRUE,FALSE,9714.4239
Jun 17 2025 22:43:27.000 UTC,1750214607.0,32725.6,31.03375,-103.49331,28,3,31,-160,130,1,0,7,11,-75,4.069,29791.6,TRUE,TRUE,FALSE,9740.4471
Jun 17 2025 22:43:28.000 UTC,1750214608.0,32564.2,31.03370,-103.49324,28,3,35,-159,135,1,0,8,13,-75,4.069,29630.2,TRUE,TRUE,FALSE,9767.8614
Jun 17 2025 22:43:29.000 UTC,1750214609.0,32406.5,31.03362,-103.49316,28,3,43,-156,139,1,0,10,9,-75,4.069,29472.5,TRUE,TRUE,FALSE,9800.0932
Jun 17 2025 22:43:30.000 UTC,1750214610.0,32251.0,31.03352,-103.49307,28,3,51,-153,141,1,0,12,10,-75,4.069,29317.0,TRUE,TRUE,FALSE,9838.7300
Jun 17 2025 22:43:31.000 UTC,1750214611.0,32099.9,31.03343,-103.49296,28,3,43,-150,132,1,0,8,10,-75,4.064,29165.9,TRUE,TRUE,FALSE,9883.6957
Jun 17 2025 22:43:32.000 UTC,1750214612.0,31948.6,31.03335,-103.49284,28,3,46,-151,129,1,0,5,13,-75,4.064,29014.6,TRUE,TRUE,FALSE,9926.8133
Jun 17 2025 22:43:33.000 UTC,1750214613.0,31795.6,31.03328,-103.49273,28,3,44,-152,128,1,0,9,10,-75,4.055,28861.6,TRUE,TRUE,FALSE,9969.7145
Jun 17 2025 22:43:35.000 UTC,1750214615.0,31483.3,31.03311,-103.49250,27,3,47,-160,133,1,0,5,11,-75,4.065,28549.3,TRUE,TRUE,FALSE,10057.7167
Jun 17 2025 22:43:36.000 UTC,1750214616.0,31323.6,31.03303,-103.49239,27,3,45,-153,129,1,0,8,9,-75,4.065,28389.6,TRUE,TRUE,FALSE,10099.6353
Jun 17 2025 22:43:37.000 UTC,1750214617.0,31164.5,31.03295,-103.49227,27,3,48,-163,127,1,0,11,8,-75,4.061,28230.5,TRUE,TRUE,FALSE,10145.5828
Jun 17 2025 22:43:38.000 UTC,1750214618.0,30995.8,31.03287,-103.49215,28,3,56,-172,130,1,0,6,9,-75,4.061,28061.8,TRUE,TRUE,FALSE,10191.7920
Jun 17 2025 22:43:39.000 UTC,1750214619.0,30831.2,31.03277,-103.49201,27,3,58,-163,132,1,0,6,7,-75,4.064,27897.2,TRUE,TRUE,FALSE,10244.4405
Jun 17 2025 22:43:40.000 UTC,1750214620.0,30665.7,31.03267,-103.49188,27,3,55,-160,137,1,0,12,10,-75,4.064,27731.7,TRUE,TRUE,FALSE,10295.3735
Jun 17 2025 22:43:41.000 UTC,1750214621.0,30505.7,31.03256,-103.49178,27,3,43,-157,143,1,0,9,14,-75,4.068,27571.7,TRUE,TRUE,FALSE,10338.6377
Jun 17 2025 22:43:42.000 UTC,1750214622.0,30342.7,31.03246,-103.49165,26,3,56,-160,141,1,0,5,13,-75,4.068,27408.7,TRUE,TRUE,FALSE,10388.4288
Jun 17 2025 22:43:43.000 UTC,1750214623.0,30178.9,31.03236,-103.49149,27,3,64,-170,122,1,0,11,9,-74,4.06,27244.9,TRUE,TRUE,FALSE,10448.6602
Jun 17 2025 22:43:44.000 UTC,1750214624.0,30011.9,31.03226,-103.49132,27,3,70,-162,130,1,0,13,6,-74,4.06,27077.9,TRUE,TRUE,FALSE,10513.1312
Jun 17 2025 22:43:45.000 UTC,1750214625.0,29852.9,31.03215,-103.49118,28,3,63,-158,131,1,0,9,10,-74,4.071,26918.9,TRUE,TRUE,FALSE,10568.2314
Jun 17 2025 22:43:46.000 UTC,1750214626.0,29694.5,31.03204,-103.49106,28,3,52,-153,129,1,0,5,12,-74,4.071,26760.5,TRUE,TRUE,FALSE,10618.4282
Jun 17 2025 22:43:47.000 UTC,1750214627.0,29538.6,31.03193,-103.49096,27,3,46,-155,130,1,0,4,9,-74,4.06,26604.6,TRUE,TRUE,FALSE,10661.2462
Jun 17 2025 22:43:48.000 UTC,1750214628.0,29386.8,31.03185,-103.49086,28,3,43,-153,130,1,0,8,8,-74,4.06,26452.8,TRUE,TRUE,FALSE,10701.3199
Jun 17 2025 22:43:49.000 UTC,1750214629.0,29232.8,31.03177,-103.49073,28,3,52,-159,121,1,0,11,12,-74,4.064,26298.8,TRUE,TRUE,FALSE,10749.7972
Jun 17 2025 22:43:50.000 UTC,1750214630.0,29072.0,31.03170,-103.49059,28,3,56,-163,116,1,0,9,10,-74,4.064,26138.0,TRUE,TRUE,FALSE,10800.9412
Jun 17 2025 22:43:51.000 UTC,1750214631.0,28911.9,31.03162,-103.49044,28,3,54,-155,122,1,0,10,11,-74,4.059,25977.9,TRUE,TRUE,FALSE,10853.3683
Jun 17 2025 22:43:52.000 UTC,1750214632.0,28757.7,31.03153,-103.49030,27,3,52,-155,130,1,0,7,14,-74,4.059,25823.7,TRUE,TRUE,FALSE,10908.6278
Jun 17 2025 22:43:53.000 UTC,1750214633.0,28598.6,31.03145,-103.49017,28,3,50,-156,130,1,0,13,6,-74,4.057,25664.6,TRUE,TRUE,FALSE,10956.8974
Jun 17 2025 22:43:54.000 UTC,1750214634.0,28435.6,31.03134,-103.49005,27,3,51,-163,128,1,0,7,10,-74,4.057,25501.6,TRUE,TRUE,FALSE,11004.3667
Jun 17 2025 22:43:56.000 UTC,1750214636.0,28108.4,31.03116,-103.48981,27,3,49,-160,124,1,0,5,11,-74,4.064,25174.4,TRUE,TRUE,FALSE,11097.7341
Jun 17 2025 22:43:57.000 UTC,1750214637.0,27947.2,31.03109,-103.48970,26,3,43,-154,127,1,0,7,12,-74,4.069,25013.2,TRUE,TRUE,FALSE,11141.3863
Jun 17 2025 22:43:58.000 UTC,1750214638.0,27788.3,31.03099,-103.48960,27,3,43,-157,132,1,0,3,17,-74,4.069,24854.3,TRUE,TRUE,FALSE,11183.5187
Jun 17 2025 22:43:59.000 UTC,1750214639.0,27629.3,31.03090,-103.48949,28,3,49,-158,135,1,0,9,10,-74,4.066,24695.3,TRUE,TRUE,FALSE,11226.8446
Jun 17 2025 22:44:00.000 UTC,1750214640.0,27471.0,31.03081,-103.48939,28,3,43,-166,139,1,0,6,13,-74,4.066,24537.0,TRUE,TRUE,FALSE,11270.7283
Jun 17 2025 22:44:01.000 UTC,1750214641.0,27314.0,31.03070,-103.48930,27,3,36,-161,140,1,0,2,16,-74,4.063,24380.0,TRUE,TRUE,FALSE,11309.0893
Jun 17 2025 22:44:02.000 UTC,1750214642.0,27156.5,31.03062,-103.48923,28,3,34,-154,124,1,0,11,12,-74,4.063,24222.5,TRUE,TRUE,FALSE,11342.6211
Jun 17 2025 22:44:03.000 UTC,1750214643.0,27007.6,31.03056,-103.48915,27,3,38,-147,134,1,0,12,10,-74,4.063,24073.6,TRUE,TRUE,FALSE,11373.2319
Jun 17 2025 22:44:04.000 UTC,1750214644.0,26858.9,31.03049,-103.48904,26,3,53,-152,129,1,0,0,9,-74,4.063,23924.9,TRUE,TRUE,FALSE,11417.0182
Jun 17 2025 22:44:05.000 UTC,1750214645.0,26711.1,31.03040,-103.48891,27,3,52,-146,128,1,0,5,11,-74,4.067,23777.1,TRUE,TRUE,FALSE,11466.8374
Jun 17 2025 22:44:06.000 UTC,1750214646.0,26562.1,31.03030,-103.48880,28,3,47,-144,145,1,0,10,10,-74,4.067,23628.1,TRUE,TRUE,FALSE,11511.6955
Jun 17 2025 22:44:07.000 UTC,1750214647.0,26417.3,31.03020,-103.48871,28,3,39,-143,136,1,0,10,13,-74,4.065,23483.3,TRUE,TRUE,FALSE,11551.6492
Jun 17 2025 22:44:08.000 UTC,1750214648.0,26273.8,31.03014,-103.48862,28,3,36,-146,128,1,0,10,10,-74,4.065,23339.8,TRUE,TRUE,FALSE,11587.5497
Jun 17 2025 22:44:09.000 UTC,1750214649.0,26126.0,31.03009,-103.48852,28,3,40,-151,114,1,0,10,11,-74,4.065,23192.0,TRUE,TRUE,FALSE,11622.9291
Jun 17 2025 22:44:10.000 UTC,1750214650.0,25975.3,31.03004,-103.48840,28,3,49,-151,109,1,0,13,10,-74,4.065,23041.3,TRUE,TRUE,FALSE,11664.6279
Jun 17 2025 22:44:12.000 UTC,1750214652.0,25681.9,31.02993,-103.48814,28,3,41,-139,122,1,0,7,10,-74,4.061,22747.9,TRUE,TRUE,FALSE,11755.4211
Jun 17 2025 22:44:13.000 UTC,1750214653.0,25530.8,31.02985,-103.48806,28,3,26,-152,149,1,0,7,15,-74,4.067,22596.8,TRUE,TRUE,FALSE,11788.8682
Jun 17 2025 22:44:14.000 UTC,1750214654.0,25374.2,31.02980,-103.48800,28,3,25,-151,134,1,0,5,14,-74,4.067,22440.2,TRUE,TRUE,FALSE,11813.2831
Jun 17 2025 22:44:15.000 UTC,1750214655.0,25223.0,31.02975,-103.48792,27,3,32,-149,136,1,0,6,10,-74,4.062,22289.0,TRUE,TRUE,FALSE,11842.3668
Jun 17 2025 22:44:16.000 UTC,1750214656.0,25074.6,31.02968,-103.48785,28,3,37,-145,140,1,0,4,12,-74,4.062,22140.6,TRUE,TRUE,FALSE,11874.7602
Jun 17 2025 22:44:17.000 UTC,1750214657.0,24924.2,31.02962,-103.48775,28,3,37,-151,126,1,0,11,11,-74,4.067,21990.2,TRUE,TRUE,FALSE,11909.3460
Jun 17 2025 22:44:18.000 UTC,1750214658.0,24772.4,31.02957,-103.48766,28,3,32,-162,115,1,0,13,9,-74,4.067,21838.4,TRUE,TRUE,FALSE,11943.9370
Jun 17 2025 22:44:19.000 UTC,1750214659.0,24608.9,31.02951,-103.48755,26,3,43,-155,130,1,0,6,13,-74,4.064,21674.9,TRUE,TRUE,FALSE,11985.1062
Jun 17 2025 22:44:20.000 UTC,1750214660.0,24452.0,31.02945,-103.48745,27,3,29,-158,124,1,0,8,14,-74,4.064,21518.0,TRUE,TRUE,FALSE,12022.4504
Jun 17 2025 22:44:21.000 UTC,1750214661.0,24301.4,31.02936,-103.48735,28,3,50,-151,157,1,0,10,13,-74,4.067,21367.4,TRUE,TRUE,FALSE,12063.9683
Jun 17 2025 22:44:22.000 UTC,1750214662.0,24140.7,31.02927,-103.48729,27,3,40,-154,165,1,0,4,15,-74,4.067,21206.7,TRUE,TRUE,FALSE,12094.5742
Jun 17 2025 22:44:23.000 UTC,1750214663.0,23994.8,31.02918,-103.48724,28,3,46,-139,153,1,0,6,17,-74,4.061,21060.8,TRUE,TRUE,FALSE,12121.1309
Jun 17 2025 22:44:24.000 UTC,1750214664.0,23854.4,31.02910,-103.48714,28,3,55,-142,139,1,0,11,12,-74,4.061,20920.4,TRUE,TRUE,FALSE,12161.3355
Jun 17 2025 22:44:25.000 UTC,1750214665.0,23709.4,31.02899,-103.48705,28,3,50,-142,144,1,0,8,11,-74,4.057,20775.4,TRUE,TRUE,FALSE,12206.0750
Jun 17 2025 22:44:26.000 UTC,1750214666.0,23566.3,31.02888,-103.48695,28,3,49,-142,142,1,0,4,16,-74,4.057,20632.3,TRUE,TRUE,FALSE,12248.6826
Jun 17 2025 22:44:27.000 UTC,1750214667.0,23424.5,31.02876,-103.48685,28,3,48,-144,145,1,0,4,14,-74,4.063,20490.5,TRUE,TRUE,FALSE,12294.0910
Jun 17 2025 22:44:28.000 UTC,1750214668.0,23280.1,31.02864,-103.48677,28,3,41,-143,151,1,0,5,13,-74,4.063,20346.1,TRUE,TRUE,FALSE,12335.7731
Jun 17 2025 22:44:29.000 UTC,1750214669.0,23135.3,31.02852,-103.48670,27,3,43,-140,156,1,0,6,13,-74,4.063,20201.3,TRUE,TRUE,FALSE,12374.3275
Jun 17 2025 22:44:30.000 UTC,1750214670.0,22991.8,31.02842,-103.48663,28,3,49,-145,142,1,0,4,12,-74,4.063,20057.8,TRUE,TRUE,FALSE,12410.7928
Jun 17 2025 22:44:31.000 UTC,1750214671.0,22847.6,31.02833,-103.48656,27,3,39,-132,146,1,0,1,14,-74,4.066,19913.6,TRUE,TRUE,FALSE,12444.5473
Jun 17 2025 22:44:32.000 UTC,1750214672.0,22710.7,31.02822,-103.48647,28,3,37,-136,136,1,0,11,12,-74,4.066,19776.7,TRUE,TRUE,FALSE,12483.8444
Jun 17 2025 22:44:33.000 UTC,1750214673.0,22567.0,31.02813,-103.48637,28,3,56,-148,137,1,0,16,9,-74,4.065,19633.0,TRUE,TRUE,FALSE,12529.0956
Jun 17 2025 22:44:34.000 UTC,1750214674.0,22427.4,31.02801,-103.48625,28,3,56,-137,141,1,0,12,11,-74,4.065,19493.4,TRUE,TRUE,FALSE,12580.0646
Jun 17 2025 22:44:35.000 UTC,1750214675.0,22288.5,31.02788,-103.48615,28,3,50,-142,149,1,0,11,10,-74,4.061,19354.5,TRUE,TRUE,FALSE,12627.9387
Jun 17 2025 22:44:36.000 UTC,1750214676.0,22147.7,31.02777,-103.48608,28,3,38,-142,141,1,0,9,12,-74,4.061,19213.7,TRUE,TRUE,FALSE,12663.6772
Jun 17 2025 22:44:37.000 UTC,1750214677.0,22000.8,31.02772,-103.48599,28,3,27,-140,105,1,0,5,12,-74,4.061,19066.8,TRUE,TRUE,FALSE,12698.5047
Jun 17 2025 22:44:38.000 UTC,1750214678.0,21858.9,31.02765,-103.48590,28,3,35,-143,144,1,0,12,10,-74,4.059,18924.9,TRUE,TRUE,FALSE,12734.8233
Jun 17 2025 22:44:39.000 UTC,1750214679.0,21717.4,31.02757,-103.48579,27,3,43,-139,132,1,0,6,14,-74,4.059,18783.4,TRUE,TRUE,FALSE,12777.8507
Jun 17 2025 22:44:40.000 UTC,1750214680.0,21572.8,31.02748,-103.48568,28,3,52,-148,130,1,0,5,13,-74,4.066,18638.8,TRUE,TRUE,FALSE,12824.8411
Jun 17 2025 22:44:41.000 UTC,1750214681.0,21427.6,31.02738,-103.48557,28,3,54,-146,139,1,0,5,14,-74,4.066,18493.6,TRUE,TRUE,FALSE,12872.4497
Jun 17 2025 22:44:42.000 UTC,1750214682.0,21282.1,31.02727,-103.48545,28,3,51,-147,131,1,0,5,12,-74,4.062,18348.1,TRUE,TRUE,FALSE,12921.2825
Jun 17 2025 22:44:43.000 UTC,1750214683.0,21134.1,31.02716,-103.48533,28,3,57,-141,136,1,0,9,11,-74,4.062,18200.1,TRUE,TRUE,FALSE,12973.2010
Jun 17 2025 22:44:44.000 UTC,1750214684.0,20989.4,31.02705,-103.48521,27,3,57,-143,138,1,0,5,14,-74,4.07,18055.4,TRUE,TRUE,FALSE,13023.3021
Jun 17 2025 22:44:45.000 UTC,1750214685.0,20843.4,31.02695,-103.48509,27,3,44,-148,142,1,0,5,14,-74,4.07,17909.4,TRUE,TRUE,FALSE,13074.0691
Jun 17 2025 22:44:46.000 UTC,1750214686.0,20702.5,31.02683,-103.48502,27,3,48,-148,151,1,0,7,15,-74,4.067,17768.5,TRUE,TRUE,FALSE,13113.4978
Jun 17 2025 22:44:47.000 UTC,1750214687.0,20560.4,31.02674,-103.48491,28,3,52,-133,130,1,0,1,21,-74,4.067,17626.4,TRUE,TRUE,FALSE,13159.4196
Jun 17 2025 22:44:48.000 UTC,1750214688.0,20426.6,31.02662,-103.48481,28,3,50,-134,134,1,0,8,15,-74,4.068,17492.6,TRUE,TRUE,FALSE,13205.3686
Jun 17 2025 22:44:49.000 UTC,1750214689.0,20291.0,31.02651,-103.48470,27,3,58,-133,141,1,0,3,17,-74,4.068,17357.0,TRUE,TRUE,FALSE,13255.6425
Jun 17 2025 22:44:50.000 UTC,1750214690.0,20156.1,31.02641,-103.48459,28,3,46,-136,144,1,0,5,14,-74,4.07,17222.1,TRUE,TRUE,FALSE,13302.2656
Jun 17 2025 22:44:51.000 UTC,1750214691.0,20017.9,31.02630,-103.48450,27,3,47,-135,153,1,0,9,14,-74,4.07,17083.9,TRUE,TRUE,FALSE,13345.5669
Jun 17 2025 22:44:52.000 UTC,1750214692.0,19879.7,31.02618,-103.48443,27,3,48,-141,152,1,0,8,14,-74,4.06,16945.7,TRUE,TRUE,FALSE,13383.7411
Jun 17 2025 22:44:53.000 UTC,1750214693.0,19731.5,31.02607,-103.48436,27,3,45,-147,155,1,0,9,10,-74,4.06,16797.5,TRUE,TRUE,FALSE,13421.0386
Jun 17 2025 22:44:54.000 UTC,1750214694.0,19583.4,31.02596,-103.48431,28,3,43,-143,154,1,0,7,13,-74,4.058,16649.4,TRUE,TRUE,FALSE,13454.1241
Jun 17 2025 22:44:55.000 UTC,1750214695.0,19443.6,31.02585,-103.48421,28,3,47,-136,164,1,0,13,8,-74,4.058,16509.6,TRUE,TRUE,FALSE,13497.2908
Jun 17 2025 22:44:56.000 UTC,1750214696.0,19292.5,31.02576,-103.48415,28,3,50,-156,140,1,0,10,13,-74,4.057,16358.5,TRUE,TRUE,FALSE,13530.0848
Jun 17 2025 22:44:57.000 UTC,1750214697.0,19150.2,31.02566,-103.48405,28,3,49,-128,137,1,0,3,13,-74,4.057,16216.2,TRUE,TRUE,FALSE,13574.5001
Jun 17 2025 22:44:58.000 UTC,1750214698.0,19016.0,31.02557,-103.48396,28,3,49,-135,134,1,0,10,13,-74,4.063,16082.0,TRUE,TRUE,FALSE,13614.9118
Jun 17 2025 22:44:59.000 UTC,1750214699.0,18874.2,31.02546,-103.48389,28,3,40,-143,159,1,0,6,13,-74,4.063,15940.2,TRUE,TRUE,FALSE,13652.1526
Jun 17 2025 22:45:00.000 UTC,1750214700.0,18732.7,31.02534,-103.48383,26,3,46,-151,171,1,0,4,13,-74,4.069,15798.7,TRUE,TRUE,FALSE,13688.2785
Jun 17 2025 22:45:01.000 UTC,1750214701.0,18591.4,31.02524,-103.48380,28,3,45,-142,166,1,0,8,11,-74,4.069,15657.4,TRUE,TRUE,FALSE,13716.8217
Jun 17 2025 22:45:02.000 UTC,1750214702.0,18453.0,31.02513,-103.48377,28,3,38,-134,173,1,0,7,16,-74,4.067,15519.0,TRUE,TRUE,FALSE,13741.5159
Jun 17 2025 22:45:03.000 UTC,1750214703.0,18315.2,31.02503,-103.48374,28,3,33,-133,172,1,0,6,17,-74,4.067,15381.2,TRUE,TRUE,FALSE,13767.1029
Jun 17 2025 22:45:04.000 UTC,1750214704.0,18179.5,31.02495,-103.48372,28,3,30,-133,159,1,0,5,11,-74,4.075,15245.5,TRUE,TRUE,FALSE,13787.3866
Jun 17 2025 22:45:05.000 UTC,1750214705.0,18043.3,31.02487,-103.48367,28,3,33,-129,160,1,0,9,9,-74,4.075,15109.3,TRUE,TRUE,FALSE,13813.0643
Jun 17 2025 22:45:06.000 UTC,1750214706.0,17909.3,31.02480,-103.48362,28,3,33,-134,153,1,0,6,13,-74,4.067,14975.3,TRUE,TRUE,FALSE,13840.5485
Jun 17 2025 22:45:07.000 UTC,1750214707.0,17773.7,31.02471,-103.48355,28,3,40,-134,139,1,0,3,15,-74,4.067,14839.7,TRUE,TRUE,FALSE,13874.2305
Jun 17 2025 22:45:08.000 UTC,1750214708.0,17637.7,31.02461,-103.48349,27,3,39,-138,146,1,0,6,12,-74,4.065,14703.7,TRUE,TRUE,FALSE,13907.4681
Jun 17 2025 22:45:09.000 UTC,1750214709.0,17498.1,31.02452,-103.48341,27,3,47,-138,143,1,0,1,16,-74,4.065,14564.1,TRUE,TRUE,FALSE,13946.7252
Jun 17 2025 22:45:10.000 UTC,1750214710.0,17358.4,31.02443,-103.48333,28,3,41,-133,152,1,0,6,16,-74,4.063,14424.4,TRUE,TRUE,FALSE,13983.9014
Jun 17 2025 22:45:12.000 UTC,1750214712.0,17086.4,31.02419,-103.48317,27,3,54,-137,153,1,0,6,16,-74,4.063,14152.4,TRUE,TRUE,FALSE,14069.3833
Jun 17 2025 22:45:13.000 UTC,1750214713.0,16951.4,31.02407,-103.48311,27,3,45,-134,161,1,0,1,12,-74,4.063,14017.4,TRUE,TRUE,FALSE,14106.1229
Jun 17 2025 22:45:14.000 UTC,1750214714.0,16822.0,31.02397,-103.48304,28,3,59,-134,148,1,0,4,18,-74,4.06,13888.0,TRUE,TRUE,FALSE,14144.0085
Jun 17 2025 22:45:15.000 UTC,1750214715.0,16695.1,31.02385,-103.48296,25,3,47,-127,137,1,0,9,13,-74,4.06,13761.1,TRUE,TRUE,FALSE,14184.7002
Jun 17 2025 22:45:16.000 UTC,1750214716.0,16568.1,31.02375,-103.48289,27,3,40,-121,166,1,0,7,16,-74,4.062,13634.1,TRUE,TRUE,FALSE,14223.4168
Jun 17 2025 22:45:17.000 UTC,1750214717.0,16436.7,31.02360,-103.48283,27,3,56,-132,166,1,0,9,12,-74,4.062,13502.7,TRUE,TRUE,FALSE,14264.3342
Jun 17 2025 22:45:18.000 UTC,1750214718.0,16304.6,31.02346,-103.48279,27,3,43,-132,157,1,0,6,13,-74,4.057,13370.6,TRUE,TRUE,FALSE,14301.5780
Jun 17 2025 22:45:19.000 UTC,1750214719.0,16173.0,31.02333,-103.48273,27,3,47,-135,170,1,0,9,11,-74,4.057,13239.0,TRUE,TRUE,FALSE,14339.9789
Jun 17 2025 22:45:20.000 UTC,1750214720.0,16035.9,31.02319,-103.48270,27,3,53,-133,167,1,0,5,14,-72,4.07,13101.9,TRUE,TRUE,FALSE,14372.9091
Jun 17 2025 22:45:21.000 UTC,1750214721.0,15898.6,31.02307,-103.48268,26,3,43,-135,160,1,0,5,16,-72,4.07,12964.6,TRUE,TRUE,FALSE,14401.8039
Jun 17 2025 22:45:22.000 UTC,1750214722.0,15766.0,31.02299,-103.48264,26,3,29,-127,148,1,0,5,14,-72,4.067,12832.0,TRUE,TRUE,FALSE,14425.9615
Jun 17 2025 22:45:23.000 UTC,1750214723.0,15633.5,31.02291,-103.48260,28,3,28,-131,151,1,0,3,17,-72,4.067,12699.5,TRUE,TRUE,FALSE,14450.1422
Jun 17 2025 22:45:24.000 UTC,1750214724.0,15503.8,31.02280,-103.48254,28,3,47,-132,158,1,0,5,15,-67,4.076,12569.8,TRUE,TRUE,FALSE,14487.4921
Jun 17 2025 22:45:25.000 UTC,1750214725.0,15369.8,31.02269,-103.48249,28,3,41,-127,158,1,0,4,16,-67,4.076,12435.8,TRUE,TRUE,FALSE,14522.8227
Jun 17 2025 22:45:26.000 UTC,1750214726.0,15242.0,31.02256,-103.48245,28,3,47,-129,158,1,0,3,16,-67,4.06,12308.0,TRUE,TRUE,FALSE,14555.8205
Jun 17 2025 22:45:27.000 UTC,1750214727.0,15109.5,31.02244,-103.48242,28,3,57,-131,176,1,0,2,17,-69,4.06,12175.5,TRUE,TRUE,FALSE,14586.8309
Jun 17 2025 22:45:28.000 UTC,1750214728.0,14978.7,31.02231,-103.48241,28,3,35,-131,164,1,0,8,12,-69,4.067,12044.7,TRUE,TRUE,FALSE,14612.4462
Jun 17 2025 22:45:29.000 UTC,1750214729.0,14853.7,31.02218,-103.48238,28,3,36,-124,168,1,0,7,12,-68,4.067,11919.7,TRUE,TRUE,FALSE,14643.9825
Jun 17 2025 22:45:30.000 UTC,1750214730.0,14728.2,31.02208,-103.48236,27,3,48,-123,162,1,0,3,13,-68,4.07,11794.2,TRUE,TRUE,FALSE,14669.6410
Jun 17 2025 22:45:31.000 UTC,1750214731.0,14605.7,31.02197,-103.48232,28,3,51,-128,162,1,0,3,16,-74,4.07,11671.7,TRUE,TRUE,FALSE,14702.2271
Jun 17 2025 22:45:32.000 UTC,1750214732.0,14479.5,31.02185,-103.48226,26,3,40,-119,167,1,0,4,14,-74,4.067,11545.5,TRUE,TRUE,FALSE,14739.4126
Jun 17 2025 22:45:33.000 UTC,1750214733.0,14361.5,31.02172,-103.48220,26,3,50,-115,158,1,0,6,14,-68,4.067,11427.5,TRUE,TRUE,FALSE,14780.8566
Jun 17 2025 22:45:35.000 UTC,1750214735.0,14112.3,31.02151,-103.48208,28,3,39,-119,149,1,0,5,12,-65,4.067,11178.3,TRUE,TRUE,FALSE,14852.4070
Jun 17 2025 22:45:36.000 UTC,1750214736.0,13990.5,31.02142,-103.48202,28,3,40,-125,152,1,0,2,16,-65,4.065,11056.5,TRUE,TRUE,FALSE,14886.0654
Jun 17 2025 22:45:37.000 UTC,1750214737.0,13862.8,31.02133,-103.48194,28,3,45,-126,144,1,0,7,9,-66,4.065,10928.8,TRUE,TRUE,FALSE,14923.8283
Jun 17 2025 22:45:38.000 UTC,1750214738.0,13733.7,31.02123,-103.48187,28,3,41,-133,147,1,0,5,10,-66,4.065,10799.7,TRUE,TRUE,FALSE,14959.9320
Jun 17 2025 22:45:39.000 UTC,1750214739.0,13602.1,31.02112,-103.48180,27,3,45,-129,158,1,0,4,14,-66,4.065,10668.1,TRUE,TRUE,FALSE,14998.9637
Jun 17 2025 22:45:40.000 UTC,1750214740.0,13470.4,31.02101,-103.48174,28,3,42,-130,156,1,0,6,13,-66,4.062,10536.4,TRUE,TRUE,FALSE,15036.7232
Jun 17 2025 22:45:41.000 UTC,1750214741.0,13340.6,31.02090,-103.48168,28,3,57,-124,155,1,0,4,14,-66,4.062,10406.6,TRUE,TRUE,FALSE,15074.5244
Jun 17 2025 22:45:42.000 UTC,1750214742.0,13217.3,31.02078,-103.48161,28,3,55,-128,161,1,0,9,10,-75,4.067,10283.3,TRUE,TRUE,FALSE,15117.1618
Jun 17 2025 22:45:43.000 UTC,1750214743.0,13089.9,31.02064,-103.48154,28,3,44,-129,155,1,0,6,15,-66,4.067,10155.9,TRUE,TRUE,FALSE,15162.2159
Jun 17 2025 22:45:44.000 UTC,1750214744.0,12965.1,31.02051,-103.48148,28,3,52,-120,160,1,0,6,14,-66,4.062,10031.1,TRUE,TRUE,FALSE,15204.9424
Jun 17 2025 22:45:45.000 UTC,1750214745.0,12837.5,31.02037,-103.48141,28,3,53,-126,157,1,0,7,12,-66,4.062,9903.5,TRUE,TRUE,FALSE,15248.1082
Jun 17 2025 22:45:46.000 UTC,1750214746.0,12712.5,31.02022,-103.48135,28,3,54,-121,156,1,0,3,15,-66,4.061,9778.5,TRUE,TRUE,FALSE,15293.5738
Jun 17 2025 22:45:47.000 UTC,1750214747.0,12592.8,31.02006,-103.48132,24,3,48,-129,168,1,0,8,11,-73,4.061,9658.8,TRUE,TRUE,FALSE,15333.8216
Jun 17 2025 22:45:48.000 UTC,1750214748.0,12461.8,31.01994,-103.48129,27,3,50,-124,-172,1,0,10,12,-69,4.059,9527.8,TRUE,TRUE,FALSE,15363.7866
Jun 17 2025 22:45:49.000 UTC,1750214749.0,12345.5,31.01981,-103.48127,28,3,47,-116,161,1,0,5,12,-69,4.059,9411.5,TRUE,TRUE,FALSE,15394.9528
Jun 17 2025 22:45:50.000 UTC,1750214750.0,12231.9,31.01969,-103.48123,27,3,47,-112,178,1,0,6,12,-70,4.065,9297.9,TRUE,TRUE,FALSE,15429.8395
Jun 17 2025 22:45:51.000 UTC,1750214751.0,12113.6,31.01954,-103.48121,28,3,42,-120,161,1,0,10,13,-70,4.065,9179.6,TRUE,TRUE,FALSE,15463.8099
Jun 17 2025 22:45:52.000 UTC,1750214752.0,11994.9,31.01940,-103.48116,27,3,59,-119,165,1,0,2,15,-70,4.051,9060.9,TRUE,TRUE,FALSE,15507.4065
Jun 17 2025 22:45:53.000 UTC,1750214753.0,11873.1,31.01924,-103.48110,28,3,55,-122,168,1,0,5,15,-70,4.051,8939.1,TRUE,TRUE,FALSE,15552.2326
Jun 17 2025 22:45:54.000 UTC,1750214754.0,11747.3,31.01909,-103.48107,27,3,63,-122,174,1,0,4,11,-64,4.062,8813.3,TRUE,TRUE,FALSE,15591.1663
Jun 17 2025 22:45:55.000 UTC,1750214755.0,11627.5,31.01893,-103.48103,28,3,53,-118,168,1,0,8,13,-64,4.062,8693.5,TRUE,TRUE,FALSE,15635.3489
Jun 17 2025 22:45:56.000 UTC,1750214756.0,11501.8,31.01878,-103.48101,28,3,57,-131,175,1,0,5,14,-64,4.055,8567.8,TRUE,TRUE,FALSE,15668.2130
Jun 17 2025 22:45:57.000 UTC,1750214757.0,11370.5,31.01862,-103.48100,27,3,53,-124,178,1,0,5,13,-64,4.055,8436.5,TRUE,TRUE,FALSE,15703.4623
Jun 17 2025 22:45:58.000 UTC,1750214758.0,11246.7,31.01848,-103.48100,28,3,54,-123,176,1,0,4,15,-64,4.06,8312.7,TRUE,TRUE,FALSE,15733.7998
Jun 17 2025 22:45:59.000 UTC,1750214759.0,11121.8,31.01834,-103.48099,28,3,46,-127,-174,1,0,10,5,-64,4.06,8187.8,TRUE,TRUE,FALSE,15764.2434
Jun 17 2025 22:46:01.000 UTC,1750214761.0,10872.5,31.01812,-103.48101,28,3,27,-122,-174,1,0,11,13,-67,4.058,7938.5,TRUE,TRUE,FALSE,15803.7896
Jun 17 2025 22:46:02.000 UTC,1750214762.0,10752.0,31.01804,-103.48100,27,3,27,-118,147,1,0,4,14,-67,4.054,7818.0,TRUE,TRUE,FALSE,15822.6881
Jun 17 2025 22:46:03.000 UTC,1750214763.0,10634.0,31.01794,-103.48097,28,3,34,-120,164,1,0,5,13,-62,4.054,7700.0,TRUE,TRUE,FALSE,15849.8920
Jun 17 2025 22:46:05.000 UTC,1750214765.0,10389.8,31.01775,-103.48090,26,3,41,-114,171,1,0,9,12,-67,4.055,7455.8,TRUE,TRUE,FALSE,15909.9101
Jun 17 2025 22:46:06.000 UTC,1750214766.0,10270.6,31.01766,-103.48089,27,3,28,-125,175,1,0,7,15,-67,4.066,7336.6,TRUE,TRUE,FALSE,15931.3270
Jun 17 2025 22:46:07.000 UTC,1750214767.0,10151.9,31.01759,-103.48090,27,3,19,-120,-169,1,0,5,17,-69,4.066,7217.9,TRUE,TRUE,FALSE,15940.9358
Jun 17 2025 22:46:08.000 UTC,1750214768.0,10030.7,31.01754,-103.48091,28,3,21,-118,-163,1,0,4,15,-68,4.056,7096.7,TRUE,TRUE,FALSE,15949.7399
Jun 17 2025 22:46:09.000 UTC,1750214769.0,9912.1,31.01750,-103.48091,28,3,22,-113,-164,1,0,3,14,-63,4.056,6978.1,TRUE,TRUE,FALSE,15958.9202
Jun 17 2025 22:46:10.000 UTC,1750214770.0,9799.3,31.01745,-103.48091,27,3,17,-112,149,1,0,4,16,-74,4.052,6865.3,TRUE,TRUE,FALSE,15968.9111
Jun 17 2025 22:46:11.000 UTC,1750214771.0,9682.1,31.01738,-103.48090,28,3,23,-116,171,1,0,3,17,-74,4.052,6748.1,TRUE,TRUE,FALSE,15985.6746
Jun 17 2025 22:46:12.000 UTC,1750214772.0,9566.5,31.01729,-103.48090,27,3,32,-113,176,1,0,5,12,-61,4.062,6632.5,TRUE,TRUE,FALSE,16005.6733
Jun 17 2025 22:46:13.000 UTC,1750214773.0,9451.0,31.01720,-103.48089,27,3,26,-118,171,1,0,8,8,-65,4.062,6517.0,TRUE,TRUE,FALSE,16026.1112
Jun 17 2025 22:46:14.000 UTC,1750214774.0,9329.2,31.01713,-103.48088,27,3,25,-121,167,1,0,3,11,-63,4.058,6395.2,TRUE,TRUE,FALSE,16042.9592
Jun 17 2025 22:46:15.000 UTC,1750214775.0,9204.5,31.01706,-103.48089,27,3,21,-123,165,1,0,8,12,-63,4.058,6270.5,TRUE,TRUE,FALSE,16057.5549
Jun 17 2025 22:46:16.000 UTC,1750214776.0,9079.0,31.01698,-103.48087,28,3,31,-124,147,1,0,8,13,-63,4.058,6145.0,TRUE,TRUE,FALSE,16076.8056
Jun 17 2025 22:46:17.000 UTC,1750214777.0,8961.0,31.01691,-103.48082,28,3,30,-113,148,1,0,3,12,-63,4.058,6027.0,TRUE,TRUE,FALSE,16105.3866
Jun 17 2025 22:46:18.000 UTC,1750214778.0,8847.7,31.01687,-103.48080,28,3,16,-108,-179,1,0,2,17,-63,4.053,5913.7,TRUE,TRUE,FALSE,16118.1849
Jun 17 2025 22:46:19.000 UTC,1750214779.0,8728.7,31.01682,-103.48079,27,3,12,-123,174,1,0,8,14,-63,4.053,5794.7,TRUE,TRUE,FALSE,16132.6118
Jun 17 2025 22:46:20.000 UTC,1750214780.0,8613.9,31.01678,-103.48078,28,3,24,-111,147,1,0,4,16,-63,4.058,5679.9,TRUE,TRUE,FALSE,16143.4828
Jun 17 2025 22:46:21.000 UTC,1750214781.0,8505.4,31.01675,-103.48075,27,3,15,-111,146,1,0,4,15,-74,4.058,5571.4,TRUE,TRUE,FALSE,16157.3356
Jun 17 2025 22:46:22.000 UTC,1750214782.0,8395.4,31.01671,-103.48072,28,3,23,-111,147,1,0,2,18,-68,4.053,5461.4,TRUE,TRUE,FALSE,16173.2209
Jun 17 2025 22:46:23.000 UTC,1750214783.0,8283.6,31.01666,-103.48070,28,3,20,-115,145,1,0,8,12,-64,4.053,5349.6,TRUE,TRUE,FALSE,16189.6096
Jun 17 2025 22:46:24.000 UTC,1750214784.0,8167.7,31.01661,-103.48067,28,3,26,-116,147,1,0,1,17,-64,4.049,5233.7,TRUE,TRUE,FALSE,16209.1644
Jun 17 2025 22:46:27.000 UTC,1750214787.0,7814.2,31.01644,-103.48061,28,3,25,-116,153,1,0,4,13,-60,4.067,4880.2,TRUE,TRUE,FALSE,16259.4247
Jun 17 2025 22:46:28.000 UTC,1750214788.0,7693.9,31.01639,-103.48059,26,3,17,-121,166,1,0,11,10,-60,4.058,4759.9,TRUE,TRUE,FALSE,16275.4448
Jun 17 2025 22:46:29.000 UTC,1750214789.0,7579.5,31.01635,-103.48060,28,3,18,-109,-177,1,0,5,10,-60,4.058,4645.5,TRUE,TRUE,FALSE,16280.8766
Jun 17 2025 22:46:30.000 UTC,1750214790.0,7465.0,31.01632,-103.48061,28,3,17,-109,176,1,0,8,13,-60,4.057,4531.0,TRUE,TRUE,FALSE,16286.7263
Jun 17 2025 22:46:31.000 UTC,1750214791.0,7353.1,31.01626,-103.48058,28,3,18,-112,152,1,0,7,12,-60,4.057,4419.1,TRUE,TRUE,FALSE,16305.9274
Jun 17 2025 22:46:33.000 UTC,1750214793.0,7107.4,31.01618,-103.48051,28,3,17,-128,138,1,0,3,14,-60,4.053,4173.4,TRUE,TRUE,FALSE,16339.0098
Jun 17 2025 22:46:34.000 UTC,1750214794.0,6985.6,31.01615,-103.48051,28,3,12,-120,-135,1,0,12,11,-60,4.054,4051.6,TRUE,TRUE,FALSE,16348.3314
Jun 17 2025 22:46:35.000 UTC,1750214795.0,6863.1,31.01612,-103.48054,28,3,14,-119,-111,1,0,4,18,-60,4.054,3929.1,TRUE,TRUE,FALSE,16345.9638
Jun 17 2025 22:46:36.000 UTC,1750214796.0,6749.3,31.01611,-103.48056,28,3,6,-99,-38,1,0,3,20,-60,4.064,3815.3,TRUE,TRUE,FALSE,16343.0628
Jun 17 2025 22:46:37.000 UTC,1750214797.0,6643.5,31.01611,-103.48060,27,3,11,-107,-66,1,0,5,16,-60,4.064,3709.5,TRUE,TRUE,FALSE,16333.0193
Jun 17 2025 22:46:38.000 UTC,1750214798.0,6527.8,31.01610,-103.48064,28,3,11,-114,-90,1,0,5,12,-60,4.055,3593.8,TRUE,TRUE,FALSE,16323.9380
Jun 17 2025 22:46:39.000 UTC,1750214799.0,6420.8,31.01608,-103.48068,28,3,11,-108,-80,1,0,3,16,-69,4.055,3486.8,TRUE,TRUE,FALSE,16317.6145
Jun 17 2025 22:46:40.000 UTC,1750214800.0,6309.4,31.01608,-103.48072,28,3,15,-107,-108,1,0,4,15,-71,4.052,3375.4,TRUE,TRUE,FALSE,16310.0602
Jun 17 2025 22:46:41.000 UTC,1750214801.0,6209.0,31.01607,-103.48075,27,3,3,-99,162,1,0,9,11,-71,4.052,3275.0,TRUE,TRUE,FALSE,16304.4343
Jun 17 2025 22:46:42.000 UTC,1750214802.0,6100.1,31.01608,-103.48078,26,3,20,-112,-99,1,0,4,16,-68,4.067,3166.1,TRUE,TRUE,FALSE,16294.2652
Jun 17 2025 22:46:43.000 UTC,1750214803.0,5995.1,31.01611,-103.48083,28,3,17,-101,-97,1,0,5,12,-68,4.067,3061.1,TRUE,TRUE,FALSE,16275.7052
Jun 17 2025 22:46:44.000 UTC,1750214804.0,5891.9,31.01612,-103.48087,26,3,19,-103,-84,1,0,5,10,-65,4.057,2957.9,TRUE,TRUE,FALSE,16262.7874
Jun 17 2025 22:46:45.000 UTC,1750214805.0,5790.6,31.01613,-103.48091,25,3,7,-99,6,1,0,5,11,-65,4.057,2856.6,TRUE,TRUE,FALSE,16250.4295
Jun 17 2025 22:46:46.000 UTC,1750214806.0,5684.9,31.01613,-103.48093,28,3,5,-107,-20,1,0,8,11,-65,4.053,2750.9,TRUE,TRUE,FALSE,16243.8381
Jun 17 2025 22:46:47.000 UTC,1750214807.0,5577.1,31.01615,-103.48096,28,3,19,-105,-2,1,0,2,19,-65,4.053,2643.1,TRUE,TRUE,FALSE,16234.7646
Jun 17 2025 22:46:48.000 UTC,1750214808.0,5475.5,31.01616,-103.48098,28,3,11,-107,-13,1,0,6,14,-65,4.058,2541.5,TRUE,TRUE,FALSE,16225.2774
Jun 17 2025 22:46:49.000 UTC,1750214809.0,5375.0,31.01618,-103.48101,28,3,12,-102,-47,1,0,5,15,-65,4.058,2441.0,TRUE,TRUE,FALSE,16213.4552
Jun 17 2025 22:46:50.000 UTC,1750214810.0,5266.7,31.01621,-103.48104,26,3,15,-104,-17,1,0,7,11,-65,4.057,2332.7,TRUE,TRUE,FALSE,16199.5647
Jun 17 2025 22:46:51.000 UTC,1750214811.0,5158.1,31.01623,-103.48104,28,3,9,-108,-44,1,0,2,14,-65,4.057,2224.1,TRUE,TRUE,FALSE,16195.8430
Jun 17 2025 22:46:52.000 UTC,1750214812.0,5047.2,31.01625,-103.48104,28,3,2,-108,14,1,0,5,16,-65,4.057,2113.2,TRUE,TRUE,FALSE,16192.1229
Jun 17 2025 22:46:53.000 UTC,1750214813.0,4938.1,31.01625,-103.48105,27,3,5,-108,-155,1,0,6,15,-65,4.057,2004.1,TRUE,TRUE,FALSE,16189.7872
Jun 17 2025 22:46:55.000 UTC,1750214815.0,4716.0,31.01624,-103.48110,28,3,8,-105,-85,1,0,7,15,-65,4.054,1782.0,TRUE,TRUE,FALSE,16179.2298
Jun 17 2025 22:46:56.000 UTC,1750214816.0,4609.5,31.01624,-103.48114,28,3,5,-104,-103,1,0,4,13,-65,4.055,1675.5,TRUE,TRUE,FALSE,16167.9698
Jun 17 2025 22:46:57.000 UTC,1750214817.0,4504.9,31.01624,-103.48119,28,3,12,-99,-137,1,0,7,13,-65,4.055,1570.9,TRUE,TRUE,FALSE,16156.4478
Jun 17 2025 22:46:58.000 UTC,1750214818.0,4404.9,31.01626,-103.48119,28,3,4,-104,11,1,0,2,17,-65,4.055,1470.9,TRUE,TRUE,FALSE,16151.2143
Jun 17 2025 22:46:59.000 UTC,1750214819.0,4291.8,31.01625,-103.48120,27,3,0,-127,73,1,0,0,14,-65,4.055,1357.8,TRUE,TRUE,FALSE,16150.5367
Jun 17 2025 22:47:00.000 UTC,1750214820.0,4183.2,31.01627,-103.48120,28,3,8,-89,15,1,0,0,8,-65,4.061,1249.2,TRUE,TRUE,FALSE,16146.8094
Jun 17 2025 22:47:01.000 UTC,1750214821.0,4118.0,31.01627,-103.48125,28,3,19,-66,-125,1,0,0,12,-65,4.061,1184.0,TRUE,TRUE,FALSE,16134.8749
Jun 17 2025 22:47:02.000 UTC,1750214822.0,4082.3,31.01631,-103.48125,17,3,11,-29,46,1,0,3,4,-65,4.062,1148.3,TRUE,TRUE,FALSE,16125.0856
Jun 17 2025 22:47:03.000 UTC,1750214823.0,4074.1,31.01629,-103.48127,24,3,8,-18,-110,1,0,3,13,-65,4.062,1140.1,TRUE,TRUE,FALSE,16125.8012
Jun 17 2025 22:47:04.000 UTC,1750214824.0,4053.5,31.01632,-103.48129,18,3,23,-22,7,1,0,0,11,-65,4.058,1119.5,TRUE,TRUE,FALSE,16113.4135
Jun 17 2025 22:47:05.000 UTC,1750214825.0,4041.2,31.01633,-103.48126,24,3,18,-20,131,1,0,6,11,-65,4.058,1107.2,TRUE,TRUE,FALSE,16118.1978
Jun 17 2025 22:47:06.000 UTC,1750214826.0,4030.4,31.01632,-103.48126,25,3,6,-12,-32,1,0,5,13,-65,4.06,1096.4,TRUE,TRUE,FALSE,16120.6811
Jun 17 2025 22:47:08.000 UTC,1750214828.0,4006.7,31.01631,-103.48122,24,3,20,-15,177,1,0,4,14,-65,4.052,1072.7,TRUE,TRUE,FALSE,16134.6897
Jun 17 2025 22:47:09.000 UTC,1750214829.0,3996.2,31.01629,-103.48122,25,3,0,-15,113,1,0,2,14,-65,4.052,1062.2,TRUE,TRUE,FALSE,16135.6658
Jun 17 2025 22:47:10.000 UTC,1750214830.0,3983.5,31.01629,-103.48121,26,3,10,-16,156,1,0,4,10,-65,4.06,1049.5,TRUE,TRUE,FALSE,16139.5074
Jun 17 2025 22:47:11.000 UTC,1750214831.0,3973.2,31.01625,-103.48119,27,3,12,-9,-178,1,0,6,12,-65,4.06,1039.2,TRUE,TRUE,FALSE,16152.4567
Jun 17 2025 22:47:12.000 UTC,1750214832.0,3963.1,31.01624,-103.48119,27,3,2,-16,92,1,0,5,11,-65,4.058,1029.1,TRUE,TRUE,FALSE,16154.9422
Jun 17 2025 22:47:13.000 UTC,1750214833.0,3952.8,31.01624,-103.48118,27,3,7,-12,118,1,0,6,9,-65,4.058,1018.8,TRUE,TRUE,FALSE,16160.0247
Jun 17 2025 22:47:14.000 UTC,1750214834.0,3944.2,31.01622,-103.48116,27,3,9,-13,125,1,0,7,8,-65,4.052,1010.2,TRUE,TRUE,FALSE,16169.5127
Jun 17 2025 22:47:15.000 UTC,1750214835.0,3936.1,31.01622,-103.48114,26,3,6,-10,41,1,0,5,9,-65,4.052,1002.1,TRUE,TRUE,FALSE,16173.7668
Jun 17 2025 22:47:16.000 UTC,1750214836.0,3926.1,31.01624,-103.48113,28,3,11,-13,2,1,0,5,13,-65,4.059,992.1,TRUE,TRUE,FALSE,16169.4767
Jun 17 2025 22:47:17.000 UTC,1750214837.0,3914.6,31.01628,-103.48113,27,3,14,-14,-8,1,0,6,11,-65,4.059,980.6,TRUE,TRUE,FALSE,16162.0302
Jun 17 2025 22:47:18.000 UTC,1750214838.0,3903.5,31.01632,-103.48116,26,3,20,-16,-27,1,0,6,11,-65,4.056,969.5,TRUE,TRUE,FALSE,16147.5829
Jun 17 2025 22:47:19.000 UTC,1750214839.0,3889.3,31.01637,-103.48119,27,3,26,-15,-42,1,0,6,11,-65,4.056,955.3,TRUE,TRUE,FALSE,16126.4019
Jun 17 2025 22:47:20.000 UTC,1750214840.0,3874.7,31.01642,-103.48126,27,3,28,-14,-54,1,0,6,12,-65,4.058,940.7,TRUE,TRUE,FALSE,16097.9437
Jun 17 2025 22:47:21.000 UTC,1750214841.0,3860.7,31.01646,-103.48135,27,3,31,-15,-75,1,0,5,10,-65,4.058,926.7,TRUE,TRUE,FALSE,16069.3557
Jun 17 2025 22:47:22.000 UTC,1750214842.0,3845.4,31.01647,-103.48144,27,3,29,-15,-86,1,0,7,14,-65,4.054,911.4,TRUE,TRUE,FALSE,16043.3946
Jun 17 2025 22:47:23.000 UTC,1750214843.0,3830.4,31.01647,-103.48154,27,3,28,-17,-94,1,0,8,9,-65,4.054,896.4,TRUE,TRUE,FALSE,16018.4224
Jun 17 2025 22:47:24.000 UTC,1750214844.0,3813.2,31.01646,-103.48163,28,3,33,-17,-103,1,0,6,13,-65,4.053,879.2,TRUE,TRUE,FALSE,15997.4640
Jun 17 2025 22:47:25.000 UTC,1750214845.0,3796.4,31.01643,-103.48173,28,3,29,-18,-120,1,0,7,12,-71,4.053,862.4,TRUE,TRUE,FALSE,15980.0181
Jun 17 2025 22:47:26.000 UTC,1750214846.0,3778.9,31.01639,-103.48180,28,3,28,-17,-129,1,0,5,12,-70,4.066,844.9,TRUE,TRUE,FALSE,15970.0307
Jun 17 2025 22:47:27.000 UTC,1750214847.0,3762.5,31.01633,-103.48186,26,3,26,-16,-137,1,0,5,13,-68,4.066,828.5,TRUE,TRUE,FALSE,15967.9094
Jun 17 2025 22:47:28.000 UTC,1750214848.0,3745.6,31.01628,-103.48191,28,3,24,-16,-152,1,0,7,9,-68,4.054,811.6,TRUE,TRUE,FALSE,15967.5017
Jun 17 2025 22:47:29.000 UTC,1750214849.0,3728.6,31.01622,-103.48193,28,3,22,-16,-169,1,0,7,9,-68,4.054,794.6,TRUE,TRUE,FALSE,15974.7669
Jun 17 2025 22:47:33.000 UTC,1750214853.0,3655.5,31.01611,-103.48185,27,3,11,-17,66,1,0,7,10,-66,4.064,721.5,TRUE,TRUE,FALSE,16020.0734
Jun 17 2025 22:47:34.000 UTC,1750214854.0,3637.7,31.01612,-103.48183,27,3,10,-18,4,1,0,4,15,-66,4.062,703.7,TRUE,TRUE,FALSE,16019.6869
Jun 17 2025 22:47:35.000 UTC,1750214855.0,3620.8,31.01615,-103.48183,27,3,10,-16,3,1,0,6,15,-72,4.062,686.8,TRUE,TRUE,FALSE,16013.3945
Jun 17 2025 22:47:37.000 UTC,1750214857.0,3589.7,31.01623,-103.48184,26,3,13,-14,-13,1,0,6,9,-72,4.058,655.7,TRUE,TRUE,FALSE,15995.1458
Jun 17 2025 22:47:38.000 UTC,1750214858.0,3576.2,31.01626,-103.48184,26,3,9,-13,-1,1,0,6,9,-72,4.058,642.2,TRUE,TRUE,FALSE,15988.8683
Jun 17 2025 22:47:39.000 UTC,1750214859.0,3561.8,31.01628,-103.48183,27,3,6,-16,10,1,0,5,12,-72,4.068,627.8,TRUE,TRUE,FALSE,15986.1776
Jun 17 2025 22:47:40.000 UTC,1750214860.0,3547.4,31.01628,-103.48182,27,3,7,-16,82,1,0,6,10,-72,4.068,613.4,TRUE,TRUE,FALSE,15988.3262
Jun 17 2025 22:47:41.000 UTC,1750214861.0,3530.6,31.01627,-103.48180,28,3,10,-16,126,1,0,6,13,-72,4.058,596.6,TRUE,TRUE,FALSE,15996.9833
Jun 17 2025 22:47:42.000 UTC,1750214862.0,3513.4,31.01624,-103.48177,28,3,17,-18,154,1,0,6,13,-72,4.058,579.4,TRUE,TRUE,FALSE,16011.7304
Jun 17 2025 22:47:43.000 UTC,1750214863.0,3494.1,31.01619,-103.48176,26,3,21,-19,177,1,0,8,8,-72,4.061,560.1,TRUE,TRUE,FALSE,16025.3518
Jun 17 2025 22:47:44.000 UTC,1750214864.0,3476.2,31.01613,-103.48177,25,3,20,-15,-156,1,0,4,12,-72,4.061,542.2,TRUE,TRUE,FALSE,16033.6822
Jun 17 2025 22:47:45.000 UTC,1750214865.0,3459.8,31.01607,-103.48180,27,3,24,-15,-167,1,0,3,14,-72,4.058,525.8,TRUE,TRUE,FALSE,16041.8095
Jun 17 2025 22:47:46.000 UTC,1750214866.0,3442.9,31.01600,-103.48183,27,3,25,-16,-150,1,0,6,12,-69,4.058,508.9,TRUE,TRUE,FALSE,16048.4864
Jun 17 2025 22:47:47.000 UTC,1750214867.0,3426.4,31.01594,-103.48187,27,3,27,-12,-143,1,0,5,12,-68,4.059,492.4,TRUE,TRUE,FALSE,16050.1345
Jun 17 2025 22:47:48.000 UTC,1750214868.0,3412.0,31.01589,-103.48190,28,3,19,-15,-164,1,0,6,17,-68,4.059,478.0,TRUE,TRUE,FALSE,16054.3538
Jun 17 2025 22:47:49.000 UTC,1750214869.0,3397.3,31.01585,-103.48193,28,3,17,-14,-138,1,0,6,11,-68,4.058,463.3,TRUE,TRUE,FALSE,16056.0626
Jun 17 2025 22:47:50.000 UTC,1750214870.0,3383.6,31.01581,-103.48198,26,3,19,-13,-133,1,0,6,9,-68,4.058,449.6,TRUE,TRUE,FALSE,16053.5769
Jun 17 2025 22:47:51.000 UTC,1750214871.0,3370.4,31.01578,-103.48203,26,3,13,-15,-130,1,0,6,10,-68,4.065,436.4,TRUE,TRUE,FALSE,16049.4193
Jun 17 2025 22:47:52.000 UTC,1750214872.0,3354.4,31.01577,-103.48206,26,3,16,-18,-80,1,0,6,11,-69,4.065,420.4,TRUE,TRUE,FALSE,16041.2264
Jun 17 2025 22:47:54.000 UTC,1750214874.0,3315.9,31.01582,-103.48214,26,3,12,-22,-17,1,0,6,13,-69,4.071,381.9,TRUE,TRUE,FALSE,16011.6800
Jun 17 2025 22:47:55.000 UTC,1750214875.0,3294.7,31.01585,-103.48215,27,3,18,-22,-5,1,0,9,8,-69,4.065,360.7,TRUE,TRUE,FALSE,16001.7199
Jun 17 2025 22:47:56.000 UTC,1750214876.0,3273.7,31.01590,-103.48214,25,3,15,-19,24,1,0,8,10,-69,4.065,339.7,TRUE,TRUE,FALSE,15993.8583
Jun 17 2025 22:47:57.000 UTC,1750214877.0,3254.8,31.01593,-103.48210,26,3,15,-19,72,1,0,7,9,-69,4.055,320.8,TRUE,TRUE,FALSE,15996.9815
Jun 17 2025 22:47:58.000 UTC,1750214878.0,3235.2,31.01593,-103.48206,26,3,12,-18,98,1,0,7,11,-73,4.055,301.2,TRUE,TRUE,FALSE,16007.9388
Jun 17 2025 22:47:59.000 UTC,1750214879.0,3215.9,31.01591,-103.48202,24,3,19,-21,135,1,0,7,11,-73,4.064,281.9,TRUE,TRUE,FALSE,16022.5016
Jun 17 2025 22:48:00.000 UTC,1750214880.0,3195.6,31.01586,-103.48199,24,3,19,-19,174,1,0,7,9,-73,4.064,261.6,TRUE,TRUE,FALSE,16038.7723
Jun 17 2025 22:48:01.000 UTC,1750214881.0,3174.7,31.01581,-103.48202,24,3,18,-20,-148,1,0,6,12,-73,4.065,240.7,TRUE,TRUE,FALSE,16042.8299
Jun 17 2025 22:48:02.000 UTC,1750214882.0,3154.2,31.01577,-103.48206,25,3,21,-18,-131,1,0,7,12,-73,4.065,220.2,TRUE,TRUE,FALSE,16041.2264
Jun 17 2025 22:48:03.000 UTC,1750214883.0,3134.4,31.01575,-103.48212,25,3,22,-20,-97,1,0,7,11,-73,4.065,200.4,TRUE,TRUE,FALSE,16033.0815
Jun 17 2025 22:48:04.000 UTC,1750214884.0,3111.2,31.01576,-103.48217,27,3,14,-23,-62,1,0,6,13,-73,4.065,177.2,TRUE,TRUE,FALSE,16016.8662
Jun 17 2025 22:48:05.000 UTC,1750214885.0,3090.4,31.01579,-103.48220,28,3,13,-20,-17,1,0,11,9,-73,4.067,156.4,TRUE,TRUE,FALSE,16003.3462
Jun 17 2025 22:48:06.000 UTC,1750214886.0,3069.4,31.01583,-103.48220,28,3,15,-23,11,1,0,9,10,-73,4.067,135.4,TRUE,TRUE,FALSE,15994.8413
Jun 17 2025 22:48:07.000 UTC,1750214887.0,3047.5,31.01586,-103.48218,26,3,14,-22,40,1,0,7,12,-73,4.059,113.5,TRUE,TRUE,FALSE,15992.8726
Jun 17 2025 22:48:08.000 UTC,1750214888.0,3026.2,31.01588,-103.48214,27,3,16,-21,76,1,0,7,12,-73,4.059,92.2,TRUE,TRUE,FALSE,15997.6744
Jun 17 2025 22:48:09.000 UTC,1750214889.0,3004.9,31.01589,-103.48209,27,3,17,-17,97,1,0,3,16,-73,4.059,70.9,TRUE,TRUE,FALSE,16007.3486
Jun 17 2025 22:48:10.000 UTC,1750214890.0,2991.2,31.01587,-103.48204,28,3,17,-10,131,1,0,4,14,-73,4.059,57.2,TRUE,TRUE,FALSE,16024.0076
Jun 17 2025 22:48:11.000 UTC,1750214891.0,2981.1,31.01584,-103.48202,25,3,8,-13,-138,1,0,11,10,-73,4.058,47.1,TRUE,TRUE,FALSE,16036.0489
Jun 17 2025 22:48:12.000 UTC,1750214892.0,2977.3,31.01584,-103.48203,28,3,0,-1,-17,1,0,11,10,-73,4.058,43.3,TRUE,TRUE,TRUE,16034.1534
Jun 17 2025 22:48:14.000 UTC,1750214894.0,2978.7,31.01585,-103.48203,28,3,0,0,-113,1,0,12,11,-73,4.065,44.7,TRUE,TRUE,TRUE,16033.3060
Jun 17 2025 22:48:15.000 UTC,1750214895.0,2979.1,31.01585,-103.48203,28,3,0,0,174,1,0,12,11,-73,4.071,45.1,TRUE,TRUE,TRUE,16033.3060
Jun 17 2025 22:48:15.000 UTC,1750214895.0,2979.1,31.01583,-103.48203,28,3,0,0,174,1,0,12,11,-73,4.071,45.1,TRUE,TRUE,TRUE,16036.6960
